INFO-FLOW: Workspace C:/ecg_hls/ecg_classifier_ip/solution1 opened at Sat Apr 04 10:43:51 +0530 2026
Execute     ap_set_clock -name default -period 13 -default=false 
INFO: [SYN 201-201] Setting up clock 'default' with a period of 13ns.
Execute     set_part xc7z030-sbg485-2 
Execute       create_platform xc7z030-sbg485-2 -board  
DBG:HLSDevice: Trying to load device library: C:/Xilinx/Vitis_HLS/2022.2\lib\win64.o\xv_hlsvwrap.dll
DBG:HLSDevice: first parts/arch.xml in RDI_DATADIR: C:/Xilinx/Vivado/2022.2/data/parts/arch.xml
DBG:HLSDevice: init success
INFO: [HLS 200-1611] Setting target device to 'xc7z030-sbg485-2'
Command       create_platform done; 1.295 sec.
Execute       source C:/Xilinx/Vitis_HLS/2022.2/common/technology/xilinx/common/xilinx.gen 
Execute         source C:/Xilinx/Vitis_HLS/2022.2/common/technology/xilinx/interface/plb46.gen 
Execute         source C:/Xilinx/Vitis_HLS/2022.2/common/technology/xilinx/interface/axi4.gen 
Execute         source C:/Xilinx/Vitis_HLS/2022.2/common/technology/xilinx/interface/nativeAXI4.gen 
Execute           source C:/Xilinx/Vitis_HLS/2022.2/common/technology/xilinx/interface/saxilite.gen 
Execute         source C:/Xilinx/Vitis_HLS/2022.2/common/technology/xilinx/scripts/xilinxcoregen.gen 
Execute         source C:/Xilinx/Vitis_HLS/2022.2/common/technology/xilinx/interface/XilEDKCoreGen.gen 
Execute         source C:/Xilinx/Vitis_HLS/2022.2/common/technology/xilinx/ip/dds_compiler.gen 
Execute         source C:/Xilinx/Vitis_HLS/2022.2/common/technology/xilinx/ip/util.gen 
Execute         source C:/Xilinx/Vitis_HLS/2022.2/common/technology/xilinx/ip/xfft.gen 
Command         ap_source done; 0.116 sec.
Execute         source C:/Xilinx/Vitis_HLS/2022.2/common/technology/xilinx/ip/xfir.gen 
Execute         source C:/Xilinx/Vitis_HLS/2022.2/common/technology/xilinx/DSP48/dsp48.gen 
Command       ap_source done; 0.156 sec.
Execute       ap_part_info -name xc7z030-sbg485-2 -data info 
Execute       config_compile -quiet -complex-mul-dsp=0 
Command     set_part done; 1.48 sec.
Execute     send_msg_by_id INFO @200-1505@%s%s  vivado 
INFO: [HLS 200-1505] Using flow_target 'vivado'
Command   open_solution done; 1.686 sec.
Execute   set_part xc7z030-sbg485-2 
INFO: [HLS 200-1510] Running: set_part xc7z030-sbg485-2 
Execute     create_platform xc7z030-sbg485-2 -board  
Execute     source C:/Xilinx/Vitis_HLS/2022.2/common/technology/xilinx/common/xilinx.gen 
Execute       source C:/Xilinx/Vitis_HLS/2022.2/common/technology/xilinx/interface/plb46.gen 
Execute       source C:/Xilinx/Vitis_HLS/2022.2/common/technology/xilinx/interface/axi4.gen 
Execute       source C:/Xilinx/Vitis_HLS/2022.2/common/technology/xilinx/interface/nativeAXI4.gen 
Execute         source C:/Xilinx/Vitis_HLS/2022.2/common/technology/xilinx/interface/saxilite.gen 
Execute       source C:/Xilinx/Vitis_HLS/2022.2/common/technology/xilinx/scripts/xilinxcoregen.gen 
Execute       source C:/Xilinx/Vitis_HLS/2022.2/common/technology/xilinx/interface/XilEDKCoreGen.gen 
Execute       source C:/Xilinx/Vitis_HLS/2022.2/common/technology/xilinx/ip/dds_compiler.gen 
Execute       source C:/Xilinx/Vitis_HLS/2022.2/common/technology/xilinx/ip/util.gen 
Execute       source C:/Xilinx/Vitis_HLS/2022.2/common/technology/xilinx/ip/xfft.gen 
Execute       source C:/Xilinx/Vitis_HLS/2022.2/common/technology/xilinx/ip/xfir.gen 
Execute       source C:/Xilinx/Vitis_HLS/2022.2/common/technology/xilinx/DSP48/dsp48.gen 
Command     ap_source done; 0.141 sec.
Execute     ap_part_info -name xc7z030-sbg485-2 -data info 
Execute     config_compile -quiet -complex-mul-dsp=0 
Command   set_part done; 0.194 sec.
Execute   create_clock -period 13 -name default 
INFO: [HLS 200-1510] Running: create_clock -period 13 -name default 
Execute   source ./ecg_classifier_ip/solution1/directives.tcl 
INFO: [HLS 200-1510] Running: source ./ecg_classifier_ip/solution1/directives.tcl
Execute     set_directive_top -name ecg_classifier ecg_classifier 
INFO: [HLS 200-1510] Running: set_directive_top -name ecg_classifier ecg_classifier 
Execute   csynth_design 
INFO: [HLS 200-1510] Running: csynth_design 
Execute     elaborate -effort=medium -skip_syncheck=0 -keep_printf=0 -skip_cdt=0 -skip_transform=0 -ng=0 -g=0 -opt_fp=0 -from_csynth_design=1 
INFO: [HLS 200-111] Finished File checks and directory preparation: CPU user time: 0 seconds. CPU system time: 0 seconds. Elapsed time: 10.122 seconds; current allocated memory: 108.637 MB.
INFO: [HLS 200-10] Analyzing design file 'src/ecg_classifier.cpp' ... 
INFO-FLOW: Compiling one TU...
INFO-FLOW: Handling src/ecg_classifier.cpp as C++
Execute       ap_part_info -name xc7z030-sbg485-2 -data info 
INFO-FLOW: Running: GCC PP 39
INFO-FLOW: Source preprocessing
Execute       ap_eval exec -ignorestderr C:/Xilinx/Vitis_HLS/2022.2/win64/tools/clang-3.9-csynth/bin/clang src/ecg_classifier.cpp -foptimization-record-file=C:/ecg_hls/ecg_classifier_ip/solution1/.autopilot/db/ecg_classifier.cpp.clang.diag.yml -mllvm -pass-remarks-missed=reflow|pasta|unroll -mllvm -pass-remarks=reflow|pasta|unroll|inline -fno-limit-debug-info --sysroot C:/Xilinx/Vitis_HLS/2022.2/tps/mingw/8.3.0/win64.o/nt -fhls -fno-exceptions -E -IC:/ecg_hls/include -fno-math-errno -c -emit-llvm -mllvm -disable-llvm-optzns -Werror=implicit-function-declaration -Werror=implicit-hls-streams -Werror=return-type -Wpragmas -Wunused-parameter -Wdump-hls-pragmas -Wno-error=dump-hls-pragmas -fno-threadsafe-statics -fno-use-cxa-atexit -std=gnu++14 -target fpga64-xilinx-mingw32 -fno-threadsafe-statics -fno-use-cxa-atexit -D__VITIS_HLS__ -DAESL_SYN -D__SYNTHESIS__ -D__HLS_SYN__ -I C:/Xilinx/Vitis_HLS/2022.2/common/technology/autopilot -I C:/Xilinx/Vitis_HLS/2022.2/common/technology/autopilot/ap_sysc -include etc/autopilot_ssdm_op.h -D__DSP48E1__ -I /usr/include/x86_64-linux-gnu -o C:/ecg_hls/ecg_classifier_ip/solution1/.autopilot/db/ecg_classifier.pp.0.cpp {-hls-platform-db-name=C:/Xilinx/Vitis_HLS/2022.2/common/technology\xilinx/common/platform.db} -hls-platform-name=zynq_medium -device-resource-info=BRAM_530.000000_DSP_400.000000_FF_157200.000000_LUT_78600.000000_SLICE_19650.000000_URAM_0.000000 -device-name-info=xc7z030sbg485-2 > C:/ecg_hls/ecg_classifier_ip/solution1/.autopilot/db/ecg_classifier.cpp.clang.out.log 2> C:/ecg_hls/ecg_classifier_ip/solution1/.autopilot/db/ecg_classifier.cpp.clang.err.log 
Command       ap_eval done; 0.567 sec.
INFO-FLOW: Done: GCC PP 39 time: 0.6 seconds per iteration
Execute       set_directive_top ecg_classifier -name=ecg_classifier 
Execute       source C:/Xilinx/Vitis_HLS/2022.2/tps/tcl/tcllib1.11.1/yaml/huddle.tcl 
Execute       source C:/Xilinx/Vitis_HLS/2022.2/tps/tcl/tcllib1.11.1/yaml/json2huddle.tcl 
INFO-FLOW: Source syntax check for synthesis
Execute       ap_eval exec -ignorestderr C:/Xilinx/Vitis_HLS/2022.2/win64/tools/clang-3.9-csynth/bin/clang -foptimization-record-file=C:/ecg_hls/ecg_classifier_ip/solution1/.autopilot/db/clang.diag.yml -mllvm -pass-remarks-missed=reflow|pasta|unroll -mllvm -pass-remarks=reflow|pasta|unroll|inline -fsyntax-only -fhls -target fpga64-xilinx-linux-gnu C:/ecg_hls/ecg_classifier_ip/solution1/.autopilot/db/ecg_classifier.pp.0.cpp {-hls-platform-db-name=C:/Xilinx/Vitis_HLS/2022.2/common/technology\xilinx/common/platform.db} -hls-platform-name=zynq_medium -device-resource-info=BRAM_530.000000_DSP_400.000000_FF_157200.000000_LUT_78600.000000_SLICE_19650.000000_URAM_0.000000 -device-name-info=xc7z030sbg485-2 > C:/ecg_hls/ecg_classifier_ip/solution1/.autopilot/db/clang.out.log 2> C:/ecg_hls/ecg_classifier_ip/solution1/.autopilot/db/clang.err.log 
Command       ap_eval done; 6.326 sec.
Execute       clang_tidy xilinx-systemc-detector -desc systemc-detector C:/ecg_hls/ecg_classifier_ip/solution1/.autopilot/db/ecg_classifier.pp.0.cpp std=gnu++14 -target fpga  -directive=C:/ecg_hls/ecg_classifier_ip/solution1/.autopilot/db/.systemc_flag 
INFO-FLOW: exec C:/Xilinx/Vitis_HLS/2022.2/win64/tools/clang-3.9-csynth/bin/clang-tidy -header-filter=.* --checks=-*,xilinx-systemc-detector -import-directive=C:/ecg_hls/ecg_classifier_ip/solution1/.autopilot/db/.systemc_flag -fix-errors C:/ecg_hls/ecg_classifier_ip/solution1/.autopilot/db/ecg_classifier.pp.0.cpp -- -std=gnu++14 -target fpga -fhls -ferror-limit=0
Command       clang_tidy done; 7.456 sec.
INFO-FLOW: Running: clang-tidy CDT preprocess 39
Execute       clang_tidy xilinx-directive2pragma -desc directive2pragma C:/ecg_hls/ecg_classifier_ip/solution1/.autopilot/db/ecg_classifier.pp.0.cpp std=gnu++14 -target fpga  -directive=C:/ecg_hls/ecg_classifier_ip/solution1/.autopilot/db/all.directive.json 
INFO-FLOW: exec C:/Xilinx/Vitis_HLS/2022.2/win64/tools/clang-3.9-csynth/bin/clang-tidy -header-filter=.* --checks=-*,xilinx-directive2pragma -import-directive=C:/ecg_hls/ecg_classifier_ip/solution1/.autopilot/db/all.directive.json -fix-errors C:/ecg_hls/ecg_classifier_ip/solution1/.autopilot/db/ecg_classifier.pp.0.cpp -- -std=gnu++14 -target fpga -fhls -ferror-limit=0
Command       clang_tidy done; 6.548 sec.
Execute       clang_tidy xilinx-remove-assert -desc remove-assert C:/ecg_hls/ecg_classifier_ip/solution1/.autopilot/db/ecg_classifier.pp.0.cpp std=gnu++14 -target fpga  
INFO-FLOW: exec C:/Xilinx/Vitis_HLS/2022.2/win64/tools/clang-3.9-csynth/bin/clang-tidy -header-filter=.* --checks=-*,xilinx-remove-assert -fix-errors C:/ecg_hls/ecg_classifier_ip/solution1/.autopilot/db/ecg_classifier.pp.0.cpp -- -std=gnu++14 -target fpga -fhls -ferror-limit=0
Command       clang_tidy done; 5.694 sec.
INFO-FLOW: Done: clang-tidy CDT preprocess 39 time: 12.2 seconds per iteration
INFO-FLOW: Calling xilinx-label-all-loops ... 
INFO-FLOW: Calling xilinx-aggregate-on-hls-vector ... 
Execute       clang_tidy -errorcheck -desc loop-label xilinx-label-all-loops,xilinx-aggregate-on-hls-vector,,xilinx-warn-mayneed-no-ctor-attribute C:/ecg_hls/ecg_classifier_ip/solution1/.autopilot/db/ecg_classifier.pp.0.cpp std=gnu++14 -target fpga  
Execute         ap_eval exec -ignorestderr C:/Xilinx/Vitis_HLS/2022.2/win64/tools/clang-3.9-csynth/bin/clang-tidy -export-fixes=C:/ecg_hls/ecg_classifier_ip/solution1/.autopilot/db/ecg_classifier.pp.0.cpp.clang-tidy.loop-label.diag.yml -header-filter=.* --checks=-*,xilinx-label-all-loops,xilinx-aggregate-on-hls-vector,,xilinx-warn-mayneed-no-ctor-attribute -fix-errors C:/ecg_hls/ecg_classifier_ip/solution1/.autopilot/db/ecg_classifier.pp.0.cpp -- -std=gnu++14 -target fpga -fhls -ferror-limit=0 > C:/ecg_hls/ecg_classifier_ip/solution1/.autopilot/db/ecg_classifier.pp.0.cpp.clang-tidy.loop-label.out.log 2> C:/ecg_hls/ecg_classifier_ip/solution1/.autopilot/db/ecg_classifier.pp.0.cpp.clang-tidy.loop-label.err.log 
Command         ap_eval done; 9.367 sec.
Execute         source C:/Xilinx/Vitis_HLS/2022.2/tps/tcl/tcllib1.11.1/yaml/yaml.tcl 
Command       clang_tidy done; 10.186 sec.
Execute       ap_eval exec -ignorestderr C:/Xilinx/Vitis_HLS/2022.2/win64/tools/clang-3.9-csynth/bin/xilinx-dataflow-lawyer -export-fixes=C:/ecg_hls/ecg_classifier_ip/solution1/.autopilot/db/ecg_classifier.pp.0.cpp.xilinx-dataflow-lawyer.diag.yml C:/ecg_hls/ecg_classifier_ip/solution1/.autopilot/db/ecg_classifier.pp.0.cpp -- -std=gnu++14 -target fpga -fhls -ferror-limit=0 -fstrict-dataflow > C:/ecg_hls/ecg_classifier_ip/solution1/.autopilot/db/ecg_classifier.pp.0.cpp.xilinx-dataflow-lawyer.out.log 2> C:/ecg_hls/ecg_classifier_ip/solution1/.autopilot/db/ecg_classifier.pp.0.cpp.xilinx-dataflow-lawyer.err.log 
Command       ap_eval done; 5.314 sec.
Execute       ap_part_info -name xc7z030-sbg485-2 -data info 
INFO-FLOW: compiling source code to llvm bc
Execute       ap_eval exec -ignorestderr C:/Xilinx/Vitis_HLS/2022.2/win64/tools/clang-3.9-csynth/bin/clang -foptimization-record-file=C:/ecg_hls/ecg_classifier_ip/solution1/.autopilot/db/ecg_classifier.pp.0.cpp.clang.diag.yml -mllvm -pass-remarks-missed=reflow|pasta|unroll -mllvm -pass-remarks=reflow|pasta|unroll|inline -fno-limit-debug-info -fhls -flto -fno-exceptions -Wno-error=c++11-narrowing C:/ecg_hls/ecg_classifier_ip/solution1/.autopilot/db/ecg_classifier.pp.0.cpp -IC:/ecg_hls/include -fno-math-errno -c -emit-llvm -mllvm -disable-llvm-optzns -Werror=implicit-function-declaration -Werror=implicit-hls-streams -Werror=return-type -Wpragmas -Wunused-parameter -Wdump-hls-pragmas -Wno-error=dump-hls-pragmas -fno-threadsafe-statics -fno-use-cxa-atexit -std=gnu++14 -target fpga64-xilinx-linux-gnu -D__VITIS_HLS__ -DAESL_SYN -D__SYNTHESIS__ -D__HLS_SYN__ -I C:/Xilinx/Vitis_HLS/2022.2/common/technology/autopilot -I C:/Xilinx/Vitis_HLS/2022.2/common/technology/autopilot/ap_sysc -include etc/autopilot_ssdm_op.h -D__DSP48E1__ -g -o C:/ecg_hls/ecg_classifier_ip/solution1/.autopilot/db/ecg_classifier.bc {-hls-platform-db-name=C:/Xilinx/Vitis_HLS/2022.2/common/technology\xilinx/common/platform.db} -hls-platform-name=zynq_medium -device-resource-info=BRAM_530.000000_DSP_400.000000_FF_157200.000000_LUT_78600.000000_SLICE_19650.000000_URAM_0.000000 -device-name-info=xc7z030sbg485-2 > C:/ecg_hls/ecg_classifier_ip/solution1/.autopilot/db/ecg_classifier.pp.0.cpp.clang.out.log 2> C:/ecg_hls/ecg_classifier_ip/solution1/.autopilot/db/ecg_classifier.pp.0.cpp.clang.err.log 
Command       ap_eval done; 6.41 sec.
INFO: [HLS 200-10] Analyzing design file 'src/weights_clf_L0_W.cpp' ... 
INFO-FLOW: Compiling one TU...
INFO-FLOW: Handling src/weights_clf_L0_W.cpp as C++
Execute       ap_part_info -name xc7z030-sbg485-2 -data info 
INFO-FLOW: Running: GCC PP 39
INFO-FLOW: Source preprocessing
Execute       ap_eval exec -ignorestderr C:/Xilinx/Vitis_HLS/2022.2/win64/tools/clang-3.9-csynth/bin/clang src/weights_clf_L0_W.cpp -foptimization-record-file=C:/ecg_hls/ecg_classifier_ip/solution1/.autopilot/db/weights_clf_L0_W.cpp.clang.diag.yml -mllvm -pass-remarks-missed=reflow|pasta|unroll -mllvm -pass-remarks=reflow|pasta|unroll|inline -fno-limit-debug-info --sysroot C:/Xilinx/Vitis_HLS/2022.2/tps/mingw/8.3.0/win64.o/nt -fhls -fno-exceptions -E -IC:/ecg_hls/include -fno-math-errno -c -emit-llvm -mllvm -disable-llvm-optzns -Werror=implicit-function-declaration -Werror=implicit-hls-streams -Werror=return-type -Wpragmas -Wunused-parameter -Wdump-hls-pragmas -Wno-error=dump-hls-pragmas -fno-threadsafe-statics -fno-use-cxa-atexit -std=gnu++14 -target fpga64-xilinx-mingw32 -fno-threadsafe-statics -fno-use-cxa-atexit -D__VITIS_HLS__ -DAESL_SYN -D__SYNTHESIS__ -D__HLS_SYN__ -I C:/Xilinx/Vitis_HLS/2022.2/common/technology/autopilot -I C:/Xilinx/Vitis_HLS/2022.2/common/technology/autopilot/ap_sysc -include etc/autopilot_ssdm_op.h -D__DSP48E1__ -I /usr/include/x86_64-linux-gnu -o C:/ecg_hls/ecg_classifier_ip/solution1/.autopilot/db/weights_clf_L0_W.pp.0.cpp {-hls-platform-db-name=C:/Xilinx/Vitis_HLS/2022.2/common/technology\xilinx/common/platform.db} -hls-platform-name=zynq_medium -device-resource-info=BRAM_530.000000_DSP_400.000000_FF_157200.000000_LUT_78600.000000_SLICE_19650.000000_URAM_0.000000 -device-name-info=xc7z030sbg485-2 > C:/ecg_hls/ecg_classifier_ip/solution1/.autopilot/db/weights_clf_L0_W.cpp.clang.out.log 2> C:/ecg_hls/ecg_classifier_ip/solution1/.autopilot/db/weights_clf_L0_W.cpp.clang.err.log 
Command       ap_eval done; 0.426 sec.
INFO-FLOW: Done: GCC PP 39 time: 0.4 seconds per iteration
Execute       set_directive_top ecg_classifier -name=ecg_classifier 
INFO-FLOW: Source syntax check for synthesis
Execute       ap_eval exec -ignorestderr C:/Xilinx/Vitis_HLS/2022.2/win64/tools/clang-3.9-csynth/bin/clang -foptimization-record-file=C:/ecg_hls/ecg_classifier_ip/solution1/.autopilot/db/clang.diag.yml -mllvm -pass-remarks-missed=reflow|pasta|unroll -mllvm -pass-remarks=reflow|pasta|unroll|inline -fsyntax-only -fhls -target fpga64-xilinx-linux-gnu C:/ecg_hls/ecg_classifier_ip/solution1/.autopilot/db/weights_clf_L0_W.pp.0.cpp {-hls-platform-db-name=C:/Xilinx/Vitis_HLS/2022.2/common/technology\xilinx/common/platform.db} -hls-platform-name=zynq_medium -device-resource-info=BRAM_530.000000_DSP_400.000000_FF_157200.000000_LUT_78600.000000_SLICE_19650.000000_URAM_0.000000 -device-name-info=xc7z030sbg485-2 > C:/ecg_hls/ecg_classifier_ip/solution1/.autopilot/db/clang.out.log 2> C:/ecg_hls/ecg_classifier_ip/solution1/.autopilot/db/clang.err.log 
Command       ap_eval done; 1.315 sec.
Execute       clang_tidy xilinx-systemc-detector -desc systemc-detector C:/ecg_hls/ecg_classifier_ip/solution1/.autopilot/db/weights_clf_L0_W.pp.0.cpp std=gnu++14 -target fpga  -directive=C:/ecg_hls/ecg_classifier_ip/solution1/.autopilot/db/.systemc_flag 
INFO-FLOW: exec C:/Xilinx/Vitis_HLS/2022.2/win64/tools/clang-3.9-csynth/bin/clang-tidy -header-filter=.* --checks=-*,xilinx-systemc-detector -import-directive=C:/ecg_hls/ecg_classifier_ip/solution1/.autopilot/db/.systemc_flag -fix-errors C:/ecg_hls/ecg_classifier_ip/solution1/.autopilot/db/weights_clf_L0_W.pp.0.cpp -- -std=gnu++14 -target fpga -fhls -ferror-limit=0
Command       clang_tidy done; 0.746 sec.
INFO-FLOW: Running: clang-tidy CDT preprocess 39
Execute       clang_tidy xilinx-directive2pragma -desc directive2pragma C:/ecg_hls/ecg_classifier_ip/solution1/.autopilot/db/weights_clf_L0_W.pp.0.cpp std=gnu++14 -target fpga  -directive=C:/ecg_hls/ecg_classifier_ip/solution1/.autopilot/db/all.directive.json 
INFO-FLOW: exec C:/Xilinx/Vitis_HLS/2022.2/win64/tools/clang-3.9-csynth/bin/clang-tidy -header-filter=.* --checks=-*,xilinx-directive2pragma -import-directive=C:/ecg_hls/ecg_classifier_ip/solution1/.autopilot/db/all.directive.json -fix-errors C:/ecg_hls/ecg_classifier_ip/solution1/.autopilot/db/weights_clf_L0_W.pp.0.cpp -- -std=gnu++14 -target fpga -fhls -ferror-limit=0
Command       clang_tidy done; 0.916 sec.
Execute       clang_tidy xilinx-remove-assert -desc remove-assert C:/ecg_hls/ecg_classifier_ip/solution1/.autopilot/db/weights_clf_L0_W.pp.0.cpp std=gnu++14 -target fpga  
INFO-FLOW: exec C:/Xilinx/Vitis_HLS/2022.2/win64/tools/clang-3.9-csynth/bin/clang-tidy -header-filter=.* --checks=-*,xilinx-remove-assert -fix-errors C:/ecg_hls/ecg_classifier_ip/solution1/.autopilot/db/weights_clf_L0_W.pp.0.cpp -- -std=gnu++14 -target fpga -fhls -ferror-limit=0
Command       clang_tidy done; 1.088 sec.
INFO-FLOW: Done: clang-tidy CDT preprocess 39 time: 2 seconds per iteration
INFO-FLOW: Calling xilinx-label-all-loops ... 
INFO-FLOW: Calling xilinx-aggregate-on-hls-vector ... 
Execute       clang_tidy -errorcheck -desc loop-label xilinx-label-all-loops,xilinx-aggregate-on-hls-vector,,xilinx-warn-mayneed-no-ctor-attribute C:/ecg_hls/ecg_classifier_ip/solution1/.autopilot/db/weights_clf_L0_W.pp.0.cpp std=gnu++14 -target fpga  
Execute         ap_eval exec -ignorestderr C:/Xilinx/Vitis_HLS/2022.2/win64/tools/clang-3.9-csynth/bin/clang-tidy -export-fixes=C:/ecg_hls/ecg_classifier_ip/solution1/.autopilot/db/weights_clf_L0_W.pp.0.cpp.clang-tidy.loop-label.diag.yml -header-filter=.* --checks=-*,xilinx-label-all-loops,xilinx-aggregate-on-hls-vector,,xilinx-warn-mayneed-no-ctor-attribute -fix-errors C:/ecg_hls/ecg_classifier_ip/solution1/.autopilot/db/weights_clf_L0_W.pp.0.cpp -- -std=gnu++14 -target fpga -fhls -ferror-limit=0 > C:/ecg_hls/ecg_classifier_ip/solution1/.autopilot/db/weights_clf_L0_W.pp.0.cpp.clang-tidy.loop-label.out.log 2> C:/ecg_hls/ecg_classifier_ip/solution1/.autopilot/db/weights_clf_L0_W.pp.0.cpp.clang-tidy.loop-label.err.log 
Command         ap_eval done; 1.651 sec.
Command       clang_tidy done; 1.683 sec.
Execute       ap_eval exec -ignorestderr C:/Xilinx/Vitis_HLS/2022.2/win64/tools/clang-3.9-csynth/bin/xilinx-dataflow-lawyer -export-fixes=C:/ecg_hls/ecg_classifier_ip/solution1/.autopilot/db/weights_clf_L0_W.pp.0.cpp.xilinx-dataflow-lawyer.diag.yml C:/ecg_hls/ecg_classifier_ip/solution1/.autopilot/db/weights_clf_L0_W.pp.0.cpp -- -std=gnu++14 -target fpga -fhls -ferror-limit=0 -fstrict-dataflow > C:/ecg_hls/ecg_classifier_ip/solution1/.autopilot/db/weights_clf_L0_W.pp.0.cpp.xilinx-dataflow-lawyer.out.log 2> C:/ecg_hls/ecg_classifier_ip/solution1/.autopilot/db/weights_clf_L0_W.pp.0.cpp.xilinx-dataflow-lawyer.err.log 
Command       ap_eval done; 0.81 sec.
Execute       ap_part_info -name xc7z030-sbg485-2 -data info 
INFO-FLOW: compiling source code to llvm bc
Execute       ap_eval exec -ignorestderr C:/Xilinx/Vitis_HLS/2022.2/win64/tools/clang-3.9-csynth/bin/clang -foptimization-record-file=C:/ecg_hls/ecg_classifier_ip/solution1/.autopilot/db/weights_clf_L0_W.pp.0.cpp.clang.diag.yml -mllvm -pass-remarks-missed=reflow|pasta|unroll -mllvm -pass-remarks=reflow|pasta|unroll|inline -fno-limit-debug-info -fhls -flto -fno-exceptions -Wno-error=c++11-narrowing C:/ecg_hls/ecg_classifier_ip/solution1/.autopilot/db/weights_clf_L0_W.pp.0.cpp -IC:/ecg_hls/include -fno-math-errno -c -emit-llvm -mllvm -disable-llvm-optzns -Werror=implicit-function-declaration -Werror=implicit-hls-streams -Werror=return-type -Wpragmas -Wunused-parameter -Wdump-hls-pragmas -Wno-error=dump-hls-pragmas -fno-threadsafe-statics -fno-use-cxa-atexit -std=gnu++14 -target fpga64-xilinx-linux-gnu -D__VITIS_HLS__ -DAESL_SYN -D__SYNTHESIS__ -D__HLS_SYN__ -I C:/Xilinx/Vitis_HLS/2022.2/common/technology/autopilot -I C:/Xilinx/Vitis_HLS/2022.2/common/technology/autopilot/ap_sysc -include etc/autopilot_ssdm_op.h -D__DSP48E1__ -g -o C:/ecg_hls/ecg_classifier_ip/solution1/.autopilot/db/weights_clf_L0_W.bc {-hls-platform-db-name=C:/Xilinx/Vitis_HLS/2022.2/common/technology\xilinx/common/platform.db} -hls-platform-name=zynq_medium -device-resource-info=BRAM_530.000000_DSP_400.000000_FF_157200.000000_LUT_78600.000000_SLICE_19650.000000_URAM_0.000000 -device-name-info=xc7z030sbg485-2 > C:/ecg_hls/ecg_classifier_ip/solution1/.autopilot/db/weights_clf_L0_W.pp.0.cpp.clang.out.log 2> C:/ecg_hls/ecg_classifier_ip/solution1/.autopilot/db/weights_clf_L0_W.pp.0.cpp.clang.err.log 
Command       ap_eval done; 1.225 sec.
INFO: [HLS 200-10] Analyzing design file 'src/weights_clf_L0_b.cpp' ... 
INFO-FLOW: Compiling one TU...
INFO-FLOW: Handling src/weights_clf_L0_b.cpp as C++
Execute       ap_part_info -name xc7z030-sbg485-2 -data info 
INFO-FLOW: Running: GCC PP 39
INFO-FLOW: Source preprocessing
Execute       ap_eval exec -ignorestderr C:/Xilinx/Vitis_HLS/2022.2/win64/tools/clang-3.9-csynth/bin/clang src/weights_clf_L0_b.cpp -foptimization-record-file=C:/ecg_hls/ecg_classifier_ip/solution1/.autopilot/db/weights_clf_L0_b.cpp.clang.diag.yml -mllvm -pass-remarks-missed=reflow|pasta|unroll -mllvm -pass-remarks=reflow|pasta|unroll|inline -fno-limit-debug-info --sysroot C:/Xilinx/Vitis_HLS/2022.2/tps/mingw/8.3.0/win64.o/nt -fhls -fno-exceptions -E -IC:/ecg_hls/include -fno-math-errno -c -emit-llvm -mllvm -disable-llvm-optzns -Werror=implicit-function-declaration -Werror=implicit-hls-streams -Werror=return-type -Wpragmas -Wunused-parameter -Wdump-hls-pragmas -Wno-error=dump-hls-pragmas -fno-threadsafe-statics -fno-use-cxa-atexit -std=gnu++14 -target fpga64-xilinx-mingw32 -fno-threadsafe-statics -fno-use-cxa-atexit -D__VITIS_HLS__ -DAESL_SYN -D__SYNTHESIS__ -D__HLS_SYN__ -I C:/Xilinx/Vitis_HLS/2022.2/common/technology/autopilot -I C:/Xilinx/Vitis_HLS/2022.2/common/technology/autopilot/ap_sysc -include etc/autopilot_ssdm_op.h -D__DSP48E1__ -I /usr/include/x86_64-linux-gnu -o C:/ecg_hls/ecg_classifier_ip/solution1/.autopilot/db/weights_clf_L0_b.pp.0.cpp {-hls-platform-db-name=C:/Xilinx/Vitis_HLS/2022.2/common/technology\xilinx/common/platform.db} -hls-platform-name=zynq_medium -device-resource-info=BRAM_530.000000_DSP_400.000000_FF_157200.000000_LUT_78600.000000_SLICE_19650.000000_URAM_0.000000 -device-name-info=xc7z030sbg485-2 > C:/ecg_hls/ecg_classifier_ip/solution1/.autopilot/db/weights_clf_L0_b.cpp.clang.out.log 2> C:/ecg_hls/ecg_classifier_ip/solution1/.autopilot/db/weights_clf_L0_b.cpp.clang.err.log 
Command       ap_eval done; 0.504 sec.
INFO-FLOW: Done: GCC PP 39 time: 0.5 seconds per iteration
Execute       set_directive_top ecg_classifier -name=ecg_classifier 
INFO-FLOW: Source syntax check for synthesis
Execute       ap_eval exec -ignorestderr C:/Xilinx/Vitis_HLS/2022.2/win64/tools/clang-3.9-csynth/bin/clang -foptimization-record-file=C:/ecg_hls/ecg_classifier_ip/solution1/.autopilot/db/clang.diag.yml -mllvm -pass-remarks-missed=reflow|pasta|unroll -mllvm -pass-remarks=reflow|pasta|unroll|inline -fsyntax-only -fhls -target fpga64-xilinx-linux-gnu C:/ecg_hls/ecg_classifier_ip/solution1/.autopilot/db/weights_clf_L0_b.pp.0.cpp {-hls-platform-db-name=C:/Xilinx/Vitis_HLS/2022.2/common/technology\xilinx/common/platform.db} -hls-platform-name=zynq_medium -device-resource-info=BRAM_530.000000_DSP_400.000000_FF_157200.000000_LUT_78600.000000_SLICE_19650.000000_URAM_0.000000 -device-name-info=xc7z030sbg485-2 > C:/ecg_hls/ecg_classifier_ip/solution1/.autopilot/db/clang.out.log 2> C:/ecg_hls/ecg_classifier_ip/solution1/.autopilot/db/clang.err.log 
Command       ap_eval done; 0.897 sec.
Execute       clang_tidy xilinx-systemc-detector -desc systemc-detector C:/ecg_hls/ecg_classifier_ip/solution1/.autopilot/db/weights_clf_L0_b.pp.0.cpp std=gnu++14 -target fpga  -directive=C:/ecg_hls/ecg_classifier_ip/solution1/.autopilot/db/.systemc_flag 
INFO-FLOW: exec C:/Xilinx/Vitis_HLS/2022.2/win64/tools/clang-3.9-csynth/bin/clang-tidy -header-filter=.* --checks=-*,xilinx-systemc-detector -import-directive=C:/ecg_hls/ecg_classifier_ip/solution1/.autopilot/db/.systemc_flag -fix-errors C:/ecg_hls/ecg_classifier_ip/solution1/.autopilot/db/weights_clf_L0_b.pp.0.cpp -- -std=gnu++14 -target fpga -fhls -ferror-limit=0
Command       clang_tidy done; 0.842 sec.
INFO-FLOW: Running: clang-tidy CDT preprocess 39
Execute       clang_tidy xilinx-directive2pragma -desc directive2pragma C:/ecg_hls/ecg_classifier_ip/solution1/.autopilot/db/weights_clf_L0_b.pp.0.cpp std=gnu++14 -target fpga  -directive=C:/ecg_hls/ecg_classifier_ip/solution1/.autopilot/db/all.directive.json 
INFO-FLOW: exec C:/Xilinx/Vitis_HLS/2022.2/win64/tools/clang-3.9-csynth/bin/clang-tidy -header-filter=.* --checks=-*,xilinx-directive2pragma -import-directive=C:/ecg_hls/ecg_classifier_ip/solution1/.autopilot/db/all.directive.json -fix-errors C:/ecg_hls/ecg_classifier_ip/solution1/.autopilot/db/weights_clf_L0_b.pp.0.cpp -- -std=gnu++14 -target fpga -fhls -ferror-limit=0
Command       clang_tidy done; 0.754 sec.
Execute       clang_tidy xilinx-remove-assert -desc remove-assert C:/ecg_hls/ecg_classifier_ip/solution1/.autopilot/db/weights_clf_L0_b.pp.0.cpp std=gnu++14 -target fpga  
INFO-FLOW: exec C:/Xilinx/Vitis_HLS/2022.2/win64/tools/clang-3.9-csynth/bin/clang-tidy -header-filter=.* --checks=-*,xilinx-remove-assert -fix-errors C:/ecg_hls/ecg_classifier_ip/solution1/.autopilot/db/weights_clf_L0_b.pp.0.cpp -- -std=gnu++14 -target fpga -fhls -ferror-limit=0
Command       clang_tidy done; 0.706 sec.
INFO-FLOW: Done: clang-tidy CDT preprocess 39 time: 1.5 seconds per iteration
INFO-FLOW: Calling xilinx-label-all-loops ... 
INFO-FLOW: Calling xilinx-aggregate-on-hls-vector ... 
Execute       clang_tidy -errorcheck -desc loop-label xilinx-label-all-loops,xilinx-aggregate-on-hls-vector,,xilinx-warn-mayneed-no-ctor-attribute C:/ecg_hls/ecg_classifier_ip/solution1/.autopilot/db/weights_clf_L0_b.pp.0.cpp std=gnu++14 -target fpga  
Execute         ap_eval exec -ignorestderr C:/Xilinx/Vitis_HLS/2022.2/win64/tools/clang-3.9-csynth/bin/clang-tidy -export-fixes=C:/ecg_hls/ecg_classifier_ip/solution1/.autopilot/db/weights_clf_L0_b.pp.0.cpp.clang-tidy.loop-label.diag.yml -header-filter=.* --checks=-*,xilinx-label-all-loops,xilinx-aggregate-on-hls-vector,,xilinx-warn-mayneed-no-ctor-attribute -fix-errors C:/ecg_hls/ecg_classifier_ip/solution1/.autopilot/db/weights_clf_L0_b.pp.0.cpp -- -std=gnu++14 -target fpga -fhls -ferror-limit=0 > C:/ecg_hls/ecg_classifier_ip/solution1/.autopilot/db/weights_clf_L0_b.pp.0.cpp.clang-tidy.loop-label.out.log 2> C:/ecg_hls/ecg_classifier_ip/solution1/.autopilot/db/weights_clf_L0_b.pp.0.cpp.clang-tidy.loop-label.err.log 
Command         ap_eval done; 1.209 sec.
Command       clang_tidy done; 1.24 sec.
Execute       ap_eval exec -ignorestderr C:/Xilinx/Vitis_HLS/2022.2/win64/tools/clang-3.9-csynth/bin/xilinx-dataflow-lawyer -export-fixes=C:/ecg_hls/ecg_classifier_ip/solution1/.autopilot/db/weights_clf_L0_b.pp.0.cpp.xilinx-dataflow-lawyer.diag.yml C:/ecg_hls/ecg_classifier_ip/solution1/.autopilot/db/weights_clf_L0_b.pp.0.cpp -- -std=gnu++14 -target fpga -fhls -ferror-limit=0 -fstrict-dataflow > C:/ecg_hls/ecg_classifier_ip/solution1/.autopilot/db/weights_clf_L0_b.pp.0.cpp.xilinx-dataflow-lawyer.out.log 2> C:/ecg_hls/ecg_classifier_ip/solution1/.autopilot/db/weights_clf_L0_b.pp.0.cpp.xilinx-dataflow-lawyer.err.log 
Command       ap_eval done; 0.803 sec.
Execute       ap_part_info -name xc7z030-sbg485-2 -data info 
INFO-FLOW: compiling source code to llvm bc
Execute       ap_eval exec -ignorestderr C:/Xilinx/Vitis_HLS/2022.2/win64/tools/clang-3.9-csynth/bin/clang -foptimization-record-file=C:/ecg_hls/ecg_classifier_ip/solution1/.autopilot/db/weights_clf_L0_b.pp.0.cpp.clang.diag.yml -mllvm -pass-remarks-missed=reflow|pasta|unroll -mllvm -pass-remarks=reflow|pasta|unroll|inline -fno-limit-debug-info -fhls -flto -fno-exceptions -Wno-error=c++11-narrowing C:/ecg_hls/ecg_classifier_ip/solution1/.autopilot/db/weights_clf_L0_b.pp.0.cpp -IC:/ecg_hls/include -fno-math-errno -c -emit-llvm -mllvm -disable-llvm-optzns -Werror=implicit-function-declaration -Werror=implicit-hls-streams -Werror=return-type -Wpragmas -Wunused-parameter -Wdump-hls-pragmas -Wno-error=dump-hls-pragmas -fno-threadsafe-statics -fno-use-cxa-atexit -std=gnu++14 -target fpga64-xilinx-linux-gnu -D__VITIS_HLS__ -DAESL_SYN -D__SYNTHESIS__ -D__HLS_SYN__ -I C:/Xilinx/Vitis_HLS/2022.2/common/technology/autopilot -I C:/Xilinx/Vitis_HLS/2022.2/common/technology/autopilot/ap_sysc -include etc/autopilot_ssdm_op.h -D__DSP48E1__ -g -o C:/ecg_hls/ecg_classifier_ip/solution1/.autopilot/db/weights_clf_L0_b.bc {-hls-platform-db-name=C:/Xilinx/Vitis_HLS/2022.2/common/technology\xilinx/common/platform.db} -hls-platform-name=zynq_medium -device-resource-info=BRAM_530.000000_DSP_400.000000_FF_157200.000000_LUT_78600.000000_SLICE_19650.000000_URAM_0.000000 -device-name-info=xc7z030sbg485-2 > C:/ecg_hls/ecg_classifier_ip/solution1/.autopilot/db/weights_clf_L0_b.pp.0.cpp.clang.out.log 2> C:/ecg_hls/ecg_classifier_ip/solution1/.autopilot/db/weights_clf_L0_b.pp.0.cpp.clang.err.log 
Command       ap_eval done; 1.421 sec.
INFO: [HLS 200-10] Analyzing design file 'src/weights_clf_L1_W.cpp' ... 
INFO-FLOW: Compiling one TU...
INFO-FLOW: Handling src/weights_clf_L1_W.cpp as C++
Execute       ap_part_info -name xc7z030-sbg485-2 -data info 
INFO-FLOW: Running: GCC PP 39
INFO-FLOW: Source preprocessing
Execute       ap_eval exec -ignorestderr C:/Xilinx/Vitis_HLS/2022.2/win64/tools/clang-3.9-csynth/bin/clang src/weights_clf_L1_W.cpp -foptimization-record-file=C:/ecg_hls/ecg_classifier_ip/solution1/.autopilot/db/weights_clf_L1_W.cpp.clang.diag.yml -mllvm -pass-remarks-missed=reflow|pasta|unroll -mllvm -pass-remarks=reflow|pasta|unroll|inline -fno-limit-debug-info --sysroot C:/Xilinx/Vitis_HLS/2022.2/tps/mingw/8.3.0/win64.o/nt -fhls -fno-exceptions -E -IC:/ecg_hls/include -fno-math-errno -c -emit-llvm -mllvm -disable-llvm-optzns -Werror=implicit-function-declaration -Werror=implicit-hls-streams -Werror=return-type -Wpragmas -Wunused-parameter -Wdump-hls-pragmas -Wno-error=dump-hls-pragmas -fno-threadsafe-statics -fno-use-cxa-atexit -std=gnu++14 -target fpga64-xilinx-mingw32 -fno-threadsafe-statics -fno-use-cxa-atexit -D__VITIS_HLS__ -DAESL_SYN -D__SYNTHESIS__ -D__HLS_SYN__ -I C:/Xilinx/Vitis_HLS/2022.2/common/technology/autopilot -I C:/Xilinx/Vitis_HLS/2022.2/common/technology/autopilot/ap_sysc -include etc/autopilot_ssdm_op.h -D__DSP48E1__ -I /usr/include/x86_64-linux-gnu -o C:/ecg_hls/ecg_classifier_ip/solution1/.autopilot/db/weights_clf_L1_W.pp.0.cpp {-hls-platform-db-name=C:/Xilinx/Vitis_HLS/2022.2/common/technology\xilinx/common/platform.db} -hls-platform-name=zynq_medium -device-resource-info=BRAM_530.000000_DSP_400.000000_FF_157200.000000_LUT_78600.000000_SLICE_19650.000000_URAM_0.000000 -device-name-info=xc7z030sbg485-2 > C:/ecg_hls/ecg_classifier_ip/solution1/.autopilot/db/weights_clf_L1_W.cpp.clang.out.log 2> C:/ecg_hls/ecg_classifier_ip/solution1/.autopilot/db/weights_clf_L1_W.cpp.clang.err.log 
Command       ap_eval done; 0.524 sec.
INFO-FLOW: Done: GCC PP 39 time: 0.5 seconds per iteration
Execute       set_directive_top ecg_classifier -name=ecg_classifier 
INFO-FLOW: Source syntax check for synthesis
Execute       ap_eval exec -ignorestderr C:/Xilinx/Vitis_HLS/2022.2/win64/tools/clang-3.9-csynth/bin/clang -foptimization-record-file=C:/ecg_hls/ecg_classifier_ip/solution1/.autopilot/db/clang.diag.yml -mllvm -pass-remarks-missed=reflow|pasta|unroll -mllvm -pass-remarks=reflow|pasta|unroll|inline -fsyntax-only -fhls -target fpga64-xilinx-linux-gnu C:/ecg_hls/ecg_classifier_ip/solution1/.autopilot/db/weights_clf_L1_W.pp.0.cpp {-hls-platform-db-name=C:/Xilinx/Vitis_HLS/2022.2/common/technology\xilinx/common/platform.db} -hls-platform-name=zynq_medium -device-resource-info=BRAM_530.000000_DSP_400.000000_FF_157200.000000_LUT_78600.000000_SLICE_19650.000000_URAM_0.000000 -device-name-info=xc7z030sbg485-2 > C:/ecg_hls/ecg_classifier_ip/solution1/.autopilot/db/clang.out.log 2> C:/ecg_hls/ecg_classifier_ip/solution1/.autopilot/db/clang.err.log 
Command       ap_eval done; 3.082 sec.
Execute       clang_tidy xilinx-systemc-detector -desc systemc-detector C:/ecg_hls/ecg_classifier_ip/solution1/.autopilot/db/weights_clf_L1_W.pp.0.cpp std=gnu++14 -target fpga  -directive=C:/ecg_hls/ecg_classifier_ip/solution1/.autopilot/db/.systemc_flag 
INFO-FLOW: exec C:/Xilinx/Vitis_HLS/2022.2/win64/tools/clang-3.9-csynth/bin/clang-tidy -header-filter=.* --checks=-*,xilinx-systemc-detector -import-directive=C:/ecg_hls/ecg_classifier_ip/solution1/.autopilot/db/.systemc_flag -fix-errors C:/ecg_hls/ecg_classifier_ip/solution1/.autopilot/db/weights_clf_L1_W.pp.0.cpp -- -std=gnu++14 -target fpga -fhls -ferror-limit=0
Command       clang_tidy done; 2.978 sec.
INFO-FLOW: Running: clang-tidy CDT preprocess 39
Execute       clang_tidy xilinx-directive2pragma -desc directive2pragma C:/ecg_hls/ecg_classifier_ip/solution1/.autopilot/db/weights_clf_L1_W.pp.0.cpp std=gnu++14 -target fpga  -directive=C:/ecg_hls/ecg_classifier_ip/solution1/.autopilot/db/all.directive.json 
INFO-FLOW: exec C:/Xilinx/Vitis_HLS/2022.2/win64/tools/clang-3.9-csynth/bin/clang-tidy -header-filter=.* --checks=-*,xilinx-directive2pragma -import-directive=C:/ecg_hls/ecg_classifier_ip/solution1/.autopilot/db/all.directive.json -fix-errors C:/ecg_hls/ecg_classifier_ip/solution1/.autopilot/db/weights_clf_L1_W.pp.0.cpp -- -std=gnu++14 -target fpga -fhls -ferror-limit=0
Command       clang_tidy done; 2.968 sec.
Execute       clang_tidy xilinx-remove-assert -desc remove-assert C:/ecg_hls/ecg_classifier_ip/solution1/.autopilot/db/weights_clf_L1_W.pp.0.cpp std=gnu++14 -target fpga  
INFO-FLOW: exec C:/Xilinx/Vitis_HLS/2022.2/win64/tools/clang-3.9-csynth/bin/clang-tidy -header-filter=.* --checks=-*,xilinx-remove-assert -fix-errors C:/ecg_hls/ecg_classifier_ip/solution1/.autopilot/db/weights_clf_L1_W.pp.0.cpp -- -std=gnu++14 -target fpga -fhls -ferror-limit=0
Command       clang_tidy done; 2.974 sec.
INFO-FLOW: Done: clang-tidy CDT preprocess 39 time: 5.9 seconds per iteration
INFO-FLOW: Calling xilinx-label-all-loops ... 
INFO-FLOW: Calling xilinx-aggregate-on-hls-vector ... 
Execute       clang_tidy -errorcheck -desc loop-label xilinx-label-all-loops,xilinx-aggregate-on-hls-vector,,xilinx-warn-mayneed-no-ctor-attribute C:/ecg_hls/ecg_classifier_ip/solution1/.autopilot/db/weights_clf_L1_W.pp.0.cpp std=gnu++14 -target fpga  
Execute         ap_eval exec -ignorestderr C:/Xilinx/Vitis_HLS/2022.2/win64/tools/clang-3.9-csynth/bin/clang-tidy -export-fixes=C:/ecg_hls/ecg_classifier_ip/solution1/.autopilot/db/weights_clf_L1_W.pp.0.cpp.clang-tidy.loop-label.diag.yml -header-filter=.* --checks=-*,xilinx-label-all-loops,xilinx-aggregate-on-hls-vector,,xilinx-warn-mayneed-no-ctor-attribute -fix-errors C:/ecg_hls/ecg_classifier_ip/solution1/.autopilot/db/weights_clf_L1_W.pp.0.cpp -- -std=gnu++14 -target fpga -fhls -ferror-limit=0 > C:/ecg_hls/ecg_classifier_ip/solution1/.autopilot/db/weights_clf_L1_W.pp.0.cpp.clang-tidy.loop-label.out.log 2> C:/ecg_hls/ecg_classifier_ip/solution1/.autopilot/db/weights_clf_L1_W.pp.0.cpp.clang-tidy.loop-label.err.log 
Command         ap_eval done; 3.677 sec.
Command       clang_tidy done; 3.708 sec.
Execute       ap_eval exec -ignorestderr C:/Xilinx/Vitis_HLS/2022.2/win64/tools/clang-3.9-csynth/bin/xilinx-dataflow-lawyer -export-fixes=C:/ecg_hls/ecg_classifier_ip/solution1/.autopilot/db/weights_clf_L1_W.pp.0.cpp.xilinx-dataflow-lawyer.diag.yml C:/ecg_hls/ecg_classifier_ip/solution1/.autopilot/db/weights_clf_L1_W.pp.0.cpp -- -std=gnu++14 -target fpga -fhls -ferror-limit=0 -fstrict-dataflow > C:/ecg_hls/ecg_classifier_ip/solution1/.autopilot/db/weights_clf_L1_W.pp.0.cpp.xilinx-dataflow-lawyer.out.log 2> C:/ecg_hls/ecg_classifier_ip/solution1/.autopilot/db/weights_clf_L1_W.pp.0.cpp.xilinx-dataflow-lawyer.err.log 
Command       ap_eval done; 2.784 sec.
Execute       ap_part_info -name xc7z030-sbg485-2 -data info 
INFO-FLOW: compiling source code to llvm bc
Execute       ap_eval exec -ignorestderr C:/Xilinx/Vitis_HLS/2022.2/win64/tools/clang-3.9-csynth/bin/clang -foptimization-record-file=C:/ecg_hls/ecg_classifier_ip/solution1/.autopilot/db/weights_clf_L1_W.pp.0.cpp.clang.diag.yml -mllvm -pass-remarks-missed=reflow|pasta|unroll -mllvm -pass-remarks=reflow|pasta|unroll|inline -fno-limit-debug-info -fhls -flto -fno-exceptions -Wno-error=c++11-narrowing C:/ecg_hls/ecg_classifier_ip/solution1/.autopilot/db/weights_clf_L1_W.pp.0.cpp -IC:/ecg_hls/include -fno-math-errno -c -emit-llvm -mllvm -disable-llvm-optzns -Werror=implicit-function-declaration -Werror=implicit-hls-streams -Werror=return-type -Wpragmas -Wunused-parameter -Wdump-hls-pragmas -Wno-error=dump-hls-pragmas -fno-threadsafe-statics -fno-use-cxa-atexit -std=gnu++14 -target fpga64-xilinx-linux-gnu -D__VITIS_HLS__ -DAESL_SYN -D__SYNTHESIS__ -D__HLS_SYN__ -I C:/Xilinx/Vitis_HLS/2022.2/common/technology/autopilot -I C:/Xilinx/Vitis_HLS/2022.2/common/technology/autopilot/ap_sysc -include etc/autopilot_ssdm_op.h -D__DSP48E1__ -g -o C:/ecg_hls/ecg_classifier_ip/solution1/.autopilot/db/weights_clf_L1_W.bc {-hls-platform-db-name=C:/Xilinx/Vitis_HLS/2022.2/common/technology\xilinx/common/platform.db} -hls-platform-name=zynq_medium -device-resource-info=BRAM_530.000000_DSP_400.000000_FF_157200.000000_LUT_78600.000000_SLICE_19650.000000_URAM_0.000000 -device-name-info=xc7z030sbg485-2 > C:/ecg_hls/ecg_classifier_ip/solution1/.autopilot/db/weights_clf_L1_W.pp.0.cpp.clang.out.log 2> C:/ecg_hls/ecg_classifier_ip/solution1/.autopilot/db/weights_clf_L1_W.pp.0.cpp.clang.err.log 
Command       ap_eval done; 3.48 sec.
INFO: [HLS 200-10] Analyzing design file 'src/weights_clf_L1_b.cpp' ... 
INFO-FLOW: Compiling one TU...
INFO-FLOW: Handling src/weights_clf_L1_b.cpp as C++
Execute       ap_part_info -name xc7z030-sbg485-2 -data info 
INFO-FLOW: Running: GCC PP 39
INFO-FLOW: Source preprocessing
Execute       ap_eval exec -ignorestderr C:/Xilinx/Vitis_HLS/2022.2/win64/tools/clang-3.9-csynth/bin/clang src/weights_clf_L1_b.cpp -foptimization-record-file=C:/ecg_hls/ecg_classifier_ip/solution1/.autopilot/db/weights_clf_L1_b.cpp.clang.diag.yml -mllvm -pass-remarks-missed=reflow|pasta|unroll -mllvm -pass-remarks=reflow|pasta|unroll|inline -fno-limit-debug-info --sysroot C:/Xilinx/Vitis_HLS/2022.2/tps/mingw/8.3.0/win64.o/nt -fhls -fno-exceptions -E -IC:/ecg_hls/include -fno-math-errno -c -emit-llvm -mllvm -disable-llvm-optzns -Werror=implicit-function-declaration -Werror=implicit-hls-streams -Werror=return-type -Wpragmas -Wunused-parameter -Wdump-hls-pragmas -Wno-error=dump-hls-pragmas -fno-threadsafe-statics -fno-use-cxa-atexit -std=gnu++14 -target fpga64-xilinx-mingw32 -fno-threadsafe-statics -fno-use-cxa-atexit -D__VITIS_HLS__ -DAESL_SYN -D__SYNTHESIS__ -D__HLS_SYN__ -I C:/Xilinx/Vitis_HLS/2022.2/common/technology/autopilot -I C:/Xilinx/Vitis_HLS/2022.2/common/technology/autopilot/ap_sysc -include etc/autopilot_ssdm_op.h -D__DSP48E1__ -I /usr/include/x86_64-linux-gnu -o C:/ecg_hls/ecg_classifier_ip/solution1/.autopilot/db/weights_clf_L1_b.pp.0.cpp {-hls-platform-db-name=C:/Xilinx/Vitis_HLS/2022.2/common/technology\xilinx/common/platform.db} -hls-platform-name=zynq_medium -device-resource-info=BRAM_530.000000_DSP_400.000000_FF_157200.000000_LUT_78600.000000_SLICE_19650.000000_URAM_0.000000 -device-name-info=xc7z030sbg485-2 > C:/ecg_hls/ecg_classifier_ip/solution1/.autopilot/db/weights_clf_L1_b.cpp.clang.out.log 2> C:/ecg_hls/ecg_classifier_ip/solution1/.autopilot/db/weights_clf_L1_b.cpp.clang.err.log 
Command       ap_eval done; 0.389 sec.
INFO-FLOW: Done: GCC PP 39 time: 0.4 seconds per iteration
Execute       set_directive_top ecg_classifier -name=ecg_classifier 
INFO-FLOW: Source syntax check for synthesis
Execute       ap_eval exec -ignorestderr C:/Xilinx/Vitis_HLS/2022.2/win64/tools/clang-3.9-csynth/bin/clang -foptimization-record-file=C:/ecg_hls/ecg_classifier_ip/solution1/.autopilot/db/clang.diag.yml -mllvm -pass-remarks-missed=reflow|pasta|unroll -mllvm -pass-remarks=reflow|pasta|unroll|inline -fsyntax-only -fhls -target fpga64-xilinx-linux-gnu C:/ecg_hls/ecg_classifier_ip/solution1/.autopilot/db/weights_clf_L1_b.pp.0.cpp {-hls-platform-db-name=C:/Xilinx/Vitis_HLS/2022.2/common/technology\xilinx/common/platform.db} -hls-platform-name=zynq_medium -device-resource-info=BRAM_530.000000_DSP_400.000000_FF_157200.000000_LUT_78600.000000_SLICE_19650.000000_URAM_0.000000 -device-name-info=xc7z030sbg485-2 > C:/ecg_hls/ecg_classifier_ip/solution1/.autopilot/db/clang.out.log 2> C:/ecg_hls/ecg_classifier_ip/solution1/.autopilot/db/clang.err.log 
Command       ap_eval done; 0.886 sec.
Execute       clang_tidy xilinx-systemc-detector -desc systemc-detector C:/ecg_hls/ecg_classifier_ip/solution1/.autopilot/db/weights_clf_L1_b.pp.0.cpp std=gnu++14 -target fpga  -directive=C:/ecg_hls/ecg_classifier_ip/solution1/.autopilot/db/.systemc_flag 
INFO-FLOW: exec C:/Xilinx/Vitis_HLS/2022.2/win64/tools/clang-3.9-csynth/bin/clang-tidy -header-filter=.* --checks=-*,xilinx-systemc-detector -import-directive=C:/ecg_hls/ecg_classifier_ip/solution1/.autopilot/db/.systemc_flag -fix-errors C:/ecg_hls/ecg_classifier_ip/solution1/.autopilot/db/weights_clf_L1_b.pp.0.cpp -- -std=gnu++14 -target fpga -fhls -ferror-limit=0
Command       clang_tidy done; 0.759 sec.
INFO-FLOW: Running: clang-tidy CDT preprocess 39
Execute       clang_tidy xilinx-directive2pragma -desc directive2pragma C:/ecg_hls/ecg_classifier_ip/solution1/.autopilot/db/weights_clf_L1_b.pp.0.cpp std=gnu++14 -target fpga  -directive=C:/ecg_hls/ecg_classifier_ip/solution1/.autopilot/db/all.directive.json 
INFO-FLOW: exec C:/Xilinx/Vitis_HLS/2022.2/win64/tools/clang-3.9-csynth/bin/clang-tidy -header-filter=.* --checks=-*,xilinx-directive2pragma -import-directive=C:/ecg_hls/ecg_classifier_ip/solution1/.autopilot/db/all.directive.json -fix-errors C:/ecg_hls/ecg_classifier_ip/solution1/.autopilot/db/weights_clf_L1_b.pp.0.cpp -- -std=gnu++14 -target fpga -fhls -ferror-limit=0
Command       clang_tidy done; 0.76 sec.
Execute       clang_tidy xilinx-remove-assert -desc remove-assert C:/ecg_hls/ecg_classifier_ip/solution1/.autopilot/db/weights_clf_L1_b.pp.0.cpp std=gnu++14 -target fpga  
INFO-FLOW: exec C:/Xilinx/Vitis_HLS/2022.2/win64/tools/clang-3.9-csynth/bin/clang-tidy -header-filter=.* --checks=-*,xilinx-remove-assert -fix-errors C:/ecg_hls/ecg_classifier_ip/solution1/.autopilot/db/weights_clf_L1_b.pp.0.cpp -- -std=gnu++14 -target fpga -fhls -ferror-limit=0
Command       clang_tidy done; 0.702 sec.
INFO-FLOW: Done: clang-tidy CDT preprocess 39 time: 1.5 seconds per iteration
INFO-FLOW: Calling xilinx-label-all-loops ... 
INFO-FLOW: Calling xilinx-aggregate-on-hls-vector ... 
Execute       clang_tidy -errorcheck -desc loop-label xilinx-label-all-loops,xilinx-aggregate-on-hls-vector,,xilinx-warn-mayneed-no-ctor-attribute C:/ecg_hls/ecg_classifier_ip/solution1/.autopilot/db/weights_clf_L1_b.pp.0.cpp std=gnu++14 -target fpga  
Execute         ap_eval exec -ignorestderr C:/Xilinx/Vitis_HLS/2022.2/win64/tools/clang-3.9-csynth/bin/clang-tidy -export-fixes=C:/ecg_hls/ecg_classifier_ip/solution1/.autopilot/db/weights_clf_L1_b.pp.0.cpp.clang-tidy.loop-label.diag.yml -header-filter=.* --checks=-*,xilinx-label-all-loops,xilinx-aggregate-on-hls-vector,,xilinx-warn-mayneed-no-ctor-attribute -fix-errors C:/ecg_hls/ecg_classifier_ip/solution1/.autopilot/db/weights_clf_L1_b.pp.0.cpp -- -std=gnu++14 -target fpga -fhls -ferror-limit=0 > C:/ecg_hls/ecg_classifier_ip/solution1/.autopilot/db/weights_clf_L1_b.pp.0.cpp.clang-tidy.loop-label.out.log 2> C:/ecg_hls/ecg_classifier_ip/solution1/.autopilot/db/weights_clf_L1_b.pp.0.cpp.clang-tidy.loop-label.err.log 
Command         ap_eval done; 1.204 sec.
Command       clang_tidy done; 1.234 sec.
Execute       ap_eval exec -ignorestderr C:/Xilinx/Vitis_HLS/2022.2/win64/tools/clang-3.9-csynth/bin/xilinx-dataflow-lawyer -export-fixes=C:/ecg_hls/ecg_classifier_ip/solution1/.autopilot/db/weights_clf_L1_b.pp.0.cpp.xilinx-dataflow-lawyer.diag.yml C:/ecg_hls/ecg_classifier_ip/solution1/.autopilot/db/weights_clf_L1_b.pp.0.cpp -- -std=gnu++14 -target fpga -fhls -ferror-limit=0 -fstrict-dataflow > C:/ecg_hls/ecg_classifier_ip/solution1/.autopilot/db/weights_clf_L1_b.pp.0.cpp.xilinx-dataflow-lawyer.out.log 2> C:/ecg_hls/ecg_classifier_ip/solution1/.autopilot/db/weights_clf_L1_b.pp.0.cpp.xilinx-dataflow-lawyer.err.log 
Command       ap_eval done; 0.806 sec.
Execute       ap_part_info -name xc7z030-sbg485-2 -data info 
INFO-FLOW: compiling source code to llvm bc
Execute       ap_eval exec -ignorestderr C:/Xilinx/Vitis_HLS/2022.2/win64/tools/clang-3.9-csynth/bin/clang -foptimization-record-file=C:/ecg_hls/ecg_classifier_ip/solution1/.autopilot/db/weights_clf_L1_b.pp.0.cpp.clang.diag.yml -mllvm -pass-remarks-missed=reflow|pasta|unroll -mllvm -pass-remarks=reflow|pasta|unroll|inline -fno-limit-debug-info -fhls -flto -fno-exceptions -Wno-error=c++11-narrowing C:/ecg_hls/ecg_classifier_ip/solution1/.autopilot/db/weights_clf_L1_b.pp.0.cpp -IC:/ecg_hls/include -fno-math-errno -c -emit-llvm -mllvm -disable-llvm-optzns -Werror=implicit-function-declaration -Werror=implicit-hls-streams -Werror=return-type -Wpragmas -Wunused-parameter -Wdump-hls-pragmas -Wno-error=dump-hls-pragmas -fno-threadsafe-statics -fno-use-cxa-atexit -std=gnu++14 -target fpga64-xilinx-linux-gnu -D__VITIS_HLS__ -DAESL_SYN -D__SYNTHESIS__ -D__HLS_SYN__ -I C:/Xilinx/Vitis_HLS/2022.2/common/technology/autopilot -I C:/Xilinx/Vitis_HLS/2022.2/common/technology/autopilot/ap_sysc -include etc/autopilot_ssdm_op.h -D__DSP48E1__ -g -o C:/ecg_hls/ecg_classifier_ip/solution1/.autopilot/db/weights_clf_L1_b.bc {-hls-platform-db-name=C:/Xilinx/Vitis_HLS/2022.2/common/technology\xilinx/common/platform.db} -hls-platform-name=zynq_medium -device-resource-info=BRAM_530.000000_DSP_400.000000_FF_157200.000000_LUT_78600.000000_SLICE_19650.000000_URAM_0.000000 -device-name-info=xc7z030sbg485-2 > C:/ecg_hls/ecg_classifier_ip/solution1/.autopilot/db/weights_clf_L1_b.pp.0.cpp.clang.out.log 2> C:/ecg_hls/ecg_classifier_ip/solution1/.autopilot/db/weights_clf_L1_b.pp.0.cpp.clang.err.log 
Command       ap_eval done; 0.922 sec.
INFO: [HLS 200-10] Analyzing design file 'src/weights_clf_L2_W.cpp' ... 
INFO-FLOW: Compiling one TU...
INFO-FLOW: Handling src/weights_clf_L2_W.cpp as C++
Execute       ap_part_info -name xc7z030-sbg485-2 -data info 
INFO-FLOW: Running: GCC PP 39
INFO-FLOW: Source preprocessing
Execute       ap_eval exec -ignorestderr C:/Xilinx/Vitis_HLS/2022.2/win64/tools/clang-3.9-csynth/bin/clang src/weights_clf_L2_W.cpp -foptimization-record-file=C:/ecg_hls/ecg_classifier_ip/solution1/.autopilot/db/weights_clf_L2_W.cpp.clang.diag.yml -mllvm -pass-remarks-missed=reflow|pasta|unroll -mllvm -pass-remarks=reflow|pasta|unroll|inline -fno-limit-debug-info --sysroot C:/Xilinx/Vitis_HLS/2022.2/tps/mingw/8.3.0/win64.o/nt -fhls -fno-exceptions -E -IC:/ecg_hls/include -fno-math-errno -c -emit-llvm -mllvm -disable-llvm-optzns -Werror=implicit-function-declaration -Werror=implicit-hls-streams -Werror=return-type -Wpragmas -Wunused-parameter -Wdump-hls-pragmas -Wno-error=dump-hls-pragmas -fno-threadsafe-statics -fno-use-cxa-atexit -std=gnu++14 -target fpga64-xilinx-mingw32 -fno-threadsafe-statics -fno-use-cxa-atexit -D__VITIS_HLS__ -DAESL_SYN -D__SYNTHESIS__ -D__HLS_SYN__ -I C:/Xilinx/Vitis_HLS/2022.2/common/technology/autopilot -I C:/Xilinx/Vitis_HLS/2022.2/common/technology/autopilot/ap_sysc -include etc/autopilot_ssdm_op.h -D__DSP48E1__ -I /usr/include/x86_64-linux-gnu -o C:/ecg_hls/ecg_classifier_ip/solution1/.autopilot/db/weights_clf_L2_W.pp.0.cpp {-hls-platform-db-name=C:/Xilinx/Vitis_HLS/2022.2/common/technology\xilinx/common/platform.db} -hls-platform-name=zynq_medium -device-resource-info=BRAM_530.000000_DSP_400.000000_FF_157200.000000_LUT_78600.000000_SLICE_19650.000000_URAM_0.000000 -device-name-info=xc7z030sbg485-2 > C:/ecg_hls/ecg_classifier_ip/solution1/.autopilot/db/weights_clf_L2_W.cpp.clang.out.log 2> C:/ecg_hls/ecg_classifier_ip/solution1/.autopilot/db/weights_clf_L2_W.cpp.clang.err.log 
Command       ap_eval done; 0.369 sec.
INFO-FLOW: Done: GCC PP 39 time: 0.4 seconds per iteration
Execute       set_directive_top ecg_classifier -name=ecg_classifier 
INFO-FLOW: Source syntax check for synthesis
Execute       ap_eval exec -ignorestderr C:/Xilinx/Vitis_HLS/2022.2/win64/tools/clang-3.9-csynth/bin/clang -foptimization-record-file=C:/ecg_hls/ecg_classifier_ip/solution1/.autopilot/db/clang.diag.yml -mllvm -pass-remarks-missed=reflow|pasta|unroll -mllvm -pass-remarks=reflow|pasta|unroll|inline -fsyntax-only -fhls -target fpga64-xilinx-linux-gnu C:/ecg_hls/ecg_classifier_ip/solution1/.autopilot/db/weights_clf_L2_W.pp.0.cpp {-hls-platform-db-name=C:/Xilinx/Vitis_HLS/2022.2/common/technology\xilinx/common/platform.db} -hls-platform-name=zynq_medium -device-resource-info=BRAM_530.000000_DSP_400.000000_FF_157200.000000_LUT_78600.000000_SLICE_19650.000000_URAM_0.000000 -device-name-info=xc7z030sbg485-2 > C:/ecg_hls/ecg_classifier_ip/solution1/.autopilot/db/clang.out.log 2> C:/ecg_hls/ecg_classifier_ip/solution1/.autopilot/db/clang.err.log 
Command       ap_eval done; 3.957 sec.
Execute       clang_tidy xilinx-systemc-detector -desc systemc-detector C:/ecg_hls/ecg_classifier_ip/solution1/.autopilot/db/weights_clf_L2_W.pp.0.cpp std=gnu++14 -target fpga  -directive=C:/ecg_hls/ecg_classifier_ip/solution1/.autopilot/db/.systemc_flag 
INFO-FLOW: exec C:/Xilinx/Vitis_HLS/2022.2/win64/tools/clang-3.9-csynth/bin/clang-tidy -header-filter=.* --checks=-*,xilinx-systemc-detector -import-directive=C:/ecg_hls/ecg_classifier_ip/solution1/.autopilot/db/.systemc_flag -fix-errors C:/ecg_hls/ecg_classifier_ip/solution1/.autopilot/db/weights_clf_L2_W.pp.0.cpp -- -std=gnu++14 -target fpga -fhls -ferror-limit=0
Command       clang_tidy done; 3.842 sec.
INFO-FLOW: Running: clang-tidy CDT preprocess 39
Execute       clang_tidy xilinx-directive2pragma -desc directive2pragma C:/ecg_hls/ecg_classifier_ip/solution1/.autopilot/db/weights_clf_L2_W.pp.0.cpp std=gnu++14 -target fpga  -directive=C:/ecg_hls/ecg_classifier_ip/solution1/.autopilot/db/all.directive.json 
INFO-FLOW: exec C:/Xilinx/Vitis_HLS/2022.2/win64/tools/clang-3.9-csynth/bin/clang-tidy -header-filter=.* --checks=-*,xilinx-directive2pragma -import-directive=C:/ecg_hls/ecg_classifier_ip/solution1/.autopilot/db/all.directive.json -fix-errors C:/ecg_hls/ecg_classifier_ip/solution1/.autopilot/db/weights_clf_L2_W.pp.0.cpp -- -std=gnu++14 -target fpga -fhls -ferror-limit=0
Command       clang_tidy done; 3.778 sec.
Execute       clang_tidy xilinx-remove-assert -desc remove-assert C:/ecg_hls/ecg_classifier_ip/solution1/.autopilot/db/weights_clf_L2_W.pp.0.cpp std=gnu++14 -target fpga  
INFO-FLOW: exec C:/Xilinx/Vitis_HLS/2022.2/win64/tools/clang-3.9-csynth/bin/clang-tidy -header-filter=.* --checks=-*,xilinx-remove-assert -fix-errors C:/ecg_hls/ecg_classifier_ip/solution1/.autopilot/db/weights_clf_L2_W.pp.0.cpp -- -std=gnu++14 -target fpga -fhls -ferror-limit=0
Command       clang_tidy done; 3.781 sec.
INFO-FLOW: Done: clang-tidy CDT preprocess 39 time: 7.6 seconds per iteration
INFO-FLOW: Calling xilinx-label-all-loops ... 
INFO-FLOW: Calling xilinx-aggregate-on-hls-vector ... 
Execute       clang_tidy -errorcheck -desc loop-label xilinx-label-all-loops,xilinx-aggregate-on-hls-vector,,xilinx-warn-mayneed-no-ctor-attribute C:/ecg_hls/ecg_classifier_ip/solution1/.autopilot/db/weights_clf_L2_W.pp.0.cpp std=gnu++14 -target fpga  
Execute         ap_eval exec -ignorestderr C:/Xilinx/Vitis_HLS/2022.2/win64/tools/clang-3.9-csynth/bin/clang-tidy -export-fixes=C:/ecg_hls/ecg_classifier_ip/solution1/.autopilot/db/weights_clf_L2_W.pp.0.cpp.clang-tidy.loop-label.diag.yml -header-filter=.* --checks=-*,xilinx-label-all-loops,xilinx-aggregate-on-hls-vector,,xilinx-warn-mayneed-no-ctor-attribute -fix-errors C:/ecg_hls/ecg_classifier_ip/solution1/.autopilot/db/weights_clf_L2_W.pp.0.cpp -- -std=gnu++14 -target fpga -fhls -ferror-limit=0 > C:/ecg_hls/ecg_classifier_ip/solution1/.autopilot/db/weights_clf_L2_W.pp.0.cpp.clang-tidy.loop-label.out.log 2> C:/ecg_hls/ecg_classifier_ip/solution1/.autopilot/db/weights_clf_L2_W.pp.0.cpp.clang-tidy.loop-label.err.log 
Command         ap_eval done; 4.57 sec.
Command       clang_tidy done; 4.597 sec.
Execute       ap_eval exec -ignorestderr C:/Xilinx/Vitis_HLS/2022.2/win64/tools/clang-3.9-csynth/bin/xilinx-dataflow-lawyer -export-fixes=C:/ecg_hls/ecg_classifier_ip/solution1/.autopilot/db/weights_clf_L2_W.pp.0.cpp.xilinx-dataflow-lawyer.diag.yml C:/ecg_hls/ecg_classifier_ip/solution1/.autopilot/db/weights_clf_L2_W.pp.0.cpp -- -std=gnu++14 -target fpga -fhls -ferror-limit=0 -fstrict-dataflow > C:/ecg_hls/ecg_classifier_ip/solution1/.autopilot/db/weights_clf_L2_W.pp.0.cpp.xilinx-dataflow-lawyer.out.log 2> C:/ecg_hls/ecg_classifier_ip/solution1/.autopilot/db/weights_clf_L2_W.pp.0.cpp.xilinx-dataflow-lawyer.err.log 
Command       ap_eval done; 3.653 sec.
Execute       ap_part_info -name xc7z030-sbg485-2 -data info 
INFO-FLOW: compiling source code to llvm bc
Execute       ap_eval exec -ignorestderr C:/Xilinx/Vitis_HLS/2022.2/win64/tools/clang-3.9-csynth/bin/clang -foptimization-record-file=C:/ecg_hls/ecg_classifier_ip/solution1/.autopilot/db/weights_clf_L2_W.pp.0.cpp.clang.diag.yml -mllvm -pass-remarks-missed=reflow|pasta|unroll -mllvm -pass-remarks=reflow|pasta|unroll|inline -fno-limit-debug-info -fhls -flto -fno-exceptions -Wno-error=c++11-narrowing C:/ecg_hls/ecg_classifier_ip/solution1/.autopilot/db/weights_clf_L2_W.pp.0.cpp -IC:/ecg_hls/include -fno-math-errno -c -emit-llvm -mllvm -disable-llvm-optzns -Werror=implicit-function-declaration -Werror=implicit-hls-streams -Werror=return-type -Wpragmas -Wunused-parameter -Wdump-hls-pragmas -Wno-error=dump-hls-pragmas -fno-threadsafe-statics -fno-use-cxa-atexit -std=gnu++14 -target fpga64-xilinx-linux-gnu -D__VITIS_HLS__ -DAESL_SYN -D__SYNTHESIS__ -D__HLS_SYN__ -I C:/Xilinx/Vitis_HLS/2022.2/common/technology/autopilot -I C:/Xilinx/Vitis_HLS/2022.2/common/technology/autopilot/ap_sysc -include etc/autopilot_ssdm_op.h -D__DSP48E1__ -g -o C:/ecg_hls/ecg_classifier_ip/solution1/.autopilot/db/weights_clf_L2_W.bc {-hls-platform-db-name=C:/Xilinx/Vitis_HLS/2022.2/common/technology\xilinx/common/platform.db} -hls-platform-name=zynq_medium -device-resource-info=BRAM_530.000000_DSP_400.000000_FF_157200.000000_LUT_78600.000000_SLICE_19650.000000_URAM_0.000000 -device-name-info=xc7z030sbg485-2 > C:/ecg_hls/ecg_classifier_ip/solution1/.autopilot/db/weights_clf_L2_W.pp.0.cpp.clang.out.log 2> C:/ecg_hls/ecg_classifier_ip/solution1/.autopilot/db/weights_clf_L2_W.pp.0.cpp.clang.err.log 
Command       ap_eval done; 4.876 sec.
INFO: [HLS 200-10] Analyzing design file 'src/weights_clf_L2_b.cpp' ... 
INFO-FLOW: Compiling one TU...
INFO-FLOW: Handling src/weights_clf_L2_b.cpp as C++
Execute       ap_part_info -name xc7z030-sbg485-2 -data info 
INFO-FLOW: Running: GCC PP 39
INFO-FLOW: Source preprocessing
Execute       ap_eval exec -ignorestderr C:/Xilinx/Vitis_HLS/2022.2/win64/tools/clang-3.9-csynth/bin/clang src/weights_clf_L2_b.cpp -foptimization-record-file=C:/ecg_hls/ecg_classifier_ip/solution1/.autopilot/db/weights_clf_L2_b.cpp.clang.diag.yml -mllvm -pass-remarks-missed=reflow|pasta|unroll -mllvm -pass-remarks=reflow|pasta|unroll|inline -fno-limit-debug-info --sysroot C:/Xilinx/Vitis_HLS/2022.2/tps/mingw/8.3.0/win64.o/nt -fhls -fno-exceptions -E -IC:/ecg_hls/include -fno-math-errno -c -emit-llvm -mllvm -disable-llvm-optzns -Werror=implicit-function-declaration -Werror=implicit-hls-streams -Werror=return-type -Wpragmas -Wunused-parameter -Wdump-hls-pragmas -Wno-error=dump-hls-pragmas -fno-threadsafe-statics -fno-use-cxa-atexit -std=gnu++14 -target fpga64-xilinx-mingw32 -fno-threadsafe-statics -fno-use-cxa-atexit -D__VITIS_HLS__ -DAESL_SYN -D__SYNTHESIS__ -D__HLS_SYN__ -I C:/Xilinx/Vitis_HLS/2022.2/common/technology/autopilot -I C:/Xilinx/Vitis_HLS/2022.2/common/technology/autopilot/ap_sysc -include etc/autopilot_ssdm_op.h -D__DSP48E1__ -I /usr/include/x86_64-linux-gnu -o C:/ecg_hls/ecg_classifier_ip/solution1/.autopilot/db/weights_clf_L2_b.pp.0.cpp {-hls-platform-db-name=C:/Xilinx/Vitis_HLS/2022.2/common/technology\xilinx/common/platform.db} -hls-platform-name=zynq_medium -device-resource-info=BRAM_530.000000_DSP_400.000000_FF_157200.000000_LUT_78600.000000_SLICE_19650.000000_URAM_0.000000 -device-name-info=xc7z030sbg485-2 > C:/ecg_hls/ecg_classifier_ip/solution1/.autopilot/db/weights_clf_L2_b.cpp.clang.out.log 2> C:/ecg_hls/ecg_classifier_ip/solution1/.autopilot/db/weights_clf_L2_b.cpp.clang.err.log 
Command       ap_eval done; 0.354 sec.
INFO-FLOW: Done: GCC PP 39 time: 0.4 seconds per iteration
Execute       set_directive_top ecg_classifier -name=ecg_classifier 
INFO-FLOW: Source syntax check for synthesis
Execute       ap_eval exec -ignorestderr C:/Xilinx/Vitis_HLS/2022.2/win64/tools/clang-3.9-csynth/bin/clang -foptimization-record-file=C:/ecg_hls/ecg_classifier_ip/solution1/.autopilot/db/clang.diag.yml -mllvm -pass-remarks-missed=reflow|pasta|unroll -mllvm -pass-remarks=reflow|pasta|unroll|inline -fsyntax-only -fhls -target fpga64-xilinx-linux-gnu C:/ecg_hls/ecg_classifier_ip/solution1/.autopilot/db/weights_clf_L2_b.pp.0.cpp {-hls-platform-db-name=C:/Xilinx/Vitis_HLS/2022.2/common/technology\xilinx/common/platform.db} -hls-platform-name=zynq_medium -device-resource-info=BRAM_530.000000_DSP_400.000000_FF_157200.000000_LUT_78600.000000_SLICE_19650.000000_URAM_0.000000 -device-name-info=xc7z030sbg485-2 > C:/ecg_hls/ecg_classifier_ip/solution1/.autopilot/db/clang.out.log 2> C:/ecg_hls/ecg_classifier_ip/solution1/.autopilot/db/clang.err.log 
Command       ap_eval done; 0.895 sec.
Execute       clang_tidy xilinx-systemc-detector -desc systemc-detector C:/ecg_hls/ecg_classifier_ip/solution1/.autopilot/db/weights_clf_L2_b.pp.0.cpp std=gnu++14 -target fpga  -directive=C:/ecg_hls/ecg_classifier_ip/solution1/.autopilot/db/.systemc_flag 
INFO-FLOW: exec C:/Xilinx/Vitis_HLS/2022.2/win64/tools/clang-3.9-csynth/bin/clang-tidy -header-filter=.* --checks=-*,xilinx-systemc-detector -import-directive=C:/ecg_hls/ecg_classifier_ip/solution1/.autopilot/db/.systemc_flag -fix-errors C:/ecg_hls/ecg_classifier_ip/solution1/.autopilot/db/weights_clf_L2_b.pp.0.cpp -- -std=gnu++14 -target fpga -fhls -ferror-limit=0
Command       clang_tidy done; 0.833 sec.
INFO-FLOW: Running: clang-tidy CDT preprocess 39
Execute       clang_tidy xilinx-directive2pragma -desc directive2pragma C:/ecg_hls/ecg_classifier_ip/solution1/.autopilot/db/weights_clf_L2_b.pp.0.cpp std=gnu++14 -target fpga  -directive=C:/ecg_hls/ecg_classifier_ip/solution1/.autopilot/db/all.directive.json 
INFO-FLOW: exec C:/Xilinx/Vitis_HLS/2022.2/win64/tools/clang-3.9-csynth/bin/clang-tidy -header-filter=.* --checks=-*,xilinx-directive2pragma -import-directive=C:/ecg_hls/ecg_classifier_ip/solution1/.autopilot/db/all.directive.json -fix-errors C:/ecg_hls/ecg_classifier_ip/solution1/.autopilot/db/weights_clf_L2_b.pp.0.cpp -- -std=gnu++14 -target fpga -fhls -ferror-limit=0
Command       clang_tidy done; 0.725 sec.
Execute       clang_tidy xilinx-remove-assert -desc remove-assert C:/ecg_hls/ecg_classifier_ip/solution1/.autopilot/db/weights_clf_L2_b.pp.0.cpp std=gnu++14 -target fpga  
INFO-FLOW: exec C:/Xilinx/Vitis_HLS/2022.2/win64/tools/clang-3.9-csynth/bin/clang-tidy -header-filter=.* --checks=-*,xilinx-remove-assert -fix-errors C:/ecg_hls/ecg_classifier_ip/solution1/.autopilot/db/weights_clf_L2_b.pp.0.cpp -- -std=gnu++14 -target fpga -fhls -ferror-limit=0
Command       clang_tidy done; 0.719 sec.
INFO-FLOW: Done: clang-tidy CDT preprocess 39 time: 1.4 seconds per iteration
INFO-FLOW: Calling xilinx-label-all-loops ... 
INFO-FLOW: Calling xilinx-aggregate-on-hls-vector ... 
Execute       clang_tidy -errorcheck -desc loop-label xilinx-label-all-loops,xilinx-aggregate-on-hls-vector,,xilinx-warn-mayneed-no-ctor-attribute C:/ecg_hls/ecg_classifier_ip/solution1/.autopilot/db/weights_clf_L2_b.pp.0.cpp std=gnu++14 -target fpga  
Execute         ap_eval exec -ignorestderr C:/Xilinx/Vitis_HLS/2022.2/win64/tools/clang-3.9-csynth/bin/clang-tidy -export-fixes=C:/ecg_hls/ecg_classifier_ip/solution1/.autopilot/db/weights_clf_L2_b.pp.0.cpp.clang-tidy.loop-label.diag.yml -header-filter=.* --checks=-*,xilinx-label-all-loops,xilinx-aggregate-on-hls-vector,,xilinx-warn-mayneed-no-ctor-attribute -fix-errors C:/ecg_hls/ecg_classifier_ip/solution1/.autopilot/db/weights_clf_L2_b.pp.0.cpp -- -std=gnu++14 -target fpga -fhls -ferror-limit=0 > C:/ecg_hls/ecg_classifier_ip/solution1/.autopilot/db/weights_clf_L2_b.pp.0.cpp.clang-tidy.loop-label.out.log 2> C:/ecg_hls/ecg_classifier_ip/solution1/.autopilot/db/weights_clf_L2_b.pp.0.cpp.clang-tidy.loop-label.err.log 
Command         ap_eval done; 1.247 sec.
Command       clang_tidy done; 1.279 sec.
Execute       ap_eval exec -ignorestderr C:/Xilinx/Vitis_HLS/2022.2/win64/tools/clang-3.9-csynth/bin/xilinx-dataflow-lawyer -export-fixes=C:/ecg_hls/ecg_classifier_ip/solution1/.autopilot/db/weights_clf_L2_b.pp.0.cpp.xilinx-dataflow-lawyer.diag.yml C:/ecg_hls/ecg_classifier_ip/solution1/.autopilot/db/weights_clf_L2_b.pp.0.cpp -- -std=gnu++14 -target fpga -fhls -ferror-limit=0 -fstrict-dataflow > C:/ecg_hls/ecg_classifier_ip/solution1/.autopilot/db/weights_clf_L2_b.pp.0.cpp.xilinx-dataflow-lawyer.out.log 2> C:/ecg_hls/ecg_classifier_ip/solution1/.autopilot/db/weights_clf_L2_b.pp.0.cpp.xilinx-dataflow-lawyer.err.log 
Command       ap_eval done; 0.841 sec.
Execute       ap_part_info -name xc7z030-sbg485-2 -data info 
INFO-FLOW: compiling source code to llvm bc
Execute       ap_eval exec -ignorestderr C:/Xilinx/Vitis_HLS/2022.2/win64/tools/clang-3.9-csynth/bin/clang -foptimization-record-file=C:/ecg_hls/ecg_classifier_ip/solution1/.autopilot/db/weights_clf_L2_b.pp.0.cpp.clang.diag.yml -mllvm -pass-remarks-missed=reflow|pasta|unroll -mllvm -pass-remarks=reflow|pasta|unroll|inline -fno-limit-debug-info -fhls -flto -fno-exceptions -Wno-error=c++11-narrowing C:/ecg_hls/ecg_classifier_ip/solution1/.autopilot/db/weights_clf_L2_b.pp.0.cpp -IC:/ecg_hls/include -fno-math-errno -c -emit-llvm -mllvm -disable-llvm-optzns -Werror=implicit-function-declaration -Werror=implicit-hls-streams -Werror=return-type -Wpragmas -Wunused-parameter -Wdump-hls-pragmas -Wno-error=dump-hls-pragmas -fno-threadsafe-statics -fno-use-cxa-atexit -std=gnu++14 -target fpga64-xilinx-linux-gnu -D__VITIS_HLS__ -DAESL_SYN -D__SYNTHESIS__ -D__HLS_SYN__ -I C:/Xilinx/Vitis_HLS/2022.2/common/technology/autopilot -I C:/Xilinx/Vitis_HLS/2022.2/common/technology/autopilot/ap_sysc -include etc/autopilot_ssdm_op.h -D__DSP48E1__ -g -o C:/ecg_hls/ecg_classifier_ip/solution1/.autopilot/db/weights_clf_L2_b.bc {-hls-platform-db-name=C:/Xilinx/Vitis_HLS/2022.2/common/technology\xilinx/common/platform.db} -hls-platform-name=zynq_medium -device-resource-info=BRAM_530.000000_DSP_400.000000_FF_157200.000000_LUT_78600.000000_SLICE_19650.000000_URAM_0.000000 -device-name-info=xc7z030sbg485-2 > C:/ecg_hls/ecg_classifier_ip/solution1/.autopilot/db/weights_clf_L2_b.pp.0.cpp.clang.out.log 2> C:/ecg_hls/ecg_classifier_ip/solution1/.autopilot/db/weights_clf_L2_b.pp.0.cpp.clang.err.log 
Command       ap_eval done; 0.892 sec.
INFO: [HLS 200-10] Analyzing design file 'src/weights_clf_L3_W.cpp' ... 
INFO-FLOW: Compiling one TU...
INFO-FLOW: Handling src/weights_clf_L3_W.cpp as C++
Execute       ap_part_info -name xc7z030-sbg485-2 -data info 
INFO-FLOW: Running: GCC PP 39
INFO-FLOW: Source preprocessing
Execute       ap_eval exec -ignorestderr C:/Xilinx/Vitis_HLS/2022.2/win64/tools/clang-3.9-csynth/bin/clang src/weights_clf_L3_W.cpp -foptimization-record-file=C:/ecg_hls/ecg_classifier_ip/solution1/.autopilot/db/weights_clf_L3_W.cpp.clang.diag.yml -mllvm -pass-remarks-missed=reflow|pasta|unroll -mllvm -pass-remarks=reflow|pasta|unroll|inline -fno-limit-debug-info --sysroot C:/Xilinx/Vitis_HLS/2022.2/tps/mingw/8.3.0/win64.o/nt -fhls -fno-exceptions -E -IC:/ecg_hls/include -fno-math-errno -c -emit-llvm -mllvm -disable-llvm-optzns -Werror=implicit-function-declaration -Werror=implicit-hls-streams -Werror=return-type -Wpragmas -Wunused-parameter -Wdump-hls-pragmas -Wno-error=dump-hls-pragmas -fno-threadsafe-statics -fno-use-cxa-atexit -std=gnu++14 -target fpga64-xilinx-mingw32 -fno-threadsafe-statics -fno-use-cxa-atexit -D__VITIS_HLS__ -DAESL_SYN -D__SYNTHESIS__ -D__HLS_SYN__ -I C:/Xilinx/Vitis_HLS/2022.2/common/technology/autopilot -I C:/Xilinx/Vitis_HLS/2022.2/common/technology/autopilot/ap_sysc -include etc/autopilot_ssdm_op.h -D__DSP48E1__ -I /usr/include/x86_64-linux-gnu -o C:/ecg_hls/ecg_classifier_ip/solution1/.autopilot/db/weights_clf_L3_W.pp.0.cpp {-hls-platform-db-name=C:/Xilinx/Vitis_HLS/2022.2/common/technology\xilinx/common/platform.db} -hls-platform-name=zynq_medium -device-resource-info=BRAM_530.000000_DSP_400.000000_FF_157200.000000_LUT_78600.000000_SLICE_19650.000000_URAM_0.000000 -device-name-info=xc7z030sbg485-2 > C:/ecg_hls/ecg_classifier_ip/solution1/.autopilot/db/weights_clf_L3_W.cpp.clang.out.log 2> C:/ecg_hls/ecg_classifier_ip/solution1/.autopilot/db/weights_clf_L3_W.cpp.clang.err.log 
Command       ap_eval done; 0.408 sec.
INFO-FLOW: Done: GCC PP 39 time: 0.4 seconds per iteration
Execute       set_directive_top ecg_classifier -name=ecg_classifier 
INFO-FLOW: Source syntax check for synthesis
Execute       ap_eval exec -ignorestderr C:/Xilinx/Vitis_HLS/2022.2/win64/tools/clang-3.9-csynth/bin/clang -foptimization-record-file=C:/ecg_hls/ecg_classifier_ip/solution1/.autopilot/db/clang.diag.yml -mllvm -pass-remarks-missed=reflow|pasta|unroll -mllvm -pass-remarks=reflow|pasta|unroll|inline -fsyntax-only -fhls -target fpga64-xilinx-linux-gnu C:/ecg_hls/ecg_classifier_ip/solution1/.autopilot/db/weights_clf_L3_W.pp.0.cpp {-hls-platform-db-name=C:/Xilinx/Vitis_HLS/2022.2/common/technology\xilinx/common/platform.db} -hls-platform-name=zynq_medium -device-resource-info=BRAM_530.000000_DSP_400.000000_FF_157200.000000_LUT_78600.000000_SLICE_19650.000000_URAM_0.000000 -device-name-info=xc7z030sbg485-2 > C:/ecg_hls/ecg_classifier_ip/solution1/.autopilot/db/clang.out.log 2> C:/ecg_hls/ecg_classifier_ip/solution1/.autopilot/db/clang.err.log 
Command       ap_eval done; 7.013 sec.
Execute       clang_tidy xilinx-systemc-detector -desc systemc-detector C:/ecg_hls/ecg_classifier_ip/solution1/.autopilot/db/weights_clf_L3_W.pp.0.cpp std=gnu++14 -target fpga  -directive=C:/ecg_hls/ecg_classifier_ip/solution1/.autopilot/db/.systemc_flag 
INFO-FLOW: exec C:/Xilinx/Vitis_HLS/2022.2/win64/tools/clang-3.9-csynth/bin/clang-tidy -header-filter=.* --checks=-*,xilinx-systemc-detector -import-directive=C:/ecg_hls/ecg_classifier_ip/solution1/.autopilot/db/.systemc_flag -fix-errors C:/ecg_hls/ecg_classifier_ip/solution1/.autopilot/db/weights_clf_L3_W.pp.0.cpp -- -std=gnu++14 -target fpga -fhls -ferror-limit=0
Command       clang_tidy done; 6.922 sec.
INFO-FLOW: Running: clang-tidy CDT preprocess 39
Execute       clang_tidy xilinx-directive2pragma -desc directive2pragma C:/ecg_hls/ecg_classifier_ip/solution1/.autopilot/db/weights_clf_L3_W.pp.0.cpp std=gnu++14 -target fpga  -directive=C:/ecg_hls/ecg_classifier_ip/solution1/.autopilot/db/all.directive.json 
INFO-FLOW: exec C:/Xilinx/Vitis_HLS/2022.2/win64/tools/clang-3.9-csynth/bin/clang-tidy -header-filter=.* --checks=-*,xilinx-directive2pragma -import-directive=C:/ecg_hls/ecg_classifier_ip/solution1/.autopilot/db/all.directive.json -fix-errors C:/ecg_hls/ecg_classifier_ip/solution1/.autopilot/db/weights_clf_L3_W.pp.0.cpp -- -std=gnu++14 -target fpga -fhls -ferror-limit=0
Command       clang_tidy done; 6.733 sec.
Execute       clang_tidy xilinx-remove-assert -desc remove-assert C:/ecg_hls/ecg_classifier_ip/solution1/.autopilot/db/weights_clf_L3_W.pp.0.cpp std=gnu++14 -target fpga  
INFO-FLOW: exec C:/Xilinx/Vitis_HLS/2022.2/win64/tools/clang-3.9-csynth/bin/clang-tidy -header-filter=.* --checks=-*,xilinx-remove-assert -fix-errors C:/ecg_hls/ecg_classifier_ip/solution1/.autopilot/db/weights_clf_L3_W.pp.0.cpp -- -std=gnu++14 -target fpga -fhls -ferror-limit=0
Command       clang_tidy done; 7.043 sec.
INFO-FLOW: Done: clang-tidy CDT preprocess 39 time: 13.8 seconds per iteration
INFO-FLOW: Calling xilinx-label-all-loops ... 
INFO-FLOW: Calling xilinx-aggregate-on-hls-vector ... 
Execute       clang_tidy -errorcheck -desc loop-label xilinx-label-all-loops,xilinx-aggregate-on-hls-vector,,xilinx-warn-mayneed-no-ctor-attribute C:/ecg_hls/ecg_classifier_ip/solution1/.autopilot/db/weights_clf_L3_W.pp.0.cpp std=gnu++14 -target fpga  
Execute         ap_eval exec -ignorestderr C:/Xilinx/Vitis_HLS/2022.2/win64/tools/clang-3.9-csynth/bin/clang-tidy -export-fixes=C:/ecg_hls/ecg_classifier_ip/solution1/.autopilot/db/weights_clf_L3_W.pp.0.cpp.clang-tidy.loop-label.diag.yml -header-filter=.* --checks=-*,xilinx-label-all-loops,xilinx-aggregate-on-hls-vector,,xilinx-warn-mayneed-no-ctor-attribute -fix-errors C:/ecg_hls/ecg_classifier_ip/solution1/.autopilot/db/weights_clf_L3_W.pp.0.cpp -- -std=gnu++14 -target fpga -fhls -ferror-limit=0 > C:/ecg_hls/ecg_classifier_ip/solution1/.autopilot/db/weights_clf_L3_W.pp.0.cpp.clang-tidy.loop-label.out.log 2> C:/ecg_hls/ecg_classifier_ip/solution1/.autopilot/db/weights_clf_L3_W.pp.0.cpp.clang-tidy.loop-label.err.log 
Command         ap_eval done; 7.661 sec.
Command       clang_tidy done; 7.692 sec.
Execute       ap_eval exec -ignorestderr C:/Xilinx/Vitis_HLS/2022.2/win64/tools/clang-3.9-csynth/bin/xilinx-dataflow-lawyer -export-fixes=C:/ecg_hls/ecg_classifier_ip/solution1/.autopilot/db/weights_clf_L3_W.pp.0.cpp.xilinx-dataflow-lawyer.diag.yml C:/ecg_hls/ecg_classifier_ip/solution1/.autopilot/db/weights_clf_L3_W.pp.0.cpp -- -std=gnu++14 -target fpga -fhls -ferror-limit=0 -fstrict-dataflow > C:/ecg_hls/ecg_classifier_ip/solution1/.autopilot/db/weights_clf_L3_W.pp.0.cpp.xilinx-dataflow-lawyer.out.log 2> C:/ecg_hls/ecg_classifier_ip/solution1/.autopilot/db/weights_clf_L3_W.pp.0.cpp.xilinx-dataflow-lawyer.err.log 
Command       ap_eval done; 6.799 sec.
Execute       ap_part_info -name xc7z030-sbg485-2 -data info 
INFO-FLOW: compiling source code to llvm bc
Execute       ap_eval exec -ignorestderr C:/Xilinx/Vitis_HLS/2022.2/win64/tools/clang-3.9-csynth/bin/clang -foptimization-record-file=C:/ecg_hls/ecg_classifier_ip/solution1/.autopilot/db/weights_clf_L3_W.pp.0.cpp.clang.diag.yml -mllvm -pass-remarks-missed=reflow|pasta|unroll -mllvm -pass-remarks=reflow|pasta|unroll|inline -fno-limit-debug-info -fhls -flto -fno-exceptions -Wno-error=c++11-narrowing C:/ecg_hls/ecg_classifier_ip/solution1/.autopilot/db/weights_clf_L3_W.pp.0.cpp -IC:/ecg_hls/include -fno-math-errno -c -emit-llvm -mllvm -disable-llvm-optzns -Werror=implicit-function-declaration -Werror=implicit-hls-streams -Werror=return-type -Wpragmas -Wunused-parameter -Wdump-hls-pragmas -Wno-error=dump-hls-pragmas -fno-threadsafe-statics -fno-use-cxa-atexit -std=gnu++14 -target fpga64-xilinx-linux-gnu -D__VITIS_HLS__ -DAESL_SYN -D__SYNTHESIS__ -D__HLS_SYN__ -I C:/Xilinx/Vitis_HLS/2022.2/common/technology/autopilot -I C:/Xilinx/Vitis_HLS/2022.2/common/technology/autopilot/ap_sysc -include etc/autopilot_ssdm_op.h -D__DSP48E1__ -g -o C:/ecg_hls/ecg_classifier_ip/solution1/.autopilot/db/weights_clf_L3_W.bc {-hls-platform-db-name=C:/Xilinx/Vitis_HLS/2022.2/common/technology\xilinx/common/platform.db} -hls-platform-name=zynq_medium -device-resource-info=BRAM_530.000000_DSP_400.000000_FF_157200.000000_LUT_78600.000000_SLICE_19650.000000_URAM_0.000000 -device-name-info=xc7z030sbg485-2 > C:/ecg_hls/ecg_classifier_ip/solution1/.autopilot/db/weights_clf_L3_W.pp.0.cpp.clang.out.log 2> C:/ecg_hls/ecg_classifier_ip/solution1/.autopilot/db/weights_clf_L3_W.pp.0.cpp.clang.err.log 
Command       ap_eval done; 8.177 sec.
INFO: [HLS 200-10] Analyzing design file 'src/weights_clf_L3_b.cpp' ... 
INFO-FLOW: Compiling one TU...
INFO-FLOW: Handling src/weights_clf_L3_b.cpp as C++
Execute       ap_part_info -name xc7z030-sbg485-2 -data info 
INFO-FLOW: Running: GCC PP 39
INFO-FLOW: Source preprocessing
Execute       ap_eval exec -ignorestderr C:/Xilinx/Vitis_HLS/2022.2/win64/tools/clang-3.9-csynth/bin/clang src/weights_clf_L3_b.cpp -foptimization-record-file=C:/ecg_hls/ecg_classifier_ip/solution1/.autopilot/db/weights_clf_L3_b.cpp.clang.diag.yml -mllvm -pass-remarks-missed=reflow|pasta|unroll -mllvm -pass-remarks=reflow|pasta|unroll|inline -fno-limit-debug-info --sysroot C:/Xilinx/Vitis_HLS/2022.2/tps/mingw/8.3.0/win64.o/nt -fhls -fno-exceptions -E -IC:/ecg_hls/include -fno-math-errno -c -emit-llvm -mllvm -disable-llvm-optzns -Werror=implicit-function-declaration -Werror=implicit-hls-streams -Werror=return-type -Wpragmas -Wunused-parameter -Wdump-hls-pragmas -Wno-error=dump-hls-pragmas -fno-threadsafe-statics -fno-use-cxa-atexit -std=gnu++14 -target fpga64-xilinx-mingw32 -fno-threadsafe-statics -fno-use-cxa-atexit -D__VITIS_HLS__ -DAESL_SYN -D__SYNTHESIS__ -D__HLS_SYN__ -I C:/Xilinx/Vitis_HLS/2022.2/common/technology/autopilot -I C:/Xilinx/Vitis_HLS/2022.2/common/technology/autopilot/ap_sysc -include etc/autopilot_ssdm_op.h -D__DSP48E1__ -I /usr/include/x86_64-linux-gnu -o C:/ecg_hls/ecg_classifier_ip/solution1/.autopilot/db/weights_clf_L3_b.pp.0.cpp {-hls-platform-db-name=C:/Xilinx/Vitis_HLS/2022.2/common/technology\xilinx/common/platform.db} -hls-platform-name=zynq_medium -device-resource-info=BRAM_530.000000_DSP_400.000000_FF_157200.000000_LUT_78600.000000_SLICE_19650.000000_URAM_0.000000 -device-name-info=xc7z030sbg485-2 > C:/ecg_hls/ecg_classifier_ip/solution1/.autopilot/db/weights_clf_L3_b.cpp.clang.out.log 2> C:/ecg_hls/ecg_classifier_ip/solution1/.autopilot/db/weights_clf_L3_b.cpp.clang.err.log 
Command       ap_eval done; 0.408 sec.
INFO-FLOW: Done: GCC PP 39 time: 0.4 seconds per iteration
Execute       set_directive_top ecg_classifier -name=ecg_classifier 
INFO-FLOW: Source syntax check for synthesis
Execute       ap_eval exec -ignorestderr C:/Xilinx/Vitis_HLS/2022.2/win64/tools/clang-3.9-csynth/bin/clang -foptimization-record-file=C:/ecg_hls/ecg_classifier_ip/solution1/.autopilot/db/clang.diag.yml -mllvm -pass-remarks-missed=reflow|pasta|unroll -mllvm -pass-remarks=reflow|pasta|unroll|inline -fsyntax-only -fhls -target fpga64-xilinx-linux-gnu C:/ecg_hls/ecg_classifier_ip/solution1/.autopilot/db/weights_clf_L3_b.pp.0.cpp {-hls-platform-db-name=C:/Xilinx/Vitis_HLS/2022.2/common/technology\xilinx/common/platform.db} -hls-platform-name=zynq_medium -device-resource-info=BRAM_530.000000_DSP_400.000000_FF_157200.000000_LUT_78600.000000_SLICE_19650.000000_URAM_0.000000 -device-name-info=xc7z030sbg485-2 > C:/ecg_hls/ecg_classifier_ip/solution1/.autopilot/db/clang.out.log 2> C:/ecg_hls/ecg_classifier_ip/solution1/.autopilot/db/clang.err.log 
Command       ap_eval done; 0.904 sec.
Execute       clang_tidy xilinx-systemc-detector -desc systemc-detector C:/ecg_hls/ecg_classifier_ip/solution1/.autopilot/db/weights_clf_L3_b.pp.0.cpp std=gnu++14 -target fpga  -directive=C:/ecg_hls/ecg_classifier_ip/solution1/.autopilot/db/.systemc_flag 
INFO-FLOW: exec C:/Xilinx/Vitis_HLS/2022.2/win64/tools/clang-3.9-csynth/bin/clang-tidy -header-filter=.* --checks=-*,xilinx-systemc-detector -import-directive=C:/ecg_hls/ecg_classifier_ip/solution1/.autopilot/db/.systemc_flag -fix-errors C:/ecg_hls/ecg_classifier_ip/solution1/.autopilot/db/weights_clf_L3_b.pp.0.cpp -- -std=gnu++14 -target fpga -fhls -ferror-limit=0
Command       clang_tidy done; 0.726 sec.
INFO-FLOW: Running: clang-tidy CDT preprocess 39
Execute       clang_tidy xilinx-directive2pragma -desc directive2pragma C:/ecg_hls/ecg_classifier_ip/solution1/.autopilot/db/weights_clf_L3_b.pp.0.cpp std=gnu++14 -target fpga  -directive=C:/ecg_hls/ecg_classifier_ip/solution1/.autopilot/db/all.directive.json 
INFO-FLOW: exec C:/Xilinx/Vitis_HLS/2022.2/win64/tools/clang-3.9-csynth/bin/clang-tidy -header-filter=.* --checks=-*,xilinx-directive2pragma -import-directive=C:/ecg_hls/ecg_classifier_ip/solution1/.autopilot/db/all.directive.json -fix-errors C:/ecg_hls/ecg_classifier_ip/solution1/.autopilot/db/weights_clf_L3_b.pp.0.cpp -- -std=gnu++14 -target fpga -fhls -ferror-limit=0
Command       clang_tidy done; 0.644 sec.
Execute       clang_tidy xilinx-remove-assert -desc remove-assert C:/ecg_hls/ecg_classifier_ip/solution1/.autopilot/db/weights_clf_L3_b.pp.0.cpp std=gnu++14 -target fpga  
INFO-FLOW: exec C:/Xilinx/Vitis_HLS/2022.2/win64/tools/clang-3.9-csynth/bin/clang-tidy -header-filter=.* --checks=-*,xilinx-remove-assert -fix-errors C:/ecg_hls/ecg_classifier_ip/solution1/.autopilot/db/weights_clf_L3_b.pp.0.cpp -- -std=gnu++14 -target fpga -fhls -ferror-limit=0
Command       clang_tidy done; 0.858 sec.
INFO-FLOW: Done: clang-tidy CDT preprocess 39 time: 1.5 seconds per iteration
INFO-FLOW: Calling xilinx-label-all-loops ... 
INFO-FLOW: Calling xilinx-aggregate-on-hls-vector ... 
Execute       clang_tidy -errorcheck -desc loop-label xilinx-label-all-loops,xilinx-aggregate-on-hls-vector,,xilinx-warn-mayneed-no-ctor-attribute C:/ecg_hls/ecg_classifier_ip/solution1/.autopilot/db/weights_clf_L3_b.pp.0.cpp std=gnu++14 -target fpga  
Execute         ap_eval exec -ignorestderr C:/Xilinx/Vitis_HLS/2022.2/win64/tools/clang-3.9-csynth/bin/clang-tidy -export-fixes=C:/ecg_hls/ecg_classifier_ip/solution1/.autopilot/db/weights_clf_L3_b.pp.0.cpp.clang-tidy.loop-label.diag.yml -header-filter=.* --checks=-*,xilinx-label-all-loops,xilinx-aggregate-on-hls-vector,,xilinx-warn-mayneed-no-ctor-attribute -fix-errors C:/ecg_hls/ecg_classifier_ip/solution1/.autopilot/db/weights_clf_L3_b.pp.0.cpp -- -std=gnu++14 -target fpga -fhls -ferror-limit=0 > C:/ecg_hls/ecg_classifier_ip/solution1/.autopilot/db/weights_clf_L3_b.pp.0.cpp.clang-tidy.loop-label.out.log 2> C:/ecg_hls/ecg_classifier_ip/solution1/.autopilot/db/weights_clf_L3_b.pp.0.cpp.clang-tidy.loop-label.err.log 
Command         ap_eval done; 1.269 sec.
Command       clang_tidy done; 1.304 sec.
Execute       ap_eval exec -ignorestderr C:/Xilinx/Vitis_HLS/2022.2/win64/tools/clang-3.9-csynth/bin/xilinx-dataflow-lawyer -export-fixes=C:/ecg_hls/ecg_classifier_ip/solution1/.autopilot/db/weights_clf_L3_b.pp.0.cpp.xilinx-dataflow-lawyer.diag.yml C:/ecg_hls/ecg_classifier_ip/solution1/.autopilot/db/weights_clf_L3_b.pp.0.cpp -- -std=gnu++14 -target fpga -fhls -ferror-limit=0 -fstrict-dataflow > C:/ecg_hls/ecg_classifier_ip/solution1/.autopilot/db/weights_clf_L3_b.pp.0.cpp.xilinx-dataflow-lawyer.out.log 2> C:/ecg_hls/ecg_classifier_ip/solution1/.autopilot/db/weights_clf_L3_b.pp.0.cpp.xilinx-dataflow-lawyer.err.log 
Command       ap_eval done; 0.638 sec.
Execute       ap_part_info -name xc7z030-sbg485-2 -data info 
INFO-FLOW: compiling source code to llvm bc
Execute       ap_eval exec -ignorestderr C:/Xilinx/Vitis_HLS/2022.2/win64/tools/clang-3.9-csynth/bin/clang -foptimization-record-file=C:/ecg_hls/ecg_classifier_ip/solution1/.autopilot/db/weights_clf_L3_b.pp.0.cpp.clang.diag.yml -mllvm -pass-remarks-missed=reflow|pasta|unroll -mllvm -pass-remarks=reflow|pasta|unroll|inline -fno-limit-debug-info -fhls -flto -fno-exceptions -Wno-error=c++11-narrowing C:/ecg_hls/ecg_classifier_ip/solution1/.autopilot/db/weights_clf_L3_b.pp.0.cpp -IC:/ecg_hls/include -fno-math-errno -c -emit-llvm -mllvm -disable-llvm-optzns -Werror=implicit-function-declaration -Werror=implicit-hls-streams -Werror=return-type -Wpragmas -Wunused-parameter -Wdump-hls-pragmas -Wno-error=dump-hls-pragmas -fno-threadsafe-statics -fno-use-cxa-atexit -std=gnu++14 -target fpga64-xilinx-linux-gnu -D__VITIS_HLS__ -DAESL_SYN -D__SYNTHESIS__ -D__HLS_SYN__ -I C:/Xilinx/Vitis_HLS/2022.2/common/technology/autopilot -I C:/Xilinx/Vitis_HLS/2022.2/common/technology/autopilot/ap_sysc -include etc/autopilot_ssdm_op.h -D__DSP48E1__ -g -o C:/ecg_hls/ecg_classifier_ip/solution1/.autopilot/db/weights_clf_L3_b.bc {-hls-platform-db-name=C:/Xilinx/Vitis_HLS/2022.2/common/technology\xilinx/common/platform.db} -hls-platform-name=zynq_medium -device-resource-info=BRAM_530.000000_DSP_400.000000_FF_157200.000000_LUT_78600.000000_SLICE_19650.000000_URAM_0.000000 -device-name-info=xc7z030sbg485-2 > C:/ecg_hls/ecg_classifier_ip/solution1/.autopilot/db/weights_clf_L3_b.pp.0.cpp.clang.out.log 2> C:/ecg_hls/ecg_classifier_ip/solution1/.autopilot/db/weights_clf_L3_b.pp.0.cpp.clang.err.log 
Command       ap_eval done; 1.133 sec.
INFO: [HLS 200-10] Analyzing design file 'src/weights_clf_L4_W.cpp' ... 
INFO-FLOW: Compiling one TU...
INFO-FLOW: Handling src/weights_clf_L4_W.cpp as C++
Execute       ap_part_info -name xc7z030-sbg485-2 -data info 
INFO-FLOW: Running: GCC PP 39
INFO-FLOW: Source preprocessing
Execute       ap_eval exec -ignorestderr C:/Xilinx/Vitis_HLS/2022.2/win64/tools/clang-3.9-csynth/bin/clang src/weights_clf_L4_W.cpp -foptimization-record-file=C:/ecg_hls/ecg_classifier_ip/solution1/.autopilot/db/weights_clf_L4_W.cpp.clang.diag.yml -mllvm -pass-remarks-missed=reflow|pasta|unroll -mllvm -pass-remarks=reflow|pasta|unroll|inline -fno-limit-debug-info --sysroot C:/Xilinx/Vitis_HLS/2022.2/tps/mingw/8.3.0/win64.o/nt -fhls -fno-exceptions -E -IC:/ecg_hls/include -fno-math-errno -c -emit-llvm -mllvm -disable-llvm-optzns -Werror=implicit-function-declaration -Werror=implicit-hls-streams -Werror=return-type -Wpragmas -Wunused-parameter -Wdump-hls-pragmas -Wno-error=dump-hls-pragmas -fno-threadsafe-statics -fno-use-cxa-atexit -std=gnu++14 -target fpga64-xilinx-mingw32 -fno-threadsafe-statics -fno-use-cxa-atexit -D__VITIS_HLS__ -DAESL_SYN -D__SYNTHESIS__ -D__HLS_SYN__ -I C:/Xilinx/Vitis_HLS/2022.2/common/technology/autopilot -I C:/Xilinx/Vitis_HLS/2022.2/common/technology/autopilot/ap_sysc -include etc/autopilot_ssdm_op.h -D__DSP48E1__ -I /usr/include/x86_64-linux-gnu -o C:/ecg_hls/ecg_classifier_ip/solution1/.autopilot/db/weights_clf_L4_W.pp.0.cpp {-hls-platform-db-name=C:/Xilinx/Vitis_HLS/2022.2/common/technology\xilinx/common/platform.db} -hls-platform-name=zynq_medium -device-resource-info=BRAM_530.000000_DSP_400.000000_FF_157200.000000_LUT_78600.000000_SLICE_19650.000000_URAM_0.000000 -device-name-info=xc7z030sbg485-2 > C:/ecg_hls/ecg_classifier_ip/solution1/.autopilot/db/weights_clf_L4_W.cpp.clang.out.log 2> C:/ecg_hls/ecg_classifier_ip/solution1/.autopilot/db/weights_clf_L4_W.cpp.clang.err.log 
Command       ap_eval done; 0.408 sec.
INFO-FLOW: Done: GCC PP 39 time: 0.4 seconds per iteration
Execute       set_directive_top ecg_classifier -name=ecg_classifier 
INFO-FLOW: Source syntax check for synthesis
Execute       ap_eval exec -ignorestderr C:/Xilinx/Vitis_HLS/2022.2/win64/tools/clang-3.9-csynth/bin/clang -foptimization-record-file=C:/ecg_hls/ecg_classifier_ip/solution1/.autopilot/db/clang.diag.yml -mllvm -pass-remarks-missed=reflow|pasta|unroll -mllvm -pass-remarks=reflow|pasta|unroll|inline -fsyntax-only -fhls -target fpga64-xilinx-linux-gnu C:/ecg_hls/ecg_classifier_ip/solution1/.autopilot/db/weights_clf_L4_W.pp.0.cpp {-hls-platform-db-name=C:/Xilinx/Vitis_HLS/2022.2/common/technology\xilinx/common/platform.db} -hls-platform-name=zynq_medium -device-resource-info=BRAM_530.000000_DSP_400.000000_FF_157200.000000_LUT_78600.000000_SLICE_19650.000000_URAM_0.000000 -device-name-info=xc7z030sbg485-2 > C:/ecg_hls/ecg_classifier_ip/solution1/.autopilot/db/clang.out.log 2> C:/ecg_hls/ecg_classifier_ip/solution1/.autopilot/db/clang.err.log 
Command       ap_eval done; 6.312 sec.
Execute       clang_tidy xilinx-systemc-detector -desc systemc-detector C:/ecg_hls/ecg_classifier_ip/solution1/.autopilot/db/weights_clf_L4_W.pp.0.cpp std=gnu++14 -target fpga  -directive=C:/ecg_hls/ecg_classifier_ip/solution1/.autopilot/db/.systemc_flag 
INFO-FLOW: exec C:/Xilinx/Vitis_HLS/2022.2/win64/tools/clang-3.9-csynth/bin/clang-tidy -header-filter=.* --checks=-*,xilinx-systemc-detector -import-directive=C:/ecg_hls/ecg_classifier_ip/solution1/.autopilot/db/.systemc_flag -fix-errors C:/ecg_hls/ecg_classifier_ip/solution1/.autopilot/db/weights_clf_L4_W.pp.0.cpp -- -std=gnu++14 -target fpga -fhls -ferror-limit=0
Command       clang_tidy done; 6.405 sec.
INFO-FLOW: Running: clang-tidy CDT preprocess 39
Execute       clang_tidy xilinx-directive2pragma -desc directive2pragma C:/ecg_hls/ecg_classifier_ip/solution1/.autopilot/db/weights_clf_L4_W.pp.0.cpp std=gnu++14 -target fpga  -directive=C:/ecg_hls/ecg_classifier_ip/solution1/.autopilot/db/all.directive.json 
INFO-FLOW: exec C:/Xilinx/Vitis_HLS/2022.2/win64/tools/clang-3.9-csynth/bin/clang-tidy -header-filter=.* --checks=-*,xilinx-directive2pragma -import-directive=C:/ecg_hls/ecg_classifier_ip/solution1/.autopilot/db/all.directive.json -fix-errors C:/ecg_hls/ecg_classifier_ip/solution1/.autopilot/db/weights_clf_L4_W.pp.0.cpp -- -std=gnu++14 -target fpga -fhls -ferror-limit=0
Command       clang_tidy done; 6.239 sec.
Execute       clang_tidy xilinx-remove-assert -desc remove-assert C:/ecg_hls/ecg_classifier_ip/solution1/.autopilot/db/weights_clf_L4_W.pp.0.cpp std=gnu++14 -target fpga  
INFO-FLOW: exec C:/Xilinx/Vitis_HLS/2022.2/win64/tools/clang-3.9-csynth/bin/clang-tidy -header-filter=.* --checks=-*,xilinx-remove-assert -fix-errors C:/ecg_hls/ecg_classifier_ip/solution1/.autopilot/db/weights_clf_L4_W.pp.0.cpp -- -std=gnu++14 -target fpga -fhls -ferror-limit=0
Command       clang_tidy done; 6.101 sec.
INFO-FLOW: Done: clang-tidy CDT preprocess 39 time: 12.3 seconds per iteration
INFO-FLOW: Calling xilinx-label-all-loops ... 
INFO-FLOW: Calling xilinx-aggregate-on-hls-vector ... 
Execute       clang_tidy -errorcheck -desc loop-label xilinx-label-all-loops,xilinx-aggregate-on-hls-vector,,xilinx-warn-mayneed-no-ctor-attribute C:/ecg_hls/ecg_classifier_ip/solution1/.autopilot/db/weights_clf_L4_W.pp.0.cpp std=gnu++14 -target fpga  
Execute         ap_eval exec -ignorestderr C:/Xilinx/Vitis_HLS/2022.2/win64/tools/clang-3.9-csynth/bin/clang-tidy -export-fixes=C:/ecg_hls/ecg_classifier_ip/solution1/.autopilot/db/weights_clf_L4_W.pp.0.cpp.clang-tidy.loop-label.diag.yml -header-filter=.* --checks=-*,xilinx-label-all-loops,xilinx-aggregate-on-hls-vector,,xilinx-warn-mayneed-no-ctor-attribute -fix-errors C:/ecg_hls/ecg_classifier_ip/solution1/.autopilot/db/weights_clf_L4_W.pp.0.cpp -- -std=gnu++14 -target fpga -fhls -ferror-limit=0 > C:/ecg_hls/ecg_classifier_ip/solution1/.autopilot/db/weights_clf_L4_W.pp.0.cpp.clang-tidy.loop-label.out.log 2> C:/ecg_hls/ecg_classifier_ip/solution1/.autopilot/db/weights_clf_L4_W.pp.0.cpp.clang-tidy.loop-label.err.log 
Command         ap_eval done; 7.164 sec.
Command       clang_tidy done; 7.193 sec.
Execute       ap_eval exec -ignorestderr C:/Xilinx/Vitis_HLS/2022.2/win64/tools/clang-3.9-csynth/bin/xilinx-dataflow-lawyer -export-fixes=C:/ecg_hls/ecg_classifier_ip/solution1/.autopilot/db/weights_clf_L4_W.pp.0.cpp.xilinx-dataflow-lawyer.diag.yml C:/ecg_hls/ecg_classifier_ip/solution1/.autopilot/db/weights_clf_L4_W.pp.0.cpp -- -std=gnu++14 -target fpga -fhls -ferror-limit=0 -fstrict-dataflow > C:/ecg_hls/ecg_classifier_ip/solution1/.autopilot/db/weights_clf_L4_W.pp.0.cpp.xilinx-dataflow-lawyer.out.log 2> C:/ecg_hls/ecg_classifier_ip/solution1/.autopilot/db/weights_clf_L4_W.pp.0.cpp.xilinx-dataflow-lawyer.err.log 
Command       ap_eval done; 5.723 sec.
Execute       ap_part_info -name xc7z030-sbg485-2 -data info 
INFO-FLOW: compiling source code to llvm bc
Execute       ap_eval exec -ignorestderr C:/Xilinx/Vitis_HLS/2022.2/win64/tools/clang-3.9-csynth/bin/clang -foptimization-record-file=C:/ecg_hls/ecg_classifier_ip/solution1/.autopilot/db/weights_clf_L4_W.pp.0.cpp.clang.diag.yml -mllvm -pass-remarks-missed=reflow|pasta|unroll -mllvm -pass-remarks=reflow|pasta|unroll|inline -fno-limit-debug-info -fhls -flto -fno-exceptions -Wno-error=c++11-narrowing C:/ecg_hls/ecg_classifier_ip/solution1/.autopilot/db/weights_clf_L4_W.pp.0.cpp -IC:/ecg_hls/include -fno-math-errno -c -emit-llvm -mllvm -disable-llvm-optzns -Werror=implicit-function-declaration -Werror=implicit-hls-streams -Werror=return-type -Wpragmas -Wunused-parameter -Wdump-hls-pragmas -Wno-error=dump-hls-pragmas -fno-threadsafe-statics -fno-use-cxa-atexit -std=gnu++14 -target fpga64-xilinx-linux-gnu -D__VITIS_HLS__ -DAESL_SYN -D__SYNTHESIS__ -D__HLS_SYN__ -I C:/Xilinx/Vitis_HLS/2022.2/common/technology/autopilot -I C:/Xilinx/Vitis_HLS/2022.2/common/technology/autopilot/ap_sysc -include etc/autopilot_ssdm_op.h -D__DSP48E1__ -g -o C:/ecg_hls/ecg_classifier_ip/solution1/.autopilot/db/weights_clf_L4_W.bc {-hls-platform-db-name=C:/Xilinx/Vitis_HLS/2022.2/common/technology\xilinx/common/platform.db} -hls-platform-name=zynq_medium -device-resource-info=BRAM_530.000000_DSP_400.000000_FF_157200.000000_LUT_78600.000000_SLICE_19650.000000_URAM_0.000000 -device-name-info=xc7z030sbg485-2 > C:/ecg_hls/ecg_classifier_ip/solution1/.autopilot/db/weights_clf_L4_W.pp.0.cpp.clang.out.log 2> C:/ecg_hls/ecg_classifier_ip/solution1/.autopilot/db/weights_clf_L4_W.pp.0.cpp.clang.err.log 
Command       ap_eval done; 7.242 sec.
INFO: [HLS 200-10] Analyzing design file 'src/weights_clf_L4_b.cpp' ... 
INFO-FLOW: Compiling one TU...
INFO-FLOW: Handling src/weights_clf_L4_b.cpp as C++
Execute       ap_part_info -name xc7z030-sbg485-2 -data info 
INFO-FLOW: Running: GCC PP 39
INFO-FLOW: Source preprocessing
Execute       ap_eval exec -ignorestderr C:/Xilinx/Vitis_HLS/2022.2/win64/tools/clang-3.9-csynth/bin/clang src/weights_clf_L4_b.cpp -foptimization-record-file=C:/ecg_hls/ecg_classifier_ip/solution1/.autopilot/db/weights_clf_L4_b.cpp.clang.diag.yml -mllvm -pass-remarks-missed=reflow|pasta|unroll -mllvm -pass-remarks=reflow|pasta|unroll|inline -fno-limit-debug-info --sysroot C:/Xilinx/Vitis_HLS/2022.2/tps/mingw/8.3.0/win64.o/nt -fhls -fno-exceptions -E -IC:/ecg_hls/include -fno-math-errno -c -emit-llvm -mllvm -disable-llvm-optzns -Werror=implicit-function-declaration -Werror=implicit-hls-streams -Werror=return-type -Wpragmas -Wunused-parameter -Wdump-hls-pragmas -Wno-error=dump-hls-pragmas -fno-threadsafe-statics -fno-use-cxa-atexit -std=gnu++14 -target fpga64-xilinx-mingw32 -fno-threadsafe-statics -fno-use-cxa-atexit -D__VITIS_HLS__ -DAESL_SYN -D__SYNTHESIS__ -D__HLS_SYN__ -I C:/Xilinx/Vitis_HLS/2022.2/common/technology/autopilot -I C:/Xilinx/Vitis_HLS/2022.2/common/technology/autopilot/ap_sysc -include etc/autopilot_ssdm_op.h -D__DSP48E1__ -I /usr/include/x86_64-linux-gnu -o C:/ecg_hls/ecg_classifier_ip/solution1/.autopilot/db/weights_clf_L4_b.pp.0.cpp {-hls-platform-db-name=C:/Xilinx/Vitis_HLS/2022.2/common/technology\xilinx/common/platform.db} -hls-platform-name=zynq_medium -device-resource-info=BRAM_530.000000_DSP_400.000000_FF_157200.000000_LUT_78600.000000_SLICE_19650.000000_URAM_0.000000 -device-name-info=xc7z030sbg485-2 > C:/ecg_hls/ecg_classifier_ip/solution1/.autopilot/db/weights_clf_L4_b.cpp.clang.out.log 2> C:/ecg_hls/ecg_classifier_ip/solution1/.autopilot/db/weights_clf_L4_b.cpp.clang.err.log 
Command       ap_eval done; 0.423 sec.
INFO-FLOW: Done: GCC PP 39 time: 0.4 seconds per iteration
Execute       set_directive_top ecg_classifier -name=ecg_classifier 
INFO-FLOW: Source syntax check for synthesis
Execute       ap_eval exec -ignorestderr C:/Xilinx/Vitis_HLS/2022.2/win64/tools/clang-3.9-csynth/bin/clang -foptimization-record-file=C:/ecg_hls/ecg_classifier_ip/solution1/.autopilot/db/clang.diag.yml -mllvm -pass-remarks-missed=reflow|pasta|unroll -mllvm -pass-remarks=reflow|pasta|unroll|inline -fsyntax-only -fhls -target fpga64-xilinx-linux-gnu C:/ecg_hls/ecg_classifier_ip/solution1/.autopilot/db/weights_clf_L4_b.pp.0.cpp {-hls-platform-db-name=C:/Xilinx/Vitis_HLS/2022.2/common/technology\xilinx/common/platform.db} -hls-platform-name=zynq_medium -device-resource-info=BRAM_530.000000_DSP_400.000000_FF_157200.000000_LUT_78600.000000_SLICE_19650.000000_URAM_0.000000 -device-name-info=xc7z030sbg485-2 > C:/ecg_hls/ecg_classifier_ip/solution1/.autopilot/db/clang.out.log 2> C:/ecg_hls/ecg_classifier_ip/solution1/.autopilot/db/clang.err.log 
Command       ap_eval done; 1.157 sec.
Execute       clang_tidy xilinx-systemc-detector -desc systemc-detector C:/ecg_hls/ecg_classifier_ip/solution1/.autopilot/db/weights_clf_L4_b.pp.0.cpp std=gnu++14 -target fpga  -directive=C:/ecg_hls/ecg_classifier_ip/solution1/.autopilot/db/.systemc_flag 
INFO-FLOW: exec C:/Xilinx/Vitis_HLS/2022.2/win64/tools/clang-3.9-csynth/bin/clang-tidy -header-filter=.* --checks=-*,xilinx-systemc-detector -import-directive=C:/ecg_hls/ecg_classifier_ip/solution1/.autopilot/db/.systemc_flag -fix-errors C:/ecg_hls/ecg_classifier_ip/solution1/.autopilot/db/weights_clf_L4_b.pp.0.cpp -- -std=gnu++14 -target fpga -fhls -ferror-limit=0
Command       clang_tidy done; 0.763 sec.
INFO-FLOW: Running: clang-tidy CDT preprocess 39
Execute       clang_tidy xilinx-directive2pragma -desc directive2pragma C:/ecg_hls/ecg_classifier_ip/solution1/.autopilot/db/weights_clf_L4_b.pp.0.cpp std=gnu++14 -target fpga  -directive=C:/ecg_hls/ecg_classifier_ip/solution1/.autopilot/db/all.directive.json 
INFO-FLOW: exec C:/Xilinx/Vitis_HLS/2022.2/win64/tools/clang-3.9-csynth/bin/clang-tidy -header-filter=.* --checks=-*,xilinx-directive2pragma -import-directive=C:/ecg_hls/ecg_classifier_ip/solution1/.autopilot/db/all.directive.json -fix-errors C:/ecg_hls/ecg_classifier_ip/solution1/.autopilot/db/weights_clf_L4_b.pp.0.cpp -- -std=gnu++14 -target fpga -fhls -ferror-limit=0
Command       clang_tidy done; 0.957 sec.
Execute       clang_tidy xilinx-remove-assert -desc remove-assert C:/ecg_hls/ecg_classifier_ip/solution1/.autopilot/db/weights_clf_L4_b.pp.0.cpp std=gnu++14 -target fpga  
INFO-FLOW: exec C:/Xilinx/Vitis_HLS/2022.2/win64/tools/clang-3.9-csynth/bin/clang-tidy -header-filter=.* --checks=-*,xilinx-remove-assert -fix-errors C:/ecg_hls/ecg_classifier_ip/solution1/.autopilot/db/weights_clf_L4_b.pp.0.cpp -- -std=gnu++14 -target fpga -fhls -ferror-limit=0
Command       clang_tidy done; 0.95 sec.
INFO-FLOW: Done: clang-tidy CDT preprocess 39 time: 1.9 seconds per iteration
INFO-FLOW: Calling xilinx-label-all-loops ... 
INFO-FLOW: Calling xilinx-aggregate-on-hls-vector ... 
Execute       clang_tidy -errorcheck -desc loop-label xilinx-label-all-loops,xilinx-aggregate-on-hls-vector,,xilinx-warn-mayneed-no-ctor-attribute C:/ecg_hls/ecg_classifier_ip/solution1/.autopilot/db/weights_clf_L4_b.pp.0.cpp std=gnu++14 -target fpga  
Execute         ap_eval exec -ignorestderr C:/Xilinx/Vitis_HLS/2022.2/win64/tools/clang-3.9-csynth/bin/clang-tidy -export-fixes=C:/ecg_hls/ecg_classifier_ip/solution1/.autopilot/db/weights_clf_L4_b.pp.0.cpp.clang-tidy.loop-label.diag.yml -header-filter=.* --checks=-*,xilinx-label-all-loops,xilinx-aggregate-on-hls-vector,,xilinx-warn-mayneed-no-ctor-attribute -fix-errors C:/ecg_hls/ecg_classifier_ip/solution1/.autopilot/db/weights_clf_L4_b.pp.0.cpp -- -std=gnu++14 -target fpga -fhls -ferror-limit=0 > C:/ecg_hls/ecg_classifier_ip/solution1/.autopilot/db/weights_clf_L4_b.pp.0.cpp.clang-tidy.loop-label.out.log 2> C:/ecg_hls/ecg_classifier_ip/solution1/.autopilot/db/weights_clf_L4_b.pp.0.cpp.clang-tidy.loop-label.err.log 
Command         ap_eval done; 1.431 sec.
Command       clang_tidy done; 1.457 sec.
Execute       ap_eval exec -ignorestderr C:/Xilinx/Vitis_HLS/2022.2/win64/tools/clang-3.9-csynth/bin/xilinx-dataflow-lawyer -export-fixes=C:/ecg_hls/ecg_classifier_ip/solution1/.autopilot/db/weights_clf_L4_b.pp.0.cpp.xilinx-dataflow-lawyer.diag.yml C:/ecg_hls/ecg_classifier_ip/solution1/.autopilot/db/weights_clf_L4_b.pp.0.cpp -- -std=gnu++14 -target fpga -fhls -ferror-limit=0 -fstrict-dataflow > C:/ecg_hls/ecg_classifier_ip/solution1/.autopilot/db/weights_clf_L4_b.pp.0.cpp.xilinx-dataflow-lawyer.out.log 2> C:/ecg_hls/ecg_classifier_ip/solution1/.autopilot/db/weights_clf_L4_b.pp.0.cpp.xilinx-dataflow-lawyer.err.log 
Command       ap_eval done; 0.76 sec.
Execute       ap_part_info -name xc7z030-sbg485-2 -data info 
INFO-FLOW: compiling source code to llvm bc
Execute       ap_eval exec -ignorestderr C:/Xilinx/Vitis_HLS/2022.2/win64/tools/clang-3.9-csynth/bin/clang -foptimization-record-file=C:/ecg_hls/ecg_classifier_ip/solution1/.autopilot/db/weights_clf_L4_b.pp.0.cpp.clang.diag.yml -mllvm -pass-remarks-missed=reflow|pasta|unroll -mllvm -pass-remarks=reflow|pasta|unroll|inline -fno-limit-debug-info -fhls -flto -fno-exceptions -Wno-error=c++11-narrowing C:/ecg_hls/ecg_classifier_ip/solution1/.autopilot/db/weights_clf_L4_b.pp.0.cpp -IC:/ecg_hls/include -fno-math-errno -c -emit-llvm -mllvm -disable-llvm-optzns -Werror=implicit-function-declaration -Werror=implicit-hls-streams -Werror=return-type -Wpragmas -Wunused-parameter -Wdump-hls-pragmas -Wno-error=dump-hls-pragmas -fno-threadsafe-statics -fno-use-cxa-atexit -std=gnu++14 -target fpga64-xilinx-linux-gnu -D__VITIS_HLS__ -DAESL_SYN -D__SYNTHESIS__ -D__HLS_SYN__ -I C:/Xilinx/Vitis_HLS/2022.2/common/technology/autopilot -I C:/Xilinx/Vitis_HLS/2022.2/common/technology/autopilot/ap_sysc -include etc/autopilot_ssdm_op.h -D__DSP48E1__ -g -o C:/ecg_hls/ecg_classifier_ip/solution1/.autopilot/db/weights_clf_L4_b.bc {-hls-platform-db-name=C:/Xilinx/Vitis_HLS/2022.2/common/technology\xilinx/common/platform.db} -hls-platform-name=zynq_medium -device-resource-info=BRAM_530.000000_DSP_400.000000_FF_157200.000000_LUT_78600.000000_SLICE_19650.000000_URAM_0.000000 -device-name-info=xc7z030sbg485-2 > C:/ecg_hls/ecg_classifier_ip/solution1/.autopilot/db/weights_clf_L4_b.pp.0.cpp.clang.out.log 2> C:/ecg_hls/ecg_classifier_ip/solution1/.autopilot/db/weights_clf_L4_b.pp.0.cpp.clang.err.log 
Command       ap_eval done; 1.584 sec.
INFO: [HLS 200-10] Analyzing design file 'src/weights_clf_L5_W.cpp' ... 
INFO-FLOW: Compiling one TU...
INFO-FLOW: Handling src/weights_clf_L5_W.cpp as C++
Execute       ap_part_info -name xc7z030-sbg485-2 -data info 
INFO-FLOW: Running: GCC PP 39
INFO-FLOW: Source preprocessing
Execute       ap_eval exec -ignorestderr C:/Xilinx/Vitis_HLS/2022.2/win64/tools/clang-3.9-csynth/bin/clang src/weights_clf_L5_W.cpp -foptimization-record-file=C:/ecg_hls/ecg_classifier_ip/solution1/.autopilot/db/weights_clf_L5_W.cpp.clang.diag.yml -mllvm -pass-remarks-missed=reflow|pasta|unroll -mllvm -pass-remarks=reflow|pasta|unroll|inline -fno-limit-debug-info --sysroot C:/Xilinx/Vitis_HLS/2022.2/tps/mingw/8.3.0/win64.o/nt -fhls -fno-exceptions -E -IC:/ecg_hls/include -fno-math-errno -c -emit-llvm -mllvm -disable-llvm-optzns -Werror=implicit-function-declaration -Werror=implicit-hls-streams -Werror=return-type -Wpragmas -Wunused-parameter -Wdump-hls-pragmas -Wno-error=dump-hls-pragmas -fno-threadsafe-statics -fno-use-cxa-atexit -std=gnu++14 -target fpga64-xilinx-mingw32 -fno-threadsafe-statics -fno-use-cxa-atexit -D__VITIS_HLS__ -DAESL_SYN -D__SYNTHESIS__ -D__HLS_SYN__ -I C:/Xilinx/Vitis_HLS/2022.2/common/technology/autopilot -I C:/Xilinx/Vitis_HLS/2022.2/common/technology/autopilot/ap_sysc -include etc/autopilot_ssdm_op.h -D__DSP48E1__ -I /usr/include/x86_64-linux-gnu -o C:/ecg_hls/ecg_classifier_ip/solution1/.autopilot/db/weights_clf_L5_W.pp.0.cpp {-hls-platform-db-name=C:/Xilinx/Vitis_HLS/2022.2/common/technology\xilinx/common/platform.db} -hls-platform-name=zynq_medium -device-resource-info=BRAM_530.000000_DSP_400.000000_FF_157200.000000_LUT_78600.000000_SLICE_19650.000000_URAM_0.000000 -device-name-info=xc7z030sbg485-2 > C:/ecg_hls/ecg_classifier_ip/solution1/.autopilot/db/weights_clf_L5_W.cpp.clang.out.log 2> C:/ecg_hls/ecg_classifier_ip/solution1/.autopilot/db/weights_clf_L5_W.cpp.clang.err.log 
Command       ap_eval done; 0.416 sec.
INFO-FLOW: Done: GCC PP 39 time: 0.4 seconds per iteration
Execute       set_directive_top ecg_classifier -name=ecg_classifier 
INFO-FLOW: Source syntax check for synthesis
Execute       ap_eval exec -ignorestderr C:/Xilinx/Vitis_HLS/2022.2/win64/tools/clang-3.9-csynth/bin/clang -foptimization-record-file=C:/ecg_hls/ecg_classifier_ip/solution1/.autopilot/db/clang.diag.yml -mllvm -pass-remarks-missed=reflow|pasta|unroll -mllvm -pass-remarks=reflow|pasta|unroll|inline -fsyntax-only -fhls -target fpga64-xilinx-linux-gnu C:/ecg_hls/ecg_classifier_ip/solution1/.autopilot/db/weights_clf_L5_W.pp.0.cpp {-hls-platform-db-name=C:/Xilinx/Vitis_HLS/2022.2/common/technology\xilinx/common/platform.db} -hls-platform-name=zynq_medium -device-resource-info=BRAM_530.000000_DSP_400.000000_FF_157200.000000_LUT_78600.000000_SLICE_19650.000000_URAM_0.000000 -device-name-info=xc7z030sbg485-2 > C:/ecg_hls/ecg_classifier_ip/solution1/.autopilot/db/clang.out.log 2> C:/ecg_hls/ecg_classifier_ip/solution1/.autopilot/db/clang.err.log 
Command       ap_eval done; 3.026 sec.
Execute       clang_tidy xilinx-systemc-detector -desc systemc-detector C:/ecg_hls/ecg_classifier_ip/solution1/.autopilot/db/weights_clf_L5_W.pp.0.cpp std=gnu++14 -target fpga  -directive=C:/ecg_hls/ecg_classifier_ip/solution1/.autopilot/db/.systemc_flag 
INFO-FLOW: exec C:/Xilinx/Vitis_HLS/2022.2/win64/tools/clang-3.9-csynth/bin/clang-tidy -header-filter=.* --checks=-*,xilinx-systemc-detector -import-directive=C:/ecg_hls/ecg_classifier_ip/solution1/.autopilot/db/.systemc_flag -fix-errors C:/ecg_hls/ecg_classifier_ip/solution1/.autopilot/db/weights_clf_L5_W.pp.0.cpp -- -std=gnu++14 -target fpga -fhls -ferror-limit=0
Command       clang_tidy done; 2.621 sec.
INFO-FLOW: Running: clang-tidy CDT preprocess 39
Execute       clang_tidy xilinx-directive2pragma -desc directive2pragma C:/ecg_hls/ecg_classifier_ip/solution1/.autopilot/db/weights_clf_L5_W.pp.0.cpp std=gnu++14 -target fpga  -directive=C:/ecg_hls/ecg_classifier_ip/solution1/.autopilot/db/all.directive.json 
INFO-FLOW: exec C:/Xilinx/Vitis_HLS/2022.2/win64/tools/clang-3.9-csynth/bin/clang-tidy -header-filter=.* --checks=-*,xilinx-directive2pragma -import-directive=C:/ecg_hls/ecg_classifier_ip/solution1/.autopilot/db/all.directive.json -fix-errors C:/ecg_hls/ecg_classifier_ip/solution1/.autopilot/db/weights_clf_L5_W.pp.0.cpp -- -std=gnu++14 -target fpga -fhls -ferror-limit=0
Command       clang_tidy done; 2.874 sec.
Execute       clang_tidy xilinx-remove-assert -desc remove-assert C:/ecg_hls/ecg_classifier_ip/solution1/.autopilot/db/weights_clf_L5_W.pp.0.cpp std=gnu++14 -target fpga  
INFO-FLOW: exec C:/Xilinx/Vitis_HLS/2022.2/win64/tools/clang-3.9-csynth/bin/clang-tidy -header-filter=.* --checks=-*,xilinx-remove-assert -fix-errors C:/ecg_hls/ecg_classifier_ip/solution1/.autopilot/db/weights_clf_L5_W.pp.0.cpp -- -std=gnu++14 -target fpga -fhls -ferror-limit=0
Command       clang_tidy done; 2.528 sec.
INFO-FLOW: Done: clang-tidy CDT preprocess 39 time: 5.4 seconds per iteration
INFO-FLOW: Calling xilinx-label-all-loops ... 
INFO-FLOW: Calling xilinx-aggregate-on-hls-vector ... 
Execute       clang_tidy -errorcheck -desc loop-label xilinx-label-all-loops,xilinx-aggregate-on-hls-vector,,xilinx-warn-mayneed-no-ctor-attribute C:/ecg_hls/ecg_classifier_ip/solution1/.autopilot/db/weights_clf_L5_W.pp.0.cpp std=gnu++14 -target fpga  
Execute         ap_eval exec -ignorestderr C:/Xilinx/Vitis_HLS/2022.2/win64/tools/clang-3.9-csynth/bin/clang-tidy -export-fixes=C:/ecg_hls/ecg_classifier_ip/solution1/.autopilot/db/weights_clf_L5_W.pp.0.cpp.clang-tidy.loop-label.diag.yml -header-filter=.* --checks=-*,xilinx-label-all-loops,xilinx-aggregate-on-hls-vector,,xilinx-warn-mayneed-no-ctor-attribute -fix-errors C:/ecg_hls/ecg_classifier_ip/solution1/.autopilot/db/weights_clf_L5_W.pp.0.cpp -- -std=gnu++14 -target fpga -fhls -ferror-limit=0 > C:/ecg_hls/ecg_classifier_ip/solution1/.autopilot/db/weights_clf_L5_W.pp.0.cpp.clang-tidy.loop-label.out.log 2> C:/ecg_hls/ecg_classifier_ip/solution1/.autopilot/db/weights_clf_L5_W.pp.0.cpp.clang-tidy.loop-label.err.log 
Command         ap_eval done; 3.132 sec.
Command       clang_tidy done; 3.157 sec.
Execute       ap_eval exec -ignorestderr C:/Xilinx/Vitis_HLS/2022.2/win64/tools/clang-3.9-csynth/bin/xilinx-dataflow-lawyer -export-fixes=C:/ecg_hls/ecg_classifier_ip/solution1/.autopilot/db/weights_clf_L5_W.pp.0.cpp.xilinx-dataflow-lawyer.diag.yml C:/ecg_hls/ecg_classifier_ip/solution1/.autopilot/db/weights_clf_L5_W.pp.0.cpp -- -std=gnu++14 -target fpga -fhls -ferror-limit=0 -fstrict-dataflow > C:/ecg_hls/ecg_classifier_ip/solution1/.autopilot/db/weights_clf_L5_W.pp.0.cpp.xilinx-dataflow-lawyer.out.log 2> C:/ecg_hls/ecg_classifier_ip/solution1/.autopilot/db/weights_clf_L5_W.pp.0.cpp.xilinx-dataflow-lawyer.err.log 
Command       ap_eval done; 2.461 sec.
Execute       ap_part_info -name xc7z030-sbg485-2 -data info 
INFO-FLOW: compiling source code to llvm bc
Execute       ap_eval exec -ignorestderr C:/Xilinx/Vitis_HLS/2022.2/win64/tools/clang-3.9-csynth/bin/clang -foptimization-record-file=C:/ecg_hls/ecg_classifier_ip/solution1/.autopilot/db/weights_clf_L5_W.pp.0.cpp.clang.diag.yml -mllvm -pass-remarks-missed=reflow|pasta|unroll -mllvm -pass-remarks=reflow|pasta|unroll|inline -fno-limit-debug-info -fhls -flto -fno-exceptions -Wno-error=c++11-narrowing C:/ecg_hls/ecg_classifier_ip/solution1/.autopilot/db/weights_clf_L5_W.pp.0.cpp -IC:/ecg_hls/include -fno-math-errno -c -emit-llvm -mllvm -disable-llvm-optzns -Werror=implicit-function-declaration -Werror=implicit-hls-streams -Werror=return-type -Wpragmas -Wunused-parameter -Wdump-hls-pragmas -Wno-error=dump-hls-pragmas -fno-threadsafe-statics -fno-use-cxa-atexit -std=gnu++14 -target fpga64-xilinx-linux-gnu -D__VITIS_HLS__ -DAESL_SYN -D__SYNTHESIS__ -D__HLS_SYN__ -I C:/Xilinx/Vitis_HLS/2022.2/common/technology/autopilot -I C:/Xilinx/Vitis_HLS/2022.2/common/technology/autopilot/ap_sysc -include etc/autopilot_ssdm_op.h -D__DSP48E1__ -g -o C:/ecg_hls/ecg_classifier_ip/solution1/.autopilot/db/weights_clf_L5_W.bc {-hls-platform-db-name=C:/Xilinx/Vitis_HLS/2022.2/common/technology\xilinx/common/platform.db} -hls-platform-name=zynq_medium -device-resource-info=BRAM_530.000000_DSP_400.000000_FF_157200.000000_LUT_78600.000000_SLICE_19650.000000_URAM_0.000000 -device-name-info=xc7z030sbg485-2 > C:/ecg_hls/ecg_classifier_ip/solution1/.autopilot/db/weights_clf_L5_W.pp.0.cpp.clang.out.log 2> C:/ecg_hls/ecg_classifier_ip/solution1/.autopilot/db/weights_clf_L5_W.pp.0.cpp.clang.err.log 
Command       ap_eval done; 3.102 sec.
INFO: [HLS 200-10] Analyzing design file 'src/weights_clf_L5_b.cpp' ... 
INFO-FLOW: Compiling one TU...
INFO-FLOW: Handling src/weights_clf_L5_b.cpp as C++
Execute       ap_part_info -name xc7z030-sbg485-2 -data info 
INFO-FLOW: Running: GCC PP 39
INFO-FLOW: Source preprocessing
Execute       ap_eval exec -ignorestderr C:/Xilinx/Vitis_HLS/2022.2/win64/tools/clang-3.9-csynth/bin/clang src/weights_clf_L5_b.cpp -foptimization-record-file=C:/ecg_hls/ecg_classifier_ip/solution1/.autopilot/db/weights_clf_L5_b.cpp.clang.diag.yml -mllvm -pass-remarks-missed=reflow|pasta|unroll -mllvm -pass-remarks=reflow|pasta|unroll|inline -fno-limit-debug-info --sysroot C:/Xilinx/Vitis_HLS/2022.2/tps/mingw/8.3.0/win64.o/nt -fhls -fno-exceptions -E -IC:/ecg_hls/include -fno-math-errno -c -emit-llvm -mllvm -disable-llvm-optzns -Werror=implicit-function-declaration -Werror=implicit-hls-streams -Werror=return-type -Wpragmas -Wunused-parameter -Wdump-hls-pragmas -Wno-error=dump-hls-pragmas -fno-threadsafe-statics -fno-use-cxa-atexit -std=gnu++14 -target fpga64-xilinx-mingw32 -fno-threadsafe-statics -fno-use-cxa-atexit -D__VITIS_HLS__ -DAESL_SYN -D__SYNTHESIS__ -D__HLS_SYN__ -I C:/Xilinx/Vitis_HLS/2022.2/common/technology/autopilot -I C:/Xilinx/Vitis_HLS/2022.2/common/technology/autopilot/ap_sysc -include etc/autopilot_ssdm_op.h -D__DSP48E1__ -I /usr/include/x86_64-linux-gnu -o C:/ecg_hls/ecg_classifier_ip/solution1/.autopilot/db/weights_clf_L5_b.pp.0.cpp {-hls-platform-db-name=C:/Xilinx/Vitis_HLS/2022.2/common/technology\xilinx/common/platform.db} -hls-platform-name=zynq_medium -device-resource-info=BRAM_530.000000_DSP_400.000000_FF_157200.000000_LUT_78600.000000_SLICE_19650.000000_URAM_0.000000 -device-name-info=xc7z030sbg485-2 > C:/ecg_hls/ecg_classifier_ip/solution1/.autopilot/db/weights_clf_L5_b.cpp.clang.out.log 2> C:/ecg_hls/ecg_classifier_ip/solution1/.autopilot/db/weights_clf_L5_b.cpp.clang.err.log 
Command       ap_eval done; 0.34 sec.
INFO-FLOW: Done: GCC PP 39 time: 0.3 seconds per iteration
Execute       set_directive_top ecg_classifier -name=ecg_classifier 
INFO-FLOW: Source syntax check for synthesis
Execute       ap_eval exec -ignorestderr C:/Xilinx/Vitis_HLS/2022.2/win64/tools/clang-3.9-csynth/bin/clang -foptimization-record-file=C:/ecg_hls/ecg_classifier_ip/solution1/.autopilot/db/clang.diag.yml -mllvm -pass-remarks-missed=reflow|pasta|unroll -mllvm -pass-remarks=reflow|pasta|unroll|inline -fsyntax-only -fhls -target fpga64-xilinx-linux-gnu C:/ecg_hls/ecg_classifier_ip/solution1/.autopilot/db/weights_clf_L5_b.pp.0.cpp {-hls-platform-db-name=C:/Xilinx/Vitis_HLS/2022.2/common/technology\xilinx/common/platform.db} -hls-platform-name=zynq_medium -device-resource-info=BRAM_530.000000_DSP_400.000000_FF_157200.000000_LUT_78600.000000_SLICE_19650.000000_URAM_0.000000 -device-name-info=xc7z030sbg485-2 > C:/ecg_hls/ecg_classifier_ip/solution1/.autopilot/db/clang.out.log 2> C:/ecg_hls/ecg_classifier_ip/solution1/.autopilot/db/clang.err.log 
Command       ap_eval done; 0.852 sec.
Execute       clang_tidy xilinx-systemc-detector -desc systemc-detector C:/ecg_hls/ecg_classifier_ip/solution1/.autopilot/db/weights_clf_L5_b.pp.0.cpp std=gnu++14 -target fpga  -directive=C:/ecg_hls/ecg_classifier_ip/solution1/.autopilot/db/.systemc_flag 
INFO-FLOW: exec C:/Xilinx/Vitis_HLS/2022.2/win64/tools/clang-3.9-csynth/bin/clang-tidy -header-filter=.* --checks=-*,xilinx-systemc-detector -import-directive=C:/ecg_hls/ecg_classifier_ip/solution1/.autopilot/db/.systemc_flag -fix-errors C:/ecg_hls/ecg_classifier_ip/solution1/.autopilot/db/weights_clf_L5_b.pp.0.cpp -- -std=gnu++14 -target fpga -fhls -ferror-limit=0
Command       clang_tidy done; 0.786 sec.
INFO-FLOW: Running: clang-tidy CDT preprocess 39
Execute       clang_tidy xilinx-directive2pragma -desc directive2pragma C:/ecg_hls/ecg_classifier_ip/solution1/.autopilot/db/weights_clf_L5_b.pp.0.cpp std=gnu++14 -target fpga  -directive=C:/ecg_hls/ecg_classifier_ip/solution1/.autopilot/db/all.directive.json 
INFO-FLOW: exec C:/Xilinx/Vitis_HLS/2022.2/win64/tools/clang-3.9-csynth/bin/clang-tidy -header-filter=.* --checks=-*,xilinx-directive2pragma -import-directive=C:/ecg_hls/ecg_classifier_ip/solution1/.autopilot/db/all.directive.json -fix-errors C:/ecg_hls/ecg_classifier_ip/solution1/.autopilot/db/weights_clf_L5_b.pp.0.cpp -- -std=gnu++14 -target fpga -fhls -ferror-limit=0
Command       clang_tidy done; 0.768 sec.
Execute       clang_tidy xilinx-remove-assert -desc remove-assert C:/ecg_hls/ecg_classifier_ip/solution1/.autopilot/db/weights_clf_L5_b.pp.0.cpp std=gnu++14 -target fpga  
INFO-FLOW: exec C:/Xilinx/Vitis_HLS/2022.2/win64/tools/clang-3.9-csynth/bin/clang-tidy -header-filter=.* --checks=-*,xilinx-remove-assert -fix-errors C:/ecg_hls/ecg_classifier_ip/solution1/.autopilot/db/weights_clf_L5_b.pp.0.cpp -- -std=gnu++14 -target fpga -fhls -ferror-limit=0
Command       clang_tidy done; 0.643 sec.
INFO-FLOW: Done: clang-tidy CDT preprocess 39 time: 1.4 seconds per iteration
INFO-FLOW: Calling xilinx-label-all-loops ... 
INFO-FLOW: Calling xilinx-aggregate-on-hls-vector ... 
Execute       clang_tidy -errorcheck -desc loop-label xilinx-label-all-loops,xilinx-aggregate-on-hls-vector,,xilinx-warn-mayneed-no-ctor-attribute C:/ecg_hls/ecg_classifier_ip/solution1/.autopilot/db/weights_clf_L5_b.pp.0.cpp std=gnu++14 -target fpga  
Execute         ap_eval exec -ignorestderr C:/Xilinx/Vitis_HLS/2022.2/win64/tools/clang-3.9-csynth/bin/clang-tidy -export-fixes=C:/ecg_hls/ecg_classifier_ip/solution1/.autopilot/db/weights_clf_L5_b.pp.0.cpp.clang-tidy.loop-label.diag.yml -header-filter=.* --checks=-*,xilinx-label-all-loops,xilinx-aggregate-on-hls-vector,,xilinx-warn-mayneed-no-ctor-attribute -fix-errors C:/ecg_hls/ecg_classifier_ip/solution1/.autopilot/db/weights_clf_L5_b.pp.0.cpp -- -std=gnu++14 -target fpga -fhls -ferror-limit=0 > C:/ecg_hls/ecg_classifier_ip/solution1/.autopilot/db/weights_clf_L5_b.pp.0.cpp.clang-tidy.loop-label.out.log 2> C:/ecg_hls/ecg_classifier_ip/solution1/.autopilot/db/weights_clf_L5_b.pp.0.cpp.clang-tidy.loop-label.err.log 
Command         ap_eval done; 1.222 sec.
Command       clang_tidy done; 1.255 sec.
Execute       ap_eval exec -ignorestderr C:/Xilinx/Vitis_HLS/2022.2/win64/tools/clang-3.9-csynth/bin/xilinx-dataflow-lawyer -export-fixes=C:/ecg_hls/ecg_classifier_ip/solution1/.autopilot/db/weights_clf_L5_b.pp.0.cpp.xilinx-dataflow-lawyer.diag.yml C:/ecg_hls/ecg_classifier_ip/solution1/.autopilot/db/weights_clf_L5_b.pp.0.cpp -- -std=gnu++14 -target fpga -fhls -ferror-limit=0 -fstrict-dataflow > C:/ecg_hls/ecg_classifier_ip/solution1/.autopilot/db/weights_clf_L5_b.pp.0.cpp.xilinx-dataflow-lawyer.out.log 2> C:/ecg_hls/ecg_classifier_ip/solution1/.autopilot/db/weights_clf_L5_b.pp.0.cpp.xilinx-dataflow-lawyer.err.log 
Command       ap_eval done; 0.783 sec.
Execute       ap_part_info -name xc7z030-sbg485-2 -data info 
INFO-FLOW: compiling source code to llvm bc
Execute       ap_eval exec -ignorestderr C:/Xilinx/Vitis_HLS/2022.2/win64/tools/clang-3.9-csynth/bin/clang -foptimization-record-file=C:/ecg_hls/ecg_classifier_ip/solution1/.autopilot/db/weights_clf_L5_b.pp.0.cpp.clang.diag.yml -mllvm -pass-remarks-missed=reflow|pasta|unroll -mllvm -pass-remarks=reflow|pasta|unroll|inline -fno-limit-debug-info -fhls -flto -fno-exceptions -Wno-error=c++11-narrowing C:/ecg_hls/ecg_classifier_ip/solution1/.autopilot/db/weights_clf_L5_b.pp.0.cpp -IC:/ecg_hls/include -fno-math-errno -c -emit-llvm -mllvm -disable-llvm-optzns -Werror=implicit-function-declaration -Werror=implicit-hls-streams -Werror=return-type -Wpragmas -Wunused-parameter -Wdump-hls-pragmas -Wno-error=dump-hls-pragmas -fno-threadsafe-statics -fno-use-cxa-atexit -std=gnu++14 -target fpga64-xilinx-linux-gnu -D__VITIS_HLS__ -DAESL_SYN -D__SYNTHESIS__ -D__HLS_SYN__ -I C:/Xilinx/Vitis_HLS/2022.2/common/technology/autopilot -I C:/Xilinx/Vitis_HLS/2022.2/common/technology/autopilot/ap_sysc -include etc/autopilot_ssdm_op.h -D__DSP48E1__ -g -o C:/ecg_hls/ecg_classifier_ip/solution1/.autopilot/db/weights_clf_L5_b.bc {-hls-platform-db-name=C:/Xilinx/Vitis_HLS/2022.2/common/technology\xilinx/common/platform.db} -hls-platform-name=zynq_medium -device-resource-info=BRAM_530.000000_DSP_400.000000_FF_157200.000000_LUT_78600.000000_SLICE_19650.000000_URAM_0.000000 -device-name-info=xc7z030sbg485-2 > C:/ecg_hls/ecg_classifier_ip/solution1/.autopilot/db/weights_clf_L5_b.pp.0.cpp.clang.out.log 2> C:/ecg_hls/ecg_classifier_ip/solution1/.autopilot/db/weights_clf_L5_b.pp.0.cpp.clang.err.log 
Command       ap_eval done; 0.934 sec.
INFO: [HLS 200-10] Analyzing design file 'src/weights_clf_L6_W.cpp' ... 
INFO-FLOW: Compiling one TU...
INFO-FLOW: Handling src/weights_clf_L6_W.cpp as C++
Execute       ap_part_info -name xc7z030-sbg485-2 -data info 
INFO-FLOW: Running: GCC PP 39
INFO-FLOW: Source preprocessing
Execute       ap_eval exec -ignorestderr C:/Xilinx/Vitis_HLS/2022.2/win64/tools/clang-3.9-csynth/bin/clang src/weights_clf_L6_W.cpp -foptimization-record-file=C:/ecg_hls/ecg_classifier_ip/solution1/.autopilot/db/weights_clf_L6_W.cpp.clang.diag.yml -mllvm -pass-remarks-missed=reflow|pasta|unroll -mllvm -pass-remarks=reflow|pasta|unroll|inline -fno-limit-debug-info --sysroot C:/Xilinx/Vitis_HLS/2022.2/tps/mingw/8.3.0/win64.o/nt -fhls -fno-exceptions -E -IC:/ecg_hls/include -fno-math-errno -c -emit-llvm -mllvm -disable-llvm-optzns -Werror=implicit-function-declaration -Werror=implicit-hls-streams -Werror=return-type -Wpragmas -Wunused-parameter -Wdump-hls-pragmas -Wno-error=dump-hls-pragmas -fno-threadsafe-statics -fno-use-cxa-atexit -std=gnu++14 -target fpga64-xilinx-mingw32 -fno-threadsafe-statics -fno-use-cxa-atexit -D__VITIS_HLS__ -DAESL_SYN -D__SYNTHESIS__ -D__HLS_SYN__ -I C:/Xilinx/Vitis_HLS/2022.2/common/technology/autopilot -I C:/Xilinx/Vitis_HLS/2022.2/common/technology/autopilot/ap_sysc -include etc/autopilot_ssdm_op.h -D__DSP48E1__ -I /usr/include/x86_64-linux-gnu -o C:/ecg_hls/ecg_classifier_ip/solution1/.autopilot/db/weights_clf_L6_W.pp.0.cpp {-hls-platform-db-name=C:/Xilinx/Vitis_HLS/2022.2/common/technology\xilinx/common/platform.db} -hls-platform-name=zynq_medium -device-resource-info=BRAM_530.000000_DSP_400.000000_FF_157200.000000_LUT_78600.000000_SLICE_19650.000000_URAM_0.000000 -device-name-info=xc7z030sbg485-2 > C:/ecg_hls/ecg_classifier_ip/solution1/.autopilot/db/weights_clf_L6_W.cpp.clang.out.log 2> C:/ecg_hls/ecg_classifier_ip/solution1/.autopilot/db/weights_clf_L6_W.cpp.clang.err.log 
Command       ap_eval done; 0.378 sec.
INFO-FLOW: Done: GCC PP 39 time: 0.4 seconds per iteration
Execute       set_directive_top ecg_classifier -name=ecg_classifier 
INFO-FLOW: Source syntax check for synthesis
Execute       ap_eval exec -ignorestderr C:/Xilinx/Vitis_HLS/2022.2/win64/tools/clang-3.9-csynth/bin/clang -foptimization-record-file=C:/ecg_hls/ecg_classifier_ip/solution1/.autopilot/db/clang.diag.yml -mllvm -pass-remarks-missed=reflow|pasta|unroll -mllvm -pass-remarks=reflow|pasta|unroll|inline -fsyntax-only -fhls -target fpga64-xilinx-linux-gnu C:/ecg_hls/ecg_classifier_ip/solution1/.autopilot/db/weights_clf_L6_W.pp.0.cpp {-hls-platform-db-name=C:/Xilinx/Vitis_HLS/2022.2/common/technology\xilinx/common/platform.db} -hls-platform-name=zynq_medium -device-resource-info=BRAM_530.000000_DSP_400.000000_FF_157200.000000_LUT_78600.000000_SLICE_19650.000000_URAM_0.000000 -device-name-info=xc7z030sbg485-2 > C:/ecg_hls/ecg_classifier_ip/solution1/.autopilot/db/clang.out.log 2> C:/ecg_hls/ecg_classifier_ip/solution1/.autopilot/db/clang.err.log 
Command       ap_eval done; 0.95 sec.
Execute       clang_tidy xilinx-systemc-detector -desc systemc-detector C:/ecg_hls/ecg_classifier_ip/solution1/.autopilot/db/weights_clf_L6_W.pp.0.cpp std=gnu++14 -target fpga  -directive=C:/ecg_hls/ecg_classifier_ip/solution1/.autopilot/db/.systemc_flag 
INFO-FLOW: exec C:/Xilinx/Vitis_HLS/2022.2/win64/tools/clang-3.9-csynth/bin/clang-tidy -header-filter=.* --checks=-*,xilinx-systemc-detector -import-directive=C:/ecg_hls/ecg_classifier_ip/solution1/.autopilot/db/.systemc_flag -fix-errors C:/ecg_hls/ecg_classifier_ip/solution1/.autopilot/db/weights_clf_L6_W.pp.0.cpp -- -std=gnu++14 -target fpga -fhls -ferror-limit=0
Command       clang_tidy done; 0.799 sec.
INFO-FLOW: Running: clang-tidy CDT preprocess 39
Execute       clang_tidy xilinx-directive2pragma -desc directive2pragma C:/ecg_hls/ecg_classifier_ip/solution1/.autopilot/db/weights_clf_L6_W.pp.0.cpp std=gnu++14 -target fpga  -directive=C:/ecg_hls/ecg_classifier_ip/solution1/.autopilot/db/all.directive.json 
INFO-FLOW: exec C:/Xilinx/Vitis_HLS/2022.2/win64/tools/clang-3.9-csynth/bin/clang-tidy -header-filter=.* --checks=-*,xilinx-directive2pragma -import-directive=C:/ecg_hls/ecg_classifier_ip/solution1/.autopilot/db/all.directive.json -fix-errors C:/ecg_hls/ecg_classifier_ip/solution1/.autopilot/db/weights_clf_L6_W.pp.0.cpp -- -std=gnu++14 -target fpga -fhls -ferror-limit=0
Command       clang_tidy done; 0.712 sec.
Execute       clang_tidy xilinx-remove-assert -desc remove-assert C:/ecg_hls/ecg_classifier_ip/solution1/.autopilot/db/weights_clf_L6_W.pp.0.cpp std=gnu++14 -target fpga  
INFO-FLOW: exec C:/Xilinx/Vitis_HLS/2022.2/win64/tools/clang-3.9-csynth/bin/clang-tidy -header-filter=.* --checks=-*,xilinx-remove-assert -fix-errors C:/ecg_hls/ecg_classifier_ip/solution1/.autopilot/db/weights_clf_L6_W.pp.0.cpp -- -std=gnu++14 -target fpga -fhls -ferror-limit=0
Command       clang_tidy done; 0.676 sec.
INFO-FLOW: Done: clang-tidy CDT preprocess 39 time: 1.4 seconds per iteration
INFO-FLOW: Calling xilinx-label-all-loops ... 
INFO-FLOW: Calling xilinx-aggregate-on-hls-vector ... 
Execute       clang_tidy -errorcheck -desc loop-label xilinx-label-all-loops,xilinx-aggregate-on-hls-vector,,xilinx-warn-mayneed-no-ctor-attribute C:/ecg_hls/ecg_classifier_ip/solution1/.autopilot/db/weights_clf_L6_W.pp.0.cpp std=gnu++14 -target fpga  
Execute         ap_eval exec -ignorestderr C:/Xilinx/Vitis_HLS/2022.2/win64/tools/clang-3.9-csynth/bin/clang-tidy -export-fixes=C:/ecg_hls/ecg_classifier_ip/solution1/.autopilot/db/weights_clf_L6_W.pp.0.cpp.clang-tidy.loop-label.diag.yml -header-filter=.* --checks=-*,xilinx-label-all-loops,xilinx-aggregate-on-hls-vector,,xilinx-warn-mayneed-no-ctor-attribute -fix-errors C:/ecg_hls/ecg_classifier_ip/solution1/.autopilot/db/weights_clf_L6_W.pp.0.cpp -- -std=gnu++14 -target fpga -fhls -ferror-limit=0 > C:/ecg_hls/ecg_classifier_ip/solution1/.autopilot/db/weights_clf_L6_W.pp.0.cpp.clang-tidy.loop-label.out.log 2> C:/ecg_hls/ecg_classifier_ip/solution1/.autopilot/db/weights_clf_L6_W.pp.0.cpp.clang-tidy.loop-label.err.log 
Command         ap_eval done; 1.275 sec.
Command       clang_tidy done; 1.319 sec.
Execute       ap_eval exec -ignorestderr C:/Xilinx/Vitis_HLS/2022.2/win64/tools/clang-3.9-csynth/bin/xilinx-dataflow-lawyer -export-fixes=C:/ecg_hls/ecg_classifier_ip/solution1/.autopilot/db/weights_clf_L6_W.pp.0.cpp.xilinx-dataflow-lawyer.diag.yml C:/ecg_hls/ecg_classifier_ip/solution1/.autopilot/db/weights_clf_L6_W.pp.0.cpp -- -std=gnu++14 -target fpga -fhls -ferror-limit=0 -fstrict-dataflow > C:/ecg_hls/ecg_classifier_ip/solution1/.autopilot/db/weights_clf_L6_W.pp.0.cpp.xilinx-dataflow-lawyer.out.log 2> C:/ecg_hls/ecg_classifier_ip/solution1/.autopilot/db/weights_clf_L6_W.pp.0.cpp.xilinx-dataflow-lawyer.err.log 
Command       ap_eval done; 0.687 sec.
Execute       ap_part_info -name xc7z030-sbg485-2 -data info 
INFO-FLOW: compiling source code to llvm bc
Execute       ap_eval exec -ignorestderr C:/Xilinx/Vitis_HLS/2022.2/win64/tools/clang-3.9-csynth/bin/clang -foptimization-record-file=C:/ecg_hls/ecg_classifier_ip/solution1/.autopilot/db/weights_clf_L6_W.pp.0.cpp.clang.diag.yml -mllvm -pass-remarks-missed=reflow|pasta|unroll -mllvm -pass-remarks=reflow|pasta|unroll|inline -fno-limit-debug-info -fhls -flto -fno-exceptions -Wno-error=c++11-narrowing C:/ecg_hls/ecg_classifier_ip/solution1/.autopilot/db/weights_clf_L6_W.pp.0.cpp -IC:/ecg_hls/include -fno-math-errno -c -emit-llvm -mllvm -disable-llvm-optzns -Werror=implicit-function-declaration -Werror=implicit-hls-streams -Werror=return-type -Wpragmas -Wunused-parameter -Wdump-hls-pragmas -Wno-error=dump-hls-pragmas -fno-threadsafe-statics -fno-use-cxa-atexit -std=gnu++14 -target fpga64-xilinx-linux-gnu -D__VITIS_HLS__ -DAESL_SYN -D__SYNTHESIS__ -D__HLS_SYN__ -I C:/Xilinx/Vitis_HLS/2022.2/common/technology/autopilot -I C:/Xilinx/Vitis_HLS/2022.2/common/technology/autopilot/ap_sysc -include etc/autopilot_ssdm_op.h -D__DSP48E1__ -g -o C:/ecg_hls/ecg_classifier_ip/solution1/.autopilot/db/weights_clf_L6_W.bc {-hls-platform-db-name=C:/Xilinx/Vitis_HLS/2022.2/common/technology\xilinx/common/platform.db} -hls-platform-name=zynq_medium -device-resource-info=BRAM_530.000000_DSP_400.000000_FF_157200.000000_LUT_78600.000000_SLICE_19650.000000_URAM_0.000000 -device-name-info=xc7z030sbg485-2 > C:/ecg_hls/ecg_classifier_ip/solution1/.autopilot/db/weights_clf_L6_W.pp.0.cpp.clang.out.log 2> C:/ecg_hls/ecg_classifier_ip/solution1/.autopilot/db/weights_clf_L6_W.pp.0.cpp.clang.err.log 
Command       ap_eval done; 0.911 sec.
INFO: [HLS 200-10] Analyzing design file 'src/weights_clf_L6_b.cpp' ... 
INFO-FLOW: Compiling one TU...
INFO-FLOW: Handling src/weights_clf_L6_b.cpp as C++
Execute       ap_part_info -name xc7z030-sbg485-2 -data info 
INFO-FLOW: Running: GCC PP 39
INFO-FLOW: Source preprocessing
Execute       ap_eval exec -ignorestderr C:/Xilinx/Vitis_HLS/2022.2/win64/tools/clang-3.9-csynth/bin/clang src/weights_clf_L6_b.cpp -foptimization-record-file=C:/ecg_hls/ecg_classifier_ip/solution1/.autopilot/db/weights_clf_L6_b.cpp.clang.diag.yml -mllvm -pass-remarks-missed=reflow|pasta|unroll -mllvm -pass-remarks=reflow|pasta|unroll|inline -fno-limit-debug-info --sysroot C:/Xilinx/Vitis_HLS/2022.2/tps/mingw/8.3.0/win64.o/nt -fhls -fno-exceptions -E -IC:/ecg_hls/include -fno-math-errno -c -emit-llvm -mllvm -disable-llvm-optzns -Werror=implicit-function-declaration -Werror=implicit-hls-streams -Werror=return-type -Wpragmas -Wunused-parameter -Wdump-hls-pragmas -Wno-error=dump-hls-pragmas -fno-threadsafe-statics -fno-use-cxa-atexit -std=gnu++14 -target fpga64-xilinx-mingw32 -fno-threadsafe-statics -fno-use-cxa-atexit -D__VITIS_HLS__ -DAESL_SYN -D__SYNTHESIS__ -D__HLS_SYN__ -I C:/Xilinx/Vitis_HLS/2022.2/common/technology/autopilot -I C:/Xilinx/Vitis_HLS/2022.2/common/technology/autopilot/ap_sysc -include etc/autopilot_ssdm_op.h -D__DSP48E1__ -I /usr/include/x86_64-linux-gnu -o C:/ecg_hls/ecg_classifier_ip/solution1/.autopilot/db/weights_clf_L6_b.pp.0.cpp {-hls-platform-db-name=C:/Xilinx/Vitis_HLS/2022.2/common/technology\xilinx/common/platform.db} -hls-platform-name=zynq_medium -device-resource-info=BRAM_530.000000_DSP_400.000000_FF_157200.000000_LUT_78600.000000_SLICE_19650.000000_URAM_0.000000 -device-name-info=xc7z030sbg485-2 > C:/ecg_hls/ecg_classifier_ip/solution1/.autopilot/db/weights_clf_L6_b.cpp.clang.out.log 2> C:/ecg_hls/ecg_classifier_ip/solution1/.autopilot/db/weights_clf_L6_b.cpp.clang.err.log 
Command       ap_eval done; 0.335 sec.
INFO-FLOW: Done: GCC PP 39 time: 0.3 seconds per iteration
Execute       set_directive_top ecg_classifier -name=ecg_classifier 
INFO-FLOW: Source syntax check for synthesis
Execute       ap_eval exec -ignorestderr C:/Xilinx/Vitis_HLS/2022.2/win64/tools/clang-3.9-csynth/bin/clang -foptimization-record-file=C:/ecg_hls/ecg_classifier_ip/solution1/.autopilot/db/clang.diag.yml -mllvm -pass-remarks-missed=reflow|pasta|unroll -mllvm -pass-remarks=reflow|pasta|unroll|inline -fsyntax-only -fhls -target fpga64-xilinx-linux-gnu C:/ecg_hls/ecg_classifier_ip/solution1/.autopilot/db/weights_clf_L6_b.pp.0.cpp {-hls-platform-db-name=C:/Xilinx/Vitis_HLS/2022.2/common/technology\xilinx/common/platform.db} -hls-platform-name=zynq_medium -device-resource-info=BRAM_530.000000_DSP_400.000000_FF_157200.000000_LUT_78600.000000_SLICE_19650.000000_URAM_0.000000 -device-name-info=xc7z030sbg485-2 > C:/ecg_hls/ecg_classifier_ip/solution1/.autopilot/db/clang.out.log 2> C:/ecg_hls/ecg_classifier_ip/solution1/.autopilot/db/clang.err.log 
Command       ap_eval done; 1.01 sec.
Execute       clang_tidy xilinx-systemc-detector -desc systemc-detector C:/ecg_hls/ecg_classifier_ip/solution1/.autopilot/db/weights_clf_L6_b.pp.0.cpp std=gnu++14 -target fpga  -directive=C:/ecg_hls/ecg_classifier_ip/solution1/.autopilot/db/.systemc_flag 
INFO-FLOW: exec C:/Xilinx/Vitis_HLS/2022.2/win64/tools/clang-3.9-csynth/bin/clang-tidy -header-filter=.* --checks=-*,xilinx-systemc-detector -import-directive=C:/ecg_hls/ecg_classifier_ip/solution1/.autopilot/db/.systemc_flag -fix-errors C:/ecg_hls/ecg_classifier_ip/solution1/.autopilot/db/weights_clf_L6_b.pp.0.cpp -- -std=gnu++14 -target fpga -fhls -ferror-limit=0
Command       clang_tidy done; 0.698 sec.
INFO-FLOW: Running: clang-tidy CDT preprocess 39
Execute       clang_tidy xilinx-directive2pragma -desc directive2pragma C:/ecg_hls/ecg_classifier_ip/solution1/.autopilot/db/weights_clf_L6_b.pp.0.cpp std=gnu++14 -target fpga  -directive=C:/ecg_hls/ecg_classifier_ip/solution1/.autopilot/db/all.directive.json 
INFO-FLOW: exec C:/Xilinx/Vitis_HLS/2022.2/win64/tools/clang-3.9-csynth/bin/clang-tidy -header-filter=.* --checks=-*,xilinx-directive2pragma -import-directive=C:/ecg_hls/ecg_classifier_ip/solution1/.autopilot/db/all.directive.json -fix-errors C:/ecg_hls/ecg_classifier_ip/solution1/.autopilot/db/weights_clf_L6_b.pp.0.cpp -- -std=gnu++14 -target fpga -fhls -ferror-limit=0
Command       clang_tidy done; 0.621 sec.
Execute       clang_tidy xilinx-remove-assert -desc remove-assert C:/ecg_hls/ecg_classifier_ip/solution1/.autopilot/db/weights_clf_L6_b.pp.0.cpp std=gnu++14 -target fpga  
INFO-FLOW: exec C:/Xilinx/Vitis_HLS/2022.2/win64/tools/clang-3.9-csynth/bin/clang-tidy -header-filter=.* --checks=-*,xilinx-remove-assert -fix-errors C:/ecg_hls/ecg_classifier_ip/solution1/.autopilot/db/weights_clf_L6_b.pp.0.cpp -- -std=gnu++14 -target fpga -fhls -ferror-limit=0
Command       clang_tidy done; 0.696 sec.
INFO-FLOW: Done: clang-tidy CDT preprocess 39 time: 1.3 seconds per iteration
INFO-FLOW: Calling xilinx-label-all-loops ... 
INFO-FLOW: Calling xilinx-aggregate-on-hls-vector ... 
Execute       clang_tidy -errorcheck -desc loop-label xilinx-label-all-loops,xilinx-aggregate-on-hls-vector,,xilinx-warn-mayneed-no-ctor-attribute C:/ecg_hls/ecg_classifier_ip/solution1/.autopilot/db/weights_clf_L6_b.pp.0.cpp std=gnu++14 -target fpga  
Execute         ap_eval exec -ignorestderr C:/Xilinx/Vitis_HLS/2022.2/win64/tools/clang-3.9-csynth/bin/clang-tidy -export-fixes=C:/ecg_hls/ecg_classifier_ip/solution1/.autopilot/db/weights_clf_L6_b.pp.0.cpp.clang-tidy.loop-label.diag.yml -header-filter=.* --checks=-*,xilinx-label-all-loops,xilinx-aggregate-on-hls-vector,,xilinx-warn-mayneed-no-ctor-attribute -fix-errors C:/ecg_hls/ecg_classifier_ip/solution1/.autopilot/db/weights_clf_L6_b.pp.0.cpp -- -std=gnu++14 -target fpga -fhls -ferror-limit=0 > C:/ecg_hls/ecg_classifier_ip/solution1/.autopilot/db/weights_clf_L6_b.pp.0.cpp.clang-tidy.loop-label.out.log 2> C:/ecg_hls/ecg_classifier_ip/solution1/.autopilot/db/weights_clf_L6_b.pp.0.cpp.clang-tidy.loop-label.err.log 
Command         ap_eval done; 1.305 sec.
Command       clang_tidy done; 1.333 sec.
Execute       ap_eval exec -ignorestderr C:/Xilinx/Vitis_HLS/2022.2/win64/tools/clang-3.9-csynth/bin/xilinx-dataflow-lawyer -export-fixes=C:/ecg_hls/ecg_classifier_ip/solution1/.autopilot/db/weights_clf_L6_b.pp.0.cpp.xilinx-dataflow-lawyer.diag.yml C:/ecg_hls/ecg_classifier_ip/solution1/.autopilot/db/weights_clf_L6_b.pp.0.cpp -- -std=gnu++14 -target fpga -fhls -ferror-limit=0 -fstrict-dataflow > C:/ecg_hls/ecg_classifier_ip/solution1/.autopilot/db/weights_clf_L6_b.pp.0.cpp.xilinx-dataflow-lawyer.out.log 2> C:/ecg_hls/ecg_classifier_ip/solution1/.autopilot/db/weights_clf_L6_b.pp.0.cpp.xilinx-dataflow-lawyer.err.log 
Command       ap_eval done; 0.662 sec.
Execute       ap_part_info -name xc7z030-sbg485-2 -data info 
INFO-FLOW: compiling source code to llvm bc
Execute       ap_eval exec -ignorestderr C:/Xilinx/Vitis_HLS/2022.2/win64/tools/clang-3.9-csynth/bin/clang -foptimization-record-file=C:/ecg_hls/ecg_classifier_ip/solution1/.autopilot/db/weights_clf_L6_b.pp.0.cpp.clang.diag.yml -mllvm -pass-remarks-missed=reflow|pasta|unroll -mllvm -pass-remarks=reflow|pasta|unroll|inline -fno-limit-debug-info -fhls -flto -fno-exceptions -Wno-error=c++11-narrowing C:/ecg_hls/ecg_classifier_ip/solution1/.autopilot/db/weights_clf_L6_b.pp.0.cpp -IC:/ecg_hls/include -fno-math-errno -c -emit-llvm -mllvm -disable-llvm-optzns -Werror=implicit-function-declaration -Werror=implicit-hls-streams -Werror=return-type -Wpragmas -Wunused-parameter -Wdump-hls-pragmas -Wno-error=dump-hls-pragmas -fno-threadsafe-statics -fno-use-cxa-atexit -std=gnu++14 -target fpga64-xilinx-linux-gnu -D__VITIS_HLS__ -DAESL_SYN -D__SYNTHESIS__ -D__HLS_SYN__ -I C:/Xilinx/Vitis_HLS/2022.2/common/technology/autopilot -I C:/Xilinx/Vitis_HLS/2022.2/common/technology/autopilot/ap_sysc -include etc/autopilot_ssdm_op.h -D__DSP48E1__ -g -o C:/ecg_hls/ecg_classifier_ip/solution1/.autopilot/db/weights_clf_L6_b.bc {-hls-platform-db-name=C:/Xilinx/Vitis_HLS/2022.2/common/technology\xilinx/common/platform.db} -hls-platform-name=zynq_medium -device-resource-info=BRAM_530.000000_DSP_400.000000_FF_157200.000000_LUT_78600.000000_SLICE_19650.000000_URAM_0.000000 -device-name-info=xc7z030sbg485-2 > C:/ecg_hls/ecg_classifier_ip/solution1/.autopilot/db/weights_clf_L6_b.pp.0.cpp.clang.out.log 2> C:/ecg_hls/ecg_classifier_ip/solution1/.autopilot/db/weights_clf_L6_b.pp.0.cpp.clang.err.log 
Command       ap_eval done; 0.961 sec.
INFO: [HLS 200-111] Finished Source Code Analysis and Preprocessing: CPU user time: 4 seconds. CPU system time: 2 seconds. Elapsed time: 281.813 seconds; current allocated memory: 119.738 MB.
INFO-FLOW: Linking Debug ...
INFO-FLOW: Linking dut bc code.
Execute       run_link_or_opt -out C:/ecg_hls/ecg_classifier_ip/solution1/.autopilot/db/a.g.ld.0.bc -args  "C:/ecg_hls/ecg_classifier_ip/solution1/.autopilot/db/ecg_classifier.g.bc" "C:/ecg_hls/ecg_classifier_ip/solution1/.autopilot/db/weights_clf_L0_W.g.bc" "C:/ecg_hls/ecg_classifier_ip/solution1/.autopilot/db/weights_clf_L0_b.g.bc" "C:/ecg_hls/ecg_classifier_ip/solution1/.autopilot/db/weights_clf_L1_W.g.bc" "C:/ecg_hls/ecg_classifier_ip/solution1/.autopilot/db/weights_clf_L1_b.g.bc" "C:/ecg_hls/ecg_classifier_ip/solution1/.autopilot/db/weights_clf_L2_W.g.bc" "C:/ecg_hls/ecg_classifier_ip/solution1/.autopilot/db/weights_clf_L2_b.g.bc" "C:/ecg_hls/ecg_classifier_ip/solution1/.autopilot/db/weights_clf_L3_W.g.bc" "C:/ecg_hls/ecg_classifier_ip/solution1/.autopilot/db/weights_clf_L3_b.g.bc" "C:/ecg_hls/ecg_classifier_ip/solution1/.autopilot/db/weights_clf_L4_W.g.bc" "C:/ecg_hls/ecg_classifier_ip/solution1/.autopilot/db/weights_clf_L4_b.g.bc" "C:/ecg_hls/ecg_classifier_ip/solution1/.autopilot/db/weights_clf_L5_W.g.bc" "C:/ecg_hls/ecg_classifier_ip/solution1/.autopilot/db/weights_clf_L5_b.g.bc" "C:/ecg_hls/ecg_classifier_ip/solution1/.autopilot/db/weights_clf_L6_W.g.bc" "C:/ecg_hls/ecg_classifier_ip/solution1/.autopilot/db/weights_clf_L6_b.g.bc"  
Execute         ap_eval exec -ignorestderr C:/Xilinx/Vitis_HLS/2022.2/win64/tools/clang-3.9-csynth/bin/llvm-link C:/ecg_hls/ecg_classifier_ip/solution1/.autopilot/db/ecg_classifier.g.bc C:/ecg_hls/ecg_classifier_ip/solution1/.autopilot/db/weights_clf_L0_W.g.bc C:/ecg_hls/ecg_classifier_ip/solution1/.autopilot/db/weights_clf_L0_b.g.bc C:/ecg_hls/ecg_classifier_ip/solution1/.autopilot/db/weights_clf_L1_W.g.bc C:/ecg_hls/ecg_classifier_ip/solution1/.autopilot/db/weights_clf_L1_b.g.bc C:/ecg_hls/ecg_classifier_ip/solution1/.autopilot/db/weights_clf_L2_W.g.bc C:/ecg_hls/ecg_classifier_ip/solution1/.autopilot/db/weights_clf_L2_b.g.bc C:/ecg_hls/ecg_classifier_ip/solution1/.autopilot/db/weights_clf_L3_W.g.bc C:/ecg_hls/ecg_classifier_ip/solution1/.autopilot/db/weights_clf_L3_b.g.bc C:/ecg_hls/ecg_classifier_ip/solution1/.autopilot/db/weights_clf_L4_W.g.bc C:/ecg_hls/ecg_classifier_ip/solution1/.autopilot/db/weights_clf_L4_b.g.bc C:/ecg_hls/ecg_classifier_ip/solution1/.autopilot/db/weights_clf_L5_W.g.bc C:/ecg_hls/ecg_classifier_ip/solution1/.autopilot/db/weights_clf_L5_b.g.bc C:/ecg_hls/ecg_classifier_ip/solution1/.autopilot/db/weights_clf_L6_W.g.bc C:/ecg_hls/ecg_classifier_ip/solution1/.autopilot/db/weights_clf_L6_b.g.bc -o C:/ecg_hls/ecg_classifier_ip/solution1/.autopilot/db/a.g.ld.0.bc > C:/ecg_hls/ecg_classifier_ip/solution1/.autopilot/db/a.g.ld.0.bc.llvm-link.out.log 2> C:/ecg_hls/ecg_classifier_ip/solution1/.autopilot/db/a.g.ld.0.bc.llvm-link.err.log 
Command         ap_eval done; 4.518 sec.
INFO-FLOW: 
Command       run_link_or_opt done; 4.522 sec.
Execute       run_link_or_opt -opt -out C:/ecg_hls/ecg_classifier_ip/solution1/.autopilot/db/a.g.ld.1.lower.bc -args C:/ecg_hls/ecg_classifier_ip/solution1/.autopilot/db/a.g.ld.0.bc -reflow-lower-math-intrinsics 
Execute         ap_eval exec -ignorestderr C:/Xilinx/Vitis_HLS/2022.2/win64/tools/clang-3.9-csynth/bin/opt -pass-remarks-missed=reflow|pasta|unroll -pass-remarks=reflow|pasta|unroll|inline -pass-remarks-output=C:/ecg_hls/ecg_classifier_ip/solution1/.autopilot/db/a.g.ld.1.lower.bc.opt.diag.yml C:/ecg_hls/ecg_classifier_ip/solution1/.autopilot/db/a.g.ld.0.bc -reflow-lower-math-intrinsics -o C:/ecg_hls/ecg_classifier_ip/solution1/.autopilot/db/a.g.ld.1.lower.bc > C:/ecg_hls/ecg_classifier_ip/solution1/.autopilot/db/a.g.ld.1.lower.bc.opt.out.log 2> C:/ecg_hls/ecg_classifier_ip/solution1/.autopilot/db/a.g.ld.1.lower.bc.opt.err.log 
Command         ap_eval done; 3.997 sec.
INFO-FLOW: 
Command       run_link_or_opt done; 4 sec.
INFO-FLOW: Linking math bc lib
Execute       run_link_or_opt -out C:/ecg_hls/ecg_classifier_ip/solution1/.autopilot/db/a.g.ld.2.m1.bc -args C:/ecg_hls/ecg_classifier_ip/solution1/.autopilot/db/a.g.ld.1.lower.bc -only-needed C:/Xilinx/Vitis_HLS/2022.2/win64/lib/libhlsm_39.bc C:/Xilinx/Vitis_HLS/2022.2/win64/lib/libhlsmc++_39.bc 
Execute         ap_eval exec -ignorestderr C:/Xilinx/Vitis_HLS/2022.2/win64/tools/clang-3.9-csynth/bin/llvm-link C:/ecg_hls/ecg_classifier_ip/solution1/.autopilot/db/a.g.ld.1.lower.bc -only-needed C:/Xilinx/Vitis_HLS/2022.2/win64/lib/libhlsm_39.bc C:/Xilinx/Vitis_HLS/2022.2/win64/lib/libhlsmc++_39.bc -o C:/ecg_hls/ecg_classifier_ip/solution1/.autopilot/db/a.g.ld.2.m1.bc > C:/ecg_hls/ecg_classifier_ip/solution1/.autopilot/db/a.g.ld.2.m1.bc.llvm-link.out.log 2> C:/ecg_hls/ecg_classifier_ip/solution1/.autopilot/db/a.g.ld.2.m1.bc.llvm-link.err.log 
Command         ap_eval done; 8.32 sec.
INFO-FLOW: 
Command       run_link_or_opt done; 8.323 sec.
Execute       run_link_or_opt -opt -out C:/ecg_hls/ecg_classifier_ip/solution1/.autopilot/db/a.g.ld.3.fpc.bc -args C:/ecg_hls/ecg_classifier_ip/solution1/.autopilot/db/a.g.ld.2.m1.bc -reflow-globaldce -hls-top-function-name=ecg_classifier -reflow-float-conversion 
Execute         ap_eval exec -ignorestderr C:/Xilinx/Vitis_HLS/2022.2/win64/tools/clang-3.9-csynth/bin/opt -pass-remarks-missed=reflow|pasta|unroll -pass-remarks=reflow|pasta|unroll|inline -pass-remarks-output=C:/ecg_hls/ecg_classifier_ip/solution1/.autopilot/db/a.g.ld.3.fpc.bc.opt.diag.yml C:/ecg_hls/ecg_classifier_ip/solution1/.autopilot/db/a.g.ld.2.m1.bc -reflow-globaldce -hls-top-function-name=ecg_classifier -reflow-float-conversion -o C:/ecg_hls/ecg_classifier_ip/solution1/.autopilot/db/a.g.ld.3.fpc.bc > C:/ecg_hls/ecg_classifier_ip/solution1/.autopilot/db/a.g.ld.3.fpc.bc.opt.out.log 2> C:/ecg_hls/ecg_classifier_ip/solution1/.autopilot/db/a.g.ld.3.fpc.bc.opt.err.log 
Command         ap_eval done; 6.41 sec.
INFO-FLOW: 
Command       run_link_or_opt done; 6.414 sec.
Execute       run_link_or_opt -out C:/ecg_hls/ecg_classifier_ip/solution1/.autopilot/db/a.g.ld.4.m2.bc -args C:/ecg_hls/ecg_classifier_ip/solution1/.autopilot/db/a.g.ld.3.fpc.bc -only-needed C:/Xilinx/Vitis_HLS/2022.2/win64/lib/libfloatconversion_39.bc 
Execute         ap_eval exec -ignorestderr C:/Xilinx/Vitis_HLS/2022.2/win64/tools/clang-3.9-csynth/bin/llvm-link C:/ecg_hls/ecg_classifier_ip/solution1/.autopilot/db/a.g.ld.3.fpc.bc -only-needed C:/Xilinx/Vitis_HLS/2022.2/win64/lib/libfloatconversion_39.bc -o C:/ecg_hls/ecg_classifier_ip/solution1/.autopilot/db/a.g.ld.4.m2.bc > C:/ecg_hls/ecg_classifier_ip/solution1/.autopilot/db/a.g.ld.4.m2.bc.llvm-link.out.log 2> C:/ecg_hls/ecg_classifier_ip/solution1/.autopilot/db/a.g.ld.4.m2.bc.llvm-link.err.log 
Command         ap_eval done; 4.746 sec.
INFO-FLOW: 
Command       run_link_or_opt done; 4.749 sec.
Execute       run_link_or_opt -opt -out C:/ecg_hls/ecg_classifier_ip/solution1/.autopilot/db/a.g.ld.5.gdce.bc -args C:/ecg_hls/ecg_classifier_ip/solution1/.autopilot/db/a.g.ld.4.m2.bc -reflow-globaldce -hls-top-function-name=ecg_classifier 
Execute         ap_eval exec -ignorestderr C:/Xilinx/Vitis_HLS/2022.2/win64/tools/clang-3.9-csynth/bin/opt -pass-remarks-missed=reflow|pasta|unroll -pass-remarks=reflow|pasta|unroll|inline -pass-remarks-output=C:/ecg_hls/ecg_classifier_ip/solution1/.autopilot/db/a.g.ld.5.gdce.bc.opt.diag.yml C:/ecg_hls/ecg_classifier_ip/solution1/.autopilot/db/a.g.ld.4.m2.bc -reflow-globaldce -hls-top-function-name=ecg_classifier -o C:/ecg_hls/ecg_classifier_ip/solution1/.autopilot/db/a.g.ld.5.gdce.bc > C:/ecg_hls/ecg_classifier_ip/solution1/.autopilot/db/a.g.ld.5.gdce.bc.opt.out.log 2> C:/ecg_hls/ecg_classifier_ip/solution1/.autopilot/db/a.g.ld.5.gdce.bc.opt.err.log 
Command         ap_eval done; 4.156 sec.
INFO-FLOW: 
Command       run_link_or_opt done; 4.16 sec.
Execute       send_msg_by_id INFO @200-777@%s Vivado 
INFO: [HLS 200-777] Using interface defaults for 'Vivado' flow target.
Execute       is_m_axi_addr64 
INFO-FLOW: Doing LTO.
Execute       ap_eval exec -ignorestderr C:/Xilinx/Vitis_HLS/2022.2/win64/tools/clang-3.9-csynth/bin/clang -foptimization-record-file=C:/ecg_hls/ecg_classifier_ip/solution1/.autopilot/db/a.g.ld.0.bc.clang.diag.yml -mllvm -pass-remarks-missed=reflow|pasta|unroll -mllvm -pass-remarks=reflow|pasta|unroll|inline -fhls -mllvm -hls-top-function-name=ecg_classifier -mllvm -hls-db-dir -mllvm C:/ecg_hls/ecg_classifier_ip/solution1/.autopilot/db -emit-llvm -c -target fpga64-xilinx-none -mllvm -xcl-xmlinfo=C:/ecg_hls/ecg_classifier_ip/solution1/.autopilot/db/kernel.internal.xml -mllvm -top-io-mapping-info=C:/ecg_hls/ecg_classifier_ip/solution1/.autopilot/db/top-io-fe.xml -mllvm -hls-bitcode-version=3.1 -mllvm -reflow-enable-slave-interface-default-setting=true -mllvm -gen-kernel-xml=false -mllvm -default-maxi-offset=slave -mllvm -maxi-latency=0 -mllvm -hls-maxi-data-size-in-bits=8 -mllvm -hls-maxi-max-data-size-in-bits=1024 -mllvm -hls-max-widen-size-in-bits=0 -mllvm -xcl-kernel-max-mem-ports=0 -mllvm -maxi-read-trans=16 -mllvm -maxi-write-trans=16 -mllvm -maxi-read-burst-len=16 -mllvm -maxi-write-burst-len=16 -mllvm -reflow-enable-saxi-64bits=0 -mllvm -reflow-basic-block-instr-threshold=200000 -mllvm -reflow-auto-pipeline-threshold=64 -mllvm -reflow-enable-maxi-auto-id-channel=0 -mllvm -assume-maxi-align=1 -mllvm -reflow-pipeline-style-llvm-setting=2 -mllvm -reflow-enable-dataflow-strict-mode-checking=1 -mllvm -reflow-auto-array-partition-mode=default -mllvm -reflow-enable-auto-array-partition=true -mllvm -reflow-enable-auto-parallel-performance-driven=true -mllvm -reflow-enable-partition-for-automation=true -mllvm -reflow-aggregate-bitwidth-threshold=4096 -mllvm -reflow-assume-no-address-wrap=true -mllvm -hls -mllvm -disable-inlined-alloca-merging=true -mllvm -default-clock-period=13 -x ir C:/ecg_hls/ecg_classifier_ip/solution1/.autopilot/db/a.g.ld.5.gdce.bc -o C:/ecg_hls/ecg_classifier_ip/solution1/.autopilot/db/a.g.lto.bc {-hls-platform-db-name=C:/Xilinx/Vitis_HLS/2022.2/common/technology\xilinx/common/platform.db} -hls-platform-name=zynq_medium -device-resource-info=BRAM_530.000000_DSP_400.000000_FF_157200.000000_LUT_78600.000000_SLICE_19650.000000_URAM_0.000000 -device-name-info=xc7z030sbg485-2 > C:/ecg_hls/ecg_classifier_ip/solution1/.autopilot/db/a.g.ld.0.bc.clang.out.log 2> C:/ecg_hls/ecg_classifier_ip/solution1/.autopilot/db/a.g.ld.0.bc.clang.err.log 
Command       ap_eval done; 164.348 sec.
INFO: [HLS 214-131] Inlining function 'ssdm_int<64, true>::ssdm_int(long)' into 'ap_int_base<64, true>::ap_int_base(long)' (C:/Xilinx/Vitis_HLS/2022.2/common/technology/autopilot\ap_int_base.h:216:68)
INFO: [HLS 214-131] Inlining function '_ZN8ssdm_intILi65ELb1EEC2EDq65_i' into 'ap_int_base<65, true>::ap_int_base<11, false>(ap_int_base<11, false> const&)' (C:/Xilinx/Vitis_HLS/2022.2/common/technology/autopilot\ap_int_base.h:185:106)
INFO: [HLS 214-131] Inlining function '_ZN8ssdm_intILi65ELb1EEC2EDq65_i' into 'ap_int_base<65, true>::ap_int_base<64, true>(ap_int_base<64, true> const&)' (C:/Xilinx/Vitis_HLS/2022.2/common/technology/autopilot\ap_int_base.h:185:106)
INFO: [HLS 214-131] Inlining function '_ZN8ssdm_intILi65ELb1EEC2EDq65_i' into 'ap_int_base<65, true>::ap_int_base(int)' (C:/Xilinx/Vitis_HLS/2022.2/common/technology/autopilot\ap_int_base.h:214:67)
INFO: [HLS 214-131] Inlining function 'ap_int_base<65, true>::ap_int_base<11, false>(ap_int_base<11, false> const&)' into 'ap_int_base<11, false>::RType<64, true>::minus operator-<11, false, 64, true>(ap_int_base<11, false> const&, ap_int_base<64, true> const&)' (C:/Xilinx/Vitis_HLS/2022.2/common/technology/autopilot\ap_int_base.h:1496:341)
INFO: [HLS 214-131] Inlining function 'ap_int_base<65, true>::ap_int_base(int)' into 'ap_int_base<11, false>::RType<64, true>::minus operator-<11, false, 64, true>(ap_int_base<11, false> const&, ap_int_base<64, true> const&)' (C:/Xilinx/Vitis_HLS/2022.2/common/technology/autopilot\ap_int_base.h:1496:520)
INFO: [HLS 214-131] Inlining function 'ap_int_base<65, true>::ap_int_base<64, true>(ap_int_base<64, true> const&)' into 'ap_int_base<11, false>::RType<64, true>::minus operator-<11, false, 64, true>(ap_int_base<11, false> const&, ap_int_base<64, true> const&)' (C:/Xilinx/Vitis_HLS/2022.2/common/technology/autopilot\ap_int_base.h:1496:430)
INFO: [HLS 214-131] Inlining function 'ap_int_base<64, true>::ap_int_base(long)' into 'ap_int_base<11, false>::RType<($_0)64, true>::minus operator-<11, false>(ap_int_base<11, false> const&, long)' (C:/Xilinx/Vitis_HLS/2022.2/common/technology/autopilot\ap_int_base.h:1635:1548)
INFO: [HLS 214-131] Inlining function 'ap_int_base<11, false>::RType<64, true>::minus operator-<11, false, 64, true>(ap_int_base<11, false> const&, ap_int_base<64, true> const&)' into 'ap_int_base<11, false>::RType<($_0)64, true>::minus operator-<11, false>(ap_int_base<11, false> const&, long)' (C:/Xilinx/Vitis_HLS/2022.2/common/technology/autopilot\ap_int_base.h:1635:1546)
INFO: [HLS 214-131] Inlining function '_ZN8ssdm_intILi1ELb0EEC2EDq1_j' into 'ap_int_base<1, false>::ap_int_base(int)' (C:/Xilinx/Vitis_HLS/2022.2/common/technology/autopilot\ap_int_base.h:214:67)
INFO: [HLS 214-131] Inlining function '_ZN8ssdm_intILi55ELb1EEC2EDq55_i' into 'ap_int_base<55, true>::ap_int_base<1, false>(ap_int_base<1, false> const&)' (C:/Xilinx/Vitis_HLS/2022.2/common/technology/autopilot\ap_int_base.h:185:106)
INFO: [HLS 214-131] Inlining function '_ZN8ssdm_intILi55ELb1EEC2EDq55_i' into 'ap_int_base<55, true>::ap_int_base<54, true>(ap_int_base<54, true> const&)' (C:/Xilinx/Vitis_HLS/2022.2/common/technology/autopilot\ap_int_base.h:185:106)
INFO: [HLS 214-131] Inlining function '_ZN8ssdm_intILi55ELb1EEC2EDq55_i' into 'ap_int_base<55, true>::ap_int_base(int)' (C:/Xilinx/Vitis_HLS/2022.2/common/technology/autopilot\ap_int_base.h:214:67)
INFO: [HLS 214-131] Inlining function 'ap_int_base<55, true>::ap_int_base<1, false>(ap_int_base<1, false> const&)' into 'ap_int_base<1, false>::RType<54, true>::minus operator-<1, false, 54, true>(ap_int_base<1, false> const&, ap_int_base<54, true> const&)' (C:/Xilinx/Vitis_HLS/2022.2/common/technology/autopilot\ap_int_base.h:1496:341)
INFO: [HLS 214-131] Inlining function 'ap_int_base<55, true>::ap_int_base(int)' into 'ap_int_base<1, false>::RType<54, true>::minus operator-<1, false, 54, true>(ap_int_base<1, false> const&, ap_int_base<54, true> const&)' (C:/Xilinx/Vitis_HLS/2022.2/common/technology/autopilot\ap_int_base.h:1496:520)
INFO: [HLS 214-131] Inlining function 'ap_int_base<55, true>::ap_int_base<54, true>(ap_int_base<54, true> const&)' into 'ap_int_base<1, false>::RType<54, true>::minus operator-<1, false, 54, true>(ap_int_base<1, false> const&, ap_int_base<54, true> const&)' (C:/Xilinx/Vitis_HLS/2022.2/common/technology/autopilot\ap_int_base.h:1496:430)
INFO: [HLS 214-131] Inlining function 'ap_int_base<1, false>::ap_int_base(int)' into 'ap_int_base<54, true>::operator-() const' (C:/Xilinx/Vitis_HLS/2022.2/common/technology/autopilot\ap_int_base.h:895:12)
INFO: [HLS 214-131] Inlining function 'ap_int_base<1, false>::RType<54, true>::minus operator-<1, false, 54, true>(ap_int_base<1, false> const&, ap_int_base<54, true> const&)' into 'ap_int_base<54, true>::operator-() const' (C:/Xilinx/Vitis_HLS/2022.2/common/technology/autopilot\ap_int_base.h:895:37)
INFO: [HLS 214-131] Inlining function 'doubleToRawBits(double)' into 'ap_fixed_base<8, 4, true, (ap_q_mode)5, (ap_o_mode)3, 0>::ap_fixed_base(double)' (C:/Xilinx/Vitis_HLS/2022.2/common/technology/autopilot\ap_fixed_base.h:545:14)
INFO: [HLS 214-131] Inlining function 'ap_int_base<54, true>& ap_int_base<54, true>::operator=<55, true>(ap_int_base<55, true> const&)' into 'ap_fixed_base<8, 4, true, (ap_q_mode)5, (ap_o_mode)3, 0>::ap_fixed_base(double)' (C:/Xilinx/Vitis_HLS/2022.2/common/technology/autopilot\ap_fixed_base.h:559:20)
INFO: [HLS 214-131] Inlining function 'ap_int_base<54, true>::operator-() const' into 'ap_fixed_base<8, 4, true, (ap_q_mode)5, (ap_o_mode)3, 0>::ap_fixed_base(double)' (C:/Xilinx/Vitis_HLS/2022.2/common/technology/autopilot\ap_fixed_base.h:559:22)
INFO: [HLS 214-131] Inlining function 'ap_int_base<12, true>& ap_int_base<12, true>::operator=<65, true>(ap_int_base<65, true> const&)' into 'ap_fixed_base<8, 4, true, (ap_q_mode)5, (ap_o_mode)3, 0>::ap_fixed_base(double)' (C:/Xilinx/Vitis_HLS/2022.2/common/technology/autopilot\ap_fixed_base.h:552:9)
INFO: [HLS 214-131] Inlining function 'ap_int_base<11, false>::RType<($_0)64, true>::minus operator-<11, false>(ap_int_base<11, false> const&, long)' into 'ap_fixed_base<8, 4, true, (ap_q_mode)5, (ap_o_mode)3, 0>::ap_fixed_base(double)' (C:/Xilinx/Vitis_HLS/2022.2/common/technology/autopilot\ap_fixed_base.h:552:19)
INFO: [HLS 214-131] Inlining function 'ap_fixed_base<8, 4, true, (ap_q_mode)5, (ap_o_mode)3, 0>::ap_fixed_base(float)' into 'ap_fixed<8, 4, (ap_q_mode)5, (ap_o_mode)3, 0>::ap_fixed(float)'
INFO: [HLS 214-131] Inlining function 'hls::axis<ap_uint<32>, 1ul, 1ul, 1ul>::get_user_ptr()' into 'hls::stream<hls::axis<ap_uint<32>, 1ul, 1ul, 1ul>, 0>::read()' (C:/Xilinx/Vitis_HLS/2022.2/common/technology/autopilot\ap_axi_sdata.h:247:50)
INFO: [HLS 214-131] Inlining function 'hls::axis<ap_uint<32>, 1ul, 1ul, 1ul>::get_dest_ptr()' into 'hls::stream<hls::axis<ap_uint<32>, 1ul, 1ul, 1ul>, 0>::read()' (C:/Xilinx/Vitis_HLS/2022.2/common/technology/autopilot\ap_axi_sdata.h:250:25)
INFO: [HLS 214-131] Inlining function 'hls::axis<ap_uint<32>, 1ul, 1ul, 1ul>::get_id_ptr()' into 'hls::stream<hls::axis<ap_uint<32>, 1ul, 1ul, 1ul>, 0>::read()' (C:/Xilinx/Vitis_HLS/2022.2/common/technology/autopilot\ap_axi_sdata.h:249:67)
INFO: [HLS 214-131] Inlining function 'hls::axis<ap_uint<32>, 1ul, 1ul, 1ul>::get_user_ptr()' into 'hls::stream<hls::axis<ap_uint<32>, 1ul, 1ul, 1ul>, 0>::read()' (C:/Xilinx/Vitis_HLS/2022.2/common/technology/autopilot\ap_axi_sdata.h:249:36)
INFO: [HLS 214-131] Inlining function 'hls::axis<ap_uint<32>, 1ul, 1ul, 1ul>::get_dest_ptr()' into 'hls::stream<hls::axis<ap_uint<32>, 1ul, 1ul, 1ul>, 0>::read()' (C:/Xilinx/Vitis_HLS/2022.2/common/technology/autopilot\ap_axi_sdata.h:248:39)
INFO: [HLS 214-131] Inlining function 'hls::axis<ap_uint<32>, 1ul, 1ul, 1ul>::get_id_ptr()' into 'hls::stream<hls::axis<ap_uint<32>, 1ul, 1ul, 1ul>, 0>::read()' (C:/Xilinx/Vitis_HLS/2022.2/common/technology/autopilot\ap_axi_sdata.h:248:23)
INFO: [HLS 214-131] Inlining function 'ap_range_ref<32, false>::ap_range_ref(ap_int_base<32, false>*, int, int)' into 'ap_int_base<32, false>::range(int, int)' (C:/Xilinx/Vitis_HLS/2022.2/common/technology/autopilot\ap_int_base.h:1048:12)
INFO: [HLS 214-131] Inlining function 'af_range_ref<32, 16, true, (ap_q_mode)5, (ap_o_mode)3, 0>::af_range_ref(ap_fixed_base<32, 16, true, (ap_q_mode)5, (ap_o_mode)3, 0>*, int, int)' into 'ap_fixed_base<32, 16, true, (ap_q_mode)5, (ap_o_mode)3, 0>::range(int, int)' (C:/Xilinx/Vitis_HLS/2022.2/common/technology/autopilot\ap_fixed_base.h:1746:12)
INFO: [HLS 214-131] Inlining function 'ap_range_ref<32, false>::get() const' into 'ap_int_base<32, false>::ap_int_base<32, false>(ap_range_ref<32, false> const&)' (C:/Xilinx/Vitis_HLS/2022.2/common/technology/autopilot\ap_int_base.h:358:20)
INFO: [HLS 214-131] Inlining function 'ap_int_base<32, false>::ap_int_base<32, false>(ap_range_ref<32, false> const&)' into 'af_range_ref<32, 16, true, (ap_q_mode)5, (ap_o_mode)3, 0>& af_range_ref<32, 16, true, (ap_q_mode)5, (ap_o_mode)3, 0>::operator=<32, false>(ap_range_ref<32, false> const&)' (C:/Xilinx/Vitis_HLS/2022.2/common/technology/autopilot\ap_fixed_ref.h:301:38)
INFO: [HLS 214-131] Inlining function 'af_range_ref<32, 16, true, (ap_q_mode)5, (ap_o_mode)3, 0>& af_range_ref<32, 16, true, (ap_q_mode)5, (ap_o_mode)3, 0>::operator=<32, false>(ap_int_base<32, false> const&)' into 'af_range_ref<32, 16, true, (ap_q_mode)5, (ap_o_mode)3, 0>& af_range_ref<32, 16, true, (ap_q_mode)5, (ap_o_mode)3, 0>::operator=<32, false>(ap_range_ref<32, false> const&)' (C:/Xilinx/Vitis_HLS/2022.2/common/technology/autopilot\ap_fixed_ref.h:302:12)
INFO: [HLS 214-131] Inlining function 'ap_fixed_base<32, 32, true, (ap_q_mode)5, (ap_o_mode)3, 0>::operator!() const' into 'ap_fixed_base<48, 24, true, (ap_q_mode)5, (ap_o_mode)3, 0>& ap_fixed_base<48, 24, true, (ap_q_mode)5, (ap_o_mode)3, 0>::operator=<32, 32, true, (ap_q_mode)5, (ap_o_mode)3, 0>(ap_fixed_base<32, 32, true, (ap_q_mode)5, (ap_o_mode)3, 0> const&)' (C:/Xilinx/Vitis_HLS/2022.2/common/technology/autopilot\ap_fixed_base.h:808:9)
INFO: [HLS 214-131] Inlining function 'ap_fixed_base<48, 24, true, (ap_q_mode)5, (ap_o_mode)3, 0>& ap_fixed_base<48, 24, true, (ap_q_mode)5, (ap_o_mode)3, 0>::operator=<32, 32, true, (ap_q_mode)5, (ap_o_mode)3, 0>(ap_fixed_base<32, 32, true, (ap_q_mode)5, (ap_o_mode)3, 0> const&)' into 'ap_fixed_base<48, 24, true, (ap_q_mode)5, (ap_o_mode)3, 0>::ap_fixed_base(int)' (C:/Xilinx/Vitis_HLS/2022.2/common/technology/autopilot\ap_fixed_base.h:530:146)
INFO: [HLS 214-131] Inlining function 'ap_fixed_base<48, 24, true, (ap_q_mode)5, (ap_o_mode)3, 0>::ap_fixed_base(int)' into 'ap_fixed<48, 24, (ap_q_mode)5, (ap_o_mode)3, 0>::ap_fixed(int)'
INFO: [HLS 214-131] Inlining function 'ap_fixed_base<32, 16, true, (ap_q_mode)5, (ap_o_mode)3, 0>::operator!() const' into 'ap_fixed_base<48, 24, true, (ap_q_mode)5, (ap_o_mode)3, 0>& ap_fixed_base<48, 24, true, (ap_q_mode)5, (ap_o_mode)3, 0>::operator=<32, 16, true, (ap_q_mode)5, (ap_o_mode)3, 0>(ap_fixed_base<32, 16, true, (ap_q_mode)5, (ap_o_mode)3, 0> const&)' (C:/Xilinx/Vitis_HLS/2022.2/common/technology/autopilot\ap_fixed_base.h:808:9)
INFO: [HLS 214-131] Inlining function '_ZN8ssdm_intILi48ELb1EEC2EDq48_i' into 'ap_fixed_base<48, 24, true, (ap_q_mode)5, (ap_o_mode)3, 0>::ap_fixed_base<32, 16, true, (ap_q_mode)5, (ap_o_mode)3, 0>(ap_fixed_base<32, 16, true, (ap_q_mode)5, (ap_o_mode)3, 0> const&)' (C:/Xilinx/Vitis_HLS/2022.2/common/technology/autopilot\ap_fixed_base.h:401:80)
INFO: [HLS 214-131] Inlining function 'ap_fixed_base<48, 24, true, (ap_q_mode)5, (ap_o_mode)3, 0>& ap_fixed_base<48, 24, true, (ap_q_mode)5, (ap_o_mode)3, 0>::operator=<32, 16, true, (ap_q_mode)5, (ap_o_mode)3, 0>(ap_fixed_base<32, 16, true, (ap_q_mode)5, (ap_o_mode)3, 0> const&)' into 'ap_fixed_base<48, 24, true, (ap_q_mode)5, (ap_o_mode)3, 0>::ap_fixed_base<32, 16, true, (ap_q_mode)5, (ap_o_mode)3, 0>(ap_fixed_base<32, 16, true, (ap_q_mode)5, (ap_o_mode)3, 0> const&)' (C:/Xilinx/Vitis_HLS/2022.2/common/technology/autopilot\ap_fixed_base.h:403:5)
INFO: [HLS 214-131] Inlining function 'ap_fixed_base<48, 24, true, (ap_q_mode)5, (ap_o_mode)3, 0>::ap_fixed_base<32, 16, true, (ap_q_mode)5, (ap_o_mode)3, 0>(ap_fixed_base<32, 16, true, (ap_q_mode)5, (ap_o_mode)3, 0> const&)' into 'ap_fixed<48, 24, (ap_q_mode)5, (ap_o_mode)3, 0>::ap_fixed<32, 16, true, (ap_q_mode)5, (ap_o_mode)3, 0>(ap_fixed_base<32, 16, true, (ap_q_mode)5, (ap_o_mode)3, 0> const&)'
INFO: [HLS 214-131] Inlining function 'ap_fixed_base<32, 32, true, (ap_q_mode)5, (ap_o_mode)3, 0>::operator!() const' into 'ap_fixed_base<49, 25, true, (ap_q_mode)5, (ap_o_mode)3, 0>& ap_fixed_base<49, 25, true, (ap_q_mode)5, (ap_o_mode)3, 0>::operator=<32, 32, true, (ap_q_mode)5, (ap_o_mode)3, 0>(ap_fixed_base<32, 32, true, (ap_q_mode)5, (ap_o_mode)3, 0> const&)' (C:/Xilinx/Vitis_HLS/2022.2/common/technology/autopilot\ap_fixed_base.h:808:9)
INFO: [HLS 214-131] Inlining function 'ap_fixed_base<49, 25, true, (ap_q_mode)5, (ap_o_mode)3, 0>& ap_fixed_base<49, 25, true, (ap_q_mode)5, (ap_o_mode)3, 0>::operator=<32, 32, true, (ap_q_mode)5, (ap_o_mode)3, 0>(ap_fixed_base<32, 32, true, (ap_q_mode)5, (ap_o_mode)3, 0> const&)' into 'ap_fixed_base<49, 25, true, (ap_q_mode)5, (ap_o_mode)3, 0>::ap_fixed_base(int)' (C:/Xilinx/Vitis_HLS/2022.2/common/technology/autopilot\ap_fixed_base.h:530:146)
INFO: [HLS 214-131] Inlining function 'ap_fixed_base<48, 24, true, (ap_q_mode)5, (ap_o_mode)3, 0>::operator!() const' into 'ap_fixed_base<49, 25, true, (ap_q_mode)5, (ap_o_mode)3, 0>& ap_fixed_base<49, 25, true, (ap_q_mode)5, (ap_o_mode)3, 0>::operator=<48, 24, true, (ap_q_mode)5, (ap_o_mode)3, 0>(ap_fixed_base<48, 24, true, (ap_q_mode)5, (ap_o_mode)3, 0> const&)' (C:/Xilinx/Vitis_HLS/2022.2/common/technology/autopilot\ap_fixed_base.h:808:9)
INFO: [HLS 214-131] Inlining function '_ZN8ssdm_intILi49ELb1EEC2EDq49_i' into 'ap_fixed_base<49, 25, true, (ap_q_mode)5, (ap_o_mode)3, 0>::ap_fixed_base<48, 24, true, (ap_q_mode)5, (ap_o_mode)3, 0>(ap_fixed_base<48, 24, true, (ap_q_mode)5, (ap_o_mode)3, 0> const&)' (C:/Xilinx/Vitis_HLS/2022.2/common/technology/autopilot\ap_fixed_base.h:401:80)
INFO: [HLS 214-131] Inlining function 'ap_fixed_base<49, 25, true, (ap_q_mode)5, (ap_o_mode)3, 0>& ap_fixed_base<49, 25, true, (ap_q_mode)5, (ap_o_mode)3, 0>::operator=<48, 24, true, (ap_q_mode)5, (ap_o_mode)3, 0>(ap_fixed_base<48, 24, true, (ap_q_mode)5, (ap_o_mode)3, 0> const&)' into 'ap_fixed_base<49, 25, true, (ap_q_mode)5, (ap_o_mode)3, 0>::ap_fixed_base<48, 24, true, (ap_q_mode)5, (ap_o_mode)3, 0>(ap_fixed_base<48, 24, true, (ap_q_mode)5, (ap_o_mode)3, 0> const&)' (C:/Xilinx/Vitis_HLS/2022.2/common/technology/autopilot\ap_fixed_base.h:403:5)
INFO: [HLS 214-131] Inlining function 'ap_fixed_base<49, 25, true, (ap_q_mode)5, (ap_o_mode)3, 0>::ap_fixed_base(int)' into 'ap_fixed_base<48, 24, true, (ap_q_mode)5, (ap_o_mode)3, 0>::RType<48, 24, true>::plus ap_fixed_base<48, 24, true, (ap_q_mode)5, (ap_o_mode)3, 0>::operator+<48, 24, true, (ap_q_mode)5, (ap_o_mode)3, 0>(ap_fixed_base<48, 24, true, (ap_q_mode)5, (ap_o_mode)3, 0> const&) const' (C:/Xilinx/Vitis_HLS/2022.2/common/technology/autopilot\ap_fixed_base.h:1347:325)
INFO: [HLS 214-131] Inlining function 'ap_fixed_base<49, 25, true, (ap_q_mode)5, (ap_o_mode)3, 0>::ap_fixed_base<48, 24, true, (ap_q_mode)5, (ap_o_mode)3, 0>(ap_fixed_base<48, 24, true, (ap_q_mode)5, (ap_o_mode)3, 0> const&)' into 'ap_fixed_base<48, 24, true, (ap_q_mode)5, (ap_o_mode)3, 0>::RType<48, 24, true>::plus ap_fixed_base<48, 24, true, (ap_q_mode)5, (ap_o_mode)3, 0>::operator+<48, 24, true, (ap_q_mode)5, (ap_o_mode)3, 0>(ap_fixed_base<48, 24, true, (ap_q_mode)5, (ap_o_mode)3, 0> const&) const' (C:/Xilinx/Vitis_HLS/2022.2/common/technology/autopilot\ap_fixed_base.h:1347:345)
INFO: [HLS 214-131] Inlining function 'ap_fixed_base<49, 25, true, (ap_q_mode)5, (ap_o_mode)3, 0>::ap_fixed_base<48, 24, true, (ap_q_mode)5, (ap_o_mode)3, 0>(ap_fixed_base<48, 24, true, (ap_q_mode)5, (ap_o_mode)3, 0> const&)' into 'ap_fixed_base<48, 24, true, (ap_q_mode)5, (ap_o_mode)3, 0>::RType<48, 24, true>::plus ap_fixed_base<48, 24, true, (ap_q_mode)5, (ap_o_mode)3, 0>::operator+<48, 24, true, (ap_q_mode)5, (ap_o_mode)3, 0>(ap_fixed_base<48, 24, true, (ap_q_mode)5, (ap_o_mode)3, 0> const&) const' (C:/Xilinx/Vitis_HLS/2022.2/common/technology/autopilot\ap_fixed_base.h:1347:333)
INFO: [HLS 214-131] Inlining function 'ap_fixed_base<49, 25, true, (ap_q_mode)5, (ap_o_mode)3, 0>::operator!() const' into 'ap_fixed_base<48, 24, true, (ap_q_mode)5, (ap_o_mode)3, 0>& ap_fixed_base<48, 24, true, (ap_q_mode)5, (ap_o_mode)3, 0>::operator=<49, 25, true, (ap_q_mode)5, (ap_o_mode)3, 0>(ap_fixed_base<49, 25, true, (ap_q_mode)5, (ap_o_mode)3, 0> const&)' (C:/Xilinx/Vitis_HLS/2022.2/common/technology/autopilot\ap_fixed_base.h:808:9)
INFO: [HLS 214-131] Inlining function 'ap_fixed_base<48, 24, true, (ap_q_mode)5, (ap_o_mode)3, 0>::RType<48, 24, true>::plus ap_fixed_base<48, 24, true, (ap_q_mode)5, (ap_o_mode)3, 0>::operator+<48, 24, true, (ap_q_mode)5, (ap_o_mode)3, 0>(ap_fixed_base<48, 24, true, (ap_q_mode)5, (ap_o_mode)3, 0> const&) const' into 'ap_fixed_base<48, 24, true, (ap_q_mode)5, (ap_o_mode)3, 0>& ap_fixed_base<48, 24, true, (ap_q_mode)5, (ap_o_mode)3, 0>::operator+=<48, 24, true, (ap_q_mode)5, (ap_o_mode)3, 0>(ap_fixed_base<48, 24, true, (ap_q_mode)5, (ap_o_mode)3, 0> const&)' (C:/Xilinx/Vitis_HLS/2022.2/common/technology/autopilot\ap_fixed_base.h:1367:248)
INFO: [HLS 214-131] Inlining function 'ap_fixed_base<48, 24, true, (ap_q_mode)5, (ap_o_mode)3, 0>& ap_fixed_base<48, 24, true, (ap_q_mode)5, (ap_o_mode)3, 0>::operator=<49, 25, true, (ap_q_mode)5, (ap_o_mode)3, 0>(ap_fixed_base<49, 25, true, (ap_q_mode)5, (ap_o_mode)3, 0> const&)' into 'ap_fixed_base<48, 24, true, (ap_q_mode)5, (ap_o_mode)3, 0>& ap_fixed_base<48, 24, true, (ap_q_mode)5, (ap_o_mode)3, 0>::operator+=<48, 24, true, (ap_q_mode)5, (ap_o_mode)3, 0>(ap_fixed_base<48, 24, true, (ap_q_mode)5, (ap_o_mode)3, 0> const&)' (C:/Xilinx/Vitis_HLS/2022.2/common/technology/autopilot\ap_fixed_base.h:1367:246)
INFO: [HLS 214-131] Inlining function 'doubleToRawBits(double)' into 'ap_fixed_base<32, 16, true, (ap_q_mode)5, (ap_o_mode)3, 0>::ap_fixed_base(double)' (C:/Xilinx/Vitis_HLS/2022.2/common/technology/autopilot\ap_fixed_base.h:545:14)
INFO: [HLS 214-131] Inlining function 'ap_int_base<54, true>& ap_int_base<54, true>::operator=<55, true>(ap_int_base<55, true> const&)' into 'ap_fixed_base<32, 16, true, (ap_q_mode)5, (ap_o_mode)3, 0>::ap_fixed_base(double)' (C:/Xilinx/Vitis_HLS/2022.2/common/technology/autopilot\ap_fixed_base.h:559:20)
INFO: [HLS 214-131] Inlining function 'ap_int_base<54, true>::operator-() const' into 'ap_fixed_base<32, 16, true, (ap_q_mode)5, (ap_o_mode)3, 0>::ap_fixed_base(double)' (C:/Xilinx/Vitis_HLS/2022.2/common/technology/autopilot\ap_fixed_base.h:559:22)
INFO: [HLS 214-131] Inlining function 'ap_int_base<12, true>& ap_int_base<12, true>::operator=<65, true>(ap_int_base<65, true> const&)' into 'ap_fixed_base<32, 16, true, (ap_q_mode)5, (ap_o_mode)3, 0>::ap_fixed_base(double)' (C:/Xilinx/Vitis_HLS/2022.2/common/technology/autopilot\ap_fixed_base.h:552:9)
INFO: [HLS 214-131] Inlining function 'ap_int_base<11, false>::RType<($_0)64, true>::minus operator-<11, false>(ap_int_base<11, false> const&, long)' into 'ap_fixed_base<32, 16, true, (ap_q_mode)5, (ap_o_mode)3, 0>::ap_fixed_base(double)' (C:/Xilinx/Vitis_HLS/2022.2/common/technology/autopilot\ap_fixed_base.h:552:19)
INFO: [HLS 214-131] Inlining function 'ap_fixed_base<32, 16, true, (ap_q_mode)5, (ap_o_mode)3, 0>::ap_fixed_base(float)' into 'ap_fixed<32, 16, (ap_q_mode)5, (ap_o_mode)3, 0>::ap_fixed(float)'
INFO: [HLS 214-131] Inlining function 'ap_fixed_base<32, 32, true, (ap_q_mode)5, (ap_o_mode)3, 0>::operator!() const' into 'ap_fixed_base<80, 40, true, (ap_q_mode)5, (ap_o_mode)3, 0>& ap_fixed_base<80, 40, true, (ap_q_mode)5, (ap_o_mode)3, 0>::operator=<32, 32, true, (ap_q_mode)5, (ap_o_mode)3, 0>(ap_fixed_base<32, 32, true, (ap_q_mode)5, (ap_o_mode)3, 0> const&)' (C:/Xilinx/Vitis_HLS/2022.2/common/technology/autopilot\ap_fixed_base.h:808:9)
INFO: [HLS 214-131] Inlining function 'ap_fixed_base<80, 40, true, (ap_q_mode)5, (ap_o_mode)3, 0>& ap_fixed_base<80, 40, true, (ap_q_mode)5, (ap_o_mode)3, 0>::operator=<32, 32, true, (ap_q_mode)5, (ap_o_mode)3, 0>(ap_fixed_base<32, 32, true, (ap_q_mode)5, (ap_o_mode)3, 0> const&)' into 'ap_fixed_base<80, 40, true, (ap_q_mode)5, (ap_o_mode)3, 0>::ap_fixed_base(int)' (C:/Xilinx/Vitis_HLS/2022.2/common/technology/autopilot\ap_fixed_base.h:530:146)
INFO: [HLS 214-131] Inlining function 'ap_fixed_base<80, 40, true, (ap_q_mode)5, (ap_o_mode)3, 0>::ap_fixed_base(int)' into 'ap_fixed_base<48, 24, true, (ap_q_mode)5, (ap_o_mode)3, 0>::RType<32, 16, true>::mult ap_fixed_base<48, 24, true, (ap_q_mode)5, (ap_o_mode)3, 0>::operator*<32, 16, true, (ap_q_mode)5, (ap_o_mode)3, 0>(ap_fixed_base<32, 16, true, (ap_q_mode)5, (ap_o_mode)3, 0> const&) const' (C:/Xilinx/Vitis_HLS/2022.2/common/technology/autopilot\ap_fixed_base.h:1270:55)
INFO: [HLS 214-131] Inlining function 'ap_fixed_base<80, 40, true, (ap_q_mode)5, (ap_o_mode)3, 0>::ap_fixed_base(int)' into 'ap_fixed_base<48, 24, true, (ap_q_mode)5, (ap_o_mode)3, 0>::RType<32, 16, true>::mult ap_fixed_base<48, 24, true, (ap_q_mode)5, (ap_o_mode)3, 0>::operator*<32, 16, true, (ap_q_mode)5, (ap_o_mode)3, 0>(ap_fixed_base<32, 16, true, (ap_q_mode)5, (ap_o_mode)3, 0> const&) const' (C:/Xilinx/Vitis_HLS/2022.2/common/technology/autopilot\ap_fixed_base.h:1270:61)
INFO: [HLS 214-131] Inlining function 'ap_fixed_base<80, 40, true, (ap_q_mode)5, (ap_o_mode)3, 0>::operator!() const' into 'ap_fixed_base<32, 16, true, (ap_q_mode)5, (ap_o_mode)3, 0>& ap_fixed_base<32, 16, true, (ap_q_mode)5, (ap_o_mode)3, 0>::operator=<80, 40, true, (ap_q_mode)5, (ap_o_mode)3, 0>(ap_fixed_base<80, 40, true, (ap_q_mode)5, (ap_o_mode)3, 0> const&)' (C:/Xilinx/Vitis_HLS/2022.2/common/technology/autopilot\ap_fixed_base.h:808:9)
INFO: [HLS 214-131] Inlining function 'ssdm_int<32, true>::ssdm_int(int)' into 'ap_fixed_base<32, 16, true, (ap_q_mode)5, (ap_o_mode)3, 0>::ap_fixed_base<80, 40, true, (ap_q_mode)5, (ap_o_mode)3, 0>(ap_fixed_base<80, 40, true, (ap_q_mode)5, (ap_o_mode)3, 0> const&)' (C:/Xilinx/Vitis_HLS/2022.2/common/technology/autopilot\ap_fixed_base.h:401:80)
INFO: [HLS 214-131] Inlining function 'ap_fixed_base<32, 16, true, (ap_q_mode)5, (ap_o_mode)3, 0>& ap_fixed_base<32, 16, true, (ap_q_mode)5, (ap_o_mode)3, 0>::operator=<80, 40, true, (ap_q_mode)5, (ap_o_mode)3, 0>(ap_fixed_base<80, 40, true, (ap_q_mode)5, (ap_o_mode)3, 0> const&)' into 'ap_fixed_base<32, 16, true, (ap_q_mode)5, (ap_o_mode)3, 0>::ap_fixed_base<80, 40, true, (ap_q_mode)5, (ap_o_mode)3, 0>(ap_fixed_base<80, 40, true, (ap_q_mode)5, (ap_o_mode)3, 0> const&)' (C:/Xilinx/Vitis_HLS/2022.2/common/technology/autopilot\ap_fixed_base.h:403:5)
INFO: [HLS 214-131] Inlining function 'ap_fixed_base<32, 16, true, (ap_q_mode)5, (ap_o_mode)3, 0>::ap_fixed_base<80, 40, true, (ap_q_mode)5, (ap_o_mode)3, 0>(ap_fixed_base<80, 40, true, (ap_q_mode)5, (ap_o_mode)3, 0> const&)' into 'ap_fixed<32, 16, (ap_q_mode)5, (ap_o_mode)3, 0>::ap_fixed<80, 40, true, (ap_q_mode)5, (ap_o_mode)3, 0>(ap_fixed_base<80, 40, true, (ap_q_mode)5, (ap_o_mode)3, 0> const&)'
INFO: [HLS 214-131] Inlining function 'ap_fixed_base<32, 32, true, (ap_q_mode)5, (ap_o_mode)3, 0>::operator!() const' into 'ap_fixed_base<33, 17, true, (ap_q_mode)5, (ap_o_mode)3, 0>& ap_fixed_base<33, 17, true, (ap_q_mode)5, (ap_o_mode)3, 0>::operator=<32, 32, true, (ap_q_mode)5, (ap_o_mode)3, 0>(ap_fixed_base<32, 32, true, (ap_q_mode)5, (ap_o_mode)3, 0> const&)' (C:/Xilinx/Vitis_HLS/2022.2/common/technology/autopilot\ap_fixed_base.h:808:9)
INFO: [HLS 214-131] Inlining function 'ap_fixed_base<33, 17, true, (ap_q_mode)5, (ap_o_mode)3, 0>& ap_fixed_base<33, 17, true, (ap_q_mode)5, (ap_o_mode)3, 0>::operator=<32, 32, true, (ap_q_mode)5, (ap_o_mode)3, 0>(ap_fixed_base<32, 32, true, (ap_q_mode)5, (ap_o_mode)3, 0> const&)' into 'ap_fixed_base<33, 17, true, (ap_q_mode)5, (ap_o_mode)3, 0>::ap_fixed_base(int)' (C:/Xilinx/Vitis_HLS/2022.2/common/technology/autopilot\ap_fixed_base.h:530:146)
INFO: [HLS 214-131] Inlining function 'ap_fixed_base<32, 16, true, (ap_q_mode)5, (ap_o_mode)3, 0>::operator!() const' into 'ap_fixed_base<33, 17, true, (ap_q_mode)5, (ap_o_mode)3, 0>& ap_fixed_base<33, 17, true, (ap_q_mode)5, (ap_o_mode)3, 0>::operator=<32, 16, true, (ap_q_mode)5, (ap_o_mode)3, 0>(ap_fixed_base<32, 16, true, (ap_q_mode)5, (ap_o_mode)3, 0> const&)' (C:/Xilinx/Vitis_HLS/2022.2/common/technology/autopilot\ap_fixed_base.h:808:9)
INFO: [HLS 214-131] Inlining function '_ZN8ssdm_intILi33ELb1EEC2EDq33_i' into 'ap_fixed_base<33, 17, true, (ap_q_mode)5, (ap_o_mode)3, 0>::ap_fixed_base<32, 16, true, (ap_q_mode)5, (ap_o_mode)3, 0>(ap_fixed_base<32, 16, true, (ap_q_mode)5, (ap_o_mode)3, 0> const&)' (C:/Xilinx/Vitis_HLS/2022.2/common/technology/autopilot\ap_fixed_base.h:401:80)
INFO: [HLS 214-131] Inlining function 'ap_fixed_base<33, 17, true, (ap_q_mode)5, (ap_o_mode)3, 0>& ap_fixed_base<33, 17, true, (ap_q_mode)5, (ap_o_mode)3, 0>::operator=<32, 16, true, (ap_q_mode)5, (ap_o_mode)3, 0>(ap_fixed_base<32, 16, true, (ap_q_mode)5, (ap_o_mode)3, 0> const&)' into 'ap_fixed_base<33, 17, true, (ap_q_mode)5, (ap_o_mode)3, 0>::ap_fixed_base<32, 16, true, (ap_q_mode)5, (ap_o_mode)3, 0>(ap_fixed_base<32, 16, true, (ap_q_mode)5, (ap_o_mode)3, 0> const&)' (C:/Xilinx/Vitis_HLS/2022.2/common/technology/autopilot\ap_fixed_base.h:403:5)
INFO: [HLS 214-131] Inlining function 'ap_fixed_base<33, 17, true, (ap_q_mode)5, (ap_o_mode)3, 0>::ap_fixed_base(int)' into 'ap_fixed_base<32, 16, true, (ap_q_mode)5, (ap_o_mode)3, 0>::RType<32, 16, true>::minus ap_fixed_base<32, 16, true, (ap_q_mode)5, (ap_o_mode)3, 0>::operator-<32, 16, true, (ap_q_mode)5, (ap_o_mode)3, 0>(ap_fixed_base<32, 16, true, (ap_q_mode)5, (ap_o_mode)3, 0> const&) const' (C:/Xilinx/Vitis_HLS/2022.2/common/technology/autopilot\ap_fixed_base.h:1348:327)
INFO: [HLS 214-131] Inlining function 'ap_fixed_base<33, 17, true, (ap_q_mode)5, (ap_o_mode)3, 0>::ap_fixed_base<32, 16, true, (ap_q_mode)5, (ap_o_mode)3, 0>(ap_fixed_base<32, 16, true, (ap_q_mode)5, (ap_o_mode)3, 0> const&)' into 'ap_fixed_base<32, 16, true, (ap_q_mode)5, (ap_o_mode)3, 0>::RType<32, 16, true>::minus ap_fixed_base<32, 16, true, (ap_q_mode)5, (ap_o_mode)3, 0>::operator-<32, 16, true, (ap_q_mode)5, (ap_o_mode)3, 0>(ap_fixed_base<32, 16, true, (ap_q_mode)5, (ap_o_mode)3, 0> const&) const' (C:/Xilinx/Vitis_HLS/2022.2/common/technology/autopilot\ap_fixed_base.h:1348:347)
INFO: [HLS 214-131] Inlining function 'ap_fixed_base<33, 17, true, (ap_q_mode)5, (ap_o_mode)3, 0>::ap_fixed_base<32, 16, true, (ap_q_mode)5, (ap_o_mode)3, 0>(ap_fixed_base<32, 16, true, (ap_q_mode)5, (ap_o_mode)3, 0> const&)' into 'ap_fixed_base<32, 16, true, (ap_q_mode)5, (ap_o_mode)3, 0>::RType<32, 16, true>::minus ap_fixed_base<32, 16, true, (ap_q_mode)5, (ap_o_mode)3, 0>::operator-<32, 16, true, (ap_q_mode)5, (ap_o_mode)3, 0>(ap_fixed_base<32, 16, true, (ap_q_mode)5, (ap_o_mode)3, 0> const&) const' (C:/Xilinx/Vitis_HLS/2022.2/common/technology/autopilot\ap_fixed_base.h:1348:335)
INFO: [HLS 214-131] Inlining function 'ap_fixed_base<33, 17, true, (ap_q_mode)5, (ap_o_mode)3, 0>::operator!() const' into 'ap_fixed_base<32, 16, true, (ap_q_mode)5, (ap_o_mode)3, 0>& ap_fixed_base<32, 16, true, (ap_q_mode)5, (ap_o_mode)3, 0>::operator=<33, 17, true, (ap_q_mode)5, (ap_o_mode)3, 0>(ap_fixed_base<33, 17, true, (ap_q_mode)5, (ap_o_mode)3, 0> const&)' (C:/Xilinx/Vitis_HLS/2022.2/common/technology/autopilot\ap_fixed_base.h:808:9)
INFO: [HLS 214-131] Inlining function 'ssdm_int<32, true>::ssdm_int(int)' into 'ap_fixed_base<32, 16, true, (ap_q_mode)5, (ap_o_mode)3, 0>::ap_fixed_base<33, 17, true, (ap_q_mode)5, (ap_o_mode)3, 0>(ap_fixed_base<33, 17, true, (ap_q_mode)5, (ap_o_mode)3, 0> const&)' (C:/Xilinx/Vitis_HLS/2022.2/common/technology/autopilot\ap_fixed_base.h:401:80)
INFO: [HLS 214-131] Inlining function 'ap_fixed_base<32, 16, true, (ap_q_mode)5, (ap_o_mode)3, 0>& ap_fixed_base<32, 16, true, (ap_q_mode)5, (ap_o_mode)3, 0>::operator=<33, 17, true, (ap_q_mode)5, (ap_o_mode)3, 0>(ap_fixed_base<33, 17, true, (ap_q_mode)5, (ap_o_mode)3, 0> const&)' into 'ap_fixed_base<32, 16, true, (ap_q_mode)5, (ap_o_mode)3, 0>::ap_fixed_base<33, 17, true, (ap_q_mode)5, (ap_o_mode)3, 0>(ap_fixed_base<33, 17, true, (ap_q_mode)5, (ap_o_mode)3, 0> const&)' (C:/Xilinx/Vitis_HLS/2022.2/common/technology/autopilot\ap_fixed_base.h:403:5)
INFO: [HLS 214-131] Inlining function 'ap_fixed_base<32, 16, true, (ap_q_mode)5, (ap_o_mode)3, 0>::ap_fixed_base<33, 17, true, (ap_q_mode)5, (ap_o_mode)3, 0>(ap_fixed_base<33, 17, true, (ap_q_mode)5, (ap_o_mode)3, 0> const&)' into 'ap_fixed<32, 16, (ap_q_mode)5, (ap_o_mode)3, 0>::ap_fixed<33, 17, true, (ap_q_mode)5, (ap_o_mode)3, 0>(ap_fixed_base<33, 17, true, (ap_q_mode)5, (ap_o_mode)3, 0> const&)'
INFO: [HLS 214-131] Inlining function 'ap_fixed_base<32, 32, true, (ap_q_mode)5, (ap_o_mode)3, 0>::operator!() const' into 'ap_fixed_base<96, 48, true, (ap_q_mode)5, (ap_o_mode)3, 0>& ap_fixed_base<96, 48, true, (ap_q_mode)5, (ap_o_mode)3, 0>::operator=<32, 32, true, (ap_q_mode)5, (ap_o_mode)3, 0>(ap_fixed_base<32, 32, true, (ap_q_mode)5, (ap_o_mode)3, 0> const&)' (C:/Xilinx/Vitis_HLS/2022.2/common/technology/autopilot\ap_fixed_base.h:808:9)
INFO: [HLS 214-131] Inlining function 'ap_fixed_base<96, 48, true, (ap_q_mode)5, (ap_o_mode)3, 0>& ap_fixed_base<96, 48, true, (ap_q_mode)5, (ap_o_mode)3, 0>::operator=<32, 32, true, (ap_q_mode)5, (ap_o_mode)3, 0>(ap_fixed_base<32, 32, true, (ap_q_mode)5, (ap_o_mode)3, 0> const&)' into 'ap_fixed_base<96, 48, true, (ap_q_mode)5, (ap_o_mode)3, 0>::ap_fixed_base(int)' (C:/Xilinx/Vitis_HLS/2022.2/common/technology/autopilot\ap_fixed_base.h:530:146)
INFO: [HLS 214-131] Inlining function 'ap_fixed_base<96, 48, true, (ap_q_mode)5, (ap_o_mode)3, 0>::ap_fixed_base(int)' into 'ap_fixed_base<48, 24, true, (ap_q_mode)5, (ap_o_mode)3, 0>::RType<48, 24, true>::mult ap_fixed_base<48, 24, true, (ap_q_mode)5, (ap_o_mode)3, 0>::operator*<48, 24, true, (ap_q_mode)5, (ap_o_mode)3, 0>(ap_fixed_base<48, 24, true, (ap_q_mode)5, (ap_o_mode)3, 0> const&) const' (C:/Xilinx/Vitis_HLS/2022.2/common/technology/autopilot\ap_fixed_base.h:1270:55)
INFO: [HLS 214-131] Inlining function 'ap_fixed_base<96, 48, true, (ap_q_mode)5, (ap_o_mode)3, 0>::ap_fixed_base(int)' into 'ap_fixed_base<48, 24, true, (ap_q_mode)5, (ap_o_mode)3, 0>::RType<48, 24, true>::mult ap_fixed_base<48, 24, true, (ap_q_mode)5, (ap_o_mode)3, 0>::operator*<48, 24, true, (ap_q_mode)5, (ap_o_mode)3, 0>(ap_fixed_base<48, 24, true, (ap_q_mode)5, (ap_o_mode)3, 0> const&) const' (C:/Xilinx/Vitis_HLS/2022.2/common/technology/autopilot\ap_fixed_base.h:1270:61)
INFO: [HLS 214-131] Inlining function 'ap_fixed_base<32, 32, true, (ap_q_mode)5, (ap_o_mode)3, 0>::operator!() const' into 'ap_fixed_base<97, 49, true, (ap_q_mode)5, (ap_o_mode)3, 0>& ap_fixed_base<97, 49, true, (ap_q_mode)5, (ap_o_mode)3, 0>::operator=<32, 32, true, (ap_q_mode)5, (ap_o_mode)3, 0>(ap_fixed_base<32, 32, true, (ap_q_mode)5, (ap_o_mode)3, 0> const&)' (C:/Xilinx/Vitis_HLS/2022.2/common/technology/autopilot\ap_fixed_base.h:808:9)
INFO: [HLS 214-131] Inlining function 'ap_fixed_base<97, 49, true, (ap_q_mode)5, (ap_o_mode)3, 0>& ap_fixed_base<97, 49, true, (ap_q_mode)5, (ap_o_mode)3, 0>::operator=<32, 32, true, (ap_q_mode)5, (ap_o_mode)3, 0>(ap_fixed_base<32, 32, true, (ap_q_mode)5, (ap_o_mode)3, 0> const&)' into 'ap_fixed_base<97, 49, true, (ap_q_mode)5, (ap_o_mode)3, 0>::ap_fixed_base(int)' (C:/Xilinx/Vitis_HLS/2022.2/common/technology/autopilot\ap_fixed_base.h:530:146)
INFO: [HLS 214-131] Inlining function 'ap_fixed_base<48, 24, true, (ap_q_mode)5, (ap_o_mode)3, 0>::operator!() const' into 'ap_fixed_base<97, 49, true, (ap_q_mode)5, (ap_o_mode)3, 0>& ap_fixed_base<97, 49, true, (ap_q_mode)5, (ap_o_mode)3, 0>::operator=<48, 24, true, (ap_q_mode)5, (ap_o_mode)3, 0>(ap_fixed_base<48, 24, true, (ap_q_mode)5, (ap_o_mode)3, 0> const&)' (C:/Xilinx/Vitis_HLS/2022.2/common/technology/autopilot\ap_fixed_base.h:808:9)
INFO: [HLS 214-131] Inlining function '_ZN8ssdm_intILi97ELb1EEC2EDq97_i' into 'ap_fixed_base<97, 49, true, (ap_q_mode)5, (ap_o_mode)3, 0>::ap_fixed_base<48, 24, true, (ap_q_mode)5, (ap_o_mode)3, 0>(ap_fixed_base<48, 24, true, (ap_q_mode)5, (ap_o_mode)3, 0> const&)' (C:/Xilinx/Vitis_HLS/2022.2/common/technology/autopilot\ap_fixed_base.h:401:80)
INFO: [HLS 214-131] Inlining function 'ap_fixed_base<97, 49, true, (ap_q_mode)5, (ap_o_mode)3, 0>& ap_fixed_base<97, 49, true, (ap_q_mode)5, (ap_o_mode)3, 0>::operator=<48, 24, true, (ap_q_mode)5, (ap_o_mode)3, 0>(ap_fixed_base<48, 24, true, (ap_q_mode)5, (ap_o_mode)3, 0> const&)' into 'ap_fixed_base<97, 49, true, (ap_q_mode)5, (ap_o_mode)3, 0>::ap_fixed_base<48, 24, true, (ap_q_mode)5, (ap_o_mode)3, 0>(ap_fixed_base<48, 24, true, (ap_q_mode)5, (ap_o_mode)3, 0> const&)' (C:/Xilinx/Vitis_HLS/2022.2/common/technology/autopilot\ap_fixed_base.h:403:5)
INFO: [HLS 214-131] Inlining function 'ap_fixed_base<96, 48, true, (ap_q_mode)5, (ap_o_mode)3, 0>::operator!() const' into 'ap_fixed_base<97, 49, true, (ap_q_mode)5, (ap_o_mode)3, 0>& ap_fixed_base<97, 49, true, (ap_q_mode)5, (ap_o_mode)3, 0>::operator=<96, 48, true, (ap_q_mode)5, (ap_o_mode)3, 0>(ap_fixed_base<96, 48, true, (ap_q_mode)5, (ap_o_mode)3, 0> const&)' (C:/Xilinx/Vitis_HLS/2022.2/common/technology/autopilot\ap_fixed_base.h:808:9)
INFO: [HLS 214-131] Inlining function '_ZN8ssdm_intILi97ELb1EEC2EDq97_i' into 'ap_fixed_base<97, 49, true, (ap_q_mode)5, (ap_o_mode)3, 0>::ap_fixed_base<96, 48, true, (ap_q_mode)5, (ap_o_mode)3, 0>(ap_fixed_base<96, 48, true, (ap_q_mode)5, (ap_o_mode)3, 0> const&)' (C:/Xilinx/Vitis_HLS/2022.2/common/technology/autopilot\ap_fixed_base.h:401:80)
INFO: [HLS 214-131] Inlining function 'ap_fixed_base<97, 49, true, (ap_q_mode)5, (ap_o_mode)3, 0>& ap_fixed_base<97, 49, true, (ap_q_mode)5, (ap_o_mode)3, 0>::operator=<96, 48, true, (ap_q_mode)5, (ap_o_mode)3, 0>(ap_fixed_base<96, 48, true, (ap_q_mode)5, (ap_o_mode)3, 0> const&)' into 'ap_fixed_base<97, 49, true, (ap_q_mode)5, (ap_o_mode)3, 0>::ap_fixed_base<96, 48, true, (ap_q_mode)5, (ap_o_mode)3, 0>(ap_fixed_base<96, 48, true, (ap_q_mode)5, (ap_o_mode)3, 0> const&)' (C:/Xilinx/Vitis_HLS/2022.2/common/technology/autopilot\ap_fixed_base.h:403:5)
INFO: [HLS 214-131] Inlining function 'ap_fixed_base<97, 49, true, (ap_q_mode)5, (ap_o_mode)3, 0>::ap_fixed_base(int)' into 'ap_fixed_base<48, 24, true, (ap_q_mode)5, (ap_o_mode)3, 0>::RType<96, 48, true>::plus ap_fixed_base<48, 24, true, (ap_q_mode)5, (ap_o_mode)3, 0>::operator+<96, 48, true, (ap_q_mode)5, (ap_o_mode)3, 0>(ap_fixed_base<96, 48, true, (ap_q_mode)5, (ap_o_mode)3, 0> const&) const' (C:/Xilinx/Vitis_HLS/2022.2/common/technology/autopilot\ap_fixed_base.h:1347:325)
INFO: [HLS 214-131] Inlining function 'ap_fixed_base<97, 49, true, (ap_q_mode)5, (ap_o_mode)3, 0>::ap_fixed_base<96, 48, true, (ap_q_mode)5, (ap_o_mode)3, 0>(ap_fixed_base<96, 48, true, (ap_q_mode)5, (ap_o_mode)3, 0> const&)' into 'ap_fixed_base<48, 24, true, (ap_q_mode)5, (ap_o_mode)3, 0>::RType<96, 48, true>::plus ap_fixed_base<48, 24, true, (ap_q_mode)5, (ap_o_mode)3, 0>::operator+<96, 48, true, (ap_q_mode)5, (ap_o_mode)3, 0>(ap_fixed_base<96, 48, true, (ap_q_mode)5, (ap_o_mode)3, 0> const&) const' (C:/Xilinx/Vitis_HLS/2022.2/common/technology/autopilot\ap_fixed_base.h:1347:345)
INFO: [HLS 214-131] Inlining function 'ap_fixed_base<97, 49, true, (ap_q_mode)5, (ap_o_mode)3, 0>::ap_fixed_base<48, 24, true, (ap_q_mode)5, (ap_o_mode)3, 0>(ap_fixed_base<48, 24, true, (ap_q_mode)5, (ap_o_mode)3, 0> const&)' into 'ap_fixed_base<48, 24, true, (ap_q_mode)5, (ap_o_mode)3, 0>::RType<96, 48, true>::plus ap_fixed_base<48, 24, true, (ap_q_mode)5, (ap_o_mode)3, 0>::operator+<96, 48, true, (ap_q_mode)5, (ap_o_mode)3, 0>(ap_fixed_base<96, 48, true, (ap_q_mode)5, (ap_o_mode)3, 0> const&) const' (C:/Xilinx/Vitis_HLS/2022.2/common/technology/autopilot\ap_fixed_base.h:1347:333)
INFO: [HLS 214-131] Inlining function 'ap_fixed_base<97, 49, true, (ap_q_mode)5, (ap_o_mode)3, 0>::operator!() const' into 'ap_fixed_base<48, 24, true, (ap_q_mode)5, (ap_o_mode)3, 0>& ap_fixed_base<48, 24, true, (ap_q_mode)5, (ap_o_mode)3, 0>::operator=<97, 49, true, (ap_q_mode)5, (ap_o_mode)3, 0>(ap_fixed_base<97, 49, true, (ap_q_mode)5, (ap_o_mode)3, 0> const&)' (C:/Xilinx/Vitis_HLS/2022.2/common/technology/autopilot\ap_fixed_base.h:808:9)
INFO: [HLS 214-131] Inlining function 'ap_fixed_base<48, 24, true, (ap_q_mode)5, (ap_o_mode)3, 0>::RType<96, 48, true>::plus ap_fixed_base<48, 24, true, (ap_q_mode)5, (ap_o_mode)3, 0>::operator+<96, 48, true, (ap_q_mode)5, (ap_o_mode)3, 0>(ap_fixed_base<96, 48, true, (ap_q_mode)5, (ap_o_mode)3, 0> const&) const' into 'ap_fixed_base<48, 24, true, (ap_q_mode)5, (ap_o_mode)3, 0>& ap_fixed_base<48, 24, true, (ap_q_mode)5, (ap_o_mode)3, 0>::operator+=<96, 48, true, (ap_q_mode)5, (ap_o_mode)3, 0>(ap_fixed_base<96, 48, true, (ap_q_mode)5, (ap_o_mode)3, 0> const&)' (C:/Xilinx/Vitis_HLS/2022.2/common/technology/autopilot\ap_fixed_base.h:1367:248)
INFO: [HLS 214-131] Inlining function 'ap_fixed_base<48, 24, true, (ap_q_mode)5, (ap_o_mode)3, 0>& ap_fixed_base<48, 24, true, (ap_q_mode)5, (ap_o_mode)3, 0>::operator=<97, 49, true, (ap_q_mode)5, (ap_o_mode)3, 0>(ap_fixed_base<97, 49, true, (ap_q_mode)5, (ap_o_mode)3, 0> const&)' into 'ap_fixed_base<48, 24, true, (ap_q_mode)5, (ap_o_mode)3, 0>& ap_fixed_base<48, 24, true, (ap_q_mode)5, (ap_o_mode)3, 0>::operator+=<96, 48, true, (ap_q_mode)5, (ap_o_mode)3, 0>(ap_fixed_base<96, 48, true, (ap_q_mode)5, (ap_o_mode)3, 0> const&)' (C:/Xilinx/Vitis_HLS/2022.2/common/technology/autopilot\ap_fixed_base.h:1367:246)
INFO: [HLS 214-131] Inlining function 'ssdm_int<32, false>::ssdm_int(unsigned int)' into 'ap_int_base<32, false>::ap_int_base(unsigned long)' (C:/Xilinx/Vitis_HLS/2022.2/common/technology/autopilot\ap_int_base.h:217:77)
INFO: [HLS 214-131] Inlining function 'ap_int_base<32, false>::ap_int_base(unsigned long)' into 'ap_int_base<32, false>::countLeadingZeros() const' (C:/Xilinx/Vitis_HLS/2022.2/common/technology/autopilot\ap_int_base.h:1196:30)
INFO: [HLS 214-131] Inlining function 'ap_int_base<32, false>::countLeadingZeros() const' into 'ap_fixed_base<32, 16, true, (ap_q_mode)5, (ap_o_mode)3, 0>::to_float() const' (C:/Xilinx/Vitis_HLS/2022.2/common/technology/autopilot\ap_fixed_base.h:1097:17)
INFO: [HLS 214-131] Inlining function 'rawBitsToFloat(unsigned long)' into 'ap_fixed_base<32, 16, true, (ap_q_mode)5, (ap_o_mode)3, 0>::to_float() const' (C:/Xilinx/Vitis_HLS/2022.2/common/technology/autopilot\ap_fixed_base.h:1126:12)
INFO: [HLS 214-131] Inlining function 'ap_fixed_base<32, 16, true, (ap_q_mode)5, (ap_o_mode)3, 0>::to_float() const' into 'ap_fixed_base<32, 16, true, (ap_q_mode)5, (ap_o_mode)3, 0>::operator float() const' (C:/Xilinx/Vitis_HLS/2022.2/common/technology/autopilot\ap_fixed_base.h:1181:73)
INFO: [HLS 214-131] Inlining function 'ap_fixed_base<33, 17, true, (ap_q_mode)5, (ap_o_mode)3, 0>::ap_fixed_base(int)' into 'ap_fixed_base<32, 16, true, (ap_q_mode)5, (ap_o_mode)3, 0>::RType<32, 16, true>::plus ap_fixed_base<32, 16, true, (ap_q_mode)5, (ap_o_mode)3, 0>::operator+<32, 16, true, (ap_q_mode)5, (ap_o_mode)3, 0>(ap_fixed_base<32, 16, true, (ap_q_mode)5, (ap_o_mode)3, 0> const&) const' (C:/Xilinx/Vitis_HLS/2022.2/common/technology/autopilot\ap_fixed_base.h:1347:325)
INFO: [HLS 214-131] Inlining function 'ap_fixed_base<33, 17, true, (ap_q_mode)5, (ap_o_mode)3, 0>::ap_fixed_base<32, 16, true, (ap_q_mode)5, (ap_o_mode)3, 0>(ap_fixed_base<32, 16, true, (ap_q_mode)5, (ap_o_mode)3, 0> const&)' into 'ap_fixed_base<32, 16, true, (ap_q_mode)5, (ap_o_mode)3, 0>::RType<32, 16, true>::plus ap_fixed_base<32, 16, true, (ap_q_mode)5, (ap_o_mode)3, 0>::operator+<32, 16, true, (ap_q_mode)5, (ap_o_mode)3, 0>(ap_fixed_base<32, 16, true, (ap_q_mode)5, (ap_o_mode)3, 0> const&) const' (C:/Xilinx/Vitis_HLS/2022.2/common/technology/autopilot\ap_fixed_base.h:1347:345)
INFO: [HLS 214-131] Inlining function 'ap_fixed_base<33, 17, true, (ap_q_mode)5, (ap_o_mode)3, 0>::ap_fixed_base<32, 16, true, (ap_q_mode)5, (ap_o_mode)3, 0>(ap_fixed_base<32, 16, true, (ap_q_mode)5, (ap_o_mode)3, 0> const&)' into 'ap_fixed_base<32, 16, true, (ap_q_mode)5, (ap_o_mode)3, 0>::RType<32, 16, true>::plus ap_fixed_base<32, 16, true, (ap_q_mode)5, (ap_o_mode)3, 0>::operator+<32, 16, true, (ap_q_mode)5, (ap_o_mode)3, 0>(ap_fixed_base<32, 16, true, (ap_q_mode)5, (ap_o_mode)3, 0> const&) const' (C:/Xilinx/Vitis_HLS/2022.2/common/technology/autopilot\ap_fixed_base.h:1347:333)
INFO: [HLS 214-131] Inlining function 'ap_fixed_base<32, 16, true, (ap_q_mode)5, (ap_o_mode)3, 0>::operator!() const' into 'ap_fixed_base<48, 16, true, (ap_q_mode)5, (ap_o_mode)3, 0>& ap_fixed_base<48, 16, true, (ap_q_mode)5, (ap_o_mode)3, 0>::operator=<32, 16, true, (ap_q_mode)5, (ap_o_mode)3, 0>(ap_fixed_base<32, 16, true, (ap_q_mode)5, (ap_o_mode)3, 0> const&)' (C:/Xilinx/Vitis_HLS/2022.2/common/technology/autopilot\ap_fixed_base.h:808:9)
INFO: [HLS 214-131] Inlining function '_ZN8ssdm_intILi48ELb1EEC2EDq48_i' into 'ap_fixed_base<48, 16, true, (ap_q_mode)5, (ap_o_mode)3, 0>::ap_fixed_base<32, 16, true, (ap_q_mode)5, (ap_o_mode)3, 0>(ap_fixed_base<32, 16, true, (ap_q_mode)5, (ap_o_mode)3, 0> const&)' (C:/Xilinx/Vitis_HLS/2022.2/common/technology/autopilot\ap_fixed_base.h:401:80)
INFO: [HLS 214-131] Inlining function 'ap_fixed_base<48, 16, true, (ap_q_mode)5, (ap_o_mode)3, 0>& ap_fixed_base<48, 16, true, (ap_q_mode)5, (ap_o_mode)3, 0>::operator=<32, 16, true, (ap_q_mode)5, (ap_o_mode)3, 0>(ap_fixed_base<32, 16, true, (ap_q_mode)5, (ap_o_mode)3, 0> const&)' into 'ap_fixed_base<48, 16, true, (ap_q_mode)5, (ap_o_mode)3, 0>::ap_fixed_base<32, 16, true, (ap_q_mode)5, (ap_o_mode)3, 0>(ap_fixed_base<32, 16, true, (ap_q_mode)5, (ap_o_mode)3, 0> const&)' (C:/Xilinx/Vitis_HLS/2022.2/common/technology/autopilot\ap_fixed_base.h:403:5)
INFO: [HLS 214-131] Inlining function 'ap_fixed_base<48, 16, true, (ap_q_mode)5, (ap_o_mode)3, 0>::ap_fixed_base<32, 16, true, (ap_q_mode)5, (ap_o_mode)3, 0>(ap_fixed_base<32, 16, true, (ap_q_mode)5, (ap_o_mode)3, 0> const&)' into 'ap_fixed_base<32, 16, true, (ap_q_mode)5, (ap_o_mode)3, 0>::RType<32, 16, true>::div ap_fixed_base<32, 16, true, (ap_q_mode)5, (ap_o_mode)3, 0>::operator/<32, 16, true, (ap_q_mode)5, (ap_o_mode)3, 0>(ap_fixed_base<32, 16, true, (ap_q_mode)5, (ap_o_mode)3, 0> const&) const' (C:/Xilinx/Vitis_HLS/2022.2/common/technology/autopilot\ap_fixed_base.h:1299:97)
INFO: [HLS 214-131] Inlining function 'ap_fixed_base<49, 33, true, (ap_q_mode)5, (ap_o_mode)3, 0>::operator!() const' into 'ap_fixed_base<32, 16, true, (ap_q_mode)5, (ap_o_mode)3, 0>& ap_fixed_base<32, 16, true, (ap_q_mode)5, (ap_o_mode)3, 0>::operator=<49, 33, true, (ap_q_mode)5, (ap_o_mode)3, 0>(ap_fixed_base<49, 33, true, (ap_q_mode)5, (ap_o_mode)3, 0> const&)' (C:/Xilinx/Vitis_HLS/2022.2/common/technology/autopilot\ap_fixed_base.h:808:9)
INFO: [HLS 214-131] Inlining function 'ssdm_int<32, true>::ssdm_int(int)' into 'ap_fixed_base<32, 16, true, (ap_q_mode)5, (ap_o_mode)3, 0>::ap_fixed_base<49, 33, true, (ap_q_mode)5, (ap_o_mode)3, 0>(ap_fixed_base<49, 33, true, (ap_q_mode)5, (ap_o_mode)3, 0> const&)' (C:/Xilinx/Vitis_HLS/2022.2/common/technology/autopilot\ap_fixed_base.h:401:80)
INFO: [HLS 214-131] Inlining function 'ap_fixed_base<32, 16, true, (ap_q_mode)5, (ap_o_mode)3, 0>& ap_fixed_base<32, 16, true, (ap_q_mode)5, (ap_o_mode)3, 0>::operator=<49, 33, true, (ap_q_mode)5, (ap_o_mode)3, 0>(ap_fixed_base<49, 33, true, (ap_q_mode)5, (ap_o_mode)3, 0> const&)' into 'ap_fixed_base<32, 16, true, (ap_q_mode)5, (ap_o_mode)3, 0>::ap_fixed_base<49, 33, true, (ap_q_mode)5, (ap_o_mode)3, 0>(ap_fixed_base<49, 33, true, (ap_q_mode)5, (ap_o_mode)3, 0> const&)' (C:/Xilinx/Vitis_HLS/2022.2/common/technology/autopilot\ap_fixed_base.h:403:5)
INFO: [HLS 214-131] Inlining function 'ap_fixed_base<32, 16, true, (ap_q_mode)5, (ap_o_mode)3, 0>::ap_fixed_base<49, 33, true, (ap_q_mode)5, (ap_o_mode)3, 0>(ap_fixed_base<49, 33, true, (ap_q_mode)5, (ap_o_mode)3, 0> const&)' into 'ap_fixed<32, 16, (ap_q_mode)5, (ap_o_mode)3, 0>::ap_fixed<49, 33, true, (ap_q_mode)5, (ap_o_mode)3, 0>(ap_fixed_base<49, 33, true, (ap_q_mode)5, (ap_o_mode)3, 0> const&)'
INFO: [HLS 214-131] Inlining function 'ap_fixed_base<32, 32, true, (ap_q_mode)5, (ap_o_mode)3, 0>::operator!() const' into 'ap_fixed_base<65, 33, true, (ap_q_mode)5, (ap_o_mode)3, 0>& ap_fixed_base<65, 33, true, (ap_q_mode)5, (ap_o_mode)3, 0>::operator=<32, 32, true, (ap_q_mode)5, (ap_o_mode)3, 0>(ap_fixed_base<32, 32, true, (ap_q_mode)5, (ap_o_mode)3, 0> const&)' (C:/Xilinx/Vitis_HLS/2022.2/common/technology/autopilot\ap_fixed_base.h:808:9)
INFO: [HLS 214-131] Inlining function 'ap_fixed_base<65, 33, true, (ap_q_mode)5, (ap_o_mode)3, 0>& ap_fixed_base<65, 33, true, (ap_q_mode)5, (ap_o_mode)3, 0>::operator=<32, 32, true, (ap_q_mode)5, (ap_o_mode)3, 0>(ap_fixed_base<32, 32, true, (ap_q_mode)5, (ap_o_mode)3, 0> const&)' into 'ap_fixed_base<65, 33, true, (ap_q_mode)5, (ap_o_mode)3, 0>::ap_fixed_base(int)' (C:/Xilinx/Vitis_HLS/2022.2/common/technology/autopilot\ap_fixed_base.h:530:146)
INFO: [HLS 214-131] Inlining function 'ap_fixed_base<65, 33, true, (ap_q_mode)5, (ap_o_mode)3, 0>::ap_fixed_base(int)' into 'ap_fixed_base<33, 17, true, (ap_q_mode)5, (ap_o_mode)3, 0>::RType<32, 16, true>::mult ap_fixed_base<33, 17, true, (ap_q_mode)5, (ap_o_mode)3, 0>::operator*<32, 16, true, (ap_q_mode)5, (ap_o_mode)3, 0>(ap_fixed_base<32, 16, true, (ap_q_mode)5, (ap_o_mode)3, 0> const&) const' (C:/Xilinx/Vitis_HLS/2022.2/common/technology/autopilot\ap_fixed_base.h:1270:55)
INFO: [HLS 214-131] Inlining function 'ap_fixed_base<65, 33, true, (ap_q_mode)5, (ap_o_mode)3, 0>::ap_fixed_base(int)' into 'ap_fixed_base<33, 17, true, (ap_q_mode)5, (ap_o_mode)3, 0>::RType<32, 16, true>::mult ap_fixed_base<33, 17, true, (ap_q_mode)5, (ap_o_mode)3, 0>::operator*<32, 16, true, (ap_q_mode)5, (ap_o_mode)3, 0>(ap_fixed_base<32, 16, true, (ap_q_mode)5, (ap_o_mode)3, 0> const&) const' (C:/Xilinx/Vitis_HLS/2022.2/common/technology/autopilot\ap_fixed_base.h:1270:61)
INFO: [HLS 214-131] Inlining function 'ap_fixed_base<65, 33, true, (ap_q_mode)5, (ap_o_mode)3, 0>::operator!() const' into 'ap_fixed_base<32, 16, true, (ap_q_mode)5, (ap_o_mode)3, 0>& ap_fixed_base<32, 16, true, (ap_q_mode)5, (ap_o_mode)3, 0>::operator=<65, 33, true, (ap_q_mode)5, (ap_o_mode)3, 0>(ap_fixed_base<65, 33, true, (ap_q_mode)5, (ap_o_mode)3, 0> const&)' (C:/Xilinx/Vitis_HLS/2022.2/common/technology/autopilot\ap_fixed_base.h:808:9)
INFO: [HLS 214-131] Inlining function 'ssdm_int<32, true>::ssdm_int(int)' into 'ap_fixed_base<32, 16, true, (ap_q_mode)5, (ap_o_mode)3, 0>::ap_fixed_base<65, 33, true, (ap_q_mode)5, (ap_o_mode)3, 0>(ap_fixed_base<65, 33, true, (ap_q_mode)5, (ap_o_mode)3, 0> const&)' (C:/Xilinx/Vitis_HLS/2022.2/common/technology/autopilot\ap_fixed_base.h:401:80)
INFO: [HLS 214-131] Inlining function 'ap_fixed_base<32, 16, true, (ap_q_mode)5, (ap_o_mode)3, 0>& ap_fixed_base<32, 16, true, (ap_q_mode)5, (ap_o_mode)3, 0>::operator=<65, 33, true, (ap_q_mode)5, (ap_o_mode)3, 0>(ap_fixed_base<65, 33, true, (ap_q_mode)5, (ap_o_mode)3, 0> const&)' into 'ap_fixed_base<32, 16, true, (ap_q_mode)5, (ap_o_mode)3, 0>::ap_fixed_base<65, 33, true, (ap_q_mode)5, (ap_o_mode)3, 0>(ap_fixed_base<65, 33, true, (ap_q_mode)5, (ap_o_mode)3, 0> const&)' (C:/Xilinx/Vitis_HLS/2022.2/common/technology/autopilot\ap_fixed_base.h:403:5)
INFO: [HLS 214-131] Inlining function 'ap_fixed_base<32, 16, true, (ap_q_mode)5, (ap_o_mode)3, 0>::ap_fixed_base<65, 33, true, (ap_q_mode)5, (ap_o_mode)3, 0>(ap_fixed_base<65, 33, true, (ap_q_mode)5, (ap_o_mode)3, 0> const&)' into 'ap_fixed<32, 16, (ap_q_mode)5, (ap_o_mode)3, 0>::ap_fixed<65, 33, true, (ap_q_mode)5, (ap_o_mode)3, 0>(ap_fixed_base<65, 33, true, (ap_q_mode)5, (ap_o_mode)3, 0> const&)'
INFO: [HLS 214-131] Inlining function 'ap_fixed_base<32, 32, true, (ap_q_mode)5, (ap_o_mode)3, 0>::operator!() const' into 'ap_fixed_base<32, 16, true, (ap_q_mode)5, (ap_o_mode)3, 0>& ap_fixed_base<32, 16, true, (ap_q_mode)5, (ap_o_mode)3, 0>::operator=<32, 32, true, (ap_q_mode)5, (ap_o_mode)3, 0>(ap_fixed_base<32, 32, true, (ap_q_mode)5, (ap_o_mode)3, 0> const&)' (C:/Xilinx/Vitis_HLS/2022.2/common/technology/autopilot\ap_fixed_base.h:808:9)
INFO: [HLS 214-131] Inlining function 'ap_fixed_base<32, 16, true, (ap_q_mode)5, (ap_o_mode)3, 0>& ap_fixed_base<32, 16, true, (ap_q_mode)5, (ap_o_mode)3, 0>::operator=<32, 32, true, (ap_q_mode)5, (ap_o_mode)3, 0>(ap_fixed_base<32, 32, true, (ap_q_mode)5, (ap_o_mode)3, 0> const&)' into 'ap_fixed_base<32, 16, true, (ap_q_mode)5, (ap_o_mode)3, 0>::ap_fixed_base(int)' (C:/Xilinx/Vitis_HLS/2022.2/common/technology/autopilot\ap_fixed_base.h:530:146)
INFO: [HLS 214-131] Inlining function 'ap_fixed_base<32, 16, true, (ap_q_mode)5, (ap_o_mode)3, 0>::ap_fixed_base(int)' into 'ap_fixed<32, 16, (ap_q_mode)5, (ap_o_mode)3, 0>::ap_fixed(int)'
INFO: [HLS 214-131] Inlining function 'ap_fixed_base<8, 4, true, (ap_q_mode)5, (ap_o_mode)3, 0>::operator!() const' into 'ap_fixed_base<48, 24, true, (ap_q_mode)5, (ap_o_mode)3, 0>& ap_fixed_base<48, 24, true, (ap_q_mode)5, (ap_o_mode)3, 0>::operator=<8, 4, true, (ap_q_mode)5, (ap_o_mode)3, 0>(ap_fixed_base<8, 4, true, (ap_q_mode)5, (ap_o_mode)3, 0> const&)' (C:/Xilinx/Vitis_HLS/2022.2/common/technology/autopilot\ap_fixed_base.h:808:9)
INFO: [HLS 214-131] Inlining function '_ZN8ssdm_intILi48ELb1EEC2EDq48_i' into 'ap_fixed_base<48, 24, true, (ap_q_mode)5, (ap_o_mode)3, 0>::ap_fixed_base<8, 4, true, (ap_q_mode)5, (ap_o_mode)3, 0>(ap_fixed_base<8, 4, true, (ap_q_mode)5, (ap_o_mode)3, 0> const&)' (C:/Xilinx/Vitis_HLS/2022.2/common/technology/autopilot\ap_fixed_base.h:401:80)
INFO: [HLS 214-131] Inlining function 'ap_fixed_base<48, 24, true, (ap_q_mode)5, (ap_o_mode)3, 0>& ap_fixed_base<48, 24, true, (ap_q_mode)5, (ap_o_mode)3, 0>::operator=<8, 4, true, (ap_q_mode)5, (ap_o_mode)3, 0>(ap_fixed_base<8, 4, true, (ap_q_mode)5, (ap_o_mode)3, 0> const&)' into 'ap_fixed_base<48, 24, true, (ap_q_mode)5, (ap_o_mode)3, 0>::ap_fixed_base<8, 4, true, (ap_q_mode)5, (ap_o_mode)3, 0>(ap_fixed_base<8, 4, true, (ap_q_mode)5, (ap_o_mode)3, 0> const&)' (C:/Xilinx/Vitis_HLS/2022.2/common/technology/autopilot\ap_fixed_base.h:403:5)
INFO: [HLS 214-131] Inlining function 'ap_fixed_base<48, 24, true, (ap_q_mode)5, (ap_o_mode)3, 0>::ap_fixed_base<8, 4, true, (ap_q_mode)5, (ap_o_mode)3, 0>(ap_fixed_base<8, 4, true, (ap_q_mode)5, (ap_o_mode)3, 0> const&)' into 'ap_fixed<48, 24, (ap_q_mode)5, (ap_o_mode)3, 0>::ap_fixed<8, 4, true, (ap_q_mode)5, (ap_o_mode)3, 0>(ap_fixed_base<8, 4, true, (ap_q_mode)5, (ap_o_mode)3, 0> const&)'
INFO: [HLS 214-131] Inlining function 'ap_fixed_base<48, 24, true, (ap_q_mode)5, (ap_o_mode)3, 0>::operator!() const' into 'ap_fixed_base<32, 16, true, (ap_q_mode)5, (ap_o_mode)3, 0>& ap_fixed_base<32, 16, true, (ap_q_mode)5, (ap_o_mode)3, 0>::operator=<48, 24, true, (ap_q_mode)5, (ap_o_mode)3, 0>(ap_fixed_base<48, 24, true, (ap_q_mode)5, (ap_o_mode)3, 0> const&)' (C:/Xilinx/Vitis_HLS/2022.2/common/technology/autopilot\ap_fixed_base.h:808:9)
INFO: [HLS 214-131] Inlining function 'ssdm_int<32, true>::ssdm_int(int)' into 'ap_fixed_base<32, 16, true, (ap_q_mode)5, (ap_o_mode)3, 0>::ap_fixed_base<48, 24, true, (ap_q_mode)5, (ap_o_mode)3, 0>(ap_fixed_base<48, 24, true, (ap_q_mode)5, (ap_o_mode)3, 0> const&)' (C:/Xilinx/Vitis_HLS/2022.2/common/technology/autopilot\ap_fixed_base.h:401:80)
INFO: [HLS 214-131] Inlining function 'ap_fixed_base<32, 16, true, (ap_q_mode)5, (ap_o_mode)3, 0>& ap_fixed_base<32, 16, true, (ap_q_mode)5, (ap_o_mode)3, 0>::operator=<48, 24, true, (ap_q_mode)5, (ap_o_mode)3, 0>(ap_fixed_base<48, 24, true, (ap_q_mode)5, (ap_o_mode)3, 0> const&)' into 'ap_fixed_base<32, 16, true, (ap_q_mode)5, (ap_o_mode)3, 0>::ap_fixed_base<48, 24, true, (ap_q_mode)5, (ap_o_mode)3, 0>(ap_fixed_base<48, 24, true, (ap_q_mode)5, (ap_o_mode)3, 0> const&)' (C:/Xilinx/Vitis_HLS/2022.2/common/technology/autopilot\ap_fixed_base.h:403:5)
INFO: [HLS 214-131] Inlining function 'ap_fixed_base<32, 16, true, (ap_q_mode)5, (ap_o_mode)3, 0>::ap_fixed_base<48, 24, true, (ap_q_mode)5, (ap_o_mode)3, 0>(ap_fixed_base<48, 24, true, (ap_q_mode)5, (ap_o_mode)3, 0> const&)' into 'ap_fixed<32, 16, (ap_q_mode)5, (ap_o_mode)3, 0>::ap_fixed<48, 24, true, (ap_q_mode)5, (ap_o_mode)3, 0>(ap_fixed_base<48, 24, true, (ap_q_mode)5, (ap_o_mode)3, 0> const&)'
INFO: [HLS 214-131] Inlining function 'bool ap_fixed_base<32, 16, true, (ap_q_mode)5, (ap_o_mode)3, 0>::operator><32, 16, true, (ap_q_mode)5, (ap_o_mode)3, 0>(ap_fixed_base<32, 16, true, (ap_q_mode)5, (ap_o_mode)3, 0> const&) const' into 'relu(ap_fixed<32, 16, (ap_q_mode)5, (ap_o_mode)3, 0>)' (C:/ecg_hls/include/ecg_types.h:62:15)
INFO: [HLS 214-131] Inlining function 'ap_fixed_base<48, 24, true, (ap_q_mode)5, (ap_o_mode)3, 0>::operator!() const' into 'ap_fixed_base<16, 8, true, (ap_q_mode)5, (ap_o_mode)3, 0>& ap_fixed_base<16, 8, true, (ap_q_mode)5, (ap_o_mode)3, 0>::operator=<48, 24, true, (ap_q_mode)5, (ap_o_mode)3, 0>(ap_fixed_base<48, 24, true, (ap_q_mode)5, (ap_o_mode)3, 0> const&)' (C:/Xilinx/Vitis_HLS/2022.2/common/technology/autopilot\ap_fixed_base.h:808:9)
INFO: [HLS 214-131] Inlining function 'ssdm_int<16, true>::ssdm_int(short)' into 'ap_fixed_base<16, 8, true, (ap_q_mode)5, (ap_o_mode)3, 0>::ap_fixed_base<48, 24, true, (ap_q_mode)5, (ap_o_mode)3, 0>(ap_fixed_base<48, 24, true, (ap_q_mode)5, (ap_o_mode)3, 0> const&)' (C:/Xilinx/Vitis_HLS/2022.2/common/technology/autopilot\ap_fixed_base.h:401:80)
INFO: [HLS 214-131] Inlining function 'ap_fixed_base<16, 8, true, (ap_q_mode)5, (ap_o_mode)3, 0>& ap_fixed_base<16, 8, true, (ap_q_mode)5, (ap_o_mode)3, 0>::operator=<48, 24, true, (ap_q_mode)5, (ap_o_mode)3, 0>(ap_fixed_base<48, 24, true, (ap_q_mode)5, (ap_o_mode)3, 0> const&)' into 'ap_fixed_base<16, 8, true, (ap_q_mode)5, (ap_o_mode)3, 0>::ap_fixed_base<48, 24, true, (ap_q_mode)5, (ap_o_mode)3, 0>(ap_fixed_base<48, 24, true, (ap_q_mode)5, (ap_o_mode)3, 0> const&)' (C:/Xilinx/Vitis_HLS/2022.2/common/technology/autopilot\ap_fixed_base.h:403:5)
INFO: [HLS 214-131] Inlining function 'ap_fixed_base<16, 8, true, (ap_q_mode)5, (ap_o_mode)3, 0>::ap_fixed_base<48, 24, true, (ap_q_mode)5, (ap_o_mode)3, 0>(ap_fixed_base<48, 24, true, (ap_q_mode)5, (ap_o_mode)3, 0> const&)' into 'ap_fixed<16, 8, (ap_q_mode)5, (ap_o_mode)3, 0>::ap_fixed<48, 24, true, (ap_q_mode)5, (ap_o_mode)3, 0>(ap_fixed_base<48, 24, true, (ap_q_mode)5, (ap_o_mode)3, 0> const&)'
INFO: [HLS 214-131] Inlining function 'ap_fixed_base<32, 32, true, (ap_q_mode)5, (ap_o_mode)3, 0>::operator!() const' into 'ap_fixed_base<16, 8, true, (ap_q_mode)5, (ap_o_mode)3, 0>& ap_fixed_base<16, 8, true, (ap_q_mode)5, (ap_o_mode)3, 0>::operator=<32, 32, true, (ap_q_mode)5, (ap_o_mode)3, 0>(ap_fixed_base<32, 32, true, (ap_q_mode)5, (ap_o_mode)3, 0> const&)' (C:/Xilinx/Vitis_HLS/2022.2/common/technology/autopilot\ap_fixed_base.h:808:9)
INFO: [HLS 214-131] Inlining function 'ap_fixed_base<16, 8, true, (ap_q_mode)5, (ap_o_mode)3, 0>& ap_fixed_base<16, 8, true, (ap_q_mode)5, (ap_o_mode)3, 0>::operator=<32, 32, true, (ap_q_mode)5, (ap_o_mode)3, 0>(ap_fixed_base<32, 32, true, (ap_q_mode)5, (ap_o_mode)3, 0> const&)' into 'ap_fixed_base<16, 8, true, (ap_q_mode)5, (ap_o_mode)3, 0>::ap_fixed_base(int)' (C:/Xilinx/Vitis_HLS/2022.2/common/technology/autopilot\ap_fixed_base.h:530:146)
INFO: [HLS 214-131] Inlining function 'ap_fixed_base<16, 8, true, (ap_q_mode)5, (ap_o_mode)3, 0>::ap_fixed_base(int)' into 'ap_fixed<16, 8, (ap_q_mode)5, (ap_o_mode)3, 0>::ap_fixed(int)'
INFO: [HLS 214-131] Inlining function 'bool ap_fixed_base<16, 8, true, (ap_q_mode)5, (ap_o_mode)3, 0>::operator><16, 8, true, (ap_q_mode)5, (ap_o_mode)3, 0>(ap_fixed_base<16, 8, true, (ap_q_mode)5, (ap_o_mode)3, 0> const&) const' into 'relu_act(ap_fixed<16, 8, (ap_q_mode)5, (ap_o_mode)3, 0>)' (C:/ecg_hls/include/ecg_types.h:65:15)
INFO: [HLS 214-131] Inlining function 'ap_fixed_base<16, 8, true, (ap_q_mode)5, (ap_o_mode)3, 0>::operator!() const' into 'ap_fixed_base<32, 16, true, (ap_q_mode)5, (ap_o_mode)3, 0>& ap_fixed_base<32, 16, true, (ap_q_mode)5, (ap_o_mode)3, 0>::operator=<16, 8, true, (ap_q_mode)5, (ap_o_mode)3, 0>(ap_fixed_base<16, 8, true, (ap_q_mode)5, (ap_o_mode)3, 0> const&)' (C:/Xilinx/Vitis_HLS/2022.2/common/technology/autopilot\ap_fixed_base.h:808:9)
INFO: [HLS 214-131] Inlining function 'ssdm_int<32, true>::ssdm_int(int)' into 'ap_fixed_base<32, 16, true, (ap_q_mode)5, (ap_o_mode)3, 0>::ap_fixed_base<16, 8, true, (ap_q_mode)5, (ap_o_mode)3, 0>(ap_fixed_base<16, 8, true, (ap_q_mode)5, (ap_o_mode)3, 0> const&)' (C:/Xilinx/Vitis_HLS/2022.2/common/technology/autopilot\ap_fixed_base.h:401:80)
INFO: [HLS 214-131] Inlining function 'ap_fixed_base<32, 16, true, (ap_q_mode)5, (ap_o_mode)3, 0>& ap_fixed_base<32, 16, true, (ap_q_mode)5, (ap_o_mode)3, 0>::operator=<16, 8, true, (ap_q_mode)5, (ap_o_mode)3, 0>(ap_fixed_base<16, 8, true, (ap_q_mode)5, (ap_o_mode)3, 0> const&)' into 'ap_fixed_base<32, 16, true, (ap_q_mode)5, (ap_o_mode)3, 0>::ap_fixed_base<16, 8, true, (ap_q_mode)5, (ap_o_mode)3, 0>(ap_fixed_base<16, 8, true, (ap_q_mode)5, (ap_o_mode)3, 0> const&)' (C:/Xilinx/Vitis_HLS/2022.2/common/technology/autopilot\ap_fixed_base.h:403:5)
INFO: [HLS 214-131] Inlining function 'ap_fixed_base<32, 16, true, (ap_q_mode)5, (ap_o_mode)3, 0>::ap_fixed_base<16, 8, true, (ap_q_mode)5, (ap_o_mode)3, 0>(ap_fixed_base<16, 8, true, (ap_q_mode)5, (ap_o_mode)3, 0> const&)' into 'ap_fixed<32, 16, (ap_q_mode)5, (ap_o_mode)3, 0>::ap_fixed<16, 8, true, (ap_q_mode)5, (ap_o_mode)3, 0>(ap_fixed_base<16, 8, true, (ap_q_mode)5, (ap_o_mode)3, 0> const&)'
INFO: [HLS 214-131] Inlining function 'ap_fixed_base<32, 32, true, (ap_q_mode)5, (ap_o_mode)3, 0>::operator!() const' into 'ap_fixed_base<64, 32, true, (ap_q_mode)5, (ap_o_mode)3, 0>& ap_fixed_base<64, 32, true, (ap_q_mode)5, (ap_o_mode)3, 0>::operator=<32, 32, true, (ap_q_mode)5, (ap_o_mode)3, 0>(ap_fixed_base<32, 32, true, (ap_q_mode)5, (ap_o_mode)3, 0> const&)' (C:/Xilinx/Vitis_HLS/2022.2/common/technology/autopilot\ap_fixed_base.h:808:9)
INFO: [HLS 214-131] Inlining function 'ap_fixed_base<64, 32, true, (ap_q_mode)5, (ap_o_mode)3, 0>& ap_fixed_base<64, 32, true, (ap_q_mode)5, (ap_o_mode)3, 0>::operator=<32, 32, true, (ap_q_mode)5, (ap_o_mode)3, 0>(ap_fixed_base<32, 32, true, (ap_q_mode)5, (ap_o_mode)3, 0> const&)' into 'ap_fixed_base<64, 32, true, (ap_q_mode)5, (ap_o_mode)3, 0>::ap_fixed_base(int)' (C:/Xilinx/Vitis_HLS/2022.2/common/technology/autopilot\ap_fixed_base.h:530:146)
INFO: [HLS 214-131] Inlining function 'ap_fixed_base<64, 32, true, (ap_q_mode)5, (ap_o_mode)3, 0>::ap_fixed_base(int)' into 'ap_fixed_base<32, 16, true, (ap_q_mode)5, (ap_o_mode)3, 0>::RType<32, 16, true>::mult ap_fixed_base<32, 16, true, (ap_q_mode)5, (ap_o_mode)3, 0>::operator*<32, 16, true, (ap_q_mode)5, (ap_o_mode)3, 0>(ap_fixed_base<32, 16, true, (ap_q_mode)5, (ap_o_mode)3, 0> const&) const' (C:/Xilinx/Vitis_HLS/2022.2/common/technology/autopilot\ap_fixed_base.h:1270:55)
INFO: [HLS 214-131] Inlining function 'ap_fixed_base<64, 32, true, (ap_q_mode)5, (ap_o_mode)3, 0>::ap_fixed_base(int)' into 'ap_fixed_base<32, 16, true, (ap_q_mode)5, (ap_o_mode)3, 0>::RType<32, 16, true>::mult ap_fixed_base<32, 16, true, (ap_q_mode)5, (ap_o_mode)3, 0>::operator*<32, 16, true, (ap_q_mode)5, (ap_o_mode)3, 0>(ap_fixed_base<32, 16, true, (ap_q_mode)5, (ap_o_mode)3, 0> const&) const' (C:/Xilinx/Vitis_HLS/2022.2/common/technology/autopilot\ap_fixed_base.h:1270:61)
INFO: [HLS 214-131] Inlining function 'ap_fixed_base<64, 32, true, (ap_q_mode)5, (ap_o_mode)3, 0>::operator!() const' into 'ap_fixed_base<32, 16, true, (ap_q_mode)5, (ap_o_mode)3, 0>& ap_fixed_base<32, 16, true, (ap_q_mode)5, (ap_o_mode)3, 0>::operator=<64, 32, true, (ap_q_mode)5, (ap_o_mode)3, 0>(ap_fixed_base<64, 32, true, (ap_q_mode)5, (ap_o_mode)3, 0> const&)' (C:/Xilinx/Vitis_HLS/2022.2/common/technology/autopilot\ap_fixed_base.h:808:9)
INFO: [HLS 214-131] Inlining function 'ssdm_int<32, true>::ssdm_int(int)' into 'ap_fixed_base<32, 16, true, (ap_q_mode)5, (ap_o_mode)3, 0>::ap_fixed_base<64, 32, true, (ap_q_mode)5, (ap_o_mode)3, 0>(ap_fixed_base<64, 32, true, (ap_q_mode)5, (ap_o_mode)3, 0> const&)' (C:/Xilinx/Vitis_HLS/2022.2/common/technology/autopilot\ap_fixed_base.h:401:80)
INFO: [HLS 214-131] Inlining function 'ap_fixed_base<32, 16, true, (ap_q_mode)5, (ap_o_mode)3, 0>& ap_fixed_base<32, 16, true, (ap_q_mode)5, (ap_o_mode)3, 0>::operator=<64, 32, true, (ap_q_mode)5, (ap_o_mode)3, 0>(ap_fixed_base<64, 32, true, (ap_q_mode)5, (ap_o_mode)3, 0> const&)' into 'ap_fixed_base<32, 16, true, (ap_q_mode)5, (ap_o_mode)3, 0>::ap_fixed_base<64, 32, true, (ap_q_mode)5, (ap_o_mode)3, 0>(ap_fixed_base<64, 32, true, (ap_q_mode)5, (ap_o_mode)3, 0> const&)' (C:/Xilinx/Vitis_HLS/2022.2/common/technology/autopilot\ap_fixed_base.h:403:5)
INFO: [HLS 214-131] Inlining function 'ap_fixed_base<32, 16, true, (ap_q_mode)5, (ap_o_mode)3, 0>::ap_fixed_base<64, 32, true, (ap_q_mode)5, (ap_o_mode)3, 0>(ap_fixed_base<64, 32, true, (ap_q_mode)5, (ap_o_mode)3, 0> const&)' into 'ap_fixed<32, 16, (ap_q_mode)5, (ap_o_mode)3, 0>::ap_fixed<64, 32, true, (ap_q_mode)5, (ap_o_mode)3, 0>(ap_fixed_base<64, 32, true, (ap_q_mode)5, (ap_o_mode)3, 0> const&)'
INFO: [HLS 214-131] Inlining function 'ssdm_int<64, false>::ssdm_int(unsigned long)' into 'ap_int_base<64, false>::ap_int_base(unsigned long long)' (C:/Xilinx/Vitis_HLS/2022.2/common/technology/autopilot\ap_int_base.h:219:72)
INFO: [HLS 214-131] Inlining function 'ap_int_base<64, false>::ap_int_base(unsigned long long)' into 'ap_int_base<48, false>::countLeadingZeros() const' (C:/Xilinx/Vitis_HLS/2022.2/common/technology/autopilot\ap_int_base.h:1201:30)
INFO: [HLS 214-131] Inlining function 'ap_int_base<48, false>::countLeadingZeros() const' into 'ap_fixed_base<48, 24, true, (ap_q_mode)5, (ap_o_mode)3, 0>::to_float() const' (C:/Xilinx/Vitis_HLS/2022.2/common/technology/autopilot\ap_fixed_base.h:1097:17)
INFO: [HLS 214-131] Inlining function 'rawBitsToFloat(unsigned long)' into 'ap_fixed_base<48, 24, true, (ap_q_mode)5, (ap_o_mode)3, 0>::to_float() const' (C:/Xilinx/Vitis_HLS/2022.2/common/technology/autopilot\ap_fixed_base.h:1126:12)
INFO: [HLS 214-131] Inlining function 'ap_fixed_base<48, 24, true, (ap_q_mode)5, (ap_o_mode)3, 0>::to_float() const' into 'ap_fixed_base<48, 24, true, (ap_q_mode)5, (ap_o_mode)3, 0>::operator float() const' (C:/Xilinx/Vitis_HLS/2022.2/common/technology/autopilot\ap_fixed_base.h:1181:73)
INFO: [HLS 214-131] Inlining function 'exp_reduce_::exp(float)' into 'hls::exp(float)' (C:\scratch\2022.2\hls_product\608\2022.2\src\shared\hls\clib\hlsmath\src\c++\expfloat.cpp:17:9)
INFO: [HLS 214-131] Inlining function 'hls::exp(float)' into 'softmax2(float, float, float&, float&)' (src/ecg_classifier.cpp:7:16)
INFO: [HLS 214-131] Inlining function 'hls::exp(float)' into 'softmax2(float, float, float&, float&)' (src/ecg_classifier.cpp:8:16)
INFO: [HLS 214-131] Inlining function 'ssdm_int<32, false>::ssdm_int(unsigned int)' into 'ap_int_base<32, false>::ap_int_base(unsigned int)' (C:/Xilinx/Vitis_HLS/2022.2/common/technology/autopilot\ap_int_base.h:215:76)
INFO: [HLS 214-131] Inlining function 'ap_int_base<32, false>::ap_int_base(unsigned int)' into 'ap_uint<32>::ap_uint(unsigned int)'
INFO: [HLS 214-131] Inlining function '_ZN8ssdm_intILi4ELb0EEC2EDq4_j' into 'ap_int_base<4, false>::ap_int_base(int)' (C:/Xilinx/Vitis_HLS/2022.2/common/technology/autopilot\ap_int_base.h:214:67)
INFO: [HLS 214-131] Inlining function 'ap_int_base<4, false>::ap_int_base(int)' into 'ap_uint<4>::ap_uint(int)'
INFO: [HLS 214-131] Inlining function 'ap_int_base<1, false>::ap_int_base(int)' into 'ap_uint<1>::ap_uint(int)'
INFO: [HLS 214-131] Inlining function 'hls::axis<ap_uint<32>, 1ul, 1ul, 1ul>::get_user_ptr()' into 'hls::stream<hls::axis<ap_uint<32>, 1ul, 1ul, 1ul>, 0>::write(hls::axis<ap_uint<32>, 1ul, 1ul, 1ul> const&)' (C:/Xilinx/Vitis_HLS/2022.2/common/technology/autopilot\ap_axi_sdata.h:258:51)
INFO: [HLS 214-131] Inlining function 'hls::axis<ap_uint<32>, 1ul, 1ul, 1ul>::get_dest_ptr()' into 'hls::stream<hls::axis<ap_uint<32>, 1ul, 1ul, 1ul>, 0>::write(hls::axis<ap_uint<32>, 1ul, 1ul, 1ul> const&)' (C:/Xilinx/Vitis_HLS/2022.2/common/technology/autopilot\ap_axi_sdata.h:261:26)
INFO: [HLS 214-131] Inlining function 'hls::axis<ap_uint<32>, 1ul, 1ul, 1ul>::get_id_ptr()' into 'hls::stream<hls::axis<ap_uint<32>, 1ul, 1ul, 1ul>, 0>::write(hls::axis<ap_uint<32>, 1ul, 1ul, 1ul> const&)' (C:/Xilinx/Vitis_HLS/2022.2/common/technology/autopilot\ap_axi_sdata.h:260:68)
INFO: [HLS 214-131] Inlining function 'hls::axis<ap_uint<32>, 1ul, 1ul, 1ul>::get_user_ptr()' into 'hls::stream<hls::axis<ap_uint<32>, 1ul, 1ul, 1ul>, 0>::write(hls::axis<ap_uint<32>, 1ul, 1ul, 1ul> const&)' (C:/Xilinx/Vitis_HLS/2022.2/common/technology/autopilot\ap_axi_sdata.h:260:37)
INFO: [HLS 214-131] Inlining function 'hls::axis<ap_uint<32>, 1ul, 1ul, 1ul>::get_dest_ptr()' into 'hls::stream<hls::axis<ap_uint<32>, 1ul, 1ul, 1ul>, 0>::write(hls::axis<ap_uint<32>, 1ul, 1ul, 1ul> const&)' (C:/Xilinx/Vitis_HLS/2022.2/common/technology/autopilot\ap_axi_sdata.h:259:40)
INFO: [HLS 214-131] Inlining function 'hls::axis<ap_uint<32>, 1ul, 1ul, 1ul>::get_id_ptr()' into 'hls::stream<hls::axis<ap_uint<32>, 1ul, 1ul, 1ul>, 0>::write(hls::axis<ap_uint<32>, 1ul, 1ul, 1ul> const&)' (C:/Xilinx/Vitis_HLS/2022.2/common/technology/autopilot\ap_axi_sdata.h:259:24)
INFO: [HLS 214-131] Inlining function 'hls::stream<hls::axis<ap_uint<32>, 1ul, 1ul, 1ul>, 0>::read()' into 'ecg_classifier(hls::stream<hls::axis<ap_uint<32>, 1ul, 1ul, 1ul>, 0>&, hls::stream<hls::axis<ap_uint<32>, 1ul, 1ul, 1ul>, 0>&)' (src/ecg_classifier.cpp:45:29)
INFO: [HLS 214-131] Inlining function 'hls::stream<hls::axis<ap_uint<32>, 1ul, 1ul, 1ul>, 0>::write(hls::axis<ap_uint<32>, 1ul, 1ul, 1ul> const&)' into 'ecg_classifier(hls::stream<hls::axis<ap_uint<32>, 1ul, 1ul, 1ul>, 0>&, hls::stream<hls::axis<ap_uint<32>, 1ul, 1ul, 1ul>, 0>&)' (src/ecg_classifier.cpp:325:20)
INFO: [HLS 214-131] Inlining function 'ap_int_base<32, false>::range(int, int)' into 'ecg_classifier(hls::stream<hls::axis<ap_uint<32>, 1ul, 1ul, 1ul>, 0>&, hls::stream<hls::axis<ap_uint<32>, 1ul, 1ul, 1ul>, 0>&)' (src/ecg_classifier.cpp:48:29)
INFO: [HLS 214-131] Inlining function 'ap_fixed_base<48, 24, true, (ap_q_mode)5, (ap_o_mode)3, 0>::operator float() const' into 'ecg_classifier(hls::stream<hls::axis<ap_uint<32>, 1ul, 1ul, 1ul>, 0>&, hls::stream<hls::axis<ap_uint<32>, 1ul, 1ul, 1ul>, 0>&)' (src/ecg_classifier.cpp:306:29)
INFO: [HLS 214-131] Inlining function 'ap_fixed_base<48, 24, true, (ap_q_mode)5, (ap_o_mode)3, 0>& ap_fixed_base<48, 24, true, (ap_q_mode)5, (ap_o_mode)3, 0>::operator+=<96, 48, true, (ap_q_mode)5, (ap_o_mode)3, 0>(ap_fixed_base<96, 48, true, (ap_q_mode)5, (ap_o_mode)3, 0> const&)' into 'ecg_classifier(hls::stream<hls::axis<ap_uint<32>, 1ul, 1ul, 1ul>, 0>&, hls::stream<hls::axis<ap_uint<32>, 1ul, 1ul, 1ul>, 0>&)' (src/ecg_classifier.cpp:304:6)
INFO: [HLS 214-131] Inlining function 'ap_fixed_base<48, 24, true, (ap_q_mode)5, (ap_o_mode)3, 0>::RType<48, 24, true>::mult ap_fixed_base<48, 24, true, (ap_q_mode)5, (ap_o_mode)3, 0>::operator*<48, 24, true, (ap_q_mode)5, (ap_o_mode)3, 0>(ap_fixed_base<48, 24, true, (ap_q_mode)5, (ap_o_mode)3, 0> const&) const' into 'ecg_classifier(hls::stream<hls::axis<ap_uint<32>, 1ul, 1ul, 1ul>, 0>&, hls::stream<hls::axis<ap_uint<32>, 1ul, 1ul, 1ul>, 0>&)' (src/ecg_classifier.cpp:304:31)
INFO: [HLS 214-131] Inlining function 'ap_fixed_base<32, 16, true, (ap_q_mode)5, (ap_o_mode)3, 0>::range(int, int)' into 'ecg_classifier(hls::stream<hls::axis<ap_uint<32>, 1ul, 1ul, 1ul>, 0>&, hls::stream<hls::axis<ap_uint<32>, 1ul, 1ul, 1ul>, 0>&)' (src/ecg_classifier.cpp:48:11)
INFO: [HLS 214-131] Inlining function 'ap_fixed_base<48, 24, true, (ap_q_mode)5, (ap_o_mode)3, 0>& ap_fixed_base<48, 24, true, (ap_q_mode)5, (ap_o_mode)3, 0>::operator+=<96, 48, true, (ap_q_mode)5, (ap_o_mode)3, 0>(ap_fixed_base<96, 48, true, (ap_q_mode)5, (ap_o_mode)3, 0> const&)' into 'ecg_classifier(hls::stream<hls::axis<ap_uint<32>, 1ul, 1ul, 1ul>, 0>&, hls::stream<hls::axis<ap_uint<32>, 1ul, 1ul, 1ul>, 0>&)' (src/ecg_classifier.cpp:293:6)
INFO: [HLS 214-131] Inlining function 'ap_fixed_base<48, 24, true, (ap_q_mode)5, (ap_o_mode)3, 0>::RType<48, 24, true>::mult ap_fixed_base<48, 24, true, (ap_q_mode)5, (ap_o_mode)3, 0>::operator*<48, 24, true, (ap_q_mode)5, (ap_o_mode)3, 0>(ap_fixed_base<48, 24, true, (ap_q_mode)5, (ap_o_mode)3, 0> const&) const' into 'ecg_classifier(hls::stream<hls::axis<ap_uint<32>, 1ul, 1ul, 1ul>, 0>&, hls::stream<hls::axis<ap_uint<32>, 1ul, 1ul, 1ul>, 0>&)' (src/ecg_classifier.cpp:293:28)
INFO: [HLS 214-131] Inlining function 'ap_fixed_base<32, 16, true, (ap_q_mode)5, (ap_o_mode)3, 0>::RType<32, 16, true>::mult ap_fixed_base<32, 16, true, (ap_q_mode)5, (ap_o_mode)3, 0>::operator*<32, 16, true, (ap_q_mode)5, (ap_o_mode)3, 0>(ap_fixed_base<32, 16, true, (ap_q_mode)5, (ap_o_mode)3, 0> const&) const' into 'ecg_classifier(hls::stream<hls::axis<ap_uint<32>, 1ul, 1ul, 1ul>, 0>&, hls::stream<hls::axis<ap_uint<32>, 1ul, 1ul, 1ul>, 0>&)' (src/ecg_classifier.cpp:284:30)
INFO: [HLS 214-131] Inlining function 'af_range_ref<32, 16, true, (ap_q_mode)5, (ap_o_mode)3, 0>& af_range_ref<32, 16, true, (ap_q_mode)5, (ap_o_mode)3, 0>::operator=<32, false>(ap_range_ref<32, false> const&)' into 'ecg_classifier(hls::stream<hls::axis<ap_uint<32>, 1ul, 1ul, 1ul>, 0>&, hls::stream<hls::axis<ap_uint<32>, 1ul, 1ul, 1ul>, 0>&)' (src/ecg_classifier.cpp:48:23)
INFO: [HLS 214-131] Inlining function 'ap_fixed_base<32, 16, true, (ap_q_mode)5, (ap_o_mode)3, 0>::RType<32, 16, true>::plus ap_fixed_base<32, 16, true, (ap_q_mode)5, (ap_o_mode)3, 0>::operator+<32, 16, true, (ap_q_mode)5, (ap_o_mode)3, 0>(ap_fixed_base<32, 16, true, (ap_q_mode)5, (ap_o_mode)3, 0> const&) const' into 'ecg_classifier(hls::stream<hls::axis<ap_uint<32>, 1ul, 1ul, 1ul>, 0>&, hls::stream<hls::axis<ap_uint<32>, 1ul, 1ul, 1ul>, 0>&)' (src/ecg_classifier.cpp:274:57)
INFO: [HLS 214-131] Inlining function 'ap_fixed_base<32, 16, true, (ap_q_mode)5, (ap_o_mode)3, 0>::RType<32, 16, true>::plus ap_fixed_base<32, 16, true, (ap_q_mode)5, (ap_o_mode)3, 0>::operator+<32, 16, true, (ap_q_mode)5, (ap_o_mode)3, 0>(ap_fixed_base<32, 16, true, (ap_q_mode)5, (ap_o_mode)3, 0> const&) const' into 'ecg_classifier(hls::stream<hls::axis<ap_uint<32>, 1ul, 1ul, 1ul>, 0>&, hls::stream<hls::axis<ap_uint<32>, 1ul, 1ul, 1ul>, 0>&)' (src/ecg_classifier.cpp:273:57)
INFO: [HLS 214-131] Inlining function 'ap_fixed_base<48, 24, true, (ap_q_mode)5, (ap_o_mode)3, 0>& ap_fixed_base<48, 24, true, (ap_q_mode)5, (ap_o_mode)3, 0>::operator+=<96, 48, true, (ap_q_mode)5, (ap_o_mode)3, 0>(ap_fixed_base<96, 48, true, (ap_q_mode)5, (ap_o_mode)3, 0> const&)' into 'ecg_classifier(hls::stream<hls::axis<ap_uint<32>, 1ul, 1ul, 1ul>, 0>&, hls::stream<hls::axis<ap_uint<32>, 1ul, 1ul, 1ul>, 0>&)' (src/ecg_classifier.cpp:270:30)
INFO: [HLS 214-131] Inlining function 'ap_fixed_base<48, 24, true, (ap_q_mode)5, (ap_o_mode)3, 0>::RType<48, 24, true>::mult ap_fixed_base<48, 24, true, (ap_q_mode)5, (ap_o_mode)3, 0>::operator*<48, 24, true, (ap_q_mode)5, (ap_o_mode)3, 0>(ap_fixed_base<48, 24, true, (ap_q_mode)5, (ap_o_mode)3, 0> const&) const' into 'ecg_classifier(hls::stream<hls::axis<ap_uint<32>, 1ul, 1ul, 1ul>, 0>&, hls::stream<hls::axis<ap_uint<32>, 1ul, 1ul, 1ul>, 0>&)' (src/ecg_classifier.cpp:270:42)
INFO: [HLS 214-131] Inlining function 'ap_fixed_base<48, 24, true, (ap_q_mode)5, (ap_o_mode)3, 0>& ap_fixed_base<48, 24, true, (ap_q_mode)5, (ap_o_mode)3, 0>::operator+=<96, 48, true, (ap_q_mode)5, (ap_o_mode)3, 0>(ap_fixed_base<96, 48, true, (ap_q_mode)5, (ap_o_mode)3, 0> const&)' into 'ecg_classifier(hls::stream<hls::axis<ap_uint<32>, 1ul, 1ul, 1ul>, 0>&, hls::stream<hls::axis<ap_uint<32>, 1ul, 1ul, 1ul>, 0>&)' (src/ecg_classifier.cpp:269:30)
INFO: [HLS 214-131] Inlining function 'ap_fixed_base<48, 24, true, (ap_q_mode)5, (ap_o_mode)3, 0>::RType<48, 24, true>::mult ap_fixed_base<48, 24, true, (ap_q_mode)5, (ap_o_mode)3, 0>::operator*<48, 24, true, (ap_q_mode)5, (ap_o_mode)3, 0>(ap_fixed_base<48, 24, true, (ap_q_mode)5, (ap_o_mode)3, 0> const&) const' into 'ecg_classifier(hls::stream<hls::axis<ap_uint<32>, 1ul, 1ul, 1ul>, 0>&, hls::stream<hls::axis<ap_uint<32>, 1ul, 1ul, 1ul>, 0>&)' (src/ecg_classifier.cpp:269:42)
INFO: [HLS 214-131] Inlining function 'ap_fixed_base<48, 24, true, (ap_q_mode)5, (ap_o_mode)3, 0>& ap_fixed_base<48, 24, true, (ap_q_mode)5, (ap_o_mode)3, 0>::operator+=<48, 24, true, (ap_q_mode)5, (ap_o_mode)3, 0>(ap_fixed_base<48, 24, true, (ap_q_mode)5, (ap_o_mode)3, 0> const&)' into 'ecg_classifier(hls::stream<hls::axis<ap_uint<32>, 1ul, 1ul, 1ul>, 0>&, hls::stream<hls::axis<ap_uint<32>, 1ul, 1ul, 1ul>, 0>&)' (src/ecg_classifier.cpp:56:11)
INFO: [HLS 214-131] Inlining function 'ap_fixed_base<48, 24, true, (ap_q_mode)5, (ap_o_mode)3, 0>::RType<32, 16, true>::mult ap_fixed_base<48, 24, true, (ap_q_mode)5, (ap_o_mode)3, 0>::operator*<32, 16, true, (ap_q_mode)5, (ap_o_mode)3, 0>(ap_fixed_base<32, 16, true, (ap_q_mode)5, (ap_o_mode)3, 0> const&) const' into 'ecg_classifier(hls::stream<hls::axis<ap_uint<32>, 1ul, 1ul, 1ul>, 0>&, hls::stream<hls::axis<ap_uint<32>, 1ul, 1ul, 1ul>, 0>&)' (src/ecg_classifier.cpp:58:40)
INFO: [HLS 214-131] Inlining function 'ap_fixed_base<48, 24, true, (ap_q_mode)5, (ap_o_mode)3, 0>& ap_fixed_base<48, 24, true, (ap_q_mode)5, (ap_o_mode)3, 0>::operator+=<96, 48, true, (ap_q_mode)5, (ap_o_mode)3, 0>(ap_fixed_base<96, 48, true, (ap_q_mode)5, (ap_o_mode)3, 0> const&)' into 'ecg_classifier(hls::stream<hls::axis<ap_uint<32>, 1ul, 1ul, 1ul>, 0>&, hls::stream<hls::axis<ap_uint<32>, 1ul, 1ul, 1ul>, 0>&)' (src/ecg_classifier.cpp:237:30)
INFO: [HLS 214-131] Inlining function 'ap_fixed_base<48, 24, true, (ap_q_mode)5, (ap_o_mode)3, 0>::RType<48, 24, true>::mult ap_fixed_base<48, 24, true, (ap_q_mode)5, (ap_o_mode)3, 0>::operator*<48, 24, true, (ap_q_mode)5, (ap_o_mode)3, 0>(ap_fixed_base<48, 24, true, (ap_q_mode)5, (ap_o_mode)3, 0> const&) const' into 'ecg_classifier(hls::stream<hls::axis<ap_uint<32>, 1ul, 1ul, 1ul>, 0>&, hls::stream<hls::axis<ap_uint<32>, 1ul, 1ul, 1ul>, 0>&)' (src/ecg_classifier.cpp:237:42)
INFO: [HLS 214-131] Inlining function 'ap_fixed_base<48, 24, true, (ap_q_mode)5, (ap_o_mode)3, 0>& ap_fixed_base<48, 24, true, (ap_q_mode)5, (ap_o_mode)3, 0>::operator+=<96, 48, true, (ap_q_mode)5, (ap_o_mode)3, 0>(ap_fixed_base<96, 48, true, (ap_q_mode)5, (ap_o_mode)3, 0> const&)' into 'ecg_classifier(hls::stream<hls::axis<ap_uint<32>, 1ul, 1ul, 1ul>, 0>&, hls::stream<hls::axis<ap_uint<32>, 1ul, 1ul, 1ul>, 0>&)' (src/ecg_classifier.cpp:236:30)
INFO: [HLS 214-131] Inlining function 'ap_fixed_base<48, 24, true, (ap_q_mode)5, (ap_o_mode)3, 0>::RType<48, 24, true>::mult ap_fixed_base<48, 24, true, (ap_q_mode)5, (ap_o_mode)3, 0>::operator*<48, 24, true, (ap_q_mode)5, (ap_o_mode)3, 0>(ap_fixed_base<48, 24, true, (ap_q_mode)5, (ap_o_mode)3, 0> const&) const' into 'ecg_classifier(hls::stream<hls::axis<ap_uint<32>, 1ul, 1ul, 1ul>, 0>&, hls::stream<hls::axis<ap_uint<32>, 1ul, 1ul, 1ul>, 0>&)' (src/ecg_classifier.cpp:236:42)
INFO: [HLS 214-131] Inlining function 'ap_fixed_base<48, 24, true, (ap_q_mode)5, (ap_o_mode)3, 0>& ap_fixed_base<48, 24, true, (ap_q_mode)5, (ap_o_mode)3, 0>::operator+=<96, 48, true, (ap_q_mode)5, (ap_o_mode)3, 0>(ap_fixed_base<96, 48, true, (ap_q_mode)5, (ap_o_mode)3, 0> const&)' into 'ecg_classifier(hls::stream<hls::axis<ap_uint<32>, 1ul, 1ul, 1ul>, 0>&, hls::stream<hls::axis<ap_uint<32>, 1ul, 1ul, 1ul>, 0>&)' (src/ecg_classifier.cpp:186:30)
INFO: [HLS 214-131] Inlining function 'ap_fixed_base<48, 24, true, (ap_q_mode)5, (ap_o_mode)3, 0>::RType<48, 24, true>::mult ap_fixed_base<48, 24, true, (ap_q_mode)5, (ap_o_mode)3, 0>::operator*<48, 24, true, (ap_q_mode)5, (ap_o_mode)3, 0>(ap_fixed_base<48, 24, true, (ap_q_mode)5, (ap_o_mode)3, 0> const&) const' into 'ecg_classifier(hls::stream<hls::axis<ap_uint<32>, 1ul, 1ul, 1ul>, 0>&, hls::stream<hls::axis<ap_uint<32>, 1ul, 1ul, 1ul>, 0>&)' (src/ecg_classifier.cpp:186:42)
INFO: [HLS 214-131] Inlining function 'ap_fixed_base<48, 24, true, (ap_q_mode)5, (ap_o_mode)3, 0>& ap_fixed_base<48, 24, true, (ap_q_mode)5, (ap_o_mode)3, 0>::operator+=<96, 48, true, (ap_q_mode)5, (ap_o_mode)3, 0>(ap_fixed_base<96, 48, true, (ap_q_mode)5, (ap_o_mode)3, 0> const&)' into 'ecg_classifier(hls::stream<hls::axis<ap_uint<32>, 1ul, 1ul, 1ul>, 0>&, hls::stream<hls::axis<ap_uint<32>, 1ul, 1ul, 1ul>, 0>&)' (src/ecg_classifier.cpp:185:30)
INFO: [HLS 214-131] Inlining function 'ap_fixed_base<48, 24, true, (ap_q_mode)5, (ap_o_mode)3, 0>::RType<48, 24, true>::mult ap_fixed_base<48, 24, true, (ap_q_mode)5, (ap_o_mode)3, 0>::operator*<48, 24, true, (ap_q_mode)5, (ap_o_mode)3, 0>(ap_fixed_base<48, 24, true, (ap_q_mode)5, (ap_o_mode)3, 0> const&) const' into 'ecg_classifier(hls::stream<hls::axis<ap_uint<32>, 1ul, 1ul, 1ul>, 0>&, hls::stream<hls::axis<ap_uint<32>, 1ul, 1ul, 1ul>, 0>&)' (src/ecg_classifier.cpp:185:42)
INFO: [HLS 214-131] Inlining function 'ap_fixed_base<32, 16, true, (ap_q_mode)5, (ap_o_mode)3, 0>::RType<32, 16, true>::minus ap_fixed_base<32, 16, true, (ap_q_mode)5, (ap_o_mode)3, 0>::operator-<32, 16, true, (ap_q_mode)5, (ap_o_mode)3, 0>(ap_fixed_base<32, 16, true, (ap_q_mode)5, (ap_o_mode)3, 0> const&) const' into 'ecg_classifier(hls::stream<hls::axis<ap_uint<32>, 1ul, 1ul, 1ul>, 0>&, hls::stream<hls::axis<ap_uint<32>, 1ul, 1ul, 1ul>, 0>&)' (src/ecg_classifier.cpp:64:26)
INFO: [HLS 214-131] Inlining function 'ap_fixed_base<48, 24, true, (ap_q_mode)5, (ap_o_mode)3, 0>& ap_fixed_base<48, 24, true, (ap_q_mode)5, (ap_o_mode)3, 0>::operator+=<96, 48, true, (ap_q_mode)5, (ap_o_mode)3, 0>(ap_fixed_base<96, 48, true, (ap_q_mode)5, (ap_o_mode)3, 0> const&)' into 'ecg_classifier(hls::stream<hls::axis<ap_uint<32>, 1ul, 1ul, 1ul>, 0>&, hls::stream<hls::axis<ap_uint<32>, 1ul, 1ul, 1ul>, 0>&)' (src/ecg_classifier.cpp:152:6)
INFO: [HLS 214-131] Inlining function 'ap_fixed_base<48, 24, true, (ap_q_mode)5, (ap_o_mode)3, 0>::RType<48, 24, true>::mult ap_fixed_base<48, 24, true, (ap_q_mode)5, (ap_o_mode)3, 0>::operator*<48, 24, true, (ap_q_mode)5, (ap_o_mode)3, 0>(ap_fixed_base<48, 24, true, (ap_q_mode)5, (ap_o_mode)3, 0> const&) const' into 'ecg_classifier(hls::stream<hls::axis<ap_uint<32>, 1ul, 1ul, 1ul>, 0>&, hls::stream<hls::axis<ap_uint<32>, 1ul, 1ul, 1ul>, 0>&)' (src/ecg_classifier.cpp:152:28)
INFO: [HLS 214-131] Inlining function 'ap_fixed_base<48, 24, true, (ap_q_mode)5, (ap_o_mode)3, 0>& ap_fixed_base<48, 24, true, (ap_q_mode)5, (ap_o_mode)3, 0>::operator+=<96, 48, true, (ap_q_mode)5, (ap_o_mode)3, 0>(ap_fixed_base<96, 48, true, (ap_q_mode)5, (ap_o_mode)3, 0> const&)' into 'ecg_classifier(hls::stream<hls::axis<ap_uint<32>, 1ul, 1ul, 1ul>, 0>&, hls::stream<hls::axis<ap_uint<32>, 1ul, 1ul, 1ul>, 0>&)' (src/ecg_classifier.cpp:135:29)
INFO: [HLS 214-131] Inlining function 'ap_fixed_base<48, 24, true, (ap_q_mode)5, (ap_o_mode)3, 0>::RType<48, 24, true>::mult ap_fixed_base<48, 24, true, (ap_q_mode)5, (ap_o_mode)3, 0>::operator*<48, 24, true, (ap_q_mode)5, (ap_o_mode)3, 0>(ap_fixed_base<48, 24, true, (ap_q_mode)5, (ap_o_mode)3, 0> const&) const' into 'ecg_classifier(hls::stream<hls::axis<ap_uint<32>, 1ul, 1ul, 1ul>, 0>&, hls::stream<hls::axis<ap_uint<32>, 1ul, 1ul, 1ul>, 0>&)' (src/ecg_classifier.cpp:135:41)
INFO: [HLS 214-131] Inlining function 'ap_fixed_base<33, 17, true, (ap_q_mode)5, (ap_o_mode)3, 0>::RType<32, 16, true>::mult ap_fixed_base<33, 17, true, (ap_q_mode)5, (ap_o_mode)3, 0>::operator*<32, 16, true, (ap_q_mode)5, (ap_o_mode)3, 0>(ap_fixed_base<32, 16, true, (ap_q_mode)5, (ap_o_mode)3, 0> const&) const' into 'ecg_classifier(hls::stream<hls::axis<ap_uint<32>, 1ul, 1ul, 1ul>, 0>&, hls::stream<hls::axis<ap_uint<32>, 1ul, 1ul, 1ul>, 0>&)' (src/ecg_classifier.cpp:76:41)
INFO: [HLS 214-131] Inlining function 'ap_fixed_base<32, 16, true, (ap_q_mode)5, (ap_o_mode)3, 0>::RType<32, 16, true>::minus ap_fixed_base<32, 16, true, (ap_q_mode)5, (ap_o_mode)3, 0>::operator-<32, 16, true, (ap_q_mode)5, (ap_o_mode)3, 0>(ap_fixed_base<32, 16, true, (ap_q_mode)5, (ap_o_mode)3, 0> const&) const' into 'ecg_classifier(hls::stream<hls::axis<ap_uint<32>, 1ul, 1ul, 1ul>, 0>&, hls::stream<hls::axis<ap_uint<32>, 1ul, 1ul, 1ul>, 0>&)' (src/ecg_classifier.cpp:76:30)
INFO: [HLS 214-131] Inlining function 'ap_fixed_base<32, 16, true, (ap_q_mode)5, (ap_o_mode)3, 0>::RType<32, 16, true>::div ap_fixed_base<32, 16, true, (ap_q_mode)5, (ap_o_mode)3, 0>::operator/<32, 16, true, (ap_q_mode)5, (ap_o_mode)3, 0>(ap_fixed_base<32, 16, true, (ap_q_mode)5, (ap_o_mode)3, 0> const&) const' into 'ecg_classifier(hls::stream<hls::axis<ap_uint<32>, 1ul, 1ul, 1ul>, 0>&, hls::stream<hls::axis<ap_uint<32>, 1ul, 1ul, 1ul>, 0>&)' (src/ecg_classifier.cpp:71:38)
INFO: [HLS 214-131] Inlining function 'ap_fixed_base<32, 16, true, (ap_q_mode)5, (ap_o_mode)3, 0>::RType<32, 16, true>::plus ap_fixed_base<32, 16, true, (ap_q_mode)5, (ap_o_mode)3, 0>::operator+<32, 16, true, (ap_q_mode)5, (ap_o_mode)3, 0>(ap_fixed_base<32, 16, true, (ap_q_mode)5, (ap_o_mode)3, 0> const&) const' into 'ecg_classifier(hls::stream<hls::axis<ap_uint<32>, 1ul, 1ul, 1ul>, 0>&, hls::stream<hls::axis<ap_uint<32>, 1ul, 1ul, 1ul>, 0>&)' (src/ecg_classifier.cpp:70:49)
INFO: [HLS 214-131] Inlining function 'ap_fixed_base<48, 24, true, (ap_q_mode)5, (ap_o_mode)3, 0>::RType<48, 24, true>::mult ap_fixed_base<48, 24, true, (ap_q_mode)5, (ap_o_mode)3, 0>::operator*<48, 24, true, (ap_q_mode)5, (ap_o_mode)3, 0>(ap_fixed_base<48, 24, true, (ap_q_mode)5, (ap_o_mode)3, 0> const&) const' into 'ecg_classifier(hls::stream<hls::axis<ap_uint<32>, 1ul, 1ul, 1ul>, 0>&, hls::stream<hls::axis<ap_uint<32>, 1ul, 1ul, 1ul>, 0>&)' (src/ecg_classifier.cpp:65:29)
INFO: [HLS 214-131] Inlining function 'ap_fixed_base<48, 24, true, (ap_q_mode)5, (ap_o_mode)3, 0>& ap_fixed_base<48, 24, true, (ap_q_mode)5, (ap_o_mode)3, 0>::operator+=<96, 48, true, (ap_q_mode)5, (ap_o_mode)3, 0>(ap_fixed_base<96, 48, true, (ap_q_mode)5, (ap_o_mode)3, 0> const&)' into 'ecg_classifier(hls::stream<hls::axis<ap_uint<32>, 1ul, 1ul, 1ul>, 0>&, hls::stream<hls::axis<ap_uint<32>, 1ul, 1ul, 1ul>, 0>&)' (src/ecg_classifier.cpp:65:17)
INFO: [HLS 214-131] Inlining function 'ap_fixed_base<32, 16, true, (ap_q_mode)5, (ap_o_mode)3, 0>::operator float() const' into 'ecg_classifier(hls::stream<hls::axis<ap_uint<32>, 1ul, 1ul, 1ul>, 0>&, hls::stream<hls::axis<ap_uint<32>, 1ul, 1ul, 1ul>, 0>&)' (src/ecg_classifier.cpp:68:29)
INFO: [HLS 214-131] Inlining function 'ap_fixed_base<48, 24, true, (ap_q_mode)5, (ap_o_mode)3, 0>::RType<32, 16, true>::mult ap_fixed_base<48, 24, true, (ap_q_mode)5, (ap_o_mode)3, 0>::operator*<32, 16, true, (ap_q_mode)5, (ap_o_mode)3, 0>(ap_fixed_base<32, 16, true, (ap_q_mode)5, (ap_o_mode)3, 0> const&) const' into 'ecg_classifier(hls::stream<hls::axis<ap_uint<32>, 1ul, 1ul, 1ul>, 0>&, hls::stream<hls::axis<ap_uint<32>, 1ul, 1ul, 1ul>, 0>&)' (src/ecg_classifier.cpp:67:38)
INFO: [HLS 214-186] Unrolling loop 'SHIFT_WIN23_K' (src/ecg_classifier.cpp:245:13) in function 'ecg_classifier' completely with a factor of 4 (src/ecg_classifier.cpp:17:0)
INFO: [HLS 214-186] Unrolling loop 'SHIFT_WIN23_CH' (src/ecg_classifier.cpp:248:17) in function 'ecg_classifier' completely with a factor of 128 (src/ecg_classifier.cpp:17:0)
INFO: [HLS 214-186] Unrolling loop 'INSERT_WIN23_CH' (src/ecg_classifier.cpp:254:13) in function 'ecg_classifier' completely with a factor of 128 (src/ecg_classifier.cpp:17:0)
INFO: [HLS 214-186] Unrolling loop 'INIT_WIN23_K' (src/ecg_classifier.cpp:208:9) in function 'ecg_classifier' completely with a factor of 5 (src/ecg_classifier.cpp:17:0)
INFO: [HLS 214-186] Unrolling loop 'INIT_WIN23_CH' (src/ecg_classifier.cpp:211:13) in function 'ecg_classifier' completely with a factor of 128 (src/ecg_classifier.cpp:17:0)
INFO: [HLS 214-186] Unrolling loop 'SHIFT_WIN0_K' (src/ecg_classifier.cpp:117:17) in function 'ecg_classifier' completely with a factor of 6 (src/ecg_classifier.cpp:17:0)
INFO: [HLS 214-186] Unrolling loop 'SHIFT_WIN0_CH' (src/ecg_classifier.cpp:120:21) in function 'ecg_classifier' completely with a factor of 64 (src/ecg_classifier.cpp:17:0)
INFO: [HLS 214-186] Unrolling loop 'SHIFT_WIN01_K' (src/ecg_classifier.cpp:160:13) in function 'ecg_classifier' completely with a factor of 6 (src/ecg_classifier.cpp:17:0)
INFO: [HLS 214-186] Unrolling loop 'SHIFT_WIN01_CH' (src/ecg_classifier.cpp:163:17) in function 'ecg_classifier' completely with a factor of 64 (src/ecg_classifier.cpp:17:0)
INFO: [HLS 214-186] Unrolling loop 'INSERT_WIN01_CH' (src/ecg_classifier.cpp:169:13) in function 'ecg_classifier' completely with a factor of 64 (src/ecg_classifier.cpp:17:0)
INFO: [HLS 214-186] Unrolling loop 'INIT_WIN01_K' (src/ecg_classifier.cpp:100:9) in function 'ecg_classifier' completely with a factor of 7 (src/ecg_classifier.cpp:17:0)
INFO: [HLS 214-186] Unrolling loop 'INIT_WIN01_CH' (src/ecg_classifier.cpp:103:13) in function 'ecg_classifier' completely with a factor of 64 (src/ecg_classifier.cpp:17:0)
INFO: [HLS 214-186] Unrolling loop 'INIT_WIN0_K' (src/ecg_classifier.cpp:86:9) in function 'ecg_classifier' completely with a factor of 7 (src/ecg_classifier.cpp:17:0)
INFO: [HLS 214-186] Unrolling loop 'INIT_WIN0_CH' (src/ecg_classifier.cpp:89:13) in function 'ecg_classifier' completely with a factor of 64 (src/ecg_classifier.cpp:17:0)
INFO: [HLS 214-178] Inlining function 'ap_fixed_base<32, 16, true, (ap_q_mode)5, (ap_o_mode)3, 0>::ap_fixed_base(double)' into 'ecg_classifier(hls::stream<hls::axis<ap_uint<32>, 1ul, 1ul, 1ul>, 0>&, hls::stream<hls::axis<ap_uint<32>, 1ul, 1ul, 1ul>, 0>&)' (src/ecg_classifier.cpp:17:0)
INFO: [HLS 214-178] Inlining function 'hls::sqrt(float)' into 'ecg_classifier(hls::stream<hls::axis<ap_uint<32>, 1ul, 1ul, 1ul>, 0>&, hls::stream<hls::axis<ap_uint<32>, 1ul, 1ul, 1ul>, 0>&)' (src/ecg_classifier.cpp:17:0)
INFO: [HLS 214-178] Inlining function 'relu(ap_fixed<32, 16, (ap_q_mode)5, (ap_o_mode)3, 0>)' into 'ecg_classifier(hls::stream<hls::axis<ap_uint<32>, 1ul, 1ul, 1ul>, 0>&, hls::stream<hls::axis<ap_uint<32>, 1ul, 1ul, 1ul>, 0>&)' (src/ecg_classifier.cpp:17:0)
INFO: [HLS 214-178] Inlining function 'relu_act(ap_fixed<16, 8, (ap_q_mode)5, (ap_o_mode)3, 0>)' into 'ecg_classifier(hls::stream<hls::axis<ap_uint<32>, 1ul, 1ul, 1ul>, 0>&, hls::stream<hls::axis<ap_uint<32>, 1ul, 1ul, 1ul>, 0>&)' (src/ecg_classifier.cpp:17:0)
INFO: [HLS 214-178] Inlining function 'softmax2(float, float, float&, float&)' into 'ecg_classifier(hls::stream<hls::axis<ap_uint<32>, 1ul, 1ul, 1ul>, 0>&, hls::stream<hls::axis<ap_uint<32>, 1ul, 1ul, 1ul>, 0>&)' (src/ecg_classifier.cpp:17:0)
INFO: [HLS 214-248] Applying array_partition to 'input_buf': Cyclic partitioning with factor 2 on dimension 1. (src/ecg_classifier.cpp:22:9)
INFO: [HLS 214-248] Applying array_partition to 'norm_buf': Cyclic partitioning with factor 2 on dimension 1. (src/ecg_classifier.cpp:23:12)
INFO: [HLS 214-248] Applying array_partition to 'buf2_circ': Complete partitioning on dimension 1. Cyclic partitioning with factor 2 on dimension 2. (src/ecg_classifier.cpp:29:8)
INFO: [HLS 214-248] Applying array_partition to 'gap_buf': Cyclic partitioning with factor 2 on dimension 1. (src/ecg_classifier.cpp:33:9)
INFO: [HLS 214-248] Applying array_partition to 'dense0_buf': Cyclic partitioning with factor 2 on dimension 1. (src/ecg_classifier.cpp:34:12)
INFO: [HLS 214-248] Applying array_partition to 'win0': Complete partitioning on dimension 1. (src/ecg_classifier.cpp:81:16)
INFO: [HLS 214-248] Applying array_partition to 'win01': Complete partitioning on dimension 1. Cyclic partitioning with factor 2 on dimension 2. (src/ecg_classifier.cpp:95:16)
INFO: [HLS 214-248] Applying array_partition to 'l1_out': Cyclic partitioning with factor 2 on dimension 1. (src/ecg_classifier.cpp:141:20)
INFO: [HLS 214-248] Applying array_partition to 'win23': Complete partitioning on dimension 1. Cyclic partitioning with factor 2 on dimension 2. (src/ecg_classifier.cpp:203:16)
INFO: [HLS 214-248] Applying array_partition to 'l3_out': Cyclic partitioning with factor 2 on dimension 1. (src/ecg_classifier.cpp:220:20)
INFO-FLOW: DBG:PUTS: copy_raw_kernel_xml ap_link_39: kernel.xml not generated: C:/ecg_hls/ecg_classifier_ip/solution1/.autopilot/db/kernel.internal.xml
INFO: [HLS 200-111] Finished Compiling Optimization and Transform: CPU user time: 3 seconds. CPU system time: 0 seconds. Elapsed time: 204.489 seconds; current allocated memory: 124.621 MB.
INFO: [HLS 200-111] Finished Checking Pragmas: CPU user time: 0 seconds. CPU system time: 0 seconds. Elapsed time: 0.038 seconds; current allocated memory: 124.621 MB.
Execute       opt_and_import_c a -opt_level=2 -skip_syncheck=0 -ng=0 -keep_printf=0 
Execute         cleanup_all_models 
INFO: [HLS 200-10] Starting code transformations ...
INFO-FLOW: Running Standard Transforms...
Execute         transform -hls -share-std-xform -demangle-name -inline-byval-memcpy -always-inline -promote-dbg-pointer -interface-preproc -mem2reg -scalarrepl -mem2reg -keep-read-access -instcombine -dce -promote-dbg-pointer -bitop-raise -loop-simplify -indvarspre -indvars -loop-simplify -xunroll -constprop -instcombine -simplifycfg -indvars -simplifycfg -dce -globaldce -basicaa -simplifycfg -mem2reg -globalopt -global-constprop -deadargelim -instcombine -simplifycfg -scalarrepl -instcombine -reassociate -licm -simplifycfg -loop-simplify -indvars -instcombine -simplifycfg -mem2reg -loop-simplify -indvars -instcombine -gvn -gvn -instcombine -adce -break-crit-edges -simplifycfg -loop-delete -global-array-opt -dce -dse -adce -find-syn-modules -top ecg_classifier -deadargelim -mem2reg -instcombine -dce -presyn-prepare -auto-rom-infer -interface-preproc -syn-check -check-rec-only -find-region -simplifycfg -func-extr -function-inline -globaldce -mem2reg -instcombine -dce -gvn -globaldce -adce -adse -constprop -instcombine -bit-constprop -instcombine -dce -simplifycfg -bitop-raise -simplifycfg -dce -loop-delete -reassociate -globalopt -global-privatize -mem2reg -dce -global-constprop -pointer-simplify -constprop -dce -auto-shift-reg-idiom -promote-dbg-pointer -norm-name C:/ecg_hls/ecg_classifier_ip/solution1/.autopilot/db/a.g.0.bc -o C:/ecg_hls/ecg_classifier_ip/solution1/.autopilot/db/a.g.1.bc -f -phase std-opt 
Command         transform done; 4.362 sec.
INFO: [HLS 200-111] Finished Standard Transforms: CPU user time: 4 seconds. CPU system time: 1 seconds. Elapsed time: 4.416 seconds; current allocated memory: 176.156 MB.
INFO: [HLS 200-10] Checking synthesizability ...
INFO-FLOW: Checking Synthesizability 1/2..
Execute         transform -hls -syn-check -check-rec-only -scalarrepl -norm-name -dce -mem2reg -instcombine -directive-preproc -mem2reg -dse -dce -auto-rom-infer -dce -pag -array-normalize -instcombine -dce -array-seg-normalize -instcombine -dce -data-pack -instcombine -dce -inst-simplify -array-flatten -instcombine -dce -array-burst -dce -deadargelim -promote-global-argument -simplifycfg -mem2reg -globaldce -dce -deadargelim -dce -instcombine -function-inline -globaldce -dce -doublePtrSimplify -doublePtrElim -dce -doublePtrSimplify -promote-dbg-pointer -dce -scalarrepl -dse -adse -instcombine -ptrLegalization -simplifycfg -dce -instcombine -pointer-simplify -ptrArgReplace -dce -instcombine -resolve-double-ptr -scalarrepl -norm-name -dce -mem2reg -instcombine -ptrLegalization -simplifycfg -deadargelim -instcombine -dce -inst-simplify -directive-preproc -mem2reg -dse -dce -globaldce C:/ecg_hls/ecg_classifier_ip/solution1/.autopilot/db/a.g.1.bc -o C:/ecg_hls/ecg_classifier_ip/solution1/.autopilot/db/a.g.2.prechk.bc -f 
Command         transform done; 1.369 sec.
INFO-FLOW: Checking Synthesizability 2/2..
Execute         transform -syn-check C:/ecg_hls/ecg_classifier_ip/solution1/.autopilot/db/a.g.2.prechk.bc -o C:/ecg_hls/ecg_classifier_ip/solution1/.autopilot/db/a.g.2.bc -f -phase syn-check 
WARNING: [SYNCHK 200-120] C:/Xilinx/Vitis_HLS/2022.2/common/technology/autopilot\ap_fixed_base.h:1273: multiplication is assumed not to overflow by default, otherwise, please add option '-fwrapv'.
WARNING: [SYNCHK 200-23] C:/Xilinx/Vitis_HLS/2022.2/common/technology/autopilot\ap_fixed_base.h:1102: variable-indexed range selection may cause suboptimal QoR.
INFO: [SYNCHK 200-10] 0 error(s), 2 warning(s).
Command         transform done; 0.243 sec.
INFO: [HLS 200-111] Finished Checking Synthesizability: CPU user time: 2 seconds. CPU system time: 0 seconds. Elapsed time: 1.637 seconds; current allocated memory: 204.867 MB.
INFO-FLOW: Compiler optimizing ...
INFO-FLOW: Share syncheck's 1.bc for syn flow: copy C:/ecg_hls/ecg_classifier_ip/solution1/.autopilot/db/a.g.1.bc to C:/ecg_hls/ecg_classifier_ip/solution1/.autopilot/db/a.o.1.bc
INFO-FLOW: Presyn 1...
Execute         transform -hls -tmp C:/ecg_hls/ecg_classifier_ip/solution1/.autopilot/db -interface-port-rename -directive-preproc -mem2reg -dse -dce -scalarrepl -norm-name -deadargelim -mem2reg -instcombine -dce -simplifycfg -auto-rom-infer -dce -resource-proc -clib-intrinsic-prepare -dce -func-buffer -dce -pag -array-normalize -func-legal -instcombine -gvn -constprop -dce -simplifycfg -mem2reg -globaldce -resolve-double-ptr -dce -deadargelim -dce -instcombine -ptrArgReplace -mem2reg -dce -array-seg-normalize -deadargelim -instcombine -dce -directive-preproc -mem2reg -dse -dce -pointer-simplify -dce -port-alignment -dce -interface-preproc -data-pack -instcombine -dce -basicaa -aggr-aa -aggrmodref-aa -aggr-aa -gvn -gvn -basicaa -aggr-aa -aggrmodref-aa -aggr-aa -dse -adse -adce -loop-simplify -indvars -instcombine -gvn -loop-simplify -mem2reg -dce -find-region -instcombine -auto-loop-pipeline -inst-simplify -interface-preproc -cfgopt -instcombine -indvars -auto-loop-unroll -loop-simplify -loop-bound -xunroll -constprop -instcombine -simplifycfg -indvars -simplifycfg -dce -globaldce -clean-region -attach-range -gvn -inst-simplify -constprop -simplifycfg -dce -pointer-simplify -dce -globalopt -constprop -dce -array-promote -scalar-auto-dep-elim -constprop -dce -ptrArgReplace -mem2reg -simplifycfg -dce -instcombine -dce -array-transform-check -array-reshape -instcombine -simplifycfg -dce -ptrArgReplace -deadargelim -mem2reg -instcombine -simplifycfg -dce -indvars -loop-simplify -loop-bound -xunroll -constprop -instcombine -simplifycfg -indvars -simplifycfg -dce -globaldce -basicaa -aggr-aa -aggrmodref-aa -aggr-aa -dse -duplicate-dataflow-processes -globaldce -instcombine -array-partition -prepare-dynamic-array-partition -instcombine -simplifycfg -dce -ptrArgReplace -global-constprop -deadargelim -mem2reg -func-legal -dce -global-constprop -deadargelim -mem2reg -simplifycfg -dce -merge-param -deadargelim -globalopt -constprop -dce -array-promote -scalar-auto-dep-elim -constprop -dce -ptrArgReplace -mem2reg -simplifycfg -dce -mem-intrinsic-preproc -dce -global-internalize -global-privatize -mem2reg -globaldce -promote-global-argument -ptrArgReplace -mem2reg -dce -globalopt -mergereturn -simplify-global-access -mem2reg -dce -pointer-simplify -dce -functionattrs -basicaa -aggr-aa -aggrmodref-aa -aggr-aa -gvn -gvn -basicaa -aggr-aa -aggrmodref-aa -aggr-aa -dse -adse -adce -dce -norm-name -basicaa -aggr-aa -aggrmodref-aa -aggr-aa -accesses-merge -function-inline -complex-op-raise -inst-simplify -globaldce -func-legal -dce -loop-bound -arraycheck -bitwidthmin2 -bitwidthmin2 -on-by-dataflow -loop-delete -instcombine -simplifycfg -globaldce -dce -gvn -deadargelim -dce -loop-simplify -clean-region -simplifycfg -propagate-stable-arguments -loop-stream -instcombine -simplifycfg -dce -globaldce -duplicate-dataflow-processes -stream-intrinsic-preproc -dce -check-ap-stream -loop-simplify -eliminate-keepreads -extract-dataflow-in-loop -loop-simplify -dce -gvn -deadargelim -dse -duplicate-dataflow-processes -check-dataflow-syntax -legalize-stream-variable -globaldce -legalize-global -extract-subproc -dce -dead-channel-elimination -canonicalize-gep -globaldce -dce -gvn -hls-dead-arg-elim -deadargelim -directive-preproc -canonicalize-dataflow -dce -globaldce -scalar-preprocessing -scalar-propagation2 -deadargelim -globaldce -mem2reg -check-dataflow-channels -function-stream -dce -globaldce -prop-fifo-spec -internal-stream-gen -canonicalize-gep -globaldce -dce -gvn -deadargelim -mergereturn -indvars -loop-simplify -instcombine -array-stream -array-seg-normalize -array-partition -func-legal -instcombine -simplifycfg -dce -bundle-memfifo-ops -deadargelim -directive-preproc -mem2reg -dse -dce -group-axi-access -licm -simplifycfg -dce -loop-delete -hls-display -norm-name C:/ecg_hls/ecg_classifier_ip/solution1/.autopilot/db/a.o.1.bc -o C:/ecg_hls/ecg_classifier_ip/solution1/.autopilot/db/a.o.1.tmp.bc -f 
INFO: [XFORM 203-102] Partitioning array 'clf_w::L0_W.V' in dimension 2 automatically.
INFO: [XFORM 203-102] Automatically partitioning small array 'logits' (src/ecg_classifier.cpp:35) completely based on array size.
INFO: [XFORM 203-101] Partitioning array 'logits' (src/ecg_classifier.cpp:35) in dimension 1 completely.
INFO: [XFORM 203-102] Partitioning array 'win01.V.10' (src/ecg_classifier.cpp:95) automatically.
INFO: [XFORM 203-102] Partitioning array 'win01.V.11' (src/ecg_classifier.cpp:95) automatically.
INFO: [XFORM 203-102] Partitioning array 'win23.V.6' (src/ecg_classifier.cpp:203) automatically.
INFO: [XFORM 203-102] Partitioning array 'win23.V.7' (src/ecg_classifier.cpp:203) automatically.
Command         transform done; 10.293 sec.
INFO-FLOW: Presyn 2...
Execute         transform -hls -keep-callgraph -scalarrepl -mem2reg -port-alignment -attach-range -dce -pipe-mux-gen -indvars -loop-bound -inst-simplify -instcombine -dce -merge-array-access -mem2reg -dce -clean-region -mergereturn -if-conv -instcombine -dce -constprop -basicaa -aggr-aa -aggrmodref-aa -aggr-aa -gvn -gvn -basicaa -aggr-aa -aggrmodref-aa -aggr-aa -dse -adse -adce -scalarrepl -mem2reg -global-constprop -deadargelim -deadargelim -instcombine -dce -simplifycfg -ptrArgReplace -mem2reg -function-inline -globaldce -mem2reg -instcombine -dce -expr-balance -instcombine -dce -bitwidthmin2 -bitwidthmin2 -interface-preproc -directive-preproc -inst-rectify -instcombine -dce -functionattrs -constprop -instcombine -bit-constprop -simplify-global-access -globalopt -globaldce -inst-simplify -instcombine -elimdeaddata -dce -loop-delete -simplifycfg -loop-simplify -barrier -norm-name C:/ecg_hls/ecg_classifier_ip/solution1/.autopilot/db/a.o.1.tmp.bc -o C:/ecg_hls/ecg_classifier_ip/solution1/.autopilot/db/a.o.2.bc -f -phase presyn 
INFO: [XFORM 203-401] Performing if-conversion on hyperblock from (src/ecg_classifier.cpp:131:9) to (src/ecg_classifier.cpp:130:21) in function 'ecg_classifier'... converting 3 basic blocks.
INFO: [XFORM 203-401] Performing if-conversion on hyperblock from (src/ecg_classifier.cpp:231:9) to (src/ecg_classifier.cpp:230:21) in function 'ecg_classifier'... converting 3 basic blocks.
INFO: [XFORM 203-401] Performing if-conversion on hyperblock to (src/ecg_classifier.cpp:299:5) in function 'ecg_classifier'... converting 10 basic blocks.
INFO: [XFORM 203-401] Performing if-conversion on hyperblock to (src/ecg_classifier.cpp:74:5) in function 'ecg_classifier'... converting 16 basic blocks.
INFO: [XFORM 203-11] Balancing expressions in function 'ecg_classifier' (src/ecg_classifier.cpp:8:21)...6 expression(s) balanced.
Command         transform done; 1.77 sec.
INFO: [HLS 200-111] Finished Loop, function and other optimizations: CPU user time: 11 seconds. CPU system time: 0 seconds. Elapsed time: 12.075 seconds; current allocated memory: 267.996 MB.
INFO-FLOW: Building ssdm...
Execute         transform -hls -auto-function-inline -globaldce -ptrArgReplace -mem2reg -dce -reset-lda -loop-simplify -indvars -aggr-aa -licm -loop-dep -loop-bound -licm -loop-simplify -loop-sink-hoist -flattenloopnest -array-flatten -gvn -instcombine -dce -array-map -dce -func-legal -gvn -adce -instcombine -cfgopt -simplifycfg -loop-simplify -array-burst -promote-global-argument -dce -array-seg-normalize -basicaa -aggrmodref-aa -globalsmodref-aa -aggr-aa -gvn -gvn -basicaa -aggrmodref-aa -globalsmodref-aa -aggr-aa -dse -adse -adce -licm -inst-simplify -dce -globaldce -instcombine -array-stream -eliminate-keepreads -instcombine -dce -deadargelim -doublePtrSimplify -doublePtrElim -dce -doublePtrSimplify -promote-dbg-pointer -dce -scalarrepl -mem2reg -norm-name -mem2reg -instcombine -dse -adse -adce -ptrLegalization -dce -auto-rom-infer -array-flatten -dce -instcombine -check-doubleptr -loop-rot -constprop -cfgopt -simplifycfg -loop-simplify -indvars -pointer-simplify -dce -loop-bound -loop-simplify -loop-preproc -constprop -global-constprop -gvn -mem2reg -instcombine -dce -loop-bound -loop-merge -dce -deadargelim -dce -canonicalize-dataflow -dce -deadargelim -globaldce -mem2reg -bram-byte-enable -load-elim -read-loop-dep -loop-simplify -loop-extract-inner -directive-preproc -bitwidthmin2 -bitwidthmin2 -read-loop-dep -interface-preproc -directive-preproc -interface-gen -bram-byte-enable-spec-prop -deadargelim -inst-simplify -dce -gvn -mem2reg -instcombine -dce -adse -loop-bound -instcombine -cfgopt -simplifycfg -loop-simplify -clean-region -io-protocol -find-region -mem2reg -bitop-raise -complex-op-raise -inst-simplify -inst-rectify -instcombine -adce -deadargelim -float-op-raise -loop-simplify -phi-opt -bitop-raise -cfgopt -simplifycfg -strip-dead-prototypes -interface-lower -bitop-lower -intrinsic-lower -auto-function-inline -basicaa -aggrmodref-aa -globalsmodref-aa -aggr-aa -inst-simplify -simplifycfg -loop-simplify -mergereturn -inst-simplify -inst-rectify -dce -load-elim -bitop-lower -float-op-raise -fma-raise -loop-rewind -pointer-simplify -dce -cfgopt -dce -loop-bound -loop-dep -read-loop-dep -dce -dyn-mem-reuse -dce -recurrence-min -dce -share-scalar-alloca -deadargelim -dce -check-stream -norm-name -legalize -validate-dataflow -inst-clarity -bitwidth -dump-loop-dep-to-ir -check-all-ssdm -cdfg-build C:/ecg_hls/ecg_classifier_ip/solution1/.autopilot/db/a.o.2.bc -o C:/ecg_hls/ecg_classifier_ip/solution1/.autopilot/db/a.o.3.bc -f -phase build-ssdm 
WARNING: [HLS 200-960] Cannot flatten loop 'L0_OC_FILL' (src/ecg_classifier.cpp:127:26) in function 'ecg_classifier' the outer loop is not a perfect loop because there is nontrivial logic in the loop latch.
INFO: [XFORM 203-541] Flattening a loop nest 'L0_STRIDE_FILL' (src/ecg_classifier.cpp:113:22) in function 'ecg_classifier'.
INFO: [XFORM 203-541] Flattening a loop nest 'L1_IC' (src/ecg_classifier.cpp:146:23) in function 'ecg_classifier'.
WARNING: [HLS 200-960] Cannot flatten loop 'L1_OC' (src/ecg_classifier.cpp:145:22) in function 'ecg_classifier' the outer loop is not a perfect loop because there is nontrivial logic before entering the inner loop.
INFO: [XFORM 203-541] Flattening a loop nest 'L2_IC' (src/ecg_classifier.cpp:177:23) in function 'ecg_classifier'.
WARNING: [HLS 200-960] Cannot flatten loop 'L2_OC_GROUP' (src/ecg_classifier.cpp:176:22) in function 'ecg_classifier' the outer loop is not a perfect loop because there is nontrivial logic before entering the inner loop.
WARNING: [HLS 200-960] Cannot flatten loop 'L012_T' (src/ecg_classifier.cpp:110:18) in function 'ecg_classifier' more than one sub loop.
INFO: [XFORM 203-541] Flattening a loop nest 'L3_IC' (src/ecg_classifier.cpp:225:23) in function 'ecg_classifier'.
WARNING: [HLS 200-960] Cannot flatten loop 'L3_OC_GROUP' (src/ecg_classifier.cpp:224:22) in function 'ecg_classifier' the outer loop is not a perfect loop because there is nontrivial logic in the loop latch.
INFO: [XFORM 203-541] Flattening a loop nest 'L4_IC' (src/ecg_classifier.cpp:261:23) in function 'ecg_classifier'.
WARNING: [HLS 200-960] Cannot flatten loop 'L4_GAP_OC_GROUP' (src/ecg_classifier.cpp:260:22) in function 'ecg_classifier' the outer loop is not a perfect loop because there is nontrivial logic in the loop latch.
WARNING: [HLS 200-960] Cannot flatten loop 'L34_T' (src/ecg_classifier.cpp:220:20) in function 'ecg_classifier' more than one sub loop.
WARNING: [HLS 200-960] Cannot flatten loop 'D0_OC' (src/ecg_classifier.cpp:288:14) in function 'ecg_classifier' the outer loop is not a perfect loop because there is nontrivial logic before entering the inner loop.
WARNING: [HLS 200-960] Cannot flatten loop 'D1_OC' (src/ecg_classifier.cpp:299:14) in function 'ecg_classifier' the outer loop is not a perfect loop.
INFO: [HLS 200-472] Inferring partial write operation for 'input_buf.V' (src/ecg_classifier.cpp:49:22)
INFO: [HLS 200-472] Inferring partial write operation for 'norm_buf.V' (src/ecg_classifier.cpp:76:14)
INFO: [HLS 200-472] Inferring partial write operation for 'win0.V' (src/ecg_classifier.cpp:91:13)
INFO: [HLS 200-472] Inferring partial write operation for 'win01.V.2' (src/ecg_classifier.cpp:105:14)
INFO: [HLS 200-472] Inferring partial write operation for 'win0.V.6' (src/ecg_classifier.cpp:137:42)
INFO: [HLS 200-472] Inferring partial write operation for 'win0.V.5' (src/ecg_classifier.cpp:122:13)
INFO: [HLS 200-472] Inferring partial write operation for 'l1_out.V' (src/ecg_classifier.cpp:156:28)
INFO: [HLS 200-472] Inferring partial write operation for 'win01.V.2' (src/ecg_classifier.cpp:165:14)
INFO: [HLS 200-472] Inferring partial write operation for 'buf2_circ.V' (src/ecg_classifier.cpp:189:44)
INFO: [HLS 200-472] Inferring partial write operation for 'buf2_circ.V.1' (src/ecg_classifier.cpp:190:44)
INFO: [HLS 200-472] Inferring partial write operation for 'gap_buf.V' (src/ecg_classifier.cpp:199:13)
INFO: [HLS 200-472] Inferring partial write operation for 'win23.V.2' (src/ecg_classifier.cpp:213:14)
INFO: [HLS 200-472] Inferring partial write operation for 'l3_out.V' (src/ecg_classifier.cpp:240:35)
INFO: [HLS 200-472] Inferring partial write operation for 'l3_out.V.1' (src/ecg_classifier.cpp:241:35)
INFO: [HLS 200-472] Inferring partial write operation for 'win23.V.2' (src/ecg_classifier.cpp:250:14)
INFO: [HLS 200-472] Inferring partial write operation for 'gap_buf.V' (src/ecg_classifier.cpp:273:36)
INFO: [HLS 200-472] Inferring partial write operation for 'gap_buf.V.1' (src/ecg_classifier.cpp:274:36)
INFO: [HLS 200-472] Inferring partial write operation for 'gap_buf.V' (src/ecg_classifier.cpp:284:24)
INFO: [HLS 200-472] Inferring partial write operation for 'dense0_buf.V' (src/ecg_classifier.cpp:295:24)
WARNING: [ANALYSIS 214-52] Found false intra dependency for variable 'gap_buf.V.1' (src/ecg_classifier.cpp:33).
WARNING: [ANALYSIS 214-52] Found false intra dependency for variable 'gap_buf.V' (src/ecg_classifier.cpp:33).
Command         transform done; 34.96 sec.
INFO: [HLS 200-111] Finished Architecture Synthesis: CPU user time: 31 seconds. CPU system time: 3 seconds. Elapsed time: 34.964 seconds; current allocated memory: 453.035 MB.
INFO-FLOW: Finish building internal data model.
Command       opt_and_import_c done; 53.135 sec.
Command     elaborate done; 539.522 sec.
Execute     ap_eval exec zip -j C:/ecg_hls/ecg_classifier_ip/solution1/.autopilot/db/dut.hcp $dbDir/a.o.3.bc $dbDir/${topname}.rtl_wrap.cfg.tcl $dbDir/apatb_${topname}.cpp $dbDir/apatb_${topname}_util.cpp $dbDir/apatb_${topname}_ir.ll $dbDir/mapper_${topname}.cpp $dbDir/top-io-fe.xml $dbDir/kernel.internal.xml $workdir/../hls.app 
Command     ap_eval done; 0.545 sec.
Execute     autosyn -from_csynth_design=1 
INFO: [HLS 200-10] Starting hardware synthesis ...
INFO-FLOW: Synthesizing C/C++ design ...
INFO: [HLS 200-10] Synthesizing 'ecg_classifier' ...
Execute       ap_set_top_model ecg_classifier 
Execute       get_model_list ecg_classifier -filter all-wo-channel -topdown 
Execute       preproc_iomode -model ecg_classifier 
Execute       preproc_iomode -model ecg_classifier_Pipeline_WRITE_OUTPUT 
Execute       preproc_iomode -model ecg_classifier_Pipeline_D1_IC 
Execute       preproc_iomode -model ecg_classifier_Pipeline_D0_IC 
Execute       preproc_iomode -model ecg_classifier_Pipeline_GAP_NORM 
Execute       preproc_iomode -model ecg_classifier_Pipeline_L4_IC_L4_K 
Execute       preproc_iomode -model ecg_classifier_Pipeline_L3_IC_L3_K 
Execute       preproc_iomode -model ecg_classifier_Pipeline_GAP_INIT 
Execute       preproc_iomode -model ecg_classifier_Pipeline_L2_IC_L2_K 
Execute       preproc_iomode -model ecg_classifier_Pipeline_L1_IC_L1_K 
Execute       preproc_iomode -model ecg_classifier_Pipeline_L0_K_FILL 
Execute       preproc_iomode -model ecg_classifier_Pipeline_ZNORM_APPLY 
Execute       preproc_iomode -model ecg_classifier_Pipeline_ZNORM_VAR 
Execute       preproc_iomode -model ecg_classifier_Pipeline_ZNORM_MEAN 
Execute       preproc_iomode -model ecg_classifier_Pipeline_READ_INPUT 
Execute       get_model_list ecg_classifier -filter all-wo-channel 
INFO-FLOW: Model list for configure: ecg_classifier_Pipeline_READ_INPUT ecg_classifier_Pipeline_ZNORM_MEAN ecg_classifier_Pipeline_ZNORM_VAR ecg_classifier_Pipeline_ZNORM_APPLY ecg_classifier_Pipeline_L0_K_FILL ecg_classifier_Pipeline_L1_IC_L1_K ecg_classifier_Pipeline_L2_IC_L2_K ecg_classifier_Pipeline_GAP_INIT ecg_classifier_Pipeline_L3_IC_L3_K ecg_classifier_Pipeline_L4_IC_L4_K ecg_classifier_Pipeline_GAP_NORM ecg_classifier_Pipeline_D0_IC ecg_classifier_Pipeline_D1_IC ecg_classifier_Pipeline_WRITE_OUTPUT ecg_classifier
INFO-FLOW: Configuring Module : ecg_classifier_Pipeline_READ_INPUT ...
Execute       set_default_model ecg_classifier_Pipeline_READ_INPUT 
Execute       apply_spec_resource_limit ecg_classifier_Pipeline_READ_INPUT 
INFO-FLOW: Configuring Module : ecg_classifier_Pipeline_ZNORM_MEAN ...
Execute       set_default_model ecg_classifier_Pipeline_ZNORM_MEAN 
Execute       apply_spec_resource_limit ecg_classifier_Pipeline_ZNORM_MEAN 
INFO-FLOW: Configuring Module : ecg_classifier_Pipeline_ZNORM_VAR ...
Execute       set_default_model ecg_classifier_Pipeline_ZNORM_VAR 
Execute       apply_spec_resource_limit ecg_classifier_Pipeline_ZNORM_VAR 
INFO-FLOW: Configuring Module : ecg_classifier_Pipeline_ZNORM_APPLY ...
Execute       set_default_model ecg_classifier_Pipeline_ZNORM_APPLY 
Execute       apply_spec_resource_limit ecg_classifier_Pipeline_ZNORM_APPLY 
INFO-FLOW: Configuring Module : ecg_classifier_Pipeline_L0_K_FILL ...
Execute       set_default_model ecg_classifier_Pipeline_L0_K_FILL 
Execute       apply_spec_resource_limit ecg_classifier_Pipeline_L0_K_FILL 
INFO-FLOW: Configuring Module : ecg_classifier_Pipeline_L1_IC_L1_K ...
Execute       set_default_model ecg_classifier_Pipeline_L1_IC_L1_K 
Execute       apply_spec_resource_limit ecg_classifier_Pipeline_L1_IC_L1_K 
INFO-FLOW: Configuring Module : ecg_classifier_Pipeline_L2_IC_L2_K ...
Execute       set_default_model ecg_classifier_Pipeline_L2_IC_L2_K 
Execute       apply_spec_resource_limit ecg_classifier_Pipeline_L2_IC_L2_K 
INFO-FLOW: Configuring Module : ecg_classifier_Pipeline_GAP_INIT ...
Execute       set_default_model ecg_classifier_Pipeline_GAP_INIT 
Execute       apply_spec_resource_limit ecg_classifier_Pipeline_GAP_INIT 
INFO-FLOW: Configuring Module : ecg_classifier_Pipeline_L3_IC_L3_K ...
Execute       set_default_model ecg_classifier_Pipeline_L3_IC_L3_K 
Execute       apply_spec_resource_limit ecg_classifier_Pipeline_L3_IC_L3_K 
INFO-FLOW: Configuring Module : ecg_classifier_Pipeline_L4_IC_L4_K ...
Execute       set_default_model ecg_classifier_Pipeline_L4_IC_L4_K 
Execute       apply_spec_resource_limit ecg_classifier_Pipeline_L4_IC_L4_K 
INFO-FLOW: Configuring Module : ecg_classifier_Pipeline_GAP_NORM ...
Execute       set_default_model ecg_classifier_Pipeline_GAP_NORM 
Execute       apply_spec_resource_limit ecg_classifier_Pipeline_GAP_NORM 
INFO-FLOW: Configuring Module : ecg_classifier_Pipeline_D0_IC ...
Execute       set_default_model ecg_classifier_Pipeline_D0_IC 
Execute       apply_spec_resource_limit ecg_classifier_Pipeline_D0_IC 
INFO-FLOW: Configuring Module : ecg_classifier_Pipeline_D1_IC ...
Execute       set_default_model ecg_classifier_Pipeline_D1_IC 
Execute       apply_spec_resource_limit ecg_classifier_Pipeline_D1_IC 
INFO-FLOW: Configuring Module : ecg_classifier_Pipeline_WRITE_OUTPUT ...
Execute       set_default_model ecg_classifier_Pipeline_WRITE_OUTPUT 
Execute       apply_spec_resource_limit ecg_classifier_Pipeline_WRITE_OUTPUT 
INFO-FLOW: Configuring Module : ecg_classifier ...
Execute       set_default_model ecg_classifier 
Execute       apply_spec_resource_limit ecg_classifier 
INFO-FLOW: Model list for preprocess: ecg_classifier_Pipeline_READ_INPUT ecg_classifier_Pipeline_ZNORM_MEAN ecg_classifier_Pipeline_ZNORM_VAR ecg_classifier_Pipeline_ZNORM_APPLY ecg_classifier_Pipeline_L0_K_FILL ecg_classifier_Pipeline_L1_IC_L1_K ecg_classifier_Pipeline_L2_IC_L2_K ecg_classifier_Pipeline_GAP_INIT ecg_classifier_Pipeline_L3_IC_L3_K ecg_classifier_Pipeline_L4_IC_L4_K ecg_classifier_Pipeline_GAP_NORM ecg_classifier_Pipeline_D0_IC ecg_classifier_Pipeline_D1_IC ecg_classifier_Pipeline_WRITE_OUTPUT ecg_classifier
INFO-FLOW: Preprocessing Module: ecg_classifier_Pipeline_READ_INPUT ...
Execute       set_default_model ecg_classifier_Pipeline_READ_INPUT 
Execute       cdfg_preprocess -model ecg_classifier_Pipeline_READ_INPUT 
Execute       rtl_gen_preprocess ecg_classifier_Pipeline_READ_INPUT 
INFO-FLOW: Preprocessing Module: ecg_classifier_Pipeline_ZNORM_MEAN ...
Execute       set_default_model ecg_classifier_Pipeline_ZNORM_MEAN 
Execute       cdfg_preprocess -model ecg_classifier_Pipeline_ZNORM_MEAN 
Execute       rtl_gen_preprocess ecg_classifier_Pipeline_ZNORM_MEAN 
INFO-FLOW: Preprocessing Module: ecg_classifier_Pipeline_ZNORM_VAR ...
Execute       set_default_model ecg_classifier_Pipeline_ZNORM_VAR 
Execute       cdfg_preprocess -model ecg_classifier_Pipeline_ZNORM_VAR 
Execute       rtl_gen_preprocess ecg_classifier_Pipeline_ZNORM_VAR 
INFO-FLOW: Preprocessing Module: ecg_classifier_Pipeline_ZNORM_APPLY ...
Execute       set_default_model ecg_classifier_Pipeline_ZNORM_APPLY 
Execute       cdfg_preprocess -model ecg_classifier_Pipeline_ZNORM_APPLY 
Execute       rtl_gen_preprocess ecg_classifier_Pipeline_ZNORM_APPLY 
INFO-FLOW: Preprocessing Module: ecg_classifier_Pipeline_L0_K_FILL ...
Execute       set_default_model ecg_classifier_Pipeline_L0_K_FILL 
Execute       cdfg_preprocess -model ecg_classifier_Pipeline_L0_K_FILL 
Execute       rtl_gen_preprocess ecg_classifier_Pipeline_L0_K_FILL 
INFO-FLOW: Preprocessing Module: ecg_classifier_Pipeline_L1_IC_L1_K ...
Execute       set_default_model ecg_classifier_Pipeline_L1_IC_L1_K 
Execute       cdfg_preprocess -model ecg_classifier_Pipeline_L1_IC_L1_K 
Execute       rtl_gen_preprocess ecg_classifier_Pipeline_L1_IC_L1_K 
INFO-FLOW: Preprocessing Module: ecg_classifier_Pipeline_L2_IC_L2_K ...
Execute       set_default_model ecg_classifier_Pipeline_L2_IC_L2_K 
Execute       cdfg_preprocess -model ecg_classifier_Pipeline_L2_IC_L2_K 
Execute       rtl_gen_preprocess ecg_classifier_Pipeline_L2_IC_L2_K 
INFO-FLOW: Preprocessing Module: ecg_classifier_Pipeline_GAP_INIT ...
Execute       set_default_model ecg_classifier_Pipeline_GAP_INIT 
Execute       cdfg_preprocess -model ecg_classifier_Pipeline_GAP_INIT 
Execute       rtl_gen_preprocess ecg_classifier_Pipeline_GAP_INIT 
INFO-FLOW: Preprocessing Module: ecg_classifier_Pipeline_L3_IC_L3_K ...
Execute       set_default_model ecg_classifier_Pipeline_L3_IC_L3_K 
Execute       cdfg_preprocess -model ecg_classifier_Pipeline_L3_IC_L3_K 
Execute       rtl_gen_preprocess ecg_classifier_Pipeline_L3_IC_L3_K 
INFO-FLOW: Preprocessing Module: ecg_classifier_Pipeline_L4_IC_L4_K ...
Execute       set_default_model ecg_classifier_Pipeline_L4_IC_L4_K 
Execute       cdfg_preprocess -model ecg_classifier_Pipeline_L4_IC_L4_K 
Execute       rtl_gen_preprocess ecg_classifier_Pipeline_L4_IC_L4_K 
INFO-FLOW: Preprocessing Module: ecg_classifier_Pipeline_GAP_NORM ...
Execute       set_default_model ecg_classifier_Pipeline_GAP_NORM 
Execute       cdfg_preprocess -model ecg_classifier_Pipeline_GAP_NORM 
Execute       rtl_gen_preprocess ecg_classifier_Pipeline_GAP_NORM 
INFO-FLOW: Preprocessing Module: ecg_classifier_Pipeline_D0_IC ...
Execute       set_default_model ecg_classifier_Pipeline_D0_IC 
Execute       cdfg_preprocess -model ecg_classifier_Pipeline_D0_IC 
Execute       rtl_gen_preprocess ecg_classifier_Pipeline_D0_IC 
INFO-FLOW: Preprocessing Module: ecg_classifier_Pipeline_D1_IC ...
Execute       set_default_model ecg_classifier_Pipeline_D1_IC 
Execute       cdfg_preprocess -model ecg_classifier_Pipeline_D1_IC 
Execute       rtl_gen_preprocess ecg_classifier_Pipeline_D1_IC 
INFO-FLOW: Preprocessing Module: ecg_classifier_Pipeline_WRITE_OUTPUT ...
Execute       set_default_model ecg_classifier_Pipeline_WRITE_OUTPUT 
Execute       cdfg_preprocess -model ecg_classifier_Pipeline_WRITE_OUTPUT 
Execute       rtl_gen_preprocess ecg_classifier_Pipeline_WRITE_OUTPUT 
INFO-FLOW: Preprocessing Module: ecg_classifier ...
Execute       set_default_model ecg_classifier 
Execute       cdfg_preprocess -model ecg_classifier 
Command       cdfg_preprocess done; 2.609 sec.
Execute       rtl_gen_preprocess ecg_classifier 
INFO-FLOW: Model list for synthesis: ecg_classifier_Pipeline_READ_INPUT ecg_classifier_Pipeline_ZNORM_MEAN ecg_classifier_Pipeline_ZNORM_VAR ecg_classifier_Pipeline_ZNORM_APPLY ecg_classifier_Pipeline_L0_K_FILL ecg_classifier_Pipeline_L1_IC_L1_K ecg_classifier_Pipeline_L2_IC_L2_K ecg_classifier_Pipeline_GAP_INIT ecg_classifier_Pipeline_L3_IC_L3_K ecg_classifier_Pipeline_L4_IC_L4_K ecg_classifier_Pipeline_GAP_NORM ecg_classifier_Pipeline_D0_IC ecg_classifier_Pipeline_D1_IC ecg_classifier_Pipeline_WRITE_OUTPUT ecg_classifier
INFO: [HLS 200-10] ----------------------------------------------------------------
INFO: [HLS 200-42] -- Implementing module 'ecg_classifier_Pipeline_READ_INPUT' 
INFO: [HLS 200-10] ----------------------------------------------------------------
Execute       set_default_model ecg_classifier_Pipeline_READ_INPUT 
Execute       schedule -model ecg_classifier_Pipeline_READ_INPUT 
INFO: [SCHED 204-11] Starting scheduling ...
INFO: [SCHED 204-61] Pipelining loop 'READ_INPUT'.
INFO: [HLS 200-1470] Pipelining result : Target II = 1, Final II = 1, Depth = 1, loop 'READ_INPUT'
INFO: [SCHED 204-11] Finished scheduling.
Command       schedule done; 0.23 sec.
INFO: [HLS 200-111] Finished Scheduling: CPU user time: 3 seconds. CPU system time: 0 seconds. Elapsed time: 3.601 seconds; current allocated memory: 457.566 MB.
Execute       syn_report -verbosereport -o C:/ecg_hls/ecg_classifier_ip/solution1/.autopilot/db/ecg_classifier_Pipeline_READ_INPUT.verbose.sched.rpt 
Execute         AP::get_flow_target_display_name
Execute       db_write -o C:/ecg_hls/ecg_classifier_ip/solution1/.autopilot/db/ecg_classifier_Pipeline_READ_INPUT.sched.adb -f 
INFO-FLOW: Finish scheduling ecg_classifier_Pipeline_READ_INPUT.
Execute       set_default_model ecg_classifier_Pipeline_READ_INPUT 
Execute       bind -model ecg_classifier_Pipeline_READ_INPUT 
INFO: [BIND 205-100] Starting micro-architecture generation ...
INFO: [BIND 205-101] Performing variable lifetime analysis.
INFO: [BIND 205-101] Exploring resource sharing.
INFO: [BIND 205-101] Binding ...
INFO: [BIND 205-100] Finished micro-architecture generation.
Command       bind done; 0.142 sec.
INFO: [HLS 200-111] Finished Binding: CPU user time: 0 seconds. CPU system time: 0 seconds. Elapsed time: 0.206 seconds; current allocated memory: 458.754 MB.
Execute       syn_report -verbosereport -o C:/ecg_hls/ecg_classifier_ip/solution1/.autopilot/db/ecg_classifier_Pipeline_READ_INPUT.verbose.bind.rpt 
Execute         AP::get_flow_target_display_name
Execute       db_write -o C:/ecg_hls/ecg_classifier_ip/solution1/.autopilot/db/ecg_classifier_Pipeline_READ_INPUT.bind.adb -f 
INFO-FLOW: Finish binding ecg_classifier_Pipeline_READ_INPUT.
INFO: [HLS 200-10] ----------------------------------------------------------------
INFO: [HLS 200-42] -- Implementing module 'ecg_classifier_Pipeline_ZNORM_MEAN' 
INFO: [HLS 200-10] ----------------------------------------------------------------
Execute       set_default_model ecg_classifier_Pipeline_ZNORM_MEAN 
Execute       schedule -model ecg_classifier_Pipeline_ZNORM_MEAN 
INFO: [SCHED 204-11] Starting scheduling ...
INFO: [SCHED 204-61] Pipelining loop 'ZNORM_MEAN'.
INFO: [HLS 200-1470] Pipelining result : Target II = 1, Final II = 1, Depth = 2, loop 'ZNORM_MEAN'
INFO: [SCHED 204-11] Finished scheduling.
Command       schedule done; 0.13 sec.
INFO: [HLS 200-111] Finished Scheduling: CPU user time: 0 seconds. CPU system time: 0 seconds. Elapsed time: 0.252 seconds; current allocated memory: 458.996 MB.
Execute       syn_report -verbosereport -o C:/ecg_hls/ecg_classifier_ip/solution1/.autopilot/db/ecg_classifier_Pipeline_ZNORM_MEAN.verbose.sched.rpt 
Execute         AP::get_flow_target_display_name
Execute       db_write -o C:/ecg_hls/ecg_classifier_ip/solution1/.autopilot/db/ecg_classifier_Pipeline_ZNORM_MEAN.sched.adb -f 
INFO-FLOW: Finish scheduling ecg_classifier_Pipeline_ZNORM_MEAN.
Execute       set_default_model ecg_classifier_Pipeline_ZNORM_MEAN 
Execute       bind -model ecg_classifier_Pipeline_ZNORM_MEAN 
INFO: [BIND 205-100] Starting micro-architecture generation ...
INFO: [BIND 205-101] Performing variable lifetime analysis.
INFO: [BIND 205-101] Exploring resource sharing.
INFO: [BIND 205-101] Binding ...
INFO: [BIND 205-100] Finished micro-architecture generation.
Command       bind done; 0.119 sec.
INFO: [HLS 200-111] Finished Binding: CPU user time: 0 seconds. CPU system time: 0 seconds. Elapsed time: 0.16 seconds; current allocated memory: 459.012 MB.
Execute       syn_report -verbosereport -o C:/ecg_hls/ecg_classifier_ip/solution1/.autopilot/db/ecg_classifier_Pipeline_ZNORM_MEAN.verbose.bind.rpt 
Execute         AP::get_flow_target_display_name
Execute       db_write -o C:/ecg_hls/ecg_classifier_ip/solution1/.autopilot/db/ecg_classifier_Pipeline_ZNORM_MEAN.bind.adb -f 
INFO-FLOW: Finish binding ecg_classifier_Pipeline_ZNORM_MEAN.
INFO: [HLS 200-10] ----------------------------------------------------------------
INFO: [HLS 200-42] -- Implementing module 'ecg_classifier_Pipeline_ZNORM_VAR' 
INFO: [HLS 200-10] ----------------------------------------------------------------
Execute       set_default_model ecg_classifier_Pipeline_ZNORM_VAR 
Execute       schedule -model ecg_classifier_Pipeline_ZNORM_VAR 
INFO: [SCHED 204-11] Starting scheduling ...
INFO: [SCHED 204-61] Pipelining loop 'ZNORM_VAR'.
INFO: [HLS 200-1470] Pipelining result : Target II = 1, Final II = 1, Depth = 4, loop 'ZNORM_VAR'
INFO: [SCHED 204-11] Finished scheduling.
Command       schedule done; 0.154 sec.
INFO: [HLS 200-111] Finished Scheduling: CPU user time: 0 seconds. CPU system time: 0 seconds. Elapsed time: 0.265 seconds; current allocated memory: 459.340 MB.
Execute       syn_report -verbosereport -o C:/ecg_hls/ecg_classifier_ip/solution1/.autopilot/db/ecg_classifier_Pipeline_ZNORM_VAR.verbose.sched.rpt 
Execute         AP::get_flow_target_display_name
Execute       db_write -o C:/ecg_hls/ecg_classifier_ip/solution1/.autopilot/db/ecg_classifier_Pipeline_ZNORM_VAR.sched.adb -f 
INFO-FLOW: Finish scheduling ecg_classifier_Pipeline_ZNORM_VAR.
Execute       set_default_model ecg_classifier_Pipeline_ZNORM_VAR 
Execute       bind -model ecg_classifier_Pipeline_ZNORM_VAR 
INFO: [BIND 205-100] Starting micro-architecture generation ...
INFO: [BIND 205-101] Performing variable lifetime analysis.
INFO: [BIND 205-101] Exploring resource sharing.
INFO: [BIND 205-101] Binding ...
INFO: [BIND 205-100] Finished micro-architecture generation.
Command       bind done; 0.143 sec.
INFO: [HLS 200-111] Finished Binding: CPU user time: 0 seconds. CPU system time: 0 seconds. Elapsed time: 0.2 seconds; current allocated memory: 459.422 MB.
Execute       syn_report -verbosereport -o C:/ecg_hls/ecg_classifier_ip/solution1/.autopilot/db/ecg_classifier_Pipeline_ZNORM_VAR.verbose.bind.rpt 
Execute         AP::get_flow_target_display_name
Execute       db_write -o C:/ecg_hls/ecg_classifier_ip/solution1/.autopilot/db/ecg_classifier_Pipeline_ZNORM_VAR.bind.adb -f 
INFO-FLOW: Finish binding ecg_classifier_Pipeline_ZNORM_VAR.
INFO: [HLS 200-10] ----------------------------------------------------------------
INFO: [HLS 200-42] -- Implementing module 'ecg_classifier_Pipeline_ZNORM_APPLY' 
INFO: [HLS 200-10] ----------------------------------------------------------------
Execute       set_default_model ecg_classifier_Pipeline_ZNORM_APPLY 
Execute       schedule -model ecg_classifier_Pipeline_ZNORM_APPLY 
INFO: [SCHED 204-11] Starting scheduling ...
INFO: [SCHED 204-61] Pipelining loop 'ZNORM_APPLY'.
INFO: [HLS 200-1470] Pipelining result : Target II = 1, Final II = 1, Depth = 3, loop 'ZNORM_APPLY'
INFO: [SCHED 204-11] Finished scheduling.
Command       schedule done; 0.145 sec.
INFO: [HLS 200-111] Finished Scheduling: CPU user time: 0 seconds. CPU system time: 0 seconds. Elapsed time: 0.284 seconds; current allocated memory: 459.598 MB.
Execute       syn_report -verbosereport -o C:/ecg_hls/ecg_classifier_ip/solution1/.autopilot/db/ecg_classifier_Pipeline_ZNORM_APPLY.verbose.sched.rpt 
Execute         AP::get_flow_target_display_name
Execute       db_write -o C:/ecg_hls/ecg_classifier_ip/solution1/.autopilot/db/ecg_classifier_Pipeline_ZNORM_APPLY.sched.adb -f 
INFO-FLOW: Finish scheduling ecg_classifier_Pipeline_ZNORM_APPLY.
Execute       set_default_model ecg_classifier_Pipeline_ZNORM_APPLY 
Execute       bind -model ecg_classifier_Pipeline_ZNORM_APPLY 
INFO: [BIND 205-100] Starting micro-architecture generation ...
INFO: [BIND 205-101] Performing variable lifetime analysis.
INFO: [BIND 205-101] Exploring resource sharing.
INFO: [BIND 205-101] Binding ...
INFO: [BIND 205-100] Finished micro-architecture generation.
Command       bind done; 0.129 sec.
INFO: [HLS 200-111] Finished Binding: CPU user time: 1 seconds. CPU system time: 0 seconds. Elapsed time: 0.175 seconds; current allocated memory: 459.602 MB.
Execute       syn_report -verbosereport -o C:/ecg_hls/ecg_classifier_ip/solution1/.autopilot/db/ecg_classifier_Pipeline_ZNORM_APPLY.verbose.bind.rpt 
Execute         AP::get_flow_target_display_name
Execute       db_write -o C:/ecg_hls/ecg_classifier_ip/solution1/.autopilot/db/ecg_classifier_Pipeline_ZNORM_APPLY.bind.adb -f 
INFO-FLOW: Finish binding ecg_classifier_Pipeline_ZNORM_APPLY.
INFO: [HLS 200-10] ----------------------------------------------------------------
INFO: [HLS 200-42] -- Implementing module 'ecg_classifier_Pipeline_L0_K_FILL' 
INFO: [HLS 200-10] ----------------------------------------------------------------
Execute       set_default_model ecg_classifier_Pipeline_L0_K_FILL 
Execute       schedule -model ecg_classifier_Pipeline_L0_K_FILL 
INFO: [SCHED 204-11] Starting scheduling ...
INFO: [SCHED 204-61] Pipelining loop 'L0_K_FILL'.
INFO: [HLS 200-1470] Pipelining result : Target II = 1, Final II = 1, Depth = 4, loop 'L0_K_FILL'
INFO: [SCHED 204-11] Finished scheduling.
Command       schedule done; 0.188 sec.
INFO: [HLS 200-111] Finished Scheduling: CPU user time: 0 seconds. CPU system time: 0 seconds. Elapsed time: 0.319 seconds; current allocated memory: 460.113 MB.
Execute       syn_report -verbosereport -o C:/ecg_hls/ecg_classifier_ip/solution1/.autopilot/db/ecg_classifier_Pipeline_L0_K_FILL.verbose.sched.rpt 
Execute         AP::get_flow_target_display_name
Execute       db_write -o C:/ecg_hls/ecg_classifier_ip/solution1/.autopilot/db/ecg_classifier_Pipeline_L0_K_FILL.sched.adb -f 
INFO-FLOW: Finish scheduling ecg_classifier_Pipeline_L0_K_FILL.
Execute       set_default_model ecg_classifier_Pipeline_L0_K_FILL 
Execute       bind -model ecg_classifier_Pipeline_L0_K_FILL 
INFO: [BIND 205-100] Starting micro-architecture generation ...
INFO: [BIND 205-101] Performing variable lifetime analysis.
INFO: [BIND 205-101] Exploring resource sharing.
INFO: [BIND 205-101] Binding ...
INFO: [BIND 205-100] Finished micro-architecture generation.
Command       bind done; 0.171 sec.
INFO: [HLS 200-111] Finished Binding: CPU user time: 0 seconds. CPU system time: 0 seconds. Elapsed time: 0.253 seconds; current allocated memory: 460.133 MB.
Execute       syn_report -verbosereport -o C:/ecg_hls/ecg_classifier_ip/solution1/.autopilot/db/ecg_classifier_Pipeline_L0_K_FILL.verbose.bind.rpt 
Execute         AP::get_flow_target_display_name
Command       syn_report done; 0.105 sec.
Execute       db_write -o C:/ecg_hls/ecg_classifier_ip/solution1/.autopilot/db/ecg_classifier_Pipeline_L0_K_FILL.bind.adb -f 
INFO-FLOW: Finish binding ecg_classifier_Pipeline_L0_K_FILL.
INFO: [HLS 200-10] ----------------------------------------------------------------
INFO: [HLS 200-42] -- Implementing module 'ecg_classifier_Pipeline_L1_IC_L1_K' 
INFO: [HLS 200-10] ----------------------------------------------------------------
Execute       set_default_model ecg_classifier_Pipeline_L1_IC_L1_K 
Execute       schedule -model ecg_classifier_Pipeline_L1_IC_L1_K 
INFO: [SCHED 204-11] Starting scheduling ...
INFO: [SCHED 204-61] Pipelining loop 'L1_IC_L1_K'.
INFO: [HLS 200-1470] Pipelining result : Target II = 1, Final II = 1, Depth = 5, loop 'L1_IC_L1_K'
INFO: [SCHED 204-11] Finished scheduling.
Command       schedule done; 0.214 sec.
INFO: [HLS 200-111] Finished Scheduling: CPU user time: 0 seconds. CPU system time: 0 seconds. Elapsed time: 0.455 seconds; current allocated memory: 460.797 MB.
Execute       syn_report -verbosereport -o C:/ecg_hls/ecg_classifier_ip/solution1/.autopilot/db/ecg_classifier_Pipeline_L1_IC_L1_K.verbose.sched.rpt 
Execute         AP::get_flow_target_display_name
Execute       db_write -o C:/ecg_hls/ecg_classifier_ip/solution1/.autopilot/db/ecg_classifier_Pipeline_L1_IC_L1_K.sched.adb -f 
INFO-FLOW: Finish scheduling ecg_classifier_Pipeline_L1_IC_L1_K.
Execute       set_default_model ecg_classifier_Pipeline_L1_IC_L1_K 
Execute       bind -model ecg_classifier_Pipeline_L1_IC_L1_K 
INFO: [BIND 205-100] Starting micro-architecture generation ...
INFO: [BIND 205-101] Performing variable lifetime analysis.
INFO: [BIND 205-101] Exploring resource sharing.
INFO: [BIND 205-101] Binding ...
INFO: [BIND 205-100] Finished micro-architecture generation.
Command       bind done; 0.168 sec.
INFO: [HLS 200-111] Finished Binding: CPU user time: 0 seconds. CPU system time: 0 seconds. Elapsed time: 0.257 seconds; current allocated memory: 460.949 MB.
Execute       syn_report -verbosereport -o C:/ecg_hls/ecg_classifier_ip/solution1/.autopilot/db/ecg_classifier_Pipeline_L1_IC_L1_K.verbose.bind.rpt 
Execute         AP::get_flow_target_display_name
Execute       db_write -o C:/ecg_hls/ecg_classifier_ip/solution1/.autopilot/db/ecg_classifier_Pipeline_L1_IC_L1_K.bind.adb -f 
INFO-FLOW: Finish binding ecg_classifier_Pipeline_L1_IC_L1_K.
INFO: [HLS 200-10] ----------------------------------------------------------------
INFO: [HLS 200-42] -- Implementing module 'ecg_classifier_Pipeline_L2_IC_L2_K' 
INFO: [HLS 200-10] ----------------------------------------------------------------
Execute       set_default_model ecg_classifier_Pipeline_L2_IC_L2_K 
Execute       schedule -model ecg_classifier_Pipeline_L2_IC_L2_K 
INFO: [SCHED 204-11] Starting scheduling ...
INFO: [SCHED 204-61] Pipelining loop 'L2_IC_L2_K'.
INFO: [HLS 200-1470] Pipelining result : Target II = 1, Final II = 1, Depth = 5, loop 'L2_IC_L2_K'
INFO: [SCHED 204-11] Finished scheduling.
Command       schedule done; 0.222 sec.
INFO: [HLS 200-111] Finished Scheduling: CPU user time: 1 seconds. CPU system time: 0 seconds. Elapsed time: 0.402 seconds; current allocated memory: 461.719 MB.
Execute       syn_report -verbosereport -o C:/ecg_hls/ecg_classifier_ip/solution1/.autopilot/db/ecg_classifier_Pipeline_L2_IC_L2_K.verbose.sched.rpt 
Execute         AP::get_flow_target_display_name
Execute       db_write -o C:/ecg_hls/ecg_classifier_ip/solution1/.autopilot/db/ecg_classifier_Pipeline_L2_IC_L2_K.sched.adb -f 
INFO-FLOW: Finish scheduling ecg_classifier_Pipeline_L2_IC_L2_K.
Execute       set_default_model ecg_classifier_Pipeline_L2_IC_L2_K 
Execute       bind -model ecg_classifier_Pipeline_L2_IC_L2_K 
INFO: [BIND 205-100] Starting micro-architecture generation ...
INFO: [BIND 205-101] Performing variable lifetime analysis.
INFO: [BIND 205-101] Exploring resource sharing.
INFO: [BIND 205-101] Binding ...
INFO: [BIND 205-100] Finished micro-architecture generation.
Command       bind done; 0.215 sec.
INFO: [HLS 200-111] Finished Binding: CPU user time: 0 seconds. CPU system time: 0 seconds. Elapsed time: 0.369 seconds; current allocated memory: 461.895 MB.
Execute       syn_report -verbosereport -o C:/ecg_hls/ecg_classifier_ip/solution1/.autopilot/db/ecg_classifier_Pipeline_L2_IC_L2_K.verbose.bind.rpt 
Execute         AP::get_flow_target_display_name
Command       syn_report done; 0.162 sec.
Execute       db_write -o C:/ecg_hls/ecg_classifier_ip/solution1/.autopilot/db/ecg_classifier_Pipeline_L2_IC_L2_K.bind.adb -f 
INFO-FLOW: Finish binding ecg_classifier_Pipeline_L2_IC_L2_K.
INFO: [HLS 200-10] ----------------------------------------------------------------
INFO: [HLS 200-42] -- Implementing module 'ecg_classifier_Pipeline_GAP_INIT' 
INFO: [HLS 200-10] ----------------------------------------------------------------
Execute       set_default_model ecg_classifier_Pipeline_GAP_INIT 
Execute       schedule -model ecg_classifier_Pipeline_GAP_INIT 
INFO: [SCHED 204-11] Starting scheduling ...
INFO: [SCHED 204-61] Pipelining loop 'GAP_INIT'.
INFO: [HLS 200-1470] Pipelining result : Target II = 1, Final II = 1, Depth = 1, loop 'GAP_INIT'
INFO: [SCHED 204-11] Finished scheduling.
Command       schedule done; 0.123 sec.
INFO: [HLS 200-111] Finished Scheduling: CPU user time: 0 seconds. CPU system time: 0 seconds. Elapsed time: 0.408 seconds; current allocated memory: 462.207 MB.
Execute       syn_report -verbosereport -o C:/ecg_hls/ecg_classifier_ip/solution1/.autopilot/db/ecg_classifier_Pipeline_GAP_INIT.verbose.sched.rpt 
Execute         AP::get_flow_target_display_name
Execute       db_write -o C:/ecg_hls/ecg_classifier_ip/solution1/.autopilot/db/ecg_classifier_Pipeline_GAP_INIT.sched.adb -f 
INFO-FLOW: Finish scheduling ecg_classifier_Pipeline_GAP_INIT.
Execute       set_default_model ecg_classifier_Pipeline_GAP_INIT 
Execute       bind -model ecg_classifier_Pipeline_GAP_INIT 
INFO: [BIND 205-100] Starting micro-architecture generation ...
INFO: [BIND 205-101] Performing variable lifetime analysis.
INFO: [BIND 205-101] Exploring resource sharing.
INFO: [BIND 205-101] Binding ...
INFO: [BIND 205-100] Finished micro-architecture generation.
Command       bind done; 0.149 sec.
INFO: [HLS 200-111] Finished Binding: CPU user time: 0 seconds. CPU system time: 0 seconds. Elapsed time: 0.178 seconds; current allocated memory: 462.207 MB.
Execute       syn_report -verbosereport -o C:/ecg_hls/ecg_classifier_ip/solution1/.autopilot/db/ecg_classifier_Pipeline_GAP_INIT.verbose.bind.rpt 
Execute         AP::get_flow_target_display_name
Execute       db_write -o C:/ecg_hls/ecg_classifier_ip/solution1/.autopilot/db/ecg_classifier_Pipeline_GAP_INIT.bind.adb -f 
INFO-FLOW: Finish binding ecg_classifier_Pipeline_GAP_INIT.
INFO: [HLS 200-10] ----------------------------------------------------------------
INFO: [HLS 200-42] -- Implementing module 'ecg_classifier_Pipeline_L3_IC_L3_K' 
INFO: [HLS 200-10] ----------------------------------------------------------------
Execute       set_default_model ecg_classifier_Pipeline_L3_IC_L3_K 
Execute       schedule -model ecg_classifier_Pipeline_L3_IC_L3_K 
INFO: [SCHED 204-11] Starting scheduling ...
INFO: [SCHED 204-61] Pipelining loop 'L3_IC_L3_K'.
INFO: [HLS 200-1470] Pipelining result : Target II = 1, Final II = 1, Depth = 38, loop 'L3_IC_L3_K'
INFO: [SCHED 204-11] Finished scheduling.
Command       schedule done; 0.358 sec.
INFO: [HLS 200-111] Finished Scheduling: CPU user time: 1 seconds. CPU system time: 0 seconds. Elapsed time: 0.473 seconds; current allocated memory: 462.766 MB.
Execute       syn_report -verbosereport -o C:/ecg_hls/ecg_classifier_ip/solution1/.autopilot/db/ecg_classifier_Pipeline_L3_IC_L3_K.verbose.sched.rpt 
Execute         AP::get_flow_target_display_name
Command       syn_report done; 0.258 sec.
Execute       db_write -o C:/ecg_hls/ecg_classifier_ip/solution1/.autopilot/db/ecg_classifier_Pipeline_L3_IC_L3_K.sched.adb -f 
INFO-FLOW: Finish scheduling ecg_classifier_Pipeline_L3_IC_L3_K.
Execute       set_default_model ecg_classifier_Pipeline_L3_IC_L3_K 
Execute       bind -model ecg_classifier_Pipeline_L3_IC_L3_K 
INFO: [BIND 205-100] Starting micro-architecture generation ...
INFO: [BIND 205-101] Performing variable lifetime analysis.
INFO: [BIND 205-101] Exploring resource sharing.
INFO: [BIND 205-101] Binding ...
INFO: [BIND 205-100] Finished micro-architecture generation.
Command       bind done; 0.282 sec.
INFO: [HLS 200-111] Finished Binding: CPU user time: 0 seconds. CPU system time: 0 seconds. Elapsed time: 0.592 seconds; current allocated memory: 463.051 MB.
Execute       syn_report -verbosereport -o C:/ecg_hls/ecg_classifier_ip/solution1/.autopilot/db/ecg_classifier_Pipeline_L3_IC_L3_K.verbose.bind.rpt 
Execute         AP::get_flow_target_display_name
Command       syn_report done; 0.248 sec.
Execute       db_write -o C:/ecg_hls/ecg_classifier_ip/solution1/.autopilot/db/ecg_classifier_Pipeline_L3_IC_L3_K.bind.adb -f 
INFO-FLOW: Finish binding ecg_classifier_Pipeline_L3_IC_L3_K.
INFO: [HLS 200-10] ----------------------------------------------------------------
INFO: [HLS 200-42] -- Implementing module 'ecg_classifier_Pipeline_L4_IC_L4_K' 
INFO: [HLS 200-10] ----------------------------------------------------------------
Execute       set_default_model ecg_classifier_Pipeline_L4_IC_L4_K 
Execute       schedule -model ecg_classifier_Pipeline_L4_IC_L4_K 
INFO: [SCHED 204-11] Starting scheduling ...
INFO: [SCHED 204-61] Pipelining loop 'L4_IC_L4_K'.
INFO: [HLS 200-1470] Pipelining result : Target II = 1, Final II = 1, Depth = 4, loop 'L4_IC_L4_K'
INFO: [SCHED 204-11] Finished scheduling.
Command       schedule done; 0.239 sec.
INFO: [HLS 200-111] Finished Scheduling: CPU user time: 1 seconds. CPU system time: 0 seconds. Elapsed time: 0.657 seconds; current allocated memory: 463.680 MB.
Execute       syn_report -verbosereport -o C:/ecg_hls/ecg_classifier_ip/solution1/.autopilot/db/ecg_classifier_Pipeline_L4_IC_L4_K.verbose.sched.rpt 
Execute         AP::get_flow_target_display_name
Execute       db_write -o C:/ecg_hls/ecg_classifier_ip/solution1/.autopilot/db/ecg_classifier_Pipeline_L4_IC_L4_K.sched.adb -f 
INFO-FLOW: Finish scheduling ecg_classifier_Pipeline_L4_IC_L4_K.
Execute       set_default_model ecg_classifier_Pipeline_L4_IC_L4_K 
Execute       bind -model ecg_classifier_Pipeline_L4_IC_L4_K 
INFO: [BIND 205-100] Starting micro-architecture generation ...
INFO: [BIND 205-101] Performing variable lifetime analysis.
INFO: [BIND 205-101] Exploring resource sharing.
INFO: [BIND 205-101] Binding ...
INFO: [BIND 205-100] Finished micro-architecture generation.
Command       bind done; 0.157 sec.
INFO: [HLS 200-111] Finished Binding: CPU user time: 0 seconds. CPU system time: 0 seconds. Elapsed time: 0.264 seconds; current allocated memory: 463.711 MB.
Execute       syn_report -verbosereport -o C:/ecg_hls/ecg_classifier_ip/solution1/.autopilot/db/ecg_classifier_Pipeline_L4_IC_L4_K.verbose.bind.rpt 
Execute         AP::get_flow_target_display_name
Command       syn_report done; 0.142 sec.
Execute       db_write -o C:/ecg_hls/ecg_classifier_ip/solution1/.autopilot/db/ecg_classifier_Pipeline_L4_IC_L4_K.bind.adb -f 
INFO-FLOW: Finish binding ecg_classifier_Pipeline_L4_IC_L4_K.
INFO: [HLS 200-10] ----------------------------------------------------------------
INFO: [HLS 200-42] -- Implementing module 'ecg_classifier_Pipeline_GAP_NORM' 
INFO: [HLS 200-10] ----------------------------------------------------------------
Execute       set_default_model ecg_classifier_Pipeline_GAP_NORM 
Execute       schedule -model ecg_classifier_Pipeline_GAP_NORM 
INFO: [SCHED 204-11] Starting scheduling ...
INFO: [SCHED 204-61] Pipelining loop 'GAP_NORM'.
WARNING: [HLS 200-885] The II Violation in module 'ecg_classifier_Pipeline_GAP_NORM' (loop 'GAP_NORM'): Unable to schedule 'load' operation ('gap_buf_V_load', src/ecg_classifier.cpp:283) on array 'gap_buf_V' due to limited memory ports (II = 1). Please consider using a memory core with more ports or partitioning the array 'gap_buf_V'.
INFO: [HLS 200-1470] Pipelining result : Target II = 1, Final II = 2, Depth = 4, loop 'GAP_NORM'
INFO: [SCHED 204-11] Finished scheduling.
Command       schedule done; 0.189 sec.
INFO: [HLS 200-111] Finished Scheduling: CPU user time: 0 seconds. CPU system time: 0 seconds. Elapsed time: 0.468 seconds; current allocated memory: 463.836 MB.
Execute       syn_report -verbosereport -o C:/ecg_hls/ecg_classifier_ip/solution1/.autopilot/db/ecg_classifier_Pipeline_GAP_NORM.verbose.sched.rpt 
Execute         AP::get_flow_target_display_name
Execute       db_write -o C:/ecg_hls/ecg_classifier_ip/solution1/.autopilot/db/ecg_classifier_Pipeline_GAP_NORM.sched.adb -f 
INFO-FLOW: Finish scheduling ecg_classifier_Pipeline_GAP_NORM.
Execute       set_default_model ecg_classifier_Pipeline_GAP_NORM 
Execute       bind -model ecg_classifier_Pipeline_GAP_NORM 
INFO: [BIND 205-100] Starting micro-architecture generation ...
INFO: [BIND 205-101] Performing variable lifetime analysis.
INFO: [BIND 205-101] Exploring resource sharing.
INFO: [BIND 205-101] Binding ...
INFO: [BIND 205-100] Finished micro-architecture generation.
Command       bind done; 0.15 sec.
INFO: [HLS 200-111] Finished Binding: CPU user time: 0 seconds. CPU system time: 0 seconds. Elapsed time: 0.208 seconds; current allocated memory: 463.902 MB.
Execute       syn_report -verbosereport -o C:/ecg_hls/ecg_classifier_ip/solution1/.autopilot/db/ecg_classifier_Pipeline_GAP_NORM.verbose.bind.rpt 
Execute         AP::get_flow_target_display_name
Execute       db_write -o C:/ecg_hls/ecg_classifier_ip/solution1/.autopilot/db/ecg_classifier_Pipeline_GAP_NORM.bind.adb -f 
INFO-FLOW: Finish binding ecg_classifier_Pipeline_GAP_NORM.
INFO: [HLS 200-10] ----------------------------------------------------------------
INFO: [HLS 200-42] -- Implementing module 'ecg_classifier_Pipeline_D0_IC' 
INFO: [HLS 200-10] ----------------------------------------------------------------
Execute       set_default_model ecg_classifier_Pipeline_D0_IC 
Execute       schedule -model ecg_classifier_Pipeline_D0_IC 
INFO: [SCHED 204-11] Starting scheduling ...
INFO: [SCHED 204-61] Pipelining loop 'D0_IC'.
INFO: [HLS 200-1470] Pipelining result : Target II = 1, Final II = 1, Depth = 4, loop 'D0_IC'
INFO: [SCHED 204-11] Finished scheduling.
Command       schedule done; 0.144 sec.
INFO: [HLS 200-111] Finished Scheduling: CPU user time: 0 seconds. CPU system time: 0 seconds. Elapsed time: 0.272 seconds; current allocated memory: 464.098 MB.
Execute       syn_report -verbosereport -o C:/ecg_hls/ecg_classifier_ip/solution1/.autopilot/db/ecg_classifier_Pipeline_D0_IC.verbose.sched.rpt 
Execute         AP::get_flow_target_display_name
Execute       db_write -o C:/ecg_hls/ecg_classifier_ip/solution1/.autopilot/db/ecg_classifier_Pipeline_D0_IC.sched.adb -f 
INFO-FLOW: Finish scheduling ecg_classifier_Pipeline_D0_IC.
Execute       set_default_model ecg_classifier_Pipeline_D0_IC 
Execute       bind -model ecg_classifier_Pipeline_D0_IC 
INFO: [BIND 205-100] Starting micro-architecture generation ...
INFO: [BIND 205-101] Performing variable lifetime analysis.
INFO: [BIND 205-101] Exploring resource sharing.
INFO: [BIND 205-101] Binding ...
INFO: [BIND 205-100] Finished micro-architecture generation.
Command       bind done; 0.142 sec.
INFO: [HLS 200-111] Finished Binding: CPU user time: 0 seconds. CPU system time: 0 seconds. Elapsed time: 0.191 seconds; current allocated memory: 464.098 MB.
Execute       syn_report -verbosereport -o C:/ecg_hls/ecg_classifier_ip/solution1/.autopilot/db/ecg_classifier_Pipeline_D0_IC.verbose.bind.rpt 
Execute         AP::get_flow_target_display_name
Execute       db_write -o C:/ecg_hls/ecg_classifier_ip/solution1/.autopilot/db/ecg_classifier_Pipeline_D0_IC.bind.adb -f 
INFO-FLOW: Finish binding ecg_classifier_Pipeline_D0_IC.
INFO: [HLS 200-10] ----------------------------------------------------------------
INFO: [HLS 200-42] -- Implementing module 'ecg_classifier_Pipeline_D1_IC' 
INFO: [HLS 200-10] ----------------------------------------------------------------
Execute       set_default_model ecg_classifier_Pipeline_D1_IC 
Execute       schedule -model ecg_classifier_Pipeline_D1_IC 
INFO: [SCHED 204-11] Starting scheduling ...
INFO: [SCHED 204-61] Pipelining loop 'D1_IC'.
INFO: [HLS 200-1470] Pipelining result : Target II = 1, Final II = 1, Depth = 4, loop 'D1_IC'
INFO: [SCHED 204-11] Finished scheduling.
Command       schedule done; 0.147 sec.
INFO: [HLS 200-111] Finished Scheduling: CPU user time: 0 seconds. CPU system time: 1 seconds. Elapsed time: 0.3 seconds; current allocated memory: 464.160 MB.
Execute       syn_report -verbosereport -o C:/ecg_hls/ecg_classifier_ip/solution1/.autopilot/db/ecg_classifier_Pipeline_D1_IC.verbose.sched.rpt 
Execute         AP::get_flow_target_display_name
Execute       db_write -o C:/ecg_hls/ecg_classifier_ip/solution1/.autopilot/db/ecg_classifier_Pipeline_D1_IC.sched.adb -f 
INFO-FLOW: Finish scheduling ecg_classifier_Pipeline_D1_IC.
Execute       set_default_model ecg_classifier_Pipeline_D1_IC 
Execute       bind -model ecg_classifier_Pipeline_D1_IC 
INFO: [BIND 205-100] Starting micro-architecture generation ...
INFO: [BIND 205-101] Performing variable lifetime analysis.
INFO: [BIND 205-101] Exploring resource sharing.
INFO: [BIND 205-101] Binding ...
INFO: [BIND 205-100] Finished micro-architecture generation.
Command       bind done; 0.187 sec.
INFO: [HLS 200-111] Finished Binding: CPU user time: 0 seconds. CPU system time: 0 seconds. Elapsed time: 0.242 seconds; current allocated memory: 464.184 MB.
Execute       syn_report -verbosereport -o C:/ecg_hls/ecg_classifier_ip/solution1/.autopilot/db/ecg_classifier_Pipeline_D1_IC.verbose.bind.rpt 
Execute         AP::get_flow_target_display_name
Execute       db_write -o C:/ecg_hls/ecg_classifier_ip/solution1/.autopilot/db/ecg_classifier_Pipeline_D1_IC.bind.adb -f 
INFO-FLOW: Finish binding ecg_classifier_Pipeline_D1_IC.
INFO: [HLS 200-10] ----------------------------------------------------------------
INFO: [HLS 200-42] -- Implementing module 'ecg_classifier_Pipeline_WRITE_OUTPUT' 
INFO: [HLS 200-10] ----------------------------------------------------------------
Execute       set_default_model ecg_classifier_Pipeline_WRITE_OUTPUT 
Execute       schedule -model ecg_classifier_Pipeline_WRITE_OUTPUT 
INFO: [SCHED 204-11] Starting scheduling ...
INFO: [SCHED 204-61] Pipelining loop 'WRITE_OUTPUT'.
INFO: [HLS 200-1470] Pipelining result : Target II = 1, Final II = 1, Depth = 11, loop 'WRITE_OUTPUT'
INFO: [SCHED 204-11] Finished scheduling.
Command       schedule done; 0.18 sec.
INFO: [HLS 200-111] Finished Scheduling: CPU user time: 0 seconds. CPU system time: 0 seconds. Elapsed time: 0.336 seconds; current allocated memory: 464.324 MB.
Execute       syn_report -verbosereport -o C:/ecg_hls/ecg_classifier_ip/solution1/.autopilot/db/ecg_classifier_Pipeline_WRITE_OUTPUT.verbose.sched.rpt 
Execute         AP::get_flow_target_display_name
Execute       db_write -o C:/ecg_hls/ecg_classifier_ip/solution1/.autopilot/db/ecg_classifier_Pipeline_WRITE_OUTPUT.sched.adb -f 
INFO-FLOW: Finish scheduling ecg_classifier_Pipeline_WRITE_OUTPUT.
Execute       set_default_model ecg_classifier_Pipeline_WRITE_OUTPUT 
Execute       bind -model ecg_classifier_Pipeline_WRITE_OUTPUT 
INFO: [BIND 205-100] Starting micro-architecture generation ...
INFO: [BIND 205-101] Performing variable lifetime analysis.
INFO: [BIND 205-101] Exploring resource sharing.
INFO: [BIND 205-101] Binding ...
INFO: [BIND 205-100] Finished micro-architecture generation.
Command       bind done; 0.177 sec.
INFO: [HLS 200-111] Finished Binding: CPU user time: 0 seconds. CPU system time: 0 seconds. Elapsed time: 0.283 seconds; current allocated memory: 464.559 MB.
Execute       syn_report -verbosereport -o C:/ecg_hls/ecg_classifier_ip/solution1/.autopilot/db/ecg_classifier_Pipeline_WRITE_OUTPUT.verbose.bind.rpt 
Execute         AP::get_flow_target_display_name
Execute       db_write -o C:/ecg_hls/ecg_classifier_ip/solution1/.autopilot/db/ecg_classifier_Pipeline_WRITE_OUTPUT.bind.adb -f 
INFO-FLOW: Finish binding ecg_classifier_Pipeline_WRITE_OUTPUT.
INFO: [HLS 200-10] ----------------------------------------------------------------
INFO: [HLS 200-42] -- Implementing module 'ecg_classifier' 
INFO: [HLS 200-10] ----------------------------------------------------------------
Execute       set_default_model ecg_classifier 
Execute       schedule -model ecg_classifier 
INFO: [SCHED 204-11] Starting scheduling ...
INFO: [SCHED 204-11] Finished scheduling.
Command       schedule done; 14.371 sec.
INFO: [HLS 200-111] Finished Scheduling: CPU user time: 14 seconds. CPU system time: 0 seconds. Elapsed time: 14.524 seconds; current allocated memory: 539.918 MB.
Execute       syn_report -verbosereport -o C:/ecg_hls/ecg_classifier_ip/solution1/.autopilot/db/ecg_classifier.verbose.sched.rpt 
Execute         AP::get_flow_target_display_name
Command       syn_report done; 3.142 sec.
Execute       db_write -o C:/ecg_hls/ecg_classifier_ip/solution1/.autopilot/db/ecg_classifier.sched.adb -f 
Command       db_write done; 1.351 sec.
INFO-FLOW: Finish scheduling ecg_classifier.
Execute       set_default_model ecg_classifier 
Execute       bind -model ecg_classifier 
INFO: [BIND 205-100] Starting micro-architecture generation ...
INFO: [BIND 205-101] Performing variable lifetime analysis.
INFO: [BIND 205-101] Exploring resource sharing.
WARNING: [BIND 205-102] The specified resource core for memory 'gap_buf_V' will be ignored if a simpler one can be used.
WARNING: [BIND 205-102] The specified resource core for memory 'gap_buf_V_1' will be ignored if a simpler one can be used.
WARNING: [BIND 205-102] The specified resource core for memory 'dense0_buf_V' will be ignored if a simpler one can be used.
WARNING: [BIND 205-102] The specified resource core for memory 'dense0_buf_V_1' will be ignored if a simpler one can be used.
INFO: [BIND 205-101] Binding ...
INFO: [BIND 205-100] Finished micro-architecture generation.
Command       bind done; 5.296 sec.
INFO: [HLS 200-111] Finished Binding: CPU user time: 9 seconds. CPU system time: 0 seconds. Elapsed time: 9.79 seconds; current allocated memory: 539.918 MB.
Execute       syn_report -verbosereport -o C:/ecg_hls/ecg_classifier_ip/solution1/.autopilot/db/ecg_classifier.verbose.bind.rpt 
Execute         AP::get_flow_target_display_name
Command       syn_report done; 4.721 sec.
Execute       db_write -o C:/ecg_hls/ecg_classifier_ip/solution1/.autopilot/db/ecg_classifier.bind.adb -f 
Command       db_write done; 1.747 sec.
INFO-FLOW: Finish binding ecg_classifier.
Execute       get_model_list ecg_classifier -filter all-wo-channel 
INFO-FLOW: Preprocessing for RTLGen ...
Execute       rtl_gen_preprocess ecg_classifier_Pipeline_READ_INPUT 
Execute       rtl_gen_preprocess ecg_classifier_Pipeline_ZNORM_MEAN 
Execute       rtl_gen_preprocess ecg_classifier_Pipeline_ZNORM_VAR 
Execute       rtl_gen_preprocess ecg_classifier_Pipeline_ZNORM_APPLY 
Execute       rtl_gen_preprocess ecg_classifier_Pipeline_L0_K_FILL 
Execute       rtl_gen_preprocess ecg_classifier_Pipeline_L1_IC_L1_K 
Execute       rtl_gen_preprocess ecg_classifier_Pipeline_L2_IC_L2_K 
Execute       rtl_gen_preprocess ecg_classifier_Pipeline_GAP_INIT 
Execute       rtl_gen_preprocess ecg_classifier_Pipeline_L3_IC_L3_K 
Execute       rtl_gen_preprocess ecg_classifier_Pipeline_L4_IC_L4_K 
Execute       rtl_gen_preprocess ecg_classifier_Pipeline_GAP_NORM 
Execute       rtl_gen_preprocess ecg_classifier_Pipeline_D0_IC 
Execute       rtl_gen_preprocess ecg_classifier_Pipeline_D1_IC 
Execute       rtl_gen_preprocess ecg_classifier_Pipeline_WRITE_OUTPUT 
Execute       rtl_gen_preprocess ecg_classifier 
INFO-FLOW: Model list for RTL generation: ecg_classifier_Pipeline_READ_INPUT ecg_classifier_Pipeline_ZNORM_MEAN ecg_classifier_Pipeline_ZNORM_VAR ecg_classifier_Pipeline_ZNORM_APPLY ecg_classifier_Pipeline_L0_K_FILL ecg_classifier_Pipeline_L1_IC_L1_K ecg_classifier_Pipeline_L2_IC_L2_K ecg_classifier_Pipeline_GAP_INIT ecg_classifier_Pipeline_L3_IC_L3_K ecg_classifier_Pipeline_L4_IC_L4_K ecg_classifier_Pipeline_GAP_NORM ecg_classifier_Pipeline_D0_IC ecg_classifier_Pipeline_D1_IC ecg_classifier_Pipeline_WRITE_OUTPUT ecg_classifier
INFO: [HLS 200-10] ----------------------------------------------------------------
INFO: [HLS 200-10] -- Generating RTL for module 'ecg_classifier_Pipeline_READ_INPUT' 
INFO: [HLS 200-10] ----------------------------------------------------------------
Execute       create_rtl_model ecg_classifier_Pipeline_READ_INPUT -top_prefix ecg_classifier_ -sub_prefix ecg_classifier_ -mg_file C:/ecg_hls/ecg_classifier_ip/solution1/.autopilot/db/ecg_classifier_Pipeline_READ_INPUT.compgen.tcl 
INFO: [RTGEN 206-100] Finished creating RTL model for 'ecg_classifier_Pipeline_READ_INPUT'.
INFO: [HLS 200-111] Finished Creating RTL model: CPU user time: 6 seconds. CPU system time: 1 seconds. Elapsed time: 6.632 seconds; current allocated memory: 539.918 MB.
Execute       source C:/ecg_hls/ecg_classifier_ip/solution1/.autopilot/db/ecg_classifier.rtl_wrap.cfg.tcl 
Execute       gen_rtl ecg_classifier_Pipeline_READ_INPUT -style xilinx -f -lang vhdl -o C:/ecg_hls/ecg_classifier_ip/solution1/syn/vhdl/ecg_classifier_ecg_classifier_Pipeline_READ_INPUT 
Execute       gen_rtl ecg_classifier_Pipeline_READ_INPUT -style xilinx -f -lang vlog -o C:/ecg_hls/ecg_classifier_ip/solution1/syn/verilog/ecg_classifier_ecg_classifier_Pipeline_READ_INPUT 
Execute       syn_report -csynth -model ecg_classifier_Pipeline_READ_INPUT -o C:/ecg_hls/ecg_classifier_ip/solution1/syn/report/ecg_classifier_Pipeline_READ_INPUT_csynth.rpt 
Execute         AP::get_flow_target_display_name
Execute       syn_report -rtlxml -model ecg_classifier_Pipeline_READ_INPUT -o C:/ecg_hls/ecg_classifier_ip/solution1/syn/report/ecg_classifier_Pipeline_READ_INPUT_csynth.xml 
Execute       syn_report -verbosereport -model ecg_classifier_Pipeline_READ_INPUT -o C:/ecg_hls/ecg_classifier_ip/solution1/.autopilot/db/ecg_classifier_Pipeline_READ_INPUT.verbose.rpt 
Execute         AP::get_flow_target_display_name
Execute       db_write -model ecg_classifier_Pipeline_READ_INPUT -f -o C:/ecg_hls/ecg_classifier_ip/solution1/.autopilot/db/ecg_classifier_Pipeline_READ_INPUT.adb 
Execute       db_write -model ecg_classifier_Pipeline_READ_INPUT -bindview -o C:/ecg_hls/ecg_classifier_ip/solution1/.autopilot/db/design.bindinfo.xml 
Execute       gen_tb_info ecg_classifier_Pipeline_READ_INPUT -p C:/ecg_hls/ecg_classifier_ip/solution1/.autopilot/db -o C:/ecg_hls/ecg_classifier_ip/solution1/.autopilot/db/ecg_classifier_Pipeline_READ_INPUT 
INFO: [HLS 200-10] ----------------------------------------------------------------
INFO: [HLS 200-10] -- Generating RTL for module 'ecg_classifier_Pipeline_ZNORM_MEAN' 
INFO: [HLS 200-10] ----------------------------------------------------------------
Execute       create_rtl_model ecg_classifier_Pipeline_ZNORM_MEAN -top_prefix ecg_classifier_ -sub_prefix ecg_classifier_ -mg_file C:/ecg_hls/ecg_classifier_ip/solution1/.autopilot/db/ecg_classifier_Pipeline_ZNORM_MEAN.compgen.tcl 
INFO: [HLS 200-1030] Apply Unified Pipeline Control on module 'ecg_classifier_Pipeline_ZNORM_MEAN' pipeline 'ZNORM_MEAN' pipeline type 'loop pipeline'
INFO: [RTGEN 206-100] Generating core module 'mux_21_32_1_1': 1 instance(s).
INFO: [RTGEN 206-100] Finished creating RTL model for 'ecg_classifier_Pipeline_ZNORM_MEAN'.
INFO: [HLS 200-111] Finished Creating RTL model: CPU user time: 0 seconds. CPU system time: 0 seconds. Elapsed time: 0.309 seconds; current allocated memory: 539.918 MB.
Execute       source C:/ecg_hls/ecg_classifier_ip/solution1/.autopilot/db/ecg_classifier.rtl_wrap.cfg.tcl 
Execute       gen_rtl ecg_classifier_Pipeline_ZNORM_MEAN -style xilinx -f -lang vhdl -o C:/ecg_hls/ecg_classifier_ip/solution1/syn/vhdl/ecg_classifier_ecg_classifier_Pipeline_ZNORM_MEAN 
Execute       gen_rtl ecg_classifier_Pipeline_ZNORM_MEAN -style xilinx -f -lang vlog -o C:/ecg_hls/ecg_classifier_ip/solution1/syn/verilog/ecg_classifier_ecg_classifier_Pipeline_ZNORM_MEAN 
Execute       syn_report -csynth -model ecg_classifier_Pipeline_ZNORM_MEAN -o C:/ecg_hls/ecg_classifier_ip/solution1/syn/report/ecg_classifier_Pipeline_ZNORM_MEAN_csynth.rpt 
Execute         AP::get_flow_target_display_name
Execute       syn_report -rtlxml -model ecg_classifier_Pipeline_ZNORM_MEAN -o C:/ecg_hls/ecg_classifier_ip/solution1/syn/report/ecg_classifier_Pipeline_ZNORM_MEAN_csynth.xml 
Execute       syn_report -verbosereport -model ecg_classifier_Pipeline_ZNORM_MEAN -o C:/ecg_hls/ecg_classifier_ip/solution1/.autopilot/db/ecg_classifier_Pipeline_ZNORM_MEAN.verbose.rpt 
Execute         AP::get_flow_target_display_name
Execute       db_write -model ecg_classifier_Pipeline_ZNORM_MEAN -f -o C:/ecg_hls/ecg_classifier_ip/solution1/.autopilot/db/ecg_classifier_Pipeline_ZNORM_MEAN.adb 
Execute       db_write -model ecg_classifier_Pipeline_ZNORM_MEAN -bindview -o C:/ecg_hls/ecg_classifier_ip/solution1/.autopilot/db/design.bindinfo.xml 
Execute       gen_tb_info ecg_classifier_Pipeline_ZNORM_MEAN -p C:/ecg_hls/ecg_classifier_ip/solution1/.autopilot/db -o C:/ecg_hls/ecg_classifier_ip/solution1/.autopilot/db/ecg_classifier_Pipeline_ZNORM_MEAN 
INFO: [HLS 200-10] ----------------------------------------------------------------
INFO: [HLS 200-10] -- Generating RTL for module 'ecg_classifier_Pipeline_ZNORM_VAR' 
INFO: [HLS 200-10] ----------------------------------------------------------------
Execute       create_rtl_model ecg_classifier_Pipeline_ZNORM_VAR -top_prefix ecg_classifier_ -sub_prefix ecg_classifier_ -mg_file C:/ecg_hls/ecg_classifier_ip/solution1/.autopilot/db/ecg_classifier_Pipeline_ZNORM_VAR.compgen.tcl 
INFO: [HLS 200-1030] Apply Unified Pipeline Control on module 'ecg_classifier_Pipeline_ZNORM_VAR' pipeline 'ZNORM_VAR' pipeline type 'loop pipeline'
INFO: [RTGEN 206-100] Generating core module 'mul_40s_40s_72_1_1': 1 instance(s).
INFO: [RTGEN 206-100] Generating core module 'mux_21_32_1_1': 1 instance(s).
INFO: [RTGEN 206-100] Finished creating RTL model for 'ecg_classifier_Pipeline_ZNORM_VAR'.
Command       create_rtl_model done; 0.153 sec.
INFO: [HLS 200-111] Finished Creating RTL model: CPU user time: 0 seconds. CPU system time: 0 seconds. Elapsed time: 0.41 seconds; current allocated memory: 539.918 MB.
Execute       source C:/ecg_hls/ecg_classifier_ip/solution1/.autopilot/db/ecg_classifier.rtl_wrap.cfg.tcl 
Execute       gen_rtl ecg_classifier_Pipeline_ZNORM_VAR -style xilinx -f -lang vhdl -o C:/ecg_hls/ecg_classifier_ip/solution1/syn/vhdl/ecg_classifier_ecg_classifier_Pipeline_ZNORM_VAR 
Execute       gen_rtl ecg_classifier_Pipeline_ZNORM_VAR -style xilinx -f -lang vlog -o C:/ecg_hls/ecg_classifier_ip/solution1/syn/verilog/ecg_classifier_ecg_classifier_Pipeline_ZNORM_VAR 
Execute       syn_report -csynth -model ecg_classifier_Pipeline_ZNORM_VAR -o C:/ecg_hls/ecg_classifier_ip/solution1/syn/report/ecg_classifier_Pipeline_ZNORM_VAR_csynth.rpt 
Execute         AP::get_flow_target_display_name
Execute       syn_report -rtlxml -model ecg_classifier_Pipeline_ZNORM_VAR -o C:/ecg_hls/ecg_classifier_ip/solution1/syn/report/ecg_classifier_Pipeline_ZNORM_VAR_csynth.xml 
Execute       syn_report -verbosereport -model ecg_classifier_Pipeline_ZNORM_VAR -o C:/ecg_hls/ecg_classifier_ip/solution1/.autopilot/db/ecg_classifier_Pipeline_ZNORM_VAR.verbose.rpt 
Execute         AP::get_flow_target_display_name
Execute       db_write -model ecg_classifier_Pipeline_ZNORM_VAR -f -o C:/ecg_hls/ecg_classifier_ip/solution1/.autopilot/db/ecg_classifier_Pipeline_ZNORM_VAR.adb 
Execute       db_write -model ecg_classifier_Pipeline_ZNORM_VAR -bindview -o C:/ecg_hls/ecg_classifier_ip/solution1/.autopilot/db/design.bindinfo.xml 
Execute       gen_tb_info ecg_classifier_Pipeline_ZNORM_VAR -p C:/ecg_hls/ecg_classifier_ip/solution1/.autopilot/db -o C:/ecg_hls/ecg_classifier_ip/solution1/.autopilot/db/ecg_classifier_Pipeline_ZNORM_VAR 
INFO: [HLS 200-10] ----------------------------------------------------------------
INFO: [HLS 200-10] -- Generating RTL for module 'ecg_classifier_Pipeline_ZNORM_APPLY' 
INFO: [HLS 200-10] ----------------------------------------------------------------
Execute       create_rtl_model ecg_classifier_Pipeline_ZNORM_APPLY -top_prefix ecg_classifier_ -sub_prefix ecg_classifier_ -mg_file C:/ecg_hls/ecg_classifier_ip/solution1/.autopilot/db/ecg_classifier_Pipeline_ZNORM_APPLY.compgen.tcl 
INFO: [HLS 200-1030] Apply Unified Pipeline Control on module 'ecg_classifier_Pipeline_ZNORM_APPLY' pipeline 'ZNORM_APPLY' pipeline type 'loop pipeline'
INFO: [RTGEN 206-100] Generating core module 'mul_33s_32s_48_1_1': 1 instance(s).
INFO: [RTGEN 206-100] Generating core module 'mux_21_32_1_1': 1 instance(s).
INFO: [RTGEN 206-100] Finished creating RTL model for 'ecg_classifier_Pipeline_ZNORM_APPLY'.
Command       create_rtl_model done; 0.13 sec.
INFO: [HLS 200-111] Finished Creating RTL model: CPU user time: 0 seconds. CPU system time: 0 seconds. Elapsed time: 0.441 seconds; current allocated memory: 539.918 MB.
Execute       source C:/ecg_hls/ecg_classifier_ip/solution1/.autopilot/db/ecg_classifier.rtl_wrap.cfg.tcl 
Execute       gen_rtl ecg_classifier_Pipeline_ZNORM_APPLY -style xilinx -f -lang vhdl -o C:/ecg_hls/ecg_classifier_ip/solution1/syn/vhdl/ecg_classifier_ecg_classifier_Pipeline_ZNORM_APPLY 
Execute       gen_rtl ecg_classifier_Pipeline_ZNORM_APPLY -style xilinx -f -lang vlog -o C:/ecg_hls/ecg_classifier_ip/solution1/syn/verilog/ecg_classifier_ecg_classifier_Pipeline_ZNORM_APPLY 
Execute       syn_report -csynth -model ecg_classifier_Pipeline_ZNORM_APPLY -o C:/ecg_hls/ecg_classifier_ip/solution1/syn/report/ecg_classifier_Pipeline_ZNORM_APPLY_csynth.rpt 
Execute         AP::get_flow_target_display_name
Execute       syn_report -rtlxml -model ecg_classifier_Pipeline_ZNORM_APPLY -o C:/ecg_hls/ecg_classifier_ip/solution1/syn/report/ecg_classifier_Pipeline_ZNORM_APPLY_csynth.xml 
Execute       syn_report -verbosereport -model ecg_classifier_Pipeline_ZNORM_APPLY -o C:/ecg_hls/ecg_classifier_ip/solution1/.autopilot/db/ecg_classifier_Pipeline_ZNORM_APPLY.verbose.rpt 
Execute         AP::get_flow_target_display_name
Execute       db_write -model ecg_classifier_Pipeline_ZNORM_APPLY -f -o C:/ecg_hls/ecg_classifier_ip/solution1/.autopilot/db/ecg_classifier_Pipeline_ZNORM_APPLY.adb 
Execute       db_write -model ecg_classifier_Pipeline_ZNORM_APPLY -bindview -o C:/ecg_hls/ecg_classifier_ip/solution1/.autopilot/db/design.bindinfo.xml 
Execute       gen_tb_info ecg_classifier_Pipeline_ZNORM_APPLY -p C:/ecg_hls/ecg_classifier_ip/solution1/.autopilot/db -o C:/ecg_hls/ecg_classifier_ip/solution1/.autopilot/db/ecg_classifier_Pipeline_ZNORM_APPLY 
INFO: [HLS 200-10] ----------------------------------------------------------------
INFO: [HLS 200-10] -- Generating RTL for module 'ecg_classifier_Pipeline_L0_K_FILL' 
INFO: [HLS 200-10] ----------------------------------------------------------------
Execute       create_rtl_model ecg_classifier_Pipeline_L0_K_FILL -top_prefix ecg_classifier_ -sub_prefix ecg_classifier_ -mg_file C:/ecg_hls/ecg_classifier_ip/solution1/.autopilot/db/ecg_classifier_Pipeline_L0_K_FILL.compgen.tcl 
INFO: [HLS 200-1030] Apply Unified Pipeline Control on module 'ecg_classifier_Pipeline_L0_K_FILL' pipeline 'L0_K_FILL' pipeline type 'loop pipeline'
INFO: [RTGEN 206-100] Generating core module 'mul_27s_40s_66_1_1': 1 instance(s).
INFO: [RTGEN 206-100] Generating core module 'mux_21_32_1_1': 1 instance(s).
INFO: [RTGEN 206-100] Finished creating RTL model for 'ecg_classifier_Pipeline_L0_K_FILL'.
INFO: [RTMG 210-279] Implementing memory 'ecg_classifier_ecg_classifier_Pipeline_L0_K_FILL_L0_W_V_0_ROM_AUTO_1R' using auto ROMs.
Command       create_rtl_model done; 0.169 sec.
INFO: [HLS 200-111] Finished Creating RTL model: CPU user time: 1 seconds. CPU system time: 0 seconds. Elapsed time: 0.439 seconds; current allocated memory: 539.918 MB.
Execute       source C:/ecg_hls/ecg_classifier_ip/solution1/.autopilot/db/ecg_classifier.rtl_wrap.cfg.tcl 
Execute       gen_rtl ecg_classifier_Pipeline_L0_K_FILL -style xilinx -f -lang vhdl -o C:/ecg_hls/ecg_classifier_ip/solution1/syn/vhdl/ecg_classifier_ecg_classifier_Pipeline_L0_K_FILL 
Execute       gen_rtl ecg_classifier_Pipeline_L0_K_FILL -style xilinx -f -lang vlog -o C:/ecg_hls/ecg_classifier_ip/solution1/syn/verilog/ecg_classifier_ecg_classifier_Pipeline_L0_K_FILL 
Execute       syn_report -csynth -model ecg_classifier_Pipeline_L0_K_FILL -o C:/ecg_hls/ecg_classifier_ip/solution1/syn/report/ecg_classifier_Pipeline_L0_K_FILL_csynth.rpt 
Execute         AP::get_flow_target_display_name
Execute       syn_report -rtlxml -model ecg_classifier_Pipeline_L0_K_FILL -o C:/ecg_hls/ecg_classifier_ip/solution1/syn/report/ecg_classifier_Pipeline_L0_K_FILL_csynth.xml 
Execute       syn_report -verbosereport -model ecg_classifier_Pipeline_L0_K_FILL -o C:/ecg_hls/ecg_classifier_ip/solution1/.autopilot/db/ecg_classifier_Pipeline_L0_K_FILL.verbose.rpt 
Execute         AP::get_flow_target_display_name
Command       syn_report done; 0.102 sec.
Execute       db_write -model ecg_classifier_Pipeline_L0_K_FILL -f -o C:/ecg_hls/ecg_classifier_ip/solution1/.autopilot/db/ecg_classifier_Pipeline_L0_K_FILL.adb 
Execute       db_write -model ecg_classifier_Pipeline_L0_K_FILL -bindview -o C:/ecg_hls/ecg_classifier_ip/solution1/.autopilot/db/design.bindinfo.xml 
Execute       gen_tb_info ecg_classifier_Pipeline_L0_K_FILL -p C:/ecg_hls/ecg_classifier_ip/solution1/.autopilot/db -o C:/ecg_hls/ecg_classifier_ip/solution1/.autopilot/db/ecg_classifier_Pipeline_L0_K_FILL 
INFO: [HLS 200-10] ----------------------------------------------------------------
INFO: [HLS 200-10] -- Generating RTL for module 'ecg_classifier_Pipeline_L1_IC_L1_K' 
INFO: [HLS 200-10] ----------------------------------------------------------------
Execute       create_rtl_model ecg_classifier_Pipeline_L1_IC_L1_K -top_prefix ecg_classifier_ -sub_prefix ecg_classifier_ -mg_file C:/ecg_hls/ecg_classifier_ip/solution1/.autopilot/db/ecg_classifier_Pipeline_L1_IC_L1_K.compgen.tcl 
INFO: [HLS 200-1030] Apply Unified Pipeline Control on module 'ecg_classifier_Pipeline_L1_IC_L1_K' pipeline 'L1_IC_L1_K' pipeline type 'loop pipeline'
INFO: [RTGEN 206-100] Generating core module 'mul_23s_40s_62_1_1': 1 instance(s).
INFO: [RTGEN 206-100] Generating core module 'mux_73_32_1_1': 1 instance(s).
INFO: [RTGEN 206-100] Finished creating RTL model for 'ecg_classifier_Pipeline_L1_IC_L1_K'.
INFO: [RTMG 210-279] Implementing memory 'ecg_classifier_ecg_classifier_Pipeline_L1_IC_L1_K_clf_w_L1_W_V_ROM_AUTO_1R' using auto ROMs.
Command       create_rtl_model done; 0.185 sec.
INFO: [HLS 200-111] Finished Creating RTL model: CPU user time: 0 seconds. CPU system time: 0 seconds. Elapsed time: 0.581 seconds; current allocated memory: 539.918 MB.
Execute       source C:/ecg_hls/ecg_classifier_ip/solution1/.autopilot/db/ecg_classifier.rtl_wrap.cfg.tcl 
Execute       gen_rtl ecg_classifier_Pipeline_L1_IC_L1_K -style xilinx -f -lang vhdl -o C:/ecg_hls/ecg_classifier_ip/solution1/syn/vhdl/ecg_classifier_ecg_classifier_Pipeline_L1_IC_L1_K 
Execute       gen_rtl ecg_classifier_Pipeline_L1_IC_L1_K -style xilinx -f -lang vlog -o C:/ecg_hls/ecg_classifier_ip/solution1/syn/verilog/ecg_classifier_ecg_classifier_Pipeline_L1_IC_L1_K 
Execute       syn_report -csynth -model ecg_classifier_Pipeline_L1_IC_L1_K -o C:/ecg_hls/ecg_classifier_ip/solution1/syn/report/ecg_classifier_Pipeline_L1_IC_L1_K_csynth.rpt 
Execute         AP::get_flow_target_display_name
Execute       syn_report -rtlxml -model ecg_classifier_Pipeline_L1_IC_L1_K -o C:/ecg_hls/ecg_classifier_ip/solution1/syn/report/ecg_classifier_Pipeline_L1_IC_L1_K_csynth.xml 
Execute       syn_report -verbosereport -model ecg_classifier_Pipeline_L1_IC_L1_K -o C:/ecg_hls/ecg_classifier_ip/solution1/.autopilot/db/ecg_classifier_Pipeline_L1_IC_L1_K.verbose.rpt 
Execute         AP::get_flow_target_display_name
Command       syn_report done; 0.114 sec.
Execute       db_write -model ecg_classifier_Pipeline_L1_IC_L1_K -f -o C:/ecg_hls/ecg_classifier_ip/solution1/.autopilot/db/ecg_classifier_Pipeline_L1_IC_L1_K.adb 
Execute       db_write -model ecg_classifier_Pipeline_L1_IC_L1_K -bindview -o C:/ecg_hls/ecg_classifier_ip/solution1/.autopilot/db/design.bindinfo.xml 
Execute       gen_tb_info ecg_classifier_Pipeline_L1_IC_L1_K -p C:/ecg_hls/ecg_classifier_ip/solution1/.autopilot/db -o C:/ecg_hls/ecg_classifier_ip/solution1/.autopilot/db/ecg_classifier_Pipeline_L1_IC_L1_K 
INFO: [HLS 200-10] ----------------------------------------------------------------
INFO: [HLS 200-10] -- Generating RTL for module 'ecg_classifier_Pipeline_L2_IC_L2_K' 
INFO: [HLS 200-10] ----------------------------------------------------------------
Execute       create_rtl_model ecg_classifier_Pipeline_L2_IC_L2_K -top_prefix ecg_classifier_ -sub_prefix ecg_classifier_ -mg_file C:/ecg_hls/ecg_classifier_ip/solution1/.autopilot/db/ecg_classifier_Pipeline_L2_IC_L2_K.compgen.tcl 
INFO: [HLS 200-1030] Apply Unified Pipeline Control on module 'ecg_classifier_Pipeline_L2_IC_L2_K' pipeline 'L2_IC_L2_K' pipeline type 'loop pipeline'
INFO: [RTGEN 206-100] Generating core module 'mul_23s_39ns_62_1_1': 2 instance(s).
INFO: [RTGEN 206-100] Generating core module 'mux_21_31_1_1': 10 instance(s).
INFO: [RTGEN 206-100] Generating core module 'mux_53_31_1_1': 1 instance(s).
INFO: [RTGEN 206-100] Finished creating RTL model for 'ecg_classifier_Pipeline_L2_IC_L2_K'.
INFO: [RTMG 210-279] Implementing memory 'ecg_classifier_ecg_classifier_Pipeline_L2_IC_L2_K_clf_w_L2_W_V_ROM_AUTO_1R' using auto ROMs.
Command       create_rtl_model done; 0.264 sec.
INFO: [HLS 200-111] Finished Creating RTL model: CPU user time: 1 seconds. CPU system time: 0 seconds. Elapsed time: 0.704 seconds; current allocated memory: 539.918 MB.
Execute       source C:/ecg_hls/ecg_classifier_ip/solution1/.autopilot/db/ecg_classifier.rtl_wrap.cfg.tcl 
Execute       gen_rtl ecg_classifier_Pipeline_L2_IC_L2_K -style xilinx -f -lang vhdl -o C:/ecg_hls/ecg_classifier_ip/solution1/syn/vhdl/ecg_classifier_ecg_classifier_Pipeline_L2_IC_L2_K 
Execute       gen_rtl ecg_classifier_Pipeline_L2_IC_L2_K -style xilinx -f -lang vlog -o C:/ecg_hls/ecg_classifier_ip/solution1/syn/verilog/ecg_classifier_ecg_classifier_Pipeline_L2_IC_L2_K 
Execute       syn_report -csynth -model ecg_classifier_Pipeline_L2_IC_L2_K -o C:/ecg_hls/ecg_classifier_ip/solution1/syn/report/ecg_classifier_Pipeline_L2_IC_L2_K_csynth.rpt 
Execute         AP::get_flow_target_display_name
Execute       syn_report -rtlxml -model ecg_classifier_Pipeline_L2_IC_L2_K -o C:/ecg_hls/ecg_classifier_ip/solution1/syn/report/ecg_classifier_Pipeline_L2_IC_L2_K_csynth.xml 
Execute       syn_report -verbosereport -model ecg_classifier_Pipeline_L2_IC_L2_K -o C:/ecg_hls/ecg_classifier_ip/solution1/.autopilot/db/ecg_classifier_Pipeline_L2_IC_L2_K.verbose.rpt 
Execute         AP::get_flow_target_display_name
Command       syn_report done; 0.187 sec.
Execute       db_write -model ecg_classifier_Pipeline_L2_IC_L2_K -f -o C:/ecg_hls/ecg_classifier_ip/solution1/.autopilot/db/ecg_classifier_Pipeline_L2_IC_L2_K.adb 
Execute       db_write -model ecg_classifier_Pipeline_L2_IC_L2_K -bindview -o C:/ecg_hls/ecg_classifier_ip/solution1/.autopilot/db/design.bindinfo.xml 
Execute       gen_tb_info ecg_classifier_Pipeline_L2_IC_L2_K -p C:/ecg_hls/ecg_classifier_ip/solution1/.autopilot/db -o C:/ecg_hls/ecg_classifier_ip/solution1/.autopilot/db/ecg_classifier_Pipeline_L2_IC_L2_K 
INFO: [HLS 200-10] ----------------------------------------------------------------
INFO: [HLS 200-10] -- Generating RTL for module 'ecg_classifier_Pipeline_GAP_INIT' 
INFO: [HLS 200-10] ----------------------------------------------------------------
Execute       create_rtl_model ecg_classifier_Pipeline_GAP_INIT -top_prefix ecg_classifier_ -sub_prefix ecg_classifier_ -mg_file C:/ecg_hls/ecg_classifier_ip/solution1/.autopilot/db/ecg_classifier_Pipeline_GAP_INIT.compgen.tcl 
INFO: [RTGEN 206-100] Finished creating RTL model for 'ecg_classifier_Pipeline_GAP_INIT'.
INFO: [HLS 200-111] Finished Creating RTL model: CPU user time: 0 seconds. CPU system time: 0 seconds. Elapsed time: 0.689 seconds; current allocated memory: 539.918 MB.
Execute       source C:/ecg_hls/ecg_classifier_ip/solution1/.autopilot/db/ecg_classifier.rtl_wrap.cfg.tcl 
Execute       gen_rtl ecg_classifier_Pipeline_GAP_INIT -style xilinx -f -lang vhdl -o C:/ecg_hls/ecg_classifier_ip/solution1/syn/vhdl/ecg_classifier_ecg_classifier_Pipeline_GAP_INIT 
Execute       gen_rtl ecg_classifier_Pipeline_GAP_INIT -style xilinx -f -lang vlog -o C:/ecg_hls/ecg_classifier_ip/solution1/syn/verilog/ecg_classifier_ecg_classifier_Pipeline_GAP_INIT 
Execute       syn_report -csynth -model ecg_classifier_Pipeline_GAP_INIT -o C:/ecg_hls/ecg_classifier_ip/solution1/syn/report/ecg_classifier_Pipeline_GAP_INIT_csynth.rpt 
Execute         AP::get_flow_target_display_name
Execute       syn_report -rtlxml -model ecg_classifier_Pipeline_GAP_INIT -o C:/ecg_hls/ecg_classifier_ip/solution1/syn/report/ecg_classifier_Pipeline_GAP_INIT_csynth.xml 
Execute       syn_report -verbosereport -model ecg_classifier_Pipeline_GAP_INIT -o C:/ecg_hls/ecg_classifier_ip/solution1/.autopilot/db/ecg_classifier_Pipeline_GAP_INIT.verbose.rpt 
Execute         AP::get_flow_target_display_name
Execute       db_write -model ecg_classifier_Pipeline_GAP_INIT -f -o C:/ecg_hls/ecg_classifier_ip/solution1/.autopilot/db/ecg_classifier_Pipeline_GAP_INIT.adb 
Execute       db_write -model ecg_classifier_Pipeline_GAP_INIT -bindview -o C:/ecg_hls/ecg_classifier_ip/solution1/.autopilot/db/design.bindinfo.xml 
Execute       gen_tb_info ecg_classifier_Pipeline_GAP_INIT -p C:/ecg_hls/ecg_classifier_ip/solution1/.autopilot/db -o C:/ecg_hls/ecg_classifier_ip/solution1/.autopilot/db/ecg_classifier_Pipeline_GAP_INIT 
INFO: [HLS 200-10] ----------------------------------------------------------------
INFO: [HLS 200-10] -- Generating RTL for module 'ecg_classifier_Pipeline_L3_IC_L3_K' 
INFO: [HLS 200-10] ----------------------------------------------------------------
Execute       create_rtl_model ecg_classifier_Pipeline_L3_IC_L3_K -top_prefix ecg_classifier_ -sub_prefix ecg_classifier_ -mg_file C:/ecg_hls/ecg_classifier_ip/solution1/.autopilot/db/ecg_classifier_Pipeline_L3_IC_L3_K.compgen.tcl 
INFO: [HLS 200-1030] Apply Unified Pipeline Control on module 'ecg_classifier_Pipeline_L3_IC_L3_K' pipeline 'L3_IC_L3_K' pipeline type 'loop pipeline'
INFO: [RTGEN 206-100] Generating core module 'mul_22s_31ns_53_1_1': 2 instance(s).
INFO: [RTGEN 206-100] Generating core module 'mux_21_15_1_1': 5 instance(s).
INFO: [RTGEN 206-100] Generating core module 'mux_53_15_1_1': 1 instance(s).
INFO: [RTGEN 206-100] Generating core module 'urem_32s_4ns_3_36_1': 1 instance(s).
INFO: [RTGEN 206-100] Finished creating RTL model for 'ecg_classifier_Pipeline_L3_IC_L3_K'.
INFO: [RTMG 210-279] Implementing memory 'ecg_classifier_ecg_classifier_Pipeline_L3_IC_L3_K_clf_w_L3_W_V_ROM_AUTO_1R' using auto ROMs.
Command       create_rtl_model done; 0.476 sec.
INFO: [HLS 200-111] Finished Creating RTL model: CPU user time: 1 seconds. CPU system time: 0 seconds. Elapsed time: 0.711 seconds; current allocated memory: 539.918 MB.
Execute       source C:/ecg_hls/ecg_classifier_ip/solution1/.autopilot/db/ecg_classifier.rtl_wrap.cfg.tcl 
Execute       gen_rtl ecg_classifier_Pipeline_L3_IC_L3_K -style xilinx -f -lang vhdl -o C:/ecg_hls/ecg_classifier_ip/solution1/syn/vhdl/ecg_classifier_ecg_classifier_Pipeline_L3_IC_L3_K 
Execute       gen_rtl ecg_classifier_Pipeline_L3_IC_L3_K -style xilinx -f -lang vlog -o C:/ecg_hls/ecg_classifier_ip/solution1/syn/verilog/ecg_classifier_ecg_classifier_Pipeline_L3_IC_L3_K 
Execute       syn_report -csynth -model ecg_classifier_Pipeline_L3_IC_L3_K -o C:/ecg_hls/ecg_classifier_ip/solution1/syn/report/ecg_classifier_Pipeline_L3_IC_L3_K_csynth.rpt 
Execute         AP::get_flow_target_display_name
Command       syn_report done; 0.12 sec.
Execute       syn_report -rtlxml -model ecg_classifier_Pipeline_L3_IC_L3_K -o C:/ecg_hls/ecg_classifier_ip/solution1/syn/report/ecg_classifier_Pipeline_L3_IC_L3_K_csynth.xml 
Execute       syn_report -verbosereport -model ecg_classifier_Pipeline_L3_IC_L3_K -o C:/ecg_hls/ecg_classifier_ip/solution1/.autopilot/db/ecg_classifier_Pipeline_L3_IC_L3_K.verbose.rpt 
Execute         AP::get_flow_target_display_name
Command       syn_report done; 0.241 sec.
Execute       db_write -model ecg_classifier_Pipeline_L3_IC_L3_K -f -o C:/ecg_hls/ecg_classifier_ip/solution1/.autopilot/db/ecg_classifier_Pipeline_L3_IC_L3_K.adb 
Execute       db_write -model ecg_classifier_Pipeline_L3_IC_L3_K -bindview -o C:/ecg_hls/ecg_classifier_ip/solution1/.autopilot/db/design.bindinfo.xml 
Execute       gen_tb_info ecg_classifier_Pipeline_L3_IC_L3_K -p C:/ecg_hls/ecg_classifier_ip/solution1/.autopilot/db -o C:/ecg_hls/ecg_classifier_ip/solution1/.autopilot/db/ecg_classifier_Pipeline_L3_IC_L3_K 
INFO: [HLS 200-10] ----------------------------------------------------------------
INFO: [HLS 200-10] -- Generating RTL for module 'ecg_classifier_Pipeline_L4_IC_L4_K' 
INFO: [HLS 200-10] ----------------------------------------------------------------
Execute       create_rtl_model ecg_classifier_Pipeline_L4_IC_L4_K -top_prefix ecg_classifier_ -sub_prefix ecg_classifier_ -mg_file C:/ecg_hls/ecg_classifier_ip/solution1/.autopilot/db/ecg_classifier_Pipeline_L4_IC_L4_K.compgen.tcl 
INFO: [HLS 200-1030] Apply Unified Pipeline Control on module 'ecg_classifier_Pipeline_L4_IC_L4_K' pipeline 'L4_IC_L4_K' pipeline type 'loop pipeline'
INFO: [RTGEN 206-100] Generating core module 'mul_22s_39ns_61_1_1': 2 instance(s).
INFO: [RTGEN 206-100] Generating core module 'mux_21_31_1_1': 6 instance(s).
INFO: [RTGEN 206-100] Generating core module 'mux_32_31_1_1': 1 instance(s).
INFO: [RTGEN 206-100] Finished creating RTL model for 'ecg_classifier_Pipeline_L4_IC_L4_K'.
INFO: [RTMG 210-279] Implementing memory 'ecg_classifier_ecg_classifier_Pipeline_L4_IC_L4_K_clf_w_L4_W_V_ROM_AUTO_1R' using auto ROMs.
Command       create_rtl_model done; 0.338 sec.
INFO: [HLS 200-111] Finished Creating RTL model: CPU user time: 0 seconds. CPU system time: 0 seconds. Elapsed time: 1.09 seconds; current allocated memory: 539.918 MB.
Execute       source C:/ecg_hls/ecg_classifier_ip/solution1/.autopilot/db/ecg_classifier.rtl_wrap.cfg.tcl 
Execute       gen_rtl ecg_classifier_Pipeline_L4_IC_L4_K -style xilinx -f -lang vhdl -o C:/ecg_hls/ecg_classifier_ip/solution1/syn/vhdl/ecg_classifier_ecg_classifier_Pipeline_L4_IC_L4_K 
Execute       gen_rtl ecg_classifier_Pipeline_L4_IC_L4_K -style xilinx -f -lang vlog -o C:/ecg_hls/ecg_classifier_ip/solution1/syn/verilog/ecg_classifier_ecg_classifier_Pipeline_L4_IC_L4_K 
Execute       syn_report -csynth -model ecg_classifier_Pipeline_L4_IC_L4_K -o C:/ecg_hls/ecg_classifier_ip/solution1/syn/report/ecg_classifier_Pipeline_L4_IC_L4_K_csynth.rpt 
Execute         AP::get_flow_target_display_name
Execute       syn_report -rtlxml -model ecg_classifier_Pipeline_L4_IC_L4_K -o C:/ecg_hls/ecg_classifier_ip/solution1/syn/report/ecg_classifier_Pipeline_L4_IC_L4_K_csynth.xml 
Execute       syn_report -verbosereport -model ecg_classifier_Pipeline_L4_IC_L4_K -o C:/ecg_hls/ecg_classifier_ip/solution1/.autopilot/db/ecg_classifier_Pipeline_L4_IC_L4_K.verbose.rpt 
Execute         AP::get_flow_target_display_name
Command       syn_report done; 0.183 sec.
Execute       db_write -model ecg_classifier_Pipeline_L4_IC_L4_K -f -o C:/ecg_hls/ecg_classifier_ip/solution1/.autopilot/db/ecg_classifier_Pipeline_L4_IC_L4_K.adb 
Execute       db_write -model ecg_classifier_Pipeline_L4_IC_L4_K -bindview -o C:/ecg_hls/ecg_classifier_ip/solution1/.autopilot/db/design.bindinfo.xml 
Execute       gen_tb_info ecg_classifier_Pipeline_L4_IC_L4_K -p C:/ecg_hls/ecg_classifier_ip/solution1/.autopilot/db -o C:/ecg_hls/ecg_classifier_ip/solution1/.autopilot/db/ecg_classifier_Pipeline_L4_IC_L4_K 
INFO: [HLS 200-10] ----------------------------------------------------------------
INFO: [HLS 200-10] -- Generating RTL for module 'ecg_classifier_Pipeline_GAP_NORM' 
INFO: [HLS 200-10] ----------------------------------------------------------------
Execute       create_rtl_model ecg_classifier_Pipeline_GAP_NORM -top_prefix ecg_classifier_ -sub_prefix ecg_classifier_ -mg_file C:/ecg_hls/ecg_classifier_ip/solution1/.autopilot/db/ecg_classifier_Pipeline_GAP_NORM.compgen.tcl 
INFO: [HLS 200-1030] Apply Unified Pipeline Control on module 'ecg_classifier_Pipeline_GAP_NORM' pipeline 'GAP_NORM' pipeline type 'loop pipeline'
INFO: [RTGEN 206-100] Generating core module 'mul_32s_12ns_44_1_1': 1 instance(s).
INFO: [RTGEN 206-100] Generating core module 'mux_21_32_1_1': 1 instance(s).
INFO: [RTGEN 206-100] Finished creating RTL model for 'ecg_classifier_Pipeline_GAP_NORM'.
Command       create_rtl_model done; 0.112 sec.
INFO: [HLS 200-111] Finished Creating RTL model: CPU user time: 1 seconds. CPU system time: 1 seconds. Elapsed time: 0.727 seconds; current allocated memory: 539.918 MB.
Execute       source C:/ecg_hls/ecg_classifier_ip/solution1/.autopilot/db/ecg_classifier.rtl_wrap.cfg.tcl 
Execute       gen_rtl ecg_classifier_Pipeline_GAP_NORM -style xilinx -f -lang vhdl -o C:/ecg_hls/ecg_classifier_ip/solution1/syn/vhdl/ecg_classifier_ecg_classifier_Pipeline_GAP_NORM 
Execute       gen_rtl ecg_classifier_Pipeline_GAP_NORM -style xilinx -f -lang vlog -o C:/ecg_hls/ecg_classifier_ip/solution1/syn/verilog/ecg_classifier_ecg_classifier_Pipeline_GAP_NORM 
Execute       syn_report -csynth -model ecg_classifier_Pipeline_GAP_NORM -o C:/ecg_hls/ecg_classifier_ip/solution1/syn/report/ecg_classifier_Pipeline_GAP_NORM_csynth.rpt 
Execute         AP::get_flow_target_display_name
Execute       syn_report -rtlxml -model ecg_classifier_Pipeline_GAP_NORM -o C:/ecg_hls/ecg_classifier_ip/solution1/syn/report/ecg_classifier_Pipeline_GAP_NORM_csynth.xml 
Execute       syn_report -verbosereport -model ecg_classifier_Pipeline_GAP_NORM -o C:/ecg_hls/ecg_classifier_ip/solution1/.autopilot/db/ecg_classifier_Pipeline_GAP_NORM.verbose.rpt 
Execute         AP::get_flow_target_display_name
Execute       db_write -model ecg_classifier_Pipeline_GAP_NORM -f -o C:/ecg_hls/ecg_classifier_ip/solution1/.autopilot/db/ecg_classifier_Pipeline_GAP_NORM.adb 
Execute       db_write -model ecg_classifier_Pipeline_GAP_NORM -bindview -o C:/ecg_hls/ecg_classifier_ip/solution1/.autopilot/db/design.bindinfo.xml 
Execute       gen_tb_info ecg_classifier_Pipeline_GAP_NORM -p C:/ecg_hls/ecg_classifier_ip/solution1/.autopilot/db -o C:/ecg_hls/ecg_classifier_ip/solution1/.autopilot/db/ecg_classifier_Pipeline_GAP_NORM 
INFO: [HLS 200-10] ----------------------------------------------------------------
INFO: [HLS 200-10] -- Generating RTL for module 'ecg_classifier_Pipeline_D0_IC' 
INFO: [HLS 200-10] ----------------------------------------------------------------
Execute       create_rtl_model ecg_classifier_Pipeline_D0_IC -top_prefix ecg_classifier_ -sub_prefix ecg_classifier_ -mg_file C:/ecg_hls/ecg_classifier_ip/solution1/.autopilot/db/ecg_classifier_Pipeline_D0_IC.compgen.tcl 
INFO: [HLS 200-1030] Apply Unified Pipeline Control on module 'ecg_classifier_Pipeline_D0_IC' pipeline 'D0_IC' pipeline type 'loop pipeline'
INFO: [RTGEN 206-100] Generating core module 'mul_24s_40s_63_1_1': 1 instance(s).
INFO: [RTGEN 206-100] Generating core module 'mux_21_32_1_1': 1 instance(s).
INFO: [RTGEN 206-100] Finished creating RTL model for 'ecg_classifier_Pipeline_D0_IC'.
INFO: [RTMG 210-279] Implementing memory 'ecg_classifier_ecg_classifier_Pipeline_D0_IC_clf_w_L5_W_V_ROM_AUTO_1R' using auto ROMs.
Command       create_rtl_model done; 0.213 sec.
INFO: [HLS 200-111] Finished Creating RTL model: CPU user time: 0 seconds. CPU system time: 0 seconds. Elapsed time: 0.604 seconds; current allocated memory: 539.918 MB.
Execute       source C:/ecg_hls/ecg_classifier_ip/solution1/.autopilot/db/ecg_classifier.rtl_wrap.cfg.tcl 
Execute       gen_rtl ecg_classifier_Pipeline_D0_IC -style xilinx -f -lang vhdl -o C:/ecg_hls/ecg_classifier_ip/solution1/syn/vhdl/ecg_classifier_ecg_classifier_Pipeline_D0_IC 
Execute       gen_rtl ecg_classifier_Pipeline_D0_IC -style xilinx -f -lang vlog -o C:/ecg_hls/ecg_classifier_ip/solution1/syn/verilog/ecg_classifier_ecg_classifier_Pipeline_D0_IC 
Execute       syn_report -csynth -model ecg_classifier_Pipeline_D0_IC -o C:/ecg_hls/ecg_classifier_ip/solution1/syn/report/ecg_classifier_Pipeline_D0_IC_csynth.rpt 
Execute         AP::get_flow_target_display_name
Execute       syn_report -rtlxml -model ecg_classifier_Pipeline_D0_IC -o C:/ecg_hls/ecg_classifier_ip/solution1/syn/report/ecg_classifier_Pipeline_D0_IC_csynth.xml 
Execute       syn_report -verbosereport -model ecg_classifier_Pipeline_D0_IC -o C:/ecg_hls/ecg_classifier_ip/solution1/.autopilot/db/ecg_classifier_Pipeline_D0_IC.verbose.rpt 
Execute         AP::get_flow_target_display_name
Execute       db_write -model ecg_classifier_Pipeline_D0_IC -f -o C:/ecg_hls/ecg_classifier_ip/solution1/.autopilot/db/ecg_classifier_Pipeline_D0_IC.adb 
Execute       db_write -model ecg_classifier_Pipeline_D0_IC -bindview -o C:/ecg_hls/ecg_classifier_ip/solution1/.autopilot/db/design.bindinfo.xml 
Execute       gen_tb_info ecg_classifier_Pipeline_D0_IC -p C:/ecg_hls/ecg_classifier_ip/solution1/.autopilot/db -o C:/ecg_hls/ecg_classifier_ip/solution1/.autopilot/db/ecg_classifier_Pipeline_D0_IC 
INFO: [HLS 200-10] ----------------------------------------------------------------
INFO: [HLS 200-10] -- Generating RTL for module 'ecg_classifier_Pipeline_D1_IC' 
INFO: [HLS 200-10] ----------------------------------------------------------------
Execute       create_rtl_model ecg_classifier_Pipeline_D1_IC -top_prefix ecg_classifier_ -sub_prefix ecg_classifier_ -mg_file C:/ecg_hls/ecg_classifier_ip/solution1/.autopilot/db/ecg_classifier_Pipeline_D1_IC.compgen.tcl 
INFO: [HLS 200-1030] Apply Unified Pipeline Control on module 'ecg_classifier_Pipeline_D1_IC' pipeline 'D1_IC' pipeline type 'loop pipeline'
INFO: [RTGEN 206-100] Generating core module 'mul_24s_39ns_63_1_1': 1 instance(s).
INFO: [RTGEN 206-100] Generating core module 'mux_21_31_1_1': 1 instance(s).
INFO: [RTGEN 206-100] Finished creating RTL model for 'ecg_classifier_Pipeline_D1_IC'.
INFO: [RTMG 210-279] Implementing memory 'ecg_classifier_ecg_classifier_Pipeline_D1_IC_clf_w_L6_W_V_ROM_AUTO_1R' using auto ROMs.
Command       create_rtl_model done; 0.188 sec.
INFO: [HLS 200-111] Finished Creating RTL model: CPU user time: 1 seconds. CPU system time: 0 seconds. Elapsed time: 0.556 seconds; current allocated memory: 539.918 MB.
Execute       source C:/ecg_hls/ecg_classifier_ip/solution1/.autopilot/db/ecg_classifier.rtl_wrap.cfg.tcl 
Execute       gen_rtl ecg_classifier_Pipeline_D1_IC -style xilinx -f -lang vhdl -o C:/ecg_hls/ecg_classifier_ip/solution1/syn/vhdl/ecg_classifier_ecg_classifier_Pipeline_D1_IC 
Execute       gen_rtl ecg_classifier_Pipeline_D1_IC -style xilinx -f -lang vlog -o C:/ecg_hls/ecg_classifier_ip/solution1/syn/verilog/ecg_classifier_ecg_classifier_Pipeline_D1_IC 
Execute       syn_report -csynth -model ecg_classifier_Pipeline_D1_IC -o C:/ecg_hls/ecg_classifier_ip/solution1/syn/report/ecg_classifier_Pipeline_D1_IC_csynth.rpt 
Execute         AP::get_flow_target_display_name
Execute       syn_report -rtlxml -model ecg_classifier_Pipeline_D1_IC -o C:/ecg_hls/ecg_classifier_ip/solution1/syn/report/ecg_classifier_Pipeline_D1_IC_csynth.xml 
Execute       syn_report -verbosereport -model ecg_classifier_Pipeline_D1_IC -o C:/ecg_hls/ecg_classifier_ip/solution1/.autopilot/db/ecg_classifier_Pipeline_D1_IC.verbose.rpt 
Execute         AP::get_flow_target_display_name
Execute       db_write -model ecg_classifier_Pipeline_D1_IC -f -o C:/ecg_hls/ecg_classifier_ip/solution1/.autopilot/db/ecg_classifier_Pipeline_D1_IC.adb 
Execute       db_write -model ecg_classifier_Pipeline_D1_IC -bindview -o C:/ecg_hls/ecg_classifier_ip/solution1/.autopilot/db/design.bindinfo.xml 
Execute       gen_tb_info ecg_classifier_Pipeline_D1_IC -p C:/ecg_hls/ecg_classifier_ip/solution1/.autopilot/db -o C:/ecg_hls/ecg_classifier_ip/solution1/.autopilot/db/ecg_classifier_Pipeline_D1_IC 
INFO: [HLS 200-10] ----------------------------------------------------------------
INFO: [HLS 200-10] -- Generating RTL for module 'ecg_classifier_Pipeline_WRITE_OUTPUT' 
INFO: [HLS 200-10] ----------------------------------------------------------------
Execute       create_rtl_model ecg_classifier_Pipeline_WRITE_OUTPUT -top_prefix ecg_classifier_ -sub_prefix ecg_classifier_ -mg_file C:/ecg_hls/ecg_classifier_ip/solution1/.autopilot/db/ecg_classifier_Pipeline_WRITE_OUTPUT.compgen.tcl 
INFO: [HLS 200-1030] Apply Unified Pipeline Control on module 'ecg_classifier_Pipeline_WRITE_OUTPUT' pipeline 'WRITE_OUTPUT' pipeline type 'loop pipeline'
INFO: [RTGEN 206-100] Generating core module 'fdiv_32ns_32ns_32_10_no_dsp_1': 1 instance(s).
INFO: [RTGEN 206-100] Finished creating RTL model for 'ecg_classifier_Pipeline_WRITE_OUTPUT'.
Command       create_rtl_model done; 0.118 sec.
INFO: [HLS 200-111] Finished Creating RTL model: CPU user time: 0 seconds. CPU system time: 0 seconds. Elapsed time: 0.462 seconds; current allocated memory: 539.918 MB.
Execute       source C:/ecg_hls/ecg_classifier_ip/solution1/.autopilot/db/ecg_classifier.rtl_wrap.cfg.tcl 
Execute       gen_rtl ecg_classifier_Pipeline_WRITE_OUTPUT -style xilinx -f -lang vhdl -o C:/ecg_hls/ecg_classifier_ip/solution1/syn/vhdl/ecg_classifier_ecg_classifier_Pipeline_WRITE_OUTPUT 
Execute       gen_rtl ecg_classifier_Pipeline_WRITE_OUTPUT -style xilinx -f -lang vlog -o C:/ecg_hls/ecg_classifier_ip/solution1/syn/verilog/ecg_classifier_ecg_classifier_Pipeline_WRITE_OUTPUT 
Execute       syn_report -csynth -model ecg_classifier_Pipeline_WRITE_OUTPUT -o C:/ecg_hls/ecg_classifier_ip/solution1/syn/report/ecg_classifier_Pipeline_WRITE_OUTPUT_csynth.rpt 
Execute         AP::get_flow_target_display_name
Execute       syn_report -rtlxml -model ecg_classifier_Pipeline_WRITE_OUTPUT -o C:/ecg_hls/ecg_classifier_ip/solution1/syn/report/ecg_classifier_Pipeline_WRITE_OUTPUT_csynth.xml 
Execute       syn_report -verbosereport -model ecg_classifier_Pipeline_WRITE_OUTPUT -o C:/ecg_hls/ecg_classifier_ip/solution1/.autopilot/db/ecg_classifier_Pipeline_WRITE_OUTPUT.verbose.rpt 
Execute         AP::get_flow_target_display_name
Execute       db_write -model ecg_classifier_Pipeline_WRITE_OUTPUT -f -o C:/ecg_hls/ecg_classifier_ip/solution1/.autopilot/db/ecg_classifier_Pipeline_WRITE_OUTPUT.adb 
Execute       db_write -model ecg_classifier_Pipeline_WRITE_OUTPUT -bindview -o C:/ecg_hls/ecg_classifier_ip/solution1/.autopilot/db/design.bindinfo.xml 
Execute       gen_tb_info ecg_classifier_Pipeline_WRITE_OUTPUT -p C:/ecg_hls/ecg_classifier_ip/solution1/.autopilot/db -o C:/ecg_hls/ecg_classifier_ip/solution1/.autopilot/db/ecg_classifier_Pipeline_WRITE_OUTPUT 
INFO: [HLS 200-10] ----------------------------------------------------------------
INFO: [HLS 200-10] -- Generating RTL for module 'ecg_classifier' 
INFO: [HLS 200-10] ----------------------------------------------------------------
Execute       create_rtl_model ecg_classifier -top_prefix  -sub_prefix ecg_classifier_ -mg_file C:/ecg_hls/ecg_classifier_ip/solution1/.autopilot/db/ecg_classifier.compgen.tcl 
WARNING: [RTGEN 206-101] Design contains AXI ports. Reset is fixed to synchronous and active low.
INFO: [RTGEN 206-500] Setting interface mode on port 'ecg_classifier/in_stream_V_data_V' to 'axis' (register, both mode).
INFO: [RTGEN 206-500] Setting interface mode on port 'ecg_classifier/in_stream_V_keep_V' to 'axis' (register, both mode).
INFO: [RTGEN 206-500] Setting interface mode on port 'ecg_classifier/in_stream_V_strb_V' to 'axis' (register, both mode).
INFO: [RTGEN 206-500] Setting interface mode on port 'ecg_classifier/in_stream_V_user_V' to 'axis' (register, both mode).
INFO: [RTGEN 206-500] Setting interface mode on port 'ecg_classifier/in_stream_V_last_V' to 'axis' (register, both mode).
INFO: [RTGEN 206-500] Setting interface mode on port 'ecg_classifier/in_stream_V_id_V' to 'axis' (register, both mode).
INFO: [RTGEN 206-500] Setting interface mode on port 'ecg_classifier/in_stream_V_dest_V' to 'axis' (register, both mode).
INFO: [RTGEN 206-500] Setting interface mode on port 'ecg_classifier/out_stream_V_data_V' to 'axis' (register, both mode).
INFO: [RTGEN 206-500] Setting interface mode on port 'ecg_classifier/out_stream_V_keep_V' to 'axis' (register, both mode).
INFO: [RTGEN 206-500] Setting interface mode on port 'ecg_classifier/out_stream_V_strb_V' to 'axis' (register, both mode).
INFO: [RTGEN 206-500] Setting interface mode on port 'ecg_classifier/out_stream_V_user_V' to 'axis' (register, both mode).
INFO: [RTGEN 206-500] Setting interface mode on port 'ecg_classifier/out_stream_V_last_V' to 'axis' (register, both mode).
INFO: [RTGEN 206-500] Setting interface mode on port 'ecg_classifier/out_stream_V_id_V' to 'axis' (register, both mode).
INFO: [RTGEN 206-500] Setting interface mode on port 'ecg_classifier/out_stream_V_dest_V' to 'axis' (register, both mode).
INFO: [RTGEN 206-500] Setting interface mode on function 'ecg_classifier' to 'ap_ctrl_hs'.
INFO: [RTGEN 206-104] Estimated max fanout for 'ecg_classifier' is 12343 from HDL expression: (1'b1 == ap_CS_fsm_state130)
INFO: [RTGEN 206-100] Generating core module 'fadd_32ns_32ns_32_4_full_dsp_1': 1 instance(s).
INFO: [RTGEN 206-100] Generating core module 'fcmp_32ns_32ns_1_2_no_dsp_1': 1 instance(s).
INFO: [RTGEN 206-100] Generating core module 'fexp_32ns_32ns_32_8_full_dsp_1': 2 instance(s).
INFO: [RTGEN 206-100] Generating core module 'fpext_32ns_64_2_no_dsp_1': 1 instance(s).
INFO: [RTGEN 206-100] Generating core module 'fsqrt_32ns_32ns_32_10_no_dsp_1': 1 instance(s).
INFO: [RTGEN 206-100] Generating core module 'mul_48s_10ns_56_1_1': 2 instance(s).
INFO: [RTGEN 206-100] Generating core module 'sdiv_34ns_32s_32_38_seq_1': 1 instance(s).
INFO: [RTGEN 206-100] Finished creating RTL model for 'ecg_classifier'.
INFO: [RTMG 210-279] Implementing memory 'ecg_classifier_clf_w_L0_b_V_ROM_AUTO_1R' using auto ROMs.
INFO: [RTMG 210-279] Implementing memory 'ecg_classifier_clf_w_L1_b_V_ROM_AUTO_1R' using auto ROMs.
INFO: [RTMG 210-279] Implementing memory 'ecg_classifier_clf_w_L2_b_V_ROM_AUTO_1R' using auto ROMs.
INFO: [RTMG 210-279] Implementing memory 'ecg_classifier_clf_w_L3_b_V_ROM_AUTO_1R' using auto ROMs.
INFO: [RTMG 210-279] Implementing memory 'ecg_classifier_clf_w_L4_b_V_ROM_AUTO_1R' using auto ROMs.
INFO: [RTMG 210-279] Implementing memory 'ecg_classifier_clf_w_L5_b_V_ROM_AUTO_1R' using auto ROMs.
INFO: [RTMG 210-279] Implementing memory 'ecg_classifier_clf_w_L6_b_V_ROM_AUTO_1R' using auto ROMs.
INFO: [RTMG 210-278] Implementing memory 'ecg_classifier_input_buf_V_RAM_1P_LUTRAM_1R1W' using distributed RAMs.
INFO: [RTMG 210-278] Implementing memory 'ecg_classifier_buf2_circ_V_RAM_AUTO_1R1W' using auto RAMs.
INFO: [RTMG 210-278] Implementing memory 'ecg_classifier_gap_buf_V_RAM_1P_LUTRAM_1R1W' using distributed RAMs.
INFO: [RTMG 210-278] Implementing memory 'ecg_classifier_dense0_buf_V_RAM_1P_LUTRAM_1R1W' using distributed RAMs.
INFO: [RTMG 210-278] Implementing memory 'ecg_classifier_win0_V_RAM_AUTO_1R1W' using auto RAMs.
INFO: [RTMG 210-278] Implementing memory 'ecg_classifier_win0_V_1_RAM_AUTO_1R1W' using auto RAMs.
INFO: [RTMG 210-278] Implementing memory 'ecg_classifier_win0_V_6_RAM_AUTO_1R1W' using auto RAMs.
INFO: [RTMG 210-278] Implementing memory 'ecg_classifier_win01_V_RAM_AUTO_1R1W' using auto RAMs.
INFO: [RTMG 210-278] Implementing memory 'ecg_classifier_win01_V_2_RAM_AUTO_1R1W' using auto RAMs.
INFO: [RTMG 210-278] Implementing memory 'ecg_classifier_l1_out_V_RAM_AUTO_1R1W' using auto RAMs.
INFO: [RTMG 210-278] Implementing memory 'ecg_classifier_l3_out_V_RAM_AUTO_1R1W' using auto RAMs.
Command       create_rtl_model done; 4.152 sec.
INFO: [HLS 200-111] Finished Creating RTL model: CPU user time: 3 seconds. CPU system time: 0 seconds. Elapsed time: 4.461 seconds; current allocated memory: 556.684 MB.
Execute       source C:/ecg_hls/ecg_classifier_ip/solution1/.autopilot/db/ecg_classifier.rtl_wrap.cfg.tcl 
Execute       gen_rtl ecg_classifier -istop -style xilinx -f -lang vhdl -o C:/ecg_hls/ecg_classifier_ip/solution1/syn/vhdl/ecg_classifier 
Command       gen_rtl done; 1.782 sec.
Execute       gen_rtl ecg_classifier -istop -style xilinx -f -lang vlog -o C:/ecg_hls/ecg_classifier_ip/solution1/syn/verilog/ecg_classifier 
Command       gen_rtl done; 0.855 sec.
Execute       syn_report -csynth -model ecg_classifier -o C:/ecg_hls/ecg_classifier_ip/solution1/syn/report/ecg_classifier_csynth.rpt 
Execute         AP::get_flow_target_display_name
Command       syn_report done; 0.88 sec.
Execute       syn_report -rtlxml -model ecg_classifier -o C:/ecg_hls/ecg_classifier_ip/solution1/syn/report/ecg_classifier_csynth.xml 
Command       syn_report done; 0.817 sec.
Execute       syn_report -verbosereport -model ecg_classifier -o C:/ecg_hls/ecg_classifier_ip/solution1/.autopilot/db/ecg_classifier.verbose.rpt 
Execute         AP::get_flow_target_display_name
Command       syn_report done; 6.658 sec.
Execute       db_write -model ecg_classifier -f -o C:/ecg_hls/ecg_classifier_ip/solution1/.autopilot/db/ecg_classifier.adb 
Command       db_write done; 2.946 sec.
Execute       db_write -model ecg_classifier -bindview -o C:/ecg_hls/ecg_classifier_ip/solution1/.autopilot/db/design.bindinfo.xml 
Command       db_write done; 0.171 sec.
Execute       gen_tb_info ecg_classifier -p C:/ecg_hls/ecg_classifier_ip/solution1/.autopilot/db -o C:/ecg_hls/ecg_classifier_ip/solution1/.autopilot/db/ecg_classifier 
Execute       export_constraint_db -f -tool general -o C:/ecg_hls/ecg_classifier_ip/solution1/.autopilot/db/ecg_classifier.constraint.tcl 
Execute       syn_report -designview -model ecg_classifier -o C:/ecg_hls/ecg_classifier_ip/solution1/.autopilot/db/ecg_classifier.design.xml 
Command       syn_report done; 2.422 sec.
Execute       syn_report -csynthDesign -model ecg_classifier -o C:/ecg_hls/ecg_classifier_ip/solution1/syn/report/csynth.rpt 
Execute         AP::get_flow_target_display_name
Execute       syn_report -wcfg -model ecg_classifier -o C:/ecg_hls/ecg_classifier_ip/solution1/.autopilot/db/ecg_classifier_dataflow_ana.wcfg 
Execute       syn_report -protoinst -model ecg_classifier -o C:/ecg_hls/ecg_classifier_ip/solution1/.autopilot/db/ecg_classifier.protoinst 
Execute       sc_get_clocks ecg_classifier 
Execute       sc_get_portdomain ecg_classifier 
INFO-FLOW: Model list for RTL component generation: ecg_classifier_Pipeline_READ_INPUT ecg_classifier_Pipeline_ZNORM_MEAN ecg_classifier_Pipeline_ZNORM_VAR ecg_classifier_Pipeline_ZNORM_APPLY ecg_classifier_Pipeline_L0_K_FILL ecg_classifier_Pipeline_L1_IC_L1_K ecg_classifier_Pipeline_L2_IC_L2_K ecg_classifier_Pipeline_GAP_INIT ecg_classifier_Pipeline_L3_IC_L3_K ecg_classifier_Pipeline_L4_IC_L4_K ecg_classifier_Pipeline_GAP_NORM ecg_classifier_Pipeline_D0_IC ecg_classifier_Pipeline_D1_IC ecg_classifier_Pipeline_WRITE_OUTPUT ecg_classifier
INFO-FLOW: Handling components in module [ecg_classifier_Pipeline_READ_INPUT] ... 
Execute       source C:/ecg_hls/ecg_classifier_ip/solution1/.autopilot/db/ecg_classifier_Pipeline_READ_INPUT.compgen.tcl 
INFO-FLOW: Found component ecg_classifier_flow_control_loop_pipe_sequential_init.
INFO-FLOW: Append model ecg_classifier_flow_control_loop_pipe_sequential_init
INFO-FLOW: Handling components in module [ecg_classifier_Pipeline_ZNORM_MEAN] ... 
Execute       source C:/ecg_hls/ecg_classifier_ip/solution1/.autopilot/db/ecg_classifier_Pipeline_ZNORM_MEAN.compgen.tcl 
INFO-FLOW: Found component ecg_classifier_mux_21_32_1_1.
INFO-FLOW: Append model ecg_classifier_mux_21_32_1_1
INFO-FLOW: Found component ecg_classifier_flow_control_loop_pipe_sequential_init.
INFO-FLOW: Append model ecg_classifier_flow_control_loop_pipe_sequential_init
INFO-FLOW: Handling components in module [ecg_classifier_Pipeline_ZNORM_VAR] ... 
Execute       source C:/ecg_hls/ecg_classifier_ip/solution1/.autopilot/db/ecg_classifier_Pipeline_ZNORM_VAR.compgen.tcl 
INFO-FLOW: Found component ecg_classifier_mul_40s_40s_72_1_1.
INFO-FLOW: Append model ecg_classifier_mul_40s_40s_72_1_1
INFO-FLOW: Found component ecg_classifier_flow_control_loop_pipe_sequential_init.
INFO-FLOW: Append model ecg_classifier_flow_control_loop_pipe_sequential_init
INFO-FLOW: Handling components in module [ecg_classifier_Pipeline_ZNORM_APPLY] ... 
Execute       source C:/ecg_hls/ecg_classifier_ip/solution1/.autopilot/db/ecg_classifier_Pipeline_ZNORM_APPLY.compgen.tcl 
INFO-FLOW: Found component ecg_classifier_mul_33s_32s_48_1_1.
INFO-FLOW: Append model ecg_classifier_mul_33s_32s_48_1_1
INFO-FLOW: Found component ecg_classifier_flow_control_loop_pipe_sequential_init.
INFO-FLOW: Append model ecg_classifier_flow_control_loop_pipe_sequential_init
INFO-FLOW: Handling components in module [ecg_classifier_Pipeline_L0_K_FILL] ... 
Execute       source C:/ecg_hls/ecg_classifier_ip/solution1/.autopilot/db/ecg_classifier_Pipeline_L0_K_FILL.compgen.tcl 
INFO-FLOW: Found component ecg_classifier_mul_27s_40s_66_1_1.
INFO-FLOW: Append model ecg_classifier_mul_27s_40s_66_1_1
INFO-FLOW: Found component ecg_classifier_ecg_classifier_Pipeline_L0_K_FILL_L0_W_V_0_ROM_AUTO_1R.
INFO-FLOW: Append model ecg_classifier_ecg_classifier_Pipeline_L0_K_FILL_L0_W_V_0_ROM_AUTO_1R
INFO-FLOW: Found component ecg_classifier_flow_control_loop_pipe_sequential_init.
INFO-FLOW: Append model ecg_classifier_flow_control_loop_pipe_sequential_init
INFO-FLOW: Handling components in module [ecg_classifier_Pipeline_L1_IC_L1_K] ... 
Execute       source C:/ecg_hls/ecg_classifier_ip/solution1/.autopilot/db/ecg_classifier_Pipeline_L1_IC_L1_K.compgen.tcl 
INFO-FLOW: Found component ecg_classifier_mux_73_32_1_1.
INFO-FLOW: Append model ecg_classifier_mux_73_32_1_1
INFO-FLOW: Found component ecg_classifier_mul_23s_40s_62_1_1.
INFO-FLOW: Append model ecg_classifier_mul_23s_40s_62_1_1
INFO-FLOW: Found component ecg_classifier_ecg_classifier_Pipeline_L1_IC_L1_K_clf_w_L1_W_V_ROM_AUTO_1R.
INFO-FLOW: Append model ecg_classifier_ecg_classifier_Pipeline_L1_IC_L1_K_clf_w_L1_W_V_ROM_AUTO_1R
INFO-FLOW: Found component ecg_classifier_flow_control_loop_pipe_sequential_init.
INFO-FLOW: Append model ecg_classifier_flow_control_loop_pipe_sequential_init
INFO-FLOW: Handling components in module [ecg_classifier_Pipeline_L2_IC_L2_K] ... 
Execute       source C:/ecg_hls/ecg_classifier_ip/solution1/.autopilot/db/ecg_classifier_Pipeline_L2_IC_L2_K.compgen.tcl 
INFO-FLOW: Found component ecg_classifier_mux_21_31_1_1.
INFO-FLOW: Append model ecg_classifier_mux_21_31_1_1
INFO-FLOW: Found component ecg_classifier_mux_53_31_1_1.
INFO-FLOW: Append model ecg_classifier_mux_53_31_1_1
INFO-FLOW: Found component ecg_classifier_mul_23s_39ns_62_1_1.
INFO-FLOW: Append model ecg_classifier_mul_23s_39ns_62_1_1
INFO-FLOW: Found component ecg_classifier_ecg_classifier_Pipeline_L2_IC_L2_K_clf_w_L2_W_V_ROM_AUTO_1R.
INFO-FLOW: Append model ecg_classifier_ecg_classifier_Pipeline_L2_IC_L2_K_clf_w_L2_W_V_ROM_AUTO_1R
INFO-FLOW: Found component ecg_classifier_flow_control_loop_pipe_sequential_init.
INFO-FLOW: Append model ecg_classifier_flow_control_loop_pipe_sequential_init
INFO-FLOW: Handling components in module [ecg_classifier_Pipeline_GAP_INIT] ... 
Execute       source C:/ecg_hls/ecg_classifier_ip/solution1/.autopilot/db/ecg_classifier_Pipeline_GAP_INIT.compgen.tcl 
INFO-FLOW: Found component ecg_classifier_flow_control_loop_pipe_sequential_init.
INFO-FLOW: Append model ecg_classifier_flow_control_loop_pipe_sequential_init
INFO-FLOW: Handling components in module [ecg_classifier_Pipeline_L3_IC_L3_K] ... 
Execute       source C:/ecg_hls/ecg_classifier_ip/solution1/.autopilot/db/ecg_classifier_Pipeline_L3_IC_L3_K.compgen.tcl 
INFO-FLOW: Found component ecg_classifier_urem_32s_4ns_3_36_1.
INFO-FLOW: Append model ecg_classifier_urem_32s_4ns_3_36_1
INFO-FLOW: Found component ecg_classifier_mux_21_15_1_1.
INFO-FLOW: Append model ecg_classifier_mux_21_15_1_1
INFO-FLOW: Found component ecg_classifier_mux_53_15_1_1.
INFO-FLOW: Append model ecg_classifier_mux_53_15_1_1
INFO-FLOW: Found component ecg_classifier_mul_22s_31ns_53_1_1.
INFO-FLOW: Append model ecg_classifier_mul_22s_31ns_53_1_1
INFO-FLOW: Found component ecg_classifier_ecg_classifier_Pipeline_L3_IC_L3_K_clf_w_L3_W_V_ROM_AUTO_1R.
INFO-FLOW: Append model ecg_classifier_ecg_classifier_Pipeline_L3_IC_L3_K_clf_w_L3_W_V_ROM_AUTO_1R
INFO-FLOW: Found component ecg_classifier_flow_control_loop_pipe_sequential_init.
INFO-FLOW: Append model ecg_classifier_flow_control_loop_pipe_sequential_init
INFO-FLOW: Handling components in module [ecg_classifier_Pipeline_L4_IC_L4_K] ... 
Execute       source C:/ecg_hls/ecg_classifier_ip/solution1/.autopilot/db/ecg_classifier_Pipeline_L4_IC_L4_K.compgen.tcl 
INFO-FLOW: Found component ecg_classifier_mux_32_31_1_1.
INFO-FLOW: Append model ecg_classifier_mux_32_31_1_1
INFO-FLOW: Found component ecg_classifier_mul_22s_39ns_61_1_1.
INFO-FLOW: Append model ecg_classifier_mul_22s_39ns_61_1_1
INFO-FLOW: Found component ecg_classifier_ecg_classifier_Pipeline_L4_IC_L4_K_clf_w_L4_W_V_ROM_AUTO_1R.
INFO-FLOW: Append model ecg_classifier_ecg_classifier_Pipeline_L4_IC_L4_K_clf_w_L4_W_V_ROM_AUTO_1R
INFO-FLOW: Found component ecg_classifier_flow_control_loop_pipe_sequential_init.
INFO-FLOW: Append model ecg_classifier_flow_control_loop_pipe_sequential_init
INFO-FLOW: Handling components in module [ecg_classifier_Pipeline_GAP_NORM] ... 
Execute       source C:/ecg_hls/ecg_classifier_ip/solution1/.autopilot/db/ecg_classifier_Pipeline_GAP_NORM.compgen.tcl 
INFO-FLOW: Found component ecg_classifier_mul_32s_12ns_44_1_1.
INFO-FLOW: Append model ecg_classifier_mul_32s_12ns_44_1_1
INFO-FLOW: Found component ecg_classifier_flow_control_loop_pipe_sequential_init.
INFO-FLOW: Append model ecg_classifier_flow_control_loop_pipe_sequential_init
INFO-FLOW: Handling components in module [ecg_classifier_Pipeline_D0_IC] ... 
Execute       source C:/ecg_hls/ecg_classifier_ip/solution1/.autopilot/db/ecg_classifier_Pipeline_D0_IC.compgen.tcl 
INFO-FLOW: Found component ecg_classifier_mul_24s_40s_63_1_1.
INFO-FLOW: Append model ecg_classifier_mul_24s_40s_63_1_1
INFO-FLOW: Found component ecg_classifier_ecg_classifier_Pipeline_D0_IC_clf_w_L5_W_V_ROM_AUTO_1R.
INFO-FLOW: Append model ecg_classifier_ecg_classifier_Pipeline_D0_IC_clf_w_L5_W_V_ROM_AUTO_1R
INFO-FLOW: Found component ecg_classifier_flow_control_loop_pipe_sequential_init.
INFO-FLOW: Append model ecg_classifier_flow_control_loop_pipe_sequential_init
INFO-FLOW: Handling components in module [ecg_classifier_Pipeline_D1_IC] ... 
Execute       source C:/ecg_hls/ecg_classifier_ip/solution1/.autopilot/db/ecg_classifier_Pipeline_D1_IC.compgen.tcl 
INFO-FLOW: Found component ecg_classifier_mul_24s_39ns_63_1_1.
INFO-FLOW: Append model ecg_classifier_mul_24s_39ns_63_1_1
INFO-FLOW: Found component ecg_classifier_ecg_classifier_Pipeline_D1_IC_clf_w_L6_W_V_ROM_AUTO_1R.
INFO-FLOW: Append model ecg_classifier_ecg_classifier_Pipeline_D1_IC_clf_w_L6_W_V_ROM_AUTO_1R
INFO-FLOW: Found component ecg_classifier_flow_control_loop_pipe_sequential_init.
INFO-FLOW: Append model ecg_classifier_flow_control_loop_pipe_sequential_init
INFO-FLOW: Handling components in module [ecg_classifier_Pipeline_WRITE_OUTPUT] ... 
Execute       source C:/ecg_hls/ecg_classifier_ip/solution1/.autopilot/db/ecg_classifier_Pipeline_WRITE_OUTPUT.compgen.tcl 
INFO-FLOW: Found component ecg_classifier_fdiv_32ns_32ns_32_10_no_dsp_1.
INFO-FLOW: Append model ecg_classifier_fdiv_32ns_32ns_32_10_no_dsp_1
INFO-FLOW: Found component ecg_classifier_flow_control_loop_pipe_sequential_init.
INFO-FLOW: Append model ecg_classifier_flow_control_loop_pipe_sequential_init
INFO-FLOW: Handling components in module [ecg_classifier] ... 
Execute       source C:/ecg_hls/ecg_classifier_ip/solution1/.autopilot/db/ecg_classifier.compgen.tcl 
INFO-FLOW: Found component ecg_classifier_fadd_32ns_32ns_32_4_full_dsp_1.
INFO-FLOW: Append model ecg_classifier_fadd_32ns_32ns_32_4_full_dsp_1
INFO-FLOW: Found component ecg_classifier_fpext_32ns_64_2_no_dsp_1.
INFO-FLOW: Append model ecg_classifier_fpext_32ns_64_2_no_dsp_1
INFO-FLOW: Found component ecg_classifier_fcmp_32ns_32ns_1_2_no_dsp_1.
INFO-FLOW: Append model ecg_classifier_fcmp_32ns_32ns_1_2_no_dsp_1
INFO-FLOW: Found component ecg_classifier_fsqrt_32ns_32ns_32_10_no_dsp_1.
INFO-FLOW: Append model ecg_classifier_fsqrt_32ns_32ns_32_10_no_dsp_1
INFO-FLOW: Found component ecg_classifier_fexp_32ns_32ns_32_8_full_dsp_1.
INFO-FLOW: Append model ecg_classifier_fexp_32ns_32ns_32_8_full_dsp_1
INFO-FLOW: Found component ecg_classifier_mul_48s_10ns_56_1_1.
INFO-FLOW: Append model ecg_classifier_mul_48s_10ns_56_1_1
INFO-FLOW: Found component ecg_classifier_sdiv_34ns_32s_32_38_seq_1.
INFO-FLOW: Append model ecg_classifier_sdiv_34ns_32s_32_38_seq_1
INFO-FLOW: Found component ecg_classifier_clf_w_L0_b_V_ROM_AUTO_1R.
INFO-FLOW: Append model ecg_classifier_clf_w_L0_b_V_ROM_AUTO_1R
INFO-FLOW: Found component ecg_classifier_clf_w_L1_b_V_ROM_AUTO_1R.
INFO-FLOW: Append model ecg_classifier_clf_w_L1_b_V_ROM_AUTO_1R
INFO-FLOW: Found component ecg_classifier_clf_w_L2_b_V_ROM_AUTO_1R.
INFO-FLOW: Append model ecg_classifier_clf_w_L2_b_V_ROM_AUTO_1R
INFO-FLOW: Found component ecg_classifier_clf_w_L3_b_V_ROM_AUTO_1R.
INFO-FLOW: Append model ecg_classifier_clf_w_L3_b_V_ROM_AUTO_1R
INFO-FLOW: Found component ecg_classifier_clf_w_L4_b_V_ROM_AUTO_1R.
INFO-FLOW: Append model ecg_classifier_clf_w_L4_b_V_ROM_AUTO_1R
INFO-FLOW: Found component ecg_classifier_clf_w_L5_b_V_ROM_AUTO_1R.
INFO-FLOW: Append model ecg_classifier_clf_w_L5_b_V_ROM_AUTO_1R
INFO-FLOW: Found component ecg_classifier_clf_w_L6_b_V_ROM_AUTO_1R.
INFO-FLOW: Append model ecg_classifier_clf_w_L6_b_V_ROM_AUTO_1R
INFO-FLOW: Found component ecg_classifier_input_buf_V_RAM_1P_LUTRAM_1R1W.
INFO-FLOW: Append model ecg_classifier_input_buf_V_RAM_1P_LUTRAM_1R1W
INFO-FLOW: Found component ecg_classifier_buf2_circ_V_RAM_AUTO_1R1W.
INFO-FLOW: Append model ecg_classifier_buf2_circ_V_RAM_AUTO_1R1W
INFO-FLOW: Found component ecg_classifier_gap_buf_V_RAM_1P_LUTRAM_1R1W.
INFO-FLOW: Append model ecg_classifier_gap_buf_V_RAM_1P_LUTRAM_1R1W
INFO-FLOW: Found component ecg_classifier_dense0_buf_V_RAM_1P_LUTRAM_1R1W.
INFO-FLOW: Append model ecg_classifier_dense0_buf_V_RAM_1P_LUTRAM_1R1W
INFO-FLOW: Found component ecg_classifier_win0_V_RAM_AUTO_1R1W.
INFO-FLOW: Append model ecg_classifier_win0_V_RAM_AUTO_1R1W
INFO-FLOW: Found component ecg_classifier_win0_V_1_RAM_AUTO_1R1W.
INFO-FLOW: Append model ecg_classifier_win0_V_1_RAM_AUTO_1R1W
INFO-FLOW: Found component ecg_classifier_win0_V_6_RAM_AUTO_1R1W.
INFO-FLOW: Append model ecg_classifier_win0_V_6_RAM_AUTO_1R1W
INFO-FLOW: Found component ecg_classifier_win01_V_RAM_AUTO_1R1W.
INFO-FLOW: Append model ecg_classifier_win01_V_RAM_AUTO_1R1W
INFO-FLOW: Found component ecg_classifier_win01_V_2_RAM_AUTO_1R1W.
INFO-FLOW: Append model ecg_classifier_win01_V_2_RAM_AUTO_1R1W
INFO-FLOW: Found component ecg_classifier_l1_out_V_RAM_AUTO_1R1W.
INFO-FLOW: Append model ecg_classifier_l1_out_V_RAM_AUTO_1R1W
INFO-FLOW: Found component ecg_classifier_l3_out_V_RAM_AUTO_1R1W.
INFO-FLOW: Append model ecg_classifier_l3_out_V_RAM_AUTO_1R1W
INFO-FLOW: Found component ecg_classifier_regslice_both.
INFO-FLOW: Append model ecg_classifier_regslice_both
INFO-FLOW: Found component ecg_classifier_regslice_both.
INFO-FLOW: Append model ecg_classifier_regslice_both
INFO-FLOW: Found component ecg_classifier_regslice_both.
INFO-FLOW: Append model ecg_classifier_regslice_both
INFO-FLOW: Found component ecg_classifier_regslice_both.
INFO-FLOW: Append model ecg_classifier_regslice_both
INFO-FLOW: Found component ecg_classifier_regslice_both.
INFO-FLOW: Append model ecg_classifier_regslice_both
INFO-FLOW: Found component ecg_classifier_regslice_both.
INFO-FLOW: Append model ecg_classifier_regslice_both
INFO-FLOW: Found component ecg_classifier_regslice_both.
INFO-FLOW: Append model ecg_classifier_regslice_both
INFO-FLOW: Found component ecg_classifier_regslice_both.
INFO-FLOW: Append model ecg_classifier_regslice_both
INFO-FLOW: Found component ecg_classifier_regslice_both.
INFO-FLOW: Append model ecg_classifier_regslice_both
INFO-FLOW: Found component ecg_classifier_regslice_both.
INFO-FLOW: Append model ecg_classifier_regslice_both
INFO-FLOW: Found component ecg_classifier_regslice_both.
INFO-FLOW: Append model ecg_classifier_regslice_both
INFO-FLOW: Found component ecg_classifier_regslice_both.
INFO-FLOW: Append model ecg_classifier_regslice_both
INFO-FLOW: Found component ecg_classifier_regslice_both.
INFO-FLOW: Append model ecg_classifier_regslice_both
INFO-FLOW: Found component ecg_classifier_regslice_both.
INFO-FLOW: Append model ecg_classifier_regslice_both
INFO-FLOW: Append model ecg_classifier_Pipeline_READ_INPUT
INFO-FLOW: Append model ecg_classifier_Pipeline_ZNORM_MEAN
INFO-FLOW: Append model ecg_classifier_Pipeline_ZNORM_VAR
INFO-FLOW: Append model ecg_classifier_Pipeline_ZNORM_APPLY
INFO-FLOW: Append model ecg_classifier_Pipeline_L0_K_FILL
INFO-FLOW: Append model ecg_classifier_Pipeline_L1_IC_L1_K
INFO-FLOW: Append model ecg_classifier_Pipeline_L2_IC_L2_K
INFO-FLOW: Append model ecg_classifier_Pipeline_GAP_INIT
INFO-FLOW: Append model ecg_classifier_Pipeline_L3_IC_L3_K
INFO-FLOW: Append model ecg_classifier_Pipeline_L4_IC_L4_K
INFO-FLOW: Append model ecg_classifier_Pipeline_GAP_NORM
INFO-FLOW: Append model ecg_classifier_Pipeline_D0_IC
INFO-FLOW: Append model ecg_classifier_Pipeline_D1_IC
INFO-FLOW: Append model ecg_classifier_Pipeline_WRITE_OUTPUT
INFO-FLOW: Append model ecg_classifier
INFO-FLOW: Generating RTL model list ...
INFO-FLOW: All models in this session: ecg_classifier_flow_control_loop_pipe_sequential_init ecg_classifier_mux_21_32_1_1 ecg_classifier_flow_control_loop_pipe_sequential_init ecg_classifier_mul_40s_40s_72_1_1 ecg_classifier_flow_control_loop_pipe_sequential_init ecg_classifier_mul_33s_32s_48_1_1 ecg_classifier_flow_control_loop_pipe_sequential_init ecg_classifier_mul_27s_40s_66_1_1 ecg_classifier_ecg_classifier_Pipeline_L0_K_FILL_L0_W_V_0_ROM_AUTO_1R ecg_classifier_flow_control_loop_pipe_sequential_init ecg_classifier_mux_73_32_1_1 ecg_classifier_mul_23s_40s_62_1_1 ecg_classifier_ecg_classifier_Pipeline_L1_IC_L1_K_clf_w_L1_W_V_ROM_AUTO_1R ecg_classifier_flow_control_loop_pipe_sequential_init ecg_classifier_mux_21_31_1_1 ecg_classifier_mux_53_31_1_1 ecg_classifier_mul_23s_39ns_62_1_1 ecg_classifier_ecg_classifier_Pipeline_L2_IC_L2_K_clf_w_L2_W_V_ROM_AUTO_1R ecg_classifier_flow_control_loop_pipe_sequential_init ecg_classifier_flow_control_loop_pipe_sequential_init ecg_classifier_urem_32s_4ns_3_36_1 ecg_classifier_mux_21_15_1_1 ecg_classifier_mux_53_15_1_1 ecg_classifier_mul_22s_31ns_53_1_1 ecg_classifier_ecg_classifier_Pipeline_L3_IC_L3_K_clf_w_L3_W_V_ROM_AUTO_1R ecg_classifier_flow_control_loop_pipe_sequential_init ecg_classifier_mux_32_31_1_1 ecg_classifier_mul_22s_39ns_61_1_1 ecg_classifier_ecg_classifier_Pipeline_L4_IC_L4_K_clf_w_L4_W_V_ROM_AUTO_1R ecg_classifier_flow_control_loop_pipe_sequential_init ecg_classifier_mul_32s_12ns_44_1_1 ecg_classifier_flow_control_loop_pipe_sequential_init ecg_classifier_mul_24s_40s_63_1_1 ecg_classifier_ecg_classifier_Pipeline_D0_IC_clf_w_L5_W_V_ROM_AUTO_1R ecg_classifier_flow_control_loop_pipe_sequential_init ecg_classifier_mul_24s_39ns_63_1_1 ecg_classifier_ecg_classifier_Pipeline_D1_IC_clf_w_L6_W_V_ROM_AUTO_1R ecg_classifier_flow_control_loop_pipe_sequential_init ecg_classifier_fdiv_32ns_32ns_32_10_no_dsp_1 ecg_classifier_flow_control_loop_pipe_sequential_init ecg_classifier_fadd_32ns_32ns_32_4_full_dsp_1 ecg_classifier_fpext_32ns_64_2_no_dsp_1 ecg_classifier_fcmp_32ns_32ns_1_2_no_dsp_1 ecg_classifier_fsqrt_32ns_32ns_32_10_no_dsp_1 ecg_classifier_fexp_32ns_32ns_32_8_full_dsp_1 ecg_classifier_mul_48s_10ns_56_1_1 ecg_classifier_sdiv_34ns_32s_32_38_seq_1 ecg_classifier_clf_w_L0_b_V_ROM_AUTO_1R ecg_classifier_clf_w_L1_b_V_ROM_AUTO_1R ecg_classifier_clf_w_L2_b_V_ROM_AUTO_1R ecg_classifier_clf_w_L3_b_V_ROM_AUTO_1R ecg_classifier_clf_w_L4_b_V_ROM_AUTO_1R ecg_classifier_clf_w_L5_b_V_ROM_AUTO_1R ecg_classifier_clf_w_L6_b_V_ROM_AUTO_1R ecg_classifier_input_buf_V_RAM_1P_LUTRAM_1R1W ecg_classifier_buf2_circ_V_RAM_AUTO_1R1W ecg_classifier_gap_buf_V_RAM_1P_LUTRAM_1R1W ecg_classifier_dense0_buf_V_RAM_1P_LUTRAM_1R1W ecg_classifier_win0_V_RAM_AUTO_1R1W ecg_classifier_win0_V_1_RAM_AUTO_1R1W ecg_classifier_win0_V_6_RAM_AUTO_1R1W ecg_classifier_win01_V_RAM_AUTO_1R1W ecg_classifier_win01_V_2_RAM_AUTO_1R1W ecg_classifier_l1_out_V_RAM_AUTO_1R1W ecg_classifier_l3_out_V_RAM_AUTO_1R1W ecg_classifier_regslice_both ecg_classifier_regslice_both ecg_classifier_regslice_both ecg_classifier_regslice_both ecg_classifier_regslice_both ecg_classifier_regslice_both ecg_classifier_regslice_both ecg_classifier_regslice_both ecg_classifier_regslice_both ecg_classifier_regslice_both ecg_classifier_regslice_both ecg_classifier_regslice_both ecg_classifier_regslice_both ecg_classifier_regslice_both ecg_classifier_Pipeline_READ_INPUT ecg_classifier_Pipeline_ZNORM_MEAN ecg_classifier_Pipeline_ZNORM_VAR ecg_classifier_Pipeline_ZNORM_APPLY ecg_classifier_Pipeline_L0_K_FILL ecg_classifier_Pipeline_L1_IC_L1_K ecg_classifier_Pipeline_L2_IC_L2_K ecg_classifier_Pipeline_GAP_INIT ecg_classifier_Pipeline_L3_IC_L3_K ecg_classifier_Pipeline_L4_IC_L4_K ecg_classifier_Pipeline_GAP_NORM ecg_classifier_Pipeline_D0_IC ecg_classifier_Pipeline_D1_IC ecg_classifier_Pipeline_WRITE_OUTPUT ecg_classifier
INFO-FLOW: Generating C:/ecg_hls/ecg_classifier_ip/solution1/.autopilot/db/autopilot.rtl.models.txt file...
INFO-FLOW: To file: write model ecg_classifier_flow_control_loop_pipe_sequential_init
INFO-FLOW: To file: write model ecg_classifier_mux_21_32_1_1
INFO-FLOW: To file: write model ecg_classifier_flow_control_loop_pipe_sequential_init
INFO-FLOW: To file: write model ecg_classifier_mul_40s_40s_72_1_1
INFO-FLOW: To file: write model ecg_classifier_flow_control_loop_pipe_sequential_init
INFO-FLOW: To file: write model ecg_classifier_mul_33s_32s_48_1_1
INFO-FLOW: To file: write model ecg_classifier_flow_control_loop_pipe_sequential_init
INFO-FLOW: To file: write model ecg_classifier_mul_27s_40s_66_1_1
INFO-FLOW: To file: write model ecg_classifier_ecg_classifier_Pipeline_L0_K_FILL_L0_W_V_0_ROM_AUTO_1R
INFO-FLOW: To file: write model ecg_classifier_flow_control_loop_pipe_sequential_init
INFO-FLOW: To file: write model ecg_classifier_mux_73_32_1_1
INFO-FLOW: To file: write model ecg_classifier_mul_23s_40s_62_1_1
INFO-FLOW: To file: write model ecg_classifier_ecg_classifier_Pipeline_L1_IC_L1_K_clf_w_L1_W_V_ROM_AUTO_1R
INFO-FLOW: To file: write model ecg_classifier_flow_control_loop_pipe_sequential_init
INFO-FLOW: To file: write model ecg_classifier_mux_21_31_1_1
INFO-FLOW: To file: write model ecg_classifier_mux_53_31_1_1
INFO-FLOW: To file: write model ecg_classifier_mul_23s_39ns_62_1_1
INFO-FLOW: To file: write model ecg_classifier_ecg_classifier_Pipeline_L2_IC_L2_K_clf_w_L2_W_V_ROM_AUTO_1R
INFO-FLOW: To file: write model ecg_classifier_flow_control_loop_pipe_sequential_init
INFO-FLOW: To file: write model ecg_classifier_flow_control_loop_pipe_sequential_init
INFO-FLOW: To file: write model ecg_classifier_urem_32s_4ns_3_36_1
INFO-FLOW: To file: write model ecg_classifier_mux_21_15_1_1
INFO-FLOW: To file: write model ecg_classifier_mux_53_15_1_1
INFO-FLOW: To file: write model ecg_classifier_mul_22s_31ns_53_1_1
INFO-FLOW: To file: write model ecg_classifier_ecg_classifier_Pipeline_L3_IC_L3_K_clf_w_L3_W_V_ROM_AUTO_1R
INFO-FLOW: To file: write model ecg_classifier_flow_control_loop_pipe_sequential_init
INFO-FLOW: To file: write model ecg_classifier_mux_32_31_1_1
INFO-FLOW: To file: write model ecg_classifier_mul_22s_39ns_61_1_1
INFO-FLOW: To file: write model ecg_classifier_ecg_classifier_Pipeline_L4_IC_L4_K_clf_w_L4_W_V_ROM_AUTO_1R
INFO-FLOW: To file: write model ecg_classifier_flow_control_loop_pipe_sequential_init
INFO-FLOW: To file: write model ecg_classifier_mul_32s_12ns_44_1_1
INFO-FLOW: To file: write model ecg_classifier_flow_control_loop_pipe_sequential_init
INFO-FLOW: To file: write model ecg_classifier_mul_24s_40s_63_1_1
INFO-FLOW: To file: write model ecg_classifier_ecg_classifier_Pipeline_D0_IC_clf_w_L5_W_V_ROM_AUTO_1R
INFO-FLOW: To file: write model ecg_classifier_flow_control_loop_pipe_sequential_init
INFO-FLOW: To file: write model ecg_classifier_mul_24s_39ns_63_1_1
INFO-FLOW: To file: write model ecg_classifier_ecg_classifier_Pipeline_D1_IC_clf_w_L6_W_V_ROM_AUTO_1R
INFO-FLOW: To file: write model ecg_classifier_flow_control_loop_pipe_sequential_init
INFO-FLOW: To file: write model ecg_classifier_fdiv_32ns_32ns_32_10_no_dsp_1
INFO-FLOW: To file: write model ecg_classifier_flow_control_loop_pipe_sequential_init
INFO-FLOW: To file: write model ecg_classifier_fadd_32ns_32ns_32_4_full_dsp_1
INFO-FLOW: To file: write model ecg_classifier_fpext_32ns_64_2_no_dsp_1
INFO-FLOW: To file: write model ecg_classifier_fcmp_32ns_32ns_1_2_no_dsp_1
INFO-FLOW: To file: write model ecg_classifier_fsqrt_32ns_32ns_32_10_no_dsp_1
INFO-FLOW: To file: write model ecg_classifier_fexp_32ns_32ns_32_8_full_dsp_1
INFO-FLOW: To file: write model ecg_classifier_mul_48s_10ns_56_1_1
INFO-FLOW: To file: write model ecg_classifier_sdiv_34ns_32s_32_38_seq_1
INFO-FLOW: To file: write model ecg_classifier_clf_w_L0_b_V_ROM_AUTO_1R
INFO-FLOW: To file: write model ecg_classifier_clf_w_L1_b_V_ROM_AUTO_1R
INFO-FLOW: To file: write model ecg_classifier_clf_w_L2_b_V_ROM_AUTO_1R
INFO-FLOW: To file: write model ecg_classifier_clf_w_L3_b_V_ROM_AUTO_1R
INFO-FLOW: To file: write model ecg_classifier_clf_w_L4_b_V_ROM_AUTO_1R
INFO-FLOW: To file: write model ecg_classifier_clf_w_L5_b_V_ROM_AUTO_1R
INFO-FLOW: To file: write model ecg_classifier_clf_w_L6_b_V_ROM_AUTO_1R
INFO-FLOW: To file: write model ecg_classifier_input_buf_V_RAM_1P_LUTRAM_1R1W
INFO-FLOW: To file: write model ecg_classifier_buf2_circ_V_RAM_AUTO_1R1W
INFO-FLOW: To file: write model ecg_classifier_gap_buf_V_RAM_1P_LUTRAM_1R1W
INFO-FLOW: To file: write model ecg_classifier_dense0_buf_V_RAM_1P_LUTRAM_1R1W
INFO-FLOW: To file: write model ecg_classifier_win0_V_RAM_AUTO_1R1W
INFO-FLOW: To file: write model ecg_classifier_win0_V_1_RAM_AUTO_1R1W
INFO-FLOW: To file: write model ecg_classifier_win0_V_6_RAM_AUTO_1R1W
INFO-FLOW: To file: write model ecg_classifier_win01_V_RAM_AUTO_1R1W
INFO-FLOW: To file: write model ecg_classifier_win01_V_2_RAM_AUTO_1R1W
INFO-FLOW: To file: write model ecg_classifier_l1_out_V_RAM_AUTO_1R1W
INFO-FLOW: To file: write model ecg_classifier_l3_out_V_RAM_AUTO_1R1W
INFO-FLOW: To file: write model ecg_classifier_regslice_both
INFO-FLOW: To file: write model ecg_classifier_regslice_both
INFO-FLOW: To file: write model ecg_classifier_regslice_both
INFO-FLOW: To file: write model ecg_classifier_regslice_both
INFO-FLOW: To file: write model ecg_classifier_regslice_both
INFO-FLOW: To file: write model ecg_classifier_regslice_both
INFO-FLOW: To file: write model ecg_classifier_regslice_both
INFO-FLOW: To file: write model ecg_classifier_regslice_both
INFO-FLOW: To file: write model ecg_classifier_regslice_both
INFO-FLOW: To file: write model ecg_classifier_regslice_both
INFO-FLOW: To file: write model ecg_classifier_regslice_both
INFO-FLOW: To file: write model ecg_classifier_regslice_both
INFO-FLOW: To file: write model ecg_classifier_regslice_both
INFO-FLOW: To file: write model ecg_classifier_regslice_both
INFO-FLOW: To file: write model ecg_classifier_Pipeline_READ_INPUT
INFO-FLOW: To file: write model ecg_classifier_Pipeline_ZNORM_MEAN
INFO-FLOW: To file: write model ecg_classifier_Pipeline_ZNORM_VAR
INFO-FLOW: To file: write model ecg_classifier_Pipeline_ZNORM_APPLY
INFO-FLOW: To file: write model ecg_classifier_Pipeline_L0_K_FILL
INFO-FLOW: To file: write model ecg_classifier_Pipeline_L1_IC_L1_K
INFO-FLOW: To file: write model ecg_classifier_Pipeline_L2_IC_L2_K
INFO-FLOW: To file: write model ecg_classifier_Pipeline_GAP_INIT
INFO-FLOW: To file: write model ecg_classifier_Pipeline_L3_IC_L3_K
INFO-FLOW: To file: write model ecg_classifier_Pipeline_L4_IC_L4_K
INFO-FLOW: To file: write model ecg_classifier_Pipeline_GAP_NORM
INFO-FLOW: To file: write model ecg_classifier_Pipeline_D0_IC
INFO-FLOW: To file: write model ecg_classifier_Pipeline_D1_IC
INFO-FLOW: To file: write model ecg_classifier_Pipeline_WRITE_OUTPUT
INFO-FLOW: To file: write model ecg_classifier
INFO-FLOW: Generating C:/ecg_hls/ecg_classifier_ip/solution1/.autopilot/db/autopilot.rtl.models.tcl file...
INFO-FLOW: Finished generating RTL model list.


INFO-FLOW: RTL Generation done.
INFO-FLOW: CAS Generation done.
INFO-FLOW: CBC Generation done.
INFO-FLOW: DBG:PROC: ::AESL_AUTOMG::auto_generate_csynth_design
INFO-FLOW: DBG:PUTS: read_platform_lib C:/ecg_hls/ecg_classifier_ip/solution1/.autopilot/db/global.setting.tcl
Execute       source C:/Xilinx/Vitis_HLS/2022.2/common/technology/generic/autopilot/common.gen 
Execute         source C:/Xilinx/Vitis_HLS/2022.2/common/technology/generic/autopilot/APCoreGen.gen 
Execute       source C:/Xilinx/Vitis_HLS/2022.2/common/technology/generic/autopilot/op.gen 
Execute       source C:/Xilinx/Vitis_HLS/2022.2/common/technology/generic/autopilot/op_simcore.gen 
Execute       source C:/Xilinx/Vitis_HLS/2022.2/common/technology/generic/autopilot/interface.gen 
Execute       source C:/ecg_hls/ecg_classifier_ip/solution1/.autopilot/db/global.setting.tcl 
Execute       source C:/Xilinx/Vitis_HLS/2022.2/common/technology/xilinx/common/xilinx.gen 
Execute         source C:/Xilinx/Vitis_HLS/2022.2/common/technology/xilinx/interface/plb46.gen 
Execute         source C:/Xilinx/Vitis_HLS/2022.2/common/technology/xilinx/interface/axi4.gen 
Execute         source C:/Xilinx/Vitis_HLS/2022.2/common/technology/xilinx/interface/nativeAXI4.gen 
Execute           source C:/Xilinx/Vitis_HLS/2022.2/common/technology/xilinx/interface/saxilite.gen 
Execute         source C:/Xilinx/Vitis_HLS/2022.2/common/technology/xilinx/scripts/xilinxcoregen.gen 
Execute         source C:/Xilinx/Vitis_HLS/2022.2/common/technology/xilinx/interface/XilEDKCoreGen.gen 
Execute         source C:/Xilinx/Vitis_HLS/2022.2/common/technology/xilinx/ip/dds_compiler.gen 
Execute         source C:/Xilinx/Vitis_HLS/2022.2/common/technology/xilinx/ip/util.gen 
Execute         source C:/Xilinx/Vitis_HLS/2022.2/common/technology/xilinx/ip/xfft.gen 
Command         ap_source done; 0.127 sec.
Execute         source C:/Xilinx/Vitis_HLS/2022.2/common/technology/xilinx/ip/xfir.gen 
Execute         source C:/Xilinx/Vitis_HLS/2022.2/common/technology/xilinx/DSP48/dsp48.gen 
Command       ap_source done; 0.184 sec.
INFO-FLOW: DBG:PUTS:   using AESL_AUTOCG::g_clock_period=13.000 (was NA)
INFO-FLOW: DBG:PROC: ::AESL_AUTOMG::generate_ip_cores gen_sim_model='1' gen_fp_models='0' gen_for_export='0' dstSCDir='' dstVhdlDir='C:/ecg_hls/ecg_classifier_ip/solution1/.autopilot/db/vhdl' dstVlogDir='C:/ecg_hls/ecg_classifier_ip/solution1/.autopilot/db/vlog' tclDir='C:/ecg_hls/ecg_classifier_ip/solution1/.autopilot/db' modelList='ecg_classifier_flow_control_loop_pipe_sequential_init
ecg_classifier_mux_21_32_1_1
ecg_classifier_flow_control_loop_pipe_sequential_init
ecg_classifier_mul_40s_40s_72_1_1
ecg_classifier_flow_control_loop_pipe_sequential_init
ecg_classifier_mul_33s_32s_48_1_1
ecg_classifier_flow_control_loop_pipe_sequential_init
ecg_classifier_mul_27s_40s_66_1_1
ecg_classifier_ecg_classifier_Pipeline_L0_K_FILL_L0_W_V_0_ROM_AUTO_1R
ecg_classifier_flow_control_loop_pipe_sequential_init
ecg_classifier_mux_73_32_1_1
ecg_classifier_mul_23s_40s_62_1_1
ecg_classifier_ecg_classifier_Pipeline_L1_IC_L1_K_clf_w_L1_W_V_ROM_AUTO_1R
ecg_classifier_flow_control_loop_pipe_sequential_init
ecg_classifier_mux_21_31_1_1
ecg_classifier_mux_53_31_1_1
ecg_classifier_mul_23s_39ns_62_1_1
ecg_classifier_ecg_classifier_Pipeline_L2_IC_L2_K_clf_w_L2_W_V_ROM_AUTO_1R
ecg_classifier_flow_control_loop_pipe_sequential_init
ecg_classifier_flow_control_loop_pipe_sequential_init
ecg_classifier_urem_32s_4ns_3_36_1
ecg_classifier_mux_21_15_1_1
ecg_classifier_mux_53_15_1_1
ecg_classifier_mul_22s_31ns_53_1_1
ecg_classifier_ecg_classifier_Pipeline_L3_IC_L3_K_clf_w_L3_W_V_ROM_AUTO_1R
ecg_classifier_flow_control_loop_pipe_sequential_init
ecg_classifier_mux_32_31_1_1
ecg_classifier_mul_22s_39ns_61_1_1
ecg_classifier_ecg_classifier_Pipeline_L4_IC_L4_K_clf_w_L4_W_V_ROM_AUTO_1R
ecg_classifier_flow_control_loop_pipe_sequential_init
ecg_classifier_mul_32s_12ns_44_1_1
ecg_classifier_flow_control_loop_pipe_sequential_init
ecg_classifier_mul_24s_40s_63_1_1
ecg_classifier_ecg_classifier_Pipeline_D0_IC_clf_w_L5_W_V_ROM_AUTO_1R
ecg_classifier_flow_control_loop_pipe_sequential_init
ecg_classifier_mul_24s_39ns_63_1_1
ecg_classifier_ecg_classifier_Pipeline_D1_IC_clf_w_L6_W_V_ROM_AUTO_1R
ecg_classifier_flow_control_loop_pipe_sequential_init
ecg_classifier_fdiv_32ns_32ns_32_10_no_dsp_1
ecg_classifier_flow_control_loop_pipe_sequential_init
ecg_classifier_fadd_32ns_32ns_32_4_full_dsp_1
ecg_classifier_fpext_32ns_64_2_no_dsp_1
ecg_classifier_fcmp_32ns_32ns_1_2_no_dsp_1
ecg_classifier_fsqrt_32ns_32ns_32_10_no_dsp_1
ecg_classifier_fexp_32ns_32ns_32_8_full_dsp_1
ecg_classifier_mul_48s_10ns_56_1_1
ecg_classifier_sdiv_34ns_32s_32_38_seq_1
ecg_classifier_clf_w_L0_b_V_ROM_AUTO_1R
ecg_classifier_clf_w_L1_b_V_ROM_AUTO_1R
ecg_classifier_clf_w_L2_b_V_ROM_AUTO_1R
ecg_classifier_clf_w_L3_b_V_ROM_AUTO_1R
ecg_classifier_clf_w_L4_b_V_ROM_AUTO_1R
ecg_classifier_clf_w_L5_b_V_ROM_AUTO_1R
ecg_classifier_clf_w_L6_b_V_ROM_AUTO_1R
ecg_classifier_input_buf_V_RAM_1P_LUTRAM_1R1W
ecg_classifier_buf2_circ_V_RAM_AUTO_1R1W
ecg_classifier_gap_buf_V_RAM_1P_LUTRAM_1R1W
ecg_classifier_dense0_buf_V_RAM_1P_LUTRAM_1R1W
ecg_classifier_win0_V_RAM_AUTO_1R1W
ecg_classifier_win0_V_1_RAM_AUTO_1R1W
ecg_classifier_win0_V_6_RAM_AUTO_1R1W
ecg_classifier_win01_V_RAM_AUTO_1R1W
ecg_classifier_win01_V_2_RAM_AUTO_1R1W
ecg_classifier_l1_out_V_RAM_AUTO_1R1W
ecg_classifier_l3_out_V_RAM_AUTO_1R1W
ecg_classifier_regslice_both
ecg_classifier_regslice_both
ecg_classifier_regslice_both
ecg_classifier_regslice_both
ecg_classifier_regslice_both
ecg_classifier_regslice_both
ecg_classifier_regslice_both
ecg_classifier_regslice_both
ecg_classifier_regslice_both
ecg_classifier_regslice_both
ecg_classifier_regslice_both
ecg_classifier_regslice_both
ecg_classifier_regslice_both
ecg_classifier_regslice_both
ecg_classifier_Pipeline_READ_INPUT
ecg_classifier_Pipeline_ZNORM_MEAN
ecg_classifier_Pipeline_ZNORM_VAR
ecg_classifier_Pipeline_ZNORM_APPLY
ecg_classifier_Pipeline_L0_K_FILL
ecg_classifier_Pipeline_L1_IC_L1_K
ecg_classifier_Pipeline_L2_IC_L2_K
ecg_classifier_Pipeline_GAP_INIT
ecg_classifier_Pipeline_L3_IC_L3_K
ecg_classifier_Pipeline_L4_IC_L4_K
ecg_classifier_Pipeline_GAP_NORM
ecg_classifier_Pipeline_D0_IC
ecg_classifier_Pipeline_D1_IC
ecg_classifier_Pipeline_WRITE_OUTPUT
ecg_classifier
' expOnly='0'
Execute       source C:/ecg_hls/ecg_classifier_ip/solution1/.autopilot/db/global.setting.tcl 
Execute       ap_part_info -name xc7z030-sbg485-2 -data names -quiet 
Execute       ap_part_info -name xc7z030-sbg485-2 -data info -quiet 
Execute       source C:/ecg_hls/ecg_classifier_ip/solution1/.autopilot/db/global.setting.tcl 
Execute       source C:/ecg_hls/ecg_classifier_ip/solution1/.autopilot/db/global.setting.tcl 
Execute       source C:/ecg_hls/ecg_classifier_ip/solution1/.autopilot/db/ecg_classifier_Pipeline_READ_INPUT.compgen.tcl 
Execute       source C:/ecg_hls/ecg_classifier_ip/solution1/.autopilot/db/ecg_classifier_Pipeline_ZNORM_MEAN.compgen.tcl 
Execute         ap_part_info -name xc7z030-sbg485-2 -data names -quiet 
Execute         ap_part_info -name xc7z030-sbg485-2 -data info -quiet 
Execute       source C:/ecg_hls/ecg_classifier_ip/solution1/.autopilot/db/ecg_classifier_Pipeline_ZNORM_VAR.compgen.tcl 
Execute       source C:/ecg_hls/ecg_classifier_ip/solution1/.autopilot/db/ecg_classifier_Pipeline_ZNORM_APPLY.compgen.tcl 
Execute       source C:/ecg_hls/ecg_classifier_ip/solution1/.autopilot/db/ecg_classifier_Pipeline_L0_K_FILL.compgen.tcl 
Execute       source C:/ecg_hls/ecg_classifier_ip/solution1/.autopilot/db/ecg_classifier_Pipeline_L1_IC_L1_K.compgen.tcl 
Execute         ap_part_info -name xc7z030-sbg485-2 -data names -quiet 
Execute         ap_part_info -name xc7z030-sbg485-2 -data info -quiet 
Execute       source C:/ecg_hls/ecg_classifier_ip/solution1/.autopilot/db/ecg_classifier_Pipeline_L2_IC_L2_K.compgen.tcl 
Execute         ap_part_info -name xc7z030-sbg485-2 -data names -quiet 
Execute         ap_part_info -name xc7z030-sbg485-2 -data info -quiet 
Execute         ap_part_info -name xc7z030-sbg485-2 -data names -quiet 
Execute         ap_part_info -name xc7z030-sbg485-2 -data info -quiet 
Execute       source C:/ecg_hls/ecg_classifier_ip/solution1/.autopilot/db/ecg_classifier_Pipeline_GAP_INIT.compgen.tcl 
Execute       source C:/ecg_hls/ecg_classifier_ip/solution1/.autopilot/db/ecg_classifier_Pipeline_L3_IC_L3_K.compgen.tcl 
Execute         ap_part_info -name xc7z030-sbg485-2 -data names -quiet 
Execute         ap_part_info -name xc7z030-sbg485-2 -data info -quiet 
Execute         ap_part_info -name xc7z030-sbg485-2 -data names -quiet 
Execute         ap_part_info -name xc7z030-sbg485-2 -data info -quiet 
Execute       source C:/ecg_hls/ecg_classifier_ip/solution1/.autopilot/db/ecg_classifier_Pipeline_L4_IC_L4_K.compgen.tcl 
Execute         ap_part_info -name xc7z030-sbg485-2 -data names -quiet 
Execute         ap_part_info -name xc7z030-sbg485-2 -data info -quiet 
Execute       source C:/ecg_hls/ecg_classifier_ip/solution1/.autopilot/db/ecg_classifier_Pipeline_GAP_NORM.compgen.tcl 
Execute       source C:/ecg_hls/ecg_classifier_ip/solution1/.autopilot/db/ecg_classifier_Pipeline_D0_IC.compgen.tcl 
Execute       source C:/ecg_hls/ecg_classifier_ip/solution1/.autopilot/db/ecg_classifier_Pipeline_D1_IC.compgen.tcl 
Execute       source C:/ecg_hls/ecg_classifier_ip/solution1/.autopilot/db/ecg_classifier_Pipeline_WRITE_OUTPUT.compgen.tcl 
Execute       source C:/ecg_hls/ecg_classifier_ip/solution1/.autopilot/db/ecg_classifier.compgen.tcl 
Command       ap_source done; 0.282 sec.
INFO: [HLS 200-111] Finished Generating all RTL models: CPU user time: 18 seconds. CPU system time: 5 seconds. Elapsed time: 26.014 seconds; current allocated memory: 654.875 MB.
INFO-FLOW: DBG:PROC: ::HLSREPORTS::create_csynth_xml bind_info_var='bind_info' RtlSubPrefix='ecg_classifier_' outfile=''
INFO-FLOW: Running: create_csynth_xml read xml data
INFO-FLOW: Done: create_csynth_xml read xml data time: 0 seconds per iteration
INFO-FLOW: Running: create_csynth_xml bind info
INFO-FLOW: Done: create_csynth_xml bind info time: 0.1 seconds per iteration
INFO-FLOW: Running: create_csynth_xml config info
INFO-FLOW: Done: create_csynth_xml config info time: 0.3 seconds per iteration
INFO-FLOW: Running: create_csynth_xml write xml
INFO-FLOW: Done: create_csynth_xml write xml time: 0 seconds per iteration
INFO-FLOW: DBG:PUTS:      create_csynth_xml wrote csynth_xml=C:/ecg_hls/ecg_classifier_ip/solution1/syn/report/csynth.xml
INFO-FLOW: DBG:PROC: ::AP::DESIGN_DATA::generate_json generate_bd_files='0' generate_xo_files='0' modelList='ecg_classifier_flow_control_loop_pipe_sequential_init
ecg_classifier_mux_21_32_1_1
ecg_classifier_flow_control_loop_pipe_sequential_init
ecg_classifier_mul_40s_40s_72_1_1
ecg_classifier_flow_control_loop_pipe_sequential_init
ecg_classifier_mul_33s_32s_48_1_1
ecg_classifier_flow_control_loop_pipe_sequential_init
ecg_classifier_mul_27s_40s_66_1_1
ecg_classifier_ecg_classifier_Pipeline_L0_K_FILL_L0_W_V_0_ROM_AUTO_1R
ecg_classifier_flow_control_loop_pipe_sequential_init
ecg_classifier_mux_73_32_1_1
ecg_classifier_mul_23s_40s_62_1_1
ecg_classifier_ecg_classifier_Pipeline_L1_IC_L1_K_clf_w_L1_W_V_ROM_AUTO_1R
ecg_classifier_flow_control_loop_pipe_sequential_init
ecg_classifier_mux_21_31_1_1
ecg_classifier_mux_53_31_1_1
ecg_classifier_mul_23s_39ns_62_1_1
ecg_classifier_ecg_classifier_Pipeline_L2_IC_L2_K_clf_w_L2_W_V_ROM_AUTO_1R
ecg_classifier_flow_control_loop_pipe_sequential_init
ecg_classifier_flow_control_loop_pipe_sequential_init
ecg_classifier_urem_32s_4ns_3_36_1
ecg_classifier_mux_21_15_1_1
ecg_classifier_mux_53_15_1_1
ecg_classifier_mul_22s_31ns_53_1_1
ecg_classifier_ecg_classifier_Pipeline_L3_IC_L3_K_clf_w_L3_W_V_ROM_AUTO_1R
ecg_classifier_flow_control_loop_pipe_sequential_init
ecg_classifier_mux_32_31_1_1
ecg_classifier_mul_22s_39ns_61_1_1
ecg_classifier_ecg_classifier_Pipeline_L4_IC_L4_K_clf_w_L4_W_V_ROM_AUTO_1R
ecg_classifier_flow_control_loop_pipe_sequential_init
ecg_classifier_mul_32s_12ns_44_1_1
ecg_classifier_flow_control_loop_pipe_sequential_init
ecg_classifier_mul_24s_40s_63_1_1
ecg_classifier_ecg_classifier_Pipeline_D0_IC_clf_w_L5_W_V_ROM_AUTO_1R
ecg_classifier_flow_control_loop_pipe_sequential_init
ecg_classifier_mul_24s_39ns_63_1_1
ecg_classifier_ecg_classifier_Pipeline_D1_IC_clf_w_L6_W_V_ROM_AUTO_1R
ecg_classifier_flow_control_loop_pipe_sequential_init
ecg_classifier_fdiv_32ns_32ns_32_10_no_dsp_1
ecg_classifier_flow_control_loop_pipe_sequential_init
ecg_classifier_fadd_32ns_32ns_32_4_full_dsp_1
ecg_classifier_fpext_32ns_64_2_no_dsp_1
ecg_classifier_fcmp_32ns_32ns_1_2_no_dsp_1
ecg_classifier_fsqrt_32ns_32ns_32_10_no_dsp_1
ecg_classifier_fexp_32ns_32ns_32_8_full_dsp_1
ecg_classifier_mul_48s_10ns_56_1_1
ecg_classifier_sdiv_34ns_32s_32_38_seq_1
ecg_classifier_clf_w_L0_b_V_ROM_AUTO_1R
ecg_classifier_clf_w_L1_b_V_ROM_AUTO_1R
ecg_classifier_clf_w_L2_b_V_ROM_AUTO_1R
ecg_classifier_clf_w_L3_b_V_ROM_AUTO_1R
ecg_classifier_clf_w_L4_b_V_ROM_AUTO_1R
ecg_classifier_clf_w_L5_b_V_ROM_AUTO_1R
ecg_classifier_clf_w_L6_b_V_ROM_AUTO_1R
ecg_classifier_input_buf_V_RAM_1P_LUTRAM_1R1W
ecg_classifier_buf2_circ_V_RAM_AUTO_1R1W
ecg_classifier_gap_buf_V_RAM_1P_LUTRAM_1R1W
ecg_classifier_dense0_buf_V_RAM_1P_LUTRAM_1R1W
ecg_classifier_win0_V_RAM_AUTO_1R1W
ecg_classifier_win0_V_1_RAM_AUTO_1R1W
ecg_classifier_win0_V_6_RAM_AUTO_1R1W
ecg_classifier_win01_V_RAM_AUTO_1R1W
ecg_classifier_win01_V_2_RAM_AUTO_1R1W
ecg_classifier_l1_out_V_RAM_AUTO_1R1W
ecg_classifier_l3_out_V_RAM_AUTO_1R1W
ecg_classifier_regslice_both
ecg_classifier_regslice_both
ecg_classifier_regslice_both
ecg_classifier_regslice_both
ecg_classifier_regslice_both
ecg_classifier_regslice_both
ecg_classifier_regslice_both
ecg_classifier_regslice_both
ecg_classifier_regslice_both
ecg_classifier_regslice_both
ecg_classifier_regslice_both
ecg_classifier_regslice_both
ecg_classifier_regslice_both
ecg_classifier_regslice_both
ecg_classifier_Pipeline_READ_INPUT
ecg_classifier_Pipeline_ZNORM_MEAN
ecg_classifier_Pipeline_ZNORM_VAR
ecg_classifier_Pipeline_ZNORM_APPLY
ecg_classifier_Pipeline_L0_K_FILL
ecg_classifier_Pipeline_L1_IC_L1_K
ecg_classifier_Pipeline_L2_IC_L2_K
ecg_classifier_Pipeline_GAP_INIT
ecg_classifier_Pipeline_L3_IC_L3_K
ecg_classifier_Pipeline_L4_IC_L4_K
ecg_classifier_Pipeline_GAP_NORM
ecg_classifier_Pipeline_D0_IC
ecg_classifier_Pipeline_D1_IC
ecg_classifier_Pipeline_WRITE_OUTPUT
ecg_classifier
' rtl_lang='both' bootstrap_tcl='false' outdir='' outfilename=''
Execute       source C:/ecg_hls/ecg_classifier_ip/solution1/.autopilot/db/global.setting.tcl 
Execute       source C:/ecg_hls/ecg_classifier_ip/solution1/.autopilot/db/global.setting.tcl 
Execute       source C:/ecg_hls/ecg_classifier_ip/solution1/.autopilot/db/top-io-be.tcl 
Execute       source C:/ecg_hls/ecg_classifier_ip/solution1/.autopilot/db/ecg_classifier.tbgen.tcl 
Execute       source C:/ecg_hls/ecg_classifier_ip/solution1/.autopilot/db/ecg_classifier.rtl_wrap.cfg.tcl 
Execute       source C:/ecg_hls/ecg_classifier_ip/solution1/.autopilot/db/ecg_classifier.compgen.dataonly.tcl 
Execute       source C:/ecg_hls/ecg_classifier_ip/solution1/.autopilot/db/ecg_classifier_Pipeline_READ_INPUT.tbgen.tcl 
Execute       source C:/ecg_hls/ecg_classifier_ip/solution1/.autopilot/db/ecg_classifier_Pipeline_ZNORM_MEAN.tbgen.tcl 
Execute       source C:/ecg_hls/ecg_classifier_ip/solution1/.autopilot/db/ecg_classifier_Pipeline_ZNORM_VAR.tbgen.tcl 
Execute       source C:/ecg_hls/ecg_classifier_ip/solution1/.autopilot/db/ecg_classifier_Pipeline_ZNORM_APPLY.tbgen.tcl 
Execute       source C:/ecg_hls/ecg_classifier_ip/solution1/.autopilot/db/ecg_classifier_Pipeline_L0_K_FILL.tbgen.tcl 
Execute       source C:/ecg_hls/ecg_classifier_ip/solution1/.autopilot/db/ecg_classifier_Pipeline_L1_IC_L1_K.tbgen.tcl 
Execute       source C:/ecg_hls/ecg_classifier_ip/solution1/.autopilot/db/ecg_classifier_Pipeline_L2_IC_L2_K.tbgen.tcl 
Execute       source C:/ecg_hls/ecg_classifier_ip/solution1/.autopilot/db/ecg_classifier_Pipeline_GAP_INIT.tbgen.tcl 
Execute       source C:/ecg_hls/ecg_classifier_ip/solution1/.autopilot/db/ecg_classifier_Pipeline_L3_IC_L3_K.tbgen.tcl 
Execute       source C:/ecg_hls/ecg_classifier_ip/solution1/.autopilot/db/ecg_classifier_Pipeline_L4_IC_L4_K.tbgen.tcl 
Execute       source C:/ecg_hls/ecg_classifier_ip/solution1/.autopilot/db/ecg_classifier_Pipeline_GAP_NORM.tbgen.tcl 
Execute       source C:/ecg_hls/ecg_classifier_ip/solution1/.autopilot/db/ecg_classifier_Pipeline_D0_IC.tbgen.tcl 
Execute       source C:/ecg_hls/ecg_classifier_ip/solution1/.autopilot/db/ecg_classifier_Pipeline_D1_IC.tbgen.tcl 
Execute       source C:/ecg_hls/ecg_classifier_ip/solution1/.autopilot/db/ecg_classifier_Pipeline_WRITE_OUTPUT.tbgen.tcl 
Execute       source C:/ecg_hls/ecg_classifier_ip/solution1/.autopilot/db/ecg_classifier.tbgen.tcl 
Execute       source C:/ecg_hls/ecg_classifier_ip/solution1/.autopilot/db/global.setting.tcl 
Execute       ap_part_info -name xc7z030-sbg485-2 -data names -quiet 
Execute       ap_part_info -name xc7z030-sbg485-2 -data info -quiet 
Execute       source C:/ecg_hls/ecg_classifier_ip/solution1/.autopilot/db/ecg_classifier.constraint.tcl 
Execute       sc_get_clocks ecg_classifier 
Execute       source C:/ecg_hls/ecg_classifier_ip/solution1/.autopilot/db/global.setting.tcl 
Execute       source C:/ecg_hls/ecg_classifier_ip/solution1/impl/misc/ecg_classifier_fadd_32ns_32ns_32_4_full_dsp_1_ip.tcl 
Execute       source C:/ecg_hls/ecg_classifier_ip/solution1/impl/misc/ecg_classifier_fcmp_32ns_32ns_1_2_no_dsp_1_ip.tcl 
Execute       source C:/ecg_hls/ecg_classifier_ip/solution1/impl/misc/ecg_classifier_fdiv_32ns_32ns_32_10_no_dsp_1_ip.tcl 
Execute       source C:/ecg_hls/ecg_classifier_ip/solution1/impl/misc/ecg_classifier_fexp_32ns_32ns_32_8_full_dsp_1_ip.tcl 
Execute       source C:/ecg_hls/ecg_classifier_ip/solution1/impl/misc/ecg_classifier_fpext_32ns_64_2_no_dsp_1_ip.tcl 
Execute       source C:/ecg_hls/ecg_classifier_ip/solution1/impl/misc/ecg_classifier_fsqrt_32ns_32ns_32_10_no_dsp_1_ip.tcl 
INFO-FLOW: DBG:PROC: ::HLSREPORTS::add_csynth_report_sections bind_info_dict='adapter_nodes {} report_dict {TOPINST ecg_classifier MODULE2INSTS {ecg_classifier ecg_classifier ecg_classifier_Pipeline_READ_INPUT grp_ecg_classifier_Pipeline_READ_INPUT_fu_15534 ecg_classifier_Pipeline_ZNORM_MEAN grp_ecg_classifier_Pipeline_ZNORM_MEAN_fu_15554 ecg_classifier_Pipeline_ZNORM_VAR grp_ecg_classifier_Pipeline_ZNORM_VAR_fu_15561 ecg_classifier_Pipeline_ZNORM_APPLY grp_ecg_classifier_Pipeline_ZNORM_APPLY_fu_15569 ecg_classifier_Pipeline_GAP_INIT grp_ecg_classifier_Pipeline_GAP_INIT_fu_15579 ecg_classifier_Pipeline_L0_K_FILL grp_ecg_classifier_Pipeline_L0_K_FILL_fu_15585 ecg_classifier_Pipeline_L1_IC_L1_K grp_ecg_classifier_Pipeline_L1_IC_L1_K_fu_15599 ecg_classifier_Pipeline_L2_IC_L2_K grp_ecg_classifier_Pipeline_L2_IC_L2_K_fu_15615 ecg_classifier_Pipeline_GAP_NORM grp_ecg_classifier_Pipeline_GAP_NORM_fu_15635 ecg_classifier_Pipeline_L3_IC_L3_K grp_ecg_classifier_Pipeline_L3_IC_L3_K_fu_15641 ecg_classifier_Pipeline_L4_IC_L4_K grp_ecg_classifier_Pipeline_L4_IC_L4_K_fu_15664 ecg_classifier_Pipeline_D0_IC grp_ecg_classifier_Pipeline_D0_IC_fu_15681 ecg_classifier_Pipeline_D1_IC grp_ecg_classifier_Pipeline_D1_IC_fu_15692 ecg_classifier_Pipeline_WRITE_OUTPUT grp_ecg_classifier_Pipeline_WRITE_OUTPUT_fu_15703} INST2MODULE {ecg_classifier ecg_classifier grp_ecg_classifier_Pipeline_READ_INPUT_fu_15534 ecg_classifier_Pipeline_READ_INPUT grp_ecg_classifier_Pipeline_ZNORM_MEAN_fu_15554 ecg_classifier_Pipeline_ZNORM_MEAN grp_ecg_classifier_Pipeline_ZNORM_VAR_fu_15561 ecg_classifier_Pipeline_ZNORM_VAR grp_ecg_classifier_Pipeline_ZNORM_APPLY_fu_15569 ecg_classifier_Pipeline_ZNORM_APPLY grp_ecg_classifier_Pipeline_GAP_INIT_fu_15579 ecg_classifier_Pipeline_GAP_INIT grp_ecg_classifier_Pipeline_L0_K_FILL_fu_15585 ecg_classifier_Pipeline_L0_K_FILL grp_ecg_classifier_Pipeline_L1_IC_L1_K_fu_15599 ecg_classifier_Pipeline_L1_IC_L1_K grp_ecg_classifier_Pipeline_L2_IC_L2_K_fu_15615 ecg_classifier_Pipeline_L2_IC_L2_K grp_ecg_classifier_Pipeline_GAP_NORM_fu_15635 ecg_classifier_Pipeline_GAP_NORM grp_ecg_classifier_Pipeline_L3_IC_L3_K_fu_15641 ecg_classifier_Pipeline_L3_IC_L3_K grp_ecg_classifier_Pipeline_L4_IC_L4_K_fu_15664 ecg_classifier_Pipeline_L4_IC_L4_K grp_ecg_classifier_Pipeline_D0_IC_fu_15681 ecg_classifier_Pipeline_D0_IC grp_ecg_classifier_Pipeline_D1_IC_fu_15692 ecg_classifier_Pipeline_D1_IC grp_ecg_classifier_Pipeline_WRITE_OUTPUT_fu_15703 ecg_classifier_Pipeline_WRITE_OUTPUT} INSTDATA {ecg_classifier {DEPTH 1 CHILDREN {grp_ecg_classifier_Pipeline_READ_INPUT_fu_15534 grp_ecg_classifier_Pipeline_ZNORM_MEAN_fu_15554 grp_ecg_classifier_Pipeline_ZNORM_VAR_fu_15561 grp_ecg_classifier_Pipeline_ZNORM_APPLY_fu_15569 grp_ecg_classifier_Pipeline_GAP_INIT_fu_15579 grp_ecg_classifier_Pipeline_L0_K_FILL_fu_15585 grp_ecg_classifier_Pipeline_L1_IC_L1_K_fu_15599 grp_ecg_classifier_Pipeline_L2_IC_L2_K_fu_15615 grp_ecg_classifier_Pipeline_GAP_NORM_fu_15635 grp_ecg_classifier_Pipeline_L3_IC_L3_K_fu_15641 grp_ecg_classifier_Pipeline_L4_IC_L4_K_fu_15664 grp_ecg_classifier_Pipeline_D0_IC_fu_15681 grp_ecg_classifier_Pipeline_D1_IC_fu_15692 grp_ecg_classifier_Pipeline_WRITE_OUTPUT_fu_15703}} grp_ecg_classifier_Pipeline_READ_INPUT_fu_15534 {DEPTH 2 CHILDREN {}} grp_ecg_classifier_Pipeline_ZNORM_MEAN_fu_15554 {DEPTH 2 CHILDREN {}} grp_ecg_classifier_Pipeline_ZNORM_VAR_fu_15561 {DEPTH 2 CHILDREN {}} grp_ecg_classifier_Pipeline_ZNORM_APPLY_fu_15569 {DEPTH 2 CHILDREN {}} grp_ecg_classifier_Pipeline_GAP_INIT_fu_15579 {DEPTH 2 CHILDREN {}} grp_ecg_classifier_Pipeline_L0_K_FILL_fu_15585 {DEPTH 2 CHILDREN {}} grp_ecg_classifier_Pipeline_L1_IC_L1_K_fu_15599 {DEPTH 2 CHILDREN {}} grp_ecg_classifier_Pipeline_L2_IC_L2_K_fu_15615 {DEPTH 2 CHILDREN {}} grp_ecg_classifier_Pipeline_GAP_NORM_fu_15635 {DEPTH 2 CHILDREN {}} grp_ecg_classifier_Pipeline_L3_IC_L3_K_fu_15641 {DEPTH 2 CHILDREN {}} grp_ecg_classifier_Pipeline_L4_IC_L4_K_fu_15664 {DEPTH 2 CHILDREN {}} grp_ecg_classifier_Pipeline_D0_IC_fu_15681 {DEPTH 2 CHILDREN {}} grp_ecg_classifier_Pipeline_D1_IC_fu_15692 {DEPTH 2 CHILDREN {}} grp_ecg_classifier_Pipeline_WRITE_OUTPUT_fu_15703 {DEPTH 2 CHILDREN {}}} MODULEDATA {ecg_classifier_Pipeline_READ_INPUT {BINDINFO {{BINDTYPE op ID {} IMPL fabric LATENCY 0 OPTYPE add PRAGMA {} RTLNAME add_ln43_fu_130_p2 SOURCE src/ecg_classifier.cpp:43 VARIABLE add_ln43 LOOP READ_INPUT BUNDLEDNAME {} DSP 0 BRAM 0 URAM 0 DISPNAME {bind_op add}}} AREA {DSP 0 BRAM 0 URAM 0}} ecg_classifier_Pipeline_ZNORM_MEAN {BINDINFO {{BINDTYPE op ID {} IMPL fabric LATENCY 0 OPTYPE add PRAGMA {} RTLNAME add_ln54_fu_110_p2 SOURCE src/ecg_classifier.cpp:54 VARIABLE add_ln54 LOOP ZNORM_MEAN BUNDLEDNAME {} DSP 0 BRAM 0 URAM 0 DISPNAME {bind_op add}} {BINDTYPE op ID {} IMPL fabric LATENCY 0 OPTYPE add PRAGMA {} RTLNAME mean_acc_V_1_fu_165_p2 SOURCE {C:/Xilinx/Vitis_HLS/2022.2/common/technology/autopilot\ap_fixed_base.h:813} VARIABLE mean_acc_V_1 LOOP ZNORM_MEAN BUNDLEDNAME {} DSP 0 BRAM 0 URAM 0 DISPNAME {bind_op add}}} AREA {DSP 0 BRAM 0 URAM 0}} ecg_classifier_Pipeline_ZNORM_VAR {BINDINFO {{BINDTYPE op ID {} IMPL fabric LATENCY 0 OPTYPE add PRAGMA {} RTLNAME add_ln62_fu_130_p2 SOURCE src/ecg_classifier.cpp:62 VARIABLE add_ln62 LOOP ZNORM_VAR BUNDLEDNAME {} DSP 0 BRAM 0 URAM 0 DISPNAME {bind_op add}} {BINDTYPE op ID {} IMPL fabric LATENCY 0 OPTYPE sub PRAGMA {} RTLNAME d_fu_170_p2 SOURCE {C:/Xilinx/Vitis_HLS/2022.2/common/technology/autopilot\ap_fixed_base.h:813} VARIABLE d LOOP ZNORM_VAR BUNDLEDNAME {} DSP 0 BRAM 0 URAM 0 DISPNAME {bind_op sub}} {BINDTYPE op ID {} IMPL auto LATENCY 0 OPTYPE mul PRAGMA {} RTLNAME mul_40s_40s_72_1_1_U16 SOURCE {C:/Xilinx/Vitis_HLS/2022.2/common/technology/autopilot\ap_fixed_base.h:1273} VARIABLE r_V_1 LOOP ZNORM_VAR BUNDLEDNAME {} DSP 4 BRAM 0 URAM 0 DISPNAME {bind_op mul}} {BINDTYPE op ID {} IMPL fabric LATENCY 0 OPTYPE add PRAGMA {} RTLNAME ret_V_fu_203_p2 SOURCE {C:/Xilinx/Vitis_HLS/2022.2/common/technology/autopilot\ap_fixed_base.h:1347} VARIABLE ret_V LOOP ZNORM_VAR BUNDLEDNAME {} DSP 0 BRAM 0 URAM 0 DISPNAME {bind_op add}}} AREA {DSP 4 BRAM 0 URAM 0}} ecg_classifier_Pipeline_ZNORM_APPLY {BINDINFO {{BINDTYPE op ID {} IMPL fabric LATENCY 0 OPTYPE add PRAGMA {} RTLNAME add_ln74_fu_146_p2 SOURCE src/ecg_classifier.cpp:74 VARIABLE add_ln74 LOOP ZNORM_APPLY BUNDLEDNAME {} DSP 0 BRAM 0 URAM 0 DISPNAME {bind_op add}} {BINDTYPE op ID {} IMPL fabric LATENCY 0 OPTYPE sub PRAGMA {} RTLNAME ret_V_fu_192_p2 SOURCE {C:/Xilinx/Vitis_HLS/2022.2/common/technology/autopilot\ap_fixed_base.h:1348} VARIABLE ret_V LOOP ZNORM_APPLY BUNDLEDNAME {} DSP 0 BRAM 0 URAM 0 DISPNAME {bind_op sub}} {BINDTYPE op ID {} IMPL auto LATENCY 0 OPTYPE mul PRAGMA {} RTLNAME mul_33s_32s_48_1_1_U23 SOURCE {C:/Xilinx/Vitis_HLS/2022.2/common/technology/autopilot\ap_fixed_base.h:1273} VARIABLE r_V_2 LOOP ZNORM_APPLY BUNDLEDNAME {} DSP 3 BRAM 0 URAM 0 DISPNAME {bind_op mul}}} AREA {DSP 3 BRAM 0 URAM 0}} ecg_classifier_Pipeline_L0_K_FILL {BINDINFO {{BINDTYPE op ID {} IMPL fabric LATENCY 0 OPTYPE add PRAGMA {} RTLNAME add_ln130_fu_216_p2 SOURCE src/ecg_classifier.cpp:130 VARIABLE add_ln130 LOOP L0_K_FILL BUNDLEDNAME {} DSP 0 BRAM 0 URAM 0 DISPNAME {bind_op add}} {BINDTYPE op ID {} IMPL fabric LATENCY 0 OPTYPE add PRAGMA {} RTLNAME add_ln837_fu_226_p2 SOURCE {C:/Xilinx/Vitis_HLS/2022.2/common/technology/autopilot\ap_fixed_base.h:837} VARIABLE add_ln837 LOOP L0_K_FILL BUNDLEDNAME {} DSP 0 BRAM 0 URAM 0 DISPNAME {bind_op add}} {BINDTYPE op ID {} IMPL fabric LATENCY 0 OPTYPE add PRAGMA {} RTLNAME add_ln132_fu_241_p2 SOURCE src/ecg_classifier.cpp:132 VARIABLE add_ln132 LOOP L0_K_FILL BUNDLEDNAME {} DSP 0 BRAM 0 URAM 0 DISPNAME {bind_op add}} {BINDTYPE op ID {} IMPL fabric LATENCY 0 OPTYPE add PRAGMA {} RTLNAME add_ln132_1_fu_251_p2 SOURCE src/ecg_classifier.cpp:132 VARIABLE add_ln132_1 LOOP L0_K_FILL BUNDLEDNAME {} DSP 0 BRAM 0 URAM 0 DISPNAME {bind_op add}} {BINDTYPE op ID {} IMPL fabric LATENCY 0 OPTYPE add PRAGMA {} RTLNAME add_ln133_fu_273_p2 SOURCE src/ecg_classifier.cpp:133 VARIABLE add_ln133 LOOP L0_K_FILL BUNDLEDNAME {} DSP 0 BRAM 0 URAM 0 DISPNAME {bind_op add}} {BINDTYPE op ID {} IMPL auto LATENCY 0 OPTYPE mul PRAGMA {} RTLNAME mul_27s_40s_66_1_1_U32 SOURCE {C:/Xilinx/Vitis_HLS/2022.2/common/technology/autopilot\ap_fixed_base.h:1273} VARIABLE r_V LOOP L0_K_FILL BUNDLEDNAME {} DSP 4 BRAM 0 URAM 0 DISPNAME {bind_op mul}} {BINDTYPE op ID {} IMPL fabric LATENCY 0 OPTYPE add PRAGMA {} RTLNAME ret_V_fu_386_p2 SOURCE {C:/Xilinx/Vitis_HLS/2022.2/common/technology/autopilot\ap_fixed_base.h:1347} VARIABLE ret_V LOOP L0_K_FILL BUNDLEDNAME {} DSP 0 BRAM 0 URAM 0 DISPNAME {bind_op add}} {BINDTYPE op ID {} IMPL fabric LATENCY 0 OPTYPE add PRAGMA {} RTLNAME add_ln1347_1_fu_392_p2 SOURCE {C:/Xilinx/Vitis_HLS/2022.2/common/technology/autopilot\ap_fixed_base.h:1347} VARIABLE add_ln1347_1 LOOP L0_K_FILL BUNDLEDNAME {} DSP 0 BRAM 0 URAM 0 DISPNAME {bind_op add}} {BINDTYPE storage ID {} IMPL auto LATENCY 1 OPTYPE rom_1p PRAGMA {} RTLNAME L0_W_V_0_U SOURCE {} VARIABLE L0_W_V_0 LOOP {} BUNDLEDNAME {} DSP 0 BRAM 1 URAM 0 DISPNAME {bind_storage rom_1p}}} AREA {DSP 4 BRAM 1 URAM 0}} ecg_classifier_Pipeline_L1_IC_L1_K {BINDINFO {{BINDTYPE op ID {} IMPL fabric LATENCY 0 OPTYPE add PRAGMA {} RTLNAME add_ln148_1_fu_279_p2 SOURCE src/ecg_classifier.cpp:148 VARIABLE add_ln148_1 LOOP L1_IC_L1_K BUNDLEDNAME {} DSP 0 BRAM 0 URAM 0 DISPNAME {bind_op add}} {BINDTYPE op ID {} IMPL fabric LATENCY 0 OPTYPE add PRAGMA {} RTLNAME add_ln148_fu_291_p2 SOURCE src/ecg_classifier.cpp:148 VARIABLE add_ln148 LOOP L1_IC_L1_K BUNDLEDNAME {} DSP 0 BRAM 0 URAM 0 DISPNAME {bind_op add}} {BINDTYPE op ID {} IMPL fabric LATENCY 0 OPTYPE add PRAGMA {} RTLNAME add_ln837_1_fu_353_p2 SOURCE {C:/Xilinx/Vitis_HLS/2022.2/common/technology/autopilot\ap_fixed_base.h:837} VARIABLE add_ln837_1 LOOP L1_IC_L1_K BUNDLEDNAME {} DSP 0 BRAM 0 URAM 0 DISPNAME {bind_op add}} {BINDTYPE op ID {} IMPL auto LATENCY 0 OPTYPE mul PRAGMA {} RTLNAME mul_23s_40s_62_1_1_U44 SOURCE {C:/Xilinx/Vitis_HLS/2022.2/common/technology/autopilot\ap_fixed_base.h:1273} VARIABLE r_V_10 LOOP L1_IC_L1_K BUNDLEDNAME {} DSP 2 BRAM 0 URAM 0 DISPNAME {bind_op mul}} {BINDTYPE op ID {} IMPL fabric LATENCY 0 OPTYPE add PRAGMA {} RTLNAME add_ln150_1_fu_474_p2 SOURCE src/ecg_classifier.cpp:150 VARIABLE add_ln150_1 LOOP L1_IC_L1_K BUNDLEDNAME {} DSP 0 BRAM 0 URAM 0 DISPNAME {bind_op add}} {BINDTYPE op ID {} IMPL fabric LATENCY 0 OPTYPE add PRAGMA {} RTLNAME add_ln1347_fu_480_p2 SOURCE {C:/Xilinx/Vitis_HLS/2022.2/common/technology/autopilot\ap_fixed_base.h:1347} VARIABLE add_ln1347 LOOP L1_IC_L1_K BUNDLEDNAME {} DSP 0 BRAM 0 URAM 0 DISPNAME {bind_op add}} {BINDTYPE op ID {} IMPL fabric LATENCY 0 OPTYPE add PRAGMA {} RTLNAME add_ln150_fu_319_p2 SOURCE src/ecg_classifier.cpp:150 VARIABLE add_ln150 LOOP L1_IC_L1_K BUNDLEDNAME {} DSP 0 BRAM 0 URAM 0 DISPNAME {bind_op add}} {BINDTYPE storage ID {} IMPL auto LATENCY 1 OPTYPE rom_1p PRAGMA {} RTLNAME clf_w_L1_W_V_U SOURCE {} VARIABLE clf_w_L1_W_V LOOP {} BUNDLEDNAME {} DSP 0 BRAM 6 URAM 0 DISPNAME {bind_storage rom_1p}}} AREA {DSP 2 BRAM 6 URAM 0}} ecg_classifier_Pipeline_L2_IC_L2_K {BINDINFO {{BINDTYPE op ID {} IMPL fabric LATENCY 0 OPTYPE add PRAGMA {} RTLNAME add_ln180_1_fu_456_p2 SOURCE src/ecg_classifier.cpp:180 VARIABLE add_ln180_1 LOOP L2_IC_L2_K BUNDLEDNAME {} DSP 0 BRAM 0 URAM 0 DISPNAME {bind_op add}} {BINDTYPE op ID {} IMPL fabric LATENCY 0 OPTYPE add PRAGMA {} RTLNAME add_ln180_fu_465_p2 SOURCE src/ecg_classifier.cpp:180 VARIABLE add_ln180 LOOP L2_IC_L2_K BUNDLEDNAME {} DSP 0 BRAM 0 URAM 0 DISPNAME {bind_op add}} {BINDTYPE op ID {} IMPL fabric LATENCY 0 OPTYPE add PRAGMA {} RTLNAME add_ln837_7_fu_581_p2 SOURCE {C:/Xilinx/Vitis_HLS/2022.2/common/technology/autopilot\ap_fixed_base.h:837} VARIABLE add_ln837_7 LOOP L2_IC_L2_K BUNDLEDNAME {} DSP 0 BRAM 0 URAM 0 DISPNAME {bind_op add}} {BINDTYPE op ID {} IMPL fabric LATENCY 0 OPTYPE add PRAGMA {} RTLNAME add_ln184_fu_507_p2 SOURCE src/ecg_classifier.cpp:184 VARIABLE add_ln184 LOOP L2_IC_L2_K BUNDLEDNAME {} DSP 0 BRAM 0 URAM 0 DISPNAME {bind_op add}} {BINDTYPE op ID {} IMPL auto LATENCY 0 OPTYPE mul PRAGMA {} RTLNAME mul_23s_39ns_62_1_1_U69 SOURCE {C:/Xilinx/Vitis_HLS/2022.2/common/technology/autopilot\ap_fixed_base.h:1273} VARIABLE r_V LOOP L2_IC_L2_K BUNDLEDNAME {} DSP 2 BRAM 0 URAM 0 DISPNAME {bind_op mul}} {BINDTYPE op ID {} IMPL fabric LATENCY 0 OPTYPE add PRAGMA {} RTLNAME add_ln182_fu_862_p2 SOURCE src/ecg_classifier.cpp:182 VARIABLE add_ln182 LOOP L2_IC_L2_K BUNDLEDNAME {} DSP 0 BRAM 0 URAM 0 DISPNAME {bind_op add}} {BINDTYPE op ID {} IMPL fabric LATENCY 0 OPTYPE add PRAGMA {} RTLNAME add_ln1347_fu_867_p2 SOURCE {C:/Xilinx/Vitis_HLS/2022.2/common/technology/autopilot\ap_fixed_base.h:1347} VARIABLE add_ln1347 LOOP L2_IC_L2_K BUNDLEDNAME {} DSP 0 BRAM 0 URAM 0 DISPNAME {bind_op add}} {BINDTYPE op ID {} IMPL auto LATENCY 0 OPTYPE mul PRAGMA {} RTLNAME mul_23s_39ns_62_1_1_U70 SOURCE {C:/Xilinx/Vitis_HLS/2022.2/common/technology/autopilot\ap_fixed_base.h:1273} VARIABLE r_V_8 LOOP L2_IC_L2_K BUNDLEDNAME {} DSP 2 BRAM 0 URAM 0 DISPNAME {bind_op mul}} {BINDTYPE op ID {} IMPL fabric LATENCY 0 OPTYPE add PRAGMA {} RTLNAME add_ln182_1_fu_906_p2 SOURCE src/ecg_classifier.cpp:182 VARIABLE add_ln182_1 LOOP L2_IC_L2_K BUNDLEDNAME {} DSP 0 BRAM 0 URAM 0 DISPNAME {bind_op add}} {BINDTYPE op ID {} IMPL fabric LATENCY 0 OPTYPE add PRAGMA {} RTLNAME add_ln1347_3_fu_911_p2 SOURCE {C:/Xilinx/Vitis_HLS/2022.2/common/technology/autopilot\ap_fixed_base.h:1347} VARIABLE add_ln1347_3 LOOP L2_IC_L2_K BUNDLEDNAME {} DSP 0 BRAM 0 URAM 0 DISPNAME {bind_op add}} {BINDTYPE storage ID {} IMPL auto LATENCY 1 OPTYPE rom_2p PRAGMA {} RTLNAME clf_w_L2_W_V_U SOURCE {} VARIABLE clf_w_L2_W_V LOOP {} BUNDLEDNAME {} DSP 0 BRAM 12 URAM 0 DISPNAME {bind_storage rom_2p}}} AREA {DSP 4 BRAM 12 URAM 0}} ecg_classifier_Pipeline_GAP_INIT {BINDINFO {{BINDTYPE op ID {} IMPL fabric LATENCY 0 OPTYPE add PRAGMA {} RTLNAME add_ln197_fu_86_p2 SOURCE src/ecg_classifier.cpp:197 VARIABLE add_ln197 LOOP GAP_INIT BUNDLEDNAME {} DSP 0 BRAM 0 URAM 0 DISPNAME {bind_op add}}} AREA {DSP 0 BRAM 0 URAM 0}} ecg_classifier_Pipeline_L3_IC_L3_K {BINDINFO {{BINDTYPE op ID {} IMPL fabric LATENCY 0 OPTYPE add PRAGMA {} RTLNAME add_ln228_1_fu_419_p2 SOURCE src/ecg_classifier.cpp:228 VARIABLE add_ln228_1 LOOP L3_IC_L3_K BUNDLEDNAME {} DSP 0 BRAM 0 URAM 0 DISPNAME {bind_op add}} {BINDTYPE op ID {} IMPL fabric LATENCY 0 OPTYPE add PRAGMA {} RTLNAME add_ln228_fu_505_p2 SOURCE src/ecg_classifier.cpp:228 VARIABLE add_ln228 LOOP L3_IC_L3_K BUNDLEDNAME {} DSP 0 BRAM 0 URAM 0 DISPNAME {bind_op add}} {BINDTYPE op ID {} IMPL fabric LATENCY 0 OPTYPE add PRAGMA {} RTLNAME add_ln837_3_fu_563_p2 SOURCE {C:/Xilinx/Vitis_HLS/2022.2/common/technology/autopilot\ap_fixed_base.h:837} VARIABLE add_ln837_3 LOOP L3_IC_L3_K BUNDLEDNAME {} DSP 0 BRAM 0 URAM 0 DISPNAME {bind_op add}} {BINDTYPE op ID {} IMPL fabric LATENCY 0 OPTYPE add PRAGMA {} RTLNAME add_ln233_fu_446_p2 SOURCE src/ecg_classifier.cpp:233 VARIABLE add_ln233 LOOP L3_IC_L3_K BUNDLEDNAME {} DSP 0 BRAM 0 URAM 0 DISPNAME {bind_op add}} {BINDTYPE op ID {} IMPL auto LATENCY 0 OPTYPE mul PRAGMA {} RTLNAME mul_22s_31ns_53_1_1_U98 SOURCE {C:/Xilinx/Vitis_HLS/2022.2/common/technology/autopilot\ap_fixed_base.h:1273} VARIABLE r_V_6 LOOP L3_IC_L3_K BUNDLEDNAME {} DSP 2 BRAM 0 URAM 0 DISPNAME {bind_op mul}} {BINDTYPE op ID {} IMPL fabric LATENCY 0 OPTYPE add PRAGMA {} RTLNAME add_ln230_1_fu_818_p2 SOURCE src/ecg_classifier.cpp:230 VARIABLE add_ln230_1 LOOP L3_IC_L3_K BUNDLEDNAME {} DSP 0 BRAM 0 URAM 0 DISPNAME {bind_op add}} {BINDTYPE op ID {} IMPL fabric LATENCY 0 OPTYPE add PRAGMA {} RTLNAME add_ln1347_fu_824_p2 SOURCE {C:/Xilinx/Vitis_HLS/2022.2/common/technology/autopilot\ap_fixed_base.h:1347} VARIABLE add_ln1347 LOOP L3_IC_L3_K BUNDLEDNAME {} DSP 0 BRAM 0 URAM 0 DISPNAME {bind_op add}} {BINDTYPE op ID {} IMPL auto LATENCY 0 OPTYPE mul PRAGMA {} RTLNAME mul_22s_31ns_53_1_1_U99 SOURCE {C:/Xilinx/Vitis_HLS/2022.2/common/technology/autopilot\ap_fixed_base.h:1273} VARIABLE r_V_7 LOOP L3_IC_L3_K BUNDLEDNAME {} DSP 2 BRAM 0 URAM 0 DISPNAME {bind_op mul}} {BINDTYPE op ID {} IMPL fabric LATENCY 0 OPTYPE add PRAGMA {} RTLNAME add_ln230_2_fu_866_p2 SOURCE src/ecg_classifier.cpp:230 VARIABLE add_ln230_2 LOOP L3_IC_L3_K BUNDLEDNAME {} DSP 0 BRAM 0 URAM 0 DISPNAME {bind_op add}} {BINDTYPE op ID {} IMPL fabric LATENCY 0 OPTYPE add PRAGMA {} RTLNAME add_ln1347_2_fu_872_p2 SOURCE {C:/Xilinx/Vitis_HLS/2022.2/common/technology/autopilot\ap_fixed_base.h:1347} VARIABLE add_ln1347_2 LOOP L3_IC_L3_K BUNDLEDNAME {} DSP 0 BRAM 0 URAM 0 DISPNAME {bind_op add}} {BINDTYPE op ID {} IMPL fabric LATENCY 0 OPTYPE add PRAGMA {} RTLNAME add_ln230_fu_486_p2 SOURCE src/ecg_classifier.cpp:230 VARIABLE add_ln230 LOOP L3_IC_L3_K BUNDLEDNAME {} DSP 0 BRAM 0 URAM 0 DISPNAME {bind_op add}} {BINDTYPE storage ID {} IMPL auto LATENCY 1 OPTYPE rom_2p PRAGMA {} RTLNAME clf_w_L3_W_V_U SOURCE {} VARIABLE clf_w_L3_W_V LOOP {} BUNDLEDNAME {} DSP 0 BRAM 16 URAM 0 DISPNAME {bind_storage rom_2p}}} AREA {DSP 4 BRAM 16 URAM 0}} ecg_classifier_Pipeline_L4_IC_L4_K {BINDINFO {{BINDTYPE op ID {} IMPL fabric LATENCY 0 OPTYPE add PRAGMA {} RTLNAME add_ln264_1_fu_382_p2 SOURCE src/ecg_classifier.cpp:264 VARIABLE add_ln264_1 LOOP L4_IC_L4_K BUNDLEDNAME {} DSP 0 BRAM 0 URAM 0 DISPNAME {bind_op add}} {BINDTYPE op ID {} IMPL fabric LATENCY 0 OPTYPE add PRAGMA {} RTLNAME add_ln264_fu_391_p2 SOURCE src/ecg_classifier.cpp:264 VARIABLE add_ln264 LOOP L4_IC_L4_K BUNDLEDNAME {} DSP 0 BRAM 0 URAM 0 DISPNAME {bind_op add}} {BINDTYPE op ID {} IMPL fabric LATENCY 0 OPTYPE add PRAGMA {} RTLNAME add_ln837_fu_461_p2 SOURCE {C:/Xilinx/Vitis_HLS/2022.2/common/technology/autopilot\ap_fixed_base.h:837} VARIABLE add_ln837 LOOP L4_IC_L4_K BUNDLEDNAME {} DSP 0 BRAM 0 URAM 0 DISPNAME {bind_op add}} {BINDTYPE op ID {} IMPL fabric LATENCY 0 OPTYPE add PRAGMA {} RTLNAME add_ln268_fu_537_p2 SOURCE src/ecg_classifier.cpp:268 VARIABLE add_ln268 LOOP L4_IC_L4_K BUNDLEDNAME {} DSP 0 BRAM 0 URAM 0 DISPNAME {bind_op add}} {BINDTYPE op ID {} IMPL auto LATENCY 0 OPTYPE mul PRAGMA {} RTLNAME mul_22s_39ns_61_1_1_U129 SOURCE {C:/Xilinx/Vitis_HLS/2022.2/common/technology/autopilot\ap_fixed_base.h:1273} VARIABLE r_V LOOP L4_IC_L4_K BUNDLEDNAME {} DSP 2 BRAM 0 URAM 0 DISPNAME {bind_op mul}} {BINDTYPE op ID {} IMPL fabric LATENCY 0 OPTYPE add PRAGMA {} RTLNAME add_ln266_fu_721_p2 SOURCE src/ecg_classifier.cpp:266 VARIABLE add_ln266 LOOP L4_IC_L4_K BUNDLEDNAME {} DSP 0 BRAM 0 URAM 0 DISPNAME {bind_op add}} {BINDTYPE op ID {} IMPL fabric LATENCY 0 OPTYPE add PRAGMA {} RTLNAME add_ln1347_fu_727_p2 SOURCE {C:/Xilinx/Vitis_HLS/2022.2/common/technology/autopilot\ap_fixed_base.h:1347} VARIABLE add_ln1347 LOOP L4_IC_L4_K BUNDLEDNAME {} DSP 0 BRAM 0 URAM 0 DISPNAME {bind_op add}} {BINDTYPE op ID {} IMPL auto LATENCY 0 OPTYPE mul PRAGMA {} RTLNAME mul_22s_39ns_61_1_1_U130 SOURCE {C:/Xilinx/Vitis_HLS/2022.2/common/technology/autopilot\ap_fixed_base.h:1273} VARIABLE r_V_3 LOOP L4_IC_L4_K BUNDLEDNAME {} DSP 2 BRAM 0 URAM 0 DISPNAME {bind_op mul}} {BINDTYPE op ID {} IMPL fabric LATENCY 0 OPTYPE add PRAGMA {} RTLNAME add_ln266_1_fu_769_p2 SOURCE src/ecg_classifier.cpp:266 VARIABLE add_ln266_1 LOOP L4_IC_L4_K BUNDLEDNAME {} DSP 0 BRAM 0 URAM 0 DISPNAME {bind_op add}} {BINDTYPE op ID {} IMPL fabric LATENCY 0 OPTYPE add PRAGMA {} RTLNAME add_ln1347_1_fu_775_p2 SOURCE {C:/Xilinx/Vitis_HLS/2022.2/common/technology/autopilot\ap_fixed_base.h:1347} VARIABLE add_ln1347_1 LOOP L4_IC_L4_K BUNDLEDNAME {} DSP 0 BRAM 0 URAM 0 DISPNAME {bind_op add}} {BINDTYPE storage ID {} IMPL auto LATENCY 1 OPTYPE rom_2p PRAGMA {} RTLNAME clf_w_L4_W_V_U SOURCE {} VARIABLE clf_w_L4_W_V LOOP {} BUNDLEDNAME {} DSP 0 BRAM 16 URAM 0 DISPNAME {bind_storage rom_2p}}} AREA {DSP 4 BRAM 16 URAM 0}} ecg_classifier_Pipeline_GAP_NORM {BINDINFO {{BINDTYPE op ID {} IMPL fabric LATENCY 0 OPTYPE add PRAGMA {} RTLNAME add_ln280_fu_94_p2 SOURCE src/ecg_classifier.cpp:280 VARIABLE add_ln280 LOOP GAP_NORM BUNDLEDNAME {} DSP 0 BRAM 0 URAM 0 DISPNAME {bind_op add}} {BINDTYPE op ID {} IMPL auto LATENCY 0 OPTYPE mul PRAGMA {} RTLNAME mul_32s_12ns_44_1_1_U145 SOURCE {C:/Xilinx/Vitis_HLS/2022.2/common/technology/autopilot\ap_fixed_base.h:1273} VARIABLE r_V_11 LOOP GAP_NORM BUNDLEDNAME {} DSP 2 BRAM 0 URAM 0 DISPNAME {bind_op mul}}} AREA {DSP 2 BRAM 0 URAM 0}} ecg_classifier_Pipeline_D0_IC {BINDINFO {{BINDTYPE op ID {} IMPL fabric LATENCY 0 OPTYPE add PRAGMA {} RTLNAME add_ln291_fu_178_p2 SOURCE src/ecg_classifier.cpp:291 VARIABLE add_ln291 LOOP D0_IC BUNDLEDNAME {} DSP 0 BRAM 0 URAM 0 DISPNAME {bind_op add}} {BINDTYPE op ID {} IMPL fabric LATENCY 0 OPTYPE add PRAGMA {} RTLNAME add_ln837_fu_188_p2 SOURCE {C:/Xilinx/Vitis_HLS/2022.2/common/technology/autopilot\ap_fixed_base.h:837} VARIABLE add_ln837 LOOP D0_IC BUNDLEDNAME {} DSP 0 BRAM 0 URAM 0 DISPNAME {bind_op add}} {BINDTYPE op ID {} IMPL auto LATENCY 0 OPTYPE mul PRAGMA {} RTLNAME mul_24s_40s_63_1_1_U150 SOURCE {C:/Xilinx/Vitis_HLS/2022.2/common/technology/autopilot\ap_fixed_base.h:1273} VARIABLE r_V_13 LOOP D0_IC BUNDLEDNAME {} DSP 2 BRAM 0 URAM 0 DISPNAME {bind_op mul}} {BINDTYPE op ID {} IMPL fabric LATENCY 0 OPTYPE add PRAGMA {} RTLNAME ret_V_fu_290_p2 SOURCE {C:/Xilinx/Vitis_HLS/2022.2/common/technology/autopilot\ap_fixed_base.h:1347} VARIABLE ret_V LOOP D0_IC BUNDLEDNAME {} DSP 0 BRAM 0 URAM 0 DISPNAME {bind_op add}} {BINDTYPE op ID {} IMPL fabric LATENCY 0 OPTYPE add PRAGMA {} RTLNAME add_ln1347_3_fu_296_p2 SOURCE {C:/Xilinx/Vitis_HLS/2022.2/common/technology/autopilot\ap_fixed_base.h:1347} VARIABLE add_ln1347_3 LOOP D0_IC BUNDLEDNAME {} DSP 0 BRAM 0 URAM 0 DISPNAME {bind_op add}} {BINDTYPE storage ID {} IMPL auto LATENCY 1 OPTYPE rom_1p PRAGMA {} RTLNAME clf_w_L5_W_V_U SOURCE {} VARIABLE clf_w_L5_W_V LOOP {} BUNDLEDNAME {} DSP 0 BRAM 8 URAM 0 DISPNAME {bind_storage rom_1p}}} AREA {DSP 2 BRAM 8 URAM 0}} ecg_classifier_Pipeline_D1_IC {BINDINFO {{BINDTYPE op ID {} IMPL fabric LATENCY 0 OPTYPE add PRAGMA {} RTLNAME add_ln302_fu_161_p2 SOURCE src/ecg_classifier.cpp:302 VARIABLE add_ln302 LOOP D1_IC BUNDLEDNAME {} DSP 0 BRAM 0 URAM 0 DISPNAME {bind_op add}} {BINDTYPE op ID {} IMPL fabric LATENCY 0 OPTYPE add PRAGMA {} RTLNAME add_ln837_fu_167_p2 SOURCE {C:/Xilinx/Vitis_HLS/2022.2/common/technology/autopilot\ap_fixed_base.h:837} VARIABLE add_ln837 LOOP D1_IC BUNDLEDNAME {} DSP 0 BRAM 0 URAM 0 DISPNAME {bind_op add}} {BINDTYPE op ID {} IMPL auto LATENCY 0 OPTYPE mul PRAGMA {} RTLNAME mul_24s_39ns_63_1_1_U159 SOURCE {C:/Xilinx/Vitis_HLS/2022.2/common/technology/autopilot\ap_fixed_base.h:1273} VARIABLE r_V LOOP D1_IC BUNDLEDNAME {} DSP 2 BRAM 0 URAM 0 DISPNAME {bind_op mul}} {BINDTYPE op ID {} IMPL fabric LATENCY 0 OPTYPE add PRAGMA {} RTLNAME ret_V_fu_254_p2 SOURCE {C:/Xilinx/Vitis_HLS/2022.2/common/technology/autopilot\ap_fixed_base.h:1347} VARIABLE ret_V LOOP D1_IC BUNDLEDNAME {} DSP 0 BRAM 0 URAM 0 DISPNAME {bind_op add}} {BINDTYPE storage ID {} IMPL auto LATENCY 1 OPTYPE rom_1p PRAGMA {} RTLNAME clf_w_L6_W_V_U SOURCE {} VARIABLE clf_w_L6_W_V LOOP {} BUNDLEDNAME {} DSP 0 BRAM 1 URAM 0 DISPNAME {bind_storage rom_1p}}} AREA {DSP 2 BRAM 1 URAM 0}} ecg_classifier_Pipeline_WRITE_OUTPUT {BINDINFO {{BINDTYPE op ID {} IMPL fabric LATENCY 0 OPTYPE add PRAGMA {} RTLNAME i_2_fu_132_p2 SOURCE src/ecg_classifier.cpp:313 VARIABLE i_2 LOOP WRITE_OUTPUT BUNDLEDNAME {} DSP 0 BRAM 0 URAM 0 DISPNAME {bind_op add}} {BINDTYPE op ID {} IMPL fabric LATENCY 9 OPTYPE fdiv PRAGMA {} RTLNAME fdiv_32ns_32ns_32_10_no_dsp_1_U167 SOURCE src/ecg_classifier.cpp:315 VARIABLE val LOOP WRITE_OUTPUT BUNDLEDNAME {} DSP 0 BRAM 0 URAM 0 DISPNAME {bind_op fdiv}}} AREA {DSP 0 BRAM 0 URAM 0}} ecg_classifier {BINDINFO {{BINDTYPE storage ID {} IMPL lutram LATENCY 1 OPTYPE ram_1p PRAGMA yes RTLNAME input_buf_V_U SOURCE src/ecg_classifier.cpp:22 VARIABLE input_buf_V LOOP {} BUNDLEDNAME {} DSP 0 BRAM 0 URAM 0 DISPNAME {bind_storage ram_1p}} {BINDTYPE storage ID {} IMPL lutram LATENCY 1 OPTYPE ram_1p PRAGMA yes RTLNAME input_buf_V_1_U SOURCE src/ecg_classifier.cpp:22 VARIABLE input_buf_V_1 LOOP {} BUNDLEDNAME {} DSP 0 BRAM 0 URAM 0 DISPNAME {bind_storage ram_1p}} {BINDTYPE storage ID {} IMPL lutram LATENCY 1 OPTYPE ram_1p PRAGMA yes RTLNAME norm_buf_V_U SOURCE src/ecg_classifier.cpp:23 VARIABLE norm_buf_V LOOP {} BUNDLEDNAME {} DSP 0 BRAM 0 URAM 0 DISPNAME {bind_storage ram_1p}} {BINDTYPE storage ID {} IMPL lutram LATENCY 1 OPTYPE ram_1p PRAGMA yes RTLNAME norm_buf_V_1_U SOURCE src/ecg_classifier.cpp:23 VARIABLE norm_buf_V_1 LOOP {} BUNDLEDNAME {} DSP 0 BRAM 0 URAM 0 DISPNAME {bind_storage ram_1p}} {BINDTYPE storage ID {} IMPL auto LATENCY 1 OPTYPE ram_1p PRAGMA {} RTLNAME buf2_circ_V_U SOURCE src/ecg_classifier.cpp:29 VARIABLE buf2_circ_V LOOP {} BUNDLEDNAME {} DSP 0 BRAM 0 URAM 0 DISPNAME {bind_storage ram_1p}} {BINDTYPE storage ID {} IMPL auto LATENCY 1 OPTYPE ram_1p PRAGMA {} RTLNAME buf2_circ_V_1_U SOURCE src/ecg_classifier.cpp:29 VARIABLE buf2_circ_V_1 LOOP {} BUNDLEDNAME {} DSP 0 BRAM 0 URAM 0 DISPNAME {bind_storage ram_1p}} {BINDTYPE storage ID {} IMPL auto LATENCY 1 OPTYPE ram_1p PRAGMA {} RTLNAME buf2_circ_V_2_U SOURCE src/ecg_classifier.cpp:29 VARIABLE buf2_circ_V_2 LOOP {} BUNDLEDNAME {} DSP 0 BRAM 0 URAM 0 DISPNAME {bind_storage ram_1p}} {BINDTYPE storage ID {} IMPL auto LATENCY 1 OPTYPE ram_1p PRAGMA {} RTLNAME buf2_circ_V_3_U SOURCE src/ecg_classifier.cpp:29 VARIABLE buf2_circ_V_3 LOOP {} BUNDLEDNAME {} DSP 0 BRAM 0 URAM 0 DISPNAME {bind_storage ram_1p}} {BINDTYPE storage ID {} IMPL auto LATENCY 1 OPTYPE ram_1p PRAGMA {} RTLNAME buf2_circ_V_4_U SOURCE src/ecg_classifier.cpp:29 VARIABLE buf2_circ_V_4 LOOP {} BUNDLEDNAME {} DSP 0 BRAM 0 URAM 0 DISPNAME {bind_storage ram_1p}} {BINDTYPE storage ID {} IMPL auto LATENCY 1 OPTYPE ram_1p PRAGMA {} RTLNAME buf2_circ_V_5_U SOURCE src/ecg_classifier.cpp:29 VARIABLE buf2_circ_V_5 LOOP {} BUNDLEDNAME {} DSP 0 BRAM 0 URAM 0 DISPNAME {bind_storage ram_1p}} {BINDTYPE storage ID {} IMPL auto LATENCY 1 OPTYPE ram_1p PRAGMA {} RTLNAME buf2_circ_V_6_U SOURCE src/ecg_classifier.cpp:29 VARIABLE buf2_circ_V_6 LOOP {} BUNDLEDNAME {} DSP 0 BRAM 0 URAM 0 DISPNAME {bind_storage ram_1p}} {BINDTYPE storage ID {} IMPL auto LATENCY 1 OPTYPE ram_1p PRAGMA {} RTLNAME buf2_circ_V_7_U SOURCE src/ecg_classifier.cpp:29 VARIABLE buf2_circ_V_7 LOOP {} BUNDLEDNAME {} DSP 0 BRAM 0 URAM 0 DISPNAME {bind_storage ram_1p}} {BINDTYPE storage ID {} IMPL auto LATENCY 1 OPTYPE ram_1p PRAGMA {} RTLNAME buf2_circ_V_8_U SOURCE src/ecg_classifier.cpp:29 VARIABLE buf2_circ_V_8 LOOP {} BUNDLEDNAME {} DSP 0 BRAM 0 URAM 0 DISPNAME {bind_storage ram_1p}} {BINDTYPE storage ID {} IMPL auto LATENCY 1 OPTYPE ram_1p PRAGMA {} RTLNAME buf2_circ_V_9_U SOURCE src/ecg_classifier.cpp:29 VARIABLE buf2_circ_V_9 LOOP {} BUNDLEDNAME {} DSP 0 BRAM 0 URAM 0 DISPNAME {bind_storage ram_1p}} {BINDTYPE storage ID {} IMPL lutram LATENCY 1 OPTYPE ram_1p PRAGMA yes RTLNAME gap_buf_V_U SOURCE src/ecg_classifier.cpp:33 VARIABLE gap_buf_V LOOP {} BUNDLEDNAME {} DSP 0 BRAM 0 URAM 0 DISPNAME {bind_storage ram_1p}} {BINDTYPE storage ID {} IMPL lutram LATENCY 1 OPTYPE ram_1p PRAGMA yes RTLNAME gap_buf_V_1_U SOURCE src/ecg_classifier.cpp:33 VARIABLE gap_buf_V_1 LOOP {} BUNDLEDNAME {} DSP 0 BRAM 0 URAM 0 DISPNAME {bind_storage ram_1p}} {BINDTYPE storage ID {} IMPL lutram LATENCY 1 OPTYPE ram_1p PRAGMA yes RTLNAME dense0_buf_V_U SOURCE src/ecg_classifier.cpp:34 VARIABLE dense0_buf_V LOOP {} BUNDLEDNAME {} DSP 0 BRAM 0 URAM 0 DISPNAME {bind_storage ram_1p}} {BINDTYPE storage ID {} IMPL lutram LATENCY 1 OPTYPE ram_1p PRAGMA yes RTLNAME dense0_buf_V_1_U SOURCE src/ecg_classifier.cpp:34 VARIABLE dense0_buf_V_1 LOOP {} BUNDLEDNAME {} DSP 0 BRAM 0 URAM 0 DISPNAME {bind_storage ram_1p}} {BINDTYPE storage ID {} IMPL auto LATENCY 1 OPTYPE ram_t2p PRAGMA {} RTLNAME win0_V_U SOURCE src/ecg_classifier.cpp:81 VARIABLE win0_V LOOP {} BUNDLEDNAME {} DSP 0 BRAM 2 URAM 0 DISPNAME {bind_storage ram_t2p}} {BINDTYPE storage ID {} IMPL auto LATENCY 1 OPTYPE ram_t2p PRAGMA {} RTLNAME win0_V_1_U SOURCE src/ecg_classifier.cpp:81 VARIABLE win0_V_1 LOOP {} BUNDLEDNAME {} DSP 0 BRAM 2 URAM 0 DISPNAME {bind_storage ram_t2p}} {BINDTYPE storage ID {} IMPL auto LATENCY 1 OPTYPE ram_t2p PRAGMA {} RTLNAME win0_V_2_U SOURCE src/ecg_classifier.cpp:81 VARIABLE win0_V_2 LOOP {} BUNDLEDNAME {} DSP 0 BRAM 2 URAM 0 DISPNAME {bind_storage ram_t2p}} {BINDTYPE storage ID {} IMPL auto LATENCY 1 OPTYPE ram_t2p PRAGMA {} RTLNAME win0_V_3_U SOURCE src/ecg_classifier.cpp:81 VARIABLE win0_V_3 LOOP {} BUNDLEDNAME {} DSP 0 BRAM 2 URAM 0 DISPNAME {bind_storage ram_t2p}} {BINDTYPE storage ID {} IMPL auto LATENCY 1 OPTYPE ram_t2p PRAGMA {} RTLNAME win0_V_4_U SOURCE src/ecg_classifier.cpp:81 VARIABLE win0_V_4 LOOP {} BUNDLEDNAME {} DSP 0 BRAM 2 URAM 0 DISPNAME {bind_storage ram_t2p}} {BINDTYPE storage ID {} IMPL auto LATENCY 1 OPTYPE ram_t2p PRAGMA {} RTLNAME win0_V_5_U SOURCE src/ecg_classifier.cpp:81 VARIABLE win0_V_5 LOOP {} BUNDLEDNAME {} DSP 0 BRAM 2 URAM 0 DISPNAME {bind_storage ram_t2p}} {BINDTYPE storage ID {} IMPL auto LATENCY 1 OPTYPE ram_t2p PRAGMA {} RTLNAME win0_V_6_U SOURCE src/ecg_classifier.cpp:81 VARIABLE win0_V_6 LOOP {} BUNDLEDNAME {} DSP 0 BRAM 2 URAM 0 DISPNAME {bind_storage ram_t2p}} {BINDTYPE storage ID {} IMPL auto LATENCY 1 OPTYPE ram_t2p PRAGMA {} RTLNAME win01_V_U SOURCE src/ecg_classifier.cpp:95 VARIABLE win01_V LOOP {} BUNDLEDNAME {} DSP 0 BRAM 0 URAM 0 DISPNAME {bind_storage ram_t2p}} {BINDTYPE storage ID {} IMPL auto LATENCY 1 OPTYPE ram_t2p PRAGMA {} RTLNAME win01_V_1_U SOURCE src/ecg_classifier.cpp:95 VARIABLE win01_V_1 LOOP {} BUNDLEDNAME {} DSP 0 BRAM 0 URAM 0 DISPNAME {bind_storage ram_t2p}} {BINDTYPE storage ID {} IMPL auto LATENCY 1 OPTYPE ram_t2p PRAGMA {} RTLNAME win01_V_2_U SOURCE src/ecg_classifier.cpp:95 VARIABLE win01_V_2 LOOP {} BUNDLEDNAME {} DSP 0 BRAM 0 URAM 0 DISPNAME {bind_storage ram_t2p}} {BINDTYPE storage ID {} IMPL auto LATENCY 1 OPTYPE ram_t2p PRAGMA {} RTLNAME win01_V_3_U SOURCE src/ecg_classifier.cpp:95 VARIABLE win01_V_3 LOOP {} BUNDLEDNAME {} DSP 0 BRAM 0 URAM 0 DISPNAME {bind_storage ram_t2p}} {BINDTYPE storage ID {} IMPL auto LATENCY 1 OPTYPE ram_t2p PRAGMA {} RTLNAME win01_V_4_U SOURCE src/ecg_classifier.cpp:95 VARIABLE win01_V_4 LOOP {} BUNDLEDNAME {} DSP 0 BRAM 0 URAM 0 DISPNAME {bind_storage ram_t2p}} {BINDTYPE storage ID {} IMPL auto LATENCY 1 OPTYPE ram_t2p PRAGMA {} RTLNAME win01_V_5_U SOURCE src/ecg_classifier.cpp:95 VARIABLE win01_V_5 LOOP {} BUNDLEDNAME {} DSP 0 BRAM 0 URAM 0 DISPNAME {bind_storage ram_t2p}} {BINDTYPE storage ID {} IMPL auto LATENCY 1 OPTYPE ram_t2p PRAGMA {} RTLNAME win01_V_6_U SOURCE src/ecg_classifier.cpp:95 VARIABLE win01_V_6 LOOP {} BUNDLEDNAME {} DSP 0 BRAM 0 URAM 0 DISPNAME {bind_storage ram_t2p}} {BINDTYPE storage ID {} IMPL auto LATENCY 1 OPTYPE ram_t2p PRAGMA {} RTLNAME win01_V_7_U SOURCE src/ecg_classifier.cpp:95 VARIABLE win01_V_7 LOOP {} BUNDLEDNAME {} DSP 0 BRAM 0 URAM 0 DISPNAME {bind_storage ram_t2p}} {BINDTYPE storage ID {} IMPL auto LATENCY 1 OPTYPE ram_s2p PRAGMA {} RTLNAME l1_out_V_U SOURCE src/ecg_classifier.cpp:141 VARIABLE l1_out_V LOOP {} BUNDLEDNAME {} DSP 0 BRAM 0 URAM 0 DISPNAME {bind_storage ram_s2p}} {BINDTYPE storage ID {} IMPL auto LATENCY 1 OPTYPE ram_s2p PRAGMA {} RTLNAME l1_out_V_1_U SOURCE src/ecg_classifier.cpp:141 VARIABLE l1_out_V_1 LOOP {} BUNDLEDNAME {} DSP 0 BRAM 0 URAM 0 DISPNAME {bind_storage ram_s2p}} {BINDTYPE storage ID {} IMPL auto LATENCY 1 OPTYPE ram_t2p PRAGMA {} RTLNAME win23_V_U SOURCE src/ecg_classifier.cpp:203 VARIABLE win23_V LOOP {} BUNDLEDNAME {} DSP 0 BRAM 2 URAM 0 DISPNAME {bind_storage ram_t2p}} {BINDTYPE storage ID {} IMPL auto LATENCY 1 OPTYPE ram_t2p PRAGMA {} RTLNAME win23_V_1_U SOURCE src/ecg_classifier.cpp:203 VARIABLE win23_V_1 LOOP {} BUNDLEDNAME {} DSP 0 BRAM 2 URAM 0 DISPNAME {bind_storage ram_t2p}} {BINDTYPE storage ID {} IMPL auto LATENCY 1 OPTYPE ram_t2p PRAGMA {} RTLNAME win23_V_2_U SOURCE src/ecg_classifier.cpp:203 VARIABLE win23_V_2 LOOP {} BUNDLEDNAME {} DSP 0 BRAM 2 URAM 0 DISPNAME {bind_storage ram_t2p}} {BINDTYPE storage ID {} IMPL auto LATENCY 1 OPTYPE ram_t2p PRAGMA {} RTLNAME win23_V_3_U SOURCE src/ecg_classifier.cpp:203 VARIABLE win23_V_3 LOOP {} BUNDLEDNAME {} DSP 0 BRAM 2 URAM 0 DISPNAME {bind_storage ram_t2p}} {BINDTYPE storage ID {} IMPL auto LATENCY 1 OPTYPE ram_s2p PRAGMA {} RTLNAME l3_out_V_U SOURCE src/ecg_classifier.cpp:220 VARIABLE l3_out_V LOOP {} BUNDLEDNAME {} DSP 0 BRAM 2 URAM 0 DISPNAME {bind_storage ram_s2p}} {BINDTYPE storage ID {} IMPL auto LATENCY 1 OPTYPE ram_s2p PRAGMA {} RTLNAME l3_out_V_1_U SOURCE src/ecg_classifier.cpp:220 VARIABLE l3_out_V_1 LOOP {} BUNDLEDNAME {} DSP 0 BRAM 2 URAM 0 DISPNAME {bind_storage ram_s2p}} {BINDTYPE op ID {} IMPL auto LATENCY 0 OPTYPE mul PRAGMA {} RTLNAME mul_48s_10ns_56_1_1_U185 SOURCE {C:/Xilinx/Vitis_HLS/2022.2/common/technology/autopilot\ap_fixed_base.h:1273} VARIABLE r_V LOOP {} BUNDLEDNAME {} DSP 2 BRAM 0 URAM 0 DISPNAME {bind_op mul}} {BINDTYPE op ID {} IMPL auto LATENCY 0 OPTYPE mul PRAGMA {} RTLNAME mul_48s_10ns_56_1_1_U186 SOURCE {C:/Xilinx/Vitis_HLS/2022.2/common/technology/autopilot\ap_fixed_base.h:1273} VARIABLE r_V_14 LOOP {} BUNDLEDNAME {} DSP 2 BRAM 0 URAM 0 DISPNAME {bind_op mul}} {BINDTYPE op ID {} IMPL fabric LATENCY 0 OPTYPE sub PRAGMA {} RTLNAME tmp_V_fu_16173_p2 SOURCE {C:/Xilinx/Vitis_HLS/2022.2/common/technology/autopilot\ap_fixed_base.h:1094} VARIABLE tmp_V LOOP {} BUNDLEDNAME {} DSP 0 BRAM 0 URAM 0 DISPNAME {bind_op sub}} {BINDTYPE op ID {} IMPL fabric LATENCY 0 OPTYPE sub PRAGMA {} RTLNAME sub_ln1099_fu_16202_p2 SOURCE {C:/Xilinx/Vitis_HLS/2022.2/common/technology/autopilot\ap_fixed_base.h:1099} VARIABLE sub_ln1099 LOOP {} BUNDLEDNAME {} DSP 0 BRAM 0 URAM 0 DISPNAME {bind_op sub}} {BINDTYPE op ID {} IMPL fabric LATENCY 0 OPTYPE add PRAGMA {} RTLNAME lsb_index_fu_16208_p2 SOURCE {C:/Xilinx/Vitis_HLS/2022.2/common/technology/autopilot\ap_fixed_base.h:1099} VARIABLE lsb_index LOOP {} BUNDLEDNAME {} DSP 0 BRAM 0 URAM 0 DISPNAME {bind_op add}} {BINDTYPE op ID {} IMPL fabric LATENCY 0 OPTYPE sub PRAGMA {} RTLNAME sub_ln1102_fu_16234_p2 SOURCE {C:/Xilinx/Vitis_HLS/2022.2/common/technology/autopilot\ap_fixed_base.h:1102} VARIABLE sub_ln1102 LOOP {} BUNDLEDNAME {} DSP 0 BRAM 0 URAM 0 DISPNAME {bind_op sub}} {BINDTYPE op ID {} IMPL fabric LATENCY 0 OPTYPE add PRAGMA {} RTLNAME add_ln1113_fu_16323_p2 SOURCE {C:/Xilinx/Vitis_HLS/2022.2/common/technology/autopilot\ap_fixed_base.h:1113} VARIABLE add_ln1113 LOOP {} BUNDLEDNAME {} DSP 0 BRAM 0 URAM 0 DISPNAME {bind_op add}} {BINDTYPE op ID {} IMPL fabric LATENCY 0 OPTYPE sub PRAGMA {} RTLNAME sub_ln1114_fu_16338_p2 SOURCE {C:/Xilinx/Vitis_HLS/2022.2/common/technology/autopilot\ap_fixed_base.h:1114} VARIABLE sub_ln1114 LOOP {} BUNDLEDNAME {} DSP 0 BRAM 0 URAM 0 DISPNAME {bind_op sub}} {BINDTYPE op ID {} IMPL fabric LATENCY 0 OPTYPE add PRAGMA {} RTLNAME m_3_fu_16363_p2 SOURCE {C:/Xilinx/Vitis_HLS/2022.2/common/technology/autopilot\ap_fixed_base.h:1116} VARIABLE m_3 LOOP {} BUNDLEDNAME {} DSP 0 BRAM 0 URAM 0 DISPNAME {bind_op add}} {BINDTYPE op ID {} IMPL fabric LATENCY 9 OPTYPE fsqrt PRAGMA {} RTLNAME fsqrt_32ns_32ns_32_10_no_dsp_1_U182 SOURCE {C:\scratch\2022.2\hls_product\608\2022.2\src\shared\hls\clib\hlsmath\src\c++\sqrtfloat.cpp:8} VARIABLE d_assign LOOP {} BUNDLEDNAME {} DSP 0 BRAM 0 URAM 0 DISPNAME {bind_op fsqrt}} {BINDTYPE op ID {} IMPL fabric LATENCY 0 OPTYPE sub PRAGMA {} RTLNAME man_V_1_fu_16538_p2 SOURCE {C:/Xilinx/Vitis_HLS/2022.2/common/technology/autopilot\ap_int_base.h:455} VARIABLE man_V_1 LOOP {} BUNDLEDNAME {} DSP 0 BRAM 0 URAM 0 DISPNAME {bind_op sub}} {BINDTYPE op ID {} IMPL fabric LATENCY 0 OPTYPE sub PRAGMA {} RTLNAME F2_fu_16558_p2 SOURCE {C:/Xilinx/Vitis_HLS/2022.2/common/technology/autopilot\ap_fixed_base.h:564} VARIABLE F2 LOOP {} BUNDLEDNAME {} DSP 0 BRAM 0 URAM 0 DISPNAME {bind_op sub}} {BINDTYPE op ID {} IMPL fabric LATENCY 0 OPTYPE add PRAGMA {} RTLNAME add_ln570_fu_16570_p2 SOURCE {C:/Xilinx/Vitis_HLS/2022.2/common/technology/autopilot\ap_fixed_base.h:570} VARIABLE add_ln570 LOOP {} BUNDLEDNAME {} DSP 0 BRAM 0 URAM 0 DISPNAME {bind_op add}} {BINDTYPE op ID {} IMPL fabric LATENCY 0 OPTYPE sub PRAGMA {} RTLNAME sub_ln570_fu_16576_p2 SOURCE {C:/Xilinx/Vitis_HLS/2022.2/common/technology/autopilot\ap_fixed_base.h:570} VARIABLE sub_ln570 LOOP {} BUNDLEDNAME {} DSP 0 BRAM 0 URAM 0 DISPNAME {bind_op sub}} {BINDTYPE op ID {} IMPL fabric LATENCY 0 OPTYPE add PRAGMA {} RTLNAME add_ln813_2_fu_16716_p2 SOURCE {C:/Xilinx/Vitis_HLS/2022.2/common/technology/autopilot\ap_fixed_base.h:813} VARIABLE add_ln813_2 LOOP {} BUNDLEDNAME {} DSP 0 BRAM 0 URAM 0 DISPNAME {bind_op add}} {BINDTYPE op ID {} IMPL fabric LATENCY 0 OPTYPE add PRAGMA {} RTLNAME add_ln110_fu_16752_p2 SOURCE src/ecg_classifier.cpp:110 VARIABLE add_ln110 LOOP L012_T BUNDLEDNAME {} DSP 0 BRAM 0 URAM 0 DISPNAME {bind_op add}} {BINDTYPE op ID {} IMPL fabric LATENCY 0 OPTYPE add PRAGMA {} RTLNAME add_ln113_2_fu_17416_p2 SOURCE src/ecg_classifier.cpp:113 VARIABLE add_ln113_2 LOOP L0_STRIDE_FILL_L0_OC_FILL BUNDLEDNAME {} DSP 0 BRAM 0 URAM 0 DISPNAME {bind_op add}} {BINDTYPE op ID {} IMPL fabric LATENCY 0 OPTYPE add PRAGMA {} RTLNAME add_ln113_fu_17422_p2 SOURCE src/ecg_classifier.cpp:113 VARIABLE add_ln113 LOOP L0_STRIDE_FILL_L0_OC_FILL BUNDLEDNAME {} DSP 0 BRAM 0 URAM 0 DISPNAME {bind_op add}} {BINDTYPE op ID {} IMPL fabric LATENCY 0 OPTYPE add PRAGMA {} RTLNAME add_ln113_1_fu_17450_p2 SOURCE src/ecg_classifier.cpp:113 VARIABLE add_ln113_1 LOOP L0_STRIDE_FILL_L0_OC_FILL BUNDLEDNAME {} DSP 0 BRAM 0 URAM 0 DISPNAME {bind_op add}} {BINDTYPE op ID {} IMPL fabric LATENCY 0 OPTYPE sub PRAGMA {} RTLNAME sub_ln837_fu_20681_p2 SOURCE {C:/Xilinx/Vitis_HLS/2022.2/common/technology/autopilot\ap_fixed_base.h:837} VARIABLE sub_ln837 LOOP L0_STRIDE_FILL_L0_OC_FILL BUNDLEDNAME {} DSP 0 BRAM 0 URAM 0 DISPNAME {bind_op sub}} {BINDTYPE op ID {} IMPL fabric LATENCY 0 OPTYPE add PRAGMA {} RTLNAME add_ln127_fu_20687_p2 SOURCE src/ecg_classifier.cpp:127 VARIABLE add_ln127 LOOP L0_STRIDE_FILL_L0_OC_FILL BUNDLEDNAME {} DSP 0 BRAM 0 URAM 0 DISPNAME {bind_op add}} {BINDTYPE op ID {} IMPL fabric LATENCY 0 OPTYPE add PRAGMA {} RTLNAME add_ln145_fu_20796_p2 SOURCE src/ecg_classifier.cpp:145 VARIABLE add_ln145 LOOP L1_OC BUNDLEDNAME {} DSP 0 BRAM 0 URAM 0 DISPNAME {bind_op add}} {BINDTYPE op ID {} IMPL fabric LATENCY 0 OPTYPE add PRAGMA {} RTLNAME add_ln176_fu_21542_p2 SOURCE src/ecg_classifier.cpp:176 VARIABLE add_ln176 LOOP L2_OC_GROUP BUNDLEDNAME {} DSP 0 BRAM 0 URAM 0 DISPNAME {bind_op add}} {BINDTYPE op ID {} IMPL fabric LATENCY 0 OPTYPE add PRAGMA {} RTLNAME add_ln110_1_fu_21155_p2 SOURCE src/ecg_classifier.cpp:110 VARIABLE add_ln110_1 LOOP L012_T BUNDLEDNAME {} DSP 0 BRAM 0 URAM 0 DISPNAME {bind_op add}} {BINDTYPE op ID {} IMPL fabric LATENCY 0 OPTYPE add PRAGMA {} RTLNAME add_ln218_fu_21557_p2 SOURCE src/ecg_classifier.cpp:218 VARIABLE add_ln218 LOOP L34_T BUNDLEDNAME {} DSP 0 BRAM 0 URAM 0 DISPNAME {bind_op add}} {BINDTYPE op ID {} IMPL fabric LATENCY 0 OPTYPE add PRAGMA {} RTLNAME add_ln233_fu_21575_p2 SOURCE src/ecg_classifier.cpp:233 VARIABLE add_ln233 LOOP L34_T BUNDLEDNAME {} DSP 0 BRAM 0 URAM 0 DISPNAME {bind_op add}} {BINDTYPE op ID {} IMPL fabric LATENCY 0 OPTYPE add PRAGMA {} RTLNAME add_ln224_fu_21624_p2 SOURCE src/ecg_classifier.cpp:224 VARIABLE add_ln224 LOOP L3_OC_GROUP BUNDLEDNAME {} DSP 0 BRAM 0 URAM 0 DISPNAME {bind_op add}} {BINDTYPE op ID {} IMPL fabric LATENCY 0 OPTYPE add PRAGMA {} RTLNAME add_ln813_fu_22828_p2 SOURCE {C:/Xilinx/Vitis_HLS/2022.2/common/technology/autopilot\ap_fixed_base.h:813} VARIABLE add_ln813 LOOP L4_GAP_OC_GROUP BUNDLEDNAME {} DSP 0 BRAM 0 URAM 0 DISPNAME {bind_op add}} {BINDTYPE op ID {} IMPL fabric LATENCY 0 OPTYPE add PRAGMA {} RTLNAME add_ln813_1_fu_22857_p2 SOURCE {C:/Xilinx/Vitis_HLS/2022.2/common/technology/autopilot\ap_fixed_base.h:813} VARIABLE add_ln813_1 LOOP L4_GAP_OC_GROUP BUNDLEDNAME {} DSP 0 BRAM 0 URAM 0 DISPNAME {bind_op add}} {BINDTYPE op ID {} IMPL fabric LATENCY 0 OPTYPE add PRAGMA {} RTLNAME add_ln260_fu_22239_p2 SOURCE src/ecg_classifier.cpp:260 VARIABLE add_ln260 LOOP L4_GAP_OC_GROUP BUNDLEDNAME {} DSP 0 BRAM 0 URAM 0 DISPNAME {bind_op add}} {BINDTYPE op ID {} IMPL fabric LATENCY 0 OPTYPE add PRAGMA {} RTLNAME add_ln288_fu_22877_p2 SOURCE src/ecg_classifier.cpp:288 VARIABLE add_ln288 LOOP D0_OC BUNDLEDNAME {} DSP 0 BRAM 0 URAM 0 DISPNAME {bind_op add}} {BINDTYPE op ID {} IMPL fabric LATENCY 0 OPTYPE sub PRAGMA {} RTLNAME sub_ln837_2_fu_22911_p2 SOURCE {C:/Xilinx/Vitis_HLS/2022.2/common/technology/autopilot\ap_fixed_base.h:837} VARIABLE sub_ln837_2 LOOP D0_OC BUNDLEDNAME {} DSP 0 BRAM 0 URAM 0 DISPNAME {bind_op sub}} {BINDTYPE op ID {} IMPL fabric LATENCY 0 OPTYPE add PRAGMA {} RTLNAME add_ln299_fu_22984_p2 SOURCE src/ecg_classifier.cpp:299 VARIABLE add_ln299 LOOP D1_OC BUNDLEDNAME {} DSP 0 BRAM 0 URAM 0 DISPNAME {bind_op add}} {BINDTYPE op ID {} IMPL fabric LATENCY 0 OPTYPE sub PRAGMA {} RTLNAME tmp_V_2_fu_23032_p2 SOURCE {C:/Xilinx/Vitis_HLS/2022.2/common/technology/autopilot\ap_fixed_base.h:1094} VARIABLE tmp_V_2 LOOP D1_OC BUNDLEDNAME {} DSP 0 BRAM 0 URAM 0 DISPNAME {bind_op sub}} {BINDTYPE op ID {} IMPL fabric LATENCY 0 OPTYPE sub PRAGMA {} RTLNAME sub_ln1099_1_fu_23082_p2 SOURCE {C:/Xilinx/Vitis_HLS/2022.2/common/technology/autopilot\ap_fixed_base.h:1099} VARIABLE sub_ln1099_1 LOOP D1_OC BUNDLEDNAME {} DSP 0 BRAM 0 URAM 0 DISPNAME {bind_op sub}} {BINDTYPE op ID {} IMPL fabric LATENCY 0 OPTYPE add PRAGMA {} RTLNAME lsb_index_1_fu_23088_p2 SOURCE {C:/Xilinx/Vitis_HLS/2022.2/common/technology/autopilot\ap_fixed_base.h:1099} VARIABLE lsb_index_1 LOOP D1_OC BUNDLEDNAME {} DSP 0 BRAM 0 URAM 0 DISPNAME {bind_op add}} {BINDTYPE op ID {} IMPL fabric LATENCY 0 OPTYPE sub PRAGMA {} RTLNAME sub_ln1102_1_fu_23114_p2 SOURCE {C:/Xilinx/Vitis_HLS/2022.2/common/technology/autopilot\ap_fixed_base.h:1102} VARIABLE sub_ln1102_1 LOOP D1_OC BUNDLEDNAME {} DSP 0 BRAM 0 URAM 0 DISPNAME {bind_op sub}} {BINDTYPE op ID {} IMPL fabric LATENCY 0 OPTYPE add PRAGMA {} RTLNAME add_ln1109_fu_23196_p2 SOURCE {C:/Xilinx/Vitis_HLS/2022.2/common/technology/autopilot\ap_fixed_base.h:1109} VARIABLE add_ln1109 LOOP D1_OC BUNDLEDNAME {} DSP 0 BRAM 0 URAM 0 DISPNAME {bind_op add}} {BINDTYPE op ID {} IMPL fabric LATENCY 0 OPTYPE sub PRAGMA {} RTLNAME sub_ln1110_fu_23202_p2 SOURCE {C:/Xilinx/Vitis_HLS/2022.2/common/technology/autopilot\ap_fixed_base.h:1110} VARIABLE sub_ln1110 LOOP D1_OC BUNDLEDNAME {} DSP 0 BRAM 0 URAM 0 DISPNAME {bind_op sub}} {BINDTYPE op ID {} IMPL fabric LATENCY 0 OPTYPE add PRAGMA {} RTLNAME m_5_fu_23242_p2 SOURCE {C:/Xilinx/Vitis_HLS/2022.2/common/technology/autopilot\ap_fixed_base.h:1116} VARIABLE m_5 LOOP D1_OC BUNDLEDNAME {} DSP 0 BRAM 0 URAM 0 DISPNAME {bind_op add}} {BINDTYPE op ID {} IMPL fulldsp LATENCY 7 OPTYPE fexp PRAGMA {} RTLNAME fexp_32ns_32ns_32_8_full_dsp_1_U183 SOURCE {C:\scratch\2022.2\hls_product\608\2022.2\src\shared\hls\clib\hlsmath\src\common\hls_exp_float.cpp:17} VARIABLE ea LOOP {} BUNDLEDNAME {} DSP 7 BRAM 0 URAM 0 DISPNAME {bind_op fexp}} {BINDTYPE op ID {} IMPL fulldsp LATENCY 7 OPTYPE fexp PRAGMA {} RTLNAME fexp_32ns_32ns_32_8_full_dsp_1_U184 SOURCE {C:\scratch\2022.2\hls_product\608\2022.2\src\shared\hls\clib\hlsmath\src\common\hls_exp_float.cpp:17} VARIABLE eb LOOP {} BUNDLEDNAME {} DSP 7 BRAM 0 URAM 0 DISPNAME {bind_op fexp}} {BINDTYPE op ID {} IMPL fulldsp LATENCY 3 OPTYPE fadd PRAGMA {} RTLNAME fadd_32ns_32ns_32_4_full_dsp_1_U179 SOURCE src/ecg_classifier.cpp:9 VARIABLE s_1 LOOP {} BUNDLEDNAME {} DSP 2 BRAM 0 URAM 0 DISPNAME {bind_op fadd}} {BINDTYPE storage ID {} IMPL auto LATENCY 1 OPTYPE rom_1p PRAGMA {} RTLNAME clf_w_L0_b_V_U SOURCE {} VARIABLE clf_w_L0_b_V LOOP {} BUNDLEDNAME {} DSP 0 BRAM 0 URAM 0 DISPNAME {bind_storage rom_1p}} {BINDTYPE storage ID {} IMPL auto LATENCY 1 OPTYPE rom_1p PRAGMA {} RTLNAME clf_w_L1_b_V_U SOURCE {} VARIABLE clf_w_L1_b_V LOOP {} BUNDLEDNAME {} DSP 0 BRAM 0 URAM 0 DISPNAME {bind_storage rom_1p}} {BINDTYPE storage ID {} IMPL auto LATENCY 1 OPTYPE rom_2p PRAGMA {} RTLNAME clf_w_L2_b_V_U SOURCE {} VARIABLE clf_w_L2_b_V LOOP {} BUNDLEDNAME {} DSP 0 BRAM 0 URAM 0 DISPNAME {bind_storage rom_2p}} {BINDTYPE storage ID {} IMPL auto LATENCY 1 OPTYPE rom_2p PRAGMA {} RTLNAME clf_w_L3_b_V_U SOURCE {} VARIABLE clf_w_L3_b_V LOOP {} BUNDLEDNAME {} DSP 0 BRAM 0 URAM 0 DISPNAME {bind_storage rom_2p}} {BINDTYPE storage ID {} IMPL auto LATENCY 1 OPTYPE rom_2p PRAGMA {} RTLNAME clf_w_L4_b_V_U SOURCE {} VARIABLE clf_w_L4_b_V LOOP {} BUNDLEDNAME {} DSP 0 BRAM 1 URAM 0 DISPNAME {bind_storage rom_2p}} {BINDTYPE storage ID {} IMPL auto LATENCY 1 OPTYPE rom_1p PRAGMA {} RTLNAME clf_w_L5_b_V_U SOURCE {} VARIABLE clf_w_L5_b_V LOOP {} BUNDLEDNAME {} DSP 0 BRAM 0 URAM 0 DISPNAME {bind_storage rom_1p}} {BINDTYPE storage ID {} IMPL auto LATENCY 1 OPTYPE rom_1p PRAGMA {} RTLNAME clf_w_L6_b_V_U SOURCE {} VARIABLE clf_w_L6_b_V LOOP {} BUNDLEDNAME {} DSP 0 BRAM 0 URAM 0 DISPNAME {bind_storage rom_1p}}} AREA {DSP 51 BRAM 87 URAM 0}}}}'
INFO-FLOW: DBG:PUTS:      update_csynth_reports json2rpt_hw_sw_interfaces
INFO-FLOW: Running: gen_csynth_sec_pragma
INFO-FLOW: Done: gen_csynth_sec_pragma time: 0.5 seconds per iteration
INFO-FLOW: DBG:PUTS:      update_csynth_reports wrote xml
INFO-FLOW: DBG:PUTS:      update_csynth_reports appended to csynth rpt file
INFO: [HLS 200-111] Finished Updating report files: CPU user time: 3 seconds. CPU system time: 1 seconds. Elapsed time: 5.162 seconds; current allocated memory: 654.875 MB.
INFO: [VHDL 208-304] Generating VHDL RTL for ecg_classifier.
INFO: [VLOG 209-307] Generating Verilog RTL for ecg_classifier.
Execute       syn_report -model ecg_classifier -printsummary 
INFO: [HLS 200-790] **** Loop Constraint Status: All loop constraints were NOT satisfied.
INFO: [HLS 200-789] **** Estimated Fmax: 107.61 MHz
Command     autosyn done; 87.318 sec.
Command   csynth_design done; 627.413 sec.
INFO: [HLS 200-111] Finished Command csynth_design CPU user time: 121 seconds. CPU system time: 15 seconds. Elapsed time: 627.413 seconds; current allocated memory: 546.242 MB.
Command ap_source done; 639.687 sec.
Execute cleanup_all 
Command cleanup_all done; 0.181 sec.
INFO-FLOW: Workspace C:/ecg_hls/ecg_classifier_ip/solution1 opened at Sat Apr 04 11:01:15 +0530 2026
Execute     ap_set_clock -name default -period 13 -default=false 
INFO: [SYN 201-201] Setting up clock 'default' with a period of 13ns.
Execute     set_part xc7z030-sbg485-2 
Execute       create_platform xc7z030-sbg485-2 -board  
DBG:HLSDevice: Trying to load device library: C:/Xilinx/Vitis_HLS/2022.2\lib\win64.o\xv_hlsvwrap.dll
DBG:HLSDevice: first parts/arch.xml in RDI_DATADIR: C:/Xilinx/Vivado/2022.2/data/parts/arch.xml
DBG:HLSDevice: init success
INFO: [HLS 200-1611] Setting target device to 'xc7z030-sbg485-2'
Command       create_platform done; 1.29 sec.
Execute       source C:/Xilinx/Vitis_HLS/2022.2/common/technology/xilinx/common/xilinx.gen 
Execute         source C:/Xilinx/Vitis_HLS/2022.2/common/technology/xilinx/interface/plb46.gen 
Execute         source C:/Xilinx/Vitis_HLS/2022.2/common/technology/xilinx/interface/axi4.gen 
Execute         source C:/Xilinx/Vitis_HLS/2022.2/common/technology/xilinx/interface/nativeAXI4.gen 
Execute           source C:/Xilinx/Vitis_HLS/2022.2/common/technology/xilinx/interface/saxilite.gen 
Execute         source C:/Xilinx/Vitis_HLS/2022.2/common/technology/xilinx/scripts/xilinxcoregen.gen 
Execute         source C:/Xilinx/Vitis_HLS/2022.2/common/technology/xilinx/interface/XilEDKCoreGen.gen 
Execute         source C:/Xilinx/Vitis_HLS/2022.2/common/technology/xilinx/ip/dds_compiler.gen 
Execute         source C:/Xilinx/Vitis_HLS/2022.2/common/technology/xilinx/ip/util.gen 
Execute         source C:/Xilinx/Vitis_HLS/2022.2/common/technology/xilinx/ip/xfft.gen 
Command         ap_source done; 0.12 sec.
Execute         source C:/Xilinx/Vitis_HLS/2022.2/common/technology/xilinx/ip/xfir.gen 
Execute         source C:/Xilinx/Vitis_HLS/2022.2/common/technology/xilinx/DSP48/dsp48.gen 
Command       ap_source done; 0.166 sec.
Execute       ap_part_info -name xc7z030-sbg485-2 -data info 
Execute       config_compile -quiet -complex-mul-dsp=0 
Command     set_part done; 1.498 sec.
Execute     send_msg_by_id INFO @200-1505@%s%s  vivado 
INFO: [HLS 200-1505] Using flow_target 'vivado'
Execute     send_msg_by_id INFO @200-1464@%s config_export -description {ECG Classifier 1D-CNN} 
INFO: [HLS 200-1464] Running solution command: config_export -description {ECG Classifier 1D-CNN}
Execute     config_export -description ECG Classifier 1D-CNN 
Execute     send_msg_by_id INFO @200-1464@%s config_export -display_name=ecg_classifier 
INFO: [HLS 200-1464] Running solution command: config_export -display_name=ecg_classifier
Execute     config_export -display_name=ecg_classifier 
Execute     send_msg_by_id INFO @200-1464@%s config_export -library=ECG 
INFO: [HLS 200-1464] Running solution command: config_export -library=ECG
Execute     config_export -library=ECG 
Execute     send_msg_by_id INFO @200-1464@%s config_export -output=C:/ecg_hls/ecg_classifier_ip 
INFO: [HLS 200-1464] Running solution command: config_export -output=C:/ecg_hls/ecg_classifier_ip
Execute     config_export -output=C:/ecg_hls/ecg_classifier_ip 
Execute     send_msg_by_id INFO @200-1464@%s config_export -vendor=MyOrg 
INFO: [HLS 200-1464] Running solution command: config_export -vendor=MyOrg
Execute     config_export -vendor=MyOrg 
Execute     send_msg_by_id INFO @200-1464@%s config_export -version=1.0 
INFO: [HLS 200-1464] Running solution command: config_export -version=1.0
Execute     config_export -version=1.0 
Command   open_solution done; 1.758 sec.
Execute   set_part xc7z030-sbg485-2 
INFO: [HLS 200-1510] Running: set_part xc7z030-sbg485-2 
Execute     create_platform xc7z030-sbg485-2 -board  
Execute     source C:/Xilinx/Vitis_HLS/2022.2/common/technology/xilinx/common/xilinx.gen 
Execute       source C:/Xilinx/Vitis_HLS/2022.2/common/technology/xilinx/interface/plb46.gen 
Execute       source C:/Xilinx/Vitis_HLS/2022.2/common/technology/xilinx/interface/axi4.gen 
Execute       source C:/Xilinx/Vitis_HLS/2022.2/common/technology/xilinx/interface/nativeAXI4.gen 
Execute         source C:/Xilinx/Vitis_HLS/2022.2/common/technology/xilinx/interface/saxilite.gen 
Execute       source C:/Xilinx/Vitis_HLS/2022.2/common/technology/xilinx/scripts/xilinxcoregen.gen 
Execute       source C:/Xilinx/Vitis_HLS/2022.2/common/technology/xilinx/interface/XilEDKCoreGen.gen 
Execute       source C:/Xilinx/Vitis_HLS/2022.2/common/technology/xilinx/ip/dds_compiler.gen 
Execute       source C:/Xilinx/Vitis_HLS/2022.2/common/technology/xilinx/ip/util.gen 
Execute       source C:/Xilinx/Vitis_HLS/2022.2/common/technology/xilinx/ip/xfft.gen 
Command       ap_source done; 0.118 sec.
Execute       source C:/Xilinx/Vitis_HLS/2022.2/common/technology/xilinx/ip/xfir.gen 
Execute       source C:/Xilinx/Vitis_HLS/2022.2/common/technology/xilinx/DSP48/dsp48.gen 
Command     ap_source done; 0.163 sec.
Execute     ap_part_info -name xc7z030-sbg485-2 -data info 
Execute     config_compile -quiet -complex-mul-dsp=0 
Command   set_part done; 0.238 sec.
Execute   create_clock -period 13 -name default 
INFO: [HLS 200-1510] Running: create_clock -period 13 -name default 
Execute   config_export -description ECG Classifier 1D-CNN -display_name ecg_classifier -library ECG -output C:/ecg_hls/ecg_classifier_ip -vendor MyOrg -version 1.0 
INFO: [HLS 200-1510] Running: config_export -description ECG Classifier 1D-CNN -display_name ecg_classifier -library ECG -output C:/ecg_hls/ecg_classifier_ip -vendor MyOrg -version 1.0 
Execute   source ./ecg_classifier_ip/solution1/directives.tcl 
INFO: [HLS 200-1510] Running: source ./ecg_classifier_ip/solution1/directives.tcl
Execute     set_directive_top -name ecg_classifier ecg_classifier 
INFO: [HLS 200-1510] Running: set_directive_top -name ecg_classifier ecg_classifier 
Execute   export_design -rtl verilog -format ip_catalog -output C:/ecg_hls/ecg_classifier_ip 
INFO: [HLS 200-1510] Running: export_design -rtl verilog -format ip_catalog -output C:/ecg_hls/ecg_classifier_ip 
Execute     config_export -format=ip_catalog -output=C:/ecg_hls/ecg_classifier_ip -rtl=verilog 
INFO-FLOW: DBG:PUTS: export_design_wrap: -format ip_catalog -rtl verilog -vendor MyOrg -library ECG -version 1.0 -description {ECG Classifier 1D-CNN} -display_name ecg_classifier
Execute     source C:/ecg_hls/ecg_classifier_ip/solution1/.autopilot/db/global.setting.tcl 
INFO-FLOW: DBG:PUTS:   auto_impl: pack: -export -rtl verilog
INFO-FLOW: DBG:PROC: ::AESL_AUTOIMPL::auto_impl args='-export -rtl verilog'
Execute     source C:/ecg_hls/ecg_classifier_ip/solution1/.autopilot/db/global.setting.tcl 
INFO: [IMPL 213-8] Exporting RTL as a Vivado IP.
Execute     source C:/ecg_hls/ecg_classifier_ip/solution1/.autopilot/db/global.setting.tcl 
INFO-FLOW: DBG:PUTS: automg_wrap -export -pcore_version 1.00.a -rtl vlog -tool Vivado -impltomg_flag
INFO-FLOW: DBG:PROC: ::AESL_AUTOMG::auto_generate args='-export -pcore_version 1.00.a -rtl vlog -tool Vivado -impltomg_flag'
INFO-FLOW: DBG:PUTS:     auto_generate -export -pcore_version 1.00.a -rtl vlog -tool Vivado -impltomg_flag
Execute     source C:/ecg_hls/ecg_classifier_ip/solution1/.autopilot/db/global.setting.tcl 
INFO-FLOW: DBG:PUTS: read_platform_lib C:/ecg_hls/ecg_classifier_ip/solution1/.autopilot/db/global.setting.tcl
Execute     source C:/Xilinx/Vitis_HLS/2022.2/common/technology/generic/autopilot/common.gen 
Execute       source C:/Xilinx/Vitis_HLS/2022.2/common/technology/generic/autopilot/APCoreGen.gen 
Execute     source C:/Xilinx/Vitis_HLS/2022.2/common/technology/generic/autopilot/op.gen 
Execute     source C:/Xilinx/Vitis_HLS/2022.2/common/technology/generic/autopilot/op_simcore.gen 
Execute     source C:/Xilinx/Vitis_HLS/2022.2/common/technology/generic/autopilot/interface.gen 
Execute     source C:/ecg_hls/ecg_classifier_ip/solution1/.autopilot/db/global.setting.tcl 
Execute     source C:/Xilinx/Vitis_HLS/2022.2/common/technology/xilinx/common/xilinx.gen 
Execute       source C:/Xilinx/Vitis_HLS/2022.2/common/technology/xilinx/interface/plb46.gen 
Execute       source C:/Xilinx/Vitis_HLS/2022.2/common/technology/xilinx/interface/axi4.gen 
Execute       source C:/Xilinx/Vitis_HLS/2022.2/common/technology/xilinx/interface/nativeAXI4.gen 
Execute         source C:/Xilinx/Vitis_HLS/2022.2/common/technology/xilinx/interface/saxilite.gen 
Execute       source C:/Xilinx/Vitis_HLS/2022.2/common/technology/xilinx/scripts/xilinxcoregen.gen 
Execute       source C:/Xilinx/Vitis_HLS/2022.2/common/technology/xilinx/interface/XilEDKCoreGen.gen 
Execute       source C:/Xilinx/Vitis_HLS/2022.2/common/technology/xilinx/ip/dds_compiler.gen 
Execute       source C:/Xilinx/Vitis_HLS/2022.2/common/technology/xilinx/ip/util.gen 
Execute       source C:/Xilinx/Vitis_HLS/2022.2/common/technology/xilinx/ip/xfft.gen 
Command       ap_source done; 0.105 sec.
Execute       source C:/Xilinx/Vitis_HLS/2022.2/common/technology/xilinx/ip/xfir.gen 
Execute       source C:/Xilinx/Vitis_HLS/2022.2/common/technology/xilinx/DSP48/dsp48.gen 
Command     ap_source done; 0.149 sec.
INFO-FLOW: DBG:PUTS:   using AESL_AUTOCG::g_clock_period=13.000 (was NA)
INFO-FLOW: DBG:PUTS:       initCTypeInfo top_module=ecg_classifier xml_exists=0
Execute     source C:/ecg_hls/ecg_classifier_ip/solution1/.autopilot/db/ecg_classifier.rtl_wrap.cfg.tcl 
Execute     source C:/ecg_hls/ecg_classifier_ip/solution1/.autopilot/db/ecg_classifier.rtl_wrap.cfg.tcl 
Execute     source C:/ecg_hls/ecg_classifier_ip/solution1/.autopilot/db/ecg_classifier.rtl_wrap.cfg.tcl 
Execute     source C:/ecg_hls/ecg_classifier_ip/solution1/.autopilot/db/ecg_classifier.tbgen.tcl 
Execute     source C:/ecg_hls/ecg_classifier_ip/solution1/.autopilot/db/ecg_classifier.tbgen.tcl 
Execute     source C:/ecg_hls/ecg_classifier_ip/solution1/.autopilot/db/global.setting.tcl 
Execute     source C:/ecg_hls/ecg_classifier_ip/solution1/.autopilot/db/ecg_classifier.tbgen.tcl 
INFO-FLOW: DBG:PUTS:       cosim_export_main adding deadlock detection to ecg_classifier
INFO-FLOW: DBG:PUTS: Skipping loadAnalyze_DB, #g_database=14
INFO-FLOW: DBG:PUTS:       generate_json generate_bd_files=0 generate_xo_files=false #modelList=94 #gSsdmPorts=0
INFO-FLOW: DBG:PROC: ::AP::DESIGN_DATA::generate_json generate_bd_files='0' generate_xo_files='false' modelList='ecg_classifier_flow_control_loop_pipe_sequential_init
ecg_classifier_mux_21_32_1_1
ecg_classifier_flow_control_loop_pipe_sequential_init
ecg_classifier_mul_40s_40s_72_1_1
ecg_classifier_flow_control_loop_pipe_sequential_init
ecg_classifier_mul_33s_32s_48_1_1
ecg_classifier_flow_control_loop_pipe_sequential_init
ecg_classifier_mul_27s_40s_66_1_1
ecg_classifier_ecg_classifier_Pipeline_L0_K_FILL_L0_W_V_0_ROM_AUTO_1R
ecg_classifier_flow_control_loop_pipe_sequential_init
ecg_classifier_mux_73_32_1_1
ecg_classifier_mul_23s_40s_62_1_1
ecg_classifier_ecg_classifier_Pipeline_L1_IC_L1_K_clf_w_L1_W_V_ROM_AUTO_1R
ecg_classifier_flow_control_loop_pipe_sequential_init
ecg_classifier_mux_21_31_1_1
ecg_classifier_mux_53_31_1_1
ecg_classifier_mul_23s_39ns_62_1_1
ecg_classifier_ecg_classifier_Pipeline_L2_IC_L2_K_clf_w_L2_W_V_ROM_AUTO_1R
ecg_classifier_flow_control_loop_pipe_sequential_init
ecg_classifier_flow_control_loop_pipe_sequential_init
ecg_classifier_urem_32s_4ns_3_36_1
ecg_classifier_mux_21_15_1_1
ecg_classifier_mux_53_15_1_1
ecg_classifier_mul_22s_31ns_53_1_1
ecg_classifier_ecg_classifier_Pipeline_L3_IC_L3_K_clf_w_L3_W_V_ROM_AUTO_1R
ecg_classifier_flow_control_loop_pipe_sequential_init
ecg_classifier_mux_32_31_1_1
ecg_classifier_mul_22s_39ns_61_1_1
ecg_classifier_ecg_classifier_Pipeline_L4_IC_L4_K_clf_w_L4_W_V_ROM_AUTO_1R
ecg_classifier_flow_control_loop_pipe_sequential_init
ecg_classifier_mul_32s_12ns_44_1_1
ecg_classifier_flow_control_loop_pipe_sequential_init
ecg_classifier_mul_24s_40s_63_1_1
ecg_classifier_ecg_classifier_Pipeline_D0_IC_clf_w_L5_W_V_ROM_AUTO_1R
ecg_classifier_flow_control_loop_pipe_sequential_init
ecg_classifier_mul_24s_39ns_63_1_1
ecg_classifier_ecg_classifier_Pipeline_D1_IC_clf_w_L6_W_V_ROM_AUTO_1R
ecg_classifier_flow_control_loop_pipe_sequential_init
ecg_classifier_fdiv_32ns_32ns_32_10_no_dsp_1
ecg_classifier_flow_control_loop_pipe_sequential_init
ecg_classifier_fadd_32ns_32ns_32_4_full_dsp_1
ecg_classifier_fpext_32ns_64_2_no_dsp_1
ecg_classifier_fcmp_32ns_32ns_1_2_no_dsp_1
ecg_classifier_fsqrt_32ns_32ns_32_10_no_dsp_1
ecg_classifier_fexp_32ns_32ns_32_8_full_dsp_1
ecg_classifier_mul_48s_10ns_56_1_1
ecg_classifier_sdiv_34ns_32s_32_38_seq_1
ecg_classifier_clf_w_L0_b_V_ROM_AUTO_1R
ecg_classifier_clf_w_L1_b_V_ROM_AUTO_1R
ecg_classifier_clf_w_L2_b_V_ROM_AUTO_1R
ecg_classifier_clf_w_L3_b_V_ROM_AUTO_1R
ecg_classifier_clf_w_L4_b_V_ROM_AUTO_1R
ecg_classifier_clf_w_L5_b_V_ROM_AUTO_1R
ecg_classifier_clf_w_L6_b_V_ROM_AUTO_1R
ecg_classifier_input_buf_V_RAM_1P_LUTRAM_1R1W
ecg_classifier_buf2_circ_V_RAM_AUTO_1R1W
ecg_classifier_gap_buf_V_RAM_1P_LUTRAM_1R1W
ecg_classifier_dense0_buf_V_RAM_1P_LUTRAM_1R1W
ecg_classifier_win0_V_RAM_AUTO_1R1W
ecg_classifier_win0_V_1_RAM_AUTO_1R1W
ecg_classifier_win0_V_6_RAM_AUTO_1R1W
ecg_classifier_win01_V_RAM_AUTO_1R1W
ecg_classifier_win01_V_2_RAM_AUTO_1R1W
ecg_classifier_l1_out_V_RAM_AUTO_1R1W
ecg_classifier_l3_out_V_RAM_AUTO_1R1W
ecg_classifier_regslice_both
ecg_classifier_regslice_both
ecg_classifier_regslice_both
ecg_classifier_regslice_both
ecg_classifier_regslice_both
ecg_classifier_regslice_both
ecg_classifier_regslice_both
ecg_classifier_regslice_both
ecg_classifier_regslice_both
ecg_classifier_regslice_both
ecg_classifier_regslice_both
ecg_classifier_regslice_both
ecg_classifier_regslice_both
ecg_classifier_regslice_both
ecg_classifier_Pipeline_READ_INPUT
ecg_classifier_Pipeline_ZNORM_MEAN
ecg_classifier_Pipeline_ZNORM_VAR
ecg_classifier_Pipeline_ZNORM_APPLY
ecg_classifier_Pipeline_L0_K_FILL
ecg_classifier_Pipeline_L1_IC_L1_K
ecg_classifier_Pipeline_L2_IC_L2_K
ecg_classifier_Pipeline_GAP_INIT
ecg_classifier_Pipeline_L3_IC_L3_K
ecg_classifier_Pipeline_L4_IC_L4_K
ecg_classifier_Pipeline_GAP_NORM
ecg_classifier_Pipeline_D0_IC
ecg_classifier_Pipeline_D1_IC
ecg_classifier_Pipeline_WRITE_OUTPUT
ecg_classifier
' rtl_lang='vlog' bootstrap_tcl='false' outdir='' outfilename=''
Execute     source C:/Xilinx/Vitis_HLS/2022.2/tps/tcl/tcllib1.11.1/yaml/huddle.tcl 
Execute     source C:/Xilinx/Vitis_HLS/2022.2/tps/tcl/tcllib1.11.1/yaml/json2huddle.tcl 
Execute     source C:/ecg_hls/ecg_classifier_ip/solution1/.autopilot/db/global.setting.tcl 
Execute     source C:/ecg_hls/ecg_classifier_ip/solution1/.autopilot/db/global.setting.tcl 
Execute     source C:/ecg_hls/ecg_classifier_ip/solution1/.autopilot/db/top-io-be.tcl 
Execute     source C:/ecg_hls/ecg_classifier_ip/solution1/.autopilot/db/ecg_classifier.tbgen.tcl 
Execute     source C:/ecg_hls/ecg_classifier_ip/solution1/.autopilot/db/ecg_classifier.rtl_wrap.cfg.tcl 
Execute     source C:/ecg_hls/ecg_classifier_ip/solution1/.autopilot/db/ecg_classifier.compgen.dataonly.tcl 
Execute     source C:/ecg_hls/ecg_classifier_ip/solution1/.autopilot/db/ecg_classifier_Pipeline_READ_INPUT.tbgen.tcl 
Execute     source C:/ecg_hls/ecg_classifier_ip/solution1/.autopilot/db/ecg_classifier_Pipeline_ZNORM_MEAN.tbgen.tcl 
Execute     source C:/ecg_hls/ecg_classifier_ip/solution1/.autopilot/db/ecg_classifier_Pipeline_ZNORM_VAR.tbgen.tcl 
Execute     source C:/ecg_hls/ecg_classifier_ip/solution1/.autopilot/db/ecg_classifier_Pipeline_ZNORM_APPLY.tbgen.tcl 
Execute     source C:/ecg_hls/ecg_classifier_ip/solution1/.autopilot/db/ecg_classifier_Pipeline_L0_K_FILL.tbgen.tcl 
Execute     source C:/ecg_hls/ecg_classifier_ip/solution1/.autopilot/db/ecg_classifier_Pipeline_L1_IC_L1_K.tbgen.tcl 
Execute     source C:/ecg_hls/ecg_classifier_ip/solution1/.autopilot/db/ecg_classifier_Pipeline_L2_IC_L2_K.tbgen.tcl 
Execute     source C:/ecg_hls/ecg_classifier_ip/solution1/.autopilot/db/ecg_classifier_Pipeline_GAP_INIT.tbgen.tcl 
Execute     source C:/ecg_hls/ecg_classifier_ip/solution1/.autopilot/db/ecg_classifier_Pipeline_L3_IC_L3_K.tbgen.tcl 
Execute     source C:/ecg_hls/ecg_classifier_ip/solution1/.autopilot/db/ecg_classifier_Pipeline_L4_IC_L4_K.tbgen.tcl 
Execute     source C:/ecg_hls/ecg_classifier_ip/solution1/.autopilot/db/ecg_classifier_Pipeline_GAP_NORM.tbgen.tcl 
Execute     source C:/ecg_hls/ecg_classifier_ip/solution1/.autopilot/db/ecg_classifier_Pipeline_D0_IC.tbgen.tcl 
Execute     source C:/ecg_hls/ecg_classifier_ip/solution1/.autopilot/db/ecg_classifier_Pipeline_D1_IC.tbgen.tcl 
Execute     source C:/ecg_hls/ecg_classifier_ip/solution1/.autopilot/db/ecg_classifier_Pipeline_WRITE_OUTPUT.tbgen.tcl 
Execute     source C:/ecg_hls/ecg_classifier_ip/solution1/.autopilot/db/ecg_classifier.tbgen.tcl 
Execute     source C:/ecg_hls/ecg_classifier_ip/solution1/.autopilot/db/global.setting.tcl 
Execute     ap_part_info -name xc7z030-sbg485-2 -data names -quiet 
Execute     ap_part_info -name xc7z030-sbg485-2 -data info -quiet 
Execute     source C:/ecg_hls/ecg_classifier_ip/solution1/.autopilot/db/ecg_classifier.constraint.tcl 
Execute     sc_get_clocks ecg_classifier 
Execute     source C:/ecg_hls/ecg_classifier_ip/solution1/.autopilot/db/global.setting.tcl 
Execute     source C:/ecg_hls/ecg_classifier_ip/solution1/impl/misc/ecg_classifier_fadd_32ns_32ns_32_4_full_dsp_1_ip.tcl 
Execute     source C:/ecg_hls/ecg_classifier_ip/solution1/impl/misc/ecg_classifier_fcmp_32ns_32ns_1_2_no_dsp_1_ip.tcl 
Execute     source C:/ecg_hls/ecg_classifier_ip/solution1/impl/misc/ecg_classifier_fdiv_32ns_32ns_32_10_no_dsp_1_ip.tcl 
Execute     source C:/ecg_hls/ecg_classifier_ip/solution1/impl/misc/ecg_classifier_fexp_32ns_32ns_32_8_full_dsp_1_ip.tcl 
Execute     source C:/ecg_hls/ecg_classifier_ip/solution1/impl/misc/ecg_classifier_fpext_32ns_64_2_no_dsp_1_ip.tcl 
Execute     source C:/ecg_hls/ecg_classifier_ip/solution1/impl/misc/ecg_classifier_fsqrt_32ns_32ns_32_10_no_dsp_1_ip.tcl 
Execute     source C:/ecg_hls/ecg_classifier_ip/solution1/.autopilot/db/global.setting.tcl 
Execute     source C:/ecg_hls/ecg_classifier_ip/solution1/.autopilot/db/ecg_classifier.tbgen.tcl 
INFO-FLOW: DBG:PUTS:       cosim_export_main adding deadlock detection to ecg_classifier
INFO-FLOW: DBG:PUTS:       generate_ip_script #gSsdmPorts=0 g_lang=vlog is_sdaccel=false is_sdsoc=true xo_file=
Execute     ap_part_info -name xc7z030-sbg485-2 -data names -quiet 
Execute     ap_part_info -name xc7z030-sbg485-2 -data info -quiet 
Execute     ap_part_info -name xc7z030-sbg485-2 -data names -quiet 
Execute     ap_part_info -name xc7z030-sbg485-2 -data info -quiet 
Execute     source C:/ecg_hls/ecg_classifier_ip/solution1/.autopilot/db/ecg_classifier.tbgen.tcl 
Execute     source C:/ecg_hls/ecg_classifier_ip/solution1/.autopilot/db/ecg_classifier.tbgen.tcl 
Execute     source C:/ecg_hls/ecg_classifier_ip/solution1/.autopilot/db/ecg_classifier.tbgen.tcl 
Execute     source C:/ecg_hls/ecg_classifier_ip/solution1/.autopilot/db/ecg_classifier.tbgen.tcl 
Execute     source C:/ecg_hls/ecg_classifier_ip/solution1/.autopilot/db/ecg_classifier.tbgen.tcl 
Execute     source C:/ecg_hls/ecg_classifier_ip/solution1/.autopilot/db/ecg_classifier.tbgen.tcl 
Execute     source C:/ecg_hls/ecg_classifier_ip/solution1/.autopilot/db/ecg_classifier.tbgen.tcl 
Execute     source C:/ecg_hls/ecg_classifier_ip/solution1/.autopilot/db/ecg_classifier.tbgen.tcl 
Execute     source C:/ecg_hls/ecg_classifier_ip/solution1/.autopilot/db/ecg_classifier.tbgen.tcl 
Execute     source C:/ecg_hls/ecg_classifier_ip/solution1/.autopilot/db/global.setting.tcl 
INFO-FLOW: DBG:PUTS:       generate_top_info
INFO-FLOW: DBG:PUTS:       prepArgInfo -> loadAnalyze_DB top_module=ecg_classifier
Execute     source C:/ecg_hls/ecg_classifier_ip/solution1/.autopilot/db/ecg_classifier.rtl_wrap.cfg.tcl 
Execute     source C:/ecg_hls/ecg_classifier_ip/solution1/.autopilot/db/ecg_classifier.rtl_wrap.cfg.tcl 
Execute     source C:/ecg_hls/ecg_classifier_ip/solution1/.autopilot/db/ecg_classifier.rtl_wrap.cfg.tcl 
Execute     source C:/ecg_hls/ecg_classifier_ip/solution1/.autopilot/db/ecg_classifier.tbgen.tcl 
Execute     source C:/ecg_hls/ecg_classifier_ip/solution1/.autopilot/db/ecg_classifier.tbgen.tcl 
Execute     ap_part_info -name xc7z030-sbg485-2 -data names -quiet 
Execute     ap_part_info -name xc7z030-sbg485-2 -data info -quiet 
Execute     ap_part_info -name xc7z030-sbg485-2 -data names -quiet 
Execute     ap_part_info -name xc7z030-sbg485-2 -data info -quiet 
Execute     source C:/ecg_hls/ecg_classifier_ip/solution1/.autopilot/db/ecg_classifier.tbgen.tcl 
Execute     source C:/ecg_hls/ecg_classifier_ip/solution1/.autopilot/db/global.setting.tcl 
Execute     source C:/ecg_hls/ecg_classifier_ip/solution1/.autopilot/db/ecg_classifier.constraint.tcl 
INFO-FLOW: DBG:PUTS:       generate_ipi_example_script
Execute     ap_part_info -name xc7z030-sbg485-2 -data names -quiet 
Execute     ap_part_info -name xc7z030-sbg485-2 -data info -quiet 
Execute     ap_part_info -name xc7z030-sbg485-2 -data names -quiet 
Execute     ap_part_info -name xc7z030-sbg485-2 -data info -quiet 
INFO-FLOW: DBG:PUTS:       generate_syn_sh
Execute     ap_part_info -name xc7z030-sbg485-2 -data names -quiet 
Execute     ap_part_info -name xc7z030-sbg485-2 -data info -quiet 
Execute     source C:/ecg_hls/ecg_classifier_ip/solution1/.autopilot/db/global.setting.tcl 
INFO-FLOW: DBG:PUTS:       generate_imp_constraints
Execute     ap_part_info -name xc7z030-sbg485-2 -data names -quiet 
Execute     ap_part_info -name xc7z030-sbg485-2 -data info -quiet 
Execute     source C:/ecg_hls/ecg_classifier_ip/solution1/.autopilot/db/ecg_classifier.constraint.tcl 
Execute     source C:/ecg_hls/ecg_classifier_ip/solution1/.autopilot/db/ecg_classifier.tbgen.tcl 
INFO-FLOW: DBG:PUTS:       delete-temp-dirs (skipped for debug)
Execute     ap_part_info -name xc7z030-sbg485-2 -data names -quiet 
Execute     ap_part_info -name xc7z030-sbg485-2 -data info -quiet 
INFO-FLOW: DBG:PUTS: read_platform_lib C:/ecg_hls/ecg_classifier_ip/solution1/.autopilot/db/global.setting.tcl
Execute     source C:/Xilinx/Vitis_HLS/2022.2/common/technology/generic/autopilot/common.gen 
Execute       source C:/Xilinx/Vitis_HLS/2022.2/common/technology/generic/autopilot/APCoreGen.gen 
Execute     source C:/Xilinx/Vitis_HLS/2022.2/common/technology/generic/autopilot/op.gen 
Execute     source C:/Xilinx/Vitis_HLS/2022.2/common/technology/generic/autopilot/op_simcore.gen 
Execute     source C:/Xilinx/Vitis_HLS/2022.2/common/technology/generic/autopilot/interface.gen 
Execute     source C:/ecg_hls/ecg_classifier_ip/solution1/.autopilot/db/global.setting.tcl 
Execute     source C:/Xilinx/Vitis_HLS/2022.2/common/technology/xilinx/common/xilinx.gen 
Execute       source C:/Xilinx/Vitis_HLS/2022.2/common/technology/xilinx/interface/plb46.gen 
Execute       source C:/Xilinx/Vitis_HLS/2022.2/common/technology/xilinx/interface/axi4.gen 
Execute       source C:/Xilinx/Vitis_HLS/2022.2/common/technology/xilinx/interface/nativeAXI4.gen 
Execute         source C:/Xilinx/Vitis_HLS/2022.2/common/technology/xilinx/interface/saxilite.gen 
Execute       source C:/Xilinx/Vitis_HLS/2022.2/common/technology/xilinx/scripts/xilinxcoregen.gen 
Execute       source C:/Xilinx/Vitis_HLS/2022.2/common/technology/xilinx/interface/XilEDKCoreGen.gen 
Execute       source C:/Xilinx/Vitis_HLS/2022.2/common/technology/xilinx/ip/dds_compiler.gen 
Execute       source C:/Xilinx/Vitis_HLS/2022.2/common/technology/xilinx/ip/util.gen 
Execute       source C:/Xilinx/Vitis_HLS/2022.2/common/technology/xilinx/ip/xfft.gen 
Command       ap_source done; 0.103 sec.
Execute       source C:/Xilinx/Vitis_HLS/2022.2/common/technology/xilinx/ip/xfir.gen 
Execute       source C:/Xilinx/Vitis_HLS/2022.2/common/technology/xilinx/DSP48/dsp48.gen 
Command     ap_source done; 0.146 sec.
INFO-FLOW: DBG:PUTS:     IP package: exec C:/ecg_hls/ecg_classifier_ip/solution1/impl/ip/pack.bat
INFO-FLOW: DBG:PUTS:     IP package: success C:/ecg_hls/ecg_classifier_ip/solution1/impl/ip/pack.bat
Execute     send_msg_by_id INFO @200-802@%s ecg_classifier_ip/export.zip 
INFO: [HLS 200-802] Generated output file ecg_classifier_ip/export.zip
Command   export_design done; 80.285 sec.
INFO: [HLS 200-111] Finished Command export_design CPU user time: 2 seconds. CPU system time: 0 seconds. Elapsed time: 80.285 seconds; current allocated memory: 9.918 MB.
Command ap_source done; 92.762 sec.
Execute cleanup_all 
INFO-FLOW: Workspace C:/ecg_hls/ecg_classifier_ip/solution1 opened at Sat Apr 04 22:58:49 +0530 2026
Execute     ap_set_clock -name default -period 13 -default=false 
INFO: [SYN 201-201] Setting up clock 'default' with a period of 13ns.
Execute     set_part xc7z030-sbg485-2 
Execute       create_platform xc7z030-sbg485-2 -board  
DBG:HLSDevice: Trying to load device library: C:/Xilinx/Vitis_HLS/2022.2\lib\win64.o\xv_hlsvwrap.dll
DBG:HLSDevice: first parts/arch.xml in RDI_DATADIR: C:/Xilinx/Vivado/2022.2/data/parts/arch.xml
DBG:HLSDevice: init success
INFO: [HLS 200-1611] Setting target device to 'xc7z030-sbg485-2'
Command       create_platform done; 1.62 sec.
Execute       source C:/Xilinx/Vitis_HLS/2022.2/common/technology/xilinx/common/xilinx.gen 
Execute         source C:/Xilinx/Vitis_HLS/2022.2/common/technology/xilinx/interface/plb46.gen 
Execute         source C:/Xilinx/Vitis_HLS/2022.2/common/technology/xilinx/interface/axi4.gen 
Execute         source C:/Xilinx/Vitis_HLS/2022.2/common/technology/xilinx/interface/nativeAXI4.gen 
Execute           source C:/Xilinx/Vitis_HLS/2022.2/common/technology/xilinx/interface/saxilite.gen 
Execute         source C:/Xilinx/Vitis_HLS/2022.2/common/technology/xilinx/scripts/xilinxcoregen.gen 
Execute         source C:/Xilinx/Vitis_HLS/2022.2/common/technology/xilinx/interface/XilEDKCoreGen.gen 
Execute         source C:/Xilinx/Vitis_HLS/2022.2/common/technology/xilinx/ip/dds_compiler.gen 
Execute         source C:/Xilinx/Vitis_HLS/2022.2/common/technology/xilinx/ip/util.gen 
Execute         source C:/Xilinx/Vitis_HLS/2022.2/common/technology/xilinx/ip/xfft.gen 
Command         ap_source done; 0.232 sec.
Execute         source C:/Xilinx/Vitis_HLS/2022.2/common/technology/xilinx/ip/xfir.gen 
Execute         source C:/Xilinx/Vitis_HLS/2022.2/common/technology/xilinx/DSP48/dsp48.gen 
Command       ap_source done; 0.33 sec.
Execute       ap_part_info -name xc7z030-sbg485-2 -data info 
Execute       config_compile -quiet -complex-mul-dsp=0 
Command     set_part done; 2.082 sec.
Execute     send_msg_by_id INFO @200-1505@%s%s  vivado 
INFO: [HLS 200-1505] Using flow_target 'vivado'
Execute     send_msg_by_id INFO @200-1464@%s config_export -description {ECG Classifier 1D-CNN} 
INFO: [HLS 200-1464] Running solution command: config_export -description {ECG Classifier 1D-CNN}
Execute     config_export -description ECG Classifier 1D-CNN 
Execute     send_msg_by_id INFO @200-1464@%s config_export -display_name=ecg_classifier 
INFO: [HLS 200-1464] Running solution command: config_export -display_name=ecg_classifier
Execute     config_export -display_name=ecg_classifier 
Execute     send_msg_by_id INFO @200-1464@%s config_export -format=ip_catalog 
INFO: [HLS 200-1464] Running solution command: config_export -format=ip_catalog
Execute     config_export -format=ip_catalog 
Execute     send_msg_by_id INFO @200-1464@%s config_export -library=ECG 
INFO: [HLS 200-1464] Running solution command: config_export -library=ECG
Execute     config_export -library=ECG 
Execute     send_msg_by_id INFO @200-1464@%s config_export -output=C:/ecg_hls/ecg_classifier_ip 
INFO: [HLS 200-1464] Running solution command: config_export -output=C:/ecg_hls/ecg_classifier_ip
Execute     config_export -output=C:/ecg_hls/ecg_classifier_ip 
Execute     send_msg_by_id INFO @200-1464@%s config_export -rtl=verilog 
INFO: [HLS 200-1464] Running solution command: config_export -rtl=verilog
Execute     config_export -rtl=verilog 
Execute     send_msg_by_id INFO @200-1464@%s config_export -vendor=MyOrg 
INFO: [HLS 200-1464] Running solution command: config_export -vendor=MyOrg
Execute     config_export -vendor=MyOrg 
Execute     send_msg_by_id INFO @200-1464@%s config_export -version=1.0 
INFO: [HLS 200-1464] Running solution command: config_export -version=1.0
Execute     config_export -version=1.0 
Command   open_solution done; 2.337 sec.
Execute   set_part xc7z030-sbg485-2 
INFO: [HLS 200-1510] Running: set_part xc7z030-sbg485-2 
Execute     create_platform xc7z030-sbg485-2 -board  
Execute     source C:/Xilinx/Vitis_HLS/2022.2/common/technology/xilinx/common/xilinx.gen 
Execute       source C:/Xilinx/Vitis_HLS/2022.2/common/technology/xilinx/interface/plb46.gen 
Execute       source C:/Xilinx/Vitis_HLS/2022.2/common/technology/xilinx/interface/axi4.gen 
Execute       source C:/Xilinx/Vitis_HLS/2022.2/common/technology/xilinx/interface/nativeAXI4.gen 
Execute         source C:/Xilinx/Vitis_HLS/2022.2/common/technology/xilinx/interface/saxilite.gen 
Execute       source C:/Xilinx/Vitis_HLS/2022.2/common/technology/xilinx/scripts/xilinxcoregen.gen 
Execute       source C:/Xilinx/Vitis_HLS/2022.2/common/technology/xilinx/interface/XilEDKCoreGen.gen 
Execute       source C:/Xilinx/Vitis_HLS/2022.2/common/technology/xilinx/ip/dds_compiler.gen 
Execute       source C:/Xilinx/Vitis_HLS/2022.2/common/technology/xilinx/ip/util.gen 
Execute       source C:/Xilinx/Vitis_HLS/2022.2/common/technology/xilinx/ip/xfft.gen 
Command       ap_source done; 0.245 sec.
Execute       source C:/Xilinx/Vitis_HLS/2022.2/common/technology/xilinx/ip/xfir.gen 
Execute       source C:/Xilinx/Vitis_HLS/2022.2/common/technology/xilinx/DSP48/dsp48.gen 
Command     ap_source done; 0.361 sec.
Execute     ap_part_info -name xc7z030-sbg485-2 -data info 
Execute     config_compile -quiet -complex-mul-dsp=0 
Command   set_part done; 0.474 sec.
Execute   create_clock -period 13 -name default 
INFO: [HLS 200-1510] Running: create_clock -period 13 -name default 
Execute   config_export -description ECG Classifier 1D-CNN -display_name ecg_classifier -format ip_catalog -library ECG -output C:/ecg_hls/ecg_classifier_ip -rtl verilog -vendor MyOrg -version 1.0 
INFO: [HLS 200-1510] Running: config_export -description ECG Classifier 1D-CNN -display_name ecg_classifier -format ip_catalog -library ECG -output C:/ecg_hls/ecg_classifier_ip -rtl verilog -vendor MyOrg -version 1.0 
Execute   source ./ecg_classifier_ip/solution1/directives.tcl 
INFO: [HLS 200-1510] Running: source ./ecg_classifier_ip/solution1/directives.tcl
Execute     set_directive_top -name ecg_classifier ecg_classifier 
INFO: [HLS 200-1510] Running: set_directive_top -name ecg_classifier ecg_classifier 
Execute   csim_design -clean -quiet 
INFO: [HLS 200-1510] Running: csim_design -clean -quiet 
Execute     source C:/ecg_hls/ecg_classifier_ip/solution1/.autopilot/db/global.setting.tcl 
INFO: [SIM 211-2] *************** CSIM start ***************
INFO: [SIM 211-4] CSIM will launch GCC as the compiler.
Execute     source csim/.lst_opt.tcl 
Execute     ap_part_info -name xc7z030-sbg485-2 -data info 
Execute     source run_sim.tcl 
Command     ap_source done; 45.22 sec.
INFO: [SIM 211-1] CSim done with 0 errors.
INFO: [SIM 211-3] *************** CSIM finish ***************
Command   csim_design done; 78.779 sec.
INFO: [HLS 200-111] Finished Command csim_design CPU user time: 0 seconds. CPU system time: 0 seconds. Elapsed time: 78.78 seconds; current allocated memory: 0.391 MB.
Command ap_source done; 92.049 sec.
Execute cleanup_all 
