

================================================================
== Vitis HLS Report for 'ecg_classifier_Pipeline_L4_IC_L4_K'
================================================================
* Date:           Sat Apr  4 10:53:53 2026

* Version:        2022.2 (Build 3670227 on Oct 13 2022)
* Project:        ecg_classifier_ip
* Solution:       solution1 (Vivado IP Flow Target)
* Product family: zynq
* Target device:  xc7z030-sbg485-2


================================================================
== Performance Estimates
================================================================
+ Timing: 
    * Summary: 
    +--------+----------+----------+------------+
    |  Clock |  Target  | Estimated| Uncertainty|
    +--------+----------+----------+------------+
    |ap_clk  |  13.00 ns|  9.273 ns|     3.51 ns|
    +--------+----------+----------+------------+

+ Latency: 
    * Summary: 
    +---------+---------+----------+----------+-----+-----+---------+
    |  Latency (cycles) |  Latency (absolute) |  Interval | Pipeline|
    |   min   |   max   |    min   |    max   | min | max |   Type  |
    +---------+---------+----------+----------+-----+-----+---------+
    |      388|      388|  5.044 us|  5.044 us|  388|  388|       no|
    +---------+---------+----------+----------+-----+-----+---------+

    + Detail: 
        * Instance: 
        N/A

        * Loop: 
        +--------------+---------+---------+----------+-----------+-----------+------+----------+
        |              |  Latency (cycles) | Iteration|  Initiation Interval  | Trip |          |
        |   Loop Name  |   min   |   max   |  Latency |  achieved |   target  | Count| Pipelined|
        +--------------+---------+---------+----------+-----------+-----------+------+----------+
        |- L4_IC_L4_K  |      386|      386|         4|          1|          1|   384|       yes|
        +--------------+---------+---------+----------+-----------+-----------+------+----------+



================================================================
== Utilization Estimates
================================================================
* Summary: 
+-----------------+---------+-----+--------+-------+-----+
|       Name      | BRAM_18K| DSP |   FF   |  LUT  | URAM|
+-----------------+---------+-----+--------+-------+-----+
|DSP              |        -|    -|       -|      -|    -|
|Expression       |        -|    -|       0|    486|    -|
|FIFO             |        -|    -|       -|      -|    -|
|Instance         |        -|    4|       0|    123|    -|
|Memory           |       16|    -|       0|      0|    -|
|Multiplexer      |        -|    -|       -|    108|    -|
|Register         |        -|    -|     350|      -|    -|
+-----------------+---------+-----+--------+-------+-----+
|Total            |       16|    4|     350|    717|    0|
+-----------------+---------+-----+--------+-------+-----+
|Available        |      530|  400|  157200|  78600|    0|
+-----------------+---------+-----+--------+-------+-----+
|Utilization (%)  |        3|    1|      ~0|     ~0|    0|
+-----------------+---------+-----+--------+-------+-----+

+ Detail: 
    * Instance: 
    +--------------------------+---------------------+---------+----+---+----+-----+
    |         Instance         |        Module       | BRAM_18K| DSP| FF| LUT| URAM|
    +--------------------------+---------------------+---------+----+---+----+-----+
    |mul_22s_39ns_61_1_1_U129  |mul_22s_39ns_61_1_1  |        0|   2|  0|  28|    0|
    |mul_22s_39ns_61_1_1_U130  |mul_22s_39ns_61_1_1  |        0|   2|  0|  28|    0|
    |mux_21_31_1_1_U122        |mux_21_31_1_1        |        0|   0|  0|   9|    0|
    |mux_21_31_1_1_U123        |mux_21_31_1_1        |        0|   0|  0|   9|    0|
    |mux_21_31_1_1_U124        |mux_21_31_1_1        |        0|   0|  0|   9|    0|
    |mux_21_31_1_1_U125        |mux_21_31_1_1        |        0|   0|  0|   9|    0|
    |mux_21_31_1_1_U126        |mux_21_31_1_1        |        0|   0|  0|   9|    0|
    |mux_21_31_1_1_U127        |mux_21_31_1_1        |        0|   0|  0|   9|    0|
    |mux_32_31_1_1_U128        |mux_32_31_1_1        |        0|   0|  0|  13|    0|
    +--------------------------+---------------------+---------+----+---+----+-----+
    |Total                     |                     |        0|   4|  0| 123|    0|
    +--------------------------+---------------------+---------+----+---+----+-----+

    * DSP: 
    N/A

    * Memory: 
    +----------------+-------------------------------------------------------------+---------+---+----+-----+-------+-----+------+-------------+
    |     Memory     |                            Module                           | BRAM_18K| FF| LUT| URAM| Words | Bits| Banks| W*Bits*Banks|
    +----------------+-------------------------------------------------------------+---------+---+----+-----+-------+-----+------+-------------+
    |clf_w_L4_W_V_U  |ecg_classifier_Pipeline_L4_IC_L4_K_clf_w_L4_W_V_ROM_AUTO_1R  |       16|  0|   0|    0|  73728|    2|     1|       147456|
    +----------------+-------------------------------------------------------------+---------+---+----+-----+-------+-----+------+-------------+
    |Total           |                                                             |       16|  0|   0|    0|  73728|    2|     1|       147456|
    +----------------+-------------------------------------------------------------+---------+---+----+-----+-------+-----+------+-------------+

    * FIFO: 
    N/A

    * Expression: 
    +--------------------------+----------+----+---+----+------------+------------+
    |       Variable Name      | Operation| DSP| FF| LUT| Bitwidth P0| Bitwidth P1|
    +--------------------------+----------+----+---+----+------------+------------+
    |add_ln1347_1_fu_775_p2    |         +|   0|  0|  72|          72|          72|
    |add_ln1347_fu_727_p2      |         +|   0|  0|  72|          72|          72|
    |add_ln264_1_fu_382_p2     |         +|   0|  0|   9|           9|           1|
    |add_ln264_fu_391_p2       |         +|   0|  0|   8|           8|           1|
    |add_ln266_1_fu_769_p2     |         +|   0|  0|  64|          64|          64|
    |add_ln266_fu_721_p2       |         +|   0|  0|  64|          64|          64|
    |add_ln268_fu_537_p2       |         +|   0|  0|   3|           2|           1|
    |add_ln837_1_fu_515_p2     |         +|   0|  0|  17|          17|          17|
    |add_ln837_2_fu_526_p2     |         +|   0|  0|  17|          17|          17|
    |add_ln837_fu_461_p2       |         +|   0|  0|  16|          16|          16|
    |sub_ln837_1_fu_483_p2     |         -|   0|  0|  17|          17|          17|
    |sub_ln837_fu_455_p2       |         -|   0|  0|  17|          17|          17|
    |icmp_ln264_fu_376_p2      |      icmp|   0|  0|   4|           9|           9|
    |icmp_ln266_fu_397_p2      |      icmp|   0|  0|   1|           2|           2|
    |select_ln264_1_fu_411_p3  |    select|   0|  0|   8|           1|           8|
    |select_ln264_fu_403_p3    |    select|   0|  0|   2|           1|           1|
    |tmp_7_fu_633_p1           |    select|   0|  0|  31|           1|          31|
    |tmp_7_fu_633_p2           |    select|   0|  0|  31|           1|          31|
    |tmp_7_fu_633_p3           |    select|   0|  0|  31|           1|          31|
    |ap_enable_pp0             |       xor|   0|  0|   2|           1|           2|
    +--------------------------+----------+----+---+----+------------+------------+
    |Total                     |          |   0|  0| 486|         392|         474|
    +--------------------------+----------+----+---+----+------------+------------+

    * Multiplexer: 
    +----------------------------------------+----+-----------+-----+-----------+
    |                  Name                  | LUT| Input Size| Bits| Total Bits|
    +----------------------------------------+----+-----------+-----+-----------+
    |ap_done_int                             |   9|          2|    1|          2|
    |ap_enable_reg_pp0_iter2                 |   9|          2|    1|          2|
    |ap_sig_allocacmp_ic_1                   |   9|          2|    8|         16|
    |ap_sig_allocacmp_indvar_flatten87_load  |   9|          2|    9|         18|
    |ap_sig_allocacmp_k_load                 |   9|          2|    2|          4|
    |ic_fu_130                               |   9|          2|    8|         16|
    |indvar_flatten87_fu_134                 |   9|          2|    9|         18|
    |k_fu_126                                |   9|          2|    2|          4|
    |lhs_V_2_fu_122                          |   9|          2|   48|         96|
    |lhs_V_fu_118                            |   9|          2|   48|         96|
    |phi_ln818_6_fu_114                      |   9|          2|   32|         64|
    |phi_ln818_7_fu_110                      |   9|          2|   32|         64|
    +----------------------------------------+----+-----------+-----+-----------+
    |Total                                   | 108|         24|  200|        400|
    +----------------------------------------+----+-----------+-----+-----------+

    * Register: 
    +----------------------------------+----+----+-----+-----------+
    |               Name               | FF | LUT| Bits| Const Bits|
    +----------------------------------+----+----+-----+-----------+
    |ap_CS_fsm                         |   1|   0|    1|          0|
    |ap_done_reg                       |   1|   0|    1|          0|
    |ap_enable_reg_pp0_iter1           |   1|   0|    1|          0|
    |ap_enable_reg_pp0_iter2           |   1|   0|    1|          0|
    |ap_enable_reg_pp0_iter3           |   1|   0|    1|          0|
    |ap_loop_exit_ready_pp0_iter1_reg  |   1|   0|    1|          0|
    |ap_loop_exit_ready_pp0_iter2_reg  |   1|   0|    1|          0|
    |clf_w_L4_W_V_load_1_reg_978       |   2|   0|    2|          0|
    |clf_w_L4_W_V_load_reg_973         |   2|   0|    2|          0|
    |empty_59_reg_931                  |   1|   0|    1|          0|
    |empty_reg_888                     |   1|   0|    1|          0|
    |ic_fu_130                         |   8|   0|    8|          0|
    |icmp_ln264_reg_915                |   1|   0|    1|          0|
    |icmp_ln264_reg_915_pp0_iter1_reg  |   1|   0|    1|          0|
    |icmp_ln266_reg_919                |   1|   0|    1|          0|
    |indvar_flatten87_fu_134           |   9|   0|    9|          0|
    |k_fu_126                          |   2|   0|    2|          0|
    |lhs_V_2_fu_122                    |  48|   0|   48|          0|
    |lhs_V_fu_118                      |  48|   0|   48|          0|
    |phi_ln818_6_fu_114                |  32|   0|   32|          0|
    |phi_ln818_7_fu_110                |  32|   0|   32|          0|
    |r_V_3_reg_989                     |  61|   0|   61|          0|
    |r_V_reg_983                       |  61|   0|   61|          0|
    |select_ln264_reg_926              |   2|   0|    2|          0|
    |tmp_7_reg_968                     |  31|   0|   31|          0|
    +----------------------------------+----+----+-----+-----------+
    |Total                             | 350|   0|  350|          0|
    +----------------------------------+----+----+-----+-----------+



================================================================
== Interface
================================================================
* Summary: 
+------------------------+-----+-----+------------+------------------------------------+--------------+
|        RTL Ports       | Dir | Bits|  Protocol  |            Source Object           |    C Type    |
+------------------------+-----+-----+------------+------------------------------------+--------------+
|ap_clk                  |   in|    1|  ap_ctrl_hs|  ecg_classifier_Pipeline_L4_IC_L4_K|  return value|
|ap_rst                  |   in|    1|  ap_ctrl_hs|  ecg_classifier_Pipeline_L4_IC_L4_K|  return value|
|ap_start                |   in|    1|  ap_ctrl_hs|  ecg_classifier_Pipeline_L4_IC_L4_K|  return value|
|ap_done                 |  out|    1|  ap_ctrl_hs|  ecg_classifier_Pipeline_L4_IC_L4_K|  return value|
|ap_idle                 |  out|    1|  ap_ctrl_hs|  ecg_classifier_Pipeline_L4_IC_L4_K|  return value|
|ap_ready                |  out|    1|  ap_ctrl_hs|  ecg_classifier_Pipeline_L4_IC_L4_K|  return value|
|sext_ln262              |   in|   26|     ap_none|                          sext_ln262|        scalar|
|sext_ln261              |   in|   26|     ap_none|                          sext_ln261|        scalar|
|win23_V_2_address0      |  out|    6|   ap_memory|                           win23_V_2|         array|
|win23_V_2_ce0           |  out|    1|   ap_memory|                           win23_V_2|         array|
|win23_V_2_q0            |   in|   31|   ap_memory|                           win23_V_2|         array|
|win23_V_2_address1      |  out|    6|   ap_memory|                           win23_V_2|         array|
|win23_V_2_ce1           |  out|    1|   ap_memory|                           win23_V_2|         array|
|win23_V_2_q1            |   in|   31|   ap_memory|                           win23_V_2|         array|
|win23_V_3_address0      |  out|    6|   ap_memory|                           win23_V_3|         array|
|win23_V_3_ce0           |  out|    1|   ap_memory|                           win23_V_3|         array|
|win23_V_3_q0            |   in|   31|   ap_memory|                           win23_V_3|         array|
|win23_V_3_address1      |  out|    6|   ap_memory|                           win23_V_3|         array|
|win23_V_3_ce1           |  out|    1|   ap_memory|                           win23_V_3|         array|
|win23_V_3_q1            |   in|   31|   ap_memory|                           win23_V_3|         array|
|win23_V_4_address0      |  out|    6|   ap_memory|                           win23_V_4|         array|
|win23_V_4_ce0           |  out|    1|   ap_memory|                           win23_V_4|         array|
|win23_V_4_q0            |   in|   31|   ap_memory|                           win23_V_4|         array|
|win23_V_4_address1      |  out|    6|   ap_memory|                           win23_V_4|         array|
|win23_V_4_ce1           |  out|    1|   ap_memory|                           win23_V_4|         array|
|win23_V_4_q1            |   in|   31|   ap_memory|                           win23_V_4|         array|
|win23_V_5_address0      |  out|    6|   ap_memory|                           win23_V_5|         array|
|win23_V_5_ce0           |  out|    1|   ap_memory|                           win23_V_5|         array|
|win23_V_5_q0            |   in|   31|   ap_memory|                           win23_V_5|         array|
|win23_V_5_address1      |  out|    6|   ap_memory|                           win23_V_5|         array|
|win23_V_5_ce1           |  out|    1|   ap_memory|                           win23_V_5|         array|
|win23_V_5_q1            |   in|   31|   ap_memory|                           win23_V_5|         array|
|oc_base_2               |   in|    8|     ap_none|                           oc_base_2|        scalar|
|zext_ln837_14           |   in|   15|     ap_none|                       zext_ln837_14|        scalar|
|phi_ln818_6_out         |  out|   32|      ap_vld|                     phi_ln818_6_out|       pointer|
|phi_ln818_6_out_ap_vld  |  out|    1|      ap_vld|                     phi_ln818_6_out|       pointer|
|phi_ln818_7_out         |  out|   32|      ap_vld|                     phi_ln818_7_out|       pointer|
|phi_ln818_7_out_ap_vld  |  out|    1|      ap_vld|                     phi_ln818_7_out|       pointer|
+------------------------+-----+-----+------------+------------------------------------+--------------+

============================================================
+ Verbose Summary: Synthesis Manager
============================================================
InlineROM: 1
ExposeGlobal: 0
============================================================
+ Verbose Summary: CDFG Model
============================================================
IsTopModel: 0
ResetActiveHigh: 1
IsCombinational: 2
IsDatapathOnly: 2
HasWiredReturn: 1
HasMFsm: 2
HasVarLatency: 1
IsPipeline: 0
IsRtlPipelined: 0
IsInstanceOverlapped: 0
IsDontTouch: 0
HasImplIP: 0
IsGatedGlobalClock: 0

+ Individual pipeline summary: 
  * Pipeline-0: initiation interval (II) = 1, depth = 4


============================================================
+ Verbose Summary: Schedule
============================================================
* Number of FSM states : 4
* Pipeline : 1
  Pipeline-0 : II = 1, D = 4, States = { 1 2 3 4 }
* Dataflow Pipeline: 0

* FSM state transitions: 
1 --> 2 
2 --> 3 
3 --> 4 
4 --> 

* FSM state operations: 

State 1 <SV = 0> <Delay = 9.27>
ST_1 : Operation 7 [1/1] (0.00ns)   --->   "%phi_ln818_7 = alloca i32 1"   --->   Operation 7 'alloca' 'phi_ln818_7' <Predicate = true> <Delay = 0.00>
ST_1 : Operation 8 [1/1] (0.00ns)   --->   "%phi_ln818_6 = alloca i32 1"   --->   Operation 8 'alloca' 'phi_ln818_6' <Predicate = true> <Delay = 0.00>
ST_1 : Operation 9 [1/1] (0.00ns)   --->   "%lhs_V = alloca i32 1"   --->   Operation 9 'alloca' 'lhs_V' <Predicate = true> <Delay = 0.00>
ST_1 : Operation 10 [1/1] (0.00ns)   --->   "%lhs_V_2 = alloca i32 1"   --->   Operation 10 'alloca' 'lhs_V_2' <Predicate = true> <Delay = 0.00>
ST_1 : Operation 11 [1/1] (0.00ns)   --->   "%k = alloca i32 1"   --->   Operation 11 'alloca' 'k' <Predicate = true> <Delay = 0.00>
ST_1 : Operation 12 [1/1] (0.00ns)   --->   "%ic = alloca i32 1"   --->   Operation 12 'alloca' 'ic' <Predicate = true> <Delay = 0.00>
ST_1 : Operation 13 [1/1] (0.00ns)   --->   "%indvar_flatten87 = alloca i32 1"   --->   Operation 13 'alloca' 'indvar_flatten87' <Predicate = true> <Delay = 0.00>
ST_1 : Operation 14 [1/1] (0.00ns)   --->   "%zext_ln837_14_read = read i15 @_ssdm_op_Read.ap_auto.i15, i15 %zext_ln837_14"   --->   Operation 14 'read' 'zext_ln837_14_read' <Predicate = true> <Delay = 0.00>
ST_1 : Operation 15 [1/1] (0.00ns)   --->   "%oc_base_2_read = read i8 @_ssdm_op_Read.ap_auto.i8, i8 %oc_base_2"   --->   Operation 15 'read' 'oc_base_2_read' <Predicate = true> <Delay = 0.00>
ST_1 : Operation 16 [1/1] (0.00ns)   --->   "%sext_ln261_read = read i26 @_ssdm_op_Read.ap_auto.i26, i26 %sext_ln261"   --->   Operation 16 'read' 'sext_ln261_read' <Predicate = true> <Delay = 0.00>
ST_1 : Operation 17 [1/1] (0.00ns)   --->   "%sext_ln262_read = read i26 @_ssdm_op_Read.ap_auto.i26, i26 %sext_ln262"   --->   Operation 17 'read' 'sext_ln262_read' <Predicate = true> <Delay = 0.00>
ST_1 : Operation 18 [1/1] (0.00ns)   --->   "%sext_ln261_cast = sext i26 %sext_ln261_read"   --->   Operation 18 'sext' 'sext_ln261_cast' <Predicate = true> <Delay = 0.00>
ST_1 : Operation 19 [1/1] (0.00ns)   --->   "%sext_ln262_cast = sext i26 %sext_ln262_read"   --->   Operation 19 'sext' 'sext_ln262_cast' <Predicate = true> <Delay = 0.00>
ST_1 : Operation 20 [1/1] (0.00ns)   --->   "%zext_ln837_14_cast = zext i15 %zext_ln837_14_read"   --->   Operation 20 'zext' 'zext_ln837_14_cast' <Predicate = true> <Delay = 0.00>
ST_1 : Operation 21 [1/1] (1.29ns)   --->   "%store_ln0 = store i9 0, i9 %indvar_flatten87"   --->   Operation 21 'store' 'store_ln0' <Predicate = true> <Delay = 1.29>
ST_1 : Operation 22 [1/1] (1.29ns)   --->   "%store_ln0 = store i8 0, i8 %ic"   --->   Operation 22 'store' 'store_ln0' <Predicate = true> <Delay = 1.29>
ST_1 : Operation 23 [1/1] (1.29ns)   --->   "%store_ln0 = store i2 0, i2 %k"   --->   Operation 23 'store' 'store_ln0' <Predicate = true> <Delay = 1.29>
ST_1 : Operation 24 [1/1] (1.29ns)   --->   "%store_ln0 = store i48 %sext_ln262_cast, i48 %lhs_V_2"   --->   Operation 24 'store' 'store_ln0' <Predicate = true> <Delay = 1.29>
ST_1 : Operation 25 [1/1] (1.29ns)   --->   "%store_ln0 = store i48 %sext_ln261_cast, i48 %lhs_V"   --->   Operation 25 'store' 'store_ln0' <Predicate = true> <Delay = 1.29>
ST_1 : Operation 26 [1/1] (1.29ns)   --->   "%store_ln0 = store i32 0, i32 %phi_ln818_6"   --->   Operation 26 'store' 'store_ln0' <Predicate = true> <Delay = 1.29>
ST_1 : Operation 27 [1/1] (1.29ns)   --->   "%store_ln0 = store i32 0, i32 %phi_ln818_7"   --->   Operation 27 'store' 'store_ln0' <Predicate = true> <Delay = 1.29>
ST_1 : Operation 28 [1/1] (0.00ns)   --->   "%br_ln0 = br void %for.body593"   --->   Operation 28 'br' 'br_ln0' <Predicate = true> <Delay = 0.00>
ST_1 : Operation 29 [1/1] (0.00ns)   --->   "%ic_1 = load i8 %ic"   --->   Operation 29 'load' 'ic_1' <Predicate = true> <Delay = 0.00>
ST_1 : Operation 30 [1/1] (0.00ns)   --->   "%indvar_flatten87_load = load i9 %indvar_flatten87" [src/ecg_classifier.cpp:264]   --->   Operation 30 'load' 'indvar_flatten87_load' <Predicate = true> <Delay = 0.00>
ST_1 : Operation 31 [1/1] (0.00ns)   --->   "%tmp_s = partselect i6 @_ssdm_op_PartSelect.i6.i8.i32.i32, i8 %ic_1, i32 1, i32 6"   --->   Operation 31 'partselect' 'tmp_s' <Predicate = true> <Delay = 0.00>
ST_1 : Operation 32 [1/1] (0.00ns)   --->   "%p_cast43 = zext i6 %tmp_s"   --->   Operation 32 'zext' 'p_cast43' <Predicate = true> <Delay = 0.00>
ST_1 : Operation 33 [1/1] (0.00ns)   --->   "%empty = trunc i8 %ic_1"   --->   Operation 33 'trunc' 'empty' <Predicate = true> <Delay = 0.00>
ST_1 : Operation 34 [1/1] (0.00ns)   --->   "%win23_V_2_addr = getelementptr i31 %win23_V_2, i64 0, i64 %p_cast43"   --->   Operation 34 'getelementptr' 'win23_V_2_addr' <Predicate = true> <Delay = 0.00>
ST_1 : Operation 35 [2/2] (2.77ns)   --->   "%win23_V_2_load = load i6 %win23_V_2_addr"   --->   Operation 35 'load' 'win23_V_2_load' <Predicate = true> <Delay = 2.77> <CoreInst = "RAM">   --->   Core 82 'RAM' <Latency = 1> <II = 1> <Delay = 2.77> <Storage> <Opcode : 'load' 'store'> <Ports = 2> <Width = 31> <Depth = 64> <RAM>
ST_1 : Operation 36 [1/1] (0.00ns)   --->   "%win23_V_3_addr = getelementptr i31 %win23_V_3, i64 0, i64 %p_cast43"   --->   Operation 36 'getelementptr' 'win23_V_3_addr' <Predicate = true> <Delay = 0.00>
ST_1 : Operation 37 [2/2] (2.77ns)   --->   "%win23_V_3_load = load i6 %win23_V_3_addr"   --->   Operation 37 'load' 'win23_V_3_load' <Predicate = true> <Delay = 2.77> <CoreInst = "RAM">   --->   Core 82 'RAM' <Latency = 1> <II = 1> <Delay = 2.77> <Storage> <Opcode : 'load' 'store'> <Ports = 2> <Width = 31> <Depth = 64> <RAM>
ST_1 : Operation 38 [1/1] (0.00ns)   --->   "%win23_V_4_addr = getelementptr i31 %win23_V_4, i64 0, i64 %p_cast43"   --->   Operation 38 'getelementptr' 'win23_V_4_addr' <Predicate = true> <Delay = 0.00>
ST_1 : Operation 39 [2/2] (2.77ns)   --->   "%win23_V_4_load = load i6 %win23_V_4_addr"   --->   Operation 39 'load' 'win23_V_4_load' <Predicate = true> <Delay = 2.77> <CoreInst = "RAM">   --->   Core 82 'RAM' <Latency = 1> <II = 1> <Delay = 2.77> <Storage> <Opcode : 'load' 'store'> <Ports = 2> <Width = 31> <Depth = 64> <RAM>
ST_1 : Operation 40 [1/1] (0.00ns)   --->   "%win23_V_5_addr = getelementptr i31 %win23_V_5, i64 0, i64 %p_cast43"   --->   Operation 40 'getelementptr' 'win23_V_5_addr' <Predicate = true> <Delay = 0.00>
ST_1 : Operation 41 [2/2] (2.77ns)   --->   "%win23_V_5_load = load i6 %win23_V_5_addr"   --->   Operation 41 'load' 'win23_V_5_load' <Predicate = true> <Delay = 2.77> <CoreInst = "RAM">   --->   Core 82 'RAM' <Latency = 1> <II = 1> <Delay = 2.77> <Storage> <Opcode : 'load' 'store'> <Ports = 2> <Width = 31> <Depth = 64> <RAM>
ST_1 : Operation 42 [1/1] (1.62ns)   --->   "%icmp_ln264 = icmp_eq  i9 %indvar_flatten87_load, i9 384" [src/ecg_classifier.cpp:264]   --->   Operation 42 'icmp' 'icmp_ln264' <Predicate = true> <Delay = 1.62> <CoreInst = "Cmp">   --->   Core 9 'Cmp' <Latency = 0> <II = 1> <Delay = 1.62> <FuncUnit> <Opcode : 'icmp'> <InPorts = 2> <OutPorts = 1>
ST_1 : Operation 43 [1/1] (1.36ns)   --->   "%add_ln264_1 = add i9 %indvar_flatten87_load, i9 1" [src/ecg_classifier.cpp:264]   --->   Operation 43 'add' 'add_ln264_1' <Predicate = true> <Delay = 1.36> <CoreInst = "Adder">   --->   Core 1 'Adder' <Latency = 0> <II = 1> <Delay = 1.36> <FuncUnit> <Opcode : 'add' 'sub'> <InPorts = 2> <OutPorts = 1>
ST_1 : Operation 44 [1/1] (0.00ns)   --->   "%br_ln264 = br i1 %icmp_ln264, void %for.inc625, void %for.end627.exitStub" [src/ecg_classifier.cpp:264]   --->   Operation 44 'br' 'br_ln264' <Predicate = true> <Delay = 0.00>
ST_1 : Operation 45 [1/1] (0.00ns)   --->   "%k_load = load i2 %k" [src/ecg_classifier.cpp:266]   --->   Operation 45 'load' 'k_load' <Predicate = (!icmp_ln264)> <Delay = 0.00>
ST_1 : Operation 46 [1/1] (1.30ns)   --->   "%add_ln264 = add i8 %ic_1, i8 1" [src/ecg_classifier.cpp:264]   --->   Operation 46 'add' 'add_ln264' <Predicate = (!icmp_ln264)> <Delay = 1.30> <CoreInst = "Adder">   --->   Core 1 'Adder' <Latency = 0> <II = 1> <Delay = 1.30> <FuncUnit> <Opcode : 'add' 'sub'> <InPorts = 2> <OutPorts = 1>
ST_1 : Operation 47 [1/1] (0.50ns)   --->   "%icmp_ln266 = icmp_eq  i2 %k_load, i2 3" [src/ecg_classifier.cpp:266]   --->   Operation 47 'icmp' 'icmp_ln266' <Predicate = (!icmp_ln264)> <Delay = 0.50> <CoreInst = "Cmp">   --->   Core 9 'Cmp' <Latency = 0> <II = 1> <Delay = 0.50> <FuncUnit> <Opcode : 'icmp'> <InPorts = 2> <OutPorts = 1>
ST_1 : Operation 48 [1/1] (0.81ns)   --->   "%select_ln264 = select i1 %icmp_ln266, i2 0, i2 %k_load" [src/ecg_classifier.cpp:264]   --->   Operation 48 'select' 'select_ln264' <Predicate = (!icmp_ln264)> <Delay = 0.81> <CoreInst = "Sel">   --->   Core 73 'Sel' <Latency = 0> <II = 1> <Delay = 0.81> <FuncUnit> <Opcode : 'select'> <InPorts = 3> <OutPorts = 1>
ST_1 : Operation 49 [1/1] (0.44ns)   --->   "%select_ln264_1 = select i1 %icmp_ln266, i8 %add_ln264, i8 %ic_1" [src/ecg_classifier.cpp:264]   --->   Operation 49 'select' 'select_ln264_1' <Predicate = (!icmp_ln264)> <Delay = 0.44> <CoreInst = "Sel">   --->   Core 73 'Sel' <Latency = 0> <II = 1> <Delay = 0.44> <FuncUnit> <Opcode : 'select'> <InPorts = 3> <OutPorts = 1>
ST_1 : Operation 50 [1/1] (0.00ns)   --->   "%zext_ln837 = zext i8 %select_ln264_1"   --->   Operation 50 'zext' 'zext_ln837' <Predicate = (!icmp_ln264)> <Delay = 0.00>
ST_1 : Operation 51 [1/1] (0.00ns)   --->   "%tmp_4 = partselect i7 @_ssdm_op_PartSelect.i7.i8.i32.i32, i8 %oc_base_2_read, i32 1, i32 7"   --->   Operation 51 'partselect' 'tmp_4' <Predicate = (!icmp_ln264)> <Delay = 0.00>
ST_1 : Operation 52 [1/1] (0.00ns)   --->   "%tmp_5 = bitconcatenate i15 @_ssdm_op_BitConcatenate.i15.i7.i8, i7 %tmp_4, i8 %select_ln264_1"   --->   Operation 52 'bitconcatenate' 'tmp_5' <Predicate = (!icmp_ln264)> <Delay = 0.00>
ST_1 : Operation 53 [1/1] (0.00ns)   --->   "%zext_ln837_1 = zext i15 %tmp_5"   --->   Operation 53 'zext' 'zext_ln837_1' <Predicate = (!icmp_ln264)> <Delay = 0.00>
ST_1 : Operation 54 [1/1] (0.00ns)   --->   "%tmp_6 = bitconcatenate i17 @_ssdm_op_BitConcatenate.i17.i7.i8.i2, i7 %tmp_4, i8 %select_ln264_1, i2 0"   --->   Operation 54 'bitconcatenate' 'tmp_6' <Predicate = (!icmp_ln264)> <Delay = 0.00>
ST_1 : Operation 55 [1/1] (0.00ns) (grouped into TernaryAdder)   --->   "%sub_ln837 = sub i17 %tmp_6, i17 %zext_ln837_1"   --->   Operation 55 'sub' 'sub_ln837' <Predicate = (!icmp_ln264)> <Delay = 0.00> <CoreInst = "TAddSub">   --->   Core 10 'TAddSub' <Latency = 0> <II = 1> <Delay = 1.60> <IPBlock> <Opcode : 'add' 'sub'> <InPorts = 3> <OutPorts = 1> <Sync> <CReg>
ST_1 : Operation 56 [1/1] (1.53ns)   --->   "%add_ln837 = add i16 %zext_ln837_14_cast, i16 %zext_ln837"   --->   Operation 56 'add' 'add_ln837' <Predicate = (!icmp_ln264)> <Delay = 1.53> <CoreInst = "Adder">   --->   Core 1 'Adder' <Latency = 0> <II = 1> <Delay = 1.54> <FuncUnit> <Opcode : 'add' 'sub'> <InPorts = 2> <OutPorts = 1>
ST_1 : Operation 57 [1/1] (0.00ns)   --->   "%zext_ln837_2 = zext i16 %add_ln837"   --->   Operation 57 'zext' 'zext_ln837_2' <Predicate = (!icmp_ln264)> <Delay = 0.00>
ST_1 : Operation 58 [1/1] (0.00ns)   --->   "%trunc_ln837 = trunc i16 %add_ln837"   --->   Operation 58 'trunc' 'trunc_ln837' <Predicate = (!icmp_ln264)> <Delay = 0.00>
ST_1 : Operation 59 [1/1] (0.00ns)   --->   "%p_shl3 = bitconcatenate i17 @_ssdm_op_BitConcatenate.i17.i15.i2, i15 %trunc_ln837, i2 0"   --->   Operation 59 'bitconcatenate' 'p_shl3' <Predicate = (!icmp_ln264)> <Delay = 0.00>
ST_1 : Operation 60 [1/1] (0.00ns) (grouped into TernaryAdder)   --->   "%sub_ln837_1 = sub i17 %p_shl3, i17 %zext_ln837_2"   --->   Operation 60 'sub' 'sub_ln837_1' <Predicate = (!icmp_ln264)> <Delay = 0.00> <CoreInst = "TAddSub">   --->   Core 10 'TAddSub' <Latency = 0> <II = 1> <Delay = 1.60> <IPBlock> <Opcode : 'add' 'sub'> <InPorts = 3> <OutPorts = 1> <Sync> <CReg>
ST_1 : Operation 61 [1/1] (0.00ns)   --->   "%p_mid2 = partselect i6 @_ssdm_op_PartSelect.i6.i8.i32.i32, i8 %add_ln264, i32 1, i32 6" [src/ecg_classifier.cpp:264]   --->   Operation 61 'partselect' 'p_mid2' <Predicate = (!icmp_ln264)> <Delay = 0.00>
ST_1 : Operation 62 [1/1] (0.00ns)   --->   "%p_cast43_mid1 = zext i6 %p_mid2" [src/ecg_classifier.cpp:264]   --->   Operation 62 'zext' 'p_cast43_mid1' <Predicate = (!icmp_ln264)> <Delay = 0.00>
ST_1 : Operation 63 [1/1] (0.00ns)   --->   "%empty_59 = trunc i8 %add_ln264" [src/ecg_classifier.cpp:264]   --->   Operation 63 'trunc' 'empty_59' <Predicate = (!icmp_ln264)> <Delay = 0.00>
ST_1 : Operation 64 [1/1] (0.00ns)   --->   "%win23_V_2_addr_1 = getelementptr i31 %win23_V_2, i64 0, i64 %p_cast43_mid1" [src/ecg_classifier.cpp:264]   --->   Operation 64 'getelementptr' 'win23_V_2_addr_1' <Predicate = (!icmp_ln264)> <Delay = 0.00>
ST_1 : Operation 65 [2/2] (2.77ns)   --->   "%win23_V_2_load_1 = load i6 %win23_V_2_addr_1" [src/ecg_classifier.cpp:264]   --->   Operation 65 'load' 'win23_V_2_load_1' <Predicate = (!icmp_ln264)> <Delay = 2.77> <CoreInst = "RAM">   --->   Core 82 'RAM' <Latency = 1> <II = 1> <Delay = 2.77> <Storage> <Opcode : 'load' 'store'> <Ports = 2> <Width = 31> <Depth = 64> <RAM>
ST_1 : Operation 66 [1/1] (0.00ns)   --->   "%win23_V_3_addr_1 = getelementptr i31 %win23_V_3, i64 0, i64 %p_cast43_mid1" [src/ecg_classifier.cpp:264]   --->   Operation 66 'getelementptr' 'win23_V_3_addr_1' <Predicate = (!icmp_ln264)> <Delay = 0.00>
ST_1 : Operation 67 [2/2] (2.77ns)   --->   "%win23_V_3_load_1 = load i6 %win23_V_3_addr_1" [src/ecg_classifier.cpp:264]   --->   Operation 67 'load' 'win23_V_3_load_1' <Predicate = (!icmp_ln264)> <Delay = 2.77> <CoreInst = "RAM">   --->   Core 82 'RAM' <Latency = 1> <II = 1> <Delay = 2.77> <Storage> <Opcode : 'load' 'store'> <Ports = 2> <Width = 31> <Depth = 64> <RAM>
ST_1 : Operation 68 [1/1] (0.00ns)   --->   "%win23_V_4_addr_1 = getelementptr i31 %win23_V_4, i64 0, i64 %p_cast43_mid1" [src/ecg_classifier.cpp:264]   --->   Operation 68 'getelementptr' 'win23_V_4_addr_1' <Predicate = (!icmp_ln264)> <Delay = 0.00>
ST_1 : Operation 69 [2/2] (2.77ns)   --->   "%win23_V_4_load_1 = load i6 %win23_V_4_addr_1" [src/ecg_classifier.cpp:264]   --->   Operation 69 'load' 'win23_V_4_load_1' <Predicate = (!icmp_ln264)> <Delay = 2.77> <CoreInst = "RAM">   --->   Core 82 'RAM' <Latency = 1> <II = 1> <Delay = 2.77> <Storage> <Opcode : 'load' 'store'> <Ports = 2> <Width = 31> <Depth = 64> <RAM>
ST_1 : Operation 70 [1/1] (0.00ns)   --->   "%win23_V_5_addr_1 = getelementptr i31 %win23_V_5, i64 0, i64 %p_cast43_mid1" [src/ecg_classifier.cpp:264]   --->   Operation 70 'getelementptr' 'win23_V_5_addr_1' <Predicate = (!icmp_ln264)> <Delay = 0.00>
ST_1 : Operation 71 [2/2] (2.77ns)   --->   "%win23_V_5_load_1 = load i6 %win23_V_5_addr_1" [src/ecg_classifier.cpp:264]   --->   Operation 71 'load' 'win23_V_5_load_1' <Predicate = (!icmp_ln264)> <Delay = 2.77> <CoreInst = "RAM">   --->   Core 82 'RAM' <Latency = 1> <II = 1> <Delay = 2.77> <Storage> <Opcode : 'load' 'store'> <Ports = 2> <Width = 31> <Depth = 64> <RAM>
ST_1 : Operation 72 [1/1] (0.00ns)   --->   "%zext_ln837_3 = zext i2 %select_ln264"   --->   Operation 72 'zext' 'zext_ln837_3' <Predicate = (!icmp_ln264)> <Delay = 0.00>
ST_1 : Operation 73 [1/1] (3.21ns) (root node of TernaryAdder)   --->   "%add_ln837_1 = add i17 %sub_ln837, i17 %zext_ln837_3"   --->   Operation 73 'add' 'add_ln837_1' <Predicate = (!icmp_ln264)> <Delay = 3.21> <CoreInst = "TAddSub">   --->   Core 10 'TAddSub' <Latency = 0> <II = 1> <Delay = 1.60> <IPBlock> <Opcode : 'add' 'sub'> <InPorts = 3> <OutPorts = 1> <Sync> <CReg>
ST_1 : Operation 74 [1/1] (0.00ns)   --->   "%zext_ln837_4 = zext i17 %add_ln837_1"   --->   Operation 74 'zext' 'zext_ln837_4' <Predicate = (!icmp_ln264)> <Delay = 0.00>
ST_1 : Operation 75 [1/1] (0.00ns)   --->   "%clf_w_L4_W_V_addr = getelementptr i2 %clf_w_L4_W_V, i64 0, i64 %zext_ln837_4"   --->   Operation 75 'getelementptr' 'clf_w_L4_W_V_addr' <Predicate = (!icmp_ln264)> <Delay = 0.00>
ST_1 : Operation 76 [1/1] (3.21ns) (root node of TernaryAdder)   --->   "%add_ln837_2 = add i17 %sub_ln837_1, i17 %zext_ln837_3"   --->   Operation 76 'add' 'add_ln837_2' <Predicate = (!icmp_ln264)> <Delay = 3.21> <CoreInst = "TAddSub">   --->   Core 10 'TAddSub' <Latency = 0> <II = 1> <Delay = 1.60> <IPBlock> <Opcode : 'add' 'sub'> <InPorts = 3> <OutPorts = 1> <Sync> <CReg>
ST_1 : Operation 77 [1/1] (0.00ns)   --->   "%zext_ln837_5 = zext i17 %add_ln837_2"   --->   Operation 77 'zext' 'zext_ln837_5' <Predicate = (!icmp_ln264)> <Delay = 0.00>
ST_1 : Operation 78 [1/1] (0.00ns)   --->   "%clf_w_L4_W_V_addr_1 = getelementptr i2 %clf_w_L4_W_V, i64 0, i64 %zext_ln837_5"   --->   Operation 78 'getelementptr' 'clf_w_L4_W_V_addr_1' <Predicate = (!icmp_ln264)> <Delay = 0.00>
ST_1 : Operation 79 [1/1] (0.63ns)   --->   "%add_ln268 = add i2 %select_ln264, i2 1" [src/ecg_classifier.cpp:268]   --->   Operation 79 'add' 'add_ln268' <Predicate = (!icmp_ln264)> <Delay = 0.63> <CoreInst = "Adder">   --->   Core 1 'Adder' <Latency = 0> <II = 1> <Delay = 0.63> <FuncUnit> <Opcode : 'add' 'sub'> <InPorts = 2> <OutPorts = 1>
ST_1 : Operation 80 [2/2] (2.77ns)   --->   "%clf_w_L4_W_V_load = load i17 %clf_w_L4_W_V_addr"   --->   Operation 80 'load' 'clf_w_L4_W_V_load' <Predicate = (!icmp_ln264)> <Delay = 2.77> <CoreInst = "ROM">   --->   Core 95 'ROM' <Latency = 1> <II = 1> <Delay = 2.77> <Storage> <Opcode : 'load'> <Ports = 0> <Width = 2> <Depth = 73728> <ROM>
ST_1 : Operation 81 [2/2] (2.77ns)   --->   "%clf_w_L4_W_V_load_1 = load i17 %clf_w_L4_W_V_addr_1"   --->   Operation 81 'load' 'clf_w_L4_W_V_load_1' <Predicate = (!icmp_ln264)> <Delay = 2.77> <CoreInst = "ROM">   --->   Core 95 'ROM' <Latency = 1> <II = 1> <Delay = 2.77> <Storage> <Opcode : 'load'> <Ports = 0> <Width = 2> <Depth = 73728> <ROM>
ST_1 : Operation 82 [1/1] (1.29ns)   --->   "%store_ln266 = store i9 %add_ln264_1, i9 %indvar_flatten87" [src/ecg_classifier.cpp:266]   --->   Operation 82 'store' 'store_ln266' <Predicate = (!icmp_ln264)> <Delay = 1.29>
ST_1 : Operation 83 [1/1] (1.29ns)   --->   "%store_ln266 = store i8 %select_ln264_1, i8 %ic" [src/ecg_classifier.cpp:266]   --->   Operation 83 'store' 'store_ln266' <Predicate = (!icmp_ln264)> <Delay = 1.29>
ST_1 : Operation 84 [1/1] (1.29ns)   --->   "%store_ln266 = store i2 %add_ln268, i2 %k" [src/ecg_classifier.cpp:266]   --->   Operation 84 'store' 'store_ln266' <Predicate = (!icmp_ln264)> <Delay = 1.29>

State 2 <SV = 1> <Delay = 6.11>
ST_2 : Operation 85 [1/1] (1.29ns)   --->   "%tmp_1 = mux i31 @_ssdm_op_Mux.ap_auto.2i31.i1, i31 0, i31 0, i1 %empty" [src/ecg_classifier.cpp:268]   --->   Operation 85 'mux' 'tmp_1' <Predicate = (!icmp_ln266)> <Delay = 1.29> <CoreInst = "Multiplexer">   --->   Core 76 'Multiplexer' <Latency = 0> <II = 1> <Delay = 1.29> <FuncUnit> <Opcode : 'mux'> <InPorts = 2> <OutPorts = 1>
ST_2 : Operation 86 [1/2] (2.77ns)   --->   "%win23_V_2_load = load i6 %win23_V_2_addr"   --->   Operation 86 'load' 'win23_V_2_load' <Predicate = true> <Delay = 2.77> <CoreInst = "RAM">   --->   Core 82 'RAM' <Latency = 1> <II = 1> <Delay = 2.77> <Storage> <Opcode : 'load' 'store'> <Ports = 2> <Width = 31> <Depth = 64> <RAM>
ST_2 : Operation 87 [1/2] (2.77ns)   --->   "%win23_V_3_load = load i6 %win23_V_3_addr"   --->   Operation 87 'load' 'win23_V_3_load' <Predicate = true> <Delay = 2.77> <CoreInst = "RAM">   --->   Core 82 'RAM' <Latency = 1> <II = 1> <Delay = 2.77> <Storage> <Opcode : 'load' 'store'> <Ports = 2> <Width = 31> <Depth = 64> <RAM>
ST_2 : Operation 88 [1/1] (1.29ns)   --->   "%tmp_2 = mux i31 @_ssdm_op_Mux.ap_auto.2i31.i1, i31 %win23_V_2_load, i31 %win23_V_3_load, i1 %empty" [src/ecg_classifier.cpp:268]   --->   Operation 88 'mux' 'tmp_2' <Predicate = (!icmp_ln266)> <Delay = 1.29> <CoreInst = "Multiplexer">   --->   Core 76 'Multiplexer' <Latency = 0> <II = 1> <Delay = 1.29> <FuncUnit> <Opcode : 'mux'> <InPorts = 2> <OutPorts = 1>
ST_2 : Operation 89 [1/2] (2.77ns)   --->   "%win23_V_4_load = load i6 %win23_V_4_addr"   --->   Operation 89 'load' 'win23_V_4_load' <Predicate = true> <Delay = 2.77> <CoreInst = "RAM">   --->   Core 82 'RAM' <Latency = 1> <II = 1> <Delay = 2.77> <Storage> <Opcode : 'load' 'store'> <Ports = 2> <Width = 31> <Depth = 64> <RAM>
ST_2 : Operation 90 [1/2] (2.77ns)   --->   "%win23_V_5_load = load i6 %win23_V_5_addr"   --->   Operation 90 'load' 'win23_V_5_load' <Predicate = true> <Delay = 2.77> <CoreInst = "RAM">   --->   Core 82 'RAM' <Latency = 1> <II = 1> <Delay = 2.77> <Storage> <Opcode : 'load' 'store'> <Ports = 2> <Width = 31> <Depth = 64> <RAM>
ST_2 : Operation 91 [1/1] (1.29ns)   --->   "%tmp_3 = mux i31 @_ssdm_op_Mux.ap_auto.2i31.i1, i31 %win23_V_4_load, i31 %win23_V_5_load, i1 %empty" [src/ecg_classifier.cpp:268]   --->   Operation 91 'mux' 'tmp_3' <Predicate = (!icmp_ln266)> <Delay = 1.29> <CoreInst = "Multiplexer">   --->   Core 76 'Multiplexer' <Latency = 0> <II = 1> <Delay = 1.29> <FuncUnit> <Opcode : 'mux'> <InPorts = 2> <OutPorts = 1>
ST_2 : Operation 92 [1/1] (0.00ns) (grouped into LUT with out node select_ln264_2)   --->   "%tmp_21_mid1 = mux i31 @_ssdm_op_Mux.ap_auto.2i31.i1, i31 0, i31 0, i1 %empty_59" [src/ecg_classifier.cpp:268]   --->   Operation 92 'mux' 'tmp_21_mid1' <Predicate = (!icmp_ln264 & icmp_ln266)> <Delay = 0.00> <CoreInst = "Multiplexer">   --->   Core 76 'Multiplexer' <Latency = 0> <II = 1> <Delay = 1.29> <FuncUnit> <Opcode : 'mux'> <InPorts = 2> <OutPorts = 1>
ST_2 : Operation 93 [1/1] (1.29ns) (out node of the LUT)   --->   "%select_ln264_2 = select i1 %icmp_ln266, i31 %tmp_21_mid1, i31 %tmp_1" [src/ecg_classifier.cpp:264]   --->   Operation 93 'select' 'select_ln264_2' <Predicate = (!icmp_ln264)> <Delay = 1.29> <CoreInst = "Sel">   --->   Core 73 'Sel' <Latency = 0> <II = 1> <Delay = 0.71> <FuncUnit> <Opcode : 'select'> <InPorts = 3> <OutPorts = 1>
ST_2 : Operation 94 [1/2] (2.77ns)   --->   "%win23_V_2_load_1 = load i6 %win23_V_2_addr_1" [src/ecg_classifier.cpp:264]   --->   Operation 94 'load' 'win23_V_2_load_1' <Predicate = (!icmp_ln264)> <Delay = 2.77> <CoreInst = "RAM">   --->   Core 82 'RAM' <Latency = 1> <II = 1> <Delay = 2.77> <Storage> <Opcode : 'load' 'store'> <Ports = 2> <Width = 31> <Depth = 64> <RAM>
ST_2 : Operation 95 [1/2] (2.77ns)   --->   "%win23_V_3_load_1 = load i6 %win23_V_3_addr_1" [src/ecg_classifier.cpp:264]   --->   Operation 95 'load' 'win23_V_3_load_1' <Predicate = (!icmp_ln264)> <Delay = 2.77> <CoreInst = "RAM">   --->   Core 82 'RAM' <Latency = 1> <II = 1> <Delay = 2.77> <Storage> <Opcode : 'load' 'store'> <Ports = 2> <Width = 31> <Depth = 64> <RAM>
ST_2 : Operation 96 [1/1] (1.29ns)   --->   "%tmp_22_mid1 = mux i31 @_ssdm_op_Mux.ap_auto.2i31.i1, i31 %win23_V_2_load_1, i31 %win23_V_3_load_1, i1 %empty_59" [src/ecg_classifier.cpp:268]   --->   Operation 96 'mux' 'tmp_22_mid1' <Predicate = (!icmp_ln264 & icmp_ln266)> <Delay = 1.29> <CoreInst = "Multiplexer">   --->   Core 76 'Multiplexer' <Latency = 0> <II = 1> <Delay = 1.29> <FuncUnit> <Opcode : 'mux'> <InPorts = 2> <OutPorts = 1>
ST_2 : Operation 97 [1/1] (0.71ns)   --->   "%select_ln264_3 = select i1 %icmp_ln266, i31 %tmp_22_mid1, i31 %tmp_2" [src/ecg_classifier.cpp:264]   --->   Operation 97 'select' 'select_ln264_3' <Predicate = (!icmp_ln264)> <Delay = 0.71> <CoreInst = "Sel">   --->   Core 73 'Sel' <Latency = 0> <II = 1> <Delay = 0.71> <FuncUnit> <Opcode : 'select'> <InPorts = 3> <OutPorts = 1>
ST_2 : Operation 98 [1/2] (2.77ns)   --->   "%win23_V_4_load_1 = load i6 %win23_V_4_addr_1" [src/ecg_classifier.cpp:264]   --->   Operation 98 'load' 'win23_V_4_load_1' <Predicate = (!icmp_ln264)> <Delay = 2.77> <CoreInst = "RAM">   --->   Core 82 'RAM' <Latency = 1> <II = 1> <Delay = 2.77> <Storage> <Opcode : 'load' 'store'> <Ports = 2> <Width = 31> <Depth = 64> <RAM>
ST_2 : Operation 99 [1/2] (2.77ns)   --->   "%win23_V_5_load_1 = load i6 %win23_V_5_addr_1" [src/ecg_classifier.cpp:264]   --->   Operation 99 'load' 'win23_V_5_load_1' <Predicate = (!icmp_ln264)> <Delay = 2.77> <CoreInst = "RAM">   --->   Core 82 'RAM' <Latency = 1> <II = 1> <Delay = 2.77> <Storage> <Opcode : 'load' 'store'> <Ports = 2> <Width = 31> <Depth = 64> <RAM>
ST_2 : Operation 100 [1/1] (1.29ns)   --->   "%tmp_23_mid1 = mux i31 @_ssdm_op_Mux.ap_auto.2i31.i1, i31 %win23_V_4_load_1, i31 %win23_V_5_load_1, i1 %empty_59" [src/ecg_classifier.cpp:268]   --->   Operation 100 'mux' 'tmp_23_mid1' <Predicate = (!icmp_ln264 & icmp_ln266)> <Delay = 1.29> <CoreInst = "Multiplexer">   --->   Core 76 'Multiplexer' <Latency = 0> <II = 1> <Delay = 1.29> <FuncUnit> <Opcode : 'mux'> <InPorts = 2> <OutPorts = 1>
ST_2 : Operation 101 [1/1] (0.71ns)   --->   "%select_ln264_4 = select i1 %icmp_ln266, i31 %tmp_23_mid1, i31 %tmp_3" [src/ecg_classifier.cpp:264]   --->   Operation 101 'select' 'select_ln264_4' <Predicate = (!icmp_ln264)> <Delay = 0.71> <CoreInst = "Sel">   --->   Core 73 'Sel' <Latency = 0> <II = 1> <Delay = 0.71> <FuncUnit> <Opcode : 'select'> <InPorts = 3> <OutPorts = 1>
ST_2 : Operation 102 [1/1] (1.32ns)   --->   "%tmp_7 = mux i31 @_ssdm_op_Mux.ap_auto.3i31.i2, i31 %select_ln264_2, i31 %select_ln264_3, i31 %select_ln264_4, i2 %select_ln264" [src/ecg_classifier.cpp:268]   --->   Operation 102 'mux' 'tmp_7' <Predicate = (!icmp_ln264)> <Delay = 1.32> <CoreInst = "Multiplexer">   --->   Core 76 'Multiplexer' <Latency = 0> <II = 1> <Delay = 1.32> <FuncUnit> <Opcode : 'mux'> <InPorts = 2> <OutPorts = 1>
ST_2 : Operation 103 [1/2] (2.77ns)   --->   "%clf_w_L4_W_V_load = load i17 %clf_w_L4_W_V_addr"   --->   Operation 103 'load' 'clf_w_L4_W_V_load' <Predicate = (!icmp_ln264)> <Delay = 2.77> <CoreInst = "ROM">   --->   Core 95 'ROM' <Latency = 1> <II = 1> <Delay = 2.77> <Storage> <Opcode : 'load'> <Ports = 0> <Width = 2> <Depth = 73728> <ROM>
ST_2 : Operation 104 [1/2] (2.77ns)   --->   "%clf_w_L4_W_V_load_1 = load i17 %clf_w_L4_W_V_addr_1"   --->   Operation 104 'load' 'clf_w_L4_W_V_load_1' <Predicate = (!icmp_ln264)> <Delay = 2.77> <CoreInst = "ROM">   --->   Core 95 'ROM' <Latency = 1> <II = 1> <Delay = 2.77> <Storage> <Opcode : 'load'> <Ports = 0> <Width = 2> <Depth = 73728> <ROM>

State 3 <SV = 2> <Delay = 7.33>
ST_3 : Operation 105 [1/1] (0.00ns)   --->   "%tmp_8 = bitconcatenate i39 @_ssdm_op_BitConcatenate.i39.i31.i8, i31 %tmp_7, i8 0"   --->   Operation 105 'bitconcatenate' 'tmp_8' <Predicate = true> <Delay = 0.00>
ST_3 : Operation 106 [1/1] (0.00ns)   --->   "%shl_ln838_6 = bitconcatenate i22 @_ssdm_op_BitConcatenate.i22.i2.i20, i2 %clf_w_L4_W_V_load, i20 0"   --->   Operation 106 'bitconcatenate' 'shl_ln838_6' <Predicate = true> <Delay = 0.00>
ST_3 : Operation 107 [1/1] (0.00ns)   --->   "%zext_ln1273 = zext i39 %tmp_8"   --->   Operation 107 'zext' 'zext_ln1273' <Predicate = true> <Delay = 0.00>
ST_3 : Operation 108 [1/1] (0.00ns)   --->   "%sext_ln1273 = sext i22 %shl_ln838_6"   --->   Operation 108 'sext' 'sext_ln1273' <Predicate = true> <Delay = 0.00>
ST_3 : Operation 109 [1/1] (7.33ns)   --->   "%r_V = mul i61 %sext_ln1273, i61 %zext_ln1273"   --->   Operation 109 'mul' 'r_V' <Predicate = true> <Delay = 7.33> <CoreInst = "Multiplier">   --->   Core 3 'Multiplier' <Latency = 0> <II = 1> <Delay = 7.33> <FuncUnit> <Opcode : 'mul'> <InPorts = 2> <OutPorts = 1>
ST_3 : Operation 110 [1/1] (0.00ns)   --->   "%shl_ln838_7 = bitconcatenate i22 @_ssdm_op_BitConcatenate.i22.i2.i20, i2 %clf_w_L4_W_V_load_1, i20 0"   --->   Operation 110 'bitconcatenate' 'shl_ln838_7' <Predicate = true> <Delay = 0.00>
ST_3 : Operation 111 [1/1] (0.00ns)   --->   "%sext_ln1273_1 = sext i22 %shl_ln838_7"   --->   Operation 111 'sext' 'sext_ln1273_1' <Predicate = true> <Delay = 0.00>
ST_3 : Operation 112 [1/1] (7.33ns)   --->   "%r_V_3 = mul i61 %sext_ln1273_1, i61 %zext_ln1273"   --->   Operation 112 'mul' 'r_V_3' <Predicate = true> <Delay = 7.33> <CoreInst = "Multiplier">   --->   Core 3 'Multiplier' <Latency = 0> <II = 1> <Delay = 7.33> <FuncUnit> <Opcode : 'mul'> <InPorts = 2> <OutPorts = 1>
ST_3 : Operation 142 [1/1] (0.00ns)   --->   "%phi_ln818_7_load = load i32 %phi_ln818_7"   --->   Operation 142 'load' 'phi_ln818_7_load' <Predicate = (icmp_ln264)> <Delay = 0.00>
ST_3 : Operation 143 [1/1] (0.00ns)   --->   "%phi_ln818_6_load = load i32 %phi_ln818_6"   --->   Operation 143 'load' 'phi_ln818_6_load' <Predicate = (icmp_ln264)> <Delay = 0.00>
ST_3 : Operation 144 [1/1] (0.00ns)   --->   "%write_ln0 = write void @_ssdm_op_Write.ap_auto.i32P0A, i32 %phi_ln818_6_out, i32 %phi_ln818_6_load"   --->   Operation 144 'write' 'write_ln0' <Predicate = (icmp_ln264)> <Delay = 0.00>
ST_3 : Operation 145 [1/1] (0.00ns)   --->   "%write_ln0 = write void @_ssdm_op_Write.ap_auto.i32P0A, i32 %phi_ln818_7_out, i32 %phi_ln818_7_load"   --->   Operation 145 'write' 'write_ln0' <Predicate = (icmp_ln264)> <Delay = 0.00>
ST_3 : Operation 146 [1/1] (0.00ns)   --->   "%ret_ln0 = ret"   --->   Operation 146 'ret' 'ret_ln0' <Predicate = (icmp_ln264)> <Delay = 0.00>

State 4 <SV = 3> <Delay = 4.11>
ST_4 : Operation 113 [1/1] (0.00ns)   --->   "%lhs_V_load = load i48 %lhs_V" [src/ecg_classifier.cpp:266]   --->   Operation 113 'load' 'lhs_V_load' <Predicate = true> <Delay = 0.00>
ST_4 : Operation 114 [1/1] (0.00ns)   --->   "%lhs_V_2_load = load i48 %lhs_V_2" [src/ecg_classifier.cpp:266]   --->   Operation 114 'load' 'lhs_V_2_load' <Predicate = true> <Delay = 0.00>
ST_4 : Operation 115 [1/1] (0.00ns)   --->   "%specloopname_ln0 = specloopname void @_ssdm_op_SpecLoopName, void @L4_IC_L4_K_str"   --->   Operation 115 'specloopname' 'specloopname_ln0' <Predicate = true> <Delay = 0.00>
ST_4 : Operation 116 [1/1] (0.00ns)   --->   "%empty_58 = speclooptripcount i32 @_ssdm_op_SpecLoopTripCount, i64 384, i64 384, i64 384"   --->   Operation 116 'speclooptripcount' 'empty_58' <Predicate = true> <Delay = 0.00>
ST_4 : Operation 117 [1/1] (0.00ns)   --->   "%specpipeline_ln267 = specpipeline void @_ssdm_op_SpecPipeline, i32 1, i32 0, i32 0, i32 0, void @empty_17" [src/ecg_classifier.cpp:267]   --->   Operation 117 'specpipeline' 'specpipeline_ln267' <Predicate = true> <Delay = 0.00>
ST_4 : Operation 118 [1/1] (0.00ns)   --->   "%specloopname_ln261 = specloopname void @_ssdm_op_SpecLoopName, void @empty" [src/ecg_classifier.cpp:261]   --->   Operation 118 'specloopname' 'specloopname_ln261' <Predicate = true> <Delay = 0.00>
ST_4 : Operation 119 [1/1] (0.00ns)   --->   "%lhs_V_3 = bitconcatenate i72 @_ssdm_op_BitConcatenate.i72.i48.i24, i48 %lhs_V_load, i24 0"   --->   Operation 119 'bitconcatenate' 'lhs_V_3' <Predicate = true> <Delay = 0.00>
ST_4 : Operation 120 [1/1] (0.00ns)   --->   "%trunc_ln266 = trunc i48 %lhs_V_load" [src/ecg_classifier.cpp:266]   --->   Operation 120 'trunc' 'trunc_ln266' <Predicate = true> <Delay = 0.00>
ST_4 : Operation 121 [1/1] (0.00ns)   --->   "%sext_ln1347_s = bitconcatenate i64 @_ssdm_op_BitConcatenate.i64.i40.i24, i40 %trunc_ln266, i24 0" [src/ecg_classifier.cpp:266]   --->   Operation 121 'bitconcatenate' 'sext_ln1347_s' <Predicate = true> <Delay = 0.00>
ST_4 : Operation 122 [1/1] (0.00ns)   --->   "%sext_ln266 = sext i61 %r_V" [src/ecg_classifier.cpp:266]   --->   Operation 122 'sext' 'sext_ln266' <Predicate = true> <Delay = 0.00>
ST_4 : Operation 123 [1/1] (0.00ns)   --->   "%sext_ln1347 = sext i61 %r_V"   --->   Operation 123 'sext' 'sext_ln1347' <Predicate = true> <Delay = 0.00>
ST_4 : Operation 124 [1/1] (2.69ns)   --->   "%add_ln266 = add i64 %sext_ln1347_s, i64 %sext_ln266" [src/ecg_classifier.cpp:266]   --->   Operation 124 'add' 'add_ln266' <Predicate = true> <Delay = 2.69> <CoreInst = "Adder">   --->   Core 1 'Adder' <Latency = 0> <II = 1> <Delay = 2.69> <FuncUnit> <Opcode : 'add' 'sub'> <InPorts = 2> <OutPorts = 1>
ST_4 : Operation 125 [1/1] (2.81ns)   --->   "%add_ln1347 = add i72 %lhs_V_3, i72 %sext_ln1347"   --->   Operation 125 'add' 'add_ln1347' <Predicate = true> <Delay = 2.81> <CoreInst = "Adder">   --->   Core 1 'Adder' <Latency = 0> <II = 1> <Delay = 2.81> <FuncUnit> <Opcode : 'add' 'sub'> <InPorts = 2> <OutPorts = 1>
ST_4 : Operation 126 [1/1] (0.00ns)   --->   "%acc0_V = partselect i48 @_ssdm_op_PartSelect.i48.i72.i32.i32, i72 %add_ln1347, i32 24, i32 71"   --->   Operation 126 'partselect' 'acc0_V' <Predicate = true> <Delay = 0.00>
ST_4 : Operation 127 [1/1] (0.00ns)   --->   "%lhs_V_4 = bitconcatenate i72 @_ssdm_op_BitConcatenate.i72.i48.i24, i48 %lhs_V_2_load, i24 0"   --->   Operation 127 'bitconcatenate' 'lhs_V_4' <Predicate = true> <Delay = 0.00>
ST_4 : Operation 128 [1/1] (0.00ns)   --->   "%trunc_ln266_1 = trunc i48 %lhs_V_2_load" [src/ecg_classifier.cpp:266]   --->   Operation 128 'trunc' 'trunc_ln266_1' <Predicate = true> <Delay = 0.00>
ST_4 : Operation 129 [1/1] (0.00ns)   --->   "%sext_ln1347_1 = bitconcatenate i64 @_ssdm_op_BitConcatenate.i64.i40.i24, i40 %trunc_ln266_1, i24 0" [src/ecg_classifier.cpp:266]   --->   Operation 129 'bitconcatenate' 'sext_ln1347_1' <Predicate = true> <Delay = 0.00>
ST_4 : Operation 130 [1/1] (0.00ns)   --->   "%sext_ln266_1 = sext i61 %r_V_3" [src/ecg_classifier.cpp:266]   --->   Operation 130 'sext' 'sext_ln266_1' <Predicate = true> <Delay = 0.00>
ST_4 : Operation 131 [1/1] (0.00ns)   --->   "%sext_ln1347_2 = sext i61 %r_V_3"   --->   Operation 131 'sext' 'sext_ln1347_2' <Predicate = true> <Delay = 0.00>
ST_4 : Operation 132 [1/1] (2.69ns)   --->   "%add_ln266_1 = add i64 %sext_ln1347_1, i64 %sext_ln266_1" [src/ecg_classifier.cpp:266]   --->   Operation 132 'add' 'add_ln266_1' <Predicate = true> <Delay = 2.69> <CoreInst = "Adder">   --->   Core 1 'Adder' <Latency = 0> <II = 1> <Delay = 2.69> <FuncUnit> <Opcode : 'add' 'sub'> <InPorts = 2> <OutPorts = 1>
ST_4 : Operation 133 [1/1] (2.81ns)   --->   "%add_ln1347_1 = add i72 %lhs_V_4, i72 %sext_ln1347_2"   --->   Operation 133 'add' 'add_ln1347_1' <Predicate = true> <Delay = 2.81> <CoreInst = "Adder">   --->   Core 1 'Adder' <Latency = 0> <II = 1> <Delay = 2.81> <FuncUnit> <Opcode : 'add' 'sub'> <InPorts = 2> <OutPorts = 1>
ST_4 : Operation 134 [1/1] (0.00ns)   --->   "%acc1_V = partselect i48 @_ssdm_op_PartSelect.i48.i72.i32.i32, i72 %add_ln1347_1, i32 24, i32 71"   --->   Operation 134 'partselect' 'acc1_V' <Predicate = true> <Delay = 0.00>
ST_4 : Operation 135 [1/1] (0.00ns)   --->   "%phitmp5 = partselect i32 @_ssdm_op_PartSelect.i32.i64.i32.i32, i64 %add_ln266, i32 32, i32 63" [src/ecg_classifier.cpp:266]   --->   Operation 135 'partselect' 'phitmp5' <Predicate = true> <Delay = 0.00>
ST_4 : Operation 136 [1/1] (0.00ns)   --->   "%phitmp6 = partselect i32 @_ssdm_op_PartSelect.i32.i64.i32.i32, i64 %add_ln266_1, i32 32, i32 63" [src/ecg_classifier.cpp:266]   --->   Operation 136 'partselect' 'phitmp6' <Predicate = true> <Delay = 0.00>
ST_4 : Operation 137 [1/1] (1.29ns)   --->   "%store_ln266 = store i48 %acc1_V, i48 %lhs_V_2" [src/ecg_classifier.cpp:266]   --->   Operation 137 'store' 'store_ln266' <Predicate = true> <Delay = 1.29>
ST_4 : Operation 138 [1/1] (1.29ns)   --->   "%store_ln266 = store i48 %acc0_V, i48 %lhs_V" [src/ecg_classifier.cpp:266]   --->   Operation 138 'store' 'store_ln266' <Predicate = true> <Delay = 1.29>
ST_4 : Operation 139 [1/1] (1.29ns)   --->   "%store_ln266 = store i32 %phitmp5, i32 %phi_ln818_6" [src/ecg_classifier.cpp:266]   --->   Operation 139 'store' 'store_ln266' <Predicate = true> <Delay = 1.29>
ST_4 : Operation 140 [1/1] (1.29ns)   --->   "%store_ln266 = store i32 %phitmp6, i32 %phi_ln818_7" [src/ecg_classifier.cpp:266]   --->   Operation 140 'store' 'store_ln266' <Predicate = true> <Delay = 1.29>
ST_4 : Operation 141 [1/1] (0.00ns)   --->   "%br_ln266 = br void %for.body593" [src/ecg_classifier.cpp:266]   --->   Operation 141 'br' 'br_ln266' <Predicate = true> <Delay = 0.00>


============================================================
+ Verbose Summary: Binding
============================================================
STG Binding: 
---------------- STG Properties BEGIN ----------------
- Is combinational: 0
- Is one-state seq: 0
- Is datapath-only: 0
- Is pipelined: 0
- Is top level: 0
Port [ Return ] is wired: 1; IO mode=ap_ctrl_hs:ce=0
Port [ sext_ln262]:  wired=1; compound=0; hidden=0; nouse=0; global=0; static=0; extern=0; dir=0; type=0; pingpong=0; private_global=0; IO mode=ap_none:ce=0
Port [ sext_ln261]:  wired=1; compound=0; hidden=0; nouse=0; global=0; static=0; extern=0; dir=0; type=0; pingpong=0; private_global=0; IO mode=ap_none:ce=0
Port [ win23_V_2]:  wired=1; compound=1; hidden=0; nouse=0; global=0; static=0; extern=0; dir=0; type=1; pingpong=0; private_global=0; MemPort=[11]; IO mode=ap_memory:ce=0
Port [ win23_V_3]:  wired=1; compound=1; hidden=0; nouse=0; global=0; static=0; extern=0; dir=0; type=1; pingpong=0; private_global=0; MemPort=[11]; IO mode=ap_memory:ce=0
Port [ win23_V_4]:  wired=1; compound=1; hidden=0; nouse=0; global=0; static=0; extern=0; dir=0; type=1; pingpong=0; private_global=0; MemPort=[11]; IO mode=ap_memory:ce=0
Port [ win23_V_5]:  wired=1; compound=1; hidden=0; nouse=0; global=0; static=0; extern=0; dir=0; type=1; pingpong=0; private_global=0; MemPort=[11]; IO mode=ap_memory:ce=0
Port [ oc_base_2]:  wired=1; compound=0; hidden=0; nouse=0; global=0; static=0; extern=0; dir=0; type=0; pingpong=0; private_global=0; IO mode=ap_none:ce=0
Port [ zext_ln837_14]:  wired=1; compound=0; hidden=0; nouse=0; global=0; static=0; extern=0; dir=0; type=0; pingpong=0; private_global=0; IO mode=ap_none:ce=0
Port [ phi_ln818_6_out]:  wired=1; compound=0; hidden=0; nouse=0; global=0; static=0; extern=0; dir=1; type=0; pingpong=0; private_global=0; IO mode=ap_vld:ce=0
Port [ phi_ln818_7_out]:  wired=1; compound=0; hidden=0; nouse=0; global=0; static=0; extern=0; dir=1; type=0; pingpong=0; private_global=0; IO mode=ap_vld:ce=0
Port [ clf_w_L4_W_V]:  wired=0; compound=1; hidden=1; nouse=0; global=1; static=1; extern=0; dir=0; type=1; pingpong=0; private_global=1; MemPort=[11]; IO mode=ap_memory:ce=0
---------------- STG Properties END ------------------

---------------- Datapath Model BEGIN ----------------

<LifeTime>
<method=bitvector/>
phi_ln818_7           (alloca           ) [ 01111]
phi_ln818_6           (alloca           ) [ 01111]
lhs_V                 (alloca           ) [ 01111]
lhs_V_2               (alloca           ) [ 01111]
k                     (alloca           ) [ 01000]
ic                    (alloca           ) [ 01000]
indvar_flatten87      (alloca           ) [ 01000]
zext_ln837_14_read    (read             ) [ 00000]
oc_base_2_read        (read             ) [ 00000]
sext_ln261_read       (read             ) [ 00000]
sext_ln262_read       (read             ) [ 00000]
sext_ln261_cast       (sext             ) [ 00000]
sext_ln262_cast       (sext             ) [ 00000]
zext_ln837_14_cast    (zext             ) [ 00000]
store_ln0             (store            ) [ 00000]
store_ln0             (store            ) [ 00000]
store_ln0             (store            ) [ 00000]
store_ln0             (store            ) [ 00000]
store_ln0             (store            ) [ 00000]
store_ln0             (store            ) [ 00000]
store_ln0             (store            ) [ 00000]
br_ln0                (br               ) [ 00000]
ic_1                  (load             ) [ 00000]
indvar_flatten87_load (load             ) [ 00000]
tmp_s                 (partselect       ) [ 00000]
p_cast43              (zext             ) [ 00000]
empty                 (trunc            ) [ 01100]
win23_V_2_addr        (getelementptr    ) [ 01100]
win23_V_3_addr        (getelementptr    ) [ 01100]
win23_V_4_addr        (getelementptr    ) [ 01100]
win23_V_5_addr        (getelementptr    ) [ 01100]
icmp_ln264            (icmp             ) [ 01110]
add_ln264_1           (add              ) [ 00000]
br_ln264              (br               ) [ 00000]
k_load                (load             ) [ 00000]
add_ln264             (add              ) [ 00000]
icmp_ln266            (icmp             ) [ 01100]
select_ln264          (select           ) [ 01100]
select_ln264_1        (select           ) [ 00000]
zext_ln837            (zext             ) [ 00000]
tmp_4                 (partselect       ) [ 00000]
tmp_5                 (bitconcatenate   ) [ 00000]
zext_ln837_1          (zext             ) [ 00000]
tmp_6                 (bitconcatenate   ) [ 00000]
sub_ln837             (sub              ) [ 00000]
add_ln837             (add              ) [ 00000]
zext_ln837_2          (zext             ) [ 00000]
trunc_ln837           (trunc            ) [ 00000]
p_shl3                (bitconcatenate   ) [ 00000]
sub_ln837_1           (sub              ) [ 00000]
p_mid2                (partselect       ) [ 00000]
p_cast43_mid1         (zext             ) [ 00000]
empty_59              (trunc            ) [ 01100]
win23_V_2_addr_1      (getelementptr    ) [ 01100]
win23_V_3_addr_1      (getelementptr    ) [ 01100]
win23_V_4_addr_1      (getelementptr    ) [ 01100]
win23_V_5_addr_1      (getelementptr    ) [ 01100]
zext_ln837_3          (zext             ) [ 00000]
add_ln837_1           (add              ) [ 00000]
zext_ln837_4          (zext             ) [ 00000]
clf_w_L4_W_V_addr     (getelementptr    ) [ 01100]
add_ln837_2           (add              ) [ 00000]
zext_ln837_5          (zext             ) [ 00000]
clf_w_L4_W_V_addr_1   (getelementptr    ) [ 01100]
add_ln268             (add              ) [ 00000]
store_ln266           (store            ) [ 00000]
store_ln266           (store            ) [ 00000]
store_ln266           (store            ) [ 00000]
tmp_1                 (mux              ) [ 00000]
win23_V_2_load        (load             ) [ 00000]
win23_V_3_load        (load             ) [ 00000]
tmp_2                 (mux              ) [ 00000]
win23_V_4_load        (load             ) [ 00000]
win23_V_5_load        (load             ) [ 00000]
tmp_3                 (mux              ) [ 00000]
tmp_21_mid1           (mux              ) [ 00000]
select_ln264_2        (select           ) [ 00000]
win23_V_2_load_1      (load             ) [ 00000]
win23_V_3_load_1      (load             ) [ 00000]
tmp_22_mid1           (mux              ) [ 00000]
select_ln264_3        (select           ) [ 00000]
win23_V_4_load_1      (load             ) [ 00000]
win23_V_5_load_1      (load             ) [ 00000]
tmp_23_mid1           (mux              ) [ 00000]
select_ln264_4        (select           ) [ 00000]
tmp_7                 (mux              ) [ 01010]
clf_w_L4_W_V_load     (load             ) [ 01010]
clf_w_L4_W_V_load_1   (load             ) [ 01010]
tmp_8                 (bitconcatenate   ) [ 00000]
shl_ln838_6           (bitconcatenate   ) [ 00000]
zext_ln1273           (zext             ) [ 00000]
sext_ln1273           (sext             ) [ 00000]
r_V                   (mul              ) [ 01001]
shl_ln838_7           (bitconcatenate   ) [ 00000]
sext_ln1273_1         (sext             ) [ 00000]
r_V_3                 (mul              ) [ 01001]
lhs_V_load            (load             ) [ 00000]
lhs_V_2_load          (load             ) [ 00000]
specloopname_ln0      (specloopname     ) [ 00000]
empty_58              (speclooptripcount) [ 00000]
specpipeline_ln267    (specpipeline     ) [ 00000]
specloopname_ln261    (specloopname     ) [ 00000]
lhs_V_3               (bitconcatenate   ) [ 00000]
trunc_ln266           (trunc            ) [ 00000]
sext_ln1347_s         (bitconcatenate   ) [ 00000]
sext_ln266            (sext             ) [ 00000]
sext_ln1347           (sext             ) [ 00000]
add_ln266             (add              ) [ 00000]
add_ln1347            (add              ) [ 00000]
acc0_V                (partselect       ) [ 00000]
lhs_V_4               (bitconcatenate   ) [ 00000]
trunc_ln266_1         (trunc            ) [ 00000]
sext_ln1347_1         (bitconcatenate   ) [ 00000]
sext_ln266_1          (sext             ) [ 00000]
sext_ln1347_2         (sext             ) [ 00000]
add_ln266_1           (add              ) [ 00000]
add_ln1347_1          (add              ) [ 00000]
acc1_V                (partselect       ) [ 00000]
phitmp5               (partselect       ) [ 00000]
phitmp6               (partselect       ) [ 00000]
store_ln266           (store            ) [ 00000]
store_ln266           (store            ) [ 00000]
store_ln266           (store            ) [ 00000]
store_ln266           (store            ) [ 00000]
br_ln266              (br               ) [ 00000]
phi_ln818_7_load      (load             ) [ 00000]
phi_ln818_6_load      (load             ) [ 00000]
write_ln0             (write            ) [ 00000]
write_ln0             (write            ) [ 00000]
ret_ln0               (ret              ) [ 00000]
</LifeTime>

<model>

<comp_list>
<comp id="0" class="1000" name="sext_ln262">
<pin_list>
<pin id="1" dir="1" index="0" bw="1" slack="0"/>
</pin_list>
<bind>
<StgValue><ssdm name="sext_ln262"/></StgValue>
</bind>
</comp>

<comp id="2" class="1000" name="sext_ln261">
<pin_list>
<pin id="3" dir="1" index="0" bw="1" slack="0"/>
</pin_list>
<bind>
<StgValue><ssdm name="sext_ln261"/></StgValue>
</bind>
</comp>

<comp id="4" class="1000" name="win23_V_2">
<pin_list>
<pin id="5" dir="1" index="0" bw="1" slack="0"/>
</pin_list>
<bind>
<StgValue><ssdm name="win23_V_2"/><MemPortTyVec>1 1 </MemPortTyVec>
</StgValue>
</bind>
</comp>

<comp id="6" class="1000" name="win23_V_3">
<pin_list>
<pin id="7" dir="1" index="0" bw="1" slack="0"/>
</pin_list>
<bind>
<StgValue><ssdm name="win23_V_3"/><MemPortTyVec>1 1 </MemPortTyVec>
</StgValue>
</bind>
</comp>

<comp id="8" class="1000" name="win23_V_4">
<pin_list>
<pin id="9" dir="1" index="0" bw="1" slack="0"/>
</pin_list>
<bind>
<StgValue><ssdm name="win23_V_4"/><MemPortTyVec>1 1 </MemPortTyVec>
</StgValue>
</bind>
</comp>

<comp id="10" class="1000" name="win23_V_5">
<pin_list>
<pin id="11" dir="1" index="0" bw="1" slack="0"/>
</pin_list>
<bind>
<StgValue><ssdm name="win23_V_5"/><MemPortTyVec>1 1 </MemPortTyVec>
</StgValue>
</bind>
</comp>

<comp id="12" class="1000" name="oc_base_2">
<pin_list>
<pin id="13" dir="1" index="0" bw="1" slack="0"/>
</pin_list>
<bind>
<StgValue><ssdm name="oc_base_2"/></StgValue>
</bind>
</comp>

<comp id="14" class="1000" name="zext_ln837_14">
<pin_list>
<pin id="15" dir="1" index="0" bw="1" slack="0"/>
</pin_list>
<bind>
<StgValue><ssdm name="zext_ln837_14"/></StgValue>
</bind>
</comp>

<comp id="16" class="1000" name="phi_ln818_6_out">
<pin_list>
<pin id="17" dir="1" index="0" bw="1" slack="0"/>
</pin_list>
<bind>
<StgValue><ssdm name="phi_ln818_6_out"/></StgValue>
</bind>
</comp>

<comp id="18" class="1000" name="phi_ln818_7_out">
<pin_list>
<pin id="19" dir="1" index="0" bw="1" slack="0"/>
</pin_list>
<bind>
<StgValue><ssdm name="phi_ln818_7_out"/></StgValue>
</bind>
</comp>

<comp id="20" class="1000" name="clf_w_L4_W_V">
<pin_list>
<pin id="21" dir="1" index="0" bw="1" slack="0"/>
</pin_list>
<bind>
<StgValue><ssdm name="clf_w_L4_W_V"/><MemPortTyVec>1 1 </MemPortTyVec>
</StgValue>
</bind>
</comp>

<comp id="22" class="1001" name="const_22">
<pin_list>
<pin id="23" dir="1" index="0" bw="1" slack="0"/>
</pin_list>
<bind>
<StgValue><ssdm name=""/></StgValue>
</bind>
</comp>

<comp id="24" class="1001" name="const_24">
<pin_list>
<pin id="25" dir="1" index="0" bw="1" slack="0"/>
</pin_list>
<bind>
<StgValue><ssdm name="_ssdm_op_Read.ap_auto.i15"/></StgValue>
</bind>
</comp>

<comp id="26" class="1001" name="const_26">
<pin_list>
<pin id="27" dir="1" index="0" bw="1" slack="0"/>
</pin_list>
<bind>
<StgValue><ssdm name="_ssdm_op_Read.ap_auto.i8"/></StgValue>
</bind>
</comp>

<comp id="28" class="1001" name="const_28">
<pin_list>
<pin id="29" dir="1" index="0" bw="1" slack="0"/>
</pin_list>
<bind>
<StgValue><ssdm name="_ssdm_op_Read.ap_auto.i26"/></StgValue>
</bind>
</comp>

<comp id="30" class="1001" name="const_30">
<pin_list>
<pin id="31" dir="1" index="0" bw="1" slack="0"/>
</pin_list>
<bind>
<StgValue><ssdm name=""/></StgValue>
</bind>
</comp>

<comp id="32" class="1001" name="const_32">
<pin_list>
<pin id="33" dir="1" index="0" bw="1" slack="0"/>
</pin_list>
<bind>
<StgValue><ssdm name=""/></StgValue>
</bind>
</comp>

<comp id="34" class="1001" name="const_34">
<pin_list>
<pin id="35" dir="1" index="0" bw="1" slack="0"/>
</pin_list>
<bind>
<StgValue><ssdm name=""/></StgValue>
</bind>
</comp>

<comp id="36" class="1001" name="const_36">
<pin_list>
<pin id="37" dir="1" index="0" bw="1" slack="0"/>
</pin_list>
<bind>
<StgValue><ssdm name=""/></StgValue>
</bind>
</comp>

<comp id="38" class="1001" name="const_38">
<pin_list>
<pin id="39" dir="1" index="0" bw="1" slack="0"/>
</pin_list>
<bind>
<StgValue><ssdm name="_ssdm_op_PartSelect.i6.i8.i32.i32"/></StgValue>
</bind>
</comp>

<comp id="40" class="1001" name="const_40">
<pin_list>
<pin id="41" dir="1" index="0" bw="1" slack="0"/>
</pin_list>
<bind>
<StgValue><ssdm name=""/></StgValue>
</bind>
</comp>

<comp id="42" class="1001" name="const_42">
<pin_list>
<pin id="43" dir="1" index="0" bw="1" slack="0"/>
</pin_list>
<bind>
<StgValue><ssdm name=""/></StgValue>
</bind>
</comp>

<comp id="44" class="1001" name="const_44">
<pin_list>
<pin id="45" dir="1" index="0" bw="1" slack="0"/>
</pin_list>
<bind>
<StgValue><ssdm name=""/></StgValue>
</bind>
</comp>

<comp id="46" class="1001" name="const_46">
<pin_list>
<pin id="47" dir="1" index="0" bw="1" slack="0"/>
</pin_list>
<bind>
<StgValue><ssdm name=""/></StgValue>
</bind>
</comp>

<comp id="48" class="1001" name="const_48">
<pin_list>
<pin id="49" dir="1" index="0" bw="1" slack="0"/>
</pin_list>
<bind>
<StgValue><ssdm name=""/></StgValue>
</bind>
</comp>

<comp id="50" class="1001" name="const_50">
<pin_list>
<pin id="51" dir="1" index="0" bw="1" slack="0"/>
</pin_list>
<bind>
<StgValue><ssdm name=""/></StgValue>
</bind>
</comp>

<comp id="52" class="1001" name="const_52">
<pin_list>
<pin id="53" dir="1" index="0" bw="1" slack="0"/>
</pin_list>
<bind>
<StgValue><ssdm name="_ssdm_op_PartSelect.i7.i8.i32.i32"/></StgValue>
</bind>
</comp>

<comp id="54" class="1001" name="const_54">
<pin_list>
<pin id="55" dir="1" index="0" bw="1" slack="0"/>
</pin_list>
<bind>
<StgValue><ssdm name=""/></StgValue>
</bind>
</comp>

<comp id="56" class="1001" name="const_56">
<pin_list>
<pin id="57" dir="1" index="0" bw="1" slack="0"/>
</pin_list>
<bind>
<StgValue><ssdm name="_ssdm_op_BitConcatenate.i15.i7.i8"/></StgValue>
</bind>
</comp>

<comp id="58" class="1001" name="const_58">
<pin_list>
<pin id="59" dir="1" index="0" bw="1" slack="0"/>
</pin_list>
<bind>
<StgValue><ssdm name="_ssdm_op_BitConcatenate.i17.i7.i8.i2"/></StgValue>
</bind>
</comp>

<comp id="60" class="1001" name="const_60">
<pin_list>
<pin id="61" dir="1" index="0" bw="1" slack="0"/>
</pin_list>
<bind>
<StgValue><ssdm name="_ssdm_op_BitConcatenate.i17.i15.i2"/></StgValue>
</bind>
</comp>

<comp id="62" class="1001" name="const_62">
<pin_list>
<pin id="63" dir="1" index="0" bw="1" slack="0"/>
</pin_list>
<bind>
<StgValue><ssdm name=""/></StgValue>
</bind>
</comp>

<comp id="64" class="1001" name="const_64">
<pin_list>
<pin id="65" dir="1" index="0" bw="1" slack="0"/>
</pin_list>
<bind>
<StgValue><ssdm name="_ssdm_op_Mux.ap_auto.2i31.i1"/></StgValue>
</bind>
</comp>

<comp id="66" class="1001" name="const_66">
<pin_list>
<pin id="67" dir="1" index="0" bw="1" slack="0"/>
</pin_list>
<bind>
<StgValue><ssdm name=""/></StgValue>
</bind>
</comp>

<comp id="68" class="1001" name="const_68">
<pin_list>
<pin id="69" dir="1" index="0" bw="1" slack="0"/>
</pin_list>
<bind>
<StgValue><ssdm name="_ssdm_op_Mux.ap_auto.3i31.i2"/></StgValue>
</bind>
</comp>

<comp id="70" class="1001" name="const_70">
<pin_list>
<pin id="71" dir="1" index="0" bw="1" slack="0"/>
</pin_list>
<bind>
<StgValue><ssdm name="_ssdm_op_BitConcatenate.i39.i31.i8"/></StgValue>
</bind>
</comp>

<comp id="72" class="1001" name="const_72">
<pin_list>
<pin id="73" dir="1" index="0" bw="1" slack="0"/>
</pin_list>
<bind>
<StgValue><ssdm name="_ssdm_op_BitConcatenate.i22.i2.i20"/></StgValue>
</bind>
</comp>

<comp id="74" class="1001" name="const_74">
<pin_list>
<pin id="75" dir="1" index="0" bw="1" slack="0"/>
</pin_list>
<bind>
<StgValue><ssdm name=""/></StgValue>
</bind>
</comp>

<comp id="76" class="1001" name="const_76">
<pin_list>
<pin id="77" dir="1" index="0" bw="1" slack="2147483647"/>
</pin_list>
<bind>
<StgValue><ssdm name="_ssdm_op_SpecLoopName"/></StgValue>
</bind>
</comp>

<comp id="78" class="1001" name="const_78">
<pin_list>
<pin id="79" dir="1" index="0" bw="1" slack="2147483647"/>
</pin_list>
<bind>
<StgValue><ssdm name="L4_IC_L4_K_str"/></StgValue>
</bind>
</comp>

<comp id="80" class="1001" name="const_80">
<pin_list>
<pin id="81" dir="1" index="0" bw="1" slack="2147483647"/>
</pin_list>
<bind>
<StgValue><ssdm name="_ssdm_op_SpecLoopTripCount"/></StgValue>
</bind>
</comp>

<comp id="82" class="1001" name="const_82">
<pin_list>
<pin id="83" dir="1" index="0" bw="1" slack="2147483647"/>
</pin_list>
<bind>
<StgValue><ssdm name=""/></StgValue>
</bind>
</comp>

<comp id="84" class="1001" name="const_84">
<pin_list>
<pin id="85" dir="1" index="0" bw="1" slack="2147483647"/>
</pin_list>
<bind>
<StgValue><ssdm name="_ssdm_op_SpecPipeline"/></StgValue>
</bind>
</comp>

<comp id="86" class="1001" name="const_86">
<pin_list>
<pin id="87" dir="1" index="0" bw="1" slack="2147483647"/>
</pin_list>
<bind>
<StgValue><ssdm name="empty_17"/></StgValue>
</bind>
</comp>

<comp id="88" class="1001" name="const_88">
<pin_list>
<pin id="89" dir="1" index="0" bw="1" slack="2147483647"/>
</pin_list>
<bind>
<StgValue><ssdm name="empty"/></StgValue>
</bind>
</comp>

<comp id="90" class="1001" name="const_90">
<pin_list>
<pin id="91" dir="1" index="0" bw="1" slack="0"/>
</pin_list>
<bind>
<StgValue><ssdm name="_ssdm_op_BitConcatenate.i72.i48.i24"/></StgValue>
</bind>
</comp>

<comp id="92" class="1001" name="const_92">
<pin_list>
<pin id="93" dir="1" index="0" bw="1" slack="0"/>
</pin_list>
<bind>
<StgValue><ssdm name=""/></StgValue>
</bind>
</comp>

<comp id="94" class="1001" name="const_94">
<pin_list>
<pin id="95" dir="1" index="0" bw="1" slack="0"/>
</pin_list>
<bind>
<StgValue><ssdm name="_ssdm_op_BitConcatenate.i64.i40.i24"/></StgValue>
</bind>
</comp>

<comp id="96" class="1001" name="const_96">
<pin_list>
<pin id="97" dir="1" index="0" bw="1" slack="0"/>
</pin_list>
<bind>
<StgValue><ssdm name="_ssdm_op_PartSelect.i48.i72.i32.i32"/></StgValue>
</bind>
</comp>

<comp id="98" class="1001" name="const_98">
<pin_list>
<pin id="99" dir="1" index="0" bw="1" slack="0"/>
</pin_list>
<bind>
<StgValue><ssdm name=""/></StgValue>
</bind>
</comp>

<comp id="100" class="1001" name="const_100">
<pin_list>
<pin id="101" dir="1" index="0" bw="1" slack="0"/>
</pin_list>
<bind>
<StgValue><ssdm name=""/></StgValue>
</bind>
</comp>

<comp id="102" class="1001" name="const_102">
<pin_list>
<pin id="103" dir="1" index="0" bw="1" slack="0"/>
</pin_list>
<bind>
<StgValue><ssdm name="_ssdm_op_PartSelect.i32.i64.i32.i32"/></StgValue>
</bind>
</comp>

<comp id="104" class="1001" name="const_104">
<pin_list>
<pin id="105" dir="1" index="0" bw="1" slack="0"/>
</pin_list>
<bind>
<StgValue><ssdm name=""/></StgValue>
</bind>
</comp>

<comp id="106" class="1001" name="const_106">
<pin_list>
<pin id="107" dir="1" index="0" bw="1" slack="0"/>
</pin_list>
<bind>
<StgValue><ssdm name=""/></StgValue>
</bind>
</comp>

<comp id="108" class="1001" name="const_108">
<pin_list>
<pin id="109" dir="1" index="0" bw="1" slack="0"/>
</pin_list>
<bind>
<StgValue><ssdm name="_ssdm_op_Write.ap_auto.i32P0A"/></StgValue>
</bind>
</comp>

<comp id="110" class="1004" name="phi_ln818_7_fu_110">
<pin_list>
<pin id="111" dir="0" index="0" bw="1" slack="0"/>
<pin id="112" dir="1" index="1" bw="32" slack="0"/>
</pin_list>
<bind>
<opcode="alloca(26) " fcode="alloca"/>
<opset="phi_ln818_7/1 "/>
</bind>
</comp>

<comp id="114" class="1004" name="phi_ln818_6_fu_114">
<pin_list>
<pin id="115" dir="0" index="0" bw="1" slack="0"/>
<pin id="116" dir="1" index="1" bw="32" slack="0"/>
</pin_list>
<bind>
<opcode="alloca(26) " fcode="alloca"/>
<opset="phi_ln818_6/1 "/>
</bind>
</comp>

<comp id="118" class="1004" name="lhs_V_fu_118">
<pin_list>
<pin id="119" dir="0" index="0" bw="1" slack="0"/>
<pin id="120" dir="1" index="1" bw="48" slack="0"/>
</pin_list>
<bind>
<opcode="alloca(26) " fcode="alloca"/>
<opset="lhs_V/1 "/>
</bind>
</comp>

<comp id="122" class="1004" name="lhs_V_2_fu_122">
<pin_list>
<pin id="123" dir="0" index="0" bw="1" slack="0"/>
<pin id="124" dir="1" index="1" bw="48" slack="0"/>
</pin_list>
<bind>
<opcode="alloca(26) " fcode="alloca"/>
<opset="lhs_V_2/1 "/>
</bind>
</comp>

<comp id="126" class="1004" name="k_fu_126">
<pin_list>
<pin id="127" dir="0" index="0" bw="1" slack="0"/>
<pin id="128" dir="1" index="1" bw="2" slack="0"/>
</pin_list>
<bind>
<opcode="alloca(26) " fcode="alloca"/>
<opset="k/1 "/>
</bind>
</comp>

<comp id="130" class="1004" name="ic_fu_130">
<pin_list>
<pin id="131" dir="0" index="0" bw="1" slack="0"/>
<pin id="132" dir="1" index="1" bw="8" slack="0"/>
</pin_list>
<bind>
<opcode="alloca(26) " fcode="alloca"/>
<opset="ic/1 "/>
</bind>
</comp>

<comp id="134" class="1004" name="indvar_flatten87_fu_134">
<pin_list>
<pin id="135" dir="0" index="0" bw="1" slack="0"/>
<pin id="136" dir="1" index="1" bw="9" slack="0"/>
</pin_list>
<bind>
<opcode="alloca(26) " fcode="alloca"/>
<opset="indvar_flatten87/1 "/>
</bind>
</comp>

<comp id="138" class="1004" name="zext_ln837_14_read_read_fu_138">
<pin_list>
<pin id="139" dir="0" index="0" bw="15" slack="0"/>
<pin id="140" dir="0" index="1" bw="15" slack="0"/>
<pin id="141" dir="1" index="2" bw="15" slack="0"/>
</pin_list>
<bind>
<opcode="read(1150) " fcode="read"/>
<opset="zext_ln837_14_read/1 "/>
</bind>
</comp>

<comp id="144" class="1004" name="oc_base_2_read_read_fu_144">
<pin_list>
<pin id="145" dir="0" index="0" bw="8" slack="0"/>
<pin id="146" dir="0" index="1" bw="8" slack="0"/>
<pin id="147" dir="1" index="2" bw="8" slack="0"/>
</pin_list>
<bind>
<opcode="read(1150) " fcode="read"/>
<opset="oc_base_2_read/1 "/>
</bind>
</comp>

<comp id="150" class="1004" name="sext_ln261_read_read_fu_150">
<pin_list>
<pin id="151" dir="0" index="0" bw="26" slack="0"/>
<pin id="152" dir="0" index="1" bw="26" slack="0"/>
<pin id="153" dir="1" index="2" bw="26" slack="0"/>
</pin_list>
<bind>
<opcode="read(1150) " fcode="read"/>
<opset="sext_ln261_read/1 "/>
</bind>
</comp>

<comp id="156" class="1004" name="sext_ln262_read_read_fu_156">
<pin_list>
<pin id="157" dir="0" index="0" bw="26" slack="0"/>
<pin id="158" dir="0" index="1" bw="26" slack="0"/>
<pin id="159" dir="1" index="2" bw="26" slack="0"/>
</pin_list>
<bind>
<opcode="read(1150) " fcode="read"/>
<opset="sext_ln262_read/1 "/>
</bind>
</comp>

<comp id="162" class="1004" name="write_ln0_write_fu_162">
<pin_list>
<pin id="163" dir="0" index="0" bw="0" slack="0"/>
<pin id="164" dir="0" index="1" bw="32" slack="0"/>
<pin id="165" dir="0" index="2" bw="32" slack="0"/>
<pin id="166" dir="1" index="3" bw="0" slack="2147483647"/>
</pin_list>
<bind>
<opcode="write(1151) " fcode="write"/>
<opset="write_ln0/3 "/>
</bind>
</comp>

<comp id="169" class="1004" name="write_ln0_write_fu_169">
<pin_list>
<pin id="170" dir="0" index="0" bw="0" slack="0"/>
<pin id="171" dir="0" index="1" bw="32" slack="0"/>
<pin id="172" dir="0" index="2" bw="32" slack="0"/>
<pin id="173" dir="1" index="3" bw="0" slack="2147483647"/>
</pin_list>
<bind>
<opcode="write(1151) " fcode="write"/>
<opset="write_ln0/3 "/>
</bind>
</comp>

<comp id="176" class="1004" name="win23_V_2_addr_gep_fu_176">
<pin_list>
<pin id="177" dir="0" index="0" bw="31" slack="0"/>
<pin id="178" dir="0" index="1" bw="1" slack="0"/>
<pin id="179" dir="0" index="2" bw="6" slack="0"/>
<pin id="180" dir="1" index="3" bw="6" slack="0"/>
</pin_list>
<bind>
<opcode="getelementptr(29) " fcode="getelementptr"/>
<opset="win23_V_2_addr/1 "/>
</bind>
</comp>

<comp id="183" class="1004" name="grp_access_fu_183">
<pin_list>
<pin id="184" dir="0" index="0" bw="6" slack="0"/>
<pin id="185" dir="0" index="1" bw="31" slack="2147483647"/>
<pin id="186" dir="0" index="2" bw="0" slack="0"/>
<pin id="188" dir="0" index="4" bw="6" slack="2147483647"/>
<pin id="189" dir="0" index="5" bw="31" slack="2147483647"/>
<pin id="190" dir="0" index="6" bw="0" slack="2147483647"/>
<pin id="187" dir="1" index="3" bw="31" slack="0"/>
<pin id="191" dir="1" index="7" bw="31" slack="0"/>
</pin_list>
<bind>
<opcode="load(27) " fcode="load"/>
<opset="win23_V_2_load/1 win23_V_2_load_1/1 "/>
</bind>
</comp>

<comp id="193" class="1004" name="win23_V_3_addr_gep_fu_193">
<pin_list>
<pin id="194" dir="0" index="0" bw="31" slack="0"/>
<pin id="195" dir="0" index="1" bw="1" slack="0"/>
<pin id="196" dir="0" index="2" bw="6" slack="0"/>
<pin id="197" dir="1" index="3" bw="6" slack="0"/>
</pin_list>
<bind>
<opcode="getelementptr(29) " fcode="getelementptr"/>
<opset="win23_V_3_addr/1 "/>
</bind>
</comp>

<comp id="200" class="1004" name="grp_access_fu_200">
<pin_list>
<pin id="201" dir="0" index="0" bw="6" slack="0"/>
<pin id="202" dir="0" index="1" bw="31" slack="2147483647"/>
<pin id="203" dir="0" index="2" bw="0" slack="0"/>
<pin id="205" dir="0" index="4" bw="6" slack="2147483647"/>
<pin id="206" dir="0" index="5" bw="31" slack="2147483647"/>
<pin id="207" dir="0" index="6" bw="0" slack="2147483647"/>
<pin id="204" dir="1" index="3" bw="31" slack="0"/>
<pin id="208" dir="1" index="7" bw="31" slack="0"/>
</pin_list>
<bind>
<opcode="load(27) " fcode="load"/>
<opset="win23_V_3_load/1 win23_V_3_load_1/1 "/>
</bind>
</comp>

<comp id="210" class="1004" name="win23_V_4_addr_gep_fu_210">
<pin_list>
<pin id="211" dir="0" index="0" bw="31" slack="0"/>
<pin id="212" dir="0" index="1" bw="1" slack="0"/>
<pin id="213" dir="0" index="2" bw="6" slack="0"/>
<pin id="214" dir="1" index="3" bw="6" slack="0"/>
</pin_list>
<bind>
<opcode="getelementptr(29) " fcode="getelementptr"/>
<opset="win23_V_4_addr/1 "/>
</bind>
</comp>

<comp id="217" class="1004" name="grp_access_fu_217">
<pin_list>
<pin id="218" dir="0" index="0" bw="6" slack="0"/>
<pin id="219" dir="0" index="1" bw="31" slack="2147483647"/>
<pin id="220" dir="0" index="2" bw="0" slack="0"/>
<pin id="222" dir="0" index="4" bw="6" slack="2147483647"/>
<pin id="223" dir="0" index="5" bw="31" slack="2147483647"/>
<pin id="224" dir="0" index="6" bw="0" slack="2147483647"/>
<pin id="221" dir="1" index="3" bw="31" slack="0"/>
<pin id="225" dir="1" index="7" bw="31" slack="0"/>
</pin_list>
<bind>
<opcode="load(27) " fcode="load"/>
<opset="win23_V_4_load/1 win23_V_4_load_1/1 "/>
</bind>
</comp>

<comp id="227" class="1004" name="win23_V_5_addr_gep_fu_227">
<pin_list>
<pin id="228" dir="0" index="0" bw="31" slack="0"/>
<pin id="229" dir="0" index="1" bw="1" slack="0"/>
<pin id="230" dir="0" index="2" bw="6" slack="0"/>
<pin id="231" dir="1" index="3" bw="6" slack="0"/>
</pin_list>
<bind>
<opcode="getelementptr(29) " fcode="getelementptr"/>
<opset="win23_V_5_addr/1 "/>
</bind>
</comp>

<comp id="234" class="1004" name="grp_access_fu_234">
<pin_list>
<pin id="235" dir="0" index="0" bw="6" slack="0"/>
<pin id="236" dir="0" index="1" bw="31" slack="2147483647"/>
<pin id="237" dir="0" index="2" bw="0" slack="0"/>
<pin id="239" dir="0" index="4" bw="6" slack="2147483647"/>
<pin id="240" dir="0" index="5" bw="31" slack="2147483647"/>
<pin id="241" dir="0" index="6" bw="0" slack="2147483647"/>
<pin id="238" dir="1" index="3" bw="31" slack="0"/>
<pin id="242" dir="1" index="7" bw="31" slack="0"/>
</pin_list>
<bind>
<opcode="load(27) " fcode="load"/>
<opset="win23_V_5_load/1 win23_V_5_load_1/1 "/>
</bind>
</comp>

<comp id="244" class="1004" name="win23_V_2_addr_1_gep_fu_244">
<pin_list>
<pin id="245" dir="0" index="0" bw="31" slack="0"/>
<pin id="246" dir="0" index="1" bw="1" slack="0"/>
<pin id="247" dir="0" index="2" bw="6" slack="0"/>
<pin id="248" dir="1" index="3" bw="6" slack="0"/>
</pin_list>
<bind>
<opcode="getelementptr(29) " fcode="getelementptr"/>
<opset="win23_V_2_addr_1/1 "/>
</bind>
</comp>

<comp id="252" class="1004" name="win23_V_3_addr_1_gep_fu_252">
<pin_list>
<pin id="253" dir="0" index="0" bw="31" slack="0"/>
<pin id="254" dir="0" index="1" bw="1" slack="0"/>
<pin id="255" dir="0" index="2" bw="6" slack="0"/>
<pin id="256" dir="1" index="3" bw="6" slack="0"/>
</pin_list>
<bind>
<opcode="getelementptr(29) " fcode="getelementptr"/>
<opset="win23_V_3_addr_1/1 "/>
</bind>
</comp>

<comp id="260" class="1004" name="win23_V_4_addr_1_gep_fu_260">
<pin_list>
<pin id="261" dir="0" index="0" bw="31" slack="0"/>
<pin id="262" dir="0" index="1" bw="1" slack="0"/>
<pin id="263" dir="0" index="2" bw="6" slack="0"/>
<pin id="264" dir="1" index="3" bw="6" slack="0"/>
</pin_list>
<bind>
<opcode="getelementptr(29) " fcode="getelementptr"/>
<opset="win23_V_4_addr_1/1 "/>
</bind>
</comp>

<comp id="268" class="1004" name="win23_V_5_addr_1_gep_fu_268">
<pin_list>
<pin id="269" dir="0" index="0" bw="31" slack="0"/>
<pin id="270" dir="0" index="1" bw="1" slack="0"/>
<pin id="271" dir="0" index="2" bw="6" slack="0"/>
<pin id="272" dir="1" index="3" bw="6" slack="0"/>
</pin_list>
<bind>
<opcode="getelementptr(29) " fcode="getelementptr"/>
<opset="win23_V_5_addr_1/1 "/>
</bind>
</comp>

<comp id="276" class="1004" name="clf_w_L4_W_V_addr_gep_fu_276">
<pin_list>
<pin id="277" dir="0" index="0" bw="2" slack="0"/>
<pin id="278" dir="0" index="1" bw="1" slack="0"/>
<pin id="279" dir="0" index="2" bw="17" slack="0"/>
<pin id="280" dir="1" index="3" bw="17" slack="0"/>
</pin_list>
<bind>
<opcode="getelementptr(29) " fcode="getelementptr"/>
<opset="clf_w_L4_W_V_addr/1 "/>
</bind>
</comp>

<comp id="283" class="1004" name="clf_w_L4_W_V_addr_1_gep_fu_283">
<pin_list>
<pin id="284" dir="0" index="0" bw="2" slack="0"/>
<pin id="285" dir="0" index="1" bw="1" slack="0"/>
<pin id="286" dir="0" index="2" bw="17" slack="0"/>
<pin id="287" dir="1" index="3" bw="17" slack="0"/>
</pin_list>
<bind>
<opcode="getelementptr(29) " fcode="getelementptr"/>
<opset="clf_w_L4_W_V_addr_1/1 "/>
</bind>
</comp>

<comp id="290" class="1004" name="grp_access_fu_290">
<pin_list>
<pin id="291" dir="0" index="0" bw="17" slack="0"/>
<pin id="292" dir="0" index="1" bw="2" slack="2147483647"/>
<pin id="293" dir="0" index="2" bw="0" slack="0"/>
<pin id="295" dir="0" index="4" bw="17" slack="2147483647"/>
<pin id="296" dir="0" index="5" bw="2" slack="2147483647"/>
<pin id="297" dir="0" index="6" bw="0" slack="2147483647"/>
<pin id="294" dir="1" index="3" bw="2" slack="1"/>
<pin id="298" dir="1" index="7" bw="2" slack="1"/>
</pin_list>
<bind>
<opcode="load(27) " fcode="load"/>
<opset="clf_w_L4_W_V_load/1 clf_w_L4_W_V_load_1/1 "/>
</bind>
</comp>

<comp id="301" class="1004" name="sext_ln261_cast_fu_301">
<pin_list>
<pin id="302" dir="0" index="0" bw="26" slack="0"/>
<pin id="303" dir="1" index="1" bw="48" slack="0"/>
</pin_list>
<bind>
<opcode="sext(35) " fcode="sext"/>
<opset="sext_ln261_cast/1 "/>
</bind>
</comp>

<comp id="305" class="1004" name="sext_ln262_cast_fu_305">
<pin_list>
<pin id="306" dir="0" index="0" bw="26" slack="0"/>
<pin id="307" dir="1" index="1" bw="48" slack="0"/>
</pin_list>
<bind>
<opcode="sext(35) " fcode="sext"/>
<opset="sext_ln262_cast/1 "/>
</bind>
</comp>

<comp id="309" class="1004" name="zext_ln837_14_cast_fu_309">
<pin_list>
<pin id="310" dir="0" index="0" bw="15" slack="0"/>
<pin id="311" dir="1" index="1" bw="16" slack="0"/>
</pin_list>
<bind>
<opcode="zext(34) " fcode="zext"/>
<opset="zext_ln837_14_cast/1 "/>
</bind>
</comp>

<comp id="313" class="1004" name="store_ln0_store_fu_313">
<pin_list>
<pin id="314" dir="0" index="0" bw="1" slack="0"/>
<pin id="315" dir="0" index="1" bw="9" slack="0"/>
<pin id="316" dir="1" index="2" bw="0" slack="2147483647"/>
</pin_list>
<bind>
<opcode="store(28) " fcode="store"/>
<opset="store_ln0/1 "/>
</bind>
</comp>

<comp id="318" class="1004" name="store_ln0_store_fu_318">
<pin_list>
<pin id="319" dir="0" index="0" bw="1" slack="0"/>
<pin id="320" dir="0" index="1" bw="8" slack="0"/>
<pin id="321" dir="1" index="2" bw="0" slack="2147483647"/>
</pin_list>
<bind>
<opcode="store(28) " fcode="store"/>
<opset="store_ln0/1 "/>
</bind>
</comp>

<comp id="323" class="1004" name="store_ln0_store_fu_323">
<pin_list>
<pin id="324" dir="0" index="0" bw="1" slack="0"/>
<pin id="325" dir="0" index="1" bw="2" slack="0"/>
<pin id="326" dir="1" index="2" bw="0" slack="2147483647"/>
</pin_list>
<bind>
<opcode="store(28) " fcode="store"/>
<opset="store_ln0/1 "/>
</bind>
</comp>

<comp id="328" class="1004" name="store_ln0_store_fu_328">
<pin_list>
<pin id="329" dir="0" index="0" bw="26" slack="0"/>
<pin id="330" dir="0" index="1" bw="48" slack="0"/>
<pin id="331" dir="1" index="2" bw="0" slack="2147483647"/>
</pin_list>
<bind>
<opcode="store(28) " fcode="store"/>
<opset="store_ln0/1 "/>
</bind>
</comp>

<comp id="333" class="1004" name="store_ln0_store_fu_333">
<pin_list>
<pin id="334" dir="0" index="0" bw="26" slack="0"/>
<pin id="335" dir="0" index="1" bw="48" slack="0"/>
<pin id="336" dir="1" index="2" bw="0" slack="2147483647"/>
</pin_list>
<bind>
<opcode="store(28) " fcode="store"/>
<opset="store_ln0/1 "/>
</bind>
</comp>

<comp id="338" class="1004" name="store_ln0_store_fu_338">
<pin_list>
<pin id="339" dir="0" index="0" bw="1" slack="0"/>
<pin id="340" dir="0" index="1" bw="32" slack="0"/>
<pin id="341" dir="1" index="2" bw="0" slack="2147483647"/>
</pin_list>
<bind>
<opcode="store(28) " fcode="store"/>
<opset="store_ln0/1 "/>
</bind>
</comp>

<comp id="343" class="1004" name="store_ln0_store_fu_343">
<pin_list>
<pin id="344" dir="0" index="0" bw="1" slack="0"/>
<pin id="345" dir="0" index="1" bw="32" slack="0"/>
<pin id="346" dir="1" index="2" bw="0" slack="2147483647"/>
</pin_list>
<bind>
<opcode="store(28) " fcode="store"/>
<opset="store_ln0/1 "/>
</bind>
</comp>

<comp id="348" class="1004" name="ic_1_load_fu_348">
<pin_list>
<pin id="349" dir="0" index="0" bw="8" slack="0"/>
<pin id="350" dir="1" index="1" bw="8" slack="0"/>
</pin_list>
<bind>
<opcode="load(27) " fcode="load"/>
<opset="ic_1/1 "/>
</bind>
</comp>

<comp id="351" class="1004" name="indvar_flatten87_load_load_fu_351">
<pin_list>
<pin id="352" dir="0" index="0" bw="9" slack="0"/>
<pin id="353" dir="1" index="1" bw="9" slack="0"/>
</pin_list>
<bind>
<opcode="load(27) " fcode="load"/>
<opset="indvar_flatten87_load/1 "/>
</bind>
</comp>

<comp id="354" class="1004" name="tmp_s_fu_354">
<pin_list>
<pin id="355" dir="0" index="0" bw="6" slack="0"/>
<pin id="356" dir="0" index="1" bw="8" slack="0"/>
<pin id="357" dir="0" index="2" bw="1" slack="0"/>
<pin id="358" dir="0" index="3" bw="4" slack="0"/>
<pin id="359" dir="1" index="4" bw="6" slack="0"/>
</pin_list>
<bind>
<opcode="partselect(1002) " fcode="partselect"/>
<opset="tmp_s/1 "/>
</bind>
</comp>

<comp id="364" class="1004" name="p_cast43_fu_364">
<pin_list>
<pin id="365" dir="0" index="0" bw="6" slack="0"/>
<pin id="366" dir="1" index="1" bw="64" slack="0"/>
</pin_list>
<bind>
<opcode="zext(34) " fcode="zext"/>
<opset="p_cast43/1 "/>
</bind>
</comp>

<comp id="372" class="1004" name="empty_fu_372">
<pin_list>
<pin id="373" dir="0" index="0" bw="8" slack="0"/>
<pin id="374" dir="1" index="1" bw="1" slack="1"/>
</pin_list>
<bind>
<opcode="trunc(33) " fcode="trunc"/>
<opset="empty/1 "/>
</bind>
</comp>

<comp id="376" class="1004" name="icmp_ln264_fu_376">
<pin_list>
<pin id="377" dir="0" index="0" bw="9" slack="0"/>
<pin id="378" dir="0" index="1" bw="9" slack="0"/>
<pin id="379" dir="1" index="2" bw="1" slack="1"/>
</pin_list>
<bind>
<opcode="icmp(45) " fcode="icmp"/>
<opset="icmp_ln264/1 "/>
</bind>
</comp>

<comp id="382" class="1004" name="add_ln264_1_fu_382">
<pin_list>
<pin id="383" dir="0" index="0" bw="9" slack="0"/>
<pin id="384" dir="0" index="1" bw="1" slack="0"/>
<pin id="385" dir="1" index="2" bw="9" slack="0"/>
</pin_list>
<bind>
<opcode="add(8) " fcode="add"/>
<opset="add_ln264_1/1 "/>
</bind>
</comp>

<comp id="388" class="1004" name="k_load_load_fu_388">
<pin_list>
<pin id="389" dir="0" index="0" bw="2" slack="0"/>
<pin id="390" dir="1" index="1" bw="2" slack="0"/>
</pin_list>
<bind>
<opcode="load(27) " fcode="load"/>
<opset="k_load/1 "/>
</bind>
</comp>

<comp id="391" class="1004" name="add_ln264_fu_391">
<pin_list>
<pin id="392" dir="0" index="0" bw="8" slack="0"/>
<pin id="393" dir="0" index="1" bw="1" slack="0"/>
<pin id="394" dir="1" index="2" bw="8" slack="0"/>
</pin_list>
<bind>
<opcode="add(8) " fcode="add"/>
<opset="add_ln264/1 "/>
</bind>
</comp>

<comp id="397" class="1004" name="icmp_ln266_fu_397">
<pin_list>
<pin id="398" dir="0" index="0" bw="2" slack="0"/>
<pin id="399" dir="0" index="1" bw="2" slack="0"/>
<pin id="400" dir="1" index="2" bw="1" slack="0"/>
</pin_list>
<bind>
<opcode="icmp(45) " fcode="icmp"/>
<opset="icmp_ln266/1 "/>
</bind>
</comp>

<comp id="403" class="1004" name="select_ln264_fu_403">
<pin_list>
<pin id="404" dir="0" index="0" bw="1" slack="0"/>
<pin id="405" dir="0" index="1" bw="2" slack="0"/>
<pin id="406" dir="0" index="2" bw="2" slack="0"/>
<pin id="407" dir="1" index="3" bw="2" slack="0"/>
</pin_list>
<bind>
<opcode="select(49) " fcode="select"/>
<opset="select_ln264/1 "/>
</bind>
</comp>

<comp id="411" class="1004" name="select_ln264_1_fu_411">
<pin_list>
<pin id="412" dir="0" index="0" bw="1" slack="0"/>
<pin id="413" dir="0" index="1" bw="8" slack="0"/>
<pin id="414" dir="0" index="2" bw="8" slack="0"/>
<pin id="415" dir="1" index="3" bw="8" slack="0"/>
</pin_list>
<bind>
<opcode="select(49) " fcode="select"/>
<opset="select_ln264_1/1 "/>
</bind>
</comp>

<comp id="419" class="1004" name="zext_ln837_fu_419">
<pin_list>
<pin id="420" dir="0" index="0" bw="8" slack="0"/>
<pin id="421" dir="1" index="1" bw="16" slack="0"/>
</pin_list>
<bind>
<opcode="zext(34) " fcode="zext"/>
<opset="zext_ln837/1 "/>
</bind>
</comp>

<comp id="423" class="1004" name="tmp_4_fu_423">
<pin_list>
<pin id="424" dir="0" index="0" bw="7" slack="0"/>
<pin id="425" dir="0" index="1" bw="8" slack="0"/>
<pin id="426" dir="0" index="2" bw="1" slack="0"/>
<pin id="427" dir="0" index="3" bw="4" slack="0"/>
<pin id="428" dir="1" index="4" bw="7" slack="0"/>
</pin_list>
<bind>
<opcode="partselect(1002) " fcode="partselect"/>
<opset="tmp_4/1 "/>
</bind>
</comp>

<comp id="433" class="1004" name="tmp_5_fu_433">
<pin_list>
<pin id="434" dir="0" index="0" bw="15" slack="0"/>
<pin id="435" dir="0" index="1" bw="7" slack="0"/>
<pin id="436" dir="0" index="2" bw="8" slack="0"/>
<pin id="437" dir="1" index="3" bw="15" slack="0"/>
</pin_list>
<bind>
<opcode="bitconcatenate(1004) " fcode="bitconcatenate"/>
<opset="tmp_5/1 "/>
</bind>
</comp>

<comp id="441" class="1004" name="zext_ln837_1_fu_441">
<pin_list>
<pin id="442" dir="0" index="0" bw="15" slack="0"/>
<pin id="443" dir="1" index="1" bw="17" slack="0"/>
</pin_list>
<bind>
<opcode="zext(34) " fcode="zext"/>
<opset="zext_ln837_1/1 "/>
</bind>
</comp>

<comp id="445" class="1004" name="tmp_6_fu_445">
<pin_list>
<pin id="446" dir="0" index="0" bw="17" slack="0"/>
<pin id="447" dir="0" index="1" bw="7" slack="0"/>
<pin id="448" dir="0" index="2" bw="8" slack="0"/>
<pin id="449" dir="0" index="3" bw="1" slack="0"/>
<pin id="450" dir="1" index="4" bw="17" slack="0"/>
</pin_list>
<bind>
<opcode="bitconcatenate(1004) " fcode="bitconcatenate"/>
<opset="tmp_6/1 "/>
</bind>
</comp>

<comp id="455" class="1004" name="sub_ln837_fu_455">
<pin_list>
<pin id="456" dir="0" index="0" bw="17" slack="0"/>
<pin id="457" dir="0" index="1" bw="15" slack="0"/>
<pin id="458" dir="1" index="2" bw="17" slack="0"/>
</pin_list>
<bind>
<opcode="sub(10) " fcode="sub"/>
<opset="sub_ln837/1 "/>
</bind>
</comp>

<comp id="461" class="1004" name="add_ln837_fu_461">
<pin_list>
<pin id="462" dir="0" index="0" bw="15" slack="0"/>
<pin id="463" dir="0" index="1" bw="8" slack="0"/>
<pin id="464" dir="1" index="2" bw="16" slack="0"/>
</pin_list>
<bind>
<opcode="add(8) " fcode="add"/>
<opset="add_ln837/1 "/>
</bind>
</comp>

<comp id="467" class="1004" name="zext_ln837_2_fu_467">
<pin_list>
<pin id="468" dir="0" index="0" bw="16" slack="0"/>
<pin id="469" dir="1" index="1" bw="17" slack="0"/>
</pin_list>
<bind>
<opcode="zext(34) " fcode="zext"/>
<opset="zext_ln837_2/1 "/>
</bind>
</comp>

<comp id="471" class="1004" name="trunc_ln837_fu_471">
<pin_list>
<pin id="472" dir="0" index="0" bw="16" slack="0"/>
<pin id="473" dir="1" index="1" bw="15" slack="0"/>
</pin_list>
<bind>
<opcode="trunc(33) " fcode="trunc"/>
<opset="trunc_ln837/1 "/>
</bind>
</comp>

<comp id="475" class="1004" name="p_shl3_fu_475">
<pin_list>
<pin id="476" dir="0" index="0" bw="17" slack="0"/>
<pin id="477" dir="0" index="1" bw="15" slack="0"/>
<pin id="478" dir="0" index="2" bw="1" slack="0"/>
<pin id="479" dir="1" index="3" bw="17" slack="0"/>
</pin_list>
<bind>
<opcode="bitconcatenate(1004) " fcode="bitconcatenate"/>
<opset="p_shl3/1 "/>
</bind>
</comp>

<comp id="483" class="1004" name="sub_ln837_1_fu_483">
<pin_list>
<pin id="484" dir="0" index="0" bw="17" slack="0"/>
<pin id="485" dir="0" index="1" bw="16" slack="0"/>
<pin id="486" dir="1" index="2" bw="17" slack="0"/>
</pin_list>
<bind>
<opcode="sub(10) " fcode="sub"/>
<opset="sub_ln837_1/1 "/>
</bind>
</comp>

<comp id="489" class="1004" name="p_mid2_fu_489">
<pin_list>
<pin id="490" dir="0" index="0" bw="6" slack="0"/>
<pin id="491" dir="0" index="1" bw="8" slack="0"/>
<pin id="492" dir="0" index="2" bw="1" slack="0"/>
<pin id="493" dir="0" index="3" bw="4" slack="0"/>
<pin id="494" dir="1" index="4" bw="6" slack="0"/>
</pin_list>
<bind>
<opcode="partselect(1002) " fcode="partselect"/>
<opset="p_mid2/1 "/>
</bind>
</comp>

<comp id="499" class="1004" name="p_cast43_mid1_fu_499">
<pin_list>
<pin id="500" dir="0" index="0" bw="6" slack="0"/>
<pin id="501" dir="1" index="1" bw="64" slack="0"/>
</pin_list>
<bind>
<opcode="zext(34) " fcode="zext"/>
<opset="p_cast43_mid1/1 "/>
</bind>
</comp>

<comp id="507" class="1004" name="empty_59_fu_507">
<pin_list>
<pin id="508" dir="0" index="0" bw="8" slack="0"/>
<pin id="509" dir="1" index="1" bw="1" slack="1"/>
</pin_list>
<bind>
<opcode="trunc(33) " fcode="trunc"/>
<opset="empty_59/1 "/>
</bind>
</comp>

<comp id="511" class="1004" name="zext_ln837_3_fu_511">
<pin_list>
<pin id="512" dir="0" index="0" bw="2" slack="0"/>
<pin id="513" dir="1" index="1" bw="17" slack="0"/>
</pin_list>
<bind>
<opcode="zext(34) " fcode="zext"/>
<opset="zext_ln837_3/1 "/>
</bind>
</comp>

<comp id="515" class="1004" name="add_ln837_1_fu_515">
<pin_list>
<pin id="516" dir="0" index="0" bw="17" slack="0"/>
<pin id="517" dir="0" index="1" bw="2" slack="0"/>
<pin id="518" dir="1" index="2" bw="17" slack="0"/>
</pin_list>
<bind>
<opcode="add(8) " fcode="add"/>
<opset="add_ln837_1/1 "/>
</bind>
</comp>

<comp id="521" class="1004" name="zext_ln837_4_fu_521">
<pin_list>
<pin id="522" dir="0" index="0" bw="17" slack="0"/>
<pin id="523" dir="1" index="1" bw="64" slack="0"/>
</pin_list>
<bind>
<opcode="zext(34) " fcode="zext"/>
<opset="zext_ln837_4/1 "/>
</bind>
</comp>

<comp id="526" class="1004" name="add_ln837_2_fu_526">
<pin_list>
<pin id="527" dir="0" index="0" bw="17" slack="0"/>
<pin id="528" dir="0" index="1" bw="2" slack="0"/>
<pin id="529" dir="1" index="2" bw="17" slack="0"/>
</pin_list>
<bind>
<opcode="add(8) " fcode="add"/>
<opset="add_ln837_2/1 "/>
</bind>
</comp>

<comp id="532" class="1004" name="zext_ln837_5_fu_532">
<pin_list>
<pin id="533" dir="0" index="0" bw="17" slack="0"/>
<pin id="534" dir="1" index="1" bw="64" slack="0"/>
</pin_list>
<bind>
<opcode="zext(34) " fcode="zext"/>
<opset="zext_ln837_5/1 "/>
</bind>
</comp>

<comp id="537" class="1004" name="add_ln268_fu_537">
<pin_list>
<pin id="538" dir="0" index="0" bw="2" slack="0"/>
<pin id="539" dir="0" index="1" bw="1" slack="0"/>
<pin id="540" dir="1" index="2" bw="2" slack="0"/>
</pin_list>
<bind>
<opcode="add(8) " fcode="add"/>
<opset="add_ln268/1 "/>
</bind>
</comp>

<comp id="543" class="1004" name="store_ln266_store_fu_543">
<pin_list>
<pin id="544" dir="0" index="0" bw="9" slack="0"/>
<pin id="545" dir="0" index="1" bw="9" slack="0"/>
<pin id="546" dir="1" index="2" bw="0" slack="2147483647"/>
</pin_list>
<bind>
<opcode="store(28) " fcode="store"/>
<opset="store_ln266/1 "/>
</bind>
</comp>

<comp id="548" class="1004" name="store_ln266_store_fu_548">
<pin_list>
<pin id="549" dir="0" index="0" bw="8" slack="0"/>
<pin id="550" dir="0" index="1" bw="8" slack="0"/>
<pin id="551" dir="1" index="2" bw="0" slack="2147483647"/>
</pin_list>
<bind>
<opcode="store(28) " fcode="store"/>
<opset="store_ln266/1 "/>
</bind>
</comp>

<comp id="553" class="1004" name="store_ln266_store_fu_553">
<pin_list>
<pin id="554" dir="0" index="0" bw="2" slack="0"/>
<pin id="555" dir="0" index="1" bw="2" slack="0"/>
<pin id="556" dir="1" index="2" bw="0" slack="2147483647"/>
</pin_list>
<bind>
<opcode="store(28) " fcode="store"/>
<opset="store_ln266/1 "/>
</bind>
</comp>

<comp id="558" class="1004" name="tmp_1_fu_558">
<pin_list>
<pin id="559" dir="0" index="0" bw="31" slack="0"/>
<pin id="560" dir="0" index="1" bw="1" slack="0"/>
<pin id="561" dir="0" index="2" bw="1" slack="0"/>
<pin id="562" dir="0" index="3" bw="1" slack="1"/>
<pin id="563" dir="1" index="4" bw="31" slack="0"/>
</pin_list>
<bind>
<opcode="mux(1196) " fcode="mux"/>
<opset="tmp_1/2 "/>
</bind>
</comp>

<comp id="567" class="1004" name="tmp_2_fu_567">
<pin_list>
<pin id="568" dir="0" index="0" bw="31" slack="0"/>
<pin id="569" dir="0" index="1" bw="31" slack="0"/>
<pin id="570" dir="0" index="2" bw="31" slack="0"/>
<pin id="571" dir="0" index="3" bw="1" slack="1"/>
<pin id="572" dir="1" index="4" bw="31" slack="0"/>
</pin_list>
<bind>
<opcode="mux(1196) " fcode="mux"/>
<opset="tmp_2/2 "/>
</bind>
</comp>

<comp id="576" class="1004" name="tmp_3_fu_576">
<pin_list>
<pin id="577" dir="0" index="0" bw="31" slack="0"/>
<pin id="578" dir="0" index="1" bw="31" slack="0"/>
<pin id="579" dir="0" index="2" bw="31" slack="0"/>
<pin id="580" dir="0" index="3" bw="1" slack="1"/>
<pin id="581" dir="1" index="4" bw="31" slack="0"/>
</pin_list>
<bind>
<opcode="mux(1196) " fcode="mux"/>
<opset="tmp_3/2 "/>
</bind>
</comp>

<comp id="585" class="1004" name="tmp_21_mid1_fu_585">
<pin_list>
<pin id="586" dir="0" index="0" bw="31" slack="0"/>
<pin id="587" dir="0" index="1" bw="1" slack="0"/>
<pin id="588" dir="0" index="2" bw="1" slack="0"/>
<pin id="589" dir="0" index="3" bw="1" slack="1"/>
<pin id="590" dir="1" index="4" bw="31" slack="0"/>
</pin_list>
<bind>
<opcode="mux(1196) " fcode="mux"/>
<opset="tmp_21_mid1/2 "/>
</bind>
</comp>

<comp id="594" class="1004" name="select_ln264_2_fu_594">
<pin_list>
<pin id="595" dir="0" index="0" bw="1" slack="1"/>
<pin id="596" dir="0" index="1" bw="31" slack="0"/>
<pin id="597" dir="0" index="2" bw="31" slack="0"/>
<pin id="598" dir="1" index="3" bw="31" slack="0"/>
</pin_list>
<bind>
<opcode="select(49) " fcode="select"/>
<opset="select_ln264_2/2 "/>
</bind>
</comp>

<comp id="601" class="1004" name="tmp_22_mid1_fu_601">
<pin_list>
<pin id="602" dir="0" index="0" bw="31" slack="0"/>
<pin id="603" dir="0" index="1" bw="31" slack="0"/>
<pin id="604" dir="0" index="2" bw="31" slack="0"/>
<pin id="605" dir="0" index="3" bw="1" slack="1"/>
<pin id="606" dir="1" index="4" bw="31" slack="0"/>
</pin_list>
<bind>
<opcode="mux(1196) " fcode="mux"/>
<opset="tmp_22_mid1/2 "/>
</bind>
</comp>

<comp id="610" class="1004" name="select_ln264_3_fu_610">
<pin_list>
<pin id="611" dir="0" index="0" bw="1" slack="1"/>
<pin id="612" dir="0" index="1" bw="31" slack="0"/>
<pin id="613" dir="0" index="2" bw="31" slack="0"/>
<pin id="614" dir="1" index="3" bw="31" slack="0"/>
</pin_list>
<bind>
<opcode="select(49) " fcode="select"/>
<opset="select_ln264_3/2 "/>
</bind>
</comp>

<comp id="617" class="1004" name="tmp_23_mid1_fu_617">
<pin_list>
<pin id="618" dir="0" index="0" bw="31" slack="0"/>
<pin id="619" dir="0" index="1" bw="31" slack="0"/>
<pin id="620" dir="0" index="2" bw="31" slack="0"/>
<pin id="621" dir="0" index="3" bw="1" slack="1"/>
<pin id="622" dir="1" index="4" bw="31" slack="0"/>
</pin_list>
<bind>
<opcode="mux(1196) " fcode="mux"/>
<opset="tmp_23_mid1/2 "/>
</bind>
</comp>

<comp id="626" class="1004" name="select_ln264_4_fu_626">
<pin_list>
<pin id="627" dir="0" index="0" bw="1" slack="1"/>
<pin id="628" dir="0" index="1" bw="31" slack="0"/>
<pin id="629" dir="0" index="2" bw="31" slack="0"/>
<pin id="630" dir="1" index="3" bw="31" slack="0"/>
</pin_list>
<bind>
<opcode="select(49) " fcode="select"/>
<opset="select_ln264_4/2 "/>
</bind>
</comp>

<comp id="633" class="1004" name="tmp_7_fu_633">
<pin_list>
<pin id="634" dir="0" index="0" bw="31" slack="0"/>
<pin id="635" dir="0" index="1" bw="31" slack="0"/>
<pin id="636" dir="0" index="2" bw="31" slack="0"/>
<pin id="637" dir="0" index="3" bw="31" slack="0"/>
<pin id="638" dir="0" index="4" bw="2" slack="1"/>
<pin id="639" dir="1" index="5" bw="31" slack="1"/>
</pin_list>
<bind>
<opcode="mux(1196) " fcode="mux"/>
<opset="tmp_7/2 "/>
</bind>
</comp>

<comp id="644" class="1004" name="tmp_8_fu_644">
<pin_list>
<pin id="645" dir="0" index="0" bw="39" slack="0"/>
<pin id="646" dir="0" index="1" bw="31" slack="1"/>
<pin id="647" dir="0" index="2" bw="1" slack="0"/>
<pin id="648" dir="1" index="3" bw="39" slack="0"/>
</pin_list>
<bind>
<opcode="bitconcatenate(1004) " fcode="bitconcatenate"/>
<opset="tmp_8/3 "/>
</bind>
</comp>

<comp id="651" class="1004" name="shl_ln838_6_fu_651">
<pin_list>
<pin id="652" dir="0" index="0" bw="22" slack="0"/>
<pin id="653" dir="0" index="1" bw="2" slack="1"/>
<pin id="654" dir="0" index="2" bw="1" slack="0"/>
<pin id="655" dir="1" index="3" bw="22" slack="0"/>
</pin_list>
<bind>
<opcode="bitconcatenate(1004) " fcode="bitconcatenate"/>
<opset="shl_ln838_6/3 "/>
</bind>
</comp>

<comp id="658" class="1004" name="zext_ln1273_fu_658">
<pin_list>
<pin id="659" dir="0" index="0" bw="39" slack="0"/>
<pin id="660" dir="1" index="1" bw="61" slack="0"/>
</pin_list>
<bind>
<opcode="zext(34) " fcode="zext"/>
<opset="zext_ln1273/3 "/>
</bind>
</comp>

<comp id="662" class="1004" name="sext_ln1273_fu_662">
<pin_list>
<pin id="663" dir="0" index="0" bw="22" slack="0"/>
<pin id="664" dir="1" index="1" bw="61" slack="0"/>
</pin_list>
<bind>
<opcode="sext(35) " fcode="sext"/>
<opset="sext_ln1273/3 "/>
</bind>
</comp>

<comp id="666" class="1004" name="r_V_fu_666">
<pin_list>
<pin id="667" dir="0" index="0" bw="22" slack="0"/>
<pin id="668" dir="0" index="1" bw="39" slack="0"/>
<pin id="669" dir="1" index="2" bw="61" slack="1"/>
</pin_list>
<bind>
<opcode="mul(12) " fcode="mul"/>
<opset="r_V/3 "/>
</bind>
</comp>

<comp id="672" class="1004" name="shl_ln838_7_fu_672">
<pin_list>
<pin id="673" dir="0" index="0" bw="22" slack="0"/>
<pin id="674" dir="0" index="1" bw="2" slack="1"/>
<pin id="675" dir="0" index="2" bw="1" slack="0"/>
<pin id="676" dir="1" index="3" bw="22" slack="0"/>
</pin_list>
<bind>
<opcode="bitconcatenate(1004) " fcode="bitconcatenate"/>
<opset="shl_ln838_7/3 "/>
</bind>
</comp>

<comp id="679" class="1004" name="sext_ln1273_1_fu_679">
<pin_list>
<pin id="680" dir="0" index="0" bw="22" slack="0"/>
<pin id="681" dir="1" index="1" bw="61" slack="0"/>
</pin_list>
<bind>
<opcode="sext(35) " fcode="sext"/>
<opset="sext_ln1273_1/3 "/>
</bind>
</comp>

<comp id="683" class="1004" name="r_V_3_fu_683">
<pin_list>
<pin id="684" dir="0" index="0" bw="22" slack="0"/>
<pin id="685" dir="0" index="1" bw="39" slack="0"/>
<pin id="686" dir="1" index="2" bw="61" slack="1"/>
</pin_list>
<bind>
<opcode="mul(12) " fcode="mul"/>
<opset="r_V_3/3 "/>
</bind>
</comp>

<comp id="689" class="1004" name="lhs_V_load_load_fu_689">
<pin_list>
<pin id="690" dir="0" index="0" bw="48" slack="3"/>
<pin id="691" dir="1" index="1" bw="48" slack="0"/>
</pin_list>
<bind>
<opcode="load(27) " fcode="load"/>
<opset="lhs_V_load/4 "/>
</bind>
</comp>

<comp id="692" class="1004" name="lhs_V_2_load_load_fu_692">
<pin_list>
<pin id="693" dir="0" index="0" bw="48" slack="3"/>
<pin id="694" dir="1" index="1" bw="48" slack="0"/>
</pin_list>
<bind>
<opcode="load(27) " fcode="load"/>
<opset="lhs_V_2_load/4 "/>
</bind>
</comp>

<comp id="695" class="1004" name="lhs_V_3_fu_695">
<pin_list>
<pin id="696" dir="0" index="0" bw="72" slack="0"/>
<pin id="697" dir="0" index="1" bw="48" slack="0"/>
<pin id="698" dir="0" index="2" bw="1" slack="0"/>
<pin id="699" dir="1" index="3" bw="72" slack="0"/>
</pin_list>
<bind>
<opcode="bitconcatenate(1004) " fcode="bitconcatenate"/>
<opset="lhs_V_3/4 "/>
</bind>
</comp>

<comp id="703" class="1004" name="trunc_ln266_fu_703">
<pin_list>
<pin id="704" dir="0" index="0" bw="48" slack="0"/>
<pin id="705" dir="1" index="1" bw="40" slack="0"/>
</pin_list>
<bind>
<opcode="trunc(33) " fcode="trunc"/>
<opset="trunc_ln266/4 "/>
</bind>
</comp>

<comp id="707" class="1004" name="sext_ln1347_s_fu_707">
<pin_list>
<pin id="708" dir="0" index="0" bw="64" slack="0"/>
<pin id="709" dir="0" index="1" bw="40" slack="0"/>
<pin id="710" dir="0" index="2" bw="1" slack="0"/>
<pin id="711" dir="1" index="3" bw="64" slack="0"/>
</pin_list>
<bind>
<opcode="bitconcatenate(1004) " fcode="bitconcatenate"/>
<opset="sext_ln1347_s/4 "/>
</bind>
</comp>

<comp id="715" class="1004" name="sext_ln266_fu_715">
<pin_list>
<pin id="716" dir="0" index="0" bw="61" slack="1"/>
<pin id="717" dir="1" index="1" bw="64" slack="0"/>
</pin_list>
<bind>
<opcode="sext(35) " fcode="sext"/>
<opset="sext_ln266/4 "/>
</bind>
</comp>

<comp id="718" class="1004" name="sext_ln1347_fu_718">
<pin_list>
<pin id="719" dir="0" index="0" bw="61" slack="1"/>
<pin id="720" dir="1" index="1" bw="72" slack="0"/>
</pin_list>
<bind>
<opcode="sext(35) " fcode="sext"/>
<opset="sext_ln1347/4 "/>
</bind>
</comp>

<comp id="721" class="1004" name="add_ln266_fu_721">
<pin_list>
<pin id="722" dir="0" index="0" bw="64" slack="0"/>
<pin id="723" dir="0" index="1" bw="61" slack="0"/>
<pin id="724" dir="1" index="2" bw="64" slack="0"/>
</pin_list>
<bind>
<opcode="add(8) " fcode="add"/>
<opset="add_ln266/4 "/>
</bind>
</comp>

<comp id="727" class="1004" name="add_ln1347_fu_727">
<pin_list>
<pin id="728" dir="0" index="0" bw="72" slack="0"/>
<pin id="729" dir="0" index="1" bw="61" slack="0"/>
<pin id="730" dir="1" index="2" bw="72" slack="0"/>
</pin_list>
<bind>
<opcode="add(8) " fcode="add"/>
<opset="add_ln1347/4 "/>
</bind>
</comp>

<comp id="733" class="1004" name="acc0_V_fu_733">
<pin_list>
<pin id="734" dir="0" index="0" bw="48" slack="0"/>
<pin id="735" dir="0" index="1" bw="72" slack="0"/>
<pin id="736" dir="0" index="2" bw="6" slack="0"/>
<pin id="737" dir="0" index="3" bw="8" slack="0"/>
<pin id="738" dir="1" index="4" bw="48" slack="0"/>
</pin_list>
<bind>
<opcode="partselect(1002) " fcode="partselect"/>
<opset="acc0_V/4 "/>
</bind>
</comp>

<comp id="743" class="1004" name="lhs_V_4_fu_743">
<pin_list>
<pin id="744" dir="0" index="0" bw="72" slack="0"/>
<pin id="745" dir="0" index="1" bw="48" slack="0"/>
<pin id="746" dir="0" index="2" bw="1" slack="0"/>
<pin id="747" dir="1" index="3" bw="72" slack="0"/>
</pin_list>
<bind>
<opcode="bitconcatenate(1004) " fcode="bitconcatenate"/>
<opset="lhs_V_4/4 "/>
</bind>
</comp>

<comp id="751" class="1004" name="trunc_ln266_1_fu_751">
<pin_list>
<pin id="752" dir="0" index="0" bw="48" slack="0"/>
<pin id="753" dir="1" index="1" bw="40" slack="0"/>
</pin_list>
<bind>
<opcode="trunc(33) " fcode="trunc"/>
<opset="trunc_ln266_1/4 "/>
</bind>
</comp>

<comp id="755" class="1004" name="sext_ln1347_1_fu_755">
<pin_list>
<pin id="756" dir="0" index="0" bw="64" slack="0"/>
<pin id="757" dir="0" index="1" bw="40" slack="0"/>
<pin id="758" dir="0" index="2" bw="1" slack="0"/>
<pin id="759" dir="1" index="3" bw="64" slack="0"/>
</pin_list>
<bind>
<opcode="bitconcatenate(1004) " fcode="bitconcatenate"/>
<opset="sext_ln1347_1/4 "/>
</bind>
</comp>

<comp id="763" class="1004" name="sext_ln266_1_fu_763">
<pin_list>
<pin id="764" dir="0" index="0" bw="61" slack="1"/>
<pin id="765" dir="1" index="1" bw="64" slack="0"/>
</pin_list>
<bind>
<opcode="sext(35) " fcode="sext"/>
<opset="sext_ln266_1/4 "/>
</bind>
</comp>

<comp id="766" class="1004" name="sext_ln1347_2_fu_766">
<pin_list>
<pin id="767" dir="0" index="0" bw="61" slack="1"/>
<pin id="768" dir="1" index="1" bw="72" slack="0"/>
</pin_list>
<bind>
<opcode="sext(35) " fcode="sext"/>
<opset="sext_ln1347_2/4 "/>
</bind>
</comp>

<comp id="769" class="1004" name="add_ln266_1_fu_769">
<pin_list>
<pin id="770" dir="0" index="0" bw="64" slack="0"/>
<pin id="771" dir="0" index="1" bw="61" slack="0"/>
<pin id="772" dir="1" index="2" bw="64" slack="0"/>
</pin_list>
<bind>
<opcode="add(8) " fcode="add"/>
<opset="add_ln266_1/4 "/>
</bind>
</comp>

<comp id="775" class="1004" name="add_ln1347_1_fu_775">
<pin_list>
<pin id="776" dir="0" index="0" bw="72" slack="0"/>
<pin id="777" dir="0" index="1" bw="61" slack="0"/>
<pin id="778" dir="1" index="2" bw="72" slack="0"/>
</pin_list>
<bind>
<opcode="add(8) " fcode="add"/>
<opset="add_ln1347_1/4 "/>
</bind>
</comp>

<comp id="781" class="1004" name="acc1_V_fu_781">
<pin_list>
<pin id="782" dir="0" index="0" bw="48" slack="0"/>
<pin id="783" dir="0" index="1" bw="72" slack="0"/>
<pin id="784" dir="0" index="2" bw="6" slack="0"/>
<pin id="785" dir="0" index="3" bw="8" slack="0"/>
<pin id="786" dir="1" index="4" bw="48" slack="0"/>
</pin_list>
<bind>
<opcode="partselect(1002) " fcode="partselect"/>
<opset="acc1_V/4 "/>
</bind>
</comp>

<comp id="791" class="1004" name="phitmp5_fu_791">
<pin_list>
<pin id="792" dir="0" index="0" bw="32" slack="0"/>
<pin id="793" dir="0" index="1" bw="64" slack="0"/>
<pin id="794" dir="0" index="2" bw="7" slack="0"/>
<pin id="795" dir="0" index="3" bw="7" slack="0"/>
<pin id="796" dir="1" index="4" bw="32" slack="0"/>
</pin_list>
<bind>
<opcode="partselect(1002) " fcode="partselect"/>
<opset="phitmp5/4 "/>
</bind>
</comp>

<comp id="801" class="1004" name="phitmp6_fu_801">
<pin_list>
<pin id="802" dir="0" index="0" bw="32" slack="0"/>
<pin id="803" dir="0" index="1" bw="64" slack="0"/>
<pin id="804" dir="0" index="2" bw="7" slack="0"/>
<pin id="805" dir="0" index="3" bw="7" slack="0"/>
<pin id="806" dir="1" index="4" bw="32" slack="0"/>
</pin_list>
<bind>
<opcode="partselect(1002) " fcode="partselect"/>
<opset="phitmp6/4 "/>
</bind>
</comp>

<comp id="811" class="1004" name="store_ln266_store_fu_811">
<pin_list>
<pin id="812" dir="0" index="0" bw="48" slack="0"/>
<pin id="813" dir="0" index="1" bw="48" slack="3"/>
<pin id="814" dir="1" index="2" bw="0" slack="2147483647"/>
</pin_list>
<bind>
<opcode="store(28) " fcode="store"/>
<opset="store_ln266/4 "/>
</bind>
</comp>

<comp id="816" class="1004" name="store_ln266_store_fu_816">
<pin_list>
<pin id="817" dir="0" index="0" bw="48" slack="0"/>
<pin id="818" dir="0" index="1" bw="48" slack="3"/>
<pin id="819" dir="1" index="2" bw="0" slack="2147483647"/>
</pin_list>
<bind>
<opcode="store(28) " fcode="store"/>
<opset="store_ln266/4 "/>
</bind>
</comp>

<comp id="821" class="1004" name="store_ln266_store_fu_821">
<pin_list>
<pin id="822" dir="0" index="0" bw="32" slack="0"/>
<pin id="823" dir="0" index="1" bw="32" slack="3"/>
<pin id="824" dir="1" index="2" bw="0" slack="2147483647"/>
</pin_list>
<bind>
<opcode="store(28) " fcode="store"/>
<opset="store_ln266/4 "/>
</bind>
</comp>

<comp id="826" class="1004" name="store_ln266_store_fu_826">
<pin_list>
<pin id="827" dir="0" index="0" bw="32" slack="0"/>
<pin id="828" dir="0" index="1" bw="32" slack="3"/>
<pin id="829" dir="1" index="2" bw="0" slack="2147483647"/>
</pin_list>
<bind>
<opcode="store(28) " fcode="store"/>
<opset="store_ln266/4 "/>
</bind>
</comp>

<comp id="831" class="1004" name="phi_ln818_7_load_load_fu_831">
<pin_list>
<pin id="832" dir="0" index="0" bw="32" slack="2"/>
<pin id="833" dir="1" index="1" bw="32" slack="0"/>
</pin_list>
<bind>
<opcode="load(27) " fcode="load"/>
<opset="phi_ln818_7_load/3 "/>
</bind>
</comp>

<comp id="835" class="1004" name="phi_ln818_6_load_load_fu_835">
<pin_list>
<pin id="836" dir="0" index="0" bw="32" slack="2"/>
<pin id="837" dir="1" index="1" bw="32" slack="0"/>
</pin_list>
<bind>
<opcode="load(27) " fcode="load"/>
<opset="phi_ln818_6_load/3 "/>
</bind>
</comp>

<comp id="839" class="1005" name="phi_ln818_7_reg_839">
<pin_list>
<pin id="840" dir="0" index="0" bw="32" slack="0"/>
<pin id="841" dir="1" index="1" bw="32" slack="0"/>
</pin_list>
<bind>
<opset="phi_ln818_7 "/>
</bind>
</comp>

<comp id="846" class="1005" name="phi_ln818_6_reg_846">
<pin_list>
<pin id="847" dir="0" index="0" bw="32" slack="0"/>
<pin id="848" dir="1" index="1" bw="32" slack="0"/>
</pin_list>
<bind>
<opset="phi_ln818_6 "/>
</bind>
</comp>

<comp id="853" class="1005" name="lhs_V_reg_853">
<pin_list>
<pin id="854" dir="0" index="0" bw="48" slack="0"/>
<pin id="855" dir="1" index="1" bw="48" slack="0"/>
</pin_list>
<bind>
<opset="lhs_V "/>
</bind>
</comp>

<comp id="860" class="1005" name="lhs_V_2_reg_860">
<pin_list>
<pin id="861" dir="0" index="0" bw="48" slack="0"/>
<pin id="862" dir="1" index="1" bw="48" slack="0"/>
</pin_list>
<bind>
<opset="lhs_V_2 "/>
</bind>
</comp>

<comp id="867" class="1005" name="k_reg_867">
<pin_list>
<pin id="868" dir="0" index="0" bw="2" slack="0"/>
<pin id="869" dir="1" index="1" bw="2" slack="0"/>
</pin_list>
<bind>
<opset="k "/>
</bind>
</comp>

<comp id="874" class="1005" name="ic_reg_874">
<pin_list>
<pin id="875" dir="0" index="0" bw="8" slack="0"/>
<pin id="876" dir="1" index="1" bw="8" slack="0"/>
</pin_list>
<bind>
<opset="ic "/>
</bind>
</comp>

<comp id="881" class="1005" name="indvar_flatten87_reg_881">
<pin_list>
<pin id="882" dir="0" index="0" bw="9" slack="0"/>
<pin id="883" dir="1" index="1" bw="9" slack="0"/>
</pin_list>
<bind>
<opset="indvar_flatten87 "/>
</bind>
</comp>

<comp id="888" class="1005" name="empty_reg_888">
<pin_list>
<pin id="889" dir="0" index="0" bw="1" slack="1"/>
<pin id="890" dir="1" index="1" bw="1" slack="1"/>
</pin_list>
<bind>
<opset="empty "/>
</bind>
</comp>

<comp id="895" class="1005" name="win23_V_2_addr_reg_895">
<pin_list>
<pin id="896" dir="0" index="0" bw="6" slack="1"/>
<pin id="897" dir="1" index="1" bw="6" slack="1"/>
</pin_list>
<bind>
<opset="win23_V_2_addr "/>
</bind>
</comp>

<comp id="900" class="1005" name="win23_V_3_addr_reg_900">
<pin_list>
<pin id="901" dir="0" index="0" bw="6" slack="1"/>
<pin id="902" dir="1" index="1" bw="6" slack="1"/>
</pin_list>
<bind>
<opset="win23_V_3_addr "/>
</bind>
</comp>

<comp id="905" class="1005" name="win23_V_4_addr_reg_905">
<pin_list>
<pin id="906" dir="0" index="0" bw="6" slack="1"/>
<pin id="907" dir="1" index="1" bw="6" slack="1"/>
</pin_list>
<bind>
<opset="win23_V_4_addr "/>
</bind>
</comp>

<comp id="910" class="1005" name="win23_V_5_addr_reg_910">
<pin_list>
<pin id="911" dir="0" index="0" bw="6" slack="1"/>
<pin id="912" dir="1" index="1" bw="6" slack="1"/>
</pin_list>
<bind>
<opset="win23_V_5_addr "/>
</bind>
</comp>

<comp id="915" class="1005" name="icmp_ln264_reg_915">
<pin_list>
<pin id="916" dir="0" index="0" bw="1" slack="1"/>
<pin id="917" dir="1" index="1" bw="1" slack="2147483647"/>
</pin_list>
<bind>
<opset="icmp_ln264 "/>
</bind>
</comp>

<comp id="919" class="1005" name="icmp_ln266_reg_919">
<pin_list>
<pin id="920" dir="0" index="0" bw="1" slack="1"/>
<pin id="921" dir="1" index="1" bw="1" slack="1"/>
</pin_list>
<bind>
<opset="icmp_ln266 "/>
</bind>
</comp>

<comp id="926" class="1005" name="select_ln264_reg_926">
<pin_list>
<pin id="927" dir="0" index="0" bw="2" slack="1"/>
<pin id="928" dir="1" index="1" bw="2" slack="1"/>
</pin_list>
<bind>
<opset="select_ln264 "/>
</bind>
</comp>

<comp id="931" class="1005" name="empty_59_reg_931">
<pin_list>
<pin id="932" dir="0" index="0" bw="1" slack="1"/>
<pin id="933" dir="1" index="1" bw="1" slack="1"/>
</pin_list>
<bind>
<opset="empty_59 "/>
</bind>
</comp>

<comp id="938" class="1005" name="win23_V_2_addr_1_reg_938">
<pin_list>
<pin id="939" dir="0" index="0" bw="6" slack="1"/>
<pin id="940" dir="1" index="1" bw="6" slack="1"/>
</pin_list>
<bind>
<opset="win23_V_2_addr_1 "/>
</bind>
</comp>

<comp id="943" class="1005" name="win23_V_3_addr_1_reg_943">
<pin_list>
<pin id="944" dir="0" index="0" bw="6" slack="1"/>
<pin id="945" dir="1" index="1" bw="6" slack="1"/>
</pin_list>
<bind>
<opset="win23_V_3_addr_1 "/>
</bind>
</comp>

<comp id="948" class="1005" name="win23_V_4_addr_1_reg_948">
<pin_list>
<pin id="949" dir="0" index="0" bw="6" slack="1"/>
<pin id="950" dir="1" index="1" bw="6" slack="1"/>
</pin_list>
<bind>
<opset="win23_V_4_addr_1 "/>
</bind>
</comp>

<comp id="953" class="1005" name="win23_V_5_addr_1_reg_953">
<pin_list>
<pin id="954" dir="0" index="0" bw="6" slack="1"/>
<pin id="955" dir="1" index="1" bw="6" slack="1"/>
</pin_list>
<bind>
<opset="win23_V_5_addr_1 "/>
</bind>
</comp>

<comp id="958" class="1005" name="clf_w_L4_W_V_addr_reg_958">
<pin_list>
<pin id="959" dir="0" index="0" bw="17" slack="1"/>
<pin id="960" dir="1" index="1" bw="17" slack="1"/>
</pin_list>
<bind>
<opset="clf_w_L4_W_V_addr "/>
</bind>
</comp>

<comp id="963" class="1005" name="clf_w_L4_W_V_addr_1_reg_963">
<pin_list>
<pin id="964" dir="0" index="0" bw="17" slack="1"/>
<pin id="965" dir="1" index="1" bw="17" slack="1"/>
</pin_list>
<bind>
<opset="clf_w_L4_W_V_addr_1 "/>
</bind>
</comp>

<comp id="968" class="1005" name="tmp_7_reg_968">
<pin_list>
<pin id="969" dir="0" index="0" bw="31" slack="1"/>
<pin id="970" dir="1" index="1" bw="31" slack="1"/>
</pin_list>
<bind>
<opset="tmp_7 "/>
</bind>
</comp>

<comp id="973" class="1005" name="clf_w_L4_W_V_load_reg_973">
<pin_list>
<pin id="974" dir="0" index="0" bw="2" slack="1"/>
<pin id="975" dir="1" index="1" bw="2" slack="1"/>
</pin_list>
<bind>
<opset="clf_w_L4_W_V_load "/>
</bind>
</comp>

<comp id="978" class="1005" name="clf_w_L4_W_V_load_1_reg_978">
<pin_list>
<pin id="979" dir="0" index="0" bw="2" slack="1"/>
<pin id="980" dir="1" index="1" bw="2" slack="1"/>
</pin_list>
<bind>
<opset="clf_w_L4_W_V_load_1 "/>
</bind>
</comp>

<comp id="983" class="1005" name="r_V_reg_983">
<pin_list>
<pin id="984" dir="0" index="0" bw="61" slack="1"/>
<pin id="985" dir="1" index="1" bw="61" slack="1"/>
</pin_list>
<bind>
<opset="r_V "/>
</bind>
</comp>

<comp id="989" class="1005" name="r_V_3_reg_989">
<pin_list>
<pin id="990" dir="0" index="0" bw="61" slack="1"/>
<pin id="991" dir="1" index="1" bw="61" slack="1"/>
</pin_list>
<bind>
<opset="r_V_3 "/>
</bind>
</comp>

</comp_list>

<net_list>
<net id="113"><net_src comp="22" pin="0"/><net_sink comp="110" pin=0"/></net>

<net id="117"><net_src comp="22" pin="0"/><net_sink comp="114" pin=0"/></net>

<net id="121"><net_src comp="22" pin="0"/><net_sink comp="118" pin=0"/></net>

<net id="125"><net_src comp="22" pin="0"/><net_sink comp="122" pin=0"/></net>

<net id="129"><net_src comp="22" pin="0"/><net_sink comp="126" pin=0"/></net>

<net id="133"><net_src comp="22" pin="0"/><net_sink comp="130" pin=0"/></net>

<net id="137"><net_src comp="22" pin="0"/><net_sink comp="134" pin=0"/></net>

<net id="142"><net_src comp="24" pin="0"/><net_sink comp="138" pin=0"/></net>

<net id="143"><net_src comp="14" pin="0"/><net_sink comp="138" pin=1"/></net>

<net id="148"><net_src comp="26" pin="0"/><net_sink comp="144" pin=0"/></net>

<net id="149"><net_src comp="12" pin="0"/><net_sink comp="144" pin=1"/></net>

<net id="154"><net_src comp="28" pin="0"/><net_sink comp="150" pin=0"/></net>

<net id="155"><net_src comp="2" pin="0"/><net_sink comp="150" pin=1"/></net>

<net id="160"><net_src comp="28" pin="0"/><net_sink comp="156" pin=0"/></net>

<net id="161"><net_src comp="0" pin="0"/><net_sink comp="156" pin=1"/></net>

<net id="167"><net_src comp="108" pin="0"/><net_sink comp="162" pin=0"/></net>

<net id="168"><net_src comp="16" pin="0"/><net_sink comp="162" pin=1"/></net>

<net id="174"><net_src comp="108" pin="0"/><net_sink comp="169" pin=0"/></net>

<net id="175"><net_src comp="18" pin="0"/><net_sink comp="169" pin=1"/></net>

<net id="181"><net_src comp="4" pin="0"/><net_sink comp="176" pin=0"/></net>

<net id="182"><net_src comp="42" pin="0"/><net_sink comp="176" pin=1"/></net>

<net id="192"><net_src comp="176" pin="3"/><net_sink comp="183" pin=2"/></net>

<net id="198"><net_src comp="6" pin="0"/><net_sink comp="193" pin=0"/></net>

<net id="199"><net_src comp="42" pin="0"/><net_sink comp="193" pin=1"/></net>

<net id="209"><net_src comp="193" pin="3"/><net_sink comp="200" pin=2"/></net>

<net id="215"><net_src comp="8" pin="0"/><net_sink comp="210" pin=0"/></net>

<net id="216"><net_src comp="42" pin="0"/><net_sink comp="210" pin=1"/></net>

<net id="226"><net_src comp="210" pin="3"/><net_sink comp="217" pin=2"/></net>

<net id="232"><net_src comp="10" pin="0"/><net_sink comp="227" pin=0"/></net>

<net id="233"><net_src comp="42" pin="0"/><net_sink comp="227" pin=1"/></net>

<net id="243"><net_src comp="227" pin="3"/><net_sink comp="234" pin=2"/></net>

<net id="249"><net_src comp="4" pin="0"/><net_sink comp="244" pin=0"/></net>

<net id="250"><net_src comp="42" pin="0"/><net_sink comp="244" pin=1"/></net>

<net id="251"><net_src comp="244" pin="3"/><net_sink comp="183" pin=0"/></net>

<net id="257"><net_src comp="6" pin="0"/><net_sink comp="252" pin=0"/></net>

<net id="258"><net_src comp="42" pin="0"/><net_sink comp="252" pin=1"/></net>

<net id="259"><net_src comp="252" pin="3"/><net_sink comp="200" pin=0"/></net>

<net id="265"><net_src comp="8" pin="0"/><net_sink comp="260" pin=0"/></net>

<net id="266"><net_src comp="42" pin="0"/><net_sink comp="260" pin=1"/></net>

<net id="267"><net_src comp="260" pin="3"/><net_sink comp="217" pin=0"/></net>

<net id="273"><net_src comp="10" pin="0"/><net_sink comp="268" pin=0"/></net>

<net id="274"><net_src comp="42" pin="0"/><net_sink comp="268" pin=1"/></net>

<net id="275"><net_src comp="268" pin="3"/><net_sink comp="234" pin=0"/></net>

<net id="281"><net_src comp="20" pin="0"/><net_sink comp="276" pin=0"/></net>

<net id="282"><net_src comp="42" pin="0"/><net_sink comp="276" pin=1"/></net>

<net id="288"><net_src comp="20" pin="0"/><net_sink comp="283" pin=0"/></net>

<net id="289"><net_src comp="42" pin="0"/><net_sink comp="283" pin=1"/></net>

<net id="299"><net_src comp="276" pin="3"/><net_sink comp="290" pin=2"/></net>

<net id="300"><net_src comp="283" pin="3"/><net_sink comp="290" pin=0"/></net>

<net id="304"><net_src comp="150" pin="2"/><net_sink comp="301" pin=0"/></net>

<net id="308"><net_src comp="156" pin="2"/><net_sink comp="305" pin=0"/></net>

<net id="312"><net_src comp="138" pin="2"/><net_sink comp="309" pin=0"/></net>

<net id="317"><net_src comp="30" pin="0"/><net_sink comp="313" pin=0"/></net>

<net id="322"><net_src comp="32" pin="0"/><net_sink comp="318" pin=0"/></net>

<net id="327"><net_src comp="34" pin="0"/><net_sink comp="323" pin=0"/></net>

<net id="332"><net_src comp="305" pin="1"/><net_sink comp="328" pin=0"/></net>

<net id="337"><net_src comp="301" pin="1"/><net_sink comp="333" pin=0"/></net>

<net id="342"><net_src comp="36" pin="0"/><net_sink comp="338" pin=0"/></net>

<net id="347"><net_src comp="36" pin="0"/><net_sink comp="343" pin=0"/></net>

<net id="360"><net_src comp="38" pin="0"/><net_sink comp="354" pin=0"/></net>

<net id="361"><net_src comp="348" pin="1"/><net_sink comp="354" pin=1"/></net>

<net id="362"><net_src comp="22" pin="0"/><net_sink comp="354" pin=2"/></net>

<net id="363"><net_src comp="40" pin="0"/><net_sink comp="354" pin=3"/></net>

<net id="367"><net_src comp="354" pin="4"/><net_sink comp="364" pin=0"/></net>

<net id="368"><net_src comp="364" pin="1"/><net_sink comp="176" pin=2"/></net>

<net id="369"><net_src comp="364" pin="1"/><net_sink comp="193" pin=2"/></net>

<net id="370"><net_src comp="364" pin="1"/><net_sink comp="210" pin=2"/></net>

<net id="371"><net_src comp="364" pin="1"/><net_sink comp="227" pin=2"/></net>

<net id="375"><net_src comp="348" pin="1"/><net_sink comp="372" pin=0"/></net>

<net id="380"><net_src comp="351" pin="1"/><net_sink comp="376" pin=0"/></net>

<net id="381"><net_src comp="44" pin="0"/><net_sink comp="376" pin=1"/></net>

<net id="386"><net_src comp="351" pin="1"/><net_sink comp="382" pin=0"/></net>

<net id="387"><net_src comp="46" pin="0"/><net_sink comp="382" pin=1"/></net>

<net id="395"><net_src comp="348" pin="1"/><net_sink comp="391" pin=0"/></net>

<net id="396"><net_src comp="48" pin="0"/><net_sink comp="391" pin=1"/></net>

<net id="401"><net_src comp="388" pin="1"/><net_sink comp="397" pin=0"/></net>

<net id="402"><net_src comp="50" pin="0"/><net_sink comp="397" pin=1"/></net>

<net id="408"><net_src comp="397" pin="2"/><net_sink comp="403" pin=0"/></net>

<net id="409"><net_src comp="34" pin="0"/><net_sink comp="403" pin=1"/></net>

<net id="410"><net_src comp="388" pin="1"/><net_sink comp="403" pin=2"/></net>

<net id="416"><net_src comp="397" pin="2"/><net_sink comp="411" pin=0"/></net>

<net id="417"><net_src comp="391" pin="2"/><net_sink comp="411" pin=1"/></net>

<net id="418"><net_src comp="348" pin="1"/><net_sink comp="411" pin=2"/></net>

<net id="422"><net_src comp="411" pin="3"/><net_sink comp="419" pin=0"/></net>

<net id="429"><net_src comp="52" pin="0"/><net_sink comp="423" pin=0"/></net>

<net id="430"><net_src comp="144" pin="2"/><net_sink comp="423" pin=1"/></net>

<net id="431"><net_src comp="22" pin="0"/><net_sink comp="423" pin=2"/></net>

<net id="432"><net_src comp="54" pin="0"/><net_sink comp="423" pin=3"/></net>

<net id="438"><net_src comp="56" pin="0"/><net_sink comp="433" pin=0"/></net>

<net id="439"><net_src comp="423" pin="4"/><net_sink comp="433" pin=1"/></net>

<net id="440"><net_src comp="411" pin="3"/><net_sink comp="433" pin=2"/></net>

<net id="444"><net_src comp="433" pin="3"/><net_sink comp="441" pin=0"/></net>

<net id="451"><net_src comp="58" pin="0"/><net_sink comp="445" pin=0"/></net>

<net id="452"><net_src comp="423" pin="4"/><net_sink comp="445" pin=1"/></net>

<net id="453"><net_src comp="411" pin="3"/><net_sink comp="445" pin=2"/></net>

<net id="454"><net_src comp="34" pin="0"/><net_sink comp="445" pin=3"/></net>

<net id="459"><net_src comp="445" pin="4"/><net_sink comp="455" pin=0"/></net>

<net id="460"><net_src comp="441" pin="1"/><net_sink comp="455" pin=1"/></net>

<net id="465"><net_src comp="309" pin="1"/><net_sink comp="461" pin=0"/></net>

<net id="466"><net_src comp="419" pin="1"/><net_sink comp="461" pin=1"/></net>

<net id="470"><net_src comp="461" pin="2"/><net_sink comp="467" pin=0"/></net>

<net id="474"><net_src comp="461" pin="2"/><net_sink comp="471" pin=0"/></net>

<net id="480"><net_src comp="60" pin="0"/><net_sink comp="475" pin=0"/></net>

<net id="481"><net_src comp="471" pin="1"/><net_sink comp="475" pin=1"/></net>

<net id="482"><net_src comp="34" pin="0"/><net_sink comp="475" pin=2"/></net>

<net id="487"><net_src comp="475" pin="3"/><net_sink comp="483" pin=0"/></net>

<net id="488"><net_src comp="467" pin="1"/><net_sink comp="483" pin=1"/></net>

<net id="495"><net_src comp="38" pin="0"/><net_sink comp="489" pin=0"/></net>

<net id="496"><net_src comp="391" pin="2"/><net_sink comp="489" pin=1"/></net>

<net id="497"><net_src comp="22" pin="0"/><net_sink comp="489" pin=2"/></net>

<net id="498"><net_src comp="40" pin="0"/><net_sink comp="489" pin=3"/></net>

<net id="502"><net_src comp="489" pin="4"/><net_sink comp="499" pin=0"/></net>

<net id="503"><net_src comp="499" pin="1"/><net_sink comp="244" pin=2"/></net>

<net id="504"><net_src comp="499" pin="1"/><net_sink comp="252" pin=2"/></net>

<net id="505"><net_src comp="499" pin="1"/><net_sink comp="260" pin=2"/></net>

<net id="506"><net_src comp="499" pin="1"/><net_sink comp="268" pin=2"/></net>

<net id="510"><net_src comp="391" pin="2"/><net_sink comp="507" pin=0"/></net>

<net id="514"><net_src comp="403" pin="3"/><net_sink comp="511" pin=0"/></net>

<net id="519"><net_src comp="455" pin="2"/><net_sink comp="515" pin=0"/></net>

<net id="520"><net_src comp="511" pin="1"/><net_sink comp="515" pin=1"/></net>

<net id="524"><net_src comp="515" pin="2"/><net_sink comp="521" pin=0"/></net>

<net id="525"><net_src comp="521" pin="1"/><net_sink comp="276" pin=2"/></net>

<net id="530"><net_src comp="483" pin="2"/><net_sink comp="526" pin=0"/></net>

<net id="531"><net_src comp="511" pin="1"/><net_sink comp="526" pin=1"/></net>

<net id="535"><net_src comp="526" pin="2"/><net_sink comp="532" pin=0"/></net>

<net id="536"><net_src comp="532" pin="1"/><net_sink comp="283" pin=2"/></net>

<net id="541"><net_src comp="403" pin="3"/><net_sink comp="537" pin=0"/></net>

<net id="542"><net_src comp="62" pin="0"/><net_sink comp="537" pin=1"/></net>

<net id="547"><net_src comp="382" pin="2"/><net_sink comp="543" pin=0"/></net>

<net id="552"><net_src comp="411" pin="3"/><net_sink comp="548" pin=0"/></net>

<net id="557"><net_src comp="537" pin="2"/><net_sink comp="553" pin=0"/></net>

<net id="564"><net_src comp="64" pin="0"/><net_sink comp="558" pin=0"/></net>

<net id="565"><net_src comp="66" pin="0"/><net_sink comp="558" pin=1"/></net>

<net id="566"><net_src comp="66" pin="0"/><net_sink comp="558" pin=2"/></net>

<net id="573"><net_src comp="64" pin="0"/><net_sink comp="567" pin=0"/></net>

<net id="574"><net_src comp="183" pin="7"/><net_sink comp="567" pin=1"/></net>

<net id="575"><net_src comp="200" pin="7"/><net_sink comp="567" pin=2"/></net>

<net id="582"><net_src comp="64" pin="0"/><net_sink comp="576" pin=0"/></net>

<net id="583"><net_src comp="217" pin="7"/><net_sink comp="576" pin=1"/></net>

<net id="584"><net_src comp="234" pin="7"/><net_sink comp="576" pin=2"/></net>

<net id="591"><net_src comp="64" pin="0"/><net_sink comp="585" pin=0"/></net>

<net id="592"><net_src comp="66" pin="0"/><net_sink comp="585" pin=1"/></net>

<net id="593"><net_src comp="66" pin="0"/><net_sink comp="585" pin=2"/></net>

<net id="599"><net_src comp="585" pin="4"/><net_sink comp="594" pin=1"/></net>

<net id="600"><net_src comp="558" pin="4"/><net_sink comp="594" pin=2"/></net>

<net id="607"><net_src comp="64" pin="0"/><net_sink comp="601" pin=0"/></net>

<net id="608"><net_src comp="183" pin="3"/><net_sink comp="601" pin=1"/></net>

<net id="609"><net_src comp="200" pin="3"/><net_sink comp="601" pin=2"/></net>

<net id="615"><net_src comp="601" pin="4"/><net_sink comp="610" pin=1"/></net>

<net id="616"><net_src comp="567" pin="4"/><net_sink comp="610" pin=2"/></net>

<net id="623"><net_src comp="64" pin="0"/><net_sink comp="617" pin=0"/></net>

<net id="624"><net_src comp="217" pin="3"/><net_sink comp="617" pin=1"/></net>

<net id="625"><net_src comp="234" pin="3"/><net_sink comp="617" pin=2"/></net>

<net id="631"><net_src comp="617" pin="4"/><net_sink comp="626" pin=1"/></net>

<net id="632"><net_src comp="576" pin="4"/><net_sink comp="626" pin=2"/></net>

<net id="640"><net_src comp="68" pin="0"/><net_sink comp="633" pin=0"/></net>

<net id="641"><net_src comp="594" pin="3"/><net_sink comp="633" pin=1"/></net>

<net id="642"><net_src comp="610" pin="3"/><net_sink comp="633" pin=2"/></net>

<net id="643"><net_src comp="626" pin="3"/><net_sink comp="633" pin=3"/></net>

<net id="649"><net_src comp="70" pin="0"/><net_sink comp="644" pin=0"/></net>

<net id="650"><net_src comp="32" pin="0"/><net_sink comp="644" pin=2"/></net>

<net id="656"><net_src comp="72" pin="0"/><net_sink comp="651" pin=0"/></net>

<net id="657"><net_src comp="74" pin="0"/><net_sink comp="651" pin=2"/></net>

<net id="661"><net_src comp="644" pin="3"/><net_sink comp="658" pin=0"/></net>

<net id="665"><net_src comp="651" pin="3"/><net_sink comp="662" pin=0"/></net>

<net id="670"><net_src comp="662" pin="1"/><net_sink comp="666" pin=0"/></net>

<net id="671"><net_src comp="658" pin="1"/><net_sink comp="666" pin=1"/></net>

<net id="677"><net_src comp="72" pin="0"/><net_sink comp="672" pin=0"/></net>

<net id="678"><net_src comp="74" pin="0"/><net_sink comp="672" pin=2"/></net>

<net id="682"><net_src comp="672" pin="3"/><net_sink comp="679" pin=0"/></net>

<net id="687"><net_src comp="679" pin="1"/><net_sink comp="683" pin=0"/></net>

<net id="688"><net_src comp="658" pin="1"/><net_sink comp="683" pin=1"/></net>

<net id="700"><net_src comp="90" pin="0"/><net_sink comp="695" pin=0"/></net>

<net id="701"><net_src comp="689" pin="1"/><net_sink comp="695" pin=1"/></net>

<net id="702"><net_src comp="92" pin="0"/><net_sink comp="695" pin=2"/></net>

<net id="706"><net_src comp="689" pin="1"/><net_sink comp="703" pin=0"/></net>

<net id="712"><net_src comp="94" pin="0"/><net_sink comp="707" pin=0"/></net>

<net id="713"><net_src comp="703" pin="1"/><net_sink comp="707" pin=1"/></net>

<net id="714"><net_src comp="92" pin="0"/><net_sink comp="707" pin=2"/></net>

<net id="725"><net_src comp="707" pin="3"/><net_sink comp="721" pin=0"/></net>

<net id="726"><net_src comp="715" pin="1"/><net_sink comp="721" pin=1"/></net>

<net id="731"><net_src comp="695" pin="3"/><net_sink comp="727" pin=0"/></net>

<net id="732"><net_src comp="718" pin="1"/><net_sink comp="727" pin=1"/></net>

<net id="739"><net_src comp="96" pin="0"/><net_sink comp="733" pin=0"/></net>

<net id="740"><net_src comp="727" pin="2"/><net_sink comp="733" pin=1"/></net>

<net id="741"><net_src comp="98" pin="0"/><net_sink comp="733" pin=2"/></net>

<net id="742"><net_src comp="100" pin="0"/><net_sink comp="733" pin=3"/></net>

<net id="748"><net_src comp="90" pin="0"/><net_sink comp="743" pin=0"/></net>

<net id="749"><net_src comp="692" pin="1"/><net_sink comp="743" pin=1"/></net>

<net id="750"><net_src comp="92" pin="0"/><net_sink comp="743" pin=2"/></net>

<net id="754"><net_src comp="692" pin="1"/><net_sink comp="751" pin=0"/></net>

<net id="760"><net_src comp="94" pin="0"/><net_sink comp="755" pin=0"/></net>

<net id="761"><net_src comp="751" pin="1"/><net_sink comp="755" pin=1"/></net>

<net id="762"><net_src comp="92" pin="0"/><net_sink comp="755" pin=2"/></net>

<net id="773"><net_src comp="755" pin="3"/><net_sink comp="769" pin=0"/></net>

<net id="774"><net_src comp="763" pin="1"/><net_sink comp="769" pin=1"/></net>

<net id="779"><net_src comp="743" pin="3"/><net_sink comp="775" pin=0"/></net>

<net id="780"><net_src comp="766" pin="1"/><net_sink comp="775" pin=1"/></net>

<net id="787"><net_src comp="96" pin="0"/><net_sink comp="781" pin=0"/></net>

<net id="788"><net_src comp="775" pin="2"/><net_sink comp="781" pin=1"/></net>

<net id="789"><net_src comp="98" pin="0"/><net_sink comp="781" pin=2"/></net>

<net id="790"><net_src comp="100" pin="0"/><net_sink comp="781" pin=3"/></net>

<net id="797"><net_src comp="102" pin="0"/><net_sink comp="791" pin=0"/></net>

<net id="798"><net_src comp="721" pin="2"/><net_sink comp="791" pin=1"/></net>

<net id="799"><net_src comp="104" pin="0"/><net_sink comp="791" pin=2"/></net>

<net id="800"><net_src comp="106" pin="0"/><net_sink comp="791" pin=3"/></net>

<net id="807"><net_src comp="102" pin="0"/><net_sink comp="801" pin=0"/></net>

<net id="808"><net_src comp="769" pin="2"/><net_sink comp="801" pin=1"/></net>

<net id="809"><net_src comp="104" pin="0"/><net_sink comp="801" pin=2"/></net>

<net id="810"><net_src comp="106" pin="0"/><net_sink comp="801" pin=3"/></net>

<net id="815"><net_src comp="781" pin="4"/><net_sink comp="811" pin=0"/></net>

<net id="820"><net_src comp="733" pin="4"/><net_sink comp="816" pin=0"/></net>

<net id="825"><net_src comp="791" pin="4"/><net_sink comp="821" pin=0"/></net>

<net id="830"><net_src comp="801" pin="4"/><net_sink comp="826" pin=0"/></net>

<net id="834"><net_src comp="831" pin="1"/><net_sink comp="169" pin=2"/></net>

<net id="838"><net_src comp="835" pin="1"/><net_sink comp="162" pin=2"/></net>

<net id="842"><net_src comp="110" pin="1"/><net_sink comp="839" pin=0"/></net>

<net id="843"><net_src comp="839" pin="1"/><net_sink comp="343" pin=1"/></net>

<net id="844"><net_src comp="839" pin="1"/><net_sink comp="826" pin=1"/></net>

<net id="845"><net_src comp="839" pin="1"/><net_sink comp="831" pin=0"/></net>

<net id="849"><net_src comp="114" pin="1"/><net_sink comp="846" pin=0"/></net>

<net id="850"><net_src comp="846" pin="1"/><net_sink comp="338" pin=1"/></net>

<net id="851"><net_src comp="846" pin="1"/><net_sink comp="821" pin=1"/></net>

<net id="852"><net_src comp="846" pin="1"/><net_sink comp="835" pin=0"/></net>

<net id="856"><net_src comp="118" pin="1"/><net_sink comp="853" pin=0"/></net>

<net id="857"><net_src comp="853" pin="1"/><net_sink comp="333" pin=1"/></net>

<net id="858"><net_src comp="853" pin="1"/><net_sink comp="689" pin=0"/></net>

<net id="859"><net_src comp="853" pin="1"/><net_sink comp="816" pin=1"/></net>

<net id="863"><net_src comp="122" pin="1"/><net_sink comp="860" pin=0"/></net>

<net id="864"><net_src comp="860" pin="1"/><net_sink comp="328" pin=1"/></net>

<net id="865"><net_src comp="860" pin="1"/><net_sink comp="692" pin=0"/></net>

<net id="866"><net_src comp="860" pin="1"/><net_sink comp="811" pin=1"/></net>

<net id="870"><net_src comp="126" pin="1"/><net_sink comp="867" pin=0"/></net>

<net id="871"><net_src comp="867" pin="1"/><net_sink comp="323" pin=1"/></net>

<net id="872"><net_src comp="867" pin="1"/><net_sink comp="388" pin=0"/></net>

<net id="873"><net_src comp="867" pin="1"/><net_sink comp="553" pin=1"/></net>

<net id="877"><net_src comp="130" pin="1"/><net_sink comp="874" pin=0"/></net>

<net id="878"><net_src comp="874" pin="1"/><net_sink comp="318" pin=1"/></net>

<net id="879"><net_src comp="874" pin="1"/><net_sink comp="348" pin=0"/></net>

<net id="880"><net_src comp="874" pin="1"/><net_sink comp="548" pin=1"/></net>

<net id="884"><net_src comp="134" pin="1"/><net_sink comp="881" pin=0"/></net>

<net id="885"><net_src comp="881" pin="1"/><net_sink comp="313" pin=1"/></net>

<net id="886"><net_src comp="881" pin="1"/><net_sink comp="351" pin=0"/></net>

<net id="887"><net_src comp="881" pin="1"/><net_sink comp="543" pin=1"/></net>

<net id="891"><net_src comp="372" pin="1"/><net_sink comp="888" pin=0"/></net>

<net id="892"><net_src comp="888" pin="1"/><net_sink comp="558" pin=3"/></net>

<net id="893"><net_src comp="888" pin="1"/><net_sink comp="567" pin=3"/></net>

<net id="894"><net_src comp="888" pin="1"/><net_sink comp="576" pin=3"/></net>

<net id="898"><net_src comp="176" pin="3"/><net_sink comp="895" pin=0"/></net>

<net id="899"><net_src comp="895" pin="1"/><net_sink comp="183" pin=2"/></net>

<net id="903"><net_src comp="193" pin="3"/><net_sink comp="900" pin=0"/></net>

<net id="904"><net_src comp="900" pin="1"/><net_sink comp="200" pin=2"/></net>

<net id="908"><net_src comp="210" pin="3"/><net_sink comp="905" pin=0"/></net>

<net id="909"><net_src comp="905" pin="1"/><net_sink comp="217" pin=2"/></net>

<net id="913"><net_src comp="227" pin="3"/><net_sink comp="910" pin=0"/></net>

<net id="914"><net_src comp="910" pin="1"/><net_sink comp="234" pin=2"/></net>

<net id="918"><net_src comp="376" pin="2"/><net_sink comp="915" pin=0"/></net>

<net id="922"><net_src comp="397" pin="2"/><net_sink comp="919" pin=0"/></net>

<net id="923"><net_src comp="919" pin="1"/><net_sink comp="594" pin=0"/></net>

<net id="924"><net_src comp="919" pin="1"/><net_sink comp="610" pin=0"/></net>

<net id="925"><net_src comp="919" pin="1"/><net_sink comp="626" pin=0"/></net>

<net id="929"><net_src comp="403" pin="3"/><net_sink comp="926" pin=0"/></net>

<net id="930"><net_src comp="926" pin="1"/><net_sink comp="633" pin=4"/></net>

<net id="934"><net_src comp="507" pin="1"/><net_sink comp="931" pin=0"/></net>

<net id="935"><net_src comp="931" pin="1"/><net_sink comp="585" pin=3"/></net>

<net id="936"><net_src comp="931" pin="1"/><net_sink comp="601" pin=3"/></net>

<net id="937"><net_src comp="931" pin="1"/><net_sink comp="617" pin=3"/></net>

<net id="941"><net_src comp="244" pin="3"/><net_sink comp="938" pin=0"/></net>

<net id="942"><net_src comp="938" pin="1"/><net_sink comp="183" pin=0"/></net>

<net id="946"><net_src comp="252" pin="3"/><net_sink comp="943" pin=0"/></net>

<net id="947"><net_src comp="943" pin="1"/><net_sink comp="200" pin=0"/></net>

<net id="951"><net_src comp="260" pin="3"/><net_sink comp="948" pin=0"/></net>

<net id="952"><net_src comp="948" pin="1"/><net_sink comp="217" pin=0"/></net>

<net id="956"><net_src comp="268" pin="3"/><net_sink comp="953" pin=0"/></net>

<net id="957"><net_src comp="953" pin="1"/><net_sink comp="234" pin=0"/></net>

<net id="961"><net_src comp="276" pin="3"/><net_sink comp="958" pin=0"/></net>

<net id="962"><net_src comp="958" pin="1"/><net_sink comp="290" pin=2"/></net>

<net id="966"><net_src comp="283" pin="3"/><net_sink comp="963" pin=0"/></net>

<net id="967"><net_src comp="963" pin="1"/><net_sink comp="290" pin=0"/></net>

<net id="971"><net_src comp="633" pin="5"/><net_sink comp="968" pin=0"/></net>

<net id="972"><net_src comp="968" pin="1"/><net_sink comp="644" pin=1"/></net>

<net id="976"><net_src comp="290" pin="7"/><net_sink comp="973" pin=0"/></net>

<net id="977"><net_src comp="973" pin="1"/><net_sink comp="651" pin=1"/></net>

<net id="981"><net_src comp="290" pin="3"/><net_sink comp="978" pin=0"/></net>

<net id="982"><net_src comp="978" pin="1"/><net_sink comp="672" pin=1"/></net>

<net id="986"><net_src comp="666" pin="2"/><net_sink comp="983" pin=0"/></net>

<net id="987"><net_src comp="983" pin="1"/><net_sink comp="715" pin=0"/></net>

<net id="988"><net_src comp="983" pin="1"/><net_sink comp="718" pin=0"/></net>

<net id="992"><net_src comp="683" pin="2"/><net_sink comp="989" pin=0"/></net>

<net id="993"><net_src comp="989" pin="1"/><net_sink comp="763" pin=0"/></net>

<net id="994"><net_src comp="989" pin="1"/><net_sink comp="766" pin=0"/></net>

</net_list>

</model> 
---------------- Datapath Model END ------------------

* FSMD analyzer results:
  - Output states:
	Port: phi_ln818_6_out | {3 }
	Port: phi_ln818_7_out | {3 }
	Port: clf_w_L4_W_V | {}
 - Input state : 
	Port: ecg_classifier_Pipeline_L4_IC_L4_K : sext_ln262 | {1 }
	Port: ecg_classifier_Pipeline_L4_IC_L4_K : sext_ln261 | {1 }
	Port: ecg_classifier_Pipeline_L4_IC_L4_K : win23_V_2 | {1 2 }
	Port: ecg_classifier_Pipeline_L4_IC_L4_K : win23_V_3 | {1 2 }
	Port: ecg_classifier_Pipeline_L4_IC_L4_K : win23_V_4 | {1 2 }
	Port: ecg_classifier_Pipeline_L4_IC_L4_K : win23_V_5 | {1 2 }
	Port: ecg_classifier_Pipeline_L4_IC_L4_K : oc_base_2 | {1 }
	Port: ecg_classifier_Pipeline_L4_IC_L4_K : zext_ln837_14 | {1 }
	Port: ecg_classifier_Pipeline_L4_IC_L4_K : clf_w_L4_W_V | {1 2 }
  - Chain level:
	State 1
		store_ln0 : 1
		store_ln0 : 1
		store_ln0 : 1
		store_ln0 : 1
		store_ln0 : 1
		store_ln0 : 1
		store_ln0 : 1
		ic_1 : 1
		indvar_flatten87_load : 1
		tmp_s : 2
		p_cast43 : 3
		empty : 2
		win23_V_2_addr : 4
		win23_V_2_load : 5
		win23_V_3_addr : 4
		win23_V_3_load : 5
		win23_V_4_addr : 4
		win23_V_4_load : 5
		win23_V_5_addr : 4
		win23_V_5_load : 5
		icmp_ln264 : 2
		add_ln264_1 : 2
		br_ln264 : 3
		k_load : 1
		add_ln264 : 2
		icmp_ln266 : 2
		select_ln264 : 3
		select_ln264_1 : 3
		zext_ln837 : 4
		tmp_5 : 4
		zext_ln837_1 : 5
		tmp_6 : 4
		sub_ln837 : 6
		add_ln837 : 5
		zext_ln837_2 : 6
		trunc_ln837 : 6
		p_shl3 : 7
		sub_ln837_1 : 8
		p_mid2 : 3
		p_cast43_mid1 : 4
		empty_59 : 3
		win23_V_2_addr_1 : 5
		win23_V_2_load_1 : 6
		win23_V_3_addr_1 : 5
		win23_V_3_load_1 : 6
		win23_V_4_addr_1 : 5
		win23_V_4_load_1 : 6
		win23_V_5_addr_1 : 5
		win23_V_5_load_1 : 6
		zext_ln837_3 : 4
		add_ln837_1 : 7
		zext_ln837_4 : 8
		clf_w_L4_W_V_addr : 9
		add_ln837_2 : 9
		zext_ln837_5 : 10
		clf_w_L4_W_V_addr_1 : 11
		add_ln268 : 4
		clf_w_L4_W_V_load : 10
		clf_w_L4_W_V_load_1 : 12
		store_ln266 : 3
		store_ln266 : 4
		store_ln266 : 5
	State 2
		tmp_2 : 1
		tmp_3 : 1
		select_ln264_2 : 1
		tmp_22_mid1 : 1
		select_ln264_3 : 2
		tmp_23_mid1 : 1
		select_ln264_4 : 2
		tmp_7 : 3
	State 3
		zext_ln1273 : 1
		sext_ln1273 : 1
		r_V : 2
		sext_ln1273_1 : 1
		r_V_3 : 2
		write_ln0 : 1
		write_ln0 : 1
	State 4
		lhs_V_3 : 1
		trunc_ln266 : 1
		sext_ln1347_s : 2
		add_ln266 : 3
		add_ln1347 : 2
		acc0_V : 3
		lhs_V_4 : 1
		trunc_ln266_1 : 1
		sext_ln1347_1 : 2
		add_ln266_1 : 3
		add_ln1347_1 : 2
		acc1_V : 3
		phitmp5 : 4
		phitmp6 : 4
		store_ln266 : 4
		store_ln266 : 4
		store_ln266 : 5
		store_ln266 : 5


============================================================
+ Verbose Summary: Datapath Resource usage 
============================================================

* Functional unit list:
|----------|--------------------------------|---------|---------|---------|
| Operation|         Functional Unit        |   DSP   |    FF   |   LUT   |
|----------|--------------------------------|---------|---------|---------|
|          |       add_ln264_1_fu_382       |    0    |    0    |    9    |
|          |        add_ln264_fu_391        |    0    |    0    |    8    |
|          |        add_ln837_fu_461        |    0    |    0    |    15   |
|          |       add_ln837_1_fu_515       |    0    |    0    |    17   |
|    add   |       add_ln837_2_fu_526       |    0    |    0    |    17   |
|          |        add_ln268_fu_537        |    0    |    0    |    3    |
|          |        add_ln266_fu_721        |    0    |    0    |    64   |
|          |        add_ln1347_fu_727       |    0    |    0    |    72   |
|          |       add_ln266_1_fu_769       |    0    |    0    |    64   |
|          |       add_ln1347_1_fu_775      |    0    |    0    |    72   |
|----------|--------------------------------|---------|---------|---------|
|          |       select_ln264_fu_403      |    0    |    0    |    2    |
|          |      select_ln264_1_fu_411     |    0    |    0    |    8    |
|  select  |      select_ln264_2_fu_594     |    0    |    0    |    31   |
|          |      select_ln264_3_fu_610     |    0    |    0    |    31   |
|          |      select_ln264_4_fu_626     |    0    |    0    |    31   |
|----------|--------------------------------|---------|---------|---------|
|          |          tmp_1_fu_558          |    0    |    0    |    9    |
|          |          tmp_2_fu_567          |    0    |    0    |    9    |
|          |          tmp_3_fu_576          |    0    |    0    |    9    |
|    mux   |       tmp_21_mid1_fu_585       |    0    |    0    |    9    |
|          |       tmp_22_mid1_fu_601       |    0    |    0    |    9    |
|          |       tmp_23_mid1_fu_617       |    0    |    0    |    9    |
|          |          tmp_7_fu_633          |    0    |    0    |    13   |
|----------|--------------------------------|---------|---------|---------|
|    mul   |           r_V_fu_666           |    2    |    0    |    28   |
|          |          r_V_3_fu_683          |    2    |    0    |    28   |
|----------|--------------------------------|---------|---------|---------|
|    sub   |        sub_ln837_fu_455        |    0    |    0    |    17   |
|          |       sub_ln837_1_fu_483       |    0    |    0    |    17   |
|----------|--------------------------------|---------|---------|---------|
|   icmp   |        icmp_ln264_fu_376       |    0    |    0    |    4    |
|          |        icmp_ln266_fu_397       |    0    |    0    |    1    |
|----------|--------------------------------|---------|---------|---------|
|          | zext_ln837_14_read_read_fu_138 |    0    |    0    |    0    |
|   read   |   oc_base_2_read_read_fu_144   |    0    |    0    |    0    |
|          |   sext_ln261_read_read_fu_150  |    0    |    0    |    0    |
|          |   sext_ln262_read_read_fu_156  |    0    |    0    |    0    |
|----------|--------------------------------|---------|---------|---------|
|   write  |     write_ln0_write_fu_162     |    0    |    0    |    0    |
|          |     write_ln0_write_fu_169     |    0    |    0    |    0    |
|----------|--------------------------------|---------|---------|---------|
|          |     sext_ln261_cast_fu_301     |    0    |    0    |    0    |
|          |     sext_ln262_cast_fu_305     |    0    |    0    |    0    |
|          |       sext_ln1273_fu_662       |    0    |    0    |    0    |
|   sext   |      sext_ln1273_1_fu_679      |    0    |    0    |    0    |
|          |        sext_ln266_fu_715       |    0    |    0    |    0    |
|          |       sext_ln1347_fu_718       |    0    |    0    |    0    |
|          |       sext_ln266_1_fu_763      |    0    |    0    |    0    |
|          |      sext_ln1347_2_fu_766      |    0    |    0    |    0    |
|----------|--------------------------------|---------|---------|---------|
|          |    zext_ln837_14_cast_fu_309   |    0    |    0    |    0    |
|          |         p_cast43_fu_364        |    0    |    0    |    0    |
|          |        zext_ln837_fu_419       |    0    |    0    |    0    |
|          |       zext_ln837_1_fu_441      |    0    |    0    |    0    |
|   zext   |       zext_ln837_2_fu_467      |    0    |    0    |    0    |
|          |      p_cast43_mid1_fu_499      |    0    |    0    |    0    |
|          |       zext_ln837_3_fu_511      |    0    |    0    |    0    |
|          |       zext_ln837_4_fu_521      |    0    |    0    |    0    |
|          |       zext_ln837_5_fu_532      |    0    |    0    |    0    |
|          |       zext_ln1273_fu_658       |    0    |    0    |    0    |
|----------|--------------------------------|---------|---------|---------|
|          |          tmp_s_fu_354          |    0    |    0    |    0    |
|          |          tmp_4_fu_423          |    0    |    0    |    0    |
|          |          p_mid2_fu_489         |    0    |    0    |    0    |
|partselect|          acc0_V_fu_733         |    0    |    0    |    0    |
|          |          acc1_V_fu_781         |    0    |    0    |    0    |
|          |         phitmp5_fu_791         |    0    |    0    |    0    |
|          |         phitmp6_fu_801         |    0    |    0    |    0    |
|----------|--------------------------------|---------|---------|---------|
|          |          empty_fu_372          |    0    |    0    |    0    |
|          |       trunc_ln837_fu_471       |    0    |    0    |    0    |
|   trunc  |         empty_59_fu_507        |    0    |    0    |    0    |
|          |       trunc_ln266_fu_703       |    0    |    0    |    0    |
|          |      trunc_ln266_1_fu_751      |    0    |    0    |    0    |
|----------|--------------------------------|---------|---------|---------|
|          |          tmp_5_fu_433          |    0    |    0    |    0    |
|          |          tmp_6_fu_445          |    0    |    0    |    0    |
|          |          p_shl3_fu_475         |    0    |    0    |    0    |
|          |          tmp_8_fu_644          |    0    |    0    |    0    |
|bitconcatenate|       shl_ln838_6_fu_651       |    0    |    0    |    0    |
|          |       shl_ln838_7_fu_672       |    0    |    0    |    0    |
|          |         lhs_V_3_fu_695         |    0    |    0    |    0    |
|          |      sext_ln1347_s_fu_707      |    0    |    0    |    0    |
|          |         lhs_V_4_fu_743         |    0    |    0    |    0    |
|          |      sext_ln1347_1_fu_755      |    0    |    0    |    0    |
|----------|--------------------------------|---------|---------|---------|
|   Total  |                                |    4    |    0    |   606   |
|----------|--------------------------------|---------|---------|---------|

Memories:
N/A

* Register list:
+---------------------------+--------+
|                           |   FF   |
+---------------------------+--------+
|clf_w_L4_W_V_addr_1_reg_963|   17   |
| clf_w_L4_W_V_addr_reg_958 |   17   |
|clf_w_L4_W_V_load_1_reg_978|    2   |
| clf_w_L4_W_V_load_reg_973 |    2   |
|      empty_59_reg_931     |    1   |
|       empty_reg_888       |    1   |
|         ic_reg_874        |    8   |
|     icmp_ln264_reg_915    |    1   |
|     icmp_ln266_reg_919    |    1   |
|  indvar_flatten87_reg_881 |    9   |
|         k_reg_867         |    2   |
|      lhs_V_2_reg_860      |   48   |
|       lhs_V_reg_853       |   48   |
|    phi_ln818_6_reg_846    |   32   |
|    phi_ln818_7_reg_839    |   32   |
|       r_V_3_reg_989       |   61   |
|        r_V_reg_983        |   61   |
|    select_ln264_reg_926   |    2   |
|       tmp_7_reg_968       |   31   |
|  win23_V_2_addr_1_reg_938 |    6   |
|   win23_V_2_addr_reg_895  |    6   |
|  win23_V_3_addr_1_reg_943 |    6   |
|   win23_V_3_addr_reg_900  |    6   |
|  win23_V_4_addr_1_reg_948 |    6   |
|   win23_V_4_addr_reg_905  |    6   |
|  win23_V_5_addr_1_reg_953 |    6   |
|   win23_V_5_addr_reg_910  |    6   |
+---------------------------+--------+
|           Total           |   424  |
+---------------------------+--------+

* Multiplexer (MUX) list: 
|-------------------|------|------|------|--------||---------||---------|
|        Comp       |  Pin | Size |  BW  | S x BW ||  Delay  ||   LUT   |
|-------------------|------|------|------|--------||---------||---------|
| grp_access_fu_183 |  p0  |   2  |   6  |   12   ||    9    |
| grp_access_fu_183 |  p2  |   2  |   0  |    0   ||    9    |
| grp_access_fu_200 |  p0  |   2  |   6  |   12   ||    9    |
| grp_access_fu_200 |  p2  |   2  |   0  |    0   ||    9    |
| grp_access_fu_217 |  p0  |   2  |   6  |   12   ||    9    |
| grp_access_fu_217 |  p2  |   2  |   0  |    0   ||    9    |
| grp_access_fu_234 |  p0  |   2  |   6  |   12   ||    9    |
| grp_access_fu_234 |  p2  |   2  |   0  |    0   ||    9    |
| grp_access_fu_290 |  p0  |   2  |  17  |   34   ||    9    |
| grp_access_fu_290 |  p2  |   2  |   0  |    0   ||    9    |
|-------------------|------|------|------|--------||---------||---------|
|       Total       |      |      |      |   82   ||  12.98  ||    90   |
|-------------------|------|------|------|--------||---------||---------|



* Summary:
+-----------+--------+--------+--------+--------+
|           |   DSP  |  Delay |   FF   |   LUT  |
+-----------+--------+--------+--------+--------+
|  Function |    4   |    -   |    0   |   606  |
|   Memory  |    -   |    -   |    -   |    -   |
|Multiplexer|    -   |   12   |    -   |   90   |
|  Register |    -   |    -   |   424  |    -   |
+-----------+--------+--------+--------+--------+
|   Total   |    4   |   12   |   424  |   696  |
+-----------+--------+--------+--------+--------+
