==============================================================
Vitis HLS - High-Level Synthesis from C, C++ and OpenCL v2022.2 (64-bit)
Tool Version Limit: 2019.12
Copyright 1986-2022 Xilinx, Inc. All Rights Reserved.
==============================================================
INFO: [SYN 201-201] Setting up clock 'default' with a period of 13ns.
INFO: [HLS 200-1611] Setting target device to 'xc7z030-sbg485-2'
INFO: [HLS 200-1505] Using flow_target 'vivado'
INFO: [HLS 200-1510] Running: set_part xc7z030sbg485-2 
INFO: [HLS 200-1510] Running: create_clock -period 13 -name default 
INFO: [SYN 201-201] Setting up clock 'default' with a period of 13ns.
INFO: [HLS 200-1510] Running: source ./ecg_classifier_ip/solution1/directives.tcl
INFO: [HLS 200-1510] Running: csim_design -clean -quiet 
INFO: [SIM 211-2] *************** CSIM start ***************
INFO: [SIM 211-4] CSIM will launch GCC as the compiler.
INFO: [SIM 211-1] CSim done with 0 errors.
INFO: [SIM 211-3] *************** CSIM finish ***************
INFO: [HLS 200-111] Finished Command csim_design CPU user time: 0 seconds. CPU system time: 0 seconds. Elapsed time: 85.682 seconds; current allocated memory: 0.359 MB.
INFO: [HLS 200-112] Total CPU user time: 2 seconds. Total CPU system time: 1 seconds. Total elapsed time: 98.449 seconds; peak allocated memory: 111.008 MB.
==============================================================
Vitis HLS - High-Level Synthesis from C, C++ and OpenCL v2022.2 (64-bit)
Tool Version Limit: 2019.12
Copyright 1986-2022 Xilinx, Inc. All Rights Reserved.
==============================================================
INFO: [SYN 201-201] Setting up clock 'default' with a period of 13ns.
INFO: [HLS 200-1611] Setting target device to 'xc7z030-sbg485-2'
INFO: [HLS 200-1505] Using flow_target 'vivado'
INFO: [HLS 200-1510] Running: set_part xc7z030sbg485-2 
INFO: [HLS 200-1510] Running: create_clock -period 13 -name default 
INFO: [HLS 200-1510] Running: source ./ecg_classifier_ip/solution1/directives.tcl
INFO: [HLS 200-1510] Running: csynth_design 
INFO: [HLS 200-111] Finished File checks and directory preparation: CPU user time: 0 seconds. CPU system time: 0 seconds. Elapsed time: 10.093 seconds; current allocated memory: 105.281 MB.
INFO: [HLS 200-10] Analyzing design file 'src/weights_clf_L6_b.cpp' ... 
INFO: [HLS 200-10] Analyzing design file 'src/weights_clf_L6_W.cpp' ... 
INFO: [HLS 200-10] Analyzing design file 'src/weights_clf_L5_b.cpp' ... 
INFO: [HLS 200-10] Analyzing design file 'src/weights_clf_L5_W.cpp' ... 
INFO: [HLS 200-10] Analyzing design file 'src/weights_clf_L4_b.cpp' ... 
INFO: [HLS 200-10] Analyzing design file 'src/weights_clf_L4_W.cpp' ... 
INFO: [HLS 200-10] Analyzing design file 'src/weights_clf_L3_b.cpp' ... 
INFO: [HLS 200-10] Analyzing design file 'src/weights_clf_L3_W.cpp' ... 
INFO: [HLS 200-10] Analyzing design file 'src/weights_clf_L2_b.cpp' ... 
INFO: [HLS 200-10] Analyzing design file 'src/weights_clf_L2_W.cpp' ... 
INFO: [HLS 200-10] Analyzing design file 'src/weights_clf_L1_b.cpp' ... 
INFO: [HLS 200-10] Analyzing design file 'src/weights_clf_L1_W.cpp' ... 
INFO: [HLS 200-10] Analyzing design file 'src/weights_clf_L0_b.cpp' ... 
INFO: [HLS 200-10] Analyzing design file 'src/weights_clf_L0_W.cpp' ... 
INFO: [HLS 200-10] Analyzing design file 'src/ecg_classifier.cpp' ... 
INFO: [HLS 200-111] Finished Source Code Analysis and Preprocessing: CPU user time: 3 seconds. CPU system time: 1 seconds. Elapsed time: 206.221 seconds; current allocated memory: 113.426 MB.
INFO: [HLS 200-777] Using interface defaults for 'Vivado' flow target.
INFO: [HLS 214-131] Inlining function 'ssdm_int<64, true>::ssdm_int(long)' into 'ap_int_base<64, true>::ap_int_base(long)' (C:/Xilinx/Vitis_HLS/2022.2/common/technology/autopilot\ap_int_base.h:216:68)
INFO: [HLS 214-131] Inlining function '_ZN8ssdm_intILi65ELb1EEC2EDq65_i' into 'ap_int_base<65, true>::ap_int_base<11, false>(ap_int_base<11, false> const&)' (C:/Xilinx/Vitis_HLS/2022.2/common/technology/autopilot\ap_int_base.h:185:106)
INFO: [HLS 214-131] Inlining function '_ZN8ssdm_intILi65ELb1EEC2EDq65_i' into 'ap_int_base<65, true>::ap_int_base<64, true>(ap_int_base<64, true> const&)' (C:/Xilinx/Vitis_HLS/2022.2/common/technology/autopilot\ap_int_base.h:185:106)
INFO: [HLS 214-131] Inlining function '_ZN8ssdm_intILi65ELb1EEC2EDq65_i' into 'ap_int_base<65, true>::ap_int_base(int)' (C:/Xilinx/Vitis_HLS/2022.2/common/technology/autopilot\ap_int_base.h:214:67)
INFO: [HLS 214-131] Inlining function 'ap_int_base<65, true>::ap_int_base<11, false>(ap_int_base<11, false> const&)' into 'ap_int_base<11, false>::RType<64, true>::minus operator-<11, false, 64, true>(ap_int_base<11, false> const&, ap_int_base<64, true> const&)' (C:/Xilinx/Vitis_HLS/2022.2/common/technology/autopilot\ap_int_base.h:1496:341)
INFO: [HLS 214-131] Inlining function 'ap_int_base<65, true>::ap_int_base(int)' into 'ap_int_base<11, false>::RType<64, true>::minus operator-<11, false, 64, true>(ap_int_base<11, false> const&, ap_int_base<64, true> const&)' (C:/Xilinx/Vitis_HLS/2022.2/common/technology/autopilot\ap_int_base.h:1496:520)
INFO: [HLS 214-131] Inlining function 'ap_int_base<65, true>::ap_int_base<64, true>(ap_int_base<64, true> const&)' into 'ap_int_base<11, false>::RType<64, true>::minus operator-<11, false, 64, true>(ap_int_base<11, false> const&, ap_int_base<64, true> const&)' (C:/Xilinx/Vitis_HLS/2022.2/common/technology/autopilot\ap_int_base.h:1496:430)
INFO: [HLS 214-131] Inlining function 'ap_int_base<64, true>::ap_int_base(long)' into 'ap_int_base<11, false>::RType<($_0)64, true>::minus operator-<11, false>(ap_int_base<11, false> const&, long)' (C:/Xilinx/Vitis_HLS/2022.2/common/technology/autopilot\ap_int_base.h:1635:1548)
INFO: [HLS 214-131] Inlining function 'ap_int_base<11, false>::RType<64, true>::minus operator-<11, false, 64, true>(ap_int_base<11, false> const&, ap_int_base<64, true> const&)' into 'ap_int_base<11, false>::RType<($_0)64, true>::minus operator-<11, false>(ap_int_base<11, false> const&, long)' (C:/Xilinx/Vitis_HLS/2022.2/common/technology/autopilot\ap_int_base.h:1635:1546)
INFO: [HLS 214-131] Inlining function '_ZN8ssdm_intILi1ELb0EEC2EDq1_j' into 'ap_int_base<1, false>::ap_int_base(int)' (C:/Xilinx/Vitis_HLS/2022.2/common/technology/autopilot\ap_int_base.h:214:67)
INFO: [HLS 214-131] Inlining function '_ZN8ssdm_intILi55ELb1EEC2EDq55_i' into 'ap_int_base<55, true>::ap_int_base<1, false>(ap_int_base<1, false> const&)' (C:/Xilinx/Vitis_HLS/2022.2/common/technology/autopilot\ap_int_base.h:185:106)
INFO: [HLS 214-131] Inlining function '_ZN8ssdm_intILi55ELb1EEC2EDq55_i' into 'ap_int_base<55, true>::ap_int_base<54, true>(ap_int_base<54, true> const&)' (C:/Xilinx/Vitis_HLS/2022.2/common/technology/autopilot\ap_int_base.h:185:106)
INFO: [HLS 214-131] Inlining function '_ZN8ssdm_intILi55ELb1EEC2EDq55_i' into 'ap_int_base<55, true>::ap_int_base(int)' (C:/Xilinx/Vitis_HLS/2022.2/common/technology/autopilot\ap_int_base.h:214:67)
INFO: [HLS 214-131] Inlining function 'ap_int_base<55, true>::ap_int_base<1, false>(ap_int_base<1, false> const&)' into 'ap_int_base<1, false>::RType<54, true>::minus operator-<1, false, 54, true>(ap_int_base<1, false> const&, ap_int_base<54, true> const&)' (C:/Xilinx/Vitis_HLS/2022.2/common/technology/autopilot\ap_int_base.h:1496:341)
INFO: [HLS 214-131] Inlining function 'ap_int_base<55, true>::ap_int_base(int)' into 'ap_int_base<1, false>::RType<54, true>::minus operator-<1, false, 54, true>(ap_int_base<1, false> const&, ap_int_base<54, true> const&)' (C:/Xilinx/Vitis_HLS/2022.2/common/technology/autopilot\ap_int_base.h:1496:520)
INFO: [HLS 214-131] Inlining function 'ap_int_base<55, true>::ap_int_base<54, true>(ap_int_base<54, true> const&)' into 'ap_int_base<1, false>::RType<54, true>::minus operator-<1, false, 54, true>(ap_int_base<1, false> const&, ap_int_base<54, true> const&)' (C:/Xilinx/Vitis_HLS/2022.2/common/technology/autopilot\ap_int_base.h:1496:430)
INFO: [HLS 214-131] Inlining function 'ap_int_base<1, false>::ap_int_base(int)' into 'ap_int_base<54, true>::operator-() const' (C:/Xilinx/Vitis_HLS/2022.2/common/technology/autopilot\ap_int_base.h:895:12)
INFO: [HLS 214-131] Inlining function 'ap_int_base<1, false>::RType<54, true>::minus operator-<1, false, 54, true>(ap_int_base<1, false> const&, ap_int_base<54, true> const&)' into 'ap_int_base<54, true>::operator-() const' (C:/Xilinx/Vitis_HLS/2022.2/common/technology/autopilot\ap_int_base.h:895:37)
INFO: [HLS 214-131] Inlining function 'doubleToRawBits(double)' into 'ap_fixed_base<8, 4, true, (ap_q_mode)5, (ap_o_mode)3, 0>::ap_fixed_base(double)' (C:/Xilinx/Vitis_HLS/2022.2/common/technology/autopilot\ap_fixed_base.h:545:14)
INFO: [HLS 214-131] Inlining function 'ap_int_base<54, true>& ap_int_base<54, true>::operator=<55, true>(ap_int_base<55, true> const&)' into 'ap_fixed_base<8, 4, true, (ap_q_mode)5, (ap_o_mode)3, 0>::ap_fixed_base(double)' (C:/Xilinx/Vitis_HLS/2022.2/common/technology/autopilot\ap_fixed_base.h:559:20)
INFO: [HLS 214-131] Inlining function 'ap_int_base<54, true>::operator-() const' into 'ap_fixed_base<8, 4, true, (ap_q_mode)5, (ap_o_mode)3, 0>::ap_fixed_base(double)' (C:/Xilinx/Vitis_HLS/2022.2/common/technology/autopilot\ap_fixed_base.h:559:22)
INFO: [HLS 214-131] Inlining function 'ap_int_base<12, true>& ap_int_base<12, true>::operator=<65, true>(ap_int_base<65, true> const&)' into 'ap_fixed_base<8, 4, true, (ap_q_mode)5, (ap_o_mode)3, 0>::ap_fixed_base(double)' (C:/Xilinx/Vitis_HLS/2022.2/common/technology/autopilot\ap_fixed_base.h:552:9)
INFO: [HLS 214-131] Inlining function 'ap_int_base<11, false>::RType<($_0)64, true>::minus operator-<11, false>(ap_int_base<11, false> const&, long)' into 'ap_fixed_base<8, 4, true, (ap_q_mode)5, (ap_o_mode)3, 0>::ap_fixed_base(double)' (C:/Xilinx/Vitis_HLS/2022.2/common/technology/autopilot\ap_fixed_base.h:552:19)
INFO: [HLS 214-131] Inlining function 'ap_fixed_base<8, 4, true, (ap_q_mode)5, (ap_o_mode)3, 0>::ap_fixed_base(float)' into 'ap_fixed<8, 4, (ap_q_mode)5, (ap_o_mode)3, 0>::ap_fixed(float)'
INFO: [HLS 214-131] Inlining function 'hls::axis<ap_uint<32>, 1ul, 1ul, 1ul>::get_user_ptr()' into 'hls::stream<hls::axis<ap_uint<32>, 1ul, 1ul, 1ul>, 0>::read()' (C:/Xilinx/Vitis_HLS/2022.2/common/technology/autopilot\ap_axi_sdata.h:247:50)
INFO: [HLS 214-131] Inlining function 'hls::axis<ap_uint<32>, 1ul, 1ul, 1ul>::get_dest_ptr()' into 'hls::stream<hls::axis<ap_uint<32>, 1ul, 1ul, 1ul>, 0>::read()' (C:/Xilinx/Vitis_HLS/2022.2/common/technology/autopilot\ap_axi_sdata.h:250:25)
INFO: [HLS 214-131] Inlining function 'hls::axis<ap_uint<32>, 1ul, 1ul, 1ul>::get_id_ptr()' into 'hls::stream<hls::axis<ap_uint<32>, 1ul, 1ul, 1ul>, 0>::read()' (C:/Xilinx/Vitis_HLS/2022.2/common/technology/autopilot\ap_axi_sdata.h:249:67)
INFO: [HLS 214-131] Inlining function 'hls::axis<ap_uint<32>, 1ul, 1ul, 1ul>::get_user_ptr()' into 'hls::stream<hls::axis<ap_uint<32>, 1ul, 1ul, 1ul>, 0>::read()' (C:/Xilinx/Vitis_HLS/2022.2/common/technology/autopilot\ap_axi_sdata.h:249:36)
INFO: [HLS 214-131] Inlining function 'hls::axis<ap_uint<32>, 1ul, 1ul, 1ul>::get_dest_ptr()' into 'hls::stream<hls::axis<ap_uint<32>, 1ul, 1ul, 1ul>, 0>::read()' (C:/Xilinx/Vitis_HLS/2022.2/common/technology/autopilot\ap_axi_sdata.h:248:39)
INFO: [HLS 214-131] Inlining function 'hls::axis<ap_uint<32>, 1ul, 1ul, 1ul>::get_id_ptr()' into 'hls::stream<hls::axis<ap_uint<32>, 1ul, 1ul, 1ul>, 0>::read()' (C:/Xilinx/Vitis_HLS/2022.2/common/technology/autopilot\ap_axi_sdata.h:248:23)
INFO: [HLS 214-131] Inlining function 'ap_range_ref<32, false>::ap_range_ref(ap_int_base<32, false>*, int, int)' into 'ap_int_base<32, false>::range(int, int)' (C:/Xilinx/Vitis_HLS/2022.2/common/technology/autopilot\ap_int_base.h:1048:12)
INFO: [HLS 214-131] Inlining function 'af_range_ref<32, 16, true, (ap_q_mode)5, (ap_o_mode)3, 0>::af_range_ref(ap_fixed_base<32, 16, true, (ap_q_mode)5, (ap_o_mode)3, 0>*, int, int)' into 'ap_fixed_base<32, 16, true, (ap_q_mode)5, (ap_o_mode)3, 0>::range(int, int)' (C:/Xilinx/Vitis_HLS/2022.2/common/technology/autopilot\ap_fixed_base.h:1746:12)
INFO: [HLS 214-131] Inlining function 'ap_range_ref<32, false>::get() const' into 'ap_int_base<32, false>::ap_int_base<32, false>(ap_range_ref<32, false> const&)' (C:/Xilinx/Vitis_HLS/2022.2/common/technology/autopilot\ap_int_base.h:358:20)
INFO: [HLS 214-131] Inlining function 'ap_int_base<32, false>::ap_int_base<32, false>(ap_range_ref<32, false> const&)' into 'af_range_ref<32, 16, true, (ap_q_mode)5, (ap_o_mode)3, 0>& af_range_ref<32, 16, true, (ap_q_mode)5, (ap_o_mode)3, 0>::operator=<32, false>(ap_range_ref<32, false> const&)' (C:/Xilinx/Vitis_HLS/2022.2/common/technology/autopilot\ap_fixed_ref.h:301:38)
INFO: [HLS 214-131] Inlining function 'af_range_ref<32, 16, true, (ap_q_mode)5, (ap_o_mode)3, 0>& af_range_ref<32, 16, true, (ap_q_mode)5, (ap_o_mode)3, 0>::operator=<32, false>(ap_int_base<32, false> const&)' into 'af_range_ref<32, 16, true, (ap_q_mode)5, (ap_o_mode)3, 0>& af_range_ref<32, 16, true, (ap_q_mode)5, (ap_o_mode)3, 0>::operator=<32, false>(ap_range_ref<32, false> const&)' (C:/Xilinx/Vitis_HLS/2022.2/common/technology/autopilot\ap_fixed_ref.h:302:12)
INFO: [HLS 214-131] Inlining function 'ap_fixed_base<32, 32, true, (ap_q_mode)5, (ap_o_mode)3, 0>::operator!() const' into 'ap_fixed_base<48, 24, true, (ap_q_mode)5, (ap_o_mode)3, 0>& ap_fixed_base<48, 24, true, (ap_q_mode)5, (ap_o_mode)3, 0>::operator=<32, 32, true, (ap_q_mode)5, (ap_o_mode)3, 0>(ap_fixed_base<32, 32, true, (ap_q_mode)5, (ap_o_mode)3, 0> const&)' (C:/Xilinx/Vitis_HLS/2022.2/common/technology/autopilot\ap_fixed_base.h:808:9)
INFO: [HLS 214-131] Inlining function 'ap_fixed_base<48, 24, true, (ap_q_mode)5, (ap_o_mode)3, 0>& ap_fixed_base<48, 24, true, (ap_q_mode)5, (ap_o_mode)3, 0>::operator=<32, 32, true, (ap_q_mode)5, (ap_o_mode)3, 0>(ap_fixed_base<32, 32, true, (ap_q_mode)5, (ap_o_mode)3, 0> const&)' into 'ap_fixed_base<48, 24, true, (ap_q_mode)5, (ap_o_mode)3, 0>::ap_fixed_base(int)' (C:/Xilinx/Vitis_HLS/2022.2/common/technology/autopilot\ap_fixed_base.h:530:146)
INFO: [HLS 214-131] Inlining function 'ap_fixed_base<48, 24, true, (ap_q_mode)5, (ap_o_mode)3, 0>::ap_fixed_base(int)' into 'ap_fixed<48, 24, (ap_q_mode)5, (ap_o_mode)3, 0>::ap_fixed(int)'
INFO: [HLS 214-131] Inlining function 'ap_fixed_base<32, 16, true, (ap_q_mode)5, (ap_o_mode)3, 0>::operator!() const' into 'ap_fixed_base<48, 24, true, (ap_q_mode)5, (ap_o_mode)3, 0>& ap_fixed_base<48, 24, true, (ap_q_mode)5, (ap_o_mode)3, 0>::operator=<32, 16, true, (ap_q_mode)5, (ap_o_mode)3, 0>(ap_fixed_base<32, 16, true, (ap_q_mode)5, (ap_o_mode)3, 0> const&)' (C:/Xilinx/Vitis_HLS/2022.2/common/technology/autopilot\ap_fixed_base.h:808:9)
INFO: [HLS 214-131] Inlining function '_ZN8ssdm_intILi48ELb1EEC2EDq48_i' into 'ap_fixed_base<48, 24, true, (ap_q_mode)5, (ap_o_mode)3, 0>::ap_fixed_base<32, 16, true, (ap_q_mode)5, (ap_o_mode)3, 0>(ap_fixed_base<32, 16, true, (ap_q_mode)5, (ap_o_mode)3, 0> const&)' (C:/Xilinx/Vitis_HLS/2022.2/common/technology/autopilot\ap_fixed_base.h:401:80)
INFO: [HLS 214-131] Inlining function 'ap_fixed_base<48, 24, true, (ap_q_mode)5, (ap_o_mode)3, 0>& ap_fixed_base<48, 24, true, (ap_q_mode)5, (ap_o_mode)3, 0>::operator=<32, 16, true, (ap_q_mode)5, (ap_o_mode)3, 0>(ap_fixed_base<32, 16, true, (ap_q_mode)5, (ap_o_mode)3, 0> const&)' into 'ap_fixed_base<48, 24, true, (ap_q_mode)5, (ap_o_mode)3, 0>::ap_fixed_base<32, 16, true, (ap_q_mode)5, (ap_o_mode)3, 0>(ap_fixed_base<32, 16, true, (ap_q_mode)5, (ap_o_mode)3, 0> const&)' (C:/Xilinx/Vitis_HLS/2022.2/common/technology/autopilot\ap_fixed_base.h:403:5)
INFO: [HLS 214-131] Inlining function 'ap_fixed_base<48, 24, true, (ap_q_mode)5, (ap_o_mode)3, 0>::ap_fixed_base<32, 16, true, (ap_q_mode)5, (ap_o_mode)3, 0>(ap_fixed_base<32, 16, true, (ap_q_mode)5, (ap_o_mode)3, 0> const&)' into 'ap_fixed<48, 24, (ap_q_mode)5, (ap_o_mode)3, 0>::ap_fixed<32, 16, true, (ap_q_mode)5, (ap_o_mode)3, 0>(ap_fixed_base<32, 16, true, (ap_q_mode)5, (ap_o_mode)3, 0> const&)'
INFO: [HLS 214-131] Inlining function 'ap_fixed_base<32, 32, true, (ap_q_mode)5, (ap_o_mode)3, 0>::operator!() const' into 'ap_fixed_base<49, 25, true, (ap_q_mode)5, (ap_o_mode)3, 0>& ap_fixed_base<49, 25, true, (ap_q_mode)5, (ap_o_mode)3, 0>::operator=<32, 32, true, (ap_q_mode)5, (ap_o_mode)3, 0>(ap_fixed_base<32, 32, true, (ap_q_mode)5, (ap_o_mode)3, 0> const&)' (C:/Xilinx/Vitis_HLS/2022.2/common/technology/autopilot\ap_fixed_base.h:808:9)
INFO: [HLS 214-131] Inlining function 'ap_fixed_base<49, 25, true, (ap_q_mode)5, (ap_o_mode)3, 0>& ap_fixed_base<49, 25, true, (ap_q_mode)5, (ap_o_mode)3, 0>::operator=<32, 32, true, (ap_q_mode)5, (ap_o_mode)3, 0>(ap_fixed_base<32, 32, true, (ap_q_mode)5, (ap_o_mode)3, 0> const&)' into 'ap_fixed_base<49, 25, true, (ap_q_mode)5, (ap_o_mode)3, 0>::ap_fixed_base(int)' (C:/Xilinx/Vitis_HLS/2022.2/common/technology/autopilot\ap_fixed_base.h:530:146)
INFO: [HLS 214-131] Inlining function 'ap_fixed_base<48, 24, true, (ap_q_mode)5, (ap_o_mode)3, 0>::operator!() const' into 'ap_fixed_base<49, 25, true, (ap_q_mode)5, (ap_o_mode)3, 0>& ap_fixed_base<49, 25, true, (ap_q_mode)5, (ap_o_mode)3, 0>::operator=<48, 24, true, (ap_q_mode)5, (ap_o_mode)3, 0>(ap_fixed_base<48, 24, true, (ap_q_mode)5, (ap_o_mode)3, 0> const&)' (C:/Xilinx/Vitis_HLS/2022.2/common/technology/autopilot\ap_fixed_base.h:808:9)
INFO: [HLS 214-131] Inlining function '_ZN8ssdm_intILi49ELb1EEC2EDq49_i' into 'ap_fixed_base<49, 25, true, (ap_q_mode)5, (ap_o_mode)3, 0>::ap_fixed_base<48, 24, true, (ap_q_mode)5, (ap_o_mode)3, 0>(ap_fixed_base<48, 24, true, (ap_q_mode)5, (ap_o_mode)3, 0> const&)' (C:/Xilinx/Vitis_HLS/2022.2/common/technology/autopilot\ap_fixed_base.h:401:80)
INFO: [HLS 214-131] Inlining function 'ap_fixed_base<49, 25, true, (ap_q_mode)5, (ap_o_mode)3, 0>& ap_fixed_base<49, 25, true, (ap_q_mode)5, (ap_o_mode)3, 0>::operator=<48, 24, true, (ap_q_mode)5, (ap_o_mode)3, 0>(ap_fixed_base<48, 24, true, (ap_q_mode)5, (ap_o_mode)3, 0> const&)' into 'ap_fixed_base<49, 25, true, (ap_q_mode)5, (ap_o_mode)3, 0>::ap_fixed_base<48, 24, true, (ap_q_mode)5, (ap_o_mode)3, 0>(ap_fixed_base<48, 24, true, (ap_q_mode)5, (ap_o_mode)3, 0> const&)' (C:/Xilinx/Vitis_HLS/2022.2/common/technology/autopilot\ap_fixed_base.h:403:5)
INFO: [HLS 214-131] Inlining function 'ap_fixed_base<49, 25, true, (ap_q_mode)5, (ap_o_mode)3, 0>::ap_fixed_base(int)' into 'ap_fixed_base<48, 24, true, (ap_q_mode)5, (ap_o_mode)3, 0>::RType<48, 24, true>::plus ap_fixed_base<48, 24, true, (ap_q_mode)5, (ap_o_mode)3, 0>::operator+<48, 24, true, (ap_q_mode)5, (ap_o_mode)3, 0>(ap_fixed_base<48, 24, true, (ap_q_mode)5, (ap_o_mode)3, 0> const&) const' (C:/Xilinx/Vitis_HLS/2022.2/common/technology/autopilot\ap_fixed_base.h:1347:325)
INFO: [HLS 214-131] Inlining function 'ap_fixed_base<49, 25, true, (ap_q_mode)5, (ap_o_mode)3, 0>::ap_fixed_base<48, 24, true, (ap_q_mode)5, (ap_o_mode)3, 0>(ap_fixed_base<48, 24, true, (ap_q_mode)5, (ap_o_mode)3, 0> const&)' into 'ap_fixed_base<48, 24, true, (ap_q_mode)5, (ap_o_mode)3, 0>::RType<48, 24, true>::plus ap_fixed_base<48, 24, true, (ap_q_mode)5, (ap_o_mode)3, 0>::operator+<48, 24, true, (ap_q_mode)5, (ap_o_mode)3, 0>(ap_fixed_base<48, 24, true, (ap_q_mode)5, (ap_o_mode)3, 0> const&) const' (C:/Xilinx/Vitis_HLS/2022.2/common/technology/autopilot\ap_fixed_base.h:1347:345)
INFO: [HLS 214-131] Inlining function 'ap_fixed_base<49, 25, true, (ap_q_mode)5, (ap_o_mode)3, 0>::ap_fixed_base<48, 24, true, (ap_q_mode)5, (ap_o_mode)3, 0>(ap_fixed_base<48, 24, true, (ap_q_mode)5, (ap_o_mode)3, 0> const&)' into 'ap_fixed_base<48, 24, true, (ap_q_mode)5, (ap_o_mode)3, 0>::RType<48, 24, true>::plus ap_fixed_base<48, 24, true, (ap_q_mode)5, (ap_o_mode)3, 0>::operator+<48, 24, true, (ap_q_mode)5, (ap_o_mode)3, 0>(ap_fixed_base<48, 24, true, (ap_q_mode)5, (ap_o_mode)3, 0> const&) const' (C:/Xilinx/Vitis_HLS/2022.2/common/technology/autopilot\ap_fixed_base.h:1347:333)
INFO: [HLS 214-131] Inlining function 'ap_fixed_base<49, 25, true, (ap_q_mode)5, (ap_o_mode)3, 0>::operator!() const' into 'ap_fixed_base<48, 24, true, (ap_q_mode)5, (ap_o_mode)3, 0>& ap_fixed_base<48, 24, true, (ap_q_mode)5, (ap_o_mode)3, 0>::operator=<49, 25, true, (ap_q_mode)5, (ap_o_mode)3, 0>(ap_fixed_base<49, 25, true, (ap_q_mode)5, (ap_o_mode)3, 0> const&)' (C:/Xilinx/Vitis_HLS/2022.2/common/technology/autopilot\ap_fixed_base.h:808:9)
INFO: [HLS 214-131] Inlining function 'ap_fixed_base<48, 24, true, (ap_q_mode)5, (ap_o_mode)3, 0>::RType<48, 24, true>::plus ap_fixed_base<48, 24, true, (ap_q_mode)5, (ap_o_mode)3, 0>::operator+<48, 24, true, (ap_q_mode)5, (ap_o_mode)3, 0>(ap_fixed_base<48, 24, true, (ap_q_mode)5, (ap_o_mode)3, 0> const&) const' into 'ap_fixed_base<48, 24, true, (ap_q_mode)5, (ap_o_mode)3, 0>& ap_fixed_base<48, 24, true, (ap_q_mode)5, (ap_o_mode)3, 0>::operator+=<48, 24, true, (ap_q_mode)5, (ap_o_mode)3, 0>(ap_fixed_base<48, 24, true, (ap_q_mode)5, (ap_o_mode)3, 0> const&)' (C:/Xilinx/Vitis_HLS/2022.2/common/technology/autopilot\ap_fixed_base.h:1367:248)
INFO: [HLS 214-131] Inlining function 'ap_fixed_base<48, 24, true, (ap_q_mode)5, (ap_o_mode)3, 0>& ap_fixed_base<48, 24, true, (ap_q_mode)5, (ap_o_mode)3, 0>::operator=<49, 25, true, (ap_q_mode)5, (ap_o_mode)3, 0>(ap_fixed_base<49, 25, true, (ap_q_mode)5, (ap_o_mode)3, 0> const&)' into 'ap_fixed_base<48, 24, true, (ap_q_mode)5, (ap_o_mode)3, 0>& ap_fixed_base<48, 24, true, (ap_q_mode)5, (ap_o_mode)3, 0>::operator+=<48, 24, true, (ap_q_mode)5, (ap_o_mode)3, 0>(ap_fixed_base<48, 24, true, (ap_q_mode)5, (ap_o_mode)3, 0> const&)' (C:/Xilinx/Vitis_HLS/2022.2/common/technology/autopilot\ap_fixed_base.h:1367:246)
INFO: [HLS 214-131] Inlining function 'doubleToRawBits(double)' into 'ap_fixed_base<32, 16, true, (ap_q_mode)5, (ap_o_mode)3, 0>::ap_fixed_base(double)' (C:/Xilinx/Vitis_HLS/2022.2/common/technology/autopilot\ap_fixed_base.h:545:14)
INFO: [HLS 214-131] Inlining function 'ap_int_base<54, true>& ap_int_base<54, true>::operator=<55, true>(ap_int_base<55, true> const&)' into 'ap_fixed_base<32, 16, true, (ap_q_mode)5, (ap_o_mode)3, 0>::ap_fixed_base(double)' (C:/Xilinx/Vitis_HLS/2022.2/common/technology/autopilot\ap_fixed_base.h:559:20)
INFO: [HLS 214-131] Inlining function 'ap_int_base<54, true>::operator-() const' into 'ap_fixed_base<32, 16, true, (ap_q_mode)5, (ap_o_mode)3, 0>::ap_fixed_base(double)' (C:/Xilinx/Vitis_HLS/2022.2/common/technology/autopilot\ap_fixed_base.h:559:22)
INFO: [HLS 214-131] Inlining function 'ap_int_base<12, true>& ap_int_base<12, true>::operator=<65, true>(ap_int_base<65, true> const&)' into 'ap_fixed_base<32, 16, true, (ap_q_mode)5, (ap_o_mode)3, 0>::ap_fixed_base(double)' (C:/Xilinx/Vitis_HLS/2022.2/common/technology/autopilot\ap_fixed_base.h:552:9)
INFO: [HLS 214-131] Inlining function 'ap_int_base<11, false>::RType<($_0)64, true>::minus operator-<11, false>(ap_int_base<11, false> const&, long)' into 'ap_fixed_base<32, 16, true, (ap_q_mode)5, (ap_o_mode)3, 0>::ap_fixed_base(double)' (C:/Xilinx/Vitis_HLS/2022.2/common/technology/autopilot\ap_fixed_base.h:552:19)
INFO: [HLS 214-131] Inlining function 'ap_fixed_base<32, 16, true, (ap_q_mode)5, (ap_o_mode)3, 0>::ap_fixed_base(float)' into 'ap_fixed<32, 16, (ap_q_mode)5, (ap_o_mode)3, 0>::ap_fixed(float)'
INFO: [HLS 214-131] Inlining function 'ap_fixed_base<32, 32, true, (ap_q_mode)5, (ap_o_mode)3, 0>::operator!() const' into 'ap_fixed_base<80, 40, true, (ap_q_mode)5, (ap_o_mode)3, 0>& ap_fixed_base<80, 40, true, (ap_q_mode)5, (ap_o_mode)3, 0>::operator=<32, 32, true, (ap_q_mode)5, (ap_o_mode)3, 0>(ap_fixed_base<32, 32, true, (ap_q_mode)5, (ap_o_mode)3, 0> const&)' (C:/Xilinx/Vitis_HLS/2022.2/common/technology/autopilot\ap_fixed_base.h:808:9)
INFO: [HLS 214-131] Inlining function 'ap_fixed_base<80, 40, true, (ap_q_mode)5, (ap_o_mode)3, 0>& ap_fixed_base<80, 40, true, (ap_q_mode)5, (ap_o_mode)3, 0>::operator=<32, 32, true, (ap_q_mode)5, (ap_o_mode)3, 0>(ap_fixed_base<32, 32, true, (ap_q_mode)5, (ap_o_mode)3, 0> const&)' into 'ap_fixed_base<80, 40, true, (ap_q_mode)5, (ap_o_mode)3, 0>::ap_fixed_base(int)' (C:/Xilinx/Vitis_HLS/2022.2/common/technology/autopilot\ap_fixed_base.h:530:146)
INFO: [HLS 214-131] Inlining function 'ap_fixed_base<80, 40, true, (ap_q_mode)5, (ap_o_mode)3, 0>::ap_fixed_base(int)' into 'ap_fixed_base<48, 24, true, (ap_q_mode)5, (ap_o_mode)3, 0>::RType<32, 16, true>::mult ap_fixed_base<48, 24, true, (ap_q_mode)5, (ap_o_mode)3, 0>::operator*<32, 16, true, (ap_q_mode)5, (ap_o_mode)3, 0>(ap_fixed_base<32, 16, true, (ap_q_mode)5, (ap_o_mode)3, 0> const&) const' (C:/Xilinx/Vitis_HLS/2022.2/common/technology/autopilot\ap_fixed_base.h:1270:55)
INFO: [HLS 214-131] Inlining function 'ap_fixed_base<80, 40, true, (ap_q_mode)5, (ap_o_mode)3, 0>::ap_fixed_base(int)' into 'ap_fixed_base<48, 24, true, (ap_q_mode)5, (ap_o_mode)3, 0>::RType<32, 16, true>::mult ap_fixed_base<48, 24, true, (ap_q_mode)5, (ap_o_mode)3, 0>::operator*<32, 16, true, (ap_q_mode)5, (ap_o_mode)3, 0>(ap_fixed_base<32, 16, true, (ap_q_mode)5, (ap_o_mode)3, 0> const&) const' (C:/Xilinx/Vitis_HLS/2022.2/common/technology/autopilot\ap_fixed_base.h:1270:61)
INFO: [HLS 214-131] Inlining function 'ap_fixed_base<80, 40, true, (ap_q_mode)5, (ap_o_mode)3, 0>::operator!() const' into 'ap_fixed_base<32, 16, true, (ap_q_mode)5, (ap_o_mode)3, 0>& ap_fixed_base<32, 16, true, (ap_q_mode)5, (ap_o_mode)3, 0>::operator=<80, 40, true, (ap_q_mode)5, (ap_o_mode)3, 0>(ap_fixed_base<80, 40, true, (ap_q_mode)5, (ap_o_mode)3, 0> const&)' (C:/Xilinx/Vitis_HLS/2022.2/common/technology/autopilot\ap_fixed_base.h:808:9)
INFO: [HLS 214-131] Inlining function 'ssdm_int<32, true>::ssdm_int(int)' into 'ap_fixed_base<32, 16, true, (ap_q_mode)5, (ap_o_mode)3, 0>::ap_fixed_base<80, 40, true, (ap_q_mode)5, (ap_o_mode)3, 0>(ap_fixed_base<80, 40, true, (ap_q_mode)5, (ap_o_mode)3, 0> const&)' (C:/Xilinx/Vitis_HLS/2022.2/common/technology/autopilot\ap_fixed_base.h:401:80)
INFO: [HLS 214-131] Inlining function 'ap_fixed_base<32, 16, true, (ap_q_mode)5, (ap_o_mode)3, 0>& ap_fixed_base<32, 16, true, (ap_q_mode)5, (ap_o_mode)3, 0>::operator=<80, 40, true, (ap_q_mode)5, (ap_o_mode)3, 0>(ap_fixed_base<80, 40, true, (ap_q_mode)5, (ap_o_mode)3, 0> const&)' into 'ap_fixed_base<32, 16, true, (ap_q_mode)5, (ap_o_mode)3, 0>::ap_fixed_base<80, 40, true, (ap_q_mode)5, (ap_o_mode)3, 0>(ap_fixed_base<80, 40, true, (ap_q_mode)5, (ap_o_mode)3, 0> const&)' (C:/Xilinx/Vitis_HLS/2022.2/common/technology/autopilot\ap_fixed_base.h:403:5)
INFO: [HLS 214-131] Inlining function 'ap_fixed_base<32, 16, true, (ap_q_mode)5, (ap_o_mode)3, 0>::ap_fixed_base<80, 40, true, (ap_q_mode)5, (ap_o_mode)3, 0>(ap_fixed_base<80, 40, true, (ap_q_mode)5, (ap_o_mode)3, 0> const&)' into 'ap_fixed<32, 16, (ap_q_mode)5, (ap_o_mode)3, 0>::ap_fixed<80, 40, true, (ap_q_mode)5, (ap_o_mode)3, 0>(ap_fixed_base<80, 40, true, (ap_q_mode)5, (ap_o_mode)3, 0> const&)'
INFO: [HLS 214-131] Inlining function 'ap_fixed_base<32, 32, true, (ap_q_mode)5, (ap_o_mode)3, 0>::operator!() const' into 'ap_fixed_base<33, 17, true, (ap_q_mode)5, (ap_o_mode)3, 0>& ap_fixed_base<33, 17, true, (ap_q_mode)5, (ap_o_mode)3, 0>::operator=<32, 32, true, (ap_q_mode)5, (ap_o_mode)3, 0>(ap_fixed_base<32, 32, true, (ap_q_mode)5, (ap_o_mode)3, 0> const&)' (C:/Xilinx/Vitis_HLS/2022.2/common/technology/autopilot\ap_fixed_base.h:808:9)
INFO: [HLS 214-131] Inlining function 'ap_fixed_base<33, 17, true, (ap_q_mode)5, (ap_o_mode)3, 0>& ap_fixed_base<33, 17, true, (ap_q_mode)5, (ap_o_mode)3, 0>::operator=<32, 32, true, (ap_q_mode)5, (ap_o_mode)3, 0>(ap_fixed_base<32, 32, true, (ap_q_mode)5, (ap_o_mode)3, 0> const&)' into 'ap_fixed_base<33, 17, true, (ap_q_mode)5, (ap_o_mode)3, 0>::ap_fixed_base(int)' (C:/Xilinx/Vitis_HLS/2022.2/common/technology/autopilot\ap_fixed_base.h:530:146)
INFO: [HLS 214-131] Inlining function 'ap_fixed_base<32, 16, true, (ap_q_mode)5, (ap_o_mode)3, 0>::operator!() const' into 'ap_fixed_base<33, 17, true, (ap_q_mode)5, (ap_o_mode)3, 0>& ap_fixed_base<33, 17, true, (ap_q_mode)5, (ap_o_mode)3, 0>::operator=<32, 16, true, (ap_q_mode)5, (ap_o_mode)3, 0>(ap_fixed_base<32, 16, true, (ap_q_mode)5, (ap_o_mode)3, 0> const&)' (C:/Xilinx/Vitis_HLS/2022.2/common/technology/autopilot\ap_fixed_base.h:808:9)
INFO: [HLS 214-131] Inlining function '_ZN8ssdm_intILi33ELb1EEC2EDq33_i' into 'ap_fixed_base<33, 17, true, (ap_q_mode)5, (ap_o_mode)3, 0>::ap_fixed_base<32, 16, true, (ap_q_mode)5, (ap_o_mode)3, 0>(ap_fixed_base<32, 16, true, (ap_q_mode)5, (ap_o_mode)3, 0> const&)' (C:/Xilinx/Vitis_HLS/2022.2/common/technology/autopilot\ap_fixed_base.h:401:80)
INFO: [HLS 214-131] Inlining function 'ap_fixed_base<33, 17, true, (ap_q_mode)5, (ap_o_mode)3, 0>& ap_fixed_base<33, 17, true, (ap_q_mode)5, (ap_o_mode)3, 0>::operator=<32, 16, true, (ap_q_mode)5, (ap_o_mode)3, 0>(ap_fixed_base<32, 16, true, (ap_q_mode)5, (ap_o_mode)3, 0> const&)' into 'ap_fixed_base<33, 17, true, (ap_q_mode)5, (ap_o_mode)3, 0>::ap_fixed_base<32, 16, true, (ap_q_mode)5, (ap_o_mode)3, 0>(ap_fixed_base<32, 16, true, (ap_q_mode)5, (ap_o_mode)3, 0> const&)' (C:/Xilinx/Vitis_HLS/2022.2/common/technology/autopilot\ap_fixed_base.h:403:5)
INFO: [HLS 214-131] Inlining function 'ap_fixed_base<33, 17, true, (ap_q_mode)5, (ap_o_mode)3, 0>::ap_fixed_base(int)' into 'ap_fixed_base<32, 16, true, (ap_q_mode)5, (ap_o_mode)3, 0>::RType<32, 16, true>::minus ap_fixed_base<32, 16, true, (ap_q_mode)5, (ap_o_mode)3, 0>::operator-<32, 16, true, (ap_q_mode)5, (ap_o_mode)3, 0>(ap_fixed_base<32, 16, true, (ap_q_mode)5, (ap_o_mode)3, 0> const&) const' (C:/Xilinx/Vitis_HLS/2022.2/common/technology/autopilot\ap_fixed_base.h:1348:327)
INFO: [HLS 214-131] Inlining function 'ap_fixed_base<33, 17, true, (ap_q_mode)5, (ap_o_mode)3, 0>::ap_fixed_base<32, 16, true, (ap_q_mode)5, (ap_o_mode)3, 0>(ap_fixed_base<32, 16, true, (ap_q_mode)5, (ap_o_mode)3, 0> const&)' into 'ap_fixed_base<32, 16, true, (ap_q_mode)5, (ap_o_mode)3, 0>::RType<32, 16, true>::minus ap_fixed_base<32, 16, true, (ap_q_mode)5, (ap_o_mode)3, 0>::operator-<32, 16, true, (ap_q_mode)5, (ap_o_mode)3, 0>(ap_fixed_base<32, 16, true, (ap_q_mode)5, (ap_o_mode)3, 0> const&) const' (C:/Xilinx/Vitis_HLS/2022.2/common/technology/autopilot\ap_fixed_base.h:1348:347)
INFO: [HLS 214-131] Inlining function 'ap_fixed_base<33, 17, true, (ap_q_mode)5, (ap_o_mode)3, 0>::ap_fixed_base<32, 16, true, (ap_q_mode)5, (ap_o_mode)3, 0>(ap_fixed_base<32, 16, true, (ap_q_mode)5, (ap_o_mode)3, 0> const&)' into 'ap_fixed_base<32, 16, true, (ap_q_mode)5, (ap_o_mode)3, 0>::RType<32, 16, true>::minus ap_fixed_base<32, 16, true, (ap_q_mode)5, (ap_o_mode)3, 0>::operator-<32, 16, true, (ap_q_mode)5, (ap_o_mode)3, 0>(ap_fixed_base<32, 16, true, (ap_q_mode)5, (ap_o_mode)3, 0> const&) const' (C:/Xilinx/Vitis_HLS/2022.2/common/technology/autopilot\ap_fixed_base.h:1348:335)
INFO: [HLS 214-131] Inlining function 'ap_fixed_base<33, 17, true, (ap_q_mode)5, (ap_o_mode)3, 0>::operator!() const' into 'ap_fixed_base<32, 16, true, (ap_q_mode)5, (ap_o_mode)3, 0>& ap_fixed_base<32, 16, true, (ap_q_mode)5, (ap_o_mode)3, 0>::operator=<33, 17, true, (ap_q_mode)5, (ap_o_mode)3, 0>(ap_fixed_base<33, 17, true, (ap_q_mode)5, (ap_o_mode)3, 0> const&)' (C:/Xilinx/Vitis_HLS/2022.2/common/technology/autopilot\ap_fixed_base.h:808:9)
INFO: [HLS 214-131] Inlining function 'ssdm_int<32, true>::ssdm_int(int)' into 'ap_fixed_base<32, 16, true, (ap_q_mode)5, (ap_o_mode)3, 0>::ap_fixed_base<33, 17, true, (ap_q_mode)5, (ap_o_mode)3, 0>(ap_fixed_base<33, 17, true, (ap_q_mode)5, (ap_o_mode)3, 0> const&)' (C:/Xilinx/Vitis_HLS/2022.2/common/technology/autopilot\ap_fixed_base.h:401:80)
INFO: [HLS 214-131] Inlining function 'ap_fixed_base<32, 16, true, (ap_q_mode)5, (ap_o_mode)3, 0>& ap_fixed_base<32, 16, true, (ap_q_mode)5, (ap_o_mode)3, 0>::operator=<33, 17, true, (ap_q_mode)5, (ap_o_mode)3, 0>(ap_fixed_base<33, 17, true, (ap_q_mode)5, (ap_o_mode)3, 0> const&)' into 'ap_fixed_base<32, 16, true, (ap_q_mode)5, (ap_o_mode)3, 0>::ap_fixed_base<33, 17, true, (ap_q_mode)5, (ap_o_mode)3, 0>(ap_fixed_base<33, 17, true, (ap_q_mode)5, (ap_o_mode)3, 0> const&)' (C:/Xilinx/Vitis_HLS/2022.2/common/technology/autopilot\ap_fixed_base.h:403:5)
INFO: [HLS 214-131] Inlining function 'ap_fixed_base<32, 16, true, (ap_q_mode)5, (ap_o_mode)3, 0>::ap_fixed_base<33, 17, true, (ap_q_mode)5, (ap_o_mode)3, 0>(ap_fixed_base<33, 17, true, (ap_q_mode)5, (ap_o_mode)3, 0> const&)' into 'ap_fixed<32, 16, (ap_q_mode)5, (ap_o_mode)3, 0>::ap_fixed<33, 17, true, (ap_q_mode)5, (ap_o_mode)3, 0>(ap_fixed_base<33, 17, true, (ap_q_mode)5, (ap_o_mode)3, 0> const&)'
INFO: [HLS 214-131] Inlining function 'ap_fixed_base<32, 32, true, (ap_q_mode)5, (ap_o_mode)3, 0>::operator!() const' into 'ap_fixed_base<96, 48, true, (ap_q_mode)5, (ap_o_mode)3, 0>& ap_fixed_base<96, 48, true, (ap_q_mode)5, (ap_o_mode)3, 0>::operator=<32, 32, true, (ap_q_mode)5, (ap_o_mode)3, 0>(ap_fixed_base<32, 32, true, (ap_q_mode)5, (ap_o_mode)3, 0> const&)' (C:/Xilinx/Vitis_HLS/2022.2/common/technology/autopilot\ap_fixed_base.h:808:9)
INFO: [HLS 214-131] Inlining function 'ap_fixed_base<96, 48, true, (ap_q_mode)5, (ap_o_mode)3, 0>& ap_fixed_base<96, 48, true, (ap_q_mode)5, (ap_o_mode)3, 0>::operator=<32, 32, true, (ap_q_mode)5, (ap_o_mode)3, 0>(ap_fixed_base<32, 32, true, (ap_q_mode)5, (ap_o_mode)3, 0> const&)' into 'ap_fixed_base<96, 48, true, (ap_q_mode)5, (ap_o_mode)3, 0>::ap_fixed_base(int)' (C:/Xilinx/Vitis_HLS/2022.2/common/technology/autopilot\ap_fixed_base.h:530:146)
INFO: [HLS 214-131] Inlining function 'ap_fixed_base<96, 48, true, (ap_q_mode)5, (ap_o_mode)3, 0>::ap_fixed_base(int)' into 'ap_fixed_base<48, 24, true, (ap_q_mode)5, (ap_o_mode)3, 0>::RType<48, 24, true>::mult ap_fixed_base<48, 24, true, (ap_q_mode)5, (ap_o_mode)3, 0>::operator*<48, 24, true, (ap_q_mode)5, (ap_o_mode)3, 0>(ap_fixed_base<48, 24, true, (ap_q_mode)5, (ap_o_mode)3, 0> const&) const' (C:/Xilinx/Vitis_HLS/2022.2/common/technology/autopilot\ap_fixed_base.h:1270:55)
INFO: [HLS 214-131] Inlining function 'ap_fixed_base<96, 48, true, (ap_q_mode)5, (ap_o_mode)3, 0>::ap_fixed_base(int)' into 'ap_fixed_base<48, 24, true, (ap_q_mode)5, (ap_o_mode)3, 0>::RType<48, 24, true>::mult ap_fixed_base<48, 24, true, (ap_q_mode)5, (ap_o_mode)3, 0>::operator*<48, 24, true, (ap_q_mode)5, (ap_o_mode)3, 0>(ap_fixed_base<48, 24, true, (ap_q_mode)5, (ap_o_mode)3, 0> const&) const' (C:/Xilinx/Vitis_HLS/2022.2/common/technology/autopilot\ap_fixed_base.h:1270:61)
INFO: [HLS 214-131] Inlining function 'ap_fixed_base<32, 32, true, (ap_q_mode)5, (ap_o_mode)3, 0>::operator!() const' into 'ap_fixed_base<97, 49, true, (ap_q_mode)5, (ap_o_mode)3, 0>& ap_fixed_base<97, 49, true, (ap_q_mode)5, (ap_o_mode)3, 0>::operator=<32, 32, true, (ap_q_mode)5, (ap_o_mode)3, 0>(ap_fixed_base<32, 32, true, (ap_q_mode)5, (ap_o_mode)3, 0> const&)' (C:/Xilinx/Vitis_HLS/2022.2/common/technology/autopilot\ap_fixed_base.h:808:9)
INFO: [HLS 214-131] Inlining function 'ap_fixed_base<97, 49, true, (ap_q_mode)5, (ap_o_mode)3, 0>& ap_fixed_base<97, 49, true, (ap_q_mode)5, (ap_o_mode)3, 0>::operator=<32, 32, true, (ap_q_mode)5, (ap_o_mode)3, 0>(ap_fixed_base<32, 32, true, (ap_q_mode)5, (ap_o_mode)3, 0> const&)' into 'ap_fixed_base<97, 49, true, (ap_q_mode)5, (ap_o_mode)3, 0>::ap_fixed_base(int)' (C:/Xilinx/Vitis_HLS/2022.2/common/technology/autopilot\ap_fixed_base.h:530:146)
INFO: [HLS 214-131] Inlining function 'ap_fixed_base<48, 24, true, (ap_q_mode)5, (ap_o_mode)3, 0>::operator!() const' into 'ap_fixed_base<97, 49, true, (ap_q_mode)5, (ap_o_mode)3, 0>& ap_fixed_base<97, 49, true, (ap_q_mode)5, (ap_o_mode)3, 0>::operator=<48, 24, true, (ap_q_mode)5, (ap_o_mode)3, 0>(ap_fixed_base<48, 24, true, (ap_q_mode)5, (ap_o_mode)3, 0> const&)' (C:/Xilinx/Vitis_HLS/2022.2/common/technology/autopilot\ap_fixed_base.h:808:9)
INFO: [HLS 214-131] Inlining function '_ZN8ssdm_intILi97ELb1EEC2EDq97_i' into 'ap_fixed_base<97, 49, true, (ap_q_mode)5, (ap_o_mode)3, 0>::ap_fixed_base<48, 24, true, (ap_q_mode)5, (ap_o_mode)3, 0>(ap_fixed_base<48, 24, true, (ap_q_mode)5, (ap_o_mode)3, 0> const&)' (C:/Xilinx/Vitis_HLS/2022.2/common/technology/autopilot\ap_fixed_base.h:401:80)
INFO: [HLS 214-131] Inlining function 'ap_fixed_base<97, 49, true, (ap_q_mode)5, (ap_o_mode)3, 0>& ap_fixed_base<97, 49, true, (ap_q_mode)5, (ap_o_mode)3, 0>::operator=<48, 24, true, (ap_q_mode)5, (ap_o_mode)3, 0>(ap_fixed_base<48, 24, true, (ap_q_mode)5, (ap_o_mode)3, 0> const&)' into 'ap_fixed_base<97, 49, true, (ap_q_mode)5, (ap_o_mode)3, 0>::ap_fixed_base<48, 24, true, (ap_q_mode)5, (ap_o_mode)3, 0>(ap_fixed_base<48, 24, true, (ap_q_mode)5, (ap_o_mode)3, 0> const&)' (C:/Xilinx/Vitis_HLS/2022.2/common/technology/autopilot\ap_fixed_base.h:403:5)
INFO: [HLS 214-131] Inlining function 'ap_fixed_base<96, 48, true, (ap_q_mode)5, (ap_o_mode)3, 0>::operator!() const' into 'ap_fixed_base<97, 49, true, (ap_q_mode)5, (ap_o_mode)3, 0>& ap_fixed_base<97, 49, true, (ap_q_mode)5, (ap_o_mode)3, 0>::operator=<96, 48, true, (ap_q_mode)5, (ap_o_mode)3, 0>(ap_fixed_base<96, 48, true, (ap_q_mode)5, (ap_o_mode)3, 0> const&)' (C:/Xilinx/Vitis_HLS/2022.2/common/technology/autopilot\ap_fixed_base.h:808:9)
INFO: [HLS 214-131] Inlining function '_ZN8ssdm_intILi97ELb1EEC2EDq97_i' into 'ap_fixed_base<97, 49, true, (ap_q_mode)5, (ap_o_mode)3, 0>::ap_fixed_base<96, 48, true, (ap_q_mode)5, (ap_o_mode)3, 0>(ap_fixed_base<96, 48, true, (ap_q_mode)5, (ap_o_mode)3, 0> const&)' (C:/Xilinx/Vitis_HLS/2022.2/common/technology/autopilot\ap_fixed_base.h:401:80)
INFO: [HLS 214-131] Inlining function 'ap_fixed_base<97, 49, true, (ap_q_mode)5, (ap_o_mode)3, 0>& ap_fixed_base<97, 49, true, (ap_q_mode)5, (ap_o_mode)3, 0>::operator=<96, 48, true, (ap_q_mode)5, (ap_o_mode)3, 0>(ap_fixed_base<96, 48, true, (ap_q_mode)5, (ap_o_mode)3, 0> const&)' into 'ap_fixed_base<97, 49, true, (ap_q_mode)5, (ap_o_mode)3, 0>::ap_fixed_base<96, 48, true, (ap_q_mode)5, (ap_o_mode)3, 0>(ap_fixed_base<96, 48, true, (ap_q_mode)5, (ap_o_mode)3, 0> const&)' (C:/Xilinx/Vitis_HLS/2022.2/common/technology/autopilot\ap_fixed_base.h:403:5)
INFO: [HLS 214-131] Inlining function 'ap_fixed_base<97, 49, true, (ap_q_mode)5, (ap_o_mode)3, 0>::ap_fixed_base(int)' into 'ap_fixed_base<48, 24, true, (ap_q_mode)5, (ap_o_mode)3, 0>::RType<96, 48, true>::plus ap_fixed_base<48, 24, true, (ap_q_mode)5, (ap_o_mode)3, 0>::operator+<96, 48, true, (ap_q_mode)5, (ap_o_mode)3, 0>(ap_fixed_base<96, 48, true, (ap_q_mode)5, (ap_o_mode)3, 0> const&) const' (C:/Xilinx/Vitis_HLS/2022.2/common/technology/autopilot\ap_fixed_base.h:1347:325)
INFO: [HLS 214-131] Inlining function 'ap_fixed_base<97, 49, true, (ap_q_mode)5, (ap_o_mode)3, 0>::ap_fixed_base<96, 48, true, (ap_q_mode)5, (ap_o_mode)3, 0>(ap_fixed_base<96, 48, true, (ap_q_mode)5, (ap_o_mode)3, 0> const&)' into 'ap_fixed_base<48, 24, true, (ap_q_mode)5, (ap_o_mode)3, 0>::RType<96, 48, true>::plus ap_fixed_base<48, 24, true, (ap_q_mode)5, (ap_o_mode)3, 0>::operator+<96, 48, true, (ap_q_mode)5, (ap_o_mode)3, 0>(ap_fixed_base<96, 48, true, (ap_q_mode)5, (ap_o_mode)3, 0> const&) const' (C:/Xilinx/Vitis_HLS/2022.2/common/technology/autopilot\ap_fixed_base.h:1347:345)
INFO: [HLS 214-131] Inlining function 'ap_fixed_base<97, 49, true, (ap_q_mode)5, (ap_o_mode)3, 0>::ap_fixed_base<48, 24, true, (ap_q_mode)5, (ap_o_mode)3, 0>(ap_fixed_base<48, 24, true, (ap_q_mode)5, (ap_o_mode)3, 0> const&)' into 'ap_fixed_base<48, 24, true, (ap_q_mode)5, (ap_o_mode)3, 0>::RType<96, 48, true>::plus ap_fixed_base<48, 24, true, (ap_q_mode)5, (ap_o_mode)3, 0>::operator+<96, 48, true, (ap_q_mode)5, (ap_o_mode)3, 0>(ap_fixed_base<96, 48, true, (ap_q_mode)5, (ap_o_mode)3, 0> const&) const' (C:/Xilinx/Vitis_HLS/2022.2/common/technology/autopilot\ap_fixed_base.h:1347:333)
INFO: [HLS 214-131] Inlining function 'ap_fixed_base<97, 49, true, (ap_q_mode)5, (ap_o_mode)3, 0>::operator!() const' into 'ap_fixed_base<48, 24, true, (ap_q_mode)5, (ap_o_mode)3, 0>& ap_fixed_base<48, 24, true, (ap_q_mode)5, (ap_o_mode)3, 0>::operator=<97, 49, true, (ap_q_mode)5, (ap_o_mode)3, 0>(ap_fixed_base<97, 49, true, (ap_q_mode)5, (ap_o_mode)3, 0> const&)' (C:/Xilinx/Vitis_HLS/2022.2/common/technology/autopilot\ap_fixed_base.h:808:9)
INFO: [HLS 214-131] Inlining function 'ap_fixed_base<48, 24, true, (ap_q_mode)5, (ap_o_mode)3, 0>::RType<96, 48, true>::plus ap_fixed_base<48, 24, true, (ap_q_mode)5, (ap_o_mode)3, 0>::operator+<96, 48, true, (ap_q_mode)5, (ap_o_mode)3, 0>(ap_fixed_base<96, 48, true, (ap_q_mode)5, (ap_o_mode)3, 0> const&) const' into 'ap_fixed_base<48, 24, true, (ap_q_mode)5, (ap_o_mode)3, 0>& ap_fixed_base<48, 24, true, (ap_q_mode)5, (ap_o_mode)3, 0>::operator+=<96, 48, true, (ap_q_mode)5, (ap_o_mode)3, 0>(ap_fixed_base<96, 48, true, (ap_q_mode)5, (ap_o_mode)3, 0> const&)' (C:/Xilinx/Vitis_HLS/2022.2/common/technology/autopilot\ap_fixed_base.h:1367:248)
INFO: [HLS 214-131] Inlining function 'ap_fixed_base<48, 24, true, (ap_q_mode)5, (ap_o_mode)3, 0>& ap_fixed_base<48, 24, true, (ap_q_mode)5, (ap_o_mode)3, 0>::operator=<97, 49, true, (ap_q_mode)5, (ap_o_mode)3, 0>(ap_fixed_base<97, 49, true, (ap_q_mode)5, (ap_o_mode)3, 0> const&)' into 'ap_fixed_base<48, 24, true, (ap_q_mode)5, (ap_o_mode)3, 0>& ap_fixed_base<48, 24, true, (ap_q_mode)5, (ap_o_mode)3, 0>::operator+=<96, 48, true, (ap_q_mode)5, (ap_o_mode)3, 0>(ap_fixed_base<96, 48, true, (ap_q_mode)5, (ap_o_mode)3, 0> const&)' (C:/Xilinx/Vitis_HLS/2022.2/common/technology/autopilot\ap_fixed_base.h:1367:246)
INFO: [HLS 214-131] Inlining function 'ssdm_int<32, false>::ssdm_int(unsigned int)' into 'ap_int_base<32, false>::ap_int_base(unsigned long)' (C:/Xilinx/Vitis_HLS/2022.2/common/technology/autopilot\ap_int_base.h:217:77)
INFO: [HLS 214-131] Inlining function 'ap_int_base<32, false>::ap_int_base(unsigned long)' into 'ap_int_base<32, false>::countLeadingZeros() const' (C:/Xilinx/Vitis_HLS/2022.2/common/technology/autopilot\ap_int_base.h:1196:30)
INFO: [HLS 214-131] Inlining function 'ap_int_base<32, false>::countLeadingZeros() const' into 'ap_fixed_base<32, 16, true, (ap_q_mode)5, (ap_o_mode)3, 0>::to_float() const' (C:/Xilinx/Vitis_HLS/2022.2/common/technology/autopilot\ap_fixed_base.h:1097:17)
INFO: [HLS 214-131] Inlining function 'rawBitsToFloat(unsigned long)' into 'ap_fixed_base<32, 16, true, (ap_q_mode)5, (ap_o_mode)3, 0>::to_float() const' (C:/Xilinx/Vitis_HLS/2022.2/common/technology/autopilot\ap_fixed_base.h:1126:12)
INFO: [HLS 214-131] Inlining function 'ap_fixed_base<32, 16, true, (ap_q_mode)5, (ap_o_mode)3, 0>::to_float() const' into 'ap_fixed_base<32, 16, true, (ap_q_mode)5, (ap_o_mode)3, 0>::operator float() const' (C:/Xilinx/Vitis_HLS/2022.2/common/technology/autopilot\ap_fixed_base.h:1181:73)
INFO: [HLS 214-131] Inlining function 'ap_fixed_base<33, 17, true, (ap_q_mode)5, (ap_o_mode)3, 0>::ap_fixed_base(int)' into 'ap_fixed_base<32, 16, true, (ap_q_mode)5, (ap_o_mode)3, 0>::RType<32, 16, true>::plus ap_fixed_base<32, 16, true, (ap_q_mode)5, (ap_o_mode)3, 0>::operator+<32, 16, true, (ap_q_mode)5, (ap_o_mode)3, 0>(ap_fixed_base<32, 16, true, (ap_q_mode)5, (ap_o_mode)3, 0> const&) const' (C:/Xilinx/Vitis_HLS/2022.2/common/technology/autopilot\ap_fixed_base.h:1347:325)
INFO: [HLS 214-131] Inlining function 'ap_fixed_base<33, 17, true, (ap_q_mode)5, (ap_o_mode)3, 0>::ap_fixed_base<32, 16, true, (ap_q_mode)5, (ap_o_mode)3, 0>(ap_fixed_base<32, 16, true, (ap_q_mode)5, (ap_o_mode)3, 0> const&)' into 'ap_fixed_base<32, 16, true, (ap_q_mode)5, (ap_o_mode)3, 0>::RType<32, 16, true>::plus ap_fixed_base<32, 16, true, (ap_q_mode)5, (ap_o_mode)3, 0>::operator+<32, 16, true, (ap_q_mode)5, (ap_o_mode)3, 0>(ap_fixed_base<32, 16, true, (ap_q_mode)5, (ap_o_mode)3, 0> const&) const' (C:/Xilinx/Vitis_HLS/2022.2/common/technology/autopilot\ap_fixed_base.h:1347:345)
INFO: [HLS 214-131] Inlining function 'ap_fixed_base<33, 17, true, (ap_q_mode)5, (ap_o_mode)3, 0>::ap_fixed_base<32, 16, true, (ap_q_mode)5, (ap_o_mode)3, 0>(ap_fixed_base<32, 16, true, (ap_q_mode)5, (ap_o_mode)3, 0> const&)' into 'ap_fixed_base<32, 16, true, (ap_q_mode)5, (ap_o_mode)3, 0>::RType<32, 16, true>::plus ap_fixed_base<32, 16, true, (ap_q_mode)5, (ap_o_mode)3, 0>::operator+<32, 16, true, (ap_q_mode)5, (ap_o_mode)3, 0>(ap_fixed_base<32, 16, true, (ap_q_mode)5, (ap_o_mode)3, 0> const&) const' (C:/Xilinx/Vitis_HLS/2022.2/common/technology/autopilot\ap_fixed_base.h:1347:333)
INFO: [HLS 214-131] Inlining function 'ap_fixed_base<32, 16, true, (ap_q_mode)5, (ap_o_mode)3, 0>::operator!() const' into 'ap_fixed_base<48, 16, true, (ap_q_mode)5, (ap_o_mode)3, 0>& ap_fixed_base<48, 16, true, (ap_q_mode)5, (ap_o_mode)3, 0>::operator=<32, 16, true, (ap_q_mode)5, (ap_o_mode)3, 0>(ap_fixed_base<32, 16, true, (ap_q_mode)5, (ap_o_mode)3, 0> const&)' (C:/Xilinx/Vitis_HLS/2022.2/common/technology/autopilot\ap_fixed_base.h:808:9)
INFO: [HLS 214-131] Inlining function '_ZN8ssdm_intILi48ELb1EEC2EDq48_i' into 'ap_fixed_base<48, 16, true, (ap_q_mode)5, (ap_o_mode)3, 0>::ap_fixed_base<32, 16, true, (ap_q_mode)5, (ap_o_mode)3, 0>(ap_fixed_base<32, 16, true, (ap_q_mode)5, (ap_o_mode)3, 0> const&)' (C:/Xilinx/Vitis_HLS/2022.2/common/technology/autopilot\ap_fixed_base.h:401:80)
INFO: [HLS 214-131] Inlining function 'ap_fixed_base<48, 16, true, (ap_q_mode)5, (ap_o_mode)3, 0>& ap_fixed_base<48, 16, true, (ap_q_mode)5, (ap_o_mode)3, 0>::operator=<32, 16, true, (ap_q_mode)5, (ap_o_mode)3, 0>(ap_fixed_base<32, 16, true, (ap_q_mode)5, (ap_o_mode)3, 0> const&)' into 'ap_fixed_base<48, 16, true, (ap_q_mode)5, (ap_o_mode)3, 0>::ap_fixed_base<32, 16, true, (ap_q_mode)5, (ap_o_mode)3, 0>(ap_fixed_base<32, 16, true, (ap_q_mode)5, (ap_o_mode)3, 0> const&)' (C:/Xilinx/Vitis_HLS/2022.2/common/technology/autopilot\ap_fixed_base.h:403:5)
INFO: [HLS 214-131] Inlining function 'ap_fixed_base<48, 16, true, (ap_q_mode)5, (ap_o_mode)3, 0>::ap_fixed_base<32, 16, true, (ap_q_mode)5, (ap_o_mode)3, 0>(ap_fixed_base<32, 16, true, (ap_q_mode)5, (ap_o_mode)3, 0> const&)' into 'ap_fixed_base<32, 16, true, (ap_q_mode)5, (ap_o_mode)3, 0>::RType<32, 16, true>::div ap_fixed_base<32, 16, true, (ap_q_mode)5, (ap_o_mode)3, 0>::operator/<32, 16, true, (ap_q_mode)5, (ap_o_mode)3, 0>(ap_fixed_base<32, 16, true, (ap_q_mode)5, (ap_o_mode)3, 0> const&) const' (C:/Xilinx/Vitis_HLS/2022.2/common/technology/autopilot\ap_fixed_base.h:1299:97)
INFO: [HLS 214-131] Inlining function 'ap_fixed_base<49, 33, true, (ap_q_mode)5, (ap_o_mode)3, 0>::operator!() const' into 'ap_fixed_base<32, 16, true, (ap_q_mode)5, (ap_o_mode)3, 0>& ap_fixed_base<32, 16, true, (ap_q_mode)5, (ap_o_mode)3, 0>::operator=<49, 33, true, (ap_q_mode)5, (ap_o_mode)3, 0>(ap_fixed_base<49, 33, true, (ap_q_mode)5, (ap_o_mode)3, 0> const&)' (C:/Xilinx/Vitis_HLS/2022.2/common/technology/autopilot\ap_fixed_base.h:808:9)
INFO: [HLS 214-131] Inlining function 'ssdm_int<32, true>::ssdm_int(int)' into 'ap_fixed_base<32, 16, true, (ap_q_mode)5, (ap_o_mode)3, 0>::ap_fixed_base<49, 33, true, (ap_q_mode)5, (ap_o_mode)3, 0>(ap_fixed_base<49, 33, true, (ap_q_mode)5, (ap_o_mode)3, 0> const&)' (C:/Xilinx/Vitis_HLS/2022.2/common/technology/autopilot\ap_fixed_base.h:401:80)
INFO: [HLS 214-131] Inlining function 'ap_fixed_base<32, 16, true, (ap_q_mode)5, (ap_o_mode)3, 0>& ap_fixed_base<32, 16, true, (ap_q_mode)5, (ap_o_mode)3, 0>::operator=<49, 33, true, (ap_q_mode)5, (ap_o_mode)3, 0>(ap_fixed_base<49, 33, true, (ap_q_mode)5, (ap_o_mode)3, 0> const&)' into 'ap_fixed_base<32, 16, true, (ap_q_mode)5, (ap_o_mode)3, 0>::ap_fixed_base<49, 33, true, (ap_q_mode)5, (ap_o_mode)3, 0>(ap_fixed_base<49, 33, true, (ap_q_mode)5, (ap_o_mode)3, 0> const&)' (C:/Xilinx/Vitis_HLS/2022.2/common/technology/autopilot\ap_fixed_base.h:403:5)
INFO: [HLS 214-131] Inlining function 'ap_fixed_base<32, 16, true, (ap_q_mode)5, (ap_o_mode)3, 0>::ap_fixed_base<49, 33, true, (ap_q_mode)5, (ap_o_mode)3, 0>(ap_fixed_base<49, 33, true, (ap_q_mode)5, (ap_o_mode)3, 0> const&)' into 'ap_fixed<32, 16, (ap_q_mode)5, (ap_o_mode)3, 0>::ap_fixed<49, 33, true, (ap_q_mode)5, (ap_o_mode)3, 0>(ap_fixed_base<49, 33, true, (ap_q_mode)5, (ap_o_mode)3, 0> const&)'
INFO: [HLS 214-131] Inlining function 'ap_fixed_base<32, 32, true, (ap_q_mode)5, (ap_o_mode)3, 0>::operator!() const' into 'ap_fixed_base<65, 33, true, (ap_q_mode)5, (ap_o_mode)3, 0>& ap_fixed_base<65, 33, true, (ap_q_mode)5, (ap_o_mode)3, 0>::operator=<32, 32, true, (ap_q_mode)5, (ap_o_mode)3, 0>(ap_fixed_base<32, 32, true, (ap_q_mode)5, (ap_o_mode)3, 0> const&)' (C:/Xilinx/Vitis_HLS/2022.2/common/technology/autopilot\ap_fixed_base.h:808:9)
INFO: [HLS 214-131] Inlining function 'ap_fixed_base<65, 33, true, (ap_q_mode)5, (ap_o_mode)3, 0>& ap_fixed_base<65, 33, true, (ap_q_mode)5, (ap_o_mode)3, 0>::operator=<32, 32, true, (ap_q_mode)5, (ap_o_mode)3, 0>(ap_fixed_base<32, 32, true, (ap_q_mode)5, (ap_o_mode)3, 0> const&)' into 'ap_fixed_base<65, 33, true, (ap_q_mode)5, (ap_o_mode)3, 0>::ap_fixed_base(int)' (C:/Xilinx/Vitis_HLS/2022.2/common/technology/autopilot\ap_fixed_base.h:530:146)
INFO: [HLS 214-131] Inlining function 'ap_fixed_base<65, 33, true, (ap_q_mode)5, (ap_o_mode)3, 0>::ap_fixed_base(int)' into 'ap_fixed_base<33, 17, true, (ap_q_mode)5, (ap_o_mode)3, 0>::RType<32, 16, true>::mult ap_fixed_base<33, 17, true, (ap_q_mode)5, (ap_o_mode)3, 0>::operator*<32, 16, true, (ap_q_mode)5, (ap_o_mode)3, 0>(ap_fixed_base<32, 16, true, (ap_q_mode)5, (ap_o_mode)3, 0> const&) const' (C:/Xilinx/Vitis_HLS/2022.2/common/technology/autopilot\ap_fixed_base.h:1270:55)
INFO: [HLS 214-131] Inlining function 'ap_fixed_base<65, 33, true, (ap_q_mode)5, (ap_o_mode)3, 0>::ap_fixed_base(int)' into 'ap_fixed_base<33, 17, true, (ap_q_mode)5, (ap_o_mode)3, 0>::RType<32, 16, true>::mult ap_fixed_base<33, 17, true, (ap_q_mode)5, (ap_o_mode)3, 0>::operator*<32, 16, true, (ap_q_mode)5, (ap_o_mode)3, 0>(ap_fixed_base<32, 16, true, (ap_q_mode)5, (ap_o_mode)3, 0> const&) const' (C:/Xilinx/Vitis_HLS/2022.2/common/technology/autopilot\ap_fixed_base.h:1270:61)
INFO: [HLS 214-131] Inlining function 'ap_fixed_base<65, 33, true, (ap_q_mode)5, (ap_o_mode)3, 0>::operator!() const' into 'ap_fixed_base<32, 16, true, (ap_q_mode)5, (ap_o_mode)3, 0>& ap_fixed_base<32, 16, true, (ap_q_mode)5, (ap_o_mode)3, 0>::operator=<65, 33, true, (ap_q_mode)5, (ap_o_mode)3, 0>(ap_fixed_base<65, 33, true, (ap_q_mode)5, (ap_o_mode)3, 0> const&)' (C:/Xilinx/Vitis_HLS/2022.2/common/technology/autopilot\ap_fixed_base.h:808:9)
INFO: [HLS 214-131] Inlining function 'ssdm_int<32, true>::ssdm_int(int)' into 'ap_fixed_base<32, 16, true, (ap_q_mode)5, (ap_o_mode)3, 0>::ap_fixed_base<65, 33, true, (ap_q_mode)5, (ap_o_mode)3, 0>(ap_fixed_base<65, 33, true, (ap_q_mode)5, (ap_o_mode)3, 0> const&)' (C:/Xilinx/Vitis_HLS/2022.2/common/technology/autopilot\ap_fixed_base.h:401:80)
INFO: [HLS 214-131] Inlining function 'ap_fixed_base<32, 16, true, (ap_q_mode)5, (ap_o_mode)3, 0>& ap_fixed_base<32, 16, true, (ap_q_mode)5, (ap_o_mode)3, 0>::operator=<65, 33, true, (ap_q_mode)5, (ap_o_mode)3, 0>(ap_fixed_base<65, 33, true, (ap_q_mode)5, (ap_o_mode)3, 0> const&)' into 'ap_fixed_base<32, 16, true, (ap_q_mode)5, (ap_o_mode)3, 0>::ap_fixed_base<65, 33, true, (ap_q_mode)5, (ap_o_mode)3, 0>(ap_fixed_base<65, 33, true, (ap_q_mode)5, (ap_o_mode)3, 0> const&)' (C:/Xilinx/Vitis_HLS/2022.2/common/technology/autopilot\ap_fixed_base.h:403:5)
INFO: [HLS 214-131] Inlining function 'ap_fixed_base<32, 16, true, (ap_q_mode)5, (ap_o_mode)3, 0>::ap_fixed_base<65, 33, true, (ap_q_mode)5, (ap_o_mode)3, 0>(ap_fixed_base<65, 33, true, (ap_q_mode)5, (ap_o_mode)3, 0> const&)' into 'ap_fixed<32, 16, (ap_q_mode)5, (ap_o_mode)3, 0>::ap_fixed<65, 33, true, (ap_q_mode)5, (ap_o_mode)3, 0>(ap_fixed_base<65, 33, true, (ap_q_mode)5, (ap_o_mode)3, 0> const&)'
INFO: [HLS 214-131] Inlining function 'ap_fixed_base<32, 32, true, (ap_q_mode)5, (ap_o_mode)3, 0>::operator!() const' into 'ap_fixed_base<32, 16, true, (ap_q_mode)5, (ap_o_mode)3, 0>& ap_fixed_base<32, 16, true, (ap_q_mode)5, (ap_o_mode)3, 0>::operator=<32, 32, true, (ap_q_mode)5, (ap_o_mode)3, 0>(ap_fixed_base<32, 32, true, (ap_q_mode)5, (ap_o_mode)3, 0> const&)' (C:/Xilinx/Vitis_HLS/2022.2/common/technology/autopilot\ap_fixed_base.h:808:9)
INFO: [HLS 214-131] Inlining function 'ap_fixed_base<32, 16, true, (ap_q_mode)5, (ap_o_mode)3, 0>& ap_fixed_base<32, 16, true, (ap_q_mode)5, (ap_o_mode)3, 0>::operator=<32, 32, true, (ap_q_mode)5, (ap_o_mode)3, 0>(ap_fixed_base<32, 32, true, (ap_q_mode)5, (ap_o_mode)3, 0> const&)' into 'ap_fixed_base<32, 16, true, (ap_q_mode)5, (ap_o_mode)3, 0>::ap_fixed_base(int)' (C:/Xilinx/Vitis_HLS/2022.2/common/technology/autopilot\ap_fixed_base.h:530:146)
INFO: [HLS 214-131] Inlining function 'ap_fixed_base<32, 16, true, (ap_q_mode)5, (ap_o_mode)3, 0>::ap_fixed_base(int)' into 'ap_fixed<32, 16, (ap_q_mode)5, (ap_o_mode)3, 0>::ap_fixed(int)'
INFO: [HLS 214-131] Inlining function 'ap_fixed_base<8, 4, true, (ap_q_mode)5, (ap_o_mode)3, 0>::operator!() const' into 'ap_fixed_base<48, 24, true, (ap_q_mode)5, (ap_o_mode)3, 0>& ap_fixed_base<48, 24, true, (ap_q_mode)5, (ap_o_mode)3, 0>::operator=<8, 4, true, (ap_q_mode)5, (ap_o_mode)3, 0>(ap_fixed_base<8, 4, true, (ap_q_mode)5, (ap_o_mode)3, 0> const&)' (C:/Xilinx/Vitis_HLS/2022.2/common/technology/autopilot\ap_fixed_base.h:808:9)
INFO: [HLS 214-131] Inlining function '_ZN8ssdm_intILi48ELb1EEC2EDq48_i' into 'ap_fixed_base<48, 24, true, (ap_q_mode)5, (ap_o_mode)3, 0>::ap_fixed_base<8, 4, true, (ap_q_mode)5, (ap_o_mode)3, 0>(ap_fixed_base<8, 4, true, (ap_q_mode)5, (ap_o_mode)3, 0> const&)' (C:/Xilinx/Vitis_HLS/2022.2/common/technology/autopilot\ap_fixed_base.h:401:80)
INFO: [HLS 214-131] Inlining function 'ap_fixed_base<48, 24, true, (ap_q_mode)5, (ap_o_mode)3, 0>& ap_fixed_base<48, 24, true, (ap_q_mode)5, (ap_o_mode)3, 0>::operator=<8, 4, true, (ap_q_mode)5, (ap_o_mode)3, 0>(ap_fixed_base<8, 4, true, (ap_q_mode)5, (ap_o_mode)3, 0> const&)' into 'ap_fixed_base<48, 24, true, (ap_q_mode)5, (ap_o_mode)3, 0>::ap_fixed_base<8, 4, true, (ap_q_mode)5, (ap_o_mode)3, 0>(ap_fixed_base<8, 4, true, (ap_q_mode)5, (ap_o_mode)3, 0> const&)' (C:/Xilinx/Vitis_HLS/2022.2/common/technology/autopilot\ap_fixed_base.h:403:5)
INFO: [HLS 214-131] Inlining function 'ap_fixed_base<48, 24, true, (ap_q_mode)5, (ap_o_mode)3, 0>::ap_fixed_base<8, 4, true, (ap_q_mode)5, (ap_o_mode)3, 0>(ap_fixed_base<8, 4, true, (ap_q_mode)5, (ap_o_mode)3, 0> const&)' into 'ap_fixed<48, 24, (ap_q_mode)5, (ap_o_mode)3, 0>::ap_fixed<8, 4, true, (ap_q_mode)5, (ap_o_mode)3, 0>(ap_fixed_base<8, 4, true, (ap_q_mode)5, (ap_o_mode)3, 0> const&)'
INFO: [HLS 214-131] Inlining function 'ap_fixed_base<48, 24, true, (ap_q_mode)5, (ap_o_mode)3, 0>::operator!() const' into 'ap_fixed_base<32, 16, true, (ap_q_mode)5, (ap_o_mode)3, 0>& ap_fixed_base<32, 16, true, (ap_q_mode)5, (ap_o_mode)3, 0>::operator=<48, 24, true, (ap_q_mode)5, (ap_o_mode)3, 0>(ap_fixed_base<48, 24, true, (ap_q_mode)5, (ap_o_mode)3, 0> const&)' (C:/Xilinx/Vitis_HLS/2022.2/common/technology/autopilot\ap_fixed_base.h:808:9)
INFO: [HLS 214-131] Inlining function 'ssdm_int<32, true>::ssdm_int(int)' into 'ap_fixed_base<32, 16, true, (ap_q_mode)5, (ap_o_mode)3, 0>::ap_fixed_base<48, 24, true, (ap_q_mode)5, (ap_o_mode)3, 0>(ap_fixed_base<48, 24, true, (ap_q_mode)5, (ap_o_mode)3, 0> const&)' (C:/Xilinx/Vitis_HLS/2022.2/common/technology/autopilot\ap_fixed_base.h:401:80)
INFO: [HLS 214-131] Inlining function 'ap_fixed_base<32, 16, true, (ap_q_mode)5, (ap_o_mode)3, 0>& ap_fixed_base<32, 16, true, (ap_q_mode)5, (ap_o_mode)3, 0>::operator=<48, 24, true, (ap_q_mode)5, (ap_o_mode)3, 0>(ap_fixed_base<48, 24, true, (ap_q_mode)5, (ap_o_mode)3, 0> const&)' into 'ap_fixed_base<32, 16, true, (ap_q_mode)5, (ap_o_mode)3, 0>::ap_fixed_base<48, 24, true, (ap_q_mode)5, (ap_o_mode)3, 0>(ap_fixed_base<48, 24, true, (ap_q_mode)5, (ap_o_mode)3, 0> const&)' (C:/Xilinx/Vitis_HLS/2022.2/common/technology/autopilot\ap_fixed_base.h:403:5)
INFO: [HLS 214-131] Inlining function 'ap_fixed_base<32, 16, true, (ap_q_mode)5, (ap_o_mode)3, 0>::ap_fixed_base<48, 24, true, (ap_q_mode)5, (ap_o_mode)3, 0>(ap_fixed_base<48, 24, true, (ap_q_mode)5, (ap_o_mode)3, 0> const&)' into 'ap_fixed<32, 16, (ap_q_mode)5, (ap_o_mode)3, 0>::ap_fixed<48, 24, true, (ap_q_mode)5, (ap_o_mode)3, 0>(ap_fixed_base<48, 24, true, (ap_q_mode)5, (ap_o_mode)3, 0> const&)'
INFO: [HLS 214-131] Inlining function 'bool ap_fixed_base<32, 16, true, (ap_q_mode)5, (ap_o_mode)3, 0>::operator><32, 16, true, (ap_q_mode)5, (ap_o_mode)3, 0>(ap_fixed_base<32, 16, true, (ap_q_mode)5, (ap_o_mode)3, 0> const&) const' into 'relu(ap_fixed<32, 16, (ap_q_mode)5, (ap_o_mode)3, 0>)' (C:/ecg_hls/include/ecg_types.h:62:15)
INFO: [HLS 214-131] Inlining function 'ap_fixed_base<48, 24, true, (ap_q_mode)5, (ap_o_mode)3, 0>::operator!() const' into 'ap_fixed_base<16, 8, true, (ap_q_mode)5, (ap_o_mode)3, 0>& ap_fixed_base<16, 8, true, (ap_q_mode)5, (ap_o_mode)3, 0>::operator=<48, 24, true, (ap_q_mode)5, (ap_o_mode)3, 0>(ap_fixed_base<48, 24, true, (ap_q_mode)5, (ap_o_mode)3, 0> const&)' (C:/Xilinx/Vitis_HLS/2022.2/common/technology/autopilot\ap_fixed_base.h:808:9)
INFO: [HLS 214-131] Inlining function 'ssdm_int<16, true>::ssdm_int(short)' into 'ap_fixed_base<16, 8, true, (ap_q_mode)5, (ap_o_mode)3, 0>::ap_fixed_base<48, 24, true, (ap_q_mode)5, (ap_o_mode)3, 0>(ap_fixed_base<48, 24, true, (ap_q_mode)5, (ap_o_mode)3, 0> const&)' (C:/Xilinx/Vitis_HLS/2022.2/common/technology/autopilot\ap_fixed_base.h:401:80)
INFO: [HLS 214-131] Inlining function 'ap_fixed_base<16, 8, true, (ap_q_mode)5, (ap_o_mode)3, 0>& ap_fixed_base<16, 8, true, (ap_q_mode)5, (ap_o_mode)3, 0>::operator=<48, 24, true, (ap_q_mode)5, (ap_o_mode)3, 0>(ap_fixed_base<48, 24, true, (ap_q_mode)5, (ap_o_mode)3, 0> const&)' into 'ap_fixed_base<16, 8, true, (ap_q_mode)5, (ap_o_mode)3, 0>::ap_fixed_base<48, 24, true, (ap_q_mode)5, (ap_o_mode)3, 0>(ap_fixed_base<48, 24, true, (ap_q_mode)5, (ap_o_mode)3, 0> const&)' (C:/Xilinx/Vitis_HLS/2022.2/common/technology/autopilot\ap_fixed_base.h:403:5)
INFO: [HLS 214-131] Inlining function 'ap_fixed_base<16, 8, true, (ap_q_mode)5, (ap_o_mode)3, 0>::ap_fixed_base<48, 24, true, (ap_q_mode)5, (ap_o_mode)3, 0>(ap_fixed_base<48, 24, true, (ap_q_mode)5, (ap_o_mode)3, 0> const&)' into 'ap_fixed<16, 8, (ap_q_mode)5, (ap_o_mode)3, 0>::ap_fixed<48, 24, true, (ap_q_mode)5, (ap_o_mode)3, 0>(ap_fixed_base<48, 24, true, (ap_q_mode)5, (ap_o_mode)3, 0> const&)'
INFO: [HLS 214-131] Inlining function 'ap_fixed_base<32, 32, true, (ap_q_mode)5, (ap_o_mode)3, 0>::operator!() const' into 'ap_fixed_base<16, 8, true, (ap_q_mode)5, (ap_o_mode)3, 0>& ap_fixed_base<16, 8, true, (ap_q_mode)5, (ap_o_mode)3, 0>::operator=<32, 32, true, (ap_q_mode)5, (ap_o_mode)3, 0>(ap_fixed_base<32, 32, true, (ap_q_mode)5, (ap_o_mode)3, 0> const&)' (C:/Xilinx/Vitis_HLS/2022.2/common/technology/autopilot\ap_fixed_base.h:808:9)
INFO: [HLS 214-131] Inlining function 'ap_fixed_base<16, 8, true, (ap_q_mode)5, (ap_o_mode)3, 0>& ap_fixed_base<16, 8, true, (ap_q_mode)5, (ap_o_mode)3, 0>::operator=<32, 32, true, (ap_q_mode)5, (ap_o_mode)3, 0>(ap_fixed_base<32, 32, true, (ap_q_mode)5, (ap_o_mode)3, 0> const&)' into 'ap_fixed_base<16, 8, true, (ap_q_mode)5, (ap_o_mode)3, 0>::ap_fixed_base(int)' (C:/Xilinx/Vitis_HLS/2022.2/common/technology/autopilot\ap_fixed_base.h:530:146)
INFO: [HLS 214-131] Inlining function 'ap_fixed_base<16, 8, true, (ap_q_mode)5, (ap_o_mode)3, 0>::ap_fixed_base(int)' into 'ap_fixed<16, 8, (ap_q_mode)5, (ap_o_mode)3, 0>::ap_fixed(int)'
INFO: [HLS 214-131] Inlining function 'bool ap_fixed_base<16, 8, true, (ap_q_mode)5, (ap_o_mode)3, 0>::operator><16, 8, true, (ap_q_mode)5, (ap_o_mode)3, 0>(ap_fixed_base<16, 8, true, (ap_q_mode)5, (ap_o_mode)3, 0> const&) const' into 'relu_act(ap_fixed<16, 8, (ap_q_mode)5, (ap_o_mode)3, 0>)' (C:/ecg_hls/include/ecg_types.h:65:15)
INFO: [HLS 214-131] Inlining function 'ap_fixed_base<16, 8, true, (ap_q_mode)5, (ap_o_mode)3, 0>::operator!() const' into 'ap_fixed_base<32, 16, true, (ap_q_mode)5, (ap_o_mode)3, 0>& ap_fixed_base<32, 16, true, (ap_q_mode)5, (ap_o_mode)3, 0>::operator=<16, 8, true, (ap_q_mode)5, (ap_o_mode)3, 0>(ap_fixed_base<16, 8, true, (ap_q_mode)5, (ap_o_mode)3, 0> const&)' (C:/Xilinx/Vitis_HLS/2022.2/common/technology/autopilot\ap_fixed_base.h:808:9)
INFO: [HLS 214-131] Inlining function 'ssdm_int<32, true>::ssdm_int(int)' into 'ap_fixed_base<32, 16, true, (ap_q_mode)5, (ap_o_mode)3, 0>::ap_fixed_base<16, 8, true, (ap_q_mode)5, (ap_o_mode)3, 0>(ap_fixed_base<16, 8, true, (ap_q_mode)5, (ap_o_mode)3, 0> const&)' (C:/Xilinx/Vitis_HLS/2022.2/common/technology/autopilot\ap_fixed_base.h:401:80)
INFO: [HLS 214-131] Inlining function 'ap_fixed_base<32, 16, true, (ap_q_mode)5, (ap_o_mode)3, 0>& ap_fixed_base<32, 16, true, (ap_q_mode)5, (ap_o_mode)3, 0>::operator=<16, 8, true, (ap_q_mode)5, (ap_o_mode)3, 0>(ap_fixed_base<16, 8, true, (ap_q_mode)5, (ap_o_mode)3, 0> const&)' into 'ap_fixed_base<32, 16, true, (ap_q_mode)5, (ap_o_mode)3, 0>::ap_fixed_base<16, 8, true, (ap_q_mode)5, (ap_o_mode)3, 0>(ap_fixed_base<16, 8, true, (ap_q_mode)5, (ap_o_mode)3, 0> const&)' (C:/Xilinx/Vitis_HLS/2022.2/common/technology/autopilot\ap_fixed_base.h:403:5)
INFO: [HLS 214-131] Inlining function 'ap_fixed_base<32, 16, true, (ap_q_mode)5, (ap_o_mode)3, 0>::ap_fixed_base<16, 8, true, (ap_q_mode)5, (ap_o_mode)3, 0>(ap_fixed_base<16, 8, true, (ap_q_mode)5, (ap_o_mode)3, 0> const&)' into 'ap_fixed<32, 16, (ap_q_mode)5, (ap_o_mode)3, 0>::ap_fixed<16, 8, true, (ap_q_mode)5, (ap_o_mode)3, 0>(ap_fixed_base<16, 8, true, (ap_q_mode)5, (ap_o_mode)3, 0> const&)'
INFO: [HLS 214-131] Inlining function 'ap_fixed_base<32, 32, true, (ap_q_mode)5, (ap_o_mode)3, 0>::operator!() const' into 'ap_fixed_base<64, 32, true, (ap_q_mode)5, (ap_o_mode)3, 0>& ap_fixed_base<64, 32, true, (ap_q_mode)5, (ap_o_mode)3, 0>::operator=<32, 32, true, (ap_q_mode)5, (ap_o_mode)3, 0>(ap_fixed_base<32, 32, true, (ap_q_mode)5, (ap_o_mode)3, 0> const&)' (C:/Xilinx/Vitis_HLS/2022.2/common/technology/autopilot\ap_fixed_base.h:808:9)
INFO: [HLS 214-131] Inlining function 'ap_fixed_base<64, 32, true, (ap_q_mode)5, (ap_o_mode)3, 0>& ap_fixed_base<64, 32, true, (ap_q_mode)5, (ap_o_mode)3, 0>::operator=<32, 32, true, (ap_q_mode)5, (ap_o_mode)3, 0>(ap_fixed_base<32, 32, true, (ap_q_mode)5, (ap_o_mode)3, 0> const&)' into 'ap_fixed_base<64, 32, true, (ap_q_mode)5, (ap_o_mode)3, 0>::ap_fixed_base(int)' (C:/Xilinx/Vitis_HLS/2022.2/common/technology/autopilot\ap_fixed_base.h:530:146)
INFO: [HLS 214-131] Inlining function 'ap_fixed_base<64, 32, true, (ap_q_mode)5, (ap_o_mode)3, 0>::ap_fixed_base(int)' into 'ap_fixed_base<32, 16, true, (ap_q_mode)5, (ap_o_mode)3, 0>::RType<32, 16, true>::mult ap_fixed_base<32, 16, true, (ap_q_mode)5, (ap_o_mode)3, 0>::operator*<32, 16, true, (ap_q_mode)5, (ap_o_mode)3, 0>(ap_fixed_base<32, 16, true, (ap_q_mode)5, (ap_o_mode)3, 0> const&) const' (C:/Xilinx/Vitis_HLS/2022.2/common/technology/autopilot\ap_fixed_base.h:1270:55)
INFO: [HLS 214-131] Inlining function 'ap_fixed_base<64, 32, true, (ap_q_mode)5, (ap_o_mode)3, 0>::ap_fixed_base(int)' into 'ap_fixed_base<32, 16, true, (ap_q_mode)5, (ap_o_mode)3, 0>::RType<32, 16, true>::mult ap_fixed_base<32, 16, true, (ap_q_mode)5, (ap_o_mode)3, 0>::operator*<32, 16, true, (ap_q_mode)5, (ap_o_mode)3, 0>(ap_fixed_base<32, 16, true, (ap_q_mode)5, (ap_o_mode)3, 0> const&) const' (C:/Xilinx/Vitis_HLS/2022.2/common/technology/autopilot\ap_fixed_base.h:1270:61)
INFO: [HLS 214-131] Inlining function 'ap_fixed_base<64, 32, true, (ap_q_mode)5, (ap_o_mode)3, 0>::operator!() const' into 'ap_fixed_base<32, 16, true, (ap_q_mode)5, (ap_o_mode)3, 0>& ap_fixed_base<32, 16, true, (ap_q_mode)5, (ap_o_mode)3, 0>::operator=<64, 32, true, (ap_q_mode)5, (ap_o_mode)3, 0>(ap_fixed_base<64, 32, true, (ap_q_mode)5, (ap_o_mode)3, 0> const&)' (C:/Xilinx/Vitis_HLS/2022.2/common/technology/autopilot\ap_fixed_base.h:808:9)
INFO: [HLS 214-131] Inlining function 'ssdm_int<32, true>::ssdm_int(int)' into 'ap_fixed_base<32, 16, true, (ap_q_mode)5, (ap_o_mode)3, 0>::ap_fixed_base<64, 32, true, (ap_q_mode)5, (ap_o_mode)3, 0>(ap_fixed_base<64, 32, true, (ap_q_mode)5, (ap_o_mode)3, 0> const&)' (C:/Xilinx/Vitis_HLS/2022.2/common/technology/autopilot\ap_fixed_base.h:401:80)
INFO: [HLS 214-131] Inlining function 'ap_fixed_base<32, 16, true, (ap_q_mode)5, (ap_o_mode)3, 0>& ap_fixed_base<32, 16, true, (ap_q_mode)5, (ap_o_mode)3, 0>::operator=<64, 32, true, (ap_q_mode)5, (ap_o_mode)3, 0>(ap_fixed_base<64, 32, true, (ap_q_mode)5, (ap_o_mode)3, 0> const&)' into 'ap_fixed_base<32, 16, true, (ap_q_mode)5, (ap_o_mode)3, 0>::ap_fixed_base<64, 32, true, (ap_q_mode)5, (ap_o_mode)3, 0>(ap_fixed_base<64, 32, true, (ap_q_mode)5, (ap_o_mode)3, 0> const&)' (C:/Xilinx/Vitis_HLS/2022.2/common/technology/autopilot\ap_fixed_base.h:403:5)
INFO: [HLS 214-131] Inlining function 'ap_fixed_base<32, 16, true, (ap_q_mode)5, (ap_o_mode)3, 0>::ap_fixed_base<64, 32, true, (ap_q_mode)5, (ap_o_mode)3, 0>(ap_fixed_base<64, 32, true, (ap_q_mode)5, (ap_o_mode)3, 0> const&)' into 'ap_fixed<32, 16, (ap_q_mode)5, (ap_o_mode)3, 0>::ap_fixed<64, 32, true, (ap_q_mode)5, (ap_o_mode)3, 0>(ap_fixed_base<64, 32, true, (ap_q_mode)5, (ap_o_mode)3, 0> const&)'
INFO: [HLS 214-131] Inlining function 'ssdm_int<64, false>::ssdm_int(unsigned long)' into 'ap_int_base<64, false>::ap_int_base(unsigned long long)' (C:/Xilinx/Vitis_HLS/2022.2/common/technology/autopilot\ap_int_base.h:219:72)
INFO: [HLS 214-131] Inlining function 'ap_int_base<64, false>::ap_int_base(unsigned long long)' into 'ap_int_base<48, false>::countLeadingZeros() const' (C:/Xilinx/Vitis_HLS/2022.2/common/technology/autopilot\ap_int_base.h:1201:30)
INFO: [HLS 214-131] Inlining function 'ap_int_base<48, false>::countLeadingZeros() const' into 'ap_fixed_base<48, 24, true, (ap_q_mode)5, (ap_o_mode)3, 0>::to_float() const' (C:/Xilinx/Vitis_HLS/2022.2/common/technology/autopilot\ap_fixed_base.h:1097:17)
INFO: [HLS 214-131] Inlining function 'rawBitsToFloat(unsigned long)' into 'ap_fixed_base<48, 24, true, (ap_q_mode)5, (ap_o_mode)3, 0>::to_float() const' (C:/Xilinx/Vitis_HLS/2022.2/common/technology/autopilot\ap_fixed_base.h:1126:12)
INFO: [HLS 214-131] Inlining function 'ap_fixed_base<48, 24, true, (ap_q_mode)5, (ap_o_mode)3, 0>::to_float() const' into 'ap_fixed_base<48, 24, true, (ap_q_mode)5, (ap_o_mode)3, 0>::operator float() const' (C:/Xilinx/Vitis_HLS/2022.2/common/technology/autopilot\ap_fixed_base.h:1181:73)
INFO: [HLS 214-131] Inlining function 'exp_reduce_::exp(float)' into 'hls::exp(float)' (C:\scratch\2022.2\hls_product\608\2022.2\src\shared\hls\clib\hlsmath\src\c++\expfloat.cpp:17:9)
INFO: [HLS 214-131] Inlining function 'hls::exp(float)' into 'softmax2(float, float, float&, float&)' (src/ecg_classifier.cpp:7:16)
INFO: [HLS 214-131] Inlining function 'hls::exp(float)' into 'softmax2(float, float, float&, float&)' (src/ecg_classifier.cpp:8:16)
INFO: [HLS 214-131] Inlining function 'ssdm_int<32, false>::ssdm_int(unsigned int)' into 'ap_int_base<32, false>::ap_int_base(unsigned int)' (C:/Xilinx/Vitis_HLS/2022.2/common/technology/autopilot\ap_int_base.h:215:76)
INFO: [HLS 214-131] Inlining function 'ap_int_base<32, false>::ap_int_base(unsigned int)' into 'ap_uint<32>::ap_uint(unsigned int)'
INFO: [HLS 214-131] Inlining function '_ZN8ssdm_intILi4ELb0EEC2EDq4_j' into 'ap_int_base<4, false>::ap_int_base(int)' (C:/Xilinx/Vitis_HLS/2022.2/common/technology/autopilot\ap_int_base.h:214:67)
INFO: [HLS 214-131] Inlining function 'ap_int_base<4, false>::ap_int_base(int)' into 'ap_uint<4>::ap_uint(int)'
INFO: [HLS 214-131] Inlining function 'ap_int_base<1, false>::ap_int_base(int)' into 'ap_uint<1>::ap_uint(int)'
INFO: [HLS 214-131] Inlining function 'hls::axis<ap_uint<32>, 1ul, 1ul, 1ul>::get_user_ptr()' into 'hls::stream<hls::axis<ap_uint<32>, 1ul, 1ul, 1ul>, 0>::write(hls::axis<ap_uint<32>, 1ul, 1ul, 1ul> const&)' (C:/Xilinx/Vitis_HLS/2022.2/common/technology/autopilot\ap_axi_sdata.h:258:51)
INFO: [HLS 214-131] Inlining function 'hls::axis<ap_uint<32>, 1ul, 1ul, 1ul>::get_dest_ptr()' into 'hls::stream<hls::axis<ap_uint<32>, 1ul, 1ul, 1ul>, 0>::write(hls::axis<ap_uint<32>, 1ul, 1ul, 1ul> const&)' (C:/Xilinx/Vitis_HLS/2022.2/common/technology/autopilot\ap_axi_sdata.h:261:26)
INFO: [HLS 214-131] Inlining function 'hls::axis<ap_uint<32>, 1ul, 1ul, 1ul>::get_id_ptr()' into 'hls::stream<hls::axis<ap_uint<32>, 1ul, 1ul, 1ul>, 0>::write(hls::axis<ap_uint<32>, 1ul, 1ul, 1ul> const&)' (C:/Xilinx/Vitis_HLS/2022.2/common/technology/autopilot\ap_axi_sdata.h:260:68)
INFO: [HLS 214-131] Inlining function 'hls::axis<ap_uint<32>, 1ul, 1ul, 1ul>::get_user_ptr()' into 'hls::stream<hls::axis<ap_uint<32>, 1ul, 1ul, 1ul>, 0>::write(hls::axis<ap_uint<32>, 1ul, 1ul, 1ul> const&)' (C:/Xilinx/Vitis_HLS/2022.2/common/technology/autopilot\ap_axi_sdata.h:260:37)
INFO: [HLS 214-131] Inlining function 'hls::axis<ap_uint<32>, 1ul, 1ul, 1ul>::get_dest_ptr()' into 'hls::stream<hls::axis<ap_uint<32>, 1ul, 1ul, 1ul>, 0>::write(hls::axis<ap_uint<32>, 1ul, 1ul, 1ul> const&)' (C:/Xilinx/Vitis_HLS/2022.2/common/technology/autopilot\ap_axi_sdata.h:259:40)
INFO: [HLS 214-131] Inlining function 'hls::axis<ap_uint<32>, 1ul, 1ul, 1ul>::get_id_ptr()' into 'hls::stream<hls::axis<ap_uint<32>, 1ul, 1ul, 1ul>, 0>::write(hls::axis<ap_uint<32>, 1ul, 1ul, 1ul> const&)' (C:/Xilinx/Vitis_HLS/2022.2/common/technology/autopilot\ap_axi_sdata.h:259:24)
INFO: [HLS 214-131] Inlining function 'hls::stream<hls::axis<ap_uint<32>, 1ul, 1ul, 1ul>, 0>::read()' into 'ecg_classifier(hls::stream<hls::axis<ap_uint<32>, 1ul, 1ul, 1ul>, 0>&, hls::stream<hls::axis<ap_uint<32>, 1ul, 1ul, 1ul>, 0>&)' (src/ecg_classifier.cpp:45:29)
INFO: [HLS 214-131] Inlining function 'hls::stream<hls::axis<ap_uint<32>, 1ul, 1ul, 1ul>, 0>::write(hls::axis<ap_uint<32>, 1ul, 1ul, 1ul> const&)' into 'ecg_classifier(hls::stream<hls::axis<ap_uint<32>, 1ul, 1ul, 1ul>, 0>&, hls::stream<hls::axis<ap_uint<32>, 1ul, 1ul, 1ul>, 0>&)' (src/ecg_classifier.cpp:324:20)
INFO: [HLS 214-131] Inlining function 'ap_int_base<32, false>::range(int, int)' into 'ecg_classifier(hls::stream<hls::axis<ap_uint<32>, 1ul, 1ul, 1ul>, 0>&, hls::stream<hls::axis<ap_uint<32>, 1ul, 1ul, 1ul>, 0>&)' (src/ecg_classifier.cpp:48:29)
INFO: [HLS 214-131] Inlining function 'ap_fixed_base<48, 24, true, (ap_q_mode)5, (ap_o_mode)3, 0>::operator float() const' into 'ecg_classifier(hls::stream<hls::axis<ap_uint<32>, 1ul, 1ul, 1ul>, 0>&, hls::stream<hls::axis<ap_uint<32>, 1ul, 1ul, 1ul>, 0>&)' (src/ecg_classifier.cpp:305:29)
INFO: [HLS 214-131] Inlining function 'ap_fixed_base<48, 24, true, (ap_q_mode)5, (ap_o_mode)3, 0>& ap_fixed_base<48, 24, true, (ap_q_mode)5, (ap_o_mode)3, 0>::operator+=<96, 48, true, (ap_q_mode)5, (ap_o_mode)3, 0>(ap_fixed_base<96, 48, true, (ap_q_mode)5, (ap_o_mode)3, 0> const&)' into 'ecg_classifier(hls::stream<hls::axis<ap_uint<32>, 1ul, 1ul, 1ul>, 0>&, hls::stream<hls::axis<ap_uint<32>, 1ul, 1ul, 1ul>, 0>&)' (src/ecg_classifier.cpp:303:6)
INFO: [HLS 214-131] Inlining function 'ap_fixed_base<48, 24, true, (ap_q_mode)5, (ap_o_mode)3, 0>::RType<48, 24, true>::mult ap_fixed_base<48, 24, true, (ap_q_mode)5, (ap_o_mode)3, 0>::operator*<48, 24, true, (ap_q_mode)5, (ap_o_mode)3, 0>(ap_fixed_base<48, 24, true, (ap_q_mode)5, (ap_o_mode)3, 0> const&) const' into 'ecg_classifier(hls::stream<hls::axis<ap_uint<32>, 1ul, 1ul, 1ul>, 0>&, hls::stream<hls::axis<ap_uint<32>, 1ul, 1ul, 1ul>, 0>&)' (src/ecg_classifier.cpp:303:31)
INFO: [HLS 214-131] Inlining function 'ap_fixed_base<32, 16, true, (ap_q_mode)5, (ap_o_mode)3, 0>::range(int, int)' into 'ecg_classifier(hls::stream<hls::axis<ap_uint<32>, 1ul, 1ul, 1ul>, 0>&, hls::stream<hls::axis<ap_uint<32>, 1ul, 1ul, 1ul>, 0>&)' (src/ecg_classifier.cpp:48:11)
INFO: [HLS 214-131] Inlining function 'ap_fixed_base<48, 24, true, (ap_q_mode)5, (ap_o_mode)3, 0>& ap_fixed_base<48, 24, true, (ap_q_mode)5, (ap_o_mode)3, 0>::operator+=<96, 48, true, (ap_q_mode)5, (ap_o_mode)3, 0>(ap_fixed_base<96, 48, true, (ap_q_mode)5, (ap_o_mode)3, 0> const&)' into 'ecg_classifier(hls::stream<hls::axis<ap_uint<32>, 1ul, 1ul, 1ul>, 0>&, hls::stream<hls::axis<ap_uint<32>, 1ul, 1ul, 1ul>, 0>&)' (src/ecg_classifier.cpp:292:6)
INFO: [HLS 214-131] Inlining function 'ap_fixed_base<48, 24, true, (ap_q_mode)5, (ap_o_mode)3, 0>::RType<48, 24, true>::mult ap_fixed_base<48, 24, true, (ap_q_mode)5, (ap_o_mode)3, 0>::operator*<48, 24, true, (ap_q_mode)5, (ap_o_mode)3, 0>(ap_fixed_base<48, 24, true, (ap_q_mode)5, (ap_o_mode)3, 0> const&) const' into 'ecg_classifier(hls::stream<hls::axis<ap_uint<32>, 1ul, 1ul, 1ul>, 0>&, hls::stream<hls::axis<ap_uint<32>, 1ul, 1ul, 1ul>, 0>&)' (src/ecg_classifier.cpp:292:28)
INFO: [HLS 214-131] Inlining function 'ap_fixed_base<32, 16, true, (ap_q_mode)5, (ap_o_mode)3, 0>::RType<32, 16, true>::mult ap_fixed_base<32, 16, true, (ap_q_mode)5, (ap_o_mode)3, 0>::operator*<32, 16, true, (ap_q_mode)5, (ap_o_mode)3, 0>(ap_fixed_base<32, 16, true, (ap_q_mode)5, (ap_o_mode)3, 0> const&) const' into 'ecg_classifier(hls::stream<hls::axis<ap_uint<32>, 1ul, 1ul, 1ul>, 0>&, hls::stream<hls::axis<ap_uint<32>, 1ul, 1ul, 1ul>, 0>&)' (src/ecg_classifier.cpp:283:26)
INFO: [HLS 214-131] Inlining function 'af_range_ref<32, 16, true, (ap_q_mode)5, (ap_o_mode)3, 0>& af_range_ref<32, 16, true, (ap_q_mode)5, (ap_o_mode)3, 0>::operator=<32, false>(ap_range_ref<32, false> const&)' into 'ecg_classifier(hls::stream<hls::axis<ap_uint<32>, 1ul, 1ul, 1ul>, 0>&, hls::stream<hls::axis<ap_uint<32>, 1ul, 1ul, 1ul>, 0>&)' (src/ecg_classifier.cpp:48:23)
INFO: [HLS 214-131] Inlining function 'ap_fixed_base<32, 16, true, (ap_q_mode)5, (ap_o_mode)3, 0>::RType<32, 16, true>::plus ap_fixed_base<32, 16, true, (ap_q_mode)5, (ap_o_mode)3, 0>::operator+<32, 16, true, (ap_q_mode)5, (ap_o_mode)3, 0>(ap_fixed_base<32, 16, true, (ap_q_mode)5, (ap_o_mode)3, 0> const&) const' into 'ecg_classifier(hls::stream<hls::axis<ap_uint<32>, 1ul, 1ul, 1ul>, 0>&, hls::stream<hls::axis<ap_uint<32>, 1ul, 1ul, 1ul>, 0>&)' (src/ecg_classifier.cpp:274:57)
INFO: [HLS 214-131] Inlining function 'ap_fixed_base<32, 16, true, (ap_q_mode)5, (ap_o_mode)3, 0>::RType<32, 16, true>::plus ap_fixed_base<32, 16, true, (ap_q_mode)5, (ap_o_mode)3, 0>::operator+<32, 16, true, (ap_q_mode)5, (ap_o_mode)3, 0>(ap_fixed_base<32, 16, true, (ap_q_mode)5, (ap_o_mode)3, 0> const&) const' into 'ecg_classifier(hls::stream<hls::axis<ap_uint<32>, 1ul, 1ul, 1ul>, 0>&, hls::stream<hls::axis<ap_uint<32>, 1ul, 1ul, 1ul>, 0>&)' (src/ecg_classifier.cpp:273:57)
INFO: [HLS 214-131] Inlining function 'ap_fixed_base<48, 24, true, (ap_q_mode)5, (ap_o_mode)3, 0>& ap_fixed_base<48, 24, true, (ap_q_mode)5, (ap_o_mode)3, 0>::operator+=<96, 48, true, (ap_q_mode)5, (ap_o_mode)3, 0>(ap_fixed_base<96, 48, true, (ap_q_mode)5, (ap_o_mode)3, 0> const&)' into 'ecg_classifier(hls::stream<hls::axis<ap_uint<32>, 1ul, 1ul, 1ul>, 0>&, hls::stream<hls::axis<ap_uint<32>, 1ul, 1ul, 1ul>, 0>&)' (src/ecg_classifier.cpp:270:30)
INFO: [HLS 214-131] Inlining function 'ap_fixed_base<48, 24, true, (ap_q_mode)5, (ap_o_mode)3, 0>::RType<48, 24, true>::mult ap_fixed_base<48, 24, true, (ap_q_mode)5, (ap_o_mode)3, 0>::operator*<48, 24, true, (ap_q_mode)5, (ap_o_mode)3, 0>(ap_fixed_base<48, 24, true, (ap_q_mode)5, (ap_o_mode)3, 0> const&) const' into 'ecg_classifier(hls::stream<hls::axis<ap_uint<32>, 1ul, 1ul, 1ul>, 0>&, hls::stream<hls::axis<ap_uint<32>, 1ul, 1ul, 1ul>, 0>&)' (src/ecg_classifier.cpp:270:42)
INFO: [HLS 214-131] Inlining function 'ap_fixed_base<48, 24, true, (ap_q_mode)5, (ap_o_mode)3, 0>& ap_fixed_base<48, 24, true, (ap_q_mode)5, (ap_o_mode)3, 0>::operator+=<96, 48, true, (ap_q_mode)5, (ap_o_mode)3, 0>(ap_fixed_base<96, 48, true, (ap_q_mode)5, (ap_o_mode)3, 0> const&)' into 'ecg_classifier(hls::stream<hls::axis<ap_uint<32>, 1ul, 1ul, 1ul>, 0>&, hls::stream<hls::axis<ap_uint<32>, 1ul, 1ul, 1ul>, 0>&)' (src/ecg_classifier.cpp:269:30)
INFO: [HLS 214-131] Inlining function 'ap_fixed_base<48, 24, true, (ap_q_mode)5, (ap_o_mode)3, 0>::RType<48, 24, true>::mult ap_fixed_base<48, 24, true, (ap_q_mode)5, (ap_o_mode)3, 0>::operator*<48, 24, true, (ap_q_mode)5, (ap_o_mode)3, 0>(ap_fixed_base<48, 24, true, (ap_q_mode)5, (ap_o_mode)3, 0> const&) const' into 'ecg_classifier(hls::stream<hls::axis<ap_uint<32>, 1ul, 1ul, 1ul>, 0>&, hls::stream<hls::axis<ap_uint<32>, 1ul, 1ul, 1ul>, 0>&)' (src/ecg_classifier.cpp:269:42)
INFO: [HLS 214-131] Inlining function 'ap_fixed_base<48, 24, true, (ap_q_mode)5, (ap_o_mode)3, 0>& ap_fixed_base<48, 24, true, (ap_q_mode)5, (ap_o_mode)3, 0>::operator+=<48, 24, true, (ap_q_mode)5, (ap_o_mode)3, 0>(ap_fixed_base<48, 24, true, (ap_q_mode)5, (ap_o_mode)3, 0> const&)' into 'ecg_classifier(hls::stream<hls::axis<ap_uint<32>, 1ul, 1ul, 1ul>, 0>&, hls::stream<hls::axis<ap_uint<32>, 1ul, 1ul, 1ul>, 0>&)' (src/ecg_classifier.cpp:56:11)
INFO: [HLS 214-131] Inlining function 'ap_fixed_base<48, 24, true, (ap_q_mode)5, (ap_o_mode)3, 0>::RType<32, 16, true>::mult ap_fixed_base<48, 24, true, (ap_q_mode)5, (ap_o_mode)3, 0>::operator*<32, 16, true, (ap_q_mode)5, (ap_o_mode)3, 0>(ap_fixed_base<32, 16, true, (ap_q_mode)5, (ap_o_mode)3, 0> const&) const' into 'ecg_classifier(hls::stream<hls::axis<ap_uint<32>, 1ul, 1ul, 1ul>, 0>&, hls::stream<hls::axis<ap_uint<32>, 1ul, 1ul, 1ul>, 0>&)' (src/ecg_classifier.cpp:58:40)
INFO: [HLS 214-131] Inlining function 'ap_fixed_base<48, 24, true, (ap_q_mode)5, (ap_o_mode)3, 0>& ap_fixed_base<48, 24, true, (ap_q_mode)5, (ap_o_mode)3, 0>::operator+=<96, 48, true, (ap_q_mode)5, (ap_o_mode)3, 0>(ap_fixed_base<96, 48, true, (ap_q_mode)5, (ap_o_mode)3, 0> const&)' into 'ecg_classifier(hls::stream<hls::axis<ap_uint<32>, 1ul, 1ul, 1ul>, 0>&, hls::stream<hls::axis<ap_uint<32>, 1ul, 1ul, 1ul>, 0>&)' (src/ecg_classifier.cpp:237:30)
INFO: [HLS 214-131] Inlining function 'ap_fixed_base<48, 24, true, (ap_q_mode)5, (ap_o_mode)3, 0>::RType<48, 24, true>::mult ap_fixed_base<48, 24, true, (ap_q_mode)5, (ap_o_mode)3, 0>::operator*<48, 24, true, (ap_q_mode)5, (ap_o_mode)3, 0>(ap_fixed_base<48, 24, true, (ap_q_mode)5, (ap_o_mode)3, 0> const&) const' into 'ecg_classifier(hls::stream<hls::axis<ap_uint<32>, 1ul, 1ul, 1ul>, 0>&, hls::stream<hls::axis<ap_uint<32>, 1ul, 1ul, 1ul>, 0>&)' (src/ecg_classifier.cpp:237:42)
INFO: [HLS 214-131] Inlining function 'ap_fixed_base<48, 24, true, (ap_q_mode)5, (ap_o_mode)3, 0>& ap_fixed_base<48, 24, true, (ap_q_mode)5, (ap_o_mode)3, 0>::operator+=<96, 48, true, (ap_q_mode)5, (ap_o_mode)3, 0>(ap_fixed_base<96, 48, true, (ap_q_mode)5, (ap_o_mode)3, 0> const&)' into 'ecg_classifier(hls::stream<hls::axis<ap_uint<32>, 1ul, 1ul, 1ul>, 0>&, hls::stream<hls::axis<ap_uint<32>, 1ul, 1ul, 1ul>, 0>&)' (src/ecg_classifier.cpp:236:30)
INFO: [HLS 214-131] Inlining function 'ap_fixed_base<48, 24, true, (ap_q_mode)5, (ap_o_mode)3, 0>::RType<48, 24, true>::mult ap_fixed_base<48, 24, true, (ap_q_mode)5, (ap_o_mode)3, 0>::operator*<48, 24, true, (ap_q_mode)5, (ap_o_mode)3, 0>(ap_fixed_base<48, 24, true, (ap_q_mode)5, (ap_o_mode)3, 0> const&) const' into 'ecg_classifier(hls::stream<hls::axis<ap_uint<32>, 1ul, 1ul, 1ul>, 0>&, hls::stream<hls::axis<ap_uint<32>, 1ul, 1ul, 1ul>, 0>&)' (src/ecg_classifier.cpp:236:42)
INFO: [HLS 214-131] Inlining function 'ap_fixed_base<48, 24, true, (ap_q_mode)5, (ap_o_mode)3, 0>& ap_fixed_base<48, 24, true, (ap_q_mode)5, (ap_o_mode)3, 0>::operator+=<96, 48, true, (ap_q_mode)5, (ap_o_mode)3, 0>(ap_fixed_base<96, 48, true, (ap_q_mode)5, (ap_o_mode)3, 0> const&)' into 'ecg_classifier(hls::stream<hls::axis<ap_uint<32>, 1ul, 1ul, 1ul>, 0>&, hls::stream<hls::axis<ap_uint<32>, 1ul, 1ul, 1ul>, 0>&)' (src/ecg_classifier.cpp:186:30)
INFO: [HLS 214-131] Inlining function 'ap_fixed_base<48, 24, true, (ap_q_mode)5, (ap_o_mode)3, 0>::RType<48, 24, true>::mult ap_fixed_base<48, 24, true, (ap_q_mode)5, (ap_o_mode)3, 0>::operator*<48, 24, true, (ap_q_mode)5, (ap_o_mode)3, 0>(ap_fixed_base<48, 24, true, (ap_q_mode)5, (ap_o_mode)3, 0> const&) const' into 'ecg_classifier(hls::stream<hls::axis<ap_uint<32>, 1ul, 1ul, 1ul>, 0>&, hls::stream<hls::axis<ap_uint<32>, 1ul, 1ul, 1ul>, 0>&)' (src/ecg_classifier.cpp:186:42)
INFO: [HLS 214-131] Inlining function 'ap_fixed_base<48, 24, true, (ap_q_mode)5, (ap_o_mode)3, 0>& ap_fixed_base<48, 24, true, (ap_q_mode)5, (ap_o_mode)3, 0>::operator+=<96, 48, true, (ap_q_mode)5, (ap_o_mode)3, 0>(ap_fixed_base<96, 48, true, (ap_q_mode)5, (ap_o_mode)3, 0> const&)' into 'ecg_classifier(hls::stream<hls::axis<ap_uint<32>, 1ul, 1ul, 1ul>, 0>&, hls::stream<hls::axis<ap_uint<32>, 1ul, 1ul, 1ul>, 0>&)' (src/ecg_classifier.cpp:185:30)
INFO: [HLS 214-131] Inlining function 'ap_fixed_base<48, 24, true, (ap_q_mode)5, (ap_o_mode)3, 0>::RType<48, 24, true>::mult ap_fixed_base<48, 24, true, (ap_q_mode)5, (ap_o_mode)3, 0>::operator*<48, 24, true, (ap_q_mode)5, (ap_o_mode)3, 0>(ap_fixed_base<48, 24, true, (ap_q_mode)5, (ap_o_mode)3, 0> const&) const' into 'ecg_classifier(hls::stream<hls::axis<ap_uint<32>, 1ul, 1ul, 1ul>, 0>&, hls::stream<hls::axis<ap_uint<32>, 1ul, 1ul, 1ul>, 0>&)' (src/ecg_classifier.cpp:185:42)
INFO: [HLS 214-131] Inlining function 'ap_fixed_base<32, 16, true, (ap_q_mode)5, (ap_o_mode)3, 0>::RType<32, 16, true>::minus ap_fixed_base<32, 16, true, (ap_q_mode)5, (ap_o_mode)3, 0>::operator-<32, 16, true, (ap_q_mode)5, (ap_o_mode)3, 0>(ap_fixed_base<32, 16, true, (ap_q_mode)5, (ap_o_mode)3, 0> const&) const' into 'ecg_classifier(hls::stream<hls::axis<ap_uint<32>, 1ul, 1ul, 1ul>, 0>&, hls::stream<hls::axis<ap_uint<32>, 1ul, 1ul, 1ul>, 0>&)' (src/ecg_classifier.cpp:64:26)
INFO: [HLS 214-131] Inlining function 'ap_fixed_base<48, 24, true, (ap_q_mode)5, (ap_o_mode)3, 0>& ap_fixed_base<48, 24, true, (ap_q_mode)5, (ap_o_mode)3, 0>::operator+=<96, 48, true, (ap_q_mode)5, (ap_o_mode)3, 0>(ap_fixed_base<96, 48, true, (ap_q_mode)5, (ap_o_mode)3, 0> const&)' into 'ecg_classifier(hls::stream<hls::axis<ap_uint<32>, 1ul, 1ul, 1ul>, 0>&, hls::stream<hls::axis<ap_uint<32>, 1ul, 1ul, 1ul>, 0>&)' (src/ecg_classifier.cpp:152:6)
INFO: [HLS 214-131] Inlining function 'ap_fixed_base<48, 24, true, (ap_q_mode)5, (ap_o_mode)3, 0>::RType<48, 24, true>::mult ap_fixed_base<48, 24, true, (ap_q_mode)5, (ap_o_mode)3, 0>::operator*<48, 24, true, (ap_q_mode)5, (ap_o_mode)3, 0>(ap_fixed_base<48, 24, true, (ap_q_mode)5, (ap_o_mode)3, 0> const&) const' into 'ecg_classifier(hls::stream<hls::axis<ap_uint<32>, 1ul, 1ul, 1ul>, 0>&, hls::stream<hls::axis<ap_uint<32>, 1ul, 1ul, 1ul>, 0>&)' (src/ecg_classifier.cpp:152:28)
INFO: [HLS 214-131] Inlining function 'ap_fixed_base<48, 24, true, (ap_q_mode)5, (ap_o_mode)3, 0>& ap_fixed_base<48, 24, true, (ap_q_mode)5, (ap_o_mode)3, 0>::operator+=<96, 48, true, (ap_q_mode)5, (ap_o_mode)3, 0>(ap_fixed_base<96, 48, true, (ap_q_mode)5, (ap_o_mode)3, 0> const&)' into 'ecg_classifier(hls::stream<hls::axis<ap_uint<32>, 1ul, 1ul, 1ul>, 0>&, hls::stream<hls::axis<ap_uint<32>, 1ul, 1ul, 1ul>, 0>&)' (src/ecg_classifier.cpp:135:29)
INFO: [HLS 214-131] Inlining function 'ap_fixed_base<48, 24, true, (ap_q_mode)5, (ap_o_mode)3, 0>::RType<48, 24, true>::mult ap_fixed_base<48, 24, true, (ap_q_mode)5, (ap_o_mode)3, 0>::operator*<48, 24, true, (ap_q_mode)5, (ap_o_mode)3, 0>(ap_fixed_base<48, 24, true, (ap_q_mode)5, (ap_o_mode)3, 0> const&) const' into 'ecg_classifier(hls::stream<hls::axis<ap_uint<32>, 1ul, 1ul, 1ul>, 0>&, hls::stream<hls::axis<ap_uint<32>, 1ul, 1ul, 1ul>, 0>&)' (src/ecg_classifier.cpp:135:41)
INFO: [HLS 214-131] Inlining function 'ap_fixed_base<33, 17, true, (ap_q_mode)5, (ap_o_mode)3, 0>::RType<32, 16, true>::mult ap_fixed_base<33, 17, true, (ap_q_mode)5, (ap_o_mode)3, 0>::operator*<32, 16, true, (ap_q_mode)5, (ap_o_mode)3, 0>(ap_fixed_base<32, 16, true, (ap_q_mode)5, (ap_o_mode)3, 0> const&) const' into 'ecg_classifier(hls::stream<hls::axis<ap_uint<32>, 1ul, 1ul, 1ul>, 0>&, hls::stream<hls::axis<ap_uint<32>, 1ul, 1ul, 1ul>, 0>&)' (src/ecg_classifier.cpp:76:41)
INFO: [HLS 214-131] Inlining function 'ap_fixed_base<32, 16, true, (ap_q_mode)5, (ap_o_mode)3, 0>::RType<32, 16, true>::minus ap_fixed_base<32, 16, true, (ap_q_mode)5, (ap_o_mode)3, 0>::operator-<32, 16, true, (ap_q_mode)5, (ap_o_mode)3, 0>(ap_fixed_base<32, 16, true, (ap_q_mode)5, (ap_o_mode)3, 0> const&) const' into 'ecg_classifier(hls::stream<hls::axis<ap_uint<32>, 1ul, 1ul, 1ul>, 0>&, hls::stream<hls::axis<ap_uint<32>, 1ul, 1ul, 1ul>, 0>&)' (src/ecg_classifier.cpp:76:30)
INFO: [HLS 214-131] Inlining function 'ap_fixed_base<32, 16, true, (ap_q_mode)5, (ap_o_mode)3, 0>::RType<32, 16, true>::div ap_fixed_base<32, 16, true, (ap_q_mode)5, (ap_o_mode)3, 0>::operator/<32, 16, true, (ap_q_mode)5, (ap_o_mode)3, 0>(ap_fixed_base<32, 16, true, (ap_q_mode)5, (ap_o_mode)3, 0> const&) const' into 'ecg_classifier(hls::stream<hls::axis<ap_uint<32>, 1ul, 1ul, 1ul>, 0>&, hls::stream<hls::axis<ap_uint<32>, 1ul, 1ul, 1ul>, 0>&)' (src/ecg_classifier.cpp:71:38)
INFO: [HLS 214-131] Inlining function 'ap_fixed_base<32, 16, true, (ap_q_mode)5, (ap_o_mode)3, 0>::RType<32, 16, true>::plus ap_fixed_base<32, 16, true, (ap_q_mode)5, (ap_o_mode)3, 0>::operator+<32, 16, true, (ap_q_mode)5, (ap_o_mode)3, 0>(ap_fixed_base<32, 16, true, (ap_q_mode)5, (ap_o_mode)3, 0> const&) const' into 'ecg_classifier(hls::stream<hls::axis<ap_uint<32>, 1ul, 1ul, 1ul>, 0>&, hls::stream<hls::axis<ap_uint<32>, 1ul, 1ul, 1ul>, 0>&)' (src/ecg_classifier.cpp:70:49)
INFO: [HLS 214-131] Inlining function 'ap_fixed_base<48, 24, true, (ap_q_mode)5, (ap_o_mode)3, 0>::RType<48, 24, true>::mult ap_fixed_base<48, 24, true, (ap_q_mode)5, (ap_o_mode)3, 0>::operator*<48, 24, true, (ap_q_mode)5, (ap_o_mode)3, 0>(ap_fixed_base<48, 24, true, (ap_q_mode)5, (ap_o_mode)3, 0> const&) const' into 'ecg_classifier(hls::stream<hls::axis<ap_uint<32>, 1ul, 1ul, 1ul>, 0>&, hls::stream<hls::axis<ap_uint<32>, 1ul, 1ul, 1ul>, 0>&)' (src/ecg_classifier.cpp:65:29)
INFO: [HLS 214-131] Inlining function 'ap_fixed_base<48, 24, true, (ap_q_mode)5, (ap_o_mode)3, 0>& ap_fixed_base<48, 24, true, (ap_q_mode)5, (ap_o_mode)3, 0>::operator+=<96, 48, true, (ap_q_mode)5, (ap_o_mode)3, 0>(ap_fixed_base<96, 48, true, (ap_q_mode)5, (ap_o_mode)3, 0> const&)' into 'ecg_classifier(hls::stream<hls::axis<ap_uint<32>, 1ul, 1ul, 1ul>, 0>&, hls::stream<hls::axis<ap_uint<32>, 1ul, 1ul, 1ul>, 0>&)' (src/ecg_classifier.cpp:65:17)
INFO: [HLS 214-131] Inlining function 'ap_fixed_base<32, 16, true, (ap_q_mode)5, (ap_o_mode)3, 0>::operator float() const' into 'ecg_classifier(hls::stream<hls::axis<ap_uint<32>, 1ul, 1ul, 1ul>, 0>&, hls::stream<hls::axis<ap_uint<32>, 1ul, 1ul, 1ul>, 0>&)' (src/ecg_classifier.cpp:68:29)
INFO: [HLS 214-131] Inlining function 'ap_fixed_base<48, 24, true, (ap_q_mode)5, (ap_o_mode)3, 0>::RType<32, 16, true>::mult ap_fixed_base<48, 24, true, (ap_q_mode)5, (ap_o_mode)3, 0>::operator*<32, 16, true, (ap_q_mode)5, (ap_o_mode)3, 0>(ap_fixed_base<32, 16, true, (ap_q_mode)5, (ap_o_mode)3, 0> const&) const' into 'ecg_classifier(hls::stream<hls::axis<ap_uint<32>, 1ul, 1ul, 1ul>, 0>&, hls::stream<hls::axis<ap_uint<32>, 1ul, 1ul, 1ul>, 0>&)' (src/ecg_classifier.cpp:67:38)
INFO: [HLS 214-186] Unrolling loop 'SHIFT_WIN23_K' (src/ecg_classifier.cpp:245:13) in function 'ecg_classifier' completely with a factor of 4 (src/ecg_classifier.cpp:17:0)
INFO: [HLS 214-186] Unrolling loop 'SHIFT_WIN23_CH' (src/ecg_classifier.cpp:248:17) in function 'ecg_classifier' completely with a factor of 128 (src/ecg_classifier.cpp:17:0)
INFO: [HLS 214-186] Unrolling loop 'INSERT_WIN23_CH' (src/ecg_classifier.cpp:254:13) in function 'ecg_classifier' completely with a factor of 128 (src/ecg_classifier.cpp:17:0)
INFO: [HLS 214-186] Unrolling loop 'INIT_WIN23_K' (src/ecg_classifier.cpp:208:9) in function 'ecg_classifier' completely with a factor of 5 (src/ecg_classifier.cpp:17:0)
INFO: [HLS 214-186] Unrolling loop 'INIT_WIN23_CH' (src/ecg_classifier.cpp:211:13) in function 'ecg_classifier' completely with a factor of 128 (src/ecg_classifier.cpp:17:0)
INFO: [HLS 214-186] Unrolling loop 'SHIFT_WIN0_K' (src/ecg_classifier.cpp:117:17) in function 'ecg_classifier' completely with a factor of 6 (src/ecg_classifier.cpp:17:0)
INFO: [HLS 214-186] Unrolling loop 'SHIFT_WIN0_CH' (src/ecg_classifier.cpp:120:21) in function 'ecg_classifier' completely with a factor of 64 (src/ecg_classifier.cpp:17:0)
INFO: [HLS 214-186] Unrolling loop 'SHIFT_WIN01_K' (src/ecg_classifier.cpp:160:13) in function 'ecg_classifier' completely with a factor of 6 (src/ecg_classifier.cpp:17:0)
INFO: [HLS 214-186] Unrolling loop 'SHIFT_WIN01_CH' (src/ecg_classifier.cpp:163:17) in function 'ecg_classifier' completely with a factor of 64 (src/ecg_classifier.cpp:17:0)
INFO: [HLS 214-186] Unrolling loop 'INSERT_WIN01_CH' (src/ecg_classifier.cpp:169:13) in function 'ecg_classifier' completely with a factor of 64 (src/ecg_classifier.cpp:17:0)
INFO: [HLS 214-186] Unrolling loop 'INIT_WIN01_K' (src/ecg_classifier.cpp:100:9) in function 'ecg_classifier' completely with a factor of 7 (src/ecg_classifier.cpp:17:0)
INFO: [HLS 214-186] Unrolling loop 'INIT_WIN01_CH' (src/ecg_classifier.cpp:103:13) in function 'ecg_classifier' completely with a factor of 64 (src/ecg_classifier.cpp:17:0)
INFO: [HLS 214-186] Unrolling loop 'INIT_WIN0_K' (src/ecg_classifier.cpp:86:9) in function 'ecg_classifier' completely with a factor of 7 (src/ecg_classifier.cpp:17:0)
INFO: [HLS 214-186] Unrolling loop 'INIT_WIN0_CH' (src/ecg_classifier.cpp:89:13) in function 'ecg_classifier' completely with a factor of 64 (src/ecg_classifier.cpp:17:0)
INFO: [HLS 214-178] Inlining function 'ap_fixed_base<32, 16, true, (ap_q_mode)5, (ap_o_mode)3, 0>::ap_fixed_base(double)' into 'ecg_classifier(hls::stream<hls::axis<ap_uint<32>, 1ul, 1ul, 1ul>, 0>&, hls::stream<hls::axis<ap_uint<32>, 1ul, 1ul, 1ul>, 0>&)' (src/ecg_classifier.cpp:17:0)
INFO: [HLS 214-178] Inlining function 'hls::sqrt(float)' into 'ecg_classifier(hls::stream<hls::axis<ap_uint<32>, 1ul, 1ul, 1ul>, 0>&, hls::stream<hls::axis<ap_uint<32>, 1ul, 1ul, 1ul>, 0>&)' (src/ecg_classifier.cpp:17:0)
INFO: [HLS 214-178] Inlining function 'relu(ap_fixed<32, 16, (ap_q_mode)5, (ap_o_mode)3, 0>)' into 'ecg_classifier(hls::stream<hls::axis<ap_uint<32>, 1ul, 1ul, 1ul>, 0>&, hls::stream<hls::axis<ap_uint<32>, 1ul, 1ul, 1ul>, 0>&)' (src/ecg_classifier.cpp:17:0)
INFO: [HLS 214-178] Inlining function 'relu_act(ap_fixed<16, 8, (ap_q_mode)5, (ap_o_mode)3, 0>)' into 'ecg_classifier(hls::stream<hls::axis<ap_uint<32>, 1ul, 1ul, 1ul>, 0>&, hls::stream<hls::axis<ap_uint<32>, 1ul, 1ul, 1ul>, 0>&)' (src/ecg_classifier.cpp:17:0)
INFO: [HLS 214-178] Inlining function 'softmax2(float, float, float&, float&)' into 'ecg_classifier(hls::stream<hls::axis<ap_uint<32>, 1ul, 1ul, 1ul>, 0>&, hls::stream<hls::axis<ap_uint<32>, 1ul, 1ul, 1ul>, 0>&)' (src/ecg_classifier.cpp:17:0)
INFO: [HLS 214-248] Applying array_partition to 'input_buf': Cyclic partitioning with factor 2 on dimension 1. (src/ecg_classifier.cpp:22:9)
INFO: [HLS 214-248] Applying array_partition to 'norm_buf': Cyclic partitioning with factor 2 on dimension 1. (src/ecg_classifier.cpp:23:12)
INFO: [HLS 214-248] Applying array_partition to 'buf2_circ': Complete partitioning on dimension 1. Cyclic partitioning with factor 2 on dimension 2. (src/ecg_classifier.cpp:29:8)
INFO: [HLS 214-248] Applying array_partition to 'gap_buf': Cyclic partitioning with factor 2 on dimension 1. (src/ecg_classifier.cpp:33:9)
INFO: [HLS 214-248] Applying array_partition to 'dense0_buf': Cyclic partitioning with factor 2 on dimension 1. (src/ecg_classifier.cpp:34:12)
INFO: [HLS 214-248] Applying array_partition to 'win0': Complete partitioning on dimension 1. Cyclic partitioning with factor 2 on dimension 2. (src/ecg_classifier.cpp:81:16)
INFO: [HLS 214-248] Applying array_partition to 'win01': Complete partitioning on dimension 1. Cyclic partitioning with factor 2 on dimension 2. (src/ecg_classifier.cpp:95:16)
INFO: [HLS 214-248] Applying array_partition to 'l1_out': Cyclic partitioning with factor 2 on dimension 1. (src/ecg_classifier.cpp:141:20)
INFO: [HLS 214-248] Applying array_partition to 'win23': Complete partitioning on dimension 1. Cyclic partitioning with factor 2 on dimension 2. (src/ecg_classifier.cpp:203:16)
INFO: [HLS 214-248] Applying array_partition to 'l3_out': Cyclic partitioning with factor 2 on dimension 1. (src/ecg_classifier.cpp:220:20)
INFO: [HLS 200-111] Finished Compiling Optimization and Transform: CPU user time: 2 seconds. CPU system time: 0 seconds. Elapsed time: 152.469 seconds; current allocated memory: 116.891 MB.
INFO: [HLS 200-111] Finished Checking Pragmas: CPU user time: 0 seconds. CPU system time: 0 seconds. Elapsed time: 0.027 seconds; current allocated memory: 116.891 MB.
INFO: [HLS 200-10] Starting code transformations ...
INFO: [HLS 200-111] Finished Standard Transforms: CPU user time: 3 seconds. CPU system time: 0 seconds. Elapsed time: 3.265 seconds; current allocated memory: 167.699 MB.
INFO: [HLS 200-10] Checking synthesizability ...
WARNING: [SYNCHK 200-120] C:/Xilinx/Vitis_HLS/2022.2/common/technology/autopilot\ap_fixed_base.h:1273: multiplication is assumed not to overflow by default, otherwise, please add option '-fwrapv'.
WARNING: [SYNCHK 200-23] C:/Xilinx/Vitis_HLS/2022.2/common/technology/autopilot\ap_fixed_base.h:1102: variable-indexed range selection may cause suboptimal QoR.
INFO: [SYNCHK 200-10] 0 error(s), 2 warning(s).
INFO: [HLS 200-111] Finished Checking Synthesizability: CPU user time: 1 seconds. CPU system time: 0 seconds. Elapsed time: 1.124 seconds; current allocated memory: 196.477 MB.
INFO: [XFORM 203-102] Partitioning array 'clf_w::L0_W.V' in dimension 2 automatically.
INFO: [XFORM 203-102] Automatically partitioning small array 'logits' (src/ecg_classifier.cpp:35) completely based on array size.
INFO: [XFORM 203-101] Partitioning array 'logits' (src/ecg_classifier.cpp:35) in dimension 1 completely.
INFO: [XFORM 203-102] Partitioning array 'win01.V.10' (src/ecg_classifier.cpp:95) automatically.
INFO: [XFORM 203-102] Partitioning array 'win01.V.11' (src/ecg_classifier.cpp:95) automatically.
INFO: [XFORM 203-102] Partitioning array 'win23.V.6' (src/ecg_classifier.cpp:203) automatically.
INFO: [XFORM 203-102] Partitioning array 'win23.V.7' (src/ecg_classifier.cpp:203) automatically.
INFO: [XFORM 203-401] Performing if-conversion on hyperblock from (src/ecg_classifier.cpp:131:9) to (src/ecg_classifier.cpp:130:21) in function 'ecg_classifier'... converting 3 basic blocks.
INFO: [XFORM 203-401] Performing if-conversion on hyperblock from (src/ecg_classifier.cpp:231:9) to (src/ecg_classifier.cpp:230:21) in function 'ecg_classifier'... converting 3 basic blocks.
INFO: [XFORM 203-401] Performing if-conversion on hyperblock to (src/ecg_classifier.cpp:298:5) in function 'ecg_classifier'... converting 10 basic blocks.
INFO: [XFORM 203-401] Performing if-conversion on hyperblock to (src/ecg_classifier.cpp:74:5) in function 'ecg_classifier'... converting 16 basic blocks.
INFO: [XFORM 203-11] Balancing expressions in function 'ecg_classifier' (src/ecg_classifier.cpp:8:21)...6 expression(s) balanced.
INFO: [HLS 200-111] Finished Loop, function and other optimizations: CPU user time: 10 seconds. CPU system time: 1 seconds. Elapsed time: 9.525 seconds; current allocated memory: 262.977 MB.
WARNING: [HLS 200-960] Cannot flatten loop 'L0_OC_FILL' (src/ecg_classifier.cpp:127:26) in function 'ecg_classifier' the outer loop is not a perfect loop because there is nontrivial logic before entering the inner loop.
INFO: [XFORM 203-541] Flattening a loop nest 'L0_STRIDE_FILL' (src/ecg_classifier.cpp:113:22) in function 'ecg_classifier'.
INFO: [XFORM 203-541] Flattening a loop nest 'L1_IC' (src/ecg_classifier.cpp:146:23) in function 'ecg_classifier'.
WARNING: [HLS 200-960] Cannot flatten loop 'L1_OC' (src/ecg_classifier.cpp:145:22) in function 'ecg_classifier' the outer loop is not a perfect loop because there is nontrivial logic before entering the inner loop.
INFO: [XFORM 203-541] Flattening a loop nest 'L2_IC' (src/ecg_classifier.cpp:177:23) in function 'ecg_classifier'.
WARNING: [HLS 200-960] Cannot flatten loop 'L2_OC_GROUP' (src/ecg_classifier.cpp:176:22) in function 'ecg_classifier' the outer loop is not a perfect loop because there is nontrivial logic before entering the inner loop.
WARNING: [HLS 200-960] Cannot flatten loop 'L012_T' (src/ecg_classifier.cpp:110:18) in function 'ecg_classifier' more than one sub loop.
INFO: [XFORM 203-541] Flattening a loop nest 'L3_IC' (src/ecg_classifier.cpp:225:23) in function 'ecg_classifier'.
WARNING: [HLS 200-960] Cannot flatten loop 'L3_OC_GROUP' (src/ecg_classifier.cpp:224:22) in function 'ecg_classifier' the outer loop is not a perfect loop because there is nontrivial logic in the loop latch.
INFO: [XFORM 203-541] Flattening a loop nest 'L4_IC' (src/ecg_classifier.cpp:261:23) in function 'ecg_classifier'.
WARNING: [HLS 200-960] Cannot flatten loop 'L4_GAP_OC_GROUP' (src/ecg_classifier.cpp:260:22) in function 'ecg_classifier' the outer loop is not a perfect loop because there is nontrivial logic in the loop latch.
WARNING: [HLS 200-960] Cannot flatten loop 'L34_T' (src/ecg_classifier.cpp:220:20) in function 'ecg_classifier' more than one sub loop.
WARNING: [HLS 200-960] Cannot flatten loop 'D0_OC' (src/ecg_classifier.cpp:287:14) in function 'ecg_classifier' the outer loop is not a perfect loop because there is nontrivial logic before entering the inner loop.
WARNING: [HLS 200-960] Cannot flatten loop 'D1_OC' (src/ecg_classifier.cpp:298:14) in function 'ecg_classifier' the outer loop is not a perfect loop.
INFO: [HLS 200-472] Inferring partial write operation for 'input_buf.V' (src/ecg_classifier.cpp:49:22)
INFO: [HLS 200-472] Inferring partial write operation for 'norm_buf.V' (src/ecg_classifier.cpp:76:14)
INFO: [HLS 200-472] Inferring partial write operation for 'win0.V' (src/ecg_classifier.cpp:91:13)
INFO: [HLS 200-472] Inferring partial write operation for 'win01.V.2' (src/ecg_classifier.cpp:105:14)
INFO: [HLS 200-472] Inferring partial write operation for 'win0.V.12' (src/ecg_classifier.cpp:137:42)
INFO: [HLS 200-472] Inferring partial write operation for 'win0.V.10' (src/ecg_classifier.cpp:122:13)
INFO: [HLS 200-472] Inferring partial write operation for 'l1_out.V' (src/ecg_classifier.cpp:156:28)
INFO: [HLS 200-472] Inferring partial write operation for 'win01.V.2' (src/ecg_classifier.cpp:165:14)
INFO: [HLS 200-472] Inferring partial write operation for 'buf2_circ.V' (src/ecg_classifier.cpp:189:44)
INFO: [HLS 200-472] Inferring partial write operation for 'buf2_circ.V.1' (src/ecg_classifier.cpp:190:44)
INFO: [HLS 200-472] Inferring partial write operation for 'gap_buf.V' (src/ecg_classifier.cpp:199:13)
INFO: [HLS 200-472] Inferring partial write operation for 'win23.V.2' (src/ecg_classifier.cpp:213:14)
INFO: [HLS 200-472] Inferring partial write operation for 'l3_out.V' (src/ecg_classifier.cpp:240:35)
INFO: [HLS 200-472] Inferring partial write operation for 'l3_out.V.1' (src/ecg_classifier.cpp:241:35)
INFO: [HLS 200-472] Inferring partial write operation for 'win23.V.2' (src/ecg_classifier.cpp:250:14)
INFO: [HLS 200-472] Inferring partial write operation for 'gap_buf.V' (src/ecg_classifier.cpp:273:36)
INFO: [HLS 200-472] Inferring partial write operation for 'gap_buf.V.1' (src/ecg_classifier.cpp:274:36)
INFO: [HLS 200-472] Inferring partial write operation for 'gap_buf.V' (src/ecg_classifier.cpp:283:20)
INFO: [HLS 200-472] Inferring partial write operation for 'dense0_buf.V' (src/ecg_classifier.cpp:294:24)
INFO: [HLS 200-111] Finished Architecture Synthesis: CPU user time: 21 seconds. CPU system time: 0 seconds. Elapsed time: 22.386 seconds; current allocated memory: 444.406 MB.
INFO: [HLS 200-10] Starting hardware synthesis ...
INFO: [HLS 200-10] Synthesizing 'ecg_classifier' ...
INFO: [HLS 200-10] ----------------------------------------------------------------
INFO: [HLS 200-42] -- Implementing module 'ecg_classifier_Pipeline_READ_INPUT' 
INFO: [HLS 200-10] ----------------------------------------------------------------
INFO: [SCHED 204-11] Starting scheduling ...
INFO: [SCHED 204-61] Pipelining loop 'READ_INPUT'.
INFO: [HLS 200-1470] Pipelining result : Target II = 1, Final II = 1, Depth = 1, loop 'READ_INPUT'
INFO: [SCHED 204-11] Finished scheduling.
INFO: [HLS 200-111] Finished Scheduling: CPU user time: 2 seconds. CPU system time: 0 seconds. Elapsed time: 1.829 seconds; current allocated memory: 449.102 MB.
INFO: [BIND 205-100] Starting micro-architecture generation ...
INFO: [BIND 205-101] Performing variable lifetime analysis.
INFO: [BIND 205-101] Exploring resource sharing.
INFO: [BIND 205-101] Binding ...
INFO: [BIND 205-100] Finished micro-architecture generation.
INFO: [HLS 200-111] Finished Binding: CPU user time: 0 seconds. CPU system time: 0 seconds. Elapsed time: 0.135 seconds; current allocated memory: 450.289 MB.
INFO: [HLS 200-10] ----------------------------------------------------------------
INFO: [HLS 200-42] -- Implementing module 'ecg_classifier_Pipeline_ZNORM_MEAN' 
INFO: [HLS 200-10] ----------------------------------------------------------------
INFO: [SCHED 204-11] Starting scheduling ...
INFO: [SCHED 204-61] Pipelining loop 'ZNORM_MEAN'.
INFO: [HLS 200-1470] Pipelining result : Target II = 1, Final II = 1, Depth = 2, loop 'ZNORM_MEAN'
INFO: [SCHED 204-11] Finished scheduling.
INFO: [HLS 200-111] Finished Scheduling: CPU user time: 0 seconds. CPU system time: 0 seconds. Elapsed time: 0.158 seconds; current allocated memory: 450.465 MB.
INFO: [BIND 205-100] Starting micro-architecture generation ...
INFO: [BIND 205-101] Performing variable lifetime analysis.
INFO: [BIND 205-101] Exploring resource sharing.
INFO: [BIND 205-101] Binding ...
INFO: [BIND 205-100] Finished micro-architecture generation.
INFO: [HLS 200-111] Finished Binding: CPU user time: 0 seconds. CPU system time: 0 seconds. Elapsed time: 0.12 seconds; current allocated memory: 450.613 MB.
INFO: [HLS 200-10] ----------------------------------------------------------------
INFO: [HLS 200-42] -- Implementing module 'ecg_classifier_Pipeline_ZNORM_VAR' 
INFO: [HLS 200-10] ----------------------------------------------------------------
INFO: [SCHED 204-11] Starting scheduling ...
INFO: [SCHED 204-61] Pipelining loop 'ZNORM_VAR'.
INFO: [HLS 200-1470] Pipelining result : Target II = 1, Final II = 1, Depth = 4, loop 'ZNORM_VAR'
INFO: [SCHED 204-11] Finished scheduling.
INFO: [HLS 200-111] Finished Scheduling: CPU user time: 0 seconds. CPU system time: 0 seconds. Elapsed time: 0.172 seconds; current allocated memory: 451.074 MB.
INFO: [BIND 205-100] Starting micro-architecture generation ...
INFO: [BIND 205-101] Performing variable lifetime analysis.
INFO: [BIND 205-101] Exploring resource sharing.
INFO: [BIND 205-101] Binding ...
INFO: [BIND 205-100] Finished micro-architecture generation.
INFO: [HLS 200-111] Finished Binding: CPU user time: 0 seconds. CPU system time: 0 seconds. Elapsed time: 0.124 seconds; current allocated memory: 451.121 MB.
INFO: [HLS 200-10] ----------------------------------------------------------------
INFO: [HLS 200-42] -- Implementing module 'ecg_classifier_Pipeline_ZNORM_APPLY' 
INFO: [HLS 200-10] ----------------------------------------------------------------
INFO: [SCHED 204-11] Starting scheduling ...
INFO: [SCHED 204-61] Pipelining loop 'ZNORM_APPLY'.
INFO: [HLS 200-1470] Pipelining result : Target II = 1, Final II = 1, Depth = 3, loop 'ZNORM_APPLY'
INFO: [SCHED 204-11] Finished scheduling.
INFO: [HLS 200-111] Finished Scheduling: CPU user time: 0 seconds. CPU system time: 0 seconds. Elapsed time: 0.184 seconds; current allocated memory: 451.410 MB.
INFO: [BIND 205-100] Starting micro-architecture generation ...
INFO: [BIND 205-101] Performing variable lifetime analysis.
INFO: [BIND 205-101] Exploring resource sharing.
INFO: [BIND 205-101] Binding ...
INFO: [BIND 205-100] Finished micro-architecture generation.
INFO: [HLS 200-111] Finished Binding: CPU user time: 1 seconds. CPU system time: 0 seconds. Elapsed time: 0.118 seconds; current allocated memory: 451.465 MB.
INFO: [HLS 200-10] ----------------------------------------------------------------
INFO: [HLS 200-42] -- Implementing module 'ecg_classifier_Pipeline_L0_K_FILL' 
INFO: [HLS 200-10] ----------------------------------------------------------------
INFO: [SCHED 204-11] Starting scheduling ...
INFO: [SCHED 204-61] Pipelining loop 'L0_K_FILL'.
INFO: [HLS 200-1470] Pipelining result : Target II = 1, Final II = 1, Depth = 4, loop 'L0_K_FILL'
INFO: [SCHED 204-11] Finished scheduling.
INFO: [HLS 200-111] Finished Scheduling: CPU user time: 0 seconds. CPU system time: 0 seconds. Elapsed time: 0.191 seconds; current allocated memory: 452.105 MB.
INFO: [BIND 205-100] Starting micro-architecture generation ...
INFO: [BIND 205-101] Performing variable lifetime analysis.
INFO: [BIND 205-101] Exploring resource sharing.
INFO: [BIND 205-101] Binding ...
INFO: [BIND 205-100] Finished micro-architecture generation.
INFO: [HLS 200-111] Finished Binding: CPU user time: 0 seconds. CPU system time: 0 seconds. Elapsed time: 0.16 seconds; current allocated memory: 452.133 MB.
INFO: [HLS 200-10] ----------------------------------------------------------------
INFO: [HLS 200-42] -- Implementing module 'ecg_classifier_Pipeline_L1_IC_L1_K' 
INFO: [HLS 200-10] ----------------------------------------------------------------
INFO: [SCHED 204-11] Starting scheduling ...
INFO: [SCHED 204-61] Pipelining loop 'L1_IC_L1_K'.
INFO: [HLS 200-1470] Pipelining result : Target II = 1, Final II = 1, Depth = 5, loop 'L1_IC_L1_K'
INFO: [SCHED 204-11] Finished scheduling.
INFO: [HLS 200-111] Finished Scheduling: CPU user time: 0 seconds. CPU system time: 0 seconds. Elapsed time: 0.342 seconds; current allocated memory: 452.840 MB.
INFO: [BIND 205-100] Starting micro-architecture generation ...
INFO: [BIND 205-101] Performing variable lifetime analysis.
INFO: [BIND 205-101] Exploring resource sharing.
INFO: [BIND 205-101] Binding ...
INFO: [BIND 205-100] Finished micro-architecture generation.
INFO: [HLS 200-111] Finished Binding: CPU user time: 0 seconds. CPU system time: 0 seconds. Elapsed time: 0.239 seconds; current allocated memory: 452.844 MB.
INFO: [HLS 200-10] ----------------------------------------------------------------
INFO: [HLS 200-42] -- Implementing module 'ecg_classifier_Pipeline_L2_IC_L2_K' 
INFO: [HLS 200-10] ----------------------------------------------------------------
INFO: [SCHED 204-11] Starting scheduling ...
INFO: [SCHED 204-61] Pipelining loop 'L2_IC_L2_K'.
INFO: [HLS 200-1470] Pipelining result : Target II = 1, Final II = 1, Depth = 5, loop 'L2_IC_L2_K'
INFO: [SCHED 204-11] Finished scheduling.
INFO: [HLS 200-111] Finished Scheduling: CPU user time: 0 seconds. CPU system time: 0 seconds. Elapsed time: 0.358 seconds; current allocated memory: 453.781 MB.
INFO: [BIND 205-100] Starting micro-architecture generation ...
INFO: [BIND 205-101] Performing variable lifetime analysis.
INFO: [BIND 205-101] Exploring resource sharing.
INFO: [BIND 205-101] Binding ...
INFO: [BIND 205-100] Finished micro-architecture generation.
INFO: [HLS 200-111] Finished Binding: CPU user time: 1 seconds. CPU system time: 0 seconds. Elapsed time: 0.202 seconds; current allocated memory: 453.910 MB.
INFO: [HLS 200-10] ----------------------------------------------------------------
INFO: [HLS 200-42] -- Implementing module 'ecg_classifier_Pipeline_GAP_INIT' 
INFO: [HLS 200-10] ----------------------------------------------------------------
INFO: [SCHED 204-11] Starting scheduling ...
INFO: [SCHED 204-61] Pipelining loop 'GAP_INIT'.
INFO: [HLS 200-1470] Pipelining result : Target II = 1, Final II = 1, Depth = 1, loop 'GAP_INIT'
INFO: [SCHED 204-11] Finished scheduling.
INFO: [HLS 200-111] Finished Scheduling: CPU user time: 0 seconds. CPU system time: 0 seconds. Elapsed time: 0.268 seconds; current allocated memory: 454.117 MB.
INFO: [BIND 205-100] Starting micro-architecture generation ...
INFO: [BIND 205-101] Performing variable lifetime analysis.
INFO: [BIND 205-101] Exploring resource sharing.
INFO: [BIND 205-101] Binding ...
INFO: [BIND 205-100] Finished micro-architecture generation.
INFO: [HLS 200-111] Finished Binding: CPU user time: 0 seconds. CPU system time: 0 seconds. Elapsed time: 0.107 seconds; current allocated memory: 454.168 MB.
INFO: [HLS 200-10] ----------------------------------------------------------------
INFO: [HLS 200-42] -- Implementing module 'ecg_classifier_Pipeline_L3_IC_L3_K' 
INFO: [HLS 200-10] ----------------------------------------------------------------
INFO: [SCHED 204-11] Starting scheduling ...
INFO: [SCHED 204-61] Pipelining loop 'L3_IC_L3_K'.
INFO: [HLS 200-1470] Pipelining result : Target II = 1, Final II = 1, Depth = 38, loop 'L3_IC_L3_K'
INFO: [SCHED 204-11] Finished scheduling.
INFO: [HLS 200-111] Finished Scheduling: CPU user time: 0 seconds. CPU system time: 0 seconds. Elapsed time: 0.277 seconds; current allocated memory: 455.062 MB.
INFO: [BIND 205-100] Starting micro-architecture generation ...
INFO: [BIND 205-101] Performing variable lifetime analysis.
INFO: [BIND 205-101] Exploring resource sharing.
INFO: [BIND 205-101] Binding ...
INFO: [BIND 205-100] Finished micro-architecture generation.
INFO: [HLS 200-111] Finished Binding: CPU user time: 0 seconds. CPU system time: 0 seconds. Elapsed time: 0.383 seconds; current allocated memory: 455.074 MB.
INFO: [HLS 200-10] ----------------------------------------------------------------
INFO: [HLS 200-42] -- Implementing module 'ecg_classifier_Pipeline_L4_IC_L4_K' 
INFO: [HLS 200-10] ----------------------------------------------------------------
INFO: [SCHED 204-11] Starting scheduling ...
INFO: [SCHED 204-61] Pipelining loop 'L4_IC_L4_K'.
INFO: [HLS 200-1470] Pipelining result : Target II = 1, Final II = 1, Depth = 4, loop 'L4_IC_L4_K'
INFO: [SCHED 204-11] Finished scheduling.
INFO: [HLS 200-111] Finished Scheduling: CPU user time: 1 seconds. CPU system time: 0 seconds. Elapsed time: 0.366 seconds; current allocated memory: 455.633 MB.
INFO: [BIND 205-100] Starting micro-architecture generation ...
INFO: [BIND 205-101] Performing variable lifetime analysis.
INFO: [BIND 205-101] Exploring resource sharing.
INFO: [BIND 205-101] Binding ...
INFO: [BIND 205-100] Finished micro-architecture generation.
INFO: [HLS 200-111] Finished Binding: CPU user time: 0 seconds. CPU system time: 0 seconds. Elapsed time: 0.215 seconds; current allocated memory: 455.672 MB.
INFO: [HLS 200-10] ----------------------------------------------------------------
INFO: [HLS 200-42] -- Implementing module 'ecg_classifier_Pipeline_GAP_NORM' 
INFO: [HLS 200-10] ----------------------------------------------------------------
INFO: [SCHED 204-11] Starting scheduling ...
INFO: [SCHED 204-61] Pipelining loop 'GAP_NORM'.
WARNING: [HLS 200-885] The II Violation in module 'ecg_classifier_Pipeline_GAP_NORM' (loop 'GAP_NORM'): Unable to schedule 'load' operation ('gap_buf_V_load', src/ecg_classifier.cpp:282) on array 'gap_buf_V' due to limited memory ports (II = 1). Please consider using a memory core with more ports or partitioning the array 'gap_buf_V'.
INFO: [HLS 200-1470] Pipelining result : Target II = 1, Final II = 2, Depth = 4, loop 'GAP_NORM'
INFO: [SCHED 204-11] Finished scheduling.
INFO: [HLS 200-111] Finished Scheduling: CPU user time: 0 seconds. CPU system time: 0 seconds. Elapsed time: 0.37 seconds; current allocated memory: 456.215 MB.
INFO: [BIND 205-100] Starting micro-architecture generation ...
INFO: [BIND 205-101] Performing variable lifetime analysis.
INFO: [BIND 205-101] Exploring resource sharing.
INFO: [BIND 205-101] Binding ...
INFO: [BIND 205-100] Finished micro-architecture generation.
INFO: [HLS 200-111] Finished Binding: CPU user time: 0 seconds. CPU system time: 0 seconds. Elapsed time: 0.17 seconds; current allocated memory: 456.281 MB.
INFO: [HLS 200-10] ----------------------------------------------------------------
INFO: [HLS 200-42] -- Implementing module 'ecg_classifier_Pipeline_D0_IC' 
INFO: [HLS 200-10] ----------------------------------------------------------------
INFO: [SCHED 204-11] Starting scheduling ...
INFO: [SCHED 204-61] Pipelining loop 'D0_IC'.
INFO: [HLS 200-1470] Pipelining result : Target II = 1, Final II = 1, Depth = 4, loop 'D0_IC'
INFO: [SCHED 204-11] Finished scheduling.
INFO: [HLS 200-111] Finished Scheduling: CPU user time: 0 seconds. CPU system time: 0 seconds. Elapsed time: 0.19 seconds; current allocated memory: 456.707 MB.
INFO: [BIND 205-100] Starting micro-architecture generation ...
INFO: [BIND 205-101] Performing variable lifetime analysis.
INFO: [BIND 205-101] Exploring resource sharing.
INFO: [BIND 205-101] Binding ...
INFO: [BIND 205-100] Finished micro-architecture generation.
INFO: [HLS 200-111] Finished Binding: CPU user time: 0 seconds. CPU system time: 0 seconds. Elapsed time: 0.139 seconds; current allocated memory: 456.707 MB.
INFO: [HLS 200-10] ----------------------------------------------------------------
INFO: [HLS 200-42] -- Implementing module 'ecg_classifier_Pipeline_D1_IC' 
INFO: [HLS 200-10] ----------------------------------------------------------------
INFO: [SCHED 204-11] Starting scheduling ...
INFO: [SCHED 204-61] Pipelining loop 'D1_IC'.
INFO: [HLS 200-1470] Pipelining result : Target II = 1, Final II = 1, Depth = 4, loop 'D1_IC'
INFO: [SCHED 204-11] Finished scheduling.
INFO: [HLS 200-111] Finished Scheduling: CPU user time: 0 seconds. CPU system time: 0 seconds. Elapsed time: 0.206 seconds; current allocated memory: 456.848 MB.
INFO: [BIND 205-100] Starting micro-architecture generation ...
INFO: [BIND 205-101] Performing variable lifetime analysis.
INFO: [BIND 205-101] Exploring resource sharing.
INFO: [BIND 205-101] Binding ...
INFO: [BIND 205-100] Finished micro-architecture generation.
INFO: [HLS 200-111] Finished Binding: CPU user time: 1 seconds. CPU system time: 0 seconds. Elapsed time: 0.137 seconds; current allocated memory: 456.902 MB.
INFO: [HLS 200-10] ----------------------------------------------------------------
INFO: [HLS 200-42] -- Implementing module 'ecg_classifier_Pipeline_WRITE_OUTPUT' 
INFO: [HLS 200-10] ----------------------------------------------------------------
INFO: [SCHED 204-11] Starting scheduling ...
INFO: [SCHED 204-61] Pipelining loop 'WRITE_OUTPUT'.
INFO: [HLS 200-1470] Pipelining result : Target II = 1, Final II = 1, Depth = 11, loop 'WRITE_OUTPUT'
INFO: [SCHED 204-11] Finished scheduling.
INFO: [HLS 200-111] Finished Scheduling: CPU user time: 0 seconds. CPU system time: 0 seconds. Elapsed time: 0.212 seconds; current allocated memory: 456.973 MB.
INFO: [BIND 205-100] Starting micro-architecture generation ...
INFO: [BIND 205-101] Performing variable lifetime analysis.
INFO: [BIND 205-101] Exploring resource sharing.
INFO: [BIND 205-101] Binding ...
INFO: [BIND 205-100] Finished micro-architecture generation.
INFO: [HLS 200-111] Finished Binding: CPU user time: 0 seconds. CPU system time: 0 seconds. Elapsed time: 0.166 seconds; current allocated memory: 457.031 MB.
INFO: [HLS 200-10] ----------------------------------------------------------------
INFO: [HLS 200-42] -- Implementing module 'ecg_classifier' 
INFO: [HLS 200-10] ----------------------------------------------------------------
INFO: [SCHED 204-11] Starting scheduling ...
INFO: [SCHED 204-11] Finished scheduling.
INFO: [HLS 200-111] Finished Scheduling: CPU user time: 10 seconds. CPU system time: 0 seconds. Elapsed time: 10.073 seconds; current allocated memory: 532.500 MB.
INFO: [BIND 205-100] Starting micro-architecture generation ...
INFO: [BIND 205-101] Performing variable lifetime analysis.
INFO: [BIND 205-101] Exploring resource sharing.
WARNING: [BIND 205-102] The specified resource core for memory 'gap_buf_V' will be ignored if a simpler one can be used.
WARNING: [BIND 205-102] The specified resource core for memory 'gap_buf_V_1' will be ignored if a simpler one can be used.
WARNING: [BIND 205-102] The specified resource core for memory 'dense0_buf_V' will be ignored if a simpler one can be used.
WARNING: [BIND 205-102] The specified resource core for memory 'dense0_buf_V_1' will be ignored if a simpler one can be used.
INFO: [BIND 205-101] Binding ...
INFO: [BIND 205-100] Finished micro-architecture generation.
INFO: [HLS 200-111] Finished Binding: CPU user time: 7 seconds. CPU system time: 1 seconds. Elapsed time: 7.755 seconds; current allocated memory: 532.500 MB.
INFO: [HLS 200-10] ----------------------------------------------------------------
INFO: [HLS 200-10] -- Generating RTL for module 'ecg_classifier_Pipeline_READ_INPUT' 
INFO: [HLS 200-10] ----------------------------------------------------------------
INFO: [RTGEN 206-100] Finished creating RTL model for 'ecg_classifier_Pipeline_READ_INPUT'.
INFO: [HLS 200-111] Finished Creating RTL model: CPU user time: 4 seconds. CPU system time: 0 seconds. Elapsed time: 4.544 seconds; current allocated memory: 532.500 MB.
INFO: [HLS 200-10] ----------------------------------------------------------------
INFO: [HLS 200-10] -- Generating RTL for module 'ecg_classifier_Pipeline_ZNORM_MEAN' 
INFO: [HLS 200-10] ----------------------------------------------------------------
INFO: [HLS 200-1030] Apply Unified Pipeline Control on module 'ecg_classifier_Pipeline_ZNORM_MEAN' pipeline 'ZNORM_MEAN' pipeline type 'loop pipeline'
INFO: [RTGEN 206-100] Generating core module 'mux_21_32_1_1': 1 instance(s).
INFO: [RTGEN 206-100] Finished creating RTL model for 'ecg_classifier_Pipeline_ZNORM_MEAN'.
INFO: [HLS 200-111] Finished Creating RTL model: CPU user time: 0 seconds. CPU system time: 0 seconds. Elapsed time: 0.268 seconds; current allocated memory: 532.500 MB.
INFO: [HLS 200-10] ----------------------------------------------------------------
INFO: [HLS 200-10] -- Generating RTL for module 'ecg_classifier_Pipeline_ZNORM_VAR' 
INFO: [HLS 200-10] ----------------------------------------------------------------
INFO: [HLS 200-1030] Apply Unified Pipeline Control on module 'ecg_classifier_Pipeline_ZNORM_VAR' pipeline 'ZNORM_VAR' pipeline type 'loop pipeline'
INFO: [RTGEN 206-100] Generating core module 'mul_40s_40s_72_1_1': 1 instance(s).
INFO: [RTGEN 206-100] Generating core module 'mux_21_32_1_1': 1 instance(s).
INFO: [RTGEN 206-100] Finished creating RTL model for 'ecg_classifier_Pipeline_ZNORM_VAR'.
INFO: [HLS 200-111] Finished Creating RTL model: CPU user time: 1 seconds. CPU system time: 0 seconds. Elapsed time: 0.298 seconds; current allocated memory: 532.500 MB.
INFO: [HLS 200-10] ----------------------------------------------------------------
INFO: [HLS 200-10] -- Generating RTL for module 'ecg_classifier_Pipeline_ZNORM_APPLY' 
INFO: [HLS 200-10] ----------------------------------------------------------------
INFO: [HLS 200-1030] Apply Unified Pipeline Control on module 'ecg_classifier_Pipeline_ZNORM_APPLY' pipeline 'ZNORM_APPLY' pipeline type 'loop pipeline'
INFO: [RTGEN 206-100] Generating core module 'mul_33s_32s_48_1_1': 1 instance(s).
INFO: [RTGEN 206-100] Generating core module 'mux_21_32_1_1': 1 instance(s).
INFO: [RTGEN 206-100] Finished creating RTL model for 'ecg_classifier_Pipeline_ZNORM_APPLY'.
INFO: [HLS 200-111] Finished Creating RTL model: CPU user time: 0 seconds. CPU system time: 0 seconds. Elapsed time: 0.337 seconds; current allocated memory: 532.500 MB.
INFO: [HLS 200-10] ----------------------------------------------------------------
INFO: [HLS 200-10] -- Generating RTL for module 'ecg_classifier_Pipeline_L0_K_FILL' 
INFO: [HLS 200-10] ----------------------------------------------------------------
INFO: [HLS 200-1030] Apply Unified Pipeline Control on module 'ecg_classifier_Pipeline_L0_K_FILL' pipeline 'L0_K_FILL' pipeline type 'loop pipeline'
INFO: [RTGEN 206-100] Generating core module 'mul_27s_40s_66_1_1': 1 instance(s).
INFO: [RTGEN 206-100] Generating core module 'mux_21_32_1_1': 1 instance(s).
INFO: [RTGEN 206-100] Finished creating RTL model for 'ecg_classifier_Pipeline_L0_K_FILL'.
INFO: [RTMG 210-279] Implementing memory 'ecg_classifier_ecg_classifier_Pipeline_L0_K_FILL_L0_W_V_0_ROM_AUTO_1R' using auto ROMs.
INFO: [HLS 200-111] Finished Creating RTL model: CPU user time: 0 seconds. CPU system time: 0 seconds. Elapsed time: 0.315 seconds; current allocated memory: 532.500 MB.
INFO: [HLS 200-10] ----------------------------------------------------------------
INFO: [HLS 200-10] -- Generating RTL for module 'ecg_classifier_Pipeline_L1_IC_L1_K' 
INFO: [HLS 200-10] ----------------------------------------------------------------
INFO: [HLS 200-1030] Apply Unified Pipeline Control on module 'ecg_classifier_Pipeline_L1_IC_L1_K' pipeline 'L1_IC_L1_K' pipeline type 'loop pipeline'
INFO: [RTGEN 206-100] Generating core module 'mul_23s_40s_62_1_1': 1 instance(s).
INFO: [RTGEN 206-100] Generating core module 'mux_21_31_1_1': 2 instance(s).
INFO: [RTGEN 206-100] Generating core module 'mux_21_32_1_1': 12 instance(s).
INFO: [RTGEN 206-100] Generating core module 'mux_73_32_1_1': 1 instance(s).
INFO: [RTGEN 206-100] Finished creating RTL model for 'ecg_classifier_Pipeline_L1_IC_L1_K'.
INFO: [RTMG 210-279] Implementing memory 'ecg_classifier_ecg_classifier_Pipeline_L1_IC_L1_K_clf_w_L1_W_V_ROM_AUTO_1R' using auto ROMs.
INFO: [HLS 200-111] Finished Creating RTL model: CPU user time: 0 seconds. CPU system time: 0 seconds. Elapsed time: 0.484 seconds; current allocated memory: 532.500 MB.
INFO: [HLS 200-10] ----------------------------------------------------------------
INFO: [HLS 200-10] -- Generating RTL for module 'ecg_classifier_Pipeline_L2_IC_L2_K' 
INFO: [HLS 200-10] ----------------------------------------------------------------
INFO: [HLS 200-1030] Apply Unified Pipeline Control on module 'ecg_classifier_Pipeline_L2_IC_L2_K' pipeline 'L2_IC_L2_K' pipeline type 'loop pipeline'
INFO: [RTGEN 206-100] Generating core module 'mul_23s_39ns_62_1_1': 2 instance(s).
INFO: [RTGEN 206-100] Generating core module 'mux_21_31_1_1': 10 instance(s).
INFO: [RTGEN 206-100] Generating core module 'mux_53_31_1_1': 1 instance(s).
INFO: [RTGEN 206-100] Finished creating RTL model for 'ecg_classifier_Pipeline_L2_IC_L2_K'.
INFO: [RTMG 210-279] Implementing memory 'ecg_classifier_ecg_classifier_Pipeline_L2_IC_L2_K_clf_w_L2_W_V_ROM_AUTO_1R' using auto ROMs.
INFO: [HLS 200-111] Finished Creating RTL model: CPU user time: 1 seconds. CPU system time: 0 seconds. Elapsed time: 0.683 seconds; current allocated memory: 532.500 MB.
INFO: [HLS 200-10] ----------------------------------------------------------------
INFO: [HLS 200-10] -- Generating RTL for module 'ecg_classifier_Pipeline_GAP_INIT' 
INFO: [HLS 200-10] ----------------------------------------------------------------
INFO: [RTGEN 206-100] Finished creating RTL model for 'ecg_classifier_Pipeline_GAP_INIT'.
INFO: [HLS 200-111] Finished Creating RTL model: CPU user time: 0 seconds. CPU system time: 0 seconds. Elapsed time: 0.507 seconds; current allocated memory: 532.500 MB.
INFO: [HLS 200-10] ----------------------------------------------------------------
INFO: [HLS 200-10] -- Generating RTL for module 'ecg_classifier_Pipeline_L3_IC_L3_K' 
INFO: [HLS 200-10] ----------------------------------------------------------------
INFO: [HLS 200-1030] Apply Unified Pipeline Control on module 'ecg_classifier_Pipeline_L3_IC_L3_K' pipeline 'L3_IC_L3_K' pipeline type 'loop pipeline'
INFO: [RTGEN 206-100] Generating core module 'mul_22s_31ns_53_1_1': 2 instance(s).
INFO: [RTGEN 206-100] Generating core module 'mux_21_15_1_1': 5 instance(s).
INFO: [RTGEN 206-100] Generating core module 'mux_53_15_1_1': 1 instance(s).
INFO: [RTGEN 206-100] Generating core module 'urem_32s_4ns_3_36_1': 1 instance(s).
INFO: [RTGEN 206-100] Finished creating RTL model for 'ecg_classifier_Pipeline_L3_IC_L3_K'.
INFO: [RTMG 210-279] Implementing memory 'ecg_classifier_ecg_classifier_Pipeline_L3_IC_L3_K_clf_w_L3_W_V_ROM_AUTO_1R' using auto ROMs.
INFO: [HLS 200-111] Finished Creating RTL model: CPU user time: 1 seconds. CPU system time: 0 seconds. Elapsed time: 0.557 seconds; current allocated memory: 532.500 MB.
INFO: [HLS 200-10] ----------------------------------------------------------------
INFO: [HLS 200-10] -- Generating RTL for module 'ecg_classifier_Pipeline_L4_IC_L4_K' 
INFO: [HLS 200-10] ----------------------------------------------------------------
INFO: [HLS 200-1030] Apply Unified Pipeline Control on module 'ecg_classifier_Pipeline_L4_IC_L4_K' pipeline 'L4_IC_L4_K' pipeline type 'loop pipeline'
INFO: [RTGEN 206-100] Generating core module 'mul_22s_39ns_61_1_1': 2 instance(s).
INFO: [RTGEN 206-100] Generating core module 'mux_21_31_1_1': 6 instance(s).
INFO: [RTGEN 206-100] Generating core module 'mux_32_31_1_1': 1 instance(s).
INFO: [RTGEN 206-100] Finished creating RTL model for 'ecg_classifier_Pipeline_L4_IC_L4_K'.
INFO: [RTMG 210-279] Implementing memory 'ecg_classifier_ecg_classifier_Pipeline_L4_IC_L4_K_clf_w_L4_W_V_ROM_AUTO_1R' using auto ROMs.
INFO: [HLS 200-111] Finished Creating RTL model: CPU user time: 0 seconds. CPU system time: 0 seconds. Elapsed time: 0.745 seconds; current allocated memory: 532.500 MB.
INFO: [HLS 200-10] ----------------------------------------------------------------
INFO: [HLS 200-10] -- Generating RTL for module 'ecg_classifier_Pipeline_GAP_NORM' 
INFO: [HLS 200-10] ----------------------------------------------------------------
INFO: [HLS 200-1030] Apply Unified Pipeline Control on module 'ecg_classifier_Pipeline_GAP_NORM' pipeline 'GAP_NORM' pipeline type 'loop pipeline'
INFO: [RTGEN 206-100] Generating core module 'mul_32s_12ns_44_1_1': 1 instance(s).
INFO: [RTGEN 206-100] Generating core module 'mux_21_32_1_1': 1 instance(s).
INFO: [RTGEN 206-100] Finished creating RTL model for 'ecg_classifier_Pipeline_GAP_NORM'.
INFO: [HLS 200-111] Finished Creating RTL model: CPU user time: 0 seconds. CPU system time: 1 seconds. Elapsed time: 0.513 seconds; current allocated memory: 532.500 MB.
INFO: [HLS 200-10] ----------------------------------------------------------------
INFO: [HLS 200-10] -- Generating RTL for module 'ecg_classifier_Pipeline_D0_IC' 
INFO: [HLS 200-10] ----------------------------------------------------------------
INFO: [HLS 200-1030] Apply Unified Pipeline Control on module 'ecg_classifier_Pipeline_D0_IC' pipeline 'D0_IC' pipeline type 'loop pipeline'
INFO: [RTGEN 206-100] Generating core module 'mul_24s_40s_63_1_1': 1 instance(s).
INFO: [RTGEN 206-100] Generating core module 'mux_21_32_1_1': 1 instance(s).
INFO: [RTGEN 206-100] Finished creating RTL model for 'ecg_classifier_Pipeline_D0_IC'.
INFO: [RTMG 210-279] Implementing memory 'ecg_classifier_ecg_classifier_Pipeline_D0_IC_clf_w_L5_W_V_ROM_AUTO_1R' using auto ROMs.
INFO: [HLS 200-111] Finished Creating RTL model: CPU user time: 1 seconds. CPU system time: 0 seconds. Elapsed time: 0.336 seconds; current allocated memory: 532.500 MB.
INFO: [HLS 200-10] ----------------------------------------------------------------
INFO: [HLS 200-10] -- Generating RTL for module 'ecg_classifier_Pipeline_D1_IC' 
INFO: [HLS 200-10] ----------------------------------------------------------------
INFO: [HLS 200-1030] Apply Unified Pipeline Control on module 'ecg_classifier_Pipeline_D1_IC' pipeline 'D1_IC' pipeline type 'loop pipeline'
INFO: [RTGEN 206-100] Generating core module 'mul_24s_39ns_63_1_1': 1 instance(s).
INFO: [RTGEN 206-100] Generating core module 'mux_21_31_1_1': 1 instance(s).
INFO: [RTGEN 206-100] Finished creating RTL model for 'ecg_classifier_Pipeline_D1_IC'.
INFO: [RTMG 210-279] Implementing memory 'ecg_classifier_ecg_classifier_Pipeline_D1_IC_clf_w_L6_W_V_ROM_AUTO_1R' using auto ROMs.
INFO: [HLS 200-111] Finished Creating RTL model: CPU user time: 0 seconds. CPU system time: 0 seconds. Elapsed time: 0.361 seconds; current allocated memory: 532.500 MB.
INFO: [HLS 200-10] ----------------------------------------------------------------
INFO: [HLS 200-10] -- Generating RTL for module 'ecg_classifier_Pipeline_WRITE_OUTPUT' 
INFO: [HLS 200-10] ----------------------------------------------------------------
INFO: [HLS 200-1030] Apply Unified Pipeline Control on module 'ecg_classifier_Pipeline_WRITE_OUTPUT' pipeline 'WRITE_OUTPUT' pipeline type 'loop pipeline'
INFO: [RTGEN 206-100] Generating core module 'fdiv_32ns_32ns_32_10_no_dsp_1': 1 instance(s).
INFO: [RTGEN 206-100] Finished creating RTL model for 'ecg_classifier_Pipeline_WRITE_OUTPUT'.
INFO: [HLS 200-111] Finished Creating RTL model: CPU user time: 0 seconds. CPU system time: 0 seconds. Elapsed time: 0.397 seconds; current allocated memory: 532.500 MB.
INFO: [HLS 200-10] ----------------------------------------------------------------
INFO: [HLS 200-10] -- Generating RTL for module 'ecg_classifier' 
INFO: [HLS 200-10] ----------------------------------------------------------------
WARNING: [RTGEN 206-101] Design contains AXI ports. Reset is fixed to synchronous and active low.
INFO: [RTGEN 206-500] Setting interface mode on port 'ecg_classifier/in_stream_V_data_V' to 'axis' (register, both mode).
INFO: [RTGEN 206-500] Setting interface mode on port 'ecg_classifier/in_stream_V_keep_V' to 'axis' (register, both mode).
INFO: [RTGEN 206-500] Setting interface mode on port 'ecg_classifier/in_stream_V_strb_V' to 'axis' (register, both mode).
INFO: [RTGEN 206-500] Setting interface mode on port 'ecg_classifier/in_stream_V_user_V' to 'axis' (register, both mode).
INFO: [RTGEN 206-500] Setting interface mode on port 'ecg_classifier/in_stream_V_last_V' to 'axis' (register, both mode).
INFO: [RTGEN 206-500] Setting interface mode on port 'ecg_classifier/in_stream_V_id_V' to 'axis' (register, both mode).
INFO: [RTGEN 206-500] Setting interface mode on port 'ecg_classifier/in_stream_V_dest_V' to 'axis' (register, both mode).
INFO: [RTGEN 206-500] Setting interface mode on port 'ecg_classifier/out_stream_V_data_V' to 'axis' (register, both mode).
INFO: [RTGEN 206-500] Setting interface mode on port 'ecg_classifier/out_stream_V_keep_V' to 'axis' (register, both mode).
INFO: [RTGEN 206-500] Setting interface mode on port 'ecg_classifier/out_stream_V_strb_V' to 'axis' (register, both mode).
INFO: [RTGEN 206-500] Setting interface mode on port 'ecg_classifier/out_stream_V_user_V' to 'axis' (register, both mode).
INFO: [RTGEN 206-500] Setting interface mode on port 'ecg_classifier/out_stream_V_last_V' to 'axis' (register, both mode).
INFO: [RTGEN 206-500] Setting interface mode on port 'ecg_classifier/out_stream_V_id_V' to 'axis' (register, both mode).
INFO: [RTGEN 206-500] Setting interface mode on port 'ecg_classifier/out_stream_V_dest_V' to 'axis' (register, both mode).
INFO: [RTGEN 206-500] Setting interface mode on function 'ecg_classifier' to 'ap_ctrl_hs'.
INFO: [RTGEN 206-104] Estimated max fanout for 'ecg_classifier' is 12378 from HDL expression: (1'b1 == ap_CS_fsm_state98)
INFO: [RTGEN 206-100] Generating core module 'fadd_32ns_32ns_32_4_full_dsp_1': 1 instance(s).
INFO: [RTGEN 206-100] Generating core module 'fcmp_32ns_32ns_1_2_no_dsp_1': 1 instance(s).
INFO: [RTGEN 206-100] Generating core module 'fexp_32ns_32ns_32_8_full_dsp_1': 2 instance(s).
INFO: [RTGEN 206-100] Generating core module 'fpext_32ns_64_2_no_dsp_1': 1 instance(s).
INFO: [RTGEN 206-100] Generating core module 'fsqrt_32ns_32ns_32_10_no_dsp_1': 1 instance(s).
INFO: [RTGEN 206-100] Generating core module 'mul_48s_10ns_56_1_1': 2 instance(s).
INFO: [RTGEN 206-100] Generating core module 'sdiv_34ns_32s_32_38_seq_1': 1 instance(s).
INFO: [RTGEN 206-100] Finished creating RTL model for 'ecg_classifier'.
INFO: [RTMG 210-279] Implementing memory 'ecg_classifier_clf_w_L0_b_V_ROM_AUTO_1R' using auto ROMs.
INFO: [RTMG 210-279] Implementing memory 'ecg_classifier_clf_w_L1_b_V_ROM_AUTO_1R' using auto ROMs.
INFO: [RTMG 210-279] Implementing memory 'ecg_classifier_clf_w_L2_b_V_ROM_AUTO_1R' using auto ROMs.
INFO: [RTMG 210-279] Implementing memory 'ecg_classifier_clf_w_L3_b_V_ROM_AUTO_1R' using auto ROMs.
INFO: [RTMG 210-279] Implementing memory 'ecg_classifier_clf_w_L4_b_V_ROM_AUTO_1R' using auto ROMs.
INFO: [RTMG 210-279] Implementing memory 'ecg_classifier_clf_w_L5_b_V_ROM_AUTO_1R' using auto ROMs.
INFO: [RTMG 210-279] Implementing memory 'ecg_classifier_clf_w_L6_b_V_ROM_AUTO_1R' using auto ROMs.
INFO: [RTMG 210-278] Implementing memory 'ecg_classifier_input_buf_V_RAM_1P_LUTRAM_1R1W' using distributed RAMs.
INFO: [RTMG 210-278] Implementing memory 'ecg_classifier_buf2_circ_V_RAM_AUTO_1R1W' using auto RAMs.
INFO: [RTMG 210-278] Implementing memory 'ecg_classifier_gap_buf_V_RAM_1P_LUTRAM_1R1W' using distributed RAMs.
INFO: [RTMG 210-278] Implementing memory 'ecg_classifier_dense0_buf_V_RAM_1P_LUTRAM_1R1W' using distributed RAMs.
INFO: [RTMG 210-278] Implementing memory 'ecg_classifier_win0_V_RAM_AUTO_1R1W' using auto RAMs.
INFO: [RTMG 210-278] Implementing memory 'ecg_classifier_win0_V_2_RAM_AUTO_1R1W' using auto RAMs.
INFO: [RTMG 210-278] Implementing memory 'ecg_classifier_win0_V_12_RAM_AUTO_1R1W' using auto RAMs.
INFO: [RTMG 210-278] Implementing memory 'ecg_classifier_win01_V_RAM_AUTO_1R1W' using auto RAMs.
INFO: [RTMG 210-278] Implementing memory 'ecg_classifier_l1_out_V_RAM_AUTO_1R1W' using auto RAMs.
INFO: [RTMG 210-278] Implementing memory 'ecg_classifier_win23_V_RAM_AUTO_1R1W' using auto RAMs.
INFO: [RTMG 210-278] Implementing memory 'ecg_classifier_l3_out_V_RAM_AUTO_1R1W' using auto RAMs.
INFO: [HLS 200-111] Finished Creating RTL model: CPU user time: 2 seconds. CPU system time: 0 seconds. Elapsed time: 3.085 seconds; current allocated memory: 532.500 MB.
INFO: [HLS 200-111] Finished Generating all RTL models: CPU user time: 12 seconds. CPU system time: 3 seconds. Elapsed time: 16.385 seconds; current allocated memory: 532.500 MB.
INFO: [HLS 200-111] Finished Updating report files: CPU user time: 2 seconds. CPU system time: 1 seconds. Elapsed time: 3.087 seconds; current allocated memory: 532.500 MB.
INFO: [VHDL 208-304] Generating VHDL RTL for ecg_classifier.
INFO: [VLOG 209-307] Generating Verilog RTL for ecg_classifier.
INFO: [HLS 200-790] **** Loop Constraint Status: All loop constraints were NOT satisfied.
INFO: [HLS 200-789] **** Estimated Fmax: 107.61 MHz
INFO: [HLS 200-111] Finished Command csynth_design CPU user time: 87 seconds. CPU system time: 8 seconds. Elapsed time: 454.324 seconds; current allocated memory: 427.223 MB.
INFO: [HLS 200-112] Total CPU user time: 88 seconds. Total CPU system time: 9 seconds. Total elapsed time: 466.784 seconds; peak allocated memory: 532.500 MB.
==============================================================
Vitis HLS - High-Level Synthesis from C, C++ and OpenCL v2022.2 (64-bit)
Tool Version Limit: 2019.12
Copyright 1986-2022 Xilinx, Inc. All Rights Reserved.
==============================================================
INFO: [SYN 201-201] Setting up clock 'default' with a period of 13ns.
INFO: [HLS 200-1611] Setting target device to 'xc7z030-sbg485-2'
INFO: [HLS 200-1505] Using flow_target 'vivado'
INFO: [HLS 200-1510] Running: set_part xc7z030-sbg485-2 
INFO: [HLS 200-1510] Running: create_clock -period 13 -name default 
INFO: [HLS 200-1510] Running: source ./ecg_classifier_ip/solution1/directives.tcl
INFO: [HLS 200-1510] Running: set_directive_top -name ecg_classifier ecg_classifier 
INFO: [HLS 200-1510] Running: csim_design -clean -quiet 
INFO: [SIM 211-2] *************** CSIM start ***************
INFO: [SIM 211-4] CSIM will launch GCC as the compiler.
INFO: [SIM 211-1] CSim done with 0 errors.
INFO: [SIM 211-3] *************** CSIM finish ***************
INFO: [HLS 200-111] Finished Command csim_design CPU user time: 1 seconds. CPU system time: 1 seconds. Elapsed time: 186.959 seconds; current allocated memory: 0.312 MB.
INFO: [HLS 200-112] Total CPU user time: 5 seconds. Total CPU system time: 5 seconds. Total elapsed time: 207.006 seconds; peak allocated memory: 113.426 MB.
==============================================================
Vitis HLS - High-Level Synthesis from C, C++ and OpenCL v2022.2 (64-bit)
Tool Version Limit: 2019.12
Copyright 1986-2022 Xilinx, Inc. All Rights Reserved.
==============================================================
INFO: [SYN 201-201] Setting up clock 'default' with a period of 13ns.
INFO: [HLS 200-1611] Setting target device to 'xc7z030-sbg485-2'
INFO: [HLS 200-1505] Using flow_target 'vivado'
INFO: [HLS 200-1510] Running: set_part xc7z030-sbg485-2 
INFO: [HLS 200-1510] Running: create_clock -period 13 -name default 
INFO: [HLS 200-1510] Running: source ./ecg_classifier_ip/solution1/directives.tcl
INFO: [HLS 200-1510] Running: set_directive_top -name ecg_classifier ecg_classifier 
INFO: [HLS 200-1510] Running: csynth_design 
INFO: [HLS 200-111] Finished File checks and directory preparation: CPU user time: 1 seconds. CPU system time: 0 seconds. Elapsed time: 10.208 seconds; current allocated memory: 113.961 MB.
INFO: [HLS 200-10] Analyzing design file 'src/ecg_classifier.cpp' ... 
INFO: [HLS 200-10] Analyzing design file 'src/weights_clf_L0_W.cpp' ... 
INFO: [HLS 200-10] Analyzing design file 'src/weights_clf_L0_b.cpp' ... 
INFO: [HLS 200-10] Analyzing design file 'src/weights_clf_L1_W.cpp' ... 
INFO: [HLS 200-10] Analyzing design file 'src/weights_clf_L1_b.cpp' ... 
INFO: [HLS 200-10] Analyzing design file 'src/weights_clf_L2_W.cpp' ... 
INFO: [HLS 200-10] Analyzing design file 'src/weights_clf_L2_b.cpp' ... 
INFO: [HLS 200-10] Analyzing design file 'src/weights_clf_L3_W.cpp' ... 
INFO: [HLS 200-10] Analyzing design file 'src/weights_clf_L3_b.cpp' ... 
INFO: [HLS 200-10] Analyzing design file 'src/weights_clf_L4_W.cpp' ... 
INFO: [HLS 200-10] Analyzing design file 'src/weights_clf_L4_b.cpp' ... 
INFO: [HLS 200-10] Analyzing design file 'src/weights_clf_L5_W.cpp' ... 
INFO: [HLS 200-10] Analyzing design file 'src/weights_clf_L5_b.cpp' ... 
INFO: [HLS 200-10] Analyzing design file 'src/weights_clf_L6_W.cpp' ... 
INFO: [HLS 200-10] Analyzing design file 'src/weights_clf_L6_b.cpp' ... 
INFO: [HLS 200-111] Finished Source Code Analysis and Preprocessing: CPU user time: 5 seconds. CPU system time: 2 seconds. Elapsed time: 370.664 seconds; current allocated memory: 125.301 MB.
INFO: [HLS 200-777] Using interface defaults for 'Vivado' flow target.
INFO: [HLS 214-131] Inlining function 'ssdm_int<64, true>::ssdm_int(long)' into 'ap_int_base<64, true>::ap_int_base(long)' (C:/Xilinx/Vitis_HLS/2022.2/common/technology/autopilot\ap_int_base.h:216:68)
INFO: [HLS 214-131] Inlining function '_ZN8ssdm_intILi65ELb1EEC2EDq65_i' into 'ap_int_base<65, true>::ap_int_base<11, false>(ap_int_base<11, false> const&)' (C:/Xilinx/Vitis_HLS/2022.2/common/technology/autopilot\ap_int_base.h:185:106)
INFO: [HLS 214-131] Inlining function '_ZN8ssdm_intILi65ELb1EEC2EDq65_i' into 'ap_int_base<65, true>::ap_int_base<64, true>(ap_int_base<64, true> const&)' (C:/Xilinx/Vitis_HLS/2022.2/common/technology/autopilot\ap_int_base.h:185:106)
INFO: [HLS 214-131] Inlining function '_ZN8ssdm_intILi65ELb1EEC2EDq65_i' into 'ap_int_base<65, true>::ap_int_base(int)' (C:/Xilinx/Vitis_HLS/2022.2/common/technology/autopilot\ap_int_base.h:214:67)
INFO: [HLS 214-131] Inlining function 'ap_int_base<65, true>::ap_int_base<11, false>(ap_int_base<11, false> const&)' into 'ap_int_base<11, false>::RType<64, true>::minus operator-<11, false, 64, true>(ap_int_base<11, false> const&, ap_int_base<64, true> const&)' (C:/Xilinx/Vitis_HLS/2022.2/common/technology/autopilot\ap_int_base.h:1496:341)
INFO: [HLS 214-131] Inlining function 'ap_int_base<65, true>::ap_int_base(int)' into 'ap_int_base<11, false>::RType<64, true>::minus operator-<11, false, 64, true>(ap_int_base<11, false> const&, ap_int_base<64, true> const&)' (C:/Xilinx/Vitis_HLS/2022.2/common/technology/autopilot\ap_int_base.h:1496:520)
INFO: [HLS 214-131] Inlining function 'ap_int_base<65, true>::ap_int_base<64, true>(ap_int_base<64, true> const&)' into 'ap_int_base<11, false>::RType<64, true>::minus operator-<11, false, 64, true>(ap_int_base<11, false> const&, ap_int_base<64, true> const&)' (C:/Xilinx/Vitis_HLS/2022.2/common/technology/autopilot\ap_int_base.h:1496:430)
INFO: [HLS 214-131] Inlining function 'ap_int_base<64, true>::ap_int_base(long)' into 'ap_int_base<11, false>::RType<($_0)64, true>::minus operator-<11, false>(ap_int_base<11, false> const&, long)' (C:/Xilinx/Vitis_HLS/2022.2/common/technology/autopilot\ap_int_base.h:1635:1548)
INFO: [HLS 214-131] Inlining function 'ap_int_base<11, false>::RType<64, true>::minus operator-<11, false, 64, true>(ap_int_base<11, false> const&, ap_int_base<64, true> const&)' into 'ap_int_base<11, false>::RType<($_0)64, true>::minus operator-<11, false>(ap_int_base<11, false> const&, long)' (C:/Xilinx/Vitis_HLS/2022.2/common/technology/autopilot\ap_int_base.h:1635:1546)
INFO: [HLS 214-131] Inlining function '_ZN8ssdm_intILi1ELb0EEC2EDq1_j' into 'ap_int_base<1, false>::ap_int_base(int)' (C:/Xilinx/Vitis_HLS/2022.2/common/technology/autopilot\ap_int_base.h:214:67)
INFO: [HLS 214-131] Inlining function '_ZN8ssdm_intILi55ELb1EEC2EDq55_i' into 'ap_int_base<55, true>::ap_int_base<1, false>(ap_int_base<1, false> const&)' (C:/Xilinx/Vitis_HLS/2022.2/common/technology/autopilot\ap_int_base.h:185:106)
INFO: [HLS 214-131] Inlining function '_ZN8ssdm_intILi55ELb1EEC2EDq55_i' into 'ap_int_base<55, true>::ap_int_base<54, true>(ap_int_base<54, true> const&)' (C:/Xilinx/Vitis_HLS/2022.2/common/technology/autopilot\ap_int_base.h:185:106)
INFO: [HLS 214-131] Inlining function '_ZN8ssdm_intILi55ELb1EEC2EDq55_i' into 'ap_int_base<55, true>::ap_int_base(int)' (C:/Xilinx/Vitis_HLS/2022.2/common/technology/autopilot\ap_int_base.h:214:67)
INFO: [HLS 214-131] Inlining function 'ap_int_base<55, true>::ap_int_base<1, false>(ap_int_base<1, false> const&)' into 'ap_int_base<1, false>::RType<54, true>::minus operator-<1, false, 54, true>(ap_int_base<1, false> const&, ap_int_base<54, true> const&)' (C:/Xilinx/Vitis_HLS/2022.2/common/technology/autopilot\ap_int_base.h:1496:341)
INFO: [HLS 214-131] Inlining function 'ap_int_base<55, true>::ap_int_base(int)' into 'ap_int_base<1, false>::RType<54, true>::minus operator-<1, false, 54, true>(ap_int_base<1, false> const&, ap_int_base<54, true> const&)' (C:/Xilinx/Vitis_HLS/2022.2/common/technology/autopilot\ap_int_base.h:1496:520)
INFO: [HLS 214-131] Inlining function 'ap_int_base<55, true>::ap_int_base<54, true>(ap_int_base<54, true> const&)' into 'ap_int_base<1, false>::RType<54, true>::minus operator-<1, false, 54, true>(ap_int_base<1, false> const&, ap_int_base<54, true> const&)' (C:/Xilinx/Vitis_HLS/2022.2/common/technology/autopilot\ap_int_base.h:1496:430)
INFO: [HLS 214-131] Inlining function 'ap_int_base<1, false>::ap_int_base(int)' into 'ap_int_base<54, true>::operator-() const' (C:/Xilinx/Vitis_HLS/2022.2/common/technology/autopilot\ap_int_base.h:895:12)
INFO: [HLS 214-131] Inlining function 'ap_int_base<1, false>::RType<54, true>::minus operator-<1, false, 54, true>(ap_int_base<1, false> const&, ap_int_base<54, true> const&)' into 'ap_int_base<54, true>::operator-() const' (C:/Xilinx/Vitis_HLS/2022.2/common/technology/autopilot\ap_int_base.h:895:37)
INFO: [HLS 214-131] Inlining function 'doubleToRawBits(double)' into 'ap_fixed_base<8, 4, true, (ap_q_mode)5, (ap_o_mode)3, 0>::ap_fixed_base(double)' (C:/Xilinx/Vitis_HLS/2022.2/common/technology/autopilot\ap_fixed_base.h:545:14)
INFO: [HLS 214-131] Inlining function 'ap_int_base<54, true>& ap_int_base<54, true>::operator=<55, true>(ap_int_base<55, true> const&)' into 'ap_fixed_base<8, 4, true, (ap_q_mode)5, (ap_o_mode)3, 0>::ap_fixed_base(double)' (C:/Xilinx/Vitis_HLS/2022.2/common/technology/autopilot\ap_fixed_base.h:559:20)
INFO: [HLS 214-131] Inlining function 'ap_int_base<54, true>::operator-() const' into 'ap_fixed_base<8, 4, true, (ap_q_mode)5, (ap_o_mode)3, 0>::ap_fixed_base(double)' (C:/Xilinx/Vitis_HLS/2022.2/common/technology/autopilot\ap_fixed_base.h:559:22)
INFO: [HLS 214-131] Inlining function 'ap_int_base<12, true>& ap_int_base<12, true>::operator=<65, true>(ap_int_base<65, true> const&)' into 'ap_fixed_base<8, 4, true, (ap_q_mode)5, (ap_o_mode)3, 0>::ap_fixed_base(double)' (C:/Xilinx/Vitis_HLS/2022.2/common/technology/autopilot\ap_fixed_base.h:552:9)
INFO: [HLS 214-131] Inlining function 'ap_int_base<11, false>::RType<($_0)64, true>::minus operator-<11, false>(ap_int_base<11, false> const&, long)' into 'ap_fixed_base<8, 4, true, (ap_q_mode)5, (ap_o_mode)3, 0>::ap_fixed_base(double)' (C:/Xilinx/Vitis_HLS/2022.2/common/technology/autopilot\ap_fixed_base.h:552:19)
INFO: [HLS 214-131] Inlining function 'ap_fixed_base<8, 4, true, (ap_q_mode)5, (ap_o_mode)3, 0>::ap_fixed_base(float)' into 'ap_fixed<8, 4, (ap_q_mode)5, (ap_o_mode)3, 0>::ap_fixed(float)'
INFO: [HLS 214-131] Inlining function 'hls::axis<ap_uint<32>, 1ul, 1ul, 1ul>::get_user_ptr()' into 'hls::stream<hls::axis<ap_uint<32>, 1ul, 1ul, 1ul>, 0>::read()' (C:/Xilinx/Vitis_HLS/2022.2/common/technology/autopilot\ap_axi_sdata.h:247:50)
INFO: [HLS 214-131] Inlining function 'hls::axis<ap_uint<32>, 1ul, 1ul, 1ul>::get_dest_ptr()' into 'hls::stream<hls::axis<ap_uint<32>, 1ul, 1ul, 1ul>, 0>::read()' (C:/Xilinx/Vitis_HLS/2022.2/common/technology/autopilot\ap_axi_sdata.h:250:25)
INFO: [HLS 214-131] Inlining function 'hls::axis<ap_uint<32>, 1ul, 1ul, 1ul>::get_id_ptr()' into 'hls::stream<hls::axis<ap_uint<32>, 1ul, 1ul, 1ul>, 0>::read()' (C:/Xilinx/Vitis_HLS/2022.2/common/technology/autopilot\ap_axi_sdata.h:249:67)
INFO: [HLS 214-131] Inlining function 'hls::axis<ap_uint<32>, 1ul, 1ul, 1ul>::get_user_ptr()' into 'hls::stream<hls::axis<ap_uint<32>, 1ul, 1ul, 1ul>, 0>::read()' (C:/Xilinx/Vitis_HLS/2022.2/common/technology/autopilot\ap_axi_sdata.h:249:36)
INFO: [HLS 214-131] Inlining function 'hls::axis<ap_uint<32>, 1ul, 1ul, 1ul>::get_dest_ptr()' into 'hls::stream<hls::axis<ap_uint<32>, 1ul, 1ul, 1ul>, 0>::read()' (C:/Xilinx/Vitis_HLS/2022.2/common/technology/autopilot\ap_axi_sdata.h:248:39)
INFO: [HLS 214-131] Inlining function 'hls::axis<ap_uint<32>, 1ul, 1ul, 1ul>::get_id_ptr()' into 'hls::stream<hls::axis<ap_uint<32>, 1ul, 1ul, 1ul>, 0>::read()' (C:/Xilinx/Vitis_HLS/2022.2/common/technology/autopilot\ap_axi_sdata.h:248:23)
INFO: [HLS 214-131] Inlining function 'ap_range_ref<32, false>::ap_range_ref(ap_int_base<32, false>*, int, int)' into 'ap_int_base<32, false>::range(int, int)' (C:/Xilinx/Vitis_HLS/2022.2/common/technology/autopilot\ap_int_base.h:1048:12)
INFO: [HLS 214-131] Inlining function 'af_range_ref<32, 16, true, (ap_q_mode)5, (ap_o_mode)3, 0>::af_range_ref(ap_fixed_base<32, 16, true, (ap_q_mode)5, (ap_o_mode)3, 0>*, int, int)' into 'ap_fixed_base<32, 16, true, (ap_q_mode)5, (ap_o_mode)3, 0>::range(int, int)' (C:/Xilinx/Vitis_HLS/2022.2/common/technology/autopilot\ap_fixed_base.h:1746:12)
INFO: [HLS 214-131] Inlining function 'ap_range_ref<32, false>::get() const' into 'ap_int_base<32, false>::ap_int_base<32, false>(ap_range_ref<32, false> const&)' (C:/Xilinx/Vitis_HLS/2022.2/common/technology/autopilot\ap_int_base.h:358:20)
INFO: [HLS 214-131] Inlining function 'ap_int_base<32, false>::ap_int_base<32, false>(ap_range_ref<32, false> const&)' into 'af_range_ref<32, 16, true, (ap_q_mode)5, (ap_o_mode)3, 0>& af_range_ref<32, 16, true, (ap_q_mode)5, (ap_o_mode)3, 0>::operator=<32, false>(ap_range_ref<32, false> const&)' (C:/Xilinx/Vitis_HLS/2022.2/common/technology/autopilot\ap_fixed_ref.h:301:38)
INFO: [HLS 214-131] Inlining function 'af_range_ref<32, 16, true, (ap_q_mode)5, (ap_o_mode)3, 0>& af_range_ref<32, 16, true, (ap_q_mode)5, (ap_o_mode)3, 0>::operator=<32, false>(ap_int_base<32, false> const&)' into 'af_range_ref<32, 16, true, (ap_q_mode)5, (ap_o_mode)3, 0>& af_range_ref<32, 16, true, (ap_q_mode)5, (ap_o_mode)3, 0>::operator=<32, false>(ap_range_ref<32, false> const&)' (C:/Xilinx/Vitis_HLS/2022.2/common/technology/autopilot\ap_fixed_ref.h:302:12)
INFO: [HLS 214-131] Inlining function 'ap_fixed_base<32, 32, true, (ap_q_mode)5, (ap_o_mode)3, 0>::operator!() const' into 'ap_fixed_base<48, 24, true, (ap_q_mode)5, (ap_o_mode)3, 0>& ap_fixed_base<48, 24, true, (ap_q_mode)5, (ap_o_mode)3, 0>::operator=<32, 32, true, (ap_q_mode)5, (ap_o_mode)3, 0>(ap_fixed_base<32, 32, true, (ap_q_mode)5, (ap_o_mode)3, 0> const&)' (C:/Xilinx/Vitis_HLS/2022.2/common/technology/autopilot\ap_fixed_base.h:808:9)
INFO: [HLS 214-131] Inlining function 'ap_fixed_base<48, 24, true, (ap_q_mode)5, (ap_o_mode)3, 0>& ap_fixed_base<48, 24, true, (ap_q_mode)5, (ap_o_mode)3, 0>::operator=<32, 32, true, (ap_q_mode)5, (ap_o_mode)3, 0>(ap_fixed_base<32, 32, true, (ap_q_mode)5, (ap_o_mode)3, 0> const&)' into 'ap_fixed_base<48, 24, true, (ap_q_mode)5, (ap_o_mode)3, 0>::ap_fixed_base(int)' (C:/Xilinx/Vitis_HLS/2022.2/common/technology/autopilot\ap_fixed_base.h:530:146)
INFO: [HLS 214-131] Inlining function 'ap_fixed_base<48, 24, true, (ap_q_mode)5, (ap_o_mode)3, 0>::ap_fixed_base(int)' into 'ap_fixed<48, 24, (ap_q_mode)5, (ap_o_mode)3, 0>::ap_fixed(int)'
INFO: [HLS 214-131] Inlining function 'ap_fixed_base<32, 16, true, (ap_q_mode)5, (ap_o_mode)3, 0>::operator!() const' into 'ap_fixed_base<48, 24, true, (ap_q_mode)5, (ap_o_mode)3, 0>& ap_fixed_base<48, 24, true, (ap_q_mode)5, (ap_o_mode)3, 0>::operator=<32, 16, true, (ap_q_mode)5, (ap_o_mode)3, 0>(ap_fixed_base<32, 16, true, (ap_q_mode)5, (ap_o_mode)3, 0> const&)' (C:/Xilinx/Vitis_HLS/2022.2/common/technology/autopilot\ap_fixed_base.h:808:9)
INFO: [HLS 214-131] Inlining function '_ZN8ssdm_intILi48ELb1EEC2EDq48_i' into 'ap_fixed_base<48, 24, true, (ap_q_mode)5, (ap_o_mode)3, 0>::ap_fixed_base<32, 16, true, (ap_q_mode)5, (ap_o_mode)3, 0>(ap_fixed_base<32, 16, true, (ap_q_mode)5, (ap_o_mode)3, 0> const&)' (C:/Xilinx/Vitis_HLS/2022.2/common/technology/autopilot\ap_fixed_base.h:401:80)
INFO: [HLS 214-131] Inlining function 'ap_fixed_base<48, 24, true, (ap_q_mode)5, (ap_o_mode)3, 0>& ap_fixed_base<48, 24, true, (ap_q_mode)5, (ap_o_mode)3, 0>::operator=<32, 16, true, (ap_q_mode)5, (ap_o_mode)3, 0>(ap_fixed_base<32, 16, true, (ap_q_mode)5, (ap_o_mode)3, 0> const&)' into 'ap_fixed_base<48, 24, true, (ap_q_mode)5, (ap_o_mode)3, 0>::ap_fixed_base<32, 16, true, (ap_q_mode)5, (ap_o_mode)3, 0>(ap_fixed_base<32, 16, true, (ap_q_mode)5, (ap_o_mode)3, 0> const&)' (C:/Xilinx/Vitis_HLS/2022.2/common/technology/autopilot\ap_fixed_base.h:403:5)
INFO: [HLS 214-131] Inlining function 'ap_fixed_base<48, 24, true, (ap_q_mode)5, (ap_o_mode)3, 0>::ap_fixed_base<32, 16, true, (ap_q_mode)5, (ap_o_mode)3, 0>(ap_fixed_base<32, 16, true, (ap_q_mode)5, (ap_o_mode)3, 0> const&)' into 'ap_fixed<48, 24, (ap_q_mode)5, (ap_o_mode)3, 0>::ap_fixed<32, 16, true, (ap_q_mode)5, (ap_o_mode)3, 0>(ap_fixed_base<32, 16, true, (ap_q_mode)5, (ap_o_mode)3, 0> const&)'
INFO: [HLS 214-131] Inlining function 'ap_fixed_base<32, 32, true, (ap_q_mode)5, (ap_o_mode)3, 0>::operator!() const' into 'ap_fixed_base<49, 25, true, (ap_q_mode)5, (ap_o_mode)3, 0>& ap_fixed_base<49, 25, true, (ap_q_mode)5, (ap_o_mode)3, 0>::operator=<32, 32, true, (ap_q_mode)5, (ap_o_mode)3, 0>(ap_fixed_base<32, 32, true, (ap_q_mode)5, (ap_o_mode)3, 0> const&)' (C:/Xilinx/Vitis_HLS/2022.2/common/technology/autopilot\ap_fixed_base.h:808:9)
INFO: [HLS 214-131] Inlining function 'ap_fixed_base<49, 25, true, (ap_q_mode)5, (ap_o_mode)3, 0>& ap_fixed_base<49, 25, true, (ap_q_mode)5, (ap_o_mode)3, 0>::operator=<32, 32, true, (ap_q_mode)5, (ap_o_mode)3, 0>(ap_fixed_base<32, 32, true, (ap_q_mode)5, (ap_o_mode)3, 0> const&)' into 'ap_fixed_base<49, 25, true, (ap_q_mode)5, (ap_o_mode)3, 0>::ap_fixed_base(int)' (C:/Xilinx/Vitis_HLS/2022.2/common/technology/autopilot\ap_fixed_base.h:530:146)
INFO: [HLS 214-131] Inlining function 'ap_fixed_base<48, 24, true, (ap_q_mode)5, (ap_o_mode)3, 0>::operator!() const' into 'ap_fixed_base<49, 25, true, (ap_q_mode)5, (ap_o_mode)3, 0>& ap_fixed_base<49, 25, true, (ap_q_mode)5, (ap_o_mode)3, 0>::operator=<48, 24, true, (ap_q_mode)5, (ap_o_mode)3, 0>(ap_fixed_base<48, 24, true, (ap_q_mode)5, (ap_o_mode)3, 0> const&)' (C:/Xilinx/Vitis_HLS/2022.2/common/technology/autopilot\ap_fixed_base.h:808:9)
INFO: [HLS 214-131] Inlining function '_ZN8ssdm_intILi49ELb1EEC2EDq49_i' into 'ap_fixed_base<49, 25, true, (ap_q_mode)5, (ap_o_mode)3, 0>::ap_fixed_base<48, 24, true, (ap_q_mode)5, (ap_o_mode)3, 0>(ap_fixed_base<48, 24, true, (ap_q_mode)5, (ap_o_mode)3, 0> const&)' (C:/Xilinx/Vitis_HLS/2022.2/common/technology/autopilot\ap_fixed_base.h:401:80)
INFO: [HLS 214-131] Inlining function 'ap_fixed_base<49, 25, true, (ap_q_mode)5, (ap_o_mode)3, 0>& ap_fixed_base<49, 25, true, (ap_q_mode)5, (ap_o_mode)3, 0>::operator=<48, 24, true, (ap_q_mode)5, (ap_o_mode)3, 0>(ap_fixed_base<48, 24, true, (ap_q_mode)5, (ap_o_mode)3, 0> const&)' into 'ap_fixed_base<49, 25, true, (ap_q_mode)5, (ap_o_mode)3, 0>::ap_fixed_base<48, 24, true, (ap_q_mode)5, (ap_o_mode)3, 0>(ap_fixed_base<48, 24, true, (ap_q_mode)5, (ap_o_mode)3, 0> const&)' (C:/Xilinx/Vitis_HLS/2022.2/common/technology/autopilot\ap_fixed_base.h:403:5)
INFO: [HLS 214-131] Inlining function 'ap_fixed_base<49, 25, true, (ap_q_mode)5, (ap_o_mode)3, 0>::ap_fixed_base(int)' into 'ap_fixed_base<48, 24, true, (ap_q_mode)5, (ap_o_mode)3, 0>::RType<48, 24, true>::plus ap_fixed_base<48, 24, true, (ap_q_mode)5, (ap_o_mode)3, 0>::operator+<48, 24, true, (ap_q_mode)5, (ap_o_mode)3, 0>(ap_fixed_base<48, 24, true, (ap_q_mode)5, (ap_o_mode)3, 0> const&) const' (C:/Xilinx/Vitis_HLS/2022.2/common/technology/autopilot\ap_fixed_base.h:1347:325)
INFO: [HLS 214-131] Inlining function 'ap_fixed_base<49, 25, true, (ap_q_mode)5, (ap_o_mode)3, 0>::ap_fixed_base<48, 24, true, (ap_q_mode)5, (ap_o_mode)3, 0>(ap_fixed_base<48, 24, true, (ap_q_mode)5, (ap_o_mode)3, 0> const&)' into 'ap_fixed_base<48, 24, true, (ap_q_mode)5, (ap_o_mode)3, 0>::RType<48, 24, true>::plus ap_fixed_base<48, 24, true, (ap_q_mode)5, (ap_o_mode)3, 0>::operator+<48, 24, true, (ap_q_mode)5, (ap_o_mode)3, 0>(ap_fixed_base<48, 24, true, (ap_q_mode)5, (ap_o_mode)3, 0> const&) const' (C:/Xilinx/Vitis_HLS/2022.2/common/technology/autopilot\ap_fixed_base.h:1347:345)
INFO: [HLS 214-131] Inlining function 'ap_fixed_base<49, 25, true, (ap_q_mode)5, (ap_o_mode)3, 0>::ap_fixed_base<48, 24, true, (ap_q_mode)5, (ap_o_mode)3, 0>(ap_fixed_base<48, 24, true, (ap_q_mode)5, (ap_o_mode)3, 0> const&)' into 'ap_fixed_base<48, 24, true, (ap_q_mode)5, (ap_o_mode)3, 0>::RType<48, 24, true>::plus ap_fixed_base<48, 24, true, (ap_q_mode)5, (ap_o_mode)3, 0>::operator+<48, 24, true, (ap_q_mode)5, (ap_o_mode)3, 0>(ap_fixed_base<48, 24, true, (ap_q_mode)5, (ap_o_mode)3, 0> const&) const' (C:/Xilinx/Vitis_HLS/2022.2/common/technology/autopilot\ap_fixed_base.h:1347:333)
INFO: [HLS 214-131] Inlining function 'ap_fixed_base<49, 25, true, (ap_q_mode)5, (ap_o_mode)3, 0>::operator!() const' into 'ap_fixed_base<48, 24, true, (ap_q_mode)5, (ap_o_mode)3, 0>& ap_fixed_base<48, 24, true, (ap_q_mode)5, (ap_o_mode)3, 0>::operator=<49, 25, true, (ap_q_mode)5, (ap_o_mode)3, 0>(ap_fixed_base<49, 25, true, (ap_q_mode)5, (ap_o_mode)3, 0> const&)' (C:/Xilinx/Vitis_HLS/2022.2/common/technology/autopilot\ap_fixed_base.h:808:9)
INFO: [HLS 214-131] Inlining function 'ap_fixed_base<48, 24, true, (ap_q_mode)5, (ap_o_mode)3, 0>::RType<48, 24, true>::plus ap_fixed_base<48, 24, true, (ap_q_mode)5, (ap_o_mode)3, 0>::operator+<48, 24, true, (ap_q_mode)5, (ap_o_mode)3, 0>(ap_fixed_base<48, 24, true, (ap_q_mode)5, (ap_o_mode)3, 0> const&) const' into 'ap_fixed_base<48, 24, true, (ap_q_mode)5, (ap_o_mode)3, 0>& ap_fixed_base<48, 24, true, (ap_q_mode)5, (ap_o_mode)3, 0>::operator+=<48, 24, true, (ap_q_mode)5, (ap_o_mode)3, 0>(ap_fixed_base<48, 24, true, (ap_q_mode)5, (ap_o_mode)3, 0> const&)' (C:/Xilinx/Vitis_HLS/2022.2/common/technology/autopilot\ap_fixed_base.h:1367:248)
INFO: [HLS 214-131] Inlining function 'ap_fixed_base<48, 24, true, (ap_q_mode)5, (ap_o_mode)3, 0>& ap_fixed_base<48, 24, true, (ap_q_mode)5, (ap_o_mode)3, 0>::operator=<49, 25, true, (ap_q_mode)5, (ap_o_mode)3, 0>(ap_fixed_base<49, 25, true, (ap_q_mode)5, (ap_o_mode)3, 0> const&)' into 'ap_fixed_base<48, 24, true, (ap_q_mode)5, (ap_o_mode)3, 0>& ap_fixed_base<48, 24, true, (ap_q_mode)5, (ap_o_mode)3, 0>::operator+=<48, 24, true, (ap_q_mode)5, (ap_o_mode)3, 0>(ap_fixed_base<48, 24, true, (ap_q_mode)5, (ap_o_mode)3, 0> const&)' (C:/Xilinx/Vitis_HLS/2022.2/common/technology/autopilot\ap_fixed_base.h:1367:246)
INFO: [HLS 214-131] Inlining function 'doubleToRawBits(double)' into 'ap_fixed_base<32, 16, true, (ap_q_mode)5, (ap_o_mode)3, 0>::ap_fixed_base(double)' (C:/Xilinx/Vitis_HLS/2022.2/common/technology/autopilot\ap_fixed_base.h:545:14)
INFO: [HLS 214-131] Inlining function 'ap_int_base<54, true>& ap_int_base<54, true>::operator=<55, true>(ap_int_base<55, true> const&)' into 'ap_fixed_base<32, 16, true, (ap_q_mode)5, (ap_o_mode)3, 0>::ap_fixed_base(double)' (C:/Xilinx/Vitis_HLS/2022.2/common/technology/autopilot\ap_fixed_base.h:559:20)
INFO: [HLS 214-131] Inlining function 'ap_int_base<54, true>::operator-() const' into 'ap_fixed_base<32, 16, true, (ap_q_mode)5, (ap_o_mode)3, 0>::ap_fixed_base(double)' (C:/Xilinx/Vitis_HLS/2022.2/common/technology/autopilot\ap_fixed_base.h:559:22)
INFO: [HLS 214-131] Inlining function 'ap_int_base<12, true>& ap_int_base<12, true>::operator=<65, true>(ap_int_base<65, true> const&)' into 'ap_fixed_base<32, 16, true, (ap_q_mode)5, (ap_o_mode)3, 0>::ap_fixed_base(double)' (C:/Xilinx/Vitis_HLS/2022.2/common/technology/autopilot\ap_fixed_base.h:552:9)
INFO: [HLS 214-131] Inlining function 'ap_int_base<11, false>::RType<($_0)64, true>::minus operator-<11, false>(ap_int_base<11, false> const&, long)' into 'ap_fixed_base<32, 16, true, (ap_q_mode)5, (ap_o_mode)3, 0>::ap_fixed_base(double)' (C:/Xilinx/Vitis_HLS/2022.2/common/technology/autopilot\ap_fixed_base.h:552:19)
INFO: [HLS 214-131] Inlining function 'ap_fixed_base<32, 16, true, (ap_q_mode)5, (ap_o_mode)3, 0>::ap_fixed_base(float)' into 'ap_fixed<32, 16, (ap_q_mode)5, (ap_o_mode)3, 0>::ap_fixed(float)'
INFO: [HLS 214-131] Inlining function 'ap_fixed_base<32, 32, true, (ap_q_mode)5, (ap_o_mode)3, 0>::operator!() const' into 'ap_fixed_base<80, 40, true, (ap_q_mode)5, (ap_o_mode)3, 0>& ap_fixed_base<80, 40, true, (ap_q_mode)5, (ap_o_mode)3, 0>::operator=<32, 32, true, (ap_q_mode)5, (ap_o_mode)3, 0>(ap_fixed_base<32, 32, true, (ap_q_mode)5, (ap_o_mode)3, 0> const&)' (C:/Xilinx/Vitis_HLS/2022.2/common/technology/autopilot\ap_fixed_base.h:808:9)
INFO: [HLS 214-131] Inlining function 'ap_fixed_base<80, 40, true, (ap_q_mode)5, (ap_o_mode)3, 0>& ap_fixed_base<80, 40, true, (ap_q_mode)5, (ap_o_mode)3, 0>::operator=<32, 32, true, (ap_q_mode)5, (ap_o_mode)3, 0>(ap_fixed_base<32, 32, true, (ap_q_mode)5, (ap_o_mode)3, 0> const&)' into 'ap_fixed_base<80, 40, true, (ap_q_mode)5, (ap_o_mode)3, 0>::ap_fixed_base(int)' (C:/Xilinx/Vitis_HLS/2022.2/common/technology/autopilot\ap_fixed_base.h:530:146)
INFO: [HLS 214-131] Inlining function 'ap_fixed_base<80, 40, true, (ap_q_mode)5, (ap_o_mode)3, 0>::ap_fixed_base(int)' into 'ap_fixed_base<48, 24, true, (ap_q_mode)5, (ap_o_mode)3, 0>::RType<32, 16, true>::mult ap_fixed_base<48, 24, true, (ap_q_mode)5, (ap_o_mode)3, 0>::operator*<32, 16, true, (ap_q_mode)5, (ap_o_mode)3, 0>(ap_fixed_base<32, 16, true, (ap_q_mode)5, (ap_o_mode)3, 0> const&) const' (C:/Xilinx/Vitis_HLS/2022.2/common/technology/autopilot\ap_fixed_base.h:1270:55)
INFO: [HLS 214-131] Inlining function 'ap_fixed_base<80, 40, true, (ap_q_mode)5, (ap_o_mode)3, 0>::ap_fixed_base(int)' into 'ap_fixed_base<48, 24, true, (ap_q_mode)5, (ap_o_mode)3, 0>::RType<32, 16, true>::mult ap_fixed_base<48, 24, true, (ap_q_mode)5, (ap_o_mode)3, 0>::operator*<32, 16, true, (ap_q_mode)5, (ap_o_mode)3, 0>(ap_fixed_base<32, 16, true, (ap_q_mode)5, (ap_o_mode)3, 0> const&) const' (C:/Xilinx/Vitis_HLS/2022.2/common/technology/autopilot\ap_fixed_base.h:1270:61)
INFO: [HLS 214-131] Inlining function 'ap_fixed_base<80, 40, true, (ap_q_mode)5, (ap_o_mode)3, 0>::operator!() const' into 'ap_fixed_base<32, 16, true, (ap_q_mode)5, (ap_o_mode)3, 0>& ap_fixed_base<32, 16, true, (ap_q_mode)5, (ap_o_mode)3, 0>::operator=<80, 40, true, (ap_q_mode)5, (ap_o_mode)3, 0>(ap_fixed_base<80, 40, true, (ap_q_mode)5, (ap_o_mode)3, 0> const&)' (C:/Xilinx/Vitis_HLS/2022.2/common/technology/autopilot\ap_fixed_base.h:808:9)
INFO: [HLS 214-131] Inlining function 'ssdm_int<32, true>::ssdm_int(int)' into 'ap_fixed_base<32, 16, true, (ap_q_mode)5, (ap_o_mode)3, 0>::ap_fixed_base<80, 40, true, (ap_q_mode)5, (ap_o_mode)3, 0>(ap_fixed_base<80, 40, true, (ap_q_mode)5, (ap_o_mode)3, 0> const&)' (C:/Xilinx/Vitis_HLS/2022.2/common/technology/autopilot\ap_fixed_base.h:401:80)
INFO: [HLS 214-131] Inlining function 'ap_fixed_base<32, 16, true, (ap_q_mode)5, (ap_o_mode)3, 0>& ap_fixed_base<32, 16, true, (ap_q_mode)5, (ap_o_mode)3, 0>::operator=<80, 40, true, (ap_q_mode)5, (ap_o_mode)3, 0>(ap_fixed_base<80, 40, true, (ap_q_mode)5, (ap_o_mode)3, 0> const&)' into 'ap_fixed_base<32, 16, true, (ap_q_mode)5, (ap_o_mode)3, 0>::ap_fixed_base<80, 40, true, (ap_q_mode)5, (ap_o_mode)3, 0>(ap_fixed_base<80, 40, true, (ap_q_mode)5, (ap_o_mode)3, 0> const&)' (C:/Xilinx/Vitis_HLS/2022.2/common/technology/autopilot\ap_fixed_base.h:403:5)
INFO: [HLS 214-131] Inlining function 'ap_fixed_base<32, 16, true, (ap_q_mode)5, (ap_o_mode)3, 0>::ap_fixed_base<80, 40, true, (ap_q_mode)5, (ap_o_mode)3, 0>(ap_fixed_base<80, 40, true, (ap_q_mode)5, (ap_o_mode)3, 0> const&)' into 'ap_fixed<32, 16, (ap_q_mode)5, (ap_o_mode)3, 0>::ap_fixed<80, 40, true, (ap_q_mode)5, (ap_o_mode)3, 0>(ap_fixed_base<80, 40, true, (ap_q_mode)5, (ap_o_mode)3, 0> const&)'
INFO: [HLS 214-131] Inlining function 'ap_fixed_base<32, 32, true, (ap_q_mode)5, (ap_o_mode)3, 0>::operator!() const' into 'ap_fixed_base<33, 17, true, (ap_q_mode)5, (ap_o_mode)3, 0>& ap_fixed_base<33, 17, true, (ap_q_mode)5, (ap_o_mode)3, 0>::operator=<32, 32, true, (ap_q_mode)5, (ap_o_mode)3, 0>(ap_fixed_base<32, 32, true, (ap_q_mode)5, (ap_o_mode)3, 0> const&)' (C:/Xilinx/Vitis_HLS/2022.2/common/technology/autopilot\ap_fixed_base.h:808:9)
INFO: [HLS 214-131] Inlining function 'ap_fixed_base<33, 17, true, (ap_q_mode)5, (ap_o_mode)3, 0>& ap_fixed_base<33, 17, true, (ap_q_mode)5, (ap_o_mode)3, 0>::operator=<32, 32, true, (ap_q_mode)5, (ap_o_mode)3, 0>(ap_fixed_base<32, 32, true, (ap_q_mode)5, (ap_o_mode)3, 0> const&)' into 'ap_fixed_base<33, 17, true, (ap_q_mode)5, (ap_o_mode)3, 0>::ap_fixed_base(int)' (C:/Xilinx/Vitis_HLS/2022.2/common/technology/autopilot\ap_fixed_base.h:530:146)
INFO: [HLS 214-131] Inlining function 'ap_fixed_base<32, 16, true, (ap_q_mode)5, (ap_o_mode)3, 0>::operator!() const' into 'ap_fixed_base<33, 17, true, (ap_q_mode)5, (ap_o_mode)3, 0>& ap_fixed_base<33, 17, true, (ap_q_mode)5, (ap_o_mode)3, 0>::operator=<32, 16, true, (ap_q_mode)5, (ap_o_mode)3, 0>(ap_fixed_base<32, 16, true, (ap_q_mode)5, (ap_o_mode)3, 0> const&)' (C:/Xilinx/Vitis_HLS/2022.2/common/technology/autopilot\ap_fixed_base.h:808:9)
INFO: [HLS 214-131] Inlining function '_ZN8ssdm_intILi33ELb1EEC2EDq33_i' into 'ap_fixed_base<33, 17, true, (ap_q_mode)5, (ap_o_mode)3, 0>::ap_fixed_base<32, 16, true, (ap_q_mode)5, (ap_o_mode)3, 0>(ap_fixed_base<32, 16, true, (ap_q_mode)5, (ap_o_mode)3, 0> const&)' (C:/Xilinx/Vitis_HLS/2022.2/common/technology/autopilot\ap_fixed_base.h:401:80)
INFO: [HLS 214-131] Inlining function 'ap_fixed_base<33, 17, true, (ap_q_mode)5, (ap_o_mode)3, 0>& ap_fixed_base<33, 17, true, (ap_q_mode)5, (ap_o_mode)3, 0>::operator=<32, 16, true, (ap_q_mode)5, (ap_o_mode)3, 0>(ap_fixed_base<32, 16, true, (ap_q_mode)5, (ap_o_mode)3, 0> const&)' into 'ap_fixed_base<33, 17, true, (ap_q_mode)5, (ap_o_mode)3, 0>::ap_fixed_base<32, 16, true, (ap_q_mode)5, (ap_o_mode)3, 0>(ap_fixed_base<32, 16, true, (ap_q_mode)5, (ap_o_mode)3, 0> const&)' (C:/Xilinx/Vitis_HLS/2022.2/common/technology/autopilot\ap_fixed_base.h:403:5)
INFO: [HLS 214-131] Inlining function 'ap_fixed_base<33, 17, true, (ap_q_mode)5, (ap_o_mode)3, 0>::ap_fixed_base(int)' into 'ap_fixed_base<32, 16, true, (ap_q_mode)5, (ap_o_mode)3, 0>::RType<32, 16, true>::minus ap_fixed_base<32, 16, true, (ap_q_mode)5, (ap_o_mode)3, 0>::operator-<32, 16, true, (ap_q_mode)5, (ap_o_mode)3, 0>(ap_fixed_base<32, 16, true, (ap_q_mode)5, (ap_o_mode)3, 0> const&) const' (C:/Xilinx/Vitis_HLS/2022.2/common/technology/autopilot\ap_fixed_base.h:1348:327)
INFO: [HLS 214-131] Inlining function 'ap_fixed_base<33, 17, true, (ap_q_mode)5, (ap_o_mode)3, 0>::ap_fixed_base<32, 16, true, (ap_q_mode)5, (ap_o_mode)3, 0>(ap_fixed_base<32, 16, true, (ap_q_mode)5, (ap_o_mode)3, 0> const&)' into 'ap_fixed_base<32, 16, true, (ap_q_mode)5, (ap_o_mode)3, 0>::RType<32, 16, true>::minus ap_fixed_base<32, 16, true, (ap_q_mode)5, (ap_o_mode)3, 0>::operator-<32, 16, true, (ap_q_mode)5, (ap_o_mode)3, 0>(ap_fixed_base<32, 16, true, (ap_q_mode)5, (ap_o_mode)3, 0> const&) const' (C:/Xilinx/Vitis_HLS/2022.2/common/technology/autopilot\ap_fixed_base.h:1348:347)
INFO: [HLS 214-131] Inlining function 'ap_fixed_base<33, 17, true, (ap_q_mode)5, (ap_o_mode)3, 0>::ap_fixed_base<32, 16, true, (ap_q_mode)5, (ap_o_mode)3, 0>(ap_fixed_base<32, 16, true, (ap_q_mode)5, (ap_o_mode)3, 0> const&)' into 'ap_fixed_base<32, 16, true, (ap_q_mode)5, (ap_o_mode)3, 0>::RType<32, 16, true>::minus ap_fixed_base<32, 16, true, (ap_q_mode)5, (ap_o_mode)3, 0>::operator-<32, 16, true, (ap_q_mode)5, (ap_o_mode)3, 0>(ap_fixed_base<32, 16, true, (ap_q_mode)5, (ap_o_mode)3, 0> const&) const' (C:/Xilinx/Vitis_HLS/2022.2/common/technology/autopilot\ap_fixed_base.h:1348:335)
INFO: [HLS 214-131] Inlining function 'ap_fixed_base<33, 17, true, (ap_q_mode)5, (ap_o_mode)3, 0>::operator!() const' into 'ap_fixed_base<32, 16, true, (ap_q_mode)5, (ap_o_mode)3, 0>& ap_fixed_base<32, 16, true, (ap_q_mode)5, (ap_o_mode)3, 0>::operator=<33, 17, true, (ap_q_mode)5, (ap_o_mode)3, 0>(ap_fixed_base<33, 17, true, (ap_q_mode)5, (ap_o_mode)3, 0> const&)' (C:/Xilinx/Vitis_HLS/2022.2/common/technology/autopilot\ap_fixed_base.h:808:9)
INFO: [HLS 214-131] Inlining function 'ssdm_int<32, true>::ssdm_int(int)' into 'ap_fixed_base<32, 16, true, (ap_q_mode)5, (ap_o_mode)3, 0>::ap_fixed_base<33, 17, true, (ap_q_mode)5, (ap_o_mode)3, 0>(ap_fixed_base<33, 17, true, (ap_q_mode)5, (ap_o_mode)3, 0> const&)' (C:/Xilinx/Vitis_HLS/2022.2/common/technology/autopilot\ap_fixed_base.h:401:80)
INFO: [HLS 214-131] Inlining function 'ap_fixed_base<32, 16, true, (ap_q_mode)5, (ap_o_mode)3, 0>& ap_fixed_base<32, 16, true, (ap_q_mode)5, (ap_o_mode)3, 0>::operator=<33, 17, true, (ap_q_mode)5, (ap_o_mode)3, 0>(ap_fixed_base<33, 17, true, (ap_q_mode)5, (ap_o_mode)3, 0> const&)' into 'ap_fixed_base<32, 16, true, (ap_q_mode)5, (ap_o_mode)3, 0>::ap_fixed_base<33, 17, true, (ap_q_mode)5, (ap_o_mode)3, 0>(ap_fixed_base<33, 17, true, (ap_q_mode)5, (ap_o_mode)3, 0> const&)' (C:/Xilinx/Vitis_HLS/2022.2/common/technology/autopilot\ap_fixed_base.h:403:5)
INFO: [HLS 214-131] Inlining function 'ap_fixed_base<32, 16, true, (ap_q_mode)5, (ap_o_mode)3, 0>::ap_fixed_base<33, 17, true, (ap_q_mode)5, (ap_o_mode)3, 0>(ap_fixed_base<33, 17, true, (ap_q_mode)5, (ap_o_mode)3, 0> const&)' into 'ap_fixed<32, 16, (ap_q_mode)5, (ap_o_mode)3, 0>::ap_fixed<33, 17, true, (ap_q_mode)5, (ap_o_mode)3, 0>(ap_fixed_base<33, 17, true, (ap_q_mode)5, (ap_o_mode)3, 0> const&)'
INFO: [HLS 214-131] Inlining function 'ap_fixed_base<32, 32, true, (ap_q_mode)5, (ap_o_mode)3, 0>::operator!() const' into 'ap_fixed_base<96, 48, true, (ap_q_mode)5, (ap_o_mode)3, 0>& ap_fixed_base<96, 48, true, (ap_q_mode)5, (ap_o_mode)3, 0>::operator=<32, 32, true, (ap_q_mode)5, (ap_o_mode)3, 0>(ap_fixed_base<32, 32, true, (ap_q_mode)5, (ap_o_mode)3, 0> const&)' (C:/Xilinx/Vitis_HLS/2022.2/common/technology/autopilot\ap_fixed_base.h:808:9)
INFO: [HLS 214-131] Inlining function 'ap_fixed_base<96, 48, true, (ap_q_mode)5, (ap_o_mode)3, 0>& ap_fixed_base<96, 48, true, (ap_q_mode)5, (ap_o_mode)3, 0>::operator=<32, 32, true, (ap_q_mode)5, (ap_o_mode)3, 0>(ap_fixed_base<32, 32, true, (ap_q_mode)5, (ap_o_mode)3, 0> const&)' into 'ap_fixed_base<96, 48, true, (ap_q_mode)5, (ap_o_mode)3, 0>::ap_fixed_base(int)' (C:/Xilinx/Vitis_HLS/2022.2/common/technology/autopilot\ap_fixed_base.h:530:146)
INFO: [HLS 214-131] Inlining function 'ap_fixed_base<96, 48, true, (ap_q_mode)5, (ap_o_mode)3, 0>::ap_fixed_base(int)' into 'ap_fixed_base<48, 24, true, (ap_q_mode)5, (ap_o_mode)3, 0>::RType<48, 24, true>::mult ap_fixed_base<48, 24, true, (ap_q_mode)5, (ap_o_mode)3, 0>::operator*<48, 24, true, (ap_q_mode)5, (ap_o_mode)3, 0>(ap_fixed_base<48, 24, true, (ap_q_mode)5, (ap_o_mode)3, 0> const&) const' (C:/Xilinx/Vitis_HLS/2022.2/common/technology/autopilot\ap_fixed_base.h:1270:55)
INFO: [HLS 214-131] Inlining function 'ap_fixed_base<96, 48, true, (ap_q_mode)5, (ap_o_mode)3, 0>::ap_fixed_base(int)' into 'ap_fixed_base<48, 24, true, (ap_q_mode)5, (ap_o_mode)3, 0>::RType<48, 24, true>::mult ap_fixed_base<48, 24, true, (ap_q_mode)5, (ap_o_mode)3, 0>::operator*<48, 24, true, (ap_q_mode)5, (ap_o_mode)3, 0>(ap_fixed_base<48, 24, true, (ap_q_mode)5, (ap_o_mode)3, 0> const&) const' (C:/Xilinx/Vitis_HLS/2022.2/common/technology/autopilot\ap_fixed_base.h:1270:61)
INFO: [HLS 214-131] Inlining function 'ap_fixed_base<32, 32, true, (ap_q_mode)5, (ap_o_mode)3, 0>::operator!() const' into 'ap_fixed_base<97, 49, true, (ap_q_mode)5, (ap_o_mode)3, 0>& ap_fixed_base<97, 49, true, (ap_q_mode)5, (ap_o_mode)3, 0>::operator=<32, 32, true, (ap_q_mode)5, (ap_o_mode)3, 0>(ap_fixed_base<32, 32, true, (ap_q_mode)5, (ap_o_mode)3, 0> const&)' (C:/Xilinx/Vitis_HLS/2022.2/common/technology/autopilot\ap_fixed_base.h:808:9)
INFO: [HLS 214-131] Inlining function 'ap_fixed_base<97, 49, true, (ap_q_mode)5, (ap_o_mode)3, 0>& ap_fixed_base<97, 49, true, (ap_q_mode)5, (ap_o_mode)3, 0>::operator=<32, 32, true, (ap_q_mode)5, (ap_o_mode)3, 0>(ap_fixed_base<32, 32, true, (ap_q_mode)5, (ap_o_mode)3, 0> const&)' into 'ap_fixed_base<97, 49, true, (ap_q_mode)5, (ap_o_mode)3, 0>::ap_fixed_base(int)' (C:/Xilinx/Vitis_HLS/2022.2/common/technology/autopilot\ap_fixed_base.h:530:146)
INFO: [HLS 214-131] Inlining function 'ap_fixed_base<48, 24, true, (ap_q_mode)5, (ap_o_mode)3, 0>::operator!() const' into 'ap_fixed_base<97, 49, true, (ap_q_mode)5, (ap_o_mode)3, 0>& ap_fixed_base<97, 49, true, (ap_q_mode)5, (ap_o_mode)3, 0>::operator=<48, 24, true, (ap_q_mode)5, (ap_o_mode)3, 0>(ap_fixed_base<48, 24, true, (ap_q_mode)5, (ap_o_mode)3, 0> const&)' (C:/Xilinx/Vitis_HLS/2022.2/common/technology/autopilot\ap_fixed_base.h:808:9)
INFO: [HLS 214-131] Inlining function '_ZN8ssdm_intILi97ELb1EEC2EDq97_i' into 'ap_fixed_base<97, 49, true, (ap_q_mode)5, (ap_o_mode)3, 0>::ap_fixed_base<48, 24, true, (ap_q_mode)5, (ap_o_mode)3, 0>(ap_fixed_base<48, 24, true, (ap_q_mode)5, (ap_o_mode)3, 0> const&)' (C:/Xilinx/Vitis_HLS/2022.2/common/technology/autopilot\ap_fixed_base.h:401:80)
INFO: [HLS 214-131] Inlining function 'ap_fixed_base<97, 49, true, (ap_q_mode)5, (ap_o_mode)3, 0>& ap_fixed_base<97, 49, true, (ap_q_mode)5, (ap_o_mode)3, 0>::operator=<48, 24, true, (ap_q_mode)5, (ap_o_mode)3, 0>(ap_fixed_base<48, 24, true, (ap_q_mode)5, (ap_o_mode)3, 0> const&)' into 'ap_fixed_base<97, 49, true, (ap_q_mode)5, (ap_o_mode)3, 0>::ap_fixed_base<48, 24, true, (ap_q_mode)5, (ap_o_mode)3, 0>(ap_fixed_base<48, 24, true, (ap_q_mode)5, (ap_o_mode)3, 0> const&)' (C:/Xilinx/Vitis_HLS/2022.2/common/technology/autopilot\ap_fixed_base.h:403:5)
INFO: [HLS 214-131] Inlining function 'ap_fixed_base<96, 48, true, (ap_q_mode)5, (ap_o_mode)3, 0>::operator!() const' into 'ap_fixed_base<97, 49, true, (ap_q_mode)5, (ap_o_mode)3, 0>& ap_fixed_base<97, 49, true, (ap_q_mode)5, (ap_o_mode)3, 0>::operator=<96, 48, true, (ap_q_mode)5, (ap_o_mode)3, 0>(ap_fixed_base<96, 48, true, (ap_q_mode)5, (ap_o_mode)3, 0> const&)' (C:/Xilinx/Vitis_HLS/2022.2/common/technology/autopilot\ap_fixed_base.h:808:9)
INFO: [HLS 214-131] Inlining function '_ZN8ssdm_intILi97ELb1EEC2EDq97_i' into 'ap_fixed_base<97, 49, true, (ap_q_mode)5, (ap_o_mode)3, 0>::ap_fixed_base<96, 48, true, (ap_q_mode)5, (ap_o_mode)3, 0>(ap_fixed_base<96, 48, true, (ap_q_mode)5, (ap_o_mode)3, 0> const&)' (C:/Xilinx/Vitis_HLS/2022.2/common/technology/autopilot\ap_fixed_base.h:401:80)
INFO: [HLS 214-131] Inlining function 'ap_fixed_base<97, 49, true, (ap_q_mode)5, (ap_o_mode)3, 0>& ap_fixed_base<97, 49, true, (ap_q_mode)5, (ap_o_mode)3, 0>::operator=<96, 48, true, (ap_q_mode)5, (ap_o_mode)3, 0>(ap_fixed_base<96, 48, true, (ap_q_mode)5, (ap_o_mode)3, 0> const&)' into 'ap_fixed_base<97, 49, true, (ap_q_mode)5, (ap_o_mode)3, 0>::ap_fixed_base<96, 48, true, (ap_q_mode)5, (ap_o_mode)3, 0>(ap_fixed_base<96, 48, true, (ap_q_mode)5, (ap_o_mode)3, 0> const&)' (C:/Xilinx/Vitis_HLS/2022.2/common/technology/autopilot\ap_fixed_base.h:403:5)
INFO: [HLS 214-131] Inlining function 'ap_fixed_base<97, 49, true, (ap_q_mode)5, (ap_o_mode)3, 0>::ap_fixed_base(int)' into 'ap_fixed_base<48, 24, true, (ap_q_mode)5, (ap_o_mode)3, 0>::RType<96, 48, true>::plus ap_fixed_base<48, 24, true, (ap_q_mode)5, (ap_o_mode)3, 0>::operator+<96, 48, true, (ap_q_mode)5, (ap_o_mode)3, 0>(ap_fixed_base<96, 48, true, (ap_q_mode)5, (ap_o_mode)3, 0> const&) const' (C:/Xilinx/Vitis_HLS/2022.2/common/technology/autopilot\ap_fixed_base.h:1347:325)
INFO: [HLS 214-131] Inlining function 'ap_fixed_base<97, 49, true, (ap_q_mode)5, (ap_o_mode)3, 0>::ap_fixed_base<96, 48, true, (ap_q_mode)5, (ap_o_mode)3, 0>(ap_fixed_base<96, 48, true, (ap_q_mode)5, (ap_o_mode)3, 0> const&)' into 'ap_fixed_base<48, 24, true, (ap_q_mode)5, (ap_o_mode)3, 0>::RType<96, 48, true>::plus ap_fixed_base<48, 24, true, (ap_q_mode)5, (ap_o_mode)3, 0>::operator+<96, 48, true, (ap_q_mode)5, (ap_o_mode)3, 0>(ap_fixed_base<96, 48, true, (ap_q_mode)5, (ap_o_mode)3, 0> const&) const' (C:/Xilinx/Vitis_HLS/2022.2/common/technology/autopilot\ap_fixed_base.h:1347:345)
INFO: [HLS 214-131] Inlining function 'ap_fixed_base<97, 49, true, (ap_q_mode)5, (ap_o_mode)3, 0>::ap_fixed_base<48, 24, true, (ap_q_mode)5, (ap_o_mode)3, 0>(ap_fixed_base<48, 24, true, (ap_q_mode)5, (ap_o_mode)3, 0> const&)' into 'ap_fixed_base<48, 24, true, (ap_q_mode)5, (ap_o_mode)3, 0>::RType<96, 48, true>::plus ap_fixed_base<48, 24, true, (ap_q_mode)5, (ap_o_mode)3, 0>::operator+<96, 48, true, (ap_q_mode)5, (ap_o_mode)3, 0>(ap_fixed_base<96, 48, true, (ap_q_mode)5, (ap_o_mode)3, 0> const&) const' (C:/Xilinx/Vitis_HLS/2022.2/common/technology/autopilot\ap_fixed_base.h:1347:333)
INFO: [HLS 214-131] Inlining function 'ap_fixed_base<97, 49, true, (ap_q_mode)5, (ap_o_mode)3, 0>::operator!() const' into 'ap_fixed_base<48, 24, true, (ap_q_mode)5, (ap_o_mode)3, 0>& ap_fixed_base<48, 24, true, (ap_q_mode)5, (ap_o_mode)3, 0>::operator=<97, 49, true, (ap_q_mode)5, (ap_o_mode)3, 0>(ap_fixed_base<97, 49, true, (ap_q_mode)5, (ap_o_mode)3, 0> const&)' (C:/Xilinx/Vitis_HLS/2022.2/common/technology/autopilot\ap_fixed_base.h:808:9)
INFO: [HLS 214-131] Inlining function 'ap_fixed_base<48, 24, true, (ap_q_mode)5, (ap_o_mode)3, 0>::RType<96, 48, true>::plus ap_fixed_base<48, 24, true, (ap_q_mode)5, (ap_o_mode)3, 0>::operator+<96, 48, true, (ap_q_mode)5, (ap_o_mode)3, 0>(ap_fixed_base<96, 48, true, (ap_q_mode)5, (ap_o_mode)3, 0> const&) const' into 'ap_fixed_base<48, 24, true, (ap_q_mode)5, (ap_o_mode)3, 0>& ap_fixed_base<48, 24, true, (ap_q_mode)5, (ap_o_mode)3, 0>::operator+=<96, 48, true, (ap_q_mode)5, (ap_o_mode)3, 0>(ap_fixed_base<96, 48, true, (ap_q_mode)5, (ap_o_mode)3, 0> const&)' (C:/Xilinx/Vitis_HLS/2022.2/common/technology/autopilot\ap_fixed_base.h:1367:248)
INFO: [HLS 214-131] Inlining function 'ap_fixed_base<48, 24, true, (ap_q_mode)5, (ap_o_mode)3, 0>& ap_fixed_base<48, 24, true, (ap_q_mode)5, (ap_o_mode)3, 0>::operator=<97, 49, true, (ap_q_mode)5, (ap_o_mode)3, 0>(ap_fixed_base<97, 49, true, (ap_q_mode)5, (ap_o_mode)3, 0> const&)' into 'ap_fixed_base<48, 24, true, (ap_q_mode)5, (ap_o_mode)3, 0>& ap_fixed_base<48, 24, true, (ap_q_mode)5, (ap_o_mode)3, 0>::operator+=<96, 48, true, (ap_q_mode)5, (ap_o_mode)3, 0>(ap_fixed_base<96, 48, true, (ap_q_mode)5, (ap_o_mode)3, 0> const&)' (C:/Xilinx/Vitis_HLS/2022.2/common/technology/autopilot\ap_fixed_base.h:1367:246)
INFO: [HLS 214-131] Inlining function 'ssdm_int<32, false>::ssdm_int(unsigned int)' into 'ap_int_base<32, false>::ap_int_base(unsigned long)' (C:/Xilinx/Vitis_HLS/2022.2/common/technology/autopilot\ap_int_base.h:217:77)
INFO: [HLS 214-131] Inlining function 'ap_int_base<32, false>::ap_int_base(unsigned long)' into 'ap_int_base<32, false>::countLeadingZeros() const' (C:/Xilinx/Vitis_HLS/2022.2/common/technology/autopilot\ap_int_base.h:1196:30)
INFO: [HLS 214-131] Inlining function 'ap_int_base<32, false>::countLeadingZeros() const' into 'ap_fixed_base<32, 16, true, (ap_q_mode)5, (ap_o_mode)3, 0>::to_float() const' (C:/Xilinx/Vitis_HLS/2022.2/common/technology/autopilot\ap_fixed_base.h:1097:17)
INFO: [HLS 214-131] Inlining function 'rawBitsToFloat(unsigned long)' into 'ap_fixed_base<32, 16, true, (ap_q_mode)5, (ap_o_mode)3, 0>::to_float() const' (C:/Xilinx/Vitis_HLS/2022.2/common/technology/autopilot\ap_fixed_base.h:1126:12)
INFO: [HLS 214-131] Inlining function 'ap_fixed_base<32, 16, true, (ap_q_mode)5, (ap_o_mode)3, 0>::to_float() const' into 'ap_fixed_base<32, 16, true, (ap_q_mode)5, (ap_o_mode)3, 0>::operator float() const' (C:/Xilinx/Vitis_HLS/2022.2/common/technology/autopilot\ap_fixed_base.h:1181:73)
INFO: [HLS 214-131] Inlining function 'ap_fixed_base<33, 17, true, (ap_q_mode)5, (ap_o_mode)3, 0>::ap_fixed_base(int)' into 'ap_fixed_base<32, 16, true, (ap_q_mode)5, (ap_o_mode)3, 0>::RType<32, 16, true>::plus ap_fixed_base<32, 16, true, (ap_q_mode)5, (ap_o_mode)3, 0>::operator+<32, 16, true, (ap_q_mode)5, (ap_o_mode)3, 0>(ap_fixed_base<32, 16, true, (ap_q_mode)5, (ap_o_mode)3, 0> const&) const' (C:/Xilinx/Vitis_HLS/2022.2/common/technology/autopilot\ap_fixed_base.h:1347:325)
INFO: [HLS 214-131] Inlining function 'ap_fixed_base<33, 17, true, (ap_q_mode)5, (ap_o_mode)3, 0>::ap_fixed_base<32, 16, true, (ap_q_mode)5, (ap_o_mode)3, 0>(ap_fixed_base<32, 16, true, (ap_q_mode)5, (ap_o_mode)3, 0> const&)' into 'ap_fixed_base<32, 16, true, (ap_q_mode)5, (ap_o_mode)3, 0>::RType<32, 16, true>::plus ap_fixed_base<32, 16, true, (ap_q_mode)5, (ap_o_mode)3, 0>::operator+<32, 16, true, (ap_q_mode)5, (ap_o_mode)3, 0>(ap_fixed_base<32, 16, true, (ap_q_mode)5, (ap_o_mode)3, 0> const&) const' (C:/Xilinx/Vitis_HLS/2022.2/common/technology/autopilot\ap_fixed_base.h:1347:345)
INFO: [HLS 214-131] Inlining function 'ap_fixed_base<33, 17, true, (ap_q_mode)5, (ap_o_mode)3, 0>::ap_fixed_base<32, 16, true, (ap_q_mode)5, (ap_o_mode)3, 0>(ap_fixed_base<32, 16, true, (ap_q_mode)5, (ap_o_mode)3, 0> const&)' into 'ap_fixed_base<32, 16, true, (ap_q_mode)5, (ap_o_mode)3, 0>::RType<32, 16, true>::plus ap_fixed_base<32, 16, true, (ap_q_mode)5, (ap_o_mode)3, 0>::operator+<32, 16, true, (ap_q_mode)5, (ap_o_mode)3, 0>(ap_fixed_base<32, 16, true, (ap_q_mode)5, (ap_o_mode)3, 0> const&) const' (C:/Xilinx/Vitis_HLS/2022.2/common/technology/autopilot\ap_fixed_base.h:1347:333)
INFO: [HLS 214-131] Inlining function 'ap_fixed_base<32, 16, true, (ap_q_mode)5, (ap_o_mode)3, 0>::operator!() const' into 'ap_fixed_base<48, 16, true, (ap_q_mode)5, (ap_o_mode)3, 0>& ap_fixed_base<48, 16, true, (ap_q_mode)5, (ap_o_mode)3, 0>::operator=<32, 16, true, (ap_q_mode)5, (ap_o_mode)3, 0>(ap_fixed_base<32, 16, true, (ap_q_mode)5, (ap_o_mode)3, 0> const&)' (C:/Xilinx/Vitis_HLS/2022.2/common/technology/autopilot\ap_fixed_base.h:808:9)
INFO: [HLS 214-131] Inlining function '_ZN8ssdm_intILi48ELb1EEC2EDq48_i' into 'ap_fixed_base<48, 16, true, (ap_q_mode)5, (ap_o_mode)3, 0>::ap_fixed_base<32, 16, true, (ap_q_mode)5, (ap_o_mode)3, 0>(ap_fixed_base<32, 16, true, (ap_q_mode)5, (ap_o_mode)3, 0> const&)' (C:/Xilinx/Vitis_HLS/2022.2/common/technology/autopilot\ap_fixed_base.h:401:80)
INFO: [HLS 214-131] Inlining function 'ap_fixed_base<48, 16, true, (ap_q_mode)5, (ap_o_mode)3, 0>& ap_fixed_base<48, 16, true, (ap_q_mode)5, (ap_o_mode)3, 0>::operator=<32, 16, true, (ap_q_mode)5, (ap_o_mode)3, 0>(ap_fixed_base<32, 16, true, (ap_q_mode)5, (ap_o_mode)3, 0> const&)' into 'ap_fixed_base<48, 16, true, (ap_q_mode)5, (ap_o_mode)3, 0>::ap_fixed_base<32, 16, true, (ap_q_mode)5, (ap_o_mode)3, 0>(ap_fixed_base<32, 16, true, (ap_q_mode)5, (ap_o_mode)3, 0> const&)' (C:/Xilinx/Vitis_HLS/2022.2/common/technology/autopilot\ap_fixed_base.h:403:5)
INFO: [HLS 214-131] Inlining function 'ap_fixed_base<48, 16, true, (ap_q_mode)5, (ap_o_mode)3, 0>::ap_fixed_base<32, 16, true, (ap_q_mode)5, (ap_o_mode)3, 0>(ap_fixed_base<32, 16, true, (ap_q_mode)5, (ap_o_mode)3, 0> const&)' into 'ap_fixed_base<32, 16, true, (ap_q_mode)5, (ap_o_mode)3, 0>::RType<32, 16, true>::div ap_fixed_base<32, 16, true, (ap_q_mode)5, (ap_o_mode)3, 0>::operator/<32, 16, true, (ap_q_mode)5, (ap_o_mode)3, 0>(ap_fixed_base<32, 16, true, (ap_q_mode)5, (ap_o_mode)3, 0> const&) const' (C:/Xilinx/Vitis_HLS/2022.2/common/technology/autopilot\ap_fixed_base.h:1299:97)
INFO: [HLS 214-131] Inlining function 'ap_fixed_base<49, 33, true, (ap_q_mode)5, (ap_o_mode)3, 0>::operator!() const' into 'ap_fixed_base<32, 16, true, (ap_q_mode)5, (ap_o_mode)3, 0>& ap_fixed_base<32, 16, true, (ap_q_mode)5, (ap_o_mode)3, 0>::operator=<49, 33, true, (ap_q_mode)5, (ap_o_mode)3, 0>(ap_fixed_base<49, 33, true, (ap_q_mode)5, (ap_o_mode)3, 0> const&)' (C:/Xilinx/Vitis_HLS/2022.2/common/technology/autopilot\ap_fixed_base.h:808:9)
INFO: [HLS 214-131] Inlining function 'ssdm_int<32, true>::ssdm_int(int)' into 'ap_fixed_base<32, 16, true, (ap_q_mode)5, (ap_o_mode)3, 0>::ap_fixed_base<49, 33, true, (ap_q_mode)5, (ap_o_mode)3, 0>(ap_fixed_base<49, 33, true, (ap_q_mode)5, (ap_o_mode)3, 0> const&)' (C:/Xilinx/Vitis_HLS/2022.2/common/technology/autopilot\ap_fixed_base.h:401:80)
INFO: [HLS 214-131] Inlining function 'ap_fixed_base<32, 16, true, (ap_q_mode)5, (ap_o_mode)3, 0>& ap_fixed_base<32, 16, true, (ap_q_mode)5, (ap_o_mode)3, 0>::operator=<49, 33, true, (ap_q_mode)5, (ap_o_mode)3, 0>(ap_fixed_base<49, 33, true, (ap_q_mode)5, (ap_o_mode)3, 0> const&)' into 'ap_fixed_base<32, 16, true, (ap_q_mode)5, (ap_o_mode)3, 0>::ap_fixed_base<49, 33, true, (ap_q_mode)5, (ap_o_mode)3, 0>(ap_fixed_base<49, 33, true, (ap_q_mode)5, (ap_o_mode)3, 0> const&)' (C:/Xilinx/Vitis_HLS/2022.2/common/technology/autopilot\ap_fixed_base.h:403:5)
INFO: [HLS 214-131] Inlining function 'ap_fixed_base<32, 16, true, (ap_q_mode)5, (ap_o_mode)3, 0>::ap_fixed_base<49, 33, true, (ap_q_mode)5, (ap_o_mode)3, 0>(ap_fixed_base<49, 33, true, (ap_q_mode)5, (ap_o_mode)3, 0> const&)' into 'ap_fixed<32, 16, (ap_q_mode)5, (ap_o_mode)3, 0>::ap_fixed<49, 33, true, (ap_q_mode)5, (ap_o_mode)3, 0>(ap_fixed_base<49, 33, true, (ap_q_mode)5, (ap_o_mode)3, 0> const&)'
INFO: [HLS 214-131] Inlining function 'ap_fixed_base<32, 32, true, (ap_q_mode)5, (ap_o_mode)3, 0>::operator!() const' into 'ap_fixed_base<65, 33, true, (ap_q_mode)5, (ap_o_mode)3, 0>& ap_fixed_base<65, 33, true, (ap_q_mode)5, (ap_o_mode)3, 0>::operator=<32, 32, true, (ap_q_mode)5, (ap_o_mode)3, 0>(ap_fixed_base<32, 32, true, (ap_q_mode)5, (ap_o_mode)3, 0> const&)' (C:/Xilinx/Vitis_HLS/2022.2/common/technology/autopilot\ap_fixed_base.h:808:9)
INFO: [HLS 214-131] Inlining function 'ap_fixed_base<65, 33, true, (ap_q_mode)5, (ap_o_mode)3, 0>& ap_fixed_base<65, 33, true, (ap_q_mode)5, (ap_o_mode)3, 0>::operator=<32, 32, true, (ap_q_mode)5, (ap_o_mode)3, 0>(ap_fixed_base<32, 32, true, (ap_q_mode)5, (ap_o_mode)3, 0> const&)' into 'ap_fixed_base<65, 33, true, (ap_q_mode)5, (ap_o_mode)3, 0>::ap_fixed_base(int)' (C:/Xilinx/Vitis_HLS/2022.2/common/technology/autopilot\ap_fixed_base.h:530:146)
INFO: [HLS 214-131] Inlining function 'ap_fixed_base<65, 33, true, (ap_q_mode)5, (ap_o_mode)3, 0>::ap_fixed_base(int)' into 'ap_fixed_base<33, 17, true, (ap_q_mode)5, (ap_o_mode)3, 0>::RType<32, 16, true>::mult ap_fixed_base<33, 17, true, (ap_q_mode)5, (ap_o_mode)3, 0>::operator*<32, 16, true, (ap_q_mode)5, (ap_o_mode)3, 0>(ap_fixed_base<32, 16, true, (ap_q_mode)5, (ap_o_mode)3, 0> const&) const' (C:/Xilinx/Vitis_HLS/2022.2/common/technology/autopilot\ap_fixed_base.h:1270:55)
INFO: [HLS 214-131] Inlining function 'ap_fixed_base<65, 33, true, (ap_q_mode)5, (ap_o_mode)3, 0>::ap_fixed_base(int)' into 'ap_fixed_base<33, 17, true, (ap_q_mode)5, (ap_o_mode)3, 0>::RType<32, 16, true>::mult ap_fixed_base<33, 17, true, (ap_q_mode)5, (ap_o_mode)3, 0>::operator*<32, 16, true, (ap_q_mode)5, (ap_o_mode)3, 0>(ap_fixed_base<32, 16, true, (ap_q_mode)5, (ap_o_mode)3, 0> const&) const' (C:/Xilinx/Vitis_HLS/2022.2/common/technology/autopilot\ap_fixed_base.h:1270:61)
INFO: [HLS 214-131] Inlining function 'ap_fixed_base<65, 33, true, (ap_q_mode)5, (ap_o_mode)3, 0>::operator!() const' into 'ap_fixed_base<32, 16, true, (ap_q_mode)5, (ap_o_mode)3, 0>& ap_fixed_base<32, 16, true, (ap_q_mode)5, (ap_o_mode)3, 0>::operator=<65, 33, true, (ap_q_mode)5, (ap_o_mode)3, 0>(ap_fixed_base<65, 33, true, (ap_q_mode)5, (ap_o_mode)3, 0> const&)' (C:/Xilinx/Vitis_HLS/2022.2/common/technology/autopilot\ap_fixed_base.h:808:9)
INFO: [HLS 214-131] Inlining function 'ssdm_int<32, true>::ssdm_int(int)' into 'ap_fixed_base<32, 16, true, (ap_q_mode)5, (ap_o_mode)3, 0>::ap_fixed_base<65, 33, true, (ap_q_mode)5, (ap_o_mode)3, 0>(ap_fixed_base<65, 33, true, (ap_q_mode)5, (ap_o_mode)3, 0> const&)' (C:/Xilinx/Vitis_HLS/2022.2/common/technology/autopilot\ap_fixed_base.h:401:80)
INFO: [HLS 214-131] Inlining function 'ap_fixed_base<32, 16, true, (ap_q_mode)5, (ap_o_mode)3, 0>& ap_fixed_base<32, 16, true, (ap_q_mode)5, (ap_o_mode)3, 0>::operator=<65, 33, true, (ap_q_mode)5, (ap_o_mode)3, 0>(ap_fixed_base<65, 33, true, (ap_q_mode)5, (ap_o_mode)3, 0> const&)' into 'ap_fixed_base<32, 16, true, (ap_q_mode)5, (ap_o_mode)3, 0>::ap_fixed_base<65, 33, true, (ap_q_mode)5, (ap_o_mode)3, 0>(ap_fixed_base<65, 33, true, (ap_q_mode)5, (ap_o_mode)3, 0> const&)' (C:/Xilinx/Vitis_HLS/2022.2/common/technology/autopilot\ap_fixed_base.h:403:5)
INFO: [HLS 214-131] Inlining function 'ap_fixed_base<32, 16, true, (ap_q_mode)5, (ap_o_mode)3, 0>::ap_fixed_base<65, 33, true, (ap_q_mode)5, (ap_o_mode)3, 0>(ap_fixed_base<65, 33, true, (ap_q_mode)5, (ap_o_mode)3, 0> const&)' into 'ap_fixed<32, 16, (ap_q_mode)5, (ap_o_mode)3, 0>::ap_fixed<65, 33, true, (ap_q_mode)5, (ap_o_mode)3, 0>(ap_fixed_base<65, 33, true, (ap_q_mode)5, (ap_o_mode)3, 0> const&)'
INFO: [HLS 214-131] Inlining function 'ap_fixed_base<32, 32, true, (ap_q_mode)5, (ap_o_mode)3, 0>::operator!() const' into 'ap_fixed_base<32, 16, true, (ap_q_mode)5, (ap_o_mode)3, 0>& ap_fixed_base<32, 16, true, (ap_q_mode)5, (ap_o_mode)3, 0>::operator=<32, 32, true, (ap_q_mode)5, (ap_o_mode)3, 0>(ap_fixed_base<32, 32, true, (ap_q_mode)5, (ap_o_mode)3, 0> const&)' (C:/Xilinx/Vitis_HLS/2022.2/common/technology/autopilot\ap_fixed_base.h:808:9)
INFO: [HLS 214-131] Inlining function 'ap_fixed_base<32, 16, true, (ap_q_mode)5, (ap_o_mode)3, 0>& ap_fixed_base<32, 16, true, (ap_q_mode)5, (ap_o_mode)3, 0>::operator=<32, 32, true, (ap_q_mode)5, (ap_o_mode)3, 0>(ap_fixed_base<32, 32, true, (ap_q_mode)5, (ap_o_mode)3, 0> const&)' into 'ap_fixed_base<32, 16, true, (ap_q_mode)5, (ap_o_mode)3, 0>::ap_fixed_base(int)' (C:/Xilinx/Vitis_HLS/2022.2/common/technology/autopilot\ap_fixed_base.h:530:146)
INFO: [HLS 214-131] Inlining function 'ap_fixed_base<32, 16, true, (ap_q_mode)5, (ap_o_mode)3, 0>::ap_fixed_base(int)' into 'ap_fixed<32, 16, (ap_q_mode)5, (ap_o_mode)3, 0>::ap_fixed(int)'
INFO: [HLS 214-131] Inlining function 'ap_fixed_base<8, 4, true, (ap_q_mode)5, (ap_o_mode)3, 0>::operator!() const' into 'ap_fixed_base<48, 24, true, (ap_q_mode)5, (ap_o_mode)3, 0>& ap_fixed_base<48, 24, true, (ap_q_mode)5, (ap_o_mode)3, 0>::operator=<8, 4, true, (ap_q_mode)5, (ap_o_mode)3, 0>(ap_fixed_base<8, 4, true, (ap_q_mode)5, (ap_o_mode)3, 0> const&)' (C:/Xilinx/Vitis_HLS/2022.2/common/technology/autopilot\ap_fixed_base.h:808:9)
INFO: [HLS 214-131] Inlining function '_ZN8ssdm_intILi48ELb1EEC2EDq48_i' into 'ap_fixed_base<48, 24, true, (ap_q_mode)5, (ap_o_mode)3, 0>::ap_fixed_base<8, 4, true, (ap_q_mode)5, (ap_o_mode)3, 0>(ap_fixed_base<8, 4, true, (ap_q_mode)5, (ap_o_mode)3, 0> const&)' (C:/Xilinx/Vitis_HLS/2022.2/common/technology/autopilot\ap_fixed_base.h:401:80)
INFO: [HLS 214-131] Inlining function 'ap_fixed_base<48, 24, true, (ap_q_mode)5, (ap_o_mode)3, 0>& ap_fixed_base<48, 24, true, (ap_q_mode)5, (ap_o_mode)3, 0>::operator=<8, 4, true, (ap_q_mode)5, (ap_o_mode)3, 0>(ap_fixed_base<8, 4, true, (ap_q_mode)5, (ap_o_mode)3, 0> const&)' into 'ap_fixed_base<48, 24, true, (ap_q_mode)5, (ap_o_mode)3, 0>::ap_fixed_base<8, 4, true, (ap_q_mode)5, (ap_o_mode)3, 0>(ap_fixed_base<8, 4, true, (ap_q_mode)5, (ap_o_mode)3, 0> const&)' (C:/Xilinx/Vitis_HLS/2022.2/common/technology/autopilot\ap_fixed_base.h:403:5)
INFO: [HLS 214-131] Inlining function 'ap_fixed_base<48, 24, true, (ap_q_mode)5, (ap_o_mode)3, 0>::ap_fixed_base<8, 4, true, (ap_q_mode)5, (ap_o_mode)3, 0>(ap_fixed_base<8, 4, true, (ap_q_mode)5, (ap_o_mode)3, 0> const&)' into 'ap_fixed<48, 24, (ap_q_mode)5, (ap_o_mode)3, 0>::ap_fixed<8, 4, true, (ap_q_mode)5, (ap_o_mode)3, 0>(ap_fixed_base<8, 4, true, (ap_q_mode)5, (ap_o_mode)3, 0> const&)'
INFO: [HLS 214-131] Inlining function 'ap_fixed_base<48, 24, true, (ap_q_mode)5, (ap_o_mode)3, 0>::operator!() const' into 'ap_fixed_base<32, 16, true, (ap_q_mode)5, (ap_o_mode)3, 0>& ap_fixed_base<32, 16, true, (ap_q_mode)5, (ap_o_mode)3, 0>::operator=<48, 24, true, (ap_q_mode)5, (ap_o_mode)3, 0>(ap_fixed_base<48, 24, true, (ap_q_mode)5, (ap_o_mode)3, 0> const&)' (C:/Xilinx/Vitis_HLS/2022.2/common/technology/autopilot\ap_fixed_base.h:808:9)
INFO: [HLS 214-131] Inlining function 'ssdm_int<32, true>::ssdm_int(int)' into 'ap_fixed_base<32, 16, true, (ap_q_mode)5, (ap_o_mode)3, 0>::ap_fixed_base<48, 24, true, (ap_q_mode)5, (ap_o_mode)3, 0>(ap_fixed_base<48, 24, true, (ap_q_mode)5, (ap_o_mode)3, 0> const&)' (C:/Xilinx/Vitis_HLS/2022.2/common/technology/autopilot\ap_fixed_base.h:401:80)
INFO: [HLS 214-131] Inlining function 'ap_fixed_base<32, 16, true, (ap_q_mode)5, (ap_o_mode)3, 0>& ap_fixed_base<32, 16, true, (ap_q_mode)5, (ap_o_mode)3, 0>::operator=<48, 24, true, (ap_q_mode)5, (ap_o_mode)3, 0>(ap_fixed_base<48, 24, true, (ap_q_mode)5, (ap_o_mode)3, 0> const&)' into 'ap_fixed_base<32, 16, true, (ap_q_mode)5, (ap_o_mode)3, 0>::ap_fixed_base<48, 24, true, (ap_q_mode)5, (ap_o_mode)3, 0>(ap_fixed_base<48, 24, true, (ap_q_mode)5, (ap_o_mode)3, 0> const&)' (C:/Xilinx/Vitis_HLS/2022.2/common/technology/autopilot\ap_fixed_base.h:403:5)
INFO: [HLS 214-131] Inlining function 'ap_fixed_base<32, 16, true, (ap_q_mode)5, (ap_o_mode)3, 0>::ap_fixed_base<48, 24, true, (ap_q_mode)5, (ap_o_mode)3, 0>(ap_fixed_base<48, 24, true, (ap_q_mode)5, (ap_o_mode)3, 0> const&)' into 'ap_fixed<32, 16, (ap_q_mode)5, (ap_o_mode)3, 0>::ap_fixed<48, 24, true, (ap_q_mode)5, (ap_o_mode)3, 0>(ap_fixed_base<48, 24, true, (ap_q_mode)5, (ap_o_mode)3, 0> const&)'
INFO: [HLS 214-131] Inlining function 'bool ap_fixed_base<32, 16, true, (ap_q_mode)5, (ap_o_mode)3, 0>::operator><32, 16, true, (ap_q_mode)5, (ap_o_mode)3, 0>(ap_fixed_base<32, 16, true, (ap_q_mode)5, (ap_o_mode)3, 0> const&) const' into 'relu(ap_fixed<32, 16, (ap_q_mode)5, (ap_o_mode)3, 0>)' (C:/ecg_hls/include/ecg_types.h:62:15)
INFO: [HLS 214-131] Inlining function 'ap_fixed_base<48, 24, true, (ap_q_mode)5, (ap_o_mode)3, 0>::operator!() const' into 'ap_fixed_base<16, 8, true, (ap_q_mode)5, (ap_o_mode)3, 0>& ap_fixed_base<16, 8, true, (ap_q_mode)5, (ap_o_mode)3, 0>::operator=<48, 24, true, (ap_q_mode)5, (ap_o_mode)3, 0>(ap_fixed_base<48, 24, true, (ap_q_mode)5, (ap_o_mode)3, 0> const&)' (C:/Xilinx/Vitis_HLS/2022.2/common/technology/autopilot\ap_fixed_base.h:808:9)
INFO: [HLS 214-131] Inlining function 'ssdm_int<16, true>::ssdm_int(short)' into 'ap_fixed_base<16, 8, true, (ap_q_mode)5, (ap_o_mode)3, 0>::ap_fixed_base<48, 24, true, (ap_q_mode)5, (ap_o_mode)3, 0>(ap_fixed_base<48, 24, true, (ap_q_mode)5, (ap_o_mode)3, 0> const&)' (C:/Xilinx/Vitis_HLS/2022.2/common/technology/autopilot\ap_fixed_base.h:401:80)
INFO: [HLS 214-131] Inlining function 'ap_fixed_base<16, 8, true, (ap_q_mode)5, (ap_o_mode)3, 0>& ap_fixed_base<16, 8, true, (ap_q_mode)5, (ap_o_mode)3, 0>::operator=<48, 24, true, (ap_q_mode)5, (ap_o_mode)3, 0>(ap_fixed_base<48, 24, true, (ap_q_mode)5, (ap_o_mode)3, 0> const&)' into 'ap_fixed_base<16, 8, true, (ap_q_mode)5, (ap_o_mode)3, 0>::ap_fixed_base<48, 24, true, (ap_q_mode)5, (ap_o_mode)3, 0>(ap_fixed_base<48, 24, true, (ap_q_mode)5, (ap_o_mode)3, 0> const&)' (C:/Xilinx/Vitis_HLS/2022.2/common/technology/autopilot\ap_fixed_base.h:403:5)
INFO: [HLS 214-131] Inlining function 'ap_fixed_base<16, 8, true, (ap_q_mode)5, (ap_o_mode)3, 0>::ap_fixed_base<48, 24, true, (ap_q_mode)5, (ap_o_mode)3, 0>(ap_fixed_base<48, 24, true, (ap_q_mode)5, (ap_o_mode)3, 0> const&)' into 'ap_fixed<16, 8, (ap_q_mode)5, (ap_o_mode)3, 0>::ap_fixed<48, 24, true, (ap_q_mode)5, (ap_o_mode)3, 0>(ap_fixed_base<48, 24, true, (ap_q_mode)5, (ap_o_mode)3, 0> const&)'
INFO: [HLS 214-131] Inlining function 'ap_fixed_base<32, 32, true, (ap_q_mode)5, (ap_o_mode)3, 0>::operator!() const' into 'ap_fixed_base<16, 8, true, (ap_q_mode)5, (ap_o_mode)3, 0>& ap_fixed_base<16, 8, true, (ap_q_mode)5, (ap_o_mode)3, 0>::operator=<32, 32, true, (ap_q_mode)5, (ap_o_mode)3, 0>(ap_fixed_base<32, 32, true, (ap_q_mode)5, (ap_o_mode)3, 0> const&)' (C:/Xilinx/Vitis_HLS/2022.2/common/technology/autopilot\ap_fixed_base.h:808:9)
INFO: [HLS 214-131] Inlining function 'ap_fixed_base<16, 8, true, (ap_q_mode)5, (ap_o_mode)3, 0>& ap_fixed_base<16, 8, true, (ap_q_mode)5, (ap_o_mode)3, 0>::operator=<32, 32, true, (ap_q_mode)5, (ap_o_mode)3, 0>(ap_fixed_base<32, 32, true, (ap_q_mode)5, (ap_o_mode)3, 0> const&)' into 'ap_fixed_base<16, 8, true, (ap_q_mode)5, (ap_o_mode)3, 0>::ap_fixed_base(int)' (C:/Xilinx/Vitis_HLS/2022.2/common/technology/autopilot\ap_fixed_base.h:530:146)
INFO: [HLS 214-131] Inlining function 'ap_fixed_base<16, 8, true, (ap_q_mode)5, (ap_o_mode)3, 0>::ap_fixed_base(int)' into 'ap_fixed<16, 8, (ap_q_mode)5, (ap_o_mode)3, 0>::ap_fixed(int)'
INFO: [HLS 214-131] Inlining function 'bool ap_fixed_base<16, 8, true, (ap_q_mode)5, (ap_o_mode)3, 0>::operator><16, 8, true, (ap_q_mode)5, (ap_o_mode)3, 0>(ap_fixed_base<16, 8, true, (ap_q_mode)5, (ap_o_mode)3, 0> const&) const' into 'relu_act(ap_fixed<16, 8, (ap_q_mode)5, (ap_o_mode)3, 0>)' (C:/ecg_hls/include/ecg_types.h:65:15)
INFO: [HLS 214-131] Inlining function 'ap_fixed_base<16, 8, true, (ap_q_mode)5, (ap_o_mode)3, 0>::operator!() const' into 'ap_fixed_base<32, 16, true, (ap_q_mode)5, (ap_o_mode)3, 0>& ap_fixed_base<32, 16, true, (ap_q_mode)5, (ap_o_mode)3, 0>::operator=<16, 8, true, (ap_q_mode)5, (ap_o_mode)3, 0>(ap_fixed_base<16, 8, true, (ap_q_mode)5, (ap_o_mode)3, 0> const&)' (C:/Xilinx/Vitis_HLS/2022.2/common/technology/autopilot\ap_fixed_base.h:808:9)
INFO: [HLS 214-131] Inlining function 'ssdm_int<32, true>::ssdm_int(int)' into 'ap_fixed_base<32, 16, true, (ap_q_mode)5, (ap_o_mode)3, 0>::ap_fixed_base<16, 8, true, (ap_q_mode)5, (ap_o_mode)3, 0>(ap_fixed_base<16, 8, true, (ap_q_mode)5, (ap_o_mode)3, 0> const&)' (C:/Xilinx/Vitis_HLS/2022.2/common/technology/autopilot\ap_fixed_base.h:401:80)
INFO: [HLS 214-131] Inlining function 'ap_fixed_base<32, 16, true, (ap_q_mode)5, (ap_o_mode)3, 0>& ap_fixed_base<32, 16, true, (ap_q_mode)5, (ap_o_mode)3, 0>::operator=<16, 8, true, (ap_q_mode)5, (ap_o_mode)3, 0>(ap_fixed_base<16, 8, true, (ap_q_mode)5, (ap_o_mode)3, 0> const&)' into 'ap_fixed_base<32, 16, true, (ap_q_mode)5, (ap_o_mode)3, 0>::ap_fixed_base<16, 8, true, (ap_q_mode)5, (ap_o_mode)3, 0>(ap_fixed_base<16, 8, true, (ap_q_mode)5, (ap_o_mode)3, 0> const&)' (C:/Xilinx/Vitis_HLS/2022.2/common/technology/autopilot\ap_fixed_base.h:403:5)
INFO: [HLS 214-131] Inlining function 'ap_fixed_base<32, 16, true, (ap_q_mode)5, (ap_o_mode)3, 0>::ap_fixed_base<16, 8, true, (ap_q_mode)5, (ap_o_mode)3, 0>(ap_fixed_base<16, 8, true, (ap_q_mode)5, (ap_o_mode)3, 0> const&)' into 'ap_fixed<32, 16, (ap_q_mode)5, (ap_o_mode)3, 0>::ap_fixed<16, 8, true, (ap_q_mode)5, (ap_o_mode)3, 0>(ap_fixed_base<16, 8, true, (ap_q_mode)5, (ap_o_mode)3, 0> const&)'
INFO: [HLS 214-131] Inlining function 'ap_fixed_base<32, 32, true, (ap_q_mode)5, (ap_o_mode)3, 0>::operator!() const' into 'ap_fixed_base<64, 32, true, (ap_q_mode)5, (ap_o_mode)3, 0>& ap_fixed_base<64, 32, true, (ap_q_mode)5, (ap_o_mode)3, 0>::operator=<32, 32, true, (ap_q_mode)5, (ap_o_mode)3, 0>(ap_fixed_base<32, 32, true, (ap_q_mode)5, (ap_o_mode)3, 0> const&)' (C:/Xilinx/Vitis_HLS/2022.2/common/technology/autopilot\ap_fixed_base.h:808:9)
INFO: [HLS 214-131] Inlining function 'ap_fixed_base<64, 32, true, (ap_q_mode)5, (ap_o_mode)3, 0>& ap_fixed_base<64, 32, true, (ap_q_mode)5, (ap_o_mode)3, 0>::operator=<32, 32, true, (ap_q_mode)5, (ap_o_mode)3, 0>(ap_fixed_base<32, 32, true, (ap_q_mode)5, (ap_o_mode)3, 0> const&)' into 'ap_fixed_base<64, 32, true, (ap_q_mode)5, (ap_o_mode)3, 0>::ap_fixed_base(int)' (C:/Xilinx/Vitis_HLS/2022.2/common/technology/autopilot\ap_fixed_base.h:530:146)
INFO: [HLS 214-131] Inlining function 'ap_fixed_base<64, 32, true, (ap_q_mode)5, (ap_o_mode)3, 0>::ap_fixed_base(int)' into 'ap_fixed_base<32, 16, true, (ap_q_mode)5, (ap_o_mode)3, 0>::RType<32, 16, true>::mult ap_fixed_base<32, 16, true, (ap_q_mode)5, (ap_o_mode)3, 0>::operator*<32, 16, true, (ap_q_mode)5, (ap_o_mode)3, 0>(ap_fixed_base<32, 16, true, (ap_q_mode)5, (ap_o_mode)3, 0> const&) const' (C:/Xilinx/Vitis_HLS/2022.2/common/technology/autopilot\ap_fixed_base.h:1270:55)
INFO: [HLS 214-131] Inlining function 'ap_fixed_base<64, 32, true, (ap_q_mode)5, (ap_o_mode)3, 0>::ap_fixed_base(int)' into 'ap_fixed_base<32, 16, true, (ap_q_mode)5, (ap_o_mode)3, 0>::RType<32, 16, true>::mult ap_fixed_base<32, 16, true, (ap_q_mode)5, (ap_o_mode)3, 0>::operator*<32, 16, true, (ap_q_mode)5, (ap_o_mode)3, 0>(ap_fixed_base<32, 16, true, (ap_q_mode)5, (ap_o_mode)3, 0> const&) const' (C:/Xilinx/Vitis_HLS/2022.2/common/technology/autopilot\ap_fixed_base.h:1270:61)
INFO: [HLS 214-131] Inlining function 'ap_fixed_base<64, 32, true, (ap_q_mode)5, (ap_o_mode)3, 0>::operator!() const' into 'ap_fixed_base<32, 16, true, (ap_q_mode)5, (ap_o_mode)3, 0>& ap_fixed_base<32, 16, true, (ap_q_mode)5, (ap_o_mode)3, 0>::operator=<64, 32, true, (ap_q_mode)5, (ap_o_mode)3, 0>(ap_fixed_base<64, 32, true, (ap_q_mode)5, (ap_o_mode)3, 0> const&)' (C:/Xilinx/Vitis_HLS/2022.2/common/technology/autopilot\ap_fixed_base.h:808:9)
INFO: [HLS 214-131] Inlining function 'ssdm_int<32, true>::ssdm_int(int)' into 'ap_fixed_base<32, 16, true, (ap_q_mode)5, (ap_o_mode)3, 0>::ap_fixed_base<64, 32, true, (ap_q_mode)5, (ap_o_mode)3, 0>(ap_fixed_base<64, 32, true, (ap_q_mode)5, (ap_o_mode)3, 0> const&)' (C:/Xilinx/Vitis_HLS/2022.2/common/technology/autopilot\ap_fixed_base.h:401:80)
INFO: [HLS 214-131] Inlining function 'ap_fixed_base<32, 16, true, (ap_q_mode)5, (ap_o_mode)3, 0>& ap_fixed_base<32, 16, true, (ap_q_mode)5, (ap_o_mode)3, 0>::operator=<64, 32, true, (ap_q_mode)5, (ap_o_mode)3, 0>(ap_fixed_base<64, 32, true, (ap_q_mode)5, (ap_o_mode)3, 0> const&)' into 'ap_fixed_base<32, 16, true, (ap_q_mode)5, (ap_o_mode)3, 0>::ap_fixed_base<64, 32, true, (ap_q_mode)5, (ap_o_mode)3, 0>(ap_fixed_base<64, 32, true, (ap_q_mode)5, (ap_o_mode)3, 0> const&)' (C:/Xilinx/Vitis_HLS/2022.2/common/technology/autopilot\ap_fixed_base.h:403:5)
INFO: [HLS 214-131] Inlining function 'ap_fixed_base<32, 16, true, (ap_q_mode)5, (ap_o_mode)3, 0>::ap_fixed_base<64, 32, true, (ap_q_mode)5, (ap_o_mode)3, 0>(ap_fixed_base<64, 32, true, (ap_q_mode)5, (ap_o_mode)3, 0> const&)' into 'ap_fixed<32, 16, (ap_q_mode)5, (ap_o_mode)3, 0>::ap_fixed<64, 32, true, (ap_q_mode)5, (ap_o_mode)3, 0>(ap_fixed_base<64, 32, true, (ap_q_mode)5, (ap_o_mode)3, 0> const&)'
INFO: [HLS 214-131] Inlining function 'ssdm_int<64, false>::ssdm_int(unsigned long)' into 'ap_int_base<64, false>::ap_int_base(unsigned long long)' (C:/Xilinx/Vitis_HLS/2022.2/common/technology/autopilot\ap_int_base.h:219:72)
INFO: [HLS 214-131] Inlining function 'ap_int_base<64, false>::ap_int_base(unsigned long long)' into 'ap_int_base<48, false>::countLeadingZeros() const' (C:/Xilinx/Vitis_HLS/2022.2/common/technology/autopilot\ap_int_base.h:1201:30)
INFO: [HLS 214-131] Inlining function 'ap_int_base<48, false>::countLeadingZeros() const' into 'ap_fixed_base<48, 24, true, (ap_q_mode)5, (ap_o_mode)3, 0>::to_float() const' (C:/Xilinx/Vitis_HLS/2022.2/common/technology/autopilot\ap_fixed_base.h:1097:17)
INFO: [HLS 214-131] Inlining function 'rawBitsToFloat(unsigned long)' into 'ap_fixed_base<48, 24, true, (ap_q_mode)5, (ap_o_mode)3, 0>::to_float() const' (C:/Xilinx/Vitis_HLS/2022.2/common/technology/autopilot\ap_fixed_base.h:1126:12)
INFO: [HLS 214-131] Inlining function 'ap_fixed_base<48, 24, true, (ap_q_mode)5, (ap_o_mode)3, 0>::to_float() const' into 'ap_fixed_base<48, 24, true, (ap_q_mode)5, (ap_o_mode)3, 0>::operator float() const' (C:/Xilinx/Vitis_HLS/2022.2/common/technology/autopilot\ap_fixed_base.h:1181:73)
INFO: [HLS 214-131] Inlining function 'exp_reduce_::exp(float)' into 'hls::exp(float)' (C:\scratch\2022.2\hls_product\608\2022.2\src\shared\hls\clib\hlsmath\src\c++\expfloat.cpp:17:9)
INFO: [HLS 214-131] Inlining function 'hls::exp(float)' into 'softmax2(float, float, float&, float&)' (src/ecg_classifier.cpp:7:16)
INFO: [HLS 214-131] Inlining function 'hls::exp(float)' into 'softmax2(float, float, float&, float&)' (src/ecg_classifier.cpp:8:16)
INFO: [HLS 214-131] Inlining function 'ssdm_int<32, false>::ssdm_int(unsigned int)' into 'ap_int_base<32, false>::ap_int_base(unsigned int)' (C:/Xilinx/Vitis_HLS/2022.2/common/technology/autopilot\ap_int_base.h:215:76)
INFO: [HLS 214-131] Inlining function 'ap_int_base<32, false>::ap_int_base(unsigned int)' into 'ap_uint<32>::ap_uint(unsigned int)'
INFO: [HLS 214-131] Inlining function '_ZN8ssdm_intILi4ELb0EEC2EDq4_j' into 'ap_int_base<4, false>::ap_int_base(int)' (C:/Xilinx/Vitis_HLS/2022.2/common/technology/autopilot\ap_int_base.h:214:67)
INFO: [HLS 214-131] Inlining function 'ap_int_base<4, false>::ap_int_base(int)' into 'ap_uint<4>::ap_uint(int)'
INFO: [HLS 214-131] Inlining function 'ap_int_base<1, false>::ap_int_base(int)' into 'ap_uint<1>::ap_uint(int)'
INFO: [HLS 214-131] Inlining function 'hls::axis<ap_uint<32>, 1ul, 1ul, 1ul>::get_user_ptr()' into 'hls::stream<hls::axis<ap_uint<32>, 1ul, 1ul, 1ul>, 0>::write(hls::axis<ap_uint<32>, 1ul, 1ul, 1ul> const&)' (C:/Xilinx/Vitis_HLS/2022.2/common/technology/autopilot\ap_axi_sdata.h:258:51)
INFO: [HLS 214-131] Inlining function 'hls::axis<ap_uint<32>, 1ul, 1ul, 1ul>::get_dest_ptr()' into 'hls::stream<hls::axis<ap_uint<32>, 1ul, 1ul, 1ul>, 0>::write(hls::axis<ap_uint<32>, 1ul, 1ul, 1ul> const&)' (C:/Xilinx/Vitis_HLS/2022.2/common/technology/autopilot\ap_axi_sdata.h:261:26)
INFO: [HLS 214-131] Inlining function 'hls::axis<ap_uint<32>, 1ul, 1ul, 1ul>::get_id_ptr()' into 'hls::stream<hls::axis<ap_uint<32>, 1ul, 1ul, 1ul>, 0>::write(hls::axis<ap_uint<32>, 1ul, 1ul, 1ul> const&)' (C:/Xilinx/Vitis_HLS/2022.2/common/technology/autopilot\ap_axi_sdata.h:260:68)
INFO: [HLS 214-131] Inlining function 'hls::axis<ap_uint<32>, 1ul, 1ul, 1ul>::get_user_ptr()' into 'hls::stream<hls::axis<ap_uint<32>, 1ul, 1ul, 1ul>, 0>::write(hls::axis<ap_uint<32>, 1ul, 1ul, 1ul> const&)' (C:/Xilinx/Vitis_HLS/2022.2/common/technology/autopilot\ap_axi_sdata.h:260:37)
INFO: [HLS 214-131] Inlining function 'hls::axis<ap_uint<32>, 1ul, 1ul, 1ul>::get_dest_ptr()' into 'hls::stream<hls::axis<ap_uint<32>, 1ul, 1ul, 1ul>, 0>::write(hls::axis<ap_uint<32>, 1ul, 1ul, 1ul> const&)' (C:/Xilinx/Vitis_HLS/2022.2/common/technology/autopilot\ap_axi_sdata.h:259:40)
INFO: [HLS 214-131] Inlining function 'hls::axis<ap_uint<32>, 1ul, 1ul, 1ul>::get_id_ptr()' into 'hls::stream<hls::axis<ap_uint<32>, 1ul, 1ul, 1ul>, 0>::write(hls::axis<ap_uint<32>, 1ul, 1ul, 1ul> const&)' (C:/Xilinx/Vitis_HLS/2022.2/common/technology/autopilot\ap_axi_sdata.h:259:24)
INFO: [HLS 214-131] Inlining function 'hls::stream<hls::axis<ap_uint<32>, 1ul, 1ul, 1ul>, 0>::read()' into 'ecg_classifier(hls::stream<hls::axis<ap_uint<32>, 1ul, 1ul, 1ul>, 0>&, hls::stream<hls::axis<ap_uint<32>, 1ul, 1ul, 1ul>, 0>&)' (src/ecg_classifier.cpp:45:29)
INFO: [HLS 214-131] Inlining function 'hls::stream<hls::axis<ap_uint<32>, 1ul, 1ul, 1ul>, 0>::write(hls::axis<ap_uint<32>, 1ul, 1ul, 1ul> const&)' into 'ecg_classifier(hls::stream<hls::axis<ap_uint<32>, 1ul, 1ul, 1ul>, 0>&, hls::stream<hls::axis<ap_uint<32>, 1ul, 1ul, 1ul>, 0>&)' (src/ecg_classifier.cpp:325:20)
INFO: [HLS 214-131] Inlining function 'ap_int_base<32, false>::range(int, int)' into 'ecg_classifier(hls::stream<hls::axis<ap_uint<32>, 1ul, 1ul, 1ul>, 0>&, hls::stream<hls::axis<ap_uint<32>, 1ul, 1ul, 1ul>, 0>&)' (src/ecg_classifier.cpp:48:29)
INFO: [HLS 214-131] Inlining function 'ap_fixed_base<48, 24, true, (ap_q_mode)5, (ap_o_mode)3, 0>::operator float() const' into 'ecg_classifier(hls::stream<hls::axis<ap_uint<32>, 1ul, 1ul, 1ul>, 0>&, hls::stream<hls::axis<ap_uint<32>, 1ul, 1ul, 1ul>, 0>&)' (src/ecg_classifier.cpp:306:29)
INFO: [HLS 214-131] Inlining function 'ap_fixed_base<48, 24, true, (ap_q_mode)5, (ap_o_mode)3, 0>& ap_fixed_base<48, 24, true, (ap_q_mode)5, (ap_o_mode)3, 0>::operator+=<96, 48, true, (ap_q_mode)5, (ap_o_mode)3, 0>(ap_fixed_base<96, 48, true, (ap_q_mode)5, (ap_o_mode)3, 0> const&)' into 'ecg_classifier(hls::stream<hls::axis<ap_uint<32>, 1ul, 1ul, 1ul>, 0>&, hls::stream<hls::axis<ap_uint<32>, 1ul, 1ul, 1ul>, 0>&)' (src/ecg_classifier.cpp:304:6)
INFO: [HLS 214-131] Inlining function 'ap_fixed_base<48, 24, true, (ap_q_mode)5, (ap_o_mode)3, 0>::RType<48, 24, true>::mult ap_fixed_base<48, 24, true, (ap_q_mode)5, (ap_o_mode)3, 0>::operator*<48, 24, true, (ap_q_mode)5, (ap_o_mode)3, 0>(ap_fixed_base<48, 24, true, (ap_q_mode)5, (ap_o_mode)3, 0> const&) const' into 'ecg_classifier(hls::stream<hls::axis<ap_uint<32>, 1ul, 1ul, 1ul>, 0>&, hls::stream<hls::axis<ap_uint<32>, 1ul, 1ul, 1ul>, 0>&)' (src/ecg_classifier.cpp:304:31)
INFO: [HLS 214-131] Inlining function 'ap_fixed_base<32, 16, true, (ap_q_mode)5, (ap_o_mode)3, 0>::range(int, int)' into 'ecg_classifier(hls::stream<hls::axis<ap_uint<32>, 1ul, 1ul, 1ul>, 0>&, hls::stream<hls::axis<ap_uint<32>, 1ul, 1ul, 1ul>, 0>&)' (src/ecg_classifier.cpp:48:11)
INFO: [HLS 214-131] Inlining function 'ap_fixed_base<48, 24, true, (ap_q_mode)5, (ap_o_mode)3, 0>& ap_fixed_base<48, 24, true, (ap_q_mode)5, (ap_o_mode)3, 0>::operator+=<96, 48, true, (ap_q_mode)5, (ap_o_mode)3, 0>(ap_fixed_base<96, 48, true, (ap_q_mode)5, (ap_o_mode)3, 0> const&)' into 'ecg_classifier(hls::stream<hls::axis<ap_uint<32>, 1ul, 1ul, 1ul>, 0>&, hls::stream<hls::axis<ap_uint<32>, 1ul, 1ul, 1ul>, 0>&)' (src/ecg_classifier.cpp:293:6)
INFO: [HLS 214-131] Inlining function 'ap_fixed_base<48, 24, true, (ap_q_mode)5, (ap_o_mode)3, 0>::RType<48, 24, true>::mult ap_fixed_base<48, 24, true, (ap_q_mode)5, (ap_o_mode)3, 0>::operator*<48, 24, true, (ap_q_mode)5, (ap_o_mode)3, 0>(ap_fixed_base<48, 24, true, (ap_q_mode)5, (ap_o_mode)3, 0> const&) const' into 'ecg_classifier(hls::stream<hls::axis<ap_uint<32>, 1ul, 1ul, 1ul>, 0>&, hls::stream<hls::axis<ap_uint<32>, 1ul, 1ul, 1ul>, 0>&)' (src/ecg_classifier.cpp:293:28)
INFO: [HLS 214-131] Inlining function 'ap_fixed_base<32, 16, true, (ap_q_mode)5, (ap_o_mode)3, 0>::RType<32, 16, true>::mult ap_fixed_base<32, 16, true, (ap_q_mode)5, (ap_o_mode)3, 0>::operator*<32, 16, true, (ap_q_mode)5, (ap_o_mode)3, 0>(ap_fixed_base<32, 16, true, (ap_q_mode)5, (ap_o_mode)3, 0> const&) const' into 'ecg_classifier(hls::stream<hls::axis<ap_uint<32>, 1ul, 1ul, 1ul>, 0>&, hls::stream<hls::axis<ap_uint<32>, 1ul, 1ul, 1ul>, 0>&)' (src/ecg_classifier.cpp:284:30)
INFO: [HLS 214-131] Inlining function 'af_range_ref<32, 16, true, (ap_q_mode)5, (ap_o_mode)3, 0>& af_range_ref<32, 16, true, (ap_q_mode)5, (ap_o_mode)3, 0>::operator=<32, false>(ap_range_ref<32, false> const&)' into 'ecg_classifier(hls::stream<hls::axis<ap_uint<32>, 1ul, 1ul, 1ul>, 0>&, hls::stream<hls::axis<ap_uint<32>, 1ul, 1ul, 1ul>, 0>&)' (src/ecg_classifier.cpp:48:23)
INFO: [HLS 214-131] Inlining function 'ap_fixed_base<32, 16, true, (ap_q_mode)5, (ap_o_mode)3, 0>::RType<32, 16, true>::plus ap_fixed_base<32, 16, true, (ap_q_mode)5, (ap_o_mode)3, 0>::operator+<32, 16, true, (ap_q_mode)5, (ap_o_mode)3, 0>(ap_fixed_base<32, 16, true, (ap_q_mode)5, (ap_o_mode)3, 0> const&) const' into 'ecg_classifier(hls::stream<hls::axis<ap_uint<32>, 1ul, 1ul, 1ul>, 0>&, hls::stream<hls::axis<ap_uint<32>, 1ul, 1ul, 1ul>, 0>&)' (src/ecg_classifier.cpp:274:57)
INFO: [HLS 214-131] Inlining function 'ap_fixed_base<32, 16, true, (ap_q_mode)5, (ap_o_mode)3, 0>::RType<32, 16, true>::plus ap_fixed_base<32, 16, true, (ap_q_mode)5, (ap_o_mode)3, 0>::operator+<32, 16, true, (ap_q_mode)5, (ap_o_mode)3, 0>(ap_fixed_base<32, 16, true, (ap_q_mode)5, (ap_o_mode)3, 0> const&) const' into 'ecg_classifier(hls::stream<hls::axis<ap_uint<32>, 1ul, 1ul, 1ul>, 0>&, hls::stream<hls::axis<ap_uint<32>, 1ul, 1ul, 1ul>, 0>&)' (src/ecg_classifier.cpp:273:57)
INFO: [HLS 214-131] Inlining function 'ap_fixed_base<48, 24, true, (ap_q_mode)5, (ap_o_mode)3, 0>& ap_fixed_base<48, 24, true, (ap_q_mode)5, (ap_o_mode)3, 0>::operator+=<96, 48, true, (ap_q_mode)5, (ap_o_mode)3, 0>(ap_fixed_base<96, 48, true, (ap_q_mode)5, (ap_o_mode)3, 0> const&)' into 'ecg_classifier(hls::stream<hls::axis<ap_uint<32>, 1ul, 1ul, 1ul>, 0>&, hls::stream<hls::axis<ap_uint<32>, 1ul, 1ul, 1ul>, 0>&)' (src/ecg_classifier.cpp:270:30)
INFO: [HLS 214-131] Inlining function 'ap_fixed_base<48, 24, true, (ap_q_mode)5, (ap_o_mode)3, 0>::RType<48, 24, true>::mult ap_fixed_base<48, 24, true, (ap_q_mode)5, (ap_o_mode)3, 0>::operator*<48, 24, true, (ap_q_mode)5, (ap_o_mode)3, 0>(ap_fixed_base<48, 24, true, (ap_q_mode)5, (ap_o_mode)3, 0> const&) const' into 'ecg_classifier(hls::stream<hls::axis<ap_uint<32>, 1ul, 1ul, 1ul>, 0>&, hls::stream<hls::axis<ap_uint<32>, 1ul, 1ul, 1ul>, 0>&)' (src/ecg_classifier.cpp:270:42)
INFO: [HLS 214-131] Inlining function 'ap_fixed_base<48, 24, true, (ap_q_mode)5, (ap_o_mode)3, 0>& ap_fixed_base<48, 24, true, (ap_q_mode)5, (ap_o_mode)3, 0>::operator+=<96, 48, true, (ap_q_mode)5, (ap_o_mode)3, 0>(ap_fixed_base<96, 48, true, (ap_q_mode)5, (ap_o_mode)3, 0> const&)' into 'ecg_classifier(hls::stream<hls::axis<ap_uint<32>, 1ul, 1ul, 1ul>, 0>&, hls::stream<hls::axis<ap_uint<32>, 1ul, 1ul, 1ul>, 0>&)' (src/ecg_classifier.cpp:269:30)
INFO: [HLS 214-131] Inlining function 'ap_fixed_base<48, 24, true, (ap_q_mode)5, (ap_o_mode)3, 0>::RType<48, 24, true>::mult ap_fixed_base<48, 24, true, (ap_q_mode)5, (ap_o_mode)3, 0>::operator*<48, 24, true, (ap_q_mode)5, (ap_o_mode)3, 0>(ap_fixed_base<48, 24, true, (ap_q_mode)5, (ap_o_mode)3, 0> const&) const' into 'ecg_classifier(hls::stream<hls::axis<ap_uint<32>, 1ul, 1ul, 1ul>, 0>&, hls::stream<hls::axis<ap_uint<32>, 1ul, 1ul, 1ul>, 0>&)' (src/ecg_classifier.cpp:269:42)
INFO: [HLS 214-131] Inlining function 'ap_fixed_base<48, 24, true, (ap_q_mode)5, (ap_o_mode)3, 0>& ap_fixed_base<48, 24, true, (ap_q_mode)5, (ap_o_mode)3, 0>::operator+=<48, 24, true, (ap_q_mode)5, (ap_o_mode)3, 0>(ap_fixed_base<48, 24, true, (ap_q_mode)5, (ap_o_mode)3, 0> const&)' into 'ecg_classifier(hls::stream<hls::axis<ap_uint<32>, 1ul, 1ul, 1ul>, 0>&, hls::stream<hls::axis<ap_uint<32>, 1ul, 1ul, 1ul>, 0>&)' (src/ecg_classifier.cpp:56:11)
INFO: [HLS 214-131] Inlining function 'ap_fixed_base<48, 24, true, (ap_q_mode)5, (ap_o_mode)3, 0>::RType<32, 16, true>::mult ap_fixed_base<48, 24, true, (ap_q_mode)5, (ap_o_mode)3, 0>::operator*<32, 16, true, (ap_q_mode)5, (ap_o_mode)3, 0>(ap_fixed_base<32, 16, true, (ap_q_mode)5, (ap_o_mode)3, 0> const&) const' into 'ecg_classifier(hls::stream<hls::axis<ap_uint<32>, 1ul, 1ul, 1ul>, 0>&, hls::stream<hls::axis<ap_uint<32>, 1ul, 1ul, 1ul>, 0>&)' (src/ecg_classifier.cpp:58:40)
INFO: [HLS 214-131] Inlining function 'ap_fixed_base<48, 24, true, (ap_q_mode)5, (ap_o_mode)3, 0>& ap_fixed_base<48, 24, true, (ap_q_mode)5, (ap_o_mode)3, 0>::operator+=<96, 48, true, (ap_q_mode)5, (ap_o_mode)3, 0>(ap_fixed_base<96, 48, true, (ap_q_mode)5, (ap_o_mode)3, 0> const&)' into 'ecg_classifier(hls::stream<hls::axis<ap_uint<32>, 1ul, 1ul, 1ul>, 0>&, hls::stream<hls::axis<ap_uint<32>, 1ul, 1ul, 1ul>, 0>&)' (src/ecg_classifier.cpp:237:30)
INFO: [HLS 214-131] Inlining function 'ap_fixed_base<48, 24, true, (ap_q_mode)5, (ap_o_mode)3, 0>::RType<48, 24, true>::mult ap_fixed_base<48, 24, true, (ap_q_mode)5, (ap_o_mode)3, 0>::operator*<48, 24, true, (ap_q_mode)5, (ap_o_mode)3, 0>(ap_fixed_base<48, 24, true, (ap_q_mode)5, (ap_o_mode)3, 0> const&) const' into 'ecg_classifier(hls::stream<hls::axis<ap_uint<32>, 1ul, 1ul, 1ul>, 0>&, hls::stream<hls::axis<ap_uint<32>, 1ul, 1ul, 1ul>, 0>&)' (src/ecg_classifier.cpp:237:42)
INFO: [HLS 214-131] Inlining function 'ap_fixed_base<48, 24, true, (ap_q_mode)5, (ap_o_mode)3, 0>& ap_fixed_base<48, 24, true, (ap_q_mode)5, (ap_o_mode)3, 0>::operator+=<96, 48, true, (ap_q_mode)5, (ap_o_mode)3, 0>(ap_fixed_base<96, 48, true, (ap_q_mode)5, (ap_o_mode)3, 0> const&)' into 'ecg_classifier(hls::stream<hls::axis<ap_uint<32>, 1ul, 1ul, 1ul>, 0>&, hls::stream<hls::axis<ap_uint<32>, 1ul, 1ul, 1ul>, 0>&)' (src/ecg_classifier.cpp:236:30)
INFO: [HLS 214-131] Inlining function 'ap_fixed_base<48, 24, true, (ap_q_mode)5, (ap_o_mode)3, 0>::RType<48, 24, true>::mult ap_fixed_base<48, 24, true, (ap_q_mode)5, (ap_o_mode)3, 0>::operator*<48, 24, true, (ap_q_mode)5, (ap_o_mode)3, 0>(ap_fixed_base<48, 24, true, (ap_q_mode)5, (ap_o_mode)3, 0> const&) const' into 'ecg_classifier(hls::stream<hls::axis<ap_uint<32>, 1ul, 1ul, 1ul>, 0>&, hls::stream<hls::axis<ap_uint<32>, 1ul, 1ul, 1ul>, 0>&)' (src/ecg_classifier.cpp:236:42)
INFO: [HLS 214-131] Inlining function 'ap_fixed_base<48, 24, true, (ap_q_mode)5, (ap_o_mode)3, 0>& ap_fixed_base<48, 24, true, (ap_q_mode)5, (ap_o_mode)3, 0>::operator+=<96, 48, true, (ap_q_mode)5, (ap_o_mode)3, 0>(ap_fixed_base<96, 48, true, (ap_q_mode)5, (ap_o_mode)3, 0> const&)' into 'ecg_classifier(hls::stream<hls::axis<ap_uint<32>, 1ul, 1ul, 1ul>, 0>&, hls::stream<hls::axis<ap_uint<32>, 1ul, 1ul, 1ul>, 0>&)' (src/ecg_classifier.cpp:186:30)
INFO: [HLS 214-131] Inlining function 'ap_fixed_base<48, 24, true, (ap_q_mode)5, (ap_o_mode)3, 0>::RType<48, 24, true>::mult ap_fixed_base<48, 24, true, (ap_q_mode)5, (ap_o_mode)3, 0>::operator*<48, 24, true, (ap_q_mode)5, (ap_o_mode)3, 0>(ap_fixed_base<48, 24, true, (ap_q_mode)5, (ap_o_mode)3, 0> const&) const' into 'ecg_classifier(hls::stream<hls::axis<ap_uint<32>, 1ul, 1ul, 1ul>, 0>&, hls::stream<hls::axis<ap_uint<32>, 1ul, 1ul, 1ul>, 0>&)' (src/ecg_classifier.cpp:186:42)
INFO: [HLS 214-131] Inlining function 'ap_fixed_base<48, 24, true, (ap_q_mode)5, (ap_o_mode)3, 0>& ap_fixed_base<48, 24, true, (ap_q_mode)5, (ap_o_mode)3, 0>::operator+=<96, 48, true, (ap_q_mode)5, (ap_o_mode)3, 0>(ap_fixed_base<96, 48, true, (ap_q_mode)5, (ap_o_mode)3, 0> const&)' into 'ecg_classifier(hls::stream<hls::axis<ap_uint<32>, 1ul, 1ul, 1ul>, 0>&, hls::stream<hls::axis<ap_uint<32>, 1ul, 1ul, 1ul>, 0>&)' (src/ecg_classifier.cpp:185:30)
INFO: [HLS 214-131] Inlining function 'ap_fixed_base<48, 24, true, (ap_q_mode)5, (ap_o_mode)3, 0>::RType<48, 24, true>::mult ap_fixed_base<48, 24, true, (ap_q_mode)5, (ap_o_mode)3, 0>::operator*<48, 24, true, (ap_q_mode)5, (ap_o_mode)3, 0>(ap_fixed_base<48, 24, true, (ap_q_mode)5, (ap_o_mode)3, 0> const&) const' into 'ecg_classifier(hls::stream<hls::axis<ap_uint<32>, 1ul, 1ul, 1ul>, 0>&, hls::stream<hls::axis<ap_uint<32>, 1ul, 1ul, 1ul>, 0>&)' (src/ecg_classifier.cpp:185:42)
INFO: [HLS 214-131] Inlining function 'ap_fixed_base<32, 16, true, (ap_q_mode)5, (ap_o_mode)3, 0>::RType<32, 16, true>::minus ap_fixed_base<32, 16, true, (ap_q_mode)5, (ap_o_mode)3, 0>::operator-<32, 16, true, (ap_q_mode)5, (ap_o_mode)3, 0>(ap_fixed_base<32, 16, true, (ap_q_mode)5, (ap_o_mode)3, 0> const&) const' into 'ecg_classifier(hls::stream<hls::axis<ap_uint<32>, 1ul, 1ul, 1ul>, 0>&, hls::stream<hls::axis<ap_uint<32>, 1ul, 1ul, 1ul>, 0>&)' (src/ecg_classifier.cpp:64:26)
INFO: [HLS 214-131] Inlining function 'ap_fixed_base<48, 24, true, (ap_q_mode)5, (ap_o_mode)3, 0>& ap_fixed_base<48, 24, true, (ap_q_mode)5, (ap_o_mode)3, 0>::operator+=<96, 48, true, (ap_q_mode)5, (ap_o_mode)3, 0>(ap_fixed_base<96, 48, true, (ap_q_mode)5, (ap_o_mode)3, 0> const&)' into 'ecg_classifier(hls::stream<hls::axis<ap_uint<32>, 1ul, 1ul, 1ul>, 0>&, hls::stream<hls::axis<ap_uint<32>, 1ul, 1ul, 1ul>, 0>&)' (src/ecg_classifier.cpp:152:6)
INFO: [HLS 214-131] Inlining function 'ap_fixed_base<48, 24, true, (ap_q_mode)5, (ap_o_mode)3, 0>::RType<48, 24, true>::mult ap_fixed_base<48, 24, true, (ap_q_mode)5, (ap_o_mode)3, 0>::operator*<48, 24, true, (ap_q_mode)5, (ap_o_mode)3, 0>(ap_fixed_base<48, 24, true, (ap_q_mode)5, (ap_o_mode)3, 0> const&) const' into 'ecg_classifier(hls::stream<hls::axis<ap_uint<32>, 1ul, 1ul, 1ul>, 0>&, hls::stream<hls::axis<ap_uint<32>, 1ul, 1ul, 1ul>, 0>&)' (src/ecg_classifier.cpp:152:28)
INFO: [HLS 214-131] Inlining function 'ap_fixed_base<48, 24, true, (ap_q_mode)5, (ap_o_mode)3, 0>& ap_fixed_base<48, 24, true, (ap_q_mode)5, (ap_o_mode)3, 0>::operator+=<96, 48, true, (ap_q_mode)5, (ap_o_mode)3, 0>(ap_fixed_base<96, 48, true, (ap_q_mode)5, (ap_o_mode)3, 0> const&)' into 'ecg_classifier(hls::stream<hls::axis<ap_uint<32>, 1ul, 1ul, 1ul>, 0>&, hls::stream<hls::axis<ap_uint<32>, 1ul, 1ul, 1ul>, 0>&)' (src/ecg_classifier.cpp:135:29)
INFO: [HLS 214-131] Inlining function 'ap_fixed_base<48, 24, true, (ap_q_mode)5, (ap_o_mode)3, 0>::RType<48, 24, true>::mult ap_fixed_base<48, 24, true, (ap_q_mode)5, (ap_o_mode)3, 0>::operator*<48, 24, true, (ap_q_mode)5, (ap_o_mode)3, 0>(ap_fixed_base<48, 24, true, (ap_q_mode)5, (ap_o_mode)3, 0> const&) const' into 'ecg_classifier(hls::stream<hls::axis<ap_uint<32>, 1ul, 1ul, 1ul>, 0>&, hls::stream<hls::axis<ap_uint<32>, 1ul, 1ul, 1ul>, 0>&)' (src/ecg_classifier.cpp:135:41)
INFO: [HLS 214-131] Inlining function 'ap_fixed_base<33, 17, true, (ap_q_mode)5, (ap_o_mode)3, 0>::RType<32, 16, true>::mult ap_fixed_base<33, 17, true, (ap_q_mode)5, (ap_o_mode)3, 0>::operator*<32, 16, true, (ap_q_mode)5, (ap_o_mode)3, 0>(ap_fixed_base<32, 16, true, (ap_q_mode)5, (ap_o_mode)3, 0> const&) const' into 'ecg_classifier(hls::stream<hls::axis<ap_uint<32>, 1ul, 1ul, 1ul>, 0>&, hls::stream<hls::axis<ap_uint<32>, 1ul, 1ul, 1ul>, 0>&)' (src/ecg_classifier.cpp:76:41)
INFO: [HLS 214-131] Inlining function 'ap_fixed_base<32, 16, true, (ap_q_mode)5, (ap_o_mode)3, 0>::RType<32, 16, true>::minus ap_fixed_base<32, 16, true, (ap_q_mode)5, (ap_o_mode)3, 0>::operator-<32, 16, true, (ap_q_mode)5, (ap_o_mode)3, 0>(ap_fixed_base<32, 16, true, (ap_q_mode)5, (ap_o_mode)3, 0> const&) const' into 'ecg_classifier(hls::stream<hls::axis<ap_uint<32>, 1ul, 1ul, 1ul>, 0>&, hls::stream<hls::axis<ap_uint<32>, 1ul, 1ul, 1ul>, 0>&)' (src/ecg_classifier.cpp:76:30)
INFO: [HLS 214-131] Inlining function 'ap_fixed_base<32, 16, true, (ap_q_mode)5, (ap_o_mode)3, 0>::RType<32, 16, true>::div ap_fixed_base<32, 16, true, (ap_q_mode)5, (ap_o_mode)3, 0>::operator/<32, 16, true, (ap_q_mode)5, (ap_o_mode)3, 0>(ap_fixed_base<32, 16, true, (ap_q_mode)5, (ap_o_mode)3, 0> const&) const' into 'ecg_classifier(hls::stream<hls::axis<ap_uint<32>, 1ul, 1ul, 1ul>, 0>&, hls::stream<hls::axis<ap_uint<32>, 1ul, 1ul, 1ul>, 0>&)' (src/ecg_classifier.cpp:71:38)
INFO: [HLS 214-131] Inlining function 'ap_fixed_base<32, 16, true, (ap_q_mode)5, (ap_o_mode)3, 0>::RType<32, 16, true>::plus ap_fixed_base<32, 16, true, (ap_q_mode)5, (ap_o_mode)3, 0>::operator+<32, 16, true, (ap_q_mode)5, (ap_o_mode)3, 0>(ap_fixed_base<32, 16, true, (ap_q_mode)5, (ap_o_mode)3, 0> const&) const' into 'ecg_classifier(hls::stream<hls::axis<ap_uint<32>, 1ul, 1ul, 1ul>, 0>&, hls::stream<hls::axis<ap_uint<32>, 1ul, 1ul, 1ul>, 0>&)' (src/ecg_classifier.cpp:70:49)
INFO: [HLS 214-131] Inlining function 'ap_fixed_base<48, 24, true, (ap_q_mode)5, (ap_o_mode)3, 0>::RType<48, 24, true>::mult ap_fixed_base<48, 24, true, (ap_q_mode)5, (ap_o_mode)3, 0>::operator*<48, 24, true, (ap_q_mode)5, (ap_o_mode)3, 0>(ap_fixed_base<48, 24, true, (ap_q_mode)5, (ap_o_mode)3, 0> const&) const' into 'ecg_classifier(hls::stream<hls::axis<ap_uint<32>, 1ul, 1ul, 1ul>, 0>&, hls::stream<hls::axis<ap_uint<32>, 1ul, 1ul, 1ul>, 0>&)' (src/ecg_classifier.cpp:65:29)
INFO: [HLS 214-131] Inlining function 'ap_fixed_base<48, 24, true, (ap_q_mode)5, (ap_o_mode)3, 0>& ap_fixed_base<48, 24, true, (ap_q_mode)5, (ap_o_mode)3, 0>::operator+=<96, 48, true, (ap_q_mode)5, (ap_o_mode)3, 0>(ap_fixed_base<96, 48, true, (ap_q_mode)5, (ap_o_mode)3, 0> const&)' into 'ecg_classifier(hls::stream<hls::axis<ap_uint<32>, 1ul, 1ul, 1ul>, 0>&, hls::stream<hls::axis<ap_uint<32>, 1ul, 1ul, 1ul>, 0>&)' (src/ecg_classifier.cpp:65:17)
INFO: [HLS 214-131] Inlining function 'ap_fixed_base<32, 16, true, (ap_q_mode)5, (ap_o_mode)3, 0>::operator float() const' into 'ecg_classifier(hls::stream<hls::axis<ap_uint<32>, 1ul, 1ul, 1ul>, 0>&, hls::stream<hls::axis<ap_uint<32>, 1ul, 1ul, 1ul>, 0>&)' (src/ecg_classifier.cpp:68:29)
INFO: [HLS 214-131] Inlining function 'ap_fixed_base<48, 24, true, (ap_q_mode)5, (ap_o_mode)3, 0>::RType<32, 16, true>::mult ap_fixed_base<48, 24, true, (ap_q_mode)5, (ap_o_mode)3, 0>::operator*<32, 16, true, (ap_q_mode)5, (ap_o_mode)3, 0>(ap_fixed_base<32, 16, true, (ap_q_mode)5, (ap_o_mode)3, 0> const&) const' into 'ecg_classifier(hls::stream<hls::axis<ap_uint<32>, 1ul, 1ul, 1ul>, 0>&, hls::stream<hls::axis<ap_uint<32>, 1ul, 1ul, 1ul>, 0>&)' (src/ecg_classifier.cpp:67:38)
INFO: [HLS 214-186] Unrolling loop 'SHIFT_WIN23_K' (src/ecg_classifier.cpp:245:13) in function 'ecg_classifier' completely with a factor of 4 (src/ecg_classifier.cpp:17:0)
INFO: [HLS 214-186] Unrolling loop 'SHIFT_WIN23_CH' (src/ecg_classifier.cpp:248:17) in function 'ecg_classifier' completely with a factor of 128 (src/ecg_classifier.cpp:17:0)
INFO: [HLS 214-186] Unrolling loop 'INSERT_WIN23_CH' (src/ecg_classifier.cpp:254:13) in function 'ecg_classifier' completely with a factor of 128 (src/ecg_classifier.cpp:17:0)
INFO: [HLS 214-186] Unrolling loop 'INIT_WIN23_K' (src/ecg_classifier.cpp:208:9) in function 'ecg_classifier' completely with a factor of 5 (src/ecg_classifier.cpp:17:0)
INFO: [HLS 214-186] Unrolling loop 'INIT_WIN23_CH' (src/ecg_classifier.cpp:211:13) in function 'ecg_classifier' completely with a factor of 128 (src/ecg_classifier.cpp:17:0)
INFO: [HLS 214-186] Unrolling loop 'SHIFT_WIN0_K' (src/ecg_classifier.cpp:117:17) in function 'ecg_classifier' completely with a factor of 6 (src/ecg_classifier.cpp:17:0)
INFO: [HLS 214-186] Unrolling loop 'SHIFT_WIN0_CH' (src/ecg_classifier.cpp:120:21) in function 'ecg_classifier' completely with a factor of 64 (src/ecg_classifier.cpp:17:0)
INFO: [HLS 214-186] Unrolling loop 'SHIFT_WIN01_K' (src/ecg_classifier.cpp:160:13) in function 'ecg_classifier' completely with a factor of 6 (src/ecg_classifier.cpp:17:0)
INFO: [HLS 214-186] Unrolling loop 'SHIFT_WIN01_CH' (src/ecg_classifier.cpp:163:17) in function 'ecg_classifier' completely with a factor of 64 (src/ecg_classifier.cpp:17:0)
INFO: [HLS 214-186] Unrolling loop 'INSERT_WIN01_CH' (src/ecg_classifier.cpp:169:13) in function 'ecg_classifier' completely with a factor of 64 (src/ecg_classifier.cpp:17:0)
INFO: [HLS 214-186] Unrolling loop 'INIT_WIN01_K' (src/ecg_classifier.cpp:100:9) in function 'ecg_classifier' completely with a factor of 7 (src/ecg_classifier.cpp:17:0)
INFO: [HLS 214-186] Unrolling loop 'INIT_WIN01_CH' (src/ecg_classifier.cpp:103:13) in function 'ecg_classifier' completely with a factor of 64 (src/ecg_classifier.cpp:17:0)
INFO: [HLS 214-186] Unrolling loop 'INIT_WIN0_K' (src/ecg_classifier.cpp:86:9) in function 'ecg_classifier' completely with a factor of 7 (src/ecg_classifier.cpp:17:0)
INFO: [HLS 214-186] Unrolling loop 'INIT_WIN0_CH' (src/ecg_classifier.cpp:89:13) in function 'ecg_classifier' completely with a factor of 64 (src/ecg_classifier.cpp:17:0)
INFO: [HLS 214-178] Inlining function 'ap_fixed_base<32, 16, true, (ap_q_mode)5, (ap_o_mode)3, 0>::ap_fixed_base(double)' into 'ecg_classifier(hls::stream<hls::axis<ap_uint<32>, 1ul, 1ul, 1ul>, 0>&, hls::stream<hls::axis<ap_uint<32>, 1ul, 1ul, 1ul>, 0>&)' (src/ecg_classifier.cpp:17:0)
INFO: [HLS 214-178] Inlining function 'hls::sqrt(float)' into 'ecg_classifier(hls::stream<hls::axis<ap_uint<32>, 1ul, 1ul, 1ul>, 0>&, hls::stream<hls::axis<ap_uint<32>, 1ul, 1ul, 1ul>, 0>&)' (src/ecg_classifier.cpp:17:0)
INFO: [HLS 214-178] Inlining function 'relu(ap_fixed<32, 16, (ap_q_mode)5, (ap_o_mode)3, 0>)' into 'ecg_classifier(hls::stream<hls::axis<ap_uint<32>, 1ul, 1ul, 1ul>, 0>&, hls::stream<hls::axis<ap_uint<32>, 1ul, 1ul, 1ul>, 0>&)' (src/ecg_classifier.cpp:17:0)
INFO: [HLS 214-178] Inlining function 'relu_act(ap_fixed<16, 8, (ap_q_mode)5, (ap_o_mode)3, 0>)' into 'ecg_classifier(hls::stream<hls::axis<ap_uint<32>, 1ul, 1ul, 1ul>, 0>&, hls::stream<hls::axis<ap_uint<32>, 1ul, 1ul, 1ul>, 0>&)' (src/ecg_classifier.cpp:17:0)
INFO: [HLS 214-178] Inlining function 'softmax2(float, float, float&, float&)' into 'ecg_classifier(hls::stream<hls::axis<ap_uint<32>, 1ul, 1ul, 1ul>, 0>&, hls::stream<hls::axis<ap_uint<32>, 1ul, 1ul, 1ul>, 0>&)' (src/ecg_classifier.cpp:17:0)
INFO: [HLS 214-248] Applying array_partition to 'input_buf': Cyclic partitioning with factor 2 on dimension 1. (src/ecg_classifier.cpp:22:9)
INFO: [HLS 214-248] Applying array_partition to 'norm_buf': Cyclic partitioning with factor 2 on dimension 1. (src/ecg_classifier.cpp:23:12)
INFO: [HLS 214-248] Applying array_partition to 'buf2_circ': Complete partitioning on dimension 1. Cyclic partitioning with factor 2 on dimension 2. (src/ecg_classifier.cpp:29:8)
INFO: [HLS 214-248] Applying array_partition to 'gap_buf': Cyclic partitioning with factor 2 on dimension 1. (src/ecg_classifier.cpp:33:9)
INFO: [HLS 214-248] Applying array_partition to 'dense0_buf': Cyclic partitioning with factor 2 on dimension 1. (src/ecg_classifier.cpp:34:12)
INFO: [HLS 214-248] Applying array_partition to 'win0': Complete partitioning on dimension 1. Cyclic partitioning with factor 2 on dimension 2. (src/ecg_classifier.cpp:81:16)
INFO: [HLS 214-248] Applying array_partition to 'win01': Complete partitioning on dimension 1. Cyclic partitioning with factor 2 on dimension 2. (src/ecg_classifier.cpp:95:16)
INFO: [HLS 214-248] Applying array_partition to 'l1_out': Cyclic partitioning with factor 2 on dimension 1. (src/ecg_classifier.cpp:141:20)
INFO: [HLS 214-248] Applying array_partition to 'win23': Complete partitioning on dimension 1. Cyclic partitioning with factor 2 on dimension 2. (src/ecg_classifier.cpp:203:16)
INFO: [HLS 214-248] Applying array_partition to 'l3_out': Cyclic partitioning with factor 2 on dimension 1. (src/ecg_classifier.cpp:220:20)
INFO: [HLS 200-111] Finished Compiling Optimization and Transform: CPU user time: 3 seconds. CPU system time: 1 seconds. Elapsed time: 212.32 seconds; current allocated memory: 129.543 MB.
INFO: [HLS 200-111] Finished Checking Pragmas: CPU user time: 0 seconds. CPU system time: 0 seconds. Elapsed time: 0.079 seconds; current allocated memory: 129.594 MB.
INFO: [HLS 200-10] Starting code transformations ...
INFO: [HLS 200-111] Finished Standard Transforms: CPU user time: 5 seconds. CPU system time: 1 seconds. Elapsed time: 5.488 seconds; current allocated memory: 181.246 MB.
INFO: [HLS 200-10] Checking synthesizability ...
WARNING: [SYNCHK 200-120] C:/Xilinx/Vitis_HLS/2022.2/common/technology/autopilot\ap_fixed_base.h:1273: multiplication is assumed not to overflow by default, otherwise, please add option '-fwrapv'.
WARNING: [SYNCHK 200-23] C:/Xilinx/Vitis_HLS/2022.2/common/technology/autopilot\ap_fixed_base.h:1102: variable-indexed range selection may cause suboptimal QoR.
INFO: [SYNCHK 200-10] 0 error(s), 2 warning(s).
INFO: [HLS 200-111] Finished Checking Synthesizability: CPU user time: 1 seconds. CPU system time: 0 seconds. Elapsed time: 1.516 seconds; current allocated memory: 209.316 MB.
INFO: [XFORM 203-102] Partitioning array 'clf_w::L0_W.V' in dimension 2 automatically.
INFO: [XFORM 203-102] Automatically partitioning small array 'logits' (src/ecg_classifier.cpp:35) completely based on array size.
INFO: [XFORM 203-101] Partitioning array 'logits' (src/ecg_classifier.cpp:35) in dimension 1 completely.
INFO: [XFORM 203-102] Partitioning array 'win01.V.10' (src/ecg_classifier.cpp:95) automatically.
INFO: [XFORM 203-102] Partitioning array 'win01.V.11' (src/ecg_classifier.cpp:95) automatically.
INFO: [XFORM 203-102] Partitioning array 'win23.V.6' (src/ecg_classifier.cpp:203) automatically.
INFO: [XFORM 203-102] Partitioning array 'win23.V.7' (src/ecg_classifier.cpp:203) automatically.
INFO: [XFORM 203-401] Performing if-conversion on hyperblock from (src/ecg_classifier.cpp:131:9) to (src/ecg_classifier.cpp:130:21) in function 'ecg_classifier'... converting 3 basic blocks.
INFO: [XFORM 203-401] Performing if-conversion on hyperblock from (src/ecg_classifier.cpp:231:9) to (src/ecg_classifier.cpp:230:21) in function 'ecg_classifier'... converting 3 basic blocks.
INFO: [XFORM 203-401] Performing if-conversion on hyperblock to (src/ecg_classifier.cpp:299:5) in function 'ecg_classifier'... converting 10 basic blocks.
INFO: [XFORM 203-401] Performing if-conversion on hyperblock to (src/ecg_classifier.cpp:74:5) in function 'ecg_classifier'... converting 16 basic blocks.
INFO: [XFORM 203-11] Balancing expressions in function 'ecg_classifier' (src/ecg_classifier.cpp:8:21)...6 expression(s) balanced.
INFO: [HLS 200-111] Finished Loop, function and other optimizations: CPU user time: 12 seconds. CPU system time: 1 seconds. Elapsed time: 13.305 seconds; current allocated memory: 276.988 MB.
WARNING: [HLS 200-960] Cannot flatten loop 'L0_OC_FILL' (src/ecg_classifier.cpp:127:26) in function 'ecg_classifier' the outer loop is not a perfect loop because there is nontrivial logic before entering the inner loop.
INFO: [XFORM 203-541] Flattening a loop nest 'L0_STRIDE_FILL' (src/ecg_classifier.cpp:113:22) in function 'ecg_classifier'.
INFO: [XFORM 203-541] Flattening a loop nest 'L1_IC' (src/ecg_classifier.cpp:146:23) in function 'ecg_classifier'.
WARNING: [HLS 200-960] Cannot flatten loop 'L1_OC' (src/ecg_classifier.cpp:145:22) in function 'ecg_classifier' the outer loop is not a perfect loop because there is nontrivial logic before entering the inner loop.
INFO: [XFORM 203-541] Flattening a loop nest 'L2_IC' (src/ecg_classifier.cpp:177:23) in function 'ecg_classifier'.
WARNING: [HLS 200-960] Cannot flatten loop 'L2_OC_GROUP' (src/ecg_classifier.cpp:176:22) in function 'ecg_classifier' the outer loop is not a perfect loop because there is nontrivial logic before entering the inner loop.
WARNING: [HLS 200-960] Cannot flatten loop 'L012_T' (src/ecg_classifier.cpp:110:18) in function 'ecg_classifier' more than one sub loop.
INFO: [XFORM 203-541] Flattening a loop nest 'L3_IC' (src/ecg_classifier.cpp:225:23) in function 'ecg_classifier'.
WARNING: [HLS 200-960] Cannot flatten loop 'L3_OC_GROUP' (src/ecg_classifier.cpp:224:22) in function 'ecg_classifier' the outer loop is not a perfect loop because there is nontrivial logic in the loop latch.
INFO: [XFORM 203-541] Flattening a loop nest 'L4_IC' (src/ecg_classifier.cpp:261:23) in function 'ecg_classifier'.
WARNING: [HLS 200-960] Cannot flatten loop 'L4_GAP_OC_GROUP' (src/ecg_classifier.cpp:260:22) in function 'ecg_classifier' the outer loop is not a perfect loop because there is nontrivial logic in the loop latch.
WARNING: [HLS 200-960] Cannot flatten loop 'L34_T' (src/ecg_classifier.cpp:220:20) in function 'ecg_classifier' more than one sub loop.
WARNING: [HLS 200-960] Cannot flatten loop 'D0_OC' (src/ecg_classifier.cpp:288:14) in function 'ecg_classifier' the outer loop is not a perfect loop because there is nontrivial logic before entering the inner loop.
WARNING: [HLS 200-960] Cannot flatten loop 'D1_OC' (src/ecg_classifier.cpp:299:14) in function 'ecg_classifier' the outer loop is not a perfect loop.
INFO: [HLS 200-472] Inferring partial write operation for 'input_buf.V' (src/ecg_classifier.cpp:49:22)
INFO: [HLS 200-472] Inferring partial write operation for 'norm_buf.V' (src/ecg_classifier.cpp:76:14)
INFO: [HLS 200-472] Inferring partial write operation for 'win0.V' (src/ecg_classifier.cpp:91:13)
INFO: [HLS 200-472] Inferring partial write operation for 'win01.V.2' (src/ecg_classifier.cpp:105:14)
INFO: [HLS 200-472] Inferring partial write operation for 'win0.V.12' (src/ecg_classifier.cpp:137:42)
INFO: [HLS 200-472] Inferring partial write operation for 'win0.V.10' (src/ecg_classifier.cpp:122:13)
INFO: [HLS 200-472] Inferring partial write operation for 'l1_out.V' (src/ecg_classifier.cpp:156:28)
INFO: [HLS 200-472] Inferring partial write operation for 'win01.V.2' (src/ecg_classifier.cpp:165:14)
INFO: [HLS 200-472] Inferring partial write operation for 'buf2_circ.V' (src/ecg_classifier.cpp:189:44)
INFO: [HLS 200-472] Inferring partial write operation for 'buf2_circ.V.1' (src/ecg_classifier.cpp:190:44)
INFO: [HLS 200-472] Inferring partial write operation for 'gap_buf.V' (src/ecg_classifier.cpp:199:13)
INFO: [HLS 200-472] Inferring partial write operation for 'win23.V.2' (src/ecg_classifier.cpp:213:14)
INFO: [HLS 200-472] Inferring partial write operation for 'l3_out.V' (src/ecg_classifier.cpp:240:35)
INFO: [HLS 200-472] Inferring partial write operation for 'l3_out.V.1' (src/ecg_classifier.cpp:241:35)
INFO: [HLS 200-472] Inferring partial write operation for 'win23.V.2' (src/ecg_classifier.cpp:250:14)
INFO: [HLS 200-472] Inferring partial write operation for 'gap_buf.V' (src/ecg_classifier.cpp:273:36)
INFO: [HLS 200-472] Inferring partial write operation for 'gap_buf.V.1' (src/ecg_classifier.cpp:274:36)
INFO: [HLS 200-472] Inferring partial write operation for 'gap_buf.V' (src/ecg_classifier.cpp:284:24)
INFO: [HLS 200-472] Inferring partial write operation for 'dense0_buf.V' (src/ecg_classifier.cpp:295:24)
WARNING: [ANALYSIS 214-52] Found false intra dependency for variable 'gap_buf.V.1' (src/ecg_classifier.cpp:33).
WARNING: [ANALYSIS 214-52] Found false intra dependency for variable 'gap_buf.V' (src/ecg_classifier.cpp:33).
INFO: [HLS 200-111] Finished Architecture Synthesis: CPU user time: 24 seconds. CPU system time: 1 seconds. Elapsed time: 26.802 seconds; current allocated memory: 456.004 MB.
INFO: [HLS 200-10] Starting hardware synthesis ...
INFO: [HLS 200-10] Synthesizing 'ecg_classifier' ...
INFO: [HLS 200-10] ----------------------------------------------------------------
INFO: [HLS 200-42] -- Implementing module 'ecg_classifier_Pipeline_READ_INPUT' 
INFO: [HLS 200-10] ----------------------------------------------------------------
INFO: [SCHED 204-11] Starting scheduling ...
INFO: [SCHED 204-61] Pipelining loop 'READ_INPUT'.
INFO: [HLS 200-1470] Pipelining result : Target II = 1, Final II = 1, Depth = 1, loop 'READ_INPUT'
INFO: [SCHED 204-11] Finished scheduling.
INFO: [HLS 200-111] Finished Scheduling: CPU user time: 3 seconds. CPU system time: 0 seconds. Elapsed time: 2.665 seconds; current allocated memory: 462.180 MB.
INFO: [BIND 205-100] Starting micro-architecture generation ...
INFO: [BIND 205-101] Performing variable lifetime analysis.
INFO: [BIND 205-101] Exploring resource sharing.
INFO: [BIND 205-101] Binding ...
INFO: [BIND 205-100] Finished micro-architecture generation.
INFO: [HLS 200-111] Finished Binding: CPU user time: 0 seconds. CPU system time: 0 seconds. Elapsed time: 0.172 seconds; current allocated memory: 463.629 MB.
INFO: [HLS 200-10] ----------------------------------------------------------------
INFO: [HLS 200-42] -- Implementing module 'ecg_classifier_Pipeline_ZNORM_MEAN' 
INFO: [HLS 200-10] ----------------------------------------------------------------
INFO: [SCHED 204-11] Starting scheduling ...
INFO: [SCHED 204-61] Pipelining loop 'ZNORM_MEAN'.
INFO: [HLS 200-1470] Pipelining result : Target II = 1, Final II = 1, Depth = 2, loop 'ZNORM_MEAN'
INFO: [SCHED 204-11] Finished scheduling.
INFO: [HLS 200-111] Finished Scheduling: CPU user time: 0 seconds. CPU system time: 0 seconds. Elapsed time: 0.183 seconds; current allocated memory: 463.930 MB.
INFO: [BIND 205-100] Starting micro-architecture generation ...
INFO: [BIND 205-101] Performing variable lifetime analysis.
INFO: [BIND 205-101] Exploring resource sharing.
INFO: [BIND 205-101] Binding ...
INFO: [BIND 205-100] Finished micro-architecture generation.
INFO: [HLS 200-111] Finished Binding: CPU user time: 0 seconds. CPU system time: 0 seconds. Elapsed time: 0.117 seconds; current allocated memory: 463.969 MB.
INFO: [HLS 200-10] ----------------------------------------------------------------
INFO: [HLS 200-42] -- Implementing module 'ecg_classifier_Pipeline_ZNORM_VAR' 
INFO: [HLS 200-10] ----------------------------------------------------------------
INFO: [SCHED 204-11] Starting scheduling ...
INFO: [SCHED 204-61] Pipelining loop 'ZNORM_VAR'.
INFO: [HLS 200-1470] Pipelining result : Target II = 1, Final II = 1, Depth = 4, loop 'ZNORM_VAR'
INFO: [SCHED 204-11] Finished scheduling.
INFO: [HLS 200-111] Finished Scheduling: CPU user time: 0 seconds. CPU system time: 0 seconds. Elapsed time: 0.178 seconds; current allocated memory: 464.141 MB.
INFO: [BIND 205-100] Starting micro-architecture generation ...
INFO: [BIND 205-101] Performing variable lifetime analysis.
INFO: [BIND 205-101] Exploring resource sharing.
INFO: [BIND 205-101] Binding ...
INFO: [BIND 205-100] Finished micro-architecture generation.
INFO: [HLS 200-111] Finished Binding: CPU user time: 0 seconds. CPU system time: 0 seconds. Elapsed time: 0.129 seconds; current allocated memory: 464.152 MB.
INFO: [HLS 200-10] ----------------------------------------------------------------
INFO: [HLS 200-42] -- Implementing module 'ecg_classifier_Pipeline_ZNORM_APPLY' 
INFO: [HLS 200-10] ----------------------------------------------------------------
INFO: [SCHED 204-11] Starting scheduling ...
INFO: [SCHED 204-61] Pipelining loop 'ZNORM_APPLY'.
INFO: [HLS 200-1470] Pipelining result : Target II = 1, Final II = 1, Depth = 3, loop 'ZNORM_APPLY'
INFO: [SCHED 204-11] Finished scheduling.
INFO: [HLS 200-111] Finished Scheduling: CPU user time: 0 seconds. CPU system time: 0 seconds. Elapsed time: 0.196 seconds; current allocated memory: 464.211 MB.
INFO: [BIND 205-100] Starting micro-architecture generation ...
INFO: [BIND 205-101] Performing variable lifetime analysis.
INFO: [BIND 205-101] Exploring resource sharing.
INFO: [BIND 205-101] Binding ...
INFO: [BIND 205-100] Finished micro-architecture generation.
INFO: [HLS 200-111] Finished Binding: CPU user time: 0 seconds. CPU system time: 0 seconds. Elapsed time: 0.151 seconds; current allocated memory: 464.223 MB.
INFO: [HLS 200-10] ----------------------------------------------------------------
INFO: [HLS 200-42] -- Implementing module 'ecg_classifier_Pipeline_L0_K_FILL' 
INFO: [HLS 200-10] ----------------------------------------------------------------
INFO: [SCHED 204-11] Starting scheduling ...
INFO: [SCHED 204-61] Pipelining loop 'L0_K_FILL'.
INFO: [HLS 200-1470] Pipelining result : Target II = 1, Final II = 1, Depth = 4, loop 'L0_K_FILL'
INFO: [SCHED 204-11] Finished scheduling.
INFO: [HLS 200-111] Finished Scheduling: CPU user time: 0 seconds. CPU system time: 0 seconds. Elapsed time: 0.257 seconds; current allocated memory: 464.457 MB.
INFO: [BIND 205-100] Starting micro-architecture generation ...
INFO: [BIND 205-101] Performing variable lifetime analysis.
INFO: [BIND 205-101] Exploring resource sharing.
INFO: [BIND 205-101] Binding ...
INFO: [BIND 205-100] Finished micro-architecture generation.
INFO: [HLS 200-111] Finished Binding: CPU user time: 0 seconds. CPU system time: 0 seconds. Elapsed time: 0.201 seconds; current allocated memory: 464.496 MB.
INFO: [HLS 200-10] ----------------------------------------------------------------
INFO: [HLS 200-42] -- Implementing module 'ecg_classifier_Pipeline_L1_IC_L1_K' 
INFO: [HLS 200-10] ----------------------------------------------------------------
INFO: [SCHED 204-11] Starting scheduling ...
INFO: [SCHED 204-61] Pipelining loop 'L1_IC_L1_K'.
INFO: [HLS 200-1470] Pipelining result : Target II = 1, Final II = 1, Depth = 5, loop 'L1_IC_L1_K'
INFO: [SCHED 204-11] Finished scheduling.
INFO: [HLS 200-111] Finished Scheduling: CPU user time: 1 seconds. CPU system time: 0 seconds. Elapsed time: 0.452 seconds; current allocated memory: 465.246 MB.
INFO: [BIND 205-100] Starting micro-architecture generation ...
INFO: [BIND 205-101] Performing variable lifetime analysis.
INFO: [BIND 205-101] Exploring resource sharing.
INFO: [BIND 205-101] Binding ...
INFO: [BIND 205-100] Finished micro-architecture generation.
INFO: [HLS 200-111] Finished Binding: CPU user time: 0 seconds. CPU system time: 0 seconds. Elapsed time: 0.325 seconds; current allocated memory: 465.309 MB.
INFO: [HLS 200-10] ----------------------------------------------------------------
INFO: [HLS 200-42] -- Implementing module 'ecg_classifier_Pipeline_L2_IC_L2_K' 
INFO: [HLS 200-10] ----------------------------------------------------------------
INFO: [SCHED 204-11] Starting scheduling ...
INFO: [SCHED 204-61] Pipelining loop 'L2_IC_L2_K'.
INFO: [HLS 200-1470] Pipelining result : Target II = 1, Final II = 1, Depth = 5, loop 'L2_IC_L2_K'
INFO: [SCHED 204-11] Finished scheduling.
INFO: [HLS 200-111] Finished Scheduling: CPU user time: 0 seconds. CPU system time: 0 seconds. Elapsed time: 0.481 seconds; current allocated memory: 466.039 MB.
INFO: [BIND 205-100] Starting micro-architecture generation ...
INFO: [BIND 205-101] Performing variable lifetime analysis.
INFO: [BIND 205-101] Exploring resource sharing.
INFO: [BIND 205-101] Binding ...
INFO: [BIND 205-100] Finished micro-architecture generation.
INFO: [HLS 200-111] Finished Binding: CPU user time: 0 seconds. CPU system time: 0 seconds. Elapsed time: 0.247 seconds; current allocated memory: 466.289 MB.
INFO: [HLS 200-10] ----------------------------------------------------------------
INFO: [HLS 200-42] -- Implementing module 'ecg_classifier_Pipeline_GAP_INIT' 
INFO: [HLS 200-10] ----------------------------------------------------------------
INFO: [SCHED 204-11] Starting scheduling ...
INFO: [SCHED 204-61] Pipelining loop 'GAP_INIT'.
INFO: [HLS 200-1470] Pipelining result : Target II = 1, Final II = 1, Depth = 1, loop 'GAP_INIT'
INFO: [SCHED 204-11] Finished scheduling.
INFO: [HLS 200-111] Finished Scheduling: CPU user time: 1 seconds. CPU system time: 0 seconds. Elapsed time: 0.366 seconds; current allocated memory: 466.648 MB.
INFO: [BIND 205-100] Starting micro-architecture generation ...
INFO: [BIND 205-101] Performing variable lifetime analysis.
INFO: [BIND 205-101] Exploring resource sharing.
INFO: [BIND 205-101] Binding ...
INFO: [BIND 205-100] Finished micro-architecture generation.
INFO: [HLS 200-111] Finished Binding: CPU user time: 0 seconds. CPU system time: 0 seconds. Elapsed time: 0.162 seconds; current allocated memory: 466.648 MB.
INFO: [HLS 200-10] ----------------------------------------------------------------
INFO: [HLS 200-42] -- Implementing module 'ecg_classifier_Pipeline_L3_IC_L3_K' 
INFO: [HLS 200-10] ----------------------------------------------------------------
INFO: [SCHED 204-11] Starting scheduling ...
INFO: [SCHED 204-61] Pipelining loop 'L3_IC_L3_K'.
INFO: [HLS 200-1470] Pipelining result : Target II = 1, Final II = 1, Depth = 38, loop 'L3_IC_L3_K'
INFO: [SCHED 204-11] Finished scheduling.
INFO: [HLS 200-111] Finished Scheduling: CPU user time: 0 seconds. CPU system time: 1 seconds. Elapsed time: 0.476 seconds; current allocated memory: 467.363 MB.
INFO: [BIND 205-100] Starting micro-architecture generation ...
INFO: [BIND 205-101] Performing variable lifetime analysis.
INFO: [BIND 205-101] Exploring resource sharing.
INFO: [BIND 205-101] Binding ...
INFO: [BIND 205-100] Finished micro-architecture generation.
INFO: [HLS 200-111] Finished Binding: CPU user time: 1 seconds. CPU system time: 0 seconds. Elapsed time: 0.573 seconds; current allocated memory: 467.656 MB.
INFO: [HLS 200-10] ----------------------------------------------------------------
INFO: [HLS 200-42] -- Implementing module 'ecg_classifier_Pipeline_L4_IC_L4_K' 
INFO: [HLS 200-10] ----------------------------------------------------------------
INFO: [SCHED 204-11] Starting scheduling ...
INFO: [SCHED 204-61] Pipelining loop 'L4_IC_L4_K'.
INFO: [HLS 200-1470] Pipelining result : Target II = 1, Final II = 1, Depth = 4, loop 'L4_IC_L4_K'
INFO: [SCHED 204-11] Finished scheduling.
INFO: [HLS 200-111] Finished Scheduling: CPU user time: 0 seconds. CPU system time: 0 seconds. Elapsed time: 0.528 seconds; current allocated memory: 468.055 MB.
INFO: [BIND 205-100] Starting micro-architecture generation ...
INFO: [BIND 205-101] Performing variable lifetime analysis.
INFO: [BIND 205-101] Exploring resource sharing.
INFO: [BIND 205-101] Binding ...
INFO: [BIND 205-100] Finished micro-architecture generation.
INFO: [HLS 200-111] Finished Binding: CPU user time: 0 seconds. CPU system time: 0 seconds. Elapsed time: 0.237 seconds; current allocated memory: 468.301 MB.
INFO: [HLS 200-10] ----------------------------------------------------------------
INFO: [HLS 200-42] -- Implementing module 'ecg_classifier_Pipeline_GAP_NORM' 
INFO: [HLS 200-10] ----------------------------------------------------------------
INFO: [SCHED 204-11] Starting scheduling ...
INFO: [SCHED 204-61] Pipelining loop 'GAP_NORM'.
WARNING: [HLS 200-885] The II Violation in module 'ecg_classifier_Pipeline_GAP_NORM' (loop 'GAP_NORM'): Unable to schedule 'load' operation ('gap_buf_V_load', src/ecg_classifier.cpp:283) on array 'gap_buf_V' due to limited memory ports (II = 1). Please consider using a memory core with more ports or partitioning the array 'gap_buf_V'.
INFO: [HLS 200-1470] Pipelining result : Target II = 1, Final II = 2, Depth = 4, loop 'GAP_NORM'
INFO: [SCHED 204-11] Finished scheduling.
INFO: [HLS 200-111] Finished Scheduling: CPU user time: 1 seconds. CPU system time: 0 seconds. Elapsed time: 0.351 seconds; current allocated memory: 468.688 MB.
INFO: [BIND 205-100] Starting micro-architecture generation ...
INFO: [BIND 205-101] Performing variable lifetime analysis.
INFO: [BIND 205-101] Exploring resource sharing.
INFO: [BIND 205-101] Binding ...
INFO: [BIND 205-100] Finished micro-architecture generation.
INFO: [HLS 200-111] Finished Binding: CPU user time: 0 seconds. CPU system time: 0 seconds. Elapsed time: 0.171 seconds; current allocated memory: 468.691 MB.
INFO: [HLS 200-10] ----------------------------------------------------------------
INFO: [HLS 200-42] -- Implementing module 'ecg_classifier_Pipeline_D0_IC' 
INFO: [HLS 200-10] ----------------------------------------------------------------
INFO: [SCHED 204-11] Starting scheduling ...
INFO: [SCHED 204-61] Pipelining loop 'D0_IC'.
INFO: [HLS 200-1470] Pipelining result : Target II = 1, Final II = 1, Depth = 4, loop 'D0_IC'
INFO: [SCHED 204-11] Finished scheduling.
INFO: [HLS 200-111] Finished Scheduling: CPU user time: 0 seconds. CPU system time: 0 seconds. Elapsed time: 0.219 seconds; current allocated memory: 469.035 MB.
INFO: [BIND 205-100] Starting micro-architecture generation ...
INFO: [BIND 205-101] Performing variable lifetime analysis.
INFO: [BIND 205-101] Exploring resource sharing.
INFO: [BIND 205-101] Binding ...
INFO: [BIND 205-100] Finished micro-architecture generation.
INFO: [HLS 200-111] Finished Binding: CPU user time: 0 seconds. CPU system time: 0 seconds. Elapsed time: 0.152 seconds; current allocated memory: 469.066 MB.
INFO: [HLS 200-10] ----------------------------------------------------------------
INFO: [HLS 200-42] -- Implementing module 'ecg_classifier_Pipeline_D1_IC' 
INFO: [HLS 200-10] ----------------------------------------------------------------
INFO: [SCHED 204-11] Starting scheduling ...
INFO: [SCHED 204-61] Pipelining loop 'D1_IC'.
INFO: [HLS 200-1470] Pipelining result : Target II = 1, Final II = 1, Depth = 4, loop 'D1_IC'
INFO: [SCHED 204-11] Finished scheduling.
INFO: [HLS 200-111] Finished Scheduling: CPU user time: 0 seconds. CPU system time: 0 seconds. Elapsed time: 0.217 seconds; current allocated memory: 469.730 MB.
INFO: [BIND 205-100] Starting micro-architecture generation ...
INFO: [BIND 205-101] Performing variable lifetime analysis.
INFO: [BIND 205-101] Exploring resource sharing.
INFO: [BIND 205-101] Binding ...
INFO: [BIND 205-100] Finished micro-architecture generation.
INFO: [HLS 200-111] Finished Binding: CPU user time: 0 seconds. CPU system time: 0 seconds. Elapsed time: 0.144 seconds; current allocated memory: 469.734 MB.
INFO: [HLS 200-10] ----------------------------------------------------------------
INFO: [HLS 200-42] -- Implementing module 'ecg_classifier_Pipeline_WRITE_OUTPUT' 
INFO: [HLS 200-10] ----------------------------------------------------------------
INFO: [SCHED 204-11] Starting scheduling ...
INFO: [SCHED 204-61] Pipelining loop 'WRITE_OUTPUT'.
INFO: [HLS 200-1470] Pipelining result : Target II = 1, Final II = 1, Depth = 11, loop 'WRITE_OUTPUT'
INFO: [SCHED 204-11] Finished scheduling.
INFO: [HLS 200-111] Finished Scheduling: CPU user time: 0 seconds. CPU system time: 0 seconds. Elapsed time: 0.233 seconds; current allocated memory: 470.008 MB.
INFO: [BIND 205-100] Starting micro-architecture generation ...
INFO: [BIND 205-101] Performing variable lifetime analysis.
INFO: [BIND 205-101] Exploring resource sharing.
INFO: [BIND 205-101] Binding ...
INFO: [BIND 205-100] Finished micro-architecture generation.
INFO: [HLS 200-111] Finished Binding: CPU user time: 0 seconds. CPU system time: 0 seconds. Elapsed time: 0.193 seconds; current allocated memory: 470.008 MB.
INFO: [HLS 200-10] ----------------------------------------------------------------
INFO: [HLS 200-42] -- Implementing module 'ecg_classifier' 
INFO: [HLS 200-10] ----------------------------------------------------------------
INFO: [SCHED 204-11] Starting scheduling ...
INFO: [SCHED 204-11] Finished scheduling.
INFO: [HLS 200-111] Finished Scheduling: CPU user time: 12 seconds. CPU system time: 1 seconds. Elapsed time: 12.743 seconds; current allocated memory: 548.930 MB.
INFO: [BIND 205-100] Starting micro-architecture generation ...
INFO: [BIND 205-101] Performing variable lifetime analysis.
INFO: [BIND 205-101] Exploring resource sharing.
WARNING: [BIND 205-102] The specified resource core for memory 'gap_buf_V' will be ignored if a simpler one can be used.
WARNING: [BIND 205-102] The specified resource core for memory 'gap_buf_V_1' will be ignored if a simpler one can be used.
WARNING: [BIND 205-102] The specified resource core for memory 'dense0_buf_V' will be ignored if a simpler one can be used.
WARNING: [BIND 205-102] The specified resource core for memory 'dense0_buf_V_1' will be ignored if a simpler one can be used.
INFO: [BIND 205-101] Binding ...
INFO: [BIND 205-100] Finished micro-architecture generation.
INFO: [HLS 200-111] Finished Binding: CPU user time: 8 seconds. CPU system time: 1 seconds. Elapsed time: 8.731 seconds; current allocated memory: 548.930 MB.
INFO: [HLS 200-10] ----------------------------------------------------------------
INFO: [HLS 200-10] -- Generating RTL for module 'ecg_classifier_Pipeline_READ_INPUT' 
INFO: [HLS 200-10] ----------------------------------------------------------------
INFO: [RTGEN 206-100] Finished creating RTL model for 'ecg_classifier_Pipeline_READ_INPUT'.
INFO: [HLS 200-111] Finished Creating RTL model: CPU user time: 6 seconds. CPU system time: 0 seconds. Elapsed time: 7.182 seconds; current allocated memory: 548.930 MB.
INFO: [HLS 200-10] ----------------------------------------------------------------
INFO: [HLS 200-10] -- Generating RTL for module 'ecg_classifier_Pipeline_ZNORM_MEAN' 
INFO: [HLS 200-10] ----------------------------------------------------------------
INFO: [HLS 200-1030] Apply Unified Pipeline Control on module 'ecg_classifier_Pipeline_ZNORM_MEAN' pipeline 'ZNORM_MEAN' pipeline type 'loop pipeline'
INFO: [RTGEN 206-100] Generating core module 'mux_21_32_1_1': 1 instance(s).
INFO: [RTGEN 206-100] Finished creating RTL model for 'ecg_classifier_Pipeline_ZNORM_MEAN'.
INFO: [HLS 200-111] Finished Creating RTL model: CPU user time: 0 seconds. CPU system time: 1 seconds. Elapsed time: 0.467 seconds; current allocated memory: 548.930 MB.
INFO: [HLS 200-10] ----------------------------------------------------------------
INFO: [HLS 200-10] -- Generating RTL for module 'ecg_classifier_Pipeline_ZNORM_VAR' 
INFO: [HLS 200-10] ----------------------------------------------------------------
INFO: [HLS 200-1030] Apply Unified Pipeline Control on module 'ecg_classifier_Pipeline_ZNORM_VAR' pipeline 'ZNORM_VAR' pipeline type 'loop pipeline'
INFO: [RTGEN 206-100] Generating core module 'mul_40s_40s_72_1_1': 1 instance(s).
INFO: [RTGEN 206-100] Generating core module 'mux_21_32_1_1': 1 instance(s).
INFO: [RTGEN 206-100] Finished creating RTL model for 'ecg_classifier_Pipeline_ZNORM_VAR'.
INFO: [HLS 200-111] Finished Creating RTL model: CPU user time: 0 seconds. CPU system time: 0 seconds. Elapsed time: 0.46 seconds; current allocated memory: 548.930 MB.
INFO: [HLS 200-10] ----------------------------------------------------------------
INFO: [HLS 200-10] -- Generating RTL for module 'ecg_classifier_Pipeline_ZNORM_APPLY' 
INFO: [HLS 200-10] ----------------------------------------------------------------
INFO: [HLS 200-1030] Apply Unified Pipeline Control on module 'ecg_classifier_Pipeline_ZNORM_APPLY' pipeline 'ZNORM_APPLY' pipeline type 'loop pipeline'
INFO: [RTGEN 206-100] Generating core module 'mul_33s_32s_48_1_1': 1 instance(s).
INFO: [RTGEN 206-100] Generating core module 'mux_21_32_1_1': 1 instance(s).
INFO: [RTGEN 206-100] Finished creating RTL model for 'ecg_classifier_Pipeline_ZNORM_APPLY'.
INFO: [HLS 200-111] Finished Creating RTL model: CPU user time: 1 seconds. CPU system time: 0 seconds. Elapsed time: 0.65 seconds; current allocated memory: 548.930 MB.
INFO: [HLS 200-10] ----------------------------------------------------------------
INFO: [HLS 200-10] -- Generating RTL for module 'ecg_classifier_Pipeline_L0_K_FILL' 
INFO: [HLS 200-10] ----------------------------------------------------------------
INFO: [HLS 200-1030] Apply Unified Pipeline Control on module 'ecg_classifier_Pipeline_L0_K_FILL' pipeline 'L0_K_FILL' pipeline type 'loop pipeline'
INFO: [RTGEN 206-100] Generating core module 'mul_27s_40s_66_1_1': 1 instance(s).
INFO: [RTGEN 206-100] Generating core module 'mux_21_32_1_1': 1 instance(s).
INFO: [RTGEN 206-100] Finished creating RTL model for 'ecg_classifier_Pipeline_L0_K_FILL'.
INFO: [RTMG 210-279] Implementing memory 'ecg_classifier_ecg_classifier_Pipeline_L0_K_FILL_L0_W_V_0_ROM_AUTO_1R' using auto ROMs.
INFO: [HLS 200-111] Finished Creating RTL model: CPU user time: 0 seconds. CPU system time: 0 seconds. Elapsed time: 0.961 seconds; current allocated memory: 548.930 MB.
INFO: [HLS 200-10] ----------------------------------------------------------------
INFO: [HLS 200-10] -- Generating RTL for module 'ecg_classifier_Pipeline_L1_IC_L1_K' 
INFO: [HLS 200-10] ----------------------------------------------------------------
INFO: [HLS 200-1030] Apply Unified Pipeline Control on module 'ecg_classifier_Pipeline_L1_IC_L1_K' pipeline 'L1_IC_L1_K' pipeline type 'loop pipeline'
INFO: [RTGEN 206-100] Generating core module 'mul_23s_40s_62_1_1': 1 instance(s).
INFO: [RTGEN 206-100] Generating core module 'mux_21_31_1_1': 2 instance(s).
INFO: [RTGEN 206-100] Generating core module 'mux_21_32_1_1': 12 instance(s).
INFO: [RTGEN 206-100] Generating core module 'mux_73_32_1_1': 1 instance(s).
INFO: [RTGEN 206-100] Finished creating RTL model for 'ecg_classifier_Pipeline_L1_IC_L1_K'.
INFO: [RTMG 210-279] Implementing memory 'ecg_classifier_ecg_classifier_Pipeline_L1_IC_L1_K_clf_w_L1_W_V_ROM_AUTO_1R' using auto ROMs.
INFO: [HLS 200-111] Finished Creating RTL model: CPU user time: 1 seconds. CPU system time: 0 seconds. Elapsed time: 1.201 seconds; current allocated memory: 548.930 MB.
INFO: [HLS 200-10] ----------------------------------------------------------------
INFO: [HLS 200-10] -- Generating RTL for module 'ecg_classifier_Pipeline_L2_IC_L2_K' 
INFO: [HLS 200-10] ----------------------------------------------------------------
INFO: [HLS 200-1030] Apply Unified Pipeline Control on module 'ecg_classifier_Pipeline_L2_IC_L2_K' pipeline 'L2_IC_L2_K' pipeline type 'loop pipeline'
INFO: [RTGEN 206-100] Generating core module 'mul_23s_39ns_62_1_1': 2 instance(s).
INFO: [RTGEN 206-100] Generating core module 'mux_21_31_1_1': 10 instance(s).
INFO: [RTGEN 206-100] Generating core module 'mux_53_31_1_1': 1 instance(s).
INFO: [RTGEN 206-100] Finished creating RTL model for 'ecg_classifier_Pipeline_L2_IC_L2_K'.
INFO: [RTMG 210-279] Implementing memory 'ecg_classifier_ecg_classifier_Pipeline_L2_IC_L2_K_clf_w_L2_W_V_ROM_AUTO_1R' using auto ROMs.
INFO: [HLS 200-111] Finished Creating RTL model: CPU user time: 1 seconds. CPU system time: 1 seconds. Elapsed time: 1.833 seconds; current allocated memory: 548.930 MB.
INFO: [HLS 200-10] ----------------------------------------------------------------
INFO: [HLS 200-10] -- Generating RTL for module 'ecg_classifier_Pipeline_GAP_INIT' 
INFO: [HLS 200-10] ----------------------------------------------------------------
INFO: [RTGEN 206-100] Finished creating RTL model for 'ecg_classifier_Pipeline_GAP_INIT'.
INFO: [HLS 200-111] Finished Creating RTL model: CPU user time: 1 seconds. CPU system time: 0 seconds. Elapsed time: 1.155 seconds; current allocated memory: 548.930 MB.
INFO: [HLS 200-10] ----------------------------------------------------------------
INFO: [HLS 200-10] -- Generating RTL for module 'ecg_classifier_Pipeline_L3_IC_L3_K' 
INFO: [HLS 200-10] ----------------------------------------------------------------
INFO: [HLS 200-1030] Apply Unified Pipeline Control on module 'ecg_classifier_Pipeline_L3_IC_L3_K' pipeline 'L3_IC_L3_K' pipeline type 'loop pipeline'
INFO: [RTGEN 206-100] Generating core module 'mul_22s_31ns_53_1_1': 2 instance(s).
INFO: [RTGEN 206-100] Generating core module 'mux_21_15_1_1': 5 instance(s).
INFO: [RTGEN 206-100] Generating core module 'mux_53_15_1_1': 1 instance(s).
INFO: [RTGEN 206-100] Generating core module 'urem_32s_4ns_3_36_1': 1 instance(s).
INFO: [RTGEN 206-100] Finished creating RTL model for 'ecg_classifier_Pipeline_L3_IC_L3_K'.
INFO: [RTMG 210-279] Implementing memory 'ecg_classifier_ecg_classifier_Pipeline_L3_IC_L3_K_clf_w_L3_W_V_ROM_AUTO_1R' using auto ROMs.
INFO: [HLS 200-111] Finished Creating RTL model: CPU user time: 0 seconds. CPU system time: 0 seconds. Elapsed time: 0.878 seconds; current allocated memory: 548.930 MB.
INFO: [HLS 200-10] ----------------------------------------------------------------
INFO: [HLS 200-10] -- Generating RTL for module 'ecg_classifier_Pipeline_L4_IC_L4_K' 
INFO: [HLS 200-10] ----------------------------------------------------------------
INFO: [HLS 200-1030] Apply Unified Pipeline Control on module 'ecg_classifier_Pipeline_L4_IC_L4_K' pipeline 'L4_IC_L4_K' pipeline type 'loop pipeline'
INFO: [RTGEN 206-100] Generating core module 'mul_22s_39ns_61_1_1': 2 instance(s).
INFO: [RTGEN 206-100] Generating core module 'mux_21_31_1_1': 6 instance(s).
INFO: [RTGEN 206-100] Generating core module 'mux_32_31_1_1': 1 instance(s).
INFO: [RTGEN 206-100] Finished creating RTL model for 'ecg_classifier_Pipeline_L4_IC_L4_K'.
INFO: [RTMG 210-279] Implementing memory 'ecg_classifier_ecg_classifier_Pipeline_L4_IC_L4_K_clf_w_L4_W_V_ROM_AUTO_1R' using auto ROMs.
INFO: [HLS 200-111] Finished Creating RTL model: CPU user time: 1 seconds. CPU system time: 1 seconds. Elapsed time: 1.798 seconds; current allocated memory: 548.930 MB.
INFO: [HLS 200-10] ----------------------------------------------------------------
INFO: [HLS 200-10] -- Generating RTL for module 'ecg_classifier_Pipeline_GAP_NORM' 
INFO: [HLS 200-10] ----------------------------------------------------------------
INFO: [HLS 200-1030] Apply Unified Pipeline Control on module 'ecg_classifier_Pipeline_GAP_NORM' pipeline 'GAP_NORM' pipeline type 'loop pipeline'
INFO: [RTGEN 206-100] Generating core module 'mul_32s_12ns_44_1_1': 1 instance(s).
INFO: [RTGEN 206-100] Generating core module 'mux_21_32_1_1': 1 instance(s).
INFO: [RTGEN 206-100] Finished creating RTL model for 'ecg_classifier_Pipeline_GAP_NORM'.
INFO: [HLS 200-111] Finished Creating RTL model: CPU user time: 1 seconds. CPU system time: 0 seconds. Elapsed time: 1.151 seconds; current allocated memory: 548.930 MB.
INFO: [HLS 200-10] ----------------------------------------------------------------
INFO: [HLS 200-10] -- Generating RTL for module 'ecg_classifier_Pipeline_D0_IC' 
INFO: [HLS 200-10] ----------------------------------------------------------------
INFO: [HLS 200-1030] Apply Unified Pipeline Control on module 'ecg_classifier_Pipeline_D0_IC' pipeline 'D0_IC' pipeline type 'loop pipeline'
INFO: [RTGEN 206-100] Generating core module 'mul_24s_40s_63_1_1': 1 instance(s).
INFO: [RTGEN 206-100] Generating core module 'mux_21_32_1_1': 1 instance(s).
INFO: [RTGEN 206-100] Finished creating RTL model for 'ecg_classifier_Pipeline_D0_IC'.
INFO: [RTMG 210-279] Implementing memory 'ecg_classifier_ecg_classifier_Pipeline_D0_IC_clf_w_L5_W_V_ROM_AUTO_1R' using auto ROMs.
INFO: [HLS 200-111] Finished Creating RTL model: CPU user time: 1 seconds. CPU system time: 0 seconds. Elapsed time: 0.605 seconds; current allocated memory: 548.930 MB.
INFO: [HLS 200-10] ----------------------------------------------------------------
INFO: [HLS 200-10] -- Generating RTL for module 'ecg_classifier_Pipeline_D1_IC' 
INFO: [HLS 200-10] ----------------------------------------------------------------
INFO: [HLS 200-1030] Apply Unified Pipeline Control on module 'ecg_classifier_Pipeline_D1_IC' pipeline 'D1_IC' pipeline type 'loop pipeline'
INFO: [RTGEN 206-100] Generating core module 'mul_24s_39ns_63_1_1': 1 instance(s).
INFO: [RTGEN 206-100] Generating core module 'mux_21_31_1_1': 1 instance(s).
INFO: [RTGEN 206-100] Finished creating RTL model for 'ecg_classifier_Pipeline_D1_IC'.
INFO: [RTMG 210-279] Implementing memory 'ecg_classifier_ecg_classifier_Pipeline_D1_IC_clf_w_L6_W_V_ROM_AUTO_1R' using auto ROMs.
INFO: [HLS 200-111] Finished Creating RTL model: CPU user time: 0 seconds. CPU system time: 0 seconds. Elapsed time: 0.596 seconds; current allocated memory: 548.930 MB.
INFO: [HLS 200-10] ----------------------------------------------------------------
INFO: [HLS 200-10] -- Generating RTL for module 'ecg_classifier_Pipeline_WRITE_OUTPUT' 
INFO: [HLS 200-10] ----------------------------------------------------------------
INFO: [HLS 200-1030] Apply Unified Pipeline Control on module 'ecg_classifier_Pipeline_WRITE_OUTPUT' pipeline 'WRITE_OUTPUT' pipeline type 'loop pipeline'
INFO: [RTGEN 206-100] Generating core module 'fdiv_32ns_32ns_32_10_no_dsp_1': 1 instance(s).
INFO: [RTGEN 206-100] Finished creating RTL model for 'ecg_classifier_Pipeline_WRITE_OUTPUT'.
INFO: [HLS 200-111] Finished Creating RTL model: CPU user time: 0 seconds. CPU system time: 0 seconds. Elapsed time: 0.553 seconds; current allocated memory: 548.930 MB.
INFO: [HLS 200-10] ----------------------------------------------------------------
INFO: [HLS 200-10] -- Generating RTL for module 'ecg_classifier' 
INFO: [HLS 200-10] ----------------------------------------------------------------
WARNING: [RTGEN 206-101] Design contains AXI ports. Reset is fixed to synchronous and active low.
INFO: [RTGEN 206-500] Setting interface mode on port 'ecg_classifier/in_stream_V_data_V' to 'axis' (register, both mode).
INFO: [RTGEN 206-500] Setting interface mode on port 'ecg_classifier/in_stream_V_keep_V' to 'axis' (register, both mode).
INFO: [RTGEN 206-500] Setting interface mode on port 'ecg_classifier/in_stream_V_strb_V' to 'axis' (register, both mode).
INFO: [RTGEN 206-500] Setting interface mode on port 'ecg_classifier/in_stream_V_user_V' to 'axis' (register, both mode).
INFO: [RTGEN 206-500] Setting interface mode on port 'ecg_classifier/in_stream_V_last_V' to 'axis' (register, both mode).
INFO: [RTGEN 206-500] Setting interface mode on port 'ecg_classifier/in_stream_V_id_V' to 'axis' (register, both mode).
INFO: [RTGEN 206-500] Setting interface mode on port 'ecg_classifier/in_stream_V_dest_V' to 'axis' (register, both mode).
INFO: [RTGEN 206-500] Setting interface mode on port 'ecg_classifier/out_stream_V_data_V' to 'axis' (register, both mode).
INFO: [RTGEN 206-500] Setting interface mode on port 'ecg_classifier/out_stream_V_keep_V' to 'axis' (register, both mode).
INFO: [RTGEN 206-500] Setting interface mode on port 'ecg_classifier/out_stream_V_strb_V' to 'axis' (register, both mode).
INFO: [RTGEN 206-500] Setting interface mode on port 'ecg_classifier/out_stream_V_user_V' to 'axis' (register, both mode).
INFO: [RTGEN 206-500] Setting interface mode on port 'ecg_classifier/out_stream_V_last_V' to 'axis' (register, both mode).
INFO: [RTGEN 206-500] Setting interface mode on port 'ecg_classifier/out_stream_V_id_V' to 'axis' (register, both mode).
INFO: [RTGEN 206-500] Setting interface mode on port 'ecg_classifier/out_stream_V_dest_V' to 'axis' (register, both mode).
INFO: [RTGEN 206-500] Setting interface mode on function 'ecg_classifier' to 'ap_ctrl_hs'.
INFO: [RTGEN 206-104] Estimated max fanout for 'ecg_classifier' is 12378 from HDL expression: (1'b1 == ap_CS_fsm_state98)
INFO: [RTGEN 206-100] Generating core module 'fadd_32ns_32ns_32_4_full_dsp_1': 1 instance(s).
INFO: [RTGEN 206-100] Generating core module 'fcmp_32ns_32ns_1_2_no_dsp_1': 1 instance(s).
INFO: [RTGEN 206-100] Generating core module 'fexp_32ns_32ns_32_8_full_dsp_1': 2 instance(s).
INFO: [RTGEN 206-100] Generating core module 'fpext_32ns_64_2_no_dsp_1': 1 instance(s).
INFO: [RTGEN 206-100] Generating core module 'fsqrt_32ns_32ns_32_10_no_dsp_1': 1 instance(s).
INFO: [RTGEN 206-100] Generating core module 'mul_48s_10ns_56_1_1': 2 instance(s).
INFO: [RTGEN 206-100] Generating core module 'sdiv_34ns_32s_32_38_seq_1': 1 instance(s).
INFO: [RTGEN 206-100] Finished creating RTL model for 'ecg_classifier'.
INFO: [RTMG 210-279] Implementing memory 'ecg_classifier_clf_w_L0_b_V_ROM_AUTO_1R' using auto ROMs.
INFO: [RTMG 210-279] Implementing memory 'ecg_classifier_clf_w_L1_b_V_ROM_AUTO_1R' using auto ROMs.
INFO: [RTMG 210-279] Implementing memory 'ecg_classifier_clf_w_L2_b_V_ROM_AUTO_1R' using auto ROMs.
INFO: [RTMG 210-279] Implementing memory 'ecg_classifier_clf_w_L3_b_V_ROM_AUTO_1R' using auto ROMs.
INFO: [RTMG 210-279] Implementing memory 'ecg_classifier_clf_w_L4_b_V_ROM_AUTO_1R' using auto ROMs.
INFO: [RTMG 210-279] Implementing memory 'ecg_classifier_clf_w_L5_b_V_ROM_AUTO_1R' using auto ROMs.
INFO: [RTMG 210-279] Implementing memory 'ecg_classifier_clf_w_L6_b_V_ROM_AUTO_1R' using auto ROMs.
INFO: [RTMG 210-278] Implementing memory 'ecg_classifier_input_buf_V_RAM_1P_LUTRAM_1R1W' using distributed RAMs.
INFO: [RTMG 210-278] Implementing memory 'ecg_classifier_buf2_circ_V_RAM_AUTO_1R1W' using auto RAMs.
INFO: [RTMG 210-278] Implementing memory 'ecg_classifier_gap_buf_V_RAM_1P_LUTRAM_1R1W' using distributed RAMs.
INFO: [RTMG 210-278] Implementing memory 'ecg_classifier_dense0_buf_V_RAM_1P_LUTRAM_1R1W' using distributed RAMs.
INFO: [RTMG 210-278] Implementing memory 'ecg_classifier_win0_V_RAM_AUTO_1R1W' using auto RAMs.
INFO: [RTMG 210-278] Implementing memory 'ecg_classifier_win0_V_2_RAM_AUTO_1R1W' using auto RAMs.
INFO: [RTMG 210-278] Implementing memory 'ecg_classifier_win0_V_12_RAM_AUTO_1R1W' using auto RAMs.
INFO: [RTMG 210-278] Implementing memory 'ecg_classifier_win01_V_RAM_AUTO_1R1W' using auto RAMs.
INFO: [RTMG 210-278] Implementing memory 'ecg_classifier_l1_out_V_RAM_AUTO_1R1W' using auto RAMs.
INFO: [RTMG 210-278] Implementing memory 'ecg_classifier_win23_V_RAM_AUTO_1R1W' using auto RAMs.
INFO: [RTMG 210-278] Implementing memory 'ecg_classifier_l3_out_V_RAM_AUTO_1R1W' using auto RAMs.
INFO: [HLS 200-111] Finished Creating RTL model: CPU user time: 3 seconds. CPU system time: 1 seconds. Elapsed time: 4.672 seconds; current allocated memory: 565.117 MB.
INFO: [HLS 200-111] Finished Generating all RTL models: CPU user time: 15 seconds. CPU system time: 5 seconds. Elapsed time: 23.452 seconds; current allocated memory: 663.672 MB.
INFO: [HLS 200-111] Finished Updating report files: CPU user time: 3 seconds. CPU system time: 0 seconds. Elapsed time: 4.965 seconds; current allocated memory: 663.672 MB.
INFO: [VHDL 208-304] Generating VHDL RTL for ecg_classifier.
INFO: [VLOG 209-307] Generating Verilog RTL for ecg_classifier.
INFO: [HLS 200-790] **** Loop Constraint Status: All loop constraints were NOT satisfied.
INFO: [HLS 200-789] **** Estimated Fmax: 107.61 MHz
INFO: [HLS 200-111] Finished Command csynth_design CPU user time: 112 seconds. CPU system time: 19 seconds. Elapsed time: 715.752 seconds; current allocated memory: 549.719 MB.
INFO: [HLS 200-112] Total CPU user time: 116 seconds. Total CPU system time: 23 seconds. Total elapsed time: 734.961 seconds; peak allocated memory: 663.672 MB.
==============================================================
Vitis HLS - High-Level Synthesis from C, C++ and OpenCL v2022.2 (64-bit)
Tool Version Limit: 2019.12
Copyright 1986-2022 Xilinx, Inc. All Rights Reserved.
==============================================================
INFO: [SYN 201-201] Setting up clock 'default' with a period of 13ns.
INFO: [HLS 200-1611] Setting target device to 'xc7z030-sbg485-2'
INFO: [HLS 200-1505] Using flow_target 'vivado'
INFO: [HLS 200-1510] Running: set_part xc7z030-sbg485-2 
INFO: [HLS 200-1510] Running: create_clock -period 13 -name default 
INFO: [HLS 200-1510] Running: source ./ecg_classifier_ip/solution1/directives.tcl
INFO: [HLS 200-1510] Running: set_directive_top -name ecg_classifier ecg_classifier 
INFO: [HLS 200-1510] Running: csim_design -clean -quiet 
INFO: [SIM 211-2] *************** CSIM start ***************
INFO: [SIM 211-4] CSIM will launch GCC as the compiler.
INFO: [SIM 211-1] CSim done with 0 errors.
INFO: [SIM 211-3] *************** CSIM finish ***************
INFO: [HLS 200-111] Finished Command csim_design CPU user time: 0 seconds. CPU system time: 1 seconds. Elapsed time: 117.932 seconds; current allocated memory: 0.293 MB.
INFO: [HLS 200-112] Total CPU user time: 3 seconds. Total CPU system time: 3 seconds. Total elapsed time: 133.052 seconds; peak allocated memory: 108.297 MB.
==============================================================
Vitis HLS - High-Level Synthesis from C, C++ and OpenCL v2022.2 (64-bit)
Tool Version Limit: 2019.12
Copyright 1986-2022 Xilinx, Inc. All Rights Reserved.
==============================================================
INFO: [SYN 201-201] Setting up clock 'default' with a period of 13ns.
INFO: [HLS 200-1611] Setting target device to 'xc7z030-sbg485-2'
INFO: [HLS 200-1505] Using flow_target 'vivado'
INFO: [HLS 200-1510] Running: set_part xc7z030-sbg485-2 
INFO: [HLS 200-1510] Running: create_clock -period 13 -name default 
INFO: [HLS 200-1510] Running: source ./ecg_classifier_ip/solution1/directives.tcl
INFO: [HLS 200-1510] Running: set_directive_top -name ecg_classifier ecg_classifier 
INFO: [HLS 200-1510] Running: csynth_design 
INFO: [HLS 200-111] Finished File checks and directory preparation: CPU user time: 0 seconds. CPU system time: 0 seconds. Elapsed time: 10.122 seconds; current allocated memory: 108.637 MB.
INFO: [HLS 200-10] Analyzing design file 'src/ecg_classifier.cpp' ... 
INFO: [HLS 200-10] Analyzing design file 'src/weights_clf_L0_W.cpp' ... 
INFO: [HLS 200-10] Analyzing design file 'src/weights_clf_L0_b.cpp' ... 
INFO: [HLS 200-10] Analyzing design file 'src/weights_clf_L1_W.cpp' ... 
INFO: [HLS 200-10] Analyzing design file 'src/weights_clf_L1_b.cpp' ... 
INFO: [HLS 200-10] Analyzing design file 'src/weights_clf_L2_W.cpp' ... 
INFO: [HLS 200-10] Analyzing design file 'src/weights_clf_L2_b.cpp' ... 
INFO: [HLS 200-10] Analyzing design file 'src/weights_clf_L3_W.cpp' ... 
INFO: [HLS 200-10] Analyzing design file 'src/weights_clf_L3_b.cpp' ... 
INFO: [HLS 200-10] Analyzing design file 'src/weights_clf_L4_W.cpp' ... 
INFO: [HLS 200-10] Analyzing design file 'src/weights_clf_L4_b.cpp' ... 
INFO: [HLS 200-10] Analyzing design file 'src/weights_clf_L5_W.cpp' ... 
INFO: [HLS 200-10] Analyzing design file 'src/weights_clf_L5_b.cpp' ... 
INFO: [HLS 200-10] Analyzing design file 'src/weights_clf_L6_W.cpp' ... 
INFO: [HLS 200-10] Analyzing design file 'src/weights_clf_L6_b.cpp' ... 
INFO: [HLS 200-111] Finished Source Code Analysis and Preprocessing: CPU user time: 4 seconds. CPU system time: 2 seconds. Elapsed time: 281.813 seconds; current allocated memory: 119.738 MB.
INFO: [HLS 200-777] Using interface defaults for 'Vivado' flow target.
INFO: [HLS 214-131] Inlining function 'ssdm_int<64, true>::ssdm_int(long)' into 'ap_int_base<64, true>::ap_int_base(long)' (C:/Xilinx/Vitis_HLS/2022.2/common/technology/autopilot\ap_int_base.h:216:68)
INFO: [HLS 214-131] Inlining function '_ZN8ssdm_intILi65ELb1EEC2EDq65_i' into 'ap_int_base<65, true>::ap_int_base<11, false>(ap_int_base<11, false> const&)' (C:/Xilinx/Vitis_HLS/2022.2/common/technology/autopilot\ap_int_base.h:185:106)
INFO: [HLS 214-131] Inlining function '_ZN8ssdm_intILi65ELb1EEC2EDq65_i' into 'ap_int_base<65, true>::ap_int_base<64, true>(ap_int_base<64, true> const&)' (C:/Xilinx/Vitis_HLS/2022.2/common/technology/autopilot\ap_int_base.h:185:106)
INFO: [HLS 214-131] Inlining function '_ZN8ssdm_intILi65ELb1EEC2EDq65_i' into 'ap_int_base<65, true>::ap_int_base(int)' (C:/Xilinx/Vitis_HLS/2022.2/common/technology/autopilot\ap_int_base.h:214:67)
INFO: [HLS 214-131] Inlining function 'ap_int_base<65, true>::ap_int_base<11, false>(ap_int_base<11, false> const&)' into 'ap_int_base<11, false>::RType<64, true>::minus operator-<11, false, 64, true>(ap_int_base<11, false> const&, ap_int_base<64, true> const&)' (C:/Xilinx/Vitis_HLS/2022.2/common/technology/autopilot\ap_int_base.h:1496:341)
INFO: [HLS 214-131] Inlining function 'ap_int_base<65, true>::ap_int_base(int)' into 'ap_int_base<11, false>::RType<64, true>::minus operator-<11, false, 64, true>(ap_int_base<11, false> const&, ap_int_base<64, true> const&)' (C:/Xilinx/Vitis_HLS/2022.2/common/technology/autopilot\ap_int_base.h:1496:520)
INFO: [HLS 214-131] Inlining function 'ap_int_base<65, true>::ap_int_base<64, true>(ap_int_base<64, true> const&)' into 'ap_int_base<11, false>::RType<64, true>::minus operator-<11, false, 64, true>(ap_int_base<11, false> const&, ap_int_base<64, true> const&)' (C:/Xilinx/Vitis_HLS/2022.2/common/technology/autopilot\ap_int_base.h:1496:430)
INFO: [HLS 214-131] Inlining function 'ap_int_base<64, true>::ap_int_base(long)' into 'ap_int_base<11, false>::RType<($_0)64, true>::minus operator-<11, false>(ap_int_base<11, false> const&, long)' (C:/Xilinx/Vitis_HLS/2022.2/common/technology/autopilot\ap_int_base.h:1635:1548)
INFO: [HLS 214-131] Inlining function 'ap_int_base<11, false>::RType<64, true>::minus operator-<11, false, 64, true>(ap_int_base<11, false> const&, ap_int_base<64, true> const&)' into 'ap_int_base<11, false>::RType<($_0)64, true>::minus operator-<11, false>(ap_int_base<11, false> const&, long)' (C:/Xilinx/Vitis_HLS/2022.2/common/technology/autopilot\ap_int_base.h:1635:1546)
INFO: [HLS 214-131] Inlining function '_ZN8ssdm_intILi1ELb0EEC2EDq1_j' into 'ap_int_base<1, false>::ap_int_base(int)' (C:/Xilinx/Vitis_HLS/2022.2/common/technology/autopilot\ap_int_base.h:214:67)
INFO: [HLS 214-131] Inlining function '_ZN8ssdm_intILi55ELb1EEC2EDq55_i' into 'ap_int_base<55, true>::ap_int_base<1, false>(ap_int_base<1, false> const&)' (C:/Xilinx/Vitis_HLS/2022.2/common/technology/autopilot\ap_int_base.h:185:106)
INFO: [HLS 214-131] Inlining function '_ZN8ssdm_intILi55ELb1EEC2EDq55_i' into 'ap_int_base<55, true>::ap_int_base<54, true>(ap_int_base<54, true> const&)' (C:/Xilinx/Vitis_HLS/2022.2/common/technology/autopilot\ap_int_base.h:185:106)
INFO: [HLS 214-131] Inlining function '_ZN8ssdm_intILi55ELb1EEC2EDq55_i' into 'ap_int_base<55, true>::ap_int_base(int)' (C:/Xilinx/Vitis_HLS/2022.2/common/technology/autopilot\ap_int_base.h:214:67)
INFO: [HLS 214-131] Inlining function 'ap_int_base<55, true>::ap_int_base<1, false>(ap_int_base<1, false> const&)' into 'ap_int_base<1, false>::RType<54, true>::minus operator-<1, false, 54, true>(ap_int_base<1, false> const&, ap_int_base<54, true> const&)' (C:/Xilinx/Vitis_HLS/2022.2/common/technology/autopilot\ap_int_base.h:1496:341)
INFO: [HLS 214-131] Inlining function 'ap_int_base<55, true>::ap_int_base(int)' into 'ap_int_base<1, false>::RType<54, true>::minus operator-<1, false, 54, true>(ap_int_base<1, false> const&, ap_int_base<54, true> const&)' (C:/Xilinx/Vitis_HLS/2022.2/common/technology/autopilot\ap_int_base.h:1496:520)
INFO: [HLS 214-131] Inlining function 'ap_int_base<55, true>::ap_int_base<54, true>(ap_int_base<54, true> const&)' into 'ap_int_base<1, false>::RType<54, true>::minus operator-<1, false, 54, true>(ap_int_base<1, false> const&, ap_int_base<54, true> const&)' (C:/Xilinx/Vitis_HLS/2022.2/common/technology/autopilot\ap_int_base.h:1496:430)
INFO: [HLS 214-131] Inlining function 'ap_int_base<1, false>::ap_int_base(int)' into 'ap_int_base<54, true>::operator-() const' (C:/Xilinx/Vitis_HLS/2022.2/common/technology/autopilot\ap_int_base.h:895:12)
INFO: [HLS 214-131] Inlining function 'ap_int_base<1, false>::RType<54, true>::minus operator-<1, false, 54, true>(ap_int_base<1, false> const&, ap_int_base<54, true> const&)' into 'ap_int_base<54, true>::operator-() const' (C:/Xilinx/Vitis_HLS/2022.2/common/technology/autopilot\ap_int_base.h:895:37)
INFO: [HLS 214-131] Inlining function 'doubleToRawBits(double)' into 'ap_fixed_base<8, 4, true, (ap_q_mode)5, (ap_o_mode)3, 0>::ap_fixed_base(double)' (C:/Xilinx/Vitis_HLS/2022.2/common/technology/autopilot\ap_fixed_base.h:545:14)
INFO: [HLS 214-131] Inlining function 'ap_int_base<54, true>& ap_int_base<54, true>::operator=<55, true>(ap_int_base<55, true> const&)' into 'ap_fixed_base<8, 4, true, (ap_q_mode)5, (ap_o_mode)3, 0>::ap_fixed_base(double)' (C:/Xilinx/Vitis_HLS/2022.2/common/technology/autopilot\ap_fixed_base.h:559:20)
INFO: [HLS 214-131] Inlining function 'ap_int_base<54, true>::operator-() const' into 'ap_fixed_base<8, 4, true, (ap_q_mode)5, (ap_o_mode)3, 0>::ap_fixed_base(double)' (C:/Xilinx/Vitis_HLS/2022.2/common/technology/autopilot\ap_fixed_base.h:559:22)
INFO: [HLS 214-131] Inlining function 'ap_int_base<12, true>& ap_int_base<12, true>::operator=<65, true>(ap_int_base<65, true> const&)' into 'ap_fixed_base<8, 4, true, (ap_q_mode)5, (ap_o_mode)3, 0>::ap_fixed_base(double)' (C:/Xilinx/Vitis_HLS/2022.2/common/technology/autopilot\ap_fixed_base.h:552:9)
INFO: [HLS 214-131] Inlining function 'ap_int_base<11, false>::RType<($_0)64, true>::minus operator-<11, false>(ap_int_base<11, false> const&, long)' into 'ap_fixed_base<8, 4, true, (ap_q_mode)5, (ap_o_mode)3, 0>::ap_fixed_base(double)' (C:/Xilinx/Vitis_HLS/2022.2/common/technology/autopilot\ap_fixed_base.h:552:19)
INFO: [HLS 214-131] Inlining function 'ap_fixed_base<8, 4, true, (ap_q_mode)5, (ap_o_mode)3, 0>::ap_fixed_base(float)' into 'ap_fixed<8, 4, (ap_q_mode)5, (ap_o_mode)3, 0>::ap_fixed(float)'
INFO: [HLS 214-131] Inlining function 'hls::axis<ap_uint<32>, 1ul, 1ul, 1ul>::get_user_ptr()' into 'hls::stream<hls::axis<ap_uint<32>, 1ul, 1ul, 1ul>, 0>::read()' (C:/Xilinx/Vitis_HLS/2022.2/common/technology/autopilot\ap_axi_sdata.h:247:50)
INFO: [HLS 214-131] Inlining function 'hls::axis<ap_uint<32>, 1ul, 1ul, 1ul>::get_dest_ptr()' into 'hls::stream<hls::axis<ap_uint<32>, 1ul, 1ul, 1ul>, 0>::read()' (C:/Xilinx/Vitis_HLS/2022.2/common/technology/autopilot\ap_axi_sdata.h:250:25)
INFO: [HLS 214-131] Inlining function 'hls::axis<ap_uint<32>, 1ul, 1ul, 1ul>::get_id_ptr()' into 'hls::stream<hls::axis<ap_uint<32>, 1ul, 1ul, 1ul>, 0>::read()' (C:/Xilinx/Vitis_HLS/2022.2/common/technology/autopilot\ap_axi_sdata.h:249:67)
INFO: [HLS 214-131] Inlining function 'hls::axis<ap_uint<32>, 1ul, 1ul, 1ul>::get_user_ptr()' into 'hls::stream<hls::axis<ap_uint<32>, 1ul, 1ul, 1ul>, 0>::read()' (C:/Xilinx/Vitis_HLS/2022.2/common/technology/autopilot\ap_axi_sdata.h:249:36)
INFO: [HLS 214-131] Inlining function 'hls::axis<ap_uint<32>, 1ul, 1ul, 1ul>::get_dest_ptr()' into 'hls::stream<hls::axis<ap_uint<32>, 1ul, 1ul, 1ul>, 0>::read()' (C:/Xilinx/Vitis_HLS/2022.2/common/technology/autopilot\ap_axi_sdata.h:248:39)
INFO: [HLS 214-131] Inlining function 'hls::axis<ap_uint<32>, 1ul, 1ul, 1ul>::get_id_ptr()' into 'hls::stream<hls::axis<ap_uint<32>, 1ul, 1ul, 1ul>, 0>::read()' (C:/Xilinx/Vitis_HLS/2022.2/common/technology/autopilot\ap_axi_sdata.h:248:23)
INFO: [HLS 214-131] Inlining function 'ap_range_ref<32, false>::ap_range_ref(ap_int_base<32, false>*, int, int)' into 'ap_int_base<32, false>::range(int, int)' (C:/Xilinx/Vitis_HLS/2022.2/common/technology/autopilot\ap_int_base.h:1048:12)
INFO: [HLS 214-131] Inlining function 'af_range_ref<32, 16, true, (ap_q_mode)5, (ap_o_mode)3, 0>::af_range_ref(ap_fixed_base<32, 16, true, (ap_q_mode)5, (ap_o_mode)3, 0>*, int, int)' into 'ap_fixed_base<32, 16, true, (ap_q_mode)5, (ap_o_mode)3, 0>::range(int, int)' (C:/Xilinx/Vitis_HLS/2022.2/common/technology/autopilot\ap_fixed_base.h:1746:12)
INFO: [HLS 214-131] Inlining function 'ap_range_ref<32, false>::get() const' into 'ap_int_base<32, false>::ap_int_base<32, false>(ap_range_ref<32, false> const&)' (C:/Xilinx/Vitis_HLS/2022.2/common/technology/autopilot\ap_int_base.h:358:20)
INFO: [HLS 214-131] Inlining function 'ap_int_base<32, false>::ap_int_base<32, false>(ap_range_ref<32, false> const&)' into 'af_range_ref<32, 16, true, (ap_q_mode)5, (ap_o_mode)3, 0>& af_range_ref<32, 16, true, (ap_q_mode)5, (ap_o_mode)3, 0>::operator=<32, false>(ap_range_ref<32, false> const&)' (C:/Xilinx/Vitis_HLS/2022.2/common/technology/autopilot\ap_fixed_ref.h:301:38)
INFO: [HLS 214-131] Inlining function 'af_range_ref<32, 16, true, (ap_q_mode)5, (ap_o_mode)3, 0>& af_range_ref<32, 16, true, (ap_q_mode)5, (ap_o_mode)3, 0>::operator=<32, false>(ap_int_base<32, false> const&)' into 'af_range_ref<32, 16, true, (ap_q_mode)5, (ap_o_mode)3, 0>& af_range_ref<32, 16, true, (ap_q_mode)5, (ap_o_mode)3, 0>::operator=<32, false>(ap_range_ref<32, false> const&)' (C:/Xilinx/Vitis_HLS/2022.2/common/technology/autopilot\ap_fixed_ref.h:302:12)
INFO: [HLS 214-131] Inlining function 'ap_fixed_base<32, 32, true, (ap_q_mode)5, (ap_o_mode)3, 0>::operator!() const' into 'ap_fixed_base<48, 24, true, (ap_q_mode)5, (ap_o_mode)3, 0>& ap_fixed_base<48, 24, true, (ap_q_mode)5, (ap_o_mode)3, 0>::operator=<32, 32, true, (ap_q_mode)5, (ap_o_mode)3, 0>(ap_fixed_base<32, 32, true, (ap_q_mode)5, (ap_o_mode)3, 0> const&)' (C:/Xilinx/Vitis_HLS/2022.2/common/technology/autopilot\ap_fixed_base.h:808:9)
INFO: [HLS 214-131] Inlining function 'ap_fixed_base<48, 24, true, (ap_q_mode)5, (ap_o_mode)3, 0>& ap_fixed_base<48, 24, true, (ap_q_mode)5, (ap_o_mode)3, 0>::operator=<32, 32, true, (ap_q_mode)5, (ap_o_mode)3, 0>(ap_fixed_base<32, 32, true, (ap_q_mode)5, (ap_o_mode)3, 0> const&)' into 'ap_fixed_base<48, 24, true, (ap_q_mode)5, (ap_o_mode)3, 0>::ap_fixed_base(int)' (C:/Xilinx/Vitis_HLS/2022.2/common/technology/autopilot\ap_fixed_base.h:530:146)
INFO: [HLS 214-131] Inlining function 'ap_fixed_base<48, 24, true, (ap_q_mode)5, (ap_o_mode)3, 0>::ap_fixed_base(int)' into 'ap_fixed<48, 24, (ap_q_mode)5, (ap_o_mode)3, 0>::ap_fixed(int)'
INFO: [HLS 214-131] Inlining function 'ap_fixed_base<32, 16, true, (ap_q_mode)5, (ap_o_mode)3, 0>::operator!() const' into 'ap_fixed_base<48, 24, true, (ap_q_mode)5, (ap_o_mode)3, 0>& ap_fixed_base<48, 24, true, (ap_q_mode)5, (ap_o_mode)3, 0>::operator=<32, 16, true, (ap_q_mode)5, (ap_o_mode)3, 0>(ap_fixed_base<32, 16, true, (ap_q_mode)5, (ap_o_mode)3, 0> const&)' (C:/Xilinx/Vitis_HLS/2022.2/common/technology/autopilot\ap_fixed_base.h:808:9)
INFO: [HLS 214-131] Inlining function '_ZN8ssdm_intILi48ELb1EEC2EDq48_i' into 'ap_fixed_base<48, 24, true, (ap_q_mode)5, (ap_o_mode)3, 0>::ap_fixed_base<32, 16, true, (ap_q_mode)5, (ap_o_mode)3, 0>(ap_fixed_base<32, 16, true, (ap_q_mode)5, (ap_o_mode)3, 0> const&)' (C:/Xilinx/Vitis_HLS/2022.2/common/technology/autopilot\ap_fixed_base.h:401:80)
INFO: [HLS 214-131] Inlining function 'ap_fixed_base<48, 24, true, (ap_q_mode)5, (ap_o_mode)3, 0>& ap_fixed_base<48, 24, true, (ap_q_mode)5, (ap_o_mode)3, 0>::operator=<32, 16, true, (ap_q_mode)5, (ap_o_mode)3, 0>(ap_fixed_base<32, 16, true, (ap_q_mode)5, (ap_o_mode)3, 0> const&)' into 'ap_fixed_base<48, 24, true, (ap_q_mode)5, (ap_o_mode)3, 0>::ap_fixed_base<32, 16, true, (ap_q_mode)5, (ap_o_mode)3, 0>(ap_fixed_base<32, 16, true, (ap_q_mode)5, (ap_o_mode)3, 0> const&)' (C:/Xilinx/Vitis_HLS/2022.2/common/technology/autopilot\ap_fixed_base.h:403:5)
INFO: [HLS 214-131] Inlining function 'ap_fixed_base<48, 24, true, (ap_q_mode)5, (ap_o_mode)3, 0>::ap_fixed_base<32, 16, true, (ap_q_mode)5, (ap_o_mode)3, 0>(ap_fixed_base<32, 16, true, (ap_q_mode)5, (ap_o_mode)3, 0> const&)' into 'ap_fixed<48, 24, (ap_q_mode)5, (ap_o_mode)3, 0>::ap_fixed<32, 16, true, (ap_q_mode)5, (ap_o_mode)3, 0>(ap_fixed_base<32, 16, true, (ap_q_mode)5, (ap_o_mode)3, 0> const&)'
INFO: [HLS 214-131] Inlining function 'ap_fixed_base<32, 32, true, (ap_q_mode)5, (ap_o_mode)3, 0>::operator!() const' into 'ap_fixed_base<49, 25, true, (ap_q_mode)5, (ap_o_mode)3, 0>& ap_fixed_base<49, 25, true, (ap_q_mode)5, (ap_o_mode)3, 0>::operator=<32, 32, true, (ap_q_mode)5, (ap_o_mode)3, 0>(ap_fixed_base<32, 32, true, (ap_q_mode)5, (ap_o_mode)3, 0> const&)' (C:/Xilinx/Vitis_HLS/2022.2/common/technology/autopilot\ap_fixed_base.h:808:9)
INFO: [HLS 214-131] Inlining function 'ap_fixed_base<49, 25, true, (ap_q_mode)5, (ap_o_mode)3, 0>& ap_fixed_base<49, 25, true, (ap_q_mode)5, (ap_o_mode)3, 0>::operator=<32, 32, true, (ap_q_mode)5, (ap_o_mode)3, 0>(ap_fixed_base<32, 32, true, (ap_q_mode)5, (ap_o_mode)3, 0> const&)' into 'ap_fixed_base<49, 25, true, (ap_q_mode)5, (ap_o_mode)3, 0>::ap_fixed_base(int)' (C:/Xilinx/Vitis_HLS/2022.2/common/technology/autopilot\ap_fixed_base.h:530:146)
INFO: [HLS 214-131] Inlining function 'ap_fixed_base<48, 24, true, (ap_q_mode)5, (ap_o_mode)3, 0>::operator!() const' into 'ap_fixed_base<49, 25, true, (ap_q_mode)5, (ap_o_mode)3, 0>& ap_fixed_base<49, 25, true, (ap_q_mode)5, (ap_o_mode)3, 0>::operator=<48, 24, true, (ap_q_mode)5, (ap_o_mode)3, 0>(ap_fixed_base<48, 24, true, (ap_q_mode)5, (ap_o_mode)3, 0> const&)' (C:/Xilinx/Vitis_HLS/2022.2/common/technology/autopilot\ap_fixed_base.h:808:9)
INFO: [HLS 214-131] Inlining function '_ZN8ssdm_intILi49ELb1EEC2EDq49_i' into 'ap_fixed_base<49, 25, true, (ap_q_mode)5, (ap_o_mode)3, 0>::ap_fixed_base<48, 24, true, (ap_q_mode)5, (ap_o_mode)3, 0>(ap_fixed_base<48, 24, true, (ap_q_mode)5, (ap_o_mode)3, 0> const&)' (C:/Xilinx/Vitis_HLS/2022.2/common/technology/autopilot\ap_fixed_base.h:401:80)
INFO: [HLS 214-131] Inlining function 'ap_fixed_base<49, 25, true, (ap_q_mode)5, (ap_o_mode)3, 0>& ap_fixed_base<49, 25, true, (ap_q_mode)5, (ap_o_mode)3, 0>::operator=<48, 24, true, (ap_q_mode)5, (ap_o_mode)3, 0>(ap_fixed_base<48, 24, true, (ap_q_mode)5, (ap_o_mode)3, 0> const&)' into 'ap_fixed_base<49, 25, true, (ap_q_mode)5, (ap_o_mode)3, 0>::ap_fixed_base<48, 24, true, (ap_q_mode)5, (ap_o_mode)3, 0>(ap_fixed_base<48, 24, true, (ap_q_mode)5, (ap_o_mode)3, 0> const&)' (C:/Xilinx/Vitis_HLS/2022.2/common/technology/autopilot\ap_fixed_base.h:403:5)
INFO: [HLS 214-131] Inlining function 'ap_fixed_base<49, 25, true, (ap_q_mode)5, (ap_o_mode)3, 0>::ap_fixed_base(int)' into 'ap_fixed_base<48, 24, true, (ap_q_mode)5, (ap_o_mode)3, 0>::RType<48, 24, true>::plus ap_fixed_base<48, 24, true, (ap_q_mode)5, (ap_o_mode)3, 0>::operator+<48, 24, true, (ap_q_mode)5, (ap_o_mode)3, 0>(ap_fixed_base<48, 24, true, (ap_q_mode)5, (ap_o_mode)3, 0> const&) const' (C:/Xilinx/Vitis_HLS/2022.2/common/technology/autopilot\ap_fixed_base.h:1347:325)
INFO: [HLS 214-131] Inlining function 'ap_fixed_base<49, 25, true, (ap_q_mode)5, (ap_o_mode)3, 0>::ap_fixed_base<48, 24, true, (ap_q_mode)5, (ap_o_mode)3, 0>(ap_fixed_base<48, 24, true, (ap_q_mode)5, (ap_o_mode)3, 0> const&)' into 'ap_fixed_base<48, 24, true, (ap_q_mode)5, (ap_o_mode)3, 0>::RType<48, 24, true>::plus ap_fixed_base<48, 24, true, (ap_q_mode)5, (ap_o_mode)3, 0>::operator+<48, 24, true, (ap_q_mode)5, (ap_o_mode)3, 0>(ap_fixed_base<48, 24, true, (ap_q_mode)5, (ap_o_mode)3, 0> const&) const' (C:/Xilinx/Vitis_HLS/2022.2/common/technology/autopilot\ap_fixed_base.h:1347:345)
INFO: [HLS 214-131] Inlining function 'ap_fixed_base<49, 25, true, (ap_q_mode)5, (ap_o_mode)3, 0>::ap_fixed_base<48, 24, true, (ap_q_mode)5, (ap_o_mode)3, 0>(ap_fixed_base<48, 24, true, (ap_q_mode)5, (ap_o_mode)3, 0> const&)' into 'ap_fixed_base<48, 24, true, (ap_q_mode)5, (ap_o_mode)3, 0>::RType<48, 24, true>::plus ap_fixed_base<48, 24, true, (ap_q_mode)5, (ap_o_mode)3, 0>::operator+<48, 24, true, (ap_q_mode)5, (ap_o_mode)3, 0>(ap_fixed_base<48, 24, true, (ap_q_mode)5, (ap_o_mode)3, 0> const&) const' (C:/Xilinx/Vitis_HLS/2022.2/common/technology/autopilot\ap_fixed_base.h:1347:333)
INFO: [HLS 214-131] Inlining function 'ap_fixed_base<49, 25, true, (ap_q_mode)5, (ap_o_mode)3, 0>::operator!() const' into 'ap_fixed_base<48, 24, true, (ap_q_mode)5, (ap_o_mode)3, 0>& ap_fixed_base<48, 24, true, (ap_q_mode)5, (ap_o_mode)3, 0>::operator=<49, 25, true, (ap_q_mode)5, (ap_o_mode)3, 0>(ap_fixed_base<49, 25, true, (ap_q_mode)5, (ap_o_mode)3, 0> const&)' (C:/Xilinx/Vitis_HLS/2022.2/common/technology/autopilot\ap_fixed_base.h:808:9)
INFO: [HLS 214-131] Inlining function 'ap_fixed_base<48, 24, true, (ap_q_mode)5, (ap_o_mode)3, 0>::RType<48, 24, true>::plus ap_fixed_base<48, 24, true, (ap_q_mode)5, (ap_o_mode)3, 0>::operator+<48, 24, true, (ap_q_mode)5, (ap_o_mode)3, 0>(ap_fixed_base<48, 24, true, (ap_q_mode)5, (ap_o_mode)3, 0> const&) const' into 'ap_fixed_base<48, 24, true, (ap_q_mode)5, (ap_o_mode)3, 0>& ap_fixed_base<48, 24, true, (ap_q_mode)5, (ap_o_mode)3, 0>::operator+=<48, 24, true, (ap_q_mode)5, (ap_o_mode)3, 0>(ap_fixed_base<48, 24, true, (ap_q_mode)5, (ap_o_mode)3, 0> const&)' (C:/Xilinx/Vitis_HLS/2022.2/common/technology/autopilot\ap_fixed_base.h:1367:248)
INFO: [HLS 214-131] Inlining function 'ap_fixed_base<48, 24, true, (ap_q_mode)5, (ap_o_mode)3, 0>& ap_fixed_base<48, 24, true, (ap_q_mode)5, (ap_o_mode)3, 0>::operator=<49, 25, true, (ap_q_mode)5, (ap_o_mode)3, 0>(ap_fixed_base<49, 25, true, (ap_q_mode)5, (ap_o_mode)3, 0> const&)' into 'ap_fixed_base<48, 24, true, (ap_q_mode)5, (ap_o_mode)3, 0>& ap_fixed_base<48, 24, true, (ap_q_mode)5, (ap_o_mode)3, 0>::operator+=<48, 24, true, (ap_q_mode)5, (ap_o_mode)3, 0>(ap_fixed_base<48, 24, true, (ap_q_mode)5, (ap_o_mode)3, 0> const&)' (C:/Xilinx/Vitis_HLS/2022.2/common/technology/autopilot\ap_fixed_base.h:1367:246)
INFO: [HLS 214-131] Inlining function 'doubleToRawBits(double)' into 'ap_fixed_base<32, 16, true, (ap_q_mode)5, (ap_o_mode)3, 0>::ap_fixed_base(double)' (C:/Xilinx/Vitis_HLS/2022.2/common/technology/autopilot\ap_fixed_base.h:545:14)
INFO: [HLS 214-131] Inlining function 'ap_int_base<54, true>& ap_int_base<54, true>::operator=<55, true>(ap_int_base<55, true> const&)' into 'ap_fixed_base<32, 16, true, (ap_q_mode)5, (ap_o_mode)3, 0>::ap_fixed_base(double)' (C:/Xilinx/Vitis_HLS/2022.2/common/technology/autopilot\ap_fixed_base.h:559:20)
INFO: [HLS 214-131] Inlining function 'ap_int_base<54, true>::operator-() const' into 'ap_fixed_base<32, 16, true, (ap_q_mode)5, (ap_o_mode)3, 0>::ap_fixed_base(double)' (C:/Xilinx/Vitis_HLS/2022.2/common/technology/autopilot\ap_fixed_base.h:559:22)
INFO: [HLS 214-131] Inlining function 'ap_int_base<12, true>& ap_int_base<12, true>::operator=<65, true>(ap_int_base<65, true> const&)' into 'ap_fixed_base<32, 16, true, (ap_q_mode)5, (ap_o_mode)3, 0>::ap_fixed_base(double)' (C:/Xilinx/Vitis_HLS/2022.2/common/technology/autopilot\ap_fixed_base.h:552:9)
INFO: [HLS 214-131] Inlining function 'ap_int_base<11, false>::RType<($_0)64, true>::minus operator-<11, false>(ap_int_base<11, false> const&, long)' into 'ap_fixed_base<32, 16, true, (ap_q_mode)5, (ap_o_mode)3, 0>::ap_fixed_base(double)' (C:/Xilinx/Vitis_HLS/2022.2/common/technology/autopilot\ap_fixed_base.h:552:19)
INFO: [HLS 214-131] Inlining function 'ap_fixed_base<32, 16, true, (ap_q_mode)5, (ap_o_mode)3, 0>::ap_fixed_base(float)' into 'ap_fixed<32, 16, (ap_q_mode)5, (ap_o_mode)3, 0>::ap_fixed(float)'
INFO: [HLS 214-131] Inlining function 'ap_fixed_base<32, 32, true, (ap_q_mode)5, (ap_o_mode)3, 0>::operator!() const' into 'ap_fixed_base<80, 40, true, (ap_q_mode)5, (ap_o_mode)3, 0>& ap_fixed_base<80, 40, true, (ap_q_mode)5, (ap_o_mode)3, 0>::operator=<32, 32, true, (ap_q_mode)5, (ap_o_mode)3, 0>(ap_fixed_base<32, 32, true, (ap_q_mode)5, (ap_o_mode)3, 0> const&)' (C:/Xilinx/Vitis_HLS/2022.2/common/technology/autopilot\ap_fixed_base.h:808:9)
INFO: [HLS 214-131] Inlining function 'ap_fixed_base<80, 40, true, (ap_q_mode)5, (ap_o_mode)3, 0>& ap_fixed_base<80, 40, true, (ap_q_mode)5, (ap_o_mode)3, 0>::operator=<32, 32, true, (ap_q_mode)5, (ap_o_mode)3, 0>(ap_fixed_base<32, 32, true, (ap_q_mode)5, (ap_o_mode)3, 0> const&)' into 'ap_fixed_base<80, 40, true, (ap_q_mode)5, (ap_o_mode)3, 0>::ap_fixed_base(int)' (C:/Xilinx/Vitis_HLS/2022.2/common/technology/autopilot\ap_fixed_base.h:530:146)
INFO: [HLS 214-131] Inlining function 'ap_fixed_base<80, 40, true, (ap_q_mode)5, (ap_o_mode)3, 0>::ap_fixed_base(int)' into 'ap_fixed_base<48, 24, true, (ap_q_mode)5, (ap_o_mode)3, 0>::RType<32, 16, true>::mult ap_fixed_base<48, 24, true, (ap_q_mode)5, (ap_o_mode)3, 0>::operator*<32, 16, true, (ap_q_mode)5, (ap_o_mode)3, 0>(ap_fixed_base<32, 16, true, (ap_q_mode)5, (ap_o_mode)3, 0> const&) const' (C:/Xilinx/Vitis_HLS/2022.2/common/technology/autopilot\ap_fixed_base.h:1270:55)
INFO: [HLS 214-131] Inlining function 'ap_fixed_base<80, 40, true, (ap_q_mode)5, (ap_o_mode)3, 0>::ap_fixed_base(int)' into 'ap_fixed_base<48, 24, true, (ap_q_mode)5, (ap_o_mode)3, 0>::RType<32, 16, true>::mult ap_fixed_base<48, 24, true, (ap_q_mode)5, (ap_o_mode)3, 0>::operator*<32, 16, true, (ap_q_mode)5, (ap_o_mode)3, 0>(ap_fixed_base<32, 16, true, (ap_q_mode)5, (ap_o_mode)3, 0> const&) const' (C:/Xilinx/Vitis_HLS/2022.2/common/technology/autopilot\ap_fixed_base.h:1270:61)
INFO: [HLS 214-131] Inlining function 'ap_fixed_base<80, 40, true, (ap_q_mode)5, (ap_o_mode)3, 0>::operator!() const' into 'ap_fixed_base<32, 16, true, (ap_q_mode)5, (ap_o_mode)3, 0>& ap_fixed_base<32, 16, true, (ap_q_mode)5, (ap_o_mode)3, 0>::operator=<80, 40, true, (ap_q_mode)5, (ap_o_mode)3, 0>(ap_fixed_base<80, 40, true, (ap_q_mode)5, (ap_o_mode)3, 0> const&)' (C:/Xilinx/Vitis_HLS/2022.2/common/technology/autopilot\ap_fixed_base.h:808:9)
INFO: [HLS 214-131] Inlining function 'ssdm_int<32, true>::ssdm_int(int)' into 'ap_fixed_base<32, 16, true, (ap_q_mode)5, (ap_o_mode)3, 0>::ap_fixed_base<80, 40, true, (ap_q_mode)5, (ap_o_mode)3, 0>(ap_fixed_base<80, 40, true, (ap_q_mode)5, (ap_o_mode)3, 0> const&)' (C:/Xilinx/Vitis_HLS/2022.2/common/technology/autopilot\ap_fixed_base.h:401:80)
INFO: [HLS 214-131] Inlining function 'ap_fixed_base<32, 16, true, (ap_q_mode)5, (ap_o_mode)3, 0>& ap_fixed_base<32, 16, true, (ap_q_mode)5, (ap_o_mode)3, 0>::operator=<80, 40, true, (ap_q_mode)5, (ap_o_mode)3, 0>(ap_fixed_base<80, 40, true, (ap_q_mode)5, (ap_o_mode)3, 0> const&)' into 'ap_fixed_base<32, 16, true, (ap_q_mode)5, (ap_o_mode)3, 0>::ap_fixed_base<80, 40, true, (ap_q_mode)5, (ap_o_mode)3, 0>(ap_fixed_base<80, 40, true, (ap_q_mode)5, (ap_o_mode)3, 0> const&)' (C:/Xilinx/Vitis_HLS/2022.2/common/technology/autopilot\ap_fixed_base.h:403:5)
INFO: [HLS 214-131] Inlining function 'ap_fixed_base<32, 16, true, (ap_q_mode)5, (ap_o_mode)3, 0>::ap_fixed_base<80, 40, true, (ap_q_mode)5, (ap_o_mode)3, 0>(ap_fixed_base<80, 40, true, (ap_q_mode)5, (ap_o_mode)3, 0> const&)' into 'ap_fixed<32, 16, (ap_q_mode)5, (ap_o_mode)3, 0>::ap_fixed<80, 40, true, (ap_q_mode)5, (ap_o_mode)3, 0>(ap_fixed_base<80, 40, true, (ap_q_mode)5, (ap_o_mode)3, 0> const&)'
INFO: [HLS 214-131] Inlining function 'ap_fixed_base<32, 32, true, (ap_q_mode)5, (ap_o_mode)3, 0>::operator!() const' into 'ap_fixed_base<33, 17, true, (ap_q_mode)5, (ap_o_mode)3, 0>& ap_fixed_base<33, 17, true, (ap_q_mode)5, (ap_o_mode)3, 0>::operator=<32, 32, true, (ap_q_mode)5, (ap_o_mode)3, 0>(ap_fixed_base<32, 32, true, (ap_q_mode)5, (ap_o_mode)3, 0> const&)' (C:/Xilinx/Vitis_HLS/2022.2/common/technology/autopilot\ap_fixed_base.h:808:9)
INFO: [HLS 214-131] Inlining function 'ap_fixed_base<33, 17, true, (ap_q_mode)5, (ap_o_mode)3, 0>& ap_fixed_base<33, 17, true, (ap_q_mode)5, (ap_o_mode)3, 0>::operator=<32, 32, true, (ap_q_mode)5, (ap_o_mode)3, 0>(ap_fixed_base<32, 32, true, (ap_q_mode)5, (ap_o_mode)3, 0> const&)' into 'ap_fixed_base<33, 17, true, (ap_q_mode)5, (ap_o_mode)3, 0>::ap_fixed_base(int)' (C:/Xilinx/Vitis_HLS/2022.2/common/technology/autopilot\ap_fixed_base.h:530:146)
INFO: [HLS 214-131] Inlining function 'ap_fixed_base<32, 16, true, (ap_q_mode)5, (ap_o_mode)3, 0>::operator!() const' into 'ap_fixed_base<33, 17, true, (ap_q_mode)5, (ap_o_mode)3, 0>& ap_fixed_base<33, 17, true, (ap_q_mode)5, (ap_o_mode)3, 0>::operator=<32, 16, true, (ap_q_mode)5, (ap_o_mode)3, 0>(ap_fixed_base<32, 16, true, (ap_q_mode)5, (ap_o_mode)3, 0> const&)' (C:/Xilinx/Vitis_HLS/2022.2/common/technology/autopilot\ap_fixed_base.h:808:9)
INFO: [HLS 214-131] Inlining function '_ZN8ssdm_intILi33ELb1EEC2EDq33_i' into 'ap_fixed_base<33, 17, true, (ap_q_mode)5, (ap_o_mode)3, 0>::ap_fixed_base<32, 16, true, (ap_q_mode)5, (ap_o_mode)3, 0>(ap_fixed_base<32, 16, true, (ap_q_mode)5, (ap_o_mode)3, 0> const&)' (C:/Xilinx/Vitis_HLS/2022.2/common/technology/autopilot\ap_fixed_base.h:401:80)
INFO: [HLS 214-131] Inlining function 'ap_fixed_base<33, 17, true, (ap_q_mode)5, (ap_o_mode)3, 0>& ap_fixed_base<33, 17, true, (ap_q_mode)5, (ap_o_mode)3, 0>::operator=<32, 16, true, (ap_q_mode)5, (ap_o_mode)3, 0>(ap_fixed_base<32, 16, true, (ap_q_mode)5, (ap_o_mode)3, 0> const&)' into 'ap_fixed_base<33, 17, true, (ap_q_mode)5, (ap_o_mode)3, 0>::ap_fixed_base<32, 16, true, (ap_q_mode)5, (ap_o_mode)3, 0>(ap_fixed_base<32, 16, true, (ap_q_mode)5, (ap_o_mode)3, 0> const&)' (C:/Xilinx/Vitis_HLS/2022.2/common/technology/autopilot\ap_fixed_base.h:403:5)
INFO: [HLS 214-131] Inlining function 'ap_fixed_base<33, 17, true, (ap_q_mode)5, (ap_o_mode)3, 0>::ap_fixed_base(int)' into 'ap_fixed_base<32, 16, true, (ap_q_mode)5, (ap_o_mode)3, 0>::RType<32, 16, true>::minus ap_fixed_base<32, 16, true, (ap_q_mode)5, (ap_o_mode)3, 0>::operator-<32, 16, true, (ap_q_mode)5, (ap_o_mode)3, 0>(ap_fixed_base<32, 16, true, (ap_q_mode)5, (ap_o_mode)3, 0> const&) const' (C:/Xilinx/Vitis_HLS/2022.2/common/technology/autopilot\ap_fixed_base.h:1348:327)
INFO: [HLS 214-131] Inlining function 'ap_fixed_base<33, 17, true, (ap_q_mode)5, (ap_o_mode)3, 0>::ap_fixed_base<32, 16, true, (ap_q_mode)5, (ap_o_mode)3, 0>(ap_fixed_base<32, 16, true, (ap_q_mode)5, (ap_o_mode)3, 0> const&)' into 'ap_fixed_base<32, 16, true, (ap_q_mode)5, (ap_o_mode)3, 0>::RType<32, 16, true>::minus ap_fixed_base<32, 16, true, (ap_q_mode)5, (ap_o_mode)3, 0>::operator-<32, 16, true, (ap_q_mode)5, (ap_o_mode)3, 0>(ap_fixed_base<32, 16, true, (ap_q_mode)5, (ap_o_mode)3, 0> const&) const' (C:/Xilinx/Vitis_HLS/2022.2/common/technology/autopilot\ap_fixed_base.h:1348:347)
INFO: [HLS 214-131] Inlining function 'ap_fixed_base<33, 17, true, (ap_q_mode)5, (ap_o_mode)3, 0>::ap_fixed_base<32, 16, true, (ap_q_mode)5, (ap_o_mode)3, 0>(ap_fixed_base<32, 16, true, (ap_q_mode)5, (ap_o_mode)3, 0> const&)' into 'ap_fixed_base<32, 16, true, (ap_q_mode)5, (ap_o_mode)3, 0>::RType<32, 16, true>::minus ap_fixed_base<32, 16, true, (ap_q_mode)5, (ap_o_mode)3, 0>::operator-<32, 16, true, (ap_q_mode)5, (ap_o_mode)3, 0>(ap_fixed_base<32, 16, true, (ap_q_mode)5, (ap_o_mode)3, 0> const&) const' (C:/Xilinx/Vitis_HLS/2022.2/common/technology/autopilot\ap_fixed_base.h:1348:335)
INFO: [HLS 214-131] Inlining function 'ap_fixed_base<33, 17, true, (ap_q_mode)5, (ap_o_mode)3, 0>::operator!() const' into 'ap_fixed_base<32, 16, true, (ap_q_mode)5, (ap_o_mode)3, 0>& ap_fixed_base<32, 16, true, (ap_q_mode)5, (ap_o_mode)3, 0>::operator=<33, 17, true, (ap_q_mode)5, (ap_o_mode)3, 0>(ap_fixed_base<33, 17, true, (ap_q_mode)5, (ap_o_mode)3, 0> const&)' (C:/Xilinx/Vitis_HLS/2022.2/common/technology/autopilot\ap_fixed_base.h:808:9)
INFO: [HLS 214-131] Inlining function 'ssdm_int<32, true>::ssdm_int(int)' into 'ap_fixed_base<32, 16, true, (ap_q_mode)5, (ap_o_mode)3, 0>::ap_fixed_base<33, 17, true, (ap_q_mode)5, (ap_o_mode)3, 0>(ap_fixed_base<33, 17, true, (ap_q_mode)5, (ap_o_mode)3, 0> const&)' (C:/Xilinx/Vitis_HLS/2022.2/common/technology/autopilot\ap_fixed_base.h:401:80)
INFO: [HLS 214-131] Inlining function 'ap_fixed_base<32, 16, true, (ap_q_mode)5, (ap_o_mode)3, 0>& ap_fixed_base<32, 16, true, (ap_q_mode)5, (ap_o_mode)3, 0>::operator=<33, 17, true, (ap_q_mode)5, (ap_o_mode)3, 0>(ap_fixed_base<33, 17, true, (ap_q_mode)5, (ap_o_mode)3, 0> const&)' into 'ap_fixed_base<32, 16, true, (ap_q_mode)5, (ap_o_mode)3, 0>::ap_fixed_base<33, 17, true, (ap_q_mode)5, (ap_o_mode)3, 0>(ap_fixed_base<33, 17, true, (ap_q_mode)5, (ap_o_mode)3, 0> const&)' (C:/Xilinx/Vitis_HLS/2022.2/common/technology/autopilot\ap_fixed_base.h:403:5)
INFO: [HLS 214-131] Inlining function 'ap_fixed_base<32, 16, true, (ap_q_mode)5, (ap_o_mode)3, 0>::ap_fixed_base<33, 17, true, (ap_q_mode)5, (ap_o_mode)3, 0>(ap_fixed_base<33, 17, true, (ap_q_mode)5, (ap_o_mode)3, 0> const&)' into 'ap_fixed<32, 16, (ap_q_mode)5, (ap_o_mode)3, 0>::ap_fixed<33, 17, true, (ap_q_mode)5, (ap_o_mode)3, 0>(ap_fixed_base<33, 17, true, (ap_q_mode)5, (ap_o_mode)3, 0> const&)'
INFO: [HLS 214-131] Inlining function 'ap_fixed_base<32, 32, true, (ap_q_mode)5, (ap_o_mode)3, 0>::operator!() const' into 'ap_fixed_base<96, 48, true, (ap_q_mode)5, (ap_o_mode)3, 0>& ap_fixed_base<96, 48, true, (ap_q_mode)5, (ap_o_mode)3, 0>::operator=<32, 32, true, (ap_q_mode)5, (ap_o_mode)3, 0>(ap_fixed_base<32, 32, true, (ap_q_mode)5, (ap_o_mode)3, 0> const&)' (C:/Xilinx/Vitis_HLS/2022.2/common/technology/autopilot\ap_fixed_base.h:808:9)
INFO: [HLS 214-131] Inlining function 'ap_fixed_base<96, 48, true, (ap_q_mode)5, (ap_o_mode)3, 0>& ap_fixed_base<96, 48, true, (ap_q_mode)5, (ap_o_mode)3, 0>::operator=<32, 32, true, (ap_q_mode)5, (ap_o_mode)3, 0>(ap_fixed_base<32, 32, true, (ap_q_mode)5, (ap_o_mode)3, 0> const&)' into 'ap_fixed_base<96, 48, true, (ap_q_mode)5, (ap_o_mode)3, 0>::ap_fixed_base(int)' (C:/Xilinx/Vitis_HLS/2022.2/common/technology/autopilot\ap_fixed_base.h:530:146)
INFO: [HLS 214-131] Inlining function 'ap_fixed_base<96, 48, true, (ap_q_mode)5, (ap_o_mode)3, 0>::ap_fixed_base(int)' into 'ap_fixed_base<48, 24, true, (ap_q_mode)5, (ap_o_mode)3, 0>::RType<48, 24, true>::mult ap_fixed_base<48, 24, true, (ap_q_mode)5, (ap_o_mode)3, 0>::operator*<48, 24, true, (ap_q_mode)5, (ap_o_mode)3, 0>(ap_fixed_base<48, 24, true, (ap_q_mode)5, (ap_o_mode)3, 0> const&) const' (C:/Xilinx/Vitis_HLS/2022.2/common/technology/autopilot\ap_fixed_base.h:1270:55)
INFO: [HLS 214-131] Inlining function 'ap_fixed_base<96, 48, true, (ap_q_mode)5, (ap_o_mode)3, 0>::ap_fixed_base(int)' into 'ap_fixed_base<48, 24, true, (ap_q_mode)5, (ap_o_mode)3, 0>::RType<48, 24, true>::mult ap_fixed_base<48, 24, true, (ap_q_mode)5, (ap_o_mode)3, 0>::operator*<48, 24, true, (ap_q_mode)5, (ap_o_mode)3, 0>(ap_fixed_base<48, 24, true, (ap_q_mode)5, (ap_o_mode)3, 0> const&) const' (C:/Xilinx/Vitis_HLS/2022.2/common/technology/autopilot\ap_fixed_base.h:1270:61)
INFO: [HLS 214-131] Inlining function 'ap_fixed_base<32, 32, true, (ap_q_mode)5, (ap_o_mode)3, 0>::operator!() const' into 'ap_fixed_base<97, 49, true, (ap_q_mode)5, (ap_o_mode)3, 0>& ap_fixed_base<97, 49, true, (ap_q_mode)5, (ap_o_mode)3, 0>::operator=<32, 32, true, (ap_q_mode)5, (ap_o_mode)3, 0>(ap_fixed_base<32, 32, true, (ap_q_mode)5, (ap_o_mode)3, 0> const&)' (C:/Xilinx/Vitis_HLS/2022.2/common/technology/autopilot\ap_fixed_base.h:808:9)
INFO: [HLS 214-131] Inlining function 'ap_fixed_base<97, 49, true, (ap_q_mode)5, (ap_o_mode)3, 0>& ap_fixed_base<97, 49, true, (ap_q_mode)5, (ap_o_mode)3, 0>::operator=<32, 32, true, (ap_q_mode)5, (ap_o_mode)3, 0>(ap_fixed_base<32, 32, true, (ap_q_mode)5, (ap_o_mode)3, 0> const&)' into 'ap_fixed_base<97, 49, true, (ap_q_mode)5, (ap_o_mode)3, 0>::ap_fixed_base(int)' (C:/Xilinx/Vitis_HLS/2022.2/common/technology/autopilot\ap_fixed_base.h:530:146)
INFO: [HLS 214-131] Inlining function 'ap_fixed_base<48, 24, true, (ap_q_mode)5, (ap_o_mode)3, 0>::operator!() const' into 'ap_fixed_base<97, 49, true, (ap_q_mode)5, (ap_o_mode)3, 0>& ap_fixed_base<97, 49, true, (ap_q_mode)5, (ap_o_mode)3, 0>::operator=<48, 24, true, (ap_q_mode)5, (ap_o_mode)3, 0>(ap_fixed_base<48, 24, true, (ap_q_mode)5, (ap_o_mode)3, 0> const&)' (C:/Xilinx/Vitis_HLS/2022.2/common/technology/autopilot\ap_fixed_base.h:808:9)
INFO: [HLS 214-131] Inlining function '_ZN8ssdm_intILi97ELb1EEC2EDq97_i' into 'ap_fixed_base<97, 49, true, (ap_q_mode)5, (ap_o_mode)3, 0>::ap_fixed_base<48, 24, true, (ap_q_mode)5, (ap_o_mode)3, 0>(ap_fixed_base<48, 24, true, (ap_q_mode)5, (ap_o_mode)3, 0> const&)' (C:/Xilinx/Vitis_HLS/2022.2/common/technology/autopilot\ap_fixed_base.h:401:80)
INFO: [HLS 214-131] Inlining function 'ap_fixed_base<97, 49, true, (ap_q_mode)5, (ap_o_mode)3, 0>& ap_fixed_base<97, 49, true, (ap_q_mode)5, (ap_o_mode)3, 0>::operator=<48, 24, true, (ap_q_mode)5, (ap_o_mode)3, 0>(ap_fixed_base<48, 24, true, (ap_q_mode)5, (ap_o_mode)3, 0> const&)' into 'ap_fixed_base<97, 49, true, (ap_q_mode)5, (ap_o_mode)3, 0>::ap_fixed_base<48, 24, true, (ap_q_mode)5, (ap_o_mode)3, 0>(ap_fixed_base<48, 24, true, (ap_q_mode)5, (ap_o_mode)3, 0> const&)' (C:/Xilinx/Vitis_HLS/2022.2/common/technology/autopilot\ap_fixed_base.h:403:5)
INFO: [HLS 214-131] Inlining function 'ap_fixed_base<96, 48, true, (ap_q_mode)5, (ap_o_mode)3, 0>::operator!() const' into 'ap_fixed_base<97, 49, true, (ap_q_mode)5, (ap_o_mode)3, 0>& ap_fixed_base<97, 49, true, (ap_q_mode)5, (ap_o_mode)3, 0>::operator=<96, 48, true, (ap_q_mode)5, (ap_o_mode)3, 0>(ap_fixed_base<96, 48, true, (ap_q_mode)5, (ap_o_mode)3, 0> const&)' (C:/Xilinx/Vitis_HLS/2022.2/common/technology/autopilot\ap_fixed_base.h:808:9)
INFO: [HLS 214-131] Inlining function '_ZN8ssdm_intILi97ELb1EEC2EDq97_i' into 'ap_fixed_base<97, 49, true, (ap_q_mode)5, (ap_o_mode)3, 0>::ap_fixed_base<96, 48, true, (ap_q_mode)5, (ap_o_mode)3, 0>(ap_fixed_base<96, 48, true, (ap_q_mode)5, (ap_o_mode)3, 0> const&)' (C:/Xilinx/Vitis_HLS/2022.2/common/technology/autopilot\ap_fixed_base.h:401:80)
INFO: [HLS 214-131] Inlining function 'ap_fixed_base<97, 49, true, (ap_q_mode)5, (ap_o_mode)3, 0>& ap_fixed_base<97, 49, true, (ap_q_mode)5, (ap_o_mode)3, 0>::operator=<96, 48, true, (ap_q_mode)5, (ap_o_mode)3, 0>(ap_fixed_base<96, 48, true, (ap_q_mode)5, (ap_o_mode)3, 0> const&)' into 'ap_fixed_base<97, 49, true, (ap_q_mode)5, (ap_o_mode)3, 0>::ap_fixed_base<96, 48, true, (ap_q_mode)5, (ap_o_mode)3, 0>(ap_fixed_base<96, 48, true, (ap_q_mode)5, (ap_o_mode)3, 0> const&)' (C:/Xilinx/Vitis_HLS/2022.2/common/technology/autopilot\ap_fixed_base.h:403:5)
INFO: [HLS 214-131] Inlining function 'ap_fixed_base<97, 49, true, (ap_q_mode)5, (ap_o_mode)3, 0>::ap_fixed_base(int)' into 'ap_fixed_base<48, 24, true, (ap_q_mode)5, (ap_o_mode)3, 0>::RType<96, 48, true>::plus ap_fixed_base<48, 24, true, (ap_q_mode)5, (ap_o_mode)3, 0>::operator+<96, 48, true, (ap_q_mode)5, (ap_o_mode)3, 0>(ap_fixed_base<96, 48, true, (ap_q_mode)5, (ap_o_mode)3, 0> const&) const' (C:/Xilinx/Vitis_HLS/2022.2/common/technology/autopilot\ap_fixed_base.h:1347:325)
INFO: [HLS 214-131] Inlining function 'ap_fixed_base<97, 49, true, (ap_q_mode)5, (ap_o_mode)3, 0>::ap_fixed_base<96, 48, true, (ap_q_mode)5, (ap_o_mode)3, 0>(ap_fixed_base<96, 48, true, (ap_q_mode)5, (ap_o_mode)3, 0> const&)' into 'ap_fixed_base<48, 24, true, (ap_q_mode)5, (ap_o_mode)3, 0>::RType<96, 48, true>::plus ap_fixed_base<48, 24, true, (ap_q_mode)5, (ap_o_mode)3, 0>::operator+<96, 48, true, (ap_q_mode)5, (ap_o_mode)3, 0>(ap_fixed_base<96, 48, true, (ap_q_mode)5, (ap_o_mode)3, 0> const&) const' (C:/Xilinx/Vitis_HLS/2022.2/common/technology/autopilot\ap_fixed_base.h:1347:345)
INFO: [HLS 214-131] Inlining function 'ap_fixed_base<97, 49, true, (ap_q_mode)5, (ap_o_mode)3, 0>::ap_fixed_base<48, 24, true, (ap_q_mode)5, (ap_o_mode)3, 0>(ap_fixed_base<48, 24, true, (ap_q_mode)5, (ap_o_mode)3, 0> const&)' into 'ap_fixed_base<48, 24, true, (ap_q_mode)5, (ap_o_mode)3, 0>::RType<96, 48, true>::plus ap_fixed_base<48, 24, true, (ap_q_mode)5, (ap_o_mode)3, 0>::operator+<96, 48, true, (ap_q_mode)5, (ap_o_mode)3, 0>(ap_fixed_base<96, 48, true, (ap_q_mode)5, (ap_o_mode)3, 0> const&) const' (C:/Xilinx/Vitis_HLS/2022.2/common/technology/autopilot\ap_fixed_base.h:1347:333)
INFO: [HLS 214-131] Inlining function 'ap_fixed_base<97, 49, true, (ap_q_mode)5, (ap_o_mode)3, 0>::operator!() const' into 'ap_fixed_base<48, 24, true, (ap_q_mode)5, (ap_o_mode)3, 0>& ap_fixed_base<48, 24, true, (ap_q_mode)5, (ap_o_mode)3, 0>::operator=<97, 49, true, (ap_q_mode)5, (ap_o_mode)3, 0>(ap_fixed_base<97, 49, true, (ap_q_mode)5, (ap_o_mode)3, 0> const&)' (C:/Xilinx/Vitis_HLS/2022.2/common/technology/autopilot\ap_fixed_base.h:808:9)
INFO: [HLS 214-131] Inlining function 'ap_fixed_base<48, 24, true, (ap_q_mode)5, (ap_o_mode)3, 0>::RType<96, 48, true>::plus ap_fixed_base<48, 24, true, (ap_q_mode)5, (ap_o_mode)3, 0>::operator+<96, 48, true, (ap_q_mode)5, (ap_o_mode)3, 0>(ap_fixed_base<96, 48, true, (ap_q_mode)5, (ap_o_mode)3, 0> const&) const' into 'ap_fixed_base<48, 24, true, (ap_q_mode)5, (ap_o_mode)3, 0>& ap_fixed_base<48, 24, true, (ap_q_mode)5, (ap_o_mode)3, 0>::operator+=<96, 48, true, (ap_q_mode)5, (ap_o_mode)3, 0>(ap_fixed_base<96, 48, true, (ap_q_mode)5, (ap_o_mode)3, 0> const&)' (C:/Xilinx/Vitis_HLS/2022.2/common/technology/autopilot\ap_fixed_base.h:1367:248)
INFO: [HLS 214-131] Inlining function 'ap_fixed_base<48, 24, true, (ap_q_mode)5, (ap_o_mode)3, 0>& ap_fixed_base<48, 24, true, (ap_q_mode)5, (ap_o_mode)3, 0>::operator=<97, 49, true, (ap_q_mode)5, (ap_o_mode)3, 0>(ap_fixed_base<97, 49, true, (ap_q_mode)5, (ap_o_mode)3, 0> const&)' into 'ap_fixed_base<48, 24, true, (ap_q_mode)5, (ap_o_mode)3, 0>& ap_fixed_base<48, 24, true, (ap_q_mode)5, (ap_o_mode)3, 0>::operator+=<96, 48, true, (ap_q_mode)5, (ap_o_mode)3, 0>(ap_fixed_base<96, 48, true, (ap_q_mode)5, (ap_o_mode)3, 0> const&)' (C:/Xilinx/Vitis_HLS/2022.2/common/technology/autopilot\ap_fixed_base.h:1367:246)
INFO: [HLS 214-131] Inlining function 'ssdm_int<32, false>::ssdm_int(unsigned int)' into 'ap_int_base<32, false>::ap_int_base(unsigned long)' (C:/Xilinx/Vitis_HLS/2022.2/common/technology/autopilot\ap_int_base.h:217:77)
INFO: [HLS 214-131] Inlining function 'ap_int_base<32, false>::ap_int_base(unsigned long)' into 'ap_int_base<32, false>::countLeadingZeros() const' (C:/Xilinx/Vitis_HLS/2022.2/common/technology/autopilot\ap_int_base.h:1196:30)
INFO: [HLS 214-131] Inlining function 'ap_int_base<32, false>::countLeadingZeros() const' into 'ap_fixed_base<32, 16, true, (ap_q_mode)5, (ap_o_mode)3, 0>::to_float() const' (C:/Xilinx/Vitis_HLS/2022.2/common/technology/autopilot\ap_fixed_base.h:1097:17)
INFO: [HLS 214-131] Inlining function 'rawBitsToFloat(unsigned long)' into 'ap_fixed_base<32, 16, true, (ap_q_mode)5, (ap_o_mode)3, 0>::to_float() const' (C:/Xilinx/Vitis_HLS/2022.2/common/technology/autopilot\ap_fixed_base.h:1126:12)
INFO: [HLS 214-131] Inlining function 'ap_fixed_base<32, 16, true, (ap_q_mode)5, (ap_o_mode)3, 0>::to_float() const' into 'ap_fixed_base<32, 16, true, (ap_q_mode)5, (ap_o_mode)3, 0>::operator float() const' (C:/Xilinx/Vitis_HLS/2022.2/common/technology/autopilot\ap_fixed_base.h:1181:73)
INFO: [HLS 214-131] Inlining function 'ap_fixed_base<33, 17, true, (ap_q_mode)5, (ap_o_mode)3, 0>::ap_fixed_base(int)' into 'ap_fixed_base<32, 16, true, (ap_q_mode)5, (ap_o_mode)3, 0>::RType<32, 16, true>::plus ap_fixed_base<32, 16, true, (ap_q_mode)5, (ap_o_mode)3, 0>::operator+<32, 16, true, (ap_q_mode)5, (ap_o_mode)3, 0>(ap_fixed_base<32, 16, true, (ap_q_mode)5, (ap_o_mode)3, 0> const&) const' (C:/Xilinx/Vitis_HLS/2022.2/common/technology/autopilot\ap_fixed_base.h:1347:325)
INFO: [HLS 214-131] Inlining function 'ap_fixed_base<33, 17, true, (ap_q_mode)5, (ap_o_mode)3, 0>::ap_fixed_base<32, 16, true, (ap_q_mode)5, (ap_o_mode)3, 0>(ap_fixed_base<32, 16, true, (ap_q_mode)5, (ap_o_mode)3, 0> const&)' into 'ap_fixed_base<32, 16, true, (ap_q_mode)5, (ap_o_mode)3, 0>::RType<32, 16, true>::plus ap_fixed_base<32, 16, true, (ap_q_mode)5, (ap_o_mode)3, 0>::operator+<32, 16, true, (ap_q_mode)5, (ap_o_mode)3, 0>(ap_fixed_base<32, 16, true, (ap_q_mode)5, (ap_o_mode)3, 0> const&) const' (C:/Xilinx/Vitis_HLS/2022.2/common/technology/autopilot\ap_fixed_base.h:1347:345)
INFO: [HLS 214-131] Inlining function 'ap_fixed_base<33, 17, true, (ap_q_mode)5, (ap_o_mode)3, 0>::ap_fixed_base<32, 16, true, (ap_q_mode)5, (ap_o_mode)3, 0>(ap_fixed_base<32, 16, true, (ap_q_mode)5, (ap_o_mode)3, 0> const&)' into 'ap_fixed_base<32, 16, true, (ap_q_mode)5, (ap_o_mode)3, 0>::RType<32, 16, true>::plus ap_fixed_base<32, 16, true, (ap_q_mode)5, (ap_o_mode)3, 0>::operator+<32, 16, true, (ap_q_mode)5, (ap_o_mode)3, 0>(ap_fixed_base<32, 16, true, (ap_q_mode)5, (ap_o_mode)3, 0> const&) const' (C:/Xilinx/Vitis_HLS/2022.2/common/technology/autopilot\ap_fixed_base.h:1347:333)
INFO: [HLS 214-131] Inlining function 'ap_fixed_base<32, 16, true, (ap_q_mode)5, (ap_o_mode)3, 0>::operator!() const' into 'ap_fixed_base<48, 16, true, (ap_q_mode)5, (ap_o_mode)3, 0>& ap_fixed_base<48, 16, true, (ap_q_mode)5, (ap_o_mode)3, 0>::operator=<32, 16, true, (ap_q_mode)5, (ap_o_mode)3, 0>(ap_fixed_base<32, 16, true, (ap_q_mode)5, (ap_o_mode)3, 0> const&)' (C:/Xilinx/Vitis_HLS/2022.2/common/technology/autopilot\ap_fixed_base.h:808:9)
INFO: [HLS 214-131] Inlining function '_ZN8ssdm_intILi48ELb1EEC2EDq48_i' into 'ap_fixed_base<48, 16, true, (ap_q_mode)5, (ap_o_mode)3, 0>::ap_fixed_base<32, 16, true, (ap_q_mode)5, (ap_o_mode)3, 0>(ap_fixed_base<32, 16, true, (ap_q_mode)5, (ap_o_mode)3, 0> const&)' (C:/Xilinx/Vitis_HLS/2022.2/common/technology/autopilot\ap_fixed_base.h:401:80)
INFO: [HLS 214-131] Inlining function 'ap_fixed_base<48, 16, true, (ap_q_mode)5, (ap_o_mode)3, 0>& ap_fixed_base<48, 16, true, (ap_q_mode)5, (ap_o_mode)3, 0>::operator=<32, 16, true, (ap_q_mode)5, (ap_o_mode)3, 0>(ap_fixed_base<32, 16, true, (ap_q_mode)5, (ap_o_mode)3, 0> const&)' into 'ap_fixed_base<48, 16, true, (ap_q_mode)5, (ap_o_mode)3, 0>::ap_fixed_base<32, 16, true, (ap_q_mode)5, (ap_o_mode)3, 0>(ap_fixed_base<32, 16, true, (ap_q_mode)5, (ap_o_mode)3, 0> const&)' (C:/Xilinx/Vitis_HLS/2022.2/common/technology/autopilot\ap_fixed_base.h:403:5)
INFO: [HLS 214-131] Inlining function 'ap_fixed_base<48, 16, true, (ap_q_mode)5, (ap_o_mode)3, 0>::ap_fixed_base<32, 16, true, (ap_q_mode)5, (ap_o_mode)3, 0>(ap_fixed_base<32, 16, true, (ap_q_mode)5, (ap_o_mode)3, 0> const&)' into 'ap_fixed_base<32, 16, true, (ap_q_mode)5, (ap_o_mode)3, 0>::RType<32, 16, true>::div ap_fixed_base<32, 16, true, (ap_q_mode)5, (ap_o_mode)3, 0>::operator/<32, 16, true, (ap_q_mode)5, (ap_o_mode)3, 0>(ap_fixed_base<32, 16, true, (ap_q_mode)5, (ap_o_mode)3, 0> const&) const' (C:/Xilinx/Vitis_HLS/2022.2/common/technology/autopilot\ap_fixed_base.h:1299:97)
INFO: [HLS 214-131] Inlining function 'ap_fixed_base<49, 33, true, (ap_q_mode)5, (ap_o_mode)3, 0>::operator!() const' into 'ap_fixed_base<32, 16, true, (ap_q_mode)5, (ap_o_mode)3, 0>& ap_fixed_base<32, 16, true, (ap_q_mode)5, (ap_o_mode)3, 0>::operator=<49, 33, true, (ap_q_mode)5, (ap_o_mode)3, 0>(ap_fixed_base<49, 33, true, (ap_q_mode)5, (ap_o_mode)3, 0> const&)' (C:/Xilinx/Vitis_HLS/2022.2/common/technology/autopilot\ap_fixed_base.h:808:9)
INFO: [HLS 214-131] Inlining function 'ssdm_int<32, true>::ssdm_int(int)' into 'ap_fixed_base<32, 16, true, (ap_q_mode)5, (ap_o_mode)3, 0>::ap_fixed_base<49, 33, true, (ap_q_mode)5, (ap_o_mode)3, 0>(ap_fixed_base<49, 33, true, (ap_q_mode)5, (ap_o_mode)3, 0> const&)' (C:/Xilinx/Vitis_HLS/2022.2/common/technology/autopilot\ap_fixed_base.h:401:80)
INFO: [HLS 214-131] Inlining function 'ap_fixed_base<32, 16, true, (ap_q_mode)5, (ap_o_mode)3, 0>& ap_fixed_base<32, 16, true, (ap_q_mode)5, (ap_o_mode)3, 0>::operator=<49, 33, true, (ap_q_mode)5, (ap_o_mode)3, 0>(ap_fixed_base<49, 33, true, (ap_q_mode)5, (ap_o_mode)3, 0> const&)' into 'ap_fixed_base<32, 16, true, (ap_q_mode)5, (ap_o_mode)3, 0>::ap_fixed_base<49, 33, true, (ap_q_mode)5, (ap_o_mode)3, 0>(ap_fixed_base<49, 33, true, (ap_q_mode)5, (ap_o_mode)3, 0> const&)' (C:/Xilinx/Vitis_HLS/2022.2/common/technology/autopilot\ap_fixed_base.h:403:5)
INFO: [HLS 214-131] Inlining function 'ap_fixed_base<32, 16, true, (ap_q_mode)5, (ap_o_mode)3, 0>::ap_fixed_base<49, 33, true, (ap_q_mode)5, (ap_o_mode)3, 0>(ap_fixed_base<49, 33, true, (ap_q_mode)5, (ap_o_mode)3, 0> const&)' into 'ap_fixed<32, 16, (ap_q_mode)5, (ap_o_mode)3, 0>::ap_fixed<49, 33, true, (ap_q_mode)5, (ap_o_mode)3, 0>(ap_fixed_base<49, 33, true, (ap_q_mode)5, (ap_o_mode)3, 0> const&)'
INFO: [HLS 214-131] Inlining function 'ap_fixed_base<32, 32, true, (ap_q_mode)5, (ap_o_mode)3, 0>::operator!() const' into 'ap_fixed_base<65, 33, true, (ap_q_mode)5, (ap_o_mode)3, 0>& ap_fixed_base<65, 33, true, (ap_q_mode)5, (ap_o_mode)3, 0>::operator=<32, 32, true, (ap_q_mode)5, (ap_o_mode)3, 0>(ap_fixed_base<32, 32, true, (ap_q_mode)5, (ap_o_mode)3, 0> const&)' (C:/Xilinx/Vitis_HLS/2022.2/common/technology/autopilot\ap_fixed_base.h:808:9)
INFO: [HLS 214-131] Inlining function 'ap_fixed_base<65, 33, true, (ap_q_mode)5, (ap_o_mode)3, 0>& ap_fixed_base<65, 33, true, (ap_q_mode)5, (ap_o_mode)3, 0>::operator=<32, 32, true, (ap_q_mode)5, (ap_o_mode)3, 0>(ap_fixed_base<32, 32, true, (ap_q_mode)5, (ap_o_mode)3, 0> const&)' into 'ap_fixed_base<65, 33, true, (ap_q_mode)5, (ap_o_mode)3, 0>::ap_fixed_base(int)' (C:/Xilinx/Vitis_HLS/2022.2/common/technology/autopilot\ap_fixed_base.h:530:146)
INFO: [HLS 214-131] Inlining function 'ap_fixed_base<65, 33, true, (ap_q_mode)5, (ap_o_mode)3, 0>::ap_fixed_base(int)' into 'ap_fixed_base<33, 17, true, (ap_q_mode)5, (ap_o_mode)3, 0>::RType<32, 16, true>::mult ap_fixed_base<33, 17, true, (ap_q_mode)5, (ap_o_mode)3, 0>::operator*<32, 16, true, (ap_q_mode)5, (ap_o_mode)3, 0>(ap_fixed_base<32, 16, true, (ap_q_mode)5, (ap_o_mode)3, 0> const&) const' (C:/Xilinx/Vitis_HLS/2022.2/common/technology/autopilot\ap_fixed_base.h:1270:55)
INFO: [HLS 214-131] Inlining function 'ap_fixed_base<65, 33, true, (ap_q_mode)5, (ap_o_mode)3, 0>::ap_fixed_base(int)' into 'ap_fixed_base<33, 17, true, (ap_q_mode)5, (ap_o_mode)3, 0>::RType<32, 16, true>::mult ap_fixed_base<33, 17, true, (ap_q_mode)5, (ap_o_mode)3, 0>::operator*<32, 16, true, (ap_q_mode)5, (ap_o_mode)3, 0>(ap_fixed_base<32, 16, true, (ap_q_mode)5, (ap_o_mode)3, 0> const&) const' (C:/Xilinx/Vitis_HLS/2022.2/common/technology/autopilot\ap_fixed_base.h:1270:61)
INFO: [HLS 214-131] Inlining function 'ap_fixed_base<65, 33, true, (ap_q_mode)5, (ap_o_mode)3, 0>::operator!() const' into 'ap_fixed_base<32, 16, true, (ap_q_mode)5, (ap_o_mode)3, 0>& ap_fixed_base<32, 16, true, (ap_q_mode)5, (ap_o_mode)3, 0>::operator=<65, 33, true, (ap_q_mode)5, (ap_o_mode)3, 0>(ap_fixed_base<65, 33, true, (ap_q_mode)5, (ap_o_mode)3, 0> const&)' (C:/Xilinx/Vitis_HLS/2022.2/common/technology/autopilot\ap_fixed_base.h:808:9)
INFO: [HLS 214-131] Inlining function 'ssdm_int<32, true>::ssdm_int(int)' into 'ap_fixed_base<32, 16, true, (ap_q_mode)5, (ap_o_mode)3, 0>::ap_fixed_base<65, 33, true, (ap_q_mode)5, (ap_o_mode)3, 0>(ap_fixed_base<65, 33, true, (ap_q_mode)5, (ap_o_mode)3, 0> const&)' (C:/Xilinx/Vitis_HLS/2022.2/common/technology/autopilot\ap_fixed_base.h:401:80)
INFO: [HLS 214-131] Inlining function 'ap_fixed_base<32, 16, true, (ap_q_mode)5, (ap_o_mode)3, 0>& ap_fixed_base<32, 16, true, (ap_q_mode)5, (ap_o_mode)3, 0>::operator=<65, 33, true, (ap_q_mode)5, (ap_o_mode)3, 0>(ap_fixed_base<65, 33, true, (ap_q_mode)5, (ap_o_mode)3, 0> const&)' into 'ap_fixed_base<32, 16, true, (ap_q_mode)5, (ap_o_mode)3, 0>::ap_fixed_base<65, 33, true, (ap_q_mode)5, (ap_o_mode)3, 0>(ap_fixed_base<65, 33, true, (ap_q_mode)5, (ap_o_mode)3, 0> const&)' (C:/Xilinx/Vitis_HLS/2022.2/common/technology/autopilot\ap_fixed_base.h:403:5)
INFO: [HLS 214-131] Inlining function 'ap_fixed_base<32, 16, true, (ap_q_mode)5, (ap_o_mode)3, 0>::ap_fixed_base<65, 33, true, (ap_q_mode)5, (ap_o_mode)3, 0>(ap_fixed_base<65, 33, true, (ap_q_mode)5, (ap_o_mode)3, 0> const&)' into 'ap_fixed<32, 16, (ap_q_mode)5, (ap_o_mode)3, 0>::ap_fixed<65, 33, true, (ap_q_mode)5, (ap_o_mode)3, 0>(ap_fixed_base<65, 33, true, (ap_q_mode)5, (ap_o_mode)3, 0> const&)'
INFO: [HLS 214-131] Inlining function 'ap_fixed_base<32, 32, true, (ap_q_mode)5, (ap_o_mode)3, 0>::operator!() const' into 'ap_fixed_base<32, 16, true, (ap_q_mode)5, (ap_o_mode)3, 0>& ap_fixed_base<32, 16, true, (ap_q_mode)5, (ap_o_mode)3, 0>::operator=<32, 32, true, (ap_q_mode)5, (ap_o_mode)3, 0>(ap_fixed_base<32, 32, true, (ap_q_mode)5, (ap_o_mode)3, 0> const&)' (C:/Xilinx/Vitis_HLS/2022.2/common/technology/autopilot\ap_fixed_base.h:808:9)
INFO: [HLS 214-131] Inlining function 'ap_fixed_base<32, 16, true, (ap_q_mode)5, (ap_o_mode)3, 0>& ap_fixed_base<32, 16, true, (ap_q_mode)5, (ap_o_mode)3, 0>::operator=<32, 32, true, (ap_q_mode)5, (ap_o_mode)3, 0>(ap_fixed_base<32, 32, true, (ap_q_mode)5, (ap_o_mode)3, 0> const&)' into 'ap_fixed_base<32, 16, true, (ap_q_mode)5, (ap_o_mode)3, 0>::ap_fixed_base(int)' (C:/Xilinx/Vitis_HLS/2022.2/common/technology/autopilot\ap_fixed_base.h:530:146)
INFO: [HLS 214-131] Inlining function 'ap_fixed_base<32, 16, true, (ap_q_mode)5, (ap_o_mode)3, 0>::ap_fixed_base(int)' into 'ap_fixed<32, 16, (ap_q_mode)5, (ap_o_mode)3, 0>::ap_fixed(int)'
INFO: [HLS 214-131] Inlining function 'ap_fixed_base<8, 4, true, (ap_q_mode)5, (ap_o_mode)3, 0>::operator!() const' into 'ap_fixed_base<48, 24, true, (ap_q_mode)5, (ap_o_mode)3, 0>& ap_fixed_base<48, 24, true, (ap_q_mode)5, (ap_o_mode)3, 0>::operator=<8, 4, true, (ap_q_mode)5, (ap_o_mode)3, 0>(ap_fixed_base<8, 4, true, (ap_q_mode)5, (ap_o_mode)3, 0> const&)' (C:/Xilinx/Vitis_HLS/2022.2/common/technology/autopilot\ap_fixed_base.h:808:9)
INFO: [HLS 214-131] Inlining function '_ZN8ssdm_intILi48ELb1EEC2EDq48_i' into 'ap_fixed_base<48, 24, true, (ap_q_mode)5, (ap_o_mode)3, 0>::ap_fixed_base<8, 4, true, (ap_q_mode)5, (ap_o_mode)3, 0>(ap_fixed_base<8, 4, true, (ap_q_mode)5, (ap_o_mode)3, 0> const&)' (C:/Xilinx/Vitis_HLS/2022.2/common/technology/autopilot\ap_fixed_base.h:401:80)
INFO: [HLS 214-131] Inlining function 'ap_fixed_base<48, 24, true, (ap_q_mode)5, (ap_o_mode)3, 0>& ap_fixed_base<48, 24, true, (ap_q_mode)5, (ap_o_mode)3, 0>::operator=<8, 4, true, (ap_q_mode)5, (ap_o_mode)3, 0>(ap_fixed_base<8, 4, true, (ap_q_mode)5, (ap_o_mode)3, 0> const&)' into 'ap_fixed_base<48, 24, true, (ap_q_mode)5, (ap_o_mode)3, 0>::ap_fixed_base<8, 4, true, (ap_q_mode)5, (ap_o_mode)3, 0>(ap_fixed_base<8, 4, true, (ap_q_mode)5, (ap_o_mode)3, 0> const&)' (C:/Xilinx/Vitis_HLS/2022.2/common/technology/autopilot\ap_fixed_base.h:403:5)
INFO: [HLS 214-131] Inlining function 'ap_fixed_base<48, 24, true, (ap_q_mode)5, (ap_o_mode)3, 0>::ap_fixed_base<8, 4, true, (ap_q_mode)5, (ap_o_mode)3, 0>(ap_fixed_base<8, 4, true, (ap_q_mode)5, (ap_o_mode)3, 0> const&)' into 'ap_fixed<48, 24, (ap_q_mode)5, (ap_o_mode)3, 0>::ap_fixed<8, 4, true, (ap_q_mode)5, (ap_o_mode)3, 0>(ap_fixed_base<8, 4, true, (ap_q_mode)5, (ap_o_mode)3, 0> const&)'
INFO: [HLS 214-131] Inlining function 'ap_fixed_base<48, 24, true, (ap_q_mode)5, (ap_o_mode)3, 0>::operator!() const' into 'ap_fixed_base<32, 16, true, (ap_q_mode)5, (ap_o_mode)3, 0>& ap_fixed_base<32, 16, true, (ap_q_mode)5, (ap_o_mode)3, 0>::operator=<48, 24, true, (ap_q_mode)5, (ap_o_mode)3, 0>(ap_fixed_base<48, 24, true, (ap_q_mode)5, (ap_o_mode)3, 0> const&)' (C:/Xilinx/Vitis_HLS/2022.2/common/technology/autopilot\ap_fixed_base.h:808:9)
INFO: [HLS 214-131] Inlining function 'ssdm_int<32, true>::ssdm_int(int)' into 'ap_fixed_base<32, 16, true, (ap_q_mode)5, (ap_o_mode)3, 0>::ap_fixed_base<48, 24, true, (ap_q_mode)5, (ap_o_mode)3, 0>(ap_fixed_base<48, 24, true, (ap_q_mode)5, (ap_o_mode)3, 0> const&)' (C:/Xilinx/Vitis_HLS/2022.2/common/technology/autopilot\ap_fixed_base.h:401:80)
INFO: [HLS 214-131] Inlining function 'ap_fixed_base<32, 16, true, (ap_q_mode)5, (ap_o_mode)3, 0>& ap_fixed_base<32, 16, true, (ap_q_mode)5, (ap_o_mode)3, 0>::operator=<48, 24, true, (ap_q_mode)5, (ap_o_mode)3, 0>(ap_fixed_base<48, 24, true, (ap_q_mode)5, (ap_o_mode)3, 0> const&)' into 'ap_fixed_base<32, 16, true, (ap_q_mode)5, (ap_o_mode)3, 0>::ap_fixed_base<48, 24, true, (ap_q_mode)5, (ap_o_mode)3, 0>(ap_fixed_base<48, 24, true, (ap_q_mode)5, (ap_o_mode)3, 0> const&)' (C:/Xilinx/Vitis_HLS/2022.2/common/technology/autopilot\ap_fixed_base.h:403:5)
INFO: [HLS 214-131] Inlining function 'ap_fixed_base<32, 16, true, (ap_q_mode)5, (ap_o_mode)3, 0>::ap_fixed_base<48, 24, true, (ap_q_mode)5, (ap_o_mode)3, 0>(ap_fixed_base<48, 24, true, (ap_q_mode)5, (ap_o_mode)3, 0> const&)' into 'ap_fixed<32, 16, (ap_q_mode)5, (ap_o_mode)3, 0>::ap_fixed<48, 24, true, (ap_q_mode)5, (ap_o_mode)3, 0>(ap_fixed_base<48, 24, true, (ap_q_mode)5, (ap_o_mode)3, 0> const&)'
INFO: [HLS 214-131] Inlining function 'bool ap_fixed_base<32, 16, true, (ap_q_mode)5, (ap_o_mode)3, 0>::operator><32, 16, true, (ap_q_mode)5, (ap_o_mode)3, 0>(ap_fixed_base<32, 16, true, (ap_q_mode)5, (ap_o_mode)3, 0> const&) const' into 'relu(ap_fixed<32, 16, (ap_q_mode)5, (ap_o_mode)3, 0>)' (C:/ecg_hls/include/ecg_types.h:62:15)
INFO: [HLS 214-131] Inlining function 'ap_fixed_base<48, 24, true, (ap_q_mode)5, (ap_o_mode)3, 0>::operator!() const' into 'ap_fixed_base<16, 8, true, (ap_q_mode)5, (ap_o_mode)3, 0>& ap_fixed_base<16, 8, true, (ap_q_mode)5, (ap_o_mode)3, 0>::operator=<48, 24, true, (ap_q_mode)5, (ap_o_mode)3, 0>(ap_fixed_base<48, 24, true, (ap_q_mode)5, (ap_o_mode)3, 0> const&)' (C:/Xilinx/Vitis_HLS/2022.2/common/technology/autopilot\ap_fixed_base.h:808:9)
INFO: [HLS 214-131] Inlining function 'ssdm_int<16, true>::ssdm_int(short)' into 'ap_fixed_base<16, 8, true, (ap_q_mode)5, (ap_o_mode)3, 0>::ap_fixed_base<48, 24, true, (ap_q_mode)5, (ap_o_mode)3, 0>(ap_fixed_base<48, 24, true, (ap_q_mode)5, (ap_o_mode)3, 0> const&)' (C:/Xilinx/Vitis_HLS/2022.2/common/technology/autopilot\ap_fixed_base.h:401:80)
INFO: [HLS 214-131] Inlining function 'ap_fixed_base<16, 8, true, (ap_q_mode)5, (ap_o_mode)3, 0>& ap_fixed_base<16, 8, true, (ap_q_mode)5, (ap_o_mode)3, 0>::operator=<48, 24, true, (ap_q_mode)5, (ap_o_mode)3, 0>(ap_fixed_base<48, 24, true, (ap_q_mode)5, (ap_o_mode)3, 0> const&)' into 'ap_fixed_base<16, 8, true, (ap_q_mode)5, (ap_o_mode)3, 0>::ap_fixed_base<48, 24, true, (ap_q_mode)5, (ap_o_mode)3, 0>(ap_fixed_base<48, 24, true, (ap_q_mode)5, (ap_o_mode)3, 0> const&)' (C:/Xilinx/Vitis_HLS/2022.2/common/technology/autopilot\ap_fixed_base.h:403:5)
INFO: [HLS 214-131] Inlining function 'ap_fixed_base<16, 8, true, (ap_q_mode)5, (ap_o_mode)3, 0>::ap_fixed_base<48, 24, true, (ap_q_mode)5, (ap_o_mode)3, 0>(ap_fixed_base<48, 24, true, (ap_q_mode)5, (ap_o_mode)3, 0> const&)' into 'ap_fixed<16, 8, (ap_q_mode)5, (ap_o_mode)3, 0>::ap_fixed<48, 24, true, (ap_q_mode)5, (ap_o_mode)3, 0>(ap_fixed_base<48, 24, true, (ap_q_mode)5, (ap_o_mode)3, 0> const&)'
INFO: [HLS 214-131] Inlining function 'ap_fixed_base<32, 32, true, (ap_q_mode)5, (ap_o_mode)3, 0>::operator!() const' into 'ap_fixed_base<16, 8, true, (ap_q_mode)5, (ap_o_mode)3, 0>& ap_fixed_base<16, 8, true, (ap_q_mode)5, (ap_o_mode)3, 0>::operator=<32, 32, true, (ap_q_mode)5, (ap_o_mode)3, 0>(ap_fixed_base<32, 32, true, (ap_q_mode)5, (ap_o_mode)3, 0> const&)' (C:/Xilinx/Vitis_HLS/2022.2/common/technology/autopilot\ap_fixed_base.h:808:9)
INFO: [HLS 214-131] Inlining function 'ap_fixed_base<16, 8, true, (ap_q_mode)5, (ap_o_mode)3, 0>& ap_fixed_base<16, 8, true, (ap_q_mode)5, (ap_o_mode)3, 0>::operator=<32, 32, true, (ap_q_mode)5, (ap_o_mode)3, 0>(ap_fixed_base<32, 32, true, (ap_q_mode)5, (ap_o_mode)3, 0> const&)' into 'ap_fixed_base<16, 8, true, (ap_q_mode)5, (ap_o_mode)3, 0>::ap_fixed_base(int)' (C:/Xilinx/Vitis_HLS/2022.2/common/technology/autopilot\ap_fixed_base.h:530:146)
INFO: [HLS 214-131] Inlining function 'ap_fixed_base<16, 8, true, (ap_q_mode)5, (ap_o_mode)3, 0>::ap_fixed_base(int)' into 'ap_fixed<16, 8, (ap_q_mode)5, (ap_o_mode)3, 0>::ap_fixed(int)'
INFO: [HLS 214-131] Inlining function 'bool ap_fixed_base<16, 8, true, (ap_q_mode)5, (ap_o_mode)3, 0>::operator><16, 8, true, (ap_q_mode)5, (ap_o_mode)3, 0>(ap_fixed_base<16, 8, true, (ap_q_mode)5, (ap_o_mode)3, 0> const&) const' into 'relu_act(ap_fixed<16, 8, (ap_q_mode)5, (ap_o_mode)3, 0>)' (C:/ecg_hls/include/ecg_types.h:65:15)
INFO: [HLS 214-131] Inlining function 'ap_fixed_base<16, 8, true, (ap_q_mode)5, (ap_o_mode)3, 0>::operator!() const' into 'ap_fixed_base<32, 16, true, (ap_q_mode)5, (ap_o_mode)3, 0>& ap_fixed_base<32, 16, true, (ap_q_mode)5, (ap_o_mode)3, 0>::operator=<16, 8, true, (ap_q_mode)5, (ap_o_mode)3, 0>(ap_fixed_base<16, 8, true, (ap_q_mode)5, (ap_o_mode)3, 0> const&)' (C:/Xilinx/Vitis_HLS/2022.2/common/technology/autopilot\ap_fixed_base.h:808:9)
INFO: [HLS 214-131] Inlining function 'ssdm_int<32, true>::ssdm_int(int)' into 'ap_fixed_base<32, 16, true, (ap_q_mode)5, (ap_o_mode)3, 0>::ap_fixed_base<16, 8, true, (ap_q_mode)5, (ap_o_mode)3, 0>(ap_fixed_base<16, 8, true, (ap_q_mode)5, (ap_o_mode)3, 0> const&)' (C:/Xilinx/Vitis_HLS/2022.2/common/technology/autopilot\ap_fixed_base.h:401:80)
INFO: [HLS 214-131] Inlining function 'ap_fixed_base<32, 16, true, (ap_q_mode)5, (ap_o_mode)3, 0>& ap_fixed_base<32, 16, true, (ap_q_mode)5, (ap_o_mode)3, 0>::operator=<16, 8, true, (ap_q_mode)5, (ap_o_mode)3, 0>(ap_fixed_base<16, 8, true, (ap_q_mode)5, (ap_o_mode)3, 0> const&)' into 'ap_fixed_base<32, 16, true, (ap_q_mode)5, (ap_o_mode)3, 0>::ap_fixed_base<16, 8, true, (ap_q_mode)5, (ap_o_mode)3, 0>(ap_fixed_base<16, 8, true, (ap_q_mode)5, (ap_o_mode)3, 0> const&)' (C:/Xilinx/Vitis_HLS/2022.2/common/technology/autopilot\ap_fixed_base.h:403:5)
INFO: [HLS 214-131] Inlining function 'ap_fixed_base<32, 16, true, (ap_q_mode)5, (ap_o_mode)3, 0>::ap_fixed_base<16, 8, true, (ap_q_mode)5, (ap_o_mode)3, 0>(ap_fixed_base<16, 8, true, (ap_q_mode)5, (ap_o_mode)3, 0> const&)' into 'ap_fixed<32, 16, (ap_q_mode)5, (ap_o_mode)3, 0>::ap_fixed<16, 8, true, (ap_q_mode)5, (ap_o_mode)3, 0>(ap_fixed_base<16, 8, true, (ap_q_mode)5, (ap_o_mode)3, 0> const&)'
INFO: [HLS 214-131] Inlining function 'ap_fixed_base<32, 32, true, (ap_q_mode)5, (ap_o_mode)3, 0>::operator!() const' into 'ap_fixed_base<64, 32, true, (ap_q_mode)5, (ap_o_mode)3, 0>& ap_fixed_base<64, 32, true, (ap_q_mode)5, (ap_o_mode)3, 0>::operator=<32, 32, true, (ap_q_mode)5, (ap_o_mode)3, 0>(ap_fixed_base<32, 32, true, (ap_q_mode)5, (ap_o_mode)3, 0> const&)' (C:/Xilinx/Vitis_HLS/2022.2/common/technology/autopilot\ap_fixed_base.h:808:9)
INFO: [HLS 214-131] Inlining function 'ap_fixed_base<64, 32, true, (ap_q_mode)5, (ap_o_mode)3, 0>& ap_fixed_base<64, 32, true, (ap_q_mode)5, (ap_o_mode)3, 0>::operator=<32, 32, true, (ap_q_mode)5, (ap_o_mode)3, 0>(ap_fixed_base<32, 32, true, (ap_q_mode)5, (ap_o_mode)3, 0> const&)' into 'ap_fixed_base<64, 32, true, (ap_q_mode)5, (ap_o_mode)3, 0>::ap_fixed_base(int)' (C:/Xilinx/Vitis_HLS/2022.2/common/technology/autopilot\ap_fixed_base.h:530:146)
INFO: [HLS 214-131] Inlining function 'ap_fixed_base<64, 32, true, (ap_q_mode)5, (ap_o_mode)3, 0>::ap_fixed_base(int)' into 'ap_fixed_base<32, 16, true, (ap_q_mode)5, (ap_o_mode)3, 0>::RType<32, 16, true>::mult ap_fixed_base<32, 16, true, (ap_q_mode)5, (ap_o_mode)3, 0>::operator*<32, 16, true, (ap_q_mode)5, (ap_o_mode)3, 0>(ap_fixed_base<32, 16, true, (ap_q_mode)5, (ap_o_mode)3, 0> const&) const' (C:/Xilinx/Vitis_HLS/2022.2/common/technology/autopilot\ap_fixed_base.h:1270:55)
INFO: [HLS 214-131] Inlining function 'ap_fixed_base<64, 32, true, (ap_q_mode)5, (ap_o_mode)3, 0>::ap_fixed_base(int)' into 'ap_fixed_base<32, 16, true, (ap_q_mode)5, (ap_o_mode)3, 0>::RType<32, 16, true>::mult ap_fixed_base<32, 16, true, (ap_q_mode)5, (ap_o_mode)3, 0>::operator*<32, 16, true, (ap_q_mode)5, (ap_o_mode)3, 0>(ap_fixed_base<32, 16, true, (ap_q_mode)5, (ap_o_mode)3, 0> const&) const' (C:/Xilinx/Vitis_HLS/2022.2/common/technology/autopilot\ap_fixed_base.h:1270:61)
INFO: [HLS 214-131] Inlining function 'ap_fixed_base<64, 32, true, (ap_q_mode)5, (ap_o_mode)3, 0>::operator!() const' into 'ap_fixed_base<32, 16, true, (ap_q_mode)5, (ap_o_mode)3, 0>& ap_fixed_base<32, 16, true, (ap_q_mode)5, (ap_o_mode)3, 0>::operator=<64, 32, true, (ap_q_mode)5, (ap_o_mode)3, 0>(ap_fixed_base<64, 32, true, (ap_q_mode)5, (ap_o_mode)3, 0> const&)' (C:/Xilinx/Vitis_HLS/2022.2/common/technology/autopilot\ap_fixed_base.h:808:9)
INFO: [HLS 214-131] Inlining function 'ssdm_int<32, true>::ssdm_int(int)' into 'ap_fixed_base<32, 16, true, (ap_q_mode)5, (ap_o_mode)3, 0>::ap_fixed_base<64, 32, true, (ap_q_mode)5, (ap_o_mode)3, 0>(ap_fixed_base<64, 32, true, (ap_q_mode)5, (ap_o_mode)3, 0> const&)' (C:/Xilinx/Vitis_HLS/2022.2/common/technology/autopilot\ap_fixed_base.h:401:80)
INFO: [HLS 214-131] Inlining function 'ap_fixed_base<32, 16, true, (ap_q_mode)5, (ap_o_mode)3, 0>& ap_fixed_base<32, 16, true, (ap_q_mode)5, (ap_o_mode)3, 0>::operator=<64, 32, true, (ap_q_mode)5, (ap_o_mode)3, 0>(ap_fixed_base<64, 32, true, (ap_q_mode)5, (ap_o_mode)3, 0> const&)' into 'ap_fixed_base<32, 16, true, (ap_q_mode)5, (ap_o_mode)3, 0>::ap_fixed_base<64, 32, true, (ap_q_mode)5, (ap_o_mode)3, 0>(ap_fixed_base<64, 32, true, (ap_q_mode)5, (ap_o_mode)3, 0> const&)' (C:/Xilinx/Vitis_HLS/2022.2/common/technology/autopilot\ap_fixed_base.h:403:5)
INFO: [HLS 214-131] Inlining function 'ap_fixed_base<32, 16, true, (ap_q_mode)5, (ap_o_mode)3, 0>::ap_fixed_base<64, 32, true, (ap_q_mode)5, (ap_o_mode)3, 0>(ap_fixed_base<64, 32, true, (ap_q_mode)5, (ap_o_mode)3, 0> const&)' into 'ap_fixed<32, 16, (ap_q_mode)5, (ap_o_mode)3, 0>::ap_fixed<64, 32, true, (ap_q_mode)5, (ap_o_mode)3, 0>(ap_fixed_base<64, 32, true, (ap_q_mode)5, (ap_o_mode)3, 0> const&)'
INFO: [HLS 214-131] Inlining function 'ssdm_int<64, false>::ssdm_int(unsigned long)' into 'ap_int_base<64, false>::ap_int_base(unsigned long long)' (C:/Xilinx/Vitis_HLS/2022.2/common/technology/autopilot\ap_int_base.h:219:72)
INFO: [HLS 214-131] Inlining function 'ap_int_base<64, false>::ap_int_base(unsigned long long)' into 'ap_int_base<48, false>::countLeadingZeros() const' (C:/Xilinx/Vitis_HLS/2022.2/common/technology/autopilot\ap_int_base.h:1201:30)
INFO: [HLS 214-131] Inlining function 'ap_int_base<48, false>::countLeadingZeros() const' into 'ap_fixed_base<48, 24, true, (ap_q_mode)5, (ap_o_mode)3, 0>::to_float() const' (C:/Xilinx/Vitis_HLS/2022.2/common/technology/autopilot\ap_fixed_base.h:1097:17)
INFO: [HLS 214-131] Inlining function 'rawBitsToFloat(unsigned long)' into 'ap_fixed_base<48, 24, true, (ap_q_mode)5, (ap_o_mode)3, 0>::to_float() const' (C:/Xilinx/Vitis_HLS/2022.2/common/technology/autopilot\ap_fixed_base.h:1126:12)
INFO: [HLS 214-131] Inlining function 'ap_fixed_base<48, 24, true, (ap_q_mode)5, (ap_o_mode)3, 0>::to_float() const' into 'ap_fixed_base<48, 24, true, (ap_q_mode)5, (ap_o_mode)3, 0>::operator float() const' (C:/Xilinx/Vitis_HLS/2022.2/common/technology/autopilot\ap_fixed_base.h:1181:73)
INFO: [HLS 214-131] Inlining function 'exp_reduce_::exp(float)' into 'hls::exp(float)' (C:\scratch\2022.2\hls_product\608\2022.2\src\shared\hls\clib\hlsmath\src\c++\expfloat.cpp:17:9)
INFO: [HLS 214-131] Inlining function 'hls::exp(float)' into 'softmax2(float, float, float&, float&)' (src/ecg_classifier.cpp:7:16)
INFO: [HLS 214-131] Inlining function 'hls::exp(float)' into 'softmax2(float, float, float&, float&)' (src/ecg_classifier.cpp:8:16)
INFO: [HLS 214-131] Inlining function 'ssdm_int<32, false>::ssdm_int(unsigned int)' into 'ap_int_base<32, false>::ap_int_base(unsigned int)' (C:/Xilinx/Vitis_HLS/2022.2/common/technology/autopilot\ap_int_base.h:215:76)
INFO: [HLS 214-131] Inlining function 'ap_int_base<32, false>::ap_int_base(unsigned int)' into 'ap_uint<32>::ap_uint(unsigned int)'
INFO: [HLS 214-131] Inlining function '_ZN8ssdm_intILi4ELb0EEC2EDq4_j' into 'ap_int_base<4, false>::ap_int_base(int)' (C:/Xilinx/Vitis_HLS/2022.2/common/technology/autopilot\ap_int_base.h:214:67)
INFO: [HLS 214-131] Inlining function 'ap_int_base<4, false>::ap_int_base(int)' into 'ap_uint<4>::ap_uint(int)'
INFO: [HLS 214-131] Inlining function 'ap_int_base<1, false>::ap_int_base(int)' into 'ap_uint<1>::ap_uint(int)'
INFO: [HLS 214-131] Inlining function 'hls::axis<ap_uint<32>, 1ul, 1ul, 1ul>::get_user_ptr()' into 'hls::stream<hls::axis<ap_uint<32>, 1ul, 1ul, 1ul>, 0>::write(hls::axis<ap_uint<32>, 1ul, 1ul, 1ul> const&)' (C:/Xilinx/Vitis_HLS/2022.2/common/technology/autopilot\ap_axi_sdata.h:258:51)
INFO: [HLS 214-131] Inlining function 'hls::axis<ap_uint<32>, 1ul, 1ul, 1ul>::get_dest_ptr()' into 'hls::stream<hls::axis<ap_uint<32>, 1ul, 1ul, 1ul>, 0>::write(hls::axis<ap_uint<32>, 1ul, 1ul, 1ul> const&)' (C:/Xilinx/Vitis_HLS/2022.2/common/technology/autopilot\ap_axi_sdata.h:261:26)
INFO: [HLS 214-131] Inlining function 'hls::axis<ap_uint<32>, 1ul, 1ul, 1ul>::get_id_ptr()' into 'hls::stream<hls::axis<ap_uint<32>, 1ul, 1ul, 1ul>, 0>::write(hls::axis<ap_uint<32>, 1ul, 1ul, 1ul> const&)' (C:/Xilinx/Vitis_HLS/2022.2/common/technology/autopilot\ap_axi_sdata.h:260:68)
INFO: [HLS 214-131] Inlining function 'hls::axis<ap_uint<32>, 1ul, 1ul, 1ul>::get_user_ptr()' into 'hls::stream<hls::axis<ap_uint<32>, 1ul, 1ul, 1ul>, 0>::write(hls::axis<ap_uint<32>, 1ul, 1ul, 1ul> const&)' (C:/Xilinx/Vitis_HLS/2022.2/common/technology/autopilot\ap_axi_sdata.h:260:37)
INFO: [HLS 214-131] Inlining function 'hls::axis<ap_uint<32>, 1ul, 1ul, 1ul>::get_dest_ptr()' into 'hls::stream<hls::axis<ap_uint<32>, 1ul, 1ul, 1ul>, 0>::write(hls::axis<ap_uint<32>, 1ul, 1ul, 1ul> const&)' (C:/Xilinx/Vitis_HLS/2022.2/common/technology/autopilot\ap_axi_sdata.h:259:40)
INFO: [HLS 214-131] Inlining function 'hls::axis<ap_uint<32>, 1ul, 1ul, 1ul>::get_id_ptr()' into 'hls::stream<hls::axis<ap_uint<32>, 1ul, 1ul, 1ul>, 0>::write(hls::axis<ap_uint<32>, 1ul, 1ul, 1ul> const&)' (C:/Xilinx/Vitis_HLS/2022.2/common/technology/autopilot\ap_axi_sdata.h:259:24)
INFO: [HLS 214-131] Inlining function 'hls::stream<hls::axis<ap_uint<32>, 1ul, 1ul, 1ul>, 0>::read()' into 'ecg_classifier(hls::stream<hls::axis<ap_uint<32>, 1ul, 1ul, 1ul>, 0>&, hls::stream<hls::axis<ap_uint<32>, 1ul, 1ul, 1ul>, 0>&)' (src/ecg_classifier.cpp:45:29)
INFO: [HLS 214-131] Inlining function 'hls::stream<hls::axis<ap_uint<32>, 1ul, 1ul, 1ul>, 0>::write(hls::axis<ap_uint<32>, 1ul, 1ul, 1ul> const&)' into 'ecg_classifier(hls::stream<hls::axis<ap_uint<32>, 1ul, 1ul, 1ul>, 0>&, hls::stream<hls::axis<ap_uint<32>, 1ul, 1ul, 1ul>, 0>&)' (src/ecg_classifier.cpp:325:20)
INFO: [HLS 214-131] Inlining function 'ap_int_base<32, false>::range(int, int)' into 'ecg_classifier(hls::stream<hls::axis<ap_uint<32>, 1ul, 1ul, 1ul>, 0>&, hls::stream<hls::axis<ap_uint<32>, 1ul, 1ul, 1ul>, 0>&)' (src/ecg_classifier.cpp:48:29)
INFO: [HLS 214-131] Inlining function 'ap_fixed_base<48, 24, true, (ap_q_mode)5, (ap_o_mode)3, 0>::operator float() const' into 'ecg_classifier(hls::stream<hls::axis<ap_uint<32>, 1ul, 1ul, 1ul>, 0>&, hls::stream<hls::axis<ap_uint<32>, 1ul, 1ul, 1ul>, 0>&)' (src/ecg_classifier.cpp:306:29)
INFO: [HLS 214-131] Inlining function 'ap_fixed_base<48, 24, true, (ap_q_mode)5, (ap_o_mode)3, 0>& ap_fixed_base<48, 24, true, (ap_q_mode)5, (ap_o_mode)3, 0>::operator+=<96, 48, true, (ap_q_mode)5, (ap_o_mode)3, 0>(ap_fixed_base<96, 48, true, (ap_q_mode)5, (ap_o_mode)3, 0> const&)' into 'ecg_classifier(hls::stream<hls::axis<ap_uint<32>, 1ul, 1ul, 1ul>, 0>&, hls::stream<hls::axis<ap_uint<32>, 1ul, 1ul, 1ul>, 0>&)' (src/ecg_classifier.cpp:304:6)
INFO: [HLS 214-131] Inlining function 'ap_fixed_base<48, 24, true, (ap_q_mode)5, (ap_o_mode)3, 0>::RType<48, 24, true>::mult ap_fixed_base<48, 24, true, (ap_q_mode)5, (ap_o_mode)3, 0>::operator*<48, 24, true, (ap_q_mode)5, (ap_o_mode)3, 0>(ap_fixed_base<48, 24, true, (ap_q_mode)5, (ap_o_mode)3, 0> const&) const' into 'ecg_classifier(hls::stream<hls::axis<ap_uint<32>, 1ul, 1ul, 1ul>, 0>&, hls::stream<hls::axis<ap_uint<32>, 1ul, 1ul, 1ul>, 0>&)' (src/ecg_classifier.cpp:304:31)
INFO: [HLS 214-131] Inlining function 'ap_fixed_base<32, 16, true, (ap_q_mode)5, (ap_o_mode)3, 0>::range(int, int)' into 'ecg_classifier(hls::stream<hls::axis<ap_uint<32>, 1ul, 1ul, 1ul>, 0>&, hls::stream<hls::axis<ap_uint<32>, 1ul, 1ul, 1ul>, 0>&)' (src/ecg_classifier.cpp:48:11)
INFO: [HLS 214-131] Inlining function 'ap_fixed_base<48, 24, true, (ap_q_mode)5, (ap_o_mode)3, 0>& ap_fixed_base<48, 24, true, (ap_q_mode)5, (ap_o_mode)3, 0>::operator+=<96, 48, true, (ap_q_mode)5, (ap_o_mode)3, 0>(ap_fixed_base<96, 48, true, (ap_q_mode)5, (ap_o_mode)3, 0> const&)' into 'ecg_classifier(hls::stream<hls::axis<ap_uint<32>, 1ul, 1ul, 1ul>, 0>&, hls::stream<hls::axis<ap_uint<32>, 1ul, 1ul, 1ul>, 0>&)' (src/ecg_classifier.cpp:293:6)
INFO: [HLS 214-131] Inlining function 'ap_fixed_base<48, 24, true, (ap_q_mode)5, (ap_o_mode)3, 0>::RType<48, 24, true>::mult ap_fixed_base<48, 24, true, (ap_q_mode)5, (ap_o_mode)3, 0>::operator*<48, 24, true, (ap_q_mode)5, (ap_o_mode)3, 0>(ap_fixed_base<48, 24, true, (ap_q_mode)5, (ap_o_mode)3, 0> const&) const' into 'ecg_classifier(hls::stream<hls::axis<ap_uint<32>, 1ul, 1ul, 1ul>, 0>&, hls::stream<hls::axis<ap_uint<32>, 1ul, 1ul, 1ul>, 0>&)' (src/ecg_classifier.cpp:293:28)
INFO: [HLS 214-131] Inlining function 'ap_fixed_base<32, 16, true, (ap_q_mode)5, (ap_o_mode)3, 0>::RType<32, 16, true>::mult ap_fixed_base<32, 16, true, (ap_q_mode)5, (ap_o_mode)3, 0>::operator*<32, 16, true, (ap_q_mode)5, (ap_o_mode)3, 0>(ap_fixed_base<32, 16, true, (ap_q_mode)5, (ap_o_mode)3, 0> const&) const' into 'ecg_classifier(hls::stream<hls::axis<ap_uint<32>, 1ul, 1ul, 1ul>, 0>&, hls::stream<hls::axis<ap_uint<32>, 1ul, 1ul, 1ul>, 0>&)' (src/ecg_classifier.cpp:284:30)
INFO: [HLS 214-131] Inlining function 'af_range_ref<32, 16, true, (ap_q_mode)5, (ap_o_mode)3, 0>& af_range_ref<32, 16, true, (ap_q_mode)5, (ap_o_mode)3, 0>::operator=<32, false>(ap_range_ref<32, false> const&)' into 'ecg_classifier(hls::stream<hls::axis<ap_uint<32>, 1ul, 1ul, 1ul>, 0>&, hls::stream<hls::axis<ap_uint<32>, 1ul, 1ul, 1ul>, 0>&)' (src/ecg_classifier.cpp:48:23)
INFO: [HLS 214-131] Inlining function 'ap_fixed_base<32, 16, true, (ap_q_mode)5, (ap_o_mode)3, 0>::RType<32, 16, true>::plus ap_fixed_base<32, 16, true, (ap_q_mode)5, (ap_o_mode)3, 0>::operator+<32, 16, true, (ap_q_mode)5, (ap_o_mode)3, 0>(ap_fixed_base<32, 16, true, (ap_q_mode)5, (ap_o_mode)3, 0> const&) const' into 'ecg_classifier(hls::stream<hls::axis<ap_uint<32>, 1ul, 1ul, 1ul>, 0>&, hls::stream<hls::axis<ap_uint<32>, 1ul, 1ul, 1ul>, 0>&)' (src/ecg_classifier.cpp:274:57)
INFO: [HLS 214-131] Inlining function 'ap_fixed_base<32, 16, true, (ap_q_mode)5, (ap_o_mode)3, 0>::RType<32, 16, true>::plus ap_fixed_base<32, 16, true, (ap_q_mode)5, (ap_o_mode)3, 0>::operator+<32, 16, true, (ap_q_mode)5, (ap_o_mode)3, 0>(ap_fixed_base<32, 16, true, (ap_q_mode)5, (ap_o_mode)3, 0> const&) const' into 'ecg_classifier(hls::stream<hls::axis<ap_uint<32>, 1ul, 1ul, 1ul>, 0>&, hls::stream<hls::axis<ap_uint<32>, 1ul, 1ul, 1ul>, 0>&)' (src/ecg_classifier.cpp:273:57)
INFO: [HLS 214-131] Inlining function 'ap_fixed_base<48, 24, true, (ap_q_mode)5, (ap_o_mode)3, 0>& ap_fixed_base<48, 24, true, (ap_q_mode)5, (ap_o_mode)3, 0>::operator+=<96, 48, true, (ap_q_mode)5, (ap_o_mode)3, 0>(ap_fixed_base<96, 48, true, (ap_q_mode)5, (ap_o_mode)3, 0> const&)' into 'ecg_classifier(hls::stream<hls::axis<ap_uint<32>, 1ul, 1ul, 1ul>, 0>&, hls::stream<hls::axis<ap_uint<32>, 1ul, 1ul, 1ul>, 0>&)' (src/ecg_classifier.cpp:270:30)
INFO: [HLS 214-131] Inlining function 'ap_fixed_base<48, 24, true, (ap_q_mode)5, (ap_o_mode)3, 0>::RType<48, 24, true>::mult ap_fixed_base<48, 24, true, (ap_q_mode)5, (ap_o_mode)3, 0>::operator*<48, 24, true, (ap_q_mode)5, (ap_o_mode)3, 0>(ap_fixed_base<48, 24, true, (ap_q_mode)5, (ap_o_mode)3, 0> const&) const' into 'ecg_classifier(hls::stream<hls::axis<ap_uint<32>, 1ul, 1ul, 1ul>, 0>&, hls::stream<hls::axis<ap_uint<32>, 1ul, 1ul, 1ul>, 0>&)' (src/ecg_classifier.cpp:270:42)
INFO: [HLS 214-131] Inlining function 'ap_fixed_base<48, 24, true, (ap_q_mode)5, (ap_o_mode)3, 0>& ap_fixed_base<48, 24, true, (ap_q_mode)5, (ap_o_mode)3, 0>::operator+=<96, 48, true, (ap_q_mode)5, (ap_o_mode)3, 0>(ap_fixed_base<96, 48, true, (ap_q_mode)5, (ap_o_mode)3, 0> const&)' into 'ecg_classifier(hls::stream<hls::axis<ap_uint<32>, 1ul, 1ul, 1ul>, 0>&, hls::stream<hls::axis<ap_uint<32>, 1ul, 1ul, 1ul>, 0>&)' (src/ecg_classifier.cpp:269:30)
INFO: [HLS 214-131] Inlining function 'ap_fixed_base<48, 24, true, (ap_q_mode)5, (ap_o_mode)3, 0>::RType<48, 24, true>::mult ap_fixed_base<48, 24, true, (ap_q_mode)5, (ap_o_mode)3, 0>::operator*<48, 24, true, (ap_q_mode)5, (ap_o_mode)3, 0>(ap_fixed_base<48, 24, true, (ap_q_mode)5, (ap_o_mode)3, 0> const&) const' into 'ecg_classifier(hls::stream<hls::axis<ap_uint<32>, 1ul, 1ul, 1ul>, 0>&, hls::stream<hls::axis<ap_uint<32>, 1ul, 1ul, 1ul>, 0>&)' (src/ecg_classifier.cpp:269:42)
INFO: [HLS 214-131] Inlining function 'ap_fixed_base<48, 24, true, (ap_q_mode)5, (ap_o_mode)3, 0>& ap_fixed_base<48, 24, true, (ap_q_mode)5, (ap_o_mode)3, 0>::operator+=<48, 24, true, (ap_q_mode)5, (ap_o_mode)3, 0>(ap_fixed_base<48, 24, true, (ap_q_mode)5, (ap_o_mode)3, 0> const&)' into 'ecg_classifier(hls::stream<hls::axis<ap_uint<32>, 1ul, 1ul, 1ul>, 0>&, hls::stream<hls::axis<ap_uint<32>, 1ul, 1ul, 1ul>, 0>&)' (src/ecg_classifier.cpp:56:11)
INFO: [HLS 214-131] Inlining function 'ap_fixed_base<48, 24, true, (ap_q_mode)5, (ap_o_mode)3, 0>::RType<32, 16, true>::mult ap_fixed_base<48, 24, true, (ap_q_mode)5, (ap_o_mode)3, 0>::operator*<32, 16, true, (ap_q_mode)5, (ap_o_mode)3, 0>(ap_fixed_base<32, 16, true, (ap_q_mode)5, (ap_o_mode)3, 0> const&) const' into 'ecg_classifier(hls::stream<hls::axis<ap_uint<32>, 1ul, 1ul, 1ul>, 0>&, hls::stream<hls::axis<ap_uint<32>, 1ul, 1ul, 1ul>, 0>&)' (src/ecg_classifier.cpp:58:40)
INFO: [HLS 214-131] Inlining function 'ap_fixed_base<48, 24, true, (ap_q_mode)5, (ap_o_mode)3, 0>& ap_fixed_base<48, 24, true, (ap_q_mode)5, (ap_o_mode)3, 0>::operator+=<96, 48, true, (ap_q_mode)5, (ap_o_mode)3, 0>(ap_fixed_base<96, 48, true, (ap_q_mode)5, (ap_o_mode)3, 0> const&)' into 'ecg_classifier(hls::stream<hls::axis<ap_uint<32>, 1ul, 1ul, 1ul>, 0>&, hls::stream<hls::axis<ap_uint<32>, 1ul, 1ul, 1ul>, 0>&)' (src/ecg_classifier.cpp:237:30)
INFO: [HLS 214-131] Inlining function 'ap_fixed_base<48, 24, true, (ap_q_mode)5, (ap_o_mode)3, 0>::RType<48, 24, true>::mult ap_fixed_base<48, 24, true, (ap_q_mode)5, (ap_o_mode)3, 0>::operator*<48, 24, true, (ap_q_mode)5, (ap_o_mode)3, 0>(ap_fixed_base<48, 24, true, (ap_q_mode)5, (ap_o_mode)3, 0> const&) const' into 'ecg_classifier(hls::stream<hls::axis<ap_uint<32>, 1ul, 1ul, 1ul>, 0>&, hls::stream<hls::axis<ap_uint<32>, 1ul, 1ul, 1ul>, 0>&)' (src/ecg_classifier.cpp:237:42)
INFO: [HLS 214-131] Inlining function 'ap_fixed_base<48, 24, true, (ap_q_mode)5, (ap_o_mode)3, 0>& ap_fixed_base<48, 24, true, (ap_q_mode)5, (ap_o_mode)3, 0>::operator+=<96, 48, true, (ap_q_mode)5, (ap_o_mode)3, 0>(ap_fixed_base<96, 48, true, (ap_q_mode)5, (ap_o_mode)3, 0> const&)' into 'ecg_classifier(hls::stream<hls::axis<ap_uint<32>, 1ul, 1ul, 1ul>, 0>&, hls::stream<hls::axis<ap_uint<32>, 1ul, 1ul, 1ul>, 0>&)' (src/ecg_classifier.cpp:236:30)
INFO: [HLS 214-131] Inlining function 'ap_fixed_base<48, 24, true, (ap_q_mode)5, (ap_o_mode)3, 0>::RType<48, 24, true>::mult ap_fixed_base<48, 24, true, (ap_q_mode)5, (ap_o_mode)3, 0>::operator*<48, 24, true, (ap_q_mode)5, (ap_o_mode)3, 0>(ap_fixed_base<48, 24, true, (ap_q_mode)5, (ap_o_mode)3, 0> const&) const' into 'ecg_classifier(hls::stream<hls::axis<ap_uint<32>, 1ul, 1ul, 1ul>, 0>&, hls::stream<hls::axis<ap_uint<32>, 1ul, 1ul, 1ul>, 0>&)' (src/ecg_classifier.cpp:236:42)
INFO: [HLS 214-131] Inlining function 'ap_fixed_base<48, 24, true, (ap_q_mode)5, (ap_o_mode)3, 0>& ap_fixed_base<48, 24, true, (ap_q_mode)5, (ap_o_mode)3, 0>::operator+=<96, 48, true, (ap_q_mode)5, (ap_o_mode)3, 0>(ap_fixed_base<96, 48, true, (ap_q_mode)5, (ap_o_mode)3, 0> const&)' into 'ecg_classifier(hls::stream<hls::axis<ap_uint<32>, 1ul, 1ul, 1ul>, 0>&, hls::stream<hls::axis<ap_uint<32>, 1ul, 1ul, 1ul>, 0>&)' (src/ecg_classifier.cpp:186:30)
INFO: [HLS 214-131] Inlining function 'ap_fixed_base<48, 24, true, (ap_q_mode)5, (ap_o_mode)3, 0>::RType<48, 24, true>::mult ap_fixed_base<48, 24, true, (ap_q_mode)5, (ap_o_mode)3, 0>::operator*<48, 24, true, (ap_q_mode)5, (ap_o_mode)3, 0>(ap_fixed_base<48, 24, true, (ap_q_mode)5, (ap_o_mode)3, 0> const&) const' into 'ecg_classifier(hls::stream<hls::axis<ap_uint<32>, 1ul, 1ul, 1ul>, 0>&, hls::stream<hls::axis<ap_uint<32>, 1ul, 1ul, 1ul>, 0>&)' (src/ecg_classifier.cpp:186:42)
INFO: [HLS 214-131] Inlining function 'ap_fixed_base<48, 24, true, (ap_q_mode)5, (ap_o_mode)3, 0>& ap_fixed_base<48, 24, true, (ap_q_mode)5, (ap_o_mode)3, 0>::operator+=<96, 48, true, (ap_q_mode)5, (ap_o_mode)3, 0>(ap_fixed_base<96, 48, true, (ap_q_mode)5, (ap_o_mode)3, 0> const&)' into 'ecg_classifier(hls::stream<hls::axis<ap_uint<32>, 1ul, 1ul, 1ul>, 0>&, hls::stream<hls::axis<ap_uint<32>, 1ul, 1ul, 1ul>, 0>&)' (src/ecg_classifier.cpp:185:30)
INFO: [HLS 214-131] Inlining function 'ap_fixed_base<48, 24, true, (ap_q_mode)5, (ap_o_mode)3, 0>::RType<48, 24, true>::mult ap_fixed_base<48, 24, true, (ap_q_mode)5, (ap_o_mode)3, 0>::operator*<48, 24, true, (ap_q_mode)5, (ap_o_mode)3, 0>(ap_fixed_base<48, 24, true, (ap_q_mode)5, (ap_o_mode)3, 0> const&) const' into 'ecg_classifier(hls::stream<hls::axis<ap_uint<32>, 1ul, 1ul, 1ul>, 0>&, hls::stream<hls::axis<ap_uint<32>, 1ul, 1ul, 1ul>, 0>&)' (src/ecg_classifier.cpp:185:42)
INFO: [HLS 214-131] Inlining function 'ap_fixed_base<32, 16, true, (ap_q_mode)5, (ap_o_mode)3, 0>::RType<32, 16, true>::minus ap_fixed_base<32, 16, true, (ap_q_mode)5, (ap_o_mode)3, 0>::operator-<32, 16, true, (ap_q_mode)5, (ap_o_mode)3, 0>(ap_fixed_base<32, 16, true, (ap_q_mode)5, (ap_o_mode)3, 0> const&) const' into 'ecg_classifier(hls::stream<hls::axis<ap_uint<32>, 1ul, 1ul, 1ul>, 0>&, hls::stream<hls::axis<ap_uint<32>, 1ul, 1ul, 1ul>, 0>&)' (src/ecg_classifier.cpp:64:26)
INFO: [HLS 214-131] Inlining function 'ap_fixed_base<48, 24, true, (ap_q_mode)5, (ap_o_mode)3, 0>& ap_fixed_base<48, 24, true, (ap_q_mode)5, (ap_o_mode)3, 0>::operator+=<96, 48, true, (ap_q_mode)5, (ap_o_mode)3, 0>(ap_fixed_base<96, 48, true, (ap_q_mode)5, (ap_o_mode)3, 0> const&)' into 'ecg_classifier(hls::stream<hls::axis<ap_uint<32>, 1ul, 1ul, 1ul>, 0>&, hls::stream<hls::axis<ap_uint<32>, 1ul, 1ul, 1ul>, 0>&)' (src/ecg_classifier.cpp:152:6)
INFO: [HLS 214-131] Inlining function 'ap_fixed_base<48, 24, true, (ap_q_mode)5, (ap_o_mode)3, 0>::RType<48, 24, true>::mult ap_fixed_base<48, 24, true, (ap_q_mode)5, (ap_o_mode)3, 0>::operator*<48, 24, true, (ap_q_mode)5, (ap_o_mode)3, 0>(ap_fixed_base<48, 24, true, (ap_q_mode)5, (ap_o_mode)3, 0> const&) const' into 'ecg_classifier(hls::stream<hls::axis<ap_uint<32>, 1ul, 1ul, 1ul>, 0>&, hls::stream<hls::axis<ap_uint<32>, 1ul, 1ul, 1ul>, 0>&)' (src/ecg_classifier.cpp:152:28)
INFO: [HLS 214-131] Inlining function 'ap_fixed_base<48, 24, true, (ap_q_mode)5, (ap_o_mode)3, 0>& ap_fixed_base<48, 24, true, (ap_q_mode)5, (ap_o_mode)3, 0>::operator+=<96, 48, true, (ap_q_mode)5, (ap_o_mode)3, 0>(ap_fixed_base<96, 48, true, (ap_q_mode)5, (ap_o_mode)3, 0> const&)' into 'ecg_classifier(hls::stream<hls::axis<ap_uint<32>, 1ul, 1ul, 1ul>, 0>&, hls::stream<hls::axis<ap_uint<32>, 1ul, 1ul, 1ul>, 0>&)' (src/ecg_classifier.cpp:135:29)
INFO: [HLS 214-131] Inlining function 'ap_fixed_base<48, 24, true, (ap_q_mode)5, (ap_o_mode)3, 0>::RType<48, 24, true>::mult ap_fixed_base<48, 24, true, (ap_q_mode)5, (ap_o_mode)3, 0>::operator*<48, 24, true, (ap_q_mode)5, (ap_o_mode)3, 0>(ap_fixed_base<48, 24, true, (ap_q_mode)5, (ap_o_mode)3, 0> const&) const' into 'ecg_classifier(hls::stream<hls::axis<ap_uint<32>, 1ul, 1ul, 1ul>, 0>&, hls::stream<hls::axis<ap_uint<32>, 1ul, 1ul, 1ul>, 0>&)' (src/ecg_classifier.cpp:135:41)
INFO: [HLS 214-131] Inlining function 'ap_fixed_base<33, 17, true, (ap_q_mode)5, (ap_o_mode)3, 0>::RType<32, 16, true>::mult ap_fixed_base<33, 17, true, (ap_q_mode)5, (ap_o_mode)3, 0>::operator*<32, 16, true, (ap_q_mode)5, (ap_o_mode)3, 0>(ap_fixed_base<32, 16, true, (ap_q_mode)5, (ap_o_mode)3, 0> const&) const' into 'ecg_classifier(hls::stream<hls::axis<ap_uint<32>, 1ul, 1ul, 1ul>, 0>&, hls::stream<hls::axis<ap_uint<32>, 1ul, 1ul, 1ul>, 0>&)' (src/ecg_classifier.cpp:76:41)
INFO: [HLS 214-131] Inlining function 'ap_fixed_base<32, 16, true, (ap_q_mode)5, (ap_o_mode)3, 0>::RType<32, 16, true>::minus ap_fixed_base<32, 16, true, (ap_q_mode)5, (ap_o_mode)3, 0>::operator-<32, 16, true, (ap_q_mode)5, (ap_o_mode)3, 0>(ap_fixed_base<32, 16, true, (ap_q_mode)5, (ap_o_mode)3, 0> const&) const' into 'ecg_classifier(hls::stream<hls::axis<ap_uint<32>, 1ul, 1ul, 1ul>, 0>&, hls::stream<hls::axis<ap_uint<32>, 1ul, 1ul, 1ul>, 0>&)' (src/ecg_classifier.cpp:76:30)
INFO: [HLS 214-131] Inlining function 'ap_fixed_base<32, 16, true, (ap_q_mode)5, (ap_o_mode)3, 0>::RType<32, 16, true>::div ap_fixed_base<32, 16, true, (ap_q_mode)5, (ap_o_mode)3, 0>::operator/<32, 16, true, (ap_q_mode)5, (ap_o_mode)3, 0>(ap_fixed_base<32, 16, true, (ap_q_mode)5, (ap_o_mode)3, 0> const&) const' into 'ecg_classifier(hls::stream<hls::axis<ap_uint<32>, 1ul, 1ul, 1ul>, 0>&, hls::stream<hls::axis<ap_uint<32>, 1ul, 1ul, 1ul>, 0>&)' (src/ecg_classifier.cpp:71:38)
INFO: [HLS 214-131] Inlining function 'ap_fixed_base<32, 16, true, (ap_q_mode)5, (ap_o_mode)3, 0>::RType<32, 16, true>::plus ap_fixed_base<32, 16, true, (ap_q_mode)5, (ap_o_mode)3, 0>::operator+<32, 16, true, (ap_q_mode)5, (ap_o_mode)3, 0>(ap_fixed_base<32, 16, true, (ap_q_mode)5, (ap_o_mode)3, 0> const&) const' into 'ecg_classifier(hls::stream<hls::axis<ap_uint<32>, 1ul, 1ul, 1ul>, 0>&, hls::stream<hls::axis<ap_uint<32>, 1ul, 1ul, 1ul>, 0>&)' (src/ecg_classifier.cpp:70:49)
INFO: [HLS 214-131] Inlining function 'ap_fixed_base<48, 24, true, (ap_q_mode)5, (ap_o_mode)3, 0>::RType<48, 24, true>::mult ap_fixed_base<48, 24, true, (ap_q_mode)5, (ap_o_mode)3, 0>::operator*<48, 24, true, (ap_q_mode)5, (ap_o_mode)3, 0>(ap_fixed_base<48, 24, true, (ap_q_mode)5, (ap_o_mode)3, 0> const&) const' into 'ecg_classifier(hls::stream<hls::axis<ap_uint<32>, 1ul, 1ul, 1ul>, 0>&, hls::stream<hls::axis<ap_uint<32>, 1ul, 1ul, 1ul>, 0>&)' (src/ecg_classifier.cpp:65:29)
INFO: [HLS 214-131] Inlining function 'ap_fixed_base<48, 24, true, (ap_q_mode)5, (ap_o_mode)3, 0>& ap_fixed_base<48, 24, true, (ap_q_mode)5, (ap_o_mode)3, 0>::operator+=<96, 48, true, (ap_q_mode)5, (ap_o_mode)3, 0>(ap_fixed_base<96, 48, true, (ap_q_mode)5, (ap_o_mode)3, 0> const&)' into 'ecg_classifier(hls::stream<hls::axis<ap_uint<32>, 1ul, 1ul, 1ul>, 0>&, hls::stream<hls::axis<ap_uint<32>, 1ul, 1ul, 1ul>, 0>&)' (src/ecg_classifier.cpp:65:17)
INFO: [HLS 214-131] Inlining function 'ap_fixed_base<32, 16, true, (ap_q_mode)5, (ap_o_mode)3, 0>::operator float() const' into 'ecg_classifier(hls::stream<hls::axis<ap_uint<32>, 1ul, 1ul, 1ul>, 0>&, hls::stream<hls::axis<ap_uint<32>, 1ul, 1ul, 1ul>, 0>&)' (src/ecg_classifier.cpp:68:29)
INFO: [HLS 214-131] Inlining function 'ap_fixed_base<48, 24, true, (ap_q_mode)5, (ap_o_mode)3, 0>::RType<32, 16, true>::mult ap_fixed_base<48, 24, true, (ap_q_mode)5, (ap_o_mode)3, 0>::operator*<32, 16, true, (ap_q_mode)5, (ap_o_mode)3, 0>(ap_fixed_base<32, 16, true, (ap_q_mode)5, (ap_o_mode)3, 0> const&) const' into 'ecg_classifier(hls::stream<hls::axis<ap_uint<32>, 1ul, 1ul, 1ul>, 0>&, hls::stream<hls::axis<ap_uint<32>, 1ul, 1ul, 1ul>, 0>&)' (src/ecg_classifier.cpp:67:38)
INFO: [HLS 214-186] Unrolling loop 'SHIFT_WIN23_K' (src/ecg_classifier.cpp:245:13) in function 'ecg_classifier' completely with a factor of 4 (src/ecg_classifier.cpp:17:0)
INFO: [HLS 214-186] Unrolling loop 'SHIFT_WIN23_CH' (src/ecg_classifier.cpp:248:17) in function 'ecg_classifier' completely with a factor of 128 (src/ecg_classifier.cpp:17:0)
INFO: [HLS 214-186] Unrolling loop 'INSERT_WIN23_CH' (src/ecg_classifier.cpp:254:13) in function 'ecg_classifier' completely with a factor of 128 (src/ecg_classifier.cpp:17:0)
INFO: [HLS 214-186] Unrolling loop 'INIT_WIN23_K' (src/ecg_classifier.cpp:208:9) in function 'ecg_classifier' completely with a factor of 5 (src/ecg_classifier.cpp:17:0)
INFO: [HLS 214-186] Unrolling loop 'INIT_WIN23_CH' (src/ecg_classifier.cpp:211:13) in function 'ecg_classifier' completely with a factor of 128 (src/ecg_classifier.cpp:17:0)
INFO: [HLS 214-186] Unrolling loop 'SHIFT_WIN0_K' (src/ecg_classifier.cpp:117:17) in function 'ecg_classifier' completely with a factor of 6 (src/ecg_classifier.cpp:17:0)
INFO: [HLS 214-186] Unrolling loop 'SHIFT_WIN0_CH' (src/ecg_classifier.cpp:120:21) in function 'ecg_classifier' completely with a factor of 64 (src/ecg_classifier.cpp:17:0)
INFO: [HLS 214-186] Unrolling loop 'SHIFT_WIN01_K' (src/ecg_classifier.cpp:160:13) in function 'ecg_classifier' completely with a factor of 6 (src/ecg_classifier.cpp:17:0)
INFO: [HLS 214-186] Unrolling loop 'SHIFT_WIN01_CH' (src/ecg_classifier.cpp:163:17) in function 'ecg_classifier' completely with a factor of 64 (src/ecg_classifier.cpp:17:0)
INFO: [HLS 214-186] Unrolling loop 'INSERT_WIN01_CH' (src/ecg_classifier.cpp:169:13) in function 'ecg_classifier' completely with a factor of 64 (src/ecg_classifier.cpp:17:0)
INFO: [HLS 214-186] Unrolling loop 'INIT_WIN01_K' (src/ecg_classifier.cpp:100:9) in function 'ecg_classifier' completely with a factor of 7 (src/ecg_classifier.cpp:17:0)
INFO: [HLS 214-186] Unrolling loop 'INIT_WIN01_CH' (src/ecg_classifier.cpp:103:13) in function 'ecg_classifier' completely with a factor of 64 (src/ecg_classifier.cpp:17:0)
INFO: [HLS 214-186] Unrolling loop 'INIT_WIN0_K' (src/ecg_classifier.cpp:86:9) in function 'ecg_classifier' completely with a factor of 7 (src/ecg_classifier.cpp:17:0)
INFO: [HLS 214-186] Unrolling loop 'INIT_WIN0_CH' (src/ecg_classifier.cpp:89:13) in function 'ecg_classifier' completely with a factor of 64 (src/ecg_classifier.cpp:17:0)
INFO: [HLS 214-178] Inlining function 'ap_fixed_base<32, 16, true, (ap_q_mode)5, (ap_o_mode)3, 0>::ap_fixed_base(double)' into 'ecg_classifier(hls::stream<hls::axis<ap_uint<32>, 1ul, 1ul, 1ul>, 0>&, hls::stream<hls::axis<ap_uint<32>, 1ul, 1ul, 1ul>, 0>&)' (src/ecg_classifier.cpp:17:0)
INFO: [HLS 214-178] Inlining function 'hls::sqrt(float)' into 'ecg_classifier(hls::stream<hls::axis<ap_uint<32>, 1ul, 1ul, 1ul>, 0>&, hls::stream<hls::axis<ap_uint<32>, 1ul, 1ul, 1ul>, 0>&)' (src/ecg_classifier.cpp:17:0)
INFO: [HLS 214-178] Inlining function 'relu(ap_fixed<32, 16, (ap_q_mode)5, (ap_o_mode)3, 0>)' into 'ecg_classifier(hls::stream<hls::axis<ap_uint<32>, 1ul, 1ul, 1ul>, 0>&, hls::stream<hls::axis<ap_uint<32>, 1ul, 1ul, 1ul>, 0>&)' (src/ecg_classifier.cpp:17:0)
INFO: [HLS 214-178] Inlining function 'relu_act(ap_fixed<16, 8, (ap_q_mode)5, (ap_o_mode)3, 0>)' into 'ecg_classifier(hls::stream<hls::axis<ap_uint<32>, 1ul, 1ul, 1ul>, 0>&, hls::stream<hls::axis<ap_uint<32>, 1ul, 1ul, 1ul>, 0>&)' (src/ecg_classifier.cpp:17:0)
INFO: [HLS 214-178] Inlining function 'softmax2(float, float, float&, float&)' into 'ecg_classifier(hls::stream<hls::axis<ap_uint<32>, 1ul, 1ul, 1ul>, 0>&, hls::stream<hls::axis<ap_uint<32>, 1ul, 1ul, 1ul>, 0>&)' (src/ecg_classifier.cpp:17:0)
INFO: [HLS 214-248] Applying array_partition to 'input_buf': Cyclic partitioning with factor 2 on dimension 1. (src/ecg_classifier.cpp:22:9)
INFO: [HLS 214-248] Applying array_partition to 'norm_buf': Cyclic partitioning with factor 2 on dimension 1. (src/ecg_classifier.cpp:23:12)
INFO: [HLS 214-248] Applying array_partition to 'buf2_circ': Complete partitioning on dimension 1. Cyclic partitioning with factor 2 on dimension 2. (src/ecg_classifier.cpp:29:8)
INFO: [HLS 214-248] Applying array_partition to 'gap_buf': Cyclic partitioning with factor 2 on dimension 1. (src/ecg_classifier.cpp:33:9)
INFO: [HLS 214-248] Applying array_partition to 'dense0_buf': Cyclic partitioning with factor 2 on dimension 1. (src/ecg_classifier.cpp:34:12)
INFO: [HLS 214-248] Applying array_partition to 'win0': Complete partitioning on dimension 1. (src/ecg_classifier.cpp:81:16)
INFO: [HLS 214-248] Applying array_partition to 'win01': Complete partitioning on dimension 1. Cyclic partitioning with factor 2 on dimension 2. (src/ecg_classifier.cpp:95:16)
INFO: [HLS 214-248] Applying array_partition to 'l1_out': Cyclic partitioning with factor 2 on dimension 1. (src/ecg_classifier.cpp:141:20)
INFO: [HLS 214-248] Applying array_partition to 'win23': Complete partitioning on dimension 1. Cyclic partitioning with factor 2 on dimension 2. (src/ecg_classifier.cpp:203:16)
INFO: [HLS 214-248] Applying array_partition to 'l3_out': Cyclic partitioning with factor 2 on dimension 1. (src/ecg_classifier.cpp:220:20)
INFO: [HLS 200-111] Finished Compiling Optimization and Transform: CPU user time: 3 seconds. CPU system time: 0 seconds. Elapsed time: 204.489 seconds; current allocated memory: 124.621 MB.
INFO: [HLS 200-111] Finished Checking Pragmas: CPU user time: 0 seconds. CPU system time: 0 seconds. Elapsed time: 0.038 seconds; current allocated memory: 124.621 MB.
INFO: [HLS 200-10] Starting code transformations ...
INFO: [HLS 200-111] Finished Standard Transforms: CPU user time: 4 seconds. CPU system time: 1 seconds. Elapsed time: 4.416 seconds; current allocated memory: 176.156 MB.
INFO: [HLS 200-10] Checking synthesizability ...
WARNING: [SYNCHK 200-120] C:/Xilinx/Vitis_HLS/2022.2/common/technology/autopilot\ap_fixed_base.h:1273: multiplication is assumed not to overflow by default, otherwise, please add option '-fwrapv'.
WARNING: [SYNCHK 200-23] C:/Xilinx/Vitis_HLS/2022.2/common/technology/autopilot\ap_fixed_base.h:1102: variable-indexed range selection may cause suboptimal QoR.
INFO: [SYNCHK 200-10] 0 error(s), 2 warning(s).
INFO: [HLS 200-111] Finished Checking Synthesizability: CPU user time: 2 seconds. CPU system time: 0 seconds. Elapsed time: 1.637 seconds; current allocated memory: 204.867 MB.
INFO: [XFORM 203-102] Partitioning array 'clf_w::L0_W.V' in dimension 2 automatically.
INFO: [XFORM 203-102] Automatically partitioning small array 'logits' (src/ecg_classifier.cpp:35) completely based on array size.
INFO: [XFORM 203-101] Partitioning array 'logits' (src/ecg_classifier.cpp:35) in dimension 1 completely.
INFO: [XFORM 203-102] Partitioning array 'win01.V.10' (src/ecg_classifier.cpp:95) automatically.
INFO: [XFORM 203-102] Partitioning array 'win01.V.11' (src/ecg_classifier.cpp:95) automatically.
INFO: [XFORM 203-102] Partitioning array 'win23.V.6' (src/ecg_classifier.cpp:203) automatically.
INFO: [XFORM 203-102] Partitioning array 'win23.V.7' (src/ecg_classifier.cpp:203) automatically.
INFO: [XFORM 203-401] Performing if-conversion on hyperblock from (src/ecg_classifier.cpp:131:9) to (src/ecg_classifier.cpp:130:21) in function 'ecg_classifier'... converting 3 basic blocks.
INFO: [XFORM 203-401] Performing if-conversion on hyperblock from (src/ecg_classifier.cpp:231:9) to (src/ecg_classifier.cpp:230:21) in function 'ecg_classifier'... converting 3 basic blocks.
INFO: [XFORM 203-401] Performing if-conversion on hyperblock to (src/ecg_classifier.cpp:299:5) in function 'ecg_classifier'... converting 10 basic blocks.
INFO: [XFORM 203-401] Performing if-conversion on hyperblock to (src/ecg_classifier.cpp:74:5) in function 'ecg_classifier'... converting 16 basic blocks.
INFO: [XFORM 203-11] Balancing expressions in function 'ecg_classifier' (src/ecg_classifier.cpp:8:21)...6 expression(s) balanced.
INFO: [HLS 200-111] Finished Loop, function and other optimizations: CPU user time: 11 seconds. CPU system time: 0 seconds. Elapsed time: 12.075 seconds; current allocated memory: 267.996 MB.
WARNING: [HLS 200-960] Cannot flatten loop 'L0_OC_FILL' (src/ecg_classifier.cpp:127:26) in function 'ecg_classifier' the outer loop is not a perfect loop because there is nontrivial logic in the loop latch.
INFO: [XFORM 203-541] Flattening a loop nest 'L0_STRIDE_FILL' (src/ecg_classifier.cpp:113:22) in function 'ecg_classifier'.
INFO: [XFORM 203-541] Flattening a loop nest 'L1_IC' (src/ecg_classifier.cpp:146:23) in function 'ecg_classifier'.
WARNING: [HLS 200-960] Cannot flatten loop 'L1_OC' (src/ecg_classifier.cpp:145:22) in function 'ecg_classifier' the outer loop is not a perfect loop because there is nontrivial logic before entering the inner loop.
INFO: [XFORM 203-541] Flattening a loop nest 'L2_IC' (src/ecg_classifier.cpp:177:23) in function 'ecg_classifier'.
WARNING: [HLS 200-960] Cannot flatten loop 'L2_OC_GROUP' (src/ecg_classifier.cpp:176:22) in function 'ecg_classifier' the outer loop is not a perfect loop because there is nontrivial logic before entering the inner loop.
WARNING: [HLS 200-960] Cannot flatten loop 'L012_T' (src/ecg_classifier.cpp:110:18) in function 'ecg_classifier' more than one sub loop.
INFO: [XFORM 203-541] Flattening a loop nest 'L3_IC' (src/ecg_classifier.cpp:225:23) in function 'ecg_classifier'.
WARNING: [HLS 200-960] Cannot flatten loop 'L3_OC_GROUP' (src/ecg_classifier.cpp:224:22) in function 'ecg_classifier' the outer loop is not a perfect loop because there is nontrivial logic in the loop latch.
INFO: [XFORM 203-541] Flattening a loop nest 'L4_IC' (src/ecg_classifier.cpp:261:23) in function 'ecg_classifier'.
WARNING: [HLS 200-960] Cannot flatten loop 'L4_GAP_OC_GROUP' (src/ecg_classifier.cpp:260:22) in function 'ecg_classifier' the outer loop is not a perfect loop because there is nontrivial logic in the loop latch.
WARNING: [HLS 200-960] Cannot flatten loop 'L34_T' (src/ecg_classifier.cpp:220:20) in function 'ecg_classifier' more than one sub loop.
WARNING: [HLS 200-960] Cannot flatten loop 'D0_OC' (src/ecg_classifier.cpp:288:14) in function 'ecg_classifier' the outer loop is not a perfect loop because there is nontrivial logic before entering the inner loop.
WARNING: [HLS 200-960] Cannot flatten loop 'D1_OC' (src/ecg_classifier.cpp:299:14) in function 'ecg_classifier' the outer loop is not a perfect loop.
INFO: [HLS 200-472] Inferring partial write operation for 'input_buf.V' (src/ecg_classifier.cpp:49:22)
INFO: [HLS 200-472] Inferring partial write operation for 'norm_buf.V' (src/ecg_classifier.cpp:76:14)
INFO: [HLS 200-472] Inferring partial write operation for 'win0.V' (src/ecg_classifier.cpp:91:13)
INFO: [HLS 200-472] Inferring partial write operation for 'win01.V.2' (src/ecg_classifier.cpp:105:14)
INFO: [HLS 200-472] Inferring partial write operation for 'win0.V.6' (src/ecg_classifier.cpp:137:42)
INFO: [HLS 200-472] Inferring partial write operation for 'win0.V.5' (src/ecg_classifier.cpp:122:13)
INFO: [HLS 200-472] Inferring partial write operation for 'l1_out.V' (src/ecg_classifier.cpp:156:28)
INFO: [HLS 200-472] Inferring partial write operation for 'win01.V.2' (src/ecg_classifier.cpp:165:14)
INFO: [HLS 200-472] Inferring partial write operation for 'buf2_circ.V' (src/ecg_classifier.cpp:189:44)
INFO: [HLS 200-472] Inferring partial write operation for 'buf2_circ.V.1' (src/ecg_classifier.cpp:190:44)
INFO: [HLS 200-472] Inferring partial write operation for 'gap_buf.V' (src/ecg_classifier.cpp:199:13)
INFO: [HLS 200-472] Inferring partial write operation for 'win23.V.2' (src/ecg_classifier.cpp:213:14)
INFO: [HLS 200-472] Inferring partial write operation for 'l3_out.V' (src/ecg_classifier.cpp:240:35)
INFO: [HLS 200-472] Inferring partial write operation for 'l3_out.V.1' (src/ecg_classifier.cpp:241:35)
INFO: [HLS 200-472] Inferring partial write operation for 'win23.V.2' (src/ecg_classifier.cpp:250:14)
INFO: [HLS 200-472] Inferring partial write operation for 'gap_buf.V' (src/ecg_classifier.cpp:273:36)
INFO: [HLS 200-472] Inferring partial write operation for 'gap_buf.V.1' (src/ecg_classifier.cpp:274:36)
INFO: [HLS 200-472] Inferring partial write operation for 'gap_buf.V' (src/ecg_classifier.cpp:284:24)
INFO: [HLS 200-472] Inferring partial write operation for 'dense0_buf.V' (src/ecg_classifier.cpp:295:24)
WARNING: [ANALYSIS 214-52] Found false intra dependency for variable 'gap_buf.V.1' (src/ecg_classifier.cpp:33).
WARNING: [ANALYSIS 214-52] Found false intra dependency for variable 'gap_buf.V' (src/ecg_classifier.cpp:33).
INFO: [HLS 200-111] Finished Architecture Synthesis: CPU user time: 31 seconds. CPU system time: 3 seconds. Elapsed time: 34.964 seconds; current allocated memory: 453.035 MB.
INFO: [HLS 200-10] Starting hardware synthesis ...
INFO: [HLS 200-10] Synthesizing 'ecg_classifier' ...
INFO: [HLS 200-10] ----------------------------------------------------------------
INFO: [HLS 200-42] -- Implementing module 'ecg_classifier_Pipeline_READ_INPUT' 
INFO: [HLS 200-10] ----------------------------------------------------------------
INFO: [SCHED 204-11] Starting scheduling ...
INFO: [SCHED 204-61] Pipelining loop 'READ_INPUT'.
INFO: [HLS 200-1470] Pipelining result : Target II = 1, Final II = 1, Depth = 1, loop 'READ_INPUT'
INFO: [SCHED 204-11] Finished scheduling.
INFO: [HLS 200-111] Finished Scheduling: CPU user time: 3 seconds. CPU system time: 0 seconds. Elapsed time: 3.601 seconds; current allocated memory: 457.566 MB.
INFO: [BIND 205-100] Starting micro-architecture generation ...
INFO: [BIND 205-101] Performing variable lifetime analysis.
INFO: [BIND 205-101] Exploring resource sharing.
INFO: [BIND 205-101] Binding ...
INFO: [BIND 205-100] Finished micro-architecture generation.
INFO: [HLS 200-111] Finished Binding: CPU user time: 0 seconds. CPU system time: 0 seconds. Elapsed time: 0.206 seconds; current allocated memory: 458.754 MB.
INFO: [HLS 200-10] ----------------------------------------------------------------
INFO: [HLS 200-42] -- Implementing module 'ecg_classifier_Pipeline_ZNORM_MEAN' 
INFO: [HLS 200-10] ----------------------------------------------------------------
INFO: [SCHED 204-11] Starting scheduling ...
INFO: [SCHED 204-61] Pipelining loop 'ZNORM_MEAN'.
INFO: [HLS 200-1470] Pipelining result : Target II = 1, Final II = 1, Depth = 2, loop 'ZNORM_MEAN'
INFO: [SCHED 204-11] Finished scheduling.
INFO: [HLS 200-111] Finished Scheduling: CPU user time: 0 seconds. CPU system time: 0 seconds. Elapsed time: 0.252 seconds; current allocated memory: 458.996 MB.
INFO: [BIND 205-100] Starting micro-architecture generation ...
INFO: [BIND 205-101] Performing variable lifetime analysis.
INFO: [BIND 205-101] Exploring resource sharing.
INFO: [BIND 205-101] Binding ...
INFO: [BIND 205-100] Finished micro-architecture generation.
INFO: [HLS 200-111] Finished Binding: CPU user time: 0 seconds. CPU system time: 0 seconds. Elapsed time: 0.16 seconds; current allocated memory: 459.012 MB.
INFO: [HLS 200-10] ----------------------------------------------------------------
INFO: [HLS 200-42] -- Implementing module 'ecg_classifier_Pipeline_ZNORM_VAR' 
INFO: [HLS 200-10] ----------------------------------------------------------------
INFO: [SCHED 204-11] Starting scheduling ...
INFO: [SCHED 204-61] Pipelining loop 'ZNORM_VAR'.
INFO: [HLS 200-1470] Pipelining result : Target II = 1, Final II = 1, Depth = 4, loop 'ZNORM_VAR'
INFO: [SCHED 204-11] Finished scheduling.
INFO: [HLS 200-111] Finished Scheduling: CPU user time: 0 seconds. CPU system time: 0 seconds. Elapsed time: 0.265 seconds; current allocated memory: 459.340 MB.
INFO: [BIND 205-100] Starting micro-architecture generation ...
INFO: [BIND 205-101] Performing variable lifetime analysis.
INFO: [BIND 205-101] Exploring resource sharing.
INFO: [BIND 205-101] Binding ...
INFO: [BIND 205-100] Finished micro-architecture generation.
INFO: [HLS 200-111] Finished Binding: CPU user time: 0 seconds. CPU system time: 0 seconds. Elapsed time: 0.2 seconds; current allocated memory: 459.422 MB.
INFO: [HLS 200-10] ----------------------------------------------------------------
INFO: [HLS 200-42] -- Implementing module 'ecg_classifier_Pipeline_ZNORM_APPLY' 
INFO: [HLS 200-10] ----------------------------------------------------------------
INFO: [SCHED 204-11] Starting scheduling ...
INFO: [SCHED 204-61] Pipelining loop 'ZNORM_APPLY'.
INFO: [HLS 200-1470] Pipelining result : Target II = 1, Final II = 1, Depth = 3, loop 'ZNORM_APPLY'
INFO: [SCHED 204-11] Finished scheduling.
INFO: [HLS 200-111] Finished Scheduling: CPU user time: 0 seconds. CPU system time: 0 seconds. Elapsed time: 0.284 seconds; current allocated memory: 459.598 MB.
INFO: [BIND 205-100] Starting micro-architecture generation ...
INFO: [BIND 205-101] Performing variable lifetime analysis.
INFO: [BIND 205-101] Exploring resource sharing.
INFO: [BIND 205-101] Binding ...
INFO: [BIND 205-100] Finished micro-architecture generation.
INFO: [HLS 200-111] Finished Binding: CPU user time: 1 seconds. CPU system time: 0 seconds. Elapsed time: 0.175 seconds; current allocated memory: 459.602 MB.
INFO: [HLS 200-10] ----------------------------------------------------------------
INFO: [HLS 200-42] -- Implementing module 'ecg_classifier_Pipeline_L0_K_FILL' 
INFO: [HLS 200-10] ----------------------------------------------------------------
INFO: [SCHED 204-11] Starting scheduling ...
INFO: [SCHED 204-61] Pipelining loop 'L0_K_FILL'.
INFO: [HLS 200-1470] Pipelining result : Target II = 1, Final II = 1, Depth = 4, loop 'L0_K_FILL'
INFO: [SCHED 204-11] Finished scheduling.
INFO: [HLS 200-111] Finished Scheduling: CPU user time: 0 seconds. CPU system time: 0 seconds. Elapsed time: 0.319 seconds; current allocated memory: 460.113 MB.
INFO: [BIND 205-100] Starting micro-architecture generation ...
INFO: [BIND 205-101] Performing variable lifetime analysis.
INFO: [BIND 205-101] Exploring resource sharing.
INFO: [BIND 205-101] Binding ...
INFO: [BIND 205-100] Finished micro-architecture generation.
INFO: [HLS 200-111] Finished Binding: CPU user time: 0 seconds. CPU system time: 0 seconds. Elapsed time: 0.253 seconds; current allocated memory: 460.133 MB.
INFO: [HLS 200-10] ----------------------------------------------------------------
INFO: [HLS 200-42] -- Implementing module 'ecg_classifier_Pipeline_L1_IC_L1_K' 
INFO: [HLS 200-10] ----------------------------------------------------------------
INFO: [SCHED 204-11] Starting scheduling ...
INFO: [SCHED 204-61] Pipelining loop 'L1_IC_L1_K'.
INFO: [HLS 200-1470] Pipelining result : Target II = 1, Final II = 1, Depth = 5, loop 'L1_IC_L1_K'
INFO: [SCHED 204-11] Finished scheduling.
INFO: [HLS 200-111] Finished Scheduling: CPU user time: 0 seconds. CPU system time: 0 seconds. Elapsed time: 0.455 seconds; current allocated memory: 460.797 MB.
INFO: [BIND 205-100] Starting micro-architecture generation ...
INFO: [BIND 205-101] Performing variable lifetime analysis.
INFO: [BIND 205-101] Exploring resource sharing.
INFO: [BIND 205-101] Binding ...
INFO: [BIND 205-100] Finished micro-architecture generation.
INFO: [HLS 200-111] Finished Binding: CPU user time: 0 seconds. CPU system time: 0 seconds. Elapsed time: 0.257 seconds; current allocated memory: 460.949 MB.
INFO: [HLS 200-10] ----------------------------------------------------------------
INFO: [HLS 200-42] -- Implementing module 'ecg_classifier_Pipeline_L2_IC_L2_K' 
INFO: [HLS 200-10] ----------------------------------------------------------------
INFO: [SCHED 204-11] Starting scheduling ...
INFO: [SCHED 204-61] Pipelining loop 'L2_IC_L2_K'.
INFO: [HLS 200-1470] Pipelining result : Target II = 1, Final II = 1, Depth = 5, loop 'L2_IC_L2_K'
INFO: [SCHED 204-11] Finished scheduling.
INFO: [HLS 200-111] Finished Scheduling: CPU user time: 1 seconds. CPU system time: 0 seconds. Elapsed time: 0.402 seconds; current allocated memory: 461.719 MB.
INFO: [BIND 205-100] Starting micro-architecture generation ...
INFO: [BIND 205-101] Performing variable lifetime analysis.
INFO: [BIND 205-101] Exploring resource sharing.
INFO: [BIND 205-101] Binding ...
INFO: [BIND 205-100] Finished micro-architecture generation.
INFO: [HLS 200-111] Finished Binding: CPU user time: 0 seconds. CPU system time: 0 seconds. Elapsed time: 0.369 seconds; current allocated memory: 461.895 MB.
INFO: [HLS 200-10] ----------------------------------------------------------------
INFO: [HLS 200-42] -- Implementing module 'ecg_classifier_Pipeline_GAP_INIT' 
INFO: [HLS 200-10] ----------------------------------------------------------------
INFO: [SCHED 204-11] Starting scheduling ...
INFO: [SCHED 204-61] Pipelining loop 'GAP_INIT'.
INFO: [HLS 200-1470] Pipelining result : Target II = 1, Final II = 1, Depth = 1, loop 'GAP_INIT'
INFO: [SCHED 204-11] Finished scheduling.
INFO: [HLS 200-111] Finished Scheduling: CPU user time: 0 seconds. CPU system time: 0 seconds. Elapsed time: 0.408 seconds; current allocated memory: 462.207 MB.
INFO: [BIND 205-100] Starting micro-architecture generation ...
INFO: [BIND 205-101] Performing variable lifetime analysis.
INFO: [BIND 205-101] Exploring resource sharing.
INFO: [BIND 205-101] Binding ...
INFO: [BIND 205-100] Finished micro-architecture generation.
INFO: [HLS 200-111] Finished Binding: CPU user time: 0 seconds. CPU system time: 0 seconds. Elapsed time: 0.178 seconds; current allocated memory: 462.207 MB.
INFO: [HLS 200-10] ----------------------------------------------------------------
INFO: [HLS 200-42] -- Implementing module 'ecg_classifier_Pipeline_L3_IC_L3_K' 
INFO: [HLS 200-10] ----------------------------------------------------------------
INFO: [SCHED 204-11] Starting scheduling ...
INFO: [SCHED 204-61] Pipelining loop 'L3_IC_L3_K'.
INFO: [HLS 200-1470] Pipelining result : Target II = 1, Final II = 1, Depth = 38, loop 'L3_IC_L3_K'
INFO: [SCHED 204-11] Finished scheduling.
INFO: [HLS 200-111] Finished Scheduling: CPU user time: 1 seconds. CPU system time: 0 seconds. Elapsed time: 0.473 seconds; current allocated memory: 462.766 MB.
INFO: [BIND 205-100] Starting micro-architecture generation ...
INFO: [BIND 205-101] Performing variable lifetime analysis.
INFO: [BIND 205-101] Exploring resource sharing.
INFO: [BIND 205-101] Binding ...
INFO: [BIND 205-100] Finished micro-architecture generation.
INFO: [HLS 200-111] Finished Binding: CPU user time: 0 seconds. CPU system time: 0 seconds. Elapsed time: 0.592 seconds; current allocated memory: 463.051 MB.
INFO: [HLS 200-10] ----------------------------------------------------------------
INFO: [HLS 200-42] -- Implementing module 'ecg_classifier_Pipeline_L4_IC_L4_K' 
INFO: [HLS 200-10] ----------------------------------------------------------------
INFO: [SCHED 204-11] Starting scheduling ...
INFO: [SCHED 204-61] Pipelining loop 'L4_IC_L4_K'.
INFO: [HLS 200-1470] Pipelining result : Target II = 1, Final II = 1, Depth = 4, loop 'L4_IC_L4_K'
INFO: [SCHED 204-11] Finished scheduling.
INFO: [HLS 200-111] Finished Scheduling: CPU user time: 1 seconds. CPU system time: 0 seconds. Elapsed time: 0.657 seconds; current allocated memory: 463.680 MB.
INFO: [BIND 205-100] Starting micro-architecture generation ...
INFO: [BIND 205-101] Performing variable lifetime analysis.
INFO: [BIND 205-101] Exploring resource sharing.
INFO: [BIND 205-101] Binding ...
INFO: [BIND 205-100] Finished micro-architecture generation.
INFO: [HLS 200-111] Finished Binding: CPU user time: 0 seconds. CPU system time: 0 seconds. Elapsed time: 0.264 seconds; current allocated memory: 463.711 MB.
INFO: [HLS 200-10] ----------------------------------------------------------------
INFO: [HLS 200-42] -- Implementing module 'ecg_classifier_Pipeline_GAP_NORM' 
INFO: [HLS 200-10] ----------------------------------------------------------------
INFO: [SCHED 204-11] Starting scheduling ...
INFO: [SCHED 204-61] Pipelining loop 'GAP_NORM'.
WARNING: [HLS 200-885] The II Violation in module 'ecg_classifier_Pipeline_GAP_NORM' (loop 'GAP_NORM'): Unable to schedule 'load' operation ('gap_buf_V_load', src/ecg_classifier.cpp:283) on array 'gap_buf_V' due to limited memory ports (II = 1). Please consider using a memory core with more ports or partitioning the array 'gap_buf_V'.
INFO: [HLS 200-1470] Pipelining result : Target II = 1, Final II = 2, Depth = 4, loop 'GAP_NORM'
INFO: [SCHED 204-11] Finished scheduling.
INFO: [HLS 200-111] Finished Scheduling: CPU user time: 0 seconds. CPU system time: 0 seconds. Elapsed time: 0.468 seconds; current allocated memory: 463.836 MB.
INFO: [BIND 205-100] Starting micro-architecture generation ...
INFO: [BIND 205-101] Performing variable lifetime analysis.
INFO: [BIND 205-101] Exploring resource sharing.
INFO: [BIND 205-101] Binding ...
INFO: [BIND 205-100] Finished micro-architecture generation.
INFO: [HLS 200-111] Finished Binding: CPU user time: 0 seconds. CPU system time: 0 seconds. Elapsed time: 0.208 seconds; current allocated memory: 463.902 MB.
INFO: [HLS 200-10] ----------------------------------------------------------------
INFO: [HLS 200-42] -- Implementing module 'ecg_classifier_Pipeline_D0_IC' 
INFO: [HLS 200-10] ----------------------------------------------------------------
INFO: [SCHED 204-11] Starting scheduling ...
INFO: [SCHED 204-61] Pipelining loop 'D0_IC'.
INFO: [HLS 200-1470] Pipelining result : Target II = 1, Final II = 1, Depth = 4, loop 'D0_IC'
INFO: [SCHED 204-11] Finished scheduling.
INFO: [HLS 200-111] Finished Scheduling: CPU user time: 0 seconds. CPU system time: 0 seconds. Elapsed time: 0.272 seconds; current allocated memory: 464.098 MB.
INFO: [BIND 205-100] Starting micro-architecture generation ...
INFO: [BIND 205-101] Performing variable lifetime analysis.
INFO: [BIND 205-101] Exploring resource sharing.
INFO: [BIND 205-101] Binding ...
INFO: [BIND 205-100] Finished micro-architecture generation.
INFO: [HLS 200-111] Finished Binding: CPU user time: 0 seconds. CPU system time: 0 seconds. Elapsed time: 0.191 seconds; current allocated memory: 464.098 MB.
INFO: [HLS 200-10] ----------------------------------------------------------------
INFO: [HLS 200-42] -- Implementing module 'ecg_classifier_Pipeline_D1_IC' 
INFO: [HLS 200-10] ----------------------------------------------------------------
INFO: [SCHED 204-11] Starting scheduling ...
INFO: [SCHED 204-61] Pipelining loop 'D1_IC'.
INFO: [HLS 200-1470] Pipelining result : Target II = 1, Final II = 1, Depth = 4, loop 'D1_IC'
INFO: [SCHED 204-11] Finished scheduling.
INFO: [HLS 200-111] Finished Scheduling: CPU user time: 0 seconds. CPU system time: 1 seconds. Elapsed time: 0.3 seconds; current allocated memory: 464.160 MB.
INFO: [BIND 205-100] Starting micro-architecture generation ...
INFO: [BIND 205-101] Performing variable lifetime analysis.
INFO: [BIND 205-101] Exploring resource sharing.
INFO: [BIND 205-101] Binding ...
INFO: [BIND 205-100] Finished micro-architecture generation.
INFO: [HLS 200-111] Finished Binding: CPU user time: 0 seconds. CPU system time: 0 seconds. Elapsed time: 0.242 seconds; current allocated memory: 464.184 MB.
INFO: [HLS 200-10] ----------------------------------------------------------------
INFO: [HLS 200-42] -- Implementing module 'ecg_classifier_Pipeline_WRITE_OUTPUT' 
INFO: [HLS 200-10] ----------------------------------------------------------------
INFO: [SCHED 204-11] Starting scheduling ...
INFO: [SCHED 204-61] Pipelining loop 'WRITE_OUTPUT'.
INFO: [HLS 200-1470] Pipelining result : Target II = 1, Final II = 1, Depth = 11, loop 'WRITE_OUTPUT'
INFO: [SCHED 204-11] Finished scheduling.
INFO: [HLS 200-111] Finished Scheduling: CPU user time: 0 seconds. CPU system time: 0 seconds. Elapsed time: 0.336 seconds; current allocated memory: 464.324 MB.
INFO: [BIND 205-100] Starting micro-architecture generation ...
INFO: [BIND 205-101] Performing variable lifetime analysis.
INFO: [BIND 205-101] Exploring resource sharing.
INFO: [BIND 205-101] Binding ...
INFO: [BIND 205-100] Finished micro-architecture generation.
INFO: [HLS 200-111] Finished Binding: CPU user time: 0 seconds. CPU system time: 0 seconds. Elapsed time: 0.283 seconds; current allocated memory: 464.559 MB.
INFO: [HLS 200-10] ----------------------------------------------------------------
INFO: [HLS 200-42] -- Implementing module 'ecg_classifier' 
INFO: [HLS 200-10] ----------------------------------------------------------------
INFO: [SCHED 204-11] Starting scheduling ...
INFO: [SCHED 204-11] Finished scheduling.
INFO: [HLS 200-111] Finished Scheduling: CPU user time: 14 seconds. CPU system time: 0 seconds. Elapsed time: 14.524 seconds; current allocated memory: 539.918 MB.
INFO: [BIND 205-100] Starting micro-architecture generation ...
INFO: [BIND 205-101] Performing variable lifetime analysis.
INFO: [BIND 205-101] Exploring resource sharing.
WARNING: [BIND 205-102] The specified resource core for memory 'gap_buf_V' will be ignored if a simpler one can be used.
WARNING: [BIND 205-102] The specified resource core for memory 'gap_buf_V_1' will be ignored if a simpler one can be used.
WARNING: [BIND 205-102] The specified resource core for memory 'dense0_buf_V' will be ignored if a simpler one can be used.
WARNING: [BIND 205-102] The specified resource core for memory 'dense0_buf_V_1' will be ignored if a simpler one can be used.
INFO: [BIND 205-101] Binding ...
INFO: [BIND 205-100] Finished micro-architecture generation.
INFO: [HLS 200-111] Finished Binding: CPU user time: 9 seconds. CPU system time: 0 seconds. Elapsed time: 9.79 seconds; current allocated memory: 539.918 MB.
INFO: [HLS 200-10] ----------------------------------------------------------------
INFO: [HLS 200-10] -- Generating RTL for module 'ecg_classifier_Pipeline_READ_INPUT' 
INFO: [HLS 200-10] ----------------------------------------------------------------
INFO: [RTGEN 206-100] Finished creating RTL model for 'ecg_classifier_Pipeline_READ_INPUT'.
INFO: [HLS 200-111] Finished Creating RTL model: CPU user time: 6 seconds. CPU system time: 1 seconds. Elapsed time: 6.632 seconds; current allocated memory: 539.918 MB.
INFO: [HLS 200-10] ----------------------------------------------------------------
INFO: [HLS 200-10] -- Generating RTL for module 'ecg_classifier_Pipeline_ZNORM_MEAN' 
INFO: [HLS 200-10] ----------------------------------------------------------------
INFO: [HLS 200-1030] Apply Unified Pipeline Control on module 'ecg_classifier_Pipeline_ZNORM_MEAN' pipeline 'ZNORM_MEAN' pipeline type 'loop pipeline'
INFO: [RTGEN 206-100] Generating core module 'mux_21_32_1_1': 1 instance(s).
INFO: [RTGEN 206-100] Finished creating RTL model for 'ecg_classifier_Pipeline_ZNORM_MEAN'.
INFO: [HLS 200-111] Finished Creating RTL model: CPU user time: 0 seconds. CPU system time: 0 seconds. Elapsed time: 0.309 seconds; current allocated memory: 539.918 MB.
INFO: [HLS 200-10] ----------------------------------------------------------------
INFO: [HLS 200-10] -- Generating RTL for module 'ecg_classifier_Pipeline_ZNORM_VAR' 
INFO: [HLS 200-10] ----------------------------------------------------------------
INFO: [HLS 200-1030] Apply Unified Pipeline Control on module 'ecg_classifier_Pipeline_ZNORM_VAR' pipeline 'ZNORM_VAR' pipeline type 'loop pipeline'
INFO: [RTGEN 206-100] Generating core module 'mul_40s_40s_72_1_1': 1 instance(s).
INFO: [RTGEN 206-100] Generating core module 'mux_21_32_1_1': 1 instance(s).
INFO: [RTGEN 206-100] Finished creating RTL model for 'ecg_classifier_Pipeline_ZNORM_VAR'.
INFO: [HLS 200-111] Finished Creating RTL model: CPU user time: 0 seconds. CPU system time: 0 seconds. Elapsed time: 0.41 seconds; current allocated memory: 539.918 MB.
INFO: [HLS 200-10] ----------------------------------------------------------------
INFO: [HLS 200-10] -- Generating RTL for module 'ecg_classifier_Pipeline_ZNORM_APPLY' 
INFO: [HLS 200-10] ----------------------------------------------------------------
INFO: [HLS 200-1030] Apply Unified Pipeline Control on module 'ecg_classifier_Pipeline_ZNORM_APPLY' pipeline 'ZNORM_APPLY' pipeline type 'loop pipeline'
INFO: [RTGEN 206-100] Generating core module 'mul_33s_32s_48_1_1': 1 instance(s).
INFO: [RTGEN 206-100] Generating core module 'mux_21_32_1_1': 1 instance(s).
INFO: [RTGEN 206-100] Finished creating RTL model for 'ecg_classifier_Pipeline_ZNORM_APPLY'.
INFO: [HLS 200-111] Finished Creating RTL model: CPU user time: 0 seconds. CPU system time: 0 seconds. Elapsed time: 0.441 seconds; current allocated memory: 539.918 MB.
INFO: [HLS 200-10] ----------------------------------------------------------------
INFO: [HLS 200-10] -- Generating RTL for module 'ecg_classifier_Pipeline_L0_K_FILL' 
INFO: [HLS 200-10] ----------------------------------------------------------------
INFO: [HLS 200-1030] Apply Unified Pipeline Control on module 'ecg_classifier_Pipeline_L0_K_FILL' pipeline 'L0_K_FILL' pipeline type 'loop pipeline'
INFO: [RTGEN 206-100] Generating core module 'mul_27s_40s_66_1_1': 1 instance(s).
INFO: [RTGEN 206-100] Generating core module 'mux_21_32_1_1': 1 instance(s).
INFO: [RTGEN 206-100] Finished creating RTL model for 'ecg_classifier_Pipeline_L0_K_FILL'.
INFO: [RTMG 210-279] Implementing memory 'ecg_classifier_ecg_classifier_Pipeline_L0_K_FILL_L0_W_V_0_ROM_AUTO_1R' using auto ROMs.
INFO: [HLS 200-111] Finished Creating RTL model: CPU user time: 1 seconds. CPU system time: 0 seconds. Elapsed time: 0.439 seconds; current allocated memory: 539.918 MB.
INFO: [HLS 200-10] ----------------------------------------------------------------
INFO: [HLS 200-10] -- Generating RTL for module 'ecg_classifier_Pipeline_L1_IC_L1_K' 
INFO: [HLS 200-10] ----------------------------------------------------------------
INFO: [HLS 200-1030] Apply Unified Pipeline Control on module 'ecg_classifier_Pipeline_L1_IC_L1_K' pipeline 'L1_IC_L1_K' pipeline type 'loop pipeline'
INFO: [RTGEN 206-100] Generating core module 'mul_23s_40s_62_1_1': 1 instance(s).
INFO: [RTGEN 206-100] Generating core module 'mux_73_32_1_1': 1 instance(s).
INFO: [RTGEN 206-100] Finished creating RTL model for 'ecg_classifier_Pipeline_L1_IC_L1_K'.
INFO: [RTMG 210-279] Implementing memory 'ecg_classifier_ecg_classifier_Pipeline_L1_IC_L1_K_clf_w_L1_W_V_ROM_AUTO_1R' using auto ROMs.
INFO: [HLS 200-111] Finished Creating RTL model: CPU user time: 0 seconds. CPU system time: 0 seconds. Elapsed time: 0.581 seconds; current allocated memory: 539.918 MB.
INFO: [HLS 200-10] ----------------------------------------------------------------
INFO: [HLS 200-10] -- Generating RTL for module 'ecg_classifier_Pipeline_L2_IC_L2_K' 
INFO: [HLS 200-10] ----------------------------------------------------------------
INFO: [HLS 200-1030] Apply Unified Pipeline Control on module 'ecg_classifier_Pipeline_L2_IC_L2_K' pipeline 'L2_IC_L2_K' pipeline type 'loop pipeline'
INFO: [RTGEN 206-100] Generating core module 'mul_23s_39ns_62_1_1': 2 instance(s).
INFO: [RTGEN 206-100] Generating core module 'mux_21_31_1_1': 10 instance(s).
INFO: [RTGEN 206-100] Generating core module 'mux_53_31_1_1': 1 instance(s).
INFO: [RTGEN 206-100] Finished creating RTL model for 'ecg_classifier_Pipeline_L2_IC_L2_K'.
INFO: [RTMG 210-279] Implementing memory 'ecg_classifier_ecg_classifier_Pipeline_L2_IC_L2_K_clf_w_L2_W_V_ROM_AUTO_1R' using auto ROMs.
INFO: [HLS 200-111] Finished Creating RTL model: CPU user time: 1 seconds. CPU system time: 0 seconds. Elapsed time: 0.704 seconds; current allocated memory: 539.918 MB.
INFO: [HLS 200-10] ----------------------------------------------------------------
INFO: [HLS 200-10] -- Generating RTL for module 'ecg_classifier_Pipeline_GAP_INIT' 
INFO: [HLS 200-10] ----------------------------------------------------------------
INFO: [RTGEN 206-100] Finished creating RTL model for 'ecg_classifier_Pipeline_GAP_INIT'.
INFO: [HLS 200-111] Finished Creating RTL model: CPU user time: 0 seconds. CPU system time: 0 seconds. Elapsed time: 0.689 seconds; current allocated memory: 539.918 MB.
INFO: [HLS 200-10] ----------------------------------------------------------------
INFO: [HLS 200-10] -- Generating RTL for module 'ecg_classifier_Pipeline_L3_IC_L3_K' 
INFO: [HLS 200-10] ----------------------------------------------------------------
INFO: [HLS 200-1030] Apply Unified Pipeline Control on module 'ecg_classifier_Pipeline_L3_IC_L3_K' pipeline 'L3_IC_L3_K' pipeline type 'loop pipeline'
INFO: [RTGEN 206-100] Generating core module 'mul_22s_31ns_53_1_1': 2 instance(s).
INFO: [RTGEN 206-100] Generating core module 'mux_21_15_1_1': 5 instance(s).
INFO: [RTGEN 206-100] Generating core module 'mux_53_15_1_1': 1 instance(s).
INFO: [RTGEN 206-100] Generating core module 'urem_32s_4ns_3_36_1': 1 instance(s).
INFO: [RTGEN 206-100] Finished creating RTL model for 'ecg_classifier_Pipeline_L3_IC_L3_K'.
INFO: [RTMG 210-279] Implementing memory 'ecg_classifier_ecg_classifier_Pipeline_L3_IC_L3_K_clf_w_L3_W_V_ROM_AUTO_1R' using auto ROMs.
INFO: [HLS 200-111] Finished Creating RTL model: CPU user time: 1 seconds. CPU system time: 0 seconds. Elapsed time: 0.711 seconds; current allocated memory: 539.918 MB.
INFO: [HLS 200-10] ----------------------------------------------------------------
INFO: [HLS 200-10] -- Generating RTL for module 'ecg_classifier_Pipeline_L4_IC_L4_K' 
INFO: [HLS 200-10] ----------------------------------------------------------------
INFO: [HLS 200-1030] Apply Unified Pipeline Control on module 'ecg_classifier_Pipeline_L4_IC_L4_K' pipeline 'L4_IC_L4_K' pipeline type 'loop pipeline'
INFO: [RTGEN 206-100] Generating core module 'mul_22s_39ns_61_1_1': 2 instance(s).
INFO: [RTGEN 206-100] Generating core module 'mux_21_31_1_1': 6 instance(s).
INFO: [RTGEN 206-100] Generating core module 'mux_32_31_1_1': 1 instance(s).
INFO: [RTGEN 206-100] Finished creating RTL model for 'ecg_classifier_Pipeline_L4_IC_L4_K'.
INFO: [RTMG 210-279] Implementing memory 'ecg_classifier_ecg_classifier_Pipeline_L4_IC_L4_K_clf_w_L4_W_V_ROM_AUTO_1R' using auto ROMs.
INFO: [HLS 200-111] Finished Creating RTL model: CPU user time: 0 seconds. CPU system time: 0 seconds. Elapsed time: 1.09 seconds; current allocated memory: 539.918 MB.
INFO: [HLS 200-10] ----------------------------------------------------------------
INFO: [HLS 200-10] -- Generating RTL for module 'ecg_classifier_Pipeline_GAP_NORM' 
INFO: [HLS 200-10] ----------------------------------------------------------------
INFO: [HLS 200-1030] Apply Unified Pipeline Control on module 'ecg_classifier_Pipeline_GAP_NORM' pipeline 'GAP_NORM' pipeline type 'loop pipeline'
INFO: [RTGEN 206-100] Generating core module 'mul_32s_12ns_44_1_1': 1 instance(s).
INFO: [RTGEN 206-100] Generating core module 'mux_21_32_1_1': 1 instance(s).
INFO: [RTGEN 206-100] Finished creating RTL model for 'ecg_classifier_Pipeline_GAP_NORM'.
INFO: [HLS 200-111] Finished Creating RTL model: CPU user time: 1 seconds. CPU system time: 1 seconds. Elapsed time: 0.727 seconds; current allocated memory: 539.918 MB.
INFO: [HLS 200-10] ----------------------------------------------------------------
INFO: [HLS 200-10] -- Generating RTL for module 'ecg_classifier_Pipeline_D0_IC' 
INFO: [HLS 200-10] ----------------------------------------------------------------
INFO: [HLS 200-1030] Apply Unified Pipeline Control on module 'ecg_classifier_Pipeline_D0_IC' pipeline 'D0_IC' pipeline type 'loop pipeline'
INFO: [RTGEN 206-100] Generating core module 'mul_24s_40s_63_1_1': 1 instance(s).
INFO: [RTGEN 206-100] Generating core module 'mux_21_32_1_1': 1 instance(s).
INFO: [RTGEN 206-100] Finished creating RTL model for 'ecg_classifier_Pipeline_D0_IC'.
INFO: [RTMG 210-279] Implementing memory 'ecg_classifier_ecg_classifier_Pipeline_D0_IC_clf_w_L5_W_V_ROM_AUTO_1R' using auto ROMs.
INFO: [HLS 200-111] Finished Creating RTL model: CPU user time: 0 seconds. CPU system time: 0 seconds. Elapsed time: 0.604 seconds; current allocated memory: 539.918 MB.
INFO: [HLS 200-10] ----------------------------------------------------------------
INFO: [HLS 200-10] -- Generating RTL for module 'ecg_classifier_Pipeline_D1_IC' 
INFO: [HLS 200-10] ----------------------------------------------------------------
INFO: [HLS 200-1030] Apply Unified Pipeline Control on module 'ecg_classifier_Pipeline_D1_IC' pipeline 'D1_IC' pipeline type 'loop pipeline'
INFO: [RTGEN 206-100] Generating core module 'mul_24s_39ns_63_1_1': 1 instance(s).
INFO: [RTGEN 206-100] Generating core module 'mux_21_31_1_1': 1 instance(s).
INFO: [RTGEN 206-100] Finished creating RTL model for 'ecg_classifier_Pipeline_D1_IC'.
INFO: [RTMG 210-279] Implementing memory 'ecg_classifier_ecg_classifier_Pipeline_D1_IC_clf_w_L6_W_V_ROM_AUTO_1R' using auto ROMs.
INFO: [HLS 200-111] Finished Creating RTL model: CPU user time: 1 seconds. CPU system time: 0 seconds. Elapsed time: 0.556 seconds; current allocated memory: 539.918 MB.
INFO: [HLS 200-10] ----------------------------------------------------------------
INFO: [HLS 200-10] -- Generating RTL for module 'ecg_classifier_Pipeline_WRITE_OUTPUT' 
INFO: [HLS 200-10] ----------------------------------------------------------------
INFO: [HLS 200-1030] Apply Unified Pipeline Control on module 'ecg_classifier_Pipeline_WRITE_OUTPUT' pipeline 'WRITE_OUTPUT' pipeline type 'loop pipeline'
INFO: [RTGEN 206-100] Generating core module 'fdiv_32ns_32ns_32_10_no_dsp_1': 1 instance(s).
INFO: [RTGEN 206-100] Finished creating RTL model for 'ecg_classifier_Pipeline_WRITE_OUTPUT'.
INFO: [HLS 200-111] Finished Creating RTL model: CPU user time: 0 seconds. CPU system time: 0 seconds. Elapsed time: 0.462 seconds; current allocated memory: 539.918 MB.
INFO: [HLS 200-10] ----------------------------------------------------------------
INFO: [HLS 200-10] -- Generating RTL for module 'ecg_classifier' 
INFO: [HLS 200-10] ----------------------------------------------------------------
WARNING: [RTGEN 206-101] Design contains AXI ports. Reset is fixed to synchronous and active low.
INFO: [RTGEN 206-500] Setting interface mode on port 'ecg_classifier/in_stream_V_data_V' to 'axis' (register, both mode).
INFO: [RTGEN 206-500] Setting interface mode on port 'ecg_classifier/in_stream_V_keep_V' to 'axis' (register, both mode).
INFO: [RTGEN 206-500] Setting interface mode on port 'ecg_classifier/in_stream_V_strb_V' to 'axis' (register, both mode).
INFO: [RTGEN 206-500] Setting interface mode on port 'ecg_classifier/in_stream_V_user_V' to 'axis' (register, both mode).
INFO: [RTGEN 206-500] Setting interface mode on port 'ecg_classifier/in_stream_V_last_V' to 'axis' (register, both mode).
INFO: [RTGEN 206-500] Setting interface mode on port 'ecg_classifier/in_stream_V_id_V' to 'axis' (register, both mode).
INFO: [RTGEN 206-500] Setting interface mode on port 'ecg_classifier/in_stream_V_dest_V' to 'axis' (register, both mode).
INFO: [RTGEN 206-500] Setting interface mode on port 'ecg_classifier/out_stream_V_data_V' to 'axis' (register, both mode).
INFO: [RTGEN 206-500] Setting interface mode on port 'ecg_classifier/out_stream_V_keep_V' to 'axis' (register, both mode).
INFO: [RTGEN 206-500] Setting interface mode on port 'ecg_classifier/out_stream_V_strb_V' to 'axis' (register, both mode).
INFO: [RTGEN 206-500] Setting interface mode on port 'ecg_classifier/out_stream_V_user_V' to 'axis' (register, both mode).
INFO: [RTGEN 206-500] Setting interface mode on port 'ecg_classifier/out_stream_V_last_V' to 'axis' (register, both mode).
INFO: [RTGEN 206-500] Setting interface mode on port 'ecg_classifier/out_stream_V_id_V' to 'axis' (register, both mode).
INFO: [RTGEN 206-500] Setting interface mode on port 'ecg_classifier/out_stream_V_dest_V' to 'axis' (register, both mode).
INFO: [RTGEN 206-500] Setting interface mode on function 'ecg_classifier' to 'ap_ctrl_hs'.
INFO: [RTGEN 206-104] Estimated max fanout for 'ecg_classifier' is 12343 from HDL expression: (1'b1 == ap_CS_fsm_state130)
INFO: [RTGEN 206-100] Generating core module 'fadd_32ns_32ns_32_4_full_dsp_1': 1 instance(s).
INFO: [RTGEN 206-100] Generating core module 'fcmp_32ns_32ns_1_2_no_dsp_1': 1 instance(s).
INFO: [RTGEN 206-100] Generating core module 'fexp_32ns_32ns_32_8_full_dsp_1': 2 instance(s).
INFO: [RTGEN 206-100] Generating core module 'fpext_32ns_64_2_no_dsp_1': 1 instance(s).
INFO: [RTGEN 206-100] Generating core module 'fsqrt_32ns_32ns_32_10_no_dsp_1': 1 instance(s).
INFO: [RTGEN 206-100] Generating core module 'mul_48s_10ns_56_1_1': 2 instance(s).
INFO: [RTGEN 206-100] Generating core module 'sdiv_34ns_32s_32_38_seq_1': 1 instance(s).
INFO: [RTGEN 206-100] Finished creating RTL model for 'ecg_classifier'.
INFO: [RTMG 210-279] Implementing memory 'ecg_classifier_clf_w_L0_b_V_ROM_AUTO_1R' using auto ROMs.
INFO: [RTMG 210-279] Implementing memory 'ecg_classifier_clf_w_L1_b_V_ROM_AUTO_1R' using auto ROMs.
INFO: [RTMG 210-279] Implementing memory 'ecg_classifier_clf_w_L2_b_V_ROM_AUTO_1R' using auto ROMs.
INFO: [RTMG 210-279] Implementing memory 'ecg_classifier_clf_w_L3_b_V_ROM_AUTO_1R' using auto ROMs.
INFO: [RTMG 210-279] Implementing memory 'ecg_classifier_clf_w_L4_b_V_ROM_AUTO_1R' using auto ROMs.
INFO: [RTMG 210-279] Implementing memory 'ecg_classifier_clf_w_L5_b_V_ROM_AUTO_1R' using auto ROMs.
INFO: [RTMG 210-279] Implementing memory 'ecg_classifier_clf_w_L6_b_V_ROM_AUTO_1R' using auto ROMs.
INFO: [RTMG 210-278] Implementing memory 'ecg_classifier_input_buf_V_RAM_1P_LUTRAM_1R1W' using distributed RAMs.
INFO: [RTMG 210-278] Implementing memory 'ecg_classifier_buf2_circ_V_RAM_AUTO_1R1W' using auto RAMs.
INFO: [RTMG 210-278] Implementing memory 'ecg_classifier_gap_buf_V_RAM_1P_LUTRAM_1R1W' using distributed RAMs.
INFO: [RTMG 210-278] Implementing memory 'ecg_classifier_dense0_buf_V_RAM_1P_LUTRAM_1R1W' using distributed RAMs.
INFO: [RTMG 210-278] Implementing memory 'ecg_classifier_win0_V_RAM_AUTO_1R1W' using auto RAMs.
INFO: [RTMG 210-278] Implementing memory 'ecg_classifier_win0_V_1_RAM_AUTO_1R1W' using auto RAMs.
INFO: [RTMG 210-278] Implementing memory 'ecg_classifier_win0_V_6_RAM_AUTO_1R1W' using auto RAMs.
INFO: [RTMG 210-278] Implementing memory 'ecg_classifier_win01_V_RAM_AUTO_1R1W' using auto RAMs.
INFO: [RTMG 210-278] Implementing memory 'ecg_classifier_win01_V_2_RAM_AUTO_1R1W' using auto RAMs.
INFO: [RTMG 210-278] Implementing memory 'ecg_classifier_l1_out_V_RAM_AUTO_1R1W' using auto RAMs.
INFO: [RTMG 210-278] Implementing memory 'ecg_classifier_l3_out_V_RAM_AUTO_1R1W' using auto RAMs.
INFO: [HLS 200-111] Finished Creating RTL model: CPU user time: 3 seconds. CPU system time: 0 seconds. Elapsed time: 4.461 seconds; current allocated memory: 556.684 MB.
INFO: [HLS 200-111] Finished Generating all RTL models: CPU user time: 18 seconds. CPU system time: 5 seconds. Elapsed time: 26.014 seconds; current allocated memory: 654.875 MB.
INFO: [HLS 200-111] Finished Updating report files: CPU user time: 3 seconds. CPU system time: 1 seconds. Elapsed time: 5.162 seconds; current allocated memory: 654.875 MB.
INFO: [VHDL 208-304] Generating VHDL RTL for ecg_classifier.
INFO: [VLOG 209-307] Generating Verilog RTL for ecg_classifier.
INFO: [HLS 200-790] **** Loop Constraint Status: All loop constraints were NOT satisfied.
INFO: [HLS 200-789] **** Estimated Fmax: 107.61 MHz
INFO: [HLS 200-111] Finished Command csynth_design CPU user time: 121 seconds. CPU system time: 15 seconds. Elapsed time: 627.413 seconds; current allocated memory: 546.242 MB.
INFO: [HLS 200-112] Total CPU user time: 123 seconds. Total CPU system time: 16 seconds. Total elapsed time: 640.937 seconds; peak allocated memory: 654.875 MB.
==============================================================
Vitis HLS - High-Level Synthesis from C, C++ and OpenCL v2022.2 (64-bit)
Tool Version Limit: 2019.12
Copyright 1986-2022 Xilinx, Inc. All Rights Reserved.
==============================================================
INFO: [SYN 201-201] Setting up clock 'default' with a period of 13ns.
INFO: [HLS 200-1611] Setting target device to 'xc7z030-sbg485-2'
INFO: [HLS 200-1505] Using flow_target 'vivado'
INFO: [HLS 200-1464] Running solution command: config_export -description {ECG Classifier 1D-CNN}
INFO: [HLS 200-1464] Running solution command: config_export -display_name=ecg_classifier
INFO: [HLS 200-1464] Running solution command: config_export -library=ECG
INFO: [HLS 200-1464] Running solution command: config_export -output=C:/ecg_hls/ecg_classifier_ip
INFO: [HLS 200-1464] Running solution command: config_export -vendor=MyOrg
INFO: [HLS 200-1464] Running solution command: config_export -version=1.0
INFO: [HLS 200-1510] Running: set_part xc7z030-sbg485-2 
INFO: [HLS 200-1510] Running: create_clock -period 13 -name default 
INFO: [HLS 200-1510] Running: config_export -description ECG Classifier 1D-CNN -display_name ecg_classifier -library ECG -output C:/ecg_hls/ecg_classifier_ip -vendor MyOrg -version 1.0 
INFO: [HLS 200-1510] Running: source ./ecg_classifier_ip/solution1/directives.tcl
INFO: [HLS 200-1510] Running: set_directive_top -name ecg_classifier ecg_classifier 
INFO: [HLS 200-1510] Running: export_design -rtl verilog -format ip_catalog -output C:/ecg_hls/ecg_classifier_ip 
INFO: [IMPL 213-8] Exporting RTL as a Vivado IP.
INFO: [HLS 200-802] Generated output file ecg_classifier_ip/export.zip
INFO: [HLS 200-111] Finished Command export_design CPU user time: 2 seconds. CPU system time: 0 seconds. Elapsed time: 80.285 seconds; current allocated memory: 9.918 MB.
INFO: [HLS 200-112] Total CPU user time: 4 seconds. Total CPU system time: 2 seconds. Total elapsed time: 93.833 seconds; peak allocated memory: 115.445 MB.
==============================================================
Vitis HLS - High-Level Synthesis from C, C++ and OpenCL v2022.2 (64-bit)
Tool Version Limit: 2019.12
Copyright 1986-2022 Xilinx, Inc. All Rights Reserved.
==============================================================
INFO: [SYN 201-201] Setting up clock 'default' with a period of 13ns.
INFO: [HLS 200-1611] Setting target device to 'xc7z030-sbg485-2'
INFO: [HLS 200-1505] Using flow_target 'vivado'
INFO: [HLS 200-1464] Running solution command: config_export -description {ECG Classifier 1D-CNN}
INFO: [HLS 200-1464] Running solution command: config_export -display_name=ecg_classifier
INFO: [HLS 200-1464] Running solution command: config_export -format=ip_catalog
INFO: [HLS 200-1464] Running solution command: config_export -library=ECG
INFO: [HLS 200-1464] Running solution command: config_export -output=C:/ecg_hls/ecg_classifier_ip
INFO: [HLS 200-1464] Running solution command: config_export -rtl=verilog
INFO: [HLS 200-1464] Running solution command: config_export -vendor=MyOrg
INFO: [HLS 200-1464] Running solution command: config_export -version=1.0
INFO: [HLS 200-1510] Running: set_part xc7z030-sbg485-2 
INFO: [HLS 200-1510] Running: create_clock -period 13 -name default 
INFO: [HLS 200-1510] Running: config_export -description ECG Classifier 1D-CNN -display_name ecg_classifier -format ip_catalog -library ECG -output C:/ecg_hls/ecg_classifier_ip -rtl verilog -vendor MyOrg -version 1.0 
INFO: [HLS 200-1510] Running: source ./ecg_classifier_ip/solution1/directives.tcl
INFO: [HLS 200-1510] Running: set_directive_top -name ecg_classifier ecg_classifier 
INFO: [HLS 200-1510] Running: csim_design -clean -quiet 
INFO: [SIM 211-2] *************** CSIM start ***************
INFO: [SIM 211-4] CSIM will launch GCC as the compiler.
INFO: [SIM 211-1] CSim done with 0 errors.
INFO: [SIM 211-3] *************** CSIM finish ***************
INFO: [HLS 200-111] Finished Command csim_design CPU user time: 0 seconds. CPU system time: 0 seconds. Elapsed time: 78.78 seconds; current allocated memory: 0.391 MB.
INFO: [HLS 200-112] Total CPU user time: 3 seconds. Total CPU system time: 2 seconds. Total elapsed time: 93.104 seconds; peak allocated memory: 111.746 MB.
