

================================================================
== Vitis HLS Report for 'ecg_classifier'
================================================================
* Date:           Sat Apr  4 10:54:02 2026

* Version:        2022.2 (Build 3670227 on Oct 13 2022)
* Project:        ecg_classifier_ip
* Solution:       solution1 (Vivado IP Flow Target)
* Product family: zynq
* Target device:  xc7z030-sbg485-2


================================================================
== Performance Estimates
================================================================
+ Timing: 
    * Summary: 
    +--------+----------+----------+------------+
    |  Clock |  Target  | Estimated| Uncertainty|
    +--------+----------+----------+------------+
    |ap_clk  |  13.00 ns|  9.293 ns|     3.51 ns|
    +--------+----------+----------+------------+

+ Latency: 
    * Summary: 
    +---------+---------+-----------+-----------+---------+---------+---------+
    |  Latency (cycles) |   Latency (absolute)  |      Interval     | Pipeline|
    |   min   |   max   |    min    |    max    |   min   |   max   |   Type  |
    +---------+---------+-----------+-----------+---------+---------+---------+
    |  9120854|  9120854|  0.119 sec|  0.119 sec|  9120855|  9120855|       no|
    +---------+---------+-----------+-----------+---------+---------+---------+

    + Detail: 
        * Instance: 
        +---------------------------------------------------+--------------------------------------+---------+---------+----------+----------+-----+-----+---------+
        |                                                   |                                      |  Latency (cycles) |  Latency (absolute) |  Interval | Pipeline|
        |                      Instance                     |                Module                |   min   |   max   |    min   |    max   | min | max |   Type  |
        +---------------------------------------------------+--------------------------------------+---------+---------+----------+----------+-----+-----+---------+
        |grp_ecg_classifier_Pipeline_READ_INPUT_fu_15534    |ecg_classifier_Pipeline_READ_INPUT    |      189|      189|  2.457 us|  2.457 us|  189|  189|       no|
        |grp_ecg_classifier_Pipeline_ZNORM_MEAN_fu_15554    |ecg_classifier_Pipeline_ZNORM_MEAN    |      189|      189|  2.457 us|  2.457 us|  189|  189|       no|
        |grp_ecg_classifier_Pipeline_ZNORM_VAR_fu_15561     |ecg_classifier_Pipeline_ZNORM_VAR     |      191|      191|  2.483 us|  2.483 us|  191|  191|       no|
        |grp_ecg_classifier_Pipeline_ZNORM_APPLY_fu_15569   |ecg_classifier_Pipeline_ZNORM_APPLY   |      190|      190|  2.470 us|  2.470 us|  190|  190|       no|
        |grp_ecg_classifier_Pipeline_GAP_INIT_fu_15579      |ecg_classifier_Pipeline_GAP_INIT      |      194|      194|  2.522 us|  2.522 us|  194|  194|       no|
        |grp_ecg_classifier_Pipeline_L0_K_FILL_fu_15585     |ecg_classifier_Pipeline_L0_K_FILL     |       11|       11|  0.143 us|  0.143 us|   11|   11|       no|
        |grp_ecg_classifier_Pipeline_L1_IC_L1_K_fu_15599    |ecg_classifier_Pipeline_L1_IC_L1_K    |      453|      453|  5.889 us|  5.889 us|  453|  453|       no|
        |grp_ecg_classifier_Pipeline_L2_IC_L2_K_fu_15615    |ecg_classifier_Pipeline_L2_IC_L2_K    |      325|      325|  4.225 us|  4.225 us|  325|  325|       no|
        |grp_ecg_classifier_Pipeline_GAP_NORM_fu_15635      |ecg_classifier_Pipeline_GAP_NORM      |      387|      387|  5.031 us|  5.031 us|  387|  387|       no|
        |grp_ecg_classifier_Pipeline_L3_IC_L3_K_fu_15641    |ecg_classifier_Pipeline_L3_IC_L3_K    |      678|      678|  8.814 us|  8.814 us|  678|  678|       no|
        |grp_ecg_classifier_Pipeline_L4_IC_L4_K_fu_15664    |ecg_classifier_Pipeline_L4_IC_L4_K    |      388|      388|  5.044 us|  5.044 us|  388|  388|       no|
        |grp_ecg_classifier_Pipeline_D0_IC_fu_15681         |ecg_classifier_Pipeline_D0_IC         |      196|      196|  2.548 us|  2.548 us|  196|  196|       no|
        |grp_ecg_classifier_Pipeline_D1_IC_fu_15692         |ecg_classifier_Pipeline_D1_IC         |      132|      132|  1.716 us|  1.716 us|  132|  132|       no|
        |grp_ecg_classifier_Pipeline_WRITE_OUTPUT_fu_15703  |ecg_classifier_Pipeline_WRITE_OUTPUT  |       13|       13|  0.169 us|  0.169 us|   13|   13|       no|
        +---------------------------------------------------+--------------------------------------+---------+---------+----------+----------+-----+-----+---------+

        * Loop: 
        +------------------------------+---------+---------+----------+-----------+-----------+------+----------+
        |                              |  Latency (cycles) | Iteration|  Initiation Interval  | Trip |          |
        |           Loop Name          |   min   |   max   |  Latency |  achieved |   target  | Count| Pipelined|
        +------------------------------+---------+---------+----------+-----------+-----------+------+----------+
        |- L012_T                      |  5267196|  5267196|     56034|          -|          -|    94|        no|
        | + L0_STRIDE_FILL_L0_OC_FILL  |     5632|     5632|        44|          -|          -|   128|        no|
        | + L1_OC                      |    29248|    29248|       457|          -|          -|    64|        no|
        | + L2_OC_GROUP                |    21056|    21056|       329|          -|          -|    64|        no|
        |- L34_T                       |  3826317|  3826317|     81411|          -|          -|    47|        no|
        | + L3_OC_GROUP                |    43648|    43648|       682|          -|          -|    64|        no|
        | + L4_GAP_OC_GROUP            |    37728|    37728|       393|          -|          -|    96|        no|
        |- D0_OC                       |    25600|    25600|       200|          -|          -|   128|        no|
        |- D1_OC                       |      276|      276|       138|          -|          -|     2|        no|
        +------------------------------+---------+---------+----------+-----------+-----------+------+----------+



================================================================
== Utilization Estimates
================================================================
* Summary: 
+-----------------+---------+-----+--------+-------+-----+
|       Name      | BRAM_18K| DSP |   FF   |  LUT  | URAM|
+-----------------+---------+-----+--------+-------+-----+
|DSP              |        -|    -|       -|      -|    -|
|Expression       |        -|    -|       0|  15492|    -|
|FIFO             |        -|    -|       -|      -|    -|
|Instance         |       60|   51|    6671|   8593|    -|
|Memory           |       27|    -|    1066|    700|    0|
|Multiplexer      |        -|    -|       -|  20136|    -|
|Register         |        -|    -|   49605|      -|    -|
+-----------------+---------+-----+--------+-------+-----+
|Total            |       87|   51|   57342|  44921|    0|
+-----------------+---------+-----+--------+-------+-----+
|Available        |      530|  400|  157200|  78600|    0|
+-----------------+---------+-----+--------+-------+-----+
|Utilization (%)  |       16|   12|      36|     57|    0|
+-----------------+---------+-----+--------+-------+-----+

+ Detail: 
    * Instance: 
    +---------------------------------------------------+--------------------------------------+---------+----+------+------+-----+
    |                      Instance                     |                Module                | BRAM_18K| DSP|  FF  |  LUT | URAM|
    +---------------------------------------------------+--------------------------------------+---------+----+------+------+-----+
    |grp_ecg_classifier_Pipeline_D0_IC_fu_15681         |ecg_classifier_Pipeline_D0_IC         |        8|   2|   197|   257|    0|
    |grp_ecg_classifier_Pipeline_D1_IC_fu_15692         |ecg_classifier_Pipeline_D1_IC         |        1|   2|   164|   176|    0|
    |grp_ecg_classifier_Pipeline_GAP_INIT_fu_15579      |ecg_classifier_Pipeline_GAP_INIT      |        0|   0|    10|    39|    0|
    |grp_ecg_classifier_Pipeline_GAP_NORM_fu_15635      |ecg_classifier_Pipeline_GAP_NORM      |        0|   2|   104|   132|    0|
    |grp_ecg_classifier_Pipeline_L0_K_FILL_fu_15585     |ecg_classifier_Pipeline_L0_K_FILL     |        1|   4|   263|   303|    0|
    |grp_ecg_classifier_Pipeline_L1_IC_L1_K_fu_15599    |ecg_classifier_Pipeline_L1_IC_L1_K    |        6|   2|   296|   398|    0|
    |grp_ecg_classifier_Pipeline_L2_IC_L2_K_fu_15615    |ecg_classifier_Pipeline_L2_IC_L2_K    |       12|   4|   536|   939|    0|
    |grp_ecg_classifier_Pipeline_L3_IC_L3_K_fu_15641    |ecg_classifier_Pipeline_L3_IC_L3_K    |       16|   4|  2941|  2525|    0|
    |grp_ecg_classifier_Pipeline_L4_IC_L4_K_fu_15664    |ecg_classifier_Pipeline_L4_IC_L4_K    |       16|   4|   350|   717|    0|
    |grp_ecg_classifier_Pipeline_READ_INPUT_fu_15534    |ecg_classifier_Pipeline_READ_INPUT    |        0|   0|    10|    50|    0|
    |grp_ecg_classifier_Pipeline_WRITE_OUTPUT_fu_15703  |ecg_classifier_Pipeline_WRITE_OUTPUT  |        0|   0|   120|   119|    0|
    |grp_ecg_classifier_Pipeline_ZNORM_APPLY_fu_15569   |ecg_classifier_Pipeline_ZNORM_APPLY   |        0|   3|   157|   113|    0|
    |grp_ecg_classifier_Pipeline_ZNORM_MEAN_fu_15554    |ecg_classifier_Pipeline_ZNORM_MEAN    |        0|   0|    60|   116|    0|
    |grp_ecg_classifier_Pipeline_ZNORM_VAR_fu_15561     |ecg_classifier_Pipeline_ZNORM_VAR     |        0|   4|   170|   201|    0|
    |fadd_32ns_32ns_32_4_full_dsp_1_U179                |fadd_32ns_32ns_32_4_full_dsp_1        |        0|   2|   227|   404|    0|
    |fcmp_32ns_32ns_1_2_no_dsp_1_U181                   |fcmp_32ns_32ns_1_2_no_dsp_1           |        0|   0|     0|     0|    0|
    |fexp_32ns_32ns_32_8_full_dsp_1_U183                |fexp_32ns_32ns_32_8_full_dsp_1        |        0|   7|   324|   906|    0|
    |fexp_32ns_32ns_32_8_full_dsp_1_U184                |fexp_32ns_32ns_32_8_full_dsp_1        |        0|   7|   324|   906|    0|
    |fpext_32ns_64_2_no_dsp_1_U180                      |fpext_32ns_64_2_no_dsp_1              |        0|   0|     0|     0|    0|
    |fsqrt_32ns_32ns_32_10_no_dsp_1_U182                |fsqrt_32ns_32ns_32_10_no_dsp_1        |        0|   0|     0|     0|    0|
    |mul_48s_10ns_56_1_1_U185                           |mul_48s_10ns_56_1_1                   |        0|   2|     0|    20|    0|
    |mul_48s_10ns_56_1_1_U186                           |mul_48s_10ns_56_1_1                   |        0|   2|     0|    20|    0|
    |sdiv_34ns_32s_32_38_seq_1_U187                     |sdiv_34ns_32s_32_38_seq_1             |        0|   0|   418|   252|    0|
    +---------------------------------------------------+--------------------------------------+---------+----+------+------+-----+
    |Total                                              |                                      |       60|  51|  6671|  8593|    0|
    +---------------------------------------------------+--------------------------------------+---------+----+------+------+-----+

    * DSP: 
    N/A

    * Memory: 
    +------------------+---------------------------------+---------+----+----+-----+------+-----+------+-------------+
    |      Memory      |              Module             | BRAM_18K| FF | LUT| URAM| Words| Bits| Banks| W*Bits*Banks|
    +------------------+---------------------------------+---------+----+----+-----+------+-----+------+-------------+
    |buf2_circ_V_U     |buf2_circ_V_RAM_AUTO_1R1W        |        0|  15|  15|    0|    64|   15|     1|          960|
    |buf2_circ_V_1_U   |buf2_circ_V_RAM_AUTO_1R1W        |        0|  15|  15|    0|    64|   15|     1|          960|
    |buf2_circ_V_2_U   |buf2_circ_V_RAM_AUTO_1R1W        |        0|  15|  15|    0|    64|   15|     1|          960|
    |buf2_circ_V_3_U   |buf2_circ_V_RAM_AUTO_1R1W        |        0|  15|  15|    0|    64|   15|     1|          960|
    |buf2_circ_V_4_U   |buf2_circ_V_RAM_AUTO_1R1W        |        0|  15|  15|    0|    64|   15|     1|          960|
    |buf2_circ_V_5_U   |buf2_circ_V_RAM_AUTO_1R1W        |        0|  15|  15|    0|    64|   15|     1|          960|
    |buf2_circ_V_6_U   |buf2_circ_V_RAM_AUTO_1R1W        |        0|  15|  15|    0|    64|   15|     1|          960|
    |buf2_circ_V_7_U   |buf2_circ_V_RAM_AUTO_1R1W        |        0|  15|  15|    0|    64|   15|     1|          960|
    |buf2_circ_V_8_U   |buf2_circ_V_RAM_AUTO_1R1W        |        0|  15|  15|    0|    64|   15|     1|          960|
    |buf2_circ_V_9_U   |buf2_circ_V_RAM_AUTO_1R1W        |        0|  15|  15|    0|    64|   15|     1|          960|
    |clf_w_L0_b_V_U    |clf_w_L0_b_V_ROM_AUTO_1R         |        0|   7|   7|    0|    64|    7|     1|          448|
    |clf_w_L1_b_V_U    |clf_w_L1_b_V_ROM_AUTO_1R         |        0|   6|   6|    0|    64|    6|     1|          384|
    |clf_w_L2_b_V_U    |clf_w_L2_b_V_ROM_AUTO_1R         |        0|  12|  12|    0|   128|    6|     1|          768|
    |clf_w_L3_b_V_U    |clf_w_L3_b_V_ROM_AUTO_1R         |        0|  12|  12|    0|   128|    6|     1|          768|
    |clf_w_L4_b_V_U    |clf_w_L4_b_V_ROM_AUTO_1R         |        1|   0|   0|    0|   192|    6|     1|         1152|
    |clf_w_L5_b_V_U    |clf_w_L5_b_V_ROM_AUTO_1R         |        0|   3|   6|    0|   128|    3|     1|          384|
    |clf_w_L6_b_V_U    |clf_w_L6_b_V_ROM_AUTO_1R         |        0|   2|   1|    0|     2|    2|     1|            4|
    |dense0_buf_V_U    |dense0_buf_V_RAM_1P_LUTRAM_1R1W  |        0|  31|  31|    0|    64|   31|     1|         1984|
    |dense0_buf_V_1_U  |dense0_buf_V_RAM_1P_LUTRAM_1R1W  |        0|  31|  31|    0|    64|   31|     1|         1984|
    |gap_buf_V_U       |gap_buf_V_RAM_1P_LUTRAM_1R1W     |        0|  32|  48|    0|    96|   32|     1|         3072|
    |gap_buf_V_1_U     |gap_buf_V_RAM_1P_LUTRAM_1R1W     |        0|  32|  48|    0|    96|   32|     1|         3072|
    |input_buf_V_U     |input_buf_V_RAM_1P_LUTRAM_1R1W   |        0|  32|  47|    0|    94|   32|     1|         3008|
    |input_buf_V_1_U   |input_buf_V_RAM_1P_LUTRAM_1R1W   |        0|  32|  47|    0|    94|   32|     1|         3008|
    |norm_buf_V_U      |input_buf_V_RAM_1P_LUTRAM_1R1W   |        0|  32|  47|    0|    94|   32|     1|         3008|
    |norm_buf_V_1_U    |input_buf_V_RAM_1P_LUTRAM_1R1W   |        0|  32|  47|    0|    94|   32|     1|         3008|
    |l1_out_V_U        |l1_out_V_RAM_AUTO_1R1W           |        0|  62|  16|    0|    32|   31|     1|          992|
    |l1_out_V_1_U      |l1_out_V_RAM_AUTO_1R1W           |        0|  62|  16|    0|    32|   31|     1|          992|
    |l3_out_V_U        |l3_out_V_RAM_AUTO_1R1W           |        2|   0|   0|    0|    64|   31|     1|         1984|
    |l3_out_V_1_U      |l3_out_V_RAM_AUTO_1R1W           |        2|   0|   0|    0|    64|   31|     1|         1984|
    |win01_V_2_U       |win01_V_2_RAM_AUTO_1R1W          |        0|  62|  16|    0|    32|   31|     1|          992|
    |win01_V_3_U       |win01_V_2_RAM_AUTO_1R1W          |        0|  62|  16|    0|    32|   31|     1|          992|
    |win01_V_4_U       |win01_V_2_RAM_AUTO_1R1W          |        0|  62|  16|    0|    32|   31|     1|          992|
    |win01_V_5_U       |win01_V_2_RAM_AUTO_1R1W          |        0|  62|  16|    0|    32|   31|     1|          992|
    |win01_V_6_U       |win01_V_2_RAM_AUTO_1R1W          |        0|  62|  16|    0|    32|   31|     1|          992|
    |win01_V_7_U       |win01_V_2_RAM_AUTO_1R1W          |        0|  62|  16|    0|    32|   31|     1|          992|
    |win01_V_U         |win01_V_RAM_AUTO_1R1W            |        0|  62|  16|    0|    32|   31|     1|          992|
    |win01_V_1_U       |win01_V_RAM_AUTO_1R1W            |        0|  62|  16|    0|    32|   31|     1|          992|
    |win0_V_1_U        |win0_V_1_RAM_AUTO_1R1W           |        2|   0|   0|    0|    64|   32|     1|         2048|
    |win0_V_2_U        |win0_V_1_RAM_AUTO_1R1W           |        2|   0|   0|    0|    64|   32|     1|         2048|
    |win0_V_3_U        |win0_V_1_RAM_AUTO_1R1W           |        2|   0|   0|    0|    64|   32|     1|         2048|
    |win0_V_4_U        |win0_V_1_RAM_AUTO_1R1W           |        2|   0|   0|    0|    64|   32|     1|         2048|
    |win0_V_5_U        |win0_V_1_RAM_AUTO_1R1W           |        2|   0|   0|    0|    64|   32|     1|         2048|
    |win0_V_6_U        |win0_V_6_RAM_AUTO_1R1W           |        2|   0|   0|    0|    64|   31|     1|         1984|
    |win23_V_U         |win0_V_6_RAM_AUTO_1R1W           |        2|   0|   0|    0|    64|   31|     1|         1984|
    |win23_V_1_U       |win0_V_6_RAM_AUTO_1R1W           |        2|   0|   0|    0|    64|   31|     1|         1984|
    |win23_V_2_U       |win0_V_6_RAM_AUTO_1R1W           |        2|   0|   0|    0|    64|   31|     1|         1984|
    |win23_V_3_U       |win0_V_6_RAM_AUTO_1R1W           |        2|   0|   0|    0|    64|   31|     1|         1984|
    |win0_V_U          |win0_V_RAM_AUTO_1R1W             |        2|   0|   0|    0|    64|   32|     1|         2048|
    +------------------+---------------------------------+---------+----+----+-----+------+-----+------+-------------+
    |Total             |                                 |       27|1066| 700|    0|  3194| 1159|    48|        71748|
    +------------------+---------------------------------+---------+----+----+-----+------+-----+------+-------------+

    * FIFO: 
    N/A

    * Expression: 
    +---------------------------------------------------------------------+----------+----+---+-----+------------+------------+
    |                            Variable Name                            | Operation| DSP| FF| LUT | Bitwidth P0| Bitwidth P1|
    +---------------------------------------------------------------------+----------+----+---+-----+------------+------------+
    |add_ln1109_fu_23196_p2                                               |         +|   0|  0|   32|          32|           6|
    |add_ln110_1_fu_21155_p2                                              |         +|   0|  0|    7|           7|           1|
    |add_ln110_fu_16752_p2                                                |         +|   0|  0|    7|           7|           1|
    |add_ln1113_fu_16323_p2                                               |         +|   0|  0|   32|          32|           6|
    |add_ln1124_1_fu_23283_p2                                             |         +|   0|  0|    8|           8|           8|
    |add_ln1124_fu_16404_p2                                               |         +|   0|  0|    8|           8|           8|
    |add_ln113_1_fu_17450_p2                                              |         +|   0|  0|    8|           8|           8|
    |add_ln113_2_fu_17416_p2                                              |         +|   0|  0|    8|           8|           1|
    |add_ln113_fu_17422_p2                                                |         +|   0|  0|    3|           2|           1|
    |add_ln127_fu_20687_p2                                                |         +|   0|  0|    7|           7|           1|
    |add_ln145_fu_20796_p2                                                |         +|   0|  0|    7|           7|           1|
    |add_ln176_fu_21542_p2                                                |         +|   0|  0|    8|           8|           2|
    |add_ln218_fu_21557_p2                                                |         +|   0|  0|    6|           6|           1|
    |add_ln224_fu_21624_p2                                                |         +|   0|  0|    8|           8|           2|
    |add_ln233_fu_21575_p2                                                |         +|   0|  0|    8|           8|           3|
    |add_ln260_fu_22239_p2                                                |         +|   0|  0|    8|           8|           2|
    |add_ln288_fu_22877_p2                                                |         +|   0|  0|    8|           8|           1|
    |add_ln299_fu_22984_p2                                                |         +|   0|  0|    3|           2|           1|
    |add_ln570_fu_16570_p2                                                |         +|   0|  0|   12|          12|           6|
    |add_ln813_1_fu_22857_p2                                              |         +|   0|  0|   32|          32|          32|
    |add_ln813_2_fu_16716_p2                                              |         +|   0|  0|   32|          32|           3|
    |add_ln813_fu_22828_p2                                                |         +|   0|  0|   32|          32|          32|
    |lsb_index_1_fu_23088_p2                                              |         +|   0|  0|   32|          32|           6|
    |lsb_index_fu_16208_p2                                                |         +|   0|  0|   32|          32|           6|
    |m_3_fu_16363_p2                                                      |         +|   0|  0|   64|          64|          64|
    |m_5_fu_23242_p2                                                      |         +|   0|  0|   49|          49|          49|
    |F2_fu_16558_p2                                                       |         -|   0|  0|   12|          11|          12|
    |man_V_1_fu_16538_p2                                                  |         -|   0|  0|   54|           1|          54|
    |sub_ln1099_1_fu_23082_p2                                             |         -|   0|  0|   32|           6|          32|
    |sub_ln1099_fu_16202_p2                                               |         -|   0|  0|   32|           6|          32|
    |sub_ln1102_1_fu_23114_p2                                             |         -|   0|  0|    6|           4|           6|
    |sub_ln1102_fu_16234_p2                                               |         -|   0|  0|    7|           4|           5|
    |sub_ln1110_fu_23202_p2                                               |         -|   0|  0|   32|           5|          32|
    |sub_ln1114_fu_16338_p2                                               |         -|   0|  0|   32|           5|          32|
    |sub_ln1119_1_fu_23278_p2                                             |         -|   0|  0|    8|           5|           8|
    |sub_ln1119_fu_16399_p2                                               |         -|   0|  0|    8|           5|           8|
    |sub_ln570_fu_16576_p2                                                |         -|   0|  0|   12|           5|          12|
    |sub_ln837_2_fu_22911_p2                                              |         -|   0|  0|   15|          15|          15|
    |sub_ln837_fu_20681_p2                                                |         -|   0|  0|    9|           9|           9|
    |tmp_V_2_fu_23032_p2                                                  |         -|   0|  0|   48|           1|          48|
    |tmp_V_fu_16173_p2                                                    |         -|   0|  0|   32|           1|          32|
    |a_1_fu_23142_p2                                                      |       and|   0|  0|    1|           1|           1|
    |a_fu_16262_p2                                                        |       and|   0|  0|    1|           1|           1|
    |and_ln1104_1_fu_23170_p2                                             |       and|   0|  0|    1|           1|           1|
    |and_ln1104_fu_16290_p2                                               |       and|   0|  0|    1|           1|           1|
    |and_ln570_fu_16703_p2                                                |       and|   0|  0|    1|           1|           1|
    |and_ln571_fu_16681_p2                                                |       and|   0|  0|    1|           1|           1|
    |and_ln69_fu_16479_p2                                                 |       and|   0|  0|    1|           1|           1|
    |grp_ecg_classifier_Pipeline_WRITE_OUTPUT_fu_15703_out_stream_TREADY  |       and|   0|  0|    1|           1|           1|
    |p_Result_9_fu_23130_p2                                               |       and|   0|  0|   48|          48|          48|
    |p_Result_s_fu_16250_p2                                               |       and|   0|  0|   32|          32|          32|
    |ashr_ln575_fu_16628_p2                                               |      ashr|   0|  0|  161|          54|          54|
    |icmp_ln1090_1_fu_23038_p2                                            |      icmp|   0|  0|   17|          48|           1|
    |icmp_ln1090_fu_16168_p2                                              |      icmp|   0|  0|   12|          32|           1|
    |icmp_ln1101_1_fu_23104_p2                                            |      icmp|   0|  0|   11|          31|           1|
    |icmp_ln1101_fu_16224_p2                                              |      icmp|   0|  0|   11|          31|           1|
    |icmp_ln1102_1_fu_23136_p2                                            |      icmp|   0|  0|   17|          48|           1|
    |icmp_ln1102_fu_16256_p2                                              |      icmp|   0|  0|   12|          32|           1|
    |icmp_ln1109_fu_23190_p2                                              |      icmp|   0|  0|   12|          32|           1|
    |icmp_ln110_1_fu_21161_p2                                             |      icmp|   0|  0|    3|           7|           3|
    |icmp_ln110_fu_16746_p2                                               |      icmp|   0|  0|    3|           7|           7|
    |icmp_ln1113_fu_16310_p2                                              |      icmp|   0|  0|   12|          32|           1|
    |icmp_ln113_fu_17410_p2                                               |      icmp|   0|  0|    4|           8|           9|
    |icmp_ln127_fu_17428_p2                                               |      icmp|   0|  0|    4|           7|           8|
    |icmp_ln145_fu_20790_p2                                               |      icmp|   0|  0|    4|           7|           8|
    |icmp_ln1649_1_fu_20775_p2                                            |      icmp|   0|  0|   12|          32|           1|
    |icmp_ln1649_2_fu_21682_p2                                            |      icmp|   0|  0|   12|          32|           1|
    |icmp_ln1649_3_fu_21706_p2                                            |      icmp|   0|  0|   12|          32|           1|
    |icmp_ln1649_4_fu_21476_p2                                            |      icmp|   0|  0|    7|          16|           1|
    |icmp_ln1649_5_fu_21523_p2                                            |      icmp|   0|  0|    7|          16|           1|
    |icmp_ln1649_6_fu_22946_p2                                            |      icmp|   0|  0|   12|          32|           1|
    |icmp_ln1649_7_fu_22810_p2                                            |      icmp|   0|  0|   12|          32|           1|
    |icmp_ln1649_8_fu_22839_p2                                            |      icmp|   0|  0|   12|          32|           1|
    |icmp_ln1649_fu_20846_p2                                              |      icmp|   0|  0|   12|          32|           1|
    |icmp_ln218_fu_21551_p2                                               |      icmp|   0|  0|    3|           6|           6|
    |icmp_ln260_fu_22217_p2                                               |      icmp|   0|  0|    4|           8|           8|
    |icmp_ln288_fu_22871_p2                                               |      icmp|   0|  0|    4|           8|           9|
    |icmp_ln299_fu_22978_p2                                               |      icmp|   0|  0|    2|           2|           3|
    |icmp_ln560_fu_16552_p2                                               |      icmp|   0|  0|   22|          63|           1|
    |icmp_ln570_fu_16564_p2                                               |      icmp|   0|  0|    5|          12|           5|
    |icmp_ln571_fu_16590_p2                                               |      icmp|   0|  0|    5|          12|           5|
    |icmp_ln574_fu_16619_p2                                               |      icmp|   0|  0|    5|          12|           6|
    |icmp_ln592_fu_16610_p2                                               |      icmp|   0|  0|    3|           7|           1|
    |icmp_ln69_1_fu_16467_p2                                              |      icmp|   0|  0|    8|          23|           1|
    |icmp_ln69_fu_16461_p2                                                |      icmp|   0|  0|    4|           8|           2|
    |lshr_ln1102_1_fu_23124_p2                                            |      lshr|   0|  0|  149|           2|          48|
    |lshr_ln1102_fu_16244_p2                                              |      lshr|   0|  0|   84|           2|          32|
    |lshr_ln1109_fu_23215_p2                                              |      lshr|   0|  0|  149|          48|          48|
    |lshr_ln1113_fu_16332_p2                                              |      lshr|   0|  0|  182|          64|          64|
    |or_ln1104_2_fu_16296_p2                                              |        or|   0|  0|    1|           1|           1|
    |or_ln1104_fu_23176_p2                                                |        or|   0|  0|    1|           1|           1|
    |or_ln178_fu_21144_p2                                                 |        or|   0|  0|    7|           7|           1|
    |or_ln226_fu_21603_p2                                                 |        or|   0|  0|    7|           7|           1|
    |or_ln262_fu_22228_p2                                                 |        or|   0|  0|    8|           8|           1|
    |or_ln571_fu_16693_p2                                                 |        or|   0|  0|    1|           1|           1|
    |or_ln69_fu_16473_p2                                                  |        or|   0|  0|    1|           1|           1|
    |l3_out_V_1_d0                                                        |    select|   0|  0|   31|           1|          31|
    |l3_out_V_d0                                                          |    select|   0|  0|   31|           1|          31|
    |logits_0_fu_23316_p3                                                 |    select|   0|  0|   32|           1|           1|
    |logits_1_1_fu_23330_p3                                               |    select|   0|  0|   32|           1|          32|
    |m_2_fu_16353_p3                                                      |    select|   0|  0|   64|           1|          64|
    |m_4_fu_23228_p3                                                      |    select|   0|  0|   48|           1|          48|
    |man_V_2_fu_16544_p3                                                  |    select|   0|  0|   54|           1|          54|
    |select_ln1098_1_fu_23270_p3                                          |    select|   0|  0|    7|           1|           7|
    |select_ln1098_fu_16391_p3                                            |    select|   0|  0|    7|           1|           7|
    |select_ln110_fu_21167_p3                                             |    select|   0|  0|    7|           1|           7|
    |select_ln113_100_fu_17727_p3                                         |    select|   0|  0|   32|           1|          32|
    |select_ln113_101_fu_17735_p3                                         |    select|   0|  0|   32|           1|          32|
    |select_ln113_102_fu_17743_p3                                         |    select|   0|  0|   32|           1|          32|
    |select_ln113_103_fu_17751_p3                                         |    select|   0|  0|   32|           1|          32|
    |select_ln113_104_fu_17759_p3                                         |    select|   0|  0|   32|           1|          32|
    |select_ln113_105_fu_17767_p3                                         |    select|   0|  0|   32|           1|          32|
    |select_ln113_106_fu_17775_p3                                         |    select|   0|  0|   32|           1|          32|
    |select_ln113_107_fu_17783_p3                                         |    select|   0|  0|   32|           1|          32|
    |select_ln113_108_fu_17791_p3                                         |    select|   0|  0|   32|           1|          32|
    |select_ln113_109_fu_17799_p3                                         |    select|   0|  0|   32|           1|          32|
    |select_ln113_10_fu_20617_p3                                          |    select|   0|  0|   32|           1|          32|
    |select_ln113_110_fu_17807_p3                                         |    select|   0|  0|   32|           1|          32|
    |select_ln113_111_fu_17815_p3                                         |    select|   0|  0|   32|           1|          32|
    |select_ln113_112_fu_17823_p3                                         |    select|   0|  0|   32|           1|          32|
    |select_ln113_113_fu_17831_p3                                         |    select|   0|  0|   32|           1|          32|
    |select_ln113_114_fu_17839_p3                                         |    select|   0|  0|   32|           1|          32|
    |select_ln113_115_fu_17847_p3                                         |    select|   0|  0|   32|           1|          32|
    |select_ln113_116_fu_17855_p3                                         |    select|   0|  0|   32|           1|          32|
    |select_ln113_117_fu_17863_p3                                         |    select|   0|  0|   32|           1|          32|
    |select_ln113_118_fu_17871_p3                                         |    select|   0|  0|   32|           1|          32|
    |select_ln113_119_fu_17879_p3                                         |    select|   0|  0|   32|           1|          32|
    |select_ln113_11_fu_20624_p3                                          |    select|   0|  0|   32|           1|          32|
    |select_ln113_120_fu_17887_p3                                         |    select|   0|  0|   32|           1|          32|
    |select_ln113_121_fu_17895_p3                                         |    select|   0|  0|   32|           1|          32|
    |select_ln113_122_fu_17903_p3                                         |    select|   0|  0|   32|           1|          32|
    |select_ln113_123_fu_17911_p3                                         |    select|   0|  0|   32|           1|          32|
    |select_ln113_124_fu_17919_p3                                         |    select|   0|  0|   32|           1|          32|
    |select_ln113_125_fu_17927_p3                                         |    select|   0|  0|   32|           1|          32|
    |select_ln113_126_fu_17935_p3                                         |    select|   0|  0|   32|           1|          32|
    |select_ln113_127_fu_17943_p3                                         |    select|   0|  0|   32|           1|          32|
    |select_ln113_128_fu_17951_p3                                         |    select|   0|  0|   32|           1|          32|
    |select_ln113_129_fu_17959_p3                                         |    select|   0|  0|   32|           1|          32|
    |select_ln113_12_fu_20595_p3                                          |    select|   0|  0|   32|           1|          32|
    |select_ln113_130_fu_17967_p3                                         |    select|   0|  0|   32|           1|          32|
    |select_ln113_131_fu_17975_p3                                         |    select|   0|  0|   32|           1|          32|
    |select_ln113_132_fu_17983_p3                                         |    select|   0|  0|   32|           1|          32|
    |select_ln113_133_fu_17991_p3                                         |    select|   0|  0|   32|           1|          32|
    |select_ln113_134_fu_17999_p3                                         |    select|   0|  0|   32|           1|          32|
    |select_ln113_135_fu_18007_p3                                         |    select|   0|  0|   32|           1|          32|
    |select_ln113_136_fu_18015_p3                                         |    select|   0|  0|   32|           1|          32|
    |select_ln113_137_fu_18023_p3                                         |    select|   0|  0|   32|           1|          32|
    |select_ln113_138_fu_18031_p3                                         |    select|   0|  0|   32|           1|          32|
    |select_ln113_139_fu_18039_p3                                         |    select|   0|  0|   32|           1|          32|
    |select_ln113_13_fu_20602_p3                                          |    select|   0|  0|   32|           1|          32|
    |select_ln113_140_fu_18047_p3                                         |    select|   0|  0|   32|           1|          32|
    |select_ln113_141_fu_18055_p3                                         |    select|   0|  0|   32|           1|          32|
    |select_ln113_142_fu_18063_p3                                         |    select|   0|  0|   32|           1|          32|
    |select_ln113_143_fu_18071_p3                                         |    select|   0|  0|   32|           1|          32|
    |select_ln113_144_fu_18079_p3                                         |    select|   0|  0|   32|           1|          32|
    |select_ln113_145_fu_18087_p3                                         |    select|   0|  0|   32|           1|          32|
    |select_ln113_146_fu_18095_p3                                         |    select|   0|  0|   32|           1|          32|
    |select_ln113_147_fu_18103_p3                                         |    select|   0|  0|   32|           1|          32|
    |select_ln113_148_fu_18111_p3                                         |    select|   0|  0|   32|           1|          32|
    |select_ln113_149_fu_18119_p3                                         |    select|   0|  0|   32|           1|          32|
    |select_ln113_14_fu_20573_p3                                          |    select|   0|  0|   32|           1|          32|
    |select_ln113_150_fu_18127_p3                                         |    select|   0|  0|   32|           1|          32|
    |select_ln113_151_fu_18135_p3                                         |    select|   0|  0|   32|           1|          32|
    |select_ln113_152_fu_18143_p3                                         |    select|   0|  0|   32|           1|          32|
    |select_ln113_153_fu_18151_p3                                         |    select|   0|  0|   32|           1|          32|
    |select_ln113_154_fu_18159_p3                                         |    select|   0|  0|   32|           1|          32|
    |select_ln113_155_fu_18167_p3                                         |    select|   0|  0|   32|           1|          32|
    |select_ln113_156_fu_18175_p3                                         |    select|   0|  0|   32|           1|          32|
    |select_ln113_157_fu_18183_p3                                         |    select|   0|  0|   32|           1|          32|
    |select_ln113_158_fu_18191_p3                                         |    select|   0|  0|   32|           1|          32|
    |select_ln113_159_fu_18199_p3                                         |    select|   0|  0|   32|           1|          32|
    |select_ln113_15_fu_20580_p3                                          |    select|   0|  0|   32|           1|          32|
    |select_ln113_160_fu_18207_p3                                         |    select|   0|  0|   32|           1|          32|
    |select_ln113_161_fu_18215_p3                                         |    select|   0|  0|   32|           1|          32|
    |select_ln113_162_fu_18223_p3                                         |    select|   0|  0|   32|           1|          32|
    |select_ln113_163_fu_18231_p3                                         |    select|   0|  0|   32|           1|          32|
    |select_ln113_164_fu_18239_p3                                         |    select|   0|  0|   32|           1|          32|
    |select_ln113_165_fu_18247_p3                                         |    select|   0|  0|   32|           1|          32|
    |select_ln113_166_fu_18255_p3                                         |    select|   0|  0|   32|           1|          32|
    |select_ln113_167_fu_18263_p3                                         |    select|   0|  0|   32|           1|          32|
    |select_ln113_168_fu_18271_p3                                         |    select|   0|  0|   32|           1|          32|
    |select_ln113_169_fu_18279_p3                                         |    select|   0|  0|   32|           1|          32|
    |select_ln113_16_fu_20551_p3                                          |    select|   0|  0|   32|           1|          32|
    |select_ln113_170_fu_18287_p3                                         |    select|   0|  0|   32|           1|          32|
    |select_ln113_171_fu_18295_p3                                         |    select|   0|  0|   32|           1|          32|
    |select_ln113_172_fu_18303_p3                                         |    select|   0|  0|   32|           1|          32|
    |select_ln113_173_fu_18311_p3                                         |    select|   0|  0|   32|           1|          32|
    |select_ln113_174_fu_18319_p3                                         |    select|   0|  0|   32|           1|          32|
    |select_ln113_175_fu_18327_p3                                         |    select|   0|  0|   32|           1|          32|
    |select_ln113_176_fu_18335_p3                                         |    select|   0|  0|   32|           1|          32|
    |select_ln113_177_fu_18343_p3                                         |    select|   0|  0|   32|           1|          32|
    |select_ln113_178_fu_18351_p3                                         |    select|   0|  0|   32|           1|          32|
    |select_ln113_179_fu_18359_p3                                         |    select|   0|  0|   32|           1|          32|
    |select_ln113_17_fu_20558_p3                                          |    select|   0|  0|   32|           1|          32|
    |select_ln113_180_fu_18367_p3                                         |    select|   0|  0|   32|           1|          32|
    |select_ln113_181_fu_18375_p3                                         |    select|   0|  0|   32|           1|          32|
    |select_ln113_182_fu_18383_p3                                         |    select|   0|  0|   32|           1|          32|
    |select_ln113_183_fu_18391_p3                                         |    select|   0|  0|   32|           1|          32|
    |select_ln113_184_fu_18399_p3                                         |    select|   0|  0|   32|           1|          32|
    |select_ln113_185_fu_18407_p3                                         |    select|   0|  0|   32|           1|          32|
    |select_ln113_186_fu_18415_p3                                         |    select|   0|  0|   32|           1|          32|
    |select_ln113_187_fu_18423_p3                                         |    select|   0|  0|   32|           1|          32|
    |select_ln113_188_fu_18431_p3                                         |    select|   0|  0|   32|           1|          32|
    |select_ln113_189_fu_18439_p3                                         |    select|   0|  0|   32|           1|          32|
    |select_ln113_18_fu_20529_p3                                          |    select|   0|  0|   32|           1|          32|
    |select_ln113_190_fu_18447_p3                                         |    select|   0|  0|   32|           1|          32|
    |select_ln113_191_fu_18455_p3                                         |    select|   0|  0|   32|           1|          32|
    |select_ln113_192_fu_18463_p3                                         |    select|   0|  0|   32|           1|          32|
    |select_ln113_193_fu_18471_p3                                         |    select|   0|  0|   32|           1|          32|
    |select_ln113_194_fu_18479_p3                                         |    select|   0|  0|   32|           1|          32|
    |select_ln113_195_fu_18487_p3                                         |    select|   0|  0|   32|           1|          32|
    |select_ln113_196_fu_18495_p3                                         |    select|   0|  0|   32|           1|          32|
    |select_ln113_197_fu_18503_p3                                         |    select|   0|  0|   32|           1|          32|
    |select_ln113_198_fu_18511_p3                                         |    select|   0|  0|   32|           1|          32|
    |select_ln113_199_fu_18519_p3                                         |    select|   0|  0|   32|           1|          32|
    |select_ln113_19_fu_20536_p3                                          |    select|   0|  0|   32|           1|          32|
    |select_ln113_1_fu_17434_p3                                           |    select|   0|  0|    2|           1|           2|
    |select_ln113_200_fu_18527_p3                                         |    select|   0|  0|   32|           1|          32|
    |select_ln113_201_fu_18535_p3                                         |    select|   0|  0|   32|           1|          32|
    |select_ln113_202_fu_18543_p3                                         |    select|   0|  0|   32|           1|          32|
    |select_ln113_203_fu_18551_p3                                         |    select|   0|  0|   32|           1|          32|
    |select_ln113_204_fu_18559_p3                                         |    select|   0|  0|   32|           1|          32|
    |select_ln113_205_fu_18567_p3                                         |    select|   0|  0|   32|           1|          32|
    |select_ln113_206_fu_18575_p3                                         |    select|   0|  0|   32|           1|          32|
    |select_ln113_207_fu_18583_p3                                         |    select|   0|  0|   32|           1|          32|
    |select_ln113_208_fu_18591_p3                                         |    select|   0|  0|   32|           1|          32|
    |select_ln113_209_fu_18599_p3                                         |    select|   0|  0|   32|           1|          32|
    |select_ln113_20_fu_20507_p3                                          |    select|   0|  0|   32|           1|          32|
    |select_ln113_210_fu_18607_p3                                         |    select|   0|  0|   32|           1|          32|
    |select_ln113_211_fu_18615_p3                                         |    select|   0|  0|   32|           1|          32|
    |select_ln113_212_fu_18623_p3                                         |    select|   0|  0|   32|           1|          32|
    |select_ln113_213_fu_18631_p3                                         |    select|   0|  0|   32|           1|          32|
    |select_ln113_214_fu_18639_p3                                         |    select|   0|  0|   32|           1|          32|
    |select_ln113_215_fu_18647_p3                                         |    select|   0|  0|   32|           1|          32|
    |select_ln113_216_fu_18655_p3                                         |    select|   0|  0|   32|           1|          32|
    |select_ln113_217_fu_18663_p3                                         |    select|   0|  0|   32|           1|          32|
    |select_ln113_218_fu_18671_p3                                         |    select|   0|  0|   32|           1|          32|
    |select_ln113_219_fu_18679_p3                                         |    select|   0|  0|   32|           1|          32|
    |select_ln113_21_fu_20514_p3                                          |    select|   0|  0|   32|           1|          32|
    |select_ln113_220_fu_18687_p3                                         |    select|   0|  0|   32|           1|          32|
    |select_ln113_221_fu_18695_p3                                         |    select|   0|  0|   32|           1|          32|
    |select_ln113_222_fu_18703_p3                                         |    select|   0|  0|   32|           1|          32|
    |select_ln113_223_fu_18711_p3                                         |    select|   0|  0|   32|           1|          32|
    |select_ln113_224_fu_18719_p3                                         |    select|   0|  0|   32|           1|          32|
    |select_ln113_225_fu_18727_p3                                         |    select|   0|  0|   32|           1|          32|
    |select_ln113_226_fu_18735_p3                                         |    select|   0|  0|   32|           1|          32|
    |select_ln113_227_fu_18743_p3                                         |    select|   0|  0|   32|           1|          32|
    |select_ln113_228_fu_18751_p3                                         |    select|   0|  0|   32|           1|          32|
    |select_ln113_229_fu_18759_p3                                         |    select|   0|  0|   32|           1|          32|
    |select_ln113_22_fu_20485_p3                                          |    select|   0|  0|   32|           1|          32|
    |select_ln113_230_fu_18767_p3                                         |    select|   0|  0|   32|           1|          32|
    |select_ln113_231_fu_18775_p3                                         |    select|   0|  0|   32|           1|          32|
    |select_ln113_232_fu_18783_p3                                         |    select|   0|  0|   32|           1|          32|
    |select_ln113_233_fu_18791_p3                                         |    select|   0|  0|   32|           1|          32|
    |select_ln113_234_fu_18799_p3                                         |    select|   0|  0|   32|           1|          32|
    |select_ln113_235_fu_18807_p3                                         |    select|   0|  0|   32|           1|          32|
    |select_ln113_236_fu_18815_p3                                         |    select|   0|  0|   32|           1|          32|
    |select_ln113_237_fu_18823_p3                                         |    select|   0|  0|   32|           1|          32|
    |select_ln113_238_fu_18831_p3                                         |    select|   0|  0|   32|           1|          32|
    |select_ln113_239_fu_18839_p3                                         |    select|   0|  0|   32|           1|          32|
    |select_ln113_23_fu_20492_p3                                          |    select|   0|  0|   32|           1|          32|
    |select_ln113_240_fu_18847_p3                                         |    select|   0|  0|   32|           1|          32|
    |select_ln113_241_fu_18855_p3                                         |    select|   0|  0|   32|           1|          32|
    |select_ln113_242_fu_18863_p3                                         |    select|   0|  0|   32|           1|          32|
    |select_ln113_243_fu_18871_p3                                         |    select|   0|  0|   32|           1|          32|
    |select_ln113_244_fu_18879_p3                                         |    select|   0|  0|   32|           1|          32|
    |select_ln113_245_fu_18887_p3                                         |    select|   0|  0|   32|           1|          32|
    |select_ln113_246_fu_18895_p3                                         |    select|   0|  0|   32|           1|          32|
    |select_ln113_247_fu_18903_p3                                         |    select|   0|  0|   32|           1|          32|
    |select_ln113_248_fu_18911_p3                                         |    select|   0|  0|   32|           1|          32|
    |select_ln113_249_fu_18919_p3                                         |    select|   0|  0|   32|           1|          32|
    |select_ln113_24_fu_20463_p3                                          |    select|   0|  0|   32|           1|          32|
    |select_ln113_250_fu_18927_p3                                         |    select|   0|  0|   32|           1|          32|
    |select_ln113_251_fu_18935_p3                                         |    select|   0|  0|   32|           1|          32|
    |select_ln113_252_fu_18943_p3                                         |    select|   0|  0|   32|           1|          32|
    |select_ln113_253_fu_18951_p3                                         |    select|   0|  0|   32|           1|          32|
    |select_ln113_254_fu_18959_p3                                         |    select|   0|  0|   32|           1|          32|
    |select_ln113_255_fu_18967_p3                                         |    select|   0|  0|   32|           1|          32|
    |select_ln113_256_fu_18975_p3                                         |    select|   0|  0|   32|           1|          32|
    |select_ln113_257_fu_18983_p3                                         |    select|   0|  0|   32|           1|          32|
    |select_ln113_258_fu_18991_p3                                         |    select|   0|  0|   32|           1|          32|
    |select_ln113_259_fu_18999_p3                                         |    select|   0|  0|   32|           1|          32|
    |select_ln113_25_fu_20470_p3                                          |    select|   0|  0|   32|           1|          32|
    |select_ln113_260_fu_19007_p3                                         |    select|   0|  0|   32|           1|          32|
    |select_ln113_261_fu_19015_p3                                         |    select|   0|  0|   32|           1|          32|
    |select_ln113_262_fu_19023_p3                                         |    select|   0|  0|   32|           1|          32|
    |select_ln113_263_fu_19031_p3                                         |    select|   0|  0|   32|           1|          32|
    |select_ln113_264_fu_19039_p3                                         |    select|   0|  0|   32|           1|          32|
    |select_ln113_265_fu_19047_p3                                         |    select|   0|  0|   32|           1|          32|
    |select_ln113_266_fu_19055_p3                                         |    select|   0|  0|   32|           1|          32|
    |select_ln113_267_fu_19063_p3                                         |    select|   0|  0|   32|           1|          32|
    |select_ln113_268_fu_19071_p3                                         |    select|   0|  0|   32|           1|          32|
    |select_ln113_269_fu_19079_p3                                         |    select|   0|  0|   32|           1|          32|
    |select_ln113_26_fu_20441_p3                                          |    select|   0|  0|   32|           1|          32|
    |select_ln113_270_fu_19087_p3                                         |    select|   0|  0|   32|           1|          32|
    |select_ln113_271_fu_19095_p3                                         |    select|   0|  0|   32|           1|          32|
    |select_ln113_272_fu_19103_p3                                         |    select|   0|  0|   32|           1|          32|
    |select_ln113_273_fu_19111_p3                                         |    select|   0|  0|   32|           1|          32|
    |select_ln113_274_fu_19119_p3                                         |    select|   0|  0|   32|           1|          32|
    |select_ln113_275_fu_19127_p3                                         |    select|   0|  0|   32|           1|          32|
    |select_ln113_276_fu_19135_p3                                         |    select|   0|  0|   32|           1|          32|
    |select_ln113_277_fu_19143_p3                                         |    select|   0|  0|   32|           1|          32|
    |select_ln113_278_fu_19151_p3                                         |    select|   0|  0|   32|           1|          32|
    |select_ln113_279_fu_19159_p3                                         |    select|   0|  0|   32|           1|          32|
    |select_ln113_27_fu_20448_p3                                          |    select|   0|  0|   32|           1|          32|
    |select_ln113_280_fu_19167_p3                                         |    select|   0|  0|   32|           1|          32|
    |select_ln113_281_fu_19175_p3                                         |    select|   0|  0|   32|           1|          32|
    |select_ln113_282_fu_19183_p3                                         |    select|   0|  0|   32|           1|          32|
    |select_ln113_283_fu_19191_p3                                         |    select|   0|  0|   32|           1|          32|
    |select_ln113_284_fu_19199_p3                                         |    select|   0|  0|   32|           1|          32|
    |select_ln113_285_fu_19207_p3                                         |    select|   0|  0|   32|           1|          32|
    |select_ln113_286_fu_19215_p3                                         |    select|   0|  0|   32|           1|          32|
    |select_ln113_287_fu_19223_p3                                         |    select|   0|  0|   32|           1|          32|
    |select_ln113_288_fu_19231_p3                                         |    select|   0|  0|   32|           1|          32|
    |select_ln113_289_fu_19239_p3                                         |    select|   0|  0|   32|           1|          32|
    |select_ln113_28_fu_20419_p3                                          |    select|   0|  0|   32|           1|          32|
    |select_ln113_290_fu_19247_p3                                         |    select|   0|  0|   32|           1|          32|
    |select_ln113_291_fu_19255_p3                                         |    select|   0|  0|   32|           1|          32|
    |select_ln113_292_fu_19263_p3                                         |    select|   0|  0|   32|           1|          32|
    |select_ln113_293_fu_19271_p3                                         |    select|   0|  0|   32|           1|          32|
    |select_ln113_294_fu_19279_p3                                         |    select|   0|  0|   32|           1|          32|
    |select_ln113_295_fu_19287_p3                                         |    select|   0|  0|   32|           1|          32|
    |select_ln113_296_fu_19295_p3                                         |    select|   0|  0|   32|           1|          32|
    |select_ln113_297_fu_19303_p3                                         |    select|   0|  0|   32|           1|          32|
    |select_ln113_298_fu_19311_p3                                         |    select|   0|  0|   32|           1|          32|
    |select_ln113_299_fu_19319_p3                                         |    select|   0|  0|   32|           1|          32|
    |select_ln113_29_fu_20426_p3                                          |    select|   0|  0|   32|           1|          32|
    |select_ln113_2_fu_20754_p3                                           |    select|   0|  0|   32|           1|          32|
    |select_ln113_300_fu_19327_p3                                         |    select|   0|  0|   32|           1|          32|
    |select_ln113_301_fu_19335_p3                                         |    select|   0|  0|   32|           1|          32|
    |select_ln113_302_fu_19343_p3                                         |    select|   0|  0|   32|           1|          32|
    |select_ln113_303_fu_19351_p3                                         |    select|   0|  0|   32|           1|          32|
    |select_ln113_304_fu_19359_p3                                         |    select|   0|  0|   32|           1|          32|
    |select_ln113_305_fu_19367_p3                                         |    select|   0|  0|   32|           1|          32|
    |select_ln113_306_fu_19375_p3                                         |    select|   0|  0|   32|           1|          32|
    |select_ln113_307_fu_19383_p3                                         |    select|   0|  0|   32|           1|          32|
    |select_ln113_308_fu_19391_p3                                         |    select|   0|  0|   32|           1|          32|
    |select_ln113_309_fu_19399_p3                                         |    select|   0|  0|   32|           1|          32|
    |select_ln113_30_fu_20397_p3                                          |    select|   0|  0|   32|           1|          32|
    |select_ln113_310_fu_19407_p3                                         |    select|   0|  0|   32|           1|          32|
    |select_ln113_311_fu_19415_p3                                         |    select|   0|  0|   32|           1|          32|
    |select_ln113_312_fu_19423_p3                                         |    select|   0|  0|   32|           1|          32|
    |select_ln113_313_fu_19431_p3                                         |    select|   0|  0|   32|           1|          32|
    |select_ln113_314_fu_19439_p3                                         |    select|   0|  0|   32|           1|          32|
    |select_ln113_315_fu_19447_p3                                         |    select|   0|  0|   32|           1|          32|
    |select_ln113_316_fu_19455_p3                                         |    select|   0|  0|   32|           1|          32|
    |select_ln113_317_fu_19463_p3                                         |    select|   0|  0|   32|           1|          32|
    |select_ln113_318_fu_19471_p3                                         |    select|   0|  0|   32|           1|          32|
    |select_ln113_319_fu_19479_p3                                         |    select|   0|  0|   32|           1|          32|
    |select_ln113_31_fu_20404_p3                                          |    select|   0|  0|   32|           1|          32|
    |select_ln113_320_fu_19487_p3                                         |    select|   0|  0|   32|           1|          32|
    |select_ln113_321_fu_19495_p3                                         |    select|   0|  0|   32|           1|          32|
    |select_ln113_322_fu_19503_p3                                         |    select|   0|  0|   32|           1|          32|
    |select_ln113_323_fu_19511_p3                                         |    select|   0|  0|   32|           1|          32|
    |select_ln113_324_fu_19519_p3                                         |    select|   0|  0|   32|           1|          32|
    |select_ln113_325_fu_19527_p3                                         |    select|   0|  0|   32|           1|          32|
    |select_ln113_326_fu_19535_p3                                         |    select|   0|  0|   32|           1|          32|
    |select_ln113_327_fu_19543_p3                                         |    select|   0|  0|   32|           1|          32|
    |select_ln113_328_fu_19551_p3                                         |    select|   0|  0|   32|           1|          32|
    |select_ln113_329_fu_19559_p3                                         |    select|   0|  0|   32|           1|          32|
    |select_ln113_32_fu_20375_p3                                          |    select|   0|  0|   32|           1|          32|
    |select_ln113_330_fu_19567_p3                                         |    select|   0|  0|   32|           1|          32|
    |select_ln113_331_fu_19575_p3                                         |    select|   0|  0|   32|           1|          32|
    |select_ln113_332_fu_19583_p3                                         |    select|   0|  0|   32|           1|          32|
    |select_ln113_333_fu_19591_p3                                         |    select|   0|  0|   32|           1|          32|
    |select_ln113_334_fu_19599_p3                                         |    select|   0|  0|   32|           1|          32|
    |select_ln113_335_fu_19607_p3                                         |    select|   0|  0|   32|           1|          32|
    |select_ln113_336_fu_19615_p3                                         |    select|   0|  0|   32|           1|          32|
    |select_ln113_337_fu_19623_p3                                         |    select|   0|  0|   32|           1|          32|
    |select_ln113_338_fu_19631_p3                                         |    select|   0|  0|   32|           1|          32|
    |select_ln113_339_fu_19639_p3                                         |    select|   0|  0|   32|           1|          32|
    |select_ln113_33_fu_20382_p3                                          |    select|   0|  0|   32|           1|          32|
    |select_ln113_340_fu_19647_p3                                         |    select|   0|  0|   32|           1|          32|
    |select_ln113_341_fu_19655_p3                                         |    select|   0|  0|   32|           1|          32|
    |select_ln113_342_fu_19663_p3                                         |    select|   0|  0|   32|           1|          32|
    |select_ln113_343_fu_19671_p3                                         |    select|   0|  0|   32|           1|          32|
    |select_ln113_344_fu_19679_p3                                         |    select|   0|  0|   32|           1|          32|
    |select_ln113_345_fu_19687_p3                                         |    select|   0|  0|   32|           1|          32|
    |select_ln113_346_fu_19695_p3                                         |    select|   0|  0|   32|           1|          32|
    |select_ln113_347_fu_19703_p3                                         |    select|   0|  0|   32|           1|          32|
    |select_ln113_348_fu_19711_p3                                         |    select|   0|  0|   32|           1|          32|
    |select_ln113_349_fu_19719_p3                                         |    select|   0|  0|   32|           1|          32|
    |select_ln113_34_fu_20353_p3                                          |    select|   0|  0|   32|           1|          32|
    |select_ln113_350_fu_19727_p3                                         |    select|   0|  0|   32|           1|          32|
    |select_ln113_351_fu_19735_p3                                         |    select|   0|  0|   32|           1|          32|
    |select_ln113_352_fu_19743_p3                                         |    select|   0|  0|   32|           1|          32|
    |select_ln113_353_fu_19751_p3                                         |    select|   0|  0|   32|           1|          32|
    |select_ln113_354_fu_19759_p3                                         |    select|   0|  0|   32|           1|          32|
    |select_ln113_355_fu_19767_p3                                         |    select|   0|  0|   32|           1|          32|
    |select_ln113_356_fu_19775_p3                                         |    select|   0|  0|   32|           1|          32|
    |select_ln113_357_fu_19783_p3                                         |    select|   0|  0|   32|           1|          32|
    |select_ln113_358_fu_19791_p3                                         |    select|   0|  0|   32|           1|          32|
    |select_ln113_359_fu_19799_p3                                         |    select|   0|  0|   32|           1|          32|
    |select_ln113_35_fu_20360_p3                                          |    select|   0|  0|   32|           1|          32|
    |select_ln113_360_fu_19807_p3                                         |    select|   0|  0|   32|           1|          32|
    |select_ln113_361_fu_19815_p3                                         |    select|   0|  0|   32|           1|          32|
    |select_ln113_362_fu_19823_p3                                         |    select|   0|  0|   32|           1|          32|
    |select_ln113_363_fu_19831_p3                                         |    select|   0|  0|   32|           1|          32|
    |select_ln113_364_fu_19839_p3                                         |    select|   0|  0|   32|           1|          32|
    |select_ln113_365_fu_19847_p3                                         |    select|   0|  0|   32|           1|          32|
    |select_ln113_366_fu_19855_p3                                         |    select|   0|  0|   32|           1|          32|
    |select_ln113_367_fu_19863_p3                                         |    select|   0|  0|   32|           1|          32|
    |select_ln113_368_fu_19871_p3                                         |    select|   0|  0|   32|           1|          32|
    |select_ln113_369_fu_19879_p3                                         |    select|   0|  0|   32|           1|          32|
    |select_ln113_36_fu_20331_p3                                          |    select|   0|  0|   32|           1|          32|
    |select_ln113_370_fu_19887_p3                                         |    select|   0|  0|   32|           1|          32|
    |select_ln113_371_fu_19895_p3                                         |    select|   0|  0|   32|           1|          32|
    |select_ln113_372_fu_19903_p3                                         |    select|   0|  0|   32|           1|          32|
    |select_ln113_373_fu_19911_p3                                         |    select|   0|  0|   32|           1|          32|
    |select_ln113_374_fu_19919_p3                                         |    select|   0|  0|   32|           1|          32|
    |select_ln113_375_fu_19927_p3                                         |    select|   0|  0|   32|           1|          32|
    |select_ln113_376_fu_19935_p3                                         |    select|   0|  0|   32|           1|          32|
    |select_ln113_377_fu_19943_p3                                         |    select|   0|  0|   32|           1|          32|
    |select_ln113_378_fu_19951_p3                                         |    select|   0|  0|   32|           1|          32|
    |select_ln113_379_fu_19959_p3                                         |    select|   0|  0|   32|           1|          32|
    |select_ln113_37_fu_20338_p3                                          |    select|   0|  0|   32|           1|          32|
    |select_ln113_380_fu_19967_p3                                         |    select|   0|  0|   32|           1|          32|
    |select_ln113_381_fu_19975_p3                                         |    select|   0|  0|   32|           1|          32|
    |select_ln113_382_fu_19983_p3                                         |    select|   0|  0|   32|           1|          32|
    |select_ln113_383_fu_19991_p3                                         |    select|   0|  0|   32|           1|          32|
    |select_ln113_384_fu_19999_p3                                         |    select|   0|  0|   32|           1|          32|
    |select_ln113_385_fu_20007_p3                                         |    select|   0|  0|   32|           1|          32|
    |select_ln113_38_fu_20309_p3                                          |    select|   0|  0|   32|           1|          32|
    |select_ln113_39_fu_20316_p3                                          |    select|   0|  0|   32|           1|          32|
    |select_ln113_3_fu_20761_p3                                           |    select|   0|  0|   32|           1|          32|
    |select_ln113_40_fu_20287_p3                                          |    select|   0|  0|   32|           1|          32|
    |select_ln113_41_fu_20294_p3                                          |    select|   0|  0|   32|           1|          32|
    |select_ln113_42_fu_20265_p3                                          |    select|   0|  0|   32|           1|          32|
    |select_ln113_43_fu_20272_p3                                          |    select|   0|  0|   32|           1|          32|
    |select_ln113_44_fu_20243_p3                                          |    select|   0|  0|   32|           1|          32|
    |select_ln113_45_fu_20250_p3                                          |    select|   0|  0|   32|           1|          32|
    |select_ln113_46_fu_20221_p3                                          |    select|   0|  0|   32|           1|          32|
    |select_ln113_47_fu_20228_p3                                          |    select|   0|  0|   32|           1|          32|
    |select_ln113_48_fu_20199_p3                                          |    select|   0|  0|   32|           1|          32|
    |select_ln113_49_fu_20206_p3                                          |    select|   0|  0|   32|           1|          32|
    |select_ln113_4_fu_20732_p3                                           |    select|   0|  0|   32|           1|          32|
    |select_ln113_50_fu_20177_p3                                          |    select|   0|  0|   32|           1|          32|
    |select_ln113_51_fu_20184_p3                                          |    select|   0|  0|   32|           1|          32|
    |select_ln113_52_fu_20155_p3                                          |    select|   0|  0|   32|           1|          32|
    |select_ln113_53_fu_20162_p3                                          |    select|   0|  0|   32|           1|          32|
    |select_ln113_54_fu_20133_p3                                          |    select|   0|  0|   32|           1|          32|
    |select_ln113_55_fu_20140_p3                                          |    select|   0|  0|   32|           1|          32|
    |select_ln113_56_fu_20111_p3                                          |    select|   0|  0|   32|           1|          32|
    |select_ln113_57_fu_20118_p3                                          |    select|   0|  0|   32|           1|          32|
    |select_ln113_58_fu_20089_p3                                          |    select|   0|  0|   32|           1|          32|
    |select_ln113_59_fu_20096_p3                                          |    select|   0|  0|   32|           1|          32|
    |select_ln113_5_fu_20739_p3                                           |    select|   0|  0|   32|           1|          32|
    |select_ln113_60_fu_20067_p3                                          |    select|   0|  0|   32|           1|          32|
    |select_ln113_61_fu_20074_p3                                          |    select|   0|  0|   32|           1|          32|
    |select_ln113_62_fu_20045_p3                                          |    select|   0|  0|   32|           1|          32|
    |select_ln113_63_fu_20052_p3                                          |    select|   0|  0|   32|           1|          32|
    |select_ln113_64_fu_20023_p3                                          |    select|   0|  0|   32|           1|          32|
    |select_ln113_65_fu_20030_p3                                          |    select|   0|  0|   32|           1|          32|
    |select_ln113_66_fu_17455_p3                                          |    select|   0|  0|   32|           1|          32|
    |select_ln113_67_fu_17463_p3                                          |    select|   0|  0|   32|           1|          32|
    |select_ln113_68_fu_17471_p3                                          |    select|   0|  0|   32|           1|          32|
    |select_ln113_69_fu_17479_p3                                          |    select|   0|  0|   32|           1|          32|
    |select_ln113_6_fu_20701_p3                                           |    select|   0|  0|   32|           1|          32|
    |select_ln113_70_fu_17487_p3                                          |    select|   0|  0|   32|           1|          32|
    |select_ln113_71_fu_17495_p3                                          |    select|   0|  0|   32|           1|          32|
    |select_ln113_72_fu_17503_p3                                          |    select|   0|  0|   32|           1|          32|
    |select_ln113_73_fu_17511_p3                                          |    select|   0|  0|   32|           1|          32|
    |select_ln113_74_fu_17519_p3                                          |    select|   0|  0|   32|           1|          32|
    |select_ln113_75_fu_17527_p3                                          |    select|   0|  0|   32|           1|          32|
    |select_ln113_76_fu_17535_p3                                          |    select|   0|  0|   32|           1|          32|
    |select_ln113_77_fu_17543_p3                                          |    select|   0|  0|   32|           1|          32|
    |select_ln113_78_fu_17551_p3                                          |    select|   0|  0|   32|           1|          32|
    |select_ln113_79_fu_17559_p3                                          |    select|   0|  0|   32|           1|          32|
    |select_ln113_7_fu_20708_p3                                           |    select|   0|  0|   32|           1|          32|
    |select_ln113_80_fu_17567_p3                                          |    select|   0|  0|   32|           1|          32|
    |select_ln113_81_fu_17575_p3                                          |    select|   0|  0|   32|           1|          32|
    |select_ln113_82_fu_17583_p3                                          |    select|   0|  0|   32|           1|          32|
    |select_ln113_83_fu_17591_p3                                          |    select|   0|  0|   32|           1|          32|
    |select_ln113_84_fu_17599_p3                                          |    select|   0|  0|   32|           1|          32|
    |select_ln113_85_fu_17607_p3                                          |    select|   0|  0|   32|           1|          32|
    |select_ln113_86_fu_17615_p3                                          |    select|   0|  0|   32|           1|          32|
    |select_ln113_87_fu_17623_p3                                          |    select|   0|  0|   32|           1|          32|
    |select_ln113_88_fu_17631_p3                                          |    select|   0|  0|   32|           1|          32|
    |select_ln113_89_fu_17639_p3                                          |    select|   0|  0|   32|           1|          32|
    |select_ln113_8_fu_20650_p3                                           |    select|   0|  0|   32|           1|          32|
    |select_ln113_90_fu_17647_p3                                          |    select|   0|  0|   32|           1|          32|
    |select_ln113_91_fu_17655_p3                                          |    select|   0|  0|   32|           1|          32|
    |select_ln113_92_fu_17663_p3                                          |    select|   0|  0|   32|           1|          32|
    |select_ln113_93_fu_17671_p3                                          |    select|   0|  0|   32|           1|          32|
    |select_ln113_94_fu_17679_p3                                          |    select|   0|  0|   32|           1|          32|
    |select_ln113_95_fu_17687_p3                                          |    select|   0|  0|   32|           1|          32|
    |select_ln113_96_fu_17695_p3                                          |    select|   0|  0|   32|           1|          32|
    |select_ln113_97_fu_17703_p3                                          |    select|   0|  0|   32|           1|          32|
    |select_ln113_98_fu_17711_p3                                          |    select|   0|  0|   32|           1|          32|
    |select_ln113_99_fu_17719_p3                                          |    select|   0|  0|   32|           1|          32|
    |select_ln113_9_fu_20657_p3                                           |    select|   0|  0|   32|           1|          32|
    |select_ln113_fu_20639_p3                                             |    select|   0|  0|    7|           1|           1|
    |select_ln306_fu_23323_p3                                             |    select|   0|  0|   32|           1|          32|
    |select_ln570_fu_16708_p3                                             |    select|   0|  0|   32|           1|          32|
    |select_ln571_fu_16686_p3                                             |    select|   0|  0|   32|           1|          32|
    |select_ln574_fu_16656_p3                                             |    select|   0|  0|   32|           1|          32|
    |select_ln577_fu_16648_p3                                             |    select|   0|  0|    2|           1|           2|
    |select_ln592_fu_16669_p3                                             |    select|   0|  0|   32|           1|          32|
    |select_ln62_1_fu_20781_p3                                            |    select|   0|  0|   31|           1|          31|
    |select_ln62_4_fu_22952_p3                                            |    select|   0|  0|   31|           1|          31|
    |select_ln62_5_fu_22816_p3                                            |    select|   0|  0|   31|           1|          31|
    |select_ln62_6_fu_22845_p3                                            |    select|   0|  0|   31|           1|          31|
    |select_ln62_fu_20852_p3                                              |    select|   0|  0|   31|           1|          31|
    |select_ln65_1_fu_21529_p3                                            |    select|   0|  0|   15|           1|          15|
    |select_ln65_fu_21482_p3                                              |    select|   0|  0|   15|           1|          15|
    |sh_amt_fu_16582_p3                                                   |    select|   0|  0|   12|           1|          12|
    |std_fx_V_fu_16722_p3                                                 |    select|   0|  0|   32|           1|           3|
    |tmp_V_4_fu_16178_p3                                                  |    select|   0|  0|   32|           1|          32|
    |tmp_V_5_fu_23043_p3                                                  |    select|   0|  0|   48|           1|          48|
    |var_fx_f_fu_16437_p3                                                 |    select|   0|  0|   32|           1|           1|
    |var_safe_fu_16485_p3                                                 |    select|   0|  0|   32|           1|          32|
    |shl_ln1110_fu_23223_p2                                               |       shl|   0|  0|  149|          48|          48|
    |shl_ln1114_fu_16347_p2                                               |       shl|   0|  0|  182|          64|          64|
    |shl_ln593_fu_16664_p2                                                |       shl|   0|  0|   84|          32|          32|
    |xor_ln1104_1_fu_23156_p2                                             |       xor|   0|  0|    2|           1|           2|
    |xor_ln1104_fu_16276_p2                                               |       xor|   0|  0|    2|           1|           2|
    |xor_ln560_fu_16676_p2                                                |       xor|   0|  0|    2|           1|           2|
    |xor_ln571_fu_16697_p2                                                |       xor|   0|  0|    2|           1|           2|
    +---------------------------------------------------------------------+----------+----+---+-----+------------+------------+
    |Total                                                                |          |   0|  0|15492|        2128|       14229|
    +---------------------------------------------------------------------+----------+----+---+-----+------------+------------+

    * Multiplexer: 
    +---------------------------------+------+-----------+-----+-----------+
    |               Name              |  LUT | Input Size| Bits| Total Bits|
    +---------------------------------+------+-----------+-----+-----------+
    |ap_NS_fsm                        |  1580|        298|    1|        298|
    |buf2_circ_V_1_address0           |    13|          3|    6|         18|
    |buf2_circ_V_1_ce0                |    13|          3|    1|          3|
    |buf2_circ_V_2_address0           |    13|          3|    6|         18|
    |buf2_circ_V_2_ce0                |    13|          3|    1|          3|
    |buf2_circ_V_3_address0           |    13|          3|    6|         18|
    |buf2_circ_V_3_ce0                |    13|          3|    1|          3|
    |buf2_circ_V_4_address0           |    13|          3|    6|         18|
    |buf2_circ_V_4_ce0                |    13|          3|    1|          3|
    |buf2_circ_V_5_address0           |    13|          3|    6|         18|
    |buf2_circ_V_5_ce0                |    13|          3|    1|          3|
    |buf2_circ_V_6_address0           |    13|          3|    6|         18|
    |buf2_circ_V_6_ce0                |    13|          3|    1|          3|
    |buf2_circ_V_7_address0           |    13|          3|    6|         18|
    |buf2_circ_V_7_ce0                |    13|          3|    1|          3|
    |buf2_circ_V_8_address0           |    13|          3|    6|         18|
    |buf2_circ_V_8_ce0                |    13|          3|    1|          3|
    |buf2_circ_V_9_address0           |    13|          3|    6|         18|
    |buf2_circ_V_9_ce0                |    13|          3|    1|          3|
    |buf2_circ_V_address0             |    13|          3|    6|         18|
    |buf2_circ_V_ce0                  |    13|          3|    1|          3|
    |dense0_buf_V_1_address0          |    13|          3|    6|         18|
    |dense0_buf_V_1_ce0               |    13|          3|    1|          3|
    |dense0_buf_V_address0            |    13|          3|    6|         18|
    |dense0_buf_V_ce0                 |    13|          3|    1|          3|
    |gap_buf_V_1_address0             |    25|          6|    7|         42|
    |gap_buf_V_1_ce0                  |    21|          5|    1|          5|
    |gap_buf_V_1_d0                   |    17|          4|   32|        128|
    |gap_buf_V_1_we0                  |    17|          4|    1|          4|
    |gap_buf_V_address0               |    25|          6|    7|         42|
    |gap_buf_V_ce0                    |    21|          5|    1|          5|
    |gap_buf_V_d0                     |    17|          4|   32|        128|
    |gap_buf_V_we0                    |    17|          4|    1|          4|
    |in_stream_TREADY_int_regslice    |     9|          2|    1|          2|
    |indvar_flatten_reg_11111         |     9|          2|    8|         16|
    |input_buf_V_1_address0           |    21|          5|    7|         35|
    |input_buf_V_1_ce0                |    21|          5|    1|          5|
    |input_buf_V_1_we0                |     9|          2|    1|          2|
    |input_buf_V_address0             |    21|          5|    7|         35|
    |input_buf_V_ce0                  |    21|          5|    1|          5|
    |input_buf_V_we0                  |     9|          2|    1|          2|
    |l1_out_V_1_address0              |    86|         18|    5|         90|
    |l1_out_V_1_address1              |    81|         17|    5|         85|
    |l1_out_V_address0                |    86|         18|    5|         90|
    |l1_out_V_address1                |    81|         17|    5|         85|
    |l3_out_V_1_address0              |   153|         34|    6|        204|
    |l3_out_V_1_address1              |   149|         33|    6|        198|
    |l3_out_V_address0                |   153|         34|    6|        204|
    |l3_out_V_address1                |   149|         33|    6|        198|
    |norm_buf_V_1_address0            |    13|          3|    7|         21|
    |norm_buf_V_1_ce0                 |    13|          3|    1|          3|
    |norm_buf_V_1_we0                 |     9|          2|    1|          2|
    |norm_buf_V_address0              |    13|          3|    7|         21|
    |norm_buf_V_ce0                   |    13|          3|    1|          3|
    |norm_buf_V_we0                   |     9|          2|    1|          2|
    |oc_1_reg_15475                   |     9|          2|    7|         14|
    |oc_2_fu_1484                     |     9|          2|    8|         16|
    |oc_3_fu_1488                     |     9|          2|    2|          4|
    |oc_base_1_reg_15499              |     9|          2|    8|         16|
    |oc_base_2_reg_15522              |     9|          2|    8|         16|
    |oc_base_reg_15511                |     9|          2|    8|         16|
    |oc_reg_15487                     |     9|          2|    7|         14|
    |p_0_0_034295145_reg_14635        |     9|          2|   32|         64|
    |p_0_0_03429_105155_reg_14526     |     9|          2|   32|         64|
    |p_0_0_03429_115156_reg_14515     |     9|          2|   32|         64|
    |p_0_0_03429_125157_reg_14504     |     9|          2|   32|         64|
    |p_0_0_03429_135158_reg_14493     |     9|          2|   32|         64|
    |p_0_0_03429_145159_reg_14482     |     9|          2|   32|         64|
    |p_0_0_03429_150245146_reg_14625  |     9|          2|   32|         64|
    |p_0_0_03429_15209_reg_13933      |     9|          2|   32|         64|
    |p_0_0_03429_155160_reg_14471     |     9|          2|   32|         64|
    |p_0_0_03429_165161_reg_14460     |     9|          2|   32|         64|
    |p_0_0_03429_175162_reg_14449     |     9|          2|   32|         64|
    |p_0_0_03429_185163_reg_14438     |     9|          2|   32|         64|
    |p_0_0_03429_195164_reg_14427     |     9|          2|   32|         64|
    |p_0_0_03429_1_105219_reg_13824   |     9|          2|   32|         64|
    |p_0_0_03429_1_115220_reg_13813   |     9|          2|   32|         64|
    |p_0_0_03429_1_125221_reg_13802   |     9|          2|   32|         64|
    |p_0_0_03429_1_135222_reg_13791   |     9|          2|   32|         64|
    |p_0_0_03429_1_145223_reg_13780   |     9|          2|   32|         64|
    |p_0_0_03429_1_15210_reg_13923    |     9|          2|   32|         64|
    |p_0_0_03429_1_155224_reg_13769   |     9|          2|   32|         64|
    |p_0_0_03429_1_165225_reg_13758   |     9|          2|   32|         64|
    |p_0_0_03429_1_175226_reg_13747   |     9|          2|   32|         64|
    |p_0_0_03429_1_185227_reg_13736   |     9|          2|   32|         64|
    |p_0_0_03429_1_195228_reg_13725   |     9|          2|   32|         64|
    |p_0_0_03429_1_205229_reg_13714   |     9|          2|   32|         64|
    |p_0_0_03429_1_215230_reg_13703   |     9|          2|   32|         64|
    |p_0_0_03429_1_225231_reg_13692   |     9|          2|   32|         64|
    |p_0_0_03429_1_235232_reg_13681   |     9|          2|   32|         64|
    |p_0_0_03429_1_245233_reg_13670   |     9|          2|   32|         64|
    |p_0_0_03429_1_25211_reg_13912    |     9|          2|   32|         64|
    |p_0_0_03429_1_255234_reg_13659   |     9|          2|   32|         64|
    |p_0_0_03429_1_265235_reg_13648   |     9|          2|   32|         64|
    |p_0_0_03429_1_275236_reg_13637   |     9|          2|   32|         64|
    |p_0_0_03429_1_285237_reg_13626   |     9|          2|   32|         64|
    |p_0_0_03429_1_295238_reg_13615   |     9|          2|   32|         64|
    |p_0_0_03429_1_305239_reg_13604   |     9|          2|   32|         64|
    |p_0_0_03429_1_315240_reg_13593   |     9|          2|   32|         64|
    |p_0_0_03429_1_325241_reg_13582   |     9|          2|   32|         64|
    |p_0_0_03429_1_335242_reg_13571   |     9|          2|   32|         64|
    |p_0_0_03429_1_345243_reg_13560   |     9|          2|   32|         64|
    |p_0_0_03429_1_35212_reg_13901    |     9|          2|   32|         64|
    |p_0_0_03429_1_355244_reg_13549   |     9|          2|   32|         64|
    |p_0_0_03429_1_365245_reg_13538   |     9|          2|   32|         64|
    |p_0_0_03429_1_375246_reg_13527   |     9|          2|   32|         64|
    |p_0_0_03429_1_385247_reg_13516   |     9|          2|   32|         64|
    |p_0_0_03429_1_395248_reg_13505   |     9|          2|   32|         64|
    |p_0_0_03429_1_405249_reg_13494   |     9|          2|   32|         64|
    |p_0_0_03429_1_415250_reg_13483   |     9|          2|   32|         64|
    |p_0_0_03429_1_425251_reg_13472   |     9|          2|   32|         64|
    |p_0_0_03429_1_435252_reg_13461   |     9|          2|   32|         64|
    |p_0_0_03429_1_445253_reg_13450   |     9|          2|   32|         64|
    |p_0_0_03429_1_45213_reg_13890    |     9|          2|   32|         64|
    |p_0_0_03429_1_455254_reg_13439   |     9|          2|   32|         64|
    |p_0_0_03429_1_465255_reg_13428   |     9|          2|   32|         64|
    |p_0_0_03429_1_475256_reg_13417   |     9|          2|   32|         64|
    |p_0_0_03429_1_485257_reg_13406   |     9|          2|   32|         64|
    |p_0_0_03429_1_495258_reg_13395   |     9|          2|   32|         64|
    |p_0_0_03429_1_505259_reg_13384   |     9|          2|   32|         64|
    |p_0_0_03429_1_515260_reg_13373   |     9|          2|   32|         64|
    |p_0_0_03429_1_525261_reg_13362   |     9|          2|   32|         64|
    |p_0_0_03429_1_535262_reg_13351   |     9|          2|   32|         64|
    |p_0_0_03429_1_545263_reg_13340   |     9|          2|   32|         64|
    |p_0_0_03429_1_55214_reg_13879    |     9|          2|   32|         64|
    |p_0_0_03429_1_555264_reg_13329   |     9|          2|   32|         64|
    |p_0_0_03429_1_565265_reg_13318   |     9|          2|   32|         64|
    |p_0_0_03429_1_575266_reg_13307   |     9|          2|   32|         64|
    |p_0_0_03429_1_585267_reg_13296   |     9|          2|   32|         64|
    |p_0_0_03429_1_595268_reg_13285   |     9|          2|   32|         64|
    |p_0_0_03429_1_605269_reg_13274   |     9|          2|   32|         64|
    |p_0_0_03429_1_615270_reg_13263   |     9|          2|   32|         64|
    |p_0_0_03429_1_625271_reg_13252   |     9|          2|   32|         64|
    |p_0_0_03429_1_635272_reg_13241   |     9|          2|   32|         64|
    |p_0_0_03429_1_65215_reg_13868    |     9|          2|   32|         64|
    |p_0_0_03429_1_75216_reg_13857    |     9|          2|   32|         64|
    |p_0_0_03429_1_85217_reg_13846    |     9|          2|   32|         64|
    |p_0_0_03429_1_95218_reg_13835    |     9|          2|   32|         64|
    |p_0_0_03429_205165_reg_14416     |     9|          2|   32|         64|
    |p_0_0_03429_215166_reg_14405     |     9|          2|   32|         64|
    |p_0_0_03429_225167_reg_14394     |     9|          2|   32|         64|
    |p_0_0_03429_235168_reg_14383     |     9|          2|   32|         64|
    |p_0_0_03429_245169_reg_14372     |     9|          2|   32|         64|
    |p_0_0_03429_250285147_reg_14614  |     9|          2|   32|         64|
    |p_0_0_03429_25273_reg_13231      |     9|          2|   32|         64|
    |p_0_0_03429_255170_reg_14361     |     9|          2|   32|         64|
    |p_0_0_03429_265171_reg_14350     |     9|          2|   32|         64|
    |p_0_0_03429_275172_reg_14339     |     9|          2|   32|         64|
    |p_0_0_03429_285173_reg_14328     |     9|          2|   32|         64|
    |p_0_0_03429_295174_reg_14317     |     9|          2|   32|         64|
    |p_0_0_03429_2_105283_reg_13122   |     9|          2|   32|         64|
    |p_0_0_03429_2_115284_reg_13111   |     9|          2|   32|         64|
    |p_0_0_03429_2_125285_reg_13100   |     9|          2|   32|         64|
    |p_0_0_03429_2_135286_reg_13089   |     9|          2|   32|         64|
    |p_0_0_03429_2_145287_reg_13078   |     9|          2|   32|         64|
    |p_0_0_03429_2_15274_reg_13221    |     9|          2|   32|         64|
    |p_0_0_03429_2_155288_reg_13067   |     9|          2|   32|         64|
    |p_0_0_03429_2_165289_reg_13056   |     9|          2|   32|         64|
    |p_0_0_03429_2_175290_reg_13045   |     9|          2|   32|         64|
    |p_0_0_03429_2_185291_reg_13034   |     9|          2|   32|         64|
    |p_0_0_03429_2_195292_reg_13023   |     9|          2|   32|         64|
    |p_0_0_03429_2_205293_reg_13012   |     9|          2|   32|         64|
    |p_0_0_03429_2_215294_reg_13001   |     9|          2|   32|         64|
    |p_0_0_03429_2_225295_reg_12990   |     9|          2|   32|         64|
    |p_0_0_03429_2_235296_reg_12979   |     9|          2|   32|         64|
    |p_0_0_03429_2_245297_reg_12968   |     9|          2|   32|         64|
    |p_0_0_03429_2_25275_reg_13210    |     9|          2|   32|         64|
    |p_0_0_03429_2_255298_reg_12957   |     9|          2|   32|         64|
    |p_0_0_03429_2_265299_reg_12946   |     9|          2|   32|         64|
    |p_0_0_03429_2_275300_reg_12935   |     9|          2|   32|         64|
    |p_0_0_03429_2_285301_reg_12924   |     9|          2|   32|         64|
    |p_0_0_03429_2_295302_reg_12913   |     9|          2|   32|         64|
    |p_0_0_03429_2_305303_reg_12902   |     9|          2|   32|         64|
    |p_0_0_03429_2_315304_reg_12891   |     9|          2|   32|         64|
    |p_0_0_03429_2_325305_reg_12880   |     9|          2|   32|         64|
    |p_0_0_03429_2_335306_reg_12869   |     9|          2|   32|         64|
    |p_0_0_03429_2_345307_reg_12858   |     9|          2|   32|         64|
    |p_0_0_03429_2_35276_reg_13199    |     9|          2|   32|         64|
    |p_0_0_03429_2_355308_reg_12847   |     9|          2|   32|         64|
    |p_0_0_03429_2_365309_reg_12836   |     9|          2|   32|         64|
    |p_0_0_03429_2_375310_reg_12825   |     9|          2|   32|         64|
    |p_0_0_03429_2_385311_reg_12814   |     9|          2|   32|         64|
    |p_0_0_03429_2_395312_reg_12803   |     9|          2|   32|         64|
    |p_0_0_03429_2_405313_reg_12792   |     9|          2|   32|         64|
    |p_0_0_03429_2_415314_reg_12781   |     9|          2|   32|         64|
    |p_0_0_03429_2_425315_reg_12770   |     9|          2|   32|         64|
    |p_0_0_03429_2_435316_reg_12759   |     9|          2|   32|         64|
    |p_0_0_03429_2_445317_reg_12748   |     9|          2|   32|         64|
    |p_0_0_03429_2_45277_reg_13188    |     9|          2|   32|         64|
    |p_0_0_03429_2_455318_reg_12737   |     9|          2|   32|         64|
    |p_0_0_03429_2_465319_reg_12726   |     9|          2|   32|         64|
    |p_0_0_03429_2_475320_reg_12715   |     9|          2|   32|         64|
    |p_0_0_03429_2_485321_reg_12704   |     9|          2|   32|         64|
    |p_0_0_03429_2_495322_reg_12693   |     9|          2|   32|         64|
    |p_0_0_03429_2_505323_reg_12682   |     9|          2|   32|         64|
    |p_0_0_03429_2_515324_reg_12671   |     9|          2|   32|         64|
    |p_0_0_03429_2_525325_reg_12660   |     9|          2|   32|         64|
    |p_0_0_03429_2_535326_reg_12649   |     9|          2|   32|         64|
    |p_0_0_03429_2_545327_reg_12638   |     9|          2|   32|         64|
    |p_0_0_03429_2_55278_reg_13177    |     9|          2|   32|         64|
    |p_0_0_03429_2_555328_reg_12627   |     9|          2|   32|         64|
    |p_0_0_03429_2_565329_reg_12616   |     9|          2|   32|         64|
    |p_0_0_03429_2_575330_reg_12605   |     9|          2|   32|         64|
    |p_0_0_03429_2_585331_reg_12594   |     9|          2|   32|         64|
    |p_0_0_03429_2_595332_reg_12583   |     9|          2|   32|         64|
    |p_0_0_03429_2_605333_reg_12572   |     9|          2|   32|         64|
    |p_0_0_03429_2_615334_reg_12561   |     9|          2|   32|         64|
    |p_0_0_03429_2_625335_reg_12550   |     9|          2|   32|         64|
    |p_0_0_03429_2_635336_reg_12539   |     9|          2|   32|         64|
    |p_0_0_03429_2_65279_reg_13166    |     9|          2|   32|         64|
    |p_0_0_03429_2_75280_reg_13155    |     9|          2|   32|         64|
    |p_0_0_03429_2_85281_reg_13144    |     9|          2|   32|         64|
    |p_0_0_03429_2_95282_reg_13133    |     9|          2|   32|         64|
    |p_0_0_03429_305175_reg_14306     |     9|          2|   32|         64|
    |p_0_0_03429_315176_reg_14295     |     9|          2|   32|         64|
    |p_0_0_03429_325177_reg_14284     |     9|          2|   32|         64|
    |p_0_0_03429_335178_reg_14273     |     9|          2|   32|         64|
    |p_0_0_03429_345179_reg_14262     |     9|          2|   32|         64|
    |p_0_0_03429_350325148_reg_14603  |     9|          2|   32|         64|
    |p_0_0_03429_35337_reg_12529      |     9|          2|   32|         64|
    |p_0_0_03429_355180_reg_14251     |     9|          2|   32|         64|
    |p_0_0_03429_365181_reg_14240     |     9|          2|   32|         64|
    |p_0_0_03429_375182_reg_14229     |     9|          2|   32|         64|
    |p_0_0_03429_385183_reg_14218     |     9|          2|   32|         64|
    |p_0_0_03429_395184_reg_14207     |     9|          2|   32|         64|
    |p_0_0_03429_3_105347_reg_12420   |     9|          2|   32|         64|
    |p_0_0_03429_3_115348_reg_12409   |     9|          2|   32|         64|
    |p_0_0_03429_3_125349_reg_12398   |     9|          2|   32|         64|
    |p_0_0_03429_3_135350_reg_12387   |     9|          2|   32|         64|
    |p_0_0_03429_3_145351_reg_12376   |     9|          2|   32|         64|
    |p_0_0_03429_3_15338_reg_12519    |     9|          2|   32|         64|
    |p_0_0_03429_3_155352_reg_12365   |     9|          2|   32|         64|
    |p_0_0_03429_3_165353_reg_12354   |     9|          2|   32|         64|
    |p_0_0_03429_3_175354_reg_12343   |     9|          2|   32|         64|
    |p_0_0_03429_3_185355_reg_12332   |     9|          2|   32|         64|
    |p_0_0_03429_3_195356_reg_12321   |     9|          2|   32|         64|
    |p_0_0_03429_3_205357_reg_12310   |     9|          2|   32|         64|
    |p_0_0_03429_3_215358_reg_12299   |     9|          2|   32|         64|
    |p_0_0_03429_3_225359_reg_12288   |     9|          2|   32|         64|
    |p_0_0_03429_3_235360_reg_12277   |     9|          2|   32|         64|
    |p_0_0_03429_3_245361_reg_12266   |     9|          2|   32|         64|
    |p_0_0_03429_3_25339_reg_12508    |     9|          2|   32|         64|
    |p_0_0_03429_3_255362_reg_12255   |     9|          2|   32|         64|
    |p_0_0_03429_3_265363_reg_12244   |     9|          2|   32|         64|
    |p_0_0_03429_3_275364_reg_12233   |     9|          2|   32|         64|
    |p_0_0_03429_3_285365_reg_12222   |     9|          2|   32|         64|
    |p_0_0_03429_3_295366_reg_12211   |     9|          2|   32|         64|
    |p_0_0_03429_3_305367_reg_12200   |     9|          2|   32|         64|
    |p_0_0_03429_3_315368_reg_12189   |     9|          2|   32|         64|
    |p_0_0_03429_3_325369_reg_12178   |     9|          2|   32|         64|
    |p_0_0_03429_3_335370_reg_12167   |     9|          2|   32|         64|
    |p_0_0_03429_3_345371_reg_12156   |     9|          2|   32|         64|
    |p_0_0_03429_3_35340_reg_12497    |     9|          2|   32|         64|
    |p_0_0_03429_3_355372_reg_12145   |     9|          2|   32|         64|
    |p_0_0_03429_3_365373_reg_12134   |     9|          2|   32|         64|
    |p_0_0_03429_3_375374_reg_12123   |     9|          2|   32|         64|
    |p_0_0_03429_3_385375_reg_12112   |     9|          2|   32|         64|
    |p_0_0_03429_3_395376_reg_12101   |     9|          2|   32|         64|
    |p_0_0_03429_3_405377_reg_12090   |     9|          2|   32|         64|
    |p_0_0_03429_3_415378_reg_12079   |     9|          2|   32|         64|
    |p_0_0_03429_3_425379_reg_12068   |     9|          2|   32|         64|
    |p_0_0_03429_3_435380_reg_12057   |     9|          2|   32|         64|
    |p_0_0_03429_3_445381_reg_12046   |     9|          2|   32|         64|
    |p_0_0_03429_3_45341_reg_12486    |     9|          2|   32|         64|
    |p_0_0_03429_3_455382_reg_12035   |     9|          2|   32|         64|
    |p_0_0_03429_3_465383_reg_12024   |     9|          2|   32|         64|
    |p_0_0_03429_3_475384_reg_12013   |     9|          2|   32|         64|
    |p_0_0_03429_3_485385_reg_12002   |     9|          2|   32|         64|
    |p_0_0_03429_3_495386_reg_11991   |     9|          2|   32|         64|
    |p_0_0_03429_3_505387_reg_11980   |     9|          2|   32|         64|
    |p_0_0_03429_3_515388_reg_11969   |     9|          2|   32|         64|
    |p_0_0_03429_3_525389_reg_11958   |     9|          2|   32|         64|
    |p_0_0_03429_3_535390_reg_11947   |     9|          2|   32|         64|
    |p_0_0_03429_3_545391_reg_11936   |     9|          2|   32|         64|
    |p_0_0_03429_3_55342_reg_12475    |     9|          2|   32|         64|
    |p_0_0_03429_3_555392_reg_11925   |     9|          2|   32|         64|
    |p_0_0_03429_3_565393_reg_11914   |     9|          2|   32|         64|
    |p_0_0_03429_3_575394_reg_11903   |     9|          2|   32|         64|
    |p_0_0_03429_3_585395_reg_11892   |     9|          2|   32|         64|
    |p_0_0_03429_3_595396_reg_11881   |     9|          2|   32|         64|
    |p_0_0_03429_3_605397_reg_11870   |     9|          2|   32|         64|
    |p_0_0_03429_3_615398_reg_11859   |     9|          2|   32|         64|
    |p_0_0_03429_3_625399_reg_11848   |     9|          2|   32|         64|
    |p_0_0_03429_3_635400_reg_11837   |     9|          2|   32|         64|
    |p_0_0_03429_3_65343_reg_12464    |     9|          2|   32|         64|
    |p_0_0_03429_3_75344_reg_12453    |     9|          2|   32|         64|
    |p_0_0_03429_3_85345_reg_12442    |     9|          2|   32|         64|
    |p_0_0_03429_3_95346_reg_12431    |     9|          2|   32|         64|
    |p_0_0_03429_405185_reg_14196     |     9|          2|   32|         64|
    |p_0_0_03429_415186_reg_14185     |     9|          2|   32|         64|
    |p_0_0_03429_425187_reg_14174     |     9|          2|   32|         64|
    |p_0_0_03429_435188_reg_14163     |     9|          2|   32|         64|
    |p_0_0_03429_445189_reg_14152     |     9|          2|   32|         64|
    |p_0_0_03429_450365149_reg_14592  |     9|          2|   32|         64|
    |p_0_0_03429_455190_reg_14141     |     9|          2|   32|         64|
    |p_0_0_03429_465191_reg_14130     |     9|          2|   32|         64|
    |p_0_0_03429_475192_reg_14119     |     9|          2|   32|         64|
    |p_0_0_03429_485193_reg_14108     |     9|          2|   32|         64|
    |p_0_0_03429_495194_reg_14097     |     9|          2|   32|         64|
    |p_0_0_03429_505195_reg_14086     |     9|          2|   32|         64|
    |p_0_0_03429_515196_reg_14075     |     9|          2|   32|         64|
    |p_0_0_03429_525197_reg_14064     |     9|          2|   32|         64|
    |p_0_0_03429_535198_reg_14053     |     9|          2|   32|         64|
    |p_0_0_03429_545199_reg_14042     |     9|          2|   32|         64|
    |p_0_0_03429_550405150_reg_14581  |     9|          2|   32|         64|
    |p_0_0_03429_55467_reg_11826      |     9|          2|   32|         64|
    |p_0_0_03429_555200_reg_14031     |     9|          2|   32|         64|
    |p_0_0_03429_565201_reg_14020     |     9|          2|   32|         64|
    |p_0_0_03429_575202_reg_14009     |     9|          2|   32|         64|
    |p_0_0_03429_585203_reg_13998     |     9|          2|   32|         64|
    |p_0_0_03429_595204_reg_13987     |     9|          2|   32|         64|
    |p_0_0_03429_5_105477_reg_11716   |     9|          2|   32|         64|
    |p_0_0_03429_5_115478_reg_11705   |     9|          2|   32|         64|
    |p_0_0_03429_5_125479_reg_11694   |     9|          2|   32|         64|
    |p_0_0_03429_5_135480_reg_11683   |     9|          2|   32|         64|
    |p_0_0_03429_5_145481_reg_11672   |     9|          2|   32|         64|
    |p_0_0_03429_5_15468_reg_11815    |     9|          2|   32|         64|
    |p_0_0_03429_5_155482_reg_11661   |     9|          2|   32|         64|
    |p_0_0_03429_5_165483_reg_11650   |     9|          2|   32|         64|
    |p_0_0_03429_5_175484_reg_11639   |     9|          2|   32|         64|
    |p_0_0_03429_5_185485_reg_11628   |     9|          2|   32|         64|
    |p_0_0_03429_5_195486_reg_11617   |     9|          2|   32|         64|
    |p_0_0_03429_5_205487_reg_11606   |     9|          2|   32|         64|
    |p_0_0_03429_5_215488_reg_11595   |     9|          2|   32|         64|
    |p_0_0_03429_5_225489_reg_11584   |     9|          2|   32|         64|
    |p_0_0_03429_5_235490_reg_11573   |     9|          2|   32|         64|
    |p_0_0_03429_5_245491_reg_11562   |     9|          2|   32|         64|
    |p_0_0_03429_5_25469_reg_11804    |     9|          2|   32|         64|
    |p_0_0_03429_5_255492_reg_11551   |     9|          2|   32|         64|
    |p_0_0_03429_5_265493_reg_11540   |     9|          2|   32|         64|
    |p_0_0_03429_5_275494_reg_11529   |     9|          2|   32|         64|
    |p_0_0_03429_5_285495_reg_11518   |     9|          2|   32|         64|
    |p_0_0_03429_5_295496_reg_11507   |     9|          2|   32|         64|
    |p_0_0_03429_5_305497_reg_11496   |     9|          2|   32|         64|
    |p_0_0_03429_5_315498_reg_11485   |     9|          2|   32|         64|
    |p_0_0_03429_5_325499_reg_11474   |     9|          2|   32|         64|
    |p_0_0_03429_5_335500_reg_11463   |     9|          2|   32|         64|
    |p_0_0_03429_5_345501_reg_11452   |     9|          2|   32|         64|
    |p_0_0_03429_5_35470_reg_11793    |     9|          2|   32|         64|
    |p_0_0_03429_5_355502_reg_11441   |     9|          2|   32|         64|
    |p_0_0_03429_5_365503_reg_11430   |     9|          2|   32|         64|
    |p_0_0_03429_5_375504_reg_11419   |     9|          2|   32|         64|
    |p_0_0_03429_5_385505_reg_11408   |     9|          2|   32|         64|
    |p_0_0_03429_5_395506_reg_11397   |     9|          2|   32|         64|
    |p_0_0_03429_5_405507_reg_11386   |     9|          2|   32|         64|
    |p_0_0_03429_5_415508_reg_11375   |     9|          2|   32|         64|
    |p_0_0_03429_5_425509_reg_11364   |     9|          2|   32|         64|
    |p_0_0_03429_5_435510_reg_11353   |     9|          2|   32|         64|
    |p_0_0_03429_5_445511_reg_11342   |     9|          2|   32|         64|
    |p_0_0_03429_5_45471_reg_11782    |     9|          2|   32|         64|
    |p_0_0_03429_5_455512_reg_11331   |     9|          2|   32|         64|
    |p_0_0_03429_5_465513_reg_11320   |     9|          2|   32|         64|
    |p_0_0_03429_5_475514_reg_11309   |     9|          2|   32|         64|
    |p_0_0_03429_5_485515_reg_11298   |     9|          2|   32|         64|
    |p_0_0_03429_5_495516_reg_11287   |     9|          2|   32|         64|
    |p_0_0_03429_5_505517_reg_11276   |     9|          2|   32|         64|
    |p_0_0_03429_5_515518_reg_11265   |     9|          2|   32|         64|
    |p_0_0_03429_5_525519_reg_11254   |     9|          2|   32|         64|
    |p_0_0_03429_5_535520_reg_11243   |     9|          2|   32|         64|
    |p_0_0_03429_5_545521_reg_11232   |     9|          2|   32|         64|
    |p_0_0_03429_5_55472_reg_11771    |     9|          2|   32|         64|
    |p_0_0_03429_5_555522_reg_11221   |     9|          2|   32|         64|
    |p_0_0_03429_5_565523_reg_11210   |     9|          2|   32|         64|
    |p_0_0_03429_5_575524_reg_11199   |     9|          2|   32|         64|
    |p_0_0_03429_5_585525_reg_11188   |     9|          2|   32|         64|
    |p_0_0_03429_5_595526_reg_11177   |     9|          2|   32|         64|
    |p_0_0_03429_5_605527_reg_11166   |     9|          2|   32|         64|
    |p_0_0_03429_5_615528_reg_11155   |     9|          2|   32|         64|
    |p_0_0_03429_5_625529_reg_11144   |     9|          2|   32|         64|
    |p_0_0_03429_5_635530_reg_11133   |     9|          2|   32|         64|
    |p_0_0_03429_5_65473_reg_11760    |     9|          2|   32|         64|
    |p_0_0_03429_5_75474_reg_11749    |     9|          2|   32|         64|
    |p_0_0_03429_5_85475_reg_11738    |     9|          2|   32|         64|
    |p_0_0_03429_5_95476_reg_11727    |     9|          2|   32|         64|
    |p_0_0_03429_605205_reg_13976     |     9|          2|   32|         64|
    |p_0_0_03429_615206_reg_13965     |     9|          2|   32|         64|
    |p_0_0_03429_625207_reg_13954     |     9|          2|   32|         64|
    |p_0_0_03429_635208_reg_13943     |     9|          2|   32|         64|
    |p_0_0_03429_65151_reg_14570      |     9|          2|   32|         64|
    |p_0_0_03429_75152_reg_14559      |     9|          2|   32|         64|
    |p_0_0_03429_85153_reg_14548      |     9|          2|   32|         64|
    |p_0_0_03429_95154_reg_14537      |     9|          2|   32|         64|
    |phi_urem_fu_492                  |     9|          2|    7|         14|
    |s_reg_11122                      |     9|          2|    2|          4|
    |t_5_fu_968                       |     9|          2|    6|         12|
    |t_fu_496                         |     9|          2|    7|         14|
    |win01_V_0_2_fu_500               |     9|          2|   31|         62|
    |win01_V_0_3_fu_628               |     9|          2|   31|         62|
    |win01_V_10_2_fu_540              |     9|          2|   31|         62|
    |win01_V_10_3_fu_668              |     9|          2|   31|         62|
    |win01_V_11_2_fu_544              |     9|          2|   31|         62|
    |win01_V_11_3_fu_672              |     9|          2|   31|         62|
    |win01_V_12_2_fu_548              |     9|          2|   31|         62|
    |win01_V_12_3_fu_676              |     9|          2|   31|         62|
    |win01_V_13_2_fu_552              |     9|          2|   31|         62|
    |win01_V_13_3_fu_680              |     9|          2|   31|         62|
    |win01_V_14_2_fu_556              |     9|          2|   31|         62|
    |win01_V_14_3_fu_684              |     9|          2|   31|         62|
    |win01_V_15_2_fu_560              |     9|          2|   31|         62|
    |win01_V_15_3_fu_688              |     9|          2|   31|         62|
    |win01_V_16_2_fu_564              |     9|          2|   31|         62|
    |win01_V_16_3_fu_692              |     9|          2|   31|         62|
    |win01_V_17_2_fu_568              |     9|          2|   31|         62|
    |win01_V_17_3_fu_696              |     9|          2|   31|         62|
    |win01_V_18_2_fu_572              |     9|          2|   31|         62|
    |win01_V_18_3_fu_700              |     9|          2|   31|         62|
    |win01_V_19_2_fu_576              |     9|          2|   31|         62|
    |win01_V_19_3_fu_704              |     9|          2|   31|         62|
    |win01_V_1_2_fu_504               |     9|          2|   31|         62|
    |win01_V_1_3_fu_632               |     9|          2|   31|         62|
    |win01_V_1_address0               |   153|         34|    5|        170|
    |win01_V_1_address1               |   149|         33|    5|        165|
    |win01_V_1_ce0                    |    13|          3|    1|          3|
    |win01_V_1_d0                     |    13|          3|   31|         93|
    |win01_V_1_d1                     |    13|          3|   31|         93|
    |win01_V_20_2_fu_580              |     9|          2|   31|         62|
    |win01_V_20_3_fu_708              |     9|          2|   31|         62|
    |win01_V_21_2_fu_584              |     9|          2|   31|         62|
    |win01_V_21_3_fu_712              |     9|          2|   31|         62|
    |win01_V_22_2_fu_588              |     9|          2|   31|         62|
    |win01_V_22_3_fu_716              |     9|          2|   31|         62|
    |win01_V_23_2_fu_592              |     9|          2|   31|         62|
    |win01_V_23_3_fu_720              |     9|          2|   31|         62|
    |win01_V_24_2_fu_596              |     9|          2|   31|         62|
    |win01_V_24_3_fu_724              |     9|          2|   31|         62|
    |win01_V_25_2_fu_600              |     9|          2|   31|         62|
    |win01_V_25_3_fu_728              |     9|          2|   31|         62|
    |win01_V_26_2_fu_604              |     9|          2|   31|         62|
    |win01_V_26_3_fu_732              |     9|          2|   31|         62|
    |win01_V_27_2_fu_608              |     9|          2|   31|         62|
    |win01_V_27_3_fu_736              |     9|          2|   31|         62|
    |win01_V_28_2_fu_612              |     9|          2|   31|         62|
    |win01_V_28_3_fu_740              |     9|          2|   31|         62|
    |win01_V_29_2_fu_616              |     9|          2|   31|         62|
    |win01_V_29_3_fu_744              |     9|          2|   31|         62|
    |win01_V_2_2_fu_508               |     9|          2|   31|         62|
    |win01_V_2_3_fu_636               |     9|          2|   31|         62|
    |win01_V_2_address0               |   153|         34|    5|        170|
    |win01_V_2_address1               |   149|         33|    5|        165|
    |win01_V_2_ce0                    |    13|          3|    1|          3|
    |win01_V_2_d0                     |    81|         17|   31|        527|
    |win01_V_2_d1                     |    81|         17|   31|        527|
    |win01_V_30_2_fu_620              |     9|          2|   31|         62|
    |win01_V_30_3_fu_748              |     9|          2|   31|         62|
    |win01_V_31_2_fu_624              |     9|          2|   31|         62|
    |win01_V_31_3_fu_752              |     9|          2|   31|         62|
    |win01_V_3_2_fu_512               |     9|          2|   31|         62|
    |win01_V_3_3_fu_640               |     9|          2|   31|         62|
    |win01_V_3_address0               |   153|         34|    5|        170|
    |win01_V_3_address1               |   149|         33|    5|        165|
    |win01_V_3_ce0                    |    13|          3|    1|          3|
    |win01_V_3_d0                     |    81|         17|   31|        527|
    |win01_V_3_d1                     |    81|         17|   31|        527|
    |win01_V_4_2_fu_516               |     9|          2|   31|         62|
    |win01_V_4_3_fu_644               |     9|          2|   31|         62|
    |win01_V_4_address0               |   153|         34|    5|        170|
    |win01_V_4_address1               |   149|         33|    5|        165|
    |win01_V_4_ce0                    |    13|          3|    1|          3|
    |win01_V_4_d0                     |    13|          3|   31|         93|
    |win01_V_4_d1                     |    13|          3|   31|         93|
    |win01_V_5_2_fu_520               |     9|          2|   31|         62|
    |win01_V_5_3_fu_648               |     9|          2|   31|         62|
    |win01_V_5_address0               |   153|         34|    5|        170|
    |win01_V_5_address1               |   149|         33|    5|        165|
    |win01_V_5_ce0                    |    13|          3|    1|          3|
    |win01_V_5_d0                     |    13|          3|   31|         93|
    |win01_V_5_d1                     |    13|          3|   31|         93|
    |win01_V_6_2_fu_524               |     9|          2|   31|         62|
    |win01_V_6_3_fu_652               |     9|          2|   31|         62|
    |win01_V_6_address0               |   153|         34|    5|        170|
    |win01_V_6_address1               |   149|         33|    5|        165|
    |win01_V_6_ce0                    |    13|          3|    1|          3|
    |win01_V_6_d0                     |    86|         18|   31|        558|
    |win01_V_6_d1                     |    86|         18|   31|        558|
    |win01_V_7_2_fu_528               |     9|          2|   31|         62|
    |win01_V_7_3_fu_656               |     9|          2|   31|         62|
    |win01_V_7_address0               |   153|         34|    5|        170|
    |win01_V_7_address1               |   149|         33|    5|        165|
    |win01_V_7_ce0                    |    13|          3|    1|          3|
    |win01_V_7_d0                     |    86|         18|   31|        558|
    |win01_V_7_d1                     |    86|         18|   31|        558|
    |win01_V_8_2_fu_532               |     9|          2|   31|         62|
    |win01_V_8_3_fu_660               |     9|          2|   31|         62|
    |win01_V_9_2_fu_536               |     9|          2|   31|         62|
    |win01_V_9_3_fu_664               |     9|          2|   31|         62|
    |win01_V_address0                 |   153|         34|    5|        170|
    |win01_V_address1                 |   149|         33|    5|        165|
    |win01_V_ce0                      |    13|          3|    1|          3|
    |win01_V_d0                       |    13|          3|   31|         93|
    |win01_V_d1                       |    13|          3|   31|         93|
    |win0_V_1_address0                |   286|         66|    6|        396|
    |win0_V_1_address1                |   279|         65|    6|        390|
    |win0_V_1_ce0                     |    13|          3|    1|          3|
    |win0_V_1_d0                      |   153|         34|   32|       1088|
    |win0_V_1_d1                      |   153|         34|   32|       1088|
    |win0_V_2_address0                |   286|         66|    6|        396|
    |win0_V_2_address1                |   279|         65|    6|        390|
    |win0_V_2_ce0                     |    13|          3|    1|          3|
    |win0_V_2_d0                      |   153|         34|   32|       1088|
    |win0_V_2_d1                      |   153|         34|   32|       1088|
    |win0_V_3_address0                |   286|         66|    6|        396|
    |win0_V_3_address1                |   279|         65|    6|        390|
    |win0_V_3_ce0                     |    13|          3|    1|          3|
    |win0_V_3_d0                      |   153|         34|   32|       1088|
    |win0_V_3_d1                      |   153|         34|   32|       1088|
    |win0_V_4_address0                |   286|         66|    6|        396|
    |win0_V_4_address1                |   279|         65|    6|        390|
    |win0_V_4_ce0                     |    13|          3|    1|          3|
    |win0_V_4_d0                      |   153|         34|   32|       1088|
    |win0_V_4_d1                      |   153|         34|   32|       1088|
    |win0_V_5_address0                |   286|         66|    6|        396|
    |win0_V_5_address1                |   279|         65|    6|        390|
    |win0_V_5_ce0                     |    13|          3|    1|          3|
    |win0_V_5_d0                      |   153|         34|   32|       1088|
    |win0_V_5_d1                      |   153|         34|   32|       1088|
    |win0_V_6_address0                |   292|         67|    6|        402|
    |win0_V_6_address1                |   279|         65|    6|        390|
    |win0_V_6_ce0                     |    13|          3|    1|          3|
    |win0_V_6_d0                      |    13|          3|   31|         93|
    |win0_V_address0                  |   286|         66|    6|        396|
    |win0_V_address1                  |   279|         65|    6|        390|
    |win0_V_ce0                       |    13|          3|    1|          3|
    |win0_V_d0                        |   153|         34|   32|       1088|
    |win0_V_d1                        |   153|         34|   32|       1088|
    |win23_V_0_2_fu_972               |     9|          2|   31|         62|
    |win23_V_0_3_fu_1228              |     9|          2|   31|         62|
    |win23_V_10_2_fu_1012             |     9|          2|   31|         62|
    |win23_V_10_3_fu_1268             |     9|          2|   31|         62|
    |win23_V_11_2_fu_1016             |     9|          2|   31|         62|
    |win23_V_11_3_fu_1272             |     9|          2|   31|         62|
    |win23_V_12_2_fu_1020             |     9|          2|   31|         62|
    |win23_V_12_3_fu_1276             |     9|          2|   31|         62|
    |win23_V_13_2_fu_1024             |     9|          2|   31|         62|
    |win23_V_13_3_fu_1280             |     9|          2|   31|         62|
    |win23_V_14_2_fu_1028             |     9|          2|   31|         62|
    |win23_V_14_3_fu_1284             |     9|          2|   31|         62|
    |win23_V_15_2_fu_1032             |     9|          2|   31|         62|
    |win23_V_15_3_fu_1288             |     9|          2|   31|         62|
    |win23_V_16_2_fu_1036             |     9|          2|   31|         62|
    |win23_V_16_3_fu_1292             |     9|          2|   31|         62|
    |win23_V_17_2_fu_1040             |     9|          2|   31|         62|
    |win23_V_17_3_fu_1296             |     9|          2|   31|         62|
    |win23_V_18_2_fu_1044             |     9|          2|   31|         62|
    |win23_V_18_3_fu_1300             |     9|          2|   31|         62|
    |win23_V_19_2_fu_1048             |     9|          2|   31|         62|
    |win23_V_19_3_fu_1304             |     9|          2|   31|         62|
    |win23_V_1_2_fu_976               |     9|          2|   31|         62|
    |win23_V_1_3_fu_1232              |     9|          2|   31|         62|
    |win23_V_1_address0               |   286|         66|    6|        396|
    |win23_V_1_address1               |   286|         66|    6|        396|
    |win23_V_1_ce0                    |    13|          3|    1|          3|
    |win23_V_1_ce1                    |    13|          3|    1|          3|
    |win23_V_1_d0                     |    13|          3|   31|         93|
    |win23_V_1_d1                     |    13|          3|   31|         93|
    |win23_V_20_2_fu_1052             |     9|          2|   31|         62|
    |win23_V_20_3_fu_1308             |     9|          2|   31|         62|
    |win23_V_21_2_fu_1056             |     9|          2|   31|         62|
    |win23_V_21_3_fu_1312             |     9|          2|   31|         62|
    |win23_V_22_2_fu_1060             |     9|          2|   31|         62|
    |win23_V_22_3_fu_1316             |     9|          2|   31|         62|
    |win23_V_23_2_fu_1064             |     9|          2|   31|         62|
    |win23_V_23_3_fu_1320             |     9|          2|   31|         62|
    |win23_V_24_2_fu_1068             |     9|          2|   31|         62|
    |win23_V_24_3_fu_1324             |     9|          2|   31|         62|
    |win23_V_25_2_fu_1072             |     9|          2|   31|         62|
    |win23_V_25_3_fu_1328             |     9|          2|   31|         62|
    |win23_V_26_2_fu_1076             |     9|          2|   31|         62|
    |win23_V_26_3_fu_1332             |     9|          2|   31|         62|
    |win23_V_27_2_fu_1080             |     9|          2|   31|         62|
    |win23_V_27_3_fu_1336             |     9|          2|   31|         62|
    |win23_V_28_2_fu_1084             |     9|          2|   31|         62|
    |win23_V_28_3_fu_1340             |     9|          2|   31|         62|
    |win23_V_29_2_fu_1088             |     9|          2|   31|         62|
    |win23_V_29_3_fu_1344             |     9|          2|   31|         62|
    |win23_V_2_2_fu_980               |     9|          2|   31|         62|
    |win23_V_2_3_fu_1236              |     9|          2|   31|         62|
    |win23_V_2_address0               |   286|         66|    6|        396|
    |win23_V_2_address1               |   286|         66|    6|        396|
    |win23_V_2_ce0                    |    13|          3|    1|          3|
    |win23_V_2_ce1                    |    13|          3|    1|          3|
    |win23_V_2_d0                     |   153|         34|   31|       1054|
    |win23_V_2_d1                     |   153|         34|   31|       1054|
    |win23_V_30_2_fu_1092             |     9|          2|   31|         62|
    |win23_V_30_3_fu_1348             |     9|          2|   31|         62|
    |win23_V_31_2_fu_1096             |     9|          2|   31|         62|
    |win23_V_31_3_fu_1352             |     9|          2|   31|         62|
    |win23_V_32_2_fu_1100             |     9|          2|   31|         62|
    |win23_V_32_3_fu_1356             |     9|          2|   31|         62|
    |win23_V_33_2_fu_1104             |     9|          2|   31|         62|
    |win23_V_33_3_fu_1360             |     9|          2|   31|         62|
    |win23_V_34_2_fu_1108             |     9|          2|   31|         62|
    |win23_V_34_3_fu_1364             |     9|          2|   31|         62|
    |win23_V_35_2_fu_1112             |     9|          2|   31|         62|
    |win23_V_35_3_fu_1368             |     9|          2|   31|         62|
    |win23_V_36_2_fu_1116             |     9|          2|   31|         62|
    |win23_V_36_3_fu_1372             |     9|          2|   31|         62|
    |win23_V_37_2_fu_1120             |     9|          2|   31|         62|
    |win23_V_37_3_fu_1376             |     9|          2|   31|         62|
    |win23_V_38_2_fu_1124             |     9|          2|   31|         62|
    |win23_V_38_3_fu_1380             |     9|          2|   31|         62|
    |win23_V_39_2_fu_1128             |     9|          2|   31|         62|
    |win23_V_39_3_fu_1384             |     9|          2|   31|         62|
    |win23_V_3_2_fu_984               |     9|          2|   31|         62|
    |win23_V_3_3_fu_1240              |     9|          2|   31|         62|
    |win23_V_3_address0               |   286|         66|    6|        396|
    |win23_V_3_address1               |   286|         66|    6|        396|
    |win23_V_3_ce0                    |    13|          3|    1|          3|
    |win23_V_3_ce1                    |    13|          3|    1|          3|
    |win23_V_3_d0                     |   153|         34|   31|       1054|
    |win23_V_3_d1                     |   153|         34|   31|       1054|
    |win23_V_40_2_fu_1132             |     9|          2|   31|         62|
    |win23_V_40_3_fu_1388             |     9|          2|   31|         62|
    |win23_V_41_2_fu_1136             |     9|          2|   31|         62|
    |win23_V_41_3_fu_1392             |     9|          2|   31|         62|
    |win23_V_42_2_fu_1140             |     9|          2|   31|         62|
    |win23_V_42_3_fu_1396             |     9|          2|   31|         62|
    |win23_V_43_2_fu_1144             |     9|          2|   31|         62|
    |win23_V_43_3_fu_1400             |     9|          2|   31|         62|
    |win23_V_44_2_fu_1148             |     9|          2|   31|         62|
    |win23_V_44_3_fu_1404             |     9|          2|   31|         62|
    |win23_V_45_2_fu_1152             |     9|          2|   31|         62|
    |win23_V_45_3_fu_1408             |     9|          2|   31|         62|
    |win23_V_46_2_fu_1156             |     9|          2|   31|         62|
    |win23_V_46_3_fu_1412             |     9|          2|   31|         62|
    |win23_V_47_2_fu_1160             |     9|          2|   31|         62|
    |win23_V_47_3_fu_1416             |     9|          2|   31|         62|
    |win23_V_48_2_fu_1164             |     9|          2|   31|         62|
    |win23_V_48_3_fu_1420             |     9|          2|   31|         62|
    |win23_V_49_2_fu_1168             |     9|          2|   31|         62|
    |win23_V_49_3_fu_1424             |     9|          2|   31|         62|
    |win23_V_4_2_fu_988               |     9|          2|   31|         62|
    |win23_V_4_3_fu_1244              |     9|          2|   31|         62|
    |win23_V_50_2_fu_1172             |     9|          2|   31|         62|
    |win23_V_50_3_fu_1428             |     9|          2|   31|         62|
    |win23_V_51_2_fu_1176             |     9|          2|   31|         62|
    |win23_V_51_3_fu_1432             |     9|          2|   31|         62|
    |win23_V_52_2_fu_1180             |     9|          2|   31|         62|
    |win23_V_52_3_fu_1436             |     9|          2|   31|         62|
    |win23_V_53_2_fu_1184             |     9|          2|   31|         62|
    |win23_V_53_3_fu_1440             |     9|          2|   31|         62|
    |win23_V_54_2_fu_1188             |     9|          2|   31|         62|
    |win23_V_54_3_fu_1444             |     9|          2|   31|         62|
    |win23_V_55_2_fu_1192             |     9|          2|   31|         62|
    |win23_V_55_3_fu_1448             |     9|          2|   31|         62|
    |win23_V_56_2_fu_1196             |     9|          2|   31|         62|
    |win23_V_56_3_fu_1452             |     9|          2|   31|         62|
    |win23_V_57_2_fu_1200             |     9|          2|   31|         62|
    |win23_V_57_3_fu_1456             |     9|          2|   31|         62|
    |win23_V_58_2_fu_1204             |     9|          2|   31|         62|
    |win23_V_58_3_fu_1460             |     9|          2|   31|         62|
    |win23_V_59_2_fu_1208             |     9|          2|   31|         62|
    |win23_V_59_3_fu_1464             |     9|          2|   31|         62|
    |win23_V_5_2_fu_992               |     9|          2|   31|         62|
    |win23_V_5_3_fu_1248              |     9|          2|   31|         62|
    |win23_V_60_2_fu_1212             |     9|          2|   31|         62|
    |win23_V_60_3_fu_1468             |     9|          2|   31|         62|
    |win23_V_61_2_fu_1216             |     9|          2|   31|         62|
    |win23_V_61_3_fu_1472             |     9|          2|   31|         62|
    |win23_V_62_2_fu_1220             |     9|          2|   31|         62|
    |win23_V_62_3_fu_1476             |     9|          2|   31|         62|
    |win23_V_63_2_fu_1224             |     9|          2|   31|         62|
    |win23_V_63_3_fu_1480             |     9|          2|   31|         62|
    |win23_V_6_2_fu_996               |     9|          2|   31|         62|
    |win23_V_6_3_fu_1252              |     9|          2|   31|         62|
    |win23_V_7_2_fu_1000              |     9|          2|   31|         62|
    |win23_V_7_3_fu_1256              |     9|          2|   31|         62|
    |win23_V_8_2_fu_1004              |     9|          2|   31|         62|
    |win23_V_8_3_fu_1260              |     9|          2|   31|         62|
    |win23_V_9_2_fu_1008              |     9|          2|   31|         62|
    |win23_V_9_3_fu_1264              |     9|          2|   31|         62|
    |win23_V_address0                 |   286|         66|    6|        396|
    |win23_V_address1                 |   286|         66|    6|        396|
    |win23_V_ce0                      |    13|          3|    1|          3|
    |win23_V_ce1                      |    13|          3|    1|          3|
    |win23_V_d0                       |    13|          3|   31|         93|
    |win23_V_d1                       |    13|          3|   31|         93|
    +---------------------------------+------+-----------+-----+-----------+
    |Total                            | 20136|       4476|17912|      68986|
    +---------------------------------+------+-----------+-----+-----------+

    * Register: 
    +----------------------------------------------------------------+-----+----+-----+-----------+
    |                              Name                              |  FF | LUT| Bits| Const Bits|
    +----------------------------------------------------------------+-----+----+-----+-----------+
    |a_assign_fu_1492                                                |   32|   0|   32|          0|
    |acc0_V_1_reg_35052                                              |    6|   0|   26|         20|
    |acc0_V_3_reg_33099                                              |    6|   0|   26|         20|
    |acc0_V_4_reg_35730                                              |    6|   0|    6|          0|
    |acc0_V_5_reg_35740                                              |    6|   0|   26|         20|
    |acc1_V_1_reg_35062                                              |    6|   0|   26|         20|
    |acc1_V_3_reg_33109                                              |    6|   0|   26|         20|
    |acc1_V_4_reg_35735                                              |    6|   0|    6|          0|
    |acc1_V_5_reg_35750                                              |    6|   0|   26|         20|
    |acc_V_1_reg_32458                                               |    6|   0|   26|         20|
    |acc_V_3_reg_32415                                               |    7|   0|   27|         20|
    |acc_V_5_reg_35815                                               |    3|   0|   23|         20|
    |acc_V_7_reg_35859                                               |    1|   0|   21|         20|
    |add_ln1109_reg_35899                                            |   32|   0|   32|          0|
    |add_ln110_reg_27850                                             |    7|   0|    7|          0|
    |add_ln113_1_reg_30490                                           |    8|   0|    8|          0|
    |add_ln113_2_reg_30406                                           |    8|   0|    8|          0|
    |add_ln127_reg_32400                                             |    7|   0|    7|          0|
    |add_ln145_reg_32443                                             |    7|   0|    7|          0|
    |add_ln218_reg_35002                                             |    6|   0|    6|          0|
    |add_ln224_reg_35047                                             |    8|   0|    8|          0|
    |add_ln233_reg_35007                                             |    7|   0|    8|          1|
    |add_ln260_reg_35725                                             |    8|   0|    8|          0|
    |add_ln288_reg_35781                                             |    8|   0|    8|          0|
    |ap_CS_fsm                                                       |  297|   0|  297|          0|
    |b_assign_fu_1496                                                |   32|   0|   32|          0|
    |d_assign_reg_23943                                              |   32|   0|   32|          0|
    |ea_reg_35914                                                    |   32|   0|   32|          0|
    |eb_reg_35920                                                    |   32|   0|   32|          0|
    |empty_75_reg_33072                                              |    3|   0|    3|          0|
    |gap_buf_V_1_addr_reg_35765                                      |    7|   0|    7|          0|
    |gap_buf_V_addr_reg_35760                                        |    7|   0|    7|          0|
    |grp_ecg_classifier_Pipeline_D0_IC_fu_15681_ap_start_reg         |    1|   0|    1|          0|
    |grp_ecg_classifier_Pipeline_D1_IC_fu_15692_ap_start_reg         |    1|   0|    1|          0|
    |grp_ecg_classifier_Pipeline_GAP_INIT_fu_15579_ap_start_reg      |    1|   0|    1|          0|
    |grp_ecg_classifier_Pipeline_GAP_NORM_fu_15635_ap_start_reg      |    1|   0|    1|          0|
    |grp_ecg_classifier_Pipeline_L0_K_FILL_fu_15585_ap_start_reg     |    1|   0|    1|          0|
    |grp_ecg_classifier_Pipeline_L1_IC_L1_K_fu_15599_ap_start_reg    |    1|   0|    1|          0|
    |grp_ecg_classifier_Pipeline_L2_IC_L2_K_fu_15615_ap_start_reg    |    1|   0|    1|          0|
    |grp_ecg_classifier_Pipeline_L3_IC_L3_K_fu_15641_ap_start_reg    |    1|   0|    1|          0|
    |grp_ecg_classifier_Pipeline_L4_IC_L4_K_fu_15664_ap_start_reg    |    1|   0|    1|          0|
    |grp_ecg_classifier_Pipeline_READ_INPUT_fu_15534_ap_start_reg    |    1|   0|    1|          0|
    |grp_ecg_classifier_Pipeline_WRITE_OUTPUT_fu_15703_ap_start_reg  |    1|   0|    1|          0|
    |grp_ecg_classifier_Pipeline_ZNORM_APPLY_fu_15569_ap_start_reg   |    1|   0|    1|          0|
    |grp_ecg_classifier_Pipeline_ZNORM_MEAN_fu_15554_ap_start_reg    |    1|   0|    1|          0|
    |grp_ecg_classifier_Pipeline_ZNORM_VAR_fu_15561_ap_start_reg     |    1|   0|    1|          0|
    |icmp_ln1090_1_reg_35878                                         |    1|   0|    1|          0|
    |icmp_ln1090_reg_23900                                           |    1|   0|    1|          0|
    |icmp_ln1109_reg_35894                                           |    1|   0|    1|          0|
    |icmp_ln1113_reg_23921                                           |    1|   0|    1|          0|
    |icmp_ln127_reg_30411                                            |    1|   0|    1|          0|
    |icmp_ln560_reg_23954                                            |    1|   0|    1|          0|
    |icmp_ln570_reg_23961                                            |    1|   0|    1|          0|
    |icmp_ln571_reg_23972                                            |    1|   0|    1|          0|
    |icmp_ln592_reg_23984                                            |    1|   0|    1|          0|
    |indvar_flatten_reg_11111                                        |    8|   0|    8|          0|
    |inv_std_fx_V_reg_27219                                          |   32|   0|   32|          0|
    |lshr_ln6_reg_32463                                              |    5|   0|    5|          0|
    |lshr_ln7_reg_35042                                              |    6|   0|    6|          0|
    |lshr_ln813_2_reg_35755                                          |    7|   0|    7|          0|
    |lshr_ln9_reg_35820                                              |    6|   0|    6|          0|
    |man_V_2_reg_23949                                               |   54|   0|   54|          0|
    |mean_fx_V_reg_23881                                             |   32|   0|   32|          0|
    |oc_1_reg_15475                                                  |    7|   0|    7|          0|
    |oc_2_fu_1484                                                    |    8|   0|    8|          0|
    |oc_3_fu_1488                                                    |    2|   0|    2|          0|
    |oc_base_1_reg_15499                                             |    8|   0|    8|          0|
    |oc_base_2_reg_15522                                             |    8|   0|    8|          0|
    |oc_base_reg_15511                                               |    8|   0|    8|          0|
    |oc_reg_15487                                                    |    7|   0|    7|          0|
    |or_ln1104_1_reg_35889                                           |    1|   0|    2|          1|
    |or_ln178_reg_33089                                              |    6|   0|    7|          1|
    |or_ln226_reg_35032                                              |    6|   0|    7|          1|
    |or_ln262_reg_35715                                              |    7|   0|    8|          1|
    |or_ln_reg_23916                                                 |    1|   0|    2|          1|
    |p_0_0_034295145_phi_reg_15463                                   |   32|   0|   32|          0|
    |p_0_0_034295145_reg_14635                                       |   32|   0|   32|          0|
    |p_0_0_03429_105155_phi_reg_15334                                |   32|   0|   32|          0|
    |p_0_0_03429_105155_reg_14526                                    |   32|   0|   32|          0|
    |p_0_0_03429_115156_phi_reg_15321                                |   32|   0|   32|          0|
    |p_0_0_03429_115156_reg_14515                                    |   32|   0|   32|          0|
    |p_0_0_03429_125157_phi_reg_15308                                |   32|   0|   32|          0|
    |p_0_0_03429_125157_reg_14504                                    |   32|   0|   32|          0|
    |p_0_0_03429_135158_phi_reg_15295                                |   32|   0|   32|          0|
    |p_0_0_03429_135158_reg_14493                                    |   32|   0|   32|          0|
    |p_0_0_03429_145159_phi_reg_15282                                |   32|   0|   32|          0|
    |p_0_0_03429_145159_reg_14482                                    |   32|   0|   32|          0|
    |p_0_0_03429_150245146_phi_reg_15451                             |   32|   0|   32|          0|
    |p_0_0_03429_150245146_reg_14625                                 |   32|   0|   32|          0|
    |p_0_0_03429_15209_reg_13933                                     |   32|   0|   32|          0|
    |p_0_0_03429_155160_phi_reg_15269                                |   32|   0|   32|          0|
    |p_0_0_03429_155160_reg_14471                                    |   32|   0|   32|          0|
    |p_0_0_03429_165161_phi_reg_15256                                |   32|   0|   32|          0|
    |p_0_0_03429_165161_reg_14460                                    |   32|   0|   32|          0|
    |p_0_0_03429_175162_phi_reg_15243                                |   32|   0|   32|          0|
    |p_0_0_03429_175162_reg_14449                                    |   32|   0|   32|          0|
    |p_0_0_03429_185163_phi_reg_15230                                |   32|   0|   32|          0|
    |p_0_0_03429_185163_reg_14438                                    |   32|   0|   32|          0|
    |p_0_0_03429_195164_phi_reg_15217                                |   32|   0|   32|          0|
    |p_0_0_03429_195164_reg_14427                                    |   32|   0|   32|          0|
    |p_0_0_03429_1_105219_reg_13824                                  |   32|   0|   32|          0|
    |p_0_0_03429_1_115220_reg_13813                                  |   32|   0|   32|          0|
    |p_0_0_03429_1_125221_reg_13802                                  |   32|   0|   32|          0|
    |p_0_0_03429_1_135222_reg_13791                                  |   32|   0|   32|          0|
    |p_0_0_03429_1_145223_reg_13780                                  |   32|   0|   32|          0|
    |p_0_0_03429_1_15210_reg_13923                                   |   32|   0|   32|          0|
    |p_0_0_03429_1_155224_reg_13769                                  |   32|   0|   32|          0|
    |p_0_0_03429_1_165225_reg_13758                                  |   32|   0|   32|          0|
    |p_0_0_03429_1_175226_reg_13747                                  |   32|   0|   32|          0|
    |p_0_0_03429_1_185227_reg_13736                                  |   32|   0|   32|          0|
    |p_0_0_03429_1_195228_reg_13725                                  |   32|   0|   32|          0|
    |p_0_0_03429_1_205229_reg_13714                                  |   32|   0|   32|          0|
    |p_0_0_03429_1_215230_reg_13703                                  |   32|   0|   32|          0|
    |p_0_0_03429_1_225231_reg_13692                                  |   32|   0|   32|          0|
    |p_0_0_03429_1_235232_reg_13681                                  |   32|   0|   32|          0|
    |p_0_0_03429_1_245233_reg_13670                                  |   32|   0|   32|          0|
    |p_0_0_03429_1_25211_reg_13912                                   |   32|   0|   32|          0|
    |p_0_0_03429_1_255234_reg_13659                                  |   32|   0|   32|          0|
    |p_0_0_03429_1_265235_reg_13648                                  |   32|   0|   32|          0|
    |p_0_0_03429_1_275236_reg_13637                                  |   32|   0|   32|          0|
    |p_0_0_03429_1_285237_reg_13626                                  |   32|   0|   32|          0|
    |p_0_0_03429_1_295238_reg_13615                                  |   32|   0|   32|          0|
    |p_0_0_03429_1_305239_reg_13604                                  |   32|   0|   32|          0|
    |p_0_0_03429_1_315240_reg_13593                                  |   32|   0|   32|          0|
    |p_0_0_03429_1_325241_reg_13582                                  |   32|   0|   32|          0|
    |p_0_0_03429_1_335242_reg_13571                                  |   32|   0|   32|          0|
    |p_0_0_03429_1_345243_reg_13560                                  |   32|   0|   32|          0|
    |p_0_0_03429_1_35212_reg_13901                                   |   32|   0|   32|          0|
    |p_0_0_03429_1_355244_reg_13549                                  |   32|   0|   32|          0|
    |p_0_0_03429_1_365245_reg_13538                                  |   32|   0|   32|          0|
    |p_0_0_03429_1_375246_reg_13527                                  |   32|   0|   32|          0|
    |p_0_0_03429_1_385247_reg_13516                                  |   32|   0|   32|          0|
    |p_0_0_03429_1_395248_reg_13505                                  |   32|   0|   32|          0|
    |p_0_0_03429_1_405249_reg_13494                                  |   32|   0|   32|          0|
    |p_0_0_03429_1_415250_reg_13483                                  |   32|   0|   32|          0|
    |p_0_0_03429_1_425251_reg_13472                                  |   32|   0|   32|          0|
    |p_0_0_03429_1_435252_reg_13461                                  |   32|   0|   32|          0|
    |p_0_0_03429_1_445253_reg_13450                                  |   32|   0|   32|          0|
    |p_0_0_03429_1_45213_reg_13890                                   |   32|   0|   32|          0|
    |p_0_0_03429_1_455254_reg_13439                                  |   32|   0|   32|          0|
    |p_0_0_03429_1_465255_reg_13428                                  |   32|   0|   32|          0|
    |p_0_0_03429_1_475256_reg_13417                                  |   32|   0|   32|          0|
    |p_0_0_03429_1_485257_reg_13406                                  |   32|   0|   32|          0|
    |p_0_0_03429_1_495258_reg_13395                                  |   32|   0|   32|          0|
    |p_0_0_03429_1_505259_reg_13384                                  |   32|   0|   32|          0|
    |p_0_0_03429_1_515260_reg_13373                                  |   32|   0|   32|          0|
    |p_0_0_03429_1_525261_reg_13362                                  |   32|   0|   32|          0|
    |p_0_0_03429_1_535262_reg_13351                                  |   32|   0|   32|          0|
    |p_0_0_03429_1_545263_reg_13340                                  |   32|   0|   32|          0|
    |p_0_0_03429_1_55214_reg_13879                                   |   32|   0|   32|          0|
    |p_0_0_03429_1_555264_reg_13329                                  |   32|   0|   32|          0|
    |p_0_0_03429_1_565265_reg_13318                                  |   32|   0|   32|          0|
    |p_0_0_03429_1_575266_reg_13307                                  |   32|   0|   32|          0|
    |p_0_0_03429_1_585267_reg_13296                                  |   32|   0|   32|          0|
    |p_0_0_03429_1_595268_reg_13285                                  |   32|   0|   32|          0|
    |p_0_0_03429_1_605269_reg_13274                                  |   32|   0|   32|          0|
    |p_0_0_03429_1_615270_reg_13263                                  |   32|   0|   32|          0|
    |p_0_0_03429_1_625271_reg_13252                                  |   32|   0|   32|          0|
    |p_0_0_03429_1_635272_reg_13241                                  |   32|   0|   32|          0|
    |p_0_0_03429_1_65215_reg_13868                                   |   32|   0|   32|          0|
    |p_0_0_03429_1_75216_reg_13857                                   |   32|   0|   32|          0|
    |p_0_0_03429_1_85217_reg_13846                                   |   32|   0|   32|          0|
    |p_0_0_03429_1_95218_reg_13835                                   |   32|   0|   32|          0|
    |p_0_0_03429_205165_phi_reg_15204                                |   32|   0|   32|          0|
    |p_0_0_03429_205165_reg_14416                                    |   32|   0|   32|          0|
    |p_0_0_03429_215166_phi_reg_15191                                |   32|   0|   32|          0|
    |p_0_0_03429_215166_reg_14405                                    |   32|   0|   32|          0|
    |p_0_0_03429_225167_phi_reg_15178                                |   32|   0|   32|          0|
    |p_0_0_03429_225167_reg_14394                                    |   32|   0|   32|          0|
    |p_0_0_03429_235168_phi_reg_15165                                |   32|   0|   32|          0|
    |p_0_0_03429_235168_reg_14383                                    |   32|   0|   32|          0|
    |p_0_0_03429_245169_phi_reg_15152                                |   32|   0|   32|          0|
    |p_0_0_03429_245169_reg_14372                                    |   32|   0|   32|          0|
    |p_0_0_03429_250285147_phi_reg_15438                             |   32|   0|   32|          0|
    |p_0_0_03429_250285147_reg_14614                                 |   32|   0|   32|          0|
    |p_0_0_03429_25273_reg_13231                                     |   32|   0|   32|          0|
    |p_0_0_03429_255170_phi_reg_15139                                |   32|   0|   32|          0|
    |p_0_0_03429_255170_reg_14361                                    |   32|   0|   32|          0|
    |p_0_0_03429_265171_phi_reg_15126                                |   32|   0|   32|          0|
    |p_0_0_03429_265171_reg_14350                                    |   32|   0|   32|          0|
    |p_0_0_03429_275172_phi_reg_15113                                |   32|   0|   32|          0|
    |p_0_0_03429_275172_reg_14339                                    |   32|   0|   32|          0|
    |p_0_0_03429_285173_phi_reg_15100                                |   32|   0|   32|          0|
    |p_0_0_03429_285173_reg_14328                                    |   32|   0|   32|          0|
    |p_0_0_03429_295174_phi_reg_15087                                |   32|   0|   32|          0|
    |p_0_0_03429_295174_reg_14317                                    |   32|   0|   32|          0|
    |p_0_0_03429_2_105283_reg_13122                                  |   32|   0|   32|          0|
    |p_0_0_03429_2_115284_reg_13111                                  |   32|   0|   32|          0|
    |p_0_0_03429_2_125285_reg_13100                                  |   32|   0|   32|          0|
    |p_0_0_03429_2_135286_reg_13089                                  |   32|   0|   32|          0|
    |p_0_0_03429_2_145287_reg_13078                                  |   32|   0|   32|          0|
    |p_0_0_03429_2_15274_reg_13221                                   |   32|   0|   32|          0|
    |p_0_0_03429_2_155288_reg_13067                                  |   32|   0|   32|          0|
    |p_0_0_03429_2_165289_reg_13056                                  |   32|   0|   32|          0|
    |p_0_0_03429_2_175290_reg_13045                                  |   32|   0|   32|          0|
    |p_0_0_03429_2_185291_reg_13034                                  |   32|   0|   32|          0|
    |p_0_0_03429_2_195292_reg_13023                                  |   32|   0|   32|          0|
    |p_0_0_03429_2_205293_reg_13012                                  |   32|   0|   32|          0|
    |p_0_0_03429_2_215294_reg_13001                                  |   32|   0|   32|          0|
    |p_0_0_03429_2_225295_reg_12990                                  |   32|   0|   32|          0|
    |p_0_0_03429_2_235296_reg_12979                                  |   32|   0|   32|          0|
    |p_0_0_03429_2_245297_reg_12968                                  |   32|   0|   32|          0|
    |p_0_0_03429_2_25275_reg_13210                                   |   32|   0|   32|          0|
    |p_0_0_03429_2_255298_reg_12957                                  |   32|   0|   32|          0|
    |p_0_0_03429_2_265299_reg_12946                                  |   32|   0|   32|          0|
    |p_0_0_03429_2_275300_reg_12935                                  |   32|   0|   32|          0|
    |p_0_0_03429_2_285301_reg_12924                                  |   32|   0|   32|          0|
    |p_0_0_03429_2_295302_reg_12913                                  |   32|   0|   32|          0|
    |p_0_0_03429_2_305303_reg_12902                                  |   32|   0|   32|          0|
    |p_0_0_03429_2_315304_reg_12891                                  |   32|   0|   32|          0|
    |p_0_0_03429_2_325305_reg_12880                                  |   32|   0|   32|          0|
    |p_0_0_03429_2_335306_reg_12869                                  |   32|   0|   32|          0|
    |p_0_0_03429_2_345307_reg_12858                                  |   32|   0|   32|          0|
    |p_0_0_03429_2_35276_reg_13199                                   |   32|   0|   32|          0|
    |p_0_0_03429_2_355308_reg_12847                                  |   32|   0|   32|          0|
    |p_0_0_03429_2_365309_reg_12836                                  |   32|   0|   32|          0|
    |p_0_0_03429_2_375310_reg_12825                                  |   32|   0|   32|          0|
    |p_0_0_03429_2_385311_reg_12814                                  |   32|   0|   32|          0|
    |p_0_0_03429_2_395312_reg_12803                                  |   32|   0|   32|          0|
    |p_0_0_03429_2_405313_reg_12792                                  |   32|   0|   32|          0|
    |p_0_0_03429_2_415314_reg_12781                                  |   32|   0|   32|          0|
    |p_0_0_03429_2_425315_reg_12770                                  |   32|   0|   32|          0|
    |p_0_0_03429_2_435316_reg_12759                                  |   32|   0|   32|          0|
    |p_0_0_03429_2_445317_reg_12748                                  |   32|   0|   32|          0|
    |p_0_0_03429_2_45277_reg_13188                                   |   32|   0|   32|          0|
    |p_0_0_03429_2_455318_reg_12737                                  |   32|   0|   32|          0|
    |p_0_0_03429_2_465319_reg_12726                                  |   32|   0|   32|          0|
    |p_0_0_03429_2_475320_reg_12715                                  |   32|   0|   32|          0|
    |p_0_0_03429_2_485321_reg_12704                                  |   32|   0|   32|          0|
    |p_0_0_03429_2_495322_reg_12693                                  |   32|   0|   32|          0|
    |p_0_0_03429_2_505323_reg_12682                                  |   32|   0|   32|          0|
    |p_0_0_03429_2_515324_reg_12671                                  |   32|   0|   32|          0|
    |p_0_0_03429_2_525325_reg_12660                                  |   32|   0|   32|          0|
    |p_0_0_03429_2_535326_reg_12649                                  |   32|   0|   32|          0|
    |p_0_0_03429_2_545327_reg_12638                                  |   32|   0|   32|          0|
    |p_0_0_03429_2_55278_reg_13177                                   |   32|   0|   32|          0|
    |p_0_0_03429_2_555328_reg_12627                                  |   32|   0|   32|          0|
    |p_0_0_03429_2_565329_reg_12616                                  |   32|   0|   32|          0|
    |p_0_0_03429_2_575330_reg_12605                                  |   32|   0|   32|          0|
    |p_0_0_03429_2_585331_reg_12594                                  |   32|   0|   32|          0|
    |p_0_0_03429_2_595332_reg_12583                                  |   32|   0|   32|          0|
    |p_0_0_03429_2_605333_reg_12572                                  |   32|   0|   32|          0|
    |p_0_0_03429_2_615334_reg_12561                                  |   32|   0|   32|          0|
    |p_0_0_03429_2_625335_reg_12550                                  |   32|   0|   32|          0|
    |p_0_0_03429_2_635336_reg_12539                                  |   32|   0|   32|          0|
    |p_0_0_03429_2_65279_reg_13166                                   |   32|   0|   32|          0|
    |p_0_0_03429_2_75280_reg_13155                                   |   32|   0|   32|          0|
    |p_0_0_03429_2_85281_reg_13144                                   |   32|   0|   32|          0|
    |p_0_0_03429_2_95282_reg_13133                                   |   32|   0|   32|          0|
    |p_0_0_03429_305175_phi_reg_15074                                |   32|   0|   32|          0|
    |p_0_0_03429_305175_reg_14306                                    |   32|   0|   32|          0|
    |p_0_0_03429_315176_phi_reg_15061                                |   32|   0|   32|          0|
    |p_0_0_03429_315176_reg_14295                                    |   32|   0|   32|          0|
    |p_0_0_03429_325177_phi_reg_15048                                |   32|   0|   32|          0|
    |p_0_0_03429_325177_reg_14284                                    |   32|   0|   32|          0|
    |p_0_0_03429_335178_phi_reg_15035                                |   32|   0|   32|          0|
    |p_0_0_03429_335178_reg_14273                                    |   32|   0|   32|          0|
    |p_0_0_03429_345179_phi_reg_15022                                |   32|   0|   32|          0|
    |p_0_0_03429_345179_reg_14262                                    |   32|   0|   32|          0|
    |p_0_0_03429_350325148_phi_reg_15425                             |   32|   0|   32|          0|
    |p_0_0_03429_350325148_reg_14603                                 |   32|   0|   32|          0|
    |p_0_0_03429_35337_reg_12529                                     |   32|   0|   32|          0|
    |p_0_0_03429_355180_phi_reg_15009                                |   32|   0|   32|          0|
    |p_0_0_03429_355180_reg_14251                                    |   32|   0|   32|          0|
    |p_0_0_03429_365181_phi_reg_14996                                |   32|   0|   32|          0|
    |p_0_0_03429_365181_reg_14240                                    |   32|   0|   32|          0|
    |p_0_0_03429_375182_phi_reg_14983                                |   32|   0|   32|          0|
    |p_0_0_03429_375182_reg_14229                                    |   32|   0|   32|          0|
    |p_0_0_03429_385183_phi_reg_14970                                |   32|   0|   32|          0|
    |p_0_0_03429_385183_reg_14218                                    |   32|   0|   32|          0|
    |p_0_0_03429_395184_phi_reg_14957                                |   32|   0|   32|          0|
    |p_0_0_03429_395184_reg_14207                                    |   32|   0|   32|          0|
    |p_0_0_03429_3_105347_reg_12420                                  |   32|   0|   32|          0|
    |p_0_0_03429_3_115348_reg_12409                                  |   32|   0|   32|          0|
    |p_0_0_03429_3_125349_reg_12398                                  |   32|   0|   32|          0|
    |p_0_0_03429_3_135350_reg_12387                                  |   32|   0|   32|          0|
    |p_0_0_03429_3_145351_reg_12376                                  |   32|   0|   32|          0|
    |p_0_0_03429_3_15338_reg_12519                                   |   32|   0|   32|          0|
    |p_0_0_03429_3_155352_reg_12365                                  |   32|   0|   32|          0|
    |p_0_0_03429_3_165353_reg_12354                                  |   32|   0|   32|          0|
    |p_0_0_03429_3_175354_reg_12343                                  |   32|   0|   32|          0|
    |p_0_0_03429_3_185355_reg_12332                                  |   32|   0|   32|          0|
    |p_0_0_03429_3_195356_reg_12321                                  |   32|   0|   32|          0|
    |p_0_0_03429_3_205357_reg_12310                                  |   32|   0|   32|          0|
    |p_0_0_03429_3_215358_reg_12299                                  |   32|   0|   32|          0|
    |p_0_0_03429_3_225359_reg_12288                                  |   32|   0|   32|          0|
    |p_0_0_03429_3_235360_reg_12277                                  |   32|   0|   32|          0|
    |p_0_0_03429_3_245361_reg_12266                                  |   32|   0|   32|          0|
    |p_0_0_03429_3_25339_reg_12508                                   |   32|   0|   32|          0|
    |p_0_0_03429_3_255362_reg_12255                                  |   32|   0|   32|          0|
    |p_0_0_03429_3_265363_reg_12244                                  |   32|   0|   32|          0|
    |p_0_0_03429_3_275364_reg_12233                                  |   32|   0|   32|          0|
    |p_0_0_03429_3_285365_reg_12222                                  |   32|   0|   32|          0|
    |p_0_0_03429_3_295366_reg_12211                                  |   32|   0|   32|          0|
    |p_0_0_03429_3_305367_reg_12200                                  |   32|   0|   32|          0|
    |p_0_0_03429_3_315368_reg_12189                                  |   32|   0|   32|          0|
    |p_0_0_03429_3_325369_reg_12178                                  |   32|   0|   32|          0|
    |p_0_0_03429_3_335370_reg_12167                                  |   32|   0|   32|          0|
    |p_0_0_03429_3_345371_reg_12156                                  |   32|   0|   32|          0|
    |p_0_0_03429_3_35340_reg_12497                                   |   32|   0|   32|          0|
    |p_0_0_03429_3_355372_reg_12145                                  |   32|   0|   32|          0|
    |p_0_0_03429_3_365373_reg_12134                                  |   32|   0|   32|          0|
    |p_0_0_03429_3_375374_reg_12123                                  |   32|   0|   32|          0|
    |p_0_0_03429_3_385375_reg_12112                                  |   32|   0|   32|          0|
    |p_0_0_03429_3_395376_reg_12101                                  |   32|   0|   32|          0|
    |p_0_0_03429_3_405377_reg_12090                                  |   32|   0|   32|          0|
    |p_0_0_03429_3_415378_reg_12079                                  |   32|   0|   32|          0|
    |p_0_0_03429_3_425379_reg_12068                                  |   32|   0|   32|          0|
    |p_0_0_03429_3_435380_reg_12057                                  |   32|   0|   32|          0|
    |p_0_0_03429_3_445381_reg_12046                                  |   32|   0|   32|          0|
    |p_0_0_03429_3_45341_reg_12486                                   |   32|   0|   32|          0|
    |p_0_0_03429_3_455382_reg_12035                                  |   32|   0|   32|          0|
    |p_0_0_03429_3_465383_reg_12024                                  |   32|   0|   32|          0|
    |p_0_0_03429_3_475384_reg_12013                                  |   32|   0|   32|          0|
    |p_0_0_03429_3_485385_reg_12002                                  |   32|   0|   32|          0|
    |p_0_0_03429_3_495386_reg_11991                                  |   32|   0|   32|          0|
    |p_0_0_03429_3_505387_reg_11980                                  |   32|   0|   32|          0|
    |p_0_0_03429_3_515388_reg_11969                                  |   32|   0|   32|          0|
    |p_0_0_03429_3_525389_reg_11958                                  |   32|   0|   32|          0|
    |p_0_0_03429_3_535390_reg_11947                                  |   32|   0|   32|          0|
    |p_0_0_03429_3_545391_reg_11936                                  |   32|   0|   32|          0|
    |p_0_0_03429_3_55342_reg_12475                                   |   32|   0|   32|          0|
    |p_0_0_03429_3_555392_reg_11925                                  |   32|   0|   32|          0|
    |p_0_0_03429_3_565393_reg_11914                                  |   32|   0|   32|          0|
    |p_0_0_03429_3_575394_reg_11903                                  |   32|   0|   32|          0|
    |p_0_0_03429_3_585395_reg_11892                                  |   32|   0|   32|          0|
    |p_0_0_03429_3_595396_reg_11881                                  |   32|   0|   32|          0|
    |p_0_0_03429_3_605397_reg_11870                                  |   32|   0|   32|          0|
    |p_0_0_03429_3_615398_reg_11859                                  |   32|   0|   32|          0|
    |p_0_0_03429_3_625399_reg_11848                                  |   32|   0|   32|          0|
    |p_0_0_03429_3_635400_reg_11837                                  |   32|   0|   32|          0|
    |p_0_0_03429_3_65343_reg_12464                                   |   32|   0|   32|          0|
    |p_0_0_03429_3_75344_reg_12453                                   |   32|   0|   32|          0|
    |p_0_0_03429_3_85345_reg_12442                                   |   32|   0|   32|          0|
    |p_0_0_03429_3_95346_reg_12431                                   |   32|   0|   32|          0|
    |p_0_0_03429_405185_phi_reg_14944                                |   32|   0|   32|          0|
    |p_0_0_03429_405185_reg_14196                                    |   32|   0|   32|          0|
    |p_0_0_03429_415186_phi_reg_14931                                |   32|   0|   32|          0|
    |p_0_0_03429_415186_reg_14185                                    |   32|   0|   32|          0|
    |p_0_0_03429_425187_phi_reg_14918                                |   32|   0|   32|          0|
    |p_0_0_03429_425187_reg_14174                                    |   32|   0|   32|          0|
    |p_0_0_03429_435188_phi_reg_14905                                |   32|   0|   32|          0|
    |p_0_0_03429_435188_reg_14163                                    |   32|   0|   32|          0|
    |p_0_0_03429_445189_phi_reg_14892                                |   32|   0|   32|          0|
    |p_0_0_03429_445189_reg_14152                                    |   32|   0|   32|          0|
    |p_0_0_03429_450365149_phi_reg_15412                             |   32|   0|   32|          0|
    |p_0_0_03429_450365149_reg_14592                                 |   32|   0|   32|          0|
    |p_0_0_03429_455190_phi_reg_14879                                |   32|   0|   32|          0|
    |p_0_0_03429_455190_reg_14141                                    |   32|   0|   32|          0|
    |p_0_0_03429_465191_phi_reg_14866                                |   32|   0|   32|          0|
    |p_0_0_03429_465191_reg_14130                                    |   32|   0|   32|          0|
    |p_0_0_03429_475192_phi_reg_14853                                |   32|   0|   32|          0|
    |p_0_0_03429_475192_reg_14119                                    |   32|   0|   32|          0|
    |p_0_0_03429_485193_phi_reg_14840                                |   32|   0|   32|          0|
    |p_0_0_03429_485193_reg_14108                                    |   32|   0|   32|          0|
    |p_0_0_03429_495194_phi_reg_14827                                |   32|   0|   32|          0|
    |p_0_0_03429_495194_reg_14097                                    |   32|   0|   32|          0|
    |p_0_0_03429_505195_phi_reg_14814                                |   32|   0|   32|          0|
    |p_0_0_03429_505195_reg_14086                                    |   32|   0|   32|          0|
    |p_0_0_03429_515196_phi_reg_14801                                |   32|   0|   32|          0|
    |p_0_0_03429_515196_reg_14075                                    |   32|   0|   32|          0|
    |p_0_0_03429_525197_phi_reg_14788                                |   32|   0|   32|          0|
    |p_0_0_03429_525197_reg_14064                                    |   32|   0|   32|          0|
    |p_0_0_03429_535198_phi_reg_14775                                |   32|   0|   32|          0|
    |p_0_0_03429_535198_reg_14053                                    |   32|   0|   32|          0|
    |p_0_0_03429_545199_phi_reg_14762                                |   32|   0|   32|          0|
    |p_0_0_03429_545199_reg_14042                                    |   32|   0|   32|          0|
    |p_0_0_03429_550405150_phi_reg_15399                             |   32|   0|   32|          0|
    |p_0_0_03429_550405150_reg_14581                                 |   32|   0|   32|          0|
    |p_0_0_03429_55467_reg_11826                                     |   32|   0|   32|          0|
    |p_0_0_03429_555200_phi_reg_14749                                |   32|   0|   32|          0|
    |p_0_0_03429_555200_reg_14031                                    |   32|   0|   32|          0|
    |p_0_0_03429_565201_phi_reg_14736                                |   32|   0|   32|          0|
    |p_0_0_03429_565201_reg_14020                                    |   32|   0|   32|          0|
    |p_0_0_03429_575202_phi_reg_14723                                |   32|   0|   32|          0|
    |p_0_0_03429_575202_reg_14009                                    |   32|   0|   32|          0|
    |p_0_0_03429_585203_phi_reg_14710                                |   32|   0|   32|          0|
    |p_0_0_03429_585203_reg_13998                                    |   32|   0|   32|          0|
    |p_0_0_03429_595204_phi_reg_14697                                |   32|   0|   32|          0|
    |p_0_0_03429_595204_reg_13987                                    |   32|   0|   32|          0|
    |p_0_0_03429_5_105477_reg_11716                                  |   32|   0|   32|          0|
    |p_0_0_03429_5_115478_reg_11705                                  |   32|   0|   32|          0|
    |p_0_0_03429_5_125479_reg_11694                                  |   32|   0|   32|          0|
    |p_0_0_03429_5_135480_reg_11683                                  |   32|   0|   32|          0|
    |p_0_0_03429_5_145481_reg_11672                                  |   32|   0|   32|          0|
    |p_0_0_03429_5_15468_reg_11815                                   |   32|   0|   32|          0|
    |p_0_0_03429_5_155482_reg_11661                                  |   32|   0|   32|          0|
    |p_0_0_03429_5_165483_reg_11650                                  |   32|   0|   32|          0|
    |p_0_0_03429_5_175484_reg_11639                                  |   32|   0|   32|          0|
    |p_0_0_03429_5_185485_reg_11628                                  |   32|   0|   32|          0|
    |p_0_0_03429_5_195486_reg_11617                                  |   32|   0|   32|          0|
    |p_0_0_03429_5_205487_reg_11606                                  |   32|   0|   32|          0|
    |p_0_0_03429_5_215488_reg_11595                                  |   32|   0|   32|          0|
    |p_0_0_03429_5_225489_reg_11584                                  |   32|   0|   32|          0|
    |p_0_0_03429_5_235490_reg_11573                                  |   32|   0|   32|          0|
    |p_0_0_03429_5_245491_reg_11562                                  |   32|   0|   32|          0|
    |p_0_0_03429_5_25469_reg_11804                                   |   32|   0|   32|          0|
    |p_0_0_03429_5_255492_reg_11551                                  |   32|   0|   32|          0|
    |p_0_0_03429_5_265493_reg_11540                                  |   32|   0|   32|          0|
    |p_0_0_03429_5_275494_reg_11529                                  |   32|   0|   32|          0|
    |p_0_0_03429_5_285495_reg_11518                                  |   32|   0|   32|          0|
    |p_0_0_03429_5_295496_reg_11507                                  |   32|   0|   32|          0|
    |p_0_0_03429_5_305497_reg_11496                                  |   32|   0|   32|          0|
    |p_0_0_03429_5_315498_reg_11485                                  |   32|   0|   32|          0|
    |p_0_0_03429_5_325499_reg_11474                                  |   32|   0|   32|          0|
    |p_0_0_03429_5_335500_reg_11463                                  |   32|   0|   32|          0|
    |p_0_0_03429_5_345501_reg_11452                                  |   32|   0|   32|          0|
    |p_0_0_03429_5_35470_reg_11793                                   |   32|   0|   32|          0|
    |p_0_0_03429_5_355502_reg_11441                                  |   32|   0|   32|          0|
    |p_0_0_03429_5_365503_reg_11430                                  |   32|   0|   32|          0|
    |p_0_0_03429_5_375504_reg_11419                                  |   32|   0|   32|          0|
    |p_0_0_03429_5_385505_reg_11408                                  |   32|   0|   32|          0|
    |p_0_0_03429_5_395506_reg_11397                                  |   32|   0|   32|          0|
    |p_0_0_03429_5_405507_reg_11386                                  |   32|   0|   32|          0|
    |p_0_0_03429_5_415508_reg_11375                                  |   32|   0|   32|          0|
    |p_0_0_03429_5_425509_reg_11364                                  |   32|   0|   32|          0|
    |p_0_0_03429_5_435510_reg_11353                                  |   32|   0|   32|          0|
    |p_0_0_03429_5_445511_reg_11342                                  |   32|   0|   32|          0|
    |p_0_0_03429_5_45471_reg_11782                                   |   32|   0|   32|          0|
    |p_0_0_03429_5_455512_reg_11331                                  |   32|   0|   32|          0|
    |p_0_0_03429_5_465513_reg_11320                                  |   32|   0|   32|          0|
    |p_0_0_03429_5_475514_reg_11309                                  |   32|   0|   32|          0|
    |p_0_0_03429_5_485515_reg_11298                                  |   32|   0|   32|          0|
    |p_0_0_03429_5_495516_reg_11287                                  |   32|   0|   32|          0|
    |p_0_0_03429_5_505517_reg_11276                                  |   32|   0|   32|          0|
    |p_0_0_03429_5_515518_reg_11265                                  |   32|   0|   32|          0|
    |p_0_0_03429_5_525519_reg_11254                                  |   32|   0|   32|          0|
    |p_0_0_03429_5_535520_reg_11243                                  |   32|   0|   32|          0|
    |p_0_0_03429_5_545521_reg_11232                                  |   32|   0|   32|          0|
    |p_0_0_03429_5_55472_reg_11771                                   |   32|   0|   32|          0|
    |p_0_0_03429_5_555522_reg_11221                                  |   32|   0|   32|          0|
    |p_0_0_03429_5_565523_reg_11210                                  |   32|   0|   32|          0|
    |p_0_0_03429_5_575524_reg_11199                                  |   32|   0|   32|          0|
    |p_0_0_03429_5_585525_reg_11188                                  |   32|   0|   32|          0|
    |p_0_0_03429_5_595526_reg_11177                                  |   32|   0|   32|          0|
    |p_0_0_03429_5_605527_reg_11166                                  |   32|   0|   32|          0|
    |p_0_0_03429_5_615528_reg_11155                                  |   32|   0|   32|          0|
    |p_0_0_03429_5_625529_reg_11144                                  |   32|   0|   32|          0|
    |p_0_0_03429_5_635530_reg_11133                                  |   32|   0|   32|          0|
    |p_0_0_03429_5_65473_reg_11760                                   |   32|   0|   32|          0|
    |p_0_0_03429_5_75474_reg_11749                                   |   32|   0|   32|          0|
    |p_0_0_03429_5_85475_reg_11738                                   |   32|   0|   32|          0|
    |p_0_0_03429_5_95476_reg_11727                                   |   32|   0|   32|          0|
    |p_0_0_03429_605205_phi_reg_14684                                |   32|   0|   32|          0|
    |p_0_0_03429_605205_reg_13976                                    |   32|   0|   32|          0|
    |p_0_0_03429_615206_phi_reg_14671                                |   32|   0|   32|          0|
    |p_0_0_03429_615206_reg_13965                                    |   32|   0|   32|          0|
    |p_0_0_03429_625207_phi_reg_14658                                |   32|   0|   32|          0|
    |p_0_0_03429_625207_reg_13954                                    |   32|   0|   32|          0|
    |p_0_0_03429_635208_phi_reg_14645                                |   32|   0|   32|          0|
    |p_0_0_03429_635208_reg_13943                                    |   32|   0|   32|          0|
    |p_0_0_03429_65151_phi_reg_15386                                 |   32|   0|   32|          0|
    |p_0_0_03429_65151_reg_14570                                     |   32|   0|   32|          0|
    |p_0_0_03429_75152_phi_reg_15373                                 |   32|   0|   32|          0|
    |p_0_0_03429_75152_reg_14559                                     |   32|   0|   32|          0|
    |p_0_0_03429_85153_phi_reg_15360                                 |   32|   0|   32|          0|
    |p_0_0_03429_85153_reg_14548                                     |   32|   0|   32|          0|
    |p_0_0_03429_95154_phi_reg_15347                                 |   32|   0|   32|          0|
    |p_0_0_03429_95154_reg_14537                                     |   32|   0|   32|          0|
    |p_Result_13_reg_23894                                           |    1|   0|    1|          0|
    |p_Result_18_reg_35867                                           |    1|   0|    1|          0|
    |phi_urem_fu_492                                                 |    7|   0|    7|          0|
    |reg_15763                                                       |   31|   0|   31|          0|
    |reg_15768                                                       |   31|   0|   31|          0|
    |reg_15773                                                       |   31|   0|   31|          0|
    |reg_15778                                                       |   31|   0|   31|          0|
    |s_1_reg_35926                                                   |   32|   0|   32|          0|
    |s_reg_11122                                                     |    2|   0|    2|          0|
    |select_ln113_100_reg_30665                                      |   32|   0|   32|          0|
    |select_ln113_101_reg_30670                                      |   32|   0|   32|          0|
    |select_ln113_102_reg_30675                                      |   32|   0|   32|          0|
    |select_ln113_103_reg_30680                                      |   32|   0|   32|          0|
    |select_ln113_104_reg_30685                                      |   32|   0|   32|          0|
    |select_ln113_105_reg_30690                                      |   32|   0|   32|          0|
    |select_ln113_106_reg_30695                                      |   32|   0|   32|          0|
    |select_ln113_107_reg_30700                                      |   32|   0|   32|          0|
    |select_ln113_108_reg_30705                                      |   32|   0|   32|          0|
    |select_ln113_109_reg_30710                                      |   32|   0|   32|          0|
    |select_ln113_10_reg_32365                                       |   32|   0|   32|          0|
    |select_ln113_110_reg_30715                                      |   32|   0|   32|          0|
    |select_ln113_111_reg_30720                                      |   32|   0|   32|          0|
    |select_ln113_112_reg_30725                                      |   32|   0|   32|          0|
    |select_ln113_113_reg_30730                                      |   32|   0|   32|          0|
    |select_ln113_114_reg_30735                                      |   32|   0|   32|          0|
    |select_ln113_115_reg_30740                                      |   32|   0|   32|          0|
    |select_ln113_116_reg_30745                                      |   32|   0|   32|          0|
    |select_ln113_117_reg_30750                                      |   32|   0|   32|          0|
    |select_ln113_118_reg_30755                                      |   32|   0|   32|          0|
    |select_ln113_119_reg_30760                                      |   32|   0|   32|          0|
    |select_ln113_11_reg_32370                                       |   32|   0|   32|          0|
    |select_ln113_120_reg_30765                                      |   32|   0|   32|          0|
    |select_ln113_121_reg_30770                                      |   32|   0|   32|          0|
    |select_ln113_122_reg_30775                                      |   32|   0|   32|          0|
    |select_ln113_123_reg_30780                                      |   32|   0|   32|          0|
    |select_ln113_124_reg_30785                                      |   32|   0|   32|          0|
    |select_ln113_125_reg_30790                                      |   32|   0|   32|          0|
    |select_ln113_126_reg_30795                                      |   32|   0|   32|          0|
    |select_ln113_127_reg_30800                                      |   32|   0|   32|          0|
    |select_ln113_128_reg_30805                                      |   32|   0|   32|          0|
    |select_ln113_129_reg_30810                                      |   32|   0|   32|          0|
    |select_ln113_12_reg_32355                                       |   32|   0|   32|          0|
    |select_ln113_130_reg_30815                                      |   32|   0|   32|          0|
    |select_ln113_131_reg_30820                                      |   32|   0|   32|          0|
    |select_ln113_132_reg_30825                                      |   32|   0|   32|          0|
    |select_ln113_133_reg_30830                                      |   32|   0|   32|          0|
    |select_ln113_134_reg_30835                                      |   32|   0|   32|          0|
    |select_ln113_135_reg_30840                                      |   32|   0|   32|          0|
    |select_ln113_136_reg_30845                                      |   32|   0|   32|          0|
    |select_ln113_137_reg_30850                                      |   32|   0|   32|          0|
    |select_ln113_138_reg_30855                                      |   32|   0|   32|          0|
    |select_ln113_139_reg_30860                                      |   32|   0|   32|          0|
    |select_ln113_13_reg_32360                                       |   32|   0|   32|          0|
    |select_ln113_140_reg_30865                                      |   32|   0|   32|          0|
    |select_ln113_141_reg_30870                                      |   32|   0|   32|          0|
    |select_ln113_142_reg_30875                                      |   32|   0|   32|          0|
    |select_ln113_143_reg_30880                                      |   32|   0|   32|          0|
    |select_ln113_144_reg_30885                                      |   32|   0|   32|          0|
    |select_ln113_145_reg_30890                                      |   32|   0|   32|          0|
    |select_ln113_146_reg_30895                                      |   32|   0|   32|          0|
    |select_ln113_147_reg_30900                                      |   32|   0|   32|          0|
    |select_ln113_148_reg_30905                                      |   32|   0|   32|          0|
    |select_ln113_149_reg_30910                                      |   32|   0|   32|          0|
    |select_ln113_14_reg_32345                                       |   32|   0|   32|          0|
    |select_ln113_150_reg_30915                                      |   32|   0|   32|          0|
    |select_ln113_151_reg_30920                                      |   32|   0|   32|          0|
    |select_ln113_152_reg_30925                                      |   32|   0|   32|          0|
    |select_ln113_153_reg_30930                                      |   32|   0|   32|          0|
    |select_ln113_154_reg_30935                                      |   32|   0|   32|          0|
    |select_ln113_155_reg_30940                                      |   32|   0|   32|          0|
    |select_ln113_156_reg_30945                                      |   32|   0|   32|          0|
    |select_ln113_157_reg_30950                                      |   32|   0|   32|          0|
    |select_ln113_158_reg_30955                                      |   32|   0|   32|          0|
    |select_ln113_159_reg_30960                                      |   32|   0|   32|          0|
    |select_ln113_15_reg_32350                                       |   32|   0|   32|          0|
    |select_ln113_160_reg_30965                                      |   32|   0|   32|          0|
    |select_ln113_161_reg_30970                                      |   32|   0|   32|          0|
    |select_ln113_162_reg_30975                                      |   32|   0|   32|          0|
    |select_ln113_163_reg_30980                                      |   32|   0|   32|          0|
    |select_ln113_164_reg_30985                                      |   32|   0|   32|          0|
    |select_ln113_165_reg_30990                                      |   32|   0|   32|          0|
    |select_ln113_166_reg_30995                                      |   32|   0|   32|          0|
    |select_ln113_167_reg_31000                                      |   32|   0|   32|          0|
    |select_ln113_168_reg_31005                                      |   32|   0|   32|          0|
    |select_ln113_169_reg_31010                                      |   32|   0|   32|          0|
    |select_ln113_16_reg_32335                                       |   32|   0|   32|          0|
    |select_ln113_170_reg_31015                                      |   32|   0|   32|          0|
    |select_ln113_171_reg_31020                                      |   32|   0|   32|          0|
    |select_ln113_172_reg_31025                                      |   32|   0|   32|          0|
    |select_ln113_173_reg_31030                                      |   32|   0|   32|          0|
    |select_ln113_174_reg_31035                                      |   32|   0|   32|          0|
    |select_ln113_175_reg_31040                                      |   32|   0|   32|          0|
    |select_ln113_176_reg_31045                                      |   32|   0|   32|          0|
    |select_ln113_177_reg_31050                                      |   32|   0|   32|          0|
    |select_ln113_178_reg_31055                                      |   32|   0|   32|          0|
    |select_ln113_179_reg_31060                                      |   32|   0|   32|          0|
    |select_ln113_17_reg_32340                                       |   32|   0|   32|          0|
    |select_ln113_180_reg_31065                                      |   32|   0|   32|          0|
    |select_ln113_181_reg_31070                                      |   32|   0|   32|          0|
    |select_ln113_182_reg_31075                                      |   32|   0|   32|          0|
    |select_ln113_183_reg_31080                                      |   32|   0|   32|          0|
    |select_ln113_184_reg_31085                                      |   32|   0|   32|          0|
    |select_ln113_185_reg_31090                                      |   32|   0|   32|          0|
    |select_ln113_186_reg_31095                                      |   32|   0|   32|          0|
    |select_ln113_187_reg_31100                                      |   32|   0|   32|          0|
    |select_ln113_188_reg_31105                                      |   32|   0|   32|          0|
    |select_ln113_189_reg_31110                                      |   32|   0|   32|          0|
    |select_ln113_18_reg_32325                                       |   32|   0|   32|          0|
    |select_ln113_190_reg_31115                                      |   32|   0|   32|          0|
    |select_ln113_191_reg_31120                                      |   32|   0|   32|          0|
    |select_ln113_192_reg_31125                                      |   32|   0|   32|          0|
    |select_ln113_193_reg_31130                                      |   32|   0|   32|          0|
    |select_ln113_194_reg_31135                                      |   32|   0|   32|          0|
    |select_ln113_195_reg_31140                                      |   32|   0|   32|          0|
    |select_ln113_196_reg_31145                                      |   32|   0|   32|          0|
    |select_ln113_197_reg_31150                                      |   32|   0|   32|          0|
    |select_ln113_198_reg_31155                                      |   32|   0|   32|          0|
    |select_ln113_199_reg_31160                                      |   32|   0|   32|          0|
    |select_ln113_19_reg_32330                                       |   32|   0|   32|          0|
    |select_ln113_1_reg_30480                                        |    2|   0|    2|          0|
    |select_ln113_200_reg_31165                                      |   32|   0|   32|          0|
    |select_ln113_201_reg_31170                                      |   32|   0|   32|          0|
    |select_ln113_202_reg_31175                                      |   32|   0|   32|          0|
    |select_ln113_203_reg_31180                                      |   32|   0|   32|          0|
    |select_ln113_204_reg_31185                                      |   32|   0|   32|          0|
    |select_ln113_205_reg_31190                                      |   32|   0|   32|          0|
    |select_ln113_206_reg_31195                                      |   32|   0|   32|          0|
    |select_ln113_207_reg_31200                                      |   32|   0|   32|          0|
    |select_ln113_208_reg_31205                                      |   32|   0|   32|          0|
    |select_ln113_209_reg_31210                                      |   32|   0|   32|          0|
    |select_ln113_20_reg_32315                                       |   32|   0|   32|          0|
    |select_ln113_210_reg_31215                                      |   32|   0|   32|          0|
    |select_ln113_211_reg_31220                                      |   32|   0|   32|          0|
    |select_ln113_212_reg_31225                                      |   32|   0|   32|          0|
    |select_ln113_213_reg_31230                                      |   32|   0|   32|          0|
    |select_ln113_214_reg_31235                                      |   32|   0|   32|          0|
    |select_ln113_215_reg_31240                                      |   32|   0|   32|          0|
    |select_ln113_216_reg_31245                                      |   32|   0|   32|          0|
    |select_ln113_217_reg_31250                                      |   32|   0|   32|          0|
    |select_ln113_218_reg_31255                                      |   32|   0|   32|          0|
    |select_ln113_219_reg_31260                                      |   32|   0|   32|          0|
    |select_ln113_21_reg_32320                                       |   32|   0|   32|          0|
    |select_ln113_220_reg_31265                                      |   32|   0|   32|          0|
    |select_ln113_221_reg_31270                                      |   32|   0|   32|          0|
    |select_ln113_222_reg_31275                                      |   32|   0|   32|          0|
    |select_ln113_223_reg_31280                                      |   32|   0|   32|          0|
    |select_ln113_224_reg_31285                                      |   32|   0|   32|          0|
    |select_ln113_225_reg_31290                                      |   32|   0|   32|          0|
    |select_ln113_226_reg_31295                                      |   32|   0|   32|          0|
    |select_ln113_227_reg_31300                                      |   32|   0|   32|          0|
    |select_ln113_228_reg_31305                                      |   32|   0|   32|          0|
    |select_ln113_229_reg_31310                                      |   32|   0|   32|          0|
    |select_ln113_22_reg_32305                                       |   32|   0|   32|          0|
    |select_ln113_230_reg_31315                                      |   32|   0|   32|          0|
    |select_ln113_231_reg_31320                                      |   32|   0|   32|          0|
    |select_ln113_232_reg_31325                                      |   32|   0|   32|          0|
    |select_ln113_233_reg_31330                                      |   32|   0|   32|          0|
    |select_ln113_234_reg_31335                                      |   32|   0|   32|          0|
    |select_ln113_235_reg_31340                                      |   32|   0|   32|          0|
    |select_ln113_236_reg_31345                                      |   32|   0|   32|          0|
    |select_ln113_237_reg_31350                                      |   32|   0|   32|          0|
    |select_ln113_238_reg_31355                                      |   32|   0|   32|          0|
    |select_ln113_239_reg_31360                                      |   32|   0|   32|          0|
    |select_ln113_23_reg_32310                                       |   32|   0|   32|          0|
    |select_ln113_240_reg_31365                                      |   32|   0|   32|          0|
    |select_ln113_241_reg_31370                                      |   32|   0|   32|          0|
    |select_ln113_242_reg_31375                                      |   32|   0|   32|          0|
    |select_ln113_243_reg_31380                                      |   32|   0|   32|          0|
    |select_ln113_244_reg_31385                                      |   32|   0|   32|          0|
    |select_ln113_245_reg_31390                                      |   32|   0|   32|          0|
    |select_ln113_246_reg_31395                                      |   32|   0|   32|          0|
    |select_ln113_247_reg_31400                                      |   32|   0|   32|          0|
    |select_ln113_248_reg_31405                                      |   32|   0|   32|          0|
    |select_ln113_249_reg_31410                                      |   32|   0|   32|          0|
    |select_ln113_24_reg_32295                                       |   32|   0|   32|          0|
    |select_ln113_250_reg_31415                                      |   32|   0|   32|          0|
    |select_ln113_251_reg_31420                                      |   32|   0|   32|          0|
    |select_ln113_252_reg_31425                                      |   32|   0|   32|          0|
    |select_ln113_253_reg_31430                                      |   32|   0|   32|          0|
    |select_ln113_254_reg_31435                                      |   32|   0|   32|          0|
    |select_ln113_255_reg_31440                                      |   32|   0|   32|          0|
    |select_ln113_256_reg_31445                                      |   32|   0|   32|          0|
    |select_ln113_257_reg_31450                                      |   32|   0|   32|          0|
    |select_ln113_258_reg_31455                                      |   32|   0|   32|          0|
    |select_ln113_259_reg_31460                                      |   32|   0|   32|          0|
    |select_ln113_25_reg_32300                                       |   32|   0|   32|          0|
    |select_ln113_260_reg_31465                                      |   32|   0|   32|          0|
    |select_ln113_261_reg_31470                                      |   32|   0|   32|          0|
    |select_ln113_262_reg_31475                                      |   32|   0|   32|          0|
    |select_ln113_263_reg_31480                                      |   32|   0|   32|          0|
    |select_ln113_264_reg_31485                                      |   32|   0|   32|          0|
    |select_ln113_265_reg_31490                                      |   32|   0|   32|          0|
    |select_ln113_266_reg_31495                                      |   32|   0|   32|          0|
    |select_ln113_267_reg_31500                                      |   32|   0|   32|          0|
    |select_ln113_268_reg_31505                                      |   32|   0|   32|          0|
    |select_ln113_269_reg_31510                                      |   32|   0|   32|          0|
    |select_ln113_26_reg_32285                                       |   32|   0|   32|          0|
    |select_ln113_270_reg_31515                                      |   32|   0|   32|          0|
    |select_ln113_271_reg_31520                                      |   32|   0|   32|          0|
    |select_ln113_272_reg_31525                                      |   32|   0|   32|          0|
    |select_ln113_273_reg_31530                                      |   32|   0|   32|          0|
    |select_ln113_274_reg_31535                                      |   32|   0|   32|          0|
    |select_ln113_275_reg_31540                                      |   32|   0|   32|          0|
    |select_ln113_276_reg_31545                                      |   32|   0|   32|          0|
    |select_ln113_277_reg_31550                                      |   32|   0|   32|          0|
    |select_ln113_278_reg_31555                                      |   32|   0|   32|          0|
    |select_ln113_279_reg_31560                                      |   32|   0|   32|          0|
    |select_ln113_27_reg_32290                                       |   32|   0|   32|          0|
    |select_ln113_280_reg_31565                                      |   32|   0|   32|          0|
    |select_ln113_281_reg_31570                                      |   32|   0|   32|          0|
    |select_ln113_282_reg_31575                                      |   32|   0|   32|          0|
    |select_ln113_283_reg_31580                                      |   32|   0|   32|          0|
    |select_ln113_284_reg_31585                                      |   32|   0|   32|          0|
    |select_ln113_285_reg_31590                                      |   32|   0|   32|          0|
    |select_ln113_286_reg_31595                                      |   32|   0|   32|          0|
    |select_ln113_287_reg_31600                                      |   32|   0|   32|          0|
    |select_ln113_288_reg_31605                                      |   32|   0|   32|          0|
    |select_ln113_289_reg_31610                                      |   32|   0|   32|          0|
    |select_ln113_28_reg_32275                                       |   32|   0|   32|          0|
    |select_ln113_290_reg_31615                                      |   32|   0|   32|          0|
    |select_ln113_291_reg_31620                                      |   32|   0|   32|          0|
    |select_ln113_292_reg_31625                                      |   32|   0|   32|          0|
    |select_ln113_293_reg_31630                                      |   32|   0|   32|          0|
    |select_ln113_294_reg_31635                                      |   32|   0|   32|          0|
    |select_ln113_295_reg_31640                                      |   32|   0|   32|          0|
    |select_ln113_296_reg_31645                                      |   32|   0|   32|          0|
    |select_ln113_297_reg_31650                                      |   32|   0|   32|          0|
    |select_ln113_298_reg_31655                                      |   32|   0|   32|          0|
    |select_ln113_299_reg_31660                                      |   32|   0|   32|          0|
    |select_ln113_29_reg_32280                                       |   32|   0|   32|          0|
    |select_ln113_300_reg_31665                                      |   32|   0|   32|          0|
    |select_ln113_301_reg_31670                                      |   32|   0|   32|          0|
    |select_ln113_302_reg_31675                                      |   32|   0|   32|          0|
    |select_ln113_303_reg_31680                                      |   32|   0|   32|          0|
    |select_ln113_304_reg_31685                                      |   32|   0|   32|          0|
    |select_ln113_305_reg_31690                                      |   32|   0|   32|          0|
    |select_ln113_306_reg_31695                                      |   32|   0|   32|          0|
    |select_ln113_307_reg_31700                                      |   32|   0|   32|          0|
    |select_ln113_308_reg_31705                                      |   32|   0|   32|          0|
    |select_ln113_309_reg_31710                                      |   32|   0|   32|          0|
    |select_ln113_30_reg_32265                                       |   32|   0|   32|          0|
    |select_ln113_310_reg_31715                                      |   32|   0|   32|          0|
    |select_ln113_311_reg_31720                                      |   32|   0|   32|          0|
    |select_ln113_312_reg_31725                                      |   32|   0|   32|          0|
    |select_ln113_313_reg_31730                                      |   32|   0|   32|          0|
    |select_ln113_314_reg_31735                                      |   32|   0|   32|          0|
    |select_ln113_315_reg_31740                                      |   32|   0|   32|          0|
    |select_ln113_316_reg_31745                                      |   32|   0|   32|          0|
    |select_ln113_317_reg_31750                                      |   32|   0|   32|          0|
    |select_ln113_318_reg_31755                                      |   32|   0|   32|          0|
    |select_ln113_319_reg_31760                                      |   32|   0|   32|          0|
    |select_ln113_31_reg_32270                                       |   32|   0|   32|          0|
    |select_ln113_320_reg_31765                                      |   32|   0|   32|          0|
    |select_ln113_321_reg_31770                                      |   32|   0|   32|          0|
    |select_ln113_322_reg_31775                                      |   32|   0|   32|          0|
    |select_ln113_323_reg_31780                                      |   32|   0|   32|          0|
    |select_ln113_324_reg_31785                                      |   32|   0|   32|          0|
    |select_ln113_325_reg_31790                                      |   32|   0|   32|          0|
    |select_ln113_326_reg_31795                                      |   32|   0|   32|          0|
    |select_ln113_327_reg_31800                                      |   32|   0|   32|          0|
    |select_ln113_328_reg_31805                                      |   32|   0|   32|          0|
    |select_ln113_329_reg_31810                                      |   32|   0|   32|          0|
    |select_ln113_32_reg_32255                                       |   32|   0|   32|          0|
    |select_ln113_330_reg_31815                                      |   32|   0|   32|          0|
    |select_ln113_331_reg_31820                                      |   32|   0|   32|          0|
    |select_ln113_332_reg_31825                                      |   32|   0|   32|          0|
    |select_ln113_333_reg_31830                                      |   32|   0|   32|          0|
    |select_ln113_334_reg_31835                                      |   32|   0|   32|          0|
    |select_ln113_335_reg_31840                                      |   32|   0|   32|          0|
    |select_ln113_336_reg_31845                                      |   32|   0|   32|          0|
    |select_ln113_337_reg_31850                                      |   32|   0|   32|          0|
    |select_ln113_338_reg_31855                                      |   32|   0|   32|          0|
    |select_ln113_339_reg_31860                                      |   32|   0|   32|          0|
    |select_ln113_33_reg_32260                                       |   32|   0|   32|          0|
    |select_ln113_340_reg_31865                                      |   32|   0|   32|          0|
    |select_ln113_341_reg_31870                                      |   32|   0|   32|          0|
    |select_ln113_342_reg_31875                                      |   32|   0|   32|          0|
    |select_ln113_343_reg_31880                                      |   32|   0|   32|          0|
    |select_ln113_344_reg_31885                                      |   32|   0|   32|          0|
    |select_ln113_345_reg_31890                                      |   32|   0|   32|          0|
    |select_ln113_346_reg_31895                                      |   32|   0|   32|          0|
    |select_ln113_347_reg_31900                                      |   32|   0|   32|          0|
    |select_ln113_348_reg_31905                                      |   32|   0|   32|          0|
    |select_ln113_349_reg_31910                                      |   32|   0|   32|          0|
    |select_ln113_34_reg_32245                                       |   32|   0|   32|          0|
    |select_ln113_350_reg_31915                                      |   32|   0|   32|          0|
    |select_ln113_351_reg_31920                                      |   32|   0|   32|          0|
    |select_ln113_352_reg_31925                                      |   32|   0|   32|          0|
    |select_ln113_353_reg_31930                                      |   32|   0|   32|          0|
    |select_ln113_354_reg_31935                                      |   32|   0|   32|          0|
    |select_ln113_355_reg_31940                                      |   32|   0|   32|          0|
    |select_ln113_356_reg_31945                                      |   32|   0|   32|          0|
    |select_ln113_357_reg_31950                                      |   32|   0|   32|          0|
    |select_ln113_358_reg_31955                                      |   32|   0|   32|          0|
    |select_ln113_359_reg_31960                                      |   32|   0|   32|          0|
    |select_ln113_35_reg_32250                                       |   32|   0|   32|          0|
    |select_ln113_360_reg_31965                                      |   32|   0|   32|          0|
    |select_ln113_361_reg_31970                                      |   32|   0|   32|          0|
    |select_ln113_362_reg_31975                                      |   32|   0|   32|          0|
    |select_ln113_363_reg_31980                                      |   32|   0|   32|          0|
    |select_ln113_364_reg_31985                                      |   32|   0|   32|          0|
    |select_ln113_365_reg_31990                                      |   32|   0|   32|          0|
    |select_ln113_366_reg_31995                                      |   32|   0|   32|          0|
    |select_ln113_367_reg_32000                                      |   32|   0|   32|          0|
    |select_ln113_368_reg_32005                                      |   32|   0|   32|          0|
    |select_ln113_369_reg_32010                                      |   32|   0|   32|          0|
    |select_ln113_36_reg_32235                                       |   32|   0|   32|          0|
    |select_ln113_370_reg_32015                                      |   32|   0|   32|          0|
    |select_ln113_371_reg_32020                                      |   32|   0|   32|          0|
    |select_ln113_372_reg_32025                                      |   32|   0|   32|          0|
    |select_ln113_373_reg_32030                                      |   32|   0|   32|          0|
    |select_ln113_374_reg_32035                                      |   32|   0|   32|          0|
    |select_ln113_375_reg_32040                                      |   32|   0|   32|          0|
    |select_ln113_376_reg_32045                                      |   32|   0|   32|          0|
    |select_ln113_377_reg_32050                                      |   32|   0|   32|          0|
    |select_ln113_378_reg_32055                                      |   32|   0|   32|          0|
    |select_ln113_379_reg_32060                                      |   32|   0|   32|          0|
    |select_ln113_37_reg_32240                                       |   32|   0|   32|          0|
    |select_ln113_380_reg_32065                                      |   32|   0|   32|          0|
    |select_ln113_381_reg_32070                                      |   32|   0|   32|          0|
    |select_ln113_382_reg_32075                                      |   32|   0|   32|          0|
    |select_ln113_383_reg_32080                                      |   32|   0|   32|          0|
    |select_ln113_384_reg_32085                                      |   32|   0|   32|          0|
    |select_ln113_385_reg_32090                                      |   32|   0|   32|          0|
    |select_ln113_38_reg_32225                                       |   32|   0|   32|          0|
    |select_ln113_39_reg_32230                                       |   32|   0|   32|          0|
    |select_ln113_40_reg_32215                                       |   32|   0|   32|          0|
    |select_ln113_41_reg_32220                                       |   32|   0|   32|          0|
    |select_ln113_42_reg_32205                                       |   32|   0|   32|          0|
    |select_ln113_43_reg_32210                                       |   32|   0|   32|          0|
    |select_ln113_44_reg_32195                                       |   32|   0|   32|          0|
    |select_ln113_45_reg_32200                                       |   32|   0|   32|          0|
    |select_ln113_46_reg_32185                                       |   32|   0|   32|          0|
    |select_ln113_47_reg_32190                                       |   32|   0|   32|          0|
    |select_ln113_48_reg_32175                                       |   32|   0|   32|          0|
    |select_ln113_49_reg_32180                                       |   32|   0|   32|          0|
    |select_ln113_4_reg_32420                                        |   32|   0|   32|          0|
    |select_ln113_50_reg_32165                                       |   32|   0|   32|          0|
    |select_ln113_51_reg_32170                                       |   32|   0|   32|          0|
    |select_ln113_52_reg_32155                                       |   32|   0|   32|          0|
    |select_ln113_53_reg_32160                                       |   32|   0|   32|          0|
    |select_ln113_54_reg_32145                                       |   32|   0|   32|          0|
    |select_ln113_55_reg_32150                                       |   32|   0|   32|          0|
    |select_ln113_56_reg_32135                                       |   32|   0|   32|          0|
    |select_ln113_57_reg_32140                                       |   32|   0|   32|          0|
    |select_ln113_58_reg_32125                                       |   32|   0|   32|          0|
    |select_ln113_59_reg_32130                                       |   32|   0|   32|          0|
    |select_ln113_5_reg_32425                                        |   32|   0|   32|          0|
    |select_ln113_60_reg_32115                                       |   32|   0|   32|          0|
    |select_ln113_61_reg_32120                                       |   32|   0|   32|          0|
    |select_ln113_62_reg_32105                                       |   32|   0|   32|          0|
    |select_ln113_63_reg_32110                                       |   32|   0|   32|          0|
    |select_ln113_64_reg_32095                                       |   32|   0|   32|          0|
    |select_ln113_65_reg_32100                                       |   32|   0|   32|          0|
    |select_ln113_66_reg_30495                                       |   32|   0|   32|          0|
    |select_ln113_67_reg_30500                                       |   32|   0|   32|          0|
    |select_ln113_68_reg_30505                                       |   32|   0|   32|          0|
    |select_ln113_69_reg_30510                                       |   32|   0|   32|          0|
    |select_ln113_6_reg_32405                                        |   32|   0|   32|          0|
    |select_ln113_70_reg_30515                                       |   32|   0|   32|          0|
    |select_ln113_71_reg_30520                                       |   32|   0|   32|          0|
    |select_ln113_72_reg_30525                                       |   32|   0|   32|          0|
    |select_ln113_73_reg_30530                                       |   32|   0|   32|          0|
    |select_ln113_74_reg_30535                                       |   32|   0|   32|          0|
    |select_ln113_75_reg_30540                                       |   32|   0|   32|          0|
    |select_ln113_76_reg_30545                                       |   32|   0|   32|          0|
    |select_ln113_77_reg_30550                                       |   32|   0|   32|          0|
    |select_ln113_78_reg_30555                                       |   32|   0|   32|          0|
    |select_ln113_79_reg_30560                                       |   32|   0|   32|          0|
    |select_ln113_7_reg_32410                                        |   32|   0|   32|          0|
    |select_ln113_80_reg_30565                                       |   32|   0|   32|          0|
    |select_ln113_81_reg_30570                                       |   32|   0|   32|          0|
    |select_ln113_82_reg_30575                                       |   32|   0|   32|          0|
    |select_ln113_83_reg_30580                                       |   32|   0|   32|          0|
    |select_ln113_84_reg_30585                                       |   32|   0|   32|          0|
    |select_ln113_85_reg_30590                                       |   32|   0|   32|          0|
    |select_ln113_86_reg_30595                                       |   32|   0|   32|          0|
    |select_ln113_87_reg_30600                                       |   32|   0|   32|          0|
    |select_ln113_88_reg_30605                                       |   32|   0|   32|          0|
    |select_ln113_89_reg_30610                                       |   32|   0|   32|          0|
    |select_ln113_8_reg_32375                                        |   32|   0|   32|          0|
    |select_ln113_90_reg_30615                                       |   32|   0|   32|          0|
    |select_ln113_91_reg_30620                                       |   32|   0|   32|          0|
    |select_ln113_92_reg_30625                                       |   32|   0|   32|          0|
    |select_ln113_93_reg_30630                                       |   32|   0|   32|          0|
    |select_ln113_94_reg_30635                                       |   32|   0|   32|          0|
    |select_ln113_95_reg_30640                                       |   32|   0|   32|          0|
    |select_ln113_96_reg_30645                                       |   32|   0|   32|          0|
    |select_ln113_97_reg_30650                                       |   32|   0|   32|          0|
    |select_ln113_98_reg_30655                                       |   32|   0|   32|          0|
    |select_ln113_99_reg_30660                                       |   32|   0|   32|          0|
    |select_ln113_9_reg_32380                                        |   32|   0|   32|          0|
    |sh_amt_reg_23966                                                |   12|   0|   12|          0|
    |shl_ln_reg_30348                                                |    7|   0|    8|          1|
    |std_fx_V_reg_23989                                              |   32|   0|   32|          0|
    |sub_ln1099_reg_23910                                            |   32|   0|   32|          0|
    |sub_ln1110_reg_35904                                            |   32|   0|   32|          0|
    |sub_ln837_2_reg_35810                                           |    9|   0|   15|          6|
    |sub_ln837_reg_32390                                             |    9|   0|    9|          0|
    |t_5_fu_968                                                      |    6|   0|    6|          0|
    |t_fu_496                                                        |    7|   0|    7|          0|
    |tmp_22_reg_35057                                                |    6|   0|   14|          8|
    |tmp_23_reg_32453                                                |    7|   0|   13|          6|
    |tmp_24_reg_35854                                                |    1|   0|    8|          7|
    |tmp_25_reg_35745                                                |    7|   0|   15|          8|
    |tmp_26_reg_33104                                                |    6|   0|   13|          7|
    |tmp_V_2_reg_35873                                               |   48|   0|   48|          0|
    |tmp_V_4_reg_23905                                               |   32|   0|   32|          0|
    |tmp_V_5_reg_35883                                               |   48|   0|   48|          0|
    |trunc_ln1098_1_reg_35909                                        |    8|   0|    8|          0|
    |trunc_ln1098_reg_23926                                          |    8|   0|    8|          0|
    |trunc_ln113_1_reg_30485                                         |    1|   0|    1|          0|
    |trunc_ln156_reg_32468                                           |    1|   0|    1|          0|
    |trunc_ln176_reg_33076                                           |    7|   0|    7|          0|
    |trunc_ln224_reg_35019                                           |    7|   0|    7|          0|
    |trunc_ln288_reg_35773                                           |    7|   0|    7|          0|
    |trunc_ln295_reg_35825                                           |    1|   0|    1|          0|
    |trunc_ln299_reg_35829                                           |    1|   0|    1|          0|
    |trunc_ln572_reg_23978                                           |   32|   0|   32|          0|
    |var_fx_f_reg_23931                                              |   32|   0|   32|          0|
    |var_fx_reg_23887                                                |   32|   0|   32|          0|
    |var_safe_reg_23938                                              |   32|   0|   32|          0|
    |win01_V_0_2_fu_500                                              |   31|   0|   31|          0|
    |win01_V_0_3_fu_628                                              |   31|   0|   31|          0|
    |win01_V_0_4_reg_32757                                           |   31|   0|   31|          0|
    |win01_V_0_reg_32752                                             |   31|   0|   31|          0|
    |win01_V_10_2_fu_540                                             |   31|   0|   31|          0|
    |win01_V_10_3_fu_668                                             |   31|   0|   31|          0|
    |win01_V_10_4_reg_32857                                          |   31|   0|   31|          0|
    |win01_V_10_reg_32852                                            |   31|   0|   31|          0|
    |win01_V_11_2_fu_544                                             |   31|   0|   31|          0|
    |win01_V_11_3_fu_672                                             |   31|   0|   31|          0|
    |win01_V_11_4_reg_32867                                          |   31|   0|   31|          0|
    |win01_V_11_reg_32862                                            |   31|   0|   31|          0|
    |win01_V_12_2_fu_548                                             |   31|   0|   31|          0|
    |win01_V_12_3_fu_676                                             |   31|   0|   31|          0|
    |win01_V_12_4_reg_32877                                          |   31|   0|   31|          0|
    |win01_V_12_reg_32872                                            |   31|   0|   31|          0|
    |win01_V_13_2_fu_552                                             |   31|   0|   31|          0|
    |win01_V_13_3_fu_680                                             |   31|   0|   31|          0|
    |win01_V_13_4_reg_32887                                          |   31|   0|   31|          0|
    |win01_V_13_reg_32882                                            |   31|   0|   31|          0|
    |win01_V_14_2_fu_556                                             |   31|   0|   31|          0|
    |win01_V_14_3_fu_684                                             |   31|   0|   31|          0|
    |win01_V_14_4_reg_32897                                          |   31|   0|   31|          0|
    |win01_V_14_reg_32892                                            |   31|   0|   31|          0|
    |win01_V_15_2_fu_560                                             |   31|   0|   31|          0|
    |win01_V_15_3_fu_688                                             |   31|   0|   31|          0|
    |win01_V_15_4_reg_32907                                          |   31|   0|   31|          0|
    |win01_V_15_reg_32902                                            |   31|   0|   31|          0|
    |win01_V_16_2_fu_564                                             |   31|   0|   31|          0|
    |win01_V_16_3_fu_692                                             |   31|   0|   31|          0|
    |win01_V_16_4_reg_32917                                          |   31|   0|   31|          0|
    |win01_V_16_reg_32912                                            |   31|   0|   31|          0|
    |win01_V_17_2_fu_568                                             |   31|   0|   31|          0|
    |win01_V_17_3_fu_696                                             |   31|   0|   31|          0|
    |win01_V_17_4_reg_32927                                          |   31|   0|   31|          0|
    |win01_V_17_reg_32922                                            |   31|   0|   31|          0|
    |win01_V_18_2_fu_572                                             |   31|   0|   31|          0|
    |win01_V_18_3_fu_700                                             |   31|   0|   31|          0|
    |win01_V_18_4_reg_32937                                          |   31|   0|   31|          0|
    |win01_V_18_reg_32932                                            |   31|   0|   31|          0|
    |win01_V_19_2_fu_576                                             |   31|   0|   31|          0|
    |win01_V_19_3_fu_704                                             |   31|   0|   31|          0|
    |win01_V_19_4_reg_32947                                          |   31|   0|   31|          0|
    |win01_V_19_reg_32942                                            |   31|   0|   31|          0|
    |win01_V_1_2_fu_504                                              |   31|   0|   31|          0|
    |win01_V_1_3_fu_632                                              |   31|   0|   31|          0|
    |win01_V_1_4_reg_32767                                           |   31|   0|   31|          0|
    |win01_V_1_68_reg_32762                                          |   31|   0|   31|          0|
    |win01_V_20_2_fu_580                                             |   31|   0|   31|          0|
    |win01_V_20_3_fu_708                                             |   31|   0|   31|          0|
    |win01_V_20_4_reg_32957                                          |   31|   0|   31|          0|
    |win01_V_20_reg_32952                                            |   31|   0|   31|          0|
    |win01_V_21_2_fu_584                                             |   31|   0|   31|          0|
    |win01_V_21_3_fu_712                                             |   31|   0|   31|          0|
    |win01_V_21_4_reg_32967                                          |   31|   0|   31|          0|
    |win01_V_21_reg_32962                                            |   31|   0|   31|          0|
    |win01_V_22_2_fu_588                                             |   31|   0|   31|          0|
    |win01_V_22_3_fu_716                                             |   31|   0|   31|          0|
    |win01_V_22_4_reg_32977                                          |   31|   0|   31|          0|
    |win01_V_22_reg_32972                                            |   31|   0|   31|          0|
    |win01_V_23_2_fu_592                                             |   31|   0|   31|          0|
    |win01_V_23_3_fu_720                                             |   31|   0|   31|          0|
    |win01_V_23_4_reg_32987                                          |   31|   0|   31|          0|
    |win01_V_23_reg_32982                                            |   31|   0|   31|          0|
    |win01_V_24_2_fu_596                                             |   31|   0|   31|          0|
    |win01_V_24_3_fu_724                                             |   31|   0|   31|          0|
    |win01_V_24_4_reg_32997                                          |   31|   0|   31|          0|
    |win01_V_24_reg_32992                                            |   31|   0|   31|          0|
    |win01_V_25_2_fu_600                                             |   31|   0|   31|          0|
    |win01_V_25_3_fu_728                                             |   31|   0|   31|          0|
    |win01_V_25_4_reg_33007                                          |   31|   0|   31|          0|
    |win01_V_25_reg_33002                                            |   31|   0|   31|          0|
    |win01_V_26_2_fu_604                                             |   31|   0|   31|          0|
    |win01_V_26_3_fu_732                                             |   31|   0|   31|          0|
    |win01_V_26_4_reg_33017                                          |   31|   0|   31|          0|
    |win01_V_26_reg_33012                                            |   31|   0|   31|          0|
    |win01_V_27_2_fu_608                                             |   31|   0|   31|          0|
    |win01_V_27_3_fu_736                                             |   31|   0|   31|          0|
    |win01_V_27_4_reg_33027                                          |   31|   0|   31|          0|
    |win01_V_27_reg_33022                                            |   31|   0|   31|          0|
    |win01_V_28_2_fu_612                                             |   31|   0|   31|          0|
    |win01_V_28_3_fu_740                                             |   31|   0|   31|          0|
    |win01_V_28_4_reg_33037                                          |   31|   0|   31|          0|
    |win01_V_28_reg_33032                                            |   31|   0|   31|          0|
    |win01_V_29_2_fu_616                                             |   31|   0|   31|          0|
    |win01_V_29_3_fu_744                                             |   31|   0|   31|          0|
    |win01_V_29_4_reg_33047                                          |   31|   0|   31|          0|
    |win01_V_29_reg_33042                                            |   31|   0|   31|          0|
    |win01_V_2_2_fu_508                                              |   31|   0|   31|          0|
    |win01_V_2_3_fu_636                                              |   31|   0|   31|          0|
    |win01_V_2_4_reg_32777                                           |   31|   0|   31|          0|
    |win01_V_2_69_reg_32772                                          |   31|   0|   31|          0|
    |win01_V_30_2_fu_620                                             |   31|   0|   31|          0|
    |win01_V_30_3_fu_748                                             |   31|   0|   31|          0|
    |win01_V_30_4_reg_33057                                          |   31|   0|   31|          0|
    |win01_V_30_reg_33052                                            |   31|   0|   31|          0|
    |win01_V_31_2_fu_624                                             |   31|   0|   31|          0|
    |win01_V_31_3_fu_752                                             |   31|   0|   31|          0|
    |win01_V_31_4_reg_33067                                          |   31|   0|   31|          0|
    |win01_V_31_reg_33062                                            |   31|   0|   31|          0|
    |win01_V_3_2_fu_512                                              |   31|   0|   31|          0|
    |win01_V_3_3_fu_640                                              |   31|   0|   31|          0|
    |win01_V_3_4_reg_32787                                           |   31|   0|   31|          0|
    |win01_V_3_70_reg_32782                                          |   31|   0|   31|          0|
    |win01_V_4_2_fu_516                                              |   31|   0|   31|          0|
    |win01_V_4_3_fu_644                                              |   31|   0|   31|          0|
    |win01_V_4_4_reg_32797                                           |   31|   0|   31|          0|
    |win01_V_4_71_reg_32792                                          |   31|   0|   31|          0|
    |win01_V_4_load_10_reg_32542                                     |   31|   0|   31|          0|
    |win01_V_4_load_11_reg_32552                                     |   31|   0|   31|          0|
    |win01_V_4_load_12_reg_32562                                     |   31|   0|   31|          0|
    |win01_V_4_load_13_reg_32572                                     |   31|   0|   31|          0|
    |win01_V_4_load_14_reg_32582                                     |   31|   0|   31|          0|
    |win01_V_4_load_15_reg_32592                                     |   31|   0|   31|          0|
    |win01_V_4_load_16_reg_32602                                     |   31|   0|   31|          0|
    |win01_V_4_load_17_reg_32612                                     |   31|   0|   31|          0|
    |win01_V_4_load_18_reg_32622                                     |   31|   0|   31|          0|
    |win01_V_4_load_19_reg_32632                                     |   31|   0|   31|          0|
    |win01_V_4_load_20_reg_32642                                     |   31|   0|   31|          0|
    |win01_V_4_load_21_reg_32652                                     |   31|   0|   31|          0|
    |win01_V_4_load_22_reg_32662                                     |   31|   0|   31|          0|
    |win01_V_4_load_23_reg_32672                                     |   31|   0|   31|          0|
    |win01_V_4_load_24_reg_32682                                     |   31|   0|   31|          0|
    |win01_V_4_load_25_reg_32692                                     |   31|   0|   31|          0|
    |win01_V_4_load_26_reg_32702                                     |   31|   0|   31|          0|
    |win01_V_4_load_27_reg_32712                                     |   31|   0|   31|          0|
    |win01_V_4_load_28_reg_32722                                     |   31|   0|   31|          0|
    |win01_V_4_load_29_reg_32732                                     |   31|   0|   31|          0|
    |win01_V_4_load_30_reg_32742                                     |   31|   0|   31|          0|
    |win01_V_4_load_3_reg_32472                                      |   31|   0|   31|          0|
    |win01_V_4_load_4_reg_32482                                      |   31|   0|   31|          0|
    |win01_V_4_load_5_reg_32492                                      |   31|   0|   31|          0|
    |win01_V_4_load_6_reg_32502                                      |   31|   0|   31|          0|
    |win01_V_4_load_7_reg_32512                                      |   31|   0|   31|          0|
    |win01_V_4_load_8_reg_32522                                      |   31|   0|   31|          0|
    |win01_V_4_load_9_reg_32532                                      |   31|   0|   31|          0|
    |win01_V_5_2_fu_520                                              |   31|   0|   31|          0|
    |win01_V_5_3_fu_648                                              |   31|   0|   31|          0|
    |win01_V_5_4_reg_32807                                           |   31|   0|   31|          0|
    |win01_V_5_72_reg_32802                                          |   31|   0|   31|          0|
    |win01_V_5_load_10_reg_32547                                     |   31|   0|   31|          0|
    |win01_V_5_load_11_reg_32557                                     |   31|   0|   31|          0|
    |win01_V_5_load_12_reg_32567                                     |   31|   0|   31|          0|
    |win01_V_5_load_13_reg_32577                                     |   31|   0|   31|          0|
    |win01_V_5_load_14_reg_32587                                     |   31|   0|   31|          0|
    |win01_V_5_load_15_reg_32597                                     |   31|   0|   31|          0|
    |win01_V_5_load_16_reg_32607                                     |   31|   0|   31|          0|
    |win01_V_5_load_17_reg_32617                                     |   31|   0|   31|          0|
    |win01_V_5_load_18_reg_32627                                     |   31|   0|   31|          0|
    |win01_V_5_load_19_reg_32637                                     |   31|   0|   31|          0|
    |win01_V_5_load_20_reg_32647                                     |   31|   0|   31|          0|
    |win01_V_5_load_21_reg_32657                                     |   31|   0|   31|          0|
    |win01_V_5_load_22_reg_32667                                     |   31|   0|   31|          0|
    |win01_V_5_load_23_reg_32677                                     |   31|   0|   31|          0|
    |win01_V_5_load_24_reg_32687                                     |   31|   0|   31|          0|
    |win01_V_5_load_25_reg_32697                                     |   31|   0|   31|          0|
    |win01_V_5_load_26_reg_32707                                     |   31|   0|   31|          0|
    |win01_V_5_load_27_reg_32717                                     |   31|   0|   31|          0|
    |win01_V_5_load_28_reg_32727                                     |   31|   0|   31|          0|
    |win01_V_5_load_29_reg_32737                                     |   31|   0|   31|          0|
    |win01_V_5_load_30_reg_32747                                     |   31|   0|   31|          0|
    |win01_V_5_load_3_reg_32477                                      |   31|   0|   31|          0|
    |win01_V_5_load_4_reg_32487                                      |   31|   0|   31|          0|
    |win01_V_5_load_5_reg_32497                                      |   31|   0|   31|          0|
    |win01_V_5_load_6_reg_32507                                      |   31|   0|   31|          0|
    |win01_V_5_load_7_reg_32517                                      |   31|   0|   31|          0|
    |win01_V_5_load_8_reg_32527                                      |   31|   0|   31|          0|
    |win01_V_5_load_9_reg_32537                                      |   31|   0|   31|          0|
    |win01_V_6_2_fu_524                                              |   31|   0|   31|          0|
    |win01_V_6_3_fu_652                                              |   31|   0|   31|          0|
    |win01_V_6_4_reg_32817                                           |   31|   0|   31|          0|
    |win01_V_6_73_reg_32812                                          |   31|   0|   31|          0|
    |win01_V_7_2_fu_528                                              |   31|   0|   31|          0|
    |win01_V_7_3_fu_656                                              |   31|   0|   31|          0|
    |win01_V_7_4_reg_32827                                           |   31|   0|   31|          0|
    |win01_V_7_74_reg_32822                                          |   31|   0|   31|          0|
    |win01_V_8_2_fu_532                                              |   31|   0|   31|          0|
    |win01_V_8_3_fu_660                                              |   31|   0|   31|          0|
    |win01_V_8_4_reg_32837                                           |   31|   0|   31|          0|
    |win01_V_8_reg_32832                                             |   31|   0|   31|          0|
    |win01_V_9_2_fu_536                                              |   31|   0|   31|          0|
    |win01_V_9_3_fu_664                                              |   31|   0|   31|          0|
    |win01_V_9_4_reg_32847                                           |   31|   0|   31|          0|
    |win01_V_9_reg_32842                                             |   31|   0|   31|          0|
    |win0_V_1_load_10_reg_29048                                      |   32|   0|   32|          0|
    |win0_V_1_load_11_reg_29053                                      |   32|   0|   32|          0|
    |win0_V_1_load_12_reg_29098                                      |   32|   0|   32|          0|
    |win0_V_1_load_13_reg_29103                                      |   32|   0|   32|          0|
    |win0_V_1_load_14_reg_29148                                      |   32|   0|   32|          0|
    |win0_V_1_load_15_reg_29153                                      |   32|   0|   32|          0|
    |win0_V_1_load_16_reg_29198                                      |   32|   0|   32|          0|
    |win0_V_1_load_17_reg_29203                                      |   32|   0|   32|          0|
    |win0_V_1_load_18_reg_29248                                      |   32|   0|   32|          0|
    |win0_V_1_load_19_reg_29253                                      |   32|   0|   32|          0|
    |win0_V_1_load_1_reg_28803                                       |   32|   0|   32|          0|
    |win0_V_1_load_20_reg_29298                                      |   32|   0|   32|          0|
    |win0_V_1_load_21_reg_29303                                      |   32|   0|   32|          0|
    |win0_V_1_load_22_reg_29348                                      |   32|   0|   32|          0|
    |win0_V_1_load_23_reg_29353                                      |   32|   0|   32|          0|
    |win0_V_1_load_24_reg_29398                                      |   32|   0|   32|          0|
    |win0_V_1_load_25_reg_29403                                      |   32|   0|   32|          0|
    |win0_V_1_load_26_reg_29448                                      |   32|   0|   32|          0|
    |win0_V_1_load_27_reg_29453                                      |   32|   0|   32|          0|
    |win0_V_1_load_28_reg_29498                                      |   32|   0|   32|          0|
    |win0_V_1_load_29_reg_29503                                      |   32|   0|   32|          0|
    |win0_V_1_load_2_reg_28848                                       |   32|   0|   32|          0|
    |win0_V_1_load_30_reg_29548                                      |   32|   0|   32|          0|
    |win0_V_1_load_31_reg_29553                                      |   32|   0|   32|          0|
    |win0_V_1_load_32_reg_29598                                      |   32|   0|   32|          0|
    |win0_V_1_load_33_reg_29603                                      |   32|   0|   32|          0|
    |win0_V_1_load_34_reg_29648                                      |   32|   0|   32|          0|
    |win0_V_1_load_35_reg_29653                                      |   32|   0|   32|          0|
    |win0_V_1_load_36_reg_29698                                      |   32|   0|   32|          0|
    |win0_V_1_load_37_reg_29703                                      |   32|   0|   32|          0|
    |win0_V_1_load_38_reg_29748                                      |   32|   0|   32|          0|
    |win0_V_1_load_39_reg_29753                                      |   32|   0|   32|          0|
    |win0_V_1_load_3_reg_28853                                       |   32|   0|   32|          0|
    |win0_V_1_load_40_reg_29798                                      |   32|   0|   32|          0|
    |win0_V_1_load_41_reg_29803                                      |   32|   0|   32|          0|
    |win0_V_1_load_42_reg_29848                                      |   32|   0|   32|          0|
    |win0_V_1_load_43_reg_29853                                      |   32|   0|   32|          0|
    |win0_V_1_load_44_reg_29898                                      |   32|   0|   32|          0|
    |win0_V_1_load_45_reg_29903                                      |   32|   0|   32|          0|
    |win0_V_1_load_46_reg_29948                                      |   32|   0|   32|          0|
    |win0_V_1_load_47_reg_29953                                      |   32|   0|   32|          0|
    |win0_V_1_load_48_reg_29998                                      |   32|   0|   32|          0|
    |win0_V_1_load_49_reg_30003                                      |   32|   0|   32|          0|
    |win0_V_1_load_4_reg_28898                                       |   32|   0|   32|          0|
    |win0_V_1_load_50_reg_30048                                      |   32|   0|   32|          0|
    |win0_V_1_load_51_reg_30053                                      |   32|   0|   32|          0|
    |win0_V_1_load_52_reg_30098                                      |   32|   0|   32|          0|
    |win0_V_1_load_53_reg_30103                                      |   32|   0|   32|          0|
    |win0_V_1_load_54_reg_30148                                      |   32|   0|   32|          0|
    |win0_V_1_load_55_reg_30153                                      |   32|   0|   32|          0|
    |win0_V_1_load_56_reg_30198                                      |   32|   0|   32|          0|
    |win0_V_1_load_57_reg_30203                                      |   32|   0|   32|          0|
    |win0_V_1_load_58_reg_30248                                      |   32|   0|   32|          0|
    |win0_V_1_load_59_reg_30253                                      |   32|   0|   32|          0|
    |win0_V_1_load_5_reg_28903                                       |   32|   0|   32|          0|
    |win0_V_1_load_60_reg_30298                                      |   32|   0|   32|          0|
    |win0_V_1_load_61_reg_30303                                      |   32|   0|   32|          0|
    |win0_V_1_load_6_reg_28948                                       |   32|   0|   32|          0|
    |win0_V_1_load_7_reg_28953                                       |   32|   0|   32|          0|
    |win0_V_1_load_8_reg_28998                                       |   32|   0|   32|          0|
    |win0_V_1_load_9_reg_29003                                       |   32|   0|   32|          0|
    |win0_V_1_load_reg_28798                                         |   32|   0|   32|          0|
    |win0_V_2_load_10_reg_29058                                      |   32|   0|   32|          0|
    |win0_V_2_load_11_reg_29063                                      |   32|   0|   32|          0|
    |win0_V_2_load_12_reg_29108                                      |   32|   0|   32|          0|
    |win0_V_2_load_13_reg_29113                                      |   32|   0|   32|          0|
    |win0_V_2_load_14_reg_29158                                      |   32|   0|   32|          0|
    |win0_V_2_load_15_reg_29163                                      |   32|   0|   32|          0|
    |win0_V_2_load_16_reg_29208                                      |   32|   0|   32|          0|
    |win0_V_2_load_17_reg_29213                                      |   32|   0|   32|          0|
    |win0_V_2_load_18_reg_29258                                      |   32|   0|   32|          0|
    |win0_V_2_load_19_reg_29263                                      |   32|   0|   32|          0|
    |win0_V_2_load_1_reg_28813                                       |   32|   0|   32|          0|
    |win0_V_2_load_20_reg_29308                                      |   32|   0|   32|          0|
    |win0_V_2_load_21_reg_29313                                      |   32|   0|   32|          0|
    |win0_V_2_load_22_reg_29358                                      |   32|   0|   32|          0|
    |win0_V_2_load_23_reg_29363                                      |   32|   0|   32|          0|
    |win0_V_2_load_24_reg_29408                                      |   32|   0|   32|          0|
    |win0_V_2_load_25_reg_29413                                      |   32|   0|   32|          0|
    |win0_V_2_load_26_reg_29458                                      |   32|   0|   32|          0|
    |win0_V_2_load_27_reg_29463                                      |   32|   0|   32|          0|
    |win0_V_2_load_28_reg_29508                                      |   32|   0|   32|          0|
    |win0_V_2_load_29_reg_29513                                      |   32|   0|   32|          0|
    |win0_V_2_load_2_reg_28858                                       |   32|   0|   32|          0|
    |win0_V_2_load_30_reg_29558                                      |   32|   0|   32|          0|
    |win0_V_2_load_31_reg_29563                                      |   32|   0|   32|          0|
    |win0_V_2_load_32_reg_29608                                      |   32|   0|   32|          0|
    |win0_V_2_load_33_reg_29613                                      |   32|   0|   32|          0|
    |win0_V_2_load_34_reg_29658                                      |   32|   0|   32|          0|
    |win0_V_2_load_35_reg_29663                                      |   32|   0|   32|          0|
    |win0_V_2_load_36_reg_29708                                      |   32|   0|   32|          0|
    |win0_V_2_load_37_reg_29713                                      |   32|   0|   32|          0|
    |win0_V_2_load_38_reg_29758                                      |   32|   0|   32|          0|
    |win0_V_2_load_39_reg_29763                                      |   32|   0|   32|          0|
    |win0_V_2_load_3_reg_28863                                       |   32|   0|   32|          0|
    |win0_V_2_load_40_reg_29808                                      |   32|   0|   32|          0|
    |win0_V_2_load_41_reg_29813                                      |   32|   0|   32|          0|
    |win0_V_2_load_42_reg_29858                                      |   32|   0|   32|          0|
    |win0_V_2_load_43_reg_29863                                      |   32|   0|   32|          0|
    |win0_V_2_load_44_reg_29908                                      |   32|   0|   32|          0|
    |win0_V_2_load_45_reg_29913                                      |   32|   0|   32|          0|
    |win0_V_2_load_46_reg_29958                                      |   32|   0|   32|          0|
    |win0_V_2_load_47_reg_29963                                      |   32|   0|   32|          0|
    |win0_V_2_load_48_reg_30008                                      |   32|   0|   32|          0|
    |win0_V_2_load_49_reg_30013                                      |   32|   0|   32|          0|
    |win0_V_2_load_4_reg_28908                                       |   32|   0|   32|          0|
    |win0_V_2_load_50_reg_30058                                      |   32|   0|   32|          0|
    |win0_V_2_load_51_reg_30063                                      |   32|   0|   32|          0|
    |win0_V_2_load_52_reg_30108                                      |   32|   0|   32|          0|
    |win0_V_2_load_53_reg_30113                                      |   32|   0|   32|          0|
    |win0_V_2_load_54_reg_30158                                      |   32|   0|   32|          0|
    |win0_V_2_load_55_reg_30163                                      |   32|   0|   32|          0|
    |win0_V_2_load_56_reg_30208                                      |   32|   0|   32|          0|
    |win0_V_2_load_57_reg_30213                                      |   32|   0|   32|          0|
    |win0_V_2_load_58_reg_30258                                      |   32|   0|   32|          0|
    |win0_V_2_load_59_reg_30263                                      |   32|   0|   32|          0|
    |win0_V_2_load_5_reg_28913                                       |   32|   0|   32|          0|
    |win0_V_2_load_60_reg_30308                                      |   32|   0|   32|          0|
    |win0_V_2_load_61_reg_30313                                      |   32|   0|   32|          0|
    |win0_V_2_load_6_reg_28958                                       |   32|   0|   32|          0|
    |win0_V_2_load_7_reg_28963                                       |   32|   0|   32|          0|
    |win0_V_2_load_8_reg_29008                                       |   32|   0|   32|          0|
    |win0_V_2_load_9_reg_29013                                       |   32|   0|   32|          0|
    |win0_V_2_load_reg_28808                                         |   32|   0|   32|          0|
    |win0_V_3_load_10_reg_29068                                      |   32|   0|   32|          0|
    |win0_V_3_load_11_reg_29073                                      |   32|   0|   32|          0|
    |win0_V_3_load_12_reg_29118                                      |   32|   0|   32|          0|
    |win0_V_3_load_13_reg_29123                                      |   32|   0|   32|          0|
    |win0_V_3_load_14_reg_29168                                      |   32|   0|   32|          0|
    |win0_V_3_load_15_reg_29173                                      |   32|   0|   32|          0|
    |win0_V_3_load_16_reg_29218                                      |   32|   0|   32|          0|
    |win0_V_3_load_17_reg_29223                                      |   32|   0|   32|          0|
    |win0_V_3_load_18_reg_29268                                      |   32|   0|   32|          0|
    |win0_V_3_load_19_reg_29273                                      |   32|   0|   32|          0|
    |win0_V_3_load_1_reg_28823                                       |   32|   0|   32|          0|
    |win0_V_3_load_20_reg_29318                                      |   32|   0|   32|          0|
    |win0_V_3_load_21_reg_29323                                      |   32|   0|   32|          0|
    |win0_V_3_load_22_reg_29368                                      |   32|   0|   32|          0|
    |win0_V_3_load_23_reg_29373                                      |   32|   0|   32|          0|
    |win0_V_3_load_24_reg_29418                                      |   32|   0|   32|          0|
    |win0_V_3_load_25_reg_29423                                      |   32|   0|   32|          0|
    |win0_V_3_load_26_reg_29468                                      |   32|   0|   32|          0|
    |win0_V_3_load_27_reg_29473                                      |   32|   0|   32|          0|
    |win0_V_3_load_28_reg_29518                                      |   32|   0|   32|          0|
    |win0_V_3_load_29_reg_29523                                      |   32|   0|   32|          0|
    |win0_V_3_load_2_reg_28868                                       |   32|   0|   32|          0|
    |win0_V_3_load_30_reg_29568                                      |   32|   0|   32|          0|
    |win0_V_3_load_31_reg_29573                                      |   32|   0|   32|          0|
    |win0_V_3_load_32_reg_29618                                      |   32|   0|   32|          0|
    |win0_V_3_load_33_reg_29623                                      |   32|   0|   32|          0|
    |win0_V_3_load_34_reg_29668                                      |   32|   0|   32|          0|
    |win0_V_3_load_35_reg_29673                                      |   32|   0|   32|          0|
    |win0_V_3_load_36_reg_29718                                      |   32|   0|   32|          0|
    |win0_V_3_load_37_reg_29723                                      |   32|   0|   32|          0|
    |win0_V_3_load_38_reg_29768                                      |   32|   0|   32|          0|
    |win0_V_3_load_39_reg_29773                                      |   32|   0|   32|          0|
    |win0_V_3_load_3_reg_28873                                       |   32|   0|   32|          0|
    |win0_V_3_load_40_reg_29818                                      |   32|   0|   32|          0|
    |win0_V_3_load_41_reg_29823                                      |   32|   0|   32|          0|
    |win0_V_3_load_42_reg_29868                                      |   32|   0|   32|          0|
    |win0_V_3_load_43_reg_29873                                      |   32|   0|   32|          0|
    |win0_V_3_load_44_reg_29918                                      |   32|   0|   32|          0|
    |win0_V_3_load_45_reg_29923                                      |   32|   0|   32|          0|
    |win0_V_3_load_46_reg_29968                                      |   32|   0|   32|          0|
    |win0_V_3_load_47_reg_29973                                      |   32|   0|   32|          0|
    |win0_V_3_load_48_reg_30018                                      |   32|   0|   32|          0|
    |win0_V_3_load_49_reg_30023                                      |   32|   0|   32|          0|
    |win0_V_3_load_4_reg_28918                                       |   32|   0|   32|          0|
    |win0_V_3_load_50_reg_30068                                      |   32|   0|   32|          0|
    |win0_V_3_load_51_reg_30073                                      |   32|   0|   32|          0|
    |win0_V_3_load_52_reg_30118                                      |   32|   0|   32|          0|
    |win0_V_3_load_53_reg_30123                                      |   32|   0|   32|          0|
    |win0_V_3_load_54_reg_30168                                      |   32|   0|   32|          0|
    |win0_V_3_load_55_reg_30173                                      |   32|   0|   32|          0|
    |win0_V_3_load_56_reg_30218                                      |   32|   0|   32|          0|
    |win0_V_3_load_57_reg_30223                                      |   32|   0|   32|          0|
    |win0_V_3_load_58_reg_30268                                      |   32|   0|   32|          0|
    |win0_V_3_load_59_reg_30273                                      |   32|   0|   32|          0|
    |win0_V_3_load_5_reg_28923                                       |   32|   0|   32|          0|
    |win0_V_3_load_60_reg_30318                                      |   32|   0|   32|          0|
    |win0_V_3_load_61_reg_30323                                      |   32|   0|   32|          0|
    |win0_V_3_load_6_reg_28968                                       |   32|   0|   32|          0|
    |win0_V_3_load_7_reg_28973                                       |   32|   0|   32|          0|
    |win0_V_3_load_8_reg_29018                                       |   32|   0|   32|          0|
    |win0_V_3_load_9_reg_29023                                       |   32|   0|   32|          0|
    |win0_V_3_load_reg_28818                                         |   32|   0|   32|          0|
    |win0_V_4_load_10_reg_29078                                      |   32|   0|   32|          0|
    |win0_V_4_load_11_reg_29083                                      |   32|   0|   32|          0|
    |win0_V_4_load_12_reg_29128                                      |   32|   0|   32|          0|
    |win0_V_4_load_13_reg_29133                                      |   32|   0|   32|          0|
    |win0_V_4_load_14_reg_29178                                      |   32|   0|   32|          0|
    |win0_V_4_load_15_reg_29183                                      |   32|   0|   32|          0|
    |win0_V_4_load_16_reg_29228                                      |   32|   0|   32|          0|
    |win0_V_4_load_17_reg_29233                                      |   32|   0|   32|          0|
    |win0_V_4_load_18_reg_29278                                      |   32|   0|   32|          0|
    |win0_V_4_load_19_reg_29283                                      |   32|   0|   32|          0|
    |win0_V_4_load_1_reg_28833                                       |   32|   0|   32|          0|
    |win0_V_4_load_20_reg_29328                                      |   32|   0|   32|          0|
    |win0_V_4_load_21_reg_29333                                      |   32|   0|   32|          0|
    |win0_V_4_load_22_reg_29378                                      |   32|   0|   32|          0|
    |win0_V_4_load_23_reg_29383                                      |   32|   0|   32|          0|
    |win0_V_4_load_24_reg_29428                                      |   32|   0|   32|          0|
    |win0_V_4_load_25_reg_29433                                      |   32|   0|   32|          0|
    |win0_V_4_load_26_reg_29478                                      |   32|   0|   32|          0|
    |win0_V_4_load_27_reg_29483                                      |   32|   0|   32|          0|
    |win0_V_4_load_28_reg_29528                                      |   32|   0|   32|          0|
    |win0_V_4_load_29_reg_29533                                      |   32|   0|   32|          0|
    |win0_V_4_load_2_reg_28878                                       |   32|   0|   32|          0|
    |win0_V_4_load_30_reg_29578                                      |   32|   0|   32|          0|
    |win0_V_4_load_31_reg_29583                                      |   32|   0|   32|          0|
    |win0_V_4_load_32_reg_29628                                      |   32|   0|   32|          0|
    |win0_V_4_load_33_reg_29633                                      |   32|   0|   32|          0|
    |win0_V_4_load_34_reg_29678                                      |   32|   0|   32|          0|
    |win0_V_4_load_35_reg_29683                                      |   32|   0|   32|          0|
    |win0_V_4_load_36_reg_29728                                      |   32|   0|   32|          0|
    |win0_V_4_load_37_reg_29733                                      |   32|   0|   32|          0|
    |win0_V_4_load_38_reg_29778                                      |   32|   0|   32|          0|
    |win0_V_4_load_39_reg_29783                                      |   32|   0|   32|          0|
    |win0_V_4_load_3_reg_28883                                       |   32|   0|   32|          0|
    |win0_V_4_load_40_reg_29828                                      |   32|   0|   32|          0|
    |win0_V_4_load_41_reg_29833                                      |   32|   0|   32|          0|
    |win0_V_4_load_42_reg_29878                                      |   32|   0|   32|          0|
    |win0_V_4_load_43_reg_29883                                      |   32|   0|   32|          0|
    |win0_V_4_load_44_reg_29928                                      |   32|   0|   32|          0|
    |win0_V_4_load_45_reg_29933                                      |   32|   0|   32|          0|
    |win0_V_4_load_46_reg_29978                                      |   32|   0|   32|          0|
    |win0_V_4_load_47_reg_29983                                      |   32|   0|   32|          0|
    |win0_V_4_load_48_reg_30028                                      |   32|   0|   32|          0|
    |win0_V_4_load_49_reg_30033                                      |   32|   0|   32|          0|
    |win0_V_4_load_4_reg_28928                                       |   32|   0|   32|          0|
    |win0_V_4_load_50_reg_30078                                      |   32|   0|   32|          0|
    |win0_V_4_load_51_reg_30083                                      |   32|   0|   32|          0|
    |win0_V_4_load_52_reg_30128                                      |   32|   0|   32|          0|
    |win0_V_4_load_53_reg_30133                                      |   32|   0|   32|          0|
    |win0_V_4_load_54_reg_30178                                      |   32|   0|   32|          0|
    |win0_V_4_load_55_reg_30183                                      |   32|   0|   32|          0|
    |win0_V_4_load_56_reg_30228                                      |   32|   0|   32|          0|
    |win0_V_4_load_57_reg_30233                                      |   32|   0|   32|          0|
    |win0_V_4_load_58_reg_30278                                      |   32|   0|   32|          0|
    |win0_V_4_load_59_reg_30283                                      |   32|   0|   32|          0|
    |win0_V_4_load_5_reg_28933                                       |   32|   0|   32|          0|
    |win0_V_4_load_60_reg_30328                                      |   32|   0|   32|          0|
    |win0_V_4_load_61_reg_30333                                      |   32|   0|   32|          0|
    |win0_V_4_load_6_reg_28978                                       |   32|   0|   32|          0|
    |win0_V_4_load_7_reg_28983                                       |   32|   0|   32|          0|
    |win0_V_4_load_8_reg_29028                                       |   32|   0|   32|          0|
    |win0_V_4_load_9_reg_29033                                       |   32|   0|   32|          0|
    |win0_V_4_load_reg_28828                                         |   32|   0|   32|          0|
    |win0_V_5_load_10_reg_29088                                      |   32|   0|   32|          0|
    |win0_V_5_load_11_reg_29093                                      |   32|   0|   32|          0|
    |win0_V_5_load_12_reg_29138                                      |   32|   0|   32|          0|
    |win0_V_5_load_13_reg_29143                                      |   32|   0|   32|          0|
    |win0_V_5_load_14_reg_29188                                      |   32|   0|   32|          0|
    |win0_V_5_load_15_reg_29193                                      |   32|   0|   32|          0|
    |win0_V_5_load_16_reg_29238                                      |   32|   0|   32|          0|
    |win0_V_5_load_17_reg_29243                                      |   32|   0|   32|          0|
    |win0_V_5_load_18_reg_29288                                      |   32|   0|   32|          0|
    |win0_V_5_load_19_reg_29293                                      |   32|   0|   32|          0|
    |win0_V_5_load_1_reg_28843                                       |   32|   0|   32|          0|
    |win0_V_5_load_20_reg_29338                                      |   32|   0|   32|          0|
    |win0_V_5_load_21_reg_29343                                      |   32|   0|   32|          0|
    |win0_V_5_load_22_reg_29388                                      |   32|   0|   32|          0|
    |win0_V_5_load_23_reg_29393                                      |   32|   0|   32|          0|
    |win0_V_5_load_24_reg_29438                                      |   32|   0|   32|          0|
    |win0_V_5_load_25_reg_29443                                      |   32|   0|   32|          0|
    |win0_V_5_load_26_reg_29488                                      |   32|   0|   32|          0|
    |win0_V_5_load_27_reg_29493                                      |   32|   0|   32|          0|
    |win0_V_5_load_28_reg_29538                                      |   32|   0|   32|          0|
    |win0_V_5_load_29_reg_29543                                      |   32|   0|   32|          0|
    |win0_V_5_load_2_reg_28888                                       |   32|   0|   32|          0|
    |win0_V_5_load_30_reg_29588                                      |   32|   0|   32|          0|
    |win0_V_5_load_31_reg_29593                                      |   32|   0|   32|          0|
    |win0_V_5_load_32_reg_29638                                      |   32|   0|   32|          0|
    |win0_V_5_load_33_reg_29643                                      |   32|   0|   32|          0|
    |win0_V_5_load_34_reg_29688                                      |   32|   0|   32|          0|
    |win0_V_5_load_35_reg_29693                                      |   32|   0|   32|          0|
    |win0_V_5_load_36_reg_29738                                      |   32|   0|   32|          0|
    |win0_V_5_load_37_reg_29743                                      |   32|   0|   32|          0|
    |win0_V_5_load_38_reg_29788                                      |   32|   0|   32|          0|
    |win0_V_5_load_39_reg_29793                                      |   32|   0|   32|          0|
    |win0_V_5_load_3_reg_28893                                       |   32|   0|   32|          0|
    |win0_V_5_load_40_reg_29838                                      |   32|   0|   32|          0|
    |win0_V_5_load_41_reg_29843                                      |   32|   0|   32|          0|
    |win0_V_5_load_42_reg_29888                                      |   32|   0|   32|          0|
    |win0_V_5_load_43_reg_29893                                      |   32|   0|   32|          0|
    |win0_V_5_load_44_reg_29938                                      |   32|   0|   32|          0|
    |win0_V_5_load_45_reg_29943                                      |   32|   0|   32|          0|
    |win0_V_5_load_46_reg_29988                                      |   32|   0|   32|          0|
    |win0_V_5_load_47_reg_29993                                      |   32|   0|   32|          0|
    |win0_V_5_load_48_reg_30038                                      |   32|   0|   32|          0|
    |win0_V_5_load_49_reg_30043                                      |   32|   0|   32|          0|
    |win0_V_5_load_4_reg_28938                                       |   32|   0|   32|          0|
    |win0_V_5_load_50_reg_30088                                      |   32|   0|   32|          0|
    |win0_V_5_load_51_reg_30093                                      |   32|   0|   32|          0|
    |win0_V_5_load_52_reg_30138                                      |   32|   0|   32|          0|
    |win0_V_5_load_53_reg_30143                                      |   32|   0|   32|          0|
    |win0_V_5_load_54_reg_30188                                      |   32|   0|   32|          0|
    |win0_V_5_load_55_reg_30193                                      |   32|   0|   32|          0|
    |win0_V_5_load_56_reg_30238                                      |   32|   0|   32|          0|
    |win0_V_5_load_57_reg_30243                                      |   32|   0|   32|          0|
    |win0_V_5_load_58_reg_30288                                      |   32|   0|   32|          0|
    |win0_V_5_load_59_reg_30293                                      |   32|   0|   32|          0|
    |win0_V_5_load_5_reg_28943                                       |   32|   0|   32|          0|
    |win0_V_5_load_60_reg_30338                                      |   32|   0|   32|          0|
    |win0_V_5_load_61_reg_30343                                      |   32|   0|   32|          0|
    |win0_V_5_load_6_reg_28988                                       |   32|   0|   32|          0|
    |win0_V_5_load_7_reg_28993                                       |   32|   0|   32|          0|
    |win0_V_5_load_8_reg_29038                                       |   32|   0|   32|          0|
    |win0_V_5_load_9_reg_29043                                       |   32|   0|   32|          0|
    |win0_V_5_load_reg_28838                                         |   32|   0|   32|          0|
    |win23_V_0_2_fu_972                                              |   31|   0|   31|          0|
    |win23_V_0_3_fu_1228                                             |   31|   0|   31|          0|
    |win23_V_0_4_reg_35072                                           |   31|   0|   31|          0|
    |win23_V_0_reg_35067                                             |   31|   0|   31|          0|
    |win23_V_10_2_fu_1012                                            |   31|   0|   31|          0|
    |win23_V_10_3_fu_1268                                            |   31|   0|   31|          0|
    |win23_V_10_4_reg_35172                                          |   31|   0|   31|          0|
    |win23_V_10_reg_35167                                            |   31|   0|   31|          0|
    |win23_V_11_2_fu_1016                                            |   31|   0|   31|          0|
    |win23_V_11_3_fu_1272                                            |   31|   0|   31|          0|
    |win23_V_11_4_reg_35182                                          |   31|   0|   31|          0|
    |win23_V_11_reg_35177                                            |   31|   0|   31|          0|
    |win23_V_12_2_fu_1020                                            |   31|   0|   31|          0|
    |win23_V_12_3_fu_1276                                            |   31|   0|   31|          0|
    |win23_V_12_4_reg_35192                                          |   31|   0|   31|          0|
    |win23_V_12_reg_35187                                            |   31|   0|   31|          0|
    |win23_V_13_2_fu_1024                                            |   31|   0|   31|          0|
    |win23_V_13_3_fu_1280                                            |   31|   0|   31|          0|
    |win23_V_13_4_reg_35202                                          |   31|   0|   31|          0|
    |win23_V_13_reg_35197                                            |   31|   0|   31|          0|
    |win23_V_14_2_fu_1028                                            |   31|   0|   31|          0|
    |win23_V_14_3_fu_1284                                            |   31|   0|   31|          0|
    |win23_V_14_4_reg_35212                                          |   31|   0|   31|          0|
    |win23_V_14_reg_35207                                            |   31|   0|   31|          0|
    |win23_V_15_2_fu_1032                                            |   31|   0|   31|          0|
    |win23_V_15_3_fu_1288                                            |   31|   0|   31|          0|
    |win23_V_15_4_reg_35222                                          |   31|   0|   31|          0|
    |win23_V_15_reg_35217                                            |   31|   0|   31|          0|
    |win23_V_16_2_fu_1036                                            |   31|   0|   31|          0|
    |win23_V_16_3_fu_1292                                            |   31|   0|   31|          0|
    |win23_V_16_4_reg_35232                                          |   31|   0|   31|          0|
    |win23_V_16_reg_35227                                            |   31|   0|   31|          0|
    |win23_V_17_2_fu_1040                                            |   31|   0|   31|          0|
    |win23_V_17_3_fu_1296                                            |   31|   0|   31|          0|
    |win23_V_17_4_reg_35242                                          |   31|   0|   31|          0|
    |win23_V_17_reg_35237                                            |   31|   0|   31|          0|
    |win23_V_18_2_fu_1044                                            |   31|   0|   31|          0|
    |win23_V_18_3_fu_1300                                            |   31|   0|   31|          0|
    |win23_V_18_4_reg_35252                                          |   31|   0|   31|          0|
    |win23_V_18_reg_35247                                            |   31|   0|   31|          0|
    |win23_V_19_2_fu_1048                                            |   31|   0|   31|          0|
    |win23_V_19_3_fu_1304                                            |   31|   0|   31|          0|
    |win23_V_19_4_reg_35262                                          |   31|   0|   31|          0|
    |win23_V_19_reg_35257                                            |   31|   0|   31|          0|
    |win23_V_1_2_fu_976                                              |   31|   0|   31|          0|
    |win23_V_1_3_fu_1232                                             |   31|   0|   31|          0|
    |win23_V_1_4_reg_35082                                           |   31|   0|   31|          0|
    |win23_V_1_79_reg_35077                                          |   31|   0|   31|          0|
    |win23_V_20_2_fu_1052                                            |   31|   0|   31|          0|
    |win23_V_20_3_fu_1308                                            |   31|   0|   31|          0|
    |win23_V_20_4_reg_35272                                          |   31|   0|   31|          0|
    |win23_V_20_reg_35267                                            |   31|   0|   31|          0|
    |win23_V_21_2_fu_1056                                            |   31|   0|   31|          0|
    |win23_V_21_3_fu_1312                                            |   31|   0|   31|          0|
    |win23_V_21_4_reg_35282                                          |   31|   0|   31|          0|
    |win23_V_21_reg_35277                                            |   31|   0|   31|          0|
    |win23_V_22_2_fu_1060                                            |   31|   0|   31|          0|
    |win23_V_22_3_fu_1316                                            |   31|   0|   31|          0|
    |win23_V_22_4_reg_35292                                          |   31|   0|   31|          0|
    |win23_V_22_reg_35287                                            |   31|   0|   31|          0|
    |win23_V_23_2_fu_1064                                            |   31|   0|   31|          0|
    |win23_V_23_3_fu_1320                                            |   31|   0|   31|          0|
    |win23_V_23_4_reg_35302                                          |   31|   0|   31|          0|
    |win23_V_23_reg_35297                                            |   31|   0|   31|          0|
    |win23_V_24_2_fu_1068                                            |   31|   0|   31|          0|
    |win23_V_24_3_fu_1324                                            |   31|   0|   31|          0|
    |win23_V_24_4_reg_35312                                          |   31|   0|   31|          0|
    |win23_V_24_reg_35307                                            |   31|   0|   31|          0|
    |win23_V_25_2_fu_1072                                            |   31|   0|   31|          0|
    |win23_V_25_3_fu_1328                                            |   31|   0|   31|          0|
    |win23_V_25_4_reg_35322                                          |   31|   0|   31|          0|
    |win23_V_25_reg_35317                                            |   31|   0|   31|          0|
    |win23_V_26_2_fu_1076                                            |   31|   0|   31|          0|
    |win23_V_26_3_fu_1332                                            |   31|   0|   31|          0|
    |win23_V_26_4_reg_35332                                          |   31|   0|   31|          0|
    |win23_V_26_reg_35327                                            |   31|   0|   31|          0|
    |win23_V_27_2_fu_1080                                            |   31|   0|   31|          0|
    |win23_V_27_3_fu_1336                                            |   31|   0|   31|          0|
    |win23_V_27_4_reg_35342                                          |   31|   0|   31|          0|
    |win23_V_27_reg_35337                                            |   31|   0|   31|          0|
    |win23_V_28_2_fu_1084                                            |   31|   0|   31|          0|
    |win23_V_28_3_fu_1340                                            |   31|   0|   31|          0|
    |win23_V_28_4_reg_35352                                          |   31|   0|   31|          0|
    |win23_V_28_reg_35347                                            |   31|   0|   31|          0|
    |win23_V_29_2_fu_1088                                            |   31|   0|   31|          0|
    |win23_V_29_3_fu_1344                                            |   31|   0|   31|          0|
    |win23_V_29_4_reg_35362                                          |   31|   0|   31|          0|
    |win23_V_29_reg_35357                                            |   31|   0|   31|          0|
    |win23_V_2_2_fu_980                                              |   31|   0|   31|          0|
    |win23_V_2_3_fu_1236                                             |   31|   0|   31|          0|
    |win23_V_2_4_reg_35092                                           |   31|   0|   31|          0|
    |win23_V_2_80_reg_35087                                          |   31|   0|   31|          0|
    |win23_V_30_2_fu_1092                                            |   31|   0|   31|          0|
    |win23_V_30_3_fu_1348                                            |   31|   0|   31|          0|
    |win23_V_30_4_reg_35372                                          |   31|   0|   31|          0|
    |win23_V_30_reg_35367                                            |   31|   0|   31|          0|
    |win23_V_31_2_fu_1096                                            |   31|   0|   31|          0|
    |win23_V_31_3_fu_1352                                            |   31|   0|   31|          0|
    |win23_V_31_4_reg_35382                                          |   31|   0|   31|          0|
    |win23_V_31_reg_35377                                            |   31|   0|   31|          0|
    |win23_V_32_2_fu_1100                                            |   31|   0|   31|          0|
    |win23_V_32_3_fu_1356                                            |   31|   0|   31|          0|
    |win23_V_32_4_reg_35392                                          |   31|   0|   31|          0|
    |win23_V_32_reg_35387                                            |   31|   0|   31|          0|
    |win23_V_33_2_fu_1104                                            |   31|   0|   31|          0|
    |win23_V_33_3_fu_1360                                            |   31|   0|   31|          0|
    |win23_V_33_4_reg_35402                                          |   31|   0|   31|          0|
    |win23_V_33_reg_35397                                            |   31|   0|   31|          0|
    |win23_V_34_2_fu_1108                                            |   31|   0|   31|          0|
    |win23_V_34_3_fu_1364                                            |   31|   0|   31|          0|
    |win23_V_34_4_reg_35412                                          |   31|   0|   31|          0|
    |win23_V_34_reg_35407                                            |   31|   0|   31|          0|
    |win23_V_35_2_fu_1112                                            |   31|   0|   31|          0|
    |win23_V_35_3_fu_1368                                            |   31|   0|   31|          0|
    |win23_V_35_4_reg_35422                                          |   31|   0|   31|          0|
    |win23_V_35_reg_35417                                            |   31|   0|   31|          0|
    |win23_V_36_2_fu_1116                                            |   31|   0|   31|          0|
    |win23_V_36_3_fu_1372                                            |   31|   0|   31|          0|
    |win23_V_36_4_reg_35432                                          |   31|   0|   31|          0|
    |win23_V_36_reg_35427                                            |   31|   0|   31|          0|
    |win23_V_37_2_fu_1120                                            |   31|   0|   31|          0|
    |win23_V_37_3_fu_1376                                            |   31|   0|   31|          0|
    |win23_V_37_4_reg_35442                                          |   31|   0|   31|          0|
    |win23_V_37_reg_35437                                            |   31|   0|   31|          0|
    |win23_V_38_2_fu_1124                                            |   31|   0|   31|          0|
    |win23_V_38_3_fu_1380                                            |   31|   0|   31|          0|
    |win23_V_38_4_reg_35452                                          |   31|   0|   31|          0|
    |win23_V_38_reg_35447                                            |   31|   0|   31|          0|
    |win23_V_39_2_fu_1128                                            |   31|   0|   31|          0|
    |win23_V_39_3_fu_1384                                            |   31|   0|   31|          0|
    |win23_V_39_4_reg_35462                                          |   31|   0|   31|          0|
    |win23_V_39_reg_35457                                            |   31|   0|   31|          0|
    |win23_V_3_2_fu_984                                              |   31|   0|   31|          0|
    |win23_V_3_3_fu_1240                                             |   31|   0|   31|          0|
    |win23_V_3_4_reg_35102                                           |   31|   0|   31|          0|
    |win23_V_3_81_reg_35097                                          |   31|   0|   31|          0|
    |win23_V_40_2_fu_1132                                            |   31|   0|   31|          0|
    |win23_V_40_3_fu_1388                                            |   31|   0|   31|          0|
    |win23_V_40_4_reg_35472                                          |   31|   0|   31|          0|
    |win23_V_40_reg_35467                                            |   31|   0|   31|          0|
    |win23_V_41_2_fu_1136                                            |   31|   0|   31|          0|
    |win23_V_41_3_fu_1392                                            |   31|   0|   31|          0|
    |win23_V_41_4_reg_35482                                          |   31|   0|   31|          0|
    |win23_V_41_reg_35477                                            |   31|   0|   31|          0|
    |win23_V_42_2_fu_1140                                            |   31|   0|   31|          0|
    |win23_V_42_3_fu_1396                                            |   31|   0|   31|          0|
    |win23_V_42_4_reg_35492                                          |   31|   0|   31|          0|
    |win23_V_42_reg_35487                                            |   31|   0|   31|          0|
    |win23_V_43_2_fu_1144                                            |   31|   0|   31|          0|
    |win23_V_43_3_fu_1400                                            |   31|   0|   31|          0|
    |win23_V_43_4_reg_35502                                          |   31|   0|   31|          0|
    |win23_V_43_reg_35497                                            |   31|   0|   31|          0|
    |win23_V_44_2_fu_1148                                            |   31|   0|   31|          0|
    |win23_V_44_3_fu_1404                                            |   31|   0|   31|          0|
    |win23_V_44_4_reg_35512                                          |   31|   0|   31|          0|
    |win23_V_44_reg_35507                                            |   31|   0|   31|          0|
    |win23_V_45_2_fu_1152                                            |   31|   0|   31|          0|
    |win23_V_45_3_fu_1408                                            |   31|   0|   31|          0|
    |win23_V_45_4_reg_35522                                          |   31|   0|   31|          0|
    |win23_V_45_reg_35517                                            |   31|   0|   31|          0|
    |win23_V_46_2_fu_1156                                            |   31|   0|   31|          0|
    |win23_V_46_3_fu_1412                                            |   31|   0|   31|          0|
    |win23_V_46_4_reg_35532                                          |   31|   0|   31|          0|
    |win23_V_46_reg_35527                                            |   31|   0|   31|          0|
    |win23_V_47_2_fu_1160                                            |   31|   0|   31|          0|
    |win23_V_47_3_fu_1416                                            |   31|   0|   31|          0|
    |win23_V_47_4_reg_35542                                          |   31|   0|   31|          0|
    |win23_V_47_reg_35537                                            |   31|   0|   31|          0|
    |win23_V_48_2_fu_1164                                            |   31|   0|   31|          0|
    |win23_V_48_3_fu_1420                                            |   31|   0|   31|          0|
    |win23_V_48_4_reg_35552                                          |   31|   0|   31|          0|
    |win23_V_48_reg_35547                                            |   31|   0|   31|          0|
    |win23_V_49_2_fu_1168                                            |   31|   0|   31|          0|
    |win23_V_49_3_fu_1424                                            |   31|   0|   31|          0|
    |win23_V_49_4_reg_35562                                          |   31|   0|   31|          0|
    |win23_V_49_reg_35557                                            |   31|   0|   31|          0|
    |win23_V_4_2_fu_988                                              |   31|   0|   31|          0|
    |win23_V_4_3_fu_1244                                             |   31|   0|   31|          0|
    |win23_V_4_4_reg_35112                                           |   31|   0|   31|          0|
    |win23_V_4_reg_35107                                             |   31|   0|   31|          0|
    |win23_V_50_2_fu_1172                                            |   31|   0|   31|          0|
    |win23_V_50_3_fu_1428                                            |   31|   0|   31|          0|
    |win23_V_50_4_reg_35572                                          |   31|   0|   31|          0|
    |win23_V_50_reg_35567                                            |   31|   0|   31|          0|
    |win23_V_51_2_fu_1176                                            |   31|   0|   31|          0|
    |win23_V_51_3_fu_1432                                            |   31|   0|   31|          0|
    |win23_V_51_4_reg_35582                                          |   31|   0|   31|          0|
    |win23_V_51_reg_35577                                            |   31|   0|   31|          0|
    |win23_V_52_2_fu_1180                                            |   31|   0|   31|          0|
    |win23_V_52_3_fu_1436                                            |   31|   0|   31|          0|
    |win23_V_52_4_reg_35592                                          |   31|   0|   31|          0|
    |win23_V_52_reg_35587                                            |   31|   0|   31|          0|
    |win23_V_53_2_fu_1184                                            |   31|   0|   31|          0|
    |win23_V_53_3_fu_1440                                            |   31|   0|   31|          0|
    |win23_V_53_4_reg_35602                                          |   31|   0|   31|          0|
    |win23_V_53_reg_35597                                            |   31|   0|   31|          0|
    |win23_V_54_2_fu_1188                                            |   31|   0|   31|          0|
    |win23_V_54_3_fu_1444                                            |   31|   0|   31|          0|
    |win23_V_54_4_reg_35612                                          |   31|   0|   31|          0|
    |win23_V_54_reg_35607                                            |   31|   0|   31|          0|
    |win23_V_55_2_fu_1192                                            |   31|   0|   31|          0|
    |win23_V_55_3_fu_1448                                            |   31|   0|   31|          0|
    |win23_V_55_4_reg_35622                                          |   31|   0|   31|          0|
    |win23_V_55_reg_35617                                            |   31|   0|   31|          0|
    |win23_V_56_2_fu_1196                                            |   31|   0|   31|          0|
    |win23_V_56_3_fu_1452                                            |   31|   0|   31|          0|
    |win23_V_56_4_reg_35632                                          |   31|   0|   31|          0|
    |win23_V_56_reg_35627                                            |   31|   0|   31|          0|
    |win23_V_57_2_fu_1200                                            |   31|   0|   31|          0|
    |win23_V_57_3_fu_1456                                            |   31|   0|   31|          0|
    |win23_V_57_4_reg_35642                                          |   31|   0|   31|          0|
    |win23_V_57_reg_35637                                            |   31|   0|   31|          0|
    |win23_V_58_2_fu_1204                                            |   31|   0|   31|          0|
    |win23_V_58_3_fu_1460                                            |   31|   0|   31|          0|
    |win23_V_58_4_reg_35652                                          |   31|   0|   31|          0|
    |win23_V_58_reg_35647                                            |   31|   0|   31|          0|
    |win23_V_59_2_fu_1208                                            |   31|   0|   31|          0|
    |win23_V_59_3_fu_1464                                            |   31|   0|   31|          0|
    |win23_V_59_4_reg_35662                                          |   31|   0|   31|          0|
    |win23_V_59_reg_35657                                            |   31|   0|   31|          0|
    |win23_V_5_2_fu_992                                              |   31|   0|   31|          0|
    |win23_V_5_3_fu_1248                                             |   31|   0|   31|          0|
    |win23_V_5_4_reg_35122                                           |   31|   0|   31|          0|
    |win23_V_5_reg_35117                                             |   31|   0|   31|          0|
    |win23_V_60_2_fu_1212                                            |   31|   0|   31|          0|
    |win23_V_60_3_fu_1468                                            |   31|   0|   31|          0|
    |win23_V_60_4_reg_35672                                          |   31|   0|   31|          0|
    |win23_V_60_reg_35667                                            |   31|   0|   31|          0|
    |win23_V_61_2_fu_1216                                            |   31|   0|   31|          0|
    |win23_V_61_3_fu_1472                                            |   31|   0|   31|          0|
    |win23_V_61_4_reg_35682                                          |   31|   0|   31|          0|
    |win23_V_61_reg_35677                                            |   31|   0|   31|          0|
    |win23_V_62_2_fu_1220                                            |   31|   0|   31|          0|
    |win23_V_62_3_fu_1476                                            |   31|   0|   31|          0|
    |win23_V_62_4_reg_35692                                          |   31|   0|   31|          0|
    |win23_V_62_reg_35687                                            |   31|   0|   31|          0|
    |win23_V_63_2_fu_1224                                            |   31|   0|   31|          0|
    |win23_V_63_3_fu_1480                                            |   31|   0|   31|          0|
    |win23_V_63_4_reg_35702                                          |   31|   0|   31|          0|
    |win23_V_63_reg_35697                                            |   31|   0|   31|          0|
    |win23_V_6_2_fu_996                                              |   31|   0|   31|          0|
    |win23_V_6_3_fu_1252                                             |   31|   0|   31|          0|
    |win23_V_6_4_reg_35132                                           |   31|   0|   31|          0|
    |win23_V_6_reg_35127                                             |   31|   0|   31|          0|
    |win23_V_7_2_fu_1000                                             |   31|   0|   31|          0|
    |win23_V_7_3_fu_1256                                             |   31|   0|   31|          0|
    |win23_V_7_4_reg_35142                                           |   31|   0|   31|          0|
    |win23_V_7_reg_35137                                             |   31|   0|   31|          0|
    |win23_V_8_2_fu_1004                                             |   31|   0|   31|          0|
    |win23_V_8_3_fu_1260                                             |   31|   0|   31|          0|
    |win23_V_8_4_reg_35152                                           |   31|   0|   31|          0|
    |win23_V_8_reg_35147                                             |   31|   0|   31|          0|
    |win23_V_9_2_fu_1008                                             |   31|   0|   31|          0|
    |win23_V_9_3_fu_1264                                             |   31|   0|   31|          0|
    |win23_V_9_4_reg_35162                                           |   31|   0|   31|          0|
    |win23_V_9_reg_35157                                             |   31|   0|   31|          0|
    |zext_ln127_reg_32385                                            |    7|   0|   64|         57|
    +----------------------------------------------------------------+-----+----+-----+-----------+
    |Total                                                           |49605|   0|49911|        306|
    +----------------------------------------------------------------+-----+----+-----+-----------+



================================================================
== Interface
================================================================
* Summary: 
+-------------------+-----+-----+------------+---------------------+--------------+
|     RTL Ports     | Dir | Bits|  Protocol  |    Source Object    |    C Type    |
+-------------------+-----+-----+------------+---------------------+--------------+
|ap_clk             |   in|    1|  ap_ctrl_hs|       ecg_classifier|  return value|
|ap_rst_n           |   in|    1|  ap_ctrl_hs|       ecg_classifier|  return value|
|ap_start           |   in|    1|  ap_ctrl_hs|       ecg_classifier|  return value|
|ap_done            |  out|    1|  ap_ctrl_hs|       ecg_classifier|  return value|
|ap_idle            |  out|    1|  ap_ctrl_hs|       ecg_classifier|  return value|
|ap_ready           |  out|    1|  ap_ctrl_hs|       ecg_classifier|  return value|
|in_stream_TDATA    |   in|   32|        axis|   in_stream_V_data_V|       pointer|
|in_stream_TVALID   |   in|    1|        axis|   in_stream_V_dest_V|       pointer|
|in_stream_TREADY   |  out|    1|        axis|   in_stream_V_dest_V|       pointer|
|in_stream_TDEST    |   in|    1|        axis|   in_stream_V_dest_V|       pointer|
|in_stream_TKEEP    |   in|    4|        axis|   in_stream_V_keep_V|       pointer|
|in_stream_TSTRB    |   in|    4|        axis|   in_stream_V_strb_V|       pointer|
|in_stream_TUSER    |   in|    1|        axis|   in_stream_V_user_V|       pointer|
|in_stream_TLAST    |   in|    1|        axis|   in_stream_V_last_V|       pointer|
|in_stream_TID      |   in|    1|        axis|     in_stream_V_id_V|       pointer|
|out_stream_TDATA   |  out|   32|        axis|  out_stream_V_data_V|       pointer|
|out_stream_TVALID  |  out|    1|        axis|  out_stream_V_dest_V|       pointer|
|out_stream_TREADY  |   in|    1|        axis|  out_stream_V_dest_V|       pointer|
|out_stream_TDEST   |  out|    1|        axis|  out_stream_V_dest_V|       pointer|
|out_stream_TKEEP   |  out|    4|        axis|  out_stream_V_keep_V|       pointer|
|out_stream_TSTRB   |  out|    4|        axis|  out_stream_V_strb_V|       pointer|
|out_stream_TUSER   |  out|    1|        axis|  out_stream_V_user_V|       pointer|
|out_stream_TLAST   |  out|    1|        axis|  out_stream_V_last_V|       pointer|
|out_stream_TID     |  out|    1|        axis|    out_stream_V_id_V|       pointer|
+-------------------+-----+-----+------------+---------------------+--------------+

