16.657160
-1.116710
-2.593128
-13.208562
-2.929111
17.302618
-25.425999
-2.266893
-14.788021
-11.396458
-4.883216
3.924268
-6.197314
17.060984
5.838056
-6.676555
-1.189478
2.158752
-6.621768
-1.751832
-2.245918
18.636593
-12.721499
-9.499757
-16.829378
10.230143
14.748415
1.692780
18.193007
-13.147887
15.615326
11.365692
-27.641001
5.298495
27.546804
16.190989
7.126815
6.168233
-6.768238
-11.134067
4.437045
14.035863
-18.565062
-12.710445
4.512026
-1.321601
-0.858199
9.813978
9.850802
16.106422
-16.910740
-4.751943
-11.140238
3.418433
-6.182506
-15.420105
9.560057
-18.500427
10.895411
2.945947
17.507742
-1.165900
-2.435203
-10.778781
-17.452511
-12.515856
-12.189507
2.424921
13.814013
-0.497775
16.868519
-9.768058
-8.120878
-14.870756
-16.460869
9.567991
0.125983
-0.713055
10.793987
9.470852
3.958020
7.647837
-8.328741
-11.121287
0.294546
10.981744
-2.261942
-20.288263
-13.275517
-0.639377
-16.925373
-2.323861
-1.790850
-16.742664
-2.329769
-15.583128
-26.655043
10.528526
24.000984
-19.601244
13.284296
-23.954203
-2.425694
-7.191269
10.422713
0.078112
-24.272938
-1.712945
-6.580991
-5.337576
-9.637334
16.310865
-6.256730
-12.073923
-2.947806
18.697783
6.345880
5.827199
-11.084418
-8.578777
-20.535507
-3.519733
7.896583
13.385750
6.128578
-5.018236
7.543568
12.511371
-10.667932
-15.065660
7.062177
16.974043
10.832010
18.659842
29.150869
13.266772
-5.274998
-7.872125
16.123886
1.402449
-10.116026
15.597537
2.304672
3.003439
-4.399720
9.883830
3.799478
7.614638
-2.442497
8.382042
8.408060
-6.745645
-2.478250
-1.963850
-15.252769
-0.801211
-21.786724
7.523455
-16.064100
13.365896
-11.680054
-2.498926
12.387002
9.863423
0.702337
8.075913
5.667518
-0.119542
15.596246
-4.232956
-1.834260
10.928798
-19.016148
6.873932
-9.991461
15.975883
14.825951
-8.112372
6.786993
10.842647
13.323831
-7.452391
-16.129166
1.042748
13.044595
15.496037
-9.972369
13.529733
18.621992
16.800697
-3.379391
-4.818389
-12.132191
-8.672163
11.351876
-14.735600
3.657307
-5.457939
-23.306807
12.377910
5.056091
-1.282400
-9.354417
10.801105
-18.726181
6.202091
-0.493130
12.954097
-4.932444
-10.026278
-1.327828
-6.038839
-3.809979
-18.432217
15.290664
-22.845047
-7.275270
-8.924723
-11.547780
1.065297
-7.630704
14.970495
-1.098532
15.294376
-20.994083
12.159637
-19.291824
26.287048
1.437129
18.291986
-1.544379
4.457751
2.341751
-12.228545
-15.557836
15.116086
5.644799
-6.094569
16.029282
12.035764
-4.846496
10.974434
2.138906
-2.287883
22.088001
-4.549104
8.978791
9.428777
-0.801676
10.238649
14.197703
11.284467
-15.570140
-23.867558
-10.890859
-6.236340
-12.089789
-9.339334
2.056768
-18.776968
3.436234
-1.490563
6.240277
-9.011470
-7.851993
6.400620
-13.015266
10.957464
-15.449886
-16.808357
2.870941
-7.214225
-2.146926
15.459077
-20.149973
-3.468950
10.904300
-7.622407
8.856040
-10.535114
7.517520
-3.222923
14.796052
-1.300390
2.655331
-17.305758
25.707966
18.352074
23.135588
-4.489738
-6.198212
7.376018
5.741304
-14.313439
-12.994915
7.879658
17.488142
6.465461
-21.263937
11.465083
19.506830
-3.898802
10.089011
12.529085
5.765120
0.495199
13.430632
-14.089225
-18.427835
-0.988896
11.959488
4.027491
8.982215
1.852590
14.995845
-12.807231
21.865711
-2.152329
12.144362
-3.821864
5.405537
11.153337
1.039206
-14.237902
13.237362
10.415263
-32.458996
6.738785
-10.525431
0.157040
-2.246812
-12.326967
11.196694
15.254622
-21.728769
2.653556
-4.535234
-13.326923
-14.714368
-4.280274
-6.848704
-15.322879
11.985483
-15.299746
-8.725448
-20.918825
5.743373
-9.621169
12.812493
18.642006
-6.980080
-11.036566
-2.745826
-1.729871
8.532146
12.652007
-15.682716
-7.033629
1.319408
-3.345570
20.854799
13.650887
4.753334
-2.024647
8.800817
9.227103
-12.521480
3.182069
15.762839
-8.359490
-15.314845
6.164114
13.894543
-7.526630
-2.455627
18.229139
7.548616
-3.874273
-3.006533
11.820695
-17.687349
-2.957431
-10.935441
-22.325424
-1.707012
8.969029
4.757203
18.422213
-1.509143
-24.830618
-29.061430
-3.799500
-2.109163
14.482733
-14.062993
-11.914927
-6.897591
-13.307804
4.544245
8.991080
-13.401686
13.195816
23.293150
-4.485570
4.989169
20.980124
-19.114281
5.333239
-7.723107
-16.883215
-28.549059
-9.581466
11.293281
-3.725343
17.821606
-22.150448
15.374342
-10.400708
24.324169
-16.805531
-9.545218
-6.873830
-8.505934
-17.462875
-9.571122
-7.374307
26.315317
-1.138235
18.983740
-5.041960
-4.769310
-1.936288
15.869877
-0.951476
1.326003
12.373909
12.498933
6.655543
-9.439594
-5.410947
-13.870009
-20.031898
19.014431
16.869762
5.007923
-3.556338
1.066419
11.201829
10.219094
-3.321518
5.941138
-19.850878
-5.145751
-19.363543
2.090336
-11.667873
-19.129917
-11.095659
-10.566743
-14.794250
-9.789499
-0.219420
-24.928797
6.572043
13.901114
-16.183979
-4.159342
5.164432
-1.618938
12.165326
-0.175659
12.301658
20.923344
15.673272
8.418890
-0.305690
-5.139184
-17.777584
-9.384540
-0.115967
19.602617
5.033658
7.264640
-11.355595
-6.545681
17.925911
2.526794
13.299520
4.027251
11.646399
-16.716419
-5.095061
7.326909
-11.966160
-17.712341
16.208879
-14.937709
11.288016
-16.757603
-8.883976
-12.167971
4.505618
8.790367
-2.329483
-7.293367
-14.810609
3.616769
0.304207
-4.357725
11.022427
-8.375649
-6.945595
-14.167833
-7.536523
10.834809
15.961714
-13.733733
-17.907728
-30.205544
8.332700
-12.580463
11.687244
20.781599
0.551617
-1.441669
-14.701846
7.590887
-7.539011
1.308963
-17.526505
-4.863769
13.123934
-3.414003
17.225929
10.792977
-5.131727
-1.683688
20.563293
18.357721
-11.691022
24.445314
19.213520
-0.040724
-17.991238
-18.170982
-13.390966
20.631874
-18.219915
11.176524
11.095448
5.628056
0.897578
-0.407813
13.448112
23.970673
6.537880
6.321223
1.423336
-2.505351
-12.872929
6.058090
-8.245912
-11.625343
-1.966960
-17.240770
-0.423007
-3.196057
-7.210915
8.616795
-13.900474
16.953392
-17.224882
14.207156
19.319401
-12.023153
-8.947618
-8.327433
-4.715106
4.135942
0.603773
-4.591852
-10.432101
3.784614
-7.439373
9.809817
9.569500
5.291484
-3.543384
11.718810
5.055735
-18.301834
-7.938404
9.412924
-15.786119
11.796763
7.988773
-11.110080
-20.382151
-8.729548
-20.411808
-1.771393
0.321415
-24.273630
11.921900
23.867579
-1.421214
0.795818
-15.448023
-24.445099
-11.966660
19.250864
-18.174181
-8.120131
-14.689510
-1.390739
12.696230
9.726029
-13.984830
-6.657562
-16.513826
21.970846
2.257743
-18.578951
-2.890102
4.084917
-12.188579
-4.340757
11.667026
-10.476290
-11.748906
13.883744
-7.896174
12.833771
-4.637249
7.254299
10.254764
-6.436928
17.422611
13.399961
5.309071
18.104893
10.594338
-2.561130
-5.209493
12.937384
9.690056
26.592747
-7.685172
-5.999529
1.522036
11.027180
1.887558
10.954609
13.432368
19.309174
11.242923
0.442632
8.340211
-9.032362
-1.023782
-6.005227
-9.718117
-6.328182
12.438622
10.846189
-8.371264
-31.950636
6.806178
-26.288603
0.368985
-9.870566
-3.422842
12.264732
-11.993273
-19.063549
10.171342
4.122849
-22.855818
-1.823982
5.575243
14.465094
-6.068587
-2.355917
13.811005
13.593654
-7.582575
17.847925
-6.051879
-0.327918
-16.700186
-8.987718
6.160189
-9.538540
9.698240
13.980799
-11.651426
6.414748
-6.460281
-15.970844
-13.242973
22.727615
20.779444
3.491086
15.367381
18.019091
-13.062423
7.804794
-15.479569
-1.984959
-1.650768
26.269650
-5.974930
-11.152261
-2.151115
21.830721
2.145083
-5.876270
17.674412
22.403315
6.586079
1.866448
-4.599663
19.111015
8.944302
-8.568563
2.614528
-14.491531
-4.523664
-14.469621
-5.126255
32.505127
10.881137
-13.608101
3.908438
0.180069
-13.062235
31.489252
13.740868
26.531317
-0.942191
8.906855
-9.334648
12.584686
-8.181470
-6.114872
-8.917640
-0.978401
1.293727
16.444397
-10.004621
-18.916414
14.860082
6.136549
6.249977
0.107822
-6.216862
-11.025938
12.202593
16.440716
1.479031
20.098093
2.867919
-13.662056
-3.309996
-2.209867
21.437500
6.539702
-1.589929
12.736668
4.796041
-13.640517
17.169132
15.489573
2.261798
21.022064
-1.243304
-15.906206
0.142680
-20.480700
-10.166389
10.067064
-8.600327
-13.493476
-4.668933
-6.868396
-11.987063
-6.528205
12.511888
8.040624
1.785609
15.860150
14.030859
12.011972
-4.380130
-2.263001
-6.110194
1.057568
3.473374
-22.398201
15.107593
16.678907
-17.519663
3.077979
-5.058291
-8.689740
-15.641064
-3.119902
-1.468722
7.259476
0.834359
14.827709
1.158340
7.064700
10.714771
11.525848
11.551487
4.005713
-1.611718
8.251373
1.818945
-20.977798
9.575774
0.773400
3.825369
-18.333939
8.015479
14.783297
3.478491
-4.912148
18.872557
0.700884
-22.374352
12.551208
-9.156415
-2.726084
15.993421
-1.587435
1.005298
23.175402
-11.983068
-10.958458
0.406009
10.532881
12.512148
11.296511
-14.209853
6.185678
5.535852
2.317695
-5.221803
-22.694862
8.197354
1.895565
19.781445
8.771788
4.330893
13.912793
17.089018
-0.763903
-2.057489
-4.966100
0.307896
-14.297571
22.955347
8.602368
-3.021521
3.770184
-16.266962
6.997404
10.252657
1.798264
-2.240407
-2.824783
2.164246
26.926363
-13.370480
-0.173383
7.759876
4.025956
-2.523559
-12.781585
9.137447
7.371950
-8.674503
-14.225469
-8.975241
-10.557565
15.123856
-0.253289
18.391638
-9.989785
16.072458
19.897863
2.131576
-9.894602
6.325465
-9.372366
4.987275
-7.124207
-17.731073
-9.880374
21.620033
-28.518398
-0.717516
1.124177
-12.154303
-5.052567
-13.153371
6.593225
-11.171584
-23.673048
2.051144
-6.698063
-6.095947
21.479137
-5.765572
-10.704858
-5.059470
-1.958733
-20.553631
-1.794511
-7.335815
-13.754821
0.341559
-13.775657
9.690341
-8.073649
-9.129390
-3.332925
6.741475
-11.618149
-5.715780
7.862977
-2.480620
-4.294089
4.410876
-7.240842
11.119741
26.616219
8.837860
-1.987591
-0.412318
13.397073
-14.540146
-6.419160
-13.920744
13.914263
-10.522362
-13.271832
7.180658
9.357152
7.149327
-2.114218
-1.142248
-19.446943
-2.343619
-10.962334
5.649220
-0.781068
7.372019
0.370505
14.623082
-16.302263
-2.334262
13.478174
-0.478253
-33.815575
-12.623908
-13.822365
5.620052
-22.566456
12.859158
-4.582271
-16.137026
-7.889608
-3.285064
-12.063997
2.502069
-2.365411
2.720980
10.904233
14.822942
-13.278226
-13.875505
16.530642
-18.662600
11.339265
1.891611
1.729736
-14.801754
-26.496601
2.417367
-7.468771
-3.898116
-14.859829
25.207165
16.269981
-10.430894
-14.006686
13.370387
18.586864
-4.928144
-17.228218
-5.755871
-11.850181
-11.946959
-12.567401
9.282652
11.873751
0.646179
15.733027
-0.461535
5.297963
-0.969597
6.759412
-4.759903
-21.958941
-7.721814
20.305925
8.077160
3.414785
-16.121447
-7.407079
5.468632
-18.624838
-14.840306
7.711325
11.240715
-0.608449
-3.657443
4.791467
-14.007119
-3.222075
-4.020496
-21.404541
5.940178
12.962283
-2.697811
-5.846323
-10.354255
-0.540341
7.765736
-18.301617
-6.375784
-8.411244
15.277338
8.260037
-19.923971
-14.329302
-19.487186
-7.106975
0.800585
0.648673
9.893360
7.356794
-9.177356
30.803097
-17.714676
11.725232
-29.590765
-2.388053
19.232492
11.447224
16.274614
-0.292563
4.892402
-22.277050
10.565010
-3.891315
-5.433783
18.740622
6.317328
0.929871
1.634736
-11.801479
-11.896145
-4.126579
-2.634254
8.874140
3.215936
-11.130310
-1.562993
15.833431
15.341249
6.585942
-10.952970
0.861715
-17.207270
-3.458075
-6.648788
-12.995297
-7.374603
-6.805470
12.038978
-9.504849
0.762891
-18.885300
-5.101832
18.847124
8.207513
-1.071432
-3.818375
2.089786
-2.450790
2.715275
6.637345
-15.022901
5.170685
-15.161767
3.257860
-7.881850
-14.098988
-16.901228
5.986327
17.400234
-9.610300
11.243772
-24.490685
-16.034023
-11.458022
-20.962971
3.085809
-23.963238
-27.862257
15.993898
-22.170671
8.846969
12.538877
17.154367
10.585901
-23.687094
-9.307312
3.454940
-14.957363
-10.303005
-16.635332
4.725531
-1.536502
-11.705391
1.410609
-13.729348
7.614484
-12.922055
0.884737
-25.219543
0.120217
-6.724456
-10.178153
18.655725
-14.124928
-2.842332
8.015625
3.827747
13.127857
6.052828
-16.904926
-2.401758
-19.609009
-29.144297
-15.006765
-11.855536
-8.053887
-16.316307
15.444160
4.444586
-16.338873
-6.046089
-0.893086
6.238822
-5.029413
24.431240
-8.200055
-3.949419
-4.006864
-11.853601
-5.340441
-5.395660
10.748826
16.560753
-5.537242
-27.713604
-20.812370
-7.918011
14.810737
8.600832
12.114313
24.060474
19.076797
14.618028
7.478610
-0.345686
-2.365879
11.077839
-6.962239
-10.265356
-1.392903
-3.334722
-9.004420
-12.307350
-7.598661
3.434408
-8.497575
-9.833487
12.280346
4.958734
-12.296076
-2.766940
-11.321758
-7.947891
-12.473813
14.950206
-15.327436
10.187372
21.241060
-2.542717
-6.100612
-1.148464
1.909727
-9.288369
-4.892426
0.520984
-12.467203
-25.265402
3.941243
9.695916
8.700989
-26.104078
2.121739
7.111309
-15.037657
-7.489540
-2.039241
-0.098374
5.213982
-11.900924
-13.971116
4.572671
-10.223451
6.596135
-22.285610
6.761311
1.319964
-24.352610
-6.443793
-26.226055
20.380585
19.510059
-14.780151
-8.232658
9.023438
-6.690881
-12.132310
18.622751
13.193565
4.692448
12.688869
-4.924420
-0.995940
-26.710705
-3.024321
-7.923217
-0.265425
19.448538
-13.464930
-2.735618
-13.014085
-0.125850
10.224892
13.956988
3.869342
5.753772
3.046238
-9.745497
19.129255
13.417755
16.579662
-13.809880
-2.525554
6.425388
2.148283
11.769930
-13.518768
-3.789954
-16.284090
-1.446252
-12.126411
14.440577
6.278477
-11.183226
-9.743647
12.417281
10.167357
9.123485
18.811832
-9.689036
10.460147
3.318707
-12.395384
0.848753
4.899928
-7.780285
13.115831
-7.056937
9.928622
-8.175238
12.393207
15.456152
10.889242
-10.641473
-2.373983
-1.775605
11.972277
8.213365
9.297479
4.757592
20.059181
-4.085128
4.611075
-5.370725
7.618373
1.602593
-3.351570
11.830594
0.824158
-21.137465
5.328429
-20.160355
8.650387
-12.366696
1.823844
-6.737304
0.363185
9.577550
2.891732
-12.333358
-11.013316
-18.659269
12.571515
-0.279428
-12.682370
16.689625
-17.966276
1.078626
-7.447198
-5.874920
11.370967
-7.871494
-12.337645
-0.079248
-21.083496
-19.507444
-11.195376
-12.428756
-8.803061
-1.681812
-6.959171
5.924644
-9.330166
23.321543
-2.711408
-0.045530
2.471225
18.605690
1.583349
9.473094
14.015779
-16.643499
2.410015
-13.802756
18.692205
9.946790
10.465247
18.755281
4.536017
-27.493904
15.237671
-2.925950
-10.459098
22.893179
-15.657504
4.415372
-3.838516
11.567818
13.250454
19.795223
-3.853713
-23.703115
-10.017102
11.316672
-9.175061
-11.228716
9.371487
-2.471910
1.264147
-3.648877
1.180035
-8.870342
-7.343653
0.831043
-7.942040
8.620964
-11.790854
-13.507135
-11.937688
-19.524467
3.960799
9.004035
18.412270
14.717892
-7.406992
4.639014
16.233431
-8.096584
-3.901502
-11.218215
16.678415
9.246619
-8.275070
-15.960904
3.916728
-20.806839
6.444828
21.382027
-2.900236
-1.952778
-1.845218
9.600166
-0.945993
-14.438427
11.579911
-6.102419
-0.133949
3.991450
3.586464
-30.572643
-10.813954
-7.652964
13.366633
-0.997634
17.412525
-23.354927
12.405889
6.746667
-14.361563
-15.444221
1.201348
9.197539
12.516516
-13.820947
-0.789415
-11.557142
-5.338621
3.355222
-10.431751
13.504560
-10.894024
-6.745351
11.837832
-11.317480
5.059738
-12.617208
5.904736
-10.802648
11.945428
4.714629
13.502496
12.961007
-6.693338
10.974286
11.332082
-1.280968
-18.648262
-16.652573
-3.241182
9.527671
10.513744
-5.532303
-24.342810
13.509658
12.674201
-17.974808
-0.819799
2.435136
-9.551730
-17.614983
3.643679
-26.602425
-9.675141
11.862642
16.564371
-12.534124
15.165019
6.362167
-2.695931
15.425690
21.858932
-6.477669
6.198717
-21.756779
6.477677
23.576498
15.541481
-17.855040
-18.890871
-15.068777
-7.450978
-6.757010
-5.904828
0.531070
-18.567533
12.724837
-0.143813
-2.460890
-4.227906
-28.209261
-10.430670
8.157955
-11.158566
17.084164
-16.219870
-2.382363
13.924948
11.525700
16.145178
-10.283895
-14.579023
-13.671773
6.536820
15.832600
-12.015374
-0.330501
6.876541
7.778950
8.475731
5.772255
-10.983613
-7.022702
17.843130
1.067461
-14.281534
14.702560
11.935603
27.637228
1.958174
-10.199829
1.065623
-14.570377
-10.627888
-7.935601
3.004197
-8.072303
-10.882908
-4.531986
1.042926
-9.481930
-5.722416
-3.073986
-0.967480
-13.418351
-11.172118
13.017101
4.474249
-19.077948
-6.269015
-13.848880
-15.756867
12.049764
14.933023
15.418665
-6.997397
23.291754
3.676664
-6.816055
7.635426
-2.272607
-10.125003
-10.131120
-8.880209
-14.051977
11.320241
12.922382
-0.979282
2.124670
-10.490509
7.510693
12.960448
-5.653947
-6.289945
-2.565848
-7.202537
2.953740
16.562790
12.913808
10.386618
0.234799
10.214320
-21.645252
-15.900461
9.256401
16.197472
9.910995
10.388005
8.932782
-0.786013
-10.311295
-13.531311
1.831543
-12.598372
-17.112339
0.824446
-18.480167
-0.995879
-4.664341
15.349967
15.908739
9.653216
-0.196839
-2.399332
-4.445328
-3.443159
-13.936427
-11.604563
-15.111362
18.753817
3.555707
-5.576401
28.340517
11.691506
-9.986437
-24.474197
-25.968283
0.331421
3.583013
7.986441
-0.322673
-16.260168
12.220801
12.236234
-4.237440
4.839625
-4.340280
2.224974
13.691723
18.741816
7.336111
-1.810840
-18.230692
5.983101
0.109708
15.466224
2.475388
-13.964795
11.177997
1.748936
-14.035933
15.661197
-25.712915
-15.734436
-13.208868
-4.847282
4.471262
-12.579013
11.497034
7.547860
-7.109448
9.518304
16.604733
-14.739380
-6.147191
8.814279
-27.956259
-5.387851
-5.367778
14.259333
15.726955
14.537591
14.230049
-2.273686
2.992787
0.354502
10.390582
0.484097
7.868372
-2.713808
-12.094812
-16.105806
2.940556
11.016190
-1.189614
13.799023
5.936940
-3.950779
-0.816058
15.842514
-18.504519
-12.436324
-28.892550
-3.427604
-13.492736
6.050769
16.574726
2.769389
7.393173
-16.523901
-10.867828
-4.642608
1.472074
-11.472343
16.283228
13.479512
-18.859814
0.553795
-10.882565
15.648759
-3.062480
-7.677985
3.044921
-14.271754
15.399853
2.451084
14.135818
15.066371
-14.013679
-14.874037
11.611293
12.084089
1.201720
13.593252
-7.900009
-12.715965
-10.604820
0.661792
-15.175496
18.776083
9.762277
-2.844461
12.774152
2.789282
1.346274
7.717684
4.683218
-19.662512
-3.344849
-3.240591
-11.635561
-0.516516
2.421402
-7.005495
7.384475
-2.547630
-13.553981
15.201090
-19.685320
-13.864367
19.893234
-9.352057
23.058657
-7.511029
-9.520998
19.171240
-8.738939
-12.734682
-17.639130
14.943888
15.605187
-18.919655
-11.309487
-14.444495
-1.483275
4.213411
22.779711
-16.909464
14.102515
4.048978
18.194586
-7.200165
18.143259
-16.874153
-16.844114
-9.191969
-22.870218
12.295922
13.936537
18.543211
-22.292318
-6.854196
11.478819
0.944541
-19.727221
21.581581
1.018210
-7.098691
18.306284
-4.795265
-0.717360
-20.372826
-10.252970
7.108368
22.462166
8.362979
1.980350
12.411353
6.061197
-8.287628
19.248550
16.625195
-5.067292
2.997674
-6.279541
-16.495047
13.133459
-4.461424
0.981486
-9.732068
8.985518
0.335971
0.337025
11.382490
15.248995
-3.939819
6.274135
17.499128
13.585249
-6.307590
-1.970476
-3.285998
-21.709141
-9.300740
-14.871562
-7.687321
-3.662463
16.954601
8.606145
13.799152
-0.060541
-5.630969
12.696843
2.002516
17.463917
16.462252
14.167333
8.460433
-2.155651
4.756409
-7.296959
5.730546
-15.643138
13.603127
24.152901
-1.266879
-1.646171
15.489963
-15.243482
10.411027
12.142132
-6.656379
8.939217
15.412742
5.247962
7.640343
-9.201197
-1.344249
-25.439249
-12.114992
-18.512691
-8.650958
5.893064
8.395750
-17.769066
-2.852240
-18.593504
-6.878262
6.699326
1.281487
-5.167732
8.606311
9.343267
-14.338010
-12.763463
0.845816
-18.930103
16.279427
9.131627
9.540555
12.458004
-3.258186
-19.122395
-0.234934
-28.517910
-3.529083
-5.082673
-20.946951
-0.654087
-23.222462
-5.942106
6.211523
1.997650
-12.636698
-16.506725
16.082714
19.349770
7.154241
-17.266766
-9.748857
10.470366
-15.525619
-12.591800
-9.017356
-1.607999
4.309576
10.927676
-19.770191
20.865139
13.206684
8.866342
-1.560993
15.268821
2.955885
1.753614
1.011448
-13.671499
16.520226
7.617613
4.488022
-15.723846
-22.365602
-18.281012
13.777807
-19.727419
-1.365165
-6.280028
-10.686163
2.618468
17.454119
8.256759
2.940669
-13.781376
-12.019672
-22.773632
-10.142188
12.525565
13.332295
12.875932
-22.841860
16.663855
-3.433691
-27.983038
-8.836646
-23.203026
5.660239
14.792576
-21.531078
-22.008896
8.337282
-16.578226
-6.979976
11.979168
-21.207069
-6.218921
-17.273005
8.204472
7.825735
3.689356
0.119465
-15.138247
-4.516329
15.610867
-6.564558
15.825745
18.030209
-13.292877
-2.077891
-15.844059
-3.894862
8.265848
-11.707644
-4.302491
17.899664
17.353479
-17.735384
19.007162
-7.998188
14.127892
-16.594578
10.779771
16.944275
-7.030756
13.062727
14.685547
-14.904075
-16.655369
17.309408
8.686280
-4.474918
-12.987436
8.028828
-12.131433
-12.952134
21.572578
-11.520547
-1.750810
-11.996084
19.374535
8.293202
2.463782
3.960800
-7.429783
22.241686
-3.196840
-9.552090
3.938990
4.457438
-14.352378
4.274834
18.888109
12.146686
14.880245
5.952463
10.407845
8.033052
-5.223851
0.526131
2.327114
7.516918
-10.014292
-0.482429
-22.218266
1.877530
15.459569
12.376783
-0.799540
-13.874279
-14.706817
-15.077981
7.816034
-16.555897
5.322975
-4.221156
7.272954
-13.241189
8.913554
-13.878222
-10.264039
-15.125175
21.835688
22.643473
-5.737989
-12.241200
-10.455665
4.051580
-3.724839
-17.844666
1.550358
-10.458666
3.103211
9.385255
19.877331
5.460838
0.882752
-2.738119
17.304735
15.058435
0.345391
8.571130
5.623815
13.475334
0.359021
10.512489
-9.588929
-12.026596
-11.751414
19.926159
-14.484820
-4.777255
13.691756
-2.642524
8.406740
23.631489
17.593113
1.339022
-9.618946
-14.299282
25.634043
-4.975680
9.341954
-7.578117
6.040702
-0.334462
-4.905698
8.442865
2.633247
-11.496983
13.444227
2.521624
-18.344023
-17.563793
11.308664
8.741293
-7.762015
-17.389952
-19.981876
-2.195345
-10.733785
17.557632
20.032932
-12.356619
17.020313
6.574898
27.927475
9.484288
5.516289
-4.024745
16.299530
-0.662008
4.762254
-13.539648
1.780828
-18.322868
-5.111377
-9.979755
-5.266826
-10.415057
-1.456219
15.636720
16.353006
-18.760509
-21.162598
3.464888
12.193317
8.144446
-6.091010
-1.113593
-11.661589
-8.243715
13.921829
8.447763
0.599928
-17.308506
-4.145987
-3.492053
2.970921
3.301777
8.801782
-11.837967
-24.863379
5.962375
3.930050
-16.217840
-13.823397
0.550575
-6.489417
-3.626315
11.525243
-0.598108
14.989586
6.433004
-1.927106
-3.838494
-3.761600
-8.616404
15.647818
-11.317288
-13.950939
15.318507
11.045733
-10.228444
0.930416
-13.921072
13.265429
-18.953854
3.044738
-9.059994
-19.985014
-9.256070
11.185981
22.644230
-6.038258
1.282810
1.750816
8.518228
2.651675
22.412790
-10.026052
-17.132313
-5.071647
-2.275604
-15.749828
12.693468
-2.156650
7.716279
-18.880709
0.458555
-11.326675
10.208973
4.472680
13.601369
2.956904
-1.217850
-7.478248
-5.057056
4.406254
9.483271
30.798801
0.270671
9.359015
0.431582
4.587852
13.959496
5.326031
-11.628190
-26.072628
-16.291592
-7.912590
6.282948
8.458363
-6.981551
-0.847937
-6.409566
-3.709019
-16.610380
16.428453
10.361786
6.203624
-7.612710
-3.319409
-3.351819
-16.235920
-5.504829
-13.113734
13.018461
9.669683
-6.287326
-21.366201
-9.038597
-11.535316
2.408853
-5.448030
2.388465
10.782509
-8.015099
-8.287863
0.714935
4.674097
-2.689195
10.951663
-7.113160
-18.884741
8.300171
-21.250149
-8.450438
-8.303514
9.983161
8.285812
-12.866682
21.923113
4.035364
-11.784331
-0.152921
14.819676
5.977793
-3.274714
-5.827198
-3.060840
1.424411
20.164753
6.905636
-10.079546
5.598548
21.792160
9.151574
29.072088
1.790497
18.872408
7.420809
14.724172
13.641199
-8.447471
3.855731
-7.753895
12.702266
6.422847
-13.464660
-20.089092
3.106721
14.043564
1.237261
0.313654
12.253649
-9.733978
4.195902
-10.376531
10.444646
23.131739
9.997004
15.739537
-12.078097
13.772794
-17.335884
-4.599900
14.691388
-14.875396
-12.994129
5.729670
-17.265711
0.951627
-13.295479
-1.478317
-3.813242
13.845294
-2.186463
-3.104546
14.679989
-6.485985
-13.887826
0.284975
8.724575
10.009393
6.080977
22.436319
-9.108258
2.182023
-9.490111
12.646876
-3.413849
-2.714673
-17.518982
10.656898
17.218731
13.170376
-1.357483
21.891914
11.424196
-5.643142
16.092741
-24.518509
-5.162447
25.955162
-2.848903
-20.319880
-4.950089
5.519499
-2.304883
5.854399
-15.721897
20.264311
1.680895
19.750309
-6.006959
7.711739
-5.341580
-2.387328
14.912287
8.194557
14.160805
16.689930
-3.776905
-13.083026
8.734838
-5.441260
-1.874423
3.894553
20.100679
-10.030855
2.848359
-6.518256
8.129713
0.252613
-11.955797
7.515672
10.862314
-16.959396
10.488162
2.344705
-5.279374
25.901213
-0.244242
-7.135931
5.094975
2.822678
-0.949440
2.499268
-12.374123
-1.001595
10.891152
11.015621
-8.817852
4.575163
-5.707714
7.567148
-9.782786
7.702422
-4.502478
-5.591399
5.207983
29.556089
-9.923808
27.365004
5.087289
24.760981
23.197374
18.934484
-19.208677
-12.285252
32.149494
1.837347
16.941301
5.509902
3.935000
6.936425
-6.683758
24.005678
-0.142940
11.982143
6.283707
-3.235735
2.619789
-8.712722
3.895261
0.647875
-4.007341
-3.812890
-5.856247
-0.460228
4.220807
-20.385397
22.620598
-9.942512
-1.831633
-22.071278
8.538601
-3.891484
1.832953
18.527475
-8.111934
9.579752
9.625870
9.075145
6.305665
21.059187
10.355642
-0.602478
-12.421284
18.189800
2.874333
7.565220
-2.833086
-16.716539
3.500532
9.612472
14.540978
-9.512241
2.737459
8.299349
14.804203
16.863096
3.452024
0.154688
-11.713807
-19.270031
-8.017969
0.007340
18.540220
-0.448874
6.145666
-9.957011
-2.943424
8.447332
-11.880825
-15.668875
-10.795184
5.247910
-1.727371
17.773939
5.503555
-2.678364
-1.948683
-6.724463
-7.668124
11.641852
18.901663
0.885332
0.729804
-16.325901
-12.765912
10.768907
-5.921158
8.762659
-15.196889
-8.349550
-20.533688
-6.314215
-4.780903
-8.814913
-22.261662
13.305592
8.934088
-5.290615
8.713097
-8.303233
-1.125073
-6.184731
20.435871
18.820726
3.621359
1.889045
-1.831717
0.723159
-13.035868
-9.187547
1.663864
-4.336957
7.897751
-10.025707
-17.647898
21.995638
2.139330
-15.018356
-17.175245
8.865149
-5.694833
5.281841
-6.433352
-13.265762
7.143352
-3.895002
-4.297318
16.718481
-2.492661
7.763971
-12.509706
9.749576
-15.442657
14.931589
-4.854693
0.576334
-12.939270
0.451231
-9.663690
-10.712177
-1.293169
13.552742
6.615764
8.893922
-15.397065
4.842253
-16.850714
12.666879
9.127161
1.910275
8.745914
-11.005378
-13.684754
23.338717
-6.711719
4.809277
12.990809
-10.168770
-4.925486
-4.156805
2.488257
14.469131
-11.624167
18.583363
-12.878623
14.898598
-8.746217
29.725443
-5.044235
-5.272700
-2.111436
-11.155133
2.323351
3.689843
15.807896
15.215374
4.673606
12.383697
4.283464
-3.462010
0.061004
-15.651473
-12.289903
-3.758917
1.399508
-8.690461
-9.354011
-9.575316
5.365602
-6.540041
0.626993
-25.753479
9.756615
-15.940444
-13.053550
-9.297770
-5.058836
-15.170072
-11.492098
-13.919105
-2.823740
-8.458622
-5.973651
19.061403
0.077823
-7.222219
-7.911828
-17.128620
6.914662
-9.029799
1.686598
-5.566212
9.144210
-12.525428
0.312533
10.255431
-0.876929
-12.806201
-20.187479
-12.949262
8.274799
7.599203
4.615493
8.883906
6.632479
-6.553986
12.307302
-0.345039
-16.434927
14.429172
-18.289000
5.010826
-7.190132
9.620112
11.183852
-18.636751
-3.766965
-14.064310
-16.437416
-13.687654
-8.964541
2.592741
-8.765240
-13.796596
11.241368
2.230637
-9.572936
7.093310
-5.174290
-1.495255
2.907937
31.807131
-0.541459
8.608927
-8.475315
1.286387
-8.981686
26.275103
9.628543
5.839033
17.711996
-5.233204
0.641572
-9.872047
13.010547
-13.287791
4.620934
-19.062710
-14.719967
-7.178227
-13.218257
19.445704
-11.014225
-3.645534
-6.035318
9.051855
12.352975
4.864744
-13.005095
-4.180166
-9.218669
-19.276472
2.446462
-13.338099
11.629974
-12.317888
-16.418297
4.778214
0.960255
0.318811
-5.195897
18.113037
-7.534136
-1.787013
-10.837647
-12.852586
-13.045671
4.422073
7.251823
21.106564
1.092205
-14.773936
5.181201
21.634619
-3.905029
9.771509
-14.782926
3.514484
8.550005
-4.044209
-8.482691
-5.336867
15.969491
0.098283
20.912003
14.120450
-0.322097
-22.421021
-1.785626
-5.830222
-13.479703
26.379787
18.021196
-27.930683
-22.586876
16.346107
20.959501
-1.940060
12.817561
6.337779
-12.301764
-4.344128
2.397548
-20.076550
-11.383712
-8.016961
7.758652
-6.937952
-6.777728
9.605733
4.527865
-12.849822
5.152289
1.111232
13.888904
12.245543
17.722540
-13.362866
14.538437
17.891384
0.704919
10.403685
6.634406
14.426744
11.804602
3.216453
18.873566
1.473179
-17.094187
-21.513409
10.848761
5.300113
-4.871159
-8.281605
-0.422699
-4.674846
-19.493450
-0.869302
-12.455381
4.561265
-7.773401
10.230437
-3.227776
-14.479074
-7.533164
1.661872
21.060389
11.732625
-14.150918
6.269398
0.275230
-24.874033
-7.009950
24.513819
-15.222605
29.960609
17.062914
-30.139856
-3.713470
0.996300
-2.121602
-12.507576
-16.447353
10.111844
14.228905
22.131634
-9.867883
-14.469675
-5.764782
-8.483276
-7.349997
18.560293
17.093199
9.648736
14.608983
-5.955050
4.043010
14.639239
-0.064316
-18.256510
-17.226950
-2.288967
-15.291378
17.252199
-6.153974
8.723521
3.153362
16.525537
-15.373004
-6.740578
2.671834
-3.287394
-9.185551
-3.370693
-8.172789
-18.948151
10.357714
5.928608
5.649594
-0.472745
-0.065841
-3.862900
6.160708
0.158394
3.699534
-9.425505
-10.411448
-6.334026
-6.372616
16.899601
13.131443
-7.425686
17.619364
-0.888687
11.125108
10.764684
15.305321
24.108128
-3.510696
-13.603530
-8.584845
24.188568
-6.162638
-11.071692
1.063430
-4.533033
-3.935410
-8.068893
-6.949094
-19.459980
11.222351
11.726336
-9.795783
-18.074804
-6.540510
-4.046873
4.539137
7.825978
-1.990874
11.225582
4.059675
-1.812549
6.997213
-5.069841
6.264879
19.605387
15.800241
-20.082638
-7.154073
11.384161
21.313486
-16.426889
-3.860125
-2.046638
3.400937
10.439572
22.601585
-22.647408
0.021393
-8.451443
-14.711046
-19.831947
-5.015108
-0.902402
-12.172427
20.510897
9.302131
3.517041
-10.295707
1.889156
9.204655
-14.328281
14.443657
-5.713245
18.307566
14.134037
-3.814254
20.516960
10.332455
-7.075560
-2.307868
16.801199
7.557471
11.757290
8.792015
8.204037
-6.333573
-9.951987
-10.745538
-8.003041
6.736130
15.993761
-4.710022
-8.006910
-13.898586
14.621830
10.247004
-17.691650
6.366030
-9.709731
-10.179335
9.042984
-1.261123
3.433291
6.104672
4.781451
-7.919555
-8.466054
-5.628026
-5.144492
6.364796
-14.196182
23.867836
15.768419
-7.401658
-1.656596
6.649398
13.419501
-7.294991
-14.186944
21.166998
-19.987881
-8.073052
-0.032211
7.784774
3.082342
-0.778778
-19.642109
-6.767161
10.679468
8.315319
-3.604681
-11.670033
-17.402477
7.734259
-5.329475
-10.727232
2.821680
-3.709536
11.604691
12.205841
20.005939
-9.736638
-16.401293
-10.216750
27.025707
-2.290544
-25.545729
-12.651319
7.057188
23.600740
11.463470
-21.526588
12.889550
3.808633
-6.338585
8.392279
-4.495611
8.930077
-5.100438
9.847222
-7.556448
15.952488
-8.048376
4.910769
-11.006539
-9.241513
-18.740311
1.032639
-5.346980
-19.066769
18.079042
-4.375826
5.886429
-4.056067
-19.426456
-20.331587
-5.240161
14.313901
0.738195
-12.037287
-0.045996
7.813694
-4.232459
-21.668732
21.026396
-1.833748
-14.918054
10.479400
-15.696853
-9.486812
-1.290430
17.582270
20.371393
-6.804678
1.352794
6.635956
17.710909
-6.031707
-2.815107
11.276442
-14.542643
-20.479895
-7.992864
6.091364
14.235436
-0.671014
10.645171
-3.739319
-20.793625
-12.773072
18.645361
4.870337
-26.293203
-2.988960
6.128848
9.248388
11.857261
-13.744171
-13.762177
9.431144
21.793274
3.496007
15.316422
-9.818504
10.075176
4.233851
15.219841
-13.165908
-7.346110
-17.533640
-15.433411
12.917966
-9.376019
-6.694048
22.416681
8.250750
18.416912
18.496992
-6.696319
12.509872
13.668633
-12.895119
-17.522251
3.993496
8.593575
8.786716
5.345819
13.829293
7.309827
7.124210
7.174660
11.093281
9.257836
6.057930
-14.873761
20.984241
19.766047
0.653334
8.255027
-2.429132
-3.250915
8.748249
-1.980424
8.616691
8.690085
-1.407088
1.309054
0.886546
-28.021515
-1.376719
-13.019581
-14.414658
-23.309971
-10.544728
4.730522
10.042473
-3.844654
17.952391
12.154791
-6.392428
7.338328
-7.810318
-9.204815
-0.826321
8.558733
-0.269735
8.877789
-11.818003
9.751459
5.796126
9.865196
2.218217
15.077246
-17.571838
3.923947
-6.922644
7.959139
-11.148245
-16.269798
-7.803975
-3.125913
-14.882038
-2.144272
9.370552
-8.699490
-19.424225
20.653530
15.836749
14.557014
13.442157
2.033277
12.711850
9.614037
-8.948999
-7.615229
3.571445
-6.570644
-2.354664
-7.156786
-3.852405
10.693258
-3.455416
11.464376
2.426110
-9.356839
-14.509012
-0.472512
14.129585
-15.239315
-15.403955
18.767942
5.636897
7.112556
-1.057482
-2.837309
16.571114
-17.334253
13.548808
-31.570471
16.079544
-8.726775
25.473650
-16.620707
17.111603
8.842246
15.451451
13.815818
-1.837253
-17.298555
-14.418320
-16.495687
-9.423332
-2.940776
-0.888723
-0.145344
-5.030410
3.335299
9.908090
-2.880084
-5.944003
4.805093
12.304812
4.007976
-3.885402
-14.968913
-14.290546
1.450081
-19.715889
1.167452
-5.218252
-14.529596
2.580865
-3.868356
3.864453
4.127473
-9.959055
-19.235111
-6.077363
1.207228
-5.943367
-9.561803
15.382693
-13.422622
1.597251
-20.121796
11.157690
3.079971
4.087867
11.013382
3.821571
-14.359268
13.415830
-11.598188
-21.520788
14.139730
12.112355
-10.002995
6.560486
-15.973495
17.139168
-3.749930
-1.141037
0.656477
-2.030444
-3.273276
-10.884972
0.343729
-2.757344
-12.727449
-15.528646
-18.886026
12.043545
-24.555426
-2.026369
10.543294
12.113854
0.444215
-4.933951
1.624782
8.860566
13.219918
-17.420551
1.902587
3.387199
9.712164
-5.686941
-0.881089
17.995104
5.427929
14.438107
16.308065
19.372128
7.681261
-11.710752
-15.864726
-13.198152
6.025016
-8.253794
-5.268990
20.375921
-2.748688
13.772311
6.597288
12.689818
19.800524
15.154869
17.518488
-13.197429
-20.150444
7.506543
-3.518627
9.324090
-8.243050
-3.165936
12.255300
-0.053455
16.036812
-22.971388
1.333674
9.732259
29.679537
8.609951
20.003624
7.107600
-11.918398
-22.944731
20.081568
0.875990
-2.623012
19.270899
16.421957
9.388346
-2.080146
0.932801
13.714061
10.583202
4.442428
0.613666
-4.133571
-12.280422
4.702713
-12.229229
-14.225214
1.735039
18.048491
-15.866790
17.145508
-0.091741
0.206699
11.277777
-6.878554
-4.821436
13.742240
3.643261
-10.237746
19.201557
-0.458503
17.788988
-4.140508
0.967979
-1.684339
-7.182433
12.576740
14.860893
2.424865
-10.873519
-10.874493
-9.441973
-12.418100
6.762383
-5.254577
-0.173774
6.743088
3.990101
4.200298
-0.462599
-15.193548
13.910534
2.074835
13.396799
-16.392626
-15.826966
17.386036
13.999755
15.689501
-8.047820
1.318251
-0.984415
-2.581791
-13.478380
20.812346
-11.672520
2.053180
-5.062011
7.325801
-17.214973
-6.094489
4.127088
11.108137
-13.258905
19.123537
15.106942
-12.704459
-0.602923
5.678201
4.574239
-2.395984
6.984900
-3.590762
-6.244248
-11.607946
-7.707223
-10.780669
-4.831252
3.951590
6.797345
-4.862217
9.437285
23.347063
19.546627
-4.578469
-4.402057
19.442656
-12.063329
8.193525
4.176336
14.885517
20.026867
12.152351
-2.244743
-14.805474
8.377703
20.852865
-7.707829
11.468889
8.947407
-27.659124
-2.270139
4.899421
-11.558350
16.840235
-3.488993
15.114558
-9.139611
-12.820198
-6.615555
-5.426959
-14.033765
-5.369343
6.643480
3.958755
-5.437553
-28.040607
15.932263
-20.548283
-5.858849
-0.471701
-4.245192
-5.349992
-20.038921
7.105047
-10.503111
-12.761792
-2.289008
-16.283247
-8.831921
-19.713123
-12.015995
14.635172
13.963242
-14.963859
18.386545
-1.259898
-6.248801
-1.771925
6.208995
-7.647028
9.992929
23.081642
10.102762
20.422543
16.726021
-13.352425
-14.672685
-11.529411
-17.155588
-0.175968
-10.285758
-16.424950
-8.599670
-7.453274
-17.889843
-33.464561
-0.806364
-15.368926
3.330215
-18.352812
6.865791
-13.184641
6.535845
-4.601499
0.120051
-1.350899
-2.970985
23.505560
-5.605351
-2.647102
17.592655
-18.720579
-15.450632
-7.241407
-9.151922
-13.865609
-1.700273
11.205408
20.992380
-16.918648
-12.024587
-17.989225
2.869554
25.150278
22.536667
7.826266
-22.209120
11.087106
11.423021
-15.721233
-15.236526
-21.080669
-5.879185
20.016407
-11.482797
-17.886414
17.452002
7.884440
10.697295
-13.496296
-3.080726
18.921286
5.936082
11.945124
2.714276
-5.829764
-11.252300
13.122978
-7.544430
-5.511812
-8.178427
11.238048
-2.597806
-0.098211
-5.658982
-7.141144
7.693519
-1.093107
4.199396
4.928436
16.804913
5.345797
-0.186696
-3.459853
-12.195519
3.223262
16.043774
-6.483966
12.338418
-4.300045
-5.705430
-13.540817
-14.921965
-8.245328
15.891921
-2.904065
-23.160971
8.748269
8.441938
-24.494675
7.252953
-1.191486
17.847969
-14.292705
-13.368879
-15.753281
5.915380
20.249905
-8.486573
-8.717689
-0.756598
9.686563
14.388734
9.275930
-2.700166
15.814476
2.430755
-12.056247
-4.029881
16.679829
-16.118317
3.012273
2.563770
2.917004
5.331362
4.298833
10.635740
-1.434233
10.664351
3.971048
-11.251384
-4.113487
14.567552
19.142517
2.781230
-11.621876
-1.946350
5.934678
1.018151
-15.440088
-13.242003
14.896474
-12.944432
26.675774
-4.326737
12.235302
-9.705663
-9.166993
0.783023
12.197129
5.690581
-21.343079
-1.581040
0.972341
16.511202
2.118498
9.653396
14.887860
16.668533
-1.623662
-23.124720
-4.582829
7.853439
-3.905837
-7.591583
3.847703
4.860372
-12.055532
13.049091
6.757558
14.453099
2.260255
4.885110
-18.536085
-4.174572
-4.986397
3.326285
-2.932696
-10.716782
-1.154260
-11.170336
13.919739
-13.831660
13.121850
-11.030109
13.983153
-2.895907
-13.800572
-12.051545
-2.654181
-3.271351
-9.848608
15.659185
19.973093
2.162584
-10.601707
-18.000584
8.348694
-2.700991
2.194442
5.117384
8.461926
-12.711959
-16.490625
3.802219
4.130311
7.050284
-15.572861
5.342005
-3.250087
2.046066
21.115028
-8.529191
2.013212
13.790520
22.687515
4.618615
11.170379
-5.464256
-5.137625
-10.520352
-16.124533
-5.010578
2.398978
11.215820
4.727548
10.343571
33.623314
-6.265378
-7.640831
-21.776320
-5.529787
10.289573
-11.358669
-0.347536
-33.117767
2.399080
16.188755
12.627716
-2.871821
17.505455
-16.101397
-14.802010
19.974277
6.113520
-16.913826
13.674922
18.629349
-11.437585
4.246446
15.379380
-13.248982
14.142696
18.719936
5.935408
11.986348
-16.078945
6.252115
10.430024
-7.251178
6.769207
-19.589775
12.482402
10.901650
2.644794
-15.790429
8.977858
0.726903
-17.017906
-2.778067
-5.437288
12.349522
-6.131503
1.221958
8.859081
13.154930
-8.260969
7.484076
15.390960
4.586766
-1.329752
3.382217
15.501595
-2.650544
14.490339
0.295484
21.661791
-18.064749
14.800253
14.595840
-20.288012
-19.781027
6.210276
-21.696756
13.656489
28.529293
19.873226
-18.617481
-5.459568
-16.895859
16.269390
-12.105999
-22.579466
-9.791461
6.911670
-5.002624
2.862854
28.028517
-3.271719
6.083609
7.876783
-7.403412
17.513330
8.373413
16.269581
-4.271791
-13.246978
20.156462
6.487711
-6.721408
16.157278
-1.215632
-4.159950
-4.305676
9.787393
16.947638
-6.032655
0.095246
13.284351
-17.505003
2.003514
12.507836
-1.998662
-13.061567
-11.695626
-12.217730
9.827116
15.489089
11.402439
7.782470
-0.500849
-19.381021
3.276083
-0.065368
-10.578573
4.586723
-10.489441
-8.467034
-2.685605
-15.190106
6.856746
-1.267262
6.113404
-11.483529
-1.719360
-3.141234
-0.415645
-16.153618
-12.200450
-21.256239
-7.440223
16.841902
7.480570
24.430126
5.664038
2.779907
-24.600107
0.682144
16.965357
-9.197226
8.649270
-19.550285
13.729901
-15.872312
12.436812
-14.949549
10.627821
-6.880044
-8.875889
8.093120
1.473470
3.040717
12.811841
-10.582925
6.527880
2.825107
0.641770
17.287634
8.259526
-21.701471
-8.624275
0.367660
19.359426
12.059693
-4.248546
3.227186
5.024797
4.710764
-7.745166
-7.928851
-1.257881
-9.297477
2.033989
-4.673990
-10.119904
5.335196
12.984629
-4.226942
-7.159145
-6.841791
-13.597947
2.732352
-3.688078
-11.306265
0.111256
15.375709
-13.112534
-6.416740
15.629689
-8.001783
-2.215362
22.676924
-19.612101
21.040619
-7.153068
15.970445
3.488502
12.242940
-8.323738
-4.903361
4.332923
8.816469
7.511741
4.007370
1.872559
-0.914729
6.828938
-6.275802
8.222059
-20.647591
7.373498
-8.122541
11.074263
-11.707743
11.400128
-8.574410
-12.230099
1.160072
0.923281
20.608437
1.485570
2.486406
14.620330
11.110396
-8.716614
13.000493
-3.309075
1.362604
-4.485129
-16.179686
-14.743187
9.250773
-6.865788
-17.650902
8.159479
3.397668
-5.127684
19.306091
-14.289777
-17.528358
11.414530
-3.914100
2.122432
-11.932429
-9.883644
-2.742523
-1.050479
-3.807457
-1.426846
-7.254695
-15.383136
15.939733
16.045088
10.729556
-10.850977
20.807384
6.090577
-3.171105
19.070969
31.058245
13.594089
4.135511
-5.630919
-13.542203
-5.800148
-8.724139
-11.841684
18.679470
-10.769186
11.590244
4.512366
15.630097
8.219718
1.044155
9.775570
-3.427443
-0.976395
2.681665
16.168015
-16.492756
-0.514185
-3.287237
7.072460
2.131706
-14.977981
-15.064780
-1.748732
-16.401602
-19.437435
3.376717
-13.300566
18.294413
-5.135962
-3.661354
16.753920
14.788258
-15.286447
-21.820620
14.660346
6.666320
-2.193861
-13.020702
-13.777447
17.298172
-3.614138
10.906965
0.800663
6.137235
-5.861747
5.648489
-7.495815
-0.683860
-10.636736
12.769497
-20.543375
15.534601
-1.080539
16.051125
-11.318055
-3.369861
-22.031643
1.217066
17.430555
-28.260925
12.043402
4.668994
-15.420197
-13.048476
-1.653266
3.857245
-14.442468
7.000381
8.374778
5.964518
1.506680
-10.157866
1.136227
-6.496292
-2.404499
-4.178008
15.622794
-1.090515
-15.125307
0.194524
11.439474
-9.823449
5.187875
-6.030340
4.001189
3.290119
7.625571
-16.696762
3.695693
0.372313
-8.188684
4.797355
11.644498
-8.291284
0.798500
3.571088
20.321371
2.184201
-3.298157
-19.737965
4.868062
-18.194813
14.980540
2.453373
-0.495179
-15.966905
-0.440830
4.839995
0.375536
-18.538107
6.290796
7.023862
4.038610
-11.977405
-6.813494
16.337126
-19.615118
-10.672384
9.944680
2.546518
-5.691346
1.314589
-11.177397
23.124685
14.957211
13.547257
8.067542
13.185008
23.155010
6.648036
11.930951
-17.260084
-4.110717
1.916589
-12.698510
9.133494
-12.330345
0.164478
18.203455
-13.328835
-12.912568
15.557537
-15.464311
6.848991
0.975936
16.060795
0.870293
-25.387613
-21.037947
-15.744909
-0.664027
-18.212976
-18.149309
-9.390275
-12.734761
-5.368244
-7.787830
-4.832512
-5.711199
-16.504652
-0.759783
0.213043
-16.987768
20.923279
9.900265
5.283144
13.169127
-13.913505
-7.657382
15.587380
-11.552218
-5.042141
2.995002
3.929572
9.416101
-3.900395
11.492848
-0.274351
7.366669
14.495146
-4.962338
10.016658
-4.094773
4.138870
-17.529188
23.235596
0.705080
7.345798
11.789055
10.847693
19.799534
0.901155
-8.043073
-5.396392
3.142954
-12.115436
-7.399422
19.488123
10.654959
-14.817109
4.933611
-18.439028
-14.229524
-9.124608
-8.466228
1.258866
7.455293
-18.238863
-0.542539
-15.280445
-13.898149
-5.585939
-21.912916
-11.478039
-5.554540
8.519082
11.793496
1.415286
-4.477741
-5.265927
-6.810535
-4.171831
9.249522
-7.458054
2.716476
23.640673
10.769892
18.003817
-12.421146
1.277674
6.810724
11.287642
-13.377851
18.383556
0.697657
2.748498
-15.514866
-16.071722
11.113655
11.476770
-5.734818
-0.182651
18.267101
-4.752096
11.229856
5.494308
5.323768
22.809563
-20.315031
10.395898
-13.892174
-20.901766
-2.090439
16.911177
4.853457
-15.181417
19.047379
6.871711
-2.351149
8.022440
8.226710
-20.222961
8.483382
9.618862
0.595765
1.072836
13.136048
-17.445383
-14.398601
12.394198
-7.337680
-13.713776
-6.075193
-14.270592
15.152098
-15.760605
14.663172
-3.834320
-16.492273
11.763449
-6.186389
-3.145685
2.159149
-5.257437
-6.676775
15.818947
-15.651486
10.240157
11.299308
29.632494
7.835187
-6.841188
10.496246
-8.546659
-0.940044
6.049847
15.893804
19.923067
6.726156
2.615518
10.812201
-7.162292
1.600021
12.959301
-6.925994
-7.720436
10.454208
-1.319376
-15.420660
26.950003
8.093811
20.307276
-17.888865
2.481484
10.050287
8.103725
10.482761
-27.535591
-30.568296
9.526551
2.472664
-6.283154
8.295982
-12.202524
12.193115
-20.060373
-0.096893
15.332269
4.031648
-14.764405
-16.594027
-10.171360
11.735656
11.032474
8.693091
-10.146241
7.285124
4.852146
19.038374
-0.570819
-18.854342
-14.938970
0.062156
-9.390110
-16.509571
-0.931396
21.388983
-11.436206
-0.922140
16.803961
-9.536186
14.436276
6.224785
-29.233389
-13.340356
10.287488
-11.442104
1.825816
13.743100
7.257342
-12.253473
20.859997
-7.732154
8.632134
-4.643528
9.212692
-4.924123
-12.929989
-18.918163
7.902517
3.841168
14.583980
0.422857
-7.189228
-7.451863
9.705611
-14.323802
-13.417817
-3.709619
18.200352
-14.633736
20.707035
27.205519
1.586401
19.173738
10.962905
1.465663
18.580391
0.179636
11.265897
-6.530136
-10.123885
-0.801579
18.426655
-16.934380
-0.242711
8.964289
5.117760
8.602147
-1.431158
-2.055062
-4.863324
17.592245
-3.944959
1.857124
7.256586
5.430719
7.741827
12.552110
-1.867764
-20.904369
2.640098
-6.091651
-3.079154
13.626105
-4.260714
-3.572463
-22.046648
8.655167
16.138460
-10.593628
19.338425
2.734168
-4.602659
-0.145844
0.967518
-4.574760
7.704410
14.286233
-1.523164
11.239184
-11.835006
8.254457
10.306651
-21.760466
-4.784965
10.859680
28.187601
-9.811538
20.726978
-13.105190
20.514923
-13.630643
-9.646310
-3.500304
29.115992
21.342140
18.394846
-6.504649
5.702063
6.317180
16.443714
-0.173575
17.975233
17.158716
-17.863707
14.155773
11.437210
-9.962539
-0.349639
4.940196
9.570663
9.439282
-2.994295
12.982884
7.726530
-2.578500
18.713257
11.867027
-2.127598
-13.033425
-7.536906
2.710435
12.658737
-15.461624
-13.624023
8.028979
16.639639
-7.788180
9.813402
-5.334800
-19.136787
-6.153164
8.304891
-11.055374
7.370033
-7.648342
8.034616
18.063446
-9.376247
-1.016176
-11.040419
14.986668
-3.456815
-7.981400
-11.675637
-16.467953
-10.255320
15.310597
9.321458
19.281414
-8.702812
-4.959013
-7.828280
-3.628229
28.692703
-0.254898
12.851955
-2.344801
2.666652
-8.179311
-9.622239
18.326227
8.014868
12.576691
-2.151139
-0.884697
-16.128376
-13.137251
-19.547840
-2.727768
1.674006
5.057763
6.715731
-11.021068
19.547138
9.722817
-2.344621
-6.409359
11.077877
14.785344
10.534774
-0.931297
-1.018699
-11.197166
7.866430
21.860292
3.149338
17.951382
-15.310472
15.150629
-10.397657
15.901489
-2.014057
13.150324
21.394484
12.471945
-1.858122
5.157929
6.029754
-14.382288
-12.296250
-16.718109
13.466853
-1.683925
-2.675005
-16.937147
-18.825678
-13.610697
-15.480057
9.685707
11.675424
-17.771702
-3.817130
12.124998
-21.969378
-7.456854
-9.024979
3.203722
-21.298407
12.759521
-0.560249
11.776940
9.885888
-11.978300
0.459678
23.386110
6.658060
-2.799224
-19.840181
5.830803
-0.748970
11.777038
14.287140
-11.431071
-7.239601
-5.575954
-7.449669
8.133309
10.016202
-3.102930
-2.490931
10.625103
-9.323444
-17.056087
12.632390
19.846596
8.381802
-14.880578
12.992891
3.945063
-6.860529
-7.013718
15.924923
-3.655518
-10.933151
8.325044
-6.159328
-10.534131
-27.188694
0.057236
5.135652
4.599395
3.682890
-15.292946
-10.856674
16.203928
-16.416147
3.671360
6.338663
2.508891
2.128045
-14.030405
15.518748
16.866665
12.887580
-12.093429
-4.064828
12.166062
21.311998
-9.094213
-11.410000
2.203705
22.108543
4.728275
-30.761490
13.610119
7.428164
16.691353
-15.534579
3.052275
13.068300
6.997310
-10.061522
7.212451
1.867959
4.958688
-10.184574
7.486853
-3.331552
-0.431856
14.960943
-10.099800
5.130689
-9.495678
-16.560577
-8.014998
10.125111
-17.416714
-5.264866
-0.228789
-5.716118
-2.923948
-2.150970
-9.344275
5.397605
13.361420
3.251318
2.446737
-8.279875
-20.526535
-8.701513
-21.076908
-5.364233
6.217521
13.080709
-2.554965
-17.007046
1.745670
15.759605
-11.584823
-16.992290
-7.998778
-3.457148
14.661389
-7.118855
4.602100
-2.088222
-18.719070
-18.801922
-19.765671
9.557714
-8.683247
2.441551
-8.127090
-12.770800
-6.419472
1.808405
-21.221031
3.967015
7.224748
-24.873629
-14.989475
-7.939816
2.332098
-13.724191
-10.108818
-16.385414
2.235191
-14.183750
-14.215255
9.924533
0.700952
-2.057019
17.285416
-14.979425
0.203037
-15.421901
-0.489972
-0.895779
4.236775
1.792758
14.806104
-9.668712
-12.190541
-18.438480
7.680226
-21.799171
-6.817846
15.130655
1.697007
13.967314
8.066132
-14.132435
-2.719759
4.734748
-5.560534
-30.607925
-16.466152
12.827269
-4.008663
17.120440
-4.950583
-8.459279
-13.294819
24.539991
-3.562825
-10.215554
-3.703824
-10.683319
-13.551497
-11.955781
16.925278
-12.565424
-7.580015
-16.239712
13.275249
8.548132
-10.900968
23.519100
-19.802845
20.185476
13.722045
24.683041
-11.634647
2.011644
-23.731634
-0.587858
10.509344
-1.554878
8.462385
-10.344025
11.753022
12.056342
-13.784579
-12.807041
9.344398
8.993826
-6.701782
15.506745
-10.493163
-4.242310
-1.346132
3.858827
-4.227496
-9.202646
-12.197916
12.961048
-19.012253
15.766459
-6.683674
0.740165
5.831439
-8.921852
-2.584788
6.034327
-14.843360
11.117472
3.455836
-3.704615
-0.407515
31.100962
8.991391
-14.251913
1.560089
5.928225
-6.303473
-8.113811
-7.931832
1.583145
12.148477
7.287342
-12.007990
16.168575
7.018403
4.366698
9.740996
-6.436274
13.056581
13.706113
-9.233518
14.230478
-7.502337
-6.345662
-21.507019
-18.834673
12.536681
7.455951
18.494627
-3.625687
4.322116
2.006226
-14.819580
7.973897
6.728228
-0.402020
0.950023
4.432104
13.511312
-17.604874
-6.082319
16.721651
6.368164
-1.068149
4.524831
15.487955
12.089298
17.595022
8.954267
-4.820150
-2.823931
11.872766
-21.074539
-1.738298
-13.984974
12.099706
6.900574
-12.581031
15.231962
1.102813
4.169843
-10.919341
14.461874
-14.414997
-18.996279
13.591717
-14.925885
6.277547
-12.074673
-15.398499
12.575677
-17.769047
-8.600422
10.105980
10.047776
3.001111
-1.259247
-13.079996
5.272616
-0.627709
-4.851081
15.566622
9.224141
-14.702012
-1.203905
3.477301
4.793027
-4.209987
18.510954
-17.832058
-9.117951
-7.176585
11.736669
24.352554
-0.930753
17.588005
-10.780514
-10.465076
5.950755
13.917095
7.228292
2.409771
-5.378069
-18.113106
4.292795
0.746560
-10.757917
7.089762
9.833297
14.724895
10.692671
17.735769
4.789603
-15.258980
-16.458694
-24.051643
-6.509676
-8.495197
6.985205
5.774361
5.655025
-12.863633
-12.509345
17.473322
-14.689799
8.438799
-9.572285
9.083345
-16.710691
20.584509
2.208929
-6.935963
-7.183015
13.220920
0.695543
17.422808
13.871658
7.818722
-7.879375
-1.651184
12.664761
-23.859352
-1.006561
10.440707
0.224186
-0.126393
-7.100454
9.933102
10.392818
10.003057
4.364920
-24.662271
-21.594433
-26.337463
19.497099
-10.717920
17.188074
5.302866
23.918020
4.979603
1.141439
-11.755964
7.187781
12.193738
-12.010061
-27.038248
-7.039248
20.763773
8.003175
-14.533176
-10.299402
-14.536447
-0.543692
10.820269
16.235891
22.202194
7.285424
15.534570
8.927498
18.056253
-16.954859
14.161606
-14.158902
-22.208557
-19.639414
4.793128
11.863200
-16.830223
4.387388
-7.065334
10.333025
-5.678121
-24.583767
29.455828
-16.154348
-4.534783
-2.660165
-11.136769
-8.773389
19.785723
5.550551
4.575965
-6.829371
-10.427804
8.312648
1.025197
2.494240
-12.018872
-6.187081
4.615943
0.438771
-20.341232
13.061473
27.674965
4.174263
11.672702
-11.291627
-9.991581
0.884901
3.149713
4.246331
16.214489
-29.687216
10.156300
0.612618
10.383213
10.317138
0.302254
1.954909
3.665805
9.960898
6.788289
-2.963735
5.011567
14.041248
16.571009
-0.105780
-16.102940
-9.849057
-17.845406
-11.630045
5.277412
-14.539640
-11.942915
2.695393
-13.870575
3.423127
19.137966
-14.647802
13.040355
21.209129
-8.875752
13.826074
-16.977644
-14.258258
9.107534
5.083040
-28.195877
-10.142698
-2.033692
2.239099
17.800272
11.510336
1.096869
9.095555
14.582105
7.943455
-2.658643
-6.901145
-1.863855
2.498440
10.290332
-7.552807
-12.893868
13.098609
17.886017
-16.871704
-33.685410
3.142284
-5.828812
4.892715
8.382661
-17.835068
-10.141775
-6.651760
0.041993
26.754763
-2.103197
15.587903
11.840908
-11.431865
-5.830391
-3.880463
25.571552
-16.236912
12.451947
-9.264915
-10.192108
10.617786
13.883576
5.067523
-3.355908
-4.155101
10.769009
7.287485
7.380464
4.028293
-12.047983
-14.779136
4.362680
9.672272
-20.746601
6.378000
-10.060208
-17.224440
5.736845
14.722100
-13.194525
-2.729863
3.098830
17.161230
14.487660
8.182263
1.855972
-8.711787
-14.849727
8.837841
18.940231
-10.553595
-7.579923
-5.148702
-2.344993
12.805968
-13.297582
6.195714
12.879370
12.190072
-16.558720
21.960703
20.156876
9.915379
-29.822395
-4.429192
12.798962
-15.238116
-14.196925
-14.214885
26.662041
7.362653
-29.107183
10.197726
7.122400
22.340897
1.601824
-12.494960
17.001474
-6.677601
-3.631423
-5.727309
-1.499863
1.305518
13.897858
8.563989
-0.439504
8.960259
-14.536486
-1.431819
12.306809
9.683659
-13.724081
-11.562444
18.625275
14.051442
18.733438
-1.154210
13.922380
19.855490
7.159570
10.036011
-15.322687
6.768501
4.836006
0.598635
-3.555983
22.423704
-3.568687
4.952445
-11.224142
3.949822
-1.566595
1.497241
7.624402
-3.893124
6.305781
-1.798615
-6.434095
5.788117
-11.264164
6.802069
-1.138049
-5.769516
4.700705
-0.338860
12.942344
-3.417216
-0.658822
-7.375257
1.604598
21.836334
-0.507593
-21.361897
-29.353573
-5.904784
-24.253248
20.806910
-2.729317
6.065501
-9.003777
1.482023
1.284173
0.352068
-11.877249
-1.051428
-0.665751
-4.726773
-11.137702
-14.925329
1.874921
15.804623
-4.756682
11.930602
-18.177074
-11.799195
-7.631650
13.309895
3.788636
18.061972
11.928841
-14.486651
-9.155003
10.047338
11.784278
20.272053
-5.495411
6.343682
6.653070
-3.657393
15.017455
15.850009
-15.585123
5.022721
13.027822
10.680729
-17.455278
5.542701
-17.227018
9.758766
12.951526
-0.045994
-9.414515
16.151907
-12.665139
-10.702153
-13.967391
14.987096
-10.018281
9.681885
-14.388209
-4.190792
4.359660
6.932331
-22.229980
-3.751121
-2.170120
10.341615
20.982515
-6.036384
4.784141
-22.802292
1.507500
1.968048
10.985085
12.842071
-10.418542
2.503733
-1.615362
0.938969
-13.377201
2.551417
-15.125216
0.866114
-9.088586
15.344492
16.844954
8.886797
12.879705
5.225784
-13.895509
12.715086
9.748360
-14.400047
-7.609260
-5.670028
-2.208488
16.380913
-11.814586
21.857229
-17.384838
1.231994
-4.913378
13.858768
-11.005377
12.424933
-9.595404
-7.401421
-12.974204
10.289324
21.369493
11.141755
-7.422591
10.436487
11.541649
-10.298468
-1.238172
1.387590
-15.501595
5.075083
4.034699
8.724702
-7.508711
-0.820020
-10.117011
16.196081
38.708031
4.469427
7.633402
9.700850
-8.479408
3.422191
-29.318806
1.250210
-25.700947
-16.163157
1.052179
-12.432840
-7.587034
-8.255447
17.397501
8.592109
-19.556665
-13.967731
2.390798
11.679706
10.551483
8.293412
-4.928579
13.143931
3.603402
-2.306535
-13.741818
3.644332
7.437617
5.105206
-13.634582
-15.000598
-15.428090
-16.546698
1.039214
16.540138
5.377422
-21.360695
22.968317
3.520854
-11.171186
-14.174699
14.001137
0.670910
-7.575989
-4.956878
-12.886196
2.254411
0.575446
-13.389438
-7.046869
6.500654
23.294022
0.711866
11.970664
-17.044477
-7.006230
-4.797462
7.603045
-6.313400
5.378561
-16.325272
5.245081
-16.695255
9.109173
10.019963
11.538704
-7.855552
-7.208764
17.547207
-15.410759
-2.597682
0.585448
5.192713
18.637772
-19.271931
2.213996
-2.577333
-20.770666
4.900498
-14.200628
-3.315588
12.329831
-7.531739
-2.162730
-4.927709
11.006907
1.213310
-6.679432
6.651175
9.672938
8.663722
-2.185450
13.391073
-2.723068
-16.455751
8.694606
15.368904
4.719995
-8.435222
-1.876792
11.553196
-2.425915
1.155669
12.511169
-10.073403
8.462379
-14.618062
-3.535002
-8.114223
-14.721804
4.855590
-4.820140
11.581512
-18.486761
14.150237
-16.516130
-11.860383
5.015975
0.184757
-14.808865
-13.153854
-8.594764
-3.474268
18.271214
19.935070
-2.527147
2.369562
13.744106
10.146879
-27.739407
-1.008566
-23.209040
1.331340
-20.709454
12.383797
6.000318
14.231563
4.487010
-2.365377
-5.339307
-2.321955
8.368046
-13.423743
2.898108
-0.942196
-19.186703
6.360504
6.786701
2.277596
-12.044285
18.365345
11.322613
7.374396
12.583850
9.273140
-5.975657
-1.556221
14.846399
-16.663664
8.319155
10.589674
-18.292019
13.524926
-13.237671
10.297559
4.559484
15.308967
-10.636300
-4.489803
5.174121
-11.659283
1.029661
-8.994420
-11.220811
2.541544
-1.898595
-13.491983
4.617846
-12.369696
-8.590513
12.333919
12.450713
9.320893
-18.082521
8.329867
-0.345399
-0.962165
-6.366186
-6.386458
-20.051832
13.416044
-28.059107
-1.470459
-15.516305
-13.398104
-4.999636
22.052370
28.673119
-12.572229
25.648943
8.117719
13.818053
-22.030409
9.615413
-18.411608
12.194629
6.912344
-8.573315
11.902761
14.804193
-4.695534
5.019952
-12.968829
13.676044
-3.364913
7.732499
12.684649
-8.261268
-3.474430
3.801230
14.506770
12.955188
3.359192
-9.108407
-17.734081
-1.548544
-23.842560
-6.507478
-6.484874
-9.321798
10.018229
2.398763
-15.057206
-13.994995
-11.246213
16.653820
8.877088
-14.499309
-6.655501
-11.058668
0.205825
-13.778008
17.989912
-25.025928
-6.851652
-14.101590
7.263696
4.024294
-12.889761
-15.172319
0.631674
-8.414869
-14.417803
-17.347731
6.295634
-15.590122
-1.383458
-19.784218
1.098059
3.415045
-2.942460
14.098118
-11.581021
24.170660
28.915251
4.182165
-21.936754
5.992325
0.168678
-4.544267
1.712096
-8.482389
-3.727112
-2.366694
3.784170
10.848036
-13.491573
-10.381379
9.460551
-8.512187
9.714057
0.544905
2.860182
-1.482247
5.314933
2.498616
8.365675
-7.484954
18.182968
10.463213
-8.200683
13.485173
4.036536
7.148717
0.786116
-3.407384
12.249917
0.152140
-12.880107
9.812204
-6.090394
7.601986
2.446952
-5.732586
-3.064064
-0.500675
-16.063732
11.862291
-0.362442
-0.773518
3.149153
-8.751110
-8.035536
9.560926
16.641148
5.246718
-19.186022
8.266017
-1.882314
15.112860
5.999303
-24.342533
23.333647
13.547819
-11.128057
-15.324399
10.639171
-12.863629
12.953857
18.513500
6.340021
-7.689666
-8.877703
-15.834842
0.674738
-17.355993
14.991284
-10.369536
2.911505
3.906436
3.314697
-12.432178
13.742817
10.090664
-1.504407
-8.849867
6.002851
5.491165
6.751376
5.555394
12.738423
0.090518
-11.136350
-23.320164
-7.129867
-4.916602
18.155615
5.995070
14.221830
15.987358
4.761660
3.598063
-24.786350
-29.729471
-7.261460
4.656720
3.758131
0.588596
-10.983201
4.649419
-18.268278
-10.047195
10.076535
-11.733184
-10.297653
-12.459975
4.883448
-9.588601
7.506328
6.621103
12.282155
5.493721
11.661839
2.733369
-8.486852
-2.604995
-19.773392
19.956537
-18.164865
-21.311644
6.849314
25.465176
19.887995
-16.907867
4.094261
-12.360449
3.536362
6.292176
-15.432178
-22.087591
-15.170763
-3.712989
-7.581338
-17.544731
-11.016556
-6.230443
-9.171308
5.958230
5.351366
19.253633
11.289706
-3.453125
-1.408356
7.667370
-16.519127
-0.937098
12.705635
-15.554649
-8.558284
-12.848823
-15.098329
5.229606
-4.885191
17.851585
12.170431
17.596031
4.739281
31.184669
12.978944
3.714776
0.555702
-16.495361
-3.212751
-7.862290
-14.939384
-11.500668
-9.014227
-6.509594
-12.637980
-3.198411
14.177337
1.136160
-9.955996
-10.052740
-4.363720
15.833749
-21.422188
-26.807095
4.882178
-9.293792
4.361088
13.944657
-8.779884
-10.700891
-5.865902
12.580554
-7.555392
-15.999786
-16.770147
-7.623468
12.594490
-11.718101
-1.330282
-21.225578
9.946474
-12.192863
12.126557
-1.427232
7.811234
11.829814
-9.194098
-7.850804
17.269333
-0.463229
-8.362513
11.824905
-15.669720
4.918429
12.017504
-15.241135
10.394904
7.457579
-16.084187
15.396195
-13.946187
-7.886000
-2.880939
16.116247
16.416628
10.509185
-1.775598
-23.342539
-10.362789
4.922663
-13.098121
1.299661
-3.910890
-16.198185
10.464694
-3.243400
0.593419
2.615539
-2.597364
7.378169
10.070560
-12.894168
-6.371137
13.441597
14.838191
-13.128266
-0.678023
-10.319777
5.673578
-16.604301
-17.158571
-24.434484
-16.358580
-31.774567
6.721550
25.824099
-27.695625
-11.768955
-19.083021
11.271984
-14.576531
15.274142
-9.407988
-10.491304
13.920991
0.925250
9.828254
10.886170
-10.518916
-0.760076
2.034418
-6.358850
-12.815355
4.542672
13.770453
7.493645
-1.503921
19.113419
4.713217
8.103466
4.093810
-7.972090
-16.768473
10.410860
-3.299466
4.668998
-0.682070
18.303043
-4.688043
-10.772612
19.639870
22.529213
15.933854
-2.788888
-4.515378
6.432332
-7.252849
6.987660
-10.643436
8.763702
11.535983
8.943151
-9.329710
4.853508
4.506397
-9.365711
16.890057
-12.070636
20.749868
-16.829256
-14.276659
30.577923
-4.995062
-12.197303
19.992027
21.530281
19.538960
23.532776
6.331850
23.330891
23.055151
-2.152739
-19.957678
-7.668662
-12.923836
0.797507
4.744801
12.756849
-12.871032
-0.598441
-4.410679
1.088375
-8.408339
-0.073194
-16.526432
-14.195067
-2.567854
3.275151
-2.703817
16.377676
-17.992954
4.082442
0.616095
-3.528687
-7.892381
-16.615772
9.433202
-3.619167
-0.300795
-13.783284
3.004366
-16.390608
-5.665279
15.456821
-18.598211
3.962140
-3.180980
-14.096314
-0.738008
-18.631718
-5.140896
10.354733
-5.750998
9.938448
-8.993686
4.421400
-6.321621
-7.777071
2.423558
-15.294638
11.783953
-8.742535
8.074214
-21.538301
-20.743277
-29.049345
6.484626
4.455431
-18.720951
-7.571272
1.886920
5.630748
12.914175
-9.257453
-22.090031
5.961137
7.272720
11.777420
-15.362416
-11.623178
4.084205
-16.571360
2.108542
-0.279482
-2.370365
-9.510919
-7.687084
0.209395
12.052101
-6.430423
2.476490
-10.565500
3.466313
7.902524
4.842946
-2.737646
17.622568
10.837069
5.576975
3.886736
10.193915
-9.470448
-18.038486
-18.934830
-4.903395
-6.311403
-4.189826
9.957433
9.777560
-12.104671
-13.360689
-14.531537
-0.490278
-21.861187
-8.065377
-11.970090
-12.294806
9.206818
-5.232594
10.908849
0.993241
12.371030
-2.922688
13.051760
16.642004
-4.328100
9.360023
-20.828995
1.786792
6.874321
-6.630199
11.871427
13.798401
-22.703346
10.161446
14.573424
-13.396479
5.998062
16.544432
3.494963
10.248098
13.888891
14.556020
5.175332
-14.436814
-5.708313
-14.467429
3.765173
2.391763
-19.724621
-12.630713
13.032809
7.558125
-14.901427
2.192859
-2.156287
5.793363
8.765220
-9.219438
-6.475467
18.256907
-8.874118
-4.610718
-13.980963
17.295986
11.284724
2.989440
-4.613832
-8.777773
-0.767255
-9.779564
2.928991
-8.964662
-2.075193
-15.874114
-5.604343
-10.162364
-8.211569
10.495660
7.038723
20.546780
9.288533
-0.156932
6.767610
18.201046
19.818682
6.690143
4.855556
-0.881867
3.897682
-14.715219
-15.758034
-1.863091
27.905174
2.070222
13.897621
13.516481
7.299617
-18.436308
30.377848
9.792011
-7.226025
-3.527023
5.289943
-3.875216
-11.675815
8.164207
-3.292791
5.024131
4.409319
-0.536559
-11.726675
9.238076
8.053262
7.970346
11.988061
-19.044548
8.698128
-1.036885
4.826752
-4.306230
4.748132
0.151851
-6.417984
17.013714
9.289861
-6.493769
7.825767
14.064309
-5.409121
-13.266996
11.901167
7.284435
-6.707712
12.260733
13.146999
-7.070652
-1.259972
5.694478
13.753408
-7.741608
20.178123
13.972307
11.276741
-14.951374
23.237360
-3.810707
-0.294538
-4.283224
-16.946096
-4.689221
-2.379190
-11.072641
-8.333642
12.271387
-1.055907
9.233677
-24.803865
5.777045
0.645427
-3.337406
0.530525
19.049192
28.328068
-0.814133
22.555101
18.449221
6.249913
-16.270498
-11.874799
10.946651
8.495588
4.750432
2.443131
-3.561781
-11.550678
8.421670
6.783896
15.592431
12.732134
15.908809
8.992434
11.313227
17.718679
-8.562163
-8.815911
-0.857533
0.234894
9.803891
9.200585
-2.102520
-5.958471
9.236478
-4.929238
-8.690927
5.129319
9.463774
-4.435447
-14.061557
14.595082
-8.164756
-12.215253
7.095179
0.215385
5.365691
-3.626117
12.060205
12.488028
7.669931
21.722792
-5.601410
-6.427263
-5.697835
-0.174528
4.127285
11.713648
-13.417420
4.448846
7.843734
-7.122542
15.466714
-11.122111
-6.225447
-3.141795
-12.889132
17.856436
-5.126188
8.697354
-16.399017
-21.173958
18.773611
1.743010
-20.659380
7.848868
-7.952942
12.247431
3.999946
-5.179736
5.885404
16.001007
4.742899
-1.155654
-14.437592
3.906607
9.246149
0.250282
2.637038
9.370601
1.394420
0.009068
-9.098829
-8.122566
7.533126
1.848576
-3.461809
-17.224213
-18.127569
3.763626
-10.050941
-20.387882
-13.069534
11.397226
-12.913964
-13.855616
-10.994708
-18.173986
18.126955
-0.554323
8.757064
-10.489786
3.165299
-10.218149
12.496512
-17.123602
-1.540253
5.256055
2.878019
-5.464139
14.412640
15.710982
19.507141
10.677855
5.518568
-4.017433
7.023150
-24.215693
-8.095631
-21.550390
8.197192
-26.629311
-17.829386
28.614120
11.638686
-2.189623
-7.805339
16.291454
22.648964
2.537845
5.832627
-0.993956
8.010551
17.045977
7.070403
-1.159571
-6.182668
-2.682122
-7.856356
-7.384608
12.952186
-12.332869
8.385354
-8.513459
-4.742433
9.271922
-14.834905
12.794136
-0.686287
4.031721
13.429399
-5.741502
-18.457932
14.106229
-7.791277
9.771228
6.024093
-7.693461
-5.607067
12.233498
-14.829955
8.049865
13.521643
-2.736633
-11.558823
5.728995
2.941615
11.201344
9.687050
12.620401
-1.368957
6.785358
17.925665
-11.783481
14.139340
0.000398
20.828587
-17.201365
-3.315349
13.718745
-8.726839
23.296970
3.028312
-25.897343
-0.796300
1.832269
-21.974051
9.399697
15.383740
-8.528957
-0.938062
-1.098359
9.776685
-1.982167
3.627226
-15.434469
-2.783287
15.973002
1.558522
16.933056
-7.943488
10.068818
11.876631
5.454400
-14.052414
12.821938
-0.841162
-5.865978
-6.689138
1.247836
19.912832
10.433332
13.854080
-3.881732
-0.260037
-7.272570
-8.825133
2.246303
-2.160180
-22.971035
9.555545
18.043903
-14.318785
10.923265
-22.826866
-13.620675
-5.120113
5.644867
-4.811260
20.507315
-12.923701
-15.883498
6.412744
6.034421
8.660035
10.958663
15.126529
-17.225632
14.478603
15.158472
-4.102381
15.606323
17.974642
14.985189
-4.825692
-11.153693
-8.808513
-23.322918
-19.106565
-2.681567
-7.415385
9.530221
-1.815605
0.922066
-4.809190
-17.272198
-3.119810
2.125904
12.707568
17.796675
12.377252
-0.767000
5.702233
17.087503
-13.237581
10.442619
-11.809824
-18.175924
-13.213412
0.494404
-6.767948
-22.858355
-1.131077
-6.179359
-16.583265
-14.317725
8.116860
-13.439256
-12.497324
-21.106874
9.960133
3.009787
-1.150817
9.133977
3.550262
15.222954
-7.237708
-15.206605
-6.260197
28.071341
-5.835706
12.189846
7.643510
-18.738459
-5.559645
-2.649041
-0.153140
13.293769
0.114908
-7.831770
-2.584449
-2.341415
-5.818423
-3.010260
-19.858971
-1.717741
-22.879042
9.523771
-0.362369
-13.269814
-0.134099
23.281979
-9.467185
19.941093
-13.185081
1.476122
-13.755136
-11.103492
-8.769325
-7.972524
-21.323084
9.319929
2.385819
-1.506875
9.794617
-19.310028
-3.522404
-3.151727
0.444244
-4.749752
-10.188013
0.540920
-13.499757
-0.905827
-9.467125
-0.432265
8.012100
0.292931
7.476611
16.560976
-20.657505
-6.029155
13.316819
12.068578
3.258901
-4.371513
-8.158006
-4.983493
-14.444234
-12.381584
7.761131
7.730412
-25.522408
-8.944997
3.499415
10.798654
10.997142
17.430605
5.127420
6.802279
9.791390
-1.654117
11.329149
9.549939
-9.986432
6.889905
-11.443167
14.291682
-17.663473
-7.659203
-21.386072
-11.575068
4.819631
-14.697406
10.330161
20.761013
19.759716
-4.503196
5.226546
-13.802003
7.185924
-20.942751
-14.312593
12.246110
2.806091
-0.965687
-12.079948
14.428319
-10.311599
-18.830570
-7.431769
2.430280
10.182701
2.735605
10.528148
-8.672771
20.075998
-10.848952
-10.348137
10.364101
13.176067
9.353315
-6.247820
-22.892679
-14.282848
-5.861198
-10.985972
-7.283613
6.869706
6.673223
8.809072
-20.864418
4.426596
-8.707703
-6.623966
-1.040722
-0.892945
0.953872
6.266918
-5.268600
8.385605
25.649969
-8.831445
16.169460
-6.953047
13.248976
-8.066108
0.514800
8.727477
-15.423717
12.776827
6.657212
-16.260443
-9.362596
-9.357861
2.130741
-12.025966
-6.722075
-12.384137
-8.283948
-14.367495
-6.944901
16.668919
18.540169
-11.191129
-23.965637
-9.015613
-9.160466
17.697502
-11.780598
-7.486664
-4.279006
-14.330976
23.407284
-7.169083
9.714692
5.842462
15.346305
17.349314
4.664488
-5.005735
5.529232
7.568897
6.586707
3.194112
-13.768668
10.207273
9.482409
-21.422735
6.362040
-16.816578
14.441232
-19.742319
-11.805080
14.168389
21.556179
-5.119599
-14.249343
-14.244657
16.007017
-2.393001
25.509218
-5.454069
13.934179
0.858037
10.885962
-1.739756
0.499918
-3.325812
23.720463
-8.652122
-11.871275
-15.967719
15.686543
-11.837428
14.647337
12.339752
-2.743261
10.106502
3.347567
-19.570805
-4.148911
10.490429
-25.824995
11.426231
-19.414179
5.907430
-21.857374
16.729338
17.312899
-22.099766
13.349669
8.285814
3.416780
3.686188
5.358984
-12.148444
-15.519217
-4.983523
-22.954582
8.881054
13.069998
-10.257921
3.418878
1.852255
7.091222
-1.173192
-17.291723
-11.305445
5.111886
4.467382
-8.859490
-0.752948
6.565135
9.474539
6.934242
16.718727
-8.929919
-14.828076
2.728329
3.382229
4.315292
11.987372
1.786269
-5.220585
-3.771604
-15.015710
0.636445
-11.268141
-21.099255
15.634978
17.803680
2.267581
-1.818247
11.544036
-3.753347
-7.796752
-22.777721
-9.282612
6.889242
-0.889614
-12.642834
-0.394613
13.262310
-11.301250
30.052759
4.603730
3.636708
-20.221773
17.936895
18.686871
3.397593
-11.767900
22.128395
11.468134
1.152880
2.867748
0.065428
11.634116
-11.094979
-8.336539
0.820478
-5.949604
7.161496
-10.699199
-14.291133
-14.592278
-4.249967
-3.771703
17.026711
16.653877
1.559585
-9.722594
8.355956
-6.295913
0.212065
14.479628
-2.191947
3.781871
-8.872351
14.199752
-3.995171
-16.930420
11.967471
4.535494
15.058370
-8.212220
-6.290878
-19.043631
15.107827
-6.520855
2.048265
6.624470
-18.941404
2.049174
-0.674742
4.144267
-19.880140
-0.041427
5.743587
14.831960
11.196258
12.479866
7.727086
6.553148
-14.313725
-11.757662
-1.185904
12.484272
-14.475667
-1.941234
-17.619862
13.905318
-3.242620
-1.629941
-10.767676
-3.185666
-0.914507
23.962284
-18.125776
-21.032440
-10.813096
-9.924109
-2.848131
-14.679209
20.997993
-4.509670
7.514118
-7.830099
-11.571779
-14.230868
-0.785652
9.273144
15.653126
7.734137
6.513408
-0.534278
-12.440430
0.532581
-7.113370
-15.954717
-1.730854
-14.067201
-22.117748
14.583278
-11.866259
-9.281902
19.176516
1.411692
-10.711736
11.132732
14.940174
4.235840
-17.074368
-4.215652
2.345624
-0.647294
-0.427720
7.798320
-18.799980
-17.899666
-24.250793
7.919792
-1.470947
7.047238
22.119614
2.618895
-13.029811
9.247592
7.146055
-19.628754
-7.571589
6.334511
-22.047382
10.804647
5.168037
-3.432230
-8.165327
14.942094
5.596496
-7.063360
5.642138
-7.900315
-0.741174
4.133367
-1.867994
12.186441
4.657275
8.081738
10.713683
7.569016
-15.091585
7.851625
18.621691
16.168695
-9.185959
4.257801
-3.254553
0.549591
2.936986
-1.929706
6.456022
3.733681
-3.348415
6.265572
-9.584211
17.463762
16.059971
-17.369659
-11.550525
7.528917
-9.302961
0.975521
-5.342362
6.874464
16.230808
18.036463
-28.241480
-12.449318
-0.774465
4.647277
-15.679262
6.475570
-5.486643
7.985568
10.253450
5.656939
3.191739
10.193479
-14.374376
4.994819
12.596931
-0.903053
-14.058395
2.658369
-5.730677
0.807159
22.015196
-8.733604
-12.238458
2.992734
-24.491261
14.258168
-10.970842
8.970834
23.166395
-4.088283
-11.445825
9.052428
-8.760459
-14.069298
12.195395
-0.205004
-10.110168
8.785674
0.947312
0.566024
-11.371415
-5.476707
2.128216
-5.378572
-7.599031
9.049790
16.274446
9.055771
-0.793835
-16.011263
0.907493
7.053892
3.387901
17.171400
-1.973379
-18.110312
-8.638001
1.476185
5.372061
4.826747
-8.661123
-13.961447
15.730996
-16.439190
-25.328817
-17.884989
-14.788610
4.172182
16.952253
-2.045481
9.993387
6.506202
-6.817150
4.913965
-8.053882
14.060842
-4.514805
13.348531
3.384700
2.746800
3.037095
17.398399
-14.346808
-1.389722
-15.373272
-1.603744
-11.150940
-12.549042
-10.609434
-14.842179
-22.890282
-14.740541
25.808334
5.787651
-7.270509
-11.736089
-14.464243
-10.920048
-8.455502
12.704680
-15.044602
5.888112
-6.781152
0.195074
-1.744832
0.415239
-4.809357
-17.217863
2.232711
-6.965146
-2.963888
-7.875640
-12.915385
17.935411
3.602021
-19.694113
-8.991970
14.012997
11.040553
-0.996939
-12.506185
4.171943
-6.285850
-15.424082
-14.589594
1.918829
-9.916122
-5.367630
16.663166
6.488288
-18.930710
7.043156
1.394606
7.507170
-14.154579
-4.924347
-12.075512
11.804720
-13.914763
9.373111
11.250632
1.870280
-13.306453
-7.883224
-12.832946
10.799149
-8.108610
5.688745
-13.506823
10.166078
16.610868
-20.434828
5.902105
-3.706194
22.458649
-10.966026
-2.559552
-11.200045
-7.862056
4.332200
8.380864
11.814433
-2.600251
4.200172
-14.975041
-2.727544
12.400889
-10.165149
-13.920939
14.505330
15.858129
-6.382812
6.694291
7.334387
6.319314
7.762686
-5.699285
17.800537
5.503048
-12.656709
19.652868
-16.675339
15.228717
15.156308
11.037006
-7.320738
-3.515461
-10.674132
-4.611950
4.861347
12.485389
17.752985
-18.683262
-11.125862
14.935370
8.335665
2.709223
-12.838531
-14.516605
-3.518000
-7.565422
3.593726
12.833868
-7.783819
-19.330246
14.320521
0.082635
-8.044700
10.510220
-14.581560
3.028388
-14.154857
-31.112520
-4.623449
-17.695610
3.803219
0.758921
19.655640
0.932480
10.358468
-7.506256
-9.453549
-14.515833
-23.112301
8.289628
12.022770
12.921171
-3.115044
-10.375971
-9.079611
-9.516150
-1.790256
-11.606530
13.440204
7.289624
-15.963682
-1.104289
12.905830
-10.119721
9.300561
11.941880
-2.246570
5.922041
16.453510
-5.300598
-2.666074
20.936333
-3.085553
-4.325496
20.624287
7.161498
14.300882
-14.573750
-0.952594
-14.928626
22.830915
7.141902
-9.271888
-12.442738
8.723992
-15.418237
-15.160099
-3.362916
0.790781
7.262234
2.611118
-6.069677
8.892941
2.938432
-10.505621
4.327724
0.762597
9.793434
17.138964
0.748022
18.852638
-31.895626
9.024838
-20.147379
1.843885
10.434688
2.669442
-16.354082
-1.510166
-15.082979
-6.921407
9.794754
15.429408
-12.350302
-11.684681
-0.400189
-10.085629
23.593853
3.413920
12.962593
8.881419
-7.862369
9.220513
15.860929
-15.323012
9.633882
-14.515001
-18.797623
12.113172
3.223085
14.273815
-4.406893
-11.601141
-17.927170
14.527689
5.952821
14.079618
-0.622421
-2.472185
10.277273
9.617009
10.533441
6.192019
-11.620097
8.277771
4.540792
6.758534
-8.366790
12.830489
5.002482
6.257092
4.358305
8.929882
13.827400
-5.858230
6.586298
-7.024992
-4.951065
4.201982
5.958077
-9.308723
16.012270
-18.334160
12.633142
11.455226
-32.160065
7.962881
9.659014
-2.210721
-13.007107
0.656825
-6.207429
-9.216678
-1.783942
-1.443025
-13.008792
8.056557
11.421039
-2.810074
-14.244610
1.466674
-12.021288
7.592946
7.970741
-7.436213
13.244541
-1.777283
-10.200463
18.878258
5.813925
7.556313
17.063574
-5.712712
-8.523690
6.958142
0.508794
-4.060835
6.807349
15.441985
14.234422
-20.989372
0.415103
-6.591110
-14.075800
3.369385
15.896198
-17.083708
5.252854
-4.027772
-18.214180
8.194536
-2.299885
-13.874489
-9.137916
13.129563
5.307525
7.809025
-5.730552
-0.274901
-11.868764
-16.963202
15.822899
11.648009
1.919866
15.605406
-7.216949
4.737555
3.253237
21.122980
18.562351
-5.496568
-13.486966
-10.146502
14.511693
4.041065
16.559446
-8.514232
-5.760281
-11.773219
4.880314
-12.256910
3.528195
10.891463
-19.269272
-13.741650
-13.102313
4.224179
19.885094
0.261770
4.599558
17.873705
14.691384
-16.022013
-4.964986
-3.006976
11.123492
7.173097
10.315203
14.824467
-14.817614
-11.621472
2.233989
-10.641732
-19.113688
-1.423952
-2.618322
4.637754
-12.585396
-0.548782
-5.774157
-10.638870
-2.527941
16.371548
-24.021313
-7.983714
14.176156
0.619613
-18.778193
-8.567347
-14.541467
21.011429
10.612020
3.377802
-15.401359
-9.965561
12.103324
9.237994
-10.344130
17.469446
-5.502576
-13.087117
2.855684
8.820287
-27.427797
-7.921686
-27.064327
-6.372856
-18.000977
10.642471
-33.473602
9.339494
-1.550133
-20.302862
1.855329
-8.244938
9.968609
15.830716
11.371347
-2.212404
-13.083368
-0.226287
6.024488
-4.158603
-20.730003
17.802319
19.156067
4.690039
11.938767
-15.145705
4.127133
7.134375
3.655487
9.640108
-17.997391
-2.619021
2.464958
-7.224685
17.687819
18.514114
12.817094
13.807168
-20.073446
-7.044819
-12.886650
-17.786711
13.858163
2.086931
4.090719
6.607447
-9.460746
-7.671981
-11.919843
-2.537432
6.490757
-3.156849
5.234761
-0.361076
9.430085
12.279051
21.240028
1.690112
9.105574
21.351002
7.302485
5.470624
3.324055
13.389571
29.911707
-6.183196
6.591772
8.334455
-22.349506
-16.006580
5.861608
4.328361
-21.694330
14.549834
9.017879
12.238842
11.488189
4.918749
-10.394744
13.687879
17.892797
-1.910224
0.568902
-9.037839
0.970177
11.341976
-15.534710
0.490459
5.717584
-4.603964
-20.627802
-6.063230
-16.718681
14.859883
-3.341113
15.941155
-4.906212
1.841067
10.189302
19.341492
-1.403792
-4.907146
7.123468
-11.338514
7.419192
20.425791
5.056339
-1.319740
-29.082226
-5.022236
-3.414894
-7.686692
8.366383
2.502057
-4.584066
-15.841982
16.025166
-0.527854
14.232868
-3.136994
4.222071
-12.264894
10.321945
-7.497463
0.876548
17.388733
11.671244
19.494272
11.145514
10.692030
-23.624975
-23.655447
-12.199329
-3.530194
-3.237801
12.715095
-20.790817
-2.821289
17.300970
-11.447446
11.210742
6.015599
-9.866265
10.201747
17.491404
-11.079443
10.603218
-7.988136
19.452278
-3.549047
-15.992607
-12.774252
15.686994
13.894812
5.786251
12.830767
9.700101
-4.243470
16.171898
-15.849383
3.768096
10.106833
2.161705
-22.070446
-13.969854
-12.335010
-10.452599
8.241051
8.526982
18.815683
-14.731200
-6.997630
9.754769
5.666861
-10.185532
1.367627
23.280218
7.728476
17.046587
10.004662
-2.527444
-11.943850
-10.776237
14.823909
12.293595
-3.076844
8.275495
6.730861
-0.458048
-6.102237
19.497467
8.286783
13.666723
2.265430
-21.537996
-16.422493
5.477496
8.239469
22.721762
-17.157675
23.269726
4.227941
5.352057
-20.281145
3.144303
10.700965
10.619689
-12.790410
-7.686289
16.818253
-13.924242
7.838594
-16.981186
18.446741
-9.620651
0.787511
11.472623
-9.513217
-4.997857
-2.973766
-14.125111
9.968683
-25.011181
9.724539
-15.792611
6.375097
-7.643751
8.664281
-7.873857
-15.908376
-24.410673
-9.224490
-6.123880
5.197701
10.094910
17.949957
-4.210464
-7.581735
1.898639
-13.458641
6.346245
0.148443
8.075936
11.155746
-1.859030
-5.377755
-3.783971
-7.720755
3.122814
3.433092
9.158061
13.663157
5.190506
-10.430821
1.141185
-10.660103
-19.942728
-4.590140
-6.248253
-11.408014
-0.101632
-3.061892
29.109056
-6.472828
26.894648
-7.117882
-13.378543
-4.432962
-13.958093
0.185293
4.071177
-14.296276
-1.265793
-1.343304
20.487120
9.976364
-0.947937
11.826317
12.474922
2.611783
14.969274
7.518066
-10.304226
-8.715382
-12.567485
-1.139439
12.659524
-11.949111
-9.543286
-5.095920
18.973307
-11.168466
2.408745
13.753202
6.244716
-11.025993
-9.957317
-5.164587
11.285777
-9.826439
7.268476
9.423482
-0.830297
-12.264822
-19.581989
12.686749
-4.803516
18.153702
-7.922344
10.098657
10.048053
11.653357
-6.620497
1.169466
11.449758
9.303639
2.363080
-20.570494
2.812309
-13.667251
-3.989780
0.687200
3.335519
-20.178537
4.913363
7.635710
25.937090
5.808615
16.684456
9.212302
0.471432
19.436226
-12.883203
-5.870729
3.596278
13.747660
15.250660
-16.722090
-20.541594
13.229239
-14.067113
17.439388
-16.060827
-1.166215
15.121248
-9.322994
-10.808580
4.184861
9.570722
-9.007922
19.786802
10.752060
-4.908675
-8.397378
-9.265449
17.355383
13.203619
4.208438
14.920755
-0.123093
3.288830
-16.733198
-1.254377
-6.913017
21.446266
14.082280
12.629018
-11.342929
15.440772
-12.168017
16.408470
5.104282
9.020864
6.046580
13.597624
7.660085
10.911019
-9.915081
-10.189512
5.367558
-9.786899
20.028368
14.771297
-10.190948
-21.141645
9.354393
17.045116
-0.352538
16.218208
-3.591613
-10.641505
-13.454870
-11.476892
7.225660
-0.459473
1.705015
-13.706302
10.373645
-3.089033
11.541615
-0.390354
-9.795192
2.354386
1.108786
12.251696
7.269246
-3.659080
16.462530
-0.857724
7.703732
-14.209558
0.584247
15.686919
-2.854714
-18.133978
-18.998272
-1.795457
17.297554
19.031666
-12.887272
13.234257
19.239407
13.976259
-15.726037
7.610713
2.966215
-5.251989
-10.857024
-32.546513
-1.843034
7.002108
9.643321
-10.932178
1.761646
10.338653
11.253806
23.085644
4.072456
9.305285
-3.411239
5.947890
-14.288712
9.396431
-18.068672
14.242661
4.908591
-0.483117
10.643840
31.302998
-8.387586
-23.684292
-20.433470
9.274357
13.674888
-22.468630
-14.559940
-5.906937
-28.418663
6.461891
-15.223524
1.179415
-11.293328
14.009908
-4.113169
-3.660385
-10.871277
2.592407
14.272047
-17.990423
11.895358
-12.760542
-6.078167
-10.238738
13.745946
3.493701
8.613524
-15.652961
-18.623388
-20.958878
-10.927374
16.174421
-4.131358
7.272372
7.950883
-8.997207
-11.935045
3.011683
-2.634989
8.980164
16.518536
-10.236678
-19.084646
0.765374
-9.172712
-13.247937
-14.069837
-16.704239
-12.294605
8.887042
-17.993498
-11.654767
0.005931
11.898102
5.324402
-1.267636
6.475001
-13.817466
12.208951
2.759902
19.680861
17.650331
7.835687
-11.869222
-7.979814
-18.043631
-18.376596
-17.271151
-17.404778
-27.050404
-7.511197
15.321615
10.570477
17.031866
-14.378811
-0.664900
-2.679190
-7.494095
7.176418
9.093597
12.520583
15.051584
-11.255153
-9.933407
-15.468261
-13.465999
7.783600
4.963544
2.194411
-11.201961
2.408796
0.204335
14.335409
6.989831
16.904758
15.906406
-16.430759
14.752816
-11.267419
13.613971
-5.519932
3.736712
0.073960
-7.238544
-6.603476
13.308315
-1.043885
-4.209670
2.961867
-6.328594
-10.283417
7.865384
1.652308
17.460600
11.524940
-13.898395
8.112161
6.998363
-10.276790
7.988400
-9.454379
3.330676
7.757136
-0.756623
-3.025642
-7.426556
-15.200562
9.793973
-8.442213
-16.659998
-19.199848
-7.334430
4.529017
16.071503
17.165697
-18.582561
5.019126
7.970553
-2.295231
-9.390842
10.355041
10.696481
3.094010
13.203065
8.980178
2.292924
9.355816
16.100012
14.101630
10.979524
8.371650
-10.927110
5.706743
-3.565715
11.191965
1.420731
-10.633464
-10.890693
-2.182845
-5.329406
0.597636
4.541196
6.301826
-0.561488
-2.259294
-4.061225
-5.629933
-10.784393
18.330107
-10.744715
21.035168
-27.030615
12.066041
-10.043007
-1.982910
4.529235
14.092427
-15.077392
6.230536
-11.652391
-11.810574
-4.504601
-0.070116
-13.830075
4.771791
-1.875377
-17.057423
11.091499
-14.188333
8.098535
-9.217527
-5.442255
10.460091
5.792517
22.290356
-13.049119
1.311523
20.178551
4.995549
-6.561938
-28.059917
7.753737
-5.801776
-3.430737
-3.343410
1.333590
-7.316168
-3.590019
-8.446957
8.747936
-11.275556
10.780480
7.072674
6.051133
-1.097265
4.134810
0.276718
-9.112602
11.429508
-5.771749
9.183828
23.161898
19.856508
16.113453
-1.459098
-3.344055
13.806559
-4.838429
-10.633023
-1.857470
-3.142701
3.006364
6.979373
4.587860
-13.542798
5.717048
-0.556931
2.093613
13.857756
-9.490052
-13.899797
15.162096
18.556992
-5.403254
13.898506
-0.615184
16.456633
-7.316638
3.838900
-0.701330
-8.209907
-8.543672
-18.611807
-7.533226
-20.222282
-14.590129
-8.448383
-11.108918
-7.771643
-9.858196
8.368747
21.511353
-18.504011
-11.338507
3.820379
5.793962
13.548366
6.703398
4.672532
14.007049
7.709562
-3.434804
-2.546218
-7.016770
4.539262
16.778675
-15.101084
10.288847
9.557086
-8.876105
-9.490940
15.130570
2.379540
10.878262
17.136251
-20.909178
-3.914263
-16.438049
-3.588152
-20.584684
17.456343
-8.330313
-20.731007
5.629833
-11.024446
13.207147
-12.989131
-13.757663
-8.535456
-12.951508
-8.731054
-17.948120
1.155469
2.939445
-0.078062
-6.847160
14.912038
11.378114
-6.710944
1.349770
1.020945
9.908325
-1.891583
8.992953
2.946777
17.622520
11.709933
6.184235
11.434074
8.841530
11.463045
-0.952503
-11.932753
11.989600
18.989458
19.408030
15.640097
6.784235
-28.981625
-16.500916
-5.954710
-11.914319
-4.746514
11.813313
2.998887
-15.131904
2.743975
8.937613
-1.995264
-12.417522
2.603881
-7.531071
-17.141665
-4.933775
6.478259
20.243362
5.983809
1.716690
-18.890188
-7.795541
-12.045871
-8.771169
14.967763
-22.511044
1.780870
11.003584
8.411198
12.716765
16.793623
3.151544
-1.655953
5.162701
-4.053484
-6.236839
-4.434535
0.672494
3.563196
-18.988741
12.313702
1.070784
8.825214
20.356779
-8.355778
5.694858
-4.987331
13.104742
12.704082
-6.691543
10.949827
-8.698932
12.642669
15.525298
-17.041290
25.554628
2.503335
17.424776
-2.346331
15.243581
-4.854766
-11.700297
16.500374
-18.844276
5.900578
4.841999
-17.208847
-7.763650
0.126506
15.413027
-14.138213
14.844417
16.359699
-20.398062
11.638354
-6.586325
-15.547253
14.325548
6.852962
3.582829
-7.728607
12.368561
11.650874
4.623861
1.205583
-20.118284
5.140288
3.328263
12.737106
-2.517330
-16.789032
-10.112197
-3.169055
15.130510
-10.481010
-9.812804
-5.306743
3.587815
22.785681
0.979571
7.382098
0.329546
7.957239
-3.157579
11.160379
-19.737749
6.668604
7.077718
-2.728559
-13.887649
5.884513
2.354241
-7.307466
-14.127473
0.802783
0.386231
4.307545
-10.516644
-22.398081
16.650896
-1.358344
4.864421
-14.226813
-11.995084
-7.063540
17.821058
15.813405
-3.183850
-9.186875
-3.308512
19.929815
-2.431457
10.479469
-5.851127
9.600504
13.144531
2.081176
-5.960532
5.558588
-5.634454
-17.510593
-16.226181
-16.315899
7.486741
-0.852810
8.712987
0.112587
0.940744
-7.778749
-6.781258
11.560590
8.740950
-17.198347
-22.894558
-8.042559
-4.940992
-12.519592
17.152328
-9.217452
-15.834653
-4.726648
-0.789735
12.068532
5.005879
0.124046
-8.826128
-10.044517
-7.589849
14.909580
-10.195206
-6.259089
11.186025
10.827801
7.384355
-10.690403
9.485749
3.087385
0.202357
-9.658351
5.769543
-19.349007
-2.252530
-8.847342
-27.080338
0.028481
-4.360750
7.853017
-14.532595
-21.195299
26.795597
8.643567
20.984539
19.030989
12.262722
3.604994
-6.378968
15.548769
-10.603498
-5.563282
-9.263756
11.290288
6.443786
-14.433809
-12.922988
-17.779774
-15.807847
7.470581
15.446002
7.638156
17.646349
0.860059
-4.769545
12.360094
2.943988
-1.591393
18.228878
14.973316
-7.628451
16.345934
-9.458130
13.286598
5.020651
14.014193
-0.473907
7.003416
0.768650
3.920010
21.965523
10.968966
5.735710
-6.110842
-2.769342
2.389074
-14.009530
-10.168765
14.548687
5.472978
11.220914
0.537466
14.744220
-2.861465
-3.072256
-0.975153
-11.087760
15.572697
18.265951
-1.031666
-34.551285
9.406098
17.137812
12.023494
0.313896
14.060567
-4.181470
6.387389
2.730447
-1.507712
-13.593648
24.170839
15.819804
0.262745
-5.329228
-8.398426
-22.846199
-3.238680
-3.409695
-9.322317
6.347763
16.909933
-9.874827
1.949448
-3.572366
-2.138547
16.630344
-10.528638
10.249520
-2.315951
6.299951
2.228315
-2.497350
8.087017
3.352379
18.204433
-11.322160
4.745564
-1.131259
15.166089
1.950088
0.156508
14.557238
5.678480
5.238202
3.039859
5.156345
8.130869
-17.303148
10.650192
5.101410
-0.130593
22.325872
-8.468594
8.009835
0.456146
-12.209245
-6.314938
8.129625
5.462683
-4.171621
5.300007
17.476597
6.058800
-24.004181
0.487282
-1.795223
-19.903362
17.075823
5.709774
1.095463
-17.821041
5.073143
-11.077535
-3.924779
-8.788913
-4.150827
14.898377
-9.681389
-12.819415
24.500532
-13.161203
-5.908519
8.183201
-18.919832
-9.387125
-15.983577
-7.049159
9.095552
-16.754154
-9.598761
5.845831
-10.540665
-1.116245
16.826118
3.423581
17.244617
16.846216
-1.631627
10.043402
6.741688
16.897089
-9.760107
-12.348147
2.035867
-5.202425
-1.065064
12.798567
25.108690
-9.090634
-5.305363
-4.562899
0.508663
-12.394788
12.941341
21.111757
-4.361034
-10.815061
-7.331428
-16.413717
21.161974
13.250861
8.081985
5.695889
-3.733439
-22.932671
-17.817225
5.424208
21.199146
8.390627
16.961550
9.431421
-8.069033
-9.267922
-4.132273
-8.738148
10.654543
-27.904057
-11.898693
-0.871668
-5.909995
12.075418
-14.207507
-10.286593
-10.208944
9.192203
-9.986082
4.658811
17.528622
-14.265242
-5.913150
-18.057171
-14.453003
-11.140142
12.732018
8.726355
-5.111558
8.792485
4.944942
3.773631
-16.435400
6.185192
8.169298
1.431342
-11.141260
1.104686
-9.932579
-1.397547
9.827807
14.773947
-2.611939
0.398063
-22.917213
-9.691311
-5.615451
-0.297128
-18.573505
2.616208
-10.683391
13.132930
21.679165
6.870540
4.005437
-8.690692
3.930768
12.739914
1.794449
-11.135075
3.279828
-4.688995
-4.929332
0.292392
1.540840
-5.416743
-12.188122
-13.699622
-22.405369
-1.265329
16.262831
13.952214
25.724623
11.484044
-8.233236
-13.523649
8.553338
8.361008
-7.874812
1.552982
-23.099541
7.486572
-10.999772
-12.591053
-4.805818
11.976781
2.573974
9.409521
-6.270406
-2.417322
17.241161
8.466181
-0.940864
15.788124
14.457397
17.922157
-1.583107
-1.819458
24.821974
-14.012580
-0.034715
-0.354082
16.977837
-7.856812
7.003903
11.906441
-10.548911
-13.091372
-19.226061
13.138393
-17.086491
6.096792
-22.377140
8.398658
10.094516
4.367194
-16.488024
8.936742
9.989469
-6.733140
-12.816193
10.706188
-10.052384
-9.520596
-6.099210
4.604560
18.586128
9.525602
-11.846107
10.455963
-21.739132
21.717934
-18.688677
-20.623550
-7.796357
6.984574
-9.722225
22.874214
-11.590736
4.169899
-8.126760
-5.276884
7.231859
14.578575
15.489736
-2.201591
16.133068
-13.716313
-22.099079
16.537497
-0.960234
12.689297
-7.283230
-3.534571
-5.606503
-9.272753
-11.610257
2.229864
-3.110162
3.411047
7.662998
-3.775004
22.178741
-19.408550
-4.474861
-16.917341
-14.982553
-2.636525
-12.229085
14.144467
-15.221553
-7.218181
-14.718703
-13.129441
1.375334
11.810473
-10.918691
4.517730
-21.371344
9.649975
4.451694
-0.460663
11.872025
8.666812
2.229441
13.693897
-1.560443
-18.759848
-2.286924
-8.586101
-0.374735
7.606522
32.740650
-11.456083
22.807636
-7.038447
16.548941
4.665713
22.106548
13.432465
12.089631
23.899441
-13.308773
-21.745461
10.647082
9.620604
-15.801808
-14.203490
2.819117
6.619918
-14.748638
8.412716
-3.697379
-10.292699
-3.868995
7.164173
-0.768377
7.095148
22.032892
-7.079249
-4.893834
18.767216
13.707308
-6.653676
-14.773174
11.867208
9.710255
-17.945053
7.522079
2.130546
-18.460337
-13.229759
16.032354
14.184662
9.521245
22.843817
14.115276
14.018442
-0.359449
6.608957
20.109905
2.226555
-9.339550
-6.021591
-11.373455
9.220683
-1.987239
8.223763
9.026502
2.244440
-8.612654
4.105981
-6.519830
2.193597
-6.171046
-10.635882
20.568611
3.562107
16.783886
-18.193195
-17.502806
0.095606
-24.491692
-13.350439
29.856876
26.271114
6.846228
-20.758213
3.057657
-15.753163
-12.649647
-1.784218
1.316254
-14.836906
20.270018
-9.569821
8.636790
-14.417284
-5.401122
-9.760521
-0.153570
-17.540081
-15.474909
-12.552099
-3.521878
-4.855712
-10.614782
-14.002242
-13.703464
-16.104906
-21.424383
20.748859
-13.576950
-14.180827
0.652081
-12.858593
10.723298
-17.129705
2.260957
-4.082448
0.760846
-12.069537
1.094539
5.445930
-7.157288
3.863304
-6.246921
-11.235284
-9.049537
-11.386885
-0.095296
-5.156486
2.642693
0.225479
1.451100
-2.486159
4.436127
10.574279
17.760578
19.440559
-2.947587
-8.136705
19.534849
20.621317
20.325636
10.194000
-31.938618
2.715361
-14.206941
-17.141600
4.967481
13.448719
1.677333
2.371920
15.820995
-11.194340
-9.761844
0.793346
-14.089667
-12.093238
-18.717997
9.581709
-9.163679
16.892939
6.444690
0.631136
-10.743752
-2.659045
-15.040267
-18.029819
2.651889
-20.391283
-2.232666
-10.709248
-20.143297
22.696514
-10.725744
-2.548867
-12.017871
12.851727
-16.013897
-11.302047
16.844795
-4.374853
11.093824
5.206059
17.025793
14.318338
21.941118
3.737017
-15.775659
-6.798872
-24.460459
8.919362
13.110666
11.404526
-20.529232
14.684130
-7.674220
-8.632343
3.518944
10.673968
0.535126
-2.186660
4.882144
-2.733204
-22.872810
-13.841846
-25.728235
-18.828968
-17.489008
9.397419
-15.019681
-13.984925
-16.025793
9.036881
14.912015
4.375861
-3.442578
-3.404375
1.437719
12.795066
1.562430
7.083645
-12.864731
-14.154737
-6.817231
7.915764
-16.937292
-5.842997
-5.761307
6.104743
-3.736444
9.498040
1.389215
-16.961592
20.226295
-6.908342
24.691586
-12.929620
-7.163007
-5.730759
-13.079159
11.715286
-15.189697
9.284814
-4.371535
-11.247159
-8.550885
4.490187
7.061123
-0.353925
20.937347
-12.790689
19.550745
-6.355371
0.990610
-7.509038
-4.873004
12.435002
18.425779
10.780768
-15.378991
3.769473
11.957041
5.585809
-13.554778
16.534546
-4.724667
4.048452
10.126047
12.317578
-10.312035
-5.240872
-27.901264
-8.648959
-26.456835
14.174867
2.100670
-7.985565
-14.072288
-0.373659
5.878391
-5.189426
22.566547
9.352972
-17.337404
0.163138
-4.980873
14.241838
-15.011045
-9.773008
15.241421
-15.640649
-12.668550
0.146730
17.064405
-12.305484
21.209307
5.758286
-17.850716
-4.636924
-7.571369
22.068687
-1.339270
10.566493
8.265675
6.920933
5.994684
-19.974833
12.111108
13.404593
0.026869
-2.772003
-6.387983
2.878047
-4.758851
2.822972
5.932731
18.835258
-5.693589
5.384789
2.953115
5.406070
-8.383797
-4.783354
3.875350
-4.891376
6.828108
-2.918270
-22.285065
-11.035757
-26.791435
-3.753446
-21.321581
-9.619390
2.348253
2.493077
9.141116
1.287568
-2.063021
17.704113
-7.998441
20.983585
9.904310
17.994413
-10.765641
-11.418800
-26.320320
-15.841144
-2.939030
-6.529137
20.483877
-12.317311
9.232169
-1.773722
12.655736
14.932527
8.429667
3.522150
0.719859
-16.115252
2.333717
-2.205295
-16.843828
11.778346
4.489617
-6.108191
12.893395
1.083799
-17.200729
-6.985289
10.745897
-9.949486
5.196180
-1.168439
-2.585454
3.638601
-18.730595
11.879776
-9.328787
5.810155
-3.513788
-1.934254
-14.377942
-7.826066
2.407108
-14.233974
5.231688
7.279092
12.665781
-5.786031
-12.008774
-10.558516
-10.768985
-12.096566
-16.310474
12.598016
12.276064
-3.211577
8.306211
-3.554213
-23.618696
-12.608181
2.711096
11.117102
4.552901
-5.672222
4.474727
6.946864
-17.164970
13.295742
-1.726253
1.331773
-2.824248
4.487227
-16.234221
-2.377847
-14.705292
1.709305
-1.471089
-14.607621
24.053228
8.944612
-16.532490
5.191160
3.565525
20.365244
-2.956629
-19.917421
18.788822
-22.754644
-0.999019
-11.112522
-22.569912
7.365919
10.813504
13.362377
-4.567238
3.734133
-16.252129
-9.209949
2.760548
-0.518583
-25.255283
-2.309190
-8.016914
0.236606
-26.101744
6.954422
-4.420994
-1.531334
-22.836679
-0.421928
-7.834674
14.931555
15.698367
-19.098948
-2.783541
20.809849
-3.599935
-7.726407
22.939022
-8.526440
6.230729
-19.555946
-11.607075
14.077633
-23.644472
0.624023
15.720018
-8.093120
9.350617
16.154629
-1.030565
4.350014
-10.244556
9.622892
11.607018
-10.185620
21.589025
16.422426
-3.697009
-17.943268
1.765056
-0.281167
5.797752
1.696151
9.227183
-13.546482
11.653998
3.318439
-5.661707
10.030668
21.033480
12.076619
-11.060558
13.295757
-7.028736
-7.813158
12.971661
-1.562292
4.918206
-3.843029
4.930901
14.684821
-13.900613
10.947810
-0.127013
4.423788
-0.529480
4.073049
14.980728
-2.036007
-2.614529
-10.160837
8.190066
-9.881233
-10.781781
5.457675
-8.607556
16.104792
4.488039
-20.661440
13.871403
0.077483
18.232813
19.781696
20.638086
-0.227435
22.134510
4.797653
-31.043968
6.279707
6.689232
-10.621007
-10.085236
5.732586
1.898118
-6.106225
10.903144
-5.767252
-10.793923
13.521337
-4.453319
5.325633
-3.244165
-2.381009
-9.903057
10.624322
12.580221
2.341462
-2.293893
9.822376
24.449442
5.937098
-17.400076
-1.439789
-11.522819
7.256848
7.289214
11.262869
-13.562888
-1.256968
1.410596
-17.847185
12.166881
13.897245
-16.485550
-6.252715
-13.055016
4.396237
1.630311
-13.307967
16.714186
-18.539272
2.207230
7.172801
9.338806
-14.514115
-7.382254
6.144612
5.787423
-19.620230
4.833527
-9.291836
15.116998
-7.530138
-9.751486
-2.606120
-24.300949
1.987770
22.257900
-5.820954
17.914852
12.169147
26.950573
-17.315075
16.098988
4.145658
-8.366552
2.409602
-12.201046
-6.070072
-25.589859
-8.028763
-18.262831
11.856831
9.104035
-15.635980
11.100365
13.765602
4.370884
7.217835
16.090326
-11.968345
-14.550396
10.792475
-18.423050
4.103702
1.128726
18.580511
-11.256063
21.539190
12.773540
-12.437492
11.425093
-9.085530
13.910740
1.647018
0.393419
-9.922456
-24.015905
-6.066561
4.607121
9.048462
-8.436975
-9.604506
-1.830060
-2.676886
-21.334476
-6.594538
2.092370
-8.911467
-2.424211
3.225321
-13.075425
-1.790752
-11.214986
-18.689966
6.928393
-8.084558
15.569775
-6.078694
21.484531
13.735324
18.382132
-17.072901
0.490422
-9.366687
-21.159853
9.555786
2.904875
22.206310
-4.308465
3.110901
-8.742146
-0.697049
-20.958599
13.241151
15.595469
6.985011
20.014439
-17.273499
-18.442507
6.233509
17.189455
14.461637
17.586187
-11.784207
-6.505641
5.713212
-23.056458
-2.268049
4.505312
-3.771656
-3.172884
3.413463
-10.175794
-21.244537
-6.580287
12.891106
-15.455008
-14.125132
-5.700263
1.964066
8.373738
17.625641
-13.306555
-14.671535
15.620118
-14.427549
0.558953
-4.972372
-19.473976
7.742004
13.460239
1.498933
-5.743636
6.623159
-7.486555
17.900251
0.478229
5.359862
-16.664572
18.631716
24.318462
-8.109735
17.048632
-2.477214
3.753414
-10.487951
-26.470005
-12.170787
-12.204072
16.923098
9.119704
-13.820138
-8.436806
-15.694184
18.808863
14.478727
-7.635199
9.783376
-0.210745
-14.790494
-4.292778
-3.643086
-16.465017
-15.033847
-13.109572
17.742123
-16.913401
7.093791
6.286043
-7.855719
1.041977
5.180439
-18.309229
13.733358
-2.038882
-15.825942
2.536755
-11.608472
-5.801158
15.289917
9.924603
-4.825265
12.400464
-21.304007
6.835639
-8.547891
3.531388
-3.219995
16.973915
-0.308583
-1.555361
-2.004072
-22.206568
-11.164772
12.267138
-11.612039
-0.556090
0.799533
-11.552768
16.585249
3.159157
-17.045628
16.715910
-3.715226
-24.206360
-4.172438
16.503824
19.012196
0.529577
-7.657833
-15.261505
2.893205
3.494305
-4.596445
-5.619181
0.360749
8.759280
4.837780
17.335663
8.355378
12.926761
-15.649655
21.983885
-4.377828
-2.619368
18.948174
8.770186
14.892444
-7.194332
-7.257652
-11.505730
-3.819923
3.743780
-16.513628
-6.089616
-22.517157
-14.430997
4.086611
-20.147745
-22.091600
-6.491380
5.102053
-5.290040
-12.066894
1.659116
14.727313
-14.575868
19.539061
17.740070
10.032178
18.739738
5.137110
20.701109
6.641234
5.451049
-10.594870
4.247489
0.161139
10.882697
-1.211873
-6.742969
-14.989654
3.579445
13.463746
3.965342
13.998239
-9.555661
-2.798318
-18.886236
3.116757
-22.644279
-15.803205
20.840162
15.327486
4.294595
-9.038568
14.692636
11.276574
6.786898
-10.645288
-4.590316
-10.222964
12.727798
-2.135465
6.520826
-1.797680
14.960324
9.344177
-8.155488
-13.325121
-13.369320
3.139914
-15.059423
-12.706991
-13.330250
-3.209626
3.916280
18.879827
-18.271940
13.991339
18.412872
9.039052
2.359585
19.993694
7.599384
-2.927215
-15.124301
1.507926
-4.139305
7.230255
3.646813
-8.518734
-6.233884
5.503941
-12.260081
-5.226768
-22.213293
8.543091
-17.406876
11.257759
-9.487543
-5.306453
14.783424
-15.110484
11.918702
-8.150179
11.155893
12.820787
-4.279707
18.681953
7.160657
-5.435399
-2.302180
3.033878
-19.378654
18.106489
0.025324
-2.696003
-7.040062
16.949949
-19.739042
24.626692
15.280372
-3.732298
9.117027
0.125996
3.970352
-1.842358
-18.912102
9.266270
4.271152
-6.321824
-4.142410
-12.915931
9.995396
-6.847698
-16.843460
-15.017299
23.295214
-0.352174
2.701213
12.421516
-10.917604
12.108627
-4.478015
-3.712841
8.140044
-6.780424
-9.969494
-7.846071
12.751152
14.680896
6.745330
-4.627312
3.843012
1.302293
15.465558
9.777389
-5.875000
-13.861306
15.253600
1.368575
16.912212
3.025254
21.902718
-1.390996
-0.349618
2.976251
16.895491
-14.732700
10.445998
-15.270669
-5.873363
6.257247
16.167704
-14.528815
-26.585537
-8.285289
2.403257
-5.288581
-9.362022
-4.894125
-18.538519
1.310971
-17.094904
-21.099977
9.149585
-8.776953
1.121961
10.576641
-6.990436
14.556800
-0.321535
12.457849
9.552470
-15.028049
-11.189466
-7.698183
10.634369
10.311846
-3.518088
17.182356
23.926157
-12.141387
-16.233036
11.657117
7.330294
6.201154
16.690481
13.702912
-7.717769
-1.799036
10.696662
-3.162293
4.715933
8.668633
-17.983791
-7.673820
-9.216296
-11.811635
-9.223326
0.830264
-15.964229
-11.731785
-15.005091
-12.691350
-19.360956
17.810181
-3.644674
9.382508
-8.007548
4.540892
-24.751543
-13.754150
-13.437432
-1.674846
17.478434
-18.674301
-4.794118
16.183416
-23.238428
0.184472
-18.541119
10.970203
22.552008
17.248577
29.663591
17.325632
3.662595
19.306021
-3.888894
-12.531819
-7.587541
5.633532
-9.764853
-5.683831
2.039541
10.641747
21.778147
8.123848
17.939692
13.582173
-13.878590
-13.455070
-14.609228
-15.415055
-3.311244
-9.248375
2.082052
-3.800781
-9.740523
13.330576
0.589779
-9.563135
8.930893
10.769438
12.165901
-21.326637
-5.185387
11.031003
-6.418952
9.286881
-2.884643
17.211746
14.285328
13.994875
7.307528
-13.690834
-8.039628
-7.584482
-2.083194
14.291956
-2.381998
8.961764
-8.936495
15.072246
-17.622614
-9.940253
14.949649
-16.220106
-14.639882
-2.408119
-10.482879
-21.554083
-13.645324
1.946268
2.972760
-14.353622
10.027324
-3.940507
-8.233375
2.895065
21.621666
-26.261938
-3.926322
-2.562390
5.110881
-15.998494
-16.429213
12.376916
-6.367514
8.100919
-17.909626
4.770893
16.062269
-7.408360
9.107407
-6.446130
-0.479306
-0.592843
13.852505
-2.582056
-2.189872
0.506372
11.941821
9.287319
10.627813
-13.298001
10.689066
-7.419256
11.238219
10.032727
11.679453
-0.382293
10.080335
-3.940998
2.795098
-12.830323
-21.683788
15.728485
-14.359570
-1.219497
17.277384
-4.776962
8.871264
-15.253344
-14.010102
-8.886423
-3.872130
-12.832809
6.124359
-2.815362
14.941469
-14.434172
-2.858129
-19.268360
12.697881
-8.261945
-9.435467
4.513397
-11.326954
-1.287493
-22.967466
-2.587207
4.698192
-13.176294
-25.246784
24.646122
18.658113
-1.027037
-3.343235
-15.630300
2.957130
13.086305
19.937912
-7.600178
-1.342484
-10.474138
1.042879
17.703344
17.155853
-12.491516
13.436240
7.364753
3.567677
5.649125
15.735801
-19.199394
21.344358
4.792957
0.530874
3.126368
-7.693771
16.499968
-13.492257
8.721874
-17.076302
-13.344767
0.206112
18.126192
5.610028
-1.966061
10.506850
-9.076694
3.130259
8.453465
7.504284
7.690758
-16.316116
6.607265
-5.710918
8.375624
-8.192557
-5.069139
-18.506790
1.216291
14.291038
9.942600
-7.843966
4.042037
4.730056
-11.765360
-18.052971
-10.459927
-5.032364
-21.663843
2.093338
-17.792475
15.709577
-16.681705
27.700994
-3.880328
16.203356
-1.269076
-6.109469
-9.255966
18.174425
-14.651791
16.838524
-3.930279
-20.679176
-1.941489
-4.657768
-8.087893
7.444838
15.233388
15.147307
-7.091897
-0.230790
12.590570
-11.369280
-14.264303
17.436623
7.185164
-17.958567
15.652164
16.311140
7.999456
-4.834002
19.629030
-6.218941
1.550028
10.329331
-7.630105
-11.153229
19.402584
-4.103753
12.126019
8.158342
-7.864562
1.538944
3.183213
5.617216
1.917531
8.955644
-15.340604
-6.917139
-0.633530
0.517936
-5.543444
11.205026
-17.609232
-14.880217
2.231343
-19.600016
-9.709398
28.183449
10.193683
-7.800286
-2.295392
1.791893
10.275544
-8.015099
1.846177
14.114333
6.823684
15.002824
-1.608700
-6.026050
11.670354
18.644180
2.917581
-3.875815
11.982930
12.222786
-11.835880
15.755618
-16.215456
-6.993063
4.045279
7.239902
-9.016284
2.631366
4.055730
16.445635
15.053020
24.219732
16.782637
-10.795081
4.461797
-9.256141
-7.114458
-4.862222
7.553470
-8.827511
-13.034442
11.938556
-20.318888
-1.688926
-21.740765
-23.293425
15.470417
9.223617
-0.536086
13.094573
-10.186313
-16.878416
-18.390375
7.068667
-0.230925
-12.475735
-0.920329
10.734303
-0.262839
5.594646
-1.632720
1.923402
-3.693395
4.844079
-9.904675
-24.256680
-11.073211
-9.215405
11.786386
9.924394
5.803448
6.237706
17.477596
9.391093
-0.580104
13.251993
13.445642
-6.343894
-4.897384
-7.832555
4.491539
-19.380772
2.718079
-18.369209
0.037304
7.648157
-2.782656
-7.453051
-11.336720
-6.295184
14.869282
6.469133
-8.879912
15.826316
-17.164988
-7.743249
-2.247793
-1.837419
17.362078
-23.110722
18.128952
-11.739127
7.168536
18.652649
-5.991291
-17.027588
-13.231789
-16.026373
19.190626
-13.675737
-15.716506
-15.732693
9.691660
-6.115002
1.896608
-11.541103
19.634628
-11.173884
4.733581
10.655498
15.120356
18.195564
10.903062
5.360282
3.555777
13.791658
6.567882
8.778349
2.358976
-13.111765
-0.560046
5.656781
-4.465960
21.333843
14.910545
22.510693
-17.383602
-22.444693
-21.169861
6.661251
-18.345915
13.830171
17.433533
1.810137
-12.206340
-11.586806
-12.860764
-18.545904
-12.512582
-21.009727
-8.970477
5.496849
-9.746337
15.078215
14.599740
-13.041098
7.268269
15.350445
5.404504
-15.131690
-1.056335
-16.958529
3.086725
-24.699842
21.711800
-5.194370
-12.839838
6.041637
-10.943007
12.589900
10.584693
13.057318
-8.154408
-5.332089
-12.288031
-17.581270
6.879567
4.712366
0.711678
5.586918
-0.719804
12.745167
-13.054722
-13.570282
9.334184
-6.031802
-6.466769
13.494733
6.391197
-17.018515
-18.281954
-14.720326
-12.240866
7.733190
2.091655
23.329769
7.786411
-17.202724
-0.467138
-29.879408
1.583685
-4.365894
5.553988
1.126857
13.857843
11.473487
-14.139722
12.869883
10.347074
8.036441
4.075174
19.378746
-5.607510
0.873370
-8.056339
17.930141
-0.741651
-1.259475
0.459906
-6.553980
4.533287
-8.570670
-19.989799
9.256217
8.175365
17.678288
7.173325
-22.803558
-18.516497
4.957395
-18.769651
12.565195
2.025708
-16.157572
5.332782
-3.188023
-1.429828
-32.265423
-4.075029
-19.077782
-3.311526
-4.143883
-9.614376
-18.139221
18.632023
-2.940945
-13.176842
3.786552
11.795288
-10.943552
13.021100
-5.588335
-7.880429
6.096029
-2.527327
8.498525
-15.557103
17.317055
-7.892814
5.328002
6.994449
-22.908772
2.935537
-26.927378
15.401200
25.905079
-0.622262
2.136028
-0.075372
-9.543631
-5.188346
-14.739530
13.639801
-26.007362
14.385143
3.317844
-13.834843
-2.794344
-12.652392
-2.621475
2.939935
6.825050
-1.988620
0.809592
-8.394754
13.709291
-10.991283
15.465182
-7.556787
8.308402
10.770390
-16.007915
3.980485
6.620688
13.647085
-1.408483
0.846521
-15.496925
3.464309
-0.878391
19.142506
16.583702
-15.792660
-12.052627
12.292170
13.920406
-15.377935
-9.483607
-12.098479
12.104950
5.950852
-6.993317
-8.261091
-2.474108
4.949096
5.003597
-14.432623
-16.114519
-19.231461
16.345209
11.041991
28.251236
-5.687829
-8.548581
22.607944
-16.782103
9.398069
-15.416619
2.291141
0.909589
-1.681233
-17.806087
-6.942907
-0.167841
-12.049483
9.104153
-1.510774
26.916920
10.870820
7.690527
6.545846
-8.441817
13.364694
10.588640
17.184694
15.367382
-8.247693
17.540945
9.833817
-12.217514
0.039346
10.332556
17.683981
6.103415
12.036516
-14.372737
12.815326
-1.924172
-19.861959
-11.203728
-13.436971
10.217895
-12.666944
-5.697214
8.807575
25.894073
-12.587626
-5.100685
7.405503
-13.553240
-5.567530
-9.914280
-0.015803
-18.031752
-0.389564
-4.328755
9.028047
15.875316
6.128543
9.277324
-21.361979
1.606460
15.928984
-14.367950
-15.806809
-3.216327
8.937028
22.241602
-10.609257
-26.135960
-8.282493
-5.054751
-17.574577
-13.177471
4.830427
18.385660
-21.195793
0.425555
15.061895
-14.387919
-7.124925
-23.346258
12.348582
20.785931
-6.029446
-2.872772
-11.401673
16.234480
-4.301629
9.533443
10.153906
-20.769745
5.058798
-9.814002
5.775971
-8.403106
-15.541655
-1.173214
-13.981070
-2.896513
12.268779
2.278188
-15.909549
14.601924
1.017105
12.609251
-14.487251
-0.165163
13.955160
-2.838393
6.741414
5.172720
-6.827119
-16.689978
16.805244
-6.944438
7.553790
7.637023
-8.499972
-12.313511
7.858062
1.609394
9.725578
-12.792984
-1.541076
3.837707
18.930376
-13.038589
-6.871175
-15.115017
-9.130512
-25.740784
13.618305
22.299891
-22.200283
19.173775
14.371361
25.982157
25.348524
-18.203228
-5.991473
-3.818007
-7.172109
16.045090
-3.880003
1.795995
12.169412
-19.378185
-4.884607
-18.810087
-9.214076
-5.210553
-2.581833
-12.504063
-2.819999
-6.754010
4.114249
5.358201
-3.255407
-8.360102
10.647044
9.665381
12.456776
-1.559045
7.838170
-12.344890
-6.033377
-16.807453
7.524368
16.594898
9.950215
-13.318971
16.827566
12.982112
2.629439
13.228943
0.334719
-1.685790
-13.584618
-15.133230
-12.701330
18.295343
4.174315
-14.571889
1.106876
-7.365303
11.150798
4.436687
7.962532
-5.996177
1.541704
6.956593
17.799047
22.672707
-7.162121
-0.038777
12.065636
15.314068
-7.715181
-0.225660
8.168911
-13.975224
5.915679
-6.716955
-13.296536
3.700600
15.477916
7.269554
-1.800574
4.294022
-4.590515
-17.700693
0.416460
0.552790
-4.705760
-9.606499
-7.059265
-13.941123
10.531413
-17.706459
-0.389516
-5.681267
-17.603775
17.865875
-7.135902
-8.725860
-0.963533
6.037022
-7.572875
-4.434492
14.269905
22.856312
3.728179
10.613745
-15.099962
0.092765
-10.498951
-8.034642
-10.649353
14.758990
-8.078529
-21.954645
6.081447
18.176632
6.790315
11.962898
3.495852
-8.468464
13.913143
-5.202817
-2.671120
4.956964
-9.621783
-3.015590
-21.286085
2.521589
5.746624
16.755198
9.478601
15.171298
4.667693
-21.233334
17.256229
6.386956
-13.758110
13.121964
4.400743
15.700212
-19.313848
-7.733466
-14.168471
-8.841008
0.322457
26.044146
6.001933
13.037550
12.871890
14.732435
-6.387088
7.671144
-8.222555
-11.747767
-1.760289
21.087814
5.740414
-7.684626
-1.938833
-11.108043
20.276445
0.241329
3.313240
14.643838
-11.504434
-4.731751
-16.402081
-18.110971
-5.520379
-14.084948
-0.886519
-17.416668
5.937305
18.149696
-4.697438
-13.331399
-9.171911
-3.747702
9.949940
-13.285929
-17.297873
17.685551
11.265955
5.385801
-11.556993
14.279244
11.506626
9.496156
-20.136974
0.636745
4.905732
-17.888721
13.839219
23.094513
-3.145864
2.042487
-19.880188
-14.530579
12.689877
23.338558
17.840282
3.285560
26.483725
-13.942004
-1.696062
-3.799599
-14.893658
1.971200
0.788794
-9.533838
8.540632
14.208331
3.013050
8.556536
-18.978964
1.930709
15.464576
-1.438717
-2.119725
-15.581079
-7.420822
-9.711263
-14.285365
-16.217663
-17.863665
-4.598328
3.729919
-1.321536
23.874809
6.293524
0.653577
5.963289
-14.827640
-11.562231
4.866262
0.185930
3.658805
-20.961370
-14.758402
6.456346
14.354349
5.794939
5.912984
-19.650328
15.686641
-6.392529
5.965573
-3.332921
4.309639
13.280559
2.967443
-2.672396
-12.402633
10.881941
-18.118809
5.052320
9.293458
8.987967
11.831647
-6.227148
-7.814943
-14.713729
-6.896691
5.015130
5.575627
-16.016363
7.990138
2.778555
-1.608919
-11.251381
-6.625319
-3.255625
-5.403999
-8.582068
7.983962
-12.609936
4.227089
-11.950979
9.676156
14.971032
-12.825330
11.129328
10.179497
-20.033314
-5.747012
-6.914360
-15.464822
19.594328
13.169676
4.937066
9.321792
-2.963103
9.666946
-6.591304
-1.156069
-21.385857
-1.099436
14.480340
-13.564823
-1.725688
-3.334556
22.646891
-8.286463
9.651818
-1.674613
-1.172076
-12.367328
6.239611
-9.593555
8.538277
-1.409428
5.330780
-3.066810
-1.015830
11.823752
4.881273
-16.426334
-16.719032
11.268201
5.577348
-12.596224
-23.159323
-1.609621
-20.298225
11.466199
17.714846
-8.552421
27.920275
4.089021
11.016416
19.594122
15.023144
0.147497
-1.178616
-5.013990
-13.291039
7.841230
-1.745172
2.329281
7.065215
1.450129
-15.366199
-0.826798
4.118443
-6.864796
7.983732
7.479512
-16.724119
-11.088573
14.436864
-16.618408
25.653831
7.923624
-14.433511
17.181545
-8.270857
-21.010153
-2.822281
-16.029636
14.418027
13.811443
-2.023651
8.373853
-1.249602
1.717311
-7.867974
6.491486
13.455535
8.624559
-6.425365
-12.047401
14.212589
10.845056
6.948154
-8.981789
8.318224
-12.586460
-18.710730
1.491397
-0.907405
-10.408619
-15.960409
-18.570194
-16.266512
-16.584122
4.510137
-10.453094
-22.519274
21.033503
-8.700109
11.320746
-0.627293
-9.347029
28.498875
-26.484900
-19.782923
9.789592
-6.121758
14.838861
15.351854
3.593334
-9.721525
-7.341246
-22.144087
2.889714
-17.818073
14.507240
-2.318395
4.100445
-14.491465
-0.038244
8.329033
-10.841626
-10.465669
15.163617
-12.710426
14.796861
1.451689
-7.232638
17.498373
-3.252599
-8.653264
19.977226
-17.134171
3.368798
14.181197
20.384958
-7.245407
-11.858827
-29.666313
4.072532
5.680854
-2.018200
0.660237
-3.491848
10.955491
13.677051
5.066674
0.707458
4.296532
4.741286
-11.523876
-13.467875
17.719584
19.316542
17.229298
-18.065205
-9.469019
7.115672
28.416109
3.746790
-23.249935
-14.555758
1.443292
7.715466
24.504272
7.675279
31.871054
-21.441082
1.622101
-5.477513
12.598443
-4.087251
6.683037
-3.283288
5.262551
-9.731672
5.821732
14.587443
-2.577780
1.394632
-0.160938
-14.089743
-11.864543
-6.111958
-20.484598
12.797462
11.327975
-11.262266
6.938756
8.554095
-10.155607
-7.614876
17.908287
18.991858
-6.147875
-4.792466
10.234792
6.255033
1.779786
-13.425265
-5.914473
-9.779913
-1.435352
3.947440
0.146328
3.550528
-22.185850
11.384735
-15.979165
15.866873
11.141351
-0.115548
-12.261323
-12.333205
15.707216
-2.624856
7.826060
-11.660102
7.055378
-7.342535
-6.063938
-12.855866
-3.297347
3.854941
-23.038687
-9.720156
-8.897653
3.870977
-13.233912
17.471369
28.553629
5.451281
-11.570504
-5.536066
-2.344050
9.305321
-12.118799
-11.941133
6.393303
-2.836597
-13.107383
-9.734274
-7.861472
10.173509
17.061115
11.593325
-1.585313
-2.525313
-20.017860
4.188558
6.108358
12.544953
-6.045290
9.107047
13.704179
5.641387
-1.277219
9.554303
-12.858340
2.789450
-12.972704
11.012249
-6.824198
-10.667377
-15.171996
10.512157
0.302307
6.526284
-6.069167
-11.683750
24.360821
-9.171897
11.828025
3.393627
7.281835
-5.542251
5.960167
-4.346133
-16.396093
-12.193857
-12.255338
-2.920590
6.089660
4.078169
13.409924
-7.414495
23.333588
4.313890
0.794105
-11.309423
16.838434
-3.553340
-26.023571
11.279009
-11.590837
-18.294071
14.318413
-12.500843
-13.538673
5.295021
2.003780
-0.028172
-8.235151
-3.182522
3.358811
-1.352452
-4.546933
6.828622
-12.420653
-6.837385
-5.205411
11.053732
-6.011076
-11.995061
-14.262553
2.233918
-14.202196
10.492123
-3.367780
18.575453
-22.080830
-7.534946
6.874249
18.080997
2.986830
-7.105070
-0.942930
15.899678
-2.106827
16.686543
-1.075548
8.294278
14.755857
-3.042452
12.287196
-1.813592
18.822794
-13.876367
-0.476105
13.666457
-5.305211
9.206321
-3.035294
-5.595241
14.073620
-13.236351
-0.299438
1.259685
6.433243
17.505930
7.037667
0.370939
23.277470
5.063653
0.610770
-4.065559
22.184879
-8.534576
-14.778159
16.334200
-3.096821
22.838373
-1.151231
15.473793
17.706009
10.717957
-26.201099
-7.102054
-19.134459
-2.285561
-9.306441
18.002300
-18.158693
-3.881835
14.393076
12.168836
9.317000
5.483631
14.079728
7.600076
-17.267727
14.870761
-8.789580
18.467312
-22.006580
-17.499905
4.978211
3.563327
17.388063
-9.834003
-3.957447
-1.339384
-14.321742
25.013779
-14.790037
10.857182
5.347294
10.167493
-21.914663
2.688714
13.157036
10.246010
14.123103
5.515695
12.417068
-6.079287
-13.550773
-12.120401
3.981715
-14.057561
6.441017
-11.083000
-13.376525
13.055572
-12.140797
-10.950156
9.548786
-23.782583
-2.480245
1.417908
7.795030
-16.714413
28.703575
-14.815535
-5.131714
-3.568369
-10.269275
14.754782
6.535482
-10.640459
16.132965
5.354682
10.801883
-13.556293
10.951322
17.369055
12.573335
-8.426426
1.966486
5.732728
-17.621052
2.976925
-6.196636
-5.628776
22.797054
1.736520
-1.445641
-1.668867
4.355130
4.672501
-4.324640
0.460737
20.163782
4.839200
-0.168562
19.082855
-6.972326
-21.949156
19.776260
13.627670
1.090494
5.190348
-6.503225
-10.409361
-20.668852
14.707168
0.249454
10.087326
13.072523
-5.642525
5.914577
-14.166615
-7.621629
6.268454
9.765826
-17.570290
7.785294
-8.099158
-23.662573
-10.436168
22.959312
-4.086773
6.002591
-8.667265
-12.476709
-7.761878
2.303398
20.280664
16.407949
-8.327179
6.167172
2.338941
-3.518021
-11.841797
-17.513542
11.756546
-0.991672
3.620219
-14.064746
6.904453
-5.120011
9.089787
10.229745
4.898297
10.182642
-1.257278
13.051591
-12.272691
-22.377771
-5.554111
12.750937
12.396568
5.560454
7.143721
7.052187
-22.824627
12.701595
-13.254730
2.186349
12.337818
-11.604454
-12.139106
-16.811958
16.956285
4.206774
13.875559
-8.309103
-6.632730
-21.164764
-1.599634
7.730967
7.753803
-13.074632
-2.709501
-18.267838
-7.765129
11.305372
-10.414716
15.558482
3.731282
9.287840
3.399003
-28.460665
-4.066261
-6.577260
1.260102
-26.725481
5.553228
-32.222694
15.117549
10.742669
-27.054537
6.609363
-19.844101
-9.710207
-7.575868
6.788350
11.780939
-7.585803
-10.079173
-7.344712
-12.315943
18.242172
-13.958795
4.003561
-15.126842
4.702085
-11.997103
14.139579
0.532066
-4.670240
-3.737094
-2.387984
-21.002293
-16.220182
13.747601
5.745735
-0.583902
7.700468
7.648932
-2.355196
8.005497
14.265070
-0.086648
13.454392
-2.365558
-0.359089
13.620958
13.068087
-3.778507
-22.152725
10.225069
-11.304807
21.473833
15.198832
-1.450105
12.558777
-16.827471
13.762139
-9.407842
1.663784
14.931276
-17.343662
-20.959291
4.055107
-18.233496
-26.507103
-4.249702
-21.817484
14.647020
-22.142933
-5.179772
27.258240
15.637730
-24.361263
-25.398718
6.121635
-10.239902
-9.478453
8.027097
-1.341624
0.477162
19.307816
-7.918183
-3.962263
1.263522
16.309530
8.185066
8.639155
8.102232
10.649231
-1.049823
8.252806
-12.150723
9.959073
-17.146570
20.272736
-17.675676
-0.032410
11.153942
19.554947
18.375935
9.167724
-19.433773
-1.409469
6.780547
-9.092715
6.973227
4.107638
-15.014544
-24.781343
6.305018
-0.417169
-9.214615
17.698523
-13.631100
14.865841
-17.208073
10.199350
-6.901098
12.815910
-16.277449
-2.437556
-11.198239
-16.763752
-11.300039
7.169311
1.363176
-6.212420
-13.904898
18.851540
11.116301
-3.992424
0.164141
17.822065
-9.763485
-7.518980
11.678976
-19.989141
-7.381758
-1.269165
-24.147587
3.521282
3.743820
-5.884485
-3.964839
0.134460
-13.078643
-9.497514
9.651518
-15.463369
5.192845
-10.379819
-12.360103
-3.665187
7.391613
-18.089748
-13.011227
-3.464449
7.642611
19.284632
-2.338430
-6.953059
2.475359
-3.463747
1.273872
-8.967062
6.884304
8.357200
8.715217
-11.789188
-18.097980
13.179983
18.606575
7.230423
-13.081640
-12.624263
10.757272
21.344501
-9.899619
-6.569637
-15.909923
-12.447671
0.098458
13.774384
3.878990
20.940956
5.489595
4.933644
11.976662
-1.548623
7.506509
-16.028799
2.834455
2.890928
3.123214
13.686733
17.122643
-7.188382
10.879680
-29.547998
1.197531
-21.162716
-9.112602
-10.537140
-0.694569
-8.244795
18.561792
4.819397
-5.637129
-18.851030
13.371129
2.480182
5.912745
13.928777
5.671580
-13.942866
-9.754855
4.215749
7.684361
-4.467822
-8.673680
-1.312678
-7.231413
10.652465
8.638224
7.765768
7.653391
7.931697
-13.129741
-0.348879
-4.313242
15.287613
-0.944049
-6.952283
3.210557
-1.095279
-6.002319
-2.611942
12.041933
12.090963
10.415405
-22.653908
1.604534
-9.122578
-15.302294
-22.163763
3.671069
-11.047990
9.080188
-13.645937
-7.040728
9.939727
16.561935
12.610442
-16.690107
18.712399
9.953084
-20.992937
2.515267
-14.891648
14.529534
5.573615
-8.419064
-28.866592
-8.612694
-17.938562
27.483160
7.309773
19.958811
9.562947
-1.417659
-1.235804
-4.045729
-12.125428
13.951247
8.378447
-4.326683
4.159338
-5.607132
-10.290947
6.617433
-13.535565
-0.580509
-6.361294
-6.047387
-0.458750
12.630712
2.755494
21.131481
9.492729
0.852254
25.111290
3.046371
-9.772973
-15.668320
1.689664
14.426633
3.486841
2.948889
-7.295141
8.915005
16.754868
2.531382
2.873905
-11.815006
-12.744814
-1.558119
-20.893890
13.214188
15.465968
-10.497088
12.554384
-3.683309
-4.042447
-8.094853
-0.839150
7.769103
13.903091
-8.394739
-9.636440
-15.139620
-9.502560
-4.478053
11.349631
2.724540
13.351293
-5.472627
-19.708021
11.213578
3.000983
-6.769075
-12.127715
12.508612
7.477768
-7.488088
0.440338
6.931179
4.240928
10.863338
-14.084371
-9.456809
-1.240976
13.390055
-5.013833
-9.090122
1.566905
-7.281736
-18.588264
0.628759
8.287555
13.738197
0.331254
-3.520809
9.569478
7.529972
-7.165370
-3.293041
6.460707
15.735894
-3.607747
-14.704648
-14.482200
17.617661
-11.968272
-10.538861
-28.592562
0.224052
19.500107
8.613707
-0.998298
-2.790869
6.650484
3.348546
12.558825
-1.635628
-2.430907
2.439606
-5.011242
10.365000
-1.860252
18.716484
5.910916
9.091789
-9.972901
-6.102701
-11.581230
7.346780
18.385759
4.948231
10.208926
11.612626
-29.046644
5.847923
4.762464
-11.356287
-14.054679
-10.743266
-2.043122
-12.142364
3.187888
3.540840
-15.564008
-13.195663
12.643079
13.886245
10.528721
2.977068
-6.767580
10.695260
15.942265
-5.799586
16.817545
5.502485
13.683881
-7.697376
22.238441
-5.566957
4.331398
10.321624
-9.405244
-11.677615
-6.757272
7.222241
-17.302149
7.632029
7.970655
-14.297872
4.280092
-23.622540
-18.092714
-9.000205
10.843022
9.574544
-20.620527
3.512586
-9.590645
12.010640
6.271046
-0.413870
-10.277979
-16.983654
9.647753
12.070684
3.809495
-8.262712
8.439366
5.958980
9.613833
-5.846750
22.837437
-4.934166
9.969963
4.596364
-2.443764
-24.037010
27.975548
1.227878
-8.409878
26.786394
3.526308
-7.646669
6.315492
17.901979
-4.464390
-1.877669
14.666496
9.906550
10.679523
3.522655
-7.378092
-14.727554
-6.273603
12.486235
11.926876
-2.882929
21.603762
-2.192265
-9.554922
-1.286270
17.240032
16.026943
1.066393
2.191708
24.395107
21.012554
-6.307583
22.143925
-19.143221
-11.335824
-10.421206
12.657475
7.210593
-1.135385
-18.530130
-1.399029
10.039808
-8.672774
0.356351
-14.533284
-2.706877
13.370357
11.528032
-12.961037
-0.020308
-8.452085
-4.041019
3.649662
-11.646578
18.172594
17.355658
-21.532335
-12.739663
-1.069963
6.166716
6.715728
-2.058009
-17.458372
-5.030091
6.336589
-11.736765
4.848423
4.291489
20.591759
-8.168338
-12.598880
10.068067
-9.747895
11.197431
-9.530398
-9.193082
10.083077
-19.125889
-11.336652
17.409922
-2.914779
14.387497
3.100228
-10.289697
-15.431010
23.518732
-1.848279
-0.854242
-13.807446
-16.340481
0.605502
3.760168
-14.492371
22.641321
4.901752
4.373687
-3.193880
3.344269
-11.921782
13.349123
2.878321
-7.133450
-5.510300
24.778465
-15.648347
5.143083
-12.491814
-13.547127
4.002416
1.113079
-10.306292
10.083861
-7.523897
-14.583227
-9.056418
5.463504
-5.911050
9.875472
-3.599686
-3.514528
4.687654
1.322932
20.082075
20.466263
-9.841454
-2.911829
7.489354
-12.875461
-21.017893
15.428246
6.018576
-23.684095
-12.537994
-4.274046
4.726359
-6.962859
-11.251508
-18.625410
14.830159
9.274317
8.291903
-18.368576
-13.459828
-12.382261
-17.659863
0.507494
-12.426524
-14.394284
2.131206
15.027661
-6.066478
-15.688078
-3.124376
14.595182
-0.088914
-1.079785
-4.463010
-4.280816
8.306589
16.023184
4.835440
-6.878972
4.189484
-9.143029
13.092321
-3.652076
-25.906286
-31.202986
-3.574672
-9.236689
-3.637588
-19.202217
-1.165379
-10.303669
0.948256
-16.545298
-9.701820
10.513302
-13.807884
-16.155275
-1.833780
14.173499
-20.964817
7.771641
-0.548905
18.735638
8.680452
29.013815
3.512688
-15.319346
-14.809866
13.369067
-12.332685
-29.839529
10.795959
9.529484
1.603422
-15.750913
7.208949
13.793426
-11.765868
4.984209
5.523074
22.000271
7.669899
3.950226
9.779842
16.897717
-15.007501
-3.658329
1.449770
11.371216
15.861897
5.520053
-5.180856
13.070348
-10.481922
15.151044
-6.847868
11.525561
16.457569
15.763398
5.243900
-2.494939
8.225250
10.682801
-10.219030
-15.504894
2.492725
2.198136
-3.516775
31.510933
1.170519
12.401476
10.171565
-20.320660
-4.651352
9.843654
-11.396076
-8.814918
-4.356910
2.848257
-13.935786
-16.832113
-13.975348
12.801294
11.160211
2.150392
17.617973
-13.504402
-10.668492
-23.768524
9.812557
-27.015354
-4.978116
-18.443466
0.791000
7.856463
-9.310736
-22.329996
-17.968946
-11.706772
-10.704041
11.045630
7.183971
-6.073743
12.019971
-8.168523
6.261383
18.296612
0.060491
-0.152455
19.213404
-1.040595
-19.797913
12.479774
12.362328
-10.412119
6.654655
-10.559365
15.706639
-14.485938
12.613355
-2.003663
-10.671803
-17.762838
15.948866
9.862060
-18.224922
13.632267
-6.516762
1.703090
-0.971767
5.434257
7.205294
-10.396290
-3.263489
-13.474730
1.519892
17.484982
8.661206
-3.155811
0.398397
-13.198947
10.690131
10.296741
-16.621763
7.643105
-7.327939
1.869617
-5.790195
6.066976
-11.224107
15.919263
-7.067266
30.474400
6.482246
23.626986
-9.430615
9.083941
19.832121
-10.470209
-6.374011
-26.113377
22.710587
-8.296712
-14.751234
1.585481
10.174827
-18.480146
5.146728
0.582399
-12.148890
-14.555310
-7.610165
16.404655
16.240498
-0.968340
-3.112949
-12.747056
-10.758890
-5.028633
-5.638847
-8.315190
-7.739316
9.212751
6.019299
18.851665
12.329679
20.875130
2.214882
-3.126673
-17.573786
16.066761
2.699058
-15.347880
-11.367188
-1.375307
-1.803089
-13.864484
-0.513052
10.532578
-2.505053
-13.600888
6.328790
2.986373
11.292977
-0.888765
-1.502440
-1.361149
-1.279632
-18.904455
-3.800515
-13.815838
-4.400201
6.635977
-9.646357
6.540663
3.153341
6.716718
-5.835831
12.393012
-5.517764
-0.629336
-4.928385
-12.513742
-6.304245
4.016814
8.008276
-6.905994
7.955259
-6.900469
8.092683
8.174001
12.831159
6.692059
-9.282994
-20.825199
-11.481928
0.122156
1.469251
-13.527311
19.046864
-5.806748
-16.575016
-23.176069
-6.321450
3.630919
-9.460122
25.866030
-8.353360
6.883141
-11.812386
7.865286
-8.018232
-5.528272
-5.896717
9.641607
-1.698672
3.246608
19.265429
16.000090
20.345697
-26.985041
1.158459
8.849628
12.058603
-19.112885
10.286028
9.987563
6.388684
19.533911
0.946008
-3.616990
12.876566
-19.413147
-0.850513
9.440686
9.930745
-15.313483
0.015666
1.680282
12.075949
9.364505
0.087336
-19.154783
-20.905048
-8.022668
14.589498
13.149115
9.979681
-25.223486
-9.362716
-1.283838
-7.108644
4.216360
-5.225235
-0.280123
-5.324258
27.447744
14.958739
-4.884696
-13.594942
6.735178
-6.937395
5.017628
18.695747
-1.449653
6.692382
5.879274
12.428016
5.058299
-19.350868
1.203686
-21.651302
-17.259598
-6.049396
1.400936
-2.823392
0.854395
-18.478264
18.312050
-4.419766
12.470450
16.053043
-5.732609
-21.370972
-18.013210
-13.900740
1.725984
-9.723550
-7.823255
11.104548
15.803963
-4.566376
2.418963
2.462192
-4.452822
-3.676944
22.843296
-12.168186
-4.810218
-3.756561
-3.509000
-1.317262
12.581199
18.758347
-27.001854
11.064713
-26.460474
5.453834
14.660168
10.190329
8.097581
-8.345474
-14.154543
-14.302998
-10.488521
24.108633
-13.171988
6.393961
2.788996
-2.718257
27.115269
14.102867
10.005128
13.142319
-18.288956
10.447422
14.750567
-0.906832
3.001495
9.691995
-20.864000
-11.552696
11.926814
-3.880090
-21.614595
-10.385971
-10.394934
-8.509140
15.530062
-4.499088
-8.505114
-9.183365
-1.429530
-6.300248
-15.943692
-12.432857
-14.673263
10.341649
10.720140
0.660583
11.350521
-12.006039
21.185408
15.549847
-11.370801
14.250107
-17.304283
1.095153
-10.386731
-17.930061
22.304785
-6.713347
-4.320125
-7.363448
5.549162
11.897148
17.839685
10.746695
-28.501116
-3.399009
21.325916
0.075853
-23.298828
-2.198432
-3.754632
-3.613901
-19.503042
-24.795588
-8.039342
21.251400
4.162491
11.862231
-0.492178
-0.548658
19.317652
-1.865392
-3.724082
-13.936228
-7.312966
8.981779
16.240694
-5.302800
-15.599010
-8.254803
12.098155
-8.069088
-2.426285
18.490572
-1.985996
21.477495
6.547687
-20.315649
-4.110938
20.982845
-8.210588
-18.184366
7.264866
3.381729
-0.918817
-17.042696
-7.243237
-7.084780
-4.942843
-8.471592
-3.649111
4.864061
0.460551
11.107802
-9.924936
7.198760
0.433378
11.194161
11.583126
5.473783
-9.379412
6.661598
-12.651144
-22.030489
8.802271
13.106457
-12.476296
2.618323
7.199103
8.165163
2.601880
0.605323
-22.877272
19.255648
28.988987
-10.083462
19.680656
17.877300
9.476655
7.288009
11.550748
-1.176077
-3.507748
7.152935
9.127785
-8.041010
-6.037753
6.315411
10.136107
-3.847402
-10.821946
9.324656
9.992396
10.686833
-0.256485
1.853482
-14.554426
3.751679
15.061699
-3.436148
4.790179
6.484388
22.800232
12.109822
-0.509322
-11.097826
-11.282209
2.689257
-14.285397
3.953913
3.738953
-23.078096
28.169392
13.164148
8.331284
7.618631
-12.845105
8.660493
-3.097764
-13.903792
12.144229
7.022421
-12.758200
-1.502135
3.796669
-7.731955
9.412106
1.043084
6.328821
-17.856153
6.094487
-2.018500
-17.876211
-0.084720
-12.776631
11.886150
-13.641737
-4.519851
10.546365
12.960556
-0.496415
-5.035289
11.849247
19.869070
0.716790
1.680906
13.502432
7.727529
23.040983
9.353761
-8.153678
-7.901921
-12.909758
-13.539793
-16.972631
-15.412127
-10.407520
-18.649130
-17.969608
6.287847
-10.191278
14.039798
0.946761
8.323431
-14.731491
-9.290185
-10.267376
-3.505694
8.615510
-20.140318
18.496439
14.945574
-14.043011
-20.101822
16.556793
12.977077
18.735893
4.992238
-1.580709
2.715433
17.442265
-7.294781
-4.757485
-15.076556
-17.339878
11.244484
-4.076206
-1.616688
-11.860552
-1.653665
8.578534
20.753519
12.917780
-4.056456
21.039574
-12.092077
14.947258
0.253504
-28.008450
-20.017321
16.397501
-6.971131
-22.880836
4.415977
-13.401755
4.964499
3.079385
11.133708
3.093508
8.345269
-6.657251
-7.508867
-13.912238
3.498832
7.085933
-2.241631
-9.785977
2.892668
16.829453
-8.912783
-1.955922
8.365011
-11.835386
8.391487
13.488771
5.807089
12.718547
16.438978
12.410781
4.885102
-7.406618
10.466253
-2.376026
2.529733
-0.650271
-1.851833
5.692514
12.619763
10.369090
-18.222576
-1.952210
-0.039585
5.713366
4.290367
17.483961
-5.610683
-8.094446
-13.268935
18.456017
12.590392
5.562769
0.281751
25.144909
2.819475
-7.392221
3.929950
-8.728264
10.180379
19.539625
-10.618192
-37.247623
-9.505821
20.069550
-18.244343
20.498030
13.141000
-28.279182
-13.642747
-16.997744
-26.566437
-13.080636
20.473742
7.166904
-17.265009
12.783941
9.184919
-11.779289
-8.219621
13.987199
-1.408942
-8.848780
1.212099
-13.750278
-15.715832
10.232923
-7.186491
-12.388847
1.392297
-2.629628
-16.819809
13.432027
13.738081
6.956683
5.789398
2.043554
-2.582595
11.075983
0.934210
-19.705072
14.286800
-11.006465
5.442311
-6.958224
-25.271330
-5.804760
-5.772589
-4.335919
-6.309887
9.460500
11.617136
7.711932
-3.135634
-1.954710
0.725703
9.981372
-9.197549
15.808965
7.427097
9.005664
-0.698558
1.919225
-15.246059
-4.782114
17.750595
-13.592897
-5.671774
17.789316
18.644226
19.481691
-1.388704
-21.352459
-6.588698
17.610853
-12.659769
-16.854618
10.906661
-12.584789
1.945490
17.652266
6.600023
8.368911
7.793140
4.937154
2.566578
6.483314
-11.088551
15.988276
-7.145536
7.350506
7.371874
-9.302168
11.348401
-4.021361
2.327372
23.139059
6.653285
-11.505010
-8.780886
-12.983071
-5.045466
8.334641
-1.583389
15.661282
14.151055
-11.612469
-4.048036
7.213075
7.409060
10.711982
8.111555
1.995243
-9.590641
-8.090739
7.940422
4.448872
7.791353
7.061233
12.435847
2.592251
-14.724334
19.651861
-5.311800
-12.814460
-11.385283
-13.529638
-16.945477
18.231112
16.666052
26.927259
-3.226399
10.032971
-20.464336
-8.029242
16.962666
-9.930466
-12.973698
-11.851658
-7.812075
5.392347
17.991272
6.376088
16.785975
-11.746985
-8.226336
-1.801718
7.405996
-21.362202
10.854138
8.884341
13.529531
-15.521715
-14.395951
13.945987
5.829180
-19.621519
-6.668575
16.530869
-18.035110
-19.214396
13.546350
5.480797
-13.746552
-6.906239
-20.807352
7.488661
5.390662
17.752434
-1.635457
1.755493
-7.212388
-11.371184
-21.027569
4.592849
2.993315
-5.275232
11.649140
1.250118
-13.125005
8.220034
-3.552076
-3.106938
-1.372593
-11.316718
12.715769
-5.567197
8.244252
-5.673905
-19.094868
-0.283755
-1.625601
-3.599715
-2.440822
-2.091879
-2.992848
-4.461648
4.652297
26.568769
-7.876818
-14.952639
7.617711
-15.974154
-1.370945
-15.227857
-20.864931
0.295269
4.096092
-18.064381
-13.563037
-18.557852
-4.940189
-7.928592
-14.055990
-6.341886
-5.103451
12.432680
9.611397
-6.405630
-3.986888
18.784534
5.304673
2.603624
10.280148
-13.579679
4.283143
-15.729268
3.893230
-21.948742
-3.925112
11.905556
-2.022190
-4.260768
-13.157714
9.429463
13.706148
-13.075211
-25.283489
28.498941
-1.730675
-8.030353
1.515864
25.306284
-14.473402
-8.275413
8.662330
-6.097740
6.451065
-6.307736
14.651509
6.079569
8.819138
-12.130599
-3.192309
-6.250024
2.853492
-15.282146
7.936244
-4.808158
7.952736
-25.220552
-4.726216
9.992579
23.236443
-3.339065
10.087918
13.437886
-28.337553
-8.045694
-18.145981
10.439211
7.651164
-17.428276
0.338072
-6.907951
15.101655
-9.538671
11.033287
8.496135
-15.827179
-6.508001
-1.850785
-9.921886
-9.628681
-14.796819
-10.846818
-11.890136
3.489256
16.522652
-1.497136
-16.261747
1.478155
-17.201540
-0.931440
11.016217
15.312033
-22.424946
-7.752509
-11.517967
16.905783
12.205411
9.335107
-26.319687
-15.630919
-18.606409
0.046181
19.699965
12.488420
-2.963737
8.808559
11.833814
-5.663774
8.951016
3.803853
10.931948
-13.485328
16.534872
-1.935356
-3.724236
15.582686
20.558952
5.153427
-14.155309
5.126922
15.679761
13.460511
-7.219056
-17.852297
14.041699
-15.527276
8.737475
-6.491704
-16.272202
15.061239
-12.246881
-7.713600
5.250235
13.666019
23.563055
-13.064988
19.539461
2.801785
16.195309
2.313346
5.764851
-10.167171
10.380098
9.195755
-19.158278
-11.320361
-11.378513
16.548241
-10.545073
-3.541615
17.224371
-11.600591
-11.802179
-2.787466
7.321570
-7.606742
4.521012
-16.855007
-3.648419
-7.000581
-10.666534
-25.421141
1.220673
7.504803
-16.508522
11.258138
13.830545
-5.968505
-12.966538
-17.124475
-11.329389
3.874542
-3.926591
-3.938708
11.672825
-0.597194
7.046829
-15.709614
17.727449
-5.814098
16.607401
-22.428694
-18.174583
-8.410196
23.340616
16.855486
21.128874
2.329837
-18.794958
-16.808502
26.356848
5.203073
0.354176
21.317350
-8.534785
-0.448007
-14.028790
2.084473
12.735355
-11.088186
4.367483
2.783002
15.124676
16.763502
-9.146833
-14.449870
6.362594
-2.135573
6.068153
10.996515
-5.351579
-1.333115
-20.321526
9.688278
-10.135949
9.574899
-11.550850
-3.178137
-8.479322
0.489622
18.896807
-8.537341
15.441335
7.670482
-6.722474
19.946735
-6.743107
-6.927132
16.831539
11.699469
-0.169805
3.135899
13.526562
19.426132
-23.301123
-8.446646
-11.915836
3.956066
17.347914
-5.492800
-13.797079
-15.167727
0.646406
-4.783007
-1.056965
15.105220
-1.739647
-8.632592
-13.717267
20.179367
4.415199
-25.343479
3.499978
15.030721
11.159528
-6.769406
-11.656745
4.032262
7.470988
-13.567367
-11.989674
-6.354014
-2.607668
-8.872821
-5.979087
4.550664
14.465569
-8.802560
-10.221590
2.462584
10.010427
1.333234
-16.027895
13.759207
15.855294
-5.781069
15.786725
-19.554005
2.137484
-17.380165
-7.340566
6.924981
8.273000
-14.466056
12.807798
11.654356
-12.325696
-24.729111
-3.016358
-22.271734
5.228097
6.194160
16.249727
9.975779
-11.452395
8.035123
-12.148193
-0.058428
5.191682
7.789684
-12.405737
-9.877596
-5.889864
8.654453
-16.499088
-13.386395
-17.120071
13.525097
-9.924542
-4.811813
-25.226316
-3.960170
-22.480776
20.496994
26.104336
-7.223655
5.224239
-16.512522
-6.769897
3.159838
-6.960088
-8.699254
2.120283
-1.279237
0.926548
-12.331323
7.534922
-4.563608
-1.477037
-4.431647
-5.232586
-10.908422
2.165036
-8.870980
-5.252617
8.126212
-13.606286
13.540910
-8.473433
-13.306122
7.192306
4.905760
-9.323075
8.591839
13.189359
-20.567968
10.078495
-9.212248
23.731913
-11.431253
-0.501200
9.686546
-7.901918
-24.320950
-15.604552
-8.137544
-6.723721
-1.360014
-5.817482
-2.486616
11.303192
0.594744
1.311146
10.144429
9.342059
0.159288
-2.736809
2.484408
15.117919
15.181531
-16.729097
-8.345981
10.360721
-14.555235
-35.064106
-3.917940
-7.216256
12.607678
-27.036526
15.792328
24.662428
-11.619785
-2.812664
6.430729
13.297455
-17.085667
-0.062771
5.189512
-8.828612
7.643775
23.158789
-1.143265
6.038524
4.586947
-12.243947
-8.074319
16.421619
14.805909
16.926275
6.739130
-1.939809
8.449772
6.337702
15.491972
4.727520
-1.887937
4.093352
-17.508381
-3.164054
21.742733
-6.062903
-4.879492
-14.271049
-7.140452
14.701653
15.841868
-5.861468
-4.039824
24.577745
7.861756
-2.455123
13.216603
-1.143631
7.432413
1.512129
7.810997
11.990396
8.619226
-14.016806
1.826462
10.928366
-10.952581
0.201370
9.046989
-6.846039
-12.900711
0.543979
7.224959
-10.480136
10.784155
-19.773298
4.431166
-24.486168
-13.851434
30.142239
-17.834906
28.698349
14.005949
3.607029
19.981970
1.681222
0.091274
-8.182755
12.008799
-15.890152
6.816141
2.591177
-10.398519
7.837448
-6.310195
-17.742886
-9.734435
-1.297102
16.996397
15.488800
-7.071066
-10.075210
-8.285310
-20.995661
-11.732782
-12.531940
-16.409630
-24.303339
-12.752254
-14.158060
9.328128
-19.474916
14.328896
5.529455
-18.761608
-15.359754
-10.570802
11.617391
16.365700
10.933648
-3.461119
-10.088755
4.572065
1.945789
11.831888
-14.142952
0.092091
7.452760
-7.137022
-4.045830
-3.856143
-1.894424
-8.225439
-13.960921
19.179415
9.172533
10.272388
8.544344
11.583601
9.219597
-7.389420
6.877379
6.202556
-11.264239
-0.524601
-29.753691
-3.871317
7.669060
-18.201654
9.722480
-3.965067
15.696221
-14.008365
-14.796811
3.942992
-17.998825
-12.379465
-16.205078
2.223272
10.435231
-4.955577
4.864498
17.224911
4.917242
-8.612766
6.004831
-12.108589
18.238607
8.693898
16.725992
11.899027
10.336082
-5.188046
-2.123509
15.508416
17.791157
-13.612132
11.175627
-7.293955
-6.858360
4.487849
-0.095534
-14.333479
-12.147867
-3.468490
-21.151945
10.386693
-7.173173
8.517490
5.796961
14.369717
-10.035080
-3.506830
-0.497187
11.106928
-12.333301
-13.587678
-2.434101
11.407808
-5.477062
19.550320
20.584194
9.873084
17.971102
-14.126410
19.586897
15.906179
-13.232966
-10.909503
7.947407
-3.028248
10.685504
-4.235290
-1.653197
11.542257
3.752205
3.665025
18.689005
-11.079664
-17.951153
2.404139
1.014832
11.282276
-15.777614
-2.712107
-0.337427
13.657831
-2.556447
-2.950686
-12.118056
12.633617
4.370417
6.713368
11.007334
14.615292
12.868979
-16.709927
-8.407028
-9.201694
-23.287159
13.327370
-4.110282
11.243368
5.327252
20.056089
13.109815
-15.908557
-11.263873
-12.114234
3.544103
-6.804883
-3.005363
-3.877760
7.341872
0.895995
7.359339
-1.931212
15.851059
13.526077
13.037214
-7.108174
-16.622126
-19.719608
-16.780319
9.347311
19.982433
7.928782
-26.202028
-21.993055
11.063403
-21.545446
-25.260412
9.285112
2.547394
-1.487026
-1.863819
-24.428314
10.426389
-6.106821
5.421635
-13.073320
25.264256
-4.176454
-7.675285
6.539063
15.079492
-5.004744
-9.201545
-17.749159
10.055381
15.115950
-5.606699
-5.285779
-5.048485
-9.965139
15.190382
-20.476736
-0.780668
-12.683004
20.171413
5.137544
9.914721
8.904660
-13.058656
-6.769979
-6.887489
-16.879280
13.106114
9.351366
-30.484659
9.200947
2.563161
0.899195
0.472016
-8.153928
-18.239159
6.484768
8.757705
12.682398
13.940828
-14.606968
1.878252
-10.441236
0.605342
4.597892
-11.785515
16.796099
-0.852596
-20.794798
7.730490
6.414670
18.150450
3.916104
-15.095165
18.137033
-18.968220
15.157550
-11.736640
18.811419
-4.234120
8.830574
11.652870
15.692411
0.854641
1.078236
-18.078268
-12.664798
18.929453
-7.645130
-3.618293
-11.950365
-6.141123
12.711537
-7.521432
10.901052
-17.444185
10.923613
-14.052738
-4.125534
5.326128
13.414347
11.989004
-14.531969
-24.367792
10.251039
6.185810
17.994398
8.367599
15.491437
4.684937
-12.790669
2.172564
3.912736
-29.983715
-17.191608
2.573248
-8.757824
-16.022917
0.329107
8.246495
-2.895238
15.219782
-3.789423
-11.499815
-9.014279
-13.448976
7.586191
-2.535296
-3.235192
-4.327899
14.856920
-8.193379
-5.657048
-0.829878
-11.109448
9.250795
7.932994
24.903269
15.855264
8.326414
9.986287
6.397882
-10.765740
-7.085456
-16.162270
7.178662
4.709528
5.265087
-9.164716
10.471355
0.854106
17.117622
2.731143
-9.254534
-5.880070
9.486082
7.571564
-2.389963
-0.938028
-6.857902
-6.215764
-3.970245
-11.813490
-4.196009
-9.762223
10.410534
7.617711
13.853195
-7.032475
12.508341
-4.067773
-17.217915
-8.066948
4.283750
-0.772299
-15.335504
16.320246
10.306759
-1.366570
-13.792692
4.874096
-23.235193
5.237396
-12.686618
10.037882
-15.047284
-7.734962
-6.598643
-14.550815
7.053391
13.047380
-1.982725
11.909176
-9.023361
5.473164
-19.625999
1.512256
-27.554049
-3.618045
-17.283491
6.163671
-18.730511
-6.087749
-10.051591
4.386599
-26.381020
17.475904
13.234229
-12.610046
4.273453
14.681118
-8.232220
-13.732693
3.752276
-3.857989
18.039600
-10.889762
0.678374
-1.306112
9.415987
7.273797
-14.018095
-10.618202
-3.514825
12.799598
-9.420752
13.770136
-16.307610
17.026621
11.160050
-6.100704
-0.770530
7.090084
0.886297
6.007499
6.345012
14.820942
4.861411
17.560452
2.713628
-5.126230
28.480234
-8.372153
-9.185941
-10.985667
0.453057
-2.051802
-5.107903
-18.704222
5.034235
0.824179
-5.656426
9.204245
24.758652
5.206092
-4.970753
-3.521734
-12.320609
3.293801
0.029005
-20.969976
-1.839974
-1.174167
9.997010
-15.800942
-0.068740
5.953770
-33.679531
-10.107067
-14.342743
23.320332
-8.903614
-20.615740
-7.646420
4.926793
-2.605020
-5.071164
18.341352
-1.200494
15.748747
0.587122
8.297318
-9.460736
7.289330
6.411486
-12.209279
-15.785716
10.976430
0.569866
-3.007778
8.149349
-8.337279
-8.826271
12.553283
-3.168519
21.884754
6.035800
-14.202260
-16.507889
-22.735418
-0.138512
-16.005281
13.518142
0.608448
23.519060
-16.325974
-3.795518
14.819358
12.794169
-3.095359
-8.625596
14.345047
-17.384729
2.068280
0.982812
4.110262
-5.590185
16.895618
7.598509
-10.900893
16.683968
11.289636
12.350047
-13.613704
18.911516
-21.740419
-4.034825
6.123157
-2.073396
-14.575460
-6.938278
-17.903479
-12.831497
-11.047290
19.947073
-10.778027
-0.820121
4.875304
10.248444
-8.993123
-2.334749
-18.350540
6.417413
18.953814
-7.313963
-8.263206
-17.401333
13.302548
16.023911
-10.522515
-1.053743
18.782282
-11.314909
10.471646
-13.491877
-25.732626
-12.920165
-15.207954
18.516899
17.730278
-17.856956
-6.167089
2.038861
-13.318694
11.337887
3.879854
16.765650
-13.761075
-19.871609
-12.933802
-10.142174
-5.913825
2.603359
13.719179
11.203430
17.795240
-7.373456
-15.232860
-7.078073
2.051120
-13.745433
7.122741
4.366487
5.303806
-13.126320
17.236427
5.916400
-12.851490
7.666762
-6.782409
-1.089064
-8.275061
-4.682638
4.248335
-7.919650
7.899995
-12.416902
2.464092
-8.310836
-7.487682
-16.610054
-11.520844
17.640642
-4.140008
13.150426
-4.305828
5.319653
4.839683
6.148899
-5.954311
-17.070536
2.280964
4.011624
12.359998
0.044584
-6.819687
-11.876966
-16.733055
-15.215069
10.884736
2.793291
5.241377
-4.585023
13.481933
-21.208172
-13.537715
-14.958055
-16.189804
2.769846
-5.128679
18.565956
2.207298
-5.398024
30.362307
-12.021359
-0.193388
-0.820987
-10.034369
-13.738576
-13.697906
14.619442
-17.800577
-10.607688
-10.423029
-7.679592
-8.589855
1.836926
2.298861
-11.579823
-11.468527
-11.094709
-20.873213
15.236747
29.074049
8.801233
3.950258
22.613522
-0.971342
3.708578
-13.394107
-7.413958
12.418140
-20.132750
14.631326
13.890416
9.074371
6.102429
3.230606
-10.383557
13.681991
-16.097857
-12.265958
14.694212
-23.857992
-18.851736
-14.409780
-11.708128
-14.551688
-8.107338
8.291208
5.467851
-3.553122
15.073601
-20.036175
-7.948437
-14.405411
-14.041296
-9.504937
7.619218
-6.566042
12.605212
-3.486454
-10.798919
3.601765
-13.713099
-7.167015
6.533443
-27.264109
11.938068
-17.110912
10.349778
1.975640
5.818833
2.749970
18.558489
22.401777
-5.597051
-9.608171
-15.147793
15.508183
-5.567271
-8.080506
-12.877146
-15.924335
8.485899
-6.850132
-15.211860
21.735674
6.752342
-12.720792
-1.030935
-15.847080
5.534376
-14.262368
-3.059852
13.332859
-27.989735
-10.705977
-6.616849
2.185974
-13.543262
0.362256
-15.728141
1.774297
-9.407687
13.340380
-4.603120
7.638483
-12.283658
-4.317809
-0.166026
-5.076208
-1.319600
17.211832
-13.322636
-8.089902
1.846245
-7.842877
-6.928279
13.100866
-11.910749
-3.891832
-6.107795
6.889310
-7.382191
-9.750820
-12.837154
5.422531
-14.918794
14.477444
7.636374
-29.982525
-6.354966
0.517845
-14.263123
-15.137741
5.231011
17.505995
-3.482370
-0.329112
3.546063
-14.066441
1.458587
23.621933
10.376179
13.329934
-2.837670
2.784075
-7.841488
-11.248711
18.842415
22.839262
-0.221446
21.364435
-16.694462
-16.582161
12.435197
-26.004137
6.755868
-17.248478
-0.310600
9.720021
6.554912
12.720523
-18.248955
-0.846723
-4.631604
1.344186
-1.792125
-3.826867
10.914028
-8.941944
7.678696
-16.484091
2.844592
14.454370
-1.667690
1.300832
-10.089249
-3.832538
2.690090
9.910905
-18.582851
1.272435
-7.852219
-17.733915
7.430774
-5.629711
8.529613
-21.391562
7.854344
11.067695
-20.297476
-0.718580
14.102575
-0.356020
3.950169
-0.978163
11.256841
20.795633
-12.539303
-16.645851
-16.563740
-6.801804
-0.727985
-3.031996
15.725018
12.797065
-4.909423
3.804984
-13.705971
16.497387
9.455444
-11.495861
-12.166129
-8.059179
0.498069
11.870543
-0.759196
-19.098730
-4.852595
13.761009
9.803768
8.353119
-22.043299
4.655211
17.800615
10.927464
-3.664672
-3.542603
4.978145
-13.530873
-11.343623
0.231760
14.882897
-15.095802
2.565784
2.865127
16.842321
2.120477
-6.503000
-13.049820
-3.198932
9.191874
-7.927866
14.993805
3.078087
-12.753445
5.024883
6.216156
2.048627
11.270016
15.590987
-14.568130
-9.625617
-2.055047
13.514643
7.544923
-22.347191
24.022039
-4.537934
-8.285102
5.083113
-0.854891
1.674530
-11.102240
-18.788851
18.908718
-3.849577
-11.785971
-1.913954
10.053629
-8.159589
15.347360
-12.506363
-2.634718
-18.656975
7.399454
-15.227443
-19.127312
-11.235858
-23.812275
21.590788
-4.555840
-19.743540
5.510227
-1.119918
8.736648
-8.852076
-15.163493
18.746822
-10.685164
-3.608873
10.059536
13.107451
20.610523
-7.622128
-7.026371
1.009981
14.785752
18.283173
16.829687
-12.426345
-6.266204
-14.135411
-4.685917
-4.919778
4.806994
-7.227320
20.227221
-3.907978
-15.380238
10.966147
-7.198193
-14.184406
6.776606
-5.191870
19.332432
15.547128
0.574564
9.707520
6.467030
21.602123
10.083883
2.834808
-8.321343
-9.496932
-20.087534
-7.874665
-5.308518
7.831611
-0.177039
-3.960843
11.789721
-9.639859
21.851465
9.530979
-11.228823
-3.015645
8.087436
-9.588419
17.921478
-16.197515
-19.334471
9.628910
-6.294530
-5.915729
20.558990
4.674635
7.695440
17.759096
6.365163
-0.636149
-1.107875
-10.560537
-0.233603
4.299392
-9.712332
10.577305
-1.805270
-8.703049
13.190739
-3.368765
8.810333
-15.620401
9.582593
16.771416
-14.097542
-10.574984
15.677189
12.283544
7.711558
-18.863688
14.134367
-5.147193
-11.943085
-6.267671
-10.427130
-17.463528
-6.639543
-1.896488
-8.912858
4.129213
12.572995
-18.146252
4.426565
-3.801632
19.324858
7.423088
-15.012055
4.470429
21.523968
0.639023
-3.570635
18.132050
22.853815
14.289365
4.940334
2.168523
-20.176319
-11.616976
-11.085176
15.922536
4.436831
-7.349942
18.046816
8.248944
-0.342581
4.302859
-5.176406
-18.680412
1.828640
-16.356312
10.967093
-12.508925
-12.050592
12.507234
19.881809
22.895395
12.522108
1.443564
12.693501
0.332571
0.542363
-3.809774
17.448730
12.167578
12.862050
-8.830688
-16.955894
13.925608
-0.945328
11.412864
-12.353988
-0.218240
-11.618700
5.481005
2.429763
-11.185341
0.864433
-14.366190
-21.271904
-0.038937
10.077228
-4.659842
-0.927194
-9.179909
0.242947
13.546338
12.167562
-23.729557
-28.427700
0.382200
-5.300560
6.954186
11.723955
-9.461562
5.644053
4.220837
-19.729664
-10.077384
10.663089
4.719993
6.096843
14.280590
-6.232329
9.530724
-14.502595
-8.046943
13.332311
-5.040648
-33.641075
10.438423
10.624577
-8.852878
22.792065
-20.644190
20.710493
-12.448641
-8.860551
21.563749
4.046954
-10.212823
8.338354
16.126043
-8.341434
7.393340
23.792995
8.548903
12.903455
0.376987
7.886528
12.935789
16.129250
0.469500
-12.912625
2.916433
-2.915485
-11.893276
-10.447003
-12.237687
-2.685959
-15.146985
11.439639
5.484302
5.199212
2.945293
-12.933304
-6.302909
-19.371096
-10.488014
6.311950
-5.565424
9.532137
16.359768
-25.377771
11.732491
-5.486527
-8.181269
1.554764
-10.868513
15.499645
5.583453
-5.643888
2.090470
-6.984299
18.722904
-1.428025
3.246172
-7.567753
-17.890299
-15.812547
14.866937
14.364499
-13.233540
26.615225
5.509520
-10.344714
-7.675498
-14.678319
6.168766
29.119711
10.555577
-12.985127
10.433002
16.465010
1.292389
11.042216
4.630473
10.818742
-9.294542
-18.481184
1.940080
18.501032
6.023072
-0.951451
7.075452
-9.174221
-9.999115
1.833412
2.753965
14.940559
9.295215
11.619947
-4.409836
-16.908564
-14.250263
-0.184774
18.810055
-7.877189
5.666388
7.571075
-18.204260
5.429975
8.327189
-2.979125
3.880267
-13.410641
1.526985
20.192692
0.456814
14.016390
0.893175
26.607765
-13.481267
20.106867
-7.600789
-9.336658
-5.762473
-6.646350
10.183838
14.450656
13.385361
12.167666
0.916948
-12.692858
-10.733130
-16.930517
-9.229238
23.921444
11.194333
4.978513
7.045663
7.967398
7.694130
18.039886
15.393250
-0.908372
-4.567230
1.358417
-13.425060
2.228310
-11.830303
-13.998435
-4.866595
-6.617599
4.474776
-8.559104
-7.731689
9.177011
-5.761102
0.371364
-16.325405
2.159057
-8.060318
4.720409
4.985213
6.226479
-2.526004
16.680214
15.763931
-11.494246
-1.756496
16.996838
-10.401593
-1.637803
-19.971676
-8.681548
-5.367119
-8.822818
14.609349
9.518706
-24.210876
19.250011
2.365893
11.636837
9.660905
7.911495
0.324930
16.259090
-12.593901
-11.294703
5.663863
9.745235
1.347029
3.988305
4.479646
12.657602
6.403615
0.854185
-7.141304
4.225891
-6.798016
25.165934
-8.549241
9.536341
7.629917
14.328872
12.691663
-30.953241
-14.546146
-26.066418
-22.484215
-17.896572
18.493521
-10.115475
-2.150411
8.319345
15.208933
-11.338737
-6.626451
-15.233438
-0.496139
5.509557
-15.824979
-5.852837
14.197182
-16.766718
-17.665119
-16.366995
-5.790563
12.014870
15.659955
8.099556
6.877626
4.404055
-14.311767
-2.878634
5.387632
-10.511672
-13.264147
10.321118
-7.751741
2.742115
9.266968
10.661745
-3.459352
13.205702
-12.613649
2.172603
-7.309539
-8.611186
-1.307979
20.575676
5.033778
-6.499189
0.455592
8.051751
-6.924972
-8.093527
-6.976821
-0.821682
8.360456
8.274011
-12.093334
-0.628067
12.564808
-9.401443
-8.676634
-7.908978
14.042048
-23.258047
11.581529
-24.310692
7.668946
-21.343788
-23.238550
-19.675455
24.030714
-1.604576
-7.279490
-5.014833
-15.199205
-15.420823
-12.732287
11.095177
4.294631
-2.089359
12.133712
6.850574
-9.389113
-14.226937
11.468215
-13.412293
-13.020175
1.150828
16.466413
-1.807092
16.160231
-2.291254
16.776117
-17.122368
-19.322403
12.671066
1.978349
-16.982843
12.413947
-9.489868
-13.789249
-5.145877
-17.505484
5.098602
6.185699
-15.714478
10.778617
1.264989
3.478076
15.304626
5.009098
23.899035
9.003534
-0.027237
-5.278672
5.208435
-3.278702
-5.633625
8.346861
-0.779343
2.805635
15.049006
-7.814236
-6.817249
-5.429746
-16.761850
0.890488
9.745131
-12.089245
-32.329861
-5.484678
-12.315896
-27.012980
-10.396828
-24.800573
5.301888
-8.248156
-14.744851
12.347600
-22.273273
-13.661305
6.531277
10.762650
-15.165739
-15.518159
18.990627
-12.914190
15.540661
8.810844
2.346605
-3.111413
14.577558
4.296858
0.680085
11.132735
-16.338968
-10.684688
17.451241
13.825060
-13.466723
-17.481155
-17.803047
-13.710608
5.350304
-4.470758
9.879589
17.702883
-19.911398
-2.331241
3.635783
5.246953
-19.488976
-4.271365
16.075180
10.707356
-14.842552
9.991315
-6.719311
-3.075352
-15.111374
-1.419780
0.704811
5.716043
-17.021887
-17.335863
-15.689390
15.702795
-6.858379
-0.875298
5.775029
-11.675377
-14.980892
-17.374659
17.963436
6.499294
7.120184
-14.492139
-4.329581
-19.648058
7.618880
15.865224
-2.685725
-6.629529
18.378368
17.247068
17.292469
7.739773
16.457634
-3.392236
8.026854
-8.416093
-2.320402
1.206579
5.062909
9.486897
13.858618
-3.837084
-19.703669
-17.711918
-7.467343
-10.910177
16.193415
-20.418697
12.464527
-2.879906
-9.457208
-3.847498
7.232409
-6.983851
-5.514918
2.903631
14.004354
8.692792
5.749321
10.527586
2.058348
-1.105436
-10.186467
19.091583
3.348094
-4.486947
12.712717
17.204556
10.266513
8.718625
-13.354903
13.842916
-12.327767
15.285172
-6.398802
17.609425
-16.563040
6.792038
-0.825609
6.448212
-16.499588
22.242207
21.373402
19.395603
-6.779901
8.172126
3.091793
1.941691
-5.933904
8.984662
11.563757
3.621080
-11.999013
-9.954708
-18.637365
2.329627
-10.437452
11.610321
-14.441581
15.762189
-7.042686
13.747264
6.057287
-2.538376
11.691922
-12.590678
-11.111886
-10.841110
-1.204319
-0.939752
-12.456380
11.723228
11.416298
14.633896
13.099264
-2.922426
-0.630545
15.332325
14.347170
21.226969
7.244173
0.473601
-14.092709
-9.605227
0.744560
-6.758653
-2.336695
15.501817
-18.112637
12.903778
-7.258461
13.866095
-21.273518
-9.993190
13.604420
-15.596662
14.790222
-15.526755
-4.198492
-11.362041
12.464800
-8.994985
-6.238020
-19.500002
-15.765120
5.448017
19.922884
-4.828762
23.158541
-10.154934
7.878592
16.727402
-4.636217
1.390748
-2.797114
2.396100
-9.969593
-0.096963
9.635472
10.375681
-1.721030
1.342985
-1.732782
-12.021614
17.509018
3.437193
18.972988
7.140371
15.296010
-10.279334
5.538992
-18.115332
10.103992
16.992146
-0.118917
13.116367
-7.016086
-17.691833
21.165627
4.818018
-16.526266
-13.016994
-9.315248
18.909994
20.332403
1.743402
-5.950889
1.568125
-17.779860
-14.708360
-4.456746
4.642780
20.857821
3.403257
-6.192616
6.079017
-2.593912
12.612575
-6.296670
-5.536514
-2.018947
6.279608
-13.502352
9.692884
-31.916862
-7.809655
-8.474703
5.551871
14.561134
-12.077340
0.762529
-17.345436
31.919058
12.941728
-12.923604
7.459495
-1.637298
14.964849
15.893620
0.334187
-8.544190
-7.725247
12.080920
-13.160889
-4.000425
17.321257
3.622448
-13.876768
7.511868
-13.441402
-21.391638
2.332490
-15.006063
-17.799578
-2.352440
11.167918
9.628141
13.929122
3.761514
-13.790241
10.684878
-6.523968
5.884016
2.619764
-9.924780
13.738881
12.963911
5.424877
16.044638
-10.618170
14.461637
1.289861
16.258478
-0.941905
0.792902
15.446099
5.915915
9.729857
11.022906
-11.606584
0.455907
14.418533
-10.901329
13.756217
-7.091709
18.692253
-10.158776
-17.213686
16.067987
0.397846
22.056890
-7.707167
-12.312495
-23.427671
4.892814
-9.561848
9.430365
19.003635
9.215596
-0.409762
-0.782932
-13.411867
18.551291
5.868597
-22.278837
-2.863727
5.271637
1.410200
15.167099
-18.285538
-7.889045
-0.888192
15.214737
-11.770770
-17.437140
13.989873
-13.095930
10.894805
-0.281095
-19.137459
-3.443958
4.785162
-6.369728
16.172359
9.517269
-16.083698
12.942351
-2.898889
-10.896482
16.443203
-12.062826
-14.486882
-21.957203
-4.806624
15.096457
-8.610923
-3.235456
-0.921202
17.245213
14.270797
10.374155
2.470080
-11.139964
15.958383
-1.005589
-6.579785
-9.310969
14.612029
-16.770109
-8.272044
-19.268303
-2.252584
-34.142887
10.565155
11.430190
5.886038
26.048618
11.583620
28.286345
14.766509
24.825445
20.055553
-2.746339
-1.567153
13.026441
-10.844467
6.420660
13.340217
21.846855
-10.518969
3.822797
-2.190345
8.742888
2.208242
-5.668047
-11.072925
-2.761461
-10.107157
8.299118
7.538901
-12.330139
14.267713
17.982370
8.690937
-13.989796
14.777239
-0.881235
-16.911131
1.427263
18.412142
16.440447
2.753588
12.504739
-2.198393
16.152788
23.071827
-10.225060
14.245395
4.755484
-10.981600
20.912483
-4.668950
7.472504
17.871847
2.511247
-1.551919
0.332488
9.299175
-19.837320
-11.259946
4.089834
-11.866174
9.006164
12.436175
-0.065821
-13.432218
22.708046
9.290273
-12.609715
15.415277
-18.822340
0.716506
-14.621472
13.750288
22.132967
27.569963
-9.008058
23.575102
-4.891541
9.145148
-10.514537
7.661839
14.881597
0.462355
11.284466
11.520188
-0.662482
16.944830
-8.470257
-3.460823
15.748243
-14.525908
21.163828
-7.633614
-4.831809
-18.324648
-18.218178
7.610858
-12.772921
-15.072009
-20.036182
-4.400270
4.070330
5.843035
-4.791120
15.380342
-12.141336
-9.928964
-15.865124
-11.090660
6.084424
-14.044979
5.466013
-0.992168
-6.441832
-13.454647
4.526433
4.582336
-23.120275
12.687937
8.720112
14.303519
-14.196391
-1.490436
2.515470
-15.238983
-13.875887
3.587260
14.982132
-5.422940
-29.518675
1.113127
6.400152
-18.028574
-15.463591
-15.570849
14.591184
-1.414012
-25.177210
-17.056799
9.854592
19.570753
-12.390800
17.717892
16.582903
-7.133046
8.471884
-10.732456
-10.164775
-13.468130
-0.555967
5.551794
13.624837
5.883519
10.833814
13.895912
-3.397816
2.983138
-1.801578
8.232201
-0.709983
13.966331
11.337591
13.587146
2.328187
5.524522
-13.912128
-4.868749
-3.648015
4.614393
-10.046269
-9.522289
-8.575252
4.773414
6.876980
-16.359489
-11.687884
-6.967362
-6.534880
10.098429
3.335698
-15.148284
14.975062
4.599497
-4.024370
-1.409830
18.571220
13.679793
-14.120752
17.383638
3.891507
14.082970
-16.802851
7.605414
-6.659171
3.962984
22.621389
-9.718129
-17.811316
-25.645987
12.672647
-14.771456
16.382126
23.804369
-3.412914
17.129873
8.113423
0.501983
-7.111389
-3.923058
-12.848570
-2.386005
-8.055764
12.179740
7.255828
-1.242152
-16.274178
-13.035000
12.694423
-6.287286
-6.496103
-3.279431
-6.887736
13.749971
7.015014
-0.379049
17.761206
8.174146
0.719056
-24.628345
-4.398223
17.081234
-0.464899
-2.608138
-13.742714
-13.622666
-9.129601
0.995446
4.737343
8.348852
4.712433
10.326154
-13.603415
14.052778
12.449406
-0.719215
-11.971615
13.352895
-1.456387
0.010431
19.533836
-6.538024
-1.026376
17.949194
-7.624106
-15.292823
9.522132
17.601913
-32.092213
-4.759153
14.675873
20.428106
22.668955
18.853550
6.122746
-16.928732
-4.838933
21.410709
8.024464
-8.432740
-2.044631
-11.962449
15.834626
-6.418475
-6.731034
11.417133
10.242208
11.704090
14.917808
3.176992
8.516985
-5.916473
-10.140756
9.296712
-19.397930
-7.617125
11.624982
-13.420175
-17.852407
2.287758
3.379728
-12.331816
-20.146103
18.258764
-4.999021
-19.962215
3.834102
-9.854402
-7.065297
8.454812
-2.021029
-2.281667
-30.070087
-8.498232
-20.432726
3.495990
12.823704
3.245663
0.548635
12.425748
-20.100615
4.485148
-8.292500
-13.154115
10.744880
11.472491
6.588257
-3.229270
18.146406
-16.482563
10.173448
14.312399
-24.850994
-8.274514
-0.239994
12.638234
-0.856375
23.311592
-22.376274
10.915303
6.354207
-24.036589
12.756631
16.644341
2.879234
9.849334
14.854503
1.799298
0.963075
-6.572536
-20.334652
-1.918832
-5.349936
-0.461372
-10.374556
-3.763272
9.355169
0.127054
-15.776901
-0.991127
14.027202
7.537973
23.018156
20.117521
-16.065605
0.555580
18.188643
-20.393631
9.315341
4.758490
12.363131
11.331593
-1.939303
-3.579099
-14.058563
-4.851149
4.995842
-10.030929
10.553851
13.707927
9.203348
-14.257973
-0.580494
7.610290
-2.224443
5.808312
-8.645683
-16.814127
11.701674
-2.806574
-13.893408
10.958273
5.521615
-3.100002
-17.367262
-11.728872
27.478252
7.024247
12.425885
21.819544
-26.228756
15.151715
-23.012560
-14.439811
4.437539
-13.772751
17.819384
-21.589369
-4.452230
-14.705828
2.671940
-0.303788
23.214052
5.563775
-7.818246
12.278987
-7.181870
9.292240
9.265809
-2.725515
-10.528263
8.370708
-17.952534
9.843905
11.025066
16.444460
23.980246
10.504898
8.963232
11.301798
-5.418001
18.985456
6.231284
7.797405
17.003273
7.370816
-13.358391
11.205914
4.781501
5.197995
-15.666184
13.201513
2.087541
1.063091
-9.400377
13.396457
14.890275
16.907007
-23.404522
5.511119
6.256564
13.035409
-22.876293
-9.934945
14.451395
16.317602
0.174771
-16.986162
-7.143929
10.489194
-8.197146
-4.176818
5.900827
-19.487499
3.393098
17.704283
-27.374809
-14.394437
3.663437
-16.936726
17.046696
-7.161268
-11.626209
-6.472057
3.923422
12.820187
3.862823
6.361571
-17.574480
-5.597057
8.787915
-16.576109
-4.289727
16.521208
1.513860
16.257509
6.714571
5.547036
-4.027138
-17.228380
11.425147
9.457679
2.627997
16.184473
-22.573055
13.735474
8.864512
16.360521
4.452180
12.908114
2.084870
8.199669
8.952968
21.496447
-30.963022
10.440374
3.407226
-13.343357
9.612540
2.577368
-7.345525
7.007417
-22.424128
-11.003258
1.609075
6.934467
-19.265608
-6.999325
9.337777
-16.774023
-16.836462
-21.405861
6.701952
-10.454793
4.566620
-2.641123
-4.858860
0.483822
-6.448858
-12.499464
8.365016
18.147858
-18.196787
20.133484
2.387155
6.845995
-13.205115
0.454951
-6.130017
-4.494630
0.568737
-11.117892
-12.146750
6.935879
8.828285
10.966413
16.038795
5.755896
-5.958951
8.807266
-3.641844
-4.096033
1.349159
-18.935453
4.169053
4.776024
-0.138249
7.288596
3.109348
1.212826
0.491263
-14.369534
-8.943018
-8.716554
14.555064
17.389427
10.701324
-1.958195
-18.193026
-14.474286
5.455283
-7.265867
-1.369248
-3.261301
13.008476
10.516620
3.246220
4.850398
-11.202295
4.211836
12.461698
13.195396
0.599383
1.740883
-7.841428
13.112944
20.566505
1.318888
20.494318
5.009258
20.298773
-18.429173
3.550485
-12.625724
12.391572
-12.358493
-16.001833
-27.473335
-7.181803
-9.509370
-8.691807
4.208120
-18.179134
7.366665
-25.364231
2.861589
3.823858
6.407435
-7.532271
-2.674903
-7.287164
1.142735
12.505383
12.982554
-0.786937
-12.104998
-7.914327
-20.224777
-0.599057
-1.306912
5.651551
0.168242
-10.941833
-10.109009
-7.236203
9.505030
14.401903
7.133172
16.243628
4.314614
-14.765486
-9.496017
-20.056852
8.031266
9.023137
9.644302
-5.636707
4.326884
-18.001472
7.745774
-16.998022
-5.114123
-13.143843
15.122120
20.086365
8.582500
5.752805
8.287461
-11.280644
12.805112
-18.269436
-16.014254
-34.272152
8.772917
3.990334
-15.915631
-9.526834
15.977550
3.118748
15.205390
7.878256
2.082740
2.890224
8.830102
-4.987113
-0.982108
17.712847
-4.681725
-18.368982
-13.001277
14.423020
11.746801
13.884830
-7.421038
-1.229397
6.987550
9.026333
-12.368443
2.758327
5.182873
7.832946
4.226737
-21.690214
21.285019
-1.153996
-0.020659
-20.863110
-3.046386
6.566897
-21.269249
22.013206
-5.742613
7.045769
16.885094
14.981668
-16.709044
16.763306
-9.515852
-12.318561
-15.128548
-20.869627
13.575375
-1.658983
-10.738615
-20.808094
-11.467964
4.398807
-6.244902
12.185307
10.665521
3.713811
21.076979
10.693254
-18.126766
7.577392
5.679046
-12.106544
10.577141
-10.875982
5.226004
-22.456675
-8.359468
12.798769
-16.675074
-29.874445
25.892591
-10.666734
5.415061
-14.260584
-11.641123
11.775719
-8.657078
21.535913
-11.878366
-19.180609
-7.917108
-2.111616
-7.162222
-4.468870
14.848574
13.688455
-2.113485
-3.801117
-0.559755
3.267341
-16.028948
22.401165
19.976450
13.404011
-5.810072
-22.116922
-17.788435
-0.675703
1.402543
-8.873767
-2.098375
9.282167
2.499818
6.186206
10.258824
-30.108767
17.016624
-17.800516
9.512489
15.966039
3.172663
-2.301874
11.103338
-14.868753
11.910232
2.448334
12.011914
2.991718
-6.365036
0.539662
16.462269
16.828424
-22.688732
8.519449
-2.629555
-35.151814
-7.988466
17.323610
-7.172261
-15.903148
9.873444
-18.992479
6.664655
-11.510604
14.687089
-15.189240
2.878821
-7.335638
-1.217226
21.525229
9.220531
-8.559135
7.050079
-22.032282
-9.137554
16.352119
14.269711
14.130862
14.293462
-7.072188
-5.459846
6.682702
11.417552
-15.954704
-8.117967
-22.039825
18.854725
-16.059420
-6.135678
-8.357234
-3.921547
-1.095762
2.409557
-10.132982
-3.218110
-10.887615
13.498658
4.831339
-0.084038
-0.327472
-14.011060
-11.280982
-8.848908
-13.573934
1.219245
2.973681
-3.346538
23.063175
-2.917245
4.897229
14.643327
-0.893130
-3.107021
-1.826257
-4.120038
-7.378581
4.766342
5.105061
-18.133595
17.676321
-1.393631
-4.681077
-9.625453
10.330156
17.091198
-16.983925
-0.657573
-28.901474
14.660310
19.261940
-18.508169
-13.337880
-15.240049
-16.308372
-14.045268
-9.558505
4.485767
-20.390985
3.209387
-15.166617
-8.034209
-2.422875
-10.142838
7.197715
-2.773283
21.423981
-6.175624
-11.780417
-12.566216
13.459299
6.779416
-13.469429
2.374295
10.934229
6.293917
-0.736035
-18.193903
22.411108
1.284993
-19.015053
-10.062269
15.372356
15.549889
6.423068
10.940237
-12.054244
13.794002
27.260107
9.728357
13.888476
17.137203
-22.395685
3.433428
-1.045980
15.099555
21.970238
-14.541289
5.271925
-10.688310
-14.906060
12.247297
7.887788
16.949202
-33.985149
11.357028
25.005905
11.039333
-26.336514
-5.651981
-0.719587
-13.244381
-29.469028
-15.612774
-1.499864
1.579417
-6.631102
-9.954539
-18.553101
-6.634698
23.729950
-8.385871
-20.996023
7.927788
-13.480103
17.768362
-17.031830
-0.831455
4.953007
3.510602
12.181666
5.508073
-13.223469
7.831153
-14.623819
5.137816
-12.760387
9.418288
17.164904
19.752705
-3.215387
6.442504
11.879764
18.203585
-2.117050
1.300397
9.481620
-0.080413
-31.119999
3.140730
15.197712
10.949572
-16.139286
-11.573561
-15.856245
18.518457
-0.166039
-7.110235
-0.766826
-3.637750
-17.603559
-4.795693
0.368254
-7.648303
-6.782547
17.576111
7.587563
-16.774502
-33.764984
0.005998
22.242617
5.781146
-23.018427
5.409938
16.086720
8.959434
-12.956986
26.086206
5.374688
23.131334
-15.205001
15.572733
4.545731
9.316103
-4.975363
5.740467
12.940922
2.894330
19.795795
5.800475
17.782434
14.430725
-0.306279
5.996564
20.808632
-9.628882
-12.699853
-0.243429
-11.393925
1.953274
17.276957
-17.384529
-14.626233
1.767645
1.130322
6.781322
14.644705
-4.867152
1.381275
17.359941
12.744974
20.651489
2.909652
-13.705471
12.405981
-12.969213
-2.244314
-7.363616
17.913219
6.298777
24.468712
9.125613
-6.229443
1.304771
0.633953
15.148163
-17.263493
17.833618
17.682671
-1.683303
10.966336
13.018482
-11.511504
-10.178624
-24.891689
0.897944
5.513440
-1.198330
15.022970
5.219138
11.904012
15.981464
-12.321712
6.147895
-5.239941
9.837944
-10.309400
-1.228223
-1.720584
6.525763
14.799098
0.682680
-7.981549
-10.188166
-15.127201
-4.833254
2.161078
8.359273
3.329113
-5.755386
11.745187
14.596512
4.621780
4.043000
-16.254652
1.865582
-21.066454
9.027547
6.832262
-5.628991
13.543624
-4.140147
-6.226346
-1.072816
-10.773792
-14.008794
4.255978
7.962163
13.339459
-12.154759
-18.193012
-13.251642
-19.360697
14.148033
-21.781990
-9.184530
13.161417
-14.396847
-12.364730
4.122317
10.373365
-5.908011
18.632021
-20.470770
7.121908
-12.643821
-5.651883
-4.344189
-23.674208
-23.908379
8.129807
-2.973001
-17.028379
-5.143342
10.989292
-2.972148
3.961906
8.425943
2.909322
16.863588
-13.521841
10.650047
-5.758790
-11.936901
-21.574751
-7.270298
-16.266106
16.530609
3.234572
2.663206
-0.882768
-3.831662
5.740783
-0.853466
8.302672
0.345351
17.382084
-15.480963
3.842226
-18.825367
14.766997
-4.117467
12.888906
-18.264406
15.225852
3.557390
8.326538
-10.096194
-10.511741
-4.474672
-31.262339
-6.755179
-3.448610
-10.196287
-17.908218
-4.968178
-5.091220
-14.378673
-14.653978
10.685308
-8.256775
-3.888006
-18.706196
11.197173
-3.053632
-17.743526
13.113726
10.588474
-8.268157
-0.048520
-9.132804
12.317272
19.348200
0.497318
-27.858587
-10.184042
-31.614555
-0.868822
-15.907291
-14.880448
-4.549621
-12.937280
5.492193
8.504122
0.907812
-8.043655
-14.389261
2.645889
-7.093429
-11.938511
-15.627642
-0.219718
-17.237207
8.135901
-8.567099
13.158133
14.482998
1.300389
1.163082
-0.636839
25.538450
-5.584420
-6.654501
9.629404
-5.108047
-5.076585
5.358113
0.294196
-20.425701
9.493098
0.445456
-13.837038
13.559723
-8.720367
-26.301044
-8.133760
-19.837189
-6.905550
-7.992038
10.864660
6.788198
6.827148
-18.953939
5.232180
-10.696439
12.389214
20.245926
4.638479
-0.540271
2.718898
-7.949383
-19.610771
4.770241
2.044055
3.309689
-0.858188
-14.708107
-12.990872
2.711187
-12.275587
27.645887
-3.203098
15.477854
-26.167418
13.793183
-23.292656
5.058983
-14.223730
-11.448999
-4.395743
-11.667153
2.404925
-7.227453
-13.482204
1.130458
-0.456150
6.649524
8.246154
-8.811707
-16.513868
-3.494439
4.482256
-11.695153
8.452086
0.297060
12.734607
-18.332039
14.055297
-17.460934
-13.466282
-13.674805
-20.567005
-7.181498
12.858093
-9.373070
-17.302626
8.676832
-23.823828
-11.115981
4.575974
-11.975457
9.272099
-11.878960
-7.193148
17.026939
19.453573
20.703392
-3.628637
-1.406055
9.926831
-12.883178
-8.940114
-11.958055
-4.076142
-18.520088
-5.848635
-13.890982
-15.232606
6.633678
-1.365198
-10.424636
-20.732336
12.793478
-5.761642
-29.249037
-9.228702
-18.856314
-7.423498
-15.370091
6.290363
-7.422684
9.281350
-10.656235
-6.753657
0.337541
6.234548
7.259097
7.389536
-0.435312
15.133904
5.535497
4.381190
-4.834620
9.573896
-22.313614
-10.561588
6.043812
1.064282
15.964975
10.992313
-10.236849
17.106550
-8.658692
13.815024
3.164779
2.883251
-4.323292
7.165773
18.168631
0.349300
6.100578
21.774366
-1.638024
8.861461
-17.551029
8.015577
-1.503325
-14.975701
-5.754879
-10.601199
22.668531
10.834555
-11.728811
-13.285014
10.668001
9.802855
15.023088
5.920509
2.939703
-11.634620
3.784538
19.962448
-0.555217
-9.942081
-25.511190
13.750884
13.684937
18.637865
-22.222034
7.171059
-14.401258
-11.092670
0.014006
22.526100
1.034532
7.649068
-3.077066
8.723976
13.976034
5.604513
7.978466
12.175151
-12.110966
-4.378201
1.303325
-16.743370
0.061738
15.481236
15.515681
-3.482310
-2.544543
-17.921213
17.637285
10.448852
-8.134154
16.739206
1.777821
-19.970543
9.154840
6.293565
9.011754
-1.947435
-9.070886
-0.511588
-16.166599
-23.365852
8.508149
-2.105446
10.266357
-10.826842
10.307314
-1.411162
15.079090
15.380256
2.632871
-9.264982
-3.967994
1.203583
22.827930
-8.250723
1.915025
14.458387
-8.779007
-10.724607
6.103185
-3.448906
9.335052
-4.103510
17.476696
-0.003140
26.904556
1.998132
-23.774555
-16.580038
-1.932989
-4.341424
-16.272352
-0.858916
3.829627
-11.428057
7.631618
-10.508276
17.505386
17.228209
4.474038
-1.685249
-19.849613
-12.658156
-1.256893
4.087869
11.813200
16.472717
-6.697913
-0.397322
-6.773478
-7.494571
10.360324
-18.190899
3.431198
-3.635290
-18.760403
-6.871739
10.080303
8.982350
17.251637
-1.718367
-8.289289
15.130985
-6.340841
10.718781
15.143338
-8.432436
20.385498
-4.764374
-10.240674
13.813427
-11.171674
5.194221
-6.802864
10.508422
5.639305
12.365100
-4.176934
-1.667527
4.887093
-14.243400
-8.080203
-9.367311
-11.385569
-4.516574
14.464334
8.498980
13.798100
22.353785
3.093644
-5.109993
-10.453731
4.141400
14.301238
-2.799622
9.093181
15.868577
5.978058
1.298658
20.223585
-3.004940
-3.945508
-1.459897
11.341976
-11.027842
10.426241
-0.199121
-15.920424
-13.296528
-13.166133
-0.189353
21.717434
7.252625
14.153149
18.273867
-14.259670
-5.191446
-19.372253
18.352434
5.128259
-0.984910
4.667736
16.659592
-14.125725
-10.429004
-10.704149
-16.344213
-10.621068
-9.740757
-16.720917
-4.614459
2.432277
-7.933173
8.938365
-0.726846
10.235977
11.347797
19.394279
0.384092
-8.276789
0.928449
3.103938
-5.198300
-11.613944
10.522462
-13.996139
-15.963325
-15.508594
13.204617
-27.164139
1.311621
-12.882035
-7.092348
-1.939688
13.803867
4.489896
4.046751
20.966202
-20.185667
-18.903845
8.698669
-8.657611
8.867442
-18.944628
5.173220
21.532482
10.724954
12.804956
-2.235345
-7.098655
12.568204
11.749195
0.609544
1.531344
2.510864
-8.340081
13.542628
-3.159878
5.261654
1.064103
-6.239713
-10.621593
-6.791314
-11.221231
-16.872473
1.564259
-1.657459
9.806608
14.413706
4.541251
-4.567746
-6.320466
5.449114
-30.947577
3.637304
-4.150263
-3.807028
15.775743
5.932666
10.693781
-6.590290
-12.233412
7.450591
4.499781
5.257122
-21.518360
-5.269419
-3.696087
-15.030725
8.833269
11.034373
2.472535
13.175245
-31.384085
2.478773
-23.519524
14.897448
15.796495
2.175775
24.983662
8.975334
-24.204863
-16.433538
8.203800
14.704208
-5.375540
-12.959820
-15.174790
-4.756314
13.020834
4.287537
6.064753
-4.960028
15.010000
-0.843274
11.520844
-0.360052
8.160863
9.859986
23.056648
11.634727
7.939886
15.742240
0.815314
-13.274521
9.831165
15.577248
-13.810334
-18.235636
10.656305
14.877993
9.030963
9.564312
12.594755
-18.278196
-7.038680
24.706867
14.505539
-14.870801
11.719344
14.963636
15.872831
-8.332509
0.659791
-14.293398
-18.758463
-0.791110
14.336562
1.851460
-4.178725
-0.535233
-6.608350
-4.354938
-8.066621
-3.808685
-4.968782
-10.943548
-31.330406
10.803478
-4.312570
12.950342
-14.774427
17.625467
25.851135
-3.339420
15.713054
-12.703251
-15.074226
-0.960803
2.969099
-4.544546
13.933867
8.828351
13.204755
1.148837
7.064494
12.597818
-14.922712
6.625927
16.891478
-10.887670
9.291443
-12.259680
20.018200
-6.326008
-10.564436
-12.580684
10.522993
20.236031
9.638332
9.870870
19.580694
12.144895
-1.187936
21.079462
-21.108829
7.036497
-6.546718
13.865346
-12.040876
6.554614
17.016506
4.198669
13.570063
5.143287
4.324502
-0.969175
4.435497
-1.091766
-7.329469
9.831250
-0.326847
6.629918
17.001734
11.626564
-5.561821
-17.239902
-10.836253
3.227000
5.732745
14.488988
27.525791
-11.280890
-4.225459
19.588903
-13.659599
-13.432656
-9.318630
-15.572083
-6.421188
-0.789773
-17.511217
6.060791
-6.335782
-14.081201
-0.994261
6.226471
23.731991
2.914032
14.011768
-9.195189
1.467804
-0.880663
-8.580857
-2.341012
14.672758
3.556721
7.169357
8.885644
10.303577
-18.060984
-23.382263
-4.672966
4.238400
2.059931
6.597641
20.949032
-9.332606
4.237214
-20.296417
-11.126884
-14.681457
-20.774540
14.011414
-7.256814
-9.762237
-11.351286
-16.568314
-7.391611
-10.709589
-2.483922
-5.543424
7.323267
2.677078
-1.504815
-10.568389
-10.164771
2.013751
10.899672
5.336187
16.427952
11.414310
6.917426
1.735490
4.865199
-29.758820
9.866878
15.297667
14.771971
7.211166
1.420029
16.103180
-10.777343
-17.353531
-24.200722
12.754503
-17.937941
-9.250112
7.845740
3.304127
12.782194
16.501057
-8.189472
-15.591119
-10.444346
12.058325
12.678526
-7.309230
6.526006
-13.925928
10.518868
20.773035
-7.085137
15.496732
-20.147457
-9.377172
-3.610132
21.075819
-4.033209
16.030474
-17.498075
7.330858
-13.447351
17.187662
4.386810
7.667085
-19.156506
10.238767
25.116707
20.047180
1.284459
-1.563758
13.314098
20.108000
12.896869
-14.051501
2.863759
22.487268
0.969395
-12.953426
-12.445222
14.711116
12.228042
-10.441148
-12.091753
8.745223
9.870610
-4.330570
-12.563551
-16.441980
-4.403798
-23.012180
1.551658
-7.318129
5.432259
-23.886980
-8.958808
-4.421484
-15.465680
-14.055442
2.854205
5.923602
2.499822
0.677446
3.064674
-13.332608
13.736326
10.000939
-9.215743
-4.785897
-11.531263
-4.564438
10.293095
-10.518519
7.774041
22.004881
-7.377812
7.791767
-8.094456
-17.459360
8.315658
-6.996446
4.713466
-10.005926
-15.967389
11.075112
13.016727
8.381423
-12.161040
16.658730
-10.173605
-11.861631
-5.460876
20.926813
14.870246
12.870463
-13.247389
-22.832113
9.886447
-11.127110
4.589167
12.854571
3.354761
-10.454871
13.978035
2.342080
-10.239336
-16.706263
-20.042105
-1.998509
15.932557
-6.812123
-12.820146
-31.474686
-1.707014
26.093813
-1.072887
-23.234858
-14.483768
-0.288402
-2.235258
28.155893
28.809782
-12.980922
-25.260309
5.570988
-8.576642
-7.967154
5.747611
-18.309740
-1.027925
-3.358756
15.565958
7.069256
-9.175964
1.989149
1.131762
9.556858
-3.126763
-13.429945
-1.565732
9.420181
-16.650066
-12.590131
14.916949
-20.208849
-6.175616
-17.061399
9.278549
-10.340098
-19.943235
-5.985174
-7.742163
9.525970
-3.811481
6.991525
-21.882122
-22.766455
-4.968782
5.094792
-6.826892
21.774210
-11.336579
-9.313545
2.211681
24.473007
-7.167993
-0.229883
-16.584187
13.360089
6.572135
8.719304
7.042867
7.022924
-16.869753
4.911600
14.400969
-8.014445
-1.320489
-5.609115
-4.958733
0.839543
-11.225254
-22.837498
2.189628
-14.159081
-18.780233
7.338578
3.945741
-14.339911
6.304363
-13.104781
3.240162
2.445487
-8.471671
-18.300592
2.824734
0.812397
9.455653
-4.991346
17.133652
1.374634
-16.994688
-15.639950
-2.098057
12.554608
-19.284168
20.021847
19.586624
-15.448228
11.949897
-14.665675
-15.064681
11.521295
-13.729903
0.902975
3.349296
0.062625
-9.694133
-16.333435
-9.167027
0.264887
-8.861587
-20.738377
4.691732
-3.495212
-9.180456
-0.969785
-8.725080
-13.257139
4.458940
13.262016
-16.557192
20.053848
11.398480
1.095978
-14.005666
-5.881692
-4.899672
-16.459082
-10.091351
-10.363261
10.101070
4.141103
-17.824762
-13.702671
16.607342
-24.068729
-18.202589
-14.678921
27.652702
7.909996
-1.097119
-6.068526
9.100572
-4.344980
7.875849
0.303245
-4.920976
-11.659960
1.679345
-3.959476
16.793438
-18.130623
-15.852586
-0.468322
13.349933
5.046381
13.069852
-4.079527
-19.494133
-19.131062
17.198782
-2.040956
-8.533414
-3.135998
-17.674921
10.514720
-6.026709
16.318718
-5.122663
-12.939434
-16.139908
-4.226948
16.030081
16.122530
2.713583
2.854339
10.903237
4.590425
-6.748244
15.364052
-11.421896
-9.242783
-2.769094
14.193225
-12.045081
14.536152
-4.939895
-10.251653
2.635675
0.555067
10.406632
-14.864779
0.934546
-33.864670
7.764570
22.969196
13.313975
1.667834
-13.304359
-22.988920
-8.280692
-3.201170
-29.733093
17.271057
-11.956126
-2.659252
-11.640775
12.513633
-3.436119
-27.485374
0.599222
0.980652
11.551854
-5.703874
7.655451
1.652848
-17.418140
-5.614482
-8.667618
-2.943671
11.125630
17.287996
16.938288
-1.069460
-15.712642
14.478636
14.854739
7.387610
21.432491
11.876097
-16.639099
-4.617125
16.206247
-14.400706
-9.146762
-6.952293
-19.341953
-11.867632
13.596980
8.987827
14.729770
-12.718786
-9.161919
6.199985
3.611267
-20.626152
4.918793
0.580117
-6.156309
-4.009541
-9.944048
11.386117
-9.275121
4.353855
6.884516
3.144058
13.823038
28.748045
-9.113401
21.566977
23.862032
27.159544
18.494600
18.591305
0.833538
-10.032063
-8.616959
-9.625466
15.118272
0.036488
9.408283
-5.125638
2.231217
-2.056887
-4.024452
4.777205
3.985377
-13.456582
12.089612
5.722393
-9.404334
8.188023
0.015484
17.003262
-10.507060
3.018084
-10.133658
22.175083
18.770428
15.075034
-4.119151
-15.389765
13.027545
-11.122126
-14.535881
-16.950321
-13.359257
14.736405
17.312672
3.510544
10.073918
31.990797
-0.228936
-2.471382
-11.930410
-18.796431
8.944449
-15.029533
-10.206796
15.646332
-0.700912
8.565337
-7.312998
20.561165
9.427238
10.867640
-7.188112
-0.984727
1.474058
13.464653
14.608417
8.530251
0.531281
-6.320022
6.757812
-14.247374
9.760207
9.397590
16.262682
-6.995953
-7.115140
-9.427681
-7.455203
-7.520222
-15.968330
3.675177
-13.380559
-22.227993
-11.579097
10.157346
2.156503
-16.585381
4.454726
-10.060932
17.403545
-7.096271
-1.074376
-21.901506
-8.205241
-5.642239
-20.030354
-0.209482
-0.350188
-2.170270
-4.198195
-4.168616
-13.497579
1.220076
-11.482509
20.315859
15.970042
2.422682
10.214578
9.633282
7.726937
-6.288820
3.041241
-10.220496
8.385604
20.011976
-13.617111
-17.197863
-2.559989
-15.011816
5.864017
2.492721
7.180024
-13.169222
11.332598
8.216241
-19.678640
-5.746701
-2.915279
-5.736050
-1.463685
2.211114
-5.972373
10.237493
-16.760530
1.911203
11.501759
-21.331003
-15.209087
12.357406
16.923618
-11.060435
-20.717394
-3.180346
-9.761370
-15.645615
12.101461
12.774747
-10.648844
-4.102017
-15.267482
-4.403373
-0.703257
-0.157049
-13.089197
-5.219219
3.373231
1.302565
-12.980268
-3.924571
-6.527619
20.357101
-15.429642
-0.436395
-4.000062
11.988859
0.193217
-11.853218
-18.328196
9.875124
2.624048
4.470493
-11.621696
12.742076
3.811891
-24.215046
-14.167613
0.417175
14.099721
0.492570
-8.148892
-2.131678
19.135555
-15.473557
11.226027
-10.486681
-2.001394
-15.897738
-10.980467
-6.580233
0.085214
12.177464
-3.945887
9.438965
10.832861
10.211778
-5.429820
0.776484
24.388609
-14.997419
-16.871939
-10.457735
-16.205778
-4.963060
-17.751036
-4.547168
-3.814666
8.195206
7.636292
7.238880
-11.401649
7.886117
8.682401
-7.484509
13.230969
-8.393335
9.604486
4.326867
-3.140255
-1.104539
17.741722
5.551825
6.363216
12.222441
-13.458727
-9.282761
-21.452496
-0.954063
9.577428
2.709208
-0.670149
12.003121
-16.818197
-21.258379
7.572464
2.611276
-11.403549
-15.869364
-5.009206
31.523335
1.723880
11.410047
-4.638417
-16.533110
-9.421750
13.591315
7.177218
-2.965138
-8.952149
5.171902
15.144911
13.754585
-9.595769
6.663205
7.628371
-2.495573
6.222201
16.061041
16.648117
22.052473
-8.098160
-19.343771
-17.482983
15.975473
-8.780610
-1.689976
5.343966
21.824310
-11.872471
-9.438431
4.649234
10.506445
-6.236688
18.981495
-0.616618
-5.712403
16.249006
13.110655
-1.847165
-7.052063
15.442120
10.308668
-16.791161
17.006327
-9.447685
-0.999796
5.449572
-4.182926
0.309523
20.211128
9.479309
-6.487907
-16.883223
-21.579872
8.916408
5.426879
-8.704975
19.854851
12.458839
-9.466663
-0.619218
-1.524404
-13.792052
-25.039782
4.981459
-6.996958
-6.782495
-16.298729
-1.640823
-14.311586
0.084780
20.100410
9.722312
-4.233184
9.385648
-18.788282
-7.633896
-2.604507
15.252865
-5.746948
-18.881937
9.700961
4.549100
-21.774225
3.083046
-12.761721
-20.640989
8.088000
2.095602
-0.380039
13.804670
-22.638462
12.632655
-10.083344
5.625548
7.847179
6.598790
10.081656
-8.271097
-0.745095
2.927904
-19.277660
-9.785324
7.166949
15.259726
-3.818135
-4.480466
-9.761009
-0.692762
-17.634501
11.077541
-8.785352
3.890505
13.932956
-16.980015
-11.984860
12.834230
3.253743
20.541609
-11.880654
0.098823
-21.558622
11.901464
-0.815907
2.549789
-14.558258
4.456372
-28.407063
-12.054990
-2.571725
-12.859665
-6.335031
9.385358
5.397598
-4.923233
-24.667349
-6.112760
10.916311
1.421437
14.695051
3.793581
4.125561
4.879720
-8.970944
18.034880
-6.274847
0.396398
30.839663
-7.504291
-24.043240
14.810437
5.431259
13.532340
-9.272088
-5.828032
-29.303036
0.872606
0.384284
-6.546607
-2.121617
-0.866466
-17.170637
-5.783317
-12.378491
-2.283756
-5.184663
11.861898
22.482182
2.350824
10.060670
9.108128
-14.977590
5.047868
-17.671547
-0.340566
-6.000681
16.927565
4.657552
13.104344
-7.826403
-9.320639
17.003841
8.514951
-1.066007
-8.656443
-11.300292
12.285409
-15.686940
-9.445609
14.346612
23.008535
13.723399
4.447439
2.324277
-1.019557
6.366484
6.142655
-17.422823
8.902403
-19.518225
-3.247427
-6.314581
-11.494527
20.192234
2.263636
6.620786
10.080528
10.926071
6.813386
-0.344662
5.394248
-15.191918
0.221403
17.666193
11.514521
5.887115
13.885451
-4.025103
11.856027
24.940720
-25.600580
-5.221283
-14.903175
4.044220
-5.810926
12.206738
-5.660726
-24.935610
0.188852
-14.457221
-3.329075
-20.061775
8.538960
7.327368
8.420670
-5.521910
-0.254043
-20.538155
-13.494939
-1.455589
17.399351
-24.530638
20.238823
2.218616
-3.266318
2.153139
-6.708577
-9.320552
14.219648
17.184635
16.679502
-13.098041
13.606546
-7.963644
0.720298
-8.143454
8.635180
1.723071
-4.828239
-5.661109
0.238527
3.888789
2.838074
-5.587219
7.819902
8.411328
6.421287
-12.413069
2.472503
13.795424
-9.683568
5.896643
-6.969251
4.140041
10.610524
19.859955
-8.471000
11.373875
-4.465024
-20.355095
7.092818
-20.270678
-9.745879
-7.317546
27.187979
-14.615732
5.335521
0.949241
5.904909
-8.870773
-14.748710
18.933390
-15.038332
1.264175
-8.417813
-17.932001
-15.830621
-5.490581
6.016841
11.331888
-7.848097
-15.868840
6.113553
-5.284804
-7.672733
-12.373631
-21.299463
17.464207
5.515570
15.735150
-20.714903
-13.303889
-16.310137
-5.393134
17.384514
-13.864667
-6.311364
3.177339
-22.320820
13.335826
-13.391479
4.845212
-13.999551
24.985605
-9.908755
18.126013
-19.395388
11.563589
8.919005
-13.327420
11.815667
5.768721
-9.857905
15.994379
18.526485
-0.784267
-4.615372
-13.970372
1.042065
8.763098
9.353082
-8.488063
20.680870
8.549557
-5.577276
-17.604998
-9.262978
3.383287
13.552272
13.091043
-9.916624
-10.069475
-18.705990
4.457273
9.758904
-22.749088
6.846737
7.862286
-5.208955
-4.538634
6.840017
-2.002530
-15.895574
-4.683857
0.062605
23.723757
-7.456367
14.743686
-7.137931
-22.424271
-1.400170
-1.844510
7.228831
17.681490
-20.125965
1.407058
18.482399
-12.184043
-4.201837
6.258448
14.329329
-15.825467
21.935057
23.732967
16.901981
3.013091
-11.537612
-15.681954
-9.657020
8.516230
-13.836701
-6.476437
-4.536146
-13.934361
15.553071
-24.957947
10.535496
-9.922669
2.938384
-5.990276
-3.919143
-16.494865
1.653660
21.416275
-6.035339
-13.940803
1.861810
-23.795935
-12.784419
-27.380730
1.841131
23.810150
-16.784613
-12.874537
-18.005997
-0.261336
-10.319368
-15.753964
-0.525695
-19.853363
8.439754
11.483409
-7.497074
8.587723
18.017265
-0.107353
-16.423004
-2.674965
17.441252
6.196791
-10.292423
-9.122380
12.912758
-8.449798
13.310390
20.984575
-14.931065
-4.887712
-19.276833
13.412667
11.657404
-10.972773
7.490806
-8.787322
11.104158
7.163245
-7.551937
-2.585219
-12.265656
-5.895097
-8.531487
-2.599425
-8.519979
7.108325
16.085661
-23.038790
-1.842008
8.020206
-3.546475
-22.224653
9.391969
15.089836
10.790109
7.135529
-2.835901
-18.132406
16.689753
-20.457298
6.852302
-10.957131
15.736036
-11.269189
8.162497
-7.537528
-8.264837
-12.370497
-1.876547
-2.465623
10.355774
2.151941
-8.044668
17.021505
-8.280377
4.251816
7.784153
18.392281
-9.124231
-2.342289
-2.169108
-11.161461
-11.268212
-4.083500
6.274088
4.089368
2.863523
11.769995
-12.549625
-10.323113
18.135460
-18.433409
-15.393449
10.139790
20.788050
-3.050687
-4.851109
-18.836248
6.750936
2.492792
10.385028
5.672708
-18.636019
10.327886
-4.774991
-9.744113
-2.627442
-22.987053
-9.358779
6.851534
-14.753744
-0.979831
-11.623732
1.924330
-2.363195
-14.324861
1.144618
-11.467642
-18.623310
-18.422329
-8.224456
18.880283
-15.282535
-7.491796
6.479778
-10.976590
-17.805338
-6.263648
-21.731434
31.317772
5.546500
-31.339043
17.291601
8.376755
13.739525
-4.015408
15.866829
14.683105
4.641808
-1.797808
-12.858128
-1.682552
12.245509
-15.643895
10.892532
11.413109
8.380102
13.184254
7.516788
14.725598
-4.169922
-9.000007
9.651338
-3.284307
13.263401
-5.972744
10.146478
-20.901995
10.523868
-1.589960
-21.545935
1.208805
-5.901890
3.636256
1.472315
12.722168
-3.122719
-4.455964
-2.125384
-11.984658
-6.781533
-20.298901
-14.959050
-8.293356
-16.163809
-15.900536
-3.876847
0.571459
13.905991
-18.337349
5.258271
9.887098
-17.997086
-1.392077
-20.014503
9.748290
-11.611636
-5.809872
-10.929090
-27.068476
12.030451
-11.899718
10.680471
27.656099
18.194851
22.204399
-11.801881
-6.616911
21.656118
-6.483415
13.312225
-14.121655
-7.943145
-1.010025
-13.152674
-2.903743
-14.707298
11.549198
13.604758
3.356805
-0.533548
-5.719103
8.615189
-3.276486
-10.229822
-5.391536
11.272299
-15.379627
2.764666
7.472281
-13.630033
17.698036
-6.890946
12.488946
-10.455374
-15.525944
4.741013
-5.687544
-6.099523
-0.683548
15.848843
3.408683
16.207727
-17.666018
4.133495
-0.311102
15.256257
16.543386
-4.109645
12.128401
-11.883801
10.199683
6.188195
-23.356087
8.754360
-0.374738
16.162550
-1.153156
-18.148529
6.347576
-13.049310
-17.514208
2.657642
8.039988
14.975635
-26.483715
15.628233
-16.835316
11.013674
1.981220
-14.350238
-5.904210
17.967630
-13.654728
-3.402800
17.572056
-14.559397
22.330687
-8.983712
17.502190
-10.939987
8.913785
7.226341
12.153530
15.530542
10.893991
0.099194
-10.830050
9.300461
-7.669883
-2.469428
-7.384703
-9.225401
1.384171
3.150928
17.893847
-16.079529
11.538115
-17.333467
-19.797920
11.950642
8.645359
8.244498
6.919112
9.586160
31.062792
-6.464159
-18.959791
-0.889068
2.784537
-11.299753
13.011985
7.562578
-3.208859
-11.130609
-13.571480
13.258869
-23.556599
0.496037
-14.243631
-0.641658
-17.229609
-7.841901
-4.341142
10.938479
20.198185
-4.957575
11.291821
3.881011
-4.763267
-14.053628
4.779149
-11.556355
-16.953093
7.191058
16.089605
-11.540582
-2.263629
-10.280117
-15.375861
-15.303828
-12.703639
2.369608
-14.029327
10.579502
-20.815783
12.359092
-1.197911
-8.444753
-1.691999
17.690998
8.990700
-7.415427
-14.027685
19.279705
-9.533740
4.867858
7.447560
-16.583563
1.249826
10.822302
12.004967
-3.094229
1.133846
11.019388
6.762943
5.323326
-11.118226
-12.712148
26.478092
7.431915
19.821390
-9.180664
-12.244984
-14.696917
-6.727663
14.417336
-6.407750
11.837173
-12.399243
2.291162
-3.294749
4.607493
13.332932
6.160056
10.367438
7.628896
-4.770557
2.767308
14.155786
1.760847
20.810270
22.930994
11.526175
23.515261
-11.886238
-17.718552
11.198812
8.189727
-8.874887
12.020363
-6.379115
10.798199
8.015198
-14.863114
-21.131725
-11.747694
11.952544
-10.803164
-13.796338
-3.129026
-2.951024
-12.527664
-2.502072
9.784902
5.306829
-8.528829
-10.326310
19.326597
-23.065784
3.330693
7.999789
-12.365184
3.527442
-8.712049
-13.143205
-16.577589
-9.871850
11.996575
-2.758265
2.688594
14.350779
-21.909330
-16.422535
8.901446
-5.957428
13.653690
-4.056414
5.226173
10.873162
7.296656
10.793588
-4.047309
11.410432
-14.303581
-10.212359
10.299607
1.180865
-12.336168
10.560853
-19.302643
3.347161
-16.867523
23.110661
11.694866
-13.867270
10.837145
-26.780972
15.871119
-25.186283
-2.789656
21.104767
-0.392826
-18.558109
-6.081895
0.797590
13.092357
-19.415318
9.157629
-12.295790
8.027048
6.401160
11.065668
3.480049
-6.954609
8.257437
-9.103630
-5.661163
-15.466997
19.446972
12.846219
-5.862676
-18.585670
-15.493686
-13.699611
-3.573114
12.207620
-6.475678
12.371219
-0.507868
6.912244
-15.798981
13.979755
3.581429
-6.167156
14.357491
21.262270
10.280671
1.647694
-9.030142
-1.385346
21.331268
-8.496780
6.363587
13.664602
-8.846019
10.260142
10.187991
-10.898493
-21.845211
12.512156
1.508477
9.673944
14.338376
13.809488
-15.623676
-15.850558
-31.022984
12.267970
-9.672481
4.755982
-8.220988
10.138796
10.001930
16.266327
20.055376
21.200956
14.331903
16.445843
4.072890
2.640561
4.343683
-13.883582
5.508379
-9.061116
-9.506408
-8.514303
8.172257
3.580079
4.664773
5.955215
-14.256212
5.061595
-2.562934
14.119848
15.872972
-19.081059
-17.584145
-17.356798
-1.258067
7.463501
2.307676
21.219734
-4.274554
2.427804
19.706707
0.944462
-5.234261
12.847363
-9.511188
14.624595
25.161640
12.114392
11.979864
-12.048093
-12.227514
-8.565522
9.768435
13.572523
-0.655327
8.196683
-9.454470
-9.513223
-4.388868
-11.749822
3.888045
1.803523
4.132115
8.797940
18.652769
-20.370668
15.791795
-2.379339
-4.217379
-1.379244
-18.651903
-8.425749
-18.558393
-13.161233
11.009729
-10.701495
10.298513
-3.198160
3.785363
6.813319
2.625572
-2.464545
-23.140827
11.677178
6.506096
-1.665991
-12.571618
-15.290865
5.908019
13.329849
3.593991
-11.078877
-20.306601
9.359267
-14.757006
2.190121
0.943204
20.305586
-5.416037
-12.253971
5.353179
-25.541048
-4.402997
4.178317
3.979082
2.977852
9.384561
8.682631
2.281420
-4.935347
14.297730
-16.785938
-8.946864
8.377093
-0.235793
2.535552
11.212662
-14.555355
3.444091
11.653513
-12.803624
-4.883330
-2.608935
-3.013593
-2.851674
-20.636776
4.495419
9.894744
1.789131
-11.635928
26.092770
2.899924
-14.506886
-15.389217
-14.003006
23.405573
-19.422718
-5.231444
-2.271000
17.069685
18.035112
-1.372065
0.409190
14.294135
-2.673593
-10.139565
17.051819
0.853821
10.674390
-10.502547
-4.487387
1.678161
-3.749711
17.642342
-6.025941
10.754276
16.208012
0.509629
-0.554723
3.074451
4.611918
-9.120326
-15.938822
9.825334
-7.077633
19.247231
-7.202760
-13.415888
-2.887380
6.434896
0.457694
17.902731
15.231836
-14.377784
-27.152132
-13.151077
21.713793
12.499658
-7.050007
6.012794
-16.924910
-7.744565
13.949528
5.673954
4.262144
-11.202498
-21.066584
3.185433
1.968030
-14.302654
-7.658655
-16.410919
4.556199
-9.644750
-2.292919
-10.014534
-6.676665
-14.124620
-10.572634
2.960430
10.720662
3.122384
-6.561854
22.597803
8.518579
-22.966164
7.451582
7.228485
-15.672264
1.200011
24.415565
0.217013
-8.831428
11.769963
6.227153
17.669926
-18.289351
-8.220231
3.319161
-12.797383
5.551806
-7.393244
9.030872
-14.095235
-0.605023
-11.252240
8.340523
-4.063145
8.190626
17.791019
-11.543481
-11.485679
-15.047374
4.598634
17.356794
0.632229
-7.066181
3.738925
-31.420670
-15.397139
11.615950
5.552626
-23.481115
-2.177485
1.387257
15.640237
-2.440286
6.980562
8.345365
-6.501871
9.191403
-4.821275
-8.003485
17.969015
17.429411
-21.536682
-0.608254
-0.872134
31.106197
-7.220777
-24.354988
-0.961548
6.468549
13.181424
27.507023
11.940655
6.958182
-25.964186
14.059623
15.424282
-1.138976
-9.643402
-20.098837
5.122555
-6.326872
-1.345571
21.523125
4.682090
8.964996
2.011021
-0.449295
-2.182407
17.119123
-5.068500
11.067336
7.456370
-13.966288
-19.483744
-24.085232
5.519712
8.430817
-9.963718
18.106434
7.185633
-14.484316
-4.506223
-5.277188
2.460491
-0.967121
-17.808861
10.338514
9.076150
-2.639210
-6.275220
-9.927316
-7.310157
9.040195
11.317612
14.594601
6.036218
5.633298
-9.719515
-9.865061
15.294468
10.171811
-13.819226
-8.134203
-15.484156
6.009911
-16.351574
-6.938815
18.451393
-16.414528
-2.190498
-25.242401
-17.224678
31.042387
-10.900388
-32.229641
5.266987
12.397798
24.333179
16.228214
15.633845
7.304820
-18.279280
-3.168389
-2.582916
23.114525
-2.451214
-16.827396
-2.319095
4.668245
-9.290147
-11.223278
-3.485839
-4.248118
9.255742
7.121375
13.045134
-3.422221
10.137926
4.491379
-8.269629
-13.077091
11.611371
12.756122
-14.198671
-11.389436
4.455996
3.571041
16.784550
2.222019
9.365821
8.577434
4.935133
-6.630134
-1.227240
-20.274286
-11.600883
-11.690012
12.989731
-10.544525
-10.301548
0.998229
-5.550846
7.213187
-13.485311
15.022263
1.308810
-3.608252
7.061112
-2.911194
-4.635687
3.404373
-17.284245
-19.956728
8.830939
-24.220161
-1.866633
-21.560022
-11.736063
4.334221
-6.308498
-6.182602
-8.559164
-16.161953
-12.406042
-12.320851
9.145228
4.455110
-14.486705
25.178822
4.415173
-21.261610
-2.812316
-21.388569
7.777133
2.559317
-12.128403
-14.047692
15.840831
3.943240
1.182277
-14.711098
1.757101
23.556051
5.823538
2.920897
7.254963
-6.601544
0.141521
-1.951992
-1.974776
-16.967432
2.791125
-10.154108
-20.106279
5.957036
-3.930993
-24.263231
5.346593
6.344725
2.601682
16.943253
-1.598149
-5.530951
-11.793480
8.395058
-3.414978
-13.967937
-4.682459
14.562036
8.752863
9.576513
-11.682534
-4.588934
0.583989
-16.218304
3.594335
-11.154619
2.142034
-4.904953
-3.358575
18.422575
-13.517089
-2.702167
0.918693
-14.702977
-12.817684
-7.850833
10.981488
0.336818
-9.509647
-4.057497
-3.528071
13.382961
-8.122310
-15.798541
9.440351
-9.368133
11.847122
-5.355717
-1.014441
16.750652
12.956179
14.958967
2.002599
3.284563
0.932361
10.260185
6.248805
15.650770
18.389231
10.373321
-13.581752
-14.239049
11.177558
-17.268784
10.179986
11.011931
5.710882
-8.699170
4.468887
-26.416157
2.483083
13.646463
-8.900999
-4.951349
-9.398460
15.776390
12.502109
-17.161358
6.292075
-10.827557
-15.630803
-2.220201
-13.494887
-9.732661
-10.289438
9.990404
1.119873
-7.529878
18.969490
25.537611
9.025042
-17.168053
1.532700
6.745266
1.569334
-1.969798
-1.445771
13.892879
32.684608
-13.046096
-15.519166
-7.162364
-12.980355
8.263668
-7.306452
22.927280
3.798862
-2.811870
4.577526
-6.822258
9.622516
17.558701
-6.950480
-6.559415
5.774252
18.507868
-8.682741
-1.425356
13.983076
-17.908278
-10.968054
8.549564
8.771914
-12.663288
-20.904903
-13.270327
-12.371718
-2.374972
12.740472
-13.178229
4.244236
-9.850582
-17.387886
26.832310
-10.580408
8.370439
-5.465529
-20.950039
-9.796220
-16.172655
3.703601
-23.670883
11.695838
5.286115
0.198688
13.514999
14.254801
-3.810059
-5.174012
-16.659433
9.749846
12.471899
0.102573
-11.236752
-6.668587
4.101340
7.718992
22.584515
13.171113
23.939663
3.092518
22.506769
3.849037
-3.723828
20.636141
-3.400016
8.317687
-1.946977
8.478615
-14.891278
-14.719234
8.946105
2.501037
-13.422850
-14.492766
6.370837
-13.278275
16.194536
-1.272643
-2.932753
-8.704935
14.394921
11.784895
-15.030722
-0.429236
16.360729
8.058290
-21.176533
5.923964
3.345912
-20.995790
-3.239953
8.608777
-6.947816
11.117502
-0.767858
4.186776
28.821676
-8.750310
-5.287925
-13.380409
19.416168
-12.883509
-8.967906
15.577972
-11.387500
-12.512491
-0.161624
-15.905364
8.776352
-1.170760
-8.090832
-1.584526
0.321333
-20.968838
-10.319953
-9.073878
34.165798
10.451982
-9.958384
-13.079867
-10.186158
-19.188421
0.240042
15.816961
17.169748
16.113821
8.056494
13.305750
-7.266526
-3.285244
-6.145871
-1.263386
11.650171
-14.586307
-0.917411
9.357391
-6.892568
-12.633073
8.601992
-3.778094
-15.330712
1.980584
18.121937
-6.032680
-16.008249
-3.722303
21.444633
-16.805197
-11.019433
-13.400686
16.926640
-3.346305
10.279967
2.924850
-3.474740
9.645754
-5.583963
2.886348
-3.960048
4.064171
-19.317396
11.445273
-12.176709
10.963744
-17.923708
6.136604
8.830340
17.046135
-14.741086
10.861248
-5.794511
-8.757766
22.125135
0.877784
-6.835770
-0.911169
7.353295
15.904063
-5.560187
-19.413288
-18.661428
-2.879552
-10.430158
-14.396217
-26.303675
-19.530178
28.436003
-2.928622
13.348434
16.930605
0.362374
-11.756531
3.320511
13.383572
8.315942
-8.179414
2.040903
13.183854
-19.001152
4.061290
-14.462256
4.395933
17.364124
-9.118320
5.915464
0.713471
-14.755136
13.901016
-11.000600
11.321394
5.585741
15.635526
9.403162
-2.715841
7.786063
16.371025
-6.389000
-20.054876
13.278632
6.100957
-7.144113
14.105414
-12.305024
8.009772
21.400389
5.397386
-16.171774
-3.301496
-6.682539
6.316074
15.911871
9.883721
-15.387678
3.749794
5.223423
17.493797
-23.568047
-1.396819
5.671350
-20.034258
-7.291348
7.504307
15.932260
-10.177213
25.695059
-1.654193
-23.397009
-10.516290
12.301213
15.127103
-27.789501
9.109662
29.080460
-21.974756
-16.323483
-18.457302
-0.011436
6.788018
13.800710
4.619012
0.743011
11.134126
8.958868
5.683214
0.505641
12.485846
5.433333
-3.491726
-11.122133
12.212461
7.819417
10.262892
13.411550
-12.149818
-0.744603
11.549173
-2.517961
-12.351304
-15.723879
-22.414911
13.113223
6.470450
-4.017617
-7.919373
-9.011227
-9.768725
-8.608402
-7.531123
12.085734
6.296275
-20.245329
5.532441
-18.672958
5.409004
5.062561
-0.974026
-25.529434
4.508081
5.430183
-3.363516
-19.010395
-6.789145
-1.354444
1.710343
-16.996086
-13.094296
14.857115
4.238079
12.555459
2.786293
2.665379
18.208836
3.108524
18.086662
16.551830
0.178918
28.146008
20.067541
2.376301
-12.030917
12.962343
-3.570045
6.711638
-12.659061
8.897268
17.193863
-8.392637
-4.245562
-17.039883
-14.549006
-1.236890
-4.963420
0.640163
3.125889
18.993044
0.454586
-10.631233
-3.864746
0.317410
13.626554
-3.525423
-12.260234
2.649695
-2.067061
-12.116808
-5.626313
-2.104282
-0.105687
-11.122777
3.138172
-8.224710
-10.618864
-3.218915
-2.222954
10.347198
3.359106
21.299150
-16.039345
-9.295055
-15.021183
11.022525
4.419523
4.010164
12.608281
3.990220
11.467718
-4.427578
-4.880313
15.321732
1.768390
4.167053
-20.298380
9.419228
8.075891
-10.758756
14.625233
-10.622569
7.433664
8.575840
-7.436783
-13.946848
-13.420632
7.964687
16.604174
3.090360
8.766686
17.314461
14.767897
6.839265
14.816133
18.832554
-10.434460
15.600771
8.557039
6.001924
5.995816
16.398676
-16.059647
2.274553
3.304882
14.861650
-10.308468
18.263525
-1.344218
-4.189090
-5.315409
-3.862435
-4.456033
-0.622839
-8.240619
-7.374671
-9.552982
-3.790187
12.203727
8.952228
16.384392
-26.108824
-12.325186
17.055607
-12.996429
15.513511
-13.739648
2.529467
17.345758
-24.078045
-1.631441
-13.678682
-16.214861
-15.484755
10.767298
-1.652095
14.631387
-1.641471
12.262773
9.479970
-10.113342
-23.614670
7.615977
-10.921857
16.331673
23.883781
17.973316
-16.161308
-17.614519
15.157078
-4.468947
15.468951
-18.214436
-0.075255
3.209011
-2.955626
-3.470716
-27.499474
-12.177845
-1.723367
9.879660
3.637527
-7.252741
11.271413
-5.153318
-8.582906
10.020810
-3.060800
1.587907
-11.164430
-3.725529
-6.355945
4.106488
-14.793158
-9.018655
20.270178
-21.808468
10.343370
-15.385360
-5.045078
2.973507
-4.333499
-12.982580
1.301392
-15.447910
8.157163
-13.050024
-9.461193
4.503807
-2.705190
2.936766
-15.927503
-17.379612
-9.216425
7.650848
11.337806
-18.462982
21.367292
-14.498194
-0.663148
-0.271886
-8.787707
-12.512000
15.884474
-1.542803
21.506123
-1.501639
3.175705
-9.504333
14.908650
3.685160
17.867073
-10.961752
-21.294426
15.238176
13.975372
4.947783
7.149294
6.061314
16.551022
3.127707
22.875923
-14.340238
-20.705635
-15.288353
-11.472281
11.214918
7.937439
4.432576
-10.612601
-1.477714
-1.514002
12.688629
0.470661
7.153963
12.279913
10.903609
3.561778
-3.932290
17.932955
-5.387016
-3.656811
-0.849080
-18.966944
-16.425320
3.435669
13.284129
1.296531
-16.903885
-20.338209
12.400864
9.708893
7.557361
3.020368
15.143510
-5.151370
2.437960
2.066756
7.863578
1.702211
5.523405
5.853129
-0.056734
-14.356951
17.432617
8.598084
-16.532301
-7.925841
-11.830303
-0.593870
-7.130070
14.377687
-2.644738
-10.308630
10.785546
4.045566
-5.033772
24.394623
-19.969540
-12.373460
8.724574
1.513798
-4.740236
-1.180149
16.197504
23.020998
-10.804908
18.055914
-6.064287
16.868496
6.915317
-4.031675
-11.358936
-13.935455
-2.925031
23.691343
8.150459
8.772609
15.403026
23.803839
-10.732678
-6.957241
5.526196
14.531840
-0.165333
3.689653
-5.590271
-21.956936
-7.642752
7.764234
-16.041567
5.754567
-19.466394
-13.340737
-13.279244
8.410780
-14.122967
18.874908
9.966585
-11.176188
-0.662703
8.938429
7.778449
10.156007
-14.386739
-1.585622
3.440739
6.809869
-6.784248
-10.301913
3.304486
4.463236
-15.027190
-24.392927
5.316572
-22.474421
3.162922
-11.952991
-10.167522
-4.519915
8.760807
23.112514
-23.741268
-12.115541
18.995146
6.037384
-15.196451
-12.179546
-6.348332
-6.368971
-14.483547
-7.652395
-5.830176
12.550401
17.841003
9.885087
4.589543
13.223912
16.204847
7.050066
0.849255
0.971867
-1.278150
6.855805
6.587535
6.982286
-2.288018
-5.240602
20.792019
-13.535537
-8.818549
-20.306871
10.612473
17.934879
-13.356488
-2.639944
-16.484886
-9.678882
-6.513221
-8.210001
9.611729
-12.615736
8.144617
-14.205121
15.639417
14.015897
3.227412
0.371594
9.163131
-3.940969
12.596678
-13.662647
-2.463039
-1.406660
-12.237082
2.245658
-20.460468
-26.140551
10.415171
5.606466
13.182452
23.808567
6.635504
-22.762068
14.923830
-1.581349
-19.040304
-0.336414
4.652549
6.428546
12.731140
15.683356
11.159692
-1.511473
8.512000
18.442434
-1.112191
12.470040
14.745625
13.550988
0.899357
2.234673
-8.389419
-2.872422
-0.678918
-14.963479
-15.792795
-22.563702
12.607674
1.369070
9.721091
-16.669178
-15.526662
-8.116982
7.427592
-17.229891
5.322050
-4.945572
-2.772567
-12.012594
15.514153
-16.550776
-6.868088
-5.783566
3.498010
12.742653
16.517712
11.254062
6.368469
-20.386143
6.590491
2.242031
12.075318
9.559617
-11.036862
5.103059
15.339257
1.841112
-7.227928
-6.783919
-9.992443
23.970875
10.458979
25.019615
17.029610
14.255522
5.995117
16.238335
6.929656
-3.008582
8.418503
-3.456851
-10.294089
12.032214
12.491728
15.111965
-3.670897
-7.158782
-7.857249
-6.790438
-7.866618
3.674322
-11.705807
-6.045899
-4.691453
9.258577
14.953465
-14.659556
-12.155310
-14.635741
8.375620
-2.597975
6.280401
15.783612
16.249756
-13.274110
-24.759340
-12.250207
-20.247589
-23.331692
-16.675409
-1.508535
-15.128902
13.422149
-14.372812
-27.584106
-7.167796
13.755828
-9.968681
-11.248473
4.706474
12.941717
-17.055553
-1.346576
12.636260
-13.671383
-0.225581
3.227955
-2.683503
-9.333483
-3.031440
-3.807675
-18.567459
20.736622
-15.915187
13.049765
-4.734031
21.635668
-0.284549
16.029152
-8.974671
-26.620630
-10.725334
-20.582182
8.389918
-12.126821
-10.839233
0.535207
9.365701
-1.464511
5.408813
20.086584
12.154072
-15.426754
6.462608
-4.504700
-7.270874
-15.179974
-14.857149
14.416067
15.499266
-11.003049
2.410332
10.999256
-19.209717
11.805734
-21.080416
12.082819
-0.803457
-9.129991
-16.731108
0.507353
-13.836176
-5.006669
16.391281
-13.315071
-17.453083
-12.448255
-24.752956
-6.411863
9.283327
13.937747
11.921533
-18.067133
9.239284
0.593785
-15.166340
-16.119066
-5.208292
4.621031
-7.975685
15.130215
7.370341
11.650154
7.956563
-15.699696
8.997232
21.884682
4.379025
3.940144
-5.054432
8.765101
-23.100115
7.389189
2.155143
-19.013285
11.363688
19.214563
15.139691
2.279868
3.942442
8.595270
7.054166
7.556225
12.218138
-18.350666
15.744086
0.858740
-9.921133
9.597602
8.720037
8.888798
9.973680
13.376076
-10.074189
-21.352184
-9.185130
9.622204
10.285235
-3.672972
7.534542
7.838094
-11.894730
2.959172
-18.854021
12.078967
8.365237
-2.565611
-4.123438
5.373846
-8.205014
-9.657776
-18.502577
-28.395124
15.091564
-17.258833
-4.122198
7.050918
8.584208
11.700885
-13.635225
-24.870396
-6.828092
-11.432232
-13.464996
-5.276682
-8.058116
1.468339
12.485869
11.203331
-10.068419
-9.485665
-5.863815
-14.504653
-8.224367
-9.583109
16.090359
17.278608
-17.605141
-19.714205
9.870792
-3.420023
-10.462931
-18.405128
11.759475
-2.577208
10.394770
-1.981610
3.127692
-5.606233
-2.369523
11.635771
6.730441
8.036624
1.785590
10.617246
-16.818701
9.368422
1.462387
17.164703
3.634979
4.602707
-6.641068
18.695093
15.679270
-11.746814
1.311170
-11.274304
-2.921516
12.469013
14.966102
-21.085928
9.185970
-6.617453
-8.773376
9.849320
11.820718
6.719861
-6.937884
15.847249
-9.859579
-3.684419
-6.064716
-18.231083
-6.500250
18.788506
-9.641309
-11.898981
5.305048
14.380347
-13.112455
-10.966226
17.352594
8.506705
-13.550445
18.096573
16.362047
-4.817391
-1.765728
4.635486
-9.262668
-23.379948
-21.308367
30.101927
6.574365
-29.158615
2.733417
4.966231
1.354823
-0.855797
9.357141
-19.454044
12.797444
-10.816214
-7.247160
4.988333
2.052875
10.248928
-1.205614
10.449162
10.168339
2.293224
9.363150
12.544295
6.730334
-13.217050
19.189249
6.398799
13.123562
5.551930
0.872420
18.869940
3.114533
7.697006
20.742559
-9.188992
7.190187
-4.263079
3.639496
11.876837
2.923649
-14.489879
1.196016
-9.881819
-8.882376
21.380844
-12.197324
-1.984788
3.808752
-14.525400
9.214038
8.785864
-15.942780
-20.676001
-5.433424
0.960636
-5.778675
2.750321
13.626113
-17.745171
16.616199
25.037827
5.761711
11.635151
-1.268759
-14.835329
15.220592
-25.160103
1.848843
-25.776760
-21.341829
-12.981197
13.286868
3.888170
12.211973
-10.907952
-3.993688
-4.611035
3.307453
1.036407
-7.902211
-17.692005
-2.711478
-11.080576
16.955629
3.360372
-3.545612
15.763702
13.313361
-4.412242
-19.910040
-2.206634
-1.044768
11.681718
-8.179438
-9.150500
-20.733755
-4.221238
3.982403
3.788940
17.391846
-14.355831
14.030092
-13.714683
14.442752
-6.198359
10.202143
15.820985
8.303957
-21.262718
-9.685994
-15.738831
18.626099
6.440648
-12.648345
12.088442
-10.355967
-9.740132
8.923945
-2.374252
-0.469235
16.103037
12.930183
17.256592
14.097412
-34.694706
-1.618673
-17.444410
-20.952639
18.230576
-3.178183
-11.711678
13.182456
25.561680
-28.614046
0.526225
-8.254511
8.742021
-8.082726
6.946292
6.430159
25.009932
13.388050
15.612952
13.354450
-14.675971
15.620841
9.630910
9.202518
13.521811
-14.959496
13.766747
-4.483617
3.941940
-4.264594
-19.990194
-12.587384
11.978099
11.221192
-3.683575
13.446486
15.117819
-0.818838
-22.541166
16.672028
-0.752796
-5.279532
-4.370021
-5.297642
-34.263027
9.533128
-6.130841
1.523716
-8.873342
3.961099
-17.638742
-17.566895
-4.620865
13.596278
-12.812144
-15.010929
-22.504543
7.529729
2.481765
-16.166685
-6.015515
4.269963
-6.645997
9.212890
12.611823
7.618695
-21.056948
19.995598
23.464647
15.038389
3.197881
-8.984730
8.003350
-10.866789
4.726895
4.588876
-5.647643
-8.676203
-4.258839
2.836804
-22.699987
10.216683
20.296867
11.547969
-14.654932
9.380460
5.069700
1.295740
-13.562029
-9.809110
7.122468
-4.990119
-14.433965
-2.634875
2.898565
-9.426310
-2.582368
-4.910480
23.141832
8.939005
12.038866
-15.024079
11.831919
-11.838047
-7.409815
-0.357539
5.001477
8.735012
-17.121738
12.378459
8.062236
-1.327575
-13.632257
10.793900
12.628214
7.168483
-14.899435
-1.547915
-11.505225
0.112503
8.666002
-7.414829
-2.775234
-9.296311
-17.608082
14.023505
-17.842823
-4.924248
-4.557436
5.455353
-24.082245
23.559731
21.947577
14.045821
20.310076
-12.957757
-24.059452
-3.787518
1.593099
-24.022383
1.452198
-6.588818
-10.741840
-6.013522
11.716068
3.114217
17.828215
7.865771
-3.928269
4.045972
-12.311681
2.697112
-5.714973
7.359468
-20.072912
3.037384
-6.050414
-3.175845
-10.874537
-12.174405
-15.284963
3.338736
-8.589351
9.746633
7.402435
18.646753
-2.780883
7.142850
14.310397
-9.306104
-10.454660
22.777411
24.383461
-16.959688
16.113583
10.239555
24.066530
14.069866
-12.463962
-2.036579
-22.624987
-6.147904
12.821124
-7.175764
19.898399
-1.611407
13.161738
11.827442
6.866318
3.696902
-14.136715
-5.623326
13.336405
-9.316668
2.440373
-6.642676
18.828255
-7.883859
-7.091459
6.444106
-17.621979
-23.084692
-11.206986
-7.646773
-0.100974
-12.100022
-4.380477
-8.799889
16.634121
5.659180
12.331218
-0.432915
17.171970
18.503286
-6.070677
3.420719
-8.961238
-1.438195
-5.587003
-6.930399
5.030754
4.105915
-4.681404
-16.418621
2.250662
-6.924314
24.445990
8.996422
-12.162323
-21.820372
-10.671380
0.261164
6.278131
-17.792889
12.759132
5.418474
-7.306531
-11.602838
2.918506
-13.678268
14.297844
10.248677
10.722418
8.532055
20.196028
12.834414
-7.767561
-8.657191
8.798667
11.928958
-3.977299
19.856419
11.807861
-18.244347
-12.141325
-13.704872
10.095841
6.691597
-6.934018
4.494583
10.121670
21.428869
-28.507998
13.570863
-7.975157
-1.453260
-6.742319
-1.142723
-0.060383
2.268337
6.307837
-4.859750
-0.403704
4.843527
-10.843423
-7.153649
14.922482
-2.146342
8.086970
13.541673
7.539624
-9.724271
3.474305
7.456736
-6.520630
10.987296
17.435820
4.740608
-12.116551
-10.523112
-2.320012
-11.824014
12.193735
12.121790
-0.713148
4.923719
-11.582709
-14.959316
13.405256
-21.896128
5.205922
-0.435113
-11.769060
-3.600641
18.970295
-2.355943
-4.741442
-11.961025
-17.651669
1.697917
-4.437543
15.131598
-9.621831
-1.988202
-0.087367
-12.752980
-4.978610
7.697906
-4.497852
5.440010
5.561470
-11.008890
-16.285110
-17.055954
16.918114
15.615907
-30.755754
5.348297
21.260691
6.766108
-7.594329
-3.156299
15.147357
-14.493449
3.327269
-12.136254
-23.995827
-0.703107
15.116926
-5.878316
-1.552162
-14.868545
-14.306950
-16.038795
4.248720
-1.687731
-8.619651
0.318433
7.634751
6.811167
-21.636560
-12.924865
13.238225
9.127576
-5.337642
-6.360686
-13.895279
-12.228470
-11.558262
-14.850881
1.232880
1.702203
15.809489
-16.861662
-14.797312
10.431263
11.801524
-3.709463
-18.987122
-6.644864
-3.136782
-4.471941
6.282930
4.737449
8.460148
-11.574345
6.145826
5.807264
-12.809011
19.882902
-3.457379
-21.098572
-7.762634
-12.618730
11.961695
-6.839891
8.426862
0.676214
5.479063
-13.420595
-21.436613
0.837951
9.176457
7.983042
18.790464
9.396348
6.397441
-11.013501
-17.055828
13.892589
-17.214478
-5.337310
-5.296070
-8.293965
-9.965332
17.019699
17.239452
-13.731269
-17.459126
-16.520510
16.055809
-2.102228
-9.290724
10.175083
21.308662
-14.321702
-4.761804
-13.592975
4.607268
-4.086105
2.580470
0.651400
1.876081
9.992783
-15.783865
-19.898371
-2.294664
-24.357182
-8.759806
-13.004650
-11.993834
13.178398
-15.153731
-1.002153
16.217930
-6.478995
13.364839
-2.846140
4.365542
1.650429
8.476350
-6.954411
7.891707
20.968328
0.440734
7.094920
-7.152411
-9.397973
-12.344356
12.436593
-0.979108
16.169191
19.464666
4.853993
-23.589268
-11.073010
24.555882
-23.895563
-15.042494
-9.309516
-0.480051
3.335961
-12.345430
14.765226
19.700788
2.264779
-7.127187
7.689847
-16.869007
-8.734755
2.311584
-4.737981
-1.067326
-6.523730
-14.312842
4.360679
6.388912
8.103694
-14.559600
13.198335
-13.896769
18.456272
13.871017
-13.314933
11.447707
-17.437086
20.062920
-1.568007
-5.280930
8.424786
10.266013
1.568367
-19.668442
4.630025
-4.082293
-14.340706
19.334719
14.093690
2.985023
6.094872
-19.466566
13.261810
-7.368047
9.240595
-17.907516
-12.691590
2.182574
-4.460699
-4.328971
-21.670317
-8.670424
-17.178215
29.755816
9.631850
-15.879323
-16.795338
29.520947
20.136600
21.910255
9.157454
24.327576
20.000954
-2.546896
-9.559770
-5.046571
16.625879
-9.733583
0.331949
23.324581
-10.169534
-15.093297
-0.700374
12.401702
-9.403810
7.469289
14.984643
-6.128081
-15.869207
14.800681
-8.736739
-15.539487
-15.785376
14.138065
-8.046672
-2.923650
-13.953294
-21.043333
2.024783
3.643466
-8.311986
14.475883
-10.871411
7.878325
12.436041
6.009148
18.532156
0.661771
-14.371886
1.385590
-3.652403
2.888625
-7.975590
12.849932
6.229707
14.501355
-0.487296
6.336588
-2.272536
23.389376
4.411801
-2.636359
-11.530562
-5.664093
1.692832
-0.298016
19.778368
-6.461272
7.134865
-1.599094
19.512955
-25.958567
9.253618
4.169169
1.106554
-26.442160
19.435001
-16.594090
-18.817432
4.392370
-10.502054
2.084222
-10.199593
10.799062
5.474309
-5.119102
-13.548198
-3.874412
12.630247
-5.097816
14.101063
15.256744
13.082087
-9.755658
9.207040
10.272323
4.693857
4.422827
-12.424170
-21.397928
-4.093318
7.331828
9.226938
7.251146
-6.057673
7.691972
8.297270
-8.805188
-10.623649
-15.457130
-26.274443
11.126342
-3.026656
9.913671
3.160598
0.811995
-5.387547
19.659742
-15.706629
4.460037
10.070330
-14.688832
-8.685278
-4.759533
3.288332
3.086075
2.664983
-2.696624
10.102797
-5.191390
16.703089
-23.282745
-1.321677
-0.192568
18.831585
1.058636
13.262540
-15.815045
9.487345
17.386103
-5.033572
18.593964
18.246098
11.247906
8.585035
-2.121889
5.559577
-12.828010
-10.014913
-3.750527
-8.167090
-11.268497
-17.384190
11.978035
-17.898048
3.608725
13.650390
8.006231
-11.003727
-5.751561
-9.740152
20.516729
-3.641570
3.253208
3.716858
6.035950
11.472817
5.165072
-5.599568
12.740388
-5.518955
-0.962125
-18.470228
2.903210
-0.287477
-15.391174
5.441307
-1.829718
10.699712
14.478195
3.756321
-20.945766
-19.208029
9.798049
-8.844876
-2.115205
8.018896
-0.016421
0.975920
1.621163
5.436325
8.307416
13.394127
10.100064
-17.959827
12.399954
-4.239929
-11.415475
-4.016708
-16.159084
-1.307712
-27.958746
-13.184803
-9.454549
-28.344200
1.085185
-16.286148
2.100000
4.473552
-8.200773
12.454864
-23.472839
-0.720624
6.129012
0.304477
0.667403
3.989532
1.967978
17.017422
-14.266727
1.776011
5.523844
11.522080
13.768970
-6.166813
24.091463
0.944239
8.701178
-1.940460
-15.953930
-2.595125
-12.915986
-19.284893
16.776524
17.103863
-9.991515
5.944148
-7.486069
1.429498
10.358946
6.437491
17.138025
7.714434
-14.260333
-9.792854
-7.021276
-18.380079
0.688457
8.361832
-4.560801
-16.304440
23.087887
-7.934921
14.671991
-2.125753
4.815783
12.189975
17.025564
-16.130783
6.707725
-10.051013
-11.536949
-5.125767
-23.441740
21.109695
-17.883259
5.799276
-27.745253
17.920809
-8.692722
7.026248
4.081496
15.620124
2.187232
11.037788
2.984751
6.931375
1.513982
10.448292
-14.589424
3.590950
0.860942
-10.386812
-11.982857
0.481401
-4.896375
-3.043919
14.950572
-4.640312
10.724354
-14.754613
-5.718848
-6.707690
-1.445372
-1.508534
-6.275672
15.700677
-4.884438
6.358634
3.713522
-15.164120
-5.029781
-13.402139
-3.934937
13.963225
-17.321272
0.239346
12.799219
-8.859852
-11.428609
17.479475
13.506045
-6.890801
-7.673391
4.005429
12.800801
1.523190
10.021461
-2.453080
-10.511075
8.302075
-12.607600
10.705916
-24.305899
7.054050
-19.128067
4.272556
21.153387
-16.906622
-15.792137
12.487412
-18.942293
-28.298407
16.036446
-16.994648
0.036531
1.099520
-10.992113
14.364852
-7.304024
-7.677942
-18.423479
4.490919
1.360459
-5.974375
0.301880
10.393543
16.527903
-14.899123
4.324680
-11.341195
-15.650042
-9.644788
-8.940972
-20.532753
-10.050426
-9.252504
10.827073
17.075144
-12.024340
-20.226200
17.719217
-13.103936
15.258340
1.213246
0.078112
-3.140687
17.439793
-5.930729
8.677811
-10.728465
7.449059
1.459629
2.717089
-7.023210
12.370844
-4.836105
-1.286479
-11.013088
-11.409368
8.143211
3.904618
-4.981284
-2.277665
-26.925484
6.655164
-6.325713
-21.831051
-9.718053
-0.050729
8.132689
-9.441531
14.977560
-20.891464
4.036934
-19.316204
18.566566
-6.022444
-6.164567
-2.832288
-5.046420
14.515436
-11.477286
-11.675368
-0.658044
-1.486177
9.518909
-10.019892
-3.615310
6.000811
2.558517
-8.531651
-0.170596
-6.206292
-9.649014
-1.410774
-5.365022
-0.680033
-12.027398
3.963326
16.338005
-5.909690
19.322706
5.090198
12.095213
-17.501436
10.968770
-2.853244
-12.147495
-4.185749
18.321407
24.656937
16.085594
17.329601
3.753183
4.590220
-12.818045
3.063198
11.811416
17.569464
1.064701
5.632597
-12.214210
22.996614
-8.615134
9.241652
11.338997
-5.054452
13.473467
0.220983
1.256779
11.680894
-1.851261
-10.863704
-1.886159
-15.590451
5.978989
14.626330
15.690834
6.113987
-20.093058
-1.132691
-20.355158
-5.227515
12.423529
-11.610443
-12.346478
9.237249
12.707788
0.775110
-10.054837
7.820949
4.846613
1.924175
-10.623527
-14.676503
6.926158
8.652741
-4.251771
11.899886
12.620680
-6.562348
-3.919282
-1.686677
-9.155815
19.419477
3.058888
10.529626
-12.990417
-14.184344
-3.610571
-3.669086
0.618796
12.313881
17.783457
-6.291856
-10.747282
-14.105171
2.331975
-5.412052
-12.130934
-14.040690
0.141957
17.512403
8.045259
14.904626
-1.575382
15.677812
-12.677028
-15.217833
-7.289679
16.564014
-0.201047
4.823638
-3.719975
26.472710
7.491677
-13.630393
15.139658
25.841753
1.934301
0.642037
-14.326162
5.423469
1.545497
-14.692952
-4.203688
-10.701132
-12.576582
8.077748
-14.079891
-4.296556
7.863186
-15.024308
13.418451
19.376669
-9.708006
10.456993
-13.202307
-7.001315
12.846437
16.142406
6.351236
11.064425
0.220599
11.142261
-0.812660
-8.992425
5.929240
4.133205
22.635397
-14.359893
-18.890591
-6.078091
-13.329679
1.098467
-15.167816
2.959137
-9.290553
-14.173223
-14.189715
10.324397
4.205201
20.957111
-7.717388
-9.438524
-2.682825
-19.468420
7.789753
14.705279
7.070079
-21.627060
8.225065
-10.336718
11.873939
-10.968845
2.557761
3.761395
11.686723
-22.871782
4.480788
8.851277
-17.853958
-5.895966
-22.575586
-10.189518
-15.794077
-13.168020
19.837074
14.511228
21.682276
2.633040
8.968101
7.345525
8.236070
-20.502329
13.191469
3.751303
-0.948477
-20.981594
-4.204985
-7.751444
0.049191
-6.285740
-3.088480
-17.782452
-8.815146
11.696556
10.920252
-2.135598
-10.795447
4.411508
9.638500
-16.353151
-9.654458
8.940168
19.662182
13.388834
-6.402949
-12.969569
-18.135223
-4.256035
21.212318
5.118346
9.361422
-1.166661
3.203564
-12.746664
-8.645174
6.553358
-16.256359
3.847050
-7.048658
8.617520
-3.818684
13.984535
-10.323554
13.550832
-6.591136
-5.440922
19.340860
-12.447975
8.392692
-12.064490
3.626352
3.573274
-11.257424
9.492021
-1.265215
-28.309771
8.249387
20.629822
5.997536
9.438847
3.326009
-1.700953
13.073644
-4.993583
-0.002783
-21.474846
-1.932642
9.035618
-3.121097
15.399797
1.936337
-17.524307
-8.733105
-15.019463
9.783085
-15.369535
-2.262654
1.920722
6.510367
10.735291
4.552911
0.535823
16.481880
14.171833
-20.565414
6.067702
-7.094788
-19.144142
5.081144
10.472674
-17.606878
13.226095
14.745955
-3.579277
13.929220
2.388618
-4.012327
19.301363
13.255508
-5.388829
-5.286578
-1.995212
-9.676154
-4.145165
10.907720
4.503884
-13.696576
9.941731
7.401296
12.220481
-19.917971
13.087752
-6.557614
-1.487939
-0.661991
-9.613024
-15.946432
-23.724665
5.833695
1.804057
-9.905534
-2.500458
-3.806064
-4.253691
-17.459316
-5.839629
13.072469
-7.757633
-7.711030
18.385118
-10.939204
11.932944
-2.131381
-18.635307
-12.107640
1.372210
-7.720783
16.504398
12.065862
-5.859511
12.695344
2.877077
17.283155
-2.541684
-13.167483
12.903522
18.912161
11.290766
14.837854
2.845405
6.590691
12.953054
11.511527
12.266216
6.792623
-11.243356
18.944111
-12.938827
5.040979
9.779557
-12.020117
-22.649645
-14.134532
4.364445
-1.407630
20.843800
0.292978
6.194505
-3.593019
1.028882
-9.627497
12.140122
16.898066
-11.506820
-8.045643
4.311133
15.849151
10.990802
-8.298255
-5.594339
6.857168
18.948450
-5.479472
-13.869767
14.371923
5.690906
-13.654492
-16.989300
7.291431
4.193461
-6.069367
9.334280
-8.626542
4.644604
6.846889
-9.838465
2.913584
-17.996256
-10.926265
-4.276918
-14.308814
-6.141346
-3.350914
-8.853132
-2.365715
-10.453655
-2.734538
21.241085
9.227300
-2.183922
-15.374742
-1.789617
-18.523188
-13.267622
-16.650150
9.003274
-14.853739
-8.718635
-21.237101
-7.693917
6.739028
4.008124
-6.069381
11.167030
-2.987649
-20.607708
-0.423415
3.150386
-18.558750
18.734386
-5.335063
-10.429249
-1.406221
-7.418328
5.260646
-1.043120
8.645943
-1.748576
-13.690761
-18.016142
-12.898213
-19.236553
-0.614931
-18.889256
14.425063
-14.628360
23.412584
-15.606338
8.950461
7.709093
24.128813
-3.520520
16.838877
14.228063
-15.120681
-8.436102
-2.727132
19.434340
6.723636
-13.515979
-12.843262
-18.218752
10.127732
16.791613
-1.946383
3.467709
-17.866926
-2.759499
10.445402
1.948187
1.241231
-23.556849
8.750784
1.577351
1.721122
5.498763
3.309820
-7.468782
6.487188
-16.457134
-4.033069
-8.497419
-17.602303
0.355461
-26.292475
5.166454
13.727592
5.728358
-6.657044
-8.027498
-6.185710
9.399816
3.217327
17.903200
-9.135581
-5.954438
-0.034508
16.784407
10.396044
8.910722
-2.401720
-10.504588
9.332289
-14.149010
7.999267
-17.019896
3.349898
-20.727156
-10.735340
-23.981974
-19.704803
16.665138
1.945476
-18.511768
-12.557582
-2.166198
-21.288544
9.416076
7.211115
-5.576022
-7.168169
24.134617
-4.974493
5.570013
-1.061111
-18.835571
15.247401
-13.081676
18.910870
-3.887511
-7.663012
14.226646
9.183689
9.495225
17.007883
-4.032175
-15.608712
2.598636
13.885587
12.562066
-15.603416
-10.003208
1.232769
0.929932
4.406979
0.458715
8.193077
-9.665750
-9.623022
-3.274693
1.795063
-10.799525
-1.604259
-24.941313
7.705936
-12.247312
-11.957536
-0.690040
4.952621
-0.533571
-14.832177
11.734974
-4.229408
15.980498
-6.209444
-12.596951
5.744419
8.252140
12.723881
-6.557992
5.531668
-7.599550
15.090598
-8.152862
-1.112850
28.943806
10.346444
-21.029144
6.547352
14.611346
-23.559004
6.164145
4.524789
-5.858860
-8.946446
23.032911
-1.905078
0.466275
-2.543469
2.429055
10.796580
6.588679
-7.601132
-9.396760
-13.711199
-13.685929
-9.247164
-12.196808
-14.650733
9.411025
-16.451897
-8.104254
-1.675947
4.060120
-1.552263
-5.387922
-0.660346
19.314604
-14.237930
7.908762
12.374890
6.746203
-12.741360
3.575530
-14.872744
1.380209
-12.051774
4.690073
9.692739
-10.781878
-14.424754
-3.973322
-10.132386
-8.393677
4.759953
-9.527061
-2.825724
8.814484
18.511457
12.832181
-21.170263
-1.124191
16.639864
-23.853060
8.960709
17.092291
-13.201315
-6.747079
20.925251
-4.685709
1.580589
-14.736384
1.871305
-8.981629
-9.251822
-11.600538
-2.462633
-15.196012
0.972678
-4.666681
1.203704
-8.779440
-10.613681
4.323294
2.484833
-12.271787
-3.405920
0.520623
15.760406
18.586790
-3.145367
3.782089
18.241331
-18.710756
5.022681
-17.827112
-6.432688
-9.211009
-4.946500
-3.533600
15.673411
13.141757
-14.948817
11.895197
-16.738529
13.227048
11.293174
-1.669874
-1.138851
3.647626
-9.089819
15.413567
-7.920197
-16.171247
-9.633874
-15.083055
13.485647
4.336613
10.533923
8.119456
-10.702283
1.236480
2.208065
16.698803
17.038109
-8.720868
9.203300
28.951717
7.826271
-18.218977
-4.177438
-14.716362
18.325964
-28.659006
-5.419141
-7.890650
-12.742179
-2.087236
-5.238983
-0.783478
14.716272
-4.889877
-7.802198
0.351300
-15.253152
-18.786594
12.228266
4.302906
-13.495164
-15.998042
19.132301
-3.490966
-6.356452
-21.020414
-13.235447
13.132905
-13.252318
4.706620
2.447354
7.366130
12.385170
8.214334
-22.574894
-13.317697
17.641678
17.774368
-8.567308
14.912686
10.210546
13.504856
-14.411516
-22.222658
7.249918
14.156670
4.873838
6.319831
-1.034755
-13.721922
6.229435
16.259668
12.433312
-2.634496
7.739814
-9.245745
-7.941706
6.868697
18.715239
-17.540190
3.087057
-17.192282
-4.615288
11.797076
0.795952
-22.489008
-6.594829
1.965557
-17.679237
-18.067598
-15.810202
-6.761037
3.305287
12.022099
14.942764
14.066720
-3.460503
7.095683
13.596190
1.208678
2.537170
12.263323
5.325002
12.085466
5.162350
-3.072331
-10.317924
-10.790067
-11.960328
-3.273967
-3.459320
-9.404507
-11.026714
8.589549
-7.002313
-10.806783
0.174466
-5.118885
23.329042
-7.808446
-0.384598
17.591667
7.683276
-1.832448
-13.635186
-8.748945
-5.722857
7.204823
9.422934
12.687415
12.553964
-23.613401
-8.503381
2.060704
3.022155
4.074333
10.987700
-13.460998
11.895342
18.332052
11.894983
-0.473580
-20.981434
1.771416
12.899243
9.961390
-10.406015
6.096581
-8.282310
-21.420332
-2.225456
-16.180597
-10.695658
-13.522054
1.048743
-29.975515
-14.264186
2.469716
-23.119017
-12.728278
-16.523928
6.490879
-3.942731
-18.151318
-11.162162
10.256712
-13.904822
-8.795066
-4.918326
8.069586
-13.257560
1.953296
18.096251
-10.612462
5.717898
12.594729
11.172771
-19.121326
-20.736900
-8.717916
4.655240
-18.674921
-15.289701
1.694368
5.239216
-16.817747
4.009648
7.883368
0.912083
-10.531306
18.551388
25.860355
-8.471542
18.249987
-8.196625
-15.859808
-0.125762
-19.080696
12.630990
-1.420506
-9.718396
11.371984
-13.103152
10.554900
5.545739
10.988170
17.718899
8.730620
14.319759
-5.010148
-8.286041
21.892822
9.722981
-21.513290
1.218809
-27.046999
-6.306913
2.044835
3.607683
-12.442173
-16.628502
-3.835640
21.028357
-3.896951
-9.972509
-12.664564
3.896877
-28.790106
9.745693
13.188836
-11.806295
-4.372863
5.681990
-1.475542
13.460606
-13.181972
18.245026
-6.244509
11.164710
-0.592697
10.339340
9.650462
13.352266
14.664028
-16.222071
-20.905264
14.915875
-13.454636
-15.176630
-21.412132
2.897969
7.943840
-0.940377
-1.322368
6.927561
14.705347
14.005632
12.267417
-7.174935
10.161861
12.757367
7.212567
10.988966
7.026414
-3.667651
6.365493
-8.270818
9.627934
-2.152621
13.826768
-2.338225
-15.026069
-14.334682
-1.743501
9.004331
21.717886
8.935369
23.387632
21.500450
-4.490065
15.577878
4.141720
-7.941711
3.951124
7.698020
-14.916027
0.040472
0.086288
-1.899890
3.441287
13.243723
3.685728
-14.216964
11.263788
-3.575073
-6.833344
4.970175
-10.603947
12.688591
1.141148
4.798646
-11.249753
-2.572074
-10.728831
-6.918324
16.189896
-19.399927
19.866446
-7.744318
-1.460247
10.781594
-10.875558
3.314992
5.969439
1.777425
-6.729787
-14.108347
-4.477858
3.192508
12.083887
10.096717
-17.358347
-3.588389
0.912760
-6.581330
-12.337797
-17.027424
-24.784046
9.368405
3.149441
-4.568944
23.792074
8.421759
-16.600552
18.021873
-13.201217
-13.099141
16.320438
-0.663199
-18.066868
-7.535367
14.312729
-15.360745
25.000288
-19.882719
-8.723790
-8.979035
4.290660
13.809004
-1.296658
-9.791388
8.728498
-15.046952
-9.734021
-6.327232
12.573295
-0.224888
20.267666
6.504125
19.579060
-18.369074
7.819648
19.269148
4.559555
0.440015
-2.084482
3.493355
11.825711
10.569944
-0.591640
1.952391
6.128571
-16.222246
-6.665951
5.228415
-7.186479
16.167627
-11.731841
6.862288
3.115280
-18.665138
-15.808413
-11.805758
-28.767048
-14.802606
4.897679
-12.054155
3.055955
-9.412511
-5.538619
-11.400031
20.224720
1.960017
4.259809
-2.081701
17.494257
-2.507351
-6.864809
14.754651
-3.480236
5.572627
0.335448
8.002170
-3.239760
-10.001198
18.814741
22.424938
-6.005445
-11.099432
-2.560518
-1.339217
-6.983363
-23.790548
16.319574
8.664631
-9.787166
-15.970250
0.784136
-8.749543
1.570841
-16.573162
-8.774953
2.736098
-1.558296
-14.706606
5.120255
-2.667132
-12.642836
17.589008
12.665723
-5.936760
0.706917
4.293307
-25.522499
-16.964924
-15.976475
11.018270
19.519333
-17.153191
-4.160630
11.686145
-2.131893
-12.862923
-1.236847
-1.410500
-6.397054
12.632951
-25.304090
6.997519
-15.832984
-13.579018
9.755261
5.388612
-7.502588
-9.668154
-12.405499
-4.413773
-2.245413
-0.707704
16.259737
-4.165095
8.918978
-9.138308
-5.452843
-7.744888
7.661912
16.043518
-11.111180
-4.805959
8.041455
6.279329
-5.781867
-13.707911
11.977427
10.794252
7.678686
25.509609
18.855042
-2.171904
6.484588
-4.794758
-1.345983
3.483243
4.872539
-13.504675
5.826334
2.708993
-2.303017
10.420813
-7.836682
-7.923810
-11.000062
-0.887757
-16.040852
-8.935607
-7.233308
-17.378580
-7.854777
23.267323
16.563295
10.836175
5.436635
-8.957816
1.558812
-6.935250
-22.790028
-8.205441
-15.402818
-3.725214
9.565483
-16.735554
4.085492
-0.732398
-10.668686
-5.127657
-24.086273
-7.020095
-19.181480
-13.925000
-20.601675
-9.668129
5.951679
-14.855874
-17.440392
3.840470
13.513505
-17.185616
-2.051667
8.332972
-4.063282
17.608089
16.826418
3.846880
-9.176268
-1.107437
14.089845
0.629861
-7.461023
-10.268247
12.809352
-12.600954
6.723071
-11.570004
-6.079960
-7.430581
-10.687093
1.270183
-15.125522
8.990988
13.654414
-1.622437
-13.675140
-4.075681
-4.542271
13.764323
-6.730181
-9.798943
18.833771
-9.755025
7.393473
9.057385
23.419922
-20.442060
6.206636
4.870822
-9.225848
-17.757626
8.477549
-14.072201
0.938640
9.227541
0.731752
17.129740
1.089132
-1.473512
0.984872
-4.896011
-13.096233
-10.519012
-2.212520
-13.948342
-13.441575
9.574889
-9.081451
-7.887566
5.781026
1.827547
-20.728310
-5.289124
11.968954
4.483644
-7.543368
-15.008318
-12.613928
5.421065
22.744995
-2.525958
25.119106
-20.582071
-17.487394
-21.301636
-25.209724
-13.425987
22.520134
22.768854
14.624533
11.694876
1.571055
14.780463
-13.709078
-2.513096
15.868547
14.175943
3.628090
-3.753778
-8.010839
-8.685136
-16.068838
12.910355
-6.750754
0.367559
1.851026
7.490870
11.918890
0.046364
-10.209419
13.309282
20.075714
1.908586
9.755337
-12.880384
-2.283237
6.694079
0.260414
13.373238
-7.895446
-12.932945
14.820849
20.627678
-21.408794
-4.516732
-5.051269
4.751529
10.303389
0.654828
10.098714
11.863532
-20.587517
-9.611632
7.190836
-3.555695
2.147570
11.021864
-9.357773
-13.091020
15.101064
6.492808
17.392616
-12.400402
17.775272
8.968054
-23.855959
-1.658913
-17.592794
9.516734
22.299347
11.023973
5.855378
-26.934168
-10.485315
-1.175058
3.441942
9.709004
-5.775799
-10.561877
-20.159477
-3.787437
6.581430
-5.180490
-1.847745
-12.480905
13.205096
-1.795499
-17.497921
-15.759251
17.648041
-4.254649
6.908075
16.835283
15.306243
0.193458
3.657302
-0.966937
21.596695
-4.019231
9.004682
6.864242
-20.200987
-15.743381
16.621866
-3.931999
-6.595602
-21.395596
24.488077
4.625380
16.212513
-5.064402
-15.247499
10.197740
14.170707
11.706617
14.155088
8.495133
-6.405197
10.680514
16.056400
-8.939523
12.737685
-0.179483
3.215631
-1.312964
8.576919
1.393570
26.702845
3.374012
15.879217
-14.841188
12.555367
-9.318207
-2.682492
16.415798
-4.122467
25.632822
-6.075521
1.018377
8.386644
2.096805
18.447737
13.185104
10.940001
10.487741
-6.446422
0.865709
-13.364284
14.704647
9.890380
-4.104648
11.904046
-16.476503
22.366982
12.650441
1.825112
-14.016926
-23.861385
-6.477530
-19.284536
-2.427844
22.793354
15.882547
-1.635940
11.720590
-10.120342
11.321037
-5.188564
-11.015122
10.710181
26.196327
-0.276913
-12.796653
10.990911
-4.354690
-17.708466
3.655970
17.583727
2.119329
11.658005
2.212881
-13.315919
-12.007052
14.704200
-0.011660
-3.512696
-14.401278
0.415200
-9.552851
15.336754
0.271824
13.415467
9.935719
-13.103890
-7.383534
20.354872
-1.819995
16.345785
10.052126
18.062948
3.387628
15.824139
-19.941313
-1.392665
13.806769
15.421198
2.200529
19.752333
15.814673
-1.673285
3.850618
19.705856
1.592868
1.308193
-0.887497
-7.134204
8.893474
21.314678
-2.424351
-10.362064
-14.454564
13.843258
14.703184
6.533882
4.538603
2.940147
18.426147
-2.257417
-9.731342
-6.226892
-14.775562
-1.212602
-10.412718
6.389590
23.306435
-11.971149
2.627928
-13.640225
5.057815
3.947366
3.731904
-12.288338
17.745350
-5.666490
-9.933265
-4.790081
-2.429486
10.835227
8.119748
-6.161198
3.446925
-10.234550
10.381103
2.500979
12.897239
19.967783
10.558423
-18.777046
21.496786
-9.655673
-18.582550
-10.961864
-18.224087
24.379597
-0.076554
-14.085118
-11.201337
4.999646
-13.098285
-6.478549
-9.244927
-4.508709
14.972833
6.686901
-9.672267
16.815681
1.408010
15.771327
-7.101294
-16.400471
-4.162268
16.766455
-5.495025
12.153003
-2.459913
-5.336613
0.032717
-10.281415
16.959396
10.207683
-7.863370
-7.649410
-3.414420
-8.285943
7.512720
-0.515786
-13.237832
15.358316
-0.996046
9.365254
-6.635768
-14.279610
11.427554
-18.592112
9.768974
4.900187
12.724194
-7.090844
-4.415815
13.578168
-3.347382
-12.323825
-0.346907
-8.247960
18.655739
5.256777
9.571003
-10.018386
15.546114
-25.839911
-8.994468
-10.662220
1.221553
-1.053380
15.052309
20.960621
-3.984019
-4.352832
4.129530
-4.477857
-10.510011
9.363670
10.742257
18.759054
3.826431
-13.773241
4.397465
-16.233311
-1.901352
-6.010693
-13.282648
12.782748
1.104377
2.283190
-8.112622
-3.262198
-14.014998
5.395124
5.253821
12.225099
11.049569
-10.826467
-0.704203
-8.830800
13.703774
-3.153044
5.272828
-4.155092
4.200600
-7.880447
-9.261341
-14.183736
-20.379562
2.219682
5.212240
-4.246793
-12.001053
-5.525766
0.988493
1.899290
-20.085684
-7.355763
-3.680840
-8.724640
13.657789
7.909959
9.746464
1.828340
0.901497
-9.938668
10.297969
-19.825174
2.861067
-7.009112
10.016357
-6.902543
10.547147
-25.340010
-7.773135
0.111003
-14.576615
24.796030
-15.637249
-4.521392
1.636236
12.916781
-9.533472
-2.247229
6.452583
25.981756
-10.259468
-19.644552
2.978607
11.227289
-4.009086
-0.860921
12.582231
-0.135576
16.201385
3.386111
11.119800
-7.911592
10.167232
19.895435
5.341275
-0.537286
-5.272819
5.896047
23.276686
-12.807006
22.095455
19.588333
-15.551730
-11.292832
16.342348
-8.692580
3.800539
-32.256794
10.360472
-9.698964
11.073074
23.568161
-3.716665
17.095556
-6.195162
7.166422
-11.506202
3.281340
-2.969688
-21.749706
2.420923
4.118828
9.324946
5.229023
19.467129
10.223946
-21.332792
-28.986887
7.234187
21.023283
22.444077
10.011765
-8.880523
7.011740
13.910103
-21.233730
-12.030835
3.020325
23.374489
-6.208794
12.901548
0.352192
4.223533
27.299206
4.213966
10.086089
-14.672246
6.949351
-11.379234
-11.449650
-2.348205
-16.830164
14.133960
-3.494412
-10.582967
10.211401
16.311968
-4.928760
21.307987
-12.476825
2.783571
-16.261290
16.234045
-0.454657
13.693593
7.261322
3.244231
18.934689
2.625013
2.764068
-22.190014
-20.290068
9.853700
-18.896320
-9.479402
3.759727
-2.716022
4.778773
-19.737333
10.553215
8.213716
-6.015021
11.171148
-2.910243
-8.755368
14.220627
-5.526499
2.563675
12.246337
7.483700
-20.199259
19.526344
3.145215
-1.769367
11.653586
11.633983
19.950466
10.463930
-15.485014
-0.911285
17.386698
-17.173426
12.636237
-6.253139
11.492098
-18.060362
7.482512
-27.327702
6.179635
0.189486
13.120231
-8.478761
-12.285152
-13.694760
2.032936
-8.613195
6.928714
-17.128407
11.182170
8.366971
-17.905794
-13.606393
-7.463470
8.476936
-5.970329
0.351412
-20.668802
11.400564
12.392618
1.847945
11.698914
-2.487342
2.819972
17.123192
19.934345
-14.327918
3.910513
-3.071464
-1.761078
19.258081
-1.821093
11.490045
-7.609633
-4.786084
-11.549630
9.708683
4.058897
-19.008770
-2.161464
2.333358
9.102883
1.998731
13.291550
-3.892881
11.121336
12.468466
-11.243702
18.132933
-21.733624
-13.020309
-2.426088
-8.078721
-15.205517
-1.529482
12.936608
-0.250856
0.818627
5.432928
-14.673299
-13.856015
1.468342
6.837558
-11.419703
-5.756680
1.582695
6.005709
15.603109
13.598286
-19.049437
16.407475
-12.880621
-1.715249
10.102831
-15.186615
15.750037
-7.856673
12.353917
10.877648
-6.889478
24.687380
-4.526930
-1.406193
-0.558220
18.745323
11.206742
-5.121714
6.452378
-3.420862
-8.091878
-10.274055
-15.136401
-0.209253
10.947481
-15.770992
-12.811253
1.077913
-1.176850
20.045805
1.189062
11.509094
0.205030
17.353634
-6.336088
10.573983
-16.736244
-12.514482
4.181527
21.570606
7.793162
24.248959
1.467983
13.414237
-23.254938
4.129705
6.057945
13.056561
13.486747
-3.463580
10.952770
-13.423422
0.225083
-6.107540
3.987280
-15.256312
13.723051
-3.018075
1.951932
-16.020329
2.667826
-15.723009
-1.096888
-4.031146
-19.040483
-0.127737
17.023846
13.900724
-14.415248
8.180902
3.994326
3.296633
16.561125
8.444915
-13.996369
-17.507439
-18.355545
-8.543149
9.727785
-14.464573
-1.136234
11.183010
19.974379
-15.555508
-5.828197
22.447823
1.967289
-19.492079
-4.997899
-12.512312
13.771991
-19.821032
-11.620006
-22.208509
1.650826
-11.775578
-9.507660
23.116640
-2.350076
6.181163
8.229274
-12.835301
4.965943
-19.125183
10.827869
13.238107
0.069385
24.917507
-10.654564
25.310289
-15.356721
-16.253946
-4.726078
29.469145
15.933740
1.450254
-13.327306
12.594231
3.071387
-14.314860
13.120479
8.199762
-7.183409
-6.100144
10.246750
20.113646
-12.594738
-2.510225
15.540229
-10.741866
9.779392
-5.790709
14.013298
6.703658
0.172347
1.017393
19.589874
10.082627
-1.879614
20.303810
-22.138748
14.148020
2.103433
2.706565
12.409186
-11.738135
11.761138
5.429866
-19.062437
-13.704292
-14.863129
-9.381134
-8.474522
-6.147227
-10.385069
-6.469272
-8.256192
0.123867
-11.152643
11.128306
-2.327983
10.080311
13.918587
-7.423365
16.846914
3.696474
9.976863
-12.377423
-0.292457
15.366237
-0.353058
-0.359436
-10.631388
-16.407215
6.837830
-30.661232
16.670742
21.783249
8.131220
-4.752148
-0.163529
4.401162
1.190390
-7.443235
1.270919
-17.240499
-1.689295
8.805408
1.891474
-13.635306
7.275795
9.685368
-11.532309
16.742117
8.165510
17.596043
2.203256
-4.592351
9.497098
-24.065195
-15.581506
-15.865010
1.767008
18.703295
-24.851343
-8.824287
7.898032
6.752694
15.249629
-13.734661
-16.282513
16.598347
3.351131
-0.357164
-11.547992
4.884108
-1.789184
20.739828
-6.370166
11.047134
-17.986189
10.655601
7.535534
-3.579268
13.947092
21.369232
10.027854
3.217704
-6.488079
-18.178923
14.312730
-10.666496
5.084783
27.833494
1.330925
1.163108
-9.026397
25.531555
-7.219124
15.510900
9.848864
27.955601
-20.688158
12.783378
-8.955617
5.045763
3.642857
18.174656
13.563602
9.661566
-16.145245
-20.117249
-6.957863
-9.351322
15.883050
-9.773979
15.774215
-8.900064
-9.879804
19.255405
13.647647
-2.137035
-11.650803
-21.277195
-15.251564
-0.797659
-9.617970
-3.903844
3.384617
5.532494
-3.988291
-0.626947
-6.446946
11.941935
-15.748288
-8.631596
2.729907
6.255702
13.103392
-16.568556
-11.209676
-8.512066
-11.191633
-9.093846
-5.282021
18.689867
-9.166515
-13.383453
-16.591658
3.789170
-10.005065
11.924281
-6.500416
0.965800
-10.397038
-12.470355
6.652726
1.595082
3.766104
11.237880
-25.121767
-19.008835
4.546696
26.256308
-3.710532
-22.435122
-7.038373
14.143469
16.535196
10.280374
-1.664224
15.369841
-2.860263
-19.917294
14.200935
-4.588047
0.603374
-16.991142
0.344890
-13.523872
1.832756
-3.919451
4.068902
10.969968
-13.559263
9.333095
3.919185
17.151171
9.177897
18.168074
12.587956
11.427732
11.754414
-14.591694
11.997202
5.232248
-4.436896
6.087563
-2.324919
12.582150
-18.574284
-2.818216
-1.452585
6.639199
-7.201465
19.554522
-4.329196
-18.362968
-7.975879
4.477530
2.712472
-7.277140
-1.672731
-18.601500
-0.022549
-8.983406
-19.011421
-7.980458
4.425825
-13.262543
-16.283564
26.857439
6.382582
3.257651
8.165659
16.118448
1.103048
13.143519
14.272361
-7.509494
3.103220
2.076872
23.254019
3.712373
15.722181
-17.795486
2.528349
15.098116
-11.743909
-20.797205
13.053014
13.103454
12.932200
-13.065523
-10.738882
6.276126
4.049033
-17.974884
8.458142
-16.279408
-1.771813
14.740067
-14.050662
-14.854387
16.413877
-11.279709
-14.058429
-5.009222
-13.950326
9.544106
-3.563975
5.950561
7.517530
7.332154
3.991820
25.499832
15.436090
17.178247
13.264104
-20.203329
12.995465
-12.499225
-15.142253
-11.742393
7.346502
13.106194
-9.216861
-11.787229
4.611039
15.508755
-12.524922
-17.299953
19.127754
-7.065977
7.192219
15.116141
-2.193922
-14.623439
-7.076442
13.702294
-11.082766
-5.839868
13.739193
13.067705
-14.781561
-13.136902
-1.941987
-1.464138
-13.551653
20.029900
-3.978047
-25.539278
-10.227629
14.142820
-11.991593
-0.539698
15.836421
-5.625902
-7.057055
14.348404
6.733037
15.471395
8.493020
13.682842
-6.767866
15.592296
3.663883
17.651819
-9.366402
-4.282909
18.181532
-5.488621
-7.196944
4.623188
-9.183646
14.943798
10.371258
13.409645
-14.644208
13.932208
3.181608
17.059416
3.404086
-13.218561
-11.987037
-17.111591
12.363816
-7.592251
10.667913
1.517748
2.714419
6.701865
-3.539639
6.530513
4.006269
6.235824
18.878988
9.362845
-17.792147
-26.212896
-9.501615
13.144667
-0.102696
4.568557
6.763188
14.341557
14.352657
-30.189600
-22.599974
3.768505
-13.752876
11.861594
-1.230608
9.743085
0.431444
21.796679
8.302006
-5.791957
8.889277
-19.625147
6.931776
13.655783
-0.036518
14.189952
-6.880505
-15.926651
-6.718549
2.822153
-0.864112
-11.262619
-8.530933
0.410292
-4.748510
-0.172130
18.095366
-9.023683
9.435824
4.590970
2.988372
7.629668
-16.119167
-14.228853
2.626605
-33.087326
7.358829
2.203378
-5.146413
-15.887047
-13.006417
5.157378
-8.028838
-11.675084
-10.931639
3.618068
-4.218441
2.120727
-7.528553
-7.284762
-0.765574
9.617489
7.925535
-1.387075
-2.625522
3.574592
-10.707001
-16.949894
19.675528
-9.255497
-7.977234
23.640688
17.736967
-1.186172
6.786412
-18.307844
14.219903
2.661195
10.040295
-17.263779
-2.460846
-4.375341
-9.880909
-14.610032
1.499412
-13.018583
-8.506431
-18.568727
-3.246449
-10.125220
-2.237196
6.451263
-1.531880
-13.990063
-11.195436
-8.115367
1.427499
-12.199762
-10.246914
-14.280291
7.538470
-4.346646
17.492126
-2.946969
-10.143358
-1.285037
7.496569
-7.735048
-5.671022
10.215316
-14.179417
16.468979
-8.155997
-15.336229
-0.922713
-17.881884
-7.584899
17.121851
3.665400
-3.460108
13.325263
-2.181529
4.896695
5.951417
19.025141
-0.007484
-6.558573
2.806384
-13.820829
-2.293581
8.137771
-7.714764
19.257637
-15.763666
-9.260653
-17.045631
-7.548880
0.607599
7.913734
3.834808
-3.875398
3.216510
-14.127985
-9.777246
7.677431
0.198567
-16.439978
-12.445750
14.136708
-13.475013
-16.873070
-15.235360
-12.680523
-10.016533
-3.841295
-17.196259
-13.357638
12.800081
13.867275
12.013762
4.151484
3.096248
-15.933885
-23.545704
3.406027
-2.265714
5.897740
23.746613
-10.338529
-18.249910
0.611955
13.225737
-3.371009
24.484491
14.953489
-0.078566
-0.793079
14.019620
-12.556198
5.152429
3.852294
-9.068705
13.971279
-10.991676
1.458588
-1.855412
12.569874
-1.837105
20.484470
9.904199
-5.946558
-10.247582
-15.280777
17.941612
9.757598
19.881390
-20.825684
19.651392
15.398654
-8.377784
0.434415
8.999406
18.199049
-14.309242
18.916515
6.706097
14.842056
12.055114
2.134175
15.802665
-8.719946
2.941711
-0.030976
-22.596569
-7.072565
-6.855213
-5.390681
3.167470
13.177991
-15.565327
3.221845
-12.373372
-3.291466
4.643125
-14.063272
12.254283
14.417718
19.919554
16.050726
-12.411484
8.723027
16.706102
7.346730
13.919889
16.633167
14.978510
-15.468420
31.962343
6.030643
-16.837368
13.936414
15.881043
-4.437050
-4.388332
1.962683
1.309168
5.439783
-9.920282
14.800102
22.246286
14.462274
13.167418
16.878281
8.318020
0.976538
17.164520
14.040197
24.914392
9.566155
2.698389
-13.225622
-8.689774
-13.785110
14.524387
-15.492741
-27.500866
21.071959
17.707975
-18.382225
8.391607
-7.717452
-17.790560
12.209260
-13.153083
-5.128750
-3.018851
1.093966
13.432777
1.204005
7.087867
-12.049958
-10.369164
11.599496
-5.282052
-2.489759
9.425795
-16.568777
21.880390
15.433313
7.130291
2.401663
-2.228180
-19.096027
11.120572
-18.404963
-19.903131
-12.704756
-1.885873
-17.216021
-13.864041
4.823523
15.125444
14.248747
-7.177732
-6.101501
15.998214
-2.434261
-10.882117
-10.154843
-21.537785
-12.470452
14.017504
-3.728251
0.393533
12.021873
6.992214
-19.831022
-13.019917
10.557365
10.500319
3.360078
1.848554
-9.614696
7.799489
-22.054991
4.409264
-0.040865
23.704096
-8.414580
-27.545889
-7.884336
7.328837
10.484816
15.988041
6.589743
17.007793
-5.824306
5.998649
13.035874
-12.165286
1.989102
13.791791
17.457466
-6.490279
-7.594492
-9.671157
-3.168835
-20.516621
-6.263853
2.500358
12.652236
3.412530
17.164633
7.328755
-11.174442
0.605861
17.895838
3.293742
-10.706191
22.390900
-9.817559
-3.326691
-12.774359
-3.536475
-14.932270
18.696365
-7.374179
-12.640402
3.003332
21.161888
-3.308442
11.787117
-9.374651
-16.671921
5.984945
-4.342159
-3.008666
-5.391252
9.242094
8.947927
1.684483
5.956427
-18.094261
-3.899824
-7.958650
-23.299498
-3.910818
-16.040487
-11.677156
14.600493
-16.624607
4.246933
-2.853795
-2.932106
-9.594862
-5.627761
-18.338951
1.062403
13.673820
-4.334811
-10.071651
-16.113100
-5.729094
20.415436
5.235234
2.255584
1.406954
-15.823318
14.864076
17.257549
-8.388131
17.705187
3.557458
11.703994
-2.504848
-1.614558
-17.557356
-0.306926
0.095726
-21.971630
5.463868
13.249617
-9.016186
-13.584854
-9.734364
7.904189
5.703382
-8.106742
-5.006346
-18.183510
9.496290
0.702899
12.194236
-1.980040
5.202229
14.522143
14.218490
16.706593
10.023367
7.096585
-3.328035
13.255260
5.880566
-8.221539
-16.491911
1.055391
-1.849866
-8.370617
17.965757
-23.544497
-5.418471
-14.579507
0.901716
15.403028
-15.513172
28.281683
11.812379
-4.612127
3.888608
-5.111281
14.923716
9.672098
1.981272
-0.452478
-2.997110
-15.451504
-0.697636
6.415587
13.814721
-10.153812
14.744157
-12.111505
-5.802997
9.260280
17.194864
7.179043
-11.014377
-3.091049
5.355810
-11.797771
-7.146389
-19.427723
15.045320
-21.681868
-22.854664
3.890233
1.598664
17.907871
-3.772174
-4.241232
-8.478686
-13.106261
1.428610
31.356211
1.252281
-14.046276
-2.205300
17.933483
9.534389
-4.733027
-11.557704
-23.963053
4.829588
-13.553668
-14.035254
-13.429345
-13.607466
14.717668
21.608381
-16.932579
18.246344
16.422211
-3.743177
-6.571869
3.511021
-6.035304
1.614692
-11.212063
5.078590
-6.218012
8.185835
21.442537
18.005543
0.430731
-3.905019
-6.243894
8.075338
-14.013447
14.740724
-1.035465
-11.440014
11.547800
7.939407
7.958055
-17.211016
-9.281055
12.781082
5.216212
2.233522
8.071970
-2.915705
-13.850002
1.074734
5.429928
-15.971166
7.044932
-2.880939
17.318745
2.974228
-12.105687
-8.033584
-10.141619
12.178038
-16.632151
3.608590
-14.050762
-12.663675
4.961339
-3.721628
7.059502
-1.287811
-25.513401
13.860583
18.020750
0.061538
-13.930443
4.505641
-6.110820
-4.024415
20.259443
0.622592
3.499996
13.571411
4.037531
15.444972
-7.751369
9.486814
15.963560
-1.788028
-11.014076
-11.487939
-5.795022
-17.387390
29.469753
15.760900
-26.189302
23.026720
9.394320
10.325032
-8.487813
-6.215361
-12.860495
13.308865
18.994148
-13.282043
-15.138248
-12.918054
-11.926933
4.517991
-11.501760
-6.864857
2.812699
-15.065963
-2.489386
-13.720654
-4.346040
4.253494
14.365275
16.802479
11.284441
8.475488
-18.844183
-4.809514
9.537971
17.960482
12.871882
0.372724
5.040157
-16.171379
-8.641518
-18.376434
-11.668968
-1.342753
1.074719
-15.119218
-14.344799
-11.594666
-2.566951
12.255537
-6.566801
2.433137
-13.492646
-13.455856
13.439035
-1.755835
-2.714713
6.218718
-18.391308
11.640636
-6.817216
0.553383
-10.766706
4.849735
8.857154
-12.723960
4.359490
-15.243050
17.894995
16.628374
8.025610
24.419130
-7.891499
-20.845606
-7.433584
11.758311
6.614139
6.834652
-12.313736
2.988621
-6.504025
-11.056656
-18.067528
-13.814289
5.760375
-4.799133
-16.130903
-7.492018
18.589376
3.404899
11.222530
3.403278
3.975389
14.311463
-1.313056
-7.148807
21.500763
24.371830
-9.935163
7.343167
-16.340776
-13.593964
-10.045668
-6.737704
-4.795397
-22.623751
26.012917
17.734140
-14.214458
10.322944
15.543216
-15.347528
18.391029
-5.142163
23.969978
-3.054500
2.959068
6.364838
2.584817
8.527638
-1.148430
17.226425
3.635702
-15.117532
-14.858670
-14.358964
-33.648735
-3.812988
-6.021061
-16.212147
-26.793251
-2.478351
7.678601
7.990756
-27.292076
13.138915
-13.933582
8.232949
2.520674
11.237227
19.538425
7.281220
-20.336403
-5.867945
4.115298
-12.097209
-13.154334
16.411673
10.776099
-2.443289
-7.299294
-8.864589
6.947778
5.504804
16.500004
-0.287960
7.583821
-16.180292
-11.715368
12.664092
-5.288164
10.078720
3.276212
-15.760018
3.577061
-1.020853
13.717867
-12.544708
13.272570
2.762652
-4.051612
-3.155220
1.712390
-3.171202
-16.824881
-7.885686
-11.395350
-14.422058
0.532514
3.219939
-14.318747
4.888676
6.117588
1.674653
-17.231779
21.964779
-0.531029
-20.512772
12.680859
-13.705433
10.684589
8.710064
6.216279
-7.692112
-12.618458
-13.059162
-17.216707
1.926801
-8.341985
1.212063
-5.878727
16.111767
-12.146282
-12.051085
-2.885498
-6.234461
-28.495302
1.493780
-7.065674
3.765981
-11.273471
-11.830729
3.986462
1.661453
-8.854612
6.680823
-18.910530
-6.608993
-9.198469
7.950774
-12.092200
20.237154
-13.136928
-18.675886
8.398044
-4.685468
5.199839
-4.957989
10.128041
8.160380
-13.001463
5.250085
7.005257
0.944619
-7.431543
12.166674
17.194326
-12.787509
11.357587
-2.303801
16.489300
-17.070841
14.369181
8.102006
9.978036
2.455527
-13.956332
-12.044577
-2.629179
12.574158
-0.098852
13.240258
1.404780
-4.216689
-14.835276
1.963906
-14.735425
6.523224
-1.764003
-8.014759
6.624351
8.961547
30.092016
5.608763
-8.826384
2.960829
-12.347329
-4.837394
-6.651302
10.461245
-8.767431
10.577298
17.448013
3.656711
-20.754333
6.038919
-1.149327
4.233920
-4.220220
-17.982565
-20.129316
-6.523711
15.231928
11.571900
-10.608533
3.234151
-9.148174
-8.464445
-13.881065
8.245457
8.228733
-8.608210
5.077942
1.733799
7.619277
1.807150
4.395229
-3.270243
-28.852680
14.604504
-8.422429
11.483273
10.411217
-3.312830
-20.254595
-8.124138
-2.933957
-8.391737
8.962043
12.357440
-18.703627
-8.805552
12.127019
-16.598335
-13.286391
-19.037312
-10.381929
-17.283224
-25.770308
-2.049928
19.072979
2.501889
17.943022
-7.491956
8.511642
17.675140
12.277427
16.609423
-14.263804
-9.969270
0.610789
9.145623
16.395487
10.119228
28.859550
-5.087995
2.705398
-5.056304
6.725772
15.031901
16.896690
-2.171831
8.129891
-19.010952
10.354093
4.615789
3.865199
-5.079863
10.012446
1.971644
-14.315150
-4.984764
4.140664
-21.256367
7.488710
19.959850
20.225351
-9.252901
-3.795777
13.181320
-5.600308
19.918783
-8.328197
-0.909856
15.187098
13.919255
4.064102
-6.026884
-14.586996
17.055550
23.104382
9.246687
4.371613
0.722676
23.159641
5.314065
-1.484393
-3.819970
10.330949
20.019527
9.349958
1.532959
-25.645597
4.501348
-21.385733
-19.798624
29.254442
7.793853
-29.044052
-7.117636
3.566537
-7.091415
-8.051274
20.482054
6.904651
-9.755418
-18.229738
-8.125685
-14.684244
0.176011
0.238586
7.064592
10.393678
-15.933100
-0.703439
-11.889584
15.752392
-2.366464
-9.885072
-3.563918
-9.839361
6.495416
-16.555096
-10.708453
-7.450995
14.787009
-17.760593
-8.531141
1.149996
-0.024033
-19.399187
-12.761142
16.750978
15.451043
-15.894955
-4.719985
18.382816
4.569140
-18.472790
0.846281
0.839475
-13.118495
13.281740
4.956509
18.135399
9.456696
11.409983
5.004288
12.600421
12.454993
-6.817384
7.595135
-10.831849
20.011753
17.392939
5.455494
-32.330063
7.258393
3.104873
-16.672346
1.220847
-7.317857
18.111418
0.139997
12.642869
-24.321268
-5.225901
-2.688184
10.137319
11.688346
-12.808108
-9.742607
-12.607996
14.417536
-4.592433
1.847947
-2.905436
6.565462
3.841553
-7.978720
-2.169360
16.532425
-16.014124
-7.112777
-2.080791
2.269120
-4.513074
-20.022287
-7.300028
-16.784454
-18.603754
-18.197912
-2.748300
13.024273
-0.236687
6.437427
-1.576313
6.810956
8.475360
-6.801080
-22.322691
-5.522742
5.798153
-1.034200
-22.222576
-6.702228
15.806215
-9.878490
-11.581214
7.432174
4.735328
4.129536
9.237753
0.889883
5.270425
16.618933
19.881384
17.679043
-0.061462
-5.225425
17.340200
8.410231
-10.591738
-4.701005
-9.746325
-6.006081
22.189289
6.316084
-18.794100
-6.579992
-7.970883
13.109402
12.265594
4.302509
7.764531
13.759806
13.576923
7.697747
-12.083548
3.857129
-15.128062
13.749933
6.877775
19.131168
-16.905338
7.077010
3.383884
14.297514
-0.543868
-12.598008
-5.681489
-4.805125
15.132944
-11.052352
-3.701813
-12.134489
11.727604
-8.242002
21.057358
-3.090523
-15.193427
-12.480042
-8.348827
-16.406111
22.072784
10.252263
-3.594507
-0.630212
-12.768040
11.536364
12.123501
-18.403294
-9.652817
-5.698657
9.711897
-7.279235
16.485167
6.778385
8.284444
22.953461
-17.414146
-7.339050
-14.592866
-8.894887
24.414524
-11.057159
8.564444
17.526819
-4.074288
-15.549771
13.625953
2.045586
-20.597460
-3.518760
-13.196292
8.935299
-7.395705
3.101360
-2.847069
-3.752960
1.520333
-2.353801
-12.906298
5.484906
-17.063280
-6.224856
6.649657
17.143564
15.391457
-8.054465
-10.991026
5.739699
16.617321
19.790646
-10.994919
6.425315
8.988364
17.480923
18.330624
-20.278969
1.953660
16.706928
-7.836908
-14.376502
16.266413
17.239580
-15.519114
3.197512
22.955084
11.914317
10.357826
4.449427
15.207519
-9.571132
-0.517866
-15.859015
-23.721558
-10.168688
-0.018629
13.646377
3.384189
4.660547
-7.559524
-9.168233
5.627459
17.350027
10.336853
15.891650
-1.709158
-10.743293
-21.928257
24.458313
3.663464
20.092270
-24.552422
12.298635
22.874399
20.001177
-11.179799
12.690394
-0.946192
3.571787
-0.554055
-5.940289
-18.680002
-1.213902
-2.804503
-8.858907
14.426633
0.380871
4.159896
-3.548065
16.521252
-16.268547
-0.181866
0.584395
0.007335
2.387845
-11.832285
-16.617765
-7.834957
11.113237
-21.976009
0.899760
-9.037807
4.635190
-14.297754
14.607837
16.568188
2.953580
-9.658636
18.648514
-23.156553
-11.101683
5.935480
1.691020
-11.702127
4.206230
-7.803677
16.839476
-10.614928
4.489443
-3.066020
9.425976
4.371954
-8.503000
-1.086757
-16.381651
15.501717
-13.022541
1.002738
9.865624
-26.054081
6.742875
-8.940499
8.878243
-12.197838
-22.503014
-10.938169
8.185565
10.844428
-17.845476
15.242008
13.207192
3.918239
2.707687
-11.888990
-8.639475
15.631091
3.955221
17.116880
6.232357
1.470248
-1.941258
0.872926
-5.873519
-0.502875
-2.674689
1.782550
-4.357204
-6.173569
3.685080
-11.283098
16.940874
-5.880495
5.651133
21.224642
-19.704306
-9.855579
1.381857
18.490395
8.512375
-13.625390
4.934623
-10.905524
13.812923
17.779898
5.824448
-17.216217
-12.909121
-2.034688
0.179532
-14.112816
-4.374562
-17.532976
12.472773
-8.200451
3.110420
-15.151678
2.611447
-3.175702
12.125679
-12.569761
19.398022
-16.452045
-6.088040
25.020184
2.602207
-15.090091
12.277855
-18.567568
1.761628
28.868500
-9.514381
-7.184549
-9.077429
-4.776889
3.320282
-3.554964
-8.001941
15.574135
-1.387962
-2.095219
7.567644
15.440274
12.109971
13.443155
14.945357
-5.594069
10.461088
13.417975
17.089350
-11.601802
-1.245566
1.663791
-2.834270
0.399158
17.768435
4.620548
-8.457619
17.901060
0.746040
6.501091
-12.751042
15.800183
-11.357913
-6.165853
-20.264860
-8.049537
10.547348
-3.868814
-10.264316
11.948215
10.396784
4.149979
-4.134727
11.592976
-8.625914
19.694092
1.487441
1.102730
7.900954
-25.510454
-4.195105
-12.502277
-11.703411
-8.760621
-18.890970
15.942211
-13.984544
7.588187
9.097244
24.618935
13.189512
11.227793
13.584462
-7.197084
15.080714
19.036276
16.278568
-4.171436
16.405485
-0.412986
-3.586326
-16.202784
10.435537
-4.721953
-7.827792
0.146834
0.330448
3.479149
0.497461
14.335115
-0.396976
-17.693644
-7.528098
1.132549
-4.311168
13.364960
14.773949
-17.101011
-10.341828
14.083840
6.120560
8.785876
-10.608084
5.754470
-9.194794
6.436138
7.704119
15.542872
-18.936453
-9.525064
-10.392754
-14.623968
-2.861805
-10.058220
11.910896
3.828130
6.710113
-5.393235
-9.978663
13.615294
7.211458
7.815880
12.280313
-0.177883
-6.057340
-13.275012
-3.114418
-2.394407
-5.512831
-9.596889
-6.969813
18.163260
1.484755
-20.125639
-14.682815
-28.471975
10.630448
-20.352568
11.972327
-24.105087
10.293991
-16.142782
-9.885094
-9.778888
-0.303665
17.287409
7.084740
22.072670
8.776442
-2.839550
5.372694
5.014408
-9.907332
15.336493
-12.750250
3.277361
12.449372
-7.205153
4.751724
6.241896
-4.432597
21.047415
-16.837124
-17.589045
-11.871903
19.757988
4.885920
13.041121
16.449806
-5.315432
-8.259714
8.373816
-0.404069
-1.359948
-17.498066
24.200293
9.128967
-1.631213
-1.618368
9.576854
-8.460905
4.703248
-18.437048
21.138987
6.384222
-0.824836
-4.738399
-14.779184
11.782618
-6.543939
15.347856
-5.960920
-4.996612
15.648645
4.482010
-24.496550
4.556498
-2.870774
-18.859402
-11.788299
6.642826
-0.391762
5.880201
-26.636929
19.401695
-1.093225
8.562978
2.155319
-5.567586
9.258229
2.271013
-23.864019
-15.692506
-2.363045
8.179170
17.959948
5.462631
-6.242369
-14.733760
14.859208
9.958723
3.759356
0.389277
11.599309
7.440298
16.280010
-3.209408
15.326504
10.264853
-9.961142
4.728381
3.679065
10.738391
0.323775
6.554717
-1.353124
2.802063
10.878628
-12.021488
-25.720947
7.742328
13.985146
3.750433
-20.481104
1.001810
-12.294215
-3.106707
-9.151557
9.888138
-11.838664
6.245216
0.784264
1.307235
-7.471196
-7.270181
12.941885
-13.910829
-15.293134
17.697769
-22.333939
5.123143
-5.746850
-2.333606
-17.809111
17.374298
8.711136
13.197160
-8.583596
15.844519
-17.799109
4.502434
10.425285
0.670468
11.909045
12.388790
-16.901630
-13.189664
2.605655
8.545631
-0.465622
-12.877809
17.028891
0.149429
-7.205160
-16.326012
-19.043011
0.459088
-11.831487
-0.467193
-4.000365
1.575070
6.981003
16.002968
-15.726545
-0.853062
9.076884
17.533592
-19.688074
14.052349
13.636564
-1.635972
14.060107
-4.333524
27.710598
0.544366
-3.629439
-14.768173
3.532689
14.072417
-14.623108
-10.754808
9.835304
-8.328555
8.905581
-6.757467
23.548891
-5.492600
14.511763
-9.124410
-16.553602
-0.004374
-14.129093
7.203319
-22.141819
5.691628
5.478467
-7.460299
-20.540672
-12.639684
-23.323114
-7.456099
3.095065
14.720957
-3.261225
-1.127691
-3.315879
-9.909335
5.051057
0.412306
23.804516
4.669964
5.682257
0.156876
20.170425
13.262600
-8.242889
-12.323697
1.461221
-5.274547
-0.849343
7.806965
-11.760173
-2.592438
-11.342109
-3.354711
-17.392006
5.583549
-19.885777
17.151009
-1.742587
-5.705220
-15.724940
8.059813
-14.494890
-16.228024
9.256331
7.529266
-17.817965
-9.725386
6.419045
9.146924
4.348393
7.639817
-11.628971
-5.742252
3.360867
-11.386600
7.960654
5.663975
13.511803
8.052775
-5.165858
-3.936423
-12.596694
16.604170
-15.827972
-2.056671
-7.126714
-1.827980
5.870808
17.062887
-16.980583
14.462459
0.073902
-1.769076
-4.147454
-0.440919
-5.864464
-11.879843
-5.534847
-1.664510
1.725253
-2.253808
-18.445692
-14.922703
7.828362
-1.694386
-10.556440
8.560951
-9.546184
-10.829266
12.608858
1.760393
-7.669250
5.392371
11.213284
1.369067
-19.212349
3.176937
17.156075
-0.589462
1.931638
-7.814450
0.769083
-22.392132
10.899140
12.767415
10.496180
-2.318406
13.437541
-2.715978
-29.791451
8.755327
-3.994518
5.885100
-13.714108
-8.521523
5.398287
-10.291698
-5.906578
9.855769
11.994117
5.903410
20.441095
-0.955898
-3.174679
-10.754231
-5.363933
11.234103
-1.661266
-6.863624
19.381512
-6.603735
2.431377
0.345905
-3.527370
-21.232006
11.308321
-12.857681
-1.851546
4.428353
-6.725478
-10.035812
11.162197
6.727785
11.396814
12.702340
-2.651446
1.967349
-13.694814
8.750069
4.228765
15.449100
-10.822655
-2.475384
-17.543322
17.395813
4.607306
10.759566
13.012774
0.221113
-6.230928
16.802444
6.282071
-10.597726
-4.520092
-5.808910
1.456841
-15.776598
15.421666
-12.078073
3.824448
13.974965
2.733284
6.488750
4.031582
-12.783335
-14.535744
-10.969825
-19.414354
-7.011629
15.161140
18.026035
-20.527109
-8.638029
0.096628
14.060445
14.638588
-8.735575
15.294018
-20.497927
7.776318
-4.133914
-10.696216
15.798717
17.477207
2.972922
5.698954
22.374041
20.244755
15.960403
-16.776512
-10.492273
16.526814
21.290997
-8.742887
-9.391025
1.371835
-9.744031
-5.266520
13.138995
-2.376223
4.014907
-14.186170
14.571232
19.328802
-14.583435
-12.348700
-1.925800
9.953633
11.595319
15.767358
-10.810840
3.639351
-4.152746
23.074648
18.929079
11.525214
8.710592
-0.066971
-3.543061
-12.955405
-15.017990
-18.679625
-15.922108
8.726704
10.223506
8.803590
19.843252
16.219170
17.447655
2.412767
-2.695350
18.540552
10.413692
5.092289
-0.078864
-5.716303
-6.277951
-10.104601
-15.693224
-16.718546
2.001758
-3.474978
14.215010
1.869461
15.228913
5.103482
-12.086434
29.103596
-6.022286
-5.892200
-10.579119
20.440042
4.918097
26.949961
-9.521229
-27.384069
16.364580
1.932867
0.695545
-3.712229
7.333714
1.874689
0.780646
-5.777189
-2.154234
-13.721173
0.697644
-0.607949
-4.089850
5.377341
3.937470
-1.590370
-3.130235
14.706188
8.432353
5.637299
10.260925
-25.639488
18.282145
3.226518
3.718048
-8.265677
-6.748479
-6.840017
0.966771
-2.271636
-14.093736
3.507690
15.634169
-16.119720
9.433379
-2.013740
8.146815
2.725661
8.989597
-3.949574
5.111394
-5.122984
-5.905151
-10.681436
-4.077002
7.396012
-11.738817
-2.111126
-12.266794
-7.525114
2.754927
14.163723
3.904916
-14.611183
9.918943
-12.154000
-9.227684
-18.794424
10.504791
7.108511
-0.496915
-17.021843
3.780780
15.765474
2.954546
-5.255858
-12.833463
-8.349951
10.497889
-15.111286
13.495118
2.238834
-2.214148
17.368326
-1.698789
17.681742
-0.229261
-4.174779
-5.269710
2.931108
1.709562
8.845355
-12.890018
13.920981
0.002770
8.104026
-4.922225
14.338920
16.262056
12.095271
-6.403774
-9.789941
3.369200
5.790462
3.412548
6.519658
17.598835
-10.879102
-0.218847
-4.913088
-1.791266
-17.239592
-9.239006
-17.751413
-4.123457
-8.407850
7.757128
11.453044
3.516066
6.361713
-0.198960
-1.390554
-14.244534
3.490061
-8.003277
15.247487
4.690697
18.445440
-2.520078
25.685070
8.640314
-17.318581
18.953588
6.389655
6.132262
22.257219
-10.693350
-15.920796
6.065892
2.688930
-8.263302
-0.223542
-1.016268
-3.397322
6.858028
-18.728558
15.496724
-16.265522
12.398919
14.000444
-12.198837
13.203284
-9.090528
-10.437376
-1.750889
10.765975
11.344863
13.394670
-10.927540
-4.921170
3.285760
0.153402
-3.965231
-13.268722
-15.268709
-10.917210
-12.130980
14.560881
-6.692546
11.748951
-1.398989
-4.096132
23.370020
15.291106
-14.146920
11.658419
7.160222
-13.539512
-8.042851
12.436498
9.131783
25.106085
-2.945810
-14.345286
11.594963
14.975660
10.526484
10.418183
21.012058
-16.543495
-4.062058
-9.661508
-12.675545
13.201650
-7.470649
4.567165
6.759429
20.713642
25.024622
0.903939
12.018094
9.355745
20.148735
4.765421
6.503071
9.156996
-14.534216
-10.854648
13.236833
7.027345
-6.021688
-0.263355
-0.082234
-20.490608
-3.655157
-0.962104
5.291648
2.165931
-8.080666
7.101460
12.618193
-4.451358
0.913227
-9.847716
3.242305
15.656650
7.047615
-24.579884
8.846780
7.217649
-0.345051
23.126238
11.699992
11.906823
14.511249
-13.110302
7.362681
-2.712817
-4.026094
4.905380
12.679153
20.513182
12.251065
-9.173055
-0.629359
-11.963199
-3.317706
-3.796717
8.902279
-1.674614
5.782348
12.848405
13.818399
5.243933
-9.670029
-3.418758
18.687393
6.298373
1.644059
20.433832
-19.038551
22.894569
19.060694
5.647323
6.556136
24.345808
-27.146992
9.188185
-21.679581
-8.398967
0.116012
-10.503970
-9.976589
5.582834
3.035218
-4.659107
3.006506
1.229248
-14.013252
-17.119101
-6.578554
10.358723
0.753380
-2.682133
-1.971632
1.154207
-8.287241
16.810984
5.341104
0.099055
14.468667
-22.697187
18.497280
-5.901267
18.266535
0.612347
-10.550200
-8.250507
9.843943
-8.767220
-4.511816
9.879234
-10.615992
0.585743
0.403779
24.344273
-13.207304
-19.804646
-5.067201
18.759411
4.078996
9.627461
7.029120
8.123476
13.787806
3.662905
-9.192241
-12.748316
-19.716309
-6.075080
11.308384
-29.183342
-3.433080
-20.809633
-20.339565
11.291058
-5.583694
-9.640078
16.760422
-12.970278
-30.372461
3.917516
-13.576796
-1.098729
-13.032042
5.433557
0.629113
8.276597
-9.782894
-9.796252
0.328763
20.787277
15.364635
10.668525
-5.968060
-12.437029
8.291986
19.983288
-0.737265
-2.714649
14.901680
2.442909
-7.889423
-4.312838
-3.365132
-7.334963
16.658627
12.682536
-9.873361
16.213253
-5.531654
1.406225
1.435784
-15.976978
-3.147507
0.853631
-12.168884
17.553179
6.183836
-22.767057
2.226470
-16.315929
17.585583
17.340061
1.369083
11.390052
-1.296926
-7.453348
4.848178
9.291656
-19.365822
6.515730
-5.469109
8.499107
-8.018289
0.916612
7.238986
4.769851
0.863866
2.076857
-2.975722
-5.871547
5.520070
-27.131336
21.427736
7.766972
11.008115
-11.129361
3.349202
-2.565437
4.792550
16.139736
-16.364853
6.989520
-13.793440
-5.996353
5.182799
13.181631
11.892673
11.772389
-12.704627
-6.882196
-12.007124
7.469662
-12.906842
-12.519114
-19.900206
7.460765
-0.360533
2.620242
-12.094151
6.396959
-15.177908
-5.611719
12.833522
-14.346457
-13.633594
11.061338
7.767349
-29.536631
6.689763
-13.622211
-3.092487
-22.409296
-1.085018
9.517391
-18.903069
24.151730
-2.686816
-10.866405
7.229442
-15.947883
13.403273
-3.505241
-15.346065
-16.889597
-14.068330
-6.396515
-6.958215
-6.918147
9.106158
6.852167
22.548616
14.360590
5.136760
-11.192311
-11.670212
2.324965
-21.397463
-15.576797
0.264607
-4.118689
-16.261139
-8.197066
8.466791
-19.883821
3.007303
13.606102
9.324654
-1.356402
13.136757
-12.792665
-13.581898
-3.167617
-2.901667
5.528859
11.445190
-7.668795
12.329992
10.356371
-20.996174
19.185097
7.533495
19.739979
-12.000492
8.664595
7.389388
-7.262835
5.931643
-9.334911
13.823526
3.303836
27.047918
-4.773441
4.280397
5.373205
0.727139
16.822479
2.502001
-14.118770
-19.890333
18.347841
-8.275559
4.511039
-13.779368
-21.576992
-5.033709
3.175460
-19.698147
17.407919
1.946160
-11.898098
19.158033
7.636901
-9.912826
-4.878381
-22.236017
-8.325963
-8.728023
-9.010056
-1.764832
26.901098
1.720139
9.066389
2.381865
9.903647
0.543872
-14.259895
14.157606
-13.720802
-7.000567
-17.133511
13.550749
-18.443867
-8.450187
-9.976051
-16.772661
-0.424991
-6.274878
-7.070267
7.786578
-10.804216
7.706786
13.319069
19.017977
-11.306829
6.239738
9.858193
-10.641695
4.219685
-7.255281
11.964811
14.116522
9.790634
-3.757347
11.550729
17.674606
13.841546
-9.932975
-4.568869
6.726521
-21.955692
6.079945
-20.115637
16.062782
-23.165213
13.742237
4.392069
10.364960
-8.257940
-1.281014
15.261949
-15.530725
5.801682
11.512973
5.895307
4.874597
-33.399597
-7.107414
-24.898811
-20.177197
23.246418
-10.582106
-4.921587
-10.560880
0.425840
14.127188
10.223469
-20.938280
-11.664664
-7.028347
-13.655872
-8.985242
-7.536012
-4.957936
-15.874238
-1.424765
2.912879
14.689286
8.197995
10.019914
-1.039122
16.402512
5.453431
12.433266
-0.438201
8.894874
11.890186
-17.568222
6.455901
18.457941
-20.356495
-5.922872
4.689734
10.593282
4.015698
16.634233
14.110869
-16.686375
-8.680629
14.487838
-22.274605
-3.366513
8.283192
2.914194
16.501863
-5.512443
17.860430
-6.522015
1.593026
3.565124
-11.689566
-11.299077
-18.340187
2.005275
-1.032532
15.481009
17.583261
-17.093218
14.874976
15.300588
-26.953321
6.356706
6.478477
5.542452
-20.249964
-11.058620
19.154404
-17.882030
19.495588
-23.524410
-13.997568
7.851533
-8.823576
-18.281902
12.545853
5.744392
9.118496
12.802008
12.773470
-10.239448
-5.584293
-11.439944
14.440544
-0.326600
-7.524071
1.972648
17.777824
10.543436
-11.745747
-9.237594
14.953395
-0.281433
8.161484
-6.341720
23.717333
19.217609
-7.454307
-3.415668
-25.180346
16.018723
1.905525
-18.052038
3.752307
-14.351273
27.364298
13.002609
3.504282
-4.435078
15.103271
11.603021
-5.121664
19.408825
4.492867
3.016043
7.986334
0.181724
6.466968
5.718284
0.834553
-1.816599
-3.552453
2.423512
-11.730959
-17.558811
16.833025
3.114265
9.892275
-10.326901
19.763746
3.404545
-19.563530
1.729725
-24.844610
-3.616810
8.748067
-4.268260
-4.960545
-12.097556
16.499500
-6.187632
0.125545
15.337571
19.798296
-13.793077
-17.252794
15.574377
3.116393
-17.053171
-1.221266
-0.606124
22.399456
5.329204
-0.407888
-18.213835
-13.439255
-17.250677
-18.191753
-6.090656
-22.936964
-6.214985
9.728291
22.723215
3.370301
9.714174
-1.755033
-11.333197
13.160115
3.908470
-29.400890
0.558999
18.206856
13.783613
4.557667
2.163259
1.137031
11.259091
1.214542
1.086521
14.874645
-3.522313
1.241482
11.206246
14.287994
13.187139
-10.670893
-18.411478
19.350592
-2.966273
-3.788078
0.097259
7.682703
-22.974163
-1.808593
10.937980
20.046713
-10.984939
-3.693064
-24.107330
14.521734
-20.527309
6.525938
12.705476
16.119795
1.200016
-9.845573
-0.136824
-19.738228
8.801939
4.106888
-11.262527
-8.165408
-18.661526
16.038937
-5.777009
-14.328320
-6.854711
-9.158216
1.524450
-4.664908
-13.930270
2.818506
17.945152
16.168453
-19.525312
13.462214
7.257209
11.704557
-5.331826
-12.845853
6.898595
-10.821897
4.065337
-21.627972
5.761510
-4.304278
0.821993
-17.707949
10.509745
-19.248310
-17.684092
24.164625
-1.901250
-12.022293
-16.547010
-1.644584
-5.569834
-3.127358
-1.652297
-6.846655
2.823452
-18.530518
-19.125231
-3.266144
7.904289
-22.721094
-10.975163
25.352798
-7.959895
-1.337231
10.445346
-18.494938
-18.418983
-11.358364
14.507705
-6.839551
-10.760684
19.967922
-7.689110
10.200635
10.408862
10.733448
1.468639
2.357200
-13.671134
-7.915933
3.715865
12.044628
-11.854919
-17.550821
-8.045034
-6.126877
9.485112
8.343341
15.613103
-15.289515
11.328506
-20.235914
-19.527178
-2.736141
18.643341
6.037901
-4.053161
-1.937405
-12.402966
10.068110
22.883278
-0.806511
-11.251384
-8.144468
-12.519380
3.902890
2.548284
8.896317
13.028115
-5.660979
-12.708904
-5.138049
-4.306909
9.078311
2.427717
11.753755
18.289742
3.647706
-20.485422
-9.046986
-12.181582
-34.881920
10.757426
-12.743461
-2.060240
17.211470
-7.571732
23.174355
-8.841541
28.630428
-8.076337
-1.011467
1.776696
12.687250
7.169349
-10.164152
-4.395730
12.483978
-2.149541
-16.402800
-4.815271
6.874239
15.090755
5.868520
7.916177
4.755481
-1.062519
-3.559206
0.832803
12.675329
-13.710629
-22.396196
2.788744
15.078721
5.106781
-16.355379
1.059432
-10.262809
-15.353239
2.587679
1.003135
-5.736973
-9.811316
16.308367
-24.012459
-28.023417
-10.302205
-9.116910
-1.857874
14.029374
10.935295
7.817209
1.113905
20.474932
-5.033876
-13.903744
-15.914821
13.955842
-11.071542
-3.359449
-8.847206
-14.934729
-18.327147
-13.338953
-20.354338
-24.350075
10.853672
16.328611
-12.794663
22.263662
-20.697571
-2.112643
6.918314
15.789647
1.612383
-5.843783
9.225246
1.932358
0.414525
-4.539840
8.937729
-6.335863
-12.032169
21.530060
-4.630330
-18.945343
17.924805
-8.423198
-13.727811
4.573589
-13.269197
-4.255931
-2.417766
-13.111060
15.941728
16.197710
-12.444184
-8.301924
-15.029904
10.593270
3.045161
-10.653499
-16.287615
4.091158
-7.260756
-0.507636
15.527593
-2.770517
18.677097
29.154156
-14.178835
-6.872643
0.240499
-16.128262
-14.688710
0.027800
-17.875601
-1.352455
-0.598657
-13.429853
-14.202833
-18.316965
0.923577
-11.305637
-1.113659
12.184387
-19.957275
-14.304173
-16.011553
25.695097
-7.257560
-7.869280
2.511921
-14.399179
8.229995
30.670582
-0.880827
-19.686905
16.005482
-8.124106
16.476309
9.856681
-16.508379
-10.589525
0.524172
3.779408
-4.685097
-14.023417
11.595431
-16.867975
-9.185288
-6.538618
-2.897365
12.869297
17.254467
-19.790649
14.450311
9.828547
10.143686
-8.277981
-17.291071
7.787576
-9.769145
2.515538
14.037908
1.734386
15.944283
16.650112
-2.508586
-13.289086
18.832817
15.894488
-2.798693
-17.353554
13.091177
-2.725231
5.472860
-22.293934
8.708446
-8.281669
2.427561
5.978034
-10.294394
-5.559888
11.006074
1.441799
2.430304
-0.430113
-8.871107
-15.811410
-12.523356
-4.256208
-12.568309
2.137362
-4.442945
15.314445
22.277218
-27.536900
1.278707
2.337670
17.795252
-26.303894
-12.314931
10.333756
3.681212
4.253613
12.666492
5.949723
11.259381
6.445287
-7.395634
7.814823
9.239115
-5.645426
5.141631
6.971892
-17.685450
11.184862
-7.433159
-9.121907
3.133618
8.958936
-13.352254
-9.040284
4.174665
-14.556116
-5.427150
-1.326139
-14.412585
9.763152
-16.224163
-4.262851
7.257971
-17.762156
1.056488
15.549150
1.413853
19.124556
5.586911
18.163033
5.290409
-10.515022
-1.596788
-18.418245
-0.420343
4.065641
5.818328
-4.098427
7.069585
-17.879097
1.116460
16.368261
7.592769
-7.812562
15.421803
-4.751250
-8.006211
-12.808064
-8.658919
-3.224649
-5.317703
2.571365
18.698309
-6.505119
-12.425060
-13.670126
17.122116
17.997515
-9.629889
-8.073298
-0.468302
12.665636
-3.847616
-23.084852
-14.877928
-14.004652
-12.211582
19.300106
18.408823
12.199380
17.064011
-0.611944
-0.777171
-8.235336
2.979065
16.896736
-16.699007
-22.719572
5.915762
-11.580151
-12.349901
-12.482626
-19.786617
7.671748
15.550599
-14.214112
15.305093
0.925802
16.891445
-11.140036
7.850923
20.759296
5.497482
4.898079
14.647883
-14.112111
-8.162782
-1.051799
-12.438311
-9.863746
-3.756547
-0.513022
12.011168
-16.757357
12.211069
7.969553
8.268349
10.508561
-14.313079
1.367072
-16.468569
8.402815
-4.156865
-24.211020
23.145956
-24.120953
-3.989133
16.147114
-1.229783
-28.881277
-13.027319
-8.697927
2.713385
11.303809
7.840487
-12.973782
11.798610
-9.641451
-0.718145
0.394212
-12.282081
1.193404
-10.404354
-7.878353
10.919137
-9.510594
-16.220842
7.339184
5.716078
-9.958001
17.639854
25.360279
19.897417
11.350923
11.277642
14.438560
15.077226
-6.640749
15.978848
20.096661
16.044363
-4.331733
15.589220
0.363435
-13.202814
25.607922
-9.548282
-3.423839
4.803486
8.810218
-16.554480
-5.088721
17.233255
13.700836
9.891398
-7.122961
-8.171223
10.187523
7.004999
10.577590
-18.692394
1.446940
-17.499159
-4.637306
-4.994645
-0.434705
4.866606
-8.364799
11.123970
2.562200
-18.281137
-16.836418
4.788743
21.060467
4.653917
-3.505438
11.498482
6.101987
12.767960
-19.006710
11.862857
10.721724
8.132038
-6.229784
13.451101
-17.423538
2.629862
16.715454
-0.617680
6.091375
-2.016080
16.570312
-5.111122
12.400119
-12.508390
-2.248569
7.544726
-3.796802
-3.306163
10.827421
-2.364195
-6.824740
12.766666
-1.743437
-15.024678
9.754607
7.046417
-14.071462
-22.185995
-13.137663
-6.471857
-18.013592
5.584961
15.638705
13.693381
-10.317725
13.582533
19.551188
12.826544
10.934756
13.013712
-20.082729
9.095009
16.341297
10.058507
11.174697
-9.608226
-18.771212
16.466759
-13.185977
3.057525
-18.740004
-20.522161
22.853441
1.780535
23.418312
-17.623245
-24.468214
26.918955
-2.683907
3.836257
2.691272
-1.319815
1.471706
6.641210
15.773903
2.510818
-5.275126
5.907967
13.869658
5.260428
0.021153
8.192545
0.740372
-16.873672
9.330969
-9.389832
10.357841
15.123662
18.416124
-11.661520
-19.371513
11.316091
17.101847
20.624855
8.777697
18.557106
-7.691998
-12.449372
-3.591631
20.459702
-5.324341
-19.806898
19.314005
-13.668945
-12.552289
-3.867233
-15.995649
9.669252
-11.743209
-9.056245
7.537927
-5.056298
-11.507691
14.838220
-16.072960
-6.323379
-0.102474
7.786264
-0.728677
-18.582556
-12.557161
5.997684
-0.896427
8.068069
-5.060129
7.511835
27.023220
-18.219902
-7.260193
7.802070
-4.903486
-9.267903
13.552124
-18.536034
1.961107
-11.763143
4.519780
14.019965
20.693258
-6.152003
-19.889299
11.521753
-7.802643
-6.877751
-13.456484
15.471196
-11.432842
-6.889657
11.117997
-7.013602
9.108249
11.457204
-2.906094
-7.837729
-17.561619
8.177134
15.534159
-20.010765
-12.561010
20.989910
8.061463
9.414649
16.322033
-13.192214
16.464060
19.487206
20.382687
-10.340938
9.787211
12.113286
15.631946
8.036549
-4.140590
14.328689
-12.929611
-1.204745
1.326876
0.814738
-7.498733
-12.654728
-3.037762
-1.525905
-2.570182
13.532809
-18.182308
-0.252526
-4.493226
-7.337981
20.095768
-22.040154
14.911632
-1.410494
-10.760706
-7.159049
-16.728756
-24.287132
-11.311258
-3.597780
12.446841
-6.759881
-13.788440
13.285192
11.581482
1.366485
-16.861193
10.777726
-7.355127
-16.571634
-2.927695
-12.654374
4.833278
-1.644552
4.099254
-3.997549
-2.709247
13.069448
23.006969
20.065304
-2.970645
14.708162
12.126201
15.518950
-10.894206
-1.969611
-10.155171
5.296189
-6.318547
-3.300394
9.417095
1.288875
31.373718
12.923067
-12.161631
5.447686
2.733248
-6.459536
-1.441363
-1.021384
19.718399
-0.915014
-6.277005
-16.961187
9.569725
10.245141
-7.653199
17.244839
-16.448338
9.450981
-2.409611
9.893379
-6.353411
-11.117927
7.250648
5.162361
13.275549
17.118420
5.903004
-14.057535
-2.282403
-9.795155
-9.216455
22.942572
9.856668
-1.086734
11.419086
-5.788384
-8.549786
-12.856402
-5.963192
-2.550835
-16.069788
-10.512435
4.248475
11.484743
-15.224001
11.077219
-20.321234
-12.043502
-1.448569
2.790696
0.838126
9.191840
-6.100368
6.050878
-6.170795
0.559263
-11.249286
-6.256954
-10.886958
10.995460
10.842594
5.579443
16.386555
11.048612
24.875269
15.549872
1.131678
1.120071
-12.818302
0.227210
3.901130
-18.074394
-7.389324
-5.512825
-0.330475
16.796499
-11.873774
1.966641
3.138291
16.531488
-10.729721
3.772817
10.341017
-12.705642
-9.826640
8.984502
4.586891
-4.168276
-18.271904
-10.292599
8.623605
5.618563
13.727060
-25.755356
10.801653
3.565017
-6.502176
13.651872
6.511348
-11.458258
5.484643
-6.375409
19.040478
-5.762727
17.492922
-1.353759
-16.363430
-10.186673
-15.054366
-13.798512
2.592962
12.207645
13.629668
13.614141
13.162526
-19.134109
-17.779293
-16.141165
-19.802343
-11.024752
-12.644444
-9.987161
-12.679095
13.885200
-14.950434
15.890701
-15.645898
19.822784
22.091442
15.963844
4.548516
-4.485044
-19.473631
-16.071095
-19.441364
14.262832
-4.304043
4.173486
7.150358
11.174367
5.983997
-0.750877
-15.042295
16.224350
15.938936
20.057732
-13.179358
-11.079413
-3.699655
-5.470129
3.266644
3.203274
-17.433378
16.928289
-21.779211
-19.294783
13.085545
-22.298981
-6.159116
19.212749
9.585254
0.149892
-7.660455
-4.865731
-14.917469
6.507161
-3.682700
-3.243070
19.878735
5.251017
-10.969717
2.783762
3.513912
-18.778614
11.476764
-1.506710
-1.227028
-10.118741
-16.367903
0.430932
-2.382084
10.325295
9.525953
2.911909
15.003867
-21.978151
2.311773
-16.129101
8.947970
-9.100637
1.261970
-24.333866
16.450241
11.330796
2.319731
13.425273
-16.338375
-3.503476
18.183443
-16.313148
-16.058044
10.388851
14.525147
4.799316
-10.628846
-13.940283
-1.562489
-1.637579
9.595415
20.744719
13.934925
7.347245
-35.730061
-0.453397
19.652956
-21.374468
-8.072276
-19.008577
-26.381783
-0.485173
-12.416628
12.268543
-1.448891
7.448126
-7.785874
-15.851970
-4.756596
3.442493
-0.130653
-7.203771
1.923407
-3.375556
18.632681
-1.169481
-18.201544
-4.238673
5.647244
12.787917
-7.282787
-11.077403
15.932002
14.114765
3.783741
1.133073
-7.538713
14.053185
-11.248135
2.447639
-6.343833
4.156247
17.612167
16.887903
-5.507432
10.499896
9.935844
17.158646
-24.808058
-5.003968
12.801230
-13.522079
21.855679
3.116738
6.822386
5.594398
-0.467691
3.091400
-3.707443
-2.687270
-24.606016
-14.876204
10.562832
-3.016192
-0.641376
17.812180
16.886717
14.449783
15.473030
-0.507408
-5.149138
12.369462
15.966472
-0.103085
28.645643
-10.541904
-10.885183
-28.590088
15.365294
2.214639
-10.484316
-1.850252
-10.349103
10.772928
17.878628
-3.943365
-14.845861
-2.015384
-10.764617
14.780578
1.862853
4.301888
7.551699
14.653483
18.537704
-2.001000
-14.994866
16.696972
18.825068
3.322589
17.470230
-12.654562
23.783627
-5.523286
-1.623196
-3.565190
5.132051
-4.974962
9.488022
-3.410975
4.075281
-0.273313
9.964938
7.197912
-0.157003
-5.706479
15.235131
-6.022467
-9.521800
-17.409315
12.721131
5.243116
1.955525
-5.691665
-17.929636
7.021441
-12.672128
16.414761
-15.405712
-10.789058
-18.828632
-6.581300
-15.593469
3.153384
9.976755
-6.917904
-13.031784
-21.462868
28.345093
-5.197526
5.771718
-3.403730
-11.025904
-5.942689
-9.324511
5.023449
-8.894220
-10.427320
-26.245062
15.276054
-2.832645
-9.664743
-14.494974
17.689758
17.264086
15.110224
-8.720893
-2.742976
-15.265661
-4.149130
-9.909444
2.297108
-27.156805
18.470730
8.672401
4.650426
8.999590
-20.858051
-5.595685
13.547042
-12.426431
-13.496927
5.801443
18.737932
13.614991
14.838684
4.149271
10.353266
-8.213628
-5.248081
-24.016205
9.065124
6.449503
-15.061058
12.168191
8.021189
6.201250
-7.789736
6.983188
-3.098684
8.222330
2.028376
-3.802074
-8.579140
9.592908
14.104082
20.246893
4.689007
-19.194729
4.140082
-10.096164
-24.484787
-5.600922
-17.760372
25.155321
2.191680
0.962276
21.033339
-0.741060
17.322704
18.333046
3.212546
-16.059967
-1.153853
14.077221
-14.234289
-0.975411
5.580806
-18.401800
-9.614889
13.743176
-6.678555
-2.285110
3.910275
12.938730
17.878012
-12.694956
-15.014207
-5.239005
15.752233
-20.517521
3.950984
-2.133706
21.845442
-21.501343
1.192337
14.135205
-1.761523
-2.940210
21.900301
-15.080349
14.744340
-8.550123
8.357267
-21.134548
-15.245467
-23.243959
-8.643043
-14.875422
8.705370
9.170376
-4.101919
15.101712
10.827280
-15.559653
-14.779099
-0.594403
19.987633
-2.765061
22.120018
3.643549
-1.670735
24.757689
-23.414867
-11.770279
3.187343
-15.143479
7.002561
-1.225943
27.893045
12.059008
13.919982
6.477141
6.507006
-5.879994
-15.608138
2.571935
-15.304401
-17.889950
-4.054821
-7.602508
-9.894354
1.651981
-10.412675
-16.290512
-11.754900
7.930775
-8.967245
-12.129972
-6.937289
20.792458
-18.996006
-7.916007
-9.943032
12.791629
0.515983
-6.436345
3.434004
-21.183655
-1.828510
-6.300749
15.269743
-10.477366
1.284334
2.976397
0.842178
14.331631
-7.801222
-13.692575
0.652188
-4.582393
2.798341
3.245966
5.548676
-3.804365
-14.186328
11.017364
-11.542252
1.083231
-10.475183
3.766676
13.869105
8.485235
-20.768017
-18.926012
-0.398380
22.592686
-7.182455
17.445610
-21.869007
-5.782428
-2.318523
22.741791
2.078920
-12.370349
3.459914
8.271173
14.089059
17.890230
13.444822
11.695352
10.091336
-17.730858
1.730502
-5.755342
-14.109339
4.481679
20.632275
-9.826237
-5.808116
19.410769
12.608683
-1.916820
11.105987
-26.874605
-3.622980
-11.793851
9.009767
11.235530
14.305494
-11.634013
-15.604505
-19.716240
11.182281
-11.910856
19.208767
-13.785047
9.805964
24.488632
-15.227686
-17.376114
-7.183368
8.005445
15.828243
-2.908038
-17.577276
21.814472
-3.081829
6.709815
15.399341
-22.515368
3.772953
3.318720
-15.987855
-17.837925
-7.841475
-14.819077
-2.512253
20.387157
-10.899810
-26.695677
6.684250
12.308397
-5.884684
16.422935
-16.865116
-23.187708
-20.038980
-15.306114
19.915279
-5.894619
-15.065215
2.577946
-9.696651
-16.678219
9.155437
-2.062262
7.066441
2.032705
-7.507532
2.756750
-15.705631
-9.286366
-11.263127
17.142935
11.577520
-14.933647
14.902544
-4.996873
3.996346
-14.752274
7.365442
-5.256169
-3.142949
-5.442397
-15.731080
8.548752
-8.108457
-15.088233
-6.077873
-1.082215
12.415697
-0.089490
6.458452
16.592552
8.988097
20.311134
1.269957
11.320014
19.403454
6.232255
-5.566380
11.899206
-7.378680
22.206444
-1.365853
1.304081
13.235236
9.253573
18.322395
7.838348
-17.878397
7.548508
-11.397820
-27.327841
-1.626936
-1.168060
12.803452
16.891785
-6.660960
17.288225
30.431335
-11.185550
-1.826861
13.413194
14.573313
-5.301318
-12.078934
-6.331176
9.499245
-15.651506
-13.882495
3.823639
-1.740985
-4.228784
-11.275602
-2.123917
7.263718
2.877582
-6.554143
-12.593463
16.551607
9.045836
-11.513977
-18.062777
0.007604
-1.591993
-10.223147
9.201290
-8.844617
-7.534783
5.487537
-3.485141
-8.470469
-12.024981
-24.752504
6.919378
-12.774597
2.306482
14.594756
-18.774237
14.891416
6.096631
-0.613270
-19.931253
-2.051876
0.471688
0.779941
-10.146959
2.934659
14.701905
11.684814
15.355745
1.600735
-13.505209
-7.957666
-4.657197
7.052831
-23.067574
-5.380532
12.764491
-9.601496
17.875841
-2.613286
4.673717
18.341963
11.480801
16.195105
-1.261153
-14.010233
18.425665
3.616369
2.433013
-17.971144
-15.171007
4.773395
1.549735
14.716940
-14.557917
15.574415
-1.720964
4.273283
15.338360
-6.628815
11.405203
-2.325792
15.125794
3.539896
-1.044980
-7.354796
9.450192
-19.337576
7.793364
1.256881
1.959025
16.977203
-17.097311
8.782810
-0.660203
0.828075
26.468666
-15.296337
14.989291
14.891204
-12.973114
-13.821767
-13.722255
7.441996
-0.218644
3.705868
-13.057076
0.653640
15.968292
-4.751448
10.189891
-6.232877
1.151570
-17.811718
-16.473589
13.856896
-14.564535
4.897179
9.255753
-1.188980
-17.976038
1.571947
-20.138210
9.840858
4.435979
7.975020
17.037794
5.466159
6.813339
6.780811
7.123389
-0.809776
16.441730
-6.748736
-15.167528
-12.392723
-5.678331
-13.400126
-0.207958
13.300396
13.480346
0.559630
-19.176756
-2.062576
-3.785763
11.470125
-2.263449
0.514225
2.036149
16.790716
-4.275080
-9.133487
13.865591
8.756609
-20.730484
6.173359
-5.817031
-17.252169
8.113526
-8.328350
6.180615
11.031792
-5.580706
-0.789290
-13.571531
15.172868
-10.414881
9.834791
15.908792
1.862605
3.778899
-15.223505
19.389414
-0.406900
-6.140584
14.474009
-5.727523
8.859801
4.957451
-18.270222
5.312998
-10.219777
11.899737
-18.920609
-3.317187
-21.253130
16.639986
7.104067
4.159800
1.151765
13.769160
-22.867186
-11.286115
5.160783
-1.098229
11.996863
-16.695271
1.147160
16.807341
9.914485
-14.963980
13.723527
-1.449772
-13.971752
-6.086350
-15.456861
-21.417795
-5.961669
2.291140
-19.091841
-13.903484
4.882381
18.280306
18.007137
-16.094555
-2.939431
-12.284137
-3.183146
-6.939777
-15.231290
5.320645
-15.737243
11.669410
-15.229331
-25.922401
2.271409
-5.391375
0.059600
6.467293
-16.018396
10.148481
-1.053023
14.452847
5.071165
-13.755627
4.660275
-9.717555
-11.220414
-12.688060
9.274501
-13.022577
4.173037
4.906193
-0.007311
4.129311
-7.475907
7.334110
20.159340
-16.528366
18.288797
-9.234431
7.802748
-19.818649
-13.743084
-18.665865
23.427910
0.241905
-10.377009
10.650239
15.629106
-16.186911
6.650022
14.186429
3.227046
12.137114
-11.245402
9.378802
2.694432
14.896347
1.860381
18.480991
-3.115712
-6.413712
-18.189623
11.627756
-13.206852
-10.882579
-2.588794
4.360286
6.132585
-2.841091
14.164069
14.019782
-3.187732
9.575658
-8.630689
-12.043815
-23.272034
-32.450481
-2.402630
-3.507551
5.246303
-17.295822
0.850594
11.451500
5.048797
-22.575958
-8.407571
9.335491
16.943947
-5.895717
-10.093998
6.044654
-2.115708
-17.840006
-4.222920
-4.610419
14.156283
-21.775936
-5.637770
-26.731413
-3.638255
18.790155
-12.010387
-6.103496
-13.014844
-23.166332
2.321186
12.207259
-17.082029
1.324912
-13.570312
14.106750
-5.282320
4.843528
6.083186
2.058368
2.151956
-6.150059
-2.623683
-11.062372
-8.474968
-2.127629
7.572374
-7.740092
11.800045
6.191113
-14.360566
14.180155
18.204899
-13.446462
14.202453
-2.501767
15.813294
4.018953
16.867281
4.931066
-2.977492
-8.581166
-11.175865
7.025206
-1.520429
-17.387024
-4.992401
-8.690897
-6.234925
-5.016233
-0.869636
-6.808158
15.921732
10.865089
-6.791794
-1.660699
5.954365
-0.044659
-2.725140
13.779812
-4.248761
15.241641
9.812086
7.123970
-18.899744
-0.526519
1.340234
-7.517620
11.467152
13.302883
15.307097
5.043753
2.355342
-1.160173
-8.835600
2.912182
-18.978544
-0.515647
3.348410
-3.300991
1.548146
17.996523
3.495270
16.554237
2.578435
-16.138235
-14.286187
7.241245
6.790542
-16.950312
-1.942338
16.141973
8.091992
-9.598327
10.231587
9.812644
-3.755352
-18.813425
-0.238385
12.049582
7.781264
-4.272388
-2.318784
-5.625242
-6.370591
-0.036313
-12.644145
-3.907400
17.431131
20.000843
11.103130
6.684220
-13.768859
6.436544
14.698853
-13.108506
7.258098
-21.881548
1.144588
-4.350157
4.606058
-14.353758
11.140027
9.981151
19.246466
-10.905826
-12.784813
-9.987834
-0.645188
29.161539
-0.972972
-23.783422
-15.739589
31.110413
-18.340874
-28.591576
-11.298828
-14.927135
22.016066
-15.687268
-7.028153
9.678546
-12.388418
0.934964
10.085807
1.507333
-9.789248
7.233541
-8.340977
7.344118
-2.073118
14.195556
-7.197584
-0.996297
0.377553
3.623556
6.378233
15.866488
11.158512
-12.597625
17.058128
2.578483
-1.649902
14.297643
-2.744123
5.465524
7.534302
5.930442
8.042535
1.905118
-15.412202
0.660519
-4.667576
-22.642248
-10.325148
10.998577
-5.842898
10.723013
-5.068409
14.167945
-19.119028
-14.831452
0.578551
13.823371
15.987416
1.407902
-9.269977
3.312909
14.489504
-8.242011
-19.166397
-3.177706
-6.054399
-9.913762
-7.231803
-19.722605
15.988098
-5.472300
-5.984581
-7.183574
14.220514
-18.393021
-17.872824
-16.989895
16.897190
2.063560
12.639597
0.940139
-9.372969
-15.518574
9.032087
13.305314
-0.583255
0.370548
-5.168432
12.931192
0.584582
13.826528
2.602869
-5.220943
-1.072285
-1.274398
11.943744
-8.654365
16.735723
11.816161
6.920413
14.660421
-13.679726
-4.556831
18.032747
-1.406818
-14.916731
-14.193518
2.886024
1.231493
7.525094
-24.952221
-6.789989
13.299047
5.301682
-13.998484
-6.765215
13.778061
7.904469
13.911115
-5.128621
-12.665201
-3.381467
-21.891300
-4.654432
11.652589
-11.257805
11.187512
-16.984121
4.895234
10.062694
6.689858
10.292116
25.315296
-20.224140
-11.628545
20.418917
14.734573
2.980478
-25.367792
-6.267589
11.376321
12.893981
-11.230624
-1.740670
-11.024459
-1.841552
-24.751940
5.473798
-6.629272
2.012706
-12.564281
-15.421060
15.083607
-12.573190
-13.385159
-12.124630
-10.702845
8.072354
-6.798385
15.102748
10.267920
-11.732829
-18.184658
-11.387660
-16.733828
-5.062671
-2.635557
9.728695
17.915016
2.361095
-5.815443
-14.214451
-3.727998
-6.580924
24.110893
-0.781083
3.709608
12.990589
-5.091186
11.980575
10.675487
4.557284
7.085897
-5.211217
-9.814986
17.433886
-4.493878
11.455981
-11.116529
-19.693525
-11.572051
-20.811617
8.204025
-8.838037
-12.656676
-9.802114
-10.037254
-23.407352
-6.835775
6.385844
2.143553
16.711334
22.884995
-24.883169
14.124227
-13.279896
12.382403
-1.421931
-13.799026
13.886794
-14.865569
10.896774
9.653977
-13.749816
-6.892142
-14.734062
-10.409126
-8.513720
-0.875449
-12.229053
-12.729400
1.543244
4.126718
4.589654
-2.133844
16.396755
3.358698
-14.261036
12.426267
20.722422
4.301874
-14.035805
-12.918454
-5.919802
0.989094
6.565004
7.379589
23.058607
-0.056011
-14.021731
17.300598
4.370375
19.656036
2.755522
-2.413424
0.458753
-15.096170
8.937590
7.687524
-7.843370
-1.512414
-13.384842
7.876951
10.730167
4.417569
4.035631
10.933101
11.277505
-14.714733
-2.260417
-6.880075
-9.512384
22.927052
-20.885250
11.648110
-15.758089
3.840670
-24.237410
-11.852331
21.821545
-9.453544
5.974177
-4.734213
-10.203920
-6.539791
-4.687642
-1.819649
10.772331
17.132332
-0.862845
-7.241911
-14.687423
-14.751840
1.514441
14.452368
11.165995
-16.429712
-0.205587
-10.782236
-1.571927
-1.942005
-13.340393
-11.143299
20.159170
12.270578
-13.178334
-20.692146
-4.325644
-2.733983
-8.453943
-14.907037
-13.926634
24.806311
-16.181145
-4.379210
-1.171851
0.976407
-6.420554
-17.579031
13.451887
10.752521
-7.784422
-12.284569
15.898751
17.832800
-10.003045
-14.561803
8.177318
4.407078
-3.197688
20.797308
3.929978
13.342401
-0.956862
-1.587565
10.466083
-15.095837
14.460518
-25.198597
-7.077352
11.706923
18.897783
-8.463114
7.627285
5.267929
15.017545
15.248615
11.635517
-26.571018
-15.723023
13.941587
13.766240
-8.488692
-8.473845
-1.723510
-0.582630
-5.239857
7.064927
16.044891
-12.908789
11.979971
-17.642033
22.701593
-3.817858
9.600207
0.369084
-3.262862
-22.377144
13.520199
16.193539
-5.701061
-7.085296
8.804324
5.224823
-4.156574
0.831194
-13.319425
-7.972282
12.253725
9.045853
7.049904
10.479095
-10.297979
-17.976532
-13.754510
-7.209679
-11.003659
14.996424
-17.043772
0.413289
7.296270
14.243688
-6.862159
-1.895626
-1.173665
-19.258434
29.701265
12.457024
-21.314383
-17.261589
11.897713
-12.487298
23.136581
-16.744926
18.256958
14.549503
-5.132058
1.641607
-7.239736
-11.086978
9.376534
12.488060
-25.182497
-5.949516
-17.307476
-7.846704
-12.325528
-3.708115
-13.327442
17.183414
-7.236311
-8.638053
16.337502
13.200241
-13.206116
-14.950263
11.689054
6.383620
2.927783
-17.570000
21.082991
2.953595
-5.967584
-1.332113
-4.963252
9.641764
-17.452803
-2.126871
-12.478236
20.869516
-23.281679
-3.210366
12.284331
6.643646
2.318724
-0.757017
14.124254
4.178897
-3.959423
0.107007
10.926301
0.243947
21.277384
-5.612187
14.095572
-16.292059
-9.671456
-13.738122
-11.930714
14.026277
4.197185
-3.722465
-11.904467
-0.445999
26.454948
-3.453453
-22.747063
2.959762
-5.428599
-1.348247
7.683473
-1.714991
1.725621
-6.820903
-2.618274
-1.397635
-16.372723
12.246708
8.336389
4.986588
-11.418278
-12.828735
8.363697
7.600871
2.675888
-1.285296
-14.825752
-7.455678
2.934099
-17.646561
-0.339920
-7.739347
15.272109
-16.770258
-21.045828
-10.665105
-6.235703
-13.713359
-23.408825
11.502341
-6.914852
-9.854585
-15.460687
-14.286716
32.429131
-2.378993
-15.547038
-2.629936
-12.569334
-4.092721
11.463302
-16.336252
-14.917203
6.891178
9.478168
0.479336
16.604877
10.830169
-4.556153
0.703177
9.937224
-19.864578
17.231733
-19.449045
-11.006519
-4.484562
-15.408630
22.049639
17.595966
15.065836
15.654158
8.126193
21.067301
-22.597864
-15.134761
9.380980
-3.743591
4.623790
17.471819
5.148831
-21.914024
6.030628
0.658465
2.064146
10.833434
11.798269
-12.853912
13.053181
8.243172
-9.329345
-14.208454
10.735390
-6.574109
-2.265625
10.039727
18.756750
-17.539480
-10.365827
-23.250843
-14.066252
7.733020
-4.112157
-1.983702
6.600105
1.276461
-0.979733
6.721457
22.858009
2.740862
-14.825449
19.203369
6.423838
-22.799717
14.054651
-4.797863
-8.393874
-20.152906
-12.020918
-2.413732
16.756344
16.069004
14.601524
8.378473
-5.447381
19.177084
10.770085
2.281221
-19.847553
1.132063
7.102256
-0.413279
1.191106
1.996165
-1.064408
25.991266
9.823885
-17.020269
7.490000
16.998959
10.756705
5.882900
-6.273427
-4.282224
-9.031096
-18.714338
8.858542
-15.869090
-2.041114
-20.605764
-7.466147
16.294353
-18.057079
15.355784
10.940750
-5.906184
-10.105954
15.739014
-14.462302
-9.655121
7.861760
19.652607
18.546896
17.755568
4.642725
-0.904410
1.565352
0.999148
-5.990651
13.464235
19.844118
4.895872
18.049448
-21.374638
10.238923
-2.143736
4.533666
21.045197
4.093462
12.965816
-16.464037
22.184612
4.167366
-6.810936
-12.084236
-19.463310
-11.098198
-6.889451
-15.475995
-12.901180
5.795982
10.408793
14.212020
18.847000
-11.234582
-20.252375
-21.670105
-23.518419
17.744848
23.808308
-15.471568
12.185021
-21.383928
-16.310629
14.099653
-7.071488
0.598758
-11.312681
11.053324
-17.069439
1.544465
-2.541641
8.397003
7.894732
-0.369886
-12.636131
10.289993
-2.600109
-9.947812
-18.208990
7.206621
5.785633
-17.690706
-24.532934
-7.482552
14.273324
-9.825950
2.973059
-19.950861
3.783033
-3.322575
-2.808344
12.314038
14.099120
-2.386515
-7.525530
5.893887
-6.217704
0.297929
-16.109728
-12.207763
-24.031317
-10.905292
-12.828012
-8.311616
20.181341
8.109591
15.045219
3.663580
-16.880621
-2.250018
-14.366245
6.143122
12.693937
10.467832
-16.027790
11.272323
-11.526834
9.725239
2.391735
0.888732
-2.556972
8.771323
6.748409
16.546410
13.452709
4.641260
0.982081
4.288071
10.634863
-9.372314
-0.940839
-8.952150
21.892868
-15.395482
5.101246
3.587490
-15.721511
7.238000
-10.896737
12.985572
-1.815875
-10.975773
6.622573
4.829920
0.229535
3.749233
3.314247
-11.632877
-3.845119
3.460552
11.301842
-17.407265
-4.309809
14.539582
9.732925
6.908079
4.658725
-14.590400
-14.512627
-21.878962
-8.325066
0.119985
10.503408
6.917161
-3.406879
14.154778
-9.765635
-1.181054
-4.673613
-5.656918
4.740227
-16.152380
-7.714491
-3.693021
1.553843
-6.922105
-13.872002
-20.905849
14.435306
16.758644
28.452698
-5.391674
-1.569137
11.052049
18.225281
-11.079662
5.733694
-0.659187
-18.662716
22.595034
-4.974698
-23.287067
9.846822
-17.875315
17.929705
3.339537
12.187183
-1.002749
-16.850378
-6.875015
7.006317
8.635373
-3.981541
-0.001078
-0.464304
-9.491049
-5.641827
-2.102146
-13.029164
-18.389114
-26.570566
20.079889
18.733795
16.451632
-18.367584
16.298050
0.604801
11.735791
7.761132
3.023474
6.757674
-5.523103
3.326181
-14.009809
-24.604736
-16.333654
6.630816
-0.510409
21.720789
13.856261
-3.873142
12.400721
18.696339
-2.439785
-5.541903
8.063928
-24.471052
11.491919
6.721698
-11.307615
1.570394
20.770441
12.920857
11.783664
17.605070
11.587583
7.066898
-13.712469
4.845326
-6.739597
-22.614502
-13.067533
26.715895
-24.901346
9.251232
3.054386
6.221160
-5.134445
-2.126107
7.993614
-16.485332
-0.219726
6.420303
8.868500
-2.363919
-3.715842
6.277529
-7.405934
0.700241
13.332774
21.156084
9.978648
2.803484
-16.600691
2.759140
-14.974013
18.890408
16.171204
-13.905185
4.692609
7.017496
-2.427183
14.507757
-3.659245
-12.324721
1.107067
0.013354
-17.046713
-1.650708
-14.852900
-8.817677
-1.667947
16.924967
12.022884
-17.385136
-0.977322
-20.760277
4.059930
-4.867644
-10.676680
-24.280449
-8.278127
-16.753798
-0.860432
6.400862
1.648391
2.386297
-12.769543
24.006144
9.810881
-6.714138
11.252616
2.433017
22.618195
-20.691343
-17.924362
-6.585295
-7.993758
-8.070807
3.524536
1.404766
-8.903803
2.778476
11.966593
21.243105
13.349740
-5.409957
9.093162
-6.184794
-17.753143
3.592499
-3.177317
8.299813
-17.088600
-9.737453
10.103756
16.592930
-15.083701
15.824465
17.407803
-9.246748
-16.865990
-17.604631
6.103423
-5.303348
-10.620981
-17.275507
2.155805
14.293637
-1.451930
16.469433
13.655760
-11.641466
-11.669414
-12.990705
7.286350
20.957420
-1.125333
-0.272338
-7.883866
3.058470
-2.574585
-3.766741
-5.562399
-11.282482
5.662353
-0.134398
-7.016026
-6.546220
-3.137299
-0.444656
11.807383
28.458725
-12.907145
-18.804262
17.090517
11.095999
11.011435
-11.953712
14.001939
4.769833
-23.413092
-10.482311
-19.605661
-9.789782
9.177414
-5.382992
15.134838
6.520188
-1.265847
-15.107812
-1.565019
9.978530
9.620593
8.525396
-8.553019
8.887540
14.869102
4.864044
-7.683380
-15.059654
-3.730752
-8.886909
-12.124170
7.072047
-13.738806
14.392561
11.370748
12.185347
15.649626
-6.149553
-10.913855
-5.283454
-13.677406
8.529716
-8.000687
-28.527325
1.462268
-9.565181
-12.324198
10.463284
-5.924722
-17.214596
-13.277028
-6.113703
2.567758
3.221538
16.664909
24.039070
14.749517
-0.268623
13.762928
-5.946809
-14.217978
11.294090
4.152714
8.638390
-8.548675
-25.674639
-0.625761
-20.693050
18.534950
-26.249119
14.573091
-20.870045
-6.357007
10.626876
-2.432437
3.801114
8.643980
0.502672
-12.665478
13.276654
16.148321
13.563146
-14.648710
-8.965900
3.560217
-3.359891
6.697425
-4.709723
8.658203
-17.684271
-1.332607
2.398575
-4.067462
11.587039
10.070643
16.702135
-17.209557
-2.770373
-17.762962
-13.684701
-4.969411
12.278151
-3.670404
-11.908644
18.207663
-4.526699
4.856840
-14.383291
4.145859
4.202084
7.664645
-20.473061
-14.542167
-19.578726
10.015679
2.015273
-10.465215
4.994165
8.673283
21.609663
-12.190685
12.271705
-18.247324
10.453395
5.136986
15.036560
11.724481
28.330969
-0.567960
-20.087048
5.316247
23.168123
-20.700790
13.001374
2.525826
-6.364187
17.455236
2.825719
6.525265
11.656633
-14.056784
-15.230721
0.958743
-3.179693
-4.236562
-7.186286
11.303454
-15.798385
-3.244607
-11.162688
-17.893181
-12.755375
-2.832596
17.097559
0.208484
2.470552
-0.822845
11.566497
-5.589085
21.148867
13.662319
7.538948
-2.944578
8.314949
13.783185
0.817085
8.425623
11.101527
-17.963432
-9.560555
-8.824236
11.190346
0.449376
-17.345095
6.542765
18.399908
5.849358
-20.973099
11.068371
23.339153
8.386548
-4.811356
16.521589
-14.932350
6.458969
5.225426
9.631970
-0.582779
6.285859
8.327284
5.499426
17.734940
-2.831090
3.535040
8.432727
9.881258
-1.233732
0.037526
-10.648180
27.118488
1.584443
-1.618966
6.556026
11.463248
-15.695974
-2.787741
8.369371
24.834717
15.904093
-1.147355
14.751149
-3.163030
1.462827
-3.490340
-10.957173
0.920651
-2.532849
-6.928265
-2.129686
-7.767534
-5.847884
-0.346860
8.671636
4.731914
8.130016
20.997671
-2.901181
12.443450
-10.605338
15.524970
3.705857
-12.626264
-5.720380
-8.255563
-14.305715
-17.304903
-8.034391
-4.901288
8.240863
0.410803
-3.389334
-20.300650
5.241647
18.490942
6.560342
-10.052902
-2.664958
15.060743
12.716945
-1.668643
7.502768
7.182896
7.171819
-6.722779
-16.539684
23.419643
0.947085
-16.283195
22.478811
-6.536719
12.839803
-10.746382
16.822563
16.173433
-26.966986
8.496859
-19.617346
-7.116314
0.055956
8.808982
-2.961607
21.066471
16.645197
-1.129462
12.343433
-3.796528
2.601797
14.198340
13.585415
-1.966379
10.290057
3.146571
-5.509735
14.044210
11.417600
7.970275
7.573442
18.110697
1.162963
-11.635551
-16.790295
3.392604
2.366243
10.947084
1.226532
-10.815949
-10.940216
-15.028628
-17.077168
23.364141
-10.597838
-13.986124
10.180203
10.691309
6.554934
-1.192446
14.227377
-24.667959
-3.792263
-1.493561
-4.136827
-8.628717
-2.983716
0.811248
-16.767408
-15.776222
19.931942
-14.378372
-8.939583
15.887244
-6.315543
-7.982553
1.229340
-27.488182
-3.940113
27.430258
-9.408409
2.645047
35.254387
-8.077677
-12.829402
7.984887
7.069022
-0.966995
10.817997
13.796206
6.470350
1.659817
-6.247915
8.397962
1.891853
-6.783885
-13.289475
-11.098751
7.794490
2.487638
-8.954473
14.208207
11.210329
23.564533
17.468748
6.343041
-14.211327
4.020840
-27.968565
13.349895
-15.934551
10.418377
12.766173
10.876502
4.798972
-9.889464
-0.511203
26.730152
-2.137795
-15.513486
-11.717169
-14.455027
-0.498354
-19.418747
3.559029
-21.962309
-10.735591
11.351771
2.906999
7.539445
-13.526345
-0.093733
-2.159800
18.428837
-0.333552
1.061714
-12.975027
-2.973570
-9.001027
2.847917
15.418067
-27.844481
-7.448710
24.792776
-6.339396
25.051945
5.691918
-9.409798
15.303047
7.590280
-6.013989
0.290181
-5.994101
10.862421
-13.881571
-17.226238
-14.421752
-15.028709
14.993958
6.033012
-7.173515
-13.806069
6.452904
-13.209778
12.017331
-2.014293
13.838512
-15.508529
-0.023506
-17.617382
-5.398829
9.208611
-20.320370
-2.451535
14.205902
-6.860350
10.051815
7.242034
-17.521133
-2.964385
1.884657
-23.512543
-11.843109
-20.474279
12.765866
-23.683207
-4.147898
-8.164715
-1.078175
-17.227922
9.475351
-12.346205
9.202757
-8.350383
5.557214
5.265646
-17.107307
-15.087648
14.168702
5.933428
-13.325507
-18.208202
0.927466
-8.934263
6.115876
7.027936
0.397320
3.290093
-8.376809
-22.519197
-1.063327
2.019717
-4.023360
-5.674187
5.942188
-14.033456
11.349490
-0.152742
-4.778068
-3.268537
2.743303
-5.631537
-13.497643
14.152249
-16.014553
-4.626847
17.412882
13.632368
-0.284856
-3.081568
14.069839
-23.605555
-7.212843
9.682467
-14.406087
14.464222
-20.291134
-3.709834
-12.880644
6.417836
-15.662358
4.489255
-12.597529
-16.778921
12.420379
-4.197412
-13.212974
-16.190327
9.729168
-12.105305
-5.036062
12.224442
1.690305
6.275102
-6.336227
11.495220
-14.089151
1.054031
11.582471
-1.862083
3.349535
4.736835
-3.813548
6.150638
-15.111145
-18.212801
-0.354827
1.889423
15.123443
17.447006
-8.567666
25.233515
-18.700687
-24.742426
-22.672279
-16.190861
-17.018988
4.759394
5.396202
-11.087471
-13.759633
14.261157
-7.127716
-12.596969
11.064236
16.214230
15.833296
-18.446136
-14.540399
15.649323
2.635150
9.192364
4.721625
10.744972
6.868103
-16.638847
-15.863698
10.450657
-10.834317
11.556776
-11.698840
10.715922
-3.598703
9.434349
-9.856241
-12.197226
-5.530319
-13.521362
15.288008
29.163246
-5.581434
-15.426119
-3.154985
26.260475
-7.729776
17.943907
1.223160
25.628040
10.314066
-14.465362
15.817330
21.307543
4.813527
6.709309
6.488064
14.142298
-3.016808
10.262495
-15.834148
-26.204851
-2.418555
-19.718611
-4.950819
-0.318385
-16.180828
3.205827
8.031857
1.493840
26.116503
-2.654573
-8.811272
8.356683
-2.497182
-10.715710
3.464034
-10.617012
-5.599426
-2.518588
-8.123896
-19.185085
-13.460186
-16.369390
5.363152
11.998067
4.017668
16.160667
5.500231
-3.099614
-13.679147
0.534089
1.005690
-17.574135
13.902920
23.576336
9.929268
4.761970
15.279624
-21.652899
12.852190
-8.655196
-13.606612
0.372996
-10.996117
24.362295
-0.573999
-4.169995
-2.554612
-20.488907
2.215590
1.780642
15.926363
22.226002
5.707872
10.441470
9.116619
21.472120
-5.860303
2.672541
-12.400543
7.666268
-17.423521
1.348425
-13.463847
-17.625374
8.135804
14.409896
17.898554
-22.418411
-17.634375
-10.090482
6.928447
-23.182827
-1.032383
14.787778
0.797770
7.619771
10.290704
18.094624
3.828975
27.482967
1.330949
-9.936253
10.995138
15.870884
-2.526247
7.395315
7.167122
3.549953
10.408491
20.798946
-2.437378
8.422909
6.146577
-5.018517
-15.332988
3.456319
-13.617158
-2.978688
-22.740934
0.827096
-8.163959
4.440001
-14.519044
17.861994
-19.587824
9.903487
-6.176163
5.931388
-13.555121
-14.624847
-9.400565
13.398102
7.933337
10.171888
-11.620546
7.517365
0.156668
-5.978441
-15.163029
-5.453485
5.195150
-1.583415
14.421362
7.766665
16.789305
-14.191933
0.310103
-0.433059
-6.092476
0.497825
-19.694845
11.627248
18.270506
-17.086527
-5.106972
23.911072
16.447685
-11.268685
-13.920300
-3.389014
-9.422197
-0.459139
-15.120264
-13.270659
-9.214903
4.375037
12.070214
14.504838
-1.165701
8.764441
7.592952
6.677204
-6.578358
9.944129
12.377210
-10.644087
10.139397
-20.736336
-3.088737
-8.581600
-13.991835
1.052724
2.719367
3.624376
4.809697
-16.586525
11.692910
6.859291
-0.974145
-2.539062
17.807058
-12.011641
9.294856
15.535249
-8.846461
0.372885
-16.522999
-11.195560
3.152704
-7.832888
-11.162097
1.387118
-6.382955
4.507365
13.871349
0.501956
3.421292
-3.919054
-5.826660
8.204927
0.732997
-32.083939
-4.476277
-21.361450
-18.734066
-10.195865
16.241167
4.848355
5.880513
21.844387
-1.666356
0.441600
-10.125061
4.839911
-7.925007
-6.479951
9.158238
-21.940990
-11.406679
-15.172615
11.111564
19.636007
-1.198381
6.324701
-15.986275
10.386405
-13.828452
-7.374034
12.719298
8.538219
-16.497171
-6.830647
-7.635968
11.887359
4.257344
19.205046
-10.207101
11.731082
-8.762149
-18.648878
16.110075
12.750254
-18.267601
-11.157497
-11.896791
10.808201
-0.251281
14.778621
-9.697131
6.291947
10.180846
0.657576
-12.481411
11.420688
-8.544739
-8.966336
0.384117
-12.816151
14.768849
-5.610743
-13.611791
9.580839
3.434235
-7.710999
12.382136
27.100094
9.286578
24.089468
10.340961
-14.864876
-10.212647
26.859983
2.430728
7.687845
-23.041897
17.623974
8.351337
11.772087
8.010807
17.556913
-8.106074
-20.945406
11.869218
11.132226
11.186155
-4.279328
15.501656
15.459316
11.455811
-13.230942
3.290638
22.890030
2.508070
-13.534072
11.936931
12.075481
10.369025
-5.783933
8.844670
9.351821
8.009945
-12.088876
21.313473
0.156214
15.826145
-12.049792
18.075268
11.507689
14.923005
8.788892
-6.191666
15.942410
-6.757754
-11.006423
6.550967
7.442750
10.706258
1.413602
-3.224945
1.715368
12.375968
-7.509025
7.137819
14.130538
11.257323
-3.545111
-1.764822
15.076860
15.531949
-25.001362
-7.773893
14.915694
5.014155
-20.482885
22.927679
-16.235294
-14.888158
27.955547
-14.967856
-10.192056
-6.023877
-1.679598
-5.736483
9.417786
5.011797
-18.172354
8.248062
1.285406
-14.066523
-15.956917
-15.598730
-7.611624
16.676977
-9.188413
6.775649
21.053391
7.118398
-6.259808
2.478624
-20.770115
-11.911607
3.236259
-8.413355
-0.486252
-7.864620
8.237514
15.524389
-14.062057
8.161689
-6.921791
0.096408
4.464281
11.157465
8.259428
-4.402673
-14.507192
-7.162657
19.922367
-1.628917
-17.818094
-2.201688
22.831171
-4.977808
-4.113585
6.827739
16.379229
-15.480831
14.501606
13.608654
11.552034
2.081840
-15.463020
-12.409515
17.686899
3.953591
-13.396171
2.013355
16.301693
-10.518123
-15.372925
-9.338330
15.180972
30.850817
17.180500
-15.526292
7.327229
-10.974591
-5.552087
15.359560
-9.783585
-16.544176
12.945499
-2.473230
-1.499400
7.499154
-9.247445
-10.731909
-9.580444
-19.201815
-18.220459
-2.023201
-12.358374
5.985453
16.688164
19.002140
1.956249
-11.000143
9.950846
11.250117
2.500628
2.066106
-2.558797
12.603728
3.275594
9.108798
12.281293
23.839024
-17.991232
-15.942167
5.100678
12.940528
-15.384460
10.632159
-18.622673
2.384680
1.176759
-10.477142
-12.163232
7.145576
-2.637842
-4.466483
-1.327749
-18.465014
3.323589
2.764677
12.950845
0.653766
-29.016973
11.668418
19.720781
-4.705090
8.839566
-1.283974
-27.031122
-7.875678
22.381132
1.230274
-2.839610
2.966402
-10.094954
2.164072
-16.683794
7.711885
20.849579
8.730172
17.218801
-1.312894
-16.879206
-6.861917
1.887137
-4.210385
-16.180782
9.860804
-12.090329
12.181654
16.909986
-18.765665
-20.839809
-1.899140
-12.579843
6.006963
-12.425305
19.283302
-8.033408
-13.685730
-9.365458
3.769486
10.070292
17.838017
17.386225
6.227296
5.341357
14.611634
-12.096365
1.386626
-19.904951
-16.163641
2.236751
-13.014822
-11.087700
12.139467
0.526251
4.197168
20.728889
-3.201039
-1.635107
-9.128802
1.893633
-3.103254
-7.354245
14.098522
-26.898668
-3.040916
20.911184
6.663460
27.601269
-5.519235
3.673183
9.127273
15.400042
8.439927
-3.353009
-23.977554
-4.442942
-13.327763
-17.602644
-3.148736
-9.187354
-0.519688
3.295100
0.956426
-9.326412
-1.896444
12.798747
-12.678561
-6.441083
-14.888745
6.926216
-2.834176
12.890933
-5.262212
-5.585313
-20.360394
10.297148
-13.857996
-15.241949
-3.847679
3.093421
-12.812089
-0.870219
-9.011212
13.691640
12.976577
-13.566239
-25.194771
27.045145
-1.575771
-3.592801
-11.251209
4.988496
-5.668705
-3.681510
12.708246
9.786927
-2.542819
-13.755188
-2.844816
-9.825737
-8.417013
-11.220813
8.652650
-19.255308
14.764711
-12.530203
16.098986
15.227005
-9.804856
21.411457
13.995478
5.816679
-6.987849
17.527012
-10.176355
-11.024970
30.191799
-16.911024
19.775320
-0.317385
3.797022
12.320082
-13.513046
-10.346265
6.240977
0.985392
-2.725331
0.762140
-10.124533
17.095173
5.911988
-4.390716
-17.373522
-23.439198
-1.841745
10.337225
0.446076
13.424329
-13.450660
-2.113175
4.370817
-18.635868
-19.718456
-7.807104
-14.180005
-17.555407
-13.694877
-12.987340
-20.579773
4.389467
-3.089123
-16.203796
-3.429278
-20.796125
12.576257
-17.151102
-1.868554
-8.406789
-5.960659
-0.444069
11.180752
8.024647
-14.826779
-4.821774
1.041714
-8.707695
0.511657
0.468429
-9.905809
-22.599152
-17.610563
-11.491552
7.873798
-6.682694
-15.931021
3.101556
21.500185
27.926010
5.666734
-21.746511
-12.298685
1.235136
-17.875010
6.687366
-4.497796
-3.376554
-4.045811
-9.074912
10.440942
-10.651991
3.860781
-10.048531
11.260170
6.938249
12.984126
-2.869079
-7.361984
19.795481
-9.879189
0.488665
-6.482298
-9.907518
7.073493
-3.594055
-5.765891
1.670550
15.881288
-0.081476
14.688705
-9.599039
0.521031
9.981593
-7.498551
-15.140330
3.894479
-23.188503
-11.961598
17.393366
-2.430738
-0.543144
0.188928
7.648750
1.105139
-1.893351
-9.408731
4.730079
-14.528880
-15.321261
5.110699
-10.172524
1.950868
1.445419
-6.883264
-4.455063
-9.999388
-23.343456
-9.629230
-12.035960
3.195308
-12.305539
4.342945
13.281838
-18.122169
20.788784
-12.095473
-17.612394
11.637607
-11.015023
-9.171362
-3.255421
-5.281904
-2.262489
-10.372416
-3.592093
-2.802746
0.724981
11.151574
-1.592995
17.078264
2.353790
-15.309455
-1.898854
10.885336
10.416698
-15.456061
-18.633896
9.258040
0.943749
-5.785135
-8.019157
-9.604365
-5.206529
20.785757
-20.175119
-14.103555
-2.913836
1.888412
1.423761
-18.467836
30.894791
-14.724896
-1.642610
4.483052
-8.652874
-1.285193
-3.200110
16.427181
-0.692415
13.559230
6.952485
-11.705183
17.915216
-12.470020
11.647756
-2.274095
-13.275845
-19.847336
-8.385465
-2.923542
-0.654161
-10.665401
-8.389456
-1.251665
-20.619658
-13.884227
18.690895
-16.403746
14.546647
15.818706
-14.363719
-18.871267
-7.216937
-13.054852
-15.840198
5.925056
-0.573331
2.087007
-18.933575
9.512704
1.350917
-11.171745
-11.458654
-7.054507
11.336331
6.030766
0.355672
9.346304
-16.189157
1.813006
-1.321606
-15.191001
15.439060
6.162454
-22.117323
0.667044
10.271105
-4.872252
15.535943
2.428701
-7.753808
-20.343468
-16.351601
26.108765
23.185244
-1.054479
-11.625771
13.250588
16.475321
14.056479
12.370417
-2.311907
17.498508
3.949001
7.707288
-15.617827
3.560096
11.291329
5.436069
-6.155948
16.664242
22.282690
-17.123547
-8.591322
28.193054
-11.257226
-16.935078
-7.121385
-5.028458
-10.190062
21.032364
-16.366091
-26.617813
3.595234
3.146647
-1.879720
-1.738063
-15.733039
4.477865
7.260773
-21.426302
7.278420
-2.757883
-4.316795
-9.221152
6.546327
-3.629607
6.530843
5.151729
-1.661098
1.089463
0.005389
-15.176441
16.154547
3.212650
-0.759551
4.501039
-8.663131
7.980331
11.125702
2.285431
5.986130
-0.511910
11.845735
-12.325460
-1.827838
12.456569
9.432336
-35.305748
12.964081
7.880237
0.661336
-11.636901
0.113867
-16.560545
-5.613478
19.992113
-5.077868
5.762756
6.599813
-21.796871
-12.025462
-0.087205
-4.557153
3.556916
-17.894577
6.547089
5.151875
3.287249
2.309733
16.618118
18.971249
-18.296036
-11.108864
20.764578
-10.977825
0.352929
5.884825
-10.567224
7.908163
4.635147
-11.311442
16.969276
0.557685
-8.198049
-12.261050
17.050097
-13.468847
12.326077
8.245637
10.628543
-2.777267
-1.008112
17.428022
22.277443
9.233276
3.943074
-0.105784
19.681002
-14.340538
-16.136904
14.117734
-16.339594
21.754997
13.232264
-14.028258
-5.625925
-3.088972
12.774531
9.290360
-1.381813
-15.084699
-15.070226
-8.529642
14.612324
1.557883
7.137809
-1.208766
-17.717123
14.963067
-9.747177
13.222689
3.906809
-11.295969
-20.851257
-6.547296
-13.580681
17.874842
3.177897
0.545547
-3.925005
12.360330
26.728294
3.515389
5.655056
-12.825435
1.908430
-2.400122
27.195274
-5.612970
22.572670
-13.005592
7.474516
-6.585623
-0.051789
16.109077
-20.045349
-3.677527
19.944994
-2.850888
2.707859
-9.024178
-8.091105
1.808425
-14.016541
0.360161
12.630558
-11.188233
-15.452250
-6.679980
13.124468
-4.849977
-3.569146
-6.671733
17.724449
-7.371097
-5.106790
8.434488
-13.133899
18.501610
7.303193
-15.743676
7.457622
-8.510375
-14.478219
14.452944
9.428662
-0.692086
3.528090
-8.527897
-6.567560
-5.205593
-3.287667
7.046850
-11.787824
-11.757423
2.185488
3.817451
0.503405
6.387927
-12.505383
1.517746
-18.589451
-21.834305
0.074767
2.856996
30.156479
12.161839
-27.605059
-11.464690
-28.694130
-5.793960
-29.302979
6.332202
27.185760
-24.795668
7.541326
17.268847
9.567531
-3.664876
-0.874416
-3.674262
-23.898464
7.733683
16.662180
-3.026851
17.052282
-9.391521
-16.402830
18.879057
-3.362364
-9.032001
-14.475956
13.510205
8.830826
16.226397
-23.408829
-19.738232
9.908570
-7.879306
9.294096
4.397798
-8.597728
-15.859198
-4.707498
0.615885
9.461555
-15.361390
1.871822
23.833330
-8.616576
-11.722442
-3.028611
4.631905
-6.183124
-6.891304
-19.394478
-2.736078
7.706504
12.218893
-1.024419
-15.382909
23.343897
-3.906869
14.476485
12.289645
-3.216748
-22.407076
-8.265776
5.710851
13.008573
-6.857471
-14.604657
14.288303
-14.250731
-9.468722
9.568938
-7.870912
2.037455
-24.523203
-0.879714
-5.179168
-0.458456
-5.681945
-10.216491
-4.662476
-5.409623
-15.819032
11.697174
12.524220
-1.404054
14.565841
15.934519
12.809329
10.149853
15.293516
-19.935099
-8.974453
10.852386
-3.435815
1.233641
-14.582458
-6.767263
-10.754037
6.954010
-21.729050
8.939044
10.987324
16.784197
4.066307
14.900978
5.968561
-9.606143
-3.760454
10.966566
-15.035999
-2.472745
-0.501390
-3.242007
3.722997
5.057951
-7.455822
3.381739
7.774802
-11.729825
16.761517
3.725943
14.662794
7.887299
-2.280961
-8.936046
1.464058
-7.990956
-11.539226
5.489246
3.276284
-10.639054
-3.834679
-20.288872
-10.195371
-22.856028
7.992684
5.656859
-27.834448
-11.107984
2.516772
10.640483
8.322398
-7.683793
-1.348627
-16.528564
-10.827730
17.903431
-4.882561
7.927806
10.616436
16.501062
-8.682754
3.471278
-3.307380
-12.973779
-12.108027
-14.101023
3.547563
-9.184073
-12.013269
-0.701480
2.234114
9.339654
-2.735819
11.075141
-19.042587
-1.545072
15.111421
4.146039
18.153528
5.298652
-7.875597
0.333508
-12.333745
17.061867
-2.149111
-7.338506
-15.086748
2.583596
-0.604312
-17.031101
4.136573
0.338873
12.061616
9.342808
9.278936
-8.926588
-8.745219
2.019655
14.372219
7.705148
21.059439
-5.478428
4.918488
-12.493390
20.817694
28.321396
10.376099
-13.118726
-7.830873
-12.899527
-21.801474
4.632666
-11.006741
-13.215770
3.764730
-2.135067
-10.802784
7.045047
-13.987306
0.635516
-11.042130
12.372534
-15.800182
13.702724
-7.428147
-7.151923
4.225187
14.028567
1.961185
-7.147816
-0.242725
-18.171124
-18.998653
-4.061710
10.493369
-16.060005
4.758226
-10.967944
-18.365156
-1.402976
-5.933474
-5.516596
-0.536265
-9.415730
10.913937
-15.261141
-8.400518
15.231947
-0.955862
-3.714121
13.060901
10.534231
10.030306
-13.274611
-2.573348
-7.822656
3.621012
-20.063023
5.060292
-3.560417
11.330415
-16.900614
-8.929327
4.604933
-7.369717
-27.023169
-11.124020
13.082290
-11.782399
-20.426985
21.905006
-14.596627
-14.731803
10.429056
-28.504732
-7.448432
-3.470837
-7.477359
12.257704
-11.503679
13.476879
-6.324616
-1.645670
7.095689
11.242309
-11.827641
-12.815586
-5.850122
-1.062805
11.901923
7.150959
19.005743
-1.115788
5.303406
10.784010
25.303102
15.833638
-8.458559
-11.266565
1.118382
0.880109
-11.723685
6.488332
14.726965
-3.290385
-16.454374
-6.480957
-2.950767
-1.215136
-22.744144
15.791841
-15.086903
-7.577754
20.099174
-14.251862
6.271417
-11.781737
-22.452673
-8.369565
10.065213
-2.729610
10.675982
11.586162
0.159479
-9.305935
-5.328094
12.364243
-9.258983
-0.089211
-29.876369
-0.135930
-11.857726
-6.768065
-20.082966
-2.412025
9.734200
8.903930
23.626541
26.956039
2.644459
-20.080755
-5.431318
-6.763164
17.790110
-10.509827
-17.005007
-5.596037
19.081448
3.096153
-1.257882
16.266388
-10.518546
-9.685507
0.370165
-6.583439
-20.714981
-10.933685
4.430989
0.630737
3.263360
7.872087
-8.057518
11.565138
-15.757741
9.844956
2.322687
-15.813541
8.366383
3.387904
8.891201
6.779634
-4.003465
14.397512
2.338067
-1.916998
-6.788993
12.009043
6.113696
-15.363529
1.608431
-11.955916
10.279512
2.217458
9.573406
-8.473822
8.430606
2.319767
-14.609271
8.061422
10.080704
-17.254650
6.795305
-18.467705
-19.014023
6.846981
-0.156636
6.496161
-22.613024
-13.236417
19.742100
15.165474
14.406094
-28.791389
3.320731
22.343813
12.575315
-12.653696
-1.650002
4.720541
5.771637
4.200680
-5.661739
-0.725117
15.571228
10.148572
-13.936356
-12.308218
-15.207295
-12.117516
14.360949
-10.620717
-15.510419
16.830751
-10.061234
-5.806901
-2.125252
-18.047537
-18.322969
-22.616079
10.366023
5.575794
16.518784
0.606126
-16.068125
-17.787371
14.734715
5.574466
11.415233
14.772261
17.612785
-11.775582
-6.606054
-12.099658
2.286510
9.541795
-17.682959
-0.542828
13.028957
-10.086576
10.542822
4.565834
15.147603
20.152487
6.525646
9.814077
-20.217043
-5.019057
32.006573
8.970848
-8.176182
-16.571987
-18.309586
10.625303
-16.179914
-14.140393
-28.842831
-17.329609
-2.758227
-23.374218
-6.770495
6.942564
10.120266
-6.140613
-9.657102
-2.235661
-1.710340
6.765416
-19.726816
20.255804
13.150937
5.445908
-17.243038
-13.828417
14.540178
-9.071692
4.786599
4.027356
6.509960
2.630547
4.293062
-1.820236
17.654892
7.136221
-8.239059
3.131686
-7.032938
0.172460
3.451806
16.694757
6.455717
-12.852324
4.844465
10.933288
-10.164349
2.129355
-23.783529
-5.683383
-7.814450
17.610380
9.852113
-2.456325
0.184258
17.047945
-22.934658
11.815332
12.237326
-20.355402
11.583916
-4.181200
8.058577
10.750394
-26.694538
7.563290
15.348538
-18.244883
-5.622583
20.411213
28.222849
17.238483
-8.696130
24.703012
-15.780455
-12.227579
10.422982
11.932205
-1.848827
7.436448
-6.755937
13.545510
-9.676958
10.882002
-4.423687
7.136515
13.136747
-15.457553
0.697471
-1.209705
-7.820424
5.074847
-3.698467
-13.533027
15.635964
14.412754
17.442038
4.969615
-17.282053
21.624195
4.483413
-8.263746
-1.075049
1.316447
1.160399
-18.989443
-5.783158
3.375031
2.069105
5.579985
-7.665605
4.135907
-13.504900
-1.970268
7.787489
7.270448
-8.089211
-9.524879
3.263376
17.056444
19.557163
1.603131
-4.771990
-14.418032
14.211518
-20.274675
9.958309
-13.032472
-25.992905
-7.951165
14.141747
-16.142406
-4.626742
-8.385958
16.209133
-17.867140
19.356939
-0.903435
-14.277282
14.477206
2.123528
15.087258
12.698527
9.030145
-5.169466
-15.874473
-18.061594
5.620110
-15.109228
12.153987
9.807891
-5.435298
-14.920427
-4.387455
14.921360
-4.155030
16.635981
-11.812261
-18.760269
19.254826
-9.208458
-15.680132
-9.246161
-15.368379
9.410255
7.485496
-10.283468
-7.273326
3.774189
0.773306
3.478866
9.750012
0.623664
13.061809
-17.371754
1.267686
8.959586
-5.357158
-19.212339
4.005487
7.123015
-5.517408
2.166311
14.530623
16.984194
5.029796
-6.951377
11.507437
15.766416
-3.404543
-14.245286
18.030830
0.829874
-9.257181
7.483971
13.398166
-15.476671
6.217160
15.531553
-15.578169
-1.089862
-2.226633
15.748310
21.480574
8.217059
11.626706
-10.387228
6.690554
-17.729052
10.535562
11.997041
-14.700726
20.243256
-0.211055
17.776304
-17.720402
-7.646464
-2.145867
16.764771
1.111025
11.117146
14.725925
19.602066
0.031484
4.836651
-14.175719
11.070022
-18.611088
-9.783395
6.865288
-7.284631
1.582584
14.000572
6.814394
8.202771
-11.967302
-24.503872
-5.627433
17.776592
-2.704863
13.885382
-12.727925
-9.074951
-0.552378
-10.051227
-6.850451
1.808775
2.088104
12.805011
13.197596
-6.711661
-4.241502
-4.611434
-2.809732
2.556873
-9.669618
-17.159470
-8.687587
-12.269247
1.642430
18.115978
-16.387800
-20.591564
6.300399
23.070318
27.293159
7.623273
-9.564153
11.762978
7.241317
4.428272
5.219304
-0.728935
3.146594
-11.614063
12.679671
10.121697
-6.873775
-0.057155
6.335098
10.782423
-1.081004
-9.687794
0.125493
16.266228
2.854563
-5.764133
-3.750954
6.696804
11.682139
-0.604270
-0.654314
13.194685
8.094784
1.552398
10.000793
-6.503621
4.506075
-10.490491
25.194231
-18.834457
14.509946
4.201307
-9.296638
11.275297
0.904193
11.080315
-10.680081
0.117692
-9.042354
-8.107634
-5.104862
23.628174
13.197217
8.157203
-15.860566
-7.493343
-9.416549
-18.542805
12.592024
23.134542
11.254353
25.203009
-5.071603
-0.151385
-3.394388
8.295872
-2.266623
-9.270702
20.036955
0.901206
-20.661551
0.071419
-3.480442
-1.849940
-4.753684
-26.468601
-14.180338
-12.521338
1.204850
-21.358377
-1.334391
2.563390
12.841433
16.672117
3.992248
3.839051
9.768431
-15.043767
-9.275964
-22.382782
-8.376597
1.130477
-0.924869
-16.547235
-7.262255
-4.048133
14.963752
9.243718
-4.368659
-15.371305
-5.084586
4.330155
11.089800
-27.691429
9.709105
-6.032808
10.522998
-17.981903
-10.707395
-17.720829
9.621453
17.976284
-5.655078
-11.988102
-0.320565
-13.158344
-9.678061
-13.059004
13.229486
18.759663
22.097439
9.696918
-5.848109
-18.405487
7.207784
-20.836039
-19.612089
-3.980341
19.429930
-9.460135
-16.998064
17.993658
15.236263
-14.590201
-24.140409
-7.602748
9.461295
-19.861465
10.722327
1.247628
3.800496
1.992717
15.411976
-4.064439
-14.792654
-10.376925
-11.573332
13.314422
8.113185
3.290728
1.497798
-13.086445
9.527441
-23.059244
20.169872
10.689063
-9.584861
-4.985739
-19.504219
-8.344370
8.231783
23.485081
-1.236670
-11.611507
-1.041003
-1.237014
-21.691999
15.133574
8.650480
3.233197
3.041114
12.001260
2.254937
-13.086789
16.836084
-24.212494
-3.943340
-9.248675
17.348669
-3.760068
-4.696004
-2.277837
2.733810
-6.536241
-5.741894
-12.166066
0.645479
25.078756
-8.694979
2.546072
8.866965
-21.575449
22.241945
-16.758621
16.355669
-13.740549
5.357774
-9.475391
20.756153
-9.989148
-14.817152
5.032131
10.887162
20.803041
-5.319157
-2.866654
5.262614
15.510160
-12.378286
16.006540
5.150498
8.547370
7.908667
9.074797
14.306530
-7.250374
-11.920241
18.984159
-2.278624
7.248982
-13.714880
9.910590
22.424728
11.493092
-22.546082
15.036634
3.453876
-15.608820
-6.812085
4.635196
-18.652588
-14.571283
-8.411942
-15.791317
-5.434018
-16.690165
-2.705995
0.102793
9.975415
5.670490
-5.703840
-11.509204
-15.343031
-9.980301
-7.238620
-16.525425
5.213397
6.790201
19.466736
18.913689
-18.011208
26.769588
6.668808
-23.038656
1.554172
11.276935
-9.026173
-1.798057
-14.812719
11.109762
14.249766
-4.058433
23.059557
-1.403147
5.040063
-6.559451
-9.768771
1.414936
-17.363390
-4.492592
-4.735094
-4.409255
6.472036
3.574375
-18.038040
-10.633156
-9.785720
20.143660
1.723851
-6.036973
15.708341
6.686862
-5.781251
-18.990421
-18.156864
6.140473
-2.416617
0.848380
5.834625
10.611469
-0.166605
15.040032
-19.421516
-9.923099
-4.162802
-8.809956
5.667481
6.297607
3.878867
6.078420
-15.213316
-17.824911
17.974913
1.918520
7.815912
12.369620
-15.791135
-7.837108
10.599678
1.437069
14.937234
-6.150032
13.985494
16.219906
0.980593
-18.589724
-12.423558
25.152845
-8.577215
-3.840270
10.500028
-8.089555
5.376956
15.019420
12.945426
-13.348943
-9.064861
6.508917
11.202610
-0.697039
0.385348
3.984875
-16.051907
-12.068832
7.444499
17.077507
-15.770279
-14.780593
-11.081392
1.904587
2.379307
-9.523506
-5.715218
-7.423882
-6.127236
-18.887283
3.940746
-14.903037
16.382387
16.036276
23.853239
8.284148
2.288104
3.553084
13.540244
-10.513701
7.612954
-4.941786
15.457122
-23.884789
10.766964
7.152852
12.836075
13.818900
15.361344
7.562862
16.582840
-13.581846
-9.505528
7.068403
11.240180
-13.916381
-11.651213
0.258186
-17.678535
12.866205
-3.199332
14.378743
2.515281
-28.094828
3.947184
24.869677
17.940540
-10.645389
-6.784275
-22.854910
3.064399
27.046169
-5.613606
5.893908
-9.834446
-1.902388
-17.504419
3.693327
-12.243541
-12.141271
10.161492
-6.923057
2.166235
1.595593
-11.100774
19.211216
-14.350636
-17.016121
-12.880719
19.505981
5.209702
16.055826
0.376380
-13.092819
-6.702543
3.273743
7.467437
1.897895
-17.949955
-9.609971
1.807764
-22.201376
-3.731200
-1.105913
-17.132641
-12.645782
-3.709182
30.466057
15.017351
-14.815991
-7.256628
-4.559797
6.947021
1.880542
-15.622881
-14.720870
5.270062
12.900373
-2.669735
10.748363
-7.686070
1.259045
14.260691
-17.761301
-10.756116
13.706032
-9.679633
-0.863704
-5.131447
-7.512766
-10.034825
22.215675
-21.165432
5.432490
4.405216
-11.312092
13.580934
5.741446
-13.912567
-10.735835
2.200103
6.774696
7.894284
-21.135315
11.581176
13.191845
2.657185
-1.483036
13.543747
-5.350449
-4.619674
-17.215271
-17.369101
14.377633
-0.049996
-13.246472
-14.539463
-6.324855
-0.162026
-11.478493
9.600452
20.589247
-17.298092
12.698565
-6.320920
2.134098
-10.797543
16.645666
-10.156409
0.843257
8.457698
-22.826632
1.516465
-5.771716
12.487692
-21.292772
3.385201
-16.539623
13.454551
-8.121480
0.950865
-1.503344
4.186224
8.546041
9.394211
-9.424558
12.908073
13.716819
-8.811019
-16.086735
1.640657
29.838837
-5.332265
16.147160
-19.271273
14.805310
-18.381733
9.462903
0.090332
-9.465481
8.971862
6.775702
-1.196037
4.766703
12.259859
-3.255617
9.625890
-16.696985
-6.803119
-10.884151
13.087770
15.145452
8.621858
7.498548
15.600405
-6.618422
9.406408
-18.650978
-9.571187
-2.164184
-12.485673
14.867182
17.052095
-15.834130
-17.915085
6.087188
-5.498612
2.357721
10.007475
14.161869
7.597072
-17.787859
-10.700530
14.557173
12.704268
-9.884471
-2.736203
20.613132
1.076729
-22.568516
9.253552
16.444672
-0.528005
12.223852
13.485355
-5.547652
3.451236
-21.983011
12.757829
1.094781
-5.193292
-3.441343
3.055696
17.766890
5.072066
-16.886284
-9.413321
5.782489
7.943384
-2.234220
-12.949269
-19.973993
-15.718570
-17.744541
7.587061
-9.841906
-6.706515
-9.228628
8.698506
0.472426
-3.449572
-11.254204
-5.085004
4.091077
2.120928
-13.868470
16.824005
6.078299
-0.609807
1.985405
-6.229733
21.043663
2.598438
-13.830656
-7.931001
-16.563044
-19.450535
2.670992
-1.763897
-6.025928
15.276261
-8.845304
6.005087
-14.387800
-3.468830
9.371765
1.083850
9.899043
17.465033
5.334788
10.256334
-2.366760
3.425593
6.898489
-4.177632
4.017932
-3.270111
15.563887
-5.356715
12.932712
16.950890
23.113724
1.708235
11.522429
14.086487
-3.893757
-13.811081
-12.432364
-5.688717
14.961348
-10.376070
9.119710
9.278398
-1.546007
5.141805
-17.652704
-18.609619
22.710072
11.484081
17.243820
0.123339
5.290938
-7.084496
9.851724
-14.205672
-17.716806
-15.875273
-4.894194
12.414810
-13.549898
-10.559749
-8.892631
16.593502
-10.518891
1.298508
21.531849
8.064156
-2.671485
13.493092
14.998422
2.857696
-18.608049
17.117914
15.229257
4.584485
-3.806520
12.845902
-12.736176
0.647261
-5.495098
6.228331
12.953292
-7.748732
-23.418526
9.513124
15.965120
-8.902007
19.053959
15.324021
0.793654
21.011059
11.228205
11.894292
-3.186695
12.154588
-22.476742
8.178824
9.003317
-15.262667
12.844970
-13.163816
-14.002837
-14.841110
-14.526656
3.019751
-22.868549
22.315077
-2.106813
-13.838339
-17.135832
11.088470
-15.653544
-10.724623
4.386065
3.364347
-12.654073
-6.807355
-13.403822
-2.022053
12.822558
12.847625
19.096210
9.002105
3.698469
-16.520529
16.865263
-13.584465
10.585501
7.673760
-12.818040
-11.440671
-11.599136
0.931760
1.449975
-17.411552
-18.961821
-11.628334
-3.455072
17.865929
-6.263081
-12.252797
17.218334
-16.649521
-8.339058
-8.033227
-7.330943
23.094740
8.022902
-4.012118
-8.513603
-0.352354
20.060816
9.504224
3.102918
3.227947
18.271223
4.879346
6.455043
-12.981601
-4.375192
8.602503
-9.663734
1.960423
-18.345308
17.869841
-16.694572
17.695271
-20.385111
-7.637175
-15.780547
11.130980
22.603506
-20.054754
15.514357
-6.295991
-3.689585
-8.963590
-7.331322
-24.113987
-9.240224
11.402242
7.576431
10.123315
4.088240
-2.133471
17.409880
8.739955
-19.744473
-12.551959
-2.717873
-8.273369
-15.274710
1.427922
-18.964930
0.556326
-10.755699
10.035822
-23.774244
-0.048464
-3.264547
14.681602
-0.437406
0.592992
-7.931651
10.203798
-16.970598
-2.951022
-0.629401
-12.037444
7.757347
24.254042
20.684816
14.580863
-15.460646
1.579632
-3.140764
10.700175
5.113489
7.799102
0.259149
1.916590
-9.306909
1.422440
-2.754481
4.745416
-9.881306
-0.578794
14.531727
-10.071005
1.454190
12.893765
9.457016
9.639849
13.832956
-23.076914
-15.316420
6.574736
-19.983738
-9.340184
17.357203
-16.764616
16.900984
2.220080
11.368261
3.470088
8.532705
7.369170
20.700794
-8.489841
8.130857
10.683702
18.599020
-9.355398
3.529210
0.963505
-9.630955
-3.191849
-22.035505
3.585341
-13.633517
-2.006709
-24.628208
-13.005209
-10.234186
-1.256380
9.546700
-8.816075
-7.038641
14.291368
-10.133642
2.504656
5.312855
9.870026
4.242238
10.670106
14.267952
-1.302694
-12.836679
1.598222
-21.985336
11.524879
0.539923
-8.407645
5.791594
-8.115071
2.342065
-13.178985
-1.743407
-9.933986
6.878345
19.481972
13.242648
19.281923
-17.091805
2.682837
14.959986
8.974398
23.862675
-2.963232
19.692472
4.314085
-22.099562
-14.421728
-26.473373
3.794870
7.076306
23.307821
7.259328
1.829021
-2.268260
-8.190161
22.217407
9.486789
10.970201
1.012148
4.782052
-4.199582
-10.185203
6.844389
-6.135101
-15.966354
-0.425354
-6.714542
11.287876
-2.173880
-14.765942
0.570982
0.975763
-11.061460
-11.574344
-6.914024
-11.017533
21.267303
12.468276
9.373362
0.872288
15.560473
-6.192956
-19.341740
24.529293
-0.121349
-0.666963
-13.131192
5.471910
-13.213730
3.563729
4.565630
-18.889820
-8.263522
-11.905449
16.659788
-7.920560
3.264466
-9.993459
0.862876
13.261813
12.070297
10.027688
-11.046772
12.415667
5.489670
3.263897
4.067983
-25.917645
2.675799
-5.812432
-12.287884
4.135534
6.094602
5.969160
3.074643
11.259431
-2.066024
5.034521
-1.931615
23.861557
4.372436
-5.767978
13.907789
-8.279498
5.671560
-11.722331
17.483715
6.032107
5.451028
-8.536118
-1.976541
-4.311557
2.391116
12.657861
5.320434
-4.913559
13.162663
-14.512063
11.567933
-1.915429
-7.386009
-14.444929
0.184096
-15.160029
-11.308616
3.719507
1.283997
-18.896469
-0.188884
-6.823916
4.841719
-3.385826
14.915063
15.955028
-11.288532
-17.833775
8.310456
-2.289152
16.901865
10.308272
-3.837676
-5.171878
20.898651
3.248307
-23.369339
18.870968
19.172234
-11.127141
7.938112
-21.502281
4.381573
19.182579
9.177039
-8.854604
7.838205
-24.664831
26.185114
7.118233
18.713108
-11.237761
3.669803
4.604527
-14.009295
19.824179
11.689404
18.357298
-9.883396
1.094650
-5.458196
3.643025
-14.012320
-5.654922
1.910434
-21.025496
-13.256215
8.212281
13.651001
0.963460
18.949293
10.329271
-16.846645
-18.665819
5.435097
-11.000373
9.645230
12.643107
10.492916
-10.347935
13.825259
14.964894
14.121072
15.477365
-15.420447
10.926752
-13.847412
6.964546
0.773158
4.784089
12.696616
-17.317533
-4.802209
-4.428041
14.434429
-10.914737
-9.258879
4.981639
-4.688864
-9.508247
-7.683621
18.237152
-3.264132
-28.869175
4.870965
24.274673
-21.865631
-0.624568
20.289865
3.740763
-16.659718
-8.702340
-12.847744
11.737064
-0.393638
11.871512
-0.523464
4.469774
0.329735
-3.846537
12.905502
9.013170
11.220982
17.408461
1.326105
-2.879394
15.698859
-10.015748
-0.407935
12.877238
-12.335229
-1.634167
1.472851
-7.683603
12.857532
19.738228
9.507234
5.688650
-22.460138
12.041949
-0.963951
-17.582874
5.274258
10.481586
-19.242983
-12.848766
-10.072815
-18.926683
2.091838
16.959116
-2.935135
15.173888
7.207912
16.976816
1.786635
-8.178280
-13.243824
2.607607
-4.029462
1.384898
4.878213
-5.485078
-7.278011
-7.420624
0.651667
-5.890670
13.211864
14.306224
-2.901375
2.088386
-20.914412
23.577154
-8.348097
-17.105913
-10.883921
26.542938
-4.529867
-6.944244
-14.841983
9.090167
1.526563
-14.882219
1.844667
15.132006
7.886070
9.059914
-11.389556
4.797805
-5.918151
11.486097
-13.788693
-0.459998
-0.600701
20.031006
0.231123
5.773524
4.845051
-3.654798
14.262473
5.473316
3.647751
7.649634
5.550889
-1.165416
-9.560113
18.276987
-2.613147
-7.134652
-13.325322
-16.575314
-7.260369
-30.840992
-5.794149
-18.894365
0.277134
15.566092
-6.493761
15.812726
12.395529
19.116730
0.238981
9.208636
-14.934983
-5.200773
-4.220737
1.056504
15.121466
-16.284103
-15.849095
15.221178
-10.307907
-23.076071
9.840556
24.199528
18.278788
-3.602574
10.748080
-12.614132
-14.812165
-12.532491
5.654875
-11.395551
23.199177
-1.637800
3.217438
-5.511908
-12.547471
1.849864
-15.975897
7.698560
5.424691
3.620802
-7.390121
-7.579052
-0.904124
-9.943648
-0.206172
1.879314
11.056761
-6.266036
3.044374
-21.534050
-0.019262
10.863344
15.238051
-14.239853
4.922258
4.220598
0.504664
12.244017
-4.896248
17.877619
-5.261791
15.866915
-14.259027
-15.082948
3.291490
10.979542
-1.243434
-8.987730
7.137859
17.225292
16.208836
18.118460
4.049790
7.149247
-6.264624
13.437090
-1.035236
16.604933
7.698788
-16.894283
8.174164
-13.038163
-2.699852
-12.708798
5.594667
-24.539413
12.515376
15.875587
-0.030526
-12.380746
10.825920
-22.000277
-1.864950
-0.932523
-7.606068
5.352575
-2.247920
0.514256
1.619416
5.112360
3.065677
-19.706123
-12.518084
13.539940
-0.532299
-17.039490
-8.151113
15.740602
10.476996
-15.624419
-10.780907
-13.914410
0.736457
7.622849
-2.129677
2.344968
-2.792910
6.436612
-17.811611
6.796039
-20.665180
2.824161
-6.003799
14.039426
-8.341464
11.645796
-4.966703
31.817295
-14.621494
9.862815
9.568937
3.386611
0.544822
6.224270
16.164003
14.352670
-3.636238
-2.912832
16.674404
20.338324
-10.907033
-14.282419
0.687214
-1.200308
-13.370902
-3.888301
-16.768587
14.436971
-8.897264
30.072842
18.060551
-0.952237
6.183070
0.879153
-10.245449
4.810792
24.921009
-4.595372
11.204640
3.537214
-9.934594
16.138159
-4.038796
2.018038
-10.881632
-9.876626
3.041841
0.329012
12.937428
-13.067473
14.206993
-13.907892
-4.224164
16.002762
12.587874
13.159707
-13.792764
16.253712
0.158447
13.597926
5.973906
13.427709
-18.834517
-13.530947
-9.937617
-8.948013
9.154187
14.586863
5.152588
-11.568561
-17.632362
11.181643
9.756385
11.066312
-2.892363
-8.910232
-8.356423
0.189199
-9.938984
-18.621494
9.051228
-11.907984
-2.840623
-12.382409
14.389881
7.605161
10.798321
16.761400
-15.216450
-14.593215
-5.898962
29.428516
7.590213
-20.232996
-9.086782
10.243371
21.682240
-21.058949
9.085280
-26.342829
12.600416
-5.919709
-13.475453
2.870742
2.581630
21.841379
10.944370
6.877190
-3.306997
-4.423829
11.170152
19.282276
-5.854249
6.175847
18.453318
4.243821
11.699875
-4.771600
-1.092131
0.636638
15.702265
-11.271294
6.557415
6.224013
7.349245
16.140892
1.439291
-11.037780
-20.377645
-24.985929
9.870206
-9.477895
-11.246212
6.490023
-19.547237
-16.843498
1.644011
-17.561626
11.406483
-19.582394
-15.097436
9.136931
-1.427621
18.620544
-2.043304
-1.823247
-3.543154
-11.789860
12.800536
11.135932
8.021060
8.930417
-1.418604
5.396791
9.385538
28.773209
10.837057
19.791313
-14.514532
-13.932809
19.192387
28.430117
-11.380365
-21.263453
-1.986734
7.185079
21.353605
14.042150
-7.479326
-1.857972
-3.547822
5.554786
-13.002797
-3.018278
-6.090877
8.385720
-3.851114
15.567497
4.012083
9.930768
-0.600484
-16.061096
11.903741
18.062349
5.968759
-11.811602
10.410578
-10.595026
14.677809
18.591148
2.609924
4.216980
19.302193
-15.455275
1.430181
15.632129
6.720299
3.848576
-18.362629
-30.084236
3.502876
-8.455299
8.640939
6.582457
6.372110
9.462298
-17.643475
-16.425856
-0.627550
-5.130508
-4.315131
18.356209
6.466053
2.408581
-16.969309
15.700788
0.628305
-10.498515
15.680015
-10.443655
11.528264
-0.718123
9.686229
-4.507358
18.063448
0.154620
8.534621
-9.654628
-7.204268
1.009085
12.259418
-7.019722
-7.704149
0.573550
-9.480796
6.930382
15.395636
-1.599832
-7.531881
20.325281
-16.114853
-3.427542
16.849754
11.749428
11.359874
-19.836994
-7.062390
5.468905
-6.633812
13.477766
-2.906978
20.229942
6.924907
-9.873696
-12.021692
14.520515
5.169278
17.912416
-13.369833
9.204964
-3.177296
-15.678368
23.944933
8.032868
4.888750
-8.645132
-2.453793
14.335872
14.258248
-5.362079
-2.490993
5.093611
3.131622
3.441522
16.238960
-15.202943
-6.352732
1.938762
-6.466241
15.961379
2.357053
-10.225856
18.826178
3.841106
9.917800
-2.253538
-21.377029
27.648945
-7.462258
-2.768972
15.499532
6.319096
5.885798
15.289398
-10.125210
0.453525
5.779331
-13.492489
-0.515124
22.382036
-9.774494
-14.692311
15.879504
-6.168943
-11.933721
-6.052100
-0.115851
16.876192
-1.495155
-14.057040
-8.761496
5.874784
8.249854
6.845869
-12.705709
-19.148916
-8.075397
1.261621
-11.996057
12.268885
8.017076
3.431368
15.300042
-4.167624
15.318069
-7.340329
10.088870
-1.264271
-9.341546
-4.967659
-0.297185
-20.839235
9.398140
5.237785
-7.887611
-21.204395
5.028026
6.290017
-2.398159
13.507326
-5.420256
-11.245950
-8.366660
-7.906127
2.889289
15.710787
-5.758038
31.618994
10.676141
-6.541601
14.275284
18.459137
5.418912
1.126570
-12.651900
-19.049694
18.317085
-5.088499
11.888807
3.121605
-9.172718
17.550062
9.861481
28.380398
0.797719
-9.303298
-2.967727
19.113777
0.083943
16.123152
-4.959637
11.246101
-4.221897
5.874642
3.985291
0.356896
12.806943
-11.643774
8.882095
5.605904
-7.347188
16.098488
0.470141
13.053816
21.441174
-7.342359
-10.496257
10.939265
5.924674
-10.204594
16.703955
-33.345776
-13.591343
14.618034
15.375648
-11.155005
11.629333
-5.394309
-2.400348
21.933340
13.408849
-0.151453
9.311399
-8.064693
-5.866533
-12.826743
-19.906099
17.647425
1.836137
18.287041
22.448366
5.289441
-0.868453
5.346394
-20.783546
13.252184
-4.792641
12.982087
7.546102
-18.627583
-16.281828
-18.069742
-24.106630
-6.761539
15.135222
2.169605
-9.329036
16.218449
-3.135159
-12.739509
1.606654
5.546717
5.125308
5.436038
10.150624
2.732448
12.195967
21.022522
-4.920124
-3.507945
12.277991
9.748815
-1.248114
7.225742
6.806744
14.825509
2.382754
3.387354
9.349747
22.056517
7.875453
3.979965
-9.023125
-7.661505
10.885170
-22.754677
-1.789443
4.224969
-6.428984
11.764640
-11.616569
-5.789989
-17.398159
11.526422
9.507404
-3.472670
13.999693
-4.740913
13.460063
4.006977
11.518311
16.907810
18.366009
-6.891537
-0.104966
-13.059802
8.634799
20.771702
21.464760
10.220070
-6.615966
-20.635614
-17.997395
-12.856412
13.523739
-3.246233
8.716208
5.264281
-17.490906
2.354991
6.764262
-18.081335
-11.891037
5.163932
8.796968
-13.643224
2.165730
13.700322
-10.046519
10.117348
-14.606893
18.124409
5.203492
-7.112301
7.428905
3.622125
-7.931990
7.766388
-3.674949
19.291992
-5.397837
9.981363
-8.955921
8.793158
-2.183261
-12.415644
2.694141
0.563488
-11.026589
-2.145317
-5.487801
20.499195
-3.881871
-8.020344
17.047367
-14.336988
-9.170236
9.434552
-5.095809
-8.029916
7.491121
0.703151
11.566833
-5.910414
-8.145670
-8.577376
16.600492
4.903641
8.613540
24.652683
10.120889
-23.725092
21.566641
21.263727
17.431547
20.359890
-4.097137
14.825046
12.702119
12.924730
-3.702947
-8.809730
-1.773969
18.890793
12.591566
-3.000374
5.497128
8.042957
-6.714222
-0.278776
-13.385098
2.200687
17.202187
6.991234
15.117785
15.531096
5.836448
11.837764
-6.569472
1.043968
7.429020
-17.278580
-19.151772
-11.651026
8.444902
-10.664621
6.713681
-14.875174
-15.487021
17.474159
16.058197
4.597924
10.596719
-8.140798
4.509411
-4.208665
-9.521412
9.670610
8.471502
13.321442
-2.634908
10.665905
4.986848
-4.944644
12.325380
20.834248
7.841403
0.678207
15.163939
15.796954
7.158216
-16.708399
17.811058
5.193626
1.125734
-24.840981
-16.398520
27.254665
-1.396929
-22.534653
14.332183
-23.834517
20.669493
17.439131
0.806967
-2.733629
3.855911
9.651076
2.370831
-8.833506
7.743068
-10.151219
11.916620
20.963541
-1.498134
-0.602484
1.754782
-13.467836
-13.579907
21.810884
12.585628
-8.518846
-2.712520
0.868418
7.317803
15.513609
8.393510
4.711101
20.967714
4.799273
10.217539
-15.406236
-14.490810
-18.265007
-14.657712
-0.922562
-9.717096
-5.878221
6.804423
-14.299280
-8.761473
7.448390
5.942378
-9.120249
-1.399581
12.437613
-10.678714
-11.952775
6.604166
19.206419
-1.018870
-0.115406
17.830715
11.407971
18.170364
-7.966790
-3.060150
-6.833992
2.788935
3.326602
-5.088143
-14.328022
-9.500172
-21.156139
16.568832
7.789990
-27.382601
-2.065843
-17.133863
5.049894
-9.828150
-6.325625
9.806489
-17.148006
6.921213
21.941664
13.624816
-13.249473
1.454753
-7.116293
-14.222698
2.856003
16.537287
-15.275172
12.519168
14.076189
9.359326
17.237177
2.539337
-15.974586
10.274648
-11.633439
15.910431
4.727714
-9.072751
-6.992493
5.545210
10.102822
4.965995
0.211882
9.116093
-19.676216
-13.378980
-5.865744
-9.509656
-14.151056
11.814265
-7.943151
20.080128
-14.061666
-11.094396
10.003177
-2.169720
-22.195702
0.165148
-5.435338
-7.573463
8.027078
-11.756413
-3.245761
-7.658813
30.444180
9.812813
-18.250046
-15.171593
-21.832527
-6.643562
21.355169
7.783675
-12.073005
-22.518774
12.896211
13.178418
-11.130388
7.019632
-15.281492
6.059256
23.351049
16.895947
-7.818793
9.342606
0.216658
-5.481961
-4.205656
-14.382911
12.952110
-19.028038
1.276351
11.226525
-8.053407
-2.040096
-4.974147
0.569760
14.608472
7.160773
-21.644503
-19.364914
-2.540295
-5.506170
-18.059898
-10.304271
0.650329
-3.046512
-2.004349
-15.081773
-23.121046
-5.635007
12.098742
8.638995
4.138685
0.040491
4.242529
-4.084622
-1.897246
-3.080552
1.074487
11.502030
-7.527134
-10.860106
11.329610
-10.148733
-15.297855
-12.627480
-19.021383
12.842801
-23.230253
11.704647
-10.728596
-18.854294
24.749693
6.118958
-14.608358
-14.463168
9.270981
-23.167952
-8.895196
-13.025033
-8.643193
-1.524366
-1.011634
0.774945
-4.258255
12.985276
18.591951
-0.357148
3.599258
-15.011863
-1.417946
10.951459
12.475713
-11.965047
4.890318
5.374347
-12.203508
15.181312
-3.395386
-2.994752
0.644696
-1.168540
-2.528345
-20.020399
14.275985
-14.952702
9.011350
-1.557502
15.743273
10.162378
-3.865522
13.312001
-12.391366
10.465945
2.105307
-1.877410
-17.774534
-2.122717
-12.949082
-10.808605
22.806826
-2.614487
-8.326700
-11.800421
-12.592342
-13.930854
-9.324945
-9.366418
12.073709
-0.373303
15.316751
-11.277807
14.098636
-10.366862
-4.989358
-11.126777
-21.267984
-11.320822
-27.100561
14.997239
18.242716
12.976092
1.453804
-13.192292
5.671929
-8.357954
16.399767
-10.574220
11.182203
13.699715
-5.735450
-3.166915
-14.473873
-16.013880
-8.770850
16.174713
-15.620536
15.067839
-15.316919
7.789543
-8.836806
15.781364
26.146198
-8.697795
2.391390
18.429226
-15.390232
-24.149269
11.444463
22.070635
-21.735828
-2.657057
18.075369
2.731496
15.489690
12.227123
-25.719650
-14.765135
-12.488889
-4.980421
-4.592496
-11.719015
-12.363906
-14.413045
5.923421
13.511796
11.397673
13.536448
2.939495
-1.291017
4.891859
-10.811757
6.403229
1.533744
16.409908
-14.870382
23.974291
2.669629
-19.157974
-2.631134
-0.945538
-5.413965
-29.435242
-17.018284
4.448083
16.613741
15.067152
-16.232105
7.484351
6.526313
11.673250
4.146963
-21.474810
-10.247345
14.209840
2.778525
-4.950122
-2.228176
1.072389
-5.469800
17.270786
12.170666
14.476672
11.866236
-11.999526
-2.010993
-6.929677
-5.247448
11.518212
-7.274662
-17.055264
2.915118
1.552386
-0.938481
8.182541
10.868412
-13.599256
-4.597913
1.027321
11.743014
-11.233140
10.589427
3.440773
2.718205
4.955052
11.931542
17.101170
17.491606
6.608632
-10.947724
-9.996160
3.174496
-20.750683
-2.824522
14.575152
18.537212
-18.680012
21.341129
-3.610859
18.147322
-11.950620
-4.982461
-11.065608
-8.517459
-23.747990
-12.003988
-15.554479
16.163435
4.246078
-32.605488
14.969508
16.222795
-0.010468
9.835132
-6.407146
1.288908
24.619469
-9.221839
0.904803
15.009755
9.301041
-3.524090
11.699884
9.882654
-12.559503
11.298194
4.304472
12.563116
13.136650
-9.248263
-20.972956
-0.056404
-5.370240
5.437306
8.389565
-4.929908
4.102726
-6.419998
-23.649261
16.265200
2.697386
-14.911968
-10.686078
18.333937
0.729113
-7.149210
-6.327317
-9.998142
-27.199795
-11.016969
-3.176188
9.430483
-22.107487
-4.890283
0.963777
-13.130054
2.274944
-3.686796
10.369933
14.267061
0.025647
13.966607
-3.560289
-5.966835
-30.597805
-6.692053
-6.220297
-12.042037
11.607056
-7.093507
-19.293003
8.515667
25.639614
5.475805
8.694160
-9.470762
5.735293
-0.026053
-2.925162
4.151720
-22.614958
-7.036582
19.579329
0.758262
-13.500572
6.261724
15.772038
6.655626
-13.802459
-11.653002
8.611396
3.294305
-6.811035
17.625278
-3.720230
-3.145305
-4.474060
-0.445084
2.219427
-20.511951
13.906071
11.458425
-22.290901
-15.135255
-1.535648
0.293810
-14.863933
-0.243266
4.173550
0.703439
-0.164987
1.507338
-10.486702
-0.232814
2.219206
8.066222
-11.006238
4.779027
-7.305497
-6.996141
5.176703
-0.699360
14.909472
17.002748
-17.976860
-15.511731
17.102016
-11.008913
4.074248
-4.216616
0.217763
-17.042370
6.787737
5.126608
-20.717764
13.774680
-20.646120
13.290970
15.992219
-6.147411
5.303850
-13.027205
-19.624630
2.628493
20.828493
-13.790873
-15.124676
11.167063
10.960224
-0.608484
0.357320
16.852806
15.720806
10.384792
8.251749
-5.516437
-4.980496
12.525390
-2.853467
-5.298092
0.399010
-16.677963
8.622481
-20.890667
-4.125621
-16.878922
7.863411
-10.015059
-8.234993
19.142078
3.188412
18.924892
-8.156912
10.059818
16.315626
7.221183
-1.782316
-12.076910
12.761216
3.448906
-2.401127
-1.894079
2.237671
-12.665816
-4.734256
13.605861
5.799337
-8.687554
15.089058
-8.008506
9.951673
7.778072
-8.531965
-10.641097
-25.755224
17.405346
-18.649603
-0.203473
17.912846
-1.884032
27.499662
-10.322481
12.573818
-19.623430
-4.597606
10.689448
18.624758
3.269708
-3.268251
11.373649
-14.124713
13.097342
-8.629661
-12.275867
3.023848
17.528456
-12.430123
6.335166
12.853818
-9.775045
12.065969
5.966696
-0.213448
20.302118
-0.181037
17.102341
8.723013
-9.642971
6.627806
5.269873
-0.829599
-13.184047
-16.234573
-2.633573
-0.067414
-4.576019
16.371012
0.186411
-8.010348
-11.728995
2.177118
-5.373029
-20.509529
-3.893618
-20.159626
-3.449596
3.785136
-12.170071
-23.028051
-10.701883
-11.619946
2.950251
3.319846
9.760119
9.060499
5.831980
35.828659
-7.330530
15.910112
-15.887479
-16.043373
-3.558707
7.285466
12.417937
21.889730
-7.612105
5.019747
-23.675777
-0.746446
-9.214632
10.434890
-2.879517
6.639823
1.205201
19.294569
-2.492508
-17.684292
-3.287123
9.026735
-13.146624
-8.453915
6.178573
9.163069
1.533776
10.569613
-2.019906
-22.048759
-18.766626
7.145619
13.540162
18.353985
9.960696
-9.978031
-16.537361
-10.039609
-8.586861
-2.009984
-18.370630
4.574031
22.991074
23.907091
5.258065
-0.450119
9.988005
-4.764065
-6.955149
-4.169170
11.145858
-2.913725
-2.157658
-9.939547
16.050152
3.767285
-3.354038
3.883175
-6.438456
4.128189
9.767534
2.837671
-11.833919
-29.873787
8.022204
-10.706726
9.598403
16.963934
9.734023
-15.960515
-16.969704
-25.070856
-3.190082
8.961127
-3.591168
5.828897
13.257829
-17.826313
6.619518
-5.013091
16.637049
21.158962
1.022318
-4.680846
0.703197
-1.240035
-9.115431
-12.325807
13.604866
17.539167
-2.666821
0.566489
-8.445848
-11.555742
1.213290
6.209690
12.244468
17.588861
4.475799
-10.779608
-6.473493
-3.928916
9.858902
-11.426966
-20.121246
11.851259
3.116001
-18.259745
3.343078
11.192725
-9.634770
16.083378
7.252366
16.755543
0.424792
12.044566
0.521127
7.368189
-4.587992
1.550385
3.714561
-12.856287
-8.792045
-11.577947
-20.844048
-2.775762
4.993585
3.859673
-4.469760
1.625521
2.047405
12.673322
-20.124960
-0.711849
16.032505
-7.611398
-5.140227
7.753005
-19.590527
-4.526888
11.139627
1.196942
9.856879
4.683646
-6.023404
-11.193218
-13.425981
8.937783
12.048950
1.827216
-8.422873
7.913204
-0.864022
10.308500
-1.015922
11.671708
-1.991663
-2.322661
8.020904
-19.475523
-3.942786
6.612543
-23.351839
-8.403707
13.957507
-15.265868
17.052673
15.396203
-5.746913
-4.795061
16.327507
22.812973
16.336494
-13.878797
-2.038726
18.731491
5.849022
-16.755077
15.008201
-9.124152
-9.067648
0.744723
-3.685544
2.728924
-13.681446
-11.602387
-22.098202
15.515839
10.444476
-1.634271
-9.108968
-15.347523
9.940317
20.085810
7.592987
-28.252127
3.259696
-19.869989
11.242650
20.275913
-27.634130
6.002995
-4.768577
5.122804
1.991207
1.564754
-10.975896
-2.525591
-3.031171
-4.621356
1.823554
-15.374491
3.727634
-10.017678
9.231059
-2.131012
10.693018
11.322942
4.497105
-5.678382
9.710516
-21.405760
14.189225
3.605556
-14.896149
20.074923
-11.046638
11.708433
7.872598
-19.699551
14.276643
-11.822062
5.441842
-14.790137
-4.241970
-23.837448
13.355344
8.023533
-10.012759
-17.949738
-11.948527
-3.730774
-14.029341
12.389627
9.879673
13.908425
3.318119
-1.767097
-14.723941
-13.768143
12.976161
-3.956859
-16.117208
9.962213
6.234506
26.261984
5.611875
11.837553
3.422288
13.836599
-15.921641
8.220521
6.865331
-4.543546
-8.530796
-3.813066
-11.190645
-2.072203
4.719560
-10.167664
-5.023351
13.774915
15.159891
-16.529509
-0.326672
-3.375914
11.522461
17.983335
7.464080
0.048037
8.916210
-5.688107
7.304088
4.730552
-12.871794
19.304544
-16.091984
15.281548
-7.866459
3.404438
15.699904
0.985239
-11.444531
-9.429425
8.565643
15.679159
10.631023
13.752083
12.163583
29.134872
12.072371
14.920988
9.810937
3.769679
10.789695
18.833458
15.627518
2.393719
6.141592
-6.400552
-7.831838
19.239664
-14.640431
6.771443
11.515341
-8.455900
-18.489815
-13.973859
0.323294
-18.567396
1.485505
-21.142469
5.063182
13.161782
-7.407326
4.644959
12.776446
6.469157
20.082993
17.016527
-18.547523
-11.084002
6.554311
-19.095919
5.531804
-4.307554
-0.365772
-9.833869
4.217945
-1.371232
-13.742937
-15.563455
14.556431
-8.374887
-8.491599
10.367957
-2.395489
9.289854
0.130782
14.746361
-6.916053
13.658186
-2.712772
-6.759557
-21.321453
-8.389735
10.965492
4.894208
-5.293895
-15.051614
6.435215
-7.714622
8.546086
-31.575855
-7.882923
15.635122
-1.349964
-3.867251
-16.461676
-18.942278
-13.470047
7.291126
2.710590
13.548491
1.666247
-10.927795
9.793155
5.947334
0.250449
2.086271
21.381693
-13.179448
-5.753615
-24.530558
2.835354
0.078491
10.114456
-15.141571
-20.563988
-20.109718
-11.058364
-7.078096
-23.940218
-4.070123
12.493623
13.301803
10.532149
-2.789585
-8.852676
-19.532650
-6.347704
3.164245
-8.564476
8.845552
-6.020656
-1.096512
12.834151
-14.593198
14.808945
-21.226875
5.270436
9.636177
-1.220004
-9.559142
13.207499
8.011475
-5.861763
-7.451603
-0.779522
8.017540
19.519928
-17.406345
-9.875103
2.693986
-19.138563
1.886186
-20.085375
11.487429
7.886011
-8.198893
-13.872330
-0.484879
-7.188121
7.373938
-18.327787
-16.692795
11.444983
10.172709
4.539011
14.556875
12.927775
-8.514881
0.839039
-11.887867
-1.991521
-19.119556
-14.564877
-6.928472
-0.074672
3.704998
-20.390753
-25.276558
-17.518036
-1.670936
-6.184625
1.569038
17.195864
-15.520665
8.631412
-2.143897
-3.866047
-5.080464
13.272042
-27.845833
-15.751927
0.297893
7.450358
5.194250
17.205065
-14.142919
-15.998107
-7.536470
14.097949
5.681604
14.397165
16.490047
18.422857
5.254313
-9.068065
-8.891212
0.054272
1.422075
11.530176
-0.738388
4.804068
-21.697859
-11.313506
-12.327303
-13.320279
1.098416
-24.763372
-1.486646
16.478180
-17.583088
13.355696
-18.759100
-0.144431
-3.532628
-15.102998
8.219525
-5.369322
-13.983001
-12.041453
-20.836573
-9.117908
-8.070038
-7.274789
-10.485621
15.541649
-15.799451
18.387985
25.404741
6.510419
-18.642168
6.739318
-3.550785
-9.693905
5.891675
9.624993
12.307087
-19.320917
-12.377973
16.942657
-1.142799
-4.515112
-10.297202
12.385451
23.358789
0.553630
14.971773
-3.379934
-8.379292
9.321836
-0.630470
14.896193
-14.313408
10.654370
14.271533
-2.632963
-10.354922
-2.453325
8.296910
-1.636262
19.956430
9.034902
-20.061487
-6.282149
11.192968
-18.689629
-1.578340
-11.896528
12.233743
-7.438076
2.464248
6.433459
25.233681
-2.627313
-9.639705
-1.659623
-23.710642
7.265994
-17.725143
-12.525459
-13.893377
8.001327
-13.706838
-12.979133
-13.801576
15.190005
12.728668
10.845733
-9.277389
-2.631005
0.991681
-11.549584
0.074681
7.778058
25.581711
-21.578714
-0.682882
17.483738
-18.843021
-11.960814
19.678947
4.602308
11.785267
-9.840541
-5.620418
-4.367058
3.566720
-10.121426
-1.244823
-0.075394
-4.856093
9.663719
16.373394
4.953777
14.304964
-1.355736
12.179468
-5.085751
-5.287518
10.969590
-4.022881
9.841975
3.499367
15.312551
-8.917417
-0.656964
10.496077
-1.979021
-5.432339
4.618373
-12.171400
6.668435
-8.902918
12.474189
-2.283557
2.763791
-23.944813
-8.513635
4.240054
-3.558610
-6.934650
-6.275510
-11.820855
16.916119
5.032775
4.446251
-2.960205
-11.172336
-21.885504
6.871987
-15.787428
-5.586499
1.958606
16.270702
-3.875745
7.618849
-29.400467
0.200285
23.696981
-1.363879
-16.551317
18.281904
-4.623145
-17.780994
12.968190
9.609550
-10.471319
-18.086857
-2.699891
-10.586052
-19.425920
-4.484900
20.461197
-14.192472
-10.542106
-7.657680
15.112665
10.036983
-16.333893
4.032139
-3.309392
-3.088657
-13.290759
0.915863
-10.118909
-16.524054
21.797754
-2.007252
13.303798
9.343515
8.018835
2.620527
1.772857
-11.725924
-17.916704
-13.184158
16.866093
0.549993
-10.978168
-3.065798
26.217833
-12.276587
8.121400
-9.818695
-20.516151
-12.616361
6.851901
18.121550
8.198129
5.169059
10.621303
0.431754
19.206772
1.181795
10.674869
9.644105
-8.380681
8.494127
9.865787
1.524958
3.948318
1.998176
-13.414431
24.129583
-27.322416
1.118507
25.563269
-16.571779
26.488138
-6.090095
-2.933479
-2.973526
13.630301
-2.575320
5.205130
-1.815958
-24.860847
4.986457
11.988173
15.387787
15.774185
15.067252
-16.867188
-7.316723
9.732044
7.381240
18.848858
5.650813
11.920144
-15.169010
17.977499
-9.237144
11.707922
-16.451952
11.677195
-9.816018
4.224034
17.980255
-2.320208
-7.963903
-12.405842
-3.417743
-2.538613
-16.267620
-5.116066
-16.873409
-0.240265
12.697228
7.593776
-10.911057
18.215034
-7.460330
17.955622
-0.444337
5.249280
-11.434382
23.160988
-11.976145
14.967302
14.559808
-13.008946
9.051411
-12.511558
15.215213
-0.535632
-2.176873
-8.951881
-16.377438
18.166649
-19.120766
27.881241
1.643248
-17.730869
-9.880484
3.127775
12.368760
-11.521633
1.116910
-4.317315
-10.157016
21.114182
0.347474
-19.846409
-0.868725
18.185883
6.323784
-7.531220
11.361224
8.357487
-1.803678
10.883271
-6.962780
-13.882832
-13.116654
-24.996622
7.304813
14.258912
14.548909
8.297590
18.812092
12.698128
-20.965008
-2.854579
12.144696
17.267973
20.488039
-9.048393
-15.997464
-22.112926
-2.310589
-13.341500
0.409338
-15.214492
-13.512585
-13.763712
-18.036457
13.499243
-6.921424
12.983339
-15.067573
10.873254
-2.463449
6.277583
16.572327
-1.225261
-15.664337
-4.041550
16.323662
-17.267324
4.400169
9.943631
-0.383365
7.976525
9.739219
-2.965579
18.851082
-1.861373
6.255588
14.139570
-23.762579
11.827208
-6.644590
11.048545
13.586943
14.262206
12.473785
9.920663
7.751301
-1.321112
3.172899
-9.000739
-18.711317
12.019753
6.969347
-19.088921
12.856740
-10.290751
-9.078363
22.092962
-16.519270
6.330042
4.381332
-0.510094
-0.424535
11.982633
11.780702
-15.175832
16.512085
13.435898
-18.461721
-16.195322
-17.634457
13.060285
-13.383058
7.575423
9.865891
-2.957341
-11.567685
-7.235280
17.134317
-18.132730
9.015999
4.845123
-11.204992
18.882425
-5.904551
-11.966696
2.924829
-17.110022
18.083755
-8.908955
14.439266
19.344530
4.385142
-19.339323
-15.540485
-1.695503
10.737670
-4.413576
-11.521361
-1.002338
-7.355711
-3.074046
9.843246
-4.279022
-1.284576
-14.806341
3.218032
0.324510
-16.930487
10.755301
3.982176
6.202149
5.326504
13.739875
13.253039
10.736470
18.804226
8.821423
13.970758
3.295907
-17.674971
-13.009992
4.251396
-7.662599
3.457566
-16.299938
9.641925
-0.385967
-19.203428
-3.530757
-14.201404
9.153513
-4.135938
-1.127418
-12.228977
-26.233002
5.742839
14.924006
-4.931994
9.526591
-9.994203
-8.606790
-4.077121
-15.165831
7.546164
-12.948436
9.315552
15.882233
13.477810
-6.600897
6.282336
13.332026
14.533085
-21.112045
-16.868187
18.179941
-8.937447
-12.861393
21.589495
-21.010645
-12.502099
12.276443
11.749640
17.999950
-6.474234
-16.602022
11.286120
3.966980
-2.665089
-6.486386
-9.324870
-3.351796
1.380357
3.541185
11.472727
-19.836344
-12.992557
15.229211
-8.420725
0.143114
-10.361912
14.516784
0.970906
-16.180363
17.739088
21.467546
22.603863
18.586874
-20.723555
-18.813225
3.447332
2.001659
-13.937281
-6.726410
-12.546978
5.931911
-11.227499
3.929871
-12.206734
2.709365
14.191204
-14.852524
11.288935
13.502724
2.993536
17.047447
7.081243
-19.713669
2.631955
-6.630786
17.375839
-11.032501
5.842401
4.773694
18.937189
-14.743884
-7.423054
-6.098616
13.115284
-10.487374
4.604928
11.770593
-23.306583
-9.634864
16.368179
33.560059
7.779363
12.004332
-0.205419
3.305013
-13.704720
12.050323
-15.318110
6.439865
3.838333
7.477258
7.334784
1.076395
-14.909759
13.644347
7.272484
0.916403
-0.506125
-13.925117
-1.625810
3.703365
10.049495
0.563087
-17.182592
-11.773872
4.869831
8.275876
-13.866466
12.872880
15.811173
7.050345
11.303618
21.060373
4.667470
-14.733068
17.590309
-9.468107
-18.129505
-24.678976
13.015245
7.816093
12.894116
12.711882
6.012378
18.218201
7.358812
11.791287
3.957748
4.968509
7.289533
-7.274879
-0.902604
-8.311196
4.357526
7.253994
7.299229
-2.035202
-10.745405
-25.370100
4.975276
24.451674
22.135363
-10.908387
13.771857
22.384819
-3.679722
-18.446857
15.837283
-0.995886
-6.620463
-4.618903
-13.112735
16.112101
0.607230
9.891788
-5.341525
15.913137
2.238652
-16.316038
13.179650
-12.098944
3.231839
-11.869226
0.160218
-8.624754
10.482096
13.829070
1.890299
3.835327
6.589890
-19.422918
14.624298
4.569198
-7.107806
2.209781
-2.063103
-17.141512
6.660408
-1.864299
-3.061350
4.153956
15.844090
-5.257173
-10.763206
-13.858164
9.825826
19.133446
-3.714705
-13.579386
-9.046698
9.928726
11.718971
-11.537122
1.047473
8.230950
-3.421519
-13.289510
-13.050138
-11.056361
-0.998069
7.069743
-16.949280
1.390647
-7.851435
-9.767126
11.752420
6.435763
1.216162
-28.747902
1.231950
25.167253
24.070389
2.202862
-10.379848
-11.684781
-15.077970
6.726404
-9.836977
-22.023275
3.223518
-17.330034
8.657727
-20.821344
0.920027
4.470676
3.792173
-13.550633
-4.218572
18.454660
-10.266740
2.023643
-12.131143
-5.663791
-3.175498
21.131136
-14.892609
6.181137
-25.033457
-8.511585
-15.236054
0.928050
-14.509934
13.730169
-6.262019
0.696954
2.072923
-35.855053
11.495805
-8.007971
-7.842680
-22.228861
-9.961020
15.348037
1.945961
-23.533268
-13.002789
11.325857
-6.394710
21.875109
13.381069
-11.264204
20.745413
-4.990476
-14.133003
3.503751
16.103411
-17.966810
0.838155
8.249631
7.047786
12.290258
5.265248
-19.236204
-17.593103
10.257740
-9.799933
8.214993
-13.123703
1.162672
5.914762
5.768152
6.741385
-25.004015
0.314782
-9.546742
6.826665
19.272409
-1.939040
-12.546393
-5.129371
8.121738
-5.771625
1.957494
6.579645
-10.505465
14.196252
-20.241259
11.317946
3.500707
6.811500
22.663406
19.724449
3.059841
17.886414
17.001587
7.398344
-15.368702
-14.092509
-10.403990
-0.192565
26.670908
11.049713
20.198202
-7.766614
-3.080476
13.605778
-5.381140
-15.937733
15.968670
-8.985463
-14.119985
-9.594209
-12.134520
-14.844223
-3.591369
-16.042114
7.951285
-4.807237
-0.523528
3.881353
-12.614528
8.070802
15.764743
-22.014954
13.319091
0.000020
-25.257652
-9.247519
2.887640
-0.225376
-17.550194
-3.627014
6.692817
4.326478
-0.862609
-9.796064
-19.489367
-7.437346
-3.989356
-4.880857
-10.173368
-10.892613
13.289122
11.006449
-6.595531
3.626083
7.386271
-13.101565
-4.873144
-6.455310
-6.605189
2.866929
-6.296982
-6.126906
-5.767769
15.848197
-7.486975
-1.026506
2.830604
15.018227
-11.124400
2.940533
15.561475
2.613296
17.940409
-11.392255
-16.900200
-8.737606
-0.226989
-0.094618
-13.256621
-8.990076
8.183992
6.846353
-1.467704
-3.624332
2.010973
7.712445
-8.321844
-6.559429
6.881146
6.339711
-0.799907
4.248151
-2.565833
4.701404
-21.963959
4.469618
-26.408218
5.323874
-30.532385
1.710092
27.593801
19.111794
15.800946
-10.123550
3.452268
-0.916756
0.783683
3.756516
20.385717
13.273066
10.388629
3.020800
20.888771
1.268435
4.788104
17.918938
-6.270557
3.390865
-5.605984
9.430937
6.486101
5.017808
-9.488493
-10.999692
9.625317
-4.300372
8.624413
15.472970
-11.302988
-17.522221
7.624304
12.250162
-10.207993
18.167952
-3.854900
11.721153
-31.516426
-12.378796
-0.648183
10.781666
-17.320051
-6.424413
1.721961
18.254950
-18.871943
-0.848606
12.669056
-7.936871
11.223735
-9.091672
4.578743
13.548652
0.657264
20.557623
-9.907160
-7.697999
32.424236
11.198508
-6.584682
13.136777
-6.468343
17.095766
24.545582
-4.697320
-18.359613
-11.578445
-11.923929
-22.442806
10.405742
0.351662
-18.696688
-5.695542
19.672388
9.980084
1.411531
2.413174
19.333363
-12.824464
12.416397
15.666677
-15.658191
-12.533556
-9.401005
-12.728810
-0.673075
10.243780
21.455612
-7.193497
-19.291655
-9.922123
6.879458
-14.061244
-0.712672
1.581708
-1.206827
-2.423645
12.383974
9.578545
-12.926641
-21.771616
-17.925655
0.959300
-7.534290
-3.925253
5.053631
0.063768
-4.418412
17.244478
22.170424
-1.240298
-8.702696
13.740274
9.536551
-6.728477
0.763160
-4.146998
12.425034
14.572595
-12.590335
-20.335548
-5.514790
-2.495479
-23.489946
6.907186
-21.970215
-10.848704
-7.313948
-12.788391
-24.531631
16.281361
-12.830532
-15.823251
7.822934
-2.213401
-12.894581
3.899443
-24.668201
-15.838696
0.313335
4.482198
18.428396
16.730946
6.111436
-18.798185
15.048409
11.132209
-13.258733
-0.860096
-9.149583
10.977196
-7.243251
4.483236
10.902503
-3.161378
9.806961
-15.754950
1.101060
3.306942
-4.879106
-13.314997
9.039908
-11.502613
-15.917246
-7.102562
18.164011
-9.864846
9.829937
-5.287793
-16.957739
-5.299329
18.140751
18.076164
-7.217915
6.407718
-10.333538
14.827559
-13.975641
-4.885519
-1.449309
9.162397
13.743555
-12.882993
10.110032
4.356135
-30.149801
-1.730795
-0.318781
-19.872641
-21.446640
6.308833
23.393242
-18.438112
-22.779421
-27.521660
1.779156
-4.290107
0.709762
10.091002
11.095666
6.371582
20.728224
7.578668
-19.645666
-11.022749
13.433623
-3.118181
-13.332039
14.293355
-7.047359
2.042753
9.534571
-9.782458
-8.022151
19.832554
6.546309
18.505308
-17.082226
-1.298354
8.255903
-6.542974
3.465985
-5.275929
-14.235742
-8.652659
-3.251694
3.126638
4.021949
-9.497126
13.752626
8.376447
10.729619
-11.011087
18.223381
6.951350
11.133728
-0.414224
4.745812
-7.589033
-6.738262
-16.791563
6.169844
9.193575
10.792738
-17.257990
-7.483771
-13.815170
-5.979558
13.450262
1.085232
-4.388135
-16.064093
13.608387
-24.420584
14.529829
0.231559
-12.327193
-11.087279
-17.856722
-9.142503
-15.599556
-11.845900
6.726628
9.298223
-0.947578
23.259182
-2.688343
5.460324
2.594890
15.894680
-14.497212
13.351974
17.203671
2.777668
7.358148
7.542568
-13.293340
-4.870769
2.890335
19.692282
5.788500
-16.822397
-5.330234
-18.019659
-13.692863
-4.414779
-0.869329
-1.200245
-12.925608
-11.767068
-4.299095
6.005878
2.948083
29.806620
-16.538486
12.379272
3.756927
4.570540
-0.609403
-10.904099
-9.610656
-5.755811
-9.284982
12.363647
-1.223117
3.031829
7.516356
1.210601
-21.814699
6.774744
-20.416052
-4.328946
-18.649952
18.973669
11.020823
-3.168919
9.485322
-18.037678
-17.250181
-26.551075
-18.716284
-30.082869
-15.178362
3.050004
-23.288952
-8.147158
3.559381
-1.149621
3.865631
-24.409811
3.415895
-13.120450
11.801472
-17.070999
4.186455
1.288930
16.238621
18.684734
-2.926760
7.348595
-10.793566
-14.904217
11.092256
0.890317
-20.361441
-15.141586
2.382181
-3.043647
-24.800783
-6.540210
-6.242621
10.870191
8.417483
15.566660
-4.340987
-8.850242
2.944153
-16.857634
-16.189804
-17.958239
10.676814
7.234064
6.181532
-2.530098
-10.517167
-15.469059
10.712823
13.447285
7.746518
20.996120
-5.333469
0.321850
19.979748
-3.545837
12.827728
-1.662005
-3.775802
-17.574034
-1.919585
11.926735
-0.673252
1.689155
0.654275
-27.002050
4.079844
13.822876
12.567064
12.471972
11.570513
-11.112940
0.664597
-8.128999
-9.878257
18.256247
-12.692197
-5.282634
-4.803142
16.787207
-3.224449
-4.961775
-11.205545
-13.439886
-15.000306
16.838961
-9.889711
9.148796
-19.702335
-5.014419
20.868986
-16.899925
16.193588
12.546138
-6.570996
-4.927076
19.283937
-6.612989
-3.409861
7.306559
20.665281
-1.042728
-26.531328
-13.507792
-11.022314
-15.177715
-7.445108
24.336567
9.633672
-9.447992
9.271894
20.317089
-9.746123
5.725965
0.737515
4.959090
13.692163
-1.184158
-5.532967
15.330432
-17.821489
-16.665251
-16.151239
1.974082
-9.275706
-22.657738
-8.847913
-4.871917
8.631899
9.627147
7.188857
29.798273
-4.584295
-15.651130
13.452436
6.883597
-12.640653
-2.035165
3.257212
1.515153
-3.391121
10.808571
3.332881
-14.344627
-1.474874
-9.164740
1.407407
-4.288581
-11.835290
20.068758
-9.407070
-13.085978
13.533875
6.827130
-3.916020
-12.494081
13.051358
6.293606
1.274467
6.001792
-9.817128
1.248852
11.069236
-0.518349
-15.558462
10.049811
9.040587
25.308546
-14.393701
2.373939
-0.923505
23.324675
12.471109
-5.530213
7.760093
-11.321217
5.307314
2.223882
0.740293
16.443682
-9.913997
-8.124559
2.068178
-4.581396
0.668538
0.563032
-14.868656
18.075531
2.484293
-8.759622
19.190727
-22.568207
7.384688
-28.897329
-12.186886
-1.106169
-18.710537
2.711824
8.222995
-2.706765
-7.311930
-4.325728
-5.608208
0.431954
-15.658250
-18.761335
-7.206745
-19.325027
3.079310
-12.607513
16.875095
14.896740
2.635573
-0.259836
12.802623
-10.402293
3.627537
-5.776892
11.742141
5.184474
19.471779
-7.490095
-13.475080
13.250648
14.476850
-16.882015
-5.753843
-2.534066
8.731042
12.490076
5.247906
31.902006
-12.648368
12.831395
-1.558195
-11.772592
10.815876
-20.068182
-12.251325
12.989125
7.846099
13.411444
-8.979007
-5.352027
-7.191617
7.411254
-8.322757
-16.983688
-13.373888
-6.999539
10.680026
16.947094
8.864516
-23.874578
12.849826
4.440107
-18.012171
-6.628294
-13.957035
9.806157
-4.108392
2.083092
9.959764
-4.851569
-1.744907
-7.575232
-11.554833
22.013887
-11.975876
-15.303019
3.754694
4.044563
-5.345561
-3.816962
12.556887
-0.636988
-8.092268
-2.876840
-4.149843
5.113308
-16.204145
-21.128994
-3.513598
-13.736450
7.229497
-6.876085
10.029594
-4.206382
20.938093
19.477795
-14.198758
6.630090
-11.972921
-11.851032
-14.577599
-13.466613
-4.936813
-3.080693
-9.462893
-14.435301
13.349164
-1.024261
8.539383
-8.802865
4.975996
3.031912
-5.224932
19.969955
1.892863
-4.192211
15.473810
0.031042
-16.317921
-16.696234
-18.484081
18.600117
-4.264744
-25.787367
-0.325180
-4.301874
20.165195
-26.118561
-15.537971
-28.131041
-21.933178
-5.531217
-11.980864
-10.038734
14.203224
11.932638
9.117806
17.345848
4.516399
-6.319452
-9.596975
-20.304256
-4.299970
7.860728
9.898848
14.432923
-19.208359
16.069298
-7.775250
4.813786
4.833421
-4.525070
-1.439875
-18.597462
-2.170159
-15.596627
10.006561
-6.403929
5.835997
8.154226
12.906280
-2.053206
-15.280974
-10.768651
9.095641
7.465971
15.099906
7.196625
-3.202056
-24.607883
-17.795790
17.185555
-4.415574
0.188012
4.074831
0.756826
-8.180912
-23.014256
-9.650854
-12.661271
-2.365396
6.240660
0.418722
-14.520473
-3.009995
-32.176769
6.731112
-10.176320
5.246237
1.609403
-10.687620
-20.725502
-14.477235
9.365758
-4.995192
7.086456
-7.203665
0.878982
3.738302
-20.353519
-3.847429
-15.968698
5.525241
15.569087
-9.594632
14.618600
-7.713020
12.669950
18.264507
-1.148449
7.885643
-15.675812
4.413662
11.933764
-11.312080
6.133887
-0.498171
7.241221
0.102536
9.858728
19.117285
-5.499862
1.637281
-1.482933
4.609090
-1.208860
-2.304641
15.880626
-25.730400
-32.408913
-2.091169
-12.115015
-0.438357
9.520131
11.884061
-7.878080
7.530584
22.274561
10.262033
-10.540773
-12.742492
-22.939610
3.254995
-8.981538
5.863861
-16.870329
-13.970575
-13.062524
6.619714
-5.043086
-0.876901
-19.454054
2.512222
2.537235
-16.841982
24.710360
3.975021
-18.079041
10.477251
-14.187695
2.048661
-4.361023
-15.733508
14.286412
10.367661
-15.698012
16.131315
-6.325565
-4.745958
-8.746835
-14.187268
1.454169
1.300713
-15.234509
1.785583
-2.575886
-0.808092
-13.222131
1.713105
9.329700
11.056814
15.780588
18.080114
16.200678
18.017599
2.053752
-19.786026
-6.873427
-4.045187
-12.364883
-13.427955
11.905180
9.993829
28.130600
13.942291
-17.026045
-0.195623
-15.097528
2.978399
10.117047
-10.583087
-24.378138
12.399649
1.242129
4.902009
4.435725
-9.607158
13.666109
8.791188
10.927032
21.565643
-13.716651
1.513676
-4.593525
11.449330
0.683246
2.121696
-8.359690
8.905807
-3.536716
17.341856
22.114786
5.647444
-15.881958
18.556318
-5.996402
13.974710
-9.949782
4.292803
3.331900
14.942476
-8.937695
2.728785
-4.151372
10.293509
-14.776290
-16.053799
1.150700
11.972922
7.558823
-0.912346
-11.809175
19.065010
-19.541033
-15.981268
-6.837126
1.609465
24.748756
-18.975731
-4.858468
-20.652117
10.946325
-8.245346
16.250387
-8.038144
10.783828
-12.931328
-2.939727
-12.532335
-7.605448
-14.922578
19.899929
8.588543
-11.207387
13.251833
-24.978075
5.310249
-0.844903
-11.043060
-17.672955
7.768446
8.309013
-5.893703
16.308371
-15.208483
18.662386
-13.997018
-0.903956
-4.280753
6.548585
7.764675
-10.965105
20.041435
11.092888
17.827499
19.090658
10.883420
-12.864925
1.220966
3.991525
14.016543
-18.377958
13.496552
-9.379211
11.391956
2.718139
-4.643143
16.417721
-5.619173
15.484709
2.996126
7.897819
14.791971
-2.327292
2.857499
9.616351
17.235474
3.424684
14.569493
-17.485828
-15.482632
-23.559847
-2.341717
5.658502
20.765312
6.269007
12.756113
-12.657825
-15.056837
-2.824511
-24.172915
20.153103
16.364180
-17.616173
-0.135366
-24.293568
-8.125887
18.783136
17.650436
19.946056
-2.119456
-9.166449
6.362129
-2.388958
-3.900328
7.210652
20.226772
-10.828661
-19.948889
10.978520
-12.251270
21.040426
8.405137
23.885199
-2.351647
-21.062634
-10.469612
-13.095691
11.496449
11.734929
19.223509
-6.865325
11.175168
-13.531921
-9.725877
-10.730118
-5.887075
9.635042
-15.236999
-18.893024
6.137452
-19.858498
-12.214869
-0.241163
-13.952787
-7.722711
-6.645936
-13.633965
-5.703008
16.134102
-13.418982
-1.058410
-8.941183
12.298516
9.511456
-23.837511
7.507769
10.495527
16.722034
-16.928501
-12.852879
17.547796
11.555025
12.741250
-19.000179
17.256340
-1.383234
13.178606
-7.058228
0.493066
-9.452618
-4.778054
14.262574
-11.297013
-4.424877
10.473087
-4.177241
-9.542186
-2.677393
14.128361
-2.460641
5.887253
2.373139
0.604655
3.029948
-20.144482
-10.344680
-23.867245
-3.833928
-8.741312
4.970339
-26.304913
-16.740206
-13.575326
-3.322302
11.638531
12.532189
-0.919916
-8.202364
8.775525
3.882125
13.499904
12.198931
-7.491372
-7.253563
12.465498
-6.449768
-6.192803
-8.178034
-5.345484
2.494677
10.317127
12.523503
6.441713
-0.202161
-8.468158
-9.789357
-20.437920
-15.062955
3.276459
-5.177672
7.635675
-9.601964
-4.877768
-4.071621
14.322656
-5.669361
-0.328207
-2.450952
-4.138965
2.636421
-0.716189
-2.596853
10.838737
0.440066
8.596495
5.498630
-1.242314
-8.598034
-8.527151
-16.398067
6.290250
-11.791329
8.634977
-10.815438
15.427584
-8.245718
-19.063974
1.454675
-24.012110
7.465388
-17.119474
23.734703
-4.962465
-11.594860
0.758883
-0.395023
-25.678713
25.303631
10.794274
0.730797
11.108077
-3.188456
0.908230
3.476940
21.892645
-12.621760
3.597811
10.822865
16.102205
5.036861
8.485568
3.516077
11.969515
-12.754283
-2.809300
-5.787934
-12.040270
15.929013
-7.073656
16.707373
-17.125408
-12.231157
7.119810
-18.884449
-2.499213
10.989464
-0.442270
15.347833
7.378898
12.536003
12.313307
14.087034
-13.993885
-1.238209
-3.943887
5.743377
19.495581
16.883974
-20.122589
-8.273287
-15.128004
-8.589171
3.230247
3.865246
-22.855333
13.758088
-9.208603
-10.791959
-19.339413
12.980596
16.494591
-6.702288
-4.034189
4.329236
5.933464
2.271742
0.678021
8.107730
-9.833005
-7.233370
-13.263811
-12.041914
10.926798
-21.193535
8.567550
9.603842
-8.577855
2.691451
-12.595768
-11.714720
22.542583
-6.423262
-16.940651
-3.030522
18.922089
-2.715225
8.681922
15.185203
14.996441
13.859667
3.037986
3.706685
-16.097740
3.133941
12.020584
-6.360841
-6.914410
22.062740
6.452195
-17.387505
14.923172
-10.256063
-5.475559
-15.135992
-15.291966
23.156820
-0.092437
-5.294865
4.937868
-8.995044
-9.796103
-5.138916
-14.187770
4.905121
-3.760795
-12.879766
-3.654525
5.277829
-21.252602
0.694920
-10.560163
7.460965
5.772366
-20.333130
-13.653987
-7.138031
-34.087910
6.774019
24.588142
12.782785
26.502048
1.608680
-13.295627
13.842968
-9.312051
17.403999
-2.204564
-18.774887
13.134430
2.278626
-8.805104
9.051923
-7.921565
-12.698874
-21.364737
-5.386552
7.810101
15.832123
-4.422099
-13.087979
-8.336158
1.140752
1.518765
3.076364
15.485299
17.170410
18.189589
-5.118968
-16.341579
16.239376
20.139353
3.456892
13.320814
0.394636
20.065952
-3.337069
13.817413
15.654444
10.641333
-9.774763
2.339441
-2.924407
12.143131
-5.608532
16.042458
13.843142
11.383058
14.570982
-12.199562
12.497217
-2.823494
14.913951
14.923757
4.524944
4.102032
14.394087
-5.403846
-10.815550
18.925880
-17.509878
-22.781427
0.693593
10.140908
4.586463
8.886057
-14.317140
-3.235375
-9.451548
16.813097
-24.642498
10.950540
9.879142
2.171098
16.002995
-13.815661
-6.686911
15.873929
5.186332
-2.364627
12.090593
-17.414587
-13.485663
-8.883567
6.031289
-10.661510
-10.362132
1.660976
-5.034629
-9.530600
-1.835403
-23.803726
1.323153
-8.526685
6.409348
-0.672103
17.393314
-5.035155
10.325665
-15.481932
-9.809145
-6.181128
-7.633050
-11.567191
8.272135
0.086970
3.151314
-7.516333
2.992491
-1.863318
11.401488
-13.434969
-17.112776
1.806503
-0.266125
-0.597567
-14.775906
6.850867
-14.690640
-7.731341
0.849416
13.381369
-2.346011
-5.274951
-18.429171
19.000731
-10.712148
8.068796
-2.421400
-7.878808
5.227272
-21.192060
-8.364756
-17.281700
-1.988510
-12.339410
-22.643164
-8.683116
6.659029
-12.894208
-9.284671
20.757143
10.413421
11.121943
11.133046
-0.635188
-12.045082
-4.372191
19.855272
1.687617
0.568155
11.664798
4.916789
-3.718387
2.157339
-11.370337
6.705213
8.461619
8.578028
-16.913507
-16.913963
7.036163
19.087219
2.546785
5.161733
6.415895
-16.082376
-7.792823
-8.877296
17.475374
16.488810
13.034457
7.685750
18.953993
-1.334523
-12.948558
3.521269
-4.460443
1.795554
-7.019123
-0.513358
-15.066063
-0.074551
15.674345
4.130695
-14.951789
-20.477932
-10.079800
6.246009
19.396769
1.210852
12.308456
-4.249290
-23.557083
11.615422
7.028392
-15.881577
-22.005995
16.681633
-5.590160
16.704872
13.567057
-16.966631
-14.369785
-1.352783
20.711693
16.168982
-17.281916
4.805159
-18.608751
0.008154
8.632238
-13.364415
16.176369
11.272426
2.962850
-11.262276
5.054628
6.030020
-24.009539
14.453451
12.391464
-0.317607
-7.729254
-7.369345
-5.756449
-16.681787
1.209108
-10.894752
15.455981
-9.649956
-0.219535
4.745491
-8.166411
6.571365
-4.246033
-0.621226
16.736208
-4.787992
-10.815532
17.841845
-7.044602
12.499264
-1.780443
-11.261154
-20.231361
3.832688
-0.911669
19.254286
5.258363
-17.558800
18.693550
-6.156035
3.336653
10.544788
-13.398816
-8.043389
8.975418
-8.910498
-23.814758
-4.500177
20.438227
-24.007847
-12.386719
3.714710
11.191961
7.090021
10.944473
-1.175254
7.682153
-11.275031
-18.249243
-2.238194
15.738759
13.335570
10.723063
-16.183773
12.519540
-13.730789
-7.097645
2.567561
16.140024
17.414539
-20.230831
-17.954382
-1.927829
7.692140
-5.642756
6.272048
-2.246321
4.059835
-10.130661
12.240056
13.056822
-11.583241
-2.345685
-9.697287
-22.555260
10.077226
-19.630409
-11.086157
-2.221322
-12.251420
16.552326
-16.106932
14.087639
6.205967
-3.265968
-5.394960
-13.054780
-11.950955
6.643020
-17.956873
-1.995546
-5.166871
-8.965967
-3.059480
-21.453188
-4.130618
17.933012
-6.638118
-15.891712
10.442912
-13.677285
7.401014
-14.213861
-25.368076
-2.317252
6.714220
10.876647
-6.750223
0.482332
-1.797132
-17.597246
13.730789
-17.538050
-3.969929
-14.945272
-5.606569
4.437841
7.725110
-8.627553
-10.146106
-1.831385
-6.600830
-16.540796
-16.895262
-13.765618
2.572589
11.010233
13.109264
5.707647
11.437674
-3.684890
8.224192
-14.337095
1.322087
9.947306
-19.464506
-9.080955
-23.847265
-14.871386
10.329137
20.705671
-12.328928
-14.818224
-14.390518
1.084443
10.620420
12.275270
-9.222340
5.218532
-11.386838
17.216377
8.266357
14.197510
8.188619
10.051488
17.455095
3.469707
10.220443
7.071236
6.248079
-12.283483
18.068104
-24.960831
7.346616
21.774836
10.281031
12.026482
24.563576
-11.730363
-5.980309
1.494066
-1.916783
-11.983299
11.646894
15.617305
12.733988
-2.562859
-0.946343
-9.798779
11.342188
17.909771
6.748232
1.707019
17.225601
-8.531954
-1.847831
16.109299
-1.281418
-1.339179
19.480099
-8.329681
4.195199
-7.199830
-6.661511
-0.206999
20.914339
17.238771
-1.130278
1.311327
-7.477183
-14.160728
-19.612671
2.719789
-9.498095
8.611758
-0.620032
14.551651
6.354039
18.553999
1.250396
-24.188496
-2.757451
1.375741
4.645090
18.730221
-14.471944
-15.915771
-15.299342
4.554150
11.855856
-2.575459
-5.456799
-25.949211
0.444828
-11.604498
10.589188
-9.988425
-10.875753
-16.644392
17.876955
-21.370808
18.691891
8.922358
-13.782907
-6.209401
-1.510402
1.048646
-1.407514
-21.364555
0.170544
-13.000574
7.679231
5.445748
11.700400
-8.063126
5.241413
7.489673
-0.854000
-19.239706
9.621572
-7.568692
-2.629623
-22.025000
-14.820807
16.215639
-3.801247
-1.197431
10.000995
-9.992173
-14.359312
-5.560119
5.426313
4.584140
0.812327
-10.766366
0.040052
-28.925406
-1.896823
13.970563
-13.678403
-10.123717
7.622667
15.878039
16.994783
-9.832653
-1.850432
7.325757
-6.127188
3.517719
6.207561
-5.699892
-21.815485
1.045539
11.390374
18.085230
-12.116603
-19.671274
9.356374
7.235583
-0.847629
25.021259
17.011442
19.182440
-10.053826
3.531698
30.047058
-8.044942
13.621781
6.432152
13.930593
13.495040
-4.943218
24.167383
-2.500573
-0.813413
-12.730008
13.721106
18.071060
14.647590
-6.473030
-13.693321
2.699071
0.672590
-0.290255
-13.071761
6.473464
-17.146917
8.193079
1.706248
-8.162562
11.623781
0.062580
-2.108170
1.881055
-8.728909
-14.008452
0.855908
-12.558038
-9.734932
24.173576
-30.757832
10.936368
17.585941
-8.277012
-18.244205
-12.568318
-10.195233
-6.090602
7.355802
-13.563167
-11.382135
4.406766
14.126414
1.803484
5.667904
-10.494176
9.024042
-13.629318
15.917758
-4.336421
-27.078457
-2.446939
-2.268543
4.522250
-16.475538
21.756899
-25.809984
15.852067
-21.925915
-6.267086
-18.240259
-0.527162
9.960281
14.694151
16.764021
9.892429
-20.859108
-9.390491
-14.152870
9.464831
16.845934
-12.713739
-8.708453
-3.892461
5.900606
3.203907
-0.559875
0.451281
-1.769652
-4.759588
-6.319840
14.967608
6.854149
-1.361007
1.461297
18.295519
9.909650
-17.217587
3.397589
10.936236
4.734297
-9.148627
15.837293
12.469483
8.649212
-12.561092
14.065886
-6.078406
22.849142
8.703031
8.676468
-12.775918
-9.725874
-0.575396
11.733261
-2.534939
-17.192369
-2.373068
15.175659
-14.579563
-5.196196
-1.352227
-11.001442
6.892138
-20.108027
5.209470
-20.523973
11.404161
6.624364
-4.740958
-4.773218
12.972694
-3.644282
6.801198
-9.583158
-23.380329
-5.814036
-4.662716
-17.255884
12.332674
8.464878
-3.484067
6.713176
4.271769
11.157172
-8.424052
-4.900445
-2.227569
-5.979798
-0.709074
0.874742
6.425307
14.722658
4.794284
-17.702803
5.762088
-2.410491
7.775389
-15.487185
11.011874
11.923951
-13.046839
21.304443
-3.884920
5.851978
6.980844
0.807007
14.281994
-31.276350
15.589098
-9.815748
12.053185
11.900003
-2.642806
6.371101
0.280057
3.697773
-1.724702
12.256163
-0.990771
0.815318
0.161543
-5.674410
-23.147507
4.142547
-14.314024
15.953564
-4.971113
23.820736
-1.985001
-4.434062
-1.974552
-21.335426
-3.535238
-0.753798
-12.789702
22.507399
30.929647
1.266567
-1.262544
13.921450
6.993004
-15.070151
2.607679
-19.372972
-9.377244
18.607533
2.083342
6.865584
-15.144698
-8.482252
-6.337511
-3.541648
5.984661
19.173773
-0.941651
4.206594
17.227322
-4.382389
-5.928798
-19.238888
15.034208
-22.061337
12.799006
11.531895
19.823078
12.960277
-11.843641
-8.066751
-4.099173
-1.886449
17.726011
25.153399
6.428788
12.479682
-3.760454
13.562837
-0.088501
11.491868
9.235695
-3.778699
-9.520873
-7.487403
-3.317557
-11.713103
-12.247180
3.809427
-17.910938
-12.779559
0.980290
14.450139
2.703936
-6.879783
9.285256
-6.973923
-12.424016
15.806095
-10.938256
0.272856
-17.691534
-3.765062
11.370704
8.020064
-3.146981
-2.682609
-10.289244
-14.437457
2.245753
-14.940077
-9.346078
10.564254
-4.001944
6.216003
-14.190181
3.451323
2.179201
-9.803402
-5.121466
-11.278308
7.748011
12.148009
17.730738
7.082347
-10.622610
4.992101
5.178365
7.714554
-21.784195
6.330066
-9.737374
2.375424
8.136044
-9.927647
-9.387336
2.906434
6.089458
-28.810793
-4.424463
-6.715578
2.951557
-17.655815
-3.538308
-17.942570
15.698717
21.700277
4.692091
-10.929523
15.598235
10.734550
-10.170167
0.984679
-17.640450
17.129332
17.738556
4.344202
7.661907
13.603210
-1.931745
17.489214
-12.678967
-3.294686
22.644136
-20.603479
-14.477692
10.482656
-7.292914
15.649520
7.242213
-9.746544
16.652332
-1.312795
-4.230179
-23.686113
-10.588970
8.432042
14.370332
14.554935
8.410039
16.348602
-20.405760
2.311463
14.304488
-20.534777
8.284049
16.506353
19.983345
23.047312
-0.419494
-19.659325
5.077420
2.427252
21.037596
-15.373434
-12.178935
4.118534
12.969767
-7.170363
0.929535
16.071922
-23.381741
14.413125
-3.257465
-8.299129
-0.111264
-15.260962
-9.207390
-10.583896
12.982630
-17.806234
6.003280
8.716857
-9.016009
6.635272
-1.953645
11.208589
-10.626607
15.944556
-17.659035
11.034739
6.772645
22.584503
-6.001580
27.193996
-22.997814
5.948122
22.982195
7.052538
-13.422136
1.179025
2.971643
13.635857
-10.875678
9.623584
2.980676
-7.397956
-4.413260
2.651142
2.894461
16.632710
13.146789
16.662724
-3.563562
-1.749529
16.956566
5.508135
-0.319693
-2.102079
-0.268917
-4.102723
16.971653
-16.692999
-20.844208
-17.470272
4.473209
-2.814526
-16.789440
11.455980
-8.447715
-12.001360
1.799942
13.348221
-8.454401
8.475893
-18.608412
-19.178879
12.352299
12.333767
-11.060729
16.010330
-11.547986
-1.155395
8.344687
-10.769012
-10.202201
6.554672
6.862135
-23.518158
-8.207583
-3.311141
19.297018
-8.044975
13.638411
5.703084
17.725965
30.103205
9.557295
12.507290
-23.183746
22.642330
3.637470
20.993488
13.136674
-21.468380
19.907976
13.810650
-19.193535
-5.704790
-6.471106
-16.569431
-10.205297
15.919941
-5.801912
-14.875791
-5.311081
-9.787151
15.071628
-13.094875
1.094809
-2.384329
-9.787840
4.189953
-7.191857
0.729389
17.883028
3.770150
6.344021
0.959110
-14.169262
9.975038
8.923062
7.982350
-18.001396
-11.115268
-12.884496
2.321742
-18.206163
6.709499
4.293903
18.591976
13.709933
9.235294
-9.515897
19.846058
-6.002459
-18.890757
-7.151987
3.092956
0.357662
3.543526
-11.062345
10.226795
3.142132
-12.772593
-17.123558
-3.388991
-19.352757
-15.636746
12.730695
20.782940
-5.815456
-12.072572
-14.728012
6.015368
3.270907
8.854532
12.568260
5.889245
-9.664243
3.195503
-14.686858
-15.249728
-11.695924
8.595904
1.064885
6.076695
-14.343672
-11.207407
6.471128
17.507105
3.170779
1.383045
-17.581236
2.029042
4.892975
-8.724689
12.652002
-12.499396
19.062130
-20.362928
-1.587850
17.464968
-6.038084
8.814030
-11.491165
14.562447
-7.956746
-18.253790
12.635748
16.285583
1.163866
-9.380246
0.669101
-30.636208
6.840500
19.818081
1.301751
7.299639
9.517804
-6.007377
12.582041
-23.018068
-9.160505
4.758573
4.586874
-11.718589
-13.796097
11.194094
17.586926
-13.252654
-2.742624
-5.643575
-0.409226
-29.324974
6.144451
20.019487
-7.097254
-21.213964
1.459364
26.400524
5.926077
-4.908257
-22.698393
5.804575
-5.834069
-2.206726
-0.467019
-15.210166
-0.506278
-5.932646
-15.979293
2.977542
3.608912
-8.202612
-6.562410
-0.452141
-15.734305
0.623304
-8.118408
15.378624
-1.556188
15.610714
-10.504438
-25.484180
0.161742
5.478777
14.953689
-12.130575
-8.786698
6.645965
7.652669
12.011748
7.911470
-15.878959
-10.483798
2.158611
-6.534389
12.162111
-2.766585
13.935049
-2.305548
-16.463980
15.191140
-18.407730
5.607511
-23.038504
-3.420551
4.611391
0.409128
2.280462
-11.361594
-16.016869
-13.532659
-16.425343
-3.382775
-15.237710
-13.820305
20.942781
-6.951456
0.119014
19.454054
26.724653
15.528085
16.716087
-13.334271
25.775608
3.829529
16.062662
3.896974
-4.509243
-11.654139
3.969365
14.611160
4.458423
-3.063705
10.177625
-7.699988
-4.358804
16.189165
13.193917
-1.443219
-3.303919
-7.836887
-16.660662
-11.366438
-11.619339
16.790060
-1.647518
-14.475323
3.118414
-3.790807
20.140961
18.244452
9.803085
3.805774
17.896788
9.506199
1.665474
-11.419042
7.572404
12.937835
17.273571
-12.404072
-10.399382
8.894747
-19.881149
10.988437
-4.270983
-19.478083
-16.915968
10.314368
-10.534613
9.484260
11.004147
9.337454
-8.077683
-12.887310
-11.172199
-16.762655
14.335192
7.653376
-0.660027
11.658895
-15.933783
23.648693
-19.076183
13.302939
23.768274
-5.365465
-27.654793
-10.019739
-8.115612
-4.820034
-1.313032
-11.031260
16.567303
7.240686
-26.848898
-9.467017
1.576121
-13.053259
19.538702
17.372757
1.771626
11.812127
1.987379
-13.640560
-11.262132
6.177622
-16.816500
2.574836
12.957536
13.313670
-17.248169
-11.811020
-14.156174
6.492519
-2.218067
10.919577
12.333713
-14.465732
2.760396
5.989317
15.838927
-18.681406
-2.568999
-0.210823
-4.068245
13.509341
-15.991655
-7.260051
18.048126
12.602767
-0.334261
7.886653
10.110926
16.904572
-12.320080
-1.556143
9.438538
-14.948692
-10.158944
-22.721447
-8.447751
-3.242861
-2.470137
-10.493993
-6.906796
-12.506595
26.808796
-11.388821
12.921408
16.478771
-16.668076
-15.641595
-2.106158
2.652138
-8.103412
-11.362093
-13.065365
-1.947850
23.555746
1.637944
5.803235
-1.966012
-6.418316
13.102686
12.505012
-1.461372
9.015218
-4.091261
0.977027
6.650059
-14.228736
4.115788
-18.530628
-9.821825
-6.253402
-13.343056
11.502029
10.419152
11.977335
1.241829
-3.526932
-8.425842
-5.023680
-19.798965
10.821994
3.473541
18.542879
-7.664427
16.280132
11.149018
15.220266
-14.480307
-18.347643
-14.677712
17.045820
-9.886494
2.764932
-4.251874
11.511374
5.630095
-9.497132
9.571893
2.228680
3.159369
0.971517
-2.620657
12.007964
-3.031598
21.587957
-9.560613
14.359262
3.844910
27.653797
-5.644796
7.822522
21.793201
15.883185
9.051786
-9.774529
5.665701
-6.918083
-9.033191
21.821442
-6.102003
2.953594
8.584165
-10.103200
11.299037
14.389295
-16.493610
-16.545050
-11.899848
21.394215
7.838176
-3.295468
16.756693
25.328199
21.023750
0.411112
-10.810362
9.535728
14.706337
4.662330
-7.307608
-6.194277
2.664879
4.380538
12.500832
-4.780495
-0.523792
-28.542744
-7.077652
-17.798271
13.170630
-10.486439
8.986850
-3.112670
1.651355
6.839804
10.879923
11.384435
-11.882508
19.561808
-11.410070
-15.094769
-3.311604
5.736804
2.696641
8.596539
-17.040628
-0.222425
-9.712478
6.910071
3.214562
-14.071655
-19.921423
-10.682490
-3.849436
-27.889900
6.551984
16.179880
-4.342869
-12.219931
-9.664355
4.081956
-13.573145
-0.167949
5.249205
18.309498
-3.623573
-17.035198
4.843647
11.743005
7.154028
-7.816144
-8.919167
6.825301
-2.256615
10.331611
6.752976
-21.601919
-9.960715
5.103780
7.581696
15.272172
11.310849
-7.869749
-19.822754
11.197767
-11.698373
-12.374613
-6.524306
-5.011988
22.285824
21.576742
-10.506755
12.184031
7.317792
-18.850328
-14.836858
2.331869
9.420708
10.269396
7.347926
-11.183899
16.305510
7.837908
7.113383
2.302113
14.857437
12.247908
5.311102
-7.932468
5.724483
-7.131511
-0.357426
20.616377
17.786913
-27.794197
-0.840867
-23.387917
5.832567
-22.104317
19.690628
-7.323347
19.870239
-8.174953
-13.922677
-16.954800
-12.961155
-3.532081
-14.550288
22.247679
-5.279500
8.932549
3.026353
15.615313
-4.608417
9.966221
-8.055768
-21.416037
-7.005517
-8.946784
-3.533374
9.307920
18.004808
9.804903
-16.733027
0.222335
-10.061904
-7.856803
14.341063
-9.072645
5.529150
-11.215993
6.978527
15.292198
14.505409
-27.545330
0.657184
1.327264
-3.257779
21.742531
-11.253986
-9.572146
-1.655781
19.715122
-0.738994
9.198997
12.493472
13.054642
11.485525
5.645231
0.304265
6.596542
-20.099989
-8.303870
-7.371737
27.814571
-5.521287
20.509001
15.518022
6.854934
12.501283
-14.983511
9.621995
26.197823
0.963817
16.724133
-11.815643
12.222069
16.138685
-7.243004
-7.768177
-14.762826
7.439920
14.482877
-11.682708
16.031837
13.583515
-3.354850
-12.015927
-10.633441
-9.984817
13.465984
-12.572349
5.352152
-7.823226
-8.697639
-14.038602
11.986214
-16.699421
-20.602625
-13.147766
5.069818
4.303385
-8.675918
-12.745009
-2.873334
-15.987400
-14.730987
-13.819881
-1.321927
-16.595081
16.969915
-0.633281
-15.375908
14.558778
-18.199690
17.108643
-0.726736
-12.461144
10.719838
16.090868
-14.549727
13.426884
8.854700
-5.240376
7.990772
18.470583
-7.497327
11.730226
-16.611351
-2.025657
-5.131746
-0.702611
-23.487545
-3.144783
23.291084
15.137714
15.818224
16.823755
-0.117533
-2.396728
-9.948560
0.058871
-16.280207
14.003402
10.767820
14.661045
-4.049302
3.599008
-6.649774
9.235646
1.807217
8.305583
-17.425665
-5.358692
-18.753607
-8.000925
-4.301255
0.549218
12.341869
-10.948884
15.623106
5.650114
21.411036
11.226779
10.699500
6.692223
-12.063777
4.852698
14.730868
7.896864
6.314242
13.482028
-21.266508
-11.395911
9.750445
-6.864548
11.094973
1.602145
19.335472
-5.999062
-2.577414
10.080320
6.374533
-2.188230
9.761449
9.970384
11.477111
4.329426
19.289616
-16.193869
-0.926750
-20.515392
-4.025619
0.217131
-2.871361
12.066547
-18.076283
14.556790
21.413889
-18.108572
15.018665
-0.819454
-1.948211
2.097202
11.205221
-12.380013
4.742763
-15.263082
-1.325707
7.361881
3.859099
6.279701
-18.466208
0.677199
-4.005227
5.571062
14.716177
-4.890574
8.958839
8.718838
11.246980
-12.865080
-0.004214
-3.745223
3.602247
-1.409730
4.560139
-8.121077
6.141399
-4.150829
15.656007
6.322157
3.081707
-11.950493
-3.122222
13.411398
-17.451204
-1.014887
2.862952
-6.892051
-10.065231
-10.979870
2.215335
0.409427
-15.507172
-5.705967
13.655797
-15.955401
20.660688
7.826547
0.584406
-19.195631
9.347361
-12.787880
-7.931472
15.454731
-9.474734
5.938203
-12.420453
14.122288
19.247557
13.803544
-13.132232
7.588543
-18.761751
-1.482273
10.636600
-4.506330
9.070781
-1.046571
15.215285
-5.900525
-23.055323
-8.251386
-5.995077
4.017756
-11.080691
-0.355705
18.324890
5.626837
10.227441
-12.032477
11.875584
-0.948601
-4.629144
-6.318685
-0.799902
5.921413
18.663832
12.207461
16.798841
13.473877
15.418283
-6.183115
14.725819
3.245509
1.611570
-6.815421
-3.281943
15.839767
-23.895266
-1.344290
-8.321992
5.622897
-12.182839
-0.904425
11.238050
-2.480951
8.029315
-12.052358
11.186775
-8.684001
-4.963732
-6.187133
5.946465
2.965216
11.370337
-1.672212
-19.485130
-8.697577
-21.840454
-4.278430
-19.361160
10.838243
11.909582
6.997251
21.332329
-16.150131
-12.314721
-6.444000
-17.232822
-23.153971
12.532867
-11.101001
-10.148478
-6.412473
12.332258
11.231519
21.189350
9.722175
-7.070409
4.946491
-2.001289
-8.583456
14.119489
-5.585862
10.695117
5.094974
15.669303
14.718692
-3.777580
-2.062205
-15.753413
-16.792036
-6.292132
-17.972378
12.804265
11.457242
-3.358062
-0.800079
-6.489277
-2.882953
2.072558
-14.676947
27.356993
-6.666989
9.741334
-3.109374
-11.272799
-9.286017
-1.629480
12.648866
16.113264
-9.743259
3.275270
1.249019
12.297947
-9.947817
-4.385237
3.115936
-5.356940
-20.608980
3.836973
6.279442
-12.178520
9.240553
-22.138466
-17.178326
-5.641316
5.234294
-13.272949
16.812370
18.818296
-6.940883
-11.218908
16.276348
-13.535920
-0.523625
-8.148100
-13.724703
-9.881721
13.777199
-8.199909
-5.932234
-3.700300
3.702861
7.124528
-0.958005
-3.503802
-13.462670
9.748567
13.967963
-15.930987
5.747581
-11.635861
-16.384449
-11.147322
10.584352
23.554081
-2.983178
10.651414
21.204681
20.500820
-7.822510
6.175706
-2.874127
-16.451550
-3.256358
10.538485
6.324699
6.870655
3.406550
-4.626639
-5.338384
-17.098228
19.906900
-18.833244
-0.539102
-0.657469
8.428223
-3.203270
2.556993
-10.025853
-5.630350
-2.396519
17.226746
20.231974
-7.574612
-25.502707
9.359956
-7.435703
0.964160
-8.825698
-13.637033
1.443830
8.513883
26.129229
16.902241
-5.030048
-0.886621
4.580101
13.267632
-20.274384
7.464249
3.596886
2.364670
-3.163073
11.992172
7.675016
15.110945
-6.610892
-6.498466
8.046890
-16.069735
-15.825475
-10.403983
15.271851
15.369431
14.192451
-15.598549
-14.307940
-11.014522
19.584976
13.485940
-13.455655
-12.806318
1.917915
7.569822
-10.013995
15.411194
10.665143
-20.143633
7.759799
-0.378401
-18.976295
4.597219
1.733008
11.028749
17.130568
19.604422
-15.670440
-1.273100
-15.681746
-13.547150
-12.796460
8.384794
11.259107
-1.194639
8.631098
-17.726534
-5.067774
-9.938199
-25.626387
4.164482
23.771439
16.378689
-10.975510
10.537028
-25.742435
-6.439863
18.666224
11.431780
-17.573172
16.344002
-3.150126
11.576556
3.028680
15.062537
5.195802
-6.435764
12.742747
-15.102884
8.362729
5.104296
10.219088
-4.901436
4.246641
-9.600158
-19.818247
-8.346678
5.878258
18.049248
1.895626
2.425073
-3.978653
-7.924901
-2.837416
9.766984
-6.559234
-21.787767
12.150091
-2.131201
7.423560
-10.824401
7.647087
21.786079
-12.055815
-14.284230
11.339131
13.414925
0.465616
13.518796
-2.764978
12.900710
19.871742
4.951356
-11.456465
-2.586608
15.042542
-13.920158
2.990224
12.931049
13.317740
6.694609
17.194963
7.890536
23.360764
-2.973722
-2.456686
-22.573986
1.040152
-17.732162
-8.137497
2.720713
13.526424
-9.934834
7.099769
-20.363640
-10.211706
0.283599
0.133753
-8.697803
3.200825
-10.423379
16.336380
-8.182986
-7.304638
-16.189987
-1.122746
0.098345
8.081389
1.383646
14.813350
8.883348
-16.707586
0.265978
1.787699
-8.675215
17.520512
-8.743271
15.938024
8.701819
9.494370
-18.341225
-14.225988
9.325696
-0.891952
-11.483044
10.427275
2.152884
-3.397187
8.579260
-11.019831
7.246850
4.057994
15.929205
-18.495264
11.839828
15.036626
6.389349
9.495909
-8.359263
18.585846
-5.010173
7.528754
-3.373052
-0.718226
-4.832502
0.120420
10.555987
-6.155324
1.015701
9.006084
9.678562
-20.599380
-1.165197
21.320070
8.361969
15.903657
13.603014
-3.006077
9.574324
-3.276834
9.934419
-3.747469
10.823969
-10.133506
-2.418692
10.660423
15.280111
5.519651
-17.756491
11.785943
-2.762414
2.886376
4.509611
1.698288
8.186489
-0.340924
-6.536335
-1.896191
6.126815
-8.809714
-0.216195
-17.416712
20.540266
-10.611623
-19.749502
0.311982
-10.720366
-12.320938
-5.197086
-14.487193
4.367096
-19.069521
-15.448647
8.706300
-4.830494
-1.682296
3.160607
-18.826752
1.085631
8.023386
7.523360
10.476927
6.210337
8.585792
13.456954
7.067767
-8.825808
9.020520
-1.980605
14.581415
-6.151073
15.054257
-10.237803
-15.117411
-15.418003
-13.313999
23.200142
-9.385738
16.839258
-7.243658
-20.283684
18.797220
10.393242
10.128751
-12.354904
-15.534749
-5.474233
22.665335
-11.655208
-6.245558
7.215271
6.676857
-10.859538
15.596934
-17.348663
-15.014409
-3.056933
-11.303831
2.877474
-12.648342
3.336033
19.813877
-18.872862
-16.655848
-19.079473
-7.854901
-9.715461
-12.306276
12.206947
22.674845
1.066463
-2.112025
19.851606
8.708282
-0.517290
-22.976864
-10.692713
-6.165399
-2.858439
-3.937562
-0.871211
-12.103461
11.212639
18.468256
-10.242364
-2.713540
-13.456728
-19.366753
-0.182894
17.288313
11.206554
16.890633
8.131868
15.743928
-4.854527
8.102863
-4.014544
-9.303825
19.032087
-23.785086
-2.785134
20.571966
-8.465652
-27.271278
22.484089
9.311074
-16.157572
9.329412
12.637663
-1.593517
0.096454
2.805824
8.920871
3.030591
11.323839
-13.655052
14.503701
19.553469
18.774080
-2.934554
7.734428
21.938931
-0.939564
13.718850
-13.910021
-5.554483
-2.500904
0.883766
-17.157419
-20.846291
-15.157979
4.060615
14.967507
-6.989885
2.287915
-15.290113
-0.775912
-4.468346
12.227185
1.231916
-2.388355
-18.086681
7.462122
13.896867
-3.929090
13.656507
17.083769
-19.981024
9.365084
6.938702
13.521914
22.176249
10.961534
1.860324
9.085993
15.053117
-9.654542
-13.664638
4.087861
-17.511211
8.771767
4.913455
-18.986773
-8.381920
9.129116
3.683053
11.878512
27.071409
-0.733456
-9.809113
5.630047
-5.386686
-9.143182
0.203175
-3.886614
-18.704292
2.654976
-7.829461
11.157232
10.215291
0.680910
-18.831593
-9.636786
-1.659328
11.414137
-15.870247
3.616606
-15.251115
-19.167374
-6.167401
18.436378
3.674473
-8.849636
-3.899220
-5.627900
5.170173
2.063196
-16.717363
-13.153468
-14.184999
-9.525209
8.688775
-1.372779
31.368484
10.828334
1.156106
12.865161
-8.906148
0.105553
-18.379425
-1.417831
19.051346
6.282974
-5.460557
-10.086572
15.023648
-0.177448
-7.306952
15.825253
6.514754
1.047488
19.168671
-10.506828
0.149967
12.047413
23.238054
7.720872
-4.985498
-24.397175
11.865874
12.449867
-15.659453
6.518486
-0.217318
-7.539416
-12.974116
-6.643176
13.095107
-13.804234
-1.499439
-8.959833
-16.031712
-15.591054
10.604463
-17.103287
-14.439319
-13.735826
-13.261921
12.838717
9.605247
-10.834644
-13.411661
-14.747254
-13.253613
-13.355740
-5.888340
10.902757
4.962560
-23.144331
2.242783
4.626564
-1.129655
15.850054
-2.224911
-18.970938
4.341059
5.538818
6.861556
-13.617994
9.813215
-9.847467
5.889845
-11.269787
12.200350
-17.016380
-0.789962
6.453648
-14.248855
-10.642140
6.666785
4.519041
15.783091
14.266614
16.006584
-15.138407
-18.125462
-7.320055
10.235123
-6.459766
18.870201
19.548735
-12.259531
4.800031
1.393606
-12.115166
-16.821602
13.498450
11.784542
-22.127129
5.676056
-6.048831
-13.231359
2.113976
-19.464643
-9.315369
10.819513
-9.721385
3.545573
-16.477682
8.744898
7.626119
-10.294346
-3.378309
8.754331
4.735199
-0.911790
-17.270395
-13.680501
14.953438
-18.205046
-0.299363
14.784194
13.331021
-1.680511
-18.723417
8.489706
-5.352098
6.942951
-6.446804
-5.655087
5.272107
-8.533713
-10.833204
-6.577871
-0.788315
-13.313745
10.123062
10.796379
13.219196
-7.377113
-0.174394
4.390245
-14.536996
-24.299461
3.691219
6.671359
-7.442305
18.019846
20.340981
13.786418
10.172145
18.514505
-2.807407
-15.846601
15.923475
6.713600
13.942579
-25.035101
-18.896435
-10.927261
-1.833226
-2.603756
22.265053
-13.590098
1.697060
14.616527
10.693392
-3.271272
13.322802
16.603098
-10.465802
-16.651232
-12.026017
-8.711769
-4.299315
17.022301
3.219793
-9.530234
3.218042
3.815839
-17.783155
3.463618
-12.785153
-13.427011
3.337379
-22.487112
-0.926091
-5.837420
13.800978
19.412062
-13.499547
-8.913329
-9.838928
-13.215938
6.497309
15.588143
6.719050
-4.101010
-8.144159
17.891495
-2.827711
1.890253
-12.171357
20.612890
-3.136158
10.014409
-17.054985
-14.361166
12.699626
13.597563
9.886048
3.373088
-19.041159
12.822873
-0.711735
-27.256580
-8.591422
14.264853
-23.165930
-21.856985
14.887714
-1.811837
6.604899
-26.793890
15.566641
12.474160
-21.403360
-7.022542
13.077803
-16.618065
11.702786
7.633808
6.760467
-5.896321
1.399589
-4.568277
0.691228
1.196181
3.830215
10.523316
11.901366
-7.174817
-13.532149
-6.548120
0.439819
-17.006039
-8.257626
-15.347338
-14.798904
-3.847482
3.169138
-4.844209
-2.744399
-10.834482
-11.837096
12.574027
-17.154490
-11.342399
-14.370092
23.872606
-7.326414
8.991982
4.375895
5.672434
9.924345
12.560720
-1.726192
2.183246
-4.550626
1.288149
-9.589122
7.766102
-8.744847
-8.314521
-9.312848
-5.595883
14.424273
-16.846968
-17.002169
-7.312209
-0.456812
7.389933
9.841050
2.791165
9.945680
1.116269
5.307870
6.385545
13.578528
14.214237
1.091833
5.813145
7.353073
-20.448425
8.087756
20.974022
-9.679118
-8.582525
2.299759
5.251458
1.190308
16.023067
15.297630
13.266200
10.268064
3.421618
11.428998
-6.870621
7.158590
1.570433
18.700205
15.458872
9.817813
22.025440
13.718950
6.065224
11.366840
14.062236
1.996199
-11.204731
17.240240
-11.390854
-0.185586
6.546168
-2.487805
15.293904
2.867443
21.255840
5.888071
10.075748
-17.724279
20.190243
4.794312
-1.445498
17.829758
-11.866720
-8.295898
-11.602767
5.505341
1.938052
-11.493703
8.639649
3.738975
0.874849
-3.136252
21.205963
-15.571307
-5.709245
20.548754
9.255959
16.339314
10.836667
-1.553871
-4.142124
0.551652
7.226939
3.857834
13.138494
3.165067
6.567947
-12.035305
13.671447
3.213727
-2.367226
10.689121
8.913217
-8.451011
13.511743
4.048235
-14.986711
13.171591
-17.082075
9.566852
1.740982
-3.668648
17.386623
18.108770
-13.056409
-3.570330
-9.602368
18.501818
17.873821
10.060941
10.757365
-0.756924
3.246575
-10.732573
-19.988804
9.672660
11.416639
3.202609
24.102909
-9.775596
-4.517197
-4.295940
-25.062180
-3.532100
7.537690
-8.093652
-11.316301
-0.023842
13.020683
9.645711
9.581640
8.096737
17.162313
16.157948
-26.904224
10.516063
10.118819
8.914351
19.565559
3.803300
-19.884905
1.832575
-12.086066
7.753336
-15.626354
21.875256
4.301601
11.734829
-17.422634
8.302944
13.298433
-2.343495
-11.471884
-7.366507
4.809494
4.265503
-3.965121
1.301749
11.901465
16.201698
-16.162296
9.076232
15.338133
12.552197
4.423494
4.342935
11.124019
-0.581690
-21.692133
-9.941806
10.406590
-15.859430
-14.688069
4.445881
11.713265
13.936510
10.769640
9.349387
25.160212
16.493158
15.629393
-6.595512
-7.108967
11.458430
19.687672
-0.850106
-2.072517
-4.885081
-0.403756
7.614008
13.937579
6.510673
-1.105329
17.785694
6.800824
21.836590
-9.398568
-16.065182
2.777365
-4.154232
-23.889441
7.220748
20.601795
-2.925538
16.844994
-4.164337
-20.597212
-1.109616
-3.784918
-23.201553
10.955982
-15.602868
12.806436
-8.179106
21.500158
6.546685
-22.607265
10.522985
14.596989
1.975978
-9.698851
-9.365172
-2.083676
-16.767015
8.864288
-0.068875
3.988060
-13.783103
8.173939
-13.804458
-0.353154
-5.142312
-12.941217
15.632200
-10.333891
-18.908792
-2.067933
6.215107
7.014806
-19.371172
-3.365013
-24.399252
2.106540
-4.664076
1.199150
-6.552571
-20.129829
-4.252790
-3.334553
-16.285576
21.348080
-2.566008
-5.849030
-15.398712
-14.560693
-3.193080
2.537925
13.001219
0.250620
-13.558805
6.300327
-5.234835
10.222403
3.536826
14.424362
-19.704140
-22.490993
-17.811699
-10.968362
-14.631185
19.292612
-10.554941
-0.759103
-24.439465
5.708194
-1.233727
-8.554866
-2.679788
10.401689
6.116383
2.469902
2.269905
9.042909
-1.946254
5.535337
16.398376
15.870594
-0.476866
-8.438625
-0.694176
6.899927
0.331716
-2.373611
19.971703
-10.478051
16.922838
-2.230278
6.812183
9.888153
16.841473
-5.431330
0.398174
-15.910064
0.807866
16.144838
3.458578
-32.161438
-11.595771
16.444653
6.612396
-8.901345
4.732668
-11.561249
17.835194
-1.633889
-3.148275
-3.419341
-10.358574
21.912842
5.449538
12.897321
1.592783
-10.932242
6.747143
-20.677057
6.586326
-12.943259
3.835888
19.067562
-3.465272
-14.378384
10.555117
-9.634513
-10.506959
21.220701
8.528802
18.608154
13.503695
-0.121651
-5.090375
6.183894
12.844004
18.539679
5.214756
1.877558
-11.055051
4.780753
15.218158
-9.762651
2.225315
2.457220
-13.972488
-5.269476
-12.020136
17.052082
10.937007
20.088795
-5.511235
-14.776028
18.185658
6.049421
7.372783
9.119399
6.389990
-9.125066
-1.166869
-7.462428
1.288965
-6.922087
15.643796
-15.386453
10.129453
19.078211
0.087569
1.923661
10.638011
-21.508419
-13.649556
-13.652276
5.543117
4.344284
4.772148
7.524700
10.947778
7.332004
8.767596
17.303226
-20.821859
8.865555
10.842576
2.986893
-8.728609
23.728073
-10.442781
2.910998
22.760139
-21.016743
-4.185189
-0.204974
21.594791
12.800322
22.564886
-8.637924
-16.363142
1.869096
-8.487099
12.142060
5.261610
-0.799149
-12.543791
-14.139312
14.378757
-6.569983
9.058612
14.944674
-10.143363
-2.440589
-12.702067
3.707488
-0.204812
20.498384
-2.914391
-14.411530
0.650614
13.144366
-0.215974
-1.301764
3.045650
2.234229
-12.853601
-5.450322
-0.032597
-5.527987
-3.170039
-28.653318
-0.653408
-18.653828
6.686524
15.970552
1.168947
-15.824061
11.465696
16.913445
13.313245
2.743371
-15.602254
8.118822
10.184580
0.314949
6.461740
-16.140930
19.505072
-8.085553
14.354287
-23.493549
5.169517
-6.905894
-3.714329
20.037586
-13.488254
-28.791348
8.610976
0.549269
-12.349543
10.651783
11.401939
-0.559512
-4.524835
-7.953972
-9.990492
21.145477
2.000095
-3.914751
-12.253311
8.791649
-14.567902
-12.755220
3.181299
-14.980893
-15.400361
14.493562
-8.820100
-11.393880
-13.609816
-23.396681
9.166357
-2.923095
-4.052916
-22.145016
-11.667762
-14.238253
-10.275129
9.823739
-13.558536
9.542937
-4.256334
-3.485594
-18.448105
1.983258
-5.831493
-11.041186
14.173085
5.404551
5.214446
14.502651
6.131216
6.669765
-3.582216
-10.993213
-14.853580
1.900370
10.160068
9.496159
18.716652
15.417300
-9.846189
-12.771756
13.987431
0.931532
-4.476787
24.202999
-15.368989
15.219569
9.381267
-17.065538
-9.120307
-19.755640
-7.829438
6.639461
21.670563
5.031438
-3.014842
-9.515800
7.365582
20.165199
9.561264
19.273888
-3.874389
-18.472828
1.640370
-12.581010
3.557652
-16.776243
-13.958279
-15.694259
-7.884538
9.831287
0.216347
-2.921866
17.185791
10.467913
-15.997391
-21.392487
14.490132
14.018575
-16.737196
-7.126514
9.083108
7.775737
-17.933027
-12.050954
-21.060617
24.028927
6.253493
13.251952
9.589029
-2.892313
-15.034803
-18.427692
-4.663231
1.493815
10.325976
3.153932
2.578807
7.200058
-6.246738
7.188180
-6.209489
3.673850
2.323758
-12.342786
-9.963683
13.188246
-7.774003
-11.847464
-8.551755
-9.930188
-14.124398
14.165921
16.786821
18.563091
16.856302
-10.885257
12.508708
-12.396380
-8.203302
8.521403
-6.628749
15.273989
-14.062173
16.384968
-9.570724
-0.444878
-5.392435
-12.991252
-14.731797
-7.917632
15.842585
-6.107150
12.331090
-10.621284
16.834412
19.669750
-18.195419
8.837875
-7.362370
22.406927
-17.052340
-14.445899
21.212446
-1.442633
-13.518903
-8.566256
-18.662769
5.928879
-0.059855
-22.435284
0.195313
-14.908916
-0.525989
24.047144
-12.430942
3.072425
0.678448
3.395291
-8.279640
2.499588
-9.630601
-3.915081
9.964968
-4.567540
19.590698
-15.258114
-13.273952
-15.547029
-14.825107
33.626671
-5.060740
11.167566
20.535702
23.898092
-20.065096
-14.161272
-7.193676
-6.083454
-0.338858
4.472081
20.617662
1.951548
-5.088425
3.112827
-8.913519
5.088358
2.848084
9.389802
-8.114230
20.126907
17.304960
-0.384336
14.795160
-10.494833
-13.652442
-20.813112
-13.073344
5.292148
-16.172756
23.457525
-1.850246
16.612219
-12.229236
1.879517
-9.039057
3.150424
-3.781547
-5.049403
10.696888
-1.985560
-14.096791
-6.566833
16.118631
17.492926
8.751409
7.045147
14.826254
13.601029
-1.499774
7.461774
1.623682
17.757433
-5.805698
-7.502886
-1.107201
-7.900753
-12.044950
12.077326
5.805099
-12.114574
-14.318827
-17.776344
-21.037680
-23.903181
-8.372741
3.746570
-9.742316
21.502171
24.425236
15.199179
-2.037997
25.044270
-18.139694
-5.317504
2.715803
10.607334
-3.808051
3.299034
5.301507
-8.243146
0.053016
8.737523
9.704017
16.214651
-15.714775
-9.672300
-3.927710
17.053001
-20.507755
-18.443529
10.567080
-15.215625
3.364636
8.711678
-10.718104
-1.755509
5.821650
1.985155
-11.846685
-7.139554
7.879686
21.210741
8.561819
11.220160
-15.244821
-6.944363
17.449966
13.681049
-12.202807
17.401920
-2.531852
-7.753359
-12.461471
-7.822320
-0.559044
19.145960
-6.082161
-9.478522
9.388637
-14.072278
-7.782443
-8.544247
-13.118016
-10.916106
12.050725
-15.505897
10.997529
-13.069059
-0.985843
1.104368
14.929888
17.078049
-15.055605
17.299477
-3.299530
-4.653337
9.110168
-11.692583
-13.196923
-1.705555
-15.481216
2.139461
-9.871121
10.560074
3.394821
-9.280817
15.354147
-5.631472
9.896443
-1.520597
10.210267
4.930763
-18.305735
16.992037
12.697435
4.744965
-6.938468
-6.332659
-2.079758
6.753635
-3.085611
-0.786198
-11.066235
10.956915
20.231325
-7.004144
6.059985
-5.784189
-13.611892
15.380493
2.244645
-20.586382
10.569580
-13.168012
12.435899
13.510687
-12.853092
-9.375914
8.569516
-15.988095
-6.649879
8.932329
4.432980
9.556968
-8.869597
13.768260
-15.413727
-0.444898
-7.695361
-13.405560
13.405630
19.033258
-5.810925
-14.976251
9.593313
-23.053066
16.111006
-4.767476
6.203985
-22.032108
-8.719970
-9.767418
-6.484855
11.311119
9.406667
-11.408504
-7.271143
-12.740019
2.658620
10.012273
13.423106
-16.810715
-11.585453
0.489034
-10.742111
-5.425910
-8.888300
11.644068
-2.463282
6.442521
-1.355925
18.478210
-9.391099
-5.908516
8.961624
-18.503817
2.788719
15.002039
-16.927610
-9.762479
17.843973
-15.620257
-7.455421
2.408737
13.194975
-12.811649
-5.468017
-16.079634
-3.648429
0.522668
-11.669429
-13.454385
11.239566
3.688298
-6.767460
9.199512
3.149039
14.729661
6.152672
15.362136
9.938313
-15.710456
-12.445975
7.350091
0.379743
28.343870
-8.159829
7.201345
14.499563
-27.636841
0.224030
12.886206
15.579461
-20.599606
23.747602
11.815536
-7.808876
9.476032
14.183760
-16.401400
-0.488064
-20.736202
4.356166
-4.870547
-4.379246
-6.720031
12.879827
-13.209705
-14.709181
-3.457832
-8.087141
-9.527376
2.347157
7.636400
11.510420
17.410381
-3.240536
15.285301
5.284626
7.859686
17.849825
2.810703
-18.085182
14.542992
10.861821
-6.222490
16.347984
9.708779
11.068754
23.777237
-2.136294
19.511408
-10.229181
4.499165
3.039202
-3.703966
-8.354964
-8.201142
12.247582
-4.360839
-13.687570
-15.653492
1.603697
1.905548
3.894805
3.304767
11.250571
-2.693030
21.482565
-31.318420
-1.808670
-6.689208
4.514605
-4.876888
9.510234
5.639800
-13.361012
1.594739
12.560352
-3.205922
18.667986
-3.227889
-4.611002
-0.742751
10.267271
16.622433
11.524593
22.508696
-9.720097
-1.796177
-5.025110
-9.139425
1.087066
-0.071814
10.977613
-4.763697
-11.355871
-8.013773
-14.860592
23.874573
11.715718
4.472598
5.861602
15.082817
-8.280669
-0.774800
5.176722
6.061438
14.972701
5.230968
-15.991534
2.140707
-16.201466
17.296593
16.440453
11.989456
6.184128
-20.302303
-2.404678
-13.157601
11.404649
15.371050
0.477079
0.508932
-13.033966
-11.781831
-9.718216
-5.418915
-18.879265
17.217991
4.818985
18.321848
12.670960
23.754711
-7.761422
-16.233292
-7.894293
19.769888
22.200817
10.411153
15.705899
-13.417382
11.068408
16.515230
11.347899
5.631201
13.101621
-11.288677
-11.975885
-16.309677
2.120609
22.028809
-0.019595
15.783009
-16.670094
0.501351
-20.934294
-6.292971
-11.433923
-15.973430
-1.828488
-2.278232
-8.766954
-6.716082
-1.338377
-11.268002
13.261999
1.322748
19.842016
-1.627344
16.789454
1.733221
-10.041113
7.982761
-14.151360
-10.939450
-21.400593
-13.543690
9.490579
10.100922
-9.930833
6.107911
-12.229801
3.454197
-4.551844
-0.010030
-6.220869
-14.141197
-9.344048
-13.348705
-1.554436
-2.988591
14.216505
9.441323
6.862335
5.201418
-7.951912
32.679016
-10.943893
17.508774
-20.079178
8.610810
-13.240924
18.631989
0.091382
10.557288
-5.653730
10.110655
-13.611525
-13.598873
-4.872262
4.114177
14.652235
-9.993046
-13.588945
-18.824665
6.853498
-5.035519
-13.389649
-13.501773
16.998642
-13.374274
-6.231958
8.038237
11.205514
0.819690
-16.756140
9.025011
-7.159976
-3.442725
5.507546
-18.528061
-4.958615
2.570994
6.025417
-18.121143
6.101912
-10.448205
-8.532205
13.034618
4.983361
21.148348
-6.908652
-12.449351
15.000619
-10.604081
-6.208270
5.663530
15.445067
0.258447
12.085449
-12.246879
17.321945
23.149126
9.365438
7.046750
13.238548
-15.930251
19.115221
-17.455233
-1.339362
-28.557056
-4.774601
-15.580470
17.515789
2.265241
-20.846422
5.841697
-17.299614
26.960318
26.874022
8.722659
17.889301
-10.383206
-15.791545
13.058779
2.242876
-2.239931
-0.674475
-0.495461
1.078733
-3.946653
5.416461
-2.207314
-8.757471
12.184564
-10.958067
0.758270
-6.469693
2.315985
0.216600
21.012293
5.857589
-9.453964
4.702032
-2.213865
8.616047
5.866188
-1.321569
-17.568884
1.947461
8.000285
4.952470
-2.058944
20.677389
2.395553
8.714722
2.680900
8.267235
2.962212
13.518178
10.365765
-0.294477
-2.418533
13.093730
7.798415
-15.126589
20.509207
10.490957
-10.164696
-19.799166
2.434182
0.731115
-14.455388
-8.305089
18.950766
-5.308612
-6.726733
23.614464
-10.338147
12.017878
-15.055968
9.197699
3.215531
-0.552985
6.803035
18.341597
-0.072492
5.502150
7.288248
-11.252250
-0.292318
-1.127995
5.715085
-12.513368
-6.903333
-9.145792
12.306076
13.432673
4.081175
-9.719285
-12.454066
14.134912
-7.753508
-18.475292
2.398920
7.690154
-4.875698
-11.376735
13.173444
5.922581
-3.677826
20.353710
2.423267
-7.588346
-9.723040
6.612002
-2.808259
-4.093546
26.544683
-1.120460
10.767388
10.863429
3.491328
14.979136
18.199553
8.320919
0.144530
-1.962623
6.703257
5.376297
5.454242
-13.009881
3.219822
-3.848108
13.374039
-12.998896
13.024497
5.832387
11.787329
-2.412336
-26.640047
-14.595494
27.617344
-21.434023
28.479795
1.425178
-26.408499
-4.104033
-15.678328
-6.372727
12.018010
-0.123606
-6.930388
9.665999
10.246808
6.459410
7.222412
-14.513633
-14.156091
-17.340485
8.128831
18.016289
12.952871
10.708104
14.671507
-12.080417
-2.509998
-8.649084
-16.129330
10.879412
3.278115
6.621024
2.001203
-22.638599
0.673449
17.281773
-18.498428
11.723106
-9.662058
-0.947433
-4.449067
11.846887
-8.728281
-9.124043
-12.642682
-11.847841
-4.693270
11.810370
-8.542722
5.982331
1.709097
-2.648299
0.185612
-2.510640
2.682054
9.842843
-5.938941
-3.522110
17.335619
-17.301134
-3.484804
13.407251
-10.170596
3.950821
9.748261
17.552605
12.749080
21.090406
-28.147896
17.395512
5.667778
-2.970628
-13.418173
16.961269
12.036057
-1.558727
13.232498
-11.626221
-14.739614
5.773127
4.432940
-9.447183
-3.107557
-2.031165
0.246960
6.263375
12.742592
4.655869
0.352966
11.543237
13.977870
-3.534200
1.001854
-0.981428
-9.862181
-16.744946
16.504068
20.575682
10.726219
6.903903
-20.164076
10.227668
3.301795
-3.779315
1.064488
-2.653844
-27.393465
-10.978842
4.585650
-8.368298
-2.886996
-11.311666
-2.926219
-13.428991
18.542385
8.395657
1.575748
-4.785304
10.920943
-3.785518
-7.487416
9.284189
13.903042
-10.122506
4.563024
-15.181011
-0.260644
-9.625898
9.159396
-0.767712
-17.388430
-10.467192
15.612595
11.555449
17.749079
9.160853
14.513575
21.110046
-9.745675
12.146142
-0.212439
5.471626
25.698139
8.494013
11.606729
-13.139747
19.749693
-6.231397
12.317636
-12.969643
16.358458
10.417791
-18.110182
-11.675193
-8.259670
-10.161655
19.855391
-10.449671
-15.954032
-2.445431
-2.669147
2.013426
1.956857
-12.661365
-4.599456
13.818601
8.768524
7.910839
0.919102
22.488865
-27.532553
4.489373
-4.016829
6.258490
2.034379
11.911792
-20.937233
-15.210434
19.778372
2.769803
11.245518
-17.027315
-7.293560
12.962678
-5.471072
9.056104
15.285551
15.718579
4.290166
-14.219713
-23.957628
9.901613
-25.473978
-20.381489
13.254515
-15.875669
-4.728034
15.431778
20.038071
-20.760937
-8.073712
1.927190
8.305088
-12.153852
19.200563
-0.712865
25.639189
-10.351063
0.756081
6.529757
-13.748816
-14.673231
17.233316
-8.674557
-0.099458
-0.343419
21.183851
-8.322168
9.141993
-15.766819
15.618527
18.562925
-3.563965
6.046631
2.266308
2.433089
5.569330
-8.398577
-4.193938
5.597527
-8.658523
19.352934
-14.340676
-2.380329
-18.962362
-12.271689
-3.177581
-10.908876
-13.499327
12.178461
-19.333670
-9.721370
15.334127
13.254981
6.789709
-10.624259
18.410730
-4.278949
-8.358952
7.212431
-6.318851
-12.791368
16.321127
-0.551492
-27.428391
-4.778655
-7.198380
14.406154
26.644068
14.590678
24.903238
2.143438
13.969722
-11.509041
-5.883552
6.007586
-5.944194
3.487796
-9.771255
-11.137669
-25.207392
10.508798
-12.972696
-6.118951
17.291187
-11.316029
9.230391
-11.613093
13.192377
-12.750924
-6.580142
6.128371
-11.998333
18.360867
10.628293
19.844933
9.325809
-2.304151
20.045046
-22.836075
12.051661
-9.138386
14.638453
15.887259
-7.285026
5.815655
0.070103
10.463301
-13.777739
14.472174
18.974445
-12.154219
-9.384718
-7.796778
9.506323
15.449817
5.203638
-3.615884
-1.776177
-14.509992
9.130625
-2.087793
8.594669
-12.018721
14.638481
1.579547
2.383168
7.480611
-22.664709
-6.296963
14.696617
-15.255495
-23.054441
12.644949
-27.678843
-15.037984
15.409338
-20.937376
-0.942190
-15.775846
12.672833
4.220159
8.720243
3.573985
12.253798
11.587296
-0.452133
-5.518209
12.511902
-9.764904
8.904684
-19.800310
9.183098
-12.083014
5.469934
-13.787405
14.954977
-4.326420
-0.854843
19.317095
-1.527444
5.964422
8.890957
-18.652945
-7.841797
-18.253857
9.978792
-9.182155
6.481479
-2.723919
3.842376
15.561018
-27.085230
-10.089794
11.274475
-1.260239
28.236736
4.405272
20.380774
-11.903000
20.526751
1.180301
-10.175393
-14.743751
2.902230
-3.141504
10.256753
-3.237025
0.876710
7.229738
-4.123887
-12.227332
9.627636
8.536035
-22.976992
16.557526
15.622963
16.758142
29.313349
-7.798773
-28.154821
10.477593
4.795111
15.396962
-8.630083
-17.665297
4.339099
-1.294816
19.677139
-6.224040
-9.186830
-5.671893
2.610284
-0.329223
16.233324
-15.177458
5.944877
15.619423
-10.807473
-13.537548
4.599936
-5.884459
-15.973547
-12.720483
-17.569715
-15.861371
18.653957
5.351546
-2.209487
11.446077
-6.151628
-2.583684
7.458119
2.582898
-10.454519
19.429060
-5.171862
-12.906729
-14.392562
-12.683923
7.774783
8.459077
-0.481393
0.166011
-15.234282
-1.605233
-5.106626
-2.881861
-2.040100
3.894619
-4.687876
21.970970
-9.749602
20.335844
-9.882880
-3.436093
31.036707
7.758891
-6.925622
14.548849
24.461683
2.944947
-15.080071
15.771696
9.158356
20.750648
12.120767
-17.188492
-12.600647
-3.763932
-12.997824
-1.695606
20.322981
17.732615
8.772685
14.006328
-18.852615
14.770073
1.281708
3.287064
1.425917
17.344309
-16.199074
-9.174947
17.252502
-3.829211
-16.561741
13.492925
5.561783
3.755284
14.464298
5.346658
2.771468
5.045551
11.083735
12.142327
7.801366
10.010101
11.217615
16.656830
-15.282247
-16.581961
-4.445134
-12.431303
-9.150767
2.757688
13.794291
16.325134
-7.583073
0.867321
-7.890378
-7.925066
-17.848484
-6.345253
9.483906
10.948994
3.706453
1.160134
-17.107904
2.330683
-12.912835
3.219921
-7.235711
-8.921761
19.084051
15.088297
-22.571400
11.728367
3.168874
-17.052372
-18.242704
-14.020888
-6.395689
14.630054
17.026243
-4.742301
12.572013
11.630806
-19.013382
-1.675373
-12.372146
-8.330723
13.334244
16.481924
12.240073
-6.142135
-11.683341
-10.493578
-16.625494
-7.174004
23.173698
20.126062
-0.642395
-17.346441
9.831124
1.468333
-12.733955
-7.752857
14.262276
-1.797104
0.568038
15.302278
15.038994
-11.384853
4.762293
7.411937
-15.321765
9.291886
-6.801122
12.096775
-12.402205
-10.055252
-0.725945
6.855504
-6.100656
13.445166
-17.226778
-11.905419
12.053059
-9.308526
-3.461730
15.379005
18.624678
-13.649969
-0.942091
9.588751
-12.040999
-14.708877
-25.510986
12.560061
20.505552
9.739414
27.639788
-15.008138
18.064981
-24.589838
-2.239394
9.805318
-16.367880
-1.869322
-7.484791
0.140451
17.379320
-11.464040
17.851357
-10.964781
10.443359
12.579455
5.734282
-14.177365
11.528453
-8.709297
15.686229
16.359982
-26.065901
6.625236
18.534246
-5.856984
8.361314
9.264585
9.433930
16.949612
-1.637185
-10.784185
-13.272773
-0.474261
8.347084
11.239073
12.159774
-8.981824
-8.806641
-1.611494
-24.895231
14.276656
-5.722840
-8.620079
14.411419
2.933619
3.209094
17.753910
-13.276803
-1.832160
5.433296
-2.069191
0.037802
-7.643648
-2.681590
-16.133400
24.568235
8.091586
8.264824
23.173452
11.125954
5.805728
11.666251
-9.403180
-8.874271
-21.196711
14.478131
8.644296
12.283821
-12.450536
-17.891209
-3.459249
13.007004
10.770758
-8.699113
-1.735075
4.653148
11.829472
-7.623626
13.070441
12.213593
-3.142156
4.451145
-12.027108
13.488613
12.468492
-24.460674
10.189484
-15.662318
-9.274409
17.638643
-6.074607
0.912040
-12.221214
-16.508125
-12.261889
-7.406422
-18.087543
-7.720873
-6.875542
20.717972
16.824556
-10.659182
9.373173
20.384071
10.208973
-3.968340
1.680718
1.690866
12.702353
12.337962
-5.120497
-21.614382
6.137525
14.678606
8.999612
-18.118368
-18.414652
-1.197221
20.505074
-15.097392
-2.988284
25.208614
-21.069906
-27.354712
-0.813530
4.695593
-9.845067
9.629107
3.404027
-0.081248
12.506338
-6.081085
1.654037
13.498484
5.880424
-17.273060
4.892741
-11.036502
-10.929218
-10.278222
-4.565769
15.841318
-9.849367
-9.623872
13.248293
23.104708
11.089140
-13.965647
-10.787370
-0.992958
3.347125
11.334816
-8.220689
13.085113
-23.144672
4.133747
-6.390156
8.475170
5.241014
1.194719
-13.284333
-14.941312
-2.828984
-19.123587
-11.548075
0.692981
6.743217
-19.174761
-5.841341
-7.368349
-13.835027
8.628718
-5.010534
5.915358
3.951930
-20.996546
-5.039597
3.546491
16.897522
0.950558
-15.607268
0.027283
14.888943
-0.569026
-6.337161
17.173458
-13.127633
-19.798965
-3.088154
23.732512
-11.204541
-1.596763
20.427637
-1.082388
-10.100183
13.087949
0.853858
7.694918
-5.272673
-16.121367
-6.388330
5.708021
-2.886088
-16.850033
-0.542095
10.425892
0.828643
16.425304
0.006905
20.965696
-4.532303
3.872766
8.099328
6.700345
6.280458
10.456470
4.654661
-12.676030
-18.833523
-2.975279
-13.076257
3.551705
9.741013
4.789347
12.903131
-8.193076
9.199372
10.729579
13.636945
-16.861179
3.647959
-23.051352
-0.695322
8.273672
12.780037
4.226213
5.564548
-10.346004
8.131313
-2.183583
2.917503
-8.416613
-10.047829
10.773662
-9.613835
3.281900
8.881888
28.969810
-2.634994
6.920552
-9.429404
-11.106412
-1.630581
16.237560
0.485877
23.792336
4.564923
-3.070224
9.084138
-6.725555
3.913423
-8.979336
7.275001
-12.782522
-13.737988
-15.595542
-15.040554
-9.086481
-0.610668
3.566288
-9.084478
11.694995
-17.135031
17.109472
0.987774
0.158613
7.148789
21.302309
-6.760200
2.701839
7.404323
-8.016513
-0.997102
-9.708627
-10.860797
-6.423137
15.036813
13.485534
14.284288
13.218900
9.534161
7.385013
11.888002
-15.626987
1.092422
13.163421
9.172173
-1.392634
3.659309
-4.185601
-4.968233
-5.194203
-14.979171
-10.540769
3.718865
15.840515
9.033804
-13.532814
-11.192043
-8.467697
12.397759
-20.971916
-2.979230
22.338392
4.317813
10.333782
7.516483
-15.970631
3.590615
-28.934114
-7.824297
-2.990110
5.598636
-7.564593
12.969378
0.899828
11.016437
6.395974
8.926933
16.147316
12.620181
21.818466
3.403884
0.766921
19.471058
4.858490
16.908827
-0.197358
-2.154299
-13.002864
15.931296
-10.947519
17.997753
-4.203092
10.165468
2.164036
8.242352
-0.805475
-12.221309
