33.556759
-1.056949
12.986234
10.218913
13.941884
-23.659693
8.857188
1.304972
-31.438824
-10.312299
-7.596768
1.483376
4.952209
7.648320
-0.818620
-28.364447
17.553919
22.566845
-23.290184
2.356766
13.489408
28.374182
1.201825
32.403694
13.936782
20.328726
-1.329689
-28.616875
8.150776
3.586012
-11.131583
1.180609
27.101845
15.190622
-33.706596
-20.880562
-29.202919
-25.865723
-27.537458
-11.437960
-14.858275
28.478323
-0.960299
25.338642
10.877872
27.190237
-25.190376
-16.535503
-17.251499
-26.026831
13.393696
14.072565
27.302479
6.648538
18.991098
11.295652
1.656594
41.384968
5.128543
-9.600537
22.839457
-21.194124
-20.338329
-5.842684
4.955259
9.496608
2.112976
-15.170970
17.401472
-20.227379
30.250900
5.139201
-15.535645
-5.312954
14.863252
17.988419
20.527895
-12.628880
1.031776
-40.565769
9.291759
-1.099240
27.691843
23.654333
19.211243
-12.771592
-18.204924
16.784222
0.060804
-20.029963
-12.765370
29.127655
-25.201498
20.353918
-4.497209
-26.597742
16.890667
-7.025153
10.551011
15.911674
7.227724
-11.065398
8.181852
-0.497929
37.161884
-17.624577
-18.521776
-13.527327
0.767409
-25.074036
-22.143457
-9.824274
0.520935
24.900909
-34.140827
15.395898
-14.057481
8.398724
-5.115932
-18.816519
19.093824
-23.158895
-6.281782
-9.536901
32.894978
-29.996231
2.109989
8.910771
-20.274406
-15.006948
-4.150757
0.661194
-9.102132
18.212490
2.893366
-6.233883
-20.034863
-23.567677
-10.801537
-8.621349
9.830225
21.888922
-17.889803
-6.686447
-31.565805
-14.417860
-11.955822
-15.750421
13.664878
20.783100
11.845179
-29.689627
-6.448128
22.920748
16.080688
-23.840467
20.561634
-6.453269
16.268665
5.960872
-32.460857
-13.846642
-12.261676
3.995632
31.052713
32.953285
-19.008598
23.459274
20.997091
23.018375
6.209048
12.229229
14.700458
-23.280354
11.980213
-2.137780
-4.027849
47.702911
7.796595
-15.475198
-2.629615
-19.144108
11.797372
6.997999
4.356970
-10.681292
-9.535107
23.012247
-20.914913
28.294525
-16.094883
20.153511
-30.758152
10.250198
-9.598245
25.770378
19.379868
1.674725
-33.364674
20.405531
2.417754
1.587350
0.995345
2.159703
8.115042
-9.582582
-13.552173
-30.986658
-2.356833
-3.137480
-34.925308
-12.029237
9.905356
26.146255
-23.446880
-33.057922
-27.924671
-22.694448
-0.260210
-46.144836
11.827487
-5.965120
-2.155903
9.365465
-25.467297
-10.495906
-24.910112
2.378065
-19.211618
7.212606
-9.417163
20.174099
15.804581
18.049612
-8.546836
8.557753
0.056769
6.376647
-2.680073
-20.037754
15.438385
-0.020552
2.391926
25.598097
-23.067976
-1.153601
26.695898
-23.706350
-22.310307
-29.627151
-13.260194
1.361762
31.100595
-27.517286
17.982267
10.404864
38.948772
-27.256172
2.069790
-4.562421
-21.306517
14.488544
-5.686505
19.254519
-13.003759
21.619022
-9.276467
-15.620955
27.405998
-6.381639
-6.704162
21.239979
-39.957912
0.889780
29.613327
13.126151
-9.704892
12.587090
-9.076488
-1.971142
6.516325
-17.711233
-2.306793
4.268204
18.424656
22.643400
-2.659700
-11.076832
9.265759
-11.231058
-24.122770
7.489463
20.494987
-38.451530
-2.046588
-40.530918
-8.985087
-33.108757
19.218325
-16.661694
23.508656
-3.968887
28.928522
7.573500
-9.938274
-1.618663
-1.527335
-0.729118
5.773757
-8.337285
-19.676325
21.993387
-3.157145
10.939098
-5.610855
27.873814
-21.483450
-5.745106
17.777227
-8.864883
-12.288102
-20.708467
-3.143049
-24.632830
11.887974
24.624966
-33.244488
-11.095975
0.649466
16.523300
27.971277
16.762180
6.852626
-7.399541
10.787847
0.745173
3.989429
1.615229
-15.532294
-8.959519
-0.992839
-22.842911
-15.271901
-15.701689
26.512241
26.614506
-1.630229
-2.558731
-14.097871
-16.404341
12.907475
-5.487176
-13.706202
-1.439760
-21.813145
-8.206669
15.792050
20.974503
-10.791381
13.143378
-11.113953
31.898077
13.844151
7.832572
31.859121
-10.551761
3.413397
-4.193897
22.753592
22.216370
4.037313
26.040905
-10.793750
3.261380
17.880329
-35.795654
-30.258142
12.873953
16.840752
2.703170
-9.020454
29.638777
23.264027
0.017908
15.962140
18.406246
-10.783737
12.251613
19.596052
-9.825400
-14.710353
13.477157
0.801353
20.927586
3.734741
-9.770293
-26.361141
10.543200
9.396600
-11.340744
-2.161935
-28.876574
29.950127
-14.710493
23.401072
-17.176676
25.096300
23.660789
-10.881817
0.422969
-13.555718
-38.189465
-20.141186
-15.007069
-8.500904
18.648359
-4.973824
-21.371098
-29.214712
4.368523
37.380474
6.400039
31.903891
-16.558306
29.223978
29.957617
-9.063202
19.364893
-0.846844
11.035088
29.416912
-4.899279
-3.575561
-43.252064
-2.298131
-2.693407
-3.014050
31.818159
3.898251
-8.154828
5.724580
-34.811462
-21.982346
-7.944754
-27.122730
27.176174
24.409657
-29.293268
4.937131
-13.646638
-8.868234
12.854060
-2.184811
-8.039697
-6.936185
-5.870529
-1.949082
-36.478619
-4.730835
-8.037524
6.535991
-8.054564
-24.952675
-17.512087
10.181881
21.907835
-36.148891
12.008106
-33.228260
25.910107
28.865032
-0.523894
18.822668
23.243670
-11.650113
-33.293369
26.261911
-12.563509
16.590885
1.571279
4.440323
-2.425886
-35.030865
12.149405
14.250134
-16.941633
15.127481
30.594307
9.067643
-7.284103
-18.213232
-25.451347
-14.871441
10.097278
17.305115
-18.970951
18.807684
-19.926678
14.997660
-13.722151
-3.672207
-16.562611
-16.985327
3.003890
25.374865
12.726853
7.989957
2.001688
-0.149751
13.960008
-13.097527
-6.969292
-27.566841
-9.754386
-16.973045
8.445979
24.225317
22.717640
-4.564423
-32.066837
33.820427
-8.203745
-15.814036
-10.422021
-5.470633
-21.022238
-0.870210
-28.500624
-0.485743
12.133904
-31.734488
-0.395871
16.373665
-13.083337
-1.089287
19.848536
-39.630817
-10.928220
7.148419
-46.757977
8.440546
-19.830343
-15.340928
-13.064742
29.975786
-18.333090
-20.698891
-17.952490
20.278996
-13.479797
23.925901
14.884658
20.866480
-35.485596
-10.828508
-41.401520
-1.756201
-27.122091
-22.216278
5.917580
25.644590
10.433634
15.421642
-22.583652
-10.229945
31.060312
-26.663490
-1.789783
-30.582150
25.303030
3.282844
-4.554410
21.032078
-28.402422
-21.257595
-31.877653
34.724270
23.363911
0.788500
-11.695219
-24.804489
-25.099161
37.615334
-24.298386
-17.283808
15.223790
-11.591922
15.256082
13.169108
13.737273
9.106180
-14.139599
13.126575
-0.968160
-9.398601
-4.127757
13.586397
-30.349958
-3.069585
21.380541
1.877825
30.133295
0.032980
-43.242100
17.342112
9.879482
15.328817
15.849771
-6.803904
3.924921
-17.750397
17.985003
-5.250370
18.112183
-1.138859
42.527958
-20.640749
-7.143380
3.941530
26.154839
33.548325
-19.608999
-15.619753
18.309340
-23.570879
-12.486837
23.654240
21.201168
0.896897
1.594734
-25.207441
13.667358
15.297268
24.524189
-33.243252
-11.882427
-0.872837
4.381835
-24.259203
14.844013
-11.719379
-38.592564
-18.561316
-19.123138
18.327917
-26.937155
-11.675437
-31.059092
14.524117
17.013264
-10.039241
37.304737
-6.856463
-19.021534
-19.651571
-3.371770
21.647568
15.434647
16.179522
-6.945249
19.763767
-2.922558
-27.608492
21.339317
-42.082134
14.921566
-3.245046
-35.412102
17.816727
2.432781
-4.743876
6.816790
1.920365
-21.534353
-5.171157
16.398388
29.263464
7.944261
8.274409
-36.771179
-7.079548
-27.992069
-28.662430
-29.733273
-3.754869
30.810558
22.876259
27.269674
20.458149
-17.034540
-12.235487
-2.080635
-24.159788
12.548269
12.321450
-20.177370
-31.657110
24.001596
-17.905624
2.217981
1.420326
-0.193813
3.807436
16.646946
-28.498608
-14.740862
-2.428560
25.642332
-5.923900
-10.505593
-3.588685
4.130217
-6.414886
-9.971639
6.748561
11.381670
-12.062346
-9.075209
27.765451
-33.589054
-8.112283
21.066645
25.129335
-15.749271
-20.347937
-26.229757
10.646835
8.025734
-19.071449
-3.720146
-6.422938
-35.256229
-18.574512
-10.436808
-1.043677
2.032280
7.290309
-1.014457
19.629707
-3.996184
2.940625
-12.425957
0.899427
-21.564734
-17.333212
22.418346
-16.547579
-23.473736
39.420319
26.459259
11.223217
-12.219038
18.544500
25.799465
-27.911621
-3.752263
14.564422
22.793943
-23.421274
11.780004
32.828053
31.467232
-27.080301
-17.994673
-32.921432
12.974389
-4.371753
-21.843859
8.045514
-23.258982
9.219647
-12.592435
12.825345
-17.821445
14.938858
18.243040
16.745424
15.012155
11.630046
1.888370
-25.192356
-18.507330
-4.711427
-1.010826
-41.808720
-23.468922
9.921397
12.744849
-20.497189
-27.307701
27.582479
21.889374
10.549707
-2.748263
-6.114113
-21.351774
-2.087159
12.738630
-15.626963
-11.696151
16.728682
-12.362218
-27.906315
4.744991
30.653624
37.867828
-13.028172
-24.558811
-12.829543
-29.366161
28.670355
-23.943316
23.102106
8.760127
23.591776
17.682478
-27.009672
24.827755
5.839175
1.829235
-32.464043
3.195518
-19.564388
19.794111
-6.178080
-9.010003
-19.816809
1.860870
-33.077534
-23.828894
17.203758
-13.262470
-30.667730
-5.548742
-15.262352
29.300270
30.647219
-27.816401
-43.332848
17.023235
-12.473568
-26.191071
-30.820152
-19.522425
-16.893141
1.995538
20.368452
-17.059351
17.437164
9.014565
-14.982694
-13.227261
22.701546
-22.096786
27.218418
33.357170
19.320602
20.210070
1.199265
-2.898127
29.905132
6.777855
-17.444374
-19.685226
-17.324295
-17.324884
-37.576057
-23.842478
12.459383
-20.818798
-2.926105
-17.384096
7.694270
30.948742
2.272019
15.109404
-6.694715
6.428968
-1.384739
-2.605063
3.461386
-12.919470
-15.005996
12.638523
-9.334526
14.822762
34.335964
14.079108
-28.469992
-29.056591
21.369791
-15.400208
-26.126963
-8.285612
4.824545
9.801588
-22.913843
-28.023287
0.088804
-9.407904
-3.401027
-15.528356
-4.188503
-24.905041
-20.662884
-18.253881
-3.028239
27.748144
-12.797170
-21.321321
13.276415
11.455004
32.025654
-26.465670
0.580134
-4.753522
18.473080
19.670017
26.338823
4.590589
-20.565443
3.810101
-13.253412
39.008583
2.127447
17.152002
7.508043
-13.933107
-13.895064
0.452059
36.890995
20.882084
4.629609
9.447106
4.985378
-37.619766
-27.908808
34.436813
4.587052
-4.194663
17.458364
24.382704
7.859258
28.509216
-28.259539
-20.441847
-5.350214
6.609416
18.394905
-17.816982
10.166997
18.681225
-8.378631
29.788183
2.413540
-1.692907
30.152960
3.243534
29.521767
-32.618420
6.312233
-30.986780
12.132177
3.684517
22.873493
13.584100
23.515423
-24.821392
-11.083682
-23.298735
-0.624810
-14.329958
17.369915
6.199712
23.827847
-2.235121
10.939813
8.302133
30.440321
-12.403563
-23.615868
0.627020
24.658134
-0.900681
-4.452092
8.766088
2.878743
-0.494529
-28.522774
-1.829800
15.243388
26.267160
4.716733
-12.997189
-23.815405
8.599963
-3.396060
-28.582354
12.847559
11.248497
32.716045
32.775070
-12.562009
-19.726566
32.952568
5.837818
-23.702568
-3.705141
13.955290
9.049790
8.834127
-17.873482
-22.347759
13.621928
42.186749
-3.302053
17.265839
8.761963
13.279705
3.655189
-7.961741
-26.101242
-21.349575
27.140181
-15.546185
11.732183
-12.072825
13.256499
13.508486
14.747996
16.045113
-25.563389
35.625858
-4.599191
-4.360292
29.032423
14.316039
17.889441
-12.129230
-15.552043
-23.842695
-6.707369
10.639413
-2.563549
-0.749840
-6.158854
5.333570
-16.876535
20.185711
5.900664
5.052487
8.424964
-22.922201
-20.411797
15.494048
5.159644
17.887400
-15.559639
-20.077810
7.115095
-16.160292
19.721176
-35.038078
12.597557
-19.408251
28.581562
-16.397585
-45.573013
24.262135
-16.015368
19.950661
-14.249413
12.887489
-23.578323
-20.294283
8.638070
19.421661
-35.034683
7.430842
3.522248
-26.285067
-3.212168
-17.212929
-19.651085
25.431492
36.937508
-10.135052
1.430904
-2.830789
0.933673
0.649592
30.998755
27.815437
-26.143024
36.828781
20.099432
-22.566854
37.488621
-28.603540
-16.460308
-19.422911
-20.696547
-20.025709
-9.120979
-18.391436
9.802414
-25.432213
26.283224
13.737149
-2.803927
5.667514
-6.607312
23.443283
27.534269
12.047833
34.400089
-24.120213
-17.407339
-12.888032
2.321315
-30.073914
13.297987
-17.600422
13.537286
-5.192235
-4.710454
10.888032
-16.397800
24.732529
-6.651469
2.296748
21.162928
-15.419741
10.669993
-0.729298
19.242201
-6.922301
-21.631350
-32.214401
-18.435711
-5.974061
24.578299
18.958426
-25.268143
-27.249266
-37.897919
27.868826
12.597234
12.462810
24.778635
3.569435
-27.530094
-24.278631
-3.898761
6.197959
-17.287813
24.865564
27.218435
-0.549587
-30.778711
-36.423008
0.758719
-7.816416
2.281085
12.698719
-23.686399
24.679489
10.264793
18.935299
20.959175
-4.338422
3.510624
-21.851460
-9.350572
2.847261
8.506048
-32.580231
15.744529
-19.985792
-13.425452
24.141386
17.224791
-10.454509
9.394386
-16.179449
-13.162034
25.567245
-7.268707
-26.142984
26.837654
28.920410
35.634716
5.883087
10.633492
-14.950779
20.238562
2.451024
-15.071321
0.130577
10.001917
-11.712889
-20.752533
12.138479
2.769090
20.264835
-0.740483
0.258747
-11.739726
-3.044801
22.172476
-16.073017
21.758993
-12.127083
-36.271748
-2.231052
1.626710
-38.969265
-14.331903
4.350791
-16.803978
-4.352758
9.118084
-1.324040
-24.136320
15.159044
-42.489403
-0.490023
21.965700
-8.746089
-15.668490
31.670961
42.350956
2.870985
-4.163671
-24.034904
7.189046
5.462477
12.408668
-18.429688
-24.791956
22.699974
10.073136
-11.944975
-1.789568
24.355433
-19.976929
-20.910955
-17.986538
-6.626909
-11.902395
-13.869292
0.488993
11.113530
6.104146
-11.527094
24.363287
-25.762623
18.701706
-15.102855
-22.554287
13.307840
-14.659483
-6.809118
-13.367592
-22.659628
28.222528
34.515457
-18.672188
-23.872801
7.565532
-36.667843
-22.076326
-9.324563
8.794293
-26.750820
-15.979731
31.022818
9.279416
14.679784
-16.195770
-26.802744
-29.987068
-16.001270
2.739664
14.069777
-25.033421
8.306326
24.952044
-13.415838
-21.433336
8.276010
40.827629
-16.974302
-16.726507
28.045738
18.254963
-1.882355
-18.849245
1.825116
7.921480
16.880705
-13.403283
23.306873
-30.579967
35.473625
-16.811884
16.077482
-24.658836
-20.986633
-1.060901
0.544589
17.522583
-23.221315
22.472187
-17.970734
16.346977
-33.953342
-33.615715
32.067448
-42.807411
6.363987
21.735003
-9.312004
5.532719
5.172349
25.071960
17.768866
-3.312421
-21.149532
-41.474422
-17.399982
18.530540
0.842794
28.942047
-23.079472
17.190525
18.215408
3.997065
4.882970
3.621161
-24.478701
-38.815681
-15.035185
36.814564
8.167380
-29.586391
-6.933228
-31.651806
5.066617
27.831493
-38.237732
-21.809172
-7.757713
36.267136
-29.410603
5.042689
7.184530
-6.499262
8.071974
27.946127
-3.851956
-7.579083
-24.524940
-3.669184
-24.188025
-18.952343
2.008257
24.178894
3.645180
-14.197356
4.128094
-8.664667
-26.560696
-4.672054
-13.563824
22.938648
17.349117
-16.331305
3.956457
-6.185195
-3.853400
-7.927357
4.399470
-19.083799
12.047272
-36.010876
15.921744
2.813572
29.971102
-26.996777
2.053907
-12.232795
-4.241388
25.158987
7.012037
19.454233
-20.444426
15.138034
29.335657
-15.227017
32.959461
24.917057
-4.038697
-7.742718
14.885413
-8.065511
-11.560114
12.636947
36.737854
-7.300035
16.184746
-11.586815
-13.587120
-14.204695
-1.919158
-29.232031
-14.461952
26.249413
-9.327520
-3.371392
28.759996
9.821297
-0.885834
-9.185488
-20.807312
-6.729733
20.433043
11.300111
-9.755486
-23.001146
15.910845
-11.740997
12.622781
11.383128
-0.883005
0.962938
-11.795059
6.706373
-18.391399
3.115180
-31.031767
1.602763
-3.202675
2.630213
-5.552126
15.606933
13.358274
6.840433
-18.871937
-17.951263
28.768618
4.587395
3.983323
-14.985628
22.676857
-2.329138
27.321917
12.488611
21.323000
26.084637
-7.714499
-29.115162
-9.015361
8.716000
-13.993988
29.003073
-5.285971
19.376013
30.223089
19.204567
18.052660
11.195294
-10.007742
3.494353
-13.017834
5.735475
-11.337540
-30.338554
27.813053
-15.181520
13.516398
3.989614
-18.363615
19.368687
17.374346
5.792030
-28.868561
10.311815
7.689009
9.696696
-33.845909
7.527531
-25.459671
-32.283821
-2.755919
-17.914190
-10.119317
-15.835654
-11.705165
18.534744
-21.946020
-5.151440
-2.254163
-2.886597
-13.068950
-6.371168
-6.608653
-5.981077
27.515394
-22.796804
20.467150
16.873451
8.553010
-15.980875
7.946053
19.874269
-37.361794
25.119984
12.431615
13.960452
10.391499
21.476397
-19.282606
-13.990576
-21.598818
-16.164400
40.701927
37.444283
-6.564191
21.877489
-25.373980
12.631297
3.235214
-17.145596
-22.211496
26.761402
-17.791342
-16.203234
-3.014467
-13.517020
22.023520
-11.952268
19.923014
12.175435
31.706617
17.760296
7.623759
4.450032
-39.269112
21.563042
-22.898401
23.865677
1.240272
-2.985295
-1.234976
12.858636
23.908945
22.292435
-3.069951
-12.958649
-4.219608
3.609492
13.515615
-1.316719
24.172987
-2.107308
14.286549
-5.416754
12.297846
4.782895
29.050795
20.503540
-25.861563
16.080833
-25.308884
-20.876059
-4.861844
-28.079412
28.200352
-2.190465
18.965660
10.742841
11.198948
7.988019
19.687994
24.279947
-25.231302
-6.411472
-3.330695
37.026031
-8.986290
3.668795
3.048332
-17.411293
4.084303
-17.336262
-4.929947
26.297281
-9.451540
20.316986
-1.518437
-7.186075
16.376337
22.648714
4.451381
-14.616596
20.313877
9.230727
-2.077866
-9.427574
-11.794712
-22.090269
4.408234
-2.669727
5.040399
-2.499174
-14.756323
2.121541
-5.856870
25.826958
6.150162
-5.115893
-32.606785
-23.091446
-12.583140
-20.384958
-17.031195
29.958567
6.554169
20.878672
12.182284
16.177645
15.631822
-8.065290
-1.522662
-19.593884
-3.631223
27.772478
13.764177
-37.115959
-16.012754
-39.477802
-0.764934
-8.327721
-11.027348
-16.616348
-21.286678
-8.668760
21.373108
14.108868
10.808359
-22.710390
0.767300
1.643377
-23.403959
2.122235
3.637004
-11.211075
12.517458
11.298759
-25.882517
-5.355899
-8.446415
28.993269
-11.967469
-19.134966
-3.564206
19.990009
23.517540
30.215723
11.798475
26.091286
-4.554482
-1.141172
4.764103
6.971107
22.065498
-17.007895
29.189976
-4.589867
-17.328203
-24.799223
-25.576845
5.694624
13.510990
-15.337401
23.187828
15.606339
31.904259
9.906181
-18.198011
-29.074789
-8.617997
-3.367200
4.698401
17.872431
23.502007
-13.405536
1.348824
-17.367104
-39.232979
37.111610
-32.969250
32.612171
-6.137242
8.519951
24.904589
15.503096
-20.826267
27.825171
-10.268395
6.930213
-17.500717
12.672969
9.495139
-3.707631
21.112213
14.852041
-17.781258
-12.377325
-17.315489
3.488569
-9.418839
15.162173
-9.859539
24.886953
-3.139483
23.417660
-10.046729
6.422718
-13.162804
-16.984802
17.226000
-34.845798
-9.530901
-6.728299
8.234979
35.696274
-18.552435
-21.146603
19.474386
4.396849
-27.173761
-6.207666
3.063167
6.008484
-1.370332
-4.485114
31.732195
-21.540712
9.900118
7.620428
-3.893713
-8.710970
-3.735860
11.346286
2.593469
8.246651
18.442659
19.168736
-2.431473
15.882237
-32.602493
-12.190870
-5.659040
7.360710
23.593285
-28.282856
-30.209244
31.695415
18.225544
9.341305
31.546185
-14.986155
7.580030
5.948365
26.707605
-30.877773
-31.874386
3.133857
-10.139637
-2.255088
-37.814842
7.083977
23.139824
-14.620787
-13.091271
14.045317
-30.988277
0.235520
19.799234
-2.407347
-28.970961
-14.534167
-1.232528
-10.391900
-9.999177
23.765886
16.054474
-11.031084
30.509947
-27.225430
1.805840
-16.726677
36.365368
6.279719
27.827606
-9.939832
36.017982
30.189737
-4.509553
0.901641
-6.013464
25.663397
20.150740
15.173693
11.498305
4.806002
-3.684568
20.165098
22.369707
-10.767398
11.024327
-20.338045
16.999126
-4.966853
-2.011187
-0.055609
-23.005730
3.552176
19.035004
25.573381
13.010638
-30.469812
6.781084
-4.522078
24.391378
-4.475929
-9.105257
-13.052101
-9.754091
-4.314371
13.572925
-20.882315
-17.928280
-30.837156
-20.475967
4.803797
-36.035309
3.746192
-13.682189
-10.055415
-28.530920
-1.644156
19.036291
-0.734644
-10.669001
-1.607709
15.988822
29.532032
-12.668306
0.063484
-23.972572
13.852859
17.554773
-24.565557
27.561754
14.470593
19.122065
18.289534
5.893103
3.532241
-5.576423
0.327342
17.585871
-17.358253
8.948629
11.080766
-27.656689
-1.405030
26.577860
4.452101
9.133835
39.032909
30.652224
13.245586
-6.945746
7.653524
-33.756207
8.137012
3.310387
15.294473
8.943642
-8.963375
-24.375526
34.529049
-34.539345
30.703966
8.996708
12.877268
-15.933417
22.737585
-9.530794
19.998255
-12.266046
-23.374216
16.100243
-20.515453
-5.071222
-7.801220
-10.851531
11.386846
18.197498
36.729305
1.834531
5.842737
23.524513
13.829601
0.734626
-19.758228
38.344925
0.701504
-0.708623
15.374260
6.098470
17.691862
7.278094
31.082108
-7.999713
-15.755470
-12.456080
-19.937647
-35.464260
23.637941
2.835108
28.987740
-33.777004
12.408332
-7.140766
13.934689
-17.390963
-16.160727
24.900198
9.780540
18.953362
20.170176
-4.529506
-32.314049
6.362442
-13.773410
14.819736
21.360870
-2.153074
18.748177
-18.970749
-22.291376
-31.248247
-19.425186
16.035099
3.718695
-22.667238
-12.477748
-27.953308
24.745665
-4.036841
9.661533
-9.762257
-0.583084
3.796986
-12.863933
-18.597704
-7.230539
19.145374
-28.919456
21.094528
-3.190887
-0.461470
-13.999879
-23.805519
-3.799705
-11.882233
11.072353
-23.772167
15.009160
32.510574
24.026302
-11.496181
19.334463
-17.585752
-35.492779
21.420612
-26.944822
-3.981627
21.067333
-15.357715
-16.730436
-20.612606
-10.473555
11.728555
-25.754374
-19.924191
17.572765
29.093107
-9.124241
28.906183
20.397064
-16.669439
-9.710081
-24.447981
-16.945963
13.843504
-35.999069
-27.830603
-12.986454
-18.732740
6.189028
-38.707798
9.456114
32.011185
15.707882
-25.240328
-22.598907
-5.455001
10.296925
6.006919
-32.033276
13.113060
-28.152533
24.270899
2.907900
13.924044
-4.380913
0.323076
-11.768702
9.963949
-16.181633
-24.396862
19.475054
23.278027
28.682375
-5.902285
30.180407
18.765575
2.310839
29.332035
-1.322488
26.951202
-28.180933
36.005955
16.476135
-10.333756
-12.999334
-1.701560
-0.066131
-19.096474
-4.989614
19.599472
20.791414
-0.495894
-21.109516
32.024872
11.511468
27.056416
-0.070776
22.431126
-30.887592
-23.252859
14.369730
-19.020744
-11.638939
19.213148
32.186718
37.924526
21.123804
6.948293
29.349709
-27.486050
-11.594944
-6.705899
-18.594795
11.678214
18.171074
-5.768004
-19.775496
-21.841156
-19.232834
16.862940
-37.374912
-0.571315
5.920492
7.426844
-6.833054
-1.555166
0.021763
19.868145
5.933373
-12.951296
-8.336173
23.622715
-0.605719
-23.686047
13.168935
-13.812679
17.090639
19.259651
11.169557
-14.744565
7.216347
0.249335
-6.928304
-21.394932
17.134081
-26.380316
-18.300360
-8.578794
7.040370
25.061974
4.642364
-28.312363
15.136767
2.211863
-30.590485
-27.729733
15.241082
-4.052036
-7.134020
19.063341
-13.885581
-20.452755
-20.096455
-41.408928
2.243393
2.009505
-19.665285
-10.586099
-22.212908
-28.304201
32.212673
-7.223278
27.677202
13.652489
-11.965347
-14.909195
-29.624910
6.735668
10.192585
-5.849129
23.296221
-28.545092
-9.151712
11.516359
4.103652
9.933045
28.564093
-2.847886
12.083016
38.963184
-7.348179
-9.526214
-5.696234
-20.594049
-8.006793
26.296265
-23.101583
10.449797
-4.910722
-2.581234
4.391845
-7.412326
4.867347
31.902430
14.674010
-26.479235
11.838818
-17.314173
-28.247900
25.018059
30.283178
0.429884
13.273236
-7.261567
16.593973
6.554132
-19.193310
-23.662819
23.645016
7.435829
-14.673973
1.162730
16.970879
-19.775528
19.429186
-31.565203
10.354067
25.143845
12.898807
23.428511
-4.422935
18.890608
22.924078
23.509583
20.325630
-5.698748
33.191383
17.378296
17.187689
-0.435955
1.622587
-19.529875
6.156737
13.840327
9.769698
-25.773417
19.572708
-16.003136
36.478451
27.075035
-14.919786
-7.005889
-33.020401
15.134632
-16.791824
17.822245
17.427502
-18.887358
-37.012848
10.687607
-17.370094
12.368741
41.099880
-13.523752
-15.697245
19.420471
30.095261
1.740866
-27.390226
-33.267288
34.279484
-3.177462
9.710597
32.516529
12.398734
-2.003525
-21.684309
-7.600865
6.183928
30.090782
6.544583
11.478347
-15.159615
-21.404205
-0.040094
-7.578904
1.347532
12.919136
-13.328228
15.413202
-16.175266
8.553318
-13.263220
12.034025
-6.471460
31.444859
25.374212
-15.545725
-18.123171
-9.987508
5.536249
-28.296892
18.470575
5.501585
-11.191751
-23.019142
7.456259
32.246563
28.515913
-22.448971
-6.938773
-15.288586
17.609505
1.749466
24.235373
-9.977433
15.699538
-39.062031
-23.270468
7.392976
18.259253
6.699691
0.701410
-19.152880
24.102098
-4.952255
24.553562
-26.384180
14.022264
-21.388678
11.005186
13.350599
2.267192
3.941612
-23.973249
-25.838135
-4.264826
7.555131
7.821185
15.500080
1.417172
0.667726
-16.110634
-6.150094
17.953226
16.857981
-10.725031
15.672309
-27.988804
-6.881676
-3.344436
16.570400
-13.882036
-14.319573
25.944090
-29.757818
2.364362
8.994091
-23.716276
-6.892444
13.743584
-0.149909
10.214494
-19.938168
-3.815939
-22.237524
-24.109064
-3.229147
-15.539548
-23.629709
14.477476
-18.098129
17.702818
-20.358492
-21.361713
-4.303772
-0.106964
-6.891538
35.698826
21.132191
13.018362
-9.616668
-1.261023
-14.486214
1.918334
16.973391
41.628132
18.410164
-3.321867
26.734417
-36.807751
26.661814
14.316315
0.579280
-17.616692
12.897718
14.258031
20.836374
-9.198069
-28.554840
-18.480820
34.763733
-7.023200
-15.413155
-19.742825
-19.840118
-32.677193
-8.104330
2.610828
-12.448452
-31.657635
-20.909555
-4.807407
-13.253733
-17.596453
-13.990143
9.169707
-3.283949
-18.107803
14.505455
19.558239
6.568956
28.959942
1.617302
18.126411
-18.115541
6.649055
-10.322124
-6.919826
-24.250429
-23.117790
10.759209
-3.574167
-6.744800
8.629726
12.627808
10.584531
17.300924
-24.746105
11.224243
27.579401
15.691382
-3.255757
-12.277884
12.672434
-3.080853
9.922707
-11.094296
-19.694195
4.175367
29.730932
13.590296
16.017651
-5.341048
18.856691
-5.659838
-16.878464
22.291609
-14.816283
21.081984
0.842606
-1.958702
29.374271
7.807608
-18.459278
22.558542
10.845183
-3.027202
14.660229
-10.352702
-6.693231
-1.007194
-16.136877
-40.280682
16.129833
15.656596
-3.223883
-13.832193
4.262955
16.808615
6.449636
5.769160
-2.579492
-25.942806
13.690325
-16.969963
-0.915183
7.898320
-28.257139
45.415707
-21.037344
9.045402
25.236382
4.804868
12.115554
24.364275
-6.926911
9.809221
-6.895093
-24.572584
15.973597
-1.752935
18.291821
-4.969644
19.699106
-17.476448
28.304173
-7.894782
-15.892836
17.456390
-15.386785
-9.759189
3.272842
11.855675
-4.591577
-20.453323
-16.309380
14.270598
38.804047
-20.806797
-18.446953
-13.810969
29.666391
-10.830626
-15.754074
11.883918
6.479433
-1.221173
18.909412
-11.964942
-4.580668
-14.227154
-23.063545
-20.837109
5.529236
-31.912573
6.732055
10.507058
-16.648134
-17.092747
13.335597
8.994509
3.345674
-13.104472
-17.205406
17.050251
7.709986
-2.942002
-7.431620
-6.441714
28.254705
7.769912
-17.141016
-26.386194
29.918079
-2.359967
33.841236
3.032185
-19.445179
20.409012
6.359553
-19.233683
-14.870952
-0.812095
10.790482
-16.150908
-20.633146
2.631290
-27.990181
-23.553551
-9.383785
12.561697
24.905836
-6.749138
27.584953
8.068208
-22.762657
0.331010
-22.305801
-19.416058
-21.970869
5.294876
20.483793
6.222838
-19.907188
-3.082069
-7.404690
-19.624435
19.046976
9.715957
15.144315
17.508461
2.325740
-25.811121
-24.153242
-0.719112
-11.304240
-14.836767
19.439461
1.862718
24.024084
10.417212
21.854353
3.117736
22.387640
34.329342
4.909954
-24.158022
17.838270
0.999990
19.734312
-13.333085
14.784754
14.465134
-30.730753
11.170331
-15.694899
-7.216799
2.893585
8.177507
-3.659506
4.085536
22.424070
11.478237
16.900389
14.524112
17.654907
-7.466401
11.321875
-28.608137
33.256386
-0.622506
0.446369
-22.897146
20.002506
-17.107637
-2.294063
6.942016
18.697418
-26.380671
16.588139
28.270523
47.800266
-11.773330
19.520777
7.377387
-16.878103
8.431353
15.929008
-18.746332
-37.609833
-17.786402
-9.007236
26.629448
-36.185616
0.971060
2.063957
-18.136322
21.684998
6.252664
-7.267603
13.548944
-3.931971
-3.847841
9.840248
-7.052818
24.246016
-10.907069
-1.133492
21.571499
5.290754
-18.873968
25.777874
2.212206
16.277071
-11.052923
-3.319394
-5.424716
-3.429544
-3.356749
17.816357
-10.676956
23.493576
-11.220954
-21.823988
-8.419543
-3.244178
14.932142
-19.530899
-30.218782
6.976992
-7.345469
28.443880
4.627802
27.464844
-13.607710
-23.469452
34.111313
21.821722
-14.014688
21.205292
27.528614
18.789696
23.944836
-4.512176
11.240081
20.664881
2.071113
1.669633
6.069417
-7.541834
-18.745516
-9.585954
2.690437
-12.842211
-34.732170
6.123636
-17.004787
-22.081978
18.900980
-20.980717
-7.763748
28.462145
-19.040510
-1.449786
-21.244856
-2.374095
-7.750103
22.157948
2.971000
-22.693666
-12.325064
13.803545
-30.999107
22.749750
-8.548240
23.194311
40.640301
-4.145203
-28.154041
-5.887758
-25.415182
0.921163
-29.178476
-28.356646
-29.887501
-17.331175
-9.394919
28.548458
13.682114
3.511733
0.437239
9.233826
17.188408
-8.592646
21.034824
19.272863
20.371902
33.873245
20.674898
-33.617031
-4.281799
-21.497774
-7.930468
32.762917
6.267507
-14.448112
6.388836
27.850410
-22.030933
-25.748569
-7.227766
22.195194
21.342817
-15.864757
-14.582666
10.755053
20.619595
24.899515
-19.288748
10.372996
-29.009535
2.718796
18.011221
38.922272
-37.090347
-19.629400
-5.908537
11.560543
-3.980922
-4.884087
12.369376
3.398882
1.268418
0.331336
9.797968
-3.807358
-7.140574
-4.517841
-11.722382
28.748285
20.560946
19.708994
-21.416054
-28.303572
29.771624
-21.041260
30.736877
-12.675042
-4.310577
0.880843
14.640230
-28.773951
31.128946
-7.658690
-2.314976
27.517826
5.359897
-18.046812
29.167915
-14.433045
29.456743
-22.621422
6.466529
-4.513953
21.549799
-11.462639
19.319582
-31.205870
-11.226526
15.569439
-12.059403
6.754740
16.332542
14.785515
-17.910574
-13.511347
-4.733913
13.917616
-3.054807
-2.041466
-24.023876
-30.720448
1.029850
1.571669
-12.444274
-22.223429
26.361202
28.477757
-3.538071
-33.051094
6.949861
-17.860506
-5.104884
10.644819
-16.434433
28.251450
2.191918
-25.672152
4.821419
2.654697
-14.773407
-19.196047
-22.609190
-15.340018
8.821679
-14.982825
24.062258
-15.583981
25.038122
-23.101152
6.364278
-0.631156
11.346097
-11.222737
4.075497
-5.484640
-11.831444
12.574732
19.770216
10.227032
-0.074572
4.296644
25.537725
5.807338
-27.055279
-19.845715
3.753441
-7.741916
-27.011580
7.097783
6.643443
-30.322775
-7.038468
2.684878
23.797190
-0.460655
18.040207
26.656557
-3.345091
-6.133070
23.245567
-2.505879
21.065348
-13.303487
-4.451223
37.991356
1.402330
-27.033880
-14.340055
17.533400
-6.756181
-7.325819
21.805603
-15.950777
-2.339806
-17.768171
-1.129765
-9.172525
-37.082382
0.158822
22.073692
-14.466158
12.866221
10.405604
15.556894
-12.068865
-10.169374
-27.279419
-8.592957
7.864635
-31.368311
29.992521
-39.397293
13.581856
-12.785997
28.897768
-17.380466
29.788042
-2.346191
22.077873
-7.959676
-9.614648
-7.913785
5.631780
-21.607393
18.565929
-35.998604
-3.713155
-7.493939
-13.283740
11.463734
40.302536
-39.172771
-29.350613
2.821941
19.625942
-6.312696
2.682118
19.094324
7.112824
-7.531435
8.441191
15.010589
-6.192486
6.128933
12.048694
11.620558
20.959795
33.511032
-4.136110
-19.979279
4.449203
-32.210972
-20.815678
-20.150646
17.123230
-27.003008
-5.698916
-7.938100
-13.941288
1.309973
7.052358
-17.835054
-4.865103
19.793825
17.357321
13.653165
3.785349
5.161375
12.941505
11.336971
-15.263558
-37.132130
-20.205425
-6.150202
-0.909242
14.707591
22.728426
-14.124163
24.332441
23.657652
24.619352
-19.552649
-16.354126
-8.285901
-20.801163
10.422058
-10.873610
23.587286
1.018404
5.649636
-9.950624
14.524995
6.571199
22.160423
16.996040
-21.787962
17.969515
-23.333691
-28.455202
15.853036
-1.453025
23.533234
6.382924
12.166090
2.696182
-3.404255
3.927571
-1.714465
32.316204
-17.210390
4.982610
-33.502102
32.714619
-12.670167
-8.679056
-10.979660
39.237877
-13.609200
-13.034799
41.470795
20.318502
-11.621686
26.007545
-7.015768
27.097166
29.730122
17.301048
-2.140180
-0.242807
9.155644
-7.531666
-10.460176
-14.368562
25.503115
-11.954969
8.135154
16.719530
38.482025
-8.816466
12.471146
-19.283192
-13.129829
-11.644346
-14.368878
14.931428
6.694791
-18.064631
26.574238
13.315241
16.003523
23.933941
14.702358
-6.103534
-22.021469
-0.249721
13.891551
-9.279001
-12.700208
10.511947
35.226059
-31.153139
-14.098660
-25.907320
-13.451621
-3.281359
-14.591227
7.820376
13.128108
25.702129
19.585152
-5.238540
-12.021823
9.887300
14.765039
-18.402609
2.355639
-31.034267
22.377476
2.789502
30.828171
-11.381204
-25.747400
-7.394484
5.398669
12.404785
-17.305445
4.845000
22.726860
-26.461901
-13.041286
14.340981
35.932175
24.197327
-14.892913
33.878464
-30.627954
-18.519594
-28.196638
-6.369258
18.627939
2.163238
11.988530
4.320671
17.918634
-5.868710
-24.133183
27.368153
-36.358894
10.750952
-17.193697
42.949654
-21.959520
19.974951
23.911156
-20.126753
-12.233166
22.067856
-33.083591
-9.679958
27.192774
40.608723
28.233547
16.684244
4.739159
17.593510
-21.898638
27.618914
-18.145157
14.537560
24.558893
3.065369
28.141119
31.788071
-2.934403
3.744918
-33.093868
29.759451
19.948917
11.292728
-29.022991
23.515810
-16.671352
23.926102
-11.815448
28.044090
4.617227
13.549189
-16.716494
-15.943146
6.171529
22.815432
27.624514
-6.693016
-15.569118
-12.020892
-8.681026
-16.996656
19.496515
14.205510
-7.853265
-0.459468
5.358520
-24.754383
3.550592
-6.662425
-37.983509
-13.500468
-18.117739
-8.696376
11.235421
1.772050
22.445885
26.245285
-4.249880
1.642622
18.596846
6.039023
-21.932474
17.897593
4.373612
4.909654
5.598289
-29.084307
-23.694429
-23.620598
-25.217501
-43.577736
31.690025
-28.721992
12.550398
17.370831
-31.665388
22.553537
16.264957
4.698971
0.808033
-0.314979
0.988039
11.437562
2.188353
4.973186
-28.257675
33.283634
-16.558968
-21.271441
27.867456
6.443191
19.677288
-10.625038
-27.449909
-17.737370
21.971783
-27.409288
-7.108265
9.118327
-20.333271
28.076336
-11.325641
4.413160
-2.010069
-5.137106
-10.324480
-23.868116
14.373176
-14.871011
6.752393
26.512411
13.373553
-18.548100
15.050036
12.714417
-22.428570
-12.513438
8.418378
31.667429
-24.913431
10.336654
-20.046503
41.200115
-24.200663
1.149249
-19.421982
15.615103
-29.488251
27.682821
35.484631
1.363293
34.499317
-8.178971
30.789610
-12.628769
-21.551601
-33.503765
11.057305
19.626671
20.250225
27.405443
8.535735
-16.755884
-19.934610
-17.430061
-0.260125
24.529072
12.947053
40.882256
7.488956
8.943272
23.326885
-36.772942
0.052403
10.441045
-31.164328
34.547928
-27.427877
-12.970312
-23.676620
-14.055182
16.448551
28.849356
-21.281433
33.554226
-26.737787
-28.073944
1.993518
-40.868515
13.369009
11.073619
20.405170
12.972191
-5.014049
-15.997160
18.426237
18.218397
19.087091
5.547741
23.151644
2.972765
-12.992620
26.765438
28.541628
23.465237
-17.116652
-45.987064
26.636806
-0.663332
3.405153
-15.298167
-17.160030
-5.720690
1.641891
-20.308107
-14.979357
-29.610262
-5.284095
18.023655
-34.885517
1.173840
7.996716
6.592758
19.704580
-17.291178
-11.649144
17.133554
-8.814992
-14.281401
-13.145328
-13.665009
-12.658456
-6.734643
7.933237
-28.877733
18.362181
-30.493525
29.850466
-19.443863
27.370811
18.102165
-4.997702
-7.775522
16.536545
0.865655
12.315227
17.265730
9.900599
25.227207
16.368097
-2.209963
16.620247
-17.412704
-0.525149
30.645594
6.545788
-17.072048
-9.813697
-13.659303
20.286623
-0.320832
-0.461851
13.852826
9.478026
-20.262417
-0.215542
-19.801884
31.456440
-23.114882
-17.698496
19.793983
19.049463
16.535534
1.741533
5.768899
26.192135
-10.961096
34.540825
10.222634
10.459849
-3.994843
19.797226
-26.323122
25.124739
23.261660
-4.562310
-38.574551
-11.353598
-3.214776
4.627061
-31.217321
-17.821245
42.355034
-23.800882
15.162526
18.498789
11.755871
0.785205
10.234678
23.271608
25.217903
-21.366348
-19.944534
26.069931
-18.682539
3.231143
-2.941257
-13.210546
12.587751
9.186764
32.983078
-8.867787
23.781628
3.447049
0.234200
14.981009
9.226509
9.407131
20.974651
13.409872
16.761547
-23.576805
-16.180008
-1.306431
-10.850623
0.921344
-0.852020
35.472210
-4.816051
12.798488
-24.006554
-9.299463
32.302216
-3.820055
-6.414030
-12.861646
-5.771443
-1.458273
16.513426
-6.486059
-6.683576
-9.782219
4.325545
-21.427814
14.379081
-16.673716
-11.085953
-10.788548
7.232962
12.275163
9.363182
40.400818
2.837598
19.035629
-13.783698
-5.848235
3.929176
-8.264294
14.143849
15.874332
-20.871073
3.903390
16.642012
29.214512
-17.329491
-25.676289
-7.651880
9.137765
-1.516377
31.182674
-4.361342
29.065607
12.057593
17.329666
6.740213
-4.947463
27.009445
-3.639339
-17.786312
16.219296
-25.188845
10.974751
-32.883961
4.355297
-13.251272
13.548150
25.456930
24.700350
-27.909903
-25.010256
14.984177
16.879284
0.162950
-18.160999
14.276191
-19.048136
-10.310398
15.996107
-11.054288
5.279864
-15.535667
20.138466
3.115226
8.710195
-9.190153
2.761655
-19.943905
17.849693
-0.215265
27.541414
-35.015224
-11.816154
21.865402
-14.240863
2.177788
-12.704614
-23.252159
16.671137
9.386610
15.422215
-14.192560
17.738310
22.232630
-4.122177
25.729979
-26.301161
-6.194648
-28.079870
14.860725
-7.630508
6.052513
-12.532010
13.554071
17.804649
-5.464792
-10.770599
-12.761377
-1.636368
0.118177
22.882454
-12.627841
-0.103817
-1.033290
18.693903
16.049259
22.989704
10.203146
9.244702
-15.955159
-12.817927
36.870960
18.792229
8.321473
8.551082
-13.133541
-0.277025
30.021475
-9.621627
-30.974226
21.623606
33.705879
-3.192060
-39.865112
15.527352
16.027271
-13.675920
22.012552
12.512647
6.068789
22.397400
28.002924
14.170852
-6.587119
2.848183
-40.042419
-6.362189
-35.068413
-12.747770
-9.699897
28.312487
-3.814579
-7.805782
-9.026963
-17.843746
-21.373716
20.439407
22.827755
-27.182076
-13.332544
19.050571
1.630297
-3.848129
-6.413894
25.711485
19.166304
0.342193
11.023044
-10.048159
15.262608
-32.888687
15.534007
-22.288313
-17.588106
4.565187
-26.244444
-11.130530
5.063732
1.109675
5.532383
11.157316
22.889643
-16.500057
1.304712
6.826517
-23.485779
-1.177503
26.733078
22.356552
5.354444
-6.320328
-0.873590
28.361412
29.953703
-16.689049
6.647181
-3.120311
-17.353033
14.244446
4.259928
-6.414075
-6.989220
-25.737045
15.570775
15.566904
-18.121132
-23.326834
-25.521128
10.723118
-4.794138
11.981724
-22.815056
-2.196329
-28.814631
-17.559862
-15.040533
6.110753
-20.060291
13.494956
34.914604
7.088321
-21.471727
14.091438
9.822838
17.982817
-8.656322
18.751802
-31.102449
-2.767473
-24.896326
-10.569307
-9.101277
-4.449616
17.405764
-15.663281
-28.023216
-13.246940
-18.954447
1.349703
-25.632534
14.425714
7.569761
-16.723993
-42.714893
-25.977913
0.636596
-9.155756
-19.302736
15.463162
-23.130486
19.644987
-19.279701
25.291023
24.275143
23.530848
17.503803
2.010514
-0.174174
19.718096
30.826021
-1.566703
-21.704708
-5.063594
-12.017955
-4.990939
29.539221
16.152487
-8.311312
-26.656973
-17.256628
11.857571
-9.416692
24.999067
-29.382334
-21.417913
-24.221815
9.500039
17.329296
11.503437
-19.068802
-14.704181
11.154945
-5.292473
0.993492
-14.676022
22.967451
-20.885275
-3.318372
27.576454
-31.221478
-23.009735
9.353458
31.417681
1.248147
25.024469
-26.879032
-21.220469
-26.249641
-8.238009
-33.182129
16.399887
-1.334589
-0.134280
6.306942
10.884911
30.439558
5.307401
22.793526
9.945730
4.633116
-2.303630
-9.430219
-18.716219
25.338190
-33.627800
8.233167
-10.302540
1.723343
23.148252
25.624971
20.393856
-29.359377
-10.897897
19.128345
-3.339143
27.939314
-16.250618
25.970781
1.583804
8.329560
31.623810
23.848904
-35.224949
21.546080
23.607008
-24.051533
-18.600607
-8.977202
-20.816839
28.165442
-7.269938
-12.737906
10.134491
-28.153973
24.029720
31.287767
-20.008148
-22.978745
-19.449945
-26.251839
-3.746086
-6.095737
-15.699128
18.271971
4.500425
-38.256958
-14.838099
-10.868259
19.946535
14.697621
-4.427333
-4.367340
-6.300478
19.490450
-4.273287
17.551142
20.396091
-32.494144
-39.099274
16.742941
-12.060945
-0.761344
-30.766994
17.100697
-22.089592
5.029490
-0.001618
30.045839
4.347207
1.415648
22.744389
21.550135
22.382879
-0.347796
-17.778555
18.065813
-14.926336
-7.103707
12.245390
-36.103008
3.949342
6.794398
-17.215405
6.989449
-36.012028
13.458722
19.820890
23.802834
-13.777143
9.408689
14.742681
-36.327789
-35.037708
-6.246295
14.413821
-17.280479
-28.140110
-14.434108
22.335245
8.147732
-1.472100
15.683275
-26.968302
17.982592
8.610589
9.163426
26.964760
24.811089
-0.902400
18.284224
-11.601591
12.799622
-19.992237
-12.742511
13.994296
-25.689011
11.801899
0.404410
7.607149
-14.762753
-20.880169
-12.527369
-16.303434
21.021200
4.609167
-27.246618
-11.724106
21.249924
18.902494
-0.628519
-16.773661
26.772358
-33.431705
28.436628
2.848672
-12.173033
13.787931
32.970833
0.582049
-4.910263
29.775288
-12.467703
11.156487
-40.734707
28.799572
24.340326
-7.858270
-15.209504
-18.597692
-17.767405
-26.756264
1.947212
-20.119602
-20.483112
7.691751
25.744877
-26.076876
27.886503
-2.824481
-1.508784
-14.554485
-6.067921
-8.914085
13.458522
7.780764
-7.277027
-2.909574
24.896198
-14.022037
-38.989452
-0.390352
-13.740526
11.020376
-11.607302
-9.811489
-18.377335
19.017729
-4.820636
27.122255
-35.797890
-2.107096
-14.047203
-4.746633
-27.649054
3.983778
-14.575852
-34.651325
22.891161
5.956063
-17.515011
-1.731953
9.473134
-21.339861
10.450465
24.826006
20.044128
-14.431034
14.264149
-33.726913
18.809986
-35.068428
-31.855844
0.843804
32.772545
-12.896852
18.640568
-9.743669
38.928596
-10.012088
17.912121
-18.619556
-6.819471
7.506949
10.217269
8.343000
-13.686968
7.069278
-9.427672
7.794827
30.317854
-9.115085
-33.910416
20.272566
-29.219431
26.716110
8.205382
16.445156
9.213596
-19.186796
-14.908043
0.682985
16.831089
21.064964
-4.812243
-24.615007
1.027615
26.656136
30.934269
20.000938
-2.632584
-12.921918
9.322687
-15.463187
0.702287
12.666553
-5.294985
-3.624183
16.902916
9.758809
-6.635515
11.489842
-27.256140
23.145782
-26.758656
3.642879
10.934890
22.548203
-1.124543
-18.912663
18.576118
-26.089037
22.103943
-6.518985
-1.605670
18.521725
-8.395924
5.287233
-1.275125
-15.540349
-14.766060
5.401657
19.748484
-14.549173
-25.114313
-1.630834
-16.719557
19.256573
-16.158382
-19.703489
-4.714732
-13.169415
-25.858696
-37.336632
-4.648782
-9.307356
16.778313
-19.560913
41.184509
-4.139057
-3.795293
-12.421623
27.588985
-15.528959
-23.270403
22.293232
7.564783
10.709286
-36.640141
-0.099803
12.635599
-25.167515
1.371179
11.469249
-24.178291
28.034256
-12.264509
3.455316
2.505273
13.210697
9.744038
1.210849
30.512421
3.013047
25.498619
-27.669510
-6.800225
-11.524479
-18.849901
-27.302582
-22.443203
8.800314
-22.059660
-22.614016
10.271486
-11.258323
7.272817
3.511078
-6.673519
-30.507341
-24.841677
26.199614
-10.701938
20.328331
-7.024783
-18.557442
-9.024386
8.415361
19.172237
3.004553
24.072838
-29.668015
-6.398734
-16.009089
6.109920
-2.647711
0.166189
19.999121
2.959840
-30.526619
16.167707
-1.845592
26.046249
16.988974
-23.812065
9.354084
-20.900373
19.184044
11.997199
22.889521
17.634907
15.171634
21.714308
0.961258
35.991230
27.448692
34.957996
30.899595
12.322927
-4.898905
-3.161515
0.522424
4.532573
-32.918468
20.541033
-12.977364
-8.507129
-7.079294
-18.557110
-1.606049
2.268702
12.186874
-12.573969
2.581946
-18.203617
-32.155033
14.569735
-8.897317
-4.652777
0.336035
-26.708263
-24.651892
4.254851
-13.803536
23.417208
-16.642830
19.364286
42.015453
6.371506
20.531023
0.525291
-6.419294
-5.901820
18.874138
-1.522180
-30.171656
-16.672340
37.710243
-9.677263
16.226061
15.276361
11.688668
-13.836191
8.702313
0.643603
16.923988
-31.886448
-16.074755
-17.491053
1.884279
9.322238
-24.196831
34.820793
-4.136724
23.686363
31.862501
-8.285143
-2.173901
-13.526834
3.260709
-36.995281
5.751007
19.156284
-0.418302
-27.971128
4.665889
-19.017889
-21.445665
-13.197197
17.369833
-12.097681
-18.901978
-26.541496
-33.927456
17.955418
-17.077890
21.729708
17.414518
-17.083908
-7.810399
6.979594
21.678080
32.961723
11.361178
-8.164335
-4.575165
13.861331
27.200150
20.867805
0.451262
28.557604
11.862351
9.378691
-8.930388
34.705593
23.872681
5.095761
-7.184116
6.708253
0.030815
-14.230868
-23.932138
29.750122
-18.506266
-14.095409
0.048499
-27.227816
35.138157
-28.635742
0.901416
26.329332
21.149649
-28.607597
-3.965496
6.358517
-25.041664
22.152653
19.642797
23.886684
-12.764244
6.285439
19.134565
-0.827654
-28.490589
20.693499
13.383439
-18.788940
10.824132
5.453545
-0.329501
20.266270
-21.585257
5.700368
-8.997572
14.204919
13.023745
-14.314862
-11.390530
-22.834137
-16.823080
8.985701
15.474510
-25.986225
-3.419050
-17.012466
-20.990549
22.245470
16.868074
28.594727
-29.427614
3.133457
9.582961
26.818293
-29.612661
10.471503
-10.122940
-15.561319
-5.489751
30.796103
-7.131158
-12.064783
17.171564
-6.152746
-1.738677
-15.470065
-14.203396
18.503935
19.580778
-23.048893
13.760072
-35.828270
22.148531
20.486111
0.851445
6.349033
-2.595983
15.905497
11.075422
26.876671
-0.764116
17.248829
6.549941
-10.834129
3.453285
37.247849
-19.130163
-13.445127
-16.389080
-13.051460
-18.035404
-10.226717
11.476899
32.341774
-22.503843
-7.220546
26.498758
16.157127
12.452095
-24.982084
-0.625927
-29.646269
24.029573
0.755567
-1.830678
19.808905
11.438084
7.179118
6.080803
-7.256729
-16.106653
-36.812752
-19.010426
-13.372147
32.591171
-26.557716
-8.263838
-12.112512
19.718023
17.429365
29.044258
-15.585943
5.618326
-44.705795
4.939884
-4.843785
15.310372
-2.201051
-8.733340
-17.179832
-26.496792
0.264165
-1.958455
-7.503158
26.009581
-27.315422
-19.295155
0.071136
-6.386891
-26.675335
-35.099403
-0.151879
-24.182243
-26.426920
-24.294451
17.619535
-16.173336
-13.177639
6.060832
21.616758
1.218695
18.262716
-2.419257
8.313581
-7.219855
1.329797
9.495505
-14.099777
3.973517
-28.149891
-25.533068
35.638012
9.916814
9.698003
8.375397
5.407652
-2.141071
-19.072287
12.332801
7.159348
15.740562
-18.145491
-16.811562
13.545106
5.187388
8.174791
13.657330
-25.695663
17.583643
16.926298
14.215302
17.976686
-3.734793
-1.906682
-44.219955
9.998835
-9.899364
27.723595
-9.092268
21.446838
4.347296
8.989640
-3.947303
-13.092575
1.564215
9.790166
-15.589427
-6.997406
22.984011
-32.368046
9.415703
14.043075
27.303684
19.149094
12.369611
-7.567850
8.498802
6.192867
25.799183
-43.648827
2.073598
3.134395
-22.531677
-36.096485
-16.419436
-20.910187
-19.701857
6.110577
20.399361
-5.310557
24.733545
18.280222
-24.476007
20.837669
-32.566460
-17.521980
16.681843
27.326029
-2.517376
13.441555
14.361721
9.218110
-0.562162
-14.052576
-20.091541
-8.008457
2.003948
11.741261
12.289074
-8.819138
-8.731676
14.209908
3.555035
19.051422
3.289548
1.381258
-15.688510
-10.535357
28.996872
1.256924
10.794291
-8.974185
-26.565939
9.954452
-20.568796
26.736021
-26.631489
-9.636194
31.327503
-15.871013
-5.070399
16.931253
26.798557
41.220585
-27.561699
-25.650097
-9.270407
10.087979
-7.700442
28.898968
-23.663015
14.762609
23.385834
-19.570936
6.834978
-7.481611
-6.994488
12.203187
44.661533
-23.796631
-25.116669
34.131374
-16.912987
-1.924771
-22.491585
20.257858
-3.910410
21.040045
-25.570490
-25.260696
0.168493
14.081359
21.163912
-17.682314
-4.132645
-0.059559
-9.062540
-8.290036
15.868629
12.396621
-2.738832
15.947097
26.983803
-16.203594
-28.335392
25.605709
-28.802879
-15.513959
23.032747
2.956514
-9.474258
-1.663828
-26.359636
13.016596
21.815882
16.435034
-1.323598
11.373925
-15.499480
-10.270403
-14.508459
-2.696820
-16.862812
6.182319
16.954601
-10.841648
-31.800619
1.805037
-18.955809
30.404301
30.068039
-5.058675
2.282509
-15.640076
0.796082
-17.468706
17.606718
39.433437
11.999762
-1.002527
22.974058
25.726234
-2.458437
-5.112495
-14.718383
-36.281170
17.793896
18.576643
-32.987228
-27.071594
7.038189
29.556112
-27.182638
-23.385464
0.554754
5.008368
-24.506756
-12.375321
-10.756166
23.537786
-21.006538
-4.430155
17.614418
-2.839661
13.537278
-3.037894
-6.133120
-7.503370
11.007935
19.360207
-0.356408
6.571577
-9.662707
29.078566
21.554411
-6.739377
25.604528
-7.003991
-14.036248
18.651081
32.719093
-10.688862
-14.340804
-16.452162
2.410207
-18.319872
-26.015564
29.494576
12.618188
5.090466
-14.380723
30.690331
17.338549
26.282972
0.071963
-18.423361
-41.753437
15.189741
20.629454
-24.696442
-10.557058
5.366868
9.618421
-15.965124
14.526373
-5.115935
41.486927
-26.360855
-9.877177
34.817196
34.861977
-11.522243
19.113745
2.522437
19.472548
-21.704597
14.051983
-9.787730
-14.018340
-13.232814
-17.887905
20.750355
-5.849494
10.938004
18.909704
-25.919287
-6.912728
-35.047253
-34.122437
20.761221
28.529541
28.046665
-19.891870
0.556907
6.152551
-9.157810
-22.167912
-22.744347
18.679035
20.980726
20.965494
23.231054
5.926647
-4.746047
3.314041
5.257755
-0.852087
-5.251922
-13.083477
4.841351
-15.864318
-1.258483
-30.321901
9.985819
29.241632
-35.826038
18.313841
-13.224527
9.902540
-6.884559
-0.600360
-2.943819
3.077937
8.075266
-12.592210
29.036661
20.155432
-16.143375
-21.645487
40.426414
5.311094
1.535788
-9.269844
-2.989301
-2.364864
-19.266956
-4.386039
2.562619
1.559169
-37.370495
21.053846
27.216354
-7.484323
-20.272970
24.653858
-3.991831
22.180008
16.954626
-12.958191
-36.261921
-29.902079
9.302614
-21.699762
-10.887572
1.065729
4.347723
-18.813591
-15.191972
-19.408697
-15.071153
-1.857595
34.202000
-20.193989
-23.481264
3.834089
21.246199
15.675228
-5.151175
26.621971
-15.399724
-22.429050
24.084646
-11.816550
-8.394136
-40.543728
3.501489
-22.379137
3.519114
-5.975556
-27.579895
-6.647464
-9.237973
-10.802252
-16.244196
31.622774
-26.674002
-11.038571
4.480285
-25.306849
-23.832520
22.742052
5.451032
14.709139
16.443502
-15.029079
17.698723
-27.794357
-17.607918
-4.812365
-14.991405
32.781788
30.448418
-5.094090
-28.366873
1.576149
-30.733778
-12.338570
-4.604338
-17.543407
-7.850516
-1.013179
14.004159
-6.792775
29.260691
-8.589164
-35.702347
-29.278061
-4.739388
24.830328
-11.037132
17.086794
-23.384514
-3.218460
14.996414
7.186080
-20.742739
2.396945
1.461376
32.202000
11.344899
18.937780
27.813812
1.823944
-16.753550
-12.406749
13.068524
-19.881636
16.944180
3.325928
21.085781
-32.426750
15.839382
-4.326826
5.380587
-15.089165
-30.798359
-29.038204
-26.381926
4.816361
0.504030
-13.202932
-18.649036
-22.887049
-39.381889
20.356491
8.479131
24.012465
34.520061
-18.229946
18.903975
-8.413081
14.672793
21.876059
-20.517927
-20.835363
-21.297836
-14.414807
31.443401
41.038628
3.866762
6.914534
26.362967
1.677259
35.260143
13.613620
-5.676404
20.926386
34.043064
-21.517683
13.246787
-19.487160
-1.213256
18.118368
5.734494
-13.330973
13.231050
-36.310570
-27.223055
-25.149994
17.245897
-16.348059
29.130615
23.642172
-9.729434
17.492413
-16.139963
-22.244211
0.778578
13.274096
2.171899
1.616228
10.183009
-34.734734
-11.824170
21.434942
-7.811923
7.021216
18.170696
-23.473768
-33.209240
11.376415
-29.536577
-9.555500
-7.433248
-13.292188
-27.906576
12.390581
-23.639063
-31.254044
2.335637
25.120554
5.973199
-4.001893
27.152990
-10.719900
24.351585
-4.618341
8.425595
35.527359
27.142000
2.701000
18.836407
28.935026
36.590019
-3.906330
-12.553139
3.800339
-17.460911
0.063533
-19.797705
5.240382
-1.498100
-1.057912
-0.426933
17.542410
6.092716
-12.190929
9.223620
12.944668
-26.080980
-6.361412
-4.766151
14.828603
9.700726
-6.809628
-29.606998
-33.562649
-4.886584
-19.995943
-10.368956
2.781900
-22.642338
-9.269716
21.987576
23.809925
-3.346960
26.514957
20.259872
31.053202
-6.199453
-35.093960
32.115219
28.170235
29.591228
-29.401548
-20.044176
-15.367628
-11.234303
24.068443
26.131445
-13.256449
-46.191212
-13.719067
-15.877589
-27.934786
24.016592
1.085028
-14.334992
-39.934288
-26.407167
-1.026738
9.181178
-34.989635
-11.352386
-1.214933
6.383494
36.191654
-14.492366
-10.838746
16.543797
18.279587
23.078527
-10.527874
1.799646
-5.149417
-11.302539
21.143076
-7.228137
12.349931
-21.139149
12.373057
-18.689083
16.027332
-6.564393
-28.041018
-1.058536
-27.632690
1.328248
-33.679329
29.575104
11.896347
-10.101559
2.346742
-33.904476
24.882879
9.933246
-1.013988
-21.175402
26.282625
-0.444783
-0.855784
-20.726887
23.730064
14.122387
9.946088
29.993723
-33.259682
9.724826
-14.785646
-15.282683
-8.729439
27.356636
16.220287
-20.429113
5.806041
13.851400
-1.595001
26.419638
3.174743
-16.399279
24.231342
-26.299976
3.147600
26.580475
7.061788
8.981028
12.240755
29.114519
3.965288
-16.494009
22.184570
-6.450009
-14.012136
-6.533102
17.154058
-28.446301
-16.365898
-23.338789
-34.083504
13.396745
8.774267
-8.198693
-1.982503
15.915935
9.829873
-6.908436
39.741776
-16.336683
14.300808
0.578881
2.494677
21.264364
9.255445
-25.279228
-26.896736
-9.530281
14.333915
-41.040787
2.234764
-17.242458
-13.726481
13.827857
25.645939
-7.928486
-21.321346
5.904464
3.034780
7.595665
13.462781
38.929066
6.689981
28.932247
15.761328
-32.363594
-3.317297
-28.577278
-12.378675
-19.846180
-26.978151
41.960968
-17.156862
14.326535
-5.377198
-1.630297
-24.777193
-14.669939
-18.594610
15.953314
23.988890
-3.514572
-32.756683
-2.670245
-0.132114
-11.866311
22.360126
13.466736
9.632642
-17.900698
-26.825243
1.560158
31.015089
-4.128569
-16.227686
-20.113333
24.089653
-11.023813
-20.847349
11.489321
12.998065
27.977190
4.848814
24.896248
7.017193
-9.854490
26.137527
9.260466
13.597750
-30.276829
-19.637178
-2.606116
-10.120382
0.024739
4.085459
8.225871
-16.438822
5.123190
-18.156376
1.005077
6.444951
-1.711837
2.822885
23.237776
-17.449701
-5.119154
-28.832430
4.027231
12.239409
17.652151
-37.625912
-27.332426
12.425945
8.286032
-24.652266
24.388634
-13.380872
-10.017673
-5.822573
21.880405
1.336596
4.814956
-23.410591
-25.775934
-31.227144
3.677089
-8.754293
24.482138
14.026211
-8.828581
-0.382925
-5.732765
4.539486
2.837437
23.264662
17.785751
-0.873645
-12.338498
-2.368016
-7.150030
-7.590013
1.633116
30.559975
-16.200533
13.104424
12.514763
14.746593
-31.699533
22.563292
-13.089931
18.245682
-0.233673
-26.252827
0.629764
25.482857
0.920601
-15.462334
35.221371
-14.870918
-3.268950
-4.543320
-18.642124
-2.094973
20.298481
-13.688228
-3.439226
18.026634
-1.789182
-18.945150
28.990652
-24.655239
29.898138
30.755823
27.229675
2.652726
-18.766161
15.802197
22.544432
11.385497
24.818695
-12.675135
-22.616119
-3.849617
-1.854456
14.680218
4.290369
28.513811
14.255143
3.430728
-16.844362
34.973877
5.290819
7.347332
32.080101
29.076340
6.080643
13.872687
-12.364884
22.336994
-4.167144
1.619990
-25.600267
-21.292204
41.645267
6.485320
-12.618437
-12.090598
15.493973
-22.627800
-2.096437
5.443184
19.953367
-14.994288
13.617875
25.102354
10.918063
13.115586
18.078112
1.763784
-20.662321
-13.189241
2.949343
-25.747097
18.798706
14.037323
7.349785
-26.013851
1.624277
-0.182112
1.836671
-15.497497
29.066673
-22.996073
26.524570
-38.492344
-12.741085
-18.355867
5.321239
-6.223656
30.662010
-2.308123
-26.970911
-16.598375
10.025657
-28.407061
-11.228082
-3.572080
16.956566
-4.549777
-4.956273
-22.585096
-1.015095
15.333337
-13.558311
-17.011900
18.735031
4.228138
28.113674
-0.431469
-19.966887
5.851463
-4.402505
23.596048
23.356136
-4.263989
-32.328094
-3.252680
-11.065786
13.991678
-32.730206
22.792536
-12.779075
8.551428
12.788859
8.351733
20.140137
-12.694486
9.456582
14.709596
-9.785157
-12.786824
-18.666061
-16.331299
2.198157
-22.648798
-20.613827
-6.306803
-9.004704
12.025389
4.962894
-4.499456
7.951827
7.053548
13.520059
3.709482
-15.030025
24.333584
16.203920
-25.596626
6.403970
-11.069902
-30.031675
26.146549
-17.453077
-26.031973
-4.567113
15.740641
-12.856616
-21.060932
-21.529320
-9.494731
4.048472
-17.281261
6.249230
8.809195
-17.275272
7.630065
24.245708
-4.672047
24.879669
-22.013037
12.024714
-15.985467
1.328160
-1.981680
-29.902081
0.925108
-17.218699
-35.732742
-0.619430
-6.478581
-15.461300
10.744434
20.454674
14.359861
1.708257
-10.440728
24.809971
-0.749953
-5.942284
5.033983
-16.177721
14.689008
21.305227
-7.730358
19.849867
-19.584406
11.755703
-4.521849
-10.957214
0.068241
-19.171232
-0.144490
-28.562477
18.489113
21.002022
-15.494197
13.378270
7.190469
-27.733061
-3.973708
9.253291
-14.671701
14.648619
14.766662
5.599613
-22.064184
-7.593135
18.562498
5.438314
20.289717
8.968989
-32.875320
17.634274
-7.609730
17.168598
1.299986
34.348839
-9.663198
5.683723
10.015465
-18.512047
-14.025774
20.508957
15.487277
9.995605
19.846508
21.523586
-20.199358
-2.247889
-1.960776
27.923014
-18.757195
-11.505641
-11.557722
-2.246595
-4.803793
11.860961
15.947783
-15.802048
-2.057252
-29.497787
-28.441542
12.672003
-5.217654
-0.943458
-12.661016
12.797879
-24.161194
28.604856
-41.092194
9.475515
5.244140
-31.122442
22.524151
-10.265741
-8.234085
2.939956
-23.597095
10.989331
11.212699
-4.286989
-11.352427
11.000136
-4.641988
-10.903451
-20.194620
-25.010450
0.186258
42.277840
21.650835
8.544410
-23.926470
2.542055
-29.190971
0.313875
21.800739
1.000075
18.916958
12.740480
8.410758
17.343498
0.949822
8.642632
17.465054
-19.731239
-23.850859
13.344625
20.591122
32.830021
38.131714
-20.901350
-2.658525
19.812914
6.192959
-1.212693
-33.773174
23.555151
-0.898581
7.953116
-5.832178
5.130641
3.289152
20.092278
17.904123
-23.843428
9.127118
-21.928873
-35.909817
28.261539
19.151117
20.571745
32.055672
19.707399
14.257601
6.051549
-2.710121
32.165142
-10.865159
8.852431
-8.494813
-21.856867
-13.350046
-18.982567
-15.689595
22.998934
8.521609
-8.637551
11.175578
-5.426060
24.872587
-2.836828
-16.383286
-12.234520
-20.141483
14.304362
-4.519362
17.776482
15.561046
-6.187242
14.405828
-5.905993
-21.928255
17.630743
45.470032
26.903671
-26.064947
-4.733471
-15.656080
17.257139
23.333080
-18.299448
-11.436085
-1.428632
-13.609519
-7.446599
-4.514754
-12.638586
17.545279
25.908871
-17.011982
13.414087
-21.736254
16.429451
-5.956959
19.890947
-11.805740
15.418538
-20.430544
4.912554
7.554624
30.424221
-29.258537
13.299204
-11.828130
-15.505577
-29.683990
-14.294463
-8.327177
1.265130
18.893118
33.753391
12.920662
15.208488
8.669727
1.646511
-28.168846
2.712811
21.201612
-0.092419
33.962944
-31.578072
-2.888382
-34.916599
18.771883
-15.522587
6.902448
-35.626659
11.177870
-13.228779
7.206418
-7.105416
-17.179054
-26.443937
-8.724780
-25.811357
-6.957538
-22.276773
2.036090
-2.849051
14.968349
36.974224
13.064640
18.073849
-1.495707
-36.819813
13.896789
6.724788
9.205129
25.190832
-14.782180
-26.329002
-22.959862
-23.543610
-11.192917
3.770076
1.526098
2.986306
-13.177754
-1.851670
-23.466324
-7.428666
3.739822
-1.889353
-17.990814
-9.443743
37.215485
2.525099
-33.469734
9.432734
-22.716824
20.581163
-6.431435
18.087147
-9.006271
-23.603445
6.953263
16.773684
-18.978905
3.933861
-30.556763
4.691628
-0.194941
-25.955059
-5.255428
-0.541345
1.183059
-41.686947
-4.549134
15.259507
14.103108
24.955360
7.157306
1.587499
-0.795934
20.329945
-15.063668
26.588869
-29.548870
-17.458984
-6.902088
-9.328969
-11.838184
-31.473509
-28.862633
-30.178377
7.312928
-17.810999
25.407940
-14.709167
-8.724389
27.091335
17.554047
-24.686752
8.632510
-12.977671
-14.674334
-18.004681
-8.465505
17.093853
-19.329472
13.090907
1.703291
17.201605
-12.276186
14.906240
14.839704
-3.648889
-18.554195
0.779756
-28.978392
-5.755270
-14.044441
-19.805986
6.358056
-2.928730
7.512660
-3.211499
-20.570475
31.387291
19.285368
11.767304
4.908327
12.888193
-27.937515
16.176254
7.518616
-4.474811
32.000183
38.281193
0.857944
25.439140
-4.229548
8.303586
-7.459231
-18.399263
12.640738
12.119243
0.829184
-30.649042
22.113518
-25.881054
10.536505
6.301436
11.416464
-8.735820
0.822317
13.367967
-6.622341
-9.787896
3.136122
13.962676
30.464317
-22.625992
0.661208
32.698151
47.237907
-22.570515
-6.865731
-33.658585
-8.059428
-21.435127
9.591922
22.833614
-17.658583
-33.996155
-0.038699
1.702399
2.626156
11.696909
26.540794
-8.092618
-12.195838
10.028631
-36.724018
13.184339
-2.686059
-3.237874
25.195663
-12.895387
27.409307
-4.173423
-12.455817
27.303501
19.470781
10.975969
-28.034115
-26.442553
23.514034
-17.461973
-23.888077
-22.838062
5.216541
1.469213
15.408154
-22.875210
-23.787346
-31.438993
-2.621381
-15.329024
-11.495191
-30.094013
-25.273787
18.950184
-8.332790
14.030425
-12.921317
-21.505054
-21.325220
-7.107549
-11.619633
-8.717221
20.901522
-20.831133
15.166909
2.311743
-7.289204
27.835682
-7.848830
25.802971
38.390358
13.136486
-15.207717
8.438962
-19.976240
-22.120623
-5.636839
-2.858409
-36.271172
-8.039124
1.827149
-29.330297
-9.825144
20.817558
2.875956
-18.200779
-32.814461
-5.049348
3.081218
10.886617
4.425730
15.680875
-10.069265
4.495700
-40.732731
22.917648
9.661387
0.430534
-16.108152
-2.647758
1.130958
-7.477144
8.548211
13.902551
8.991890
-15.894803
-23.370369
-6.024997
16.166780
-23.685061
-21.899832
-23.082251
-11.682987
22.580299
26.625065
-3.286453
17.936584
-29.868565
26.209707
-43.125599
6.488461
-2.765920
-14.345026
40.493118
-18.276943
-22.750643
-26.547310
-0.880484
19.553020
-6.951403
3.339574
-2.825805
16.535564
13.613350
21.045954
-0.727705
0.617014
-22.132408
-29.055288
16.185875
23.911865
-25.375103
16.311501
1.325102
-15.861534
7.216908
-14.337593
-13.730707
-5.146346
-28.006720
9.440543
-18.220407
21.928185
-27.463261
-7.463498
21.204824
29.046497
-19.183701
21.414082
-17.573004
4.712836
-3.433306
-10.804939
16.300636
-8.858308
17.344137
-3.608604
14.340684
-18.547428
8.016203
-23.384008
16.418634
25.693913
-20.319357
33.494595
22.649445
-19.405151
14.432253
26.512341
31.127111
-12.150339
-7.528938
-3.504231
-30.863047
-13.912216
13.958036
24.040237
-19.851562
-13.302136
9.930073
15.610041
-3.394877
34.505066
-14.730366
20.026682
12.939906
5.429981
1.952616
3.800210
16.068794
5.004364
14.199930
-13.549129
-22.981590
-9.898159
-15.797506
-28.175333
4.609606
0.914391
-15.373980
-18.794283
-16.177458
3.778378
-21.807901
22.851357
3.284609
-0.534982
3.118079
6.747470
-21.712025
17.805517
4.807719
21.459145
-20.849483
-2.254848
-45.409046
-17.919827
19.378267
20.662615
18.404871
21.369005
-17.513622
5.300270
-13.531703
18.702353
29.417316
-1.888149
-4.574164
3.648464
-23.799086
20.713326
1.699904
-22.626417
7.927385
10.082376
15.349783
-19.774252
22.769321
-2.341747
3.875414
10.942362
-5.449130
19.215057
17.621984
5.569085
9.714439
5.369775
3.738828
16.888542
17.073090
4.509319
16.329866
-20.323353
19.417660
6.691744
19.914848
-11.234649
32.232479
-4.211040
6.921099
10.436173
11.335711
19.086420
4.979808
18.627413
-7.567140
-4.435405
25.217388
1.588037
0.248448
16.732325
3.314385
-11.751243
-8.822833
12.784425
-16.221447
28.439392
7.325344
17.598827
-28.879284
-8.551507
8.724721
-13.144844
6.332634
3.681421
-18.764864
28.357771
1.753593
-2.709094
-18.611767
24.188629
13.892340
-6.273198
37.666351
15.912025
-2.381939
-23.707747
-29.671228
-7.228966
24.356350
-2.509859
-22.658468
-20.774632
-1.828773
-3.870270
-7.831337
30.612471
0.732787
13.542469
35.147995
5.600482
12.729841
-9.836205
35.658974
-12.829921
-0.640746
17.584677
22.858236
1.229877
-16.149231
-12.236581
-24.265934
-2.247356
6.817976
-31.083504
10.981775
-8.047890
-1.464505
14.157388
-17.157043
-9.243927
-17.151655
-17.512527
-13.217025
12.238382
-14.714293
0.012243
24.376148
-14.087822
0.019801
5.442468
12.098342
-9.112132
-8.865817
-10.419688
18.292103
-19.283934
-22.248491
2.983574
-21.192873
-31.536150
7.164304
36.760662
-30.041239
35.695084
5.416048
11.293346
22.105801
-27.027868
35.790802
23.873434
-17.448843
13.038625
28.791616
5.472085
50.645897
21.557281
1.507854
14.037296
18.208475
27.389563
-3.028615
-31.000299
23.580256
-7.627592
-14.448960
-19.577890
19.140123
0.998902
28.972754
-1.506139
-24.921928
-0.999132
12.031140
0.305684
13.473167
-33.883865
26.521101
-10.120093
-14.357890
-5.594279
-20.486309
6.748768
-15.185987
-13.964691
4.267880
-6.652823
20.157684
-25.288988
-6.853001
-30.973778
-34.614479
-26.696001
-34.327068
15.864776
2.052907
-4.388512
44.862717
25.228039
-18.662657
-17.699512
-10.598551
-5.316289
21.883007
2.972042
9.892233
-15.879250
-31.664625
-3.556019
-9.692204
6.366508
-12.242385
23.287363
6.775429
-22.498297
-8.784070
-18.521345
-19.838108
12.419917
-2.367858
25.019152
0.285248
19.493279
12.540202
-33.818859
-0.368243
14.836937
2.148444
1.031008
17.127775
6.364630
12.074142
-23.462437
16.985182
21.198851
0.690318
8.276927
7.382961
-22.057898
25.593069
-2.809115
2.715871
-33.828480
-12.217609
1.867076
-19.887306
-34.773487
19.913975
22.094250
29.368168
1.627828
15.973649
1.479790
-14.771779
-18.163404
-29.754128
20.860870
-23.577396
-12.576205
-24.882126
-2.326865
-15.712554
-2.160846
-1.164382
-0.444328
-11.299144
15.705394
23.429348
-8.361068
-16.711035
-25.944052
11.313495
-22.429268
-5.446064
9.329763
-26.312763
6.848623
-1.560298
24.238106
-2.925572
26.886084
-26.342615
19.684158
45.289364
-12.440228
-10.417487
29.581457
11.272506
18.344816
-12.808960
-15.486095
6.816644
-2.582676
-3.030158
-2.724258
3.828027
-13.824264
-34.753342
17.737963
-21.316175
1.616807
2.362106
6.455353
10.998506
15.864865
-23.517164
-0.890262
-4.712888
2.910974
8.737842
0.468801
12.947011
-12.701629
8.944499
3.973314
-4.698328
-1.108233
25.773603
28.506670
-3.759660
-29.423943
-27.986586
-10.753681
23.569967
-17.205015
1.193925
0.397475
20.128044
-5.499061
10.845470
-27.630447
11.200722
-21.901039
1.847576
17.473763
-2.938757
-10.025009
-7.214249
-19.158224
6.574382
10.876697
-12.826968
34.393635
-9.879354
18.089586
-25.507103
12.905127
-23.249916
-6.838755
0.030577
-18.357903
-8.272725
-35.154915
-3.890686
30.938400
-19.945274
18.510082
-5.802970
16.413723
9.783827
-24.822849
16.768885
-33.069832
-25.699778
15.722516
15.041600
-10.323304
17.913105
1.654631
-10.759121
5.143436
4.164401
2.185396
3.589063
34.599110
-17.412262
19.680668
3.851951
-6.183655
-20.462824
11.201123
3.730830
12.764964
25.954626
23.817459
-3.850602
14.038812
25.882980
-16.804117
36.452888
22.051245
9.434451
-9.868177
15.924640
1.234278
-22.724812
-24.504822
19.808479
-0.929915
17.628218
-24.923292
24.216684
-4.273715
-4.340781
-2.398303
-34.431355
-11.471005
24.224596
-23.542233
-26.356188
-22.295820
-18.400709
-14.480393
11.404711
-5.836536
-31.417431
-26.704458
-3.824831
12.021018
11.416146
-16.919302
-0.658370
-3.231064
-34.238285
0.373135
11.854937
-45.010464
20.296846
15.423322
-10.162880
3.792105
27.938332
-32.359249
-16.085279
-18.709455
-18.406666
-20.476753
-14.176160
-1.344326
-1.396379
21.274422
34.511330
11.557112
-11.156560
15.243017
10.377038
26.500414
3.970758
-33.280296
-6.630427
-4.066104
1.092012
-18.851885
1.376070
11.526389
-6.653968
-25.089476
6.827257
-17.688021
16.591278
-21.051138
-6.345928
27.965147
-9.982950
-12.762848
37.263908
-13.064897
-10.037961
14.015656
-35.466850
20.032637
10.751842
7.660017
-12.122016
-22.553490
-4.442430
24.649775
-3.973166
-14.769550
8.527924
-22.360550
12.482533
26.746559
-9.623346
19.865662
-8.582345
30.160769
-15.374177
-2.774413
-27.657572
27.151930
24.298868
5.245677
1.905373
-9.760038
-6.925003
-15.229993
-33.920094
21.201450
5.291970
1.467415
6.241641
-8.973955
5.546443
-6.230050
-7.713827
-9.620088
14.493059
-1.154895
-7.921978
-24.279009
22.818050
27.412334
-26.590668
13.586593
-15.828644
8.963432
42.689095
16.687408
0.728863
-22.627619
-13.598807
-7.273108
24.121929
-23.816010
0.930808
4.201972
-6.853508
-31.615215
-32.725368
6.458092
5.826554
-5.141694
6.002879
15.323911
-1.412958
-13.542396
27.282440
-10.084844
15.540798
14.377747
3.581984
-7.504271
42.304279
-27.642971
4.754992
8.425472
21.606447
-4.539432
25.123173
14.231648
-24.671999
27.670528
-5.313836
-9.539958
11.593860
-2.307858
31.850969
-0.638822
-16.112850
-23.755524
-10.887322
-1.543224
15.602343
-19.797129
-6.152186
-7.828775
-14.490360
5.220518
-15.426682
-3.498307
2.666065
-0.532855
-9.912936
-25.007166
17.444450
6.686816
0.252417
-8.171661
-8.469984
15.672581
18.745676
18.418148
-3.568807
18.772160
-21.882851
-3.218787
19.635708
-7.460128
-16.436066
21.268900
-16.786276
-14.570664
-12.344654
-15.301246
-0.281538
1.731728
7.183558
32.449959
-21.773014
-8.310722
19.629396
-7.218200
-21.012194
-23.683758
8.371655
-24.497915
24.349386
10.036681
-25.061985
16.279375
-23.003868
-22.264317
21.937254
25.305079
-3.462850
-25.051632
-19.837490
13.406407
-11.942343
-5.856264
8.617929
18.012083
16.901598
-1.607144
-24.907940
30.566944
-27.701752
4.561777
0.016679
-25.044769
-20.772251
-4.059211
24.954229
-37.559536
23.188293
4.446119
-7.925775
15.505272
23.450205
-3.849699
32.726387
-31.506981
26.293804
-4.416077
-12.868917
-14.643832
-16.916027
0.772918
4.494928
6.577396
-20.223299
9.303403
-4.854552
-8.566439
12.370137
-24.397936
5.451537
-0.494630
13.924524
-20.756830
-26.380409
-15.885921
1.148913
-14.080709
20.529387
5.202809
37.017086
5.934630
-1.995152
11.541321
13.621001
-21.740557
10.081780
-19.782040
16.175718
-18.480324
-27.770634
2.639242
20.751074
18.234003
-6.761860
-56.467037
12.410486
-14.272823
-5.980844
11.344805
34.796360
17.073090
4.295992
-4.732860
0.887520
27.435053
-13.528818
-9.541254
3.984632
12.005142
6.951011
2.303709
-1.776317
-2.547938
-6.429301
-24.559113
-9.102162
-8.297091
0.188598
7.357599
-17.671852
10.492109
-7.028957
17.707592
-5.552214
13.573994
-6.303853
27.811422
-10.962338
-29.774094
30.096754
13.321583
-0.997467
11.337844
-38.728584
18.222828
18.423326
-3.776652
-12.451649
28.430021
9.208060
-1.135658
17.619059
-16.612020
-3.747592
-5.215895
16.989662
-22.183676
-20.287086
-12.762824
-2.457916
16.213306
-30.599117
-16.374886
-7.086541
-16.652000
18.007864
14.470181
21.308989
-24.645201
33.458935
22.413977
-9.382576
-16.028419
30.802507
5.209247
26.149647
35.795639
3.786756
-9.984047
-17.825397
1.269339
5.599044
-27.152571
22.589359
-24.803556
28.732037
-7.600090
-12.301600
4.555134
30.087049
23.831963
-29.873747
31.430496
20.407513
13.814621
-3.415824
-13.903444
-3.340497
9.486494
9.594858
-15.606564
-27.452806
-9.736400
-6.283023
-4.582675
-21.014324
0.121270
-6.080750
14.071907
7.070487
-8.302496
-8.988523
24.942537
-1.442171
-17.555248
-27.434416
29.915579
-11.099419
-1.369485
25.131565
13.922921
-5.357914
20.987967
-16.525824
-26.366104
-22.572256
21.008095
17.035652
14.635345
-5.786695
1.417900
-28.947437
42.666897
-23.070089
-9.551620
-5.653947
12.187207
-27.577177
-10.942614
-7.871435
-3.891479
18.261209
22.890997
-1.666192
14.813848
-19.510073
28.520283
-33.673492
-3.612664
-9.197956
-4.411493
-22.094378
13.764979
19.361956
31.418573
-35.726223
-22.902674
21.042856
-5.785894
0.319898
7.263160
3.801403
-5.207973
25.086863
-1.056634
9.726452
-20.662622
0.233424
1.369563
25.982023
19.997110
8.020711
-40.905861
-2.200552
13.044886
31.389851
9.470805
-13.713427
7.937661
-6.628765
-17.591585
0.106636
5.647723
4.027637
13.925406
1.090129
21.058228
-22.202431
-21.212540
-25.299772
-11.583878
-19.018955
5.480874
0.523508
11.489273
-13.998610
-24.246502
-16.996399
-14.218109
14.017172
13.804971
-16.492496
9.837316
-13.015952
26.169350
6.583407
-0.151237
-19.875185
-23.838913
6.940745
21.688763
9.225691
20.569717
-26.132547
-31.865971
1.473125
-0.230582
-13.998343
24.051985
-29.637260
-32.413654
26.163723
11.910218
33.603359
-16.335890
-5.933247
-19.587404
15.450971
6.847768
15.251583
-13.219028
10.929380
9.113071
-28.680937
-28.751841
26.136551
1.191752
-17.526335
-15.934433
-33.061211
-8.005322
-20.599449
19.697119
14.743079
-9.139810
8.511891
21.602619
-8.512431
-24.095917
-44.337521
10.568161
-11.412228
-7.123755
16.460321
10.650674
-20.039421
35.025230
-4.609760
-9.148028
3.400451
-34.753742
6.960203
7.411767
-17.722736
11.389516
-22.936167
1.934619
4.636898
-11.674911
-6.752930
-21.253544
14.417292
1.415612
4.387132
24.136482
11.061564
-5.887640
0.882574
39.840279
-23.054810
-13.909352
-22.382898
2.647384
33.594608
26.844902
-13.670366
11.464238
14.289557
16.016470
-15.967868
-2.481571
-24.499483
8.766474
-10.336360
-5.411306
24.503742
-13.643882
-14.655233
-27.765615
3.451601
-10.851437
30.499170
11.584461
-8.857812
42.604668
-11.164332
5.882186
-4.663375
-9.174644
-19.557957
-10.406868
-14.804832
2.055944
18.225677
-28.883200
35.230892
-30.221497
-22.784510
-21.884817
6.967157
-26.290453
-15.067124
15.956972
13.632379
4.879369
21.295574
11.060570
-16.130297
-19.782974
-2.332214
6.538449
-13.076687
8.751544
-9.119814
-16.261244
20.944466
1.603824
-7.742172
28.372070
-27.279978
-4.831510
-29.406662
14.543267
-0.455885
-15.961692
-29.745464
-0.293987
-33.693298
-40.530079
-19.702971
4.013290
4.855706
0.572867
23.804411
-0.454011
6.069799
-31.004562
-18.612545
24.510633
-5.894484
12.126322
-33.691502
-35.103008
41.651875
22.978224
-0.085451
-29.180182
-36.784954
-22.569944
13.341113
-5.860016
-4.159687
-6.695472
29.041321
25.121237
-16.404385
-16.615021
-1.959785
9.221066
-17.333998
-24.984495
24.820950
5.946631
-1.815579
25.045347
-11.123125
-14.768108
-0.551410
-4.387019
11.483095
-17.029167
-31.442965
12.400338
-8.316504
31.258356
-21.135273
3.894087
-8.099883
-12.275051
-8.036205
-12.365576
13.855435
9.919050
-28.749729
-17.504457
-7.683846
-8.746240
-7.257737
22.485291
30.369171
-16.601961
36.096024
-30.134399
-12.745522
-5.722554
6.564916
-13.017470
-3.214831
-1.518679
-24.146322
3.438223
-16.500202
-24.930607
23.255001
13.559990
19.890493
11.676892
37.515564
21.535040
2.842386
-3.490617
-33.478878
8.513691
23.791460
16.622860
21.441477
1.509342
-13.572884
-12.186390
18.241316
10.380584
-13.423758
5.035958
20.202805
9.393556
-26.854052
14.586746
14.531654
15.642478
-9.871387
6.425062
9.958178
21.767712
-8.967959
18.676275
-8.253613
-5.507310
1.377839
9.577092
-34.195728
-31.488972
-4.315594
-5.162655
-8.761271
-17.611591
-2.030683
-14.231351
-29.245243
16.313572
18.004389
27.762133
-0.291164
-13.313532
23.244190
-3.727839
3.739411
-4.682545
-10.841633
13.408043
2.451072
-20.736094
-18.288212
15.313491
-4.058448
-27.825468
17.380882
5.357845
-15.360044
20.270626
-10.403958
8.744703
-3.165457
29.204273
7.563231
10.393982
-17.810583
25.011526
30.954813
8.739081
-23.250320
-10.857565
11.479033
-10.642673
22.320204
-10.659518
-1.659030
21.107805
3.146028
-28.049065
-16.813654
3.381169
-21.350714
32.465004
-37.484497
-15.213081
16.371510
8.210668
14.456874
-12.444209
25.049923
-4.738886
27.594992
8.393897
-26.853441
-19.778048
-23.092884
0.524572
19.753639
-1.971141
-20.696987
32.136673
26.793112
-12.222710
-11.848196
26.751169
-23.307735
21.266714
-28.768452
-27.401731
-12.013494
7.610451
-10.631467
9.209370
15.267761
-6.104811
-9.536330
-15.697991
12.807532
-19.710001
-20.634401
35.897392
18.274031
11.311276
-28.540638
2.522064
-0.591890
13.915639
-30.318474
-11.857915
12.510758
33.049473
2.354151
13.128531
8.046318
14.488700
25.103321
-12.168120
20.864857
-15.454330
-19.084808
-3.648726
4.928062
-4.670370
2.098494
-2.373148
-6.066650
31.016705
-24.869711
-3.483887
-8.442644
3.131213
30.071566
18.848892
17.798048
14.593775
5.522482
-5.793324
-35.762775
-41.408703
10.554707
-3.677449
7.939724
29.152908
-1.746027
21.357479
-16.388380
0.704753
-30.271345
-8.459018
0.074238
20.366526
33.488049
27.686525
18.320772
-40.123840
-11.012799
5.512761
36.432869
-23.248362
-15.111839
0.672677
-4.950199
12.497615
-10.343991
-12.720130
-12.995136
-11.756078
3.771203
-21.373741
-26.400040
-2.786914
-0.025042
-22.130709
21.907352
17.790371
-2.420297
-18.032635
-0.049791
-21.477018
-42.188137
-24.660673
10.298898
17.296804
11.641794
-22.833635
14.820338
33.016308
-2.912850
18.800383
11.069025
-12.169766
-1.653333
22.594589
-11.755434
-43.680103
12.547687
1.038530
9.776065
-22.559092
-22.444344
18.609306
6.368508
1.537272
-10.655158
5.004765
2.519942
18.609896
-5.202389
-24.300575
5.164114
-18.785908
-13.369949
1.491218
0.581950
35.054337
-0.518547
-23.992233
9.208779
-28.290806
-14.135118
9.041714
29.656342
9.266375
-0.422784
-1.456171
17.257320
30.395916
5.207181
22.570154
-13.465890
-9.765240
-22.147617
-23.557318
-16.874695
-24.062561
1.030264
20.449020
27.234957
-38.102745
-26.695580
-9.540757
-2.485868
8.754581
-12.617380
-7.097834
1.466651
16.493437
-21.741770
-18.914013
-5.973863
-27.235672
-4.526620
4.148810
2.398566
33.003429
1.561943
-18.727232
-7.570229
-14.313377
10.112895
-2.839152
-17.557970
-1.921280
-21.616682
16.642174
-22.556524
3.764860
1.163093
6.996967
5.585078
-9.389881
16.447742
30.204277
-0.689774
42.318733
24.879105
14.857746
3.245104
-14.300422
-30.985758
20.798143
-4.827319
-29.008068
-23.649477
-12.744445
-40.575218
-1.480555
-13.476951
16.216225
-18.797749
5.046670
21.151285
-12.218960
-18.444845
30.582514
-16.328915
11.757845
6.453176
-1.674771
-8.687076
17.175047
38.232445
15.261594
0.479664
-6.796594
29.777691
-14.030835
-31.741535
-25.967531
22.427952
-1.786464
30.265244
-0.328154
21.522959
2.046767
-31.892872
-19.886305
1.795824
-17.729029
-31.271509
25.845963
3.433598
-29.213264
-2.538532
-10.675416
-8.610416
24.576365
-5.361406
8.764877
-15.495564
-18.544041
-9.151994
2.201673
20.538145
-15.653523
-1.168689
23.234840
1.048794
20.400682
-6.477574
19.574789
-14.392696
29.471928
-24.906677
2.183645
13.807720
16.174824
-4.784085
-17.323023
35.652691
-21.663343
-13.156677
1.633437
-3.044225
-14.913736
-4.273989
10.508142
4.131160
20.362633
-26.040600
12.354421
-14.523455
-25.924137
-6.796432
0.697407
-25.919151
-13.652093
3.729424
-8.836284
4.289344
1.385026
-2.937287
-19.931696
22.892632
26.553856
-20.280142
-33.205219
-8.559124
-33.703133
-35.584259
-3.974393
12.124379
29.264324
16.053022
-15.835302
-5.221568
-32.151737
18.194656
-20.565144
-13.026154
6.969343
5.525462
-14.339124
-13.387207
-33.819336
18.731731
4.906922
-35.419418
14.884223
10.409925
2.835443
-21.894459
19.294218
-6.027596
26.954458
10.614285
5.082074
-21.219688
-0.016800
3.317255
-16.218794
9.702951
18.832407
-23.261009
24.599342
24.163624
-0.023671
10.027008
-16.552643
-18.526043
29.656038
-2.301409
-21.246534
28.505632
-7.446118
37.202927
27.936270
-4.066074
-3.780889
-36.867470
-12.058089
-28.025982
10.113765
-19.544565
21.910992
13.798802
-7.034118
-18.930761
-9.989597
17.252260
-20.794382
-13.982623
20.603430
-20.576998
-14.409293
-12.442891
-14.484261
4.778822
0.555928
7.141532
-16.268438
24.991705
0.914595
-5.664108
-0.020204
-8.500362
-1.325754
-17.941170
16.375658
28.386274
13.146520
-3.433235
11.764425
17.190268
18.359846
26.758011
16.357065
-3.439301
36.143524
-16.045147
-23.874472
-6.127856
22.889437
30.594576
-4.595035
-13.278880
-5.806276
20.745258
3.041383
19.752718
-1.344152
-33.613186
28.070801
-3.440397
-9.041711
23.905664
-9.512012
-18.195889
-24.725893
42.493462
24.323788
-27.586336
-5.886762
16.083630
-36.016422
-9.150494
20.874851
-10.684226
-21.317917
25.237360
-22.192955
-23.741985
-21.038776
-16.406530
32.526390
15.034911
15.432558
-15.699594
-14.073650
-9.945008
22.849777
-24.517307
-4.451102
-13.003654
-6.377199
-34.260845
-2.341803
17.982172
7.769943
-9.610824
11.870586
8.669634
1.594274
-3.701419
-8.590100
9.294319
-34.803722
-23.526604
-0.154138
-5.446263
-2.824682
-29.750231
-4.179065
11.703875
-19.447214
8.487400
-24.568563
8.958843
19.096846
22.830585
-12.809378
7.451816
-23.111109
-23.898827
17.168224
7.989547
-9.382186
-22.075264
3.838830
-16.631779
32.734074
-38.139637
20.903553
-6.578256
20.368240
21.420492
-0.805369
21.674696
-3.461230
-2.699451
-2.708665
6.288058
-25.505318
-11.249234
16.569937
-19.896048
20.288294
-9.311241
-14.188910
-16.943188
8.840849
-28.379478
-22.137999
5.637670
20.562113
-32.216667
-6.340015
13.825279
-6.261378
16.706142
16.800257
-13.548750
-5.365270
40.408669
2.863055
-23.742188
9.576206
-27.398478
27.318272
2.370015
5.409569
5.611090
-24.447836
29.849649
-11.532775
19.445438
9.516814
2.648089
14.174991
-27.472038
-26.439970
9.120171
27.352472
-30.593962
15.232639
36.041817
-5.101848
-9.474954
-2.611408
-6.985261
-3.638778
-18.734795
-11.906493
3.960885
-27.253502
33.164158
5.232349
32.079102
4.568050
30.237158
-17.210135
22.980755
-34.679337
-5.918487
12.126325
17.921982
-18.659136
-24.862465
22.908989
-12.570581
21.591391
-27.160643
-27.197540
10.751452
15.858212
-35.458298
25.963987
-14.939539
-27.829006
-24.582764
28.414503
16.707514
-29.775734
-5.537007
12.464215
-11.835530
-20.877565
25.614784
17.927130
-19.691446
-9.605695
18.074614
9.067204
15.537574
3.283140
7.452997
18.031105
4.381369
-6.757883
-14.361721
-19.100195
7.845248
-7.386653
27.645769
27.098818
-17.796024
-1.362169
10.131390
1.911794
-20.758854
-1.020624
27.109213
22.022335
2.890471
-9.163945
-23.479959
10.347577
-11.245522
-30.004436
-18.758593
-3.437254
-8.327018
27.410833
2.282134
12.608050
-27.582161
6.809101
3.105692
-20.231653
18.541117
8.718801
-38.577698
22.802689
6.418802
21.881227
16.219225
-17.744659
2.799731
-21.426445
-36.520576
-11.426723
22.611954
-8.202044
13.835774
0.804136
34.927952
-6.670144
-24.266418
-2.524445
-23.985455
-18.854361
-28.936308
-16.357536
3.894476
17.304815
-26.567913
-0.469452
-9.621186
-20.688486
6.319589
-23.667797
36.823643
-19.166468
9.314245
27.417217
27.295961
-21.087044
23.780146
-6.222668
32.492031
5.434892
-26.379076
-7.084009
12.937901
-3.824885
9.688699
-10.277039
0.090221
-11.581419
-3.941952
17.973063
22.314749
-24.400467
-16.313717
6.626746
-32.547375
32.600166
-9.643919
-0.591795
21.192602
-42.285099
-12.851058
-12.458127
-8.524865
7.130543
4.961015
-20.931400
2.598050
-17.537344
-19.013498
-27.266821
-8.920436
19.973808
-39.323517
-15.348267
4.915983
-20.251442
-8.215960
-25.946877
20.442202
12.649907
24.602180
-8.902047
15.153838
-15.359604
13.518051
13.774588
-7.020144
8.406486
27.442656
11.870937
-3.954995
-25.188013
8.541961
-30.698673
14.680387
6.294530
-0.083965
0.508069
10.111828
5.354739
-22.159636
-22.913195
-1.442563
1.678441
-7.394447
-19.080076
-22.194450
5.595414
25.678434
4.580008
-10.462602
25.459648
-26.739128
-41.116077
-16.420322
8.578901
-11.802086
-1.742851
13.941113
-4.169884
25.090328
-4.770205
35.531021
7.386350
-8.509062
24.203615
-31.611256
-24.924793
14.194551
10.984903
-2.666493
0.786163
-6.189162
19.551510
-20.002867
-32.719296
-16.740030
-16.416489
-10.235881
-6.917810
-38.418087
-4.907100
32.929359
14.578333
-13.974224
-10.685610
8.220509
0.241480
-7.943410
3.496262
-11.366576
19.509888
12.906668
-27.474897
3.786148
11.069913
-0.115530
16.275894
-15.838685
14.739525
-6.826087
35.961521
17.999958
-7.777534
31.843618
32.430813
-18.862970
19.816046
8.676496
-13.985883
40.958694
-24.360067
-20.853556
17.924217
30.179647
30.963640
6.348258
33.149815
-21.018064
9.990246
-25.042881
22.681139
-41.809460
-28.320147
36.788120
-10.349432
-1.946688
25.633345
12.030514
-13.349237
15.594769
1.928222
20.358742
-19.128719
4.122533
-5.415033
18.571335
6.525532
33.216999
7.435123
3.571439
14.170609
18.867466
-25.118690
20.560163
-24.133043
-28.354267
-31.930746
26.950628
-5.739796
-9.109335
19.953697
-1.233875
14.850106
-0.651999
26.324579
22.098795
11.834635
-15.255031
20.568851
24.464075
-22.819128
30.881241
-31.191605
-31.370878
-8.550188
-1.217533
-10.009108
-21.942184
-11.993697
-14.806534
-36.620682
12.425993
17.318096
28.847330
-2.992633
12.787582
-2.947472
-0.679694
-9.483399
24.274969
26.293207
-16.584433
14.847395
-33.663326
-29.408346
9.192667
-11.327489
-6.227447
23.252720
-36.557823
-4.621529
29.760006
-3.626517
18.754057
30.182219
-28.345755
12.370547
-21.080700
-20.295525
-10.941599
4.696958
-18.987988
12.164024
26.897141
-16.745872
11.931339
7.544778
40.238369
15.955667
-18.870245
4.303627
24.924583
4.688894
-10.162696
13.225320
-21.361244
-9.205149
11.702803
19.928831
14.168649
30.423351
-4.028692
-14.525930
8.242603
9.923406
23.669497
-2.465443
5.875043
7.242068
-18.218498
29.752583
8.085840
21.542286
33.855976
6.368179
-13.753443
-13.980284
-11.647755
25.473078
-8.894330
20.992065
-12.116316
-1.311689
20.595251
17.504059
-15.390553
11.312923
-10.944097
-10.188679
-24.084320
-8.233933
-24.243553
16.119371
0.439199
-11.556637
-22.545450
10.790733
17.538095
17.605137
-0.307917
1.762419
-4.997462
23.925203
15.016816
3.682007
-30.007528
-23.848728
-39.776203
-7.109869
-9.476906
-9.201106
21.101896
9.019870
-3.535118
-2.361010
25.287697
-20.382595
15.562647
17.805475
-18.880844
-10.768999
-7.204678
-11.646129
21.517204
-7.509073
-37.345360
-18.934040
-0.328141
-11.102771
23.862320
6.921917
13.412707
30.248800
-8.129151
-10.597454
12.536037
-23.085218
-4.651649
-34.707390
-16.166361
-21.269276
-28.513845
21.346550
-18.875736
19.055716
-22.315502
-9.667127
22.706097
32.137749
-3.213802
21.660103
-18.810446
1.334754
37.372875
4.840716
-24.030060
13.212189
-1.870193
3.784559
7.660100
-21.537182
-18.153755
-18.635223
-38.830368
16.069881
7.667641
-16.962351
42.213425
27.217646
-4.016526
-26.747526
1.166735
-6.678676
-26.666725
-12.183950
35.356064
1.584987
-10.391474
21.970695
-27.793821
-9.354883
-9.558084
-14.128077
10.942358
29.116734
26.259892
-10.480724
-39.392056
12.963061
15.958666
14.924225
-11.711627
7.160046
26.669184
-7.407617
-23.034464
-17.230246
26.860043
29.904465
0.565765
-23.500151
20.735626
20.182571
0.555908
3.969926
13.212249
15.686742
-0.284617
13.714701
-12.038095
-30.320072
-11.676361
-25.539797
-5.944197
2.008643
20.400431
24.963482
-36.390724
-30.771269
19.847939
-19.146841
7.816517
-32.361946
-27.446613
10.174765
-25.383095
6.542490
-22.801737
28.777719
-0.595717
20.941359
-9.188581
9.542371
2.313133
-14.481807
-3.878459
-11.683044
18.867821
16.599833
-7.242121
19.788261
26.785355
-35.263916
-27.875669
-13.486783
7.255810
13.727889
5.419794
18.983753
16.767853
-0.166545
-15.804612
-5.615948
26.467600
6.379303
-9.382482
20.684132
30.114098
11.928837
-2.647688
8.290262
13.055497
-12.153127
21.131693
-8.324501
13.538192
31.374901
13.832552
18.753443
-14.561858
24.280926
12.692921
25.409853
-5.908113
14.973319
3.523920
-5.870109
-5.178957
26.147694
26.350412
10.894761
-25.009384
19.973631
6.018321
15.804104
12.352028
12.641008
-5.253329
7.623031
30.496447
-6.354701
-30.610170
13.452642
14.625768
14.693889
-2.718020
9.756144
13.374035
-22.951061
30.013334
19.144863
-11.807644
18.959146
40.437992
15.068922
34.147472
-9.137177
-13.240934
-16.277386
-8.823646
0.851432
-10.389079
-28.196482
-0.196661
-4.372866
38.126667
-1.892552
13.055017
-6.237336
4.114643
26.602825
-26.632919
9.718404
15.310054
1.075026
27.054407
-5.955016
31.611315
33.200687
9.086528
-1.175141
8.367116
3.990861
-44.473736
-8.399889
-4.630145
22.137339
18.229132
33.734077
16.933372
31.962658
13.075974
-30.738333
-4.970708
-7.932799
43.131252
-13.088392
-38.642799
1.234484
-21.721251
-25.224777
-14.875202
-15.495205
-23.622118
3.671118
-0.483795
-11.426408
-2.056935
2.097053
-18.568867
9.857901
-9.666919
-31.005060
-36.216873
4.440882
-8.235145
-1.265569
5.760250
-13.557500
-7.288602
-14.318670
-6.876424
2.206702
-10.209070
12.365651
-23.048223
-14.233689
29.082434
36.960133
8.804056
17.766445
-3.615690
11.049527
-19.051243
1.295324
-26.684874
2.328789
-28.933201
-11.021399
-12.258358
26.958643
27.666138
-7.605433
-27.329882
-4.340781
13.277149
14.157689
11.823897
-12.710946
20.546146
18.701817
19.008310
-22.831831
13.524910
28.770176
-22.571056
-20.474211
-31.907278
35.841148
-35.731125
28.369574
7.270808
9.495183
14.050968
0.172627
4.643476
-1.771250
-30.381199
-22.602045
45.472973
16.721254
-10.711121
6.137517
38.831612
7.527617
-15.329788
-0.856701
24.629623
8.714107
-11.743255
12.348808
-14.274203
17.010317
-31.931822
-1.789546
-22.909843
16.797552
-7.705591
-18.673027
21.193823
24.180059
21.912001
-4.483723
28.207701
8.836038
5.876929
-3.884898
3.614250
-5.503910
21.409349
-7.146966
-7.800777
-10.999062
-5.222862
3.045974
25.571846
-4.716126
20.031397
25.064831
-6.651212
6.060922
44.178303
-15.890585
-20.679628
-14.354556
2.107824
6.332457
-16.286198
-31.716375
-9.781012
27.445839
-19.301960
14.752383
39.130997
-4.181198
16.489208
-15.970276
-3.550962
-41.802326
22.000536
6.696390
23.129738
-15.042026
9.782207
-0.177239
22.313463
-18.006720
5.447363
20.706007
24.588715
-13.982516
16.135777
16.554430
18.249802
-19.535851
3.307594
14.686131
-26.011848
35.213001
23.476570
-17.868874
-1.244580
0.378287
-24.665737
-10.787593
-6.022928
1.994288
-16.241394
-6.417284
5.143013
20.796120
-16.630739
-25.625250
-12.310295
0.919160
22.606554
27.457140
3.395084
19.298605
2.215771
25.902710
-3.534644
-15.862786
-6.501390
14.628409
-43.450851
7.450560
-11.120861
-21.896889
16.326614
-25.881788
-6.478534
9.350107
-6.093826
12.772292
-18.127331
24.128504
-0.209483
-13.138485
-34.899357
23.212025
-24.192421
15.378766
12.326082
-27.979399
-18.568733
1.528455
-28.852318
-20.921223
-11.959804
15.476969
-38.454777
-12.908238
17.169790
21.340954
17.011951
-4.048747
-4.093253
17.669565
-1.659917
5.160558
24.850739
0.213583
-9.056535
14.809836
-23.281816
-13.959597
-18.908785
2.080796
11.141640
3.858067
-35.137054
-14.006674
13.125537
-12.997830
-15.985409
26.942350
10.327267
-19.405397
-8.189384
-23.027605
16.477053
-18.548525
-25.329172
22.062868
-6.332217
-20.203598
23.325832
5.223806
12.753827
8.941544
-3.271989
-13.155514
-24.953541
9.100328
16.585739
10.243450
25.443558
-11.437678
-26.494864
28.937880
-8.706847
-0.950274
28.843500
-15.099660
-4.749918
-39.790813
-9.717422
5.998808
13.451436
-17.296957
2.397994
16.337835
9.034484
12.633789
-12.017127
-27.843323
8.507585
-31.245630
29.841604
-23.064629
19.652128
-27.140280
-10.351686
19.744747
-6.642724
2.351880
21.084295
-11.170615
-4.013588
10.740431
-21.786476
5.774338
-8.403558
-15.805966
-19.033628
15.394987
-19.428181
-25.799662
-7.880736
-15.332116
-5.065650
-1.906523
17.606514
-21.369400
-13.680306
18.097534
-15.898883
13.609001
-11.329624
23.642212
20.332008
16.977177
-21.668373
26.502430
-15.557487
15.175915
-4.550877
24.685274
-16.992773
-13.292981
8.607986
-27.063007
-15.901544
-15.464881
-29.931190
12.881279
-0.250731
-12.987409
-42.422028
15.363255
12.832253
-26.392855
26.075066
15.360346
-4.643440
-7.560387
10.499873
-7.543482
38.846951
-7.255135
19.792749
33.014355
-6.581626
-3.034980
-9.536102
-35.644749
-34.096718
-6.304316
19.853020
8.381468
-14.543507
3.978188
1.078253
29.166409
-4.338252
-37.804379
-8.831626
20.581167
23.743307
-1.783948
-0.667171
17.818472
-16.543264
-1.500442
-26.351162
-4.528808
5.000450
15.711173
18.670698
3.317390
8.698919
-16.882185
21.986694
12.714590
26.015396
-4.261590
-17.630152
-10.212324
0.353635
18.154621
27.332455
14.340822
-7.835932
-18.070551
15.730112
-21.070301
27.713503
7.105567
30.963926
-29.178190
28.715853
11.978708
27.369383
-22.833532
-11.904224
20.662300
14.068463
-18.128334
-22.504585
-22.075272
-9.114948
-1.815552
-0.742970
-8.719638
35.613609
6.404816
-9.971062
18.632278
-10.327004
-21.041952
-28.622444
19.265469
-11.990451
-10.740421
-24.301844
14.791997
18.387875
0.661307
-25.487211
12.810221
17.874033
-28.414745
-3.080683
8.334955
9.117922
17.853159
-8.495330
30.372330
0.896109
-24.398218
-11.874993
6.693761
-0.521793
9.202402
3.401226
20.602268
14.678764
9.504585
-8.371767
20.999090
-41.044193
13.450344
2.403582
-18.096304
6.208823
-10.783072
21.477724
-28.634289
-1.870008
-17.796156
-3.518451
22.857410
-8.261516
-23.209450
10.791225
10.420753
34.504066
-13.691429
-5.513634
-20.227419
-18.335663
-7.603069
-22.985142
10.195728
-19.513971
-17.685560
38.173164
20.593924
-14.874681
-25.400034
25.371193
-5.858881
25.430292
-31.380211
-8.040692
-14.019370
-33.283386
-15.242942
-5.534616
-3.216427
-32.644608
-28.850729
-11.040279
-9.747326
6.207602
-16.056862
13.043859
-17.366920
-9.866148
11.683577
13.458193
-22.963425
-2.833291
-18.626949
-18.550854
-25.414612
-15.784020
-9.028558
8.398250
-21.243891
32.599491
-18.481913
23.987217
9.866669
-27.340462
10.136263
-11.427688
1.815908
11.907463
23.886665
-6.576155
5.211821
0.335103
-23.740995
-0.782160
-29.294796
-18.254766
34.629784
2.342028
-14.941294
30.650047
3.436818
-16.071655
3.113423
20.017790
-9.202644
22.979473
26.660698
12.243219
10.460113
-23.287096
36.162094
-35.984264
-6.691159
17.024359
14.978192
16.396542
-22.309153
28.001900
8.761250
-3.118085
15.034995
-18.774860
-18.414837
-0.526130
-1.631050
29.434309
-15.727541
-30.054674
37.527462
-3.586216
-0.209152
-17.695595
36.734962
6.504368
-13.553382
-4.946437
37.696171
22.708067
-1.909374
-5.865354
-13.862056
-22.644358
-30.745359
-3.104105
-36.065571
-9.312182
15.857804
24.728361
-14.800220
21.359602
-15.940108
-20.918831
-4.714228
-4.582325
-33.983833
20.417604
24.630524
23.208378
9.248069
28.628210
10.670417
28.874207
18.317108
-9.425162
-2.958186
-7.744876
-7.340287
-23.485277
-8.924922
-38.841187
-20.526075
-15.132394
1.840211
-44.523987
-9.472720
8.616287
2.221371
20.721275
-3.591375
9.490493
-37.710724
-5.144737
-8.419592
-37.298687
-19.700226
-11.103075
15.086556
6.031502
9.153203
36.751350
-21.663691
0.043259
-7.135979
12.908188
-32.702518
5.360196
-2.890759
6.252268
-24.922148
-15.959641
-17.188318
-14.790658
-24.940140
-22.320423
5.478073
7.697683
30.654907
17.102505
16.091942
-24.672728
-14.277527
9.037525
-10.741553
-8.336023
-12.545298
-6.368378
-26.891537
-4.796200
-32.994926
24.885710
15.602417
-0.378833
-27.924883
-34.579216
-16.063156
-22.299635
17.683764
-28.606834
-27.215843
3.765922
7.515452
-6.175533
22.571939
22.332073
14.437322
-7.363395
-22.482817
12.514966
-44.031761
21.508081
-12.357985
-20.407673
-8.367211
-15.233377
32.668205
16.815865
-24.572350
22.779100
-6.114193
-18.409260
7.644561
17.423985
-5.328619
9.718652
12.268085
-31.244081
32.731731
8.808190
-14.834329
-6.729558
-3.723010
-11.110334
-0.901569
-15.030481
18.572386
12.093266
-13.278114
3.367977
-2.730445
-28.931370
-13.960241
-35.721413
-23.669262
22.675945
-2.420373
-29.630028
2.130258
-14.099019
10.693371
14.312342
-20.679842
-26.213943
-7.564538
-22.926640
25.201393
-10.614423
3.791441
-37.206741
8.175461
-8.408360
-0.875781
31.878475
-7.152191
23.887039
0.608939
-13.645111
31.301046
-48.889210
14.692548
-14.718392
-28.927689
34.570595
19.867300
18.574371
-10.554485
-27.114214
9.917561
23.243650
10.111837
38.272514
-24.027672
-12.607372
3.165272
-20.851345
13.107091
-12.460065
22.001354
-33.359455
18.717297
0.923969
-16.499157
18.477242
-1.324855
-22.708775
-9.330066
6.923694
-4.335749
40.908714
11.311083
-3.712870
-4.719209
2.755008
-22.915272
21.642988
-28.417187
17.543785
16.348198
-9.999529
4.344088
10.294427
-12.183001
-17.424324
21.870728
-9.625550
25.560226
4.915993
25.643898
14.673669
2.325236
19.334181
-5.381327
36.444412
27.339602
9.082056
6.384604
4.517024
27.027845
18.221596
-9.138945
-24.356421
-9.112919
-2.080815
29.581852
10.475190
-3.714826
8.190166
-31.322142
20.399290
0.791398
10.572913
-24.567680
7.344541
6.926716
27.882092
3.915823
4.995902
-6.953424
-2.041917
-4.134744
-9.245755
8.532928
27.709671
17.249025
25.717764
5.686142
5.463855
-8.166992
-11.269832
-38.597736
9.300877
-11.374869
13.220634
-11.433995
7.084320
2.890121
13.031720
-6.121786
19.493351
8.589977
-24.710930
4.273908
-9.405595
-22.405432
-33.655727
-11.104486
-25.934393
7.960133
4.439433
-16.539785
1.286308
29.537500
20.161364
13.993344
-17.667887
-4.404850
22.700752
-24.262373
-7.059855
-8.836869
-35.324474
-0.006033
-30.709112
0.941736
18.983921
-17.591677
15.023924
2.958534
-24.508331
11.138902
-11.684153
10.679045
-21.103157
-6.009546
-16.390648
1.927751
24.059038
23.763975
13.691021
-11.585839
11.274508
-25.997890
-9.462599
15.233262
-1.511768
24.905910
-15.897113
-29.153797
-20.350830
14.291256
-30.737320
5.926950
-15.731257
20.742527
-10.996197
17.877380
3.964406
20.830963
-19.670731
38.629814
-16.209322
27.836065
-20.316261
20.573923
-23.348238
-20.459713
-19.550747
-15.904722
-37.504780
-0.647109
-16.452995
-24.482885
-15.097577
-8.429666
15.767404
20.850224
-1.137475
5.690742
2.238393
-28.363758
22.072336
34.175419
30.862885
-7.497687
-1.313147
-20.262590
-9.907733
-18.451538
4.635724
18.432989
-3.552728
25.946787
22.641264
0.253285
13.545907
-25.449821
-18.558517
-14.959103
-16.068514
10.643060
14.678968
21.926386
-16.670267
7.735801
6.186201
7.573098
30.189075
16.801922
4.800846
-8.689478
-10.848400
18.078991
16.485603
-4.278926
5.591557
15.808906
3.513113
10.795717
3.408739
11.649133
-27.262255
6.370118
-10.987951
-29.704908
-3.207197
17.352764
28.871593
16.067770
-9.933279
-0.138713
19.037212
-14.155840
33.393631
-2.764427
-14.107924
9.461679
-14.224363
16.653988
-5.479544
-16.273142
-23.603062
9.338060
-34.608189
1.908670
-15.186808
-31.403280
-26.011873
-24.152918
-29.188196
-14.521260
15.848702
-21.652044
-9.903528
14.250650
-34.164711
21.606773
-14.061120
24.815884
-0.446188
0.076147
10.894925
-9.932680
-28.609249
-19.455853
28.199999
7.699260
-20.621599
14.068011
30.506847
-43.726269
-7.016599
13.557383
-23.542871
23.910810
-13.664680
2.102253
-10.356022
-1.866354
-17.948914
-3.532012
7.383528
-16.614904
-1.791006
-18.453680
-29.233746
-18.318796
-6.317734
-29.794693
0.992937
17.150520
24.621502
-27.664288
-6.762405
-27.304413
-6.659482
-5.515920
-6.846132
1.029004
-9.551544
2.685329
12.523784
-6.954640
-11.697502
-35.706623
8.366901
-21.100458
1.002463
-20.378481
-11.356423
31.971087
-12.616220
18.779709
-0.645808
7.941391
26.287268
-20.145061
-11.368696
-22.452261
-27.050373
25.077047
5.499803
10.202860
-15.933064
-34.461605
-8.048535
13.142699
0.744493
-7.171706
3.380643
-5.467494
-5.534171
11.707928
-12.300029
-2.120818
6.973228
8.640815
0.381574
19.938829
-30.276247
-11.064444
18.173452
-29.099424
23.759644
-15.266552
-8.621069
-35.721352
-10.087929
-22.241024
-25.870625
9.923213
10.389341
28.177910
9.584332
-21.628044
-17.708574
20.361452
-25.435051
-15.581864
16.579538
2.617092
-29.752470
21.252913
-14.567890
-12.378508
5.119793
-29.793875
-12.179866
28.118923
-22.562059
15.901699
-30.123432
-4.470257
-23.100878
-23.353224
15.346696
-0.623923
17.106556
-24.853760
-15.333799
-19.155678
10.856566
23.662910
-31.761461
-19.187323
-28.277660
-3.016799
-42.015293
23.870428
11.113907
-1.670052
14.224561
21.648483
-23.896410
4.735329
9.650620
-4.365727
19.167341
2.531869
26.143061
14.021938
-23.024878
26.796762
8.767354
31.248564
-8.464744
-1.320155
-14.616520
-29.681847
12.719969
-22.863237
3.871455
-3.765686
23.613039
-18.575235
22.047203
10.243772
-10.419906
-30.043102
26.454842
-24.037777
-12.196147
-20.499802
-23.437191
9.209280
-19.709053
-28.675121
19.090176
-3.987006
-16.324409
-0.512662
5.236746
-4.841179
-19.740150
27.478786
27.478323
-16.118130
-31.496191
-26.649752
8.336006
17.178568
4.138281
-31.239981
-16.166847
18.103312
9.726741
17.059887
-20.332138
-14.037142
7.801506
-14.772890
-15.732381
-11.306332
11.226184
-8.985685
-0.283494
-23.308697
-2.814117
3.501941
19.531439
24.295868
-18.332069
18.147186
-30.980501
-16.935911
1.045350
-7.916469
25.225172
-7.552199
-32.800266
1.165976
9.149102
11.470219
18.619795
-45.866371
-0.720141
20.027534
-11.582101
-21.437176
12.844445
19.854925
-5.085152
12.405111
-5.736142
-8.618835
-32.271606
-11.244637
19.301826
-5.790916
-2.263865
-17.188377
18.241108
5.181548
-10.403431
8.797619
2.193788
-3.994612
10.433962
17.972965
35.137119
12.983833
-6.643343
-25.573469
35.103119
-4.600970
32.949932
-15.093448
-23.218966
-26.715212
1.868813
-14.336749
46.900928
-3.624646
-22.399839
13.206563
34.182045
-4.579302
11.188180
26.139763
33.545139
3.064686
-26.946798
-28.147652
14.429599
-23.586325
36.969860
-21.347538
-1.565770
10.696553
27.536411
-5.941556
-18.274927
-26.411175
23.130095
12.225298
12.611850
-5.723782
12.280025
5.812423
20.448990
-11.660736
-36.199947
16.532698
-13.200292
35.401134
3.582771
12.579327
27.591209
7.147728
-25.633482
23.124382
18.376804
18.216276
-41.379734
-27.828711
24.185925
19.987377
-8.354801
25.373983
0.116858
21.744379
1.947639
-6.309700
-21.079054
-21.621677
-24.310146
-27.026955
10.001446
6.755889
25.892139
-24.472551
15.597479
21.175789
8.648449
3.094165
17.511633
-0.912543
-1.236467
8.096325
-1.248193
-12.247475
-31.489168
-13.735187
14.758980
22.706249
-12.230416
18.800684
17.451778
-1.555229
31.897715
22.458956
-20.046263
-3.853781
-10.762998
5.398847
-27.522417
-0.576445
-21.888075
37.705700
15.032257
5.498879
3.216157
-40.290867
-12.157541
-0.796662
-19.205963
24.455299
-20.983686
9.201447
10.492757
7.363048
-12.940002
-12.432967
17.244484
-5.326025
-8.401962
2.599222
32.055107
4.871994
17.177155
20.354713
-6.917500
-24.549030
7.473509
4.721387
-18.369263
21.509155
-29.849787
24.584692
13.159008
-27.391382
27.892855
7.354890
23.222456
10.129534
-21.758423
6.138130
29.089407
12.427485
-28.717880
15.963697
-4.492206
-17.142584
14.150417
-7.473583
-15.783072
19.690853
-5.356154
-14.801740
5.062590
4.214383
-20.427526
-19.025032
-9.384538
-27.883999
-17.121937
3.513762
-4.139219
-6.201159
-14.391813
19.181890
-12.742062
-17.215435
-21.233959
-18.691515
-7.313607
14.185316
21.621542
5.346467
33.912525
12.958274
-15.448977
7.427566
-8.874435
19.459103
9.590151
-3.775016
14.182302
28.049080
25.183006
-3.820051
18.572317
2.534075
-19.695799
16.461964
-6.995131
29.968868
11.164943
16.462849
-14.077778
-17.056028
21.177147
8.978483
7.070899
-1.218256
-26.930424
15.705348
-28.767597
-29.890608
25.239416
10.522360
-8.973139
9.233823
14.118047
2.111271
6.304211
13.984661
17.643902
-8.890474
17.799114
11.287627
12.719905
-18.032362
-5.040780
-31.888443
24.148245
3.434386
17.340574
32.532314
-35.804634
-10.777511
2.269796
21.664581
-12.121754
-7.952589
-10.329989
18.871794
-24.845284
7.789372
-21.038872
-30.276430
-2.059197
8.301557
-6.843537
-11.942717
6.298315
2.669277
13.537209
23.340469
15.399912
26.328285
-10.451109
36.910358
-4.469743
6.123887
-39.366318
20.629520
10.767808
-12.915400
-4.423523
2.036256
14.049893
6.638612
-18.179087
17.048920
-26.374380
28.619354
-27.930548
27.710176
26.566381
-19.074041
3.355656
-5.870743
-9.998581
-25.055285
10.709722
29.387232
-9.065431
22.712139
-20.617298
-28.298958
41.963833
-1.440756
-4.512287
22.459501
-18.169428
-24.066513
9.792428
-16.193176
-19.908552
12.365399
-38.897072
4.288666
-27.708406
13.519281
-13.649679
-28.426542
-36.667301
29.340790
1.606973
-19.576946
26.374741
-11.774030
-14.776457
-2.367038
-18.815647
9.435957
-39.876938
22.138079
-17.084240
-27.025087
-17.247711
-32.460758
-30.592806
30.280226
-16.944582
-20.892481
-13.964018
-18.266558
-24.331656
-14.435658
4.211300
15.866155
-14.683154
17.416374
-5.538967
-33.044201
-4.802406
-10.891954
26.171787
-17.405214
25.362310
3.140535
4.497979
14.131169
-8.461685
1.118571
32.203442
9.367867
19.237587
9.412545
-12.218980
16.397511
17.550804
-19.995255
-13.734530
3.758038
-19.115309
0.572202
-5.154449
19.649025
13.746075
22.722206
28.924257
18.964705
-13.016468
3.001222
10.689822
17.387890
-7.201807
3.752970
-1.315744
-7.842463
-16.280121
28.794519
9.234000
-0.862860
-0.101855
28.937868
0.747019
-27.791473
-3.366369
-19.129097
4.103814
4.123080
5.554010
14.066676
-28.698816
-15.900001
17.343044
3.114439
18.674683
-14.798328
7.475295
-23.848705
29.219452
-15.627821
7.656834
-12.607504
-20.796988
-20.227724
-21.972778
-35.475666
37.563412
1.649542
7.731986
-19.869438
2.795329
9.006874
-24.482471
-17.230240
8.464224
-27.715347
22.345825
-6.640989
-9.496808
9.456536
22.836443
9.925982
-9.270451
-21.504259
-17.816008
-6.845083
27.874630
15.188750
8.445460
11.140999
9.754119
-29.576090
-4.046286
22.357141
-12.236859
13.569997
7.212919
-17.788126
5.137370
-25.853144
-23.472372
-21.688940
-35.909340
-19.277830
-4.978480
19.687689
-7.381583
11.773618
-6.400557
14.479806
-20.273064
-16.726242
8.733232
-25.945818
18.618235
7.674182
-30.121906
-24.356974
-6.691704
1.108510
-40.806988
-3.179192
0.533959
-12.323501
-3.450365
-32.317181
6.271753
-23.215370
16.137911
4.014239
14.246297
-22.938616
-0.554751
-19.626118
-35.287376
1.325975
-17.006430
35.567539
3.326877
18.482296
10.830719
-2.174136
-7.299018
29.684719
-20.323164
20.897890
-19.348309
14.836047
7.520039
-5.867716
5.376179
-11.063234
12.241508
28.710829
4.691198
-16.910976
-1.132685
-19.453087
31.259359
4.213232
2.038949
12.086469
23.671705
-2.268261
-30.054199
35.411411
26.177158
9.596874
-10.049151
-35.920300
16.995142
-22.212872
6.054136
-9.469239
-20.682449
24.169689
14.115705
-11.375824
-29.862823
22.031937
-29.505455
3.848591
7.084448
-6.848573
34.778748
24.348734
10.813047
-23.861673
-16.003210
7.586674
-1.262998
-29.269053
-4.368571
15.021220
18.269285
-29.029261
-1.598401
-8.858801
-30.589731
27.027611
17.828968
0.499998
-13.546377
24.263470
10.871656
-7.789959
-0.947281
18.503988
-16.580349
-26.952547
-44.792191
-23.029074
-13.787748
19.446722
-10.486829
-9.969975
25.102133
-19.387430
-24.392630
24.406893
5.191349
-28.309622
6.432175
11.076977
12.016534
26.313562
31.579428
20.666790
-14.128169
21.830898
-34.114712
-8.236650
-0.369622
23.930908
15.486829
-2.186379
3.851050
-3.741226
-4.259655
-16.333179
18.837055
30.878717
16.039375
-6.443905
1.732318
0.665367
-8.154345
-1.809394
-18.569679
-4.225417
-18.146702
13.803132
-6.717951
10.014918
-17.440514
3.810977
17.723986
-22.893463
8.492576
-33.078667
3.923400
0.094589
-17.246061
19.415827
10.489311
-13.856526
0.843735
24.741016
-13.988630
-10.766094
9.623370
25.376930
-19.985476
1.306548
-3.604448
11.753235
-14.686450
-1.755095
5.543052
-16.459341
5.284854
-28.233080
18.490824
8.196444
17.227177
9.133431
-20.051668
10.827128
9.404122
0.622371
-5.898659
18.946367
-23.527130
-24.591639
6.937229
4.176531
8.699944
-3.578532
-6.677489
1.426226
-14.349401
-8.919380
-15.950330
19.293888
-13.600174
-4.683156
-23.241348
2.669708
2.056723
-40.720783
-10.949666
-18.737667
26.139626
-6.080373
21.730776
-0.269543
-4.603941
-32.020031
-10.312207
-20.913940
18.496763
33.683769
29.483463
-14.766538
-30.478476
-0.753418
32.284748
23.047441
-20.616730
-12.595616
29.152512
7.626726
-11.746506
-8.156562
7.608694
4.662638
5.849174
19.659575
-21.915922
11.537683
2.625846
-29.597162
-1.572298
-17.851433
-17.610298
30.899954
20.598120
24.967243
32.127266
11.723382
-11.552899
-2.221051
19.409300
9.019056
14.137596
-23.525021
15.801892
-16.078506
-30.178408
17.946842
18.838732
12.110587
11.858283
-3.959448
33.696945
-8.681352
19.004332
24.297058
-7.034933
17.553001
7.610588
-10.978275
16.414688
-19.354452
-11.037459
-0.848872
-25.434704
-20.966793
20.675667
-18.491941
17.185673
-28.984283
21.821161
-11.921363
-10.872081
4.155894
22.684387
7.749572
-2.647189
-5.258140
11.138260
-6.164207
-20.209427
4.547907
-20.622282
-19.901421
-21.098110
-3.377365
14.169485
13.266370
23.995253
-4.333121
4.009782
6.081353
9.299416
-28.463982
30.863543
20.736177
-3.803274
-15.037577
-7.693931
-11.781506
-17.135290
-20.818438
-7.727152
20.108959
-2.522593
20.593994
-5.174526
2.408439
5.101648
34.623482
-17.926182
-16.621393
25.560755
31.133698
-4.329227
-29.384348
-13.279377
8.585934
26.376331
-16.667166
2.123345
-24.973520
-29.069393
19.584059
19.326975
31.187786
-14.264952
-1.547896
39.317081
23.592031
-20.868483
15.215343
6.024473
-8.155541
-11.325076
23.118496
-14.927747
28.086996
10.824533
-22.178410
-21.911594
-13.423964
-10.736611
3.694159
34.896652
-3.147687
-0.436753
-17.798374
7.236821
-30.033945
-9.224687
11.491767
-19.732618
27.737957
41.306606
-24.862991
-14.433713
27.494595
14.140445
-15.881855
7.984073
-18.237709
-25.568726
-27.955435
20.104406
-37.605812
-25.404102
2.087121
16.548594
14.194932
-11.962869
-29.566143
3.620692
5.999269
2.858917
-10.477728
-4.454585
-6.310960
-2.326919
5.211385
-20.898928
-8.776368
-13.752245
3.001110
-13.252425
25.585199
6.869011
-30.595308
-32.446270
30.007946
-22.952742
-2.087570
-28.084864
17.817085
1.113437
11.372302
-9.909494
-24.730953
-3.752685
-16.121897
22.953964
19.925611
-13.870762
-0.650075
34.273743
-8.785737
15.005711
-2.216010
29.220373
22.975117
-25.577435
4.685951
9.319188
13.687034
-17.138689
9.204573
1.232709
5.645785
-18.174431
17.369335
-8.551970
25.652754
17.749836
14.057469
-7.523338
-26.351749
-9.121389
-6.426252
-25.836304
33.351986
26.558432
-9.780937
-6.780100
-25.106928
-19.864462
-0.849294
14.072875
34.589722
-0.248949
-4.219324
-11.009269
-11.503810
-8.275546
-9.755857
16.709751
7.827767
5.209548
16.604059
1.509395
-0.373088
-6.148020
2.487910
9.980151
-20.404127
18.032457
15.429124
1.917412
-18.371332
-1.715690
4.543599
-22.669085
-22.555429
10.732289
-14.460097
24.701031
-19.979088
3.458894
33.548332
-23.213703
-13.672791
-17.088835
25.074987
-33.123878
-13.714057
-7.031229
14.687948
-15.779733
0.614571
-31.050234
24.631386
6.911746
1.375344
3.818771
12.039675
12.998408
4.463243
1.589074
15.689761
-23.771978
5.829303
-20.930294
22.391062
32.744820
-38.162056
6.661061
14.256235
-7.391016
-3.996904
-5.161385
-24.157864
-17.855602
20.407957
-44.940750
-24.878155
17.963863
14.903182
-14.841721
-28.153904
19.579618
18.253420
19.495111
-5.662838
-18.993515
19.758018
24.066906
6.666242
-6.344976
2.601837
-30.832329
-1.640731
15.038118
14.447088
5.693635
20.021748
-17.880583
4.908908
2.580858
-32.765530
-10.245395
3.282267
-10.847808
-19.515144
-23.946991
-19.951897
-37.125908
19.587427
-22.990393
-39.023479
16.798416
18.946623
-11.482878
-7.079288
20.976154
8.038131
14.431015
20.032005
12.448653
26.848032
-36.161194
17.284834
-41.148220
-21.764027
4.151783
-21.359917
26.184080
18.613697
21.692244
-26.546885
18.779959
19.593636
-12.506743
-2.432404
29.484533
18.244295
27.929302
15.321188
5.417225
8.605449
32.336433
-22.555363
-5.883141
-14.043751
-10.526278
-17.648954
-18.579218
22.287235
10.645693
3.363460
21.087704
9.273600
-14.029725
-18.621210
-3.719546
-17.300779
-3.472127
0.181999
-17.650257
3.647825
10.166297
6.589738
-23.332609
24.185436
-16.311745
22.108986
-13.807395
23.201357
-27.267876
-14.852734
14.317943
3.649354
1.378182
21.383335
-16.443663
-28.991476
13.178801
1.932618
51.408176
-18.119423
-21.370813
-12.276522
-25.407070
-20.721416
8.542138
-24.028111
-9.550285
-13.746611
-16.621389
31.317057
30.909687
0.387448
-30.536524
-24.302099
-5.681910
1.543071
22.862770
28.864290
18.603222
20.449131
0.710978
-19.729454
-15.230157
21.625723
19.344749
12.122255
8.847596
11.313507
-34.739273
12.573359
-19.449476
22.433197
13.384604
-21.843716
29.369417
31.963608
27.989485
10.225611
-32.162830
-7.256944
40.849487
-2.222629
-24.289856
-25.752544
-28.699404
15.303379
12.601935
-29.949322
-8.310099
-3.579341
-23.833004
-0.069464
-42.500099
15.316838
-26.384233
14.723700
-0.833731
-39.411724
13.180708
-16.048563
-3.396822
14.758192
14.235420
-6.363167
22.514761
16.794743
11.214773
-7.779317
-33.420788
13.938037
-18.746769
-10.784931
2.671602
36.487289
3.347045
-6.390058
7.760392
3.599214
24.268295
-13.149000
-4.722209
9.676106
-8.889568
2.824318
-22.854805
-27.690079
20.377153
3.352335
-36.958679
11.586738
-22.202461
25.483650
24.999884
-24.266594
-15.136331
0.301503
7.289316
-3.925506
10.564833
-17.062113
-2.887203
-26.873119
-8.873071
0.993169
34.885647
11.033875
2.693584
-3.015735
-15.724568
-22.282545
-11.790276
30.206917
-1.024226
30.808531
14.671243
13.690131
-27.195942
23.945778
-36.496601
6.502199
39.558865
0.381996
-31.786489
-17.667919
31.001423
-1.107654
21.903389
-1.101420
11.283092
27.948336
-18.153526
-10.273335
-1.027386
12.276937
-11.610205
-1.109195
14.803821
21.318401
-36.522552
-6.135955
-13.394644
-23.251003
16.944485
-15.697221
4.869828
9.057717
-39.861244
-7.804307
7.971890
2.184291
0.300497
18.201208
10.316020
22.538036
-19.886589
-0.355936
-36.768871
-11.717624
-12.956314
3.665491
28.873791
-36.050953
-26.583578
-21.056847
33.184341
7.013458
20.001701
8.285109
-14.694678
3.007109
-4.305748
-7.792199
21.754435
19.025753
11.210561
11.881119
-28.250507
-24.487722
-20.134626
19.360743
-14.324920
-26.474491
-31.629747
15.639805
11.523580
27.890974
4.922158
-18.074005
1.368638
23.171494
8.318060
-25.733751
12.479676
-14.102480
17.974581
17.053249
14.218411
20.283352
18.891701
-12.617204
-5.559054
-7.734707
24.441723
-8.562553
-21.481829
-0.807382
-21.850021
11.854476
-6.413195
-0.669883
-27.513840
-16.958273
-14.360023
31.648163
-18.899004
4.706873
-29.152960
-28.389900
5.575758
10.780533
21.607531
-1.587168
-13.752937
4.520627
-8.900799
19.194859
11.063439
-30.794270
-4.188437
-10.112915
22.218792
-14.261124
19.440182
-2.155229
-22.499834
6.982497
22.269474
-21.804878
-4.852884
14.586219
24.890467
-10.525732
-6.682774
-14.807639
-13.594081
7.776962
-8.909056
-10.869943
41.117180
14.155848
5.099183
10.261740
-8.580576
22.232651
-1.982018
-16.850294
-7.107926
-20.380745
-30.840765
22.275171
5.984812
-20.991383
-2.610452
13.784741
-11.740561
1.324313
2.760169
-18.923334
-28.938190
-2.367624
10.784502
16.647573
-12.577248
8.829145
-30.417046
-26.308487
-23.464870
2.881148
17.623976
-11.794932
-19.395098
-23.351051
4.310674
28.750059
8.101395
-2.112087
15.991740
-8.488397
29.581516
-3.905411
-28.536898
26.832495
0.601870
6.337005
-31.537214
-1.257271
-34.688023
-11.768909
2.310144
21.232792
-28.714188
-19.034210
-18.233091
-35.345821
7.817352
3.538714
18.443785
18.734274
-35.361813
10.937939
8.029791
12.649599
15.722730
-7.942884
-29.970907
-12.637539
-1.761560
-22.067766
0.478445
-6.829199
-14.870618
-8.097854
-1.416552
5.494323
29.614910
16.955513
-12.366595
27.562853
-8.199709
17.072090
-14.332886
-5.240434
10.956398
-18.846354
3.979199
-8.080569
12.500093
-8.868950
29.681236
9.587484
7.077715
-1.759090
6.937034
-9.722425
9.938519
-24.568190
-1.547182
-24.183645
16.941307
17.738386
-6.217806
14.935467
-4.595940
15.925077
-1.402864
-15.906666
-14.228214
27.138590
21.320007
16.729965
-17.417767
5.922323
0.932744
17.621752
-13.049464
17.557045
22.395433
-28.737921
13.802318
26.745848
-11.609366
-26.428783
29.601130
-4.518211
-13.641004
-28.490520
-2.729751
-13.111107
-15.135690
23.588387
-33.617886
14.322046
12.983651
12.189727
-2.316756
-14.740979
-40.014496
20.518469
-0.478078
-18.976448
-9.923758
18.327776
12.970621
4.889903
11.025376
-9.297282
-20.404093
-42.695633
27.508747
0.268531
21.671484
-4.153069
15.995902
23.512312
-24.492044
-18.113911
3.649411
-24.982349
-4.007445
-11.903908
-21.032164
-20.818096
20.907913
-10.050302
-0.842476
36.321239
15.003945
-4.296798
-24.949797
-27.093048
-31.163233
9.624545
-9.989296
8.601879
28.270769
19.147493
4.574180
-0.081252
-29.632479
13.802559
15.224571
-27.577135
1.335266
8.099840
18.313730
-2.652920
38.850502
-23.060968
0.883899
19.741005
13.048883
-31.833048
15.219959
3.545209
18.530485
6.327130
-26.945211
19.511776
-2.321262
5.028753
18.930983
21.351599
-25.779894
-21.150087
11.241684
12.340982
12.765250
-18.042347
-11.772876
22.223490
17.812950
-22.468655
25.737953
5.830714
-8.111236
3.194186
-26.395990
12.529781
6.970544
24.857798
-24.657957
-12.591471
-33.975227
-1.851345
22.288338
-18.478485
-11.056358
1.865428
0.296041
24.100225
13.522123
7.386023
-4.735344
-7.499985
14.171124
-26.516165
11.705975
-8.906029
-13.214237
-14.890762
-25.090078
-1.616440
-14.601557
13.855182
-11.846917
-26.779469
11.200162
-14.294314
20.610653
-22.406500
33.580410
-0.321656
-21.282242
-27.484266
-15.387993
-3.082729
15.599638
0.135126
31.046206
-5.411454
34.626114
-5.067849
-15.236746
-27.699173
-26.881866
-6.686878
9.494725
14.622554
37.540649
15.263700
18.324537
2.112985
17.470562
20.675888
-12.551646
37.969101
-22.450155
-5.964622
19.048059
8.893784
22.469282
-8.426257
0.017160
-5.017903
7.214920
16.271576
15.001068
-15.552073
12.679648
0.761348
-1.060711
-5.889783
17.454681
2.271662
-3.692399
-7.479625
-29.840158
-8.810679
-5.732746
-29.794041
3.791565
-8.422889
35.018353
1.381103
-17.507122
17.576645
-26.786263
23.171446
7.477167
-22.519041
-0.149934
-16.380400
25.217878
28.727135
2.428782
-1.813086
36.012581
3.303836
-11.509871
35.005981
-6.917602
-10.483738
-11.289065
3.583949
19.907923
-14.336221
-10.117740
22.495787
6.594182
-32.241478
19.676098
10.352689
-25.773901
34.024628
4.919766
-1.206693
18.206305
-14.526225
10.821172
-10.252181
-21.392475
0.988225
-3.776356
16.423101
23.920544
10.467254
7.070647
-30.045876
19.118912
-17.045628
-24.216646
-35.185032
8.057610
29.214478
28.602385
28.736164
16.592525
16.500954
1.766878
-14.755897
0.922080
-18.893602
-1.765065
-14.169582
-16.636063
12.916047
29.134369
20.647766
12.387722
-11.473320
12.558220
-4.751555
1.416597
32.251274
12.867660
-35.806847
-22.437603
0.728402
-0.049411
-14.723186
-11.282812
-2.468825
12.310864
1.694658
-14.794291
-5.831724
0.387733
4.831181
1.187059
-19.106297
2.077313
4.502539
-29.649136
-18.397879
22.114061
30.925415
-0.877138
-14.724857
1.017204
-7.800539
-14.838844
17.206203
-20.166990
33.578724
-34.427273
15.524058
8.346879
11.747185
35.790779
1.923131
-14.265360
-15.667388
-33.180004
-19.409782
20.731617
-22.561026
-12.896493
8.804054
-16.431061
-15.808433
2.667443
18.379324
31.221722
6.656499
-26.297449
-13.377879
-20.022614
1.035698
-5.323183
17.376961
-4.484485
-17.048140
15.123417
16.202637
24.625587
-2.948594
-0.433045
-21.917496
-20.570847
-2.350229
-2.807497
-7.424037
-31.562231
-24.747286
-12.093120
-0.276024
12.749751
-18.911640
2.242780
-6.073235
-21.803226
-6.311311
-8.434634
13.570074
7.417753
22.347401
-9.049863
-13.303945
14.776815
17.178228
-24.570452
10.845325
10.922555
17.757498
-4.875175
16.321474
3.946575
10.608697
37.348213
11.388390
14.207950
5.121002
5.910318
-2.854139
-25.943846
3.892252
-12.535771
-6.419699
27.478849
0.100068
-10.980469
-5.297514
-16.397743
-4.809698
27.260590
-15.754539
3.050776
-19.776390
-16.078197
-15.453198
-16.220591
15.804948
-1.295713
2.172968
28.003141
-6.579212
-10.446166
-2.280675
-12.274963
-23.403479
-3.327087
15.576997
0.041919
-18.757309
11.650066
12.536051
4.648174
-17.151718
0.780157
17.675947
-22.338879
-24.289148
9.421832
-20.025347
20.442476
-19.486734
-47.542820
6.543286
15.287613
14.150442
36.824287
-22.630163
3.688287
28.596519
27.281521
-18.575439
26.483408
19.631380
-14.933628
-13.267112
36.199833
32.112690
-6.289860
12.767884
13.189197
3.083510
-5.797961
-16.443260
18.403641
-15.331990
-20.816505
-7.044527
-6.091598
1.067323
-15.106612
-3.665546
4.443655
-17.765215
-2.039062
-7.156428
0.816454
2.322502
-4.901103
-24.860014
32.562744
-4.107989
-27.081264
-13.186605
30.913755
19.012459
-20.683184
0.335958
-17.732924
4.250340
22.405088
-1.811541
-12.060094
-9.011877
-20.502604
-9.883957
23.494967
-35.943447
28.415764
12.766532
12.011631
8.901815
-10.134272
-2.635863
11.737340
-1.720376
-11.973913
-13.352579
13.199451
-2.947921
19.264406
39.652809
18.507006
-9.917505
-6.323545
18.169170
-3.178128
6.375174
1.071217
-20.187080
13.709330
-16.867582
32.778099
7.537666
17.056450
6.939328
27.471935
-2.138986
-3.660752
-1.026211
15.455924
9.146395
-30.618353
-28.121078
-3.951414
-19.070004
-9.594425
2.337656
25.481241
-9.550515
13.232544
13.654983
-13.723262
24.969330
-1.357651
40.606911
6.762564
7.917675
-20.835773
17.270988
-6.424826
-7.444274
-24.100574
-14.041186
-4.750178
33.397625
15.422950
9.048271
36.641434
16.485973
-15.883943
-8.906561
18.714733
30.596354
16.174368
9.833426
-16.444319
-2.346913
-17.937317
18.872969
8.457339
-19.608898
12.826790
1.728804
38.367710
23.046698
-5.344008
-12.673665
1.784366
26.150114
-17.639048
27.379200
28.128029
-27.528078
13.749253
19.578556
10.034212
-11.139223
29.907949
24.786444
5.313890
27.339575
-10.230027
-19.724920
7.386885
-5.476301
-12.362329
-10.261788
-17.313906
22.758965
-7.899371
17.355976
11.418637
-28.787521
-2.131871
0.246781
-34.837772
-11.866760
-23.244890
-10.316477
-7.292546
12.812984
21.013151
19.173840
-21.363443
-10.013032
-16.288363
-1.293644
19.371508
8.551859
2.173410
4.516827
18.166782
-3.521260
-39.936043
-2.270166
-23.384859
15.371722
-1.320388
-33.719448
-14.005290
-12.004653
-5.093231
-4.513570
16.379173
-19.199804
-15.039561
-22.846203
-16.095226
-13.103371
-38.710453
3.732238
5.895860
-18.598978
-21.490376
-20.776423
22.313578
-17.390162
18.080050
36.596878
-23.679573
-16.721453
8.931287
-21.301954
-20.968416
9.350296
-18.100075
4.942172
-9.534018
-12.976898
-30.586178
24.119774
2.808493
-3.443395
10.325283
-26.908670
19.743141
1.726316
-13.280332
-24.938391
26.972921
9.990959
5.084288
15.942965
3.416328
-15.356339
-20.583910
-20.336985
18.948915
16.497305
-19.818750
15.765603
16.469572
19.096617
11.258866
-4.517833
7.717146
15.286203
-27.832550
2.000393
4.945840
-14.692399
-21.770393
-20.009855
12.886161
0.794348
-3.315857
7.176667
8.494167
8.464869
-17.231483
3.313221
-29.324183
6.988882
5.368250
-29.319344
-32.112358
-13.183947
-2.113969
13.466202
23.054966
13.215575
-13.155296
30.234112
27.291813
-9.486618
1.252020
0.273481
23.920547
-20.727896
23.205410
19.879744
-21.609266
9.501866
-1.842567
-10.439278
3.051274
23.923695
41.970558
9.754407
-18.707609
-32.607426
-18.566687
-13.381563
13.560990
17.750109
-0.170157
-1.993376
-1.725823
-14.944688
19.387157
-4.979766
7.291747
5.477155
-20.095903
-31.449669
-0.359208
12.460062
8.667051
-5.346344
-17.460819
17.430628
-41.870884
-21.571943
-31.575964
10.296539
-16.894138
5.633382
11.392611
-18.182335
-6.920561
-20.096302
19.770004
-11.349223
3.843098
-5.297949
-21.314745
-44.917568
-9.853494
-27.023811
-22.777500
-16.520685
2.741313
-17.197990
2.446837
28.229614
-2.495137
17.071344
-4.189681
17.828569
13.879431
3.316591
1.611067
-18.127554
-23.777044
-21.540810
-0.297431
8.859231
4.304274
-22.929914
-14.801234
2.854577
-30.062918
6.373842
4.482788
21.477566
-15.333385
10.270445
8.713988
-21.455484
-16.808382
-28.646427
10.942671
-20.610773
28.362783
5.663970
-25.247931
8.503905
14.541493
-15.490986
-17.859531
11.658722
-22.884434
35.830746
2.614734
26.424854
14.394388
-4.710930
32.207077
6.913473
7.153107
18.296574
16.550484
30.477177
-30.973913
-4.422120
-35.614704
-23.215435
24.605087
1.812673
19.733410
-13.746018
-2.657742
28.365421
17.408419
5.907040
16.101988
-8.551731
22.001305
-6.282251
12.558019
-17.207846
-5.683197
-0.306460
12.496760
9.296453
-10.149426
9.256760
-2.016356
20.605154
-11.167500
-11.410608
3.954614
4.873909
-7.081302
25.126814
-23.260515
-15.443673
-23.930861
32.059402
19.719433
-13.736059
9.461283
14.203055
-3.871339
27.560032
-21.554886
0.902621
27.701332
-26.546412
-16.498728
6.639072
-12.859406
-11.068656
9.825748
25.495617
-15.031590
5.775066
-26.688042
25.597595
-25.586054
13.085484
-25.122152
-16.517334
6.791681
-21.048115
-4.400417
-20.080406
15.876084
-18.933407
-19.527191
-24.836950
12.585407
0.349244
-17.400532
-43.943195
30.598837
14.381510
24.807652
22.445183
-8.659657
5.956715
-15.750870
13.400957
17.901421
8.751005
-29.110306
-17.392097
5.586469
11.681196
13.405656
-1.769151
-14.373898
-12.026923
11.477750
10.255216
5.534306
-38.626369
9.546391
-15.919148
-24.878128
-14.839552
-3.301749
2.084384
-9.984887
-16.118994
16.491659
-28.341581
-9.905121
-27.849363
20.781189
-6.557243
6.616231
-7.061003
18.073330
13.343328
-17.997025
-16.171221
2.761146
-17.992313
-15.108226
12.458451
-27.521992
24.431337
17.760529
-25.253532
15.029212
26.909725
3.247130
13.012615
-9.629643
-12.233600
-7.415713
25.448662
-28.798061
-13.979848
23.490570
-12.436320
-13.059831
-5.789134
-1.619205
6.306830
-21.117399
-22.764883
-24.241035
18.737625
-12.375208
-15.252003
-28.952984
-35.440357
4.577083
-15.723633
-30.122213
16.868769
7.561959
21.540632
-0.274123
12.686331
-38.948231
17.454830
-14.889069
4.953451
-15.436978
-10.207016
13.865582
-17.981833
14.571697
19.593462
-25.078510
-19.381363
-2.094334
25.083956
23.262907
21.262308
30.328588
10.048423
-3.308685
11.675043
17.892389
14.343997
6.272151
19.923412
11.470105
22.770081
21.499020
-1.494097
-11.350295
-17.719061
-6.272282
-29.098902
32.714230
7.508598
-4.208519
15.361359
29.301033
-11.153087
-20.109632
2.952511
-12.595599
-2.418281
-14.992276
9.563087
17.247164
-26.967087
-29.627861
-17.452694
-30.994829
-29.334381
11.954141
-0.693913
-21.944872
25.565783
-13.032116
-4.602746
-6.709498
-13.732676
-8.488718
20.037405
28.891754
-5.193832
-11.059470
-28.682400
-6.066380
-3.277577
-9.566314
13.601161
21.135231
-22.190968
-17.229464
9.374475
-7.575926
-22.625885
-9.880306
5.821268
23.999926
-10.728262
14.693052
25.243048
17.776762
-17.815825
12.487713
-14.082162
-4.244273
-13.237634
22.612768
0.068381
16.547220
23.069389
-10.478496
-12.655514
-3.275513
-13.691096
33.733494
-19.508854
17.295765
21.279367
-23.164583
-16.539122
21.643101
8.130663
-4.616738
-25.770235
-44.550983
-11.399821
12.255191
-20.122082
11.400040
19.523203
-20.696709
17.308411
-19.295223
-10.340389
10.080898
21.930157
20.920244
-10.282012
-26.739326
-37.739147
-11.384437
-11.799784
-11.023154
-3.787788
-25.229963
2.892302
-16.015596
2.078757
-14.223913
-13.970576
5.653640
19.464443
-13.055679
-17.279074
23.375685
-22.503014
8.783150
34.909538
-29.811996
-2.653349
12.017863
27.131235
36.070877
0.061335
4.685725
8.396605
39.464603
-16.341227
19.825716
-4.591694
28.605558
0.556367
18.106989
1.981514
1.380879
-20.985022
27.653095
5.421353
38.134296
12.226634
29.689928
-19.593992
20.075539
30.864317
-8.471442
16.833197
-24.232059
7.495365
-19.074146
-26.850500
24.010777
-24.528469
-13.744968
9.524013
-6.896670
8.531496
16.134752
15.487194
-16.148664
-28.214893
17.513376
12.084890
-17.720905
0.233067
-26.716024
-9.840558
1.849865
10.997602
-6.349237
-5.002594
-16.034019
-20.358692
22.358887
-10.317030
-27.293827
28.327261
20.587528
-27.475147
7.817490
0.093465
-8.375510
31.127644
-5.463265
12.607563
0.495006
-18.673191
-32.150093
-30.856478
21.874186
0.396611
8.655344
-18.193581
-17.911819
21.394577
13.497163
-9.150697
5.705467
7.854526
13.772219
40.680954
-17.985296
-27.208569
-35.696823
21.348152
-0.241992
-5.520705
27.129633
12.469918
5.177527
29.630396
-27.387512
-25.021830
39.617455
15.088655
10.930766
-0.085646
-28.025436
-13.435708
-12.498822
18.467323
-8.960975
20.896763
6.886178
-19.904278
34.675575
-15.479747
-37.685627
17.301001
-16.976553
13.064557
19.726826
21.904819
-25.720966
23.499195
-27.573555
11.050648
-37.096195
31.556940
-11.998006
-7.232110
16.734430
-22.495377
-26.319897
18.549335
-21.886713
-24.333323
22.891647
4.674070
19.518133
-22.605373
-34.679310
-8.177192
9.117048
-17.514217
-5.920014
15.724956
7.737255
-19.029802
-10.662249
28.806019
-8.164868
34.001144
2.874435
18.928776
-1.878650
-6.205596
-29.718290
20.584578
12.191885
-16.345121
-12.080411
-2.155579
-1.672434
19.149208
-13.882564
21.188192
0.386155
-6.205525
4.255273
-18.238207
1.931632
-36.130093
29.438490
-4.117075
-30.117611
31.815020
16.270548
-22.822100
-29.116049
-11.841247
-6.190463
-30.434704
-35.004925
-7.235282
1.925849
-3.721325
-9.232268
16.497900
4.953659
3.883543
2.816092
8.188818
36.351559
-7.308284
19.623882
19.568806
4.561843
-25.514595
-4.418637
-21.640793
-14.931892
9.106734
-14.326554
-18.724510
-19.493670
30.416384
12.450435
-6.130809
10.487715
13.338241
-3.453465
-0.904270
6.785293
12.118680
-12.174410
9.294724
-10.776943
-13.508982
27.929359
17.756157
5.968604
-27.525370
-32.330364
-30.072268
43.896301
-9.947709
14.385324
9.534811
-30.781252
-10.984610
-26.501211
-15.738635
-7.086224
12.905617
-34.234074
-13.970035
13.183576
-11.932708
7.290844
11.615150
-25.449734
14.956866
-9.740079
-1.977043
13.455859
-28.107615
15.155922
-6.102489
-18.316019
3.950148
20.985580
3.569358
-14.094310
-1.894285
3.525940
0.725817
-10.926607
16.309496
2.018382
-12.645272
7.349502
0.318147
16.451517
-38.303505
12.242936
-27.932096
6.637948
-21.665325
17.453363
-28.150761
5.336116
11.794612
43.401337
8.752719
7.485720
-23.988188
-28.997646
12.231719
24.149975
-33.490261
-8.576908
-26.689873
-6.414688
-32.941391
-26.742754
-15.629644
8.503527
7.273263
-15.305224
-17.360218
-1.392431
-21.849483
-16.068354
-8.773026
-19.691916
-8.188138
-7.079013
1.264732
-16.504612
1.457504
-12.362181
28.248955
-39.742298
26.511864
-11.438474
12.382095
-31.486387
12.004969
-19.493399
-32.326107
13.009548
-10.452123
13.916998
-6.308207
0.297539
-5.690672
10.911974
-24.660322
-20.529358
0.129973
-17.261583
-30.672476
-11.467428
0.271438
17.762070
28.461567
23.366875
-4.159142
5.400060
8.691817
-5.720191
-1.154191
21.698734
6.953152
7.689989
-9.722349
-48.719532
2.295516
3.218330
8.164849
-3.133698
-30.200516
3.966552
3.776243
-8.578864
27.748629
-15.346509
-17.843569
7.678021
-15.611767
-9.292133
25.824980
-6.994884
-4.095387
5.754325
7.118408
0.018617
-7.565615
-38.267376
-7.033257
17.486118
-9.216795
0.745241
21.589371
-3.448401
-7.646957
-31.886423
-19.082973
15.081900
21.592958
-28.280962
-9.046128
-13.007767
15.069586
-8.151430
4.272989
-31.449905
8.574112
28.255417
26.134703
8.653626
5.732831
-43.464844
-9.740557
10.032275
16.210873
-2.120858
-17.834122
8.054585
10.210138
21.311373
24.665840
5.868640
-14.561053
3.667944
-24.809246
-8.778480
31.590015
13.851496
-15.425289
-42.749149
30.830963
-15.294625
-22.234783
-24.783613
13.029819
1.637400
-14.702665
-13.828813
9.813428
-17.508530
23.859932
30.402447
-25.068613
5.713690
-3.542638
3.800268
31.054935
30.656775
9.956305
14.101315
18.578941
21.438976
-1.511843
18.472702
4.831725
19.330046
-8.178798
24.103781
11.527115
-6.141360
15.029916
-2.249173
12.712838
18.372616
10.285013
16.683849
-6.013234
-36.135666
21.845535
-13.808363
5.582559
7.502340
11.837393
-33.760834
-29.190397
-8.852268
6.634567
15.217457
25.110870
-2.856589
7.866838
-4.812077
-8.543835
19.464279
-1.141943
-2.264723
-7.874871
-2.843023
-12.191388
-7.969987
-24.622606
8.393598
-17.071972
-27.408190
-11.020271
4.140806
12.954161
-3.961491
-12.770027
-6.403323
-21.425507
9.975115
-1.053655
27.861231
-15.254642
-26.735285
13.507519
-17.370916
-10.275896
-35.658394
-24.395306
-17.768875
-14.110978
0.905851
17.107082
27.652529
-3.711853
21.024708
27.219635
-40.607513
-12.811843
-17.927320
-18.623369
-17.094440
-14.303116
-8.569572
-9.278669
1.078697
14.094753
28.858070
20.952589
-16.126265
8.701705
26.088417
23.822634
0.062656
-2.894993
20.179239
11.037403
26.475471
-13.783998
-2.264349
-21.185379
-6.925924
25.639772
-14.844684
14.377435
-14.432927
-22.449230
26.139013
-21.138762
-11.060353
-22.038191
-25.587656
-16.077171
-15.637739
-15.515770
-15.084750
9.557749
16.180246
-12.834299
25.046827
21.179096
-11.203452
-34.179024
4.747593
10.450679
2.336030
-18.939922
-47.742203
-18.435083
33.631569
-2.885061
-2.984055
-1.254085
-25.345743
16.650579
-4.007764
8.617331
21.560265
3.130774
-21.081980
21.139978
22.422277
30.586397
16.901527
11.491600
-39.338459
-5.949318
-12.843254
21.902153
-4.246090
-22.051704
-18.385817
16.409431
33.788456
18.092834
6.079556
-12.051237
0.555134
2.216001
26.654720
-19.399256
-3.527065
7.919285
-11.565969
37.713352
9.863703
21.075024
-9.140234
-23.613630
-23.133066
-25.864319
9.743214
5.245888
1.308653
-4.213925
-25.661551
-25.292837
8.052876
-5.368346
23.366207
2.400113
28.698259
10.470735
-16.801514
-24.374308
18.105333
24.409758
-7.634065
10.456733
34.295692
1.754298
-28.120512
11.507593
-32.054283
11.831439
10.913910
10.206058
19.917788
-24.527063
30.580004
27.696745
35.223373
-19.501551
6.131048
2.795490
-35.006298
12.725168
9.770151
-32.101368
22.483725
-17.648933
20.372225
6.104084
-30.643780
-21.912762
16.048967
31.981581
-25.815130
-5.220455
2.558251
-24.229618
-23.376638
-34.147049
5.423794
3.437564
10.907660
18.923553
21.774820
8.506157
4.679010
-26.072001
24.830416
-4.977575
7.535590
-7.936598
-1.598871
-12.446123
18.796707
-25.432774
14.009264
26.162199
-14.513165
2.497547
6.911586
-5.011673
-9.480022
5.686152
11.073429
-33.084240
6.053749
17.309883
-1.778416
4.992465
23.183735
-15.447576
-40.211174
31.937576
-21.458103
21.442078
18.229824
30.482220
2.973689
-15.198788
6.442058
3.019313
-27.029694
-17.178518
14.529670
-16.426260
-20.924528
16.126009
-2.769353
-3.565042
0.824948
27.380735
13.394116
3.372816
14.406345
-16.889782
28.474150
10.069023
-6.922823
13.784366
-11.886879
-5.987050
-23.615690
-13.436642
-6.056425
-33.214565
14.248225
-7.467732
-19.256599
14.092424
16.175783
-15.871944
14.881980
17.133930
-4.758278
24.434963
-5.955740
-10.707457
9.157677
28.604074
2.051981
-26.592615
17.824715
4.509053
-8.248587
24.296513
-20.119772
4.149978
-18.462608
-3.279017
13.947753
9.184222
-14.382941
0.803795
-17.678661
24.076530
10.861027
17.113697
-28.270889
-16.856432
-22.650251
-24.409477
3.618975
-10.899916
-19.618710
18.813095
16.998758
11.823142
-8.554486
-4.575062
-42.827545
-5.319638
-8.599579
-6.490278
-1.556183
-14.935562
-1.241203
-25.693026
15.107003
17.022997
37.629200
24.739649
-28.690372
9.206620
-19.798918
-20.200346
18.952646
31.030632
17.986795
7.987207
-32.759163
-9.816596
11.677516
3.335136
8.579666
-23.213524
-27.858902
5.010188
-3.360372
29.307074
19.731956
10.874782
-9.819745
-4.377761
28.352621
16.774067
-30.119646
-8.298594
-29.569876
3.536250
-21.587561
14.826735
9.279844
-9.353604
10.689891
-31.113922
9.319472
-25.446787
-11.580413
-25.611658
-4.093581
-20.368742
39.262508
-21.652300
-6.305592
-11.140532
-25.994719
0.952006
-10.617515
17.790855
-18.417582
-17.240572
2.627497
13.849199
-17.906210
-11.996631
-29.130138
-20.275944
34.252262
29.964666
-11.522189
1.168192
19.054483
0.809102
-9.712284
-10.805536
29.389559
-4.546996
5.384724
6.464595
28.796976
-8.182518
-29.289759
-19.380598
-2.922510
-9.468312
-30.366011
-38.072475
7.360449
-19.281567
-27.063610
4.827821
-19.564775
2.379813
11.668491
8.262914
6.014182
-12.125005
5.982176
-39.787064
3.736113
-12.057419
31.238169
-22.658993
18.594984
0.203808
3.031314
3.415568
24.167194
-21.850870
-6.661453
-31.881527
-19.065464
-15.962544
0.440077
-6.112920
-18.187551
13.398551
21.868748
7.621407
-10.984972
27.407494
-26.482981
6.427125
0.945770
-8.757346
-7.910690
2.454702
-12.948289
-11.673959
8.981126
-6.718608
-7.012568
-17.682129
18.082823
-10.017184
7.220769
7.581634
-34.566406
-43.539513
-15.336803
-6.235530
-3.617054
5.972990
-8.329701
-28.740374
-11.536087
17.149734
-10.217469
-32.047260
2.339634
-12.960834
-13.555146
-0.559808
-7.852393
-6.260229
-3.766120
3.833844
28.085756
18.382490
21.755167
-13.857568
5.567833
-9.626232
9.134197
-13.331758
43.698978
5.458348
-25.852852
7.639952
-28.384790
-20.858313
14.611212
22.147421
2.446616
-15.748211
-29.924297
-12.427255
-39.167011
-13.045897
-13.474119
21.209980
-20.092636
-39.472786
22.278858
-20.852228
-21.634899
-1.537749
-5.526704
-16.181849
18.079954
26.127092
23.502359
15.560709
33.741909
21.881193
-1.881420
4.269426
11.229156
21.454456
27.671440
23.995964
21.719557
-7.072841
14.469785
20.095270
14.817368
-6.235997
-16.467422
-10.177751
22.536211
4.283424
7.068053
9.914808
7.480105
-32.123081
-21.993017
17.077192
27.699608
-21.794466
18.684809
4.598957
14.089972
-3.866935
12.387765
-13.009380
-3.729141
-33.229900
8.623507
-10.364124
-23.094238
-13.385785
-4.074203
18.854761
5.680528
-17.724775
-5.783504
-11.671853
10.497772
36.233624
-6.649346
32.270336
-29.232502
-26.184509
33.557877
20.108570
-20.373478
13.937707
-14.532689
-14.920012
21.063467
-17.888166
-40.559753
-13.391992
-9.740135
27.043192
20.927559
26.509769
16.030870
-34.578125
32.093750
22.155149
19.854351
-28.524063
-35.141319
-2.492387
-32.965500
-29.695530
-12.618990
-9.852741
-7.827112
-11.551047
21.803875
29.445864
25.177736
-17.935266
-18.697073
-17.530399
-15.529613
6.433720
-11.925074
-23.640621
30.824308
-10.872987
-17.365770
-26.754950
-25.435404
-12.442221
15.219359
24.661339
11.497382
12.268485
25.786634
19.393232
5.918132
27.867075
24.437555
10.882360
-28.453150
-7.272506
-18.165230
-32.413162
24.551519
3.907845
4.258348
-1.383342
-48.090305
23.229200
21.110493
-13.197360
-27.025288
27.694696
-4.161552
17.475283
-4.879643
11.693922
-17.243969
7.358634
-12.770536
11.427405
-0.240150
-14.708097
28.736317
-17.757751
22.130924
7.815436
-7.186944
-31.729319
0.744686
-10.877925
-20.826008
4.178982
24.840622
2.097737
15.356747
-10.638474
18.915485
3.377294
3.997390
23.962528
-16.627783
1.311939
-5.372980
26.481531
12.434897
-1.288977
22.779114
-20.838852
-23.033243
-24.177864
-5.572103
5.207697
27.434034
4.966821
5.229101
-11.197061
22.850231
-12.993286
-5.361535
6.376541
7.689572
12.524576
-11.700419
4.246499
14.473758
26.645220
22.569523
20.457586
-6.213569
-20.742014
-19.973166
29.118366
5.322556
22.917156
9.429151
18.286032
-5.935684
28.942499
29.318104
18.596565
-10.405188
-10.430132
-22.804842
11.226436
-5.024431
-19.013882
13.676250
-29.049311
-1.832136
7.763978
-24.232988
3.317439
21.576977
-23.497709
-17.504377
30.197987
-15.830746
-7.711390
-12.365862
-9.753036
-34.584011
-21.763432
-23.997164
-10.864803
-22.077291
7.265976
-9.718246
1.595087
19.179583
-15.834355
-13.054495
9.840373
-7.184229
-18.400976
-3.514901
-33.431797
31.785263
-5.650897
-9.952685
-21.625196
24.325848
13.166020
-28.807497
-7.528051
-8.463251
5.455219
-1.115440
-17.114269
17.239941
21.296133
7.386436
-11.123577
10.073285
-9.306890
38.441074
1.018148
-13.981808
3.239970
29.060202
-40.212978
9.848526
5.580912
-14.286236
-8.265139
5.924244
-15.820093
-19.568726
-5.243506
-16.698034
5.183351
-18.923782
19.271011
-23.654388
-33.726494
-13.992950
-5.021822
12.032023
-11.923469
11.242678
-18.161545
36.388100
-8.699160
15.651670
10.238783
-28.924467
-14.658126
33.373699
-8.195060
9.995809
-7.791957
-0.473457
34.930241
1.494356
11.994766
20.746742
-25.812178
30.413084
-5.266261
-1.139470
23.351425
-11.106749
-12.136068
24.385376
-5.671157
-24.063576
22.967907
-46.175812
-17.487564
-10.130977
8.716472
21.363688
16.223560
18.892469
-4.104045
-11.153933
-16.558344
-30.433191
-36.709015
-17.425037
28.807491
-33.450008
6.227621
-21.625719
14.447989
14.384706
-27.963121
-17.734640
21.696854
-0.522922
14.413424
5.321629
11.546623
-26.413540
-11.838239
-15.180060
-25.308689
38.374794
22.437172
17.577158
-26.979029
-23.559994
-6.241107
-35.326302
-1.382391
27.293144
5.675257
-6.473774
13.232219
-12.890161
22.476919
28.141329
-15.976322
-34.640759
27.883673
-0.940413
7.767104
-9.546278
17.386868
-10.925411
-19.670412
-5.199906
17.016365
13.448260
18.131218
-24.773188
-31.059992
11.398542
28.547972
-8.517350
14.635807
38.529419
22.860907
11.249933
17.033144
14.897170
6.352535
-12.112605
-30.464701
-13.670485
21.462561
15.364903
-5.365992
-41.504410
14.605785
-30.758375
12.223254
-18.194052
-20.697395
-17.473440
-13.978345
15.943510
-9.609060
-11.558764
-18.264843
7.344375
26.631008
23.166332
6.779351
-5.382444
14.294985
28.391039
-7.539334
-0.449878
7.677097
-28.961452
9.140818
-11.490820
-34.233654
31.307095
0.557699
-16.121799
7.460159
-3.324053
14.199492
-26.581610
12.343984
-11.241690
-6.980704
3.904223
-27.591352
-2.183422
5.030467
25.283039
13.023517
13.812302
7.695471
12.440932
-13.086326
-17.920961
26.992569
-12.728301
-19.107872
-17.437128
-14.477071
-11.787409
20.446280
-7.433412
-0.991572
22.114067
7.043222
-0.301225
29.703568
-12.274954
-23.699677
3.917363
-21.155167
17.864738
2.017591
-33.776058
0.200316
26.730429
10.794803
14.449716
-22.592154
-18.790110
9.759516
-12.874883
7.198819
-21.149046
1.738313
-21.549892
15.997378
-1.465807
18.450636
29.414446
-27.911791
-11.278575
14.252148
19.837601
-13.139707
28.119648
-42.935555
-29.470533
-8.185744
31.115437
-0.188272
30.749147
13.894708
-1.110952
-17.604530
13.989942
-0.427158
4.422684
10.753044
-6.849667
23.429846
-19.164125
-3.026777
-22.504332
17.295109
2.258462
-24.366789
29.887674
-6.182616
34.521255
-25.085838
30.033781
17.626030
-42.388020
19.139126
2.725430
6.002699
-14.220702
-22.393089
-16.296310
-8.403757
9.228604
-3.211491
1.508803
-0.497102
-5.848650
2.088263
40.985374
-21.015474
12.504258
-15.471280
21.622229
-15.986081
10.963551
6.171220
-13.716350
-16.508146
-2.727155
-5.634752
15.329038
42.623463
-18.181305
19.034672
37.795280
14.735045
4.029145
30.899258
-30.036335
-9.453617
13.460186
-14.511036
28.712881
-16.555218
12.791445
14.765016
17.482458
4.359636
31.462086
15.391808
-14.518515
-1.699166
-12.636484
8.472462
21.619238
-1.629491
9.693004
-7.863998
-9.029132
-26.093493
-1.626732
-14.012963
19.005875
-16.110306
-0.879404
36.423950
16.413624
14.169292
-7.858191
24.767973
4.819736
10.653728
-10.540830
18.996107
-1.467020
-37.688129
-3.763391
-24.215014
0.805147
-20.171377
20.294563
24.747395
-13.604518
-1.450786
-4.941489
16.052757
16.170187
11.112043
-26.209183
26.375525
-26.947605
-20.953253
-5.885851
27.228518
6.975163
-5.597987
1.561235
-2.530030
-36.281494
-8.194677
16.805984
32.700516
24.636972
10.781521
22.562901
4.829787
18.310413
14.326574
-3.425590
16.376678
20.391460
31.975714
25.353559
18.617161
11.944048
17.306805
-9.118326
5.803913
19.936346
-25.534420
-38.485714
3.571865
-4.193658
-8.625462
-25.425699
-28.668962
-2.581949
9.427144
-20.089443
-26.933134
24.162979
-8.087182
-45.517570
-20.777191
-22.123549
9.141276
-12.216823
33.787136
-19.456108
1.956720
-11.866282
19.285814
26.565266
-7.204847
21.892200
-9.885123
-21.143171
12.187357
23.133703
-23.540298
-4.487436
21.464140
-12.160522
-3.531221
-23.952703
-11.563186
-7.284685
-14.200240
-2.997001
-6.845390
-15.115051
24.989182
8.651458
-26.435726
15.999279
-20.970652
-29.404884
9.274637
-8.347960
-5.242769
-2.254858
18.130993
-14.297350
21.189362
26.298004
1.325792
33.122936
21.599342
-5.826576
6.696812
-37.640968
34.060566
15.880387
-25.408613
4.545554
20.196173
2.489183
-2.405823
3.142318
12.006557
3.411618
24.210922
-16.010147
2.234234
-2.482749
14.475338
-7.852199
25.042233
-16.670649
5.174442
5.458015
-21.027485
1.003250
-1.969095
22.392143
21.564703
8.102193
9.671067
20.174877
2.552086
-35.014221
21.108469
6.568855
-6.531222
28.076029
3.344780
-8.654875
11.106909
-12.429408
-14.818989
3.155476
-7.192503
-44.509766
-29.008764
0.635537
-13.751037
19.546282
-13.985364
-22.789650
-3.698447
27.499765
-11.213261
24.371260
29.342999
10.419119
-7.293784
21.648769
26.249596
14.853147
25.656338
-1.075214
-14.579354
-21.571434
32.797752
17.652948
-12.263586
-18.569826
-26.426044
-26.831049
-5.672459
8.509623
36.677685
-21.995386
19.154638
27.712990
8.380500
24.349194
-7.890794
-19.285645
-5.035564
-47.180939
0.321262
21.113258
-13.155073
-7.531078
-28.404202
12.952204
23.226120
19.282692
19.509377
-25.606897
21.359999
3.762115
4.485600
-23.420303
-14.841925
4.427789
-17.327377
31.369951
3.815455
-1.582585
-21.553053
22.599707
-15.547277
-8.448297
-16.930311
0.552394
-28.595478
-0.579679
-2.617639
-20.442245
-10.837561
6.654131
-4.930478
-32.500256
-24.608868
-3.741186
1.408153
-35.004986
19.777102
-4.718944
-8.363021
11.906656
-1.901361
28.258564
-0.268240
26.770567
12.898358
23.727839
9.218028
18.466183
21.979052
10.177179
-11.346909
-14.691188
-24.529461
13.900036
-15.056954
-6.816843
19.557489
7.705678
-4.781952
21.748405
-3.757031
-31.026484
16.147234
8.106793
1.517430
4.217024
3.544829
-22.099215
3.881377
16.167015
32.784260
31.235273
21.171921
6.333226
-2.916996
17.784164
-18.429144
-29.052397
-22.283312
-1.204639
-30.162741
22.718182
-19.984247
20.595388
20.962223
6.878882
-17.828062
-39.973526
-5.836872
-17.833820
2.308538
33.727432
2.888892
-10.895261
23.975552
-8.477169
-9.560603
30.102022
40.564819
-27.427841
-14.230002
-2.667316
-22.116999
17.188635
-20.111317
26.631002
-8.588386
-30.266237
-12.300273
11.563128
13.411707
-16.428356
-22.791306
22.655220
16.532509
19.886530
38.546745
-13.863806
-1.148613
8.604877
-2.073127
34.951878
-17.170963
-25.996080
-12.744534
-12.740127
2.796897
-0.463287
9.315763
-17.618114
5.630513
-9.849239
24.378969
-5.277346
22.705996
-6.826822
-3.433935
-13.600960
-32.135117
-9.149195
4.067492
25.938517
29.723469
23.664724
-6.936009
5.575609
20.565483
-23.634800
26.003811
-3.673346
9.783363
2.364743
-4.772882
-21.568008
6.103628
30.203667
24.266018
4.279531
-11.484447
-2.728057
26.758482
4.299717
-0.309775
-10.043643
-8.222199
-5.591791
6.611455
4.228547
-6.321636
-33.334106
-9.581525
25.432047
10.744330
17.053957
-5.004529
-7.559277
17.070454
-29.407951
-21.396069
-20.700518
18.163727
6.356893
-11.021466
6.724784
13.624619
31.806519
-8.670126
-14.503392
-8.870122
-5.908334
12.817001
23.267262
-17.241653
1.377394
21.770399
-6.248102
-24.417969
-22.027225
-19.245663
-19.202894
-20.078680
-35.935192
-10.691514
16.118303
-2.123498
-2.577116
2.387219
-23.036650
14.929384
-11.409258
-27.805248
3.059853
1.724980
-13.126562
17.028509
-9.819263
7.541354
-7.674072
-11.026378
2.859148
4.331328
-3.557419
6.736362
21.484293
-16.062441
28.664791
-27.442234
5.506959
-15.205038
27.821489
20.362768
-34.595985
21.943651
26.135941
15.246741
37.229462
19.117245
-3.691645
23.906242
17.177549
23.341646
-3.852503
2.144053
13.929755
37.484951
1.063801
9.968440
-13.309409
-22.154930
-23.385347
-5.571661
9.690302
12.406058
2.645911
1.356069
-8.428364
-26.775988
17.751385
16.919214
-7.837250
-24.349237
7.577620
-9.297172
6.855922
10.407346
-18.954830
7.358026
32.549622
-14.345435
-16.036251
3.809305
-22.589350
2.023451
-14.757235
3.839146
-9.237288
7.266031
-6.313904
16.971395
-16.644571
-41.980221
-26.247763
-4.554556
-8.974524
-21.165609
3.034002
-4.884423
4.687993
-14.895453
13.931499
0.785421
-10.173560
2.299958
-11.887752
-17.711716
3.849133
17.052965
22.474396
15.295650
8.910495
-10.451716
-14.145909
19.405088
2.892827
25.457438
-29.563028
-7.931507
-15.260450
16.580465
-3.676479
14.617591
10.203156
8.804355
29.324165
15.990010
10.775409
8.993626
-25.290022
-1.810826
-10.639886
-7.867877
-3.096050
13.703623
13.976402
14.674240
16.365993
-5.150814
-29.154682
23.754625
11.568268
8.218540
4.186336
-19.914623
-34.684898
-13.120649
25.127750
-28.030626
-7.548234
-4.608381
-37.841587
5.789906
9.100807
-15.504812
-35.456036
-16.017792
3.666308
29.662182
-33.769066
1.331275
23.853832
2.352550
-14.175080
-20.977118
-12.769380
15.553742
9.321952
6.887833
-25.653362
-8.089110
-39.505577
-16.054369
10.498579
3.776825
-10.996022
-16.208599
16.215467
17.637217
-3.532403
27.406897
2.449509
-9.412510
-1.247732
8.031620
8.471987
-10.840347
18.361916
25.242195
26.679268
13.320812
34.386391
-13.149182
7.259130
-19.225813
-19.641457
-7.868713
-26.879873
-28.384214
9.951497
26.607740
-14.233898
18.465506
2.774934
-15.996869
-29.704115
2.545627
-39.472439
-19.314289
-19.223225
30.165747
21.729862
-8.460089
-11.382830
11.557158
-22.518822
30.602858
13.044150
14.701068
9.719232
-23.870516
10.653235
-22.077177
-26.789978
-30.915041
14.158653
31.350149
-2.899378
13.222857
28.404251
-13.221392
20.663982
20.832932
-11.063345
9.902776
-10.246722
-7.776714
9.109091
-8.971891
1.996374
7.685584
-26.515936
-28.977472
11.529860
-16.094378
-27.797222
31.352802
-17.138432
-14.344616
-11.949101
10.333022
27.442274
-2.456125
24.261337
-31.396870
-23.181284
-17.202602
-37.371246
19.476574
-2.437729
-7.506824
-7.337265
26.100248
23.162033
25.631039
20.458862
-5.477993
1.736265
-2.301654
27.190657
5.008384
24.034966
5.514306
-45.987286
16.630701
-15.570442
-13.015547
24.254938
-1.376232
33.374100
-4.399126
11.220060
-4.163069
-13.681123
-22.126192
0.090343
1.801343
-36.083710
-25.569973
-22.015028
23.472601
-28.729052
-22.221354
-14.694293
34.168594
-10.524323
-5.708983
-21.544310
-6.662230
38.925663
-25.959564
-18.679466
12.394221
37.192966
17.072475
21.670727
-17.147528
17.662903
21.856272
39.951683
16.160927
-5.082638
-38.552387
19.970089
-14.333840
-28.897463
14.823103
6.103953
-3.539404
-1.573872
17.397793
15.933308
26.493311
15.337606
-1.698993
-17.553450
11.392679
-7.020872
24.841213
29.285318
-1.563524
0.517988
-3.486732
-5.607819
-21.707270
23.882490
-13.568018
-27.632526
-4.471274
-19.413750
24.277620
-24.594183
-9.897234
7.234931
29.831331
-17.568258
-25.172758
7.986484
-14.380608
-28.319263
-30.982401
-5.295043
2.869901
-20.335375
30.753002
24.969484
0.861680
-10.712430
-1.658796
-2.584807
-8.695405
10.234735
-0.714105
15.320858
11.297169
-12.987729
25.708664
11.929644
15.323897
15.612526
8.919095
10.918502
-0.347619
-3.379602
-15.323442
-4.741585
9.956929
-13.666567
14.473476
3.445439
-12.796469
-16.794645
8.241902
1.459772
-12.213555
20.105677
-17.572569
-25.853394
15.479080
-18.256605
-20.310646
-11.695362
17.282887
13.666416
34.854420
-25.165121
-14.689873
-9.584093
2.065886
-11.285680
-17.383490
-16.766254
-18.931362
-0.643576
-18.520687
7.365637
13.145691
32.976582
-14.384323
-8.988074
17.144350
22.725458
-8.080522
10.613467
30.974337
-40.234940
-13.027234
20.941566
-3.966297
-34.785389
24.476591
-23.629478
-38.521355
2.093282
-10.453223
27.893694
22.986467
37.895218
-10.927448
11.850500
11.951127
38.328777
12.835684
6.383600
19.082144
1.510129
-14.820711
21.625521
-14.171117
15.891416
13.088692
-29.584841
-6.773992
-18.183420
-14.250566
-14.243646
15.810950
22.174311
-16.539923
19.538321
24.010754
-11.999898
-14.302444
-16.934734
-24.895235
17.697029
-18.794653
-7.819475
29.021349
23.525444
-12.268917
16.119967
6.640231
-21.182764
-1.949501
1.313907
-21.124592
-22.444456
-2.116833
-10.090569
17.607628
4.238405
-20.595613
1.643942
-19.775675
-19.473721
0.199851
18.030348
-9.162210
-26.768955
-25.129978
-11.384843
13.760595
27.656443
22.600245
20.158588
-32.517342
3.668407
-17.151211
19.790037
-8.282846
22.240889
-3.568142
4.146409
7.237212
-0.010244
3.413802
28.509865
-4.873775
19.863035
-16.827633
29.189531
33.279312
21.475576
-0.835082
-0.307355
-26.783001
18.241814
-21.035934
-32.379597
-32.052269
4.126270
7.987582
19.192028
-16.793447
19.144062
25.032967
7.629136
25.045166
11.868791
-19.691145
2.537240
5.428077
18.112940
22.198223
29.799068
13.728540
-34.985813
-18.043228
6.834031
13.713931
-11.862411
23.193504
6.169001
10.134931
-5.484278
-7.988271
24.097109
-16.852800
-34.476715
-8.273157
0.079773
18.768925
20.844824
11.817615
11.791580
6.356306
-11.288660
14.592191
24.226336
44.031425
-0.723522
-14.634918
-17.981438
5.037111
20.898762
-33.178970
28.607210
17.031559
36.436359
-25.368925
-1.694867
13.942863
-16.721079
23.625168
-21.285116
-11.025390
19.582293
-2.563305
18.778355
12.687897
-5.046877
3.219733
16.889204
-22.570326
28.680147
6.460396
32.042007
13.727376
16.893713
-6.968210
-31.094955
-5.444905
7.628608
-5.911708
27.616783
-3.484006
-3.299614
-9.740003
4.114004
-15.124844
-30.249992
-14.630965
-26.421272
-9.528819
-19.579475
18.356295
21.346504
-5.703984
7.370550
-25.963692
2.204916
-0.245023
-20.357004
-11.651129
-10.725870
-28.646494
15.834123
-8.005318
19.785831
9.914219
24.393543
-21.375645
3.018209
-33.432652
8.028446
13.113287
1.786975
10.307356
25.119850
-2.678851
-3.982402
6.998605
-10.422127
-12.950722
25.081303
2.128178
6.221267
22.321543
13.889692
-19.015499
13.734786
27.526903
-1.153583
-19.941380
6.342098
14.573092
-13.793592
39.949707
27.762501
-1.189709
45.898071
-5.466965
21.707270
12.192763
7.986621
-29.386757
14.074142
31.220041
14.998376
16.144835
1.723117
25.767248
3.696600
16.926470
-8.759800
-26.079847
-5.085118
3.966822
31.229071
5.459358
31.827669
17.955475
-12.198502
-14.605736
15.492020
22.757545
-28.814869
-22.846922
10.121011
1.193415
-26.848585
-24.666868
-17.808531
10.054230
19.895441
-28.020666
13.825581
27.979195
-0.835436
-7.024860
-27.779102
15.567609
35.897625
-9.983445
8.285547
17.226610
-22.478693
-29.524664
-4.043744
16.787390
11.637929
-10.804402
-15.801925
0.081338
-14.708281
-10.724587
25.107605
-20.786383
17.101313
26.472429
16.905615
-4.408778
1.756626
-10.687707
24.968193
27.927578
-16.733459
-20.690399
-0.860008
-20.687349
3.167431
-14.573596
15.706570
-19.440350
-24.061745
-15.191216
16.057653
4.907424
-40.118073
9.027773
-0.285487
-8.014020
-25.138720
11.983146
3.054114
-14.556629
-11.149091
-4.422245
0.327697
24.521887
3.211378
-15.010200
-26.388357
33.347656
-29.922081
21.554007
14.025890
-6.919496
6.038903
15.690585
26.562449
23.332577
-10.375450
12.086885
-6.080734
-9.062316
10.284691
-0.846692
10.081202
22.627214
14.434400
-9.334910
27.412767
-31.967005
2.643677
-8.723572
24.869295
-45.062653
-16.673018
9.794246
-14.190459
12.124402
-0.772398
7.875402
-32.700466
-21.761703
4.260479
21.140852
14.155355
-3.122082
-18.473297
3.315605
4.253088
10.323902
-23.000866
-6.868844
5.026632
-26.045710
-33.680367
-0.335360
-4.326574
-20.922325
-31.061781
28.116024
-14.537612
-13.823939
-5.479299
18.580809
24.968225
-4.217978
23.297600
8.968893
15.726727
-0.227180
-13.768077
26.634247
-10.757606
17.245173
-38.660515
11.614877
1.097068
-35.698765
-4.747989
-5.885053
39.099709
-42.082176
-17.985289
-4.461629
8.104796
22.903152
3.391486
-5.411627
10.582192
-12.888119
4.090402
1.553877
-9.169248
19.339552
-5.979077
-16.983053
-17.201025
-3.250248
-22.630075
-14.649555
9.960820
15.889027
-15.163448
-9.489685
18.784008
-6.428827
8.425946
1.131130
-8.810004
5.649766
-23.632236
4.030885
-21.014421
36.955959
0.991145
-35.589363
5.918840
10.446408
12.682557
11.335687
22.234570
35.321014
-32.251530
15.129333
6.573192
27.894661
-4.016772
-14.027431
0.145483
-9.568789
-24.060545
-18.787443
-12.834653
18.360128
19.702927
-2.893253
-34.416691
28.146425
-33.985840
29.757896
-15.545261
-16.086184
-28.400904
19.059259
5.081107
-6.425624
26.590902
-12.253247
-4.788422
-13.659616
-30.234613
7.978910
27.126774
5.320487
4.729155
-8.773656
-28.915884
-14.965436
18.733526
-10.270711
-8.671677
-36.472466
14.471697
26.944366
1.347510
-4.034576
28.459761
24.957537
5.807613
-41.854485
-21.217838
10.253860
12.938329
-25.345158
7.820383
-18.759186
-4.582387
4.580585
-18.325949
-32.362148
-1.287531
-17.103628
-29.091362
16.952597
34.459789
-23.952078
-27.626791
-3.651678
-19.602545
19.128065
17.148218
17.586817
19.308619
6.679197
-6.656667
23.829950
-23.412199
-20.794302
-48.326427
-10.520226
11.552728
-5.611927
35.680138
-11.182209
-8.779202
33.311184
-37.279297
20.531710
25.555595
-53.641251
-30.942751
16.037806
27.636806
7.474288
-15.501885
6.307692
22.968670
-19.669060
22.050077
8.140162
20.021917
-17.579159
-1.801003
-23.752424
18.096783
19.243280
-23.344761
-35.086769
-7.292691
21.388624
33.335835
10.840840
-14.713073
-27.681610
30.862020
12.037211
16.613182
-16.236439
-18.358320
15.746189
-15.408554
-12.829196
-4.053665
-20.384813
15.288464
-4.582667
-12.449801
29.585001
-20.736086
-29.030840
-19.791405
13.078012
2.905743
-31.907801
-20.742943
17.903635
3.062328
4.581464
9.875134
22.233801
-2.858439
25.929598
-25.316288
-34.114937
14.281253
3.459095
32.572945
1.890513
-13.361806
-16.999409
-3.412909
23.625269
18.383204
-25.517166
-25.143785
16.421984
13.508659
-1.121892
24.141462
-15.244872
-22.845463
-35.591789
13.149572
4.316716
25.351789
-40.363636
-6.693356
-1.750948
-13.606623
-4.601648
9.967384
25.311893
-11.388115
8.051495
12.928924
19.783188
-30.681644
27.772860
3.549965
-7.495920
-50.602264
0.773776
22.076921
14.593393
13.754689
17.573389
-5.175580
17.225855
8.868471
-30.345846
-22.606302
22.931377
-6.032969
24.197777
24.647121
-11.830770
-11.405634
8.158222
22.202787
-13.480642
-16.183624
14.862273
43.866047
-12.192642
9.974047
-16.561430
-22.687426
10.733580
-12.057942
-14.843637
30.464836
2.143776
-20.656544
11.187587
27.223993
-13.244724
-3.970672
14.304842
15.450024
-3.872173
-3.114226
7.721701
37.985489
14.144684
-21.968706
-3.607110
37.029316
-7.247445
4.263059
-17.537247
3.756510
-6.584818
3.744400
-8.819152
-19.482500
34.602749
-10.278260
-12.678114
20.214836
17.676819
26.362238
31.714334
21.082876
-14.979569
11.404573
20.028803
-14.421772
-21.744520
-12.029606
4.002501
-18.476824
-24.786783
-4.302838
-3.163912
13.155940
7.505910
-6.847342
15.129202
-33.659271
3.201308
-15.614160
-32.592274
-27.158285
-8.018882
21.675390
23.547575
15.104857
-17.519861
9.396804
-9.328897
6.267560
28.496197
12.218242
-14.940060
36.988926
29.436445
-13.420552
-31.327305
-20.699202
-13.121857
-1.831127
18.115339
-34.275818
-2.560480
-6.736909
-19.968105
-24.779936
-17.076036
32.714546
-10.067205
3.902697
-15.946038
-33.881310
9.352665
5.667511
20.545116
28.353046
18.687178
22.649849
-11.735963
8.702474
-26.733175
-30.078964
25.158249
6.621084
39.034660
3.523942
5.095276
-43.797329
-19.694710
2.563482
17.456285
-1.472111
-0.113742
-2.963243
-20.151907
-13.590553
-29.826090
31.592878
34.222313
23.496675
-8.188404
17.673151
-22.964569
-0.197958
-9.357474
-13.541029
-7.243967
-23.643703
4.164912
41.529804
8.445810
15.247604
-14.520193
-26.721054
-12.199636
11.014972
-18.906914
32.409576
-3.027171
6.517365
4.651069
-17.711525
-25.708378
19.775372
-11.539434
-15.316236
-16.267021
26.582674
-12.198311
-8.780639
-9.481649
-1.778740
6.374154
-1.056066
-8.669773
-7.217634
7.009041
4.611598
3.179178
-23.384914
7.652786
-21.437180
-31.504454
20.896214
29.922163
31.179451
11.111895
-30.676786
28.862448
1.446843
-12.886620
-8.075249
-7.562839
1.673296
18.218477
-0.340174
-10.818204
19.976280
-13.521074
-12.676013
-2.146760
26.445391
16.815119
-15.819769
10.305187
-28.189928
-7.908428
14.546159
15.550680
-21.723272
-17.624685
15.806429
13.341787
-23.746859
-19.001627
-20.261330
-27.331821
14.917280
-33.507946
-34.274124
17.307489
7.401929
-17.591965
-6.167165
9.216641
-18.455776
4.493127
-25.429632
-3.076761
-27.681423
-5.972310
11.753284
21.445299
-2.641771
4.234705
3.876675
-2.015111
-7.398906
13.970224
-27.943335
1.958505
23.031559
1.821046
25.514849
8.210535
18.229774
-7.595824
-0.096889
22.342682
28.050303
29.753036
-12.589353
-16.162092
-21.893465
-9.358414
40.112980
-6.203709
2.607089
-23.949574
4.410982
25.066200
18.487261
10.327007
-11.482612
-34.731575
-30.461971
-2.081315
-0.908661
9.867814
17.631477
8.139752
-28.926357
-8.815598
-6.583253
-9.513189
-4.550750
6.480527
-33.268711
-13.862010
22.418022
-32.837120
-9.705435
17.578362
-13.202902
9.846009
-13.731924
-1.243989
-20.595257
-0.093219
-35.113140
12.692842
7.960372
-38.316673
-13.146101
0.786826
-30.887690
19.390869
-0.880331
6.314899
23.790224
-9.468572
-8.185219
33.347904
-6.175600
1.950770
15.794316
24.435637
17.090574
-7.250295
-19.762712
20.144186
-20.146425
-21.021160
-1.587966
-9.123172
-6.197209
15.962616
-3.543447
17.844810
-3.444984
-19.240744
12.341183
8.539908
-16.686527
1.836134
-17.035067
-11.252770
5.717402
-8.348889
-13.007114
-22.742655
10.330609
-13.759352
-34.381157
-8.274413
10.073288
-17.381006
-26.332788
-14.087465
-13.716193
-18.186396
-30.620161
17.309263
-5.334085
23.699577
15.157152
12.603364
3.427229
33.149261
-15.067542
27.706991
-2.593807
-13.449305
-31.870789
13.559182
13.312284
26.203623
-19.374035
-14.072726
11.183165
-18.807369
-14.560798
0.889188
28.315372
24.500910
0.789515
12.295473
36.519157
1.194635
18.160233
-2.339206
21.556601
38.894474
-15.923403
-17.877419
-5.348815
16.435278
20.357424
5.477558
-0.517036
16.748959
-4.303484
15.224130
12.536565
-22.662910
0.086953
6.188252
12.073344
-16.465351
22.248348
33.135540
0.260581
-18.978703
-13.578050
-1.926168
-19.890850
-0.088525
-9.789292
1.416178
-1.238928
20.456602
14.022763
25.457399
-3.588778
-1.855482
22.737860
-16.431379
14.556011
1.653101
-25.282459
21.242977
20.974478
-4.919617
27.159256
-3.048369
-20.012266
0.169095
-27.270517
0.041047
11.924725
9.269916
-19.508686
-7.915389
-30.111454
-2.891618
-28.699039
-6.534420
-10.990563
9.210726
26.820898
18.560463
-10.304244
7.275123
8.785226
-23.092325
14.371756
-18.926304
11.127377
-26.537985
-22.728689
-0.091786
5.791706
-5.741903
-9.871685
27.655903
-9.155394
-16.239780
36.027195
14.863219
-5.496365
11.240064
-18.810711
-29.455654
3.200149
-1.117039
-8.776740
-20.040775
-12.966065
12.889208
12.547912
-38.814159
17.721849
16.345415
5.541409
2.748640
-2.845800
-13.280864
-26.071043
9.054015
-27.532665
29.039268
-10.669699
-23.259365
-4.328997
-32.666176
-26.035080
6.865970
5.412564
25.859690
1.749521
-21.593613
-25.673889
15.053010
18.701981
34.094860
9.692369
9.191747
3.317451
5.169538
-6.180435
-1.518830
5.826142
-24.262245
-11.025970
7.305903
-36.878269
36.698608
-21.205446
-22.268217
-3.283899
-31.274300
23.210953
-3.920325
0.269418
-16.447474
8.675722
17.487823
-1.667071
25.228333
-22.893127
13.598903
35.918770
-12.144960
-13.899290
-17.948511
-21.024317
16.891159
-24.362726
38.754307
3.388888
8.767427
-10.454490
12.016541
-2.833799
-22.925436
3.182365
26.350529
-2.396641
9.145353
7.242785
11.030735
8.113214
18.024874
4.605885
-7.698215
-7.225574
-20.419939
-7.945757
24.167490
10.811248
4.502847
27.141405
-1.829885
4.530389
-21.209368
-28.218096
9.106070
2.921848
34.305492
6.352301
-13.264046
-8.928839
-3.940948
7.755271
17.966454
17.142614
-0.996558
5.049189
-24.627359
-20.434057
-15.802910
2.081228
-23.511724
29.482872
-0.281360
-3.147954
35.919773
-19.436499
10.616632
-23.785711
-32.654823
-1.996539
-23.047491
3.524979
-7.411039
12.489777
-6.598113
5.491301
6.815588
8.444591
-17.162931
-19.320091
16.346537
-12.689253
-4.995862
-11.266027
-14.580045
-28.142090
-4.372597
-4.638936
16.156797
-3.649809
34.169975
25.295362
19.967306
-16.545002
-22.536449
-3.439908
-15.934860
0.075908
-14.951605
17.765768
-31.444250
-18.443161
-31.802673
16.771963
-10.694958
12.405874
-1.484137
11.284110
26.357689
-16.310854
1.036759
32.579792
-19.619852
-11.366612
11.159046
4.274459
15.607974
31.466858
-0.870923
-15.031874
15.345265
-26.456091
-1.282857
-17.678200
-17.741762
17.543644
-10.499241
22.367971
-8.050718
-8.011647
-2.298363
-21.112547
-10.848440
-22.423784
-25.610823
13.839561
22.749786
-12.792203
-16.221430
14.071011
-14.717701
-3.664778
-19.254374
16.234365
22.795280
10.785476
-36.713478
13.210743
-32.918507
3.316943
16.401590
35.607719
11.062987
-0.942229
22.988012
18.311579
-7.504920
15.633986
22.391924
19.389845
4.138841
-6.586803
27.774776
-29.452219
15.366176
-3.267111
11.950849
4.846070
-5.292187
20.227440
18.400919
-28.839806
10.390131
-7.756095
-11.125755
-24.058260
-7.423270
-28.147890
0.390187
-19.568232
-18.120352
20.903677
-15.892154
40.290531
30.308767
-18.619572
-10.682948
-2.415873
-25.318571
2.816818
16.878239
-8.117167
35.480015
-14.603414
26.792824
-29.124643
27.597628
-24.117208
7.527088
22.221285
7.061567
30.680416
-31.644108
-6.116900
-11.121882
-10.094995
-12.787850
-4.167334
29.333582
-28.507528
-25.828392
1.609442
-26.623880
15.379687
-7.583582
12.882348
-13.210567
-17.603731
-37.459152
20.598427
21.870378
-12.589529
-6.567262
24.143009
10.450410
-3.211759
-9.170872
13.508319
-13.539431
32.045635
-30.412243
-13.283947
-18.196245
17.204342
-15.266558
-30.319901
1.931852
-28.140884
11.260944
-36.215271
15.019913
-0.887190
16.445818
-27.541759
3.763450
1.544312
-33.501938
-25.904772
5.477165
-35.243053
-29.210142
-17.878208
7.840725
-15.877109
14.969484
16.485367
-28.698977
2.981967
-27.877981
-12.371460
-13.583169
-2.372131
14.411476
15.403234
-8.203918
25.666174
-6.357012
-16.630720
6.126352
3.032754
-21.780455
15.952405
-7.809094
-20.657732
25.694426
22.997709
-4.506755
11.048732
-20.827888
-17.555744
-17.006527
-43.783775
9.606187
14.247163
-4.859052
-29.989805
-5.638189
26.557819
-10.796234
24.816044
-4.644423
-4.513555
7.737382
-6.985305
-12.448037
37.518581
-15.278767
-2.699203
-29.943157
-33.509861
22.461401
-1.032298
6.824500
-25.246643
-16.104635
-6.829286
-7.334916
20.635593
-16.984217
4.587534
-12.716314
-40.967842
24.936029
0.155978
-0.492917
0.969595
-25.598339
-3.217803
15.816864
7.459225
42.141579
-1.829200
-13.295567
18.408804
2.977526
21.842098
26.680386
19.056269
-8.078044
16.730247
-30.325478
13.138052
8.063929
-23.285858
12.611840
-20.558054
-32.226654
-8.559124
-17.240578
-29.770840
-12.905802
-25.250912
-28.620325
17.624928
13.764173
4.815127
-14.529501
8.888500
22.352449
-18.677784
14.898291
-29.733562
4.521760
14.885698
15.646416
-21.914858
-34.375423
-5.932056
-23.409599
-12.877285
8.702203
15.518261
1.268592
-1.430049
-14.913688
30.038908
-21.941734
-27.496984
-10.095366
11.091309
15.883552
-10.168553
-1.379219
21.188435
-5.826519
3.038216
-7.578416
20.892729
-31.535898
18.782171
-22.559595
8.754454
11.927901
2.600379
25.773539
-6.035568
22.570305
25.826424
10.616893
17.919210
-25.233351
-21.501984
0.221511
-24.965965
10.175671
5.895840
21.778217
-7.793856
17.504148
-26.365313
-26.574049
-14.767629
36.568733
-19.390009
26.440577
9.975369
-21.189188
25.747963
-20.106401
20.642221
12.282780
-32.042187
8.465907
16.953459
20.376198
-27.055307
-9.960431
-4.497286
27.349833
-2.479719
-17.863232
-15.629567
6.567756
36.009087
-12.351669
-10.449163
20.834246
25.727243
-13.996587
17.122791
-10.966108
3.300036
1.750303
20.911554
-24.655426
38.655701
-0.925456
-7.913737
11.362758
40.519844
-23.924631
7.683660
-3.924926
-0.713204
0.353565
24.855299
-16.223928
-8.633539
7.174959
-31.190361
-27.146797
-12.580649
20.554329
7.249578
-19.351429
-15.758227
-3.747134
17.727411
-27.382652
-6.352542
-1.306485
0.209735
-6.112810
9.701610
35.772038
20.478632
-15.909096
7.834891
-23.991365
35.701988
-24.692179
-31.258894
17.264246
27.190849
-18.281012
-5.536489
-20.844904
10.871155
12.130490
-10.133595
14.923620
-5.888597
13.264519
17.167776
43.776878
-27.541515
24.126356
30.552654
10.139030
18.854574
5.398582
-32.506805
-3.298836
-27.991974
-14.493683
-37.067825
14.867905
-13.854090
-11.784774
-4.379766
15.552301
14.735493
33.648621
13.979439
-16.697763
15.270220
-31.446272
-16.703918
21.970984
-18.317953
-37.652225
9.199340
23.528475
11.027607
15.611312
18.722622
10.347748
3.268774
-31.455639
-14.271979
-4.943604
-23.590912
-12.958732
-24.183765
-20.039824
1.835723
-7.967760
-12.271795
-13.395980
20.533443
38.570709
1.764598
4.524003
13.140107
16.384174
27.796244
-27.952473
12.359718
-1.244597
26.860437
-23.484165
17.510696
4.952432
-0.256512
-16.702700
-6.479128
4.292187
-31.057671
-21.275772
-19.652668
-4.610313
-10.942815
2.029849
-24.441797
-11.144116
23.866295
-18.074747
-36.494820
-5.327964
-15.846106
6.211277
13.320642
-7.161451
26.640779
-36.531120
-2.772846
4.998091
5.679842
9.431974
-8.450271
-11.749030
13.872647
16.102987
0.985473
8.391646
-18.395760
-11.923174
-4.849395
-28.373857
-3.942182
-33.598629
-9.129081
25.351805
3.782972
13.343859
38.886154
-26.679970
-18.155441
-0.584724
22.113216
16.266159
16.743217
-2.284036
2.305262
-4.745372
24.545479
-21.929489
-23.492273
33.869915
-14.323897
-7.697878
17.696854
-10.421817
-24.754593
8.766151
-11.026926
6.448242
6.340116
-18.545805
-18.837271
1.670421
17.058546
-22.367352
14.381400
23.308996
32.861813
34.741573
-0.126142
11.380625
-10.006947
-12.915863
-24.016314
-3.388763
32.452782
20.609615
13.823659
8.055132
-1.389628
16.170006
25.818872
-11.447598
21.103418
2.644734
-12.268594
22.963264
-14.387749
-3.294035
11.981435
-2.594813
-10.789275
11.448098
0.410443
-13.914063
9.502594
-21.397224
26.629490
25.124016
-7.552211
-2.385367
-15.317019
-12.064208
24.824192
7.473909
-6.808026
-17.963676
12.226963
31.752516
-17.890877
-41.390442
7.549816
-17.264107
-21.923933
-10.969737
6.210849
5.178540
-40.617504
-10.138061
-4.902812
16.092964
-22.686691
0.094125
37.709072
18.451395
-18.758947
-1.903834
-3.980079
21.757915
0.121600
12.468768
20.417820
-12.957419
3.068636
36.691441
-24.201857
-19.227810
-32.329449
-29.344070
29.397869
-15.286393
27.350536
12.533965
35.267757
-27.608017
-11.524098
-2.488461
19.771698
8.781627
-17.619276
-22.112803
8.056579
10.925088
30.935152
6.005645
10.428914
39.722565
21.922926
16.197691
-33.865604
5.842168
-30.833809
6.576307
-8.345379
3.024708
-27.609661
-0.213539
18.330481
-21.186911
-5.742090
-3.812407
6.170799
31.561220
2.235248
-11.411322
14.643952
-11.403344
0.566084
22.811102
-39.643997
16.364782
26.290180
13.972018
10.287906
18.317574
15.622312
1.217740
18.869900
11.571390
-2.592680
13.720866
5.196380
-17.127604
-14.396355
37.802334
-16.385807
8.210336
14.881575
23.422068
-19.051218
20.991699
1.469828
33.392288
-34.142258
-3.153847
17.476265
-2.673388
-7.923789
-17.034958
-22.548258
-29.436121
29.961586
-4.838209
0.506391
-15.329440
-4.196744
-7.440271
-15.857894
-26.230061
9.701445
13.860698
6.351986
-26.409893
-19.059633
-17.938953
-25.568977
-0.398413
17.178226
12.947983
9.407367
6.601595
-16.717012
24.328371
8.370721
-8.421248
2.967357
-34.039921
-16.513517
-28.410849
-29.598564
5.641357
-29.869230
-20.339989
-7.408944
6.165524
-26.913919
-11.699947
-3.060810
22.957180
-22.695158
4.272704
-15.120028
11.004465
9.018419
-21.736063
21.701504
0.053825
-10.687953
0.307396
-6.268426
-5.076550
4.898040
-11.409967
37.505196
2.080981
7.518423
13.066365
25.904400
3.351795
-14.169695
-21.093243
-10.316897
4.993606
-5.136993
-2.296245
-36.197777
22.611906
12.486577
-7.841367
11.051490
-21.249155
-12.373075
-11.295198
15.817517
9.106398
-18.506645
-16.288561
-32.783997
12.867115
21.749414
-22.319004
-16.249176
12.873954
-14.563821
-12.105719
-15.425863
12.152416
9.227882
-22.220213
-2.613400
-22.920221
-17.003002
-3.171757
-7.451093
26.768875
35.287067
5.164023
33.221699
-15.809086
26.714954
-31.925615
16.351828
-4.637055
-11.241803
-4.169178
-24.576511
29.851847
14.241243
-10.780317
-1.217209
43.695282
8.033231
-7.393271
21.789038
-13.626486
-0.008241
31.725510
-5.904995
5.265429
9.531544
3.503960
11.134444
0.069170
-9.058066
-22.125084
3.501651
2.139334
-26.696953
12.049623
-2.167740
-7.929271
3.004009
-13.390095
-2.678069
-18.394886
-18.470795
5.637591
32.242165
13.477985
15.782291
16.627663
-1.658759
-20.659109
4.874814
30.310663
-11.268124
-13.497559
22.213940
-21.915215
13.206758
12.792001
20.264311
19.752090
-20.054552
4.509302
-13.157423
20.976688
3.671727
-20.168831
32.328873
22.997290
34.920769
24.169952
-23.817141
10.952895
18.938358
22.111273
-29.137733
16.098495
-24.721796
-25.130680
4.501354
28.133011
16.938164
-1.059702
5.970340
15.300875
-14.745005
-24.974464
-11.957654
-25.194901
-0.360522
17.459930
-19.322876
12.422076
13.811025
-7.205098
1.628786
15.641418
-7.687947
13.287835
9.899705
19.725771
11.375633
8.561403
-22.519405
7.936913
-20.542646
20.684179
-28.053616
18.578993
-11.647667
-0.134784
-11.449486
-19.575655
27.453596
22.612118
23.321621
9.944928
-20.495611
15.440939
5.669060
22.315199
-26.481857
-2.930820
13.155457
-32.831959
3.992270
28.282257
17.288082
-4.358126
26.532459
2.865870
37.209660
-40.640507
-29.019007
4.407372
26.193306
-26.817839
11.458133
13.123198
-4.143969
23.514486
-19.295275
16.253380
26.501549
-17.815176
-23.449518
37.930859
-34.457455
-1.969260
41.099369
32.433117
-3.195346
13.197923
18.473192
26.543550
4.759892
33.471943
-21.189224
-9.013366
-14.847507
-7.256545
-20.426958
-3.259686
-5.203249
32.166962
13.009838
15.320776
33.705975
-16.471157
10.087607
25.721613
11.411505
2.449504
-4.722130
2.381088
11.178298
-9.239232
23.513811
1.887816
9.754642
27.543768
11.611306
14.151607
-33.532177
-7.978292
-7.020205
-10.642521
-6.493088
-21.864342
9.654054
26.445370
7.498611
30.817015
-8.320406
28.935854
-35.970287
13.865597
4.905504
-28.718824
39.191776
-20.483776
-11.912136
-21.441696
-13.823674
-22.316212
28.771191
18.484671
-27.952286
-10.824616
5.122973
27.311117
-14.910017
-2.198602
-29.137417
-19.851576
-18.879416
-10.464793
3.211995
3.086900
-4.805030
12.779995
3.853028
0.990436
18.913588
23.733513
8.918769
-30.060713
28.035172
-10.566045
-35.520584
23.425531
11.440708
-3.639042
22.611572
27.276297
-19.655256
11.433097
-16.685188
28.495327
-28.023451
9.581891
-26.528013
-16.304764
-24.610044
-29.078465
-25.225904
9.188819
33.940334
-22.537903
8.794456
-13.406540
-21.064804
-8.144970
15.865424
-30.302965
11.945602
12.785668
-27.159761
21.604490
38.865868
28.263044
-2.566539
2.436674
-6.571953
8.887708
22.043253
-1.741512
15.676490
1.118237
11.008913
-4.395766
20.585266
21.942533
6.311857
-31.242001
-19.371473
-31.389893
-30.652430
7.975269
-19.081118
13.401397
1.352732
25.880043
-30.089085
-1.056617
17.011465
-13.608533
13.573353
22.367672
12.720163
7.487150
5.106068
14.598800
-16.065273
11.484277
-7.462533
-12.506950
-19.132162
-1.424869
-29.642519
23.637028
-27.752193
-13.341788
-12.475665
4.932898
-13.061026
-10.358297
-23.681782
-25.732368
-12.483189
-0.583113
-47.067097
27.107914
-25.533436
9.364607
15.499052
-9.508154
13.684552
-28.128679
-15.454478
-27.907600
19.244762
7.863668
30.572985
-0.553866
35.293503
27.212107
-13.724239
-4.753246
-9.721896
16.667099
20.369757
-13.554296
41.078102
13.721582
5.235056
17.689972
-43.994560
5.884665
6.460282
7.052085
-5.406621
4.543854
23.755741
24.173830
-3.038398
15.200242
-17.877068
-33.270130
17.453459
-3.168993
-0.260548
19.653328
31.183558
9.917445
-11.564500
12.376494
20.077114
8.121973
-20.873556
-21.959503
-1.458195
-3.213781
31.657673
21.070597
23.392210
-28.542229
27.169806
15.770061
7.662988
-4.908704
4.155470
22.649479
-1.321226
11.885886
-36.018848
2.167388
-5.838470
-23.510303
28.233988
10.042437
-16.743158
-26.121607
27.576414
-8.573141
-2.430990
-15.242879
-29.481880
-36.745575
-23.413834
20.159967
-5.953276
-5.825966
-19.966856
-11.565042
13.400338
18.214252
-2.376054
14.981997
-3.533256
-16.994738
8.221457
6.269343
-1.988085
16.959126
-27.300200
-34.214664
12.802184
11.315315
-3.758307
-13.390398
-21.626299
9.174647
-30.651739
6.931243
-18.540174
22.579069
-23.739557
-2.808126
21.310495
10.108258
14.838017
-0.123993
-11.245269
5.950253
-0.256386
-20.877985
-11.378913
28.706406
22.546904
-17.617956
1.846533
21.998947
-6.601748
22.571674
-0.161994
18.213432
-7.288013
17.310875
-8.537091
-16.809374
11.227454
-18.050800
18.395550
-33.428757
22.385162
-10.907601
-2.197551
13.264344
0.608997
15.538667
26.288622
-31.107658
-33.663376
14.342774
32.085239
-6.915495
10.657647
-6.227597
-18.783283
7.004183
-24.933149
23.711063
19.704245
-2.270726
1.690481
-4.399258
12.560527
33.490349
-17.572693
22.057556
25.973976
-26.724873
-5.883943
-8.334706
13.688354
-33.534771
-25.761990
-7.955530
-1.921938
-4.472019
-25.225092
1.436824
-22.616989
3.347800
-15.654173
6.495401
-0.909165
19.427517
18.136663
2.120968
-12.968348
-13.777958
-19.150658
1.657904
6.859826
21.772512
10.938650
-2.412787
-3.342755
-5.538146
20.425295
-5.328554
-7.250113
-8.636855
-20.285009
20.369099
25.293114
-10.920896
-22.115681
-15.448223
-22.109398
-24.015509
18.157377
-26.648609
-0.420615
27.984943
22.548128
5.024335
-20.433945
-19.592802
25.350639
-15.071182
-1.927707
-16.072336
6.276244
4.961081
-7.083657
-16.284046
12.027469
-23.455336
-25.115009
-29.105145
-7.053028
-20.814978
-16.336081
20.774799
-22.976315
-7.212187
-19.135092
-17.080315
13.596512
-18.528896
-12.115514
22.733664
-12.804781
18.517906
-20.183012
-5.672400
17.765110
-8.352752
-31.114006
7.368040
-18.429111
24.720222
-21.813318
28.004795
12.283901
18.649836
-3.970872
-17.311268
-3.703603
15.065586
14.505569
-1.702956
7.316288
9.248479
-35.825829
20.837965
-21.033848
-0.424149
1.944991
-15.325578
14.276468
21.450651
-13.605428
-34.926960
-4.209367
-26.500353
33.557377
-1.357323
-20.246346
-1.771067
-1.441412
9.205490
-11.337189
-4.022006
7.246020
15.157769
36.253899
4.557190
-16.965725
13.674339
-28.163414
-11.106457
-14.422685
25.239826
-12.197611
8.383407
-2.520703
-7.578999
-24.786604
-5.727804
-34.428204
24.994781
13.355362
14.656406
30.539757
-28.036411
-28.037430
33.186806
1.928448
11.469632
-10.624413
18.382721
13.595016
-6.212272
4.581683
13.436517
-19.304377
-10.427861
2.668691
-29.315121
-14.367955
-33.967522
20.856323
-18.760544
-23.837778
22.265125
27.859034
-18.979095
28.122061
-2.649325
-5.658402
-20.216961
-9.570896
-17.082052
12.365163
9.434115
-22.116385
26.765484
14.360291
32.697556
17.835335
-16.800303
-22.442722
-4.967147
3.436005
-22.039484
0.410510
2.924740
18.150320
-8.232102
-15.420006
8.776049
15.004961
17.108681
-12.369640
-34.063950
28.110880
19.450235
-37.374699
29.281225
7.293925
9.667540
2.495995
24.617254
-13.582222
-26.765656
-18.418646
-14.364844
-0.682355
6.095853
21.352877
16.387539
3.978297
34.112129
-23.290037
-1.131972
-14.559621
-25.437958
20.179342
-25.730982
8.537258
15.196679
27.308556
-29.940912
11.117050
-10.580688
-13.907026
-19.480940
-30.318174
-23.821112
-13.914959
8.846403
-38.858028
14.419742
-0.650022
-11.718822
1.572433
1.580238
-1.569760
-21.289032
-6.575747
-3.935877
-36.906448
-3.348331
8.844047
-4.822851
34.628704
3.272174
4.041433
19.845592
9.427814
2.446243
-0.687619
-8.987443
22.731451
21.765497
15.887049
-14.606088
18.833506
16.541508
-0.328537
-28.698898
36.520294
-7.871690
16.455490
-30.334991
37.568447
-24.525023
16.871597
13.537652
23.224350
-12.327357
-22.270786
-11.271813
-0.236213
-30.499025
-10.154548
15.149387
-35.144238
8.400551
4.187764
-10.631509
-6.698621
16.103409
21.000141
-13.334408
-10.525386
-26.604490
24.605909
3.100458
-6.006192
-10.756587
9.452414
-27.378679
-12.730194
6.372354
-12.056333
-26.237663
-17.437134
-10.537492
23.289433
6.614942
19.603334
29.844189
-25.477833
16.903982
20.785057
6.401885
31.376289
-21.224953
-23.109661
2.065408
10.195157
-14.327648
-20.329233
13.125125
-7.264656
16.939379
-8.398275
-17.100922
4.622931
-17.977789
6.661162
-39.066807
-35.569241
6.389790
-35.955227
-22.546072
13.312834
11.640567
17.977354
14.632575
-24.111904
27.519920
-13.668314
-14.064561
5.442142
4.044265
8.749640
6.673159
-0.143163
28.510332
-3.620000
-11.744035
-13.684565
-37.964348
-12.865849
4.092324
18.096304
-11.478822
-16.083319
-12.141416
9.382200
19.634123
-1.122115
-21.946957
-10.356580
-12.966242
-6.502447
-7.050488
-44.050129
-0.055811
-0.336435
23.270535
-7.263925
1.397805
6.298274
-20.518494
7.628123
39.276157
4.867035
-7.810954
-5.292615
-6.204681
17.420300
19.139284
-10.516243
18.431475
22.679695
-9.291645
-2.884607
6.636122
27.538816
-20.011168
-8.423944
7.808024
-7.882917
2.383990
-4.077699
12.527024
17.255608
20.778542
-1.915946
-24.730358
-2.373939
8.700538
1.433762
-18.492943
-15.374348
14.077518
-2.274038
-7.327280
-31.580723
25.877077
-22.021931
17.930044
17.358414
-22.844526
-20.910301
25.027515
-1.401033
2.188085
-25.608063
11.911804
5.886303
6.873459
-24.724054
-18.666609
-13.123013
16.950647
-11.287655
-23.676514
-13.441539
0.712045
19.314451
-4.701781
-17.063639
21.767471
-5.442172
21.443996
22.458662
21.900618
-9.961412
3.440379
-27.042992
-19.703588
12.922028
-31.329679
-5.036033
13.835788
3.012189
20.115215
-11.829848
2.839101
6.141475
17.492455
-0.160094
19.611197
-24.631968
-23.142084
1.652421
-46.201046
-37.117241
30.328945
-13.817706
-30.866556
-18.704424
-24.843685
-16.560400
12.327970
14.599399
17.982683
-29.708706
5.694546
-10.961952
-0.879824
-13.643748
6.637566
-24.554535
9.971429
5.507373
6.361672
10.757405
20.432343
24.343040
3.954839
-19.865685
6.378005
-27.511946
-18.401573
-5.434119
12.669274
9.282029
3.899861
27.917364
-45.799732
-15.750054
3.266297
24.508627
-2.555073
-15.236650
-12.258759
12.549450
-8.077871
-16.874830
6.402593
-13.837376
-32.590549
-8.170351
-25.038364
-16.172588
0.168865
15.485490
29.213923
34.146408
-12.304433
14.602020
26.803635
-30.063816
11.605116
-54.595097
-24.375957
7.735020
-25.956575
26.971855
11.472507
17.294981
-10.591000
-28.835884
19.721687
17.783607
11.492561
-9.012360
-18.717213
-14.432508
32.996746
3.539293
-13.056656
30.018709
0.838232
-2.100156
16.524942
7.990202
9.959773
23.068491
-33.073277
-21.249071
-2.058156
-21.192787
-8.444763
-27.336792
-19.122250
-8.600110
25.910557
17.422363
-23.457932
-29.992134
17.216736
1.544622
29.137793
27.431540
-10.297067
-40.073730
-29.811605
-13.834261
8.799599
18.750504
-26.493532
13.455158
7.354197
24.433966
25.431622
13.117123
-20.245712
-8.291140
2.983410
18.988201
-15.064929
18.434336
17.098324
-6.325439
-11.159497
-13.978124
6.693170
-0.099146
-7.754795
-18.332626
-4.475380
14.201393
29.582907
-6.116771
17.174734
-22.191063
11.425755
-2.084310
-16.514549
21.371145
-21.593176
6.847238
0.537027
-2.175626
-14.736425
-13.365094
22.176458
-5.227048
-16.894524
-20.382603
14.279020
-8.904708
1.102739
-15.571785
8.855972
-16.567596
-3.891649
-2.593743
-22.553896
10.384004
23.119078
-10.820887
8.623888
-30.559765
-2.039302
-5.621065
12.908079
-11.564843
0.836145
6.941720
9.271810
7.126027
0.528303
-21.489656
13.385726
-1.287343
2.289412
-4.274481
-27.649597
15.038204
-27.042831
5.029755
-5.134196
-8.882907
29.073305
16.675007
-18.601051
7.853736
10.038365
16.531204
-20.801697
-7.735129
6.829271
11.757783
-21.350819
23.615402
-14.373335
8.551662
10.446162
-23.684820
-12.756495
1.831763
36.734402
-17.184006
11.309601
-16.679714
10.798677
-1.457144
14.610556
18.988750
-18.904400
-23.803699
12.171078
-15.947920
-6.306956
21.049580
-24.107786
-19.476660
1.752259
-2.397724
-25.351404
-19.356628
-2.540651
-18.808128
36.929409
-10.370200
-2.439354
-3.395629
-23.886993
8.228881
-3.177256
-14.478623
-11.352321
-43.379204
4.453221
-4.914168
1.506888
-8.753898
-9.810720
-1.406000
-28.871073
-17.304197
2.348206
27.934708
22.455030
-10.255028
-35.433167
22.560204
-15.945333
12.249304
20.584475
21.088522
5.487066
16.371431
-19.299778
-28.282536
28.506861
9.828293
-9.710440
11.121541
-1.093054
14.183963
8.091125
-33.460548
-11.776361
9.622067
-28.788383
23.232056
4.142191
19.688869
12.918093
-18.916203
-12.298888
5.147824
0.028211
-10.149303
-3.205683
-20.978668
-26.962252
-2.186470
-5.077222
-12.428020
-7.679013
-1.620674
1.339605
-20.947210
31.220186
-11.099092
-15.169122
-5.878061
13.746451
9.512926
31.919308
21.676159
12.018327
15.995519
1.636670
-31.483444
12.586941
18.585064
20.977591
5.487286
11.437418
7.440301
4.426541
7.893228
34.089909
-0.306004
37.909271
31.478481
18.951929
-21.827637
5.822347
0.502568
-16.120234
-26.484982
-22.253635
-13.485290
-18.248846
-31.559708
-11.087368
-17.922087
-24.800013
39.837120
-21.706079
3.858896
7.899836
24.963013
-21.820917
-5.128861
-22.866034
24.355747
-19.593376
3.412196
-24.397339
-7.334496
7.964558
17.410696
-19.589443
-4.190439
24.546049
18.159864
-5.951033
15.254039
23.658722
12.063333
-12.598687
-13.782454
-11.124566
-42.635780
14.045296
0.896454
31.226486
-6.843583
25.185017
13.664967
15.531283
8.967942
30.447601
-9.026487
-9.579413
25.966221
5.119164
4.253735
-15.233941
-3.532061
0.397928
-15.032426
-22.495308
26.488125
1.308521
-17.081640
23.547770
16.094942
-32.195633
3.750846
11.582675
6.104986
-22.871065
26.215996
-8.525543
-13.654222
16.631866
-2.164740
-26.279104
6.473268
9.115541
14.301548
-14.842370
-5.873052
25.437899
-17.184544
-25.882710
-9.451534
31.438982
-14.624980
10.018644
17.174685
-3.476455
-26.050133
-16.533045
10.659312
-17.844301
5.345914
0.001919
-5.130495
-18.870478
1.810909
10.009422
-35.449177
26.838049
-16.766119
30.147028
15.344093
5.223402
-10.742533
-23.296820
-10.858158
-17.539829
-16.451761
11.377230
-18.255993
-11.302238
17.466022
11.271646
1.751097
1.845651
8.797383
-13.503457
8.822940
-18.139393
-0.063572
17.850904
2.264202
-32.236637
14.911029
-30.578955
-35.778698
10.950302
-24.839369
3.863459
-9.680689
-19.781225
23.327459
-7.960744
17.821333
17.675547
-46.109837
18.973827
-7.524268
26.428724
-17.557795
6.314990
14.695664
-18.053255
-18.894892
-25.561703
-9.780062
-31.373196
-13.791414
9.276838
15.459769
18.633280
-14.469543
-2.640083
1.860294
24.738010
30.856766
-7.456487
-13.387598
-22.871403
-39.676567
25.620564
11.685905
1.336753
4.831808
-11.915448
42.407990
-21.428791
-16.157061
-20.400686
1.663008
-33.776142
18.938240
-6.622204
-30.530666
-17.147470
7.757903
-7.645451
-37.176052
4.394869
2.646553
-27.408104
-6.186850
-6.139069
7.251696
24.193375
-28.929996
8.991084
-4.219151
-16.407234
-29.367720
25.546677
21.484167
-2.886744
1.249797
30.666149
29.374062
4.222557
22.934385
-2.172032
-15.618369
-9.530017
8.171015
17.057871
4.962035
-16.273741
-11.818793
-7.989603
2.465516
9.947129
-12.305527
-10.374323
5.223163
20.507603
-5.987425
-1.188290
13.612919
20.850761
12.524289
8.479169
6.838652
-5.231808
-15.267303
-27.896618
0.849078
-14.834637
24.080896
-3.221316
21.288336
18.551424
25.346914
38.792576
20.043951
4.680004
7.707386
-5.934692
-12.826420
0.336016
-7.534910
-13.310658
-7.802096
2.099754
-11.784454
-17.045094
-23.607368
8.831353
-11.381146
-19.442755
-7.630363
-2.930689
19.012207
-31.457520
3.526696
17.893135
32.737991
-25.499895
25.588034
-11.961702
-17.157679
-1.668427
15.580021
-10.869592
-0.075995
16.952278
-23.000607
3.709770
22.885517
19.622337
-28.964613
-3.065660
-0.243943
18.809612
-2.268811
3.882293
8.468534
-27.799772
-23.696564
8.007132
4.093855
-27.757732
17.409332
-16.504669
17.188538
8.406291
2.381276
-6.449236
20.763836
16.814651
36.251743
-13.203794
-16.040329
-16.784723
-19.267607
17.082052
-24.794508
-9.375585
-21.708376
5.064413
9.994627
-8.404983
8.099256
13.454592
15.531734
19.631155
18.658968
-14.765579
41.522572
14.658321
17.556330
-20.597792
9.839281
-14.875703
-20.083534
10.777095
-3.424332
-12.229336
-12.357813
1.661354
-2.752560
19.549314
2.233523
0.014646
-4.417776
-36.075260
-4.693404
13.161942
15.672582
23.374060
-5.724422
5.215819
8.365306
2.639802
21.201359
35.771782
-29.924500
-18.398275
12.968040
-15.321565
5.767753
-26.956398
26.178200
10.502397
-25.912958
18.655331
12.983994
5.909472
10.237088
-10.760386
-5.942550
-17.221474
27.736528
-20.926136
-0.978875
12.175549
5.439080
8.539569
8.735037
15.297008
19.156366
-37.590691
30.807646
-8.500268
13.618211
-2.070296
4.562879
27.314579
33.544369
-4.020947
16.539042
19.076321
-35.832462
3.086350
-11.491859
-11.649195
-6.469794
13.868374
1.529546
-18.026455
-6.504288
-30.459295
1.145902
-5.777839
-9.145465
4.226532
25.588646
-21.845894
28.558720
16.715372
-22.611431
16.926800
-31.469093
29.329515
31.897345
-13.351272
-19.867945
-20.766504
8.423562
-21.720881
-22.156935
-32.681305
15.616904
17.407011
-22.558947
-8.908710
-24.611422
23.659527
10.854224
26.081949
12.044868
-5.729597
-21.717773
-4.914081
-9.895897
11.651900
0.131277
-8.860278
-20.599028
-6.996992
-9.157866
6.229375
17.407143
-10.188932
-14.457738
9.296511
14.090149
-30.094933
-27.578392
0.137294
15.034166
24.757126
35.227371
-7.009361
-7.799772
-0.063221
8.193039
20.112724
20.843050
-21.764502
-1.982645
-32.318836
-7.332679
16.972471
21.888901
-18.984793
12.579290
-7.354405
-17.042936
-12.820424
14.072242
14.783768
7.314540
28.509344
7.369432
-15.206503
-3.225912
4.128116
-29.014463
26.158766
-7.747390
24.092804
1.140072
16.464182
-3.913491
-17.186226
-22.346237
-33.809902
1.514399
28.715870
20.914787
6.218222
22.089748
-8.836204
33.271221
-17.012636
17.129333
6.412285
29.492657
18.601788
25.002729
-28.347151
24.154709
-4.251874
-33.362667
13.455981
-0.406379
-16.779728
8.514052
0.440559
7.051873
6.743585
12.665243
26.370350
4.748647
-6.082738
34.821838
35.640194
16.795042
6.586934
-11.247470
-15.347197
-9.604136
23.225794
19.095854
-9.747233
-20.993843
-0.686000
13.453202
30.409666
-23.976278
-25.081877
-0.599835
-26.906567
-30.136753
-19.312548
37.915909
21.914715
-25.592367
-12.810679
18.632053
19.322790
-30.392801
-1.843164
23.258526
-16.908245
-37.164570
-16.760420
15.781231
-23.517387
32.437805
0.735535
1.978284
-8.428213
-31.277870
19.915693
-8.398742
17.652884
12.706474
15.703828
9.142997
27.198042
28.552126
-23.526670
11.804892
11.686830
-8.868686
17.880619
10.841426
-11.274795
20.874907
-2.596656
36.038574
-13.774871
24.124161
6.835608
-4.543176
-9.235655
-34.506725
-27.135366
27.235895
29.842587
26.368414
-9.839592
-5.261185
-3.753061
18.966326
-5.781777
26.924500
13.118917
-1.073017
2.996647
15.031656
-25.151466
16.126404
-7.976088
30.225515
-14.401906
-18.229721
11.879071
-19.807791
-4.808520
-5.895252
8.566832
-0.818955
-26.337347
-30.628103
-17.834044
20.469955
-19.208202
-16.227625
30.396780
31.605928
-3.498426
-14.547526
-17.880693
21.401596
3.424795
14.785976
-25.902538
8.448944
-14.048421
-13.744691
-7.042409
6.603089
-4.704967
-27.897392
18.771656
-11.472436
24.605675
21.231188
-7.933067
-31.750347
41.116936
-13.654930
-18.772272
-23.181662
4.540926
11.231173
30.170012
13.154133
10.195560
-3.270812
0.143432
-9.273215
-4.593863
1.857690
7.194419
7.562544
-0.191440
-12.710897
-14.707889
-15.485489
2.467378
-3.158930
-4.403405
16.955027
24.538540
-24.614290
13.834389
7.890773
20.407257
-16.308670
15.656525
-32.404102
-18.311817
8.371074
25.762081
6.351295
25.421997
-40.967625
-26.579710
-26.894953
-15.828307
-23.600754
3.693344
15.795759
-31.256828
3.994305
-8.750612
-22.939577
-21.303267
-22.000454
14.102494
-23.878843
-42.141792
-18.039368
-7.006745
-26.804516
16.000174
26.642578
12.403001
-20.856321
14.911435
-31.177103
21.861685
6.714527
-6.688968
-5.063858
22.696165
-24.684238
-9.200484
-13.566657
-28.179356
12.202394
-12.162212
13.705341
-21.568993
-30.141035
5.840641
-16.220116
-11.300869
-22.958466
29.487801
19.787025
-23.103140
-24.221075
8.671303
17.685406
25.470289
1.524688
8.338966
24.868979
11.638631
34.810982
12.388034
4.068772
9.567872
12.225980
3.782100
31.793688
4.626261
0.368229
14.091038
-18.718023
32.555061
-14.548076
-25.140219
12.091096
37.136002
-11.955749
3.142895
-1.189651
23.393793
-5.213665
2.639114
23.056734
-19.592785
1.661989
4.216430
26.834515
10.419040
-13.058445
9.620914
24.299772
14.722983
14.165466
17.965469
-5.874357
13.131384
24.017023
21.839270
5.624599
3.517831
-27.835474
25.128254
-28.130497
13.559507
0.056901
14.194268
9.966401
17.024151
23.805693
12.014311
-5.256427
-5.768984
-40.995049
7.579490
5.505044
-19.363770
-16.200979
10.256145
9.080221
3.999930
7.457934
-2.768234
-15.194671
-4.001829
-16.279234
30.628538
0.503166
-14.401003
10.785728
3.457339
-15.879523
-3.599900
-2.120078
-8.205554
-34.623096
-14.497253
18.126263
-24.276566
-21.940832
-3.220000
-10.062424
-16.907560
19.144102
19.671099
3.243414
21.500429
7.994177
3.103378
-23.519413
-28.593784
-25.374247
-13.361469
23.586716
15.171922
-16.182329
-39.265717
26.481827
-22.262390
34.049728
6.674819
-12.596660
-17.819481
-13.386200
2.801369
-6.527056
-13.638759
16.801689
18.905508
7.150901
6.922393
10.882288
22.120012
18.955133
-28.197876
-15.757464
-4.899760
-5.767701
-10.338146
-5.890832
1.512111
20.682144
1.108371
-7.851629
33.843861
27.120922
22.286594
25.491789
-2.649327
-5.153206
-38.754852
-7.339257
-7.355995
1.219684
24.577833
15.319121
-2.738867
4.336370
8.285499
-10.827650
-21.076654
11.669479
-27.187038
1.600047
17.910635
1.286279
-21.740620
16.478176
20.368872
-1.079955
6.001743
-6.366269
16.670021
19.961708
-24.380939
-2.155248
8.790603
16.506865
-7.251963
5.841980
17.987637
5.687880
13.687718
13.030408
12.517125
-19.710829
25.452286
14.857509
-4.053537
-11.780989
-7.863833
14.349721
-13.278337
-14.185940
7.460314
18.411184
-3.725804
-13.675148
-39.024860
-1.195072
21.952740
25.419189
16.979521
16.841290
-0.828914
2.913337
-10.484928
24.710682
6.958320
11.331954
26.420765
-33.552753
-32.589897
-29.169649
-19.630426
-24.022228
12.040450
-11.955954
7.985573
20.987494
-10.021000
-28.880342
-19.739187
28.844337
17.551682
-18.840166
-23.683254
-20.418644
-8.962922
8.894012
13.849462
-28.561888
-11.231584
-11.551727
2.302899
-17.236769
-19.395063
-3.427387
42.427769
-9.954692
3.774869
-3.786802
-12.270144
12.304717
35.250565
-23.471523
-16.063765
-12.512630
-1.903765
19.152073
-10.218072
-14.270759
3.753276
11.704168
-15.937822
-16.947689
-8.959994
7.433839
15.490440
17.854151
-33.285397
29.171412
-24.757391
-25.764902
7.095144
-6.429392
26.793337
-11.781590
-15.712898
-6.713360
-3.588928
13.915027
-31.787031
15.139922
12.338143
-17.964148
-22.841915
-24.264038
9.443787
9.446318
-12.966908
-9.843931
18.880325
-7.668890
19.719709
-5.626028
5.989761
-2.967476
12.156514
-3.991724
19.256639
-16.857964
17.880638
-26.260847
25.003336
34.045456
-28.506077
-9.693362
31.623442
-5.205479
-21.195738
30.567905
-3.154180
-18.828314
7.400291
-6.243509
-6.434628
-25.071503
3.353129
-3.588356
36.076023
1.560145
-11.043582
0.319210
34.374180
17.556797
-2.856977
8.854422
19.493437
-15.595592
-8.045004
13.573869
-11.862239
-24.788803
-6.279692
-1.376349
-27.729578
-13.056089
0.199741
14.459125
14.385194
-6.552445
20.949738
1.336114
-13.088563
-8.159358
-31.084841
9.263396
-28.860571
13.063407
30.683474
14.016389
-32.083939
36.825611
4.977685
24.907822
19.952702
6.715290
-5.253499
23.607952
23.997761
-21.358242
8.596502
-15.797821
-14.858080
14.814325
-24.800419
0.037578
-0.662277
23.007879
-15.013684
26.433834
-27.770929
-0.717977
12.317528
28.236719
38.087421
6.639069
-13.168251
19.403774
-0.718170
-11.022497
37.713711
-17.284651
-4.945144
-37.455173
-7.287487
12.863613
6.749998
-1.451694
8.894563
6.752514
-11.108527
-8.962444
31.895752
6.467264
2.429757
19.970680
9.817909
9.542075
-16.242035
-7.773841
-13.585755
3.530516
3.389698
4.190745
-10.574299
-15.934033
-19.966909
17.076681
-21.435581
19.510918
-11.087858
-26.048531
9.205258
33.092010
-27.743841
-6.536657
1.554367
-1.829257
1.816693
-0.843195
15.077265
-12.718329
19.484903
29.968410
28.563078
10.177822
18.532307
9.611772
-27.171255
-21.543978
27.557076
-34.655781
7.717726
-18.770317
8.172144
29.898859
1.040371
-1.420146
8.731049
-9.519417
-3.391412
-0.780285
-18.766090
-17.011156
7.327682
-5.491805
28.316519
-4.425576
15.374004
-39.494251
-27.474483
-18.636114
8.633602
17.240383
-21.727108
-20.705692
1.817655
14.844755
-7.258298
-14.139781
-19.919201
13.148687
12.812398
24.965504
1.699344
4.291250
3.579344
27.777971
15.042971
-23.800146
-22.690090
-7.950718
-28.090378
-16.532299
-1.329024
-23.353880
18.516977
-16.782356
4.166847
0.256383
-12.030965
-41.716930
2.583115
-21.508711
1.505968
-24.979671
-30.140942
-13.618900
4.863987
5.188485
5.623453
-19.172462
-8.878550
-3.921668
11.519288
-31.875818
-1.391781
11.597066
25.441624
35.518833
13.256783
9.163955
-31.822334
2.714249
15.815301
-12.912475
19.217665
-1.951636
-9.885218
22.807819
-11.570111
5.784637
-28.983528
-8.470619
-0.812863
0.438343
-10.601493
14.477789
-5.401709
14.457154
12.937524
28.019960
-4.000950
-13.514621
14.251119
-18.946175
-28.416950
-3.888027
-16.869415
3.708866
-18.298487
-22.419252
20.602198
-2.503730
-26.397337
-13.036798
-6.477735
17.563887
-19.747946
-7.525719
2.168126
41.056965
8.931995
-20.581202
19.261017
-22.418285
42.938755
19.618843
-12.343607
19.659039
-10.032425
-2.829685
0.907154
6.711946
-25.898516
-1.783668
5.962607
28.902206
-23.127417
39.207203
-4.761413
14.825650
28.324451
11.654473
6.483184
-2.397580
17.668013
33.042446
11.293935
-10.623034
-4.903125
-13.557735
10.532077
0.480453
29.764898
16.242750
-0.662801
0.938838
20.439020
-5.197270
28.317841
-5.805218
-18.628607
11.110145
3.741455
1.114405
26.664705
-13.548262
17.330814
-24.358591
-41.316589
-3.190342
-12.312116
25.117905
8.026455
22.786772
1.167592
-14.461413
-12.800645
20.132574
7.717009
9.886429
-35.802006
29.671793
12.164621
29.436754
27.167952
28.111221
-8.339254
-4.244044
3.648040
-22.402500
6.826716
24.647400
25.927965
-26.564930
16.995987
-6.292100
-13.002583
31.274490
8.129888
-23.550261
-26.142202
6.448715
-13.690131
-11.227029
27.079174
-32.265869
-9.745341
-6.724617
-40.840382
-9.125063
6.431615
-27.533346
10.972299
-27.662060
-3.737413
-0.395432
17.044119
2.046623
3.356855
-16.328335
-6.964707
11.999723
-20.461676
-34.281109
1.030640
-8.435665
-20.160805
-13.397688
-21.759390
-22.253506
-23.245327
-12.115107
-23.801962
-27.298901
12.512593
2.064065
8.563805
-0.150551
-18.278828
4.598114
21.952942
0.638779
4.747176
-13.795521
-14.729310
-20.523411
-18.441727
27.947557
-37.533768
-35.694992
18.323957
-17.476479
-23.513659
-17.048573
-24.282240
-17.083282
-22.235645
9.489998
21.217421
-12.017096
1.059983
25.605450
4.378228
-30.948168
19.704359
29.283701
-28.775276
8.171915
-15.585816
23.110998
15.170592
29.410435
29.846193
-40.276482
15.493181
8.200535
-1.835338
7.439889
-17.836479
30.394321
28.693274
-2.712516
6.324549
30.791534
-13.969042
-14.398035
8.543234
-27.404562
9.175784
26.629166
-1.862619
-13.960274
-11.296333
29.347368
-21.295750
32.027771
-0.568035
-12.200295
-4.352877
-39.940212
-2.322852
-9.025860
-5.809971
-4.387815
27.886625
-9.481956
9.357208
-9.853167
-22.229979
-37.710049
9.242366
-16.057936
-0.699834
5.315497
-9.291861
21.746798
-18.569246
-14.600291
-5.391549
-11.250483
29.133568
-0.540286
13.281327
-21.163227
8.016004
-27.926670
-14.154050
-18.852057
18.988237
-16.323868
-2.583683
17.953840
11.572310
-29.658880
28.877314
-37.913284
28.547186
-2.496544
-7.548796
16.720112
-8.451561
-7.840042
-3.408847
-3.765449
1.140392
18.293467
-11.768033
12.749946
-20.219597
20.915333
-8.021333
12.530127
-18.558054
16.461353
25.581701
25.700834
26.910955
8.777819
30.609653
17.949554
-12.346639
-26.453718
-15.891261
27.361847
-32.555729
-15.747794
20.312096
-23.872913
-25.873495
9.440553
2.391541
9.311011
-16.555346
-21.520298
-23.440117
-31.417933
8.497833
2.268275
18.275232
14.206450
-12.909315
0.044549
-18.533575
-22.308252
-19.007444
-1.940596
-24.915302
-20.365511
-21.758987
-5.448755
-15.266515
-27.399240
34.635902
35.713039
-17.078583
16.851212
21.184912
-29.086210
-2.254004
-19.936857
-15.643806
-27.506475
15.948624
-12.201846
5.668301
10.595221
-5.214841
-0.481271
17.771172
12.295704
7.104255
-37.803516
-20.723110
-1.191159
10.391592
-21.066040
36.023567
18.916849
-10.521448
2.649326
24.622789
-13.729717
27.985693
33.188934
37.933563
-1.656746
8.706940
20.961573
-14.887291
-2.599403
-21.769369
8.758739
2.095485
18.412022
10.181220
3.573465
-41.820206
-23.451941
-1.916936
-34.027859
-26.636343
-9.863458
24.998205
-6.332905
21.316082
-11.114893
-21.204069
-15.835983
18.890003
-7.646118
-17.744995
26.795103
24.583927
-37.757015
-25.440174
-3.927604
-2.997327
31.551813
-13.310113
14.960223
-19.549589
11.539128
11.229567
-6.515951
39.621033
-26.249260
7.797962
-25.065388
-23.768320
-12.024092
-3.883915
5.095722
7.016778
20.754660
13.220626
-14.563358
18.679277
10.223227
-16.147682
8.346653
-22.940599
13.830907
5.956125
-0.793191
-20.184078
30.136465
22.851517
27.469473
-6.918307
32.273613
-0.311147
-23.737194
12.078658
-16.381721
10.082158
-22.855665
-4.302086
12.698540
-17.237106
-23.668236
27.428421
-20.254623
-1.093893
-3.659666
28.975502
-30.430693
1.283190
-20.287104
25.062666
-31.717257
18.170820
0.573860
16.413376
-15.634011
-26.599150
-5.211410
-9.704628
-22.078852
-2.046857
5.040434
-1.426665
-33.190701
16.208519
-11.919203
-22.470446
-25.193947
6.358713
8.009151
-3.604271
-29.930683
9.490787
-2.725565
-4.035460
20.436203
3.300275
-19.410454
17.148811
-2.499136
8.505786
-5.786705
-3.686292
-4.101927
-16.990398
17.088831
-37.435684
29.347799
-14.156048
4.615391
8.968942
-10.944611
24.773735
-32.743710
-2.214622
-9.119879
16.696207
24.112247
-4.106345
-8.798582
-10.793044
-0.933630
-4.001535
12.854198
-5.382518
-22.362181
36.622505
33.217991
2.124278
34.380455
21.186722
32.502251
24.535746
-5.030565
10.556766
-14.883026
11.633774
14.242657
-17.995529
11.073051
9.268623
10.752289
-21.302711
-3.837760
-3.192916
12.533034
-23.782042
-42.192123
-22.544600
-2.452472
-17.692345
-0.255516
-16.636742
-3.565685
-13.471114
-4.342990
10.578191
20.390715
-14.097528
-21.025778
-3.792495
4.833810
11.733076
-5.409661
32.878857
-9.446836
-8.628057
-1.520221
11.084335
-10.599615
-13.071527
-6.026314
10.017718
-28.502535
4.803099
-2.671955
-31.867548
8.976385
-8.325308
-25.049015
10.182841
-8.682594
-22.261215
7.399787
6.166447
1.556452
27.901220
2.119166
14.966922
-15.333360
19.451775
11.305580
-9.519571
-40.169029
-14.205700
-29.554483
18.548319
-18.593334
36.045456
-19.111357
-20.751694
16.244602
9.555762
-22.738653
-2.091540
3.023489
10.144880
-15.591262
-37.830547
34.211063
25.240824
-30.936916
25.583675
6.628939
24.670609
6.450451
15.605027
5.362889
4.926683
27.049297
1.975601
-4.442940
4.464177
-27.907570
5.274107
-2.715819
-12.671116
11.901892
-7.749841
1.871555
27.991152
-21.096928
-17.274307
29.158098
-29.758814
15.086712
8.752649
-4.442024
-17.905352
31.894045
1.477251
-20.135859
36.386463
-18.671844
-18.577738
-11.107754
10.945149
15.794241
-1.732497
-5.997577
-16.034428
-14.356248
-7.794539
3.527987
-28.951080
-14.547863
-20.579422
-20.472589
22.748413
-27.364553
19.130501
-31.507954
-22.901812
-15.001230
8.179939
-2.591046
7.052945
-23.296219
14.999854
-17.135704
23.580570
-42.599312
25.645594
18.875872
20.352665
33.452164
4.585205
-27.039129
2.744148
-15.231405
18.280048
33.634304
40.067730
-19.976007
-0.495343
-15.948122
19.989515
-25.136524
-28.010860
14.636847
0.500573
30.870575
15.145451
-11.298081
-12.935397
-11.889593
17.798357
-19.874496
7.215872
6.151764
-33.569981
-27.964327
-16.466311
-22.816357
-24.730021
-28.543978
10.687219
-9.502473
-16.874811
-17.694393
29.376602
1.512555
9.182741
3.231208
1.527830
13.417553
11.185805
-12.864926
-19.304724
2.341934
-22.488817
-25.124128
-31.883091
-5.111473
19.297865
-28.302996
20.989027
-10.875789
-12.403714
7.679990
-15.548673
-3.107345
-5.941265
3.474294
-18.645378
-17.439968
-15.576943
-11.859728
2.497823
-16.417995
24.540186
13.013620
-6.867025
-15.517517
-13.940760
12.151976
5.677023
13.268071
18.923590
14.538488
18.363554
26.601242
-12.876764
16.626530
-14.353577
2.352006
-6.819120
32.353535
26.928957
12.780097
-8.438954
-22.119694
-36.563789
-0.967216
24.027353
3.223084
19.702213
31.781681
-17.937187
18.080744
-26.683262
-4.075982
-3.187122
22.185833
12.066381
2.205789
13.403889
-4.317636
-11.019817
2.591489
20.593369
-2.212846
11.207348
32.403313
-2.594841
-5.481774
20.842577
36.001999
11.705491
-37.828289
10.802196
2.240429
-16.201105
-6.071492
4.117765
-40.416569
22.457712
9.703811
11.614107
1.080170
28.476501
1.256888
25.995916
-28.735960
-3.849249
5.660449
26.239101
28.914017
8.358476
15.772852
-13.670157
-24.239809
-12.514977
7.213933
-1.106460
-29.120617
34.230415
-20.620773
8.962428
-30.034021
-3.293093
-11.152080
-0.116147
-17.424089
13.198806
-15.595450
-9.602031
1.131138
20.372892
-32.226288
-31.832047
9.883750
-14.536602
-14.993950
-22.565418
2.953506
4.983959
34.854660
10.851777
4.014183
-13.174268
-16.180811
-23.661303
14.978281
9.014380
3.904282
21.040823
1.002454
-16.366623
-22.009090
-31.685352
20.402632
15.095912
-17.051893
-5.782213
10.547147
-15.245756
22.014326
8.828918
-19.888987
29.028725
-21.658497
11.197780
9.133564
35.570126
-33.986149
15.752667
-8.783010
-20.540392
-3.757083
1.896409
-10.670890
-7.322018
8.606441
-19.969561
1.416175
9.605076
-12.787045
-3.790700
-25.088522
19.747215
-0.957800
0.452296
-19.453386
12.427737
-24.880306
1.310948
-9.288217
-24.850143
25.550756
22.596285
-13.858243
-8.762131
0.471183
10.347448
-1.471088
-16.196812
7.956435
7.753862
-18.858084
9.574880
-39.907757
-16.763557
5.831439
11.211464
-18.130495
-20.488062
-21.003513
1.628393
-5.658199
-30.936800
-20.198996
-1.717024
-28.674746
-12.956572
11.956661
23.426619
-22.704359
9.858934
-27.950510
8.500498
-1.357332
17.584715
-20.857058
-10.471015
-9.951290
15.628221
21.277267
8.767558
22.361008
-2.938840
30.509136
-25.610332
-13.432434
-20.823906
39.168877
11.192195
-4.539089
6.812318
12.143322
1.976129
24.082602
-3.703591
-19.070984
34.904984
21.009817
-4.164298
26.152567
23.614361
21.629166
-22.596519
-10.906095
-20.327974
0.080782
15.826448
-5.311336
-22.936481
30.859926
-26.010763
26.114662
9.504291
23.843323
19.826994
-12.845198
15.305530
-19.085932
-0.959471
-23.584892
-2.345943
16.795660
-13.509628
9.202121
-16.972944
-20.625111
20.519131
-27.676384
-18.561012
9.973188
31.806009
2.840525
21.130678
21.989033
9.726947
-16.926313
16.439049
2.803734
-0.596209
-13.577455
-20.044249
18.640574
15.103070
-8.961720
-42.705952
-34.799831
-9.186476
-39.377163
3.018450
14.441385
-10.513286
-21.555681
-8.156855
-7.484957
31.027580
-13.538651
-13.936097
-9.515447
-13.213509
24.332952
-8.227536
9.819072
24.094107
14.243423
-12.869629
-29.394350
-37.613388
15.068835
18.248671
-28.842022
38.903046
-11.362438
-4.070790
-3.887420
-16.625349
19.081581
-4.665686
-19.100790
-10.664610
-14.104863
21.213865
-8.911621
7.977169
15.540935
-12.038212
-21.805214
-2.853683
-27.695044
-4.557796
-1.376069
-34.631119
31.754663
9.487015
-5.200229
13.544448
-10.132877
-24.873682
-37.282257
24.588551
21.729540
-28.513865
7.458264
16.215282
10.565648
16.994774
26.296642
-4.536196
11.557568
18.763704
8.922036
29.856699
14.915310
-10.308607
-6.962982
17.839979
41.512264
-21.228859
-28.111567
-46.568134
16.588692
-5.198552
-19.043003
25.923029
-27.835075
28.713171
-29.588381
20.878099
-4.396957
-1.854131
-14.909369
-10.001030
12.674684
7.188589
38.720139
17.571802
20.331034
-38.628426
27.203768
-5.245652
-4.258629
19.420828
-5.553726
19.073915
25.150873
4.603924
2.953680
-13.051822
-19.017279
-2.406082
-26.473429
5.686001
-5.290240
0.237470
-14.391033
-0.707869
-23.328367
-15.182703
-37.882263
-5.489147
-26.361427
-12.585834
22.721024
28.915775
11.378508
-14.562960
-23.846741
-9.286974
23.977411
-11.802787
-15.718410
15.078725
15.243542
9.256193
24.429468
12.003875
15.169897
33.602600
-19.214308
-17.832396
-28.213501
-23.432146
21.990877
-30.908390
-26.714338
-19.858849
7.919680
-9.263368
-19.226686
11.810719
-20.385536
36.872005
2.040286
-1.470756
12.584206
16.999401
-6.726223
22.257996
-10.509585
-15.425096
25.209179
-3.593229
-5.023009
20.884956
-25.088409
-9.734818
24.703295
19.917198
-8.587916
13.028193
-10.933465
-20.316757
16.533453
18.253149
10.934501
-31.082142
-7.692483
-27.416887
11.124832
36.218887
-27.313007
-24.550182
27.517494
-2.515774
12.867249
-9.586970
9.173930
23.379143
-20.190344
-27.349922
-15.282244
-33.070850
25.104391
-19.869690
-12.498332
2.372590
-31.778816
23.960783
-7.779578
-1.653369
-31.440952
-22.557592
-0.779202
33.655819
14.503819
-16.566702
32.610027
45.682049
26.215540
-1.738478
-13.068851
18.013584
-25.014057
34.226028
-10.252806
1.184914
10.417683
22.714237
-10.187212
4.150690
7.892975
15.828123
-19.128590
-4.451196
16.524220
18.104448
8.384449
22.477228
-26.676180
-28.162325
-35.440067
9.550623
-19.967743
-11.110188
-2.242713
-18.593050
1.580872
-8.935715
-25.992998
13.203516
16.287485
-25.547276
-4.296547
3.388770
-28.029276
0.650341
-32.172855
-41.740360
-38.304821
11.972485
25.486742
33.240482
11.856164
-7.268936
-6.525480
5.576147
31.735449
21.729292
-12.035151
-3.327193
9.797102
5.790082
21.946175
1.883643
27.930359
-5.610950
8.726120
-5.949461
-26.650766
-16.847116
29.157507
-19.236012
-0.496158
-19.054193
12.465680
-5.329885
-7.114394
-10.470704
-21.343916
30.171227
20.226692
8.525229
-1.654575
7.648512
-2.885234
2.468500
11.367908
-10.748857
17.229538
-29.103928
3.773469
19.729288
-3.798727
-27.764111
9.284724
21.912285
-18.085016
-5.404876
-23.734871
-21.996622
-8.589644
-4.587648
-7.280862
-25.866121
21.187832
-4.765798
12.254183
-37.737198
36.810707
17.921494
-21.163765
-18.285872
26.680908
24.362953
13.157670
12.172137
-13.941030
27.215792
2.322794
-1.314845
-30.027733
-13.327140
-20.069305
24.693857
-7.969394
-11.441565
6.956062
-1.803296
-33.440788
-23.367651
-7.358754
2.862300
6.559648
-21.566019
-34.969170
-34.464439
-30.638992
3.815187
-32.701157
-10.474484
25.803635
-3.914543
-23.808905
17.755177
-33.978104
32.313797
17.633781
-0.269920
-6.798785
-1.021936
-23.103104
-5.561071
4.962274
22.746304
28.030294
-14.380464
11.580351
-2.847010
-26.665859
-10.245440
15.174131
-12.739223
18.878601
15.276090
-7.159697
18.048523
-23.665154
-22.321978
-3.256930
-1.572923
-19.936871
-13.994423
20.148157
-7.133089
22.324392
-0.051839
-39.652100
11.813182
5.466137
7.838299
8.879971
23.110769
18.635239
19.402805
12.344534
-0.700599
-3.796921
-24.354464
4.180725
14.959647
12.487597
29.653187
-12.371767
-18.625463
13.784595
-26.529856
-10.900276
-14.558543
-26.354799
-20.824768
36.720062
-8.269423
5.075758
25.318752
4.709128
-7.852237
-0.297654
-30.994976
13.365105
12.136397
16.700165
18.154774
13.586493
-5.168209
-29.058157
-40.235924
4.809834
23.882683
11.390471
18.164457
21.871786
5.861359
20.924452
31.552137
12.741921
21.777109
42.745991
-21.146887
-19.689409
8.808095
10.440998
-17.830204
6.533947
-20.236767
-10.537390
-11.345750
4.900173
29.228792
-11.483646
8.732258
34.017147
4.179394
-30.126402
10.615734
-22.019196
0.257064
29.660164
20.027475
37.622040
8.427057
-17.534479
-7.673752
-37.473701
-4.720090
22.699081
8.669029
-24.364017
-12.761810
12.405983
-26.014133
15.630462
-6.603689
23.619141
-15.807447
11.821639
-9.506198
26.088949
-20.199179
0.687316
27.963600
16.645559
10.313839
23.491920
-7.336948
-8.155528
-2.676694
-11.448622
-16.345060
-21.918695
7.803072
4.896865
-13.087178
-7.046494
-20.376074
1.830955
10.700892
5.398759
-10.180913
30.083813
15.489342
-42.799683
-10.239678
-5.099984
-11.941195
-23.566416
15.532866
20.451849
-31.117544
16.976194
-21.237356
29.074257
-28.294601
-31.419945
28.741608
0.422860
10.997775
-2.422052
8.109327
4.856387
0.845808
-22.922483
-15.171314
27.711781
26.081627
17.972378
-16.581232
-1.733047
18.345793
33.903183
-21.146828
-20.659664
-29.399675
-8.983689
7.966850
-1.610320
13.714836
18.685825
-12.922126
19.027464
-18.924814
-9.877641
3.728693
7.139391
13.993808
25.513140
1.287262
-10.235334
-5.314342
24.916027
-28.669107
6.386467
0.397474
-27.599852
-29.660480
18.810560
27.096350
10.448370
-13.622846
28.249779
-3.671356
-6.046461
41.231243
6.599701
10.218069
-27.152723
24.486540
-5.001379
-15.467392
10.077220
-28.829994
16.895592
-32.580750
18.506086
4.217833
-4.963338
-20.485159
35.362011
-16.773987
-15.537413
7.834002
19.175388
-18.352104
11.752397
18.736355
2.429278
-10.913166
22.811737
0.640886
17.538216
-28.410131
14.118223
-21.370144
-8.272875
0.217217
12.199864
17.109659
-15.633733
3.929075
13.310830
-7.296156
34.245483
-12.267995
22.101048
15.236649
-18.172434
-13.538065
-32.847599
-13.010962
-10.122079
18.718998
-3.701185
12.889861
21.241156
-14.529324
-21.267616
-4.850277
36.189106
-5.358181
-7.009470
-36.927219
-3.651554
10.534614
3.919392
-24.197313
-26.862944
-24.479996
-32.801907
4.638802
29.410536
27.627602
-12.887729
-24.587709
-24.748936
-6.687373
16.794279
-25.565769
21.113785
19.576540
8.253550
-4.846366
4.289266
30.035000
-17.171902
-2.115166
-34.813641
-41.300407
5.082191
4.606613
25.602463
4.975705
23.297535
-31.670424
14.676249
8.016840
-9.317148
-22.923088
-30.615696
-4.783868
-9.563968
-23.554493
17.149614
-23.471016
-22.269276
0.729822
25.570734
1.557593
13.647331
-11.736160
12.410242
2.448401
-1.605958
11.508060
-18.101963
-10.058940
-18.371235
-9.846461
-6.268578
17.000021
9.794325
-5.092908
-15.380737
23.230160
-28.645960
15.257137
1.728247
-25.184088
29.879896
8.868056
-21.805267
-40.164555
-21.754271
17.944439
-33.122566
25.477871
5.793439
23.873583
8.357663
10.242272
-21.108658
-39.286224
-18.425497
28.698080
-26.536486
5.269455
12.339995
19.534231
-31.349749
3.164961
-8.206504
18.592579
12.211677
26.438847
16.487217
14.062665
-31.115818
4.756651
-19.262629
-27.318573
-22.823116
-25.783518
14.170719
18.125637
-3.239812
-2.365244
-14.997537
24.996185
31.440752
6.360178
14.191464
1.398062
10.245832
8.200756
-19.908720
22.786518
31.265911
27.836525
21.697195
-11.894290
-19.106646
-25.295958
-18.217535
-17.094006
13.803794
-6.496836
-43.045441
-9.972292
15.857828
-14.262663
8.637796
-7.814580
-4.348097
-25.385159
-10.276347
-19.901258
-4.031404
17.450108
18.673580
18.676455
18.952456
13.207417
0.798626
-21.187607
8.688165
7.015181
23.744520
24.376844
-29.105175
16.611401
-27.103968
16.057497
26.152233
-19.100489
7.929786
2.487602
-4.473413
-1.091202
-6.740593
3.488180
-24.959934
25.908813
-25.808849
-15.737679
-4.217900
-42.470627
-6.181181
2.225275
14.874814
-18.022316
-12.718281
-8.822933
-25.828283
0.986893
7.908104
-21.879061
30.922157
-4.422378
11.998302
-15.374758
2.186159
-12.135990
-5.609341
-18.559275
-24.184122
-14.687120
-12.876307
17.680471
14.615365
-6.271156
-24.020100
-41.546417
-10.507510
-25.091888
13.134473
-5.768322
-11.012398
-8.160089
27.556829
-4.032301
13.796717
2.638800
-36.554581
10.356152
-4.211408
14.498844
14.352365
-2.558542
23.223261
27.575884
19.221960
0.813458
33.623055
21.040064
-0.825302
-8.716765
-20.946404
-11.150133
25.660837
-24.328814
29.025988
28.076303
21.708815
17.363173
32.548882
-24.048050
14.506959
-20.718391
15.933722
-15.572991
22.083105
-21.581835
25.117393
-17.620461
10.301971
-30.498241
-31.933210
3.805209
2.334410
-35.818569
2.109617
-11.339066
-9.728895
-12.298225
12.398901
11.098639
-3.601123
-20.238070
-3.124471
24.444157
-4.327716
14.556511
-19.485718
16.332012
-32.423019
20.162628
0.554270
-1.222280
14.561266
-19.911333
26.497669
12.496052
-6.086058
-12.541745
-30.021496
3.103367
-11.791260
-20.775574
-8.674746
8.458054
6.207836
-28.933010
6.834095
-0.247140
-15.575108
20.683384
18.754917
9.350730
18.348852
6.236415
-12.435842
7.606939
27.675737
6.658047
4.586750
-11.263236
12.426228
4.569115
12.981877
27.714651
19.592072
21.678144
1.353480
-17.776188
-26.232756
35.205959
19.741133
24.753048
-10.254673
28.393757
27.444494
27.470478
29.464836
-11.998542
28.547068
4.330340
-15.462400
12.600862
-25.434620
-2.707815
-16.783424
16.937975
6.351417
-2.377961
-30.563560
3.219937
-13.404367
-25.383595
-23.566429
6.149341
-25.341698
7.838616
-9.741536
-24.529743
8.581434
25.038328
2.901251
-4.584434
-3.342859
14.713056
-28.510853
10.976509
-7.892401
19.542690
-16.455647
-12.346277
14.752791
11.732793
23.825253
-21.063997
29.353149
10.306311
16.013668
2.988079
-33.602169
23.045750
-15.705563
6.322267
-13.817913
4.642162
-12.558130
-28.039160
-8.103564
-19.556534
-0.649681
-12.234366
-40.197151
9.593282
11.143167
-1.620344
-35.398209
20.375895
10.140285
28.964525
38.447350
25.209484
-36.609417
-32.494186
-18.045864
-1.078265
20.184101
-8.256913
9.930629
14.081115
-23.729359
10.131954
-34.129696
11.351160
0.021942
11.559011
-1.734802
-5.420358
6.181905
-6.545426
17.849304
-27.352627
-11.628028
3.838449
-15.514313
-11.449967
26.543787
-7.585115
-12.390645
-3.623742
19.105577
0.906037
13.440524
-0.955584
11.128786
22.332314
1.520895
-7.589470
-19.054880
-16.119289
28.592318
25.807913
-6.314015
6.397335
-33.674152
19.408850
16.058569
40.260990
4.399459
3.151210
7.681273
6.622740
-28.687279
-22.000334
15.566052
-25.872570
13.031169
-38.307289
6.991905
-9.261624
-33.763481
-2.544648
-16.906574
1.731897
14.927551
-14.209482
2.083460
2.006187
12.318751
-16.742849
-10.510965
16.650295
-8.318816
17.324871
-9.364789
34.783665
-17.651299
-4.622250
-21.750423
3.602329
7.520660
-17.045271
-2.996122
-9.975703
13.768212
11.335859
13.165515
26.589718
8.855826
27.358086
-22.241867
17.763512
-13.414009
10.664022
19.480633
-15.437989
-8.674483
-13.556841
0.406648
-15.988165
23.515087
6.283727
1.833888
5.955799
-22.852032
7.919086
-5.068828
24.541676
4.489360
-23.216923
-43.853832
-15.476878
-5.265848
-14.833627
-29.837961
31.194082
21.058912
9.144827
12.164264
-19.481127
-24.668852
-20.656300
10.403157
32.969536
11.010492
-6.394915
21.628988
6.269136
9.319425
17.651451
-16.417393
-2.409455
19.575737
7.596186
5.715006
-18.453133
27.570162
0.089303
0.411269
-2.914969
41.929737
17.323639
10.028457
-17.519943
10.899597
-4.487851
28.865232
18.622355
-4.408257
20.083458
31.555201
5.197028
-15.498332
6.364928
22.135143
13.188165
5.208457
-3.050958
17.683331
-19.776550
-13.337279
-13.667486
20.366056
22.248381
-2.541194
20.424746
25.105539
0.357572
22.552731
3.128366
-22.485008
-25.329718
1.245021
14.498085
-4.030760
-20.319283
24.564487
9.617940
-22.769957
-10.297257
20.156719
-4.201342
25.276527
25.929594
-6.450670
-0.082355
-39.016922
31.350834
33.143482
24.478075
-0.788992
-33.177071
6.823176
8.967426
-13.157574
15.466726
3.337312
20.471287
11.048521
8.965923
-18.408518
-6.131799
23.023668
-23.106302
4.645931
-13.705196
-29.420332
-19.827650
17.050781
20.372969
-24.239359
6.953775
-18.791672
-21.390089
-13.551044
-21.335091
2.302833
-4.705673
14.414883
36.533848
-15.883778
-2.075985
-10.532033
1.464908
9.223604
7.196355
10.429028
4.751185
-14.179184
13.218105
-19.191828
-37.226547
27.279222
-35.629467
21.064423
28.722511
-20.377874
-6.539272
3.168015
-0.947849
11.912723
19.631542
24.610252
20.235001
11.628160
10.444223
1.239950
-4.834222
4.692717
23.852011
-21.697977
23.220390
-31.788599
9.853113
23.485500
-16.587311
-17.042139
3.140233
-5.675485
-29.904482
26.920258
4.375541
-9.427011
6.288538
-7.650828
-31.862785
17.636030
3.877859
-28.907312
-28.601751
15.645050
6.927530
2.167243
-15.517059
-32.001293
18.070206
9.729510
-31.470764
23.280416
-22.296541
1.223953
1.218075
0.817549
-31.522543
10.364611
-7.864129
-29.992510
16.021873
20.174990
15.473575
25.048939
22.356419
0.331046
24.560621
26.486917
6.751126
7.437209
1.263254
3.888767
-37.015614
16.324841
17.555054
23.777809
32.106190
25.791084
23.256828
14.467068
19.871111
-10.305814
20.390146
-8.880175
-24.111624
-0.640858
30.568754
31.702501
-12.938350
0.229876
-11.269739
-7.791202
12.052710
-24.102934
22.096104
-24.054403
17.180956
-16.414513
-8.252834
14.659001
6.559319
7.423771
4.315466
-21.913620
8.136409
-12.403457
12.653749
26.798666
13.068803
-12.759716
12.935903
-11.052645
-16.453115
11.628027
13.294321
-5.088844
4.461930
5.389644
2.475780
-36.224300
27.246738
-8.584864
17.176392
-5.483953
-11.654037
-6.660839
17.952562
-10.949776
-18.322542
-17.785608
-32.011841
1.419624
13.435757
9.413779
-22.246094
12.759016
15.533634
25.566229
11.041587
-5.212228
17.116587
19.033510
-5.993701
32.688828
-4.124160
-39.431122
17.030523
-10.302023
-15.543289
-2.602862
24.894491
-7.747797
-11.822471
15.520927
16.532927
5.798129
12.800344
13.319233
-20.432577
-34.485893
-44.716446
-1.522417
9.323109
-23.801748
-15.622532
-1.508321
31.472466
-28.631409
-21.202034
32.342087
19.218033
-13.041031
-11.258189
13.462348
11.289898
1.953790
-1.142525
11.919990
25.943386
1.046537
-22.189524
-38.710861
27.787819
22.655058
-23.420464
-8.452904
-7.507782
25.280827
-5.098302
-7.338239
15.921859
4.220682
-35.232960
2.531596
-16.825956
-21.563358
6.657294
-3.530915
25.394953
21.227882
6.529386
-3.759358
-5.292015
-15.586990
4.251583
5.752373
10.102082
-10.865130
-18.071081
-6.318715
25.338669
-9.785434
-3.906177
-15.100076
19.861038
-10.896009
14.792741
-6.066765
21.063173
-19.679922
-4.369415
-31.090992
13.895328
12.073256
41.670990
18.870552
4.835963
-10.774082
-8.339001
-12.795692
13.070758
30.212269
-24.238607
10.767563
10.511817
-22.999683
30.918364
13.481354
1.403101
3.228555
-41.867889
10.577518
-14.677619
-3.261277
19.369852
19.480885
-32.329834
-17.477194
7.265491
-3.642018
6.859436
-9.983726
12.498767
-23.547514
11.079226
-10.736280
-21.003159
12.235599
17.545725
-2.151141
38.155010
-34.414021
18.070644
-30.916214
17.455919
21.660675
26.440384
28.636042
4.403020
-15.643664
26.458467
-14.620435
10.389730
-4.194478
6.907012
24.028057
26.384760
4.027513
2.965650
-5.570892
9.644403
39.658916
-19.171677
11.822283
-38.817272
8.564680
-5.454701
21.368675
32.230331
-13.748687
15.250031
30.899227
-6.438044
-27.035095
-26.125069
9.804969
12.766000
0.172056
-24.755043
-15.241719
-10.746685
17.743793
21.837025
-37.304726
-17.377056
-0.868598
-30.811235
-0.012723
33.775055
27.415491
-15.417954
-34.890999
8.283805
-8.871024
12.984722
3.298083
1.506618
11.820600
-6.157555
22.944187
32.391186
-17.210260
-34.809971
-22.699556
-2.729011
16.489077
-27.578608
7.612142
37.677601
-29.142925
-6.955800
-18.646036
-35.194462
6.980021
-24.678568
4.436897
-3.893558
-7.770018
-20.169201
-14.244321
-0.441372
-8.551668
13.127626
-35.947281
-15.922050
-29.560894
-17.019714
2.370148
-7.404576
-17.337963
24.556881
-2.517392
33.864799
-21.220589
4.732916
9.342410
22.469751
2.697374
-5.901518
-5.629704
31.653393
-15.028172
5.571453
28.558216
-25.489470
12.537488
0.696768
-21.917131
28.540398
-0.409604
-17.524866
8.455954
6.700546
-16.544174
15.884938
-7.865319
10.562201
-24.757013
21.261080
-12.143206
-24.898706
-11.856466
0.605948
-2.921778
-5.319135
-16.789289
-1.159193
-16.130373
36.322121
-10.087436
-3.100305
22.296539
-15.168492
22.602089
5.146441
-39.442493
17.593000
-12.627287
21.925867
10.060675
-31.956976
-1.753310
2.623814
-21.594992
28.823364
16.050097
-13.719982
-12.574265
6.100045
-27.839062
-19.397579
2.774994
-35.449093
24.637037
-14.012480
-36.573776
22.941725
4.861768
4.729689
-6.615510
-16.951185
9.224483
28.740688
24.107630
10.710755
-38.760872
-3.540281
19.905169
0.576290
17.236580
10.791256
23.853489
2.942742
20.083042
-4.626204
-20.010971
-17.013081
11.739396
-16.610697
-32.538177
-25.246567
-5.314316
15.595733
24.204826
-11.140177
-8.564868
-10.227779
1.266726
6.627985
13.796778
-29.264093
17.823917
-22.532347
13.097017
-8.904538
-16.880131
28.119274
24.716309
15.502988
20.044014
-20.715233
26.059361
0.446262
15.833529
25.425913
21.856695
4.679206
-9.059872
18.605595
-23.452042
-38.247150
-21.743111
-16.391911
17.424980
-2.272522
1.805138
-8.507063
5.037621
-6.613877
-15.806350
-13.750047
-6.946918
7.466273
6.047272
0.914511
15.562778
6.451445
-29.582672
-7.114783
5.276454
-6.560319
7.658618
35.817963
4.900631
10.636912
2.684798
-31.628351
-17.991947
-15.112971
7.709231
-5.483766
17.547901
-5.667558
-24.428907
34.607780
16.485056
8.239073
5.458414
-25.075542
12.281116
-7.693905
20.045769
13.541348
22.252256
-19.621725
-16.131008
9.023680
10.952764
-22.747311
-17.264389
24.478352
32.196392
1.924708
10.461651
-7.415610
-26.141310
-25.676130
-0.241189
-14.269642
-26.188326
25.522434
3.638797
-12.822735
43.254349
21.135317
7.883470
17.245096
-16.344076
-19.781122
-4.944158
15.012847
-18.840960
-15.588477
-23.569576
0.900680
-4.013958
-12.263026
-13.678489
26.935972
34.595646
5.807012
28.059629
11.794704
18.614979
-0.829700
-13.278963
7.710003
10.935128
1.256410
33.458042
-1.343536
5.014337
-39.802898
-19.542421
34.297615
-14.793356
-9.044263
-10.781061
-21.811121
-7.803325
-8.716220
-17.402033
-7.645527
-20.982325
21.401419
-9.102505
20.077394
-11.938284
-21.166140
-14.487154
-20.066494
10.410971
-8.151787
10.085127
-30.046757
36.019665
3.031965
-10.764540
-37.215946
-23.320528
1.759885
-23.325153
10.365350
9.438536
5.752523
-22.604910
22.648230
22.112728
7.327445
26.017187
-15.924591
-3.173270
21.786980
21.817324
29.878065
25.399221
-2.507345
-24.194941
-24.024815
-11.754372
-6.482467
-1.475091
-21.257318
-3.001806
17.347233
-17.642368
26.192598
15.162299
-5.376278
-31.236931
32.159428
-18.961678
-2.843165
-7.530027
-18.584120
-1.255178
3.492149
7.206604
14.386856
11.827405
29.594305
-15.642838
-21.350462
3.225865
21.440262
12.416211
-21.305668
-7.837431
17.609503
-4.397208
22.790953
-21.551828
-40.019119
-4.485540
33.513618
10.811640
-0.890818
19.624044
11.718817
-11.171735
24.559441
-1.328216
8.398355
-25.885641
28.064087
4.352138
3.489813
46.272297
12.686988
-10.912868
28.600363
12.326669
20.967876
8.618158
23.416964
17.533321
-21.982210
9.540298
10.315515
15.059911
-11.789567
18.026848
20.523680
-7.149472
-4.475398
2.869481
29.002920
-23.065617
6.797426
20.648375
16.751232
25.747744
1.006794
-6.679739
17.391821
0.154194
-18.408588
16.769125
-4.432708
20.863398
37.399830
5.522000
-20.678789
23.504425
18.986444
-21.716604
10.457449
8.783584
2.357179
35.544006
-1.383536
-19.521536
10.229446
11.316601
-31.935097
15.660301
13.889024
-9.313752
3.170899
-12.630665
20.871122
16.362482
-3.492716
18.929541
-4.364655
-32.352535
-29.888477
13.750320
-2.560180
17.411858
-1.849669
14.730364
-6.547238
8.779223
23.988285
22.767906
2.168079
-11.638827
28.280878
-14.011190
9.879407
-0.684368
-10.635521
3.959822
22.718342
-21.426813
22.019876
-5.205593
-3.238879
-4.412877
-17.992849
14.312346
19.753721
7.327810
-17.976442
10.880527
-3.950177
10.764842
36.099403
-13.346062
-26.739206
20.818306
-3.112820
21.848888
-26.252428
-0.323468
17.600519
-22.662481
-6.602390
18.062973
-41.901966
-3.687663
15.069468
-16.563032
-19.808569
-6.136085
15.926718
-3.245707
-12.015001
0.495536
-24.937485
2.774569
-20.539566
20.006702
-4.912257
-15.671062
-16.589539
16.866602
11.687824
-19.142454
6.395804
-8.277134
7.098349
12.110734
-4.176875
44.346004
-2.653605
-21.285040
7.479827
-42.865044
-22.473455
10.219415
33.675327
32.919407
0.379801
1.647285
39.949455
-13.727028
18.471878
10.522504
-1.897889
-23.854038
0.574963
-20.800287
-2.233198
14.300606
28.402403
2.135859
10.556368
-24.639587
-8.022598
-10.969719
3.138875
17.299856
15.577720
-28.507738
-7.377797
10.611553
-29.162069
20.565224
33.529423
17.453167
-26.482628
-0.293529
-20.676826
12.105801
14.971148
-27.649570
-10.095354
18.423819
-7.263778
-30.862328
22.736181
-1.013816
9.249919
10.092823
22.601000
27.080454
5.198518
43.688667
-22.852125
25.973846
19.357662
-10.548470
26.859768
-13.382092
-1.112144
10.745377
-27.411570
5.162600
-7.823549
3.814569
2.512428
4.816663
-12.309459
-4.090686
26.576084
40.941235
-9.733338
7.137178
33.961365
-4.637765
3.445045
13.717096
-21.942892
-0.776801
3.286807
-16.044508
0.913690
-9.319703
-17.404469
25.957453
11.174229
-18.550163
8.078597
-31.092339
29.664309
0.422472
26.107836
22.020761
-22.841152
16.432718
7.888072
-11.937533
16.872124
9.451459
-19.175491
-0.329563
22.009806
6.295037
5.395082
5.309910
-11.222793
1.105424
-10.728184
15.950128
-19.541000
-13.724857
4.378837
-4.766530
-8.614835
-5.345371
2.705056
11.165499
21.278584
-7.607619
-18.931408
-30.279795
3.902001
-15.102763
14.718616
30.080864
2.518233
-24.254568
-17.481195
16.752176
-7.544851
44.496468
4.190577
7.580977
30.527855
-22.836205
6.168540
-6.200946
-16.751411
13.400443
8.610415
-31.250549
17.387197
25.940741
-10.126081
-17.323755
-25.810146
22.792736
8.025008
18.562857
-15.457046
-15.537722
14.525729
-17.769608
-14.260137
13.757603
-12.262674
7.552612
16.889618
11.830729
37.129494
-23.495426
26.719479
-2.859859
-11.221358
-24.262495
24.251040
-16.553560
9.484853
-5.810356
-16.159515
9.010109
-5.038941
8.104121
35.926514
-16.437983
-29.380804
-17.219818
19.748577
23.624603
-23.990414
-39.463570
-26.218592
-36.312096
-4.702576
21.603830
28.093792
31.261194
-18.947969
-5.893472
-17.462221
24.153852
-18.099850
-14.156540
-21.994761
1.497655
36.228069
-14.432009
19.662174
5.842432
-30.883318
6.618031
12.181763
15.146568
-15.586118
29.828789
-20.074902
28.500233
-12.436151
-14.136250
2.638027
-12.347339
0.512801
13.575466
-9.650659
25.460142
-14.283916
-35.045872
26.957827
5.542073
21.496477
-22.259560
-16.017004
-11.408533
-2.876596
-7.601078
11.527513
-22.920109
26.689699
-10.582096
41.039070
-16.958977
-18.283491
4.941886
-14.488824
-0.418341
2.814387
11.616860
13.731319
-19.173395
-21.523211
8.375504
-30.602373
-2.818487
15.576838
39.483032
-7.848936
30.350313
-22.489967
35.686035
-24.946974
24.338215
19.914722
11.871434
-6.267351
-6.263823
0.513395
-11.132506
-6.608858
40.541748
-12.439892
-8.684945
-16.788445
15.378588
-24.060263
18.655161
-3.787111
-4.650167
-31.437574
31.567217
-5.668995
-22.715706
10.811149
-7.053203
16.635967
19.886324
-30.936026
-14.357978
2.580499
-4.031902
-29.460615
15.908821
12.055089
-12.088132
-24.318422
-26.522842
8.652998
6.273212
-25.060467
-19.113178
10.966845
8.866796
-17.461918
-5.212513
14.275706
24.181702
4.928130
5.503995
-23.254902
17.277555
7.287446
-25.865040
-31.624939
-17.272541
-19.098843
13.599565
20.107510
-12.765307
-23.300766
30.734161
-33.162811
4.058596
-0.015538
-29.987598
-24.023062
-29.973179
16.671310
3.674381
10.492062
5.727971
-1.528009
-9.420083
-13.812317
-15.006183
11.072997
-11.514834
21.799965
34.718330
-5.237985
11.192326
-24.593365
22.872639
3.028221
19.611143
22.942444
-23.646591
16.058683
-15.129301
-1.936516
-31.384146
-15.378208
0.734649
8.042844
5.987575
-0.809049
26.137831
16.455927
-14.517314
-6.708923
15.389435
12.535867
20.896439
18.209038
-13.609722
-15.353120
-7.072239
-24.873672
8.141388
-2.572451
-14.475740
17.665781
-25.700104
-11.267106
10.671377
15.625963
21.025103
-2.590867
-0.746303
17.966717
-18.939871
17.353945
0.205613
-4.032245
-24.142817
-4.941300
11.020913
-13.597168
-7.595976
23.143848
26.427437
-25.985203
25.020624
7.788197
-21.624826
-24.465055
13.722665
-19.371508
39.563492
22.080564
-3.889237
11.119639
-33.636158
-21.632286
4.060688
5.418489
13.341163
19.195322
15.470478
-30.698610
2.457439
9.419716
-0.747224
-15.555629
17.586010
27.494932
4.318682
-2.574996
36.997425
1.259235
-4.789810
11.408559
-12.953006
28.230070
-20.448448
-20.125595
11.475841
33.792583
2.452755
29.747345
0.285443
22.680233
-32.205551
-22.269739
26.363028
7.165006
21.942110
22.318918
-19.993856
-19.264862
7.120146
-19.687101
-1.770611
-20.723667
17.780598
-19.753538
12.278111
-1.264457
-16.107971
-36.388424
-16.370825
13.271627
1.493153
38.469574
14.236675
-9.862850
8.212247
22.125599
7.416802
6.565309
22.933210
-7.389148
-2.879935
-4.348825
32.205486
9.056271
-35.325886
34.017483
-8.652143
-22.548435
-15.999318
-2.308796
2.827319
-9.998120
-21.659719
-0.110026
16.481487
-5.297386
-19.077894
-6.520778
-11.172695
-0.244593
4.819749
-1.574318
24.545511
6.495961
-17.668621
-4.629490
0.296332
0.755804
-16.315418
-2.019425
9.614972
10.706134
-11.465532
15.651503
17.153667
10.800055
3.581956
4.731640
5.098680
-0.006842
20.652948
12.271687
10.145601
15.820558
-2.345937
6.498950
-11.149552
-14.942659
19.713238
-24.741266
-20.703489
-32.278095
-7.359675
9.053332
31.261356
4.907049
28.971006
24.683773
-22.099598
26.484701
42.469074
-21.653261
14.952441
-18.540762
-6.974611
17.424255
-8.856984
9.921047
-7.538681
-23.455376
-13.756315
23.655241
15.596345
22.094902
13.541565
-23.179249
28.224541
-12.043690
-11.521299
15.754128
10.225053
17.099430
-25.001429
-12.740247
26.601223
3.588190
10.902731
-2.988344
8.709238
8.781113
-21.670109
-16.297136
4.398527
-16.754509
15.885333
-28.957163
7.971716
-12.287348
5.416178
3.434508
-7.178990
7.733891
-36.724136
-24.964197
-6.475060
11.079838
31.660452
4.782265
-1.964159
27.883953
-5.015059
3.809521
23.270063
25.692827
-33.136585
12.215317
2.715782
6.844161
1.194161
7.582996
22.311470
-12.224154
2.869586
19.594110
-11.324340
26.314911
-21.698500
22.302414
22.398190
-41.307316
10.133060
-26.937603
27.548279
29.948668
8.339103
22.882414
22.220493
21.235197
-18.643692
-23.730085
-4.747843
4.202538
-13.516204
-6.702875
-15.088145
-0.006132
26.719120
13.988056
14.735585
6.528050
15.616528
-26.985020
-14.624425
10.447112
-15.780190
-4.192547
15.647025
-20.293692
13.387534
19.609533
18.582933
-15.048078
16.283400
-11.854580
-17.580215
18.456673
21.511444
-21.007814
14.894867
-11.340206
-5.007453
-16.943001
-20.751686
25.379736
18.994349
-34.979908
16.904842
-5.743944
17.167957
4.681416
-38.457169
17.142080
25.905689
-0.274563
4.312640
-14.283057
-26.852974
-9.905860
3.989356
-12.526561
10.295588
-24.110762
-6.755071
5.583766
16.092339
-8.502436
17.484043
24.608929
0.333276
-31.139153
-25.175097
8.392659
-42.573147
-2.358433
8.532962
8.274486
-0.725468
-8.657770
-13.926350
-1.437689
17.359241
21.196072
-26.681957
23.295641
1.883881
-21.874275
-3.927403
-26.910870
-0.836494
9.754407
4.547095
28.339949
28.874674
22.043900
-4.651339
-8.097401
-1.494782
2.429519
-23.554930
0.854386
-24.563854
6.809913
-3.949051
-21.006947
21.304281
5.645121
6.673250
29.373175
27.804373
7.929190
33.341679
-17.087656
28.204548
-10.391131
16.871504
17.621555
20.091398
-14.299763
0.036361
9.632187
18.042238
1.687993
19.675785
-0.585410
22.470219
-1.684060
-6.708858
-40.648552
-8.356581
-18.489462
-3.097251
20.589718
19.077713
6.648795
22.645168
-5.764440
-17.553841
-5.657494
17.680279
-11.857274
-11.255949
15.146270
27.706676
11.879495
31.040398
-3.938879
21.658222
8.942616
-31.798588
-37.058399
16.469969
19.124987
10.021091
15.021262
17.089294
-23.245331
14.314391
17.059410
-23.111687
-6.997532
-16.985395
-13.846885
-6.736718
-7.604865
13.919291
-3.273437
22.680233
-19.615780
8.031938
5.432383
11.083401
-28.043810
-18.337431
-6.132196
5.376218
-7.565090
-20.547560
31.061125
-19.374334
-21.875090
-39.427414
3.260470
5.736476
18.732515
32.432892
27.150116
-37.427483
15.092780
-17.311178
6.600285
-39.211750
15.796725
-9.592088
6.180977
24.104309
-3.260320
-8.145972
19.043646
-29.025532
28.061586
35.195396
31.975327
-22.159082
-0.994945
-19.625153
-10.476436
29.081852
-4.519690
12.517017
-1.144527
-20.540630
12.503062
14.231742
18.046274
13.565464
12.730549
32.108349
14.983314
-5.040655
-40.325314
-3.628013
-20.770245
-11.463965
-17.184362
31.942751
10.397402
28.469002
10.223815
-19.308578
-9.848459
2.010010
15.637120
-15.653334
-15.675836
-17.742212
-14.552636
-28.777884
7.702565
-10.488633
0.845500
35.664368
6.288918
-5.665496
1.311015
-29.601950
-26.493399
-13.752767
-8.193090
4.039189
3.207233
-25.921000
17.330507
16.122570
-13.266839
21.473461
-37.585175
16.817394
6.813490
32.506981
-0.717456
13.419628
25.407307
9.605762
-6.889256
20.304880
-22.173037
-14.976995
-11.371406
12.199478
9.950876
-24.843843
13.485560
11.006960
-13.761773
-10.866008
-11.354652
23.438635
37.055580
15.753240
13.926340
-20.872541
3.974233
-0.443105
6.097114
3.371493
12.899870
-3.622191
29.182247
-22.082052
29.981676
2.159892
-6.227995
-13.791079
5.572514
-7.127380
19.330507
14.413129
1.593969
16.093695
-32.274643
3.989079
-5.344691
-16.546501
33.084137
32.664143
27.323126
-22.203676
-8.680807
-25.802866
24.836994
-25.398508
-10.765351
25.132248
-24.019146
-13.149439
-9.934835
-3.909702
-29.685244
-25.491014
-21.587910
-19.629768
-6.074304
24.771624
14.076220
14.860990
33.418015
-6.349937
11.003563
3.809543
25.565422
8.367361
-7.415834
-12.421065
-21.001553
30.256561
24.700050
-12.242589
22.864958
-15.536456
3.073759
-1.791365
-13.015850
12.216879
-3.695674
-33.685177
-8.650439
-4.732460
3.710823
7.430894
-3.794041
33.808659
-19.939129
29.469332
8.355175
-5.692151
11.059721
42.251980
-19.307848
15.433797
3.088464
-7.340232
-4.767487
20.996922
4.839938
13.620776
19.604559
20.926851
17.549030
35.089191
-25.390995
-43.229057
-8.788095
-21.954563
-42.051273
-2.298561
-24.543718
14.023522
-8.302690
12.111300
-10.188958
4.630542
-7.830514
-19.384043
2.114019
-11.916497
24.835278
-23.212109
10.735626
15.870684
10.798561
5.332656
-3.738807
19.141869
-11.711362
-3.686774
12.164556
-11.433498
10.834839
-4.369339
-17.387030
3.774932
-12.689486
-4.938034
-7.183633
34.482307
-29.740723
-21.254034
19.872978
-17.521013
23.705057
11.296028
12.398417
11.897517
-7.504475
5.008353
-1.345306
-25.872013
25.245102
-25.992691
4.931278
30.393686
-23.639168
8.475273
-0.552506
24.092478
-26.658596
17.209589
31.278362
3.563539
6.654321
-4.296598
1.251958
1.493597
21.568430
30.123892
14.189617
-42.237450
18.972406
25.371422
-20.754972
-15.374601
11.233986
-5.818938
-7.030888
3.980597
15.469080
-28.248775
18.813656
6.328633
-17.695526
-12.501312
-17.148888
10.319472
-1.867615
23.591898
-27.779474
-38.579041
-8.175070
22.869244
-5.114512
-4.152476
23.359550
-35.148350
8.231851
-7.522981
15.899131
-5.010954
-4.131505
11.693583
0.394899
-20.432802
-19.703373
-18.615145
-15.876788
2.061502
17.981457
24.838842
-22.036381
6.761910
-12.674762
29.209089
1.982610
27.966616
-6.598866
-30.279724
4.746014
13.393048
9.343313
4.855036
-23.024815
15.140711
-27.159655
-21.479113
5.679882
21.181139
-9.866741
-1.222195
-30.725206
20.929783
-15.730031
22.629681
7.569310
-10.992869
-9.069646
23.939442
-19.143606
6.059520
0.525914
-20.304733
18.081799
-2.690054
18.155382
-7.046691
-17.083879
31.158823
25.105650
-4.883261
30.960442
-0.227057
-1.333071
10.343823
17.117847
11.805424
13.719673
-17.664795
-13.694324
-20.558973
-5.864594
-12.692062
36.894211
-21.112329
10.726054
23.567726
22.320480
-12.390550
22.455236
21.400017
28.408264
-11.535854
5.046959
-10.989133
16.681494
-25.126198
-10.124849
4.895916
3.271147
6.632093
19.493362
34.962048
13.520858
-7.742179
-12.346744
7.225834
30.077723
-6.039977
8.738669
-20.181870
24.809732
-9.972862
5.959027
14.705762
-30.828249
2.899246
5.255945
7.541183
15.253537
1.039733
24.375210
-16.957741
-13.687216
26.401623
-17.161261
-4.351261
-13.809228
5.807959
-11.170817
-5.370288
18.041571
0.372206
-15.569471
-11.293255
-1.956154
-17.396425
-28.100996
19.222507
36.812084
4.666687
-9.498812
-8.658506
10.021752
-8.074101
-12.421875
23.322632
11.586597
36.449814
4.169917
-16.115841
12.769969
2.846726
15.242148
12.438430
5.536056
-15.226073
23.453472
5.044867
25.081768
18.988266
-25.622421
18.981443
-2.758544
12.126534
15.563244
17.095047
-9.406866
-2.875066
0.567282
25.687717
-28.015514
1.557975
-37.557678
7.941765
21.728880
9.723907
21.991926
40.025421
28.682081
-11.932009
-16.433043
-22.322815
-6.571609
-10.771978
15.154254
-25.330341
2.124539
19.101023
7.754220
19.073418
-10.818421
-1.953649
-36.576813
10.889145
3.812725
6.316864
-11.015673
2.388314
-12.643399
7.503231
4.796988
22.722841
5.844906
-4.505033
-2.553772
-2.665468
-1.798524
14.214500
11.152095
-30.719414
6.581738
-27.867098
7.104500
22.838461
-10.467854
-17.455828
8.318097
0.738677
13.831179
7.574466
-6.076077
6.209886
21.616074
-20.164619
-28.468864
28.075636
17.942673
2.648677
-15.306597
-34.169415
-11.068143
27.377018
-16.237982
-6.795787
-31.059835
-21.533358
30.839142
12.612926
12.086207
-12.921507
-0.396856
36.268463
-3.908395
-34.425640
-25.613590
11.546854
-6.913029
20.392208
-1.673541
-6.593711
-27.337757
-25.661171
-13.172730
28.129484
-5.619730
29.918503
-26.082733
17.004438
21.335066
-34.509136
14.052966
-20.484234
23.775843
-3.510381
-23.937040
35.592323
-45.176041
15.072973
11.476308
-8.260270
-6.599892
10.303343
-34.799347
6.829523
-10.504280
-23.047812
-19.523020
3.916019
-19.303429
-17.659426
7.963634
-29.415709
-12.046023
-17.689335
-28.988758
4.420612
7.494718
-13.492862
29.907343
11.471492
-17.114960
8.663798
-5.399949
-4.572068
-4.677977
19.010221
16.313850
-11.116245
26.652039
12.531777
3.988781
26.960556
22.077297
-0.868380
-24.958565
-1.116208
2.285684
-36.925453
-3.151780
-8.085551
41.609406
-28.703651
-11.213221
-14.039034
9.380258
-14.882908
-32.196632
-10.895636
22.109440
-10.019946
-23.255873
-30.830675
-16.823828
20.355843
31.660126
-5.536038
5.335136
22.778399
-19.303062
31.116798
16.886362
14.340607
21.692116
-8.597647
-14.232409
-26.120882
-2.050187
31.550875
37.090996
26.504618
5.460796
7.636363
-24.918539
18.715141
10.409130
17.777714
-28.097027
-2.519120
36.474480
-10.314256
11.466094
8.960508
-4.917957
-25.371138
11.017440
-14.161974
-10.829981
-4.121485
-3.170965
-22.525574
-2.150000
-5.199490
5.982255
-4.363070
18.451523
-3.613153
16.297272
14.972054
-9.204676
15.845851
6.108838
18.448416
6.617411
-31.315338
12.922939
-10.882594
-2.186994
20.537884
4.662465
-17.104727
-14.024133
4.764151
-29.507076
-34.526829
-1.293507
-16.726398
-13.902835
-30.778688
-15.575673
4.966576
-2.131415
24.807404
27.520842
23.273540
-34.382221
-30.518101
4.921789
-15.627806
-27.753778
18.600025
-14.773259
-12.305053
10.290457
34.233372
31.381405
7.559087
19.050112
3.255315
-20.791677
30.864225
12.807621
12.863244
0.456628
-10.707834
2.473183
-30.422979
-9.400562
16.213369
4.410771
8.263361
18.935301
-37.875031
-27.286186
12.144732
-24.087141
-29.471567
10.504100
19.200478
9.381798
-21.279886
13.903140
-16.532564
-10.688117
5.740879
38.701962
-31.381840
4.139534
8.944379
-2.871051
23.925238
10.262846
-3.862292
-19.298450
16.158352
12.349254
23.681919
-3.169647
-9.209342
42.341869
-2.513126
4.489223
-31.821436
-23.619986
8.084278
-18.165039
-22.153814
-22.822260
24.827047
-13.463141
30.361372
-10.575757
14.936139
8.915579
-28.188103
-8.354807
-24.327885
-19.003574
7.880569
4.492266
-22.822611
-18.788733
-1.307542
-9.132010
-12.493358
28.364649
-3.237740
17.753702
-3.629256
0.977149
14.054617
5.467341
3.483759
-1.966779
21.982048
8.194715
-27.852362
-25.413097
-24.177322
-7.638361
9.326009
-29.527382
-9.078958
26.743147
-7.655514
-11.810913
9.540623
28.058304
21.148359
1.730216
23.275331
29.171289
-41.110687
12.772946
3.710362
2.835594
21.752268
-17.174049
31.376133
-1.164202
5.951372
16.428221
25.919447
23.856159
9.723159
24.072481
-2.847975
-19.239193
-13.354316
12.996436
25.269409
-2.605739
-27.288767
27.023436
1.786155
-12.575710
-6.568652
-4.332255
-26.374882
-8.385573
-3.050981
-5.418285
-4.486230
-4.237809
-7.159025
7.325887
-1.010734
10.153057
-9.306767
-12.930114
18.100506
-17.290564
-8.753318
30.090511
-14.673599
-12.355204
-33.471054
15.075881
-18.554314
-13.767506
-28.912577
18.489689
-17.348507
19.014112
-1.222183
-7.766890
15.123732
1.373087
-19.808645
9.248116
-2.215599
26.888990
-13.284963
-23.640926
-37.974976
-12.623618
14.736115
8.586864
-11.942520
-2.095307
-8.652047
21.906641
16.270271
11.015561
-21.998489
10.813856
4.877223
9.941052
-19.884048
-4.031082
-33.306015
-14.126316
-4.130293
26.498121
29.787964
19.209543
11.733264
-13.596478
-4.522098
-8.888941
-13.059541
-21.516939
-15.944461
18.270382
29.135824
-22.239714
-22.849298
2.935308
16.197468
-19.858189
-14.529347
20.718798
25.282728
-12.502993
20.967016
13.652058
-3.233177
4.892523
-30.444782
12.687726
-26.702877
-9.831549
26.678049
-1.682760
-19.279011
-19.845747
17.959610
3.409699
7.904729
18.359089
-7.637316
22.040760
12.287505
25.579166
19.627756
5.640586
11.605151
-5.706950
5.493155
-9.636902
-13.104843
1.271817
25.995752
-0.394255
18.412073
16.338091
-21.068617
-22.055912
-20.497684
-16.120672
-26.498407
10.005263
-3.771314
27.868952
-33.531219
-5.455695
0.834475
24.402637
-40.398682
26.603077
20.658455
-29.913483
-6.151572
2.146998
8.980069
-24.462570
-1.357356
20.543510
-14.545536
13.838592
-5.786665
-9.795400
-0.263724
-10.988507
-10.209889
28.488661
26.876860
-2.832267
4.434849
11.811153
-17.874447
-23.446999
-0.915287
12.916374
-30.216333
-31.289345
-7.760441
10.538319
42.324047
27.709030
-10.140790
-20.075191
16.535299
-7.127570
-15.833135
0.976562
-2.064450
-14.203534
24.887541
8.900191
-5.109429
-1.092169
34.895233
-11.787438
13.408762
-38.626232
-17.215263
11.252516
-8.946987
17.889181
6.406024
-25.408331
-19.854103
12.371967
-6.581967
-6.229975
22.483162
33.536514
-20.223951
22.809824
-18.729034
-7.006390
27.940962
3.418787
-16.368479
25.876982
23.634417
17.332483
-0.921033
15.317701
-22.455683
-13.137966
26.902271
23.343229
-28.203426
0.330831
-35.022297
20.211123
-4.284784
-17.701880
-15.336481
-18.858866
-8.542083
-14.256882
-9.463357
20.717339
-33.718964
14.928385
28.865349
0.074819
17.191330
15.558619
-31.173571
27.032524
0.364950
-17.418581
15.368140
-6.771603
-8.410988
19.979355
-5.669570
-1.594511
-14.799049
12.098396
-32.034672
-12.035382
2.401260
-25.094633
5.074552
3.528413
14.403468
-5.323126
1.057740
12.794068
28.304213
-22.767805
-9.854403
20.319830
-39.730972
17.159124
-15.117096
18.742723
1.394980
-20.008528
-10.786115
25.044315
26.008425
4.052617
-17.837133
-1.857798
-21.237364
-5.679680
-28.656042
25.852306
-25.892141
-7.391549
11.509049
21.252899
-5.262325
-16.684004
-3.301726
-18.494192
-20.831093
14.222151
-8.052319
4.270108
21.901789
-21.714567
28.937878
-4.084414
3.734896
21.061745
2.327692
22.792471
-7.019542
-6.602239
-33.332973
-1.845256
-5.490346
12.595398
25.722792
-28.014402
5.535075
7.878099
-12.127297
7.554029
29.016968
24.032381
-8.022400
-26.461618
27.662647
-4.479909
-6.276769
15.300137
11.748566
-14.015459
5.473348
1.980787
-14.764795
-33.936596
6.319283
-0.984448
0.081706
34.085041
-36.902531
-15.786405
-15.447827
9.780530
-8.663752
19.343164
-10.199910
-13.596889
-22.233351
-20.416826
-32.605003
17.682934
8.771227
-6.826098
30.771252
-2.426239
-1.970790
4.228294
-7.184838
-14.688166
27.173540
-22.354725
-7.160268
16.125814
32.281097
25.489109
24.879444
8.434423
12.292426
5.734963
-0.877025
3.393309
-10.727062
-33.680088
25.276884
4.830801
-45.798973
3.109184
15.592336
13.568902
-23.311102
8.108671
8.643805
-7.703670
-11.909648
0.858174
-2.601191
2.404062
-28.772396
5.057084
27.637995
28.456335
7.534480
21.830135
-16.350107
-24.998795
-22.112257
-7.435390
-32.382820
17.655838
7.769041
-7.172000
-13.370796
17.680313
18.164278
15.165192
33.217255
25.434616
23.354147
-33.554409
38.719219
-15.782027
-35.852810
-37.958130
10.898962
4.137718
-5.744064
-15.553383
-34.636879
-17.042740
-13.425691
-11.197659
10.733171
4.791606
-19.875116
3.993830
-7.188810
15.151437
32.157921
19.286194
8.750306
3.070533
-22.553888
-19.167677
-31.378485
19.647709
14.420766
-29.255533
0.960874
-13.539565
-17.877674
20.281225
-15.003555
-17.727310
-26.634607
13.407308
1.231733
13.020713
-26.390471
-8.679298
18.785202
11.658573
12.539762
-17.072302
21.909733
-8.196652
-6.881121
-28.795366
-12.375425
-15.011205
-22.425756
-18.040703
25.988365
-10.668863
14.493331
8.288644
18.649139
9.287178
16.204197
17.001545
-9.778008
7.851824
2.801163
-28.077051
-11.476213
14.915211
-18.211710
32.068893
-12.611427
-12.629919
-6.668556
-13.630880
6.416183
-1.932980
9.506288
-36.930466
-7.495800
9.661670
3.972380
19.267088
24.295874
-29.575325
22.050430
-14.040144
10.497159
22.648430
-3.622946
12.490002
10.692011
-12.137516
30.210020
5.918885
25.928490
16.450876
-16.178621
-19.553385
26.505600
12.595167
-5.696035
11.880100
-0.002130
-36.067608
-8.361164
-37.242920
32.096073
11.434802
18.840004
-12.029784
16.262611
3.349235
-10.623466
-8.768426
14.391166
3.473963
0.315839
-27.010654
6.474895
-21.668247
23.009365
26.774607
45.392555
16.682241
-20.934544
-20.691818
-32.938618
-0.621046
20.876314
2.365107
6.045878
16.111387
35.332413
42.016037
-7.492265
-2.002111
-33.379807
-14.855890
-42.016876
2.040515
-8.796680
5.072813
24.872398
33.100655
-8.013623
17.997252
-16.894445
-16.999325
-22.691248
-17.726021
-2.330989
34.516197
17.969818
8.897287
-8.891296
-15.801690
7.672149
31.258516
0.253557
-9.362787
-19.083801
-16.580658
-7.888044
2.070634
28.521353
-22.788153
13.817822
22.738665
-0.157938
16.209356
16.699699
-6.441374
35.287086
-1.916196
33.505489
-9.364823
-23.081062
19.173576
17.697468
13.235029
22.934013
12.735376
5.232548
-29.563549
-4.988666
-28.650473
23.153114
-34.640381
-28.697992
-19.494341
36.971527
16.715782
21.191376
-4.293726
23.633036
-8.908909
23.473526
30.636436
-18.861666
-2.582092
8.193638
25.359266
22.661291
-16.434261
-27.285976
34.964741
4.586534
-4.982324
-33.082157
-34.319862
14.036373
-16.130062
-5.343112
27.800869
21.465986
-28.688995
0.057764
-6.098207
20.051434
-29.199028
-3.785991
-15.698812
0.490228
17.872797
-44.598454
4.522093
-15.586944
7.659585
12.216311
23.348974
-19.108469
-24.822088
-4.809033
-33.520130
-13.522234
18.198050
28.970562
13.157416
-11.837629
-7.739019
20.796949
13.117290
-27.445623
-1.455165
4.648183
20.108809
-35.690048
22.619577
-0.055453
22.339146
-13.518892
8.887111
-15.367291
-33.347187
33.382160
-25.622768
-11.507109
33.133213
-16.688475
2.454623
26.252632
3.016863
15.356697
13.285383
7.098971
-27.756281
12.250455
-35.131962
-23.954308
-7.035742
-11.176559
28.437975
1.083805
0.712936
-16.957094
-3.048686
-25.229715
3.514586
20.519247
-17.667837
-16.077343
34.491329
-6.543489
17.040165
-7.201632
7.135039
-30.239559
10.302645
-25.464369
-28.888475
12.988125
21.304350
5.554128
12.127744
1.991613
19.805473
21.104733
-8.992476
20.489676
25.991537
30.412258
8.284145
-4.973235
17.597595
28.248426
20.408697
2.957469
4.670014
-3.064610
20.408697
5.281907
26.705639
25.221014
11.824990
-2.697908
-14.634886
3.602420
-2.017176
6.745158
-7.008968
-6.615005
-20.011692
-0.944754
4.043807
-9.666417
-3.339208
-0.549541
-5.417957
-14.815788
12.815067
-2.961476
-12.404805
-0.092042
19.686335
-8.596633
12.478087
-35.286716
-36.228310
-9.084558
-8.913569
2.042369
12.727911
31.471016
19.736004
-0.036638
12.738553
-5.638201
17.422653
21.824265
-7.068222
-5.978784
4.669401
21.344118
24.759769
-11.285173
7.505518
21.344976
11.294278
-20.462685
-21.112780
4.944936
5.153292
8.132281
-33.819378
7.153923
-22.355629
-4.912208
19.524132
-35.112461
4.033323
-8.107109
-30.688879
2.109599
7.060473
-17.747005
15.120001
-5.326321
-30.070850
-26.831947
-20.807188
11.679955
21.190117
3.077802
-10.313408
2.931383
4.645406
-22.385443
15.822824
-7.356298
-16.050261
-8.995560
-15.441084
13.173609
-13.711012
18.191328
30.511450
2.882241
-13.304748
-13.044352
26.453802
0.135134
-17.705441
-21.037197
-7.566604
-4.014213
-5.322019
-15.796247
31.959101
-3.011261
-20.397047
37.107403
-0.822253
-8.766047
-2.167438
-27.435802
1.200570
-6.315260
-7.208882
1.775694
-0.064806
8.636846
7.849619
0.114233
19.560497
-30.355377
-0.759673
7.420900
-3.591016
18.825180
-1.295889
-4.310723
-18.571396
25.897928
-32.990788
-10.548925
-11.053771
14.818046
22.548805
23.393820
0.193229
15.051229
-15.566853
13.765313
-12.152984
35.513741
28.294476
-10.400285
29.476587
-2.203996
13.996768
-28.727758
-24.879246
3.601619
-29.504375
38.535908
-12.359397
-8.025328
22.602821
-13.261102
-1.619466
26.969574
6.468491
-21.809923
14.833253
17.381369
-4.229019
17.445639
30.297819
3.892702
34.367699
6.106026
6.930498
-10.497512
-30.523268
-29.907106
-8.347169
-22.792788
-19.625940
7.637732
4.929510
-39.976139
7.251120
-13.146638
-18.158014
-13.724817
14.949517
-17.371925
-17.491163
6.434093
-10.653608
-19.821070
-17.786774
-20.741108
27.363844
17.284559
28.755524
28.886763
-17.499500
14.567228
-18.299257
12.830105
-26.501110
-44.149853
13.671410
28.379015
-13.728366
24.065512
-20.665621
15.285589
21.030388
-33.559544
10.656579
-1.416986
-25.089163
-4.151597
-14.443341
-9.642810
18.331373
-6.964125
4.936539
-20.152678
-4.448629
-4.119806
12.336555
-14.658357
-0.350271
-3.123694
-7.609571
6.559024
-22.260798
-2.720297
-19.269476
13.253862
-16.665478
21.591837
-23.139776
6.940213
24.233324
-16.965868
-8.968984
23.681149
-22.302242
31.673342
-9.741654
3.393242
18.685354
-3.006769
-13.512364
-6.700769
-25.884172
1.346959
-27.246637
-7.027270
21.016247
6.453905
13.581256
6.661144
-35.154812
-11.202561
-4.843959
3.214312
-1.203814
-22.505211
-2.382279
19.944126
21.989677
-22.928810
-24.483593
11.378218
-4.840040
-2.253968
-0.222465
-27.400509
5.621653
-4.664124
-3.826088
-9.250961
-36.127369
28.268721
-3.450554
-15.277777
16.926081
-38.579586
5.900948
2.149657
20.050270
19.806681
18.099525
26.512171
24.197412
-4.854926
14.377234
-1.215356
11.673582
-14.804091
-30.036345
24.736513
5.817185
21.706123
-3.781742
9.220843
14.800577
-5.555042
-6.879682
30.826351
36.785053
6.140683
12.168989
-17.314892
-22.296856
-9.611557
24.964916
9.872938
20.273565
8.762720
34.781239
-1.684030
-1.917848
-10.780616
34.111176
-12.872808
-28.880606
-32.300373
-25.224653
15.462640
13.297688
22.055429
29.645880
4.048338
-4.182249
-13.061599
-7.281156
-9.823142
-27.953281
-27.398853
-7.249294
-2.285278
-21.404682
10.012701
-5.881313
-12.015269
12.569560
17.327513
-23.518236
-32.985050
20.848501
10.679688
13.100174
-7.299589
25.443693
-36.016022
34.901062
-23.049902
14.150417
-12.171425
-7.612362
20.180279
11.675248
20.940817
2.988841
2.872581
1.611187
13.275974
26.864351
5.981409
-6.131900
-30.416140
7.443953
-20.902483
-22.960756
-20.991579
-17.287361
-6.345179
-19.981958
-20.995560
17.503124
10.526226
18.596083
20.211760
-8.893352
-3.345983
-2.349472
8.077785
-22.586098
36.058956
-6.039959
-19.278954
-14.045964
-14.297478
1.051357
-5.110867
-5.061576
-25.443884
-4.807854
19.262573
-28.220053
-4.373451
-1.786055
7.951698
-14.241383
5.843091
-24.120836
19.355307
-29.620592
-6.385506
28.126057
-4.622988
7.343339
21.705359
-6.491280
8.423856
1.147726
17.421350
-12.782603
-4.262178
-12.094532
10.308522
-25.957527
-12.409333
11.959674
33.781052
-46.142899
5.387977
8.700559
-11.995965
-11.221735
4.071975
8.787612
-2.478153
-1.034711
-12.856750
20.070017
34.022648
1.813933
18.087069
19.860399
-37.720722
27.136370
-12.124522
14.722951
7.078004
25.267197
0.598950
13.581850
-7.262997
-43.044662
0.467876
-14.057977
-12.205317
-22.033575
9.194401
-29.867565
-8.156026
-14.058618
-8.241852
-0.662940
15.985952
-2.318329
-6.359921
-24.345255
-6.548901
14.006190
-28.500008
-2.734298
-18.552074
-28.999020
-34.221203
6.650353
17.410410
34.880047
-28.938419
-6.637583
-19.106539
14.456505
18.892002
-12.408354
-4.040382
-26.054476
-28.869900
-6.499209
-7.405481
-0.699295
8.368367
9.106731
10.230344
-1.871539
-19.809229
11.704121
-38.147907
-7.544355
12.917781
-34.631252
19.041265
-32.101891
21.639814
24.363323
15.435895
-0.223821
-16.048967
-10.885486
20.932138
-13.380062
12.717797
-21.717833
-25.237103
-3.051982
-1.841314
-16.961241
-23.967615
-21.362627
-0.810272
16.649191
-26.315451
12.725905
-15.254238
-5.763956
27.370621
-8.860100
-13.130452
23.429754
16.609104
-5.338222
-19.534773
-6.845327
16.288652
-16.986088
10.641347
-41.134815
0.844637
1.528266
-32.422638
5.710293
15.746347
-3.691313
-13.816488
-25.681063
-15.687537
-33.703674
22.754629
7.481799
-0.340030
-8.436184
-19.262463
19.099300
-0.000453
-20.544645
-10.125692
-12.156307
1.559213
18.116524
19.448412
7.690368
-1.938850
26.090298
18.872034
17.660950
-7.914045
-10.995849
-1.309277
0.208297
-32.855164
-2.241865
15.810445
-8.142666
40.249306
-5.413935
-21.527355
4.559601
-12.778403
-15.278886
1.983681
-0.253114
1.959861
-8.502696
33.294899
20.102964
-20.156206
10.730754
-34.328876
13.231179
-39.714821
-23.801266
-3.935474
-3.574381
-23.503628
30.715914
13.384347
24.523569
8.397231
-33.004047
15.363191
26.087360
10.693820
-11.466714
-18.228785
9.152414
9.249942
34.790466
-28.033899
23.294409
1.766841
-7.125746
7.981251
3.133527
31.168207
-11.210535
12.503768
-17.874489
-18.812153
-3.807888
8.008250
-25.713409
-21.615221
7.306281
3.339972
-1.010192
9.388187
2.429822
-7.104423
-28.086967
27.505045
-18.568769
-6.339620
18.428795
0.149835
-15.864336
-26.434471
1.063410
42.620331
28.890503
22.117088
-3.557019
-8.937448
-5.398840
8.316313
-7.793447
-7.938657
-12.132257
-12.961592
-12.109777
37.209961
36.402767
18.493530
-11.733130
-19.076057
13.329226
-14.970243
19.060059
14.859366
7.018389
15.791986
15.338129
23.303766
19.546656
10.586124
-7.552206
-23.045099
-7.793473
-11.983333
-28.762796
-18.230951
9.071609
26.229998
-10.708223
22.464273
18.689312
-27.313679
-0.867652
-8.561747
-9.301394
10.153012
1.170379
32.910511
-5.234132
-9.940454
-14.968074
-30.676907
-5.061476
-7.153234
-22.486835
-29.372036
19.958939
19.596983
6.263214
-3.183064
15.247904
-16.416710
-13.871715
8.109975
-12.504493
-18.640017
-2.329051
-46.426414
-18.867189
-6.346437
23.038189
13.296532
10.241254
-22.967989
-26.995153
-15.064919
-14.625875
7.160538
-19.308035
-36.764950
-23.446014
4.344301
15.280006
-8.248527
-12.769579
-8.290718
1.784814
-26.005692
20.159580
-19.287426
18.382732
24.510635
-13.194524
20.218126
-13.833811
10.147786
-1.941292
-29.759623
7.164208
-15.959926
27.942242
27.568829
-11.915758
9.116574
-20.303949
-7.867028
-6.211595
-14.519579
3.784949
26.211538
-28.439486
-20.840954
-0.691564
0.062397
4.219665
-12.013892
-15.520772
-15.789023
17.898117
34.010426
-12.388893
8.422777
-10.620228
9.039023
-29.046066
-5.628910
-20.672991
-19.381605
30.109184
-13.507191
-16.011497
-38.390991
-18.627153
2.848251
-15.978659
-15.132044
12.107192
-17.275139
8.805067
26.649525
24.977234
-26.639267
20.441246
28.575405
-33.225304
30.917147
19.654375
-2.887078
-18.823908
9.988820
-4.173030
-6.763090
12.677967
-16.280523
-31.818913
25.117409
-22.757286
14.762887
19.997013
-10.104085
-20.785418
-37.306133
31.608744
11.384992
23.240040
3.200846
-16.988056
-18.928572
-28.921309
-2.511317
21.060028
8.588241
-21.739803
-12.009607
18.124483
0.075876
-30.984634
-8.496390
11.039381
0.253621
17.542568
8.394717
21.929804
32.022671
21.402960
-5.244712
-26.487221
6.604105
17.076151
30.011003
-9.067909
11.907850
29.692671
-20.387712
-2.442992
-45.457855
-12.861584
23.989065
-20.528090
-2.570816
6.722214
1.110898
22.884260
21.745935
-5.800409
25.729050
-34.148037
-28.736609
0.075479
-14.186077
-9.974406
-1.647802
-8.063885
-21.872744
-25.129051
2.051364
-19.963322
0.068798
-10.694135
-13.276329
2.914346
19.585163
19.692198
10.019135
25.200953
-5.762060
-24.213993
19.598675
6.495683
7.310264
18.593613
-21.915937
-48.083351
-31.652534
-8.941498
12.640735
-17.320829
15.556138
7.149764
11.423454
2.792818
-11.934304
-12.595984
15.655827
20.426842
-7.724954
14.033923
-23.488325
-9.413453
-13.970396
-6.972924
26.039536
14.727601
-26.347286
3.402800
-24.308094
0.506209
14.997471
6.628119
-28.207994
11.072962
-17.977642
-6.926055
-14.827028
28.992365
-19.704437
30.591301
-13.202847
14.840384
-10.637586
2.607966
-28.654552
-14.562801
33.872086
1.508166
16.631453
-4.571854
-23.914391
10.885098
18.214737
-16.691771
-5.152002
9.386226
3.217022
12.412730
10.293975
-42.502293
-20.013399
-28.003536
-21.542908
-11.946034
-0.876794
30.940022
4.138732
16.402189
7.848231
28.221207
-16.981853
18.517925
10.680553
-1.428258
7.125849
11.442515
21.095675
36.593559
-22.417410
-11.904597
26.069790
0.400964
15.328384
28.993181
14.004257
8.302471
-9.054878
-18.447132
12.910500
3.164078
3.829707
28.634548
-3.268282
16.556368
16.209589
-15.471644
34.163368
5.306254
-12.773421
-13.809572
11.777968
-3.405498
5.325888
-4.734175
20.297831
0.056519
18.701982
34.526623
11.144306
17.731165
3.860616
-12.610733
13.909476
-5.708799
-4.157864
10.238299
-25.698483
18.422344
-10.558114
-1.294379
13.717348
15.627378
-36.914215
19.747868
21.852705
-3.031679
13.686299
-17.622467
-12.033176
11.535322
5.469167
-13.643293
36.233841
25.886778
-24.620050
12.153596
-10.319656
-10.091624
-7.697883
-24.135887
-6.095141
3.467647
-17.949751
-11.010343
-8.492401
22.264914
12.038231
10.930419
-1.572849
11.922077
-22.154392
30.250561
2.369418
-6.147796
31.905001
8.347335
14.411219
-4.306221
16.456009
7.798834
20.116447
-5.091069
-0.304877
-12.650320
14.482833
2.995851
-11.976414
-16.926640
4.902678
-18.840954
26.182335
-18.350430
-12.415722
30.608521
-21.254354
-14.460471
18.712296
30.461210
14.103608
10.063073
14.219134
11.460953
-0.082403
25.726707
22.220135
17.866522
7.921939
-9.137986
-12.044600
-20.308712
14.939474
30.958282
-5.484581
-17.133766
-2.314792
-3.936861
-12.957914
-16.951916
16.882015
6.578984
-7.033303
-3.256254
12.958917
7.603495
14.843232
-22.636595
4.247474
1.946569
16.618296
11.656543
20.920359
-14.448473
5.463236
-7.436054
27.909060
28.966312
12.080474
-24.583355
1.192122
-20.978447
31.490273
14.436454
6.256402
-14.876056
-1.444565
-14.131292
21.425325
19.457409
-19.187368
-31.711960
-9.547209
-27.242874
19.972046
-10.970586
31.688562
-10.467190
25.068207
19.629683
29.297739
-21.536617
37.788563
-12.941574
19.586027
-15.710945
12.246606
-26.707241
19.473894
24.274645
-8.898835
8.070956
-44.328468
-26.653759
11.170609
28.154274
2.916398
-7.417961
-3.319256
-21.779821
-11.834607
-11.526872
-36.629040
15.957208
13.782282
2.326464
-31.260557
-11.806347
18.851351
1.677840
18.355959
19.603626
-36.375648
30.472786
-7.458159
-5.074192
-12.010891
-15.777625
-5.166930
12.188749
-17.880829
-0.043561
-17.738426
-31.961308
-25.072437
6.071456
1.221704
-27.174723
9.126269
-16.093292
27.394506
24.270027
3.163660
-23.694815
2.345177
-23.656794
4.879180
-10.760476
-26.715717
-12.375057
14.024938
9.392478
-39.403130
-16.121752
26.479610
-10.698251
-1.364543
-37.316940
-8.973516
-1.455341
20.090832
16.167084
-13.348370
-5.789374
26.301470
-19.280005
15.449079
-30.100704
-17.528757
-29.552971
3.322079
25.741003
-2.513014
27.114511
23.487206
-14.885275
19.116760
8.683523
-31.216129
-6.376875
3.781082
-12.307590
24.768890
-0.584665
-27.047169
-28.802116
-9.755364
4.837632
1.553968
16.949591
-4.139414
18.553715
21.717981
28.901529
-21.277927
-17.488686
3.163803
-6.754145
5.083053
26.284784
12.749869
34.865063
-8.271219
-14.785225
28.509079
-11.563322
19.094172
13.651502
7.734425
-32.822250
-0.914374
14.435109
-10.757092
-21.992338
-5.081893
-18.519459
15.708212
18.068270
-25.991835
28.803862
35.246857
-22.468975
-9.210521
13.986009
-33.667824
-23.814653
-34.466534
-0.700586
27.898436
14.091184
40.063751
-22.106018
-6.485760
28.652246
0.550710
22.307337
22.490038
4.059264
-35.915039
-24.785515
-38.151783
-13.348842
-31.418470
8.473873
5.447715
-29.066025
-35.322708
-36.401768
9.856287
23.818008
-36.010578
-22.265682
9.289201
-1.702565
4.018933
-22.649441
5.598493
6.469501
-11.602551
36.095974
16.994493
7.524354
-4.634897
-22.347139
23.858429
27.807335
20.164627
6.653399
11.432107
22.060587
11.323159
9.713970
22.003283
-5.379248
-3.130766
32.704391
-14.390141
-29.010242
-14.698549
8.208840
23.676682
-8.314346
-13.081837
-12.588544
-2.805347
8.343328
-21.936970
-9.590149
3.685973
-18.238466
-14.157322
-32.084637
-24.077604
-13.192931
4.876166
35.063496
18.993982
-1.372540
-26.426350
25.842291
5.571390
11.067871
-22.578011
13.616915
4.694969
-19.187042
-12.320694
-3.987139
-12.078619
15.031461
-8.050736
8.715611
9.078631
1.101625
9.433894
5.345037
-21.304386
-38.899952
14.678411
23.321312
18.979721
22.370234
-1.041006
-1.870586
-1.801312
-18.219969
4.580057
-30.120564
-12.542032
-19.523041
-21.222412
10.169508
12.741764
1.472114
24.425364
-11.693161
-14.341378
-28.015938
-8.129391
22.323858
18.108723
2.531586
-36.227451
-35.719994
-21.452427
20.342121
-10.730567
4.086484
-42.756012
7.741015
-5.817166
-6.377343
11.595691
-24.656113
26.698601
4.221025
12.474941
-10.187346
-11.339849
-3.911369
10.258750
8.413862
10.488188
3.260513
-9.025732
1.320043
-10.281730
20.613804
-8.153459
-30.338491
-3.360806
-2.172687
3.370614
7.892959
-18.356285
-1.584514
-5.153819
4.744524
31.550032
-14.802265
-2.885900
0.805421
-18.199352
-9.655131
12.300736
-9.592210
-8.031391
33.928730
15.592285
-11.080485
20.505268
-1.401612
9.567084
27.770351
26.461840
-12.186186
-12.386962
29.399710
5.967597
-16.456818
-11.656375
-30.548410
6.394503
-12.878384
-17.644476
28.396992
18.296068
-27.429480
-41.823853
-39.872631
-12.106220
0.025059
-16.154928
-10.747726
-3.323683
-14.731391
-10.396514
13.730721
-24.000875
-28.964947
-20.486090
22.903679
-19.555063
-15.823699
32.403816
14.722257
30.735411
25.131445
-14.867498
-15.575541
-15.821774
3.999804
5.280798
37.010807
35.911343
5.927454
7.767637
-10.124212
-15.103962
-2.085161
22.122833
-5.227545
13.789420
10.479550
16.546280
-32.780495
23.851797
20.935919
11.982993
-18.494612
0.363077
13.365196
-7.646875
-7.947034
4.174500
15.379420
9.810175
1.688945
-14.757066
4.568312
5.215392
-16.817677
3.419387
25.358444
-6.769980
-21.282349
17.238455
-34.913120
4.279040
11.750499
-36.979828
15.671160
12.458253
14.375026
4.964875
5.212731
-41.496506
-8.534250
26.096371
27.969898
1.999643
-20.579897
7.438394
-13.133112
-3.199649
-11.934091
-25.550835
-20.686342
6.476051
-21.820549
7.791508
18.663197
-13.652962
11.338131
13.928340
2.714286
-41.720119
-21.951263
-13.386007
8.479195
-22.080040
17.193102
30.752649
12.588793
27.054060
-3.031015
-26.594366
22.592976
-2.795574
-7.982882
-1.352979
2.158084
13.965589
4.481829
-17.599314
-21.013590
18.209532
10.216302
-1.937397
-12.348186
26.699331
-8.660068
16.438601
-16.990374
36.813313
32.572922
-22.337156
-5.090987
14.694868
-9.601719
6.845819
-23.972334
6.640569
-7.800162
-11.431692
-20.933931
-13.450494
17.859377
28.685513
16.938232
-29.524540
-37.634750
-30.678562
-2.803973
-23.515673
-23.099350
-0.281543
3.248243
-12.282214
16.320395
3.891013
-21.409559
-5.101454
12.514848
12.483538
-30.081091
20.792347
-31.754974
-3.365996
13.550406
-25.453144
-30.843966
32.070286
-14.065059
-2.008860
13.789030
13.570704
-17.320740
7.592156
-32.352238
5.287726
11.393874
19.992188
13.241996
13.210564
-20.364418
-2.163719
-0.328653
9.571078
23.743357
11.070116
19.603371
23.073740
30.702217
0.996245
-39.799187
25.757505
-9.388322
33.094433
8.976198
3.909445
-15.974748
14.310097
-18.226599
-7.871416
-8.923771
3.786482
24.263502
15.750897
25.219696
-26.045280
-7.766016
-15.685190
5.255305
-11.795147
-10.666326
3.845317
-5.496933
-12.705396
-13.582013
-23.924318
-18.490088
0.857318
-7.051506
31.377743
-15.968297
17.140501
-9.947170
8.731082
-8.208788
19.824991
-23.808195
-33.135044
-21.503292
-26.333473
-30.066858
-20.798443
17.891886
6.411216
5.163478
-21.421038
23.196848
18.358683
11.430610
7.380986
-13.120976
10.190658
-4.468676
-20.070423
-14.841294
24.318872
19.906601
9.203124
-18.079756
4.951123
-20.188465
-0.560570
-22.232313
-10.703427
-20.574829
-22.504648
15.453288
-8.758573
26.944025
-11.306372
22.930313
-14.537051
4.050730
8.603581
-5.062645
-9.809661
-14.977058
-10.802101
-14.876390
3.900145
-23.272621
7.757145
-6.082006
14.897003
-10.815371
0.633553
-6.112256
10.523541
-24.292875
-7.584119
-29.408777
10.885015
10.323111
-20.541382
34.334888
-26.773323
17.171236
-28.417738
-26.447895
19.350775
31.809568
21.553835
2.541697
-29.142735
-36.476475
-3.982831
-3.725988
0.632312
-16.974833
-26.070217
-1.612204
-14.830353
35.039928
11.602779
-11.190695
-25.093164
-34.072227
21.574089
4.982666
5.977222
-39.233028
-2.163341
-33.430298
-13.528742
-8.658957
22.314445
21.234877
-11.324647
-27.689144
-4.354907
19.107035
6.565327
-7.170825
27.380333
5.603045
-19.784069
4.990549
-11.276330
-38.110447
1.337933
8.196807
3.310629
15.674712
-35.723320
-11.450178
-1.825103
-18.156956
-30.170639
-3.006639
-16.373257
6.644156
-2.707387
11.383778
-26.250624
17.494362
-1.202101
-9.938279
19.768373
18.180857
4.036191
-0.202713
-36.624310
15.983551
14.501714
11.849977
14.077720
13.215420
32.204987
22.431522
20.758953
14.015913
22.926197
-3.921337
24.862095
35.292171
11.533652
-16.607605
16.768076
15.552517
-5.217448
-20.951868
14.518307
-12.843727
15.473942
21.834009
-7.184604
32.301086
7.120280
-34.115612
30.672907
5.912083
-26.921719
-3.186589
-29.114809
17.904213
-43.471027
-11.741179
16.864185
19.850910
23.921618
20.469770
3.580060
-14.299582
-30.405039
2.401073
6.553946
-1.971563
-13.794869
-34.494846
29.360661
3.551921
18.427668
40.643330
-15.564096
-18.238016
-22.207340
13.295255
-16.989754
9.514667
5.214157
4.743892
20.359201
31.828173
20.867302
-1.001833
34.855259
-7.701417
-13.459649
-14.879848
-11.444774
-17.028900
-24.799973
38.597157
-21.457710
16.027458
-2.405603
-0.387111
-4.630965
8.971307
28.266865
15.309901
2.579676
6.953241
-28.022633
-1.228874
7.654344
17.988325
-20.095768
27.929081
1.431948
24.300880
-13.126809
-8.799656
6.749490
29.123810
27.547039
-11.220536
-15.575738
-2.768605
-41.285099
11.816423
-17.144199
20.097017
16.328382
-25.517864
6.863807
-2.080262
4.067891
26.778322
40.173943
-25.896706
4.864764
24.402761
-10.651134
1.168546
29.412716
-7.131358
-4.574999
-23.988789
-12.260729
-1.584806
-37.639305
-7.716931
-5.876840
13.865708
-31.108000
-25.461460
17.880333
17.358728
15.718951
-2.762802
0.754692
10.400831
-28.213377
10.563972
-36.357780
-47.544842
24.533302
1.240378
-2.347718
-16.371159
-13.698833
-5.460411
-10.396509
16.494644
17.390070
-30.110310
-6.437500
23.258741
-6.070713
-16.787409
28.222786
-19.930906
11.470748
-6.587848
-26.752008
12.950473
-22.865339
-7.893297
20.066172
19.666527
8.336702
7.012784
1.754227
26.266451
-25.692265
-5.988311
5.292571
0.492074
3.204402
-14.114117
6.722314
17.997358
24.078432
28.924604
-25.576181
33.829708
-3.390430
1.312683
10.477974
35.806664
-18.962162
14.408130
13.542423
-10.836552
-6.285155
-19.814556
-9.150573
3.281410
-11.524621
14.140917
7.946750
-23.879238
6.357055
16.010836
-14.552909
4.797240
-16.116220
15.916872
-16.545130
-2.532369
21.384109
4.389175
8.049416
-15.843150
14.309216
-3.056148
23.970978
-13.376663
-3.796816
-2.111423
2.028423
-4.110280
-10.954544
-9.326601
-32.000462
-24.184099
-25.063345
26.006342
5.539732
-20.534491
-5.532635
25.085005
16.460716
1.949854
-18.169361
-3.776452
-40.238838
-13.076953
-6.499683
22.246908
13.853778
-34.160801
-8.955784
-29.752810
17.931261
-17.040140
20.402723
0.440433
-0.339594
15.057030
29.180330
-10.294464
-22.221529
15.281891
27.228544
-10.835599
-9.376147
14.230636
19.085567
18.483362
-28.872110
20.996067
18.160334
-20.329016
-16.072968
-4.075529
17.116394
-15.209744
-11.615101
11.861458
30.574869
17.402018
-26.411539
-3.983701
17.658863
-13.899817
-28.565338
-21.136572
8.324712
-3.484112
27.291664
2.587227
-13.717758
-13.412505
6.676332
-9.512608
2.896545
5.749569
-14.966515
20.190392
-5.818597
-19.137190
7.738283
-31.933201
-13.345995
9.846459
22.146578
-18.926954
-14.295554
2.399189
-21.805622
-9.568339
13.588329
0.598840
-31.037649
18.477654
-9.256936
-31.863348
-0.812593
-19.809969
-13.107167
-6.987971
4.035122
2.010841
-25.704758
-4.059635
-25.297157
39.474075
-9.873040
-12.489398
-24.033808
2.646574
-11.578267
22.955769
18.041931
6.174481
-19.926918
-11.640435
-12.711801
-11.150161
-28.504313
13.430940
-12.787113
23.651825
32.973774
-12.330944
-25.175245
-34.045898
12.639992
21.577953
10.833083
-11.136875
-14.798080
-1.262896
-31.824232
3.717864
6.012905
17.344875
26.306532
28.177944
8.997532
11.659460
-16.852602
-28.808748
7.283711
-11.586892
-10.809581
16.546267
22.504122
11.311519
-21.523180
15.041488
2.350214
-15.903810
-16.130833
-7.160755
-21.200848
-13.628428
-19.978132
-19.203726
-27.713823
16.852509
15.738782
15.316826
-15.878746
-30.532782
-8.421212
-13.827803
-31.314583
-7.743634
-36.078793
7.762433
22.736609
21.204157
24.474800
-10.499029
47.072559
0.819433
10.995064
-11.619458
28.364326
19.909670
15.828773
-32.570328
26.327002
22.049294
7.232535
-24.917480
-32.217094
-15.361540
-22.381577
26.334076
18.486952
7.601634
-23.725721
23.887274
16.152897
-26.435640
21.868267
22.909857
6.827549
-27.187494
20.402851
-12.135587
-18.623400
-7.971397
-28.815639
11.599322
18.988838
-30.479975
14.365673
28.893843
-7.191173
23.758116
-28.006010
27.045046
0.801721
-8.066659
26.845371
-31.680929
2.741337
6.718214
4.316601
-32.918987
-9.224631
35.210011
-19.812101
-8.468809
33.261658
-12.081497
-17.353550
8.767605
27.807873
-5.470636
3.922881
-34.847439
5.565875
-15.850071
22.597586
10.634418
19.892109
14.163961
2.706933
0.073577
-23.814335
-0.952284
32.102940
-18.223373
-16.373621
9.581647
16.324926
26.488115
-1.628060
-20.675144
-12.550420
2.279871
-21.838528
-16.918020
-2.345105
-5.940538
-24.942923
0.557864
32.101955
16.545795
-10.130128
-7.836293
-34.979805
-36.795952
11.316568
7.978493
-15.899786
-4.684301
24.533842
-9.990462
-6.148894
20.363010
-18.985533
-19.553926
-22.245369
17.087900
24.443056
18.284645
-5.352466
-2.394538
-12.188369
-4.564547
14.017069
-18.242207
11.991200
27.281504
-9.343925
-4.757070
4.148426
-13.897036
6.811185
-16.945232
-0.408743
24.840818
19.918774
-2.998073
27.481089
24.683344
-12.482253
-11.529377
4.954295
-21.433500
0.420450
-11.809879
-12.889528
4.260635
-8.837873
-18.507765
23.104822
14.718820
-13.857757
30.579630
-34.250561
0.908864
4.133050
-1.987756
-11.915679
-2.342246
2.166131
0.691374
-17.772949
-7.612702
23.518291
-16.071472
-23.724907
30.504206
12.353707
21.795477
4.106989
22.431452
14.519249
-19.080601
0.509326
-16.915226
-18.434904
-23.531164
-12.020329
-17.188683
-11.656717
23.936510
-3.712880
-0.939898
41.803444
0.968644
-9.141994
-4.195424
-16.053621
-20.350170
0.312226
8.007225
-14.670290
8.771359
18.020576
3.441446
-9.595157
23.797350
8.975509
-3.691899
19.786442
-7.977652
21.908607
-21.442739
12.892431
5.616718
-20.674988
-15.512497
-1.557114
-2.963937
1.178701
5.567825
36.633110
33.952080
33.505772
6.492668
-10.968657
0.309228
14.821980
3.917440
-26.016035
22.530470
24.697292
1.447126
8.219001
-7.666571
14.184958
7.245063
8.722498
-20.815065
-1.833540
9.955803
34.189297
14.229852
-19.497042
-9.444005
0.627680
36.327362
18.537977
-21.042498
12.193436
-25.158047
15.885399
-17.376974
28.115324
-15.867816
-19.415848
17.939007
18.868587
-20.278267
0.500738
17.094252
1.448536
23.506823
-19.155184
8.005508
16.792549
-15.690862
-29.432753
35.022980
17.161970
-18.364502
10.460202
9.851264
16.205925
-2.796969
15.322124
3.283391
30.573503
20.045837
-49.362938
13.767161
-1.905690
-9.589436
1.139343
-5.571146
18.377668
5.851519
42.590576
20.807108
10.886037
24.186909
-28.044695
-8.356256
-15.129588
41.679783
-31.814529
-11.643310
-32.421440
-12.531626
0.532967
-34.727032
6.311858
-3.680217
-37.468410
1.264269
1.346754
9.381909
2.880227
24.714523
13.141587
13.544686
-20.800533
-14.853298
11.306916
-15.639390
3.921648
-5.746041
5.576912
13.140037
-3.133393
14.028877
-12.551023
16.454269
10.621247
1.256319
13.785788
31.218042
-15.326813
21.594856
13.918036
-10.003432
28.248764
-4.640989
-37.836834
-8.626863
-32.716644
-10.621336
15.137779
-1.617573
32.934258
-8.612066
-4.449494
-20.497646
23.011606
27.830904
9.719914
-18.188246
14.247003
-2.064641
-24.770321
11.118156
-28.086044
18.150238
2.336628
3.252063
-29.358612
23.665276
0.081073
-17.439886
-17.869217
-15.639200
12.994559
9.738262
-15.435713
8.616132
-21.613691
-16.128855
-1.928079
12.235768
0.334287
-18.583359
1.740507
-11.603022
-1.572337
-14.352781
12.887594
-12.412514
-15.701851
-24.033175
-9.807129
30.051388
-10.906330
3.235065
-6.328120
-9.213816
1.681683
1.985918
-7.426898
23.793682
6.872084
-0.410964
-23.676741
-23.079195
2.208346
-12.071655
11.645327
27.428942
35.211048
-17.884695
27.041731
19.463087
-36.884052
16.691866
15.095324
-3.078744
9.149387
-25.941093
44.800987
-19.904585
-6.185723
20.260536
-8.054881
27.051176
15.409376
-20.014757
17.038706
-6.895095
-5.586166
14.717192
25.934013
4.236973
-37.724525
-19.084866
-28.431231
-1.929827
-15.979852
11.731892
-8.304162
30.881678
-0.981291
-22.194647
-28.914970
23.185249
5.766570
-3.440088
8.722259
13.099731
25.718285
-5.404582
5.592497
-24.790041
-9.051085
-6.624954
15.299034
10.720538
-14.902757
26.291506
-18.654972
-2.436908
42.936901
15.024762
-7.402170
-24.086775
13.423769
-7.152370
9.254755
-22.561220
21.440561
17.458939
-16.667509
-7.992149
-14.404748
-14.176510
-35.776894
5.604634
-25.343973
-31.527208
-8.928664
-11.006026
10.283322
-26.036074
11.616934
-18.711302
-20.360348
-10.783331
-11.063873
-16.258257
-16.169260
5.405603
-38.985081
7.842116
19.825155
26.456427
-14.711281
8.157373
-4.808322
-5.944008
-12.541889
0.277707
-16.784433
6.660287
27.847471
10.202913
5.651335
-29.611048
-3.813157
3.610343
32.003716
31.404194
-13.290483
-28.847645
11.925584
-29.405771
2.595900
-29.587831
10.087944
-19.984882
-5.929107
-16.455799
-6.211164
-10.752073
13.563628
23.025743
-32.264648
-15.666341
2.330307
-18.345795
10.477509
-4.012679
-3.289356
-7.438427
-21.340374
-10.677321
-10.598767
26.439348
4.397253
-8.716593
32.192726
26.952610
8.509289
15.585963
29.029942
-3.706594
11.434412
-2.450468
-9.247034
1.849076
-24.170038
14.011729
-11.956682
22.998531
12.440784
18.210888
-28.028151
9.631424
-17.747622
1.133011
33.595142
-12.347255
36.099968
36.494282
-11.898080
-4.936647
-24.221684
27.250406
4.108773
30.671545
-22.179094
9.681936
-14.064582
3.129834
-17.023727
20.108362
-7.066132
-25.049593
-38.435104
7.071746
1.032187
-34.767948
-1.504680
17.613911
-29.077045
7.103954
-11.241969
-1.676743
29.450462
3.450830
29.804556
-4.398818
-20.692978
-16.464724
25.918785
-26.756557
-13.954428
-13.812912
-11.704560
25.069834
-9.665464
0.646687
-37.028400
-7.768422
-5.830281
-18.034386
-27.007784
6.092928
-14.126344
25.014105
4.575675
-0.017990
8.101505
21.261810
5.136632
1.633476
-11.650191
11.671260
-29.512987
-8.938106
15.167027
-7.612594
-13.679797
25.182699
14.690112
5.910311
-23.793150
-31.609886
-18.789742
-17.815182
-1.376611
-8.198658
19.670174
-8.770455
-25.089525
34.549206
-7.413365
13.593726
9.218573
-18.188162
9.975281
-13.174746
-13.577209
-28.252567
23.874540
-18.236095
12.720372
-12.513515
-12.101382
2.657517
-23.855480
12.343033
-22.170687
-18.428032
-15.899692
15.706977
-20.463001
-19.490463
3.417663
2.811401
-10.083652
-32.887596
8.110475
14.278481
12.994820
-1.671670
36.692673
-30.850372
4.139652
6.371326
-16.894894
-17.618305
-8.282523
-3.525185
-7.668340
23.381081
-12.827579
23.409197
-3.922517
-3.033226
-3.324502
-2.198343
-16.901175
6.218496
-39.560802
9.728135
-2.242327
1.108714
-5.666618
-1.802960
-2.464397
32.309620
-9.736701
15.374031
25.439526
22.179358
-27.498306
-9.395142
14.464374
20.622152
-28.373964
17.694410
5.762692
-6.431752
7.769919
4.376022
2.260571
4.459693
9.349437
33.023453
-4.614987
33.154343
-12.592096
-33.903202
18.254404
-7.960928
-15.418010
7.700687
-12.978236
-22.633951
4.697458
-6.693761
-26.831169
-17.524227
-10.024988
22.806044
-13.164886
25.180855
-8.894993
-23.141186
-5.562217
-30.580688
-42.624378
-13.920896
-11.939713
14.977572
14.286122
8.556580
-4.607726
-23.197161
8.649327
22.907385
10.563499
-0.993109
19.822281
-36.355324
-34.372288
24.745443
-17.424772
6.600737
-0.624830
-7.332782
-30.230021
11.815975
31.882116
-11.824196
7.931079
-4.274791
-6.091242
-21.596785
5.090054
-5.054085
-4.767543
14.946709
22.991304
11.321525
-28.434532
19.979347
-7.894656
7.026124
-19.032475
5.773137
-0.117792
-26.517925
-3.237400
-8.994438
14.645458
33.455040
29.549393
-33.843483
0.277088
3.466814
-36.840561
9.213895
20.083826
3.120156
1.839977
8.706586
14.397434
-18.535469
16.727846
-12.300109
25.387859
-27.869640
20.448771
0.510304
-29.271753
12.178126
-41.980789
-21.442921
20.236822
9.612961
11.495512
-19.301142
-32.032047
2.629694
-11.836304
28.127365
15.250999
23.552055
-13.314025
-26.858604
31.397364
12.019204
25.097273
-31.215275
14.141461
-15.416881
-33.602570
25.764940
-13.487619
3.442929
25.649776
11.309479
-36.743320
14.857067
24.805813
-20.402803
-41.101723
17.752611
-5.417783
-11.715246
3.131746
-0.431512
-19.092394
11.578880
12.576736
-0.421436
-5.223923
24.658257
2.979454
7.424715
-2.257512
-28.583977
8.825036
15.017549
19.943119
24.200514
-15.166564
-0.146844
-22.740789
24.724409
0.160806
-16.536810
-16.598986
10.189485
-22.957989
28.855402
4.752118
24.058973
-35.615704
-21.531374
16.388880
15.757066
-26.760090
17.489506
22.922070
-23.219891
20.046022
11.856386
1.408409
-10.425997
9.095190
32.067356
8.664551
19.347595
-14.587579
-19.865187
-15.692507
16.728050
5.343311
-26.400986
12.915199
-12.550529
1.981342
-9.398075
0.828703
-23.117311
3.473668
4.766129
-12.330854
25.019747
22.497900
8.480785
-36.138199
15.476635
15.474839
17.019577
-9.536433
-11.054878
-7.475416
15.858180
13.787938
-9.630038
-21.228262
-8.772647
20.842627
-39.421524
2.884727
20.490709
31.686928
11.692981
-13.051608
8.085749
-9.904636
-3.634688
-5.593752
19.039633
-9.011580
37.561604
-29.769251
36.180237
-7.167366
-24.444290
-27.157726
23.592775
37.782055
7.046524
21.223188
16.408628
-13.160281
-12.654110
6.984372
7.696252
-2.274952
-28.072557
-10.595744
-18.687582
1.126925
-5.450037
-5.162409
25.421186
-12.852362
28.930210
30.754145
-12.248169
-33.864784
-40.101566
-12.681467
3.575711
13.491392
22.829130
-30.900263
31.621588
-13.620173
8.721392
21.968662
-11.515471
14.935546
-1.836340
17.327312
-26.691280
11.935106
-14.599749
20.792706
-24.288027
-28.987587
3.863502
-0.171574
24.304962
34.482380
-0.874962
2.467484
-14.111221
-43.990292
-23.559797
-6.174810
15.627779
-17.871525
-3.247213
-6.907128
-17.449358
20.602839
-0.784823
-7.005882
-19.630680
-23.792830
11.500577
11.313435
-9.795968
-17.582441
-13.152168
24.310131
-7.963022
-10.000360
-12.671452
-13.863631
-7.162786
-12.583774
-15.000935
-1.705324
-0.453613
8.508434
0.815711
-20.567070
16.012791
0.550920
2.153173
24.893328
-13.734134
-6.587511
18.862064
20.651024
3.366249
-10.894259
11.300160
-27.957098
9.653996
-31.502792
25.866940
17.939989
-1.747654
30.807268
-4.896429
1.559525
28.557468
-25.956436
-32.717072
-22.777147
-21.718592
-2.638040
14.887284
9.359814
10.617690
-11.988153
11.766370
2.554570
16.558893
32.762600
20.442808
23.171761
23.421072
15.030898
-16.258215
3.523063
7.051488
6.766879
-3.802976
-33.800743
-20.374840
-15.180246
14.946769
16.076963
24.791533
-41.845840
18.871561
23.452791
12.551045
-12.881127
26.549273
-23.680958
18.564602
-8.541115
-5.094492
-16.608500
-4.904365
-7.766600
-28.850779
26.306395
-21.133455
23.249710
12.884202
-0.508443
-18.816301
4.996046
-0.544165
-15.704655
-11.432030
-10.221617
-21.777691
-34.756981
-32.688564
19.833639
1.199184
10.459105
-28.334137
5.815438
6.298060
-15.244955
-20.063623
4.198807
10.652994
-5.185037
34.988602
-27.249601
-32.036877
22.426550
-15.665587
12.480265
6.509348
-22.040218
-13.607247
-25.993000
-21.406605
12.220242
21.798229
13.576203
-21.078751
12.604129
-30.270477
-14.110485
-9.677624
16.546131
15.834468
0.912009
-9.838006
-12.695981
4.565372
-26.969143
-35.771332
-8.219971
17.764938
-21.951944
9.466458
7.364522
28.314146
8.463971
18.260698
10.326245
-9.168927
23.010674
19.913071
-42.005417
-30.925638
-5.238332
13.143709
-21.186081
-22.481638
27.605455
19.885595
-30.906462
-10.918918
-0.755435
-18.904202
-21.425428
-8.882609
23.248508
32.677387
-13.810804
-11.948133
-31.954189
20.949808
2.078706
11.839676
-26.977903
-34.250614
-8.282592
17.045162
11.929038
25.487431
-20.446163
7.854650
-0.309078
-22.927193
-5.226637
0.917193
45.076645
6.857035
-3.167267
-19.366568
-10.356513
-10.146804
-23.552485
-36.770020
21.620083
14.805380
-24.844145
-0.194799
-35.428543
-29.631559
8.467772
9.771220
-30.117331
-15.739091
-17.642479
-16.806858
2.665878
23.587988
-46.617817
-12.601452
8.254151
17.256521
-6.984046
-18.596371
-20.961737
-24.725082
28.378096
-5.611668
-14.381611
-22.892891
-6.798110
-6.227285
-24.210369
40.002907
9.519201
-0.167633
6.090493
-7.172149
21.667126
14.669440
-22.316034
0.083281
-5.349009
-9.644706
-17.108368
15.069997
0.311643
25.384760
-13.953538
-18.375328
-17.304457
13.071372
-1.971046
-3.715904
22.819912
17.854952
9.571084
-20.552877
-16.280849
14.469319
9.366567
18.954041
-6.636979
-18.249502
-24.540979
3.863260
-20.667765
-1.549055
-11.152458
3.826017
-22.403391
-6.932635
-41.578773
34.433807
18.924128
20.675501
24.212025
26.631275
22.850641
-2.836167
21.039053
-17.333740
-25.556849
10.846768
2.547752
-5.986631
10.812085
24.878197
13.436552
3.790557
17.763987
11.347497
20.353846
5.662188
24.460737
-10.835766
6.137664
31.653858
22.818760
11.397737
-7.393710
8.853865
-13.488162
-14.507241
-27.508936
-24.259323
23.102581
14.178632
-13.690402
22.795153
11.814201
8.267252
17.579090
-21.578907
3.674163
-24.624428
-15.541980
-17.730183
20.507139
-10.842280
-8.193748
13.808627
1.569812
20.585539
12.073397
-22.105274
-1.454715
10.806524
-9.316409
21.323935
-11.975380
-33.408005
-10.444246
-13.524451
36.289360
-2.023014
17.588305
19.510067
-18.973719
24.226223
-5.633040
-2.873957
-17.473429
-22.874903
12.724669
11.896318
-26.858940
15.731444
-8.929561
0.124942
-42.594227
12.052599
17.192757
-14.178987
9.041713
-23.967037
18.280979
-1.265909
-1.945829
-22.864290
-15.597613
34.431210
18.173277
2.637188
26.497801
-6.856036
-13.809175
-39.923016
4.794284
0.878482
33.154377
22.191013
0.817964
19.729982
15.833694
-11.423003
27.801371
-3.744244
14.880964
20.758738
9.806595
31.268026
-6.863148
23.587238
-19.163677
20.843060
-22.237551
5.374974
8.010406
-28.344917
18.313284
-4.072785
-1.078595
-0.737965
14.469764
-38.126427
2.040015
-22.215063
-7.861875
-16.686983
-1.132509
12.059689
4.411839
-3.703784
13.200070
-17.869133
4.746537
25.153925
-12.737149
-14.582057
-7.766829
-30.789446
-15.192281
12.654591
-3.946367
15.727910
-7.114052
-31.540501
35.125294
-15.462420
10.238837
-19.764294
13.581464
-7.819221
1.359975
-1.383110
20.981516
-1.091125
10.449740
-7.512650
-7.191008
-11.134391
18.386799
3.467255
21.984360
-7.839955
15.445025
0.873120
-6.536327
-13.819914
4.362949
21.317263
32.424671
-15.722234
1.327057
23.761065
5.969138
-14.912755
5.655844
-32.242699
-0.777952
0.555157
1.699888
-17.992008
-1.464936
-6.421904
7.051884
8.419708
3.221580
33.308960
10.021779
-6.914148
-31.055817
16.568670
0.701804
-30.156746
-2.775156
-18.835882
-8.590505
-2.633361
-6.990878
0.492052
28.649250
-11.663082
-8.833452
-0.329866
9.870914
10.218170
2.651609
25.302134
-7.175901
-6.637434
-9.182372
-10.759165
5.423036
-9.435716
-5.148899
23.825552
2.241875
-27.539980
-24.869551
15.813674
-7.891518
-21.100374
-33.195366
15.987955
-18.710972
16.915972
-35.747265
-2.721874
7.759758
9.195830
-4.517473
-9.563073
27.978657
16.596361
-11.644012
-0.113477
22.412575
-21.053200
-24.536041
-27.262381
2.225914
-11.373882
-17.933084
10.361912
-1.870927
17.081955
14.380094
11.614417
26.351803
-24.605635
8.835604
-30.444073
23.733860
21.710064
-7.441395
-12.755318
24.852777
-0.163744
11.180838
-15.737786
22.399132
-39.698521
-18.045637
-22.546419
-16.473465
16.468634
-5.015107
0.964527
-11.632893
-11.412134
-11.631572
9.382171
-34.412769
20.898401
7.486908
-30.328310
-3.382574
-13.470833
-1.724850
21.164574
-6.874260
-5.878624
-11.294292
-0.062302
-15.678277
-4.600939
19.342894
-9.514355
-19.499239
5.583311
11.341043
4.864576
36.969067
15.341347
-11.601127
-10.156810
28.681549
4.776139
-13.634771
8.093385
-13.203051
-2.517661
13.811027
-4.746904
-23.665068
-12.496703
7.958426
6.538131
31.509172
-25.273132
0.242133
-12.510337
-9.289880
-8.514369
12.248108
13.144584
20.656897
-4.079709
-5.839042
-31.469988
7.908825
-2.187303
0.811852
-2.973417
19.769381
-11.572093
-7.510078
-10.612395
1.678345
-5.848899
-2.818065
-3.352454
24.472820
22.084572
18.862677
22.002403
-15.788420
-6.821904
4.829863
7.471167
-10.477377
10.247949
13.301092
6.047858
1.987996
-1.183020
-31.362061
5.179417
31.934479
17.463003
-25.620386
-30.544184
21.584028
-9.618877
11.573029
-2.667846
-4.862216
-1.937370
-19.254583
28.482939
33.409893
1.715235
5.430685
-0.260291
-6.896747
-2.574465
9.401139
19.185059
-15.964345
-22.873470
15.841401
10.102507
22.549545
-14.481064
-24.859749
-21.316191
-16.389215
15.811619
-6.122363
-22.131653
18.462854
-0.051620
-11.133071
-5.104046
-28.190176
-12.427844
-10.584678
4.543957
14.445930
-24.258205
-14.627689
-7.431499
11.456400
22.648260
-26.399498
-20.640015
13.769897
8.198861
1.038657
-36.286461
29.592592
-17.986563
-4.255702
4.597312
6.351061
-19.820484
-25.490705
-6.714337
21.701765
2.083863
20.817247
7.365146
12.818681
-3.496271
-13.237576
6.204867
-2.085602
21.401337
-0.996367
-13.638473
32.614376
-19.223724
-18.403866
-24.016556
-24.000113
-17.820459
-20.996372
29.263245
3.714585
-5.516981
-25.727386
21.699488
-28.140985
-21.128794
-5.097065
-9.056645
-39.174862
6.902670
0.976841
-16.868391
15.519946
-12.047520
13.385859
-15.895299
13.209249
-6.078947
27.653011
-33.059189
-19.042063
-6.398764
-6.917270
10.524902
-15.536530
-7.638356
22.505341
25.463465
24.642866
-19.020832
-8.650187
-20.772511
22.937658
-0.471863
-6.105881
-15.842641
-2.452350
-27.002058
-30.676449
-9.354409
-3.460235
-29.511965
-33.831905
7.621680
-28.767317
4.905577
4.794529
-0.190720
-15.146424
10.119950
-4.127080
-37.032677
-28.857893
7.515636
28.423285
11.414317
-18.948402
0.567017
19.666161
-13.919274
18.263620
-11.015631
-19.811913
23.442217
-1.765444
-16.175537
-30.898703
-34.420048
-11.639878
-24.506153
31.469368
-4.724376
-18.031103
24.838718
-1.635072
7.684941
-3.178086
24.778786
-17.721905
15.093507
23.726236
-21.887903
-19.508993
-29.885403
34.967617
-12.016088
8.572799
-20.382341
31.185011
-0.379912
3.215509
14.059457
-19.086426
2.638425
-0.791752
3.079075
16.563137
-1.928693
2.897456
-37.263142
12.583500
-36.575119
-10.611739
-24.526598
6.996964
-11.543899
-22.069046
-16.248678
18.713943
-28.958874
10.245872
-12.035035
13.290257
14.176284
2.728893
-1.128029
-7.361047
25.852606
-20.772339
5.813892
30.174948
-21.352304
12.103066
17.112856
-13.056973
23.612879
-25.056845
19.865000
-2.242750
-16.088322
3.175406
-8.607680
-3.451344
-6.370422
-5.543200
-11.973674
-21.945723
5.262244
-3.877597
18.304129
-21.362286
22.357529
3.004488
1.835458
7.667970
-19.568676
34.840519
30.946409
-21.462057
-22.334419
34.801311
-9.619358
27.427816
-23.461500
10.876539
-24.193180
25.771606
20.955286
-30.646584
13.289271
-8.844086
-19.264954
-5.194927
25.196306
-14.272313
-5.238337
-7.353892
10.635254
-8.639402
-19.274260
15.562514
15.064666
19.121807
-12.234218
-30.593151
6.194024
10.329712
25.270168
-38.365231
-19.266844
6.799833
16.131336
-21.079500
-23.339186
12.757161
-4.387964
-14.444096
10.585441
-27.757519
-18.934065
20.413729
-35.897743
18.958397
6.063349
9.446537
19.755775
-10.951966
16.086298
-33.418732
1.405683
39.197311
-16.188185
-5.610794
-15.344495
-20.424915
16.448345
22.724962
-1.200986
18.866167
-21.502546
7.758641
-11.234048
-32.325222
-12.794371
-16.477013
2.467440
15.011616
-35.236595
-6.287089
-16.177309
-0.817810
8.833570
23.604843
-1.829786
3.669319
7.276107
-15.546636
-32.616592
27.336401
30.985645
31.257000
-24.762608
0.571901
-1.203946
19.366444
-25.071190
19.600508
25.686644
-20.941381
-20.160488
-4.497284
17.218405
-13.492950
-19.312428
-17.737761
-22.550959
12.237181
13.498818
-32.053310
-7.018837
12.632452
19.501368
5.112865
-27.492592
-11.946255
-6.423514
-11.162871
-16.017870
18.867001
-23.360407
28.919224
0.531451
9.101604
20.511419
35.952927
-3.314526
-17.213507
0.631785
-1.876746
-9.512432
24.139004
13.412960
21.451447
-26.903650
9.011436
-4.926111
28.943615
-5.135435
-7.889550
-18.020926
1.805793
-21.545364
15.013514
-9.897449
17.633976
-24.779093
18.397312
3.248384
10.711709
5.351456
34.999947
5.801664
-13.453705
29.313377
26.421762
-7.093508
19.120163
-14.653998
28.998222
4.849582
1.223515
21.465668
-15.507686
-13.408587
2.817424
-26.053112
-6.898453
-29.853502
-24.470686
3.738700
20.451458
27.758116
-21.366594
12.559140
-5.557789
-12.312826
16.099401
20.521557
-14.934853
5.837349
10.472225
7.027759
-30.139624
-6.916485
-11.405459
7.533708
-16.320866
5.932725
26.093353
19.193935
-10.620512
-6.904115
-2.163123
-5.565317
-22.608843
-17.817354
25.115404
28.841190
5.409441
-28.338453
-1.853735
-13.168833
-26.138912
-14.936316
-7.108634
16.347931
-6.946298
10.645799
-27.785912
-4.842412
3.843255
-18.605639
-3.237178
7.830615
-20.476505
-29.749060
32.887177
-17.265078
29.898731
-19.104904
9.292423
-31.298918
31.732189
-4.188685
19.249365
37.924580
20.658669
5.547104
2.042845
21.367281
14.019295
0.105238
24.780272
38.146732
12.272097
8.687717
3.644221
17.045670
-18.549852
3.759651
19.237656
-41.456306
-0.598065
-1.475278
-0.655221
-3.094857
-9.296337
24.845255
3.405328
-31.532545
26.952499
1.277264
40.863121
12.614431
20.223391
24.454878
-8.043336
0.592926
12.150124
-40.451347
-17.539833
28.444492
-28.898771
-23.787388
24.992901
17.507799
35.031265
-27.130962
16.096653
-10.794013
6.378231
-3.244533
19.686773
5.326588
46.110519
-8.716829
-14.271546
8.868116
27.561523
10.672600
10.929268
29.798479
36.705498
7.518222
23.564299
-1.621714
21.888784
-1.577652
4.217651
-18.440411
-20.131193
-15.569044
-10.659003
19.786840
-39.131794
2.078995
27.137583
-19.870289
27.054209
-0.236891
-10.815287
22.530914
-18.991806
3.866380
-24.045673
13.538235
-17.645082
11.293352
-3.684330
13.241401
16.836021
-8.031233
-24.962450
13.370124
-0.511487
-11.867781
11.307351
-15.252868
21.051750
-8.401643
-10.367173
-6.805509
-20.439587
-20.783474
-16.800104
-15.752317
23.318247
-19.319880
-19.654642
18.179949
28.458536
-5.969159
15.197466
-29.678539
29.172853
-3.388536
-14.856834
-10.922330
8.695900
25.597559
-4.499723
-8.443738
-8.888429
-37.512264
11.007732
11.164103
17.978710
-11.309312
-12.514586
-28.327185
-1.022302
-4.647348
30.475140
-5.350379
25.643372
21.339069
-11.511264
10.363070
-0.123605
9.160282
-16.526529
-21.028460
-23.477268
-8.618923
-20.187366
29.703999
-1.125899
21.054358
8.758483
-17.699530
-6.420088
19.719757
5.314084
-16.173672
12.964625
13.228985
14.385151
-38.690319
1.083567
19.004362
-5.674779
-9.472241
21.674667
-5.297217
-1.234164
-8.922911
7.818674
-29.678844
7.348612
21.998911
0.013314
22.542585
26.863317
-10.528968
15.929296
14.299767
16.278191
0.649914
23.542484
-18.708414
5.240411
0.115895
25.117365
-17.532421
-25.441553
-6.505854
-38.114773
19.738895
-8.958000
28.100653
-12.814424
1.364438
17.650217
6.318719
5.711896
8.521166
5.151341
-13.999916
22.078564
-7.307561
-7.531523
-22.397135
29.236559
23.405966
12.826138
6.134461
-11.420270
-7.486082
19.540892
1.727864
22.424236
-23.195944
-7.338736
4.786714
9.584654
-15.035555
8.012704
-10.042891
8.869993
33.726627
-18.444910
-3.601746
-26.104559
2.371148
39.421097
9.795095
-21.622877
-10.094708
-19.933039
-0.599810
11.046808
-5.126153
2.837927
21.532825
-15.515172
14.477080
27.434477
18.081261
1.758883
5.703675
-14.129542
29.466543
-22.170401
-19.681232
-24.516533
7.477104
9.729222
5.397119
-2.314106
-9.703099
-6.853320
38.117699
10.174411
26.868448
-22.543837
22.995569
-8.805382
1.037539
-12.067239
-20.453850
-6.108649
33.521561
0.704981
-8.165547
11.601014
0.973938
-15.027600
15.198424
-20.936472
25.711897
-10.960096
-3.490627
-12.973560
2.349715
-10.832727
28.174038
6.547086
-3.156812
-24.222736
11.946090
-7.010524
-21.210167
16.498602
29.742548
-15.029101
-21.938129
11.342695
19.994129
35.912277
9.578511
18.343699
-21.029114
18.589390
-27.846832
-23.044222
1.507089
-4.960244
23.835773
-18.854525
-14.981189
39.052322
9.564864
32.534454
25.032610
-43.721931
-14.303386
6.529272
25.579203
17.044081
-21.879946
12.399565
12.561913
3.652095
-2.117287
34.712296
-22.221615
-0.036390
23.003454
10.799803
-17.008661
-13.356813
28.557558
2.013576
17.189955
-5.210654
-27.483957
-20.719501
10.693718
13.810279
-12.726746
-5.057063
-1.711436
22.627518
-0.316650
12.631390
2.798145
18.761616
5.767356
-9.601992
-0.642150
-1.839612
15.474771
-7.287471
-32.885365
-5.702188
-26.623810
-0.849298
-25.501310
-14.130127
16.236650
21.292919
2.702115
-0.849482
18.123701
-9.638201
-22.279139
3.057248
-32.758110
6.209336
3.037160
10.126052
4.211843
-19.381332
22.887205
14.198766
-3.208733
6.609617
-2.407372
-20.267550
-30.021677
12.371166
5.531956
1.569007
5.135074
8.141624
-7.517573
-13.047129
17.339123
-2.704857
17.856871
18.840563
-13.089655
32.203430
30.041609
7.455465
-7.944757
-28.028065
27.567295
0.790918
17.940065
27.571758
-0.790694
-18.703655
2.460405
19.254934
9.157391
12.200421
-24.582727
14.892944
9.440649
-31.687819
-23.367819
-21.835287
-18.995560
24.681299
13.013986
5.885950
-14.790951
-5.297571
3.161051
10.242833
-2.074717
17.163263
-22.882381
-20.438992
-16.260275
-34.811169
-15.202051
-16.746107
-23.077663
11.521539
-4.475566
27.432892
13.157418
-17.222942
-10.548018
-34.041882
14.750797
-14.641205
-9.171401
-0.691322
-1.537320
-18.329050
-24.538343
13.553649
-0.978078
-9.278920
22.397762
-21.818340
19.614494
3.217333
28.524347
20.427467
15.616317
18.713667
-10.301763
-21.729219
16.974161
28.716270
-8.502472
11.052221
-1.749350
-1.962017
-37.669117
-28.635399
-17.273922
-24.567606
20.657427
-22.542450
10.206545
11.467274
10.567329
-34.612217
4.800150
-1.563549
6.889443
18.043179
26.316187
0.518454
-18.005081
17.420784
-3.031368
21.483074
14.802459
34.409000
-13.351657
0.205038
-16.163134
10.966579
12.067810
8.205147
19.200190
15.817339
-25.281376
22.886013
-14.394876
-11.786915
8.009929
-12.045134
-23.836000
-14.858526
23.189936
-6.609910
-39.941456
-15.002148
0.030820
25.917465
-17.722076
-8.882580
23.045942
-17.582180
6.355513
19.812817
9.612958
-15.006968
-1.925714
20.372665
-31.924751
-25.780493
-24.324081
15.109122
22.192760
-19.440498
-27.187098
-4.634903
4.606007
23.666077
-13.641020
-24.018547
3.112624
17.350325
17.552885
23.205746
0.604196
32.922897
7.384799
22.438337
-13.171965
-18.963480
-0.857965
-0.647656
-23.609367
-8.510231
34.535992
-25.804789
-6.776672
4.460384
-21.878544
-5.784454
26.213217
12.548947
-17.514481
-0.977524
18.740730
-10.291883
15.564281
-6.768214
-0.397386
18.187124
-17.585079
-4.761189
18.256552
-12.946816
44.546055
-3.279809
-19.142063
23.455347
28.382565
-21.540688
-9.455868
-8.741167
-12.591834
16.509853
-15.303055
-29.678612
-22.174297
2.056077
2.724071
25.323059
10.384905
43.646496
-29.953939
14.412231
-29.212488
2.559716
17.035065
-29.128462
7.132196
-36.607708
-6.000635
22.539339
-25.213278
-5.829166
16.603270
17.097275
20.397787
37.437248
-4.886504
-12.724278
7.113342
-23.897179
-19.856882
-8.650692
-16.358860
-12.675859
-26.834003
-10.409630
18.783957
3.386714
-16.646938
-7.276518
-13.766660
-7.543257
-12.528098
-27.145363
-25.124939
-24.531460
7.764308
29.237402
-23.402422
23.554300
-16.057621
5.474897
20.282349
-17.520294
-24.661137
-24.383745
6.258304
-13.100199
-2.930152
4.193401
-19.617731
-8.744320
2.793692
18.561409
5.224467
-18.929996
-14.481015
19.338932
16.211464
-12.607565
-8.056369
-7.196137
3.339482
-8.413161
-25.393923
-26.323641
-0.845801
-24.945425
14.539595
-9.540017
-9.882284
24.988297
-22.680264
-2.666047
31.399046
5.865897
-1.589557
16.885647
-6.155003
-2.419284
-3.009522
-16.842129
17.059549
-21.828506
-6.008919
-28.615971
-15.676855
-10.330979
-16.391151
29.116758
-42.185440
-10.406247
-0.450485
-1.126976
15.454613
26.124464
21.394402
-22.672022
-15.641997
-23.086792
2.756395
19.784203
23.132236
20.805811
-8.267259
-12.560299
-9.164273
-25.423536
10.370152
-1.361908
39.442211
-29.063662
6.897086
-10.792778
2.916023
-12.147335
15.966562
20.205698
0.318289
21.570499
-6.109071
-17.352205
0.087234
29.299473
-11.805096
23.656666
-13.015338
-26.920013
-5.981740
-6.327773
-16.593140
27.000862
8.509808
19.906715
-25.780468
-7.886967
11.236704
19.605749
2.167625
6.387565
16.413679
14.330677
26.599010
-23.541027
-34.937565
-20.917068
-19.040369
1.414918
16.981855
-18.934181
-14.454129
-0.518687
-13.309981
-11.971763
5.156975
-14.585908
-26.976727
7.580009
-30.959663
-4.677571
6.844283
-34.261616
-15.475372
11.158175
8.369696
-27.737911
-0.634333
12.591303
5.340612
0.077106
-24.402380
-11.076667
-12.216678
10.588278
4.106712
-21.858023
0.184158
-34.863209
-22.358812
-22.719147
18.083082
-14.269226
14.887402
19.301018
8.639203
15.603489
22.380930
-15.810285
-15.473909
12.488672
11.118069
-10.150935
25.556126
-33.609074
34.478668
18.337379
9.750549
-4.389908
0.688553
23.964201
22.487320
-18.807905
-27.907288
-28.707689
3.495150
-6.845010
-8.613694
-28.974295
18.414951
8.786584
-17.406912
-13.641273
-3.543038
1.356849
-15.322671
-5.272226
-27.808350
-23.924328
-12.763177
-10.449811
-12.109553
-3.795224
12.529185
8.836288
-6.598907
-17.953281
-25.920826
10.826081
-6.704506
-8.462798
-26.181051
7.435740
13.796040
-23.056494
5.816342
16.645157
-26.577286
-20.552629
-25.084833
-32.237240
31.972115
-9.994148
-19.315773
-7.020504
8.353800
38.053783
-17.758347
-25.292591
20.338867
18.376696
-12.338330
-16.151152
10.447642
-11.269373
12.467366
-0.833174
-18.205767
-19.914289
14.420840
-35.489323
-2.623622
15.676678
-18.344995
-2.030019
-20.460739
-37.723366
-45.615677
25.328604
2.869024
15.749064
-23.022484
-33.830124
-7.389309
-15.862954
-0.903079
10.969295
-21.353848
-7.928919
-11.137232
7.067888
16.031670
10.375032
14.769858
-20.674234
0.154224
-10.668236
-33.404022
22.281708
-8.534647
1.988993
26.692997
32.312866
-14.840302
-43.747307
-0.035965
-13.349641
5.521240
-7.639824
-26.456507
-11.881083
-17.532108
-16.639484
-17.565969
-30.316341
-1.849732
-43.161591
-19.033112
-36.867565
-19.841305
3.509343
0.179834
24.310572
3.128382
-4.819876
-1.059560
-27.018023
-30.457396
6.135739
2.022962
-7.747070
-21.473845
-2.426319
18.681349
34.585617
-0.239311
-14.032175
-6.774909
-19.130150
-6.938152
17.741493
27.000420
19.747271
-9.647889
-17.394062
11.258378
-14.453334
5.520864
-30.285324
-13.987500
16.181606
-8.751106
9.454753
-26.152655
13.315514
22.666035
17.371756
-13.513053
-29.363064
-15.660958
-1.198154
2.219123
-1.481229
16.803526
-11.052914
-19.840992
-3.874075
-2.122256
38.649605
8.982997
7.972742
-3.064440
8.665807
-30.568634
-23.149197
22.047157
-1.648423
38.696259
17.950712
-6.015114
12.901823
1.139012
33.684742
-18.634106
4.129249
-3.776866
18.434761
0.292461
-6.395905
29.296562
6.712615
-7.846185
-19.045845
-0.958373
-34.374264
-25.067364
-17.850359
-3.267275
-24.064051
24.041132
-0.377668
-11.375014
26.999775
21.386135
40.859531
24.128998
-0.836674
15.139633
-26.894991
19.501642
-21.287722
-3.677881
9.635929
3.535899
-12.865611
-1.393100
17.057148
15.836788
9.604843
14.225002
-10.581542
6.743644
8.278772
19.966530
-14.861598
-10.165743
17.607817
24.140341
29.937284
-6.512832
-16.337950
-14.270888
-24.373730
-0.618085
7.376460
23.091625
11.895362
-4.776611
-2.487277
26.507767
12.282340
19.844332
15.863703
-7.091656
-41.960522
36.022617
35.927868
-2.662574
-12.308201
40.241070
-26.599249
-7.255823
-22.222712
-7.564301
-2.137139
33.188725
10.903735
20.463530
21.700720
28.433224
-30.159792
31.663752
-12.210810
31.813536
16.366186
32.185547
-2.353058
8.498260
-21.547619
26.429422
-28.781250
-15.653960
8.304143
-20.495062
-14.498462
-10.856295
-28.341484
-18.887596
-8.500976
14.292597
-15.908704
-13.383295
-19.971024
14.091438
8.151285
-35.376072
-4.928385
-20.392975
3.111230
-10.259935
-17.376471
1.335009
11.103325
36.060635
-18.807198
-13.824758
-34.369698
6.087187
-21.030664
11.170013
10.412075
2.715751
-17.122404
-18.278248
-5.070294
4.862656
2.171498
14.233059
-3.923229
18.055023
-1.664578
18.065231
-20.794197
-11.600354
-13.452636
-10.865609
15.348040
8.021166
-42.979252
0.753334
10.721695
-30.509142
23.693027
-1.331485
-10.939263
-30.952671
34.259697
-17.111065
2.929360
-10.988715
6.044174
24.173681
30.717419
34.437046
28.547369
-10.184092
25.725042
-16.556501
-20.986525
-34.469376
25.330044
-21.357141
-11.605289
-15.907422
10.191060
0.993409
-13.201268
-23.196663
32.031006
-14.627943
5.540035
-43.321110
-18.615837
21.367981
-26.632542
-20.489027
-26.286730
17.885746
-3.576280
16.416630
-39.099663
16.067253
9.836739
-18.319578
-26.683638
-26.565018
17.531612
-10.834720
3.135128
-24.797884
29.382385
-15.571863
13.133137
-36.498699
-30.263578
0.891495
-18.022896
-29.458149
-25.276014
24.913309
-21.942972
22.827028
-10.780323
-1.055713
16.915907
9.884457
-10.564845
25.318670
-0.610425
-2.437722
-1.457697
-29.928328
3.719011
0.817010
31.665003
-6.080576
-28.806402
7.442886
-18.051344
2.014143
11.332542
9.080649
-20.919401
16.082161
5.556549
-13.322352
14.273632
10.388980
32.894428
-14.865237
5.509330
-4.751442
2.279423
-22.413345
4.164675
-19.120434
-5.141726
23.223907
-9.495327
-0.663810
13.395914
-5.355982
-25.303665
19.149778
-20.396151
-22.748810
20.477856
22.603191
-15.209607
-24.517933
-7.217252
-22.367525
24.676619
27.790668
-2.946371
6.656216
-14.296390
28.888744
-2.949133
-0.006226
-31.833681
-12.168060
11.368613
-15.217212
-29.076628
-28.082386
35.789898
2.435992
16.326078
16.570248
22.760151
12.472158
-17.194035
-12.522506
29.338856
13.682779
26.465115
30.439684
16.506149
-5.560950
36.972912
2.446136
23.099146
-3.190579
-25.286066
27.813423
-13.952579
-26.893164
-18.965164
8.078464
16.555786
-19.379566
-13.653328
-19.442797
-21.768234
-4.773307
-15.997852
16.528023
13.409327
31.590233
27.591507
-25.804132
-17.592043
-8.090563
-8.088109
-24.794222
-21.788960
16.817291
0.641757
14.332560
-8.039825
-11.685355
15.285830
-24.798607
-6.162168
-30.534716
23.493719
17.848763
26.455341
-23.194561
-34.039860
-15.749066
-39.145958
-14.361726
-0.786300
-8.873589
5.535496
-12.396407
7.116189
4.566314
2.958663
23.600121
-14.215385
-25.708319
-22.397064
8.728698
-33.743603
18.489431
25.309278
-32.764080
14.150116
17.392410
-22.430328
7.986073
-8.108871
-5.084372
30.177208
-7.856116
12.775250
-5.949957
31.314041
6.786914
-24.325041
-5.013075
-24.555019
-8.146179
18.610563
-33.451469
-22.086868
-24.001825
-20.145403
-3.336501
14.684544
23.556627
-9.815686
-20.080626
15.721412
-14.656999
-1.626569
-19.966562
-17.525961
-6.907477
-2.795852
20.568321
-9.980817
12.687140
16.641693
3.090708
14.328193
-6.013608
19.319132
6.572288
4.235072
-3.332297
-16.920080
7.211815
3.114799
-5.943739
-21.370409
-10.449405
-9.555825
12.509671
8.118364
-1.293562
12.755997
-8.193395
-22.172262
-17.209221
-42.266327
13.349442
-11.559715
-17.734179
-10.182778
12.184237
-28.261545
-31.549095
35.852749
16.434895
24.160936
-25.168407
28.656567
-13.987365
-24.139076
2.672446
-11.885860
30.823259
-3.342227
-12.047796
38.473557
29.070887
16.829363
9.943603
-8.830319
-21.002859
-23.890226
6.242112
-19.164766
-22.642410
15.999142
-30.065346
34.391022
6.851361
-12.276123
-2.683157
19.510052
2.785530
-2.516115
21.550705
12.908114
20.412497
-20.183155
12.465463
-9.773579
21.378860
24.100248
-26.792948
20.584539
12.055633
29.871965
-15.987755
3.242998
8.389935
8.873549
-17.887264
16.304138
4.309115
-15.110725
14.044060
32.229607
-15.157067
18.971148
3.072972
5.459477
-10.251212
11.407121
-3.762128
5.629541
-20.566664
-14.275246
-11.060498
21.637064
4.978787
16.860762
-6.270473
-37.670971
-6.984406
-2.971422
-4.809434
-14.778916
-1.334178
-5.038661
-13.250142
-23.854347
1.858874
21.155148
21.832766
-17.136349
5.828255
-7.208166
-26.329506
-7.235884
1.042984
2.077419
13.547900
-29.890018
10.496863
-8.967972
37.651283
13.193272
-11.129423
36.273376
-15.309941
-24.311125
-8.617943
-8.860991
6.964174
5.204844
21.269871
13.222919
26.530546
-36.289459
34.813602
9.567853
-21.092604
16.719328
-25.194870
-43.840256
-12.251768
-3.873081
13.759548
28.923738
-32.052330
45.427002
0.362105
-7.724016
20.710789
-37.280075
-20.322332
15.216928
26.536650
-7.829993
6.452210
27.467678
-28.784754
-6.992112
-14.806289
4.833526
-6.569566
23.076836
11.657834
-21.760124
5.335847
-22.452576
-6.648098
29.282410
-2.467225
-14.737428
5.546993
10.028440
21.518875
-13.074523
2.847472
-31.674250
8.558152
11.708418
-19.393553
22.887650
29.774382
26.517279
-20.370604
-25.792061
-11.627873
7.492146
13.497471
11.943433
13.223788
-6.685545
8.061841
23.754732
-9.159639
0.532869
-31.862192
-7.140326
-25.119638
23.095699
-21.226126
25.322744
-0.623422
-0.034647
10.025739
-12.206618
-19.164234
14.110969
-5.333885
16.119905
-10.714405
-25.420898
16.406580
-0.230402
-10.912425
8.847123
-23.506788
30.329023
-25.273619
24.857573
-1.671376
16.861132
4.330526
-24.886557
-4.630466
-1.539205
-30.065075
35.363003
-0.176557
-15.970266
-4.370508
6.231465
-14.038883
9.370442
1.589900
14.070654
-6.885658
-16.696238
-26.411213
14.830462
0.497154
4.750094
-24.001892
22.942869
19.788294
-2.657795
11.100954
-14.075975
-29.691725
-5.165924
38.102161
15.276252
-11.166859
30.568396
7.095633
-11.996307
-5.246375
-15.786156
-10.565113
14.722466
-20.377945
11.757984
-15.939815
-0.433737
19.511671
10.349518
-8.927307
-28.296846
28.794476
7.969848
-24.015005
29.247641
-21.136848
-19.932182
6.104342
2.952907
-11.665556
7.033822
12.683780
11.088251
5.166412
2.759086
-1.623791
-13.060198
-2.869750
-23.407221
-3.136613
4.184815
2.384741
-33.343849
-9.098447
-8.702853
-12.458628
-2.271605
12.372766
32.542652
-2.002458
-22.207064
3.627632
2.628288
-14.604774
12.849450
-16.344666
-12.298671
28.691917
-24.532341
1.570230
10.623910
-9.022952
-30.395048
33.594975
7.965043
-23.971346
-7.279084
-4.076550
-28.599773
-9.816833
11.443326
-2.539181
16.646603
-8.962464
9.584988
-5.706326
9.865473
-18.660730
2.546433
-7.980947
18.658016
1.871832
-36.895073
-21.626869
-17.184109
-17.064184
-16.489071
-34.609638
-19.953390
-12.211266
-8.243340
-10.784678
-24.140802
-19.497234
-6.299678
25.888954
14.477807
-24.628893
22.970001
28.390200
-33.147175
-1.252969
14.444407
24.762533
7.943739
5.796934
-2.990916
-28.345751
-26.937675
7.500340
10.764381
14.741050
20.788443
16.083336
-20.729591
-2.497835
23.024353
-7.265965
15.929901
4.684208
-18.746689
14.179871
20.882648
31.033691
-10.880498
15.199336
-12.355452
20.801556
-17.457722
-27.050333
22.232552
6.428760
-4.118977
-8.295255
-14.597377
5.585083
-19.216616
-19.819281
-10.722771
-7.658627
-15.140881
-18.456919
-3.702449
-16.335171
26.491863
-11.296037
34.992603
26.853859
-19.344990
33.832584
-19.368898
6.639699
16.508474
-28.196795
22.821550
15.497334
-29.565844
-9.193264
-16.391628
-23.714603
33.839092
-10.110604
15.028824
13.513942
21.803131
13.756820
12.003671
19.199621
-24.301220
4.274024
15.218656
48.500748
19.661940
14.405746
7.596260
0.838765
-16.419527
9.360137
18.180693
-17.337534
-28.076820
28.577028
-1.814790
-12.747349
8.351447
27.864872
-12.993134
-17.976130
16.459076
14.735925
-6.373197
23.681427
24.054979
12.981848
-7.332193
11.825191
25.818892
-8.771439
-39.870731
13.881063
21.384539
12.974045
-3.619163
-0.452917
-16.237696
-0.457308
-23.062534
27.398800
-8.576923
-6.490104
-44.180771
-15.181219
-17.819593
12.533151
3.617356
2.332462
-25.294197
9.111248
-7.353494
-23.869808
-19.180124
34.236454
-19.479958
14.556490
-5.993243
-23.391870
8.897767
-27.200623
14.640550
28.876049
6.264538
-19.757694
-13.949779
25.162779
3.741736
24.589785
-3.166319
-1.834397
16.037922
-22.440859
-20.586899
-5.834979
19.122856
0.744751
-11.872464
-12.566636
-21.269802
5.941640
-9.927040
-4.951294
17.391594
35.872528
1.186090
-14.469891
0.267610
-26.500065
-2.979228
-23.681747
-34.503498
1.627326
5.986082
-6.873616
23.119265
8.661355
-2.186580
-3.678242
-1.944276
-5.610406
25.753193
-15.385062
-20.969307
11.046810
11.626377
-24.702566
-15.265409
-9.790451
-16.515924
21.619928
14.443316
20.105469
-27.442249
-13.949615
1.244894
12.610164
28.756088
-20.503738
23.450581
-20.489935
-13.452749
13.814013
-5.726824
22.520294
25.284031
-23.894829
6.066959
6.379004
-27.069586
3.643982
34.271465
26.678877
17.619127
-0.819884
-17.161615
1.937954
0.446965
25.499748
5.346615
8.989687
26.049059
-7.259923
7.167788
-22.598232
13.394036
-16.433895
-19.312634
-20.055939
-5.677562
40.381470
-6.059521
27.549446
-2.793435
-28.320271
-32.291458
17.736187
-6.253582
14.846447
-22.092258
21.202969
-7.826977
4.027474
-20.830297
6.217416
6.958954
-29.071287
24.626110
-0.301392
2.179975
-25.441511
-9.060397
5.657647
18.418331
10.603250
-4.244040
-12.559369
-22.909750
-11.194833
-26.529638
0.454354
19.870501
24.634779
4.662592
-8.896400
9.358166
-0.431330
-17.674109
14.507311
-24.807621
8.647826
-18.771585
-9.479756
11.853304
6.270048
16.629295
-30.282772
3.629069
4.325217
-11.355193
-16.292528
6.070265
14.258542
-29.692234
16.135267
5.082592
-5.525619
-3.104515
-15.247529
-20.896437
-22.649786
14.872504
-37.241867
-29.223505
27.379505
-8.471894
1.143642
-13.090151
-12.046709
-8.244597
-3.137251
25.192265
-5.866193
-2.848965
19.574358
-6.900931
-16.362520
14.647340
12.321332
-27.939289
31.516539
-20.558542
21.055605
3.495713
1.256258
-39.013515
3.152956
24.611506
28.749704
23.363907
-20.356821
-11.325903
4.831365
26.967340
-26.438301
-8.559464
7.398932
-18.855650
20.940645
43.203926
23.775696
-8.303307
4.767992
-17.495766
10.682058
1.992644
34.873325
-21.583046
-23.945978
-37.982071
45.136868
-16.477036
-10.799795
16.532732
-28.056070
-0.528163
-13.123896
5.553984
22.620718
13.544848
22.743986
16.948473
2.381629
-13.333311
4.490201
1.578905
-7.234852
17.989086
39.485882
23.293169
-1.227066
-25.102564
-28.565533
-24.126684
-23.838606
11.258062
12.170639
14.381496
-15.863357
16.339182
10.573679
-20.142925
2.988662
-5.081984
5.274234
10.869403
-24.352757
10.335222
15.302865
39.918087
9.350765
3.354872
-11.939427
3.059162
-29.931995
15.665621
15.277347
14.564922
11.422088
15.555716
-25.965504
12.746434
-3.324819
23.330095
1.872986
-31.044262
-18.479902
-23.630520
-21.763386
-8.532894
-28.659292
33.224941
-19.439186
-23.311918
9.831388
-21.612095
-2.042099
-5.557604
16.407866
5.139601
-3.579899
-20.966257
-8.611928
0.888744
-0.358828
-15.588991
-22.137609
-8.843435
-24.272217
9.125095
22.389620
19.191919
-19.657438
-7.233860
10.102252
9.538035
-4.936071
-0.540110
28.451731
0.887390
-8.559613
19.275368
22.846621
2.121544
22.254038
-10.730722
3.806724
1.403211
-20.680414
-21.511761
24.609554
28.429070
-10.973171
-29.335516
3.016588
23.814198
18.863817
-13.168520
5.086540
17.380518
13.128617
9.790297
-1.727487
-34.758984
10.456894
-3.265336
24.230490
1.078631
24.238541
14.060637
-25.862852
-14.944460
-14.203107
-18.792412
-26.891504
14.701893
-23.160990
20.092609
1.642989
11.797193
14.088775
-26.537048
27.543285
32.885857
7.010739
-13.714900
-0.527705
25.147602
-20.369942
17.862965
-16.166891
1.481506
-10.276058
-32.916103
0.101641
16.735050
36.080528
3.286236
-17.774282
20.905888
-27.524639
-12.514402
3.982731
-4.165057
-17.362976
15.144805
-29.696226
-8.593644
7.225342
-8.913730
16.872885
12.035616
1.334205
-20.954773
-27.541990
-2.227399
-12.011844
25.828150
-2.332684
-30.088408
15.197965
22.982498
-40.024448
3.394967
-0.244310
0.726282
25.685703
-14.377048
-20.768263
5.839065
-18.747866
-6.261543
-18.193911
-12.945120
24.387907
-24.358688
-13.560294
13.369916
-5.064909
-12.515372
3.325925
-29.062069
-5.618433
29.557911
-15.068735
18.134617
1.064780
27.699440
15.453424
6.388014
17.607035
13.893885
-16.537807
-36.184456
30.936167
17.172924
-17.845209
-2.491842
-28.431229
1.256267
0.174591
-1.814902
-10.243552
26.402578
6.476485
-6.103976
6.852886
-11.186190
-6.302436
-6.626551
-12.006687
6.769611
22.766226
7.137215
-12.960896
-20.940018
-6.119408
-20.102795
37.841324
21.645597
7.044932
29.376993
-19.322588
40.618664
1.949729
-43.511768
16.547266
-14.048368
28.604172
-30.520792
-13.660082
-12.685828
-11.046095
-20.972494
2.731063
-33.545200
0.641099
-18.420443
-7.737029
-23.532669
13.038502
-14.642235
-19.462370
27.158884
10.196733
-30.085730
-6.522257
-21.928782
-4.012228
18.592546
-19.421190
-34.283016
-6.049229
-18.975161
-0.982828
4.853588
-0.281577
0.879179
20.249851
4.295088
-4.561956
34.844429
4.429106
5.916238
15.718059
27.559662
-0.717802
-21.463137
14.967950
-0.883163
-31.781765
25.116268
-8.228871
-12.379256
-10.891801
-3.948486
14.175426
8.014291
16.595404
17.634321
31.688267
24.339886
10.259137
-26.997250
13.539500
-21.254042
19.443985
-8.445247
-11.339189
22.066593
-36.499146
-16.143063
8.478397
-21.523691
-8.750908
14.677128
14.751423
-8.138762
-14.622908
11.285706
-27.581726
27.923077
0.793754
30.155695
6.042802
-19.775135
-0.788404
-25.147657
24.482571
-25.089968
37.462402
-30.696119
-1.830216
-15.672830
7.077490
11.315179
14.700016
-1.189244
13.956290
25.286217
-4.560934
21.853674
-3.982260
1.406859
-23.205095
19.751080
22.754143
23.465189
-3.869267
0.067673
11.859897
-15.010645
-7.792464
10.842118
-40.184402
-12.585307
13.673321
-5.149638
-10.793540
-17.993643
-4.826586
-4.745007
9.364348
-15.266359
31.370716
-3.315416
-35.614208
-3.450315
-28.538145
17.444412
-24.756388
29.817644
29.607037
-28.165047
-19.800184
-6.736008
-12.135774
-21.482220
22.712564
20.961126
-13.624046
23.610514
-19.830595
-27.624479
-18.522215
6.398699
-6.395380
-19.636881
17.725191
14.290303
-8.201147
-13.292302
-10.596157
23.123087
6.668474
28.743151
6.583679
-6.798333
9.243210
30.751265
35.821159
4.406387
16.714735
-0.590350
-26.189545
-14.786556
-14.778069
-11.375993
-23.345978
18.557728
10.519812
12.629212
-22.181248
7.369080
13.875587
21.293365
-4.224595
22.015480
-11.260826
-27.583616
13.150315
27.324692
16.650469
-20.634535
7.836037
27.133848
-17.340002
21.647545
-3.762739
-18.252209
12.397799
16.084173
-16.237803
30.635193
-35.279461
-30.650946
-13.851744
-8.132627
-20.763933
9.719925
-2.937564
12.503127
21.926718
-22.044388
-2.786503
18.522829
17.348457
-4.175888
-16.097519
-5.671868
16.334841
-39.193626
32.385605
12.449709
32.335396
-22.508934
10.049747
-23.174770
-29.290253
0.264514
10.625922
-1.604203
18.577032
-21.654942
19.547543
21.664822
-5.979226
-10.440299
-1.302782
-13.893806
-34.533005
-11.999507
-8.324386
-4.622039
12.508921
-4.266977
25.879232
-3.127588
5.384966
18.551229
-22.154478
11.940177
9.857226
8.327318
22.086828
-22.895107
16.065058
-23.015547
-13.328895
-15.243928
23.027950
18.361004
1.558494
-16.330078
-38.556034
-35.925880
-32.641884
5.528367
-7.004309
-19.640785
-23.881214
22.441484
0.431114
-26.810059
28.563339
-1.996982
-8.615251
-16.858912
-0.915873
15.497599
-14.210734
-31.002895
-9.672428
-18.458073
6.567832
10.666732
8.419851
-12.230282
16.235228
-19.252205
27.169239
-27.506390
-22.122341
25.479425
13.379142
-23.072573
26.405237
8.127790
-33.466072
3.204146
6.020771
39.578392
-22.917662
20.072828
16.222849
19.559729
27.556993
-32.584003
16.377316
-12.851983
-8.666101
6.577619
-20.991497
-30.055050
-0.285011
25.060532
6.659485
-19.791378
-4.099578
-22.074959
26.333622
-17.795109
-6.425398
9.909383
-3.896688
-6.316915
15.877626
-12.115297
11.732094
-10.074859
-5.487175
-2.277859
-34.743446
-31.742548
5.727854
-16.149830
28.958591
-11.694909
18.331774
-10.090555
-2.907348
-28.784914
5.564447
1.588871
-5.301276
-23.219265
-40.979786
15.663023
-21.986845
-33.702431
-1.270576
3.986746
14.922134
-18.005468
7.679413
0.987754
-29.023733
-30.933573
-6.866224
13.621504
21.658939
30.930367
13.976975
33.152584
-13.978485
10.175705
8.572584
23.462851
25.670431
-5.742021
21.398001
-4.077397
31.415230
-27.905491
-27.847816
-14.976640
2.070035
-24.301514
30.122055
10.154851
23.401209
-1.402434
-5.951929
29.295403
-24.815317
26.267820
21.293499
-14.567973
-2.681901
14.985486
11.481938
-17.324842
9.082365
17.653582
-30.944571
-24.034731
-5.712367
0.849317
8.262706
35.518009
-2.010395
9.231376
26.514154
13.804251
23.304981
37.879082
-1.968206
-3.672256
26.989933
3.104688
2.302511
19.570110
13.328547
-3.673151
-19.505592
-14.492194
9.005077
-8.023481
-9.822209
-26.848534
-46.941616
-3.847242
2.345434
-3.302600
5.795203
-16.226288
-21.661921
6.263865
8.228287
4.990830
-6.649035
13.832195
14.236252
8.963024
-6.098333
-18.847610
-16.632551
5.492090
39.095238
-4.705760
-9.560969
16.039854
-13.820338
21.510326
-24.220133
21.436213
7.095784
-28.309835
12.622670
-2.582826
-6.948475
-7.033548
-33.083385
5.980633
-25.603685
-11.449620
-5.449856
-7.294965
-13.555140
-20.411306
-15.671042
-26.114803
9.585533
25.933746
18.933611
29.209129
8.497085
-18.093689
6.454247
28.668131
23.048241
16.533028
23.228580
-15.039119
-38.422550
27.919125
-16.487213
3.643145
-17.398134
-0.138143
-19.724995
-7.689273
-14.069910
-4.199678
22.860661
7.620655
13.399511
14.947914
25.101984
-1.096237
8.955655
-3.860956
33.822620
-1.715337
-14.823850
11.915030
-32.886074
16.458065
25.453800
16.601522
-1.662935
-0.635467
-19.411264
-12.516969
-21.980345
23.246225
26.353117
-14.768362
12.290023
16.609516
-7.451006
-11.145958
-19.226498
23.023109
-2.905131
-8.648154
-22.774511
-18.871344
0.916704
-0.973772
-24.974331
20.562492
-28.052021
-20.665539
-16.195004
-4.220575
15.578551
24.581409
23.345518
26.612120
-19.778687
-31.404169
17.906887
25.592257
-4.779091
21.712814
26.515375
-18.013447
-1.480500
-15.296431
18.748671
-33.898624
11.697801
14.342985
8.592638
-31.420080
4.622512
-3.577593
27.923922
29.381456
14.475512
-21.917999
14.881984
-18.830013
14.569490
10.271780
16.771799
35.706127
28.356827
12.118868
13.881695
-11.756316
23.278002
15.768140
7.070201
-14.154840
2.002971
-25.104469
22.821966
25.358574
17.213284
3.922048
4.857910
-28.450039
2.994052
-4.607302
4.106629
-11.495241
17.396940
2.721201
7.451122
-10.051415
4.586624
-20.126404
-0.372151
4.270877
14.940434
23.441683
6.723967
26.984976
-17.002169
-22.397009
-6.927331
8.180158
-21.864367
-3.206582
21.507603
-8.968413
6.985778
-15.886784
23.602123
3.587307
-2.083692
-36.165562
-1.385431
-35.246746
-4.941739
11.849448
-29.201197
-4.662531
16.430029
-15.062123
-5.420794
20.096010
19.426527
4.624506
22.207527
6.851993
8.799622
-11.945914
16.307133
15.534145
4.903599
-8.704584
15.290133
-8.504568
2.916298
-26.330904
-16.775614
-15.412243
-4.646851
8.966047
17.184711
-23.150377
-23.841749
-27.752691
8.753647
10.979346
1.316786
-46.229774
27.103073
19.997528
-8.345993
-8.153681
20.619839
5.479462
38.450817
9.220602
17.000305
-18.391714
-39.042835
39.330761
12.123160
13.949162
6.472032
27.000322
6.673551
14.375801
11.575557
-20.090248
-31.002394
-24.494114
-18.400679
-0.792183
11.482407
32.202488
-16.648325
14.545742
-2.604661
29.973457
-1.970376
14.177537
1.402300
-13.273458
-3.385950
-18.334972
-6.489714
5.944591
9.854105
24.083036
-15.628888
-18.407843
-29.721666
-9.552746
1.897346
27.507317
33.840015
15.273652
13.168079
12.257231
1.940605
-12.164920
-10.566705
-3.386647
-19.411930
-2.035299
-33.593208
-6.899308
24.964813
-24.537031
6.809535
30.134453
-5.032101
-34.842293
-0.780912
18.943399
16.268499
13.044432
7.349034
-8.221190
14.904816
17.375069
-21.871342
5.518561
-19.821743
-20.447691
-4.507688
-21.195448
6.963679
4.761062
38.614727
-30.473368
4.749693
15.539706
6.650939
17.262249
-27.497005
14.744939
27.176235
22.182407
-40.275105
-25.795013
20.651409
-9.400514
-8.273086
-2.323483
22.497120
-33.979889
-2.462461
-25.675261
13.061227
36.889320
-11.029051
0.542033
-15.764848
3.771923
-10.818729
-32.779312
-24.498449
-6.389365
8.325408
-17.419300
30.009085
18.013668
16.681459
24.777514
-14.536593
20.076044
6.511285
8.251690
14.845201
7.574705
-3.223208
-1.089685
5.353864
-22.240961
3.702916
-16.753973
1.555349
7.856287
-10.097753
-23.579266
0.511037
20.441923
-19.304510
7.113260
-18.292156
25.492844
-14.709936
21.848928
-23.011126
-31.642403
23.446548
8.085324
-10.359885
-4.510076
20.517258
-21.419037
-9.291349
-24.849468
-7.154160
13.054822
-8.355140
23.343540
5.162138
6.230514
29.226448
-14.179578
6.145811
-11.073055
17.152916
-9.418077
-26.201298
1.046975
-12.436332
-35.858219
-9.691253
-11.996641
16.663675
-10.164667
8.528137
17.201937
-9.326654
-33.129856
11.103618
-0.470526
-14.215563
7.723950
-2.586232
3.824575
-22.748842
5.409958
20.751354
11.892961
-27.999062
-20.078873
31.914236
-20.686283
-20.042181
13.785865
17.360750
-13.373049
-6.160791
5.182428
-11.906260
-21.864660
-29.419022
4.747487
38.153721
-18.845076
7.311692
-9.943583
-22.836292
-43.805607
26.266693
-14.313369
-11.783721
-26.972664
17.770073
9.173100
7.161329
19.340551
-13.615307
19.099859
-24.534464
21.982365
-13.310273
-2.356357
11.440194
-10.935089
3.106788
-19.450447
11.769843
2.925461
-11.114835
21.495260
11.132370
-18.088850
-24.669050
-19.596432
15.359716
-11.497616
6.314914
18.602791
-2.476892
33.655388
-12.324975
-6.450012
-11.396616
-5.697742
-13.618098
-19.914150
-17.162628
-29.035711
10.089933
-0.381840
2.190506
-3.625535
21.856739
6.886512
15.544835
32.583256
-17.277941
-7.817257
-8.576546
25.129673
-1.645124
-11.168292
-20.964844
-1.330350
-2.179553
-1.703757
-36.584969
20.198286
-2.787278
15.461162
0.496891
-20.033871
-26.949989
4.594045
27.478695
-39.841042
23.249620
22.273668
29.718832
31.157888
-18.718950
-34.919289
-25.123028
6.724231
-30.088163
-12.811073
-10.035628
13.113337
15.050669
-1.832522
-21.941263
5.094400
-14.329507
-28.644022
-8.296352
-33.546452
-38.859974
-26.305962
13.550603
-30.803894
6.746906
-33.627193
14.108871
15.872249
-5.952826
33.616100
-7.065135
19.572063
-19.883570
13.019377
-29.564350
18.408550
6.685126
16.124891
-38.094761
-4.754986
9.524297
13.055341
-22.190554
-17.626770
19.507355
33.802238
-11.961213
-36.734890
2.806456
-12.508886
6.555346
-20.679859
-15.835855
17.802130
8.499587
-3.563880
-24.814833
5.263188
-26.953047
-22.388918
-11.398773
8.668463
16.495615
2.238084
-19.744530
16.295628
26.104458
8.402275
-8.705649
21.140268
-0.687886
-7.153307
13.225399
7.967497
4.342734
32.154003
19.863194
-6.726640
13.032707
-4.497737
14.433298
21.763294
-25.155132
-22.003815
-30.022966
30.896570
6.137872
-8.868805
-9.290669
18.967331
9.995762
-28.104891
13.794492
28.917160
-13.078363
18.029512
14.370886
-11.501551
24.084152
20.345888
20.124857
20.932423
-7.674925
12.969590
-17.037834
18.843006
-30.745543
-19.119711
19.729147
16.716520
-6.114714
-8.436049
23.766420
-13.325825
-6.871283
9.887284
32.116608
11.637297
-26.664022
24.427774
-23.230465
-38.525337
-35.193375
26.232470
2.842190
-20.207989
28.160233
-15.365076
-16.766066
-10.914240
27.533712
24.891340
-14.817773
18.300255
-11.598248
-2.181323
20.967247
-12.093713
0.660422
7.715975
9.655428
31.949551
8.190115
10.448820
22.080873
-27.637823
-26.083166
-19.810940
-6.038944
-29.937481
15.296793
-19.057051
-12.731285
-23.909452
13.871327
21.094332
-15.365531
-18.542360
-7.790269
17.901970
-22.790543
1.780348
-12.069386
-33.672314
9.355581
-7.247331
22.661589
-19.952051
27.959927
-34.609497
15.939920
-14.477738
27.290815
-12.595118
10.172690
-23.773411
-7.513686
-12.965781
-12.007919
-8.170804
-20.688808
3.177535
-34.101154
-5.698709
5.935557
-9.833855
3.912717
34.163616
-14.288165
-15.261899
-15.164202
25.652058
-13.072538
4.726431
-16.960888
-20.555779
14.658078
-7.950468
32.904663
-2.070211
-8.215316
-19.879465
-14.775412
-12.161935
12.226443
33.467945
12.511494
-19.465532
16.829727
-5.952037
16.515816
15.715416
-30.724993
23.668633
-5.477323
-14.627306
-15.715384
0.998106
5.083292
-11.857671
-11.506644
-14.441044
11.537720
24.499245
32.158405
-19.950174
25.450039
-23.102539
13.319091
-1.980187
-29.389357
-5.747252
-20.486395
-5.959309
-4.679196
15.444597
-29.165052
-12.073122
-3.781443
2.588515
25.691730
-0.067115
6.932076
11.421810
20.008226
16.233982
-18.486420
22.890776
16.624918
-11.371262
-29.241510
-19.671635
0.355865
11.563644
6.469553
-29.425142
21.440792
13.738461
12.849019
21.667349
18.343443
26.091082
-10.581357
-16.473244
-10.510046
11.705321
10.624425
9.220346
26.402277
-9.693612
-24.075415
15.193012
-7.643884
1.472770
27.553658
-8.200765
0.451253
-26.628901
-11.812952
16.605213
-21.300625
-23.969131
15.314216
-16.222725
-17.956987
-33.515896
-27.522627
-21.290138
0.233145
-12.385802
-30.438662
-28.292515
0.172407
-0.143707
-12.261691
-26.566362
-10.852640
16.432583
-15.833484
-32.580879
-1.971848
29.969221
-1.557224
-16.457266
-13.496446
-13.011864
-23.955246
-7.572051
-15.913325
-13.177384
15.045063
12.940769
-21.831970
-13.195316
-4.289402
-27.183289
-37.749046
-17.391066
-13.542896
20.058365
14.894527
27.120295
-17.518822
-18.380476
-14.398925
-26.148142
12.228827
2.517009
-3.898503
-0.593642
-14.755481
10.345998
-4.208556
-13.038462
1.704519
-12.976965
25.321144
-3.180255
-8.930365
-7.463556
-14.540503
-21.043955
-2.797954
-11.456613
11.693583
15.757156
-6.540218
-16.590662
-28.745369
-3.059328
5.207213
25.601980
4.399270
-15.757143
26.991243
10.030338
-37.896908
-12.436346
22.457834
16.832348
-15.834519
-17.234688
-24.231447
13.143806
40.077152
-5.403013
7.140676
-2.222303
1.389913
13.832689
-11.897773
-0.098246
-0.665440
23.631329
27.368441
-18.609753
-36.196102
9.617092
30.287333
-1.421431
-5.766731
13.219425
3.139135
-31.009352
24.084467
-10.041836
-2.672588
15.560747
-26.341734
-3.443104
22.009678
-0.749789
-13.267938
17.075134
-6.196656
12.298877
-2.115513
25.135654
-13.738487
-13.138061
25.296926
-13.461116
11.318776
-16.441795
32.707165
29.150742
0.135138
-26.851374
7.372066
-10.651565
-29.692892
-5.381814
-19.298923
-1.416551
10.358253
-5.623200
-6.531112
3.062882
-17.260859
11.575302
12.321327
-6.224573
-14.577426
-8.710113
9.869996
-17.576202
8.385569
24.414000
-22.740223
-17.929779
-9.539131
-16.982958
-8.973257
7.223674
12.750124
15.070014
17.341927
5.857864
-21.216722
-17.622320
-4.470715
26.406467
-4.051133
-9.036828
-23.085468
37.455021
20.892727
0.901695
9.549994
-4.461477
-1.079329
9.781519
0.944612
-2.960301
-33.419281
-5.257913
20.516333
16.047812
1.653598
0.854176
0.064700
-36.874672
-11.169086
13.895993
-20.408022
-4.275234
-28.885668
15.104801
-14.708032
-7.481132
20.837645
-8.735116
-20.420908
24.585543
-7.841720
21.572655
5.726776
13.692261
-14.027683
1.219615
17.770535
15.686925
13.386088
9.104534
2.235636
23.677696
19.894781
12.137226
-17.331898
-23.100677
28.331387
2.552998
-26.909849
-11.664728
9.433383
7.360897
-12.220185
-18.764656
23.058468
14.211088
-14.635160
-13.849772
-31.056847
4.747773
5.642828
35.369404
0.344915
-27.802767
31.865133
21.930748
22.853451
20.403242
-18.541088
29.088966
1.683709
22.993629
9.510324
-14.255600
17.728661
-24.842068
-24.583523
-30.479147
-18.092525
17.053419
16.031679
-30.120903
-18.071001
19.247564
-29.268316
-2.851007
20.231190
12.825595
22.406742
-28.934370
-15.177408
12.943513
-26.090820
21.909214
10.977533
-3.291105
-21.172628
-10.171370
-15.195316
15.019566
8.148320
-15.814657
-7.755377
-33.018585
14.466746
9.232101
8.889818
-22.675947
22.393776
-5.640757
-4.347390
21.185787
11.856850
22.005943
1.074353
1.019265
-25.761200
4.787304
18.076998
3.492850
13.248005
18.707930
-20.617460
-14.501075
-17.467278
-14.768337
-19.299124
-6.908625
24.303881
8.655588
-16.375237
-28.275356
-7.118242
-27.010115
9.302360
24.618092
-11.109254
3.297463
6.677647
-4.416829
-13.349989
12.879766
-19.105377
-15.959053
12.080066
34.898479
31.388479
-10.395565
-30.756649
-24.225843
-5.116719
-15.173140
-1.136027
23.681341
-9.842835
-7.060868
5.613641
-24.573935
15.244050
-25.974728
30.260004
-22.082340
-13.294947
33.872810
-41.997509
10.474104
-11.123530
4.017153
-40.186405
22.905827
16.735323
13.682175
20.790489
-25.384502
29.916391
6.963661
-35.077576
-13.464430
14.990282
-39.175598
-9.060296
-13.251236
-16.285561
-1.263924
26.967117
-21.468521
-22.179529
-9.186158
3.185283
-15.108309
-2.515389
-24.477442
25.433128
23.815710
-17.868250
40.849232
15.964590
18.432560
-21.787556
-19.211943
-19.379074
-48.869728
-17.469818
-10.311779
11.640194
4.608004
24.510593
-10.747180
8.299952
-28.298731
9.500372
5.899538
-3.358390
-30.077980
15.785267
17.606644
-23.444504
11.137609
-3.902914
2.872553
3.939483
4.471140
38.480709
17.727354
3.195845
11.496462
20.572805
12.667127
-4.257081
-18.285175
9.169918
-9.104870
18.398525
0.771627
17.940901
6.127987
-21.097256
0.236853
32.025475
-11.161430
9.819659
13.957986
-6.502874
8.688052
-4.233776
3.453302
-7.448149
-7.304618
35.236271
-9.484414
22.378153
-15.823709
17.383009
-7.978280
8.442416
18.085094
17.823807
14.483105
5.501654
18.046112
-36.026142
8.903681
0.638445
11.030701
-4.876683
24.496338
-21.341705
-13.026881
21.711966
-6.917240
-43.012276
9.835912
21.721209
10.427028
18.883619
11.965629
-12.832089
-12.300843
-17.067238
-21.785576
33.131687
-21.669147
-7.140069
-7.653173
-21.497665
-1.550065
7.850033
-3.492195
-30.320351
13.242434
3.945238
22.855480
-11.366226
3.492378
0.348268
-12.510587
-31.291096
9.808411
-25.905964
-14.686340
1.019981
26.350975
-6.167494
-29.754641
39.991955
-17.494860
-7.440790
-36.089405
11.501509
24.782175
20.734673
12.327696
-1.113707
15.245223
0.999849
16.393610
35.075520
3.822157
-4.083676
-3.145057
-18.097826
14.604381
-0.381269
4.290062
-14.281392
-11.219236
0.156495
15.016644
19.374132
-3.561418
-3.649470
15.741826
-2.322668
12.927864
-17.380705
2.366790
24.460670
-27.014650
13.696382
-25.701466
35.325584
9.914906
26.455286
17.385458
-41.390011
29.301203
1.544019
6.335147
-16.275137
30.441299
-23.712479
-11.282715
-5.060202
22.031437
-12.137326
1.974088
-24.591011
20.869513
23.939009
34.590691
1.557544
-3.860222
13.585835
-6.831704
-28.630985
-22.109570
-26.064873
28.712332
23.598925
-9.687983
-0.953953
-26.987099
31.178633
-4.841676
1.624307
-16.741522
-14.149405
-6.954548
-2.402606
25.500511
-10.303388
-16.415632
-20.964144
32.303345
-16.669178
-11.988293
2.355072
9.872387
-26.185493
-22.011328
-19.434320
-16.801115
15.766505
-13.939377
-29.354006
5.127624
9.523582
-1.349937
17.567900
-33.024467
-12.938524
-31.378456
-12.007073
14.868107
-28.116018
13.389552
-4.751416
-4.678144
14.188090
36.571743
16.678736
4.269073
5.834270
3.247062
-13.971487
10.885220
22.566738
-13.798271
7.011910
28.206911
-13.352202
-24.146275
1.571068
-7.163327
-15.265670
7.471706
-27.058712
6.213525
-2.808181
-6.494439
-7.088407
9.547833
8.505730
4.323600
8.734357
-39.878582
-13.145924
-11.183612
2.661438
8.937246
15.674347
-11.465193
1.266634
15.038132
0.763341
26.070993
1.151755
-34.235806
1.272914
-7.620632
23.260828
22.351543
-10.902773
-10.009762
-27.932804
25.749365
-1.288980
38.276459
22.789738
3.157856
-10.678503
-22.227724
14.301795
-16.761934
-9.332862
32.570625
-11.466545
7.597798
-9.656455
-33.629227
-15.558886
-12.599041
-14.595489
-19.609604
-1.454731
-22.826597
-8.863583
-27.527903
-21.119919
4.130915
-1.784329
12.273747
-15.682076
5.662035
14.481991
19.017570
10.043227
-32.981983
15.279449
-11.890877
17.738987
12.293782
15.111185
-27.510733
27.992018
24.026958
-13.670833
-26.769938
13.617016
-29.572525
-31.735947
-19.739433
-22.730446
-21.273281
23.340101
-10.096821
-23.824409
19.271912
13.619482
-11.591586
-22.102816
-35.235611
-13.129083
39.066486
-21.075764
13.971641
34.639641
33.737629
0.138449
-4.316613
3.663287
-0.763425
-12.410139
13.207493
-13.872309
13.315302
33.794178
15.712802
-21.912811
-39.152523
25.800255
16.371607
11.638347
4.302676
24.333067
21.065119
-6.364120
12.508503
-18.429802
-8.847769
-18.602884
-14.033228
-11.282265
7.358198
-15.768303
16.534349
8.206767
-38.395908
-20.613125
14.152903
-12.023966
-2.883842
-13.315549
16.263004
-4.670540
8.497850
-11.139684
-18.955338
-22.062771
-12.421754
16.451719
-6.491818
-18.725414
4.087823
16.507048
21.552618
19.621912
10.818823
-25.097414
19.824062
7.128339
11.960254
33.785095
-14.581408
-32.148548
-5.012115
6.763404
34.880424
28.296724
35.035423
-9.048785
7.905412
17.038462
6.748692
17.394999
-35.886787
-11.436639
-3.302874
0.399290
18.300867
21.049603
17.691257
11.769837
-31.593222
-23.124876
17.345043
10.649753
28.619400
7.751555
-5.680097
-42.934685
3.618907
-9.201385
-26.987106
23.956497
-29.733288
35.878365
17.176655
6.384614
26.889120
26.033707
-8.173917
15.476973
18.038740
21.975721
13.587374
-13.219037
-9.856988
-7.966777
-15.656298
10.550850
31.798077
-3.229403
-23.077255
11.223578
-9.840092
-14.398931
-43.967594
-30.631643
-14.636138
6.481452
2.830385
-4.472329
-0.985948
-35.047501
-5.019718
-13.430511
24.880239
25.944471
26.937405
-18.786854
-18.873657
0.508686
20.074303
28.168282
26.340458
-7.297124
19.541540
11.238750
21.492056
-12.101925
4.043513
-10.593914
20.173899
10.137817
-3.597729
15.047949
-37.388233
-22.121302
-1.054991
-19.980558
3.898666
-14.626389
-4.243117
16.397968
-1.218889
-5.878407
9.395304
-21.759878
-22.386850
7.845607
37.450863
-33.256584
12.113792
2.146019
31.055443
-23.686705
-12.654517
20.845198
24.689873
14.167504
-25.603905
29.344500
-10.349775
-1.568252
24.179138
-29.755259
24.146868
-35.273182
-15.578180
9.589800
-40.686768
8.920056
-13.202459
12.401875
-8.597983
-21.682032
-22.345985
-35.768997
19.775923
-33.496117
36.228764
16.017914
-16.581287
12.518524
20.427359
15.799264
37.644932
4.469950
20.771433
-18.851101
19.970430
-7.437327
-39.362370
-7.781665
24.222265
-15.631414
29.366465
-0.567755
-1.981828
15.464590
23.356394
-23.758862
3.382487
-0.841911
30.259790
-21.371666
-7.272606
2.355974
-18.002634
3.729196
-27.069910
-27.516926
16.121853
-11.795249
18.898693
1.236657
-19.010283
-26.342918
10.922356
-4.298841
10.166413
21.205400
19.760633
-9.178702
-18.698221
-6.145043
26.418283
-5.932819
0.815419
-23.126463
-25.121979
22.970888
3.882312
-4.945451
-49.061218
-12.399728
17.015118
-17.406275
-8.763214
-29.069923
3.407387
28.151741
18.958500
26.182852
-13.460146
-11.491426
43.997879
-24.954756
-37.789848
-18.003435
-28.128607
-37.450871
1.751047
20.394947
10.024070
8.293194
6.574144
4.527629
21.482212
-27.126722
16.771267
-34.530575
26.806410
3.781964
31.374449
24.519228
-2.152986
30.167931
15.281903
-17.762827
-27.142365
20.069147
33.381279
2.819934
-13.298167
-2.748316
16.022253
4.743302
5.395468
14.167949
-21.981064
16.721439
-17.884583
3.312337
-1.635375
28.267715
25.499962
-17.345146
-6.987810
-14.194679
-5.165012
13.129123
-20.820835
-8.586432
-10.523569
-18.847013
-16.667002
14.235275
5.029520
1.844885
-0.555612
12.342046
5.269861
-10.669456
-2.252457
-9.074674
25.265747
5.055406
6.409039
-14.409387
-30.098494
19.339931
-31.256315
-14.998354
-4.794468
0.942338
17.154581
26.013340
18.709368
27.012047
-35.924236
-24.456940
-7.177208
-15.141529
-13.092938
-17.663441
-1.169504
-16.827713
13.430446
17.135767
-14.143195
-27.702732
16.857647
19.642622
14.582991
41.408413
-13.493007
-4.011432
-20.608624
-28.269438
14.474995
22.575134
23.039381
-13.732647
-5.246730
1.511005
14.851721
-17.476667
-13.674923
-20.978151
-3.139467
-6.471199
-9.510337
11.210503
-27.906206
24.905144
-5.601062
26.322409
13.924240
-8.813149
25.926188
-1.707710
5.299541
13.181785
3.634415
5.515716
20.591225
-13.788843
-16.092730
19.888142
-13.210972
-12.023470
-0.235024
22.132446
-31.780083
39.134274
-2.295688
-10.873813
-13.128864
-24.577812
21.006796
13.216490
19.478420
-8.215218
-6.308843
15.179941
11.242593
14.221905
-4.237415
-8.079348
-37.278633
-0.027833
24.892782
19.292837
-13.739323
-6.587060
20.026224
8.628347
-10.570125
21.474018
-38.456055
-11.197353
17.237114
-2.348859
25.680649
-17.456732
-11.099148
10.695216
0.539863
9.407438
-31.837330
28.857822
-4.775486
2.655555
-3.405432
32.722038
27.885658
-23.374525
3.333640
-21.838478
16.591198
-28.521338
-9.044930
-6.190025
19.016577
-17.186432
5.022274
14.993973
21.850554
20.700102
1.348949
-15.397353
15.821780
-13.839424
-20.376095
35.667850
-3.025036
-10.563098
-32.757454
13.327895
-6.024112
-32.426361
-1.677439
5.258385
-19.603487
10.914943
11.227143
-23.123587
12.671637
21.398548
-12.782809
-19.265888
20.984720
-20.121780
15.347972
9.334537
0.634368
-25.209888
-4.155028
31.126949
12.545253
8.134700
-8.665477
-26.828714
-2.467162
-3.004091
3.420488
15.310854
26.399717
6.117350
27.088289
9.232830
-27.419899
13.351135
19.165298
-16.176014
-13.877210
1.675497
8.065045
-17.689730
8.560787
-26.040705
-8.594918
-33.734680
-16.504219
-14.896914
17.298687
15.314624
3.253552
2.944402
33.536556
24.339544
-9.860791
-16.757179
0.635679
-15.323257
17.381016
23.222719
2.422485
-7.001139
-7.642755
24.912472
-6.028314
11.354966
28.949675
17.997097
-9.509540
-34.394150
-9.138809
21.148962
-4.387345
22.236500
-0.963936
15.045546
17.580067
10.535252
4.522199
-14.759360
36.436653
-17.045631
21.737690
-21.634321
-12.997963
-29.885593
18.727272
-22.292274
-28.840120
-4.581992
5.125104
-9.268236
2.580314
2.093703
8.215179
-0.343944
-13.148823
-7.317437
-8.377319
-12.450657
-27.348530
28.026611
10.757609
3.508996
-3.176870
-21.077013
24.475407
27.519287
10.953513
-25.829063
10.611309
26.207220
3.329241
30.165489
-12.868130
-13.166906
-33.725899
4.346029
-4.529693
0.995960
11.425894
14.591852
15.337255
-22.289919
4.933321
5.959373
-28.512877
24.099277
-38.331032
-5.435982
33.563137
-9.908519
12.448064
18.971872
-23.709402
-0.174154
27.420841
-10.263999
-20.662220
-22.555819
26.769497
-16.812439
-8.864916
-28.154074
-7.896009
-10.075015
-11.052868
13.673237
8.375469
-27.910885
-24.182558
-16.483244
-4.708640
11.290748
-19.179422
11.182196
28.517349
-20.673573
-30.704901
-10.937705
6.589048
-1.018771
17.173645
-24.557730
13.138317
-1.539064
2.033522
23.019510
-0.069811
-9.524199
-10.099692
-13.055461
-21.340351
-27.829702
-28.763918
-32.915001
-24.313087
-1.936367
2.374822
-0.534903
33.223923
-18.812433
1.225651
-16.548050
-20.489634
-18.677486
21.911613
16.602345
23.544235
-6.828623
-28.365070
-24.978657
29.488775
-7.895379
32.331570
21.353750
-5.386412
33.564953
13.363209
-8.930128
3.905835
-21.517570
-22.610159
-26.990032
-14.899980
-24.014416
6.711158
-10.778815
3.379290
-3.553571
16.599514
22.353508
17.076635
-23.386229
-26.387321
-18.323313
-24.891729
30.998201
21.298031
-16.119720
-8.992625
13.501640
3.663692
14.062134
-10.124457
33.567722
-3.012693
-7.093858
28.057564
-23.883974
19.549536
-13.370681
0.815370
-27.246819
-27.619846
17.506235
-11.236226
23.460762
29.099682
14.461722
29.392559
-29.233978
23.825798
-10.066577
-38.539654
11.776412
16.877466
-9.420921
18.287664
-13.973680
-24.563305
25.471611
-16.499733
-20.374929
-5.753322
-12.694940
-21.497452
3.603974
8.506329
-5.016871
43.700062
-9.133497
3.073766
26.828987
-8.736209
-13.319576
4.539488
15.860139
-16.172199
19.877684
41.994934
-18.704983
-4.902764
22.813732
29.948593
-15.310429
14.161096
-7.675452
21.335754
-22.724377
-7.616829
8.542593
-15.436141
-7.815741
-22.744942
-17.753511
-16.683609
2.064770
-16.831663
15.607363
12.613650
10.953720
9.321330
18.511726
3.379360
4.243425
-14.193478
-11.230683
-8.723585
-42.514538
-10.056348
10.818217
-20.622839
-0.308867
-24.020815
-13.783325
11.044488
-10.846512
40.520149
-23.344950
8.859198
-14.356368
-6.908228
-4.259295
-12.597385
-19.166878
15.246120
-2.511657
25.491707
-23.005360
10.166677
31.982553
-19.104551
-20.308613
25.229218
-12.862445
-3.540380
-4.771629
-21.531725
9.514151
-23.447758
-29.488476
-24.612795
-7.559974
-12.058978
-9.739151
-15.920388
-12.155833
26.273142
34.802475
-3.094444
-33.340225
29.960798
-26.171328
-20.886438
-27.459789
-19.455875
18.365280
-1.237568
9.034729
31.880655
10.644050
8.618967
20.191668
14.381520
-8.063622
23.846666
-35.775402
0.036892
-12.490914
-24.770863
-32.445713
-15.151782
10.796672
-0.780687
-19.650013
2.897883
-31.208685
-3.451765
38.293465
-22.580523
-21.417717
-12.121392
20.156836
-2.800133
20.849764
3.718259
20.081230
9.637895
18.592865
3.199833
33.568565
26.966486
7.403997
1.374303
-13.678365
5.066344
2.511768
-5.854280
-18.524834
14.157382
-9.674633
9.529891
13.645350
19.325436
15.694606
20.105705
-1.419879
3.020320
-10.857266
-13.838264
26.712505
-31.240000
1.670733
-1.040692
-27.221321
37.452217
-7.836692
10.575782
3.805799
-31.045006
-3.596459
22.554598
18.832533
-20.640181
-37.012756
10.772530
19.410824
20.047178
-0.587597
-12.076874
7.138268
-15.778237
11.781154
-26.189362
-21.738632
-15.300817
24.174925
12.911326
27.165846
9.350521
-18.048508
-31.212868
-17.524218
23.307775
-2.536457
26.418903
24.274803
-14.136741
-20.779053
17.798573
-26.696918
3.081723
-4.096523
19.072502
-8.015609
-14.274154
-22.040737
-16.306944
6.923778
15.392669
-1.665192
-30.675774
-8.247408
-9.941637
11.625463
14.711065
16.418093
-14.574917
-27.793524
-25.866877
-5.671120
-6.697972
-42.929527
14.120558
-0.042123
-11.798391
11.566502
-13.040819
6.505174
31.346321
-17.885326
25.125751
7.703012
-9.442092
-15.116014
18.303493
-10.883202
-18.113659
-10.325870
32.173191
3.834301
-12.542600
15.518412
-36.685322
19.176973
18.810133
-30.275009
1.676323
21.415791
-4.856268
-17.320271
3.917105
21.211298
-11.880543
-10.910237
24.747290
15.449800
19.321337
8.696710
-4.815655
8.165915
20.126652
16.948759
-1.815937
-11.375906
1.859074
-23.509863
-9.544555
29.134653
-14.863799
3.013566
-25.794363
-24.594149
16.417473
-2.468406
0.753144
-6.020401
-6.294790
-7.586474
-9.224780
15.812047
-17.104366
13.132544
-19.825504
3.495007
-33.078564
-6.076225
8.385047
23.895088
5.441958
16.923416
15.281221
-27.627777
-25.846411
-5.249907
12.279471
-10.662992
-5.485825
13.275196
-0.125288
-25.340225
-25.846558
-5.894768
0.155098
-1.691108
-38.816071
-19.291143
-10.863022
-5.220577
-16.006140
11.792713
11.138682
-7.100783
13.776553
25.510576
5.506274
6.105582
-23.899179
-30.709288
-9.366282
12.360083
-9.143435
14.825027
-0.712097
24.638027
-14.221728
0.091426
-9.149989
-18.823092
-7.486525
-4.710416
11.404684
-28.198463
-20.415274
-11.417101
-3.662652
6.055468
-19.397013
11.241585
26.842794
4.115015
7.464683
19.111546
-7.540184
-10.509669
1.755865
29.419281
-6.510607
-4.345225
7.268767
16.242577
-10.147605
5.814791
-38.874348
21.803751
-16.050266
22.858387
-26.500546
16.258596
15.855462
2.413556
-14.792852
17.082096
8.415942
-15.930739
-4.088315
10.840907
-14.498007
-23.799395
-2.897628
12.107445
-3.822577
26.794121
-10.209353
-20.838449
24.923666
28.126242
9.097294
-21.347214
-15.684828
-2.508162
-17.230625
-15.469788
-7.071704
-15.355794
-21.704554
-3.314107
39.201092
-25.075842
-9.492130
-6.858442
-14.252898
-11.922025
-14.334983
7.078357
18.830667
-32.816689
6.946699
12.591974
4.711384
-4.832675
-20.630880
4.484445
18.786230
-21.389635
5.220803
-16.552746
-22.727589
20.887333
30.834764
19.860954
-23.097282
28.094484
-13.695482
11.763250
14.128741
-17.756199
3.703212
-24.818535
23.403088
19.434416
2.472578
-22.848379
30.607121
-20.263687
16.382946
-13.454373
29.360941
2.948501
33.070946
4.707712
18.120426
5.864965
17.103174
24.478304
10.395746
-2.802197
-16.672279
-8.379652
-19.707895
-17.758179
-14.237307
-34.313213
-14.540181
11.561000
33.267178
-9.199377
-12.297181
15.148681
-4.143817
7.001468
8.633548
-23.846952
5.490968
-13.537793
28.560852
-13.116296
-12.194368
-14.983482
-26.687481
-1.055673
8.580061
-15.346276
29.087538
-13.803052
-37.595009
-4.858994
-14.642324
37.388847
-12.893252
-20.349977
13.148640
12.784911
-1.587088
8.272861
18.210848
-11.840210
-4.935473
-20.936403
-15.352392
-18.186708
-13.319420
-14.459933
-12.848862
29.164362
9.177894
23.940552
5.563368
25.592878
10.128835
15.005174
-12.643716
-11.631100
21.574223
19.281191
-10.189446
-20.552977
28.514742
13.584628
-34.660984
-27.569942
2.927671
-22.031422
-6.184486
-9.104327
10.281075
23.160015
5.585771
18.887070
-17.904867
6.512989
-3.740001
-20.127493
11.401982
20.252220
26.515928
-11.485401
-2.002936
-21.231579
-11.063393
24.674940
3.859862
-37.584850
10.971564
28.845268
-18.462461
-21.188644
25.182318
-6.054247
1.958239
9.910142
-32.094349
-6.042497
9.633543
16.861361
17.675465
-6.158708
-15.666394
-5.981251
-0.818966
2.520685
-12.218971
-19.468260
0.901939
-12.690268
-37.923248
11.396153
14.107403
5.923220
-5.539897
-3.833690
33.254757
-28.445976
3.671057
-0.159681
28.310711
-25.402021
-7.244111
19.349007
12.721530
-8.427147
-0.963176
-24.779249
-1.554398
7.410578
-16.509346
3.810216
-6.563375
-15.708722
12.446900
38.822315
25.074772
20.311649
-28.647270
-7.149657
-27.388365
11.099972
33.018063
-1.369582
-6.209104
-6.895650
5.736466
15.547860
-18.864477
3.786800
-11.629718
13.244157
17.090944
26.647800
-1.663176
9.928164
34.571754
-4.910735
33.184235
-16.342890
-19.267641
26.554424
8.685938
12.616865
-6.746752
18.385880
-28.386915
18.401045
-1.886383
13.180575
13.637569
30.154770
-27.424726
-6.211724
-33.925411
11.791559
0.996861
32.928303
-27.533205
-15.725007
28.101606
26.851955
10.011970
-2.766009
-6.071534
12.149461
15.838890
1.823638
-5.538723
28.123226
-5.979152
-5.640446
18.627567
7.309956
-1.406730
13.839641
-9.154757
17.527418
26.340317
-17.346422
5.660106
4.783054
-16.998003
2.055808
-33.255360
-26.686115
20.152824
5.056441
-7.962992
-15.336448
13.584806
13.212217
16.474844
-23.119980
8.158443
-31.624750
-13.402764
-16.258926
-6.715215
27.487387
32.891476
24.036728
-24.227104
18.555746
20.717072
17.899137
-3.606975
28.712086
-12.848224
-19.734966
27.992981
-6.916536
-17.859865
16.627369
-16.935863
-6.149725
13.509160
-10.364041
-37.991402
-7.133018
-7.806000
9.223018
-2.074882
-22.812155
23.591482
42.342800
-1.130457
5.874176
-13.478371
-14.757902
-9.498315
-17.734282
3.483873
-19.139923
18.438040
9.564811
-9.683418
16.191509
12.732460
7.772896
-36.951241
6.231013
15.181240
24.877026
-16.275047
-9.922102
25.019392
-7.841253
-6.499414
29.342447
-4.050540
2.775481
28.954679
3.014453
0.858291
-11.173075
-13.653250
12.013060
-16.221895
35.939892
-19.262634
-1.124373
-7.887202
-27.663576
-38.161732
-1.190506
22.648319
-0.474706
-12.744468
-18.992281
-22.614775
15.681806
5.624269
12.015716
-18.049070
9.541698
-0.915104
2.286940
6.336734
-16.639408
-29.716784
-0.059685
-11.412768
-22.814417
1.715739
-12.454414
-26.118959
19.686420
-13.584325
-23.062483
3.095936
12.750091
-0.273552
17.976141
-9.168390
-5.893255
-28.709538
-20.163301
-23.087360
10.677669
20.636095
7.678693
15.280076
-13.416026
-23.212093
-39.319080
-29.569759
-16.801050
4.422185
21.283548
31.835297
13.178926
0.803602
24.104860
22.303158
11.630464
-35.547375
-21.026434
-6.901551
-16.530588
7.756320
-6.426651
7.759658
-2.836062
-4.226048
-4.813009
-18.635075
5.990850
-23.446806
5.171854
19.100689
2.601686
44.556496
-16.069149
-22.252905
-11.922425
-32.792385
-21.548845
23.218313
-6.570766
-12.673486
-11.300725
-17.386751
16.754845
15.704851
31.072699
-31.065821
18.189255
-9.286934
-16.887383
32.387711
4.859149
-2.136717
-43.674259
-17.597406
11.914870
2.336528
0.229554
-36.467014
-27.651823
-26.546295
17.061794
-19.101751
3.790555
-14.723812
15.017564
-7.192483
24.419561
-29.712780
-13.169683
-18.060390
14.914971
-6.692277
22.167177
25.931356
8.564104
-18.544201
19.258884
30.960419
-8.925064
-5.966033
-28.439854
-21.820807
-21.725939
11.863291
-11.969952
-17.438652
18.110855
16.729868
-23.811750
19.860489
27.898708
-25.670181
-29.230055
-19.190046
18.475473
30.889584
-4.817894
-10.551726
-4.227520
-18.477964
-17.210052
-21.697433
-6.912295
25.629032
11.062267
20.882069
-38.471474
37.178040
-16.837559
26.201668
-20.748274
18.509203
20.402054
-20.407579
8.244381
1.879738
-19.885592
33.949066
8.317934
-18.423601
-6.202353
2.901042
7.010446
7.365625
-2.672302
-18.245293
8.917588
6.728720
12.125882
-3.928407
5.088000
22.850512
-38.738987
-10.636823
3.294089
7.268334
-10.399846
8.362591
-14.417625
-3.759614
41.044285
-0.773798
-12.602607
-5.603447
-3.083623
14.064971
10.657239
-18.348240
2.922223
-0.013923
13.791597
-6.373392
33.676487
28.660013
10.448625
20.504416
1.965482
13.339320
-16.061478
-31.902315
-3.414572
2.474172
-21.448477
0.707864
9.106367
22.671190
3.480437
-1.502542
7.516589
47.373978
-4.456919
-13.586646
10.459693
19.113108
-21.810398
11.200206
17.390396
30.866980
24.034643
-9.953197
-24.199286
1.846789
15.786948
-19.092239
17.943449
26.043175
-22.508476
-5.895606
3.492652
39.652767
-16.492590
-21.517675
6.273801
-2.240400
21.698797
8.532300
-5.644991
-2.203702
17.593864
22.422302
-1.706954
2.041339
0.776370
-29.100307
-0.955156
10.908280
-17.938480
-19.689314
0.335324
3.112636
-10.016181
18.008659
-19.088535
-7.125981
-4.448152
-20.395510
-19.623028
-17.323584
27.996614
-21.368361
24.265806
-28.154417
11.733199
31.945051
41.886139
-27.824915
-5.173604
-23.080523
8.205821
-23.737522
-31.283350
-9.703155
-0.252006
20.123615
-3.059654
10.395821
3.736826
31.498934
16.662270
8.263756
18.157730
-32.250816
-2.976277
-28.471788
-1.210417
-14.112049
9.650886
-1.142920
-9.865357
-5.774207
-4.765070
-29.795412
35.999798
-18.518076
-9.351746
-2.571199
-30.938921
-0.913880
-20.111824
-22.377718
33.040085
-10.794178
-25.962999
-2.671774
16.699478
-10.260717
23.235367
14.482821
25.425480
9.409058
-9.443643
-21.976257
3.696182
18.725725
-14.874906
-9.067727
-4.074597
12.432778
-4.420026
-4.850647
20.321293
-15.998144
28.844742
35.662781
-6.826440
21.589455
-20.708090
3.828052
3.276745
12.864244
-0.823245
25.212990
-21.245337
24.727995
3.502836
-8.230240
20.739635
47.585342
7.270286
18.854074
11.397314
42.491375
14.469985
-0.351246
24.407175
-5.289588
-21.501764
15.468716
-50.410252
29.168947
14.182586
-1.650013
-20.401209
-1.187423
-34.214546
4.037290
-6.725793
-27.276075
11.864285
-18.379934
-3.006295
-8.731215
-28.482412
30.103973
7.375949
11.226281
-8.665057
17.520926
12.873403
-7.075424
-7.331640
4.573122
-25.158600
23.825863
-14.527552
36.157566
-19.989908
2.963547
-2.734402
2.787165
21.994087
-14.913788
-33.189793
19.642321
-21.535664
-2.343843
-25.358364
13.399097
-34.902222
0.000942
-5.284735
19.388706
-8.851472
-20.377096
-15.201221
-21.166994
16.805824
-27.438663
-14.671172
-18.890024
14.559671
13.766409
46.722301
28.927885
-15.053931
-17.643766
-9.538966
12.837057
32.683353
24.370173
6.808726
20.688093
13.997364
-3.852950
-11.547862
-1.534776
18.347218
4.783195
7.674994
-31.159306
24.460562
-19.669897
13.413815
31.383287
36.087543
9.355428
19.490614
12.818197
4.098279
0.324648
7.702649
-12.037992
16.593941
28.309164
14.672904
27.081499
-9.033858
12.011257
19.559536
0.528975
-3.000457
-23.460476
-11.598258
0.823146
30.484251
12.890495
28.706614
4.244689
-22.636671
-29.489552
16.093561
23.930107
8.748036
17.885477
-27.335218
-13.942234
-1.368621
-7.972268
6.961606
-17.755138
28.808678
-44.550312
-13.243214
12.267649
-14.402699
18.839449
21.071257
-19.336649
-12.633505
38.524349
-17.001480
-24.244648
30.512100
-7.981081
24.137985
-5.788902
-17.918236
-30.914993
-1.768705
-25.359945
10.989295
4.665739
11.876113
-15.082491
-17.807919
35.236328
-5.749021
6.834000
9.165132
19.149174
-9.222462
-2.918258
10.661834
19.283464
-27.059004
24.670853
29.900311
-26.647131
12.903438
12.828847
-4.864594
28.360367
-2.717638
1.321792
-10.324700
-9.908951
9.271524
11.742277
-29.514765
13.646068
-32.983639
-24.974577
13.895390
17.014637
-16.821169
11.237779
-2.182402
8.167718
11.863108
-9.218149
-3.804495
7.984307
-22.298098
19.175730
3.938322
8.689140
-14.414205
25.552450
-6.195896
-20.488541
-10.333955
-1.953932
-8.238688
-14.487939
15.237733
11.507060
-1.716275
-30.477320
-12.752276
12.056137
21.405994
-8.804045
15.237062
-12.106948
-9.169851
-14.780024
-6.644617
-2.841335
-12.654264
-21.657681
-11.603410
-27.773840
-2.126640
15.643929
14.593231
9.978956
-1.729597
-1.427099
18.614342
11.372581
12.767456
17.478336
23.824919
21.366299
-14.504426
13.677287
-3.395416
8.788894
-0.140622
-1.972739
24.317522
13.519982
7.775360
8.252311
1.311106
20.060989
0.669997
-24.660679
26.910980
12.180787
27.660330
10.949008
-22.148108
6.090729
-22.366234
5.210523
-19.331278
10.291720
28.416367
-41.131367
5.887358
6.974351
15.158459
27.286877
28.244253
-1.259001
-23.871326
-26.945240
-9.297861
8.543824
26.531021
-18.182579
16.836554
9.018119
-42.388859
22.544043
-10.507594
27.007288
7.393894
-14.856635
-18.803267
-24.953243
15.297406
-38.148643
17.871180
-1.829807
-12.248478
-13.513912
-25.575125
-23.192141
-14.199611
-20.820871
39.580585
-19.513243
-0.979269
16.891611
-27.827141
14.786102
22.098896
23.597662
-12.215641
35.617455
-13.481467
-15.082701
-21.906481
25.687204
29.587837
8.012725
-1.290154
-0.925758
27.587734
-23.622828
-15.334295
27.758314
-2.174558
-9.235165
-14.626700
-26.627705
19.859201
32.305740
-23.114473
10.125923
21.847345
25.013887
20.538013
15.816839
22.376568
-2.212735
-42.809029
-27.933237
-23.708870
-34.674419
-6.182797
1.278211
27.346470
-19.828608
-13.495856
8.720284
-2.180749
-22.200119
6.277485
0.215495
-9.667280
-11.707962
-16.104567
-1.354533
-4.598199
-8.706625
-3.672227
-33.677841
6.516619
10.143952
-4.224983
-26.402149
32.393787
10.177196
-27.964828
3.525141
-7.651542
23.717691
-31.001875
-2.384086
-39.994637
16.544897
2.596099
10.202642
-12.343314
-13.665616
-22.922562
6.773798
-2.122652
-8.235052
-18.939327
-3.081797
-24.481930
-11.368630
25.801962
37.935417
-2.662053
-22.676126
-28.444109
-8.451091
8.725903
10.625766
17.588223
8.098393
-2.933100
24.059155
-5.288495
-8.980746
-29.867804
15.835078
14.046469
6.225050
4.022882
-5.201105
-22.218609
1.262692
-30.720951
1.706391
22.853176
-1.703485
18.059481
18.515896
9.023933
12.997806
-13.796190
-27.881737
-39.228065
15.618147
9.224386
37.997757
29.036247
-1.119820
11.601602
12.280581
14.185637
-19.914515
-8.578616
9.607240
-29.687721
-1.627047
-25.272604
24.550575
-29.525753
5.969786
16.073505
-22.449724
-12.138330
18.484343
21.241062
12.778225
17.247461
-9.460608
27.395855
-6.341175
14.292800
23.166634
-0.958407
-22.285107
3.396513
36.251961
-20.557814
-27.153791
-2.921245
-23.964998
36.779034
29.501749
17.166735
17.537840
7.391037
7.063784
-11.219370
-24.163471
-15.053050
-12.916398
38.501163
29.366104
29.208397
-38.628105
-0.767860
10.003041
-25.800417
-24.205111
-10.062206
-14.596667
-21.806969
6.658980
18.877609
17.112902
3.071787
-26.553238
-8.028980
-2.109073
-15.694616
22.598253
-12.430697
-21.879499
-22.419981
15.674099
15.657166
21.562811
-25.401951
-29.751686
-11.460486
16.470331
-8.214684
4.090812
26.061518
-32.237637
-34.646427
-8.500328
18.636267
21.415998
8.979424
20.699080
-7.383070
-8.160574
-14.034101
-9.459488
-31.034246
-17.262524
2.450447
-37.493912
13.787553
-20.215132
-19.880707
22.738352
26.609606
29.208397
-20.296570
21.720297
-5.078569
18.915163
-6.354041
20.480408
15.070348
-17.254560
1.269647
-11.714482
-1.185573
9.906074
-21.395346
-5.684130
19.955545
-17.252586
0.993048
31.223001
-27.861057
30.259424
40.086372
19.073942
10.190684
-18.611965
5.748428
6.815598
4.354719
-6.706770
-8.077134
-31.903765
23.308729
-18.461359
-19.104496
-8.983850
8.355187
6.811222
0.400037
-7.946888
-9.807536
25.219679
22.749561
27.373074
12.169504
20.533253
-29.720068
-2.204505
18.890741
-25.235098
30.287571
17.062057
4.956691
20.101534
-8.817028
2.181272
-26.996220
-26.356501
-20.313810
11.649283
-22.538824
-46.533161
-31.270172
-22.375509
16.759373
10.430178
35.860550
21.991161
2.533312
13.253489
-4.480597
-14.876221
14.598836
-19.767710
-0.115772
11.068343
-19.712870
-37.094734
16.068851
30.367113
9.682317
18.643827
1.136596
-5.596529
4.503731
3.015816
-21.911938
28.562799
1.636681
-17.815605
-22.761467
19.349995
4.775170
-30.639492
1.294783
17.884573
2.945719
-23.492113
-32.989868
23.179892
-20.451620
-20.502689
17.547880
-1.793071
16.489826
-13.067809
-11.012767
-17.868643
-7.764739
13.747299
12.429451
-16.457586
17.268499
-40.903473
-12.817974
14.740746
-2.941039
20.505541
-16.033596
1.060877
-5.096083
21.019583
-27.979164
21.587326
8.825942
6.835320
-5.144421
23.817406
-9.005901
-22.056387
15.800701
-21.369349
-18.920765
-4.111969
-8.977027
-42.308811
-14.467266
-17.432650
7.828220
-1.026156
-0.540923
2.872215
-10.923888
-26.950800
12.276855
-25.123322
7.258035
26.523388
24.617266
-9.848332
2.378136
-3.991567
2.095596
-1.822509
-23.452932
-29.503458
37.117756
-6.545848
-13.371261
-20.873735
-18.548367
0.634295
-7.302518
-4.000067
1.560934
-19.902685
-4.703448
16.311432
30.867437
-8.593690
-32.070885
-7.426012
-18.839544
-0.044956
0.738902
-31.714903
-4.570547
42.687088
2.356220
24.921234
16.020582
-1.506234
-7.684087
2.810716
17.093967
26.943922
-12.243303
-17.940979
11.203635
9.798099
-37.094662
-11.697703
15.773385
-17.042253
-10.385433
-11.129500
5.984797
-8.105632
-24.125885
-14.783054
-20.539398
-2.492964
-21.250900
20.205658
37.455429
17.705868
-17.910561
19.237688
-30.722918
12.055194
-27.789268
-14.576036
17.496056
-29.906895
-13.731467
37.704285
15.903772
-12.947821
22.698126
-22.355951
-3.047596
3.315095
-33.265129
12.539224
-1.655362
-27.577421
33.096691
-9.771322
-21.103205
18.939722
19.718739
0.072519
27.769276
6.171155
1.279341
23.443758
27.263996
-2.775351
21.613813
-4.384659
-11.497879
12.001943
-6.701495
-2.457808
11.090172
-11.782654
20.772064
4.260074
17.808039
-2.457946
34.075352
6.435373
0.045208
-37.588833
35.549896
17.400646
17.915798
-45.340733
7.042516
-4.545069
-5.083858
32.778114
5.633551
-38.526386
-21.859472
-20.081766
-17.897387
-11.602284
20.741583
-1.735172
-13.769242
25.892693
7.945110
-5.745812
-16.449715
30.881741
13.632332
-28.909983
-45.670879
-24.726196
-0.078025
-7.650677
-8.827049
35.499954
18.257120
4.262028
14.688895
-10.293227
22.331034
0.265319
-16.130238
-5.740501
15.133943
31.950371
-18.704359
-20.536695
-28.759573
9.879662
-12.714530
-25.019527
-28.395632
-12.611675
19.170576
27.166094
12.328600
9.499985
-13.973833
17.683306
4.140988
-9.315514
-23.504816
19.329128
2.397347
6.798133
-6.661088
-15.364651
12.550945
-13.946174
-20.695482
15.001862
17.637278
30.444624
2.517805
-3.126593
13.789286
-19.593811
-25.542719
-30.074333
-2.390274
-1.013075
4.253537
-22.277699
-18.082102
5.606678
1.612636
-18.301439
6.433387
-2.192434
28.480047
6.971880
-17.947496
7.657060
-16.096872
17.367197
-1.958715
-9.472096
-3.397461
-3.696752
7.008323
-24.923567
-2.258728
10.607271
16.700062
8.856652
8.297818
9.354632
-20.767389
9.650661
-10.979796
-23.986771
-1.422360
-4.075400
-17.293837
-32.469856
12.605433
16.234377
40.138344
14.263616
22.371754
-47.146671
22.715769
-13.082316
23.161022
-15.255123
12.834212
23.287142
31.687204
-11.953120
20.147881
-20.057339
25.589258
5.522953
24.726702
1.428484
-28.919567
-18.326830
6.937137
4.679680
15.179626
-22.216518
-14.326015
-50.499901
-16.304884
-4.827340
22.034657
40.223927
25.480471
12.799476
-13.839304
0.815793
9.631623
-2.622479
28.969561
32.720768
16.964022
-22.337025
-23.346209
-17.168322
-1.403443
12.228957
14.244411
19.172449
14.774810
21.919050
-13.867396
3.891436
-14.113726
1.043245
-13.009089
3.519474
-10.567956
-19.488224
19.041222
11.765422
-23.477768
2.910718
15.349037
29.647884
-24.251564
30.819576
26.808378
13.088282
-12.942708
1.774213
6.738435
0.235052
-3.499671
-22.220467
14.299414
-4.560013
-12.741602
25.898737
15.368540
14.890644
7.010821
-0.531466
-10.340949
15.712543
16.676575
3.395932
-23.595514
-17.451080
20.132036
-19.215403
-16.542839
-19.851431
-12.066677
18.975584
14.626713
1.282624
-17.710617
-0.702786
-8.473627
-16.005817
10.513130
12.191352
-14.825537
-0.670633
-17.453110
10.304505
-29.825592
-13.999103
7.229815
7.874725
1.081167
5.778646
8.959574
23.208532
20.933634
-13.205873
-13.617089
-28.245594
-18.957729
-5.394750
-21.710546
24.012747
-22.141788
-4.434197
-17.568377
1.004569
3.349741
-21.879068
-23.167179
-31.326130
-28.976149
0.302486
14.282011
-24.194412
20.475096
11.669835
2.142779
10.407129
19.950111
-15.733603
5.725577
-14.627131
-26.284260
31.402359
21.883694
-9.374545
-3.420223
-18.589788
7.365462
32.296047
8.980507
-9.826181
-21.264547
-25.863754
5.109446
21.786850
-10.857714
-4.002118
2.035898
-35.163498
2.128483
6.444631
-5.887413
31.180050
-7.560073
-2.946477
28.768957
-27.935354
-9.433780
20.717413
23.548969
-28.511389
2.533976
17.087347
17.043785
-38.147514
-38.426365
-3.243079
-13.116625
14.711467
26.454535
2.790159
8.787618
-4.166697
-22.581608
-7.947656
20.717875
-4.759022
-26.939411
0.024662
-6.285705
-0.314964
-27.412188
12.423738
-18.089767
30.604757
6.340908
-35.914089
16.434673
-1.679683
-0.683892
15.288095
0.863396
2.339279
-28.857311
28.773798
-24.787405
19.330032
4.996390
22.336142
-30.154171
-14.141614
-17.065563
1.002400
-19.505455
-9.026498
-22.408596
4.278914
21.002958
-15.415237
14.830373
18.298998
6.471211
-19.101633
41.041664
31.197222
28.428019
0.534969
0.823815
-3.449039
6.533448
-11.938312
12.615592
-5.531951
1.187273
-27.218376
-15.001143
14.539374
-17.683489
-27.182554
-6.178634
-8.084597
16.923300
3.940889
2.151973
-33.122208
6.970711
11.201173
21.948555
13.804344
16.974854
-7.741487
-8.821744
-4.100804
-12.819486
4.741428
-7.179939
-18.420883
-31.284517
3.371342
19.753994
-22.693190
-23.144560
-16.915956
-18.785646
-2.938494
-12.783998
-13.358406
-8.855491
5.011614
27.921564
1.253357
-26.868713
-9.768505
-6.206202
10.749641
-12.418472
-43.229500
4.903908
-22.020489
-0.301344
-27.059055
-6.319187
22.206779
17.660904
12.327783
-16.453773
-7.648477
-11.097548
6.521814
15.836709
-14.021649
22.815680
-9.067805
2.369619
6.734386
-5.755606
10.564831
37.424564
13.919657
-17.133518
2.092137
-5.246767
6.103021
23.466063
4.229800
9.181690
17.669777
19.032808
3.798451
21.528658
8.767034
-0.895164
-14.313229
-15.960743
-1.790286
-9.279495
6.557085
-21.342030
2.298477
1.041149
-17.491959
24.458809
9.501004
8.020471
9.098739
-19.606846
-7.102304
-11.960656
-21.640202
-22.289255
3.747870
33.796890
-18.838144
4.063695
7.280989
-29.596821
-5.984954
-17.410250
18.122961
8.881596
28.330910
-37.972584
-12.678100
0.475042
1.144569
22.698792
12.711688
21.664028
15.160542
5.414483
8.295093
-33.934052
26.935448
-15.189801
26.343380
14.694904
8.776134
26.050179
-30.269028
-11.172884
21.948965
-21.155474
1.232148
4.134931
12.587336
4.436382
-18.528362
12.342476
17.499384
-17.420780
-9.761715
7.669319
26.132782
31.778049
17.891338
17.632650
-5.535750
-4.716967
-15.815193
-7.630932
13.748664
-16.103956
-25.692049
18.979309
27.767725
23.102861
15.036002
-13.853944
26.933506
-4.381627
9.742255
6.836514
-4.577322
3.524147
16.562332
-16.144142
7.713521
16.883663
17.161104
30.089613
-12.970704
-8.652534
-32.821529
-20.926542
-22.249895
20.921257
-19.981194
-16.152588
-10.235320
-1.881939
-14.822528
18.057920
0.055347
-9.733712
21.996033
-12.254278
9.958918
30.602358
-26.432264
-6.273970
-27.609179
-16.081198
21.498056
18.617634
-29.697714
-37.310047
-13.683326
16.653139
14.882013
-6.732249
32.890289
-7.582833
-10.999736
12.888574
-41.660843
1.990637
10.119947
23.998734
-5.893451
18.838152
17.728886
17.791183
8.379664
-9.049848
-6.284044
-36.192085
26.588928
-4.626947
2.807027
-28.338881
17.203873
9.682864
5.370658
-34.043110
5.673384
21.514282
-25.962051
20.288206
2.141174
-32.405247
-13.972301
14.627002
19.311152
9.507951
17.456224
42.067192
-12.644234
2.236362
-19.209616
20.620310
13.966993
-16.297714
23.675795
-11.593241
18.635334
17.176508
8.703118
-17.722572
-2.290836
23.903675
17.948479
-8.274611
-29.899134
-20.724197
0.025937
10.284624
3.069708
-18.659388
30.414440
19.618641
5.565577
19.825502
11.014312
16.896383
-4.244967
13.532639
-28.705584
-11.347034
-10.348608
14.212071
-34.889790
4.017313
7.393678
23.835375
-1.507255
-38.999893
17.342434
24.768267
10.252116
3.263941
32.119438
-8.921959
-19.008394
17.974342
-15.550131
15.366992
-25.122227
5.039665
-3.482731
7.562254
8.304321
21.203493
10.510362
21.472694
-20.892982
-35.946869
37.806110
-12.324392
-11.072028
19.839481
-26.526146
-17.763908
-28.556301
10.188521
10.976129
1.082365
19.557207
28.545029
34.805126
2.524183
20.939447
-8.408271
-29.427309
-21.759823
16.632774
-13.230550
35.556370
19.214651
-2.080556
17.037622
4.535890
-17.098797
36.848862
-24.718994
7.935185
-5.440708
-1.723501
25.352156
9.695859
19.219307
2.681474
13.624768
23.372244
-27.760485
-10.643691
-7.171919
16.735758
-13.966558
21.340141
11.789226
-2.979844
16.571203
26.589621
18.731237
3.611022
-1.794621
15.724333
29.799503
-27.780218
-13.635169
24.282412
-4.407685
-14.381425
5.968840
-25.698858
-14.966912
18.277225
-30.343121
22.687637
16.511543
27.885332
-24.766918
-30.631336
-23.641396
-18.956163
-15.494405
13.964583
24.942320
-20.327122
-4.923682
3.080803
16.627302
10.040280
-7.599677
0.765123
-15.303712
17.220293
-20.258833
33.088730
27.106724
21.723724
-3.296250
5.332713
30.665728
-0.997897
15.760177
-17.525263
31.794281
26.565248
-8.888976
10.461287
-21.241364
-20.867252
10.419117
10.636570
22.660292
5.391699
15.571645
-13.971894
-29.585302
-8.898636
27.907230
-5.578385
1.688075
-13.079140
17.240656
-9.878444
-5.166234
-19.615778
-13.125827
-27.869310
10.513611
-21.017654
-8.718755
38.822639
0.458320
-11.471793
-12.537797
6.164142
4.925038
6.131592
-18.346601
-5.910995
5.199910
-16.166351
23.767756
20.381968
28.377890
8.108232
-20.625965
23.331738
11.250264
-13.269210
-23.942661
-2.932949
1.562555
36.610035
16.742867
25.448711
12.056993
-16.690073
19.770697
-20.567293
-17.911396
-8.336220
-13.039606
-23.742325
27.811939
10.103209
-21.793139
-4.760206
-53.189495
23.771843
-0.898983
-12.460208
-6.053212
-19.639803
-9.181142
10.582525
13.289168
12.225328
-31.025604
2.582270
-11.123855
-2.279365
-1.955953
-20.079765
3.505294
-1.895545
-42.932064
12.311790
12.530205
18.430761
21.999741
12.810763
2.799719
18.788857
5.507090
31.529701
24.377131
9.261359
3.721661
-14.785654
17.513449
-12.250389
-16.349077
24.839220
-10.835385
-9.606427
-8.959164
-35.307701
21.454546
-34.781231
-11.347713
5.818070
8.644080
5.806931
16.147154
9.280244
-6.973249
-20.186417
-26.916105
17.888889
8.877712
3.145835
38.550816
-17.497272
8.317724
-3.218355
-24.428692
-12.549623
-21.889297
-22.750565
-18.453224
-6.231402
7.669817
-18.399382
12.832762
-13.121408
-21.653255
-20.108944
-11.094662
8.261588
34.378429
17.797199
11.033833
-37.565014
24.565561
6.563115
18.215279
3.000205
-2.056555
23.403429
-10.891263
-7.091596
-6.183683
-7.607797
6.975945
-0.392195
39.412445
6.352778
-12.751326
-5.150562
-1.411514
-11.333882
7.421802
19.238096
-22.308157
4.231079
30.740110
-22.393770
-36.393776
17.112091
-10.342583
-18.489243
-21.058109
-1.065014
-27.997549
-17.507328
-3.610584
1.713801
22.210892
-14.774961
21.130079
-14.889065
-0.125452
-2.215130
4.342103
4.798094
28.335812
-13.514762
9.301141
-15.258656
-7.758601
9.929194
-35.839142
10.517420
-3.303600
-30.646149
12.493870
-2.945700
10.919870
-12.575656
-9.043895
-29.914984
-17.136391
8.623283
15.694815
37.460537
0.746240
-18.822193
4.235516
-16.004265
15.977834
-35.699905
-9.040610
2.980765
25.626825
-18.785315
28.110395
-22.318172
-33.121387
-20.072525
15.310092
-12.352097
1.258399
28.956522
33.189034
-16.431952
16.278170
-26.037451
-16.389486
12.756119
19.962938
26.616776
22.399532
-12.703609
-10.425442
-25.084183
3.747985
-2.650098
16.754089
21.136059
-11.009969
-28.058485
13.244688
20.121105
-15.367573
18.392530
-25.939665
1.269917
9.106885
9.132912
25.725821
1.373863
6.263412
-31.186029
-27.548826
14.578562
-7.286390
-27.434654
-4.525054
24.814920
-29.666714
-8.367663
-9.346066
0.847161
-20.952555
19.620220
4.343722
-25.310493
-26.394138
19.847275
5.950826
-3.254870
-15.398133
11.809278
8.230317
-22.915945
-10.263744
6.658494
-24.724998
10.884561
18.682987
-25.402605
16.091763
30.363377
13.471765
-23.925875
-4.281108
-17.817293
-13.703712
1.564890
15.656618
9.797334
-23.248158
-8.569066
8.179732
-21.634802
-33.062962
27.772860
-6.075758
6.972619
13.090814
33.746529
-29.211151
-20.290380
20.312037
22.420235
1.965802
6.372640
1.938190
-7.036995
23.043129
26.934183
12.549131
44.768250
-24.709436
19.306238
16.352978
-21.566483
1.428252
-13.251776
-27.534977
39.101608
24.421618
32.516731
-36.920769
30.134626
-16.403879
-7.936856
23.993668
31.415815
11.396266
-18.757019
10.065901
-22.379179
15.488305
-11.627720
-22.962248
0.251347
-30.700956
-14.297061
6.165688
3.776933
28.323433
-13.280169
20.684397
4.095140
-9.174738
25.502481
-2.408708
15.535127
-1.932133
-12.237503
-23.844637
8.404232
23.189898
21.279814
-12.378298
2.094576
-25.831095
-18.355844
-1.713346
-12.754614
-15.276648
-2.108649
-19.211746
-19.800886
-1.818683
-6.307271
23.548624
-14.792857
20.705532
-19.500111
-18.745451
-13.146653
15.820448
22.798182
-23.713165
7.185099
-20.766584
-13.760626
32.380299
25.538900
5.826284
4.844168
-20.101072
12.384546
3.130964
-3.962312
32.171455
35.030830
18.947735
8.031137
-0.665893
-10.535053
-17.131109
23.860373
-34.822754
-19.484474
-6.397723
6.882081
7.797835
-3.082924
10.105513
-5.970759
-14.526440
4.234942
17.394203
-8.987907
8.269140
3.561179
22.241987
-28.671680
13.214360
23.938042
-4.025266
32.597118
-2.502962
14.651938
1.892465
-9.074832
-27.992191
-23.904449
31.014881
13.179679
6.528476
-3.176407
6.365119
32.684494
-11.820766
24.426197
-28.854702
39.990696
4.334532
-21.503923
4.827693
-7.094822
30.158464
11.124137
18.760580
19.500563
17.283880
-24.554218
16.545605
0.153429
29.719099
22.074221
10.318834
-21.896347
-2.894261
-10.490912
-9.511530
-1.857805
-41.495621
11.056695
13.060649
24.748787
21.820122
25.156126
-32.417610
24.298809
19.094849
-34.090759
-15.153544
5.335584
11.225490
16.944481
-16.164738
4.083502
11.000139
4.276037
-20.493568
12.404728
13.006303
-26.638025
5.398725
19.185568
16.666832
16.284477
-16.498194
-26.610359
-13.369641
-19.420153
-16.336765
4.343108
-12.511706
-0.196229
-10.734149
-12.099432
-18.162271
-5.691807
-24.176102
19.971819
-15.852962
38.081524
-1.322737
-14.121681
-14.595016
29.896095
-7.014972
-15.471222
-2.254296
-20.472179
0.692858
21.704973
7.555099
-0.082671
25.580036
8.853868
26.331423
10.589997
35.129406
-15.250250
-3.681499
17.147800
9.360547
22.474770
18.509962
23.908957
19.101154
10.054152
-15.207645
-14.889170
4.584545
10.898125
-20.675865
-0.067534
-16.452122
10.620819
23.301830
-15.213284
18.570028
-11.393804
-30.672922
-19.810591
-19.725710
-7.685864
-15.978173
-31.562056
31.304064
-7.035190
22.294174
-15.010344
18.636179
-37.260078
13.139277
-21.063847
-18.716618
-20.180195
23.091633
1.755367
-7.061563
5.980317
-15.702421
-11.419301
-2.155616
-19.251040
-14.076715
-10.872466
27.567760
-23.506254
-9.772713
-0.244898
2.150523
-6.957486
4.053589
20.729145
0.273730
18.483095
27.952429
22.927082
3.787683
5.090584
15.472427
-32.717789
14.751560
3.659887
-28.533474
20.465487
28.937960
-16.655905
27.400778
21.378357
5.606845
-11.447162
-30.008987
1.160195
29.328012
10.152784
8.864955
-35.241108
8.568267
-20.205170
-6.474162
16.894707
-20.553818
-28.853796
-15.506275
-17.957994
12.992742
-28.025827
-5.921781
-9.004755
17.704813
14.192088
-21.316196
-2.907728
-3.016992
-3.869533
-19.254616
-15.451892
8.816192
6.020462
-18.046066
-13.623351
30.479025
26.681831
-27.313381
27.528738
-30.491089
-29.130884
-26.866579
-10.255242
-3.611384
-25.106178
19.507114
-17.029387
17.870981
-21.475861
-4.922695
-1.357776
-13.191356
3.986199
22.373991
21.930115
1.929242
8.304195
23.603966
-2.807621
-18.774076
5.822413
-21.045687
-5.832027
-20.725063
8.872125
24.980049
-27.591539
-6.568087
-10.132227
19.615887
-11.313769
-1.317330
13.434127
-30.554466
15.752653
-8.180809
-36.538734
41.827950
12.150605
30.723745
-7.010680
3.834342
17.433464
30.505262
14.168775
12.397097
-9.135257
-24.299992
-13.817591
16.523800
10.452394
19.837038
13.123312
-27.852160
-6.817490
-6.650369
-5.283068
9.488785
10.580804
34.212933
22.497608
-8.260718
24.695618
8.999366
6.173757
9.230283
8.271564
7.852025
40.641853
8.331186
-23.846661
-11.797957
15.546947
3.804727
18.462631
-6.086841
5.149252
18.091047
39.279327
-22.718895
-3.009565
11.761974
7.263244
-7.764481
-15.741179
-24.014019
29.812399
24.823004
-1.970333
5.272715
4.746274
-15.160569
6.115803
3.987002
13.474950
3.350525
-20.103716
-16.989416
-27.801559
32.052822
10.733575
8.822371
-18.504894
-6.756659
36.107342
-3.707832
16.055532
-32.505417
-25.771431
19.557850
21.337763
24.195948
25.171127
0.805251
21.181013
14.483097
-2.004358
30.863565
-17.351671
-18.915468
23.491501
14.152008
20.739452
10.148249
14.168522
-14.003232
20.853645
-14.024358
40.331997
-35.645119
22.814196
-12.187758
18.646885
36.434975
-22.433994
19.828545
-12.959002
6.504809
19.208277
15.506438
-20.760410
0.496451
13.446008
27.886396
3.253885
0.335190
-38.144222
-22.488750
13.737921
-13.404697
10.322927
-20.798504
2.798880
-18.226206
32.548790
-18.825319
4.254418
-24.516693
-9.756867
19.346792
-28.094105
11.552143
18.964752
9.898720
-10.672891
-16.698486
0.809464
-12.014418
-16.780857
22.890518
19.639706
10.050569
2.897041
-4.740983
11.809176
15.517038
4.138762
10.805417
-25.547064
-2.653495
-23.462870
-11.160166
-6.196200
21.225925
7.141860
-25.987259
12.321492
-24.277460
17.710522
16.464567
-6.852836
28.984661
22.068161
22.218449
37.125919
16.394718
10.472209
-26.062466
-8.612777
-26.283403
-29.009792
15.252831
9.363433
10.241563
6.253734
3.320173
-2.733580
13.530360
-5.314520
0.472492
-28.906639
-19.586384
-23.448629
0.187660
-19.973948
-20.736343
-1.861195
-39.235538
-0.256512
-17.318819
0.134603
-17.576345
-27.374216
-14.483997
-13.773321
1.172351
22.897009
0.823980
11.927411
-20.795700
-3.152757
0.557739
-13.455196
-7.033169
14.025848
11.215078
12.039051
-21.959875
35.788498
32.444351
-10.412383
-26.449026
24.790720
-17.041397
-12.781419
30.786608
5.306004
10.074880
24.629627
-25.234497
-17.140188
-29.321264
6.028156
-7.889977
-0.522524
-22.019571
11.892356
-16.976522
-2.861868
7.070054
-23.001244
7.065303
9.407978
-23.123636
-23.747591
13.372289
-19.905403
8.758456
-4.137323
-10.919143
-19.317968
13.584610
-7.041952
20.055950
-28.126713
14.720001
8.887003
1.422565
-7.519663
21.862797
-30.462292
-23.739197
-11.737590
-8.286077
-16.706972
20.282507
-18.355415
3.791465
24.030821
-21.920067
-14.014025
-14.068941
-18.348965
-14.980861
-6.941852
18.796482
19.337097
5.608852
-17.744169
0.778201
7.516474
-20.350435
-14.489388
-25.967087
14.012726
8.829945
-19.811728
19.900776
38.376320
-15.203161
16.452120
-16.972168
10.603974
21.680256
7.760505
-13.486538
24.381056
-13.875759
20.370939
27.562824
23.609940
16.096552
18.737757
23.141733
-5.459356
-8.442493
-15.146827
-17.189716
17.638927
-7.228934
32.682655
10.530093
18.793489
13.167572
55.327080
-2.362120
-14.793665
-14.251745
-29.053654
6.943388
4.364344
-0.542023
12.665630
-5.512486
-5.260593
-42.019417
7.119351
10.352673
6.395160
-3.693666
15.787248
-30.504290
14.559819
4.493867
-46.274834
8.907836
2.577573
-20.920139
9.579846
-3.880408
-27.353136
21.026249
-19.717056
-1.871425
14.537136
3.974675
-0.485705
-26.948523
-3.340102
-11.811576
25.617010
-2.785139
-19.693127
24.864208
-14.659442
15.670688
17.353712
-14.782844
-10.202073
13.884955
-15.629833
-27.222097
16.292528
16.201105
25.175360
24.865192
-39.188530
-18.790899
0.051193
11.393431
29.550884
-17.982414
-7.109728
21.400328
-19.134247
-24.302717
-10.782852
6.157720
-18.366190
-31.899002
-19.580404
-4.648089
31.866144
-15.655788
-5.389940
-17.049395
1.011831
2.256540
-15.437021
4.269340
-15.997629
8.304526
-7.055767
1.287470
25.911592
0.550251
-21.738594
-3.845712
-12.986576
-15.766748
28.445034
4.322946
21.775045
18.516058
18.629751
4.019446
22.136683
-5.283225
-10.640165
1.960686
17.310093
-23.806557
-28.568687
-43.897049
-22.969551
7.925169
-37.509922
11.320421
22.552122
4.310891
-12.625088
-12.059292
0.148892
-33.836510
-22.408894
22.792973
1.737906
3.325155
30.964184
26.851171
-14.733100
-12.077961
16.192827
0.736459
-5.134559
-24.731970
14.280241
23.456776
20.130207
23.281029
6.570943
0.708137
-24.462645
9.344839
18.534687
5.824343
40.601112
-24.861368
9.154942
-21.641003
7.598680
8.617737
16.417294
13.480835
1.305297
0.090310
-27.854603
1.090815
27.484283
-9.445619
-10.597239
3.193287
15.677065
12.244635
9.825992
9.614753
22.143726
-11.291657
-9.777402
17.096731
12.488124
35.794189
-8.518780
3.646192
6.009935
-20.079807
-31.201359
-0.869490
8.917767
17.307472
-8.103768
14.219977
-6.147503
15.918710
25.110420
7.674677
8.794047
-0.396018
-6.804089
11.589774
-23.758186
-7.253030
-46.911312
-14.818199
19.772865
-1.360565
23.366621
26.941509
-26.070818
10.905313
6.740002
11.095157
18.866245
31.379671
-21.672325
-25.734715
-10.742059
28.420853
-23.665049
-10.961769
-4.343474
-22.867851
-20.185213
-18.373920
8.647844
21.306742
17.024807
-19.578682
-24.965706
16.281878
5.342477
24.238968
-26.203993
-4.958197
31.300135
-30.273287
20.375828
-14.669000
-21.410698
12.622507
21.143869
-10.965014
20.487709
-2.054726
13.540255
-8.149681
-11.604856
16.855816
-11.009424
28.443531
10.541042
3.804842
15.980324
-3.222487
-11.021276
24.508865
23.262571
-18.777967
-14.250656
-27.798525
-21.870504
-33.738235
-2.534554
-34.991451
29.182665
1.059526
10.936321
21.766226
2.608250
-2.441356
22.995125
5.916046
24.033331
18.401991
-31.587839
-4.966906
-10.581159
-4.532215
13.116469
18.102993
16.312641
0.672328
21.174824
-24.094452
-1.983056
-26.156681
-0.857339
-30.423344
23.562948
-21.888119
-28.795176
-41.316040
-26.850904
-13.004338
32.079334
-5.153413
-6.449982
1.261828
-20.339602
6.063690
18.786613
8.128441
-6.886431
-18.515015
-15.921080
-21.673784
33.171993
-6.469409
-22.896814
-13.215950
9.016077
19.571323
8.982886
26.798449
28.144567
18.965405
21.678411
1.455777
34.489315
30.045242
22.223768
-20.150171
4.049133
-24.702047
-4.076090
33.609489
-8.154328
9.504866
1.264484
-22.295895
-28.575941
-19.061554
-5.945315
15.111265
-30.951366
-22.363720
-8.554946
6.773596
-23.479071
8.218565
6.510192
13.855395
7.735092
20.180603
6.891419
40.687019
-39.165226
-13.463942
26.727495
13.550739
7.347035
-16.824589
-9.095023
17.908476
-29.902218
26.852329
-14.338163
-12.878083
-1.942041
15.487163
13.466180
9.235646
3.698204
-18.350313
18.943857
-5.056282
-3.530724
39.448467
9.141527
-16.246939
4.045671
14.311734
27.802523
-27.924721
12.578898
-16.707390
20.873392
10.553790
-26.602217
-28.460447
18.387974
18.723036
4.898145
-20.561268
-24.611336
23.744318
12.920892
-20.786797
10.372146
-12.525044
-9.337337
-13.062206
-9.117670
-27.799397
-25.064186
18.274122
28.358849
-29.030378
-40.776894
17.465242
8.883862
19.022100
6.305374
-18.482916
36.409367
22.234261
14.683192
26.942587
20.365377
-21.167219
-8.963215
1.546564
-34.009872
-3.530217
29.223469
-7.409261
32.972206
-9.205531
19.466898
37.293770
12.546648
10.264065
-22.311249
0.801939
-22.892241
6.042984
17.768074
5.084643
27.190805
6.179073
-6.789143
3.657855
17.202044
17.136263
12.211230
-12.516248
20.441475
3.139743
-8.646186
21.805548
-18.656660
2.421619
-19.554834
9.185993
-10.181947
-18.021685
32.800537
21.736334
18.435999
-4.971660
-12.603254
16.960482
-8.751399
-7.890736
12.543185
10.761211
-4.943086
-16.894110
26.170698
-1.272995
-16.782728
9.814241
30.959339
29.162302
7.036270
-16.950932
-20.721653
26.815727
11.235650
8.944070
-11.786753
-5.929657
5.996313
41.707829
-26.505857
-31.248188
15.645208
7.034983
-16.878580
6.467994
-27.962051
-22.358526
-16.813507
-18.430891
25.943979
-0.958770
-14.453143
2.890766
24.392691
-14.699025
-26.466986
-30.852571
-20.593117
-4.109987
32.886806
0.059716
2.363004
-16.098558
27.400278
10.185440
-27.791281
-8.193700
10.188305
19.612183
-6.940641
4.975492
31.340654
2.972986
-15.513163
2.024213
26.162830
25.871243
-14.161859
5.394053
9.944854
21.142334
12.020912
-26.079447
-22.199646
-24.816175
21.199545
-0.858544
-17.775459
-27.729002
-0.974496
20.477991
-18.415266
18.319525
-13.409459
4.437977
3.302852
-15.549685
5.374802
12.151713
-24.242685
-11.254869
33.848053
-8.758589
-12.045082
0.078532
6.224397
19.001089
-6.101451
25.559298
-28.725649
10.957022
10.434519
-22.778431
20.878126
14.073159
15.358954
4.612000
-32.613224
-6.848977
-21.704451
-11.092479
15.899577
-6.713343
10.293669
-2.279495
-16.153416
17.326349
7.127607
6.999602
-1.975634
27.517387
5.021258
-36.232887
-1.411789
29.324625
17.382490
15.770026
4.377214
10.839361
4.701661
-28.200682
11.865033
-5.535616
29.290512
0.142108
4.133336
-32.866344
-15.269459
-4.139225
14.181545
-20.139177
-6.895228
9.852069
35.169094
16.906229
-11.797620
33.111034
-20.730118
6.406184
-9.544971
-6.861917
-27.493721
-12.524122
6.919131
3.305700
18.143559
-0.476476
17.610954
6.327864
-26.228224
-3.795079
16.907185
9.744931
-24.616680
0.755209
-15.696910
-31.472862
17.255989
17.204378
-14.336802
-19.882132
2.296808
-12.944884
-12.083973
17.204802
6.563014
-7.842162
-20.429844
-32.807564
4.987735
-17.420776
-25.331963
9.575470
18.106998
-26.385992
-13.751143
-3.673672
-18.322952
-26.649609
21.223923
-16.533764
4.147863
1.594004
3.134717
2.667399
7.039263
-13.558241
2.806296
22.364990
15.288022
-1.667828
-15.059241
3.564769
30.094236
-26.945444
-29.519672
11.661039
-15.041325
1.638775
29.896313
9.583895
-12.774542
19.783775
-26.896301
7.099441
34.593662
3.374032
-0.689746
-9.311513
-2.192397
8.147904
0.739037
-17.210346
-19.610802
2.915101
-7.958112
14.552835
-40.411003
20.642759
15.867881
-17.567024
6.481141
-14.711584
33.432026
5.005275
-8.706847
1.806431
-10.975359
-15.192220
-38.806236
13.457006
17.386168
0.896148
-7.482506
-0.914567
18.422844
1.448494
12.011790
18.832342
27.598089
18.478371
20.095221
-2.157536
14.014565
15.890940
14.750941
-1.571602
-16.320057
-20.429287
0.394009
2.623305
19.370817
1.458477
0.638567
20.558931
6.635471
15.169659
24.192652
21.991093
4.684993
-16.018356
-31.030964
-9.611419
10.027833
28.882757
-24.377640
20.621611
0.199419
-3.561797
-21.888058
15.721557
-23.926817
14.265722
19.639208
17.589769
28.114563
2.262885
-11.293718
-30.224827
8.447105
15.809943
-8.926028
11.198598
23.957218
-33.782154
-7.735609
-3.985641
-17.780430
-24.503094
-14.967266
-9.684728
26.700388
2.450709
-4.770876
8.061136
22.593508
-15.111654
-13.213575
22.668751
11.489046
21.031717
17.448948
-20.853622
9.751657
24.093969
-12.927416
-13.666561
-13.812485
-7.345894
-7.564363
-16.722031
-19.150166
4.194407
7.080144
17.979046
-7.693502
7.450604
-4.914762
19.617428
23.343462
32.697811
-21.413322
-0.816123
-29.127144
17.245480
-4.325770
11.618037
-11.743875
22.701105
-13.770805
17.903181
17.129078
-14.748985
-51.599049
-7.492053
-12.687885
28.336384
-33.067398
-23.878042
-15.931992
-31.328960
-18.184401
23.446144
10.795939
12.569377
30.804247
-26.124048
-2.345541
-28.726017
-9.869540
-13.373098
-25.633867
26.455416
6.287778
-33.712303
3.295121
14.609581
-2.588323
-8.455153
16.632246
-20.500637
0.611960
2.317886
33.212368
3.974960
-7.714689
12.690204
-0.960826
0.260126
23.569363
-14.711960
19.833481
-22.931965
-17.586956
-4.899298
-34.823708
23.522863
17.677952
8.230084
-31.558144
-9.915564
-1.639096
27.764210
20.089756
-13.361093
13.868644
22.460205
-40.565559
-35.097454
-10.013362
-18.345884
-9.706957
-35.800438
0.330706
-1.143589
6.525007
16.040297
-8.277528
-21.916010
-0.614621
-1.782858
-15.459209
21.919691
35.792740
-6.483750
-16.591288
-22.982924
17.045416
9.032511
14.574636
12.350314
-16.951057
28.524836
-18.002062
5.899205
8.835306
2.003170
-12.804937
0.622219
27.049114
-7.333913
1.836007
10.207849
17.539566
-3.585748
-3.568018
5.886650
22.298235
-29.341461
15.477444
-10.486523
-3.695319
20.156628
-27.987406
12.196506
30.024282
-0.828763
16.159077
-1.777268
19.244637
7.877085
3.544481
0.432317
2.428151
6.074541
-19.598850
12.599802
15.814103
-26.263037
-38.110645
-15.874974
-18.598333
22.777140
-8.894511
-10.416891
-8.868947
-13.901319
1.969328
3.945626
-5.666156
12.588313
4.334023
-2.408777
2.954849
-28.921337
-22.041372
-22.105183
20.402521
4.863232
-40.177719
-6.672481
-14.280764
9.104051
-22.487453
-14.575326
19.819754
-20.042118
-0.448609
1.950040
-3.233130
-24.908726
-26.676311
18.437157
-1.126051
-6.385332
-26.657671
27.796469
-19.770826
1.893510
-8.085265
25.026325
21.687801
15.552341
10.325909
-2.602380
22.953831
-7.486682
-11.055896
-12.089582
20.492535
30.029640
-7.795181
-6.606574
30.551735
-9.022914
-13.400821
-19.528879
-20.297285
-15.820192
-17.634539
-10.906352
22.912699
15.771588
1.211021
7.834890
-12.025509
7.203113
9.868830
3.758193
20.319551
-32.075016
20.085375
17.835682
-13.382903
2.470521
13.521749
-13.630095
-24.425821
8.133840
-11.697695
-29.925964
-20.142126
26.883238
12.147279
-31.627676
-3.126625
10.932693
-7.307592
-5.907656
7.778569
-29.695547
-37.013039
19.787165
18.705379
-7.113329
12.206787
-1.151405
-20.560760
-16.486227
8.308371
7.961239
-15.017177
-40.256416
-0.665116
26.966616
4.419970
-11.370369
-8.374245
-13.630832
-14.302413
15.523020
26.569429
-12.469665
-21.676262
10.116397
2.733844
14.610525
-31.886986
-13.436747
8.116758
-3.999918
3.941274
13.576849
-3.469411
-31.500097
-23.484135
11.675480
-22.276419
3.954151
-13.261304
2.229653
-3.878110
26.645847
19.840500
20.299074
12.575568
-12.899916
13.821400
21.432983
5.543211
-2.271177
-8.906083
3.295434
-16.192894
-21.404373
-5.291471
-2.666617
-15.616895
2.993169
-20.038929
-35.260956
-15.558131
-26.277245
1.912508
3.171499
-21.788393
16.237453
-32.474129
-24.463427
10.935817
28.111340
-1.232459
-7.657529
11.685399
-31.319792
2.200192
16.173113
-12.453470
-20.121082
-17.285255
-16.546343
-12.639988
33.024044
22.365435
10.348544
-37.772243
6.620043
5.150799
6.809448
15.161088
-8.688284
23.226482
-10.995245
14.647670
22.165972
20.067043
4.077540
3.452051
-8.801694
17.574274
27.904152
-4.958910
7.962550
-42.418510
-26.522308
-11.745679
11.434499
-20.277090
-17.046715
-25.034582
-10.030484
23.482315
-3.688328
22.931559
5.434681
1.265164
17.612026
-21.675743
-24.608253
-13.185541
-19.321594
-7.403370
4.762199
-17.866781
33.941929
26.949461
-23.904720
-23.234865
-26.966360
24.837393
1.794233
-13.003232
-22.376686
8.888059
-3.615583
28.370737
-30.592957
2.697416
8.170943
31.916441
8.174042
-21.612679
23.445345
-2.956068
3.929236
13.721571
5.745582
8.275588
-18.164040
-7.741402
13.266376
-6.094147
-34.196301
-19.792046
11.443822
5.791906
-20.646078
-13.592291
-9.150494
-13.844284
20.036198
-26.832848
23.464098
18.509731
15.530267
22.155678
1.237726
6.895720
-30.610577
1.127094
7.127625
-38.390976
-22.259182
-22.047215
-9.861115
-6.707138
17.324160
13.664505
0.461817
20.140039
-14.061674
21.851130
25.847658
9.197278
-31.655905
-5.601500
3.547993
17.551363
-1.407035
30.153149
9.066867
23.662958
41.686939
16.045662
-1.165536
5.419577
-4.668951
-38.113285
21.417290
1.254631
-13.525713
37.902054
-18.536304
-8.465091
10.900430
-4.681953
-13.920890
-37.031120
3.313334
-14.423658
-2.940136
-2.851841
14.989563
-27.787601
-29.206949
25.427094
3.474671
20.193316
12.144446
28.943903
0.970896
12.564436
-11.203639
4.046726
8.846745
0.179353
-7.371622
9.463716
21.958145
6.322984
28.043829
-0.050568
17.306309
36.267326
-3.132488
-3.858824
-36.145508
-2.654539
22.685495
-22.933908
-1.145244
-1.180345
17.566589
-12.456121
-25.303131
25.415792
10.508318
-19.963480
-18.007366
22.889383
24.094065
13.300489
29.069717
25.502983
-24.207342
0.080525
-27.349947
-30.356810
1.711505
-3.641629
-11.053115
10.808122
-12.453354
33.557480
-16.388659
-1.856114
3.963496
-3.554845
0.281677
-8.303904
23.970789
29.064774
-30.316660
4.292445
-8.413343
4.918829
-2.038342
1.570638
-3.799687
0.263415
-38.079697
25.626713
3.598098
-12.809649
-1.891883
23.279852
-2.055676
-21.711910
0.903673
21.869316
-4.040912
-13.103197
36.547935
-7.008635
-20.753239
3.804226
0.683469
30.650797
-3.458221
-35.968002
2.765516
23.227419
2.812047
29.691881
5.336992
-11.548512
-0.469528
27.310799
1.180876
-34.071083
18.314463
9.124779
19.799633
6.659745
-14.050842
-17.095434
-28.697048
-34.331882
6.265224
32.440502
-37.207169
-15.100624
-2.922592
15.942815
-6.513054
-6.484258
17.481646
22.095606
-12.383000
37.167229
-7.859152
-11.288540
0.738031
-3.420131
-20.508154
-38.192745
-2.838108
20.421095
-37.696224
-19.275145
24.842585
-13.531100
14.676663
9.434493
-24.759106
2.505481
-8.725719
-4.501693
-18.881683
21.932632
17.397898
24.678493
-31.543789
-18.409449
18.897905
26.125414
-9.778496
-7.079571
14.135027
-2.794106
-6.520689
15.492149
0.206402
19.753073
7.203269
-25.663261
-0.970647
-0.244521
-12.854446
-13.233956
-21.164228
21.979807
-23.112823
16.922195
-22.597548
36.729053
2.914623
0.882988
5.689206
1.070437
6.863005
-31.239954
-19.103159
12.826179
0.670229
34.415432
-9.993455
4.299293
-3.913098
27.384687
-8.780357
25.518557
-24.712973
29.120897
-13.121099
-12.350698
-30.079090
5.897257
-18.267273
0.711008
-18.822538
-27.707331
-17.559498
-2.110256
-23.772228
19.931641
-29.608719
-26.992945
-17.285389
16.427126
-14.701269
-35.792248
-1.009238
-22.667423
11.871577
0.033720
-11.548837
21.675562
14.409915
6.804886
-30.106415
33.618244
24.061354
-30.428473
-21.658796
-7.663959
9.066549
10.248321
-7.674711
30.961397
14.576286
-17.632668
20.150436
-12.062967
4.682042
21.133265
-14.093624
38.721741
11.336384
18.639574
-12.661895
-2.103772
6.615074
-11.210719
-27.138857
-10.293123
-11.300715
32.580235
-19.196571
-15.015681
-2.403123
-10.385948
-0.918049
35.161591
-17.257172
-2.675672
7.644886
37.030392
18.992104
20.951693
-7.034898
-7.293736
-9.100924
-20.208609
-6.716790
20.546732
-21.499382
18.645432
6.892415
-26.292381
10.374846
27.155306
15.795519
11.800125
11.332121
-29.392406
24.447008
12.009955
-23.453344
11.762279
-18.241375
4.834942
-25.939339
10.377821
-2.493120
-28.145855
-6.699978
-11.422514
35.017754
-8.408565
-4.004277
-24.735435
-29.624027
-27.406494
24.117880
16.325212
20.935066
14.792027
-13.646599
9.378190
-17.089277
-20.659678
-37.406853
-7.195345
-8.534051
-6.203838
2.611748
1.772893
-17.895535
2.492879
15.147013
25.577957
9.194777
-27.212582
-4.288774
-9.239429
-12.331839
26.851957
-7.756227
0.086239
10.466382
-25.272247
-2.222685
-32.733387
-7.088027
2.217976
28.825655
-14.097521
4.280313
13.072088
-11.138580
11.628286
9.423896
-11.743262
-9.904667
-4.291655
-19.509577
-20.510153
3.941283
-38.662357
20.825672
-25.021477
-5.796193
-10.228356
-27.981201
24.889975
3.650698
25.927389
-29.188646
-22.764290
36.140301
-36.358536
28.753716
-9.009539
-15.336667
-14.358038
16.020462
-8.171395
-1.723135
-6.658385
-19.695339
11.122580
22.330683
-20.861450
-21.699877
-10.586885
0.313285
-4.337139
15.971075
-30.942366
14.227776
-24.754650
-16.212025
17.747349
-8.688396
29.474867
36.538967
23.621346
-2.655968
-5.189619
24.698280
-12.718847
17.039047
-16.994947
11.575501
25.436274
-2.275728
-20.724348
-18.388781
3.623901
18.097111
-27.681000
-9.003203
-21.826939
2.283390
-13.629222
-29.296089
-3.194701
30.982838
-5.341167
26.446955
-22.411446
3.983702
-34.106506
10.577434
-7.644349
-8.609306
17.246941
-2.837796
19.432861
-7.074934
-12.921452
16.559832
-5.798417
-25.749210
-42.669331
30.038584
23.473661
0.547470
-14.847189
17.866968
8.727512
-19.932625
13.405591
-23.682936
12.123055
-18.471321
20.387718
-0.908431
-0.993506
-42.947067
1.985636
25.733597
9.325526
-11.637199
14.787381
-17.159658
-5.596232
6.087429
-20.929762
1.457603
27.787260
20.244045
6.342418
9.496933
21.418947
16.411228
-18.965284
-19.199251
17.945141
7.046431
0.187955
38.238052
0.493511
27.000378
-3.649952
-18.745445
23.334551
-4.348066
-14.530789
-13.956473
-10.127427
14.991826
-1.618367
-9.052626
-4.291692
11.959006
-19.187120
7.607488
-13.351092
18.896271
2.267993
-0.129574
-16.383839
37.051647
11.191409
17.900217
34.231922
-19.455297
-5.700330
-18.646212
-36.899464
28.561563
38.252048
-18.258770
19.596592
-24.636013
-28.577578
20.909437
-14.760888
-18.827774
-14.686744
-15.313672
-27.788635
28.435472
15.064458
-17.281246
-14.896408
-25.601339
-16.755852
-18.951454
0.541375
16.098461
-23.812502
41.246296
23.161392
6.363874
-25.196293
-4.082618
6.646677
-19.298344
-1.331334
-3.062014
-34.770149
14.521680
-1.189082
11.959174
18.037573
14.627622
-9.232432
-3.395571
4.792469
-15.280812
-23.414206
0.160063
18.234200
33.584911
17.283232
9.569068
-28.254503
-9.365515
-15.028883
29.760185
-3.536052
14.269824
7.376649
26.022573
-18.209440
-4.248725
-0.932221
-26.066360
-4.864254
18.706545
-21.614744
38.657684
41.750946
0.373454
-11.831745
39.112061
24.054062
-6.884280
-21.753492
12.640132
20.745117
9.615755
10.849185
4.676270
-9.423891
28.496719
-17.926840
13.906854
21.657434
-17.950304
-3.173235
-23.527113
32.359089
8.786416
-5.231921
26.576757
0.014676
-5.293548
-12.567590
2.498957
17.261808
0.467962
23.226000
-4.611820
8.902418
12.955915
34.995644
2.456446
12.775844
22.568949
7.105647
-22.955069
22.031521
-10.791301
-12.265070
-8.896973
24.127693
11.352295
-27.908758
41.462608
21.801025
9.497753
5.115746
-2.438137
1.339038
0.919825
-15.071115
-19.089701
14.082253
25.318014
-3.569261
-1.111523
22.248817
5.892159
-30.237045
7.421211
0.462445
-1.157962
0.014774
-7.544340
-0.847962
14.647347
-1.456823
-12.421440
19.836336
-21.176725
18.276175
-19.875271
-41.586830
27.709660
20.120312
3.768517
21.083466
-6.275558
27.082214
-22.492615
21.947243
-22.338947
-27.456495
-2.025454
-27.094250
-0.857274
-27.573294
-0.261463
24.153227
-8.577804
-2.998527
-23.960291
17.372805
8.039365
-8.407870
-20.049316
17.959949
7.565515
-27.184752
-8.146577
7.191403
10.792334
-12.486599
-7.454711
18.688622
-2.144688
-37.566654
-11.508093
-28.000536
-16.947721
-28.410696
12.211243
-16.712942
-4.410767
27.984026
24.571016
7.617975
12.966895
1.317089
-3.747927
12.016903
-14.855593
-35.238537
-31.818329
4.338807
15.634314
-30.958450
20.276670
-26.338814
-16.150314
12.026551
11.771949
21.164196
14.813666
13.234127
4.940957
22.035521
-18.640903
-27.882271
-19.620604
14.169441
-10.989672
-16.594345
-10.740144
-23.393955
6.019859
7.251258
34.131165
14.643835
-5.335095
0.430928
6.743885
25.707088
1.522056
-18.266174
-10.632840
15.012070
2.809404
10.124679
33.879509
-14.515434
18.715698
-15.647631
13.610162
-20.967957
23.049900
10.160364
-6.685745
-25.269646
13.163890
3.272468
19.631775
1.908247
-15.473093
28.695040
21.586941
10.314476
8.788616
-22.597202
16.132215
15.602883
-8.207264
-4.462874
32.707653
-10.933918
-17.041164
40.777370
-8.377350
12.428606
13.127091
39.892433
18.977917
7.026936
13.989499
4.556327
-25.856333
16.995167
26.648979
-15.193583
-17.438417
10.390617
-11.280327
13.215276
0.686126
-9.840827
4.078464
23.070992
-0.268894
22.266768
-25.728048
37.826027
15.865339
-0.308300
-14.053130
-23.553122
19.274576
-30.192051
-11.173833
-7.795367
-12.701130
-4.572042
24.826700
6.774272
-11.129387
-11.200906
22.908808
-13.896894
-3.523134
9.631928
-20.868023
19.029533
14.085919
8.312243
-21.514851
-2.297444
-18.043438
-20.911465
-16.046385
37.286137
21.625830
2.249496
13.639077
26.197783
-5.677536
11.912628
19.188065
3.916693
23.283735
-21.836838
14.023202
33.319191
-23.096992
-19.266520
20.443678
9.128366
23.755798
22.115715
-14.142121
-3.800707
-2.955687
23.559242
-11.286982
-0.511028
-24.048841
21.427553
8.605604
20.206768
-28.433264
29.235382
-8.580830
-19.064926
20.743107
25.827833
15.748657
4.371053
-33.193600
15.321465
-10.485584
0.802626
-10.145153
18.835625
-8.619282
29.130394
6.875459
-22.672821
-13.155942
-27.552328
-11.426483
1.577661
30.040419
-20.340115
3.283552
-24.893919
23.668724
-12.215235
-17.043468
29.489447
-19.708677
-21.568100
17.701725
-24.479231
-4.996486
-39.273239
-20.956619
0.859353
-2.556790
-21.001106
-3.256625
6.199502
24.994118
20.919331
2.591721
23.494701
-19.272665
-22.763304
11.602530
-28.700542
-25.138771
18.925148
-15.580430
28.308575
-29.380133
-1.337278
24.719244
17.123049
-22.648520
-3.747721
23.182041
33.197639
7.285538
8.763701
7.087659
41.528446
11.262979
19.196682
27.929434
28.488255
-8.790620
-7.510503
-39.581738
-16.869846
-0.804355
-1.070954
-26.900269
-15.789810
21.255623
27.193260
-4.558797
-7.502398
22.493286
-20.146725
4.485258
-5.891534
-26.081003
35.672279
-6.124224
-14.631059
-24.058270
5.274817
-16.276474
-21.112576
17.585403
29.204475
-28.016102
-2.847018
6.468981
-7.425627
9.468016
-9.582843
1.930402
2.576916
-13.302076
-8.985179
-13.491189
24.747280
14.185512
8.115376
18.698658
13.174956
-27.304075
-20.849529
7.363967
-4.089011
-13.845606
-21.120790
-7.146956
12.490435
-2.054973
27.706768
32.325905
25.229429
4.995773
-9.114651
38.004456
29.523249
31.665428
-42.100224
33.651760
-3.047076
-26.110670
-16.437813
-2.082597
0.699983
-3.031059
-35.926003
6.347586
-4.992669
22.240547
-12.409443
-14.308772
17.647913
-0.602040
-8.504182
-0.228160
-36.088623
33.770882
20.264492
-1.279369
22.939514
14.091396
-27.021519
-21.251572
15.204718
19.855198
22.065517
-20.479908
-22.452909
37.937256
15.244004
-4.608640
5.030531
11.269786
-1.349981
5.329068
-10.788063
-12.205160
16.676559
-11.198694
-4.785921
29.841366
-17.205086
20.172440
-9.867571
16.970348
-13.135547
24.087965
22.954365
13.382915
-26.528578
1.082525
5.767373
10.661860
-9.104417
20.641521
-5.368216
0.992091
-42.864529
20.785765
-10.719114
5.497117
21.881109
-0.640265
-13.853710
-21.056198
-25.481657
-0.850358
13.378347
34.969666
-7.972857
-14.134131
-22.869471
-17.782007
-12.481761
33.577629
23.910896
11.364988
-23.009964
-3.587087
14.917432
-2.987592
-11.735085
26.032972
37.371033
20.725294
19.372343
-16.132328
22.258547
-8.704741
15.649534
-31.556419
-19.449593
-12.745456
-5.853597
2.924129
-34.571571
-18.589571
-23.950939
-15.060035
10.607732
28.612473
-1.040200
31.197359
-7.314557
-2.323859
-27.178816
6.252494
-9.764358
-35.272217
43.055054
-16.952648
15.466674
-10.007133
27.155155
-12.061458
15.665348
4.248891
25.014610
-20.057878
-12.887462
3.871929
-3.155221
-13.929610
22.690100
-14.962851
-30.383835
32.373360
-12.153584
-26.754684
-9.738854
11.318771
15.077657
28.583532
38.776848
-12.459546
15.650100
-11.835500
-9.539709
-5.142030
-20.646667
17.816433
-19.194607
-1.973977
-4.470937
1.644346
4.984292
-17.804836
30.889431
-23.012335
5.210275
-23.204302
-3.940517
1.375763
9.775617
-5.073076
28.163076
-9.737290
13.707032
5.695543
-6.810446
7.080622
-20.477703
12.951952
16.281002
-31.326475
5.622690
-25.266684
7.711899
19.376188
-30.595869
8.949612
-24.686762
30.051626
-0.996528
-28.667133
13.082949
20.115061
23.552303
-17.513075
4.504711
-21.151320
-24.861362
2.597096
-19.252977
22.052637
-34.679501
19.728189
8.118944
-18.520998
-21.494785
19.605755
11.580059
16.089523
29.679493
-2.553695
-19.780077
-48.128361
27.637403
4.232748
6.216936
12.544942
4.920221
3.591172
-1.202314
2.298814
40.925594
-19.153765
-11.285196
13.387307
-13.677543
-11.707293
-1.017797
-15.536384
-12.142859
39.069965
15.708186
1.221597
4.112291
0.476808
18.134935
21.230635
11.367314
-11.960750
-44.048916
-17.170732
-14.470019
6.385381
-19.805231
-26.267101
12.616914
20.674961
17.030724
15.467470
8.336720
-11.623201
49.026054
-10.973674
-13.365249
-11.372696
-17.332485
-15.442863
-30.518734
15.146463
19.416069
-18.086899
0.590183
-18.158661
-23.170029
-25.502281
-5.893774
-31.840643
28.926876
5.093159
7.268693
-21.508669
-14.898084
19.699480
8.470252
20.305708
3.756912
-10.661456
-11.587557
-14.699057
9.226634
-1.334624
24.650938
1.499777
6.325462
-30.376961
-10.522770
8.254413
-23.676233
-5.928267
13.516733
-27.764996
11.247924
23.622698
-22.603319
-18.459915
11.228932
13.627691
19.081667
-28.822660
-20.047495
-39.512760
21.093950
13.378595
20.204109
15.237015
13.051850
-9.801388
-19.856628
-13.464083
-20.426289
11.105983
-14.522202
23.465254
14.596249
-3.748365
22.263805
-6.508580
-1.010358
17.640455
17.157589
13.945496
-15.514780
-15.955241
31.574450
26.277649
-21.500698
-10.416218
-14.340495
26.814960
12.169693
22.805779
-3.496063
-22.841091
0.792633
18.643225
18.674103
-27.013144
24.069710
22.511328
7.120378
21.057152
-6.069194
7.971021
2.545123
25.998152
17.180283
5.773723
-23.098804
-0.101185
7.256922
25.279268
-20.124525
18.404320
-10.532701
12.058475
-15.365187
18.367723
-6.052821
27.279961
-16.969509
-27.464609
12.445591
28.772408
31.183304
3.931276
-2.052927
1.970550
16.185843
-25.706858
17.583776
-9.447127
7.688246
-28.365391
7.858928
-26.074545
-18.866467
20.321825
-15.600548
1.898426
-5.657523
-14.415698
1.360553
13.001683
6.605573
13.909354
24.802603
-12.503077
10.350241
0.932621
27.578455
-15.100399
-6.628029
-8.165172
2.603202
26.927563
23.115919
-5.521955
-37.664310
1.747603
9.576470
23.468723
31.292305
5.910925
-4.401808
-14.268334
24.091467
0.246233
3.591536
19.617405
3.077334
-2.651990
32.350529
-19.389597
-11.151872
-12.534210
11.967901
-22.697449
3.064918
16.302784
-24.192099
-17.374897
20.837593
22.720268
-14.402739
-20.774750
5.217525
27.346933
-19.705082
-10.972559
-11.393694
23.566702
-2.215910
3.964446
8.156596
4.655854
4.648294
9.821780
-16.676968
-18.609013
-8.344623
-15.703578
-7.086883
-33.495670
30.631361
-5.193656
36.071159
26.756882
-20.821575
21.225183
24.629690
-1.901258
9.547398
-7.630632
-4.125994
9.001678
13.287619
-10.482513
31.703482
26.395483
2.830882
29.820513
-27.105650
17.013538
13.671748
-7.412494
-25.767330
7.492873
-16.714918
-8.472581
-30.164034
-7.571198
27.887430
21.320250
38.392082
-16.467489
-5.807611
13.613631
-28.441729
-20.019180
-12.024281
2.244762
0.901652
1.868905
-10.778084
16.581665
-20.560698
-25.518354
-3.791979
23.153219
-6.573596
-1.570540
16.922918
-18.272947
6.212386
-12.677042
-42.758327
-18.655998
7.176828
8.913844
12.484432
-8.602310
1.898457
-16.969858
-30.024376
-10.060135
-0.937776
-15.083388
25.636160
22.246750
-20.784912
6.829316
27.729326
-2.529515
-26.657097
19.889433
4.449494
-6.620084
10.627523
3.851187
0.869177
-7.312430
-5.093306
17.146940
14.148726
12.244090
-32.014164
-19.445803
14.221542
23.110781
-21.219202
-23.500996
-26.472803
-2.301421
35.577637
15.382492
-0.407573
24.081749
6.673829
-6.513432
31.825918
-32.740402
-14.448112
-13.852801
5.032761
-36.084576
-12.060359
-12.588504
1.630563
2.244548
-19.093239
-17.745182
-10.120824
-18.256905
-6.172565
26.315685
-8.244020
-9.513549
-22.102993
-8.034625
-2.048057
-18.383154
1.632447
8.880257
-11.542652
8.538159
18.188257
-1.279222
21.744743
10.650470
-10.456244
-12.201366
39.343197
10.129764
-15.187128
1.967787
24.995684
4.010351
-8.469054
-12.101812
-17.329407
-15.564187
21.994724
-2.568474
-5.881437
10.164105
-11.889643
-0.246552
-22.375843
11.313367
-7.307685
-8.967552
9.287104
1.482189
-31.193798
-14.690399
-5.089277
-28.122789
-7.569583
11.152717
30.485653
16.655741
-37.119476
4.785163
16.395882
-15.007614
-32.635189
30.114178
9.791836
-4.169388
4.897878
-17.466791
26.779892
12.679344
-12.793429
8.447808
23.589636
17.574314
24.021996
23.816204
14.289639
-0.628932
-24.924629
-12.819781
-15.120359
13.855809
-12.143986
3.542202
-23.076994
-30.506800
6.200212
26.962204
-28.343969
6.639709
-20.496605
-12.948091
-28.762825
32.475765
15.257009
-2.521147
-7.569719
41.982216
-10.495166
-8.854212
-7.665994
24.973774
-28.380291
24.291241
-25.924227
-12.125895
-4.931006
4.248847
-29.426136
24.069351
-15.465715
22.517553
-13.744313
-24.189415
24.557606
25.110285
-25.016531
33.743652
-4.295171
-13.150739
-14.015562
10.964638
-11.246116
8.369761
1.317181
-4.485598
-2.610915
-11.928256
-10.842072
-19.664104
18.805988
6.486323
27.766504
-10.940880
7.773339
10.597754
13.277730
-13.426846
8.015901
21.849356
25.921392
7.849620
0.356844
6.027076
28.367729
7.824708
19.065046
19.421898
-6.590672
-10.080908
-12.079183
20.606548
13.839002
-17.400146
9.363420
-14.331557
39.619877
13.121062
10.355993
-14.084288
11.829661
16.105997
15.848105
4.759052
30.111410
-4.369923
12.807239
-14.586060
5.283221
23.549747
-11.475319
-16.617765
-6.316524
23.745188
25.641260
10.265801
5.278681
27.691536
-5.805532
-9.741955
32.023666
28.101877
18.523026
-4.533119
-24.133766
18.803722
25.013247
-32.167194
-1.566405
-23.374556
-4.871060
-11.262877
-18.515900
11.350260
0.127574
-18.611063
11.830641
18.981295
-15.646544
-7.276214
-11.090850
4.979428
18.611549
29.700613
32.303776
-19.424822
-17.090273
6.094401
27.316271
-16.945677
25.263239
16.972582
0.758340
5.429451
-6.708127
-6.501307
-23.744345
-13.114797
1.771237
-18.979912
3.862134
31.047419
13.054806
-1.857910
10.554361
-2.202006
18.453176
8.805671
-3.035295
-18.701822
10.091368
-18.936472
-9.537981
-5.325430
20.504139
14.319129
19.049837
6.893179
-22.682089
6.553367
-6.425645
-7.945581
-22.231020
-6.743012
-6.328169
17.712051
6.844398
16.049086
3.093398
-13.674593
-1.552772
1.294140
2.213853
-8.350731
-11.559473
-4.450644
27.203024
16.881592
-11.254855
-15.141944
24.801617
-13.529531
-30.093922
-11.229071
-4.647793
-6.843941
1.827408
15.155793
-2.235174
-16.162888
21.925751
12.170762
-18.487165
-16.548422
19.885626
21.606718
-9.973966
-32.472698
-27.744566
-10.322364
-24.221498
32.572037
-30.816078
7.448141
-16.629488
2.616518
-12.414918
17.295847
-30.247126
9.811085
21.922380
21.971359
-9.257957
-18.508053
7.039351
-8.075010
-0.986041
11.838362
-34.196388
27.972481
5.484146
-27.154583
-24.184809
13.058798
8.980877
27.052219
-14.977404
20.996601
15.293927
-14.537712
-6.983974
-4.508986
-21.548050
-23.546082
0.594409
-12.886919
3.452680
-9.695377
12.874732
-15.849284
20.221491
-5.002068
-19.052473
15.535271
18.216722
7.479165
13.924070
-20.563490
6.415750
-3.800991
-0.318864
25.760101
13.077031
3.736927
27.357584
-7.010291
-43.401863
-21.257750
5.426526
4.797201
-23.951395
-13.148761
13.918075
-12.545528
-25.775301
10.881649
-11.507017
-13.225486
-26.302965
-16.353792
-30.095434
12.311196
-5.362387
0.317373
20.774647
-5.654287
10.250948
-11.373752
15.682366
22.160418
-16.369299
21.723017
-10.856926
20.097080
26.244493
-3.705728
-25.329922
-16.705473
-8.609860
32.154827
-7.305878
14.257573
6.281160
-30.290575
-35.376953
-9.246186
-9.207031
-7.607898
7.781841
4.319515
-10.926017
-12.749621
9.608131
16.019728
24.414555
31.017078
21.135075
-7.640679
19.312841
25.526510
27.762163
-15.756116
-15.072170
-26.112295
-11.415527
-28.195572
-7.135810
-24.541826
21.490776
-15.141781
43.237370
-20.437700
-21.370775
-22.652302
0.797713
-30.857817
7.437027
-21.268318
1.916842
-6.154859
12.037674
-34.045692
-35.574821
12.614928
-18.417553
6.700846
-3.580941
16.401968
17.482664
-27.559490
15.475302
-22.720167
14.192874
18.743021
-12.889823
-13.945554
-29.299812
-1.084426
15.291595
22.962969
12.467647
-4.001800
-16.680885
-7.392420
30.985291
-8.597543
-14.273403
-23.117702
5.499171
7.083876
20.496582
14.443750
-4.559202
-1.067125
-5.305716
-10.849000
-21.631941
-18.991533
11.039810
6.173404
3.323142
20.203293
-9.817565
-3.312591
0.767201
8.889997
-28.535395
-30.095053
-9.000234
16.911007
7.882128
-27.579071
-12.225789
-11.022737
9.330338
-13.393894
14.177616
14.065020
16.603006
-16.972891
-10.797838
10.603808
4.717852
20.322899
-29.418655
3.547662
26.960691
19.629248
-15.748836
-13.702861
9.087808
-6.144708
11.647273
-3.355576
19.695093
15.138929
8.754612
-16.577440
17.422594
-25.072613
-11.094076
-13.871308
-17.849209
-8.627806
-18.729231
-11.660062
11.953318
6.117392
-0.658371
3.056103
-10.256351
34.111107
16.523314
22.733982
10.044161
-23.948181
29.089703
-13.361503
-37.121559
26.095808
23.590767
-0.674329
17.900185
-43.614792
-20.227613
-27.090992
-7.135832
-11.949020
9.356890
2.623067
-7.461065
-9.833985
23.569899
-20.537216
-21.207815
15.427311
1.072057
20.048149
32.577572
-11.018764
-7.568994
20.523327
-9.688305
8.116445
28.193119
-1.939923
8.262182
-11.404839
-9.101518
-0.197776
-36.864815
21.258852
-14.471755
-18.575331
-31.282150
-7.923913
14.917530
3.567529
-5.613903
-26.305117
21.644220
25.426826
-6.050707
4.795747
24.183901
12.063303
18.374151
22.082541
5.973254
13.517735
-18.718939
0.986906
21.752129
11.640016
-28.635324
-16.163366
0.185478
16.831175
24.982534
23.612619
-31.859430
34.183521
25.847446
-2.390729
13.170543
24.848425
20.746006
-20.260809
21.042652
-3.213868
25.052385
8.798861
22.802103
31.270645
0.565884
-19.332966
-7.602999
-0.465624
-20.334894
-11.993423
-10.576076
11.527426
-14.089376
18.974504
11.213011
-7.100930
-9.945854
1.400400
11.139692
22.429380
3.062845
-21.468016
0.198246
26.332081
-10.497262
7.601857
-36.323158
2.575489
5.024153
-36.837368
1.087627
-2.258495
21.374805
-12.107156
26.633766
-9.809217
-10.594670
-24.329397
6.232674
11.912967
-9.199091
23.368980
26.741674
2.607752
16.702044
-19.295010
-18.596331
27.756111
17.967686
-13.282556
27.486977
3.540763
7.467661
-2.444702
-19.410868
11.398859
34.742832
10.444222
-2.337262
14.202792
4.681091
9.732980
-15.503370
14.267986
13.093842
8.208471
30.523514
27.620224
0.336573
12.325325
-5.291169
-25.473904
-7.526830
-15.526067
13.909108
-9.350493
8.950925
24.229698
0.719313
4.691374
16.160713
28.212706
17.543419
-0.690174
-10.667142
14.776098
28.130009
-3.213962
14.534695
27.956324
-18.294882
-28.429502
-34.043282
-14.150499
-5.311470
9.658999
-12.525859
22.367426
41.556179
11.059973
-24.784338
-15.956005
-5.650512
-0.983502
10.531771
-4.841355
42.163460
21.899567
-12.236044
29.879898
-9.413318
-12.641636
-12.736360
-35.458416
7.837930
-9.683661
-6.579216
15.932159
-20.806684
31.286345
21.289820
4.470463
-40.293892
31.551552
18.142946
-15.619674
9.889859
-27.836777
22.293219
2.918588
-10.097585
-39.769070
19.113377
25.413847
-11.039803
21.702547
-5.190119
-21.079988
0.276285
10.836823
23.696056
-10.229749
1.019090
-9.922224
14.498591
-30.490799
9.620295
-19.092119
23.249966
-6.379676
9.157293
-5.732408
-16.503786
21.772638
-33.775711
12.443351
-24.759706
-4.562335
6.204063
11.384448
-23.581322
25.047876
16.095987
3.180428
15.812388
-2.180639
-19.036993
40.752895
-17.883598
-15.836260
-22.486650
27.228315
15.574920
-30.714382
-31.751240
20.873371
-17.357220
29.905741
6.665950
23.062494
-9.299665
3.473191
-14.254702
-7.362987
-24.341291
27.268887
-14.444205
13.588817
35.282551
28.045568
2.694640
-9.513337
21.313667
4.075880
13.439634
-12.723547
6.199837
-2.782107
-28.017359
-32.867828
30.202791
40.416790
-16.228855
-16.708374
21.407295
-18.263479
2.499217
0.499733
18.803364
-13.715021
25.653233
5.209633
-10.627192
16.158569
10.069594
-18.488216
-0.289763
4.017578
22.176270
-20.552670
32.910305
18.584230
-21.466038
-24.905054
-1.994014
12.729380
-9.831707
-19.304693
-1.060456
-27.319532
21.447828
-8.440454
-14.059664
-29.355154
11.297118
-16.044012
18.172689
2.788367
-13.513523
-15.020731
-22.327394
-13.277794
6.928223
15.704029
9.894180
6.161885
-29.435608
23.698965
26.341665
0.475390
-44.083435
4.877284
-2.809859
3.266157
-7.567887
22.849476
4.970891
6.269855
21.752157
-30.389824
-12.227118
-19.891825
21.661121
24.414227
11.486891
-29.985092
11.183388
18.460108
-15.702564
3.707873
13.606563
22.459459
6.958305
22.628248
3.859141
17.885241
10.282381
-23.561575
3.611597
27.942892
-7.260262
-2.249390
-19.805971
21.279003
8.057593
8.667690
7.457237
1.451592
15.378425
1.358610
16.066349
21.156162
-0.143480
2.099865
7.713694
16.012735
-4.697618
-17.454163
33.473110
20.535639
6.538552
-12.266585
-16.756216
-7.336862
-4.450672
1.657118
-25.755011
-14.498480
-17.134970
-19.672386
-28.888065
-14.881808
-1.276446
-4.680648
-17.410013
3.824949
33.973301
37.366978
-5.076430
6.527220
5.780918
26.251177
10.075195
-9.755077
6.031184
15.666671
31.494833
22.052292
19.914898
8.420406
-5.672388
-17.545485
-18.860851
13.621388
14.125897
21.458834
-5.779010
27.387768
7.700649
-28.207203
-4.182273
-23.518669
0.430905
30.253283
1.754204
-18.701008
-16.137280
1.900749
21.765408
-9.632668
-25.487000
28.671352
21.828598
-13.716187
-42.911682
-8.155685
0.914142
10.192752
40.075947
21.480070
9.238022
-5.948651
-1.749288
-10.846016
8.196012
-9.556908
31.704138
21.275278
17.394627
-4.363014
-6.742669
2.148156
-18.566383
-23.393261
28.153547
-23.385654
5.832634
-23.327385
-41.340206
-8.552804
-18.039354
-14.501169
-18.896507
-25.816788
-16.695560
8.351796
11.979875
-5.654229
11.979908
-16.508785
-22.477386
-33.204025
-24.906731
-0.343226
31.548599
6.003452
42.806396
-26.698711
8.807990
-8.289479
-13.814842
-30.475054
10.193447
-21.206003
0.947312
15.953058
3.939374
-27.712759
-7.983171
-37.809349
16.195444
-10.567151
-0.488232
36.621635
8.109325
-7.068548
21.001856
-23.822994
-19.560308
30.505339
5.595851
0.770573
9.304934
29.117252
-8.256830
15.657218
7.507404
-23.848944
14.000287
31.380894
4.147770
-15.483205
6.506416
20.827253
7.369875
-5.683959
-12.754725
-1.223170
-28.658590
-2.071671
-19.428946
-19.746742
-21.535286
-8.285352
0.301435
-1.023971
-0.719278
17.234951
-17.307810
5.965594
-15.289768
-2.928420
-4.380401
-13.897178
-32.595959
4.157349
-20.489336
-1.585398
-1.037571
-8.340733
-43.353386
-13.464094
-10.039799
10.257271
19.605909
-21.752478
-5.636868
7.907543
21.473263
2.404986
32.766838
22.112064
-20.779377
-28.862755
-31.835417
-25.797485
-15.099146
-6.571454
6.710887
-6.770707
-10.093986
16.238956
14.191868
18.806725
-24.617237
-4.588656
17.969168
0.997724
-20.769247
1.427928
-7.484524
-12.335707
-9.760019
-16.824526
-20.709494
-6.151834
-24.734169
-33.550068
1.020052
0.127978
-9.311454
4.431426
22.442770
6.989399
-21.350016
5.581575
12.365500
6.977703
6.545909
7.537111
2.756499
-26.117105
10.299802
8.845959
-0.583918
7.705915
27.684193
23.615622
22.263180
-7.361460
-20.659904
-10.916844
14.257001
-7.679770
30.968302
0.200797
5.377563
17.465195
-27.312372
7.515494
-1.704316
-0.370198
21.965124
-25.976570
-0.987623
5.391607
42.076015
3.653419
-9.326780
-11.761237
-4.227702
-37.718769
-24.582016
8.420218
-3.310514
12.113363
-11.805420
-22.322552
-22.239100
18.540552
19.362164
35.842251
-33.148376
23.765184
-5.786150
-10.093492
-7.882066
31.373943
-15.696685
7.949005
2.065301
-25.493811
-11.577725
-4.586652
5.081937
10.822227
-20.048321
-17.380964
-5.606404
33.510654
24.845331
-12.309396
11.851081
-27.140263
-10.558107
-5.271500
-25.168175
-26.951626
19.652279
28.242104
1.393329
-21.365736
12.245945
9.912773
33.670101
11.476707
23.133411
3.038749
20.910421
8.827979
22.905466
-4.680666
-23.244818
-14.997632
-11.013419
-24.831781
-5.325502
-21.154844
1.723097
23.979851
-33.692001
6.215223
4.262911
1.412244
-21.613823
14.217960
-14.401787
17.304045
-6.701159
18.400728
-44.735004
15.451418
-5.344035
-31.045341
-33.583538
28.601919
8.928123
16.671431
11.737279
0.594598
9.650079
-25.603081
28.002121
-16.635330
-36.972134
-27.436296
10.350481
-7.852584
-9.243239
25.475538
-29.088999
30.660688
15.884676
5.748318
11.143465
14.705289
14.600552
10.249052
7.596218
18.820637
-33.350071
19.726843
11.528389
9.134964
-22.459761
-22.104210
-27.494989
-31.290329
-12.953510
-1.696613
7.860640
4.447181
-42.240471
21.500843
14.891779
-19.825804
24.433901
29.217787
-13.943319
-5.484718
10.429155
-24.798349
3.194057
-16.215488
33.198730
-22.432981
31.910713
-17.858625
-26.385004
27.235806
30.876244
7.989902
-20.104464
0.443478
6.398520
-13.073318
-7.888762
-18.126091
-9.160534
-18.910484
25.898529
-25.224724
-0.833215
6.058973
-15.292560
13.363674
-25.070801
20.564079
16.706791
-27.159693
34.332199
-1.342392
-10.744886
17.620138
-19.121569
-4.824923
-1.743248
-24.823738
8.151810
10.997120
33.744549
-10.676344
18.064142
0.647071
22.873878
33.714878
-13.453341
25.596006
-8.537713
-23.160788
23.259710
-12.474723
-26.321274
-37.714645
13.375319
15.944337
-12.505926
-19.606169
21.263779
-3.789519
22.329519
-24.217257
9.148994
-13.560735
10.534247
-30.510361
-25.603409
-10.040851
31.600975
16.045786
-20.982113
-14.916212
15.522818
-16.896448
16.887089
-0.599960
-27.876539
4.337177
-29.884268
-18.914440
15.896822
29.462469
-24.817392
7.161500
-13.751891
17.838369
1.763169
-23.728466
3.253872
25.592062
30.909939
-19.063854
34.174507
4.978024
29.339005
1.158214
-7.695074
5.531924
-16.739416
-3.420922
6.261038
19.972809
-14.031617
-25.352598
1.232337
18.446535
1.183505
12.888160
-34.979256
19.754599
-17.316877
27.618574
6.226102
32.164295
-32.548229
0.953767
-20.702190
-14.585752
20.956669
8.606718
29.837713
-17.118467
6.835529
-4.579854
-6.334571
-7.424556
18.356642
31.608299
-11.462040
-7.697635
7.549255
24.362749
-18.751867
23.791584
39.018272
-7.108684
-26.619196
30.506804
25.995113
-18.380901
8.380271
-2.605182
31.323940
-1.320802
3.604920
1.842112
9.687790
28.719000
19.862316
-31.875299
-4.042742
19.188360
18.915787
-29.952246
-17.953381
-0.347217
-30.374250
-7.210155
-10.900277
22.768568
-14.019917
18.426165
23.174232
16.047312
20.885931
-29.711769
25.744438
1.146832
-1.929721
-33.873692
-25.272018
-24.070944
16.006453
25.100136
7.509887
-27.247965
-3.233511
1.387376
-23.779768
7.444605
8.828501
-24.977043
-15.958843
-0.284280
30.551077
-14.384905
18.384974
19.008226
-13.067673
-13.405823
-7.339597
26.204313
-19.791903
-11.740765
-11.626374
32.242935
32.814960
19.147470
-10.499128
-18.302935
7.562678
20.209593
-22.786020
-13.412033
7.380218
1.825691
9.866382
18.504871
-1.569346
23.095865
-2.821135
15.781843
-3.533674
25.063721
-28.915001
3.385561
7.478661
-22.262589
19.074465
26.760435
-34.692684
6.678666
-24.631285
-16.210709
-9.654897
19.484356
16.756229
33.394176
-17.974121
-3.020643
1.024099
-19.446108
3.181624
4.325521
21.427641
-0.557899
-25.187117
7.127557
-20.412531
31.960203
-12.365221
35.878628
22.691114
11.868536
16.124685
2.542886
-14.046050
11.543192
29.590765
2.751682
19.929913
0.321701
-14.103601
-0.741693
-15.988045
23.939917
-19.227589
6.231322
17.240707
-8.530950
-35.986412
16.553598
11.920795
-8.740644
12.064038
-22.935946
25.900549
7.002765
18.888128
11.738313
2.969926
3.334216
-15.034767
23.589336
13.471329
41.048851
31.150333
24.971449
23.797861
29.640738
5.899170
28.099688
18.844936
15.246066
-9.608804
-30.191305
-6.899239
17.473125
-13.717632
-8.591966
-13.455559
12.278830
-4.307382
5.927844
4.589828
-2.201847
-19.273849
-28.937128
1.094187
-17.763319
-0.736810
-36.277763
19.296738
-20.354317
-7.669375
17.371273
10.627460
-20.491690
-21.690027
15.630343
20.079437
3.685727
18.783873
25.039846
7.963612
8.603226
-10.597113
-21.448872
-25.102217
28.153475
15.894176
6.020154
-22.281128
-13.902720
7.451950
-12.522364
4.251958
-2.970634
-38.460449
-9.155285
-11.854498
30.204935
27.015785
22.480495
13.193981
-12.386081
13.830833
19.113857
-36.048710
-8.979992
-7.854330
22.553839
34.593689
-13.399118
3.860635
0.529231
11.300730
-20.980104
-0.841311
-0.668662
21.905674
-10.130313
18.026436
18.195816
6.592845
22.418177
28.750559
14.095463
40.035400
-6.128143
13.840823
-24.188583
-19.675627
4.465894
36.581043
-9.891475
21.041388
12.638810
-1.333171
23.297815
-28.554943
-34.242619
-23.932611
-17.736946
-31.768505
13.293464
11.900892
29.369650
-7.598513
-19.223328
4.765996
-8.784046
14.683708
16.934269
16.295189
-25.820129
-5.137402
21.481741
22.379761
-33.381863
-12.054540
3.275955
4.417537
-32.000370
-13.411281
-13.339170
17.235559
0.667326
8.379702
1.356330
-9.927653
-20.445332
-13.367047
-38.616192
12.212051
-30.676319
-41.460743
-32.150387
-7.189454
15.633802
-7.851693
-28.378864
26.359058
36.181042
37.283520
21.833696
16.605095
-23.413681
14.841141
15.723113
19.093416
10.375795
16.338598
16.665216
-34.461987
33.790710
-22.363634
-18.137712
-3.103284
16.618092
-21.128149
-8.722374
-9.381579
-25.521233
28.274336
28.646179
8.182690
-30.837931
8.510788
-20.134752
-42.395264
11.157973
-19.913509
8.953543
17.118294
16.731083
-12.975803
-34.111374
23.150913
-30.771141
-29.854471
-8.722463
-32.216522
22.051985
32.394863
27.610012
3.804998
-0.175648
-2.181355
-16.886997
1.780427
-15.233327
-6.391163
-8.066609
26.648773
-25.045553
-35.788490
-12.490082
0.154411
3.390828
8.570078
-11.936110
18.541359
-11.482499
-28.682547
-9.982786
-30.612913
35.954735
-19.147547
13.598475
12.554641
5.227812
-0.683156
-11.549699
25.905233
-15.064146
23.791620
1.636929
18.054998
0.698170
-10.993921
6.106168
4.579580
-12.418027
-17.896429
38.036377
12.494465
-17.876328
0.758147
-6.273945
16.019495
-9.505640
-24.287279
-3.469212
-8.284573
26.267752
-8.299968
-1.912466
17.531149
-30.310110
0.335022
-32.294991
11.826369
-6.302279
-11.132050
5.247546
6.531863
25.118763
-15.547496
8.133193
6.341513
19.765476
-31.883574
13.125461
16.719261
18.317827
2.448787
19.547697
12.849031
4.902022
6.843250
13.869308
34.581604
-3.407810
31.555752
-28.092884
-13.914813
32.742382
-4.131242
27.228176
30.393950
-8.617662
20.926958
1.395388
6.231754
4.087339
1.691444
17.771391
17.364914
9.895758
11.295061
4.653717
28.651815
-22.767744
-10.605979
-25.270788
9.641474
-6.180007
10.735252
8.596165
5.502347
-23.792166
-20.343645
-5.765428
-19.820330
26.431625
10.909527
-7.314466
24.348585
20.309288
17.121723
6.091831
17.596573
-20.914377
-12.015375
15.759787
-17.976074
23.348612
-17.731857
-19.990883
20.077507
-26.643232
-18.164125
-24.344797
-12.966208
1.293659
12.640867
24.210812
13.203058
23.521767
10.096254
23.085316
22.636757
15.704882
11.886397
20.008327
-17.983889
-17.756735
-5.204662
-3.374077
-7.624854
8.951808
22.989965
-16.057323
29.510767
-39.794109
-18.509895
14.312231
30.193441
9.974809
22.535419
-10.020195
1.707622
-10.422254
2.405074
20.202766
-3.282254
-1.552337
-7.569216
-13.229393
-25.055868
-6.662724
5.290533
-19.064827
26.383913
24.113541
31.373386
8.977518
-11.017345
-11.824271
-16.931879
3.047808
-34.866177
8.682199
-19.081133
-18.076185
14.265488
-31.449772
3.450223
-12.485285
-26.120308
4.490808
25.464996
0.682698
40.429993
23.311930
28.475065
-12.702389
-3.357625
-15.125063
10.772412
2.814687
-5.728660
-11.505091
1.939231
14.632020
18.058386
24.620859
16.236868
11.933808
9.706803
-16.797045
-38.039387
5.542259
3.117244
20.877260
-28.955156
-21.346579
15.348504
-10.993344
22.493986
14.266408
11.476669
-22.073744
-22.118073
-2.683689
-31.109093
32.500858
20.860970
15.128018
-14.555207
-8.489517
11.546794
-30.534487
-16.283916
-14.989185
-27.232670
10.974302
4.121144
13.912569
-6.451551
-29.111691
-26.657339
5.713711
-19.159807
-8.700154
-23.104935
24.282837
3.161319
-4.368507
13.109058
-30.902294
9.810014
4.713334
15.873401
24.905308
12.109681
19.473269
30.049791
-11.191154
-20.524733
-5.005588
12.026859
-4.613035
-9.932319
-20.417370
-19.566652
9.306457
29.037897
-27.231392
-4.861110
-21.503628
34.912380
-3.332482
15.137519
-1.591738
30.045055
-4.516933
19.522615
-33.800007
34.910061
22.758402
34.624229
-39.933517
-27.937664
10.873953
-31.178553
-24.561249
-15.210397
-37.039856
-5.681844
12.315106
21.747057
-6.616264
-1.666802
-9.083189
-1.850318
22.882778
0.876727
15.664889
9.797230
-12.810905
4.236878
18.952019
-26.485182
0.365746
28.454144
19.334003
28.258358
16.797609
4.633475
33.204319
3.549897
-19.975346
10.624440
-11.859536
-16.830553
26.108986
13.062790
7.971078
-10.430084
-21.341288
50.760601
24.964046
-32.445206
7.245487
14.746203
-23.514505
27.510923
-1.907887
-9.589641
-17.177559
-26.765619
-13.064974
15.264105
-19.553654
3.106203
-43.241035
-4.008029
-13.362964
19.478985
24.456717
-14.856524
29.982914
-7.336092
-18.259012
14.688430
1.813772
5.252272
-3.247554
17.021646
-4.531744
6.855845
2.354794
7.310116
18.891306
-26.180330
-10.322948
33.444756
-5.493681
-18.042019
14.748324
-29.225830
32.024559
25.225395
10.714244
8.263771
13.539504
-7.700081
-11.325946
22.200712
-9.292428
-4.248888
9.707979
39.539246
2.371172
-18.916742
-13.237325
-2.893472
9.589375
-6.632213
10.322758
8.913751
20.819170
-28.427414
-27.250994
27.638386
-5.726732
-22.538715
-16.893921
41.170891
-8.320431
-12.238517
2.462768
17.634123
-15.124349
39.018021
-4.914405
8.131823
17.275852
19.453053
-7.945769
18.773054
21.342037
22.185402
5.290535
-1.244089
10.094959
10.814355
5.804910
-3.472424
-21.171942
14.193814
16.565868
-2.540991
-11.787358
29.198538
-34.668510
0.969903
11.392378
-34.089111
-13.548668
11.376115
-20.908522
-19.710306
-8.049130
32.145786
-17.499109
8.677983
-5.725883
-28.349771
11.881372
21.780661
31.948542
15.263871
-20.843855
-13.244264
-10.519102
-26.631804
16.207413
15.626647
17.192530
-20.051500
5.651816
-10.818411
-10.613548
8.691616
21.906565
21.120232
-20.865160
11.447153
-2.595078
-15.949983
-19.555990
-24.101625
-29.084887
11.979897
5.818535
20.076992
-6.822403
13.878859
-13.254286
-6.282950
17.165905
0.336393
-14.860765
-10.278922
-6.807989
27.845060
24.168333
-3.469773
12.063206
12.081343
-6.012511
-1.658396
-32.025547
12.281462
2.798661
10.319480
22.157364
6.213362
-6.233873
-24.140364
35.445438
0.718451
-10.665407
-20.550835
-37.649765
7.388436
-1.912854
4.142501
3.208475
31.829073
-7.005212
15.620752
13.450700
-12.092299
-8.263450
32.657185
2.791453
1.689491
-16.093355
-42.755581
18.021679
5.773655
1.441528
-13.919938
2.939375
12.714656
3.493298
-5.251136
-7.921988
-38.033703
4.008897
-8.926191
-28.904251
-8.501180
-24.364376
-38.063759
-15.874330
22.139214
17.491665
25.656942
-26.649900
-24.774744
-5.873899
-9.816972
-6.818270
5.652249
25.687420
10.070051
27.771818
4.659576
10.874949
12.838748
6.369639
27.520866
1.943552
-20.527864
16.059099
23.829693
5.371770
10.453111
-7.420711
17.060570
25.498367
-10.437629
18.950666
-27.174271
14.992543
12.848756
4.198271
-9.711875
-2.706705
-21.035007
18.135159
-0.688747
10.863710
-4.571167
-3.875580
-8.800373
16.426975
-18.293831
-17.153925
-21.913607
11.862463
41.200520
-8.004576
20.116928
-3.809117
27.811798
24.209021
12.434607
-14.947710
15.657108
-11.458282
-18.771748
-6.662271
-5.856157
20.555555
28.165087
-4.187308
-24.594320
21.391148
-18.981581
-2.889597
2.789196
20.946093
-33.159500
15.641114
16.493927
-10.540645
19.397295
-33.458481
11.367872
1.177070
-15.369884
29.052420
-10.847823
13.459187
-34.441563
-16.033422
-14.885756
-21.436588
-9.070725
15.308343
-4.297589
10.115445
29.170164
18.972984
-10.701801
-30.990610
-26.494823
-9.175979
15.826239
-31.049265
12.363716
-8.313843
4.398696
20.631130
7.769618
11.945108
8.224287
-24.766979
6.205465
-26.857899
-29.094320
0.586034
19.850189
-5.436046
-33.155640
26.563971
-22.082207
12.919453
-14.325583
-12.489240
-22.276449
-5.652600
23.535513
-10.340815
-28.780575
14.200300
-29.194452
29.747053
-29.750622
19.744686
27.604708
10.668264
-10.613040
-16.931400
26.091784
13.713705
-9.426037
15.578949
-9.074855
10.398458
-5.412372
-23.645182
6.511185
-4.422702
16.073072
0.024725
-11.812804
31.999176
19.012211
21.075161
-31.783457
35.492569
-29.522003
-1.505213
18.933203
-21.330973
10.880789
21.244701
23.804935
12.995203
-31.952618
-30.183041
6.057427
3.402325
-3.299882
-22.358091
21.185532
-20.166035
-2.854420
-3.893557
22.233030
-23.504757
-16.168016
25.636528
-29.582178
4.703146
18.545719
14.999833
18.813307
17.323776
7.272242
3.501406
21.663403
8.312797
1.886386
16.741167
24.169088
-30.009638
22.816698
24.793911
30.699045
-33.566139
14.219680
-4.205411
9.142007
24.046556
23.278229
-7.369611
5.281947
-9.708419
-8.348939
-24.748312
14.364185
20.112104
-19.444361
13.610570
10.748113
-12.662920
13.000657
-19.484364
-7.720613
-29.367908
12.576214
-8.721384
23.972412
9.858652
-26.966335
-3.126074
13.555709
-14.698225
14.340312
14.253243
-27.270660
-2.194098
-8.575045
11.590066
9.653615
0.549657
-2.219622
-27.299032
-20.148706
-0.644546
-0.470758
-18.312290
-15.475587
18.609961
16.374020
31.199833
-21.993505
33.457397
-19.594404
7.880350
-11.670676
-9.819978
-17.679558
4.154356
-9.920707
0.154584
24.575249
29.383120
15.644356
8.009398
4.376822
-17.084892
2.123476
18.925020
27.046598
22.573551
-3.183236
17.812342
-23.968899
3.942631
-27.582617
20.821066
-34.135353
9.325061
23.585094
10.237956
3.072307
-10.546873
-21.850668
-26.991037
-19.138695
-25.289562
-15.232506
-29.134224
-22.345606
2.243347
9.143089
-49.952827
2.503625
-4.230587
-26.125443
24.687788
-11.866364
-3.773081
28.464867
17.373360
10.366294
31.820187
-14.753991
-6.127604
-20.105423
-4.429060
6.144307
-7.857177
10.357072
22.801386
-28.484766
-4.434911
-24.942379
-16.288031
32.831184
10.068460
-26.202351
-15.214582
-4.158092
-13.255533
11.488551
-11.033128
-8.598486
-6.985468
-9.377952
0.188432
23.465788
-13.779998
-6.716647
24.266644
27.301348
1.271476
-22.733957
-8.708920
13.074224
-25.887556
33.625103
-23.330502
1.160056
-12.194967
4.911339
23.732395
-1.388955
-9.559075
-16.414591
41.795898
0.141005
-25.154301
29.166168
-15.018910
-1.178349
13.692179
-7.865074
6.481812
27.220602
8.322821
-8.420338
-15.211429
-14.137517
13.739264
14.925575
-6.536808
-5.678500
-7.482119
24.225891
6.540858
-1.827930
-24.554522
14.609606
0.480168
-29.921167
-10.518886
21.166111
-27.044872
5.727546
-18.884487
0.337543
21.954281
18.760166
-33.252975
-15.414604
19.818935
17.048002
25.773344
-7.287661
11.211360
21.162867
16.290171
-21.976713
20.335226
-4.581811
4.684632
10.191951
-17.778393
29.742126
-26.450768
-13.441728
22.102282
2.379916
-16.805628
-14.216021
-19.984190
15.814640
-20.816494
30.410913
-7.625705
-1.343474
4.855925
-26.011877
-11.602319
15.908906
20.437452
7.098468
-6.444865
4.408389
-18.311127
34.886604
10.451754
-17.341148
8.305280
-3.084924
15.556753
17.541128
-6.716491
3.287366
-31.384430
-5.603701
-9.189055
16.312641
24.165247
0.419922
20.275082
0.806576
17.420071
-42.451057
15.814442
-7.525146
-2.346431
4.144317
-16.534180
14.024286
4.871843
-26.341625
30.907166
-8.655412
-11.094387
42.189770
-5.846424
16.496017
12.885632
-18.494905
-27.513342
18.964094
3.115429
25.213377
-12.858469
-24.410851
12.487587
-17.397093
-10.285269
-37.562695
1.302674
-30.395126
-15.212025
30.943520
-9.303270
-6.881309
-3.499428
9.402757
10.445850
18.957516
-18.033981
21.597788
-36.790047
16.759182
33.384125
34.365055
-23.864927
9.124447
-0.640920
-1.361200
-18.674402
-19.231876
-13.370659
-34.177631
19.114374
-17.029673
22.978991
0.713102
-3.379900
-17.227419
33.275475
16.396439
12.595202
14.931536
11.618237
-8.646774
-12.894245
-21.708515
37.898167
21.355934
-11.728189
2.453187
9.550616
-18.776859
-4.470403
21.769369
38.448338
-27.675341
12.566637
40.267567
-19.250259
17.783600
-18.658033
22.069845
-25.257582
10.092443
15.598092
-2.792629
12.480279
-4.788002
18.050169
-11.450023
28.483667
-10.453310
-12.123938
-17.978899
17.289761
16.550028
2.808322
0.510502
18.401836
28.730312
-23.235073
19.686764
0.573424
4.836260
-24.402477
22.269621
-20.995556
32.664062
-23.582834
-22.360233
-20.263884
6.991183
-24.350096
22.460945
-39.343391
2.296649
14.279918
-24.616522
-6.186814
-33.866238
14.118894
-16.132090
-15.591967
10.244268
15.979121
-4.277921
9.195483
-17.530329
-15.339630
-1.225561
-1.402248
-19.350832
-13.725263
-3.030964
-30.005209
-20.865822
1.194318
33.251888
-14.372869
15.937943
-7.244709
31.755136
-18.445480
10.158253
-15.355415
13.567614
-5.882081
14.553909
-9.371437
-21.517397
26.515463
24.600822
-18.741653
5.305237
-26.025311
-27.089260
-14.376893
18.477377
5.404464
16.213650
-7.771634
13.414497
22.960581
6.366524
10.223467
23.975449
-2.604357
-0.584697
-23.024862
30.557819
-6.426787
16.717953
-29.790115
11.217854
-3.531357
10.651154
-2.512859
-5.699590
-8.071306
6.599174
-14.467705
3.415860
-9.117079
24.667391
10.295135
34.701859
-40.631092
6.977322
8.617075
-36.032906
-28.319227
12.224917
-31.718832
-17.663210
-34.733479
31.739769
-17.858759
6.773833
5.622968
-16.733503
-13.842691
-27.048037
-25.102116
-2.918109
-21.322159
14.874699
8.310444
5.398409
-22.385868
-14.839393
-20.711065
15.022326
-8.109150
16.300680
-12.940902
-38.038250
-0.388297
-4.466064
-18.699835
4.119838
-7.988066
18.750286
12.890918
-30.337400
-1.849040
-11.912581
19.305374
-48.021313
18.302612
-13.821846
11.258946
-36.886536
0.378207
-3.848143
2.396896
-41.616142
-1.953686
25.301968
6.386190
18.255947
-17.328064
0.274903
-41.232658
11.709413
14.095656
13.112981
-23.610682
0.630421
29.864075
-9.580520
9.312137
15.163711
-6.325317
-22.231028
-11.147148
13.505461
3.418025
11.525892
4.187629
-22.859221
11.334692
-16.685438
-27.668800
-26.768599
-9.864247
-6.473311
29.576849
27.524870
-10.374905
-20.561235
3.583881
5.757624
22.237583
4.249093
-1.721446
0.097736
29.444775
-1.980328
21.540840
-0.436827
0.539696
7.183904
-37.113174
18.863232
2.895108
-8.263005
-1.030074
17.392376
-2.283509
17.961441
15.897608
8.973368
-13.993715
-0.118943
-5.442858
3.006598
0.472122
-14.262901
-2.815254
17.858076
4.003217
1.523918
-12.649921
11.713898
5.534663
-5.337565
30.174994
26.366804
18.020666
-2.245080
-18.659145
24.578176
19.893389
27.121391
32.390575
2.779582
13.526191
2.656296
2.639437
18.377794
-5.482021
24.199377
8.070841
-0.914467
20.787123
1.433159
19.611568
23.621094
0.776960
13.128454
13.929919
10.556946
-12.908664
5.038517
-14.893502
13.856160
17.184797
5.833035
-22.322248
4.574897
13.245452
1.300449
3.997282
-3.974542
29.504347
4.502312
-30.062756
18.136251
-20.362171
4.443581
4.970056
22.859137
-26.211039
-0.833026
-23.516737
-3.399424
-5.802839
8.615470
24.896362
1.492000
-2.960868
-14.602255
-14.754907
-36.925961
11.302512
-4.790240
28.471001
2.214897
-5.213908
-35.383904
-42.384239
-27.410467
16.366783
17.787352
15.244431
-29.334120
9.005763
-16.022411
4.428646
29.116684
-10.599798
18.491547
-21.249552
8.293274
21.173147
15.732724
-15.635873
-19.270443
25.811117
-30.787825
4.164178
8.206597
11.673033
18.885548
15.293519
-24.629732
5.282138
-27.416407
7.451689
8.282197
2.999281
17.373344
35.397766
-3.246622
-16.430456
-2.208036
15.265904
-23.354258
1.610511
16.397099
-6.488739
3.304612
-9.798663
-0.128132
21.698536
9.975939
14.615949
10.895982
-10.666022
-24.529005
-13.818316
17.797752
-6.683366
-2.898039
45.928612
23.645920
3.950907
-9.434580
4.569668
-13.572104
-13.846522
27.314993
5.290211
-26.117586
14.301680
10.006354
-15.670159
-11.897547
-26.787960
20.056921
7.431417
-14.775466
-3.836806
-22.475021
-6.602882
-14.166084
24.984236
-8.464888
15.774969
-0.075846
34.093513
-19.656225
2.782833
16.752588
-20.587130
-2.290481
-11.846257
7.554550
31.381657
-17.555889
3.307458
8.214235
-20.264898
27.181120
5.649969
-18.832390
22.368393
16.057415
3.189227
9.262060
-27.849758
22.458986
-29.948545
-35.424709
7.986282
14.328491
9.336653
-30.116869
15.816220
-27.896080
19.014250
-4.015382
5.670066
35.084759
13.185813
-15.502666
-5.789251
-24.786448
13.626597
-7.805580
-10.800605
5.852213
25.723225
-10.461850
4.119632
-31.632311
13.722756
26.168793
-42.895432
-11.866297
-9.277580
11.232685
-24.718298
15.801546
-23.190248
10.733451
12.329184
35.491592
-5.136926
16.857279
-15.275615
-13.051921
-4.183376
-35.545845
-15.366599
1.048853
28.895765
7.808093
8.068423
-1.448196
17.040878
11.406048
17.828672
-27.658531
-15.734123
22.618488
-20.407806
-12.480385
18.767509
14.845955
-4.244682
6.280109
7.667847
-14.187863
22.016972
-2.836028
-10.752055
-2.920263
38.110584
30.559900
-19.854725
-20.359510
-26.402355
16.735439
-10.506833
-1.222301
10.544037
-11.605464
-26.164093
-6.258488
2.704309
9.288848
18.694555
25.674927
-31.100906
15.831411
-4.819780
-13.292417
-32.159824
-0.306903
21.148724
-9.049506
-10.922679
15.959985
7.989382
-1.884274
-15.660870
16.247828
8.537674
26.951441
11.934930
26.339964
-1.134006
-29.061958
11.225627
-16.305632
9.500963
13.691207
30.904846
-16.075388
31.587696
-12.091271
-10.620665
6.418259
-21.690985
-11.510812
14.964857
1.788919
7.329351
0.166140
-26.689922
-24.231838
-18.901514
1.466544
-5.769085
-25.780720
0.299764
19.823139
7.221964
-14.049569
-4.387326
30.620659
23.830782
-15.827989
14.791041
-44.036713
-6.271950
13.647190
-7.024552
-31.184715
-12.688117
-27.080009
-18.264204
27.115833
-17.631006
10.420351
-4.075627
-8.683362
-22.192242
25.146120
-10.964829
-15.583295
-28.757406
14.098457
-6.483638
-14.333864
-27.804609
-6.775913
-16.022308
35.588768
17.463085
-1.219211
-8.339111
-12.407549
10.456431
27.111511
25.539820
7.025938
4.981453
-10.479836
-1.645998
24.107996
-16.283216
11.183825
-14.597711
-21.971182
-29.689991
1.948932
10.053989
-13.400273
32.264202
12.772693
-6.838696
-21.837324
27.003839
-18.079613
17.182640
-15.643144
4.786589
11.588238
34.119003
17.579254
23.732086
10.135751
16.245312
-37.922874
14.252584
36.613491
16.690714
12.053864
5.681794
-17.125538
-12.937348
-14.623620
20.560392
-17.066284
-20.379057
-0.781361
-19.308491
21.275595
-39.512119
-11.480688
-14.185459
-21.040291
29.069355
1.473917
-19.394953
28.333202
23.684919
-2.550510
25.585201
-17.729439
12.142154
-5.658055
-11.574641
-4.777519
-15.669683
23.026772
-16.339399
13.197899
9.286283
-0.767965
29.498146
21.251909
-20.533659
11.048540
15.158916
-13.303287
-7.951584
-7.121343
23.327438
12.252357
33.254845
-10.368586
-41.144829
1.587784
9.378348
-6.409428
-8.555065
-26.630976
-5.953050
12.938015
-4.933358
19.288073
-2.776248
-20.098190
-33.531998
30.038803
-11.476238
-17.110035
-15.930560
17.095409
18.900269
32.543598
22.597330
-21.666386
20.891535
19.431240
32.913258
44.715328
9.691113
-20.654995
-6.069365
5.562783
22.151628
-1.128890
1.947079
-11.637825
-2.287569
4.928039
6.131405
18.660894
3.521548
-21.903608
-22.196955
-1.147761
12.437495
22.411768
6.381581
-29.131643
2.284195
-3.945147
11.883928
-11.785458
24.772335
2.104018
-23.720188
7.303260
-15.804986
4.998527
-6.122108
3.787592
33.655579
-24.288460
17.117542
-21.788368
-0.690046
-9.748843
1.194920
12.133544
-10.438182
-22.013502
15.229378
-20.570761
-5.105567
24.765917
5.178899
18.406404
-1.925164
12.457077
-22.314106
-14.331450
27.676182
5.672144
15.500627
-34.554722
10.803514
9.302513
-24.422920
-28.047310
0.751583
10.043033
-11.402916
15.463837
1.361517
3.291794
-16.310638
11.982333
-25.326466
-28.795547
14.805013
17.308069
14.587028
-17.360994
29.324936
-28.855772
7.365850
-6.488842
-4.375010
2.504917
11.266307
-5.322550
-5.894752
-26.131519
-6.383906
-11.044376
14.904419
23.677872
-14.537171
23.853144
12.525244
21.974888
18.635307
-20.934305
-38.616432
-22.075073
0.856876
13.633889
4.381474
14.611428
18.249199
10.104898
13.777889
0.104469
8.291125
-5.071910
21.999456
14.668569
-12.601575
-18.279392
-18.031389
27.363586
5.993779
5.126650
-18.945116
-27.196558
24.787560
19.417879
-0.001894
-32.215988
-15.127032
20.114668
-4.079688
-29.251322
8.696666
-4.261822
-0.615642
29.778791
-6.251101
-24.109644
29.233315
9.849124
-10.203021
-17.745230
-30.653265
-24.221827
7.538150
-15.731806
-22.054707
8.502018
19.317232
5.455838
-46.107456
23.119246
14.848474
6.631940
8.243859
-36.382076
19.382133
26.624132
-20.637548
-39.917683
-29.905027
-22.009083
12.216715
5.616226
-7.327912
-33.213898
-7.090158
17.841797
-39.539707
-3.739323
-35.713120
21.831175
-12.686328
34.087246
20.557682
1.278057
14.944847
12.650857
-22.403044
-10.623055
16.991125
-4.044206
17.640408
19.253004
19.174280
12.276583
18.202707
14.190496
-23.419228
-22.402655
-38.629589
4.179354
-3.282473
24.573618
-17.593210
0.704866
-10.318345
0.438365
16.530930
23.780441
-19.316502
15.687806
14.050564
11.937061
-31.129292
-32.606720
13.345181
7.713057
30.049126
7.622337
-27.322325
26.703880
-2.162413
-30.839380
17.208679
18.700699
-13.720573
12.981919
-15.312161
-29.811283
-15.961235
-4.702452
-7.848063
11.125060
0.303937
29.657005
33.547161
10.673420
4.624890
3.875762
38.875183
-21.224970
-5.703486
-7.224143
18.913618
-0.620765
-17.636951
32.769058
-13.267319
9.465215
-4.463564
-3.177965
6.882006
-9.235417
-20.260958
8.274977
7.698153
2.173057
-10.556640
18.408813
-13.904874
13.007276
5.315943
23.778292
25.930653
-9.085015
-23.811886
1.489955
0.657107
-21.014076
11.935396
-24.297663
25.690617
-21.658016
15.946363
13.616633
24.821535
-38.524242
-23.512993
-17.137323
-15.235542
0.059753
-6.330847
23.794933
10.696160
1.283769
7.774798
1.841091
34.394505
-1.924660
-4.137201
0.278426
-18.173466
-14.251928
-23.143408
-10.691346
10.147270
30.918375
-30.993492
3.961353
10.616301
9.911185
14.664421
-2.313494
16.898392
15.345599
18.013271
5.442687
0.330331
-0.015184
16.678274
11.654164
0.368207
1.763666
-0.609769
31.347233
-18.993065
-6.158256
23.272882
26.470514
-28.791443
7.824352
-9.284201
25.086229
9.135125
23.538702
-4.548253
32.748405
16.103804
-4.408845
1.354488
-6.623832
4.545572
9.864084
0.857211
-19.379326
-7.931233
9.941455
12.217388
24.463795
19.342167
-6.830829
15.230204
-18.741348
-31.109528
6.787055
-21.123854
15.077929
-14.936711
-2.329187
8.343243
-5.765604
-13.469144
-24.001633
-15.967660
7.317099
-3.984178
-5.924764
-12.980239
26.725901
22.655937
-17.196220
-15.375747
-11.219369
-0.707355
19.119448
-27.331343
20.333908
-6.212067
17.909126
-27.191069
4.698046
8.143886
-0.615195
20.374832
-23.590725
0.474645
-10.187378
-6.166422
-17.080027
-13.128765
-23.551914
8.034384
9.067421
9.875954
-2.668042
16.779024
-3.242810
-12.687490
13.734444
3.151317
7.140285
9.996718
33.321499
-23.612171
10.623571
-19.641636
-27.298603
13.479739
0.646680
28.930756
-35.071114
-10.357989
-6.134550
-25.525793
-5.019701
11.218111
-9.042735
-30.392345
5.197573
15.645832
16.524027
14.282110
2.416874
-2.809724
-37.395912
-7.033037
4.218311
15.776477
-18.371155
-28.858297
24.421747
13.660944
-10.029749
13.910930
23.647179
-14.133807
-20.033920
-19.923582
-7.276412
-23.790468
-35.292484
-13.690839
16.513653
-29.768827
3.539103
21.300814
3.123489
-19.940407
9.144093
-2.800661
22.375648
0.901962
-40.653797
-26.457693
20.046358
-10.137220
15.850309
31.462761
-7.497553
-25.842388
17.736931
-14.955461
24.363178
1.917183
33.434616
-13.595651
-25.549576
19.620510
-1.349531
-36.133324
29.412048
-4.026672
-17.215036
-9.420753
-0.748145
25.595373
7.266001
-26.581947
13.609085
10.635042
14.760546
26.751293
21.826227
20.997475
-13.263122
-15.144425
-19.462807
-19.928829
7.846264
3.740195
12.242303
-15.535475
-2.313646
16.806807
-14.629522
-11.665287
-0.789382
8.011557
-22.284864
-9.548173
23.211538
30.441879
-15.503259
-19.317593
-24.442595
40.651279
19.963270
-7.908292
14.521635
6.154841
12.569363
10.455081
-0.656546
-34.235088
10.754145
-10.075040
-21.127937
22.541033
-3.083275
-11.105726
2.898190
19.731771
17.961668
11.059020
17.444155
11.697513
33.996517
-16.934170
-39.361832
-5.916751
-6.439535
-24.849346
27.549339
-13.993215
20.237963
-17.299107
-19.097742
-23.970062
6.735484
8.983347
-5.708821
-13.524832
43.512920
25.719917
-6.795090
-25.351213
-33.478935
-26.373102
-17.833801
-31.360945
-13.410504
-5.760645
-2.894038
-27.293711
-23.030291
-1.295466
28.766602
8.718989
29.036058
30.555735
-10.276103
-15.705609
-26.743702
-21.883459
-18.133383
19.083220
-13.728849
-10.661585
-22.312738
15.029428
3.691426
40.896488
-15.045000
2.596162
20.656939
-25.673235
-30.352306
-5.037058
27.841301
-16.426777
-1.720993
25.600744
-14.254498
15.196545
0.567995
7.234087
8.887393
-31.380981
24.640181
-24.680275
26.699867
-9.475014
-0.863208
-26.973663
-36.800953
19.503292
29.861919
2.959397
18.436752
-19.813650
-8.168261
5.020719
-8.685173
20.816761
-10.391490
-17.820007
-8.694138
-34.446262
-0.372957
25.503519
21.634672
6.436676
-7.148812
-14.881405
10.799336
-25.590963
11.695737
3.026877
15.066595
-17.088396
-19.110277
12.823978
-8.043193
-16.383978
-32.341805
9.105117
-8.233711
2.485391
-14.773814
-8.372505
-3.737581
30.152803
10.959888
-2.260740
-8.420344
-17.186314
-13.875301
17.036558
6.114077
-6.653176
3.177488
-28.976105
22.246010
14.032022
-3.461012
-4.249094
-5.799135
-4.471109
9.964995
-26.863867
4.517436
-18.999771
22.181652
36.858086
-0.348576
-17.989891
25.902649
8.348325
-15.389370
23.633377
-12.065603
-21.517210
24.036736
-20.883307
-4.739737
-8.020455
-15.845990
1.766027
-16.282099
5.797195
35.558929
5.713763
13.323685
11.171166
-6.937238
3.719777
-11.656183
29.412481
-34.636230
-13.490116
-27.530504
-23.502821
-4.970953
-4.293384
13.888986
-23.295853
36.794491
-25.043993
27.456673
2.119524
14.398160
-25.306192
-12.049535
-4.532923
-6.247926
2.358208
24.510365
18.502623
-21.241699
36.444969
2.592947
21.721134
9.069422
-33.624264
31.893494
-24.497225
33.381218
13.816343
20.372952
-11.829271
-13.415019
-10.582862
2.216133
12.176436
-10.581212
-30.955441
26.836203
-0.681508
-10.219810
-26.001499
-5.800815
-25.669172
-8.034328
-1.819725
5.368418
16.957594
-6.872729
7.376133
20.523378
-13.579263
-11.862543
-4.051487
15.567331
-16.678593
-20.423588
-50.681622
-38.447987
-4.034412
12.411600
33.046326
18.753984
17.536671
-17.717630
-19.143057
26.385962
-32.859692
-23.109924
8.239964
17.390930
0.149447
11.567420
1.551850
-9.607864
-24.881878
12.258903
-1.418353
24.172380
-8.308438
8.688046
-24.342823
3.020509
19.680115
-17.990623
-6.416934
-5.526262
8.607677
5.436430
28.691063
-25.607931
-14.719947
-18.635414
-13.387639
21.328608
-23.273464
2.984803
-14.506823
19.747135
-19.572092
-13.385827
19.268299
16.613234
-22.363789
-22.435850
14.633482
25.128412
-3.550657
30.725914
-19.170527
3.135195
2.404481
-18.034822
-6.790307
2.013901
-8.530199
-32.366627
23.276730
23.065344
1.544872
12.345222
-22.201900
-15.557437
-21.858196
7.646622
-14.649266
-7.137987
-5.097222
-0.979320
-2.947993
28.845898
42.086460
-6.033340
-3.748851
-9.746151
-28.023245
30.816389
-1.942655
10.303505
11.123404
26.418352
-13.740503
14.809556
-13.541347
-8.664267
22.092150
-24.712898
20.156771
17.469400
40.915764
2.694172
7.933826
19.624468
8.359530
-25.647907
1.777007
22.293640
-7.659328
21.085140
22.564823
6.874650
-17.237152
28.010168
-16.175198
6.137624
-13.555327
18.769129
-0.180099
8.142367
20.847754
-44.268097
-26.942104
28.157698
-3.044798
-5.466472
5.190197
-6.210732
-2.642086
15.764743
-15.722600
-19.945103
-14.361051
-20.486645
-0.251591
-3.624627
37.231518
-24.590792
8.057943
-5.096968
-5.646902
-12.363754
9.618973
20.815140
18.128935
6.289558
-13.957603
30.398050
8.803501
-0.860553
-12.552439
-24.041769
19.027111
-30.421169
-23.255527
-22.540630
-17.255722
20.069914
13.574799
-16.177963
-4.835102
14.876514
-19.557552
-24.536379
-27.585732
-9.186654
-24.765318
-7.083382
3.298912
15.472955
-12.806910
23.987104
-16.817493
-31.300169
-20.196362
-7.307163
-18.085463
20.008991
-2.504844
-9.511456
27.065086
19.894993
-32.893562
3.338874
4.981590
-9.084270
23.389769
23.454432
-23.504805
8.348313
20.389578
15.070213
20.092308
-9.664714
0.094187
-41.939453
-4.813441
-13.011539
27.897617
-25.193842
29.739410
6.524998
20.153812
13.740644
14.397730
-10.047106
24.253830
-33.188725
-2.312714
-20.342999
20.460075
-0.693177
-1.884424
-3.421573
10.326742
-37.078003
23.603636
-11.586246
-1.739257
35.384342
-23.414921
15.750763
17.091532
-10.235673
20.983551
4.983963
-0.984532
10.769168
-27.858521
21.886805
-5.845886
-11.690580
18.465109
2.388958
-25.678026
16.013178
16.579912
-14.571863
-21.442398
22.384136
15.395789
7.814209
19.855206
-9.025400
33.710537
-19.201046
22.447878
-6.653889
-27.822042
17.093029
-23.795616
-8.747579
-21.141523
26.631786
38.549175
-13.768121
-12.722155
-10.409483
11.130133
22.723269
-23.740494
-22.106182
6.164090
-3.424264
28.725363
-2.872522
22.224571
-12.553016
-19.098286
-9.927892
-31.783480
34.942280
-10.908841
-13.104795
-30.469023
2.055492
0.094010
-4.439620
-12.895428
-3.206531
-1.888335
34.231602
-20.307396
-3.562171
-0.793186
-17.356459
15.631547
14.727498
23.891508
16.000751
-12.211947
-25.467619
-3.228394
5.388889
-21.514013
-28.863590
21.399385
-1.080081
32.994987
-2.713595
-10.619495
-7.062924
3.440805
-10.380301
6.440398
-22.671202
2.221778
13.878654
-36.307228
23.750278
20.989950
-9.936147
-15.771416
-8.258825
16.831070
24.744154
-13.890238
-44.032570
-4.985960
4.653857
10.612197
-30.916943
-9.702996
30.843912
9.270355
7.822400
7.274366
13.956665
-11.536011
-4.293253
-23.344585
-29.675034
-16.273499
-25.448517
-27.186621
21.314753
-22.672380
29.997053
-38.309998
0.112890
11.388441
-28.267605
12.272028
16.003386
24.105654
18.151810
4.311784
-38.234631
26.910192
-19.025587
20.022732
0.899394
26.665924
-12.606805
19.261389
3.149379
-7.260297
-27.766388
15.071354
-22.908319
-32.707291
13.779331
9.526528
18.359858
-1.970302
-30.033564
-3.988326
2.796991
-12.351811
27.525867
31.530695
8.147269
-15.745406
25.583168
-18.617083
25.292130
-0.797164
-6.461032
-27.552015
11.880709
1.942906
-26.471727
-12.661599
14.372574
-8.440601
-19.899740
15.789778
3.659063
23.723402
4.771465
11.785467
5.799598
-47.301819
36.333504
15.867833
-27.967718
14.045185
9.739160
24.906614
8.408956
0.445323
17.117422
-27.521616
-37.774109
18.607349
-4.007956
12.513781
-12.970045
-0.058435
22.932009
14.225337
26.948669
2.990886
-1.267547
-11.156449
8.593420
25.818987
9.873575
-15.505723
9.180797
-10.661757
4.759288
19.905172
-20.487885
-8.481045
-3.506245
21.524250
-9.899453
-4.920214
-42.057537
20.095818
3.391063
23.083410
11.044150
-21.689632
21.343294
-4.430334
25.868700
3.070619
1.809584
33.020950
20.693455
19.487623
12.391813
-20.405764
29.635584
22.431541
-22.967440
-11.231924
-7.148455
15.127851
-39.676216
19.659603
-1.291391
6.398258
-36.039547
22.367447
-5.351865
-25.037321
-18.813473
-5.341744
9.058747
26.715733
-7.298552
23.914137
17.887703
-17.766329
-30.598251
17.631817
14.416063
25.710978
32.073990
-28.235104
-21.010296
-14.302950
28.864084
-28.375046
-10.547179
1.394231
-3.696724
-4.880582
3.439249
5.624811
-0.580609
-24.701540
-8.973472
3.896691
-22.067659
17.923508
32.817005
-28.255001
30.321802
-13.439227
-20.658287
9.984123
9.909339
-20.748354
-1.067271
4.149865
-17.452726
-30.765921
-10.966516
9.619310
-16.843805
-18.198643
25.465393
8.477577
-6.896250
-4.595983
18.392874
15.972625
-18.172472
-16.244761
-23.777512
-24.116905
-19.517210
32.846973
3.963058
20.304840
-14.657886
-24.636267
8.881402
-6.236980
-20.610235
-15.840566
-2.958068
-20.421925
24.087795
9.695697
-21.006351
9.075987
-4.389399
5.689136
-2.763409
-14.455408
16.311073
-16.557205
10.726197
-22.040007
16.290651
-8.551692
4.778358
-10.597622
-11.134033
-11.567007
-14.204621
-4.726153
-2.280835
-1.430883
-9.330318
-3.446356
24.449383
7.602722
-27.190264
-13.805108
-4.525934
20.068953
43.294975
-20.419401
21.169300
8.510837
18.404755
-23.365211
3.231766
11.134048
-24.693691
26.465113
-31.253227
-26.881203
-12.007318
1.376378
22.692867
-16.666405
-21.319834
8.947598
15.443710
3.869326
7.287482
17.487059
25.415176
-12.481912
-2.883070
29.053776
43.839916
-17.174885
-20.294743
-30.726799
7.573955
-14.592123
22.894896
18.731741
22.667082
8.210838
29.933304
-31.484791
-12.915060
-9.449466
22.690891
-25.347040
41.878174
-19.372681
-20.334410
11.863988
-38.689373
30.914259
8.370622
2.979708
5.602013
-1.950889
-24.871878
-11.135677
15.267618
-28.314159
18.740803
23.781219
-24.494467
-19.484613
14.308718
27.015285
-15.198560
7.575895
13.683823
22.254084
-9.839794
21.302626
6.123206
2.333884
15.817750
32.711994
12.567503
-23.118504
7.979986
-7.022259
-15.343133
2.567890
-12.320276
-15.932385
-23.861528
0.718009
-13.607956
-19.371151
24.036011
13.984558
-16.483767
2.101267
-23.395617
-5.811775
1.901719
-39.794552
-29.901861
14.783512
19.504234
6.012689
10.943349
3.278847
23.657614
-12.829318
-20.497150
-15.938973
33.367393
-7.832137
13.533260
-15.825805
-8.420355
12.675193
17.422411
-19.516163
-2.278862
-1.396159
-27.423151
12.359836
20.438581
2.999878
-1.109238
-23.644140
-16.987621
5.278593
12.500171
7.835232
12.027502
-19.085497
24.189743
5.886939
7.599644
9.578947
42.973099
16.845861
-19.226480
-6.511074
0.863609
-20.940464
-23.885193
35.615089
17.387163
-13.843909
-4.148150
5.594624
-26.350340
26.457413
20.703335
21.825129
-34.594002
-7.085882
22.001518
24.136606
27.694794
-22.565344
-16.120407
19.163933
19.348963
-2.638702
-26.640827
3.148465
16.615444
26.294775
-29.279333
-20.372364
9.426754
-8.359698
14.618600
-9.823016
39.268681
18.559019
21.834745
-1.372442
-13.510329
-3.017712
-28.688562
32.559978
0.774665
-1.379591
34.841751
-18.013519
0.757025
-23.387697
4.130918
8.378048
20.964430
-0.289280
-14.045943
-10.871925
16.914894
27.691811
-10.709649
27.184616
-0.684665
-19.084108
-12.203493
12.232924
-29.704659
17.510439
-4.391485
1.981420
-26.630720
-9.339245
16.639967
15.557116
26.182837
20.528769
29.736551
-18.184210
-4.864390
-19.948534
-34.089123
8.531208
19.731855
-19.270079
-26.659760
17.287928
8.344399
21.263840
18.844574
-4.573610
-2.471294
-21.844273
21.463762
28.561935
13.104510
1.974778
-34.837219
-26.768484
3.190716
-29.513067
-2.320534
8.156878
-10.424022
28.625660
-6.782788
-4.091001
15.584727
3.548388
15.465404
-10.523839
26.837870
29.632931
21.859545
-6.043500
-29.999655
14.118644
18.545877
-26.658274
16.541599
-30.761112
17.780531
-16.050194
8.674936
-11.447878
-2.581562
9.023829
-17.966963
24.611860
21.250784
-3.647271
-41.269257
15.406905
-23.321381
8.409074
4.930654
23.474072
-21.496679
24.444691
-17.203300
-9.304427
27.619875
32.617729
-5.480480
-20.585566
-2.875228
-8.064839
4.480120
-18.367514
-17.157267
-21.649363
-0.112293
6.083376
12.930244
12.520466
-8.701513
8.600518
8.370711
-11.041590
12.139874
-32.092499
6.152819
-17.824263
13.320997
-13.920825
-37.024414
0.616906
-12.884123
37.916546
-33.813770
-13.354545
22.643387
1.741273
27.261898
-16.052378
-27.450197
-5.749638
-12.171660
-13.129604
-15.249920
-15.791713
-14.344053
11.234884
32.641727
5.476743
-5.483511
17.406269
-6.712709
-3.516254
-0.006223
19.054119
-19.531303
-21.013134
6.492700
-17.611704
-26.334818
-17.017397
1.922682
-4.816392
23.474813
17.966406
-4.551063
-16.515387
-19.988068
9.224682
7.975206
18.114653
-38.856201
-26.135921
11.724758
5.752994
-0.332260
-24.635384
3.918512
21.156712
23.983391
11.502031
-17.869715
4.485074
-12.534984
27.082504
1.216020
-19.123257
-33.983715
24.191387
-10.618205
-14.300002
-5.328097
-1.293271
-3.280530
-1.898571
4.158375
17.065401
-24.118031
5.195995
12.137231
17.818531
-25.426907
0.998992
-25.232273
-33.928699
-13.064812
0.078660
-32.818184
-34.589760
17.557577
-3.983201
4.727399
-19.321419
-22.669294
2.164015
-2.677804
-19.921309
-11.084625
-25.177349
28.232481
0.691810
-24.111650
18.233883
-27.490555
-22.562275
-11.896439
-5.718824
7.284965
-31.800299
-11.161073
-17.243965
-3.178633
42.474327
-5.843832
-9.745211
-6.360365
-1.971087
26.089813
8.896316
29.507910
5.015617
-24.849846
22.364143
26.271694
-4.130841
29.850601
-22.314901
24.692038
-26.089500
-35.013577
-10.370194
9.307667
-24.783701
8.216993
1.401439
-26.450279
-4.540616
-26.154518
9.383015
7.521897
-30.231916
27.953032
0.495192
-5.638937
9.340002
34.308990
-35.319065
19.635777
4.267766
0.290067
6.373052
-2.733367
-23.357502
11.652391
-3.378836
19.177597
-1.295555
19.321714
23.821972
1.944551
29.923367
21.946577
25.492136
-21.192440
25.118568
-22.348877
-12.612001
-1.382936
-4.319267
6.569359
19.382900
-14.278306
-1.907733
-1.977752
30.291780
-26.631372
-6.041642
-25.291893
-15.628337
-5.962597
-6.604079
-31.721186
-2.496062
-28.532667
-23.865118
1.062772
-23.752918
0.921841
9.863157
-4.822832
26.664274
-3.805584
21.828764
-12.703817
-33.697842
-4.999461
21.813955
24.081419
9.497828
-12.005862
-2.987085
24.380535
2.194954
-13.808179
24.360847
22.023415
18.358957
0.230923
-3.416811
26.235806
-10.014349
-1.303302
-10.030605
19.960606
-0.546949
-31.445057
-12.491003
-17.261747
-7.365122
13.391970
-6.165424
6.627337
3.479595
-3.011683
-21.913906
-10.168552
-13.569306
15.393606
11.576866
18.688103
-2.496582
-25.243021
-24.984760
-20.135092
10.862471
-23.353563
-21.241516
-8.312173
6.544273
-16.113144
25.343258
-29.255625
-29.919090
0.289582
21.085930
-6.877513
23.381853
19.357454
-16.816717
16.460077
21.825291
13.432673
-13.446980
-47.904476
-1.972299
27.660265
2.380563
-5.940775
14.555722
17.235403
-21.813602
-1.065535
-10.291545
-7.681911
-10.486933
-28.947500
11.973310
13.730802
29.468279
-15.925457
-17.297842
-8.882081
26.980410
6.284065
-39.338215
7.991285
13.886551
-15.263705
-1.264228
-16.874189
-5.082857
15.379296
-12.293921
15.282372
1.903503
-16.310120
-36.937386
-5.679869
-28.750643
2.657727
-26.592024
-35.769707
-9.773611
15.586602
-16.364811
-4.951686
23.569422
-23.213209
16.871830
-30.717216
-35.320061
-14.216897
8.925073
-6.444748
19.853016
-9.201039
-21.957874
27.619452
21.333006
8.558129
-1.522569
-28.702171
31.792534
-13.578056
9.190225
18.978020
18.520201
-29.213842
29.205673
16.826141
-1.085070
-12.384727
10.739445
-2.214674
-17.960569
2.936092
-15.509493
-6.233155
-16.648916
27.573080
2.078731
22.542131
9.177547
20.988468
-4.637714
-14.781445
21.461052
2.757725
6.928648
-14.705116
12.478568
-17.226688
4.265944
8.147773
-10.215626
-3.193337
25.807907
-9.939891
31.401531
-15.058234
-19.186049
8.258758
15.385684
-20.700928
0.589745
17.018898
-16.879414
15.255486
18.371365
38.188049
-12.715571
17.182398
-5.137905
-14.839185
6.798635
-14.826629
-5.309855
-6.240900
-32.342922
-11.087155
1.850674
-17.709534
-28.393080
-16.561077
-12.274824
-26.884769
11.590072
-26.127207
-21.989717
16.625334
-15.081942
-27.079992
16.457367
-5.218653
-1.408234
29.600859
3.064429
14.941206
26.001688
-38.855995
15.457720
-4.013288
7.395305
-10.462649
12.853638
34.409294
18.418554
-22.698496
18.052176
26.358021
-10.092036
15.111292
12.616600
0.298004
19.548283
11.656286
16.212671
-2.390087
11.993777
-8.513769
-5.422511
-24.234171
12.556408
5.814463
20.236086
-20.395220
15.769698
-10.746593
-10.863969
9.887062
5.316822
-28.791039
12.627945
38.587921
-18.348593
-8.754422
19.559673
-22.020119
-15.305336
14.011523
4.349107
-15.676821
27.519081
2.940600
-3.687408
-41.542755
12.560791
19.902996
6.527652
-3.838462
-1.013206
25.242157
1.463663
-11.439411
-12.904799
11.591014
29.909275
-20.839046
-1.545893
10.972742
16.565117
35.498379
6.684812
-35.271908
29.133045
9.785770
17.545900
-32.979618
16.678150
13.500438
4.800947
19.200747
-20.032915
-10.911517
14.897281
24.681339
2.671359
-10.276566
-19.301853
-13.023458
-6.799031
21.219698
41.997559
20.302311
-1.723262
-23.096107
-10.064095
-1.165700
-6.643525
2.864858
24.994717
15.831653
12.882236
4.071202
11.897272
-5.778731
-1.280595
-21.772396
-20.501873
-13.238101
17.292656
20.816296
-16.065943
-8.657103
-23.763292
4.438797
0.225661
16.339531
22.703171
-32.423100
-0.205151
-24.412981
-1.900590
-35.194843
4.662089
-24.324917
2.358814
10.825159
1.521054
-8.752715
22.931704
8.235695
4.840066
-19.203068
15.812288
-19.778734
-0.550212
-3.096024
-16.148291
17.173002
8.928607
-25.746370
1.608961
-30.021599
11.424692
12.240178
12.464639
-1.131386
12.631815
19.587511
25.194702
29.197491
19.751348
2.864903
16.249943
-3.020812
1.284794
-7.487953
28.476036
16.975826
19.768417
19.709036
-5.992513
-20.464088
-8.458920
-27.562153
26.768408
-4.506154
-13.877269
25.084150
10.053076
-6.760575
-12.355088
-5.008050
19.302938
6.810705
-3.315746
9.431663
28.770119
23.454428
-28.004368
4.309325
-25.638874
-5.509851
-19.691048
-10.324101
-13.943920
-15.508389
6.085874
-14.140278
9.787462
-23.118105
9.299339
26.536547
32.114548
-17.914789
21.213314
-15.413073
-7.190726
-37.253590
-25.043547
0.994046
19.728346
-8.738246
19.320435
-21.656683
-15.388618
26.048706
26.771536
7.619839
-13.921529
4.893224
-13.940080
25.504143
6.290029
23.892321
11.198698
17.694494
6.530309
0.829742
-24.339739
-19.363043
20.050192
-8.055256
-15.984640
22.038816
-30.631283
-15.062713
-13.412664
10.843797
-31.279959
-25.385317
-2.386752
4.109046
3.105603
4.034523
-8.639380
20.808836
-16.363422
-16.208221
-27.605688
16.262918
-21.781942
-13.606228
31.774179
23.418062
-9.536077
-3.337235
-26.838560
-9.157152
23.262037
-25.372978
20.429760
-7.314175
-24.285187
-17.404655
-29.229164
-43.858433
-22.952244
12.977340
12.748001
4.192535
13.189823
-3.546598
-11.285774
-12.089158
4.376758
-23.895294
-15.479234
13.499102
14.208237
9.843358
-31.782595
-3.647868
15.246363
-4.037068
18.223385
-9.012409
6.990632
1.855931
-7.518950
25.717930
-16.971811
11.601382
-12.156743
-14.760954
-14.942827
-34.307007
12.077170
5.859884
-0.838435
-19.179855
-4.370984
21.991602
13.716204
-4.289867
5.398532
-26.719685
-0.218672
-14.580226
20.230141
12.692101
-2.838003
-26.508307
7.296400
-8.171067
-5.252976
-25.915745
17.407217
4.090396
13.487852
36.688942
-8.191782
-19.601196
20.797106
17.476740
-18.212999
-7.043962
-24.351582
-19.218641
25.655275
-18.333328
-6.793254
-23.003262
17.347950
18.130268
17.597403
7.881994
-3.678667
-14.906277
-10.317812
-9.296885
19.640285
-14.106084
-1.305277
22.818672
5.176943
0.704940
14.569710
-6.753786
20.799181
19.242655
-0.186713
-14.656198
-35.988644
-19.356943
2.995779
12.617068
18.562225
-21.472418
1.038056
-13.582045
0.996358
-21.907961
-2.860507
-10.861870
20.967022
24.548677
13.821601
30.819088
20.087822
-12.985280
-9.279720
13.710705
-2.652936
21.507172
-0.789292
19.702917
18.766676
8.639524
36.344555
5.803692
-21.483080
-38.910843
-25.945484
-32.695942
-6.369476
-35.630653
-20.944696
-5.209721
15.759771
10.668912
-25.456419
-7.910762
-11.770451
-29.857193
-7.596830
-19.370255
29.829182
6.342805
11.942877
-3.902613
30.873426
-6.713490
15.998684
21.406805
-12.102939
-22.495842
-1.543584
-38.957523
7.222052
-23.533226
-4.317707
-27.085629
-9.617075
35.757004
-34.237598
-20.141047
-15.073489
-3.449764
13.323976
11.349121
12.183912
3.142689
31.127335
23.711168
-2.800470
-18.809637
-14.656891
-12.128469
-34.271458
-24.319944
2.255571
4.752621
19.713560
16.718395
14.649680
-27.896194
-15.742594
8.948997
-4.838749
17.115669
-5.393080
-18.508471
-5.896717
22.905107
-17.538422
31.932125
9.964225
2.011775
-14.250196
-5.015268
-0.106356
-22.110994
7.305848
-29.869915
-7.973367
0.160102
-1.633181
28.840900
-31.454929
11.510106
-22.522339
20.453941
-2.589316
5.178552
-1.214346
13.275865
19.659670
2.440635
10.278050
4.769586
-14.089170
5.372162
-18.547478
10.539522
-8.543608
0.473583
12.356278
21.137676
8.675712
-9.405526
-18.195604
-2.715529
7.770182
10.803024
-20.549940
-5.184783
17.579187
-15.451267
28.791359
-7.639597
-28.782957
-15.727689
17.991472
8.855476
-19.424877
25.356743
20.156284
-22.785631
22.684469
-39.717007
-20.682655
-4.689469
-13.568611
-6.736423
19.040192
-16.045866
34.539883
-12.418244
-1.115428
-20.621807
-8.530300
39.199467
-6.430077
-22.323030
-22.833099
2.696346
-22.523594
-22.984110
-26.852200
27.631256
2.342787
39.052845
9.735370
11.559651
6.485552
-16.871756
17.175840
13.331732
29.963015
-31.656147
-2.597825
-10.794828
7.049498
-34.766300
-19.409187
-20.735085
40.543945
5.714401
-2.785179
-6.499225
10.988544
19.138218
4.985476
1.892160
12.802499
15.449456
19.892834
0.406848
-0.475296
7.645762
4.906421
42.726990
-7.045265
18.155222
-34.132969
20.922079
-15.647169
-17.214207
2.675840
-33.471718
-13.558037
-0.035171
5.492684
-24.095394
27.848385
-19.699633
-1.193878
-1.866590
8.160232
-16.984062
5.279078
8.897924
-16.007803
-16.298239
-14.332705
-30.377892
27.521679
20.219938
-0.737606
23.205326
31.984226
-4.875249
-19.487572
-16.588158
-1.539607
-12.025651
-5.740068
-2.745542
9.650050
17.569534
18.678148
-34.075714
-25.539505
24.472347
-11.927262
-12.966873
20.047514
26.630871
1.600911
25.595932
22.528002
-25.102430
20.150757
0.527577
15.951036
-9.434811
-8.245282
-7.307846
-20.865009
20.789024
-0.869876
2.147098
36.274097
-4.513601
-4.248582
-1.844615
19.020475
-8.969272
8.486399
2.554104
-17.608490
-4.102029
16.638538
-17.686857
-37.413166
-2.598793
7.538009
-37.790863
26.931618
20.010977
14.245606
9.881305
27.251451
5.731771
-13.717665
-4.414676
-23.084055
15.172459
13.275492
10.983197
31.659618
-11.755411
-30.309868
12.917508
-8.541533
17.861032
-9.870923
-2.566848
16.228588
30.574047
-21.986153
5.744338
-4.146801
33.089104
24.661255
-20.880468
-8.011088
16.233145
-23.183449
-24.100447
29.389980
29.604212
-28.150114
-21.815390
27.667076
-21.051792
7.130075
29.722479
28.940342
-3.158044
-7.176497
-12.658874
1.633450
-14.441990
-27.424519
-8.797436
-14.293993
15.041358
-14.465524
-16.141687
-3.822420
16.879936
-1.312461
4.166545
-2.167724
-15.074281
4.633738
5.665897
22.669230
33.801968
10.312519
16.355827
18.511900
-20.885660
-24.905119
-7.359487
-2.593617
14.246900
-15.610125
13.250262
21.522060
10.160689
-9.001867
29.223404
-26.998837
-9.015665
13.231928
11.121393
-0.510615
-6.429042
-14.211671
-13.760634
18.506464
15.240009
6.537844
-4.358652
-1.953076
11.381062
45.445656
-28.789431
18.476379
-20.519308
20.982279
10.939985
-18.727459
13.505075
22.824451
11.573426
20.853605
-10.515500
-5.723337
2.178454
18.732521
20.089592
8.675932
27.505564
20.873743
23.245047
-8.682319
-21.293167
2.242967
9.526940
-21.999138
0.271037
2.563590
-1.032297
-25.597923
12.307782
-13.809774
18.755964
-4.465817
19.058578
-27.811735
20.934484
21.298550
-24.319536
24.920156
13.864028
-22.884422
19.498482
-18.596220
-1.360770
-24.326027
12.514437
-25.233849
3.221045
-22.087030
-20.881096
8.844188
-16.068052
8.158726
15.950247
25.240942
-22.284929
4.486431
-16.778311
21.574327
-29.911310
11.964605
-24.370741
2.015105
-27.099039
-9.003383
17.751678
-28.126526
-15.546980
21.909380
16.655258
1.077880
-4.501514
-21.205837
28.962057
6.341956
-12.972418
0.444586
-5.224806
-18.609341
-20.305061
-11.156270
-12.634425
-6.314581
16.251242
10.763202
-6.568100
-3.534261
-8.767651
-1.055557
-16.473408
21.056047
-0.320809
8.271442
-20.635656
18.471371
12.519556
12.492578
21.426199
-25.786543
9.362872
0.143190
-20.778736
-25.196342
-4.836618
-23.537027
-10.353267
15.846499
8.753448
-5.218639
-10.550735
27.323622
5.514894
30.004532
-1.184576
-9.378027
28.591438
8.533869
30.540565
6.421612
28.660175
-8.774136
7.276891
-4.341062
-10.386209
17.146732
-12.576668
-22.018023
0.319519
-3.667494
10.365609
-3.254926
-21.239042
18.544737
20.305536
18.598188
-0.370579
3.471400
24.882429
-21.405989
-34.082996
-1.795244
13.261864
-20.565107
-7.013565
3.668147
30.789248
8.387771
2.541156
7.160600
8.986238
1.264094
10.272067
-13.441543
22.804739
-13.893058
-0.248482
16.148834
9.105489
-17.367487
6.433635
10.150730
19.621239
-27.199993
-6.218259
-12.515411
18.437735
-4.653208
15.635329
-9.099502
-4.991240
-22.988848
-16.706484
-10.204298
2.618137
-31.365189
-20.122969
-14.341732
-35.892738
21.565617
-14.434859
-6.411580
3.242450
11.596860
-8.920489
-16.078768
12.230968
-20.589697
6.448420
19.276320
-7.962379
18.277306
39.230270
22.664236
13.397669
12.936796
3.424154
7.008354
15.603638
23.081923
-17.081825
-5.675995
31.253428
-15.597324
-2.898711
-1.113331
-32.850815
5.873738
20.116087
34.830818
18.846807
10.417314
16.655228
23.813046
-0.859808
-21.605164
-16.562479
-18.559898
4.560606
-18.970245
-6.766155
-5.938457
18.361176
-0.674803
-14.660914
32.004158
-28.207737
-24.220621
-18.838669
-0.321984
37.847580
-3.003015
19.850279
-21.397251
-19.205214
28.585894
-0.182818
-24.406275
0.569578
-26.197735
9.543444
-29.336382
23.410069
-33.096775
31.990957
-3.612434
26.109388
41.154465
-9.881593
-20.128910
7.071593
-8.025321
28.329063
-1.304314
-23.569717
-1.542136
2.831804
13.367816
-32.394196
-27.844202
18.236284
-33.728100
-17.399565
-22.511810
4.760225
-8.037991
5.989978
-8.481752
2.370146
2.659170
13.629325
22.807522
-30.885046
-4.340702
-20.727085
-36.970955
-4.525867
-13.296897
23.390165
-34.744690
-3.038733
14.106037
-21.863056
27.970028
0.010191
11.822422
2.431020
-21.800091
-6.311188
28.170078
-0.478126
-6.437613
22.674633
9.955510
0.657926
-16.037399
-16.878590
-8.287971
14.316402
-16.111668
-7.035650
-7.483310
18.911610
-1.602798
27.184542
-12.205810
26.466030
-16.215425
24.178827
33.462238
0.393843
26.517431
20.965485
10.424373
6.212614
-21.524254
36.695770
-3.111648
-17.487890
-16.929913
-3.244987
19.244085
2.440862
10.930968
34.039864
22.317589
7.426697
-1.855116
-33.556889
0.862046
-26.090414
0.961071
23.161005
12.772237
-0.126487
5.728570
-3.021816
-16.080711
18.730982
12.423844
9.187209
-16.113506
-3.353783
11.705791
-19.025209
4.530331
37.890511
-20.199230
1.178593
-6.123623
-19.809626
18.993948
-11.990529
10.318214
-27.778316
7.367342
29.826544
-13.267512
25.270473
-29.161547
-4.158380
12.184229
-4.733714
-15.713629
-10.203698
30.609959
-23.805532
21.770918
13.676018
6.313492
38.124798
5.184331
25.781181
-7.661722
-21.169483
36.732964
32.001350
1.392290
0.892013
5.140379
-2.755233
-10.837322
18.487511
22.505381
-3.956989
-28.012655
-7.576406
-12.326814
-36.078400
17.501329
-19.753727
-33.872604
-7.575162
-13.510124
-18.746490
35.548309
-9.550682
17.737211
16.199163
-4.699122
15.860769
3.681209
12.851844
-29.492865
-20.176037
-2.556051
-5.936636
-16.142654
-16.517963
-2.915086
-26.056467
20.571390
28.997999
-6.880937
5.101074
3.645109
30.916531
-23.028910
-21.028851
4.487541
-23.806032
-19.620375
21.672438
-6.729524
-13.518957
13.026483
6.943397
-12.283460
14.136127
13.706657
9.185794
-4.129358
-9.594429
-30.031805
5.268262
-27.619322
11.486535
-8.360639
19.741879
14.075035
-8.757466
22.093180
2.464464
4.087973
-13.107955
-4.116419
-1.112332
9.563076
37.905048
23.424692
18.669828
31.080826
-37.681324
-7.601569
-10.917966
23.592552
-25.819344
1.766373
25.230898
0.035346
-4.836678
-0.469191
-10.997737
-25.274698
-33.149998
9.539143
-7.480226
12.386801
-29.238686
1.687842
2.336257
-13.742864
18.117672
11.388632
18.608458
18.656004
14.954127
38.613094
-11.157477
-32.318954
-12.977962
6.636135
-8.197107
20.893879
14.045729
-1.371902
-40.080830
18.598881
1.173825
-16.757046
4.702745
3.551564
10.611124
-18.779324
-19.635721
-17.586029
-11.765250
-0.161519
2.863003
-13.216594
-9.553392
-10.273733
-14.801580
28.642275
-10.839627
6.165560
13.036423
-13.430006
0.171150
5.256401
-25.462481
20.926529
-21.598579
26.825375
-15.354023
-21.626545
24.883060
-23.087242
-15.956223
-7.741526
-26.160776
4.462637
18.169226
-14.106365
-33.192249
-11.276503
-1.280060
-15.510942
-26.790066
3.518926
-26.210381
16.675726
-13.517467
12.221962
35.666767
-15.589369
17.304834
-16.773176
19.477703
-9.320072
27.358847
9.512236
4.840211
14.906004
-13.582010
7.261364
-13.340065
-37.446964
13.900136
-14.133360
-10.087228
3.712294
-17.236961
20.211641
-0.966639
18.431675
21.795118
33.156147
-5.674929
-20.986509
-37.257370
15.262388
-19.304426
4.563835
-9.036643
-14.589762
-2.182265
19.724794
3.673301
20.883669
-14.689981
12.599847
-30.624393
-13.125817
2.647015
-29.852880
-12.294660
-22.099535
16.890026
25.225597
9.593619
-3.573403
9.515738
-23.925991
30.747375
-9.294254
-1.421540
14.215528
29.473934
2.063723
10.003575
20.854565
-5.180323
15.664962
-1.638672
-12.350576
-41.014584
-20.655890
-20.377600
-20.555389
8.535786
-19.864801
29.408056
-11.184675
23.253420
-28.282797
14.398699
8.383606
9.979574
-0.745089
-31.460232
-20.835037
1.839761
-9.595942
-20.324673
-12.212618
-10.854247
20.552052
20.252810
7.914375
-3.055906
-34.174843
-0.394387
24.197357
-28.132458
5.161930
8.521932
-22.006390
16.825106
-7.138852
30.897842
-16.884031
21.247066
16.744724
-23.373800
5.640752
-11.645629
10.024446
-24.455830
14.818725
-1.233407
-1.232966
-34.262321
-8.417565
-23.347679
-16.228453
3.136329
15.328291
-15.270545
-16.138069
-24.420124
-7.969796
32.387043
7.124876
2.168564
-6.956749
26.608868
-4.552636
7.416805
-25.696932
-19.941233
-4.708145
30.542425
18.139095
-1.926139
28.409668
-2.041447
-24.191648
-22.994471
-21.511234
-12.059027
-16.977581
-22.347046
26.247503
21.484692
0.115871
-9.495295
-13.158514
35.694706
-19.060205
16.619263
-7.728405
-2.826837
32.986553
-23.159691
-2.404514
23.344166
-23.616425
-11.740212
-33.419395
-3.067562
-13.759827
17.695232
-30.167709
20.930004
-14.448856
1.876186
21.484478
8.212241
24.235014
-54.702400
-5.230608
21.352972
-22.908415
39.522980
22.451752
-6.838674
-4.620684
7.427764
-16.774279
-2.661276
4.723696
3.183761
-6.114102
-34.307510
20.489283
-17.628977
-3.430327
17.335882
12.300530
-1.956463
-11.102063
-16.022585
2.239995
-28.652901
-32.576385
5.283490
-21.888857
-8.476567
-20.468266
21.395922
8.932960
-7.662806
2.602613
7.992633
-3.082121
30.304255
23.546213
-9.110762
-29.243963
3.321169
-2.608130
-42.736271
4.479498
12.462298
14.361395
-15.694934
12.709444
-1.061259
-31.592196
-22.311232
13.096484
-24.293344
6.080297
-24.252733
-25.859364
-26.215969
16.708847
31.563669
-23.524323
10.312606
20.279581
19.613304
-5.388846
-23.503578
7.704010
17.174513
8.659282
-5.815220
5.954525
4.302664
25.444391
-23.487017
-31.456711
16.096004
-28.857136
-12.101858
17.593739
-14.183026
29.860218
-11.345151
-6.771549
15.560599
-19.917004
15.248646
9.553393
7.131020
8.586696
-3.128953
16.318869
-21.197746
-27.755798
4.621736
-24.229071
-21.983932
7.463560
24.103752
9.482460
-11.623117
-14.022603
29.545099
7.712485
1.736110
7.482059
-15.862092
-2.555024
-44.759312
-15.889454
18.868380
-9.091219
-2.314302
-19.931993
-5.994403
-25.769287
24.352312
-4.791623
-36.835480
-4.254246
-4.582808
9.400500
-22.158663
-16.367624
-7.169219
-7.198337
-23.138140
-10.306758
26.607676
-20.000460
46.189217
21.686270
-1.855453
23.990616
-1.158413
15.860767
-8.769621
9.221338
-18.073189
4.826325
13.617402
9.281139
-17.337130
-24.309679
40.343018
-28.126110
-3.131428
-12.031461
-29.991884
-21.593542
1.872163
26.717487
22.146639
-15.826011
22.101341
12.267553
-3.985580
10.231042
8.517759
-15.575644
-25.844181
15.392078
-9.991883
-27.181532
6.550769
2.577438
-8.252778
-16.743374
24.270601
24.971140
-5.804516
12.023784
-8.171994
-18.488041
18.493746
-9.414797
12.676868
-3.848072
-7.860381
-6.699699
-22.355841
-10.537603
24.756950
30.702158
34.703281
27.160128
5.804788
-11.907029
9.359432
-11.163074
31.115669
-18.277155
-17.031689
14.350103
-9.811191
-18.629034
16.633471
-0.022292
23.592520
-27.722086
-19.178009
30.587564
8.324190
3.738899
-16.435566
-15.082981
-28.888491
-9.318558
3.675048
30.824385
-35.267075
10.044173
-16.238028
-16.075190
15.498487
-9.612373
31.394411
23.034752
19.239447
14.424644
-17.906515
18.457682
-19.993446
-26.166788
12.795933
35.599644
-6.175713
30.111454
-3.263375
4.451783
-5.290352
24.283390
12.687716
-33.241779
-19.494024
16.287035
-27.102240
16.971949
-17.605438
-5.899693
4.372155
-31.058016
-20.469599
-32.303234
-16.898315
23.156294
16.984646
-34.519779
-14.215303
23.387440
8.161624
20.326668
-7.442168
-17.472080
-16.874825
14.378463
-26.875406
-3.874649
49.434643
-17.623842
5.246758
-2.615501
-40.032829
24.721119
19.365303
31.375639
-23.881701
-22.037546
22.162914
9.487164
-12.850698
15.625364
-32.600086
33.645775
-18.500593
3.065727
33.450802
-3.077280
24.784225
3.450731
-11.763889
0.192772
-40.031574
-7.543868
21.743505
15.534325
19.444935
-14.853694
-35.032227
-18.672974
16.020597
-29.269211
17.418159
-2.970479
20.133539
23.748152
5.889596
-14.179817
14.221147
-1.419675
-14.130448
17.659679
-7.104228
-3.690837
7.111795
0.306870
-17.143963
-27.048517
11.092881
29.433769
23.450270
-31.958401
-12.995497
-31.301832
-9.416089
-16.900759
12.455670
0.511504
-0.741279
8.102101
-5.866092
-4.407266
12.925523
16.221107
20.405100
-23.105137
-20.353846
33.275517
5.345519
33.075794
-11.853994
2.108011
10.179737
-32.828831
1.228166
-7.349185
30.410480
-24.291544
24.411846
4.454269
-8.689700
16.189629
17.552561
19.099375
20.248507
-26.710007
-7.833971
10.229044
-28.266512
-14.351155
-15.215676
25.857689
4.174064
-20.117846
9.464437
18.587605
-6.091105
24.211355
-28.445068
-4.191860
-3.081832
-15.519528
17.976591
6.416253
9.998008
-28.351236
24.262863
-23.041569
-17.599596
-1.154680
-2.657646
16.037201
12.111491
-15.132911
-31.927217
-5.120233
27.270168
-7.407702
21.634356
10.807192
-24.358677
-7.445022
7.054940
-14.675317
-26.613432
-23.569118
13.637541
16.194092
-20.856043
-17.417212
40.898724
-14.043895
-7.393458
19.954826
-8.516713
9.196165
16.052235
0.689677
-15.400591
7.152482
-37.090530
-1.696940
-28.230186
13.524759
-30.968132
-1.435874
-28.749004
-8.548381
-25.824772
2.279134
-16.347979
7.544449
0.671926
-6.623753
18.989210
-2.728241
-13.566923
-6.920332
17.987711
-18.603094
-12.576270
-8.108282
-32.085136
-23.184589
25.805796
3.409921
-0.211471
4.629539
-1.409238
10.413456
-7.397315
-20.086742
-26.803343
0.670492
2.430950
28.035221
-24.300858
-18.899172
3.523967
24.957642
-17.882235
38.857292
13.353900
15.401458
2.644569
-11.700057
-12.676739
22.888611
11.622077
-2.833618
0.577064
4.672127
18.005301
-8.119812
1.548458
0.166607
-31.096752
-16.206709
6.438424
-23.680098
-5.334944
29.330303
-3.817883
21.258535
-17.756428
-17.513382
-13.215395
-0.503215
1.156143
-15.048833
-1.377921
8.648726
-3.121395
-33.210140
-7.632201
3.966138
-22.162361
-16.679615
9.301063
-22.846441
2.872449
-17.366549
0.130305
17.802544
2.027350
8.810601
-12.068102
-3.056371
28.887840
-28.355349
-24.315523
8.789446
21.793430
11.629924
-2.492472
25.156799
11.261606
10.940942
27.573914
-13.813796
17.934446
-6.076692
-5.727901
0.931144
-23.758411
15.649776
-20.985132
13.737538
-14.315784
2.593763
-10.299899
-22.912199
-32.190632
-27.224386
23.727390
16.338955
24.320095
6.374392
7.966194
20.999599
-0.787964
8.748422
12.329008
-14.121322
20.402975
28.211687
-7.694044
5.254543
23.819691
15.243370
0.374985
14.873857
12.636173
-11.307925
-14.310915
-0.173529
11.387409
21.216648
10.998284
-22.636711
20.691729
24.023655
18.740778
31.572865
13.509203
14.350923
-20.368031
1.329147
4.924802
-29.905521
24.165924
2.599797
-26.971151
-2.429861
15.265829
6.262068
-7.627028
1.989771
17.701105
13.583111
-14.948278
17.084229
19.047678
34.879181
9.156240
-19.736242
2.603234
25.436569
43.552994
-22.072519
4.016752
4.881351
-29.819027
24.859886
-9.956476
22.786793
-21.074747
-17.358992
29.480406
-9.742704
-24.688185
-9.693584
-9.041079
-17.580660
-22.106337
0.252481
24.908747
16.713030
0.470826
2.982469
-21.979959
-21.286335
-1.488840
20.023106
-25.510880
1.395411
-2.159846
-7.755577
4.042274
-13.704801
-12.308517
14.356001
8.023391
-14.739166
-36.881950
21.539936
-22.323792
-14.810061
-3.281372
-37.195240
-15.504485
-7.421210
-2.668664
18.682976
-13.275274
-20.993608
9.054055
-9.725186
22.573368
-4.275100
34.713772
8.405217
-0.332553
-17.540682
-6.405183
-7.937611
-17.475965
-15.352628
-2.647694
-34.625626
4.183084
-22.365026
-18.928989
9.235758
-5.445789
-10.549245
19.517721
-15.309866
-3.767484
-25.361076
0.843120
12.603940
12.826305
22.645721
-26.138153
-14.028801
-44.673523
-4.435650
-8.350499
15.865243
-19.849848
23.293283
-17.156345
34.777157
26.001801
-6.187775
19.411795
-32.664391
-14.952641
-12.180128
-1.441290
-12.180552
-31.987604
-21.928663
22.589708
-7.756761
33.863052
-8.856000
-8.826899
15.843965
-12.631001
-27.570017
-27.710436
-8.837435
12.575789
39.347977
1.895487
15.504228
15.927883
-15.400721
30.682497
-0.150737
4.556181
13.857015
13.982588
-30.155195
1.909297
0.239489
12.410757
11.318549
-13.096233
3.364767
-7.478347
7.084141
1.950920
4.983768
-24.031599
32.232265
25.264629
-12.264248
-24.747742
28.681324
5.552192
14.842394
14.675322
2.140818
18.717955
-19.311455
3.138665
-17.184332
19.570908
-21.093979
-7.121200
-0.084259
14.093220
31.836893
1.681379
-28.222813
2.662607
-26.965620
8.714380
27.278091
30.453506
-18.344536
5.446428
18.018988
-23.209085
-8.301652
-33.438530
-25.036558
1.358081
16.484600
-28.269251
2.544811
16.300936
-23.388065
-15.675142
-27.390360
18.829018
19.265003
15.924885
16.425726
-0.315926
-16.157051
-28.035963
-35.935528
16.922556
-10.961971
-4.081481
9.080259
14.312819
-15.188744
-8.888075
-1.851161
13.531692
34.914822
2.582464
-10.842875
-32.127407
-6.409913
-12.232674
-31.273663
28.361113
-5.901392
3.434331
17.286280
4.032584
-29.237150
-14.019790
-10.740760
21.851393
-0.392877
6.753494
0.004142
-13.868248
26.285460
-6.131989
-7.416587
-20.623268
-4.897645
20.243399
-6.541750
-1.641346
-2.659105
29.965998
8.682383
3.223736
16.029673
23.999714
22.159714
-23.618502
26.184046
-22.241032
-15.420821
-11.326146
12.036178
-16.357052
24.855759
5.351143
29.618996
-0.044437
17.260321
1.616016
-26.930910
-16.396944
14.698644
6.598721
-23.481853
-9.948629
10.357676
-10.401712
4.467955
20.970860
-15.217592
22.072445
18.488567
22.933504
-14.280411
9.360993
-27.866766
-1.289366
-23.150545
7.861488
10.493814
19.024813
19.128531
4.366045
-4.085530
14.218945
-6.755708
26.843016
-14.988297
-20.871923
-7.825822
15.699412
-23.832121
-10.126979
22.490683
-2.263416
-37.272663
8.803330
-27.287701
23.193378
-30.832699
7.884873
-12.381172
9.682871
23.423021
-18.821295
5.788694
-27.739565
18.495359
18.162445
-15.801789
15.172662
-10.343559
-3.270615
-20.158794
19.104097
-0.786188
20.843575
6.280172
-5.308806
-28.283501
12.781474
-32.140221
-12.367221
23.445890
-10.695166
-0.467077
5.382314
-20.346331
10.017264
1.315785
-3.253702
20.350462
1.695555
11.778773
5.158792
12.441978
-15.097866
-2.544792
-21.542601
-24.942522
-0.839876
0.484708
-25.754501
-25.013697
-33.415249
-30.055216
18.007612
14.903913
-9.631333
21.235271
29.574612
4.744949
-6.037588
20.993933
-35.215618
14.817850
-11.461943
29.586739
-0.027294
-9.866599
-4.653293
-8.446203
19.947315
-1.984789
-4.960406
-27.085409
38.912460
-21.944962
-2.295168
-8.148982
20.749517
2.011380
-25.162912
-15.015417
4.086623
7.547410
10.741987
9.810607
-24.364405
-10.441051
3.413163
21.742405
-9.581737
-22.564760
-9.654097
5.861966
21.096825
26.379065
-3.696346
-5.237926
-20.276857
-14.496406
-29.762758
-0.438729
-5.284903
-16.227098
24.162815
-3.827094
0.145323
-14.475977
-4.588618
-27.229921
-1.352527
31.300879
-23.391327
16.243320
12.303924
10.906051
-9.643150
-25.528471
28.135141
-15.429468
-9.222915
-28.772934
-0.208487
3.292591
-16.107677
-3.476752
12.575154
-26.608587
-8.485000
22.040333
7.040145
-28.991865
-39.816658
16.594072
13.952245
-4.145165
15.744493
-23.591522
-9.304525
-13.517513
22.824535
-36.183617
19.910706
-21.567020
11.558118
-5.603749
6.055038
20.081364
7.379899
28.419737
2.435976
14.788456
-30.204325
-30.547831
14.078769
0.610149
-21.145744
18.030815
17.154783
18.615313
6.787625
-3.165853
29.841938
32.500771
-3.146983
22.048685
-23.241590
-4.013872
30.813194
-26.032373
-13.635791
2.959234
1.855986
13.795193
-4.493760
18.457586
-19.772116
-2.272702
-2.066147
-0.226799
24.127090
17.957232
-10.252692
3.932028
-40.318199
-8.538390
25.994944
27.680849
32.500839
-26.402872
47.687340
-27.877192
10.999098
3.150856
-0.006641
20.150915
6.330679
25.000063
42.149094
7.397758
23.621889
30.268982
-19.007328
-12.314526
12.624258
12.623160
29.252136
-15.427605
15.060608
-6.873103
7.391510
21.482492
-4.955779
18.923872
-3.704746
22.210554
-16.195675
-1.419330
-6.324317
-19.229595
39.457096
14.251060
3.977430
18.333189
-27.669933
-27.333935
27.696886
3.415794
5.016328
29.020931
-24.732761
5.840230
-17.438101
-11.498419
10.067892
-13.854109
19.055925
26.862888
-10.341277
11.188224
14.467335
7.646358
-17.570692
-14.931846
-13.405180
-22.967829
-41.413021
-10.853472
-14.977810
-13.784072
-2.274540
12.502151
10.005979
1.461564
19.938606
-30.435360
-23.101906
26.166321
12.454570
-0.202453
-27.707783
-9.096832
21.130468
22.426447
8.659074
-25.153223
-14.029594
12.041769
-18.045610
1.514429
-11.155559
21.651974
16.490437
-4.596416
-13.404407
-11.863729
18.433924
2.473261
4.687195
15.983562
-6.132334
-27.791149
23.769091
-3.494654
-0.859297
26.616488
23.941898
21.795895
-3.229822
-17.594444
12.338876
-19.423140
29.366999
8.887155
22.833780
10.803097
-8.253011
3.751705
-2.670143
21.676758
12.523091
-21.775642
0.263705
-18.782806
-0.894018
29.564470
26.794577
19.112400
20.567894
-1.202275
36.747791
-11.038419
0.873197
-4.501770
14.763783
17.598028
-23.831104
-19.782288
46.005653
-10.206027
-15.336145
-16.132584
-31.219042
-1.902318
2.802462
-26.028402
16.430752
-16.462948
8.638891
24.039732
-0.321553
22.341618
-30.530684
-44.229084
21.855803
-13.356511
-4.606368
-22.134472
30.989698
-27.822350
9.971969
-19.329428
-43.470387
-18.292137
17.410419
11.421086
18.798813
-7.588286
-12.058238
-19.013723
4.388946
21.918901
21.683279
32.340897
-31.723661
8.419230
6.908637
-15.219642
13.685936
6.505934
-4.635781
29.166199
-9.386989
3.042035
-20.451908
-28.465857
12.681560
9.857946
8.835599
15.677821
-2.562145
22.489031
26.355158
-22.128052
-16.538412
10.566679
-2.748451
-30.933607
16.386190
10.208009
13.882928
-16.440870
6.539409
3.165651
-4.523810
24.610294
-18.552523
27.389568
-17.357498
-16.252720
-18.715528
29.679123
14.944785
-13.021302
-30.488512
17.581682
4.772669
-22.950945
10.816337
22.431639
-17.783278
6.859142
3.264674
-10.107790
-36.070423
16.109922
-1.501264
-9.794106
-29.226837
8.600410
7.224921
-19.947515
11.626893
-1.739300
5.327962
-2.662591
-12.223317
-21.051899
-19.581919
25.463955
23.412365
40.513714
8.853944
-9.243474
-6.893484
-5.295485
-24.302090
11.447667
22.925800
28.721703
24.240534
-21.053572
17.851105
23.983372
0.281491
13.453101
8.108449
-0.747729
25.631466
24.489134
-14.562151
-20.783428
16.580095
-11.175898
-29.723848
-21.805059
-27.695847
-16.453836
14.517062
-27.618589
30.969692
18.166067
-7.434457
7.164987
15.773547
1.396380
-14.605684
32.519093
-28.028568
-2.674346
0.728432
19.880735
-20.173372
8.694502
8.217491
-28.834267
-2.824453
-16.180729
-4.869077
-18.242210
28.115662
-26.571312
-11.194872
16.704489
-4.101414
2.900624
27.416515
13.533871
8.963497
14.321436
-25.190802
-29.074764
-0.614688
3.242110
-23.963156
-26.893145
-16.486094
17.035862
26.592836
14.783005
12.937038
-9.179605
13.883334
9.943988
6.906142
-15.713025
-6.542005
5.480227
13.561480
1.545128
32.472771
28.431391
0.417219
-12.032798
21.908611
-8.793985
-1.263494
12.575823
24.905275
-19.822977
-8.834435
-17.652754
-21.191795
17.889969
-17.719223
-2.739430
30.713322
18.897015
-23.117216
-21.107800
-8.564753
-2.112105
-13.377139
11.574330
15.651843
-22.811094
35.572353
-13.001865
1.880787
16.890133
25.691141
13.009573
8.835244
-29.101250
-7.230357
-16.128731
-25.648623
-15.418693
1.638406
4.693301
19.912230
-27.993977
24.166941
4.308395
-0.587754
-16.813429
18.892132
-28.275076
-23.825758
-5.877398
-24.853657
-4.391496
-18.136766
10.022942
19.567196
-5.349223
12.351391
-6.421202
3.741792
-19.878254
3.540518
-34.233311
26.671556
-37.991791
4.009514
5.303842
1.941985
23.315613
22.604422
9.060495
16.764847
-24.761890
10.246352
8.074854
-23.775505
-18.544228
-4.179535
21.276823
11.715522
1.137826
-18.949673
-6.082299
3.900055
18.604591
-4.349749
8.225398
2.771254
7.019304
29.249033
41.865467
-0.837322
-1.512595
22.374054
12.371222
-0.743477
23.420515
0.286692
-1.979357
39.044872
3.277395
0.229743
-22.925491
-13.458524
6.848104
-32.847046
-11.540539
-8.646147
3.333637
3.382516
17.199217
-15.793612
14.759535
-11.949087
20.236055
-11.334263
7.152221
-19.909178
23.656225
-13.177036
10.434345
16.190006
30.822329
16.666851
30.449192
2.516521
17.984665
0.022435
-5.369904
8.402018
16.488493
17.715315
-7.842744
-25.249113
14.415051
1.676751
15.844989
9.507277
-3.256902
-8.623107
-16.807976
23.411566
0.549375
15.150605
-17.826567
-36.033733
-10.409827
-26.168554
34.994625
19.894585
-15.263449
-30.805964
3.721533
9.076367
0.649619
-6.018067
6.194640
4.589625
4.551322
-14.863345
-2.842505
-23.674137
-13.654236
14.087021
11.083899
26.626858
-39.968674
-3.098296
13.834133
-16.348169
-33.939613
30.845659
-28.831799
11.909662
-19.577808
5.413292
8.552156
0.204524
21.975901
2.347208
9.427363
-19.324997
-18.424768
-20.224209
-19.332651
-15.140667
7.295188
-13.472754
-4.489848
-19.800732
5.051351
-33.427212
-28.944923
-30.363123
-27.543758
-22.393074
19.034719
-1.818956
-16.629349
1.362556
19.729588
3.263520
25.185226
11.795148
22.430552
0.551403
27.667694
40.768059
-20.813713
8.472757
2.519741
-30.098156
-20.597548
-19.899342
27.378601
5.492034
15.278878
-20.225285
-48.428623
-14.662540
-7.816461
-19.629025
19.892214
13.367883
-37.279808
12.438202
-13.143795
-21.550093
-11.086756
-18.978533
-17.542070
-18.947538
20.989470
17.495199
-1.929957
-7.040830
-32.032890
-13.825453
4.558810
22.522270
-1.569533
18.379070
-6.840378
13.454695
7.631136
-3.733257
-33.095638
-13.758979
2.316440
2.107899
3.454869
0.694831
4.162889
-29.895464
-0.588001
-4.796209
24.822052
-6.203457
-19.931997
-34.856174
6.809290
-6.874166
-20.485809
27.677107
16.565578
-13.834155
-5.979538
-16.639952
-17.635216
-14.667192
20.788155
-15.518812
-44.677555
14.456244
-22.290829
-29.707460
-24.228846
-8.006011
2.897483
-1.406229
-24.363043
-19.884232
7.195190
19.117121
3.514891
-7.968599
11.061360
14.387685
-4.799545
-16.729538
26.645351
-22.588732
11.608451
-27.521091
1.432649
-24.357178
18.723471
-24.838736
-16.174356
3.388999
-11.780831
11.338842
4.866858
10.296511
-19.742813
17.784761
-17.567749
7.995961
-12.756204
-36.425011
16.574579
-9.590152
-11.030331
6.457978
-1.748134
-10.610104
-36.500179
11.855478
-19.408707
-32.192894
23.943546
33.200764
-16.148151
19.078978
19.917538
-5.797255
-15.031963
2.417047
-11.571326
-1.966416
7.936585
-51.296055
-12.992466
25.478218
5.234626
-16.462729
-11.960294
-3.715399
-16.588865
-31.399662
17.355453
23.348436
33.404236
-3.064245
-2.781556
7.136759
38.584354
6.097115
13.110096
-23.891157
-12.412122
16.315928
-15.965137
-2.024218
19.256580
-6.720327
-24.991493
-11.044285
9.047141
12.741233
13.447237
18.307991
2.074561
-3.382816
24.295422
-4.459995
8.347940
17.712553
-29.772446
-11.172156
5.482279
-24.703917
-15.126631
-12.360269
-22.437729
19.315184
14.136735
-10.937629
-25.815540
-10.209347
-37.112698
-30.076576
28.856188
27.842833
-24.811607
-5.918745
33.641747
0.577181
-2.957054
-5.736346
9.246805
-31.000263
6.167103
-9.151066
18.042057
-22.997612
-9.996690
-10.960551
9.689508
19.845518
-27.473783
-35.258129
30.632757
-22.406330
-11.497143
-1.051191
1.417652
-16.868595
-6.244909
7.990864
-9.102881
-22.821268
2.875586
12.597254
16.435139
-19.525623
-1.096565
-18.939445
-0.946499
-17.677685
-13.958139
14.092813
-30.455326
13.940100
-19.124260
30.568130
-13.737520
24.005934
0.484322
-5.825395
-3.489473
14.511449
16.685789
-12.590973
24.533241
9.570998
17.815464
28.544945
-19.588614
10.297380
15.777335
20.258377
13.299378
-23.231794
3.605613
-2.193685
38.064819
-38.265709
-25.273657
39.524384
22.699272
6.000552
14.615703
8.003738
19.252184
-9.963781
-28.531183
-2.076972
4.622362
47.646122
-13.298913
15.048404
-22.989048
-17.039383
-27.903011
23.100353
-12.943578
31.495310
11.062311
-12.522750
-16.038397
32.659863
-3.147619
-28.261845
9.916987
-31.116013
4.307236
34.053062
-4.808406
10.046315
-15.328373
-13.096684
9.074401
-11.472997
29.536076
10.213953
-12.000943
-21.346077
-18.062658
-12.275819
17.842707
-12.089955
21.825914
-18.472816
0.139964
27.624550
20.583258
14.926083
15.830017
-24.951490
9.848743
-9.168774
28.681967
2.449931
4.868022
-24.434404
-29.830021
13.909072
-14.347399
-5.772363
-2.009144
-7.643756
-17.008553
-15.867074
33.342411
20.979012
15.933973
-28.599009
-11.647372
30.066351
15.912485
1.828391
-2.764797
-2.998092
-13.067872
10.378418
22.534443
1.937297
-33.577328
29.209293
-16.671726
29.948542
-29.013226
15.785479
-15.494996
9.323148
13.759586
-17.325579
33.852455
35.107620
-19.197283
-15.327229
-0.786820
24.732231
1.268313
-23.610142
8.624436
-4.215922
0.856070
-12.568346
25.636326
-6.419584
5.648934
20.723194
-8.822742
-21.036463
-5.711045
-5.405703
-10.726073
-30.150282
24.152939
-4.336891
24.657520
-0.914520
-19.120880
5.669890
27.731030
3.786222
9.818576
10.504509
-14.533572
-19.544003
21.715496
-15.110879
-31.055651
-38.652031
-34.142307
-37.426266
-27.610889
32.592007
13.365541
42.634205
2.162063
-15.542398
-29.328852
27.328238
-17.560097
-1.419655
-2.217716
-15.532607
-1.343760
-41.952118
1.445278
15.226706
14.279819
11.406070
22.760557
-10.097874
-20.798426
-27.574766
12.210482
-34.897617
30.310247
3.311680
-14.455416
21.105528
-19.378252
-4.285384
-40.704048
26.400560
-1.254652
36.574730
21.580149
-14.425434
5.918869
-8.794164
12.038786
-9.170079
11.864676
-23.455751
27.948624
10.752845
-1.295654
21.597193
-12.022717
7.615652
-9.979854
23.473261
12.543397
16.220167
23.655542
-21.559643
22.300587
-6.445692
-1.468686
-11.394323
2.600329
-23.982903
-26.623690
22.275143
10.721352
4.790703
-31.025890
7.317271
-1.454660
25.910276
-11.517682
0.745945
-1.932515
18.705353
-0.495079
-3.963888
-3.436600
17.037207
-0.262447
1.410607
37.580513
21.050610
25.450726
-21.433779
7.763028
2.005626
0.967283
11.007402
4.324152
10.345052
16.674984
-3.893206
8.760605
-11.833649
-2.900404
-0.788394
-5.834735
24.101244
-25.918636
7.860620
2.383929
38.506104
41.861809
-18.882687
28.733286
11.428137
11.058643
0.849502
-21.606043
0.978910
22.086020
-6.543320
-13.879677
-6.172947
-4.554471
15.183045
17.711966
-3.985737
9.447720
-7.002056
-3.914499
20.359114
-16.347874
26.566383
-27.566811
1.954946
36.531410
2.173448
-9.394679
26.643877
-26.605156
-10.562353
-24.854410
33.000244
-1.172371
-13.149854
-20.339693
-8.590893
-14.054460
25.125864
24.344566
8.443604
-12.092669
15.033626
1.515749
-9.737337
4.121241
-28.135088
10.252693
-10.171474
19.894047
-13.062108
-0.224363
20.986944
-28.008839
-3.409586
-10.442650
-1.268831
25.972040
26.195061
-7.957487
20.316185
10.831072
-28.659435
-28.162971
-10.605327
-9.204843
13.736354
5.360593
-12.330058
-0.850878
3.716784
-31.929466
14.392999
-29.918688
-13.534483
-22.417452
11.380241
23.067335
7.781396
5.002525
36.785469
14.386948
-9.012473
9.869772
-25.513792
2.637668
14.509400
-22.268328
-1.994921
-18.806906
30.607302
7.201996
17.588396
3.681352
2.351217
15.108542
21.232294
-14.622734
-12.410174
3.681001
-9.558606
-18.355625
-32.279858
-27.343073
0.607462
-22.302004
8.445215
11.567027
23.378731
-33.745182
29.267565
-8.416784
-20.069580
-15.448302
-12.082473
-15.267454
-30.141293
20.712315
16.915539
10.353319
-3.935211
-13.370461
23.977594
1.334402
-11.159279
2.830943
17.768225
14.314517
25.277681
-0.755767
4.852787
-9.862384
-26.373203
-22.208469
1.203777
-17.234896
-1.398251
10.144604
-19.873562
-4.068408
-24.807558
-19.793341
2.382911
9.930333
9.764956
27.055756
-22.147392
-22.750341
6.210959
-13.550741
0.067443
-25.564701
-14.421309
-23.630381
-21.483124
21.993336
4.740004
-31.115629
-38.854782
-23.922287
5.656384
-1.516366
-6.715508
-10.483167
25.948416
30.162397
-21.965712
-21.900600
14.385824
-3.034348
-13.040402
18.733511
9.941339
-0.876286
10.925074
-23.882156
-16.325104
31.999933
15.862648
-13.402363
-32.734653
-24.314749
-19.063972
17.042543
-7.125632
-5.153809
12.674921
25.608322
-4.662325
1.508395
9.176208
23.616581
-4.943430
-13.421822
6.602769
14.431380
17.991774
9.671969
20.363459
34.329067
-1.878396
26.953850
-15.188210
-25.827703
4.475970
-28.148039
-9.678154
-8.561218
-0.681272
-6.235214
22.784760
12.345686
-7.254219
-36.462532
7.475775
-21.694052
-29.092976
-21.611748
27.894526
24.239048
-33.958298
15.470926
20.551300
-8.178676
-23.462830
37.103821
-25.578156
-0.838563
-5.652457
22.454609
-1.713831
-4.157359
9.745640
5.791236
1.949731
-16.672138
-29.411480
-25.545061
-19.143951
-0.639779
18.251692
-28.550827
-3.414329
-12.724643
-17.632891
34.256180
-13.462984
19.453030
7.680701
10.063414
-20.348013
19.540167
3.412731
-37.382133
9.809025
6.298444
-24.148533
-41.470345
-19.808544
-29.933287
-3.898094
16.419495
5.537365
-22.206345
10.167619
9.503287
16.821192
-15.983186
30.852894
-29.520853
12.105942
6.930699
29.194986
14.902843
21.623846
-20.683033
4.231071
8.092262
-12.938619
17.441317
11.086436
-12.985528
30.386532
5.680092
-0.004656
-24.191164
17.373215
-1.823293
1.010233
-6.184164
-17.802542
-1.815690
23.191698
18.822659
25.387537
-6.057449
18.320395
-5.375178
-36.857346
-19.413700
8.486464
-35.718967
-19.257137
8.604720
15.487138
-0.773038
27.169044
1.082971
0.808327
0.531835
20.290619
13.770059
-6.619021
-3.082621
13.902618
-24.350101
6.744636
-3.110273
-1.864879
-23.509501
-5.442061
16.096979
6.418915
-24.005085
-19.393991
-12.770684
18.834299
-40.926449
-21.398390
5.997615
-30.783955
-17.409800
-25.972265
22.653156
-28.011095
11.548104
-13.473283
-25.617388
22.243114
1.567652
-15.262621
30.638077
-3.290399
-4.770066
-26.598639
-24.658606
-14.830690
-29.895054
43.073421
35.405392
-0.473717
-8.578351
-30.765482
-27.083910
15.045290
-3.055194
24.052933
2.546214
7.944849
-34.140911
-8.003747
-17.175362
4.682717
11.969904
-3.583672
18.942583
6.855306
-21.257715
17.863220
-27.933403
-30.250158
24.506979
-11.416158
-22.721127
-34.043385
-7.152635
4.344610
-18.926722
14.548867
13.279186
-25.055073
-22.953058
9.906759
-12.345195
-32.570705
15.935687
17.978085
8.625378
27.977531
28.582684
-8.102695
13.468505
-7.612844
-10.131050
5.402396
30.151829
-30.068796
-11.909286
-15.936923
3.456465
-12.528295
-24.270922
-5.271052
22.387770
8.705709
-13.361335
25.645952
0.635859
-5.892000
17.740263
6.053988
4.979083
-30.026548
10.978296
-16.139055
8.383823
-11.475799
11.352060
-2.126583
16.036789
-30.844208
-19.352659
23.480101
12.388093
-19.023705
-8.640185
38.272335
-3.624017
13.768537
-20.913841
-1.452878
-5.151838
26.403509
32.020538
-10.129923
20.018047
-9.494417
-17.635275
-17.593769
-8.759521
-29.379492
-6.151397
31.700741
-1.826226
-19.020483
1.504276
19.877401
-11.292112
9.212740
-13.313017
13.298142
-10.808147
29.244881
-6.524490
5.845657
29.448399
-2.673424
12.991759
-9.091435
-14.840713
-14.805935
-10.870527
2.329430
-5.513434
-23.713064
-12.780582
-15.186534
11.739646
30.006218
-29.661030
0.160941
14.334108
-8.360631
13.804058
-20.254124
-7.189195
-5.105828
30.539501
-34.552223
8.493540
13.877985
15.232258
-30.377800
-1.796203
-21.698725
-23.042286
-21.447851
3.239647
16.285517
-11.291539
-18.303942
29.963009
13.750538
-4.189602
-29.907837
19.065470
15.217815
-22.154243
8.546494
16.198746
15.212238
28.675758
-32.650738
0.351035
-9.805945
-7.396952
14.322693
2.935524
13.759261
25.215660
14.438975
-13.840494
11.772152
-28.465929
-14.967756
17.033390
26.736244
3.942857
21.841755
23.449757
0.241469
23.912340
19.840992
-8.887078
14.589072
-18.521883
17.906855
-1.125182
-42.590660
-23.006973
-5.188181
19.813416
-23.042027
18.366211
1.548334
-11.112578
8.915701
33.687550
5.344399
31.155800
-6.343583
-5.087947
13.232668
-19.685940
-6.947723
-14.684546
-26.560854
27.646933
-5.230195
15.947914
-3.949930
15.344913
-17.714802
11.762079
-39.034599
1.899243
0.787284
20.837954
40.038963
-9.109475
-18.248344
-19.146292
-24.283875
21.129797
-21.498371
-37.461845
-26.681120
-10.921989
23.409882
16.360355
24.551968
-32.548645
-14.462151
-18.836744
22.112560
32.222576
17.758442
21.494707
-2.615499
21.901869
-13.777271
-8.901070
-4.705535
-32.838531
20.596954
35.326969
24.763350
28.700905
16.094072
-27.257555
-30.019487
3.946253
32.297035
-13.301244
17.766130
-0.867786
7.718906
-30.803013
-11.448744
-7.165930
17.766642
1.994680
6.522457
27.736990
-7.112349
-21.927233
-22.644749
1.842300
-22.278316
-16.161777
-6.021845
7.601501
-7.732523
-20.668562
-2.575213
25.885611
17.121738
-5.397241
-19.065424
13.884298
-25.518421
-3.325304
24.909773
-16.187147
11.167488
16.817535
10.598147
-20.184036
-10.724991
34.013420
-28.649414
-0.043281
6.125535
23.620047
17.435556
17.118500
-2.657570
-5.893642
1.200630
-1.414323
0.258770
-24.874416
11.622152
27.321514
19.068024
-11.376157
15.438377
23.125521
3.417997
1.231502
-31.308426
1.205448
-11.647047
-23.977051
-1.676122
-4.317391
2.604564
-2.665149
21.819845
-2.683786
-2.111852
-1.914896
-10.769143
13.238505
-19.106228
-15.117948
17.003630
12.246015
-5.332073
19.513186
-22.089294
-24.708403
-7.931897
-21.570375
-14.116735
-3.768733
-26.299044
-19.469114
-38.959408
18.428732
9.099553
-10.581857
24.304384
0.012053
13.095903
-28.132524
-31.568552
20.707195
-3.557318
29.499058
33.034916
-0.489701
-32.616245
5.752647
-4.600869
-10.836333
10.422269
-12.722419
34.825970
-39.399860
11.542171
7.171770
38.915348
18.126810
-9.617106
16.279474
19.306360
-7.591574
-29.918118
19.809437
-18.144985
-3.057684
29.587244
4.413664
24.621267
-12.365563
-19.654547
9.725453
29.232191
-13.861470
-32.176304
15.132315
-20.357445
-4.165220
-9.866411
22.826742
18.724676
-19.161076
-29.152353
0.257425
-16.390333
3.873078
-12.263638
8.078900
-39.916210
-16.535765
-8.436346
5.116869
-14.095038
-15.171594
-2.351349
3.026897
-23.132383
-13.444380
19.882183
-20.636646
-19.437885
-7.706731
-1.035243
-24.945761
-34.236511
14.650072
16.523811
-17.150566
31.183670
21.758335
12.067286
-3.233956
5.987589
14.304824
13.917246
-18.651295
1.213933
2.691136
24.696758
-14.005457
-2.929094
-3.018682
-4.231947
-22.410170
-18.626940
-19.992601
-25.512373
13.280145
-21.187639
-14.034699
13.272835
-21.086750
2.973155
32.060112
20.689064
-38.484287
11.895664
17.985743
-1.552983
-9.992614
0.882132
-17.043911
-8.362529
10.841956
25.386511
-28.542751
15.639467
-6.980142
19.203772
18.530008
16.489138
-14.747156
-1.693753
32.503956
31.657799
13.905168
-25.181273
-24.378777
-21.745218
10.475628
-39.126228
-1.420552
1.166786
18.887619
-13.337615
6.644416
8.789358
8.500422
9.742980
-17.193277
19.695673
15.161509
-0.417888
-15.381047
-10.695533
-42.292267
-13.580310
-12.316386
31.715456
28.118479
-19.969357
8.897457
20.621292
-15.888135
1.244982
-21.585382
-18.375273
-10.479456
-3.096998
6.739462
-29.753376
-11.920475
-12.372753
-22.298157
4.671623
-20.337463
-16.650204
28.453171
26.975357
-29.101944
-17.543665
-2.445284
-14.654741
12.600751
12.478871
-13.301625
1.438716
-21.677546
13.588176
31.969213
-17.430582
-25.617901
-10.729831
6.316448
12.704406
4.668841
-9.478400
1.907652
5.340086
27.438343
-10.330758
22.460234
-15.057096
-10.363142
26.792675
5.513770
22.416628
-10.338513
21.245127
-24.972534
-33.268719
3.050709
-35.828720
-28.644550
-15.776122
-27.934097
30.815584
18.913568
23.819811
-10.037211
-22.301964
10.877589
6.003845
8.930869
-26.022352
-14.411539
3.721941
13.161465
-4.680270
-11.217172
13.540711
-23.958254
-12.232232
-22.341858
15.383745
-13.311411
-9.760836
23.224369
-8.826212
4.866596
14.576630
1.087928
-30.937935
-44.470997
25.006504
14.088110
-36.403873
-4.293200
1.038903
-18.017284
15.775172
-24.924982
19.739065
20.300373
-7.566855
-37.002441
-22.199034
30.468893
23.771439
-31.485445
-17.940058
-19.718519
-24.520067
-19.616112
-20.904125
-5.348377
-28.648453
24.767982
51.257217
-23.010687
20.627319
-20.216728
-5.435717
22.491241
16.610306
-11.220029
15.541559
-24.553455
22.542141
12.766901
-25.686129
-15.947499
4.235277
44.289783
-11.531463
11.464728
26.637283
-21.889534
-2.691290
17.421000
-1.195737
19.706360
36.147602
15.012775
5.215189
-4.231485
-2.543946
-22.620098
-26.400768
10.930220
2.413567
-19.945862
29.650719
28.762201
-24.750023
-12.561294
-17.890219
19.397274
-26.834949
-12.029625
-37.701420
4.599692
-18.308418
17.174313
0.410319
-14.099145
19.810795
27.544777
-15.260505
6.677969
7.189307
1.523390
-33.695820
19.651804
-32.968010
6.238572
11.246033
-4.178012
0.193642
3.599546
12.798079
22.544262
-11.050552
-19.447969
20.350279
-19.895391
2.478837
2.411811
20.354118
-32.148193
-12.520305
-16.287155
-13.628281
11.266807
32.426224
-18.159174
14.132984
-10.858047
-23.072914
8.455143
11.747007
-3.553470
-5.242250
-2.018031
7.477639
34.714294
-19.289173
14.997971
1.958064
-3.626487
-16.569212
-1.480394
6.528083
-4.671341
-12.866471
15.167312
10.634275
17.112190
15.462850
10.058354
32.444134
37.833591
-14.352903
-6.468297
-2.265270
-3.290534
-20.894737
-16.439699
-12.563258
-27.038321
18.466631
-23.017580
19.969536
38.731056
-19.241730
3.859994
21.713942
0.567089
6.169639
-5.792938
9.658511
21.098705
10.429688
-21.604748
-23.249310
-13.409204
47.207123
-18.198317
2.208921
25.418957
-31.803518
18.181158
-12.616904
-11.133157
21.809010
12.813303
-1.615790
22.263817
10.761445
-24.434834
26.043003
-53.721027
11.199495
-2.918365
-10.029750
27.546173
-29.217833
22.114180
-24.386145
19.529564
-16.329308
-9.207246
12.663786
-20.954548
-16.022573
0.624461
-28.120281
-12.178155
-19.279932
-37.676750
19.867859
-10.315190
29.079451
11.647024
-29.978455
6.285565
-9.805049
11.510736
31.378176
28.486897
12.576453
12.392591
-26.004036
-22.703394
-13.693988
-5.700288
14.150212
-27.625326
9.905499
-6.634195
-19.698643
13.941839
-14.604875
16.662619
-26.934502
13.495404
-14.863543
-0.679994
3.132271
15.984197
-7.938248
-14.974619
-9.915712
14.589656
-3.570574
19.404751
-11.692946
5.816605
-6.913075
20.679050
10.694282
-10.760636
21.025507
-19.220249
-14.153409
-24.752810
11.870417
22.794922
-7.469165
-3.559055
19.418371
19.054760
7.956610
-23.689074
19.561384
5.819302
19.621977
-35.073643
22.508562
16.389435
21.010201
32.332649
-12.660306
0.243344
5.137174
-9.125658
17.543388
21.360308
-32.198242
-3.186255
-20.523462
19.889267
14.755552
6.471160
-7.947213
23.990496
15.671852
-11.400831
-24.407383
-34.325638
-3.762873
-28.057032
-20.530952
-17.617977
19.768305
-18.890436
12.976582
4.122015
-38.643440
14.489527
16.952812
16.607828
-3.386030
-12.003392
-24.599028
-7.268440
16.899765
-19.397173
-16.340763
-28.519857
-13.962876
-27.390070
29.973799
-20.965670
-18.108391
4.383909
24.525520
-11.951204
31.374426
27.918306
-7.153543
7.702047
-13.290914
12.942578
-7.250168
-36.084114
5.699749
9.376236
39.520031
27.611284
15.546089
-3.548113
20.041231
-14.590378
6.808910
-2.600787
18.246553
-37.580544
-26.497049
-14.691587
-0.121440
-2.344530
2.446312
-24.085121
-28.694149
17.246265
-26.820196
-26.715488
3.744588
13.659322
8.144320
3.512939
-10.342548
-25.664215
-8.079051
-8.996311
-17.447943
-4.652128
-36.399094
3.282893
-6.940514
20.025482
7.345386
-4.426195
12.506294
-12.927159
11.039904
-7.025673
-15.827388
14.588597
7.837790
-24.983025
-8.222069
-6.723177
-9.896466
-3.178759
22.400354
1.669428
10.496718
14.775970
20.082020
-4.041768
29.126720
13.108043
-24.263626
10.270593
3.222582
-9.197457
-26.611282
-1.443037
-12.847571
17.359253
20.747110
-10.187545
32.946526
7.293777
6.787781
-4.796039
28.308716
-31.762239
13.611928
9.122845
7.617503
-27.305222
-3.175440
21.284815
-3.420456
-6.788111
-14.418910
-0.143904
-19.526838
-11.935340
-5.331652
-15.018195
-2.094343
-15.664473
-19.149433
-11.697621
-23.467279
-28.217739
-39.346004
-22.481052
-35.553905
-14.919469
1.720004
-8.560287
-7.612111
13.199446
-0.227558
-24.889042
-3.721605
-15.490744
-7.127452
-8.101901
-26.549072
12.559479
-22.081839
-17.641003
20.438158
18.249182
-26.412373
3.165330
-13.420938
-18.430887
7.748946
24.281528
1.974556
22.580120
1.695735
6.088621
11.962089
-27.767647
8.442431
32.531017
3.685943
-0.576975
-11.328203
-10.819058
15.633783
8.103263
9.990337
13.065603
-9.140698
13.367421
13.755942
-20.447968
-19.365295
-29.519775
-32.565929
15.959715
-8.969892
9.371672
-19.931875
-6.035984
-25.496338
-18.782854
22.137777
14.122673
-6.332585
34.025658
13.112885
35.090302
5.738389
-20.037561
-14.860892
10.298264
-31.467155
13.063350
22.232691
6.627880
29.590029
26.685118
-1.675045
-2.323465
-1.229452
-17.113602
0.739685
7.841983
11.590211
-3.070913
-18.546846
1.876864
6.355262
-23.491295
18.936802
-22.375715
-3.304238
19.980383
-20.451105
3.090320
8.680146
29.035246
-27.026100
12.934665
-4.251954
22.183849
30.544285
-14.830464
26.238316
-29.359497
3.917454
4.186469
-26.918331
-6.406140
18.277687
11.546420
7.156236
-33.947071
9.665729
6.829326
9.296420
19.507017
-6.626904
27.075897
-13.148443
8.094910
-2.920494
4.481912
-36.837658
-23.609774
-12.607347
-17.073221
-2.434106
25.794197
-21.792877
14.246278
-3.944411
1.257060
-18.599379
5.283689
-26.362402
6.180883
-31.374392
8.512508
-23.927622
-4.668524
-22.484694
16.174374
2.477476
11.897614
38.441986
-22.329412
3.810395
-3.573017
-29.873850
-22.250566
15.709888
-31.281200
-22.630989
-9.468102
-0.033328
20.174238
-11.126100
1.225690
23.054277
-25.056854
-13.219311
11.675296
-25.965797
23.507351
-7.823130
-13.836658
-26.847122
18.639532
33.726551
-18.127934
-18.221075
1.242256
11.586545
4.893316
-26.321114
8.715285
2.425725
-39.821930
7.206509
-22.895052
13.326800
-12.376374
23.807766
-21.437183
6.581240
-13.649383
-35.190578
17.086321
5.612982
-14.308216
-27.748896
-0.764540
-9.280466
13.305676
28.659943
2.496965
-18.521576
-16.547651
29.343386
-6.233694
17.607822
-0.289731
-10.822159
-6.341726
-4.882732
10.539546
-11.313805
21.317694
-12.485773
-0.117435
-9.325124
4.756171
-1.972829
-36.491142
36.606510
-0.266711
-21.115906
12.053883
7.758974
10.109402
9.352209
-4.401898
-18.177334
-11.172615
5.547636
-6.768119
17.593029
11.725682
-8.052671
6.404794
28.358747
31.355160
-6.937963
5.359743
3.805866
-22.086525
-0.902168
-8.112779
-26.774361
2.638848
17.382397
15.098233
-11.705473
-16.381321
-1.258902
4.906220
-29.812853
6.976696
-12.866170
19.154058
-36.926281
12.015543
-3.985797
-6.228117
21.717680
24.624765
2.363428
-13.313944
10.484864
-10.130181
-37.646461
-19.719555
33.413769
22.410696
4.773551
16.309275
-37.795574
-23.564835
17.895950
7.505967
5.165011
7.685000
-17.853415
19.974546
-17.157730
2.175923
-8.893312
-14.824574
-0.612710
6.565095
13.854550
8.672465
19.218458
23.507645
-16.678337
-4.461354
-4.617721
-2.514738
-32.848274
10.219561
12.530642
-4.301897
-31.210962
31.141092
9.081577
4.906152
-8.512980
28.006907
5.528798
-21.148264
-22.015762
3.949345
17.579763
17.934263
10.351894
-7.214647
-3.096904
25.672588
15.381451
-7.012738
28.879152
19.619530
26.502176
18.979530
42.951855
25.971916
19.469034
3.160858
0.336023
1.274239
-14.391056
-30.661373
21.748035
-4.628520
15.456463
-11.362309
-28.858088
7.777752
21.100973
9.099470
4.683289
-32.055973
-22.199987
22.556486
-5.447857
-16.072075
-9.084589
0.010919
-0.597869
-10.905857
9.185923
-16.088999
15.773177
-4.873658
-34.037407
-13.429591
7.275232
5.642664
24.357944
-1.235753
16.289280
-32.531460
21.006805
11.475462
18.395147
-22.077631
30.072462
-8.187472
-30.879526
35.657352
1.903507
-2.142729
-9.483278
-23.581709
19.047071
-5.458503
-9.265259
-25.254570
-18.095827
-20.731607
-2.888277
4.061213
-16.424334
-3.426625
20.540789
-24.266779
-19.496166
-13.798768
34.945759
14.496995
-10.663187
22.388639
-11.935772
13.776904
21.452343
-32.244041
-4.164257
4.010592
-12.768531
-37.587154
1.042874
-8.110521
-6.464149
18.305794
33.479698
12.857766
-25.058430
3.866920
1.310557
3.979128
5.256001
21.672255
-18.664618
27.185001
41.043945
23.500042
-11.726167
-20.209259
5.467344
22.266962
4.835031
-14.712987
-23.435238
-2.574176
-27.724463
18.486906
6.843616
-0.181352
19.167933
14.381735
31.494265
-32.321468
12.920405
-19.871822
-32.973892
1.354391
-19.826525
7.418653
-10.765038
18.902069
31.583426
11.950472
0.647962
24.451744
14.182287
15.347949
14.754642
21.990797
-27.695433
12.126855
-21.113272
2.865350
2.221473
-9.161826
13.071742
-4.292422
17.709126
10.091421
1.521128
-3.822556
-8.138703
1.426683
20.249475
4.773761
39.517128
-24.062395
9.258057
-16.847771
14.434805
-26.444815
-17.432486
-15.310831
-19.723171
-1.920984
22.382492
-31.023426
18.220695
6.349147
-15.576324
0.532984
-31.881443
26.782850
21.572989
-31.799845
17.711349
-25.337568
17.358063
-11.960707
0.330274
-5.212353
6.512454
-9.164583
10.882841
13.284349
29.314665
19.053999
23.059961
-11.649953
-3.089620
7.019455
19.400070
-17.590374
-1.950819
14.331850
2.487972
43.206669
-24.995176
7.081608
12.186757
-18.434544
-26.845150
-7.510246
-11.221869
-13.636307
4.912879
-9.625555
39.155048
-19.900646
4.178137
-14.300046
7.390133
-16.844137
-22.912266
21.797663
3.198237
-21.555164
-34.999477
21.221081
26.263325
11.942084
-14.417500
21.845505
-30.388527
-20.885248
-12.355482
-15.558627
18.285637
18.428150
23.180431
15.067226
-21.449324
-5.505229
27.107780
-20.245422
1.984957
-13.394046
-11.500469
15.015674
-24.498348
-17.621893
-7.659774
-9.239167
30.435213
13.658337
-26.706978
2.683467
-7.064864
27.571562
-32.390778
-11.363269
-22.333981
-2.530287
-39.708008
15.999948
-15.234447
3.629082
-12.965699
-14.207681
39.523468
17.928041
-6.637195
6.493532
-9.320331
-6.834917
23.247938
3.140169
-2.672788
4.254719
30.539644
-14.074721
32.800350
29.788782
16.072077
13.855021
-15.220216
19.626497
-5.700078
30.984608
-9.160316
-19.149000
-18.447111
-20.082235
19.557129
33.319195
5.264491
-3.543330
33.018661
7.226685
-28.400951
22.907858
4.106337
-15.522640
-16.015554
-31.150520
24.565804
14.109297
8.262862
-11.717106
12.712195
-9.083335
-23.647411
23.421459
-12.043768
-11.319233
34.391254
9.511432
-22.952042
-35.082352
-15.221260
7.655120
6.058579
-16.873493
-3.855814
9.089433
20.376490
-27.288519
-25.610332
8.981326
11.214025
20.855305
-16.295427
-5.557981
-26.926022
33.676403
11.526298
-2.963026
-0.238497
13.333835
-2.813383
31.586634
7.373068
5.702885
-15.482273
-7.257811
-11.619223
11.101400
-17.963003
25.562063
-20.077663
4.622925
-0.649926
-16.252632
-4.884920
19.406542
-23.562052
-5.171197
-19.587564
-30.450962
-31.511444
16.123137
-30.988035
-14.121469
14.836702
-24.237354
20.248680
21.559620
-5.585216
-21.647388
-5.251555
-28.872004
-38.105183
9.651602
4.691152
4.224087
15.010454
-9.011600
7.897707
-23.423149
29.768816
-18.836475
5.691495
-6.761853
4.759667
7.776982
25.916552
2.305059
27.967083
-27.814260
3.968702
-13.031572
29.369135
-25.001278
17.575373
9.634512
-8.369134
12.097510
7.190546
-8.466578
16.043644
-10.744070
-18.940775
32.396557
27.968857
5.861684
36.289021
-29.071505
-7.806919
10.356889
-4.793711
-13.842941
-16.688490
-15.701242
-8.414872
-20.425772
-13.769258
4.047910
-14.864601
-30.222818
15.269763
-27.081053
35.245766
18.278601
34.014702
-3.266142
-12.217145
8.127401
-23.985680
-8.481111
0.246884
25.447964
24.286413
-12.846580
13.964220
-5.860090
-20.175013
-4.465769
-31.663506
-2.678362
-1.261071
-7.546197
-10.244322
-19.469219
26.735586
25.657230
-29.158010
31.575207
-26.795536
20.756769
6.118730
9.371180
8.548953
12.385496
0.363501
-20.062183
-26.174013
-4.711447
18.304535
-2.831787
-7.854843
-25.214361
19.424976
-7.379510
15.908072
-6.316547
14.845429
-10.852588
-21.605232
13.373709
-4.028164
6.072672
6.165992
7.293628
40.089653
13.957795
1.957080
5.270523
11.403872
-19.352400
16.268517
32.720615
10.918352
10.258395
19.569050
0.966300
-0.089332
26.806816
-17.156775
0.203086
-0.452958
-7.458757
-10.629580
-27.852152
-6.489127
22.202404
-39.367981
6.319309
4.361918
8.893652
35.987122
-21.658527
-6.521303
6.213784
-18.041946
-6.217927
29.942875
-9.719583
9.470285
-23.529001
-19.695684
-30.540136
-22.047518
-15.429606
7.559939
3.819428
3.283792
-4.683830
-13.914474
16.693975
17.846815
27.810423
13.994842
8.752172
20.161489
-19.373669
-34.911755
-13.027052
-14.653718
-2.986138
-15.556874
-12.520595
-23.475220
15.136642
-27.736242
6.233150
3.101681
19.355247
-38.558395
25.166817
-16.214890
12.579919
-8.771147
-2.952346
-8.617233
-21.599211
26.722063
7.766187
5.927459
1.146509
-31.384998
-38.261745
11.097450
5.455540
-9.601762
19.697994
30.822512
-5.427807
3.904135
9.595922
-22.787167
-8.922141
-15.707030
-16.245131
-0.893811
13.163114
-34.267467
37.638927
30.049294
-14.534946
8.227508
-17.034758
-23.564289
8.536839
0.358140
32.154381
-23.911352
-8.118992
17.679129
18.302120
-17.461172
-6.965602
-6.728508
32.880325
-13.097631
-8.505555
-36.004986
39.217831
-22.112278
19.060711
-28.795218
22.318710
-22.512991
-5.609510
-3.219377
-7.135356
-29.384809
5.812091
33.536705
23.720116
-25.066360
14.123185
41.325394
1.949582
19.685389
-13.378307
-20.180216
-7.029635
-18.072723
9.352329
17.951033
0.960644
-11.691121
-8.868286
-3.791221
-4.963929
37.130657
-12.199480
31.007809
-19.463181
-18.068617
10.031636
27.978434
-4.696146
-25.923738
-24.040281
8.137590
-5.359266
30.032730
5.888842
-7.623741
-4.434916
-37.299103
-12.275064
18.579226
-5.002702
-33.784634
-18.936621
-2.046190
9.627417
-10.561769
-11.249422
-32.279274
-8.323083
-20.404728
21.553432
-24.612762
-20.309990
13.672873
-21.088211
-23.120365
17.905058
6.094510
-16.546738
6.734597
-0.999419
-16.923035
-22.576000
18.110439
17.654718
-19.057722
22.022408
-14.112150
12.928479
10.216164
-0.337028
-8.081873
-27.221596
0.100338
-10.619664
-11.295074
26.711451
6.095451
-16.039097
-29.665138
-20.731411
3.915003
23.801895
-8.334856
-25.483215
-38.106674
-7.177339
25.142895
6.504463
16.461327
0.741853
-23.993805
16.040356
-7.226236
28.343298
14.479345
8.837758
-7.325903
-36.581112
-9.986667
-9.119037
-20.030170
32.380322
-10.427423
16.483515
31.495241
16.902048
-0.939695
-14.323138
-21.541128
0.172765
-6.265860
1.276644
23.956503
-11.813346
33.523109
4.534337
-18.287872
1.393515
19.434217
-9.897802
-10.025141
-17.931606
-15.279660
37.335312
-19.776068
-3.890646
-7.334059
13.352769
20.195684
-6.004152
27.516209
-6.804527
2.997824
-17.972321
-33.937122
-2.058444
26.248972
1.928748
-12.131434
27.409758
0.942806
17.719284
0.304748
-20.058493
2.861908
34.361019
-29.237495
25.855045
15.778548
-0.518463
27.543861
23.197065
-17.034637
-3.221632
-21.922953
-20.921825
4.830237
-6.309763
-1.941777
17.120886
7.003084
-8.029691
0.490715
-8.582390
30.380680
5.714978
-14.810216
12.932864
23.734938
10.676190
24.340408
15.861697
18.707153
-9.368614
-0.385854
1.706753
23.554239
28.298428
20.334698
19.644028
-40.468628
11.250205
8.260790
19.502308
-18.795240
-11.837050
-18.769180
-4.309052
-18.416155
-18.043041
-15.776882
-23.531412
23.502825
22.609961
33.220631
26.400042
16.525412
-10.513791
-32.669075
11.810482
-14.143146
22.611383
-1.170854
-21.985703
16.035885
-34.137001
19.790981
-14.581974
24.810965
-10.052691
-22.647804
30.769995
-24.953369
-9.347814
-6.730469
17.519268
-15.819683
12.538725
2.719090
14.784174
18.892075
-12.501854
24.345551
-17.056431
4.064125
40.491905
11.409163
-15.510344
30.525782
31.687077
13.450864
24.388657
-11.418579
11.682159
-16.632034
0.076939
20.584131
-16.587759
-3.007952
8.276925
22.565809
-10.379039
34.234974
-25.324936
-8.752187
16.695089
-10.785160
-7.596948
23.390816
-14.151637
6.741449
-21.400976
13.251562
-30.005913
5.429325
-0.634895
-14.191080
0.392732
17.741179
-36.805630
-10.154478
12.965581
-9.548295
9.670854
-10.784592
12.603601
-13.111543
-14.545938
-12.862597
8.574255
-21.158268
-8.107522
-0.804089
33.099392
29.331568
-0.427196
18.317472
9.410572
40.973808
-10.775151
-2.788209
-17.328394
23.838995
1.862384
-1.263220
2.271003
11.432720
21.395027
28.649427
23.050774
-9.016089
-8.040468
-1.250735
20.977329
-18.846378
-21.782368
-14.778744
17.873079
9.710718
-48.764721
21.952574
6.484193
-4.566165
-18.799644
-25.302528
-30.305052
15.803628
6.475773
4.296362
3.388142
-21.783428
16.406628
20.790249
11.096841
-35.778038
-3.187018
14.427786
22.247965
22.962597
1.824882
6.458115
13.515978
31.695450
27.105738
22.125172
-14.045266
8.878140
7.754670
-17.143839
17.538177
19.389812
-12.550522
1.636395
-10.740926
6.872968
3.128497
-7.998744
25.039734
-34.127430
19.573084
-25.236118
-18.855299
19.054022
-3.031289
-25.735207
15.689713
-24.068474
-13.118109
-26.860882
-36.877140
9.511882
-10.795661
-10.398708
11.936347
-31.393444
-26.004564
15.625364
23.044506
18.047487
20.895607
-24.540985
0.053935
28.483061
14.912013
23.225842
17.314047
-11.686203
-20.482569
-0.089197
11.842062
-3.900581
-12.610685
6.191363
-5.622242
15.213070
-5.078918
10.588916
-26.880100
11.676255
39.620174
-17.180466
-3.728971
-10.705120
-6.188290
-4.337499
-21.327169
-23.182827
21.350151
-4.673136
-16.006329
17.165628
26.366734
5.302442
-17.049580
-18.481913
-14.935165
1.980577
-20.629143
-18.393063
-35.732155
11.765116
14.547631
-4.039399
-26.221863
-29.400234
18.428143
26.896574
12.015990
27.281836
18.333420
24.616032
23.569101
13.273438
11.619975
-15.185796
28.976454
3.366239
20.445587
10.503343
-29.873535
36.038742
8.370630
-24.089710
-10.296970
24.340851
3.211344
26.580730
-31.209658
-16.026688
5.100816
-17.038076
21.183851
-31.841167
6.458364
20.163836
-17.282288
-40.213741
-26.412849
19.369961
-16.835932
20.086500
10.235308
36.058628
21.475796
-12.735918
-36.502335
27.996359
4.091801
-14.656172
18.369108
33.630714
-2.587403
-24.709766
-12.345670
-38.648067
-8.934066
-17.902870
-20.544592
17.046364
-18.555506
11.048010
1.378584
-6.548517
-12.768576
9.635066
13.179060
-24.136883
-17.427279
38.642113
16.420660
33.580658
41.320438
-22.600698
0.027224
-8.455306
-18.685095
-0.459975
-15.933426
17.854994
13.400617
-21.101612
24.620724
-4.609828
28.300703
25.945097
31.713329
-10.169052
33.693657
-9.413663
22.655794
-28.139690
35.281765
-32.758263
0.854058
-5.169883
12.738127
-27.943445
17.089029
-18.535160
-19.129293
-21.354025
15.702769
-14.945248
6.130023
-1.867946
23.805229
-5.658285
13.183644
-13.666398
19.700731
-14.296752
19.938763
13.068546
4.557362
-18.122284
-9.035562
-0.457110
-3.980952
36.520695
4.068158
6.923814
-10.831981
-21.564312
23.217793
9.112162
-25.741411
-9.099959
-34.362183
27.527649
-28.956364
-17.483450
-5.698553
29.415586
-2.462876
20.821085
-3.129946
9.557028
-15.699581
-8.948652
-10.384334
2.285207
-24.412079
-20.083015
-5.723977
33.189556
26.248798
20.854990
-15.108742
-19.814617
23.615654
19.879612
21.079626
-25.181639
15.657184
30.963310
16.602140
-26.515261
15.076838
-15.122741
19.937798
-27.634346
27.845816
-4.775263
21.749998
28.571987
-14.655945
-3.579993
-11.336537
-10.826325
-2.265923
16.077576
11.952082
-2.749897
5.581530
22.144903
4.394842
30.617764
9.586905
16.575483
-20.653376
-5.591059
-0.363406
-11.187050
29.419104
-2.802644
-7.871365
2.446898
6.117075
2.036797
3.483630
-22.089161
-0.692943
-14.804086
-28.815992
9.779922
19.866604
7.445545
17.908016
12.324213
-38.669624
20.725561
10.566682
-13.958713
16.355640
-5.733628
2.479162
9.149736
12.030913
-15.858626
9.678038
-10.596492
22.825350
-14.597936
9.304452
15.059997
-13.260542
18.417429
19.194292
32.334309
8.475041
-24.940353
-5.320146
-9.391364
-15.994371
9.343311
-2.484085
-7.410580
-3.727455
-16.198929
-10.076237
-22.561808
-5.553782
11.468800
-18.389194
-2.545449
-33.882160
-2.694068
3.233257
13.059132
-6.499086
-23.950752
-10.350222
-4.777256
7.841200
-21.134554
-15.888808
32.857361
-22.411055
-16.683479
-22.217655
-19.722345
-8.938801
1.211652
21.371771
-9.562052
22.536779
-0.319957
-1.885231
10.315549
-15.890403
1.892126
31.891245
33.259670
-10.021867
-11.640559
11.115454
-24.877153
20.041849
28.228109
-16.626942
-27.326670
-17.017275
27.844967
30.186062
-5.320707
-2.020450
-21.861790
23.840137
9.155581
2.451243
33.752235
-23.932196
24.539255
41.854740
4.937858
-16.673042
26.555357
-15.478580
9.362203
30.811462
-20.220123
-8.041245
13.301983
5.566382
6.875983
-19.964485
-5.827948
-26.070797
38.544937
9.606557
16.116453
-13.893557
-21.993832
6.177426
12.998040
-26.641773
-16.279900
-18.971718
-20.476166
-6.089739
4.170963
15.312309
21.002487
4.878420
-3.463062
15.087458
-21.824421
-25.901474
-0.055806
19.752066
-5.644844
-3.510183
-40.608284
-27.175325
37.255474
0.393309
-6.700664
16.913158
-10.900807
4.748745
11.271323
22.463058
-7.992972
0.420532
-0.751111
12.038602
16.312624
-37.838425
-8.127778
-2.655112
-18.875801
0.229401
-10.278893
-19.409243
25.742029
6.520398
31.459192
-29.626053
10.397667
-14.559132
18.668652
7.116126
-27.591513
-5.448431
-5.899445
21.735659
-15.931932
5.080677
-14.002574
-27.583084
7.967293
-22.126638
7.752678
28.202703
-21.692017
-22.089067
13.343025
7.707177
4.649493
5.582783
-26.129438
13.306806
-18.530033
-18.489035
8.928548
8.601190
5.517011
-16.889759
4.475472
-3.953023
21.871433
-11.919890
-2.200930
-22.189007
-22.671316
17.729280
24.417173
6.833830
8.169125
-32.258816
-27.931189
-19.731678
-23.745054
0.828209
-25.822611
19.439543
19.778502
9.548646
-14.770442
-3.340808
-33.327759
-9.194629
-6.253886
-11.620017
-7.760805
14.810453
1.907956
-16.913315
-36.910038
-18.812626
-25.102623
-20.740871
-13.175571
16.711348
17.361713
9.022442
36.176842
-18.235630
-25.218901
-16.588047
3.825289
24.402674
-3.618644
13.134552
-11.479828
1.772059
8.410406
-10.171682
8.981581
16.958887
-4.334456
-2.621874
-24.067852
-12.872257
7.667660
-30.982458
28.498877
14.965328
17.167320
-28.084425
-2.544933
-22.272821
-28.355736
-22.965151
-12.948744
-0.971071
9.701303
5.646849
-9.788549
-10.215166
-38.337967
-11.264862
27.589016
10.844902
-17.915546
35.659283
16.499256
-19.634314
-11.495305
21.025295
-3.982829
-28.339661
2.202338
-13.558662
-20.889605
-0.748985
-9.860997
26.056686
34.087360
20.688414
16.944876
0.928874
-4.162319
-14.717766
5.467844
-35.272739
24.254364
-14.926753
15.542461
-14.637477
23.840178
19.168005
-16.333191
33.732914
-24.218321
14.321913
27.275972
-21.419695
7.933463
-29.879810
-24.071886
-39.344208
-15.088326
16.729115
-7.437909
13.148432
-3.253483
18.622580
18.935644
15.849890
6.528119
20.353737
-17.145229
25.300493
22.837751
11.070663
14.048313
-16.577734
-23.111309
-22.943005
10.530568
-8.215370
8.456653
-11.774734
9.617434
-20.910202
22.488396
-11.027744
24.290392
18.800707
-10.191713
23.046482
-23.818895
-24.627989
-32.607471
18.030914
1.188519
19.228172
14.290440
4.768447
-17.189770
20.517935
-7.318828
9.084046
27.452824
-9.301994
10.695810
9.378798
35.734291
-24.643127
-12.169786
-5.497165
-1.253958
14.918165
-32.662018
-21.212318
15.306255
2.956394
-6.513729
-18.391043
16.504118
-2.997734
3.522860
-23.215155
36.654156
9.374267
12.450132
-7.550739
17.872038
16.741217
-15.999828
6.122373
-3.791484
6.327860
18.485577
10.422888
30.169338
19.638868
17.167791
-17.499138
-7.921401
15.416950
10.856852
24.414251
-10.969349
-3.287327
13.549938
-28.049145
15.881560
2.074575
5.607610
14.488837
-7.696833
6.721636
-20.298761
-18.204218
4.402044
20.874430
-10.719080
13.001517
-18.940359
20.768560
11.253888
9.859444
-27.887789
4.575067
-26.864454
5.368942
11.169561
-20.263041
29.999775
-15.891852
-8.655389
-30.151106
-9.754157
14.238039
8.674271
20.565235
1.983702
9.697496
4.232622
-14.800929
13.988208
1.335988
-24.695557
13.127899
-10.134130
-27.190210
11.987499
-25.558836
-5.952442
18.412378
10.790623
-2.527252
19.388250
2.258544
-0.373741
-21.040226
6.375771
4.425882
22.464706
13.172359
0.732282
-1.375887
4.423825
20.292955
9.555947
-5.988336
-2.972062
18.576435
-28.097113
-7.453878
-24.180109
-17.646156
26.231928
-12.029690
-21.370428
-22.030523
-7.250664
5.688190
7.110673
15.173748
49.503506
20.922211
-15.155512
26.332355
-39.749165
14.710391
-7.790791
25.792612
14.770332
3.483516
3.513848
-25.948763
12.035914
-1.825938
-18.903326
9.922915
-18.012127
7.112805
-26.233192
-27.842066
27.408365
13.384193
-20.605457
21.434681
-10.020207
22.391041
1.915927
18.830566
22.179760
-16.155523
-13.771511
-3.442572
14.722585
12.835841
-21.869383
-3.966523
-23.819059
4.109112
7.227644
-1.471663
10.935266
11.745259
-9.767246
19.317739
3.284314
12.107800
24.003344
6.976517
-8.070026
21.731327
2.711791
12.704495
18.685183
-16.688534
10.612526
4.762401
-18.207640
-6.131713
28.676765
13.974125
-5.675567
-2.904504
-15.421947
22.407793
-10.021224
-0.032284
-16.154572
20.743486
-9.542542
-37.600697
-25.008156
-21.352350
-27.076956
31.261971
19.365679
-14.759550
-19.951218
-25.312338
8.439100
-17.013781
37.384987
8.533278
12.934386
9.993320
6.023833
-8.459230
-8.620758
12.588896
8.674816
4.209106
6.143039
-7.021472
-16.087473
14.334154
18.883533
22.984163
-22.383314
25.053282
-13.012717
-15.566521
-19.326168
-5.054010
5.698183
4.162299
9.147433
-16.477957
26.348804
-25.309864
-2.554372
16.200382
-10.375619
10.338203
-20.317289
-39.263996
-5.557219
16.386213
-28.886597
-5.055518
21.027824
-3.260654
28.065136
1.863789
5.490190
-12.568404
3.538160
20.926203
-12.963073
15.709914
24.301094
16.291679
26.568344
-18.676077
6.864814
3.945950
13.660679
9.555035
25.574202
-2.047422
6.832706
-36.284584
-23.817616
12.906965
31.143814
-11.887248
-29.897907
-7.429273
20.300606
-11.833242
-2.541458
-1.162765
-2.305255
17.089966
-39.199520
-12.747887
16.699629
-2.179036
-15.843472
-9.066358
-5.825274
-4.159768
-5.925530
9.036911
12.259449
16.669987
-15.696062
-26.066414
-19.286739
-21.349487
1.312921
-13.014372
19.071882
-4.289843
-21.074923
-22.638943
0.937038
28.764006
-20.404051
28.551685
11.214719
9.964640
14.595817
2.612502
15.426144
16.098227
24.073038
-11.205002
8.565666
-10.024963
16.428297
6.293288
-18.082150
11.363585
2.680075
12.397940
10.087783
-19.135786
-7.346362
-1.081765
-10.183454
-10.444207
36.598473
7.432132
-18.810495
-11.956829
-5.091535
1.980745
4.674612
29.494843
20.885338
14.133185
0.045442
17.239143
-0.434116
6.752160
-34.246769
33.741711
23.544155
-3.367995
10.289629
6.934424
-3.574970
-29.564117
-14.981261
-17.342043
-19.351122
-23.585625
0.136310
4.324833
13.442106
31.200733
-32.193054
16.418781
9.583760
-17.335785
15.362045
17.642324
-17.729372
-7.505539
4.308867
-1.904942
18.023779
-29.604649
21.324501
-4.074373
-11.993035
23.121025
-19.391056
31.954704
15.511767
2.970591
5.228320
-4.994833
28.364054
1.195775
11.506341
15.329274
-50.182980
-18.870499
22.485601
1.561350
3.690560
9.801390
2.839559
12.902021
-8.992215
9.152363
-2.496723
20.499779
7.467022
7.659951
-24.504002
24.607431
-8.447675
-1.028015
-10.171402
-15.252549
-18.069221
-34.627594
-20.467602
12.606076
-11.988053
-25.862303
19.319309
-16.507210
6.294723
-18.431643
6.685675
18.628111
-9.361730
-5.369770
9.919659
3.981253
27.080101
-20.775679
1.522508
27.514477
-3.954171
9.640788
-27.326532
-9.028912
-3.949910
-8.184237
28.933146
-8.647914
16.318619
3.354270
-12.135435
23.536234
7.257633
8.170456
37.476521
36.149185
27.331432
18.147247
-28.301109
0.406446
-22.633221
-10.080315
-9.956251
8.465064
0.257836
29.231922
25.974754
7.183467
8.595040
-8.342315
5.636079
27.127598
18.110754
-6.290637
-17.701979
-0.618554
16.758520
21.686426
9.193892
-20.149178
-4.232397
-2.242993
9.232780
6.677769
16.784260
11.812915
-12.210502
-30.219429
25.657080
0.420000
-11.074457
-1.491279
-22.492113
28.247944
-3.894767
24.108391
2.885085
-2.835778
12.941444
-1.160458
-13.732686
-19.169453
19.907528
40.162384
18.473223
7.241650
-12.538515
10.568561
-6.877020
6.441226
-12.203319
-3.254613
-26.992435
-21.433020
-11.316376
-32.729378
30.313107
31.809599
28.466427
8.124493
0.741174
-5.866263
-24.258356
-9.494526
18.584461
-22.807974
-11.000087
-17.373238
40.571266
9.608564
14.931666
12.274294
-47.747913
5.672431
-17.787783
4.885528
-16.483688
11.697929
10.440434
-28.150936
22.108355
-12.175784
-17.316019
-35.415771
-17.689606
0.470794
6.159182
-22.062067
-36.714779
8.705459
7.339440
6.655363
11.527262
2.858129
18.987644
18.440849
18.093313
-4.024165
5.564876
11.295936
2.695748
9.056274
24.645527
-13.664448
0.595729
14.519003
6.984028
21.624195
28.117849
-6.496768
0.182250
-30.116890
3.586472
13.633947
-7.227957
-0.987427
5.454307
17.774092
8.287253
-10.305497
27.616911
11.773470
-4.755586
-2.446245
8.588663
1.691513
23.354303
-23.786211
-5.331686
13.167907
-24.870111
-7.273969
19.032747
-14.011934
19.950291
19.211813
9.648147
-5.119018
29.485176
26.491259
-28.350479
-26.697029
15.327577
22.211496
14.009212
-16.777832
9.893135
-15.039219
-20.235733
-11.479490
-1.444458
20.753189
18.958958
-10.521239
22.516216
10.392783
0.706372
-14.045439
0.016924
19.654594
3.021213
10.225267
-21.499443
-37.069023
-27.734447
-13.242302
3.780291
0.853397
20.970396
8.106010
-18.726944
34.167118
-24.422297
-17.335875
1.350002
11.226357
24.270565
20.083212
14.352328
4.300218
3.743133
-34.622059
-3.850847
-27.811808
0.411153
-16.915901
-25.902576
-27.696507
-8.102307
-24.555496
-43.536358
-11.077066
13.104949
-11.377499
13.198373
17.737480
-38.496292
-9.516818
9.440804
-4.439883
39.992233
1.470680
8.515147
-24.518898
21.108658
-14.578002
22.650980
7.929479
-37.358097
9.110144
-6.439203
-8.576364
-22.032148
-17.155062
25.496988
-19.619202
-4.140629
-6.403277
-19.823584
-13.850674
-28.392818
-2.965624
-17.114969
-18.872103
-19.808344
3.862296
-24.464352
-19.967300
-16.262369
-25.101297
8.042718
-33.819927
-12.358517
17.393339
-14.256308
14.441067
19.497839
-12.893484
-41.581051
9.530478
11.452280
-17.868568
-23.292645
-29.479744
13.072169
-32.462868
-29.287756
-11.993841
-3.230302
-16.132196
4.407282
-14.304841
-29.777576
-17.716080
-20.890442
-34.154858
-16.746788
0.909338
-21.537485
15.728740
-26.099897
-11.723846
-20.906847
-17.613695
5.966682
37.910995
-7.866653
11.906678
8.806387
-18.637482
-6.450608
16.301119
-23.084270
28.018866
28.742373
-22.504688
-19.650700
4.975679
19.148470
-14.497103
-23.963642
-10.689919
16.590778
13.695741
-12.518396
9.039976
9.105613
-2.005538
-3.279531
21.132839
25.328060
-1.138685
-18.205780
-25.823368
17.375870
-22.664061
-11.649884
-30.271626
8.682165
-40.087543
-14.076288
2.062255
-37.355556
-9.273995
22.881676
6.474813
12.593035
21.561874
19.216728
-38.843700
17.246223
12.993382
23.358334
29.591253
17.085943
8.769509
4.474568
6.519807
14.280332
-12.169456
15.155335
25.179092
-22.228779
2.833472
28.230360
-22.459597
9.283462
25.407642
-3.307719
7.701953
-4.904778
-18.004278
2.918391
0.693970
-27.104719
-13.853824
22.495621
18.273027
-3.372572
-17.449203
-7.785458
0.831076
-33.722202
7.412467
36.293648
11.416691
-20.321974
-2.780292
2.922393
24.534756
6.547364
-1.042930
-12.045070
19.267078
-12.403958
-18.004391
-9.427253
-40.554417
-8.194372
-12.588073
-24.086411
-25.424841
19.040813
24.948395
-22.451242
-3.635789
10.823319
15.709891
-2.253314
21.721130
3.397102
3.398818
-20.378647
-6.914824
2.454252
16.484705
6.755877
26.623129
-8.359526
0.424212
-27.410501
21.200777
11.192706
26.465681
-29.851645
15.541457
-3.982108
4.926092
14.656962
-18.594818
-12.757402
12.198348
6.823451
-35.725262
25.248699
28.466564
-10.175307
2.337564
-15.530158
9.346880
15.655325
29.305006
-16.257935
-17.462400
-10.623150
16.200817
4.687181
-23.707401
25.977396
-16.553980
-10.015659
17.135130
21.776012
1.047335
-22.671324
36.119713
0.827467
-26.320246
-14.738860
-21.183708
20.891548
-21.649654
-12.603501
-20.954798
15.475581
-15.897024
-19.346550
-35.546196
10.039336
-20.199717
-6.599806
7.374740
3.717878
-6.983557
-14.524163
-11.420300
-18.981966
-1.165823
-17.278913
-21.306686
28.643808
-10.029500
14.297843
6.394372
-28.525343
28.785650
5.176090
-11.290967
-13.885802
-3.997543
-15.360560
-19.773893
24.545935
-19.502405
4.934144
-8.119122
-13.739027
0.246153
-20.313793
15.945273
-22.739923
-21.556715
17.954695
15.251939
32.350292
-2.924082
2.719380
17.355040
-30.554008
-1.152999
-26.159624
4.632709
35.034336
34.844666
11.387573
17.830612
-0.945099
2.052534
14.221241
3.300612
-16.134941
-6.482621
-10.710431
9.213206
-9.801669
-32.523067
-1.401308
20.525957
21.164667
25.247038
-32.484035
-28.161152
-11.060165
-1.636214
-29.827997
-26.751570
-13.806921
-11.323849
-3.388787
-14.780598
-17.742674
13.101443
-22.034729
-7.704256
-20.442423
19.770918
-23.254446
12.076156
-3.777010
-10.196568
-7.582598
-38.406815
-22.142387
3.607007
-12.040504
15.140166
1.573965
20.066107
-4.528834
23.207857
-7.209141
-14.505019
-21.495766
-25.739414
37.254215
-9.143905
16.382914
17.330175
-15.238116
-1.665558
8.716271
-19.646908
-21.947054
10.942292
-12.624215
16.330225
-26.477924
-2.162263
-35.160278
-33.622593
-28.312996
-4.681983
20.907915
26.381294
-11.816478
-29.522743
-25.799091
22.111319
8.284700
7.461534
-6.950284
-2.824183
-26.999464
20.735565
32.329639
30.695936
-18.859213
-15.242266
5.518987
-1.027104
5.339076
-8.624316
-2.430066
-19.148983
23.180233
-1.733119
-18.261368
29.315016
29.792494
-24.583687
0.342001
7.524969
-26.229548
24.767366
-20.644291
7.808352
-12.559980
-18.935173
-12.007723
20.344589
27.336493
14.863536
15.219922
17.018213
-14.265973
-21.796284
-9.230886
25.514795
5.553014
24.193237
-23.079189
-21.298189
29.449835
0.135324
-4.931181
11.472359
4.057500
-11.772169
-11.366054
16.851612
19.259119
2.965660
13.485258
14.690001
-18.725235
-6.930804
20.640100
12.507332
1.305834
22.734715
32.856468
-4.312882
20.835436
-3.432214
-2.525150
20.698006
-16.890545
-6.933949
15.963546
10.468290
17.783035
0.112598
-34.492306
-8.873273
6.783476
-17.070646
18.399097
-8.630797
-3.047769
26.055637
5.562743
-18.864702
-13.368981
-5.932477
-7.200564
27.038683
36.448112
16.467230
20.543783
28.886986
-23.080486
-0.956872
-9.330250
-2.095029
4.433415
12.846005
-11.139581
-1.387662
-19.968811
15.206216
-11.944545
20.562389
-21.879036
-18.441326
-6.324708
-30.845610
-1.995908
-7.341971
22.702768
-4.445192
3.860920
-16.732376
16.311354
6.075737
9.854068
13.073006
-13.406464
-14.742690
25.077429
-10.545259
5.858737
35.496967
-13.078206
-24.333120
13.701982
4.017213
-22.934315
6.939941
12.685877
21.685921
27.152294
23.918941
-24.014858
-31.299940
23.918407
3.168525
-24.178469
-3.347538
-19.164394
12.646096
-4.338292
3.233823
4.114360
-17.850677
-5.850267
-5.548709
31.761631
27.100784
14.583581
1.485747
-18.767269
-2.049754
34.126778
18.579649
-24.054701
-1.820927
32.047100
3.826215
19.455492
-5.856123
23.312401
-11.924316
35.046932
11.583282
-10.734947
-6.880960
-27.100344
-28.128908
29.740469
-7.581473
-2.283408
20.523741
-24.517010
37.776669
-26.466543
13.739681
17.512114
1.104236
24.329763
25.959307
2.564221
-15.074840
30.988346
-5.365779
12.421223
10.712597
9.258713
-20.964661
34.907879
-4.712315
18.863300
3.819690
-28.545334
10.901166
-13.322836
19.520098
-25.146542
14.810665
-23.926779
-4.915064
-2.523866
29.037098
3.393324
-2.806432
-27.812277
-6.919504
22.250881
13.391759
-2.826226
-10.383296
-12.008204
12.904784
10.767163
8.126299
-0.491554
16.327127
17.164389
-14.926772
-20.725037
15.631263
-21.214233
8.145205
-15.112835
-16.811110
8.374640
-20.419342
-20.073786
41.747181
20.167936
5.760027
-9.937463
4.078754
2.412340
-16.528028
-16.934500
-0.990448
1.178904
16.399199
10.725178
9.603307
-7.548189
-15.949870
15.033916
-18.763300
-11.866209
-22.434031
-6.069096
-2.252007
12.508465
-29.763792
3.551690
-25.153934
10.386455
0.861515
-20.309851
-7.726915
12.803600
-3.782060
-3.952169
-18.039604
-0.068212
-43.696388
-15.106060
-14.908542
27.994396
-25.616913
8.729815
-6.247613
-23.072075
-19.501192
-7.914837
-11.932970
-18.943052
40.569454
-38.923405
-29.562679
12.291252
-12.066194
18.044867
17.597136
-40.490524
10.395427
-6.781048
-6.444410
13.982791
7.337995
33.203785
24.089773
-20.315985
-17.532080
-37.173355
-15.204625
-13.668084
24.560982
35.922585
12.749498
-13.200522
-26.278389
1.845203
-23.950079
38.518547
17.886162
-10.894954
14.029578
24.784540
7.046253
-26.124788
10.042097
-13.438918
-6.004521
17.335823
8.342196
-2.146669
6.379171
14.113650
-9.929238
-10.762328
10.397142
20.131443
10.940737
-0.962689
21.529844
-31.536329
-11.706274
-13.604914
-12.587206
0.743243
-11.474208
-27.837023
-4.314995
-24.292562
-24.100725
3.737665
-12.897534
4.466012
6.843249
-20.836800
4.029337
22.335440
9.099603
-8.331220
33.676865
-24.716400
-19.563549
-2.484674
-7.888878
-7.430596
-4.093705
4.198733
-5.299261
-1.928205
21.836142
9.323048
-19.160593
-19.436041
-41.479172
29.974363
10.335730
-38.503380
11.494443
-0.781907
-9.303529
16.235258
-14.925394
-25.404924
3.697260
1.641580
16.421793
13.113139
-7.072721
0.935964
-10.508778
7.278414
-20.237568
20.785152
8.519452
-34.468334
-30.238232
17.003643
-17.282579
-22.482330
5.902820
-1.735768
-29.000189
7.257625
-20.959570
-11.991058
1.460015
-12.158900
-2.683632
-16.351833
20.942366
4.973932
-19.886465
6.186945
7.035878
14.852265
-26.836479
5.631299
-23.449774
-8.938373
3.695581
-9.581135
-25.917046
-38.987991
-10.095902
-29.051708
-4.443773
10.919263
-14.536201
12.883565
2.505043
-16.621302
25.313824
6.059744
18.587824
-15.124969
2.709526
13.693749
-14.992585
-0.747131
6.460284
0.264497
-21.719118
18.891296
-8.198841
-33.359215
-15.696220
17.678705
30.682732
17.377880
13.828865
-11.983883
8.586232
10.722992
24.851925
-19.972004
-17.696350
-10.864389
19.882139
-18.128614
-17.054724
12.572093
-10.901784
3.587986
-1.361198
-19.921900
-31.254274
25.359119
-12.661420
-15.701868
26.676411
-1.516005
-17.199987
20.630243
3.888019
39.073189
20.589737
-1.776197
2.037880
-25.413956
3.450444
-1.505549
-11.025342
2.645731
-5.068686
28.452265
-27.038284
-1.511249
-28.397139
-35.208569
13.603201
3.900372
-27.763798
-21.856529
-21.058533
25.632904
0.006904
18.734707
-9.464186
-13.680142
-0.921055
-10.805818
-35.242699
-4.922562
1.552094
-26.638037
1.274619
22.043653
-5.435360
-14.656446
1.384914
-10.494726
26.559418
31.875078
-13.280680
9.448919
-15.759758
-3.770546
17.556318
27.683645
-11.304914
17.942606
12.973416
14.135454
9.789424
5.865489
19.678410
12.816929
3.039774
16.512911
-23.338812
5.631055
-16.473179
-6.795062
-7.088398
8.254518
-10.601009
8.969620
8.572037
-8.968505
21.976475
-3.588826
17.119513
-3.787152
-15.101938
22.680151
16.123493
-1.973604
-12.412013
-0.269534
36.494362
-0.372966
-10.561799
13.079044
-23.453802
-35.684917
16.913912
-7.114295
-8.336179
20.027340
21.076368
-16.692347
26.362574
-15.857385
-13.309937
-20.439943
27.490997
-19.413868
21.171366
-16.080706
-24.827253
3.391918
0.806044
25.312675
-1.514373
-22.745617
2.093724
2.679009
-16.455908
20.849934
-28.715628
-27.957230
-39.040897
-15.521308
9.146826
-19.717552
-1.700884
-18.802219
-14.086257
14.634682
-18.535427
25.146345
17.755829
-11.764131
1.036830
-10.878515
-16.319033
5.663568
-32.802147
3.210068
15.929086
18.091768
-8.988885
24.119131
11.559796
-21.498482
-0.245583
-1.680268
4.479306
-19.406109
-6.566280
-13.520759
-8.224907
19.185450
25.157072
-37.951164
-12.851539
-35.671295
13.187327
26.520004
26.028646
26.323912
9.871414
21.015219
26.567181
15.603350
30.597361
-8.996428
1.469776
-0.387499
-0.292342
-10.531884
-10.223037
4.067761
-1.264861
-18.992441
0.910180
22.302412
18.319668
17.248560
3.825601
-16.416807
-14.556869
3.831539
-7.737031
19.390505
6.091336
13.115291
1.454283
8.012880
-4.158311
-19.479992
-22.564770
-7.132762
14.123970
-1.962771
32.117844
9.509517
4.364497
-12.004466
18.169165
23.758137
1.162091
15.281540
23.700167
-17.741196
3.418355
-35.929153
23.980087
8.020104
-16.370703
9.117604
-6.648670
19.125612
24.266483
16.101513
-18.486801
-13.242196
-14.750195
-22.981998
-24.235699
13.657338
18.516840
-7.926655
-10.886531
-5.759146
22.990402
-29.782093
13.175079
-25.183973
-22.152719
-3.737261
26.498768
-1.395501
-17.671776
4.748973
11.065460
-14.970348
20.211809
-27.762726
31.494287
-8.653360
0.152279
-21.812799
-46.698639
-13.449713
7.503954
-25.310743
1.841012
13.851385
-35.987450
0.312411
5.611131
2.360589
8.390884
-15.907642
-14.615460
14.214739
-28.264292
41.427387
8.064106
-15.364336
-37.050606
-3.886154
15.581815
16.708937
27.054760
-17.622799
31.161570
-18.851902
-13.574073
-30.193596
5.261959
9.683091
0.025521
22.129612
14.940447
-9.659781
8.554347
-10.525578
18.751530
-30.049885
4.564611
-2.488063
-34.569199
19.391680
-15.003963
-16.212519
30.089579
-20.509218
6.766169
16.077122
13.749813
23.352951
10.215445
-9.783775
4.566364
-8.584712
-10.561038
-35.067104
5.408926
-0.349361
2.799379
20.396580
9.215069
2.968177
10.547841
-10.947482
-29.023352
24.748962
-11.855027
-12.649514
-2.359592
0.198564
8.895124
29.083036
14.328902
1.963206
-9.306293
3.272987
-11.315227
-23.740673
-13.797190
-3.374914
20.299702
-31.559763
-11.320322
14.305269
19.539688
2.773355
-5.021012
-1.040810
27.500181
-19.386616
-17.946619
39.431149
-18.808500
25.222900
-13.851653
21.700327
-12.092631
14.582036
1.707026
3.673594
-14.414143
-36.399696
9.603969
0.937353
29.011763
-11.708187
28.728964
-45.099545
-4.723065
23.248058
-28.451204
21.711887
-19.429546
18.252756
16.188704
19.694227
12.769470
-4.023136
24.233034
-11.768579
-30.819441
7.751147
-5.206212
1.978528
-21.117132
19.941542
-9.700751
-23.830496
-28.140831
22.886452
17.624743
25.228931
25.116501
-25.238636
-4.653720
18.190781
18.464344
-29.502909
-24.351658
9.093310
22.290762
-16.375174
-21.463381
-21.454035
14.399449
-7.244586
-27.156487
-29.525396
6.717719
-24.412794
-3.451597
-27.226004
9.809093
-16.376629
6.665998
-35.676922
-8.420740
-8.477736
-23.718479
21.208292
22.128096
7.639703
-30.476559
13.674430
5.310857
8.624338
-10.596657
26.398096
-3.466226
4.618951
-3.144501
-16.068632
-5.214571
11.064430
14.138058
-12.423085
1.111079
28.690472
13.125954
6.929690
-17.889347
8.909587
-9.872005
-3.193048
-32.411533
2.300288
6.720629
-17.451015
-18.387260
8.817597
25.496992
-21.424065
30.377993
-8.599756
13.358169
-5.784122
-5.070729
7.566531
-16.132925
4.029699
-9.629596
-22.824648
0.298675
7.123121
25.443886
7.252150
22.889183
-11.388164
13.805202
17.508200
20.631229
-0.918771
-22.872759
11.473652
-32.613415
-1.256779
12.614664
-12.943646
6.104947
8.689430
22.669466
-9.262671
-5.017086
-2.303101
-6.990911
-3.481692
29.599129
5.408056
-30.094435
26.488703
31.017885
-29.662262
-6.172299
29.642220
0.050629
-46.345142
5.062394
-9.156533
-22.201641
15.192304
-3.684316
-17.477524
16.648916
-5.424689
8.805442
-26.127485
-14.362356
5.101691
-6.549309
-18.415073
-17.145908
16.425545
33.046120
-14.910727
-7.355343
36.929249
34.718414
-21.971876
1.825185
-28.159859
-29.758827
-25.813169
35.682705
-20.754410
9.823286
-7.497312
29.226233
5.804316
24.017376
-2.734444
-13.486658
4.322602
-0.333128
19.446943
25.785347
-25.561888
28.768637
18.646763
23.829029
19.679087
11.426273
-16.720758
-5.800199
-23.086260
25.265326
21.349802
23.594238
-17.408054
-25.848808
-3.406023
-21.607492
-21.142843
-0.643705
0.751727
9.741134
14.459347
7.763823
-18.414263
16.405321
13.670089
10.778075
-4.603669
14.917527
-16.432388
18.804550
-23.828642
16.701586
23.949060
7.126461
10.825354
-2.476710
31.411924
19.848747
26.680700
-11.511188
-10.349791
30.358656
-20.007139
5.753503
-24.904272
24.348619
18.613920
20.742676
16.777197
-15.415322
14.050102
-1.968176
1.533673
-22.215340
16.996773
-6.429143
14.378419
-40.315945
4.291965
-1.447544
9.018451
-23.119175
18.425158
-22.755007
12.989519
-3.380818
20.880394
21.892282
-30.749653
-13.860090
-3.022186
-15.746011
-7.185039
0.855242
18.399485
-14.982244
-4.011694
9.136130
2.846051
37.206688
6.282719
-10.857083
14.113391
6.905448
15.510003
-28.008305
-38.106701
-30.131729
7.650630
14.234618
21.310066
1.732136
10.137137
13.824621
20.885874
-18.791857
-23.065136
-2.831611
-10.560714
0.607941
-0.744701
-30.879772
-41.163383
-4.563777
-6.082507
27.582548
26.328419
-4.543611
-6.274434
-47.130512
-0.766262
9.525784
-17.235146
25.025869
-25.823174
-37.115292
4.560945
-15.243390
-12.328292
-27.174950
7.408669
7.140498
12.848632
29.731529
-5.370800
-15.495373
22.781857
-11.838588
26.475710
-10.487199
31.221310
13.085140
-3.286469
-6.898154
-34.909542
-5.288560
20.085350
-26.998955
1.468130
8.979686
-22.263035
-20.463793
18.462616
-12.086246
6.556907
-4.779488
-7.871849
-14.564530
-36.374668
37.376755
14.074316
-6.868642
29.619200
2.913316
26.168329
13.968818
10.631250
-17.881123
0.357681
6.505197
4.061970
0.995736
-23.659594
-8.463213
14.629716
-3.494019
-33.412518
-20.935648
0.771933
-3.809449
-30.842628
17.372368
25.850582
-14.292906
-12.338741
1.168905
16.880610
10.890605
-2.558400
-10.410400
15.595312
22.290890
10.396818
-11.249353
14.571508
-2.464295
-8.997569
23.432707
9.323193
-39.972591
-0.545267
7.856679
2.053197
8.590921
-28.810061
-24.561110
5.776058
26.514236
-6.266581
-19.717447
2.275439
11.243798
-15.742717
0.949853
-9.396118
-13.295506
11.916848
-27.316740
7.874681
-1.265788
-8.253518
32.021412
-4.635191
14.769781
-15.768315
-10.212443
-1.852823
-18.118937
13.889596
26.330349
17.407593
-9.771931
-21.480467
0.385627
-18.526093
-15.644176
-30.805782
27.009287
-4.138370
-1.576315
7.939815
17.193390
4.780608
-11.657396
-11.612192
-10.455284
-23.567221
38.528137
-26.186068
15.216509
24.163958
-4.913071
35.076897
-22.020107
1.983269
-8.089217
-30.408545
-29.481062
-12.768791
13.996518
-20.315020
-18.139555
29.142632
5.431246
15.517021
5.514979
-4.348866
-23.396662
-0.207395
4.011736
-24.640322
11.483662
1.774797
13.539603
38.555962
0.057279
-21.735979
8.110934
-17.135893
21.194151
-10.960896
32.730518
9.353293
-3.249314
-3.707477
25.554621
-40.107517
8.142701
-22.439600
-9.114223
-24.008739
-40.447269
13.331085
6.282225
-13.091612
0.797384
-5.940213
-23.003822
-4.880790
-0.857021
2.317928
-21.963213
30.477200
6.620085
7.389258
14.018479
18.292425
9.455971
-22.429308
-10.837921
30.013893
-23.900948
35.377419
-2.527056
6.919706
3.460764
-0.513721
-14.622169
21.986603
-24.218342
-3.116270
-5.352011
33.684849
-16.967445
-0.059508
3.373023
-11.343566
26.542727
3.266142
18.199699
6.445566
13.880711
32.587811
14.981844
-0.303939
-16.690491
-25.588549
-1.391464
-2.867195
21.264133
-16.158928
9.126074
6.840103
-15.026635
5.756648
10.368979
-13.876737
12.259706
-23.185236
-10.836845
-4.226867
18.136242
5.193847
3.669672
0.415766
-8.735596
-10.329995
16.874063
29.431450
9.038047
1.855579
-23.170326
3.287597
27.757397
1.006588
6.992354
-20.465733
12.295667
-16.057039
16.244600
19.997276
-31.787170
-7.723925
-14.645799
-19.890923
13.406361
22.420628
-16.833673
-28.975651
7.223628
-7.419422
22.887899
-15.844705
0.366714
-23.895540
11.325261
7.445914
-15.254131
15.286166
-4.931360
-29.592068
3.496418
12.619548
-17.303415
-26.345434
-5.814716
30.501968
-1.052358
8.188743
15.642023
5.541238
17.145355
8.783304
-22.939625
5.358609
12.762987
7.714273
16.447748
10.019520
25.882391
11.358050
23.324018
-16.438652
19.480961
-25.628345
29.061697
-32.976452
-3.470915
6.002577
16.545206
-5.238980
8.763276
-12.964954
-11.451025
5.376201
8.591985
14.603664
24.884325
-20.676720
20.816238
11.766970
14.145843
26.884459
-13.821126
10.230653
16.193081
30.297096
24.774696
-32.011349
7.163923
11.191088
14.383585
-6.898992
-2.517885
-15.256490
8.077285
-9.207942
10.704543
-15.916772
-5.100569
15.911892
-10.694945
2.315583
-2.139704
6.398221
-17.187929
4.995106
-8.611689
12.299267
15.737206
-30.363268
-4.899071
20.681665
-39.096867
17.521925
-0.206722
-13.019421
28.451887
-13.924088
-18.604326
13.137585
-20.529200
17.664949
-39.495750
7.142484
-19.357147
28.629307
8.316629
25.353662
-1.260609
-33.196857
7.040870
19.750092
21.162935
18.272522
1.546013
18.615646
-27.022663
-47.575539
17.889196
-23.744867
-29.443457
1.250327
9.649316
-5.708219
-13.455671
20.663439
-17.070721
23.335110
-28.795929
-18.905962
3.082281
-36.693462
19.323603
29.690996
7.410780
-5.747684
-13.129909
19.688616
-15.800175
-4.283182
1.514955
6.896209
-19.754572
-17.182701
-9.711548
6.585839
3.154161
27.126837
16.315628
2.516720
-39.658131
-18.189377
11.467509
10.849954
15.133676
7.271008
23.969677
-34.331348
12.985245
-18.982491
25.026577
2.256427
15.692794
24.854156
-19.455227
-7.445717
33.030483
7.460613
-29.914080
16.356833
16.134506
-39.143871
-1.096372
-1.639481
-3.407488
-24.391294
12.693199
-27.413918
5.416564
-26.019360
-1.362949
7.841069
-6.671920
11.262429
22.182135
21.391844
-4.637441
-22.888229
12.672653
-31.704369
-26.224712
18.481007
23.228411
-5.090509
-10.394811
15.098603
-29.639091
-25.186214
12.898596
4.675969
-4.246973
-23.544603
-6.493032
-12.043595
27.063179
9.837905
4.012672
-29.817762
6.413582
15.683909
-4.915479
-27.731657
-33.808804
26.049658
17.041689
-15.280305
-17.261271
9.746997
7.427302
-9.044442
-26.708200
15.056914
21.005819
-2.943234
9.114441
5.063830
-20.196783
5.524300
4.604117
-20.043653
36.298477
-12.520278
9.158730
-16.467354
-4.989583
30.413008
-12.541605
-7.830901
-15.037100
-39.978580
7.966584
12.043479
-19.379042
-17.631569
9.063449
-16.561506
-24.408541
12.582436
22.518604
32.280323
-3.456602
19.293657
29.065434
1.321255
-15.499870
-14.914557
25.395901
-14.076337
17.769098
20.709589
1.283670
-1.809329
8.384739
16.059895
-17.441570
-15.192284
-23.703945
7.225483
14.089983
-23.443298
-15.820831
-5.362321
-22.513403
-15.442977
-6.826236
-32.579262
3.482488
18.573458
-0.667406
17.012918
-11.890441
-28.803680
0.938415
-20.165989
32.026028
-24.135910
16.223248
21.582579
-6.108041
4.041272
-1.778481
18.260809
-30.092596
14.140247
10.084581
13.374775
0.999320
-19.578854
-29.967436
0.326983
-21.005957
-27.218830
19.867779
21.911163
13.442429
33.000965
-11.188897
11.039604
-4.051912
-0.636029
30.114847
-13.064960
1.229224
20.973583
24.387823
-15.055891
-18.142141
14.652498
17.727802
-8.662603
-31.370235
24.222944
-1.596992
-3.919992
21.094252
-28.357084
-0.445224
18.668594
20.282738
-2.947065
15.860783
-10.509402
-7.067596
-14.147760
-5.106222
9.765233
37.314491
-0.003196
14.258018
-19.132870
36.339050
22.242188
-16.923622
3.571406
-24.839373
21.443264
10.375612
-22.391232
-17.027672
-18.973282
17.668280
-37.163681
14.830964
-9.401934
-11.127013
13.374934
-5.751112
11.303317
-12.445995
22.165470
19.639368
-0.439692
3.886325
-6.116828
28.943731
28.543859
-4.053344
15.778070
4.323873
-9.958853
-29.468016
0.918822
-16.312885
42.360481
18.008652
8.443016
9.307003
22.483782
-20.573942
-7.147012
11.021276
-9.439285
-13.593517
11.190578
-14.295285
7.731031
-10.648799
36.776810
22.667883
-3.632423
4.385927
-15.814849
-13.591540
0.262135
30.000999
-17.034216
-1.266077
-35.831470
31.478174
-13.090895
-4.258924
20.238417
17.127817
-30.594402
19.926920
0.859727
10.063145
9.909201
-22.431543
-10.490001
36.167953
33.236729
-8.320571
-11.210730
8.312827
-12.688729
-4.052851
-14.148389
-4.123129
-11.006805
5.634142
17.135015
-27.126572
14.542233
-25.345751
-26.259382
10.775328
18.333323
40.315353
16.713776
10.375686
14.512773
-15.855933
-1.388474
-15.818371
-22.743057
-19.479658
17.570753
13.439230
-21.854542
22.201965
7.024842
-38.067722
-6.745008
-9.926419
20.081333
-11.197749
-19.829973
-13.678989
-20.910927
-19.467983
23.278297
-19.954542
-36.840950
-13.297656
-5.626916
8.700535
-9.596142
10.581113
35.296074
32.298733
-22.748455
15.645720
2.300540
-24.371058
-5.661796
-11.515653
5.994206
-9.171152
7.219372
1.663272
13.651528
-15.552486
21.781279
-18.103745
0.448886
11.087596
17.470394
13.109203
14.207500
3.492510
-14.807145
19.491026
-12.042949
1.811177
0.675168
-31.834845
-0.083756
6.855325
24.773598
16.554636
-13.104695
-20.780298
14.442007
8.278809
-11.205630
-9.189342
-14.605102
0.763993
-6.953024
-8.709517
-39.887657
-10.907373
0.498738
19.010115
-44.664764
26.703522
11.388082
2.754451
6.771359
11.460278
15.247356
19.975319
23.733500
14.975565
34.364971
9.323738
12.322948
9.878637
-8.165901
-27.033043
-35.864731
0.510362
7.425564
-5.575259
-26.884693
-25.356050
6.337015
-15.094134
-19.987427
-5.169331
-8.183018
-0.383105
-12.299650
4.369812
-29.127644
-20.863756
32.195095
-4.790984
-20.069630
22.189346
21.609055
-4.176925
-20.935886
-32.788715
18.695501
13.446550
-9.677297
-10.478657
-10.874578
-13.308107
-21.080126
21.086996
6.635323
14.575957
16.832832
-16.568142
-41.094250
-6.557277
-12.678564
-24.540304
9.953585
-0.929120
2.484193
-22.355848
-19.670525
-21.617216
-6.793313
-13.019724
-15.877457
7.337373
16.390774
-2.990520
-12.469926
-0.924921
-1.235757
-32.533344
0.727950
17.543684
-12.957839
-7.659040
-41.722248
3.501829
13.986906
-20.392679
19.103662
18.268049
24.294449
-28.754108
26.988934
11.570191
12.352872
-2.218829
-22.515011
24.168522
26.199354
-25.833254
0.352634
29.451126
0.288225
-11.358296
-11.739864
28.289631
20.466579
-5.898146
22.803680
-16.968336
21.428265
2.851073
-21.991434
20.498434
-5.737364
-7.467875
-21.861267
-17.572535
0.322517
36.158791
-14.019387
3.430910
-24.569862
30.254374
-33.570896
27.200220
-9.665383
18.005173
18.175816
-2.428633
-1.823838
22.979898
37.429611
1.942084
-12.549273
-9.663947
1.241117
16.466755
-16.940258
-30.778662
13.488102
-12.307158
18.383183
-10.037782
3.777184
1.043044
16.363935
-13.077864
-10.114113
16.324940
-0.622388
-15.938783
-24.009712
15.081061
-19.324297
17.936985
18.345512
-3.846184
22.475328
-8.633773
4.089679
28.594395
35.917774
-20.702150
0.779628
-6.578652
-26.301458
9.377048
-15.996257
4.532600
-12.836329
0.743472
21.360723
-9.605235
39.696266
29.065878
12.246904
-11.746471
-13.696663
3.190485
8.771148
-21.251076
-7.810408
13.636308
19.090382
12.614999
-28.520235
36.068199
-21.742119
19.773638
-0.468142
-12.889111
7.932962
3.911074
-9.279040
-4.511414
13.782172
5.211159
-11.103009
-11.510660
2.376770
-7.338458
-23.945923
25.488388
-39.970028
27.037851
10.643764
-3.746934
-20.976851
-1.534084
28.767269
-7.233317
-12.997499
-0.349018
-3.951951
7.362933
-11.981867
-7.912001
34.518120
-18.525717
-20.267504
-13.456567
-15.905232
-34.748623
21.400614
-3.497088
3.844784
-0.589223
-9.742254
22.186972
-9.492797
-14.312141
11.329350
20.209326
34.080521
26.624128
-16.084005
2.126905
-37.906502
-19.682831
-26.035200
20.437105
1.437464
-9.819525
-5.788064
22.793079
-0.728939
22.653280
-1.208217
-5.677119
8.046828
-3.134508
11.589435
-3.848527
36.683460
-4.298120
-21.379290
-19.768566
-28.278740
9.089629
2.551865
14.221118
-6.992218
-5.414941
21.000208
-9.426071
3.732450
29.735624
-22.205088
1.514843
15.706815
24.576279
11.118980
-15.689642
30.633844
-7.918878
21.628872
-4.526075
15.084166
19.298939
-8.886839
-23.361954
-14.186822
3.753825
25.025351
-21.876863
-0.261557
-10.238674
-11.391512
-20.475496
-17.667219
18.496258
-8.162397
39.327850
-9.707170
32.234268
-8.914335
8.799434
-2.652321
-17.054298
3.894508
0.208025
2.268089
3.795069
19.842085
-6.243455
-23.078526
-34.619431
10.880204
23.311813
-5.004148
6.511514
15.993245
-11.675302
-20.858673
-12.201850
-16.736193
-21.331266
1.105385
2.535507
-7.796359
-14.293454
-15.343290
-18.828659
20.962088
21.938259
9.467372
19.970039
-10.174986
25.602711
-24.373528
27.649357
-28.528360
-13.671296
6.975748
0.907144
-2.288615
-18.080688
-14.167027
-28.830893
3.139414
-2.478742
8.395061
17.554340
15.999499
11.990849
-7.517582
13.658195
15.533519
13.617831
32.976677
-30.807802
-8.675664
-10.297084
12.335796
10.934041
11.703980
-29.933613
-12.857144
-3.367646
14.507187
-13.974601
20.401236
-6.333893
25.837229
4.022804
-35.676014
12.670246
17.510780
-4.452384
-3.028388
-12.152864
20.421143
-17.179691
-15.835606
-15.055932
-24.729399
16.960300
4.155376
-18.496410
-31.239395
-4.852501
-41.914684
-9.000022
21.232599
-25.517881
-4.702213
13.628518
-19.578056
1.265607
-15.755782
2.759938
-9.290698
-21.999090
-7.607858
-32.286148
-31.950838
14.244401
-21.677437
-5.202598
-9.029446
27.162909
25.424528
10.438773
-8.340594
-10.849868
-17.784916
-17.702372
23.475172
-28.664650
-8.846105
3.752569
0.517926
27.632025
-0.372811
-19.786865
14.139385
-10.932796
-5.108988
11.611474
-15.340302
35.912102
22.408001
16.394020
25.090635
-26.053511
-17.461203
-9.868446
-3.460926
-1.957909
4.712650
-25.094908
15.526492
22.483181
-21.221893
-7.291347
0.436306
-2.407342
-0.639442
-13.508879
9.408139
-11.724576
-4.072405
13.669112
-24.902317
-14.102013
24.207426
40.274307
11.172102
-15.875567
0.885991
21.161732
8.552043
12.398770
-26.404871
-28.851019
-18.245863
-44.327747
17.558916
-20.020082
22.483557
17.700527
5.343707
31.985649
-9.018622
-20.471601
-28.667852
-26.876667
32.075451
2.606782
6.994668
19.670954
11.406484
3.562106
-16.905499
-32.180790
12.588962
-3.073241
-29.652119
16.768353
0.459788
29.650700
-25.882044
-17.643681
-13.427210
-17.116594
-9.674076
-19.479982
-22.629488
-8.742476
-29.313971
6.663052
21.178278
5.115634
-13.552890
0.485843
8.591434
15.854191
21.508596
-27.032053
-3.637058
-25.938747
13.885200
-26.766752
-21.133854
13.901320
35.539398
19.235546
23.251204
25.724997
11.697756
-2.468826
-5.844197
5.642176
-20.502258
13.788656
41.292736
15.498231
-21.009115
-19.552439
-9.390586
13.147713
5.826889
-7.522717
19.302799
-25.638420
16.864439
36.627010
6.619511
-10.567108
-39.269337
-11.143807
6.940663
7.142731
11.639298
-18.983440
29.125650
24.481575
7.882694
20.756069
-18.570843
5.171157
-21.281847
-20.507713
17.311768
27.028294
14.887988
9.101721
-7.739911
24.488688
-27.955685
-26.187428
19.799683
-30.010773
-6.160342
17.740967
24.972876
-17.455568
-3.389848
13.617400
11.213783
5.332118
-29.431482
-28.492022
16.823717
14.269696
6.754504
16.774527
23.861938
15.094851
20.385899
-25.759815
16.997740
-2.797072
15.071396
37.655796
-0.938810
4.098183
16.625156
-6.545491
-5.747090
-1.061476
12.407818
22.969461
6.434477
-22.925310
-34.528198
-26.069603
37.723164
-31.341705
-11.503186
22.453068
-4.543328
-11.085882
-27.487370
16.011463
-36.267040
11.935856
12.445692
7.861236
8.217107
7.847154
30.294168
-18.475586
-27.543175
6.904402
-6.142705
-14.834552
20.643478
3.215499
6.551196
0.961692
-1.756366
3.185769
-7.340694
12.566587
23.057377
28.872328
28.285978
30.430317
-11.390203
10.013488
34.185944
8.989919
-0.149939
1.357623
-8.028282
-6.036675
19.315035
36.637138
23.737720
11.526420
39.849407
-33.731445
-13.318777
2.676236
-22.160145
-11.923615
-24.762217
-5.216402
-6.736393
-22.363487
2.937246
-4.733827
-11.848389
24.740129
-24.048214
-1.076864
-4.676170
27.119190
16.690678
-5.252038
32.532028
-17.958544
18.956320
15.914715
-21.685253
5.558908
30.154070
-24.239038
-28.531086
-15.526411
21.100647
-11.805585
24.373888
-18.543812
21.973024
-17.992271
-39.886066
-6.995301
11.720797
17.639540
1.876655
14.358792
-41.952885
-10.735621
-15.619393
9.164068
-26.274273
-17.799747
1.706374
-5.886678
19.609024
31.094957
-23.059034
-11.783484
-7.465316
-19.787340
19.584679
-2.727874
6.913625
-22.716539
-11.166956
4.436005
13.736043
1.694220
-2.551929
-5.430032
17.908451
23.931286
31.937630
-5.828195
25.617666
-19.534826
21.753651
1.109579
-21.855978
3.818599
19.897873
25.183317
11.771003
6.120280
-10.249138
0.763707
27.478472
-17.257433
-18.627655
-21.898035
9.507091
-12.184339
30.431578
20.491135
-4.847696
-15.820973
7.720776
0.674425
-3.306231
3.368024
-21.421562
-0.490216
22.796406
7.855933
24.484673
-8.030873
26.111521
-16.589405
10.947385
-3.390726
-5.741687
3.720159
12.165025
-2.066893
-14.316898
23.762978
-32.002945
27.846819
2.021958
-29.824928
-25.107721
-15.257621
-36.690266
13.433432
7.522687
-23.921055
-13.039090
-12.353069
-2.526150
29.593399
-3.000283
-9.322574
-25.435717
-29.259172
30.679668
-11.869244
-14.821712
-30.082396
-4.709384
12.526794
-8.124499
-13.777001
-28.384588
9.860241
-48.532471
22.472565
-5.373598
-21.097120
5.622655
7.451561
-12.800914
13.825979
-38.284779
16.128328
4.582882
-4.931976
-4.112395
7.998733
20.756689
16.365032
-21.785378
16.126320
-18.332050
-12.748815
-8.439365
18.044823
-9.472577
3.492828
-34.909843
29.158766
-2.111512
-9.629303
-0.531131
-25.679230
-9.980865
2.970252
12.129344
23.762384
4.581843
-32.166317
-3.752520
-11.020895
-3.385662
-1.782688
29.206543
-11.864839
-9.640367
-16.836670
-4.424363
-12.452178
7.752161
29.569975
-15.336664
24.090675
7.003413
22.000435
14.051092
3.349869
-29.935804
27.299711
-26.014166
5.115178
-18.354034
36.656605
13.925661
9.872513
-10.551400
6.334685
8.540236
5.672681
-25.064205
11.250392
6.121516
29.875982
34.005062
25.371504
36.830372
27.690094
-3.319873
36.628716
19.914852
15.755054
0.798271
2.359793
38.590427
3.073564
-0.668192
9.614748
10.906306
-1.714096
-18.715117
10.782720
14.613994
-8.149663
-27.735767
-9.374446
10.214872
-7.440376
-29.958820
36.726994
-22.031336
21.287270
10.390259
-8.463937
20.429787
3.811301
20.352003
3.902612
23.327707
4.758674
-30.461468
-26.334072
22.901384
15.649368
-0.224133
11.489803
20.898010
-8.841184
-8.719756
-24.232075
11.237808
-32.036018
-26.950743
-31.501276
-24.914394
12.326881
-26.810602
-15.950629
-1.119078
6.834105
21.082634
-8.614733
-4.746205
-4.517671
19.973761
30.132868
-10.063961
27.330746
13.557868
-7.293099
6.217861
22.012880
-0.191727
5.125933
-18.986399
-10.656422
9.720744
-16.146841
-13.197045
-17.957146
17.131250
-18.355673
-21.819885
8.857008
-17.230726
-17.061852
41.246304
25.008327
-17.058359
9.289947
18.971138
-10.198555
-30.556339
-24.622160
-14.086886
-29.645613
10.942956
33.722599
0.885283
6.781322
8.681057
13.076924
-24.010019
18.699551
13.333279
17.897226
-4.749925
-10.685956
-26.249311
-16.134588
-4.614151
-22.048756
-8.086200
-14.306575
-7.752900
-8.964143
-42.120750
17.140459
20.584824
16.086123
9.410147
-24.139168
7.700955
0.579503
13.703352
23.814865
-15.891183
-24.515129
2.408530
22.830338
15.544922
0.492406
28.790146
-31.649441
-2.957269
-33.135143
4.585335
13.422683
30.442928
-15.545787
3.168242
-16.717033
31.212212
5.578524
-5.727019
-0.215300
-16.958162
-1.634998
13.027348
-0.023640
25.468924
7.661997
35.722733
-30.917347
1.093347
7.127746
-10.187589
26.186741
10.652482
2.431019
9.337973
-21.179207
21.291952
25.781788
31.234913
-3.577937
12.604609
5.899223
-17.760559
7.408004
10.282175
17.055613
-17.820328
-1.577855
5.793926
-5.323036
15.951366
27.752186
11.402366
28.116159
35.796787
-25.535984
-20.109697
27.636385
-28.299391
-5.962209
-17.138903
18.795496
-16.726671
-2.570635
-4.011294
-17.505360
25.956518
-18.174753
-21.864502
5.492038
-11.754592
-12.791747
-15.442680
18.566587
1.631148
30.318283
-5.732838
-2.385799
36.358463
-18.594738
-12.802186
-4.730075
8.600479
-19.145199
-1.734187
-16.171051
-19.681450
18.997007
-2.541732
8.083586
21.546246
17.944237
3.217001
9.591895
-28.037457
-0.521589
20.414274
-38.637165
27.987886
24.864704
-0.747580
25.771547
-1.451726
19.595425
5.686525
-6.984802
-46.405148
-10.034617
0.898873
-20.274654
13.150579
-14.553753
9.656910
-5.360079
-3.084278
-2.789552
19.296350
21.015673
-12.035406
-7.311432
37.817684
0.531863
-26.992388
17.660976
16.948380
-23.198523
16.005022
10.694832
12.389250
29.469156
2.917782
-14.872581
-5.594651
-7.422290
34.191025
-0.701923
36.270561
-0.796233
-8.226730
-21.861309
16.281721
-17.202801
4.434438
10.204843
5.685923
14.456186
-12.561690
5.987324
-5.521553
-18.026518
20.007729
30.640884
10.351616
4.040000
-18.968685
25.626770
14.073885
23.866076
-25.148125
-30.466604
-21.395399
16.520605
-5.710593
-3.536423
-10.132692
-13.611595
3.797686
13.887602
-5.782350
-18.991768
-34.366585
1.004498
-5.417911
7.425892
-4.292159
23.994720
8.585596
7.735474
20.565111
-10.152678
-19.869614
-32.258556
-8.236221
-18.955576
-36.744633
-4.817164
22.560713
-8.522681
27.042383
27.723326
12.561340
23.646990
9.120866
20.046440
-25.491154
3.832623
21.270527
-13.110093
15.314605
-2.386161
-19.114510
5.967656
5.097182
27.457516
-16.306772
14.296739
-14.888145
12.455572
-28.160404
11.797668
18.586456
-25.288725
17.321262
-8.622726
20.744165
14.936895
11.530391
11.724815
0.389624
21.901302
0.093088
30.927303
27.096876
-20.843731
-3.175876
-23.824551
11.801922
33.805367
-27.008928
-6.045109
-18.612307
30.817289
-26.169937
6.309962
34.413055
28.766411
17.898838
-3.981180
8.336849
0.358484
5.441521
9.281691
10.542565
-4.349976
12.321579
28.922001
-20.367933
-16.785593
-27.443344
13.429906
23.863922
21.148806
29.002764
-1.414138
11.553366
4.188531
2.433291
14.420117
0.767972
8.921251
19.639536
-18.605404
-29.528580
9.686419
12.249804
11.397649
-12.647983
31.609716
1.954690
-15.242661
5.302719
21.361822
-3.859692
1.893975
16.516794
-1.136969
0.225003
18.790993
-24.103287
26.903118
0.518551
-0.364554
-21.640892
-28.787035
-6.418404
-10.442100
-24.611885
9.706865
-22.647913
8.877090
-4.605618
-2.416118
-17.432428
-13.995365
-15.071012
-39.626793
24.174145
21.965654
-8.304606
-13.017735
-10.036313
-21.892395
-14.111404
12.968081
15.586228
-14.569604
5.521346
-2.734214
26.099909
2.796878
24.698771
-17.505571
13.636713
24.530609
-33.700813
23.742496
0.271718
-15.297569
-16.220385
31.992392
23.800680
3.596922
-8.301255
18.095709
-41.036987
-2.142881
17.510183
1.909626
15.470635
22.510788
22.934195
-2.104963
10.496980
-14.217715
-11.717968
-19.624390
-18.251963
8.154808
22.792274
27.887690
-24.392216
16.934835
-24.342289
4.967216
30.567175
11.294147
13.232489
-2.815992
-1.377718
19.182489
15.398602
-10.889744
25.300657
-11.855216
11.110860
-0.789163
15.771892
12.124197
16.318928
6.388372
-11.308233
6.264872
-44.175480
0.834098
-19.778776
-23.668898
13.789195
-9.636602
-1.480485
-20.397631
-1.679521
13.053484
26.365498
23.705494
-11.770699
29.363913
-13.451828
-2.433603
-0.764620
-26.557304
10.302553
7.673179
17.894543
24.472866
0.365757
-14.865293
-9.963905
6.925339
0.766964
0.644191
31.655251
11.430859
-16.105492
1.835115
9.427514
-22.542976
1.024076
25.814186
21.315062
35.442738
-10.520737
-7.472494
-8.437917
0.797199
-16.128412
2.970586
22.879070
30.988836
-25.693703
-5.458108
11.177573
-2.616131
16.103903
13.017718
-14.330552
22.870056
6.402715
10.076677
2.609868
21.571835
8.451503
-9.266721
24.983955
17.526148
7.204999
-7.244567
-38.539631
-13.968371
6.716062
-12.128932
1.817186
2.510476
-19.463028
21.363077
12.847341
8.166477
17.531143
4.759577
39.623047
8.093297
30.168953
-4.814270
-32.511990
-9.495505
-11.313554
-4.513682
18.047781
8.333280
36.298317
1.864220
11.966565
-17.081003
43.256741
10.596704
5.775375
-2.567589
-14.584449
22.361023
-15.835823
16.938778
-37.435818
-1.275185
7.840390
-32.992378
-1.692503
-10.347705
1.249923
-18.575897
-38.012970
12.860084
-7.239011
-0.646531
-20.734879
-16.029242
9.932815
6.676751
19.595423
26.160814
-9.502168
6.365996
-5.611365
33.745827
10.835869
15.101242
-30.138685
-16.423141
12.984899
-9.756843
-23.352226
-1.653290
-22.426153
32.065742
-20.516735
1.832587
28.467916
-20.333691
0.641422
-0.083612
-3.435351
-17.127476
-7.532414
19.923306
17.593262
34.955070
20.545929
-9.735232
-11.742067
30.118990
-11.337074
-9.876883
17.739355
15.931270
-5.289254
20.553095
-16.815424
4.705272
-19.462484
-27.783964
4.633707
-2.039028
-23.786903
11.438269
-15.215980
7.563520
-31.575428
-14.942680
-24.051100
25.319880
17.726038
-0.049981
0.260729
-10.701690
19.040997
-2.120439
-17.075098
36.325275
17.902670
0.089357
-5.684273
10.242523
12.575996
16.645348
-9.058851
38.159130
-10.655635
-8.339281
-6.783064
-24.057325
-1.256943
-23.470156
8.322768
7.693637
-21.178299
16.400866
23.752886
13.782351
-9.886065
-8.780529
13.700711
22.401140
4.680105
-21.444029
9.615116
8.704602
-6.309621
-17.721136
29.150860
10.504375
-14.208788
-6.654606
-17.028990
-24.805359
26.597542
-1.177189
-28.327465
-10.309808
26.174723
-10.387501
-4.514212
-12.163631
-41.265522
1.678155
-2.269638
2.845928
15.292240
5.144340
-7.136599
-5.051340
-37.905418
0.552668
-11.538120
-23.181431
16.015734
-7.834619
28.715509
20.649176
26.128998
26.368093
-1.696443
-20.188984
-8.065640
12.322782
-21.706734
-22.054478
12.837081
31.445501
9.118061
12.906661
-6.255758
-10.535941
24.725449
0.906168
-28.168940
3.855871
-17.490105
-14.138671
-6.528488
11.857970
40.213993
27.469204
23.634352
5.663991
-18.350685
-27.437626
18.606234
-13.900749
3.607734
3.336986
-28.042021
-29.469576
-4.055955
16.371836
-19.198090
-17.147661
-28.999176
-17.272547
26.103088
12.864297
15.644759
-19.628838
-28.287548
-18.942102
-16.919777
5.415017
-17.829515
-40.886189
11.435196
-22.392742
-11.609904
0.454861
8.056283
7.926441
8.142544
5.490280
21.527052
3.906825
11.064701
13.427911
-0.625027
-15.152550
12.528707
-3.318038
24.604416
26.082321
-1.746997
-12.004473
-1.972833
19.840874
14.120810
6.529665
-19.487431
-16.320131
23.529751
5.250103
-10.495192
12.944589
1.825840
15.136642
20.640680
24.128395
15.360802
-15.612627
33.612778
-10.765968
-25.691116
25.233732
5.484015
-10.546360
15.634894
-33.924450
-16.210382
-27.480730
-13.622285
32.131084
-19.546219
27.428934
-9.875698
6.146954
-22.102619
5.112087
-4.805251
-29.704889
-0.453789
-28.964209
-26.986641
-6.017274
-20.488234
-6.330038
-8.001324
-15.082816
-18.341431
-23.271141
13.566214
-3.259872
17.000288
-10.104575
-1.006107
-14.952939
15.832147
-42.956654
-3.376491
0.936642
-17.012728
3.552018
9.384285
28.102800
21.704161
12.031635
-33.122166
27.843906
8.808953
17.054224
17.464384
5.660147
2.549804
14.579358
4.691589
-27.547550
25.213984
-25.524982
10.498400
8.177171
-3.467618
14.398101
28.339634
9.914673
-11.734846
-15.381580
14.132891
14.985701
-0.208837
-27.109283
18.311649
11.143296
-27.781126
20.555239
18.328823
-1.018513
14.786741
34.346104
12.536110
-21.666447
6.990602
-21.379841
16.903023
-2.059708
5.494201
-6.279790
-18.667728
-20.391846
-4.709653
-16.035063
20.106468
2.488774
-29.134981
7.690537
4.305754
16.005939
-9.510413
13.721944
34.138466
5.065513
-29.880177
-35.588360
-2.508864
4.215666
-1.285849
16.263405
-24.256556
10.654853
25.876402
6.964105
16.956953
-0.087503
19.728060
23.092690
21.820084
-23.111738
-17.505260
-16.238798
-9.639280
25.836277
7.451785
-23.620129
-18.713148
29.994444
29.412874
1.952084
2.357809
9.791338
-1.250422
-17.084003
26.767824
17.785275
-21.223843
-18.267214
4.611429
19.387962
20.487694
27.508192
-32.200573
5.197852
7.144158
-11.069597
-10.061520
-5.108154
-7.154468
19.566208
-23.389278
28.116606
-17.952463
-16.462713
43.907780
2.839752
-23.780685
-27.484947
-14.819207
-19.453510
6.693633
-6.294207
-9.816195
2.363113
16.234995
6.210432
-12.559055
12.727905
33.603680
9.635623
22.124752
10.013530
17.370819
27.261597
-23.471140
-30.202290
-10.926780
-3.932484
-2.028082
-26.158010
-4.955961
19.657148
-0.029822
-3.410377
27.767855
18.707962
-4.736251
-33.316910
-15.473823
-27.239561
-10.691903
29.338154
18.950714
-9.411971
29.018595
-7.358397
-31.492765
-7.874025
-14.106182
-2.859727
8.476171
-28.327265
-17.226994
29.371155
-7.448824
10.873770
3.850084
13.239850
-15.455450
26.987236
-20.245850
11.692142
26.647045
-30.044485
-10.331387
11.422900
10.390668
-21.194937
-24.837009
32.472500
10.701090
-23.202751
21.113945
-4.797410
26.166861
-28.376764
-37.452148
-3.968232
-0.989038
-12.875289
-27.610529
-20.229593
-14.941694
22.364613
31.715448
-11.034942
-0.173778
6.087527
-9.718759
-5.984921
33.120682
-33.838478
4.572078
5.706959
-25.752563
-24.665754
-9.860740
15.483879
-7.095443
6.738190
26.612478
-5.013752
9.027202
-4.252796
-11.877405
-29.404295
27.541210
-30.871292
11.199017
-9.061474
14.008628
7.030278
18.035576
-3.384143
-6.765711
-10.948308
-20.832666
-41.493206
-14.790110
-36.421684
25.860689
-32.671673
21.819353
14.122792
-1.248259
12.506756
-2.143228
-11.249479
21.927965
-29.300694
-0.101338
-1.878092
-53.297905
17.153049
20.932144
27.370279
-38.889641
-13.735825
-7.634070
23.656534
2.174381
-17.018272
-1.245101
-11.115108
-3.600868
-16.851215
15.240827
-22.398111
-7.858504
15.693821
-24.234585
7.636173
-17.112930
35.093170
12.980496
-1.850872
-22.940760
6.093893
-21.152693
-12.129925
1.545770
-26.824301
1.099925
15.991977
8.481776
-20.721100
-20.604729
19.606165
-28.539185
32.547897
-27.454855
-25.211750
-9.862502
12.087801
43.123470
-13.344422
6.671727
-21.939423
-22.150316
13.222767
-16.270081
-26.387028
-25.005013
7.173999
21.618700
28.921034
-26.314127
-23.320129
25.473953
4.924406
3.457569
-4.614640
-4.228392
-13.098130
6.869570
10.442481
17.925659
5.214756
-9.951856
-3.340389
0.705455
40.977825
19.894257
-2.315776
-17.558943
27.152107
-8.480558
6.820041
9.791008
-0.071494
-24.689587
-27.129969
16.074100
10.091589
0.753092
19.848129
18.462193
13.210195
-26.035292
-20.852831
17.219332
0.993490
11.765105
3.653877
-18.999331
21.249140
-15.471154
-12.078300
-5.762467
-13.376190
13.766922
2.776541
-12.450290
-6.902556
17.101002
19.814234
-6.560979
-4.507410
31.044092
-21.296820
26.710550
-15.160475
9.995730
26.917433
27.714483
21.345938
-16.070358
18.878445
-5.558717
-31.052999
-24.798414
16.716486
-12.031491
-9.460997
8.308852
-7.753122
-14.773121
11.402168
-19.856249
19.751661
-33.993839
-14.838468
13.454123
-9.191022
-7.374828
16.733028
8.624119
30.397005
8.219485
9.291849
-2.600188
-8.177848
-27.161280
-4.328688
-32.789230
-43.028839
-16.672382
7.604058
6.989324
4.249919
8.463198
-21.781446
-0.783698
-15.369740
-4.751491
26.206881
-1.710429
-13.723250
-18.718096
-29.207401
-35.016354
21.815657
15.047904
-0.035057
18.128593
7.474403
15.387720
-27.931339
-15.375775
13.417318
-26.185535
12.559484
2.430110
-14.379934
6.917591
-8.366231
-1.427821
14.984392
-12.895924
-32.673355
19.890392
0.505994
-9.122211
-25.438232
35.516758
20.979498
33.285652
-17.049940
17.767756
28.364208
-21.450512
19.324299
-5.207996
-16.877832
-26.996035
-28.923042
6.668616
23.053209
-7.496048
-16.731653
-14.920046
-3.289139
-19.696842
24.326283
17.789288
23.543991
-19.816227
-5.837582
-24.858292
-9.751399
37.230598
-13.795751
18.561718
-18.420771
18.823557
9.112376
6.432343
7.573373
-24.656643
5.656474
29.729275
-29.414232
1.782706
23.832426
27.342108
29.583866
-9.564638
24.539192
-12.468113
-14.820131
-0.606904
-28.665077
17.077110
-18.108761
1.025796
-4.414712
10.318546
-24.745481
22.612511
-20.585299
11.160726
18.065090
-25.434048
-33.513603
6.310685
1.692850
-33.061169
1.757962
38.440220
-18.649712
-17.717627
-24.338171
24.547876
-13.120325
20.569021
10.408770
-9.944623
-3.509413
34.265621
1.756332
5.945647
20.148443
-7.624562
-14.768867
0.613758
5.227942
27.922543
-12.751763
-22.100658
33.017941
-9.519656
21.283400
-33.048355
-15.600455
12.391028
16.248491
4.038156
-3.376867
31.021795
-17.495968
8.243941
-15.112289
-23.446602
24.276703
10.907311
-4.850299
10.788217
22.542675
-36.477493
-13.412790
4.349288
14.066005
-9.209051
-23.427864
12.655552
16.335793
3.472898
7.739470
-19.228077
10.895916
-25.267241
-26.287960
-2.046326
3.139038
5.090175
32.388721
4.475056
19.263206
11.312724
-27.082733
-18.888796
-21.310619
21.149996
-17.097574
-28.051733
3.642357
24.014362
-12.619071
-9.403907
22.542704
-4.805700
-17.120594
-4.697615
-21.732788
-4.045899
6.143397
-3.838512
-39.125828
-9.587173
-6.959607
-16.414232
-10.802346
-11.585774
5.985027
14.004704
-14.238763
11.338002
-35.844536
13.400523
10.812505
-12.093443
-9.514897
1.784899
8.380272
18.435152
-22.272617
-8.473026
9.049985
6.635060
41.879139
11.034072
-29.670343
18.156435
-36.596382
24.132517
-10.726890
9.538813
-22.210257
-13.711169
20.644876
28.165819
-37.865387
-4.772601
2.684243
-1.009247
-13.599491
21.898697
-2.051467
9.957092
-21.820921
-3.651844
-6.426811
1.655233
-11.087875
18.362471
30.512251
14.172247
29.395237
-17.534237
23.177954
42.494034
-13.852180
7.665556
14.836454
31.533564
0.241348
39.705090
-24.592112
-22.651180
16.881378
-37.991165
1.730773
-3.401546
5.070332
-6.640896
9.445069
17.032600
-20.782431
-7.055920
13.786007
-17.659788
-21.292057
-0.844815
17.245535
6.495626
-4.699372
-30.928844
-22.480165
-20.097511
-18.046425
-14.742898
-11.131244
20.168512
-13.211954
-20.062677
-8.922923
-30.876184
-20.926683
-16.001862
4.652982
22.318996
-36.982109
11.223149
-3.679158
8.087748
-22.729088
-19.454296
14.055084
-37.671719
3.074828
6.294398
-20.616573
-28.724257
19.835398
-12.334355
-22.259920
-8.316496
-14.128011
6.369717
5.077706
-22.457649
-27.182503
27.210505
17.657728
8.439156
28.407122
-17.592306
15.359511
-8.464774
-14.015847
-13.365939
-9.811756
-4.053071
-6.547806
1.169614
-32.961067
-35.765633
-6.836423
-22.031042
25.324633
-8.701750
14.519285
18.500437
19.802576
-0.412811
21.559679
36.340496
-8.729221
18.312510
10.957158
-17.536299
13.110520
-27.674831
-0.858761
10.372429
16.133724
5.993585
4.170796
-19.571966
3.998922
-1.387669
-26.502907
-18.309250
-14.330203
-11.029508
14.974089
1.821639
9.029148
-28.129154
4.864931
-12.925852
-17.592918
-43.598259
26.567698
-4.676068
-10.371961
-5.631693
-13.046076
1.214194
-10.632585
17.265976
16.345713
-21.363842
-24.419355
30.885248
-10.007893
9.154132
27.027561
-3.534653
20.202784
10.772049
-6.351684
29.090219
-14.083251
23.370142
23.527552
-24.305487
22.316277
-1.462854
20.832439
3.520105
-19.934217
-15.973243
20.088261
10.787739
-25.984447
-29.350437
5.296945
-9.975760
-23.141390
-26.745365
4.325130
13.012826
-13.227798
-33.452892
-23.645390
14.270035
5.430788
10.923412
-6.028057
0.359921
4.906253
8.410366
-2.722283
6.424822
19.813372
-18.782372
-38.913090
-4.049182
-18.881954
-25.284775
27.784184
-26.395382
-5.052327
15.683296
-7.306256
-26.123148
-5.211612
-6.559078
-4.358346
27.762943
22.184134
-14.853655
-27.301348
0.945565
-3.766715
-24.293983
-16.048635
43.750729
11.333678
-4.804445
-12.532248
-4.387646
45.067799
-10.521527
22.515879
-21.245541
-2.166171
-12.161684
31.967552
8.931158
11.444346
8.167777
19.239107
-18.349958
0.108153
-37.056763
-13.176286
-4.926107
-26.962135
-24.980785
-14.841814
-30.759186
22.685911
9.973875
11.972589
-7.396791
11.368783
26.292505
-12.666652
31.296450
28.063755
-8.707728
-15.172606
-2.478332
-13.524958
-9.326171
10.694038
2.294637
4.982706
-27.729696
-2.962931
15.130634
-1.779084
-14.255602
-25.553831
2.036491
-2.347317
-17.631075
-18.284813
-36.924423
17.009003
-15.687585
21.588564
21.922344
-20.506372
-18.673971
22.460663
19.787573
28.237823
-25.453560
-12.018678
37.417587
-2.482761
-31.635733
-30.840813
17.781990
-17.354122
27.444038
4.160424
29.516191
-12.514253
12.505490
10.223843
-25.648092
0.053941
-6.277216
-20.847847
-9.164765
-22.648453
35.495308
-8.449736
-16.959385
-36.932888
-11.296897
-27.016706
0.848723
15.940433
27.478830
-14.287977
-26.106445
26.860306
-13.917339
24.740952
13.665464
5.346567
9.215624
11.276542
13.811919
-9.646767
4.932746
-4.435038
-14.516052
7.356507
7.538876
-14.216043
-6.782346
22.183477
-19.647356
30.199100
-34.358505
31.467199
-8.030387
17.448280
25.305532
27.206957
-19.582451
3.725355
-0.610453
6.151989
-9.764408
-31.992414
-29.727436
25.591782
-12.399350
-6.389999
-43.935093
21.391314
-3.557833
19.016357
-31.826567
3.770848
-25.300575
-22.250866
7.426548
-12.955212
-27.210829
-14.494534
1.546159
-14.493714
-13.390493
-33.015007
-10.578637
-3.691643
-9.274540
-21.954443
-11.119300
8.666221
-31.157349
-12.376976
-28.572029
-2.964939
29.982161
-18.519621
13.239368
-3.945131
-26.622313
18.187004
-10.740072
2.281990
4.905371
-5.041221
30.865726
-11.476504
8.789705
-9.614005
-30.623007
36.741188
-6.329565
3.859982
14.165946
16.883682
-28.527832
18.711252
-33.961842
4.319511
6.527945
17.968414
-35.359371
0.988409
-10.124619
23.546236
-2.551441
20.294327
10.246713
8.585734
16.190506
-16.051571
-28.587261
-1.839223
-27.091618
34.257950
21.386894
-2.001314
-23.595125
7.241410
-3.743831
-18.165199
27.901192
-18.047482
21.811346
10.045868
18.542196
2.634635
18.559185
16.910913
7.340373
25.693216
-19.556364
13.462881
6.561172
-28.232491
-35.488384
22.379839
1.044735
43.273788
-12.458210
11.441801
-16.545622
1.368680
-2.047400
7.918133
-24.199200
-1.213052
5.705891
6.629474
-13.521745
-0.957784
7.275268
-9.090231
12.707786
19.745363
14.567600
7.277439
28.907764
-0.644622
17.440588
4.948984
31.982937
-3.172344
-11.120588
10.714609
-33.223637
7.000570
14.315177
0.856677
2.547410
13.186722
18.075729
-27.379723
7.688374
-18.657753
31.353308
-12.993909
3.707983
24.365240
-10.781633
-5.711651
28.668274
-15.975981
11.403772
-16.721813
-21.548321
10.475457
-24.031883
-0.870597
-10.547259
-7.201979
-13.720524
18.520548
17.462061
-23.961657
30.680079
-3.762115
2.134104
16.701326
-24.815954
-10.724768
-4.719549
17.159649
-20.686176
-2.535872
19.562140
14.254223
0.546269
6.486404
-13.598700
-10.186345
-2.662203
-13.311070
-24.656042
-14.537416
-20.518181
-25.979715
-2.036158
37.426884
14.652317
-21.758102
1.416812
1.770157
-17.311804
-6.460368
7.657080
5.954701
8.436021
13.758120
1.567688
-17.064196
3.099846
15.355072
15.870081
-15.131522
12.636159
-27.733101
9.926795
-16.788923
4.396021
-29.096722
-23.765913
-28.513794
-37.856949
-3.640333
-26.458071
20.187893
18.615612
-18.171864
2.850204
12.251777
-20.828707
27.297915
-16.337667
-6.132480
-28.105236
23.897573
-3.124057
-1.378981
20.777086
20.873592
-13.616865
2.624326
-32.233265
13.136252
-18.515169
7.976873
10.840138
-10.511374
5.016655
3.966005
-30.202267
-20.604427
-11.521994
26.740889
-39.760727
-14.325139
5.448801
-6.408380
-20.421398
7.780693
-0.781284
22.455553
-18.853416
-12.254756
17.574001
-7.471219
-2.218083
-11.367593
-30.825380
-13.059735
-19.733395
17.466377
-17.340893
23.845221
-20.236908
0.342297
21.344061
-24.189217
14.279263
6.364466
-11.456729
2.303904
7.138903
8.752226
-11.720106
4.430452
-14.255159
3.917685
-3.037199
29.761101
-15.355108
-7.702693
-5.662823
-11.338454
-20.008507
17.362167
-22.329557
-14.400481
-15.650250
6.790947
-24.982327
27.569078
34.819397
-2.695590
-13.491376
-12.625635
14.743624
-25.302673
17.544327
-35.976440
-8.699767
-16.562414
-6.002116
8.205515
-17.507393
2.453493
-35.073242
18.929609
20.472673
-1.632969
12.398885
-25.063242
15.161819
30.018848
22.366249
38.189606
-1.259282
20.832275
-6.170073
7.812776
24.756538
1.841498
28.486116
25.902380
-23.973362
5.521081
-29.541973
1.229054
-21.602247
2.852602
-17.475760
25.916449
11.379833
26.523462
8.088533
37.431332
28.393547
25.540110
12.301739
6.638386
-0.628411
31.550919
-24.755255
10.887338
-1.823401
-19.523323
-3.587092
-28.378946
-0.512935
-16.605143
-22.200424
12.806780
-39.075787
-6.681129
11.819550
-15.009362
-30.067064
12.412837
2.017738
13.824251
-29.198977
27.807737
1.666265
9.817539
21.882681
-15.258412
25.346107
-26.094254
18.929852
13.905688
15.227383
-6.585899
1.932742
23.004642
5.223985
-9.409211
1.249236
-10.748502
32.765381
6.799656
1.962732
5.622382
6.128013
-3.710828
-0.348694
15.854879
-0.820837
6.198780
20.675186
13.743893
-14.192569
-24.807718
12.143000
-10.130358
20.145945
25.804062
8.176463
-28.937696
-14.191769
-14.408678
-8.995910
20.994486
11.116830
-0.752541
0.570035
17.943226
18.790890
-36.367340
-16.398191
11.156266
-20.386154
11.186951
1.969343
25.259752
13.824157
-21.285528
-19.276701
-37.263157
24.055573
-26.318190
-22.926315
-18.694883
3.757396
15.762009
10.891212
9.501130
-29.508802
-35.175549
6.541063
9.577313
12.633900
13.386271
-26.341717
0.158990
21.119066
23.349356
-20.085224
5.130200
-27.144547
-26.837198
-16.105703
20.414917
22.362314
-0.699653
9.963563
5.001129
1.135279
-10.898787
11.764012
-29.927635
2.128715
-6.877304
4.539842
-6.409140
-1.909222
16.135036
17.984934
2.188612
-13.752662
-11.402163
-1.990176
20.038013
-16.200962
-11.463447
-12.693933
19.526386
-19.512047
7.915857
-21.991568
-6.170149
-38.610329
-21.981415
16.302143
-5.600915
0.757116
-28.333681
16.657587
-19.392570
-0.829485
3.542020
12.313961
2.783451
14.101587
30.550657
5.793296
-12.611135
18.249687
11.630514
15.659223
-18.633207
11.055624
-32.892166
-0.399315
15.194169
28.778496
12.479357
17.391340
37.820721
-21.483768
11.115827
5.221056
-15.384398
11.198046
-8.321791
18.004950
4.407539
-17.406622
21.583939
2.638217
22.349264
19.786520
-29.350964
21.860310
27.413670
30.743973
-26.799164
19.163767
12.872887
-0.533212
-28.236744
5.539231
7.558364
-30.043221
-18.614790
13.220448
9.237379
24.003473
13.900789
17.996243
-4.360379
30.953337
32.394051
-30.108835
-1.289666
-3.770851
26.034718
7.256821
-21.288919
3.648662
2.961681
-13.478724
8.705530
17.036417
-5.572011
11.005741
-1.074887
4.418238
-2.935512
14.920869
-15.462481
-11.881949
-11.360485
25.141144
10.905095
16.510691
34.098892
24.336334
-6.913864
-4.335066
17.615625
-13.451058
-16.807278
-7.026052
29.669168
0.394558
-5.892383
-0.323716
29.889332
-16.050493
-10.549591
28.640646
-25.510136
22.744610
27.453503
-12.652531
-8.394976
27.901461
-0.200407
-6.651069
1.911934
-4.309678
-16.143192
-30.143532
-21.622507
20.973389
15.487521
23.481487
-10.548772
-14.806290
21.597984
-21.591288
-36.118717
-26.753885
-26.786282
39.633575
10.632669
29.733610
7.261349
-18.272623
15.912210
-14.131159
4.061524
-0.023662
2.510185
-3.443364
4.406468
13.203340
-4.144628
13.458721
-8.934897
17.310377
33.607151
1.488262
15.394502
16.708132
16.554464
-6.595980
21.972124
37.162251
8.045882
-13.173864
3.499299
8.158956
12.857586
20.730165
17.875202
-14.305728
2.631552
-32.707981
26.931595
-8.480844
6.702550
-6.113487
-2.955619
8.960670
-8.821758
-11.761408
34.745270
-20.623840
11.919123
4.771076
1.285776
26.975929
16.247095
-0.763038
8.523680
13.104292
16.212505
15.378012
-14.634898
-2.487756
7.900126
-16.305141
27.237701
-14.747918
-11.094070
6.639015
6.027395
27.832401
27.615074
24.067957
9.761411
5.507753
-38.486496
-2.778713
-4.798851
-20.416668
-8.924551
19.586164
-9.231171
20.709518
19.736681
-5.502061
9.936892
-16.790783
25.045906
31.062428
-22.110851
4.537024
5.576481
-23.537493
23.454268
23.790131
22.240648
9.721240
-15.007348
-14.229328
3.529255
14.485996
-16.313715
-21.402903
5.470661
9.878558
-0.843551
18.747829
1.655034
13.197721
23.166065
5.336840
2.973863
-8.027613
-12.395836
7.126451
-13.123384
9.833206
26.876047
6.891507
-19.976755
23.715216
-1.515265
4.381760
6.287637
12.111396
-18.880272
-19.417093
-23.214327
11.099362
-31.180458
1.324556
28.976391
-35.917953
-16.161652
24.929247
8.556212
-3.008908
28.302713
-13.490105
-22.793617
-19.213570
-19.951086
-3.147997
24.832174
11.983172
26.820858
-1.088798
-19.873960
-26.268385
-16.752945
-12.257726
18.012693
25.886944
21.628565
15.105578
10.895617
32.691772
23.535208
27.777784
-28.577524
-12.924019
-9.708418
8.916336
16.725328
-27.048021
-8.016610
18.737919
-1.560383
-34.425247
-27.944201
-4.032593
9.137843
16.634098
7.434152
35.614780
-17.014616
-16.189379
18.437698
4.785086
-15.406271
4.227422
-15.248358
23.762316
-27.319307
-28.428432
-11.012053
37.829483
12.420630
12.799528
4.362983
-17.635328
-18.735788
0.517989
3.312443
-20.364019
-7.306739
-0.349281
3.591575
-39.399254
-7.831624
17.673761
2.774633
-20.638523
10.245983
-13.259677
-4.952533
24.747465
22.084282
-22.343031
-20.137373
21.302700
10.508903
-7.181556
23.250582
27.111284
-10.959892
20.999828
14.700668
14.273271
11.580400
10.865553
9.213524
17.042622
-13.893295
4.703193
8.612349
20.608294
2.941438
4.353632
-11.123535
24.891691
-5.636202
26.936625
5.170099
15.970430
-0.826201
15.091513
21.393265
-22.349005
-17.603016
-15.872548
-16.411242
-3.810375
-4.611364
-30.780537
-23.249374
-11.613070
-14.813967
-6.051652
11.959757
-43.636787
-14.806603
2.561572
-8.937665
5.444684
20.944632
-15.527989
23.563023
-6.167494
-31.941370
-2.895118
20.461542
-25.015320
-1.336657
-4.825965
13.857093
-6.715353
-7.135194
6.683304
-17.802551
4.418152
6.241847
-36.669025
-17.169258
-5.708681
-12.497133
-10.304391
-22.234755
14.888856
-21.334009
-34.115696
-17.667171
15.017500
-24.001984
-26.727335
10.808209
-9.899655
39.915043
-11.383524
1.796194
27.224190
-16.563356
-5.197786
27.550449
-3.846391
2.240527
-13.554281
22.194029
-11.152905
-22.442142
12.455847
6.512863
34.938896
4.535034
13.955839
24.401529
13.595026
27.617455
19.763159
18.626982
-2.687811
22.227865
17.608177
6.271474
-21.448494
-6.274278
17.263708
-5.650098
-25.516108
4.560095
8.041597
11.818215
28.095951
16.570429
8.946166
26.197216
18.806477
-2.210483
-7.352663
6.452085
13.901558
-3.342541
15.510255
2.556956
21.319059
7.593127
4.519827
11.853170
3.866197
-27.515245
18.539028
-34.816788
-6.673515
-29.161066
16.998243
-16.919514
18.907333
-32.160892
-19.407976
14.472376
-11.381427
32.288071
-16.003956
19.810587
-12.813695
13.859749
-25.131174
19.724699
8.633674
-32.505096
2.100323
-11.479951
-29.198305
-31.134108
20.603756
26.681662
26.654968
30.549320
10.762797
-11.105005
5.474326
4.163506
26.674152
14.330830
-13.368265
6.255459
5.688957
8.133779
35.931511
18.579288
25.187269
-20.691978
-1.913906
-20.773561
7.128763
34.002003
10.906123
35.706127
-20.094568
-15.154793
-10.184736
-14.007498
18.369308
-26.704805
-6.644207
-23.498693
-24.983486
-17.944286
-27.071096
-29.783409
-16.192080
-24.171711
-5.746112
12.007998
4.368763
-18.276556
21.761852
-22.960934
-28.466038
-9.782804
18.042900
19.934225
3.985641
2.784903
-31.136057
-31.734135
2.733581
-2.185806
-4.439819
-15.733150
24.678507
-40.484249
23.346992
-2.600718
-20.378983
-9.400519
11.997223
-1.518181
15.223340
8.736856
-30.309769
0.717184
-7.748438
16.814749
29.641117
26.829908
-22.602110
-5.870995
-12.688824
10.531379
-18.961845
13.988390
-27.652136
15.702412
-12.484629
-13.714999
-20.874134
-21.447264
-3.917951
12.818182
-12.080962
2.111309
-21.758080
20.296003
-12.343414
28.292162
24.093664
5.626250
-9.563372
-13.896614
-29.072796
-8.787624
11.282769
-12.621083
11.323106
15.298686
-4.319209
-16.659855
-0.855312
-6.632184
-19.135839
20.307421
-33.656277
9.358696
18.775204
30.932022
-15.087947
-11.049603
-18.792551
1.661159
17.400730
-8.447155
11.750086
19.058861
25.818745
7.292583
-13.069332
-10.017706
-23.283457
8.846786
-9.739031
18.205070
-1.272604
-28.680134
23.740952
-20.750170
28.829042
11.147636
-10.565016
1.647928
-18.926445
32.197990
8.368059
-21.091957
14.600039
-5.449157
-3.262232
0.799915
15.882740
-13.222681
18.243767
-30.148117
13.378111
1.357779
0.813974
-21.198360
-19.578192
18.546019
-22.062378
27.871492
26.839022
9.536236
12.739202
25.322411
-9.678057
20.041842
-15.555792
-30.808191
-21.327902
-0.363686
-22.683973
-26.801888
-6.519446
17.252943
3.431035
24.777506
-15.874337
4.076710
30.346861
-11.099232
18.512016
-11.603045
22.941124
-0.180055
-28.050472
-6.575239
0.893632
21.390839
33.577530
26.654030
22.825125
5.526490
-25.313133
20.038706
-18.679993
21.610846
-8.757511
2.716808
24.246967
20.901903
-4.988256
-28.078388
-14.369385
5.577080
26.353176
-35.396515
-0.159430
14.990920
-15.852492
4.793986
14.035743
17.504543
17.115137
-4.749153
5.621028
-4.456900
-4.557954
-10.348597
-6.996957
-2.204663
-20.159971
14.127087
20.505762
-24.780106
4.880719
-7.999825
-18.002375
5.848908
-4.184817
2.251980
17.677168
-8.109058
19.387266
31.250505
-23.975018
6.121644
23.322968
5.161675
-12.189027
25.924379
0.499590
13.052110
-1.982132
2.078841
31.839724
17.145245
-0.866659
17.202368
8.390431
-2.679074
20.113594
5.573036
-31.164942
-2.012933
-19.544205
25.444078
25.454578
10.740207
-22.611069
-7.827994
-8.624457
-20.851776
26.786203
-6.499557
-16.009706
8.985373
6.014882
22.743837
-18.402847
25.844154
25.334900
17.106230
23.276960
-17.844538
28.391579
-2.726141
-16.545210
-9.927826
17.709278
22.243057
9.072993
30.071009
-0.493485
7.991048
29.904734
11.132986
8.596480
-8.618526
-29.481216
10.057997
-8.329755
-11.815866
0.518594
-29.471340
-20.975996
9.604869
28.235538
-22.320143
8.097783
26.255356
-7.838916
8.406364
16.056124
-19.776548
4.645469
5.310940
17.397226
27.835928
-26.459402
-4.884223
2.428148
-38.222137
-5.835529
15.711156
16.578041
24.839918
23.729418
-7.517416
-16.213223
-14.821601
-9.865824
-9.016059
13.597493
-16.670458
18.072540
25.484552
18.325504
11.773468
7.149935
-25.217445
-2.745821
18.479033
24.259468
34.081001
3.601312
-9.379887
-26.894569
2.835599
-20.395859
31.912342
13.360331
-10.744590
14.800076
-14.394590
-6.287999
10.795808
-4.108167
-29.311504
18.031090
24.404764
-1.752549
6.099509
32.317879
1.181959
-34.010258
-9.256963
26.981579
-14.426525
4.199951
-9.970061
-14.299309
29.033621
-10.264976
13.784496
8.085105
-36.956936
-32.100735
20.073053
8.048348
-5.572975
-6.415005
-31.384745
15.156816
-18.304138
-7.286265
