-9.731993
-5.984583
-1.032806
-1.224141
-2.470437
0.499651
-2.012774
3.543028
1.279078
-0.841682
5.727732
3.317149
-1.743852
-0.828304
2.373502
1.283008
1.476511
-5.474816
-4.455619
-2.308439
6.160209
-5.418010
3.163970
-5.667481
1.228166
0.289683
1.360178
-1.694294
3.998861
-0.248520
-4.043349
-4.235431
1.439803
-1.201984
-0.953723
3.703988
1.523291
-5.066206
-4.042122
-0.965075
2.779031
-3.149900
-1.422735
5.659695
-5.276613
-2.299063
-0.084491
0.791960
1.117305
2.777660
2.815097
-3.899597
-4.979325
4.585491
2.723025
-2.181392
6.725085
2.147145
-3.037164
-0.624367
-3.289270
-0.569033
0.658870
-2.792503
-5.642764
-1.911999
-0.964044
-4.071829
-5.976359
-1.907979
-1.347955
-1.458978
-4.513796
-2.250843
1.398966
-6.514176
-1.171830
2.947390
3.761696
-1.035328
2.999830
2.897918
-6.616670
3.002506
7.142015
-3.197318
-0.289587
-4.667922
-7.247171
7.299581
-0.339136
2.657344
-2.998756
3.574042
-4.923108
-3.425081
1.586000
-3.469648
3.579457
3.636648
3.043505
0.946845
5.019590
-3.496508
-5.284344
3.007600
-2.305767
-4.201352
1.827512
2.239254
-4.322880
2.438119
-8.555343
8.058483
-2.892749
-1.652300
-0.888262
4.814401
-0.537815
-5.683768
-2.219826
0.078218
0.266389
1.675673
0.674846
-3.573052
4.829980
-3.258211
1.457142
-7.851076
-2.459799
-5.561019
-7.227002
-1.794518
1.536036
-1.980411
-1.165788
-4.641911
-7.334978
3.939530
-2.750575
2.872121
4.042371
1.598257
0.602929
-0.736108
2.134495
-2.184863
4.914495
1.458927
-0.352671
3.494228
-3.847809
-1.035497
5.332523
-0.948599
-2.310216
1.503569
-7.541289
3.292500
4.169784
-6.151480
-2.472544
2.508780
2.618424
2.261743
0.389162
3.524848
1.303323
4.264254
-3.931824
4.740587
3.317860
4.188013
-5.874344
-1.962025
-7.010465
-2.745648
2.133204
3.268441
-3.884119
2.072754
-3.220864
-3.490678
-4.968719
3.534842
-7.650772
-5.254611
4.102332
4.165500
3.825493
2.555884
-1.638223
4.120450
-2.377046
2.180521
3.622932
1.528694
-1.627183
7.616052
1.398193
-2.046476
-0.005885
0.393091
-0.232211
-6.764492
-0.319012
-3.254074
3.863111
-0.099401
-0.828644
0.089639
4.129350
3.224596
-1.322786
-3.161752
-5.106480
-1.034650
-0.875075
3.287498
-2.711389
-2.663381
4.907456
-0.251060
-4.028068
5.918238
2.904951
-5.017748
4.647226
2.255956
-4.543864
3.120213
-4.088730
0.533426
-3.351982
3.862738
0.528208
-1.837869
-3.008616
-2.272065
-4.096806
-8.539941
4.903199
1.701463
-2.947268
-2.076792
-0.305802
1.188943
3.497979
-3.631790
-3.181522
-2.839119
3.750217
-3.505413
1.847437
-2.962424
3.328586
-2.092251
7.088177
-1.566395
-7.139013
5.458172
0.910255
2.525726
-1.706277
3.741527
3.921373
1.551458
6.788155
0.950874
-4.176535
-0.377804
1.971473
-4.197416
-4.014600
1.639523
0.193821
3.280000
-1.891803
0.230645
-3.816649
-0.453140
1.626308
9.242537
1.490707
-0.952637
0.147133
-11.943092
4.767051
-2.980142
-0.593107
-1.382760
-3.573145
6.980940
4.732332
-7.370708
-5.767593
-5.454325
1.620903
2.695405
4.114192
-5.084344
2.115292
-4.455584
5.771608
-5.553953
-5.040421
-5.911035
2.533393
4.052322
-5.064351
-2.842451
-2.289359
-7.234807
4.107799
1.436508
-3.481783
5.179162
2.476746
2.599078
3.285256
1.242607
5.849213
2.208616
4.322854
3.364255
-0.969279
-7.410285
-0.155003
1.905107
-1.730310
-2.408397
4.377320
3.763602
-5.754256
3.162602
-2.518538
1.830323
-1.821863
5.203582
-5.055948
-0.940851
3.531216
2.860256
-3.519905
-0.552429
4.612183
-1.282208
-0.805896
-2.909013
-3.296824
1.815071
-10.803745
-1.379963
-5.825235
4.716600
-3.325760
-2.307164
-0.055085
-7.767156
1.972349
2.489993
3.947700
-4.921674
1.149767
-3.622187
3.442230
-2.467190
-6.029419
4.355194
-1.504937
-1.050583
-0.977375
-3.668867
-4.802271
-3.746284
-1.847319
4.401008
-0.421082
-5.168032
-3.595486
2.163964
-5.008727
-3.300801
4.344724
-5.697502
-2.225995
-2.350360
2.921221
4.088812
2.515059
-1.738345
0.559086
2.883704
4.302606
2.524360
-1.892009
0.332479
4.835548
2.040895
-4.414073
0.162148
-4.750525
3.073829
4.260714
4.262765
1.297923
-4.617903
-3.982009
-3.364964
-6.056280
5.173980
-1.019459
-5.373026
-5.469233
3.727375
-2.828152
-0.258833
3.433032
-4.292758
-4.944488
-2.006982
5.258140
-0.308089
5.376545
6.190091
0.424641
0.457741
0.240230
3.657389
-2.156133
3.165028
0.804843
2.183477
6.513130
-3.097872
-1.928316
-4.592250
-2.522304
-0.354310
9.330394
1.612880
-1.918935
2.754235
-0.137067
-1.312108
4.456575
2.936600
1.407270
-2.380780
-3.924567
-2.102106
-4.229151
3.811841
-0.198391
5.283524
-1.659787
3.482421
2.729673
5.267242
-8.523327
0.364542
4.516009
-1.380410
3.179017
-5.109888
-2.469154
0.813342
3.154657
-8.108248
0.359187
4.711658
-5.283043
0.040860
3.275106
-3.548331
2.203879
2.510314
-6.644829
-2.704626
-1.143431
-0.415795
1.152416
0.642217
-1.509802
5.372865
-1.508208
0.356828
2.364028
1.113215
-2.489309
-1.350650
5.282966
-0.606927
5.861684
-5.572069
4.675474
2.026232
-1.790644
3.237075
3.140968
4.820318
-3.583558
-0.640533
2.884338
1.170541
-6.493402
2.553048
5.036359
-1.314921
-1.578032
4.069017
4.259485
-6.328429
-1.305068
-0.730032
-2.159609
6.693805
1.834683
0.604078
0.854617
-0.780110
-3.435129
4.096202
1.303403
-1.306772
-0.377489
-0.685331
1.668829
2.034130
-3.504257
-2.802184
3.987558
-0.683485
5.188393
5.044522
0.380447
1.222976
-1.860700
5.152653
-1.623021
-4.905200
-5.667691
2.010135
0.886412
2.878845
1.042840
-7.555124
5.702796
0.071449
-1.236118
6.292805
-1.490081
-3.048541
-2.722171
-3.436718
-3.289832
3.624161
-0.899011
4.039134
-2.809515
6.382388
-5.205797
-6.011741
-1.028382
-3.085791
-1.086043
2.405345
-7.839957
-1.116998
-5.386920
2.452094
-1.733224
-4.042440
-3.611780
3.523699
-1.919402
2.502024
1.681104
-3.059638
-3.582950
-0.214874
0.760293
1.064486
-3.932619
-1.061910
1.182172
3.279095
-5.408211
6.385217
-5.795275
2.645499
-4.072728
2.868877
-5.285865
-7.605499
4.537682
-6.708440
1.472947
4.464160
3.682665
-2.923117
0.504335
-2.725974
0.976288
-0.256331
0.472851
-0.059440
5.037427
-3.441249
-0.781841
3.275487
-0.780275
-3.078166
-1.293013
2.678234
-0.831983
-1.585151
-4.933096
-0.024490
0.914119
-0.587143
3.590042
-1.662070
-3.134443
6.704271
0.637326
3.261007
1.086449
3.930603
-6.653508
-3.895255
-7.381236
0.352625
3.876895
-2.588748
-0.382657
-5.539655
-3.861021
3.434935
0.007904
5.165234
-3.530081
1.936940
7.875472
5.668090
4.638950
-4.411305
-1.047602
3.685472
8.410639
1.677145
5.515805
3.028787
-0.310199
-1.078018
5.653790
2.062704
-2.010241
-0.912694
-6.099507
-5.468049
-2.000385
-7.768042
3.360916
2.845047
0.901350
3.985788
0.191382
4.683763
-1.876032
-6.681418
-0.521437
1.620724
-2.486461
-8.205738
5.502574
5.581098
-7.262513
2.048085
-1.332476
2.257044
-1.841168
-2.070811
-5.351025
4.726524
-0.603689
-0.699011
-2.163517
-0.326511
-2.912485
1.671295
1.288916
4.001224
-0.118419
1.687041
4.761878
-3.513773
1.703615
-0.855766
-2.957877
8.925838
-1.366393
1.147453
3.094402
6.377599
-1.480626
-7.707530
-4.763611
1.415177
-1.216207
-6.221454
-2.115970
3.982176
-1.466730
0.425940
6.780104
-0.287060
1.556995
3.528786
-0.068601
0.173675
-3.703068
-2.003100
6.054221
-4.489799
2.174620
-4.548847
0.730603
-10.919338
2.709529
-0.547524
-0.145890
-0.967108
-1.124946
-1.269252
5.803841
4.308096
-3.421425
-7.196670
-3.268607
-4.331826
-2.915688
-2.107049
4.286145
-2.822233
-3.747992
3.384657
-1.697069
1.910714
-3.646695
5.688733
1.234906
6.428484
6.933150
3.890691
3.109182
-3.402183
2.418234
-4.901285
-3.567939
-1.413188
-0.688082
-4.785501
-3.338377
1.159687
-0.662109
0.832160
-0.244878
-0.546427
-0.218424
0.359740
-3.195578
3.912428
1.578017
2.386034
4.408108
3.138994
-1.795259
2.282253
-1.780121
-1.115679
2.449924
-3.892211
-6.108079
2.551104
6.050360
-0.293782
3.831001
-0.874915
0.814470
-0.395335
7.326694
-5.299869
4.854007
-0.936288
1.657610
3.634002
0.192176
3.451226
0.636770
-1.161026
-5.175057
2.992714
0.547141
-2.503322
-0.924319
-4.403678
-2.347169
-5.268352
-0.647298
-2.233609
4.585887
-6.622931
1.017072
-6.895889
5.503877
-5.857547
2.306609
-1.060082
-3.723188
-3.799485
-3.238982
0.433585
0.298813
-5.080512
2.601804
1.645334
-6.684182
-1.056322
-5.294734
0.877302
3.822881
3.108659
4.271041
1.598850
3.876500
-7.372728
3.344384
-3.197216
2.821786
3.980308
1.385013
-1.699944
-0.501335
1.501284
5.050478
1.964342
0.805252
1.662336
-1.035612
-1.989805
-3.119741
-0.807625
6.326608
-0.091852
-7.214117
-2.542992
0.879467
-2.868104
-0.255673
1.100549
-4.788908
-2.584878
-1.652323
-11.355288
2.518677
-9.175077
1.987492
0.183630
-1.904827
-3.231668
-1.226463
-7.393626
0.169818
-0.813436
4.445494
-4.132862
-4.081997
0.653849
8.917501
3.603446
6.390428
-3.251072
0.646987
1.225292
4.218501
-2.544241
-1.315001
2.449774
2.428059
-4.704350
0.088322
1.390516
2.736129
-7.007465
3.149988
0.990224
4.162675
-1.773121
2.255029
0.888405
-4.389010
-0.097096
-2.727052
-4.741401
-3.634063
-1.172243
-5.090127
0.990132
-5.010567
-2.712582
3.095170
-6.126159
-1.456884
-1.135985
8.114146
-0.046097
0.954797
-3.137995
-1.517540
-1.695724
3.149466
-5.770637
4.046227
2.159791
1.656600
-5.230139
-4.317998
-7.661644
5.232569
-8.421028
-1.476874
-5.227148
-3.197767
-2.277595
0.227297
2.571511
3.480729
3.710540
-3.497329
2.796549
-5.436906
3.204806
0.600945
5.732297
2.445600
4.074420
-7.783807
-0.574802
2.758599
5.241711
6.733126
-0.480184
-3.584228
5.041230
-3.963215
3.517056
1.293297
3.701368
2.589772
-3.966481
-6.832087
5.649973
0.632561
7.673454
-1.230677
1.877265
-2.078404
4.164439
2.954772
-5.452700
0.637897
-1.856481
-4.546536
-1.953403
9.667996
-4.113024
1.079584
-1.714128
-4.349207
-5.116405
1.315046
-5.116575
6.646869
3.594820
-4.430472
-2.436006
5.331067
-4.303521
-4.206262
-1.760720
5.258880
-0.566985
5.349750
-4.237168
-2.704339
0.589464
-3.394875
5.984470
-3.100660
0.295966
1.339286
4.392240
3.496046
5.661441
-0.961759
-2.292832
-0.790832
-7.569201
2.076911
0.842609
-0.977614
4.184981
3.953816
0.939693
-8.519130
-2.938699
-6.498888
1.972214
3.254447
1.380637
4.684181
-2.816220
-2.206808
0.360693
2.211034
-5.127354
2.851139
2.705361
1.058130
-1.843543
-3.143922
-6.588230
-3.072980
0.959540
3.129481
0.932706
-1.618833
-4.618919
4.503352
-3.701689
3.043450
2.007736
-3.574315
4.450923
5.131580
-2.525879
-1.603749
-2.495863
-2.940878
-0.683104
0.013374
-3.475330
-5.302468
2.261477
-6.516557
-1.896960
-2.887758
-1.485330
7.402006
-7.525889
-2.590955
9.348252
1.247561
-2.390231
2.527370
5.022352
2.539462
-2.997110
-2.240840
3.144714
-6.883248
2.109136
-4.497274
3.877128
10.531435
-5.137014
-2.618745
5.395813
7.378301
-2.542734
-2.505717
0.222907
-0.327211
-6.500965
-0.687657
-0.940475
5.359854
-2.511797
2.585537
2.134485
-3.831756
-2.789573
3.538754
-3.982234
0.374269
2.956199
2.611082
-7.543671
-4.262377
-1.476522
4.465549
0.478116
-3.087182
1.138267
-4.339118
-0.789433
-4.657271
-9.840352
0.802700
-4.955541
8.644409
1.488673
-4.080039
1.478225
-6.553629
0.843791
-0.084210
-0.651692
-2.112740
5.135068
1.443983
0.679750
4.075098
3.943233
-0.180569
7.460684
-5.753449
-1.649463
3.840631
-0.864434
1.750969
-2.228824
-3.852997
2.923149
1.427965
-2.949147
-4.058324
-0.331083
-4.003388
4.936934
-2.952597
-5.136873
-1.052710
-0.850587
-6.430125
-0.240800
-3.603132
-3.513256
1.899710
0.987134
4.042284
-14.509427
-0.627187
-6.507806
-7.227283
5.163532
1.012649
4.667039
-1.647278
-4.710679
0.732063
6.092059
0.479058
-1.174951
3.220506
-0.504959
4.917737
-1.714371
-5.789993
-6.496349
-3.542084
-6.446581
-2.253543
4.993644
-7.124422
-4.382589
-6.362124
-8.534405
-1.469731
0.618317
-0.971426
-3.830457
3.674872
2.343888
-5.029849
-0.607625
3.394846
-6.388319
-2.911361
2.345919
4.969920
-0.260339
1.575912
3.530197
-1.608195
3.775525
-3.849544
-2.684142
-4.130772
-3.535453
1.183473
-0.020646
-6.642171
2.649681
0.321050
-3.074676
0.564649
8.308203
1.276725
2.873306
3.349988
-1.888430
6.754557
-0.953220
4.298676
-7.539163
3.909324
1.569426
-8.609239
1.751474
-0.287361
2.797769
-4.689937
-3.378305
-6.680218
-6.405959
0.027150
-2.206510
-3.894740
3.624729
-3.316893
3.559136
4.560528
-4.912363
-5.905537
2.294249
-3.553263
-4.805106
1.720164
-8.109737
1.008468
2.514478
-2.827075
0.358295
0.339308
-5.043487
1.279825
0.033205
-1.490710
-9.107545
-4.181026
-2.153160
5.165784
-3.920928
2.948275
-3.150973
-0.224815
-3.149866
1.497387
-3.392323
1.755061
-1.959828
-7.376387
6.354877
-5.938785
0.256547
-3.279458
-6.331658
-2.320914
2.127804
-7.152253
-2.592120
-3.687412
-0.834826
-4.204822
-4.274027
4.263887
1.090138
7.183817
2.090567
-2.021944
-3.157654
-2.340166
-1.089689
0.867234
-4.281310
-0.158530
0.834144
1.580810
2.131431
1.760254
4.247903
3.216930
6.339601
1.215842
-3.907459
1.123309
-1.111211
1.414439
-3.565875
2.146986
8.237804
-1.106199
2.845608
-6.305548
-3.959658
4.130875
-3.934544
2.465833
-0.746680
2.751854
3.425525
0.922891
3.656568
4.420194
1.945099
0.899483
-0.302422
-0.575176
-1.610988
4.295760
-1.874989
2.755348
-1.381978
1.594846
-3.605020
3.460356
0.209920
0.916413
-1.953103
0.279189
-1.457690
0.417262
-3.159544
-2.958726
-0.891932
-6.152225
2.690230
3.708871
7.381676
2.734103
-0.614341
-4.467359
3.972407
-8.069303
5.241254
1.414464
0.324028
-1.385216
-7.435656
1.200994
-2.536114
2.386089
8.278916
1.674134
7.035715
6.994253
2.484477
-5.230466
-2.568651
-5.663098
2.309684
-2.408844
-4.796284
-4.951938
1.868707
-7.062147
0.491021
2.768523
2.099177
6.453015
2.121134
3.144115
0.455025
1.047519
2.477744
-1.470996
5.148077
2.983534
0.672301
0.243470
-1.291907
6.819482
0.405733
-1.522838
1.988942
6.392644
-1.007663
-3.450854
-2.260850
-1.847558
3.715729
7.017066
6.784649
2.101406
-3.859725
-0.354685
1.108223
-2.412416
0.154126
-4.175247
0.806749
-2.253584
5.857368
-0.017677
-3.477780
-1.578382
-3.398157
3.819907
3.095472
-3.983138
1.743212
-3.984742
-0.924589
-7.082599
5.914758
-5.252723
-2.617390
2.987907
-0.617001
1.479689
-4.805678
4.073804
-0.702166
-1.236953
4.187768
0.003342
7.223438
-4.079073
-0.459321
5.923468
4.183669
1.239404
-10.529918
-0.747548
-0.591685
0.983513
-6.727470
7.074598
-3.105872
-4.326037
-0.160923
-0.218342
-2.906818
-1.981220
-5.678372
-0.826648
-1.972228
-1.021002
2.133845
-1.874328
-1.636776
-1.514136
-3.958655
-2.453047
-2.375123
3.519530
-4.350820
-2.980597
-3.537127
-1.902070
-1.389189
3.113527
2.403832
-0.703858
-3.829483
-4.687576
-1.503623
-3.573313
0.848041
5.284121
0.589054
-6.830578
0.698652
2.993175
2.918718
5.210638
1.352960
5.155617
9.592220
-4.335331
1.875153
-0.469929
-2.769123
-0.158433
3.454489
-0.403348
4.328085
-6.582813
4.520583
3.370165
-6.517291
2.809278
6.320374
-2.792073
4.861555
6.809950
-2.232865
7.237893
-5.174644
5.583537
1.126438
-10.050684
-7.395076
-0.806234
-0.623377
-0.049154
-5.036169
4.079280
-5.489888
-3.541128
-4.947359
1.226316
-5.100407
2.493192
3.885419
-2.328199
-3.142862
-11.471112
-2.545671
0.692314
4.067373
-1.148674
1.754723
-0.806689
-5.078517
-3.048657
1.266144
3.242071
-3.367761
-6.094997
-4.153890
3.831884
4.079704
-4.554007
3.115519
-0.709078
-4.524566
3.336225
0.767870
2.870968
3.055382
-5.309287
-4.304120
3.006739
0.473307
-2.784634
0.631161
1.615847
-5.244842
3.390679
0.203028
0.090376
-2.759926
3.811194
-3.276724
-1.192245
-2.589493
-7.612897
-0.224253
-6.293209
-0.855859
-1.828021
-3.330692
-3.588841
-1.182250
-5.200435
6.687396
-1.048638
1.651772
5.100247
-2.371924
-4.310045
-1.357972
0.070231
-1.510774
-5.357665
3.006628
-2.054743
5.357275
-4.061967
4.417145
3.063766
3.186903
-0.589414
-0.497634
12.393211
-0.713722
-1.618981
3.945742
1.667546
-3.480323
-3.233899
-0.927705
4.932904
-7.489723
1.685604
3.680017
3.091944
1.042493
-3.258851
-3.827364
-2.188337
1.157640
-3.470982
7.437886
-3.887574
-0.984724
1.732714
-7.079651
3.410355
0.790842
-4.647295
-2.436609
-3.109595
-1.080926
-4.766778
-4.511151
4.584903
-0.468620
1.179061
-4.718156
2.832451
6.285164
-2.545649
2.411390
-0.627028
-1.312167
-2.731404
1.028551
-5.732245
6.290728
-5.672575
-1.593206
-3.855569
1.172170
0.612351
3.073496
-2.366818
-1.089359
-1.008471
4.162334
1.745619
2.622431
-3.172108
-3.784374
-2.717417
2.912569
5.193452
-1.126984
-0.424823
1.327125
2.751125
-1.167499
-2.741233
-3.417787
-3.295556
4.429661
-0.473820
1.815700
-5.978607
2.684021
-7.563868
-4.065114
2.468051
2.410969
3.002317
-3.367288
1.154075
-1.999423
-1.815385
5.353853
0.192883
2.622960
-0.976377
4.370460
-4.269457
3.118159
-1.003695
3.502972
-0.308383
3.414398
-9.425771
4.247760
-2.632163
6.546834
4.622462
-0.106882
-0.429560
-5.222930
-2.664904
0.451336
-0.426215
-7.244674
2.585348
-2.439581
-4.372685
-0.603461
-4.988501
-2.340930
-3.134133
1.553952
0.772716
-1.012177
-0.959818
0.014477
5.694891
0.325548
-0.210237
1.386507
8.084467
-2.359503
-1.815455
3.130980
-7.268651
-1.046925
-1.265046
2.367463
-3.159552
-3.791201
-0.844431
1.314517
-4.969455
-5.119070
-6.028488
-4.472920
-0.057824
4.314463
-2.194173
1.767469
0.521715
-6.024091
1.076208
-4.498949
6.357440
-1.768545
2.048313
-1.429036
-3.677205
1.126127
2.809186
-2.412398
-3.915780
4.716391
-0.428295
6.692398
1.152538
6.048146
-0.266176
7.315484
-4.696932
4.890764
-0.866995
1.875132
5.779444
-0.548534
-4.537199
4.314278
-0.533080
-2.528947
6.496754
4.283209
0.551996
-0.490003
1.028351
-7.067098
1.015722
-7.050364
4.945567
2.967699
3.748597
0.041962
-4.166470
-4.918090
4.340340
7.675438
-3.329741
-0.182151
2.127418
-3.430300
-0.384884
6.148680
4.755564
-5.762630
-2.484221
-2.451059
0.865593
2.237604
-5.365132
-3.455168
4.947532
-0.427445
0.938557
-1.627881
-8.281074
3.746054
3.208409
-2.365441
0.060231
-2.646830
-2.286244
4.713313
-4.274684
1.619048
5.231436
-6.119051
-4.882059
-5.928614
1.774771
-3.003618
-8.945674
3.135721
4.517765
6.541207
-3.631968
2.192344
-0.987300
0.091001
0.505335
4.856082
1.506150
-8.316333
5.655373
1.691924
-1.217687
3.263412
-9.749993
-0.227044
-5.411244
-6.753627
0.194343
-1.824342
2.922661
-0.172457
-3.882745
0.064655
5.553591
2.909340
0.944752
-2.539528
2.827042
1.841456
0.752249
-5.689111
1.247733
-5.159960
-2.230970
-4.004890
-3.431485
-0.178703
3.048032
0.398570
-4.662777
5.451938
-0.672621
-3.517024
-0.356826
3.331325
-3.386441
-3.424770
-1.769294
5.703935
3.013409
-2.799463
3.873653
0.856455
1.583420
0.346125
5.858362
-0.887377
2.595892
-5.390426
-4.970726
-1.563153
-2.259111
0.162568
-1.053348
4.269545
-4.988999
-8.351096
4.785238
3.346868
5.424335
3.648331
6.086770
-1.843253
3.412348
1.838046
2.413708
0.446322
5.311441
0.515943
3.628412
1.116388
5.023251
-1.006671
-1.883985
1.545150
4.843836
-2.898895
6.138130
-4.280965
-2.456563
-6.142009
0.820347
4.813110
0.456473
-3.108344
-3.038926
-3.335058
0.280035
2.204192
-0.830531
1.978756
5.631706
1.315589
2.861301
-3.094283
-3.231664
-10.905107
-6.003593
-2.558515
-3.273045
1.516445
0.108637
-4.734640
4.812895
-7.696629
4.202229
-0.153188
2.697073
-2.417601
0.324563
6.520602
6.015176
-5.225298
-3.984802
-1.939849
-4.490459
-6.115320
-4.256372
2.946295
-2.014267
-3.457884
-6.045398
-8.070437
-6.516846
-4.574711
-0.098313
-0.594230
-3.274635
-0.648572
-0.000280
6.852500
3.389985
4.950328
-5.644579
-4.402272
1.973111
-2.136048
-0.997793
1.442056
-3.985173
1.317984
5.970246
-2.849545
2.760452
1.190585
-2.411750
-5.315894
-7.868999
1.125799
-1.795908
2.466036
-0.607176
2.373257
2.536377
-0.630015
2.970132
-4.519668
4.854276
1.254454
4.352760
5.161159
-2.287761
-7.222018
-4.459280
4.666976
-6.803080
-7.300676
2.007649
1.066055
3.096199
0.830870
0.448673
-1.574551
5.131044
2.546562
-3.427534
-3.550071
-6.001016
-0.824808
3.161094
2.717103
-6.780494
2.646433
-1.440856
-3.471632
4.296575
-1.599270
-4.524342
2.340789
0.940120
-5.921708
-4.363141
-1.118330
1.488978
-4.118855
3.109304
1.777741
-4.731150
2.433333
-3.838292
2.454799
-6.188447
-0.878627
1.864262
2.930766
1.047703
-3.969440
-2.385701
5.586693
-0.696954
-1.229772
-2.044595
1.244926
3.341406
-3.273005
-4.311898
4.602572
-3.324723
1.450182
-1.589272
3.871608
4.939570
-1.332866
0.334415
4.418451
2.366481
-0.259733
-1.223054
-0.319349
4.938014
5.047531
3.006980
4.363927
-6.578393
-2.146355
8.367922
3.859453
-0.852240
7.022296
-4.020752
-0.320277
2.030714
6.808198
-2.885601
7.226456
0.218028
-1.397318
-3.247704
2.176627
1.436363
2.282147
-4.201221
7.700917
-1.786984
-10.724998
8.529998
-0.038335
-4.101789
-2.945795
0.888443
-1.530180
5.466091
-8.029499
-6.169413
-0.645484
0.154633
4.013741
6.717625
-4.602842
1.431850
-3.295024
7.134088
1.963241
-2.661371
-5.581150
-3.836397
1.768325
2.463799
-4.179060
6.047694
-4.113099
4.944479
1.490871
-0.768542
2.404963
-7.791962
-4.392698
7.019964
-1.585701
0.893055
2.320732
3.340270
-6.747304
0.620259
-6.138309
-3.329869
-0.228943
-3.155555
-6.539892
-4.255476
2.667043
-0.141153
-0.264122
0.951506
-0.782702
3.178532
6.504651
-0.530063
-4.579779
-0.005692
5.789968
-9.797890
-7.268699
3.435292
3.296067
3.126006
-4.024107
-4.318647
6.729206
-0.094582
-8.206783
0.812099
4.613183
0.404489
-3.406696
-0.146765
2.367497
-0.920582
1.106978
7.139751
2.865540
1.150124
4.145127
-1.236609
3.214391
-1.828484
-9.115889
8.159120
3.155291
3.818880
2.558515
-1.231100
-4.267200
1.619633
-1.287565
-0.131870
-2.427374
-2.717459
-3.948672
4.243661
-5.273033
-0.072806
-2.814835
-3.805040
-5.560718
1.604578
6.324538
0.877558
5.597630
-1.726101
-0.229620
12.398295
0.380647
-0.010878
-0.736650
-4.731901
-2.737606
-3.656433
-4.334697
-5.154785
-6.337448
-1.911786
0.589805
-3.358507
7.752328
-6.223837
3.020850
-7.503194
-2.281069
-1.275918
1.261820
-2.766361
5.297078
-0.502961
1.370015
2.318612
7.492353
2.943539
3.477095
-1.068837
-4.056325
-1.682884
0.151047
-1.938497
-2.389333
-0.863209
-0.391657
-1.332332
-2.234278
-2.306272
2.306432
2.620524
-0.409845
2.933829
-3.264877
3.809506
2.603819
8.338086
-3.551554
-0.475754
-2.734383
3.641614
0.834306
-4.325690
-2.241504
1.441737
-2.518115
-3.777321
-2.856670
1.646292
-2.106341
-2.874554
-2.371575
-0.350060
-5.031824
2.654856
4.581458
-4.387110
-4.660462
-5.106103
2.208792
-7.845955
-4.271906
0.136949
0.741548
-4.821205
7.101830
1.304705
0.839606
-7.432857
-1.464149
-4.125082
1.256180
-1.187022
1.380062
5.884023
-1.429051
-7.223474
0.028993
3.891932
2.953863
1.071586
3.493519
4.230143
0.517197
-2.351797
-4.116103
0.256326
-4.743615
-3.345977
-3.644913
-4.766562
4.508539
-6.177873
-0.064297
2.710934
-1.541564
-0.546401
0.036268
1.203739
-6.072937
-1.883801
0.251331
-2.855700
-3.560381
-4.821263
-4.424150
-0.893277
1.987701
-0.226846
-11.732621
-0.603273
5.229940
2.084960
3.717703
-3.142180
-2.160491
4.211345
2.316529
-5.861319
1.874435
-0.387047
3.418057
-0.632097
3.101337
-1.753467
3.483868
-1.127783
2.821517
-4.663354
3.686787
-3.383820
-3.646700
-2.759516
1.280801
-1.219147
-8.731610
-1.177139
0.215648
2.694377
-1.916061
-1.821915
0.061183
5.527107
-1.004387
0.479162
-3.561481
-3.298114
2.734837
2.955522
1.570820
1.367766
2.606569
-3.205122
5.502629
2.978924
-4.549089
-0.466526
-1.131325
6.881086
1.376101
-5.115117
4.156853
-0.106078
3.214084
8.911891
4.948826
2.645452
-1.122602
0.859369
-7.937485
-0.120788
4.634148
2.061569
-5.332833
-6.451404
3.843526
-5.451939
-2.605127
-4.206718
2.767762
2.032406
-2.913677
0.081891
-2.278723
1.129219
-0.637291
-4.560741
1.287994
0.235569
3.084057
5.032560
-3.782096
1.104107
-0.147035
1.333806
-2.496679
-3.885993
-2.984724
2.666662
2.034489
2.298037
-3.396551
-2.197750
-2.128896
4.109057
4.115324
-3.156742
7.503767
-1.963311
4.828147
1.557781
1.500022
4.979651
-5.149223
-4.178767
2.319928
5.670623
0.428682
4.766130
-3.614368
2.283107
-8.339373
-3.773940
0.746399
3.336070
3.693312
-6.333836
-2.157597
-1.719458
-0.936009
-2.887501
-5.075316
2.362203
3.617201
4.017270
-4.049675
2.993896
-9.484420
1.565160
3.909533
-6.615992
6.045385
2.684204
-0.309774
2.768818
-5.120341
8.190131
1.165443
5.252778
-2.094827
5.096114
-5.142327
-0.672160
0.157865
-7.158100
-5.868950
8.592668
3.909686
-2.304553
-5.275919
-1.206250
-4.079841
-5.861701
7.031829
1.362782
7.491709
0.680271
0.037111
6.682945
-3.163545
0.661525
6.504375
6.358155
-0.941411
-6.357373
-4.716122
3.450734
0.339985
-0.256298
3.551361
-2.750183
-2.665479
-1.772334
1.300407
-2.556467
-3.895077
-5.222944
4.441967
-2.965983
-2.864303
1.045164
1.264245
11.020658
2.431637
-6.156639
2.026763
1.630703
1.745100
3.870338
4.408652
1.132012
-3.907730
-5.244714
1.164680
-1.915734
-7.429628
-0.601020
-2.550751
1.000161
0.109866
4.589821
-8.556135
-5.262165
4.811514
-1.351314
2.232049
-2.320679
-0.516921
-0.831137
-4.704679
-2.462542
-2.737510
-2.250110
2.600007
-4.601821
4.535993
4.478295
6.409542
-2.290540
3.914999
4.131660
-3.468780
-2.770536
-1.348765
5.148292
4.772478
3.766472
-1.954124
3.079995
3.859830
4.081447
-4.059052
1.913879
-1.405003
-3.050071
-2.047424
-1.629011
3.667655
0.804433
13.196844
9.421780
5.896302
3.338694
-1.050163
5.805799
-1.226320
-0.697377
6.267199
5.117426
-2.441954
1.293367
-0.720515
-3.134277
-0.635737
-6.118089
-2.848821
-5.347704
5.164229
-1.810060
3.525633
6.527182
3.922263
2.102818
-1.665634
4.974279
6.296875
-0.385392
5.346347
2.187702
-1.946829
2.277089
-2.579844
-2.084403
2.399269
-8.241057
3.739842
4.351454
5.797417
9.652864
0.414529
1.908265
-5.856457
3.252548
1.355063
-1.956993
-2.000609
3.225892
5.196181
-6.415139
4.698313
0.558259
-2.930612
-0.213675
-4.118778
4.283164
1.619511
-1.263139
2.727837
-3.120827
-2.178698
-2.058229
-2.215180
7.778337
1.213069
8.208985
4.189118
-3.132800
4.438485
-0.830150
-1.380867
-5.987741
-1.619571
-3.482965
0.430909
-3.922017
-4.864246
-6.470199
0.286570
5.385313
6.290579
-6.713707
-9.807403
5.270018
3.933858
-2.257132
5.483945
-1.056800
-4.556255
1.225764
5.945650
3.324307
-2.728759
-6.359200
5.409783
-6.125822
4.170900
3.574399
-1.813040
-5.226003
5.772156
3.721904
0.177669
-10.082285
-2.775067
-0.709777
4.359032
-2.892559
1.186144
1.197241
-1.143118
1.630516
-1.770310
-1.523198
-1.406563
0.368909
3.072804
-1.181885
-3.832782
-1.603496
-4.602764
-5.838448
0.558628
-0.846049
2.442560
-3.818244
-1.869848
5.796989
1.567904
-8.590022
2.143766
0.957632
-2.140034
-6.179251
1.303886
-3.099482
-5.444376
5.322566
-2.074776
0.446389
3.040886
0.466957
-1.993943
2.717005
-1.117278
1.640585
-4.340776
-4.002182
-5.820227
-2.986607
-3.403790
-5.427240
-6.100260
-2.978397
-1.859203
2.530328
-5.633505
4.486899
-4.125880
-3.266698
-4.801159
-0.846148
0.340986
5.505442
0.692408
-0.525597
-8.620858
0.507170
2.372724
1.155738
0.214482
4.842477
1.793523
-4.705182
-4.639341
3.203363
1.589524
-0.550454
-2.278000
10.634890
5.111969
-8.665611
4.260272
2.819531
-2.027111
-1.309175
6.733322
-4.218105
6.438150
-0.374398
2.409068
0.946018
-4.057316
1.324191
-3.692154
-10.103254
-1.231601
-2.140161
4.731150
-2.394485
1.530302
-0.012397
-4.364596
2.574074
-5.225294
7.323816
-3.403608
1.256636
-0.200379
-10.782623
0.086648
-3.862854
2.956063
-1.063234
1.512231
-0.282759
-2.881639
-2.874719
-9.111169
-7.258364
0.891896
-3.866808
1.143538
0.524711
2.515898
2.071587
0.288507
0.679383
0.908057
0.815483
0.486514
-7.800868
0.398006
0.090526
1.246961
-3.498516
-0.689053
-5.046033
-3.806494
-2.063523
-1.076269
-5.822690
3.489280
5.879952
0.228749
3.203996
3.357198
1.943562
0.907165
2.486401
-2.510623
-3.039172
4.861526
-4.366869
1.419354
0.413676
-7.328559
4.529121
-3.380193
5.965840
-3.454934
4.276075
-9.888372
-3.679740
-2.320487
-3.812819
6.235353
-3.037514
4.918808
0.769852
4.202529
5.017635
1.138119
-3.552567
0.826568
1.224773
-2.303036
-1.910674
-2.374907
4.886731
1.916167
0.308476
4.251835
5.126439
-0.572503
4.135384
-2.740526
-1.504633
-1.868794
2.715561
-4.533438
3.545555
-5.419119
1.256557
2.996317
-4.946424
-0.602920
-3.216682
17.652092
-3.349804
-0.289375
0.729023
-7.053416
-1.928487
-1.847232
0.706800
-3.958034
-5.351309
0.588282
-2.633438
-0.107610
3.425919
2.592364
-2.252441
2.929517
-1.169730
-2.272314
0.126063
1.700716
6.690556
-5.970706
-3.335119
0.325103
-9.703397
-4.013892
3.397343
-5.140250
-8.641607
1.063464
-0.219895
-2.829395
-3.365150
9.298082
-3.730519
-0.616862
-6.063221
0.598056
3.358553
-4.440881
1.478023
5.300436
-2.891538
-0.195806
1.471061
-2.136624
1.085612
-1.590474
-0.069384
-4.575232
-2.758882
5.217767
3.561433
-1.267834
7.757029
-5.239603
7.134558
6.977314
-1.125388
-1.774478
-4.316600
-7.639773
-1.449515
-1.378920
-7.238535
2.348032
-4.327705
-0.598800
1.120539
-4.828995
1.822716
1.497142
5.733700
-3.891214
9.248075
1.282440
7.020342
-2.340783
-0.240437
3.489222
-3.817774
-0.180350
-1.802500
5.607271
10.104968
-8.699068
-1.344719
7.078350
0.241862
-2.237599
4.519100
-4.882713
4.163078
3.512160
2.854791
-4.313529
-2.795990
-1.206189
1.519334
-0.734244
-5.915284
-6.034703
-0.238213
3.191224
-2.210517
-4.715245
-4.622420
-4.619983
-5.635928
-1.686276
6.148825
4.004992
-3.543070
-5.261852
1.637745
1.043267
-5.436355
1.472385
-1.264508
3.266490
-2.499596
1.303602
-0.098110
4.998012
0.690871
-1.762347
-2.783350
9.729899
-3.920706
1.920052
2.285592
5.199301
-0.371867
-6.678246
-5.174431
2.284107
8.719264
-5.283674
-6.016795
4.485062
-0.390638
3.047799
0.272641
1.383422
-1.307593
2.574056
3.453174
0.914781
2.322113
-5.693358
-6.833764
-1.892230
-1.777537
-1.132919
-2.639683
-5.791466
-0.653042
-1.911468
2.305828
1.324483
-1.493588
-0.435328
-7.077734
-4.404542
-2.828879
7.048121
-2.931592
-7.549173
1.168668
-2.695238
-1.509572
0.016500
0.231399
0.092645
1.889668
2.678040
-4.667819
-2.144180
-4.332598
0.205781
-2.397963
1.001447
6.098447
-1.573723
3.499499
2.973124
0.885947
-2.587413
-4.063804
-7.605840
0.804927
6.441600
1.354254
3.938987
2.496732
-1.477390
0.261160
1.258397
2.239598
5.277164
1.652710
-5.665330
-1.084936
-2.882071
3.966801
0.599474
-2.087548
3.590975
4.223505
3.766596
-3.106763
2.496264
-5.276690
-0.318239
-3.288117
1.683999
5.408501
-1.617910
6.046909
2.454668
5.198412
-0.814919
-4.887276
-4.953259
0.015492
-3.224882
4.989676
1.281540
-2.714800
4.829585
-2.004231
1.455718
-4.646311
3.154884
-2.749870
-0.391726
4.399666
3.131171
-4.609214
-0.018674
-6.707388
1.774714
0.327284
1.977734
3.628439
0.647505
-6.735839
-1.674497
4.817437
-1.366462
0.508749
-0.013747
-4.534299
2.089957
-2.840553
-2.952918
4.153048
6.186846
-4.864378
4.014403
-4.109497
-3.171001
-1.221763
-9.049797
2.484938
-0.587801
-5.952367
-0.331055
-3.082160
-1.142499
-0.056270
1.252540
1.294238
0.045863
-6.140672
0.064557
5.284170
3.024678
-1.092677
-2.037038
0.916170
-4.461970
-6.086499
-2.361366
9.399882
-4.948125
0.279907
3.720573
-0.492776
-0.026274
-0.254301
-2.518077
-6.145826
4.362903
3.625757
-1.859363
-6.581385
-5.437044
2.923861
6.821479
1.641359
-5.083778
-0.841059
-4.534627
-6.325902
-1.851162
-3.418729
1.550292
-2.756944
-0.751490
4.730324
-7.725313
-5.936109
-0.012664
-6.520303
-0.085271
3.427143
6.327585
-5.199172
2.579800
0.382868
4.197842
5.547581
1.510147
0.747093
6.983747
0.935112
0.557175
2.562947
-0.074853
-1.458630
-4.190639
-3.834594
-0.762530
5.023841
-1.463704
1.494398
-0.090355
-5.275222
-3.951997
-3.748892
-0.084776
8.301537
-1.837695
-1.394680
0.733705
1.919897
-3.847716
3.763141
-5.497529
-7.444719
3.737738
-6.091521
-4.169089
-4.853562
3.921948
1.234556
-5.505185
0.475688
-2.332268
0.106411
-2.516030
-3.658097
2.884344
5.186561
-3.764663
-6.601612
-3.232797
-2.696570
4.519933
-4.432500
0.017382
1.126945
-1.688515
1.812373
-0.595649
6.693349
-2.375831
1.590459
-5.899841
-5.364504
-6.692852
-5.348950
-7.396517
0.239530
2.879284
-0.691341
-2.342371
1.544140
1.688810
3.587545
-2.528295
7.410735
-3.369642
-3.616735
0.459300
-4.168818
2.259760
-3.354693
1.133905
1.721405
-3.520825
-3.379771
0.362389
-0.022075
-2.512509
0.731664
1.569775
1.545870
-0.610987
0.844208
-2.313362
-0.382076
4.901143
3.468795
-6.154393
1.505220
-11.030642
6.137723
-5.451323
5.870946
-4.434691
0.348929
9.372465
-0.973864
-3.572862
-1.203298
2.405547
-0.051665
0.772492
3.084505
-8.980074
-1.914145
-2.958758
4.533892
1.344783
1.950721
5.662260
-4.429470
-0.295757
1.681179
-8.540013
-4.254416
-4.618182
-4.902829
10.381935
1.888301
0.307276
-5.159330
3.024579
-1.154014
2.644840
-6.172359
5.645439
-0.202498
-2.852565
4.689709
2.319116
-0.231120
-3.412170
-8.360766
4.511112
-1.432710
-0.029863
-5.340309
-1.371587
3.392337
-6.200878
-20.419950
7.569237
2.806465
-6.406943
4.438706
5.454266
0.065322
-6.208445
2.170062
2.253063
-3.547501
5.270283
-2.551619
-5.355003
-3.101721
5.646455
1.123027
-10.299905
-0.955806
1.712132
6.412148
-8.037108
-4.537521
-4.098029
2.068175
-1.627927
-4.471658
4.065745
2.602204
-2.445059
7.726584
-4.415097
-3.371698
-7.041513
1.284252
-2.783634
-1.195412
-0.105061
0.269622
-3.844156
-6.163500
5.753973
-0.969050
6.909784
-2.672613
-1.089211
-0.085820
-4.512141
-2.952497
0.184031
4.986302
10.700104
-5.022242
-3.597984
-5.331361
-1.038202
-3.201092
-4.767759
-0.970582
0.146439
-3.139955
-1.743321
4.512060
1.320486
3.312296
-2.109962
8.073236
-1.567741
-6.337127
-1.271615
7.346992
-2.783763
-2.389818
-3.919392
-5.489057
4.238261
-4.394067
2.951300
-4.260849
0.932946
4.745751
-6.467196
-4.675066
2.271721
-3.918084
-4.114777
-2.127340
-4.062758
4.243833
3.873332
-0.644828
7.066400
-8.240685
4.680612
-4.967142
2.336900
-4.710284
-2.124487
-5.792804
-0.806858
1.936566
-9.074684
1.765227
-2.401791
2.462453
-6.847742
-2.347254
-0.955548
1.965371
-1.457271
-6.845764
2.793031
5.928616
-0.172089
-5.568162
7.376894
1.002610
0.227039
-3.525860
5.834418
6.063297
3.581999
1.960984
3.558509
-0.268945
4.927240
-0.979751
-2.732826
5.652650
6.390355
3.352193
3.223262
6.577282
-1.406009
-5.684584
-3.147207
-6.217227
2.315365
-2.037490
2.726721
-2.344786
0.628965
-0.051632
-1.485628
6.874543
0.862228
-2.472677
-3.472502
3.121065
-4.047403
-4.188544
3.287538
0.283923
4.143167
-4.677019
0.020936
-0.598010
2.667574
4.394141
-6.219944
-2.867724
-1.696549
-5.875056
-4.441513
7.242088
0.413564
-4.542384
-2.467376
-0.280376
5.154655
-5.864745
-1.421832
2.941957
-1.914526
1.049060
0.908927
-4.938166
3.579838
-0.150555
-7.026775
-3.260834
-1.060622
3.311130
-3.380490
-3.318884
-2.619488
2.028868
1.984593
4.649756
3.054987
0.021370
-3.767421
-0.544042
0.324703
5.185215
1.639106
7.165976
3.793680
1.239460
1.776007
10.375595
-2.416309
-4.428171
3.622360
-4.221615
3.317058
3.312890
2.930112
-3.284229
-5.708232
0.598980
-2.274787
0.856878
-3.363135
3.406956
-7.234349
-3.848263
0.009425
1.079197
2.085511
-9.432821
-3.270431
-6.655227
-2.486060
-2.515096
-4.031974
-3.379506
-2.239771
2.478874
-1.412108
-1.068165
2.783191
2.857115
-2.873521
0.650513
-2.164089
-1.596638
-2.339111
-0.836078
0.163781
0.583001
-2.928274
-5.167554
1.601607
0.766476
2.270805
4.105991
-1.166469
3.508875
0.388405
1.349085
2.933108
-1.459497
-0.495558
5.950878
-6.451047
2.197358
-8.818583
3.014846
-1.937579
-1.040490
3.180013
-0.708190
-4.878576
-4.909169
3.519967
1.612286
-4.464763
0.350862
-2.192326
-1.086136
-5.994385
0.744935
1.484634
-5.253924
-3.678737
6.599848
-3.568640
-1.028763
-5.645562
2.527555
-2.174176
8.511305
-2.080688
-2.046370
-7.828527
0.229407
4.528075
-4.649558
-3.565107
-2.121580
3.168915
10.188661
-3.693526
-6.031552
-0.632428
-7.219113
0.052274
4.168952
-6.321655
-4.177348
3.399156
1.491995
5.117058
2.438058
-4.864602
-3.430865
-3.383140
1.953997
-7.119642
-8.333737
3.179348
1.647660
0.901671
-4.081208
5.133166
-0.535275
3.455356
3.411832
-5.891662
4.078778
1.949026
3.816906
-2.748943
-3.058480
-0.767247
3.550913
-6.314656
-10.747847
-1.599752
2.191451
-4.856667
1.664500
0.777360
1.702263
-1.549825
3.901649
-2.688998
-0.869265
1.831618
-4.793559
-1.514538
-4.591389
-6.120839
-1.773549
-6.936048
-2.113840
-1.338498
-5.020334
-2.581441
0.703608
-1.805175
6.434292
-0.150341
3.166684
-6.349727
-0.275162
-7.742409
0.361815
-7.054163
-0.426870
-6.247558
2.524067
4.074644
-0.115973
-3.234970
0.663231
1.307087
1.046229
4.769244
1.142026
-2.421356
0.242785
-0.462355
-0.302863
0.075352
0.802193
-4.887213
-6.553653
2.573849
-0.661810
0.382588
-1.303489
-4.522373
-3.966256
-6.124919
-2.444174
-0.123724
-3.199535
2.798505
4.056635
2.003462
-6.680789
0.211421
-3.430632
-4.576055
2.017701
-2.387588
-2.840984
3.312169
6.240510
-3.668470
-3.374425
3.048117
-1.519057
1.345416
1.487438
1.234984
-3.447262
0.773865
-0.422774
2.968706
1.276710
-5.203807
0.851547
2.286514
-0.516453
1.331473
-6.188177
-1.117450
-4.274894
3.827009
3.909208
0.764297
-1.543393
-2.715264
-0.893555
7.402890
-1.679019
5.535766
-2.957940
3.186772
4.338417
-4.901953
-0.291259
-6.497874
0.995900
-5.133532
-9.695235
-1.915125
4.956149
-0.238378
-3.789099
-0.617345
-0.193069
4.185390
-3.345109
2.248650
-2.060558
4.045023
-5.410795
-4.428951
-5.416905
-4.421113
3.585527
1.195875
10.896935
-1.501390
0.451162
-3.265211
-3.381837
3.853938
3.823262
-2.095896
2.964688
3.943986
7.375725
6.371441
-6.569548
-3.215663
2.220077
-0.565466
-4.924388
-3.476151
1.516214
0.025033
-7.724290
3.568889
-5.377034
-0.634050
-2.011179
-4.135945
-4.218943
-4.339207
-4.736989
-1.585459
-5.915472
-2.267120
-6.870469
3.775616
1.092730
0.185618
4.358732
3.260508
8.327472
2.932927
-4.118418
2.531461
5.754234
7.555871
2.373488
0.626931
4.540086
-3.823029
2.686197
-4.790847
-1.607275
3.509812
2.132013
1.678743
-2.323905
-0.828653
-2.653549
11.789816
4.561320
2.392314
1.979116
-2.998574
1.032106
-3.290996
0.339380
3.111967
-3.837457
-4.694469
-0.660917
0.842813
3.037980
8.378197
-3.934808
-1.116480
-1.282090
-0.721710
-7.437678
-0.154609
-0.044706
2.073315
-0.138785
2.246164
-4.327230
3.276436
2.649858
5.069342
-3.964213
-1.460224
0.368120
5.272726
-3.313607
2.246676
-6.943952
4.460260
-0.864826
-2.479680
1.588046
2.741055
-2.788205
1.055499
-1.151428
2.720006
-0.369652
-3.338399
-4.341725
1.884241
3.735937
-4.498594
-7.577034
-1.069249
2.282681
-9.082523
-5.125714
0.279194
-1.487762
-1.429230
5.815813
-1.340134
-4.625761
-3.625593
8.830953
3.642217
-6.242256
2.656407
3.212823
1.015953
-2.734179
-1.956968
-6.692810
1.679702
4.082416
-2.869937
-1.753604
-7.282577
-3.434438
-3.503209
4.136827
5.428339
-2.367588
-5.006925
1.055368
-4.954657
1.657261
4.620876
4.319919
-2.697511
0.657057
0.371424
0.095988
-2.783418
3.411511
-1.418469
-1.716032
-0.054751
7.897194
-2.743455
-2.016321
-3.984371
0.788083
4.317061
-4.874665
-6.201283
-0.581975
3.546632
3.591763
-2.013253
-7.954309
3.410076
-7.033817
-4.249693
-3.956584
-2.677971
-3.157023
-1.918338
1.910442
-1.835843
-0.324838
1.219744
1.686829
-1.590831
4.154648
1.942353
1.132337
4.801356
-2.674542
-5.911695
0.810321
-2.500442
-0.459544
-3.733570
0.856437
5.864616
1.126849
1.494333
3.552678
-3.408701
-0.949325
3.124164
1.586102
0.916095
4.501632
1.296206
-3.807858
-6.060385
3.948183
-4.526517
-7.041485
5.877342
-0.416025
1.114455
1.109514
3.988446
-3.376794
-1.318105
-3.488931
-2.552045
-1.331058
2.653079
1.411298
-2.543023
3.603488
-0.911465
2.988670
-1.264326
-2.346881
2.175375
-4.257689
7.430618
-4.022027
-2.899926
-4.045811
-3.933678
5.570547
1.449564
-2.105637
-2.471416
9.501038
-4.359217
5.638216
-0.666557
-2.752013
-0.692710
2.083630
-0.953285
-0.887208
4.032658
-2.039955
5.402565
-3.403944
2.736704
4.154795
1.624455
-6.601265
3.766194
-3.040983
0.773076
6.262837
2.191413
-2.901226
-4.706925
1.519913
7.379447
-0.026049
0.685756
-4.098590
-0.390205
-5.631451
3.057930
-0.868895
-5.819662
-0.413218
-2.532530
-2.826921
6.131936
-6.419266
-4.801936
3.933038
-7.620364
-2.921199
-1.060448
-1.663806
2.130980
-9.292868
3.851134
-4.970735
-5.325544
-0.957424
6.265483
-4.259384
6.991547
1.849778
-2.166345
3.603062
-0.995276
4.932393
0.021679
-8.041731
3.110965
-0.044768
7.355730
0.811290
-2.886528
-3.663413
3.916243
4.276074
-2.650629
1.619414
-3.835256
-3.271003
-4.650697
-1.358234
4.058112
0.590767
9.318572
7.748895
0.784281
-0.811859
-0.322654
7.212899
-7.570273
-1.762619
0.934282
-4.280759
5.096214
-3.013437
-4.066780
0.459832
-1.232965
2.973212
-8.299351
-1.557730
-4.751626
6.535032
-7.091251
-1.242219
-3.821258
-4.457286
-7.768200
0.488951
4.418593
-2.847805
-1.617060
-3.085334
-6.487944
-4.492547
-0.953748
-4.555904
-4.017823
2.982784
-4.980704
1.775340
4.039772
-4.051371
0.849686
-5.589966
-1.010969
-4.260467
-1.582773
-3.238433
-0.106527
-0.230981
-0.964217
-2.280836
1.397406
10.591221
-2.579880
3.930248
-2.568833
-2.117215
1.480670
1.878914
-1.202758
-5.307622
3.179504
0.772088
-4.123035
-3.007514
-0.084370
4.255726
0.425550
2.212552
-4.042382
-0.112635
2.604953
-4.936189
-1.557169
-3.206841
1.650627
-2.294469
-2.745157
3.436750
0.347549
5.094018
2.466928
0.933920
-3.139584
2.850563
-0.620709
-4.814034
6.521929
-3.431746
-0.278221
-0.103094
0.605756
-2.323476
2.257837
-2.635107
2.961922
7.989723
-6.104235
-7.833402
-2.875190
7.041331
-5.067640
-2.530066
-0.306775
-7.868790
3.372646
-0.186722
1.872030
-0.772815
3.954476
-4.561506
-3.753368
-4.581349
-0.721260
-3.212101
-1.933199
5.328289
-3.414103
2.145353
-6.867516
1.600040
-2.974433
-2.110391
-0.064085
9.873455
1.338674
3.468914
-7.225573
-10.285093
2.220475
6.544233
-2.599673
2.992384
0.401252
-2.022826
-5.558883
0.497118
0.158461
-2.705396
0.442742
-3.342587
2.861929
1.413601
-2.145502
-3.435444
-3.968766
5.568864
-2.400976
6.466773
3.310813
-5.473670
5.281489
-4.268219
6.226356
6.172027
-0.180674
-7.083494
-2.860843
-5.836017
-6.154679
6.729468
2.247493
-7.306627
2.261757
7.655014
4.350301
2.732499
-0.090283
-8.037087
-0.974348
-5.950446
9.020230
-2.709591
7.785897
-4.863043
-0.524402
-1.939608
-1.447369
1.700958
3.427210
7.479507
-3.047383
2.580282
4.886985
0.479372
-4.582223
1.703357
-3.538460
-0.529424
3.804444
1.129369
-0.727141
-0.994135
1.866390
4.265290
0.513616
1.017478
2.946280
-0.948249
-3.843452
3.968592
1.731027
0.076339
2.525664
0.922246
3.451635
-4.250357
3.382381
-4.820069
-6.809759
-6.698695
7.431540
-5.767089
1.243803
2.002674
3.639231
-1.209715
-3.537884
-4.037122
-1.306260
-2.081971
-2.251104
-3.838226
2.633260
-7.990707
1.813826
-4.370751
-8.358743
-2.385182
5.847161
0.279200
-3.971024
-6.019674
6.906563
-4.853713
-0.049430
-0.109129
-2.519987
1.563095
4.654949
-8.293239
1.235246
-1.811749
-6.830962
-1.289685
-0.128124
-0.395032
-4.885290
-4.746527
-1.176006
6.658932
-4.003593
-2.402155
1.530600
-6.038362
2.240439
2.870458
13.893248
-0.150486
2.600968
-1.710600
4.485281
0.479407
2.508720
0.500098
-0.716025
1.091736
4.592895
-6.974825
-0.585896
-3.028045
1.919581
4.631649
-1.991654
-4.812514
0.305296
4.247620
1.892292
-5.566664
-2.750853
1.476133
-6.748910
7.035670
1.890275
-0.981293
-5.577880
-2.482953
4.682881
3.855675
-1.119534
-3.570250
-4.152001
-8.386096
3.018561
-0.114645
-4.395860
5.563986
-4.930678
-2.704837
2.692418
2.326874
-4.326748
-1.294392
1.080191
1.041545
0.865931
5.717810
0.481253
-0.537832
3.483638
-4.645779
1.498912
-0.333895
1.831720
1.000486
1.583193
-1.436792
5.636564
3.932574
1.495557
-0.817664
3.365973
4.060532
-3.211903
-3.706064
0.092126
2.121974
-1.471399
0.899477
1.717574
-6.434639
3.463357
-4.602515
-3.080207
-5.205896
0.584554
-5.323811
-1.081510
3.914219
7.308632
-2.339549
1.764777
-2.765226
-2.513871
-0.496170
-1.780311
5.590392
7.919052
-0.622650
7.835369
5.466175
-3.805726
5.461005
1.750171
3.562035
-1.927753
4.603514
-8.922143
-0.541749
-3.636104
2.315374
-9.657214
1.025874
3.787711
-0.926528
1.426590
-2.367174
-3.738487
1.591519
4.100095
4.673903
-6.556201
1.542879
2.980544
-4.879795
-3.380268
3.848048
-4.363454
-3.545366
-2.159328
2.218910
-0.278873
2.300107
-2.930442
6.041593
4.736617
-1.683732
-2.374821
6.461472
4.301897
1.007282
3.130375
2.166102
3.778881
2.670476
0.003575
2.993059
4.456216
5.164365
-3.088873
-5.752626
2.074429
1.893161
-3.579015
-3.231857
0.158919
-1.907700
-1.068248
-6.073557
7.270376
-4.235932
0.998630
-4.540644
1.585164
-3.718797
0.643835
4.198660
2.485481
-2.505870
6.054558
5.945005
-1.891165
-2.472307
5.971854
4.709305
4.274488
-2.864892
-7.063066
3.422610
2.177096
-2.900943
-3.749735
4.345137
-2.152440
3.547691
0.638429
-6.665675
4.741114
5.080736
1.107381
1.604692
0.691941
-4.028614
-3.515724
8.843505
-3.395661
-2.349608
-2.827619
-1.294233
-5.969557
-0.735414
-2.457161
-5.602441
3.159240
-0.972188
-4.388289
4.071587
0.279820
-1.068312
3.058159
-2.653408
-2.309540
2.542184
-4.621767
-1.621074
3.884307
-7.011917
2.406046
-1.276177
-1.341487
6.310691
1.270415
5.792870
1.523364
2.691905
-2.742605
4.593230
0.414210
3.691987
-3.451261
-4.182657
7.539684
-2.891868
-0.423994
-6.371942
1.270065
-4.133474
5.472501
-7.681608
1.987397
4.684393
1.888844
4.982634
-4.080330
1.181503
-1.957215
-8.021111
-3.901339
0.156750
4.429512
-4.579096
0.530526
2.349850
0.924598
-4.875511
-4.382807
4.937865
-5.268035
-2.045934
1.078017
-5.335895
-7.007159
-4.152974
1.022563
7.022790
1.870984
-7.277500
-5.168860
-2.320187
-0.210293
-4.144678
-5.250271
-0.530400
-3.285911
-0.216453
-7.918407
3.058791
3.503168
-6.320167
-11.911932
1.758578
-4.140668
1.025848
3.627828
-6.275095
2.268495
3.867323
0.712489
6.530908
-0.986313
-3.068365
2.064766
0.683109
-7.050139
2.554218
1.850767
-2.514192
-0.853768
0.509828
-0.297200
-4.442868
7.712999
-4.912393
1.598161
-7.958580
-7.568206
1.760588
8.895264
-5.043153
3.429051
3.451177
1.055471
2.558095
-7.075540
9.686460
-5.892653
-3.537534
-1.118850
4.542806
-2.358493
-0.370473
-2.607768
0.337313
-1.969058
-6.983317
4.790874
-1.238417
-2.899441
-3.141494
-4.857630
1.368320
4.247508
-0.491908
4.943078
9.183952
-2.895705
-2.345800
-3.941916
0.482561
-5.920473
-5.416236
-0.476787
-7.397888
-6.830073
-0.045326
3.294502
-2.837016
0.180613
-4.120194
4.298126
-0.380457
-4.113709
3.493461
-8.857544
3.063746
-8.964521
3.513872
3.892849
2.155156
4.784522
0.142273
-6.297208
-0.962026
-9.287632
-5.525966
-4.322453
6.321308
7.958262
4.066803
5.036644
-0.369767
4.228961
4.107116
2.879451
-6.659650
-0.807395
-3.030682
-8.184136
3.731693
3.835885
-3.508664
-3.291327
-9.961836
-4.928694
-1.335133
1.094384
3.313213
-2.707392
-1.596889
-1.427108
-6.134775
4.364004
6.613080
-5.994778
-5.236023
1.646851
9.579976
-6.330210
-5.591850
-4.517905
-8.991967
4.934623
1.568102
-3.240330
-1.986921
2.039044
-5.847753
-0.950798
-1.716914
3.746615
-3.767415
8.691919
1.403612
4.592772
-1.468534
4.659439
1.749384
-3.499438
3.762500
-0.540935
-6.466217
5.282857
0.224357
-0.826619
-0.619453
-2.682155
-4.963089
2.392498
1.850387
5.770228
5.015897
-2.949161
3.216577
5.592990
-3.948108
-2.923261
4.375319
-6.762675
-3.130998
-1.316866
-1.333319
3.062259
-11.386635
4.756987
0.124284
-3.173823
-1.649998
-5.491326
2.109864
-0.773897
-4.520326
-3.562833
-2.507002
-7.314662
4.451579
1.414041
-0.385715
-6.452415
-4.871238
3.827254
-0.269864
-4.461320
-4.255758
-1.300859
3.603279
-0.969811
-5.050151
-0.458409
1.867700
1.111946
-3.015458
0.783247
9.218313
-5.401852
-2.300106
-3.241889
-1.882493
-3.664802
-0.690674
2.210549
1.622737
2.582233
-4.841608
2.033332
-0.738076
-4.098432
-0.944827
2.826707
-3.720403
1.658596
-5.064847
0.190922
4.779138
-2.207878
2.215307
-1.441742
5.360606
0.031362
-2.497429
-4.224051
-5.717824
3.132424
-0.221636
1.326473
-3.170435
1.335343
-0.067769
3.341037
-3.623652
-3.287580
-2.578357
-4.689268
-0.851794
2.162308
3.710777
-0.147292
-5.912943
-0.062011
-3.072432
-4.125982
-4.144886
-5.251424
-0.388435
-4.042811
-1.698246
-2.369705
5.861466
-4.657750
3.609021
-4.859818
-2.583176
-2.037784
-2.467169
-2.296553
8.626000
4.627485
-0.670334
-5.366533
5.678039
-7.863544
3.844529
-1.015299
4.443266
4.285907
4.027574
-2.871433
2.418348
-2.169335
5.214251
7.309549
3.590639
-2.545767
2.289543
3.568784
-3.679151
2.245194
0.278584
3.458069
3.160728
-1.138482
5.504929
3.410874
-4.771036
-1.194980
-0.315290
-0.109335
4.490081
9.119325
0.119762
-3.679350
-5.840443
-5.701865
3.298601
0.021531
0.161914
-0.901612
-5.913277
3.331922
-5.350530
-4.248658
2.359792
1.773897
-0.275549
-0.786608
-4.222036
1.681656
-10.773351
0.760420
4.399864
0.293188
8.575386
0.067180
2.003226
1.999951
-5.149504
10.501917
1.864873
1.683879
1.077827
2.521432
6.886497
5.831612
4.838902
0.630673
-3.454232
4.727653
4.731616
3.130672
2.242395
3.424226
8.158563
2.208448
0.521662
1.364530
2.348669
0.410066
-0.304257
0.499772
0.706670
10.019543
-3.316943
-1.256800
-0.119720
-0.028182
-2.404928
2.309213
-3.416147
4.939061
0.571254
1.932059
1.950364
4.504751
-0.536888
-8.365441
1.915625
-3.773009
4.155184
-5.486361
2.117018
-7.513700
4.850748
-0.198764
-0.572935
2.584155
-0.608912
-2.774627
4.144485
4.142287
3.159954
0.124100
3.197022
3.435058
3.531103
8.694314
-4.195439
-3.369349
-2.495251
0.608771
0.340377
5.988110
4.429468
5.044971
0.784491
-4.775248
-2.446865
-2.262913
7.457277
4.191072
2.571757
-5.926158
-5.610363
3.094742
-5.067674
-1.326762
-2.485409
-3.876270
-1.332429
2.666413
-0.785612
2.648989
3.927016
2.702540
-2.256943
-2.862074
-5.692886
-6.031346
2.176920
2.605309
1.151796
3.694290
-3.764433
-6.388031
4.909155
7.521645
1.591679
-5.241121
1.315511
-1.633961
-6.841259
-5.633471
-3.035085
-4.758840
1.951846
-1.379252
-0.134194
-2.645765
-2.176239
0.556623
5.739791
-5.132227
-1.462021
0.963745
2.708039
-4.991061
-10.549454
-3.421693
-0.049398
-5.450925
-3.386237
3.044124
5.824203
-2.006135
-0.470580
1.864122
-6.040073
-0.145335
-7.336076
4.089520
1.295214
1.019886
-2.747955
-5.820324
-0.172675
-7.047637
0.291783
-1.217536
1.744550
-2.455112
2.039392
0.932302
0.449738
-1.643427
2.155537
-3.640321
-1.306329
1.828146
0.413485
-2.736648
-1.183220
-1.165594
3.080822
5.295317
0.558981
-2.078081
-2.291326
1.396440
-6.753160
-2.167682
1.296982
-5.573196
-4.852100
-7.343948
1.225075
-5.197670
-2.614204
-8.018824
-0.037779
-1.647521
-1.319242
-2.834043
-2.305999
0.469082
-3.552716
5.134339
1.035652
-2.299866
5.094807
3.749310
5.063639
-4.001369
-0.826395
-5.957962
2.460878
0.393869
-1.950600
-5.288603
-5.182615
-4.143914
3.095270
1.991610
-6.298870
2.938775
1.719156
-4.469053
7.819004
-0.903530
-1.700104
-1.144981
3.794098
3.005107
-2.675918
-1.505010
-1.346446
-3.094779
5.142858
5.755646
-0.819980
-3.683333
3.301021
2.492198
-7.735579
-4.938033
-4.471851
2.896554
-4.952954
2.627361
2.312233
12.005935
-2.534963
-4.086943
2.181176
2.644101
-4.448696
5.921578
1.895894
-2.846264
-0.653545
0.851967
-7.045013
-4.897936
-4.797350
2.001083
-0.799886
-0.636923
-0.698870
1.753675
-2.341897
-6.222758
5.220164
-5.188782
-1.703645
6.299119
-5.271082
4.018784
1.357251
-1.047505
-6.549052
-1.734018
1.722060
2.030168
-1.597157
2.933453
3.936160
-0.991662
1.098663
7.497118
-3.248270
0.340637
-0.736544
4.980583
-4.666179
-1.132743
-3.695752
-0.728901
-5.020785
-1.002814
1.682638
0.048951
-1.234340
3.296154
-1.808860
-4.928481
-4.727269
-3.737259
-3.689497
-0.146100
1.023983
-7.103901
3.920568
-1.639621
-4.662403
-1.604960
-5.574045
-3.096149
-2.499315
-3.504164
-1.688761
6.845793
-0.864509
-0.944502
-2.440500
-2.842199
-4.154028
-6.491421
-4.283542
2.027883
0.847745
-5.562707
-0.206302
1.032958
-5.703361
4.543067
-6.001823
3.073030
2.280641
0.589860
-3.458058
-0.231573
-3.600694
4.305614
-0.606319
1.255347
-4.836421
-2.966894
0.417498
-2.791671
2.934848
1.042694
0.285340
-1.131948
0.035277
2.947415
3.398997
-1.357700
-5.133991
-5.672651
-2.365534
2.322181
6.460365
0.537239
2.720317
-5.647445
1.556651
-5.197282
-2.794695
-0.124184
0.518481
-3.745016
12.377571
-2.490028
-0.745559
2.785661
3.818743
0.402876
3.087545
-3.581649
-4.591169
4.049310
-4.871438
3.013415
1.081200
-5.520513
4.327404
2.848166
-2.209188
-4.765938
2.351999
2.048924
3.413589
0.123535
-2.913450
0.458371
-6.432821
3.215258
-2.964873
4.626915
-1.898767
3.808106
5.357642
-1.665520
-8.383240
-0.472359
-3.032772
2.138758
0.926732
0.391106
-2.653718
-2.536171
2.847446
3.297377
-2.465427
-0.366202
5.861639
-2.128818
-2.721110
-5.174665
-0.408120
0.334088
-2.982348
3.316746
-3.151312
-2.099545
2.032301
-6.859155
6.559886
-0.302021
-5.795209
2.304707
-8.782831
3.388997
-7.779005
-6.673426
0.436111
2.682596
-4.762788
-6.236348
1.288047
6.653393
-2.365122
5.607200
-0.642113
-2.883923
-3.462618
0.705384
-4.236638
0.919741
-7.307978
-6.557648
-2.381887
2.660794
-1.074606
0.075094
4.526691
-1.248853
-3.694768
-3.690272
3.053403
5.806854
1.234609
-3.662846
-5.407058
-0.455432
8.122890
-2.386995
5.702411
-2.502099
6.150068
0.591338
-3.355629
2.189356
4.597018
2.593515
-0.524051
5.480425
-3.681681
2.046263
-2.157942
5.712042
-0.839189
-4.364037
4.642713
2.436640
-4.185924
4.994098
-4.471890
-0.158023
0.331404
2.715221
-3.041598
7.151141
-2.943040
2.468956
-1.713325
-2.515559
2.125178
-0.416221
1.257110
6.505833
-5.229589
3.118280
5.360455
-5.368143
8.161065
1.616644
-0.938633
6.603963
-2.911812
-7.932917
7.526181
2.343280
-4.860125
-3.944951
-8.468861
-2.003196
2.782062
3.661577
2.240017
1.845682
-5.166121
-1.583557
3.077989
2.981493
-0.416243
1.280887
4.632187
-3.273025
4.701682
4.325239
6.334795
-2.464836
-1.458527
-2.805147
7.950316
-6.651790
-0.081815
-1.885678
0.955169
-1.733192
-2.121675
-4.516568
-3.986712
-4.463123
-5.315242
5.412897
3.057995
3.738356
0.339342
0.684600
-3.279929
0.577331
-1.018579
1.936060
3.544236
-3.486014
1.916933
1.012525
7.098117
3.276876
-1.959638
-2.823787
-5.638241
-6.264958
5.701779
2.234103
-1.992695
5.500323
0.763344
-1.724585
6.572462
2.543344
2.087292
2.335188
-0.533207
-6.337545
3.788376
-2.114648
-2.800871
0.034721
0.024520
-1.422182
0.714653
3.442127
2.710579
-1.926634
5.437692
-2.681109
2.069588
-1.476911
-5.859658
2.902725
-1.335164
2.272190
-5.802823
-5.634787
-3.763703
4.944684
5.109524
0.846518
-3.050768
-0.739871
-1.245038
-5.936527
-4.436991
4.492952
-2.862298
-11.284296
-3.868633
-1.474393
-8.425808
-2.151911
-6.576056
-4.747221
-0.685666
-6.690747
5.710433
-1.229295
4.214890
-1.710497
-2.253601
5.846004
-0.022084
2.047062
-1.125519
-1.592731
6.192557
-3.370852
-1.290806
0.685021
3.189065
-0.918491
-1.406015
7.348097
-1.513521
-3.299066
2.544019
-2.443473
2.439454
7.258473
1.084022
3.303076
0.086831
-5.427436
-1.471633
-2.314710
-1.499432
-4.296974
-3.107538
-3.080809
1.587110
2.780515
2.362034
0.099412
-0.752981
-2.850782
1.102378
-8.547007
-11.808545
2.082161
4.155332
-5.503804
-2.926544
-1.185429
6.784075
-1.052944
-4.750522
7.407007
-8.797225
-1.209669
2.446342
-0.430219
1.908216
-4.501957
2.884473
-6.355310
-2.570526
-5.199702
-2.306613
-5.946631
2.246647
1.451746
-3.476772
-6.108377
1.609256
2.321115
2.903139
-2.495645
1.749431
0.691598
6.648595
0.972011
-1.792237
1.963216
-1.810510
1.513841
-0.396593
2.136589
-4.626912
1.054363
-4.025999
-5.314560
0.069881
-3.726952
-4.811255
-5.490387
6.259481
3.363236
-1.343691
1.164275
5.073894
-1.882381
-4.860206
0.078151
-1.924753
1.457177
4.331490
-5.628127
-1.067637
2.858363
-1.379431
-0.115152
0.399552
-1.394002
0.681609
-5.399937
2.556462
-1.128689
2.302749
2.217287
0.602573
1.240396
0.517948
-0.802322
-5.143106
-6.160787
-2.540445
-2.681019
4.727686
6.849619
0.515835
-1.113353
-4.313082
-1.695716
-6.107563
3.125531
3.762857
1.058574
-1.098680
2.024200
-2.459213
-6.937519
3.851958
3.911199
-8.325839
-3.185961
3.393328
-2.376022
1.725947
-1.411807
-5.884282
-1.645309
4.276656
-2.071028
-2.549635
3.426768
-2.660761
1.477431
4.673037
2.395625
1.558037
-5.063185
3.441173
6.071799
0.855386
-3.177432
3.230109
-1.024693
0.855723
-5.585513
-1.828043
-0.315357
3.688298
5.326250
-1.753259
3.507410
-5.493459
-1.317310
-0.564903
-0.105335
1.601803
-3.962691
4.961972
0.888330
-0.266439
-4.642689
-5.513027
4.787885
1.857092
-5.651855
1.481765
-0.676113
-5.343699
-0.117546
0.441758
-6.262836
-0.008961
3.264956
2.270600
-0.164103
-11.005348
-0.108376
-0.850406
-2.194090
3.619267
-1.655488
-0.845608
-0.272426
-0.596719
-5.047416
1.863854
-1.592079
5.465841
0.498865
-2.831827
0.774661
-1.867294
2.292533
-3.778852
-5.343633
-0.240851
3.918388
0.337562
-2.494764
-1.261841
4.099897
3.880322
0.121737
-0.817388
-3.015178
-2.461665
4.654088
6.666165
0.083841
2.586237
-2.383312
2.380244
0.649251
1.766008
5.119862
-0.749849
3.560716
-0.384261
-1.982744
-2.746726
0.362937
-3.228686
-0.978247
-4.147524
-4.331527
-4.091499
2.373681
4.924594
-1.494984
-3.674540
-3.165965
4.990058
-6.144370
5.535252
3.901963
5.255651
-4.229640
0.536987
6.669431
-0.391022
-3.858704
5.452223
-0.274495
-0.998767
-3.795797
4.026823
-4.226523
1.864913
-1.628406
-1.091881
-0.012718
-3.522700
8.677371
7.340817
-3.584381
-1.105408
5.822403
-2.265648
-7.997392
1.576764
7.455132
-0.781121
-2.414341
4.421982
-2.971185
1.354473
6.426683
-0.675271
4.114237
-2.872268
-0.907960
4.339638
1.056803
-4.038249
-1.587309
-3.736484
1.856985
0.798210
-4.174870
-4.629625
-2.058386
1.871362
6.695697
-2.628428
-3.290030
3.629003
4.331478
0.624514
0.383551
4.649055
2.934790
-5.969058
-1.376663
-3.750275
5.316616
-0.882662
-1.027351
4.565390
3.011101
-0.548171
-2.684532
4.208245
6.307957
2.723366
2.293860
0.437940
0.827932
-0.732093
1.936071
0.802152
-2.519617
-2.915599
-0.222291
0.665381
-0.420242
0.693213
-3.339113
3.799502
1.665931
0.476254
2.937489
-5.352473
5.157325
-4.212958
-1.406125
1.567395
5.770221
-1.742788
5.103975
-2.273195
1.072195
5.397788
-3.424583
3.248189
4.405376
-2.413980
3.724161
-0.483196
1.389800
-5.653051
0.099946
-0.463809
6.191476
6.529359
-1.126849
-5.061341
-3.510442
-4.810566
2.235849
4.883881
2.656593
1.763813
-0.636778
-0.858157
-1.169478
1.818184
-1.749226
-1.164119
-3.375336
-5.811892
4.491929
4.391578
-1.927458
-4.606062
-2.937839
-2.668993
-1.233165
-3.077101
-5.751244
2.448180
-0.440612
3.372867
-3.534162
-5.361310
0.017422
-2.952539
-4.815495
0.521235
6.942629
-2.907226
-6.333259
-1.618308
-4.023943
-0.510494
-5.963830
-1.414356
0.380426
-4.953876
3.761730
2.209429
5.309073
-1.679300
4.616858
-4.872040
-3.065701
1.040410
-1.936312
5.270421
-3.112634
4.614513
-3.543139
3.224792
1.927153
-2.945311
-3.770235
-2.993421
5.650610
-2.037204
-6.313580
3.348678
6.680314
9.051502
5.179908
-8.077351
-0.811862
-0.488855
-0.495816
6.440407
-1.704511
-1.597486
-1.355789
6.081972
7.231254
-2.031265
6.184134
1.740471
1.144165
1.500547
-0.658258
-3.447679
-5.214368
-1.653282
-1.838751
6.156799
-3.095059
8.199375
-0.123423
-7.509637
-2.760678
4.067572
-1.875602
-5.719320
-5.451221
4.718777
7.065610
3.484948
3.840037
-3.779724
-5.072146
2.279685
-1.933731
0.669253
-5.112003
3.631164
5.126656
4.325270
1.785542
-1.481894
0.783984
1.693673
5.138507
0.642381
-1.934146
-3.776806
5.006583
2.419740
-5.344723
4.059138
-1.763407
-1.512002
-5.022816
-0.237945
2.273892
3.731019
1.338241
2.488625
-2.564432
-4.435755
2.033524
-0.114625
-2.339303
-0.190789
0.154309
-1.978732
-7.051386
1.687373
1.535650
-9.394096
-5.121442
-3.244016
-4.948771
2.069550
0.666909
-3.811404
-5.236009
-5.362665
1.088276
-5.993285
-5.799028
2.195308
-1.594493
1.144507
0.362844
0.808790
-4.136068
2.014382
4.774067
-4.752465
-0.529821
5.611360
-6.793072
3.814357
-2.988277
-3.159932
0.681737
-4.406221
2.653632
-1.654075
-2.461650
-1.624470
-4.258923
6.013561
4.644156
4.425045
0.593618
3.931539
-4.984066
-5.099833
-4.273897
-4.567249
6.625255
-2.950117
5.179742
-0.226022
1.081630
-3.519727
3.939972
-0.726054
-3.682399
-4.070546
-1.894372
1.476290
3.632176
4.633444
-6.577033
6.941708
2.551236
2.457430
-1.965226
-8.355543
-1.902302
1.231078
4.099505
0.619231
-1.968126
0.131748
-1.961895
2.448914
-5.352441
3.925101
2.816156
-0.794656
0.621116
7.738445
-1.813745
1.325879
-0.847450
4.958580
2.851788
0.676659
-2.826300
-4.554490
-6.321996
-4.047876
1.669439
-3.208472
-3.418861
2.298751
-0.764892
-0.350294
0.022840
3.399860
5.693776
5.199778
0.572856
-5.686531
-0.029651
-2.710793
-1.882531
-4.477270
-0.170384
6.307960
4.426341
6.362216
-0.578847
0.053864
-8.225580
-1.908505
-3.417827
-0.342079
0.627470
-4.820828
-6.065098
2.054108
-0.229840
-3.444865
-2.830158
-0.829273
-0.024367
0.028460
-1.628111
-2.179250
-5.062231
-3.501325
-0.417502
-10.304813
4.344206
-1.253145
3.341941
0.221914
5.076415
-10.235229
5.453546
-2.424860
4.287485
3.911366
-2.718421
0.551683
-3.959800
2.345760
-2.400856
5.896573
-0.640040
0.464077
5.727987
-2.278007
0.916475
2.441648
-4.498266
4.855469
4.517520
0.282788
5.751667
-4.523369
6.003954
1.018190
2.049569
-2.332201
-1.103850
-3.094811
-0.579191
3.727990
2.230898
-0.535694
0.016397
1.058681
5.123577
1.946150
2.500805
-5.613035
6.019870
-3.130985
-4.635377
1.430122
3.390494
4.528204
1.497224
6.250960
-1.665268
-2.115557
-3.910530
1.634457
-3.055903
-2.668417
-2.368434
2.144674
-2.940916
-2.800746
4.041250
1.138210
-3.771680
-0.306656
0.724787
-2.280462
-2.278714
4.302436
3.943790
-1.273616
1.600858
-1.318918
-1.766062
4.355840
4.855583
2.030904
-6.051063
0.199646
-6.431942
-0.185162
1.299792
1.500230
-6.350054
-5.275458
-0.070392
-3.860229
-1.757907
0.735071
-4.018448
-0.479020
5.206292
5.532034
7.878799
4.097073
2.437777
-0.698446
0.502082
0.816137
6.197555
0.263035
3.417230
0.247516
1.626092
5.924044
2.774066
-1.202545
3.721983
-1.272465
0.400251
5.480439
3.051311
-5.420192
-0.049865
-1.536241
4.218740
-1.264469
-0.274736
-2.305321
-1.317654
-0.003058
1.641860
1.656882
-6.298581
-0.172782
-4.678620
-5.677705
4.196297
-7.023724
1.867957
3.107252
-0.236268
-1.717695
-1.461407
0.346148
1.602780
-1.381765
-0.173391
-0.965216
-0.312860
-8.247642
2.213348
5.796893
1.420027
-2.928222
6.370555
3.485466
1.362100
-5.361662
-8.521451
-0.251984
8.496799
-4.290723
0.410664
2.224518
7.395145
-2.958029
-7.894047
6.684523
3.280362
3.828634
-4.310498
3.705626
-2.840177
-0.998367
-2.566645
4.274473
-4.464851
-7.550451
-3.443769
5.650034
3.518280
-1.162245
-1.987179
-6.609662
-2.832857
-0.469297
4.960777
3.014393
3.068438
-5.673202
2.921466
0.125505
-9.761133
3.065650
-2.406442
6.556992
-6.267581
1.609324
11.294200
-4.386388
5.106851
1.944992
6.861125
-2.721849
-0.072826
3.771575
-5.151089
-8.592110
-6.974712
-0.536571
4.355834
3.130404
1.028592
1.874262
2.067939
-5.795926
-5.266175
1.599038
-3.755306
-4.445300
-1.512342
3.543735
1.604638
6.694626
3.636741
8.454415
-3.764118
-7.283460
-5.483585
7.769233
2.311498
-0.899971
-2.840742
-3.071650
-1.172863
-1.498842
3.830902
3.236453
1.331574
-2.314125
1.740008
0.080326
-0.130860
-5.430846
7.163179
1.833206
1.720823
-0.495160
-2.693935
2.595794
4.299045
-2.683578
1.039242
-1.863370
4.851384
-3.693842
-0.357821
-3.794051
-0.181167
-3.407905
-2.885412
1.707089
-0.350204
5.834326
-0.021239
4.693496
-1.904519
-2.212896
-3.015103
1.438939
0.284375
2.091782
-1.590315
7.490464
2.877536
0.742296
4.543565
-3.401748
3.994143
4.139524
2.337997
-2.879734
0.673058
1.521476
1.626108
-1.105818
-0.518603
-3.991678
-0.702678
-4.520713
4.235080
0.375836
-8.032793
-4.561551
2.539050
0.513653
-4.091425
-3.959484
-3.390167
-3.578092
-5.030195
-1.768644
1.659518
-5.907753
3.322935
-3.668199
-0.830495
-5.412647
3.147179
-0.428686
3.071439
-1.277286
-4.321918
5.867593
-3.256577
-0.082841
3.109575
3.324547
-0.622323
1.263383
11.003426
-3.733472
-0.949586
-5.174149
-0.937665
-4.559205
-4.910962
3.371514
0.872657
-0.073774
-7.303024
3.562865
-1.017451
-5.925102
-0.998251
2.875429
-0.116019
-2.836555
1.510050
3.495611
3.811840
-0.570045
-1.631944
0.827860
7.331777
1.835979
-3.759844
-3.105923
-3.299060
0.021727
6.227970
-6.057205
0.685327
-7.241995
-1.836825
6.504065
2.516308
-2.295336
8.186411
5.277066
-0.285701
3.675017
-4.223540
-1.587801
-2.764464
2.314649
-3.703492
2.871040
-3.855375
-0.006597
6.015373
2.463620
-6.103157
4.287829
3.301908
-0.857707
3.796892
-0.298804
5.139328
3.488191
-3.122196
2.879828
-3.706923
2.728844
3.502441
3.139132
-1.624198
6.363949
-8.271478
2.901781
3.526030
-4.885268
-2.114563
-5.223131
-4.635079
5.130610
0.700440
-9.016744
-0.220653
-3.118406
-1.428566
2.509566
-3.455671
-4.271791
1.334044
-3.647913
-1.521756
-10.118589
2.567003
1.441487
7.639996
-6.287675
-0.185806
-4.247416
0.170472
-0.897818
-3.976450
-5.595512
-7.067947
4.893700
8.961692
5.213861
2.747673
1.483053
-6.242845
3.781043
-6.368098
-3.072235
-1.423234
5.340955
-2.256737
-0.844078
0.127209
5.309280
0.989351
3.780914
5.447812
4.074803
1.368827
-0.492255
-5.598614
4.277095
0.978138
0.027614
-2.005851
-0.661537
4.002005
-1.150763
1.225828
-3.978891
2.643563
-4.204711
-5.623709
-3.205648
-3.090704
2.260443
5.413333
-3.636248
3.020621
-2.335817
3.060462
5.405889
0.724966
-2.333013
-1.535301
5.451000
3.319206
-3.672148
-0.727666
3.413157
0.940625
-1.720203
0.102266
0.030205
-4.548403
-6.937984
-6.410361
-0.040418
3.253893
5.319262
3.950332
-3.290222
-1.809765
-1.106212
-5.494580
3.201364
5.252546
1.461743
0.345424
1.406972
0.906520
-0.265360
1.649430
-2.612041
3.435236
3.235198
5.199843
1.222713
-4.322839
-10.997398
6.322149
-7.869147
-1.027938
4.182497
-2.940018
-6.662140
-2.347657
1.254480
4.329570
0.982738
-0.392908
1.144663
-2.053847
4.138495
1.799610
1.407753
-0.380492
-4.223952
2.583190
-5.378543
3.226206
-1.846709
-3.789820
2.021683
-2.771576
6.379732
1.419335
-2.488584
-4.127042
-2.159630
6.415477
0.540140
0.879490
4.703341
-2.082364
12.166677
0.278741
0.282094
-5.470410
1.872633
-4.520389
1.472743
-2.335725
1.002310
-4.200251
2.840072
-2.253817
-3.715627
-4.612692
-3.838502
-7.388317
7.973964
3.678663
-6.036767
-2.373161
-1.070330
-4.580479
-0.207019
5.333809
-8.092949
2.507775
-2.461388
0.523852
-0.137054
-0.132392
-6.620059
0.034389
-2.507120
1.199539
-3.573852
4.038118
5.241586
-2.656361
1.171291
-0.320467
-5.349932
-0.657533
-4.482680
-0.088156
-0.546848
6.199035
-1.704595
-1.248238
3.246364
2.167466
-2.529017
4.208445
0.138222
-2.316272
-5.908856
2.825222
-2.989177
3.829996
-1.290404
5.310698
7.725479
-2.055434
-1.148848
-0.220576
6.803835
-0.047521
2.319838
1.024264
-10.665069
-4.276338
-0.553519
1.850174
-1.241668
-3.003332
1.400270
-4.912694
4.194276
-1.875957
-0.848986
-3.997362
-2.287139
2.693305
1.447321
-1.048375
2.155389
-4.503584
0.501961
0.842573
-3.324447
0.197858
1.741323
5.055805
7.097180
-2.590472
2.042490
2.213353
3.908817
-1.802005
0.258047
1.157887
-5.027460
3.273055
4.041289
1.425322
-0.458610
3.376615
-3.370438
1.913793
0.261918
1.309771
-3.145125
-4.108010
-4.464093
-1.017770
2.096832
-5.781493
7.333168
3.523481
2.415917
5.498388
2.283403
0.441343
-2.193485
-0.340432
-2.647716
0.403737
-5.962186
-0.879736
6.961047
-5.022918
-2.162809
5.535970
0.751423
-2.061114
2.251564
6.962932
2.294804
-2.037575
-4.665690
-3.407774
5.869042
4.738901
-1.424209
-4.667782
2.335447
-6.048575
-2.564316
-3.015467
-3.602263
-4.734685
1.530461
5.884686
-6.785077
-4.996637
0.189116
-5.014558
1.981014
-2.952903
-3.034492
-8.361300
-8.613438
-2.422957
-2.113466
-7.023499
-6.635341
-4.369714
-1.553934
1.110645
-6.214045
4.727331
-1.520437
-5.532574
-7.879880
3.471091
-2.499768
-8.658491
-0.015897
3.238928
-5.211458
-8.481890
-3.414010
-2.938211
3.028790
2.198960
-1.764789
4.514091
-5.399574
0.352557
-2.101723
-3.841857
3.037936
1.627419
-1.450126
5.547159
-5.260736
-4.804823
-9.443566
1.666010
-2.702977
3.694099
-5.880047
-1.455058
-2.351332
-0.724104
5.409531
4.114487
-0.414383
-7.102643
2.744989
-4.339704
-2.298029
2.598702
4.551552
-4.880824
-2.292577
-2.514703
1.702504
-0.248274
-1.763584
-0.699618
-4.255005
-9.327305
3.067767
-0.893074
0.306493
-4.075447
0.177704
0.394254
-3.830707
1.591495
-4.448094
-6.642368
1.313926
4.963863
0.068145
-1.735873
-4.604555
-7.485207
2.826551
-6.296865
6.058159
5.932354
0.724581
3.513014
-7.867801
2.455361
-2.987204
-2.028273
9.286521
8.648382
-1.385250
1.078970
-3.901341
6.547652
-0.096963
-0.657615
-3.146551
6.884686
-6.044829
2.762733
2.127153
-9.777940
8.407855
5.291593
-0.513373
0.304071
6.448849
-4.638621
-3.870413
-5.429925
-3.041591
-7.502271
-5.959220
1.988951
8.226760
-2.754117
-2.354118
-0.335450
-2.018625
0.314091
3.668063
-1.892269
-0.758794
-7.651819
4.810640
-7.294926
1.855757
-3.741957
7.073438
2.855933
-3.305675
-3.809403
5.575202
-3.416840
-0.073815
-3.120043
-3.665424
2.082366
-6.091595
-4.475842
8.244684
4.059182
4.904484
-2.710430
2.924944
-4.827558
4.453156
-0.600045
1.099072
3.697723
-4.800440
5.064368
1.996179
-3.790768
1.838512
3.410511
0.710524
0.743804
2.161992
8.160665
0.156229
3.896960
1.515795
4.876008
-7.999312
4.431320
3.567120
0.773876
6.139562
-0.440415
-0.942100
-2.118705
0.319230
1.213700
6.301464
-8.276784
-0.486825
-0.467750
-5.677524
1.603076
1.158808
-9.049528
2.441150
-2.752655
0.039468
-6.679263
-0.522090
-3.229939
-4.777575
5.488448
-4.173291
-1.751383
-5.928147
-2.109098
-3.108731
6.559429
-2.835733
0.468571
2.948368
-6.288140
1.998327
1.815636
3.558191
3.837057
-1.984354
-0.681015
-4.037119
-6.350614
2.385722
3.874661
3.832726
-5.447769
-1.650390
-1.983896
-1.848156
4.345350
-2.280998
-4.432616
-2.807962
4.843614
4.104800
-0.317105
3.922473
-5.343000
-12.154403
-1.543870
-0.993410
8.632755
-3.174498
-0.508734
-5.913237
3.818919
-3.867602
1.946696
-3.584170
-5.549510
-0.680661
10.710756
4.561326
-1.299917
-8.851057
3.445176
1.633656
3.376220
-0.855371
-3.465595
-1.817009
0.292566
-1.779930
7.083589
5.173041
-1.448520
6.982644
-2.907104
-3.540643
-5.317776
-10.014449
2.824541
-3.280276
-0.023261
8.250113
1.764516
-1.588202
-0.776507
-4.559024
-6.388029
-2.603209
1.588907
0.193567
-2.903835
-7.869092
1.870499
-1.420135
-4.124415
-3.360252
-4.567916
-4.800289
-5.657812
-1.341130
0.991461
0.640634
-3.344944
-5.509116
0.837849
-8.867950
-3.903538
2.687244
-1.011535
2.699033
-5.197010
-6.184977
0.470623
-3.865977
1.121653
1.624535
0.936917
-0.621502
-4.289236
-1.876935
-4.374028
0.839394
6.649418
0.267919
-4.228282
-4.089200
-2.923632
-6.006306
4.099455
-0.519692
-2.272192
-7.312334
2.143432
5.249729
-0.871761
-4.330088
0.988372
-9.038362
-6.616836
-4.660933
5.567335
-1.105233
-5.111321
2.080042
1.266226
-1.956061
-4.902347
-0.381433
1.957396
-1.026918
-1.657228
0.130323
-0.128258
-0.418161
0.221040
1.990425
-3.393432
-3.326385
0.662363
0.611038
4.939974
-0.813754
-1.618730
5.707774
-3.799777
-0.198904
-1.951531
6.351581
-3.570251
-1.918834
5.011445
-3.563442
6.114243
6.234221
1.265323
2.355325
-0.552277
-0.064143
-1.048663
3.271585
-6.796662
-6.203506
-2.200923
6.133024
2.711974
5.932911
5.629200
-1.886014
-5.545067
-4.131756
-2.377436
4.261334
-6.096949
-1.642769
-4.607920
3.220701
-2.048011
0.691804
0.574939
2.685606
-8.198712
-5.605645
-2.233079
-2.192628
-4.348478
-7.354903
-1.915256
-3.169877
-5.171474
6.381745
-4.240918
-1.033977
-1.347014
-0.861065
-0.144408
-8.525038
1.273054
6.385089
-1.988396
5.083437
-0.482476
6.247522
1.035273
0.981892
-6.501416
2.856725
1.973038
-4.433320
-0.279552
4.152544
-1.756038
3.653607
-3.382388
4.288174
0.402704
6.940336
4.378926
1.987104
-5.780471
7.576962
5.169508
-5.096196
1.192468
0.046327
-0.544343
1.817877
-3.202797
-12.444827
-0.678276
-4.588087
-1.555567
-2.043017
2.419616
-1.451297
-0.050560
6.381959
-0.368510
5.073854
-0.167578
0.856377
-0.040783
-1.296727
0.676708
0.547951
2.070507
8.041084
-9.930339
-7.990153
-0.155467
1.048307
2.260813
-3.991003
2.397084
5.956536
0.213862
4.122343
-2.755780
-2.888047
5.459017
2.438633
4.349650
-2.627798
5.248074
6.648776
-4.579881
0.336608
3.034558
3.061030
4.854774
-3.801569
3.291654
4.015555
-3.726625
-1.178549
1.651942
2.073993
-6.111120
-4.434605
-1.414935
1.362007
7.253680
-11.630650
6.822272
-6.909406
2.285186
-1.711344
0.364119
-3.855711
-1.772396
-3.314336
4.416664
3.183455
-0.360147
1.143406
-6.340349
-2.173276
-2.486470
-3.539302
0.091058
5.638983
-6.796470
-4.130846
-5.823196
2.674595
0.911405
6.353965
-5.496157
-2.776735
-4.204012
4.456629
3.190514
-6.045313
0.124508
1.419010
3.669667
-1.734676
-2.678528
-7.872169
-3.376144
5.314841
-3.770589
2.050485
-1.683213
0.423195
1.150685
0.582022
2.308256
1.734967
-4.221905
4.945886
-4.328949
3.438216
6.529631
0.769809
6.615571
3.104374
4.201238
-1.525406
-7.350619
2.967828
-2.438108
1.113794
3.350291
5.044245
2.175876
2.710268
-0.894367
3.569964
3.044134
-6.801453
2.761731
-0.524522
3.633177
3.919777
1.192320
-1.926524
-1.762350
-8.003043
-2.372822
-1.532888
3.948889
2.510797
0.899460
0.564588
-5.310701
-4.091771
-0.179310
1.180397
2.602893
1.584444
0.360961
-2.514655
-4.657911
-5.632226
4.975050
8.988727
-3.643479
3.444611
-6.702968
-0.342008
-4.782588
-4.219186
-7.561795
3.635926
-0.987105
-5.917332
-5.025762
3.481923
2.969391
3.195211
2.515926
0.158697
4.499252
-0.265024
3.697019
-2.872528
-2.164599
-3.138698
-3.536586
6.805980
-6.613542
1.079780
-1.026879
-2.662165
-1.499711
1.030914
-4.396973
1.158521
-3.609019
6.047445
-0.266693
-4.354121
-3.995614
-3.194003
-5.890714
0.516864
3.686981
-4.572729
0.033115
-5.364967
1.432763
0.315104
-7.303091
-4.189818
4.475444
0.458450
-2.232727
-5.825549
-4.823185
-1.287592
1.621709
-0.342557
4.039433
0.762889
5.095946
5.455130
1.079039
5.087636
-4.809982
5.947951
-4.334577
-1.796361
-4.631161
-2.594697
-4.705864
0.938724
0.315509
3.778293
2.686452
3.356461
3.559790
0.424025
-3.509924
4.111605
3.411715
0.912439
-1.616240
-2.612810
3.880867
-1.663396
-2.912041
-2.973291
2.468156
-3.442389
5.871113
6.362225
2.411592
-6.010205
1.014601
0.194400
1.930069
-2.028984
-0.983634
-6.362621
-1.716121
-3.472800
-0.658168
0.355922
3.551493
-0.285149
2.585598
-1.517648
-3.889723
0.683002
-1.796159
-2.333105
2.005857
-5.115424
-0.531934
0.813636
-4.104731
0.306653
1.798019
-4.468900
-3.617666
-5.502683
2.707224
-0.457029
-2.589200
-2.602491
2.491503
8.965255
6.545343
-2.523991
3.448054
0.017237
2.636780
-3.050744
2.500386
2.940352
-0.712397
-2.620393
-5.014332
-5.071611
-3.395967
-1.392256
-0.341324
-5.872739
-2.762452
-1.821994
-7.876085
-3.039682
6.890119
-5.456946
1.423586
4.471612
0.479064
1.081979
-2.985607
-4.451654
4.946991
-1.417235
-6.222960
0.441117
1.970596
1.571219
-0.564091
0.908632
0.494254
-0.108997
-4.612500
0.280797
-2.199919
5.221211
-13.254913
3.246567
-3.349578
-5.966203
-2.628095
6.357233
-0.400298
2.870399
-4.598975
6.269289
-1.384265
0.087514
0.336812
-0.793977
0.773884
-2.413685
-1.203372
4.078669
6.797513
-6.088230
4.459288
-0.100315
5.151739
3.354352
1.249192
-0.908488
5.542016
-4.912076
-4.973936
0.663990
1.257393
0.605579
-6.394677
-1.470431
-9.936393
-1.464320
-5.393798
0.651802
-0.517968
1.616654
3.834508
-0.605791
-4.610750
5.629960
7.021732
4.259750
0.122716
1.750318
-1.060018
3.501369
-5.619784
-1.387956
-2.768852
-1.221756
4.800015
-6.659107
-4.178794
-5.140911
-2.424360
0.769527
5.556864
5.460168
4.526469
-1.922462
-2.796517
3.533785
1.928162
9.048463
0.794044
-3.239537
-1.022317
9.846139
5.075915
0.219693
-0.695786
-3.665263
-1.369357
-2.040070
-4.878799
5.473524
3.350081
2.816521
-2.967179
-3.367612
1.335447
-7.091294
5.464386
4.447351
-3.536762
-4.867064
-2.973724
5.629166
2.881680
-0.454780
-3.328772
0.298088
-3.955713
-6.277486
-8.180144
-4.965511
7.996351
-1.482626
3.495518
-2.007845
-3.980475
-1.804808
-2.794373
5.093185
-0.453708
1.100491
1.827493
-1.816096
0.480068
0.791309
-5.972904
-3.721362
-3.833537
-2.045866
-2.699057
-5.269384
0.503365
-9.744887
-2.563055
0.508904
1.170989
-7.233662
-3.866725
0.769985
5.555608
-2.023823
-1.579561
-3.646529
-6.736559
-2.312926
-6.291127
-5.542390
-5.865811
1.846890
-2.158639
-2.320380
-4.430805
0.438776
-3.758850
-1.826937
2.519628
4.086717
-0.301073
-2.867636
1.118665
0.564910
1.936948
-0.285329
-0.356344
2.097839
-0.803213
1.479861
-3.521817
9.322170
3.887586
0.064795
-4.111738
2.012443
5.014871
4.362475
2.369760
-6.081575
4.347910
2.400523
-2.610575
-0.554953
-0.644848
-5.189642
-6.915969
-8.079826
-1.375828
-3.195786
3.819924
5.317185
5.315090
-2.126425
3.881020
0.015323
-0.762872
-4.532087
-5.160032
1.105046
-7.743451
-6.282444
-4.587954
0.538998
-0.385247
3.760116
-1.031986
-3.569885
0.294812
-2.443884
-2.965066
-3.257602
-4.301684
-0.388713
-3.817924
-0.363367
1.579173
-1.268909
2.491355
2.910236
3.110047
-5.724863
-5.073856
0.945496
-4.459140
-1.231820
-0.029421
-10.673656
-6.312759
-8.633154
-6.296402
2.694529
1.276946
-2.427592
-7.760471
-2.740891
-4.476336
-2.133529
-1.771611
1.129205
-5.072528
2.051827
-3.605562
-2.691957
5.739945
-0.283962
-4.617566
0.559207
1.471184
-0.700671
2.682422
4.292930
-2.822345
9.448092
3.576028
-1.468682
-2.571490
-0.711868
-2.935975
4.857956
2.426231
-3.307608
-0.085467
14.027561
-1.538156
3.486627
-0.508904
4.514750
-3.614409
-1.937897
-0.335085
-5.769971
0.258838
2.075003
-3.122647
8.415638
-2.794906
4.218315
-2.341283
-2.294310
2.781375
-9.159094
-5.315660
1.288003
3.549252
-0.918511
3.754393
3.056143
6.127585
6.160807
-1.350022
4.373321
0.521804
-3.036480
-1.963116
-3.368003
-1.184734
6.487844
2.718973
8.704066
-5.251809
6.249930
-2.829846
2.189353
6.619390
0.477997
-4.544888
-4.792732
-0.022279
-7.448257
-4.175474
-5.055670
0.368695
-3.354481
-0.621713
-0.934266
-4.658151
1.608446
-2.434366
8.456521
3.608411
-1.284062
2.507346
-3.518477
-2.188307
2.432880
-4.617549
0.297257
-3.461373
1.420280
-4.694900
-3.311504
-0.670684
-3.528028
4.879128
-3.989727
-1.779676
4.333021
-0.635733
-1.572866
2.747905
-0.993212
1.506075
1.242503
-3.223785
-1.946521
-7.547583
-1.333351
0.451674
-2.952200
-3.971127
0.811314
3.238415
-3.307565
4.831057
2.593829
1.238877
1.450268
5.573081
2.272101
2.145323
8.557264
-2.448873
-5.380022
-1.210849
-1.935059
2.835946
2.545760
6.783772
-1.062190
2.401909
-0.623264
-6.514474
0.416640
-7.236516
3.879448
6.123804
-4.564060
-0.865227
1.089654
-1.521968
5.781578
2.680262
1.574155
3.790894
-3.028462
4.358891
0.014349
-3.431929
4.508285
5.292732
5.613219
-4.672482
0.015126
-2.379606
5.277812
-7.142461
-6.446774
-2.539459
-5.921049
-4.643076
1.378639
-5.905585
1.210443
-0.142927
2.416063
-4.612224
2.076698
-4.665715
0.277067
1.810277
-4.450765
0.877201
1.315982
5.227201
-4.408688
-7.544584
5.017748
-4.773648
0.579095
-6.327375
3.875077
-5.732882
-5.459305
-4.573142
0.886604
-6.007690
5.414540
-3.256779
3.348092
1.872379
-5.005908
-0.313455
-6.433434
-2.145174
5.372573
1.126110
-2.231898
-6.269225
6.399431
2.678651
-4.114875
-5.912772
4.473354
-1.243692
0.981788
3.975450
2.120649
-2.981379
-6.386584
3.606859
7.761453
-3.228364
7.936795
0.055646
-4.480702
4.377442
-1.855454
-0.675613
-5.273239
-5.172484
4.026969
1.431289
-5.513141
-3.793237
-5.471330
2.527624
-5.039703
-1.306478
-1.018820
-4.246926
-0.493519
-3.530179
3.847381
-7.067852
0.440813
-1.440986
2.868880
-4.432533
-2.303168
-1.933240
0.726437
1.704762
1.909910
10.170163
8.623434
2.985261
-4.238632
-5.423124
4.876435
6.639051
0.109459
0.934932
2.924909
-3.552395
-6.893566
-1.510857
-3.331708
-2.099133
8.609085
-4.816705
1.258198
2.794763
-5.622248
-7.327335
2.813397
-0.124167
2.175057
2.959642
3.628178
-2.142110
3.470838
-3.408433
5.465127
6.692795
3.338704
3.172786
-4.662527
2.846974
3.707091
-2.688866
-1.383707
-3.388823
0.804453
9.469343
-4.770540
6.286613
-2.863873
-4.479897
-0.909573
-1.224965
-0.311749
0.996979
1.872424
-2.769628
-5.673407
3.736781
7.950670
-2.615434
1.695301
3.926409
-3.796447
-3.240113
3.029068
7.612506
1.037536
1.743662
1.838460
-0.030219
7.205135
-8.162934
3.327246
2.287269
2.304772
3.391392
-2.053921
0.425389
4.268104
1.530228
-1.314183
-2.375907
-4.113454
-0.749930
-1.758801
-3.713209
-7.382670
-0.378169
-4.145992
-4.703764
-1.738057
-3.186748
3.063897
-3.134174
5.688178
6.240037
-0.777026
8.350931
1.194216
3.672489
0.145606
-4.718766
0.064449
-0.916028
-1.583017
-1.070305
-5.353603
-4.478675
-2.161761
-3.014825
5.881824
4.699886
-0.736158
-0.459935
-5.590812
-0.558191
-1.677470
5.357169
-0.954630
7.890967
2.023482
4.431559
1.845318
1.625382
4.024998
0.983367
0.170794
7.994109
3.959859
1.781382
5.662278
4.141830
-9.301366
0.372057
-5.632104
6.349643
5.360065
1.840653
0.462587
-1.727487
1.452258
-4.340923
3.606061
-3.592152
-1.653435
3.080938
0.941118
-3.275978
2.998836
0.877105
-6.326187
0.336794
2.262229
-6.914606
7.615157
-5.605210
-2.060461
-2.268997
-0.248637
3.243958
2.487383
0.574304
-2.931099
-0.796225
-5.513610
2.436149
3.827163
1.840014
1.540720
-1.643740
-0.462291
1.880460
1.726209
-5.038455
0.110683
-4.362860
-2.229700
0.294011
2.066103
2.959503
2.356923
2.440263
1.935020
5.945650
-6.257800
-2.744534
-3.869328
1.076535
-0.592923
2.855140
3.733669
1.759248
-5.307802
-2.612990
2.192016
-5.388952
2.158662
-0.905947
-4.238523
-4.515115
-10.573836
-5.174185
2.215720
-5.694407
5.904564
1.404809
5.692326
-3.559107
-3.078324
-0.879623
3.409652
0.125026
4.029304
5.074232
4.632691
-0.417190
1.422920
-0.694664
0.377461
-4.104336
-3.308866
3.687377
2.455410
-4.231688
3.476347
4.186656
-0.214351
-1.958565
-0.742200
-1.583699
-1.393604
-4.304020
-1.444368
-4.151380
-4.702946
-1.523535
-0.183805
-2.060585
0.914383
4.500989
-5.316584
-0.840092
-0.024248
-3.971848
-2.032753
3.382199
0.428458
-9.715111
2.878849
-5.979247
5.333075
1.431775
1.233266
2.219228
-3.240777
3.790936
-5.655963
3.166249
-1.996647
6.617389
8.541512
4.927630
1.310605
2.530151
4.975213
-0.659324
3.749203
1.775332
3.830353
-3.735004
-0.410160
-4.276625
-1.356787
-1.572655
-2.101712
0.783204
1.024942
-2.048488
-3.787818
6.756529
-2.567179
4.945914
-3.640450
-3.334665
6.246931
-1.584871
-1.805136
4.278578
-2.419612
-2.221255
0.273942
1.816395
-4.569784
0.684175
-5.114655
-1.794077
-9.338979
-0.276944
4.313605
3.618061
-1.885384
3.637814
2.266097
-10.934429
-0.346229
0.388229
-1.889467
-1.887010
-1.004658
-2.766843
5.744564
6.037495
0.555905
-4.195340
2.722461
5.208593
5.499712
0.712325
1.535983
-4.910052
1.890966
-2.844771
3.891574
-2.608807
-4.675499
-1.714074
-1.027669
0.532036
8.739192
-1.258756
0.596316
1.087560
9.240783
3.967404
1.348847
6.733470
3.082828
-5.864533
3.895598
1.418811
-5.688592
0.337477
-0.501703
-2.515017
-4.995154
-1.617553
-2.552465
-1.510003
-2.250526
2.208350
2.978199
1.887103
0.202740
0.054696
6.704369
5.160485
6.898045
-0.970165
-4.463443
-3.388132
2.364290
0.682867
-3.866700
-0.402611
-0.425871
1.687899
-1.647603
0.532334
1.742032
-1.350290
3.896516
1.343060
-2.723415
2.053407
-3.234150
4.186568
0.267462
0.093774
-3.413530
1.514076
6.046845
-0.720926
0.499692
-1.922099
1.704015
4.830115
0.749003
0.743067
-3.124631
-0.963645
2.052872
0.236041
4.115338
4.758640
1.477133
-6.505732
1.427547
3.071072
-4.381144
-0.001083
-0.823213
-0.761755
1.632171
0.123867
-3.379033
1.945392
-1.643413
-2.763350
1.039919
0.996478
-4.897852
1.701190
-3.886148
6.237670
-2.927009
1.683364
2.065455
2.996189
-1.081153
-0.456722
6.522897
-1.428717
0.041646
-4.182420
-2.081632
1.277213
-1.423689
-1.891635
-5.508201
1.522942
4.519057
-3.644108
-1.084216
2.890501
-6.585405
5.927141
8.112513
-4.573715
-2.472989
1.343602
-4.357284
-2.640859
-0.017191
-3.495208
0.172617
-2.829915
-0.277720
-2.306808
-0.523518
-2.338399
-6.291756
1.303844
-4.924670
3.655878
4.965710
-2.040206
2.984655
4.369297
-3.702566
1.135776
10.093627
1.565975
3.229618
-3.387480
2.016041
-1.526312
-0.781969
-3.026180
3.384681
-5.826446
-7.358330
4.638617
-4.162983
-7.184910
-3.222642
6.556999
-3.089571
-1.633631
3.881005
-4.158474
-9.823154
-10.082295
-5.513396
2.134911
-2.058898
6.830094
-3.669868
2.013133
-4.276042
-2.856891
-5.037851
5.165587
-2.169998
8.950565
-0.151251
0.191552
-1.660426
2.570056
2.396348
-0.360405
-3.370764
0.210642
-2.150080
-8.248307
4.828832
-2.742882
-4.512714
3.694323
-4.039275
-6.079622
-0.930140
0.132929
1.355830
1.828895
1.755741
-1.555369
-10.833397
6.972368
-3.884546
-2.659707
-0.865184
1.140801
0.353819
0.603582
-5.589255
-2.032773
-4.590409
-3.481855
-3.809805
0.402480
1.541270
-0.157765
-0.408805
-0.949870
2.576007
-7.121286
10.235823
3.491995
0.225207
2.858409
-1.054024
5.169991
-0.314824
-4.214741
0.497464
6.055238
2.661426
0.454075
-0.509433
-5.475358
1.464019
1.960471
-0.503096
2.964149
-3.128125
-1.114476
-5.085940
-5.880097
-4.835351
5.181040
-2.552837
4.684997
4.062952
-7.505922
-0.584496
-4.240162
-1.978541
-8.571682
4.296000
-0.947815
-3.267080
2.181903
-6.073501
-2.331828
-0.836218
6.116159
-2.467280
-10.224895
-2.077138
-6.771371
7.856935
-4.736773
3.640193
-3.071419
-8.373528
2.781072
-1.037796
-4.183771
3.849062
-0.206445
1.120074
-1.921206
-5.734248
0.921564
-1.486438
1.086623
5.756269
5.412103
-2.259902
3.554376
1.206427
-5.658074
2.109042
2.853751
1.138798
4.536677
-1.503633
-2.068789
9.650868
-1.114844
-4.828823
4.635228
-5.586733
0.069167
11.143959
-3.041075
-7.100195
8.183261
-1.767684
-0.375898
-10.840776
3.384132
2.715844
-4.329057
5.330889
-1.403283
-5.781084
2.156668
-4.115794
-7.152323
1.034549
-6.741816
-0.352188
-0.288530
1.555563
-6.750522
-2.553788
-7.187851
-5.065281
-4.199637
0.956925
0.069758
0.850932
0.555359
10.498469
-5.166631
5.569569
2.674040
-3.769942
2.685687
-5.039389
4.450339
2.884704
-4.393426
-2.514752
-7.766549
1.090023
-3.429225
-1.186475
0.849569
4.543003
3.310667
2.230699
-3.185790
-6.323795
4.006034
-8.359984
2.634654
0.528637
2.863657
6.317363
4.652295
5.122372
-1.549645
-0.829507
-0.822224
0.970875
0.492153
-0.603875
4.987041
4.547842
5.910394
1.549609
3.423570
3.582981
-0.128888
5.331697
-12.323798
0.612014
-2.323563
-3.424464
0.158306
2.696779
0.819164
4.564991
-3.199465
-7.823682
-0.514023
3.432839
-6.551767
-0.823201
2.587534
2.792196
-2.986490
3.647530
-0.662846
-0.075205
3.803639
-4.447120
2.647402
-2.553971
-7.718616
9.900795
1.353783
-2.892196
-0.898024
2.177412
-6.744778
-7.088799
0.275254
-0.907802
-12.027310
0.958987
0.694372
-3.103319
-0.879285
7.771298
6.829039
-0.543810
-3.168411
0.803782
-6.661660
1.139777
-1.263598
0.324120
-4.812152
5.297805
-6.715434
2.659286
0.226695
8.826612
2.018093
-5.987005
-5.880414
4.158351
-8.356750
3.904069
0.155441
1.519514
-2.004143
5.661282
0.956359
-3.144560
0.621418
0.079687
2.949634
1.025076
-0.282489
5.967959
-7.100946
-4.972571
-2.950646
-4.406924
-0.305294
1.418661
-6.142601
-0.362443
2.583428
-3.508946
0.595668
2.501882
-4.884623
-10.352388
6.462549
-2.837156
3.360685
5.381005
2.092575
1.808400
-5.278529
-1.028494
-6.543280
-1.840574
-0.769563
-0.997189
-2.329322
3.341200
4.382739
9.641139
5.587421
2.650974
-3.060600
-8.863539
-0.116959
-2.954337
-6.820942
-3.438161
1.744902
-7.146862
-1.124707
2.337004
-4.194086
3.487024
3.760726
0.794392
2.415026
-4.783646
-2.065371
-4.177701
3.060985
-3.613652
-2.012499
-4.268004
0.635825
-0.647106
6.436524
-3.380243
-5.594592
0.075633
-4.917943
-5.357119
-5.008621
-0.728255
0.748157
-2.918036
-5.271887
0.109890
5.456659
1.188074
2.048723
-2.907271
0.488669
-0.979261
-2.781838
5.176892
3.956616
-4.321001
-3.890788
-0.953178
-5.072688
-6.004388
3.155911
4.745591
4.651104
1.047701
-0.948526
1.780159
-3.171705
4.742813
2.315924
-0.377566
3.725741
1.668629
2.045339
1.344009
0.276842
-4.066042
-2.411021
0.756008
-8.066969
2.575397
3.197624
2.228131
-3.907331
4.154807
-3.875221
4.782449
2.430839
6.511759
-2.325135
-1.620534
1.931110
3.911750
4.934338
-3.898676
0.811535
-6.012494
-2.336163
0.983857
1.189010
2.635267
-0.739104
-3.642419
-5.241761
5.903836
1.423678
1.100022
-6.856678
4.772421
3.626045
-1.671016
4.227002
-2.347209
3.615297
2.662285
-1.114738
4.927121
-0.435341
-0.147058
0.654513
1.746590
6.443018
1.885284
2.234009
2.394364
0.423898
-5.010897
-6.348022
-8.171392
6.420664
-5.083854
2.815186
0.272939
-2.737908
-4.357263
-0.188417
4.440861
-9.982727
2.516552
4.058277
1.701327
5.516917
-3.350951
-0.057351
-1.525939
-3.355443
-2.860589
6.401474
-3.128023
1.921660
0.437531
-5.065671
5.863935
-4.137735
-4.885775
-1.128114
6.293850
1.268149
1.088566
5.013161
-1.709727
-4.693713
-6.879229
3.173997
-0.839050
6.535483
-0.498318
7.322117
4.394577
1.726484
-5.456400
0.409037
2.587039
-0.868056
-3.484601
5.611858
1.783364
1.588258
3.199333
-0.211914
5.121334
6.816641
4.507017
-2.145931
3.728943
-3.243204
6.287444
5.852433
-1.339500
-2.283093
-1.084562
5.610794
4.505296
-3.010102
1.702572
1.763617
0.391304
2.218051
4.355513
2.835263
-3.738082
1.420068
-6.697989
0.606103
-6.635399
3.341433
1.163295
-4.422152
0.716025
-2.585841
0.429940
-1.322051
-2.499848
-1.686405
-5.373717
-0.777437
3.807464
-2.757213
-1.954647
-5.137335
-1.857970
-2.973071
-4.918153
-1.472041
-5.717318
4.434916
-0.375263
4.496982
2.495787
3.112823
2.873354
1.310503
6.332893
5.485565
1.246657
-4.556771
1.039117
3.916281
-2.956682
6.037075
-1.057082
1.490674
4.967572
1.498148
5.578214
-2.169794
-1.480562
2.709456
-5.328228
6.298629
6.781300
0.344549
-3.710924
-2.700688
5.545127
-4.412695
1.579881
-1.468092
-0.598780
-5.025342
-4.759530
-0.661547
0.509188
8.411693
0.522191
-5.180702
0.920066
-1.338040
5.577449
8.407296
3.630171
0.243223
2.141161
5.375076
3.991196
2.008713
0.349315
3.011587
1.209812
1.371975
3.359061
-4.057021
0.758391
6.194411
-3.211690
3.640969
-4.671409
-1.338084
-0.936487
-2.517030
-0.725389
6.437049
1.812558
1.941293
3.839002
-1.851914
0.607659
-3.980222
-1.879486
-3.506322
-7.073282
-1.807733
-1.268807
3.216364
-6.935979
0.183094
1.312017
-1.665652
4.133256
-2.550910
0.101091
0.635486
-3.157401
-3.193292
-4.305170
3.603964
-10.192102
1.176896
1.577283
2.766501
-5.937055
-5.571310
-3.902253
2.007001
-4.807724
-0.436355
-5.610337
4.129820
1.743364
4.203711
-4.789593
-2.130705
0.679773
-0.653624
-1.061401
4.419373
0.134096
2.823643
-4.988926
0.921525
2.658815
-2.799313
4.354670
3.334346
-6.328519
3.636647
-1.634624
5.458252
-0.138281
-6.502969
2.771989
-1.062427
-4.296237
-8.388636
1.078113
-4.402251
6.098059
-1.445257
1.100856
3.126085
3.498851
-4.170879
5.404534
0.244132
0.555580
1.093480
-6.487644
-5.118852
-2.625485
2.195326
4.388459
-3.287151
1.085433
-5.077792
1.444988
5.660648
-3.698258
4.991351
4.961257
-2.421950
-6.019971
-0.186141
-7.197359
1.526941
-3.367352
-7.160244
2.491832
-3.289637
1.261143
2.362144
-2.881036
-4.342467
-1.283363
-3.730868
-2.279304
1.177956
-4.024982
1.735497
-4.994694
-0.073068
-3.528300
1.060103
5.441309
-4.004850
-1.664791
0.236532
-3.069473
-2.560954
0.725566
3.108058
-5.847475
-3.832909
2.727790
3.451799
-2.370321
1.785541
0.787961
-2.759306
0.570328
-11.428125
-2.371381
-0.929172
-3.164710
3.624586
8.373259
4.368221
0.981936
-4.589732
-1.990062
5.528621
-5.222863
-4.385385
3.390853
3.085538
1.989583
3.461699
5.454167
-3.777860
0.066971
2.061419
-1.833212
-0.660135
4.407637
-0.831841
-3.238329
-1.098276
-1.881122
-5.590751
4.253803
-3.995743
2.092503
2.720091
-2.360630
-6.534355
-6.882403
3.307079
3.476634
3.107354
-0.840383
2.827066
-3.740062
-6.853678
5.586229
4.931009
3.488661
-0.950219
-1.490025
2.735662
-4.185276
2.580269
4.222823
-0.952388
-4.318743
0.001518
2.304868
-5.649964
-2.338153
4.239373
-5.837292
-0.001888
3.141968
2.306631
7.067734
-2.421620
3.763881
-1.763586
5.983816
-1.043099
-7.704736
1.358076
7.321453
2.497905
-4.163643
-3.509961
0.121454
-3.934244
0.099631
-0.364557
-2.640171
1.071249
1.869188
-0.335913
-2.265266
-4.478309
-3.353478
-0.657965
6.258582
-2.152041
0.120930
-1.509675
7.913310
-8.451666
-2.426760
1.424421
1.039002
-5.790192
-5.548918
-3.250609
0.464542
5.819552
6.271969
2.900662
-7.654473
4.784752
0.854190
-4.592027
-4.527399
-1.626992
-1.328919
-6.299080
2.453148
0.289100
-1.618159
0.958556
2.052134
8.932450
1.989800
0.988487
4.253904
-3.418383
-4.563039
-0.514337
3.543675
-5.660325
2.234935
-2.745702
-1.757183
-6.463447
2.073432
-4.611766
-1.857394
7.067598
2.579115
9.088607
-3.882499
2.471586
3.457459
0.282334
-1.928637
0.569081
-4.405902
-2.372558
-4.409231
-2.345195
-0.443851
-0.984422
-1.856179
-2.658176
3.834863
3.513523
3.829492
-6.228838
-10.864121
3.968622
-0.573880
-7.854562
-8.482639
-1.235742
3.190783
-0.013983
0.682448
-2.392949
-0.039157
-1.903961
-2.166283
-0.163042
3.949629
-1.405190
-5.731947
-1.427717
-4.260920
-4.177420
-0.790089
-1.848383
0.291106
8.142007
1.726743
-1.127135
-4.103175
5.247730
-7.027562
-2.812653
5.061111
-2.188095
-3.506020
-4.986239
1.825434
-5.607524
-10.437707
-8.426081
1.084228
1.584170
0.628594
-3.414190
0.722828
-2.210076
-6.914322
-2.781767
-6.276061
6.208467
3.405858
-2.023575
4.445886
-3.304132
-1.974748
3.259746
1.369123
-1.854274
2.208534
0.735958
0.122410
-3.267159
-1.940677
1.104119
-0.658375
5.336634
-2.061864
-3.885486
3.402331
0.134314
-6.949547
2.594143
-0.879402
-6.129394
3.579520
0.650431
-0.946073
4.976116
-4.637750
-4.375681
-0.340211
-3.575858
-0.749946
6.870075
-4.984626
-1.722117
-1.495512
-0.761100
-3.149783
-0.697875
2.607155
1.666383
1.345660
6.782897
-6.408943
-0.033912
-6.065274
2.038491
-4.682163
2.178845
1.372299
-6.971559
-1.036144
-3.917972
0.555686
-8.751670
-0.514450
-0.193291
-5.588150
-4.575022
-1.748682
-1.564371
1.711435
-7.529832
-4.432652
-0.027032
-4.964833
-2.983176
1.192610
3.532717
-1.282187
3.635295
-5.092090
-3.495813
-5.012442
-1.812290
-3.392653
-3.033826
2.898134
-3.629257
-8.012949
3.894945
0.823080
1.754427
-2.466730
-0.388185
7.489709
0.809678
-2.370263
7.055257
-5.064415
-0.117811
5.081991
2.040707
3.591918
2.750801
-1.004996
2.340720
-4.624712
0.287286
2.412510
-4.699121
1.751174
-1.695222
-1.319253
5.281529
-3.749912
2.510136
-2.618060
0.425762
1.018973
0.188836
-4.615268
3.684414
4.385042
-5.245411
-2.294853
-1.989424
4.781337
2.786516
0.352149
-3.407951
-4.807852
-1.315669
3.270688
-2.569539
1.641104
-3.198854
-2.823367
-0.943252
-3.624588
-9.049391
1.877889
-1.506813
4.537359
-5.417924
2.303259
3.593793
-4.365471
-3.359465
1.838675
8.058037
10.595487
4.555888
-1.512872
0.881881
5.351260
-0.859882
0.606173
1.126534
-1.629212
-4.657560
0.485187
-2.284275
-3.808245
-2.534503
-4.483104
-6.726874
-3.763835
-4.989079
4.549992
-2.460165
6.365324
-6.054110
-4.200994
1.523620
-4.559086
-5.334015
2.448611
-6.614934
-0.738015
-2.048296
5.640741
3.345754
3.889465
-2.906137
8.595373
-4.480257
-3.974253
-0.184595
-0.266005
-5.087417
2.545819
5.696466
0.517939
-0.917524
-1.381321
-1.286273
3.178549
-5.939224
0.966092
-6.278999
2.181917
1.860185
-8.059974
-4.609626
-5.335430
-5.808829
-0.160515
-0.561671
-1.722337
-0.942390
2.994507
-1.496317
-1.103593
-3.140226
-0.892265
2.412986
-5.593426
-1.593202
1.064253
-6.713654
3.702121
-2.404337
8.127334
-6.451569
-4.742126
1.045632
-0.833456
-2.763211
-3.419591
2.743038
1.411869
-2.517305
-2.999296
-2.547585
-0.764598
-6.522191
-2.959388
0.379565
-5.084744
-6.351312
5.224629
0.906825
-0.238425
-2.058730
-4.336337
-4.643486
-4.780922
-5.515808
-3.869601
1.196893
-5.310947
-3.437844
-8.531880
6.649988
0.699854
0.566483
-1.327810
-2.557880
-7.729810
0.202715
-4.051547
4.248227
-1.859742
-10.662003
2.767518
-0.147849
1.257643
-2.344736
2.664966
-1.969382
-0.617248
-1.782415
0.428136
-4.664812
-7.374703
4.546640
-5.679604
-9.031967
-0.487309
2.998319
-1.857426
1.240868
-8.677359
1.950625
-0.376940
-5.037519
5.080194
-2.384085
2.718640
2.293131
-5.144321
-2.681174
5.167214
-1.319522
5.979732
0.389579
-3.232489
8.455391
1.113067
-1.597450
5.150701
4.886404
1.339671
-2.102398
4.435653
-0.303966
4.914668
-0.000305
0.631999
3.669948
-0.912994
3.332574
-0.054942
-0.450313
-2.530224
-3.684829
-7.250106
-6.072533
3.286256
-11.172145
3.444642
4.169951
0.239114
2.300600
2.867618
-6.006569
-3.582397
5.264566
-3.718584
-3.875408
-8.434327
1.784513
2.005659
-4.924403
-3.303906
-2.080433
-0.439811
-3.405915
-0.304175
-4.087947
7.163985
-7.787276
2.539187
5.153349
-3.476192
2.732156
0.037094
2.201028
4.879689
-2.842964
-3.499367
2.500580
4.039970
-7.115007
-6.132240
-2.421620
-0.287298
-4.096421
-1.963679
4.728038
-2.609792
3.269877
2.955184
4.902510
-3.488749
1.625055
-0.367458
-4.697081
-10.383012
6.438645
1.013502
3.932440
1.833216
1.700877
-4.813272
1.157669
2.260920
-2.233330
3.352233
2.753038
-8.631067
-5.684181
6.221262
3.952624
5.197342
2.167468
3.610780
0.458813
-4.509826
-1.032498
0.680997
-1.783064
-5.559002
-0.135334
-0.982519
-4.613122
3.260535
-4.055162
-0.032113
1.622246
-0.920129
2.440860
-5.008823
-6.746749
4.504094
13.109406
11.062943
3.208640
0.822158
4.992511
9.139644
-2.342393
3.987152
2.843948
2.681549
0.202476
-4.495409
3.658710
-0.300629
1.587058
-0.599412
-7.075757
5.874345
-0.363159
-10.601968
-2.710940
-4.680223
5.619610
3.449051
6.622035
2.940000
-3.972037
1.188678
3.153189
-1.557860
-8.021622
5.414278
0.022719
0.232381
0.339188
0.567760
5.024880
-3.864537
4.588446
4.380046
5.296957
6.109163
3.563680
1.680676
8.075223
0.720375
1.610023
4.166927
5.626755
0.624919
-4.686526
-6.512514
4.663187
-4.784986
-2.544333
3.100866
3.544606
-0.806170
-2.599428
1.978994
1.204772
1.360751
-3.529179
-3.297559
1.167031
-2.291085
-3.928206
-1.156687
5.936486
-5.588249
-1.099975
-3.411372
1.425096
-0.924989
-2.044356
-2.430664
-0.499431
-2.898885
-1.721206
1.190063
-2.234391
-9.286075
2.250161
-2.168610
-0.526726
4.542656
2.446496
6.906634
1.220405
0.503529
1.324424
5.173858
-9.586314
2.171563
-3.062868
4.845488
6.906837
4.490548
-5.287910
3.388703
-3.052540
-0.268708
-0.471017
-3.874242
-3.545537
-1.785086
-1.409341
-1.445622
-3.525248
7.842572
-1.250417
-3.745284
-3.353621
2.791436
-2.611550
-2.994002
-0.187610
0.018963
0.776205
-6.177339
-0.993497
6.854479
-0.008408
3.296934
-5.054943
0.493286
-3.715565
-0.876301
3.595529
10.438785
-2.771429
4.716380
-2.815193
7.801392
2.817125
-1.796620
3.263855
0.251548
-2.780473
-6.201709
-0.887839
-3.017011
4.062731
-5.231814
1.999968
0.502241
0.598529
-0.457545
-5.465317
7.192635
-5.159603
-1.083519
-5.372566
5.534045
4.620654
3.680027
-4.149016
0.898396
0.316077
-4.933415
0.435892
1.519716
2.510027
10.085208
-3.668170
0.360592
4.885806
0.436263
-7.448855
-0.675093
-6.506849
-0.949956
-2.887718
-2.670880
-1.909189
1.632190
1.006835
-3.687836
4.063473
-4.400671
-2.368148
-1.947355
4.497180
-4.824816
-2.936975
1.147279
4.298053
-4.898203
-4.372373
5.697312
-4.491939
6.375189
-5.530200
1.397646
3.373556
-3.465523
-5.919466
-1.273385
-3.672384
-3.775960
1.912915
-0.512678
0.479196
-3.119315
-0.076382
-8.884979
0.908059
-7.451579
4.998022
-3.138703
-5.895545
-1.301295
-2.211082
-2.878312
-8.345285
3.161486
-4.632095
0.289140
2.214642
-1.649114
1.838370
3.738310
4.806831
-1.429300
-3.095939
1.188087
-1.819592
6.385303
7.245967
-5.434680
-8.815130
-2.975422
3.052614
-5.104644
-3.496465
-4.541975
-5.075440
2.367813
-2.064979
-6.353169
-5.257935
0.321247
-4.252270
3.502158
3.444225
-1.892952
-6.341650
5.367363
-0.522906
-0.258012
2.389579
4.551359
-2.828438
-1.215953
0.320750
2.542913
2.545902
4.154977
5.660556
2.392632
5.083016
-1.606133
-2.001363
2.203290
-4.137151
-2.265163
-4.780342
-0.997205
3.417461
1.089522
-4.511082
-0.959598
1.980248
2.205765
-3.850632
4.725211
7.302153
-2.182546
-2.265692
2.113855
2.048952
1.528778
-0.276056
-4.144135
4.891247
-7.977483
2.990077
0.568995
2.980075
-2.200819
3.467562
4.616947
-3.032453
-3.995194
-6.119040
2.518341
-4.167309
-3.478704
-0.280722
-5.080563
0.556548
2.005309
-5.154279
1.918443
-7.705503
-1.607324
0.198961
-0.833381
-1.146976
-5.527191
-5.551307
-4.340456
-6.355187
2.008965
2.859441
0.223664
4.004114
-0.359182
-5.824305
-4.252614
-6.561473
-2.263264
-6.852967
-3.957982
-1.886353
-5.627504
-2.147474
3.871367
2.597090
4.108693
-1.703722
2.373272
3.814852
-4.321148
-1.541636
2.452066
-3.871023
5.327766
-0.761940
-0.456849
-5.060375
3.336895
-4.701972
-0.872264
-0.411659
-6.870083
-5.247066
9.448298
4.331464
2.568400
-1.767032
-7.035230
0.940482
-4.126173
3.158042
-4.947547
-3.892204
0.282843
-5.271837
-1.504882
1.647012
0.009739
-0.263692
1.155483
1.775468
0.142587
3.789016
-4.506352
0.861394
3.297166
0.213973
0.985924
-0.076958
-5.469590
2.948001
0.689062
-7.142658
3.279154
0.943761
0.222086
-3.679372
-0.202329
3.747369
-4.223157
-0.477099
4.273282
-3.838189
-5.884767
1.727535
-6.800761
-5.436929
1.082916
0.390837
2.321210
-3.054035
3.047565
0.789822
1.455279
3.083741
0.609125
0.061152
-0.355252
-1.946887
-11.910725
1.031710
-5.799085
5.774761
-0.017143
5.124597
7.447762
3.105176
4.614892
0.119961
-6.390118
-0.520669
-3.492397
-4.429967
-0.808401
-4.293386
8.982524
-1.400969
2.966979
6.443017
-0.602114
5.085773
4.540229
4.858269
-2.053679
9.733731
1.843804
3.077000
-1.034783
1.897578
4.391238
2.311306
7.329416
-4.674473
4.058791
-1.140650
0.036198
-5.150127
-1.020557
3.481279
-1.237436
0.887018
3.342302
2.226742
0.494001
-2.994285
-0.900595
3.251214
3.109768
-0.833715
-4.187264
2.289082
7.154092
4.765161
-2.271582
-1.646299
-2.504378
0.579808
-3.484401
2.702575
4.945079
-4.639857
-3.700098
6.649608
-6.885179
-2.638020
-1.805189
7.117693
-1.088117
3.267611
-5.061103
-9.236083
0.758579
2.110316
-5.020303
3.010201
1.122991
-0.500997
0.427304
2.268155
3.008188
-7.588736
-2.875674
5.394027
1.272830
-4.031418
1.536504
4.519226
3.614887
-3.437464
1.858454
-1.020791
-4.596035
-3.370715
7.408535
-4.813667
-0.450066
-0.182665
0.598653
-6.093086
1.670475
-4.300395
4.080400
3.600766
6.699987
-2.820196
3.456744
1.549908
-1.592612
7.690491
2.836485
-4.134127
3.353493
0.538829
-0.349218
-7.434193
-4.535421
-4.427708
-5.882387
3.416233
-4.546786
2.771831
-0.698171
3.924120
-4.673687
4.030850
0.362689
-0.520208
-1.606144
-6.475437
-4.007628
-2.910263
-1.192263
4.264370
-1.552595
0.798145
-4.961521
-4.654586
-5.475824
4.562784
-4.483043
-6.240026
-5.364666
3.070947
0.939298
2.499940
2.176299
1.326971
1.452423
3.347606
-4.327762
5.212870
3.926101
-5.447524
-0.172635
0.404381
-6.788096
-5.405677
0.931195
1.673077
4.195594
1.161238
5.392926
-0.719011
-3.967732
1.123878
0.166490
0.722434
-0.664656
3.859167
4.063894
5.344755
-1.744819
1.877046
4.964563
-5.871994
-1.153698
-3.050902
-1.480827
-0.231302
3.752436
-2.488148
-3.144547
1.405445
0.337086
-2.885660
8.376688
-0.111837
-3.096432
-3.371023
-4.708862
1.480559
-4.295413
-1.273755
-0.139714
5.997377
-2.639351
-3.564718
-1.256982
0.672580
-5.810684
-4.571939
6.589458
-3.511076
0.349961
-0.609865
-6.238340
-3.148609
-4.123824
-3.414341
-4.232629
0.627622
-1.168530
6.101485
0.273148
-1.021772
-4.549002
-4.306460
-2.855536
-1.258331
-4.574549
-6.322324
-0.387254
0.550299
-4.140286
-0.643628
-3.312727
4.577846
-0.338724
3.779311
-0.578581
2.365524
-1.127859
-2.225157
4.367271
-2.396471
-8.439576
1.112028
-4.280481
2.044735
2.424175
1.188639
-5.662660
-8.145012
-0.472181
1.305729
-5.048039
2.883914
0.931392
1.330951
5.087526
1.240485
-3.161803
-5.267937
8.538763
0.251583
-5.921631
1.828441
-6.281699
-0.560542
-1.114636
6.888488
3.056741
4.908762
1.210832
1.047468
-2.997895
-1.650796
3.924639
3.732431
-2.405597
-0.496438
4.168302
4.940419
-3.420269
-1.926391
-4.735373
-2.024239
2.788815
-9.304057
-3.725525
8.713085
0.559517
0.168824
4.068909
-1.547992
4.589246
-1.026352
-0.596996
-0.510112
1.167752
3.332530
-1.527518
-3.232183
-0.538910
1.414671
2.771266
-2.490787
-5.147509
-4.353478
2.721332
2.106235
-1.395331
-5.201572
3.974310
-2.951499
-1.908067
-5.325208
9.737501
1.664848
4.542289
-1.463518
-0.337484
1.864874
5.316169
-3.141496
3.912374
2.980536
0.962584
9.562197
4.252928
3.028576
5.187026
8.471024
5.517843
5.833933
0.239206
-7.018715
3.268520
-3.824271
0.932847
1.632299
1.938741
7.465246
0.399438
-5.950459
-1.307866
-7.613739
3.806343
-2.539641
4.755487
-1.572843
2.698061
-1.911398
5.012545
-3.488122
0.083375
4.189865
-3.943449
5.548915
3.878853
-5.239655
1.332271
2.616632
1.914482
4.153219
2.104115
-1.833124
4.375818
1.708857
6.284526
-4.071222
-2.650000
-4.178311
-13.249041
3.315393
5.949282
-1.975209
3.704908
-0.681620
4.171242
2.474514
-3.836757
-3.786430
-2.868227
0.261616
-1.164176
0.129927
-1.540935
0.112270
-1.070888
-2.452035
4.078018
-4.012536
4.915815
-4.605122
2.428521
4.159879
-1.807500
-4.743190
-3.760435
-5.587443
1.794292
-0.753229
-4.027536
-2.000023
0.509344
-5.370635
-4.984255
-0.805014
-3.782528
-3.238264
1.059681
-6.522223
-4.868661
-5.729914
-4.950305
8.375872
-1.642090
2.003994
0.507813
-2.912326
3.442152
-4.104733
0.440101
-9.884658
1.606462
-1.695076
-7.009969
1.805878
2.234039
0.752567
-1.219401
5.225921
4.032377
5.019241
0.733327
7.872360
-3.244684
-4.595374
-0.950950
7.200803
-0.363404
-3.819100
-2.170859
-2.095073
6.149391
3.022116
-4.291449
-3.057397
0.870584
4.095652
1.956600
2.654484
-0.633321
-7.754380
4.694343
0.907060
-3.135678
3.131952
2.174792
8.758253
-0.591281
-2.363454
-5.279836
-3.463943
3.530749
-2.368075
-0.550272
0.914757
-1.357090
5.405208
0.217975
-6.772962
2.150692
-2.295507
1.175995
-2.698257
-0.488395
-2.976504
-1.310266
1.744391
2.485495
1.621354
11.981141
-4.251400
-0.686613
7.551621
-2.865350
6.679018
3.233515
1.698827
3.633924
5.591939
-3.749823
-1.642047
0.051963
3.139066
-0.574357
-6.732319
-1.605791
0.291635
-11.999516
3.791898
-4.178972
-5.930966
-7.426088
-3.519708
4.007095
-5.028788
1.777018
5.363019
0.734459
-0.958758
1.980165
-2.515971
1.494191
-2.756608
-1.731321
-3.091495
-1.773319
-0.284534
7.332394
-6.983999
1.601661
-3.993032
1.932257
-3.506093
7.501549
4.044661
-0.766228
-6.376509
-0.033599
4.557398
-2.407639
2.474252
-1.627520
-1.806651
-5.966796
-3.358171
-1.706019
2.049126
3.204386
1.157158
4.076039
-6.042532
3.721213
-0.665037
-4.125247
-1.515825
2.776496
-5.850057
-2.255432
-4.182135
-1.496825
3.547160
-3.225273
-3.189948
1.106240
-5.214364
-2.077965
5.910379
0.289692
0.132320
-0.629447
0.280199
0.837100
-7.257675
1.290473
3.008288
-11.094370
-1.626559
2.613797
-1.527375
6.104335
-5.898429
7.255003
-1.092611
0.142078
6.421314
-2.677579
-2.994781
-2.609316
3.838549
4.331633
-2.087713
-1.005564
2.886813
0.870522
4.716726
-1.246500
-1.893521
0.561660
0.435331
-4.797195
-4.608055
-4.360995
5.048181
-6.654071
-4.533604
-5.417251
3.240326
-1.273119
3.618498
-4.847621
-0.802832
1.502456
-3.880901
-1.106142
-2.359051
-1.150617
3.513887
-3.674774
3.655893
3.267463
-3.631480
0.650273
4.956334
5.105628
-2.135547
5.300227
-2.167265
-2.252096
-0.639979
-5.272380
2.416850
2.058335
-3.119696
1.729827
-1.156390
0.244963
-0.393124
2.245462
-2.710397
4.845178
1.735934
-1.215775
-3.910651
1.888256
1.460700
1.141365
-5.570086
-0.105438
-5.428302
2.656922
-3.649175
-3.056527
-0.931041
-0.345741
-2.655544
3.399288
-1.599557
-0.343690
-0.100894
-1.742189
7.965694
2.124293
4.723848
1.282908
1.442572
4.339103
-2.137371
-2.158367
3.215840
-0.184010
1.782646
-1.124013
2.724758
-4.550902
-4.407931
2.540801
2.455345
1.553028
2.851503
-3.522411
9.585230
0.613214
0.080772
10.293059
3.493248
-3.561557
2.895880
0.809313
-1.499226
-4.282798
-7.260921
-0.257539
-0.623412
1.013390
0.480580
3.825818
0.406266
1.131790
-2.478408
-2.950670
4.152570
7.162511
-1.523304
1.769014
-3.137875
-1.358401
-2.120976
-1.563131
2.896363
-3.211550
-3.913906
1.175394
-5.793550
-1.418204
-2.355497
0.176933
-3.802149
-0.705480
-1.018203
3.803289
-6.824996
0.734044
2.566420
4.988515
-2.654791
1.845777
-8.441689
0.516481
0.057682
-4.798838
-3.409846
-6.274027
0.713871
6.288191
-1.841538
-1.415753
2.867926
-0.214131
-0.099570
-6.312305
-4.780130
0.379806
1.823985
2.972577
2.510948
7.405410
-1.168631
1.353363
0.294353
0.754057
-1.917193
-3.055198
-5.215066
-0.841637
2.655367
0.625468
-0.347906
4.480863
3.114568
-0.066548
3.464806
-5.327393
-5.534275
-10.011012
1.939737
13.078071
-0.855547
4.562621
-3.169534
2.312066
4.926537
-1.399071
2.697838
0.497251
2.909816
1.970385
-2.909105
1.259045
3.709628
-5.250095
6.493823
4.146201
1.646877
-5.910839
-1.829312
-3.018192
8.876945
4.155532
5.283929
-2.913332
-3.645339
4.411519
5.460230
0.834915
4.784916
4.797277
-3.017929
-1.876683
2.923148
-9.255473
5.306221
1.963888
-3.772796
1.726450
-6.901856
4.867949
-8.607092
-1.146685
6.797209
7.484843
-3.505256
6.760038
4.627425
-4.221510
-6.729802
-1.935167
7.506957
-5.333282
-2.997667
-0.128205
-5.342249
-1.604746
-4.093906
0.704139
-6.958818
1.582243
-1.982923
-0.656171
-0.228030
-0.200953
-4.387181
2.336198
2.516088
-3.073619
-6.565744
2.258610
-2.059696
0.165707
-2.121724
1.821793
-7.829118
-0.075173
-0.053195
7.363770
0.955841
2.728944
-0.133052
3.440618
-1.482068
7.011796
4.248092
3.840392
8.444527
-5.072280
-2.755485
3.038900
2.252718
-2.819082
-2.990811
7.343480
6.029711
4.268722
7.421318
2.227656
-1.355575
6.281149
-2.000605
-1.347509
-3.315389
5.389262
-1.787792
1.054778
-1.040500
-5.386436
0.697812
2.370839
-0.116956
3.895283
-0.644770
-7.047656
-4.803390
-2.679241
2.043793
-4.093448
-5.938713
2.075119
-1.379256
0.706133
1.557996
-5.438323
-3.874717
-1.095435
-5.512873
8.931299
-4.647106
-4.064440
2.141335
2.251286
4.714940
-0.266825
-2.188823
-1.617063
-4.090339
2.751472
-5.510611
1.388187
1.630931
-1.320560
2.338492
0.979353
-6.204868
-1.656652
-7.349225
-2.003163
-0.319300
-0.284460
-0.097305
0.220909
-0.457374
2.403310
0.077471
-2.102720
2.293693
-3.128928
0.103542
-2.608881
-1.293174
-0.416947
-3.526473
-5.984657
5.710943
-5.008094
-0.006441
-1.029550
8.336899
-1.268234
6.040224
-4.650376
0.321967
-3.740822
-4.344234
0.712572
-4.801148
0.529210
5.935382
5.430555
4.170884
0.034409
-5.458492
-4.118920
5.499111
0.662503
-1.225775
3.856352
-7.208665
3.696066
-7.474442
-6.262224
-3.310140
-4.569282
-2.460958
6.417847
3.388892
-0.459870
-3.014989
8.741922
1.692477
-4.671198
0.219506
-5.396637
-1.710041
-0.930116
5.223870
0.894224
0.990654
2.021156
-2.923579
2.092389
-6.778881
1.660058
1.463157
-4.638373
0.828578
0.854658
-4.442682
1.721088
-1.457471
5.876935
-1.457368
-5.393939
-0.698289
-3.220834
-3.803880
5.279809
-5.536635
0.202998
-2.873839
0.737457
-0.965366
-6.060976
0.120003
3.447433
-3.572025
-4.517344
2.202710
2.761987
7.867831
-2.064259
0.479968
1.217118
3.199516
-2.395137
-5.727180
3.088552
4.257350
0.195662
-3.175584
2.737224
1.094208
7.293952
2.542053
-2.394441
1.095590
-2.493935
-0.463524
1.279297
1.323404
3.185597
0.934614
1.793311
-4.693759
2.246619
2.923634
3.380407
3.114214
2.098212
-10.289114
6.987588
-4.904501
-2.310239
3.921992
-1.259489
0.737468
2.081635
0.487541
7.174260
1.112116
-4.434725
3.302660
0.978560
2.065979
-2.386434
-1.456015
-5.811352
3.589011
4.669553
5.914577
-0.867486
-5.048010
2.202470
1.366285
-2.374972
-2.428215
2.466621
9.297407
3.250016
0.022437
12.281982
6.243821
-0.467665
0.616537
5.482172
-5.521751
-3.141064
-5.006097
-2.423682
-4.848389
-0.968801
-2.276114
5.941907
4.532636
1.976901
-2.409931
-2.688335
-1.096397
-4.105213
4.866694
-7.836606
-1.602155
2.504076
-3.040623
7.187880
-2.189502
3.580270
-2.866511
-0.701005
4.519584
-6.649580
0.980094
-0.017932
-8.046428
5.550076
0.079967
1.342414
-4.947155
-1.899678
-5.524821
2.576642
-3.742257
1.388768
1.616581
-7.350457
-4.143106
-0.470040
-0.182021
7.168056
4.310925
-1.260024
-5.810111
-0.128933
-2.194157
-0.654757
5.823713
3.003153
-3.338952
4.735422
1.953979
6.401269
-2.995453
8.153737
4.409067
-4.929056
1.978745
6.053050
-1.447153
0.287953
-4.401819
2.348856
-5.691784
-1.458504
2.583490
-2.051221
0.290720
3.873304
-0.465520
-4.067264
-2.966861
3.493446
12.973483
13.899854
0.021235
-0.322081
-0.092007
-0.570673
4.047153
-3.428106
-0.451851
0.001061
2.300315
-3.351709
-5.860558
-1.933444
-0.177309
-5.312966
0.600346
-3.104758
-0.260089
-6.971632
2.563922
-2.887735
-3.938879
-3.651422
-3.866790
-6.739637
-0.628773
2.861605
1.186038
0.902202
1.168921
-2.306221
1.680836
-1.889145
-4.317402
4.576940
4.447319
-4.103306
-5.911552
3.500737
-3.494687
0.940607
-12.556586
-3.155535
-0.482828
3.321420
3.532593
-0.275015
-2.801029
-2.768403
1.963163
12.176585
-4.155531
-1.125357
-6.818389
2.607311
-0.863998
-4.650158
-1.422963
0.512076
5.155859
-0.619988
-5.494991
-2.672112
2.323530
-2.982571
-7.647518
-8.659285
2.548048
-2.562214
4.244425
-0.967978
-2.298251
4.473081
-1.280256
-6.476297
-1.924729
-9.317067
2.253753
3.448200
3.432299
-0.277906
-0.303679
1.317474
4.127383
-5.436845
-2.785969
-4.039792
-3.153979
0.749031
1.814450
-4.981473
5.481233
4.022363
1.396558
7.167784
-1.399107
-7.122266
2.348190
-1.939700
0.215011
-1.167432
-1.110321
-7.100973
-3.422595
-3.471010
1.235853
1.356085
6.299639
1.524588
3.144522
-2.727172
2.209619
2.462775
-6.098292
4.380709
1.892760
1.119635
0.996698
2.608835
-6.604249
-0.890033
-0.848789
4.139796
-0.687395
-3.499095
1.779822
-10.532888
-6.108318
3.013300
4.465597
0.246700
0.479831
-5.587144
2.591684
2.016066
6.624626
3.973213
0.658881
3.425866
-0.723282
-2.292495
2.334491
0.944911
-7.222791
-0.830229
-5.809943
3.955008
8.160035
-0.129568
-4.601070
-4.376195
2.484867
6.582942
4.863854
-0.420722
-2.375124
-2.354367
0.014255
-5.961068
5.165492
-0.810216
4.631389
2.775760
4.148923
-5.720879
-6.847251
-1.494937
-4.888000
-1.537358
-5.310473
-2.475222
3.755528
-1.634685
-2.063241
-3.216543
2.399482
-6.035899
1.476093
4.514662
5.211987
-0.445609
-1.481773
-5.622609
0.692620
3.272948
0.118986
-4.954554
-1.551122
4.485731
-3.203844
2.159631
1.613302
-4.024426
-3.792248
-2.697976
-1.484583
-0.632382
-1.444905
-2.281271
2.766242
5.938998
-3.646435
-1.315398
-5.552255
-0.388894
-4.491862
-1.103919
6.843476
-1.294397
3.320006
1.004130
4.121627
-1.705708
4.196198
1.581116
3.304690
-3.039515
1.801177
-3.223048
-2.437039
-3.464491
-1.420927
-2.115527
-2.007404
1.259532
-2.158233
-1.598781
7.598043
-0.739058
-2.635227
2.984579
-8.628548
-0.140377
5.332273
0.736536
-0.039959
-4.647868
0.028410
-4.970269
0.438266
-2.381356
1.938440
3.523731
1.325659
3.394994
-1.052058
-4.748450
-7.224521
4.223094
-5.356571
7.586090
-1.684310
-4.109854
-0.530313
0.528201
10.398132
6.362141
2.279708
0.226780
-3.177653
-3.261822
-1.160570
5.140384
-4.956667
3.830100
-4.912302
1.226771
2.502386
-3.318864
4.879961
-3.687442
8.269663
-0.875457
4.896232
-11.029208
-2.132207
-6.081034
1.796689
-3.259609
3.938831
-2.360467
-2.234231
-2.128213
-2.288686
3.212805
-6.655083
1.838490
-6.545732
-6.419235
-3.505361
-0.835393
1.472682
-0.506240
3.905611
-4.434695
-6.031596
-1.367004
-1.420899
3.050195
-1.347038
2.734402
-4.461877
3.883625
0.934835
3.409431
3.942440
2.754355
3.375052
5.653679
-4.903541
4.957898
1.947135
-2.098131
-0.710571
-2.230845
1.832624
3.499667
4.424431
1.969431
2.467126
3.588369
-1.802141
8.523656
-3.417858
4.050798
4.621043
2.688311
3.122404
-1.434388
-0.322399
1.180868
-4.397823
-3.488078
2.899282
-2.049355
3.363494
-4.162586
5.239457
1.736063
4.141425
2.202481
0.859311
-1.639564
-1.077336
-1.240281
-0.066010
2.998131
-1.863597
-2.615665
-5.642474
-1.469160
4.509853
-4.641444
-7.289075
0.354976
-0.757532
0.370234
4.664848
4.834476
-5.377470
-1.566606
-2.323899
-4.969040
-0.064902
-3.236162
-4.147490
1.561582
-0.305127
-1.399465
-1.963126
-2.678940
-3.408191
3.546362
5.653147
-2.204957
5.449828
2.704409
-5.394905
-2.906613
4.537097
-0.791264
-1.983122
-1.810966
-2.282331
-3.162268
-4.653029
2.917053
4.954860
3.650413
-7.634428
-2.884734
0.100573
-6.471748
-0.412757
5.491837
-0.380864
-1.741551
-1.312107
-0.233970
-6.448952
1.829621
-1.468266
-3.071603
-5.114076
1.971897
-2.745865
3.766702
-2.594882
-0.535422
-1.880074
-2.432165
3.953195
-6.496317
2.756512
0.563732
2.471700
0.217447
0.782330
9.323538
-0.973405
-4.307556
1.189732
-0.257717
1.945747
2.807464
-11.726105
0.044883
-0.283572
-5.562722
6.195432
5.371524
-0.352324
-0.584376
-7.735188
7.657423
-0.021029
-7.041242
0.521258
0.894207
1.546474
-2.666186
-0.445712
4.463643
1.395926
-5.824991
1.306273
-0.737281
-3.510546
1.212057
1.776266
-5.064130
5.368070
-2.425026
3.374053
1.015496
4.506449
-3.516302
-5.372799
-3.201110
-4.637262
3.007253
-3.857157
4.737116
-1.603786
-7.392417
5.999971
-0.626231
-1.984730
4.149940
6.524595
1.018661
3.038874
-4.913482
-1.336715
-7.642229
-5.446547
3.017010
1.469694
-5.038410
0.515110
-6.744166
1.359287
-3.028693
-5.111088
1.425779
0.488425
-1.254946
4.913339
-1.758823
1.770795
-1.854089
2.778876
5.833654
-3.545176
-0.866563
6.198326
0.421798
3.601061
4.428579
3.974839
3.856859
-0.211619
-1.348717
1.184582
1.879339
-0.648783
-4.011027
0.424899
0.890616
-2.993442
-1.845591
0.739973
-4.069763
-5.696797
-4.925123
1.195741
-1.769358
-3.414066
3.821641
-0.167963
1.436074
4.946139
1.975962
1.977130
-2.192855
0.594026
-0.298208
-2.644886
-0.302887
-0.662111
-5.439669
1.696798
6.135004
-2.862622
-5.163475
-1.490716
0.112604
-3.562870
1.492859
-6.616248
6.272533
6.528270
-3.919955
-1.225586
-4.750669
-2.037997
3.121570
-0.291773
-5.227215
0.854334
2.369530
-0.880415
-2.323715
-0.702042
-3.005881
4.007913
2.463322
4.938766
0.921207
-0.880763
1.662283
2.806422
6.566787
-6.390284
-4.031987
4.283740
2.356395
-3.531755
1.503439
-0.421799
-0.264640
5.839704
3.840755
-5.437523
1.367004
-3.657240
2.290035
-0.225347
-13.027103
-3.935308
5.339530
4.946129
-5.805408
-2.673824
2.173032
-0.397403
-4.952140
0.030752
-1.310776
3.507102
-5.331808
-0.626490
4.510544
-8.703073
-4.193929
-4.273926
-2.127911
2.619400
3.515817
0.381400
2.971545
-4.789545
6.161768
2.718516
2.965710
5.597249
9.360307
1.362406
1.370192
-4.591507
6.503013
2.671389
3.068722
-7.840245
-8.378450
-7.384906
-0.568900
4.583496
1.748379
4.093829
-2.248822
-4.164159
-0.784110
0.443415
-3.093848
-0.254729
4.381134
-0.748334
4.513235
-3.938259
-1.547315
-3.120151
-2.014551
-4.963171
-3.412986
1.244515
-5.325333
-0.359519
-8.082556
6.851062
7.068294
-2.367639
0.543314
3.976084
2.875978
-6.751448
-8.055361
-3.437722
-0.947986
-0.842462
0.610497
0.924574
3.669815
0.249907
7.423131
0.646424
-1.681354
2.515236
-7.429140
-0.442080
0.174437
-0.842993
2.748189
-2.710233
-2.837924
-3.591461
4.408858
-0.962629
2.534714
-4.782452
1.829782
-2.561925
-0.992806
-3.037657
-6.034302
-1.598260
1.410069
-3.598232
0.203955
-5.225462
-5.139147
3.603615
4.963573
-0.596654
-4.224002
7.265363
-2.291217
2.255105
5.700784
3.258575
-0.817263
-6.951688
4.114295
0.032412
3.055921
0.383457
0.532759
0.593479
-3.624806
4.755564
-2.803531
1.943700
-0.926466
1.204598
-4.967972
5.551575
-1.650501
-0.615918
2.332295
4.254734
5.831303
0.803522
2.140810
3.827542
2.713892
-4.726073
-0.730601
2.091620
3.228357
-1.123303
0.132730
3.327003
1.555966
3.894850
-1.132784
4.020477
-0.428351
0.699633
0.978453
0.277889
4.491791
-4.890332
6.185145
-3.557973
5.833735
6.341215
-1.908551
-0.154103
1.228222
-0.610206
-4.559614
-4.061382
5.755220
-2.589549
4.109675
-2.690763
-2.697005
-0.396632
0.350175
2.412795
4.770878
2.925579
5.961529
-5.220507
-1.438378
-1.353228
0.780185
2.080930
-4.456827
4.191238
-4.701066
1.451077
-3.214328
0.668410
6.913857
-3.663387
1.957433
2.783202
7.087154
-1.238177
2.165379
4.075693
5.080794
-3.796705
-6.476407
-3.883983
-2.681750
2.598841
3.883804
-2.766216
2.038751
-4.619315
3.964580
6.907478
-5.253960
-0.313644
9.889847
5.722421
-2.756573
1.314670
1.716543
-3.154858
2.162749
4.532447
-2.638274
-2.156364
-4.836814
3.618543
-1.371190
-1.343547
5.169778
-4.013024
-1.110144
-2.199390
-0.426966
-2.692665
3.004413
-3.361237
0.409037
-3.843255
-3.456012
-0.612123
-0.165048
3.131311
4.860677
-6.735123
-2.763669
-1.567441
2.564017
-5.877903
2.064794
3.942582
-3.120534
-4.744660
1.856792
3.029112
3.439298
-2.791860
3.413675
-5.228994
1.129084
4.031645
-2.755037
4.758790
-3.484137
-2.711958
2.786751
4.006588
-3.302934
-0.897495
7.760685
0.853676
-3.686061
2.953273
1.589223
0.288315
-2.530998
2.834282
-2.752406
2.394715
-1.411862
-3.228297
-2.131282
-1.650339
-2.541650
-3.661979
-1.549494
-4.881776
1.112315
1.700238
-2.424134
-4.039138
6.410964
-2.758418
-2.219621
3.622030
2.992052
-2.507613
0.695423
4.376293
5.454545
-3.059644
0.083012
2.407678
-1.566694
3.632237
0.124341
0.961016
3.222167
-4.747629
-3.272154
-0.919633
-3.765363
-4.267027
1.553671
-2.289112
-1.314967
-7.520646
-0.944189
3.947782
3.009495
3.405901
3.458187
2.721728
-1.173090
-7.564478
-4.968156
-0.808475
-1.510206
-0.438792
-3.501402
3.321152
4.236438
-0.735286
-0.660081
-1.968676
-4.662605
1.276439
-2.010720
-2.634823
-6.948653
0.560973
-5.309618
-6.897835
0.314836
-1.092791
5.221873
-3.569002
-4.032652
-5.149838
5.029555
-2.021966
-3.706443
-5.271849
-5.270316
-0.174743
6.459797
-0.836479
-4.678504
-3.159341
5.736459
-4.093665
1.741169
-7.940034
-5.449031
-2.717675
-3.308445
1.824325
-3.896221
0.370968
-5.457788
5.580078
-2.623240
5.020780
-2.603627
-2.757064
-4.383662
-4.266214
-4.629868
0.962870
0.843653
-0.589329
-2.526062
-2.148168
-4.446321
-0.983266
2.584303
-3.101976
-5.991852
-4.065631
3.286246
-6.150555
-11.946213
1.699038
-4.189044
-7.215888
3.878247
3.415174
7.342105
-2.129721
-0.525636
-5.315995
-3.675373
3.367224
-2.378346
-3.800028
-7.089756
-0.019249
1.551459
3.405115
-1.776869
-0.910556
-4.328940
-0.434544
-5.589686
4.877590
6.973303
-2.037663
2.237614
0.970871
-0.277155
3.817840
-0.413867
-6.243396
-6.008665
5.718949
2.205202
0.711271
-0.869576
-2.663460
-4.124746
1.886790
-1.950187
-1.405409
-4.520013
-1.177086
3.930217
-0.024553
2.711740
-6.704147
0.430808
-4.168447
2.682198
-7.866141
-4.818048
-6.853576
3.628021
-3.070597
-4.892418
-1.407804
-2.564211
-0.075456
3.218327
-3.116926
-4.899311
-1.357041
0.992812
-1.067272
-3.479499
4.094724
-1.289991
-2.214861
4.903735
-2.141729
-6.001610
-6.734612
1.989643
3.205394
-0.794873
-10.973424
-1.001535
1.135450
-2.016684
1.976755
2.948768
-3.125687
-3.124870
0.364715
-7.267480
-2.206366
-6.524561
2.730291
1.331451
0.958281
3.728683
2.146452
-4.907852
-4.922710
-1.675951
-0.604683
-3.439800
9.443789
5.025494
4.144861
4.235193
0.546147
1.344020
-4.981734
-5.847040
0.411592
-1.695845
-2.189654
-1.453016
8.456443
-5.133286
-4.709667
-1.036500
6.532627
-1.425395
5.276322
1.407854
3.163094
-5.916464
-1.106195
0.540653
-3.086073
5.323724
-1.640162
-1.922252
-0.002503
-6.518711
3.373410
-1.116783
-0.486311
-1.833020
-2.483579
3.115098
-1.505007
-5.216800
-8.608434
-7.063202
-1.649562
3.071611
-1.740866
2.138388
-4.039497
-4.832951
-2.742734
-0.856414
3.361624
-2.794412
4.356696
1.503357
3.188707
-2.909352
4.672636
3.613403
-2.358671
2.886340
-4.746274
-0.377415
3.442518
5.951059
4.050458
-3.395890
-0.606656
-8.843629
-9.009686
4.876300
3.774386
6.637652
-3.958799
6.054090
-3.892987
5.778615
-2.885700
2.569781
-2.024356
2.641352
3.052435
-5.108993
1.751848
5.647112
3.319753
0.733520
6.558052
-3.493881
5.715146
1.963971
-5.903268
4.212881
-6.163833
3.792516
-0.566794
4.550271
-3.469250
-5.632060
-0.947846
-6.059826
-2.226316
-1.554444
-0.778922
-0.613396
-2.315907
6.550244
-3.367272
5.344203
-8.012283
3.479542
4.744520
-0.755979
-2.758940
-0.385530
0.734730
-1.044353
-4.503156
-0.224082
-2.760067
2.012864
0.976777
0.511463
4.809564
-6.161625
-1.904144
0.483442
-1.437611
5.646658
8.067396
2.264855
5.404457
0.831076
3.059023
-1.064856
5.794644
1.348666
3.820228
-2.379066
-7.198208
-0.622057
0.880702
3.669721
6.168263
2.298623
-1.824262
5.673040
3.809788
-0.687783
-2.653863
0.340916
0.631247
-0.089198
5.625282
0.223202
-3.579474
5.770566
3.240855
-1.417650
-2.112522
1.199569
-4.926747
1.076925
-5.536772
5.339808
1.873177
-0.454810
-0.086410
1.433944
8.054604
-1.983058
-3.085233
2.363941
1.079875
-7.074645
4.609560
0.601213
6.633911
-2.937415
-0.834955
-1.169041
4.905522
-0.566532
-2.749296
3.184735
2.959472
-5.394201
3.879235
-6.342236
-0.658748
2.232002
0.874196
-2.924902
-10.535934
0.690578
-0.144603
2.089369
3.750426
-2.372469
-0.335248
2.678960
-3.028132
-2.440314
3.982218
0.482962
4.527179
2.608728
-4.205957
3.046082
-2.680981
-5.054260
-3.153096
0.157071
0.322968
-1.236211
-2.295724
1.158534
3.146321
1.319277
-0.218356
-3.464631
1.878752
-2.024453
-2.501232
6.116431
4.976129
1.320040
0.003986
-6.479835
2.572297
4.690250
-2.141332
5.497636
3.796149
0.603021
4.640357
0.770022
-6.787792
4.450168
4.515789
-1.207215
5.214571
-0.385111
3.640814
4.368187
-1.770780
-0.069876
-2.399435
-2.792797
0.911137
3.221834
1.277516
-1.201878
-1.376720
-3.788549
2.643367
-0.216842
-5.120010
4.188645
8.017721
3.446683
8.465483
-7.200399
5.029616
-2.803901
-0.940884
-6.942232
-4.571224
-4.995628
7.466174
1.270166
-1.283684
4.421604
-0.997884
0.900906
5.517294
5.381991
-0.454306
-2.559961
2.286532
2.711769
1.932434
-2.356820
-1.952375
1.670980
-3.921503
2.310863
-2.479869
-2.229006
1.063372
0.698856
0.270987
7.256752
2.408320
3.121246
-1.322939
-2.192185
-2.828000
1.961972
0.181950
0.919779
5.187440
-4.137191
0.805498
-4.670001
6.137982
-4.956409
-5.513662
-2.221738
4.062679
2.249804
-5.130713
-7.303439
-0.480386
-0.272704
1.287377
-4.727482
-5.420506
-4.113922
1.561832
-0.774538
1.345462
0.570077
-0.077901
4.980628
-1.334863
0.888061
4.802922
-0.486134
-3.127172
-1.930741
0.138089
-6.139878
-0.530690
0.466497
-7.110218
1.363964
0.720954
-4.780471
-3.787693
3.995403
4.973802
-1.520616
5.949285
-5.356963
-3.184906
-3.310837
2.281026
-1.240582
0.917186
2.735286
6.126585
1.091975
1.196511
2.767809
-6.187829
3.676039
1.676013
5.070820
4.287953
3.026725
6.823731
5.274366
2.538405
5.807515
5.568757
2.886307
3.655977
-0.668286
0.908021
1.602232
3.695118
-1.529058
2.359487
2.169950
-0.752578
-3.994948
-5.609508
-2.042395
5.904795
0.907657
0.136974
-2.035905
0.947897
-9.814528
1.369610
1.447890
5.234257
-4.040053
3.276591
-1.199756
-7.273919
2.967416
2.086803
-0.852493
-8.680498
2.598251
4.803416
-2.704759
-0.392095
-1.087638
-2.936070
-3.705858
-1.845631
4.941533
-2.482468
4.301778
1.232976
-6.739799
-5.765074
-2.474011
3.148985
-0.759042
2.491567
-2.942721
-2.224174
-2.670231
3.993801
2.312746
-1.745383
1.877868
-3.264766
4.397510
-3.381783
0.587184
-2.864257
0.694567
3.517883
-6.962956
4.617126
-6.424333
-5.469009
-4.749835
4.548362
3.124222
-1.914398
1.823409
-2.589150
2.134714
4.993420
2.984102
-3.122593
-4.017367
1.920147
-3.322257
-4.979537
-2.654920
5.118756
-0.634686
-4.497613
-3.597966
2.331953
4.767276
-6.490217
0.411851
3.686242
6.222098
-1.057445
-1.696371
-3.808495
-0.761976
4.706315
-0.109938
-6.131588
-2.277241
-1.553262
-1.470146
5.292426
-0.966288
1.090872
-5.379408
0.849219
2.269535
2.017132
2.041971
1.178977
-10.807114
-2.638154
-6.368178
2.425360
-2.898503
-4.410794
2.998116
-7.909570
-5.961878
3.368686
-3.853255
-0.137449
-0.643278
2.322301
4.375666
3.324329
-7.943734
-9.847208
-0.126273
4.739518
4.357967
1.951426
-4.694094
2.370226
4.964058
-0.204485
-2.052324
-4.048325
-2.886487
0.528872
-2.638572
-1.513040
2.563345
-4.891780
-5.736238
-3.451346
4.515720
-6.582096
2.673865
5.248946
-5.100796
-5.178110
0.369784
0.526145
-2.097800
3.679441
-6.475720
-1.068504
-0.182400
4.848360
-1.997742
0.048762
-4.363806
4.781077
-1.265785
-0.863337
1.014730
1.612744
-3.583228
-2.625890
1.973160
6.238102
5.631859
-3.153578
-2.185689
5.023381
-3.419110
0.028587
-11.614256
-0.836825
-3.825299
1.177180
3.651598
-1.252778
1.259295
0.193435
3.377899
-7.317388
-5.475058
-0.281735
-0.097014
-1.074541
0.689729
-4.603369
-3.967860
-4.776382
-6.526745
0.903125
1.846389
-5.222159
-4.689555
0.751534
-4.565410
3.320037
4.026373
0.163676
5.519546
2.030051
5.181351
2.637051
0.733395
0.271525
-1.304949
-2.733842
2.874759
-1.543272
-5.001678
-1.491836
-6.240462
-3.443160
-1.833972
-2.635900
-2.578926
6.474858
-5.423681
-3.291409
-3.435896
-4.674173
-0.701290
-1.356398
-2.363336
-0.315087
-2.552348
2.962325
0.866756
0.631366
0.721584
-4.137011
6.555260
4.074811
-0.390339
3.445482
2.237458
-3.675941
-0.126190
-2.014187
-6.063186
3.217962
1.105733
-0.608134
2.556856
-2.730165
5.302095
3.086254
2.831662
-3.155247
0.001817
-4.467375
-0.512072
-1.312138
-1.839184
-3.536224
-3.772102
-2.209818
7.434093
-3.951983
-1.353830
-6.252918
-2.091851
0.818826
-4.345768
-0.842549
5.142531
-0.792060
-2.453453
1.782280
2.363877
-7.676049
-0.152163
-2.276691
4.348765
-2.735531
1.039109
-5.307667
-5.376651
-0.037083
6.582474
-8.156088
5.248609
-1.540559
5.466067
-0.942155
-3.636139
-1.718749
-4.189716
-2.425512
-0.849101
-1.746443
-8.255478
3.956778
4.563723
-6.994021
-5.818449
5.202086
2.973485
-0.012367
-6.197122
-1.901090
2.753467
-2.542739
-6.003746
0.372386
1.217050
-0.105263
2.160422
0.648247
-6.350384
-0.975350
-0.338829
-0.945936
-1.733623
-9.341011
-5.934337
2.272991
-2.261779
0.317351
2.168412
-4.868182
-2.391057
-3.710097
-0.680537
-6.079912
0.938164
5.588459
-3.380147
-0.064868
2.910947
4.360212
6.606765
3.693285
0.057717
-0.238158
5.245903
2.115007
0.518391
-1.900655
-4.530265
0.897685
3.898219
-3.431831
-4.214126
-4.428500
-2.092417
1.613233
1.048437
-2.621187
-1.039171
-7.290800
1.805077
-6.304483
-0.092202
3.083243
-1.632465
0.548997
3.071147
4.117841
-2.273456
-6.906849
2.203938
1.961200
-0.168976
-3.118278
0.536668
3.295676
0.178448
2.056761
1.172429
-3.116615
-0.445050
-4.462681
2.704918
-4.172245
2.663479
-4.623127
-1.900634
2.077808
-1.490272
-0.769199
-3.031068
0.486914
0.157661
0.166899
5.263074
-5.458755
4.047038
5.397230
4.210520
-5.078250
2.358578
-3.691860
-3.818675
1.739816
6.732568
3.455944
-0.432353
-5.069237
1.497751
-1.916036
-5.407799
0.704521
3.634829
-4.631708
-3.225681
0.207019
4.096628
1.002392
3.364736
5.465714
-2.726753
4.888583
6.287910
2.827294
2.807168
-2.515737
-2.313213
1.521694
1.300755
5.509817
-3.519026
-3.786135
3.141758
0.410432
-1.531916
3.227544
1.246510
3.337710
5.450758
0.659611
-1.931030
-1.323252
-3.280816
-0.435806
-3.339460
3.479798
0.475811
2.011357
-5.730938
-0.411360
-7.179254
0.739863
-4.596952
4.034979
-3.704278
-7.789982
3.913399
2.264886
6.154010
3.750224
-1.990247
5.766657
-5.620118
3.015184
1.431822
-2.104285
3.470576
-2.881546
-3.369928
-2.980550
-4.501781
0.577490
3.802266
-5.176262
-0.453035
-1.680450
6.120182
-1.495631
-5.482025
-4.169067
0.029348
0.962636
-0.074551
1.401406
-0.113526
1.587531
-0.222615
4.703475
1.830841
4.613462
2.629890
1.029557
5.897368
0.069920
-0.161499
-1.695451
1.674653
-4.973053
3.914051
-1.574381
7.292033
3.117256
-7.503183
2.676727
2.665498
0.227908
0.313404
3.167308
3.344050
7.682316
3.167588
2.474848
-4.730157
-7.534282
2.992606
-4.487887
4.812935
-4.411610
3.051990
3.531246
-4.369799
-0.072248
3.098228
4.203198
-4.946218
0.952719
-0.487973
-7.027034
6.221273
3.191891
0.775059
2.941253
-3.724875
-3.223247
-2.183588
5.634850
-2.956157
4.210856
-6.772133
8.565130
2.453761
-5.956785
-1.937311
8.260152
0.192888
-5.608978
-2.120252
-9.570805
-2.189948
-2.951261
2.981730
4.089942
3.555695
-4.212424
-2.267139
0.418056
0.937180
6.840938
-5.872431
5.691711
-5.407177
-0.152716
-0.727778
-0.712641
5.595170
-4.166915
-1.009857
2.985456
2.996497
-0.868611
-0.627698
-0.343774
1.961711
-2.137505
-0.069478
2.804251
4.316423
2.706037
-1.516492
7.328964
-0.659767
5.189607
-1.273610
7.732914
-3.464509
-1.258374
-1.057912
-5.709983
-4.629887
-5.073825
-3.974334
-0.673536
1.264427
6.211088
5.080858
-4.613676
0.673401
2.210776
-5.324125
4.827245
4.441975
5.289038
2.692539
4.408885
-1.926968
-0.873708
-0.277016
4.362404
2.982807
5.765668
5.617008
-1.599197
3.907634
0.396866
-1.516577
4.273045
0.104178
-1.291312
-3.018639
0.089127
4.624813
0.063081
2.032019
-7.138179
-9.214023
-2.372021
0.421103
3.436093
-4.492676
3.412446
-0.732565
-5.933300
4.321516
0.776917
-4.011573
3.013812
-2.431118
-3.464357
-2.670868
-0.817560
-3.656256
-7.396107
-1.533778
1.366851
2.848681
-7.339108
3.402223
1.706035
2.501036
-4.717113
-3.768857
4.300656
0.601217
-1.510485
2.793387
-1.637858
0.882234
-2.681284
4.578406
-2.847280
9.483562
-2.472030
1.532766
-2.126524
0.761991
-5.054511
4.863538
8.662557
3.395512
-4.643142
2.247232
5.314422
4.045357
-4.550642
3.537300
-3.080852
10.353930
-5.120298
5.492481
1.459418
7.056503
1.486126
-0.257517
5.770487
-5.563205
0.888073
0.848387
7.615792
-0.900804
-2.570531
4.529120
4.724624
-0.611195
-2.829995
-1.925868
-0.982238
8.124516
-2.651281
-3.384733
0.201475
-1.740552
6.749134
3.562695
3.370460
-0.644261
-4.068113
-7.400121
7.406778
-0.635753
-3.068534
3.035785
0.416806
1.409612
4.264719
-6.314520
-5.304307
-3.840299
-8.943885
-0.621488
0.758244
1.560685
2.278023
-2.994823
0.918671
1.942625
-5.234904
3.574901
-2.991962
-5.431736
4.714091
-4.171578
-4.574950
-1.902520
-2.061716
6.201719
1.327597
1.846540
-0.123562
4.216790
4.277151
-2.445393
-1.206896
0.386977
4.342459
-4.036313
-0.218119
0.075009
4.970658
-6.457079
-0.864115
-4.694718
1.437374
-3.190153
6.738823
-0.834369
-3.119022
-6.870237
-1.840019
-1.772116
-4.099919
5.001873
7.230817
-1.440029
1.668505
0.696302
3.685795
-3.737180
0.131713
4.006618
-4.005024
-2.340780
-0.650094
-1.300481
-5.854240
0.240760
2.294209
-1.969343
-0.117976
-1.675063
-1.725969
-5.900872
0.831484
2.805905
1.962510
2.600498
-3.308016
-0.102599
-2.327764
-4.428672
2.952946
-0.496393
4.497367
4.461618
1.188281
3.418978
0.499149
-1.574811
0.563456
-3.665915
1.916429
-1.353207
6.207876
6.025928
-0.428862
2.601900
-4.729198
3.155262
-3.965307
0.134404
3.925683
-2.539073
-1.810649
2.980923
-3.756814
-1.084075
3.181938
2.135253
5.595922
0.749988
1.028983
8.208488
1.448418
3.896425
2.780681
-2.349232
1.665315
4.535597
2.480757
1.830362
7.236912
1.333048
2.803245
0.679501
3.660597
5.944838
1.381447
-5.016287
-3.271444
-1.527903
-0.213911
-4.529887
-2.034448
0.194965
4.515762
-8.177893
-2.105970
-1.775751
5.213431
-3.773016
4.239449
0.873626
-3.039531
-3.717034
-6.958551
3.502717
5.506922
-1.600541
-8.120528
-1.009691
3.091297
6.014019
-4.253823
1.770008
1.597750
0.612629
-5.806105
-5.341385
2.949823
-1.071973
1.255202
1.584671
-0.865534
-1.185827
3.413620
-0.533542
1.964890
1.107709
-3.492518
-3.036735
0.879893
5.462877
-6.873628
-6.715615
5.678823
-3.494366
0.377696
2.801824
-0.693650
0.963254
-1.539676
-1.310873
-2.445761
3.916346
5.873371
-1.601245
2.371344
0.814053
5.006297
4.089465
0.435807
-14.402520
5.570273
-9.549747
8.292489
0.298296
7.496918
6.152651
4.518009
0.265328
1.370837
4.160992
-2.656516
5.224981
-2.540088
0.864464
7.625821
7.562339
0.306354
2.176656
-2.717640
-2.809017
-3.376382
3.621216
-4.683284
-0.846288
3.381144
5.545990
-2.167482
5.410630
7.832463
-2.887515
1.707986
-2.802343
5.746827
0.367414
2.473053
-0.231628
-4.126096
-2.767595
1.594675
-0.724801
1.165603
-0.099939
-4.498365
4.284687
-0.791529
-0.496534
-1.731510
6.576602
4.427993
-2.818671
1.709304
5.059242
1.188571
-3.543899
-0.040221
-1.733664
-3.190251
4.157853
-2.680985
1.671719
4.699619
4.448894
9.017471
-1.857357
1.824752
6.379877
4.293596
4.746991
7.440826
2.306936
-7.512213
-6.039345
-8.210040
-6.186761
-3.689267
-0.077780
2.966518
-3.610122
-2.165545
1.793491
-2.983619
0.239822
8.644524
2.082747
5.673419
0.694094
-2.760839
4.330434
0.203771
-4.919243
2.408643
-8.636577
3.409176
2.305030
2.921006
0.712086
-2.558449
-0.210638
2.354473
-2.359994
-5.105295
0.134556
-5.493168
2.700093
-1.171030
-0.696992
-4.973169
-3.959897
0.322853
-0.550686
1.673037
-3.910412
0.665981
9.040402
-2.951959
4.327381
-4.046361
-0.994441
-1.890495
-7.628738
-1.139783
2.446241
-2.738044
5.907692
-4.862844
-0.619233
-3.088695
-0.236964
-4.699949
-4.370971
-4.901255
1.965654
-1.424324
1.805865
3.643528
-5.342703
-5.492871
-2.389472
-5.575344
-3.081543
-6.334003
3.673389
1.999675
4.596567
-1.131704
-3.053845
5.248343
2.261724
-2.285282
-7.182625
-10.288556
2.715716
1.245606
2.358125
4.620236
1.127396
5.285467
-0.171092
-0.027157
0.187454
-1.885077
-1.193089
5.671595
1.724156
3.063347
-3.017796
-1.948253
-0.688329
-1.624035
-5.315946
4.592607
-5.651884
3.283569
-1.612645
-6.855283
-6.508050
-4.469567
0.195324
-1.766178
-3.115995
-0.875170
-6.160105
1.639910
3.644276
4.414232
5.365717
-2.153485
-5.045468
-6.809631
-5.337477
0.986556
-5.398727
-1.205506
-2.252833
2.602790
3.491560
-2.321612
5.973649
-0.856530
3.987091
-1.800825
-2.168454
-2.428038
1.844390
2.691047
-5.320884
-2.436858
-0.623080
-6.881305
-1.038406
-0.359734
6.299211
-3.359997
3.591871
2.985321
-5.039527
-1.881603
-4.983652
-1.569858
-4.927809
3.360119
-1.003409
2.595603
4.732740
-0.652932
2.367839
4.163428
1.971389
5.215450
2.287399
1.299889
3.864954
-1.045242
4.744474
-1.248326
-8.571829
-1.383624
-4.381891
4.654796
-4.355287
3.249951
-1.021803
-1.534692
2.393702
2.278255
-6.197385
-3.680453
-1.046782
3.692926
4.463603
4.310081
6.894296
-3.251455
-2.751103
5.417206
-0.691301
-6.812745
-2.248093
-0.707573
-1.281780
-0.017915
-5.586382
5.656991
0.166341
3.459008
3.970208
-6.540422
-5.048362
-5.896291
-5.634112
-4.556038
-0.134689
1.096602
-1.989790
7.842957
5.616650
6.994948
-6.010484
-1.756728
4.148615
-1.536690
-5.907301
3.056297
-1.482612
6.360112
0.148949
7.102216
-5.458903
-2.855269
2.301303
5.363339
-2.215708
2.012932
3.950582
-3.981375
1.789456
5.859218
4.236121
-2.792912
-1.347754
5.126426
-3.464409
2.623408
-7.614551
-0.735052
1.975947
-1.833269
-1.289845
-0.230881
-5.383576
2.218551
-0.974379
4.032403
-1.604520
-1.926607
-4.814174
-5.791883
-5.135793
-2.423294
-0.213582
5.266196
3.697225
-7.381820
-2.047682
-2.927361
5.112281
-2.299707
0.025886
7.989078
6.376686
-1.382643
0.225078
-5.868239
0.395577
4.853703
6.316182
-8.667643
-2.191201
3.193317
5.097860
-3.731785
2.063788
0.453401
-2.650752
-0.416945
6.645043
-0.295622
6.513231
-2.443951
-1.496993
3.962073
5.524694
-0.850188
2.721730
-3.773664
3.227057
-0.551672
1.766415
5.017940
3.264610
-0.036419
1.001406
-0.741611
3.429468
4.693789
-4.700798
-1.843758
0.703278
-2.193030
0.391475
-4.929783
3.871635
-4.219493
-1.072871
2.984658
4.282203
2.449418
3.129743
0.162020
12.499171
-2.380276
-2.284614
5.789756
2.790980
1.990015
4.533148
-7.012986
-0.463456
1.233480
-4.189710
7.371972
-4.869022
-3.850414
3.483646
6.349360
2.518136
-3.632464
2.285639
-2.369866
-6.673860
-1.330109
0.463735
-0.393169
2.127011
9.265086
-4.042276
2.693237
2.979415
-5.433732
-1.855375
1.840117
4.181346
5.021976
-0.897810
12.145142
-4.287892
-3.370417
-0.881846
-1.969823
2.269605
1.998729
2.539556
1.037634
2.275574
5.753689
-1.778746
-0.523872
3.640185
-3.907776
1.892774
-5.592852
-5.059608
1.109983
4.158857
4.115240
7.888536
0.669093
-1.039806
3.986337
-4.674231
-2.679850
6.828436
-1.796872
-5.760211
4.090747
7.701033
2.784937
0.386565
-1.861173
1.204865
-9.104092
0.038492
0.515201
5.489412
-2.662167
5.782912
7.662473
-0.621728
2.956933
-4.058836
-5.918258
-1.906688
-4.394013
1.948376
-6.741586
3.462029
1.127622
1.395907
0.378906
-3.848049
1.330549
-3.788198
1.463799
4.112545
-0.109747
5.918905
-2.013794
-4.427410
8.296472
2.587780
4.160288
-2.683120
-4.253434
4.512203
5.752228
3.323458
3.050580
2.516094
5.476188
6.674965
-0.713553
8.255439
-4.641213
-3.701103
6.948391
5.547143
5.417491
-3.420328
-2.243779
-6.190672
4.165180
4.350780
2.720510
6.354852
7.933829
5.017221
-2.085240
0.178045
5.213011
-4.653137
2.672786
4.684198
3.379161
-0.710653
3.923151
-0.433372
0.489188
3.307009
-4.961714
-3.689587
3.034398
-2.973813
1.992827
0.713561
1.116643
4.752787
0.496337
1.649578
4.359725
0.370981
1.644530
6.125574
0.001420
0.726239
-3.187106
-0.648941
0.449025
3.114083
-6.013795
-3.942604
-0.143792
1.554642
4.347169
6.697447
-5.129046
3.384392
-1.857764
-2.286640
-0.384300
1.900679
-2.355108
1.293561
-3.586605
-1.525172
-2.019146
5.380514
3.619313
5.795426
-3.605891
-1.622075
-2.065033
-2.581032
5.278008
-6.090215
2.192938
-5.734789
4.234017
-1.972826
-5.819468
-2.802930
0.356162
-6.090310
3.721575
6.625377
-1.873023
3.730302
-1.854582
1.669546
-5.544914
1.047217
-2.187008
4.268321
-1.253039
0.884192
4.837051
-1.459573
1.698618
3.083014
1.434955
-0.275950
0.892814
-3.482073
2.328234
0.756335
3.525402
4.877576
-6.019638
-1.499965
-2.460115
-3.395112
-1.053876
5.510230
-3.381432
-5.193306
7.077818
-0.507029
5.610324
4.573418
0.135631
2.497586
-2.745649
1.524202
-1.977103
-6.865145
0.196950
-3.813611
2.244544
2.855576
0.586373
4.991644
-1.386726
2.739089
-3.834558
-0.107975
1.747694
-5.184434
4.822909
2.910195
-1.351278
-5.207594
-2.686928
-1.292280
4.555368
-1.329332
-2.515684
-3.591819
-0.329565
-3.502654
-4.451893
-8.081280
0.484553
1.074457
6.072180
-5.649928
4.445942
-3.478561
1.864138
5.500512
1.346830
-5.577936
-4.340851
1.534734
-1.212014
5.921761
4.654002
4.784785
-4.287721
-4.087974
-1.665104
3.433259
3.513972
1.696482
-10.996660
-3.680018
1.949213
5.997803
-10.134367
1.634205
0.387939
-2.659129
-7.030693
-6.438504
0.662280
-4.887768
0.664975
0.131715
-2.322658
-1.221082
0.941750
-3.295627
0.631393
1.374643
-10.276854
7.350073
-6.228532
-4.318495
-6.169825
4.618768
3.129557
4.154772
2.655901
-0.917093
-3.337965
-2.424298
1.883437
-1.135346
-3.857849
-5.308869
-0.903266
3.542913
3.038217
-4.624658
3.848103
2.468047
-1.048387
5.126299
4.162181
-1.636418
3.001549
2.750519
-5.166318
1.932421
4.798699
2.475630
1.531039
1.538094
3.476708
3.413401
6.320156
-6.816746
-1.319708
0.263410
-3.713322
-1.285671
-7.711605
0.726553
1.715660
0.444682
-0.990714
-1.018016
4.613756
-1.262819
-5.744584
0.303285
-5.741538
1.812643
1.840462
-2.969731
-2.205950
1.840554
-6.897350
5.843783
-4.120157
7.741723
1.184005
0.297537
2.548994
-2.918623
0.934741
3.427183
-0.847839
-3.982747
-0.264707
4.592680
6.671863
1.636328
2.572005
2.608032
-1.213819
1.791665
3.405486
3.915410
-2.055448
-2.512209
-5.559334
6.058988
-0.377277
1.626187
7.840486
1.081159
-1.750795
2.669391
0.526594
-5.302067
1.705365
1.399842
2.220234
-3.508034
4.283914
-3.146118
0.322246
0.375046
6.423805
-8.046965
0.800393
-1.875252
3.430341
4.041104
-4.717422
-0.604033
-9.692489
-1.999700
4.070066
6.749293
-6.964636
0.910197
-3.003336
1.407411
-1.174497
-1.344885
4.018845
-4.461409
-2.765367
-3.907501
-1.148290
-0.112104
2.340338
-3.546384
-5.048393
-5.529890
-3.588563
3.445419
-1.578414
-0.987421
1.645097
2.424232
7.534064
1.473078
-6.549723
2.437468
-3.830411
-1.077907
2.260715
-3.041447
-9.193712
4.222311
0.338947
2.750734
5.971314
-1.081860
3.349443
5.774062
-2.474061
5.768536
-4.258653
2.959224
4.660038
-1.152157
-3.430487
4.497068
-4.408365
3.183936
1.815656
-5.549691
2.126738
-3.220748
3.459058
-6.227942
-2.233804
3.507195
2.297562
-9.658492
3.439740
2.500128
-0.694887
6.787132
-6.093848
2.039839
1.183910
-8.870848
-1.556030
1.420503
-0.163393
-4.909238
-4.939824
-4.420727
-0.129160
-3.298648
0.463441
6.981447
1.358466
1.306206
1.079832
0.739621
-1.569654
0.482085
7.949716
3.880681
4.369174
-0.186974
3.290954
-2.988320
3.529379
-1.851472
-3.944789
-0.056986
-4.150684
-0.217063
-5.763878
-5.360122
-3.120141
3.796116
-0.126092
0.596333
-5.059608
6.507734
3.348621
0.149346
3.846826
-3.975554
2.586137
-8.119727
-5.043061
-4.495162
-1.802349
1.382967
0.819137
1.517028
-4.592335
1.621888
3.322015
-3.624502
2.683483
-0.412617
-4.374878
-1.526683
-1.589255
-2.954434
-8.208760
-0.239230
2.465162
-5.158650
-2.761638
-3.750814
2.121210
2.501123
-9.723482
-0.037039
-5.429971
6.599113
-0.819575
2.835273
0.446101
3.571835
-4.307938
1.087301
3.688076
0.058710
4.026557
-2.630276
-3.374833
-6.335384
2.119098
-2.416009
2.407532
1.170406
7.852777
7.106930
-2.985799
-4.782956
-1.151156
-2.025996
1.805106
-4.275688
-0.594676
-4.405932
-3.951753
-2.223472
1.281472
-1.970873
-0.459296
-3.065789
3.502851
-0.000692
-5.083190
-3.516210
1.125926
-7.804444
-1.696125
2.554486
0.148303
8.376149
-3.011471
-1.693192
0.591006
-2.490235
-12.134177
1.039194
1.022447
9.664867
2.947172
-2.531825
-1.770468
0.303481
-1.703455
1.698308
-2.276565
1.399361
4.629391
0.489918
-0.911037
-1.883971
3.027066
3.764585
-1.609337
-0.500048
6.156411
-2.926187
0.064392
0.259613
0.743939
2.077399
2.825537
-1.562524
-7.629564
1.814378
-5.076972
3.114802
5.237388
-1.051304
1.776659
4.063720
1.410396
-0.328978
-0.852825
1.132581
-2.541586
-3.811428
-4.013727
3.469996
-5.333848
-1.351041
2.828502
1.604130
2.369376
2.188918
-3.707955
2.591810
-3.572586
3.003484
2.399197
2.347156
3.404972
4.781771
0.033839
-5.535096
-0.706875
3.538487
-0.340134
7.569326
-5.408787
2.976576
-0.923236
-1.751840
-1.522289
-4.465929
-0.792384
0.080289
-4.586005
2.848378
-5.830881
3.271221
7.682158
-3.394512
11.410724
-7.613382
-0.788090
3.569344
-0.254138
0.907496
4.190722
-4.045242
3.950069
-5.874519
-0.345008
-1.297888
0.422666
-2.100065
-0.754996
4.026814
-2.439087
-8.074027
-0.154923
0.502402
-2.739214
0.522836
-5.115129
-6.420993
5.524532
-2.930144
-0.443025
4.583141
3.598474
1.929928
5.039676
5.191098
-3.109207
2.229295
5.132847
0.208822
-4.014363
0.592571
1.055368
1.362238
8.940339
-4.162626
5.495046
2.075280
2.808887
-4.644845
-1.454084
4.164753
4.644069
2.845552
-6.958114
-3.207986
-5.244802
-8.301569
-5.329195
2.038222
3.521194
4.428823
-1.711230
-0.750533
0.106422
-1.096754
0.519047
-7.084359
4.371105
-3.420802
-1.845845
-4.837368
4.480453
0.636210
-2.735909
0.297792
6.630474
1.550460
5.721802
-3.073646
3.484283
5.375411
-7.102100
5.473574
1.692524
1.232831
4.679976
-2.476598
1.511171
1.260937
0.862846
0.317626
-0.521357
-4.315009
1.296365
4.466565
-6.189873
-2.906992
4.836720
8.975368
-4.948174
5.741040
1.511998
-0.604066
5.518190
-5.752347
7.318496
-4.380459
-2.734526
6.824484
-0.785956
-6.749424
3.723273
-2.262095
-1.306025
0.835384
7.501303
-11.356316
8.865839
-6.503799
8.313007
2.079022
3.585192
7.214230
-5.002663
0.797831
-0.301952
7.372008
0.457210
-4.636355
0.746823
0.899243
4.693928
-10.503386
1.647918
-3.144666
-4.260520
-1.767475
-2.131642
3.378905
0.863277
2.604393
2.757881
-3.686649
-3.954398
2.907938
-2.713927
4.495728
-3.876033
-6.451511
7.753358
-1.662344
-5.028135
-1.681996
-6.222425
-0.398904
2.091569
-3.999534
-9.026258
-1.167617
1.233501
0.152791
2.582267
-3.029287
5.662165
-0.165398
0.373329
2.603755
-2.010409
2.394055
3.749587
0.372461
-2.296459
7.860385
-6.887605
3.247998
-0.273313
2.520051
5.745476
1.466358
2.303889
3.107346
-3.993329
3.763544
-1.346945
0.362901
-4.694694
7.187846
-4.314418
0.945221
-1.694798
-4.901080
5.944998
-1.521502
-4.698581
-0.671296
-8.279671
3.036799
-3.457685
5.536976
-7.549011
-0.288060
-1.939989
-1.280971
-1.674193
3.145185
-4.046011
-2.507623
-5.030504
-9.981473
-1.809953
0.831498
0.497787
-0.189170
-3.265411
2.916817
5.355238
-0.169069
-2.150401
-3.879930
-4.844914
-5.271710
-4.431161
-0.509718
0.106005
-1.363495
-1.552376
-1.545763
-2.215963
-2.029520
-0.169419
3.674394
-4.400322
1.756629
-2.289035
-5.369542
-3.650946
-3.096029
2.898378
4.096490
3.170623
-3.419152
-1.982313
-2.313331
-5.548894
8.920552
1.519528
-3.848177
-3.934906
1.228313
-3.416270
-3.224630
2.140964
-0.803428
-2.254921
1.078084
4.756356
3.543316
-2.694633
1.513171
-3.283863
-3.486631
-6.518434
-7.681415
4.520113
-0.167652
3.367145
2.975851
2.725026
-5.748471
2.486359
1.465480
-3.494087
7.588947
4.349842
2.727861
-8.642562
-5.074980
1.349571
0.294682
-7.529274
8.992206
1.013632
4.371165
-0.399882
-5.182354
-4.526937
-4.022726
-1.587632
0.126062
-1.456689
-7.006555
-5.712027
-2.462512
-0.538205
-1.203277
-5.562236
2.299227
-1.397370
-3.475563
-4.103742
4.108945
0.379627
-3.310544
0.316159
-4.030960
-4.259166
-4.731881
3.064505
-4.157980
-4.478862
-4.245333
-1.906242
1.522553
0.530710
-4.045933
0.718124
-4.117909
-0.940496
-2.265068
1.272669
-6.736206
0.057676
1.124760
-5.657368
-1.945491
-3.456974
1.836771
3.815668
1.968407
0.929351
-3.710250
-0.155260
3.537209
1.667377
-3.308697
4.500208
-8.567936
1.014752
7.438904
-2.149445
-3.978849
5.145584
-2.491637
-3.840180
-6.660769
0.779049
1.790604
-3.820366
-0.245255
3.966287
2.973150
1.052608
-6.401193
-3.099528
-2.562095
2.552093
-2.355083
-0.538185
-3.180801
2.352567
1.303168
-0.710823
-5.299876
3.597365
-4.827594
-4.975012
-7.388307
-7.547347
3.715308
2.764638
-3.437493
0.657149
2.351213
3.436223
6.544522
-5.809693
0.806118
-2.100436
-3.015086
-8.544758
1.775102
-5.827712
-5.737194
5.781901
2.046415
-1.187029
3.621289
2.872182
9.862213
-1.997124
1.009020
7.713845
5.129524
-1.101602
4.596834
-2.143367
-1.456479
-2.779258
-2.496073
1.196625
-6.842797
0.304557
-0.730654
6.998678
-1.315588
-3.608562
-0.679649
5.278921
4.741598
3.853770
-3.891909
2.631589
5.486017
-7.159808
4.168232
-1.525472
6.182790
2.291598
-4.841896
-3.106356
-0.423010
-1.298577
3.347993
-2.437858
-0.436498
0.049833
1.074361
0.240031
0.671191
-5.744930
6.056005
-0.465242
6.293806
3.735278
-5.188648
-1.485628
0.608881
0.084614
-4.491385
-0.221672
11.164751
-1.256947
-4.715645
2.476426
-1.523568
1.263685
-2.652117
-2.738559
-5.124843
6.000761
2.908699
-5.782933
1.184474
-2.704313
-3.425928
4.533432
-9.242220
5.647581
-6.503310
-0.100447
3.446111
-3.113757
-1.883045
-0.272446
0.201288
-3.696775
-1.789642
-3.572494
-5.956024
-1.440265
2.675447
-3.550671
-6.581670
4.208005
-7.474319
4.190616
3.465772
2.925758
3.868768
-2.944323
-3.536849
-0.020248
4.256582
-0.212953
6.869263
5.427581
-5.144800
5.097058
-3.761848
-3.890737
6.635736
-7.271918
-6.747715
-5.539219
-0.528065
2.745731
6.948152
1.275688
2.856210
3.082079
-1.660028
-4.892535
4.390825
-2.875819
-6.839909
-3.091758
1.302760
-4.410275
4.375199
-0.567208
-6.840460
-1.936530
-0.573849
-9.414473
-3.373526
-9.116599
7.296646
0.285892
-1.395817
0.438924
1.536164
0.015909
1.002079
-0.440529
-1.768290
-1.442737
-2.637262
7.808165
2.254586
2.133689
-3.791089
3.959845
1.163603
-0.751680
-4.173556
2.182720
2.641656
-0.508035
-3.639900
-3.790596
-1.265251
3.232802
-4.124609
0.896727
-6.248934
-3.110006
1.734916
-0.808167
-9.543899
-0.606960
-5.094352
8.003492
-2.403336
-0.285888
-1.998699
-9.769773
-9.274517
-5.780168
-2.852072
3.443002
1.916167
4.578661
-2.075861
-10.034766
-0.940867
-2.833513
-6.526546
5.949821
-3.539851
11.597825
3.831540
3.441499
2.599685
4.294557
8.759240
-3.816122
-3.409502
3.528096
-3.907301
-7.015574
0.919853
-2.268344
4.882621
-1.213035
-2.600911
1.957770
5.951882
-3.043561
-8.277894
-2.796930
1.329709
1.776967
-6.742057
2.203117
0.147640
1.069067
-3.910955
4.637677
6.527570
-9.934259
4.488754
-3.954606
-10.493265
1.186713
1.299939
-7.671015
-2.935347
-1.925070
-2.271742
-1.616126
-3.714094
4.352566
-1.800060
5.139882
-4.807017
1.453985
3.341831
-3.220616
-3.220814
5.442382
3.186991
1.403160
6.993118
4.221274
-3.770610
0.889231
2.938518
3.337281
5.610430
0.542024
-3.283896
-4.145502
4.482742
3.361391
-1.018942
-0.745227
0.465856
1.573033
-2.021330
4.135372
4.017144
1.231785
5.511174
6.248596
-6.117037
0.289662
3.915849
-7.208130
0.480548
1.180114
-2.518325
4.931174
-3.151388
2.235305
-0.416667
-2.163975
5.335889
2.536830
0.928211
3.378980
-10.211158
-6.455224
2.957920
-2.043244
13.001258
-4.570587
-2.804110
4.345199
1.266390
-4.086372
-7.586009
3.277530
-4.962793
3.800120
-4.758650
0.706640
-1.272584
4.186860
1.766286
-1.135878
0.259587
0.537148
1.628304
7.947536
5.214241
0.501467
-2.008836
0.359347
-2.600621
2.632231
4.286582
-1.427432
-5.536805
0.397218
-3.803873
-0.990025
1.602304
-3.354840
2.067172
2.588253
-1.001590
0.192982
2.655020
2.173405
1.792235
0.980969
1.998269
-4.447926
-1.595413
0.811966
1.385321
-3.070623
5.352881
-3.240312
0.386879
5.554940
1.575843
2.140841
0.917811
2.001673
2.334286
-1.207487
2.721217
6.701557
3.580986
1.981723
2.271333
3.383069
-5.339267
-0.574195
3.633251
-3.585132
-4.033927
4.587173
0.719118
-2.978145
2.970976
-6.987193
0.552411
-3.740566
2.252222
-7.787930
-0.112045
-7.527617
-0.699064
-0.799165
-1.649633
-0.248646
4.151872
-1.378749
0.072019
-0.587140
-4.007394
-6.881123
-0.820177
1.580831
3.812320
-7.269715
-4.195697
4.530612
-3.941279
2.643732
-3.198543
0.974394
-0.115721
-1.414246
-3.918201
-3.349389
2.857877
-2.035347
5.614467
6.003541
3.122631
0.502742
-3.199337
-5.136143
-1.720564
3.084351
-3.484147
5.134953
-0.502487
-3.513846
6.585803
1.708065
2.504130
0.703359
1.509683
-0.008964
-9.519307
0.130430
7.198776
0.679248
-3.872800
-3.488555
3.150838
2.161308
-3.107854
6.772955
-6.438771
0.379912
1.623023
4.596010
0.694674
0.766155
-0.685817
1.505655
-0.499699
1.710804
-4.741998
-2.907010
2.619279
4.332014
-5.986768
-2.505567
-7.165175
5.902512
1.053451
-1.190450
-4.425928
-1.780488
-0.735913
6.239223
-6.536855
2.662125
-4.161286
-8.801177
-1.201838
0.547478
-0.382887
1.433966
-4.035434
-1.794155
3.166566
6.132222
-8.216039
7.309609
0.736576
-4.726429
-3.056026
0.580127
2.312628
-5.563375
-0.497345
1.653507
5.153808
6.134830
-3.193895
-3.742820
5.846132
-8.711370
-0.620274
6.421377
7.946282
0.496835
4.625028
-0.217287
-6.522398
-3.732432
2.173187
-4.148942
-5.376921
6.568660
-1.870629
-0.790056
5.550362
5.464294
1.004644
4.466350
5.088976
0.709593
1.539516
0.676950
-2.005298
-5.313355
2.433702
1.821256
-5.600752
1.363802
-0.439059
-6.162318
-1.908829
-6.352040
-3.491887
3.151010
6.477838
1.744594
-1.582853
0.719504
-5.235713
5.771801
0.701218
3.532303
2.788692
-3.824575
-2.374817
-1.724549
0.204338
-4.956644
3.862691
1.642654
2.800627
5.160354
-6.514011
-4.502079
3.563441
4.820010
1.684005
-2.935481
-4.337683
4.763947
-0.614332
-4.060323
-1.777678
5.605851
7.384133
-2.251685
3.489423
-1.999888
3.752316
-2.685514
-4.349224
-5.614175
-1.506878
1.277814
1.017302
3.984410
-0.777819
0.246684
1.149972
-5.107499
5.464489
4.096278
-5.125457
4.532433
-0.280142
-4.778009
-5.219043
1.343158
3.305050
5.694033
-6.578799
-1.759338
-2.991395
-2.293703
2.137780
0.104718
1.562450
3.275927
-0.770878
-9.614685
-1.842003
2.790748
-5.657087
4.375381
1.364417
-3.849125
1.577434
-3.565744
-0.493207
-3.856044
-2.404631
1.488368
-5.103743
1.934302
1.098128
3.836432
-0.611706
-2.119291
-0.105725
3.140243
-1.436121
-1.789854
5.103185
4.708034
2.676353
-3.419760
-3.204067
-6.209087
0.140189
1.697493
3.837324
-3.874982
-6.617226
-2.731497
-4.076016
2.283586
1.810548
-5.040716
5.266656
0.162053
-0.829556
-4.412176
3.366277
-4.983046
4.382024
-0.134735
-0.253472
5.002833
-3.442782
0.276770
2.116843
-3.100662
-1.159174
-0.313513
0.731530
-1.687749
-2.814408
5.347028
-0.500817
3.514456
5.227513
0.386149
-11.172168
-0.836690
-2.528027
4.263101
4.556889
-0.030023
0.740869
-1.837724
1.176742
4.789517
-0.984767
1.572209
-2.876683
11.132465
3.356547
5.397423
-8.616344
5.037039
3.651134
3.113798
0.993964
-3.207906
2.900698
2.651854
0.177454
0.479370
1.606471
-1.386985
0.670527
-1.098691
3.494862
2.545201
-12.787832
-0.259479
-2.484223
-2.086522
3.253893
-2.376504
4.755650
-0.835135
1.087442
1.466332
-6.352942
1.482313
-0.241484
5.724882
1.911625
-2.503108
0.667476
-4.750100
-3.557601
3.531147
2.004073
-1.386564
2.123717
0.016289
0.453034
-1.739450
-4.659937
-3.448925
0.698127
-3.500722
-4.371604
4.196783
-1.455770
-6.501193
4.674575
0.959852
-0.124848
1.534637
-2.346623
-3.945454
4.408417
-3.842075
-5.128517
-1.521924
-2.317580
-4.032260
2.090196
4.674981
1.108193
-1.058118
-1.808811
5.422804
-2.028905
-6.048241
-0.047004
5.376533
6.219015
0.272393
-1.039929
-4.141212
1.954725
4.640059
4.003588
5.642627
2.250278
-4.099020
1.219790
-5.289598
-3.961403
-3.080766
2.983917
-5.924988
-1.989382
-1.028706
-0.267667
-0.685785
1.661431
6.749514
-1.528826
3.481086
8.567613
6.139588
-3.886037
5.370915
1.208666
-2.737283
5.866945
-2.433899
7.786428
4.827765
-4.385573
3.763242
-0.040714
-0.477460
-2.133311
3.721796
8.519235
-4.765061
-3.893153
1.031675
5.007010
2.311857
2.254452
-3.766706
-7.933831
2.381149
4.466427
3.859645
1.094280
-5.929249
-2.997014
-5.996000
-6.564157
2.789981
5.560669
-9.773262
-7.717354
-0.212237
-4.851858
0.638310
-5.995265
-2.905704
-3.390058
-5.066448
-2.708491
1.964435
0.521438
-6.762542
-0.242139
0.523696
1.461421
1.755784
0.775699
-4.896491
-1.129817
-0.987388
-6.499222
8.237024
-4.333808
2.621530
4.048903
5.562510
-0.167133
0.402760
3.904552
-3.301486
0.885735
-0.136974
6.034912
2.435244
-5.739910
-3.302729
-4.201401
2.906597
-3.896420
2.403313
-3.775152
4.596643
7.397844
0.910606
3.340053
6.727479
-0.995975
-4.771491
-5.459787
4.483885
0.242255
-2.482110
-4.619519
5.254654
-0.827404
1.416393
-7.985090
-8.220456
-3.700284
-10.726316
0.426464
-2.190551
4.790792
-3.583518
1.520136
-8.980197
-4.476113
0.377384
-0.742850
-0.071455
-1.846553
5.239661
-4.832097
2.918600
6.889011
4.407001
-3.220284
4.129291
-0.267916
-2.098449
1.907443
-4.020189
-4.953214
-4.051212
-5.881129
3.322671
-4.127921
-2.615572
-4.176639
-15.086626
1.220330
-4.608585
-3.916955
-2.121912
4.960317
-0.443712
4.971142
-1.656426
2.671558
-1.765213
2.889952
-4.859699
5.645199
5.099870
4.278799
-4.564897
-1.453331
0.839249
9.068196
2.218229
-2.287313
0.117767
1.697663
-0.217805
-7.927245
-0.896964
2.369676
3.583553
-4.871763
8.510933
-1.794602
10.271806
-1.805031
8.240013
1.696865
-4.288717
-5.099017
4.272082
-1.238972
1.978896
-4.252198
2.408036
-6.616758
-1.811027
-0.286606
-4.909373
-4.981743
-3.531994
3.859046
-7.619252
2.596495
-2.678551
-2.094388
3.891979
3.608204
1.275433
-2.272640
-0.269684
-3.398107
-7.282995
2.747815
-3.139874
-2.357545
1.559694
-5.963420
1.393320
0.795607
-0.683274
-3.111179
3.651053
0.945058
-2.581242
2.233873
-5.415827
7.440344
0.371222
-5.221059
0.455360
5.160717
1.804811
4.129128
-2.712516
-0.547369
1.459373
-6.369982
-4.131860
-10.862051
2.447727
-2.964009
3.664117
-1.656390
-1.629996
4.857658
-0.538266
-1.961190
-3.502811
-5.056027
8.414307
2.815788
-1.438506
1.124256
1.664888
6.949519
-6.353984
1.177145
-4.262909
3.867970
1.326182
-2.476986
-1.757781
-6.848212
1.159369
-2.029106
4.837978
2.530825
0.904412
-6.175449
-8.269112
-2.302662
-6.967056
-4.496533
2.306555
-3.323782
3.600623
4.203032
4.462725
4.258928
5.607995
-3.831057
3.975587
2.241381
5.696985
2.146962
1.150059
0.033262
-5.177231
-5.710640
4.582652
-0.146201
-4.913764
5.363079
-4.588444
-0.943116
-1.646128
-1.106618
-2.639047
5.804997
-3.496055
4.297086
-1.907449
-0.541949
0.669661
5.463649
0.830037
3.531206
-3.832433
-3.025223
-6.743123
6.268400
10.194855
6.874631
6.593481
-5.697224
-1.482369
-2.355451
2.498575
-1.573271
0.760176
2.847984
0.793007
-6.958656
-3.247721
5.681869
-4.812639
-3.694729
1.248546
0.664847
0.027608
4.319516
0.478671
5.640362
-1.996114
-3.707947
4.843516
0.737289
-1.319386
2.643579
6.202563
-1.035577
-2.921758
4.886782
1.376719
-2.080055
0.763850
-2.481663
4.264258
2.046559
-5.476382
-2.617340
5.310351
-0.513117
0.277917
5.999368
6.574105
-0.389064
2.879070
0.468672
2.884106
-6.787117
-1.825748
1.603403
-2.665097
2.774889
-0.477841
-5.958375
-7.843991
-3.076415
5.047561
-0.128037
3.927478
4.933889
-3.537261
3.673649
1.054951
2.561869
-4.796237
-2.165500
3.582602
1.417756
1.045255
-0.673921
-1.766727
2.236265
-1.696455
-3.087212
2.452235
3.311899
-1.474928
4.113029
6.614239
-1.120207
0.149478
-3.699252
4.035511
-5.104859
-2.862618
1.522011
-3.822343
4.705323
-1.162573
-1.577763
4.496430
4.502920
4.898168
-0.871632
7.069863
2.638334
-3.796290
-1.650341
4.206215
-5.986557
3.463580
-3.290984
0.279876
-4.379398
-2.138366
0.244069
3.001382
-6.212380
-7.171288
2.048955
4.566410
1.596713
-3.037076
-3.727645
-2.886869
4.326184
-8.792965
-0.952585
-0.569025
-6.672079
-7.792531
4.640914
5.035265
-5.173159
-0.478929
-3.692941
0.218534
3.992003
2.400125
7.469526
-1.088720
-4.418374
6.762024
4.663166
4.547794
2.885916
-0.229180
-0.552079
0.560305
-0.278183
10.018004
-4.763297
3.684804
-7.086380
-0.353108
8.092699
-2.310569
-1.225223
4.428428
-7.242008
3.850580
1.457276
-1.083851
3.549345
-4.976414
3.907040
-0.376549
2.229824
-0.196809
-3.188680
5.802854
1.792222
1.648736
-3.737244
6.752185
0.684949
-4.165397
-6.916062
-1.820145
-2.076321
-10.675500
-0.050076
1.016731
6.811097
1.699496
-5.121559
2.179958
-3.570681
-3.436931
0.196322
-2.211215
-2.721099
3.041359
-3.310053
-3.449473
2.445063
-2.675755
9.660630
3.802673
-2.817687
8.460604
4.924315
-1.856917
-3.353116
2.186465
-0.047682
7.226877
-6.307372
-1.850119
-1.938401
-2.819767
-1.285306
-3.095641
-0.144270
-5.519850
-15.091132
1.074888
-4.723930
-0.127648
-6.105489
0.957007
-6.366230
0.468171
3.678706
-3.048473
-4.179486
2.034328
-3.561780
-4.812173
4.001789
1.274218
-2.606864
4.683235
-0.939945
0.281572
-3.397966
-3.517815
-1.735229
-3.507935
-0.576388
4.669034
13.652017
-4.635212
-2.306397
-4.665316
3.302963
1.821080
2.751954
1.981253
2.324083
-2.278096
9.763941
5.071881
1.463053
-0.488690
-6.261113
-1.077111
-5.339177
-4.219813
-2.401747
3.154948
3.100261
-4.783897
8.822259
-8.764198
1.452061
-8.067217
0.883244
-6.612616
2.831077
3.657907
-2.234655
4.722114
0.578393
1.515916
-3.694631
-0.970809
4.279272
4.194974
-4.471346
-0.795817
-5.700968
3.629479
-9.741937
-1.438984
2.734816
-3.539022
-3.208157
1.027135
-4.599431
-0.280008
-3.520889
6.261340
-3.348161
1.129237
-2.139769
-0.346999
6.871469
-0.768451
-2.502690
5.551205
-1.619379
1.787411
0.580440
1.813787
-2.268436
-5.519092
-7.679869
-4.325180
2.928157
3.368573
11.663988
-0.706039
-5.038621
-2.544261
3.552897
1.875768
-2.551008
-0.882722
0.827903
8.209060
-3.278318
-0.387772
5.174538
5.235190
0.121925
-0.363486
-2.045852
3.712938
1.432476
-4.600828
6.753996
-4.992029
4.314437
4.409988
-1.101904
-0.901848
3.692783
4.925958
-0.853927
-0.788931
3.308493
1.759533
-9.297318
-1.009753
9.801282
0.985624
7.140587
0.874283
7.648575
-8.154665
2.089646
5.676659
-5.715831
-1.863924
-4.238449
3.453777
-0.603347
-3.841198
1.854231
-0.086147
4.163497
-0.570650
-8.761627
1.770789
-5.974273
0.999782
-3.566931
3.447980
-7.479316
0.783512
-6.115494
3.883920
1.325534
1.651372
1.206965
1.158214
3.191299
1.103912
-0.481543
-0.826481
-1.936324
2.341989
-5.240299
-1.444160
0.137961
7.189893
6.689942
-2.384862
-5.225733
1.662104
5.086817
5.525552
-1.828942
6.100132
-2.589218
-3.922479
3.833933
6.852327
-2.041473
0.243314
4.117070
4.518405
5.424590
-3.420230
4.341705
4.005812
-4.575716
-2.996645
-4.478640
-0.243449
-4.163244
0.719312
-0.660926
-1.053571
2.375587
-2.340870
-0.405761
-2.094370
5.339501
0.642407
1.388689
0.528210
-1.171801
0.635106
-9.600124
1.159848
-1.244546
-1.524548
-3.377625
6.762283
-5.251248
5.636280
2.634273
3.098858
5.241472
2.140381
2.702036
3.223207
-5.211587
-4.538878
-8.612801
3.365397
1.683166
0.714185
0.200419
0.920464
5.671250
-3.087525
-2.747615
-1.223668
-3.240345
0.500582
5.851576
2.873316
4.102069
6.930377
1.158279
-1.774808
0.995331
-3.488854
2.285193
5.080159
2.791136
-2.230270
-2.113443
-1.979316
-0.971827
1.160707
-2.480048
-3.778311
-7.419980
-1.081471
4.619134
-3.444369
-1.886441
1.748852
-1.100227
-0.997891
1.392698
2.859229
-7.228010
-1.566873
-0.931302
-0.597842
-3.094445
-2.691407
0.573249
7.350660
-1.459004
0.980896
4.181241
4.091318
-1.760168
3.927173
2.840308
-2.763008
-7.007888
-5.082312
0.378551
1.643829
-2.303363
-4.967903
2.409991
-1.824011
6.331791
-3.343486
-1.463343
-1.544681
-2.711907
-3.420409
3.134113
1.823586
2.071527
-2.818278
-4.102239
-2.251760
4.329288
-3.700377
4.001603
-8.826955
-2.464984
4.545384
-8.840605
4.697309
-2.169295
-7.751523
0.768902
-4.152894
-3.137994
-4.846136
2.825097
2.124273
1.730872
-1.908501
0.943868
-5.720984
-3.929507
-3.000352
7.726347
1.662301
1.646726
1.108656
5.834530
0.075384
-2.772199
-1.018064
-0.379544
3.985034
-6.608917
-2.590688
1.578730
-2.041087
7.561679
-5.759749
4.700595
-1.565509
-0.415244
5.904081
-0.759590
5.834704
0.619868
-6.849011
0.478263
-3.213856
4.753889
0.901786
5.345282
4.108019
-3.002795
5.775344
-0.660435
2.552678
5.232544
1.790313
-5.093530
0.438282
3.787994
-2.571216
3.710606
-2.067180
1.069699
-1.967976
1.974595
-10.262520
-3.840683
-6.872798
-3.216963
-1.266265
3.871982
-2.648819
-0.844599
1.271534
-0.157426
0.494009
-2.620960
2.573897
-1.971654
0.264125
5.170098
-4.377216
6.066781
-3.585092
-3.885316
-1.900306
-2.047017
-0.553079
7.710506
2.421823
4.386795
-4.515431
4.247893
0.242220
2.805405
-2.330130
1.961567
5.018501
-4.530656
3.847554
-1.147333
1.777884
-4.169996
-3.377752
-3.455860
-0.881442
-1.048757
0.370450
5.102901
-3.208263
2.112173
-0.698532
1.043089
-2.373873
-4.807438
0.117925
2.048024
-2.590781
5.515711
-5.164174
4.318224
1.351916
-2.228650
1.668338
-1.681235
3.942276
-2.745109
-3.180792
-4.311508
-0.423777
0.384515
5.111634
-2.949025
-2.966288
4.817104
-3.452061
-3.475991
1.014220
2.488350
-1.977333
-2.914517
7.301525
-3.063863
2.642969
-4.555641
2.960885
2.197029
-6.840801
-5.595650
-3.483994
2.727054
4.359624
-3.865120
-2.729306
0.580013
2.350050
3.091248
-0.958455
0.733054
2.579784
-5.602937
-2.566450
3.358617
-3.682570
0.603775
2.382934
4.027758
-4.529747
-3.418422
-2.951324
2.460846
-4.249655
-7.322434
2.889720
-3.336291
3.809588
-4.738786
-6.373635
-1.394875
-2.841505
-5.646728
3.898860
3.318411
-5.687682
1.077855
-8.088743
-1.000574
-2.300054
-3.224167
2.075621
0.747560
-3.753158
-2.663237
4.605952
-3.524391
-1.077629
3.793604
3.345618
1.377337
-1.738918
-0.937386
-4.019757
-0.504209
2.179620
6.570973
1.156498
2.527118
3.009339
-3.652932
0.029820
-3.206075
-0.636246
2.629478
-3.078645
-8.393231
-3.062101
-3.000059
-0.258337
-1.041029
3.124408
6.265728
-2.892457
-1.332103
2.508350
-2.720635
-3.740656
-2.803859
-1.783014
1.021702
-3.426389
2.434725
-1.273625
4.430990
0.046750
0.241927
0.803876
-0.316909
1.021276
4.674794
-2.196774
-0.934913
-4.747630
-1.727880
-5.951969
3.138814
1.704610
2.425045
0.166927
0.317663
4.764618
0.073090
0.518857
-4.742935
-5.291640
-6.448760
5.831401
-1.261060
-2.948851
-2.918250
-1.678105
5.872735
-0.144625
0.948223
2.962317
0.290857
4.397529
2.630102
-0.957681
-3.854334
3.282635
0.601029
-4.658317
3.333835
-3.420534
-5.553216
-6.909633
-2.748989
3.775660
2.106539
-0.287120
7.311217
0.003186
-5.757829
-3.648410
2.352361
-8.301440
-7.875407
-2.769238
3.407080
2.679235
0.498143
0.369318
1.614776
-1.834656
2.444523
-6.743830
-1.360228
-0.734171
2.162743
0.034981
5.823731
1.011040
-5.503065
-1.575597
1.975131
0.435157
-8.362372
-6.903951
-5.817762
4.832712
-0.856701
-4.598161
-2.393919
-7.337302
-2.762837
-0.045690
3.637328
1.596024
-2.812131
-3.900237
-0.255498
3.288678
-4.952478
5.184824
-5.806843
3.408037
0.696549
0.545314
0.725692
-1.241612
4.835011
-3.478278
-4.985581
3.121173
-1.259344
-2.865266
-2.526425
-5.836391
6.379705
3.704696
0.498962
2.564615
-4.167176
-10.568726
1.478864
4.752778
-2.721540
-3.396780
-5.422393
-3.632222
-0.943305
2.579025
3.097013
4.070044
-7.963470
-6.665925
2.019251
-5.006067
6.554494
-1.734329
-2.157021
3.334490
-5.034939
-0.297512
-1.855359
-7.448973
-0.889360
5.849856
1.250756
-0.350180
-3.681004
-0.099785
4.068644
-2.274622
2.091015
2.343883
4.945089
-7.006657
2.396168
5.009097
-1.946317
-1.682150
-5.016337
3.302332
4.416708
5.065378
-1.874326
-6.910786
7.648172
-3.336213
-4.760645
-8.803190
-5.050496
-1.994777
2.621869
5.735405
-7.992033
-5.447253
2.588067
-4.506705
2.553054
-2.671096
-3.609405
0.331263
-3.320875
2.133790
-3.546111
-6.498932
-7.924093
-4.230499
1.026920
-2.929775
-3.102329
3.261031
-5.397717
0.254710
3.316750
3.813651
-2.086990
-5.227954
-0.773155
-2.590033
-5.370702
-5.710046
-0.547445
-4.904740
-2.615960
-3.081589
7.174698
5.210414
-3.431891
3.699823
5.370697
2.488531
-0.366611
-0.865614
0.425472
-1.711620
-1.643397
-4.406444
0.607139
-4.328875
2.832109
0.324072
-7.669169
-2.157253
-6.694577
-3.850587
5.323932
1.704230
-8.132628
-1.288799
0.804213
-6.173349
0.035816
2.916749
-0.503010
-4.147295
2.387816
3.080702
-2.971902
-3.247475
-3.617060
-2.233605
6.544565
1.918239
-3.253903
-2.473528
4.249321
6.913225
4.431711
-1.715992
4.266654
-1.032953
3.049073
-4.995363
-2.199568
-3.686071
-3.667863
-2.618473
-4.822384
-6.603747
-2.562432
-1.390376
-2.728559
-6.059422
-0.670636
5.380650
2.278039
-1.316347
0.611703
-2.369468
1.406624
-3.295487
-1.643086
-3.537809
4.211225
-0.490867
-2.153425
-0.347610
1.045533
-1.672383
0.051348
-8.300372
2.439764
-2.827848
-1.069906
-7.004979
0.226367
4.653962
-3.520098
-2.029220
2.852562
1.577412
-5.570122
-5.299634
2.558378
3.493017
-3.339570
-2.807934
-2.530007
-5.874015
-2.064859
4.449258
4.511482
-4.525957
0.879184
-5.777845
0.559412
1.069190
-6.422963
2.189972
1.284964
-2.857030
2.375368
-6.615048
-3.358376
-3.446619
3.917162
3.308117
-5.358983
-0.772253
-3.832119
3.369578
-4.020506
6.114544
5.388352
-1.197669
-2.623093
2.445009
0.757298
-7.847128
-1.537706
0.085366
-1.087978
-0.278816
6.952104
2.353005
-2.665237
-4.202803
-2.020876
-2.233078
1.082067
-1.742658
-1.933141
-6.337300
3.569592
1.730334
-7.654592
6.668879
4.536296
-3.890768
2.967412
2.986991
0.269064
-2.137188
-6.886759
-5.500355
-4.024035
-2.931632
2.652957
1.474103
0.196892
0.885975
-2.543571
1.430886
4.183197
1.001628
4.020467
-1.304579
0.057950
2.276862
-2.577128
2.995285
-1.140505
-1.363505
-4.900601
0.291883
6.537513
2.746556
-0.946377
0.019610
2.385607
-2.320992
-2.256511
2.301780
-4.083320
-0.929435
5.639703
-11.217941
-4.527530
5.647346
5.422066
-1.864403
1.130162
1.420558
6.023078
-0.366163
-3.582489
2.558948
1.087629
2.229973
3.006017
-2.550825
4.033517
-6.075344
0.055127
-4.479617
4.395106
2.813962
3.908738
-7.193805
-6.778881
-1.416188
-7.447521
-3.717919
-1.683424
3.728544
1.175065
-3.413244
-2.211159
5.215358
2.013880
6.261475
-6.892045
-3.718712
-3.165442
1.725119
3.569670
-0.216064
1.325752
3.497441
0.509252
-0.115130
0.833054
-0.367656
-5.078979
1.015559
-3.556935
-0.634096
-2.592313
-4.736818
2.673544
4.862868
0.078531
3.059947
-1.831176
1.344545
0.671575
-1.138294
1.850824
-1.482804
6.233576
-0.674068
5.555162
2.152219
2.362435
3.644249
3.281949
-6.437698
1.125845
-1.895918
0.189527
-0.230196
4.039406
-2.459100
1.784238
-3.913384
-3.143227
4.279463
5.894728
4.508230
0.849365
-11.224219
-1.049343
-0.067663
0.439677
4.771595
1.367090
-0.343560
-1.220464
0.707197
1.686289
-2.070057
4.523852
6.932371
2.693246
-2.164717
-3.003095
5.035398
0.507058
4.494941
4.059885
3.256659
-2.267274
0.893614
6.191576
1.155813
5.714608
0.185339
-4.933851
-0.116623
-3.456024
3.012541
0.829069
0.548354
3.389020
1.821887
-2.838364
-2.682503
4.286900
-2.429789
5.092451
1.812935
-3.653464
1.987611
-2.067164
-4.999463
4.069927
-1.840525
-0.645031
-1.982513
0.730534
-2.847956
0.731291
-2.297514
-5.155754
-3.272781
1.693205
-4.199893
-3.447789
-2.129539
3.300768
-1.433941
-4.412640
-3.812533
9.876096
-0.280711
-0.368778
-1.784888
0.530954
-0.858707
3.694072
-3.925836
-1.253759
1.219683
-4.373577
4.245056
1.719289
-5.516586
4.797197
5.762699
9.916570
-1.043017
-6.884431
5.891124
0.435030
2.257113
-0.733497
2.834359
3.741323
3.523715
3.721871
1.848500
-0.521040
4.468218
3.864500
8.056922
-3.187988
3.098777
-1.208163
3.397654
-5.228392
2.006129
-5.392706
4.242774
6.608936
-6.295397
7.107513
1.230870
-2.391759
2.351768
-3.072441
-4.189447
0.506030
-1.723393
-2.940898
3.967075
-5.684384
-3.067910
2.023342
-6.115157
-4.402804
0.887939
4.603403
-3.209325
-9.234437
3.684197
2.864867
-1.215268
2.887451
-6.924823
-5.388557
0.954203
-2.308778
-0.633302
1.110554
-4.965419
-1.959273
-2.468765
0.493430
0.050246
-1.652452
5.676758
-2.600562
9.576311
-0.772365
3.165297
-4.441161
5.860280
-3.989708
-2.583293
-2.749098
4.307806
-1.009668
0.286901
-2.354217
-5.377872
4.746111
5.265831
0.407698
-3.176001
-4.190802
-2.921410
5.062863
-11.274504
-4.871381
4.863961
-4.677294
0.217467
-1.909395
4.795139
-2.205924
4.073949
0.227510
-14.389124
-4.131416
1.714571
-5.618479
2.678178
3.195995
3.227536
-1.884008
4.909949
-1.087267
4.804523
-6.758213
-0.752126
-0.126955
-3.306079
10.754638
-2.069824
-0.946588
1.732885
-5.202869
-2.706123
-4.500547
1.283267
-6.423440
-4.481362
-9.247808
-0.789940
-2.495585
0.893531
-2.185155
6.214150
-5.749216
-5.300831
-1.180261
0.988951
4.953224
0.063143
-8.267979
3.158965
-2.222365
-1.659232
-1.722402
4.890156
-3.659591
-2.456580
-3.820799
2.516653
-1.025695
-0.925957
0.850075
1.865769
2.701962
2.537396
-2.102652
-1.478837
3.044255
6.442451
-3.537561
-0.453902
-3.637406
-4.311278
-4.810527
-2.936570
-2.971337
-4.747631
-1.663736
4.388006
-6.247113
6.311492
-0.744289
6.718009
-0.146629
-1.449268
-0.956430
-7.372837
-4.923625
-4.271569
-0.243658
-3.952644
-7.211126
-0.201478
-5.921588
-9.617578
-3.593521
3.368917
-7.422158
2.962652
-0.443673
4.503698
-2.192790
3.133860
4.100412
-1.196350
4.644747
0.321311
5.221970
4.140783
4.021280
-4.450171
-4.045278
3.030118
2.254396
0.214654
3.649685
4.508997
1.138834
1.284022
-0.793989
-2.825649
-0.939442
1.320333
4.820505
-1.752676
1.176133
-0.844078
3.063470
1.787104
7.320720
-7.060054
-4.756754
0.665984
1.220066
1.942398
-3.078787
-5.030499
-4.331525
8.510118
8.432798
-6.457342
-3.137306
-1.870087
-7.094797
6.460059
-1.669941
0.083225
-1.535529
-3.870422
-6.417182
1.501270
4.567330
2.905088
5.189623
1.758450
0.788417
1.009174
0.015043
-0.603520
-5.833832
-0.832303
4.550883
-0.672166
-0.956605
2.123996
4.760783
-9.260938
-2.879804
-3.753652
-1.850633
4.140261
2.942401
0.883831
5.898634
6.270669
2.722601
0.212815
2.012862
4.542102
2.979439
3.520408
4.761806
-2.373809
0.745831
1.231422
-1.323211
-3.799391
-0.740563
1.958965
8.459078
1.077775
-5.630666
0.203213
4.286410
0.766121
4.203856
4.631266
-2.446669
2.551124
1.639942
-3.046222
-6.396487
4.564909
-2.017626
-5.664681
-3.650308
0.229420
-5.778944
5.420014
-3.189126
1.015174
-3.911973
1.647610
2.195642
0.942018
3.109525
10.478451
1.332259
-1.536271
-3.738946
0.822016
2.180553
0.000878
3.105103
-2.325916
-0.074185
1.982150
-2.479083
-4.794006
-3.952420
2.387234
5.707141
-3.273967
3.526258
-0.709621
0.812857
-4.211563
-4.730217
10.146385
-0.267344
4.874642
1.200595
7.159805
8.027660
2.222572
-3.558809
1.900152
5.022471
4.512886
5.731441
3.303282
-1.036712
6.136052
-1.678844
8.988052
4.571302
-2.235035
0.922023
3.235818
-6.073940
4.224119
-0.685046
-3.457864
-2.210746
3.817426
-1.058932
0.714226
-0.047437
6.091653
2.638206
-0.229312
-0.049616
0.225996
-3.099308
2.885841
-0.799083
6.077665
1.261347
-2.314378
5.885691
7.549862
-1.266380
-3.232910
-4.744887
2.235074
-3.849284
0.888880
3.303424
6.414920
-3.542410
-8.403502
5.329906
4.925286
7.966828
-10.813013
-0.950506
5.422148
-2.061146
-4.437930
6.226682
-2.959269
-5.616541
0.288482
-9.748437
4.042243
2.642950
2.813479
-4.632885
0.121948
-2.487183
2.246579
2.973937
-1.617317
-2.879078
-1.848510
1.097493
4.246384
4.906886
-0.340795
3.917498
-3.188606
-4.720022
4.816944
-4.924580
-3.376617
5.467087
0.963920
1.974365
-1.928972
-7.700198
-2.679481
9.890738
-0.150232
6.494293
6.382571
4.090105
-5.933971
5.375784
3.001675
-1.551872
10.269764
4.488068
-0.325713
-1.286503
-6.644145
-1.230539
-4.851352
7.695532
-1.786466
6.578431
-3.107087
-7.744154
-6.990427
-2.843109
6.082885
-8.823452
5.967306
4.143039
2.532755
0.873632
-1.911309
-2.255498
3.101135
-6.134164
0.537638
4.850593
6.032447
0.514796
-3.099522
-0.333328
-2.762645
1.022267
0.130338
-0.341316
0.793953
4.436938
-0.705628
-4.486525
-2.847901
-8.302632
-1.332816
7.827392
1.843384
2.052883
-4.549135
-3.728490
-0.740907
4.214642
-2.341165
-0.717099
0.963961
-0.840596
-6.967288
-3.677016
3.798401
5.901556
-8.968009
5.222704
0.239115
0.878957
3.207471
-3.561722
5.814928
-4.537498
-1.736292
6.788391
-3.218925
0.803567
4.037606
4.056406
4.612575
6.461738
0.073765
-1.821916
-4.810016
6.343590
1.583958
4.541904
1.104550
-6.768283
3.585043
-6.454267
5.206799
0.028135
2.193551
-2.427433
2.901365
-0.973673
6.703982
-2.059143
1.715703
2.643887
-3.232596
-6.120744
4.831453
0.973896
0.116556
-3.669942
-1.865117
1.599293
3.824043
3.617751
-5.506868
-4.522641
-2.320662
-5.041026
-4.398040
-0.474315
-3.014017
-1.374290
-1.560157
-2.359196
3.940891
-5.237167
-1.213444
4.184735
-1.348408
2.848331
2.765258
5.726151
-7.285408
-3.706930
1.074758
-7.122561
2.985736
2.905167
0.054676
1.680428
2.082563
-2.070691
0.601201
1.712171
4.708265
-0.522894
1.768507
-7.216640
1.255958
-5.058718
-2.328325
-5.174035
-6.172539
-6.693298
2.178322
0.981616
5.037804
-4.525255
-3.404206
0.669854
0.523512
8.194820
-0.326054
-1.336549
6.759525
0.914886
4.701871
1.653078
2.803156
-3.875814
0.882293
-2.857590
2.602148
-0.319625
-2.451342
5.434178
2.755668
-3.239697
-5.870621
-4.343887
2.978667
-2.163513
4.297067
4.264099
-0.366547
-3.232020
-6.678291
3.834708
-1.380121
-6.213246
-4.246332
-1.281293
1.510583
-2.158388
-2.675108
-9.279196
-6.778552
-1.586966
-6.046907
-7.713723
-0.148871
-5.896006
7.486615
-5.005343
7.383295
-0.204250
1.792711
4.123004
-0.440394
-6.935595
-4.049049
-1.262850
-2.036533
0.565039
3.693503
-3.346127
0.159015
-0.259172
-3.108715
5.357982
-5.235914
0.842301
6.868493
0.959505
3.930247
-2.728146
3.500571
3.424680
-5.151891
-4.496392
2.196154
-0.457162
-4.474791
-0.182034
-3.755980
1.819332
0.641294
-3.771194
3.528716
-1.467026
-7.110012
-0.783848
-1.064842
6.373443
2.725875
1.476685
-6.444304
8.774714
-2.803299
0.937395
-0.784284
-7.077007
-7.209121
4.925832
-5.160328
2.247601
-3.677921
-2.872086
-1.840644
7.280658
-0.291713
-1.781127
-4.080648
4.113426
-7.090304
5.375377
-5.468273
-1.713891
-1.575047
2.585775
5.719069
-4.008092
1.383071
-4.676669
2.400903
-8.255625
2.368822
1.488995
1.230722
-1.063283
-4.923852
-2.497220
-1.556536
1.158134
-1.798082
-0.997098
2.659975
-2.492831
1.931429
0.804541
-0.497587
-6.503873
-8.236416
1.454019
-7.161075
-2.954969
-6.303056
-1.297294
-7.155626
2.158122
-1.339053
-3.176104
-2.820652
3.000760
-1.302110
-0.215756
0.087450
-3.692585
-4.088811
3.471703
-3.037386
-6.914101
-6.424366
-1.259893
2.955506
5.193098
-2.276241
-3.376930
-2.880149
-1.041577
-6.813971
2.075592
0.786159
1.291674
-6.791322
1.846620
0.701929
-9.428507
-1.278260
-0.681142
-4.706460
-5.068851
1.076784
-8.620852
0.193441
0.242994
0.801487
-5.625180
1.794404
1.238124
-2.859933
3.250209
-5.386340
-0.280758
-4.594974
1.655202
2.341729
-3.815881
5.357016
5.352481
-5.364233
4.623102
2.701903
0.245848
-4.657368
-4.152084
3.678395
2.591830
2.164129
1.073668
-2.289110
-7.718476
4.595038
4.484812
-2.234954
5.786865
-0.282629
1.027613
0.597835
-0.254140
0.578803
-1.883098
2.003014
1.778862
4.353432
1.284946
4.224065
3.184339
-3.623280
7.361778
2.106787
-7.853757
4.511677
4.655427
-2.548418
0.268142
0.251545
4.914309
0.725255
5.419164
5.724166
-3.149973
-3.067078
-3.424556
-2.610224
-3.542145
-2.728229
-2.623884
-2.093237
-2.772032
1.213780
6.970507
0.337336
-3.122790
-5.288680
-5.443183
-0.345138
-4.105020
-8.357089
0.501919
3.627599
-7.428116
-8.045138
-3.177820
0.606783
-1.863169
-4.006962
3.524648
0.460922
3.727172
2.885231
-1.682284
8.834609
2.953638
1.735389
-1.519681
7.316355
-2.227207
5.567889
3.482210
6.237748
-2.583485
-2.779660
4.553174
0.597901
1.757637
-6.615137
-0.542574
4.428417
3.332952
-1.226628
-2.865803
-0.584635
3.987087
-3.729491
-2.570568
-2.604576
0.603038
-1.820499
0.522532
-5.096347
0.744399
-8.590140
-3.463958
3.910637
-7.093842
-6.503839
-4.192705
-1.375835
5.136661
3.338579
6.371337
-1.303715
1.946208
0.417968
-1.482198
-0.645443
-2.097917
-1.280414
-5.901340
-0.916490
7.637759
-3.129294
0.862934
-0.688936
-6.217871
-0.281584
4.888972
0.627940
-1.673550
0.898471
-0.443940
-3.646780
-3.571709
0.090808
0.060529
0.533983
4.540009
1.749097
-6.580230
-2.590446
3.486073
-2.149712
-0.723416
-3.211573
-8.812256
4.726634
3.569337
-2.501622
2.612362
-0.046628
0.193551
-2.096984
-8.811016
-4.570860
0.445274
5.371336
5.547275
-0.149661
0.580278
0.088126
2.645327
-3.428202
-5.455985
1.934021
3.142792
-0.864416
-5.403470
-6.636528
0.881187
3.224887
0.362807
-6.112531
-4.768596
-3.250432
-2.072505
-1.963687
6.638385
0.864169
1.003767
6.128954
6.719748
-5.953838
3.282153
-6.803153
3.018640
-2.733621
-4.258239
-7.115312
3.489038
5.364924
-1.904557
4.617762
-1.766030
-2.427603
-4.840557
1.677069
-0.835071
-3.788325
-2.884976
-4.084267
3.460147
0.283757
4.835565
1.777068
-1.511631
-0.193024
3.064847
-3.600955
-3.288748
3.764431
-5.951694
-2.785647
-4.500926
6.405217
4.296318
4.213512
0.204880
2.806848
7.694257
-9.726389
0.979409
4.152315
0.629544
-3.500761
3.865328
3.990292
5.845375
-1.618480
-0.497516
4.132601
8.256529
5.023996
-2.711799
-2.233728
0.693721
2.244983
0.223960
6.491347
2.981362
0.044150
7.061333
0.753191
-2.625459
-1.407946
-1.193995
8.566655
-0.186750
0.444620
0.828626
0.895129
0.819771
1.121396
-1.051687
2.696818
-1.335158
5.664570
0.307262
2.659300
0.843457
-8.410616
3.205663
-1.316525
-1.406335
-8.585965
-4.699604
4.219731
3.743167
0.213410
-0.865395
-4.386419
1.069978
4.278659
6.990263
-4.047333
-5.521523
1.002192
-0.126200
4.028481
1.139317
0.398004
-2.814937
8.832866
-1.729606
0.694192
1.925172
3.076303
-2.683607
0.169932
-2.968422
-6.483095
3.047724
2.314211
7.171397
6.466106
-4.602492
2.706063
-0.054114
-2.010708
1.032321
-1.304232
-0.138547
6.704422
5.940382
-2.004051
3.624921
6.061902
-5.228477
1.663565
-4.819653
10.046811
6.418600
2.623642
-4.631918
-2.845682
5.528572
1.672083
-3.794686
1.584514
5.544483
-3.808821
-0.325694
-4.867062
-0.113830
1.713867
-5.760019
-0.395898
5.857378
0.363622
-2.976661
1.435621
-3.278221
0.331175
-1.962959
-4.189622
6.540875
0.495892
-5.565138
1.030677
1.226674
-2.259970
-4.940391
-3.800516
-0.234791
-2.617359
-0.458395
-2.273912
-6.704741
-3.184527
8.412559
-0.079143
5.485707
-0.789333
-2.104331
0.070521
-1.801081
-1.982302
-2.470424
3.524764
2.882941
1.934849
-0.068404
-0.791419
-0.246187
0.588229
-3.742983
-1.432742
-1.361155
0.671090
2.823977
4.033601
-5.953064
-3.808461
0.429382
-3.641360
-6.078357
-4.239853
6.605851
-4.667170
0.865360
1.394092
0.783845
2.655242
-4.392074
-7.595725
-1.897855
2.926755
1.125276
-1.590744
-2.596646
-3.953087
0.028448
0.146004
0.256100
-8.168697
-5.068696
2.800016
-3.875478
-1.478544
-4.737208
0.538856
2.037093
-2.014912
2.334125
-1.893920
-1.112623
-1.436476
-2.605278
2.428584
-10.713995
-4.499307
4.791643
5.304011
1.109351
3.670954
3.694870
-4.682831
-0.602471
-4.245900
-7.493323
-2.401704
-6.688760
-1.120907
8.356741
0.914415
1.483438
-7.604240
-0.892445
-1.098110
-2.335111
-0.486037
3.961989
-7.770669
-2.978184
2.920801
-2.787214
-3.752835
5.291540
1.719977
-1.902946
1.885178
0.989236
-5.965958
-0.005982
1.016866
-6.021761
0.999164
1.217414
0.982119
3.777883
-3.308153
-0.934794
-2.952283
-7.651734
-4.026392
-1.651853
-3.107573
-3.968062
-1.069134
1.327487
-0.851941
4.515459
-5.528929
-4.024342
-5.139892
5.088696
1.589017
-1.316161
1.802134
3.675865
6.493668
10.113172
-0.264064
1.678383
-2.293032
2.795869
-0.646372
2.000505
-1.661133
-6.915406
3.409664
0.041526
-1.458885
-0.022185
-2.745131
5.428263
4.120566
0.053643
6.268851
-0.594424
5.154668
-3.097189
-6.440432
0.775343
0.012634
3.385803
7.174840
1.186958
-3.831555
5.206371
5.492160
3.097660
1.014313
-6.228053
-0.443098
-7.792453
3.040312
-0.578393
-2.429807
-0.626883
2.936177
-0.569263
4.711463
2.725271
-2.355408
-2.957479
4.351998
2.090233
4.185166
2.629107
9.887152
-6.153591
2.877209
-3.885772
-0.749375
4.950938
-0.522212
4.936497
-1.938702
-3.729612
-4.355894
2.274325
-1.512380
3.550432
-1.318682
6.403959
-3.834160
-2.843788
1.711618
4.376364
1.278248
-3.922391
0.986626
-3.139884
3.529842
4.925801
-6.472875
2.097166
-0.483654
-0.580579
-0.890674
-7.890257
-0.134811
0.090105
-4.730911
0.969771
1.863937
-4.021803
-2.132042
-2.301201
9.650024
4.888950
-0.133244
5.172720
4.150046
2.508229
-2.710840
3.118296
3.889019
4.931945
-2.341210
0.998902
-2.485884
-1.339094
-3.334628
0.213445
0.002524
-2.072045
0.583054
-3.686579
-1.911934
5.906372
-3.858751
-5.424004
-2.090103
0.751790
1.870185
-0.862378
2.925776
5.732565
-2.480309
-0.144772
3.024529
-3.347813
3.210142
1.244549
3.923643
-3.681134
7.857872
4.844172
-0.058393
-1.549739
1.230796
-4.628342
-9.471130
3.358148
0.859164
-4.483871
2.685107
-2.546723
5.971622
1.883410
0.650785
0.263508
-7.637303
4.104159
-0.757938
-5.239845
-3.960169
-2.293897
-0.043853
-6.330282
4.076546
1.079787
-2.339081
-1.981728
3.412215
-7.359809
6.162183
-2.829506
2.214104
2.700136
-3.961907
-3.848945
2.317799
-4.027424
-8.346588
-4.108465
0.745430
3.548129
2.161084
4.435955
0.810150
-6.211335
-2.584260
3.888994
2.362893
-4.487924
-3.469104
2.978800
-2.144715
-4.365890
3.947630
1.968285
2.996991
-1.660447
-2.610054
1.344399
3.219324
1.499653
-4.847661
2.154244
-4.679241
-3.158848
-1.897469
2.352946
-1.584471
2.678568
3.764780
6.918449
2.517666
5.983050
0.816921
-0.485046
-10.437041
3.499348
0.302367
3.416255
0.796196
-5.278917
8.014052
-8.531683
-5.817472
-4.486789
2.338364
0.466031
-8.529851
-2.864496
-4.269223
6.509214
-0.114898
-4.260187
-0.935730
9.775625
3.927202
-3.452105
-3.910579
-0.529110
-3.221689
-5.019219
3.846591
2.496365
2.038179
2.825036
4.536862
-0.035272
-2.357801
5.523911
1.544917
3.877770
9.551204
5.216722
-1.122998
-0.130779
-2.825964
5.806594
-0.657097
-4.192813
-4.854116
-0.292965
3.420635
-3.325473
2.446419
-5.707504
-3.939179
-9.739334
2.239650
0.968685
-3.520780
-5.549274
-1.659581
-4.634958
-5.306717
0.545743
3.056830
1.749031
-0.885762
-4.907504
-4.083337
3.179132
3.616343
-4.411747
2.604432
1.865801
-4.760592
-0.320986
-2.772131
4.597569
-1.412106
-0.657488
5.685523
-2.080583
6.457656
5.864452
-2.685199
2.582121
1.887458
-5.335404
4.611919
0.288992
4.144309
-6.950367
4.251441
-1.694106
4.998516
4.733855
4.020421
5.236846
-0.675219
-2.480853
-2.880774
5.410770
5.019549
0.363783
7.892071
2.009712
-1.641801
1.920652
5.125299
-4.484874
-6.363654
-2.298330
-1.062637
-0.948884
3.396728
-1.567717
-1.747975
6.798836
-3.215915
-0.981262
-0.999195
-2.621196
-2.365479
-8.723319
4.004914
-0.260750
-7.915997
-2.828499
-1.353405
-0.749658
3.431404
-0.390121
1.601117
-3.359314
3.123065
1.594535
-2.434361
-4.038097
1.371242
6.069591
0.437038
0.525167
-2.157959
0.443393
-1.430551
-2.725735
2.042692
3.983768
-3.676067
0.391029
-0.808217
-6.798850
-0.280123
2.063079
2.253816
3.686967
5.999254
0.168528
2.193318
2.538793
5.815078
4.301839
5.390732
-2.569315
-0.519434
-8.129272
2.510458
2.153247
3.771205
-3.490090
-1.132897
-2.949432
-3.786312
2.401521
-4.491367
-0.514088
0.486328
-5.041668
-1.076257
-2.310999
-0.368345
2.134984
1.792532
-3.001611
4.928689
0.450048
-1.640619
0.102636
1.554785
-3.692091
0.024744
-0.243241
-3.450422
5.588749
-1.074606
0.997996
4.446337
2.224861
0.362083
-2.984323
2.391122
2.981923
1.841749
-6.854962
4.758188
-3.670472
-2.008678
-4.173897
1.151020
1.019836
-3.383341
2.101021
3.168107
2.309185
-5.290371
-0.832934
-1.878113
-1.355926
4.270708
3.308412
-0.273071
3.135031
-8.293050
-6.195732
0.229243
-0.889610
-0.879237
-0.351664
-1.617122
1.097899
7.542982
8.525583
-3.977436
-2.242772
-0.442747
8.773303
-6.123518
-4.989374
-2.348746
-1.038992
1.299716
-1.877257
3.181414
6.817043
-0.636410
1.429965
-2.436880
-0.632624
-5.753528
-3.282174
-2.034347
-12.553014
-1.407419
4.955452
1.839212
2.404653
1.791259
0.258510
-6.697545
2.099292
-5.830529
-0.653888
2.472434
6.089417
-5.759584
-5.027494
-5.090369
3.178054
0.667278
2.380654
2.217954
2.662530
-2.106243
2.834547
-0.161099
-8.493649
1.717115
-6.996548
0.211076
-0.310393
1.139959
-3.197866
3.359644
6.812482
-3.068173
-2.702606
4.329491
-2.796978
3.012814
-4.478153
2.582424
-0.570477
6.591673
4.041375
-0.719744
-1.571944
4.963368
0.326339
-1.423415
0.733548
-1.025529
-1.249361
-0.044717
-0.743695
0.278555
2.956791
-0.042974
-0.068621
-0.184812
0.929566
0.540875
2.789931
4.677144
5.651353
-0.947823
1.853209
0.578066
5.356914
1.049054
-6.064951
-3.034207
-2.293215
-4.721762
-2.123358
3.442677
0.287639
-2.943307
-4.349164
-1.133758
-2.411137
-6.539984
7.045050
-2.672809
0.481310
-3.444743
0.156186
-0.677849
-3.277814
3.396039
-3.847637
-1.975363
-6.188264
5.287604
2.846824
5.824559
3.352457
-4.383677
7.872492
-2.058382
-0.024810
5.313107
0.333569
0.893120
-1.904165
-4.607313
-0.553128
-1.894511
3.528584
-0.806692
0.948577
-2.281640
0.493085
-4.701828
6.819262
-0.527758
-1.198578
-6.818835
2.187331
-0.743315
2.217439
4.860981
3.826463
-2.302029
-1.260006
-1.844381
-0.841149
2.079829
-3.977346
-5.864716
-1.288878
-3.068795
-6.592105
2.713022
6.039826
-1.514635
5.507600
-5.543139
1.119673
5.120159
-2.114383
-1.164505
-4.848386
3.698183
3.457080
-1.570534
-5.814143
2.554513
-0.662391
3.523464
-2.167915
-0.160891
-2.777992
-6.552842
4.755374
-3.972490
-6.079315
5.862189
6.849249
2.373372
-4.896782
2.013375
6.015961
6.922509
-3.580035
-6.231669
-0.696206
9.649085
0.926306
4.076371
0.285843
3.071772
4.925276
-0.861221
-4.535354
1.441415
3.403090
0.897151
2.649888
-2.050032
2.258615
0.736747
-5.162725
-7.326314
-2.458734
-3.806683
-0.169689
3.493022
-6.818335
-0.866125
1.430832
1.436943
-4.161592
-1.959460
5.080072
-1.699050
-2.072992
-2.094472
2.648482
3.674834
2.985024
-8.483363
2.406327
-4.104786
3.885675
-1.694315
2.334857
2.860196
1.465541
-2.766792
0.214811
2.356837
1.515323
1.824422
4.185987
3.151287
1.733842
-0.833698
1.714699
-4.796642
-3.009195
-0.769269
-3.288949
2.341347
4.514424
4.710248
8.034126
1.945875
-4.820126
-9.924834
-4.103301
-3.904963
-6.025893
9.799926
-0.604236
-5.021332
-2.278067
-1.832671
-2.555100
-3.922250
-1.932034
4.543460
5.328917
0.878108
-2.743742
-4.443525
1.285386
0.075156
2.909375
-1.682072
-0.054493
-4.430248
-1.965590
1.469986
0.792101
0.815659
0.739895
-2.166269
-0.958066
-3.849376
-1.431687
-4.272580
2.705024
-1.080949
0.642571
-2.962258
0.419715
1.400301
-3.942163
-2.696161
-2.019158
-3.754950
2.548297
-5.151249
3.785444
0.965009
-3.749109
-5.835493
1.290349
-5.263530
-2.408085
-6.223760
8.982295
-4.624569
-0.710154
0.713297
-0.916770
-3.822441
2.251632
3.877611
5.347775
-3.786359
-2.509640
-2.689309
2.114969
-5.895719
0.335162
5.182017
-1.572797
6.192245
0.145080
3.364367
4.419913
4.156211
-3.182019
-1.887336
2.166194
2.069984
5.699392
-4.760689
1.069865
-0.280173
-3.777996
-3.734226
0.927808
-1.016084
-3.776494
4.326958
3.612163
-4.658474
5.248799
1.615206
-1.382727
3.880561
-3.600633
1.192246
-1.266760
-4.156245
-3.940699
-5.372259
-1.332274
3.790002
3.574094
-3.165623
-0.208846
-4.777894
3.977270
-6.175005
1.622172
3.258583
1.738317
6.925984
-2.499971
3.046747
-5.974737
4.906938
0.982091
5.986262
-5.361422
-0.903999
2.864419
-2.452251
-7.458829
0.945938
1.736444
2.800595
3.264253
5.666160
-0.544051
3.073770
-6.491978
-1.544740
-1.163507
-2.508804
-6.288024
-1.801798
-2.095890
2.790565
0.316921
3.555583
-6.198096
-4.094647
-3.467209
-4.685152
4.047593
3.178383
-2.791823
-2.924128
-1.091183
5.974791
-4.955893
2.583111
-0.565715
1.185106
-0.509428
4.303279
-5.315555
-3.030085
-5.001389
0.999237
9.160120
-1.891343
-0.095268
-4.693472
0.508817
2.902083
-4.143030
1.811999
4.274669
3.840889
-4.356329
9.341016
1.695236
4.726193
1.949293
3.716833
0.917850
1.907876
-3.236558
-6.405802
-12.055596
-6.434979
1.403709
-2.438564
0.421299
1.933571
3.969774
1.989984
4.044526
-0.907725
-5.932055
1.064168
-4.754645
8.628253
-0.876541
-0.203788
3.521713
-1.297648
2.719020
2.920830
-1.935447
4.495027
4.691179
4.035134
-2.051478
-5.414512
-2.419837
1.927961
-3.946663
5.085531
-1.846596
-4.957527
2.695788
-2.874056
-1.732835
-6.997769
-8.723862
-1.625127
-3.165630
-3.163009
0.616239
3.598962
5.036534
2.645842
-0.050085
4.322148
-7.517452
2.422327
-0.834183
-2.220341
-4.351174
0.775760
1.073099
-12.454617
4.070020
-3.209571
-8.046933
-3.719981
0.434214
-0.270562
-2.381092
-1.066374
1.196153
-0.720909
0.046068
-0.672067
-1.737976
-8.061225
5.202269
-2.339962
-1.988832
-5.128488
1.351845
3.736147
-0.763096
-8.599264
1.456339
-2.930722
-4.042195
2.202214
-1.620316
2.029365
-0.851224
6.418056
-0.602641
-6.716795
-2.708205
1.483381
1.827758
-4.192460
5.855884
-0.403270
-4.547118
0.767308
-4.624446
1.785919
3.657206
-3.265779
1.303649
2.728216
1.505568
-1.289689
3.603744
3.901217
-0.067655
-1.031863
-1.750643
1.707183
5.592272
5.783452
4.684728
-3.106317
-3.743481
-3.180289
0.463405
-1.161428
3.138712
-0.283911
-4.094399
1.599271
-0.745202
-4.868309
2.363305
6.555231
2.193446
-3.822600
2.502736
-9.539098
5.738363
-1.702631
-4.184199
-1.047336
7.058010
2.075786
-6.408204
-7.426324
-2.939127
-4.870390
1.265126
-3.960178
4.002954
7.042572
0.219308
2.275428
1.089743
0.707675
9.695789
3.627723
1.640887
-1.564938
-1.075102
-5.059119
-5.189731
1.687449
-4.994252
0.605236
-4.029637
3.177180
-0.058871
-3.196168
-4.533267
-0.772826
1.623005
-6.822876
-5.337741
7.967628
3.455179
-5.291534
-3.269786
3.205261
-1.155626
1.729547
-5.627366
-1.883786
-1.651368
-1.784914
-4.117237
-3.024908
0.777041
-1.970404
2.490747
-7.418110
2.311484
1.269902
-7.389092
-3.121125
2.227584
-3.014484
-3.481685
1.669360
0.441135
6.661982
-0.028672
1.310416
6.722693
5.136748
-1.183504
-6.145320
-1.430683
2.858612
3.376608
0.794666
3.372351
3.453723
2.057708
3.804316
-5.084932
-6.184204
-3.882512
-2.907957
0.817778
2.864061
-1.454234
-1.609399
-2.373965
-0.690468
2.441536
-3.119075
-7.076458
4.057269
-3.746167
-2.961776
-1.198250
-3.882843
-5.138103
-2.105672
3.170908
0.358358
1.717129
4.229664
7.362253
1.801046
-10.998627
1.809240
3.310330
-6.693704
-4.365859
1.424420
-5.914032
0.887739
-1.168294
4.701450
0.250664
4.108150
-5.482392
4.309082
5.102821
5.778952
-3.763320
2.310954
2.275471
-6.844139
-4.507820
5.924154
1.755497
6.863415
-3.045660
-1.247218
-1.191604
0.839712
6.647807
-1.619761
0.521993
1.603344
-4.608237
1.169671
-5.766528
1.331452
-9.032246
-5.069839
5.671505
3.220019
-1.307161
0.214624
-3.634705
-2.108006
-6.746786
-4.263945
-6.510167
-0.121176
3.037379
0.547310
-2.604447
-1.071058
7.712488
-4.373079
4.003309
6.926392
-0.428391
4.458064
-4.468000
-1.267691
-3.936517
6.826143
-2.552581
1.051898
-0.866320
-2.897875
-9.035829
-3.183404
-6.921418
-3.570391
5.512054
0.729970
4.172802
0.312123
0.149233
-2.516001
4.108701
0.090450
-0.015799
1.442850
0.502168
1.071191
3.728314
1.581453
-2.935462
-1.059333
-1.798955
-0.438012
-2.988048
-3.121527
-4.403495
-0.477497
-5.347795
-2.324360
-0.477073
-3.933774
4.044169
-5.746572
2.301265
1.619785
-2.597537
5.120539
-1.121570
-9.701416
4.896587
-6.664340
-6.339163
-5.046603
-1.946075
1.814621
-0.137473
0.606901
3.024644
0.516704
-4.709290
-4.891112
4.169813
-1.876236
2.744560
0.351464
-1.624573
2.150065
-3.462790
4.105857
-5.890780
-2.463717
3.217669
-1.087523
-4.815474
3.206833
-2.091192
-0.548431
5.301105
-1.539078
-6.930213
4.756369
0.792651
-3.745221
4.923138
2.616141
-3.060407
2.468159
-1.529596
-1.679013
0.015541
5.822445
2.860172
3.211642
-2.417401
3.064248
-0.554526
-3.212366
1.410750
1.330397
6.168790
3.111581
-5.230375
0.112253
0.656087
5.264127
-4.943627
-1.370273
-1.059146
2.250097
1.930389
-3.097119
2.188868
3.324583
-5.449146
0.502913
3.769919
-5.828839
0.896553
-5.224113
-5.709567
-6.214284
1.979341
3.718325
-1.524382
4.193717
2.049677
4.646228
-2.592061
4.378162
-5.038629
3.589758
-4.476622
1.938840
-6.599713
-6.293636
-7.613369
4.387783
-3.726149
5.571219
1.265140
-4.519050
-4.143203
4.248757
3.548615
0.839870
-0.886885
-3.427896
-4.688276
2.501440
5.881595
4.626027
-4.989981
1.484956
-0.483406
-6.863708
1.320952
-2.287924
3.041609
-0.663638
9.582704
1.636451
1.443767
-7.407150
3.433592
-2.353273
-1.597703
-2.525514
1.695030
0.125545
2.110586
-5.028101
-2.035432
-4.211450
1.791206
2.253006
1.239445
11.123816
-2.933777
2.755790
-4.840520
3.152737
2.793414
6.438476
3.512293
-1.932861
3.733345
-2.126000
2.806309
6.277771
3.036015
4.022800
-4.410549
1.612693
-1.190426
2.166807
0.034191
-3.671280
5.494822
-4.573771
2.667398
-9.634732
1.262133
-1.323949
-3.337570
-4.253669
3.284929
-0.906986
5.772786
3.475638
-5.306075
-1.299267
0.259875
-2.801229
3.885706
-5.009398
5.570192
1.495833
-6.095746
6.866083
-3.721971
5.363964
0.791654
-6.354345
-5.096283
-6.120332
-3.758400
-3.080859
-2.161147
-1.127348
1.893638
-6.190138
-0.892589
-4.126892
3.587839
6.951187
-1.744719
0.422184
2.135851
0.834872
-2.564052
4.807279
-0.812505
0.781075
-2.941154
-3.287055
6.835526
-5.154100
2.114982
-2.925731
3.220358
1.186327
-2.796225
5.532110
-0.226227
-5.278549
-4.515487
2.059353
0.329587
3.146907
4.139537
-2.831935
-7.342865
-2.677204
4.097138
-2.643071
5.883353
2.632675
8.039192
1.519662
-7.059344
4.049765
1.385312
-2.521267
4.510679
5.608203
0.981404
-2.903405
-3.165714
-1.427680
2.982258
-0.833979
2.691961
4.427200
-0.842483
3.110471
-2.249061
4.515619
-0.027246
-5.307642
-4.711510
-0.181229
2.776818
-2.737459
-0.331694
-3.867664
-5.194290
2.206423
8.217372
-1.908648
-2.833070
-4.835448
-8.118728
-1.794650
-4.585485
-1.103587
-0.700834
6.228130
0.867609
0.971974
0.469918
5.731033
-2.286140
-6.730910
4.932075
-2.061655
-9.992673
0.718979
2.133790
2.892072
2.161919
5.184042
2.428574
5.523717
1.734903
3.979773
-4.180175
1.879646
-4.762185
4.858031
-9.559311
-4.841656
2.170068
6.755026
11.858294
0.596768
2.846531
-4.690040
-1.919680
-7.346618
4.223154
-3.636862
-2.599989
-1.582541
-4.940154
-3.604433
-3.430449
-1.395460
-5.404343
-4.446849
-4.382213
-6.605307
0.903651
-3.606417
3.469506
2.423391
1.542452
4.425770
6.411174
2.710819
-2.762537
-3.130697
6.053328
4.063476
1.675977
-1.306971
-4.621426
-4.196766
3.488355
5.213593
-2.604382
-1.765931
7.335255
-0.012035
5.430681
2.466242
-4.380675
3.525842
2.012448
4.436502
5.311606
4.170411
-2.302239
0.177326
4.113390
-2.517575
3.463449
0.260866
-0.028482
2.591648
1.231916
10.499517
3.924909
-3.283539
0.346554
3.441174
6.650990
-3.820792
-3.499381
-0.942520
1.483799
-0.867649
3.139103
-5.080857
-1.286891
4.565483
-4.365587
5.426991
3.141975
1.538452
-1.726750
7.226086
2.651275
6.232790
-4.416909
-0.650946
-5.684780
3.954766
-3.808962
7.231990
-4.720454
-0.177931
1.737501
2.245483
4.146969
1.771473
-8.182153
-3.176245
-2.143244
4.538667
5.302248
2.675245
6.959906
6.505197
1.722218
-0.472044
-2.700066
2.341498
-2.880099
-1.712482
-2.224848
3.566808
-3.247703
0.834959
8.168227
-6.513255
-3.893671
-5.545378
-0.121962
3.384315
4.758489
-1.588119
-2.241916
-5.181834
-2.414491
-7.173412
1.144939
0.974827
4.110045
2.848475
-0.417665
3.009872
-0.175375
-3.475843
1.629804
3.981696
-5.129696
-0.702174
-0.071980
2.313210
-3.803347
3.384163
-5.794494
3.659888
4.100147
-1.503668
0.403653
4.358279
-3.543077
6.201112
-1.850392
2.173305
3.450322
-1.719506
3.448527
-3.177943
7.486842
2.095152
3.295579
6.835455
2.760514
6.229913
-0.731959
-0.409480
-4.078886
-8.454062
3.279749
-4.582897
8.482163
-4.649649
3.468426
-0.862328
-3.127927
0.289014
5.113481
-3.990345
-4.540648
2.218472
4.272676
-1.258564
-4.762891
-0.665752
1.694219
-3.011412
4.382600
1.476914
-2.690797
-0.303122
-6.131398
-5.937883
1.746879
2.826918
0.562747
0.356571
2.282365
-1.196603
-0.236760
-3.986962
-1.624652
2.018287
-5.105779
-2.533280
-3.054292
-1.185668
4.214632
-10.005250
-1.433233
1.882525
-8.022186
-0.713917
-5.775289
0.587079
4.205993
1.326718
4.614805
-1.551469
2.248976
1.273749
3.582641
-2.924682
6.071228
-2.094063
4.106364
0.635289
4.587290
-4.095800
0.762711
-7.008963
-1.669913
3.137052
3.792309
-6.993461
1.924718
3.581081
3.640690
1.025983
2.751449
-5.684055
-5.770451
-3.769760
0.583920
6.220464
4.235270
4.889742
2.859363
-4.678294
1.505236
1.600441
-1.543124
-3.735325
2.354465
-0.699831
-0.250645
5.581592
-6.853754
0.149320
3.256669
-3.444761
-1.901470
-4.139802
-4.816897
3.345607
-5.612641
-5.689954
2.678318
6.514917
-3.328053
3.618691
2.259173
-3.555382
-1.389529
3.677397
-6.529870
-1.113085
2.571546
1.696971
-1.888814
-2.396056
1.684764
-6.411798
-3.587300
-0.712429
4.873503
-0.148765
4.879474
4.884856
-5.201180
-4.629610
-0.556231
-1.428817
-2.184877
5.150121
2.986964
2.942832
4.155369
-1.890181
1.308146
2.936122
-1.396556
-0.735734
-0.380693
3.796394
-3.075821
3.348303
0.679194
3.056687
2.992337
-1.918712
-0.958670
4.549677
0.293713
3.728005
1.115559
-1.291827
-2.053444
-3.435674
-10.369182
3.778275
-1.128200
-2.570195
-5.475980
-0.705273
2.644969
3.186403
-1.207389
-0.762574
1.944296
5.214779
1.831100
-5.710078
1.432596
3.354688
-2.950543
5.781456
-3.755435
4.675949
-3.742911
3.358791
-3.214762
-8.004695
6.095009
-3.689995
0.561885
0.226313
5.038551
-2.306612
-3.685679
-6.227384
1.856960
0.829586
2.570233
-0.564762
11.126643
-4.298879
-0.307994
2.107736
-3.819796
1.551391
-5.397864
7.880192
-2.400696
1.410558
-3.532424
-6.700311
6.347032
-4.473515
4.852269
-4.945719
-1.301032
-2.622396
-6.697453
-1.578622
1.751951
-0.366841
3.912351
0.676983
0.661959
-3.724896
-3.998077
-3.041541
0.031276
0.645006
-5.884697
-3.527462
0.561884
-5.243729
-0.206988
3.502496
-5.257375
1.629860
-3.219009
-2.199363
-1.850377
3.031555
-5.844975
3.312349
-6.954074
0.616409
-2.150066
2.722578
3.635587
3.737687
-4.896911
-4.769197
5.086930
5.119030
3.103182
-2.244539
-1.524183
-2.568003
-5.137427
2.561692
12.228058
-5.191578
2.125086
1.827792
0.235639
3.090230
-1.251145
-0.206702
-5.491253
1.614784
-1.548895
1.464060
0.770210
2.101674
-2.571447
1.989084
5.700762
-3.593019
0.339817
-2.274069
1.566246
1.732138
-2.779416
3.577449
1.915335
4.506081
-5.057759
3.891740
1.221889
5.136197
1.861578
0.688578
-0.806318
9.297404
9.155202
-2.711992
1.867779
6.425250
7.576580
4.946741
0.770227
3.786843
-3.786038
-4.785916
5.466676
-1.417475
0.797837
-7.372883
-3.698979
-2.016110
3.480129
-7.172915
-4.459167
-7.115087
1.929623
2.884038
-4.787278
-3.877889
0.506397
0.766509
-2.873576
2.032794
-0.679752
-4.320341
-2.766542
2.137072
0.974660
-4.193794
8.004627
3.779202
3.117456
-4.724673
3.202335
3.386189
-0.257903
-5.515157
0.030263
6.507149
-8.543817
9.523877
-2.216841
3.635971
4.054686
-0.615133
-3.583544
-0.811879
-2.208634
-0.312460
2.152227
-0.668075
0.223572
2.879692
-3.360572
1.380647
2.876190
3.507395
3.113148
4.435769
-1.141096
3.808561
-9.575034
-4.922641
-0.722345
-2.063415
-3.329547
0.414284
-4.454709
-5.036279
5.705726
4.440993
-3.712975
-3.062483
-5.213190
4.382370
-7.213146
2.616728
0.444158
-0.472021
-0.424409
3.765223
4.697561
0.994133
1.081843
-7.409764
-0.496784
-0.190904
-0.777293
3.974466
-1.282787
-1.248154
2.228638
-8.148127
-7.794881
-2.999964
1.067222
-3.999876
3.595562
1.244463
1.151379
2.342407
0.137856
-4.243610
-3.150570
-4.570376
-0.063180
-2.734566
-1.491850
4.574093
-4.882927
-1.697793
-3.209507
1.202393
-2.582805
-2.118014
4.123984
-1.118637
-2.126692
0.903161
-4.030447
3.056967
-2.548637
-1.455113
1.268202
-3.326732
-5.939909
-0.796500
8.432394
-3.113777
-4.648951
-0.985956
-3.608334
-2.423700
1.653202
-4.102637
-4.567960
0.640274
3.713369
-0.618519
1.469486
0.941419
-2.687484
-2.470018
2.331862
-2.407687
-4.698008
3.904308
3.996853
-5.370073
-4.299521
4.061243
1.027804
2.470594
1.627056
-6.276989
-4.424239
-1.915988
-3.895127
3.147796
-2.090154
-0.549518
2.952275
-3.996188
0.134884
-5.773341
-3.712036
0.880335
-0.382950
0.286305
1.808190
4.315268
-4.689512
1.854783
-1.665869
4.797473
-0.324211
5.932396
-4.919634
3.080382
4.457576
-4.705773
3.373182
-2.196202
-2.222335
-1.695295
-3.392183
0.450388
-0.413380
-4.822699
7.445614
-4.191771
0.974796
2.117185
1.115481
-3.078169
1.691733
3.859853
1.425581
2.972383
-2.037927
-0.580126
-2.569973
-4.389387
-1.751461
0.785654
-7.021211
-1.710847
-4.216673
1.918346
-2.159048
-2.696119
-1.359925
4.579590
-1.947418
-1.322462
5.993863
1.478310
-5.845756
1.177475
4.042165
-7.027197
4.483315
-3.100988
-0.423027
-2.865563
-5.622665
-2.135628
2.571228
-0.071867
3.265107
-2.385970
-6.300636
0.193815
-1.409120
-2.837753
1.732812
4.382963
0.707169
0.889534
-0.344524
1.955846
-1.526172
0.195528
-3.458545
2.235245
-2.029446
-1.818628
1.017265
1.214716
-8.105051
2.072143
5.163363
3.718919
4.013242
-2.867214
-9.723544
-4.568795
-0.151363
-5.695468
-0.531897
2.532055
2.699138
2.651079
4.000723
-2.228960
4.151204
-6.494176
1.351984
-0.767122
-4.631089
3.198877
-2.459701
6.460202
1.589755
3.583012
6.757842
2.904262
3.005697
5.664506
-1.907146
1.525822
0.294051
-3.204768
3.773702
-0.953622
-7.811262
2.772051
2.374378
1.821558
-5.351087
-3.433871
-0.931052
-13.470615
-0.757444
5.789301
0.888459
-6.318059
1.894735
0.753749
-2.353148
-2.909904
0.784035
-0.092706
-4.814067
0.979969
-5.362722
3.243267
0.284858
-2.231697
2.934170
-4.542566
-1.067028
2.321938
4.984666
-3.293952
-3.189772
-5.429830
-3.422486
-2.583296
-5.690620
-0.934862
-2.448265
1.335866
3.893181
-1.888114
2.411349
-5.551776
-4.102181
-0.940181
8.802895
-0.878583
-0.550302
2.491082
1.681804
0.208476
4.662652
2.776263
5.528663
-0.032189
-0.142805
-4.640915
4.096721
-1.445810
-6.030772
2.236634
-7.411976
1.766683
-2.320628
3.140159
0.322583
-4.885202
-0.379540
5.429396
-0.197809
4.262329
2.464622
2.348301
5.778436
1.066126
2.999477
3.901050
-4.556756
1.120384
2.784385
-2.438837
-1.579894
-4.879437
1.508264
-3.253692
-4.102758
0.883785
4.803346
1.347846
-3.379980
-4.496645
0.146928
-5.144517
-5.894413
-1.190727
-1.823534
-6.061402
2.478523
-3.818010
3.966213
-0.176267
5.556354
-5.809302
-2.601365
-3.221393
1.802569
-2.811332
-6.145318
2.477967
3.025955
-9.339309
-0.847100
-4.676221
1.163470
-9.508160
-7.174964
-1.448913
-2.907910
0.543979
-1.101828
1.569744
-3.139840
-4.271879
-0.773772
-2.600106
4.692836
-3.118645
-6.486404
1.454594
5.622264
1.961907
3.295174
-4.964744
-7.515100
1.744312
-5.868429
-1.846088
-4.390085
3.261107
-2.710023
2.613022
-3.521530
-7.100193
2.222229
-8.020418
5.049553
0.249194
1.932469
3.508447
-0.914187
-1.334191
-6.256494
3.322046
2.147208
6.155759
-10.976355
-0.021508
4.641727
-1.422492
-7.584529
0.820621
0.649496
3.338883
-4.569148
2.610784
2.147407
-2.439652
-2.818686
0.068975
-2.859852
2.575393
3.913296
0.655410
-3.932027
-11.580837
-6.775963
7.392012
-1.202374
2.774709
-0.962021
-1.369717
-1.629879
1.014108
0.386751
-11.081867
-11.871184
-8.489283
-1.223556
-3.593565
-1.392951
-1.798170
4.305075
-4.600956
2.400990
-10.836159
-8.721139
-2.902045
3.166482
-0.027939
-4.041285
1.835279
-1.486854
-0.376618
4.701101
-2.640286
1.595565
2.624450
-1.418380
-4.277338
0.497013
-2.757772
1.960632
3.719995
-1.140447
2.650417
5.758404
-5.326660
4.784426
0.017747
-5.606486
-4.559805
-12.135576
-1.100623
7.121804
-1.581746
0.710145
-1.777027
8.194984
-0.598809
-0.317033
-5.358093
1.964952
2.091994
0.890948
-5.258141
-5.341482
5.353822
-3.721862
-3.387405
4.698164
-5.464594
-7.597397
-2.927903
2.410714
-2.027432
-2.620266
-1.315776
-3.977131
0.034909
-2.488731
4.208704
-1.679944
-4.895295
-3.230894
4.078893
4.469327
1.887197
-4.273166
4.259242
-1.737703
4.872490
-1.594906
-5.379232
-0.208753
-0.853655
-1.698785
2.969052
0.880479
-7.873411
-2.565336
4.404961
-1.623031
-0.890922
-10.119341
-3.874821
3.428508
-0.368383
0.377463
0.232583
-1.915438
3.680259
5.747458
-5.645216
1.399410
-2.825926
0.663360
0.123455
-0.546225
4.211928
-3.370957
-3.262091
-1.451743
-3.595371
6.779235
-4.374195
-5.385749
-2.520453
-3.194574
-5.830672
-4.880384
-3.429784
3.107446
-3.041271
3.341596
2.023983
2.450415
3.020812
6.979607
6.499152
2.062994
2.968372
3.806874
4.067522
1.163369
4.759443
-3.387802
-1.005008
6.439275
1.759995
7.227357
6.857953
-2.454701
-1.323527
7.025753
5.817400
-6.519110
1.043605
7.087959
1.354882
1.002767
-1.010450
-10.485066
3.002174
-3.817888
-3.300051
0.466613
-1.167727
0.843102
-5.503038
-5.759563
0.571052
1.359515
3.519864
-3.478925
-3.790508
4.201774
-3.758673
-1.428205
5.034871
8.293957
8.458998
-1.596065
0.964824
2.386764
1.431861
-1.603058
-0.884539
-0.440147
-3.845642
1.523229
-6.313539
-3.263957
0.597325
1.084749
5.198063
3.129908
-3.008786
4.085258
-1.594268
6.859011
-0.273635
3.322309
-0.170223
-1.912380
-2.274571
0.543811
1.109048
-1.437602
-3.891612
-4.172060
1.859937
-1.170337
-3.541700
3.172234
3.154558
-1.017897
0.926210
-2.428540
8.402643
4.120637
1.832847
6.883914
-0.446284
0.274208
4.149708
3.286898
-6.361604
6.115186
0.717520
-0.711123
3.965925
-3.860108
2.518076
2.466673
0.021644
2.906807
-1.142022
-6.384739
1.519554
4.228983
-5.002779
-2.989979
-1.248697
6.369665
1.628404
4.554030
-5.739369
-3.056699
-3.607002
4.564165
-6.804571
1.367635
-4.946416
-1.430864
0.946748
-5.671007
5.432110
-2.869725
2.910010
0.421333
1.349252
-5.103055
3.763631
2.332164
-4.878337
-1.622045
-6.854898
-1.687747
3.007297
2.065320
4.557506
5.932125
-1.176694
3.458583
2.031641
0.113761
0.567123
0.612528
4.607688
-2.889589
0.218229
1.596076
-4.606112
-15.561996
3.898277
6.049065
0.718238
6.021873
2.000607
-3.291316
-1.931277
-4.653778
4.160042
0.238987
-3.636261
5.797992
-2.792043
-1.318733
-7.663280
2.253615
-2.491199
4.337989
1.511791
9.904490
2.196659
-1.353144
-3.628735
-5.973925
5.232481
6.239311
0.691793
0.567214
-0.847785
-3.732495
-0.720398
-3.932433
1.914011
-1.574840
-5.136425
3.137284
2.363617
7.459537
2.037737
-0.535681
1.243671
-6.944469
-5.969962
6.710850
2.457426
5.083849
-2.374472
1.726864
-2.041111
4.384800
-6.501731
4.390706
0.171037
-1.727601
2.292423
-5.867158
4.348048
4.002655
3.202694
8.076561
0.155970
-2.396831
4.463948
-3.773599
-2.095341
-1.213232
7.642341
-1.554817
4.637674
1.913270
5.632121
1.451669
-2.524863
1.511470
-3.948783
6.581311
-3.141568
-5.228397
1.103165
0.440592
-0.161983
2.721794
6.323530
-3.008929
5.063631
1.188709
0.896039
1.018637
-1.189521
-4.047777
4.624114
-7.254256
-3.326523
-0.627366
5.596908
-9.691946
-3.547896
4.321004
0.062342
1.493654
6.703884
0.357393
2.162410
-2.457035
4.304416
-3.750977
-1.910854
-1.286237
-6.644794
-0.424365
-4.059592
3.846163
2.177207
0.313852
1.387732
3.525013
4.484732
-3.228136
0.891053
-5.630999
-4.502167
0.334459
0.051572
3.545845
7.002192
2.089361
2.260257
-5.960996
0.229747
-0.707011
3.250750
-1.034627
-4.246515
-7.248209
-0.219492
4.018237
1.244148
-5.894011
-3.378025
4.888180
-0.431225
4.811133
-7.460824
4.822051
-5.295020
-3.837132
0.754244
-0.658655
3.729790
3.197636
-2.715567
6.839685
3.931517
6.799788
2.550570
-2.803301
3.289817
-0.958698
4.519160
-4.977890
-0.138327
2.778425
1.759467
-0.907302
0.721323
4.118515
-0.014981
-5.349628
-4.272293
2.989107
-5.012311
-3.746844
-4.790179
3.548662
-3.604561
-0.491289
-4.698592
1.574227
-5.028034
-2.147208
-1.308070
2.382666
7.321242
-4.129290
0.608232
3.066579
-5.414093
6.238696
-0.115911
-5.762933
-3.239319
-6.011498
-3.810705
-1.573130
2.457465
-4.166753
-4.604992
0.996361
8.291128
1.731132
3.087093
-2.043328
-6.283937
-4.202784
0.041218
3.353269
6.400906
1.332811
-0.689168
2.410036
1.463260
-4.990832
-5.605772
-0.127537
-4.088871
-3.290504
-0.445067
-7.000583
2.802446
-0.814169
-0.452990
6.296206
-1.287828
1.394164
-2.116212
7.490228
0.437906
1.877385
0.625570
2.534648
-4.428858
-4.200001
1.609407
-6.470609
-3.206119
3.509788
1.814723
0.213989
-4.959307
-3.571427
-4.787078
-1.482268
2.327541
0.521291
-0.811960
-4.916108
5.322337
-1.601468
1.711624
-2.752717
1.472414
-0.342531
8.150343
2.181881
-1.833220
-8.785439
-3.257227
2.170868
-0.668904
-1.917717
-2.157624
-8.085257
-2.800409
1.643238
1.860544
0.856309
-3.229833
-2.539894
-3.503464
2.888254
-4.647444
1.957566
0.789934
3.449572
0.513182
-5.550963
1.835518
-2.677063
7.074283
-0.822347
-4.804071
7.093368
-2.033655
3.670902
7.002407
0.736158
0.304282
-1.411420
-0.202276
0.844240
-0.647227
2.476934
2.411519
-0.948980
4.033189
-1.858576
4.080507
2.277188
-3.374708
-1.057209
-2.316411
-4.876381
-3.612956
1.561313
-1.180813
3.197937
-3.358693
-3.901456
-1.139499
-4.214587
-2.787073
-2.446430
-2.941494
-1.040690
-1.380272
3.786863
-5.378703
-3.152530
-5.482783
-4.604500
-7.165846
1.360432
0.879585
1.796089
0.595672
2.948462
-0.883720
0.832778
1.809824
-2.941198
-2.924712
-1.064202
3.199616
3.106028
-0.813733
-5.937838
2.479214
0.732758
4.019965
4.282503
-1.502542
0.008064
-5.053254
6.204118
1.195597
1.659106
3.734115
-5.838070
-5.052855
-1.525112
-5.359999
3.935598
-2.212498
6.849464
1.597917
4.426262
-7.270731
-1.154220
0.287367
5.017527
-0.402274
-9.598237
-0.399247
-1.351656
-5.369155
2.453775
-4.681304
0.645411
-6.299549
1.421701
-5.235229
-7.109197
-2.154422
-1.445847
5.742558
4.831541
-2.607987
-4.590984
-1.267417
5.240940
-7.876769
1.758814
-6.973417
7.027024
2.950545
0.258605
-0.704380
0.256943
0.845576
-2.837091
-0.258372
-4.056174
-3.534358
0.043025
-6.773798
-2.426755
-6.696179
3.657796
-4.620306
-5.252465
4.120996
1.015373
0.809651
0.762766
0.628359
3.136159
-3.607481
-7.357178
-0.423428
7.223579
-0.434924
-2.384719
2.712530
-3.965564
0.419804
-7.589808
0.870868
-7.119258
-4.222980
2.188990
0.319943
-0.874879
3.705084
-4.499798
5.211349
5.588537
0.163664
-0.535591
-4.367638
2.041665
1.663324
1.357288
1.333662
5.665234
4.366502
-1.739993
-1.747981
-1.756951
-0.904280
-5.433145
6.572951
-2.712568
5.533583
3.513512
3.078977
0.228585
4.144667
7.520607
-4.280477
7.720372
-1.271102
-2.397603
-2.474284
-0.218677
-9.331614
8.357080
-3.388171
1.495398
-0.483040
-10.163414
2.514570
5.578894
-6.854633
-5.542248
-3.325918
0.568483
-3.091354
1.823810
-4.188227
-2.805682
-1.979711
3.621699
-1.210492
0.683749
-7.384761
1.163318
3.167629
-2.246211
0.181258
6.417525
-3.046546
3.856055
-0.976375
-5.927338
-1.728885
-7.202528
-4.371787
1.684817
-3.983236
6.339836
0.060871
4.691421
-7.202816
0.664830
6.338146
-2.366193
5.543917
-4.760042
-4.728307
7.229578
-4.350411
0.068513
0.255141
-4.618631
1.678699
2.794589
1.267248
4.468284
2.628742
-0.781311
2.168309
-3.718227
-3.525342
-0.194346
-2.745138
6.996096
-2.070311
-7.459799
-0.107643
3.525152
-9.996913
-1.768663
4.278491
3.088299
0.469933
-5.270638
-1.558411
1.049025
2.721563
-1.069377
0.081073
5.706200
4.126244
-5.366518
1.161668
-3.468328
-5.775787
6.350510
3.801065
-3.931865
-5.781551
1.913958
5.119700
5.313653
0.678388
-2.411928
-8.018749
-1.803624
-2.720712
2.372454
-4.236124
2.456422
-1.143635
-3.261297
-0.217801
-8.713870
1.699720
1.607442
-4.909909
-3.202859
-2.344729
6.644661
-1.396007
0.386449
-6.230979
-3.424757
-4.672955
-5.484100
0.257445
-2.834933
1.934350
2.135652
3.358837
-3.093798
-3.405943
-3.891967
1.238377
-0.978849
2.973104
0.594713
-2.298834
-3.103347
-6.691614
5.309648
-1.210564
5.128574
0.373497
1.335561
2.266248
-12.188437
-8.673893
-6.053461
-0.203316
-0.642598
3.010479
-1.041620
-5.124215
2.618687
4.110285
2.474374
4.622473
-3.180846
-0.760103
-2.305931
-6.889400
-0.001798
-1.141042
6.979954
-4.833589
2.387621
0.217144
-0.715811
-2.515653
-9.036092
1.180747
3.799700
-2.261692
-6.051322
-3.258478
-4.678124
-6.805043
-4.832034
-7.744446
0.640499
-4.132572
-1.931936
4.280886
-8.998859
-7.264563
1.286383
7.156835
12.375130
-0.164058
-1.599088
-5.800426
2.567333
-6.301135
-0.979747
-0.043604
-6.417634
4.463429
-4.700161
-1.260406
3.637774
4.250701
-3.725524
-0.422857
-2.678226
5.180280
-8.668416
3.885521
4.644360
-3.558196
3.787257
2.882594
-2.401783
3.368902
-5.542429
2.250236
2.469352
4.965147
-0.286955
0.091402
-12.929173
-8.453366
-5.622100
-2.675863
5.861357
2.841973
4.756809
-0.644316
-6.248416
-1.555593
0.452120
-7.244452
-0.491426
-5.125600
3.230614
-2.555750
0.931472
6.465426
-0.862222
-5.816536
1.950784
4.590758
-1.424042
1.699100
4.573622
3.615852
4.343642
-3.799406
6.449987
-4.524681
-3.078399
-7.274343
-3.843561
-4.667814
0.358060
-4.706729
5.732956
5.067408
0.173491
-1.198732
1.756056
-4.021410
1.205870
-7.877136
2.991572
4.962405
-3.137301
1.897581
-3.545608
-0.610309
3.124790
5.399588
-2.609900
0.182113
-0.700286
-4.819439
-0.439367
3.497864
-0.470420
-0.086840
5.288543
4.058188
3.709670
-1.741040
-5.473742
0.954364
4.233183
-3.892728
-4.291287
2.480946
4.005766
4.360414
11.230470
1.229047
-3.415732
6.177261
-2.263748
4.605187
0.380583
-4.349628
-5.193359
-2.448004
4.607364
6.683438
0.008912
5.868509
1.386019
0.889994
2.129703
1.523916
5.770738
5.531991
-4.923174
5.229247
5.509480
-1.274481
-5.831927
-1.468791
-0.179680
-2.539378
1.786589
-0.996952
-3.048142
2.031313
0.477650
0.104316
-0.909368
1.204406
-1.192974
5.243164
-2.913569
-1.020260
-3.093332
4.923500
-3.363560
-6.236590
6.746751
-3.558206
-2.217727
2.318355
8.222090
1.956249
-3.278656
-0.200395
5.908798
3.230650
6.147449
-6.248381
4.192913
4.779293
3.291564
1.695013
5.576527
-0.845981
0.438233
-5.865516
-0.493785
-4.549458
0.112997
-2.767041
1.794414
4.170143
3.819113
-5.629687
6.786949
-3.716469
-1.632806
4.305452
2.467371
0.071009
-3.240472
-2.664607
-2.443157
-1.617993
1.452543
1.806903
0.975438
-1.920515
-1.266467
0.588835
3.480775
-0.061543
-0.973387
0.734394
6.289618
0.992280
3.688042
6.180274
1.186067
-2.477198
-1.020051
-4.678261
-4.007799
-1.176488
1.085001
-0.463968
-1.771362
5.460888
-1.578376
1.971483
3.309254
2.812733
-3.380932
-5.222531
-2.557744
1.110121
4.083548
1.540839
2.306803
3.022493
4.587827
-2.397914
-1.360363
-1.417131
5.859102
3.235935
4.778259
-3.981815
-0.239485
2.966570
-4.658550
1.441151
-2.238221
2.707384
-2.930546
3.640473
-1.124176
-2.517213
2.215966
-0.146606
-6.692300
0.627921
-2.620360
0.278503
4.213455
5.103211
-2.776985
5.875240
-2.123337
-4.106093
-9.094234
3.506208
-5.882275
3.919901
0.238033
-2.579316
-2.145229
-3.634342
1.758920
-8.427574
0.278936
-3.884223
3.631907
0.691464
3.742380
2.250971
8.285351
1.731944
2.467674
3.182173
-3.637321
-1.755318
-2.691010
-2.595421
0.100198
-1.555456
0.536265
-2.822598
4.998190
4.098814
5.750049
-2.273435
1.225369
1.650847
-2.376835
-1.161541
-0.933274
-1.899329
-0.146115
3.161028
-2.828500
1.346500
2.310986
-6.710353
-5.173552
-1.169700
-1.118165
3.063293
-0.393794
0.436006
2.661682
2.968711
4.213168
-3.053842
3.253386
1.431971
-8.099717
-1.698753
-0.563686
-4.802605
-3.879845
-0.878317
-3.813834
1.510325
3.902421
0.058792
-1.506508
-1.433934
2.955944
-6.675302
-4.346004
0.664034
8.249858
3.039043
-2.413015
-5.145606
-7.169736
4.666574
-3.143541
-1.112838
2.144651
-3.126824
-5.894009
6.043762
1.434207
-2.001821
-1.162404
1.738223
-1.836820
-2.168991
4.157468
1.293259
4.466360
1.350382
2.714999
-4.651722
0.704807
2.087349
-3.395863
3.396342
-1.907326
6.006097
3.928722
4.261384
4.097082
3.247025
-1.368486
6.949585
-0.459476
-0.044603
-6.511567
4.037760
5.197884
-6.039039
4.832190
1.303127
0.166005
2.450515
5.719266
3.509369
-5.068397
-3.136517
2.467617
3.823946
2.679612
-0.217133
5.135287
-4.433910
-0.723928
-5.673300
5.319987
-5.080950
-7.862930
-0.368580
4.100410
3.249810
-5.732430
1.285646
-3.673047
-5.117354
6.912467
-0.366806
0.420512
-0.715245
3.864249
-5.664182
-1.778730
-4.669707
-6.052489
4.559025
3.151857
0.884103
-0.045905
-1.000496
3.159230
2.814285
-1.897451
-4.158280
-2.368655
-0.973596
0.928153
-3.159801
1.123287
-5.479967
-5.213295
-7.456895
-4.231336
-1.495636
-3.621843
0.329371
-6.470870
-7.757682
-4.203720
1.354747
1.175951
0.481570
-1.798957
-0.498473
3.268229
2.786603
-1.223754
2.445602
-4.261004
-3.622083
-7.391068
5.777521
1.011341
1.031842
-0.154733
1.125506
-3.499862
1.067465
-5.022262
3.026838
-0.203747
-4.361650
2.594203
-5.808655
-4.501616
1.232163
4.391005
-5.009973
4.260184
3.955523
-3.062528
4.739381
-3.787378
-7.637768
-1.740667
2.746476
1.132455
0.096269
0.232433
-4.422726
5.776323
-2.467076
-5.377059
-1.814375
0.000517
0.466080
-4.700408
4.576677
2.195691
-2.385343
-4.621569
6.288434
-2.475901
-1.395722
2.606108
6.617815
4.093143
2.861926
7.090960
-2.046610
5.542899
-2.630058
1.978514
4.866803
-4.956914
-0.407265
-0.772478
5.015059
0.936875
-0.477849
-7.621395
-4.912656
2.612032
-2.259133
-5.589005
5.773980
-2.833086
-4.803864
-5.101728
-2.889659
6.361822
-1.693928
-2.837691
5.048994
2.201621
-2.813462
-1.131770
4.506965
3.076069
2.397817
1.108410
-1.082644
-0.293316
-5.799397
-3.451653
-5.739140
-1.419639
-0.152296
-0.653323
-1.327138
3.765899
-0.170793
4.427235
3.621088
0.307676
-2.909133
1.539851
3.473591
3.372772
0.372758
-1.695660
0.799462
1.408341
1.642788
-3.308095
-1.093058
4.485770
2.902954
1.303669
-3.766834
-0.038270
1.821216
3.094445
1.209288
0.500649
-2.506691
-0.992763
-0.121101
1.842860
-3.692430
6.021951
5.765856
-3.130768
2.968524
5.342713
4.169606
-2.476597
3.756801
3.447246
-6.617196
0.360550
-3.094988
4.544443
5.270012
-3.509971
3.251894
1.011957
-3.222937
-2.761879
2.997481
3.802850
-7.583843
0.296764
-3.459129
6.215056
-4.759427
2.085837
3.618179
1.175945
-1.311607
-8.107693
-3.312855
3.333688
-0.117166
-4.724073
3.569895
-3.144971
7.805727
4.929680
6.078892
-6.460340
2.488436
3.496497
0.121124
-2.709611
2.085834
4.071987
-5.979234
-0.715969
2.355279
-2.887543
-1.003861
-1.128467
4.897948
2.008049
4.779893
8.689357
-1.364421
2.834084
3.899308
-2.289563
2.951525
3.926978
0.746392
4.952497
-6.495311
8.143789
-1.280791
-5.799282
2.771659
7.655341
2.636480
-0.996682
-2.505872
-0.749227
-1.468061
1.021841
2.214870
-1.555799
-1.973340
7.073824
4.079912
-1.131521
-4.650947
-2.398261
-1.296100
-3.927797
-0.791328
5.611237
-5.446306
-5.307796
-0.683142
5.091959
-1.112779
-2.564122
4.445779
5.247381
-0.867545
4.169203
1.180727
5.941417
1.307924
-4.565343
9.462198
1.812394
-1.849022
-0.153972
-0.088409
2.653489
-0.002576
-4.632133
-0.833976
6.446700
0.022406
-0.008209
-1.041939
0.879483
6.391675
3.087165
4.763474
1.531051
-0.363218
4.113645
-1.153020
-6.318348
-1.490181
-2.674795
3.150213
2.359396
5.568774
0.926574
-0.597941
-4.288606
0.002746
-1.867036
1.365500
-8.816444
1.824518
-0.022775
2.181278
-3.080191
7.881628
7.981400
2.404311
2.347243
4.867268
-1.825664
-0.816911
3.137448
0.312105
-4.012962
3.894333
11.110627
3.831779
-4.783063
-0.021930
-2.920429
3.148183
2.365098
-5.750989
-0.651149
0.310781
-5.331450
-2.697739
-2.516937
-1.536249
3.268807
-1.522293
2.245433
2.296531
3.899826
5.342172
-3.449079
2.020432
2.244693
-4.093115
2.882653
-3.171089
-6.747904
0.585108
-5.614252
-6.488999
1.425284
2.636472
-4.241125
2.766318
-4.509698
-2.501730
-1.095682
1.961246
-3.762609
2.948601
2.684100
1.211957
0.036582
-3.631985
1.841326
-0.458668
-6.367016
-0.014104
-3.258914
-4.633677
-2.225114
1.063896
-1.648993
-4.690759
-4.508499
-8.404681
-9.694031
1.286119
-7.584860
-1.417406
3.922039
7.253925
-3.961349
-0.009018
-4.307112
-0.767478
-0.750763
-2.427222
5.090356
-2.704182
5.165740
1.237576
-3.194328
-1.600328
6.980953
-3.454107
-7.751342
7.201735
1.656940
-4.634490
1.672876
-1.684611
1.534703
2.757449
0.696110
-2.186252
2.412287
-1.381350
-2.418273
2.540347
-1.002545
1.502091
-0.841593
7.354302
1.703905
-3.525430
-5.426072
0.456832
5.984477
-3.387166
1.035589
-7.100098
3.426409
4.005142
-1.479001
1.106391
-4.647350
7.926866
-7.690417
3.191659
2.481192
-3.049303
-1.424934
-8.708054
5.089116
-6.104325
0.885282
-4.284476
0.708291
0.446054
1.828136
-4.654085
3.808773
2.666999
3.193326
-2.396477
1.317989
-4.044212
0.473117
-5.435185
-1.368858
-3.379120
-1.667060
-3.429348
-5.694676
-2.724574
0.644534
-1.730066
-2.900809
-0.448132
4.248294
-7.447146
-4.528592
-0.110884
8.053975
0.951963
3.718840
-0.849891
-1.565919
1.271118
-1.596417
6.152424
-7.370130
-3.413200
-2.993089
-4.631233
1.644877
-4.502790
-2.483395
-5.204817
-9.435632
1.948431
4.298817
-5.163886
-1.991423
0.907852
-0.471182
-0.314158
-2.588512
0.688072
-0.221106
-2.621325
-3.519932
3.494451
3.294062
-5.496984
-3.556626
-5.652892
-3.076043
1.382767
-4.326062
-4.099159
2.597967
2.283686
-4.655626
3.097453
1.945872
-2.041631
5.441088
0.637972
-3.193239
-5.474006
2.479299
3.523931
0.164956
-2.043785
-8.221737
-7.002840
1.211224
-0.876916
0.643719
2.853822
-2.312367
-1.733579
-6.072618
2.573723
-6.618374
-9.165346
5.347492
-4.571027
1.311186
1.978126
-1.976079
-3.158589
-5.538352
-0.536089
4.177720
-0.683158
-1.649923
3.089316
-0.848186
-5.212247
4.283884
-4.516620
-3.161287
1.879455
-2.239421
-5.170472
-3.789549
-4.940994
5.970516
-2.456840
-1.953570
3.108940
2.952473
-6.604071
-0.499409
-10.040566
0.459907
5.185688
3.993239
-6.208224
-1.601034
-4.735852
4.406441
3.939897
-7.949981
0.219667
-0.645201
0.390657
-4.884742
1.669309
0.462192
-5.217154
-1.558711
-0.640348
-5.457681
4.084258
4.671485
-2.892655
-3.521475
-3.762252
3.639437
3.031855
1.498138
2.545692
-5.042362
-5.372155
3.117508
3.338994
0.945922
-2.408916
-2.818197
-3.201108
-2.093930
-3.498012
-1.486234
-3.659318
2.625522
2.774817
3.632270
2.481337
-2.935874
-3.845850
-0.343194
0.392334
5.706302
-8.127081
-2.234575
-3.488263
2.661147
-0.686033
3.216811
-0.388254
1.906518
-2.308192
3.240959
1.477251
4.781504
5.079479
4.474333
-2.845011
6.185647
1.565694
0.252974
-2.186834
0.297413
-5.151998
-4.143729
1.233756
-2.055672
5.406741
6.465772
0.896087
3.345089
-1.506916
-4.386118
5.179823
-1.536756
-5.781936
0.901834
-6.018004
0.795177
-2.860680
1.947576
2.891512
-1.028578
1.933666
5.512816
0.667152
-0.049436
-2.213567
-5.906264
0.184867
-6.164859
7.732629
-1.840476
4.252916
-0.158245
-1.785630
1.026289
1.368512
3.801141
-0.913591
3.270852
-2.410232
5.556901
0.866213
1.309378
2.107711
-5.887900
3.329110
0.226189
2.635440
-8.795537
-4.174735
0.026378
1.698062
4.563476
-0.231682
6.436787
2.159866
5.678802
-5.878209
-2.117334
5.786025
-3.937417
-6.375310
-3.247631
-4.650990
0.806220
3.074485
1.632113
0.803537
-5.887325
-2.197052
0.076926
-5.170209
1.264407
1.032056
-0.237646
2.962567
-1.222193
-2.265494
3.928360
-1.906321
-3.254583
-3.703844
-0.774576
1.389697
-0.880169
-4.844344
-3.851458
2.493382
-3.402080
2.668190
3.536299
-3.829277
-1.357214
-8.204971
0.528910
-5.444633
-0.909729
2.125063
-0.475974
1.272979
2.734043
1.775754
1.889932
-3.132565
-3.084263
-5.718472
-5.006375
-6.896016
-0.047718
-3.074129
-5.680609
-1.072980
-2.527091
1.750767
-4.962594
-1.504559
-0.558642
-4.745383
-7.136555
8.692713
-0.048085
0.993853
4.161265
-1.400259
-0.330594
-5.350924
-4.004037
4.693774
-1.340300
3.927628
4.000535
-2.880667
3.241364
4.465005
-1.470024
-2.706432
-4.613409
2.560993
6.124501
-6.740609
-1.720800
-2.065519
3.517430
-5.036662
-2.212990
-4.758516
-6.374220
0.370927
-2.294834
-0.513116
-2.954825
6.160802
-0.123716
-5.194342
0.752944
5.634954
-5.495402
6.154391
0.444630
0.712296
8.270096
-6.118998
0.041726
-4.197721
3.566689
-1.183866
-2.925575
1.804651
-0.423117
0.555939
1.443807
-7.071618
1.834336
-4.068047
2.570998
-0.347490
3.012587
3.429887
4.295094
2.023963
2.022402
-0.833073
4.565953
2.477745
1.086335
-7.851925
1.047642
-0.814258
2.333371
-5.425729
-3.698323
-2.238736
-3.436815
1.172495
1.666119
3.714901
-3.268587
1.889909
1.562147
-3.726801
2.408701
1.774997
-5.719853
-4.266166
0.472186
-2.964115
12.098801
-2.149486
-5.971581
-5.813117
-7.496448
1.468124
-7.771938
-0.092225
-2.489000
-4.924963
-1.543095
-3.812719
8.797303
3.778211
6.405881
7.011103
6.337250
-0.118090
-3.750512
-7.024308
1.204929
-5.825734
-0.566202
0.606339
1.286917
-1.186005
6.627544
-5.825564
1.899750
2.469227
4.794087
0.956432
-2.137511
-7.100449
6.054737
-6.369004
3.817934
-1.559874
5.776768
-0.941822
-6.031639
7.200194
-0.992697
2.031877
3.341477
5.366518
2.880193
-1.428192
-1.723193
2.941664
1.611353
2.721279
-1.917897
-0.196376
-0.071689
-5.566073
-6.833560
3.229450
1.149151
6.236212
5.542844
1.610075
-0.012174
0.880883
2.021740
-6.970138
0.452915
0.052788
-9.788282
8.511425
-0.970107
-0.669581
2.560059
4.019886
1.533737
0.098941
-3.087033
-4.814158
-6.213884
3.081294
5.850653
0.120919
4.605516
2.858374
-0.601456
-2.077961
2.380374
0.222884
4.700668
5.684097
3.357018
-3.841408
2.452283
-7.363026
6.392186
-0.105044
4.716092
1.664686
5.924927
-8.304371
-5.025042
-2.983396
3.380277
-4.837835
2.558474
3.284956
-2.699453
-0.106667
-5.150840
-4.255415
-1.007186
-1.316517
-0.742329
-2.559891
-0.599659
2.175341
0.401357
4.226507
6.145552
0.605085
-0.714612
4.478302
-7.032699
0.594127
-0.783715
0.868186
0.606513
6.738358
-11.294902
4.049215
-4.379024
1.023647
1.531098
-5.733425
0.400892
1.796849
-4.589544
3.048674
3.807611
-8.754663
5.934344
4.619184
-7.604138
-4.341094
1.369508
10.150525
0.145825
-8.629552
-4.235604
-3.689843
1.739731
-2.320883
6.403190
-7.483422
0.788368
-0.731861
-3.975731
-5.908446
-3.297970
-7.944880
-2.528900
-0.474796
-3.895549
-4.933510
-8.409238
2.650272
-5.901117
-1.290000
-4.924639
5.660212
-2.228443
1.441112
2.073361
1.805312
1.514061
5.142451
7.144440
-1.068641
2.570789
4.293756
1.946592
4.286354
-5.339287
-0.916011
-0.232241
0.227971
-3.573583
-1.702294
-9.099484
3.797965
-1.108229
7.882935
-5.422929
3.731865
6.920294
7.455032
1.212865
0.102030
7.919283
0.873132
2.889155
-0.558394
-5.545800
2.435675
-4.033165
-4.671979
0.763906
1.566603
0.055800
2.966036
-2.675696
1.843556
3.037256
-6.401961
-1.169455
-3.935766
-3.519512
1.945638
-2.866578
0.960357
-5.147871
2.640014
0.212822
-1.438352
-5.216503
-4.350463
-4.754661
3.926090
6.231727
-4.901564
0.203645
-5.847500
3.212824
-3.704187
2.361773
-1.273398
4.733081
-6.779572
3.056871
1.451570
-6.005154
6.334120
2.236787
1.909546
6.465279
-3.336787
-6.729755
10.332945
-5.498571
5.457670
2.888467
1.927968
2.153699
3.439382
2.646269
2.936484
-2.017215
-0.096362
3.836258
3.925179
-2.292015
-0.202605
6.274532
-5.175111
-4.852765
4.629123
2.349137
4.692486
7.838525
13.431785
4.286226
7.419229
-5.300554
3.451806
-2.189730
-7.638415
-2.677137
-0.633225
-3.874820
-1.428807
-2.435793
2.258348
0.937721
-6.008942
-3.495052
4.653247
6.020468
-1.391832
-12.552103
-3.318294
-1.390553
-0.433203
0.500925
-0.337008
-3.438807
-0.632453
-7.429609
-2.489962
-1.258426
3.140761
4.075189
-5.634882
5.000091
4.171073
-1.720631
2.729454
-4.377777
-4.319838
-5.985371
-4.432973
6.359504
-0.571112
6.576964
-1.365563
-6.193642
5.348152
-4.284366
3.315697
4.826670
-3.921843
0.210700
1.515828
0.745954
-1.331880
-13.478581
3.214602
0.511968
4.603119
4.835133
4.427322
-3.200576
0.062026
3.140637
4.944548
2.233982
7.986326
1.556360
0.009766
-0.833113
4.474341
10.273339
2.981873
-4.222184
-0.683258
6.342931
-1.191490
3.645648
-3.534833
6.348428
7.620086
-2.869996
1.802600
4.936688
-3.086685
-0.210872
-4.811687
1.058240
0.222895
-0.031492
-1.216937
-3.611483
-0.176008
4.588113
-4.255537
3.624174
-1.367571
0.384834
1.072219
5.587003
-3.511770
5.816916
-2.848282
-3.722310
1.710351
-7.231815
4.352210
5.307517
-3.597917
-6.501927
3.991024
0.041319
-0.339430
0.586727
3.626318
-8.981752
3.868492
2.702366
0.141683
9.089696
-2.520089
3.323411
1.372188
-0.894565
1.182848
2.419118
-6.837290
-1.161878
-0.673901
-4.082614
1.318579
-3.048550
3.976864
3.863380
-0.998606
-4.847340
-2.402045
2.077921
1.800021
-3.916222
2.663005
0.091974
-2.413222
-6.390959
-3.218603
2.282938
1.529062
0.906937
0.959309
-3.759733
-4.618297
5.145465
2.893372
-2.330676
-4.494582
-2.977772
3.935031
1.616876
-4.584885
0.801907
2.714937
-5.861879
-6.541794
-2.406591
0.855231
4.398212
5.276809
-1.062425
2.329201
-2.628238
-3.242053
6.262633
-3.331545
-1.639842
1.437703
-4.754211
4.133334
-3.731832
1.547350
-5.259806
-0.927633
-0.796898
2.331738
-0.580186
-6.405756
5.487720
1.647045
4.901988
-2.825230
3.935596
4.104312
-2.717521
3.936625
-2.959992
2.809854
-1.033136
-1.507649
4.426915
0.255762
1.352317
0.303933
4.870676
0.021919
-0.792103
-3.729785
0.384994
-1.812081
-4.030075
-6.394401
2.262718
-2.056728
2.020388
-1.227176
-3.478079
0.951460
-2.945769
-6.375629
2.659836
-6.452343
0.982292
-3.447925
-1.131480
0.871863
-6.870548
-5.961588
4.769701
-5.811290
-8.813476
6.412868
2.576118
2.199564
3.739978
5.573914
-5.621065
4.474427
7.492734
5.295879
0.419702
-1.907519
-1.663954
3.894657
-2.252846
0.331444
-5.488494
-1.048466
-2.885092
-2.876574
9.100500
-2.857275
-1.569898
-3.653469
-0.784663
-2.310983
-0.457152
5.520030
0.801695
-4.712276
0.534907
2.975655
-8.171349
6.501071
0.752322
-2.366285
-4.781998
-4.908888
0.086143
-3.445465
2.085037
-6.909986
-6.696309
-4.879132
-1.019963
3.181599
5.355983
-3.990485
-0.466000
4.988453
-0.196822
-4.374971
0.771209
0.863435
-2.155282
2.447018
2.783702
-8.792226
-1.127697
-3.329196
5.812972
-1.106181
-0.208206
3.780193
4.368487
-6.175318
4.076161
2.494616
6.022524
6.782421
1.628859
0.843913
-0.504661
0.985203
-0.244867
-5.029701
5.491693
3.999642
-1.829843
4.736868
-9.324315
-0.695750
0.781000
1.577445
-0.846554
-6.300988
5.363176
-1.320308
6.927864
1.107390
-1.218310
2.359609
-8.150073
-3.176074
-1.953090
-6.017816
-1.187237
-2.724403
4.185658
-1.820827
0.034370
1.088024
3.694141
-6.579970
5.323426
0.551749
-1.876448
-4.911194
-9.678506
2.737907
7.307903
-2.865675
-3.484368
-5.431868
-6.504957
-3.926492
4.798825
-7.669111
-0.634897
-0.722879
-4.273891
-0.129302
2.249065
4.234797
-4.070915
-4.795187
-2.172095
3.245729
6.139166
-7.152414
4.266322
0.132767
-3.166782
4.435253
9.533923
-4.723487
-0.641405
-0.469306
4.948732
4.075937
-6.481951
-1.072701
-1.420905
1.244170
0.775488
-4.087193
-2.350020
1.909678
-0.975868
-3.430564
2.564279
8.506522
-2.011540
-4.432738
-0.585175
3.155758
-0.547289
3.955071
-1.070555
2.839548
-4.164360
-4.785729
-6.111606
-5.601433
-0.987808
1.461519
1.340385
-1.573668
-1.860715
-4.447473
4.117774
-3.456406
5.337317
-1.168932
-4.217953
-7.618129
-8.978688
-2.473020
3.026158
-0.671149
2.314587
-1.047070
6.342237
3.695653
-0.646280
-0.997599
-9.844848
-3.527271
0.328101
5.594359
-3.005034
1.007592
2.956731
-0.386264
-1.754653
5.216377
-1.454525
2.814540
-3.026283
1.204868
5.426713
1.577609
1.873854
0.758307
-2.546762
-2.433706
3.424869
-4.990829
1.717779
0.357009
-0.882963
-2.556817
3.893589
-6.219203
-4.297723
4.097169
-0.670548
4.515012
-7.391550
2.256088
-3.262429
1.354951
-3.649216
7.359763
-0.067108
-3.765375
2.767891
-8.887653
2.288926
-5.902109
-1.724027
-2.835813
-4.037004
1.070851
-6.319413
2.496828
3.981190
-0.837122
-4.074709
2.930624
-0.127270
5.519223
-3.998015
-0.644429
0.755964
5.405877
-4.072325
-5.826180
2.320956
-4.651268
-0.505694
2.147822
2.976553
-10.007056
5.367332
1.500504
-4.651076
-3.465266
-8.526626
-0.351106
-3.618647
-0.465169
-1.596155
5.141082
-0.836161
1.469966
-3.542985
-3.178427
4.291940
0.509868
-7.424254
0.253656
4.714460
4.302519
-2.596844
-0.358715
-2.611761
1.293929
-1.896023
-4.496178
3.803309
1.208888
-0.109947
4.176328
0.463267
-2.138755
-5.904301
-2.527027
0.415591
4.994649
-1.004070
-1.923059
-2.991767
-5.070847
-1.985242
-2.168970
2.591415
0.353808
0.169979
-2.701328
0.905483
-3.838303
2.539722
1.643762
-0.436133
4.124181
-5.768500
-1.838246
-3.355827
5.092473
-3.149638
0.031692
-0.906973
-0.383020
3.745449
0.158979
6.010865
-5.759065
0.779424
7.946800
-7.380055
2.458836
2.322685
-1.137271
3.908928
-0.265978
-1.055978
-2.957303
2.532736
-6.088320
-3.301866
-2.974353
6.301065
6.895489
-5.151856
-0.126224
-0.371941
-11.530541
-4.912775
6.104635
3.479507
6.869863
3.027209
3.652964
-0.978822
3.607564
4.462780
-2.167673
-1.154734
-2.905679
1.281312
-8.596272
2.510060
-5.527942
2.107512
0.710388
-7.342287
-4.727059
3.780855
-0.674213
-1.920061
-3.465709
-5.266790
-1.959197
-19.203430
8.752394
2.703729
-4.134326
2.430806
-1.699487
7.950061
1.651871
-1.222871
-5.284699
-1.799746
4.328250
-0.148693
-6.859988
2.345948
5.975348
1.798546
-1.926836
-0.020346
-1.589433
-0.151456
-1.184649
-3.406014
4.365701
3.142802
-0.778511
-3.155762
-3.689489
2.843086
-5.331194
2.991379
-0.122370
5.916584
-4.635643
4.697363
3.898406
0.923285
-4.270592
-4.990694
4.722844
-2.514694
5.087644
0.023108
5.757991
0.173228
5.052016
4.355956
-4.260617
4.773547
-1.186549
4.317368
-8.006877
5.063969
-2.630478
-1.090596
5.347448
-3.887714
-4.119388
0.384719
1.791391
-1.580939
3.765913
-3.694571
-4.029437
6.719223
-4.102655
1.468238
-1.058596
7.894984
0.254738
4.363203
-0.647785
-4.811596
1.747453
-3.657034
4.561857
2.201513
3.801541
-6.299300
4.148970
3.436060
1.345847
-4.151373
-4.783543
0.727886
-1.245516
-3.361290
-6.475621
-3.154675
-2.510343
4.345063
0.654168
1.205093
-1.785481
-4.907750
-0.776877
8.450113
-3.086936
3.621564
2.291180
-1.818084
-2.267936
-2.486052
-2.199202
0.601123
1.718223
2.576110
-1.224724
5.212868
5.468655
1.502084
-0.870073
4.987804
-7.332511
-4.632622
-3.475670
3.680928
2.572855
4.270898
3.062696
-2.521545
-4.342522
0.201873
-1.866733
1.266896
0.006833
2.553002
0.271080
-0.636585
4.938734
0.516995
7.085370
2.723257
4.004934
2.027341
-6.058684
-3.752824
-2.062720
0.397904
0.328789
2.655106
4.283165
1.567614
-0.441052
-5.573402
2.528379
-5.341495
-0.650132
-4.303480
-7.192151
-0.478496
2.347579
-0.630389
-0.564981
-6.780802
-1.312144
0.401941
-4.135365
-7.771835
4.852082
2.452062
-2.101598
-2.694838
-6.829437
4.811663
-3.089062
-1.058089
8.151105
4.509613
-2.941208
3.407621
-8.387547
-0.189073
3.097071
-6.309374
3.474624
-0.167383
-6.808034
2.511177
0.461327
2.003760
2.272920
-9.749805
-1.168414
-3.902022
2.036718
-3.503918
-0.582448
0.814302
0.832771
0.738907
-2.869386
-2.740303
-2.616366
1.180350
-3.921462
2.895706
-1.844483
-0.317921
3.125100
7.120990
-3.612107
8.001588
-1.730121
-4.345158
-3.051898
-6.842961
-4.808850
4.023660
0.800734
-2.327954
-1.637850
0.664363
-5.420766
-5.206666
3.276806
-1.822858
-3.720048
-6.657279
1.793290
1.384280
-3.764025
-2.108536
2.254924
6.803804
-4.076041
3.614408
-0.806136
-3.600021
-1.371744
-0.656374
3.214860
3.175578
3.467298
3.275005
3.351075
2.722273
-2.547176
3.225182
-2.049594
-4.826424
5.516527
-4.651499
-3.224492
-1.150177
-1.057827
-2.071312
-5.950575
0.761274
-5.628177
3.498398
-4.556101
4.830220
-3.307484
-7.681140
4.304449
-4.664354
4.012794
6.718131
4.786148
4.521177
3.463789
-2.188973
3.180231
-1.245049
-2.108742
-1.056466
-0.913997
-5.357945
1.377726
-2.450762
-0.230995
4.764745
-5.398932
-3.566160
-2.536192
8.463054
-3.127884
-2.363934
2.323860
5.559042
-0.575465
4.851262
2.235737
4.087409
1.477825
-0.419958
-3.423270
-4.404335
2.039015
0.353500
-1.732871
3.649398
-1.396741
-5.500003
-0.813630
-2.570450
-0.655244
-1.813353
-2.094169
2.626140
3.749628
-4.517991
-3.571166
0.057775
-2.029431
-3.014297
0.130176
-1.471473
-2.733149
-1.436485
-2.243530
-3.603856
-1.209878
-3.581870
5.421582
-4.279463
4.214965
-2.598582
-7.313500
0.362061
-3.757622
-4.979880
0.988343
-1.460611
4.342313
-3.367002
-0.268858
-5.834133
-5.643496
1.401656
-0.678948
-4.627964
-5.200850
-6.114330
-2.556612
-1.095373
2.225883
-6.619786
0.928185
-3.639238
-0.388306
0.600355
2.450942
-1.926343
-1.684447
0.598568
-0.811206
-6.110551
-4.943996
0.995799
0.226120
2.608726
-2.873086
-4.606724
-4.881996
2.879300
5.489210
2.918528
4.117747
-6.963951
-0.963791
-3.671058
0.810800
6.333045
-0.706225
4.077968
0.306464
-5.727087
-7.657012
3.860815
4.669495
4.423898
-6.260801
-1.727892
2.309227
-4.830719
-4.062895
4.292975
-3.611498
4.589457
1.023363
-5.127384
6.629203
0.680588
-3.581175
5.682792
2.499618
-1.734834
1.709432
3.136164
-5.834389
-2.754879
-1.400680
1.232582
-1.571020
-2.162477
-5.749584
3.076137
-4.306401
9.161513
0.648741
-3.736871
3.713620
5.638690
-0.032495
-0.116814
1.974891
-1.953742
5.638092
0.982979
7.865874
0.244557
-3.621138
3.801463
1.728818
-5.403646
-5.521970
-5.239830
1.967905
0.079024
-2.354401
-0.859080
8.960560
4.561947
4.734719
-2.294414
0.669968
-2.646471
-3.870519
-3.672456
-3.271121
0.664843
8.262897
-3.753104
-1.407218
-6.240213
-1.714210
-1.666371
-6.280180
1.016049
-4.655413
-0.332459
-1.870996
-4.933394
6.272317
-0.096089
1.829798
4.660281
-2.075237
8.203729
-7.769061
-0.183661
-3.512882
-2.796003
-2.365623
10.887074
-4.948045
4.982122
0.970073
0.853379
6.692901
-3.178339
3.721687
1.786711
-5.410141
5.911697
-3.468228
2.959733
1.053374
-0.252373
-5.464430
-5.165110
2.415913
-0.024467
4.737064
1.651715
7.949758
1.681260
4.667551
-0.917351
2.683269
5.804675
6.922346
2.391861
7.263443
-1.624321
-1.815528
0.562523
-5.594987
5.607288
5.767878
4.849876
0.312438
6.377345
-0.629586
-0.021314
-4.172721
2.619596
-1.776775
5.363393
-3.854492
-0.024739
-0.225019
1.218867
1.725035
-6.177311
0.773548
4.147476
-0.833479
3.894516
-0.629024
-3.791726
-1.606418
-4.259315
2.651321
-1.346250
-2.308333
1.797284
-5.355383
-0.924944
2.860132
3.300891
-0.684782
-4.183935
0.698755
-1.690122
3.147306
-3.632286
-6.635376
-5.256542
-4.260293
-5.768630
-5.711254
6.099301
-0.816816
3.353661
-2.234364
-1.708109
0.634989
4.997380
-2.910099
-2.640848
7.179519
4.005715
-4.936887
1.678434
-1.348001
-0.988815
-7.129795
-4.480165
-0.761814
-5.813319
-1.363202
3.334162
3.057210
-3.288534
0.045315
-4.357056
4.284842
2.633249
-2.480390
2.128770
-5.987075
2.150522
2.682079
-6.231183
-5.305556
-2.992405
-3.989259
3.733664
6.917519
0.743978
2.709755
3.618971
-0.377391
-4.717748
2.754388
1.298155
-6.074635
3.231399
1.929139
0.230922
-6.687085
-7.643442
-6.375963
7.244345
1.032996
-5.581354
6.388189
4.719473
-4.075576
-6.527542
-0.050466
0.424192
0.319447
-4.828458
-2.881259
-4.347082
5.277325
-0.215446
-3.728703
0.365537
-5.799128
-2.766670
-5.045429
4.239257
0.382686
4.532933
-0.463876
0.747449
-6.881088
-1.228189
7.698910
-1.045745
-2.933161
-5.469941
-6.570724
-2.838903
-0.014455
-6.272983
5.495504
-5.702035
-1.912680
-4.056281
-0.421427
-0.864589
-7.385636
5.372187
-1.349912
5.894604
-3.445905
0.768430
-6.049048
-0.222144
-5.759801
4.413738
0.910957
0.462096
5.117644
1.507223
-1.787542
7.843760
-4.173943
-3.281617
2.566317
-4.755719
2.808353
-5.835631
-0.839755
5.034816
3.026875
3.024884
0.815781
2.462978
-1.066758
-2.750628
-3.069096
1.132595
5.976264
-7.552003
6.467733
-3.889295
-1.185001
-2.283177
-3.893475
-1.559000
0.747250
0.589813
-2.699862
-0.230393
4.467837
-0.910434
0.894520
-0.720294
-2.880468
-6.196659
2.578259
0.853039
-2.556057
0.913955
6.081577
-2.966192
-6.734575
-3.404285
-1.515670
-6.055943
0.072068
-3.556907
8.684074
0.944808
1.246091
1.043436
-0.175295
-7.868550
6.677595
2.039426
-0.012793
4.394073
1.365655
-1.525264
1.116843
-3.143495
4.330721
-1.470555
-0.686766
3.839039
-0.977087
1.387383
0.728769
-1.946232
1.215994
7.164457
4.550656
1.239682
6.422344
-0.767415
-7.144725
-6.236310
3.967351
-2.602904
-2.874150
1.696775
-0.852944
-3.710420
-2.778829
-0.715550
-7.168121
-2.712784
-1.357584
4.300293
0.768533
-4.348572
5.311427
0.000504
2.258654
5.420228
1.422133
5.392487
-3.149456
2.866758
-8.843756
2.000597
1.536924
-8.609517
5.541852
0.301717
2.579338
5.209329
-0.999385
6.476079
2.192305
2.672177
-4.848561
-2.548480
-2.559393
-1.393480
2.056798
0.100334
5.490480
5.539038
-1.955128
-6.663006
3.690216
5.735743
1.050324
2.258361
-0.918625
2.567981
6.704802
-6.083598
1.053920
-0.104978
0.573119
4.601778
-4.674582
-5.563293
3.040991
3.215493
3.452774
-3.198210
-3.187255
-0.358940
4.684516
-2.279994
-11.872164
1.838862
-3.080468
-6.500377
-0.110882
0.039477
3.123926
2.345467
1.554275
4.934863
-5.927467
-1.846103
4.458141
2.725886
0.793245
2.070713
-4.220072
-6.685062
-6.055840
5.988094
3.858896
1.343614
-9.594394
-4.986974
-0.337326
0.436077
4.103596
1.854565
4.697403
0.180036
1.896106
0.241336
-1.102611
-2.690955
-3.880973
7.762720
-6.044676
-0.958190
-3.678421
-2.933801
1.917584
0.210255
2.868395
-0.819176
-4.187291
0.327950
0.158646
-4.401871
-5.503026
-0.252423
6.294291
-6.912611
-0.502429
-5.829653
1.527249
4.304752
0.415208
3.992035
-1.202398
-3.458108
-0.315316
-3.407510
-1.242751
5.108867
-1.835088
3.466115
-0.918189
-2.412891
3.721360
3.724280
6.765939
-1.723953
-5.194083
1.036330
-4.270465
-7.040413
-8.731618
0.752435
0.170801
-4.201927
1.225251
4.692147
-4.707280
-1.125580
-6.818275
-8.058803
3.658740
-7.369577
-3.658802
3.536738
-0.987740
5.529248
0.613051
3.294683
-2.267023
-5.278700
8.970508
6.502856
-4.454508
1.737050
0.641110
-4.599267
-3.881337
1.568046
-1.840946
-1.898355
-3.594255
5.783945
1.213602
-5.095829
-2.044745
-5.516721
3.621012
-0.486409
-0.876162
-0.422763
-2.819944
6.125344
-1.252838
-0.555645
0.306436
2.170602
4.353550
1.010822
-7.237827
-4.139544
7.049660
2.169757
-7.279978
0.245793
1.144852
3.555725
-4.364787
1.167172
5.760671
-2.378818
3.284646
-6.068453
-3.738404
-1.412766
6.152976
-2.447134
6.338477
-2.071338
-3.178494
5.397045
1.439035
9.874237
-3.556484
-0.911620
-4.205079
1.449702
0.545910
-1.246476
6.457742
-6.010988
2.129537
-1.873656
1.185379
-0.895629
2.759884
-6.357442
-6.228087
3.967642
-2.168165
-3.458181
-4.360271
0.902199
-6.614959
2.513160
1.688608
1.289129
-2.222306
-2.445456
-2.768187
6.715739
-3.101933
0.614470
0.086842
4.123822
-2.752861
0.993357
1.211383
-8.362413
-7.144834
3.781812
-2.177431
-1.409711
-3.220856
-5.645020
2.535760
2.846935
6.770751
-6.167953
-4.702015
6.198215
-7.002678
4.230100
5.398694
4.762450
3.025749
-6.992373
-6.535242
-5.284333
3.971434
-5.819221
-0.846544
7.649317
3.239590
-1.949603
2.782433
-5.113937
0.113268
4.819938
-2.429134
-4.076181
-0.790247
2.131645
-0.318475
0.570451
-1.227194
-6.755375
3.353450
-2.601955
-2.253399
0.794573
-0.761688
-3.476183
-1.896897
-2.378578
-0.597740
2.706035
-2.346717
0.444194
-0.859350
0.767214
0.976424
2.125272
4.245103
0.397883
-6.668653
6.443766
-1.179090
2.792473
-3.422177
-1.209539
-4.420843
-0.320032
-7.252757
3.047911
-7.368296
-3.557899
1.581627
-2.111986
-1.693761
1.536278
-8.941459
2.495228
-4.066196
-9.893069
0.697973
-8.029490
-0.683651
-5.171777
3.946713
0.534809
1.673622
-4.280899
6.840830
1.818209
-4.436362
2.388071
5.658407
-5.228380
1.819589
-9.581458
1.271922
-0.497247
6.937811
3.299291
-0.105109
3.488142
-10.149399
0.967186
2.221309
4.377426
3.106596
6.714541
5.717138
-0.588184
-1.301713
-7.293416
5.035248
-5.307766
5.223169
-3.216607
-1.731117
3.532074
-3.802302
3.586019
0.034764
-1.460742
2.909163
6.072610
3.350637
3.441210
1.510738
0.343064
5.519782
3.397180
-0.208746
4.235907
2.025227
-6.921602
-2.392036
0.049096
1.366399
-0.085586
1.697858
5.131730
-0.684462
-4.262974
6.099567
-4.147048
-0.677459
-0.267665
2.895751
3.339276
0.465738
-4.129558
-6.181816
0.069258
2.327186
5.510007
-4.518822
2.009356
5.606538
-5.446712
-6.381493
3.644821
-10.301220
1.450518
7.697521
4.686756
-5.981126
0.339520
-2.477610
0.064971
0.971205
7.990756
3.337644
-5.567750
-3.124909
1.366030
2.414419
-3.506589
-3.899534
2.288511
-2.668048
2.839652
1.373395
0.083617
-0.084639
6.222251
5.485222
-3.537921
-4.391808
-17.523705
2.791164
6.197065
2.661968
-0.505854
2.634935
1.494482
-5.252702
2.967434
-0.084022
-1.909999
-0.626221
4.203694
-0.142144
0.422914
0.888207
-1.528316
-1.593740
2.266602
-0.394105
-7.998373
3.870160
-4.439294
-5.987684
-2.689643
3.324215
-1.947110
5.857237
-3.613631
2.128671
3.508702
3.288175
1.823453
-5.513651
-4.482921
-3.569757
3.846439
-4.305036
3.268523
3.130800
-3.181897
0.214917
-7.122011
-11.733368
-5.183173
0.605348
-1.375230
-4.274423
5.662101
1.374206
3.836374
-0.731699
2.599918
4.698009
0.555128
-5.111843
-3.553397
-0.953403
2.668491
-1.490962
4.167613
-1.830494
-0.761479
-5.131351
-3.754012
4.401477
2.623455
1.386873
-6.809469
-1.539743
0.581955
-6.128574
-3.663137
2.681773
0.966911
-0.227186
-4.095072
-5.688219
2.556002
-4.190333
-1.130428
-1.888002
-3.652993
5.642854
-5.710468
-4.222775
-0.347846
-2.399439
-3.468601
-2.668543
-1.462878
2.155195
-8.690290
0.224475
-2.481736
-0.780960
0.940572
2.928475
4.124845
1.782281
-0.763284
-2.755460
-2.933527
1.682325
-5.332275
0.046097
-1.533714
-2.545288
3.346453
1.344288
6.302102
-4.070727
4.011277
5.684901
-2.882975
3.912737
4.820577
4.402744
2.524711
-0.556985
4.743670
0.363444
-5.469235
5.147550
7.559651
-0.822954
-2.056251
-3.469848
7.067222
8.443097
2.379585
-0.579379
-0.756226
-1.499538
0.448468
-4.842259
-9.362926
0.415796
-3.831301
-6.311149
-3.974162
0.210300
5.441881
5.358949
-1.812326
-8.531731
4.662736
-3.123971
1.190116
2.219254
0.630162
-1.813106
-2.663974
-2.356281
1.288178
5.953000
1.412008
1.854424
1.598079
-1.060678
2.630134
-0.352454
0.899180
3.604538
4.806574
2.730098
-0.962393
3.847335
-6.834423
0.500573
-6.202098
-10.373958
-3.266915
-1.407694
2.460845
1.703987
1.755126
1.685048
0.257658
2.327285
0.153589
-3.660762
-8.744944
-4.532610
1.108549
3.884945
-1.445012
2.607449
4.976627
2.815031
-2.664485
-3.154623
5.783319
5.880917
-3.138519
-6.301138
2.484261
-2.927653
-0.380525
-5.563754
-0.651798
2.814029
-2.812185
0.144867
0.249208
6.919061
-1.835824
-4.113288
1.323065
-2.502326
1.334578
-1.200710
-5.618366
-1.389156
2.338526
-1.164403
-5.469464
-2.522991
2.460869
-1.916567
-1.502654
1.606365
-3.327392
1.709787
-1.772192
-4.092327
-0.809212
-1.093206
-4.090807
1.933569
-0.621201
-1.183219
0.311337
5.211119
0.296963
4.479366
-3.014143
1.210799
7.478135
2.085352
1.525901
0.398677
1.909178
-6.781933
1.300573
4.697795
3.007160
6.462634
-2.637994
0.457698
-0.207107
-4.309583
-3.307863
-1.793404
-2.349334
2.007309
-8.670460
8.082642
-2.112730
-1.683886
-0.136648
-3.929429
8.027330
-4.978871
-7.347373
2.379196
-1.945248
2.044399
2.533945
-1.241180
-3.754371
0.487972
-2.781018
8.323229
4.491086
1.816262
6.462298
4.067917
3.726646
1.634922
0.550654
2.831216
6.513935
-2.247709
2.865775
6.132884
3.716743
6.703248
-3.535489
2.167706
-3.817811
-2.663179
1.685420
0.461766
-2.899377
-8.061035
5.791911
-3.725339
7.429186
0.712959
-1.578393
-0.408124
-1.039595
-3.777932
6.659201
-6.650464
-5.620075
3.836885
-3.486050
6.137327
0.389327
4.062507
0.312246
0.836600
0.810511
2.053819
-0.736754
-7.331760
-0.664978
0.094217
-0.057088
-6.444497
-0.544836
-0.379937
-4.468245
-2.869941
3.637674
1.494502
4.862729
-4.292488
2.368180
1.467220
0.690079
-6.821420
-1.302646
-4.217235
-0.604221
-4.384099
-3.990893
-0.580231
-0.713348
-2.081511
1.847609
4.849473
4.101650
3.740141
-3.079885
-1.596346
5.026502
2.467498
-0.520339
-1.924583
-5.034722
1.418967
8.460501
6.391936
-3.690225
-1.063772
-0.166615
2.831184
-1.825782
-5.660876
0.315995
0.772695
6.988595
-0.914460
-1.516366
0.204575
-7.028494
-2.917779
-4.486529
3.569190
3.867252
-1.228233
-1.141153
-5.024283
3.526043
-1.097071
-1.497157
-4.510512
3.980945
0.784221
-6.113887
-5.126243
-3.001557
-2.024068
8.569992
-3.079920
-0.789313
-4.961339
-3.358801
-5.103574
-3.665743
-1.669708
-1.543656
-4.233112
-4.273278
0.965968
-1.134742
-1.953039
-3.454590
-10.982113
1.176039
3.371109
-2.848131
-3.178820
0.342906
7.588802
-2.220235
8.486887
5.758271
2.834058
0.804331
0.616678
-0.083875
-3.963046
-1.604617
1.339576
-2.071176
3.969940
8.441951
7.429539
-3.311502
2.577932
-5.959519
5.048764
-5.801722
-14.467245
-0.140890
4.318429
-4.812873
-0.947148
3.709718
7.097288
1.391768
-2.937553
1.249610
-5.325171
5.356836
2.743103
-0.518674
-3.964844
-2.327907
2.850659
-1.434686
-5.102067
-3.463262
-4.544361
0.148848
2.227201
4.987978
1.966431
2.166219
-2.712253
-3.147965
-6.334644
3.896404
-4.879859
3.496160
-3.488125
1.582959
-3.311098
2.447572
-3.052433
3.269494
-1.610640
-7.743462
4.219648
3.024031
4.465782
6.174392
-2.716705
4.304503
1.986493
-6.174658
-1.779625
-5.946928
2.490637
-3.062663
1.781386
3.930747
4.392951
-5.431956
-2.507932
-6.416755
1.021398
0.705413
2.066183
-9.697799
5.713001
5.234521
1.970962
-1.049818
-1.159222
-3.020861
5.240116
-9.467155
-2.337429
4.918025
4.744845
-4.222343
-2.112864
-5.091806
-2.042830
-4.198061
-3.057709
5.452216
1.149972
1.615030
0.220993
-2.188901
-5.043439
-0.531230
-4.488771
4.210105
-4.894062
-1.644993
-2.534804
6.990860
-0.142849
-0.233772
-2.701958
0.400349
-4.413828
-4.908734
3.003849
-0.717699
3.831130
-3.520772
-7.479776
-6.618477
-6.653437
5.700382
1.594714
0.971823
-5.537889
1.018463
-3.862132
11.449198
0.527144
2.885539
-0.242950
3.018825
-1.915426
3.223338
-2.253956
0.305068
0.972838
7.197513
-3.966310
-1.166983
6.506896
-6.523635
-2.047754
-2.681893
-4.778125
-4.216574
-3.906267
3.691133
-6.632125
3.481938
-1.599014
3.444845
-5.802212
1.358344
-6.080178
-9.670749
-4.889563
-6.609717
-5.223961
-0.204043
-0.151667
-5.739886
2.364338
-0.212206
-0.348186
6.348196
1.347583
3.449991
-5.413855
-2.559736
2.440054
-0.015248
-7.276230
-2.889712
-3.169105
2.760775
2.048189
-0.324627
-1.851528
-1.588249
-1.041835
-8.382752
2.208999
5.214797
-8.441543
0.451348
-3.095921
1.068155
-4.813284
1.026191
0.050400
4.085711
-0.200526
4.635624
1.627434
1.777452
7.787523
5.178670
1.911548
2.300619
0.713541
2.341229
-3.108364
-0.924417
-3.507294
-2.384169
-8.220794
-0.698189
1.320173
-0.821409
-1.602032
-2.874238
1.522830
-1.365384
4.188400
-1.541245
-6.504209
-0.686575
2.531321
-3.121944
-5.407138
3.845541
-6.228047
-6.561343
0.922212
7.394531
1.507077
-1.262804
0.281665
4.371804
5.650933
0.524469
7.426755
-2.716098
-0.789904
-1.286357
0.288824
2.242302
-1.306498
-3.206780
-6.242467
-2.387095
0.631440
4.591867
-6.720251
-8.187916
0.948125
-1.552100
-6.057219
3.423159
5.338799
2.061584
-1.186215
-4.568390
-4.687213
6.772394
-0.790443
0.584278
0.302519
-1.090217
-6.157512
2.358774
-1.091311
-0.181496
-2.287317
6.604584
0.359380
-4.879112
-6.267318
1.496783
-7.252355
1.172182
5.554400
-1.241096
0.745156
5.425436
-1.340621
7.951994
0.132361
1.838716
-2.937350
-8.369279
-0.513931
2.317174
-7.971492
-7.307801
-1.136277
-4.520807
-3.127682
2.012013
-2.593240
2.276502
-8.511175
6.852939
-3.040462
-1.885406
4.039100
3.975777
-4.028468
-1.950527
-3.951155
7.318363
-0.548900
2.849945
-2.300127
-5.153071
-0.707273
-0.055250
1.278721
-4.043225
-0.933340
-1.691661
-0.033192
0.069736
-3.309001
4.564547
-7.152252
-1.252753
1.943615
-2.007255
-3.666667
-6.240165
1.776245
0.242975
1.146596
5.325755
-0.862522
8.233274
2.817450
-5.698376
9.939651
6.019549
1.959549
-7.635714
0.522981
-1.057958
3.174986
0.756513
-2.737213
-6.527412
-0.217378
1.226253
-4.824728
-1.236506
5.601396
-2.364790
-4.603932
1.906055
-9.336513
-3.346652
-0.467145
3.505387
-4.100065
-4.505658
2.201654
-1.173217
-2.685948
3.902839
-0.362297
11.260419
2.838296
-5.125928
-0.212047
0.998301
-2.661468
-1.946678
-5.285487
0.436014
1.138664
-5.736773
-4.654989
2.074439
1.185155
-0.905611
-5.403730
2.848750
2.284118
5.746049
-5.710317
5.282228
2.737803
4.051816
-2.730837
5.664918
2.511822
-1.590827
0.721000
3.410201
-0.484499
-4.426337
0.658953
-4.788679
-2.065521
-3.549253
-2.612345
0.251850
1.524703
-6.215090
1.152953
2.418973
4.682718
-0.954724
1.530781
-2.824861
-3.932296
1.663647
5.938155
-2.801961
-2.316506
7.511562
-0.938005
-4.031354
-1.488574
-2.697426
-0.752892
-4.203542
-0.304659
-3.187045
0.389202
3.699949
-4.130056
1.686638
4.786719
4.930888
1.636644
-3.766494
-2.432741
1.101717
-0.971158
3.090198
0.325415
0.487176
-0.275128
-0.943806
1.579449
-4.905850
-0.638538
6.072458
-4.943382
-1.517788
-1.623684
1.794649
1.851792
3.867300
-0.109255
2.999556
0.050240
-4.186555
-2.452798
-5.691410
2.530888
-1.218775
3.194860
6.028587
-1.803689
7.396906
0.369654
5.749050
2.730217
-0.207418
-4.426300
3.647250
5.329288
2.252799
-0.878747
5.752090
4.860822
3.440460
2.710792
5.393487
1.746095
-0.997033
2.143842
4.336295
2.761030
3.117903
1.155239
1.984726
0.450169
-1.227625
-3.105132
-3.601327
1.510218
2.219210
0.630644
-1.677309
-8.827533
7.974856
-0.071964
6.353148
-2.574500
0.129190
1.448624
0.829729
-4.090789
0.252552
-4.530534
3.405845
-0.667114
2.754679
0.888318
-2.715247
-0.179059
-2.286132
0.851528
9.576118
7.215347
0.391074
-2.216308
0.263142
-1.799354
-0.128696
3.566436
2.429289
1.098202
-5.535381
5.652283
-4.970847
2.919007
3.452903
0.621394
-12.631858
2.939487
-0.969319
0.966794
-1.481366
-3.880774
1.877502
0.683260
-4.459671
1.468871
-2.708627
-5.914743
-2.431057
-3.520738
-3.910147
2.944948
1.833391
-2.202108
-6.869547
-1.671240
-1.261459
-2.025803
-3.997786
2.296414
3.796872
-5.074579
-0.476935
-0.285246
4.523034
3.052301
-6.534172
5.899243
-1.558224
1.779216
-3.151347
2.789858
4.748947
-1.929187
-3.043249
-7.477997
-5.679900
-3.633720
3.818236
-3.435728
-6.931369
7.059316
0.006964
4.045102
-3.781257
-6.083918
-1.940522
-4.426919
-3.493750
-1.985059
-1.798587
0.433555
-1.863513
-5.245128
-5.308276
2.433067
-11.360778
1.869733
8.771117
1.720395
-11.013910
5.364701
0.133102
-5.418297
-3.685163
4.835176
-0.089411
0.426169
3.125810
-1.014693
-2.525062
2.137206
-3.817769
2.503111
-2.163514
1.537627
-6.210115
-6.198013
-1.681027
-7.149841
2.904266
1.933660
-2.784526
-1.228066
-4.588753
-0.793888
0.782513
-0.406378
-0.752074
3.477099
0.494697
4.134075
-6.884465
-4.146921
-9.319049
-4.044134
-0.380241
-6.760720
-1.176161
2.815885
2.038757
-4.407638
1.173602
-4.086665
3.698476
-2.538647
1.940890
-6.306540
1.932597
3.760963
-6.467432
2.607974
-5.763291
6.676555
6.308664
2.919333
-3.561927
1.794344
-3.520266
-4.687263
-4.334114
-2.446205
-6.356933
1.601613
6.649057
2.823387
-0.989880
1.189909
-4.932442
-0.831366
0.536792
0.151713
-0.030119
2.207688
4.678997
-4.452826
8.137956
6.799717
1.012028
-0.355330
-2.984109
-1.894136
-0.669662
1.412938
-3.403964
0.411890
-0.006344
-3.155415
2.945162
1.269334
0.652453
-1.576356
3.854914
-5.005533
0.396501
-3.291187
8.327605
4.979023
-3.836690
-5.063980
-0.665716
0.926265
3.614526
1.231050
-0.742762
2.926285
0.311674
-1.443950
3.687260
-6.839545
-5.013858
3.629960
2.589521
1.847904
1.226275
2.943507
3.547581
2.617867
1.840557
-0.731009
-4.631054
-2.934926
-2.976829
-3.351300
-6.486027
5.604768
-3.144604
0.889860
-7.160992
-3.001333
-0.361686
6.169615
3.942904
3.085287
-2.433018
0.809261
7.128470
-1.626768
1.311305
0.019443
3.303976
5.276666
5.780453
-0.399262
-3.312895
0.986802
-4.761000
-2.389616
-4.222311
-1.979881
0.692910
3.297150
-1.431962
-0.848289
0.191747
-5.166750
-7.587145
8.052442
0.250244
-0.806961
4.277737
-2.229014
-1.756467
-2.008958
-1.832947
2.624007
-5.374155
1.014477
1.492110
-4.017448
-4.878445
2.685407
-7.578981
-12.203731
0.220277
-4.032078
1.297413
-1.189281
-1.240390
0.997664
-3.928197
0.492758
5.654164
-0.826975
-0.948729
-5.066387
4.192998
7.640940
-0.850010
1.160051
-1.544436
-2.932266
4.920025
-4.034149
1.059994
-1.549478
1.221265
-1.027605
-4.827929
0.960156
-0.277796
2.771411
1.273983
-3.345480
-2.206610
-6.176636
-4.064452
2.185423
-0.636805
1.792925
-6.925413
-3.988427
0.136364
-4.537188
-3.980356
-0.740835
1.565870
2.947186
-0.780478
-0.557988
4.092737
2.196812
2.275782
-3.167339
-7.009871
-2.468455
-0.533797
-0.040586
7.517879
-7.227712
1.399165
-2.472590
0.364487
-2.709869
-4.416336
0.850969
-7.418630
-3.704831
-6.747212
-2.595174
0.537223
-0.710410
-2.575835
5.121525
-5.777411
-1.576662
-1.837811
2.321647
2.257722
5.083291
5.145313
2.686052
6.282002
-1.793060
-4.627596
-4.004032
3.726126
7.727500
0.813845
3.232809
-1.826617
1.831452
-3.279232
5.242050
-2.288721
4.528478
-5.579587
1.790051
-2.945572
3.542037
-7.449646
-7.995461
4.561493
-1.356716
-0.858818
-2.565225
-1.129440
-1.694945
-2.265246
-5.481665
-2.318009
-4.796409
-6.247937
-1.447742
0.531418
1.681706
-2.738665
-4.103386
-2.065991
-1.683443
-1.543507
-5.240079
-4.316398
2.774423
1.206954
-0.055101
-6.630282
-1.042428
1.450308
-2.849310
-2.116549
9.470599
3.181709
-2.514810
5.041263
6.149045
6.547309
3.004714
-3.454720
4.953641
-4.599977
-0.338719
4.488572
-0.495305
3.060170
4.146035
-5.441820
-2.316346
5.079048
1.660826
3.313504
3.343602
-1.461506
-2.379470
4.271802
-7.970097
6.278438
10.082286
-0.650142
0.447632
6.463881
1.046400
4.904415
-3.821754
-0.644471
2.824431
3.246580
4.841177
5.819562
1.893193
-2.437036
-5.230730
-0.033158
2.354114
2.409792
2.173452
2.845360
-7.636354
-1.748104
2.484633
-5.936362
4.111037
0.153287
-1.066328
-0.926143
-2.338115
-4.553820
-3.240719
2.410580
-1.602246
0.446308
-2.216364
3.992368
3.445773
2.106831
5.867827
-6.872870
-9.012591
5.741048
2.170076
-3.744096
3.432444
-3.989499
3.241152
-3.930174
-4.639812
-4.843618
3.722669
-5.982937
-2.691603
2.189357
-3.421760
7.361300
-0.471215
3.665980
4.724946
5.282564
-3.238131
-0.105395
-1.879906
-0.058274
2.604427
-4.091470
-0.817930
-6.091376
0.962008
-1.520217
-4.161623
-6.564475
-4.118391
4.022102
1.785814
3.436314
-3.080312
4.692803
-0.624446
-0.118337
3.584209
3.894547
0.423845
2.963086
6.110296
6.144075
-8.076379
2.518266
5.200222
-1.620332
-1.596748
-2.208632
3.417104
6.085968
0.866638
2.762694
-6.051939
-1.547703
1.780312
-3.015524
-6.856729
-2.363037
-10.155547
2.884327
-4.339319
-9.494747
6.853574
-0.739294
3.554801
-1.792858
6.998820
2.512878
-4.627863
-0.611050
4.666283
-5.521111
-2.989865
-0.684154
3.206375
-7.342830
4.699055
-4.533069
5.738751
4.247890
-0.170918
-1.524149
-0.843998
-6.462945
-6.698213
-1.936455
7.342174
-1.847585
-1.691145
1.365061
7.248855
-1.665288
-6.877110
-3.363486
3.182705
3.714329
-0.081969
3.074082
1.353866
-2.963450
-2.477981
0.517721
-2.049272
0.269786
2.798231
-4.845008
-3.863759
4.660182
3.090671
-2.736113
3.371481
-4.811564
-1.147929
6.947384
0.729708
0.562201
-0.654085
-3.347264
-4.667746
-5.811543
-5.446118
5.144405
-6.993053
-1.636150
5.860366
-0.626151
-2.618939
3.583194
3.220130
4.353171
-2.028384
-0.373495
-2.547556
-1.737092
-2.167005
-1.004116
-4.167297
5.975298
2.110301
3.611200
-3.437981
1.190684
1.945969
-5.495602
4.796436
-1.995733
4.546782
1.870747
3.431170
2.485590
-3.899707
9.800554
-2.620670
-6.041241
4.216875
3.425227
6.767973
-2.425169
1.852872
-1.849677
-3.393744
-3.438539
-2.400483
-0.714078
-4.786295
1.852897
-4.711770
-2.935568
-0.338823
-7.388544
1.045517
7.200052
-4.736496
-2.263708
-2.606636
-0.629767
-2.616196
2.440152
3.230641
-5.475961
-4.022747
-8.250080
-2.639513
0.449555
9.126591
-0.575990
2.125082
4.006649
0.762522
6.149994
-6.335421
-4.208807
2.578542
-0.109530
2.519591
-7.553550
1.070319
-3.343515
-4.959989
-1.081238
1.865416
-1.136214
-0.029578
-3.769512
0.835678
6.791684
3.473198
1.883872
2.169853
6.473962
-4.713158
3.001054
-5.443592
0.785037
-6.091677
0.865979
-0.844223
0.264506
6.046013
-2.640802
-0.825398
-0.673078
-2.344577
-4.253716
2.501581
-5.072357
3.230703
-3.694207
0.107168
-4.285964
4.301548
1.306789
-3.085409
-3.679023
-0.852930
2.631436
-0.517857
0.329914
-2.031096
-2.508252
-4.839970
-4.548954
3.034094
-2.426767
-1.830529
-2.534805
-3.471289
-3.594306
-0.178660
4.941941
0.787129
1.034036
3.535837
-1.513858
-3.819253
-3.088932
6.567968
-3.049757
3.241969
2.194894
-2.489413
-0.094004
-1.763221
-2.330742
-4.051816
-5.455565
0.631341
-1.809040
-4.613279
3.835539
-8.379030
4.420846
3.303727
-5.338630
-2.714173
-0.141252
-0.279295
-5.188397
-2.865414
0.973162
-1.440591
-1.871107
0.008181
3.949370
-4.151869
-4.646412
5.395847
2.918506
-2.081083
3.161367
2.763924
-0.203863
2.759510
1.652733
4.796039
-2.477944
-5.448431
2.117661
-8.308243
4.281137
0.954821
2.920269
-5.454545
-2.620833
-9.869713
-4.480384
-0.696047
-4.119810
-3.156833
-0.732823
-3.438410
3.622639
-5.093369
2.907453
1.731093
9.572655
-3.577433
-0.523152
2.205561
-4.911105
4.882439
-1.860028
8.559690
4.499053
-4.976733
3.121756
8.487982
3.278289
-1.508682
3.221872
2.783920
-6.294768
5.004518
-3.972168
-0.565808
-2.549003
2.023914
1.557335
3.914066
-5.102258
-10.693836
3.917308
8.145919
2.101584
-2.656786
7.750086
-0.004171
-2.282067
-0.706045
-4.458196
-1.552804
-0.925183
-4.629731
-0.524122
-5.312271
-6.209180
-2.435343
7.626827
1.642796
0.441885
-2.688393
1.075768
0.716777
1.491148
0.844641
-8.243347
2.946465
-3.400038
3.134939
-3.682949
-1.713315
-4.083008
-2.668526
0.272409
0.008880
0.782507
2.815820
6.513151
0.074428
-4.286596
8.461509
-0.962998
3.147293
5.036077
6.983729
6.829695
-2.359135
-0.294802
-9.064975
-1.371231
-6.268943
-1.471987
4.346400
-4.050341
3.681687
3.814776
-1.991186
-8.508065
-4.790545
-4.567132
0.373006
-4.493046
-6.255939
-1.319484
-3.910677
4.591017
-0.915356
-4.087981
4.032678
1.742846
-1.632187
3.024062
-8.050731
-0.556668
-4.765434
-2.838447
3.125952
-6.201081
-5.114545
4.266657
-1.311295
4.407922
-0.635925
-4.212682
-7.143508
-14.200072
7.317510
-0.998571
-6.318164
-2.341913
2.380430
6.814008
-4.184677
5.010032
-0.883345
1.818306
-3.758937
0.099257
-8.292057
-2.625412
-0.378684
-6.146266
4.513054
-0.670869
-2.229055
-6.498001
3.267631
-6.547296
-0.460595
-0.435923
-6.007005
5.699372
-2.436193
-3.362719
-0.064576
2.396549
-1.687360
4.843389
-1.420144
1.268680
0.200146
5.964012
-1.933677
2.276929
-5.680007
2.116399
-1.077946
-6.512887
0.628025
5.393439
-0.198074
-1.225359
2.807948
0.219775
-6.360988
-5.498061
-8.452537
-2.502319
-1.175014
1.340093
4.437777
-2.036334
-1.241276
-4.370039
-2.014188
-4.489668
-0.833165
-0.245381
-0.352665
-1.386949
4.999680
-8.503380
1.584148
-1.605363
-3.444846
0.197321
-1.181428
-1.924745
5.859751
4.782933
-4.012578
0.673868
0.162680
0.521903
-0.624834
-2.592222
1.354558
2.937114
0.088483
-5.099793
-2.210196
1.317728
0.919640
-3.531147
-0.411650
1.603095
-10.758673
-9.526506
-6.660973
-2.874225
2.719233
3.380955
4.967425
-7.340432
-1.113774
-0.217748
-0.398404
-1.165304
1.712969
7.946256
-2.308601
-0.673246
-5.641797
-4.080904
-0.975727
6.488895
-3.656357
-1.888095
0.764382
-1.083417
1.278260
-0.306805
-0.680254
-2.196924
0.233116
-8.392892
-2.253615
-3.603682
2.454835
-0.795403
-0.259282
3.151358
-0.239674
-10.048633
-5.827993
-0.508582
0.404267
-6.985712
2.352317
3.287719
-6.044154
-2.180205
-0.289753
-7.097552
7.077935
-5.338524
-3.042307
-5.750028
-1.051742
3.582613
-4.144670
-2.272202
-0.963207
8.227766
-5.264312
6.214228
-0.409014
4.220571
-5.248245
-0.872433
-5.708078
-2.685693
-8.002321
3.268636
5.707506
-8.474741
4.018134
-1.819881
0.739829
10.498199
-2.357298
-1.936401
-7.267825
4.000154
3.380820
-6.204232
2.163175
-5.263702
-4.732749
-2.786175
0.327065
7.048693
0.600849
0.614293
6.404208
2.285190
4.557552
3.258409
-2.798862
0.507846
-4.151980
-2.814895
7.850550
-1.367540
0.288128
-2.224019
-4.592915
6.735483
-5.981798
-0.062748
-2.333297
-1.770695
0.182782
-1.316131
0.291672
-2.958708
-5.585601
3.331661
-3.494896
-5.703059
0.341201
1.912851
0.379572
0.482998
0.738711
-0.207024
2.888440
-4.046185
5.456737
-5.235684
-2.092034
2.098977
3.678731
2.886128
-6.744316
4.673181
-0.694736
3.429503
-2.030378
-2.403501
1.157211
2.133473
-6.604175
4.704815
-0.101896
-2.019000
-5.820138
-4.296491
8.429651
-4.238354
2.374460
3.779758
1.666406
2.505218
-3.980737
-5.043493
-6.884942
0.319230
4.795404
3.855701
1.138218
-2.384493
-0.805401
1.517387
-1.365323
-6.510568
3.288895
3.775354
-3.741377
3.169818
2.344206
7.215884
5.402888
6.269687
3.124843
2.878269
4.580120
-0.439806
6.028845
5.034755
0.279414
2.174453
4.572168
0.929365
3.743037
2.385581
-3.786075
-1.938927
-7.974745
1.373765
4.178634
1.476711
-4.987601
-2.408772
-0.940633
-0.207752
-4.226712
5.453735
4.764032
-3.271718
1.876402
-5.545638
2.575929
-3.102151
-5.178148
-4.032425
-4.581564
4.989621
-2.757752
-1.171484
-3.384445
0.954330
-1.228105
-5.467451
-0.151025
2.825470
5.139693
0.968774
-4.926835
-0.916192
0.531779
3.658562
-3.600722
-0.919633
0.366290
3.146693
-2.223493
-1.740630
1.446898
1.886200
2.831887
-3.239321
0.299724
-2.864528
-4.632227
2.389925
-2.441157
-2.212615
3.181581
1.279476
-2.157297
-5.123985
0.803927
4.225608
-3.926196
3.653266
4.587737
-4.144315
-6.801074
2.803180
-2.966316
4.527334
1.301583
3.452930
5.255868
-1.931119
-0.807535
4.790945
1.576684
4.370243
-5.188236
-3.205720
-4.798540
-10.411588
-2.170046
0.119461
2.388023
-3.391501
-0.774393
1.274616
1.823265
1.765896
2.108886
-4.064452
3.208083
1.881638
-2.057640
6.835341
-3.100361
3.252090
2.944441
9.929234
-1.786713
2.968317
6.798588
8.655330
-2.443764
-5.891798
2.763042
0.333607
-0.226529
-6.120601
-5.716324
6.687471
-0.738953
7.248559
-1.991850
-2.272644
2.325607
-13.328586
7.063747
8.629477
-0.279710
0.663434
-3.244785
3.441886
3.399836
1.161468
-4.559914
-1.203465
3.382162
3.747777
-4.088656
-2.365152
3.824449
2.685558
7.839874
-0.731238
1.937759
-7.004930
6.686753
4.702526
1.186870
-5.508489
-1.543797
-2.281337
4.153753
5.564301
2.059189
-3.928592
3.387630
-3.695232
5.903790
-1.907428
-0.510945
-13.828978
3.014727
-1.011610
-3.967330
5.510311
-1.855734
7.252895
3.082108
0.733644
2.693924
6.762732
-7.208491
0.744530
-1.147090
1.025429
-8.359064
-0.412451
0.761296
3.103308
1.001193
-0.268659
-2.775943
-1.808595
-4.777830
3.420989
-7.720975
-6.519437
-3.140437
-4.382370
3.151161
-0.498258
-7.112162
2.306577
-2.505349
-4.330018
3.927732
0.335380
2.862308
-5.312157
2.990916
-2.013309
2.779528
-2.812770
1.670487
5.420316
7.461437
6.413432
3.792061
5.520524
3.265359
4.951461
1.922707
4.100492
3.044065
-3.195119
0.288890
-2.839756
-4.277620
1.979252
-1.627340
-6.979964
2.784950
-0.612059
8.037560
-0.332685
-4.378366
-0.845976
6.256307
-10.326196
-2.303774
-0.710561
-1.300966
-0.451856
0.503838
-7.781916
-1.954792
-9.527959
-2.513692
4.285024
0.121841
-4.497547
-5.535074
2.916317
2.528680
-0.921816
-7.977137
1.691260
-0.107699
2.716650
-6.566462
-5.232839
1.022529
-8.741273
-6.113989
-4.330821
-4.845084
-7.286548
-6.041570
1.724130
9.683692
-2.277816
-1.478656
5.617700
-2.149151
0.378387
-1.990776
-1.297661
-6.411029
-2.361486
-3.967772
-6.421988
-1.555532
-1.762094
-5.915164
4.702562
-6.222208
-3.848174
-3.819950
3.003715
2.984472
-2.633348
0.336132
4.242845
1.011258
0.326662
-4.611653
-5.382795
3.624318
3.676456
-0.539704
-4.618114
-6.720382
-4.079726
-1.241422
-5.811374
8.806220
2.662415
-0.031076
2.047859
-8.027689
2.046859
-1.181024
5.116328
-6.910167
0.351377
4.290114
0.528176
4.325917
0.098794
-3.079576
-1.776453
2.668180
-1.262448
-6.321669
-3.721050
-1.497702
3.357153
-5.837939
3.145534
-4.105131
-10.209769
0.497086
2.264951
2.802552
-9.764628
-1.550075
0.364248
-2.530945
-0.868007
-1.207370
-4.380867
1.312884
-2.609626
3.811047
-3.756844
-6.314504
2.521333
-3.485788
-5.164771
4.639209
3.241518
-0.140231
-4.498423
-2.843245
5.027939
-4.313390
-1.257608
1.254991
6.216717
3.949461
5.812070
-0.545633
1.846260
8.774120
3.342692
2.636759
-0.101568
-2.892261
-3.619114
3.390345
-1.544925
-2.283215
2.781992
-4.950953
-5.504783
-3.403940
1.160714
0.762175
5.348182
0.007403
0.867801
1.860855
0.658819
-4.659504
0.052454
0.448970
-5.676556
-1.597891
-5.623266
-0.759304
-3.690345
-1.013335
3.778376
-0.116893
2.033885
1.542560
-1.717950
5.827598
3.063526
-0.823584
-0.553663
-3.339214
-0.757491
-4.098980
-2.585675
-5.951951
0.724733
-8.491656
-1.189880
0.454628
2.744722
3.139628
-5.620731
6.146534
4.045072
0.174624
5.316763
3.959406
-2.601264
3.779714
-0.501358
-0.483315
4.256687
-4.680703
1.637359
4.264837
-1.148272
2.821922
-3.512569
-4.903255
1.851736
-5.026751
-4.563980
3.341207
-2.365593
9.611978
-2.402321
7.706139
1.222740
7.050830
-0.595265
-0.508437
-8.836677
-5.741663
3.643375
0.988131
0.047809
-1.792080
-1.593470
-0.314021
3.042082
-5.400452
-8.004561
-6.751567
-4.089709
-0.306110
-2.720175
0.742237
4.223088
1.441645
-3.099991
-2.299738
-2.741985
-1.601997
-0.706679
-1.848647
-1.663953
-4.384276
3.064955
0.427092
3.756155
-3.188940
-2.961191
8.519928
-3.234414
-2.081192
2.425243
0.039695
1.991957
-5.346799
4.315426
-4.597004
-0.503461
-3.957760
-3.343392
-0.868259
-3.508471
4.425557
2.273433
-2.028735
-4.356848
-9.679039
-0.277392
4.569445
-0.007256
0.029257
6.381518
-1.998545
1.518877
0.178191
9.797476
3.037079
-7.160537
1.957802
2.190374
1.175662
-3.941924
0.829064
-0.779389
2.109762
-5.589724
-3.810343
6.808949
3.087001
6.448406
-6.037441
4.227871
-6.523396
-8.545535
11.236649
11.062395
1.256427
1.311860
-2.918307
1.280657
5.865702
3.398226
-0.424933
-1.841718
-0.378129
0.652832
-0.790024
-4.535241
-1.867049
5.120338
-5.940603
3.805927
2.113866
-4.228112
-9.566765
-2.056330
2.827533
1.154971
-1.198534
-3.770399
-3.693129
-2.157765
0.200418
-1.786693
-3.827409
1.495739
-5.394155
-1.961187
1.222075
2.096840
0.246346
-2.217490
7.107770
-5.247987
-2.057907
-1.256601
-4.528383
-3.781562
3.429344
-0.740066
1.280671
4.998331
-4.449564
0.777658
-3.146996
12.657530
-5.971707
3.598083
-0.774442
3.349751
-3.572217
2.979384
6.114699
2.509060
-1.463662
-3.234164
-7.662035
-4.199401
-4.976248
-1.952895
2.833406
-6.604308
3.014494
-1.536946
1.401530
-1.311909
-1.184392
-4.083821
-4.874921
-6.018735
6.151037
-2.434134
2.172449
-6.381045
-0.286719
3.085281
3.048455
2.398163
2.814142
-5.080866
-7.623103
1.921327
-1.768441
-0.975851
-8.462386
-6.237016
-3.745538
-4.500621
3.737209
8.893554
2.078915
1.879393
-5.035758
4.453382
-3.166386
-4.046796
-1.505230
-8.082624
5.754488
-4.151459
2.691947
0.487881
1.189318
5.192681
-1.645434
-0.530327
6.104293
3.541909
1.557713
1.074528
3.117429
6.264354
-7.144796
5.897153
-3.381833
-5.964126
-3.986439
5.826750
7.232078
-3.668432
1.296738
2.377243
-2.458649
0.675449
1.439915
4.956591
-2.397933
5.133601
-3.342232
-2.782942
-3.275687
1.086043
-7.129925
4.137131
-2.236282
1.797377
-4.815366
-0.970876
3.951877
3.030962
-6.861870
-6.535153
1.123216
2.024775
3.600475
-4.147401
3.413386
1.084057
2.409422
4.722106
-0.423471
3.163576
-2.734473
5.514390
-0.507279
2.726065
5.612811
-2.856580
5.728618
0.089026
5.306605
4.871522
-1.976426
1.250512
-6.704601
-4.776666
0.293596
2.195799
5.029301
0.251911
1.212133
3.133520
5.451239
-3.460159
-3.877270
2.715183
-4.199846
0.233050
0.368486
0.482514
2.940069
-3.025034
-3.020561
-2.998350
-4.884370
2.347960
-2.821820
4.737544
-6.885842
5.803146
1.374166
2.631674
1.335076
4.574488
-3.808196
1.383756
2.072750
2.114090
-7.359599
-5.129410
-4.003845
1.342868
-3.179098
-4.235687
3.369827
5.150327
-3.435255
4.252073
-5.476272
-1.256921
1.542202
-3.463428
3.401889
8.182994
-3.559846
1.132627
-0.193230
-2.209477
-2.017976
5.985733
5.364827
-4.024978
-0.877400
-1.203240
4.914491
1.459141
0.338280
5.502342
-1.465644
0.228134
-1.052376
5.233266
0.165651
-6.866862
-0.645987
1.173712
-4.048161
3.895619
-5.313580
3.955375
1.066088
-3.497202
-5.989806
-0.001848
-4.339812
5.655540
3.799991
-4.515291
-1.265496
3.860554
-4.202777
3.236407
4.759467
-4.139221
3.658812
-2.491275
-1.529430
-2.427287
-4.969299
1.097828
-0.362044
2.611317
-5.167853
1.146370
2.397168
-0.368160
-5.113641
1.204620
-4.558266
-9.540970
-6.937852
3.087905
-2.527817
-3.740582
-2.461528
-0.503307
4.128410
-4.072269
-5.170514
0.379360
-0.011660
3.502437
-3.230763
-3.017591
3.367654
-5.932616
-2.741009
5.303501
-6.955800
3.862588
2.871973
-6.640831
-7.598444
1.402871
0.424556
-6.198395
0.874470
2.419620
3.682103
0.101127
4.658485
-0.325235
0.912344
-3.422565
-2.556850
3.075228
0.986456
-1.719660
-1.805798
3.610674
2.940358
0.631756
0.576247
-6.902198
0.889048
-5.684020
4.481748
1.672919
3.303308
-1.261728
-1.761332
6.800559
-1.406158
0.305778
3.042394
-2.362508
-3.590888
1.176441
0.465964
-5.546214
-0.902838
-5.049350
1.790867
2.285028
-0.060393
-2.389192
1.909352
-4.049205
-2.381889
5.243951
0.661976
1.576121
2.759659
4.859641
-0.834680
-2.145182
2.224836
-2.283431
-2.475698
1.593018
-8.778352
-3.386066
-4.423954
-0.168578
4.153902
-2.862638
3.646085
0.087218
-2.764937
0.426053
-0.855780
2.702301
6.731567
-3.822506
3.043493
3.040830
-1.912244
3.695873
7.101926
-0.266788
-1.578882
-2.527937
2.645476
1.249340
-2.604093
5.112010
-5.741187
-7.094681
-4.289875
-2.618553
1.934674
2.023085
4.250690
-7.461279
3.740146
-3.142144
-2.002167
-3.891254
3.718667
4.681922
-5.051450
0.131531
-1.272422
-6.382171
-2.058891
-1.594905
-2.458531
1.355357
-3.481265
-0.550822
-0.527350
-1.342719
-4.684106
-0.821951
1.700223
-2.510782
1.418278
-5.089764
1.601491
6.296334
5.306112
1.056816
-0.613248
4.250383
0.361855
0.450985
-7.819537
-1.864724
-5.967998
-1.612291
2.184962
2.870440
4.138736
-1.837974
5.206604
-3.344346
-6.431723
3.640674
-4.196028
2.378639
-1.551706
-5.076505
1.078692
-4.757534
0.367539
-3.936816
4.597932
-5.684997
2.058235
0.662116
-0.216013
5.547197
-4.155038
-5.810211
-2.041260
3.865130
-1.106249
1.993828
5.061717
-3.007458
-2.289972
3.436574
-2.154845
-1.037153
-7.662120
6.687634
0.807900
5.913382
-0.557985
-10.421344
6.819500
1.388811
0.100485
1.190769
4.339514
3.155876
0.984257
-1.783056
1.016915
-5.080121
-7.391104
-0.114609
-4.365494
5.488840
-0.738170
-5.264333
-6.553818
-4.176685
2.451933
-3.757312
4.396664
-0.072232
-3.072743
2.482428
2.085689
-3.222172
-0.937456
8.514636
2.741949
-7.809832
1.517392
-3.452607
-4.164507
1.447532
-3.160904
1.108173
-0.510968
-5.916759
-2.563292
-0.141884
0.829934
-4.643454
-3.859419
-3.684853
0.349292
-15.059204
6.290180
-4.516593
-6.375187
-0.419656
-0.609002
-4.429380
-5.671228
3.358071
2.682384
3.698895
1.004156
1.979178
2.166167
-4.935740
4.491951
-4.105217
4.201990
-1.676569
-6.618174
-7.661597
-0.408232
-3.715591
-0.895319
-2.168663
-5.058535
2.317725
3.059497
0.353505
-6.684823
0.657883
0.915645
-2.991113
3.703354
-3.051568
-4.947255
0.566550
1.983997
-3.312644
6.807162
-3.206865
-2.552260
-5.605033
-10.512526
-5.088768
0.350780
-3.564834
-1.738600
1.688908
-8.482304
3.766705
2.089313
0.935498
-3.624627
2.172723
-2.919111
-5.256109
-0.574680
1.117624
-0.648387
-3.124681
-4.571108
-5.156269
0.426042
-3.364202
-4.598424
-6.400823
-4.546592
-1.198715
2.043367
4.523938
-1.551701
-2.927533
0.824598
7.092151
-0.172923
2.833176
3.104460
-1.526655
0.950259
3.455277
2.763321
4.562105
1.892633
2.165413
3.040493
2.175569
-2.119833
-4.400992
1.219898
-0.811801
1.233536
2.134752
1.142099
-2.303278
1.223653
6.583462
1.749315
4.185950
-7.122207
4.985903
-8.612033
-3.550460
-2.530112
-7.437823
2.211337
-0.097324
6.549618
-2.165243
0.636431
2.964843
-2.048919
0.193407
-2.293833
-0.139362
-4.446529
5.054673
-3.404663
1.611082
-0.951364
0.192267
-2.389831
-0.420021
-3.935896
-3.688071
-1.058245
-5.845389
3.527594
1.892849
-8.043307
-0.247562
0.747883
3.770291
3.850077
0.408982
1.440031
-1.618761
1.139316
-5.053530
-0.487334
0.231355
-1.502726
-0.038015
-3.688279
-2.162673
-2.484555
0.750500
0.264941
-5.154249
3.372099
0.388332
-2.452865
-1.105194
4.642381
4.651923
-2.176884
-4.633686
-2.547129
-7.011649
-6.745837
3.351075
-0.802771
1.373541
-3.879857
-8.646493
1.997525
2.762042
-6.173836
4.567497
-5.284105
-2.227163
2.559121
1.028244
5.354232
-7.748534
5.724294
4.966824
4.156961
-0.897270
-3.423387
9.168149
-5.193628
-1.243476
-1.850116
1.579784
6.604540
0.493702
1.102123
2.318940
3.779307
-4.886802
-1.771675
-5.278270
3.388797
2.914083
-4.537210
-0.537288
-0.414254
-1.598281
3.588121
-1.007817
0.427049
3.302892
-2.006539
5.146257
1.298168
-3.712357
-1.363806
-2.377374
1.193786
3.767977
7.057969
-5.817996
-3.864219
-1.376796
-2.172509
-0.504685
-2.792097
1.935037
1.624662
-7.369755
-5.116023
-2.498044
-3.750936
8.064677
5.371246
-3.003853
-2.258115
3.175684
1.413145
-5.167376
0.902186
1.756712
-6.421209
0.874923
-2.296770
3.043281
-1.175321
-3.588506
0.676706
3.195325
5.619095
2.358218
-2.642110
2.030658
-3.428089
-2.391772
6.354929
2.843009
-0.366298
2.136001
5.290687
4.630985
-4.417451
0.389753
-5.239281
-1.757242
3.039862
0.999211
-3.483847
-3.254143
0.630415
-0.904622
-2.486678
-5.567522
6.355436
-6.674484
-2.424962
4.623180
2.056709
2.424020
0.892879
-6.474543
-2.312044
-4.287217
-0.367415
8.732363
-7.183296
-2.201745
3.194018
0.379625
0.679407
4.817910
-3.262945
5.794414
2.818756
3.244463
3.442945
2.694822
-6.028403
-1.157475
4.570531
-4.043880
-3.727934
-5.685374
3.593706
-2.118518
-0.435146
-0.034501
9.310405
-2.190747
-3.461934
0.347074
3.496636
0.355753
-5.583818
2.809785
-8.921290
1.001119
0.138086
4.032072
-1.247502
-3.325011
1.508088
1.970824
2.716156
-2.426544
-5.554872
3.162696
0.836530
-2.491348
-1.031300
-3.968049
0.086452
-8.401848
2.475215
4.316906
-2.538589
0.441399
1.896036
4.790168
-2.446666
0.852278
6.999830
-2.014963
1.786539
-5.549760
4.138927
6.675211
-7.273087
-1.086054
2.083532
0.692685
0.317362
-4.682211
-2.169014
3.701553
5.120392
7.295339
3.452679
-1.985200
3.371538
-2.754473
-3.152905
-3.788388
3.760345
3.909078
6.695270
0.494486
-5.286223
4.542014
-3.529070
-0.937576
-0.929083
-1.867655
-2.049078
-1.068868
-2.038100
2.705899
-4.785288
-5.839811
-7.647800
2.667154
1.779736
0.054189
-3.746931
-3.765103
-3.222092
-3.662120
-0.457877
3.135299
4.442606
1.337435
3.480657
1.994518
-10.769209
-0.287944
3.321199
3.728479
1.975004
2.465351
1.741196
3.465049
-0.873341
5.350234
2.064394
2.893376
-2.750844
-2.740304
1.943083
1.108096
-4.368192
0.915559
1.539832
0.851688
-6.343036
1.418798
-6.728508
1.575422
1.399122
4.423157
1.020044
6.331491
-5.925104
3.687392
-2.410076
-0.419389
3.326871
5.216778
-0.013917
6.716811
-2.437788
-0.834112
1.441128
2.654876
1.576824
0.629267
12.780370
-3.470787
1.850402
1.184278
-5.634229
2.094403
-1.407837
0.733144
-3.302215
6.292110
-2.325029
-5.143358
-0.270635
-4.485488
0.186148
1.331011
5.928095
-6.809315
0.747055
4.538949
2.970222
-1.474793
-1.277373
-1.409232
-5.220556
-5.983442
-2.664715
4.295119
0.986925
-0.154193
-3.979677
0.750361
2.238966
2.038816
3.656348
1.676584
-1.357937
-8.506449
0.200934
3.627921
-7.384105
3.039365
2.341115
1.068450
3.337554
2.709425
1.888187
-4.903843
-1.891810
6.487403
-7.286209
3.310646
2.345314
-0.706980
-3.773637
0.711158
-4.368708
-7.131221
7.109593
4.269593
-2.167645
-5.096215
-3.005691
0.581912
2.451663
-6.104947
-2.643229
-4.915124
2.389541
-0.267989
-3.018461
0.875015
-4.213309
1.722365
-0.379829
4.930161
-0.592183
4.231320
-2.711676
3.081646
1.473653
-7.098326
3.569760
-1.001377
-0.702178
9.235036
-2.718062
7.590515
0.250098
-5.304680
-3.840847
0.240885
4.269258
-1.602880
-2.134770
4.333279
1.728428
0.003698
0.265010
-1.932805
1.770612
-1.836390
-3.746476
-2.179790
2.750474
1.774244
5.511523
-4.542811
-5.361940
2.133095
-0.788042
3.851067
9.488392
1.222109
-1.345042
0.497997
2.342864
3.994032
1.254783
2.960220
2.041252
-7.576201
2.543681
6.546575
4.882940
4.072591
7.430716
2.993482
-10.582156
-2.000066
5.498635
3.578164
-2.203244
-3.353637
11.021606
6.517535
-2.863128
6.737663
2.631667
2.655778
-4.792141
3.726637
-2.934007
2.926989
-5.414232
-5.516570
3.101643
6.473629
-5.343559
-4.401219
4.793897
6.629806
0.034242
-0.182964
-4.135113
1.299988
3.113672
-4.790558
-0.337735
5.153277
4.771137
-4.074732
-0.579032
-0.982792
0.698925
-7.602356
1.400782
-4.669786
-1.812771
-1.526749
4.717393
2.478807
-3.466948
3.306245
2.166270
3.086269
8.157378
-0.225266
2.797065
2.097490
-0.016025
5.813453
-1.005355
3.907228
6.403077
-4.723137
3.290895
-1.268507
-3.058088
-2.181001
2.576169
4.253206
1.967660
-0.231264
0.742541
-0.035168
1.695684
3.291014
1.564087
1.341386
-1.028291
2.355038
6.056753
-4.044955
0.347609
4.308570
4.215784
3.204772
2.013051
6.379821
4.401235
5.445432
1.247624
0.273846
4.640277
-0.544836
6.666195
5.412961
-5.296573
2.556595
-5.259749
-5.552327
0.014261
3.416003
2.451870
3.129925
-0.779556
0.728026
2.734408
5.181563
-10.002884
-3.451598
2.479698
1.368721
5.252189
2.296459
-4.252493
1.810068
-4.848652
2.428778
3.492885
0.151477
-2.332774
3.012330
0.829806
-3.607820
5.328419
-2.745039
-0.240391
5.071968
0.310570
-4.477510
-0.176086
-0.203341
-1.445176
-2.552599
-9.319856
-2.630819
2.630978
0.396495
4.268329
-1.430227
-0.973567
2.881670
4.944607
5.500392
-4.246894
0.866516
0.077754
1.175752
-1.576754
2.656501
0.433719
2.807970
-1.398744
1.420803
3.890712
6.093506
-3.795307
3.827361
2.303797
-5.835225
3.430645
-2.661210
-1.242352
-3.225501
4.102947
-4.937856
-1.563103
-2.958611
3.354744
-3.573318
2.650797
-5.503402
2.664164
-2.381927
-2.618154
1.833033
1.307698
1.869139
-6.746451
1.600407
-1.165797
1.928841
0.466026
1.326276
0.821702
1.187063
3.936286
-7.664388
3.174627
5.975025
3.697702
-2.036684
6.147701
3.839639
1.439412
-2.080187
-9.795508
-2.188145
4.901459
-3.095955
-3.229244
-5.452903
-0.706495
1.334063
4.194476
-1.364762
2.970902
0.962679
3.682012
3.943384
4.079968
-0.927445
3.416171
0.703996
-3.194576
7.983310
-3.664496
-3.755555
-0.623560
-1.075622
4.380135
0.310703
-2.430994
1.664164
2.453423
-9.557378
-1.581554
-2.253000
-1.303005
3.039360
-1.144940
-2.618037
0.889744
-0.407876
-1.599423
0.638817
-7.160996
-2.806218
4.223647
-5.099684
-6.411159
2.399174
5.934269
3.124512
-0.732509
2.558329
3.818090
-5.670313
-1.844155
1.312040
-3.407451
-3.435166
-2.320199
0.817029
2.865551
1.312481
2.818673
1.433077
-4.117956
-2.949339
-0.800764
-5.450919
-0.136025
5.752728
-6.159171
-5.903033
-3.475813
-6.029154
-0.958896
4.951656
4.107577
-3.503132
-0.306717
4.383415
3.997924
2.477065
4.578236
1.830523
-1.806506
0.514231
0.676510
-0.211365
2.911891
-0.193635
-1.091737
1.666672
-0.591559
3.084261
6.270806
-0.678716
-1.481354
1.734898
-1.529387
-6.268526
-1.081112
-1.424700
-4.882895
0.460758
3.728027
2.357374
-2.025609
7.472131
7.161049
-3.436290
1.523886
-1.968084
-0.500932
1.003876
3.648178
0.180731
-0.248743
-6.250792
-0.625034
1.035357
1.443124
-2.022900
-4.904687
-7.483892
-4.163198
5.523845
1.559003
-1.529930
-0.709425
-3.067599
-7.146814
4.828601
-3.230934
6.146038
-0.282409
4.287018
-1.080432
3.758944
-6.950857
1.642532
-5.274445
-3.126337
0.653561
-4.988444
0.827764
4.112308
1.877273
-4.823796
2.467478
-0.893129
1.801983
3.388802
-4.244740
-0.949666
-3.779135
0.766577
-2.454257
-3.243171
1.325595
3.426224
1.473120
3.865785
-1.625290
-4.022511
0.232614
0.421239
6.393742
0.642494
3.033558
6.926600
-8.599992
1.970798
7.068535
-3.176316
1.165459
6.769854
1.606011
6.231598
-3.002845
1.354080
2.863046
3.636994
-0.996911
-0.259367
2.553643
-0.844209
2.246543
-2.791293
2.528591
2.241356
-1.682989
4.952940
-1.720099
-0.344367
2.667921
4.510164
1.295131
-3.910017
1.576872
0.612202
-5.830692
-2.455182
-4.762768
-1.092089
5.610966
-4.442658
-0.488936
-3.058291
0.424973
3.115628
-1.519280
-0.732899
-0.723310
-3.606334
3.597637
4.572747
-4.121442
-3.035996
3.660731
0.874016
-0.328839
0.731771
-0.553749
1.640224
-1.028974
3.750895
5.012600
0.550974
5.647986
-4.041305
3.953053
-3.121121
0.130453
3.013413
-4.572181
5.466407
0.329761
-5.187500
4.848728
2.911669
-5.264500
0.944834
-0.242238
0.729561
6.040104
-0.007117
6.235257
4.706845
1.311867
-3.632319
-6.896817
-2.428266
-4.072515
3.857983
-8.755275
-1.566991
1.239457
-3.954835
4.026092
1.497266
1.788080
1.013135
1.488819
6.076594
-4.104570
-1.775450
0.052257
0.854287
-3.768565
-1.344789
3.260037
3.718216
-3.609069
2.505584
5.348768
3.711527
4.577250
2.910166
0.565533
1.902292
-5.435905
-6.513483
-0.054747
3.501268
7.189033
6.568134
-3.594181
-4.927570
-8.061936
4.826787
-3.961480
-3.271167
-4.693282
5.052878
1.852729
5.127817
-7.105910
-2.501173
-0.953005
-6.943579
0.273564
-0.730587
3.313112
0.276445
-3.696077
0.565937
-4.519601
9.203247
3.145863
2.825794
-1.870037
4.241634
-2.720541
-5.426566
-0.386639
1.703275
-2.757659
-3.725839
-2.642235
-3.358484
-0.451451
4.563389
3.188574
-6.185131
-3.694863
-0.133863
-4.109552
-1.759452
-4.868418
-0.131540
-3.930770
5.979242
-4.013189
8.094043
4.274544
-8.423650
-5.609710
1.993544
-1.676056
-0.643908
4.124118
-3.998774
1.634725
3.886394
0.718235
0.185782
-4.971910
-1.700456
-3.566535
-0.929197
1.480026
-2.796996
-1.860215
7.086857
-4.006667
0.347680
0.815242
0.164441
2.648819
2.915644
-4.512051
-9.110877
-2.233766
3.872735
-2.079519
-3.162375
3.979671
-2.450832
-1.400420
1.498959
-3.325811
-3.704438
3.417502
-4.837402
4.062169
-5.482984
-1.941134
1.633127
0.919554
-5.918737
-4.811017
4.208061
-2.111006
3.871291
-5.355909
3.064660
-3.398330
0.492934
-2.165489
-1.598822
4.716055
-0.482909
-1.981165
4.264063
-1.325387
-3.798346
-4.785144
-3.249420
-0.739674
3.649101
-3.814407
4.270921
-5.560812
-2.609215
0.662222
-0.452448
2.980024
-6.300893
2.922773
-0.164118
7.132469
1.728139
4.234127
-1.150823
-4.156579
-0.336911
2.873004
-1.849865
-0.723263
-4.115040
-1.514452
-1.390514
0.449941
-0.214027
2.543158
-2.744825
-1.079285
-2.919252
-4.398997
-3.102554
0.860108
-0.261888
-5.010459
-0.061160
-4.470446
-2.955689
0.883161
-3.615641
-2.300243
-0.781968
-2.367539
-6.310703
-0.463958
0.416343
-2.883636
5.726274
-5.807719
-1.439563
-1.241518
-5.755187
-7.907002
0.909026
5.459476
2.375763
5.212520
3.792318
-0.505935
6.155799
-0.170369
3.765013
0.604548
6.024784
-3.258104
1.046201
-1.453689
2.055093
-2.602572
-3.411224
6.291931
-0.334277
-2.125372
-2.492755
2.744243
4.412425
1.615511
-1.764478
-0.084155
1.389784
-1.764268
4.269731
-2.489826
4.889542
-5.525539
5.525124
-7.287897
-4.128409
-6.986227
3.402632
1.813006
1.344285
5.484618
-6.294838
-6.515125
3.218596
-0.498483
-5.086267
-8.468100
0.611150
-2.712157
1.961012
3.696396
0.265393
3.326561
-7.405189
3.807485
7.972789
-7.585381
-3.351297
-6.064517
2.249790
4.585891
2.175498
-3.170132
1.985875
-0.616929
-4.718836
4.232296
1.377936
4.484997
-1.774148
-6.205920
6.215887
-4.885655
1.767395
1.795343
5.476612
-1.440872
2.800610
1.255177
1.195283
-2.535480
-0.211803
-4.397925
1.117958
3.217217
-2.440560
-4.085976
3.055309
-5.527233
5.252088
-1.305009
1.621424
-1.949961
-1.136969
-7.003905
-0.111769
-3.350563
2.105112
-7.909443
3.715068
2.255468
2.608866
1.298124
-3.076768
1.308660
-6.185077
3.279219
-4.087636
-2.397125
-2.095327
-5.316678
1.344900
-5.103088
2.672539
7.151622
4.447340
-0.320861
-3.181190
1.538826
-2.150373
-7.048543
3.644907
2.141013
5.346627
3.835587
0.202751
-4.936630
1.986527
-0.395961
2.810798
6.376700
-0.596128
-0.084359
-1.668073
-5.917650
-5.638170
-3.371170
-3.687262
-2.644063
-5.812076
-3.434040
-5.478812
-1.654076
7.518315
3.891002
1.107721
0.740752
-1.329514
1.865310
6.210927
-1.800847
-3.459457
-2.192666
6.913935
5.308176
7.707675
-4.807264
-3.352833
-1.752903
0.587697
4.018819
3.493781
3.798472
0.101933
4.242092
-0.273884
5.604430
-0.390593
-2.825754
6.686196
-1.447569
-5.692933
-3.325808
1.238913
0.184922
-4.476668
4.051606
8.117635
2.744204
-4.717060
8.007919
1.864690
4.708391
-6.661879
-5.811968
-5.766429
6.651126
-4.123516
-0.646584
-2.151867
0.170045
-5.773252
-6.836584
-4.268846
-3.019558
1.807809
-0.656233
-4.606729
2.529191
2.853220
-0.265951
-4.408230
0.989081
5.619469
4.922801
3.127813
2.165817
2.091395
4.304257
2.497723
5.359788
-2.996332
2.476137
-2.889309
-1.085998
1.312904
-8.548396
-3.384266
-1.093763
-2.608261
-3.542973
-1.059337
1.016774
1.000096
3.340289
1.488765
-2.287579
3.304213
5.802549
4.617976
-2.179227
4.278814
-8.565866
-3.204396
-0.454928
-9.270559
-2.420855
-3.661156
1.842212
-1.746786
2.554595
-1.061692
-0.212035
2.657511
6.431871
0.727131
-2.052664
1.330496
1.993611
-3.464195
-0.106866
3.128810
4.435989
-4.315139
-0.843490
-0.075708
1.318445
0.026280
-1.733083
-1.585242
-0.561827
-5.336471
-2.392119
6.404300
0.692271
3.553947
-2.884362
3.058324
1.963913
2.185869
1.400797
3.097812
-1.952968
-3.749495
-2.885408
-3.436692
-3.525558
0.470297
-3.793165
5.850701
-4.426065
-1.428108
3.357101
-7.309390
3.098960
0.702454
-3.125657
5.044454
4.312606
2.937823
-3.346295
2.544790
-3.556168
-0.808962
2.106142
6.345636
-1.604451
1.911373
4.770150
-1.994026
3.348601
-0.286865
0.319504
1.652031
0.630402
-3.006596
-7.056983
1.969283
2.212646
-1.171052
-2.041258
-1.757537
-1.002027
-7.527313
-1.704198
-4.596385
-9.367714
-0.531754
4.809018
-0.167651
2.245057
-0.321316
-1.146017
6.710788
-1.743840
-3.207359
-2.594427
-2.585858
3.191746
-3.638909
-3.730931
-0.091707
3.679908
-1.402118
4.721368
0.862394
-5.331560
5.108065
-4.599669
3.189016
-4.425766
3.284077
3.122601
-3.664627
-3.411000
5.225700
-5.758794
0.774719
-2.674621
-2.980380
-3.279764
1.482997
-5.955805
-2.132571
-2.524912
0.404174
-4.206764
-2.092630
-0.641724
5.596496
-5.673874
-1.150128
-3.659074
5.328489
-3.362317
3.251111
-3.260625
4.885305
-2.089487
-4.457750
-3.838035
-5.435143
4.513448
-0.816404
0.239325
2.018558
1.712791
-4.409873
4.045306
8.754770
3.344955
1.496504
-2.599511
-2.304891
-1.030834
0.108272
11.051467
0.231213
-3.290524
3.139068
-2.055458
-0.086226
-0.430683
-0.012089
-5.713053
-2.790334
-5.606952
1.296537
2.192417
-2.406040
-0.768649
-2.462591
3.188586
2.344691
1.561856
-4.241356
2.368824
2.699715
2.795194
2.074275
7.314898
0.055730
2.895452
2.613474
-1.430250
2.460860
3.287891
-3.665266
3.531045
3.325685
4.855433
-3.627575
-2.305348
5.240657
2.234555
0.913878
0.127421
0.057503
1.904216
0.268841
0.008603
-1.312461
0.199661
-3.385517
-10.913768
-4.898313
-8.611752
-2.080691
1.302040
4.248495
3.131348
-1.985398
-1.696423
1.857956
3.156073
3.216781
-3.119082
2.288722
4.616486
-2.835016
1.928891
2.191157
3.983087
-1.141512
-0.171420
-6.531763
-2.168875
4.013219
-6.916162
4.082476
-0.195915
0.681016
1.431057
-3.375542
-3.670294
3.889727
-2.753419
-2.094109
3.032531
-1.580689
-0.760634
1.362845
4.771915
2.686212
2.669998
-2.144800
-1.159790
4.245052
-4.532249
-3.750788
7.067440
-4.670243
5.949712
-2.730177
0.148351
-5.892001
-2.375519
6.235008
-2.536397
3.104388
3.505891
-0.358654
-1.051357
2.714825
-4.662447
2.214611
-5.356575
-8.173055
-1.793627
1.605702
-4.317687
-3.175739
1.987929
-3.179196
-2.065483
-1.740746
0.273813
-7.625173
-0.708832
-1.327989
0.168102
1.535863
5.191476
-7.109585
-1.245140
5.082061
-3.088130
-0.978585
-4.029551
-1.503943
2.024248
-3.297731
9.529971
1.294409
-4.116905
2.727514
-4.622241
-2.758948
5.518845
3.369251
3.990064
-3.912670
4.526194
5.435996
3.423610
1.472837
6.868514
5.893805
1.219802
-7.537640
-2.679852
1.802686
-1.892663
3.243091
-4.225537
-5.255409
0.777294
2.934139
-7.717798
2.348693
6.133832
2.347980
-2.066668
-4.455601
-4.316341
3.672750
-0.965377
-2.494126
-2.224485
2.188244
3.412737
6.886492
4.271384
-1.890957
-3.851576
3.477112
0.177209
2.889223
-4.426594
2.069267
2.433924
-4.222378
0.997028
0.327902
-4.514977
-5.760925
-6.831952
-0.727586
2.130228
2.614278
-1.028348
0.184930
0.364249
4.651557
-0.639726
3.806294
-2.840689
3.933742
-1.875389
-0.751336
4.802066
1.525164
-4.948537
0.805337
-2.831698
1.091257
3.348226
4.006439
-5.347302
-8.603477
-3.058230
-3.752902
-3.519744
-4.272601
2.141993
-3.374304
-2.948392
-5.241636
5.746970
-3.931229
1.844233
3.102802
-0.989701
2.294318
2.225266
-4.674732
3.052828
2.946562
-3.429458
-6.140893
-1.307680
-8.981919
2.947941
-2.659554
1.780240
-4.559920
0.818704
-0.321996
7.966022
1.628929
-0.246458
-0.009865
-1.381578
-3.857559
2.350556
-1.437822
6.007766
-0.306154
5.752174
1.811625
2.710067
1.938103
-13.630376
1.751746
-3.939677
-3.530177
-3.469269
-0.142692
4.240121
1.270870
0.988340
-8.017636
4.982398
-4.104782
-0.533534
-4.759384
-4.905499
-5.177214
-4.349487
6.613743
3.477102
-7.574275
2.192825
1.524011
4.518278
-3.464344
0.414607
-3.424314
-0.336010
-2.265231
-3.683343
5.265735
-5.452581
2.636748
-0.320635
-3.306030
-8.225755
-5.795632
3.345337
-0.941615
-0.284447
0.457728
5.839117
-4.138503
1.080686
2.214434
-5.986197
1.946900
1.989165
4.854858
-1.491401
-1.628702
2.168070
-6.940313
1.410759
0.241971
6.207014
-6.620260
-4.237787
-6.243445
-8.286535
2.029848
-1.843351
-5.766986
8.748525
8.024221
-3.401906
0.630554
1.252897
1.400488
3.501600
-9.288314
0.578091
5.215936
-5.577071
-2.098325
-6.556002
-5.531026
-4.472351
0.905419
-2.439829
0.120422
-3.002636
3.620056
3.221858
2.437213
-1.383944
-8.780005
4.513925
0.978071
-0.756517
-2.809536
-4.099699
2.150550
2.088842
-1.569872
-1.822599
2.529004
-1.202672
-3.742287
-4.778788
-5.115372
0.305770
6.678550
-5.375288
-6.253148
-1.792623
-9.318964
3.831104
-6.811994
2.985645
-3.318758
-5.369988
1.592705
2.407393
-2.641387
1.136152
4.251244
-0.054310
-1.057761
-4.704940
-3.225500
-0.387815
6.831760
-4.777237
-3.200476
-1.892992
-4.546278
-4.044865
-3.771656
2.871305
-1.879638
5.290624
-4.950009
-3.607434
-3.898573
2.089169
5.072106
-1.320253
1.087665
0.552165
2.464932
-4.213768
4.313597
3.457606
2.486178
0.401767
-2.221817
-0.142208
1.753965
-1.451633
3.755714
4.387696
1.443091
-5.743413
-4.872533
-2.594443
4.039739
-0.417218
5.433190
3.417855
2.513146
2.470008
1.942744
-5.023265
3.959681
3.772272
-1.051878
-6.818554
1.047406
5.830883
-0.970724
0.442514
3.383772
1.926785
-5.804205
-2.862421
-0.481717
-2.516601
-3.475755
4.772702
-0.653398
3.794067
-1.737963
-2.876755
-1.496035
3.519041
6.839350
0.345638
-2.709175
-1.938475
0.852690
6.032111
-1.335521
5.161905
-0.249759
-1.256649
3.770132
1.515148
-5.315870
-5.082702
-4.294914
6.224390
0.741454
0.904645
-2.396091
1.461925
-0.716522
-0.616137
-4.810864
-1.227344
0.764929
-1.256375
-3.732748
-2.745625
-8.001589
7.409262
1.476568
0.790453
4.688176
0.211078
6.191013
-2.641638
-4.784033
4.779407
0.374669
3.630991
3.209111
-0.319280
6.346173
-4.880129
-1.098854
0.840231
0.107096
-3.568053
-4.654380
-2.203749
4.068025
4.098917
-0.380986
1.818363
4.905259
-1.196741
2.486782
3.694035
-0.674472
0.360113
-0.078299
-7.015378
-2.493491
-5.485326
-10.563808
0.399349
5.187140
0.588974
1.940362
2.169091
0.512422
-4.297311
4.210719
-1.684354
2.108196
2.153135
-0.885880
2.651480
2.985599
0.533105
-0.691928
2.485517
-5.857564
5.721800
4.092433
1.213096
5.621864
2.075639
-4.566553
3.500350
-0.366113
1.544639
5.243422
-0.910119
-4.316230
-0.078512
6.658641
-5.418266
4.011881
6.294147
-2.959802
2.309947
3.099474
0.387031
2.551248
4.161499
3.623469
2.646041
0.590674
-1.841349
0.220344
3.971310
-5.719633
4.530440
-3.375632
-5.166331
-0.163016
1.610043
6.521177
2.066910
0.976915
4.699987
7.872536
4.045235
-3.862182
-3.795495
-5.861315
4.062361
-6.505578
-1.090942
-5.224381
-1.099494
-5.180101
3.089241
1.412566
-1.181685
-1.748887
0.125802
3.103781
-2.289200
4.452727
4.844400
0.246235
2.699153
4.551970
0.398465
2.960798
4.092414
1.470688
-1.306637
-3.021088
5.099449
5.209857
-1.755163
-0.854477
-5.681665
3.755843
-4.404887
-4.605083
4.976669
1.993829
3.905857
2.708339
-3.821589
-6.683859
5.914440
-4.390910
-4.757928
-2.102433
2.971804
1.161868
-3.867407
5.659919
-8.827320
3.979407
3.230601
4.965978
6.437762
2.836843
2.022194
-0.120597
-4.970704
2.020634
4.239271
3.787521
-5.501219
-1.844211
7.470138
-0.382617
3.912017
2.416632
1.220409
4.706709
-2.350436
-0.908006
2.138586
2.167978
4.079966
-1.702977
-0.075454
5.956759
3.938812
-2.348152
-5.719326
-5.442957
0.522001
2.677286
0.054732
-2.427458
-3.286332
-1.260144
-2.188903
-1.484991
2.361662
4.009955
-1.882949
2.873512
6.103375
6.828653
3.199393
-3.053278
-4.481129
8.044707
0.879180
2.391707
2.452801
-2.038677
-4.503527
9.495120
2.060975
4.311836
0.722488
-2.120180
6.888929
5.114111
6.112941
-8.110456
-1.795027
-4.093633
0.535067
-4.071282
-3.087925
0.589977
-2.756760
-1.368917
-0.160319
0.343381
-0.410458
-0.344933
8.302567
-1.698930
3.129264
-0.861705
-6.496159
3.549231
-2.621149
5.440730
-5.018905
3.690228
-4.956310
-6.882261
-7.919467
-2.000782
2.397215
0.982080
-1.285678
7.782349
-0.969890
6.657742
2.466235
-4.321977
8.500919
4.092474
2.589728
1.350007
4.860148
1.532982
-0.393361
2.750303
4.635106
-0.713659
0.854278
1.221825
-4.432690
9.834810
8.390425
2.361182
3.796332
0.362260
3.328752
-3.831813
0.573287
-5.441519
-4.228783
5.189134
-1.163962
-0.345324
0.126267
6.572524
0.330721
-2.814897
-5.737484
1.746176
0.070738
1.996597
-0.381590
3.512940
-3.615732
-3.862008
3.523758
3.123052
-0.072249
2.907302
5.398930
-1.547627
2.453192
3.566130
-3.564982
-3.103446
-2.372098
7.149957
4.309863
1.936442
5.282236
6.260839
-5.496749
3.069993
-2.532780
-3.811810
3.266091
-2.268984
-6.605440
-0.871129
2.857890
5.373868
2.685591
4.745473
3.997011
6.928438
3.087653
0.285229
4.011969
5.578747
-2.406154
2.711941
3.010970
4.076761
0.629444
-2.917450
5.061491
1.322470
-0.106453
-1.819226
-4.551185
0.360494
-0.344227
-1.654624
3.709422
-0.189979
3.432076
2.180343
1.679926
-0.081661
5.945414
-1.995219
-3.126936
1.869138
-2.802685
-4.107714
4.349551
4.722261
2.345182
3.544135
-3.512259
-2.687501
-4.176261
-4.185731
6.944987
-4.457643
-1.851098
-4.556422
-3.437738
4.306851
-4.961113
5.977989
-3.803888
-1.698087
-2.290799
-4.675078
-3.802478
-4.682588
-1.691054
2.547071
-1.862074
-1.630659
-6.146600
3.676895
-4.636868
-3.930557
3.078881
1.394222
-0.361621
-1.914189
-3.063932
5.257093
2.926207
1.811109
5.250441
-2.912542
3.736602
-0.940045
-3.178621
-7.045948
-3.113930
2.572727
3.122385
0.985372
0.782145
1.415279
0.604178
-7.492201
-1.534102
-0.652433
2.953046
3.415422
0.382551
1.738027
2.709436
-6.551718
7.201601
5.788463
-2.643252
-1.031153
1.260687
-2.005527
-1.866142
-2.477218
-2.975772
0.476393
3.806917
2.120096
0.998423
-4.119286
2.998175
-1.659037
6.583907
-0.335314
2.195125
1.475088
0.350989
0.263680
-3.771669
2.602481
-2.867762
7.836490
-6.934453
-1.218372
4.458275
1.673415
-7.900784
2.907426
-6.789149
-3.469790
-6.215629
-4.727504
0.164036
7.793235
-0.121197
0.086996
-3.453395
-2.616224
-3.472407
2.999608
-7.319067
2.287391
-3.112551
-0.557262
-5.927405
4.606293
-0.057783
9.058586
1.677249
0.394996
-5.351862
-1.195680
-5.153677
5.013547
1.314302
-1.453836
-1.083046
-0.611450
-2.001190
3.066042
-3.239909
-1.280946
-4.827357
6.047547
1.608108
2.078792
-5.743471
4.062739
-0.597112
-4.052704
-5.586786
6.607056
0.993536
2.365292
0.392442
0.576249
3.620462
-0.247498
4.980380
-2.110787
-1.701254
3.064961
0.380217
-9.995863
-2.984089
4.687794
-1.507334
8.055642
3.952689
-7.408640
4.237845
0.742426
-6.901273
6.468495
-7.418583
-4.992896
-3.443027
0.000112
-2.355082
-2.743197
-4.056396
-0.922904
0.274318
-0.983972
-5.134068
-0.340998
0.907992
-0.420770
2.522932
-5.741151
-1.064974
2.716952
-2.070770
0.524140
-4.200077
4.210121
-1.229967
5.733121
-0.410483
-5.219807
-2.940627
-0.805147
2.603297
-5.953155
-1.213351
4.159886
-6.488989
1.196266
6.386117
0.204592
5.545074
1.632468
4.668150
-6.111633
-3.886069
4.135727
5.072558
-4.954672
-5.369668
-4.971354
4.943141
3.620016
5.709360
1.635290
0.971371
0.564448
-7.004627
-2.572514
-2.270664
-3.222683
-3.820834
1.833721
5.791162
-0.341881
2.734387
2.441192
2.923915
-2.385002
1.054532
-6.237610
1.555208
4.776211
-8.224243
0.205586
-0.764472
-4.753905
-2.930502
3.417054
-5.349383
-3.305127
-4.769713
7.136841
-7.081840
-3.121637
-4.598297
2.926426
3.498179
-0.433776
-0.924499
-3.406229
-7.081550
-4.831110
-2.045043
1.342787
-1.894091
-7.670696
-1.352216
-0.295614
0.259563
-2.286896
-0.714185
-0.065162
-5.992366
1.481691
4.788403
2.669750
4.922462
-6.274672
-7.655965
0.338526
-4.358951
1.621055
1.372768
3.131823
3.370361
-4.932508
3.286729
3.490476
-1.517432
0.459820
3.639544
-9.745444
-7.925739
2.788963
1.360103
8.169760
-6.117078
4.672077
-3.078947
-7.543927
1.462705
2.418103
-2.258076
-0.910958
-1.709200
-2.967170
-8.003259
3.269039
0.451779
2.815355
0.028049
-4.005966
1.717025
1.813628
-1.142605
1.608512
-1.624586
5.543635
1.503094
-2.645849
-5.131111
1.179673
5.509387
-0.016119
1.110542
1.451817
-4.212646
0.500310
-0.614887
2.054818
3.621969
6.112688
2.099353
-3.563113
1.237347
-3.153899
-3.717745
2.449949
2.012201
0.903330
-2.463201
1.259237
3.751147
2.951932
-3.053759
5.263849
2.500499
-0.373075
-2.403612
-6.111486
1.904199
2.494840
-0.483497
1.084885
-4.897239
-5.086442
2.663941
-2.025347
-9.592212
-4.280739
-2.828961
0.742452
-2.298022
-3.515865
1.680716
2.019082
-5.583468
-2.057779
0.787749
4.374132
-2.905417
2.442799
-3.674612
2.338161
4.544893
-4.489446
-1.862101
-5.786609
-4.706490
4.844182
5.565548
-4.927445
-4.611658
1.823140
-2.501286
5.355615
0.421996
1.663665
1.037204
-1.051675
3.573099
-5.627243
-3.399172
4.433142
-1.298072
2.272928
-1.057962
-1.471437
-4.472482
-1.828529
-2.688840
0.026122
-0.176055
-4.295184
-0.408191
4.859283
-5.925132
-5.353881
-0.154645
-4.996934
-2.578327
1.041556
-4.759629
2.505699
-4.124815
4.724056
-11.161182
-2.856389
-3.437481
0.566674
6.760011
-5.335190
0.213618
5.212306
-1.210807
1.496526
0.463051
0.115481
5.548345
-1.501406
-0.790705
-1.851887
1.127279
-4.546661
0.584472
3.761115
5.351300
-1.771497
2.552062
-1.192821
1.057096
2.898396
2.558292
-3.212560
5.212670
2.930469
-0.399008
3.422698
-2.597932
-4.107635
-8.442739
-0.317564
-0.464397
-2.304582
-2.456361
-3.748985
-3.039384
2.611989
-3.445283
7.876462
-4.732825
-0.377200
2.756552
-5.129999
-0.652528
0.393605
2.651026
-2.474850
-1.704655
-7.786922
5.986488
-5.350233
2.049883
1.025273
8.362509
-6.099850
-0.693060
2.311752
1.337844
-0.924777
3.201784
1.603331
-6.085507
-2.310006
-2.136590
-0.321348
-6.397192
4.693069
-2.686255
1.865377
-2.094867
6.594307
7.493817
-3.383736
1.849480
0.302619
5.537022
1.671335
5.732483
-2.552969
3.972054
0.354862
-6.124866
-2.278467
-0.893987
6.235646
-2.718795
5.088373
2.191158
-1.266022
-2.372192
-4.324631
-1.152405
-2.184950
-4.031025
6.188876
-2.468400
-1.426292
4.470838
3.568802
-0.843783
4.261282
-1.155926
-4.399348
-4.093781
-0.844358
-4.629405
0.303870
-2.876944
2.483446
1.544363
3.297378
3.585686
0.972994
6.381138
-4.971670
-0.131213
0.816514
0.208604
3.280077
3.266735
1.061799
4.496020
0.586916
0.991313
-1.939976
-6.078463
-1.919584
1.385956
-2.980538
2.800344
-2.215098
-0.182882
-0.778472
-2.282694
-0.387747
-5.157406
-4.127705
6.300158
3.259727
4.092280
-5.556537
-2.888996
-0.520121
-1.003155
-5.213870
5.194920
3.413783
-0.853200
-0.762439
-3.197767
7.220315
3.527197
-1.145497
4.277867
-3.472661
-2.163036
-4.541730
-3.223559
3.657371
4.347567
1.445225
-4.844522
3.003929
-1.171958
2.833348
-0.822607
-2.709254
6.249489
3.363906
-0.264731
-2.122923
7.639551
-0.144803
6.326121
-1.756002
2.726851
6.079095
1.807224
2.501097
-0.303851
-8.363939
4.391509
-0.249400
4.796909
-3.036027
8.512672
-5.197596
7.859339
1.124341
-0.924453
7.895315
3.180674
0.575740
8.105515
-2.842070
5.274323
2.910907
3.418514
7.057623
-5.660589
-3.165346
-1.676695
-2.839588
8.846725
-2.687083
-8.562467
-0.965133
-5.923555
0.707165
-3.626276
2.995528
0.062248
-5.018495
-4.245696
-0.524753
-2.171605
-5.167446
-7.499218
-2.903655
4.391277
-0.667746
-5.693539
6.357884
-1.585842
3.018976
0.716283
-4.560887
4.217540
2.050896
1.895836
9.145736
6.490009
-6.156334
-4.216190
3.892531
3.518137
3.606784
3.532543
-0.160873
9.267695
-4.226783
-2.140447
6.516974
0.221428
-1.332414
-4.921750
-3.896829
4.641520
-3.553151
-0.092942
-4.965005
6.398608
7.308259
2.199067
-7.065814
-9.112005
0.405933
-2.870667
3.336596
3.249969
-4.710087
1.551805
-8.495106
-9.692910
2.900141
6.292328
0.718082
1.096695
-1.717775
2.351597
-0.432421
-2.760876
0.265842
-4.644154
-5.354136
-0.157199
-3.028063
2.291703
-7.847183
-2.827339
4.572576
2.610141
-2.897726
-0.079732
-6.202746
-2.642573
0.594101
-1.912547
0.321338
-0.973910
-1.085957
-3.199555
-4.679882
-4.808823
0.597756
-15.044524
0.706156
2.503224
-4.950400
-8.689934
2.395589
0.172715
1.669845
1.003963
3.212938
2.654104
-1.846632
-2.512389
-0.898992
-0.451219
1.715223
-2.963269
-2.546896
-4.182152
1.075567
-5.642155
-2.461038
-5.621991
-3.836437
4.075172
-3.756054
-5.809659
-3.327121
-4.118212
-5.796967
-1.942274
-1.225572
2.993408
0.481407
-2.275269
0.544564
-0.345160
-6.360811
-5.623418
-3.949002
2.099308
1.801412
-0.839895
-5.938070
1.903251
2.924343
-4.936673
1.864232
0.821813
-0.949611
-0.658166
-11.683782
1.425704
2.067300
-7.208620
-4.585857
-4.067327
-3.744599
2.279482
-4.104650
3.081368
-7.011249
0.979672
-3.591323
-3.297168
-3.488142
0.643987
1.626307
2.762561
0.694109
-2.719863
0.180125
-0.579916
2.373360
-0.258058
-3.587874
0.775384
-0.195224
0.530295
9.631036
-1.769298
2.328446
-4.140095
-1.377969
-2.326164
-0.097772
-3.578602
-3.546490
-3.341367
-4.867788
2.500510
2.677227
4.226613
0.646590
0.788987
0.154113
-0.900825
-4.762140
-5.365526
-1.525608
-2.882157
0.860515
-5.824025
0.804017
-4.214945
-1.965675
1.307680
4.160890
-0.518366
-1.321043
-0.924786
0.593197
-0.245393
-0.770162
8.103107
3.289644
3.718417
-1.562535
-0.154982
1.658167
3.447821
2.040915
1.554170
-4.673333
5.043956
3.008668
-4.649672
-5.376882
-7.380419
-0.853431
-2.307990
4.755650
-5.715177
-0.362654
4.473528
-0.322354
-4.858160
-0.510044
3.855565
3.007160
-3.267157
-1.923401
-6.162348
-4.236661
-1.208357
4.701891
-3.354380
-0.446725
-1.323518
0.643782
5.832455
-6.151715
4.104604
1.392858
-8.152601
-2.653881
3.398768
2.604743
6.512806
1.575519
2.423787
4.184761
-3.047725
-0.479237
4.959425
3.680475
5.492506
0.115364
-0.150794
1.993205
-1.949120
4.611894
0.345721
-6.512730
-0.632623
2.402720
5.701450
-3.270308
3.856470
-1.113167
-3.875248
-2.601519
4.767860
-5.208725
-0.055740
-1.182626
-4.313094
2.027459
3.746174
0.297979
4.359895
1.895165
-5.397774
0.297161
5.879582
-1.377538
6.653242
-4.455041
2.401578
-4.020394
-3.513795
-0.128448
-2.124440
4.395550
-2.391537
4.408486
1.542434
-5.319235
-0.828472
-6.275221
-2.060391
-1.722344
-5.616156
-2.406604
-0.951535
0.109727
4.716505
1.104006
-3.104501
3.533051
-3.484472
4.149119
-0.580103
0.201693
1.848678
-1.348737
-1.342972
1.872240
0.586065
-2.572740
7.476427
-1.776671
4.498657
-1.359624
1.038311
3.460652
-3.377372
0.076792
-2.224156
2.489799
1.525654
1.008853
2.643958
-4.563040
-3.440894
2.150764
4.191434
3.203979
-4.007158
-0.310324
3.963199
5.675024
-5.136225
-2.843877
-3.950289
1.069949
-10.093342
4.527021
-4.758623
4.455479
4.554824
-9.086008
-1.837937
-3.326241
-3.415584
-1.334267
-7.392883
1.845384
-0.348757
-0.650385
1.663745
6.678753
1.519074
2.907703
-6.289467
4.936038
-0.280668
4.491816
3.956779
-9.224030
2.071825
-6.141968
8.765054
-0.841944
0.742666
-1.049072
7.819715
-6.054702
2.348716
0.975970
1.574619
8.580984
-3.111858
-2.930287
-3.938662
-1.273455
1.690646
0.610535
1.316448
-2.596054
4.103480
-7.581037
6.129559
4.715841
-4.822018
-2.162117
-2.949871
-2.246733
1.926257
-5.617222
1.277361
2.955088
0.261477
-0.967973
-0.034553
1.521899
1.841051
2.067039
-1.585872
-4.489499
2.027390
2.799504
7.174621
-7.202482
-4.207800
-0.718271
6.276138
4.348062
0.481781
0.236082
-11.679998
-5.175186
-10.266275
-2.485496
-1.280379
-5.663429
-0.225857
-5.000097
-4.079307
3.138598
-2.248294
-5.414167
2.167562
3.816366
2.751004
-2.548344
-2.769268
1.336056
2.370288
-3.529880
-1.972405
-1.889000
9.160461
4.809110
-0.286867
-3.915887
1.904684
1.092328
1.344963
-1.849567
-4.469060
0.590445
-4.537496
-0.251893
2.617981
-1.358187
1.631785
-9.109123
2.178112
-2.030963
-1.055207
-5.244333
0.462395
1.639398
-0.194550
-4.321448
-3.698146
-8.197152
4.926725
2.296977
-5.654692
2.934116
7.637811
3.122032
-10.531557
4.236324
-4.009855
-5.970588
0.437098
-6.569664
-1.238572
3.943620
5.208717
-6.261152
8.400524
-2.559965
1.445097
-2.268641
-0.044505
-6.133587
-6.093202
-4.451581
-0.256634
-6.551937
-3.773407
-4.611692
-0.049340
-0.139270
7.813669
3.872609
-7.174129
-0.188188
0.922344
2.820429
2.282132
-1.757774
-0.408137
-1.356999
1.712026
3.705050
2.897202
0.352572
1.040152
0.956413
-2.267361
3.178334
2.702019
2.763552
2.450887
6.708012
-2.984473
-6.067245
-4.914302
0.451822
-4.292523
-4.773286
3.194068
4.677861
-1.837824
4.411313
-0.886963
-7.621306
3.765307
-3.893645
-4.421669
-1.418764
2.546408
2.572019
2.341322
1.901739
6.965327
1.890258
6.662724
-0.067989
-6.078177
1.812471
-1.538348
-1.428832
4.195540
4.624425
-4.051902
6.027079
-3.388480
-0.201817
0.324636
2.084429
3.894577
6.040232
3.371249
1.084834
-0.895081
-7.979049
-0.269416
-2.095337
4.062260
-2.361647
-0.186995
6.857307
-1.403488
-1.223365
-0.668989
-0.723391
-2.510620
4.355254
2.984005
-3.902806
4.293756
3.576582
-0.427913
-2.903566
0.277896
3.427782
-0.431362
1.217621
2.144068
-7.135523
4.828379
6.623641
0.753119
-2.622046
0.797467
-5.055168
0.244954
-4.001969
-4.057641
-0.305993
-4.815291
-1.288039
-0.409721
0.006027
-2.396915
4.421673
1.389000
0.710463
-6.644001
1.515470
-5.879062
-3.876051
-2.422428
6.830174
-5.864100
6.949407
5.427320
-3.029277
1.073126
2.945277
1.544311
-5.347290
-5.373757
-4.477112
-6.204928
1.955868
1.787674
-2.965796
8.247963
-6.449144
-2.083597
-4.970289
1.327823
-1.956434
0.242647
-2.974052
-8.170373
3.753563
7.130577
0.893667
-2.622329
2.593998
-0.987754
-4.363432
-5.692858
-4.857978
-3.695576
-1.593488
-2.097941
-5.513789
-0.956721
3.653047
-3.058235
-1.951341
-0.594837
-2.951796
-9.737654
-16.088064
3.700917
0.389132
-3.071620
6.231525
-0.918385
2.668825
2.259095
0.580371
-4.962406
-2.321060
0.125241
0.356571
-0.184205
-4.988402
2.004695
-0.190912
-3.441210
-2.234399
0.085781
2.159428
-4.110313
3.616074
-3.296686
-2.613240
1.111790
-0.318650
2.905594
8.985175
0.826352
-6.064653
-6.782349
7.242997
-0.845285
0.944036
-2.816740
-7.255480
7.858954
-3.875590
6.999607
-2.239929
4.093889
-3.679729
-5.706012
-4.313411
-2.152462
-5.083007
-4.832830
0.551220
-5.737548
-1.469066
-2.706325
2.221591
2.470164
-3.231803
3.569751
-4.071891
3.577844
-1.326837
2.408859
-5.354262
5.828139
-3.574877
2.542509
-0.105506
-0.723730
-4.342325
-7.504517
3.591780
-4.534510
3.971877
-4.889414
0.646838
-2.711565
0.181098
-1.109713
-2.690567
5.836243
2.384263
4.723003
-0.074847
1.438909
-4.772357
-2.685583
-2.917126
3.433331
-1.331515
0.256821
-5.715986
-2.455799
-2.725341
-2.057355
-4.206098
-0.519632
-0.594380
-5.561094
-2.027708
-2.303946
2.295752
-1.980738
-6.497511
-0.357249
3.137920
1.613886
4.583887
-0.641427
-5.846634
1.806022
2.477410
-0.332748
5.717099
-2.694837
5.023827
-0.160091
-1.533932
5.151715
2.467988
-0.348536
0.361510
-3.313975
1.383300
0.384955
3.652757
0.471440
1.492569
2.371286
5.064831
-4.003348
3.078446
0.048818
0.240541
1.093919
2.494829
3.629235
-5.323945
-1.140436
3.887809
3.827139
0.764274
-0.868193
1.059881
1.567327
-1.390692
3.290440
-2.880037
6.792086
-2.428175
-6.748509
-2.856445
2.817519
-2.322361
-2.639619
-3.528888
-2.637881
0.556996
4.015368
-1.948757
1.020095
-3.589127
6.050635
-1.044192
-5.599267
-0.069257
-4.802016
4.276473
4.442757
0.938875
-2.481838
-1.806413
3.526411
-1.383328
-5.972293
3.087148
0.151016
-1.493184
3.182315
-2.146109
3.117905
1.295325
1.171393
5.369796
-0.447840
1.267001
-2.343311
-2.210326
2.614272
2.387299
-5.196573
-7.536731
-6.012472
-2.024934
0.598774
3.387874
-0.910245
-3.905445
2.716259
-0.220741
6.156945
-2.787404
1.212679
6.274468
3.558477
3.060232
1.052776
6.295839
-5.994520
-0.950953
2.449056
4.642132
-2.557890
-0.206165
0.276988
-0.526404
-0.598978
5.165114
5.478293
5.125969
-0.951793
2.390712
4.572200
-3.528109
-1.309715
1.584618
3.263929
5.910673
4.616997
0.119333
-1.809159
-1.655368
1.612408
1.531421
3.679001
-0.544563
-0.033446
3.385373
2.411303
-2.831649
-0.046666
3.219115
-3.659585
-1.094220
-4.832418
2.662719
-5.310314
-1.774283
-3.305495
-2.143220
4.161999
-6.376395
-5.931186
1.570826
-2.468731
3.782287
-4.522190
4.851907
-3.516479
-2.335591
-0.805078
-0.308266
-5.000923
5.992995
1.158901
-0.339289
-0.597951
-5.619319
8.057600
-2.883339
3.057957
4.514605
4.502747
5.516907
-1.432989
-0.656487
-1.882091
-1.546749
0.118031
-2.750872
1.096434
1.570140
-1.641358
3.054376
6.356955
-2.373888
3.900348
-4.980456
2.147426
2.579858
4.637211
1.222272
7.950776
4.881944
-3.229051
1.424239
-6.768417
-1.126082
-0.436951
3.895254
-0.882668
0.889593
0.781642
2.588756
-2.488348
3.198987
2.839287
-3.307059
-0.861562
-3.590048
-5.596138
6.760175
-0.314887
-2.098629
0.333512
-5.447341
4.788803
2.986254
4.238009
0.868579
-0.888339
6.448503
-0.975183
4.128742
5.015675
5.344743
4.406593
5.561496
2.736565
-1.551629
-6.540971
-6.000088
0.108706
-0.489846
-2.969979
-3.032821
-3.207093
0.845644
-3.797815
-1.211672
6.628592
4.057813
-0.397610
-5.515138
-2.088284
-2.666180
-3.546902
-3.452060
-2.241895
-7.568994
-3.613626
-3.343559
1.495112
-4.685722
-4.176744
-1.469347
-3.872954
-0.428295
5.016283
-0.621164
-10.247855
-3.163770
-3.005734
-5.893867
3.205976
-2.783679
-6.255860
6.895988
3.213368
-1.061159
-3.020278
-6.327116
-1.824849
-4.064563
-4.474491
-6.499539
-7.533690
1.528333
-3.014108
1.571319
-9.456420
4.352592
-6.480095
7.372887
3.501170
-3.505177
-6.940971
-4.749095
4.113717
-0.680410
-8.589321
0.628340
0.543784
6.044799
-1.781913
-0.240504
-5.172653
1.822518
3.188177
-1.295820
0.951407
-1.643723
-3.979648
4.648438
1.071028
2.510718
-2.553249
3.132200
-4.665788
-0.452900
-4.153238
-0.304766
-5.647408
-3.285004
5.036973
3.600213
-3.777656
-2.081997
-4.347680
5.077171
2.803679
-1.205124
2.939041
-7.591859
6.232193
2.335296
-3.207005
2.253300
5.149167
1.065476
-1.064332
-5.200044
-0.404335
-5.753713
-0.507685
-4.597462
1.570641
-4.468186
-4.282909
-0.677698
-1.773133
2.104870
-3.840747
-5.497172
-3.642607
2.273973
3.163039
2.998025
-4.375987
0.768815
2.479676
1.673437
-4.113821
-3.393643
-5.772366
6.444181
-5.205852
-3.001529
-1.302527
-5.321696
2.371000
-1.663248
-0.866849
1.500133
-2.514098
2.936438
0.414012
-3.142990
-7.710696
-0.939599
-5.266851
0.378355
-1.587795
-5.270715
4.021222
-6.616166
0.905372
-3.685610
6.701521
-1.690267
-5.361536
-1.933611
2.472801
7.996839
3.429161
-2.728864
0.263397
2.569140
2.304090
-5.091578
4.815403
-2.721663
1.375930
-3.878087
-3.026531
2.032872
2.542469
1.227089
-0.502280
7.865932
-6.581873
-2.682558
1.055232
-3.134676
2.840989
-1.708818
-1.477024
-0.847797
7.598718
6.670252
0.670072
0.950466
-1.985643
-2.179716
0.173000
2.926586
-0.769821
3.718457
-2.617284
1.974600
2.913053
-1.740676
-2.969893
1.476428
3.369837
-3.463728
-3.830029
4.301166
-1.039873
0.030125
2.426716
-2.891112
-6.935417
-5.032289
-6.232847
2.372934
-4.962268
-0.769487
3.439254
1.351584
-3.964940
2.015524
4.174580
5.429298
-5.037119
0.784767
-4.319313
3.829450
-7.364223
-1.565128
-5.219739
-10.323193
5.508385
-5.138555
0.092671
-4.414778
-0.196673
1.274460
-6.398579
-1.289612
-4.695125
-3.652338
5.764070
4.175005
-3.639012
2.820727
-3.094796
-0.105096
-0.786805
3.650892
-0.350534
7.067652
2.274724
2.864162
0.303030
-6.302399
-6.709801
-2.254473
1.030652
6.328863
-3.228173
1.785579
-8.186807
-2.785249
-2.585717
3.992703
0.489072
3.051820
4.688315
7.407752
2.917224
4.931470
0.584584
-1.768708
5.286555
-6.105536
-5.264855
2.396508
-1.407556
2.625099
3.441311
0.944756
-0.134711
1.386059
2.786355
4.775298
1.769725
-4.307842
-6.953987
-6.264344
-1.576286
3.949503
1.067332
1.176095
-1.469312
5.303606
6.151872
-3.610662
-0.011106
1.166201
6.195560
-2.282302
-5.351525
4.701149
1.860605
-0.610855
8.615324
0.195559
0.124829
-4.879386
0.909883
3.026587
5.658302
-1.343324
2.121003
-1.457315
-1.920765
7.612111
-1.067969
1.325735
1.046831
0.640919
-4.432683
-3.355983
-4.413345
-0.245174
4.596910
-2.505091
1.069312
4.975360
3.353029
1.738652
-0.014890
5.566234
2.552362
-3.883169
-6.108528
7.916513
5.109253
-3.719022
-1.778379
-3.408582
-7.551214
0.296895
-1.277222
1.426527
5.993965
-2.417304
3.701924
2.678041
-0.792918
-0.512642
3.050287
-3.606988
-1.081043
-4.502722
2.395920
-2.037094
4.036667
1.449875
-1.309212
4.212314
-1.861493
1.389624
3.509344
7.964551
-0.036030
6.575450
2.052998
-3.596048
6.186538
-2.751237
0.861312
0.473829
-3.509242
1.505423
-2.737426
-2.337668
2.273908
-1.800993
4.319395
3.314305
2.667950
-3.620556
7.053227
4.027785
3.475034
-2.342732
-0.648183
-1.262222
1.158433
-7.298133
1.239821
3.807660
4.016422
-1.530495
-0.524729
5.478717
3.838027
2.582150
-7.414555
-3.993949
-6.190528
1.888341
1.074526
-3.290824
2.075789
1.570160
1.100315
-0.162225
-8.523799
-3.217640
3.507503
2.752553
-9.134594
0.886901
1.586652
1.080915
2.640476
7.507290
1.870199
3.451277
-3.227152
2.144095
0.153522
-7.215343
-2.877493
5.115185
1.968704
-0.533184
2.203594
-4.316154
-1.794546
2.940724
-8.168131
-2.606463
-8.749797
-6.135453
3.984982
-1.954356
2.198909
-1.844828
3.022788
2.997047
1.115076
-7.782840
0.931140
-4.545658
-1.850514
-3.941022
5.732318
2.361411
-4.828455
-5.654275
3.247600
3.513803
5.005353
-1.341109
-4.049832
1.507003
-4.024377
8.664701
-4.231499
-0.519402
-3.896860
-2.591006
4.430245
-1.393677
1.297431
3.546448
2.540522
0.749459
3.433285
-4.016165
-5.302594
-0.212203
-5.626038
6.374717
0.410782
-4.239078
3.130866
-9.238452
-7.265886
0.062751
-6.240062
-1.209695
5.015070
2.002196
6.639708
-3.885727
-3.826927
-6.244991
-1.980059
4.715613
-1.481344
1.149463
5.254307
4.486629
-5.162498
3.226634
-2.378629
3.720485
-1.039907
-1.029258
-2.048614
5.092001
-6.082355
0.656458
-5.086928
1.728741
3.126498
-19.430517
-1.606523
2.389218
-8.587602
-2.928336
-2.368166
1.004232
-4.093661
1.083998
4.946302
-4.906570
5.101323
0.294632
-3.688834
-3.713600
0.224657
-5.794919
-3.231824
2.230798
-1.933340
2.535263
4.263662
-1.694271
-3.267071
1.707813
3.586653
-2.905555
-4.205991
-1.633412
-1.800105
-2.788141
2.886796
3.105608
0.751684
-2.883165
-0.596243
7.057699
1.722679
1.761343
0.870531
-4.834004
-4.174597
3.443122
1.015291
4.106721
-0.960344
-4.828043
5.332276
4.557996
-4.129946
3.527384
-0.610491
12.218751
-3.618397
1.331694
-3.347925
0.137152
-1.291057
2.201678
-0.081181
-4.321084
-0.184182
2.669443
4.931410
4.008325
0.868183
-7.517725
2.341235
1.038445
0.036791
3.944475
6.580534
-3.680783
-0.799711
5.341509
-1.076709
0.638419
1.075671
7.124809
-0.687093
-5.156755
-5.069358
1.818728
-4.918703
3.028313
-0.157589
1.988630
5.327446
-0.054352
0.001689
-4.134218
-5.321259
-9.041229
-3.128139
-1.072900
-1.655335
4.682508
1.869320
2.502467
-3.883839
2.912260
1.317219
2.518008
-3.578474
-1.321267
3.956128
0.773403
-2.211896
0.556667
-1.938725
-4.502552
0.568820
5.234891
0.122107
-2.393204
3.375131
3.064039
-3.661915
4.382740
0.480603
-4.970313
-2.328192
1.396740
1.179600
1.192979
0.015642
-2.448781
0.895763
-8.033932
6.146645
0.901719
2.467240
4.346411
4.874262
2.209898
-2.755241
-2.447750
3.797003
-6.667641
0.870389
-2.158679
-4.396325
-1.917342
-2.395406
-1.159724
-0.488260
-3.508017
-0.619735
0.468509
-4.379598
-2.993534
4.819830
-0.570285
-1.044787
-10.128959
-0.148326
4.521569
-2.338268
-1.372998
-0.912168
1.881819
-4.582048
-1.791485
-0.907873
0.209501
-2.974797
1.137747
1.843131
-5.711171
-1.427965
-3.878449
-4.820831
1.847200
-6.297431
-6.029520
-0.762236
4.494551
2.370714
2.343446
-3.965248
11.178785
-5.241514
-0.817118
-2.728024
0.694800
1.969100
5.415396
-2.412012
-3.082841
3.216059
-1.352365
5.945736
-3.023493
4.231988
0.910009
-2.726773
8.282970
-0.141140
-0.566342
1.710761
-3.821364
2.548824
-4.507767
-3.177406
-1.866937
-12.187581
7.682669
-3.246200
-5.193198
-0.136995
-0.838154
-1.639629
3.565122
1.478415
-1.143764
0.650750
1.342448
5.510763
1.384221
-3.866140
1.163837
-0.391736
1.998361
0.497283
-1.076917
-0.337512
-3.300626
1.930745
-3.299809
-11.272524
4.468696
4.600195
1.443003
-2.613392
-3.166423
-0.058496
-5.633942
-0.076596
1.219450
-4.834192
-4.197063
4.495377
1.199741
8.143541
2.442945
1.810277
-2.383528
-2.512378
3.812211
4.918221
-0.154301
-3.366318
-6.644363
-4.898773
-1.763829
-3.762701
4.817562
-9.430144
2.165524
3.917443
-4.940171
-2.437940
-4.927029
-0.657876
-2.491557
0.895037
-4.942653
-3.767458
1.946016
-1.506573
-4.013172
-0.451782
1.615859
3.285322
2.768983
-2.354349
1.179968
5.160614
2.154114
6.549998
-3.731885
6.919384
5.970727
-4.112124
1.118179
3.602891
-0.797973
-1.340111
0.936449
6.593475
7.273268
1.659511
0.111418
6.229144
-3.556496
-4.738760
4.379620
-3.143849
5.217881
1.528533
0.150099
1.343802
-0.539547
-6.565124
-1.702321
1.810515
1.454379
-2.893717
-7.244577
-0.912099
7.076157
1.010053
-1.518945
-5.209369
-2.731839
-3.796815
3.829790
-6.144868
-1.018300
-5.643824
2.165633
-2.252388
-5.600605
-0.124713
-6.013670
1.034434
-2.295931
-6.153417
1.894507
-4.331177
6.285904
1.781744
-5.512503
2.361341
2.560800
1.925159
-4.229569
5.491335
2.049904
5.134086
-2.632809
0.014020
5.512363
-7.751128
-2.301929
3.335928
-1.819172
-6.532608
2.306362
1.861111
-6.108578
-2.571441
-1.862936
3.826206
-3.827608
-0.536037
0.249634
3.675906
2.747915
1.564353
-11.729920
1.346049
1.308177
3.495311
4.761481
-2.478915
-6.443420
-1.632347
-5.844776
-8.365395
5.724810
-9.421855
0.094393
-1.275778
-0.284700
0.131800
3.845104
-4.549577
5.463283
-4.951206
-4.171498
3.211593
2.507411
-0.732872
-2.494020
0.200471
-0.075327
-6.148738
-4.681098
2.069800
2.841939
2.205777
6.625367
2.598655
-1.822909
-6.550255
2.647655
1.906460
-0.845450
0.560011
-0.337800
-6.806698
-1.952773
3.019473
2.437153
0.022477
-1.813793
4.228940
1.571677
-0.423107
-8.371693
4.402404
-0.259220
-5.340170
-3.865817
-5.178019
-6.309347
1.510090
3.315576
1.999367
3.617918
4.939349
-0.993078
-0.159564
-0.279469
-4.566996
-5.109563
6.951073
4.269744
-5.494883
-6.068115
-4.452206
-2.579516
-0.035839
-2.041362
0.359274
5.091177
-0.941195
-4.474379
4.364887
1.615928
5.528270
5.545086
2.987598
3.945316
-2.349852
0.386223
0.547439
-5.948193
-1.551085
1.296490
1.895948
-1.781693
0.153610
1.424535
-2.139240
2.370994
-1.189717
-4.216457
4.544403
-2.579522
1.953904
2.503034
2.789032
2.409185
-1.143675
-0.503571
1.322303
2.488445
-4.948312
1.799915
0.844332
-0.959653
0.570060
-0.353589
4.824267
-2.643215
6.356899
-4.542564
2.920630
-2.486863
2.768890
-2.740515
-0.288174
4.523779
3.962733
-4.325321
-2.155697
2.921766
5.829337
2.769909
0.117762
0.374715
-2.117063
5.206926
1.678631
-2.775244
-0.081821
2.046382
-3.363236
-0.585764
1.800354
3.990657
0.677223
-0.190163
5.747471
-7.256494
5.901475
6.867465
-3.615770
-1.348417
1.831944
5.178495
-4.784728
0.045637
-0.899837
-4.570084
-5.059836
2.044252
0.053059
3.178606
5.412077
-2.078729
-0.204447
4.377630
-3.588920
3.922301
-6.174855
-1.151690
-1.338331
0.737155
4.111259
-5.450039
-4.941660
-2.331012
-0.934821
-3.635013
-4.269549
-5.629494
5.129458
3.378896
2.460097
3.093169
-2.971108
-3.709031
0.850390
-5.900985
0.349414
-1.227628
-2.018973
-2.345310
-3.686110
-4.267487
6.207970
-0.859525
-5.992154
1.669530
4.945793
2.490326
-3.458792
-1.855194
9.207598
4.320027
6.063189
-3.327794
-3.602484
-4.265216
4.329025
-1.866138
-3.229674
1.088783
3.236548
-4.408874
-4.861937
2.952055
0.982614
3.984006
1.362053
7.240261
-6.773622
2.433618
3.344417
-0.505167
2.781156
3.440058
5.303608
-4.014474
-2.647431
-3.284134
2.490269
-3.350276
1.012065
2.771617
0.062734
-0.212825
-5.164589
-2.204477
-2.543980
-3.060972
-6.744255
3.761874
-0.939821
-2.056797
-0.387146
6.411258
-2.294427
2.646729
-0.332757
3.117202
-3.723660
-2.772954
-1.099946
-0.070931
-5.861959
3.294191
-0.305023
0.969854
-1.848487
-4.000411
5.016408
1.033210
1.151588
-4.883085
2.322369
-4.118161
-6.419574
-3.492629
-2.055055
0.222404
4.112304
-3.815483
-4.923728
3.426332
-2.290110
-3.973466
-2.281969
-3.574952
4.099009
0.502378
2.345927
0.596101
3.440691
-0.973096
-1.061441
-0.108423
0.877137
1.635721
-7.550765
-1.305721
1.728152
-1.295902
1.754253
0.199378
2.396705
1.812326
3.261097
-2.991377
0.510204
-0.346668
5.787632
5.221773
-1.922618
3.937954
-0.135328
-3.060119
-6.285374
4.660088
1.499507
3.661981
-1.124578
4.744114
-1.350014
-2.471714
3.625491
3.634096
-0.798332
0.930337
-5.120729
-3.493120
-1.120775
3.742027
3.271810
2.645656
6.075021
3.309023
-1.014884
4.164220
1.255114
-2.875657
-6.622649
3.435120
1.999859
2.511994
-5.479499
5.424525
-4.404930
-2.830687
2.753059
-0.669624
4.683510
-0.486653
5.110256
-2.068401
-3.055160
-3.257122
-5.503722
-4.952550
0.475333
-10.482759
-2.683439
3.382987
-4.236411
-8.875840
-3.581820
7.514057
1.733198
-5.041461
4.605879
-2.351061
0.304206
2.534722
-0.653917
3.686655
0.704269
-5.123381
1.203410
-2.516432
-3.082151
1.717762
2.721150
-2.076489
-4.886164
-5.766994
-6.516918
3.064991
-0.889209
0.755960
-5.501349
1.837907
-0.610584
-2.316864
-2.282525
0.151262
-6.846336
2.169146
8.511488
-3.604393
-1.993275
4.118659
3.011945
2.514145
0.869850
5.096910
6.152704
-3.907443
-4.207234
2.926473
1.832124
2.026304
2.810475
-5.221900
-0.985528
-2.883710
2.773711
3.791369
1.801246
0.585073
-0.193879
-1.049732
-2.813936
3.106235
-2.186346
1.979999
3.912076
4.666439
5.481835
3.258641
-4.234975
3.850245
0.746435
1.289543
0.968435
-4.124056
-6.149557
-2.327879
7.797665
-0.581298
3.635436
5.033879
5.405231
-2.043889
-2.747090
1.977160
-2.785234
5.260232
-4.456872
0.738528
4.036007
-0.311339
-4.491467
-6.000092
0.624748
2.955005
2.887684
-11.340888
-2.698992
-4.117455
-5.964306
-0.849975
-5.780773
-3.987562
-1.822848
-6.107549
-3.059171
-2.982725
-7.232899
4.354940
-1.026463
-0.384268
2.283096
-5.682196
-3.403461
-6.090215
-2.696748
-4.363946
-4.322753
-1.322260
5.162914
1.103005
-4.394430
-1.710961
-5.941484
-4.508914
2.107406
-8.749468
1.064435
-6.591523
1.942235
-2.154067
-6.546641
-2.920481
-1.287159
-2.772280
-1.749561
-5.414715
7.659949
1.442128
-1.810763
-3.468228
-1.599456
2.671157
2.555877
2.294976
-4.560561
-2.276493
-5.323480
3.781995
-0.458703
4.277742
1.626643
3.733264
-5.192361
1.044405
1.175513
-3.248531
2.553320
6.650778
-1.455660
-1.178772
2.497552
3.012377
-2.878025
-8.223990
-4.588582
1.301677
-1.027589
4.781726
3.985771
-0.923537
1.766219
3.030246
-1.715709
-3.677654
-6.074840
-1.349336
3.623474
-2.893194
3.579026
3.386114
2.615273
0.885002
1.288690
3.407418
-5.222317
0.459638
-3.073440
-5.080079
-7.013569
3.771074
4.828593
-0.194686
0.372060
-3.003379
1.247047
0.326873
-3.727133
-1.462456
-0.372652
0.991438
5.248186
-1.880895
-7.519283
3.812180
2.114741
-5.321188
-1.858231
-6.992712
-6.638958
-5.384651
-3.778037
-2.929986
4.841078
-8.422121
-3.884221
-2.542651
-3.585911
-2.455634
-4.640969
-3.436586
-7.275162
-3.842460
-5.532173
-1.778350
-2.637899
1.120201
-4.982125
-2.731660
-1.615864
-5.390934
-0.902001
-1.691760
1.608580
-3.185743
-4.423239
1.341705
-4.389036
4.113870
4.861182
-4.786015
3.825382
-6.223097
5.258977
-1.324247
0.409650
-2.838358
-1.600016
0.668682
-1.133012
-0.548391
5.958945
-0.616919
-1.394641
-1.014648
3.565073
6.477143
-1.946214
-2.221740
8.578716
8.210385
-3.236354
-3.917805
3.439030
3.036451
-5.670564
2.984939
-1.015543
3.737506
-4.244976
-4.531395
5.972506
-2.520944
2.745276
3.583167
-6.332950
0.609673
0.443826
0.733613
3.769562
-5.905128
-5.553869
-1.697622
-3.375564
2.186991
2.411172
-7.047037
4.965372
-1.499072
-2.987998
2.086067
-5.699594
3.166166
-2.661030
1.165355
3.852324
5.175518
2.738210
-0.195783
-1.140545
-5.786586
2.164249
-2.857625
5.001616
3.588321
4.264250
-1.502042
1.596188
0.540384
-2.934234
-6.148656
2.899354
3.342148
-1.305112
3.630450
-5.372243
-0.929758
1.599002
5.763327
0.944481
-4.669916
3.091650
3.967015
-3.502978
-2.165126
-3.058979
-0.382372
3.487658
-1.036112
-3.311957
0.744115
-1.648952
1.325778
-4.341076
3.929841
2.525757
4.744280
-0.858857
-2.784561
-0.689437
-1.264995
2.850092
-1.899076
-4.395647
-4.844882
2.692351
0.793913
-3.399654
-4.083641
-4.754381
0.831575
-1.932490
-3.053137
4.389346
0.284776
7.361235
3.194743
-2.961314
-5.325004
-1.121190
4.295642
-3.953473
3.502487
7.519471
-3.756232
-0.506407
-1.959949
-4.417378
4.718955
1.924361
1.537814
-2.859639
4.322418
1.161298
-0.153944
-2.614619
-0.045659
-5.313174
-3.542360
-1.410122
-1.002300
2.850916
-1.178062
3.811174
5.447470
-2.223400
-2.956198
-1.031815
-5.004027
-1.769199
1.774994
-4.216297
4.732710
-1.753833
4.532580
3.627517
4.490850
-3.265415
-1.987110
4.368807
-4.373134
2.087254
-1.954424
-0.358991
1.098054
2.200172
-4.689041
-5.193437
-5.368433
-3.041812
0.818995
-0.227152
1.765297
-3.028396
-2.384379
-3.251824
-3.942293
2.040943
1.008309
3.465242
6.277246
0.133037
-4.439403
-2.177169
-5.337793
-2.857632
-2.386593
-5.098530
-4.555328
2.021585
-2.173970
-1.133586
2.850511
-0.783375
3.150295
-2.315696
2.431622
-2.210163
-4.247925
2.369507
-1.822352
-0.653112
-0.195178
0.825067
-7.717885
-7.645933
-6.261425
-6.100163
4.045671
1.186623
4.009694
0.906142
-2.827822
3.994247
-0.828201
3.112709
0.567517
3.717830
0.790479
5.065645
-0.325500
-9.104289
2.641294
2.557449
-3.837198
4.773584
-5.241988
1.691542
0.780016
2.424959
-0.548491
-4.108112
-4.237582
2.047624
-3.033551
-5.842469
5.423015
-4.660978
-4.857272
-1.781678
6.938106
-2.125974
2.831823
8.561872
-8.316988
-0.670756
-4.468795
-5.370269
-0.193672
-2.466646
-7.743834
6.496303
-2.699366
8.217301
1.385153
-5.368594
3.739994
-7.688405
-6.938405
-0.331766
-0.719841
-3.536820
-3.873709
1.670446
-0.327920
2.067236
3.043366
5.612599
1.597426
4.495641
3.634385
-5.775702
1.456251
-1.894587
1.774199
3.223717
9.102732
-1.341501
-0.833810
2.478940
-5.157542
-4.884817
6.089362
2.016620
2.033069
-4.552253
3.282200
2.003554
-5.888395
-5.304758
0.743037
-1.115267
-4.698300
-6.198889
-6.447843
-1.103755
3.057971
1.048305
-3.764930
3.732987
6.251637
-3.037071
-4.656099
-0.676349
-3.969041
2.654470
-8.050349
-2.683875
1.780311
9.621511
-0.464864
-2.038050
4.443979
0.710756
7.429309
2.646600
-3.214588
4.733022
-3.289880
2.319602
-3.171289
-2.947209
-1.989940
-1.048535
-1.966220
0.724017
-2.168599
1.293623
3.968965
-2.509068
-1.043068
3.356879
-5.925187
-3.584679
2.500354
1.001930
-1.605237
2.436172
1.116917
-0.317966
-7.665574
-4.545475
-1.454373
2.974659
-2.668776
0.859761
2.851929
-1.101151
6.417887
0.829220
-2.424974
3.723502
-3.224685
-1.117462
-7.790740
3.509584
1.126416
-3.888839
-8.719258
5.308506
0.506438
-3.752291
-1.293678
3.131602
-2.002571
-2.058809
-0.622810
-2.392158
4.728780
-3.010286
5.483605
6.135195
1.284420
-1.763467
-1.182405
1.210092
-3.919694
-0.051145
-2.511985
3.591084
-3.462075
-4.231777
1.441433
3.786740
5.076266
-5.806864
5.208153
1.972884
-0.159122
1.408386
-0.639911
-6.456672
-4.959796
-1.964774
3.707081
-0.757635
1.740775
2.265780
0.931048
6.234092
-2.802851
3.646684
3.329940
6.560867
8.949220
-2.735508
0.190057
4.584610
-0.957492
-2.095305
-5.208034
0.012806
-3.790729
4.263183
-1.130006
4.394063
-4.987072
-0.749605
5.013030
-7.107318
1.294952
4.205293
4.459507
-0.459869
-6.211006
-1.524107
0.280086
0.082941
-1.882082
0.764285
2.160180
4.382185
-1.441965
7.101839
-1.288273
3.562097
2.742534
-1.338278
-3.038949
-0.612503
-4.050175
4.459589
1.359492
-4.067835
-2.571895
-0.027149
2.409200
-6.055240
0.277836
-1.424487
-0.356595
7.078339
1.843212
-4.505350
-5.084013
-1.999943
3.497845
4.484793
2.295084
-3.701186
-6.974769
7.974513
6.352963
7.360747
-1.921488
-0.271009
-1.722817
-7.802592
1.420413
0.067889
1.921654
1.436259
4.619569
2.481771
4.114172
4.316479
4.815250
6.129509
7.158665
-2.885386
1.690142
8.193494
-6.062898
3.404536
0.860289
1.208244
0.380059
1.334184
0.761167
1.873858
-1.321234
-7.615734
0.212407
5.415733
3.945275
7.027163
-11.391841
2.765051
0.779799
-2.732533
-2.933217
-1.271046
6.656489
-7.507574
-4.041255
6.122055
1.822481
-3.277717
1.867485
-2.788965
2.083012
-4.542800
1.432427
6.072445
0.876346
-3.663391
-7.448462
2.245482
-4.559267
1.583156
8.265354
-1.235991
-4.397087
2.252784
5.516762
1.584921
5.102346
4.290120
-2.985248
-1.494262
-5.955899
3.774429
-7.931669
1.272575
0.526054
-3.974888
-0.311609
-5.299919
-5.070277
-4.845095
-1.297477
2.467398
-4.726247
-0.868472
-1.801659
2.651078
3.901441
3.755729
5.485524
2.797495
-0.942847
-3.818825
-6.902771
-4.824686
-4.093246
1.691158
3.760026
0.882689
-5.876704
0.254474
1.557014
-5.206497
5.993169
-1.286811
0.751829
-2.400614
2.978164
-3.886500
3.152467
-4.038632
0.297437
5.876242
-4.564958
-4.169388
6.530803
5.293687
-1.280108
-4.412789
1.082533
-2.121595
-0.942853
-5.882907
-1.190187
0.210629
1.349809
1.435801
-5.095907
-6.205713
-12.940528
3.304702
7.769351
3.289967
1.706046
0.941267
3.781276
-7.954914
0.822205
1.814386
2.311208
-2.239663
-1.050810
-3.875076
-2.777413
4.101706
-0.591473
-6.448088
0.555644
-3.682353
-7.762649
0.347605
-0.225634
0.983004
-3.494246
7.027281
-5.076546
-5.987840
2.716802
-3.131119
-5.821856
-2.653675
2.234979
3.532486
-0.082970
0.542026
-5.951239
-0.495098
-2.363682
9.561858
-2.843211
-0.309407
-9.482050
-6.947114
0.743857
4.383908
-0.044422
-2.771845
-7.244596
4.694614
-0.976922
3.133351
3.401186
0.705851
-1.949375
-5.569680
-1.686199
-0.825353
-0.916767
3.999570
0.996078
4.047186
-4.097724
-0.707693
1.644382
-4.053029
4.208020
1.326272
11.965163
-2.189259
-5.411655
4.070888
5.833588
-4.100088
-0.207520
1.995320
0.608906
-5.514245
4.402058
-2.695827
4.191692
-5.893505
0.064147
6.579634
-7.311021
-3.999392
1.738980
0.009452
2.490150
-0.688344
-1.200848
2.085602
-2.477375
2.673568
1.014514
-4.798469
2.100634
-0.580670
2.690798
-3.361957
-4.151300
3.214770
0.699877
-1.657476
-6.803480
-3.003149
-2.884458
-2.460664
4.271581
-5.486941
8.102279
-2.275344
-6.472216
-4.159301
-3.310372
5.470640
3.252663
-3.030555
-5.046731
3.075813
3.629018
-2.302846
-4.511219
-0.997803
2.165835
4.801637
-1.781443
-5.767591
1.036445
6.506579
6.053476
-3.656771
-0.540208
-4.828372
1.390944
-5.241707
-2.746998
-0.512008
0.801861
-1.872804
4.803707
-0.253362
-0.922796
-2.922171
-2.697538
-5.504874
-0.435219
3.469849
7.357671
6.335153
-4.439865
-2.047860
2.270190
1.268778
3.802054
0.970564
5.558674
6.521986
4.099326
-3.053859
-0.790366
5.025035
-0.388463
6.358644
-0.747013
6.835541
-1.643166
-4.024339
-0.190482
-4.602087
0.252799
-2.206796
-4.943011
8.268907
5.923039
4.965438
7.950566
-6.485799
-1.274778
4.074788
-5.358992
4.058631
-3.830132
0.538903
-4.312465
1.449906
0.097274
-0.390599
0.306075
-7.683198
-3.868910
-3.306539
5.319835
-1.800185
0.058786
4.949408
-1.657916
6.467608
3.538404
-6.914776
-1.715309
0.029114
-4.445647
-0.296750
-2.705146
7.026604
-0.123454
-1.629845
-4.421914
2.664873
-3.527943
4.110410
2.182676
-6.862000
2.281147
-1.151610
1.517782
2.894258
-1.504052
2.388221
2.203140
4.838853
1.529769
0.144428
-1.417350
3.416598
-0.219455
8.029539
-5.420671
-6.237051
5.981032
6.878429
0.774042
0.343652
3.639360
2.242641
3.385762
-2.440949
2.567965
5.413430
-5.070593
-0.039988
4.555576
-3.393403
-3.925796
-1.001532
1.305851
-4.610053
-0.759072
-1.602113
-1.009652
-1.897910
3.646675
-4.092326
-4.548235
-1.259781
2.564866
3.405749
1.721461
4.737882
-5.814755
1.248457
2.931961
-1.410980
2.902623
-3.092614
0.171361
-4.783726
-2.472697
2.765240
-0.779455
2.232981
2.361592
2.145206
3.007096
1.673935
1.228803
3.047023
-1.379038
0.508531
-2.494904
2.846359
1.259503
9.486356
-5.446081
2.577367
4.907601
-0.605914
-2.828709
-6.417968
-0.112383
-2.474550
5.788125
-5.460913
1.279972
-0.048576
-5.880562
4.561692
2.315818
0.544783
3.706594
4.777186
3.812902
-0.518260
-0.832238
4.171725
-1.921844
7.728271
-1.748024
-2.399230
-0.671133
-2.571372
-1.332003
-1.077168
1.553194
1.045705
-7.256894
6.753253
8.452221
-0.621301
-5.250934
2.539176
-2.091298
0.409514
-1.657897
0.671681
4.235889
-4.979404
11.183090
3.818960
1.341089
-0.292287
-1.922489
-2.002682
-5.836035
5.110210
-2.126450
3.650504
3.898862
4.986141
4.338601
7.562107
4.206656
-1.357083
2.409343
3.878414
0.402841
6.685013
-7.570012
6.749708
-2.662753
-1.435554
4.785679
1.068057
3.615422
3.991412
-0.909910
4.034823
3.971355
-1.775279
-6.943166
-6.478062
-0.269895
2.145656
3.537525
-0.129673
4.926881
-4.529433
6.123386
-0.916036
3.425741
-3.112385
0.605425
3.241565
-2.481101
-3.344383
5.988983
-3.782487
-1.973702
2.434260
-2.304715
-0.797569
1.047001
-2.968580
-1.865232
5.396855
-0.082912
2.674635
-2.269086
2.895108
-2.485010
-2.038690
-5.280845
6.106961
2.612741
4.356315
5.310292
2.350092
1.678532
4.200670
-3.957552
-1.170859
-3.296302
1.020339
-11.798697
-3.460913
-3.614658
-6.362449
-0.985466
-2.189460
-6.110230
-3.273926
-2.399555
-6.247169
3.550469
0.849809
-5.219508
0.668213
-8.080726
-3.905062
-4.697698
-1.584925
-4.587214
-0.115411
2.823946
0.459207
1.806430
-12.312636
-5.381863
2.010219
-4.660291
6.480733
6.173965
4.732362
-1.642745
2.502008
5.352101
3.661647
-5.677920
-0.581908
0.968198
0.644828
3.706268
0.633633
-6.268944
0.817304
0.409368
-1.035296
1.289431
3.033607
-2.544715
-2.241643
2.517141
-4.574373
0.367340
-2.281351
-4.783237
4.934182
3.311797
-0.722642
-1.918792
0.786671
0.303556
-3.444012
2.004044
-2.990924
-2.548396
-4.263847
-1.113264
6.401637
-5.016910
1.724112
-3.614808
-5.226842
3.088841
2.107520
-5.180885
2.262356
3.099909
1.395308
4.517195
-4.554368
-0.145474
-9.551283
2.545594
0.409461
-5.001772
1.440573
4.846574
4.405842
-1.806429
3.870947
-6.566863
-1.529856
1.128897
0.984302
-3.900670
-4.846416
-5.051139
-3.524286
3.900135
-1.363201
-3.221811
-0.401338
-4.277155
0.133935
-0.722823
-3.704526
5.356466
3.992335
-2.233458
-0.083292
-1.379217
5.592079
1.184391
-2.059142
1.793738
-1.701982
3.868529
-9.710966
-5.290149
2.644587
-3.005129
4.220459
-4.362985
-0.753843
1.110623
3.562283
-7.706520
-4.970127
9.683054
-0.674656
0.984103
-3.711119
5.487034
-0.234067
2.053285
6.421197
-3.138001
1.497731
6.837178
0.032271
-2.963314
4.105960
3.140686
7.730967
4.722440
5.894590
5.742370
3.341510
-0.016124
-6.426124
1.186077
3.570872
-0.982177
3.046645
-0.587437
4.325148
4.883505
-1.795374
1.866563
-5.742682
1.287306
-3.610913
4.037021
-0.152391
-2.982610
-1.204410
-1.292762
2.100862
-4.940932
0.786357
5.580807
2.544171
4.631371
0.790935
9.090387
-4.851087
-0.594354
-1.730137
-5.709705
5.232401
0.610154
-4.431304
-4.093963
-3.656061
-1.601160
0.057878
0.092915
2.761106
4.834898
-0.846428
1.241190
5.017171
-3.301584
0.757922
3.115882
0.276582
6.020908
-0.193116
2.386729
6.301240
1.271964
-4.671199
5.138916
-4.526117
-4.178738
2.363698
-3.109062
0.980819
-1.867988
9.751758
-4.277253
1.930075
7.012301
3.112746
-1.371024
-6.558322
5.103331
-1.486419
3.302893
3.665304
-0.163837
2.814659
-8.057867
-6.601206
-0.703582
-1.098370
3.054718
-2.970458
2.147351
2.891687
3.435139
-4.588067
5.558374
-2.130223
5.716300
-0.477884
-0.851931
5.112234
-1.564422
-3.766012
-4.452784
-1.195478
4.697011
1.816019
2.879925
3.235715
0.380502
-1.440975
3.157667
-5.688135
-3.394606
0.108469
-4.083683
-0.124138
2.025958
-7.088703
3.507933
3.255266
-0.200262
6.817592
-2.933142
-3.168020
3.099206
0.646303
7.278513
-4.173236
-2.526672
1.658188
-4.184629
-4.242170
3.094222
5.826668
-7.114849
-1.489526
8.300881
4.506964
-3.575596
7.817032
-3.276165
-1.331345
-5.116173
9.409626
-4.402309
8.474915
-7.950840
-3.390359
6.083920
-0.802243
2.964473
4.306510
-3.816725
-8.020339
-4.030993
5.832118
-1.685225
-1.444155
1.202247
5.732665
-2.859186
3.877834
-1.932026
-5.047796
1.728117
-0.700579
1.171939
-0.138640
2.242900
0.458045
-1.929771
3.661637
5.091183
2.007200
-4.658288
-1.794136
3.168756
6.369871
-3.573181
-4.252522
-6.965521
-4.717761
-5.493021
3.910880
2.700841
3.982934
-5.082057
5.673734
2.652722
-2.826358
0.646387
2.097576
-9.607889
-1.883541
-4.059637
4.485270
-6.104769
-3.539528
5.210081
3.406015
-4.536029
-6.311562
-0.379567
0.951240
-3.714518
-4.281225
2.362689
2.208101
1.215179
2.115622
7.229385
0.437853
1.987095
2.044003
-1.692137
-3.863358
2.506167
-6.758958
2.609527
1.489996
-5.667737
0.433481
4.254289
-1.911432
1.142479
-1.659046
2.546163
-0.016814
-6.785359
-2.823189
4.268909
1.476497
3.889019
-3.884009
2.996157
5.580915
-0.086898
1.217767
1.799461
-0.891196
2.860874
-2.371247
2.116833
5.910656
-0.365674
-7.691329
-4.666809
-4.976901
4.760570
-2.412848
-3.825353
0.450754
0.554528
3.248143
-5.355859
5.932123
3.152747
-0.991667
4.345318
2.459088
-5.174383
0.821858
1.461037
2.244171
0.883301
0.934202
3.964511
5.823208
-5.485701
0.736206
-7.320593
-11.017524
3.713765
-0.351108
-0.186931
0.434053
-0.039577
4.878388
-1.922261
-0.401583
-0.675520
4.251616
-2.572964
1.247454
-3.488299
-3.290406
0.901852
0.685087
2.219551
-0.394595
2.442605
3.917187
4.456087
4.518067
-6.228992
4.635561
-0.505826
-3.434389
-0.899633
-2.237837
7.802380
-2.305018
-2.623528
-3.417800
-1.735698
-5.604749
-6.359082
0.768085
4.337092
-6.733212
9.536851
-3.712393
2.009968
4.678783
2.469146
-7.670112
-5.076038
4.681333
-2.333613
6.545051
-3.581995
-0.613963
3.532064
1.521594
0.041950
2.871834
0.522093
4.173527
1.798036
3.074627
-2.756014
3.700833
-8.020288
-0.946385
-1.724222
1.252044
-2.058312
3.792560
-1.139717
0.023659
-0.603067
-4.545799
-6.590753
-6.193537
1.214233
0.306835
1.726873
4.235237
1.643301
-3.517006
1.216782
-2.072818
2.737671
2.915555
0.349690
0.598316
-4.671718
-5.552533
-3.437431
-0.777191
2.068696
1.693962
-3.847594
-2.905183
-0.129701
1.898445
1.168395
3.155649
-2.865506
-3.564043
0.581542
-0.307733
0.604043
-7.506195
-0.061197
-1.685594
-3.884624
5.843990
-1.697166
5.624451
-3.238591
-0.442458
6.403471
3.688553
-4.369427
-0.191307
-1.243659
2.471939
3.716852
5.476885
2.490900
-4.371169
5.527616
3.186056
1.639250
-4.598396
-4.257914
-2.416412
4.520116
8.513451
-2.545731
8.887660
-5.906539
-2.970378
7.895129
-0.151437
0.579480
-1.171113
-6.119398
-6.832765
-6.551637
-3.631475
-3.485346
3.218777
-0.005880
-1.216317
-1.919105
-3.546227
-3.452063
-5.485701
-0.922164
0.207583
-5.736892
6.862784
0.333234
-2.721025
-1.197148
-2.225888
11.773126
-1.212511
1.667761
3.481128
4.088439
4.174125
-5.641418
-4.403424
-6.318499
-3.822210
1.714566
0.558119
1.191851
4.379610
-0.912973
1.662340
2.296642
-1.659988
-0.638901
0.255593
-7.651013
-0.836976
-5.374135
4.459161
-1.903374
0.845806
1.355534
-3.583376
-2.986300
-9.533276
-4.109541
-4.607593
-4.262542
5.785646
-2.618792
-1.391678
4.509502
-3.268263
9.753528
1.477494
-3.315285
4.256289
1.050833
3.011877
5.485356
-1.996399
5.187398
1.610358
1.060314
3.198640
-0.399591
1.733903
-3.129506
3.369351
-1.071787
1.375029
4.689411
-1.404732
3.826610
-1.268498
3.006077
-0.672013
1.935840
-4.401797
6.440467
-3.679944
-1.460363
2.363762
1.561769
1.170984
2.698108
0.549801
2.904474
-1.102602
-0.476887
-2.917820
6.615683
3.592777
-5.201095
-1.549025
3.143246
-3.628417
4.769828
-3.812225
4.991871
-3.118191
6.088789
3.241640
1.984440
0.873156
2.187226
-0.310337
-5.304794
4.382451
0.951187
-0.392981
-3.344093
0.030786
1.393814
-2.885961
-4.163136
-4.058998
7.071559
-7.824982
7.472474
5.533365
-1.625153
6.213328
5.154330
-3.598036
-1.360190
3.057858
2.278172
3.172826
3.349348
-2.086315
0.276779
0.787556
1.491525
-3.074407
6.139032
-6.154542
6.730261
-2.238994
5.045853
-3.942919
-2.779618
3.119405
5.336140
0.906248
2.640035
-3.327083
-6.163845
1.549725
-6.875408
-1.372331
-1.587621
5.239154
4.518611
-4.912747
-0.684896
5.804932
-2.326326
1.248608
-0.262549
2.689644
5.993719
-1.007496
-6.814742
-1.315510
5.077844
4.975794
5.450766
4.857392
-1.889347
2.104938
-3.593035
9.684723
3.810130
-1.319106
-4.761275
-3.700953
-1.155065
4.777334
-1.127795
1.665020
3.826040
2.962168
2.862174
1.280862
-1.131689
-5.029284
2.256155
-0.996765
-2.648479
-3.445515
6.175888
-4.543045
-3.017916
-3.463280
0.875689
-3.388764
3.876523
-0.226101
2.821074
3.682369
-6.817720
-2.544553
1.005549
-1.074096
-4.401065
-8.980708
1.841115
6.437475
-2.733994
-5.681780
-1.573830
1.073636
-2.994147
-2.387403
-5.387999
2.720537
0.132561
-0.730331
2.814013
-0.381560
-3.928081
-3.621825
5.415094
1.696149
-7.457063
-5.985018
-2.123056
0.119078
-2.342401
-1.061346
-1.455056
-0.047148
0.596115
-0.139042
11.183658
0.709937
4.218719
-3.255238
-2.851660
-6.601127
5.910416
-5.411467
0.053647
-1.821534
-1.730747
3.966463
4.484627
2.604335
0.861400
-10.272749
4.702714
4.135493
6.071440
-5.368074
-0.797889
-2.129080
2.221034
4.469090
4.513319
-1.461472
-0.585903
5.312284
-5.422311
-1.693920
-6.221525
-1.273426
-1.275567
2.172212
3.363944
-5.936233
8.571079
0.730316
-5.762562
-4.740849
-2.565125
-7.972071
-4.288284
-4.086774
-3.707701
2.721560
-5.227981
-4.898969
-6.500102
-4.026135
0.643469
8.368104
0.502449
-5.398533
-4.153168
-2.135838
-2.024043
-4.048922
-4.249813
3.133683
-0.563257
2.456323
-0.853527
0.978547
-0.236386
-9.046240
-3.368925
2.750313
7.713675
13.080641
0.254526
1.793073
1.305955
6.096555
3.275746
-3.911124
2.424411
-2.158849
-4.386912
3.185171
2.001289
-5.434296
5.155364
-1.504245
-7.039513
-4.074535
1.738665
2.218540
-5.880939
2.743898
4.114080
2.762761
1.806368
4.963228
-3.874180
-0.677128
2.785516
3.032545
8.682320
3.409826
5.526126
-2.785477
-2.639004
4.153592
1.444944
-4.037979
-0.247269
1.171770
4.377108
-3.705065
-0.409066
2.169221
-0.548292
-4.973104
8.377658
0.873449
9.174618
-5.476778
5.372013
-3.550551
-1.165896
-4.037827
3.877168
3.891290
-2.090427
4.551250
2.774103
3.121251
-4.027039
3.741548
-3.059900
0.888237
-5.335765
-1.928731
-3.578875
-2.164828
0.837658
-5.618784
3.841939
-8.291893
-0.533390
6.831008
-0.023297
-0.432138
-2.797870
-4.903704
-1.468428
-4.871363
1.290620
-0.251920
0.658880
7.161693
-4.758706
-2.957993
3.915206
-4.886987
-4.290037
-1.031865
3.180580
-7.094233
-3.435217
5.405241
5.312493
5.173705
-0.924382
-4.247882
0.225714
2.619497
-9.180775
1.515055
-6.530839
3.319934
-4.653071
-3.924938
6.963551
-7.063399
-2.494722
4.442595
0.182849
-3.420604
3.654151
-5.532763
-0.727110
5.489674
4.784923
6.069939
-2.209481
-2.395042
-2.164884
-1.894573
1.222284
6.216104
5.805661
2.624237
-3.684572
-2.107857
0.147943
-3.939989
-4.399651
1.782295
1.882419
3.167000
-4.377480
-2.992153
-2.610344
1.948252
-1.219311
-4.480169
-0.859420
-4.003929
0.805652
4.279419
6.297404
2.203993
2.655959
3.693230
3.063725
-0.403616
6.210750
2.503328
2.368801
-0.829280
-0.780966
9.002786
1.162006
4.163759
-0.716368
-1.992362
-1.429639
1.804843
2.340703
-0.338276
2.567612
-0.019133
3.147053
-1.705334
0.318599
-0.718485
-6.478827
2.427984
7.407894
-7.672927
-3.543801
1.954569
-0.379732
-3.990031
-0.690445
-6.264553
-2.062796
-2.288754
-1.725048
-5.543469
-1.040268
1.095299
1.165572
-4.409150
14.764282
2.097575
1.159428
-9.114961
-4.676838
-7.043627
6.632371
11.499369
-1.307056
4.143416
-4.185403
-8.389799
6.780001
-4.878053
2.852003
-11.463737
6.851954
-5.072376
-4.395148
-3.480328
-0.070468
0.981694
1.737919
4.213172
-6.325693
1.552468
-0.598790
4.527930
-5.719006
1.736586
-6.757420
-5.918061
-4.605662
-5.356178
-1.229075
-3.272297
-3.347451
-1.791914
6.788196
1.574357
2.955679
2.671176
4.831637
2.301347
-2.027863
-2.691426
6.583961
3.202540
4.930090
4.729255
-0.212361
-6.124832
-4.518857
0.579726
-2.834024
-5.330909
5.387372
1.541257
4.422537
3.360861
11.061229
3.311655
-6.800565
4.739281
3.977588
3.893802
3.484089
-2.364277
3.516027
5.618139
1.285623
3.755352
-3.496565
-1.398511
-4.964341
1.876107
4.346197
2.030995
2.446340
-5.986363
0.373353
-5.589564
5.441964
-4.080297
-3.377839
-3.755728
2.051608
1.862896
-0.519054
-1.414821
3.258004
3.475796
-8.393267
-7.527488
-4.852087
0.289379
4.702291
1.614000
8.196923
-4.451728
-4.727818
-4.750820
-4.785258
-1.255571
-0.312190
1.100215
2.424070
-2.822645
0.570947
-10.352920
-1.189362
-0.286525
5.579929
-1.113589
-0.016174
3.072556
-4.627155
5.476966
-1.831526
1.785415
2.429244
-5.007685
-1.316979
-3.392889
3.407450
-3.597906
1.298008
-2.286333
-3.771881
1.550439
2.229479
-0.273267
0.163482
-2.737703
-4.626291
7.876199
-2.913358
-2.430396
-7.029531
3.347372
-6.252800
2.641486
-1.580070
5.472290
1.003344
-3.811232
-6.722069
2.988966
-5.162604
-6.493138
-2.342318
-2.548321
3.706276
2.813119
-6.471653
-2.075044
-2.811857
-1.897331
3.046622
-0.521525
6.522058
-4.994837
-0.889476
-2.394603
-4.052474
-1.766297
3.975287
0.972845
-0.598750
-7.570915
0.082994
-2.456058
-5.719431
-3.690432
4.078002
3.734137
1.513619
0.337072
3.619747
5.820021
-1.993442
1.903252
-4.937277
1.359187
-3.086054
-6.436253
-1.686071
2.827060
4.031515
3.191169
-0.132064
-4.579836
-3.980214
1.076467
0.418183
2.581227
-3.952449
-3.196640
2.995786
-0.935163
-0.079638
-0.359310
-5.352549
0.079279
-4.095651
3.340923
5.476550
-10.815181
1.036191
-1.045218
3.192830
1.863346
-3.990079
-2.656360
-5.150755
-3.085176
-1.491133
-2.190582
-1.683846
-4.313490
-10.106421
7.868043
4.814142
-0.873554
-0.318909
-5.986443
2.186247
3.828034
-5.217360
0.883800
-0.276608
-3.735314
-4.195120
-1.088873
1.129693
5.394148
-3.308225
2.065788
0.293424
-6.141751
-11.222004
-6.817646
1.976217
-2.303701
-0.116875
3.245973
-0.962442
-6.969350
0.706716
0.715105
1.937814
-4.854334
6.078542
-4.789701
2.227423
3.083121
-6.464653
3.006531
-4.601153
-4.153522
-3.940696
-2.952702
-7.084628
-2.740432
-1.399149
0.635208
1.052166
-2.769548
3.733548
-5.881683
3.376937
-8.666254
-4.910448
-4.823925
0.860309
0.442468
-6.413332
-3.414673
-0.676822
-6.106719
4.673946
-1.395697
-0.782012
2.158866
0.192670
2.535987
-5.384324
-2.805475
3.871787
1.834007
-0.888302
-2.695225
1.754883
3.039297
-6.427278
-6.616729
2.851586
-3.118056
4.212934
0.776558
5.796544
-5.725751
-1.341796
5.816538
-1.193401
-8.007935
-2.483721
-2.552291
-4.286586
1.770758
-0.604825
-5.317015
-7.186883
-9.279163
-4.588086
2.030560
-5.828366
2.444860
-6.431338
-5.947703
-1.037631
-5.794774
-3.892819
-1.640182
-5.782942
6.847304
3.491688
-3.903882
4.993451
1.658958
4.457285
-3.484186
-2.834282
-4.355731
6.937598
-7.676310
2.814549
1.491667
-5.609258
1.280453
-5.908604
-5.484051
0.739785
-4.525338
-2.823960
-1.486186
-6.824677
-3.252522
-19.917221
6.224717
-0.282945
-1.963010
-5.490107
-3.681834
-2.100646
-5.795537
-0.572198
-6.148108
-6.126754
-3.657121
-0.053379
-2.333777
-3.212511
3.524846
6.889759
-2.375997
2.623672
-2.130978
1.725852
6.289593
-4.989511
2.230355
5.753840
-4.181006
1.914923
1.438959
0.282468
0.993483
2.256047
-2.766475
1.358276
0.893427
-6.476812
1.714544
-9.873089
4.087413
5.595570
-4.241336
-2.212016
4.616843
2.874880
-1.483058
2.031619
2.688010
-2.462498
-4.010411
2.661374
11.817519
2.567969
8.808765
2.861094
-0.718303
-1.683993
1.755121
3.542890
0.371896
-1.998479
-2.442085
-3.783054
-0.194236
0.202215
-0.261217
1.569062
-5.046096
6.125697
-1.989966
-5.919765
-0.050699
4.257457
1.091977
1.656770
-0.684616
0.798339
1.043015
-4.083655
-1.601481
0.628643
4.517018
-4.028512
-6.499855
8.481415
-0.477957
1.793633
-2.030796
-2.987879
4.702034
3.178342
5.207643
7.371304
2.130371
5.652979
4.186910
-1.776771
0.364102
2.331592
3.314640
-2.006696
2.343425
5.281160
-8.433330
3.015077
2.359416
-3.598044
2.169374
-1.109515
1.228039
7.199397
3.009655
1.977648
-1.954443
-0.689700
3.414820
-4.703856
5.887677
-0.022818
-3.061747
1.703342
2.409360
9.577477
-2.750568
-0.158613
0.894005
2.509809
1.846682
5.831266
1.910635
-0.426356
3.343782
6.251872
6.326578
-2.455726
-3.550337
-3.755293
-0.836570
-2.409633
-2.230496
2.804335
-5.036326
-1.690850
1.686540
1.542675
-5.350196
5.302773
-2.830862
3.380432
2.465390
-7.417967
-0.089320
3.316867
1.333396
-3.290482
-2.322181
-5.690890
4.572580
2.358614
-2.131672
-3.831923
4.145970
1.285162
-3.182453
-6.145002
-2.529521
-8.399249
-5.010147
0.700840
-2.101429
3.937577
-1.264458
0.289173
2.117032
-0.980829
2.019963
-2.027586
3.324163
0.469474
-0.057849
5.796007
2.131114
-2.914014
0.805983
-0.428456
0.580977
1.885081
-1.735278
2.910109
2.509669
1.431004
5.751637
3.978898
5.612327
-3.159448
2.430399
3.466790
-6.921668
-4.131040
1.005188
-3.450645
6.441193
7.435457
-0.998301
-5.927381
3.825434
2.451248
0.072602
4.900799
5.544000
1.961900
3.309159
6.646717
4.910198
-5.295659
-2.022244
-4.957078
3.526191
-0.978949
3.625219
-4.335978
-1.761831
1.800507
5.730622
-1.227297
0.071628
2.301812
0.999037
-2.855150
-3.778896
0.922737
-1.249779
2.510312
-5.979543
6.392631
-5.042378
-2.188573
3.187802
3.364577
4.038786
-4.293851
-3.815424
0.529391
-6.165545
-5.223541
1.320076
3.417031
-2.430735
-3.309983
4.428505
3.846856
-0.798663
2.160416
1.615392
-4.539341
-0.154289
2.249804
-2.773417
4.348399
-5.054783
6.206543
2.511435
-0.882735
-1.631892
-5.278778
-1.821693
1.795293
4.969691
0.920057
-0.536506
-2.693917
-0.216129
1.013928
-3.322135
-0.032162
-0.223557
1.712501
-1.510594
-0.382750
-7.184598
-3.329020
0.278524
6.528608
-4.080627
1.713826
4.624515
-6.392998
-2.335690
4.309157
5.845680
-5.682824
2.949035
-7.095658
-0.671403
7.518640
-5.665515
-4.390378
-3.413229
-1.098956
2.453341
4.459990
-14.789582
-1.788991
-4.230329
-5.185992
-4.016268
-0.749877
-1.593102
-0.389960
-5.208120
13.540329
-4.087670
-5.903008
0.692562
2.051502
-0.466755
-3.572141
3.511681
2.158376
5.741720
-1.903791
1.318448
-2.391970
3.967371
0.173660
-2.776836
-6.474747
-3.871912
5.622168
-5.414913
4.082016
1.136002
-4.695374
-2.923746
-5.308506
-4.676624
1.707369
-5.622545
-4.656658
0.223689
-9.410919
1.686860
-3.423143
-0.377502
-6.105011
-7.918354
2.271213
-7.109201
1.714458
3.017894
-8.755492
0.003028
0.742198
6.409021
4.979753
-1.401498
-1.280084
0.703794
7.096894
-8.194592
-3.174287
-8.164501
-4.542858
1.543669
-1.290811
4.987116
-6.160048
4.154842
3.152063
-3.309236
3.214760
2.361974
-6.389453
5.309916
3.081368
-3.956438
4.173716
-3.381179
3.190193
-2.105862
-5.271664
-2.990602
3.120941
0.665546
-4.937926
-2.060666
-3.076081
-2.264180
6.028526
-1.164529
3.653311
5.235982
2.860829
-4.717237
-7.975246
3.230441
-0.444696
-1.630314
0.447840
2.329151
4.210730
-3.188582
2.082042
-3.280356
1.221518
-7.110430
-1.819184
4.780628
-2.733631
-3.002562
4.354254
5.049506
1.916231
-5.965499
-0.951486
-2.118494
-1.103843
3.689274
-1.011287
1.921195
-3.182574
-2.060363
9.230229
2.714558
2.451623
1.979929
-5.289732
-3.962971
2.419172
-5.737879
1.982723
1.222119
-6.632473
7.518587
10.188018
-5.326489
3.992133
2.502444
7.121261
2.555432
0.048532
1.409025
3.060310
-0.135596
-3.766429
2.491860
3.150589
3.123658
-1.906506
-4.052552
1.799602
-5.167878
-5.681200
-4.246296
-5.069438
0.452957
2.473931
0.381818
2.575416
-2.350977
7.345737
-3.941996
-3.315503
5.762584
5.215655
-2.007777
-3.101530
-0.240002
-1.308047
6.014999
0.598663
-5.553784
0.891179
-0.889013
1.875274
-5.431931
-2.804506
-4.350556
5.271019
1.151381
-3.870852
1.177433
8.052519
2.403098
-5.578805
-0.641663
5.333797
-4.208686
-2.084886
3.151857
4.123488
7.381260
-1.034597
1.751424
-1.747357
3.448137
-1.266401
-1.706243
0.536116
4.420333
-0.315809
3.564960
-1.184244
0.523163
1.568925
-1.968728
-1.608060
2.190257
-3.413550
0.035261
-2.621623
-4.070393
-0.512539
0.550153
-1.071000
-2.111636
12.811967
3.274974
-1.377263
5.697797
0.336727
-1.353711
-4.569948
4.073376
-3.514118
-0.074575
-0.920779
3.715082
-1.602307
1.611045
0.421672
6.574313
4.541615
-1.455079
2.824373
-2.627698
4.184977
-1.151666
2.534925
-2.972828
-4.878672
1.282178
6.537155
-2.360273
-7.110559
-1.709893
2.187647
-2.142323
3.983724
-0.519948
3.170948
3.378611
-3.080869
-3.504777
-3.259649
0.022858
2.911316
-2.735936
0.200696
3.615599
-0.777786
-6.582273
0.242354
-1.158683
0.204715
-2.108108
-1.981112
5.723978
1.052444
-5.567835
-1.034387
0.306481
-2.085630
-3.393434
3.639611
-9.178560
-0.974944
-0.545931
4.476303
-0.486600
4.364958
-6.920314
0.644710
0.615695
2.513455
-2.992764
1.132556
0.373021
0.905774
-1.191128
-6.671914
-4.729648
-1.493848
-0.297723
3.284862
5.659924
8.566341
4.415309
2.800849
1.336448
5.296443
1.626955
2.570625
5.939331
-5.221318
2.366725
-0.599722
1.994620
3.443646
-3.007480
6.691152
-3.024366
1.910103
2.115211
-4.990279
-1.198687
4.908736
2.376304
-5.610066
0.771962
7.309032
2.214439
7.130079
2.484895
5.036424
2.757938
-1.061282
1.343959
5.709023
-3.291999
-3.059292
2.399841
0.835999
0.612577
3.636741
-2.130388
2.728818
2.174209
-3.190579
2.252100
3.284430
2.982445
-3.208414
-8.075611
1.087515
-0.975769
1.295042
3.174809
-6.046061
6.752766
1.107834
-4.229681
3.972440
-7.724791
-0.863785
-4.180262
-5.192089
-3.387156
2.218221
-6.993429
1.257301
-0.348971
-2.981011
3.265331
-1.523367
-1.736563
-0.185473
-3.015478
-1.531346
2.282552
1.296535
-2.932358
-0.007148
1.755976
2.196843
-4.012620
-2.739767
0.730478
1.894487
-3.076725
3.256647
5.192199
6.629848
-5.393220
0.336204
3.520887
-1.330273
6.187375
-2.296644
-2.571543
2.147197
4.949173
-2.924647
-0.164703
0.840023
-0.292737
3.248956
-2.462077
3.424447
3.539922
-4.696708
-0.988778
5.429923
3.811076
-1.429271
-3.227440
-1.208790
-0.732097
-7.055641
-3.341660
-0.576936
3.705703
-2.557501
-0.958164
2.636475
4.959315
-2.006073
-2.627960
-0.381807
-4.726336
1.000021
-5.923553
4.954980
0.054181
-1.208368
-2.117799
-5.274679
-2.675798
0.980488
5.725366
0.216793
2.319731
2.455456
-0.601601
6.735394
-8.031376
2.640292
-0.428373
6.111081
0.243131
-1.227018
1.556704
-8.628980
-7.983819
3.022067
-3.373818
-0.394325
-2.583713
4.465282
-2.334443
-2.248186
0.047637
-1.897593
0.661505
2.504828
8.702924
-0.798655
1.551082
3.861756
-5.322485
-5.121537
-4.464930
1.382307
1.989246
3.305760
2.046411
-2.879224
2.096991
-1.072847
-3.675896
3.278735
1.755714
-2.737663
2.152294
-3.104310
-4.451498
6.457949
4.561773
-1.953440
5.038810
-3.920447
1.360435
-1.145242
-7.263706
0.603968
2.375654
3.495042
-4.533027
-4.925008
2.859374
-5.484586
4.307237
-6.683172
-1.504923
0.760551
-5.702590
-0.597364
-2.120932
4.470911
-0.720864
0.524517
-5.070995
-7.813668
-0.158161
-3.405165
-5.942511
8.859357
1.063800
-7.083189
6.543067
3.968677
-5.131337
-6.309382
-2.308057
-0.975996
-2.413245
-4.557018
1.564537
1.522293
-2.710665
2.791663
-0.544780
7.887741
-0.291991
0.586670
-1.830740
-0.712431
-0.347069
3.123505
-2.757466
-0.571850
3.557577
-2.366467
-6.071620
-3.735066
-1.572480
2.407700
3.223621
-3.769908
-0.477049
4.756118
0.930103
-2.488655
-1.530079
3.435081
-4.136043
-1.511874
2.272944
-1.859428
-0.060864
1.120947
-4.371233
-5.619397
1.480182
-4.800966
3.241239
1.362667
3.788877
0.110031
-1.034549
-2.469339
-3.211337
-0.039112
-1.075888
-7.591292
0.898854
11.994004
-0.732352
-5.486632
2.907845
1.722116
2.028898
-2.406505
-8.310270
3.961530
10.811583
-0.464225
1.409498
-3.323588
0.374995
4.507328
-0.485857
0.694847
5.631879
-5.825351
-8.438508
-1.962474
-4.722546
4.465117
1.879169
-6.831588
-5.421355
-5.089902
5.330580
0.408723
4.287586
0.241350
-0.841149
-5.985924
4.975354
-0.480191
0.037659
-0.495169
5.973113
3.922032
-6.023533
-3.292714
-1.886673
-6.970134
0.546043
2.990220
-1.631652
0.244212
1.163810
-1.281009
-6.456231
-0.034994
-2.006079
2.908106
3.461245
-4.309631
-1.008678
-2.648886
-0.758048
6.970912
3.078922
-2.972953
0.136777
-6.341494
-1.951911
4.661478
-2.614265
-7.002926
-0.196807
6.117442
-3.929649
1.770676
1.461238
-7.192201
2.995936
-7.804427
11.635900
2.306242
2.601086
-2.022021
6.435976
-4.592171
6.446560
2.934342
-8.928084
-1.930644
1.604438
2.143018
-1.715396
-5.419569
-2.722275
-7.709211
2.268318
2.825031
0.331246
1.537312
-5.614140
-0.674764
0.626137
-6.134614
6.707644
-6.961211
3.795123
-0.466258
-1.829145
-4.254341
7.938124
-4.303337
-1.075224
-3.422992
1.256383
-5.870564
1.267864
-4.661898
1.101280
-3.034819
-1.347296
-3.695904
-3.855006
3.922483
6.856008
4.237901
-4.161386
-7.175678
1.139772
-6.369073
-4.064046
-5.476410
3.815156
5.018916
-1.794492
3.228548
-1.765943
-3.446299
-5.434015
-6.689140
5.324401
-9.859681
-0.682884
-0.824017
0.780500
-0.994454
-1.891238
3.077502
3.777782
-6.069902
4.609898
2.162141
-7.628109
-4.490057
-6.900078
-1.586625
-0.951029
-3.738943
-2.410609
0.533442
1.829959
-3.029054
-2.524933
-2.741741
3.483214
-4.501917
-4.453908
2.615867
-2.823679
-5.246900
-4.016634
1.745642
1.065052
1.276214
-6.711663
2.220358
-0.724077
-2.370847
-0.652792
1.641311
7.467905
6.611853
3.093175
-2.033827
1.348118
-0.946668
0.542364
-5.164822
-2.325408
2.643307
1.919539
-5.591928
-0.155071
-4.686814
3.173964
1.510568
0.391774
-3.988931
-4.658409
-0.453786
1.892636
-9.033538
0.949447
5.801828
2.683399
-4.524157
7.096625
5.650705
3.023828
-1.347585
-4.628140
-0.726005
2.161712
-6.990167
-2.604915
-2.689849
2.671400
-8.085958
-5.567376
-7.088124
-0.763477
4.916145
3.824238
2.639044
-2.190022
0.754057
0.449910
2.704749
1.447534
4.902545
-2.309867
6.102180
4.809412
-3.738988
4.258152
3.697721
1.669985
4.156806
0.593802
-6.936294
1.251841
-4.276291
0.168617
2.823734
1.140213
3.424763
-5.954213
6.705823
-1.056236
1.979425
-2.895650
-2.392547
-1.734742
1.053597
2.707751
4.119102
8.064872
-6.314870
-3.336712
1.610712
3.095146
-2.005647
-1.891128
1.451402
-2.449420
4.796121
-8.268542
-4.470163
-1.312469
0.893350
-7.099332
-1.893705
4.111351
3.953824
1.476286
0.484052
-4.622983
-0.010674
1.436157
-3.602906
6.230781
0.392856
1.888311
-0.841162
4.213333
4.220511
-0.683882
-1.313265
4.433382
2.786446
5.000421
1.016320
-5.661342
9.637244
4.296502
4.755858
4.493269
3.959986
-4.792243
4.125256
-0.720563
-7.039845
0.219020
6.005615
-0.248783
4.800266
-2.065691
5.113483
-4.932410
-0.525776
1.091098
2.952586
-7.370481
-11.388102
2.184581
0.045661
5.354836
-0.020121
2.445024
-4.961492
-1.410972
-1.755023
8.150649
-3.866415
-6.387192
1.169496
0.962733
-5.936090
2.511339
-7.422072
5.796730
-0.900670
2.989910
-1.388315
-5.910306
3.702143
-13.512714
-4.285755
2.811713
-5.370505
4.143924
8.746177
6.766366
2.871156
2.368025
4.905744
2.951605
3.649593
-3.608275
-5.139012
-4.599208
-0.701690
-6.263779
7.230926
0.173324
0.137149
-2.891032
6.468319
1.460749
5.437525
-3.261746
4.929420
5.916607
-4.730211
3.318021
3.294321
-1.587435
2.489274
-5.176878
-4.240817
-3.148446
-3.786791
1.338292
9.276720
0.930734
1.646887
7.870382
2.886678
-1.243241
1.571301
4.458920
4.386467
1.265312
-2.950380
-4.484076
3.432663
-3.159336
-5.395768
1.433813
-2.959030
4.387980
-6.710662
2.515455
4.186641
0.389620
-2.505986
3.031366
-6.684983
-5.621569
-1.859425
-1.408559
8.551435
1.607260
6.559072
4.526755
-3.468859
1.238689
-1.555609
-6.106533
-0.301181
-1.401712
-1.186793
-6.241217
-5.688877
-0.448392
7.499023
-5.922669
2.782856
3.473764
-0.597153
-5.084994
-13.255479
3.125597
7.743201
-1.048882
1.713660
-3.102236
1.389109
5.271484
-0.593898
2.438744
-1.449659
4.220842
-0.293824
-8.126853
-1.178452
3.801635
-3.605508
-8.578332
-0.641690
-7.771830
5.268981
2.786416
-6.444596
2.119680
0.096690
3.635431
-2.346553
-1.626397
0.194392
4.827718
-5.013246
-6.075536
3.800314
0.907706
-4.415541
-2.484790
-2.936484
1.571350
-0.898339
-6.757085
1.649199
0.450275
-5.373321
3.292583
-0.150087
4.142446
-3.368075
-4.345090
-0.732164
7.258150
-1.935932
-2.791977
-0.621999
-3.158474
-9.121397
-0.862562
1.752041
-4.830920
-3.724363
-1.701531
-3.271038
0.572533
-7.812622
-2.157739
-1.291440
-2.940535
4.956814
0.825736
0.998544
-4.440829
-3.466226
0.489870
2.490718
5.925290
2.357211
-3.420068
5.071836
-3.112350
5.375066
1.999669
-0.621081
-2.793613
-0.739265
2.849550
-1.135518
-4.105533
-4.136937
0.452891
-0.303254
-8.773632
-1.429299
-7.937255
-7.850925
0.163412
6.033286
-4.756972
5.311135
1.803728
1.242504
-2.452057
-2.629644
-11.915598
-8.939423
2.561411
0.686405
5.693507
2.456395
-4.816674
0.527873
1.383731
-3.654055
-4.732867
-3.923206
4.093922
2.205222
-4.502623
0.840189
-3.779579
-5.511945
2.138574
-2.278384
0.951609
5.247522
2.473511
-0.267698
-2.928881
2.739455
-4.631847
-1.697373
-2.858659
-0.924046
0.582927
3.564979
2.111821
8.496658
3.956391
0.264952
-7.575021
-5.370960
1.318038
-7.310617
1.309814
1.175465
0.601013
1.551688
5.960577
1.827785
-0.165315
-0.040101
4.313385
0.627861
-2.129723
2.253793
6.134135
-0.261873
-5.488914
-2.584801
5.630536
0.810232
-2.202036
-5.946127
-4.036010
1.851945
-2.264881
3.811686
-0.969091
-4.626015
3.734134
3.909119
1.077090
-3.786273
-5.224701
1.976385
-0.865072
-3.610362
3.876938
-4.317933
-0.370384
1.601174
5.011868
-0.375114
-0.848022
1.953269
-9.554470
0.213010
1.700423
-1.386207
-0.523047
0.254263
-1.446477
-1.070847
-4.260127
3.837160
-7.729119
-6.885993
-1.457135
2.206528
4.104478
-3.812411
-0.140169
-10.221045
-4.219042
-3.025761
-5.860925
-0.608424
-5.980071
-6.222155
-1.062193
0.574847
6.868194
-6.023483
-2.009024
1.287747
-4.316679
-2.432585
-0.744123
0.913279
3.973759
1.886918
0.728730
-0.102753
2.435794
1.037444
-1.400437
1.724933
-3.506347
0.452364
0.668792
0.743033
3.376880
-0.415293
3.600671
0.350426
5.401511
3.419346
-0.629359
-0.730905
3.342534
-7.812222
3.698827
3.479935
-5.082540
-5.531263
-2.589137
-0.495850
2.691038
-0.704104
-7.612090
4.763318
2.856751
0.338401
-1.971691
2.970565
-4.707882
-5.172193
0.205555
2.392119
1.998399
-1.937472
-6.179401
-0.776276
-4.537470
-4.418374
-2.325426
-0.476004
-6.601447
2.647915
-1.105591
1.711294
-5.079846
2.462727
-1.106732
2.740695
2.255415
-3.883093
3.093104
-1.512799
-7.363280
2.686419
3.011277
1.509738
-0.043549
1.686323
4.402110
-0.998090
-3.494157
-0.689807
0.160363
-0.758116
-0.485053
4.088873
1.075600
-5.512433
-3.413834
-2.664556
1.316423
2.302366
-5.462654
-3.512997
1.003329
1.733389
1.711054
-4.363695
-10.304720
0.358740
-2.309742
-1.664946
-6.290659
1.640538
4.906060
3.522347
-0.424996
-4.192219
-0.328987
-1.921121
5.665826
2.951004
3.320072
-1.186640
-5.817640
-4.268795
3.413207
-0.220489
-7.773499
-11.279572
-2.747869
4.758427
-1.802046
10.616234
-8.757344
7.867885
0.537778
-5.311971
6.318050
-8.742186
1.754054
-5.425936
0.207236
4.094595
5.984476
4.091349
4.329133
-3.966894
-3.239616
-0.684501
4.087458
3.349398
-0.751492
-5.347577
4.932796
2.029028
-0.878488
2.566710
0.190873
5.205494
6.843126
6.626615
0.045298
-0.601036
2.549130
-9.330069
6.375404
2.942695
1.149806
-3.268133
6.905603
4.690123
2.716763
3.594461
0.204285
1.461350
-7.389928
1.414563
-1.671254
2.247308
-4.274672
7.762750
-6.627189
-3.109654
-0.325483
6.668784
0.295354
4.153711
3.669360
-3.992243
4.375813
3.654556
1.929281
-1.133645
0.740066
5.314498
8.051745
0.903242
0.645202
-0.309177
-1.549649
-4.007013
5.774000
2.643073
1.122426
-4.195515
0.748063
-2.601131
2.599693
5.701612
4.276056
4.275820
-5.821701
5.524415
0.195588
5.245535
-3.059786
-4.029165
2.964115
-2.200409
-3.563433
0.502110
-2.739300
0.027652
3.189451
8.547001
-3.893388
-7.704903
1.798883
3.230072
-1.013190
0.022905
-0.875578
-3.591460
-3.256123
0.262559
1.490607
6.065225
2.748303
1.281226
-0.220060
2.328112
1.417114
2.511858
-6.352505
-4.178852
-5.009192
1.358063
3.521035
-0.320239
1.339384
0.177448
-3.933779
-1.575880
-1.462846
-8.639071
1.644493
-3.094057
-1.643323
5.597998
1.492627
-4.548078
3.481405
8.248232
1.728357
1.668524
7.675454
-6.136688
-1.144915
-4.324824
1.430491
-2.917006
-5.491731
-0.056847
-6.547746
-2.847177
-6.447525
-0.236322
-2.034023
-5.186176
1.009988
-6.952357
-3.122554
5.069869
-0.248782
5.301130
3.136159
3.972589
-6.106794
8.300162
2.941402
-1.636671
1.586886
2.800348
-0.548049
-4.291030
5.697040
-0.651602
3.868071
4.315666
-2.561866
1.292742
-3.520170
3.750819
4.678750
4.962725
-5.380063
2.191162
-4.473253
-0.759634
-0.900808
-0.719903
-1.787613
4.203395
-3.501740
2.726216
-2.416015
1.149773
2.720052
0.868101
-0.169070
-2.193510
3.629667
-0.039742
-2.616380
-4.021872
0.959056
1.114063
4.075456
-2.250593
-2.992662
0.126479
-5.001328
-4.849966
-5.471588
-3.220026
-3.775795
3.333789
-8.544960
-4.708430
-5.457804
-1.918688
-4.692983
-1.547088
-3.724035
-4.303241
-4.642159
3.852294
-2.346822
-1.972890
-1.985623
-3.864383
-2.103958
6.065372
-3.765575
-1.732685
2.617668
1.984702
-3.328134
3.156834
1.349871
-4.635823
1.895495
0.925356
-7.597269
0.789151
-4.812620
-2.794803
4.621183
10.321239
-1.941351
-4.149638
-3.997416
-1.265547
-2.004912
1.347270
5.090912
1.931078
-3.230674
2.905735
-5.407118
2.006548
-1.721995
0.450117
2.260349
-5.050014
2.351435
2.935741
-2.265952
-10.774940
-1.944881
-1.803217
-0.239530
-3.038687
-0.794261
-6.050835
-3.401837
-3.961886
-2.237351
-7.116030
1.167444
3.871274
2.830735
-3.171107
-1.612530
-2.482677
-5.450506
-2.311660
-6.318603
-1.735739
3.510028
-4.868815
1.816353
1.894189
-6.010238
-5.802799
-3.839047
10.037768
0.858693
-0.520206
-0.705006
-6.368517
-6.691978
2.604158
0.325376
-3.033705
6.011847
-6.623385
-0.033659
-2.761588
-1.039543
-6.365049
-2.541586
4.357182
-1.410691
8.057536
-7.452523
3.436679
0.306196
-5.613056
1.897499
5.101325
3.386484
-6.711020
-2.633644
-2.846820
-4.402058
0.491097
-5.431872
4.473917
-1.977710
4.236991
2.002939
-2.105889
-2.303749
0.920638
2.362186
-2.659986
3.592418
-0.857782
0.877263
3.061813
1.203560
-3.269168
4.198668
-4.704778
-3.927548
3.929558
3.238945
5.046418
0.892233
-1.806885
4.048409
4.777892
1.226712
0.059995
1.862316
0.982749
3.432465
2.565587
1.483806
13.849707
2.460698
-3.264802
3.258162
0.668789
-1.543399
-6.239039
-8.860133
2.905405
-3.701345
-4.996575
3.440517
-2.012333
1.750969
-1.013519
-0.630813
7.723292
-5.308895
3.379824
-3.437726
-5.865071
-1.333481
3.659780
0.950819
1.385421
-1.475878
-3.559400
3.742485
-5.063801
-4.010484
-1.800379
-0.973259
-1.660611
1.556876
-0.227528
3.990225
5.904294
-2.162474
-1.393283
-2.295053
0.039688
8.089522
0.916350
1.938675
-1.505005
0.554108
-0.817995
-0.752711
-0.977425
1.222745
2.794955
0.925891
-1.071631
-1.144333
-3.348862
-5.460832
2.741397
0.558508
1.028299
2.719756
4.990932
3.311543
-7.230060
-7.855145
4.443254
-4.837945
1.891498
-6.282369
7.095331
0.176554
1.431870
4.529246
-6.141551
-2.269945
3.624086
-5.378222
6.860484
3.008614
-3.117005
-3.569187
4.140178
2.213738
5.094288
-4.501655
-4.402166
-3.907626
1.819042
-3.302143
1.730640
5.858203
2.991182
-4.141826
-0.494623
-4.006887
-1.919849
-2.854172
-2.269283
-0.494108
3.884576
-8.559682
2.842507
2.854433
0.282015
-3.613670
-1.843632
1.516781
-0.677418
1.522885
-4.662765
-1.586500
0.936102
-4.130740
4.471243
6.490198
-2.446173
0.425693
-0.674893
2.730186
6.325959
4.989311
-0.774563
2.925570
1.113672
-0.977488
3.280533
7.149711
-4.245998
2.981052
0.539221
6.349826
0.084965
2.072238
-2.835583
-4.355421
1.789014
8.604013
-1.917557
5.838549
2.246962
-4.219584
3.429946
3.484699
-1.562193
5.393138
-10.438855
1.054986
5.690790
-6.938284
-5.650623
2.403245
-1.031377
-0.849909
6.507464
-6.159133
0.577626
-6.454682
0.885122
-2.172776
1.158087
0.337164
-3.330485
-1.612580
-3.751769
-6.163439
4.928489
-3.873235
-3.852426
1.746452
1.638837
-3.381980
5.325439
0.236937
0.618799
1.238594
-1.930775
-4.423878
1.689148
-5.431506
2.029898
-6.597226
5.564867
2.637480
-0.499266
-4.177783
-1.085570
2.052007
-1.010227
3.905288
-2.784220
4.066147
5.316432
4.626324
-4.097362
-4.016324
5.363989
0.584944
2.305635
-1.887223
2.071794
0.592038
6.928772
-1.491372
-5.875362
1.281461
-0.143879
-2.266356
4.645006
2.966548
-2.652350
0.015551
3.471305
1.686531
0.914007
0.533839
-3.995024
2.551736
0.374876
-3.015118
-4.956312
2.059774
3.974936
-4.601702
4.675761
-1.837373
-3.008404
-3.533847
1.452108
4.842586
4.470195
2.890307
2.704223
-3.543861
3.126964
-5.296901
-3.350372
-0.203554
6.405233
-10.576726
1.548909
3.190110
1.103736
4.363498
-1.762661
-6.193627
1.212747
-5.913609
3.919103
-1.626510
-3.832443
-3.756703
1.596470
-4.881666
-4.618041
-3.831146
-4.637823
-3.114292
-6.339548
0.972524
-2.784732
-5.309255
-0.645727
-0.418366
2.017078
-8.576630
-0.816894
-6.455848
2.043647
1.631817
0.686832
-4.711236
0.436327
3.228545
4.253934
-5.800722
-11.690832
-2.635910
-3.660229
2.719615
-0.673935
4.114275
0.248529
-2.513198
-1.194089
1.682474
-6.749296
-3.524194
1.162131
-7.903649
-13.715383
-5.595232
4.910210
2.238653
-5.350180
-5.371788
0.937576
-1.308393
0.040394
-0.233830
-3.094085
-2.982410
-2.991619
-2.259448
-7.967578
-3.234854
-4.068329
-1.177484
-7.069929
-1.313198
-3.525664
-5.071807
5.057337
1.493628
-0.031750
-2.527758
-1.995271
-1.416736
10.084250
-2.886796
-4.901730
-1.855334
-1.802620
-3.523369
3.475712
1.012794
-3.981751
9.718782
2.954036
6.095281
-6.202901
-0.985372
4.111820
1.418735
-1.868698
-0.726942
1.659675
-5.121784
2.705814
-4.916016
5.380455
3.387769
1.232165
3.834885
-0.104157
3.879713
2.770744
6.071723
-3.290848
-4.492279
-7.253190
0.605577
-0.788866
0.297336
-0.588358
8.057982
2.267837
-2.592585
-7.262864
0.022013
1.736517
-0.656737
3.712618
-3.238560
-4.809875
-0.739435
1.141798
1.392429
-4.443859
-4.479125
-0.558261
-3.429570
0.519894
-5.260244
-0.198101
-0.308083
6.153907
3.664187
-2.346334
-4.415685
-0.043478
-4.160808
-3.307012
-2.479918
-5.299897
1.832094
-2.916440
-1.702138
3.836482
-0.013419
-3.233658
-0.015866
5.572803
-0.316212
0.486448
1.485720
2.356628
2.100295
1.865569
1.544845
0.159258
3.409112
5.220519
3.509810
2.269056
0.020727
0.613275
-1.079652
2.461424
2.324866
-4.783921
0.520743
-2.137155
-1.502729
-6.625007
5.799982
5.497658
0.679254
-6.235757
2.509402
-3.303629
-3.986184
-3.204703
0.082987
3.110336
-0.678764
2.065475
-5.372305
4.163491
-2.945013
-7.917042
-2.706193
5.434510
-2.183569
-1.470308
-3.320081
2.279213
-2.220548
0.298717
-3.721950
4.829010
1.300967
-10.060817
-4.770005
1.791895
-2.403757
4.407991
1.273809
2.072742
1.640288
-1.218092
5.751106
0.541977
-2.509923
-6.434445
2.173968
-1.347464
4.116588
-3.658944
-2.292573
-0.553685
-4.979510
-6.174793
5.539246
-0.297154
6.482449
4.286648
2.212457
2.020580
1.576353
3.061332
4.054955
-5.895397
-2.610143
3.765847
0.241293
-0.350877
-5.503394
-2.306405
-1.064000
-0.669829
-1.616133
2.539291
-1.401006
-2.649816
-8.698483
2.287913
0.242999
0.266993
-2.211645
-1.845789
-0.307444
-4.199208
-3.561529
0.880590
-5.053981
-1.651793
-4.889815
-1.796179
7.287315
1.901257
-0.709182
-1.448999
-5.125631
-2.594226
0.490240
4.914720
4.261336
2.387093
-5.621127
-2.217886
2.891781
-3.245024
3.317590
0.400647
5.445721
2.978648
7.523180
-5.490138
4.998240
2.838601
-11.066463
-4.009215
5.969288
-0.926525
-9.072084
-1.915793
0.611809
2.536646
1.681852
3.544156
-4.184085
3.191615
-2.132386
3.850370
3.499604
-1.801203
-0.959065
-4.620468
6.828058
1.854864
2.663233
-1.664688
-2.262926
4.348024
3.100370
5.923531
1.968550
3.905962
-2.054230
-4.298222
2.817242
0.633821
3.658256
-3.625735
-0.123746
-7.747246
-2.283666
3.604294
-1.309214
10.190722
-2.267456
6.044217
-2.664714
-0.685964
-4.675089
-1.096443
4.448683
4.298389
-0.427529
-3.710791
2.274870
5.779862
1.372451
4.338614
-3.990494
7.879295
3.501657
-5.620761
-4.894100
4.228438
3.489067
1.141225
-2.562879
-2.862213
5.288076
4.048219
3.796780
6.351321
-1.941317
-4.301493
-5.903068
3.447775
-1.530904
-1.135958
1.545644
2.651378
-4.724828
4.748743
-3.074495
3.371681
4.851170
2.747582
4.741137
0.680569
-2.438645
-6.325910
6.009602
2.049091
3.932442
6.378761
-1.750736
-2.914474
5.429190
-1.168951
0.073135
-5.315246
-4.274010
-2.076569
-0.530379
-1.495589
-7.964311
-3.017942
-5.518379
-1.483756
5.688961
1.548873
-0.671360
-1.370150
-1.513262
-4.047535
4.038840
-7.338982
4.356934
1.160208
3.463138
2.349303
-2.495868
-1.755512
2.678030
4.705206
1.961466
-1.000566
-0.750854
-2.621331
0.410341
-4.609228
0.055441
-1.426229
8.747053
5.966440
-1.509441
-1.382506
2.555871
-1.112524
6.880276
0.363410
-2.810044
-1.024798
-2.224683
-3.227803
8.645007
3.857660
1.040207
1.223816
1.764116
1.201540
3.477648
3.769371
0.331764
-7.977760
-1.176149
5.784734
2.061806
-2.109255
2.413688
-3.305094
3.773542
-2.963444
7.127395
-1.899095
-0.534112
0.817798
-7.889037
3.957797
1.139968
-6.123357
-2.922305
-1.345221
3.081041
3.761338
-1.489761
2.467526
-4.851449
-4.709589
-0.555865
0.985265
-4.625268
4.417638
-6.133508
2.517861
3.118441
0.798503
-0.164470
0.843098
2.908490
-0.483788
-3.621790
-0.912050
4.354676
-4.798997
-2.840607
-4.403782
-0.349671
2.615830
3.538013
1.295318
0.978666
-2.679463
0.443834
-3.959379
-0.194687
-0.891310
-0.043324
-0.652415
3.243372
-3.692196
4.097635
0.823379
1.843083
1.223901
-1.727333
4.294455
-2.800606
3.790778
1.288903
5.727853
2.448016
-0.830936
-1.649537
2.681652
2.382846
-5.910806
0.158769
3.092738
4.944772
1.834323
-1.271518
0.834992
-5.618896
-3.857416
-1.505159
2.052799
-4.430437
-1.615271
-0.841295
-1.742327
2.807356
3.076073
3.062525
-8.892631
4.381342
-2.856527
-1.079870
3.069324
-1.449082
-3.272565
-3.045651
-6.860092
-4.762868
6.930698
0.717595
7.486884
3.007117
-1.143004
3.215071
3.091950
-2.229285
1.720212
3.420003
-7.765814
-1.960771
-0.862545
-0.321640
4.597953
-5.735194
1.638612
3.748203
-4.606955
4.901030
0.062114
2.396768
-0.107597
2.980768
-2.923346
6.169667
4.155511
2.592029
5.846673
1.025685
-0.387613
-2.116904
-4.787257
-1.314961
4.029073
6.929996
5.525991
4.582561
3.107867
-3.250239
2.887483
3.675436
0.760529
-1.320133
-1.247236
-1.317769
-6.959733
-3.699018
-5.667541
-4.142940
-2.938035
1.129804
1.065290
0.669818
-1.411702
4.534565
-5.320936
-6.766537
-0.848210
-2.609454
-5.701435
-5.196712
-3.251429
1.488505
-4.334491
-6.630272
3.541647
-4.931530
-4.284112
5.104451
-1.823801
-0.931355
0.136214
4.261683
8.740167
-3.275480
0.894831
-1.898483
-2.864586
1.324597
1.117278
0.630132
-5.716462
0.096256
2.724796
3.719263
-6.150403
4.633656
4.065690
0.392465
-1.203071
-5.037993
-3.831027
2.364444
6.238474
4.812839
1.379531
-4.342735
4.445621
-8.084407
3.190241
3.961723
1.974228
5.826934
2.205663
-1.834842
-4.499417
2.897568
1.287245
0.530138
1.428293
-3.339463
2.229035
5.131897
-6.079793
4.941369
3.373006
-4.182264
-2.354178
-1.663159
1.107199
0.398740
1.850313
-3.568892
1.125296
-7.185556
-4.094821
-4.799030
3.400353
1.723901
-1.932594
-1.524792
0.378665
0.845745
-6.763372
4.518832
-2.406419
5.245158
-6.302974
-0.780540
-3.471246
9.332326
1.890375
-0.159720
3.550623
4.405024
-4.499210
6.941931
-1.866047
-1.966874
5.150168
3.815324
5.636725
5.661736
-2.777759
4.908741
3.599376
-3.431732
-3.574613
-5.360874
0.758827
-1.321726
2.788952
2.826682
8.721882
0.260836
0.470219
-3.891991
0.729034
0.249547
-0.303582
0.756566
2.643683
-7.021724
2.459981
-2.347508
3.036769
-3.816144
5.331272
-4.399228
-4.787877
3.297390
-0.047908
3.651757
1.953663
0.956381
1.960702
-2.172084
-5.291332
-3.907895
-5.844351
-2.859626
0.956163
-0.717719
-5.576094
-2.864365
-2.414122
5.740330
0.035669
4.759584
2.625745
3.881263
-3.618279
1.466383
0.206170
4.099894
-1.242101
4.813203
3.445007
-0.402582
1.377628
-4.190871
-2.072754
5.108446
1.199919
-4.226223
5.679942
2.907015
4.592699
-4.226577
2.156744
-7.330860
-2.761008
-2.401344
2.365997
0.074186
4.845776
-7.337690
1.828129
-3.753983
-5.931036
1.866110
1.361669
-1.125616
3.305373
0.710897
-1.549104
-14.169605
-0.989718
-8.481889
-2.603655
5.822062
-2.769521
0.150782
2.183252
1.987303
9.080623
4.426989
-5.024958
1.634473
3.173417
3.108851
6.204652
-3.409982
-3.216127
-4.687581
-5.320799
4.911513
4.193789
-7.324908
-2.353683
4.280965
1.138914
5.645485
1.346983
0.270390
-0.093491
5.228569
-2.601653
-3.829319
-2.636965
4.062392
3.432482
-0.492485
3.719346
-0.292883
-5.448433
2.417735
-3.465747
-1.998324
1.382976
-3.828176
1.181644
-3.817866
-3.674799
-5.735742
-2.335495
-0.190527
-0.355765
4.731879
-6.973223
-2.573953
1.198448
2.528890
-3.640557
1.478422
3.822160
1.798154
3.082838
-3.508556
2.148802
-4.787169
3.519663
2.905178
-7.293704
1.667291
4.056726
7.395474
0.191202
0.636347
-2.942661
-1.349677
-7.758657
-0.690390
-0.071569
1.391486
-4.445395
4.111036
-8.317309
-4.968853
-5.548367
-9.314603
-6.058291
5.913610
3.080830
5.488041
-1.976352
1.260596
1.877053
-0.180031
8.729486
-0.903448
-4.528622
2.137461
5.387124
2.168728
-2.898148
-6.051331
-1.039096
2.283437
1.732025
-2.363662
8.125740
0.361868
1.735747
-3.488477
-3.237989
-8.007506
-6.249942
7.680559
8.681168
-0.281165
0.126980
-4.329364
0.017355
-3.404990
0.780202
-3.579942
-1.343505
4.732577
-6.063097
-1.709781
-4.375827
1.238420
6.703997
-3.477071
-5.494593
-1.280399
5.586031
-1.083886
4.970074
-4.449483
3.140502
3.912612
-6.345081
-1.742489
-2.923617
-0.663023
9.318007
3.766290
1.315827
-0.311057
-0.101619
2.953841
-7.088497
-0.825437
1.741992
-8.317837
-1.665790
3.027293
0.603908
-8.952013
1.146117
4.232547
3.002335
-8.645417
0.194078
0.926032
-0.100894
-2.095857
-4.496874
5.677448
1.757783
-1.416895
1.670829
3.020945
-0.841707
-2.791910
-0.873300
-1.645098
2.370905
-3.650000
-6.085869
-2.215113
-4.546813
-0.668742
-10.155246
1.509472
-2.084656
-1.930786
0.833539
-2.433918
-3.960011
-4.080464
-2.543080
-0.668997
-4.748728
-0.449454
1.496257
2.766655
-3.688592
-6.421783
4.833901
3.846041
-1.743248
-5.869750
2.023518
-4.865845
-3.848535
-5.374798
-5.483016
5.562551
0.474166
4.399989
1.148126
-6.330431
-0.747406
3.463725
1.679613
4.652560
3.676179
-2.851687
4.894305
2.754426
1.387360
5.132645
4.413146
4.340040
-3.000707
1.105888
1.740045
3.450936
-0.137339
2.460987
-1.695736
1.367053
-2.064019
4.191949
-2.054622
-4.379187
3.948776
-0.733188
-2.765007
2.139393
2.516405
-3.026933
9.600809
-5.742049
-4.381402
2.912873
-2.120673
4.986868
3.434701
-4.035241
1.718974
4.842246
0.209265
3.661637
1.937379
5.399736
2.685002
-0.732719
3.204443
-3.841495
3.271194
5.322240
-4.255265
-4.364522
2.275625
-3.072522
-2.735308
-1.816594
-2.741812
5.866453
4.434793
0.132355
-0.853985
2.357523
2.740878
-5.863967
-2.010278
-1.204042
0.617009
0.457512
-1.730188
-5.613876
-3.464482
-0.554186
5.020744
-9.283431
1.285819
3.527781
-2.239933
0.304732
3.181873
6.776464
1.902968
-4.793235
-6.694595
-6.015151
6.532916
-5.492487
-0.043279
1.719618
2.569470
2.908753
-5.983156
2.528998
1.540721
-2.410575
2.655097
3.291837
-2.609398
-1.401058
-1.070750
-1.248913
4.633137
4.081370
9.767824
-3.298582
0.254009
0.049242
2.039010
3.146281
-5.996629
4.417319
5.029837
-6.322320
3.126240
0.967170
-3.131213
5.698474
-0.926469
-7.702028
-1.595177
4.848654
6.481108
6.474535
-5.467807
5.306297
-2.218318
1.823261
3.008149
4.446587
1.337620
-3.945971
3.794529
-6.091903
1.568542
0.645512
1.641298
3.268622
0.520706
4.150005
4.773283
-3.185701
3.125595
-3.536132
4.813119
-0.742095
-4.130241
8.721722
1.026391
1.691878
0.984458
-1.184356
-2.119759
2.724515
-0.062363
-0.568394
-0.467848
-3.137087
4.529252
-4.758724
3.791203
1.539474
-0.855780
0.896212
3.268567
3.270878
-6.622663
0.322998
-1.789852
-0.803401
2.967104
0.931780
5.956234
0.720155
2.930545
0.813103
-0.163665
-2.802329
-5.850439
-5.544111
8.493369
0.686466
6.053679
-2.728230
2.278252
-6.751310
4.049111
-6.041218
0.314645
-1.096464
-2.925403
3.473137
-4.578729
-0.840168
2.170096
-2.942579
3.682984
2.620972
-4.319963
6.752478
-4.761404
-6.977965
2.759645
5.801043
-3.204785
0.149431
3.957935
-10.860959
7.449069
-9.429398
1.966047
-9.538599
-1.757247
5.554669
-5.485662
-2.231962
-0.391787
-4.556440
-2.897660
2.151976
-4.099554
1.425550
-3.397881
-4.993516
0.079343
3.583686
2.690235
2.580578
2.282560
-2.967106
0.233558
-6.725564
-1.041517
-7.453233
-3.190686
0.551526
-8.723171
7.216489
1.219870
-4.513719
-3.789070
4.726810
5.053766
2.824564
-0.108470
-0.716336
0.006050
-3.337378
-3.324997
-5.764796
-3.113452
-6.786990
-0.370008
-5.197430
-2.540732
-0.567541
8.294011
-5.226265
0.789087
-1.774084
-2.897907
-1.112793
-3.710706
-3.541564
2.760567
5.584537
-1.768291
2.972583
-5.514208
1.973879
2.368937
-4.856741
0.142500
-8.073956
-8.021636
-3.319078
3.254621
-4.658239
4.386231
-3.791232
-5.887185
-6.515599
0.368600
-1.387955
-7.361378
1.167475
-0.927484
2.800071
2.547188
3.581580
1.509560
2.738081
1.212298
3.879033
7.399203
0.346405
0.165427
-4.065829
4.641619
-5.991223
4.188393
-0.635827
4.011438
-7.467319
0.002696
-3.171664
-1.203626
-0.756560
-1.015748
3.233149
0.842356
-5.500143
0.314288
0.517522
4.140330
-1.413161
-0.398234
0.256205
-1.787595
2.522406
-5.831204
1.190696
-1.384806
3.740461
9.255948
-5.849124
-4.993736
-2.264218
2.296484
-1.901057
-7.379470
9.209970
-3.568968
3.296997
-2.967575
-8.343739
-1.940469
8.688125
1.012826
2.677710
6.548126
2.494694
-11.895960
-4.387028
-0.035869
-4.120719
-0.338948
5.307880
-2.816257
-1.085969
4.328944
-0.728569
3.787848
-2.093332
-1.082453
-4.039071
-6.602489
-0.040956
2.865686
-6.937293
-8.504099
-4.063143
0.039309
-4.477552
-7.006124
-4.364870
-2.906849
1.449639
-0.475461
1.139658
-5.908494
-2.432608
0.305664
-2.224310
-1.207520
3.669906
-0.726994
-3.734444
1.001840
-3.340638
-2.633258
2.806053
-0.381725
4.044242
1.230056
-4.701005
0.425405
0.615920
-1.013705
-0.626577
0.605925
1.853958
-7.097828
4.359310
-2.497253
2.939214
2.996817
5.554716
-1.926633
2.184432
-2.615847
1.174474
-0.376472
-0.529965
2.402781
2.404078
7.573181
1.226320
3.168668
-3.930079
0.748511
-2.402170
-6.462629
5.489846
2.343703
4.652464
-8.284592
-5.536003
3.616702
7.793669
5.132365
4.303843
-2.031492
-2.643745
1.772407
-0.318562
5.275768
-0.444324
-2.035589
-3.520058
2.019285
-0.621424
-4.632296
3.282939
1.050043
-7.830276
7.442747
-0.928787
-1.580748
3.776474
-2.407179
3.197436
-1.546707
3.075321
3.372726
-1.023111
-1.357476
7.490287
-1.215618
5.750293
1.817944
5.741537
-1.575227
2.066436
-7.059461
4.610517
0.611729
-6.046200
4.142347
-5.280843
-5.322682
4.332635
4.164385
-5.414207
4.091300
-8.433567
-1.916844
-7.662498
-10.840652
7.239748
-3.801391
-1.917260
-4.533409
-6.508391
1.581612
-0.437102
-1.702474
-7.258062
-1.410263
1.040868
7.393386
-3.437066
-1.907393
-9.316757
-2.217069
5.577724
-1.455084
1.469707
-6.910923
-2.298894
-3.133643
-6.770618
-1.573519
-4.432638
-8.556706
-2.011713
7.126410
2.411293
1.603659
1.115945
2.061565
3.547073
-0.735418
-5.741792
-2.557475
1.842325
-4.446765
2.543817
10.548390
0.221030
1.914864
-0.445822
-0.696330
4.580507
-0.239830
11.101115
-8.980695
0.304226
8.618434
5.118803
0.006045
5.914564
9.620816
1.101892
0.854422
2.421771
1.552416
5.347466
-9.689067
-6.138413
7.617228
-0.749887
2.908823
-1.992972
-1.216398
-3.428520
-2.549339
-7.947319
0.593455
-6.611156
-0.976752
-3.789348
-5.435759
0.648539
-2.509049
-5.597838
0.064098
-3.960912
-0.023633
-6.268085
-1.300167
1.016114
-2.260592
-7.136475
1.527127
-1.722134
-1.526552
1.414916
-5.280197
-3.026378
0.251505
0.511466
1.687425
-1.918428
-8.188525
3.335572
-3.883111
0.842032
3.947929
-6.584303
0.910392
3.677175
-0.671250
-0.559115
1.362629
4.994644
2.929404
-1.859310
0.689249
-2.984202
6.121572
3.479985
0.156594
9.852015
3.400982
2.237804
0.976136
6.243724
-3.025988
-0.253151
-4.488596
0.580457
1.108399
9.183990
3.141747
2.605343
0.184386
5.722301
-4.638947
-4.642233
2.081280
-1.050415
1.086094
-2.371055
-2.600885
1.195249
1.246766
-1.584150
7.025600
5.197844
-1.119943
1.203022
1.415225
-5.892264
-3.264149
-7.743330
-4.066160
1.334185
-1.145549
3.944465
0.640961
4.734632
-7.645441
-3.138344
1.535746
-1.159992
3.860807
2.894184
-2.250192
1.999570
-1.191175
1.760586
-4.640924
2.573482
-2.644127
-4.130648
2.693113
-2.708263
1.407410
-1.410687
-2.028882
1.629808
3.578972
0.359587
-0.350408
0.875108
3.479957
-1.018334
-10.181911
2.192580
3.714138
3.950371
-0.636437
2.365909
-3.776536
-3.698467
-4.992847
-0.982688
2.245222
-2.334505
-1.211842
2.973029
4.736629
-3.443968
7.486052
-6.884600
-4.406011
5.432292
10.232306
5.225511
-4.282157
2.509341
5.916488
-0.122863
7.310251
6.597296
3.762173
-3.035322
-4.547320
5.305358
-7.272739
0.796475
-3.550303
-7.395628
0.931425
-1.643946
8.859417
0.546368
3.866665
1.910818
7.257729
1.146331
0.886376
1.591477
-0.372500
3.367556
3.337744
3.029125
-2.990798
-1.479945
7.111406
-1.093708
1.417419
-3.748537
-4.359892
-1.786746
5.360704
2.398678
0.549385
6.282735
0.993023
3.719098
-0.896201
-0.405431
1.955309
-1.605854
0.014479
1.173391
2.233944
5.902260
3.046290
-3.162139
-3.859188
-4.322312
3.167194
0.416472
-2.948201
-5.870203
3.259820
-3.182876
-2.366136
-0.672824
0.143410
-2.080340
4.773339
-1.533592
-1.764902
-5.192740
6.334594
-6.380605
-6.214615
5.281973
6.300232
-6.054885
-1.134293
-0.364229
3.889735
0.322471
-4.606072
-1.453957
-6.876861
1.394602
7.329456
-3.223219
-6.791377
3.963159
5.793129
-2.473901
-1.485633
0.424123
1.519894
3.234150
1.808935
3.396932
-2.497391
1.832840
1.483908
2.956669
-3.188186
3.045801
7.429012
5.839884
-1.219657
6.679249
-0.273898
-0.228599
-10.737709
1.239781
0.308521
-3.204286
7.099658
-2.412828
5.278528
-0.612469
-3.122551
-1.403437
3.781804
4.591430
1.843404
5.007670
-0.564241
-3.464686
5.037924
0.870988
1.693186
-0.754199
-2.842234
3.502204
0.795673
-0.364662
-1.129407
-0.339249
2.978668
2.887848
5.312644
1.734609
2.559786
8.515926
0.228827
3.425640
1.052344
-0.703598
-4.434840
3.590610
4.280897
-2.966557
3.163501
7.109675
1.683232
-3.313303
6.111622
2.071262
3.257348
-2.589587
-0.720723
7.327396
-1.567340
-3.988333
0.103789
5.954910
0.040291
4.665295
-3.122826
-4.949854
-2.064216
7.062076
-0.489560
3.679680
-0.327341
-9.369436
6.672271
1.223806
3.703640
-3.314064
-4.071359
-1.371969
5.591566
2.473379
6.935544
5.657585
0.621892
0.933415
-6.665407
-1.144402
-0.449703
-1.442049
-1.734811
3.159799
0.731120
-4.528171
3.157277
-1.760404
1.768318
-3.614546
3.570904
-1.951809
3.324682
-7.629657
2.177666
-2.788468
2.028030
-1.680660
-4.422904
-2.866937
-0.698691
-2.240806
1.400355
-0.874830
-1.307078
-2.591104
1.728487
5.491014
3.295158
-0.173721
-0.418796
-1.181707
6.420323
5.950432
2.455350
3.567411
0.299790
-2.731804
8.529568
-4.254066
2.757585
-1.350761
-7.615137
3.215546
-2.413966
6.184789
1.029157
-3.304759
0.992354
4.639842
-6.476798
-0.534334
3.869990
-1.761100
5.778852
1.316331
6.528048
3.215647
1.746282
-1.429307
2.115480
2.170396
-2.646559
1.068801
-0.895641
2.270816
-4.494800
-8.995933
-1.093186
1.142229
-5.220246
0.259481
-3.986398
-1.846505
-3.510233
-6.620164
2.371628
3.370655
-5.141294
0.940054
-0.850184
-4.663359
-5.271139
-1.674221
5.637246
-4.837581
0.852427
-2.358284
-5.291421
-4.454386
5.175459
10.009995
-3.803720
-1.881302
0.597715
-1.509754
5.752013
0.487751
5.203305
-4.096602
6.818532
-5.314145
4.618186
-3.986548
2.748844
-4.162252
-6.036282
4.520629
3.726436
-2.779049
13.316605
2.789421
3.141188
1.351966
3.744758
-5.428649
5.091543
2.742049
1.146056
2.457094
-4.041576
-8.820838
7.817504
0.518608
1.054785
-7.417145
6.677504
2.926585
-0.031568
-5.321578
1.055070
1.989026
-0.350475
-1.136342
-3.920590
-5.543927
4.225623
-1.986530
-3.832054
-0.562092
-2.370676
-5.242996
0.987461
-1.787602
-2.098852
-6.009670
-9.590227
-2.465101
9.625083
-4.400977
-1.687264
6.719273
-2.492377
3.001957
5.390610
0.115112
0.867449
-3.843502
2.153639
4.249198
0.646450
-5.422486
2.083009
-1.106426
-3.920349
-0.286017
-5.053300
-4.710363
4.975438
0.016212
-2.054171
-0.210789
2.982649
-5.199945
1.900446
3.053213
-3.852484
1.239583
0.321886
0.124969
1.422491
0.448100
2.428374
0.786479
-2.474997
1.608731
5.127961
-6.991628
-6.884578
6.677145
0.013819
2.556049
1.105392
3.709141
1.482616
-1.247304
-4.698043
3.508878
-4.268351
2.899179
1.734793
-2.999192
7.612595
-1.543334
3.119136
-0.131871
-3.360524
3.310155
-2.096274
2.428185
3.100507
1.944068
3.177617
-3.996311
-3.035648
1.607787
3.184363
0.121225
-6.222088
-4.703450
5.370096
-0.433499
-11.136327
3.144384
-2.592517
1.681055
-6.475929
1.466179
1.097611
1.013333
-0.058081
5.496869
-1.117384
-5.778100
8.135162
1.471587
-1.321947
-0.589851
-4.348454
1.548344
-0.746141
-2.357579
3.569162
-4.371239
-2.125609
6.250460
0.262091
2.540830
-0.308122
3.614038
0.446122
2.402633
-3.941144
-3.445959
-1.803315
-5.489565
3.764829
5.331718
1.778281
-4.386291
-4.046395
-3.524804
5.275268
-2.568304
-5.312136
-2.293831
-3.711501
-5.269751
-6.841145
-0.399743
3.167763
5.585716
-1.568296
-5.319886
7.704171
1.137141
-5.311767
0.819593
-1.028414
-10.812793
-0.525464
-3.031015
6.146053
-8.805601
-2.674416
5.165663
0.333255
2.233281
3.574714
-4.068452
2.615469
3.008804
-3.650790
-2.529044
-10.342564
-4.043346
0.981888
-4.319267
-3.424215
5.525524
-7.283973
1.484661
0.063175
-4.913976
-6.266185
-2.353943
4.071939
-2.777155
4.099178
2.423580
-1.658494
3.007824
0.655222
1.867407
-8.863892
7.987916
4.937641
2.360111
-4.791536
-1.784385
-1.489126
0.528211
-2.845278
-5.608562
1.212581
1.891331
-0.243954
0.629305
-6.472054
-3.665926
-3.658975
-3.274290
6.870035
1.131226
-2.174604
-5.602960
0.931992
-4.613375
0.470660
-7.759100
-5.249839
2.502666
-4.993679
-0.625029
-0.754445
8.049860
-0.544801
0.695638
2.161224
5.048013
1.796304
-9.018129
1.068031
3.623339
1.694129
3.052788
1.648963
-5.547768
-6.556069
-4.435283
-2.981187
1.256346
-0.679475
-4.064622
2.266013
2.373646
-4.955360
-6.568246
0.185165
3.593994
2.361130
-1.910197
-5.609295
7.162824
-1.943272
3.259438
-1.461768
-3.313786
4.773516
-1.249698
0.686167
4.417171
-4.454219
-3.694113
3.491363
6.379157
-3.696016
-2.388401
3.113260
-1.899539
-1.543122
1.538927
-0.473189
-3.384093
0.752454
-0.906772
-0.785900
2.896569
5.517052
-0.122093
2.537431
8.131674
4.378507
-3.114011
4.773029
-3.693604
6.624909
-10.070995
8.930313
-0.389687
2.459367
0.889239
-2.821383
0.250606
3.580515
3.459913
-1.596066
-0.569849
-5.884916
-0.822339
-6.112785
0.571742
1.419661
2.211665
1.165462
-4.320512
8.061610
3.133852
-6.302920
-1.662508
2.654303
7.744758
0.155984
-5.964640
8.750519
-4.444613
3.037488
-3.125338
-6.644694
3.623005
5.824201
-7.033102
-3.393976
-2.051368
-3.340894
-6.034712
-0.988228
2.815503
-4.563008
4.240202
-3.110693
3.966477
-4.784745
2.884377
2.623099
-1.591763
-1.628112
4.004795
1.086417
-6.089304
0.618156
0.931159
1.632988
-0.975615
-2.844178
-2.151188
-0.736399
0.372525
-1.333913
-2.183110
3.676269
0.561408
0.565139
0.181188
5.222490
7.433818
-2.365380
-4.745404
8.618894
-4.627059
-1.324241
-2.884460
5.929778
2.968164
12.962221
-0.650107
0.104915
-5.062859
4.254153
-1.012164
-4.989170
0.690581
4.120609
-3.113764
-3.670607
-2.663234
-2.027197
0.848158
-3.143711
2.810670
1.891696
8.934646
-4.740302
3.880958
2.366986
-6.311837
3.910027
6.581118
7.437699
1.763006
-0.227409
1.117478
5.585205
-5.742609
-3.037871
-0.982610
-0.023428
-2.661887
-3.375618
-3.590471
0.132872
-7.211812
-2.819026
-5.858734
2.195343
4.542465
-7.411277
-2.487840
-0.043790
4.603164
2.342336
-1.785044
-2.907500
2.927943
0.727698
0.343951
1.636058
-1.642655
-1.962736
-0.620402
-4.402284
-2.630234
-5.195859
3.190503
-4.806167
2.364031
0.429926
2.424630
-3.495349
2.105290
3.889704
6.635080
1.587100
2.260948
3.703493
-0.072296
5.882428
-1.985451
6.737988
-3.963473
-3.588851
-0.382517
7.589118
3.218062
1.344128
-1.833218
3.211731
0.742555
7.207037
-2.475876
0.559166
5.970005
-3.533014
8.628201
-0.923303
0.634845
1.656260
-5.514894
6.596536
4.342205
-5.542548
0.345529
-6.044056
3.152398
2.578572
3.997694
6.187700
-5.217199
1.225354
4.332307
6.177779
4.315956
2.115762
2.605156
5.066697
5.520117
0.956790
-1.863429
2.357986
4.554924
2.041738
-3.770852
6.003098
-3.376963
-0.218346
1.801992
2.803862
-5.235450
-3.404358
4.005093
6.117240
3.503398
7.942713
-5.198835
4.605509
-3.820525
-4.987565
4.591585
-3.978163
4.045142
5.412832
-3.743819
9.308096
3.249018
-5.289536
5.061662
-0.197596
-2.431351
-2.474958
8.830337
2.517362
4.926925
-0.909078
3.879622
3.508128
-7.624109
0.424383
-7.345526
3.725332
4.063623
3.819831
-1.524241
-1.420226
0.112443
-1.958289
-3.118327
4.117075
1.405292
0.250231
-5.895602
-4.987959
1.872438
-6.540981
3.512773
-5.250850
4.497374
5.351655
-3.665546
6.929458
3.081006
-2.137186
2.105266
-4.471491
2.232544
-2.675827
2.897714
-5.925199
6.483238
2.205576
1.402304
3.121198
4.431865
0.855530
2.638209
-0.154113
-3.668859
-6.711901
3.661710
-2.638910
-0.744539
-2.074111
-3.883956
0.200495
5.355291
-6.107399
2.791379
-0.471640
-0.209880
-0.088251
-0.795205
-1.264448
3.798625
-1.579078
5.776553
-1.732552
2.909087
2.714608
-3.517184
-4.426718
-3.461792
-3.848982
2.367189
-1.877367
0.665928
-0.309972
2.617101
0.628980
1.156939
0.279344
2.406983
1.894170
-3.114450
3.357279
-1.542037
-3.179944
-4.174452
6.649187
1.350621
-2.554011
2.014946
0.570899
4.239601
-3.096964
-2.999126
1.573846
-2.582745
-4.677265
2.771136
-2.899582
-1.441239
8.917656
-1.514312
-3.521977
2.680042
-2.773126
1.218937
4.836726
1.235208
1.723404
-4.194876
-6.810471
0.337009
-5.053969
-4.389894
-0.268945
9.853398
-3.616212
2.214253
2.430786
-1.311696
-5.022086
4.414219
2.341118
1.109027
-5.280367
3.985356
-2.795246
-5.320538
-4.420805
0.434770
3.972941
-6.693092
-1.672614
8.595832
3.190840
7.829018
-8.046248
1.244761
2.588016
2.965505
-1.576450
-2.659335
-3.446802
3.256733
3.631815
-0.019248
-0.249402
-8.662219
3.398818
-5.913348
8.211577
2.809783
-2.477605
0.242783
-2.667757
1.504708
9.008623
3.125700
-4.820653
5.058946
-4.222230
-0.586731
1.731252
-3.084909
-2.049303
2.435823
1.144176
1.194868
2.282472
-4.252713
0.250438
-1.855443
0.111722
1.689418
2.280533
4.273498
3.111471
9.138298
-4.669923
4.593932
8.169993
-0.221543
-3.305903
5.561330
3.030251
-0.668814
1.242582
-1.949338
-8.602909
5.064300
-2.129355
3.845399
5.810379
4.930346
-0.627908
-4.273264
3.034626
7.060402
-2.886089
-6.022106
4.548697
-3.052989
-1.188173
-1.248163
2.030596
0.639484
-0.668713
6.508615
2.581823
1.257160
-1.142454
0.327424
0.893807
-3.037510
6.502204
2.756668
2.002035
-1.871851
-3.395748
4.005015
3.645072
4.036876
4.540453
1.967736
-2.639693
7.647392
6.678906
-2.339329
-3.890995
0.553443
-4.586306
2.515149
7.898284
-2.215942
-1.417300
-0.195202
5.747656
0.909708
0.274092
-1.145911
-4.731227
-1.181876
0.842400
5.019103
-7.256556
-1.623813
-0.327832
3.181048
2.264831
-0.366064
1.817243
-8.671185
-1.782322
-1.329224
2.209507
0.482015
-2.506757
-2.950078
-6.140041
-2.576639
-1.057265
-4.157297
3.697614
4.368646
-0.683817
1.856495
-1.406314
-4.522214
-5.908020
-1.575503
-1.251677
2.906347
3.134625
1.915665
5.620741
0.951324
-2.050331
-5.111747
-3.974627
-6.588504
-5.841175
-3.176889
2.717775
-0.958686
-3.170485
-0.206005
9.023331
1.265178
-4.128749
-1.174928
0.252594
-4.744627
4.072348
5.599869
3.474730
-2.537948
-2.237264
-2.257737
-4.274765
2.755208
-0.777222
-5.435458
-1.017932
3.395964
3.041802
-4.994664
2.737211
2.575906
11.837965
-3.405496
-4.496856
-3.930794
7.726838
-2.150855
1.898052
3.260317
-0.175008
1.265214
-2.255417
3.200634
0.434408
6.524786
1.914190
-3.372914
6.759024
-1.280230
-1.474465
-3.466911
1.156119
0.604243
5.799447
0.257609
3.486259
-5.971886
-0.674625
4.620639
-4.051500
-4.390816
4.833580
3.744532
-1.017852
-2.376467
1.560742
1.486250
1.048509
0.005244
5.390587
5.711131
-5.432061
-1.511603
-1.423076
2.974919
-3.525618
-3.370052
1.193552
2.457989
5.384193
7.142728
2.616317
-1.554207
1.497301
6.317547
-7.866326
-4.949492
6.472233
4.857449
2.160363
0.496438
3.663546
2.107238
2.247848
2.658101
-4.199534
-4.079954
-7.318449
-0.828145
4.594094
-2.492362
1.913852
4.505750
-2.372731
4.260001
-3.860308
6.049312
5.304972
-4.387453
-2.038911
-6.964742
-6.261410
2.547502
-1.064042
1.077875
2.004926
-2.154503
-8.518531
-0.191416
3.056896
5.323919
-0.984410
-3.542804
-2.846823
-0.416519
5.053224
-2.748311
1.038870
0.863731
4.524686
5.277651
8.537262
-2.538765
5.107934
3.393845
-2.237949
2.499120
-1.814499
2.580754
-2.337619
-5.333862
2.314969
1.775279
-0.834964
-4.172120
8.576667
0.521533
2.962610
7.058878
3.331177
1.268322
2.003474
4.247540
-2.983448
5.719843
-1.570030
6.171381
4.742105
-2.316060
8.534315
-5.836887
3.538101
-0.394516
4.691233
-5.266468
-3.706469
2.552121
0.722112
6.202606
1.462952
-3.192072
0.859410
-2.771272
-1.712929
-1.176065
5.772223
3.164862
-0.236977
7.051622
2.380685
0.514230
4.620632
3.266069
4.461908
-0.008501
-7.158613
-1.600417
3.246099
1.439913
4.594169
-2.176418
1.741099
10.597191
-1.675285
0.054431
-3.588205
-4.114926
-0.344689
-1.573746
-1.175309
-3.478682
-2.099301
4.795630
-0.755777
6.807970
2.787173
-1.167113
-1.799178
-9.216194
4.228170
-2.370185
2.875048
3.957754
2.878368
-0.568815
-1.423783
-2.732100
6.679145
1.278074
-5.901373
-3.586479
-3.603560
2.981464
2.733457
2.107516
-2.740220
-2.023615
7.833312
-3.671036
-3.874773
-4.571946
2.780428
-5.014482
-1.879085
-0.581502
-4.429527
-3.533731
-3.244132
2.018122
2.645379
5.425911
-4.324988
-3.253438
0.756707
-1.067899
-0.999236
-0.929395
1.872678
-2.445939
-4.482296
0.666275
6.531605
-3.498846
0.007110
3.427027
2.455441
-4.194575
2.202892
-1.560121
-8.794369
-3.177408
-4.399628
-3.263499
6.107861
0.216048
-2.082872
-4.218607
-4.170252
-3.885049
-1.831009
-2.631357
-0.396899
-8.828060
-0.353568
-0.624162
-5.424635
-7.058198
1.750430
-3.626882
4.442052
-1.152091
2.183118
-8.560226
-8.250046
0.831027
-0.407380
-3.100730
-5.342141
4.621461
2.309911
-6.933680
-6.800039
-6.410193
0.809951
3.014978
1.455107
7.917953
2.661983
2.249615
4.627706
3.718961
2.756500
0.584696
-6.140432
7.865838
6.338761
-5.886123
2.554108
-1.957909
-0.646765
0.324833
3.406223
-4.386883
-1.665201
-2.189216
2.811329
1.645653
0.106092
-6.758732
-10.255836
-1.087995
3.197557
-2.395636
-0.658737
-1.266231
2.291982
-7.543124
-4.080879
-4.073866
-5.148576
4.369127
-4.036695
-2.279844
1.175668
0.862238
-5.266613
-2.990855
2.330047
3.555978
9.257307
-5.178516
4.107057
1.815979
-1.806502
2.146400
6.934465
3.599841
2.168835
1.790313
-4.885992
-3.875098
-6.307923
3.850785
-0.560956
3.504237
-5.919080
1.189530
-6.855810
-6.707831
4.412986
-5.551090
-0.613503
11.058846
-4.016808
3.600380
3.172236
-10.224791
4.104231
-3.000749
-1.441123
3.867970
-7.111647
1.543893
5.130237
-2.653970
-1.407920
-4.360998
1.181813
0.313490
-4.539291
-8.374866
-4.002762
-4.809772
7.583866
2.138094
-7.622370
-5.075516
-5.325489
3.054935
4.542750
-5.050264
-2.399647
-5.689639
3.473701
1.616894
-2.000916
2.396661
-1.793504
-0.160935
-2.300077
-2.140652
-5.778207
0.126094
-1.922749
-4.445650
0.698776
0.606351
1.359877
2.367758
2.702051
3.368382
-4.537511
-2.504740
1.101193
-2.806200
0.559705
1.281437
2.119825
4.673652
-4.999024
5.080483
1.450080
-4.072526
-4.683635
-2.108307
2.649807
-1.613227
-4.331814
5.473157
-1.083322
3.016768
-2.172322
1.374992
3.882499
-6.264115
1.666141
-4.081680
-0.645818
0.391053
-5.108974
-2.313301
-3.169146
-1.394808
-6.514853
3.122616
1.181299
1.465924
4.425969
2.426548
-6.992026
2.025863
2.945058
-3.205070
1.139274
-0.007538
3.611522
-1.156410
0.616428
-1.347409
0.560935
-3.667749
-4.781432
-6.701977
0.013233
-1.740731
0.657748
1.583086
-6.316361
6.866329
2.030395
3.608209
2.082656
5.997275
5.623532
-1.229312
1.387632
2.752445
3.146384
-5.361578
-2.468903
4.579497
-3.822558
2.641307
0.550607
1.316528
-0.147916
4.482798
5.373419
-1.509214
-4.794377
-3.440084
1.982435
-1.842177
-2.044769
-8.232709
-0.751482
8.392624
3.206902
6.560408
-6.047343
-3.999743
6.668924
2.926009
-5.958085
-2.250701
-3.193517
0.513602
-1.768990
-2.216918
-1.554908
0.337992
4.427257
-4.214941
0.206104
2.085068
-2.001547
-0.471872
-5.952227
-2.786131
6.448453
1.088697
-4.933517
0.143049
2.710531
2.980241
0.183276
2.757452
8.454705
-3.676437
2.722161
1.563118
2.113549
-0.498662
0.419423
6.359045
1.544661
3.454456
0.419127
4.285051
-1.211506
-6.481433
-5.502011
-2.499176
-6.671008
0.402790
-3.580144
-3.257169
3.002840
2.057199
3.915437
3.453920
0.420138
-7.036782
-2.620710
1.477960
1.051133
-5.030529
4.273030
3.526163
-0.629594
-5.180919
2.943591
4.831330
0.233713
0.540659
-3.497516
0.360353
0.292625
-5.870908
5.863629
-0.984334
-3.996819
0.755716
-5.490535
0.537454
-15.537083
3.963446
3.120144
3.717086
-0.885518
0.582099
4.886858
-3.885471
-2.166584
-1.400428
-1.149631
-0.030065
2.874611
-4.015778
-1.967066
-2.882980
-3.191050
6.361327
-6.377320
0.642744
-1.745554
-5.499635
0.815704
-5.912414
4.209953
-1.804608
4.207716
0.865819
2.387279
-3.917074
-0.594475
0.260912
5.117080
-5.098765
-5.818419
-3.105865
-2.259399
4.307055
-1.772192
-2.419188
-3.919831
-4.422813
-4.620440
8.624812
0.679590
1.408646
4.173307
-0.998539
-5.283259
-5.151593
2.222783
-4.119539
4.360468
-2.759884
-2.904143
3.928143
-3.985682
-3.309349
-2.536694
-3.188005
4.906092
-3.484789
-2.136145
2.868951
0.731854
-0.798701
-4.609358
2.000311
1.351942
0.275423
3.461964
-5.034798
-0.607941
-1.104727
3.197173
-2.512635
-5.344845
-7.487054
-5.856931
1.403525
-4.836227
4.813406
-8.430516
-5.140116
-1.807039
-2.074748
-3.243658
4.332301
-3.378127
4.645860
-5.054426
-2.159268
-4.336427
2.869468
0.181420
-4.930099
-1.067798
-4.247843
-5.621724
1.785594
1.160200
4.344935
-2.100939
3.694785
6.169342
-4.978493
-4.437312
3.249741
-3.289315
4.058143
-0.519763
-2.815999
-3.703422
4.532717
0.959496
2.613081
-0.175696
-3.134106
4.444146
-4.400240
0.177419
4.089836
-3.761049
2.518664
5.390984
1.048768
6.009692
-0.468374
1.874811
5.584458
-4.365160
-4.892768
-0.721806
-1.453873
3.733032
0.134195
3.882088
-5.124748
0.368859
-0.798284
2.076545
-1.499434
3.264783
-2.575041
0.844974
-11.786385
3.012103
-2.016304
3.011096
-0.400456
-4.135715
5.048696
2.834534
5.227969
-6.656589
-2.530076
-3.608589
4.527832
3.284222
-7.789916
2.221530
-0.578361
-4.471816
1.867450
-2.572031
-0.570777
2.909748
-1.062356
3.165409
0.897646
-4.274079
-8.221074
2.051431
-2.395171
-3.287053
2.245033
-1.395321
3.116332
-1.234709
4.124220
3.884796
-0.954915
-2.230875
-0.134919
3.604053
-0.094090
-0.329177
-1.786638
-3.779039
2.294699
3.189353
5.013716
-4.196431
0.808721
-4.004169
0.454698
-3.250240
5.719992
1.485802
-1.638489
-1.755102
-1.109729
-2.620511
2.249217
-4.941781
-6.733818
-6.135088
-5.403970
1.522847
-5.259001
5.823647
1.121725
0.848358
3.874551
-3.510904
1.987204
-1.697665
-1.796973
-2.615315
-7.042920
-2.129219
4.567454
3.768034
1.644486
5.233358
3.424214
-6.150946
-4.665065
-4.085428
4.560061
3.289504
-3.368140
-4.446690
-3.726928
4.293869
-1.905627
3.505028
2.004629
5.199192
1.177665
-4.299150
0.670579
-5.170370
1.685987
1.783847
3.569973
-3.515768
-0.139223
-5.541514
-0.381124
-4.564426
0.216913
-7.474831
0.890283
0.235022
-2.479431
0.970236
-0.306489
5.199702
-3.483823
1.592519
-2.224222
-3.303880
2.006472
-1.469773
2.486832
3.788509
-4.176960
1.637526
-5.579146
1.201622
1.375628
-4.822584
-2.509920
7.223952
-3.726440
-0.291040
7.174549
1.882797
2.208886
-3.337710
1.189871
-4.597273
-1.408736
-2.735406
-1.151430
-3.299143
5.936865
-0.091584
4.409862
4.841860
-0.286888
-11.414429
-3.135465
-4.836562
5.687631
6.343692
-4.008154
2.675288
3.582121
3.554139
3.945464
3.008456
-7.099503
-1.394007
-6.554032
-3.786590
4.091842
-11.949701
6.565147
-4.282743
4.873475
-1.543255
-2.754191
1.524008
0.309105
3.541847
-4.270878
-3.312120
0.729694
1.469588
0.182150
-1.438558
-3.277261
5.045021
5.570423
-4.310008
-8.683340
-4.529623
-0.192072
-4.126056
1.778233
-1.828206
6.878198
-8.920516
-1.038259
6.940839
-2.132311
3.124922
-2.888199
0.156820
-3.179841
2.567644
3.644951
-1.668843
-1.870113
1.715496
1.911085
10.178698
-3.613976
3.163784
4.241117
1.717068
2.200059
4.614480
-1.018686
-2.043927
1.170160
4.440248
1.158924
-6.654561
-6.000924
3.302665
-0.185691
6.284934
2.180824
-5.345804
3.469153
-6.427263
-3.482171
1.013297
-8.603799
-1.917074
-5.388555
5.111453
0.290848
-0.290628
2.185581
2.612899
-2.165006
0.473315
-0.965072
-3.929815
3.373062
1.235176
5.983485
0.558242
-3.930034
-0.455427
1.052977
4.650538
2.150679
-3.712201
-4.215121
-1.923183
-1.695952
-3.302412
-2.310987
3.671958
-3.368161
1.568206
-8.322863
-1.058107
-4.454475
-0.874310
0.458515
-0.734832
2.354859
-1.231591
-0.377530
-0.176421
-5.443270
-5.417847
4.256755
-3.699950
-2.639168
-3.153253
-3.530967
-5.097321
3.796695
-5.375919
-0.361672
-4.008059
4.667042
2.737834
-1.980208
1.673952
-3.998107
-4.626445
6.141558
-4.006933
5.704359
2.056260
-0.849461
-0.043522
3.760442
0.197092
0.575416
3.860455
-1.587555
-0.727495
-2.010939
-1.387127
-3.531215
5.805168
-5.186009
1.932974
-1.157283
6.040598
-6.776263
-1.478509
1.772989
-2.164860
6.435877
3.173803
-1.828275
6.673472
-1.088413
1.431979
-4.359859
2.067836
1.045928
-1.574564
-2.828446
-5.177178
-3.820612
2.644965
4.574366
-1.458207
1.703643
0.274898
-4.872400
3.641540
-1.372002
-5.861704
2.402575
-5.838184
5.022187
-5.974163
0.872281
-1.643303
4.637125
3.987701
2.386965
-7.602263
-10.039597
-0.023832
5.182363
-3.520794
-6.187734
-2.255669
-3.812267
4.004965
0.213708
5.496153
-2.649235
2.017687
3.161667
-3.414207
-8.102136
-2.148696
-2.368777
1.593086
-2.341940
0.817577
2.018594
5.391987
-0.232261
2.180499
1.245680
-2.165136
-4.448034
-8.032757
2.092223
-3.219066
-2.332968
0.129499
-3.382153
0.168497
1.401885
2.244816
-3.706166
4.206794
-3.087049
-6.598674
-5.327146
-2.536476
-2.122991
0.643923
-3.623035
-3.514046
-3.596681
-8.517646
-0.371444
-4.415718
-6.099180
1.099954
1.582957
-3.684846
-1.428437
0.135403
-1.691297
-5.592792
5.803198
2.459726
-0.649653
-4.191851
2.791564
-0.865342
2.382294
-0.680490
-0.353124
-0.998496
1.391675
-3.514883
-9.638086
2.182414
-4.655780
-4.544921
-7.585034
-3.589482
7.899336
6.820958
5.382463
-1.758072
3.781692
-5.635217
2.360105
2.088973
-0.468715
-2.044487
0.609409
-1.710942
2.562525
-0.307971
1.036679
3.695045
3.290193
2.385740
-2.588980
-0.280932
-1.035159
1.244285
-3.540037
2.303162
-5.417205
7.998385
-0.915489
-5.978905
1.139386
-2.381312
2.947195
-0.381624
-3.492989
3.648111
-7.212584
-3.759561
-4.962534
-6.591658
4.724197
-5.573249
-3.419553
-4.625573
-0.090453
-1.691680
-0.191621
0.988671
-1.162420
5.926283
-5.796924
-1.180036
0.023037
2.586601
-5.273203
0.524852
-4.359506
-6.102704
5.502062
0.635950
7.852997
0.811742
0.060973
2.972446
-3.017926
5.318886
-1.314865
-0.735664
-1.982517
2.485219
-5.110403
-4.824919
-6.232049
-1.658414
-0.947474
-4.326626
1.569278
2.582849
2.986055
-5.580504
-0.357820
-5.173356
-4.683904
-1.362798
1.343032
-0.880987
-2.742378
-4.294099
-1.158938
-6.428540
2.005236
-2.679971
1.828260
3.465529
-1.024115
-0.058146
-0.499983
-3.602281
4.309842
2.364686
0.565283
-0.490522
5.872862
1.148230
2.670572
-4.409497
-0.333279
-4.783626
-0.358866
4.960068
3.682564
-2.260417
3.983917
-6.580016
1.585658
0.741537
4.704017
8.145870
2.370730
1.882595
3.630183
-5.166972
0.532183
1.502329
3.822850
-4.428378
-1.891583
-4.188427
-4.935240
0.633901
0.617121
2.215651
3.143850
6.867255
4.378515
0.055004
-7.159317
1.391909
-3.357062
-1.475867
0.765718
-3.162222
-5.298876
-5.600286
-7.090126
7.082498
1.971789
-6.165047
-3.531744
-8.577946
-0.979832
0.185450
3.358399
-2.122677
-5.585833
-1.153628
0.010413
2.379121
-2.284875
-1.212492
3.714818
-1.106525
2.589443
-3.968553
2.484105
-4.848860
1.434349
1.814639
3.605060
3.045842
1.719981
-0.908302
-6.507226
-0.778470
3.396507
-3.632175
4.367820
-3.786088
4.607277
2.294550
-5.099011
-4.162448
-3.756302
-0.813660
-0.543500
-2.111344
1.217396
3.726252
-2.189505
-1.321542
2.085872
-4.745033
-4.446764
0.036720
-4.149726
3.343391
-0.251736
4.184373
-0.414093
6.351343
0.703057
-2.078863
2.512857
-2.922622
-5.447075
4.994387
0.498661
-4.064447
1.743218
8.652789
6.297080
-1.008739
4.138517
-0.377465
1.476094
-1.106626
-0.826334
2.755741
-2.078440
-2.907680
-0.218460
2.934188
1.202935
-2.464759
2.810333
-2.494779
-2.687999
-1.665434
0.574622
6.095591
-0.931007
2.051266
-4.577570
0.055983
1.379753
-4.886357
-2.149585
4.243435
2.054581
-5.505492
1.712355
-0.602671
-5.557303
-3.705153
3.126658
0.247375
3.331493
-1.061431
4.370182
1.372461
-2.968586
-3.216579
10.594818
-4.623513
-2.865865
2.186311
-3.758652
-4.231501
5.030837
-1.432949
1.779308
-7.015173
5.203039
-5.541977
-0.375464
3.008573
-3.082410
-3.147203
2.474657
-2.764304
-0.105245
4.114238
-3.482047
-0.257389
-5.350976
3.723545
-5.500843
-4.031250
-1.437856
3.241369
-0.059007
-1.292451
-0.528162
-1.235984
-1.361162
2.546809
0.204410
-2.790244
-2.559274
5.377641
2.404067
-8.117147
0.131050
-7.181048
-4.230752
-3.611897
-4.043383
-5.304582
-0.065997
-2.717582
4.671997
3.573906
0.644273
1.356803
-0.594137
4.118515
-0.224239
5.846086
-1.359550
7.653036
4.567287
-0.162541
-0.477702
-10.786714
2.968137
1.183779
0.827709
-6.411996
-2.517947
0.009775
-4.183067
1.982444
2.548265
-3.333159
-1.838676
3.351221
-4.183032
3.833953
0.315687
-0.208360
-7.261796
-3.981118
-1.880390
-3.560721
-2.200544
-4.178011
1.528550
-9.489904
-9.398558
0.563185
-4.609892
-0.480970
-3.236144
4.462908
-6.594192
-1.961317
-2.220252
-1.800571
-4.055277
-1.033597
3.068625
1.677261
-1.050838
1.116027
-1.857812
-1.392390
0.010203
9.253297
7.249889
1.307761
5.140600
3.858141
2.094285
3.533201
0.401415
-0.880445
5.356225
5.073064
0.443591
0.712652
0.849106
2.656293
-0.631044
2.883343
4.007164
2.259710
6.274144
-4.407760
-4.537151
-3.019203
-2.701468
2.502437
7.921550
-2.008636
-6.722789
6.165574
-6.495433
0.085728
-8.346666
-7.721959
-0.221613
0.431694
-8.287897
-0.302555
-1.626092
-2.745134
0.032954
-3.847475
0.416548
4.511205
-2.396799
-0.716989
-1.444767
2.597354
5.076296
-1.207144
0.969329
2.694361
1.083939
-5.460674
-6.481754
1.055497
-3.045889
-4.489001
6.091293
-9.742485
1.960642
-1.072747
-1.429201
-3.985100
1.535360
-3.514991
-2.083601
1.633648
4.169820
2.855328
-2.751173
3.829003
0.166142
-7.215450
-2.549732
-5.769205
-2.062855
5.925233
5.127515
6.089781
1.531474
8.247222
-8.229917
-4.983005
3.388978
-7.653609
1.009272
0.378264
5.656734
-1.251190
0.871313
0.872582
3.900782
1.342187
1.659681
-0.460859
0.028863
1.591602
1.534778
3.663470
-2.247767
2.647200
1.128535
7.387166
2.220933
-4.679035
3.001904
3.164560
4.016161
3.722560
-0.416572
5.604416
4.616510
-1.171891
-3.667707
8.320278
-1.304069
5.983933
-0.369495
-3.490674
-3.002254
-1.178217
-2.897447
-0.452844
-3.221578
0.710593
-0.853694
-1.347896
-5.435712
2.543410
-3.009979
-1.379486
5.289117
0.586519
3.671494
2.568494
1.703517
0.797164
-1.982816
1.244077
-2.180807
3.672485
-2.835057
4.535769
0.131924
2.893774
0.134049
-2.122446
6.233450
0.600297
-4.786797
-3.168728
-1.907016
-2.934404
6.965730
5.261834
-1.085769
7.825601
-0.281643
-3.551840
-0.214515
-7.678610
-2.803484
0.679597
-5.465277
-6.334776
-2.502288
-0.842557
0.718938
5.771821
-4.155511
3.377108
-1.933607
5.175320
3.980477
0.611011
1.423498
8.511094
6.015815
-3.495902
-2.343548
1.806390
2.825065
-2.535869
-1.103001
-0.747231
-7.601554
2.910181
-2.095619
2.218281
-1.453289
-3.716001
6.380180
2.203237
0.056359
3.844261
6.959740
0.609605
-3.563621
0.557574
3.609467
-7.237618
-4.172670
-6.192620
-2.338826
6.651533
0.408401
1.977820
1.396564
-2.460919
-5.322552
-0.611677
-1.140087
-5.829881
4.191630
-1.305471
-3.028751
0.620493
-4.678710
-5.268172
-1.420393
0.556338
-1.411445
-0.465272
-8.770449
-2.964342
-5.712262
-0.991728
4.812292
-2.201004
1.234569
1.052064
-3.922620
1.003841
-5.421724
2.228492
1.736654
-8.286396
0.412321
5.272720
2.954128
0.169832
-3.075168
5.348156
3.595614
4.621066
-0.107439
0.901573
-5.300439
-5.212757
-1.709421
-5.743828
0.283513
1.041484
1.017270
-6.019651
-6.121310
-6.696813
-0.735178
5.320814
-4.869166
-1.834780
-4.757575
7.742950
-2.567173
-0.644496
-4.816048
-2.278360
-0.025887
1.259439
-5.018880
0.742645
-4.251901
16.671707
1.828554
1.076078
5.313580
5.933933
-6.088398
-6.101637
-6.732756
-2.704672
-1.327677
-5.785975
-2.308138
0.738375
4.073833
1.984230
-4.328841
2.733448
-5.998729
3.468426
-6.262576
-1.080372
-3.872164
-3.007124
0.528843
-0.462885
-5.237318
5.359901
-4.775768
3.111524
0.801787
-2.455536
-3.150386
-5.237713
-4.352908
6.416921
-7.047779
3.042206
-2.148355
-0.478998
3.662590
-0.769430
7.051038
-0.001574
-2.226639
1.281213
-4.657906
-2.602691
2.518750
-4.154938
2.565856
-0.900808
3.274164
4.352594
0.657485
1.095052
-2.537921
6.145581
0.647790
-1.086935
3.288106
6.789968
-2.162429
6.584240
0.725682
3.828744
-4.930947
4.878186
-2.798177
0.046944
-4.056382
-3.381739
0.005295
-5.787037
5.310984
0.631595
-0.423627
-2.382312
-2.005477
2.187480
-4.526074
1.348758
-3.915367
6.679239
-2.283997
0.263146
-5.033064
-0.916040
0.967193
5.337086
4.342609
1.309500
3.684012
6.978220
0.330508
6.851597
-3.398629
6.967656
4.957055
-0.096247
3.605218
-1.591646
-0.762486
3.533002
-0.392217
-2.257094
0.894653
-1.653895
3.513082
0.945673
-1.451160
4.459464
-4.554313
-0.906816
-1.627815
-2.809586
1.253605
-0.723307
3.536917
-1.807559
0.968451
-3.481005
-5.901456
-0.404194
1.141949
-5.571084
2.479513
-4.232004
1.052741
-7.022731
2.672858
-3.704198
-2.964760
3.214772
-4.069998
4.857865
9.795222
-1.235295
-0.461603
-0.793850
-8.794772
-0.490475
-0.530199
2.070156
-7.279959
7.176786
-1.829977
-2.341493
-6.451263
-2.672636
-1.177920
-2.335102
1.722096
2.930743
-2.306330
0.683352
2.995571
2.165848
-1.260273
-3.235435
-0.221288
-0.128661
-2.307367
-0.037435
0.177898
1.588328
1.646822
-0.787584
-4.892807
-0.375664
2.807293
-0.782292
-2.536143
6.406837
-2.465554
7.406124
2.783523
1.415531
-3.618452
-2.446163
-0.876607
-4.843893
-3.838953
-0.123746
-0.249934
3.316947
-4.107874
-1.106089
1.799048
2.329520
-2.924764
-4.327168
5.736013
0.925168
-5.267679
-0.299163
-0.535307
1.103695
5.784841
0.810703
4.582131
-1.643605
1.004285
-0.583744
-1.420807
2.857377
0.532107
-2.997330
-2.870926
4.765279
3.522988
5.739907
-5.845556
1.957003
-5.510993
1.613703
0.458916
2.882271
-4.396125
-5.461160
0.836013
-3.925860
-7.103511
-6.196402
-2.508902
-1.257495
3.381407
3.782590
5.046228
1.252974
-1.266726
-1.589111
-1.678684
2.958024
0.789124
-1.919038
-2.376379
-4.186912
-12.631433
5.442969
2.015823
-1.414431
-2.016706
-2.851706
-1.662153
-5.062039
-1.077242
0.653661
-2.788487
-1.139440
4.424215
-6.244339
2.604834
3.155057
0.949384
-1.134245
-2.313774
-4.942733
4.139544
1.131309
0.028325
-1.262695
-4.478537
-5.988844
1.236272
-1.575530
8.895105
2.161616
2.286432
1.615309
0.815318
-4.589510
6.566687
-7.086048
-6.245268
1.540908
-1.577151
-0.654915
-5.512998
1.025662
-5.439316
1.966148
-1.836728
-2.347619
-3.422138
5.724996
-2.210871
-1.909317
-4.682159
-5.518782
4.301315
-4.711111
-6.466937
3.512325
4.478497
-3.301366
-3.342341
0.028410
-6.634275
-3.263691
1.380698
0.150476
2.379246
-3.422569
9.453950
-4.088873
-1.572341
3.185848
-2.591713
0.883280
-5.292647
2.669231
-2.546263
2.047975
-2.762017
-6.480719
3.527569
5.382934
5.824325
-2.788608
-8.821522
-4.914504
-0.415108
-3.303711
6.429698
-6.388796
-0.660901
3.970270
-0.817265
1.971823
-1.711076
-1.576766
2.046908
-4.409417
7.494692
3.332694
-0.893314
1.602945
-0.260733
-4.744182
2.430659
-5.021090
-2.662649
-2.963621
-0.800934
0.727009
-2.158846
-3.647520
-4.112918
-11.348360
8.244042
8.605855
-2.024721
-0.969359
-2.520278
-0.452273
2.339270
3.342963
0.161297
-2.357031
-4.294213
-3.961541
3.523696
2.985858
-2.071405
0.181411
7.007565
2.403552
1.019267
3.676250
-1.515805
-0.207801
1.880532
-1.647942
-5.810402
2.074480
2.643749
-4.065159
3.920733
1.175620
-1.926276
0.443089
-2.899957
2.275656
-2.292296
-8.142760
0.608134
0.665444
6.403146
0.621675
-1.009537
2.084442
2.543716
2.440496
-2.791657
1.991794
-7.374524
-4.495030
5.862825
-2.622282
4.786337
-4.555049
2.972603
0.663938
4.984970
4.380507
2.735564
4.093802
-1.995778
1.284208
1.090853
-3.649551
-1.481362
-1.817286
-1.593742
-0.088216
1.398648
-1.697120
1.450797
1.794463
2.871720
1.683937
3.422144
1.864886
-1.579588
3.180319
3.384506
7.703476
4.077485
2.190051
-3.233411
6.405481
3.784390
1.437976
-3.299865
-3.738171
3.541291
-4.272697
5.307645
1.585335
2.022054
6.529798
-0.882014
1.891381
-5.619251
-0.819568
2.623749
-6.392789
-3.792184
-4.984357
-8.474810
0.751891
-2.250153
6.345860
0.385573
-5.857379
-4.059295
-1.780375
3.443883
-0.973073
2.580460
-0.633548
0.568423
2.915290
6.087364
-0.740811
-0.839001
1.800940
-2.272216
-4.036382
1.597773
-5.315378
2.623327
2.773576
0.676708
-0.486647
0.364018
-7.235130
-0.645953
-2.806254
-3.688565
-1.079535
2.241518
3.673193
2.871649
-7.646652
-1.583475
-0.860883
2.458109
3.156513
-2.669924
-0.033373
-5.468964
-6.707787
-6.825441
-0.843737
-0.645864
-0.241158
8.498553
-5.242891
-0.161676
-1.565948
5.327949
-0.849977
4.271027
-5.145175
0.294583
-4.855878
-6.601612
5.627367
1.309010
1.345422
4.919630
-5.141778
3.289580
0.230978
4.428970
3.428581
-5.571634
1.661341
6.301649
-2.328384
2.904659
-3.353594
-0.531077
-1.449216
4.021919
-2.143156
2.343776
-2.886665
5.652098
2.484071
2.337036
-2.844051
-4.904131
-0.868591
1.831378
-0.825351
-1.837143
-0.965860
-2.468937
-3.957765
1.103827
5.403662
0.345967
-3.082380
0.255352
0.316939
-0.052451
3.582839
4.807361
1.753528
-0.484776
-1.441814
0.828714
0.480261
1.436902
6.495716
-0.575083
0.212349
8.445572
-4.775056
-1.177729
0.362358
2.435884
2.472600
-3.781853
-6.001740
-8.287163
5.532786
-7.880493
-3.929948
-4.529477
2.892480
7.344337
4.572836
3.610098
-1.616105
-7.589778
-5.129587
7.208492
-3.358357
2.755262
-2.779498
3.147048
0.593089
-2.644110
-2.368793
-2.460757
-7.598065
0.292079
-0.341607
-1.305598
1.371409
-5.856390
4.692258
-5.595498
-1.418466
-0.313743
2.631081
4.414412
1.437988
-4.865036
2.016943
1.954981
-5.727953
-0.663754
5.142646
2.783504
-3.936148
0.636415
6.639652
-6.285145
-1.511769
-2.408082
2.588580
-2.407652
-2.822559
0.823470
-2.385672
8.312063
-5.190317
-2.131074
-0.086092
1.332183
-3.154202
-1.724829
-1.020276
-0.911315
3.432569
-5.949679
-0.096607
-1.141947
-0.364549
-2.921890
-5.317000
-8.940484
7.479966
2.442483
-0.849286
0.310793
4.725509
-2.460340
1.091386
-5.770809
-3.458762
-3.667907
-2.482126
5.198287
-0.506503
3.553304
-7.728991
5.042802
2.229330
-8.543091
-4.199845
-0.999737
7.057703
1.965533
-0.665076
2.255942
0.821032
2.516753
0.995071
-0.000827
1.813056
1.556597
-1.694536
1.184823
2.684748
-4.763041
-7.892723
3.204924
3.914531
3.130615
-6.035295
-1.518275
-0.009477
2.896616
-6.575021
-4.327485
-0.584323
0.469157
0.629019
-0.788881
-0.114425
-4.943572
4.210858
-0.417036
-9.897297
1.512717
0.526119
4.011392
-1.845643
-2.042617
-3.579743
-7.764197
-9.294570
-6.068861
4.488529
1.418880
4.157739
0.384117
-8.324654
-8.645088
4.045010
-5.783710
-8.857997
2.552263
4.769754
-3.518330
-4.624488
-7.268255
3.784809
2.271482
2.258218
-2.838692
-1.267479
0.111016
6.833567
-3.102421
1.948835
2.501227
-0.257996
-0.421533
-4.597498
4.122070
2.202722
1.726891
-2.603241
-1.809155
-1.308626
-2.978796
-13.209277
-7.016557
6.072282
-6.789433
-4.100543
1.770954
-3.870235
-1.892897
-5.511499
1.679075
-4.375447
-1.669045
0.162884
-0.614631
-6.428269
0.301607
-0.069965
-6.088775
-3.419810
0.463947
-6.499132
-5.968548
-1.123700
-2.303713
-0.647342
3.080819
-2.845380
-1.794623
1.816059
-6.437303
-1.130959
1.900127
-7.316075
1.904977
0.916331
-3.866148
4.609797
-0.169371
-1.686529
-5.779339
-2.556973
-4.365772
2.640499
5.071295
-4.588305
-5.303119
3.098184
2.111607
4.353793
4.782063
-4.264032
-8.710071
3.347043
-6.105825
-3.525964
2.447821
-2.988681
-4.248666
0.125281
1.609049
3.169533
2.265216
5.921845
-3.021772
4.057125
-1.885285
-2.450680
-7.618748
-2.788034
-3.621361
-2.127788
-6.805732
-8.468499
-4.890843
-3.124159
-1.141271
-5.382834
-6.100061
5.274569
-2.164736
0.702155
-2.673461
-5.279456
-2.138755
-0.270023
0.989275
-4.658973
-0.466110
2.376721
-4.944289
-5.220465
-4.467824
-5.524307
-6.962480
0.352173
2.018072
-1.297626
2.807788
2.714228
-4.687870
1.571115
3.659123
2.454893
-6.625448
6.083785
0.131981
1.765599
-1.507597
-4.448571
1.130032
-4.901531
-4.041108
-4.233625
3.569619
2.366004
1.554445
5.260664
-1.099857
-2.285151
2.437064
1.355955
-5.326852
-1.292911
2.725123
4.117094
3.840796
0.533313
4.988049
-1.718703
3.125155
1.526443
-1.133825
4.727286
0.712895
3.001294
-1.781348
-6.548586
-3.379235
1.444261
3.499750
-4.853722
2.013905
-1.002432
2.178610
-6.678585
4.247754
2.962367
-2.215890
-0.892251
-4.423842
-5.896877
4.001808
-1.068038
-1.363175
-1.042185
4.798697
-6.048250
1.532866
1.159694
1.369302
2.441957
0.717685
-6.420291
0.764494
-0.297277
2.082075
-4.072633
3.974288
2.625524
-5.089778
-4.802825
-0.243209
3.386811
3.754307
-4.049909
3.541719
-2.235267
5.497671
0.016431
5.852933
-2.194443
-4.490609
-1.388472
-7.344707
3.395803
0.153423
-2.795098
-2.850644
-4.031444
-0.504297
3.095512
-7.997894
1.939526
4.213927
-0.289243
4.761703
-4.230581
1.019293
-2.899026
2.797244
11.510533
-0.149000
-1.297310
-1.995890
-2.265371
-1.635886
-5.910096
0.042884
0.968397
0.622387
-5.315610
10.122369
-2.957810
1.221678
4.719945
5.870564
3.852489
-0.121598
-1.690660
-0.731367
3.723597
-4.929894
1.943124
0.323530
8.016061
-3.387004
5.482432
2.595834
-0.939357
3.105920
0.078420
1.423295
-6.906746
8.228600
5.897829
0.418667
-1.127481
-5.440351
8.007488
-1.276312
-0.020163
0.343676
7.999175
5.539500
-1.995593
-3.848582
-1.805813
-6.148112
0.987475
-6.354263
2.563100
-3.474723
1.679911
2.368098
0.377059
-2.955373
-9.236303
2.561005
2.708171
-1.860336
-3.451686
-4.489523
7.525237
5.083417
-4.901101
-4.103963
2.753313
3.297227
-4.937626
-1.938987
-3.546218
-0.978774
-6.937460
-7.661190
6.225437
-4.387779
-2.424783
5.866078
-5.182815
-0.522743
-1.811535
-0.738274
-5.298422
3.808215
7.125120
2.848985
-1.450600
-2.883983
-2.819918
-2.430907
7.369553
4.132133
-10.889764
3.862139
2.119397
-3.745415
7.786767
-2.067929
6.243696
3.146356
2.664973
2.240885
1.334505
-8.027712
6.921516
3.170843
-1.381493
-8.644120
1.401804
-1.050847
4.950512
0.538245
-2.459167
-4.266282
1.667356
4.402464
9.880269
1.272680
3.373411
-1.123156
2.498917
0.853173
-1.712179
-6.978086
-2.151925
5.979101
-3.015494
3.246389
0.446681
0.137643
4.544570
1.738845
-2.189165
-0.471160
1.131236
1.502202
4.203231
4.163363
0.322563
5.304249
4.728573
-2.831083
6.225068
-2.513813
-0.097861
8.569371
-3.910370
-1.884508
6.056477
-3.181873
-3.159352
-1.545393
-0.319041
4.525276
-1.109431
2.646808
1.707390
5.523239
6.553119
0.051233
-5.786634
-6.205505
7.362900
0.524450
0.759183
1.779177
-1.257606
-0.165719
-6.805359
-1.908764
-1.713716
3.158522
-2.354079
1.584180
-3.048467
-7.495497
2.311277
-0.655478
1.953135
-6.762965
-4.312666
-5.915026
-1.039060
-3.649015
-5.618042
-3.230710
2.367687
3.226627
-7.854093
1.073010
-6.876194
2.773247
1.025810
-3.556677
-3.603526
-3.198561
-0.322806
-4.607709
-1.039136
-2.220452
1.529194
-8.326443
-1.043389
-2.701318
-4.451510
-8.695989
-1.165144
-0.765990
9.239771
2.410126
0.358671
4.336168
1.654277
-4.331427
1.042686
0.064853
-4.648804
4.944549
-2.614610
3.122120
9.776102
-2.813430
-3.369583
-8.765410
2.430870
-3.494601
-0.107509
7.244086
-1.396570
-2.022077
-2.308053
-4.464146
0.309847
-6.954206
4.628008
3.799053
-4.866305
-1.035291
-6.051363
3.134443
1.143272
2.987046
-0.576582
2.291987
-0.077807
-2.531959
3.745685
-4.868914
1.208788
0.392569
2.918573
-7.362011
-8.239779
-6.126356
-0.810667
-1.746079
-1.193637
-0.157176
2.455496
-4.441600
-0.303840
-2.252041
5.246728
-3.167126
-2.752485
-2.529763
6.737416
-3.229057
-2.935404
2.771126
0.055316
-1.211722
-2.715729
2.058448
2.498500
-1.690845
7.540199
3.062542
0.104703
-1.313154
-2.030093
-1.332407
1.099454
-0.757875
-0.900590
-4.259344
2.291912
-2.656175
-6.264847
3.810558
2.235360
5.732447
1.251566
8.034903
5.338963
2.899457
4.399478
3.761276
-7.294544
-4.382328
-1.120080
-1.671582
5.892769
3.293961
1.394675
-4.401583
-1.712467
-1.214004
-2.287033
-1.730344
-2.142254
-1.496902
4.104680
3.163845
6.452097
0.421870
-2.110846
2.857852
-0.097209
-3.402373
0.463434
-4.209385
5.571973
-1.608812
-3.703997
-3.010379
-4.482311
0.895892
-2.555234
-3.209724
3.723804
-1.649687
-4.002206
2.771198
-1.108993
-2.264772
-1.140473
-2.562085
4.594431
1.097739
-3.048263
2.926529
2.538274
3.748909
4.451286
3.836674
-6.530289
1.816499
-1.838763
5.505811
-1.840685
-1.346096
2.825562
2.217855
-2.670263
-5.401270
1.301067
0.862007
-6.512375
-5.875752
6.917583
-2.748578
-5.736543
-2.545671
-7.470175
-5.385184
-1.548261
3.574390
1.013734
-0.667121
-3.111386
3.020757
-4.300184
1.189873
-3.646355
-5.425616
-2.929626
-2.290971
0.103702
-1.820633
-8.396473
4.312087
-4.333012
5.298164
8.063448
-0.550256
-1.316700
-1.438410
0.983412
2.190545
-7.795382
-0.986170
-3.809652
-0.700763
-6.219173
-1.508377
-3.592395
-0.845011
-1.307892
-4.754521
5.618895
-2.666806
-2.292981
-1.640562
-2.525387
-3.279984
-0.495082
-1.519829
-3.420184
-2.352332
3.567233
2.893202
-4.655317
-9.446437
-0.477642
2.910598
-9.561418
4.361481
5.458422
0.883197
3.218151
-1.879006
3.315105
3.374304
-3.637020
-2.354305
4.843143
-5.013541
1.553196
2.502731
-2.020401
-5.228732
-5.652459
-3.133176
-2.847259
-4.698830
5.805656
0.667073
-3.139904
-5.294435
0.649486
6.624912
2.535021
2.727260
-0.920972
3.615557
5.142188
-4.400589
0.209225
1.766430
2.285788
4.195235
-1.089889
-0.736537
-1.585015
6.257207
-2.120421
-4.604615
3.651944
3.234537
3.543706
-4.985213
-7.026990
-3.600336
5.912970
1.326128
4.895172
1.965154
-2.962889
4.786773
-3.478576
4.362933
-1.806291
4.023373
-0.921707
-3.337157
3.226280
-2.032723
1.241448
2.073230
0.527627
-1.420262
-7.607767
2.574135
2.717199
-5.175641
1.812018
-1.435372
2.516315
-1.458361
-0.218309
-6.885137
-0.566458
5.546565
-1.543329
-0.286569
-2.176047
-1.602946
-3.403672
4.374661
0.499534
-6.367085
-4.427576
-2.671202
-2.904028
-2.047807
-0.818203
-5.620888
-11.388227
-1.321555
-1.497541
-1.685256
6.985586
-8.172729
5.088024
0.657525
-4.025579
4.381104
1.196970
-0.252880
3.450394
-5.730147
-8.419758
2.237663
-3.065542
4.402757
0.790972
3.192421
-2.583226
3.415215
2.861415
-6.687306
-5.736573
-5.050769
2.369516
1.378233
12.510374
-4.358693
-0.522678
-5.080925
1.928444
-8.251147
-1.709439
-1.065336
0.760808
0.937944
-0.744593
5.746482
3.656562
8.566977
6.081787
-2.987079
-3.656623
-5.486907
-0.440681
-0.745193
1.004537
4.442621
-4.358485
3.084230
-1.846181
1.092412
2.835587
-0.130617
2.359723
3.198576
-1.223903
0.590315
-8.514013
-5.602188
5.352234
2.880047
2.659092
-3.114907
2.446745
-0.597608
-0.714105
1.834923
-6.905531
-3.023949
-2.993690
-0.423958
0.251482
-5.366982
0.934918
8.211298
2.124747
-1.782609
-0.493892
-0.319978
3.509437
-2.593556
-1.391768
4.388700
6.658010
-1.905421
-1.832653
-3.344397
-6.028023
-5.384288
-5.003896
2.134721
1.381843
3.951685
-7.234191
0.037461
-3.026242
0.847633
1.751390
-6.505423
6.594806
1.680407
-3.451409
2.157017
-1.237873
3.414562
-1.085492
5.104899
-3.959858
-6.662605
0.734115
-5.123889
2.331369
4.173378
1.800725
-0.856959
-2.679809
3.879053
4.732141
-1.860071
-1.932684
0.469886
0.226234
-6.017435
-8.318341
2.367696
-4.653414
2.728057
-3.953734
-2.506752
-8.853593
-3.896332
1.113789
-0.721318
0.222188
3.505554
-2.995218
0.236130
3.399609
-3.103519
3.604008
-1.247691
-1.926275
1.060062
0.111923
-6.990713
-0.119367
-0.317682
-0.017707
0.717682
4.424621
-7.159782
-1.220689
0.429078
-2.197819
-2.864881
7.881853
3.637111
3.360966
6.613729
2.430137
1.881277
-8.811903
-8.348444
-1.955418
-1.303181
-2.483775
-3.192531
-2.071770
-2.550371
-4.894056
-4.806597
4.785122
-2.959337
-1.409614
-7.487832
0.561077
0.906373
-4.617261
-3.530973
-2.597866
0.723544
5.195497
-3.606351
0.805776
0.467561
-7.241664
3.907177
0.176015
-3.080941
-3.846313
-1.176860
0.278559
5.310627
4.698061
-4.038281
3.957131
-5.207517
-6.146293
-4.615505
-3.709719
-2.326800
2.651537
-7.093554
-4.946539
-2.114651
0.274629
-2.369239
-4.341818
-2.267344
-4.202458
-5.160973
-7.165081
-1.454474
0.964372
-0.493868
-5.093266
-3.614025
-4.192780
2.567909
-4.517156
-0.331057
0.837599
1.571169
-0.291850
5.796638
-2.973560
-0.440034
1.461394
-4.165153
1.183301
-2.286817
-4.900199
4.509203
-1.601685
-1.794651
4.569468
5.420552
7.692936
-5.494568
4.918610
-0.635484
3.058493
-0.897068
0.659769
-1.347209
-5.128694
5.607761
1.812360
5.060939
-3.200268
-2.285289
-2.952994
-1.333058
-2.365083
3.379461
2.774589
1.919790
-6.242264
-0.304156
0.969416
-0.123659
4.789709
-6.250655
6.334289
4.615903
-1.573330
-4.671280
-6.427567
3.116882
-4.330957
5.757226
4.118357
1.880761
2.247414
4.850955
0.034865
1.330754
1.888705
1.874047
-0.050499
-0.939178
6.926430
-0.792573
-8.659246
-4.375771
-2.450114
-9.293481
-5.151345
-0.045235
4.363108
5.646035
2.057131
0.348295
-4.169803
-0.948675
8.134921
-5.438859
-3.881045
2.091464
3.784736
5.633159
0.710825
5.534318
-1.219241
-1.694387
1.195382
1.819038
-2.715093
4.255313
-0.701398
-3.517294
-2.143371
-3.598959
1.757155
-6.671335
3.422365
-5.234796
0.332636
-2.783605
-6.205769
2.907181
0.863467
-3.617186
-2.748205
7.044107
6.147450
-4.508572
3.475857
-2.110075
5.208243
-9.964820
-0.366351
-5.560661
-10.504141
-6.918085
-4.301640
5.446999
-1.930066
4.956715
-2.095132
2.413339
-0.399322
1.421810
3.329399
1.323078
4.590107
-0.322425
-5.401038
-2.455701
8.510993
-3.676842
-4.220932
4.079357
-9.238666
-0.842665
0.689070
-9.327374
-1.077980
-3.102386
2.352711
1.415672
-5.668554
-1.643198
-1.156125
4.374981
3.981688
-4.461713
-4.014997
-6.201348
-0.110003
-4.701812
-3.752399
-3.440124
2.708767
-1.829793
-5.578285
-0.220812
-3.842026
2.864541
-5.756407
-1.295213
6.811840
-1.914410
-0.065880
-1.507650
2.862970
5.270516
1.799846
0.862204
1.598549
2.578150
4.994105
0.900723
3.566268
1.712688
-9.429828
7.413391
-5.468614
3.708954
-2.290095
2.254385
1.933200
2.477782
2.043630
-9.118246
3.561489
-1.486700
-3.675485
-0.910994
1.433187
6.618811
-2.264219
-7.576384
-1.320915
-3.933036
-1.982673
-1.770827
4.730040
1.219001
3.600638
-2.565154
0.143054
-2.375961
2.108840
-2.753412
-1.830334
6.265415
0.492563
-1.675935
2.720222
-1.872667
0.938634
-1.654986
-5.587700
-2.109821
1.506860
-4.388670
0.684718
1.616590
-5.485212
-3.258415
-14.426088
1.178840
3.094072
-1.337108
0.850507
-2.441005
4.454681
-5.897384
2.962969
-4.231243
-2.866583
-0.778823
0.954625
0.110001
-2.320764
1.575283
-1.851379
-8.429510
-5.282551
-3.965628
-0.520091
-3.498974
-0.771776
-3.591249
1.303243
2.351720
-5.701104
-4.178246
-1.853481
1.992321
3.742081
4.518742
2.437246
3.556553
-5.507886
1.945400
6.474718
-2.849154
1.774007
2.165207
-4.130782
-0.011244
-0.689898
-8.325766
-1.360210
-0.277705
-4.437060
-1.873264
1.890514
-5.835595
7.468118
-8.502087
2.109964
1.128642
4.864682
-5.443115
-3.684763
2.112802
3.222559
1.070495
-2.198672
-3.354302
-4.087014
2.760629
-2.346635
-6.087768
-0.426182
1.433437
-9.955373
-0.786758
6.613590
-6.515580
-0.516044
-0.794423
4.287373
-0.582067
-1.302903
-4.074355
-3.966326
1.918640
-6.013343
-3.495893
4.323031
-0.577380
-4.440013
-1.093331
-6.329878
-3.145216
2.619268
-1.574246
-3.046592
-0.059074
-3.765267
-5.851218
1.203117
3.459225
9.538171
-3.784738
1.418985
2.192678
8.295041
-6.684275
0.774564
0.571459
0.175589
6.409672
-0.452111
1.410421
-5.969970
-0.701766
4.488873
-1.388508
3.592432
1.505728
-3.884558
-8.892750
4.705887
-4.900037
0.411065
4.598485
1.048384
-4.002546
-5.481265
-2.257218
-6.111684
2.048851
-0.229901
-4.473030
1.850917
0.571883
1.702071
2.293715
-1.925929
0.327118
3.745031
-5.090286
-1.267245
2.460546
-3.329749
-1.929753
-0.893888
1.868629
-3.079128
2.241746
5.730384
7.312171
-2.550318
-1.369019
-3.365020
-0.732181
-2.763761
1.029550
1.655701
4.020302
-2.451654
4.996019
-5.364916
6.027641
1.267334
-2.236569
4.858188
-4.386593
1.268643
-6.216674
-0.931679
0.108919
5.898155
-2.749185
-7.294356
0.055387
-5.050386
0.949963
4.950348
1.594831
1.381054
-4.789653
3.886995
-2.155723
0.623805
-4.279243
1.263678
-0.353682
-7.181007
-0.360688
-2.270908
1.901931
4.011747
-1.699689
1.963700
2.019108
2.255697
0.921399
-3.016189
-3.267763
-5.757472
-0.062424
2.281475
1.678286
-0.636519
-1.104027
9.149376
2.158425
0.121544
0.655043
0.081136
0.631685
8.301912
4.790388
-6.040038
-4.877788
-2.992714
3.864561
-1.004594
-1.840401
-2.445497
-5.901203
-3.770805
-0.994062
4.082387
1.275545
-4.411882
4.555963
3.994841
-0.700116
-3.162625
-0.621931
3.243487
-4.598554
5.852601
2.993803
-3.441096
0.719836
-3.314791
6.279392
-2.509114
-3.130897
-3.282533
3.969122
6.756776
0.142927
3.192776
7.743303
-3.310910
-3.387079
-4.060164
4.458028
-1.778517
-1.971943
-0.299226
4.248415
3.503762
-3.239689
2.270310
-4.046656
0.573196
-4.101944
-5.136063
3.441789
2.968888
-2.941992
5.476979
-0.236964
2.833113
-4.808875
-1.019496
1.553421
-5.546293
-0.880237
-0.929226
5.612917
-1.755913
1.368691
2.778634
0.504982
-2.158173
-4.395722
-7.134259
2.683538
0.286345
-6.553277
-0.910641
-2.965692
6.169458
-0.770946
-2.550757
-2.976602
1.508936
-2.450429
-0.198666
-4.413968
4.155288
-1.410675
2.845797
-2.767722
-1.148635
-7.920500
-0.522401
4.509291
-4.750332
5.241588
-1.265772
2.714483
-4.581284
-2.660802
4.263728
5.249796
-1.537786
-1.874924
2.681464
1.997977
-4.312407
2.380165
-1.254293
1.229794
1.710548
3.015541
-1.347330
-5.956694
-4.719396
-5.896584
-1.784493
-1.411601
-6.366097
5.598514
-0.373494
-6.271111
2.512014
0.806792
5.916269
-1.297398
6.695498
0.531602
3.138272
-3.203957
-7.532533
-3.618444
-5.901950
3.420801
-5.827810
-9.829043
-4.561665
5.789357
2.260605
4.053270
-1.515825
-1.304865
-4.614933
-3.711111
-0.319208
0.175392
-4.455097
3.799388
2.927603
-0.086169
5.378333
4.057496
-1.973333
-0.547063
-3.613407
-2.494620
2.878039
-4.747468
-1.406194
4.615347
-4.454204
-0.888919
-1.700771
-2.042174
6.307587
4.239342
-9.422906
-6.643293
1.417168
-0.937918
4.584914
2.527154
0.231469
-3.966596
0.282743
-0.900611
-6.069538
-3.536209
0.509726
-1.633609
-2.500850
-0.293905
0.614879
-2.207234
4.816997
-2.161610
7.622900
-3.581757
-1.100539
-2.469305
5.091386
2.367476
2.993980
2.561601
-3.681892
2.558970
1.937183
-2.674775
-5.888055
-0.755323
-0.438393
-4.892400
1.681442
-6.373826
-3.958957
-4.169276
4.257490
-6.143828
0.824780
1.463971
-2.084662
-4.781488
-0.279502
-4.325832
-5.948673
3.155510
9.312360
-4.554245
-5.544034
-5.227621
2.048473
-2.037774
-4.821278
-9.658156
-4.946391
-0.848263
-2.293003
-1.207953
5.606982
6.010312
1.692399
-8.920974
4.433611
3.512160
-0.564428
3.854581
-1.905409
-5.473962
-2.748009
2.737166
2.484080
-2.360704
3.431003
3.575302
-5.271602
-2.811435
-2.822211
1.340418
-9.212997
-5.117803
5.333707
-0.062045
-3.825323
-0.573041
2.756938
-2.300637
-3.300251
-5.838184
1.079962
-1.788812
-6.929935
2.180988
-4.872616
-2.267631
0.356829
-6.613326
-3.094256
0.878928
4.075216
-5.017880
1.302481
-4.281421
6.878521
-4.009916
-3.891424
0.811852
8.844265
2.825822
-2.142272
-0.172369
5.247434
-7.623849
2.665162
-0.648210
-2.309179
-3.465830
2.617306
3.913093
-5.296511
0.356755
-2.244791
-2.379053
3.611216
-2.406020
2.226797
1.652453
4.001599
2.394444
-2.891103
-5.092692
3.095331
-5.888367
-5.705465
-4.705088
0.428741
-3.963307
2.711224
-3.413315
3.157873
-2.626614
-0.208959
0.293507
2.933535
2.906530
1.232255
-4.624466
1.259357
1.306112
-2.425730
1.220692
-1.603798
-1.935346
0.299396
3.229366
1.593353
6.335459
-5.657787
5.148320
-8.294705
7.975904
-0.437695
-1.388871
-1.183657
1.185094
0.319441
-2.369214
-3.130894
2.831598
-3.458884
-1.171893
-1.287890
0.555820
-1.322735
-0.175565
5.171722
-3.925947
-2.769253
5.333280
3.287389
1.131635
1.860483
-12.748425
-2.506274
-5.418942
-1.051674
1.440713
-1.689049
-0.588718
-0.005475
2.413063
3.590692
-2.446616
-1.520995
3.317595
2.205162
3.426436
2.047751
-3.392757
-0.812734
-3.119461
-0.085363
4.498551
-5.927624
4.951539
4.571301
0.212237
-5.925982
-0.200321
4.065591
1.992563
0.883683
-4.075063
1.036114
-0.083366
-3.387870
-2.705132
-6.459559
0.013915
-6.590479
0.540971
1.412912
1.888898
2.450612
-2.783901
-3.444766
-1.027185
0.392525
1.749861
-0.824663
7.018058
-5.203469
-0.839896
3.780406
4.118912
-3.155597
-5.882729
-0.652745
0.691806
1.432075
2.847811
2.897971
-3.533311
-7.719660
1.785475
2.677809
4.479931
0.319785
0.851788
8.634017
-1.966400
-1.159370
5.459265
0.146480
-7.370067
1.976149
-4.902684
2.084865
4.360319
-3.308657
3.452772
-0.237307
4.121736
-1.328359
-1.226574
2.534598
-0.933996
0.048502
5.252714
-5.379250
4.749348
4.895710
-3.102661
3.757455
-3.114179
-4.323490
4.452302
2.595702
-5.936954
1.999540
-1.883545
-2.820334
-5.545192
4.306298
2.866769
4.384607
2.972735
0.457999
1.854270
6.506772
-1.241613
1.528722
5.092448
-5.309012
-0.074954
-3.746978
4.887523
6.445168
3.450612
-3.770546
-4.144677
1.011404
5.070780
6.212090
-0.792865
-1.340151
4.105438
-5.078065
4.299757
-1.612069
-0.344303
0.694122
3.545847
-3.381492
-1.328046
-1.195772
0.636634
0.701869
0.105477
-9.994297
5.392702
1.051474
3.526638
-2.297907
4.042764
-0.271723
-4.080408
5.692831
-3.253387
-0.722183
3.651085
6.553202
-2.208920
9.801773
4.201520
-4.233896
1.922137
5.222768
-1.659709
-8.482539
-0.139014
1.477604
6.987083
2.447620
3.751465
3.934653
3.649267
1.348956
-1.689253
3.799839
2.266110
-4.396257
-2.111287
4.194331
1.910240
0.546155
5.789587
-0.518488
8.077398
3.768635
3.962574
6.843195
-2.280072
2.062308
2.947411
-3.712321
0.817106
2.462653
-5.743754
-1.758165
5.382483
-4.611938
-2.236860
0.263401
-0.909316
6.262800
3.011918
6.453535
1.768133
7.896573
5.441358
0.940070
4.315935
3.501682
4.828668
4.343490
4.092463
6.593225
6.254577
-4.074857
1.447722
-5.369575
1.975591
3.706913
-5.603073
3.357781
5.416698
1.356338
2.510546
1.654650
4.163951
0.871077
-6.780589
2.586572
5.803866
2.242052
-2.216378
6.502580
2.231584
3.726725
-5.048986
6.669178
8.666370
-4.654424
5.530464
-7.396461
-1.657763
-2.238425
-2.788886
5.644132
6.084172
-4.573528
1.287339
-0.093970
-1.057837
-2.219630
4.521879
-0.263445
0.651207
3.433470
-1.375713
-2.083346
-2.557669
1.377387
4.519593
0.969575
3.491662
0.212943
-5.098376
1.409620
-0.020601
-4.682147
-4.357983
4.999528
-0.479145
-0.780513
-0.506408
-2.121545
3.623669
2.626264
-4.421955
2.311735
-2.758467
-0.755740
2.984337
-0.182047
4.527375
-3.260617
0.954415
6.028098
-3.450388
-3.914409
-2.163459
5.602137
1.748078
-3.188467
-2.124829
4.598074
-4.277907
0.528063
5.059223
1.907360
-8.070770
-3.738606
1.534785
3.190326
-6.166284
6.281549
-3.293424
3.018176
-2.135561
-0.167100
0.115670
-4.931155
-0.850206
6.115167
-7.485247
1.707801
-5.018991
6.565941
-2.782553
2.941583
3.182275
-4.100282
-3.390820
-2.293448
-4.605945
-5.405075
0.447575
2.628803
0.127317
-4.534512
0.891134
5.454342
3.262474
4.372966
-4.263491
4.244188
1.395036
-5.279150
2.982116
3.389570
-2.006207
-3.504093
5.365512
-3.740568
-4.412135
-6.137194
6.589024
-1.638574
-0.763598
3.362761
-1.514313
-8.017150
-4.843115
3.733493
0.446651
-2.715320
0.176656
-0.953192
-2.153939
2.321902
6.219483
-4.369473
1.496416
3.466924
4.063457
-1.734200
-2.780839
2.790871
7.540537
-1.099475
-5.186234
-0.274599
6.329483
5.754914
1.733736
0.705430
2.363532
-5.025783
1.314793
2.197286
0.753205
0.489122
3.281078
2.540369
0.914945
5.247678
3.549075
-6.392567
0.675832
1.229473
0.111885
-0.728764
0.842762
-2.995174
1.873431
1.362508
-3.093494
2.962063
-1.988620
-4.886433
-3.011745
-4.114759
2.086540
0.283964
-4.206923
-6.519370
2.001578
-0.532053
3.031671
1.836572
-1.938942
1.995821
-5.390383
3.862933
-0.831863
-5.368670
-4.433381
4.849083
2.192599
-3.012042
-1.968176
3.003220
1.346806
5.218425
-3.887165
-4.620965
0.027976
0.743628
5.959227
-4.158761
-2.027379
2.912080
-3.611216
-2.913505
5.629527
-1.320958
1.689233
-4.131576
-1.344776
-3.734585
-0.329048
-1.843766
1.168736
3.172121
3.070425
4.221102
4.940353
-0.575359
-5.015576
-0.312381
-2.777722
-2.692314
10.511933
-3.934905
0.196313
-6.913200
-0.431930
4.243001
0.484784
-2.368817
-1.676765
5.322129
-0.645113
-0.167256
-3.512392
-0.084064
5.035416
4.227285
3.861782
-5.860325
-1.536864
-2.242870
1.789671
0.408530
-2.535861
2.844805
-3.372344
-1.069757
4.355738
1.378968
4.061025
-0.051289
-2.007471
-0.145880
-2.441384
-7.630235
2.327322
-4.829396
-3.759255
2.383759
2.171426
2.913556
-0.395732
-1.927587
-0.739699
-3.686598
2.484498
-3.641830
-1.147330
-6.316950
-4.380989
1.546381
-4.122611
7.418409
-2.718011
-3.701782
-5.371764
-6.288573
-1.386178
4.097067
0.297606
-2.338768
0.142413
2.335745
-4.095306
-0.586446
-4.736971
-4.383830
2.775896
-7.176799
2.056700
-5.242189
5.595809
-0.611396
3.780320
-2.830103
5.895320
1.362122
-0.612287
2.293634
-7.578177
-1.491507
4.311030
1.320296
4.536728
-1.947023
2.235206
-4.441637
-0.403125
-3.009733
1.530209
-4.436239
4.506818
-3.350464
3.993686
2.778088
-4.336535
3.376948
-4.229275
2.943689
3.125722
2.071077
-3.134254
4.362709
-6.094721
-0.046484
-0.374177
-5.405385
-0.127427
-7.678707
0.733705
-5.913284
-1.437087
0.087180
3.642220
-2.544600
1.529175
-1.853042
-2.598904
4.395454
-2.642224
-2.762805
4.880078
-3.903537
4.768176
-1.332616
1.927618
-6.517128
-4.371726
7.325662
-0.018848
-3.434310
3.009827
-1.148270
6.771961
-5.513334
-0.746385
-6.474953
-2.218706
-5.728631
1.239718
3.027989
-1.089267
-3.180521
-2.339690
-2.851985
-5.787928
-3.388610
-1.141443
-4.393765
1.437473
-3.298917
2.945630
1.833856
-2.933024
-2.164997
-1.727496
-10.600842
3.442693
6.181724
1.749895
4.713676
6.280564
-1.222901
-4.991192
-5.926553
0.415666
-5.473946
-3.696961
-0.807125
-3.548196
-1.652210
3.596127
-5.360404
-6.704743
1.661967
-4.504314
7.157599
1.018329
-3.384381
-6.993785
1.573483
2.627188
-4.931376
-4.654618
3.740848
-8.004526
1.713514
-1.893425
-6.123816
-0.166019
2.498392
0.992888
-4.025877
-3.806807
-0.248961
3.515611
-3.246709
-0.707668
-7.638760
8.218350
-2.432628
-1.377685
-1.017726
0.075104
-3.728749
0.028112
-0.557578
-9.296884
0.766865
2.756581
-2.402975
-1.601092
0.598799
0.128018
-2.981760
3.244442
-7.093364
4.238183
-0.809680
-1.090848
-3.730052
0.577862
-6.391934
-2.404714
-3.848449
-7.875693
-2.761404
-7.482298
-8.773154
-3.220062
-3.457319
1.541314
-3.639619
6.821760
4.148203
-3.385377
-5.586202
-2.941657
-0.097212
-2.667949
-2.862829
-4.163650
-1.853149
-0.029058
3.015003
-3.365496
3.467803
5.582039
6.592261
4.344640
-3.358588
-1.088714
9.189610
-2.703526
2.210272
-4.587400
-4.077590
2.666298
-3.115805
-4.887859
2.410687
-4.486169
-5.014970
-1.478157
2.430127
-1.574968
-2.645190
1.933541
7.067011
-0.925615
-6.172373
0.687071
0.833297
2.106917
4.357051
1.916399
-2.570324
-2.681561
-4.712911
-1.715148
-3.745320
-2.108154
3.421942
1.104162
-6.109239
-7.231831
-5.593706
-1.607012
-0.199192
4.877431
7.872287
3.020999
-5.342016
-4.802272
3.839779
-5.283056
-3.470785
0.943804
-0.548955
-6.422983
4.401662
2.978359
-2.178042
-4.380557
-6.698126
6.448051
-1.700255
4.030244
5.351079
0.355869
0.171539
5.382859
3.593573
-3.122575
6.234156
4.349161
-4.389268
-1.907038
0.789381
3.577021
-0.233516
-3.314787
2.275399
1.621129
-1.387543
4.601024
-4.334111
-2.405546
-2.133065
-5.451524
2.080467
-0.165486
6.561141
7.880751
0.785802
6.353828
-1.773090
1.744989
-1.286850
3.971750
2.329201
1.272719
-1.036536
-5.094101
-0.124358
-1.668703
5.170041
-4.442476
-5.856076
-1.246230
1.784499
-6.715972
4.076952
0.073649
2.343635
-1.805813
7.376976
4.415745
-3.887729
4.979269
-1.595908
-2.107106
-3.846572
0.879935
-5.240050
-4.516076
-5.594882
7.013452
2.174711
-2.557169
4.724645
3.707285
4.379897
2.794162
0.590187
5.995401
-1.360350
5.503852
-0.804950
0.903934
-5.406579
4.106330
-4.712754
1.192938
2.337849
-3.459539
5.041658
-4.851362
2.176208
4.909770
-2.900656
2.062860
-2.444295
4.350857
5.151222
0.409967
-3.716180
-2.020976
-3.266670
1.882818
3.231118
2.055846
-1.858608
3.123544
4.043992
-5.602920
0.368991
-0.901756
-1.468661
-2.509569
-1.870156
-1.184185
7.838840
-5.249683
2.985505
3.657321
-0.729237
-4.650608
-3.170510
2.727314
-3.481919
-1.930177
-2.575329
3.705679
-3.598212
5.077883
-0.958042
-2.811092
-4.544691
-11.736022
-3.943770
-8.820759
-3.247963
2.774697
2.800685
1.026451
-4.285374
-1.929538
-4.562727
-4.870218
3.383236
-3.275570
-2.805678
-5.584982
0.529758
3.988144
-4.106159
-5.971606
0.916847
4.088962
-1.874967
-2.133234
-1.136644
-5.429749
1.833669
-6.287727
0.724560
2.997393
-4.310576
-1.337542
5.476235
-5.514527
1.840972
-7.791590
7.016380
-6.179749
-1.961356
-0.303628
-0.785707
1.088992
0.502491
2.116842
-3.734833
-4.261903
0.017609
2.886975
-3.156487
-6.156240
0.320629
-2.607822
4.000934
-4.707797
0.669704
-1.980457
6.986494
4.390203
-3.600742
-6.104019
-1.045503
1.283876
-3.556648
0.288851
0.310513
-1.718313
-7.684602
1.259784
2.789421
-4.245202
4.860027
-4.925331
0.691787
0.283909
3.350721
-0.991226
-1.316531
-6.739905
1.713146
-4.604160
1.620486
4.780938
2.333168
-4.870265
-5.631042
4.768932
-5.085173
4.475151
5.410269
9.227470
-1.835072
-1.513389
-4.471988
4.423229
-2.960710
0.599463
2.774806
7.158268
-0.188106
-8.367563
0.927482
-2.417625
0.715385
0.333037
-2.409887
-3.286588
-0.816202
0.199599
-3.477790
-2.967501
-6.284411
-4.993635
-10.368203
2.844391
2.330884
-3.468509
-2.310603
4.228657
6.240317
5.556737
-0.687336
1.280806
-6.831222
-0.919672
-7.332518
-1.452587
-0.813516
6.469440
-1.834485
-8.356458
-2.402697
-5.009509
5.758234
0.507812
0.571705
1.818829
-4.338120
-4.775805
-2.763335
0.695851
-4.499170
-0.576254
-4.146196
4.071732
5.403400
-4.150232
-1.474450
3.146457
9.308199
-2.885018
-2.996783
6.931498
-0.009185
-1.021209
-4.621633
-1.757274
-0.811476
4.801930
3.054975
-2.052838
4.237227
-8.154561
3.441595
-5.884773
7.318316
-1.269506
-4.839376
3.614605
-2.198126
-1.000052
1.664794
4.705073
3.702815
1.342896
-1.558580
1.654721
4.257977
2.352446
-7.496624
3.149974
3.331980
-0.150740
2.475628
-2.306380
7.415289
2.206418
-3.333045
-4.850742
1.009907
3.700580
-3.574956
-1.341468
2.616495
-1.662708
-2.281343
3.214971
-2.636991
1.034651
-0.188036
3.440749
2.446558
-3.926397
-5.084029
-7.015403
-2.886449
-2.903853
4.329679
-1.085199
-7.639587
2.188432
-6.841974
-7.597269
0.437215
-5.460490
-1.743238
-0.136394
3.341312
6.425791
-4.820844
1.553494
-3.494704
0.908172
-1.753271
0.816725
1.467203
-1.117222
3.893677
-3.959939
3.775449
3.291148
2.521953
1.157602
-3.832345
3.740847
-1.364520
-3.995735
-0.660012
-0.596846
-4.328150
-1.798526
-6.164996
-2.865454
-0.719955
-0.765643
-0.574769
-4.975407
5.175138
-3.491382
4.475171
3.562073
-1.345543
0.900505
-3.200016
-4.817369
-6.085458
5.004114
4.684024
0.472999
-1.294978
-3.952126
-1.316711
-2.041446
3.947450
-5.505578
-3.246408
2.811988
-1.570560
5.604273
-4.974689
-3.050415
-4.667456
1.351508
-2.295559
-2.984831
-2.192675
1.236452
-3.029981
-5.086583
-0.328260
1.410411
2.082123
-2.383972
-2.492812
-9.852668
-2.517345
0.794649
4.379696
-4.592134
-4.883266
8.436347
2.313806
-2.500928
1.894109
1.811109
-3.375564
-1.864747
1.188911
5.279672
1.048736
3.099348
-2.145344
-0.186162
0.591513
-4.484932
0.044749
-0.770734
4.370095
3.223835
-2.032224
2.685325
-3.426221
-4.743296
0.648385
-0.578106
0.989700
4.283907
-0.542389
-7.112820
-3.200927
-1.074751
-5.451180
0.500858
8.054110
1.981215
-1.300183
5.071122
-0.642159
-2.123811
0.675848
5.280818
-2.611833
4.392027
7.215866
-2.770093
-4.762268
-3.857037
8.372237
-5.057376
2.470410
0.453660
3.429915
1.677473
2.888472
2.495667
-1.617869
-4.335878
-1.834039
-0.120575
-2.407305
-4.560359
3.196467
1.955293
-0.820207
4.251040
0.324260
4.720644
-1.051788
4.264678
2.488462
0.431039
-2.546602
-3.351213
-5.761321
-0.920181
7.864700
2.298245
0.282788
-4.811387
-6.929298
-7.568698
6.006181
2.449905
-3.608204
2.756186
3.846339
-2.098767
-3.982946
7.095914
-3.905846
5.273958
4.186463
5.183025
6.691174
-2.870261
3.889075
-2.582705
6.998857
-4.606369
-1.875726
0.672954
-7.950354
5.032878
3.606186
0.825685
4.241012
0.871335
-1.169822
-1.256003
-5.848237
0.031313
-0.053718
4.420803
3.812659
-1.253794
-7.141921
1.395171
2.345209
-7.536212
5.142783
0.391360
2.414004
-12.247856
2.838416
-4.701128
4.065335
-2.679580
-3.529141
2.417741
3.056185
-4.679361
-3.948536
5.682148
4.035582
3.929349
-6.475064
3.383401
-4.842676
1.607939
8.082011
-1.082202
-2.207333
1.953012
-2.678422
1.766243
-1.017780
-4.506691
2.193097
0.049268
0.840534
3.222997
4.053767
3.072474
-0.792063
-3.492648
-4.072202
-5.666890
-3.762914
0.369877
3.297503
1.747320
-0.458403
-2.700315
1.804998
-2.778988
2.078155
-1.636237
7.479804
7.012764
4.089087
-9.325452
4.585722
-3.900645
-7.498467
-4.349114
3.208492
5.984637
-3.637627
1.778596
-1.033453
-2.826477
3.599981
-0.341069
3.187594
-5.370808
1.980184
2.402117
7.549417
-2.939104
-7.087542
0.107426
-6.914862
3.330107
5.921503
5.183702
-0.229445
-2.626499
-2.253020
-2.668168
-1.914307
0.153476
-3.140590
-4.386639
-4.337257
-2.404062
-1.542341
1.769816
-13.511622
3.497728
5.958395
-1.819779
1.541113
-5.503806
-1.769678
2.378823
-4.023046
2.675917
4.169582
2.619426
-0.822703
-5.851471
2.743789
4.103770
1.552492
1.793781
1.450373
6.362940
-7.292760
4.987699
1.751141
-4.565852
-2.876623
-6.655447
-4.876433
1.698566
2.598225
-2.763829
6.875370
0.650013
-4.259787
-2.815675
-3.261652
-2.283399
-8.596134
3.218741
1.788715
-2.963274
-0.903676
7.548081
-5.370466
-0.002105
0.166357
-6.064675
-4.196074
4.442764
5.687654
5.846230
5.279134
5.865491
2.951682
1.661868
1.411427
5.262161
4.245090
4.953028
4.274724
-4.792917
-3.330287
4.144777
0.655102
-4.348180
-5.278178
5.734039
0.061213
-4.571857
0.583090
-1.036949
2.329127
-1.327460
5.852139
5.068311
-8.993499
0.752154
2.979630
-6.381576
-2.628858
3.408201
-3.182244
-1.210518
-6.223311
-3.934456
3.142873
-0.031844
-0.641655
-6.965633
-1.741148
1.930124
-3.538356
0.741504
-0.484985
-4.580544
1.126774
2.019063
7.612252
-2.169174
-5.240755
-0.752609
0.624035
-5.048166
-2.350713
-7.541576
1.822744
2.754089
0.842908
2.148623
2.671813
-4.535740
0.935437
-0.249281
-0.677768
3.435236
-3.214720
1.215708
-1.115165
-2.865906
-1.405305
5.963797
2.564714
1.459943
-3.003597
-1.847940
1.121992
-1.680963
-2.162910
-0.014783
-6.066752
-2.658612
-2.407743
0.172244
3.993454
-3.569508
-4.847396
-1.230501
-2.030205
5.281805
-2.945505
-2.158179
4.430713
-2.744780
-2.144681
-2.453737
0.879472
4.074636
2.279786
1.749738
-5.219095
2.079919
-4.513339
-2.469796
-1.361557
3.951152
-8.948772
1.948975
-2.217919
-2.598111
-0.384424
-0.901113
1.844260
-4.163738
-2.706985
-1.994209
5.425617
2.300148
4.215240
-3.980231
-5.531570
2.294421
5.708169
4.000121
-0.919415
-1.532865
-3.516735
3.286323
1.053099
2.255331
2.561910
5.999253
-6.587229
-4.523746
-2.411267
-6.478549
1.403707
5.930531
3.479395
-5.379088
-2.183298
1.960992
2.859389
-1.051684
-2.137979
6.178781
8.541375
1.272098
-6.502204
2.137248
4.462340
-2.534099
10.821362
-3.687815
-4.699760
5.367430
-3.101491
4.224210
-4.512640
1.800046
-7.464939
-0.365273
7.842513
1.081031
-2.270143
0.225178
-0.756592
1.942852
3.027519
-1.364624
0.582115
3.348914
-0.752790
5.453898
-0.471954
-1.613466
7.494250
3.611256
-3.157019
2.084328
2.730016
-0.018034
2.985954
1.752039
0.540930
0.356436
0.843685
1.093389
3.933623
3.123792
6.822055
2.287439
-4.340177
-1.725486
2.572886
7.027139
4.950737
0.281105
-2.664141
-3.050631
1.564793
3.003508
-5.660386
5.552137
2.299297
0.106735
3.292010
1.146162
0.041557
-1.534330
2.654971
4.507017
-1.705704
2.121242
2.161294
-5.693058
0.710129
-0.657962
4.173250
-3.861507
2.831148
2.045152
7.419329
-2.330895
10.782085
-0.963430
-4.065621
3.385402
-6.549995
4.906959
-3.334600
0.180438
4.591923
2.341032
4.483981
4.786571
-4.769770
-2.525016
6.318662
8.735428
-2.211275
-3.146462
4.161743
0.847670
-5.692409
-4.360767
-0.063109
1.969599
6.635490
-0.126739
0.374213
-7.645780
1.325123
7.377560
-1.783775
-0.623022
3.944008
-1.505796
0.166472
9.605242
2.427379
0.914661
-0.942909
-2.666446
1.764248
0.257119
0.924125
2.503090
-0.871691
0.339707
2.172741
-6.214206
2.277615
-5.192149
3.855461
-0.793030
2.851415
3.088578
1.551722
3.004744
-5.020982
-5.153838
1.414103
5.447906
2.716636
-5.433752
-6.475975
-2.379397
-3.129423
0.673130
12.388985
-2.053250
-3.833917
-1.951183
-0.340907
-4.602571
3.357774
-2.424216
-0.555811
6.320856
-5.197388
10.511430
2.585323
-1.489640
-5.237220
-2.082698
-4.323449
5.730496
5.485597
1.515087
-3.083078
-1.382581
0.335035
0.931349
-3.310563
5.884972
4.760396
3.648798
6.281579
-2.578839
1.901375
-2.347616
-4.881365
5.298309
1.023134
2.994524
-2.102758
-2.920671
2.492136
5.404258
-3.206576
5.642413
-0.703850
5.561838
-0.540465
1.716971
8.795982
6.846010
2.094787
-0.653596
3.397407
1.806749
5.091486
-2.330186
0.108363
5.061988
1.839518
-0.137091
-3.526285
8.069072
6.379421
2.815526
0.143753
9.017093
-0.929347
-0.833534
-3.007143
-4.364218
5.095795
-0.829571
1.496505
4.757685
-8.550200
3.037593
2.391757
-1.970957
-3.666425
4.882849
-2.947279
-5.952053
-6.995145
2.528384
-0.705212
4.300680
-2.751905
-0.187113
4.251293
0.927241
-0.924757
6.764446
-0.820015
0.760437
3.078678
3.370787
-5.575784
0.277118
-4.411074
0.349853
0.779627
-1.524007
2.592895
3.751861
1.036609
2.258639
1.114223
1.322956
4.448631
-0.555417
1.835327
-3.957375
-0.957772
-1.971190
0.557148
8.868761
1.002860
-2.978884
-0.260668
3.137703
-3.122392
5.302045
-3.572195
1.529150
-2.506335
2.606735
0.252474
3.866901
2.236325
4.160753
5.640875
6.003890
0.506984
-2.636226
3.171046
4.897253
-2.802214
3.525804
1.475823
1.482788
3.770028
-4.172431
-1.632520
-2.455198
2.752107
2.990568
-5.361434
4.595543
1.119033
0.492311
-0.462933
-1.810386
-1.000435
3.343836
-2.896436
3.611214
-4.302148
2.394207
1.774620
1.634512
0.307186
5.439199
0.301108
-7.354206
-3.517060
2.414650
-3.362571
4.782085
-2.542999
-2.356672
-0.181207
-2.952012
-1.232786
2.693704
-2.712761
-1.646231
2.270263
-4.404153
1.130316
-0.010230
-0.078614
2.374490
1.526091
-2.224958
-3.620451
5.160015
3.729021
5.480979
2.168634
0.291197
-2.776170
3.536954
-4.505206
1.605661
5.340211
1.515012
7.298681
-0.268987
-0.489684
2.849667
-0.984105
5.029418
-0.503068
0.152417
2.121618
3.771568
-6.351159
-4.485321
-4.916043
-0.837759
-2.129801
1.559506
-3.504193
4.730994
-5.687420
6.888315
-2.119784
1.802044
-2.918081
-4.933388
-1.452412
1.970255
3.603743
-7.370231
-0.779193
3.677724
-3.530925
-6.816892
-10.370951
4.533414
5.111793
-2.152862
-4.433153
1.405852
-1.003893
2.919726
4.037876
-2.789736
-1.648160
2.448565
2.971180
-4.459899
3.221268
0.230388
1.468869
5.100619
-2.600317
4.469641
-5.580758
-4.489052
-2.646358
-4.369586
1.800526
-2.456765
3.140708
-2.804333
3.977545
5.830040
-5.481287
-0.235990
-1.741614
4.517854
2.068864
1.283628
-3.891068
2.442206
-1.755686
-3.776165
1.618747
1.467381
3.998215
-0.418890
5.112203
3.096056
5.980961
-1.754114
-1.021507
-5.955908
-2.506214
3.537688
-6.064230
0.787664
-0.339093
-2.849270
-3.687962
1.359086
-6.692552
3.442720
1.252146
-3.221474
-0.490930
4.861797
0.106073
-3.667122
-3.251338
-5.081329
-3.438498
-1.486541
-2.399127
1.664044
0.800253
1.446919
-5.046713
-2.378057
8.382430
3.038400
4.892892
-1.062769
-4.501488
-5.585781
1.551414
5.184114
3.280833
2.361086
0.012187
-1.972705
3.377694
1.315488
-0.597188
-0.621739
-1.809407
-3.135334
4.157250
1.827879
-4.601484
2.579415
-4.571825
1.147632
-1.038385
7.998576
-2.621469
-0.479723
0.425229
4.457500
-8.015804
-1.228377
-2.151056
-2.794208
-1.715425
6.109276
3.878398
5.010251
1.711164
-4.428277
3.823408
-5.650313
3.562049
-4.841467
1.198550
3.923206
3.993395
0.032574
6.516043
-3.674494
-4.666641
-2.153048
0.835576
6.378787
6.648342
1.092182
-6.416197
-4.429343
-2.206363
0.764004
-1.190446
1.826285
-5.861712
-0.288278
-0.764216
0.345091
-2.385309
-2.827451
3.023069
2.232750
-2.762525
2.944072
-7.915223
-5.393396
2.339242
-3.375565
-1.279968
-3.744895
1.071855
-1.473600
-1.005465
0.483931
-2.872472
-0.377375
0.144974
3.191360
6.051425
6.637955
-1.361530
5.480759
-3.649999
-6.313211
-2.899591
-4.660828
-6.212356
0.973310
-3.158248
0.901183
7.718751
2.897423
-2.227266
-4.566811
2.604220
4.681192
-7.216409
-6.992509
4.275353
-1.185684
0.359232
-3.397842
1.783776
-0.822475
-3.920869
1.035903
5.743909
-0.629359
2.978345
1.578015
0.196152
-6.152542
3.712994
1.010506
5.726598
-5.281497
-2.040230
-1.349195
-0.639696
-4.889410
-4.092207
-6.115781
-3.886208
-2.905319
-3.550012
-4.290607
-5.943915
0.172575
-1.081360
0.442579
0.877513
1.956576
-0.080396
-3.451152
-4.170955
-4.246768
-4.541341
0.006294
-3.461121
5.906362
-5.346974
-9.533203
-0.755041
2.766230
3.311468
0.267159
-7.322955
-4.845749
-3.084292
3.716052
-4.427753
-5.331183
3.325103
3.230793
0.613556
1.037847
-2.295622
-2.733520
-4.552272
-0.258155
-2.500702
2.825844
-1.625870
-13.648281
3.002752
0.019096
-3.297993
-5.369890
3.123159
-6.031279
0.744717
6.397596
1.857581
-0.371438
6.240632
-1.647956
-1.562455
0.782856
-1.413038
-3.872895
2.513631
-0.048131
-0.067078
2.651521
1.661905
-3.205961
5.751497
-2.396037
-2.355756
-3.716297
2.255359
5.366998
-6.544698
2.217772
-2.530626
-0.951922
3.536615
6.515040
2.974512
-0.426081
2.660071
3.836897
-1.405744
-0.523158
3.142686
4.542506
4.226368
2.074514
-3.053856
2.044712
-2.290074
4.763051
-7.826333
1.383408
4.352420
2.803093
-2.664546
3.340167
-1.810287
0.299855
-3.148682
0.682746
-1.355681
-2.900280
-4.460425
-1.915547
-2.895521
-0.361404
5.656446
4.125518
1.680916
-2.906201
-3.218066
-7.240810
-4.120294
-3.843354
2.951832
-2.018224
-4.392986
3.740530
3.353512
1.321185
-3.784553
-4.122374
-4.491266
3.260013
3.114302
-1.423552
-7.035505
-12.966602
4.402591
-0.870750
5.196046
1.338234
-5.630704
-0.338341
-1.137236
-4.594259
1.539774
0.781806
-0.615490
2.967974
0.336911
2.030329
5.176301
5.667107
-2.962181
-1.625282
7.694355
6.236125
-4.494794
1.499813
-1.464400
-1.767646
-6.393207
6.853116
3.496858
-4.261682
-3.603691
0.425332
-4.984141
-6.513498
-4.807549
2.299361
-6.850245
-4.131593
-1.818502
8.817740
0.721326
1.260059
-3.221118
1.119301
0.991471
-3.062118
3.520960
6.041525
1.002798
3.131113
-2.807362
0.868423
-5.987902
2.745065
-3.548228
1.048570
1.450483
-2.316204
2.055670
1.873547
0.145522
2.361431
3.657888
-4.716974
5.654152
1.388488
1.342554
-3.494103
3.489509
3.313769
-3.210630
0.971312
-1.999301
-4.128182
0.496690
-0.588612
-3.289579
-3.370132
-7.155200
-0.538499
-2.667408
0.382373
10.879972
0.246127
4.137677
-1.377356
-2.049989
5.941629
-3.679842
3.300779
4.827406
6.223072
4.313155
7.841950
-3.220050
-3.580338
-2.181552
-2.288472
6.886958
-2.682380
-5.898628
4.629020
4.846202
-5.647164
0.032443
6.701581
0.142037
-3.168262
-1.568495
-0.239088
-2.220823
-2.456913
2.515276
-0.446742
-1.540923
4.516401
-1.648116
1.875208
0.748637
-0.619911
-0.150886
0.732932
-5.976086
4.211467
2.442564
2.501435
-0.317126
2.675161
9.731688
2.332264
-2.458766
1.254119
-3.847315
-0.036467
2.336361
-2.664269
3.914336
7.791734
0.424259
-0.932141
2.271791
2.069945
6.086998
1.130996
-5.791194
-0.523216
0.288472
-0.994710
-8.583616
-2.623796
-0.389625
6.813128
-1.659488
0.278442
2.091195
-2.983930
5.554383
4.729778
-3.913619
2.163109
-3.044227
2.164528
2.841073
1.479447
-2.851978
6.054189
-1.017594
-5.058170
5.681670
-3.635818
3.057248
-5.320177
-5.254110
3.932942
3.148433
-4.718194
-3.169487
2.907096
-6.321806
3.144646
-2.184602
-0.098613
2.513173
-3.561099
-6.659289
-2.256278
2.643872
1.471136
-2.663145
-6.736860
3.905615
-4.353414
6.753143
2.541820
5.030294
0.279184
-1.900969
1.841701
3.429626
1.351642
-0.242433
-3.613128
5.142715
-1.893534
-1.762146
-4.311187
-2.528720
2.233987
0.881911
0.526118
6.157659
-3.144153
0.565916
3.143015
0.962230
-3.658764
1.075674
2.353456
-4.036233
-1.643496
-1.509605
-4.526678
3.538508
-3.175940
6.470868
0.853653
3.232516
1.679826
-1.277847
2.893334
5.403018
4.333597
-8.054383
-5.032092
1.149108
-2.736264
3.368577
0.680652
-7.985947
4.804928
-4.724826
-0.135742
5.071379
-4.086145
1.472962
2.593615
0.128376
-7.068662
3.032592
-5.273567
-0.900893
-4.813052
0.268255
-2.739978
2.554140
-3.105945
2.807618
4.292730
-1.432666
0.865033
0.470008
3.455097
-0.237865
3.086933
-4.303985
-2.319363
-3.839170
-7.576072
3.416532
-3.514442
-5.642507
4.839162
-0.818884
-1.772401
2.975313
2.847150
-8.018001
-0.336054
-0.507567
0.605966
-1.422309
-6.375905
-6.013467
5.393273
0.953857
-5.456568
6.126618
-4.054812
-3.409683
1.831543
1.078042
-1.533692
-1.809904
-2.940101
-1.853876
-5.290861
-5.124085
-0.359826
-4.399060
-0.469814
-4.780571
-1.587574
1.972396
-8.326805
6.635283
-0.703942
5.472442
0.506286
4.751079
-3.153967
-4.814761
1.080227
-1.189248
1.105511
-2.491796
0.912826
3.817745
1.349410
5.657302
3.355140
1.924566
3.417526
-1.878742
-0.947470
-7.022792
1.525765
2.472859
-6.360902
-4.787711
-3.002862
-4.713333
-1.849446
-1.901806
5.822638
1.128981
1.232679
-7.465408
-3.439623
0.770939
-1.084482
-6.357728
5.338544
0.853007
-7.755851
-2.725896
-0.585459
-0.442490
3.096236
-0.284775
-3.572738
1.098953
3.153208
11.278916
-3.046149
1.203018
-0.983175
-2.337005
-10.152279
-5.569714
-6.471873
-9.031919
3.561513
-1.059030
3.706759
-4.300852
5.246021
-0.930800
-5.638299
-8.323372
0.173418
-5.676322
4.138611
2.488161
3.141097
-0.566285
-5.202470
0.390177
2.604252
2.220244
-3.383954
-2.585263
4.330116
-3.166530
-2.410173
-10.081899
1.146419
4.540619
-2.501640
4.904357
0.732373
-2.678507
-2.450786
-7.383969
-2.650683
-3.841162
-0.022901
-2.800612
3.470913
5.537389
-1.346652
4.835546
6.786547
-3.411008
2.286213
-4.425942
-6.266931
1.188149
2.438853
1.072825
6.253679
-2.012475
-1.367897
4.340109
-0.298659
-5.894572
-0.860848
5.511040
-6.074011
-1.780570
-3.458082
3.469700
-0.439847
1.761713
4.109020
-1.601507
1.045817
2.025550
-4.343171
2.344843
0.858850
1.376112
-3.797961
4.935653
-7.075482
-0.530088
5.503760
2.413866
3.701414
1.523883
5.517166
-0.541703
-2.308086
0.763724
-1.039779
-1.839589
-1.355446
-0.629621
7.123607
2.639715
2.942957
-4.747388
-0.878226
8.051668
0.188175
-2.182035
7.526817
7.962954
0.867366
-7.933355
2.964465
0.408860
-5.266384
-4.990452
5.634357
3.598996
-5.397701
1.205247
-3.047367
-3.972076
3.976244
1.198316
-1.843626
-0.056945
-2.207052
0.262787
-5.747050
2.143867
-4.646415
4.708104
-2.761038
5.380147
-2.303499
0.607380
0.675009
-5.399879
1.981355
0.299496
5.131353
3.262023
-4.578661
-3.176456
-5.978309
1.766627
-5.099021
-2.128236
3.430105
-0.992707
4.533337
0.257513
-3.810008
-4.697146
-0.285780
1.371006
3.190998
-4.550103
3.843259
-2.084536
-2.086992
-8.633967
0.527405
-2.795977
1.849470
3.989117
-0.840597
4.579724
0.273254
2.681185
-0.985473
1.080745
-3.828937
-7.638420
5.334847
0.816426
1.717908
0.101344
-0.349035
-1.926975
4.987336
-2.954518
1.943837
2.053104
-3.887917
-4.685369
-3.935932
1.544863
2.865610
-0.645362
-3.936869
-3.656706
-5.439216
-0.687993
2.688321
-3.146692
-8.544666
1.455897
2.251296
-7.711847
-1.637238
-3.808228
1.696704
4.907734
4.463258
-7.279489
-1.346936
-10.460349
1.426118
2.346505
4.376653
0.349301
6.518408
-1.286806
1.069226
3.589826
-5.445382
-3.848739
-7.902692
-7.897932
3.614315
4.427012
1.647499
0.195356
-1.510262
-3.968992
-1.341781
-3.353875
6.499158
1.052890
-3.357165
3.690165
-4.878035
5.521172
1.209723
-4.486454
4.586159
6.671145
8.457611
-4.564506
1.551744
4.532626
3.042544
1.899726
-4.360548
5.018182
-6.840521
-2.070342
5.631014
-10.733369
-4.811287
-5.306394
5.443356
-2.465408
-7.085479
-1.297703
-0.953424
-4.025914
1.357068
0.592599
-3.902870
-7.310505
3.936159
3.590970
-8.909064
4.998354
3.342862
-0.689670
-2.055215
2.031011
6.658767
-1.755821
-2.861260
-2.646208
1.061005
6.101798
-4.650331
-2.460384
-2.327650
-1.816153
-4.635734
1.942559
-4.104035
-4.421905
-1.861835
-5.120241
2.829778
2.286652
0.208890
-6.343998
1.053456
-4.013161
2.361076
-7.185939
5.330887
5.358386
-5.422146
0.024473
-2.392711
-3.009524
1.570060
-2.573730
2.911081
-0.184842
1.017404
2.058677
-3.672741
1.158086
4.854577
2.932875
4.613058
-2.834107
0.720090
-3.889377
-4.335718
0.269196
-3.483799
0.256401
-5.343432
3.725100
0.789056
0.529057
-1.923587
-2.331897
3.854388
0.602062
-1.075118
-2.374928
-3.228975
5.995536
-3.807041
3.512082
7.126202
-4.262502
1.842879
-5.010978
2.052186
0.808860
1.218122
-3.697337
-3.438381
-4.384188
9.619591
-0.620186
9.004375
-6.764608
-6.119884
-0.000561
-5.535702
-3.713722
5.219711
2.126932
-4.834120
-5.856487
2.398773
7.866219
0.335640
0.003963
5.427863
3.201920
-7.907052
-6.778697
-3.188771
4.956946
1.114668
10.736397
-1.220286
-6.528280
-0.040094
0.575006
-2.785049
0.604663
0.528211
-1.216291
-3.828631
4.414683
2.484508
-5.067262
6.616812
5.047026
-7.154589
0.343463
2.292847
-2.625424
6.882751
-1.583026
2.667925
-4.249107
-1.804907
-5.520254
-1.115559
3.139494
-3.150339
-1.708064
-7.269892
-2.762841
-2.251454
3.154120
-5.957193
0.767877
1.358072
-1.559433
4.632951
6.324175
1.416578
-4.938909
-2.431827
-4.130096
1.696053
-1.677982
-2.971133
-3.582678
-4.004054
8.221462
-1.104247
1.253246
5.770818
1.603237
5.212969
0.417969
-3.496485
0.456848
-3.396619
3.810947
0.019481
3.584376
-4.090436
-6.292314
-5.499301
3.078791
3.562788
3.836626
-1.706989
1.726929
6.255568
-0.958530
3.467248
-2.852976
-6.845214
-1.511422
-0.995088
5.611565
-2.485108
-0.210327
-4.193123
-2.244234
1.615625
-0.903235
2.507481
-4.521975
-1.799047
4.260689
0.322688
-6.722157
0.820065
-2.706050
1.208128
2.847129
-6.073284
-2.071038
-5.535287
0.389297
5.562216
4.431626
-6.358609
1.584281
5.564716
-6.687589
-9.045835
9.008838
0.479705
4.968242
-5.134199
-2.570279
0.049086
-0.790495
3.864043
-3.313276
3.844554
1.727758
-3.474301
-8.102179
0.658761
3.678106
1.800031
3.425047
-3.262917
1.386461
-0.956806
-11.192134
-3.788391
-0.789720
1.071806
-5.617623
-2.088929
1.313704
3.140041
-5.815363
-9.362374
-7.199557
-1.728673
3.135254
3.102895
4.272196
-4.944415
-4.068827
1.934166
-0.532071
-1.286481
0.429814
-2.587495
5.242091
-0.813968
-6.715245
-3.348741
-3.167711
2.516442
10.225718
-0.502720
-0.729287
-3.028196
3.174479
-7.358934
2.598123
2.155303
-7.805092
6.220696
-4.184255
2.640939
-4.196419
0.420079
4.132614
0.769687
0.325344
-4.882833
3.661944
-6.170363
5.160039
-2.301375
4.835814
3.855870
-2.958534
-3.900407
0.902626
-0.394549
2.106378
5.266588
6.271248
-4.243119
-6.728524
3.811938
2.770753
7.539897
4.840783
0.382471
3.122549
-0.738088
-6.662325
1.325770
-2.288804
-2.481293
1.443434
6.323245
2.902731
5.262608
3.317767
-2.209403
-0.509856
-3.212531
-6.495581
-6.798233
-2.962929
0.451148
-0.857396
-4.024707
3.883229
2.654447
1.585960
-0.238595
3.455662
2.381010
-2.506105
-3.866627
-6.227163
-3.595301
-6.740294
2.590743
-1.250395
2.030016
-2.551504
5.678047
-6.108959
-8.974722
-0.124202
-1.779709
1.712876
2.513554
1.947320
0.079004
4.631886
-1.880148
-2.183961
1.230519
-6.120128
2.139382
2.346285
-2.853929
-2.074089
1.368342
1.780171
-0.870288
-0.851490
2.387137
5.090544
0.368494
7.360409
5.239866
-2.336062
-4.647216
-4.393907
-4.280096
2.529690
-1.822058
-0.388762
3.417748
-4.149445
1.035860
-1.839095
4.523448
-0.793367
-0.439387
8.897285
3.685154
-2.422394
0.205167
-2.050463
-7.009683
-0.680150
-1.883564
2.840768
3.814637
-1.586222
6.314586
4.117721
2.220854
-3.910617
-3.223182
4.938276
-1.432348
2.404169
4.373693
-0.973759
4.166814
-2.470275
-7.696630
-1.382816
1.338101
4.825794
1.159489
1.203959
-1.891101
3.253167
4.406515
4.546133
6.269759
-1.790271
5.905051
4.234761
-2.379254
-1.796956
-0.970190
2.287768
3.447165
8.784798
5.339029
2.087467
2.772233
-3.891245
4.875551
-3.872585
-3.518090
-3.557184
-5.140490
-0.594665
-3.855606
-2.901016
-0.566889
0.979210
-0.118209
2.722948
3.462062
2.014488
-2.486193
-5.707769
-8.642357
2.697236
1.807257
0.762484
-5.754765
5.289327
-4.959200
4.842264
-4.123066
-1.906382
-0.575163
-1.565338
4.854152
4.595265
5.817839
-3.433564
-5.135137
-0.213327
-0.651573
-6.209942
0.146608
-2.892524
3.534612
5.024298
2.270702
-4.986045
-6.544251
0.557906
5.719875
-0.616179
-7.850150
-4.160707
-1.360560
-2.250718
-4.676395
2.955759
3.813775
-1.311647
-0.900914
-2.475591
-2.696019
0.990889
5.530511
-0.010263
4.858951
3.685131
-4.249407
1.684100
-4.008787
-1.893801
-3.885717
-2.732781
3.466773
5.630168
2.004400
-2.566269
-6.113013
4.072283
5.261677
-3.416866
1.909166
2.571092
2.039523
3.851777
-0.265056
-2.364027
-1.318408
2.506033
5.851673
-1.489535
-0.315330
-4.694887
0.789902
-1.162853
-3.797024
1.705108
6.903934
-0.898475
-3.886637
-0.449542
-4.542673
-3.446708
1.586156
-7.192423
8.401637
-3.211443
-3.694521
-8.550073
0.010650
-1.254455
1.903498
-2.477334
-0.502225
-0.953078
0.962860
-5.611640
-5.844893
-2.701572
2.478522
-1.943804
0.584523
-0.598577
-5.735538
7.258849
1.642614
3.094854
3.268015
7.640014
0.502037
-1.206259
3.722718
4.777310
-2.333622
6.128055
0.002816
2.832041
-3.488216
-7.419959
-0.998135
3.022991
0.503176
-1.283808
-4.313960
-1.824591
0.215285
3.959703
-0.477667
-3.482853
2.686834
4.888086
0.660513
8.645244
-1.709279
0.963336
2.487197
-1.757605
-2.921972
7.607496
2.101519
3.380630
4.769892
1.423529
-0.255756
3.035901
-1.660782
-2.900277
3.640351
-8.266958
-1.620990
-1.058865
-8.121895
3.630831
-6.688192
-1.244723
-3.012154
-0.691074
-3.599108
4.517598
0.816322
7.399356
-1.121011
3.141912
-2.351391
-1.127924
5.247139
-1.654370
0.821811
-4.768665
-7.468808
-4.909514
-1.179044
-2.002702
0.169525
3.251756
-1.580976
0.626944
-1.722916
-0.051411
-6.508580
-6.381173
-2.286070
3.790976
2.224515
-5.004100
-3.051680
-2.580269
-2.260185
-7.322461
-2.854266
-5.839002
-0.457488
-0.843987
4.840449
5.945267
0.107125
4.435957
4.107749
2.852633
3.033118
4.195025
4.851228
-4.229229
-0.398911
1.127779
-0.339106
0.987765
3.250480
1.906622
4.138987
1.808890
4.544141
-2.192694
-7.144029
1.095976
-5.418833
-5.882067
8.275886
1.636482
4.624017
0.750025
-2.088249
-3.889086
2.265887
0.968680
-2.763387
2.963784
-9.227679
3.640342
-1.499707
5.750274
4.142779
3.049033
-7.014998
-5.039984
-2.346105
-4.701546
3.809265
1.486688
-0.622474
2.714558
-1.487044
7.279223
4.299028
0.169338
6.297604
-1.052384
1.990432
-2.487235
0.718110
4.463515
-4.606371
3.099050
4.059695
-3.753165
1.279497
-3.286493
0.576810
-1.746285
0.796694
-6.640683
6.884492
-3.739771
-0.657697
4.117735
-3.189196
-0.224251
-2.614231
1.495631
3.211872
2.640496
5.897937
-1.575320
1.728719
-3.175414
-4.257742
10.154160
0.950168
1.962240
9.022052
3.269713
4.622358
-7.156095
-10.574542
-4.137035
0.625938
1.417948
-3.413603
-1.104121
3.824555
0.834168
0.299318
4.582834
-4.337075
-0.477414
-6.882842
-0.865823
-2.168703
0.284686
1.758005
-2.489874
-4.758993
1.141549
-4.106979
2.544680
-4.705536
2.707456
-5.234162
-2.218939
-0.937167
0.997441
3.189404
-7.357427
-1.810821
5.815248
2.437552
-6.646448
-6.264264
3.483129
-3.142236
3.508924
0.417401
0.659774
3.339165
-2.772056
0.208850
1.845597
-6.460261
-1.951763
-2.777640
-4.392192
0.663618
-1.426400
3.581293
-3.317090
-2.262757
7.879421
-5.301176
-5.145473
1.503092
3.745277
-9.701775
3.678871
-4.242507
1.094303
2.951730
3.228082
7.214701
-1.709669
2.330859
0.735994
-5.738601
0.679602
-2.549813
-4.719360
7.260728
4.639847
-4.556201
-4.765706
-0.556311
-1.222558
1.675915
3.539097
1.292412
1.721286
4.866522
5.346320
1.911427
-10.267267
4.746088
0.425668
-1.880757
2.276766
-3.260109
3.052513
1.263599
3.967899
-2.572144
-2.593361
-5.531713
-4.821985
-3.933590
6.626733
-4.294069
-3.316779
-4.734627
1.780147
6.336746
-1.106006
-2.819099
-2.817875
-1.294715
-2.027779
1.741048
0.638128
6.381234
3.931731
-3.686045
3.262209
4.269245
0.203505
1.364105
-1.329736
3.763189
4.326304
0.935852
1.648738
9.466244
3.452616
-4.070417
-0.393086
-9.766441
1.428012
-5.743690
1.165428
-3.355148
-1.629648
-0.342876
3.724890
3.136758
-2.979702
-6.113321
-4.868062
-3.113842
0.737803
-0.778377
-0.014162
-2.027203
-1.392234
-2.541552
-1.891914
-3.698451
4.740538
-0.742556
5.178263
-1.490201
-5.603159
-4.173255
-2.860927
5.372384
1.169409
0.249950
3.665174
6.211497
2.501658
-0.218663
-1.204144
4.162335
1.445286
-3.864722
4.456864
0.451811
-3.278337
5.985471
3.876925
5.153707
0.542583
1.277588
2.079665
2.537894
4.998636
0.543083
2.603458
0.926587
4.696057
-4.784598
3.046077
1.046497
-0.357927
-1.211274
-4.949843
2.472936
-1.831872
-3.622116
0.662535
-1.512752
-3.120229
1.292027
7.288074
3.295409
6.581212
-6.412874
-4.445150
1.017495
1.063818
2.432283
-4.789874
-1.319183
4.144170
1.659658
-3.135385
5.086229
6.678389
3.551913
-1.551662
-4.767485
4.044029
5.634668
-6.100736
-1.262134
3.956425
-3.049619
2.327852
2.817687
-5.418329
2.527417
1.354984
2.916312
-1.967302
-2.559237
-0.029249
-3.998976
0.119282
7.733862
0.237774
0.332981
-11.046080
3.939452
-5.215311
5.984516
-2.383109
2.490036
-2.268390
-1.924271
-3.646796
2.522206
-2.453072
-3.739281
5.705286
0.742858
-5.143925
3.814531
-0.810792
2.658695
0.371191
-6.471979
0.273433
2.564264
2.403079
6.338974
1.746151
2.387136
-1.772574
2.892196
-6.222392
-0.762208
2.188844
5.180290
10.068273
-0.220557
-4.183663
5.924332
0.678640
-3.989611
3.184051
-2.025243
6.152607
-2.301451
-4.733710
4.928450
0.695930
0.759602
3.730140
-4.407518
8.345075
0.981580
1.227735
4.955709
3.890904
-1.523166
-2.325434
-4.499248
5.303466
-3.857789
-2.955086
2.248317
4.534125
-5.705188
4.870971
-1.544963
-1.155162
6.998822
0.317054
-1.078413
-3.752747
-5.223026
-5.097756
-2.711508
-3.149993
-9.496820
3.047494
-5.286224
7.975383
0.579268
1.138708
-10.934926
6.473399
-2.645233
-2.388265
-4.931406
-1.176782
-1.506898
2.586326
-2.334058
-0.410371
-4.584261
5.528282
-2.587507
-2.624205
7.785304
-0.541964
-2.727098
-5.470289
-0.271612
0.260881
6.178246
-7.328599
0.217263
-4.189313
-0.010477
-5.009574
-1.667403
-6.222725
-5.688921
-19.226807
-0.329293
1.512689
0.059950
3.972089
-3.650617
-5.120486
-7.238059
-3.667711
-0.147101
0.402209
0.192007
-3.954669
1.616653
-3.576283
-4.720483
-4.894779
-1.808960
1.551759
3.846022
-5.016561
-2.342229
1.756168
2.210864
1.403740
-3.727719
7.455500
-5.747943
0.524601
-1.878435
-2.684661
-2.728369
-1.538610
4.362896
-3.640026
-1.950919
-5.604220
4.271845
0.776616
-3.701065
4.206170
-0.633306
-3.417774
-2.633142
-2.574847
1.198328
0.941914
2.813725
-3.245424
-2.634894
0.485478
3.726969
-1.966744
-5.694491
-6.708666
-1.774854
-0.427636
-3.077985
-3.045758
-1.158720
0.077134
3.522921
3.144669
3.273771
1.941234
2.539667
4.560474
-8.622600
-1.795170
1.343173
5.499533
-3.975824
2.278566
1.921363
-5.928244
3.271003
2.940438
4.733323
-3.380218
-4.575206
0.612120
2.420228
4.756824
3.834251
0.951399
-3.218138
-3.193870
-1.923214
-2.764721
-4.289551
-4.059819
-3.091093
-9.708130
-4.545984
3.612012
-1.443522
-2.327569
3.960412
1.209855
-6.815201
-3.423520
-6.992377
-4.956938
3.688768
3.175627
-5.940262
0.855936
-0.472629
0.940722
1.451385
6.205357
-2.230163
1.779741
0.919957
6.022978
-5.129583
-1.841936
-1.594952
2.530882
5.857305
1.138849
-3.445012
-1.380973
3.887065
-8.225311
-2.105867
-2.189572
-1.954708
-6.518384
-3.924629
7.590155
-2.616763
1.784639
4.931041
5.742898
-0.458922
2.065993
3.749301
0.134839
1.347713
-2.290488
4.381508
1.337784
4.620989
-1.310552
5.327616
4.006409
-2.523783
4.396420
2.598062
-5.607202
-0.948805
-5.694823
-0.620878
4.668010
-5.656543
1.485057
3.967607
-0.112579
-6.739823
-0.997408
0.768923
-0.696680
-2.118421
5.296530
3.932806
-2.081738
-4.485470
-5.140452
0.477223
3.952276
-1.431744
-0.847177
-5.160969
-0.116942
-0.905378
4.045643
-3.563975
5.016020
3.343360
10.211713
3.921696
-2.502443
5.325583
-2.659539
-4.001802
-2.814833
2.245816
5.460826
5.829075
-1.318542
3.556528
-6.386344
0.909597
1.926682
3.242893
4.035823
1.430622
0.468663
1.740530
8.557965
2.850247
-0.195232
-2.581486
2.291622
3.526870
4.910586
2.480476
2.441127
-3.715424
2.859545
-1.852826
-2.975918
7.670300
-0.114842
7.118956
0.210898
-0.563819
-4.058134
-0.342903
0.412356
-1.730763
-2.901308
-0.007739
-3.110837
2.907953
-2.872604
0.883495
-1.739021
0.276627
-3.734456
0.937049
7.258349
1.583979
-2.881401
2.515734
-6.072579
-4.223897
0.399830
-4.219417
5.572368
-3.585778
4.846680
-6.310991
0.119107
3.082041
2.882114
-2.325338
-2.074064
-4.128843
4.762874
-3.493998
2.508876
3.462600
-1.379718
-1.725350
-1.988842
-4.099642
5.119016
0.633224
2.890540
-4.558668
-2.457087
-0.428442
2.011033
-1.829106
-4.717017
3.490346
1.835821
2.759168
-0.560171
-0.064925
-3.999596
-6.055129
1.903225
1.701637
8.479378
6.014243
5.143233
4.154792
2.575864
6.874520
0.275493
-0.265023
1.082239
5.041274
2.493890
6.030550
2.099791
7.241946
-2.730686
-2.754974
0.216499
-1.951347
-0.737759
-0.142161
4.334043
3.522564
3.512769
10.386229
-1.604640
3.189207
-1.780551
-0.649239
0.538753
-5.398281
-3.246827
-0.549322
-1.164079
7.192481
0.910745
-1.189378
-2.245208
1.582054
-2.858848
1.251943
6.205550
-6.707882
0.729836
-2.170811
-0.270739
-1.482272
-4.422707
1.143324
7.733556
4.568554
-3.388872
1.479888
-4.402880
-4.103843
4.406104
-1.652910
-7.229300
0.759644
3.687709
-3.138390
-3.841568
-2.767433
-2.350084
0.546993
0.420352
1.216743
-0.389003
5.253440
-2.035042
5.024773
1.240966
2.156657
-1.898051
4.800639
-5.905708
1.283867
1.138906
-0.590575
2.061128
-0.576976
-0.350716
6.987772
4.228204
4.344834
-10.730872
-8.865333
1.156665
4.261582
0.584680
-3.396312
-8.974244
3.525594
-1.943879
-8.728488
-4.546257
-10.014857
-3.105496
1.005808
-3.012405
-0.290477
-3.969598
0.498820
-2.559415
-2.571989
-2.370680
2.944994
3.091109
1.485288
1.203581
7.741745
-5.372549
-1.732896
-3.172623
-1.427278
-0.866163
0.330824
7.626462
1.382159
4.883692
-4.343917
1.842543
1.274040
1.780250
-2.118464
5.342785
-4.466696
-0.831921
3.387169
4.487443
-7.048725
-5.724267
3.036341
3.649541
-1.159666
-3.705226
6.684925
-2.768719
3.167295
-6.244240
-4.848781
-4.551858
1.027139
2.844781
-4.847456
-1.735734
3.735579
4.972919
6.152703
-3.815994
-4.718827
3.723692
-0.610682
4.510159
-0.684442
-2.053894
-7.667067
1.965722
6.150451
-2.045326
4.286671
4.731693
3.807274
0.787134
-5.543779
3.751600
0.159479
-0.415147
1.964084
-2.067924
-2.904853
5.877623
0.628141
4.003067
5.848229
3.487360
-1.219450
7.339390
0.186438
0.918954
5.609280
2.201748
-4.461549
-6.293517
-1.644835
1.035287
-5.744389
2.111538
5.326723
-5.063910
2.633487
2.567748
6.670675
-4.506067
6.511172
0.747107
1.696539
4.536491
0.816665
-0.633205
2.444329
5.058175
-5.686508
-4.459956
-4.194876
4.529289
1.954643
4.506210
7.099150
-5.292694
1.525694
3.466082
-3.343573
-7.334665
4.463771
-0.308319
1.880412
3.416152
-4.415067
6.250753
-1.217908
0.537372
0.594743
-3.440890
2.356699
-0.079926
-2.924577
1.222707
-1.242973
2.876906
0.317076
-5.770452
0.403167
5.768247
2.022466
-2.155345
3.277514
6.993927
-8.423100
2.054343
5.742290
4.878455
0.011491
-5.339645
-3.608176
-1.653298
1.816208
-1.622247
-2.948165
2.986675
0.079098
4.145239
-6.094715
-0.896737
-8.143929
-1.100249
-5.999952
-7.162347
-5.367931
-5.303992
-1.329909
-3.030102
-3.062529
-9.072822
2.075834
-0.374740
-5.222377
1.323061
3.045317
3.138356
-1.436635
3.428061
0.955290
-4.917064
-0.737401
-4.621255
9.378473
2.114960
-4.854056
-6.813280
-6.565859
-1.339350
4.494612
2.375640
6.990348
-3.725583
-2.144892
-0.078793
4.276556
5.882241
-6.611495
-5.191809
2.256463
-2.450971
-0.939656
-0.521560
-3.102050
4.141795
3.606091
4.181707
4.182227
-0.754261
2.459447
0.880408
-3.757843
-7.455634
1.190070
3.085886
-0.530873
-5.346849
1.257343
-5.292132
-0.592460
1.871187
-7.802833
-6.285408
2.656967
-1.341031
-1.222432
-4.293576
3.073268
-3.941563
-0.509400
0.935260
-5.561457
-3.739971
-3.853240
1.672676
2.146189
-5.280764
2.890379
3.148464
-2.072606
0.015299
-3.025150
0.896132
-2.792886
-0.065016
2.870382
-4.931381
-2.856100
-3.191090
-4.548998
-4.945583
-0.707214
-2.177643
3.886674
2.715937
-5.250438
2.076229
-5.290513
1.590514
4.437578
1.317412
-1.729599
3.980017
2.172467
-2.578789
3.599102
-2.800349
-3.679385
4.333179
-0.991019
-1.264722
-1.399151
-5.984683
1.124268
-0.585586
-1.253133
0.402217
-0.494523
3.464743
2.258787
-0.160361
2.718842
3.497387
-6.184550
4.241525
-3.070704
4.726140
-1.632225
-1.097039
4.760852
-6.853188
1.178811
0.625838
3.956448
-1.279859
-5.721032
-0.762700
-0.709262
4.864774
4.479174
2.929882
0.485780
4.853191
7.522862
-4.355007
2.275973
0.585996
1.107551
3.769686
-2.590072
-0.405372
-1.256765
3.757243
0.912421
-6.853864
-7.390928
-1.498520
-1.669460
0.486331
2.402479
-1.063344
-2.417372
2.983871
-1.968595
2.062819
0.247510
-6.104531
-5.388694
-5.578419
-3.213891
-5.249566
2.096438
-5.205998
-8.353463
2.134265
0.670620
2.023382
-4.611001
0.347192
-0.295609
-2.508646
-1.662614
6.921068
1.945863
0.364307
-2.615856
-3.314410
-3.224460
-6.225763
2.720780
-6.781054
-0.973449
-2.774577
5.429922
-8.204079
-7.182781
-0.178295
-3.958039
-5.654609
-5.598403
-0.567702
1.024183
2.509722
1.145738
-0.791146
0.187961
-5.404975
5.709597
9.909531
-4.186918
-0.997713
-3.026970
2.703310
2.311280
-2.038116
-1.169139
-4.180565
-1.779301
-3.401752
2.958739
-4.664501
6.833089
0.881193
0.036641
1.681908
-4.850192
-8.560647
-4.450559
4.561816
-0.740610
0.753700
3.392051
-0.944854
-0.462263
-7.119257
-2.218633
-0.534217
4.344151
-1.019567
4.042293
-8.037455
-0.008396
-8.408666
-0.258953
2.810391
3.556416
2.975968
6.255147
-0.831314
-5.429199
5.591305
-1.018998
2.830105
1.505800
-4.897164
0.367058
-6.569730
-7.512798
2.547834
-3.505959
4.328673
-4.563304
-0.730161
0.289643
0.901978
3.953820
-3.584816
2.643661
-1.430817
4.197842
-2.870433
-4.342910
0.074492
0.421223
-5.199033
2.129015
-5.733480
-0.874528
1.643133
5.615455
5.290304
1.987949
-2.944496
9.663441
0.549077
3.590979
1.754986
3.869601
0.164105
2.406199
1.412880
4.042617
-6.744955
-6.631022
-3.074159
-3.984370
-1.161787
-4.549342
-1.215921
-2.841261
3.826106
-5.224818
4.879861
3.256495
4.356834
-6.009817
-6.652618
2.203921
2.418778
2.734720
-3.748593
-3.665594
-2.802763
-2.577660
-2.202431
-0.317072
1.729160
-0.286066
3.408554
-0.287904
1.849155
2.339699
-1.748219
-1.256586
-1.722213
-6.792400
-3.454827
-4.859832
1.221302
1.593629
-0.654036
0.255990
4.197640
4.996108
-4.030799
3.114838
1.441406
3.019534
-2.053235
3.644244
1.449860
-4.162509
2.508167
1.357422
4.308314
-6.717932
-0.482433
2.923752
-1.005734
-0.220547
-4.607916
3.094475
0.404903
-6.788754
-5.877364
-1.528360
-0.829154
-3.071915
1.212254
-5.013654
3.312939
-5.707377
1.436104
1.647724
-2.622689
-3.215310
0.931754
5.222905
-8.641006
-4.872774
3.268037
-0.861072
2.949823
3.120097
-2.507919
-6.035388
5.396974
-4.088546
0.939572
-0.571453
-0.999474
-2.181395
2.064863
-2.618629
3.919026
-1.298831
-0.055151
4.828474
-1.669061
-7.107905
-5.072700
-1.719760
-2.282635
3.850867
-1.019621
3.280815
-0.075716
2.905761
2.259530
5.939678
0.345143
-8.277178
-3.903479
-2.591333
-10.160386
-0.074700
3.663532
8.194510
-4.182026
1.887356
-6.459135
-8.603312
4.392884
-5.178099
0.393273
3.967239
-4.199289
-6.678041
-2.488101
-5.770891
6.293704
2.107522
7.069420
-3.205431
-1.645396
-2.993973
3.660504
-1.121799
2.876102
3.661366
5.792322
-2.616866
4.436951
5.462965
-2.028228
-1.127554
10.061175
1.523972
-1.360537
3.015457
0.725742
-2.403198
-0.696268
1.607992
5.192579
-6.674146
-4.650051
2.347294
1.582582
-2.818558
6.514303
-0.271687
-1.075335
0.750058
-0.469965
6.050336
2.513758
2.895455
1.474424
3.479519
-3.558625
2.678138
-4.648450
2.783098
7.058867
-2.058440
-1.463237
-3.393192
-2.930992
6.220215
2.119288
-3.372098
1.486794
3.105584
-1.037099
-0.930246
-5.547288
0.667204
-3.974807
-2.158787
7.428240
1.914206
1.343292
-4.333827
-2.764706
1.088050
-2.695914
-2.632778
-2.591808
-1.676182
-3.712877
-0.995985
-2.472916
2.009125
4.574887
2.287832
1.663535
6.074824
-0.490910
2.018273
-3.069538
-0.828955
-1.690672
-9.044603
-2.298739
-0.989465
-1.984069
-0.247225
5.738737
-2.296875
0.634390
-3.080610
2.721807
-0.386226
-4.518353
1.311891
4.373960
0.749145
0.509489
1.236298
5.418126
3.313549
-2.860252
-2.117442
-4.629364
4.062020
0.279465
-4.124744
2.578640
-2.735212
1.782999
-3.990590
4.045620
-4.063206
-2.282931
1.421675
-5.220166
2.026382
-6.363802
12.484375
0.349570
-1.829407
-3.372181
-3.708446
1.967707
-4.828643
1.245335
0.648861
2.172225
-0.778596
7.105542
4.782977
-0.782977
3.956605
0.767922
-2.074050
6.521077
-1.750635
4.933323
3.479629
2.405814
0.913102
2.022441
-3.682401
-3.281072
-4.012115
-3.322481
0.835737
-0.685510
2.561264
-0.545471
0.057815
2.442042
-5.515209
-0.946210
1.967588
-1.342635
-1.806620
0.576496
2.404988
0.283994
-0.381109
4.989341
-1.100881
0.238275
2.818838
-5.575303
-6.453432
6.208815
2.675847
5.019412
-2.129457
7.588551
3.371719
-7.403026
-2.965171
-0.947428
-5.002197
-5.768244
4.509415
-0.516344
0.500599
4.819944
-1.337191
-4.664275
4.248334
9.479040
-0.547904
3.777300
5.372694
-2.885130
-4.532291
-1.801140
-0.583617
0.968365
-2.133932
-2.618989
-3.920096
5.001883
0.196068
2.225251
2.064221
1.425371
-4.750824
-7.492792
4.566573
0.959544
1.601295
4.544866
-3.766169
3.449450
-0.280295
-2.656007
4.736599
-6.444590
1.841495
-4.537525
2.813829
0.753635
1.915440
0.240947
-11.077581
5.245579
0.683329
0.755562
5.135338
4.152599
4.792735
2.471386
-2.948885
2.139838
-2.250362
-4.487267
-4.146100
3.166249
2.542061
0.857102
-0.395143
-2.256459
-1.116103
-1.961668
1.197019
1.040331
-2.878399
-2.220596
-0.202292
-0.882862
5.882164
-0.522544
-3.010884
0.660654
1.920213
2.545849
-5.433026
0.189927
2.615326
7.911959
-2.673156
-5.063994
-2.541688
-1.178599
-4.517164
-2.931839
-2.855467
-1.933218
3.299905
2.760340
3.393245
-1.298076
-4.244995
3.544419
-4.019967
0.527351
3.420296
1.231641
-6.490566
-1.666047
-0.776612
3.275646
-3.299286
-2.709102
-4.766354
-7.348469
0.679920
2.545998
-3.429175
-8.954620
8.889798
-7.078907
0.151995
-3.966410
5.588972
-1.281634
-1.647893
0.930273
2.282810
2.776890
-3.539355
1.071540
4.841377
-6.980102
3.690782
-5.671807
-3.212878
-2.185588
-7.683750
-3.736091
5.635622
-7.434559
3.144902
0.459594
-1.578394
1.085631
-2.351709
1.924361
-3.458292
-3.025019
6.736032
-1.407492
-2.045152
3.464447
-4.471229
-4.329312
1.007205
-2.936913
-2.136167
-0.387984
-0.363314
0.012046
-3.399048
2.847929
1.559716
-8.362794
1.584458
6.882370
3.469865
5.592653
0.158450
7.175386
1.696801
5.023437
-6.097001
-6.408326
-4.021090
-3.266732
0.882941
0.955657
-0.136440
-1.819705
2.886264
-1.915005
4.940253
0.889866
7.944676
-8.336521
2.411608
5.512484
-1.721351
3.289871
-0.223137
-0.403166
-1.514617
-1.089896
5.064388
1.219459
-2.483665
4.563312
2.714421
6.342865
1.566113
-1.959827
10.164946
-6.312503
5.038195
4.521963
3.429947
3.928766
-1.382915
-0.996248
6.211831
-0.857473
8.861246
-2.811364
5.410805
-3.936084
-4.616749
0.865062
-1.532073
-0.854632
4.392385
4.854759
-4.913013
-2.409151
-2.603111
-1.404049
-5.089986
4.880047
5.113901
6.957009
5.263920
6.122879
0.136580
4.657742
-1.257649
6.325150
-2.911995
0.886188
6.851045
-3.418940
-3.326311
6.748180
-2.589549
-0.604351
0.309617
-1.762751
1.568250
-2.191436
7.922599
-1.583609
1.060411
0.700569
-0.023156
1.840899
0.753572
-1.237514
7.177168
1.680813
1.909888
-4.931256
-1.095808
5.982330
6.425591
-3.246041
-6.504524
-0.175838
1.304692
1.514341
-7.712920
3.313066
3.354822
-0.008244
0.534595
5.619732
-3.555099
3.469817
-2.853911
-4.533845
-0.411978
-0.744621
2.121631
-2.144469
2.641127
1.135619
-1.012306
-4.692246
6.629927
7.103813
1.621271
-0.239431
2.724050
5.827127
3.347077
-3.686383
3.515777
-1.831176
3.376782
0.495908
-3.176907
3.273480
6.818704
-5.901864
0.109785
6.398349
5.029270
-0.956752
-1.784092
1.638762
2.958229
1.912689
-3.971499
2.669813
-3.304490
-2.091018
1.387401
0.070928
7.817133
2.213854
-3.848776
4.645383
1.935066
-7.191397
-7.211146
-0.611668
-2.396197
4.198699
3.741472
-7.202845
5.069298
-2.046489
-7.079297
3.434098
-3.791804
5.693310
1.399547
1.100384
4.927800
4.775305
-4.957641
4.003295
-5.651427
-5.129857
-0.486816
-10.545278
6.864853
9.609523
-3.844787
-2.279538
1.484015
-2.593835
-0.313976
-0.110549
3.944715
-5.095142
-6.802863
5.673844
2.113569
-5.734350
-5.886201
4.198503
3.028012
-3.607951
-2.629391
-1.855304
-4.832376
-0.806520
-5.098552
2.359825
-9.704012
-9.339932
-2.203778
8.590422
-0.910222
0.308514
4.542963
0.302775
-0.673216
1.374279
5.832750
6.335962
5.790284
0.413150
-4.740064
5.583761
-0.213026
-6.740202
-1.642742
4.971910
6.929897
5.817459
-3.188825
4.396046
-7.194089
1.579708
7.876362
-7.485553
-7.838203
6.825338
-2.268667
0.011095
-2.007086
-4.649916
4.384223
0.266255
1.838015
-3.549919
-7.788843
-3.778529
-6.021367
-0.660101
-1.971262
3.348371
-5.219459
-0.399599
2.265214
-0.114901
1.294631
1.222491
1.826249
7.639065
-4.256163
6.460457
-0.659083
-3.145180
0.530794
-4.229756
-0.263455
5.828022
-7.879722
-2.545393
-4.514717
-7.631487
-6.849586
3.167467
3.435461
4.731135
-5.299365
2.528665
-3.988513
-4.636384
6.409241
-1.120166
-2.363889
2.395931
-3.298972
3.544757
-3.913666
-6.178391
-3.371877
-2.557500
-0.541807
-3.076191
1.126712
-4.200914
-0.225862
-6.331119
3.335618
5.447060
0.895334
-1.925248
3.016165
0.201796
-5.383229
2.372990
6.681056
1.708956
4.841278
3.855120
-5.983231
-2.196765
-1.432493
-3.055855
-7.568261
1.058686
-4.516895
2.810302
-0.533634
-0.934556
2.356168
3.354402
5.029383
0.986274
-1.798024
4.848063
3.916107
-4.859072
6.961537
2.873926
-3.649418
1.036158
-1.607162
9.246161
5.019609
0.246282
-1.455452
-3.255064
-2.329201
-7.629326
-2.015265
-4.701986
-4.654932
3.885708
6.636457
0.373801
5.448566
3.002970
-2.781385
-3.408723
-2.628989
-2.870809
1.778461
3.202361
3.402666
3.662812
-2.160945
3.852942
3.858084
-6.612484
-5.757964
-6.310525
-0.214130
-7.883701
4.547709
-2.654037
2.981102
-4.439665
-2.297441
-4.389415
-4.045563
-0.867289
-1.129801
1.739550
7.684726
0.216481
2.565784
-1.124669
0.877827
2.098018
1.981413
0.943668
-2.610915
2.654738
-3.742796
-1.206624
-3.823796
-3.887824
3.376765
-1.809186
6.065844
2.283729
-6.172307
-3.571737
-2.376456
9.574542
4.301944
-1.540659
5.273746
-1.318677
4.435739
2.885749
-1.263277
-5.448035
3.670723
-0.829870
3.886541
-1.691977
-0.670919
-3.976594
8.115849
3.330598
-0.358701
0.538163
5.855283
7.141613
3.051933
1.745484
1.315692
-2.599307
-3.642392
4.387266
-2.792648
4.777455
1.417842
-7.852984
4.355698
-6.920935
-9.699795
0.263348
-3.195679
-2.793983
7.536218
-2.921901
3.851135
-2.781186
-6.623515
8.130958
4.673693
-0.340393
-7.870070
-9.182097
3.532601
-5.783456
1.898046
-5.987566
-5.840765
-4.443517
-1.869173
-2.441832
-7.069437
1.351565
-6.293282
1.171702
-4.667453
-6.973954
1.035947
-6.457143
1.177749
-2.201394
-7.317690
2.500908
-4.131182
3.472849
-2.754637
-6.961613
0.612217
-2.547192
-3.115668
3.698937
4.572365
8.200102
4.519471
2.122365
-4.566094
4.796998
-6.815389
4.260361
-1.765759
-5.940879
-5.848136
6.705192
1.470771
-6.752807
4.423594
-1.891905
-4.336158
6.482010
-1.830853
-8.089972
7.100546
3.684825
1.033991
0.999006
1.184607
6.304366
-0.040670
4.311250
0.356003
-1.815275
-3.673496
2.420674
-5.584646
2.032931
-5.819163
-5.214788
0.111691
3.703241
-8.249829
-5.038325
-4.477045
-3.758803
0.323594
4.131269
-2.394264
-7.837538
-0.161551
-5.329909
-2.148167
-4.175001
2.938053
-5.622754
-6.428907
0.017727
6.925166
5.488438
-2.498506
2.127023
-4.798372
0.645170
-0.461838
-1.835148
3.185325
-5.021476
-6.115808
-0.791380
4.134079
4.342556
-6.170015
2.189590
-1.495225
-4.927155
-0.259421
-1.517689
4.329618
-5.363346
2.140569
4.470710
-5.633167
-3.725274
1.489892
-2.253215
0.079444
0.065397
-1.211818
-0.027627
2.189300
0.874787
2.689039
-1.347227
5.389443
-1.163492
0.863948
-0.370606
0.707866
-3.927137
0.912083
-1.200725
7.410057
6.552253
5.634160
3.523677
4.205934
4.026631
4.667757
3.821699
-1.623929
-3.237528
-1.571495
6.672808
0.340158
-1.347964
-2.842786
-1.260980
-2.838448
-3.856229
4.932632
1.503521
3.940169
2.791871
5.012555
-6.727719
4.951260
5.306346
1.778988
6.943108
6.160426
-3.342864
2.666355
0.791328
0.241948
-4.433402
1.619519
-2.268941
1.689196
3.290856
-1.955560
2.862012
-2.969242
1.605560
-1.426392
2.610806
-3.836293
3.577823
-5.187479
-1.617734
-0.017875
-0.999467
-4.284074
0.158500
1.089975
3.316609
-3.719881
2.003078
4.028530
1.389858
2.160293
6.190760
2.911016
0.746194
5.500082
-5.728965
-5.220693
3.456416
-2.105348
3.039716
-0.151213
0.312562
3.571455
-6.342152
2.668904
-1.311221
0.299336
6.231093
3.286493
-4.904622
-7.520998
-1.392045
2.887270
0.778061
2.121952
5.017781
-2.353121
-0.779473
-0.449531
-6.457549
2.422825
-1.167288
-0.260209
1.654440
-0.991852
2.203449
-3.489298
-2.813977
-6.863503
-4.060799
3.140167
2.177047
2.410567
-4.498982
-4.315971
-8.955639
-6.201585
1.643055
-3.780279
-0.363648
-7.388770
-5.672323
0.786677
-2.398090
2.157989
0.368931
3.037128
-6.079330
5.340557
-4.908407
-4.969455
-0.635471
-0.549342
-3.806133
-4.344461
-2.049129
-6.563712
4.153011
-6.298546
6.931006
-6.701872
7.505491
-5.777734
-0.986730
-0.688608
-2.279325
-4.848997
-4.945769
5.470816
0.670575
0.397031
0.930843
4.714068
-4.933980
5.103595
-3.883748
-2.774858
2.434685
-0.202604
3.656947
-4.133977
-6.827580
1.410649
1.789573
-4.771876
0.006465
-1.086394
5.924791
2.243025
-4.509967
-2.917765
-3.320814
2.911155
0.420899
3.844571
0.252258
-2.636198
0.207709
-2.746319
-1.282715
-2.795229
0.008599
0.122872
-3.488019
-0.036190
6.629689
1.772617
-4.123624
-6.565192
-2.622308
-0.805067
-6.852578
-6.335970
-3.667783
5.373961
2.090883
3.804075
-3.169538
0.691406
1.759550
-2.436635
0.482134
2.402480
-3.227367
0.007866
-0.481490
-0.511265
2.923120
4.176601
0.473393
3.653817
-1.093629
5.274083
4.153007
2.348337
4.114613
-4.289178
-0.215998
-7.043272
3.719005
6.369449
8.693620
-1.591470
5.402905
-6.006349
-7.558953
3.807244
1.203737
0.539738
-5.660959
6.729447
1.228270
0.885475
4.145347
-2.644505
7.863478
1.376816
3.845662
3.777176
5.814240
2.436311
-1.347650
2.595283
1.092520
0.925364
0.463841
8.712297
-3.548537
-4.042334
2.019825
5.068634
9.756602
5.151543
-9.646269
1.108274
1.262309
-6.419683
-0.105825
2.882765
5.972872
-5.562886
-4.677055
1.448316
2.299752
-2.759418
-0.622968
-4.857523
-0.716601
-2.060819
-2.422249
9.265393
5.946956
-5.629072
2.235393
1.179466
-3.172937
5.042145
1.691090
-0.539900
2.085079
-5.150976
3.504568
-4.707485
3.636695
-6.788892
1.116811
7.395709
1.168016
1.468348
-9.779845
-3.533652
0.887090
1.667047
-4.925711
-3.589703
-3.813211
-2.575217
-2.071953
4.336111
2.799384
4.644536
1.694499
-0.167776
3.093940
4.804801
6.296490
8.041361
5.005850
7.589502
3.603206
-2.144886
0.907765
5.709784
-0.133368
8.294965
1.987331
0.835146
-6.293264
2.868253
0.959057
6.753888
-5.202239
-5.267596
3.552470
1.777973
5.392828
-4.418484
4.825526
6.973014
-0.787303
-5.295331
3.620425
-1.881395
2.473179
1.107287
2.719537
0.003099
3.311855
-5.215995
-0.892233
-2.725166
-3.596712
1.341591
1.149916
4.246943
-0.786365
-2.184961
-0.849990
2.796654
-5.262224
-2.558085
0.368797
-0.493615
5.471948
4.388731
0.653849
5.234895
1.176990
-1.081572
-3.196901
0.577463
-5.555588
2.948724
-1.134102
-2.677767
6.258001
2.734474
3.158298
-0.793667
4.904194
4.251123
10.060064
-1.178034
-5.439445
-2.132319
-1.771147
6.016462
-4.541982
-1.425811
-1.832970
2.159419
-3.244189
-1.972606
-6.017645
2.098643
0.578673
-2.577953
-8.775947
8.483510
1.604383
2.092355
-7.355011
2.032053
6.612169
-1.953946
5.260830
3.026017
-7.044508
0.835153
-2.585125
-6.698932
-2.744489
-5.039744
-3.662277
4.149323
0.514022
-3.033056
-1.140604
-0.512808
2.475260
-5.364601
-6.758448
-4.462571
-9.476755
3.847749
-2.016527
-5.552150
5.640683
3.103996
-3.115385
0.069382
-0.040771
5.987377
-6.142811
2.146200
0.772088
2.770529
-7.417859
2.685024
2.878428
-3.951359
-3.824683
-4.558857
1.485919
-0.307597
-2.490767
-4.008769
-6.613045
3.183855
-2.541904
0.450613
9.252808
-0.217015
-0.578933
-4.000218
2.181792
-7.224091
-3.437429
2.887560
-3.939858
10.058356
1.535627
0.602174
2.509606
-2.422769
5.253440
3.631391
-4.834798
6.937740
1.258222
-7.921683
4.604833
-4.993976
-2.010431
-3.675986
-2.624494
-1.967439
-4.333570
-1.816798
-0.216169
2.869385
1.093823
-2.168321
-0.556975
4.910747
-0.674055
4.280884
-1.494470
3.980289
4.424467
4.486945
6.548629
2.249790
-4.088651
-3.568285
1.318046
-2.475379
0.191976
-1.457781
-5.352468
-1.021869
-3.107724
-1.245969
2.240415
2.382091
3.222528
-2.201635
-3.144014
-5.928751
-2.844431
4.824914
-5.413712
4.693202
1.543862
-4.046062
3.250877
-7.395077
3.144046
3.416085
-5.370318
1.451108
-0.760059
-0.652391
-1.556091
0.735433
4.534830
3.128218
0.452963
-1.491641
-5.746731
-2.082456
4.113531
-0.152498
2.347836
2.903078
3.934247
4.516348
3.563859
3.554276
0.051854
2.408459
-1.389079
-0.799287
-1.140773
-1.745285
0.649458
-0.138749
4.137435
5.166909
2.777458
5.373940
5.090106
-4.359786
-1.071003
-2.982588
-1.600450
4.379591
0.808440
4.055857
2.293249
-8.521496
2.300848
1.459538
4.883085
1.593583
-2.101431
-2.836385
-1.055946
7.136509
-2.266110
1.432304
-4.392343
-2.487978
3.934737
-0.265255
4.373785
-2.410969
5.903364
3.884434
-5.004376
-5.754017
3.863926
0.605027
-1.363405
4.835952
-4.756104
-0.835696
-6.526564
-7.710478
-3.025270
-3.636914
4.241547
1.666512
4.758343
-5.122604
-0.321101
2.415362
-2.119555
-6.954536
2.549259
0.572493
-0.087793
-0.870448
1.316260
1.388021
-4.526436
1.692166
4.086080
-0.375201
-0.166442
-4.992492
-5.615921
4.100336
-3.309485
0.869795
-3.881241
-0.279438
-1.872003
-2.457216
-0.736852
5.960978
-2.873485
-0.116496
-1.837097
-0.771369
3.428154
4.843435
-0.911645
0.433554
3.482341
0.382854
-0.890440
-0.270313
-4.224956
0.122839
4.060480
-0.905257
-6.553921
5.637205
-5.666663
2.787028
1.072124
-3.793149
1.966466
0.545283
1.444226
-6.159003
0.134797
-3.371501
-4.530064
-3.077616
2.298208
-1.253507
1.341301
-6.125585
1.575856
-0.048743
-4.728028
5.977658
1.215578
2.598711
3.097388
-8.695885
4.903114
-2.271284
-2.527149
-5.888294
-1.700383
2.129560
0.660653
1.080223
-4.862806
-1.279698
0.352250
-1.775717
-5.662214
-1.183663
-3.636417
-1.231695
2.005554
-4.531018
-3.641375
1.032707
7.865511
5.000996
-2.902094
-2.796738
-4.778831
-3.445946
-4.351370
-4.128139
-4.294619
-5.783426
-1.994126
6.046858
1.071794
-0.203591
2.640986
-1.959408
3.588206
-5.462554
-3.527149
-3.220729
-5.154018
-0.213231
-5.836739
-2.159485
5.900006
1.516923
4.453742
-8.866663
-2.792880
-4.043511
-1.800338
3.008783
-1.433754
11.113148
2.378472
3.388486
1.361053
5.830138
3.003833
-1.544694
-7.564993
-3.759305
-3.266791
-10.009755
-2.162093
-0.585825
-0.291377
-4.038268
-2.509260
-3.108602
5.137390
-3.630120
2.362080
-1.342110
0.478659
-2.774579
-0.001286
5.640896
-0.236888
1.567186
-5.325292
-1.313285
3.154573
3.593846
-4.211152
-5.883210
-4.024268
1.288484
-2.516319
-3.095121
-0.731290
7.928858
-1.967573
9.550102
-0.996502
-3.034122
-3.454722
8.238051
-0.115172
4.850239
-4.145154
-0.870832
-0.885857
-0.138734
-0.528631
-0.097111
6.708205
0.176256
-4.281844
3.516314
-0.876806
-3.866966
2.282525
0.993661
2.222852
-5.194941
5.945951
-5.098197
-3.836240
-5.616431
0.138689
2.910738
0.529257
-0.340800
3.645265
0.586938
5.658086
5.256629
-0.076819
4.549423
-3.275566
0.615472
-1.399287
-2.260541
0.919572
2.052360
6.727348
1.278403
3.503022
-4.469606
6.121003
3.806957
-2.703915
-1.951266
-4.006607
5.837400
-3.013380
-1.289394
-8.921360
2.967275
-3.119538
-3.772704
1.266720
-2.422847
4.505334
-0.794756
0.908219
1.310136
6.616256
0.290025
6.535410
3.231581
1.616679
0.985687
-5.217644
2.131407
4.388626
-4.341103
-1.538551
4.277528
-6.880261
1.461530
-1.521532
5.151580
-5.816978
3.740386
-1.071269
-1.525105
3.669494
-0.519903
1.865694
8.584618
-1.199084
0.342103
-1.634625
1.967890
2.399794
-0.392674
6.143111
1.310238
-1.361050
1.480156
0.679193
0.584626
3.798825
-2.966528
1.746206
-2.866357
1.855860
1.017792
-3.395003
0.547611
-4.316987
-2.479414
3.914463
6.521460
-7.324863
-1.837142
0.876682
-0.143574
5.645915
3.299963
1.393198
3.481728
2.452036
-1.621987
-2.022338
1.379246
3.265496
-7.057313
-5.016510
-3.937608
-5.421690
-6.437325
-10.792532
-0.630476
-5.411862
2.676143
3.858641
-2.543693
1.300521
0.858890
1.436633
2.768346
5.883217
-0.016611
4.786565
3.830876
-7.426089
2.374229
-0.301002
2.939273
0.978723
3.544750
-4.489113
2.368849
2.359807
-2.824382
2.625665
0.066372
2.124537
8.211180
9.500417
3.381640
3.656198
-4.317419
8.409388
0.584516
0.490070
-3.029549
-2.887041
-2.605016
1.620489
1.641902
-0.863232
-1.638636
0.515644
5.654016
2.830593
-1.462627
-8.664659
-6.575629
3.167416
3.981795
-0.563798
1.802659
8.214787
3.209387
-1.762471
-6.624885
-1.604899
-11.460599
-8.353462
-0.695076
2.214169
-0.860538
2.072921
5.421234
-0.564411
-4.282820
3.190132
7.815376
6.525905
-4.971447
-4.465634
-3.501509
3.915365
-7.966680
-9.154406
-1.119194
-2.099419
-1.339315
-7.732514
-1.414548
1.474307
-1.720641
-0.037165
-1.297843
-5.696587
11.714491
-4.272180
-0.905361
6.567161
-2.858385
5.488413
1.692725
-3.372480
-0.610092
1.784765
-8.637904
-2.170121
-3.250349
3.374080
-0.599865
3.199466
-4.630398
-2.306437
-1.885812
1.580924
3.302413
2.921028
-2.806254
-2.337231
-6.011050
-4.605163
-3.503484
2.683932
3.587284
7.248486
-2.430903
3.765837
0.712097
5.367127
-0.518584
0.256997
3.323600
-1.912558
1.482171
-0.414594
-8.752975
2.834593
3.525611
-8.016153
-3.769109
-3.351209
-6.858847
1.741310
3.664627
-3.052888
-1.522641
-4.724238
-7.040233
-3.230312
2.675245
0.125770
1.060236
-6.260062
0.793557
-12.087444
4.014867
-0.110463
-1.656612
-0.070082
2.814234
4.015200
-11.878693
-5.357900
5.263512
-2.284181
-6.977342
-4.518309
2.006421
-5.296117
0.406659
-0.765014
-4.670267
-0.662095
-0.731334
-2.592524
-1.681167
-4.985866
4.990537
0.366845
-7.759098
-0.363801
-3.052985
-3.461487
-2.059237
2.950520
3.113104
3.986801
1.341354
3.032639
-2.365480
-7.663011
-2.519875
-6.435375
0.592297
0.410927
1.972112
-5.517307
-4.975719
-2.472627
-3.843599
-5.009921
-4.654441
-2.413258
-6.809847
1.082504
5.883811
-1.891783
-4.816542
-5.134213
5.391708
-4.863423
-4.752076
2.545655
6.034712
-6.584447
3.258373
-0.944097
-2.385345
-0.717894
0.724531
-2.333210
-0.174468
-1.932912
2.295421
-0.245581
1.587831
1.754161
2.218583
-2.131505
-0.698986
-7.714360
-6.548813
1.446090
0.459698
1.308326
1.982286
1.958854
-2.781478
-5.162534
1.561857
1.688169
-1.020520
-8.704345
-2.299223
-3.373357
-2.414264
1.416105
-4.384121
0.175912
-2.455303
2.687966
3.746213
2.766062
-1.957800
-6.745705
-5.996150
-4.474159
-0.984010
-2.625895
-0.327918
2.737014
5.172065
5.188299
-3.962019
-6.045035
-4.899872
7.936867
-2.867398
5.789684
0.333351
0.626240
-5.618414
-1.974500
-2.139584
-2.950414
1.122395
4.050272
-0.559126
-0.893757
-3.505042
1.727273
-0.849918
-2.485323
-3.043052
2.075285
4.658029
-2.911738
0.158386
-2.515131
-2.246553
1.924613
-2.510712
1.826602
4.311977
5.726439
3.388651
1.299588
-11.839754
1.513512
-2.937243
-1.856040
-2.244853
-1.353873
0.799809
-4.139136
-0.091413
3.539910
1.711156
-2.939545
-0.694464
2.274042
-5.876264
0.375868
-4.640587
-10.689246
-6.670473
-1.342190
-0.398606
-9.139754
-1.677904
5.850996
-4.966691
0.521693
-7.109186
-5.719395
0.242207
-1.875674
3.371701
3.696069
2.047803
0.209991
-7.192242
-0.724793
4.471653
-2.302710
-3.383519
-0.627747
-4.765968
6.382338
-0.248311
-3.457850
2.933984
-4.281957
-3.076885
-3.739169
1.977280
0.730683
4.720734
-3.044125
-0.690381
0.937323
9.127845
0.449982
0.686294
-4.250453
4.156961
-4.717601
-3.769513
-5.518179
-1.142393
-5.525987
-6.545362
4.989408
2.200284
-3.237372
1.194836
2.090920
3.527236
3.276511
-2.512740
-6.930199
-2.944526
1.909675
-1.907874
2.582116
-7.637184
2.712667
1.499125
4.973895
4.863667
4.982383
-4.021014
2.355896
-0.606598
-3.111671
4.028870
-5.303467
4.115628
0.285995
-5.372601
-0.182979
-8.635791
2.466006
-3.921222
-3.661242
-0.434307
-0.349793
-2.409950
-3.838111
1.635601
3.439794
-3.630197
-0.636690
-3.761986
-0.432154
-6.720628
-1.260180
-0.632829
-2.861386
-4.760352
7.854109
-4.221339
0.355441
1.314802
-2.709854
-0.147492
4.438062
-5.239315
-1.676351
6.126661
0.058392
-1.556055
2.504002
2.982504
0.218194
-4.886548
3.935341
-3.447764
0.768926
-0.806755
1.546650
-2.271729
-4.494908
-2.274017
5.932668
4.636123
0.258034
-1.374535
1.224946
0.152746
-5.553932
3.362762
-7.040016
0.986095
-0.214433
-3.496024
3.252939
1.103708
3.905686
-0.688145
-1.656995
-3.987193
-2.673548
1.655673
3.953697
-4.463663
-6.577948
9.623551
1.272922
0.396608
-2.349779
3.277438
5.480960
0.082877
-6.640072
-1.719846
0.864873
-6.695699
-2.817327
0.834458
0.810560
5.182716
-5.653130
-5.094989
-3.488000
-0.114444
-8.393773
0.753424
2.375799
5.757582
4.349712
-2.331466
-0.521120
-2.440665
2.235109
-0.052873
-9.192188
-2.756205
0.265240
3.945548
-1.151697
-3.612324
-3.341981
-3.074999
0.322709
2.258241
5.153242
1.462590
4.164660
-3.073085
-0.473074
-5.244724
-4.528304
-0.216443
3.572126
1.710072
2.129626
2.242469
-1.063313
-0.677969
-3.156279
-4.746657
-1.965232
-3.146190
-5.971133
-0.810131
-4.928905
1.970882
-5.738480
-9.113206
5.328031
-5.632599
-8.954396
4.285373
-4.251545
3.283485
1.030924
3.920432
-0.220625
-0.657047
0.573386
-0.260575
-2.012386
-6.834481
1.068182
3.917143
1.781063
-3.005096
-3.162126
3.189484
-0.039023
-2.055768
-6.225642
2.357820
4.586187
2.866577
1.775971
-0.258984
-3.879458
3.786440
0.318012
2.649779
-3.311795
3.720136
1.849270
-0.791583
5.068271
-4.284412
-1.052886
-1.599510
-1.079164
-1.493653
3.815570
-4.694966
-2.976880
-2.262848
3.749770
-5.320638
3.333408
-1.212345
2.604869
3.687455
-2.448822
1.384060
8.550689
4.416191
-4.861858
2.538012
-1.937149
5.340109
-7.231688
-6.805474
2.500992
0.012028
-2.146231
-1.109977
2.082098
-2.968229
-2.494835
2.149568
-0.292438
1.153485
1.714538
0.213027
-0.089874
-5.432535
1.431378
-0.604879
7.965792
-0.047600
-8.949752
-0.506237
-5.233196
-3.519784
-7.064626
-1.830989
-5.387587
5.509039
4.105201
3.080378
-4.621590
-5.420217
0.458253
4.014563
-5.160206
-3.598229
1.982319
-4.829912
-3.466545
-6.711706
-5.547669
-5.694015
-5.271783
-5.522740
0.966720
-1.354895
-6.813153
-4.696927
-4.768160
-6.198965
-8.448259
3.371253
5.046007
-0.789090
2.236256
-2.849515
7.071036
-0.351372
-6.040034
-1.374951
1.733748
-0.401987
-4.888665
0.356923
-2.300342
5.610342
2.787785
4.592919
4.886090
1.402551
-3.517100
-6.729406
-1.357400
-4.519944
-3.811871
-2.956137
-0.663349
-1.897180
1.020131
5.178152
0.850929
0.865248
-4.370279
-4.607154
-3.730765
-2.151117
-5.709104
1.641508
-4.055142
1.402702
5.605720
-1.833848
0.962990
-11.718601
2.760033
1.660346
-3.523310
2.629903
-1.472884
4.297739
4.796789
-5.797413
-2.609302
1.374720
-6.529027
-2.444159
2.617299
-4.088237
1.559425
3.337552
1.053592
4.548533
-2.394171
-4.895371
-4.014432
-3.861330
0.241752
6.174616
4.821087
4.794221
-0.086088
-4.939954
6.217798
-4.972957
-4.130250
4.640408
-1.506797
-2.348386
2.575919
-0.473639
0.951955
2.317720
6.645770
4.974728
-3.809265
-0.277546
-2.289686
-5.949630
-2.813922
2.921904
-0.708820
-3.704833
-0.349820
4.012011
-3.641395
4.027171
-2.661116
-3.337993
-0.923846
-0.559502
-6.073432
2.518265
0.393527
3.875108
-1.417746
3.145231
0.687543
5.210537
4.446872
-0.236629
-0.403635
0.057419
-4.917812
-4.615526
-7.693752
-6.812565
1.512673
-2.442046
2.255550
-3.580024
1.788287
-1.748270
-3.697418
2.180900
4.990610
3.834269
-0.887481
-2.502979
7.530243
-2.189799
-1.122573
3.442297
-2.977648
-2.992231
0.454939
0.772231
2.976969
-4.820179
-4.763822
-6.231189
1.712620
5.894209
-3.426662
0.594559
-7.221253
-4.212640
-5.002587
5.502515
5.499401
-2.937527
0.541205
-2.551409
-3.516100
-4.286468
-4.197885
-3.757211
-2.968518
-3.574567
-3.445113
-0.861741
-0.421296
-2.845442
-5.371058
-4.661359
-7.024896
-0.616596
0.759863
-2.853531
-2.144393
-1.737428
-1.581935
-7.317855
5.803129
-0.320122
-3.207387
-3.184305
-6.317186
6.315495
-2.906639
-3.533201
-0.111432
2.073599
-6.583822
-2.500542
4.111513
2.018090
-0.478534
-1.334101
-0.630549
-0.613662
5.236990
2.985023
-4.039843
-4.464706
5.831653
-4.934844
2.763566
3.228270
-3.772131
3.660588
9.066654
5.438069
1.038801
-0.146434
1.174488
5.870568
-2.429655
1.928168
-3.615732
1.373398
0.807920
3.770723
-2.385305
-4.610115
-3.927385
-5.794247
-2.892490
1.747846
5.324373
-0.788913
2.440293
0.722537
5.305993
-2.931840
-2.139433
-3.130979
-0.640707
-0.959385
1.043777
-6.766485
-5.011472
-1.453571
5.643973
5.347856
-2.846751
-3.216474
-0.329067
-0.346316
7.256308
1.278537
0.465317
4.798903
3.519341
9.033163
2.559238
2.284732
2.642690
-4.420277
-4.544583
-2.034031
-4.145858
-4.636652
-1.473112
4.142350
-2.915894
-5.566889
-3.213936
4.381978
-1.944482
2.788647
-4.704562
-0.199214
-4.288886
1.848011
-4.696791
0.188087
-1.938791
0.394312
-0.316562
1.564303
4.507370
-0.800624
0.073888
-11.318622
-4.189222
1.132610
4.852390
0.067067
-2.748859
2.137963
6.213838
2.606393
-0.113824
-4.675785
2.294751
-1.384421
-1.499218
-0.915387
-1.320131
-3.227410
-7.345332
-3.697824
-7.728503
-5.656191
-3.320685
2.791505
-6.663632
2.169353
-4.007341
-2.976865
-3.793869
0.180472
-2.079800
0.576934
1.579596
3.040237
0.984451
-1.064970
-0.576275
-8.912717
-9.901354
-1.737353
1.427616
-4.171150
-0.544876
2.779528
-4.556447
-2.316796
0.194414
4.291261
-0.014227
4.478501
-5.858219
-2.676327
-10.275146
0.181637
0.163419
-0.943968
-2.256992
-3.054791
-3.487610
1.380466
-0.314259
4.654019
-4.575920
-4.200893
-2.910130
1.610975
-8.024389
2.296562
1.795804
2.918622
0.727542
-5.427520
0.354467
-7.979835
-0.658514
-4.537309
-5.705370
-4.054410
-2.301802
4.093330
2.738941
1.201406
-1.045002
-0.619022
-3.260413
3.382526
-5.588324
-6.091086
-3.104710
-1.477555
-0.908921
0.185447
-2.740305
-0.243683
3.086118
-2.768797
3.196287
-5.967937
0.353854
0.182883
5.315611
0.876050
0.829877
4.583262
2.777211
-2.717641
-8.296519
-0.886327
2.838181
4.129016
-1.693191
-5.622726
-1.287700
1.231052
-5.613887
-2.749329
2.374982
-0.371336
4.517067
0.220223
1.621628
-2.962872
1.862752
0.690380
2.475609
0.060528
0.390942
-1.670757
-4.301316
0.269782
-4.209814
-6.011218
0.164771
3.173982
2.906052
3.573840
-3.152736
4.098500
7.236876
0.173100
-1.756557
-0.196108
-5.817532
-3.907152
-4.192177
-4.006973
-5.224305
-4.195068
0.208769
-2.028902
2.949955
-4.339091
1.359454
-7.111870
3.860266
-2.963680
0.452099
6.799047
-6.361164
6.270672
0.129503
4.147788
5.246819
-1.112919
5.938204
-0.894456
-6.268077
0.085344
0.914081
-4.218379
-4.826650
-2.978763
4.190691
-1.464411
5.279649
5.209675
-4.099718
0.421671
0.515528
-0.801327
-7.893771
-0.876084
2.826572
-1.039840
9.912670
3.024014
1.276861
-5.502403
1.708743
-8.155781
-5.139687
2.106034
-1.560027
-6.051816
6.181761
7.078170
-3.829705
0.064644
-2.062803
4.067414
3.912632
-3.778133
2.883460
-5.913043
-4.901617
1.338251
-0.241046
3.848481
2.873443
-4.472641
-4.246621
-5.192045
-2.914017
3.177919
-4.003803
2.735670
-5.495174
4.030743
-0.466034
5.050463
0.119517
-1.871179
7.086308
2.963233
4.305693
5.242779
-4.352641
-0.442884
-1.632130
-5.015890
2.633766
-5.062340
-5.401351
-6.536519
5.191206
-1.180536
-3.216964
-4.125546
1.040238
2.087981
-7.756222
5.601182
3.726146
-3.171252
-2.833613
-1.186558
-1.713169
-4.282846
-0.099258
-0.054283
0.133232
-1.117734
-2.621049
0.528593
2.601893
0.014668
-5.576365
-2.366248
4.732287
-2.440855
-4.961166
-4.274156
-0.132069
4.924826
-3.292772
2.987828
4.449678
-0.557900
3.489900
1.501571
-2.491019
1.207048
1.164648
4.643718
-2.500371
-1.334317
1.411770
-2.884699
-1.536773
2.846442
6.658374
-3.310987
0.339388
-2.056481
-6.658190
-2.363346
4.485226
-1.170872
1.395988
2.928789
-5.195763
-5.315734
2.956019
-0.140516
0.690204
-1.584847
-6.703157
-2.332621
-3.116941
-3.600688
0.751324
-2.667194
-5.648357
-0.575167
3.058079
-1.599574
-0.888532
-2.138822
1.132134
-1.263704
3.243309
-1.688056
1.982844
-4.460865
0.362524
1.001741
-1.983216
5.250678
-0.692455
-0.506802
5.067449
0.121755
1.334488
1.642761
6.359027
-2.250879
4.712080
-0.635944
1.046469
5.364704
-2.238451
-4.104434
6.498487
-4.920223
-1.801458
-0.000010
-0.717806
5.952864
3.285436
-0.705479
3.734244
-5.467496
0.726877
2.828314
-2.930745
-0.861366
5.008218
-3.583361
-1.199709
2.535993
-1.976924
3.318420
-6.889851
-5.587966
3.058528
1.178784
0.440833
2.748512
1.496501
-0.182476
-2.799376
-3.949880
1.462236
3.556769
4.414027
2.505168
-2.316657
4.237183
10.857328
-0.981619
0.114118
-1.525272
0.912797
0.754392
0.745191
2.580884
1.893587
3.041112
3.906444
-4.183752
-4.500407
-5.419000
-0.806735
-0.974815
1.998930
-0.534974
2.564988
0.399494
-2.824573
-2.395415
0.193941
2.619029
-1.646987
2.919461
4.547629
5.184996
0.216289
3.595461
0.463017
3.557151
2.802621
4.307122
-2.608365
5.568080
0.230989
-3.401026
-2.104491
-1.629915
-3.693278
0.083853
-3.895103
-6.465940
-1.473727
-1.188074
4.479755
8.706769
4.325837
-0.910514
-1.430499
-3.073711
9.377941
1.678378
-1.552730
1.563819
0.005547
-4.361786
-3.430885
-3.307919
6.637456
5.761027
-4.592419
-0.428823
-1.148409
-2.519342
-6.477746
2.533122
4.687876
1.101319
-1.175483
-4.770370
2.856539
-0.213383
5.081389
1.818400
-3.594235
8.327680
4.818686
-1.496652
-1.475190
4.679427
1.461477
-0.864615
-3.662336
3.506568
-1.213517
2.468003
2.239483
-3.740378
-1.062004
3.102582
-4.345328
-1.382892
-2.325585
1.118152
-2.896398
4.340047
-1.225850
-3.130867
4.084879
-1.981638
3.000561
3.033855
-9.054059
9.407546
-0.735380
3.299125
1.433686
0.362801
-3.587358
-1.505094
-7.266210
2.880313
-0.233253
6.971793
-2.045413
-2.959437
4.690493
-2.222063
-3.381495
-6.126319
0.421830
-2.224847
-0.144593
3.680512
0.662489
-5.088634
-2.071191
-3.004977
-1.511481
-4.885503
4.034145
-4.004561
4.604088
-7.202751
-2.747705
-3.918160
-5.767072
2.365135
1.134542
-3.961779
1.980673
-2.212772
-4.584805
-10.654011
-2.337739
-0.465684
-8.406510
-0.316365
3.182372
-5.777350
-0.154476
2.088333
-8.231299
-1.306384
5.451922
-2.316826
3.581155
-5.256539
0.788204
1.510619
0.061472
-0.648604
1.081228
-1.224383
-4.335974
3.161730
-4.773174
4.307995
-7.375301
-8.946426
-5.358850
-1.860791
-1.837001
-6.434333
-3.073837
3.850370
3.630076
-3.628552
8.043286
1.225810
-1.474106
1.430951
3.478880
-2.671745
-1.756145
5.311177
-7.376511
-2.453788
2.639648
-4.589480
-5.053099
-0.685710
3.143686
5.731444
-2.596664
-3.057959
1.535986
-4.414349
4.566049
-1.931304
1.544721
1.586468
-2.849948
-3.234087
2.008924
-2.109967
-0.956981
-3.647045
-6.270767
-5.881327
-3.528537
1.140379
-3.921801
-3.723276
4.134496
-1.541759
4.701770
0.937112
5.489070
-5.288756
-4.323178
-0.674433
8.711971
0.397922
1.392009
-7.626433
-3.382618
-0.620137
-0.154590
-5.679630
-2.838678
0.047339
-1.994653
2.428928
-0.012384
1.998196
4.742266
-0.639613
3.776290
-4.328272
2.148553
-7.808009
-2.110442
-0.394594
6.001252
5.317885
-0.318174
-0.039138
2.331361
6.521680
3.988535
4.620599
4.464833
0.021954
-8.990495
-1.440156
1.167867
1.697561
-1.797331
1.395801
1.924430
-2.994736
-0.036170
-4.461622
0.545913
0.794170
-0.213420
-2.649462
-5.245733
-0.165695
3.183187
-1.907457
-1.395731
-5.682877
-3.274417
2.380770
-2.199533
4.024142
4.876749
0.821838
1.618817
-5.051547
0.938540
-3.645194
-2.720675
0.458832
4.782222
2.224589
-6.291585
1.981475
-5.029437
0.591692
3.932260
-5.657295
-5.153805
-4.368889
-1.596582
8.844246
-3.571283
6.379010
-2.235387
1.808433
-1.343044
-0.769513
-1.819381
1.642715
4.580853
-5.658028
1.038122
4.323401
-2.800681
0.394555
-0.637258
3.781322
-5.099270
3.071951
1.923334
0.798545
-2.722779
-6.646536
-6.124307
-3.386414
5.172014
0.293232
-5.730268
-0.996103
7.008608
0.850696
0.038238
0.042630
-1.517558
-2.181487
4.338163
-1.961650
2.935720
-5.772398
-3.741662
-1.377922
-2.026223
0.429568
-3.013322
3.892679
5.953484
-7.272841
-1.679045
-1.311889
-4.424515
-1.506082
-7.901844
2.744016
-2.755313
-2.182262
0.834836
-2.406424
0.572228
-5.541077
-6.609725
-1.061231
-7.526090
1.176741
0.675161
-0.214086
-4.658287
0.297951
11.009344
2.249189
-9.439169
-1.311733
0.592357
-6.404516
-1.930710
-3.289453
3.857441
-4.482555
-4.377615
2.216877
0.829050
-2.266961
-5.309155
2.746286
2.801309
-2.803612
5.198170
-4.811544
7.732342
0.526173
-4.569855
1.051623
2.545548
-4.251754
-1.798946
-4.177260
-5.476129
1.744239
-4.734576
-4.795733
-1.201371
2.976703
-3.705252
-4.544378
3.542038
3.279278
-1.300594
6.792764
-5.766140
1.013638
2.392221
1.250236
-5.866269
-3.950030
2.642770
-0.462820
-1.312162
-4.955482
-1.507062
-0.213125
-2.061414
3.048373
-4.279042
4.106055
-1.218624
9.119418
2.453295
-2.572215
-2.818141
2.403083
4.622634
3.361013
-1.412427
-3.427999
-4.970243
-0.647478
-0.808764
-5.214651
3.737729
-3.800272
5.366686
-2.154224
1.779489
4.526062
4.102247
-3.824324
-2.768580
3.776733
-4.331446
-3.247132
-1.366351
-4.579594
-6.601532
3.796954
6.763994
-5.884280
-1.300451
5.109979
4.683666
-3.377209
-2.273497
-3.258371
-0.708957
5.444426
-3.476573
2.607527
3.301549
-4.253611
4.489412
-3.408400
-2.804164
-0.742368
1.793956
0.429589
-4.121654
1.326471
-2.965394
-0.681506
4.038734
-0.543206
3.221287
-2.159864
4.476763
4.550103
-7.025292
2.931140
-0.707037
6.843234
2.062343
3.712606
-6.329214
0.690039
-2.446485
1.199862
-2.123239
-3.375197
4.926506
3.289397
-0.899768
3.432369
1.847636
-2.463766
-2.289044
-2.569326
-4.234585
-1.597060
-1.320722
-2.865216
2.834155
2.122499
-1.442683
1.868501
-3.724644
-5.948874
-6.008583
6.156429
5.041335
-1.101128
-3.113891
-2.291209
-2.540073
-7.382772
-7.382269
3.297507
-1.305012
0.096396
-0.621079
-4.658535
4.532684
1.634819
0.751075
-0.811049
6.793957
0.913102
-9.068337
3.419452
-4.789396
-1.717351
-2.822287
7.489398
0.993305
-5.167819
-2.803050
7.358840
-1.151494
-0.891815
-4.646834
1.846139
-0.503111
6.147331
-3.818321
1.757322
-2.098419
-3.108421
0.077583
-1.220397
3.599030
0.795707
0.303702
-1.378652
1.354144
7.050899
-1.423994
-3.082846
-4.559394
3.449515
-1.965955
-1.029062
6.989399
-8.331214
-2.092596
-4.597140
-4.647097
1.759821
5.399437
3.534559
-7.153424
-0.359616
3.618877
-5.941675
-1.426864
-1.845986
-1.639803
6.932380
-2.586032
-7.006332
-3.038995
-5.571384
1.251464
2.415796
-2.434538
-4.498987
1.302059
-4.490269
8.733731
3.729886
-10.837587
7.731524
-3.986193
-4.465713
3.229121
7.124129
6.702237
1.475406
-0.097750
-1.863184
-4.717444
-6.891529
-9.631113
-0.206568
3.749122
2.286361
-0.857446
4.340888
-0.422121
-4.897852
-2.038887
8.448771
-4.985390
5.255917
7.081491
2.700399
0.250328
-2.006779
2.739108
1.756336
-6.824540
-4.272996
1.968962
-1.415483
-0.115858
-4.753817
-0.132066
0.109531
3.480405
-0.676768
-1.596643
0.054679
3.923524
-0.517385
-3.679929
-5.893256
0.371056
8.077017
5.738865
-1.876718
-2.586683
-7.096402
1.465457
-1.952487
-4.561642
-7.661220
2.705469
3.716510
-4.279189
-7.818512
2.422754
5.689370
-0.539991
-7.762324
5.077197
-5.969809
4.642392
1.548647
-5.218827
6.069149
-4.784675
-2.301224
3.584057
-2.737379
-6.320016
5.081266
-0.496345
-3.515076
7.382594
-5.651835
-6.827007
-4.582623
-1.846074
0.055885
1.265136
-5.617905
0.235611
-2.444919
-8.407994
2.212461
1.349165
7.725458
-6.066170
7.187883
5.487728
7.190676
-5.916944
0.091055
7.059186
-2.789998
-6.750145
4.949898
-3.195218
2.309439
-4.063131
2.047075
1.960481
0.954517
-5.138400
1.815225
-1.885310
-4.561310
-3.114842
5.497403
3.893031
2.190953
-5.282116
2.431167
9.360680
0.360381
3.305814
-0.044300
-3.824633
-6.920644
3.152377
1.410943
-2.772395
-6.735541
-7.380116
8.676206
-4.009574
-3.687061
-4.938471
7.900719
-0.752894
-4.899667
-2.150323
-8.780197
2.509608
-6.865575
-1.094992
-0.555255
0.252360
4.684005
-0.165632
-6.993493
3.208608
-10.781534
-1.345248
-2.889060
1.012532
7.757732
-2.477239
-5.389095
-1.734786
1.442418
0.373330
-3.294879
-2.859986
-4.354319
-0.912112
3.571982
2.994144
-0.465178
-6.015687
2.529417
-5.274329
0.504156
2.404185
1.023270
-5.095214
-4.926469
-4.746894
0.279504
3.149696
1.202232
4.353714
-2.461087
-0.602987
-1.499155
-1.958097
-3.326021
3.420674
-4.796968
-0.777053
3.898798
0.004325
-6.133531
2.605797
7.993989
3.275352
-4.191695
-1.348995
4.423366
-0.135328
7.498036
-3.220433
-1.274629
5.044615
7.150621
4.276608
-0.487207
3.127733
5.915513
-2.526875
-4.141349
0.009794
6.162174
5.930562
4.559018
0.332925
4.205098
-2.441967
4.619296
-0.319450
-6.102589
-2.779842
0.635555
-4.012416
-0.740145
5.475417
-6.461151
-0.054030
-1.812057
-3.038620
-5.335117
-3.326238
1.046331
6.504831
-4.532681
1.323629
-5.837679
-1.512636
4.227557
4.718392
-4.946218
2.014070
0.977922
-2.798954
-6.305735
-4.771107
-6.596477
4.139931
0.572357
1.260663
-2.206925
-3.352655
-6.212638
-1.199039
3.247140
1.804936
10.379220
-1.508825
-1.007149
2.779719
0.917028
-3.554163
2.622821
0.655696
-4.922387
6.379467
2.142548
-0.177456
2.477635
-5.029863
2.742145
3.478415
4.994742
-2.756390
4.372687
4.200613
8.042088
2.249488
8.106302
-3.969471
-2.219765
-2.657372
1.039280
-9.142513
3.101992
4.838775
3.077922
3.913087
-0.576780
-2.936599
-1.744987
1.784736
-2.205360
3.785192
-6.299054
4.551627
-2.619009
-2.410550
-5.609141
-2.932829
-2.249118
-2.388656
0.657519
1.412674
-1.719723
-0.285696
1.872618
9.233137
-1.934853
0.668785
3.302426
-5.850978
-3.514024
-2.041953
6.750510
5.801888
-0.335563
3.371749
-0.237067
3.345045
3.277228
2.626756
1.616499
2.190956
-6.391045
0.324209
-2.438521
-1.805368
-4.929307
-3.727769
0.132492
4.838953
1.986513
-5.666349
5.248757
1.189523
-0.670656
-3.044084
-1.585199
4.489356
1.614589
-2.542824
-4.820635
5.491060
-2.033422
-2.607702
0.883049
2.608405
-2.594072
-0.895293
-6.766741
-1.681272
5.975432
1.713250
2.183056
-4.262261
9.472311
3.978366
2.843758
3.158699
3.677038
-7.299856
-1.600801
1.731736
-4.210186
2.395435
0.359092
-5.180779
0.729067
-2.120752
-2.517106
5.140861
1.932466
4.638060
-3.297430
-5.884972
-1.017816
-1.300062
1.133576
-2.043864
-5.127020
1.008752
-3.435498
-6.484532
-0.370019
0.394051
0.380178
3.514549
-1.518557
-6.158831
4.506408
-5.178251
-5.541100
-0.129173
-1.312001
-0.250047
-2.237939
-1.096449
5.317898
2.748069
0.487870
0.932469
-2.224963
-0.964691
-5.461075
0.067574
-1.621021
2.083455
-4.614563
0.374589
2.602992
-8.903680
-3.424257
1.364668
4.397422
5.618220
-0.506199
6.123779
-0.604057
-8.178162
-0.223296
-4.571291
7.483289
5.083398
-2.066139
-4.877254
1.041341
-0.207577
-5.415096
0.916484
5.616840
-2.427085
2.897476
-3.840819
-2.902614
-8.682107
5.398776
1.135189
2.651279
-0.238779
-1.975904
5.353047
-4.713453
-3.055223
5.411573
-1.729145
1.088750
-2.434552
3.020414
6.660219
2.305918
6.598478
3.308805
-4.014761
1.014691
-7.877599
-8.972563
3.318359
1.245261
0.954785
4.592278
4.224340
4.815998
5.526337
-2.955447
-0.842709
-2.610426
2.840603
1.736850
-6.191654
4.345450
-2.346026
3.203839
-0.705386
-3.118261
-1.108765
-4.414554
-3.961242
10.739809
-0.943382
-1.593204
0.107582
2.682720
0.291950
-1.472536
1.327512
-0.784759
4.758299
-1.648957
-6.552212
2.208856
-2.323266
-0.395426
-3.201277
-0.038031
-7.168555
-6.695803
0.257969
-2.431114
0.284310
-2.469000
2.933501
-4.122007
-9.497972
0.854999
4.184733
-3.182698
-2.055965
3.839888
-3.133608
0.370565
-7.431612
7.074267
1.091040
-3.959358
1.880122
-2.858797
4.664636
-3.981356
-0.246743
3.026642
-0.583633
-7.474563
-4.048571
-4.765754
-3.598949
5.552620
-7.609387
-3.468063
-5.879629
1.201935
-0.403829
1.261591
-2.391664
0.249209
-5.533892
2.433302
4.308702
-2.502646
3.095484
-6.434657
-0.980031
-0.007108
-1.467178
4.607452
-7.137878
1.211088
4.206730
1.520771
-2.434929
-0.981943
-0.029443
1.635057
-3.478388
3.476355
-1.297824
-6.883866
2.925631
-0.897173
1.439767
0.826900
0.650503
4.616827
3.664473
-3.298823
-5.481666
2.127439
5.868806
0.409197
6.347340
-5.843209
-4.656762
3.252253
2.283133
1.184022
-3.110552
-3.550486
0.850783
-0.722291
-1.497613
2.117721
0.939993
-5.055848
-2.258891
4.279592
-3.649260
0.333408
3.770802
1.773488
8.089049
-2.547957
0.505609
-2.026078
3.518030
3.013164
-0.908822
0.019945
-2.083269
-2.296638
5.341693
1.183614
1.962235
3.422641
2.639805
-4.947146
6.305576
1.055482
1.180763
1.886315
4.318376
-6.100195
3.787874
1.510534
4.921855
-1.247578
7.923059
5.299068
-2.629526
-3.923121
-0.321012
0.965537
-1.368526
1.378587
-5.129515
2.454792
4.961444
-3.498501
-4.295125
-0.430873
0.211433
-1.204358
3.566866
5.141100
6.836637
-4.234598
-7.313775
1.470820
4.551972
1.817993
-0.363088
6.851642
-10.592438
-3.887271
-6.760390
1.336619
-1.182729
0.735179
2.862950
-6.146772
2.883441
0.507603
2.374782
4.626894
-2.112637
-1.830732
7.903759
0.989984
-0.511282
1.979083
11.682582
-4.546181
6.467865
-0.964410
2.780478
3.570015
1.886551
-3.587284
4.569241
2.800359
5.080004
4.608697
3.687812
5.285683
1.941196
2.870695
-4.488769
-1.464065
-5.606892
3.040800
-0.759702
-4.709555
3.727484
-0.839831
-2.165217
-5.509062
0.157111
2.381711
-0.767966
5.304402
4.371598
2.744028
8.912904
0.814107
2.482299
2.884076
6.097681
2.456169
-0.129101
2.739586
2.513190
0.438471
-1.506827
-5.194168
-3.504546
-0.347445
1.956605
-8.505447
3.895546
-11.941433
-3.358855
-4.673277
-9.087070
-6.049089
1.014598
-3.491497
1.423740
-2.654573
-6.405301
2.763790
-6.512915
-1.075113
3.167770
-5.865248
-2.263808
-2.820648
-10.159378
1.309148
1.611348
-5.998036
-4.690744
-7.274712
-3.418443
-5.113900
-6.508657
-5.275959
3.617416
-4.205800
-7.708666
-3.475837
-0.515238
-4.420163
1.952160
-0.657950
6.313077
-1.058291
-3.682434
3.329974
-3.949440
-2.654073
-2.763973
3.753253
-3.765420
0.349410
3.434503
-0.481911
-2.777436
0.058775
-1.810844
-4.700735
-2.730617
-3.924144
-1.040054
-1.950610
1.958047
-0.746180
-7.236190
-1.195283
-1.368128
-11.702537
2.545903
1.315171
-0.004554
-1.064312
1.475013
-1.744561
-5.818886
2.852508
-4.856918
-6.438941
-4.530363
-3.925687
-7.254694
-5.997193
-4.164753
-1.209343
3.496021
3.936389
2.943315
-0.077504
-9.000348
-8.968613
-4.426527
3.691584
-5.823174
2.319755
-2.218085
4.207262
-3.526433
0.374003
-1.838612
2.521118
2.636857
-2.387043
-7.407763
5.630978
3.956825
-5.193428
1.938310
1.588648
1.797023
1.033951
0.869799
-0.446442
0.687794
-1.398348
0.810552
-0.002448
-3.053482
-5.273704
-17.177103
1.389821
-6.252706
0.941392
1.987232
2.139492
6.278639
-2.166009
-7.052445
3.086475
2.238268
0.596468
-7.146267
-2.798621
-4.440404
-3.913880
-3.865303
-0.258731
0.549629
-6.500462
4.566554
7.947364
1.544569
3.531401
-1.659323
0.457029
6.790223
3.777107
5.880053
5.437883
-7.962443
5.367238
-5.841033
5.810482
5.403898
-0.050887
-5.041377
4.104289
-6.627419
6.174711
5.396078
-2.919455
3.868268
-3.976466
-6.040784
-3.386875
8.487742
0.633443
6.345434
1.928845
1.017331
-7.647544
-4.314973
3.719010
4.683901
-2.077529
-2.324612
-0.132185
-0.629198
2.921567
4.013632
-2.244096
-5.230694
0.127334
3.478892
-4.397901
-2.036810
-5.090567
2.063735
-0.533075
1.365298
-7.519262
-0.504363
-7.370446
-1.624870
3.825185
-2.574955
0.065652
-8.079140
0.741381
7.846497
-3.352351
-4.382030
1.091084
3.322224
2.691965
3.496617
-6.282378
-1.570286
6.638713
4.069592
2.239424
8.219729
4.659016
-3.708296
1.732376
0.978138
0.008817
-1.441928
4.003962
1.042002
-4.693248
4.651396
1.301719
-9.846908
-9.627637
3.126157
-3.611175
-1.312024
3.286976
2.449984
5.047107
-4.583305
-5.350755
2.716654
-8.147730
-0.334114
-5.583197
2.468377
-1.542214
-3.608955
1.357481
2.426953
1.469886
-6.029767
-4.047949
-0.318511
2.862094
6.909531
-8.211001
6.124031
-2.458338
-0.517149
-0.355090
-4.868307
7.988844
5.519774
2.215679
-0.972458
-8.123531
1.967409
3.270734
1.140485
-5.103957
-4.780574
-6.034307
-4.585206
-3.854158
-3.411730
-2.636724
0.308731
-1.862362
-3.675236
-1.536200
-4.156359
5.482656
3.015736
-3.251436
6.221886
-2.565509
-5.849016
-0.076315
-8.171805
1.114107
-2.234573
-3.772162
3.472494
-8.022365
2.872823
-1.643242
3.485317
-2.317363
-3.422282
-2.867374
-5.226403
2.820055
-6.412622
4.915714
0.806294
1.117995
5.302599
-5.025755
-11.054891
3.867894
0.115713
-2.167049
-0.329016
1.290456
-5.076699
3.858608
-1.734812
-1.394747
-1.266946
-2.879266
-2.073301
-3.917267
-2.250983
-1.437899
4.727282
-3.176580
-7.707515
2.847026
-4.693049
1.408641
4.084456
-9.939519
3.113225
1.408966
3.344090
-5.126989
-3.666766
-2.370070
-6.747226
-2.196634
1.876323
6.449780
-2.092815
-4.537162
0.773130
-0.839110
-9.232274
-2.413240
-0.987913
-0.462140
-2.890878
2.552075
-6.692451
-8.678715
0.576854
-7.679040
1.715349
-0.513246
1.131299
-0.723284
0.157133
0.458876
0.570256
5.433675
-4.723245
-3.311990
2.066829
-3.346284
-1.229808
-6.469699
-1.532403
-0.334447
0.823097
5.538805
1.211401
2.696877
2.056450
5.283358
-3.030397
-1.274302
1.295030
1.231664
-17.937263
1.132967
4.301246
-1.068559
2.685562
-2.403860
-1.391609
-10.797559
1.912716
2.293162
-2.467096
1.067890
-1.157099
-2.699034
-3.651139
-3.018912
6.862259
-4.387500
-3.370688
-3.945768
-3.704469
-3.687878
1.308713
5.437140
3.728354
0.121997
8.661408
3.324304
-3.657916
-5.160871
0.836009
1.782544
1.312873
0.843111
-2.759268
-5.005248
2.952475
-2.540446
5.684567
-2.120984
-3.179115
7.701292
4.693047
-5.016801
1.647748
1.395507
-5.307776
-7.335938
-2.498805
2.580191
0.903489
7.089127
-2.998805
4.566541
-3.950788
6.612544
4.767297
-0.467263
2.947481
0.171725
-2.516363
4.232706
-1.746526
-6.362000
-2.265825
-4.408201
4.857820
-3.098569
-0.826187
2.679319
2.642345
5.600273
0.414206
-3.388958
-7.666611
5.196278
0.357183
4.450665
-3.857834
0.702192
-2.128887
-6.051614
-3.179956
-2.839412
-2.981902
5.360659
1.387771
-6.375991
1.972116
3.144513
-1.946412
1.517974
-1.709328
3.451071
3.612899
-2.092489
-2.170910
0.043720
1.210499
-4.572821
4.805197
-7.439444
0.659602
0.856666
-4.282775
-8.060284
2.620404
1.164238
-2.852290
0.396190
1.859586
-2.953530
3.446651
3.025816
3.549678
10.493598
3.834497
6.352227
1.905412
-2.121050
5.611969
0.793837
1.853248
4.074969
5.261091
6.119854
6.587934
-2.904974
6.113957
2.733681
0.477503
1.529995
-2.622242
-4.451200
3.419661
-8.409912
-7.425321
-3.279515
-4.148486
1.789096
-1.769040
4.416552
0.541857
-7.434949
0.064425
-7.491547
-0.281843
-4.589319
-5.554915
-0.809788
-3.686899
1.632673
-1.712366
1.497422
1.517401
-0.272498
3.219715
3.877193
4.710685
-3.901652
2.726525
4.135525
-1.964221
-0.849521
7.806248
-1.527383
2.892892
7.588239
-4.973366
4.132371
0.171909
-8.688532
-7.225266
5.061205
-4.273757
0.049107
4.196328
9.588081
-0.682008
2.173289
4.423048
4.022000
-3.895536
-6.233630
1.511217
-4.349902
2.225813
-5.158757
-3.055434
-1.054771
6.003860
-4.010428
5.647262
2.287922
5.467806
-2.517349
8.457958
0.444647
0.251831
-2.552551
-1.153512
0.054712
1.400363
-1.406818
-1.090938
1.654624
-8.908249
4.405810
-1.427633
2.127721
-5.586010
3.632349
0.702477
0.264336
2.220610
5.453854
5.826797
2.642092
3.721914
-1.835899
4.213875
5.361168
-4.933577
-2.773484
2.729886
3.288345
1.863017
5.337021
-2.142971
-9.420947
1.029101
4.033401
3.512112
-6.954680
0.208516
2.217387
-0.435079
4.920866
6.596016
0.444984
-0.653955
-2.176816
-1.080725
-4.403994
0.891933
-6.101210
2.758827
5.769786
3.582471
1.921454
5.367886
7.581026
0.396535
2.864487
7.289750
-2.958364
-8.839413
-3.154349
9.080480
5.270953
7.359818
-2.164144
-1.245666
-1.693283
1.496674
2.106632
-5.375438
1.709039
0.423728
2.495271
3.070386
-5.025671
4.079133
2.464752
0.005862
-0.632865
2.347370
-3.964835
3.530697
-3.132555
-3.560175
2.442053
3.311910
-1.076080
-1.889260
4.312852
-5.452908
1.773603
1.962575
-4.673155
-4.871275
0.656177
3.390764
-2.286335
-0.536903
-3.931110
-3.322914
-4.592597
-2.575402
-8.867452
5.581600
0.212401
-1.912166
-3.427371
-4.005295
-6.569537
-2.905777
-4.419086
0.981595
-3.394683
7.123644
2.519338
0.408808
3.576077
-0.127325
4.339204
4.841095
-0.054841
3.597494
-1.010675
0.052705
-4.951596
-0.389291
0.431868
-1.012897
2.646385
0.503758
6.359955
0.162649
-0.378391
1.395630
-0.156743
-0.593619
-0.812488
2.430412
0.860483
0.328096
-1.518607
-1.205902
-3.405302
1.651188
3.082232
-4.406211
1.077300
3.507899
-3.361661
3.534093
-2.146903
-5.280188
3.173855
0.521937
1.048700
0.932666
4.454412
-4.737540
3.957276
-2.721263
-1.216911
-4.814893
0.461402
1.994172
4.202352
-2.964578
0.054772
-2.791195
-2.784081
7.228961
1.377896
-3.551463
-4.723498
2.187826
7.480458
2.067048
-3.535875
-4.910896
-2.697623
-4.456092
0.715686
1.938868
3.715972
2.599099
-0.097771
3.449689
-2.104386
1.663354
-7.176367
-3.712781
-1.901236
-3.755833
1.909187
6.461923
-5.150733
-1.264252
-2.266272
-5.949669
3.379067
-0.980635
-3.475969
-1.003842
-0.471189
4.244949
-2.332378
0.252603
-0.383054
2.465002
2.335643
-2.643014
-1.162312
-4.588243
-5.846250
-2.329500
3.388127
1.549899
-1.796575
0.467334
5.112525
2.937961
-7.577908
-0.935703
-0.243647
-5.659919
-5.417768
-1.404532
-0.956205
-2.400181
0.953822
-5.386172
-5.239488
3.256418
0.130819
-7.472005
-5.495078
2.087640
-5.920926
3.084377
4.495683
3.856755
-5.245545
4.582539
-0.554141
0.957374
3.400344
4.800086
-4.620859
2.876095
-0.238545
-2.655684
-3.247186
5.498252
2.245641
-5.013453
5.386424
1.687458
-4.166760
-1.366461
-0.586565
-5.230858
2.290902
0.710472
3.508413
4.451123
-6.809222
-4.118965
-1.691480
2.639247
0.421914
2.884289
-0.895203
3.618725
-4.750214
3.484980
3.638996
0.821666
1.231271
2.634395
4.868800
1.206032
-5.021201
-4.418792
-0.949952
7.381672
0.732644
-0.487769
0.176617
-3.600082
5.439492
2.633317
-3.912432
-4.220888
7.305049
-0.394102
-0.682553
-2.662681
3.300324
3.168074
-1.743437
5.980041
6.449134
4.784973
-1.043030
-2.568963
3.873309
-4.683592
4.074952
1.101225
-2.650780
3.368461
4.072641
6.366765
1.046938
-3.267591
-6.097318
1.087262
-6.307555
0.618630
-0.292063
-1.098658
-1.900919
-4.780820
-1.641013
-5.973034
1.214286
-4.717040
0.597005
0.549771
-3.006494
3.732611
-5.702740
7.237675
0.401717
-2.281820
4.209447
1.017488
3.743476
-1.863070
4.968255
-1.541270
1.337876
-0.135044
2.225539
-1.609031
-0.090306
0.602953
1.692514
-3.186190
-5.167084
-3.751343
-1.499987
7.510766
-4.595012
0.302924
9.066116
0.985381
-2.073555
-0.389702
-3.276966
1.302700
-0.875776
-4.385064
3.423813
-4.165876
5.037713
3.632161
-0.687838
5.634652
-0.627629
-1.023685
-3.898396
-3.351324
4.400090
5.089363
-2.464298
-3.681394
-1.214087
5.426455
2.818568
-6.074835
5.262957
-0.220658
5.429088
-2.186640
-2.735119
-4.712541
2.744058
4.826295
6.435466
-4.855022
2.423755
-1.092402
1.868382
2.654157
-1.750421
-4.279602
0.013879
-0.662225
-2.106057
-4.733564
8.365732
-1.886401
2.493271
-2.935123
0.586216
5.213173
-3.425329
-4.342877
3.268066
2.724616
-0.037010
1.929746
-0.715827
-1.904288
1.486964
-3.437993
-7.683734
-3.588296
-2.519609
6.649340
6.072984
1.285267
-0.803197
2.812995
-0.074282
6.781499
-2.222582
-3.224795
-4.440423
1.587859
5.490214
0.792147
4.083418
2.669763
0.094796
0.431168
2.009774
4.653437
-1.631660
3.154743
-0.828533
-1.643958
-0.699617
-8.118971
-4.671422
6.819476
3.065210
-0.997081
2.158067
-2.540458
-7.007612
4.391649
-1.405448
-2.302914
3.174351
0.962660
0.992470
4.556327
-5.652717
1.556040
-1.426131
-2.028380
-6.866538
5.975205
5.231494
3.366348
-1.883128
1.466603
4.538277
5.622905
-5.842774
1.492345
-3.774008
-0.068176
-1.817283
0.371752
2.423182
-2.288866
-1.482509
-3.941377
-0.144239
1.134443
-0.276653
1.118689
-6.954690
3.253705
-3.527677
1.609272
-0.036639
-0.030330
3.802896
4.581151
-1.366435
-0.170436
-6.482563
1.274787
0.397469
3.457136
4.266202
-5.256872
-1.494196
-2.207332
1.568919
1.565029
2.646379
1.421585
0.417655
1.170171
-4.580687
3.977192
0.535810
-4.773564
4.090024
3.514655
-5.708400
6.788683
5.000131
-3.635731
-3.041309
-0.905438
1.795229
-7.356655
-1.248993
2.121412
-1.486704
-1.177720
2.036304
-4.673227
-7.826847
-0.096425
-0.050942
4.782878
-2.032793
-2.880237
-0.481588
-7.626456
3.241235
1.268184
0.433359
-0.774806
3.885263
-7.220732
-4.063000
4.626750
-7.917221
-5.859693
3.887615
-0.513367
1.962942
-0.375661
-0.919549
-1.616130
2.771751
4.711370
-3.861878
-10.282898
2.387466
6.943972
-2.007075
0.665324
-6.205111
-1.313131
3.031947
-0.973635
-6.840194
-0.015952
2.606891
6.677066
2.019519
-3.583933
2.669676
-2.055201
4.213645
8.061137
0.204922
0.384325
-5.186365
6.770669
-6.283380
5.691199
-8.645185
2.240546
-0.226291
-5.642834
3.219665
2.405486
4.154310
0.013766
2.827474
-2.046777
-4.925870
-2.725011
2.041970
2.435527
-0.322147
-1.164705
-4.893368
5.186211
-4.809485
-0.976863
-1.159230
1.713661
6.321823
3.328232
-2.999336
0.114275
-5.716701
-6.070590
0.444458
-6.767057
4.482315
0.772011
2.958876
-2.306838
0.903768
-0.430690
-1.638588
-2.402752
-0.230256
-5.062731
-3.193455
-3.023614
-6.367646
3.515897
2.692810
-8.824735
5.387979
2.322026
1.126781
-3.561086
-0.252487
-0.168914
-4.332427
-3.652020
0.421179
2.187957
-2.224928
-4.347997
-2.408850
-4.585061
0.309838
0.392958
-3.559870
-7.070945
-4.317077
-4.942011
-3.335266
-1.905745
1.571141
-3.014335
0.671264
-7.141921
2.272347
4.375467
-1.041752
-2.103522
-0.228265
-0.163230
4.620202
-0.424522
-6.870470
-4.903987
5.056588
-1.372693
-0.852943
-3.540096
-1.379147
0.325556
-1.736095
2.305426
-3.108643
7.096638
-3.796732
-3.017838
1.658155
-3.777065
-1.436509
1.804073
0.018515
-4.307275
3.899095
3.174646
-2.270288
0.005721
-0.458840
-4.938881
0.529220
4.563276
-2.284169
3.487548
-1.673199
0.551510
-3.918231
-1.673214
-0.490023
0.633351
-1.351055
-3.044804
-2.665658
-6.950812
0.389452
1.753371
1.206406
-2.330807
3.179221
6.790625
0.107870
1.594707
2.934650
2.606368
2.882608
3.541775
-3.078695
-3.482816
-4.535559
0.545828
-1.098513
2.242125
3.185435
3.843086
0.157856
0.105524
0.155748
3.817137
1.139868
-6.609551
-2.786767
-3.320939
-3.521267
-2.647307
2.043601
3.138991
-4.472805
-6.763141
2.927439
-3.655309
-2.866331
2.219703
0.547588
-2.323233
1.895468
-0.724090
0.594181
-0.737184
-0.248823
-1.573030
5.336792
4.877314
-3.002013
4.564055
-2.993627
-5.006239
2.507011
5.130243
2.606932
2.131546
1.752246
0.799002
1.789705
-4.143914
-0.420886
5.329578
-1.774464
-1.584805
-3.816019
-1.123846
0.887994
2.904706
-4.348807
-1.660562
-2.873191
-1.137243
-1.337285
-1.519241
-3.603870
-2.103729
4.346416
3.908570
0.969450
-4.977227
-2.045323
-0.397873
-2.313015
-4.810045
0.641165
0.821101
-0.778908
-3.603832
3.508965
4.816074
4.994479
2.198344
3.402524
3.004115
-2.499095
-0.947547
-4.213919
-2.491097
-3.137841
-0.366902
-7.781038
2.258916
3.612965
3.519223
-3.472994
-0.236050
2.115173
-3.261461
1.123533
8.214074
-2.163306
2.533510
-3.840706
4.299261
6.253376
-0.776350
0.883015
3.440209
5.391103
-2.047290
5.090800
-3.055188
4.968684
2.720497
2.233614
-1.049189
-6.216476
-2.098311
-6.895491
-1.372338
-2.043115
0.960153
-4.088469
4.472998
-6.541090
-6.029056
3.828779
3.182984
1.744276
-0.837305
4.574154
-2.639594
0.381015
3.471076
-4.822296
-0.160540
-6.348466
3.033068
-8.573297
-0.395712
-5.752145
8.528882
1.082080
-6.861502
-2.034984
-4.730637
-4.340347
-0.445608
-0.170068
-1.652470
5.136146
1.111196
-1.862679
3.094480
-4.937563
-0.981141
-7.219645
-3.294340
4.132795
3.649472
-6.450763
-0.732031
-3.633115
0.264537
0.797159
4.624382
1.085943
3.054172
1.549263
7.228701
-2.717391
-1.713353
-0.064596
-0.935574
-0.547738
-2.192079
3.341923
-2.967652
-2.278713
-4.958705
-1.662189
-2.090156
1.527228
-4.183897
1.514689
-8.892071
2.947648
1.920026
3.797388
-8.206119
-5.084938
-5.873321
-3.510429
1.219730
4.058358
-1.586963
0.161858
-7.597588
-0.364617
-5.406044
-3.417298
-4.439366
-6.992418
-1.679976
-0.957867
2.021494
-4.132502
-5.055196
-4.888908
1.601592
-0.420265
-0.473877
3.959883
11.340777
-6.944037
-1.600936
-3.611628
-3.120547
-3.944878
-4.070554
-8.753183
-1.429966
7.893980
-5.556098
5.856875
-3.807343
4.863579
2.124413
-3.723882
-5.898700
-4.986246
-4.007136
-2.434623
1.071677
0.628644
7.339276
-5.379508
-3.833239
-3.992388
1.995919
-1.169286
-1.020487
5.113997
-3.611907
2.484967
-2.128347
-8.787339
-7.136186
1.923864
1.509491
2.370748
7.742959
1.663204
3.795987
1.582124
-2.823215
-1.332926
1.115843
4.320847
1.778333
-4.743086
7.232124
-8.975751
-3.023113
-2.046621
-6.510662
-0.342907
-2.295683
0.596570
-1.643242
-0.576659
0.872825
2.621138
2.540365
-2.637903
1.891360
-2.419337
-0.264916
0.475237
-2.096207
-1.396229
5.097728
0.007836
-0.175427
2.568145
-1.219812
-3.902678
0.808265
-8.668236
-2.296024
-3.198955
-1.298162
-2.463138
0.935462
0.494385
2.379316
-5.631876
-2.350491
0.736004
-2.723541
-0.085528
-1.191407
-3.083558
-1.957834
-1.597721
0.124112
-2.755343
4.667205
1.255418
-0.013316
-0.969028
-2.667322
-0.688971
2.799435
-3.902082
0.351806
-7.335594
2.001257
-5.608201
-1.579736
-3.354646
-0.483914
-1.006398
5.750770
-5.633945
0.241843
-4.331878
2.136939
-3.504019
-0.242591
-2.297278
-5.898668
-4.307126
0.930149
0.329764
-0.191669
2.831000
3.413744
-5.875917
-0.641871
-0.018743
-2.667862
-5.818976
3.480455
-0.185863
1.541113
-7.031820
0.595116
-6.602051
-4.002234
5.091282
1.188682
1.233673
2.736479
5.051236
-4.174430
-6.185656
2.076645
3.400042
-7.119009
0.997996
3.044385
-1.391886
6.096318
-3.010956
4.452065
-5.244723
1.975586
5.666849
-4.701851
-0.083451
-1.808621
-4.058374
-2.268650
-1.344559
-0.209152
8.332188
2.109275
-0.498925
4.732958
3.111445
-6.312606
3.936392
4.695087
-6.459302
2.753927
2.111348
4.204376
0.276925
2.232167
9.096393
5.213057
-0.369566
6.038879
4.187644
-3.048059
1.309347
0.731947
3.333038
1.247854
1.818550
7.284497
-1.269788
-3.418265
-4.161710
-1.360488
4.286689
8.279017
9.166787
-7.790391
4.007339
-7.065361
0.159037
9.050500
-3.493973
-0.087606
-3.906090
-5.767746
4.516085
8.701279
0.374721
1.620900
-0.672561
1.482867
1.987217
-3.572915
7.160050
7.964901
-7.394597
-1.446215
0.716362
-4.225486
-2.622701
6.204243
-7.130784
-3.085217
-5.361918
-0.285315
0.323682
0.696515
-4.536858
6.468798
2.559289
2.671629
-4.811316
-2.440591
-6.298900
-2.004472
-1.980966
-5.559223
8.081949
1.296463
-1.031848
-3.409314
-1.923552
3.135747
-4.479232
6.756590
-2.401640
3.061651
-0.513251
0.940615
7.428717
-5.236503
1.876611
9.371848
0.278107
2.593131
0.204724
-3.715368
0.046862
4.056549
2.434539
-6.797577
6.073257
10.527259
2.976687
-0.014410
-6.516026
5.405529
1.241960
4.084885
-0.873615
-0.915967
-0.738611
-4.408223
1.564239
-3.224036
-2.320564
-4.315970
-1.374261
1.692647
-4.022428
-0.097902
-9.108447
4.709731
-0.824164
-1.427155
-4.796385
-2.019908
3.010096
9.917924
-1.407380
1.486674
-1.871529
-7.183633
0.579694
-4.146108
1.681670
5.633280
-2.906687
2.147802
0.336471
1.086410
0.820710
-0.249925
-2.609518
-3.170163
5.699626
-0.902613
0.418295
-9.093510
7.480584
0.919039
-0.000180
-0.210495
3.801727
-6.878712
2.161501
-1.685423
3.752714
-1.239266
3.031088
-3.600452
-1.369919
4.664719
0.124287
-7.426625
2.014647
-4.132427
0.533000
-2.365657
3.784211
4.132067
-8.647656
-5.559819
4.189540
3.897781
-7.283651
4.601874
2.323325
3.477393
6.093328
8.061789
-0.875217
-0.940982
-0.332239
-2.242760
1.091468
-0.295019
-2.824509
-3.179243
-0.146909
6.495520
3.295049
0.243291
-4.723448
-0.546333
-2.995043
-5.442236
-4.187225
0.716017
-7.091563
-0.701781
-2.989458
3.514366
4.511596
-5.583681
1.387293
-2.944350
-2.359872
-4.856628
1.861356
0.188601
-0.963307
-1.057484
5.390688
-0.733449
-1.623874
2.995018
-4.740840
2.897384
3.770607
1.472497
1.894898
-2.321627
1.644654
8.739390
-4.172553
6.805840
4.799733
-1.812139
-5.192704
-2.481973
1.848807
-2.866581
6.304376
3.741938
0.993499
0.263414
1.300057
-1.812092
0.342712
-1.662776
1.411312
-0.971967
-3.296160
-2.530361
-2.145802
-3.553683
2.857502
3.231470
0.549243
-3.443560
-1.090794
1.171867
4.979623
-2.647307
3.312590
4.758086
-2.544793
3.502313
4.664635
-0.691419
-2.276083
1.871008
-1.247834
-5.340969
-1.197595
1.044696
-4.439785
-4.231025
4.664510
4.158360
-3.489881
-4.937099
2.997684
4.856151
-6.299025
-1.220108
-4.138084
-0.241074
4.086914
-4.856166
-1.592813
-5.329442
2.079691
2.342618
1.098998
2.133908
1.986539
-0.849006
1.737370
3.664256
3.425196
3.757548
0.269987
-0.068261
2.016753
1.849885
3.657681
-4.191294
-7.692702
-3.448864
2.024671
1.349044
-0.188063
-4.532572
0.512618
-8.948213
-4.514050
0.000522
1.314241
4.141726
4.102614
-4.706945
-4.446669
-5.477873
5.030182
4.569037
-9.236489
0.015273
-0.808126
-7.913831
1.976630
-6.256873
-5.343925
5.747171
3.230717
-3.734373
-1.308738
-10.710829
-5.065917
-1.704213
-1.267149
-5.240096
2.376731
-3.787711
-1.845049
1.578688
8.016573
-1.069114
0.757995
0.777059
-0.382149
5.125828
-1.475360
-0.629263
2.414376
-6.630661
5.655873
6.179961
0.099555
-1.373380
0.403674
-7.835442
0.739232
-4.540142
5.768769
-2.774325
-0.011220
6.573792
1.094883
-4.959918
-4.009160
0.121747
-0.061038
-0.902283
2.355909
1.863844
-2.344430
1.602230
-1.467526
-4.580308
-5.746750
-3.356877
-3.101018
5.867488
-1.632684
0.619541
0.153377
3.101670
1.826116
-3.345060
-0.878373
-6.112451
3.994292
-7.957154
1.391754
-3.249904
0.935566
-4.537938
4.481485
-7.009725
1.528769
-1.540076
-5.809749
-2.783147
1.078073
-6.449215
2.635441
3.775130
2.542742
-2.587787
7.069867
1.168964
2.299747
-6.650949
-2.491021
-1.778335
5.785651
-2.512516
-1.316897
6.777269
-0.778949
7.466405
1.459807
-3.698783
-5.398387
-4.060040
2.090459
7.145319
2.334864
-6.040556
-1.398656
-6.324308
-1.945532
8.683198
-5.564831
3.038111
10.272221
2.563529
-2.027615
3.341036
3.934477
7.050928
-6.439655
-2.301654
-6.529562
-5.788610
3.255162
5.279780
0.070152
-1.783969
0.904954
3.081344
-1.827904
2.112482
-5.904192
-6.214895
-1.595083
0.666127
2.565674
-2.496010
4.205012
-0.109558
-1.821787
1.477627
-2.090665
-6.990408
-4.905558
0.969527
-1.126957
-5.537127
-7.410980
-7.905124
-4.376694
2.421714
3.345744
3.498929
1.841976
3.572606
-5.454347
2.550997
-5.659737
3.134348
3.204531
-1.910258
-1.434852
1.436372
0.856896
-5.399633
1.630943
-1.165166
4.589139
4.703040
-2.673984
-4.917112
0.338165
2.474284
3.483043
4.957426
-3.201706
-0.000394
2.630187
2.285677
2.537041
3.698763
0.597324
-2.955826
-5.721741
1.502854
-3.714691
-2.471743
0.048775
-1.709972
-7.082283
0.823347
-3.503020
2.871590
-1.462230
-0.863878
-2.446266
-2.062693
2.308224
-4.685838
-0.505962
2.053649
-5.387715
-4.710886
-1.461095
-0.552054
2.371797
-2.462740
-8.640182
3.514691
-5.565644
-3.525021
-6.238129
-4.597635
0.199311
5.222308
-0.120159
-4.302862
-4.287642
-0.007280
2.472854
0.898051
2.348641
-0.755803
0.235500
-1.985850
-1.503097
1.777798
-5.886296
3.223151
4.524292
-3.427279
4.582973
1.264275
-4.564179
9.718009
-0.645298
-1.814222
5.283094
1.642790
-6.860290
-0.722813
-7.711305
-0.112230
0.252572
0.149466
4.717600
-1.120072
-4.863629
3.597028
-3.881671
-0.229768
-3.695309
-1.589189
-7.809922
-1.728008
1.300841
-5.026274
2.894192
-5.566014
-0.246816
3.691019
3.113630
-4.443328
-5.245059
-5.663327
-4.535945
4.554739
3.408098
-3.115119
0.073258
-6.119770
-5.976460
-2.503078
-0.817815
-3.411711
-6.317109
-5.308242
1.178134
-4.182485
-4.622802
-1.472200
-6.926518
1.111888
-1.954936
-6.065785
-2.822838
-4.424254
1.131602
-1.291793
-3.821382
3.184793
-5.112652
5.093978
2.649731
2.401030
0.797828
4.632181
1.810286
5.244330
0.272206
-5.117336
1.102222
4.252833
-4.300346
0.723375
5.338256
-3.084265
3.387278
-1.210608
0.645782
-4.862928
2.132594
-1.096055
-0.121097
-0.289729
1.767396
-1.929334
2.910924
-0.751193
-4.230208
-3.616293
1.363427
4.102426
-1.470780
-3.034760
2.861879
-2.437671
-8.719726
-4.284407
-3.916203
-3.513135
3.456054
8.814487
1.604005
4.615690
2.641282
5.121525
-4.716501
0.390987
0.566663
-0.280861
-2.922137
-2.538650
-8.912159
2.058947
-3.330547
3.429476
7.483283
-7.882981
2.449279
0.505388
-3.581808
5.685996
-5.129839
1.690450
4.918219
-5.740603
-8.978210
4.971132
1.144425
-0.939018
-4.811516
8.708721
3.891062
-0.194879
2.877818
1.593001
-5.970869
-5.614495
0.706423
-1.632357
6.837470
1.922325
-1.568850
7.725058
2.262408
-0.405254
-8.761055
7.713512
-3.755339
3.285386
-6.468825
-2.624650
0.535737
-4.688127
-5.032741
-3.166522
2.601124
-6.359949
2.649001
2.652326
-6.618376
0.960573
1.808164
4.744510
3.780384
-4.385236
-3.353551
-5.604412
5.155639
-4.231691
0.062766
1.611822
-6.006789
-6.438232
-4.970763
2.570600
-4.430130
-4.341050
2.942402
1.180250
-7.237480
0.703140
5.235364
-2.695351
2.216111
-0.109334
-3.382728
-1.411773
-6.530602
-6.884894
-2.562041
-7.157583
0.021826
-6.399255
-1.624816
2.169910
-0.125974
-2.811064
2.641432
0.694325
5.615003
-0.171525
3.774654
-3.152259
-1.528967
0.413576
1.160805
-0.879007
3.320385
4.957600
1.240968
-0.237506
-1.128203
-3.544512
0.704561
2.461745
-0.469546
-3.435757
-4.367579
-7.093017
1.584685
-4.780599
-1.955891
-6.891573
1.111876
-1.863996
-3.150040
4.560539
-1.257255
7.376758
4.965432
-1.893478
-2.909309
-6.459646
0.388396
-6.234723
-6.732446
-5.939844
2.246131
2.403481
6.506624
0.901214
-3.935574
2.048453
-6.057174
1.005223
-0.090083
-0.208715
-0.403870
0.665029
0.282080
0.706590
3.197009
-0.896258
2.705096
-0.631971
3.002028
-4.215773
3.955607
-8.057806
-5.901978
2.205486
-2.764908
-3.763256
-3.280756
3.572946
3.727740
2.637797
2.452601
-3.551191
5.593979
1.057744
-2.492759
2.676399
1.590105
4.241192
-3.000673
-3.926741
-0.569347
1.159459
3.134595
3.175419
-2.121587
0.529965
-2.309813
-1.524195
2.655638
0.915941
-2.858691
5.552291
-5.066852
3.913358
-1.616727
-1.582295
-2.076787
-0.468594
3.105464
2.870266
-2.273212
1.434929
1.385206
-1.955442
0.372865
-0.480295
4.359750
-4.517196
3.989324
4.182079
1.904309
1.924070
-3.063110
-5.041083
-4.962607
2.158677
-3.770423
-5.499138
-1.017394
-1.731409
1.716614
0.227491
-2.722033
-5.381569
-3.335814
-2.644054
-5.217546
4.839303
0.300073
7.094795
4.453324
1.530613
1.683592
-4.478467
1.122825
1.727221
1.248846
3.432563
-4.920852
-0.873881
7.432150
-3.482029
3.659417
-4.546628
0.041338
2.859415
5.078470
-3.542598
4.817355
1.676531
-4.113744
0.469958
-4.743096
-4.768345
-6.370566
-5.470730
5.376483
-1.010100
0.043230
-3.876948
-2.126397
1.096125
5.287196
4.176710
3.368893
-4.210201
1.413468
-0.514418
-5.164714
-0.139690
-2.148599
-0.457340
-3.159410
4.455134
-2.253871
-2.219923
-3.904643
-2.011786
-2.631372
4.278564
-5.861918
2.056856
2.222799
-4.664863
-1.996217
5.867423
-5.171125
1.204985
-0.978717
-3.047081
2.126626
-0.872388
2.968153
-3.243509
-4.760424
2.687393
-9.150739
0.421661
-4.243892
0.331833
-5.006117
0.590849
5.641824
0.532569
-6.766384
-4.831655
-3.624492
-7.762539
2.089990
-5.232542
-5.397512
-3.765314
-0.747973
-3.282962
2.785785
-0.508572
4.191061
-7.099560
-5.589875
-1.985912
-2.662786
1.277596
-7.357129
2.981683
4.290702
-1.653722
-2.921739
-3.398495
2.294373
1.383001
1.090811
4.158165
-5.131254
1.143169
-6.072089
2.412875
-2.014124
-1.726282
-7.203055
-2.574251
7.029884
2.313440
-2.096961
-1.317175
-2.137127
0.025417
-5.043449
3.750043
2.472787
-2.907366
-1.999869
3.276003
0.141979
3.114797
4.529785
-3.185983
1.970158
2.460698
8.556824
-1.542330
2.008027
-3.965858
2.960660
6.747756
2.987033
-3.001539
-5.144064
0.839347
0.345116
-1.309729
-4.608654
-1.755244
4.201935
0.663009
-3.443176
1.256452
-4.891890
2.811163
1.386687
-4.830674
4.235442
-7.915957
0.266504
4.395869
4.195730
3.589499
-2.472638
0.444898
2.772421
-4.452599
-2.208387
-3.384033
0.631319
-5.315466
0.640468
5.131455
-4.370886
0.220451
3.987123
-1.668418
-3.026274
2.473104
-0.630609
4.332469
1.272909
-2.007756
-2.972102
-1.705194
4.827790
-2.675096
0.869173
5.030568
-4.450281
-0.317904
2.368618
-4.724905
4.111514
-1.964681
-0.344582
-2.565298
-3.459236
-2.091738
-0.079098
-0.226664
5.352213
-4.900133
7.265624
-1.254757
0.389909
7.241693
-0.294531
3.392198
-2.912724
0.256517
1.880995
3.754596
-8.720918
1.551052
-6.503200
-3.879195
5.672690
1.490458
-3.330784
-0.833768
3.920824
4.756598
1.820562
-6.881162
-5.912416
-6.915779
-0.756454
-3.283732
1.337774
7.757406
-3.753764
4.806355
0.591528
-6.771414
4.180524
-1.556250
2.504365
-4.938329
-5.169203
0.927158
2.315407
4.031740
-6.230153
-2.187981
2.770502
1.723198
0.696126
-2.700205
4.435882
-1.633467
-2.975624
-3.562992
-3.673329
3.940153
0.747251
4.651423
-4.160576
6.186397
-6.139270
0.900370
5.537516
-5.596156
7.839039
0.672269
0.086813
-0.930527
0.982661
0.032700
-1.547062
0.371307
3.519308
-2.668005
-7.656253
0.037801
-0.711830
4.778092
-6.049757
-1.915709
4.206776
-3.420033
-1.049255
-6.754390
0.423514
-4.245371
-1.548218
-7.291621
4.073491
0.817409
-1.093826
1.611606
-1.744635
3.653307
0.935207
4.264324
-5.611485
-0.760581
-2.648404
-2.995622
-0.703097
-4.304512
4.552733
5.494687
-0.371743
2.820161
3.537518
-4.918807
1.194726
-0.624580
3.192361
-0.463532
4.706135
-3.925630
2.483021
1.429341
3.264704
2.400523
1.765035
3.391673
-0.356839
-0.790305
1.435370
-0.510652
-0.753901
-0.036835
10.432752
-3.400177
-0.647692
-5.598659
6.934143
0.199664
-2.478595
-3.836898
-0.282870
7.292991
4.376829
-0.050482
-1.015122
-5.747545
-3.091119
-5.678727
3.879337
2.022286
1.347667
-2.302591
-3.482900
1.843898
4.277320
4.213832
-6.897851
6.760964
0.557234
3.057132
-5.180749
0.030515
1.653306
5.106545
-2.549284
0.934768
2.936334
-4.832809
1.067520
-2.901200
-4.175865
4.407600
1.497867
-1.095226
2.979553
0.139648
-3.290374
2.339666
8.002217
-3.460735
6.265020
-2.136148
2.677360
5.717528
7.062196
-1.151776
-0.630796
1.800242
2.076786
0.027571
0.434742
5.808740
5.932700
-0.481705
6.919404
-2.692082
1.663987
-0.373965
3.759598
4.122891
4.532556
-1.819943
-2.551138
7.480443
3.595316
-6.804814
4.005183
-6.662846
-5.118558
-0.847661
-1.364027
4.014688
4.853677
5.402257
-5.514652
-2.401789
7.103385
4.225618
-1.332429
2.154405
3.946227
2.121152
-0.023290
-2.083770
1.770970
5.713383
-3.239322
2.308691
6.083302
-3.506540
1.457173
0.912857
-0.820670
-1.506691
3.992198
-0.436196
-6.897389
5.929868
-5.190509
-1.294777
-0.137197
6.510594
2.563030
4.379084
1.197665
4.886233
-3.579283
-0.137826
1.261709
-5.624774
-7.110791
4.706722
-1.646926
-4.506980
-1.749812
4.665838
-6.040317
-2.608068
3.156994
-2.290955
-5.442318
0.217184
-5.854602
-7.342959
3.537329
-4.005033
0.275200
-0.019424
-4.833880
5.006799
4.763904
-3.525885
-10.049780
3.634832
-3.689770
-7.855384
-1.768892
-1.853396
-1.374402
-5.121151
2.405212
-1.360517
-6.542062
-3.440492
-1.962948
-2.025081
1.059240
-9.027141
1.967293
-5.057644
-5.111089
1.812367
-0.675727
6.946873
-4.321640
7.852597
-3.214626
-0.504890
5.687327
0.364412
-2.468534
-3.146507
-0.426535
-8.443201
-1.464960
-3.008559
-7.578695
-5.970031
-4.660053
-3.383664
-2.748968
0.279109
-5.798855
-7.710975
-8.626768
2.730094
1.530470
-2.283872
-5.373008
-5.137455
0.843560
-0.069064
3.565473
-2.091941
2.891378
4.531393
4.873989
-1.242815
4.840986
-4.080367
4.290467
-0.097607
-5.161944
0.892222
-3.731454
-2.284190
-7.167963
5.103625
-4.059505
2.029185
-6.101688
0.158480
0.859264
-1.915636
1.861146
-2.393609
-3.118187
-4.027241
1.203948
-7.314008
-7.463913
-0.629925
-0.254876
0.756998
1.184617
0.616995
1.152670
-5.338740
-1.211641
-4.191645
-3.549819
-4.189511
-0.082973
2.055874
4.618640
-3.280025
-2.172952
-5.469329
4.686793
-3.394758
0.021032
-3.168097
0.870582
4.201159
0.377908
-2.833706
6.872079
1.874145
5.367696
4.691412
-3.458962
-4.298729
-6.983248
-0.128830
-0.559127
-3.627973
-4.944826
5.896310
-0.468086
-4.831820
-3.816807
0.334575
6.967657
2.311940
4.430574
-1.857159
2.649375
0.618569
7.400387
0.583299
2.096753
8.343430
-5.158386
5.720496
2.104949
-5.874109
-1.075058
0.979990
3.702163
2.906374
2.719564
5.826678
-3.023655
4.429566
1.848932
-1.449028
-4.878740
-6.501215
1.515184
-0.386588
-4.595071
-1.484758
-1.559667
4.271344
3.471823
-1.484100
-4.770817
-3.193287
3.494056
-4.139560
0.923146
4.627925
2.066728
1.615332
5.361045
-2.570960
3.944140
-4.344762
3.182690
-2.551135
0.279443
-4.078800
-0.507883
-4.735065
-2.186182
1.381300
-3.099292
-4.309731
3.287009
4.770147
-0.895154
-0.984690
-3.748856
-2.786789
-7.312469
-1.041200
-1.897472
1.891664
1.346331
4.381699
1.149803
6.341209
1.933345
0.910205
-6.760393
0.742929
1.845997
5.120837
-2.821079
1.978316
2.419813
2.875033
2.702605
3.824462
-0.981180
-3.031707
-1.533283
2.317574
-6.115724
-1.875800
-3.431810
3.934260
1.598521
1.880065
-1.262918
-0.271702
-2.853179
-6.258120
0.126511
-0.239865
2.558456
4.278143
-6.142153
-4.168596
-0.186646
3.850693
-3.310508
-0.386135
-5.281423
1.024182
3.084029
-3.424519
-1.630085
6.919973
2.862371
2.998517
0.614211
-3.042934
-0.847692
-2.065259
-5.079280
-3.202431
2.255860
2.684812
2.374629
-3.646828
0.910464
-4.263594
-1.619742
-0.502964
8.279196
-1.246245
2.966292
-6.941415
7.499820
-2.346349
4.109909
0.036277
-0.316866
-1.749621
0.037006
5.706613
-4.439836
-4.606217
-2.234909
-4.424682
-5.135421
2.083934
-2.318644
-4.191616
3.898850
2.701913
-1.281596
2.124811
1.768102
0.723657
0.642826
-0.321529
4.770870
4.266596
-3.071027
5.777992
0.544138
2.404487
-6.702184
-5.765376
-5.284497
-5.253718
-3.423833
-11.214807
3.185522
-3.272539
-7.012810
2.772717
1.333173
-3.264868
-6.672032
-4.434299
1.710018
-1.142094
-3.100401
-4.416856
4.131959
4.617453
-3.408159
-7.573446
1.491633
-0.076575
-4.894596
-3.392540
-3.906690
-8.118682
6.654680
-0.434583
-1.986654
5.291109
-3.078781
5.331419
0.769145
-3.312554
-1.210407
-1.328274
-1.010082
-0.404266
-3.369161
2.268594
1.319472
-4.120483
-1.467007
2.025752
-0.889264
-4.045665
2.753931
-7.347717
-1.138684
2.241367
7.034870
-4.145167
-2.215868
5.521626
-0.988761
3.851087
-4.822038
3.314307
-0.776991
-7.558522
-2.568524
-3.729219
-0.771234
-5.666359
3.884479
-1.300320
2.682918
-3.198858
1.634131
4.451445
2.784147
-4.925291
-1.523068
-1.534878
1.857636
-0.563991
-4.100591
0.253152
-3.368766
1.713609
-3.217304
-6.354227
2.756534
-1.987038
-0.001144
-6.033057
-1.290879
-1.123797
6.125176
-1.985273
-1.690454
-1.406423
1.414271
-0.718849
-1.869223
3.983794
-9.745319
9.013910
5.135741
2.649074
-2.943295
-3.810809
6.254235
0.436437
-2.796345
-3.272031
-1.363777
0.406099
0.960364
-4.198812
-7.554357
1.448089
-8.113208
5.997864
-2.208361
-5.431778
3.110127
-4.401205
3.354697
-3.750963
-0.464790
-4.324393
-6.446542
0.047249
-5.094438
0.752919
5.859536
-4.811743
-5.267788
-4.043283
-1.714818
-8.800799
-0.323045
4.209729
-7.051908
2.681795
-6.147817
2.606155
-1.320548
-6.275748
-0.600299
-5.418468
1.076071
-4.287924
4.368686
-4.592868
6.253043
-2.316819
1.590236
0.796287
3.578076
4.752225
-1.509541
-8.722855
4.660044
5.653850
4.388777
-2.123383
4.716655
2.504562
3.526570
-5.033987
-4.758849
1.159506
0.115546
2.674786
-3.484133
1.981206
0.988632
-5.708338
-5.710829
3.779686
-2.576661
-5.989647
1.017835
1.523931
2.449276
-7.275311
-2.064068
0.306252
1.336334
-1.616760
3.201273
-0.327752
-1.319330
5.600173
-5.869808
-1.971692
-1.616466
-2.440065
-1.382620
0.820822
-2.930320
1.896252
-8.941749
3.802028
-5.881732
-2.597376
-0.139138
-6.145762
7.049622
3.708331
1.218528
-5.416788
4.677090
-6.029197
2.356658
-5.775960
-7.869313
-1.204644
-5.383949
-3.920791
2.482624
5.243392
-1.046755
0.790139
1.873201
3.290693
1.682332
-1.169973
1.170324
3.553321
1.053453
5.393160
2.716362
5.504690
0.896237
1.209506
-3.869999
0.938660
-3.958027
-1.256763
-7.795264
-0.317319
-0.125567
2.769374
4.524420
4.400248
0.464333
0.499931
-6.075020
-2.898734
3.616336
-1.105332
4.682789
5.945822
-2.191365
-3.794048
0.371552
5.319286
-6.732568
-0.534578
3.156944
2.244064
-8.919446
5.209138
2.978858
6.132372
-4.408768
-2.186974
4.364166
-2.905155
-4.665389
4.007442
2.765419
6.039323
6.435618
2.666104
-6.109871
6.137552
0.252387
-5.016654
2.048575
-0.772883
-0.331736
-2.596593
-1.044133
-1.252486
-11.240654
2.747250
3.810787
-7.001278
5.237290
-0.049226
2.200591
2.796089
-4.167066
3.135600
1.060589
0.542720
-4.967274
-1.984740
-0.014531
-4.768324
2.802699
3.085461
1.235829
-2.425250
-4.040924
-1.689766
-1.587357
-0.244418
-2.329933
3.478090
-4.165236
-6.629086
4.393752
4.687890
-4.688439
1.052516
0.389967
3.633730
-3.201213
-2.998521
-0.522053
2.118216
-3.089675
-4.303379
0.624795
3.503989
0.263696
-4.009459
5.299519
-3.288570
-1.318489
-7.195579
-8.416705
3.630147
-3.487365
1.836554
-5.891687
4.139142
0.287571
2.557817
3.139965
-0.983917
4.367739
-5.277068
3.746445
-0.607514
-3.982792
6.905591
4.081326
-4.258322
5.029573
-1.392239
-1.616849
1.593982
-8.289897
-0.493376
3.650921
4.912201
4.357924
-4.097942
1.337975
2.030730
3.367840
2.860106
6.408521
7.414772
3.694913
-4.734172
-0.396632
1.021493
-3.262459
-2.947183
3.358678
1.795266
-1.007952
3.922373
0.494192
-3.339377
5.466667
2.972205
1.240786
-2.074238
-4.219206
0.866638
2.645821
3.054465
2.342065
-3.652216
-5.736081
1.985285
-3.562659
-1.370660
-2.463330
5.064478
2.948622
1.174775
5.339355
-0.122482
-5.022076
2.967217
0.541799
-3.841027
4.696490
0.673721
1.400197
2.194574
3.852144
7.658902
-0.279157
-1.331957
-2.671818
-2.731386
5.745503
2.623254
1.639198
-7.773976
10.660641
-0.672986
1.597147
-2.241549
-2.996632
5.865458
-3.484667
1.649842
-4.321702
-0.011012
-2.531470
4.214716
-2.006091
3.231861
4.292478
-4.955023
0.228118
0.706735
0.667251
-3.457098
2.015306
-4.561133
-1.388018
4.398671
-7.844362
-2.230430
2.715762
2.870673
2.522712
-1.480886
-5.301552
0.831734
-5.162010
-4.791382
-3.095896
-0.236381
5.620694
-0.839872
-2.301496
2.008957
-5.934188
-0.615694
-6.413932
-4.993400
-0.011543
-6.191448
3.456208
4.421729
4.426225
-4.239267
-0.630558
-1.771662
-1.628962
-4.782540
-1.080203
-2.569082
-4.042722
-4.067374
1.795378
-6.482240
-0.971745
2.049142
-5.192331
1.238454
-1.400203
-1.458851
-11.589238
-0.022850
-4.389393
-6.518268
2.696255
1.314756
4.506120
5.252131
5.627083
-1.404255
-5.118231
-8.286654
-0.408702
-1.660987
0.031914
1.150936
-2.439345
-1.029704
2.810322
-5.545457
-3.856670
-5.693679
2.172467
0.841898
-4.536180
-9.185997
4.623288
-3.891606
-7.156995
-4.677789
3.496008
-4.933017
1.037855
-4.534091
-0.190172
0.726643
-5.489007
4.605837
-5.114179
5.937700
4.891180
-1.370044
-3.470096
-1.220335
-2.636802
-0.050374
-3.082401
2.074070
1.316683
-9.265738
0.931514
-1.806772
-2.493751
3.539400
-2.696399
-2.015096
1.938551
-2.021327
-2.494262
-1.443021
0.004431
1.318377
6.255226
1.932400
3.699301
0.731610
0.933641
7.875404
1.715827
-4.762420
-3.134039
-0.357338
-9.896064
2.066531
2.102805
3.842749
-0.302412
3.310110
0.277638
1.643076
-2.205300
2.545431
0.196198
-1.954777
-0.179831
-10.144104
-1.425907
6.974325
4.626507
5.292652
4.739773
-0.857318
-3.956555
-5.720006
-5.391574
-2.210760
-5.077388
-2.395165
0.485642
5.964137
1.113756
-0.496323
0.953335
4.972918
-6.080337
6.548774
3.987036
1.884713
-2.328605
-1.296075
-2.536051
4.848671
-2.105054
7.421338
-0.703486
-3.095706
2.234642
-4.700639
3.104180
5.516259
0.728903
-7.279062
-3.083390
-1.644517
2.271934
-0.104909
-3.046917
0.974454
-3.800254
0.551171
1.069191
6.646185
5.113369
2.938064
5.938087
-6.636088
-7.707701
-2.766418
6.271955
3.148436
-4.418261
-4.590362
1.263315
0.651348
3.351733
4.258533
-1.839842
-3.645348
-4.935443
3.601490
-0.163444
-3.722782
3.479538
-4.722182
2.055153
-4.465790
-7.534599
2.240642
1.474848
-0.519439
-3.303176
-1.356336
7.685651
-5.043850
-1.856955
7.033502
0.438273
-2.672441
-3.730350
1.853836
-0.666153
3.545721
5.061664
3.432706
1.508466
-0.351171
5.565110
2.776902
0.886780
-6.068467
-1.219650
2.500499
2.052243
-1.156146
7.532643
-2.660758
-8.404273
-1.155616
3.619561
-6.506934
-7.239007
1.466053
4.101351
7.524299
1.367344
-4.146793
4.893852
4.649395
0.577126
5.994993
3.049974
1.949877
2.603730
0.257222
-3.801073
-0.350539
-5.740957
4.733039
-5.887453
-4.268639
-6.057061
-1.764581
-3.340068
6.439151
0.714171
3.715642
2.780238
-0.894647
-4.482158
5.440081
-5.775682
3.317609
2.999688
3.940307
2.772959
0.219975
1.936267
2.391868
1.383298
-2.054571
-5.438642
5.859939
-5.774010
-7.693070
3.431693
1.132644
2.387213
1.626788
7.600729
-1.953995
-5.054611
-5.386678
1.306371
-4.729932
-4.540889
-1.355145
-0.666628
2.127191
1.904499
5.953405
4.235674
2.316935
3.931753
0.875315
-3.233511
-6.889541
2.848187
0.815145
-1.294697
-4.842922
1.184006
7.852037
-6.113559
-0.600580
-5.733298
4.067690
3.925037
-3.811560
2.055827
-5.485002
4.123614
-3.097807
-2.134335
-2.418496
1.784750
-0.661910
-2.154494
0.466501
2.850429
1.989155
4.006264
-1.245625
3.391628
1.545879
-1.408549
6.297527
-2.887693
-4.325438
-3.807591
1.523489
3.402695
1.551239
-4.213284
-3.061508
-7.082282
-9.331162
2.824016
-4.584042
2.708134
4.624078
1.930150
-0.037911
3.328630
0.834520
-2.432272
-4.415496
-0.474433
-7.658349
-3.104961
8.876241
-1.631194
1.782060
2.090437
-4.381894
1.492190
4.378802
3.688686
1.334023
8.028803
6.080553
2.996030
-0.866561
3.568766
-2.553905
-1.644924
-8.275636
3.227736
7.450428
-5.932295
-0.855582
-2.802265
4.462683
0.679387
-1.120161
1.539733
1.360359
0.961973
1.098701
2.509888
2.638237
-1.961747
-8.473222
0.112536
1.998463
1.864926
3.108216
3.086823
4.187883
-4.848474
4.189543
-6.508452
4.086174
-1.009177
-3.933181
-0.344028
-3.429577
0.679602
5.375590
-9.382577
3.015840
-3.972399
6.485481
-2.498515
0.217736
-4.278326
6.215186
1.564912
-2.372858
0.027444
4.639837
-5.090201
0.206616
5.408144
-7.320281
-2.521840
-5.937615
-4.505766
13.764661
-2.638340
1.116231
2.857176
-3.527482
-6.779007
-2.212720
8.024231
0.492969
-3.814375
0.275848
-2.364454
5.109410
-6.891717
7.849247
-4.698170
10.336061
3.998445
-3.967918
-5.430624
-3.783225
-3.999378
1.090589
-2.550035
-6.988528
-3.460775
-4.095976
4.307793
-5.212106
-2.465679
-1.048783
-1.537331
-8.081916
0.303877
0.122693
-5.946074
6.464856
1.133156
-5.260468
-5.311237
-3.038514
-6.624879
-7.389266
2.108401
-3.347149
1.128644
3.125463
-3.822562
5.268387
3.722063
-6.263318
3.374098
5.502542
2.693755
-4.810657
-4.651696
8.292552
-2.754046
0.131855
7.016574
-0.911972
-0.092708
-3.252471
-6.393896
8.903319
-6.899679
-1.573862
-1.913692
-0.362819
5.488956
2.227611
6.134553
-1.848395
2.430961
-4.063756
-2.440398
-6.648360
1.853238
-3.173022
-10.323592
6.750580
1.751918
-1.020769
5.700053
-0.964783
3.379556
-6.686130
-2.626175
-0.735385
4.505646
-2.323910
3.032476
-4.791833
5.368718
5.401223
7.690918
3.631767
3.938570
2.041088
0.815672
1.328351
-0.258713
1.662004
1.834022
-6.526734
-0.373978
3.143947
-3.096844
5.095201
11.015680
0.161914
-4.457129
7.317958
-5.314118
4.411792
-1.785956
2.394750
-2.167569
8.566384
-4.669865
-0.436817
4.410192
1.528432
4.428895
-0.387261
2.447334
0.248140
-2.879756
4.328850
5.543127
-1.620529
4.882155
-3.698548
1.218337
-0.201949
4.775001
-1.004494
-0.478727
2.247203
0.999233
4.992229
1.342452
2.887828
-8.517100
5.315100
4.257960
5.092571
-6.329201
-3.439546
-4.319641
-3.164955
1.823014
3.657739
-2.143447
-0.673154
-3.598141
6.511836
-2.379052
-1.809655
-3.959870
-7.421939
0.506541
-3.619520
-6.495331
-1.905934
-2.585960
6.157493
0.279250
-4.882273
-3.239236
0.463983
-4.137629
-5.396454
4.188185
-6.481418
2.113117
0.412770
-0.847952
2.392354
-0.191329
-1.985659
-1.455464
2.567460
-5.424232
-4.543048
-2.819405
-0.276946
4.490357
4.781930
4.895814
5.094294
0.641091
-3.912323
-3.064693
5.646599
0.431988
3.360516
-0.771655
1.833387
-3.482609
-3.291073
3.745213
-4.601824
1.800449
-6.512613
-7.372130
3.381727
-1.290137
3.105042
2.356552
-1.968767
-0.580917
-5.117284
-5.118142
6.750798
-1.367629
-5.516507
1.102116
-3.767577
2.522031
0.643137
0.560858
-3.738751
-3.654554
1.889015
-1.614718
-0.350953
6.201332
0.206563
-2.469646
-0.869083
-7.103941
1.658350
2.875875
0.174573
-6.752632
9.532942
-0.294620
0.326301
-0.592894
3.269316
0.202295
3.369408
-2.023858
5.817420
-1.610112
0.126971
1.613917
1.861449
-2.414758
4.348680
-1.857611
2.874890
4.910440
1.973158
-4.393874
-1.041602
0.265777
-2.529613
-3.041707
2.593772
-0.305148
-0.418173
-5.418250
3.515833
-0.801341
-2.594166
-1.198804
4.513117
-6.850981
6.440854
0.296006
-3.530859
-0.185497
-4.726787
-6.313773
-1.925498
3.680996
3.621921
5.793481
-5.439663
-4.714674
-3.358114
-3.720156
-4.455299
-0.228490
-2.344647
-2.618340
-8.293982
-3.756515
6.097738
0.218975
-8.989139
0.597529
5.790989
1.681364
2.086124
-2.963368
7.446031
-2.897262
-5.036539
4.806211
6.243426
-3.430501
-0.060976
-6.306606
2.026307
0.125908
-2.774896
0.323016
5.809308
-3.036998
-4.769137
4.875037
5.674044
-1.503268
-5.534134
-4.158652
0.156456
-3.024430
5.997185
-6.253404
0.493706
-4.981597
-5.869221
10.307145
-2.023750
0.236991
1.434797
6.488203
-4.332428
-0.043996
6.312423
-3.207425
-6.983016
1.898410
5.424958
-0.472411
5.804080
3.110204
0.081126
2.240804
-2.830172
2.505771
4.154519
3.177247
7.080433
-1.147819
-1.444275
-1.891111
-4.391462
6.732307
3.896004
-0.748226
9.032994
1.937935
-2.442899
-1.618600
1.887541
1.376547
-0.864474
4.260747
3.050193
-3.440330
1.819296
3.557481
5.717057
-3.895539
3.137933
-2.819415
-0.982415
-0.965895
3.673831
-4.431819
3.677900
3.966445
0.611470
3.594500
-6.596313
-2.336142
3.306647
-3.658866
-0.202187
-1.995984
-9.116425
3.054341
-2.055982
2.727701
4.884557
-9.443432
-5.180522
-3.109038
0.774666
2.627401
-3.185607
-1.378244
4.699119
-7.167515
1.613406
-2.084234
-3.301727
3.504091
1.425761
-5.777170
-6.364392
-1.951217
-1.538101
1.438513
-3.464309
-8.940661
-4.553366
-3.747644
0.584239
-5.924328
-7.529407
-5.006657
1.518543
-3.801295
-3.632844
-0.750891
6.931903
-1.970723
4.821058
-9.653913
-2.185998
6.312847
-2.597559
-4.296417
-2.511204
0.569144
-3.720419
0.178618
-0.415756
3.141530
1.035673
-4.043421
-3.337911
-0.242901
-2.332376
-1.739310
-1.129071
0.556567
-6.645480
3.859519
-0.257795
1.648716
8.072874
0.834338
-4.529254
2.111101
-2.844359
2.883471
-0.752270
4.276334
-3.746892
-0.813582
-5.544573
1.035111
8.166791
3.755769
-11.949054
4.796955
0.858029
1.623501
-1.455187
-0.566756
1.287550
1.570321
2.165149
-4.901758
-2.968702
-6.114641
0.295493
-6.791401
-4.189910
7.320268
4.275222
4.664627
4.494375
-3.272020
-7.084859
1.613213
1.175757
-2.324114
1.352098
-0.189852
2.932467
-3.473421
-1.212131
-2.376763
0.299050
-2.334008
0.258397
-8.970575
3.196725
-5.645716
-1.444668
0.334208
2.245648
-2.777479
-4.876855
1.918564
6.088302
0.612738
-3.109789
1.337004
-5.861243
-2.921541
1.384917
2.620206
-3.072371
-2.793552
2.624182
3.854245
2.430833
-6.315470
1.035501
-0.953853
2.598875
-9.095801
1.258469
4.967660
-5.523506
0.938761
7.013420
1.832272
0.630379
-4.928360
-5.278696
-0.421872
-4.912197
-1.716574
-0.941564
-5.272730
-3.099547
-2.984302
-0.454358
-3.290049
-4.023824
-5.646688
-2.050832
-2.022201
-0.191202
-4.041497
-2.404269
2.640908
0.668959
2.038240
-2.605726
-0.723216
-4.555969
-1.014361
-4.568783
3.952935
3.204185
-5.881032
4.613688
-1.908008
-4.131006
3.457449
-5.208360
-0.507768
0.681560
-4.307681
6.334584
3.657769
-0.181580
-3.808095
-1.842573
1.967173
-4.044654
3.431895
1.121847
3.041362
-1.734417
-2.161653
4.100894
-9.214396
-3.307220
-2.918022
-6.071949
6.110803
-2.120836
-2.384348
0.063202
-5.514002
6.902962
-0.240508
-0.370623
-4.776572
-0.421286
-8.691966
-0.909041
1.320982
-3.895103
4.332374
-3.713331
0.270961
5.686283
-4.098366
0.965119
-5.813887
-0.807552
-4.276324
-2.297426
0.954468
9.801772
-0.422270
-3.262887
1.787977
-1.319311
-3.030566
-3.206615
-7.712633
-5.241179
1.357745
-5.965530
-5.605552
2.975784
-1.083052
1.980944
-4.135046
-4.478999
2.034636
-5.806588
-6.445351
3.411315
0.753511
-0.820504
2.200860
2.904664
-1.117069
1.508036
0.115337
2.747081
7.836030
-1.535070
-3.501387
-0.594432
-5.048021
6.890280
0.455565
-0.225896
5.786327
1.340105
0.311156
-7.300734
7.636028
-5.070702
-2.582077
-0.944304
2.363714
4.113576
1.422276
0.817120
-2.421631
11.575053
-0.805365
-6.830502
-8.375243
-3.287270
-3.105169
-3.744517
-1.870829
2.417547
2.248704
2.840414
0.326611
1.659865
0.167717
1.825224
1.474148
-10.155227
0.145592
5.685054
-4.168380
-1.577182
-4.702711
6.777552
-1.757272
-8.450089
5.599673
-5.406653
-5.013436
-3.851439
2.339419
3.305540
3.269616
-2.099279
-4.995067
0.447609
-0.618412
-4.329464
-1.603405
-2.010427
-3.895032
-0.420991
-5.945072
-4.228773
-1.164566
-0.279714
1.735826
-3.569643
-6.608397
4.768865
3.663078
-1.705307
-4.111777
4.225570
6.432230
2.710794
2.416495
-4.199604
-0.661014
-6.622106
2.730217
-5.672167
-4.531016
-5.453802
-2.320573
2.254461
1.705967
-2.474324
-4.387539
-4.162992
2.325830
0.107825
-1.646581
-7.145974
4.580560
3.336708
2.632028
-7.050263
-5.455956
-1.337337
0.036881
-2.366754
2.464595
2.308892
-8.120221
1.901726
1.543617
0.033780
1.891019
-3.378130
-2.489154
6.013781
1.729177
-3.261624
8.296787
-2.948984
-1.546228
2.528969
-0.059958
3.053636
-5.915588
4.206962
3.996536
1.047228
4.769501
1.499407
0.058858
-1.087702
2.902492
2.099899
4.997564
5.306952
-2.867652
2.395818
-4.038121
-5.129576
-0.492066
5.073460
-0.059998
3.674083
9.214893
2.729652
0.903908
-1.887321
-0.583895
2.522635
-6.046684
5.884395
-2.294226
1.776159
0.297232
-6.522585
3.552062
-5.698171
1.430270
0.148678
-0.361413
3.939618
-5.657619
2.506640
3.474807
1.992995
3.981324
3.808246
-2.495622
-0.205695
4.402391
5.569032
-6.147599
0.394421
-5.683905
5.894194
-3.222936
-0.755896
4.866701
-2.891088
1.852814
2.879556
-2.934344
-3.853260
2.440096
5.499571
-5.406599
1.702892
3.769519
1.642652
5.077570
-4.002400
5.537401
6.557733
4.482453
-1.585424
-1.758678
6.541293
4.193088
7.754407
1.368386
4.583340
4.016342
1.804225
2.790541
1.387420
7.442909
5.331370
5.739828
-1.940653
-0.802042
-3.893513
-1.686555
-5.332197
-0.873166
4.156564
-3.295652
0.110476
0.447893
8.088722
3.651690
-5.062232
-1.607911
2.617724
2.554367
-4.903596
3.601969
3.669376
5.193244
2.823585
5.878565
5.526016
0.768251
2.776949
4.138245
3.694979
-3.808995
-0.179173
-4.815363
6.697060
3.409089
-5.270154
2.399747
-1.393721
-4.976828
5.087753
-9.208759
-0.747577
1.047537
-9.378975
3.538115
-2.574809
3.494223
-1.832212
1.625108
0.327929
-3.656964
-5.091897
1.828559
4.000252
-0.369361
3.393772
-1.480093
-7.468954
-0.670974
8.429680
3.725279
3.178271
-5.004779
-1.288418
2.465044
-5.625631
-11.369887
-1.452752
0.960681
1.594739
-1.680587
3.406917
-1.691342
1.358798
-5.469538
-1.306103
-2.987311
-1.722946
-4.942038
-5.258227
3.261580
2.104930
0.078218
2.810422
0.116949
-6.159636
-5.719598
8.022778
-2.643484
2.466671
0.698557
6.012918
-0.435395
-3.231687
-1.471502
-4.437059
4.637592
-3.769507
-1.555138
-1.957097
-1.645648
3.038898
-1.242288
-1.596943
-1.873655
-3.355350
8.772656
0.006494
-2.810009
6.748240
3.915523
4.524014
-0.611445
2.325606
-3.021448
-6.490085
-0.722876
-7.031794
3.314255
5.143739
4.894267
-0.197698
2.331939
0.468804
-1.669476
0.327337
3.262253
-0.278029
6.000253
6.157123
-1.556906
9.653591
-0.805378
3.432079
-1.726067
0.532639
6.065397
5.333633
4.840417
-0.606470
-7.600465
-3.005353
2.657362
1.574948
-5.052328
5.118783
-0.782056
-2.193220
-4.220300
2.782985
-6.192198
-6.420652
5.463408
5.443046
-2.177823
5.359991
2.966503
3.591063
-3.836298
4.384420
-5.890039
-6.011943
-2.443032
-6.611035
-6.075184
-1.110507
-0.904629
-3.012945
-0.687007
-0.905783
-3.435677
1.152604
-0.146631
-1.788556
-1.534532
-1.066023
1.715281
2.162366
4.985587
1.765214
3.262161
-6.543906
-5.125247
3.414888
-6.122385
-0.494248
-4.309072
-0.857889
0.618636
-2.620732
8.821552
-1.867791
3.622144
-2.516757
5.711539
5.236400
2.415826
0.186657
1.277163
1.800900
-2.307962
4.639955
0.905829
6.423932
-4.818050
0.702964
1.948910
-2.237556
2.978490
0.599320
3.311402
3.523778
3.052512
-2.689449
7.300372
0.659872
2.509322
5.909196
-5.189301
6.052536
-3.434863
-1.750738
-5.547119
8.826359
4.788221
0.703425
-2.058001
-1.226120
-4.678428
-1.031750
4.319579
2.944928
-5.098109
8.268207
-0.127750
4.107770
6.649691
-3.140834
-4.044865
-0.840484
-2.313005
5.246920
-5.109587
-1.639710
-0.740705
3.212018
0.902054
0.688656
-3.065490
3.658695
1.817085
2.790848
4.100280
-0.339203
2.788283
-2.046549
-4.265770
-0.885896
1.222053
3.607759
-2.585021
-2.567515
-6.061707
-6.264596
3.431436
-1.859102
-2.862229
3.311463
-2.284352
2.460827
0.879477
1.480183
-4.166133
0.116772
2.312359
-0.765323
4.441331
1.848938
2.968982
-0.920923
-3.708240
2.247947
-0.501468
1.673252
1.729131
-1.229444
-9.289475
-7.569332
4.890692
3.744817
4.533630
4.502447
2.930949
-0.481988
-0.684811
-4.134607
-8.231395
3.251764
-2.056740
1.585750
-0.973031
-3.263306
5.785212
0.582588
3.031655
4.659157
3.054021
1.503268
-3.035161
1.871884
0.624431
1.867667
1.927144
-0.783347
1.140581
-6.779965
5.935656
-2.668099
-1.162840
-3.233102
-5.998595
1.158631
-7.784450
-2.815331
1.818804
-5.638587
2.684175
3.734948
7.297347
2.844759
3.738435
-0.664062
4.774506
5.060237
0.425411
0.596345
-1.056553
0.607971
0.811884
7.317820
-5.751670
-0.720444
-5.540038
1.037004
2.543554
-5.490252
-3.212675
-1.895824
4.972117
-0.515382
-2.924361
6.815486
-2.771712
2.283091
0.864556
0.118078
3.519006
1.177950
-3.529821
-1.379775
-1.080823
-8.631216
6.408915
-4.052503
-4.047167
6.040597
-0.025184
0.193826
3.006185
0.415388
-1.174545
6.860189
-4.678089
1.195226
-1.030513
4.130555
5.542286
-3.804673
0.346517
2.150071
-9.411731
-0.519312
-3.513714
0.420411
8.089954
6.029773
-0.097230
1.221897
-1.961649
0.438941
3.104361
0.344404
0.245630
7.950766
-7.215980
-1.895045
-1.508867
1.759855
-1.620126
-2.349431
1.709350
4.951119
-2.227574
0.337198
0.580692
-7.469883
-5.805842
-8.462984
2.807363
3.662397
2.537663
-0.009807
-2.402889
7.207089
-5.751242
0.896831
-1.645315
0.455826
-4.078512
-6.114988
-0.880767
3.108374
-2.982858
-3.188943
-3.420033
-2.424839
-1.685124
-6.232243
-8.799644
3.381441
1.886252
0.070672
-5.875759
5.362370
-0.258186
3.340739
2.457629
-3.054728
-5.623405
5.270336
-4.923437
-4.026645
-4.422374
4.600425
0.791815
-0.566263
1.040497
2.299074
-6.714374
-8.509042
6.712341
2.653213
-4.324301
-5.724147
-1.609851
-6.716344
-2.175672
0.002392
-4.837070
4.782085
-7.465626
3.956165
1.862503
-2.939051
-5.104092
1.943595
-2.201909
4.327468
-2.989781
0.056101
2.042098
-3.293000
3.585282
-6.631068
6.534399
4.202432
3.149115
2.535578
3.349059
-4.073245
2.259999
-2.363118
1.253132
-3.016405
3.479024
-5.503314
-4.909028
-1.685442
-4.736285
-8.585703
8.057414
-2.029942
-1.346394
2.927545
-0.175202
-2.827935
-3.801293
-1.657881
-11.231581
-4.241866
-11.834143
-2.702835
3.625887
-0.506720
3.505474
-0.797386
-4.099699
2.325161
-1.303878
-7.242392
6.081076
-6.434575
4.351709
0.106955
1.828520
2.890177
1.644409
5.044928
-1.453888
-6.949044
8.960527
-1.513963
-3.059350
-1.540343
1.365200
-1.519688
-5.517386
-1.918361
1.263732
0.877726
-0.894770
-2.838245
-2.916424
-3.859900
-5.262510
-2.718372
-0.486456
6.695716
-6.572420
-2.539386
-3.838018
-1.640365
-5.552447
-5.932259
-0.319901
-5.077899
5.012508
-2.706113
-4.927212
-5.446933
-0.269403
-2.045884
-4.015321
-1.711321
0.920996
5.974661
-3.045990
1.987903
-2.927804
4.856927
-3.347088
-1.637930
0.626574
-4.479802
-7.637701
6.316940
2.099152
-4.941056
-2.170055
-0.923132
-6.410577
-6.939118
-0.468107
-0.152096
4.210367
-6.908481
-1.799954
-0.378888
2.441595
2.594429
-1.163876
-2.329154
-9.132728
0.162890
6.883341
2.279881
-0.459178
-1.007863
-5.614780
-0.570367
3.557368
2.657773
-3.537948
0.835598
4.291407
-5.609449
-1.151656
-2.140153
2.962828
-2.064432
-6.977504
1.335575
-3.653064
-7.520707
2.801774
1.114106
0.857879
0.799848
-5.274942
6.974597
-2.333761
-3.482974
1.712938
3.499461
2.469392
-8.145505
-2.638662
0.255983
-1.055095
0.933634
0.141022
-0.104924
-7.028504
2.369042
-2.245597
0.777996
1.902774
2.925533
-4.742573
-2.538237
4.005662
1.924155
2.603577
-5.984500
-2.101678
4.283262
-3.664727
-5.771351
-0.811360
6.461759
-1.983513
-2.012681
-1.268022
2.772057
4.068645
0.138097
-3.122101
-1.069322
-2.850872
-7.744373
2.651827
-0.114466
-0.485194
5.453889
-1.921725
-0.122085
0.494111
0.097892
-2.313007
-3.955260
1.704250
2.171165
5.261915
0.147588
-4.831210
1.002499
0.322349
-3.807508
4.245932
-2.695279
-5.757886
3.114245
2.347807
3.638526
1.404903
-3.507024
4.442516
2.586418
-0.570212
4.000340
-12.252543
5.204890
-5.412241
1.834176
-4.836944
0.584149
5.889386
4.964221
5.382676
8.574858
5.463916
2.744029
-2.199403
2.463353
4.585385
4.280621
4.174332
0.377323
-0.404903
6.776837
-3.231995
2.426717
-5.053075
-2.552375
3.895071
0.476767
1.476332
-3.252533
4.000990
-6.511382
5.591521
3.451807
5.068509
3.819398
2.968945
-0.230941
1.752080
3.158833
1.372523
-1.876674
0.408291
2.772830
0.304746
-0.199520
4.892331
-4.923881
-8.081909
6.028568
1.954204
-1.045993
6.526127
-6.651949
1.568344
-2.351337
4.566661
-0.421948
-3.723403
-3.299765
2.724087
-5.009105
-6.738436
-4.126935
-2.072214
4.368630
-2.659851
3.997721
-0.067979
-4.694482
0.720620
-1.591319
1.641208
1.172317
1.956243
-2.675780
-3.306561
-5.185889
-3.986900
2.036510
3.484779
5.269271
2.044817
-4.342719
-7.796821
0.767680
-7.775362
-5.814311
-2.357202
3.776463
-1.529241
2.316378
1.543516
8.003631
-2.252045
2.155065
2.826133
1.957205
-2.029776
5.620057
1.219536
-3.295747
0.329907
-4.463253
-7.562932
-1.752946
-3.531376
2.778397
-4.992774
-1.471789
3.885692
-2.153831
-0.337834
-5.093230
6.335493
10.284700
3.582751
5.059230
2.090940
1.341931
-5.973763
-1.364131
-2.049852
-3.317658
-1.476975
1.712934
2.052279
-2.229856
6.112038
-3.454768
8.494483
-1.666070
-3.116752
5.097283
-2.880424
5.008115
2.459988
-3.873578
5.260958
4.610115
-5.171631
2.968699
2.969573
-3.882534
0.862174
2.674214
0.251115
7.924058
5.499051
-3.369180
5.737564
-7.066858
-8.618284
4.402023
-5.220235
4.238142
9.497552
-4.363936
-2.047039
9.560108
-7.633534
1.690492
1.851090
-6.762599
-6.467690
3.087785
0.038359
8.621892
-7.594527
-6.941522
-2.443186
2.162472
-0.909178
-2.018979
-7.684117
-5.950547
0.837565
2.929169
1.773595
-5.724721
2.492496
7.085258
8.777632
2.923402
0.093104
-4.436905
-0.084827
2.623712
-5.725507
-3.747775
3.294558
2.224607
-3.341408
3.358310
6.612207
-3.637810
-1.938789
0.480720
-3.223033
6.761053
-1.845620
6.356757
1.993933
-3.981173
5.517906
11.979951
-5.567760
3.797065
-3.912796
5.013884
1.385665
-4.349311
5.118526
0.030019
3.080430
1.662184
3.124138
-6.438474
-5.107022
3.324727
-0.516385
7.504740
-3.316581
-2.033168
7.177292
-3.454176
-5.840526
2.598180
0.745818
2.644430
1.351101
4.480814
-3.569405
-0.590231
-4.892739
5.797995
-0.902557
1.423005
1.450297
1.623735
0.153742
-4.822020
-5.957657
0.316333
2.584767
-7.767338
3.215998
-0.710606
-1.034004
3.547377
-3.464033
3.095716
-5.917705
3.145041
-0.920015
-2.446230
-0.105699
4.100076
-7.776901
-3.490400
-5.630915
-2.963540
-8.243079
-0.635168
-0.764755
-2.054285
-6.592609
-2.532341
-0.286663
1.479376
-4.362503
4.742052
0.434932
-3.263530
-3.435370
4.014048
-5.507017
-5.320921
-2.899774
1.117539
6.195267
-3.662584
-3.835079
3.968519
-5.147492
-4.445333
3.626518
-2.151969
-7.648577
4.155442
1.700861
4.295145
4.996693
1.390806
-1.874135
-7.498501
-0.601717
-0.701523
-0.728979
4.082623
3.832011
-1.332873
1.374891
4.756823
-3.686507
-3.100000
-0.558546
-4.202085
-0.747949
-8.256656
0.930812
-2.687815
4.396390
-7.973531
-0.544540
-2.370776
-0.856546
-4.350953
-3.241666
4.133235
-3.494957
-6.908246
0.468717
-7.047016
1.833798
-3.614205
-4.860379
-3.357341
5.748857
2.374540
-2.910943
-3.246913
-4.069374
-0.360869
-7.037966
4.165090
4.894509
-4.025741
-1.064280
-6.944784
-7.069180
-3.981969
3.049620
0.390867
-1.039893
-6.943318
8.048595
-0.598332
2.224926
-3.638073
3.466159
-4.173005
-5.486125
-7.169452
2.601837
-6.834785
-6.983490
0.366626
-5.103480
-0.485481
3.719090
-1.698519
0.737698
1.096769
4.785095
2.517009
0.814087
-3.683698
1.215924
-6.149301
-5.788970
4.295807
-3.866261
3.133400
2.078853
2.549798
-2.916848
-1.861192
-5.013040
-1.966639
-2.248650
0.305449
0.440091
-4.395297
1.633531
3.858686
5.474224
-0.720864
-2.840398
7.160638
-0.504115
-4.166508
5.716305
-0.535297
6.886225
1.893671
2.474823
0.528565
0.806243
2.600036
-6.270526
1.388389
3.219232
2.682082
3.341513
2.937521
1.311621
-3.797947
0.214128
-4.931097
3.050604
1.968397
-8.601116
0.604817
8.589893
1.931044
-5.859419
1.518106
2.602336
3.306861
2.105004
-0.464587
-6.264457
-2.109708
-4.089535
-0.598507
0.059822
0.137174
-2.427212
-2.748387
3.854704
-2.266749
-1.638943
4.754068
-7.208926
3.207819
0.488529
3.032775
4.843834
-3.085363
-6.157398
-1.006328
-3.989261
-2.254039
1.785733
2.327437
0.851746
-3.407528
-2.109326
0.780685
-2.812629
-1.951399
-2.055898
4.152357
-1.209606
1.862360
-5.295352
5.651505
1.083772
0.779390
2.197841
-0.522330
-7.390486
-0.378124
1.868442
-2.520244
6.847380
-1.363119
-0.576416
-6.911763
-0.019069
0.595268
-3.541367
0.894270
6.451772
3.058317
-3.649795
-2.168994
3.119251
7.095129
2.434492
-5.146601
0.752925
-1.258139
-4.940048
-5.718193
-1.606279
-0.230568
-6.150978
-5.071911
0.746095
5.572491
0.501195
7.526647
-5.254302
-0.689445
-1.614183
-2.990426
7.547593
10.677183
0.916269
-0.928675
-1.291661
6.261027
6.559947
-0.165674
-4.314405
-0.344232
-1.165692
-4.519108
2.103637
-2.545433
4.034232
4.053326
-13.321234
4.481784
5.590072
3.674454
-10.363430
1.746137
-5.649228
1.869909
-3.009983
-5.916621
2.500270
0.036304
-1.401265
-1.178552
-4.166200
-0.915152
-6.166177
2.512978
-1.790848
4.869600
-2.350065
1.131774
-4.056324
0.913001
2.749650
-0.533532
-9.165575
2.766214
2.613754
-1.269514
-7.396895
1.571263
6.705132
5.851150
0.371921
6.788040
-4.012465
2.546679
-0.949964
-2.653773
-2.856906
2.765414
-2.152463
2.935680
-6.896935
-3.402694
-0.242684
-2.076715
0.994757
3.113633
-4.840625
2.249923
-0.117529
1.211600
2.479859
8.104865
-2.804889
-5.751508
3.672428
-2.225442
-1.582282
-7.717604
-3.862778
-2.579518
3.463959
-7.839381
2.714017
-6.204745
-6.757339
-0.138528
-1.307474
0.068278
-1.240723
4.579903
5.042277
0.791744
-6.081749
-4.699166
5.589365
1.241788
2.204711
-2.498476
-1.624742
6.540593
-0.800183
0.379760
-4.352850
-2.466589
12.553177
2.709271
2.442811
3.302913
6.042084
-2.977972
-1.357092
2.546718
3.856692
0.115053
0.120671
1.418378
-1.577071
-2.705464
1.556716
3.360216
0.010169
-1.917874
0.804432
-6.796963
-1.443316
5.278703
-6.879478
1.293961
-2.984442
3.852554
5.519938
-0.480160
4.795175
9.783737
3.993571
4.484389
-4.186115
5.294793
-6.404569
-2.332994
2.555289
-4.119133
1.671562
-1.732075
-6.259132
1.924131
-0.165766
0.382091
4.715930
-6.530274
-1.616660
2.280502
4.761297
0.267995
1.271440
2.544152
-1.366401
-4.922109
-6.265384
3.506902
-3.933210
4.066206
1.697270
1.752441
5.152703
-7.329788
-5.317202
0.645255
0.343339
6.643058
-0.414635
-0.393506
-1.603478
3.230653
-4.891939
6.441182
7.113983
0.703024
-2.460219
5.872055
4.581946
6.940316
-6.785538
-3.843404
2.480347
-3.412099
2.092925
-4.200108
1.839032
-2.848415
-3.357839
3.731847
-1.772753
-5.057076
-1.782353
1.383669
5.270991
-2.256256
0.242346
0.538406
-3.290269
-1.366725
2.738657
-1.053028
-2.569265
-6.738696
-2.581365
-2.369421
0.025358
4.096152
3.272768
5.452723
-1.333888
5.444629
5.623356
4.004042
1.558243
1.224699
2.157805
3.839742
-3.358742
-6.097742
4.156159
9.752234
-1.080848
-2.229465
3.708489
-3.056356
-1.639363
3.139359
-0.371774
-8.638834
0.528572
0.283258
5.972120
3.796863
-3.161971
-1.281264
0.908151
-8.950724
-4.827234
4.542892
-3.817482
-1.302648
0.430729
-0.642411
-3.509564
3.250940
-4.429061
4.055994
-2.552524
2.865592
4.083941
-0.494183
-2.539943
-0.748438
-5.936430
1.221215
-4.714880
2.660432
2.030059
0.765324
-2.082613
0.202722
-7.824666
-0.567054
-5.788562
2.080029
-3.796211
-4.840712
1.462705
-7.292113
-0.915304
4.074353
3.080015
-7.952362
3.460069
2.881173
-0.957114
2.451195
-0.453825
1.534971
4.659383
-3.497738
1.917700
2.307353
-3.584122
2.513561
-5.988215
3.427433
0.415420
5.809627
2.926396
-1.970481
5.227163
1.283519
-2.939798
-4.286896
5.944692
5.888405
-3.427991
-4.133786
4.194609
-5.731183
-6.277894
-0.426954
3.070019
-5.111485
1.728888
-2.860204
3.927119
3.925132
-0.161340
1.723767
-3.108517
-2.254488
4.828524
-1.919772
4.510733
-1.384285
3.134632
-2.105599
4.065242
0.922079
-4.123048
3.370831
-0.780139
-3.744726
2.369193
1.915428
-2.247105
2.761348
-1.926025
1.874256
2.533864
5.527832
1.971099
-4.035439
-4.624794
3.212265
4.558500
2.255371
-6.982038
-1.948284
-0.701769
-1.186901
3.185245
-5.732856
5.141147
3.463033
-3.192680
-5.749321
-4.784097
0.526272
0.859875
-2.320282
-4.087123
-3.253294
1.527337
4.608609
-5.431898
2.906890
0.815441
1.465752
-2.565670
1.216123
-5.273288
3.888951
-4.285910
-4.516636
-1.807389
-4.565479
2.582294
1.413036
0.274719
2.733932
2.463005
-2.544418
-2.632834
4.246796
-0.845989
4.804298
-1.436447
-6.467737
2.334337
3.163373
2.985615
-6.508798
-5.850802
-3.465755
-1.073621
-3.781430
5.359870
-0.389946
1.702525
2.266734
-3.275909
-2.342249
4.998361
-4.891409
-12.589272
3.177603
-3.953220
0.133572
-2.544695
-4.336509
-0.540343
4.130069
4.695364
-5.600147
2.818946
-6.524113
-2.140119
-1.394293
-0.582717
5.283389
-3.225593
2.386218
-2.557346
4.241510
2.733850
-5.003052
-0.659395
-1.905750
-1.464471
-7.155568
2.533108
-0.237623
0.409048
-0.061545
-4.645464
-3.314643
5.541984
-1.466108
-2.096442
0.234076
-6.191678
-1.956753
-6.424132
-7.528133
-5.943385
-4.494056
-3.497421
0.388703
-0.052246
0.525070
-2.515306
-4.873498
3.460552
-5.541546
-2.433631
2.651907
-2.265630
-1.310164
3.253745
-5.512730
3.044668
-2.379367
1.500817
-2.163632
4.940874
-7.176408
0.650949
-3.501558
-7.435087
-1.765831
0.544629
0.828396
2.009058
-3.454655
3.545980
2.576013
-3.374239
-2.432725
2.813487
-1.309245
-2.052317
1.252998
4.073551
3.302706
3.119875
-7.979906
-9.586226
-3.967041
-8.452271
-1.784878
-3.880622
1.371546
5.265008
-5.601748
2.708841
4.374449
-3.839976
1.153059
2.547455
-0.527162
7.364540
1.770777
3.111345
-3.452141
-3.381186
4.582298
0.612121
1.706186
-1.496477
5.334349
-3.706911
-2.195797
-1.813755
0.837648
-4.700564
1.827645
1.282462
6.078504
-3.067290
4.451417
0.422507
-3.098742
4.059443
2.941241
-6.476313
-0.560409
-0.271726
1.607631
-6.308608
-1.201590
0.794230
-3.409413
3.659312
-5.517376
1.999607
-7.567333
-9.398455
-5.084750
2.105736
4.914157
-0.963291
-4.158798
2.509819
-0.100474
-4.821600
5.462255
0.790501
-6.690514
4.315437
-0.153525
1.109032
-0.431380
-4.632203
-4.427248
5.017488
1.486464
-0.178316
1.407018
-11.337302
-2.065750
2.651614
-4.794463
-0.967273
-3.024468
-2.389121
0.458220
-0.678163
-0.167037
2.596765
-0.051510
-6.639067
0.041431
-2.920798
-2.223432
5.804660
-7.836004
1.513653
-4.695726
-4.925001
1.261460
-2.157281
0.089604
-3.369336
2.794156
-5.495162
1.106903
1.727281
0.159682
-4.456044
-5.606408
-5.266833
-1.841430
0.256245
-6.697460
2.983223
4.759413
-2.710114
-2.946513
-1.098959
-1.039283
3.093379
-5.267976
-4.638632
-4.105095
-0.050296
-4.931217
-7.106017
-0.907347
-2.339415
2.097761
5.849355
5.923303
-1.761647
0.908049
0.076780
1.053336
1.767376
1.683429
-1.243279
0.538760
10.092933
-0.512673
5.043312
-7.950381
-0.990951
-2.613793
-2.543254
1.152637
-5.576890
-4.591180
4.101466
3.857837
1.735114
5.582735
3.275640
-2.347747
-0.754648
-6.566582
0.610757
-3.228490
-1.139107
-1.049948
-2.366603
0.981007
4.250714
-6.392029
-2.667441
-2.917100
7.789807
8.941872
-5.051432
1.184826
-4.107665
-5.207282
-5.140236
0.183586
0.556480
3.925130
-4.133762
-4.473000
-7.587649
-2.852305
-2.311833
1.742722
-7.843934
4.185872
1.487890
-2.903178
-5.388190
-0.254389
4.751551
-5.144222
-2.108432
-3.618991
-5.352678
-2.177267
2.442739
-3.401266
0.625967
6.554414
0.793668
-2.181888
-0.081571
3.989591
4.662387
3.784369
-2.988938
-0.190446
4.701834
-6.672934
4.674839
-3.275433
1.012648
-2.096827
4.737410
-0.856635
-4.679319
-3.101943
-0.928225
2.380840
-1.231120
-2.698261
-3.459844
-4.401724
1.692738
5.198060
-0.947537
-3.892628
2.155811
-0.194445
6.877691
0.961193
-4.005060
2.997766
-2.255057
1.008714
3.159632
-6.276814
3.716641
1.006122
-7.229518
-0.461143
-2.103410
-5.298342
-1.847412
8.160953
3.185136
1.088735
-0.851116
1.381739
5.687482
-2.363545
-2.657296
-5.231348
-3.854576
7.099267
-1.836911
-2.176788
-0.472997
0.347400
-2.554925
-4.890165
3.207335
2.981864
-9.734041
1.450268
-2.140459
1.948088
-4.760951
4.845050
-2.230595
-4.029880
1.423390
0.897197
3.545233
-4.968763
1.662603
5.604367
0.993108
0.863482
-1.947938
3.476090
-0.882512
3.891966
-1.765157
3.997710
-2.673972
-0.741988
-3.245099
3.532708
-2.389610
1.895911
5.432982
0.259770
3.550696
1.928145
-4.153801
1.890088
-1.675670
-1.402232
2.072762
-6.145608
0.153315
4.285648
4.764946
2.238620
-0.558654
-4.983692
-4.815407
-1.450865
2.658875
1.312083
-2.410519
6.182267
-4.849455
2.452811
-2.615210
-4.240080
-5.828463
1.349504
-1.087928
2.304155
-3.039468
-6.806053
0.653262
-0.783683
3.717954
7.068102
-4.165505
2.227412
1.468415
-3.532702
-5.455537
0.184452
6.327971
-4.761057
-5.230469
3.628548
-4.944561
-3.542382
-5.270500
4.181667
4.432471
6.810473
-0.884323
-3.902237
1.833933
2.362888
-1.316036
2.264724
2.726709
-6.915819
1.480390
4.147272
-4.451628
-3.396471
-1.080738
2.129492
-2.003092
0.422425
-1.678837
1.056923
-2.620281
-3.205344
-3.532746
-0.001968
-0.441803
2.950963
0.719376
-1.883507
1.216052
-6.178411
7.057493
-6.023552
-5.123025
-1.654209
-4.654564
-5.359790
-3.318528
-3.065884
-0.895462
4.876132
-2.970376
5.299873
-5.443845
-5.480716
-2.422454
-0.210388
1.852495
-1.353920
-4.839967
0.636229
0.623125
1.221111
2.049170
-0.928655
6.212259
0.279688
-2.322217
3.001957
1.058010
0.548071
-2.380573
3.219112
0.935452
-3.267304
-3.058747
-1.575615
-3.638438
6.028658
1.631669
0.274741
1.112957
-0.539407
-4.501656
-7.177593
-3.794699
-0.702446
5.809429
-2.942788
2.505084
-3.354356
0.357784
-3.702333
1.010739
-4.188710
5.231806
2.979203
3.658838
2.627784
3.505852
-5.325411
1.794772
-0.132829
-3.979258
2.070300
4.419930
1.499369
2.521997
8.250254
1.443815
0.123171
-6.502032
7.272681
1.034923
-1.596176
-5.528520
-1.881379
-2.905016
-0.756663
3.264704
1.029210
3.614158
-0.368305
0.617229
2.019305
-4.896187
-3.525474
-7.462996
-3.411012
-6.427646
0.940896
12.517562
-1.039243
-3.960258
-6.910608
5.833072
-3.300935
2.277353
-3.637320
-0.734427
0.186073
-3.511310
-7.549602
-2.099537
-3.820609
0.077864
0.502427
6.698200
3.074937
-0.253978
-2.959377
1.315637
-6.301184
-4.335569
-4.591876
-0.475739
-4.309851
-3.631041
-1.512267
-4.259791
-3.533002
1.505072
5.420108
1.627833
-2.498327
1.048014
-6.219387
-4.681059
-4.469377
1.406826
-4.033659
-9.672332
2.362549
4.204466
0.643176
-6.717747
-1.471558
3.359263
-3.889950
1.826213
-6.049063
3.545930
-6.534051
4.364591
-0.404646
3.486449
-1.866401
-5.493402
4.901148
-3.503731
3.690648
-6.710925
-2.224889
5.783484
-1.364194
1.112211
-5.472009
-2.121388
-6.421661
0.625490
-3.252318
-3.625526
2.920168
-6.322972
0.828107
-2.054017
-2.744220
3.927097
-1.006201
-2.260937
-7.613658
-0.268385
-5.887904
0.789373
2.482777
6.833653
3.010887
-9.704811
-3.030908
1.674762
-4.378749
0.472740
-1.391964
2.205331
-6.912679
-7.284282
5.853449
0.357861
-4.064200
3.815065
-3.871826
-3.038380
3.636502
4.875479
3.317440
1.222133
4.695518
2.546268
-2.602959
2.346179
2.253797
-2.107166
-2.965411
5.969940
3.167796
1.301193
3.232318
-5.802755
3.620828
-3.811490
-6.707817
-1.085249
5.722098
0.355246
-0.298664
7.854118
-3.710965
1.310435
-4.254536
-6.820035
2.446633
1.336359
-0.965765
-6.039833
6.488771
3.163736
0.973753
4.685545
1.087015
-2.430637
-0.305752
-2.504925
-0.896152
2.552816
1.660500
-3.377979
-3.500958
-0.265071
-1.403473
-1.455550
1.159501
5.465130
-1.977068
6.524515
-2.590698
0.603269
-2.523454
-2.414891
-2.936316
-0.385250
-4.534121
-2.743580
1.381048
-8.615226
4.983757
3.210356
-2.545514
-3.469235
-1.050702
-2.640101
-1.809627
3.219481
-0.097746
-0.668659
0.276860
2.856775
-0.294654
-0.707667
-6.751285
0.874733
1.381230
0.251645
-1.627994
-2.150523
-0.121723
-1.993623
5.149665
-1.666903
-0.321319
-5.849433
-7.105952
-0.931758
-2.165241
5.008595
2.807619
0.555848
-2.663112
-0.700686
-3.153203
6.890421
-3.325617
7.389454
-2.000288
-0.508489
0.120631
-3.253055
4.165104
5.343936
0.013382
-1.693788
-2.640369
3.755899
0.058803
-5.394050
6.098265
5.911338
4.540446
-0.617116
-1.722889
-4.721448
-1.476635
-9.973619
3.307757
-3.691150
3.621567
-0.150400
-1.080591
3.548425
5.655357
-0.644535
-5.583127
1.890304
2.433702
-5.194618
1.155678
-6.145738
2.187859
-1.442073
1.712955
-3.727780
0.227131
-0.629103
2.947415
-1.378398
-5.680452
6.495550
-1.526617
3.838900
-1.159613
1.100371
3.937507
-0.972157
5.052305
0.429361
6.929536
1.416192
7.058336
-7.336292
-1.121686
0.091418
6.148514
-3.704744
6.911667
0.094128
1.153870
-3.133655
-6.366036
4.638977
5.945873
-2.912668
-4.092333
0.330214
-0.075006
-4.831446
-5.299401
-3.109716
-2.624549
-2.084378
-0.523706
5.701057
-3.171146
-3.912560
-3.688370
2.259197
3.727051
4.174837
-8.201822
0.285328
-1.061961
-2.199969
-1.676423
-3.932705
-4.394747
-4.366042
1.372012
3.567713
8.471657
3.033902
0.213114
-3.238927
5.098695
0.159291
3.349352
4.867921
4.019989
-0.077325
-3.967058
-3.818950
3.540262
4.759805
7.325700
2.751881
5.901684
8.265621
1.486772
5.811581
-1.772353
-2.585849
-5.750326
5.789226
-2.728856
0.395057
1.935869
0.179133
7.947330
-0.490170
0.560493
4.405547
-4.151505
3.614492
-1.489597
1.912156
-4.524857
4.953399
0.016963
0.529621
0.726959
-4.045624
2.083807
-1.163298
-3.543573
3.829891
-4.389998
5.523062
1.653488
1.466155
2.837413
-5.736231
2.176028
-2.846492
1.477124
4.027856
4.615808
-4.065581
1.097412
-2.245823
1.591332
-3.125698
1.134166
0.729691
1.707779
4.945457
-3.263196
4.696963
-2.671301
-1.694987
-3.370628
-4.012084
5.796632
1.399144
3.373469
3.843535
0.701468
-0.655092
0.941261
-2.899669
-5.464886
4.510957
7.043323
3.819973
0.998700
7.126988
-6.059580
-2.980009
-5.396769
9.296323
4.021210
4.919612
3.112739
-3.971711
0.607001
-0.706190
-3.891493
1.979258
8.858869
-3.043750
4.930964
1.794147
-1.921196
-0.246131
2.032216
1.304879
3.779061
-6.584583
0.130307
-5.368964
0.483497
-1.190680
5.888149
1.614324
6.947088
5.490767
-5.060017
2.720961
7.324250
-1.619293
3.056165
1.653370
0.403429
3.148730
3.061736
5.275316
0.418601
2.816860
8.536736
7.097537
0.433291
7.532426
3.135728
-0.797139
-3.253703
-1.590783
-4.239028
-5.059281
-6.433701
-0.967493
1.796139
-4.029668
10.449103
2.594322
-4.617451
2.095252
-5.306139
-2.165496
-1.366305
4.574066
-4.333834
3.741038
3.490116
-4.752182
2.136994
2.545253
0.969802
3.789793
-1.811888
-4.431179
1.710600
-1.886244
4.563036
6.763310
-1.887176
3.474579
-2.788962
4.702509
-3.049496
-2.904119
4.086302
2.538055
0.239225
-3.074236
8.882536
-6.736269
-0.925542
2.244450
-1.043678
-1.930328
0.113668
0.673559
-5.168885
5.679065
-1.383577
-1.725765
2.501338
4.181334
1.993867
2.159660
3.564630
-4.550691
2.827828
2.863025
-4.127949
2.763527
3.378588
-0.403678
-4.023133
1.051262
5.024882
-0.107283
-3.822646
-4.827403
-0.718845
-4.472487
3.133014
-1.200004
0.182561
-3.351516
6.371086
4.494357
-0.801255
4.705897
2.084080
6.725173
1.518772
0.449830
-3.495892
1.651300
-2.145416
2.918849
-0.956774
3.638963
0.528576
1.813271
0.987055
-2.923090
-2.605102
-4.477176
4.895771
6.525270
3.122758
1.896246
-6.463826
-3.972722
-0.413950
-1.375496
0.320609
-2.704375
1.117156
3.034538
7.539548
4.338708
3.430466
-1.096565
-3.272873
-2.932348
3.679672
3.646372
0.861523
3.699340
1.286416
0.239178
-7.082994
0.445378
7.644866
-1.682632
-3.428033
2.776637
-0.079122
4.162485
-5.577756
5.124020
5.888950
2.287813
5.122999
7.921509
-1.450122
0.482427
4.355176
-5.673309
2.193490
-2.862257
5.512124
2.570549
0.388587
-4.410820
-6.468266
-4.455629
-1.415916
1.103941
-1.899552
-1.719061
7.169660
3.452516
-2.693148
1.129177
-1.754717
2.783628
-1.728372
2.049002
2.711921
4.434654
0.398436
-2.921013
-4.819618
3.364977
4.802076
5.747906
3.191798
0.772058
1.391793
6.244204
5.849636
7.576481
2.865227
-0.100042
2.153920
4.292516
-5.123176
1.050648
-1.973512
2.382728
1.646087
0.489262
4.031980
-6.707428
2.916691
-5.748894
-4.297533
-4.591989
-4.643510
-4.243721
-5.302825
-4.206168
7.116123
-4.193989
-8.369116
4.893206
-4.453456
-2.733239
1.469226
-4.850407
-2.131532
0.068126
2.111141
-0.175584
6.758453
-3.080244
2.436998
2.144634
4.241611
-3.526305
-4.877539
-2.489906
-2.826973
2.167309
-3.821145
0.613953
-1.782393
-8.516915
4.233999
-0.657710
6.244981
-5.302696
-3.467935
1.077399
2.600612
4.176713
0.338165
2.899303
-8.737647
-5.043491
-1.471497
0.869132
-2.228127
3.888997
1.901378
-5.894402
-7.726751
-4.310838
2.413562
-6.551403
5.238760
3.249852
-4.483142
2.981049
3.655414
-9.297708
5.249591
-3.874584
-9.077310
4.461321
-4.108156
-7.739233
-4.518295
-0.960808
-3.568344
5.307674
-2.340870
-3.864747
4.442863
-5.364078
3.657745
-2.747250
-4.911843
-3.473090
-1.632728
-1.028214
3.668392
-5.132596
5.235080
1.153222
-0.974979
-3.852556
5.925595
7.050601
1.185639
-0.860811
-0.730704
0.144969
-0.933777
-3.771376
-2.580366
4.392966
-6.392866
-3.467088
-2.696941
2.316455
-0.282876
2.396132
-3.834177
4.155787
-6.947552
2.921884
-5.050299
2.279997
0.402034
-1.476845
1.409573
2.146897
3.207885
-0.694421
6.058793
2.113506
5.921077
-2.877560
-6.695962
4.967660
-5.647367
1.724043
-3.716639
6.127901
-2.963898
-2.154804
-1.347177
0.559650
-6.666016
-1.672073
-2.421571
-10.297864
4.350824
-5.571642
1.873586
2.215373
-5.071486
-2.685474
2.349190
-2.348640
5.859497
2.810753
-5.475409
-7.452654
-3.330994
-4.085546
-1.925639
-4.764565
-3.822003
-4.749967
2.716562
-2.082256
-7.922988
0.980955
1.168522
-6.557804
-1.933554
0.943889
5.757244
0.863556
3.865950
3.952378
-1.194031
-7.432763
-0.800804
0.684117
-1.206702
-4.200733
-0.207289
-2.403309
0.102851
-6.261787
0.600018
1.720586
-6.226269
2.382419
-6.391537
-3.550314
-6.392027
-7.030253
4.391569
4.411827
3.252039
-3.714240
-0.992683
-4.990648
3.234053
-1.118301
-3.847291
-2.158206
-0.615909
-4.064523
-2.444192
-8.459891
-6.026512
4.908129
-7.402987
-0.079097
-5.131299
0.201796
-2.680829
4.407360
-2.808729
1.579194
-3.186563
4.234210
5.293165
-5.575000
1.959073
-2.869104
1.579555
4.118803
-1.131075
1.984585
2.421880
3.833896
-5.899285
4.630642
-5.058507
5.535949
-5.852389
-2.859295
-2.240437
-5.183266
1.871686
-3.603677
5.146536
-1.673339
-3.774229
4.116287
-5.740481
-0.718867
-4.003234
-2.305578
-1.273519
-3.506236
3.108055
-4.659496
-8.697785
1.154484
3.031776
2.904821
0.267242
-1.354178
-2.417073
0.840335
3.134157
-4.279408
5.736586
4.295050
0.473136
0.214647
4.103187
-0.836440
4.632396
0.656498
3.261232
0.598879
-5.149642
2.342338
1.183820
-2.463507
-1.421304
4.928131
-3.706314
-3.283859
5.129829
0.273750
-0.632591
1.976221
-5.227971
-1.708579
4.643004
-4.837274
-6.534217
3.779226
5.283619
5.772835
0.843999
5.297503
6.990356
8.918457
-0.020066
-4.337971
-1.369554
3.075034
5.981806
8.334105
2.209137
4.497187
-1.894816
3.656729
-1.673164
-6.327085
1.758872
3.671492
3.350481
2.288756
-5.145928
-2.813008
-1.874616
1.837578
-1.633854
1.610167
3.063252
4.246805
5.404375
-1.290339
-1.737788
0.998721
8.026612
4.069782
-6.406352
3.347845
0.918875
1.095012
0.733069
2.020172
2.694997
-4.071040
10.439303
6.265041
-3.673834
-1.810983
3.500815
4.933401
2.423467
2.299283
0.579735
-0.950611
-3.259287
-2.632840
-1.175205
-0.505790
-5.775995
1.946439
-1.062424
1.402951
-2.024970
-6.488868
-4.483153
-2.535632
-6.080782
3.397135
-0.904393
-1.133419
1.521621
1.393218
-1.688013
-4.001809
0.608037
2.974284
2.429604
2.357804
1.409340
5.505429
4.176674
1.806152
2.786242
4.130679
-5.355170
-0.565855
5.971597
4.924240
5.264663
5.009871
0.990750
2.127041
0.947690
-1.671207
-1.616881
1.329246
-4.181355
-2.562311
3.725624
-0.622043
2.528972
-1.219386
3.621309
-2.249390
3.402609
-2.767378
-0.775372
-13.916357
5.043518
-6.938017
3.841800
-5.282712
-2.513476
-2.748835
2.712261
0.544919
4.147883
-3.461759
0.760979
-1.624735
-4.578556
0.750699
-1.679331
-3.744032
-2.705163
2.094162
8.510345
-0.276477
0.988446
-3.040686
-3.973541
-5.156432
-3.375352
-4.857516
0.767354
5.873964
-1.797384
-1.024684
4.875426
8.264886
-0.884105
0.023127
1.432242
0.147885
2.248632
-3.013550
2.525944
-0.170649
-2.646456
-0.878409
2.001543
-1.492100
-1.979202
4.074538
3.035962
1.044778
3.973720
5.411258
0.784004
-3.693594
-2.112094
-8.000995
6.141543
2.294727
-3.889330
-4.633116
-0.995966
3.740321
-5.549529
1.705151
-1.764801
-6.433899
-7.739825
7.723389
-3.273279
1.055318
0.401216
-0.913130
-2.362386
-2.293568
-3.331963
-1.307750
2.513419
-6.689245
-4.149545
-3.232115
1.724793
0.002169
1.303757
-2.837075
4.554754
-8.201264
-5.506461
2.113266
-7.967632
1.051108
2.933198
4.276556
4.425618
1.945397
1.614945
-1.524243
-5.421845
1.457880
-3.316540
-3.519317
0.709979
0.298186
-3.731633
-1.317191
-1.143079
-4.300699
-1.088042
-1.645334
-4.162255
0.532359
-1.910116
-0.216229
-10.516654
9.275660
7.609429
-3.049412
0.433521
-1.967083
3.799053
0.355360
-4.564703
-0.000331
2.857703
-5.992552
-1.205886
0.473948
1.201526
5.989096
-0.192581
-8.121341
2.683743
1.441317
-7.785925
-7.589751
-2.274797
-4.193147
0.650269
4.532355
-3.508885
0.738454
-1.824745
-2.630268
-3.021908
-2.402263
5.169936
0.910057
-5.000177
-2.683238
2.476548
3.017802
-4.441694
-5.674115
1.012908
-3.021831
-5.349666
12.281094
0.142992
3.906392
-0.760267
4.535514
-3.829875
4.800883
-2.435877
-9.019791
5.892705
3.544884
6.790738
-3.544461
-0.232675
-0.601444
-5.120203
-1.769073
1.219161
-3.764595
-0.800156
6.456447
3.670514
-3.654835
1.216797
4.572789
3.311972
2.647929
0.652068
-1.027244
-3.173376
-0.868172
-5.551093
-3.427376
-1.603899
5.997217
3.783200
-0.931566
-6.112731
1.827516
-8.355386
-4.479004
0.694752
6.225520
-0.624172
6.646475
-0.374171
-2.574040
0.060963
-0.186317
-4.981564
-1.702204
0.262565
2.256379
-6.420365
0.791038
2.006286
-6.491946
-5.234988
-3.647487
-2.958627
-1.563574
-1.392279
-3.923857
1.628665
3.605651
-1.762307
4.545645
0.077399
0.894444
-6.460874
8.125329
3.091839
-4.006193
-2.609377
0.274772
-0.271804
-2.835546
-3.147557
1.671347
3.195970
3.203295
2.180224
-5.327280
-5.250637
-5.841742
0.367727
-3.157340
-2.091289
0.436999
-0.128333
-4.505947
-0.643960
-2.950769
3.062059
3.774995
-4.098858
3.328817
1.305721
-6.024095
0.669643
-3.754626
5.485842
-4.308953
-3.705543
-3.337407
-3.791150
-3.027635
2.367035
-3.027471
-2.679620
-2.998969
-0.260001
1.683567
2.350726
5.477921
0.324044
-0.884939
3.242832
-0.716116
-3.185647
2.162081
4.221535
3.126137
2.877383
-2.296757
3.516535
-4.770107
-4.581948
7.731371
4.428109
2.923169
-5.282473
-4.639872
6.703495
-1.288617
-2.745089
-3.664786
-0.864254
4.303229
5.076303
4.410659
-2.404380
-0.427051
3.209325
3.553104
-0.331088
2.830184
0.921464
1.128086
5.171789
3.824972
1.723811
-2.140532
6.739733
-3.247723
-3.739641
5.444778
-0.392088
-2.066786
-4.043128
3.597373
2.017493
-3.194170
-3.498166
2.734530
5.882052
3.106310
-0.349794
3.847929
2.407515
-0.520481
1.938552
-3.615264
4.946101
1.249439
3.018328
1.129708
-2.413972
-5.543483
0.305296
-2.331517
1.005933
-3.468165
-5.002940
2.707798
0.544464
-4.067969
-1.877894
-0.836735
-2.718543
2.302360
2.889951
3.714084
-2.129718
-0.857467
-3.763301
-3.476392
-2.434504
-4.922139
1.272730
8.019629
-1.566949
3.035707
-3.691206
-0.795238
-3.412981
-2.696367
-2.196001
-1.349457
5.159897
2.810247
-0.873716
-1.085555
3.934119
2.132245
4.778265
3.523945
-0.016984
-0.172795
1.041623
-6.297064
0.733363
2.323541
3.826775
0.083810
0.835443
-1.662255
0.444938
-7.390475
-3.140082
-1.132302
7.431040
-6.816422
-2.136706
-0.673081
-0.030247
2.299639
2.696921
-1.073959
1.079514
1.590241
1.954750
-0.749259
-0.425706
2.051772
-1.186472
-0.888808
-3.983532
2.846990
-4.588384
1.745453
-5.736661
-3.555360
-4.148578
-5.274244
1.723749
-0.087403
3.577963
-5.213006
-0.061572
-2.938616
-1.408960
-6.424108
1.252502
0.864552
-2.119904
5.153655
5.178116
2.588972
0.465835
-2.190113
-2.317082
-3.557339
-1.725008
2.136527
-3.354901
-6.000351
-1.637229
0.000957
2.454292
-4.722208
-7.024308
3.415532
-1.433738
0.316343
-0.329246
-4.010506
4.567357
0.811892
0.915215
-9.248767
-2.009530
1.262392
7.137931
-0.216840
0.468766
1.697724
-2.318511
-0.430332
7.706801
2.615332
6.818529
6.165707
-3.929533
-6.592630
6.433226
-5.489506
-0.906852
1.707262
-3.548772
5.397046
0.047952
0.840358
-2.425580
-6.027949
-5.121477
2.413109
-6.685447
3.465057
5.084880
-1.717550
1.151168
1.273494
-3.258942
4.176909
1.776094
2.556139
0.561925
-8.348752
-5.151495
-1.506926
-3.809602
2.920491
2.611153
-0.291993
-0.496391
3.031637
0.762210
-0.303988
1.609398
1.364179
1.664911
8.112018
7.730107
1.723410
0.534152
-3.875885
4.179080
-7.596283
1.184685
0.426194
-4.001261
-0.655449
-6.987226
-5.812914
-3.297801
-3.902529
-0.504299
-1.290098
4.286990
2.343810
-6.193559
-0.078487
-0.638260
-3.216404
-4.044968
-6.862798
-0.819369
0.859076
-0.331726
3.193580
-4.012031
5.963789
2.383745
-3.520482
-0.245144
-1.489927
-6.491679
2.678429
5.520357
2.963749
2.863204
1.316219
-1.360915
-1.317533
0.038220
1.338494
0.147637
6.121311
-4.639907
4.411150
-3.038869
0.526339
5.827278
0.847305
-5.851759
-4.723831
5.504012
3.169600
-1.344917
-1.772017
-3.567817
-3.490051
0.425167
-3.329454
5.542655
5.835874
-4.011706
-4.260632
-2.485852
-3.133687
-1.063552
-2.426242
8.504885
2.393756
-5.484344
-1.796133
1.117454
4.938498
2.230356
0.121065
-5.900645
-6.951620
-1.650796
4.049077
1.637694
-1.083414
-1.277521
1.986068
-3.206146
4.237409
4.524043
-1.038910
-5.977732
-0.009741
-0.851647
-0.214065
-3.316339
1.061299
3.821163
-3.816983
-3.446925
-4.457212
-3.712598
-1.966093
6.797220
-2.390392
-2.690643
-3.249579
-6.253868
2.701323
-2.473119
-5.347856
2.639377
-5.689280
4.222213
7.088669
-1.929998
3.119606
-5.602725
0.621067
1.031796
6.465446
-0.611384
2.069413
6.585893
2.847461
5.275877
-0.081943
-2.238862
2.306075
2.626534
-3.814546
3.383563
-5.353716
-3.533422
0.681343
-1.111546
-1.148077
-0.370120
2.782907
1.487784
-1.334436
-0.456915
-1.691864
-3.552739
5.103607
-5.482999
-2.386895
-5.212272
0.837716
-4.216887
-0.833822
-0.997111
-0.422014
4.894587
3.846557
-3.145548
1.479125
2.173162
-3.518973
-4.118809
1.090188
2.761629
-0.452573
8.105028
-2.432345
2.588493
6.813296
-3.234445
-0.473184
-2.004900
-6.749106
2.033405
-2.184816
-3.477393
-2.429544
1.555242
-2.074625
-1.589357
-5.522182
-3.286755
-2.674406
-2.534867
1.986945
-0.090169
0.913847
-1.537630
1.108562
2.052732
-1.534512
0.317288
5.277587
-4.425495
6.575822
6.752563
2.583717
0.459759
-3.283096
3.122975
0.175566
9.438579
-3.845492
-5.112974
3.108969
3.723289
-7.005086
-4.070809
-1.550032
-5.057270
3.986457
7.218981
6.286338
2.168881
-1.202867
1.201621
1.150736
-4.090221
3.625456
-0.472493
-3.332245
-6.991263
1.441494
7.045255
2.542190
5.538816
-3.818043
-0.234336
3.139133
1.143076
3.602396
-3.249156
-4.314716
-3.355072
6.409591
-0.820853
0.950743
-4.754710
-3.722015
0.173151
-0.287429
-2.284747
-0.200087
-1.744066
-2.128054
-3.521947
1.410318
0.246815
5.199917
0.069318
3.182045
-0.135190
2.583350
2.858722
0.263386
-1.432574
2.633278
-3.573624
8.605604
-2.755246
-3.243150
2.681510
4.274924
4.846128
0.832679
-4.829800
1.509066
2.317515
-3.262403
-0.685272
0.085584
-4.719349
-1.974194
-1.248318
3.839942
-4.668788
2.005011
-0.293523
3.847594
1.207546
-4.625186
5.643767
-3.270494
0.124500
-1.802880
-2.291636
-0.270972
7.479403
3.819647
-6.588506
0.897740
1.024625
1.251371
4.501823
-2.970927
6.065985
0.586093
5.820745
2.012229
-0.164942
5.797706
1.435681
2.352113
0.143758
-5.323028
3.158350
3.183384
-0.626265
2.198175
5.221259
-2.234939
5.143445
-1.337253
-3.141210
2.006376
-0.940049
0.330826
2.430953
-0.316286
-1.487640
-1.794641
-1.185612
0.343490
8.020335
-3.641673
8.780244
2.761627
-3.052879
-0.523008
-4.161558
-2.888101
-3.203532
2.877373
-4.773824
-2.687057
-2.003338
-0.942534
-8.532636
5.048629
4.603711
-1.658075
2.324795
7.608798
0.222207
-4.348998
3.661731
0.971078
6.512669
-2.824133
-6.080476
8.374238
6.406523
4.216060
-0.142747
-3.680814
-3.455273
-2.397954
5.239537
5.119286
-3.703595
-5.732377
-7.863606
7.025085
-5.114503
4.415061
-1.883059
-3.759339
1.213149
-3.187057
2.854922
2.147570
2.268296
10.642059
0.928176
5.194093
-3.376801
-3.711130
4.951296
0.378219
0.206621
6.363276
3.250386
4.668484
1.441724
3.828614
4.100505
8.209352
2.487540
-1.033302
2.909781
-3.202570
0.172699
-1.338555
3.618205
4.461618
1.505242
-5.229391
3.495532
6.019219
-0.567738
-4.385304
-6.258929
9.349702
-3.614322
-3.519374
0.373051
-0.704570
3.466183
1.055483
-6.856527
2.471413
-5.699745
0.470144
2.273436
-0.785984
1.642387
0.341682
2.606658
-3.784745
2.837034
-1.601770
-1.381421
-1.343128
-2.663225
-1.692682
-3.820480
3.582952
3.775040
-2.121284
-3.084412
4.430846
2.903994
0.689271
0.367263
4.003922
4.653805
-0.525313
6.630302
-3.375176
4.865341
4.541230
-1.545491
3.420809
0.436673
-1.979223
-0.911328
-0.592748
-4.033360
1.020216
-3.779384
0.410114
4.462547
-1.041903
9.114594
-2.190775
-2.778744
5.768188
-5.538182
4.707424
2.998338
4.637591
3.175079
2.758566
-2.207106
-0.598389
-1.478433
0.072987
-1.513333
-2.253883
2.859339
1.928396
2.820498
-0.128467
-3.081611
1.746603
6.393100
-1.113710
-5.590110
2.978678
2.046318
-3.991835
5.117501
0.800690
-5.379659
5.165346
-0.463085
-4.477325
3.518459
0.627034
-3.539268
-7.905380
3.367936
0.600565
-3.773705
5.006661
-1.563877
-3.471895
2.206287
3.398545
6.106079
-1.565180
-4.558512
2.168778
-3.267076
-1.656314
1.561173
-1.373289
-3.627352
-3.471778
-1.662448
-2.255690
-2.103137
3.677830
-6.603097
-3.079072
-4.447464
4.445405
-4.481548
-2.042553
2.798140
-0.530921
-3.236792
-2.746112
-4.194920
4.392081
-3.693216
-0.953759
-2.792906
-2.013381
-7.799424
-2.642593
-0.078688
-3.921925
9.083526
-0.829820
1.333040
2.261452
-3.405060
-0.630239
3.428489
-1.309030
2.588852
4.409400
-4.170769
-5.741849
2.165553
5.719002
6.589947
4.533911
-9.781102
5.730967
-4.681035
5.890373
-2.488690
-4.394237
4.593150
-0.924790
-3.601587
5.770013
-1.651551
2.620814
6.856547
5.520529
1.155908
-4.360264
-9.120107
5.594513
8.696594
-6.457100
-1.946204
1.864248
0.159942
2.514080
3.001763
-0.322341
0.094402
1.609407
-2.539507
0.555703
1.854926
-0.469913
-2.227925
6.996321
3.941299
-2.182045
3.998248
-4.716288
2.478902
2.239256
-0.475996
-4.117053
-5.730055
1.283119
5.622277
2.516659
3.984355
0.999564
1.335040
-4.555700
1.059951
5.818114
4.722748
0.615536
-5.301574
4.442589
0.481898
1.175994
2.703642
-1.102382
-7.179784
-3.483269
-2.204924
2.756578
-6.109281
0.801547
1.928177
-1.108663
-2.524814
4.149521
-0.039401
-0.023791
3.856064
-2.923203
-4.265682
4.193007
1.621453
2.133234
0.785996
-2.816814
0.968388
-1.699615
-4.805387
-2.044577
-4.136525
1.230363
2.369308
-2.784390
4.901187
0.298296
1.473651
0.456159
6.022185
-4.424103
-4.404700
-2.820964
1.375237
-2.788686
0.007888
4.769360
3.562858
-4.292087
2.304898
-6.676813
1.135125
-7.164697
-2.914820
1.331726
-0.705490
4.668994
-2.439961
-2.753373
0.448096
4.935174
-5.444088
-2.089058
-2.829835
6.541948
-2.204280
3.696533
-0.783460
8.149042
-5.201657
-3.264565
-3.137127
-2.870699
-0.632134
1.652546
-6.305762
0.719152
0.212798
-4.943322
0.037050
-5.988161
-4.156060
-2.363360
-2.129759
3.863923
6.656974
-8.537090
9.173553
-4.813974
-3.068357
-6.571740
-2.931706
0.233669
-0.643529
-0.383521
-3.928803
-5.416078
-0.336692
-4.515944
4.562908
-1.005674
-6.986492
-1.196095
3.715863
0.693661
-2.308413
-3.951449
4.286452
0.419766
-3.892309
-8.334316
-4.921110
-1.850126
-1.785047
2.241408
-6.545079
3.440003
-6.150180
0.985415
8.279303
4.473360
-4.820239
4.424080
3.835327
-2.021679
6.640126
6.073271
2.835616
6.486430
-2.748204
1.070089
-2.081842
1.148951
-0.492907
-1.385223
2.817533
6.417068
-1.272388
-0.999657
-7.651059
-6.209109
2.905087
3.779313
-8.131451
2.611906
5.314064
-1.867800
6.752472
-4.146421
5.713954
5.637479
-9.476368
0.342014
4.450107
2.759054
-5.396854
-1.552310
-4.332048
-6.384604
-4.196159
1.738047
-1.730563
-1.266450
5.584307
-3.316734
3.067361
-2.197988
1.356791
2.619837
4.595287
-1.158355
-5.642493
-0.473654
1.672972
1.915434
3.176278
-3.323829
2.576629
-6.576619
-7.252740
-3.473153
-2.306113
-3.463805
4.528281
0.848083
1.371526
-5.616081
3.641457
2.507294
-2.645018
-2.419923
6.155336
0.841825
-3.895600
-1.981791
-3.893400
-5.399422
5.051881
5.045916
-5.483349
-2.547108
1.580421
-2.509157
3.849507
-3.122487
3.369403
9.143053
2.447108
1.175299
-1.872249
-4.931718
0.628286
1.743718
0.850887
-8.468271
-2.323394
7.698158
4.111332
-5.401414
-3.863560
1.577926
-4.688857
-1.275324
3.132221
3.020784
2.009019
1.450290
-5.102672
-3.316012
-3.174980
-2.888787
-4.992048
3.028959
2.672259
-3.816098
6.468040
0.771540
-5.004714
-0.672461
-5.040426
-4.887038
-4.423232
1.695873
4.550681
2.728969
0.877427
-4.436052
-5.516129
-2.077375
-3.986950
1.499977
-0.992807
-2.848435
0.081324
0.424144
-0.388780
1.007236
4.157170
1.914178
-3.852218
5.862144
0.955263
-4.226480
6.991487
3.477147
0.990303
1.688334
8.255582
1.192892
4.013068
-5.227043
1.204942
-4.129963
-4.498278
0.359107
0.029904
0.757171
-4.438668
-4.571854
-5.145965
5.610994
-0.495846
1.751161
1.656224
-1.636940
-3.528371
-1.447174
5.737442
-4.706635
-4.623744
4.360435
-1.868918
5.928411
-2.868368
-2.436330
2.044487
0.180494
-5.536614
-3.142474
1.453425
-4.451581
5.720808
-4.229953
-2.212010
6.456200
-4.778796
0.909156
-1.272048
-2.625686
4.712666
-7.381302
-3.220586
-0.310096
1.098071
-2.196741
4.359456
-4.500063
-2.699569
3.174319
4.968711
1.208253
-6.061530
1.773769
-3.587294
-1.211643
-0.424671
0.789282
0.412443
-3.565375
3.558221
2.418314
10.228083
2.699947
2.934105
9.585283
3.365882
-0.470521
5.393616
-2.935036
1.602584
2.698335
-3.303159
1.673112
1.545811
5.568370
0.592889
5.063021
10.326549
0.372303
-6.182151
1.373256
-3.387916
4.632483
1.976555
-1.262521
2.561279
-3.133677
3.527569
-2.297480
-5.821169
-3.696096
-0.062594
3.951800
-1.725928
3.934710
2.454500
-1.094728
6.579367
-3.173441
-5.130489
2.958579
1.766774
-4.233776
2.462271
3.777273
-5.001340
-0.823864
8.470838
6.650802
-3.319665
3.974951
4.400527
-0.052152
2.764372
1.628569
2.382411
5.422789
-5.517896
-4.177588
-5.179969
-1.746967
2.082931
-0.815731
-6.645936
-1.619630
2.213116
-5.262266
-3.109023
-3.745191
0.482583
-1.321970
-4.292820
2.007037
-4.155372
-2.540282
5.661593
-0.301547
-3.111891
0.423365
-4.431393
4.188212
-0.755444
1.835322
-1.357674
-0.413070
1.261320
5.422764
-4.605298
2.605918
2.396371
0.382710
-2.928292
-0.467996
1.283294
-6.110601
-2.515706
3.721104
3.040782
3.104025
3.921125
3.188412
-5.026746
2.081925
-5.622640
2.887984
-1.926218
5.484647
3.563405
-7.889609
-5.146367
1.464200
0.652281
-6.941677
1.954123
4.337056
2.372367
4.647486
-4.301280
5.424837
-0.549449
4.976213
2.967809
-1.388006
-0.401296
1.579440
2.218178
2.605180
1.640643
-0.357856
-1.960206
0.312035
-5.328346
1.878647
5.991638
2.035059
0.807929
-6.160655
-5.467448
-4.164217
2.799019
-8.414392
5.534187
2.057217
-1.189842
4.034368
2.311130
8.163681
9.115283
1.259287
-1.776204
-5.423976
1.979239
0.061924
6.703270
0.988308
-6.847750
-6.407017
6.987482
-3.920609
3.447964
-8.114352
-2.221038
6.139463
-4.468851
3.058889
-4.268111
-8.571380
1.403845
2.478630
-0.343538
6.935820
-4.229123
-1.153718
5.653224
3.785857
-5.680296
-3.323699
2.349734
3.207491
-0.419171
7.417466
5.440953
9.622470
4.281919
-2.737890
6.177318
-0.489044
1.047653
0.536210
5.940697
6.546854
0.069095
3.940235
-1.209637
4.415610
0.618735
4.892314
-3.851175
-4.254905
7.523686
-1.474017
0.690766
2.416460
-8.755006
5.082899
-4.218110
1.639726
-3.161625
-9.087019
2.629480
-3.453802
-2.663026
-3.680106
3.764627
-8.382627
0.249662
-1.432788
0.975405
2.649361
3.586434
0.577865
1.492706
1.382679
-3.915429
-0.166656
-4.886774
-1.941711
-6.888891
-4.007442
4.130633
-0.683694
5.825145
-1.096847
-1.409078
-4.603701
-2.321399
-2.555323
-1.518154
-9.322289
-2.424465
-2.659811
-4.380353
-5.941804
-0.398230
1.988419
7.058737
0.378483
-7.672180
-0.080919
2.376072
-5.512081
1.280203
-0.169449
-3.115442
-5.187731
-4.433590
1.683959
8.320588
-3.276197
-5.001640
-2.236111
-0.432142
1.938109
-7.835058
-5.261952
-3.275414
0.109408
-3.064492
-5.187370
-1.989326
6.494399
4.029489
-5.951531
-5.329325
-0.149703
-12.958351
-1.911427
-4.543703
1.288731
-5.458006
-1.499578
-3.679544
-5.380934
-1.836249
2.047403
-1.196466
-5.026063
-0.707709
-9.255596
-3.840389
0.855537
0.876604
-6.359996
-0.194371
-2.729546
1.895914
-3.175199
-1.528696
2.021379
-4.011787
3.485799
5.247225
-5.133612
3.277112
-3.493688
-7.364826
4.990433
-0.616242
-1.410709
3.291133
-5.178161
-2.041457
-6.090124
2.405097
-2.020716
-1.734466
-1.410128
-4.879820
-0.979725
-3.304949
0.152204
0.310998
4.414742
-0.262865
-1.698120
-5.039558
0.947592
-3.525641
3.797300
3.992612
3.347699
3.531596
-5.279788
-5.926782
4.995278
2.919954
-2.814990
2.854625
-4.360682
4.982878
1.776772
-0.744592
-2.331380
-3.999961
-1.567356
0.374729
-0.548998
-2.392604
4.375248
-3.392503
4.178729
-4.615605
6.409655
-0.744509
3.150744
6.951498
1.895368
-7.172069
3.223932
0.488939
-1.655156
1.305045
3.502184
-0.304790
-3.522952
-2.385199
9.096725
-0.611322
0.996799
-0.422119
-5.732525
-2.439837
1.251267
-0.691530
-5.826554
2.566103
3.460930
-0.424809
-4.466697
2.242875
-4.367344
-3.085920
1.907289
-4.536563
-1.233729
1.252943
1.138260
1.717770
6.543054
-0.924695
2.369559
-4.867703
6.523565
1.650426
-3.120178
-1.473218
-2.387189
2.776941
-7.611406
-0.287943
0.451878
8.049501
-2.133668
1.454678
4.394545
-2.332851
0.551748
0.300027
-1.485992
-5.028544
3.778711
-4.757189
3.954222
1.457378
-1.399888
2.112399
2.030697
-2.798015
2.774700
-4.605710
-0.677557
7.216690
3.473106
0.748032
0.291840
-1.640689
-3.305768
-5.020870
-1.400996
-0.814811
-4.289474
8.099081
3.475016
1.604353
1.192529
-0.247198
-2.573514
-2.825138
2.396467
-4.411016
-0.524723
1.656247
3.326961
4.590480
-1.242059
6.961912
-1.306556
-5.770875
0.838497
3.268629
-2.393245
-5.251253
-3.236858
2.986321
-6.275966
-5.721601
-1.766019
-6.578633
3.598142
7.275198
1.845842
5.459486
-2.997678
4.262328
4.134274
-2.186001
2.195984
-3.191206
1.801912
-5.225364
-0.812802
-3.308964
0.514721
2.921685
3.664188
3.840936
3.062984
-9.367064
-8.010917
-4.593602
-2.444817
1.784327
4.650884
5.051332
-6.610230
-1.359617
-1.344596
-0.429694
-1.336348
-1.168686
1.402618
2.646416
-5.709256
2.480154
-7.269022
-0.335808
-5.076380
-5.908549
-0.917173
-2.468699
2.120303
-1.783794
-1.485560
0.843345
-2.688065
0.482249
1.333770
0.579879
2.016410
0.256681
-3.728510
-0.838809
-6.425650
4.242607
3.571805
1.850271
-2.874515
-8.833973
2.293800
-0.118329
3.837688
-5.053561
-2.581643
-9.338730
8.256054
-1.816155
-3.811548
-2.947448
1.489513
0.585084
-6.352839
-1.645905
1.787135
0.472975
0.664767
-0.545659
-1.132499
-1.711883
1.811729
-9.386795
-4.393107
-5.184097
-5.494315
1.294195
-4.714020
-5.779323
-5.374784
0.833680
-0.302876
-0.535233
-1.886805
-1.131248
-3.340202
0.042567
-3.053755
-1.300599
-2.216949
-0.631007
1.578046
-2.726129
2.451108
-8.512149
-5.140152
-3.304058
6.445158
-4.568615
-8.744469
-6.409777
-0.737871
1.116127
-0.957970
-9.694672
-4.360538
-5.458990
-2.315749
-2.749006
-8.247489
1.932301
3.120267
-1.827378
5.003671
-2.522511
-2.598671
-1.917121
-3.979395
-6.004395
3.431062
2.950886
-2.022599
0.287125
5.418879
4.931471
-4.658846
-1.126064
0.883159
-3.476979
-2.242687
-1.049178
-4.242642
-0.017578
1.447028
-0.141494
-3.609866
-5.943571
0.444611
1.129959
-3.394152
-1.767622
-3.704342
2.109773
-4.116052
2.155978
-0.146641
1.139698
-7.154340
-7.878027
2.550381
-2.025001
-6.244821
-0.616150
7.904054
-1.486712
4.970689
-0.960202
0.544972
-2.220714
4.396531
-1.760234
3.785872
1.414808
0.961006
-6.498458
1.612785
-5.165961
3.027382
-2.290116
5.571214
0.104889
-3.680146
2.481190
-0.982128
-1.178027
-2.827909
-1.165904
6.183047
-2.190879
5.002854
-5.136841
-1.803978
4.761917
2.022861
2.040829
5.079983
-0.459873
10.411580
4.858479
-5.326447
-6.716309
3.179758
-2.909412
2.810163
-2.155818
-1.580702
2.121157
1.099699
2.236898
6.165208
4.778542
1.762128
-4.476809
-0.217066
-2.525138
-6.008505
1.262841
-2.692539
4.704517
-1.931514
-0.245412
-2.261163
3.666852
4.481252
0.969841
-1.441905
-4.408790
3.154302
3.212427
4.823857
5.590991
5.925022
-0.234297
5.308306
-1.131765
2.610336
4.127467
4.337359
5.688858
5.472043
5.098058
-1.566340
6.615025
2.244059
7.641699
4.069532
1.780742
-3.820618
-2.748634
-6.208399
-0.687608
3.341356
-7.683550
-0.201732
-1.635146
2.597323
-3.452255
-2.953216
4.554247
-1.665064
0.083549
-0.158686
-6.351371
8.225308
-2.082750
-0.525167
4.600492
-2.827429
-0.214976
-2.927485
0.900604
-0.307516
-0.964757
-1.995849
-0.722080
1.229701
1.925494
4.481182
-3.453900
-1.137225
-4.709987
3.086057
-2.840673
-5.224408
-3.026102
-0.889344
-4.906476
0.863578
-3.660789
-2.415860
6.478117
2.236958
0.578824
0.081119
-2.890838
-7.179338
-8.957143
-2.805292
-1.859366
-6.642152
4.180659
-3.755623
-2.492439
2.132442
-5.315209
-2.610855
4.701922
0.595640
-3.116575
-8.967733
1.232025
2.326686
2.296434
-1.562573
-0.915474
1.107721
-4.886992
-7.168662
-3.134014
-1.046731
-1.988600
-0.659126
-4.990578
-2.206744
5.001577
-5.079740
8.423713
2.299472
-3.396442
1.114295
-6.298121
-5.325085
-2.887047
-0.141717
-0.038313
0.175333
-5.772460
4.186103
5.502675
2.331909
-5.108769
-0.520400
-6.669231
-6.398416
-8.255887
-1.647690
2.197815
-2.741788
2.046865
3.162091
-4.659612
0.909753
-1.370542
-6.092158
-5.766921
1.596345
4.826228
-0.272297
-9.198169
2.513389
-1.578923
4.197761
0.179980
-4.219962
0.975117
-4.800948
-2.624795
-5.834991
0.955602
-6.073946
-0.872405
2.873713
6.974094
-0.136975
1.878267
-7.494610
-1.164589
-3.309798
0.855197
-4.267141
-2.207438
-3.028885
-0.073629
2.828719
-1.550725
-1.040772
2.269408
-6.425911
0.801214
-2.800130
1.270526
-0.570529
2.895693
-2.799562
-3.333701
1.043269
-0.811922
-0.716179
-0.469743
4.699750
-5.696148
4.249030
4.890072
-2.373223
-8.854694
3.906254
-2.536038
3.438302
2.235432
-1.251521
-1.345386
0.891347
-1.017996
-0.595933
-2.756952
-0.774589
-4.457393
0.981790
-1.285678
-1.696319
3.371447
-7.059896
-1.768370
5.891469
-7.358763
-2.800601
-1.366685
2.521195
-2.998280
-3.836015
6.267589
6.446323
-3.374016
-0.496030
4.424756
3.933213
-4.470788
-6.759745
-6.170319
-2.651880
9.333689
2.620804
3.556890
9.980533
-6.367552
1.680566
-6.968026
-6.011726
1.353163
0.316187
-4.101717
-5.742867
-5.970065
4.151920
2.501732
-4.815692
2.205452
-2.766113
-3.275148
-6.239114
-2.330670
3.565349
-0.571854
-4.332147
3.629586
2.162378
1.325202
2.429777
1.495876
-4.430564
-5.086816
-4.495822
-1.093274
-0.119528
4.426476
2.550865
7.370821
3.134911
-6.734987
-0.970216
-0.541676
2.015270
4.349398
1.582890
2.859566
2.272024
4.546953
2.029814
4.974729
1.105548
2.091120
4.069055
-3.717179
2.893536
4.892223
0.446666
-1.778078
-4.682304
4.276730
0.129097
0.501227
0.407317
-4.847999
-1.173343
3.840651
-7.465209
2.273118
3.875339
-2.414753
1.444868
1.684966
-0.777470
1.572264
-1.143036
6.676644
0.816470
-3.543058
-1.038046
1.311878
5.096604
0.992718
2.827596
1.144155
-1.531352
3.772893
2.976110
1.686067
0.085498
5.024001
-1.020772
-2.929639
-1.767197
7.282797
-3.072232
3.505177
-0.811916
-2.037053
0.704404
4.388349
-0.393717
-0.366382
-0.008727
2.771048
4.599141
-2.128757
0.638642
4.637064
-1.965023
-0.076535
-4.332110
5.367317
-0.838599
7.915111
-6.003956
-3.101148
1.585463
4.115263
0.541357
-3.870303
0.363207
-2.639554
0.080172
-2.097365
4.563766
1.655450
4.800350
-1.214837
2.109034
5.170286
3.902314
-5.170061
3.165565
-4.389122
1.964016
2.207259
4.703269
1.172388
6.063380
-2.877848
-1.306704
4.740418
-3.604967
-3.777252
0.387637
2.626929
0.328521
2.132290
1.614636
-4.077608
-5.232877
0.199989
0.974894
-4.366863
3.032063
3.309985
-5.502726
0.022051
-4.991647
3.850367
1.225189
-6.335421
1.503099
0.924141
3.667158
-3.760651
-2.534003
-0.879824
3.044222
-6.187318
3.856925
3.120889
1.884462
1.449170
1.819971
4.509755
3.617791
-1.673264
2.807255
-2.968781
-4.866411
-1.911655
4.604307
-0.377630
3.085692
-1.761016
-1.320983
-0.404999
4.403115
-1.462518
-2.058663
3.857149
1.229978
5.551348
-1.751282
3.716388
-1.469312
1.805846
5.955113
1.109810
-1.440907
-1.922746
1.721149
3.014083
3.151332
-2.871790
6.070457
1.864168
4.592251
-2.173918
-0.296694
0.385258
-3.915851
-0.445565
-3.492561
-3.171937
-0.180693
-4.332281
0.858845
1.897050
-2.684990
4.250250
3.782400
-1.041554
-0.775132
-1.417057
-3.051980
-1.641955
5.938492
-5.860939
0.735335
4.111141
-0.239269
-3.969177
-0.544165
3.514888
-6.280790
2.370728
-3.150319
4.426830
3.930448
9.646819
3.833975
5.305420
0.347127
5.018559
-1.375232
5.729678
1.070287
-1.261472
3.374918
-1.937293
-4.397590
-0.915394
-4.409837
5.084743
0.185044
-5.664165
2.493359
-9.085402
-4.957932
1.959165
-3.836775
-1.194186
10.142970
-4.309674
-4.580165
2.204890
-6.987056
-2.146708
-3.776881
0.531551
4.021986
3.935211
-5.797995
3.076738
1.492426
-0.612487
-6.754664
-4.234443
0.591967
2.297171
-4.760201
-4.512673
4.222562
-4.625485
-1.984725
-3.096450
-5.778566
-4.199519
1.276274
-1.540176
-5.835199
-6.439460
0.579824
7.009349
-0.511716
1.455835
1.733532
2.401692
2.522952
0.659509
-0.538950
-2.039538
1.059472
-3.760169
-6.280687
-4.861862
-3.343519
-1.661746
-5.953692
-4.860217
-3.795108
-5.460227
3.147852
0.477572
4.265684
-0.920690
-3.103589
1.209022
0.568410
-2.727490
6.542413
3.969915
-5.525007
-3.751884
2.872266
-3.551742
0.961004
2.650791
-0.884801
-3.943671
-2.158749
-7.736850
-1.595029
3.766560
-0.129677
-1.442908
-1.991734
3.618240
2.707085
-0.010253
1.676298
-1.026477
-0.414099
-3.214085
1.177961
1.552091
-1.103266
-6.406361
-1.382204
-0.630005
2.521522
-2.501054
4.729223
3.765429
1.237709
-1.762378
-3.855867
1.023304
-0.682937
-6.962843
-1.831897
-2.636320
1.803287
3.005504
-10.183463
-2.699147
-6.678482
2.736406
-6.449978
-2.693314
-1.879091
-4.028138
0.991263
0.943345
1.027695
-2.615559
-0.029539
0.578264
4.103649
-0.231116
-1.973528
-3.287789
-0.323882
4.587524
2.029001
-2.651886
-0.470711
1.585155
-5.822170
1.789472
0.957322
0.959044
2.974280
-6.194191
-0.748981
7.419381
4.367092
5.743353
-4.411607
4.268252
1.556976
1.670583
0.639392
-1.790790
-3.116107
-0.648678
0.381986
-7.045455
-4.897074
-2.541700
-2.911199
-4.198969
-2.962898
4.076371
4.569426
0.295459
-1.807704
-2.456316
-7.304850
-1.049707
-0.488693
5.632833
0.607470
-4.755108
0.448066
-4.407150
-2.225894
-2.152571
-3.922488
-1.688389
3.669917
-2.362473
1.309562
-4.337543
-4.152089
-3.396332
-3.363996
1.687478
0.694495
3.740795
-1.395126
4.072190
4.063271
1.457512
-2.858711
-7.315053
-2.554350
1.395244
1.264474
-0.312994
2.537865
-3.897251
6.866392
3.835460
1.079102
1.941822
-0.212104
-1.526935
2.456510
-5.368148
-1.547230
2.270639
2.520891
3.185160
-1.112962
-5.436613
0.259517
-2.719840
-5.442946
-4.244798
-1.381350
3.892361
4.226857
-1.618352
-4.595159
-3.005332
-5.402962
-0.429133
7.637436
6.787014
-3.264952
6.201882
-8.114065
-6.601626
-2.325464
1.240837
-1.776172
1.789088
4.364483
4.503984
-5.309848
2.680841
8.729113
2.359819
-3.757148
-1.638092
3.764155
0.437111
-1.478149
4.078357
-1.150962
-5.423377
1.095828
0.600801
3.710945
2.111756
-3.857086
4.172720
0.466157
0.291224
0.277639
-5.940785
-3.166101
-0.885731
-0.465943
0.558059
-4.062997
-6.898034
-5.318406
-0.034927
2.976467
0.818134
-5.344494
-0.066389
0.908540
-1.321924
7.690950
-1.924971
-1.764650
2.103467
3.939383
-3.744718
-2.701385
1.575940
0.316431
1.611725
-1.801355
1.017934
-3.586973
2.709600
3.147555
5.730855
1.826926
-0.207285
-3.207731
3.528793
3.164307
10.659057
1.132229
-5.843311
4.478608
1.186195
-7.282528
6.442064
1.855464
-5.911184
-4.258912
-2.056710
5.563534
-0.299179
4.752845
-2.001567
-3.004053
-3.342136
6.201210
5.380588
-1.159404
-0.127226
-3.227663
-2.166509
-5.030454
4.999752
1.348058
-2.516590
2.316018
-5.130017
-2.846573
2.829740
-2.314617
6.210950
-4.054809
0.838521
-0.992865
-3.376877
3.844780
0.121262
2.375477
6.172585
4.645641
-6.601192
-2.043057
0.924449
-0.565500
4.558033
1.852404
-2.745049
0.073985
-1.469762
2.971205
-1.425634
2.130332
4.353651
2.288862
2.196665
3.984649
6.594830
6.518527
-3.461068
1.793005
0.880785
-2.211112
-6.823356
5.715096
-0.588385
5.929765
1.970360
4.372660
-4.023910
3.331944
-1.135302
5.987920
-1.660149
2.032378
-4.168792
-1.554385
-1.442586
0.137191
1.357536
-2.619394
0.245905
-4.127740
-1.108096
3.959316
1.193365
-4.096997
5.619351
-0.256012
-0.183911
1.412565
11.637132
-2.464124
4.859927
-1.475244
1.444179
-6.044524
-2.123885
4.953317
1.626666
0.724945
-0.197744
-1.042800
1.397647
-4.337420
0.157844
-3.926078
4.246496
-7.192546
5.538007
6.892029
-1.965862
3.662478
0.171890
-3.933657
0.110318
1.237526
-4.681457
5.586618
-0.213275
3.659136
-7.857500
3.408186
-1.557927
-6.145532
-5.182490
5.493728
6.532393
1.292512
-4.149707
-4.049603
1.643203
7.142760
5.530099
-4.658143
-3.098988
2.178365
-9.698392
1.310687
-7.463977
3.793974
-2.277224
-4.194425
-3.902820
-2.227294
-4.283805
-2.117726
-7.765882
0.393899
-5.358112
-5.245840
0.038232
0.579906
2.361493
-3.495212
-0.440466
3.030991
0.044724
-1.795549
-1.548228
7.114945
-2.417436
-3.182013
-0.258266
2.893309
4.449852
-1.396770
-3.791245
7.271231
1.044775
-4.460347
-3.866332
-2.188007
0.178928
3.928792
-0.363510
0.911185
4.961178
-5.773762
-3.535817
2.629846
3.394045
-4.880210
-16.082447
2.329834
6.967798
-6.551045
-4.681555
1.317229
-3.159423
2.012918
2.265814
-1.635812
-1.750231
2.462816
3.679550
-3.838371
1.621513
5.661032
2.506852
-3.400843
5.070713
0.526219
-1.479449
-6.314801
7.227652
-2.843735
-1.316448
0.702962
2.363801
3.637642
-5.014323
1.471899
-1.828946
4.922703
2.867726
-2.425656
-0.648584
0.145081
-7.660011
1.395741
-1.916021
5.107827
-1.469060
1.369193
-6.772557
-15.602070
-0.623009
-3.999309
-6.676609
4.124196
-1.321491
-3.109174
3.858968
-1.959237
-8.159950
-8.203250
-4.174227
6.326199
-3.383675
0.116084
1.617982
5.327013
-1.778424
-2.231461
1.843127
7.860587
1.335338
1.766516
-3.054254
-7.868853
4.701300
-2.220434
-2.623272
3.183372
3.301521
6.000900
-2.662203
-3.631829
4.307787
-5.159351
6.894471
4.704508
-1.162008
1.376753
0.751573
3.435432
-8.403147
-1.557988
2.297824
7.043108
-6.673119
1.506313
-2.019426
-3.145917
-9.833497
-1.097747
-0.062048
-2.987215
-10.140235
-4.819361
-5.299892
-4.418159
-1.536693
-8.285424
-1.968427
1.647910
-0.304150
-6.827049
0.792156
3.345134
-1.613776
-2.605812
3.425608
-1.447769
2.503744
-1.783161
0.894472
-2.037424
-2.590802
0.275146
-0.572648
3.120197
1.720944
-4.307616
-3.305409
1.645453
-2.445994
1.943654
-0.595938
-4.713029
1.450177
4.686167
1.286386
-0.194867
-2.688804
-1.335250
-0.622622
-2.643101
-0.013603
-4.204825
-0.943779
6.390994
-0.312924
-3.546045
-2.973660
0.025273
-3.630198
-0.411425
1.116839
-1.019763
-5.917055
4.664204
-5.328624
-3.248014
1.594849
-4.757689
1.517847
-4.221157
-0.114917
1.560660
-6.086889
0.810063
6.177015
-7.784058
-0.410795
-1.253520
-4.004736
1.195169
1.304285
5.179983
4.242085
3.122909
-3.189458
-5.269684
1.720701
3.097667
2.601689
-1.451140
4.452108
-8.009163
-3.814754
-5.488285
12.180000
-3.837179
0.039455
1.958501
2.280339
2.571311
3.333349
-1.242773
3.401464
4.835462
0.254529
-0.790683
-3.126020
5.661833
-5.412721
6.714926
7.084415
1.235161
3.574912
-4.500250
0.017293
0.316579
-7.702548
-0.809945
-0.290311
2.646175
-5.330320
-3.726404
4.841578
1.164714
-0.717074
-2.996252
0.947322
-0.079557
2.845243
6.021183
1.165726
-3.791352
-4.898767
1.802108
1.695941
-3.964152
5.600632
-0.281637
-7.973725
-1.721254
-0.602582
-4.345506
3.960591
-4.128413
-4.301966
3.588339
-1.367333
-4.906162
2.906538
3.889919
-4.749177
-4.360726
4.218360
-3.657932
-4.872618
-0.502428
-2.861386
6.676852
-2.050455
-2.827183
0.996478
-1.811887
1.064618
-4.130635
-1.704624
-0.226174
-5.576864
0.522234
0.315315
-2.312982
-2.361426
-10.502276
-3.858353
0.992397
-2.703056
-0.221810
-0.051507
-2.442132
-0.516799
-3.305338
-6.425853
-0.840732
-0.644951
-4.188102
2.046273
4.285675
3.445853
5.849674
3.561967
-1.978327
1.631048
0.338018
-0.459265
0.670220
-3.615438
-0.948283
-3.057592
-1.396891
3.115306
0.415468
-2.244289
-1.577244
-5.124621
3.459483
-1.118255
0.100734
-9.865690
4.613409
-2.137603
4.179215
5.219254
-5.398215
2.864902
8.050349
-5.564044
3.937579
-1.983223
-4.406346
3.268423
-0.364079
-4.077429
-1.844113
2.068568
1.769224
2.665594
-1.819988
-0.142468
-5.863605
1.610690
1.307682
5.123637
-3.979558
2.136695
-2.877201
3.332849
3.232605
-0.877878
-1.288966
2.611057
2.949270
-3.325477
-3.027167
-9.847342
-8.059836
0.231507
-1.099999
-4.013058
4.166912
-9.509231
1.598837
-4.519989
-3.096694
5.434437
-2.315881
0.422588
4.335352
5.190552
3.146446
-2.594994
4.665483
1.902685
2.346857
0.328277
4.458819
0.040414
-1.003920
-4.884304
5.999932
9.447821
8.591742
-4.867929
-2.229739
-2.481438
6.453990
-3.195286
-0.717757
0.809448
-2.679833
-2.512216
-1.204968
0.714854
4.286023
-8.874591
-3.121434
1.528578
-2.972349
-3.474831
0.721899
-4.442915
2.150962
0.023265
-0.609554
0.247374
1.449488
3.350953
-1.832482
-3.252468
-0.115455
10.430211
-1.899055
7.914322
-1.046929
-5.790446
-3.407814
3.885159
10.014975
6.300248
-6.260619
3.307286
-3.695928
1.526854
1.845828
-3.605063
-7.254302
0.344527
-2.196226
2.428232
-0.627008
-8.563182
2.541579
3.895630
-1.446801
-4.768648
-1.748134
-2.386728
-0.379929
0.572538
0.045544
-1.260036
1.782638
3.055241
-2.915711
1.074929
1.034003
-7.628556
1.928799
2.832793
6.534221
-1.619517
3.874035
2.010297
6.596865
3.159283
-0.019066
3.911857
5.286222
-2.404229
2.076326
-0.268400
-3.074549
-6.035261
3.712762
0.169731
-6.217722
3.191896
4.232911
-0.723167
-3.029468
3.018777
-1.660085
-2.455140
5.116958
-2.710557
2.053625
2.208351
-1.938499
2.975135
1.382014
-0.658722
-1.392146
6.127897
0.661546
-0.949626
1.297459
-0.065170
3.659904
5.241039
2.654550
3.678493
-5.072255
3.970367
3.472959
3.518867
6.293558
0.207020
-4.295975
0.423985
-0.408931
5.447468
3.386987
4.971751
-4.345125
-0.326932
1.556783
9.387276
-0.248029
3.311196
-3.547938
-5.933891
-2.648889
3.051553
0.851288
2.314820
1.722766
3.638016
0.289725
4.829702
-2.443823
3.545181
-5.656147
0.847250
0.161999
0.007002
-0.620382
-2.893991
-2.076857
-4.527367
4.594836
0.875603
-0.751205
-6.394883
-1.085523
6.401051
-2.033693
-0.387408
-1.223303
-4.933121
-0.037229
0.324269
-1.320449
1.423169
-3.703445
-5.411036
-3.849200
2.093265
3.487690
-2.655744
1.122090
1.735546
-2.333734
-5.222785
0.667566
3.068185
7.636727
-1.354951
-2.069860
-0.672185
-1.466287
1.236842
4.519374
5.687076
-1.978561
-1.638131
-5.704308
2.832269
-3.744557
3.576278
4.420536
3.000980
-4.687826
0.289794
2.492049
-1.871104
-0.606432
1.029374
1.027058
-1.608520
-3.584834
1.192433
1.666273
1.089272
3.929683
-4.450118
-6.128726
-3.363033
-3.292924
1.048348
-0.164506
3.156889
-2.486011
2.746925
-5.840496
3.720257
1.987677
3.216270
-4.494991
1.039497
-0.301724
-3.574924
1.082020
-0.543488
-4.905281
-3.913197
4.476804
1.684743
-3.680536
0.545385
-3.313690
6.201218
0.548496
1.102621
1.013863
-0.418012
-7.012588
-3.904122
-2.693727
4.050213
1.134721
-0.373882
5.716833
-5.974818
0.807177
-3.444237
-3.934459
-3.534839
4.224121
1.380512
0.698728
2.267945
-0.298551
-2.252732
-1.240914
0.919443
2.712139
4.973484
-2.333143
6.378771
6.476140
-4.078136
-3.059344
-5.789530
9.436730
-0.907145
2.157588
3.315304
4.190149
-3.283555
0.768051
-0.140839
0.440648
-3.084751
3.565625
-2.639561
-0.955295
4.931390
3.190828
4.097715
-2.990196
0.836796
0.147606
2.121603
-1.650042
2.292336
-5.404515
1.086980
-2.546928
-0.464161
-1.654645
-4.173485
0.921492
0.716347
0.269101
-5.793508
4.989130
1.385510
-3.198362
2.312839
-1.932723
3.895916
1.595608
-4.545017
3.411908
-5.039567
-3.204854
-4.631101
-1.565686
6.131391
1.786902
2.812442
-5.266263
6.640414
2.133896
2.415723
-1.716979
-0.925221
-4.195126
-5.300140
1.315713
1.761791
-0.846389
-1.338207
-1.483295
2.573849
2.219527
1.331501
-1.431541
-7.299308
-2.523640
-0.199075
2.162856
2.894884
-4.241754
3.501153
-4.301548
0.815885
2.988574
3.054657
-5.577574
-4.051994
-3.295769
4.537402
-0.479178
4.251235
1.335213
-3.769872
3.012506
-0.790162
3.906936
-3.137109
-2.576198
0.736124
4.207214
-3.496126
1.997499
-2.377412
2.034969
-2.885422
1.021411
-4.460860
3.787131
1.757773
1.607432
0.677291
-0.913403
1.881921
-2.490674
3.650969
-7.288467
-1.989951
-0.341351
1.054510
-6.600481
-6.293680
-0.913349
2.720497
4.979487
-0.816138
-4.241667
3.273105
4.038462
-2.776463
-3.587399
-0.498646
3.710588
-3.232703
-0.362936
2.535747
-1.553848
-4.045814
5.308685
-0.024404
0.575630
-2.489899
6.471473
1.216789
1.963447
3.941967
2.858695
-4.319024
7.824421
3.679841
3.809087
4.728210
-2.965156
-2.096709
-3.295740
-6.624049
-1.435307
-7.162294
-2.828345
4.248121
2.141870
-2.988800
4.188936
-8.074032
-0.765486
-3.141577
4.848414
2.873623
-6.137048
-4.255148
3.851214
6.448535
-0.869001
-2.416454
0.103160
-3.580661
-6.469025
-0.082864
6.312694
-0.094528
-4.503459
1.226198
-4.514173
5.111773
1.829027
3.639439
1.523057
4.670104
4.275190
3.742178
-2.637732
0.486002
3.915992
3.812283
-0.224702
7.194636
-0.636929
-11.854036
3.471217
2.744732
4.207641
-2.391487
7.621464
-4.315812
-1.513789
0.359390
0.803796
-4.250083
0.664980
5.260682
3.311428
-4.971828
0.421470
-11.216298
4.407963
3.749140
-4.415285
2.104789
-1.258996
1.017857
-0.028954
-3.331669
-0.769860
4.784066
-6.592667
-0.215448
2.194218
-3.113132
-4.809792
6.568947
-0.562532
4.344631
-7.539938
-9.008173
-3.669297
-4.291375
-2.623509
-6.792562
-0.150605
4.687546
2.224347
5.921864
1.203321
-3.208460
2.797040
4.821086
0.902810
-4.312965
4.141456
3.890446
4.188573
2.230742
-4.135962
3.325019
3.407433
-1.468740
-0.702985
-1.698941
-1.799819
-2.607059
2.441400
-1.901837
-1.469159
-2.488867
4.108287
-1.514912
-8.226817
1.431668
2.726437
2.111172
4.381063
5.029614
2.856640
2.362679
2.577372
-3.853540
-5.075295
2.815666
-1.427639
5.041420
-0.642932
-1.370770
0.141448
2.805181
1.085818
-0.642802
-3.092653
2.850837
4.229138
3.793362
0.550537
1.229596
1.335980
1.476036
1.905659
6.968070
-3.330867
-0.586470
-5.394619
-1.307638
-1.448157
-0.456775
2.687899
1.064659
0.438433
-0.197551
-2.772812
1.696305
5.820558
-0.053116
-1.655663
2.968654
-0.076976
2.990446
3.810359
-2.237843
1.118505
-4.665339
-2.712749
-2.141026
4.399145
-0.459198
2.020466
-3.781277
0.003862
-0.928001
-4.620616
1.065457
-3.206981
-4.430722
3.654436
4.420507
3.319679
0.886875
-4.593614
-4.993444
6.130191
-0.295097
-2.677416
5.821360
-3.690089
-2.116435
-4.352639
7.418849
-1.122565
2.528177
2.777940
3.678509
-1.346730
0.229802
5.818612
0.737632
4.211516
2.806751
3.091251
-1.199995
4.422272
4.906250
-3.237631
-4.073079
-4.680652
6.975445
-3.437729
2.505141
4.594904
1.724709
-4.431448
-5.934795
-0.225538
4.152252
1.025560
3.575193
2.794717
-4.588573
-3.988114
2.350167
5.200264
-1.956176
3.605521
0.346041
-3.108381
-0.729532
2.850306
1.569548
-1.577922
-3.758035
4.518237
-6.931318
-1.521375
4.616302
1.837787
-0.464418
-1.391070
0.811750
-3.138579
-3.984431
-0.540306
-0.414197
-1.274470
1.378740
-1.804849
-1.358516
-0.941786
1.832239
2.417586
2.200374
0.796306
5.310151
4.835191
1.919260
-0.078241
3.680425
-1.474956
5.788299
4.568133
5.446031
-1.043888
3.685117
0.301834
-3.275542
1.216310
2.075546
-4.376126
-0.474466
-9.716527
-1.081597
0.373029
-5.133716
2.289957
-3.432509
2.273657
3.558397
-2.624429
-1.767293
-2.860362
-1.603555
2.562592
-1.053913
-1.821664
3.621019
1.692269
4.079126
2.161221
2.725307
0.911115
1.410977
1.141147
-0.510567
-2.447956
-1.551777
0.379773
-1.514023
-0.723311
8.962208
3.458872
-0.233591
5.430161
0.145728
3.448598
-4.113724
0.212923
-0.275381
-3.729531
0.606599
5.222582
-2.556595
3.754011
-3.477849
-4.666283
2.912810
3.708365
1.311481
4.177651
2.886079
-0.958264
3.155987
-4.004389
-0.043276
-3.343325
-0.874669
3.502337
-3.212867
-4.228955
3.510138
0.369391
2.293216
3.648572
0.171769
-4.188652
-2.981612
1.725530
-1.219375
2.893245
5.305789
4.944488
7.413234
-2.447321
-3.001981
-1.814625
-4.831275
1.153899
-3.046835
1.436464
0.173009
0.059031
2.468919
-1.321027
2.912697
-6.461363
3.950026
1.109046
-4.632290
-0.528494
-7.667985
2.570161
3.449113
-0.886607
7.104829
3.910447
2.097819
1.366284
0.579083
-2.055964
-3.144535
-3.555219
4.214468
-3.490592
9.069125
-4.208539
3.248601
-3.547090
3.775489
2.804448
4.333605
0.689737
-5.146858
7.646773
3.198807
1.798638
2.536211
-2.468981
1.117854
-2.823756
-3.311782
-4.023271
-3.395084
-10.856497
-5.574234
-3.656379
0.375757
-2.675321
4.086030
-2.432705
-0.217944
0.593671
3.548307
1.727784
-0.735018
-3.121695
-0.644965
1.754471
4.568418
-3.856344
-0.338738
-5.998394
-6.730317
-3.914840
-6.277463
3.386887
6.559615
-0.851701
3.880811
7.142450
1.792057
-2.435104
4.329626
0.463103
5.813236
2.952366
2.777334
-6.223937
2.001728
-0.963065
5.299492
6.266352
3.444865
1.564474
0.488918
-9.390037
3.900058
3.369639
-1.317247
3.246356
4.340655
-1.131737
-1.087858
6.479228
0.972838
3.737671
0.152323
-1.507453
0.064355
-3.401054
-2.264531
-2.598105
2.450162
0.447243
2.145984
4.803401
1.367961
2.264761
-3.239626
1.377923
0.247158
-2.043143
-2.576225
0.883914
7.073618
-1.658283
-5.278886
4.013922
1.494279
4.907884
-0.649253
-2.462399
-4.278322
-0.948328
4.536282
-2.354000
-3.910063
-3.502745
0.657092
6.810604
1.907077
-6.800920
-0.277135
4.137331
-4.156003
1.327057
-5.603178
-1.216174
8.417107
-2.032454
5.581391
-0.605774
2.729964
-6.359522
0.459979
-2.093817
-6.399324
7.536700
4.840536
2.401846
1.456037
3.834599
8.685664
-0.946038
1.136960
-1.485447
4.859015
4.196037
-0.264696
-1.788464
5.209865
-3.392193
3.588292
1.101421
2.712862
3.790872
-2.712154
0.900582
0.415649
-3.626846
-6.745413
6.950359
4.775856
4.607409
5.772891
0.475915
0.822617
-2.867532
-0.110134
-4.545649
-6.313635
-3.012296
-6.176139
-2.779029
5.061543
2.841797
-2.842480
-0.698349
-0.238894
-5.508799
3.602046
1.429819
-2.372993
0.601017
-3.355763
2.617576
-0.105099
3.556739
-6.303991
3.083013
0.803422
-5.643810
-4.031001
0.196554
-3.692617
-0.193540
0.105936
0.524425
5.206555
4.573101
-0.278080
-1.372037
-1.809033
-2.766872
-4.493751
-2.088763
-5.089058
-0.134626
1.880210
5.705101
4.288415
1.357310
3.471733
-4.905497
5.231558
5.985073
3.682213
-3.982082
1.826178
1.632793
-4.214565
-4.605625
1.553436
-0.355675
1.947592
-1.116778
0.209613
-0.310751
-5.525727
-5.033250
0.246112
6.649007
6.908090
0.582245
3.434667
0.990679
-3.668219
1.879501
4.409894
2.587458
-3.526705
3.371105
-4.614511
6.338532
1.947136
-3.321530
-3.831869
-1.200359
-2.928429
4.232865
0.741475
-4.702600
-0.408906
1.893703
4.774975
-0.309420
1.295733
-4.980800
1.877961
-0.077013
1.459094
-4.644150
0.413911
-0.709832
-5.555490
1.074877
4.142519
-1.977580
5.538347
1.879571
4.901623
-0.700143
0.988643
-1.470926
3.750751
-6.682407
4.197072
-1.724740
-3.858723
-4.877604
0.847712
0.798783
-3.231581
-1.132548
-0.110613
3.725571
-0.207054
0.878838
-0.457817
-6.046428
1.647992
5.330404
4.258364
3.090586
2.892555
0.750090
-7.642191
-2.810359
-7.000315
-1.344131
4.144085
1.519475
3.017840
-3.917808
-6.576636
-5.599089
3.791877
-1.845270
0.447450
3.363701
1.645897
2.933060
-3.279682
4.473831
2.546278
-3.405239
-3.421140
0.105320
-2.305048
1.418664
3.128424
2.503167
6.355891
-1.604194
-6.074345
2.607420
-3.225181
5.380743
-4.589828
3.635795
3.422401
-10.730070
-1.208622
-1.203311
4.748839
1.586866
0.785930
-2.127638
2.180344
5.387374
-8.247766
-2.879112
8.222479
-1.635401
-8.555033
1.871542
-5.073643
-4.923496
2.355485
2.279988
-1.342971
-0.355105
-2.038663
-4.691178
-3.962512
-0.925295
2.622934
8.436959
2.505844
-2.202770
-0.297836
-3.803772
3.407679
-2.325846
-2.037688
0.990883
-7.645930
-4.008484
4.684986
-3.383507
2.080730
-1.373599
-2.833469
-1.076147
1.131210
-2.161919
-1.668361
4.966588
1.720746
2.502951
2.614974
-7.379632
-3.605156
-1.973278
8.515492
2.238804
4.194723
3.762961
0.910273
-8.673593
-3.473611
4.909797
-4.039944
-8.934655
5.231551
-2.316872
7.904454
0.010636
-4.121529
5.321833
-11.488675
1.869888
1.093132
-7.622113
2.094033
1.290888
1.179432
0.327489
-3.846716
-3.028025
2.368942
0.704970
-4.472884
-2.754954
-1.778875
2.701782
-4.411671
2.724320
-0.034214
-1.987615
-3.938552
-4.598747
2.404027
-2.329134
3.916448
2.504532
4.239948
-4.499838
-0.197486
-2.944388
-2.138847
2.179393
-0.684069
-7.858504
-4.091126
-5.846778
2.048770
-0.747337
5.450804
4.001444
-4.221582
5.551580
-0.841843
1.711406
2.767017
-3.610487
0.130246
3.221061
4.241532
4.986291
0.636688
-5.760533
-4.283524
-5.425242
2.828645
-1.132784
-6.006284
1.208154
-3.787535
-5.216940
4.380126
4.424772
1.274675
6.737210
0.377901
4.240912
-2.626054
1.778139
-4.593649
-7.066313
-8.210299
-1.649475
3.119654
-0.318258
-2.176022
2.579360
-3.856972
-1.853543
-2.307001
-2.480622
-0.859849
1.164783
-2.075275
-2.618307
3.474981
-4.567437
1.325442
-0.209378
-1.574240
-0.722717
-0.895545
-2.304291
-3.865830
5.083024
-5.526234
-4.151805
1.985566
0.641320
-6.686964
4.104699
-5.314934
1.844550
-3.583522
2.357466
0.103563
-0.527381
-4.986200
2.524221
-4.297842
1.629032
3.450651
2.692007
-0.497597
1.763638
-6.160661
-5.312074
4.067390
-0.741608
4.071943
-5.538027
0.072636
1.873342
-2.247301
-2.604558
1.944133
-3.492291
6.081203
-0.662775
-4.415402
1.177908
-1.473812
-0.461931
-1.900907
2.270043
-6.019195
-4.664087
-2.234356
-6.092802
2.314960
-2.148701
2.370480
-2.314683
1.508346
-3.722209
-5.444350
-5.329824
4.305117
4.519559
5.329762
-3.754581
7.143090
5.262199
0.538456
-5.214178
1.946683
0.162210
-3.453864
2.441518
-1.970088
-3.963809
3.244966
-4.571507
2.141981
4.539244
-0.882216
-2.998681
-4.199227
2.422689
0.713026
-2.800155
10.053224
-2.444888
4.522196
1.801607
-2.848873
-2.850553
-2.695344
-1.946535
3.551561
1.012633
-6.216386
1.866586
-0.712133
-8.080913
-5.438524
4.239138
5.999362
12.711905
-3.368648
0.078258
0.597358
-8.755569
6.545983
6.842820
-3.419974
6.276937
-11.110014
2.415895
-3.439869
-0.550181
-0.621149
-0.209256
-1.140525
4.624190
5.638084
2.382935
-2.619561
-5.765340
3.774971
-0.765478
3.315742
-3.839921
1.804980
4.418602
-4.318112
-8.082077
-1.190723
-7.619666
-0.083058
3.124850
-5.207632
3.960248
-4.439744
-3.714767
0.243538
2.140740
0.133217
4.101213
-2.724202
0.500074
-0.018881
-4.599314
-0.553156
4.489864
2.733707
0.687980
6.583050
-4.480188
2.194435
3.549205
-2.086430
5.726685
7.808097
2.310385
-4.560391
6.371383
6.007915
-1.320104
-7.402992
3.269766
1.715060
2.510225
-0.766303
-1.679453
0.257488
3.931751
-3.674333
-3.377321
1.255133
4.717154
-2.476029
-4.819346
1.335669
-4.937287
-0.071511
2.690834
3.687011
-1.562275
-6.074017
-4.631368
2.953590
-1.248059
5.968985
5.113766
8.300005
-3.501879
3.620476
-1.044152
1.450491
7.118081
0.910019
-6.566997
2.599604
-3.756434
-6.565863
-3.692318
-3.057610
0.995790
0.458974
-2.871411
-3.733279
1.088667
5.221653
-2.548841
3.650833
-3.772832
-3.086281
-1.812583
-6.891366
-0.207316
-2.781686
-2.511139
-0.513673
-0.305492
1.506957
-3.903590
-5.053594
3.071633
-6.036059
1.104047
1.070407
1.404669
-0.825599
-6.743868
-6.265961
3.781162
2.480696
2.849752
-1.114842
-5.453933
1.037891
-3.007743
4.989636
1.546751
0.520221
-5.038267
-3.308820
-6.453980
-3.634346
0.566546
-1.644205
1.712950
-5.934711
5.183407
2.971739
-1.940122
-4.554462
-1.391023
3.796873
7.654997
-0.464878
2.436374
0.182871
3.031399
-4.381118
5.567550
-3.623941
-2.924051
3.203957
-7.865651
-2.379882
1.888648
-6.426388
-2.784127
-3.068742
2.628126
0.228081
-4.132187
3.893975
0.319285
-4.200273
1.220794
-1.147508
0.286886
-3.364382
-0.062169
0.323298
-1.175277
5.472339
-0.593181
-5.325625
-0.677594
-4.570210
-1.555122
1.852749
0.828278
-0.685795
-0.817756
-1.290115
3.118303
-4.909588
-2.610227
4.447071
-2.324932
-5.336054
-1.201246
2.781012
-5.375436
2.586630
7.230610
0.181878
6.167097
1.543157
-2.085689
-6.234867
3.759290
-1.211524
3.838259
-2.200859
-2.877571
-0.692890
-5.062241
4.040935
-1.830667
-0.401215
0.913223
-5.513008
-6.316216
2.009441
-1.879955
-3.366027
-1.756887
1.700318
-4.092600
4.313972
-3.720056
-3.908409
-3.494340
1.643745
-6.762238
-9.433785
-2.777467
-9.104556
-5.098165
-0.033300
-5.931457
-2.852844
-5.171548
-1.750270
-1.648833
-2.431009
-4.052990
2.678129
-6.100366
-2.933828
-6.599764
3.722161
3.061343
-2.370278
-4.633404
-0.820297
0.004942
-8.298429
-17.549089
-2.803969
-5.242643
3.110340
1.324345
3.767895
-4.521073
6.352043
-8.649028
8.446632
-5.075690
-1.955216
3.536498
-3.950440
0.180495
-0.450962
-3.681617
-1.467036
3.823865
2.985548
0.496418
5.864138
-4.393521
2.661449
-5.883159
1.433915
-5.947405
-2.991159
-2.777877
7.467384
2.647409
-1.601676
-2.012609
-3.153286
-2.487400
-0.277303
0.671313
-2.534418
2.021396
6.499951
1.059343
-1.737449
-2.680387
-1.987254
4.327148
1.476564
-2.440187
1.237854
-5.530708
4.845928
-6.968831
-3.512591
-1.588515
7.976271
1.282156
1.480584
-1.427769
5.706134
-4.491868
-7.794170
-2.281524
6.544419
-1.587966
4.166648
-2.994661
2.768730
1.450156
-4.083924
0.416949
1.983354
1.809102
0.065143
-8.382425
-4.790098
1.608188
3.476542
0.295109
-2.825224
-1.676312
-4.098563
2.188548
3.717450
4.134695
-2.491372
1.304722
-7.173019
-3.268259
4.619184
0.210483
0.549667
1.525277
2.651449
-1.925948
-2.801576
1.842235
-5.469935
2.451039
1.111851
1.038640
1.837297
1.703602
-4.395808
-3.801183
7.373362
3.879242
3.116534
7.334810
3.362724
3.548665
2.611704
2.038265
4.612753
-1.508448
2.361470
-2.726523
2.693992
2.514784
-4.393573
8.437392
7.906417
2.938050
-0.306780
3.168660
4.153898
0.203302
-2.324478
-2.693514
-0.332089
-5.241241
-2.193054
5.184720
-0.327124
-12.101174
4.204641
4.064016
2.490567
-1.968758
-4.002526
9.875369
-2.843977
0.015027
-2.433092
3.940195
-3.246231
3.891443
5.255443
-5.275839
1.812984
0.951844
-0.291100
1.154755
6.742738
-0.858428
-5.350648
0.612524
0.765666
-2.967837
-4.561347
-4.933838
-0.807196
-3.793366
0.775745
5.737020
0.620385
-1.827210
8.946712
2.021134
2.551290
1.070601
7.315794
-5.762724
0.247537
1.836887
-3.361010
4.144827
-1.210667
7.536141
-3.102879
1.820656
0.716912
5.174977
0.784268
9.133202
1.713500
5.525112
-1.245242
-0.185266
0.270381
5.297661
-12.511305
-2.501945
3.209435
6.392911
5.379433
2.230061
-1.811749
2.390993
-2.160491
-2.459889
-1.902488
3.123621
-0.020249
-0.867276
-1.141888
-4.037890
0.650250
-6.028218
6.929018
-4.137321
5.089290
-0.429622
-0.546583
4.078205
7.508578
5.275543
-2.047118
2.439273
1.740880
-4.423162
-2.816369
-3.072114
0.458956
0.890150
4.811639
-5.358758
-2.303919
-2.518770
4.801733
2.826005
1.320333
-6.563268
-3.568447
-6.274450
-5.308611
3.683956
-4.141821
-2.513026
7.051056
4.447306
-3.630448
-3.388180
-3.181601
3.032732
3.722522
4.257467
0.834071
4.978516
-2.526462
-1.920860
-2.954544
3.937238
-0.030044
2.478607
-4.613037
-5.805661
-7.009533
-8.826775
-0.488191
-2.564850
-4.846275
0.872774
4.509752
-7.053286
-0.501141
-2.109140
-2.281886
0.505788
-5.711987
-6.239470
-4.721548
-2.877928
2.102810
1.402054
-2.847048
-2.740708
1.883824
-2.256435
-5.338279
-7.635489
0.077719
1.992266
-10.051025
3.297295
3.986379
2.346682
-5.078097
-0.224624
0.282251
2.483816
-4.878781
-7.778352
-3.265406
-4.516436
-6.330859
1.833686
-8.114633
4.921968
0.357101
2.887176
2.369506
1.041762
0.969656
-4.177884
4.361297
4.177988
2.353512
-2.909123
-1.102641
0.305170
2.896573
4.784380
-2.519139
-4.008686
-7.527842
4.008944
-3.512613
4.296467
-0.964147
-1.031996
-4.682319
4.092724
2.443134
2.137742
8.760729
2.275254
0.398842
6.844426
2.919487
0.878606
-0.938826
-4.186528
3.632060
-0.848532
-5.730070
-2.073575
-1.090611
-1.815202
-2.863830
0.265981
-2.957828
2.282792
-1.188141
1.546686
8.716290
-1.290867
-2.962906
2.415899
0.579179
4.273965
6.650121
2.109931
-4.616889
3.321063
-2.895399
-0.612644
-3.687108
1.796227
4.607080
-5.227406
-4.174300
-4.607353
-4.205101
-3.623202
-1.558428
-3.307257
-5.582718
1.629230
0.611538
0.969267
-5.621342
3.028083
-3.443754
-4.954627
-6.222119
-3.734459
2.688503
2.176769
9.299891
3.046952
-4.023697
-1.928592
6.143518
-2.197993
-0.364745
5.951127
4.579302
-4.210003
-1.459518
-0.686173
-4.507292
7.448516
3.285354
-1.907335
6.202066
-0.351237
4.880639
3.439080
2.415915
-1.844492
-2.783778
-0.652668
-1.542436
2.183124
1.273520
-2.346861
5.728081
3.463320
2.117337
-0.196464
-1.768512
-2.113471
1.998476
-4.064651
-3.330392
6.324912
5.395471
4.734225
0.115860
-6.330514
3.777719
1.187851
2.730977
1.038249
-3.394841
0.165349
-6.753432
-4.368496
0.683064
-1.511796
-1.437168
3.719671
-0.318136
-5.515759
-4.237298
4.190174
5.519383
2.612569
9.837370
-4.785088
-4.584277
5.994518
5.158553
-4.016427
-2.045344
2.744246
5.368719
7.435606
4.248639
-1.696859
0.760490
-0.356424
6.120191
3.142896
3.361332
-5.421590
0.445129
-2.480534
-3.256974
-2.833323
-5.511637
1.793840
2.178392
0.461530
-1.492361
-0.476205
3.390357
4.352011
-2.465462
-4.262414
-4.803643
-3.946440
-0.155923
-3.301104
-3.768531
2.258848
3.747180
-4.992802
-7.461875
-3.258526
2.464454
1.967882
-4.385266
1.380035
3.502259
-3.051133
5.778410
-8.513990
3.888000
1.082386
-4.674707
-5.905324
-1.060165
3.437640
3.716357
2.821494
-0.291405
4.303133
1.338758
-1.291787
0.270033
-1.220481
3.282705
-3.739417
2.337002
0.572709
-3.514933
-3.924372
-2.026492
5.311931
-2.534117
3.217252
-0.096749
-2.062306
1.337226
6.949538
3.950583
-4.398451
2.235447
-1.442462
3.340342
5.776475
-5.377121
-0.971679
-2.875136
-1.016238
3.107750
-0.655639
0.327876
-0.987099
0.650882
-5.031089
-3.197285
-0.931225
-6.557485
-2.781622
1.396830
2.292090
-11.322619
0.100472
5.209924
0.003710
13.012413
-0.747014
3.296745
1.127995
0.022812
9.067452
3.130360
2.534735
-0.787214
3.160649
1.611952
4.063278
-1.157037
-1.288671
0.270278
7.700939
5.751050
-7.709871
-5.036942
-5.591961
0.187928
6.366379
-2.317788
-0.384361
-4.184974
-4.014668
-1.113088
-0.180746
-0.304195
-5.864472
-1.388367
-1.003112
-0.219098
9.887057
1.287903
1.003623
-3.767425
2.315154
7.642955
-4.157021
-4.749041
5.156204
4.073948
-2.041952
1.296016
-0.564717
3.519536
2.248898
-2.484383
-0.330730
2.645689
-2.106850
-2.830387
-0.244997
-2.411008
3.236323
1.197732
8.269747
0.301947
5.556734
-4.793138
3.826443
1.005074
-2.793135
-0.729220
-2.833945
-2.963138
2.915849
4.944009
3.072691
-3.622425
0.652572
-0.136977
3.205414
-5.621910
3.051853
6.484828
5.005136
-3.118297
-3.055938
1.555505
1.977163
0.340755
0.004494
5.359949
-4.417316
2.475293
-5.881135
-1.269029
-0.949088
4.218677
-2.225839
-0.578181
-2.921353
-5.087568
-4.828504
-3.089523
-6.770517
1.643120
-1.472525
1.429007
-0.617109
1.686582
-8.096651
-0.815468
3.561476
-1.626789
2.367037
3.606924
7.078854
1.570009
-5.388690
-2.638116
2.420715
3.102004
-4.127227
4.034073
-4.282254
-1.784197
2.918724
-5.067248
-4.153384
-6.826287
-4.492886
-4.790477
0.857164
-1.056054
2.548256
-6.611117
0.652790
-4.852900
-1.717183
-3.869764
4.330412
2.879380
-2.453500
4.666127
-2.107691
6.881928
-6.596313
4.080739
-4.790323
3.580437
4.105962
-0.429413
-2.953830
-2.815223
-1.314936
5.545929
2.422850
1.760194
5.355978
1.117170
3.325871
-6.729321
-5.536644
-3.747030
-0.540679
-0.121533
2.541541
-6.456926
1.434944
5.173603
-2.292473
-4.558892
0.639910
0.360391
-4.278362
0.466922
-6.042873
-2.932866
-5.090745
3.195060
-3.478983
-4.483196
2.530342
1.322457
-2.058623
3.569222
0.391608
5.145443
1.660341
0.390182
0.138230
2.262897
4.020244
-6.016182
-0.510761
-0.880602
1.785857
-2.186895
2.538404
-8.733471
2.040704
-2.319359
-4.171671
-4.859116
0.776978
2.481276
0.328097
-1.740978
-4.847705
1.300576
-0.310264
-8.265416
4.495850
-0.776457
2.928467
-4.840920
-0.019651
-6.157085
-0.749645
0.608717
-1.939092
-0.154433
-6.427256
-1.026263
-2.717242
-3.685849
1.177918
-15.281326
-3.718853
4.355532
-11.657454
-4.524267
-4.559011
-5.885798
5.742989
3.505118
-3.311530
-4.382153
-1.244315
0.234566
0.746509
2.572238
-5.876862
0.356231
-0.316139
-4.202569
-0.979039
0.215831
-1.127818
3.879530
0.673306
4.858758
4.045363
-5.753823
8.279621
-5.888386
3.927438
6.879744
4.955518
-6.222950
-1.277334
1.567584
-2.098069
-3.618671
9.875257
-1.435942
-2.751034
4.176512
-11.196604
11.413929
4.044169
-1.460905
-6.241791
-4.233679
6.110457
-6.879233
-4.623421
4.164118
-1.743312
-3.406227
-2.545767
-5.287866
-0.419522
0.008905
1.493716
6.389442
3.396353
-8.510942
3.178400
-0.364718
0.982275
0.635896
3.658885
-0.337495
0.376488
6.645373
-3.366227
-2.627974
1.077247
0.609969
3.208818
-3.547560
0.581608
-3.120343
1.377530
-3.669211
6.556695
-0.863535
2.534707
-2.552228
6.439525
-6.238341
-0.498328
2.733865
3.547611
-5.087958
-2.617705
-0.653946
3.260217
-2.352299
-8.749566
-4.438257
-2.122513
5.361109
-0.264756
1.714327
-2.346440
-0.727314
1.407877
-3.127956
5.748961
2.391639
0.014764
-2.770261
-1.410113
5.623179
-1.753100
-2.497967
0.242643
3.580941
2.473284
5.006780
-4.141812
8.426063
-1.093571
1.665781
3.304238
-1.989056
-1.407619
3.917858
7.930853
-5.687752
-5.928369
-1.324296
4.041512
-7.658460
-1.637116
-3.493200
-2.695503
0.290615
1.350842
-2.619105
4.199197
0.064028
-1.056788
-6.686868
4.572635
4.534511
8.036445
2.603485
-1.392253
-1.844429
1.132764
-3.392221
-4.503371
-4.401364
-0.740640
-0.807740
3.278616
-7.658778
3.483197
5.810995
-3.486888
-1.515556
-4.916664
-1.985398
-5.040708
-6.047845
2.565733
4.150078
-4.459373
-2.495212
-4.080392
-1.870408
-1.294507
-1.242722
0.258006
0.457917
1.691402
-8.485627
-1.124833
-0.518288
-1.062644
-4.801164
-3.533923
-3.486579
-5.440124
3.550795
2.380936
4.442340
1.105616
1.671604
6.678710
4.080101
3.840208
-3.020172
-1.346597
-2.553432
-0.317953
-0.256664
3.597532
3.794878
-1.029815
-2.649084
-0.450511
-3.890146
4.630232
-2.114021
1.541978
1.812756
1.436509
6.204167
-6.568824
-4.278464
3.127977
-2.198406
3.988584
4.349161
4.080366
5.648958
-4.944195
-4.777037
-1.602144
-5.160932
2.135779
0.395784
-5.036801
-3.278180
8.864750
-6.916769
6.547207
4.154048
1.645136
2.467960
-0.208883
-1.517340
1.438354
-3.046121
-4.387886
4.148216
1.891240
0.495595
-3.329277
4.389934
0.226739
1.711936
1.596397
-2.481614
-2.401392
-2.693012
-2.858827
6.090456
-4.529539
6.270501
-2.358906
1.417362
-2.355239
-0.182470
1.765874
-0.215003
-5.294110
-5.462071
3.295274
1.554047
-3.240171
-1.485644
-3.906053
-5.368941
0.737460
-0.062115
-9.223722
0.755895
-0.703444
2.688790
-3.022032
-3.649788
0.154173
1.231181
-4.566446
-5.867015
-2.961778
3.400006
6.048696
-0.087350
-0.248375
-4.279979
-0.276626
2.486528
-6.778377
-3.108716
2.710427
-9.149569
-4.172804
3.778750
3.255287
-0.543110
-3.227667
0.891964
-3.639911
-3.900293
-0.082649
3.230741
2.862734
4.114449
2.054632
4.003004
2.425339
-6.182668
-1.462295
-9.623194
-2.057886
-3.794131
-5.122668
-2.954236
4.078325
3.214620
-4.686075
-1.756762
1.389650
-1.610193
4.273960
-0.587832
0.469220
0.472513
-4.798185
-2.886680
-1.498763
7.207835
-4.022487
4.246612
2.695365
-1.706888
2.480439
-3.347883
-3.337787
-0.537024
-0.443742
4.222650
0.152270
-3.269712
3.138455
0.588120
1.002411
0.348800
1.126057
5.375306
0.243349
3.477940
-5.206174
2.361656
1.150288
0.262296
0.737992
-3.237072
4.376197
1.267170
2.553324
-2.789761
1.358868
3.864946
5.045682
1.939561
-6.781967
-0.794408
-4.636401
4.131798
5.603888
0.215563
5.000616
-4.497378
2.375569
5.203761
1.129479
1.818123
-8.941703
-5.796582
-3.907930
-1.039056
-2.509944
-4.338889
3.103714
-6.206843
-1.760467
0.895765
-0.195550
1.409547
5.182323
-2.331812
-1.481147
-5.445292
4.289905
-6.244241
-0.914697
-4.325709
1.926279
-4.620999
-7.019709
-3.186022
-3.146107
-0.823412
-3.594186
-1.838114
2.221733
3.635474
-4.123358
1.399821
-3.358601
-2.497496
4.921504
5.894557
-7.602476
-6.012009
-2.055938
-1.724804
-1.707892
-4.038653
-5.721548
-3.702923
-3.782659
-1.398922
-3.359310
-5.532857
-5.745411
-5.643167
-0.040883
-1.270377
-3.579049
-5.256560
-4.107573
0.170758
1.178794
-5.959757
4.009958
-7.919595
1.366254
-2.443884
-3.694431
-9.674561
3.221988
-2.587490
-3.781544
-1.682930
-2.637354
2.365738
2.792644
-6.671397
0.519928
-5.748120
-9.007289
0.394759
-0.045584
1.728367
-1.735174
-4.929894
-4.419193
-4.554410
-4.533744
-2.744223
-1.944740
-11.417798
-0.825954
-2.416789
0.268896
-0.225916
-5.235688
3.683489
-1.804293
-6.844230
5.670128
-0.570086
-9.946253
-2.442879
-2.379439
4.492401
2.594856
1.151039
-6.752557
-0.303554
1.664867
-4.198071
-3.737329
-6.184585
-2.450600
-0.036712
-0.332271
-1.091098
0.673103
3.336988
-3.133401
3.293457
-0.980344
2.342188
-4.683065
0.003203
1.953158
-4.702956
2.548151
-1.879625
-0.573388
0.120900
-8.853248
3.811962
-9.170371
3.333100
1.908382
-6.473889
-1.356785
3.822722
-2.029591
-5.285416
1.982540
1.081203
6.873071
0.677082
-0.612627
-2.006220
1.684995
-7.816455
-3.129017
-5.483735
-0.989593
2.029734
1.813658
-3.712834
-2.717054
-5.082934
4.315746
3.136005
2.838388
-0.328789
7.093675
-1.130126
0.310136
-4.297953
-6.855772
-1.647077
-3.737271
4.250277
-0.909855
-4.859288
1.669591
-1.390018
-0.690431
2.936973
0.182925
-7.684208
-4.526219
-1.857671
-5.425899
2.504129
3.930867
4.177334
1.907215
0.974282
0.714772
-1.656022
1.594773
1.741650
-4.025060
-1.342132
-1.062661
-2.985984
-0.831577
1.298331
-2.346221
-4.382339
-2.161871
-4.674785
3.560790
5.465177
-1.234236
2.845223
1.872374
-7.612464
-1.282151
-7.296286
-2.251651
-6.347990
0.690486
1.586115
1.419810
-1.160434
-0.453604
1.827051
-2.610499
3.095844
-2.493076
-8.640709
-1.607508
3.891952
-0.089317
-0.335198
-2.602037
-0.618305
-3.687034
1.569435
-1.476263
-1.481377
-2.260267
-4.430362
-5.220106
-2.470114
0.576338
0.755978
-4.262088
-1.298859
-1.041357
0.612711
-3.452115
-3.150659
-5.048203
-8.720924
-2.963967
-0.615102
-0.958034
1.451768
-0.867712
3.475677
2.733554
-0.655484
-3.479709
-5.041259
2.113160
-2.502210
0.381006
-5.583078
-0.612018
-0.245687
-5.879592
0.357699
2.837027
-2.286354
-5.727344
-5.810021
1.125919
2.180790
2.100698
-4.372883
1.601394
-4.267550
1.421416
-2.889982
5.092442
-0.648445
-0.697029
-4.975172
2.601846
4.254110
3.004092
2.173301
-4.349776
-2.030737
-1.033339
4.147691
-11.404114
3.028731
-3.481998
0.728690
0.331408
5.440337
2.656176
-2.277232
-5.149022
6.605082
3.521415
-2.641794
1.198527
1.394230
2.271437
3.775066
-0.250121
-1.783750
-0.248873
1.163220
-3.529036
6.033628
-3.227884
6.366001
5.904743
4.019251
-5.019515
-1.638369
4.049435
-1.250981
0.977164
1.194394
4.210418
-3.194121
-6.016429
-2.777207
3.990907
-2.332475
-0.278110
-1.998076
-2.547796
2.063943
7.633405
-2.527192
-0.061386
1.431523
5.875992
4.453396
-3.426658
6.104995
3.832025
1.750354
3.389110
4.469086
-6.526402
1.714825
2.178237
-3.079040
-1.140346
-5.138558
-1.066889
-7.454014
-6.574444
0.245414
3.664355
-3.666105
-3.436101
-2.402196
-2.586537
6.575414
-3.691259
-6.989930
-1.493718
-1.090991
-2.404171
3.304233
3.604731
2.091578
-1.560271
-2.541005
7.057392
7.504449
0.675284
2.407669
1.570367
6.971987
-0.200220
-0.290353
-1.776071
5.642179
3.757892
-0.934257
-0.266945
-0.492330
4.101753
-3.710391
0.679159
-1.254688
3.667790
-2.290390
-5.901523
2.534156
3.732294
1.241287
2.065065
-4.227485
0.686884
1.107739
-2.042057
-5.880039
0.124507
2.236965
-3.267623
-1.188624
-1.508787
-5.184209
-2.597347
3.328277
-5.937007
1.481169
-1.035659
1.762896
-2.913597
-0.600571
3.168554
-1.568051
4.545647
-1.094704
-2.489083
0.538833
2.061255
-5.332968
5.291072
0.778528
-0.406011
1.365433
0.059798
-2.648773
-4.398549
-0.675632
-4.469379
3.114103
-2.797949
-0.529853
-4.604630
-2.914378
5.040419
-3.113208
-2.218820
3.490027
-2.493639
3.701985
3.483657
-4.304630
-3.769696
0.049360
-2.594071
3.004126
1.474967
2.984336
0.339950
-0.681273
-3.610440
-2.503501
-1.012378
2.008527
-2.509394
5.216819
-2.058018
1.842103
6.085114
-4.881633
5.662821
-5.250259
4.308945
4.574251
1.869671
-4.422806
2.394758
3.943771
-4.861625
6.705991
4.889151
-1.185293
4.381492
2.646396
-6.332778
0.836008
-4.626096
3.662380
-6.700422
-0.499937
2.024328
-0.434347
-3.859306
4.873916
-2.895355
-3.322013
6.514467
-3.863810
-3.711838
-3.045316
-1.281355
-2.101451
-0.672620
3.663153
-3.610754
2.529138
-1.208920
6.216524
2.785913
-1.392484
-0.510313
-3.080503
2.256962
5.933012
3.048870
3.060903
-5.315290
-0.434712
-3.733838
-2.112732
-1.510786
2.757358
1.413425
3.336732
-3.821360
-4.505063
4.120734
1.464838
-16.399305
-4.026480
-2.444243
-1.911270
-5.109187
-0.292885
-3.019768
6.681160
4.099874
4.833294
2.656853
-3.374211
-5.369611
8.538353
4.322489
-6.721812
-7.741948
-3.507896
-3.606187
-1.317608
-2.063606
-0.435020
-2.221081
-2.448497
3.208190
-4.817142
-6.571838
-3.665323
1.396835
-4.905598
3.656000
2.353194
3.154617
6.638197
4.131828
5.130808
-2.788779
-6.769969
6.472287
3.970771
2.221351
-1.726868
-1.366611
3.312946
-3.421937
0.207655
5.229699
-5.578735
-4.703037
-4.788731
-6.303698
6.018828
-7.825862
4.868309
0.619101
-8.682934
1.498460
2.725906
-4.935894
-0.491711
-7.935666
1.981756
-2.798699
2.195513
4.106821
-5.803901
4.004265
-1.619861
1.307162
-0.380281
4.216222
1.023951
-2.237078
-6.451543
-4.118789
-2.873775
2.094845
0.326992
-0.415897
4.603074
-0.632759
-0.987235
-0.013158
2.115515
5.470300
-2.225828
1.509239
5.204288
-5.817626
1.895042
2.291857
-5.196526
4.298996
-2.855083
-3.433482
-1.281185
-3.371689
-0.527953
2.244091
3.619091
2.207774
-0.419846
-3.442981
-5.670522
-0.871909
-3.703193
0.371750
-5.364047
-1.500309
-2.507159
-6.020478
-4.294972
0.111371
-4.494731
4.856085
2.144186
-1.463679
7.854847
-6.854565
2.114252
2.188504
-0.597549
-1.307442
-4.159537
3.785814
4.986110
-0.948485
3.458106
-10.438175
-3.229584
2.191290
5.535842
0.989792
2.555874
1.720193
2.694041
-1.163390
1.306562
3.686238
-5.181369
4.731946
-2.087770
4.021036
-2.504471
-3.163620
-6.652648
-1.084734
0.987980
-0.007969
-1.396303
-2.412399
0.939550
-2.606929
-1.324078
-1.805400
2.205445
5.419919
-5.697516
3.957181
7.180961
-0.390402
3.992502
0.815509
-3.124689
-2.122232
-6.619766
-0.927914
-0.873594
2.019286
-3.382172
3.706959
-4.860184
0.636760
-5.834400
2.013757
5.164051
-0.298148
2.139093
2.614765
-8.212892
-3.299760
3.475973
2.576466
8.761515
5.798093
-4.314760
-1.589255
-4.246588
2.824049
-1.705623
-4.339718
2.829609
-5.902247
-3.888128
-2.154846
-6.224710
3.360474
-1.690736
-1.297524
1.520148
0.041884
3.854945
-6.525721
-5.761672
-0.867210
4.000014
0.187869
1.553310
1.521531
-4.124487
1.065841
4.501277
1.290520
-6.332556
1.529606
-2.971291
-2.777697
1.600021
2.637991
0.435728
2.057173
6.512024
-2.722764
1.341572
-4.612930
4.975271
2.954214
3.953956
-5.884878
-3.130656
-1.006663
-4.503308
-0.241516
2.178414
3.395149
1.098017
2.723034
-5.809385
-1.372119
-8.073354
-3.466507
0.623806
2.671442
-0.150189
4.605217
2.370157
-3.052066
-4.393391
-5.443844
-0.111318
4.597032
-3.152295
0.305568
-0.327563
-1.299749
-7.651536
8.654471
-2.378773
-4.547371
7.024950
2.785484
4.524250
-1.623670
-3.705093
3.694597
-4.192978
5.097046
3.655503
-0.039309
-5.862384
-2.818165
-2.335208
-3.144051
2.061410
1.218966
-5.640815
-2.386493
-6.165602
-4.826291
6.298043
-2.529700
4.138617
3.634307
-6.758276
4.702847
5.339773
-0.884626
-1.452047
-5.052109
-0.446384
-6.232955
-5.104200
4.381314
3.974495
2.265645
-4.525996
-2.855844
1.143300
-1.324402
7.818461
-7.286774
0.257771
-2.952814
0.974653
-2.399541
-0.515603
-4.834160
-9.107725
-1.482973
-2.265192
-2.520647
-6.097435
-1.215214
3.953080
-3.496844
-1.764453
4.443623
0.491519
3.500496
-3.689282
1.249648
-2.557626
4.777219
1.498746
2.178530
-2.617325
0.289852
-0.097341
3.761547
-0.757702
2.323707
5.252309
-5.804710
-1.054017
3.541076
-3.619366
-1.068557
3.051437
-0.868412
3.946769
1.433476
-0.419068
2.884065
-10.954094
1.501099
8.831111
-2.237277
2.600074
-0.066186
-2.730081
-1.152964
-6.653493
-7.188782
-3.701630
-2.064352
2.500327
-0.001360
-1.743591
-7.211988
-1.851739
-1.301081
5.318189
-0.355945
-4.675571
-4.370142
-4.584277
-2.011525
2.936219
-3.341444
-3.422085
4.173290
-2.773793
2.780390
0.000105
5.604492
1.991536
-0.921140
-4.720613
-5.920857
2.166922
-4.531169
4.231112
-2.974728
5.080394
-2.881220
0.363690
-2.499031
-1.877686
4.960103
-0.629212
-4.361000
-2.276270
2.004731
-0.088655
1.641753
-2.460471
2.418257
-0.690510
-0.918581
-2.402742
2.186647
2.690987
-2.454668
-0.796576
2.570985
-1.760253
4.811686
-3.087942
-5.259105
3.287921
-5.711723
4.155180
0.352765
2.158295
-0.213049
-2.347041
5.739758
2.668419
-4.001057
5.767629
5.158663
0.643431
-7.552300
-4.461197
-4.789747
1.267305
-0.607645
-1.144390
-3.578304
1.462170
-1.521220
-5.415163
3.051189
-7.785166
0.154315
2.259737
4.833335
1.217700
-3.806588
5.563138
0.222974
-2.792766
1.160301
-6.190328
-5.243983
-3.643846
-1.310352
-4.305555
-4.446418
-1.695413
-2.683712
-0.632036
-5.648463
1.627176
1.819394
1.441221
1.505111
-5.001354
-5.687042
1.714995
1.842463
-0.689136
-0.973040
-1.255830
-1.745840
-3.986422
-6.968451
-5.890901
1.452931
-5.114821
0.862551
2.354790
7.323820
1.434882
-2.569223
6.343769
-3.287848
7.629227
1.343478
1.748631
-0.587048
3.986716
-5.587670
2.737742
-5.051613
-0.344818
1.752936
-1.769329
-1.334771
0.820861
-3.643376
-0.160077
-4.813488
-1.883932
0.905235
-6.126979
4.866980
-0.479497
-2.859513
0.395430
0.686679
7.688925
-0.880490
-3.812663
-0.315777
-0.603371
-3.991950
-6.773928
-5.548625
1.418891
4.600373
-2.627798
-0.286555
1.028780
-3.784691
4.091434
-4.086596
-5.178240
-4.687798
-2.968220
-1.492677
-0.404574
5.420539
-4.045572
-3.163786
-2.475935
-1.165682
-1.393667
-1.885307
1.587264
-7.468237
-9.988326
-3.010654
1.563239
-5.903337
-4.498063
-4.278815
1.416612
3.299293
0.360835
-4.818134
3.110873
6.702822
-3.880894
-0.267828
2.269428
3.675243
1.422989
-2.240804
4.087911
0.755520
-0.553232
3.939204
-0.686872
0.568924
-5.301803
-3.222283
0.946673
1.731787
-5.163838
1.489225
1.166742
2.809094
-2.463409
-5.050219
1.404497
-2.934865
-0.509089
1.986511
3.089674
-2.634263
4.075136
-5.583806
2.947657
4.508089
5.087915
-6.970190
-9.463717
-1.758088
1.277911
-0.754859
-1.130676
-3.532600
1.680940
-1.930851
-3.766633
0.941834
-1.507393
-5.771689
5.403946
2.489331
0.134360
-6.918245
-0.529138
0.056814
3.219357
-6.802024
-3.346067
0.686770
8.176898
-5.954758
2.801500
2.415708
-0.192851
0.018284
3.546585
-3.702876
-4.657910
-5.549508
-1.875483
0.619632
1.193195
-0.464413
-2.751772
-3.079148
0.636460
-3.099164
-0.743984
0.638193
0.685659
-1.569282
-0.152840
-5.660164
-2.625451
-6.361181
-3.251965
4.334393
5.297819
5.299217
-5.656792
-7.118392
3.182847
-0.066346
-0.090202
0.031343
-2.254982
-0.004308
-5.892831
-4.877002
-3.793523
-6.629988
-1.848484
-2.027808
8.809903
-5.476233
-2.663172
0.839773
-3.940767
3.978939
9.285181
0.192279
4.207700
3.027977
-2.789922
4.355561
5.708274
1.611605
-7.266188
-0.966134
3.836726
-0.403153
4.013752
-4.447502
-6.401498
2.775220
0.157511
0.340132
-1.947253
1.970346
-6.031230
9.754230
-0.272571
6.889904
2.599209
-7.119115
4.789123
-1.714692
-4.271794
-7.536056
-7.647677
-3.517517
-6.633118
-3.309543
-3.886436
4.952041
2.580128
1.598381
-2.903093
-6.223556
3.281277
-1.862569
-2.501915
-0.480372
2.200409
1.695663
10.808972
4.547383
-5.097003
-3.029844
-0.806367
-1.712469
-1.665797
-6.890088
-0.304594
-3.184097
-7.624197
3.292163
-3.236419
4.290760
2.463751
4.612017
-3.557102
0.088134
0.608197
-1.528470
-7.494071
1.104880
2.281762
3.549030
-6.557978
1.141506
-0.576555
-0.645238
-0.887865
-0.166329
0.408187
-0.875094
-6.057159
-4.497705
2.057883
3.688071
4.213598
1.179410
6.914296
-2.375657
-4.924447
-3.154017
-2.481675
1.929097
1.433674
-6.881233
-2.077212
-0.735569
1.107180
-3.748627
0.584549
3.792160
-5.739532
-3.036227
2.025186
4.208259
3.077002
9.353014
4.805662
-3.641699
3.207871
-0.086551
6.670679
1.642258
5.233251
-1.606335
-4.689636
-0.904834
-4.652467
-0.822896
-1.293063
0.018334
-2.911950
1.932162
-0.965969
0.270157
5.667741
4.844008
-7.291711
1.372125
-2.450483
2.114278
3.492506
-2.431710
2.837225
4.227621
5.343334
3.327098
-0.206476
-7.075073
-6.134370
2.848775
4.940843
-3.708043
0.743476
2.206756
-1.433077
-0.474534
-2.003208
-8.463099
4.021297
-2.790273
-2.782135
4.164034
4.454061
-1.594828
0.450144
5.190973
0.705239
-4.550518
2.754823
0.955977
-1.009276
2.374519
1.872340
0.021621
2.730818
2.082336
4.201967
1.306204
2.735488
-2.695595
-2.507887
-1.159770
9.808347
-0.392104
2.903831
-0.911940
10.066565
-0.638638
-0.094991
3.273486
0.257380
-1.176046
5.701144
4.064013
0.523898
-1.715084
9.610640
-2.505352
2.584942
-1.058748
-3.499542
-4.532228
-4.091201
2.517906
-1.151959
-2.586888
-5.703727
2.752749
4.243434
-3.661739
7.861301
2.013662
-2.935515
-1.417071
-3.333261
3.062790
0.206451
3.143152
-3.832787
-4.827554
-3.215472
-3.558666
0.278797
0.054209
5.244612
-2.669244
4.306073
0.858390
-1.059599
-6.350448
-2.989263
0.476428
-5.252659
1.476656
2.919898
-1.101194
-5.227106
3.823859
7.207973
3.919473
0.995874
-4.045232
1.291474
-6.375691
3.122138
3.953714
2.482080
-3.503021
0.928364
-5.703257
-3.292229
5.673113
-2.733508
-0.359870
1.055273
4.319716
-1.749164
-0.832232
0.501259
-5.467929
0.315713
-1.390687
-2.619343
5.687843
0.285712
4.283654
-2.878758
6.978860
8.920290
-4.178997
0.939192
6.035565
-4.282872
-4.713152
5.570155
2.808985
-6.963322
-1.183721
0.310423
1.706589
-0.301651
2.526774
1.344743
-3.116182
2.028346
-4.285174
0.718761
-1.021236
-5.134978
-1.720829
6.273246
-2.328627
2.316652
-4.100822
-2.865406
-3.166993
6.003370
-4.201777
-5.531619
-0.970763
2.336503
-4.098758
-1.320196
-1.937525
2.252719
2.752885
0.233251
-7.236092
5.488331
3.448462
7.112768
-1.377454
-2.203718
-5.006743
-3.165072
-1.350966
-2.458386
0.396891
-1.543645
3.804557
1.205216
-1.447131
-2.208866
-0.888062
-10.182872
1.417167
-1.229332
-0.036316
4.202116
2.040010
-0.817172
0.199864
-0.173453
3.682559
-1.121737
1.704476
-5.462203
-0.466446
3.953440
-1.340691
-6.870814
4.613455
-5.838114
-1.150338
4.074761
-2.387755
-2.756448
7.244924
3.418115
0.489125
-0.805425
-0.648125
1.291136
5.581698
-8.089826
2.282253
-1.989076
4.238439
-4.268954
-7.124091
-0.806861
-6.719804
-3.341596
-5.617542
2.208901
-5.398000
-3.617358
-0.969192
-5.563190
-4.145891
-5.612552
2.876589
9.876748
0.999908
-0.708223
-4.677502
-2.565604
-2.276176
0.155451
-8.153412
1.725594
-3.111044
-1.978090
0.359899
2.670222
-1.698454
-1.504543
5.651748
3.563984
-6.491653
0.556124
1.642132
3.620704
4.940619
4.089322
-4.496980
3.431491
6.436448
-3.090883
-2.740616
-2.172822
4.824019
5.378881
-1.855442
-11.916828
-6.918308
7.493751
-1.067037
1.313457
8.159928
2.097178
-5.446572
-5.131567
2.589260
3.444889
2.904722
-0.807294
-5.704516
1.303150
-4.340435
-3.210436
7.849356
0.326407
-3.042722
-1.638039
-5.181443
4.061557
0.748665
1.689366
2.085535
-2.441598
1.719452
2.622693
-2.182927
-4.563974
-5.867435
0.719609
6.582194
-2.783681
4.135471
-7.878488
-0.503696
12.066795
4.744212
3.782844
-4.329530
-0.727774
6.022326
6.987516
-0.273017
-4.015264
-5.029008
9.232230
-2.365556
1.632935
-2.092102
0.604006
1.415474
4.024617
-6.768125
-1.291761
-1.672212
-2.626871
-0.123765
2.552703
-1.736771
-0.503819
-0.840140
-3.313087
-2.915544
-0.199048
-10.902025
-0.022720
-5.378877
-7.530836
-3.874651
1.657224
0.532382
2.735317
-1.352687
8.901963
0.212168
-3.944601
-1.743349
2.882952
4.164834
-1.508535
-4.152346
0.040038
-1.344811
0.809178
-5.254630
-1.951219
3.190683
4.994919
1.294804
-0.503312
-1.223394
3.678660
0.692215
9.370497
-6.339346
-1.945955
-5.880384
-0.423546
-6.243180
4.493841
-4.518817
-6.469937
4.700181
1.327003
5.040054
-1.969630
0.603384
3.407975
-3.483772
-3.443950
1.402509
6.943681
7.461617
6.201430
0.023873
-5.257214
-1.817437
3.110358
-1.337005
3.321316
5.462862
-0.215699
2.054036
-4.041085
3.786392
7.142266
3.887167
-11.415872
-0.165902
-5.467469
0.844189
4.842971
0.119751
6.117540
-4.231625
-3.472837
-1.526063
0.665388
-9.201363
1.216533
0.992737
-3.211385
3.824849
-4.046375
-3.069151
0.355750
1.581451
-3.918119
3.547039
2.754191
4.952958
0.622887
0.847520
3.481384
-6.479150
7.486044
-4.958563
0.146972
-0.843434
4.807871
-1.050454
-2.577406
-1.211363
-6.039402
-11.236141
0.896721
-0.775511
-4.796275
2.451483
1.773702
3.155556
-0.702929
5.818737
-1.125649
-3.503571
2.043051
-2.960265
-1.637784
0.876228
4.270722
2.424529
-4.722965
0.538744
-3.344729
-0.924891
3.469923
4.665678
-0.008420
-2.067520
-2.957142
-0.253704
1.004909
4.589495
2.437302
-2.370811
-3.436242
-3.477742
5.315878
-1.751102
2.518509
5.276369
-5.032945
1.236847
4.089867
-8.178223
-2.000268
4.490289
3.459743
-3.490371
-1.380002
-1.404906
3.849053
1.109446
-2.351745
-1.407978
-1.066344
-3.504751
-1.357009
-1.604226
1.788133
1.733466
-1.490743
-2.244541
-5.950179
4.039287
5.054591
6.175467
5.883634
-2.020722
-2.665280
-4.535193
-0.196341
-1.317099
4.212879
-0.424956
8.406246
-10.885330
4.803229
-3.670673
8.242707
-7.769184
0.743892
-3.942443
6.679291
1.350099
6.356443
5.770408
0.870689
1.997004
0.956828
7.231496
-1.512542
-5.553154
0.874314
0.489561
-0.432617
-1.734562
-3.727507
-4.298846
3.812542
4.018397
-1.241250
-2.407361
-3.682246
-4.875180
1.948697
-4.545773
-2.190010
5.316703
0.908700
7.119862
-2.055459
1.426533
-2.403981
4.128581
3.525325
1.110345
-3.569597
2.489457
-5.937217
-0.900624
-0.407200
-3.283181
3.453407
2.372447
3.382408
0.653627
-9.041823
-4.974781
6.304946
-1.478311
1.317705
-4.456366
4.112228
-0.022881
-7.089626
3.135793
-5.709999
1.726580
-1.667977
4.864532
-3.728625
1.792552
1.103916
-0.758425
2.994601
0.547937
-4.668521
1.864035
-2.171262
3.936906
-1.104323
3.214861
-2.699782
0.428902
5.546720
-2.410182
-1.414990
1.720993
0.688999
1.949788
5.624824
2.309765
-5.592201
3.482009
0.701654
-1.535336
-4.926431
0.051506
4.426027
-2.805375
-1.527716
-4.458373
-5.574351
-4.655344
1.791869
-2.132072
5.148963
-6.082845
7.011713
-3.085419
-0.023022
-1.858168
4.894845
3.051349
-1.371736
-3.658337
3.220487
-9.743087
-2.456267
5.477969
1.217152
5.621263
3.003325
-1.431551
-5.429938
-3.925412
-0.862172
-2.030410
-3.967127
-1.687860
-0.662319
0.453638
1.307446
0.780809
0.164164
0.615688
-0.090224
-10.913895
3.768738
-6.828737
4.793386
0.066768
-0.858786
2.396077
1.469695
2.784138
-1.622983
5.369713
-3.190181
-3.743895
-2.847563
-3.592216
1.506793
3.271151
-2.349513
3.877576
1.910519
-2.108046
-2.799947
4.943408
-4.723762
5.171851
-6.883551
-0.314997
1.165351
0.430434
4.606474
-4.318765
0.223971
1.260526
-1.293043
-0.529849
-4.971446
-3.873642
-3.322114
0.638919
-1.046877
3.064853
0.775388
-2.644808
-6.682035
1.382105
-5.490668
-2.354991
-3.325162
-5.331564
-2.329423
1.677116
-7.616829
-3.532648
4.192481
2.677095
-2.250780
1.387495
-0.413995
-5.563731
1.023728
-0.681422
-0.712772
3.808562
-2.979811
1.397252
-2.745091
-2.324922
-0.258351
-1.487893
1.052407
-0.684574
-5.537875
2.326153
-3.794183
-0.205033
6.393533
3.227825
-1.999325
-3.153388
7.662748
0.976112
-4.101562
-3.032745
4.872917
6.615802
3.122896
2.801096
-6.050234
-1.331102
1.411194
-2.317108
-1.316072
-5.096879
1.756290
-6.259955
4.466952
-0.556868
5.554356
-2.965416
-0.418132
-5.969752
4.765612
-0.956377
-2.027556
0.627757
3.195911
-2.931149
-2.272191
-3.202550
-1.081260
-0.556202
1.809920
8.025467
0.408215
-1.991464
-2.804876
-0.152237
-3.016286
-4.612180
-5.754207
-0.068313
0.660883
-4.266482
-4.449685
2.268535
1.108030
1.130497
-3.097208
-1.290754
-3.538969
-0.562181
-1.388817
4.648115
-1.489244
-4.875486
-0.048693
3.152556
5.541202
6.888851
0.936253
-0.599878
-4.073680
0.191808
2.512385
-2.832407
-6.284835
3.412343
-4.751248
-2.463391
2.734571
7.875774
1.858952
-3.262631
-1.209020
-0.048951
5.928523
-9.142839
7.063911
-6.200028
9.788790
-0.321676
-6.270534
-6.436036
-3.189492
-5.114836
1.114219
5.134367
-8.902144
0.386907
-1.606370
3.162793
2.735232
1.462150
-5.337925
-2.190496
-5.666025
-4.141981
-0.089685
-1.633473
-10.533494
1.614960
2.915330
-4.770722
-5.436349
3.921058
-7.290512
0.515874
-4.850271
5.160708
-5.819477
2.157645
3.804955
3.828753
1.568905
0.341582
-2.933739
1.376065
0.343529
-6.836997
-4.902075
-5.590592
2.391623
5.733512
11.760653
-3.160782
-7.477019
-2.152079
2.458645
0.701538
3.555800
-4.610744
-0.900004
12.009542
-1.399979
1.070227
-3.186080
0.871746
-2.829312
-1.954471
-4.242582
4.948989
-7.050664
0.336846
6.165836
-2.046345
7.421763
-6.172816
-7.777506
-6.504041
-4.538867
-3.930126
-0.577969
0.369029
-0.851047
-3.255284
-0.583751
4.462831
-3.849096
3.081905
0.476754
4.166222
8.051662
-1.120037
-5.101242
1.850336
-5.844003
-3.511629
-6.065274
-3.932580
2.092883
1.958922
2.975765
-9.983344
0.870044
-2.340247
-0.841066
-9.657396
-1.746044
1.983921
5.023212
-3.377037
8.397451
-0.325310
0.816581
-3.784067
-3.118289
-3.602978
-3.011132
0.316667
-0.210467
2.736534
-4.654906
-3.876760
2.051398
-4.561875
-1.311593
-3.780801
-3.760406
3.008828
0.083546
-1.185933
-4.666416
0.760210
6.128663
-1.170180
6.939334
-5.812264
0.869720
1.513154
-3.599537
-0.356517
3.050460
-0.624547
-3.446455
3.441410
-4.592128
2.899498
2.941509
2.978952
1.075011
1.337380
4.130434
4.640811
0.705986
1.736931
0.661780
2.050715
-6.407656
1.477533
-0.694990
1.575517
-0.803735
-2.553335
-4.559382
2.982590
-4.062263
0.172272
-5.680744
5.657173
-6.885825
-3.832284
-5.491298
-0.719250
2.300597
-0.019942
-4.955905
4.238942
-6.504200
4.467065
-2.509257
3.719771
0.435989
0.993868
-6.056358
-1.724046
2.344856
-6.708240
-2.517579
-2.369746
4.672210
-2.025606
-4.345603
-2.140154
-4.462726
2.921250
-6.058249
-2.451271
4.922704
2.627644
2.999346
4.378893
4.052241
-2.961443
5.171937
4.041805
-2.243014
-5.093990
-4.792031
3.652875
1.210415
0.057470
-0.667796
-5.549513
3.274114
-6.438511
2.591686
6.277803
3.459903
2.656499
3.945515
-11.053627
-0.067138
-0.085183
3.535763
2.080836
0.541529
0.060876
-4.337252
-0.304062
-0.182633
8.527428
0.258142
-5.262506
7.077071
-5.717710
-1.098249
-1.598895
2.079566
-3.393290
7.277955
1.701089
3.045996
6.489539
1.806525
-4.102875
-2.520541
1.651686
7.467988
-0.304092
0.383704
5.955640
-1.076780
1.953940
-1.431790
-2.200022
5.758228
-6.271945
-2.633614
6.749783
3.585562
-0.890309
8.913857
-2.958754
-3.572834
1.766160
-9.555351
8.658271
3.767064
-2.034033
-3.959985
-4.879380
-2.556345
-3.552775
4.463805
-6.609714
2.971562
-8.057079
-1.115248
3.905939
-0.094489
-6.665714
6.365817
4.220742
3.094530
-2.237337
-9.841618
-1.002215
1.304455
-3.445834
-0.544033
0.922965
3.233821
-2.655683
-3.021005
7.395622
7.837123
-5.618234
1.703073
4.135203
-0.831205
4.404268
3.478954
2.551961
-0.294708
4.115209
4.590668
-5.229785
5.300630
1.026550
-4.667476
-1.753614
7.512661
5.251277
0.730890
3.866223
-1.179129
2.064934
-9.686872
-0.004704
-0.350803
-2.961307
5.304616
-4.036236
-0.872290
-0.266229
-4.832737
2.282386
3.566865
-3.438945
-1.336528
-3.537655
-0.969136
-3.896875
-0.557718
-4.759169
2.381400
2.320083
5.243688
-1.993674
2.404764
0.228286
7.747508
-3.508869
5.419944
-0.611678
-5.741493
-3.993335
-3.888978
-3.552062
-2.473314
-5.982059
-1.715932
-0.535150
3.169012
-2.195019
-1.899030
0.192651
2.199540
-10.894049
4.749503
3.480098
-12.001781
5.443541
-2.269736
-1.186639
6.092948
-5.929845
-3.985875
7.206461
-0.642470
-5.139880
5.699468
-6.062578
-2.060817
-6.370564
-0.473418
-6.040348
-14.489168
2.636367
5.561145
2.514452
1.369843
2.866439
-6.757213
-2.894742
0.105278
-3.635218
-4.267421
2.485409
-4.225791
2.645612
3.058738
6.685353
-10.829485
-0.621549
-7.885638
7.628013
-1.986133
-3.716589
5.007048
-2.483174
-0.032842
1.758454
5.113604
4.375321
-3.420132
-3.427809
2.770243
-0.683851
-2.033829
-2.638478
4.108741
2.958955
1.533273
3.873017
-2.816610
0.927447
-2.904892
2.679801
0.238338
-1.336412
0.220586
-3.197837
-5.438294
-4.867419
-6.812363
-2.092699
-3.646817
2.474550
-3.233187
-3.465932
5.371889
-4.021988
-5.891037
-1.762833
4.513784
-3.163839
-3.591449
2.209378
0.330052
-1.552691
-7.371049
-8.156518
0.369047
-7.405952
-3.253573
-8.543836
-6.041555
-4.011861
2.228860
-0.986280
2.703082
-5.444437
-3.912143
-1.621882
-0.450424
-3.173939
1.640205
1.844771
-1.873233
3.975415
3.665080
2.342314
-0.693835
0.987018
-6.997372
-0.339279
1.212548
-5.719434
1.175832
-2.305399
-1.383360
0.985662
-3.343648
3.407266
4.054124
-1.225895
-2.586899
3.715722
0.436144
4.781468
6.298157
-1.927288
-0.721457
2.474102
-5.711630
11.106123
-1.252178
-1.454877
-1.880946
5.011943
-4.271763
-1.979125
0.194803
-6.644031
-0.063227
-3.300978
-5.617430
4.979177
3.328857
-1.769654
-2.155280
-5.916610
1.206310
2.428432
-3.178880
2.579391
-4.520957
-5.830962
-1.101684
-4.266168
1.810674
-0.745867
-3.588682
2.336361
-5.980820
-5.234728
-4.275384
-2.846641
3.533282
-4.731685
-3.474295
3.585175
-2.984096
6.181775
-0.173240
0.059273
0.265951
0.988791
2.345544
-1.863908
2.428242
3.418462
-6.703459
-2.059517
3.074772
-4.942101
0.121036
3.995837
0.728928
3.461694
3.622300
1.195242
3.051588
-1.348999
3.189852
-3.787192
0.752225
-1.691731
-4.010285
0.140739
-1.592866
0.614044
2.535582
-3.845091
-0.153728
1.607961
2.672612
-0.274566
-0.524231
5.811420
-7.019976
-4.989941
0.348447
-5.327962
-2.604610
0.357207
2.573148
0.250137
3.455665
-1.914012
-3.305366
0.949578
-4.018044
-4.412371
0.939168
-1.922533
-3.734586
-0.525350
8.986135
2.785467
-4.607770
-4.572477
4.691993
-6.540929
2.659603
-0.065724
-4.400189
-3.025199
5.504930
5.095235
-2.961178
0.699620
4.508296
-0.640195
5.848509
3.060692
0.610489
3.603486
-2.223587
-3.145744
4.397270
-0.301611
-2.361003
-1.709237
-2.601111
-2.509753
-4.735292
-4.331406
1.165166
-0.659803
-2.395857
-2.588187
4.068410
-2.217488
4.197876
-3.895922
1.144606
1.623933
4.610205
-2.690023
-0.853430
-3.301031
-5.476154
-0.805369
-3.841916
-0.410707
6.263725
-4.339096
1.736228
-1.596228
-0.850876
-0.151709
-4.655541
2.242777
-1.566969
8.276750
-3.479847
3.110542
4.565721
3.358694
0.458064
4.780971
0.458019
-9.812228
5.227573
-5.916625
-0.752398
-4.579675
-5.934664
3.870211
8.216907
-3.275882
3.561415
4.701371
0.274589
-6.139367
-5.904707
1.909617
-1.410845
0.409447
5.493267
-3.435214
-5.536239
2.595173
3.849638
4.599461
-1.392561
-3.111279
7.622415
-0.142504
-0.621614
0.037606
1.377355
-0.133354
-0.382069
2.432088
3.446369
5.414204
7.971476
-1.120302
0.936473
3.554780
-0.092745
-1.796241
-1.168792
0.131859
2.389607
-3.758436
4.369049
-4.959380
1.929451
-0.654567
5.876086
1.664655
3.035119
-2.012594
5.420913
-6.837635
-4.610344
1.784724
-0.681242
4.142764
-2.883236
-2.543873
2.943019
3.378983
8.063982
0.071283
2.544969
-7.540947
0.779724
-4.758031
1.039957
2.729250
2.553920
-4.311042
6.301674
3.882735
0.762077
5.527359
8.090163
2.139861
1.146813
-2.915758
-3.899106
-4.002079
-4.191305
-0.280830
3.845447
-4.104552
0.161820
2.779663
3.026474
3.113401
2.089251
-2.733981
1.927456
3.404741
1.034700
-6.162919
0.631918
2.768145
-3.774228
4.500653
-8.323901
-1.768939
-4.952556
-2.715535
1.319341
3.091262
-0.687795
4.172499
-5.114342
2.559009
0.548909
-0.395053
-3.720841
-5.619868
-0.560905
2.576006
-5.224767
-0.276658
-0.445096
-2.374547
-3.883128
3.601629
0.540566
10.061461
-0.684566
-3.780506
-5.134146
-2.719023
-1.830410
-5.989370
3.760422
0.120775
-2.786977
1.198150
7.348748
-2.052382
-3.751719
3.149886
3.964423
-2.920460
-4.452808
-1.283033
2.621087
0.752236
-6.828090
-2.657815
2.949883
1.902421
-4.207768
1.304258
0.599876
4.673420
-4.039697
4.189481
-1.417287
-3.265665
1.176754
6.043890
4.062327
5.186847
-5.184659
-4.547689
5.805911
-1.017840
-1.216797
-1.840543
1.213506
-0.399334
-4.619195
1.865520
-1.191335
-7.203840
-1.673740
-0.295738
1.451468
-2.262800
0.948479
-2.140488
-3.560317
0.526504
4.923268
-7.228011
2.409934
-1.738284
4.589021
-8.157622
0.843961
-4.531675
1.595574
-1.429330
5.554288
-1.416401
4.262114
0.189585
-3.576205
2.601984
-3.411729
-0.651070
-5.014206
-1.303101
1.783286
6.014112
-1.343533
-4.621916
-3.447930
4.140273
-0.730333
-4.281839
-3.005019
-6.510102
-3.338419
-1.073780
4.606693
-3.618308
-3.953908
-6.434948
1.771025
4.404650
2.178580
3.739509
3.121857
-2.452485
4.560723
-1.934735
4.017463
4.805519
0.704966
0.842636
-1.562697
-0.050835
-4.398557
0.540079
-2.715330
1.207357
-1.835462
4.263401
-3.277548
4.621326
3.169374
-2.572106
-3.542631
-6.844215
-4.884341
-1.299382
-1.193871
-2.918510
-2.349163
0.822109
-0.068246
-5.057282
-3.975610
6.778963
-2.895475
-5.815760
-5.208669
5.708549
-6.268958
-2.391000
-3.731661
-1.934422
3.622595
4.309035
5.876469
0.390383
-3.780892
-3.331817
2.574305
1.791363
-4.126081
4.953342
4.685210
6.215713
1.799667
2.870514
-0.770054
1.458437
-4.084135
3.602718
2.604416
-0.056839
1.779971
1.213485
4.516676
5.167889
3.634321
6.837554
6.312443
1.119840
1.711708
2.139185
5.525013
-0.075345
4.455943
0.088534
-1.523967
-0.527950
-1.011311
-2.102098
3.080465
-2.807269
5.346487
4.755945
-4.938042
-3.681277
3.061452
-1.564844
-5.745144
5.366612
5.662323
-2.584641
-5.216848
-1.121719
-3.754489
6.391737
2.734331
-0.553114
-5.128591
-3.869323
3.699680
-0.203903
-3.265439
-3.098493
-4.350976
1.516840
-3.074710
-1.855836
-0.566700
1.742935
0.739179
-1.808966
2.413646
1.106169
5.275199
2.611181
2.042323
-3.472520
1.909037
-6.140679
4.772583
2.645344
-0.784659
-0.663993
3.348800
2.523415
0.818368
-3.157834
2.937092
2.309079
-0.897778
-2.779371
2.640135
-1.426516
-5.276641
4.484725
-4.489328
-3.923348
-6.318488
1.524879
-0.845877
-1.975234
3.240380
-4.546896
-6.278937
1.572176
0.161892
-0.790776
-0.591900
-0.164325
5.113285
-0.189660
2.533697
-2.025265
0.240283
4.677069
0.746672
5.674147
3.393189
-2.120988
4.628487
-7.272660
0.145577
-1.343502
1.082636
-6.040184
5.173336
-1.717170
3.832689
-2.473704
-1.285366
-0.189607
7.293435
5.182653
-0.191949
-0.717002
3.054631
0.405930
5.494072
-2.192858
-1.588963
3.003489
1.144172
-4.561633
-0.076013
7.786647
1.184151
-0.490910
2.476959
2.898717
-2.500263
2.697475
3.738678
-3.363411
-2.012976
-5.879878
-2.113793
0.582533
-4.661173
-1.751609
-3.900262
4.371342
-4.713045
1.448019
-3.032462
-3.005712
1.699945
-1.385514
-1.630014
2.376871
1.334755
0.160994
3.669984
0.258035
2.152986
0.587296
-3.957283
-3.967880
-4.884034
1.340797
-1.477155
1.142556
-3.846149
-3.151247
1.367027
-3.506593
-1.073992
0.850703
8.451596
-2.933540
-3.469773
6.568939
3.631193
-0.959561
-0.224554
-1.397666
3.308851
5.838927
-4.223097
4.100111
0.884281
-0.972230
5.124068
3.108636
1.798829
-2.445207
-7.648994
-6.758093
-5.166010
3.608253
-2.773933
-1.913948
0.674243
-8.475673
0.653938
-0.480817
-0.689560
3.835242
-3.029902
2.112524
2.040247
2.859411
-0.211427
-9.220743
3.564798
-5.535055
-7.994884
-4.886209
0.319673
-1.608757
0.966138
0.218316
-3.810572
3.176914
-3.398054
-1.536328
0.119172
-3.090048
4.254691
-4.506460
-5.039938
0.896455
5.452696
4.837770
-4.598560
6.595124
4.566794
2.049107
1.125796
-7.027636
1.003890
7.457512
1.410152
6.094283
4.821759
-5.041886
1.145214
-2.058045
-5.816753
-2.882163
-7.098848
-5.758834
-3.811988
-3.241029
2.773420
-3.412549
5.520214
4.610568
-5.495078
-0.359526
7.445061
-5.460842
0.782409
1.691323
-11.196036
3.166923
-5.169698
-5.845066
1.042525
-2.159686
-5.381782
1.473701
-4.178240
-6.265357
-7.086143
1.900802
-3.511054
-2.149928
0.838079
0.655611
-7.726002
-4.407325
2.112709
4.310181
1.290338
1.052777
-0.199357
1.968057
-7.040839
-0.564209
-6.020658
4.153011
-4.755115
-1.105368
-6.144938
-7.493648
5.888558
-9.308211
-7.473301
2.044169
-3.910583
-6.298324
1.497659
2.374605
2.143320
-0.964189
9.064857
1.795859
-1.261986
6.649212
1.855648
-7.649529
-4.719750
0.887288
-3.851968
4.147050
2.171295
0.417642
1.846602
2.967647
4.783158
3.781246
2.329894
-8.560226
-1.429653
10.602206
5.176561
-5.888009
4.931808
-1.238654
8.046909
5.289142
-2.726233
-3.242198
-1.655568
-0.060163
-0.673069
-2.460757
-5.178819
5.331943
7.774123
-8.329530
-0.616261
-3.494357
6.837268
2.623641
-1.060109
3.022710
2.689471
-0.629974
3.532007
-3.772154
-2.843827
-3.821687
5.951667
1.695903
1.729939
-5.054794
4.379518
-2.200166
-10.617115
-5.954323
3.799192
3.985775
-4.180851
1.070407
1.811271
4.051795
0.751261
-3.149880
0.778774
7.160747
-3.397283
-2.671911
0.748950
2.793503
-6.446229
-1.048411
-4.940708
0.378586
-1.849407
0.376155
-0.153677
-0.524853
-0.638079
-0.390301
-1.197900
-1.461521
-1.034659
-0.254663
-5.284062
-2.165656
6.092403
-1.102032
-1.499590
1.566816
-6.053339
2.714051
-5.367265
3.967383
-2.254998
-7.690489
6.120659
-3.635705
-2.230165
1.066587
-1.588578
1.270644
2.481005
-3.074294
-4.055075
3.151114
2.584725
0.477502
2.552098
5.153316
2.250453
2.361842
-0.941789
2.594157
-1.197259
-2.797902
0.867546
-0.391183
2.159777
-7.545670
-3.448565
0.030551
-1.658776
-5.270794
-4.758617
0.461458
0.205313
5.909664
0.233807
-3.412852
-0.031927
1.094691
-1.723786
8.882602
-2.005486
1.324560
3.544270
3.157615
-2.852839
3.906928
-2.754125
4.309892
-7.037352
-3.126919
2.642175
3.001388
-2.614458
-3.181997
-2.190020
4.093820
4.290575
6.393523
6.891476
-4.992484
-6.136028
4.600466
5.139656
5.197100
5.698587
-3.053980
-0.444519
-2.542860
-6.786911
6.686129
0.107529
-0.783217
-1.692175
3.368870
-2.998794
-0.062479
0.298534
-5.091633
3.359919
-0.013383
2.401996
0.027351
-2.371374
-1.861192
2.394216
-7.452703
1.211990
-0.557532
7.038949
-0.075270
5.658977
8.171925
-3.539374
3.316217
-0.478743
2.422548
-0.956662
-0.434171
1.987670
1.228916
-0.346976
-1.656054
4.712340
-2.252404
-0.340380
-3.459776
3.573358
-0.811053
-0.111184
-1.316824
-2.514133
-1.868251
4.084216
1.160999
-0.265323
-0.416419
3.075202
-1.878689
-1.231544
8.088563
1.514137
-1.931516
-3.892171
4.814518
9.353056
1.215887
-3.250727
-0.937014
-1.774179
4.592972
1.898651
4.868038
-3.972043
-1.004791
7.805390
1.994441
0.285194
3.688353
-3.791574
-6.514417
-3.111038
0.261985
-3.374274
-2.597993
-5.097538
0.028674
3.697948
0.816562
-4.532899
4.581493
-0.892371
5.024218
5.229688
-7.842896
4.422368
4.664525
-7.975265
2.554265
-3.507260
-0.469315
3.771268
-1.658004
6.139662
-3.372089
-0.989262
4.459300
-4.005960
2.879859
-1.369106
3.867042
1.940432
6.020634
-1.941121
-3.639106
-2.142063
-0.162663
-0.391370
-2.577393
5.834977
1.921508
-1.253283
-5.974833
-1.389238
0.906786
1.389750
-3.242675
4.108178
-7.672663
-2.474697
3.388428
-2.454569
0.557233
2.856997
-1.073179
-3.704289
1.207850
3.812053
-7.357718
0.671627
-0.337286
-4.047396
2.630616
6.440670
-7.344889
0.953578
-2.874699
-3.810474
2.918163
-5.268535
-5.447084
-1.153885
0.635755
1.975486
3.476144
-1.458377
-5.550148
0.565166
-0.054603
0.490370
-4.431076
-6.269462
-2.526967
4.033100
-10.671312
1.007505
-0.502707
-4.850776
2.331891
0.824457
-5.229655
3.020486
0.046240
-6.075430
-6.624938
-6.217619
-2.724081
2.129665
-0.683351
-5.174097
0.127523
1.968187
0.198666
0.456458
-0.183245
-2.637458
-4.041941
0.587794
-1.080439
-3.457391
2.117199
-2.812748
1.213355
-9.428870
4.812705
-2.837401
0.754143
0.453027
1.347774
6.648554
-2.118317
0.862878
1.053074
-4.673326
-6.540874
-0.921147
-6.912873
-3.446679
-7.236788
-0.385399
-5.664360
-0.431051
-1.617863
-6.390448
-4.277607
-4.271947
2.135653
5.580544
-2.971670
-4.639394
0.591719
1.478811
-2.874475
1.851097
-8.823502
0.371188
-5.974663
2.004398
2.343596
2.913764
2.818743
-5.582114
-4.333973
0.592610
-4.698334
-6.687999
6.434531
0.566353
0.729265
0.418916
-2.321205
4.696899
-4.390412
-1.486780
2.425182
1.612313
4.152653
2.654062
-3.536193
3.311268
-1.238163
-6.737218
-2.035467
-0.068594
0.403699
3.524095
-4.489920
0.562877
-0.976355
2.300292
0.059673
-4.374124
-0.864666
-2.010043
3.953485
2.834704
-11.422509
-4.277455
-5.959858
-6.332649
-1.502920
-0.602227
-1.153141
3.456515
-2.798750
-5.227972
-1.956819
-2.245637
-3.318195
1.206574
5.221718
-4.646505
-6.816264
-2.089529
-5.404865
-6.406476
-4.185320
-4.260104
-2.404414
0.249928
1.477602
-10.492023
-10.544205
0.865326
-7.067597
-3.455261
-5.641141
-2.715386
3.620884
6.118014
4.334624
2.081532
-0.924855
-7.030867
-2.369439
-0.986126
2.506416
-0.636869
-2.380719
-8.487513
5.673532
-2.901850
-3.192532
1.692436
3.101941
3.458987
-6.187593
-0.540148
-1.897315
4.740047
3.209202
-3.725632
-3.367758
-2.548708
-3.392085
3.246709
3.978050
1.262517
1.517590
-2.831681
-3.299374
-6.010048
-6.296835
-2.159153
2.240691
1.158836
4.603757
-0.718279
-3.531719
-5.696356
3.677940
-2.624010
-4.863332
-2.700338
-0.120358
4.640172
-5.729342
5.751599
1.214962
0.773418
3.630398
-2.685764
-2.797347
2.520831
-1.084015
-0.707457
-0.159731
-4.819890
2.765739
-5.465582
-1.662888
-3.662245
-6.765649
-5.388638
5.084360
3.391764
-0.749134
-0.492909
0.403476
0.379011
-3.858609
-6.049212
3.255494
2.968067
5.686745
-3.453779
-2.916111
-11.209855
0.956941
-1.528660
2.414754
-3.093684
-2.311423
3.557109
-1.652232
-7.150949
-3.810055
-3.069178
0.725952
-0.537194
-4.112466
5.737491
-4.195824
-4.291761
9.733210
4.417449
-6.452635
5.658165
8.715751
1.807384
6.235622
-3.833614
-0.769707
-3.504181
4.750504
3.082573
4.751354
-3.512071
1.438504
-6.209510
4.272740
4.087266
5.860585
-2.279877
1.031228
-5.723175
4.271045
7.698899
-6.385203
0.868150
-4.962461
-3.344187
5.838073
2.081679
-6.387378
1.068587
5.694605
-5.097216
-0.052472
-4.431943
6.625185
-2.814981
1.017928
-6.531297
-1.082807
-2.730922
-3.987401
6.393471
-8.545238
0.195976
-0.594511
5.235158
1.469287
-8.507856
-4.488668
4.198441
6.925523
-1.080038
2.434618
-5.889789
-3.384360
0.357438
-0.797092
-0.959676
4.103308
-8.254532
2.740503
6.172927
-2.767243
3.608476
1.494384
-0.101875
-6.106793
-0.639556
6.032490
-2.404201
0.528822
-0.617188
4.165121
3.340700
0.919031
-3.575962
-1.168219
-5.490085
-0.641880
7.519811
9.674203
-10.591847
-5.635509
3.029706
3.466944
-6.309172
2.142710
0.620945
3.925058
-0.588865
-0.322458
-6.658584
-2.689905
3.189421
3.697005
2.583397
-10.376457
-3.785762
-2.595569
-3.641968
-6.558918
-3.071615
-1.020593
0.206085
0.445421
1.745821
-6.101581
0.640464
4.296433
-1.168299
1.511245
6.017376
-0.903562
1.339751
-5.798510
1.206645
8.539125
6.545894
2.576166
-1.174274
0.926568
-3.861158
0.620650
0.149907
2.454161
-0.126144
-2.497328
1.193644
-4.872383
-5.966940
-4.583011
-3.619457
0.528546
2.549560
4.189327
-2.270780
8.965755
-3.643709
3.191839
3.894756
-1.359141
3.929617
-4.389007
-4.278739
2.273634
-3.647654
-1.700561
-5.282252
7.643380
1.181007
4.411246
1.972027
0.297065
-5.114643
1.247305
3.032985
-6.835436
2.457202
-3.998201
0.027291
-2.508234
5.384928
2.554478
-0.273742
-1.937704
-1.380365
0.428924
0.438003
2.251501
0.501647
1.224854
-2.709302
0.454203
6.658917
-4.607041
-3.019658
-8.123160
-8.291292
-3.129505
6.501089
-3.073406
4.516491
-4.443202
0.670813
1.555935
-5.327193
0.211504
-7.153989
-2.224453
-0.709547
1.520787
5.119548
4.162406
2.952661
2.212551
2.033035
-7.122981
1.177605
1.687791
5.820473
2.422921
4.685572
-6.050352
-9.254759
2.390249
10.589317
-3.103947
-1.993926
2.015562
1.501413
1.648837
0.530396
2.373558
-5.243282
-3.149869
-1.628266
1.626381
1.101477
3.508378
1.723223
-0.781469
-6.541693
-1.963401
-1.753575
4.276119
0.570957
-5.588178
-4.112209
-2.441161
-1.396528
0.234433
-3.365383
2.255883
0.639469
1.445097
-3.295207
-2.335120
3.675064
4.545293
-4.607154
0.109353
6.791445
-3.756982
-3.146955
-0.458542
-2.528971
-4.193920
-1.798372
-3.636614
-0.202547
5.489800
-1.644028
-0.171032
1.254781
7.780709
4.967586
1.976665
4.639126
-1.280427
-1.763272
0.793872
3.582160
1.263375
2.440994
-1.946848
3.555104
3.084213
5.123701
-2.784858
-0.746884
0.146480
2.801867
1.055338
-9.949872
0.294715
-2.683550
-6.106896
4.761797
10.015885
9.006317
3.339549
2.382851
-1.426516
2.797246
-7.702600
0.093570
1.795463
-0.575556
8.933953
0.048240
7.795046
4.193625
-1.006961
5.328604
-1.003543
-0.802648
-0.116735
-1.323744
-3.228586
0.953052
-4.995419
-1.736081
1.904330
-3.254796
-0.554414
-1.131052
4.002717
0.973161
-1.830510
-2.597620
-3.528052
6.423550
5.970463
-1.690442
3.308817
-5.161700
0.637401
5.427541
-3.469395
8.558854
3.445669
-0.782987
1.315174
3.956073
4.083418
-0.865956
-1.815210
-2.645044
10.238646
-4.191441
1.824555
-4.087841
2.406079
-3.210284
3.717375
3.961396
-4.197227
1.313133
-1.567135
-1.201579
-3.529367
0.538476
4.541662
3.013975
-2.418119
-1.427394
-0.284134
-4.992686
4.447594
4.956841
-4.605547
1.823115
0.529038
4.921454
-2.031605
-0.248866
-2.648804
5.467089
-1.420793
1.454211
5.698605
4.238347
1.675434
4.643857
3.550879
-3.847779
3.021580
-2.287950
2.354059
5.844321
4.656381
-4.203115
-0.640582
0.692156
4.611707
2.675866
-6.088381
-1.753381
-1.689406
1.224404
-3.250210
-5.274031
4.765862
-1.247720
4.331552
6.848366
-3.885100
-0.058937
-1.410652
-2.627723
3.657707
1.760728
0.451409
6.521228
5.197403
-0.006864
-4.342214
-4.223097
0.516015
2.547330
-1.716898
-10.217200
1.570074
-4.916382
0.425295
-1.181048
-4.582260
5.594857
-7.598828
0.816583
3.448201
3.975920
-0.891394
3.350128
-4.847600
2.554899
4.988139
-7.713268
4.375446
-2.890066
3.109150
-5.213520
4.028529
0.141521
-4.702123
0.444547
2.072098
-5.166037
-3.929766
2.077266
-1.737404
-1.961194
-4.228417
3.507436
-2.032698
-0.418794
-3.698519
1.739682
-4.033106
2.292141
-3.028856
-5.950350
-0.613404
-8.766554
-0.396406
-0.229359
4.347038
-2.138747
-4.028866
1.738124
0.502251
5.470799
6.094177
0.252363
7.117925
-1.163304
3.081574
6.271075
4.477825
0.795737
0.036522
-0.068607
-2.238134
4.425894
3.435059
-2.793722
-0.453537
-2.841048
-2.900071
-0.233915
-7.441400
-0.414318
-1.741061
1.990819
-4.193068
-7.694023
0.306456
-6.429062
4.763401
-3.298905
-6.529704
-3.953630
-3.735093
-4.264949
-0.059788
1.463908
-4.533572
-2.546167
-6.965236
0.209523
-3.685871
1.015755
2.173587
-2.767235
6.265149
4.188387
-3.753603
-5.759311
-2.895483
-2.384466
3.759811
1.998966
-0.923709
4.915927
-4.297011
-6.074933
-0.658166
-4.350224
-5.207896
6.545142
5.183432
-3.258244
6.148815
7.163364
-7.105855
-3.919412
0.362359
4.529470
-5.681470
6.575661
4.119143
-3.120612
-3.686039
1.016986
-4.542132
-1.298900
3.864701
3.801033
-1.449865
-5.882711
1.142299
2.113056
-3.863486
-0.115900
1.465165
0.064943
-0.997336
-5.587877
-0.084616
2.910481
-1.333971
-2.131586
4.291447
4.937176
-7.131392
-1.814945
-3.760161
-6.523369
2.178889
3.685117
-2.405560
-2.557839
1.704392
-7.604283
3.234564
2.087573
-2.662376
1.412526
-3.971727
5.698121
1.228345
-9.641254
-2.992342
0.418412
-6.958308
4.147224
-3.814686
6.615737
1.714581
1.825125
8.543551
4.794647
0.444390
1.776374
3.700233
-4.755966
-0.558882
-0.669336
1.137302
-1.319686
-6.214253
1.962681
-4.535315
-4.299886
-4.833551
2.729223
-4.496304
-1.794209
1.984460
-5.019315
-5.171623
0.656203
-6.425952
-2.426199
-2.149058
-5.714786
-6.977429
5.050329
1.571586
2.580946
4.328630
-1.824793
1.175940
-6.211808
-5.949520
-0.665372
3.531347
-6.221934
0.560774
6.233027
3.550440
7.121542
-5.867211
1.159593
-0.849451
-3.447724
4.546403
-5.067402
-2.397619
4.286768
2.515207
3.479797
6.019650
-6.180311
1.529430
2.767405
-0.555201
2.841015
1.364944
-4.298202
-5.097979
4.161562
5.965432
-2.313191
-0.838132
-4.977928
2.791144
-1.155194
-7.592040
0.172888
-7.772657
-5.142289
6.486538
-5.100368
-2.343715
-3.356786
-0.619871
-0.038109
1.262892
-6.296277
5.742888
-7.043988
-2.554799
4.715824
-1.770993
0.213599
-2.778950
6.742261
1.223379
0.665031
5.169015
-2.356126
1.377484
2.103856
-4.779417
-4.371788
-0.648224
-5.949951
1.998479
8.506661
0.309877
-0.858571
-2.199701
8.244738
1.199072
-2.489694
-0.082780
-2.784786
-1.358115
-6.038761
-1.941209
1.371804
-0.341309
-5.752181
0.789169
5.340084
-2.361875
-2.325526
0.287778
4.805013
-4.563379
0.658879
-4.334346
0.330408
2.260092
-0.934384
-4.925228
3.061385
-5.653606
3.383871
-0.739282
7.231709
-4.115651
-9.227038
-0.731370
-2.900338
0.176326
2.849852
6.293777
-1.284479
-0.796464
-6.351638
2.182031
-2.189853
-6.113037
-2.301944
-2.817087
3.788487
4.439125
-2.632151
2.785131
-4.569847
-2.637538
3.346130
2.953597
-0.962880
1.847554
3.916872
3.743798
-1.631593
0.603745
3.030676
4.428896
-0.805256
1.921983
5.812628
-12.075955
-0.504456
-5.777175
-3.501670
3.363147
1.564823
0.462744
0.752414
1.930311
-7.223351
-2.066176
-5.310307
-4.299306
-11.063433
-2.289077
7.537775
-3.485563
-4.110757
-2.460767
5.419596
-5.902057
-0.435026
-0.977312
0.739719
-5.231477
-3.977590
-3.872730
1.118193
-0.369675
-0.254488
4.503350
2.950563
-0.439512
2.323279
-5.122670
-1.164364
-1.146481
-2.310601
-8.051678
-1.758615
3.776485
3.111792
-1.116547
4.743062
0.755407
4.083989
-0.543188
1.565029
0.009768
-7.249662
-6.919047
2.512212
0.825941
-4.330130
-0.395056
2.313870
-10.723779
3.277582
2.385417
-2.500943
4.293232
-3.088624
-0.965784
2.595723
4.307570
-5.742999
1.909266
-5.749113
1.480186
2.380084
-5.299273
0.553521
-4.602587
-2.079128
-3.614299
3.637480
-0.560735
2.080973
-3.025933
-0.679734
6.864408
6.776102
-5.372424
0.617314
5.943355
6.009456
2.788647
-0.723301
-3.213614
0.231350
-7.557946
1.650651
2.111314
3.053871
-0.762157
-7.183063
-5.998969
2.765725
0.069298
0.583831
-1.045239
-4.084180
-2.101607
-5.376669
-7.288726
-6.164434
-4.869569
-1.118977
0.891983
-3.907150
1.284445
-4.232491
-3.159396
-6.181368
-0.623645
-3.750426
-4.530389
2.794733
-4.368494
2.585394
-2.131800
3.854277
0.670951
-2.174958
-5.627917
2.523495
-5.365132
0.808479
-7.292450
1.759096
-5.081100
1.600633
-2.211313
-1.827637
0.189742
-3.097357
-3.207181
-1.700511
1.923945
3.476240
3.718357
-8.065966
3.159431
-3.053403
1.097751
1.892943
-4.394655
-4.405558
3.189901
-7.003211
1.570104
-1.868252
-1.118236
-2.329006
3.208751
4.204548
2.347188
6.770095
4.200772
-3.656291
-1.189124
-2.695825
1.143370
-2.318191
0.681289
2.397153
1.906543
-0.368691
4.321222
-5.509033
1.265498
6.278292
-6.019080
-3.259919
-2.283715
-6.050708
-3.901242
-7.888000
0.632971
-0.494684
-0.294147
5.645620
5.318858
-4.535471
5.418135
-4.354083
0.695465
-4.599238
3.811001
2.912036
2.725121
3.562928
2.434795
5.315434
3.610700
-5.858330
-5.046248
3.547207
4.580686
0.940969
0.208576
-0.788995
3.596726
-1.218804
-1.439571
-3.037638
-1.670591
4.703459
2.400331
-2.603113
-2.824772
4.647005
-5.550622
3.012432
0.851679
4.597762
0.872183
-1.726567
-1.043663
-4.863730
-1.907290
0.419703
-3.265343
3.660951
4.229795
-2.982337
2.847702
1.815248
0.767879
0.197445
-0.820798
3.838333
7.607794
-6.259107
-0.699631
1.188007
-1.133733
-4.346262
-1.604756
6.923169
-1.763083
-0.503072
-0.396004
-3.257659
1.537662
-4.289281
-7.394922
-3.405051
-0.598397
-0.562228
4.364807
0.252296
1.620361
-1.691651
4.129251
1.659969
0.596440
-2.261748
0.834952
-2.269830
0.334649
6.211750
4.550373
-0.893515
-0.818467
-6.570821
4.941608
-0.308451
1.306937
-1.151725
3.313049
-5.137325
1.767589
5.041012
-1.308895
5.878469
-1.541829
-4.730062
-1.217135
-2.307777
4.792689
-0.620096
-3.731374
3.194817
3.154519
-2.111071
-7.922714
-3.072884
-0.372778
-5.836909
-2.321750
1.870182
-2.907948
6.476220
-0.860997
2.611316
-4.465564
3.394156
1.082293
4.369601
-5.485637
-6.014999
3.672216
-3.131417
-3.785440
-6.504776
3.425907
3.355430
-0.486562
5.528572
-3.524686
2.373390
0.879700
1.818184
4.216864
0.000673
-3.025416
-0.663200
-4.048324
-4.528383
-4.044579
-6.990216
-5.254905
-1.761978
-3.426408
-5.039328
-1.531802
-3.657998
-1.608574
-4.328947
-3.004014
-2.034591
-0.689651
0.276461
0.626574
2.459062
-5.329404
-7.764793
1.790973
5.666785
-3.437606
4.565567
-1.316610
-3.394824
1.459214
1.393263
10.822819
2.167011
-3.787098
5.380648
-0.214034
2.513287
-1.016356
2.656739
1.521167
-2.642203
7.949114
4.435456
-4.229962
-0.985767
0.258753
7.979033
4.613247
1.622176
0.966389
-3.488652
-4.802852
2.115065
2.182891
5.468324
7.543119
-2.346381
-4.579175
-0.134209
-5.667725
2.339163
-2.226554
4.870040
-1.529570
-0.558631
3.519346
2.227431
2.949523
3.568208
2.012787
-1.368613
-2.753093
3.732968
-6.175677
-0.442028
-2.780842
-3.272952
-0.497969
-1.449594
2.066103
1.405609
1.792303
7.695639
-7.780029
0.842674
-3.834896
-5.173243
5.232166
-4.119390
4.611306
1.625860
-7.079699
4.353215
-0.848491
-1.860203
-0.968696
-4.796329
-5.458111
-0.913801
-2.761659
-2.331953
-0.359844
-10.679948
3.250873
-5.566845
3.316798
1.386531
0.803462
-6.682338
-2.642052
-4.246064
1.599803
0.075367
5.142265
-4.656950
-0.466917
0.411320
2.819538
-6.902977
-2.250978
1.022661
10.846644
0.928139
-2.875448
-2.780169
4.127293
1.933969
4.873983
2.734767
3.289255
3.630560
-1.897137
-0.879456
-5.307297
4.773825
0.417343
-6.203776
1.266597
0.677603
-4.263396
-3.401798
-1.485754
-3.204255
-2.183220
4.471187
-0.730550
6.827014
3.541589
-1.555870
-3.910663
-8.990650
0.313372
-1.198243
-0.072313
1.936748
-5.383992
-0.726193
0.582133
-3.713341
2.390673
-5.051793
1.467447
-0.817647
-3.354642
-3.603630
7.944617
1.518346
-2.599509
-3.868203
-2.697217
4.643521
-2.781391
-0.306363
3.754444
4.749011
4.028795
3.064835
-2.724819
7.623084
-4.966539
-5.456872
6.142455
1.916708
-2.381211
1.836496
-0.483396
-7.964133
6.132653
3.528781
5.110031
5.019761
0.032223
-2.292666
-2.905200
-6.019427
-4.495807
3.467087
-5.572738
2.331572
-0.231584
-0.092081
2.994834
6.584450
-5.228007
-2.022041
-0.264390
-0.640813
4.037065
-2.261667
-3.808825
6.047632
7.423524
0.937034
8.254281
1.029765
1.873958
5.072168
-0.002113
-3.173296
-3.368389
3.122085
-5.124564
2.792570
-0.950052
6.503317
-7.569927
-3.290467
-6.263339
-2.414788
5.304874
5.980258
-0.620100
0.366328
-5.460999
5.951960
-5.645503
0.626576
1.287510
2.154270
-2.142311
4.364250
5.502342
-7.285236
-5.832789
-4.348560
2.104051
-3.895339
-0.949109
-1.575795
-4.176356
3.628696
6.514045
-5.019525
5.050435
2.216961
2.490190
1.000044
6.005842
-2.827624
-4.688193
0.947939
2.040852
6.422942
-5.272380
0.256288
-3.431361
1.597378
-1.184239
4.345691
-0.060458
-1.241137
-2.551036
1.292027
1.230518
0.161325
-3.786869
-5.427588
3.907668
0.142191
-1.938643
3.087115
-0.758759
-8.695106
-4.178536
6.451538
3.513853
-2.753077
0.777889
-5.808326
1.538648
-6.318779
6.160690
6.942871
-5.982498
1.711817
-5.653993
2.357698
-5.459136
-5.893691
1.598690
-1.190771
6.158290
1.026457
4.634790
4.162596
0.630442
-4.646795
0.919313
-3.730667
3.979151
3.805562
5.003009
0.164100
-3.021341
-3.001311
7.492743
-1.914266
2.218168
4.366263
0.025854
-7.400022
-3.850280
-2.551375
-6.001560
3.524308
2.236147
4.050800
-1.532637
-2.326944
-4.854186
-2.442722
-0.381828
0.611859
4.259385
-3.472251
3.626607
-2.794806
1.028192
3.385623
4.065761
-2.705175
2.123788
3.633470
2.536145
-1.449280
4.557163
-5.990931
2.667850
-1.461244
-2.361900
-3.011675
4.775629
1.337508
-7.739571
3.290175
1.695053
3.241513
0.348233
-0.282657
3.044196
0.581634
2.290566
1.543212
4.064838
5.789496
-1.373188
-0.439861
-0.625871
1.393453
2.398292
2.117984
-5.032206
-6.946497
-5.084195
8.026378
-2.751669
-3.770772
10.281674
4.819091
-3.501310
5.763862
7.154988
0.751936
-2.505893
-2.360520
-0.165002
4.729296
4.099711
-0.902548
-1.082216
-0.718969
2.027099
-2.809455
1.863747
4.031154
2.087896
4.326475
2.340324
-3.228410
-3.517822
2.221139
-4.586485
-0.369997
6.618907
-2.156044
1.075582
2.016296
-3.310388
0.287154
4.397278
-3.906387
3.671164
-5.696828
1.250010
-2.759826
-7.662460
-1.349533
4.985345
-7.067617
1.858722
1.039268
-1.970794
-0.434889
2.444366
2.971248
-7.450172
0.797255
5.054195
0.700008
2.037318
4.059985
-2.520895
-0.075384
-3.187081
9.394696
4.454859
-0.010191
-0.735017
5.422551
0.042765
-2.466958
-6.134586
2.651389
6.550096
2.827518
-1.788919
-4.505259
-2.825618
7.204632
-0.067304
3.109777
-2.236076
-5.140238
3.186613
1.743460
0.634326
-3.472095
-2.190640
-2.462109
0.668226
1.974060
3.532871
-3.764600
1.553615
-1.081405
2.294866
3.941804
-3.215308
3.706141
3.926982
5.431741
0.763148
2.910751
-3.570960
-2.741741
-2.792966
-7.051895
-1.057289
2.706171
2.458710
2.708902
1.018246
0.032976
-3.163882
2.286381
-1.118784
1.612974
-2.388001
-2.808035
1.042352
4.433283
4.902223
-1.827068
-2.621106
0.607936
5.053422
-4.263396
-1.065428
-2.787138
1.468372
0.340025
-5.218756
8.456089
3.002227
0.732391
3.152470
-2.080820
3.166120
-5.932298
0.565883
-0.844408
1.126935
1.525031
5.516567
-0.659487
-5.909627
-3.424587
-1.001526
3.400658
1.280534
-1.673525
0.804102
-5.003787
-7.106925
0.786109
-4.566525
0.066321
3.438107
-2.103472
2.791354
-2.328941
-1.122241
-2.580178
1.312699
-1.081198
-1.261627
-2.065286
-3.298548
3.888312
-3.899113
-0.967671
1.822970
3.646596
-1.418337
-2.708354
-5.086169
-2.920991
1.331333
-11.526293
-3.300491
3.240446
-6.655403
-2.979180
-0.084248
2.700761
1.619829
1.642407
-6.014690
-5.610347
-4.596354
-5.388988
-2.058336
-4.135053
-0.286129
4.215893
-8.319653
3.584793
4.456755
1.111174
-1.210673
-7.447104
-5.170246
-4.131632
-2.590511
6.709569
0.562036
3.929968
2.559180
-1.849546
-4.186409
2.137763
-2.193796
-3.346751
-4.443192
-1.419592
-0.433322
-3.035915
-3.184465
4.955528
-0.620721
2.380575
2.263220
0.033321
-3.723618
-0.169474
2.443033
0.201689
-0.368298
-2.051923
-4.660364
3.892174
1.806154
-1.829900
0.669872
-7.029866
-0.330061
-6.199731
-5.380289
3.354547
6.772505
-4.621033
-0.259760
0.809460
5.492191
2.841758
5.558471
1.506788
-1.585704
-3.229480
-0.726544
6.262419
-2.582378
6.690072
-3.221467
-4.905660
-4.923549
-3.396420
4.421941
3.309547
4.286830
-8.956667
1.824435
-1.848951
1.078683
-2.034100
7.204597
-3.758331
-0.039723
3.482329
4.729856
-2.444676
3.514241
1.476103
-3.050743
3.202991
3.381243
-4.854422
0.698466
-1.467522
-1.590672
0.772097
-1.648230
0.259924
-1.097231
2.453022
-3.648241
-0.198274
-0.711321
-2.569871
2.791845
-1.491741
-6.418385
-5.171496
2.224792
4.631155
-5.679687
-2.842916
2.126968
7.595474
3.873252
-2.672506
6.570545
-2.516793
-1.294952
-2.530943
2.816844
-3.864670
1.962072
0.708570
-1.631061
-1.752321
-2.574076
-2.312490
-4.421823
-2.221414
4.539566
5.571956
-6.774003
-1.851778
0.839068
4.891865
-3.130372
5.498378
2.371923
0.688409
5.032761
-1.662194
0.957957
-2.128469
5.093131
4.942745
4.846314
3.526380
3.107467
-7.385391
-4.095421
-4.069756
-4.701232
3.020734
4.140539
-0.911430
-3.945661
-1.099660
-2.877114
-1.297739
-3.265632
-0.757977
3.535232
1.289771
-2.954537
-1.439879
3.148506
9.388826
-5.787020
0.610458
-2.642008
-5.212801
2.970466
0.755679
2.975269
-1.823169
1.360391
-1.964099
3.571585
-0.213924
-0.863224
-3.559189
-3.654590
-2.407814
-2.462320
2.943890
-7.489817
-9.787377
11.092350
1.326567
0.772472
0.627457
2.156491
-1.619094
4.456514
-0.702279
3.084609
4.540370
-2.559176
-3.248995
0.741154
-2.660594
4.268750
-4.399982
4.669447
2.555710
-6.662952
3.332451
4.008263
1.290464
-6.074322
0.344361
-0.832015
5.957102
2.718635
4.456070
4.036596
-1.203733
2.738567
-7.733735
2.632985
4.229077
-4.547689
-7.538016
-3.428090
0.538267
-2.068704
1.837331
3.151574
1.676233
-6.342310
7.712456
-1.433495
2.498621
-4.638844
5.606639
3.710588
-4.263833
-6.321620
-4.173924
-1.939315
3.993376
-2.579466
0.521399
5.775691
0.274247
-1.189603
4.247293
2.617132
-2.059572
5.864430
3.662533
-6.082181
6.819036
-3.611378
5.471016
1.048183
-2.278497
-2.027770
-6.778673
-4.149157
-7.015944
-0.825644
-0.786213
4.140929
4.718810
3.943353
-3.602652
-5.249465
4.598338
1.941641
-0.364419
-7.815013
4.347174
1.489745
2.326777
-0.094379
-5.133211
3.433355
-0.223375
-6.423904
3.581744
-5.238296
-2.112948
-1.761950
0.641429
3.530319
-3.053970
-6.579998
2.829778
-1.942102
2.643349
2.112194
-1.483838
-1.546028
-4.501043
7.274855
2.244789
2.379540
-1.206647
-4.428027
0.548947
-7.528366
2.471408
1.642353
2.953748
-3.573924
-0.648155
-0.941094
4.979316
4.699196
-4.062418
2.416617
-4.304241
3.266714
2.930493
3.361857
-3.794493
0.449462
1.802067
-1.604777
-5.811802
7.121811
2.848190
-0.473489
-1.166481
1.412497
3.645648
2.147826
2.040391
-2.959277
10.554843
1.195340
-0.832829
-2.762501
2.594435
-1.377548
-3.632341
-3.731085
-0.619821
-3.534812
-5.491685
-7.172549
1.863200
9.323464
-0.357540
4.844631
1.006459
-1.901395
-2.568825
2.072407
-0.331689
2.675456
-1.597735
-4.807020
-4.638600
3.909979
0.982598
0.312800
4.231905
-1.045840
-1.931166
-1.478908
-0.450138
2.867842
0.152260
-1.118584
-3.612416
0.173459
-3.844267
3.984686
-3.010418
-6.167879
-1.939585
2.481654
-0.732171
-4.541840
-3.992448
-2.343771
-5.668567
3.747519
4.306925
-7.378475
-2.707418
0.064089
-5.353775
1.949287
2.696604
-4.683451
5.275830
2.496071
2.570055
3.756296
4.204364
4.913288
-0.378145
-2.862639
-4.286404
-4.600579
4.656636
-2.011022
1.342662
2.209716
2.240795
-3.340723
0.700428
-1.650271
0.758032
-0.182071
4.341483
-6.824549
1.958661
-1.816645
-0.733867
-3.466565
2.666316
-4.450557
-0.079624
-1.417789
2.633932
4.617512
4.398955
-3.503755
0.430862
4.992593
-3.290589
0.809286
2.926275
-3.216144
-1.613413
-1.671611
-6.297803
2.081437
-4.566711
2.550905
-4.265654
-0.151775
2.963815
-4.919927
-2.575704
-5.669220
-3.128737
0.761334
-3.750556
1.292645
-4.561471
0.077539
-1.425421
3.470290
5.418241
4.430257
-0.304323
4.091103
-4.453131
1.996657
3.088915
-6.798690
-4.332339
-0.955377
-1.742127
1.033863
-0.512516
-4.906932
-2.039975
1.708008
-1.438630
-1.598392
-1.407017
0.748621
-1.556821
6.531940
-3.372989
-2.861990
2.654404
0.845283
8.378264
3.270576
-6.552919
6.316352
2.173222
0.174608
-3.851188
2.426457
-2.637239
4.051181
-0.306034
1.991338
4.093693
-3.618805
0.543132
0.706660
-11.110068
3.465400
-3.377276
-5.651445
1.354726
3.940657
-5.528896
-0.831488
-4.852375
-4.311633
1.636315
0.834454
4.607303
2.268182
-4.447253
3.376485
-2.816296
-1.569490
3.015710
1.501189
3.061559
-5.772986
4.507141
-1.253356
0.992622
-5.520550
-3.685931
1.217288
3.284351
-1.073016
-1.336460
-9.138051
0.049858
-9.412093
2.921039
3.659918
-6.367693
2.496777
2.808518
0.667484
-5.054802
-2.756485
-3.000202
-3.679530
-6.009176
2.520301
0.697164
-3.204893
0.059925
0.609858
1.263312
2.038012
0.242752
-1.617075
-1.893148
3.887870
-0.434800
0.315912
-3.457647
-3.073346
-8.225336
-6.807952
-5.010921
4.945553
3.723462
-2.543454
-1.518559
0.487536
-6.452729
-4.699223
-2.475582
-3.085123
-1.945991
-0.815032
0.222722
3.662141
-7.027743
4.517677
4.384425
2.817707
9.692921
5.313104
0.114957
-1.630857
4.555225
-1.215207
6.681664
5.141412
2.701910
-2.045547
-1.170184
3.857079
-5.589856
2.398310
2.086313
-2.750851
-8.792729
1.950389
-4.812118
4.881104
5.666222
4.095696
5.221115
6.425407
0.618609
6.457674
-2.297590
-3.074251
6.400970
-1.680523
-4.130205
0.566807
3.444139
0.939547
-3.571560
0.486255
-6.930799
-0.525403
-3.061285
4.031392
-3.238611
-0.877346
-3.521603
-2.476516
3.525084
-5.394455
0.763103
-4.312426
4.858089
5.657202
-1.665148
0.636089
-8.596041
-4.732622
-1.837066
0.765725
-4.950590
5.662734
-2.219505
1.519165
-2.566881
0.464610
-5.323235
1.725498
5.935217
-2.432287
0.522579
5.390882
-4.039237
-3.661645
-0.519097
-2.901813
3.603292
-2.825679
-1.893409
-1.746533
0.292326
3.925178
0.754931
2.710799
-3.887890
-3.974837
4.818753
5.234548
-8.120193
-4.865202
0.562370
-0.232651
7.067720
1.550183
0.131517
-0.852577
-3.849705
-0.835953
-1.095486
-2.306605
0.782933
0.689272
-0.628382
-1.315207
-3.556934
-1.589928
2.787073
-2.555575
5.598937
1.753162
2.260226
6.038861
3.983262
-3.220779
8.124245
6.130454
-2.367590
4.202028
-4.799209
0.379080
1.530753
-0.455135
-3.131385
-0.360647
1.291131
2.409922
2.156441
2.512403
-3.554927
-6.694658
-0.403994
1.738142
3.386307
5.179157
-6.210713
5.031238
1.644014
-1.843553
7.161473
0.595663
1.832635
-3.176566
0.747302
4.313805
-0.079057
1.984632
0.745691
-3.594295
6.286861
6.976171
2.828685
-3.388346
-0.451422
2.272052
5.579541
6.316715
0.137912
1.837603
-2.777141
1.979207
5.445196
6.345621
-3.213082
-4.468901
-1.064323
-1.285084
5.943006
-5.132909
-1.338344
-5.201416
-4.267349
-3.139177
4.257304
2.581738
-4.632162
-3.551478
0.067159
1.788536
2.349576
1.519308
0.920082
6.619767
2.636514
-2.192050
10.196310
-3.089100
5.771162
-1.324883
-2.865525
-6.384661
-2.428705
-3.880396
5.036753
3.234660
-3.838521
-1.583164
3.947401
-3.995944
0.364866
-3.198639
2.705494
-2.434558
2.016714
4.526844
0.163329
-4.465973
-7.383711
-2.568052
5.841265
0.838559
4.826932
-2.837319
4.846105
-8.729150
-4.474120
0.825036
-1.630380
4.152077
-1.599621
4.080078
6.513694
3.586851
-3.778036
0.906379
-8.525997
-4.747960
0.699945
-3.993255
-0.170633
2.092730
4.538235
1.369345
-1.783915
-7.622797
5.620047
1.363113
4.680336
-1.525548
-4.286506
3.579274
-3.441250
3.982467
-1.754162
-1.896774
-3.265520
-1.793750
5.431847
-4.469070
2.672101
-4.357278
0.268461
-4.739689
2.727968
-1.943425
4.013915
5.190552
-7.386622
0.469988
-1.719186
2.835021
-0.388017
-2.774460
2.785713
1.911778
0.247847
2.889708
-2.169127
-4.864914
-2.764673
-0.677177
-1.489527
-6.764607
-5.921040
2.816853
-5.891551
-0.117635
-2.257230
1.265683
-1.280794
-8.371493
1.973941
-4.236883
-2.876566
-1.556147
-1.467197
3.051563
-0.957262
-7.499319
-4.153593
-3.771299
-1.884462
2.692718
6.731428
-6.237641
-4.371521
-6.023316
-4.128694
0.761090
-4.955642
-0.596630
-8.420814
-1.464734
-1.437377
-2.737910
5.345019
-5.517763
0.539250
-6.014861
-4.406026
2.591284
2.766610
-0.378373
-4.752347
3.181750
-1.186008
-0.616404
-5.406542
-4.360278
-8.283237
-5.005641
-2.001136
-6.690634
5.886994
-6.492951
-4.235147
-4.253485
-5.002983
-5.951160
2.150683
-2.077091
-2.099852
-5.438192
-5.967861
-6.175465
1.661619
4.100184
1.727449
-6.150482
-3.764055
-4.942629
-3.130862
-1.551179
-1.789808
-6.605894
4.141155
-1.597954
0.208499
0.509416
-1.463835
-2.038481
-7.131550
3.237929
3.356377
-1.387744
2.082238
-10.119040
3.416492
-4.015663
1.225686
1.023930
-4.627353
-4.190468
-3.526430
4.942436
3.518845
3.355358
-1.832838
-0.032022
-1.519178
-1.725648
0.343297
-1.560844
5.109896
6.122737
0.366805
-6.805990
-7.418645
-1.045437
1.136082
-4.081660
0.556948
3.000546
3.338859
-2.606516
3.705326
-0.077649
2.026587
0.265211
-4.263335
-2.981782
4.721730
3.467060
0.954195
0.715802
2.279726
3.290972
4.983955
-3.330263
-2.313676
-4.910696
-1.783149
-3.467492
4.471461
3.902526
-4.187384
3.982244
2.589320
-3.279764
4.436134
3.282247
0.595259
-1.700194
-1.357064
2.140619
-3.945631
-2.914905
2.351965
0.357270
3.695989
-6.707311
0.069089
1.969543
-4.002093
-1.677176
-4.763449
-4.630145
-0.402166
2.058175
2.979593
1.357104
0.909937
-6.636056
-4.401543
-3.576027
0.285297
-1.527708
-3.811867
2.018928
-0.376565
3.978685
-3.622370
0.793392
-2.116850
3.435776
-5.676263
6.161835
-2.289914
-2.778054
-1.185677
-0.971190
0.412487
-3.188470
-0.836508
2.048440
-1.410651
0.014660
1.452730
-2.976620
-3.241303
-3.411750
2.271029
-0.615084
0.736808
-0.174334
4.223470
-3.479506
8.304203
0.103345
5.035402
5.584249
-3.865421
2.585893
-2.786983
5.823059
0.847269
-1.765225
4.537984
3.297419
4.336333
0.455164
-0.304667
-8.821630
1.679212
2.753420
3.726585
-1.916338
4.868166
0.551396
4.096224
-5.363157
6.422435
-0.718943
-1.968148
-1.708670
2.884338
-1.212918
1.593129
-1.581102
2.988384
2.171349
3.863731
0.655196
-1.970881
-2.074760
0.452672
-6.737875
-0.429756
-2.768301
-2.870409
-5.134617
-0.408845
-1.219676
7.730456
1.651398
-3.807390
-1.536067
1.728274
5.372935
5.302259
-2.356189
7.080757
-4.033727
1.735319
1.190704
-3.346169
-4.108829
1.507462
5.714959
-0.285387
-3.716691
-2.573892
-3.491629
-1.457674
-4.965291
1.561102
2.539469
-5.904893
4.170905
-2.024591
-8.869822
-0.644302
1.003692
-7.443164
3.501540
2.782752
-1.856163
5.398317
2.470239
0.919178
-3.451401
-6.111908
2.144741
-3.846266
0.050300
-4.039445
2.726666
-2.103324
3.853814
5.596131
-0.045009
-0.335105
1.355186
-3.870537
0.380771
0.919908
-2.881892
-0.490927
-0.819093
1.461900
-4.490907
5.305454
0.207887
-1.448186
1.074506
-4.552063
-3.826363
3.804190
1.610529
6.501407
-5.903650
-6.765427
1.076545
0.050449
4.513282
1.574815
-1.029245
2.807990
-4.863064
-2.717399
-4.761255
-5.027020
-3.005048
-5.910511
3.394885
0.237418
-5.451169
-2.518737
-4.738995
0.917574
-3.901264
-3.396922
3.016067
-3.944252
3.381030
-3.197986
0.757680
-2.306097
-6.356936
-1.818332
0.085195
0.815234
-1.044239
0.369488
-3.877688
-1.018338
-0.334887
-1.495363
-2.231155
-1.415044
5.689186
2.764985
4.161037
-2.439282
-4.458144
-8.274758
-0.024960
1.098456
-0.714230
3.994572
-3.139176
3.525652
-0.595243
-5.974201
2.856643
3.423255
0.765942
3.260329
-1.423984
4.059745
-5.202146
2.708145
3.659179
4.316395
-1.354799
0.868438
7.118836
4.360155
-2.412982
5.346579
-2.836040
7.287937
-5.873638
6.143780
2.049030
2.041330
-2.719484
-0.431723
2.115531
1.730931
3.762445
-1.470470
-0.257277
-1.464641
-3.985621
1.193706
-1.645448
6.478521
8.900960
-5.231781
0.991538
-3.569998
-1.148384
8.164231
-0.248238
4.811016
7.260571
6.009079
-6.375147
0.676475
-3.782947
2.482204
-1.555989
-0.582318
-0.154572
3.568123
-1.182081
1.943170
-7.650076
1.313155
4.232223
-5.491218
-6.308542
1.123019
6.252314
0.408592
-5.890290
0.154277
-4.913930
3.797161
0.438013
-4.386347
1.153612
-4.317452
2.356863
-6.791306
-2.060758
2.132243
2.971899
2.406421
-3.358120
4.248127
-2.651580
6.141635
-0.718943
0.043761
1.046845
-3.758920
-5.490310
-5.257946
3.643984
7.277309
5.038535
-1.773958
3.503779
-2.419950
0.575339
4.771895
0.303150
4.803034
7.599086
4.597250
5.502908
3.017343
4.775274
4.437944
-2.238976
-2.296506
5.093079
-2.770392
-0.492788
-1.252763
-0.386565
-1.989234
0.731003
-2.618502
0.489793
0.821128
0.298488
-0.037220
2.399400
1.478865
-1.674951
6.229821
2.419359
1.406574
3.965065
0.807791
2.542193
10.034973
-2.008100
-0.917017
-1.364774
3.264027
-3.841926
-5.831450
5.711022
-1.603460
2.231150
-5.324606
-5.707377
1.127824
-5.924892
-5.134783
3.603865
-4.431104
3.226507
3.939431
3.327931
7.133066
-2.090499
-0.103236
7.482216
1.499895
0.806176
-2.539739
-4.499154
5.197339
-3.229622
-7.546500
6.063575
0.818496
6.081706
0.587353
-5.977860
6.709683
8.087909
0.205980
8.667517
3.744902
4.000420
7.360737
-3.288750
0.776588
-6.501850
5.460909
1.327380
7.285337
3.292639
0.712585
-0.033172
-2.197620
0.605032
5.834446
-5.253099
-1.710439
-5.176130
-1.163360
1.361729
4.065218
-6.860904
7.601048
7.159581
-2.170504
-3.748737
3.971549
-3.977168
-6.357828
-2.596860
-2.036976
-5.351343
-1.505459
1.471579
1.669714
4.347661
-7.658022
4.430673
3.085629
-5.555545
2.581509
2.960083
5.311999
3.282142
-1.839701
4.825326
3.478971
-1.007569
-5.163356
-3.063843
-0.558307
2.436337
-2.187846
-4.003148
1.524025
2.990592
-0.860687
0.783961
-3.837973
5.885043
4.925188
3.965369
-1.061151
-0.919112
-2.644853
-1.942477
-0.263743
-1.078268
6.168903
-3.773038
-0.228685
-2.806877
-1.321528
-1.499808
2.676751
-0.977926
6.488214
-0.591303
2.083411
-3.501206
1.799440
0.691861
2.399245
8.216226
5.972993
-1.790520
-1.847346
-4.899777
4.653461
2.495958
5.791491
-0.490045
-1.217477
2.530840
-2.630206
-3.774575
-1.298253
-2.736602
5.982869
4.523983
3.095573
-4.573604
-1.190989
-9.012695
3.761532
-2.187197
2.077919
1.566156
6.432743
0.321728
-5.078201
2.767675
6.191261
2.249001
2.487762
0.055785
4.669959
-1.087765
9.626746
1.998724
0.487987
4.961369
3.570337
4.371942
-3.576715
4.160643
-2.512541
2.322877
-3.937347
-7.869495
-1.365683
-2.289636
4.323995
6.043197
-1.386617
-2.938753
-1.536471
-4.736854
-1.530154
1.126858
1.626568
-1.448991
-0.402257
3.875096
1.897625
-1.810824
1.374162
-5.094678
3.959491
-2.213343
-1.157824
0.507194
6.065549
-7.645799
-6.695932
-7.284536
4.498595
1.218364
-7.832530
-6.139100
-0.846361
-4.922400
-6.288342
5.253523
4.032974
4.102113
1.598944
-0.602832
1.476880
-4.186890
-1.715753
2.674416
-1.499242
-1.564595
6.854904
5.535535
-2.366546
1.148654
0.894731
-1.821154
-0.871000
-2.530520
5.956631
0.906369
-3.414910
0.647024
1.852217
-3.373387
3.953254
5.259199
-1.104488
1.820718
1.393521
-3.159936
-2.960011
-6.075835
-3.408187
-5.123219
-3.008643
-0.634264
0.808089
5.402583
4.706885
0.085656
-3.401423
1.239761
4.543814
0.342079
0.747745
1.262515
3.321824
-5.196985
-7.932292
3.223043
-0.780497
6.620008
7.297049
-1.215817
-5.386486
-2.615387
-1.276581
-4.597111
-4.088907
2.478207
-1.831816
-6.422440
3.827420
1.267519
3.656496
1.318805
3.087465
-1.813552
1.857075
2.098436
4.108345
-2.265139
-6.004921
0.984296
-1.116399
-3.733469
1.845476
-0.249093
3.920226
-0.319445
2.077978
-5.474906
4.830709
-1.229484
-0.770630
-4.695499
-3.172629
-5.934128
-0.161745
5.368278
-2.953621
3.865827
0.413215
0.762116
-0.702441
-7.131457
-3.022293
2.108000
-2.830079
3.435650
-2.455014
3.838411
-2.912476
-5.445877
1.293617
4.369474
-5.926575
-8.201416
4.918002
0.201589
4.392667
1.329622
-3.282287
-6.823690
2.691402
-5.373439
1.932938
-6.547090
-1.514936
-4.637420
6.467718
-3.775948
-2.373108
4.602442
-0.254719
1.405470
-1.315863
-3.642188
-7.741806
1.273533
-3.089744
-9.038937
-0.284440
6.085262
-2.382569
1.538982
-1.796796
-5.296206
-4.718101
1.583619
0.817551
-2.110523
-7.393189
-5.782599
-5.399856
-0.841752
0.501270
-4.311393
3.306888
-0.234263
5.303676
5.196846
1.714758
-0.281336
1.468947
0.442441
1.659537
1.429383
-6.786954
-4.514838
0.077488
-6.599759
-2.616577
-1.239341
6.593659
-0.715079
1.970835
3.075134
-3.331777
-0.783790
0.922176
2.157936
-1.763016
2.602044
-0.125509
1.305023
3.569763
3.593707
-2.824674
-2.319094
1.341472
6.215658
1.710615
-3.475187
5.732401
0.621181
1.331771
-4.090194
-1.861214
-0.880959
2.023042
-2.281904
5.704809
-6.219147
-7.234539
7.366284
-0.178518
1.959048
-0.893271
-3.239286
5.883375
-4.194421
3.412733
-1.203124
-3.125657
-3.548484
1.282869
1.303374
1.708656
2.395766
9.388532
0.644307
-3.837372
6.327475
-5.313042
0.517502
3.342897
3.671008
-3.308721
9.099328
-1.550987
-1.603024
-3.205867
-3.743730
-1.981612
-0.853548
5.377059
-1.621751
-0.939250
-5.766706
1.380162
-0.424655
-2.545395
2.639645
-1.770982
2.422744
-1.952218
-2.378985
7.477774
3.499592
-2.071479
4.416905
2.623020
0.696808
-3.451528
0.655631
-0.720942
-0.083862
-1.491220
-0.435770
1.448065
-3.957518
-7.851387
1.674488
4.385281
4.214188
0.282278
0.286151
-3.972252
-1.724195
0.275801
-3.434439
-0.497183
0.688239
-2.637361
-5.316772
4.196114
-5.019961
2.578503
0.724435
-6.298147
3.021098
5.651423
-8.388343
-1.951548
2.836669
1.290724
-3.400845
-8.405463
1.603401
5.583865
-1.049403
7.121258
-3.099973
8.600322
0.305276
0.749026
1.467837
1.049593
1.135862
-4.981620
-5.201905
1.055272
-6.488549
-0.276752
-2.114617
-2.813362
-3.264580
1.032322
1.591568
-0.210441
-0.715114
2.963258
-3.570021
10.299330
0.148148
1.737286
-1.860146
8.777850
-3.473984
1.969353
-1.458125
-2.987948
-0.180102
-3.976062
0.950536
4.295982
0.785455
-8.031032
-1.817581
0.478085
4.519061
-1.618092
0.079641
1.673035
3.290835
-4.321295
-0.519266
-3.435163
1.829651
3.462984
0.447238
-2.144048
-3.316036
0.041882
-7.529229
-2.683634
-5.147066
-4.813055
-2.252031
1.138000
-3.344199
-3.941160
3.185089
-4.096049
-1.740363
-0.438924
-4.663412
-3.637524
-4.601573
-1.387304
4.343634
4.199933
-1.079746
-3.292831
5.345852
1.100078
-4.091042
2.355407
2.745091
-1.813273
3.148955
-5.398582
-2.463171
1.288468
-1.962905
-2.070732
5.212168
2.019760
1.510149
7.961951
-2.132729
2.255755
-0.888998
5.572916
3.640325
-2.819771
-2.170511
5.044112
5.943268
6.751215
2.852950
-1.623435
-2.097003
-5.785213
-1.739622
-2.237824
-3.984142
-3.385300
1.527063
-5.629211
1.343957
-2.685019
0.480537
-2.384441
-3.825577
2.206000
-1.637031
7.597428
-2.119945
0.712048
5.725864
-1.801737
3.019127
1.659683
-1.278422
-1.864593
5.739791
0.264271
3.297616
-2.621365
-4.308580
-1.251881
-4.820839
4.069057
-1.453892
-1.845141
-1.277671
4.550210
-0.385554
-4.053187
1.676931
-1.047842
-1.676748
3.492296
-3.371729
3.819804
0.977077
-3.726953
-5.927472
-3.818195
-11.770180
2.664775
-0.994850
1.802043
2.474472
0.823891
-3.059402
-5.404641
3.296339
1.284494
-1.765678
1.595871
-2.069188
-4.202433
0.898777
-1.389933
-5.603773
6.557107
-3.493395
-4.412139
-2.896082
-3.907024
3.365545
-2.639721
-0.898364
5.045153
0.850864
0.576421
4.420508
3.014605
-6.628107
-0.063650
2.586007
-4.936433
-2.129897
3.273144
2.460930
-3.723648
-1.744921
0.950466
-3.437329
-0.725772
-0.817683
-1.514445
-2.535382
0.309057
6.179069
1.199939
-2.213708
0.680208
2.709924
-5.412088
0.909245
5.321365
0.405667
-7.970386
-4.711779
0.762390
-3.356317
8.037050
-3.483767
0.711297
-6.969372
5.783543
2.338135
-4.911398
3.913990
1.632293
3.858069
-0.954989
0.351222
-4.798367
-4.105195
5.049790
3.763208
-3.526037
5.006004
1.769828
0.071468
4.007403
3.307579
2.118265
4.488689
5.098837
-2.995935
0.363413
1.252143
7.280523
-4.257497
2.919285
5.269701
-2.175651
2.007465
-6.441375
3.398941
1.551287
-0.484053
-1.531749
0.963499
-4.026157
2.815147
-2.272108
3.981111
-2.733125
-0.264094
3.491952
3.486762
6.547229
0.549831
1.107021
-2.241636
-0.165277
-3.811213
-1.610847
-6.620811
-1.182035
0.427723
-2.443375
-1.407237
0.377267
-4.163304
-0.060036
-5.137029
-0.655105
-4.648559
-2.779029
-2.280104
-2.141560
0.483095
0.530912
-2.215868
-2.451152
0.228760
4.708337
6.085465
3.635772
-4.257615
0.728935
-2.202846
-4.575525
-6.574617
4.414125
4.924118
-1.975346
-8.043510
-0.402947
-5.311221
8.240699
2.475629
-2.392242
4.653056
-0.766523
-0.541469
-3.686146
-5.332469
2.575117
0.700921
0.181070
-7.732509
3.276980
-1.646592
-9.796659
-5.717960
-0.671300
1.995719
0.530936
8.280216
-2.462296
3.095028
-5.628415
5.773753
2.299156
0.710015
-3.357123
6.050685
0.138184
-4.518546
-0.787621
-1.764699
2.502741
2.289724
-2.694838
-4.243474
-6.215130
-5.160053
-4.338688
1.505386
1.840169
-4.614701
-9.582914
-0.775482
-8.019185
-5.232095
-3.348694
2.955517
5.041629
3.397362
-1.529440
-1.537389
11.107930
-1.807495
2.686773
-4.962785
-3.422366
-4.274228
3.934975
-2.777473
-5.389582
-0.509264
-1.774219
2.828996
-4.911007
-4.482166
-0.051416
5.086495
0.682888
1.329931
-0.198238
-3.964157
-1.872517
-9.866629
-3.889537
-3.989742
-0.644166
-1.553345
2.794024
1.186519
2.151119
3.722329
-4.875481
-2.456604
-2.568887
-0.624074
-2.269198
-0.733840
1.698187
-2.363356
7.749957
-1.618340
3.267081
5.018814
1.510709
5.588152
1.808325
-4.932307
0.151731
-1.187124
-6.325952
-2.813979
1.336206
-1.629588
-9.100466
-1.602777
2.479817
-3.280059
-7.633561
0.927037
-3.441860
-7.353082
-3.102714
-3.831880
7.055681
0.277567
-3.715810
-4.691191
-9.403645
0.156247
2.053466
-6.523392
-1.791258
-2.115224
5.472540
2.226591
-4.003868
-6.483933
-4.592038
-4.021348
-3.593689
-2.591829
0.203420
-3.134008
0.287298
5.667854
-5.229511
1.491054
4.310167
-2.980845
-0.908924
-4.091803
2.516013
-4.625978
-0.589939
-2.080397
-2.923072
3.571717
-0.884563
2.847649
-2.616140
3.114915
-2.606333
-1.737168
-0.574065
4.481913
-0.310540
-6.382165
3.267525
0.174252
-6.294505
-6.649245
-4.160838
-4.305986
-2.619122
-3.353406
-2.601456
7.562283
-6.859434
-2.185978
-2.419627
5.203550
-2.835778
-1.295550
-2.719981
-5.683684
-6.489735
-6.137800
0.771510
-5.748084
-7.678932
-0.281816
1.335757
2.949503
3.497905
3.008254
1.476023
-4.098741
2.550566
3.927778
-8.166387
1.033820
-8.261325
-3.063396
-2.040635
0.706310
-4.031412
-7.019474
3.707218
1.857547
-2.677893
0.509455
-0.090604
-0.694006
8.020235
-1.031996
-0.437431
-7.048274
3.168034
-3.361352
-5.124545
-5.362421
4.249216
1.881838
-7.233946
2.773520
2.475716
1.519412
-6.486130
-0.447722
4.199024
4.301960
-7.744371
6.438396
1.669476
-3.830495
7.667483
1.961954
3.376223
-4.968719
-2.998027
-0.252984
-6.089314
-3.293895
-2.054640
0.380080
-6.248756
4.418950
3.279898
-0.539746
-2.770723
6.227709
-4.820594
0.192165
0.906817
0.647475
5.143086
1.799657
-5.109504
4.858815
-4.055042
-4.374427
-0.334882
-1.010863
4.390948
-0.232261
1.732952
1.163012
1.197687
4.812163
0.089494
4.713368
5.969933
5.689674
1.542472
6.229366
4.854728
-2.121946
-1.899763
0.281463
-3.915765
1.290523
-7.444588
5.085811
-0.202998
8.514969
1.343355
0.414242
-3.445953
-1.464707
-3.940868
0.556175
2.319092
-0.036166
6.153996
7.453258
-2.745380
-3.043238
-6.819774
2.116596
5.783921
-2.399861
-1.476023
-2.909277
-0.404586
3.147050
-1.114481
-4.615419
-3.122713
1.205683
1.213623
-0.220834
-2.187816
-3.942466
4.331100
1.638703
3.761221
-4.330122
9.226752
2.955446
4.432806
5.175040
2.402910
6.673036
0.747310
3.431247
-7.106961
-2.754091
-0.387924
3.020113
-4.136083
-2.772246
-1.567210
-2.534346
4.643865
2.624714
5.465266
-4.313411
-5.812779
4.703018
-3.041342
4.480803
-5.953879
0.874555
3.375518
-5.498935
3.609372
-1.768594
-0.297297
4.706131
2.839674
3.251536
0.357120
1.946907
7.894391
-3.710128
11.092354
-1.595848
2.940253
4.982111
5.205390
5.861741
3.106589
2.697290
2.506669
3.606134
0.570477
-2.356411
4.720774
-4.755190
-0.954250
1.711827
-5.621953
-1.664888
5.390205
-1.511047
8.750756
-1.176080
-2.016396
-1.790252
9.727221
6.084821
-5.035739
1.592947
3.056784
-0.959072
1.565990
-0.770135
-0.334729
-2.083913
-4.315826
-7.623294
2.129066
-5.527377
-6.057528
-2.989055
3.107826
-1.665284
-5.586113
-1.484250
-1.383313
-2.150839
3.662529
5.472716
-7.614910
1.956347
1.945654
0.944481
0.076471
3.610332
-7.474206
-2.806515
-7.017410
-8.500552
-4.476304
-3.421260
-2.026202
1.291682
-1.704073
-0.380970
-2.532983
4.008292
0.367823
-2.375583
-1.298349
-5.061264
-5.133909
7.291629
-0.186710
3.104020
-1.247419
-1.040885
-2.962540
2.359329
-0.469856
0.749879
-2.932639
-7.353337
5.278982
-2.900998
2.932445
-4.803604
8.144876
0.712242
-3.148637
3.239299
2.670789
1.901364
2.411127
-3.718726
3.021728
6.785028
0.731177
0.723795
5.119465
0.241672
1.302152
-5.458168
3.771960
4.320403
-1.790962
4.571633
-1.398492
3.594121
2.891948
2.979504
-2.033601
-3.273049
-3.007655
3.837383
-5.101222
7.364513
4.856668
-0.241238
-8.023509
5.745887
3.343929
4.918026
-8.906957
1.382857
1.085463
1.994126
4.146473
-4.356542
-9.200602
5.489120
-4.273170
0.188426
0.221540
-6.440285
-3.836605
-3.268679
-1.692401
-7.858881
0.006403
1.782453
5.840449
-6.466329
0.969324
-6.363820
0.448865
-3.661820
4.009478
3.601965
3.038520
3.807182
-1.111122
-5.183847
-1.981571
-2.523068
4.443886
3.344396
4.092494
2.873951
2.244902
0.324498
-5.146189
-4.361569
6.852826
-4.216631
-4.879990
-0.696652
6.078325
3.693171
0.361816
2.583090
5.927930
-8.121837
1.901825
1.282432
-4.335386
-2.355044
4.604973
4.371145
3.253030
-4.965170
-6.595724
2.697888
3.162103
0.640396
-1.234997
-0.867903
-6.274131
-1.824688
-4.998627
-11.520027
-0.578805
-0.077533
-3.057150
-2.615830
5.365853
-4.067400
4.558800
6.745716
5.196777
-0.696978
-9.624933
-5.058584
-3.807007
-0.045729
-0.664834
6.332037
-7.891530
-4.274874
5.097321
1.456003
-4.288159
1.684488
-1.296747
1.150478
-2.281568
-2.466069
-3.027925
-0.968417
1.678577
1.121178
-4.148121
3.459315
-0.620284
-2.698853
-5.168236
0.284901
2.657939
-3.566497
-3.254413
-3.717134
1.824523
-0.222594
2.228856
-5.455219
-0.525689
-5.835487
-2.948342
-4.482004
-2.130768
0.724431
-0.918064
-0.064237
-6.236892
-5.291466
1.610171
-3.727477
5.379099
-5.246857
-0.159061
-0.814229
3.753904
3.802629
-4.453780
4.748702
0.592842
6.061084
-3.158289
-5.825467
2.652038
-1.516808
0.605694
-2.064853
4.132299
-0.606366
2.883060
-6.317524
-0.750991
-4.523165
-1.095531
5.251862
-1.691667
3.180652
2.538483
3.161723
-5.166807
4.495938
2.035086
1.336173
5.542750
6.265467
-0.135468
-0.503173
-0.273154
-3.408784
4.090233
5.415796
5.370505
1.529517
-2.354290
-0.168826
0.191575
-6.162436
3.198857
-1.633763
0.046890
2.080933
0.427055
7.312197
-5.854123
4.687191
2.492872
-5.499763
3.323909
-0.003997
-1.919660
-6.665370
-2.889323
3.248307
2.730757
-2.075089
6.029423
4.261915
4.322240
-3.868827
-5.487267
-5.882639
-1.096102
-5.356291
3.046145
4.898416
0.723484
3.870284
6.337485
-0.598808
-3.388628
-2.866896
0.694502
-6.478768
-3.958644
1.322992
-4.914537
-1.394513
2.005408
1.570182
2.839764
0.880153
-0.939884
1.185597
7.180121
-3.131040
5.431797
-3.345972
-2.436111
-2.589000
0.099062
1.821581
-4.657598
-0.197768
-5.486171
0.783254
-3.404956
1.914621
2.781734
2.878953
-3.996127
3.438613
-2.995841
7.746091
-5.179754
-2.889863
3.406958
5.024684
3.930653
-2.483818
-0.678943
-0.316590
-5.607959
1.046809
-1.038749
-1.696689
5.522532
2.512317
-1.046671
-2.314801
-2.196059
-7.014467
-3.873085
4.143706
-0.164031
1.408949
7.771143
-0.439771
4.164003
1.629544
1.236815
4.085348
-4.274117
-5.404259
-3.069719
1.414994
0.852141
-0.426186
0.622441
-6.305414
-2.525827
-7.883619
0.895165
-2.159748
1.405207
3.039980
3.398321
-2.953606
0.866701
-2.672758
13.072759
1.475331
-3.765204
-5.273650
4.711407
-4.548768
6.040272
-3.443220
-3.695426
-5.211378
-5.944898
1.747510
4.105117
0.921636
-4.000429
-7.866549
-3.411409
-4.232738
-2.518330
-10.745506
-5.287731
-2.891644
2.710168
1.451510
3.110849
6.677438
0.714867
-2.766336
-3.704800
4.252510
0.424878
-0.529094
-6.077735
0.521464
-6.850284
-3.189379
-4.116402
4.083579
3.840739
1.510445
0.296301
-6.150801
3.628623
5.248086
-1.405911
0.629836
-0.119890
-3.599866
5.712159
-1.709466
6.869890
-6.462935
-0.332441
-5.504405
3.732143
-3.779852
-0.529413
-1.705015
2.413377
-5.327294
-5.136081
-4.348814
-3.005190
-4.568187
4.671984
-6.278729
2.716598
-5.136428
5.225441
0.934144
7.006740
-5.185238
0.074148
-2.986532
-3.351275
-8.079475
3.484012
-2.334310
3.449467
-2.798209
-1.703765
0.130558
-6.213352
-3.620959
-1.338547
2.841177
0.065203
0.427650
2.500803
3.196709
-4.080448
-0.533935
3.267233
-1.710680
-0.296919
-5.556246
-3.910115
2.488001
-1.248938
-0.519443
-0.175212
-1.936334
5.875652
0.106065
-0.879597
-1.329310
-5.619502
0.771547
-5.430263
-3.611661
-4.270674
3.315554
-4.565248
-7.049663
-0.944504
-0.961821
0.925530
6.189541
-1.871071
-2.327889
2.510334
-0.670037
-5.433852
3.406032
0.548684
-1.968213
-6.125120
2.458792
7.303887
-2.045772
4.471195
5.281466
-1.489064
-2.943691
-3.709257
-0.041229
5.377119
4.016822
1.356114
0.219465
0.584426
2.245375
3.012101
6.494066
3.772422
1.069458
0.704561
0.959578
-4.101385
4.103624
-0.978448
-1.901739
2.866963
2.061940
-0.925830
4.010027
1.239223
6.243151
1.709836
-0.843719
-1.435621
1.980709
-1.673715
-1.636918
-3.936692
-7.348403
5.776718
3.272182
-1.486885
-3.885192
0.885862
4.900047
4.088089
4.934469
3.293347
2.407035
-0.485291
-1.263828
-5.741568
-4.869847
1.932020
-8.672123
-5.802957
-0.544755
-3.803369
3.125583
-2.436641
-6.612006
-1.846302
1.802235
-1.478063
1.245896
-5.595439
-0.148546
2.257434
6.489171
1.931378
-7.386049
0.861158
-1.343988
0.165663
0.193792
1.487193
-2.644781
-3.443114
-1.677887
-5.259022
-2.643553
-6.916248
-0.546950
-2.736404
-5.856842
-2.959681
5.503469
4.116461
-3.493449
-3.020340
-2.497994
5.764852
-1.736502
3.376107
0.353427
3.853218
0.973912
6.965631
-3.019938
0.585453
-3.325471
2.939080
-0.136912
-9.031720
-5.198298
4.439335
-0.940764
-4.292289
3.532872
-0.821995
-1.416319
-2.293287
-5.450173
-2.194358
-3.279124
-0.567751
2.711115
-3.040125
1.866662
2.680186
2.512177
4.865017
-5.768600
6.950260
1.259653
-4.169339
3.915969
3.411704
-3.654274
8.713808
-4.151238
-4.224677
0.896258
5.647381
1.024992
1.277886
-7.948606
3.840217
2.784515
1.196101
2.159860
-0.137135
2.518018
-3.772624
4.646880
1.878708
2.334371
-2.280000
-1.414897
-4.968740
-0.133189
-0.880790
-0.594304
2.358177
-1.791004
2.508356
-3.851704
1.161688
0.228010
-2.432018
-0.420666
2.260394
-0.984531
9.233627
0.477863
-3.061237
-5.740864
5.218225
-3.166196
-4.843636
3.698617
5.932657
0.772760
3.407569
-1.701395
4.726957
1.390508
3.715763
-5.697010
-5.052773
-0.516340
6.159671
5.990184
0.073204
1.790326
4.964829
-4.110311
2.555454
4.801928
2.672327
8.305660
4.071292
2.394629
1.375363
2.498336
4.797666
-1.541466
3.629829
-2.836741
-0.764287
6.193620
-0.075985
3.130265
2.790234
-1.903116
-1.742753
-1.818252
3.060829
1.745421
4.579247
2.573461
-4.469212
0.206286
-0.859567
5.658835
-1.019456
2.542034
0.407338
3.323611
-1.426072
5.412589
-3.112752
0.958915
-4.472016
-4.877726
5.132009
0.109946
-1.420412
3.325317
2.927310
1.323388
6.217044
0.560009
-0.281444
-3.280100
-4.946752
-1.433288
-1.708033
-4.443462
-0.563507
3.888501
-0.165827
-7.462959
1.317417
0.721355
4.606851
-1.739498
2.691140
0.443097
0.618873
1.421960
5.847025
-3.963484
0.700625
-3.308094
0.392697
-9.733939
-1.883714
-2.348251
-3.575606
2.667707
-3.319715
3.762854
-0.996451
-2.360783
-6.246445
6.187123
-0.767062
-3.872169
1.114720
4.529054
-6.193433
-7.734989
3.999090
-6.440394
-2.807948
-2.391244
2.617373
0.938541
-2.031030
5.028288
8.058057
4.205122
1.241886
-2.225175
-3.737720
-5.531023
-1.557546
-1.774671
0.087640
-4.398493
-4.448626
4.819628
-1.477078
1.073236
-0.918279
-1.658968
-3.591539
-4.751083
2.728563
-2.990690
3.478562
-3.334594
-1.976348
-4.240050
-3.667581
-4.461795
9.229513
-7.098400
6.252857
-7.538660
-3.967978
1.151137
-2.771415
1.895178
2.988969
-4.503788
-3.855306
-0.333511
2.139431
0.974054
0.325970
2.945502
-8.150652
2.990415
-3.175525
2.761843
2.274833
-2.524397
-1.740718
-3.979543
-1.507318
3.972122
1.153965
2.068914
0.948288
0.450461
-9.556930
-0.661956
-2.130874
-6.646014
5.234278
3.395204
-1.120569
2.756970
-7.921366
-5.824249
-7.155598
-1.152343
2.701594
-0.886723
-2.355493
3.589801
-3.444809
-4.939760
5.446290
-1.997603
1.704309
3.279416
-6.794181
7.615904
-0.792983
-3.838988
-3.116261
0.521922
5.437663
-1.347168
-5.230340
6.298039
-3.576260
-0.207253
3.226748
-3.839734
4.065701
-2.330626
-3.249224
-3.584662
-0.833158
-1.793103
0.806456
-0.931621
-6.443246
-4.726937
-10.358162
3.397640
1.176476
3.171744
-3.967963
-4.969618
8.224171
-6.472715
0.514794
-5.651707
2.335845
-3.193854
-7.050665
-4.521191
-4.956040
1.479398
-0.349625
-9.986182
-4.008239
-1.811562
-2.247098
-3.753231
-4.036083
-3.734339
-1.684978
4.455591
2.195750
-4.588930
-4.184448
-3.864255
4.987195
-5.723062
0.754729
-6.563647
-7.367581
-4.796438
-1.249774
-5.022789
-4.923801
-9.059928
-4.118811
-4.520050
3.434142
-0.711209
1.959582
-6.458937
-1.755937
5.860406
7.118574
-0.676937
1.356557
4.186682
-2.029611
-5.783807
-8.023496
5.545693
-3.753608
-0.233199
-1.022969
1.092915
0.352008
-3.671187
-3.447793
2.577386
-3.477419
4.266558
-0.726013
-4.413848
-3.186354
-6.709385
-0.954370
3.482283
-8.144714
-1.645461
3.187081
-2.101945
0.237709
3.389628
6.820825
4.476098
3.482370
4.445645
-8.067827
2.894952
-0.547806
0.320194
-2.958195
-1.527278
1.871334
-3.760814
-1.502538
-4.428203
2.654749
2.870989
-1.734540
5.110332
-2.132026
0.764211
-1.604399
0.127573
5.018728
-9.315261
-4.046139
-2.780761
4.738509
7.977910
-3.274321
3.425912
-0.900463
2.893611
-1.509087
0.211391
-5.397532
-1.012471
-5.940965
0.607260
-0.675860
0.844926
4.120548
-3.164136
-1.976761
-0.080057
-1.236095
1.164727
3.414369
3.089523
-3.385792
-2.732152
-2.169196
0.872268
4.286292
-0.384111
-2.280719
1.909992
1.230190
2.606211
-1.830296
-0.882057
-3.651181
3.926754
-0.121815
-1.949709
-2.284887
-4.179134
4.397686
-4.532885
5.541538
4.763731
-7.333674
-5.403310
-1.185197
-2.721731
-1.113937
2.852761
3.983711
4.064187
-3.645533
-2.343593
-5.407953
-3.601488
0.381029
-5.732419
-6.828644
1.391071
-2.987969
-5.359995
2.558295
9.148174
3.079753
2.930856
4.147253
-3.223772
1.998873
2.724099
-1.772976
-0.897689
-2.429089
8.238935
-2.149756
-0.593536
0.797356
-3.206858
-5.267796
-4.374933
3.728110
-0.312025
0.162115
1.918842
2.831590
-5.204138
-0.649138
1.502856
-1.180730
5.648702
-5.292484
1.635647
0.497099
-5.541373
-3.914332
5.229476
-2.667599
-2.493960
-7.701579
3.073727
4.090246
4.107789
-4.592266
2.650920
-7.163588
-3.798231
-1.803848
6.194732
4.235132
-3.343063
2.933175
1.491273
-0.900483
-2.595799
-3.326311
-1.099705
-5.909545
-3.907724
5.801628
-4.903885
-1.405405
3.708191
2.513216
0.937068
-3.933691
-1.672556
-0.082520
1.734270
3.048089
4.461668
0.944049
-1.716783
-3.603259
-2.573053
0.822528
-4.590253
2.698982
4.973035
-0.782595
6.046696
-4.375877
-2.145224
2.857675
6.154280
-2.813155
-2.031388
-6.074986
3.044131
-0.721829
-4.781374
5.991764
3.466168
2.970010
-7.095558
-2.333681
3.419136
-2.469720
3.300213
5.560543
-5.481293
-2.719822
4.978781
-6.296408
3.779391
4.172549
-2.336770
3.715788
1.518916
-0.264364
-5.591874
2.994719
0.940759
-2.895331
-1.199650
-3.386411
-3.787781
6.375589
1.779802
3.817744
-6.535594
-2.184417
2.003216
5.643950
5.454329
-4.649615
0.278705
-4.591822
-2.136487
-3.261825
2.548446
2.831131
1.671277
1.214824
3.142209
-4.233140
-0.613377
2.435433
0.919450
-1.722580
3.660811
5.379228
-2.635964
-0.341376
-6.036605
-1.408291
-6.158788
-6.578288
-6.351015
2.211937
-2.866998
1.547730
0.970741
-6.390217
2.606525
-2.060816
-0.734464
-0.501033
-1.226122
-1.001171
0.942836
-0.116964
-5.037288
3.102228
2.715977
-4.953405
-0.808696
-4.112826
4.016988
-2.826394
5.460833
-3.442205
3.239475
-5.924062
0.909669
1.591359
-6.493695
-6.079326
1.574980
-0.497474
-1.467924
-0.897590
0.627376
-4.445982
-4.695428
1.939471
2.561208
5.570939
-3.202001
3.464225
1.243433
3.327652
0.063887
2.238602
3.503479
-4.747002
2.874856
4.696953
-4.606399
-3.582322
2.394493
0.215840
-2.418790
-8.329702
-0.083334
-2.477063
-3.649269
-7.153986
-1.294107
4.721885
4.079226
0.627467
-4.167254
-3.251805
-2.138438
2.841473
0.212738
-6.831294
1.782955
-1.714929
1.860168
-5.178367
-0.546193
3.876394
1.871041
0.636008
6.458119
4.745458
-9.016401
0.802677
-0.385661
4.150908
-0.529833
0.603349
3.640203
-1.508606
-2.173108
-4.581648
3.060904
-3.734231
1.761525
6.585926
-6.871567
3.953684
0.193685
5.130200
-2.049369
-0.674630
-2.459412
2.032339
-1.195731
1.037922
0.675318
-5.207718
-1.867456
-0.715391
0.323234
6.547141
-3.832322
-3.263046
3.062329
2.478821
0.855062
3.090413
-1.237775
-1.685044
-1.759917
2.549572
-1.226854
6.884743
5.362092
4.377198
2.595944
6.564137
3.440190
3.138596
-0.396541
0.749902
2.537313
-3.031925
6.471550
-3.210517
3.039306
4.219142
3.354588
-6.843082
-6.365999
-0.834825
-4.416977
-11.931545
-4.532406
4.272980
2.837869
-8.336910
2.454289
3.563722
0.956564
2.856915
-3.117994
-1.811377
0.651083
-0.332219
-3.197245
-9.756252
2.714465
-6.416107
-7.983423
2.351306
1.880942
0.890241
0.401109
-2.423044
-2.011072
4.717932
0.181538
-0.291121
1.367659
2.588894
-2.736435
3.304883
-6.166256
7.140771
-3.743914
-4.952262
0.885967
5.774576
6.371572
1.313553
6.916986
1.811178
3.276317
5.692482
-4.973220
-1.538261
4.176433
-1.045189
1.075761
6.451065
2.805369
1.729856
-2.143378
-3.203839
-5.908868
-4.605234
-1.628268
-3.950671
2.916889
-3.322666
-2.431813
1.311158
-2.713669
0.663701
5.118232
2.618003
8.076730
7.262560
2.796228
0.661809
-5.764015
4.457264
-0.121455
-0.723963
3.110645
0.959129
-2.924300
3.734607
-4.818666
4.500391
4.314380
4.134048
1.923589
-5.664094
-5.210268
1.249849
3.401204
-7.359650
2.231893
-1.476804
3.261774
-5.170879
-5.714267
-2.784329
-0.785443
-3.503646
3.542127
3.516353
-3.048834
3.691859
5.707130
1.366855
-4.170258
2.329178
5.586530
1.606579
-5.271479
2.125797
-6.740909
4.602927
-6.255612
2.557221
0.246752
2.609507
-2.473231
-2.470148
-5.140393
-0.515536
0.136048
1.034313
1.952197
-2.427989
-1.586947
0.879267
5.672326
2.120495
4.342214
3.212803
4.603310
-4.832648
-5.032805
0.715933
4.204466
-0.068704
-0.563472
-2.150246
0.640600
-2.146033
-4.963324
5.233531
-1.629523
-1.331313
-0.867803
-1.021787
3.932121
0.617904
2.232867
-1.780002
-6.747921
-2.658304
1.926355
-1.321412
-2.449200
3.669029
0.776966
-2.869644
-0.930791
-3.901704
-3.063110
-6.032062
4.015945
-4.336707
-3.701470
2.822155
0.224951
0.585863
-7.176954
-2.006488
-2.828624
-0.497089
0.774514
2.813223
-1.850947
1.549731
-6.601238
-7.306293
0.011273
0.084570
-2.222785
-2.840228
1.827480
1.627836
-4.289723
-1.493152
-3.796187
1.996258
3.117248
4.468852
-0.181879
-5.091550
-10.205938
7.835076
-1.222331
-3.141124
2.413265
-8.171904
-4.499816
1.342134
-2.064572
-6.211715
-2.804318
2.472444
-1.089967
-4.406780
-0.389223
3.164815
5.683095
-0.198830
2.047654
0.686544
-3.466044
-4.501021
5.544952
-4.047621
6.480934
-6.471666
5.011937
1.849012
5.518968
-1.524798
2.085696
-1.720289
-0.647421
-0.434073
-2.032643
3.969575
1.483112
3.970098
5.193373
-4.123976
-1.362806
5.477119
5.248036
3.049877
-4.062129
-0.368068
-5.332479
-4.093141
7.103467
0.863899
2.004698
-5.057110
0.893138
-2.819266
2.093627
5.625326
-0.004776
6.357435
-3.541580
-0.919075
5.173224
7.554031
-0.525697
1.426126
-2.899927
4.213175
7.133018
6.148298
5.876109
-4.031208
6.129017
-2.801717
1.485807
-0.940560
2.164710
-3.408849
1.535095
1.058016
3.528508
5.890255
-0.615483
8.249843
2.132986
-0.984178
8.131021
2.575579
4.862149
-1.477122
9.231341
5.019217
-3.778552
4.052103
5.117376
-0.067290
0.119908
-1.092946
-0.055825
-0.558391
-2.295154
2.171612
-3.985370
0.116602
5.318703
-5.735456
1.751113
0.928162
-3.306579
3.306234
3.981905
-0.226152
3.698784
2.685661
2.743850
-4.026607
3.378597
-4.368689
3.614782
3.986622
2.216825
2.390254
0.562297
-1.053956
4.684721
-2.550110
-2.710771
3.856769
3.125932
-3.721212
4.777659
8.427414
5.297548
-1.067983
3.138480
2.973686
2.360680
-2.121323
-2.934085
-0.743319
-4.354408
3.947548
-2.977604
2.720105
-0.774376
-0.861341
-7.249215
-3.227997
2.854599
-4.621578
-5.413118
-1.712730
-1.415011
-0.949640
3.683259
-0.911164
0.934886
-3.111530
-3.401271
-1.598856
4.763880
-3.125754
3.403953
-1.350741
1.182675
8.422991
2.575280
-2.484449
1.546615
2.055216
1.339591
4.861094
-4.274785
-0.025806
0.454051
-0.578074
0.462182
-0.721154
6.647485
-1.127546
2.907069
3.499140
-5.319685
3.860000
1.554141
-1.155920
-2.193436
3.707963
3.426106
3.634032
-5.370507
0.912679
3.375397
3.957289
-0.058935
2.098356
0.136988
-0.318306
1.965473
3.016397
4.092846
0.429386
3.181814
-5.392649
0.824913
0.607026
4.449876
-1.349705
4.471221
-5.759720
2.822434
5.272567
-3.562988
-3.922394
5.142394
-1.148198
-8.710619
-4.725079
-1.853944
-4.939908
-9.249557
-2.532482
4.137014
5.771722
3.827064
9.740971
-2.083303
-8.108313
6.698267
3.972172
-0.225328
-0.174966
1.720816
-4.589503
-6.717866
2.224607
1.912362
1.089532
-2.487692
7.335073
-2.548916
3.476967
-7.692813
-1.916619
0.184089
-2.213712
5.013001
0.773655
4.589649
1.414835
5.510785
-2.310172
-3.291933
2.735744
1.304312
-1.235051
-0.145228
-3.397131
3.841120
-0.889729
-1.095389
5.592947
0.019091
-5.317963
-0.113105
-2.597321
4.096247
-2.308943
5.524192
2.974316
0.966424
3.290443
-3.381762
-5.858544
6.477792
2.020184
-1.284672
-6.558318
-0.815787
3.842575
1.247296
5.330605
4.482594
-6.096506
4.853918
-3.575749
-1.617944
-0.277528
6.488174
1.898624
4.235895
-1.243349
2.659179
5.428369
-3.428278
-0.818226
1.165539
-0.136539
3.591579
-0.764523
-0.708610
-1.198003
4.641029
-4.210675
3.395499
-3.484216
-1.964267
1.333934
-2.776983
3.688171
-0.962561
2.006128
3.952513
-2.647823
2.309546
2.775231
2.947033
-5.077075
-5.770554
4.050151
-2.214152
5.536599
1.886222
3.238257
3.918600
-2.687459
0.956387
-0.677402
2.738789
6.818990
4.648479
0.742155
1.378787
1.081416
-1.414605
-6.369029
-1.024095
-3.949239
2.337807
4.207367
3.022048
1.902793
5.311056
2.761039
-1.432825
-3.016934
4.236824
3.066372
-0.926379
3.060382
-2.836371
3.936409
0.276948
4.159450
2.055417
3.087734
3.978796
3.330909
2.010430
-0.384747
-3.880720
4.146574
3.425578
-0.010086
0.989975
5.928729
4.595944
-1.513737
-1.594229
4.329606
-2.397251
3.653771
-2.681843
-2.661394
-1.189503
0.462512
-1.217505
3.445089
-1.063998
-5.019100
4.509870
-4.387935
-0.309467
-1.277878
-3.969024
11.164088
9.533567
0.303218
4.507637
3.640076
-0.386531
-5.799427
0.768839
0.905902
1.509223
1.254139
3.212363
2.416585
4.826666
2.524245
-3.826600
3.583584
-8.994527
-5.024965
-2.121281
-7.136089
4.991821
2.894654
-5.505455
0.712360
-1.096103
-3.016978
-0.680719
-2.610923
0.205554
-0.933673
3.691069
2.718373
-4.984931
2.360267
-4.149084
7.969572
-2.216631
1.073371
-7.875843
0.093823
-6.729501
0.907664
-0.688786
-4.667353
-5.493652
3.327373
1.906953
4.444112
3.684596
6.201700
-2.149679
-0.051088
2.600216
-6.594905
5.892905
-4.284697
-3.347636
-3.564651
-0.853690
-5.491529
-2.219836
4.601420
0.863231
0.641920
5.868693
0.160023
-5.505887
3.482618
-3.439308
2.127671
0.190416
-6.143587
-2.696910
-5.413629
1.052268
2.789167
0.183629
-1.983509
-1.382419
-5.016647
-0.371127
-3.020430
2.816603
0.392179
-3.617835
-3.066593
-5.634706
-3.902300
1.091771
-3.642924
-4.897545
-6.376439
4.075000
-1.782442
1.155689
7.756546
-3.078259
-2.659628
0.659248
-1.385020
-0.734792
-6.999393
1.037832
-2.885296
-1.623053
-1.916229
2.326032
-6.121999
-0.552463
-4.473179
-3.971369
3.953631
-2.139217
-3.840635
-1.550073
-0.266665
-2.252238
1.910171
-1.577766
-1.623327
-0.282818
-0.199807
0.855303
-8.153919
-3.308304
-0.022802
-4.477087
-12.393496
2.816482
-1.473619
1.077422
-0.126118
4.837484
8.010964
-4.562384
-1.834616
-1.837522
-4.971142
-1.507837
-0.783652
1.644879
-0.478798
-3.651644
-5.109851
-7.219596
-1.790464
-2.236718
-7.798194
-2.967903
1.357511
-2.315417
-2.173624
1.015589
-0.262906
4.813928
2.817355
-5.163777
3.581309
5.127511
-0.451549
-0.665899
1.625191
0.393524
-12.584857
2.094492
5.775511
-0.482263
1.289877
4.473482
-1.210034
-9.788453
-0.487794
0.139832
-6.267303
-4.300986
2.193557
-8.376461
1.551299
1.491475
-4.070685
0.998674
-6.053730
4.532370
3.060818
3.291802
3.503903
0.366499
0.067898
-2.942463
-2.777890
7.722958
1.585244
-0.492279
-3.271160
3.624359
-5.245510
-3.252635
-1.331972
2.643349
-2.996030
-0.328673
-1.298202
-1.885772
3.711556
-5.618275
-0.493001
4.358947
-7.677883
1.704636
-6.743877
-1.647795
-4.222067
2.371899
-3.889785
-5.075356
1.051900
0.693752
-3.977041
-1.452114
-4.751745
-3.351051
6.971177
-2.435549
-6.470494
-1.072678
3.248560
-1.002921
3.875192
3.000351
-1.415303
-2.281489
-4.227501
3.010441
-3.347210
-3.608538
-6.227147
3.246755
-3.807329
-6.238978
5.336580
-6.374897
-6.205686
4.322394
-3.041845
-2.421755
-3.922242
3.604506
-5.030862
4.604675
0.758703
6.396396
-5.597035
-3.265174
1.770276
-1.544860
-9.444052
1.143391
-7.356786
5.700480
2.053903
4.322529
0.503789
-4.764259
-6.124783
5.819885
3.196306
0.512888
-1.741961
-0.409912
-3.022952
0.348280
4.806090
-7.109758
2.040679
-0.428317
-0.077458
5.427198
-1.131456
-2.451364
-0.967101
-2.465250
-0.156318
3.830921
-5.063741
-3.462270
-4.882086
-0.796164
3.531798
1.842747
3.727582
3.445674
2.586308
1.768008
5.628240
-0.924473
-2.553428
5.840158
4.614351
-8.534290
-2.660927
2.127656
3.524685
-3.618174
-4.652234
-3.431965
3.993520
6.469286
-5.157518
-1.086720
-4.795880
2.301503
0.296538
1.611888
4.870392
0.334019
-0.708495
0.664688
3.050164
-6.658618
-5.070709
4.802897
0.701713
7.463169
5.738289
2.377005
3.609900
4.530058
-4.368469
-1.675647
-5.441713
4.178872
-2.037500
0.369503
5.260571
4.435851
-4.758487
-3.221938
7.007995
6.470128
2.975973
-3.607965
4.153603
-6.613178
-4.090141
4.626878
4.453598
-1.898270
5.270832
3.532751
0.217328
-3.164333
-1.434510
4.125798
-1.276252
-3.226352
5.615692
-5.256191
3.920264
1.676433
-6.981658
3.013812
-3.920969
3.192920
1.607831
3.723617
9.435152
-0.150503
-2.662184
5.497694
3.103793
0.002989
-1.060972
-2.494184
-0.554611
5.544222
0.026242
-1.406329
-3.629340
1.829539
1.397951
5.594742
-3.113913
-2.258919
1.896053
7.467330
3.561363
2.194666
2.073656
-4.451099
2.229057
-5.630456
-6.509823
-2.039126
2.220498
-2.617179
4.337654
5.556332
0.886747
-5.431833
1.521524
-11.801489
1.313484
-1.100024
3.531961
2.001219
0.581955
-0.155953
4.580819
-3.500184
-4.188747
-2.125734
-0.105162
-0.768264
-6.023359
-5.198292
-0.020572
4.629755
-3.542708
-1.753242
-0.119401
5.271642
-4.168200
-1.035892
2.272503
-5.601777
2.611458
-2.597489
1.721081
-1.815143
-2.477368
0.284869
5.772942
-4.255512
0.146970
-0.581291
0.880601
1.841987
6.396335
1.416082
-4.216580
-2.154652
1.132098
3.183928
-3.511685
0.860572
1.750762
-1.446841
-3.513461
0.365143
-5.046154
1.404728
-7.943428
-0.238429
-1.608188
-1.759402
1.700375
2.310561
4.960897
1.943532
0.783959
3.895742
-6.141330
-6.293817
6.084397
-4.767568
-9.036086
-3.027617
1.824093
-3.034944
-1.430699
3.581011
-0.454053
-0.072638
2.558667
-2.519664
-0.752545
-2.964726
3.105492
-1.733872
-4.533986
-3.219819
-4.998291
2.025389
-1.157868
-4.353639
-2.874641
0.544942
1.932055
9.537953
-4.582836
-0.574738
-3.662293
-3.799212
-2.266169
3.505494
1.445590
2.340536
-2.408647
-1.674447
0.339465
-2.941994
-3.822772
-4.790440
-5.951269
-4.329261
3.744904
-3.705163
4.387235
-0.756263
-2.064969
-3.383348
3.772032
7.300027
-3.727398
-2.466490
1.759620
4.559999
8.012742
6.047063
0.171174
2.356795
-3.531977
-2.156678
-2.852741
3.075316
-5.216432
7.330658
-3.258294
-6.863871
4.237306
-3.612550
-2.800902
-1.975166
-2.758449
1.059521
1.256556
-1.579292
5.805855
-4.302752
-2.681178
-3.012664
1.706732
-6.462626
-0.323965
1.617884
-4.925271
-2.396226
0.949613
-0.253654
-2.765067
4.646975
3.365284
-0.364755
-6.808679
-1.557980
-2.102531
4.072683
-1.626613
5.398165
0.607458
-5.219747
-4.806289
-8.776007
6.758632
-5.890741
-6.452643
-4.611413
-3.020101
1.858980
-1.117905
-1.105926
-5.118634
1.140174
-2.371465
6.808239
5.654864
-1.677163
-5.041264
3.726550
-7.226588
-0.863412
0.509663
-0.872438
4.457273
3.973298
4.749706
-1.102260
-1.307138
-3.971627
-3.487628
-0.100085
4.423985
0.553162
-3.167024
1.373954
3.410484
-5.336901
-0.679519
5.673627
-4.019150
-3.337962
-1.560765
-5.729072
-1.885678
-0.893601
2.363661
1.437985
0.796600
-0.059626
0.976311
-5.056129
-7.345769
-1.911914
-5.657743
-1.143010
-5.822620
-2.863757
-5.752769
-1.901229
3.442379
-2.183620
8.822275
-3.456680
1.761017
7.023214
1.670388
-7.261648
-2.824294
1.229338
-3.213054
-1.751345
2.449742
3.991324
3.947657
-1.094318
-0.874621
-2.207019
-3.689664
2.534963
-0.692076
-3.272460
3.925870
-6.009055
-1.006865
3.886591
-4.871327
-1.231484
0.984245
-5.541833
-6.643896
-1.204388
-6.456325
-2.937612
-5.219476
3.778107
-4.528814
8.904812
-1.239902
2.443080
3.778147
0.237987
1.288966
-5.216837
0.653107
-0.035611
-4.856344
3.522454
3.922934
-3.382620
2.257501
-3.555460
0.574966
-5.902354
-4.855007
-0.876138
4.908984
0.264940
2.125221
4.765125
-0.495987
0.046843
2.909839
1.254378
5.761902
-2.180847
3.303089
-3.270237
1.705541
-2.338660
4.344084
1.060427
-3.420554
0.763629
2.279432
1.965796
-0.096076
-4.070069
5.031112
-2.373991
-4.056785
3.630695
3.579787
-1.348188
-4.471017
-1.901548
-0.012211
0.615870
-1.273418
1.252469
2.616644
-3.293387
7.777140
-1.784419
-2.862019
-3.775822
-4.149594
-6.203126
5.693228
5.345188
-1.614134
-5.912681
9.261939
7.489054
-2.692643
7.785286
2.803077
-3.807705
0.185367
-0.550095
5.164599
-7.076591
3.178291
5.102844
0.740836
1.129124
8.307293
5.245674
-2.012083
-2.427920
3.349147
-7.499816
-5.359626
3.871145
-0.955322
-6.157888
0.323975
-3.618540
-3.173597
3.475880
6.697109
2.191869
5.111371
-2.258904
3.006368
8.117991
3.698776
1.717143
-6.399671
-4.168693
-1.163194
5.390474
-6.393513
-2.208804
3.358063
0.944639
4.726568
2.391584
5.571375
-4.251301
5.483155
4.540068
4.728312
2.980375
-0.822255
-6.990373
1.899455
-0.415842
2.921240
5.404094
1.716981
-3.435608
2.323625
-4.221748
-7.903324
-5.870247
4.484863
-4.254200
-9.628275
2.973111
-1.021871
-3.096977
-3.364862
8.066463
0.925099
-1.379822
1.116851
2.632495
-0.613741
2.550009
6.788847
3.888337
4.311648
1.479448
-1.145808
6.741059
-0.337004
-1.977492
-2.643306
-5.325676
6.063133
-8.835720
-0.556493
3.607674
-2.823033
1.570632
0.700096
5.256035
-4.581521
-5.239893
4.847323
6.865823
-0.867827
-0.770224
-7.040355
0.674020
-0.696391
-1.791357
6.125071
0.932185
-6.264672
-3.733603
5.518330
-1.222522
0.642109
-6.797879
0.846745
-0.061140
-0.659331
-8.046267
-2.021070
-5.157803
-6.319445
-1.889352
1.656252
2.636536
-6.433928
-3.550444
-0.023394
-2.689215
-10.211599
7.036023
1.451465
0.762254
0.012898
-6.110778
3.622632
4.757033
2.744790
-6.401935
5.952176
-6.359610
-9.133451
-4.401379
-6.457701
0.351550
0.856957
-0.540847
5.537142
-3.734074
2.537436
7.031146
0.623430
-7.287336
0.532707
3.883491
7.082834
-0.443473
-1.500759
5.428083
-7.675055
1.716645
6.173869
-2.850930
-1.931014
-4.600803
0.019765
-5.326647
1.261694
-6.485165
-3.258039
-4.221840
-5.611222
0.498491
-4.983263
-1.872190
2.122059
-4.959543
8.503314
-3.525003
-3.463656
-1.837366
-3.216421
2.996965
-4.228798
-0.370484
-3.026297
-0.926836
-2.561173
-2.223745
1.475716
2.418318
2.514364
0.460780
-2.462922
-1.035098
2.725824
-4.001644
-6.143317
-3.098763
1.216197
0.675463
3.868955
-3.634690
-0.111594
3.967855
-3.495437
0.081848
0.202821
2.629513
2.501245
-2.473986
-6.145086
3.149348
5.264839
-5.836480
-4.389062
4.124398
-5.562992
-8.503138
-0.794903
1.846076
-1.089246
4.581944
-4.773115
-0.065246
2.584251
-2.786791
-1.680140
1.906924
-4.083082
-3.298133
4.115900
0.180915
0.731682
1.492304
-3.382067
5.279119
6.886319
-5.119664
3.141723
0.677666
6.611513
1.679883
6.632341
0.765462
-0.920128
1.479378
9.092085
3.281261
3.412961
-0.855835
3.094944
4.370781
-4.348064
3.893362
-4.691393
-7.216835
1.295689
1.043237
-6.237603
6.425582
-3.799548
4.452441
-4.381289
3.499984
-3.318786
-3.898164
-5.555324
-2.318825
6.107210
2.479896
-6.447783
-1.588900
0.629095
-3.396204
-2.741558
5.368948
-3.360010
-6.782786
-3.033270
2.915673
-6.104714
3.504523
-5.762917
-3.215984
-4.023662
2.460931
4.159699
4.132222
0.495258
4.422101
-0.021921
-1.852746
2.567455
-2.581981
-1.618045
3.962168
-1.659497
1.844061
8.709153
-1.171123
3.795213
0.567427
9.068295
-4.445511
7.288374
2.554999
1.363634
0.757148
-4.849124
2.338021
3.969040
0.616269
1.434013
-4.960428
-0.002947
3.552420
1.464992
-3.796151
-4.790311
4.171981
1.905377
0.240293
6.005569
5.260371
0.915977
4.797872
1.308153
-5.237101
-3.712278
0.025603
2.356531
2.820866
-0.037369
2.734464
-4.252830
-6.580482
3.818908
4.084204
-2.203616
-0.134037
6.184061
8.607563
-4.917820
3.169506
3.660864
-2.403440
2.921704
0.366583
-4.567899
1.324042
4.704265
-0.101179
6.153610
0.441051
-1.814768
5.075496
-1.600293
-6.816104
-3.200744
4.340303
-2.065217
-3.898074
-4.383879
3.347295
4.607263
-2.431059
2.103241
-0.426179
3.555175
5.393362
-3.916728
3.152660
1.957669
-0.820939
10.997737
2.115079
-2.163111
0.657429
-0.791639
0.732689
-1.312885
-0.120175
-1.961501
0.545168
7.396429
-1.681098
3.940592
2.553154
3.664258
6.065247
-2.660143
-2.401455
-1.815154
-3.533336
-5.920778
-0.808633
-3.194664
-1.148708
1.254668
-1.486083
0.235384
1.429328
0.951438
-4.281533
0.986855
0.737501
-3.225095
-1.167909
-4.199265
-0.560406
5.914404
-1.161748
6.520419
-4.700078
5.906362
-4.953806
-6.476291
3.929811
-3.626873
1.067952
-4.201079
5.556899
1.410121
-0.417569
-1.661027
-1.462488
3.683448
1.101860
2.273577
2.256770
-2.858724
3.710797
3.387553
6.823969
-2.565802
4.130316
-2.544857
-7.122599
3.351473
6.760412
-3.455284
5.229042
3.528591
-1.324303
-1.305372
-1.979664
-3.069830
5.305933
1.316256
-2.851369
-0.336642
5.543612
-3.485399
2.927910
-4.025262
5.131970
-8.078350
7.419846
4.519997
-0.078097
6.152897
5.149443
-0.207722
0.382029
-2.558236
-4.513010
-3.570808
4.893145
0.431250
8.148182
-0.937836
-0.191570
-4.003865
-9.536966
0.481039
-4.704156
1.509400
-7.110717
-3.573596
-4.383596
-2.354161
-5.372908
4.858202
6.950557
-3.202968
-0.981968
2.931139
2.648202
2.651760
-3.402246
-4.557960
-5.918284
0.469683
-0.598987
-1.853836
3.081299
3.057593
-1.692782
6.512837
0.399850
1.479229
0.493396
3.877866
1.571034
-0.374504
1.656930
-2.836738
-0.413650
-3.089253
0.275805
-0.561650
-1.408855
10.008320
-0.920449
5.640133
-1.710811
3.274338
-7.688826
-0.352575
4.669501
0.566321
3.743059
4.074558
4.566118
-0.212366
-0.481991
1.599379
-5.914309
-4.834019
4.506691
6.071787
-2.613327
-0.690425
-3.352233
-4.339066
3.944789
1.110143
0.304914
-3.371418
0.521811
4.716090
-2.235683
-6.282250
-4.342201
-1.576589
-2.300826
-3.220936
0.053812
-0.925523
1.304132
1.599181
-3.981560
1.572430
-1.514784
2.012679
-0.406792
1.567907
-5.468826
1.946053
-4.606106
-4.223324
-0.594298
0.806446
-5.712488
-1.409532
1.206735
1.791061
3.124121
-0.613937
-0.230353
0.751511
1.247501
3.106078
0.103944
0.479418
-0.726860
-2.980794
2.371553
2.333067
2.656941
1.634613
-0.139737
-2.540081
0.513256
0.981739
6.949643
0.496962
-1.077301
-4.500684
-5.711539
-4.386082
-5.689974
-4.350772
-1.545793
-5.287704
1.884218
0.013360
5.287891
-4.433650
4.910318
-6.055446
2.636933
2.850287
2.376079
-3.524119
5.939356
0.276918
3.319463
4.023498
-3.518198
-1.332600
-2.191143
-1.464636
-1.296777
3.769594
-4.252655
3.384553
-0.138009
2.481233
1.422237
0.067913
-3.330470
0.255103
4.871109
-3.595595
4.039038
5.015741
-1.736073
0.526288
4.122442
0.584215
-0.698148
-1.661715
2.168128
-2.642258
1.910541
3.741274
1.941736
2.594812
-3.583089
-6.795329
-2.893163
4.110652
2.289129
3.691523
-7.347823
-3.093888
-0.317360
5.751276
1.923369
-2.072602
5.564685
-6.860369
3.376094
-2.623037
1.966785
6.359218
4.957304
-5.071392
2.866852
-1.674557
-4.491627
-2.625675
-5.987555
-5.192069
-0.746093
-2.082007
0.637696
2.699199
-4.723912
-5.417129
-2.214063
-4.035776
-6.886905
0.718122
1.445638
1.235056
0.451121
2.717366
-0.201965
-1.441064
-1.906228
9.221767
-5.150698
0.636823
1.069838
-5.134457
-4.917490
-2.873888
-4.577139
-0.657698
-2.711286
-2.418500
-0.490987
-6.178696
-0.100970
1.726220
2.289244
-2.425907
-4.714923
2.733168
-5.537662
-2.143187
0.444555
3.479729
-4.696627
8.344303
-5.039739
6.245949
-1.398057
-5.214230
0.484980
-4.882627
-2.166911
7.166665
2.214891
1.779677
1.039555
2.338768
1.503523
2.720211
5.405238
-0.014277
4.265782
-4.468977
-0.932063
-4.855182
-6.571262
3.950946
-3.496855
1.591084
-2.578214
0.569322
2.640968
4.271307
-6.775787
-3.631727
1.475677
-4.585867
-0.659331
3.043336
1.616027
-4.623242
-4.531915
0.987643
-3.248136
6.326610
-4.960791
1.466021
-1.069654
0.895100
-1.968840
4.248279
-1.714367
4.519159
6.900903
3.573122
3.279321
-7.216349
-0.339397
2.682720
-2.559132
-6.240621
0.570727
-1.953201
-3.112370
-4.735498
1.923271
-5.727097
3.503670
-3.022183
2.845317
-2.852533
-7.237811
4.108180
0.092325
-1.377815
4.543783
3.352146
-6.011218
2.596829
0.002938
-3.001110
4.304285
-2.219415
-0.417867
-5.440020
3.395413
4.192881
-4.113416
-4.419469
1.663441
-0.796164
-1.756918
-4.184189
4.625543
0.611507
1.026186
-7.319460
2.307125
-2.164330
-5.090364
-2.501319
-5.558383
2.572884
2.890947
-1.845111
1.192288
1.684988
-2.853373
2.448981
-3.134574
0.830157
3.556500
-1.637267
-0.992046
1.229807
-1.882289
-2.307624
-1.762615
0.840267
0.431679
-2.661663
3.167303
-3.133674
1.744897
-5.519058
0.758879
4.022376
-1.527717
-5.343534
-1.399523
-0.686554
0.748739
0.395877
4.929511
-3.339332
2.580471
-0.232737
7.473208
-6.764263
-3.110960
3.685476
7.009486
-2.371935
4.192487
-5.052689
5.933152
1.467151
0.798625
-8.117313
2.628531
2.169924
-3.007345
4.878500
1.356831
-4.295381
4.713868
-4.040362
5.050197
0.743427
0.467056
7.519069
1.112431
3.366788
4.523968
1.208539
2.687499
-2.889782
-6.405121
-6.177654
-1.522854
-2.067977
-2.080299
6.808727
-3.098544
-0.415693
-5.052933
8.705562
-6.209999
2.822587
-3.049519
-7.001069
7.904225
-2.803177
-0.105696
-7.477016
-5.051864
3.619265
-0.279761
-0.625539
-3.883606
-2.083731
-1.731608
4.780510
-1.867054
5.436934
3.201726
4.154818
0.443402
3.955598
-4.647533
3.238122
7.041270
0.115750
-4.005584
-1.220722
-5.983192
-1.461439
1.241246
-4.549479
4.725104
-1.636447
-0.034160
2.571263
3.261208
4.185356
1.511354
-7.008307
3.116406
-0.580568
0.695239
-2.531314
-3.556324
-1.996001
4.085215
-5.584202
4.081325
1.218272
-4.179036
-1.523869
-3.364649
2.358818
3.277454
-3.889618
-4.364793
-1.483099
-5.603966
-0.630745
-1.164390
-1.956671
3.359810
1.207417
-0.119307
1.415340
0.869326
-5.369353
2.451650
-4.790251
3.320888
-4.390031
1.466689
1.616086
1.105059
1.831331
2.066533
-5.417935
-5.437641
-1.353423
9.171176
3.712974
-3.652576
-5.246057
-4.128217
-5.937494
-3.381152
-0.385966
-1.434862
1.424950
-1.507982
3.383089
-2.228991
-4.354700
5.557010
-1.580781
-0.730418
-3.864019
3.985174
9.176452
-3.673395
3.474051
1.322679
1.903777
-0.632950
5.352949
-11.134242
3.217464
-6.623112
-3.319808
3.025379
-4.920357
-6.400180
-1.717144
6.088496
-2.114031
-3.922375
-3.626947
-3.516783
2.262406
3.283319
1.131984
-4.571029
0.387202
-3.928838
4.360595
-4.469984
1.626492
-4.476583
-1.064314
0.022235
7.290775
5.447855
3.157957
3.871795
4.248499
2.398884
-0.487305
3.952383
-2.550305
-4.514639
-5.135262
0.923695
2.980810
-1.964993
-2.435583
1.572648
0.038294
1.060243
-1.514603
-3.259355
1.903928
-1.204461
1.972124
2.591489
6.160734
3.292613
-0.433174
-2.407935
4.454741
5.670990
-6.205255
7.469848
-1.985849
3.392113
3.150199
3.133796
-7.555307
-6.128158
3.100551
-3.109173
-3.784206
0.476154
-6.691859
0.799619
3.569380
0.969063
2.630393
9.025862
0.411888
-3.988773
-1.085132
0.341043
4.078565
-1.702625
-2.510887
2.172417
1.413155
-2.450641
0.482408
-3.216056
3.098172
-7.138220
-4.692184
1.602357
-0.956135
-0.613549
-1.374178
0.090947
3.275488
3.346616
3.682982
-1.150544
2.562817
6.034200
2.674412
-3.025484
2.310575
-0.833526
-2.644368
3.136045
1.549274
0.933861
-5.199129
2.873312
-2.962305
-7.050689
2.467933
4.636310
-6.083747
-3.730376
1.820550
-1.182125
-3.655059
-1.619551
-1.014781
-5.749168
-1.850274
4.339097
-3.364640
6.493508
-6.361949
3.175655
2.452393
4.220482
2.659396
-3.458454
-3.627557
1.109863
-0.531819
-3.860981
1.103779
-6.154074
-2.801823
-4.981855
6.961198
4.205060
-3.339398
2.297210
-1.301853
-3.663601
0.991239
6.167935
3.653712
0.122676
5.641459
0.110389
-1.940234
8.533388
1.554097
-4.297950
2.433481
0.851441
0.477737
1.479415
-5.887476
3.773513
1.624249
2.345500
2.441935
0.416090
5.815460
-1.452464
-1.356687
0.180251
0.268956
3.649866
-3.295996
-4.301711
-0.022336
1.283280
-1.981780
1.479941
5.128807
0.853180
4.884547
-1.037771
-2.801867
-2.271297
0.243874
0.968040
1.288607
-8.508105
-2.406628
-6.719270
4.685678
-3.060692
-2.053356
-1.391174
-3.954157
-1.210496
4.230830
3.423733
-3.754088
6.541417
-4.623003
-8.055532
-0.967020
-0.224492
1.299709
-2.823712
3.040300
-1.501902
-3.127218
-2.132147
-3.946315
-4.457116
4.159451
-2.031343
-4.850963
-6.303854
0.470068
1.756389
0.587593
3.937814
1.347232
-6.936108
-5.106159
5.194424
-2.173396
4.827944
1.854486
4.100343
3.749513
-1.969849
-0.700167
4.334033
5.365767
-0.450989
-0.625708
8.254161
-4.613431
-0.508770
2.676633
-3.678589
-5.052573
-2.482248
4.832480
1.160656
-8.766544
-4.445961
2.187352
-0.801461
1.305070
3.129999
1.213807
3.193575
-4.107707
-5.159265
-1.481184
0.644093
8.624072
2.882415
-3.289442
-2.001711
0.189805
0.986816
-0.438158
5.599019
-6.324231
-1.980749
-3.385996
3.979235
5.824650
-4.231723
0.337739
-3.622538
-3.590020
-0.505372
4.303148
-8.071885
1.020759
0.459375
2.547410
-6.453766
0.030580
3.426886
-1.917974
6.033674
-2.850678
-0.588053
-5.358875
-5.950931
-1.392181
0.518283
-4.662073
-5.755560
-0.706056
-1.709516
0.604641
-1.899009
8.223978
-2.549542
-0.909029
-7.274937
4.089128
1.380121
2.985646
6.110146
0.845492
-1.016612
-1.768852
0.230029
1.127299
1.886740
-1.590518
4.512639
5.886550
1.214593
-2.053580
-1.386765
4.590409
-3.003448
-9.481976
3.675828
2.532892
-0.066759
2.410666
1.869678
-1.113838
3.464142
0.760976
-4.098872
3.389106
-9.160467
0.676952
-5.561771
5.637327
0.849793
-2.672981
-3.769346
5.191047
-1.511008
1.764214
-2.241584
2.746930
-1.223795
0.030317
7.357215
2.808491
-1.653674
0.836400
-0.601689
1.990260
2.926682
-4.028072
-6.968847
5.900699
-0.842191
-4.004157
-4.899179
-0.760434
-0.968895
5.022988
-4.805480
-4.230023
-7.487972
-1.079993
2.698575
-6.149400
-4.935043
-0.407774
-3.932345
-10.064388
2.037632
1.570477
-5.945485
5.873695
-5.037372
-3.076386
-0.504231
-3.830632
-6.494924
-0.343422
-5.272661
-0.221062
8.148899
1.845469
4.357139
-7.726869
-13.756494
-5.336509
3.411204
-0.475205
0.051125
0.009982
-0.125262
3.102343
-4.530077
2.885130
-4.603422
-8.252933
-4.474135
-3.512392
-4.043591
-2.417974
3.078683
-4.315953
-2.299070
-3.929481
3.925961
0.283737
2.386013
3.724034
-4.811075
-4.969361
-0.593335
-2.891291
-5.968772
-4.518314
-3.759607
-1.130929
0.949157
2.698985
0.832594
-6.439344
-2.523836
4.211013
-3.700379
3.554562
0.297774
-3.042649
2.082527
-2.396834
1.554000
1.795235
1.562002
1.634877
-2.476995
1.834723
4.471992
-4.802478
4.070099
7.399045
-4.338048
-4.522016
1.143945
7.214279
0.656520
-2.824300
-0.407819
-5.625869
-2.400048
0.178207
-2.306458
-0.576217
3.851233
-3.826392
-4.270208
-3.044253
-0.848265
-3.688788
-6.118184
5.310020
1.257757
-2.521849
0.115698
-0.864765
-0.675142
-1.550070
-1.709816
5.904003
-1.373566
1.827882
2.534111
-0.710891
2.048291
-1.311623
-2.059276
4.673311
3.027197
7.491560
0.649371
-6.324386
-2.650817
-4.908767
-5.482119
-0.010624
2.703088
3.036095
3.388900
-2.411454
-4.425709
-2.463690
4.108288
-4.229142
-5.862223
-5.401875
-0.459110
1.149176
3.446969
3.132185
-6.149292
-6.027942
-1.855425
-2.724168
3.265389
2.269170
1.961058
1.093524
2.659003
1.231402
4.383834
1.540223
-4.240465
-5.797709
3.369861
1.586343
4.213319
3.475845
1.061545
-1.543317
-2.475292
-5.007141
-3.590614
4.276709
-6.902501
6.993274
2.206529
-3.009869
6.255290
2.770499
-2.381395
1.513388
-0.695657
1.492758
0.279598
-0.248463
-2.108074
-7.900712
1.868998
-2.121656
4.297348
8.487400
4.032838
2.301725
2.356333
0.960626
-2.465093
-6.952089
1.782712
0.713014
5.421503
1.531430
-0.381237
-4.141752
1.831003
-0.863925
4.156564
-2.005035
4.890055
-2.954635
0.721924
2.727005
4.477500
0.957635
-1.705916
5.220122
5.544594
-2.896184
-1.717600
6.159582
-4.516825
0.713932
-6.774415
2.215851
-7.325243
-4.236412
2.923055
6.533454
3.026929
2.128271
-3.291085
-0.812391
-1.032835
2.653533
-0.651101
-2.544826
1.485268
4.124466
-2.538837
-3.876752
2.614610
3.590607
-3.346557
-4.089522
-2.849877
0.357548
2.497517
-5.192665
-0.224483
1.352152
1.736166
-1.676188
-3.352734
1.310465
-2.284410
-3.171553
-0.766785
-1.391598
-4.639208
2.665521
2.805811
1.152829
6.518328
3.687695
-5.902890
-2.762025
0.241437
-3.409637
-1.950659
-2.210047
1.902585
-0.654066
-1.066194
1.547657
-2.127632
-1.944091
1.978094
6.981912
-5.558918
-1.427132
0.252670
2.214099
-7.035810
6.232821
-1.287646
-7.534461
2.954377
9.177726
4.096360
3.765873
2.417159
1.301438
3.144959
-0.644487
5.309635
-0.070895
-4.082684
-0.708019
8.388609
1.893708
-7.930600
-4.144653
1.380487
9.500916
-4.055542
-2.200775
-1.598315
-0.201593
0.777625
-2.061981
-2.593096
-3.262707
5.431871
-6.029964
1.073454
2.828800
-5.301892
-4.811446
-3.376611
-1.442582
-3.670517
-1.904491
2.772027
4.634638
1.645767
-5.683554
-0.766180
1.534160
-6.017418
-5.522164
-3.414881
-2.551788
0.989288
-3.514870
-2.926870
-7.361601
-3.063511
-4.432214
3.826513
2.764534
-7.208805
3.780806
-4.697832
-3.731716
2.141066
-0.602929
1.739644
2.312633
-4.823118
-1.347575
-6.551840
-1.368737
-9.349545
-5.098752
1.459123
0.306590
5.140728
-4.841821
-2.383006
2.373918
-0.720159
6.065841
1.631058
-3.751933
6.022485
-2.936512
-0.716775
-3.981033
0.057454
2.607300
-4.839246
-3.673659
1.631430
-3.922732
2.385766
-7.346039
4.018328
-5.193687
0.952259
5.494123
4.955473
-1.256537
-5.330004
-1.175028
-2.029587
0.795086
-7.767788
0.346897
0.241985
0.241766
1.823390
2.222492
-1.413906
-0.466169
3.373527
2.789695
-2.379283
-3.146398
-1.872600
1.348771
3.176143
-1.182822
0.593888
3.410405
0.450196
-1.756426
-0.944118
-1.496015
6.136225
6.125000
4.539173
-2.110512
-7.848623
0.231530
2.952205
-5.855245
2.463373
6.206722
3.790248
-3.143814
-2.490727
4.344234
-6.294896
2.808167
4.498278
1.122171
2.684643
4.525876
-1.187672
4.565270
-3.257483
3.639983
-3.856838
-5.065967
-0.917331
1.038326
1.960289
0.133343
-3.356388
2.226016
6.664082
0.554784
-1.077640
1.393098
3.279637
-0.227050
-0.535984
-8.842155
0.447926
3.357778
-5.091617
8.028165
4.813769
-0.168681
-0.994191
4.388360
1.046657
0.780042
-0.088880
-3.910610
-6.280383
3.560443
6.123332
-5.288670
3.165928
2.847428
-5.048306
1.424435
-0.686935
2.717835
1.192673
-7.814198
-4.783204
4.663835
-4.486205
0.642585
3.865241
-0.427812
7.198964
2.069145
-1.560285
-4.316753
-6.029563
0.146120
1.684641
3.976416
4.496829
1.280101
-3.366408
-3.562243
1.142495
4.448862
1.891491
-6.072812
3.116084
-1.993479
-2.109004
4.207888
-0.500089
4.740774
5.253286
-6.295043
0.903484
5.681468
0.932804
2.377920
-4.843496
6.127023
1.576995
6.483352
2.937488
-1.643595
-2.612517
1.118379
-0.987860
2.708594
4.376926
2.877333
-1.495658
3.905973
1.336416
4.975827
-4.394028
-0.344404
-6.081449
2.937980
3.939093
-3.599641
2.333209
-5.199777
1.467365
3.394008
-4.574172
-5.728715
-4.833676
-5.092048
-3.829867
-0.481124
-3.676113
-6.113558
0.642128
-0.043509
-2.974365
-5.840621
2.563198
4.583713
-0.228489
-3.797364
3.727547
-8.404376
-3.206754
1.612891
-3.115456
0.185503
-5.205709
-3.979899
-5.556888
-1.142180
-4.284418
-0.556934
-5.189831
-3.188754
5.537392
-0.753960
1.994062
-0.806167
-1.307141
-0.326390
-0.201370
4.494843
-0.024706
-3.618539
-1.477869
-0.662521
-0.435798
-10.303307
-4.479211
5.443442
-3.147313
1.983340
0.105004
2.507732
-0.774446
1.475092
-0.021363
7.183825
1.826246
-6.462156
-2.171693
-1.978499
5.529689
-5.130029
-0.179212
-4.972312
1.814303
-1.247603
-6.908897
-5.126014
-1.231084
-1.799083
-0.875055
2.805710
-5.742824
-3.646771
-0.461708
-7.405420
-3.156716
-0.258224
-5.604471
-6.327428
1.260916
-5.813214
-5.019707
0.764731
-0.861808
-3.679148
-0.153383
3.030316
-2.020882
-1.845769
-4.000919
0.865203
-5.187306
3.337192
0.253490
-4.331947
0.110728
-0.045327
2.000587
-4.730074
1.918030
1.809453
1.407556
3.730416
-4.923985
2.803631
-6.384170
-5.981918
3.766945
5.232979
4.465491
-1.359937
0.187919
-1.702701
2.035247
-5.882964
0.317127
5.347229
-0.065993
-2.278065
3.760464
-3.389311
3.287738
1.409219
-3.991971
3.144655
-7.220558
-5.816411
-0.520784
-3.486744
2.657524
4.943270
6.496107
1.296543
2.176289
-6.539868
-6.563064
2.444624
-2.685397
-1.912560
1.386816
-0.404391
-0.446011
2.252297
0.902775
-0.860746
3.747860
1.114754
-8.831961
0.468562
-3.570311
3.585906
-6.842167
2.324833
3.925011
0.420703
-3.852180
-2.337658
-0.984499
1.406901
2.955952
-1.789442
3.906996
3.076634
0.520829
-5.784507
-0.264881
-2.192051
-3.873308
-7.063635
-3.199478
-0.207112
-2.514896
5.665499
-3.500076
4.391222
-2.154838
3.658749
-3.746092
-6.500934
1.122813
3.114152
3.568355
-1.103350
3.556515
3.187414
-2.973538
3.877449
-3.360244
-4.983481
3.160914
-3.913691
1.070218
-1.651893
-0.011105
1.533486
-7.050981
-0.577130
-4.530908
-6.094712
1.507360
-2.113959
-4.632944
-3.221864
0.895446
-0.804676
-6.718648
-2.997262
4.195210
5.913880
-2.773144
1.953266
2.803508
-4.031539
-3.458071
2.296595
-2.441582
-1.501904
2.553610
-4.031691
-0.365030
3.567015
-0.208934
-5.300235
-4.604262
-1.198566
5.166024
3.120695
-2.165143
-0.956237
4.294743
5.968071
1.187768
-2.041175
-0.569618
0.925485
-4.360004
1.530108
2.380162
2.032344
-1.248938
-1.041104
-4.163701
-7.099545
3.434773
3.770391
3.581410
0.705910
-2.413014
-4.721972
-1.687764
0.948254
-6.397869
6.818874
-5.639342
3.050510
-2.821570
3.359050
0.350417
-1.584114
1.222294
1.023873
-2.420340
3.634628
-3.377788
-4.822037
-0.655128
-0.599656
-1.431901
-1.326825
-3.824005
-3.268176
0.216061
-2.093863
-3.772474
6.653965
-0.974243
-1.128481
2.887763
1.966383
0.022852
-4.215787
-1.835007
0.631747
2.840479
5.096496
1.388870
1.992837
-6.987370
-5.898854
-1.357547
1.367927
0.530857
-1.623287
3.389963
4.461923
1.895073
0.363307
1.115766
2.700980
0.803020
3.911341
3.601867
-1.821765
3.418557
3.611913
-0.942929
5.983734
0.119316
-4.065793
-3.653350
-8.300543
-2.611369
4.707793
6.463112
2.333982
-4.487420
0.995468
3.868616
-3.191726
0.492882
-2.042344
-0.748814
3.836866
-2.033428
2.840012
-2.913853
-5.425508
-2.897921
6.709338
-3.647505
3.134154
2.566849
0.736561
-4.897202
3.181421
-6.684395
-4.438134
-3.524082
-0.921513
3.842453
-4.322822
5.595333
-2.103830
-4.432973
-4.581946
5.682925
-3.712240
5.281430
1.100285
-1.413012
4.591386
4.062303
1.551404
0.468604
3.469558
5.476412
-2.434355
4.940891
2.135201
-2.482561
6.828402
7.049606
2.218119
6.144063
4.063128
3.698721
-1.663980
2.225587
-1.625550
-0.605689
-1.363693
-0.229917
-3.450264
6.444537
2.828949
-2.813988
-4.199933
4.648785
-1.838271
6.805071
-1.768129
-6.868306
5.550298
-3.593286
-1.150195
-3.657871
4.448546
1.326392
6.265069
1.743123
-2.011312
-1.080881
-1.796713
-1.560184
5.325016
-2.367584
2.736301
-0.173574
1.737140
-1.265990
-3.699655
-3.326432
-4.048232
5.064473
0.915380
6.947457
-0.951412
-8.632092
6.218618
2.152289
2.355677
1.243706
-8.515232
-2.571838
-4.484761
3.159730
2.615452
-3.577251
-0.474272
4.888590
2.804001
-7.371433
-0.229208
1.829201
3.916531
-3.272207
3.429514
-6.525269
-8.412930
0.913478
-0.757334
-6.383568
-3.728397
-5.832448
4.991305
-3.235361
-3.328795
-3.894809
-5.231456
3.220888
1.734077
-3.470475
-0.010658
-1.131024
2.167486
-5.085876
-0.328138
0.827470
2.372942
-3.652463
-2.649076
5.922211
5.338017
-1.399479
2.435135
2.307313
1.629209
-3.479659
-5.252331
-5.434307
-0.510459
5.253796
-0.461978
4.865934
0.003363
-3.431161
3.656419
2.509667
-2.809070
5.663594
1.246343
2.431245
2.840194
-1.841197
1.786931
3.094720
-2.218054
-0.557137
6.395010
-4.595060
0.835830
-0.150538
0.479651
4.027188
-3.061074
0.671100
-3.664124
0.210065
-7.132422
5.125230
2.897960
4.547783
1.378936
0.070491
6.914999
4.473944
1.786951
-0.503209
3.354662
-1.632601
-3.521907
-4.656775
-2.110456
-5.944201
-0.194550
-4.915130
-4.693332
2.564980
-8.103252
1.394892
1.042894
-4.683997
6.048348
-0.086649
-1.056617
-3.426121
1.229487
0.042270
5.199661
2.497270
0.977116
-5.180844
1.766084
4.148436
0.383676
-4.434528
-4.194429
2.018816
-7.262326
2.982156
2.274304
5.632531
3.026756
-3.961927
-4.032929
1.040405
2.019264
2.340246
-0.923407
-3.038744
6.841392
4.080150
-1.669895
-3.836341
-0.122087
-3.685305
-1.792716
2.416905
-3.313429
3.060372
-5.132290
0.138714
-2.947313
-3.436815
2.377354
3.569379
-12.550520
-2.802888
2.940207
-4.252697
3.663759
3.729672
2.530275
-2.066951
-4.098977
-0.892813
1.360478
-1.139160
-1.076304
-6.203635
-7.791084
0.076210
-3.171649
1.876655
0.467381
-1.917537
2.605342
-4.030300
-0.165295
-0.653275
6.528351
2.594864
-5.316714
3.594954
10.569021
-4.817043
-7.868744
-1.030379
7.646845
2.930033
-4.216490
-0.113259
-1.879910
0.460313
-5.027084
0.491831
-1.950435
6.410019
-2.806245
-5.161720
6.015000
-5.099765
2.177483
1.540110
3.004553
0.343701
-2.068501
-0.192073
4.272903
-0.503307
2.063419
3.906328
-3.007219
4.684782
-3.304678
-3.407118
-4.521049
-9.813348
-4.791326
-2.016072
6.741154
-0.339593
0.547461
-7.595946
3.391892
-1.999761
-0.066817
-0.659890
3.404525
-1.554725
6.319365
-0.879081
0.476103
-3.773567
-1.930191
-1.199688
-1.307693
-5.387011
-2.258595
-4.511775
-5.331525
-1.277153
5.455566
0.966351
2.061638
0.842640
1.227798
-5.941379
0.116701
-2.172210
-3.933683
1.174155
6.762574
3.689391
3.610057
-4.647456
4.422819
2.903679
4.717084
3.309481
4.129665
0.050146
-0.904174
-5.604484
0.121180
8.623341
-1.558259
-3.907040
6.785067
-5.038737
3.002844
-4.241154
-0.101711
-3.341223
4.483966
-3.813049
-2.833137
5.017753
-3.136197
2.625384
1.546918
6.741562
-4.378240
3.862843
-6.524339
-2.404778
0.403010
-4.381246
-2.724287
1.565073
0.813894
3.669195
-0.971038
1.843132
-3.158174
-1.788106
-2.048328
-2.427493
7.012699
-3.154325
2.036524
-2.744531
0.079368
-0.759264
-3.814753
4.025466
2.988945
-3.607329
-2.856179
4.139603
-3.686852
-4.289145
0.711031
0.582162
-2.499828
5.698904
2.903453
4.265879
-5.568750
-5.505331
-2.045723
-4.606043
-2.633698
2.579484
-0.363185
0.116832
2.847970
1.353088
-0.554871
-2.121719
-5.975502
0.721452
-4.975679
0.895209
0.943274
5.471495
-2.072218
0.585601
1.280685
-1.023757
1.426075
0.189352
3.356617
2.610257
6.151325
-7.954699
2.166009
1.052131
-4.861327
1.401409
-5.391964
-5.625321
-2.185199
5.703313
-2.390806
6.844456
3.829511
-2.310668
0.329338
2.722018
0.706504
-5.318672
-2.458522
-5.767421
-1.004557
-0.532887
-1.397774
-3.631699
2.123073
0.332702
-4.938170
-4.836332
1.948244
-2.145587
-5.788545
-7.824574
2.647721
1.516389
-3.205640
-1.353867
8.172881
4.358306
3.698542
1.534183
1.556054
-4.974658
-6.684030
7.322461
-0.469326
-0.155617
-7.160749
-0.640250
-3.903676
-2.505681
-3.005265
-5.373537
8.488242
-3.421469
3.663990
-2.213578
-2.877149
-2.938255
2.952317
3.691951
0.134091
4.316782
-4.472027
6.212633
-9.083343
3.245210
-1.155135
0.562226
7.991435
-0.737116
-4.692713
1.174446
-4.441462
4.500706
-3.204610
-0.938307
-2.500340
4.810137
6.343835
-1.317890
0.571170
-1.506336
0.645880
5.018198
-2.119608
-3.996263
0.051705
1.440717
3.125361
0.910900
-5.162818
0.148296
-5.557524
-9.236611
0.659755
-5.708069
7.912054
4.252989
3.342818
-3.531596
6.450717
5.067525
1.601108
1.652705
3.454217
-1.279611
-0.456250
1.199159
-6.573746
-0.808118
7.206332
-0.043897
5.371439
6.864233
-1.809261
4.817470
-2.803346
3.356397
-5.137129
0.001931
-6.790704
-3.880761
0.079782
-4.040984
-3.156023
3.714512
-1.950261
-0.530957
-13.749043
2.137314
-5.678897
-4.310440
-3.624843
-0.474458
3.726140
3.527592
-0.220209
-5.035391
-4.405146
5.912421
2.505944
-6.379052
-5.047160
-2.220998
