13.875906
-5.154704
7.015096
5.177085
8.255489
-3.241502
5.210194
-3.188973
-18.070078
-6.317542
-1.981572
13.223124
-7.977856
4.588177
-2.773761
-0.237017
5.746969
17.517656
8.850980
14.338530
10.690333
-7.677497
-4.133845
-11.462772
-0.642266
-0.781584
0.515889
7.657427
-9.562373
10.679486
-11.330677
2.821135
-8.104455
-4.488850
-8.544981
-2.220243
17.551172
-7.445542
7.227925
-8.943990
-0.878333
0.315950
8.632952
3.751781
2.336867
-12.025554
-8.624245
-12.443199
-2.701322
13.004803
1.382843
-9.862605
-8.081676
5.316877
5.928442
-2.102177
-7.268323
13.558927
4.936364
-1.176314
9.089711
2.123212
-2.529882
-10.879910
-4.113893
-6.601339
3.482754
8.283439
7.685777
-15.368231
-6.873420
-10.839047
9.652980
-1.491293
-7.046468
-1.068647
10.352178
9.388520
13.034207
-8.086279
0.131864
-6.228189
10.972397
8.156844
8.838340
21.499588
-8.121904
2.499679
0.280080
-10.619436
10.996767
-0.748491
-0.874172
4.369205
-8.992458
8.102517
-4.151116
-7.492464
-0.760530
6.753350
-15.823251
6.525794
-6.654685
-6.896910
3.235104
1.683329
-12.891968
9.824776
6.231554
-1.735575
-7.664733
8.686010
12.368239
-4.037816
-11.047091
-0.746455
15.382904
-1.378920
-4.853694
11.236060
-1.490604
-1.881547
3.101145
9.856830
3.772719
-9.107755
2.112225
-2.857866
0.051519
-2.607225
-9.159281
0.754008
-1.504003
9.318713
-15.432332
-9.297293
4.571357
11.881618
-0.129511
4.792264
9.604361
-3.959242
8.700291
3.373049
0.153720
9.589752
-2.445034
17.675583
15.710928
-4.148877
-11.228498
5.551755
-17.569532
-6.473146
0.678166
4.168464
-1.701129
18.368883
9.005846
7.526726
6.205814
-11.757352
9.229890
-12.425214
-10.250627
0.526156
-4.042984
18.450081
16.023468
0.449482
0.849131
-2.840454
-8.585084
-3.730486
-0.553886
-7.848931
-6.281662
2.554230
-4.343259
3.421108
0.654954
5.306741
-3.375010
-1.965671
2.359313
-9.298067
9.067731
-10.529228
-5.495023
7.051904
-16.524837
7.457903
5.333117
5.368342
-1.552783
2.851619
-7.781820
-11.582537
8.826266
3.833579
-5.339400
5.586447
8.529204
-3.763198
24.641829
-5.769379
15.809731
7.501636
1.753977
-7.515032
-10.664527
-7.491033
1.345140
4.752516
-4.177301
15.936931
5.400770
6.871433
7.617564
-9.534748
-0.055738
2.021085
-11.308696
3.683428
18.063019
-3.191086
-2.178866
1.515849
-8.461627
8.812263
4.898278
-3.711226
-10.864017
-12.642408
-0.211230
-1.942058
-3.836843
2.234755
-3.438938
5.420881
-3.578018
-4.137305
1.642261
6.725720
9.898076
7.274804
-9.303374
12.766355
-2.648208
-6.562564
1.868107
-7.814121
0.744857
13.725267
1.498899
-14.254286
23.041813
-11.033314
-3.427947
0.132684
-18.100784
-9.821195
0.948946
-3.614668
3.432195
10.069028
-2.123070
-4.717771
-9.810138
7.233356
-7.968802
1.118155
-7.934741
-5.919633
1.390237
17.057503
10.434404
0.655985
12.505637
3.492186
-4.019363
5.499337
7.230860
1.496740
-3.739698
-1.409676
-9.270887
6.272888
-5.118874
8.612511
-14.254915
-3.112763
10.939456
-6.069856
14.728423
-1.703968
1.544583
-6.618937
3.188711
-2.194199
-11.695987
-9.426384
-10.134742
-1.803895
-4.647172
6.662644
-7.754019
7.124191
0.172893
9.974140
-4.452220
0.881698
12.817344
-5.054621
-15.468876
13.361254
-6.824564
12.155768
-1.578632
9.307050
6.517753
-6.671445
9.289781
3.666306
3.719401
-15.398654
-4.393707
-3.188503
-0.147545
0.294587
8.083181
11.325856
7.418378
0.309424
12.510849
5.752110
2.067435
2.170403
6.934471
-11.129096
-8.893214
26.558651
11.586035
8.557345
18.454643
-4.332713
3.066971
2.867344
-2.586151
-2.822930
-9.985479
0.522146
-9.794910
6.988633
7.011421
2.924011
-18.112637
-4.898680
0.445017
-15.827610
10.187460
4.522765
-5.377605
-3.198107
-8.587482
0.880751
4.340662
-11.605877
3.885512
7.476371
-5.031249
1.826949
12.705933
-5.248308
-7.227385
-10.540778
-0.624847
-1.560489
-9.721529
4.531480
-5.581724
9.789669
8.642827
-4.277793
3.615381
19.430264
-1.118593
0.250449
-5.784261
1.062109
-3.972377
4.902533
-9.220783
-7.005146
-9.606196
-13.794235
7.033126
-9.152426
-5.160675
5.978097
-14.321691
21.324701
-11.066170
-6.875444
13.691048
4.913814
2.142747
-0.390603
-9.501039
-8.885267
6.528467
-2.022911
15.459655
7.641956
-4.490963
5.888051
18.719456
-9.306970
-10.388716
-4.973676
3.124746
-8.586448
-9.817088
2.418363
3.879236
15.773948
-11.777307
-2.779557
-7.227446
2.464078
-2.439522
1.086319
-9.143375
0.030920
-0.418798
0.766448
11.108850
12.655598
-3.565129
10.887289
-8.189074
-3.310344
3.676383
-15.804927
-5.814822
4.298289
-3.522417
3.961449
7.687179
11.444913
8.230388
2.049172
-14.209503
-4.352535
6.697515
15.466094
8.042830
21.995935
9.214857
7.260935
2.733099
1.007008
7.420760
2.432783
0.949214
1.403850
-12.236477
-0.768544
3.705565
1.910045
-9.954407
9.818776
1.478128
15.279135
-7.715820
3.267070
-5.626243
-0.120540
-5.459794
-4.924850
19.727331
3.153532
-16.755363
9.934519
-14.530668
-6.393788
6.618893
-2.373762
-5.225723
-0.613713
7.338235
-3.558662
-0.116442
7.199602
7.744291
-13.285454
5.043361
8.912902
-21.638794
-2.390723
9.045589
6.413483
-7.775382
0.765385
-0.637035
3.868517
-9.963599
9.345371
10.129411
14.274439
9.850711
-6.285136
27.375786
9.255192
-5.203271
6.496851
-9.797413
-5.532193
-5.492454
7.267321
-10.622406
4.880705
2.007081
-1.362376
8.431737
-6.548498
4.593627
4.641256
-17.243856
5.336999
-5.439166
8.285518
7.956925
22.696835
4.129867
6.206977
0.143621
9.819354
-7.941450
2.698989
-6.912021
14.864815
7.918424
12.445247
3.461581
8.727604
1.495562
-0.962472
17.718254
-12.436643
1.680453
10.575204
1.198873
18.352949
-9.177209
8.448064
-6.519280
-20.455194
10.041334
5.146644
-2.671948
7.916950
-2.512778
0.145839
7.668076
4.868977
-13.243025
6.739220
15.769368
3.169104
8.014848
17.249058
9.028942
10.705098
-14.999056
5.654804
9.737339
-5.687753
16.509445
4.240964
1.430946
-2.682984
6.084116
3.214879
1.180698
-11.221405
-0.850562
-6.671773
13.053486
0.767437
-10.003093
-13.344659
-5.278087
3.990968
-1.596072
9.750062
-6.554335
16.020374
-4.711393
-4.780994
-1.428648
3.284598
-9.088430
1.963865
14.056874
-6.348137
-7.359601
-9.603043
2.753640
0.376660
-13.811595
-7.555470
-1.840750
0.007700
-0.281855
3.505428
-6.051814
11.760890
-1.491842
-8.159206
-2.020172
-1.700914
1.282119
-0.119806
8.479302
3.471969
9.735031
9.455724
7.974004
3.715191
6.744372
3.971953
6.115797
-9.549607
2.958296
-5.990809
-5.443531
8.515059
-11.883004
5.632418
15.882437
2.975677
-10.977226
-3.799284
11.109098
-2.991510
-5.841862
-5.336366
10.424689
-6.733033
-4.628423
-4.989003
8.407341
-3.572368
-1.186960
1.517590
-2.017038
-1.167047
1.902011
10.975762
-15.234680
-4.397521
-9.427955
1.440893
16.389208
-2.564477
-12.565709
-5.571276
4.061457
-3.456453
7.924678
6.200202
-10.273870
6.739005
3.635276
-3.652392
-2.541282
-17.343719
3.131788
5.206282
-5.002672
9.277934
-2.624029
3.589207
-10.458468
-8.850876
1.695664
2.913481
5.211377
-4.020135
10.337678
3.327439
-2.796732
-10.413613
-15.273310
5.996630
-23.119831
-11.161465
5.722891
-8.332006
-2.481591
-12.961237
-16.763922
-10.945924
-3.661264
-15.164311
14.212860
3.615365
-12.373911
-0.436481
-2.785362
-15.492924
12.511023
-0.091436
-4.395257
-12.319428
20.851068
-3.345514
4.682947
-10.485753
-3.655132
-3.751988
2.944488
13.831834
-3.076789
-11.421359
-18.082272
7.482015
6.956201
-4.774858
-2.620598
6.322443
16.192694
4.281153
-9.229120
-5.572504
3.580695
-8.849422
-15.906581
-14.078543
-17.676905
-1.590812
12.265234
7.561182
6.676155
4.395226
7.355788
-6.592312
9.168325
-5.880889
-3.227560
7.816035
4.443887
3.134820
-8.577106
11.936574
-10.279008
-5.811915
-7.982424
17.111975
7.285428
-11.615625
-11.481204
-5.795198
-6.257802
-8.070981
0.344184
-4.677264
-10.677118
3.172281
-4.848479
11.676641
17.156952
4.670596
-3.153728
13.902453
7.171769
0.771955
-7.056690
-13.424504
11.298654
-13.253926
3.917767
1.721804
4.388537
-7.302463
-9.260681
-4.530730
11.855835
0.979303
2.257792
5.412240
-12.538038
1.408154
5.926343
11.856223
-1.855398
11.928817
-5.708005
-5.920527
9.094279
-1.444766
3.292716
-5.320591
3.815399
-3.786526
1.220758
-12.036542
-11.794693
-15.060783
0.545165
-2.739871
2.200357
-16.959171
9.097491
8.608138
9.121763
-4.521900
0.961804
-1.981892
8.071421
-5.111499
-10.462955
4.550796
-5.820514
-2.842389
-0.764312
9.640399
-8.113921
-14.267084
-7.085435
11.167129
-3.420806
13.304783
-10.490162
0.493410
-10.704267
1.715530
1.747977
-0.779129
-7.066380
-12.282296
-9.188301
5.695733
-12.865603
1.671193
0.590123
-12.595050
3.831924
8.553059
0.488107
-6.638618
-6.208202
4.029613
-17.516106
-8.086493
8.473330
5.462179
-17.784203
2.936666
10.269404
8.420957
0.803267
-1.481257
-13.838336
6.301149
-15.344799
12.738845
5.719017
-2.563635
6.302280
12.438327
-0.400459
1.842308
-1.239128
4.263848
8.213305
2.969290
7.670330
12.140327
-3.634488
-7.147555
20.658327
8.420523
1.559191
0.452147
3.044814
0.711325
6.290707
-0.427664
4.277430
2.271128
-2.871518
-7.429590
8.988146
6.063509
-16.348875
2.521006
5.990281
-1.574058
10.934789
-2.341455
-6.414927
-7.903647
1.178851
1.418230
-4.820415
10.757471
1.616845
12.820238
-7.511127
7.526796
-5.599912
-0.613037
7.936987
-1.327856
4.294171
-6.979542
-10.839768
4.716355
-4.718662
-10.975779
-10.166982
-17.145905
-1.777489
-11.344271
14.745073
-11.386890
-7.777040
-16.706924
-1.437463
-3.765390
-4.280024
-2.092070
4.701412
-11.219076
9.577375
14.965651
6.586915
-6.227762
-2.557503
-2.325037
-7.568377
-2.101915
-1.536821
-1.333867
-6.514886
-2.053298
6.998211
6.316284
9.111882
6.362362
-1.651822
-3.203774
-2.734203
-6.054855
1.470918
4.042401
-14.489449
-3.125052
0.313722
-3.087530
-12.742477
12.260066
7.166667
-9.167551
1.716103
-8.196855
-9.319792
10.318286
-7.169102
9.132328
19.298277
-0.196683
-4.984468
2.884665
-3.300846
-0.176992
-10.133397
2.522316
9.056530
-9.109302
2.469085
-2.574999
-11.554741
-11.941416
7.949116
-0.745047
9.018056
6.588855
-5.331557
-5.399734
3.524091
-10.494879
10.740226
-4.760820
0.437602
-5.463133
1.654658
2.934071
-1.035916
6.474688
-12.556840
-2.405833
-14.569949
-4.900549
-4.412734
1.670454
-8.184092
-2.669074
-1.644387
-1.008000
6.433725
-3.928813
-5.880485
-9.083226
-10.033867
-2.896277
3.061063
-10.576560
-10.020112
12.345544
-7.014330
-0.664681
-2.296956
-4.642934
2.428319
-8.577139
2.532206
5.118662
-6.632901
-4.685163
8.805575
4.143829
8.057591
-9.888929
12.252452
-1.021671
0.866563
5.335790
2.754423
12.325198
9.154146
8.293579
4.917106
2.217417
2.314565
-0.885398
-4.399650
3.617929
4.474793
-9.384315
10.276579
-0.832274
-2.283966
-2.078445
-11.397774
-8.033278
-1.232783
-5.642446
-0.669824
5.727956
-4.371825
-6.186792
1.452033
13.670883
2.394183
-3.990692
-6.141032
-3.631543
-3.397721
-7.163652
2.931425
-6.821850
7.393145
0.187002
-3.749205
-2.706094
7.973712
-6.468857
2.774283
-12.426765
-0.486280
-12.261018
1.465897
12.597986
2.940897
-3.814426
7.727292
6.924045
7.024921
2.362001
-5.394760
15.877732
0.044571
11.388702
-8.074099
-0.080283
-2.746770
-9.528328
3.398930
-7.707704
11.537505
2.951300
-5.359003
-3.290922
-4.310196
1.491222
6.008507
-13.465415
-5.201794
10.587659
-4.964547
-3.185509
8.451361
-14.004639
2.495202
-0.196270
-10.671296
-7.711879
-7.456522
0.763824
-18.378416
11.277891
-5.798199
2.970271
-2.891537
-9.716056
-16.242502
1.320785
0.391607
-12.028148
4.743024
-4.500492
-1.804916
-10.325855
5.174587
-13.009152
6.419159
13.276237
4.346213
-1.322132
2.595300
-14.939384
4.259724
-6.581808
10.248353
-1.077582
8.087969
11.943089
3.075729
-6.413997
25.879551
-3.042348
-6.751231
4.848605
11.026550
3.566240
-13.605123
-10.308368
-9.750800
-3.917315
-5.969904
5.043447
-3.388024
-7.787440
1.077874
1.072000
-20.498802
1.239197
8.145720
15.553257
7.957029
-6.675670
-10.593368
13.353131
-5.492656
-4.425529
-6.766363
2.707551
16.448229
9.335592
-5.491207
6.660659
-10.211756
10.182426
2.469273
-8.130396
6.550752
4.069917
-3.280084
-10.485397
14.358144
12.962399
1.016456
1.036232
7.580688
-22.526571
8.366892
-4.289701
-6.610358
-0.276770
8.969844
1.788198
4.143196
3.676716
-5.934648
-12.631759
-14.994167
-2.975906
6.583355
11.924397
7.836208
-9.568623
11.020265
-5.461663
0.770474
4.788510
3.283975
5.808908
0.039855
1.024882
10.657149
-17.134634
-5.343116
-14.359438
0.297564
-1.439511
-12.494104
-4.742673
5.253317
-12.259731
5.919352
12.186868
4.758974
15.056673
12.229547
-10.295462
1.162219
10.488770
-3.872570
-7.998921
-12.386045
10.394585
16.532810
11.204932
5.871235
1.426651
-0.228155
-9.885251
15.419129
1.797727
-9.584980
5.681432
-0.062655
-1.505366
14.551844
2.006240
-1.366250
2.957607
4.931187
7.427942
-2.325214
6.739011
-16.675781
-15.044683
-8.229277
12.894179
-11.365205
-7.754790
6.612583
13.128482
3.472774
5.268570
9.655785
4.268851
-10.265041
-9.857769
1.599573
10.419044
-17.991167
3.025948
-6.248112
-1.982625
2.472056
3.624237
-4.308620
-4.350924
-2.022066
-6.924617
5.333849
-3.849473
-13.231903
9.456134
-1.224855
2.441209
5.160161
-9.368263
0.262580
1.838567
4.646310
8.690823
-2.680926
-15.544188
9.559923
-2.940323
7.384547
-4.953844
-3.305699
7.893808
-0.367540
6.198487
8.737277
6.585544
10.921260
-9.543276
-5.036101
1.731625
11.921021
6.070523
-3.456246
-4.102489
1.054669
-1.573654
-4.894985
17.739094
2.618418
-5.601721
3.910048
-0.258193
-2.353818
4.144760
-1.338043
-2.581906
-5.500646
11.913820
21.062365
10.143413
-5.478791
4.270909
-11.520847
-13.953060
-10.307397
10.116754
3.583071
9.738240
2.176145
7.308914
-1.231441
-4.739848
-5.049508
3.988501
-11.732244
-2.660271
7.715971
8.586244
-22.368597
0.515078
-3.468345
-1.352978
-16.938778
1.701026
-4.149905
7.370176
5.849756
0.049273
-2.121620
-4.096606
-4.669441
3.350010
-13.758075
-6.377786
-7.961493
-8.796832
-7.491539
-3.482602
-6.789918
8.035871
16.223637
9.359029
7.777542
-9.238075
-9.431594
10.453011
4.892275
7.087040
10.782945
-9.922834
-1.797722
5.337160
0.093379
2.984794
-4.126004
2.957745
13.225984
0.387312
-12.939589
7.456244
-0.431542
-13.552402
4.393366
11.628101
2.002119
18.440878
5.144785
0.760330
0.779075
-8.431366
0.363125
-11.155179
7.346451
0.953361
-15.946786
2.625562
3.033198
-7.312789
3.750267
1.785537
3.711143
-9.369402
5.295750
1.837296
8.330255
1.019724
10.541435
0.001244
0.519191
24.107599
7.899492
-15.255419
-5.729101
7.129101
0.666567
-3.198073
5.186016
-8.427164
13.108890
10.095081
10.749400
9.635667
-1.876771
17.264786
-10.903403
-4.741444
-3.785614
-1.674439
-4.921916
-2.853071
12.768087
0.070011
9.085526
1.962689
-11.997812
17.623388
-5.527141
-10.660494
5.784210
1.911168
6.515807
-8.228751
1.094140
-1.424013
8.853894
12.465092
-7.438862
-7.263875
-10.198168
-1.820625
-3.655257
-7.933591
-8.138382
-6.578447
7.359463
-9.336232
12.194951
-2.291186
-1.260300
-12.398687
7.633968
8.046689
10.991716
-8.476947
18.850903
-11.692802
6.468637
6.717181
7.455822
-2.509897
9.511518
-5.289800
12.767636
-2.239625
4.036969
15.411535
12.601643
-2.804432
3.433225
-8.230673
5.121496
-5.239633
-4.304022
-8.396547
-2.010922
0.538788
5.214228
1.982467
3.917881
2.594393
2.195887
-10.770796
-5.514456
-15.834414
11.347240
16.441267
-5.116718
5.870045
2.397208
-7.335351
-3.769319
8.289606
0.234075
15.404381
14.031402
-3.670518
-2.601600
-8.775908
4.315605
10.055412
-0.440392
4.123960
2.796299
-9.104177
1.277074
-12.734675
7.040639
-8.506999
3.596833
9.685251
-8.103022
-10.436152
0.799426
-1.907600
4.384592
7.332367
7.738429
-3.755154
-0.137933
-5.431650
-15.456256
-0.561933
7.234046
10.690744
7.987617
-16.516790
5.032760
-8.696995
-4.881196
1.539724
8.208308
-2.205254
-2.312139
3.606241
8.451956
2.174190
0.583319
-10.006717
-8.610929
4.603782
7.687077
-11.897665
11.309217
-0.031496
-7.626126
-10.932575
-12.024719
-11.234956
18.485163
7.740236
6.260990
-2.369936
4.452703
-9.338812
4.255686
-5.767919
-8.850230
1.186664
9.732191
-5.104465
1.150110
-8.958523
0.389414
5.467483
-2.815787
-9.699356
-4.011916
0.165222
8.567540
-0.261373
-11.462098
5.359898
5.838039
6.585831
3.203530
5.144842
-3.495798
-7.184597
-1.348270
5.977984
-8.034478
11.015527
-6.753194
0.603759
-18.813147
-3.923978
-7.187687
7.689405
-12.568407
-9.702077
7.193390
-8.456384
5.624094
4.066229
-13.509728
-0.267590
6.738066
-6.436169
-14.151342
5.492240
-15.463714
-9.324354
-8.600145
10.439632
-5.875163
-7.336147
8.331241
8.931294
-4.125851
-3.863026
-2.861328
-9.113515
-13.387093
-13.513932
-5.050017
2.095812
-13.143402
7.799641
2.319726
-17.081209
-2.839799
-16.275242
-16.376955
8.752437
-8.344717
1.150159
-10.519880
-6.377081
-7.770432
-7.842790
9.671086
0.579376
0.175433
14.197214
9.509354
-4.751516
-1.490114
-12.864665
-10.644572
9.513639
20.570513
1.845119
2.975052
5.993765
-6.140037
9.869132
-1.755474
-3.924675
-1.349447
2.571891
-0.839106
3.750212
-11.904379
6.925092
9.938177
9.302941
15.889178
2.711411
8.454307
-11.507175
-5.927349
-17.812696
11.193508
2.598323
-4.169358
-8.377989
-20.034027
-0.860734
-3.883743
0.141436
-2.056829
-4.211731
-9.938047
-11.061695
11.877738
0.238743
-2.632276
-13.212574
0.341755
0.437020
0.993460
-5.653014
-10.369132
8.958394
-4.711528
-13.226714
-2.783314
0.840663
-5.734834
1.322191
-0.278516
5.723125
7.067063
-8.829774
10.468527
-18.071501
-8.376121
-5.484271
-6.041531
11.129505
10.264285
6.271399
-1.294930
-1.143593
-6.367526
3.136013
2.494070
-5.890377
-12.172298
6.888233
-14.686415
6.869169
-24.457701
-5.867931
-0.320820
0.119512
1.505974
-3.805394
-1.497217
-0.208000
6.551827
-20.154192
-14.952144
-0.643307
2.214392
-7.139668
-4.225099
-0.118229
-18.077385
2.230329
-2.276152
9.318501
10.789769
9.284711
13.474617
15.954393
-6.299500
-5.858880
-7.216293
10.251307
-1.217472
-4.598140
7.368719
-17.528694
-1.890959
5.840903
9.352839
-4.950400
-2.372405
0.389819
-15.278257
-4.424370
-10.875495
-0.630825
-2.630948
12.600866
10.183185
4.908668
9.023445
14.519312
0.293488
-0.526969
-7.602595
-4.500027
3.584256
-11.661387
-12.021972
-7.305618
19.983175
12.278642
-0.106579
-2.884423
11.975909
1.472550
-7.673977
4.821277
-3.799936
5.089664
4.154202
-4.281820
-12.868590
13.971839
-3.827628
3.415698
16.106628
18.456589
13.990885
6.086775
-10.526290
-9.940073
4.170546
-7.840404
6.630394
8.817525
2.871656
-9.855100
11.699892
-7.916559
-8.387399
-1.299750
-3.398778
-1.795437
14.087157
-7.907267
1.793879
10.168892
-10.667718
-2.591128
-9.555250
6.200430
7.959316
-7.917690
-6.046982
-3.739092
7.733750
8.143420
-1.572720
-3.234572
-3.269706
17.352343
5.760103
-11.329686
16.253193
-8.550632
-4.801882
11.186999
13.623745
15.287715
7.241079
5.014091
-11.611959
1.850811
-4.797428
6.990962
8.368328
-1.782453
4.397212
-5.678199
-3.209731
-1.517458
-5.246083
-1.977792
0.560541
13.316282
-5.354368
8.921928
6.320153
-9.661248
12.463843
-12.775627
-4.591372
7.834999
-4.942030
-6.335400
14.725865
-9.860791
0.999975
9.490466
-1.288085
8.065502
17.242008
-6.542496
-4.409279
11.046116
5.410313
-3.099114
6.374917
9.496692
-16.007145
2.996715
-2.766548
-9.053302
-4.183305
-9.684865
11.510162
-0.085918
-7.605362
-3.414266
2.076058
-2.768370
-2.828548
6.149270
-11.651683
-7.977469
-1.297087
3.907665
-0.390019
-6.207597
-8.272236
12.274508
-2.560038
-5.293256
11.156591
-2.874807
-9.466568
0.696683
8.835155
-10.613958
-14.454791
5.001904
5.470024
1.313512
4.236652
-9.428766
7.229263
0.970700
-14.644851
-6.306229
-24.772709
13.707968
1.793318
0.743262
-21.202938
14.934441
-8.930228
1.855578
14.074916
12.088546
-0.282655
9.581259
13.015875
3.628698
-3.054048
-2.077590
-2.545012
19.298313
-6.548562
2.605108
-4.134128
-21.516275
2.511750
-5.224405
3.399802
0.353677
-4.721407
-3.702033
8.673635
-18.437668
-1.724788
4.149940
4.874474
-3.189888
1.697979
0.066175
4.735499
-1.154540
-4.237751
-11.783375
-3.689995
3.741268
-9.443574
1.369163
6.742382
-0.974711
1.916690
-5.501602
8.121422
-8.883165
-3.032694
-14.507197
-5.179816
-15.062095
4.484116
-18.742752
2.178693
-5.276383
1.750041
-0.544634
4.882338
4.944032
-7.493203
5.799943
9.230431
11.866867
4.922076
-2.630204
-6.143434
19.247753
-10.515087
-0.725256
5.526170
8.622758
-10.866610
11.782220
-2.247082
-1.942973
5.902361
-0.573628
-6.416173
6.946308
-17.779367
1.810329
-13.018301
3.987277
0.532547
5.484942
-0.833223
-3.338431
3.696348
-3.005965
7.377406
-7.071553
2.652491
-2.364296
5.118562
-7.515845
-4.218480
8.000034
1.238798
-4.367578
9.562261
18.129103
-9.522353
-8.168869
7.069009
-16.132637
3.130295
-2.437985
10.582485
10.102859
9.964881
8.902929
-2.381319
-6.821704
5.999058
8.252306
3.661480
5.963610
-8.292766
-11.946333
2.698351
-1.024385
11.506521
-8.622156
-2.663246
-8.139632
-8.755434
-20.082291
3.746722
10.404325
10.111663
6.233327
6.124665
-0.537787
-6.125063
1.495631
6.342288
-7.100763
17.186213
-5.865753
-7.054259
-2.118966
-7.204511
-12.937830
4.927916
3.679832
2.153810
-13.400586
17.412771
-7.094361
-16.404245
6.895933
-6.024488
0.098373
11.364471
12.321875
-6.060645
8.706733
0.232608
1.437033
-6.905380
-5.457039
-5.494219
-5.221312
-7.714964
-0.822004
7.151812
8.390912
-12.581129
-5.394859
1.178541
-2.793016
0.315030
-1.135434
-3.306980
13.495776
-8.282667
5.117157
-9.144306
6.620331
-6.629649
-16.314497
-9.766886
-5.668642
7.845990
-8.657409
17.338049
-2.342152
-6.210042
3.678502
7.767870
3.486352
-0.306572
1.091911
-2.325909
-4.388466
-17.630404
-7.315162
-9.356750
14.961575
-0.129163
10.592972
-6.718600
0.594564
11.786095
1.097519
-8.928742
-0.790453
-7.000326
-7.387807
8.686498
4.099761
-8.452920
-10.202403
4.068280
-8.606365
-0.526145
-3.301381
0.155801
3.591357
-9.134715
5.964416
0.791278
-1.990424
-5.464794
-10.247638
-3.026980
-5.698792
5.583210
9.229447
5.872191
-2.066175
-1.534083
-0.232001
-10.143909
5.120758
-4.001617
10.067260
7.483068
2.934786
1.902607
3.189677
7.595712
-0.567388
0.314041
0.306402
-8.023065
-8.534696
4.325575
-11.256051
-10.099540
3.842378
-1.669189
-5.789246
-3.823696
-7.788036
0.863542
3.576872
-4.884177
-0.324597
17.371382
0.312077
-14.570224
8.737356
10.780390
5.730658
-6.318484
5.595742
-2.665427
-4.353883
8.700636
4.475568
15.045166
-16.392128
3.001608
-0.387003
15.339863
2.858456
8.863619
-12.011022
7.107907
-4.734421
7.848756
-0.965693
-4.241128
10.573855
5.884519
6.099906
9.442199
5.256463
8.536075
1.919674
0.092871
-1.608140
7.146158
-13.211037
-0.181343
-12.327868
5.563657
7.164371
-7.850582
3.835393
-2.597933
1.103054
4.534425
2.867310
2.850606
18.950514
2.654201
11.762656
-4.526148
10.354819
8.611281
9.588691
-2.895171
-14.284003
10.523708
-4.125600
-7.630944
4.749300
-16.934483
8.965259
-6.099391
8.745102
-16.628340
3.957813
-4.861243
-4.824551
8.140659
4.482726
-1.654730
5.164642
9.633094
-2.184540
1.436506
-8.671100
16.880600
-8.189204
1.640034
0.664300
5.732210
9.250445
-6.970673
-1.638885
-7.610363
-16.637058
9.832121
1.435115
-12.243244
10.569546
-16.643341
-8.176137
3.458561
6.575435
0.309906
8.623981
4.612146
7.411194
12.105754
-0.594527
-5.808955
12.494709
9.494151
9.801241
3.279770
-5.894075
-16.357525
-3.730412
-5.718053
0.177397
1.743034
4.462686
-12.054752
-2.348211
-2.550585
-10.063765
6.804346
-5.151848
9.152317
9.945869
0.841063
4.038465
1.433291
-6.444510
4.696137
-10.430118
-10.291095
-6.273746
-4.664360
4.479769
12.337663
4.302170
13.783855
6.524991
-4.102550
-3.509945
-1.218103
2.524736
-13.608891
-8.029646
-4.253035
1.975281
0.684607
3.829363
18.299215
3.453372
13.715014
-12.321179
7.669889
2.095638
0.507089
3.218764
0.295679
1.798165
8.333827
6.045849
-1.253648
9.967029
0.315473
3.540927
0.388640
11.905400
11.840957
-0.904845
-10.116317
-4.161294
-7.833443
-6.007320
-10.850667
13.662057
3.802004
2.263007
-5.886515
4.521111
0.953860
-9.485321
-0.584015
-6.640057
-0.997557
-2.420567
-6.448379
-3.937235
-3.116068
-6.375844
11.679667
-17.986963
3.361207
-0.875942
4.866078
6.966465
-10.599754
12.521060
-0.734554
1.762542
-1.736373
12.420122
-5.139599
-1.253170
-1.597736
-5.722413
-3.728777
-9.916542
-12.563828
9.568334
7.944881
-3.280582
5.093185
3.984108
-4.697213
0.352077
-0.862869
-7.411551
-0.464454
-11.563535
1.199738
11.457705
-2.967524
6.236827
-3.706362
-13.709741
-10.156694
-5.310492
-8.690383
6.792449
-3.543334
2.411003
8.229397
6.532236
-2.215280
7.362414
6.200350
-4.752002
-2.302588
-1.090571
-14.089686
13.185740
-5.334713
3.780460
3.073818
-6.870304
-8.230796
5.525662
3.836659
-13.857681
-0.840136
-2.137622
-4.948229
-6.952301
13.695793
7.063549
-4.345272
-1.291310
4.089710
-17.939440
2.245873
15.014369
-3.792442
-3.741107
-9.179462
-3.682462
6.867813
5.446993
-7.137938
2.997496
11.265617
-8.351832
-11.864992
-0.950971
13.164195
2.323427
-3.571194
2.622791
-7.479095
-5.047367
-11.837552
-7.034879
2.380080
-3.498335
10.631462
-4.273775
3.239515
-1.001685
7.816255
2.319753
-5.217018
1.308234
3.237773
-3.146856
-5.129364
-1.582202
-13.018185
10.806583
-12.985044
-7.371531
6.255734
6.767597
-1.200159
-1.790321
-10.771091
10.358216
-1.179590
-9.158053
-5.341004
-1.630003
-6.302322
-7.745970
-12.754727
7.296710
-10.961344
-11.706329
26.254261
5.030339
6.902049
5.174876
4.403622
-8.291542
-13.741007
-11.928487
-11.796077
-14.123979
-14.566599
3.145626
-7.344150
2.164197
-16.896578
7.775692
-10.168507
4.357751
13.378585
3.548269
5.167022
-4.806638
6.745897
7.225218
-1.917434
-10.448954
-6.394601
5.266419
-11.642771
-1.223249
-5.537330
6.172688
-2.381659
-7.274542
-1.434591
1.340618
-3.243004
-8.641816
12.094070
13.212313
-0.309702
6.313231
-7.678527
10.501742
7.171405
-2.763471
7.459031
7.261687
3.648939
0.874547
5.447475
-7.060236
-0.837785
-9.114648
9.318545
-13.624749
4.906280
3.015480
4.589836
-3.756744
-13.706473
-12.230830
1.323601
-10.241484
8.992979
12.045327
-4.550593
5.513075
1.837402
15.057946
-7.161103
-4.159877
-5.242333
-7.478633
-2.895659
9.414459
10.737159
-7.890951
-1.665589
-10.052009
-7.572100
7.283663
0.198394
5.601786
-10.425699
-6.858127
-9.694527
9.749587
-9.687736
3.749782
-6.721411
12.324167
13.585047
-14.552733
5.402175
-5.259481
-14.832205
16.030430
-1.296318
-12.313858
-6.563100
7.501430
9.515829
2.098813
-2.876934
0.712972
6.509798
8.615786
-2.355633
14.215536
8.572737
-4.646040
6.220362
-8.468965
-2.097731
-7.861818
3.332663
0.188239
-9.390642
14.514603
-13.116732
4.151949
3.819430
16.685112
9.700974
-7.903985
-7.887726
-2.117653
-14.222711
-1.154549
2.751022
18.771666
3.963366
-9.084756
-2.973105
-2.698510
6.465221
-5.333833
0.909959
-4.361691
-0.056796
7.060569
2.308787
-5.533000
2.459424
4.023680
-1.720805
9.108849
2.883883
9.545938
-13.015053
0.215608
1.915635
-0.477141
4.413712
-12.490239
9.208494
7.010067
-6.971471
-1.765782
-5.834724
-9.963704
-11.900017
6.411131
-8.333186
11.912749
-14.497597
-8.769444
-7.404468
2.981579
-8.152332
2.767937
3.182000
-4.435882
-6.033627
-7.515361
0.876872
-4.367319
-12.432787
-4.162977
-0.595068
-9.753843
0.616733
-0.991750
3.141370
-8.941552
0.700697
-9.177997
0.307191
12.764195
8.342427
8.950571
-1.418117
15.597423
1.840834
0.477128
-2.342146
-2.507868
-0.462851
2.410162
7.691279
5.139184
4.864597
8.023689
-12.245119
-2.994700
-7.162338
7.943156
7.626483
16.567686
4.962566
9.437901
-6.043707
-0.072746
5.172068
8.683694
8.590419
13.157022
-3.427869
11.494109
13.617324
5.141535
-2.042548
1.528224
4.413079
14.647970
1.114084
-5.171116
-7.421460
-0.439805
9.325312
-7.954515
9.108896
-1.166107
-2.050217
-0.806293
-12.846550
-11.127601
8.248152
2.363330
-7.488967
2.332521
13.467739
5.459610
-8.681168
-1.847353
-7.156078
-1.088237
16.960745
-3.447539
-6.653584
8.098826
-2.058481
-3.755202
16.282902
3.840281
0.002880
6.653265
12.024485
-8.246065
10.114359
12.202942
15.364801
-10.094481
-5.474420
19.273054
1.379788
4.441314
13.379563
-3.455041
7.715189
-4.102040
-12.125200
7.127872
-4.926444
1.514264
1.301910
3.201189
-9.768602
3.243558
-17.311886
-4.880144
-7.751736
12.254950
9.829168
18.413036
6.414969
2.190958
4.669806
-8.881947
-0.834150
-8.210419
-4.859829
-8.897619
7.945952
-4.675650
8.098964
4.673953
-3.214302
-0.960199
0.584753
-0.669793
-1.468024
-13.053309
-9.858101
10.869376
0.097734
-3.636751
-3.120847
5.664863
-2.614558
-1.640922
11.602066
8.893071
-4.874306
5.417755
-0.702558
21.238508
5.919678
-10.028050
2.320134
-8.614670
8.424326
-6.083763
2.997583
6.049279
10.482600
-15.894168
12.012537
-17.469273
11.621737
7.300201
11.735553
0.689179
6.624632
1.336602
11.359167
3.429201
-8.703901
-10.688146
-16.642424
2.566772
0.520536
-3.001008
-3.870109
1.108494
3.065994
4.835871
6.177000
8.524794
5.180139
3.733230
0.408567
13.272426
-4.065848
4.500712
6.517855
1.645734
-1.063037
3.546736
-7.289261
-0.410963
-9.466159
13.401234
13.704262
-16.804230
13.081114
-6.769248
-2.381532
-6.011581
5.268051
2.198372
0.686415
2.310611
2.436864
12.367758
-15.799465
11.692227
6.108352
-6.072975
-10.067107
3.360003
-13.950047
-7.368326
10.754457
-4.169602
2.767575
9.117303
6.463516
-11.147899
-4.744998
5.317551
-0.330795
-15.007244
-6.547726
7.250320
1.961710
-13.976413
-4.704824
-8.745140
-18.003725
-1.945996
7.632849
10.807372
11.767888
-9.883615
-8.134901
13.782449
-0.818336
8.995798
2.252007
-5.213665
-6.534427
10.207335
7.713255
-1.580909
4.959566
-8.227206
-9.046474
-10.653878
5.462911
-16.045546
7.776229
8.202428
2.185271
5.735179
-1.747616
-5.272124
-2.997951
-10.992987
1.726772
6.027221
-9.260683
-4.385062
-7.612541
1.712521
11.795394
-2.641911
-9.902220
-2.599695
-0.024052
-3.009530
-1.319294
4.705308
16.265837
9.986988
-10.018957
3.400745
10.289515
-16.926617
1.289743
7.262749
-11.201115
-7.782257
-9.780470
-10.406134
-9.203102
29.425150
19.648815
1.797977
2.570503
-1.332998
2.510532
0.136480
16.105814
3.598391
-14.872065
7.220279
16.745930
4.748286
-1.064607
-4.749663
-3.711467
3.388968
10.937062
15.241971
-5.285702
14.293046
3.356935
-7.519241
-8.608368
13.306740
0.123993
3.875223
-1.492341
-2.708230
12.215939
5.671792
5.963630
-0.660043
-8.132845
-3.668200
14.512273
-4.860271
-11.497261
3.141871
-5.730753
-4.193462
-12.770470
-4.652678
10.502805
-0.797649
0.820342
9.750080
-4.364563
-1.509505
-0.554831
-16.738415
7.419330
-5.227579
-17.287024
5.263793
-16.225050
-11.273975
-5.600923
6.744371
5.736138
0.001143
-4.912517
5.902957
11.539537
8.464066
-5.059388
6.397677
3.535503
-6.927295
2.267935
-6.423751
-9.203405
-3.960712
3.802219
7.197657
-0.419153
5.233969
-0.598284
3.834111
-2.703301
1.642766
5.969881
-5.197568
-0.714699
22.442196
-3.492404
-5.692451
10.665902
-3.731961
-12.392654
0.498835
-2.449419
-17.490011
13.090667
9.293493
-14.785340
4.204340
-4.655177
11.354014
-12.360481
9.393677
-9.416619
-10.892383
-11.776182
-12.007052
-3.060513
-4.010670
-5.923101
-3.014759
5.553797
9.381902
8.182032
-3.629595
-8.471557
9.203375
-7.577974
-8.316488
3.825966
-2.057852
-11.914501
7.135464
-3.685063
-4.562058
8.441114
14.758278
-3.119223
-17.059368
-13.215460
17.790733
1.778482
12.222936
2.578258
3.885923
-4.847096
0.928494
6.456214
-3.106320
-8.440594
-8.327214
-9.379213
-8.697983
-6.109685
6.699766
0.779796
6.247591
17.317970
-10.789680
17.093239
-9.880370
-11.601719
-2.505166
13.152475
13.923244
-8.545877
-0.809888
2.589970
-6.825625
-6.922659
6.115444
7.154523
-0.953129
6.462661
12.568764
18.673660
-4.089651
-10.832777
-4.727204
-3.340444
0.785875
17.204174
0.352873
-3.530618
-7.329568
-5.142227
9.767777
8.588461
9.515359
-0.448527
2.904834
-3.698102
9.121528
14.862985
3.222457
23.234306
-3.440836
-0.683419
6.332541
-5.263558
3.972773
5.210950
-7.121560
11.314772
5.234606
12.313379
9.796439
2.010110
16.755331
5.474023
-9.894077
-9.014860
7.988001
0.865291
-6.133883
13.815171
4.697752
-7.944786
-2.226902
3.404248
-2.468556
-2.583762
8.497353
-8.988825
13.082318
3.623799
6.196572
0.693519
7.256313
-3.980121
8.552341
-6.866907
-4.378120
15.599951
7.152689
12.254813
7.072788
-2.199467
1.466659
12.698771
13.593709
-9.273067
3.608264
-11.040788
2.543000
-4.120330
-4.305385
9.155803
-1.926300
8.511325
-2.824375
9.135752
-5.347345
3.224666
-2.446094
9.467439
2.286046
-2.055774
-13.427081
-3.387632
-4.415628
9.125713
0.626469
6.064795
-1.873052
-10.378185
-4.180782
-6.924463
14.434189
6.245337
-0.039347
1.047788
-12.568227
-9.485015
-7.955226
11.030211
-11.278962
-0.476211
1.491742
-10.406753
-13.851076
3.821821
3.106869
12.031661
0.780581
5.534147
0.245745
-2.999606
1.785208
-6.172403
2.360959
4.835804
-3.784822
1.031943
-8.143388
-0.895624
-4.295620
-3.051976
1.182669
3.791187
1.297308
7.692827
10.257722
-3.480833
1.815498
1.794380
4.626429
-4.365629
8.535774
-2.678981
-9.332809
4.510806
2.694921
-8.745423
14.778996
-0.878119
0.562673
3.538449
11.306945
-3.835463
-1.826058
10.767121
-4.607028
-20.366796
1.744015
6.088808
-11.739669
-6.455060
5.031615
6.626935
3.978483
6.776863
12.664733
13.607220
8.977066
-5.541420
2.748050
-8.575846
-3.821299
-4.263232
-7.872987
-4.221588
-2.185633
-0.222743
-8.255451
-0.001997
-14.082859
-2.231693
6.753126
2.746230
3.835272
2.026699
-1.403386
-11.276865
2.606879
-2.867981
-7.854970
0.495500
0.971711
7.963024
9.207238
6.039187
-1.677694
6.036110
6.390997
-12.285789
-9.299205
0.840005
2.094109
-9.651851
6.046218
-8.188579
-1.111250
6.372510
1.828127
23.994036
17.113581
-5.485474
5.996993
-9.845570
1.524926
-3.807780
-6.938013
13.343877
4.434389
-5.114089
-13.990435
9.412589
-1.770276
5.570590
-7.252081
4.520841
-5.308283
-4.334588
21.158596
-7.943532
12.251314
21.897045
7.151860
3.152982
-6.862654
-3.813036
-5.033765
-9.610772
0.436596
-19.539417
9.142953
10.360454
0.096879
-14.895574
-3.991189
0.366872
-9.184383
-7.943058
-8.066957
6.354558
11.091565
-15.242126
5.246039
-4.426934
-1.476249
3.368652
2.943266
10.494120
1.404522
-0.738571
9.236609
-5.477953
-2.411612
-15.860411
3.668668
-15.836576
3.107534
11.626554
0.550110
4.566219
16.172712
-5.958011
1.484892
3.152461
1.700633
10.492491
-8.662902
-5.447457
-13.882291
6.558681
-1.377113
-1.086192
-4.652597
9.919423
17.627789
-18.204027
-5.760215
10.269467
-3.299920
6.169655
5.183004
-10.112749
-0.926357
-1.032396
-7.353931
-11.191777
-3.072292
8.271288
-1.467867
4.448987
-5.983597
10.544079
12.989277
-10.670423
13.723958
7.247060
1.948777
-8.158028
1.582748
3.615955
3.355881
-0.542727
7.379919
6.468138
10.056602
4.696404
-2.576556
-2.254079
3.369366
-11.379726
9.620385
3.510988
-6.921085
0.587619
-4.002166
6.614824
4.070428
10.016379
18.509121
3.512327
11.082364
-13.048226
-9.119636
5.987691
6.924052
-8.320807
6.647380
-10.692568
-4.784632
5.637938
1.726213
-8.030102
5.388958
2.156790
-10.702847
-0.169823
1.952562
7.927602
8.575639
-11.948740
-4.522851
3.935909
-11.466609
1.715456
1.229421
1.654818
17.275988
-17.505285
-5.886065
2.409214
-4.271610
-4.965537
3.363321
2.853951
-2.255146
10.775494
-4.236931
6.077270
1.323063
0.805047
-5.105847
8.155992
-0.110049
-5.099378
-9.415383
14.292984
4.862433
-15.494385
12.300998
-14.278801
5.392198
9.991201
-5.085177
-8.638379
-4.603255
7.852305
-2.164874
0.156974
-4.756998
10.393806
8.548442
3.616298
10.613894
2.583224
3.955950
5.192077
2.862914
-2.554795
5.933091
5.716038
-5.313260
8.732211
-7.304816
4.357254
2.286149
-5.897807
2.182409
-2.961893
6.188827
7.219799
-2.665532
9.563700
6.584539
-12.014553
2.940716
7.996290
-15.253506
-4.908194
8.241813
7.083408
8.673936
-5.104565
0.811233
5.118656
-3.702547
10.134027
2.253517
-10.601148
-1.385295
10.018962
9.739450
7.325954
6.642448
6.577312
1.080837
8.342854
-14.810612
12.376299
4.631815
-1.545828
8.415591
-11.975493
11.046375
5.291481
-11.896836
7.716865
-6.515342
-11.331525
-5.509994
2.450547
2.290671
-11.782835
3.821918
-15.047490
5.967089
2.933194
-1.878575
11.934401
-3.510298
-7.166755
-9.888659
-2.774662
8.595604
8.813066
-8.844148
-13.449196
-7.341723
1.716949
13.902493
7.695602
0.232714
-2.902465
0.055217
0.543707
4.430954
1.318332
-13.359922
-15.227125
-11.242613
-1.741030
-6.279079
-0.422297
0.801788
-11.111907
-9.342222
10.518269
1.481417
11.710062
-14.313645
-9.006151
2.054276
5.657600
5.719311
-4.146888
17.087086
-2.017343
2.366920
-6.655847
3.371305
-7.315590
-8.704556
11.585116
1.127062
5.464316
3.977670
-7.084765
11.466159
-3.700620
-6.641373
-2.023924
14.924079
5.404191
8.875733
9.468755
3.037317
10.880780
6.161781
9.554240
-5.512308
-11.683009
5.290558
-17.783176
-16.375765
-4.478307
-3.293540
-5.973922
9.178220
6.776340
6.451781
4.946070
2.783391
6.091459
2.731921
-9.023723
5.176425
9.731654
6.465009
4.441055
-6.694174
-11.645465
-16.788927
21.130827
6.297947
-17.930637
8.674781
-5.169375
11.585688
-7.179364
5.230416
3.119853
0.534697
-14.333988
-1.043461
4.028390
14.529757
-10.343422
7.809862
-3.622967
-6.957475
5.796751
5.403257
7.710309
-0.647680
-5.878392
-9.064251
8.234362
4.436141
1.577625
11.470950
-8.282678
-15.461230
4.367707
-6.544603
13.370310
-5.962496
-2.798888
12.910071
-11.732688
7.672552
-10.929411
2.490990
-15.963664
6.490246
7.264505
7.587129
-2.662951
11.295768
7.471517
-10.087787
-5.023600
-11.278110
-4.111027
2.484749
-5.421616
-1.524080
-7.610955
-4.101080
7.748015
3.895516
-1.907354
-13.341940
-6.331459
6.242778
-2.206958
3.049515
7.696927
6.442071
5.805301
8.358144
3.963312
2.407939
12.349902
-18.380556
-2.731882
-10.141848
-19.453262
0.023521
-15.762937
-10.787378
4.650578
-2.899627
16.977106
-2.991964
10.091312
-7.110214
6.162153
11.666631
-11.545987
-2.596239
-2.619128
3.662009
-12.705023
13.565484
21.560144
-8.369211
-4.229457
-4.834071
5.198764
-10.597665
1.314944
-4.595364
0.284280
-8.094033
2.822959
-5.917765
-2.761013
-8.224940
4.377508
12.733283
-21.533676
-6.700594
-7.971608
5.599752
5.105704
-2.561945
-3.271086
5.084773
4.054599
14.495461
-14.031329
-12.063272
-10.862626
6.383466
9.086437
-12.881178
-1.392703
5.841479
-0.603812
-10.495538
18.754898
-4.169585
2.366325
5.347718
-5.532463
0.503947
1.579394
-13.382915
1.886449
-5.962380
6.567516
-1.154379
6.951303
8.322671
-8.291528
3.234888
-6.439998
3.516082
10.465681
12.162282
17.019995
-6.392083
-18.573011
10.417755
-5.263985
13.204793
0.818433
-11.730652
-4.484631
1.729528
-2.864082
-10.721061
-8.346264
4.031048
-2.701092
-4.982305
6.857971
6.387885
-13.010447
3.681926
-3.471294
6.294453
7.796639
9.156144
-5.883425
4.548693
8.719671
3.743444
0.268208
4.289549
-2.012156
-11.760874
18.858183
-5.729126
6.157006
7.129413
-6.537726
-9.459972
11.950159
-4.266031
-9.986563
10.633736
6.150838
5.946486
8.483682
-5.005821
6.441870
2.635730
-2.180414
21.517813
13.103734
-3.622672
13.668257
-4.245335
-2.700048
-10.181967
3.758646
-4.542436
4.520722
4.856715
10.520110
21.655375
2.260268
-5.213476
0.144563
6.138984
11.034857
10.348625
13.682621
-3.779428
-9.328975
6.785020
-3.147910
-1.005851
3.889214
-5.508969
-6.442708
5.739441
-9.087732
2.811352
0.595977
14.083755
0.664518
-1.221013
4.094477
-2.444841
5.532125
-2.563257
2.231389
3.098256
-7.932432
4.568961
-9.267363
-5.797558
4.739330
-6.445760
-0.857571
-9.694135
0.682166
-6.824784
-5.072375
-19.230488
-6.346533
-0.775474
5.633038
-9.166620
3.193792
-11.610051
27.630888
4.821638
1.585045
3.603879
4.774432
0.256294
11.069724
11.909251
9.213498
7.863449
-11.331150
1.588155
-0.875039
3.759582
-9.819125
-3.006343
16.954168
-10.490082
-5.157035
5.117422
-15.787875
-10.728234
14.439363
-0.283345
0.027673
-0.431056
-2.882601
-13.296996
3.006150
19.461468
-11.880761
5.566725
-1.861975
7.840255
-3.763122
-2.762375
-8.621422
0.848850
-3.461659
7.719927
-12.688140
2.774816
3.414208
11.633580
8.785967
-0.445994
8.791045
-16.492186
5.589579
-7.153803
0.435795
4.565689
2.343568
4.011688
-4.724921
1.226147
7.243307
6.114436
-3.144400
9.886830
-0.129081
-1.967836
1.001862
-6.015872
-14.342587
1.710261
2.060338
-11.211336
-2.507149
-11.534302
11.888676
-8.580629
-15.609144
-15.445486
18.951654
2.431294
5.460362
-1.813454
8.834019
-2.118656
-0.594527
-4.295522
10.719427
4.712750
-7.789435
-8.331860
-3.824905
3.205547
3.913051
-1.919300
7.206917
8.805555
6.119760
-9.713735
-6.064758
-7.741579
1.855138
12.469324
10.420866
-6.888095
-3.100539
6.281129
-7.874032
4.336450
-5.614720
-1.689806
-2.704121
-4.007436
3.745586
3.844318
0.462354
-3.527186
0.181947
6.680532
-1.437347
14.983556
2.886599
7.153294
-10.051261
-7.764684
11.013015
-0.315817
-3.614563
-10.262425
-6.357967
-4.117856
-5.927177
1.262201
-6.764875
0.728468
8.375093
12.112272
-1.095847
-1.397360
-2.859878
-11.129439
-7.384711
1.549223
3.843080
10.444704
6.556060
2.217913
-1.029701
1.359060
5.054174
-4.764420
1.038113
0.518622
-0.048945
-1.679980
10.054710
-6.755496
12.137763
-7.027983
-3.749139
7.465011
-7.910060
6.878612
7.424661
-15.537647
3.453773
6.332183
14.376552
-3.600714
-6.053622
-17.178257
1.904707
-12.206913
4.844428
-5.301612
4.088226
-3.564293
11.971652
-9.852268
-4.280911
13.729823
7.879460
1.071355
-7.343034
-6.597407
10.002485
20.697344
-6.730772
-8.662929
-14.391061
-9.949446
-4.620979
8.358397
-4.216110
13.081496
-9.809095
-16.724960
-13.508242
-11.336284
-13.120670
6.377264
-3.940629
-3.373004
-6.720618
6.422131
-6.192250
-2.985649
-4.801475
-2.748740
6.868905
8.831745
-18.141281
-5.762039
10.914530
10.319366
9.750959
-2.176369
-2.531254
-8.757674
-1.572842
4.950143
-0.453750
6.329633
-0.534106
0.520351
-9.593995
13.021917
7.592410
4.935590
7.526388
-13.019493
3.864716
3.625768
-1.962216
8.614646
0.550872
3.526904
-10.067634
-8.157320
-5.823832
-12.413303
-27.914982
-15.955166
5.031600
6.791161
12.749048
-14.703345
14.908857
8.272919
-2.596097
-0.704622
-3.500201
-5.806662
-10.627248
-11.696316
2.681735
-6.338708
7.355193
-0.998256
-12.564655
-6.926410
-12.320462
-7.134137
-1.984838
6.207483
8.130149
10.228975
-12.595635
12.547559
5.394899
-16.543650
-19.777702
-7.824255
-13.484962
1.490459
6.080452
-0.823088
11.101826
6.337860
-8.011603
-0.146197
-10.716239
-14.986002
-32.930428
-4.057722
-6.780241
-8.626101
-0.686642
-8.544340
0.318910
13.407711
-11.417989
-2.993555
1.727725
6.944775
-15.510827
6.195917
-2.943630
8.358039
-3.791510
-9.993630
-0.932276
-2.592409
5.391343
6.331023
-11.113791
0.556031
-1.908185
10.227618
3.354197
-15.321346
-9.568536
-2.844812
1.757337
0.654647
2.745626
-4.463086
-13.532918
4.157578
-5.112839
-15.009514
1.642969
0.113739
1.989844
-3.945393
3.909800
13.184029
-1.859463
-1.649979
9.074931
-9.481739
-13.355672
-12.582416
-1.592146
-18.481932
-14.050080
2.115397
-8.908254
-0.352810
0.913704
1.691250
-8.187600
-2.155838
-8.575149
-9.446938
-13.340217
-10.027894
2.888820
4.867221
9.399005
-4.916276
9.909473
1.693547
5.270976
4.661977
8.424753
-3.532448
-1.191471
17.183710
-1.172761
4.557465
-7.669274
-4.548912
-3.304748
-0.994164
-0.682403
-10.425959
-4.318396
-4.928486
-4.867919
-7.191088
-8.858128
2.910676
-3.071458
13.979427
-0.199280
-14.261915
-4.102878
3.964956
-6.165704
3.524105
1.094276
-11.993524
-3.199508
2.395274
10.529441
1.791356
11.236952
-8.870317
-23.351456
2.967034
2.204655
7.286268
-3.279626
5.411148
2.419174
-12.336183
-6.567546
-9.046217
12.923018
-5.907915
1.603718
-9.349548
-1.844998
-3.240872
-1.740734
-6.419254
-3.698533
4.227749
1.437462
-10.862004
-0.125413
-10.176230
-5.870890
4.326427
-0.230432
5.720375
-11.170202
1.550822
-1.564131
2.870059
-10.697962
7.734221
-1.515393
-2.330840
1.633579
-2.459401
-7.927698
-7.591358
4.781538
0.565241
1.919815
-0.968020
-1.404111
-2.955304
-11.408685
12.032290
-9.090356
-13.554513
-14.327832
1.908592
4.533904
15.187729
-12.804819
9.767831
19.705044
6.193196
3.464521
2.808205
1.092773
3.648782
-2.898958
-6.000344
13.349885
-0.909966
-6.944800
13.992194
-3.141983
20.236521
6.898040
-0.937213
13.496428
-1.809143
-14.220246
-10.800001
-8.004420
-6.823547
-3.631561
-1.250436
3.274926
7.483241
-19.965191
-8.028494
-15.741200
-2.953862
1.820249
-12.714848
0.851245
3.161260
5.503494
-1.788280
14.928369
11.956132
-15.176601
6.545361
0.570436
4.943574
-7.106151
3.879600
2.719121
-0.036596
4.838228
2.519598
-6.685522
-2.377007
-4.569223
6.876100
7.919518
8.577423
2.466263
0.812604
12.346477
10.574815
11.412188
-6.495041
3.039470
7.212332
-1.108015
-10.189133
-5.887957
1.086138
12.987636
4.344910
-11.303991
-7.047049
10.915193
2.115895
8.217276
5.330096
8.041305
4.482588
-12.634095
-9.260371
-6.559412
7.123169
7.446434
-19.250713
3.175985
2.105776
7.647981
-0.711052
4.236649
-4.023299
3.316755
5.527657
10.722924
5.558446
12.382447
4.002682
2.757520
7.497313
2.487317
1.650500
-5.411448
8.509530
-3.948606
-1.421569
-5.973810
-9.279943
7.036555
-2.472191
10.417690
-11.321285
-13.644542
-15.870037
17.704086
-8.779109
-19.252184
4.225108
-5.609643
0.437256
4.713040
-7.674497
9.228656
-5.286683
-8.843479
0.966357
11.295759
-7.885254
8.048507
-6.517443
0.870611
4.175020
19.559675
-3.066407
-8.404854
-12.372035
-6.175632
-2.306327
-3.482887
-22.427277
-12.790313
7.497768
-11.063740
8.159281
0.515995
3.289836
3.542290
9.535426
-9.507261
13.150350
-2.613441
-7.166136
6.263916
-9.548931
-2.249244
5.416770
7.249699
14.746958
-14.650819
-0.810768
2.791363
6.746685
4.370548
-2.144087
-1.332948
6.385608
-4.119573
19.589756
14.678117
4.732635
-4.512989
-4.164052
-10.608793
-15.927584
4.156979
-6.265039
-5.362663
-9.629025
-0.441557
-11.970650
-3.733579
8.916616
4.497148
-5.639422
-11.471137
2.265864
-6.308048
-9.210305
11.159225
4.195854
-8.740128
-2.274849
7.326885
1.632425
-10.902422
-4.516310
-9.022216
13.634122
6.400254
-5.488994
-9.310431
11.147570
8.101172
16.075640
21.945259
-2.971464
15.562981
13.495348
-11.930456
-11.317805
-14.749113
-16.471834
11.190994
0.923417
-7.324589
-4.159088
-10.139982
13.554351
-1.016349
-10.527678
-9.950983
12.218731
-8.586589
-3.621957
19.883680
4.983504
-12.814733
-8.851402
0.739489
-1.558286
-1.269008
-17.371740
8.531164
-16.358580
4.684035
-18.184790
4.698842
-5.962049
-3.672071
-6.341902
-0.396503
-3.693429
-1.791780
-16.374332
-10.842553
-2.216226
-12.559018
0.474867
-7.750452
7.934302
-8.233467
-0.507760
-3.654012
6.369353
4.750014
-5.230485
-21.608257
-23.363892
-2.725967
4.057908
-1.629102
-1.078541
7.819117
5.869648
-1.138490
6.563041
5.185095
14.388812
-5.707371
-10.130654
-8.145856
1.849163
-5.033296
-15.667300
-8.099222
3.642256
-7.461752
-18.202394
-15.019799
-7.605910
13.899789
1.085593
0.107917
-4.638899
-6.022982
6.693800
16.232903
5.453387
-21.648863
-6.664541
5.851969
-8.314672
12.341533
-3.200546
2.321602
4.735826
5.754415
-9.263444
4.342075
2.926675
-8.196805
11.657922
7.946599
4.748813
-9.227080
-2.918755
0.961726
-3.993556
-7.768114
-2.513303
-0.423689
10.690100
4.786117
5.980788
7.704578
11.981488
10.878285
-7.169970
4.695136
1.992449
0.318941
-5.189145
-3.642257
-4.880451
3.328765
-2.827967
0.972624
-5.480938
-2.618497
4.252934
-4.361212
3.936376
-12.181827
12.057730
-11.065533
-7.436989
-7.040163
6.667461
0.887719
9.383245
-5.563146
9.218055
9.708544
7.497862
3.690104
-16.005405
9.159500
-14.690780
11.995076
5.179846
-1.789814
-7.962859
-6.047075
3.358068
1.997465
-9.873487
-10.443921
4.863544
-0.650042
0.939148
4.299786
-11.965362
-1.288688
-6.507984
-8.756056
-5.168571
-4.971984
-8.875144
-1.698626
-10.693272
-22.381828
0.078188
-1.869061
-1.129339
0.856964
-6.514165
-8.921832
-1.484797
-4.694978
11.630348
-4.255176
11.971766
5.571577
-13.306354
-4.678341
3.339605
3.417303
-6.392553
19.138094
-3.602142
0.944934
-9.201164
10.107252
-8.801764
2.622187
-12.319815
-1.586425
-14.948758
6.081753
4.420878
-14.313905
22.092068
2.864884
-5.423619
16.322193
16.195713
-4.582029
-0.435446
1.828252
-1.689598
1.921708
-5.180312
9.149681
0.807835
6.837353
-1.848183
-3.322710
-7.213254
-13.523392
1.801954
-2.189764
4.171088
5.291335
3.721214
23.299753
-4.776226
-9.309454
6.046578
2.265247
-20.743906
-10.439731
-11.552015
-12.691774
-12.966001
-1.068658
3.383863
12.050239
7.449929
9.543046
0.633714
1.682818
10.257549
10.634869
-10.780398
6.405833
-10.428750
8.483568
-3.439633
-3.624954
-8.477741
-13.080220
-4.127259
-7.324912
4.071578
-5.029713
1.760730
-3.956981
1.625409
13.188190
6.301970
2.368080
-6.728394
-5.419956
-6.227479
-1.242604
-8.413517
7.838111
-13.539788
4.828520
-19.924147
8.712362
2.463760
3.955811
-1.794521
4.592132
-9.578787
-14.219514
9.299628
-15.768206
-6.197620
16.620359
4.637386
-6.918760
-4.445344
-13.648166
10.985258
1.181327
-5.680855
-4.286729
-11.059797
1.209827
-2.225598
-7.673590
5.425857
0.829824
-7.107314
1.152835
-8.684876
-6.225696
6.388189
-4.464351
6.945780
2.780684
-15.313517
-12.500354
-3.007955
-8.385003
7.636910
-0.690650
16.689692
-6.072232
-6.465071
4.593210
8.319060
-4.954129
9.703205
13.670156
-2.497733
9.514378
-7.848202
9.357837
-1.753540
11.166981
-2.167730
0.420110
-10.826701
3.699665
-1.810683
-10.065045
16.316912
6.126027
17.785496
1.481991
6.145158
-4.993572
-1.331009
-8.746594
4.451688
-5.223814
0.346762
6.585691
-5.278961
3.498801
-13.030659
9.481942
11.523438
8.034082
-5.448309
-6.863286
-10.071111
-4.084764
8.317530
2.503778
15.488597
-5.863337
-4.120099
-4.919129
-19.470423
-0.302803
-2.349946
3.259417
-8.675206
7.414434
6.215220
3.188474
-3.027751
-8.235928
2.818053
17.560549
-5.822742
13.763834
-11.052753
-5.942280
13.432575
18.307024
-9.976582
-6.509110
6.305834
-11.505061
-1.629011
-15.294784
2.488171
-2.598259
-3.995059
7.415802
-2.567163
-11.138854
6.741902
14.827454
-3.447781
-2.749240
9.057179
-5.171060
0.236450
-4.678583
-5.695003
11.170410
16.537991
-1.144448
6.294733
-9.300256
3.755932
11.369101
2.536270
1.775935
0.556301
-0.221029
-3.522852
12.084417
12.289566
-3.650893
-5.520884
3.288103
13.624608
4.642050
10.559033
-11.046843
-1.862510
3.960075
-14.364235
5.480056
-0.253364
-8.647781
-11.314343
-4.712891
-8.600717
15.978744
-11.671147
-17.976793
-2.489065
-0.127120
11.948514
-2.692246
7.251260
3.461934
-12.371532
5.028203
3.020550
-7.626762
-6.496314
8.919952
-4.403047
-1.021460
8.083422
-3.429242
-0.168289
9.912697
2.150148
3.302300
1.933042
-9.410013
-11.605351
14.190110
-6.891171
0.467545
-6.949850
9.266406
-10.058393
3.012348
4.421512
5.060073
2.529675
3.447784
11.940913
14.421631
5.020621
0.218307
6.385791
-10.292818
-2.698249
7.605975
3.830139
-5.287967
-7.088227
-6.919528
3.440053
-6.563976
-3.271567
3.446064
3.896117
-16.513735
4.590723
-5.397402
5.611219
1.518096
18.997963
6.458060
-9.122131
-2.386837
9.985113
-3.127349
-5.992224
6.850852
-10.015644
3.564349
10.068894
4.994619
10.161260
-12.422773
3.508597
-1.033928
-12.704926
-6.062159
4.624204
5.957129
-2.345309
12.493886
-5.486639
12.832321
14.635927
-7.628635
-8.834121
-2.843837
6.837053
2.347507
-9.073706
0.703870
11.890301
4.166195
7.406235
7.323458
-7.514242
-2.797824
-9.942888
-1.782048
-0.304045
-10.452059
-7.166083
11.235817
-9.599306
14.440989
-5.958761
-7.338223
9.369728
-5.171525
-7.258077
7.020796
-1.627151
-12.164248
-15.633576
4.287582
-2.519341
-0.639652
5.989310
-6.958666
-10.496642
-8.811905
-6.008493
2.202105
3.156657
10.680803
-0.508648
8.107031
3.519244
9.571749
15.659799
-2.709765
5.685592
-6.080582
6.191914
8.437551
7.826030
-9.798395
-2.661887
-3.245695
-13.614943
-2.731502
-1.968699
-9.925250
-1.203881
1.952977
0.350581
13.369415
-3.013556
5.866172
-3.548889
7.521827
18.108860
2.967725
-15.447864
-7.342171
1.289668
0.138651
-3.111318
-0.491107
5.759501
-1.635546
7.557772
-0.425884
-2.201363
6.550632
-8.115274
0.279063
-12.750611
8.334920
-2.221162
-1.666244
-12.815564
-14.300943
4.037790
-4.638233
-8.044567
6.117087
2.533892
10.181575
-16.356329
15.360193
19.331249
-17.910233
12.093319
6.294981
6.169402
-5.349068
6.711320
-5.063962
-3.032203
1.154547
-2.549355
8.364100
3.040295
-4.842609
6.507268
-3.108102
15.663916
10.531082
5.838265
11.803125
-2.828549
-5.380279
-5.988500
10.065903
9.687866
6.811942
11.884400
-13.003469
3.823719
-11.518017
5.709000
11.162250
-16.322590
2.817195
1.447789
0.331299
-5.133753
27.748812
-3.949111
9.586181
-4.157888
-7.046210
0.675257
-11.968842
-9.451586
8.911713
-3.157184
-3.349891
-2.461623
-14.008634
-4.994780
-6.776880
3.208523
6.094531
-7.667791
1.979643
8.106290
7.897667
5.336125
16.929241
0.212334
-0.283199
6.484375
6.783443
-10.140000
-1.208673
-13.870648
9.282723
-8.210206
1.180493
1.757161
13.128610
-4.226249
-6.616953
4.465106
-8.178625
0.249837
-9.330279
0.601449
2.122385
-6.450923
-2.987678
7.910743
-2.651843
9.172333
15.459880
-6.761991
1.753502
1.121558
-4.677957
-15.988769
1.117712
12.319445
-7.528838
0.630744
-13.865686
15.895177
-2.048712
-11.469943
-0.198929
-9.673035
10.327962
-14.095772
0.945932
-6.335039
11.357953
7.073140
-7.011529
5.452731
8.295145
-6.765712
7.174606
-16.588686
-9.181784
-5.998108
0.671974
1.988054
2.231974
-13.105031
-15.247376
-5.984686
-6.222225
6.916301
5.315080
-7.195640
-1.780379
-6.216172
11.282569
-6.549747
6.563805
-5.461269
-16.251060
3.621810
0.729904
-13.946903
-3.144590
3.071981
10.147668
-9.334240
-11.614406
3.396841
9.596260
4.192732
-7.325922
10.926314
16.505531
-15.755460
7.862814
-14.818271
5.236612
6.384326
-3.349814
4.330329
-4.675940
2.883471
-8.842667
-13.043994
-5.408536
-2.658876
1.936505
7.464663
-8.655219
11.751166
-4.691408
-13.719881
0.154197
-9.918976
3.558769
8.185205
2.256438
-0.801078
0.274233
-6.506720
-10.887969
4.245633
6.674700
-6.948561
-10.450571
2.658848
-3.115750
-4.252984
-17.359198
-9.082911
-5.051626
-8.646083
-5.655823
12.909159
13.244451
8.718088
-2.907015
-4.855958
-1.616603
2.875423
11.428534
-12.331200
10.096890
-6.266017
12.021834
9.394479
6.154545
6.412358
-7.956499
-12.098896
12.833576
-12.387597
1.185625
5.784674
0.845872
-1.543592
-1.182601
-6.505838
3.514199
5.476697
2.923268
-3.551385
4.520612
-11.462689
-13.344374
-9.691623
-4.890400
-1.724182
11.381473
6.472464
-0.171510
-8.227827
-6.703990
-6.246723
8.139317
-12.654153
1.679586
-7.818473
4.580144
-1.856764
-3.156604
-6.951805
7.716986
9.941818
-9.342072
-10.021195
10.384524
-8.442476
11.132487
5.867079
-3.919313
-7.555259
2.671054
-10.112849
1.907352
2.839677
13.311526
13.877033
-1.549856
8.660240
0.945171
-3.994160
-7.352270
4.954152
19.429585
14.543836
2.641617
-1.878276
-7.640973
11.236468
0.184247
-5.671855
1.991178
-4.376356
6.964971
-14.177444
1.581057
-6.917145
6.970413
11.071378
-11.183662
7.431421
1.081046
-6.552052
0.863051
10.781600
-2.293522
-0.567100
6.725018
8.300853
-9.049723
-2.495955
-5.027053
10.316357
-1.950340
1.153789
6.208883
5.168208
7.470298
-8.946284
10.739221
6.723095
7.981677
1.969207
-5.235016
4.547958
-8.416669
10.644298
-6.785013
-16.866117
4.859805
13.464602
6.603924
-5.093941
-6.915790
4.780229
-2.742513
-0.941677
-4.576247
5.060368
0.464267
-3.124494
7.300794
4.312943
11.106403
8.320044
6.492242
-4.125494
1.396792
-6.042029
3.559255
-6.921006
-13.268186
0.478041
2.309257
10.135005
-10.374499
1.874423
-1.538688
3.780843
-13.516411
7.231602
4.811996
-0.379399
9.317133
-3.190693
4.382435
4.253488
-4.106289
5.959363
9.931124
1.410825
2.057554
6.850714
7.276715
6.866429
-8.054624
6.942546
-3.380255
-0.486984
-15.677492
-10.394549
8.293209
-2.014362
12.076084
5.862910
10.253174
-5.246648
-7.465956
5.438671
11.486835
26.873770
10.722462
-10.236156
8.322297
3.931465
11.307587
-4.351793
9.473465
-8.783367
12.818335
11.862315
7.902460
0.707085
13.567397
-5.841626
-6.560212
-4.779468
14.149336
7.106659
14.420227
-3.930155
11.836909
17.779678
3.551293
3.381079
4.563129
-7.708859
-10.248282
-3.512617
-9.400099
7.034258
-6.700501
-1.068424
-0.990530
2.089014
-5.296525
6.820978
-0.829041
1.019707
10.683543
-10.710046
3.654058
18.045355
20.180023
2.849846
2.608991
-3.572392
5.486738
10.381913
5.025249
-20.462622
-3.876335
-11.545877
4.723843
-9.173449
10.931588
0.827782
14.461477
5.900611
-7.441626
-7.266474
10.103353
4.234785
-1.748963
-9.147447
-0.573040
-3.541240
6.315920
-6.635394
-3.745052
-7.557693
-3.639858
2.382298
11.551079
2.210852
1.776676
7.495319
-0.909138
9.031961
12.029229
-7.454772
-2.510137
7.604922
2.911381
-11.699370
2.620933
-13.175631
4.800773
7.842866
5.562527
-6.447017
4.925029
-7.402169
-1.965910
7.968485
-11.875930
13.983212
19.967007
-1.957009
-5.105707
-1.237688
-2.193169
10.935739
5.417659
-1.177855
4.336051
2.409802
-2.372443
1.484329
7.560915
2.279952
-2.006750
-8.522477
1.462319
-6.261606
2.046497
-10.088875
-13.800876
-0.640105
9.359373
-7.627364
-3.320646
2.049191
-8.136912
-3.427518
-6.245377
-6.654552
11.498737
-11.662294
1.105563
-8.923522
13.940457
14.101192
-14.805663
3.758570
5.331452
-0.335858
3.997664
8.387623
-4.925539
-15.255077
-4.987768
10.239767
-11.350375
8.841186
12.891484
11.396749
-6.320309
-2.502399
10.135831
-9.466319
-5.158204
-5.496275
-0.330592
20.490108
-13.690937
-15.808977
-8.356143
7.383175
-9.849204
1.699129
5.577284
4.530736
4.478435
9.602527
-11.827442
3.927309
3.689404
-4.328216
3.216134
-1.590898
13.360196
7.046673
0.856435
6.415885
-8.628627
-9.005027
-2.926374
0.655247
-3.905527
9.969389
-4.945074
3.429930
1.344898
-7.081015
4.546540
5.869912
8.202776
-6.985864
5.394083
-5.738078
-2.552971
4.443365
0.397393
8.420527
-0.199978
-7.367363
0.927521
2.490147
-13.050550
0.453367
-10.340231
-6.872968
4.897643
6.528847
-9.325656
-9.485345
10.968019
4.147806
-1.464923
0.478355
-8.391617
-4.108152
-8.525067
6.039786
-0.985570
-11.871653
-6.868647
-2.693542
-12.550771
7.285228
-4.385286
10.129397
-4.371326
7.917284
-12.031336
8.965367
-4.307436
7.013822
-2.939163
3.994424
-9.596452
5.152766
13.841596
0.977138
5.318151
1.825130
-3.741535
-8.157155
-3.576667
-1.049630
9.488747
4.514298
-6.820574
-0.722251
7.472136
14.336057
-2.235497
4.832489
-15.076636
12.409309
8.083446
-5.741829
-9.473676
-10.075974
-7.939633
17.953842
13.613213
1.509321
11.682525
3.733751
-10.621259
-8.142598
-8.777049
-8.149088
2.182512
-3.634299
-10.936360
-6.296574
-13.385985
-16.719404
-12.852469
-8.872322
8.524945
2.698526
10.976956
2.538331
19.018120
10.498329
4.584565
4.549952
-8.354973
-20.554033
0.328669
-4.025015
-9.930371
1.966827
15.035987
3.360898
-0.047269
10.123669
-1.483872
6.228931
-1.766298
-0.843732
14.189395
-18.876810
-2.513981
-9.934653
7.199959
6.416712
2.061174
0.728574
-5.105000
-6.672327
-13.147062
-3.522774
7.596096
6.080328
-15.951051
-7.614530
-5.719491
-0.209141
23.675419
-2.412586
-8.900311
-0.689052
-10.140944
-0.713164
7.766175
3.061066
-0.568852
2.367287
-11.772928
3.126633
-13.338470
-8.016272
-2.535513
-4.440556
-7.791542
8.297813
-7.868319
-1.588413
10.231490
5.181944
10.859365
-1.363746
1.723423
7.407857
-4.926004
10.328713
-13.416620
8.456664
5.717161
-18.367704
6.160623
-0.878925
-4.901187
-13.962996
2.630123
-5.933954
0.598523
4.627810
3.675007
3.344450
-12.428834
11.365634
-4.530305
-3.588638
12.204865
8.627752
-1.773843
-9.877411
6.455882
-7.070917
2.816494
-7.255602
3.543165
9.376912
15.027328
-7.806777
8.033452
13.300807
12.436169
-8.287450
3.239669
-12.650317
-6.749898
-4.030615
-2.822548
-6.912715
-4.548167
1.028764
6.073022
-9.819565
-7.739028
-7.334201
-4.159286
8.030546
-6.555171
2.129379
5.255605
7.715691
10.391313
-13.016009
-4.041384
-1.036411
16.085768
8.148945
-3.827178
-1.764360
10.962799
-0.400591
-2.528280
11.231825
-13.652183
4.112384
6.576500
-2.288347
8.465755
9.818686
-2.079333
1.769835
-1.278819
0.582449
-9.985667
2.321398
8.493338
5.906938
5.834162
1.244513
-7.420133
0.012463
4.728795
9.114383
-5.037770
2.708063
3.666698
-8.558371
-6.990364
6.697312
11.037536
5.672400
-6.069232
-11.721180
7.450069
6.920335
-10.553082
-0.409775
-13.966041
10.122013
0.357677
-7.989829
-2.939094
-14.731750
1.683910
4.591611
-12.692883
-1.964511
7.926868
14.634322
-3.326510
-4.973908
-6.162537
-5.320933
-8.813735
9.306957
8.977116
-9.100133
-7.445813
12.325319
7.476688
-1.746064
13.791101
13.621493
13.353886
-1.662588
-6.189961
12.590416
10.536936
-13.381042
7.772378
3.192766
4.673858
5.254706
-7.909758
2.557126
-15.142977
3.277055
-0.330230
-12.593386
5.923442
1.970184
7.316329
8.219056
-7.029238
-1.391518
-0.747049
10.070715
-6.405420
13.995901
1.738266
6.313601
3.297980
8.356245
-7.988616
1.205473
-0.925885
0.243109
5.172281
4.121871
-2.086522
-8.874743
8.122538
-9.634335
-2.833925
4.179434
6.747776
-8.333709
-1.573559
9.211834
8.687469
3.122334
14.793871
1.341094
0.396138
-8.337092
-3.155645
4.289042
0.202626
-3.401763
9.371585
6.514099
8.381722
1.743297
14.510802
3.787382
10.399959
-4.977191
-2.595718
1.291836
15.313840
-11.363045
3.088708
0.944135
-11.620380
-5.099905
-2.981231
21.874239
-2.300313
3.953062
-1.666373
-9.072972
1.106948
-2.513614
-6.046453
0.146469
6.961730
0.860742
-0.177670
-4.869292
-13.032996
-3.941003
-3.276463
9.028510
5.596694
14.480314
4.377006
-0.769329
-8.533326
-7.456242
-7.854930
-11.909805
3.619061
-1.726524
-1.604468
4.567840
1.661754
-7.119246
-3.238289
-5.589412
-6.670261
5.028264
-10.603904
-7.078735
2.680987
-9.484609
5.844008
-4.557506
3.058222
3.813315
-0.923732
13.200989
-10.583885
-2.057816
-8.338881
-7.458695
0.166747
-2.445888
-9.139467
-0.465048
9.680737
7.555995
8.594566
-9.050168
-3.000322
0.969353
1.798909
13.297418
-5.630298
-2.636382
-2.966846
5.102036
-0.599191
-3.226160
-4.892291
-14.330544
5.317735
8.920761
-14.131152
6.557714
0.637922
-10.462173
1.234369
3.471329
10.048657
12.527088
-10.272928
12.026897
1.394525
-10.942040
-3.682283
2.247369
5.337380
10.549786
3.958830
-5.983142
-12.555832
-5.849651
9.303699
-14.095279
3.267903
-2.863581
-13.984481
-1.216867
-2.371422
3.239790
8.747710
-3.488395
0.131620
-11.338145
-15.817983
-23.438885
7.611902
-6.832592
13.602841
-0.629945
6.801332
6.130124
7.161928
12.129786
-12.271458
-4.406023
1.829865
11.643123
16.500134
-10.532942
-10.406017
-8.389286
-3.867517
-1.279562
-6.660990
-12.395389
-11.120991
-2.918857
12.367862
-1.258800
6.329228
-0.231449
7.506618
5.434032
0.307998
1.793882
-7.388665
-1.527716
-3.975808
11.316072
-1.423727
-8.452551
5.105334
-9.239510
-0.422484
-3.439142
-14.339665
11.046119
2.811323
9.599431
9.151914
-3.828860
12.775842
3.968537
4.778242
-12.219251
-9.130249
-1.492325
1.804561
-6.226975
25.721838
-8.767090
-1.599580
-0.081681
-6.017262
5.452991
2.918362
11.450939
6.669810
5.706284
-4.738056
-4.018358
2.858514
11.375319
-12.450232
-0.797001
3.168095
1.836499
-1.188846
-0.123673
13.870294
-3.609059
0.769115
5.137836
15.399435
9.276832
4.662698
-4.181121
1.258850
-17.642223
0.720479
-14.681998
9.796340
9.033633
1.635991
10.638486
7.520855
7.026851
15.286124
-0.664892
-14.900643
-6.191280
4.754676
12.108237
-7.142243
7.854960
-0.772852
12.515698
3.906678
0.430521
-3.287030
-6.961518
-6.320683
20.454002
-9.868810
7.618847
11.680285
0.354013
6.310914
9.567381
-7.354126
9.440443
0.173531
-13.983763
-16.283598
6.832996
-2.560141
-1.809411
5.585614
5.860048
8.147503
21.686031
-14.936575
23.563732
-11.164445
6.584259
-13.804087
-9.874622
-8.238420
0.908779
5.827210
-5.711323
-17.893370
4.551770
15.889637
-0.332144
-6.701111
1.958673
0.833814
0.395032
8.930431
16.672176
5.322820
11.548285
5.618844
2.593227
-6.802193
9.447074
-7.610052
-3.304522
1.308441
-0.844202
5.640402
-2.884238
-4.131119
-3.546438
-4.258648
-7.830023
-5.113625
-10.137446
14.406651
-2.382138
6.303260
2.841513
1.575255
-6.488975
8.627927
7.245589
5.475244
6.005682
3.066907
3.160460
5.420129
-16.855032
1.449655
18.538059
9.514386
1.037850
3.214081
-8.009253
3.005390
12.032885
-3.067739
6.005057
6.310003
2.090760
-3.302439
3.672679
-16.960426
-7.384460
5.078196
15.669394
-13.627967
1.647806
-9.738095
11.658794
9.977156
4.869980
-0.828409
6.241596
0.035341
11.721444
10.397167
9.474334
6.105540
5.495165
7.941215
-7.508642
-1.390436
-6.471571
-3.454936
4.143528
-12.471064
12.616598
-1.854920
8.713338
-11.757538
-5.246573
8.275120
7.270191
2.620961
-14.143960
-10.251304
-2.380135
-2.048904
-6.599536
-6.576752
10.235622
1.041681
-2.481250
1.922812
-10.760840
-5.600747
-0.992086
1.212327
-5.196521
-8.577357
-13.996175
-16.052248
2.538806
-5.633427
13.339687
-1.223553
2.267518
1.314581
-7.652247
9.489651
1.479721
-3.399463
-1.007847
9.294208
-12.376838
5.076774
-3.073632
1.605447
-5.471590
3.958880
-0.336681
-14.145339
6.184042
6.338317
-0.810574
10.054930
3.471941
-2.183822
0.539296
15.594618
7.045281
0.090668
11.158482
-8.483150
5.805085
12.690022
-5.884198
1.894415
12.162900
-0.899987
1.255024
-2.705746
10.668976
2.112121
5.101136
4.303679
-6.938610
5.544360
-5.402365
-7.102453
-8.100274
6.760668
-0.784792
-3.042298
2.741644
13.836152
-0.993128
-4.925573
4.079356
-5.588545
13.238257
5.939044
-11.252476
8.170902
0.316012
-3.293496
12.247264
1.932328
-0.997715
0.256240
-2.762779
12.829145
5.555954
8.067597
0.228923
-4.351779
-5.077952
5.237723
17.484713
10.609754
5.470191
7.812057
3.571854
5.005499
-2.106944
8.516422
-4.451130
3.653190
10.570577
2.873324
-5.313307
-4.527677
-8.347659
-4.082862
-2.674121
-1.109831
-5.620697
-6.147937
-6.501351
4.630389
14.043883
0.230776
2.406179
-16.342699
5.751194
10.575774
-14.376899
15.133772
-7.644365
1.552672
-6.239956
1.650095
14.765515
8.548676
-4.693421
1.057810
-0.980378
7.039045
-3.306064
5.963048
-4.512500
-11.245638
-0.576302
-6.555160
-1.650702
6.151313
-1.702953
5.504635
0.282634
6.195601
9.835111
5.607083
-10.031487
-0.720487
3.803679
-1.752154
2.346529
0.960151
15.419304
10.912722
-18.700766
16.339449
14.666479
-3.260111
9.638067
-0.718280
-13.900217
-2.978137
-3.607977
-0.792743
-3.080677
-6.351197
-10.859660
-10.703493
-3.800265
-4.840679
4.588813
-9.346351
-5.071223
0.650029
14.904455
6.357146
7.471650
-3.820343
5.019917
0.822290
-14.769870
-10.516990
1.066832
3.263179
-8.995532
-3.615914
-2.869315
2.178556
-3.786275
-0.357972
-4.926454
2.916854
-4.955963
17.604015
-11.465827
5.226275
12.943711
6.898184
-11.257405
9.910801
-8.438911
-4.831840
4.798265
-7.267813
10.946198
-1.030317
1.944885
-0.371149
-3.558336
-9.846911
-2.952386
-15.292092
-11.972917
15.017570
-13.484181
-10.322852
5.906820
-10.466227
-12.459163
3.485976
-10.075347
6.135411
9.672300
-6.704437
2.548522
0.046336
2.309852
-12.741928
2.523943
-3.637351
-4.605698
11.726096
7.769252
-0.619891
-2.894758
-8.304176
0.470855
6.284683
-4.552560
-3.530611
9.425490
-4.536464
-3.303857
-3.038193
5.472906
-5.352169
4.556276
-6.773193
-13.096180
-15.695184
-7.015000
8.392917
1.253089
-11.858967
-12.039246
3.864236
-6.115205
4.168579
2.231364
2.234382
13.997547
6.052823
-5.308640
-3.711064
-11.408255
-2.577141
-11.395737
3.331009
-3.011268
-8.839683
-8.175783
-1.661976
4.760071
0.606968
-12.987514
6.031787
-8.784807
6.175093
6.840184
-2.058200
5.999146
-7.426900
-15.968461
3.948631
-10.155956
3.320877
17.957071
-12.286963
0.530756
3.521661
-12.529188
-2.823334
8.916682
3.765985
8.282187
-1.224219
11.543579
-0.098981
-3.257306
-10.401519
5.460671
9.292542
1.682835
25.478779
-9.575754
5.765727
-4.025476
-11.432297
3.510610
-9.039880
-7.530259
-8.445298
3.113594
1.548950
2.233498
8.043627
-2.659784
-6.069253
-2.500096
12.214496
-1.095093
14.453624
-0.229567
-2.478852
-11.901887
13.286198
-2.395278
7.613331
-5.477129
-2.407172
-7.812748
-20.795126
15.009190
-3.179530
-6.612933
-0.918398
4.877352
13.908629
-5.310026
28.846720
-11.915441
-5.362315
-4.318631
-5.347302
-10.726430
-9.893832
-1.006160
-6.716681
11.006139
-6.251173
2.515415
-0.377207
6.195357
-6.132435
3.387764
8.264579
7.039985
2.229619
-5.996771
2.000115
-8.521427
-18.120169
-7.969686
1.493681
8.374570
-6.080454
6.512889
6.113859
1.065500
-5.882409
-15.851005
-4.076092
-9.061770
-11.907590
2.562686
-11.667573
-2.673890
1.222142
-0.161686
-12.158000
13.717665
-11.845682
6.545759
0.604988
-2.312344
10.438722
9.164551
-5.853928
-4.368265
-13.147844
-0.969433
21.047832
4.255644
-6.820585
-1.322884
-5.971797
-3.521497
-10.052759
5.933683
-7.028275
2.789429
1.077806
3.288768
-2.944246
-8.111596
-11.470960
-5.330430
1.407652
-2.445364
-7.559169
21.679041
-1.925035
5.694968
-10.535728
-1.339443
-5.435846
-2.203524
-8.535899
-0.319484
16.559114
21.858351
-14.770832
5.653552
3.864812
5.462117
1.209249
10.571318
17.382940
-0.939331
10.839992
6.010790
4.062230
-6.556256
11.299400
-3.683291
-5.132481
-22.563099
4.961944
1.994473
-3.332663
2.870116
-4.574776
-11.471833
-6.758761
-2.614720
4.432676
-2.273166
-20.570887
-14.763822
-9.016524
12.970973
-3.051427
0.562678
5.635180
8.203207
-1.968668
3.419393
1.595243
-4.537376
-15.666508
-8.393408
1.681114
-18.425467
6.609905
-13.943876
-7.078934
-6.774369
4.270876
-3.162896
-1.694566
-16.895939
5.527882
-6.067253
-5.368941
-1.475123
7.351235
15.979964
-22.255527
7.029851
5.122578
8.281593
7.531189
-5.519870
1.228360
9.210665
8.324527
-5.295055
-8.717183
-3.780324
-16.539169
4.270890
2.406488
2.343358
6.962084
-15.643245
6.193075
-2.679703
-12.288519
-4.338302
-2.564317
2.685097
-10.659448
8.457693
-5.056359
-6.785114
-0.378397
-12.211934
-7.182965
-10.233636
-7.930368
-0.289256
-10.651634
2.025935
-1.906441
5.310015
2.389918
2.307621
-9.212498
15.062643
-0.465248
11.224277
-5.721265
-8.173429
17.147837
4.532000
2.759837
-12.447002
-5.252417
7.994742
10.405547
-2.070681
-16.758022
-3.591734
6.130548
15.372561
-10.220037
0.782010
-7.877346
17.401249
10.463462
-6.375418
9.001242
15.985546
1.719509
-16.349594
2.971357
0.074039
9.756914
11.360532
-0.064777
-10.583956
12.321520
2.700287
-1.876271
3.384401
-8.992599
-9.270839
-4.039029
12.342127
4.345198
12.460114
-14.009747
2.371619
-6.874380
3.540262
-11.146806
2.528902
-0.713353
-4.768990
-5.614931
2.631912
1.865186
7.409961
-10.402487
1.953796
2.185301
-14.248637
-1.691223
-12.243721
-5.388212
-3.143544
-2.965641
-8.149693
-1.069970
-1.495311
-12.312477
-1.890065
-15.824844
12.670196
-4.627486
3.268085
4.160282
-3.805513
2.793811
4.359549
25.284475
1.137998
16.592499
4.552919
-2.304821
-10.542188
-0.746231
6.262003
-5.605046
6.722807
-17.409866
3.587996
-8.113762
10.240644
0.133740
-3.147790
-20.372023
3.993584
2.667925
8.269721
22.516836
-3.841630
-4.398128
9.329543
5.896437
10.077114
-2.581379
11.165015
-11.888437
3.234980
-10.434214
-16.545893
-2.585037
-12.059312
5.109597
4.057192
-8.199036
-18.934078
8.292721
1.167657
-8.151263
13.191453
-10.240559
2.692558
3.475660
-6.995439
1.920535
-11.747335
1.454961
19.066420
-3.531956
-11.696399
16.902821
8.643951
-0.571983
-6.737041
-10.649487
-6.773555
7.084076
4.228800
-8.729915
-0.240572
-2.882667
-0.029666
18.573673
-3.629449
6.376368
5.556866
-8.644392
16.385759
-3.019536
-7.700673
12.823226
25.779207
3.303804
-1.998272
-2.274614
-3.350282
7.362995
-8.489112
-5.784988
8.405536
-8.597925
-11.119046
3.095703
14.230273
-3.270336
9.962185
-4.073543
2.686510
7.965101
-14.302038
-3.165139
-3.373741
3.563435
-0.457020
-10.906773
12.283921
-0.545099
1.938479
-1.965159
0.607234
-7.817698
-2.678757
5.129002
-1.904125
4.542678
7.935249
-18.159170
11.750166
-3.384387
12.297428
3.995206
8.513180
9.605895
-1.016984
6.297365
-7.341735
1.817256
12.603450
15.088260
9.898293
9.185107
11.013926
5.153590
-11.258162
-7.296058
-3.563908
-28.026566
-0.099123
0.686674
5.229048
-1.847051
-1.553925
-2.160841
3.060173
-7.448365
23.242502
-6.110412
-9.385855
10.969709
7.813380
8.989958
1.407462
4.346708
-0.987464
-5.543326
-2.009478
-15.382311
2.071421
11.844527
8.763168
1.309102
-4.008051
13.319308
-9.839087
12.268251
-10.443571
8.325834
6.888142
9.019691
0.894210
-14.907148
-7.471259
-4.516540
-5.432376
-6.719516
-9.556376
-5.395156
-0.449647
6.217616
-11.615250
1.758602
-9.344675
-7.327547
-15.304310
-6.196814
-0.305566
-3.459899
0.036170
2.315871
13.360353
0.827861
4.537409
0.670965
-5.497014
-11.315882
-3.862050
6.668845
-6.917721
0.854116
-2.843140
-2.889207
-5.812794
-10.045504
4.018421
-8.518780
-9.974255
-8.350666
10.095033
0.192116
-17.556723
14.388760
-8.489557
15.941912
-5.721426
6.298759
6.124033
0.834412
-0.758356
-20.735229
12.280288
3.259175
-0.742410
11.863400
-4.738846
7.549119
-10.195346
-8.695394
-2.729278
1.240574
12.446340
-11.411239
7.589608
-3.896688
0.625288
-1.732066
11.953536
4.276261
-7.264194
9.172701
9.949038
5.930886
7.894464
-17.114569
1.441151
3.056574
-18.537462
7.711638
-2.273140
-7.617387
11.993847
-4.062889
8.017742
-3.025316
-2.093290
-5.565388
0.460488
-3.271947
-7.883698
9.131184
-3.072280
-5.660683
0.972947
-12.174788
4.785268
7.453748
5.135612
-5.455401
-19.377134
-3.074485
-6.051293
-9.632322
5.760159
5.168595
5.275023
-21.339386
-10.852949
-0.295548
11.075817
-2.825493
5.575965
-7.974238
-1.768830
-3.160683
-6.046592
2.995923
-6.711287
-4.128977
10.751724
11.852938
3.565096
6.700097
13.964894
12.665710
12.049813
5.697228
-11.334922
2.993296
-2.157025
-2.330377
2.053284
-0.266427
-15.079479
3.807510
-3.137982
-7.482333
-6.324196
4.423041
2.791945
10.190219
-3.376236
0.353244
-10.214309
-9.171526
-3.911530
-6.705621
10.140641
-0.850625
-8.465286
-0.910551
-10.623425
4.837176
5.952621
5.068071
0.174367
-6.656763
8.607046
-3.931556
-8.444536
-4.594121
10.872057
-11.542704
6.868224
-5.877196
4.358819
-6.454686
12.492872
0.556520
10.484924
4.521741
11.051329
3.535941
-1.920634
-7.196322
-8.378385
-5.004540
16.064695
-16.528608
-3.482458
-12.014753
5.468228
-10.549958
3.077329
6.505725
8.653867
-7.109797
5.733618
7.655734
6.717451
1.979366
-4.528471
-11.889073
-14.081839
-3.296176
-4.865096
-5.426330
10.371562
-0.029810
2.631978
4.586093
6.864579
5.433359
3.172754
12.609076
9.329890
5.472250
0.747685
8.112107
-6.392614
5.080664
2.272460
1.775071
1.408490
-2.840379
0.248072
4.302314
-1.816364
8.841548
15.348138
13.228373
5.427084
4.883363
3.459472
14.385049
8.338799
12.682611
4.949866
10.849572
-9.481489
4.071278
-12.402631
-1.295493
-10.471196
2.454001
-1.685291
5.272833
1.479580
-0.773027
-11.842772
-2.907118
-6.826494
-8.022889
-3.110353
-11.735941
-4.896259
-8.586178
6.297113
1.993121
4.570443
0.700484
2.846845
-12.190187
-13.965558
-1.537898
-7.481398
3.577992
0.846111
3.985559
-13.462673
-6.882382
7.771839
-5.855455
10.682445
0.023326
-7.544957
-2.223730
-0.847897
-0.623905
2.360195
-2.953384
-11.263394
12.112248
-5.279291
-0.588206
-12.125305
11.584171
-1.015062
6.596377
0.833137
5.456202
4.448711
-6.379963
6.501311
12.289310
16.883333
-0.026913
0.616105
-3.778239
-11.494073
0.624129
8.999454
2.198172
-0.862414
3.270835
-1.980596
3.364570
2.714194
3.359167
-9.021811
-4.185577
-10.167045
-0.030858
-5.323547
3.785277
-1.467538
-6.468392
-8.564233
-11.566122
3.085530
3.112670
6.240491
8.475973
-3.369389
4.441385
-9.667718
5.461764
5.823551
-10.705661
2.924081
-5.871449
-18.865309
-4.881931
-5.056787
1.819461
-5.066158
3.589805
-2.320791
1.220485
-4.232004
-8.601596
14.966952
13.478276
-0.159003
-8.119500
-13.637556
6.826177
0.943725
4.655184
15.669764
1.588346
2.203254
6.445189
-2.389241
-11.113426
-3.156784
3.519557
4.968349
-13.710675
11.466044
4.767099
12.453220
10.284191
0.913867
12.228885
-12.261000
-2.317734
-6.167807
1.578252
-12.707346
-6.141057
-13.371122
12.772812
3.545680
1.224053
9.978039
12.026268
1.167620
-3.872190
5.091679
-0.003242
2.745668
10.615849
3.140290
5.166959
13.072435
-0.202208
11.954782
2.021302
-5.255391
-2.500043
-8.778284
-0.939012
2.830173
4.160591
5.321356
-1.779721
-11.740801
-3.501112
-14.210995
16.512693
-10.391932
4.671675
-3.289705
4.336766
-13.838202
6.871407
1.073565
-0.138681
8.261703
-3.710742
3.057190
-4.048490
4.257348
-13.816102
-1.742004
-4.174356
-4.013515
7.948071
-5.566628
6.793760
-0.970027
-5.911950
-14.140011
2.691344
8.085152
6.064442
-15.130346
-4.757329
-1.666346
-0.884050
-15.939243
9.611441
-14.537389
-1.440338
-17.991499
3.623563
-8.603643
-0.600249
9.492764
-4.040325
10.481234
15.703975
6.276253
-17.050865
11.077627
1.437213
-8.530478
8.042051
7.399057
-3.888434
-4.045734
18.838774
-8.811647
7.511793
-10.504797
-10.265742
-0.319800
10.025682
-12.302804
9.553818
2.870510
-3.198037
4.961127
-2.599326
5.485725
3.356052
4.916907
-1.075468
4.851520
6.890627
-5.111797
-4.687558
14.786213
3.634128
3.903993
10.688070
6.423610
-2.116037
9.646586
-6.405595
-12.786425
-10.266310
1.166979
7.358106
-3.691695
-10.352499
12.619823
7.925398
12.964733
-10.586218
3.594099
-2.025380
2.299899
1.463024
-8.572856
-2.294128
-6.136116
-5.582891
16.515266
5.677938
-1.307932
-2.750175
9.112323
6.869928
10.047823
5.545101
-3.504375
-6.243560
8.640797
-7.629639
-2.146384
11.779860
-3.384116
14.065425
1.369960
-2.450044
-8.304325
0.346837
-3.433645
5.394164
-7.176006
9.883229
6.335098
4.945098
-2.362549
-7.093726
1.542397
4.772795
-9.145873
-16.425632
-0.298985
-6.943042
-12.134344
-2.104367
10.464801
1.961088
15.587847
-8.047657
0.117045
-6.988583
-0.169316
-8.846377
-8.030036
-0.311021
-2.646760
7.854293
2.489888
-1.664026
-12.624414
15.547554
12.399297
3.917658
1.167975
10.519606
1.396867
-8.103482
-2.843610
7.006629
3.609283
13.341028
-9.113080
4.400209
-30.794760
1.446151
-5.813159
13.894501
3.134843
-4.699890
-8.256966
-0.572452
-8.371268
-15.920323
-13.650545
-6.215709
11.080230
9.010381
-7.695169
-10.852108
5.443435
3.003125
-12.355428
-8.917852
-0.979871
6.173067
-6.212674
0.179939
16.245577
-15.817571
-14.649810
-9.495212
-5.295256
11.105907
7.448340
0.792289
-5.991243
4.597406
0.875881
2.064743
7.345805
-1.829128
6.264781
-0.783600
-9.072190
4.968573
-8.111985
5.487017
-3.345544
3.307373
3.527492
-11.042427
3.706856
9.323192
11.324114
3.312223
8.042933
11.918618
7.280178
3.396335
-10.610820
-9.912674
-7.164495
9.792974
-4.110986
4.486022
-4.838171
-0.465648
8.649114
-3.681065
-3.368746
2.459858
-14.813044
-0.115319
-6.004487
3.851114
-3.775875
11.949992
3.588279
-13.023295
-8.119560
-4.590423
-4.177417
-5.071652
1.681560
-6.535676
0.671282
-5.676380
-6.427094
0.217602
-7.281194
2.733456
-9.354654
6.717051
-0.218919
11.200079
-6.394277
-4.493201
-4.595096
5.368072
-6.207077
-6.886065
-3.923187
1.472092
-14.012456
4.523064
6.820539
8.518692
3.170275
6.298951
-2.595259
6.000069
5.039626
1.015080
-3.604158
-5.898915
0.679778
6.778162
12.647709
-8.276068
-10.069448
10.182431
-8.341731
15.674624
-1.745118
11.510234
5.309040
-0.867067
-7.002955
-1.483312
2.909374
-0.115517
-1.548500
7.225428
8.357073
0.384863
-5.299340
9.233269
-7.312078
14.798415
-12.515783
7.895416
2.982425
14.328229
-0.733093
3.115440
-10.326309
2.226114
-0.529853
6.549012
-14.264486
0.486788
1.238104
6.835564
3.235596
3.578396
-13.056135
3.287884
5.570229
11.196662
0.709615
-4.867808
-1.760959
-0.291228
0.191854
-6.481729
5.502290
2.049192
-7.693505
-5.373659
3.930023
-6.740643
-13.133421
2.816929
-4.701135
2.932446
1.098401
-2.951196
4.890829
6.663185
5.945412
-0.804097
-7.322098
2.538607
6.368363
-10.146624
-7.086984
-22.530893
-4.806535
6.889739
-7.052477
6.577053
2.939194
-10.704297
-2.910693
-1.209157
7.666341
2.504752
-7.993576
-10.029933
-7.574943
-7.958142
-2.294839
7.238679
-1.250184
1.259118
5.078249
-12.298450
-7.134220
9.975904
8.634790
4.896125
-6.177916
8.133991
-5.282909
-5.491811
12.371313
3.409976
11.346115
-2.619513
12.211894
7.335082
-1.357542
4.707461
-6.698628
12.577785
-3.335158
-5.926102
3.429793
3.094590
-12.450785
4.633624
3.185812
8.602618
1.085725
-13.178484
9.374851
7.278179
-0.029251
11.847863
14.304841
5.300252
11.988436
-11.645097
-5.733181
-11.986528
-4.058934
12.525517
10.659102
6.437973
-15.295395
8.256827
-8.435757
0.828023
-7.309975
5.671827
19.807705
2.561634
21.281286
2.277104
14.867620
-11.894530
-4.521896
-10.932637
2.505913
2.066586
-1.076828
-15.801329
11.876473
-14.849449
12.608571
16.453594
1.153340
-0.519188
-0.809940
-7.576633
4.346301
-2.573159
-13.150324
-5.025356
-0.281341
-7.905411
3.545538
-7.875290
10.656368
12.197370
-5.203526
10.758594
4.461049
13.945347
-0.369844
-3.301302
-4.039090
-2.492424
-5.733437
0.415633
-2.359947
-12.426102
10.513919
-11.110833
1.109475
-15.759331
9.132583
-6.527777
10.956846
3.057856
1.481387
-7.954899
-10.259411
1.534213
-11.785133
6.080255
-4.177417
-9.626656
0.958979
-6.445985
-7.901275
-10.674949
-8.831834
6.804420
5.857441
-6.460803
9.113972
-6.267603
-2.237332
-9.395423
-8.457859
0.465105
6.114654
4.647563
4.767110
10.708533
9.768093
9.638360
-10.057943
2.651016
1.944581
14.922758
5.282038
-3.926180
-8.729733
3.782632
14.120014
9.826864
-10.293626
6.936793
-5.518311
1.816822
-2.907687
-4.789339
7.825298
-4.387516
5.910879
-0.020238
-7.647018
-8.448309
1.943288
-4.927887
13.846518
8.872066
13.078769
-1.269260
-7.561871
-9.269162
7.922544
-7.602570
3.608704
-12.893593
2.535262
-0.463820
5.127749
-3.811115
-0.433919
7.869931
0.505650
-2.674166
12.319496
-4.931732
-6.280823
0.033152
3.835314
-3.451279
1.495810
6.842505
4.629848
6.733482
10.209004
-4.070864
-10.261215
6.384473
-5.302309
-1.670729
-6.624578
0.680732
-5.940341
-14.371603
15.046537
-8.900577
-8.110302
-8.217721
-10.290894
-8.514362
-0.686017
11.938227
-1.462352
11.559655
-7.477035
-1.404656
-5.531566
11.066252
3.932961
-11.811604
8.018636
-11.418164
4.374704
1.989564
-6.523646
-9.442603
6.838075
5.559340
5.623770
9.203074
7.307792
-2.812842
7.600912
-6.652069
7.233545
8.818985
8.068540
-4.304129
-9.785542
1.702652
-12.084142
5.596858
9.098472
3.575611
13.464768
8.162556
6.234523
0.446863
-2.001578
-8.398281
8.847256
27.791069
0.329180
-0.118651
9.042602
3.076480
-5.960389
-7.492674
1.607900
-6.604487
1.258665
-13.469400
12.750780
-0.592344
13.008391
15.204167
-3.619484
-9.490079
12.692220
2.786080
-7.635477
4.613832
3.324327
-16.790071
-2.830626
-5.149214
-7.497253
-1.294697
1.175572
4.887231
-18.548208
6.549291
-6.119267
3.716454
6.848310
1.316518
-7.774471
0.312507
-4.580560
-22.065931
0.224233
-11.391417
-4.003748
-8.395709
10.437305
0.200647
0.858802
3.504810
-14.330523
-2.668206
12.290194
9.312013
-14.208906
-2.900101
-8.484546
7.497333
-11.485600
-8.399992
6.304527
-4.780618
-4.068534
5.598817
-1.805619
-7.378807
-9.472273
4.890853
4.467087
-8.865952
5.960521
6.472561
16.657066
-3.285740
20.438883
1.786856
15.469804
-9.229918
-12.509192
0.226310
5.028447
-0.749920
5.731571
-11.056015
-8.163515
1.898108
-8.780210
14.816404
-4.060699
-7.954030
8.091289
7.049200
1.033953
12.664870
0.354649
-0.131950
-13.980777
-5.156933
-3.574053
-0.710453
17.154394
-2.045317
4.508421
1.658608
0.942452
-5.695927
-4.071031
5.386466
-6.839246
-11.069438
1.485319
14.413844
-2.674229
10.844043
9.891776
-1.641306
18.904802
-7.584757
8.135722
3.965447
-11.509593
8.239285
-1.813712
3.053657
-9.163089
-4.204765
-5.933603
11.543170
3.763865
6.196146
8.572056
23.415245
4.080914
0.874030
-1.855812
0.734257
-3.463217
0.395150
-9.760028
8.979215
7.698421
-13.378821
7.298549
9.981106
-10.087470
-6.856912
-5.682723
11.472502
8.012888
6.068292
-10.252084
5.171942
-8.459915
-4.852391
-11.736866
-10.157342
-10.694931
-5.496872
-0.227415
11.321456
-15.125589
1.771776
-4.330343
-4.905406
-10.279782
-11.284801
-6.748681
-4.204863
-2.740747
-3.133587
-3.822284
11.563297
-0.935054
1.491148
3.942920
4.648643
-4.090513
-10.385555
6.448955
3.545440
-4.008195
1.817075
-5.753299
15.996941
-0.928935
-7.214231
-7.231896
-3.879625
11.516379
2.939765
9.351964
-4.218150
2.096016
-3.096522
-15.486771
-5.993018
4.415956
-5.398077
-1.827775
-2.668200
-3.127599
-2.838190
-2.752603
16.473114
-4.069014
-8.063363
12.403403
-2.427464
-3.768985
-3.302289
3.273818
-6.475458
7.965942
6.059434
-1.922723
4.555643
11.859964
3.620693
-7.293465
11.107505
5.333335
2.250686
-0.277353
19.000593
9.109227
6.560497
9.236177
7.770989
-8.878763
5.540581
4.564570
1.057631
-3.286778
5.348231
-11.183120
10.591116
-3.931819
-3.184608
-0.058801
-18.290394
3.929511
18.437063
-5.957791
1.313269
-7.763704
-2.744834
9.674544
2.117076
5.345201
-4.307436
5.881394
-21.003450
7.537442
9.509677
-11.506375
-8.703360
17.034754
-1.671439
-7.886527
-22.720892
-6.461059
10.644342
-1.159027
-16.945623
-5.475189
-0.808155
9.254506
-6.331481
-19.898884
-6.857123
7.841206
-14.576503
1.768055
9.235083
-8.014905
5.468258
12.956796
-0.739968
0.916408
-4.912694
-7.555569
2.091008
8.538267
11.699969
15.588637
7.907536
-12.160701
-2.634582
11.384461
-7.363399
-4.794802
6.252635
-0.947188
-10.743045
1.849059
-7.482553
7.309028
-7.941383
7.609920
3.329748
10.482089
-0.490302
-7.545681
0.666272
-2.441692
-8.037049
-9.556969
12.925461
-2.929789
-4.402089
-3.812564
5.102407
-2.516173
12.310950
-7.561630
2.226870
2.639693
16.038189
4.883470
-3.599370
-5.962824
7.171109
-1.835002
-3.553032
14.927286
4.459190
4.712921
2.784897
23.446297
6.415183
7.845623
-1.569220
-22.375679
-10.244822
-4.350713
-0.511798
8.155552
-3.277257
6.323589
-15.326601
18.171211
14.274985
-5.414852
7.199571
-3.294410
-13.868609
0.169755
2.257939
12.845746
10.049429
-5.970961
-1.511776
3.706857
7.978132
-2.743784
-6.007211
4.358575
-4.203786
-10.765098
1.582010
8.505836
-8.421272
-8.708086
3.573538
0.276511
5.777739
-0.824662
13.221453
13.127243
-13.403291
-4.114265
6.617649
16.478420
21.850933
-12.507132
2.111833
-2.442619
-6.269855
13.193498
0.328921
-13.669982
-1.426020
-6.683073
-3.376863
3.158083
16.464098
2.992859
-13.386030
10.767651
17.843662
-6.876352
4.969335
-11.860433
8.605826
7.331415
-0.690407
3.157288
-7.488902
9.206656
16.044020
7.555211
6.565007
-11.011542
-3.807858
-10.360134
5.810613
3.738752
-6.045815
0.766461
9.449067
-14.861596
-14.276752
2.385483
-7.579947
0.021445
3.405068
-1.468627
-2.862659
-3.413234
7.836795
-9.380075
-3.957881
-6.925356
5.578787
2.608690
-6.467061
11.648814
4.092001
-7.530224
-2.713416
-2.874858
0.671921
4.986118
-6.926817
9.484344
-8.635802
-14.419283
5.115990
6.219788
4.958363
18.692787
7.622029
-11.072591
2.839368
10.862616
-8.303554
-3.650304
-7.760604
-6.351456
-4.453840
-9.356470
-9.057611
10.059155
-0.528162
-0.022664
-7.416010
-6.090738
7.802277
22.743469
1.787105
0.068176
7.113684
13.938960
10.925144
-0.075734
4.888418
5.948738
12.835256
-1.522994
-3.425555
8.216505
2.432804
2.168858
-9.441235
-9.572674
-3.998452
-9.583257
-0.705789
3.870870
-14.813894
13.179318
-7.217912
5.750825
-5.222879
-13.277639
-3.057018
6.152589
6.387269
-12.033896
-3.461514
1.138808
2.732240
-3.435262
5.822240
-9.124063
7.975981
11.908516
2.202636
-7.908204
-8.447145
9.012866
-1.190488
-13.754450
5.842971
-3.318699
-10.665495
5.310294
3.900866
0.387006
2.885901
-4.170514
-8.693400
15.730443
12.314573
-14.165647
3.918301
4.819219
0.783728
-5.015945
-10.996498
-7.120144
4.436094
-10.066184
6.727777
-16.987776
2.262122
8.750049
-3.546274
-3.003481
12.925715
-5.035765
9.475745
7.951815
4.150942
5.078249
8.089688
0.864797
3.245759
-6.865147
-8.900242
2.951631
3.848073
-6.645767
-8.673900
-7.632323
-7.011914
3.439854
-6.685468
-3.511678
-2.485744
8.988545
-8.203453
-11.304339
-22.955433
2.870852
-8.291514
10.144910
-8.534627
-17.162594
0.899965
3.080115
9.356852
-2.754288
12.140277
-3.859764
-0.407117
1.079165
10.047514
15.828140
-3.025363
6.837237
-12.325254
-5.041143
-10.471271
12.233145
0.801592
-7.633157
-2.571602
3.551707
11.201773
-0.596263
4.503402
-6.116055
-3.536468
19.360203
-1.127457
11.868511
-11.615821
14.602273
-16.446976
-10.654019
20.382290
11.241026
-6.821485
4.104433
15.405818
15.920684
-8.437924
4.218657
10.358582
16.049841
-5.660129
-11.564516
-7.755650
-9.268551
9.556638
-10.631179
12.316619
7.861759
-12.670639
-6.968651
-5.229754
11.199249
-6.698727
6.175898
2.020211
1.271832
-1.268158
-8.599437
-2.848246
-2.113243
-14.409944
0.088934
0.145873
-5.398934
-4.430702
-6.559871
-7.649253
-14.585763
-10.125987
7.317111
-4.275578
-7.916924
15.674766
-0.981701
-10.117876
2.297145
-7.392902
6.016206
9.046625
3.995528
-6.609189
0.195109
-9.299503
-3.592109
5.424239
2.265825
9.789934
-6.719681
0.133695
7.459219
0.784623
3.336313
-16.482857
3.672992
0.630540
-0.526235
-13.087217
-2.714020
-8.636316
9.647067
6.070017
-8.289590
-3.152303
1.353522
-5.383549
5.811893
-5.915142
-2.484264
-2.989486
-0.054565
-6.735656
18.607983
-2.710072
-12.613526
3.272660
-5.780488
-8.901737
7.791374
-12.181138
-10.832229
6.340715
8.243967
1.551537
3.554665
3.520781
2.522526
-11.205694
6.564009
8.755122
-7.477391
-2.240977
-10.240882
-5.465403
9.047261
23.976229
18.902950
-8.881334
7.628466
10.038099
-7.573524
-13.993201
-6.548965
2.021976
0.518281
3.402590
-16.879404
4.142497
-2.312462
-3.497956
4.862749
-12.187946
8.985425
4.677626
11.169078
-27.805357
27.995628
1.272780
-9.171542
8.577157
5.913313
-13.960224
9.092320
1.670555
14.135177
-15.692758
12.280169
4.430290
19.758915
-17.962322
3.665793
16.630777
-2.169801
-8.623204
15.778131
3.786683
13.297232
-11.406960
-8.062085
-7.422161
-20.499762
3.014901
4.940300
2.193866
7.962736
8.030251
-1.033903
-3.354744
-1.781126
-7.315776
5.642584
-24.926838
-20.647102
-6.708730
2.059591
1.508033
5.431659
-7.894023
-15.545100
6.249375
2.221881
0.780495
-7.408068
10.273512
0.484105
8.458161
-1.945556
-7.744778
-16.043186
-4.382564
-5.623920
4.424798
-3.858940
0.489229
5.871769
8.240690
9.762873
-6.305426
16.497719
6.559890
-13.128798
1.546870
-3.920695
-2.130881
-7.511221
4.969649
11.468860
13.520122
10.542637
1.046937
-12.763849
-2.412361
0.646889
-8.058029
-2.001258
-7.431191
0.906321
0.401109
3.005096
4.700836
12.613512
-4.147659
-1.136386
-1.733988
-5.726730
-18.410839
-2.222961
0.356547
-4.504549
-7.899549
-13.592999
-7.463392
-8.998498
0.618658
3.664436
-9.931138
-1.125573
-17.390659
-16.146952
-4.273375
-1.532405
0.129473
4.652256
-12.323284
-13.484756
-2.288510
-0.760462
0.841355
-1.071322
-4.384492
8.279836
-0.675814
3.150645
17.701792
-13.899981
0.901949
-17.781982
-0.588778
4.656535
11.862903
-4.202508
11.802766
5.047980
4.294272
6.751051
-3.845210
5.878892
-7.499036
8.763106
2.738614
2.558058
0.132923
-7.249688
14.389662
-0.329003
13.211997
-11.985449
3.562135
-7.602363
-0.745249
3.646412
-1.353455
-10.723910
-13.662730
9.809793
-2.587427
1.513229
4.884233
8.794922
-5.979553
11.611922
0.242581
-3.241836
10.112024
-4.755091
4.859025
-6.839485
-1.551203
8.870316
-4.094991
-11.431754
4.556412
-7.403518
-5.616448
-18.670967
-18.951950
-6.202478
-3.921231
12.538825
-4.087387
-10.395018
4.686568
-11.291362
1.702879
7.212174
0.833232
-7.168996
0.592857
-8.666237
11.508020
-9.414544
-14.660492
11.259711
-2.547448
-7.648080
-3.069317
-7.858873
-9.128029
8.927697
-16.466469
5.947794
-12.252563
-0.086984
-10.627031
10.093830
-4.484137
-6.403215
11.707322
0.561709
-11.567570
2.432130
-16.313986
11.214503
-2.729061
0.789334
-9.619885
1.845633
-8.738203
-16.197989
-2.903660
0.271751
12.683874
15.585352
14.766870
-0.558725
0.646616
-1.835194
7.530229
8.706512
-14.230331
8.702480
-3.402708
-0.208087
-6.161568
7.742574
9.880172
10.049233
-9.069418
6.382078
12.589030
-1.143636
-7.596004
15.936716
6.045156
-6.519141
2.177172
8.259459
-2.582455
-8.042821
2.186865
-4.140096
-11.794503
-9.094307
0.968214
8.369983
-2.542955
3.562684
3.432791
6.542937
2.642610
-8.992709
14.468188
5.135118
9.504620
-6.287003
10.781002
-11.787607
-10.797915
-10.722370
-14.568391
-3.803962
16.124365
-0.489867
-8.923079
-16.544384
-7.507055
-3.589203
-9.011183
13.745428
-9.965549
14.808462
15.807993
-10.048946
-10.668715
4.002656
0.273866
-21.593996
-12.836482
-13.377416
-12.859491
-3.815709
-11.106155
-14.199073
1.905344
10.988430
2.129625
-1.753378
4.393259
0.477503
1.187786
2.548446
-4.058775
7.427120
13.305486
3.748319
-1.824833
-1.077976
1.452800
9.242089
4.572352
-15.135332
3.978706
14.344038
-4.097323
9.543557
9.868808
5.140655
-19.722523
-4.781371
-3.518545
14.414488
8.256407
-7.388227
1.788502
-7.483376
-1.176758
9.006106
0.129698
12.014555
7.000057
8.367104
-7.216267
-2.646368
-6.472363
1.788036
-8.693376
1.051567
10.923363
-6.240180
7.281553
-4.674392
7.794508
3.143756
2.855695
-14.447569
1.117933
-12.387653
6.253818
3.636703
-0.253745
-5.266461
-9.153392
-8.710296
-2.832498
9.114184
-2.754013
-5.096739
-3.838236
11.299823
-7.939174
7.785493
2.546038
10.411942
2.053463
10.182684
-1.463017
-1.444047
0.660535
5.147089
1.244241
7.568066
-1.810363
-6.949234
-0.410282
8.978511
-11.256878
-6.577077
6.845092
3.641131
-7.618512
-9.270240
5.776535
-9.919653
-7.663911
10.623911
-9.878032
-7.515504
8.404140
8.442434
6.981653
9.076189
10.205322
-6.552721
-1.460158
3.516169
1.381532
-9.589963
-1.172859
7.559009
12.041827
3.345193
9.636312
-10.020811
4.458044
-11.542507
-10.593998
-2.353072
-11.032874
-11.081521
-1.649868
-7.867368
-11.767517
-1.861302
-5.226668
-24.983278
-8.876891
-0.412710
-9.146415
3.374252
10.365734
5.578053
6.278058
11.079791
-7.611993
3.290193
0.864976
1.460227
0.579033
-2.933390
10.271527
-6.520962
-4.833644
10.920977
7.048786
1.986557
11.669925
-3.025874
9.080034
7.612938
3.690429
-9.368573
-12.700307
-4.222133
5.194185
9.230734
-19.642126
-6.730682
-0.725804
16.115610
5.941843
-1.792815
-4.380696
3.781735
3.562297
8.168629
-2.130751
-1.919455
-1.470958
-7.630498
7.989677
-4.757340
1.873208
3.447027
-11.307100
6.581067
-3.509427
3.244154
-10.266414
-9.371119
4.412597
12.718457
-3.736008
3.935044
0.375432
3.359383
-9.855153
-2.876610
-10.203044
-6.713645
-7.242393
4.829561
11.398168
-0.442612
8.523580
-1.942379
0.660896
5.985378
2.042150
10.222548
5.167998
7.731818
-9.983037
7.326619
-11.001885
7.124030
-8.831758
5.383271
2.221871
-9.558094
3.632738
-8.206956
10.331493
-0.589390
-9.271501
0.866567
15.552533
-1.841474
5.588336
6.424810
5.109376
-15.646656
-3.113206
-5.430336
-15.050566
-4.516828
-12.401438
5.878965
-7.295286
28.594275
-7.569257
-10.379559
17.855871
9.688832
1.324455
8.928520
2.097715
14.821803
6.115397
11.941618
-12.095281
9.814520
-11.681769
5.775919
4.156877
-8.905807
-10.774562
1.531564
-6.079264
5.175042
-15.418795
-7.440975
2.076341
-22.438297
6.101344
7.038717
-4.048480
5.185986
-7.522769
7.889723
2.475361
-5.699861
-10.432110
-14.611225
-23.561251
-4.094631
2.732771
6.772805
8.831218
-0.142553
-9.256857
-15.639959
5.943932
-10.413898
13.863675
-5.910029
-2.463092
10.454238
4.817546
-14.352155
-7.867206
-0.742534
0.411667
-6.029657
1.299446
-0.797199
3.581691
-2.182507
7.376238
-5.609000
6.988772
5.979550
-5.526940
-19.475407
-14.045627
4.850272
6.201359
10.918975
7.179309
-3.371624
9.192838
7.416230
8.145844
3.345256
-12.033467
-10.856131
-19.372711
-2.929010
8.466488
-6.116545
4.455694
4.796252
9.164171
16.942032
-9.382051
-0.473426
-5.690832
-6.229782
2.482931
8.303392
-7.232587
-3.288879
-11.273067
13.150842
-4.251489
1.142049
7.799992
23.411060
1.158542
-8.177797
-8.282948
-7.049204
-15.200975
3.455414
-3.733916
1.992095
-4.949492
4.889275
0.001600
3.751117
-1.491318
-2.831991
-5.868124
12.725072
0.073172
-11.300270
-0.286805
-12.729017
-5.113884
-14.313542
5.028391
-8.578907
14.260107
-15.609570
13.771437
-0.013161
4.343121
-12.476487
6.214903
7.473572
-3.319344
4.307145
14.248691
8.431994
18.130602
-5.593613
3.192050
-5.476503
-12.100495
0.990148
14.879392
-13.513799
-4.218448
-5.235704
10.474767
-12.718316
-7.810529
-4.996733
-8.518296
-5.182068
7.477177
3.052409
4.791914
-3.794545
-1.531714
-5.455418
8.971621
-5.380253
2.848717
2.374570
-1.331757
5.653478
-3.433692
2.282756
6.955700
-1.648273
5.925476
-11.904904
-5.991167
16.075956
6.056491
6.178099
2.183230
7.088968
-13.342010
16.270775
-4.282839
10.038837
8.503995
5.985227
0.021346
5.710683
6.786690
-8.785012
0.130441
0.917676
5.764852
-0.339676
7.026508
-12.014056
-7.687424
9.179284
-4.644855
3.552666
-9.004310
14.167114
-15.388246
-7.736780
-11.005634
4.947359
9.554813
6.816092
9.330270
5.219405
-6.265497
-8.623486
17.514269
2.045239
-1.447991
10.050850
-8.020151
-15.992529
11.106606
3.947719
5.267085
11.577527
12.907583
-6.618409
3.806855
4.308800
6.529796
-1.660178
8.418883
9.431695
-8.672249
-12.604506
6.953000
-5.719612
11.693497
-7.511249
-7.167634
-5.315431
11.995228
-2.712611
1.888581
8.913604
11.937571
-6.937768
5.317863
1.307593
-6.560602
-6.665746
0.618365
-3.959319
-6.010910
12.341269
1.966728
17.805983
6.774436
-2.895883
-5.362627
5.314434
-1.694168
23.060719
4.600919
8.632216
5.202340
0.293938
7.775421
7.948054
-6.830908
-7.295245
12.095412
19.714046
-4.627118
8.531721
-7.566825
13.466756
10.535379
12.150454
-1.363146
10.360550
-5.443317
12.522241
2.260261
-14.051396
-1.731482
-3.775683
-12.302394
6.470408
-3.116583
-8.452282
-8.642823
4.370953
5.565291
-10.519378
1.983993
6.281784
-2.886630
-0.047351
-4.076702
5.584972
2.286415
-4.054664
4.780293
-5.444143
-8.611898
-3.687378
-4.651397
1.723807
7.469207
0.587114
-4.433095
1.748661
7.323336
3.130075
8.627717
-13.236695
8.926796
-5.750402
11.003154
1.954282
-6.796818
-8.097673
6.034443
-0.944452
0.404784
7.020369
9.588346
-1.496023
9.739586
-11.063723
15.167989
2.881413
8.696478
1.382622
10.999773
4.289747
6.182642
0.868712
-1.737483
-13.104962
16.937162
-15.935075
6.759045
-1.120134
-2.007334
-9.699631
3.609281
15.238986
-11.585617
0.570631
-8.080986
-13.496431
-5.653932
-4.570071
-6.810420
13.024456
-7.200842
-0.246006
3.966176
-7.016213
5.727495
5.829040
10.076675
-0.136590
-1.692016
11.214755
-8.494843
6.643735
6.682390
9.604972
-2.287341
1.495283
3.844238
1.533165
14.141033
-1.782781
1.396316
-1.146350
-0.090384
-1.153391
-9.353031
-11.306989
-1.425100
10.703420
8.788010
7.017365
-5.690863
3.436048
-5.977673
-7.630192
-1.055827
-17.685575
8.623994
12.075005
-5.046070
0.352334
-10.558380
-7.120242
-11.453154
-2.703665
7.176394
-1.602039
11.632865
2.651552
9.287443
3.497551
-4.298091
7.158137
-4.002989
17.793060
-2.093949
-5.661713
0.133931
7.301440
6.189809
12.867836
3.479963
-12.522462
-10.189037
-10.087492
-2.024219
-7.633612
-3.201647
10.042402
-5.670099
14.297915
-18.089554
4.991591
9.152132
-11.421921
-1.461214
-10.397465
-9.239908
12.402532
-3.114886
-5.112537
4.687797
-2.779448
3.496183
4.693363
0.914491
2.841681
-2.811350
10.307274
1.522682
16.831968
24.338879
-0.736565
13.752965
-0.168959
2.569185
-5.716070
-5.961856
-3.700338
3.428808
11.700529
-12.700243
5.525851
-1.814966
9.430245
-8.388082
-6.320367
-4.419993
-4.635595
-4.706620
0.232829
4.710064
-8.723889
-6.356161
10.466437
1.700122
14.444798
1.989025
-0.198768
-5.534365
15.053816
-5.633117
5.949358
-10.688544
6.867578
-3.481208
-10.362690
-7.302856
-11.481541
11.259089
-8.995028
-16.208340
-2.009142
0.890799
3.390616
7.767020
-1.983178
9.131053
8.111542
3.398498
-5.563439
-3.239203
-8.536838
8.231261
13.278502
-6.697752
-1.892285
-7.135896
6.574339
-0.262861
-13.123161
-4.731572
14.491967
16.615437
-9.127824
8.700848
-12.429216
6.478133
8.585775
13.537303
-0.454972
3.944930
4.613243
-8.238421
16.908804
4.967388
15.897339
10.272631
-3.925251
9.994098
-4.099549
-2.963978
-1.086343
-23.740349
-4.002250
-12.068609
-5.908436
-7.004206
-16.782583
5.147242
-9.114666
20.011543
22.662785
18.722420
12.030553
-4.540007
4.704990
3.795132
-12.592371
-2.008635
0.765902
6.502226
1.182400
-2.458406
7.971517
9.788757
13.430817
-5.668346
20.080420
-1.774279
4.423377
-5.085880
2.594690
-1.316371
7.219515
11.286647
11.957985
-1.017938
-3.070487
4.187005
-6.317009
4.869710
-4.129557
10.357079
8.640030
-4.337085
17.334101
14.355882
10.040318
23.850138
-13.730761
-6.440914
-9.439951
-3.603541
-0.648476
-13.520951
-7.899729
9.007150
-5.406236
4.432284
-0.022751
-3.091358
13.534018
-4.535865
2.418599
3.996496
7.387390
-12.913948
0.398924
5.805710
9.760190
-13.047804
9.105147
12.866326
-5.227362
4.985904
13.191573
-2.841208
-15.819534
7.104318
6.016986
6.348588
-4.100018
11.047796
2.085051
-14.427296
-2.625543
-6.973331
9.373270
-8.088746
3.465429
-0.073866
-12.823124
-2.099146
13.330289
-4.657123
20.036032
9.568860
20.440151
13.056358
-16.609558
2.050646
1.110512
2.251057
-2.106608
9.605647
2.753113
4.107272
-3.445868
-6.729178
-2.539548
9.322325
7.377144
-13.012819
-12.153033
-5.493317
7.106823
-7.882516
20.191919
-3.563437
6.937678
-8.883782
26.378733
-13.855880
8.558596
-8.276674
-6.522345
11.940483
2.041787
0.302469
16.804459
-12.908581
2.306188
-4.216395
8.885328
9.885766
-8.310948
-8.823405
-0.225855
9.401940
-2.028575
20.905512
11.619336
2.023735
3.444782
-1.558507
-3.367651
-5.164286
7.001115
2.726713
2.243473
12.080578
7.648379
11.172567
12.764177
1.785961
9.937044
9.975119
-5.812577
10.823928
2.540008
-10.018943
8.958081
0.947032
-7.746706
10.711822
7.868309
-14.521711
-9.178631
-2.746521
3.206255
-0.282605
-2.734211
-1.594073
10.894924
-4.055796
8.683163
17.954235
-9.033320
2.928991
19.092789
4.625839
-11.918511
-4.801988
-13.359805
-7.759345
0.462502
-6.411590
10.419750
8.315281
4.192211
10.483650
6.697439
-14.063551
8.441442
6.569545
7.269536
6.044183
1.995529
14.169372
-8.005706
4.285693
5.243037
0.025306
1.369231
-8.284636
-11.162233
-1.496889
-2.874299
-3.928879
-8.640647
11.247840
-8.946769
-8.509888
7.788469
-12.691727
8.359323
-1.412899
-1.015761
-11.865639
8.393264
7.238426
5.576404
3.471587
-4.569991
13.344287
-3.723395
-1.070614
-3.664639
19.377501
18.617134
-11.845515
-7.385831
5.285467
5.722835
-5.783041
11.389563
-7.331009
16.620394
3.023122
-6.120971
17.539774
-6.415812
-4.331091
2.893860
-12.150380
1.674321
-8.734597
-5.824595
-4.929705
31.828604
11.913176
-7.668946
14.899818
8.800958
-10.743096
-4.066951
11.152333
17.208389
-9.502851
-4.094826
12.218628
15.286246
7.994925
-3.704347
6.778067
-3.013992
10.237959
2.974996
11.623919
8.715068
-10.979067
-1.476293
-1.986218
14.399868
4.926773
-2.284367
7.499919
4.179163
3.944983
3.662425
0.459480
-1.357747
-16.775543
-5.812961
-28.886223
-2.341975
-0.081263
11.330303
6.654261
8.100522
11.367830
7.428656
3.631310
-5.123314
4.496755
-9.788997
-7.674276
0.782429
4.057188
-6.875976
5.420168
-5.876449
-20.590290
1.872231
-24.932756
-0.558539
-3.672052
-15.528702
11.869475
-1.471706
9.829113
9.986427
5.555786
-2.578616
-19.877989
-9.506556
-3.682439
4.543038
-9.664629
7.510173
1.618640
12.865989
6.917093
-4.291486
2.113450
7.191492
-3.633859
-2.563141
1.259721
6.181419
-2.906745
5.369339
1.456254
-6.248964
-1.823232
-10.161863
-3.930500
5.031127
11.199032
12.538792
-10.620424
-9.482343
-11.129987
5.604148
-4.587074
3.369606
-2.284904
15.606930
-0.893178
-1.954852
-6.817056
-14.384400
-18.020823
1.703805
-7.922926
-3.568014
-7.422761
-10.064014
-0.779536
0.896747
16.884178
-3.496334
-3.631587
5.709909
-3.489624
3.462101
-4.577235
-5.602643
5.574207
0.728634
-4.934813
-8.197169
4.085644
2.750409
-1.644426
-4.653720
7.380184
-31.475798
13.041922
-18.726723
3.577426
-0.905690
2.502966
4.827154
-3.347286
-2.120754
-1.466561
13.855134
-11.331986
8.550162
9.096340
0.087893
1.904945
8.853619
-1.504283
-6.153942
-0.927579
-10.786594
-13.594621
-7.660885
0.467315
6.655034
-5.343370
-5.789978
1.813928
3.006462
-10.346662
-3.069682
11.163955
12.652441
2.151132
-1.265232
9.614354
5.712767
-0.349067
-7.175686
-2.316546
-1.594150
-12.888492
12.172949
9.618789
0.672579
-2.282058
-2.362071
7.603475
2.991221
-2.625339
1.667882
-7.160756
-3.707268
-12.997763
-9.745289
-22.319572
-7.334869
8.617204
-12.462523
-8.175264
-9.355700
-1.523277
3.613930
4.495445
-12.842113
8.944934
11.409845
2.034336
11.169146
-6.725588
4.186234
6.534914
6.914600
0.742181
-7.033169
-3.707864
-8.012967
13.136279
-6.088572
4.191391
6.313036
-1.688240
10.461652
-10.784983
11.832363
-8.616440
-0.311317
0.297953
10.316951
-8.687547
3.191685
-11.536009
-13.153204
13.727441
9.386520
-10.388611
8.556809
-2.288606
-9.919615
4.774113
4.944469
-6.569167
-5.659693
-9.986495
5.455921
11.668736
-9.401428
-2.585747
1.829214
-4.969454
9.364947
9.070767
-0.044769
-10.644670
-4.993158
5.414566
-6.670839
2.403049
-4.027590
6.161110
1.823679
4.247236
-3.406827
4.361730
16.252314
10.271186
0.153791
15.702648
-18.396217
3.433379
7.595915
-5.196491
-1.681635
-0.176790
5.579035
11.600030
-5.333823
16.033367
10.612048
-0.058723
5.554386
-0.936614
1.005521
-12.315819
6.922134
-2.357795
2.798059
10.690680
-8.771198
-3.856996
7.107647
-0.088268
-4.490984
8.343170
-6.044587
3.907537
3.470144
7.853587
10.816614
1.459045
8.779652
-3.279107
0.358923
-0.116587
-4.906764
-6.057323
-9.306262
-1.367252
-1.454521
-3.928060
5.443275
3.682869
9.969972
-8.669480
5.435272
-9.449153
9.282639
-4.098484
0.711114
-5.780239
-8.520067
2.937089
8.525033
8.421849
-8.249282
3.613037
-2.416165
5.333232
-9.510989
3.961738
6.196880
-8.739670
7.141222
-0.732367
9.752842
-3.735094
-4.783292
-6.762112
-6.688523
2.295291
0.335130
-2.572355
-9.501347
10.666031
7.185670
-16.051910
-1.300341
0.960501
-1.266043
0.920171
9.179206
-12.077805
-10.196295
-6.644568
-3.352343
-6.715906
6.323544
0.592223
3.246672
3.096911
-17.109478
0.106049
12.312188
-8.012525
2.923460
-6.987505
-13.720970
6.799721
-2.870298
8.924047
18.996332
8.341245
9.823387
10.605526
-10.277069
-11.887074
-13.872121
-1.930265
10.660992
2.643477
4.241056
-8.126193
-7.582866
13.408854
-16.062851
9.759411
-11.082385
-15.164512
-0.575815
6.314278
-4.211583
-2.345633
11.238401
-7.172994
8.536744
13.346110
-11.094769
9.686978
-14.629034
-6.703072
5.103591
4.980111
-3.129143
19.581432
-8.959019
10.131397
-3.041567
5.699865
6.706004
14.344377
-8.885494
1.953449
-2.587258
10.936519
-2.512968
-4.751389
-1.010320
-12.058955
0.907880
6.919831
-14.417481
4.495673
5.843800
-0.140233
8.284097
9.013143
-6.036996
10.698839
7.677749
3.781797
4.590838
15.383421
-5.677806
-5.389987
-4.334836
7.440313
3.477466
1.274646
-1.291610
-7.360387
-1.287663
2.959426
-12.707534
0.439283
0.271179
12.156404
-5.133110
-2.608939
0.454647
-10.774910
15.800245
-4.953839
-5.135596
-6.261544
12.959325
-5.167921
0.550268
8.126957
4.901690
-7.886775
10.754590
12.448422
-7.551175
12.899071
5.762567
-2.156577
3.102010
-8.355350
-8.605215
-1.284721
7.607966
-2.934944
2.643374
15.121091
5.609664
0.880827
6.613384
-7.577167
1.301053
-4.586977
-1.243872
-2.212994
3.372250
7.531800
5.515149
10.313552
-3.639559
3.557754
6.350155
8.684751
9.614805
0.619927
0.285105
-5.173289
7.683188
6.171057
11.925133
10.978078
-4.794085
-3.036146
1.261868
-2.725420
6.333019
3.249436
10.640462
4.906780
10.587014
12.917180
2.519687
8.442310
12.055610
-4.510918
-12.297804
-5.752381
-0.581909
9.186460
12.034556
1.388591
4.378665
6.913482
-3.444626
16.217873
-3.318138
-10.205950
-25.264448
15.116515
-6.748530
1.469268
1.078749
9.005935
7.193196
-13.347853
8.121827
1.802026
7.613909
-3.178992
-6.091378
17.364126
-4.339096
4.833517
2.185471
6.101258
-6.395432
-4.080596
6.815167
-1.308688
5.650149
1.702907
-11.439987
-7.504424
5.786777
9.496317
-1.548265
-7.569534
2.801707
-2.969926
-3.854765
9.042516
10.785701
10.312648
-6.288540
-2.911227
-3.351361
3.810063
-11.390067
-8.892038
-3.374943
-2.352939
10.641068
-10.857862
-1.266278
11.666905
13.624695
9.966774
-11.220294
5.098292
9.550638
-1.820730
1.148325
-11.315208
5.674889
3.818243
0.733458
-9.797898
9.561862
7.805998
-0.691719
-4.605488
5.898470
6.411990
7.080333
0.151628
-2.323453
-6.790677
10.927140
-5.985414
-3.272422
12.449296
-0.172788
-4.739360
6.204307
1.275049
1.063782
0.704034
-3.297932
5.050438
-1.202434
2.076444
-13.810488
10.882996
2.905366
6.575185
1.174019
5.819275
-3.704214
-11.585422
-7.940869
-13.834845
-8.888256
-14.391356
7.981919
8.078188
-7.671762
-2.539756
1.942868
-3.260339
-5.070737
7.062376
-8.034015
12.673355
-4.147913
-6.879516
-9.573355
7.033038
-1.776711
-9.696218
-0.915063
-8.155826
1.715807
0.191988
8.803303
8.181196
7.297045
-3.627372
2.961510
1.677560
-2.277800
4.721173
-13.969920
-13.205270
13.024446
6.260812
-23.800926
6.633854
1.877595
-4.264838
5.977411
-3.346254
-9.800806
-18.624115
-3.198535
6.651550
4.609556
-10.783228
7.705611
10.353043
-3.722752
1.192628
-2.728695
0.501746
-5.075253
-12.929622
13.530363
-0.013573
-0.844876
-3.339843
7.808899
-5.826453
-9.756077
3.499557
-5.099123
-3.921079
2.698056
-0.014299
-9.210093
6.463999
1.083286
17.883291
-3.737855
5.022596
9.129585
5.721336
-8.028591
8.208566
-2.862080
-2.969942
3.966665
-9.403664
-5.460045
5.335531
-15.768988
1.390951
-7.277889
0.735281
-7.606979
-9.903234
-8.521344
-10.737356
-5.561031
14.901856
-14.073460
-1.578436
-3.214902
-7.515954
8.632532
4.092227
15.774509
14.255584
5.137515
0.639490
-1.419222
6.942533
-2.852516
9.998444
3.024622
3.836193
-0.011379
2.194013
-1.039271
-8.640098
-5.503522
-13.270480
-10.181096
6.374160
-15.778107
-7.073580
11.679622
0.445237
1.122237
5.081141
2.435905
-7.743866
-4.955435
-9.357648
-10.532557
7.104062
-13.448195
-14.860801
4.738009
-12.982107
-9.144305
-10.375844
-8.166515
-7.666931
13.086956
8.298341
-10.552647
-12.625772
-8.452401
-7.181427
7.592984
-5.030504
0.384780
-2.956674
-2.948710
-2.009028
-9.048764
0.450365
11.517654
-3.296464
-11.479595
6.282905
-0.827840
7.807091
4.599463
-1.302190
14.517559
-2.471747
22.845896
-6.864170
17.726318
-0.569442
-4.814195
-9.184839
4.337823
6.492969
-6.414923
10.245048
14.249366
-7.844098
-4.941106
9.163218
5.726605
6.624888
-2.816960
4.328818
-6.582301
-2.708373
-6.245672
11.853935
10.752991
8.652609
-1.751843
4.798442
-16.382330
-2.493728
7.405242
1.159780
11.014172
6.242484
-4.197675
-1.631327
-1.581853
3.014214
-2.136071
-11.395196
9.921428
-0.469989
2.556475
-2.158983
-2.000386
-15.109743
12.002588
7.081008
-5.852754
10.147425
11.130520
-1.402162
-12.666400
-0.649129
-2.574118
-5.375848
7.203364
9.729945
-6.592371
13.644683
9.383561
-5.058889
12.300958
-3.647601
-0.448105
9.783509
11.747290
-5.752936
-7.835021
5.698974
-0.358538
15.453416
7.576858
-2.250112
-6.402901
8.524966
1.659582
-2.454473
1.793002
-11.242463
-0.627412
3.676645
-16.166962
-11.549470
1.697153
-1.624572
2.432383
7.006150
15.455532
-2.771623
0.020314
10.221290
-10.113857
-14.611378
8.134293
0.097363
0.132629
-18.608959
2.779538
-5.860277
-2.189370
-8.001924
2.109957
2.213424
10.656672
-12.236582
-4.714892
4.277195
-11.556213
9.126019
4.679075
11.721417
8.313310
0.096683
-5.328194
-3.548270
-0.791878
-2.481264
-10.587612
7.482908
8.654722
6.405459
-1.420060
8.135344
-6.899343
2.445095
8.301142
-2.111741
-2.558469
-0.035839
-6.052966
15.884495
-6.805316
-10.278673
-3.746836
11.213043
0.895117
-0.170518
-10.756656
8.278188
-13.306425
-16.349628
-2.746248
-8.735475
-5.649570
11.458740
-7.704247
-8.635515
2.495499
-2.932257
24.974070
15.004534
10.038163
-7.727980
-0.424918
0.385630
-19.228430
-10.842494
-5.203765
4.521790
-1.026916
-8.316089
-4.343926
4.134213
8.365679
3.799445
11.610165
-12.941578
-5.967263
-9.778364
2.808750
3.727671
-0.777690
-7.497603
6.552760
-5.835213
2.105500
4.662713
5.955674
-6.239089
15.997888
8.179679
7.799908
-2.383804
9.178736
6.051627
16.841795
-3.504223
-8.004377
10.067492
4.190746
-6.788294
4.663185
5.786374
-9.859850
3.163087
-6.439596
-5.596524
2.550647
2.629584
4.239517
0.565646
-1.621953
-9.468173
10.987014
-0.168065
-4.831814
12.256369
-0.715983
-10.958514
-5.522276
6.648220
4.403365
-1.173890
9.227497
7.311069
1.263280
-3.420690
-6.799881
-2.386541
5.576451
-10.920658
4.453622
5.472960
-11.674932
-6.609412
-14.174857
-10.112180
6.318525
4.494880
-7.480387
9.021819
-4.642432
4.218792
-0.513272
-6.573785
-0.647056
-5.483532
-12.412810
4.552495
13.474917
-0.631908
5.861126
-12.542155
-11.467177
6.730749
6.902434
1.825871
-3.543867
6.393473
-3.859267
-3.596494
-18.090263
3.992596
-8.308754
-7.417084
20.448759
11.741014
9.583244
-20.852076
-4.517489
-3.985768
-7.582582
-13.933777
1.971777
2.340362
8.973398
13.839742
5.699172
-8.842114
7.916223
0.509824
5.858283
-1.198917
-5.781782
13.372564
-11.675575
3.410981
8.890399
-7.632296
-1.849463
-14.155125
4.843605
8.668753
-20.818691
5.271940
-1.967112
1.546828
2.510669
-4.574948
-6.958456
9.950532
-7.350544
-14.168284
10.187245
-7.162751
-19.628153
11.869820
-4.811410
5.455807
9.884151
-19.370674
-1.456584
11.220110
3.926321
13.744846
-16.039146
-22.251169
-13.031466
6.931183
-0.758758
-1.867785
3.806090
-16.829422
-0.269511
-0.704151
-2.226937
6.517586
-9.290695
-7.123148
-10.889738
2.106737
9.119577
-6.229229
-18.238676
-3.954491
2.265854
-9.822032
10.243436
3.264698
-5.016294
-5.246408
-3.578546
1.562319
-2.310716
3.295384
-4.995792
7.369255
0.309229
-5.587276
5.994068
6.215533
14.178086
1.835840
17.806446
-1.740906
5.639479
-7.631059
0.884900
9.608737
-7.444107
4.382412
-4.307504
6.562421
0.930394
-0.764304
-5.016809
-2.016737
6.250404
1.415190
2.351794
8.301347
-6.018392
0.097616
9.400092
-9.727898
-2.068635
4.158227
-6.485533
-2.174024
2.468074
0.788144
0.629125
-9.175675
-8.420387
2.128502
1.072569
14.321091
2.191965
1.212011
-3.334048
13.833887
-0.142278
-5.649209
-6.612691
-8.776449
3.124099
-9.595542
-20.736713
-0.223595
0.554537
6.063519
4.279004
11.731701
-9.589535
4.431999
-16.723158
10.645672
9.119869
-0.654186
13.815063
15.162063
6.030949
8.146160
3.982130
11.079081
15.515120
-11.785275
-3.476900
4.654110
-0.688236
4.987505
8.792378
-1.851738
-4.745236
-0.576524
3.765022
0.693311
8.423732
4.196391
9.203897
-1.987385
16.599482
5.405177
-9.734210
4.198699
3.847132
-0.247739
-2.882437
3.355168
11.566341
8.621115
-7.094704
8.252036
-3.012483
-19.626379
-12.902203
3.173571
11.014107
-2.202006
8.269182
-8.029479
3.623148
17.686924
-8.616670
-5.781626
0.944278
10.953267
-3.050886
-10.017274
1.260159
6.905540
-13.121147
11.069064
-4.541481
-3.046250
-4.367987
5.024563
-2.667593
-7.609514
11.456388
4.768678
6.802305
-4.588711
-6.335244
9.101686
7.296918
-4.635495
-1.229392
-4.115527
6.124794
10.046187
-6.007195
0.611265
-2.857983
3.082251
-1.734538
1.786030
4.843995
-6.229738
4.704716
-7.445412
4.444126
5.594554
5.268867
-6.594110
11.437631
13.709628
15.736354
-1.571502
4.290235
-3.751992
-1.364241
12.300861
2.127402
1.986716
-2.114825
-0.097021
2.012245
4.396085
6.184575
-2.006311
-1.752173
7.760077
-0.545057
-1.153817
11.126230
-1.830143
-13.341720
1.429333
-0.649200
9.958789
16.939404
1.304334
1.259979
3.823333
-10.075312
-4.117349
1.593675
-15.913557
3.874837
-0.843084
-9.485948
4.114285
4.018476
11.171175
2.787796
2.858255
1.651003
1.487455
2.882205
-10.473529
8.760420
-1.143750
-6.905567
16.825329
5.177076
8.850163
-3.629570
-9.021258
-17.165726
-8.498976
-9.504122
5.765435
9.836669
-7.917128
5.373995
5.480237
-4.809815
-0.384215
-7.890647
-1.166058
-12.357410
4.501867
-2.121098
-0.181109
-5.988288
17.420486
4.138771
-1.116873
-11.489761
1.938441
-5.989720
3.320651
-12.262652
7.644199
2.134210
-0.285241
1.015801
-3.656489
13.435472
7.796498
5.560678
7.455337
-9.364996
-5.742638
5.752619
1.037867
-14.618532
4.960910
-4.150505
2.629983
-0.105184
-0.511017
2.587106
-0.687235
-1.367665
8.092587
10.342769
-16.427097
1.083340
11.332929
1.034015
-16.050150
6.023641
9.659872
-0.518974
3.639119
-6.299707
-11.617200
-6.329201
8.144244
-11.516421
-8.816053
-10.845592
-6.481582
5.646464
-3.773067
-8.956352
-4.782666
7.359754
1.773377
6.559507
3.191318
-2.753366
-2.813721
-7.047283
-10.929878
-1.834259
4.505757
12.220566
-7.552248
1.698726
22.469481
15.605658
2.109702
-9.683238
-0.526675
6.175457
-10.964722
0.517159
-4.302883
6.381914
4.633006
1.308568
5.381880
-0.524542
5.940227
5.460073
-15.383626
18.058577
-10.664878
7.168880
-9.628082
26.185114
8.033941
11.978921
7.305782
-4.455980
3.566434
-5.690683
-2.962690
17.114166
-22.993999
7.615750
12.375059
17.171608
-0.516939
-3.977230
4.630020
-17.791140
-0.459334
16.704193
-13.332684
8.931032
-3.117895
-3.274094
0.464281
2.862187
5.648422
-2.192445
3.872534
4.430821
3.421389
-0.315283
-2.472963
-8.777086
-0.968558
-12.639598
-21.786856
2.001087
-6.765269
10.607293
-1.764822
2.873177
-3.357315
-3.025592
-6.636262
5.159237
-7.172869
-14.284904
1.074538
4.392597
0.972108
-1.846775
-8.644513
-0.871677
-0.228300
4.799955
-9.412559
-6.372454
11.332957
-0.015360
-9.476639
5.951740
5.145369
17.231850
4.952613
3.778485
-5.280519
-9.763474
-12.926980
0.742564
-7.172881
-1.857379
2.923709
-8.248370
-3.618046
-4.017184
9.181576
-0.781953
-2.155322
-15.658222
-13.377343
-2.579077
-9.999085
-2.440733
-3.134596
-2.057800
-10.629488
-2.815358
2.201565
-8.472025
-4.344697
-6.127496
-17.743900
7.059235
21.270952
-4.403170
-13.735368
0.113514
4.994669
-0.174529
5.748299
-0.851432
-2.571454
-11.763528
4.829811
-13.466422
-9.246926
-5.250392
-1.277998
-10.254626
1.200496
-2.880358
3.624725
3.738950
1.774879
9.298994
-8.818268
-8.700649
9.929312
-8.445120
7.276326
-13.471351
-4.335428
-3.057482
7.494697
-5.995354
6.093284
18.640717
4.966365
-17.589911
8.344072
12.296557
5.791248
-4.497331
4.084929
-3.574195
10.851642
-18.475744
16.313131
7.219634
3.769872
7.245764
-7.658400
-4.389638
0.702622
6.547648
-4.407829
17.753479
13.149301
-1.868639
3.939237
-4.242610
9.350833
-1.531086
2.881438
0.895531
-8.300455
-5.864078
-1.866377
13.131296
-2.213577
6.489291
3.902669
11.557132
-2.889382
-1.271697
6.271585
-6.871609
3.469394
-17.738424
-8.834505
-4.324506
-4.189929
-2.188948
1.010236
9.380403
10.201530
7.242468
-1.421353
1.222057
0.875852
-2.816193
-14.022636
-6.301342
-20.148870
-10.318920
-0.502304
-2.174829
-9.248406
-8.098207
-3.893793
-5.219906
8.530576
-15.774681
3.539208
3.656939
5.483847
14.004243
1.006179
-8.074970
-3.479508
6.032829
11.421845
-5.398900
12.395454
2.236909
-16.823996
7.499855
9.256127
3.592616
-8.225178
8.948380
9.410315
-2.979051
2.071579
-5.684872
-1.731535
-2.646159
8.519869
10.202735
3.712223
-2.129102
13.368547
-11.176867
-13.531390
4.442369
-10.905483
-12.033300
3.615146
-4.066518
-5.184108
11.118573
-6.930268
-4.319164
-3.946328
1.711430
-0.969450
-5.844951
-2.974607
-0.581729
-8.784045
-6.115844
-9.731272
7.361998
8.076147
1.704630
-5.159936
-4.130486
12.350243
-2.846496
-2.938821
4.423570
-17.413618
-1.800720
9.443014
17.615435
-15.056182
3.164676
-12.860281
-17.989075
3.771485
-6.266940
7.946950
6.421891
5.347713
7.076188
-2.831645
5.627048
-10.712680
0.830786
-6.643292
-10.227751
-2.840859
2.459832
-2.923362
-8.422245
3.596067
0.596460
-5.974694
2.287313
-0.641501
-8.563302
9.803402
12.806624
-2.642507
-8.247429
-9.446387
-1.191391
2.753794
-5.776269
1.008404
8.503465
-18.479967
-14.821980
-5.594620
7.433288
-9.366005
-2.631983
-5.629496
9.032367
3.822902
-7.364816
-9.074366
6.774584
-8.607132
-0.531120
8.526711
-7.560265
2.805791
5.891572
3.322920
2.273074
7.170276
-10.260348
-12.293711
3.647114
7.702057
1.973167
0.058519
4.970061
-8.362016
-14.918889
-9.736976
-4.624296
2.044740
-0.255784
6.958057
2.057063
-13.338076
-2.981438
9.431324
-0.034039
4.709704
-1.713252
-0.953402
9.599596
-6.778527
-8.601309
-1.179016
14.076060
5.446435
-1.550523
-3.591224
-3.539700
4.673769
-7.182398
-4.729387
4.812365
-14.375282
5.449346
-5.308300
-0.067163
-1.657007
-8.070270
1.552909
5.638772
-2.721775
-1.530417
-4.040363
-7.278126
6.985106
-6.432981
6.580977
-6.397304
-12.981171
16.134489
-3.968740
0.958142
12.733857
-0.411638
-4.677052
0.430776
-4.809182
-1.308689
-0.244923
-13.923264
0.638706
-4.048975
-9.546516
9.130033
-11.259513
3.284854
8.859925
7.942209
-3.234005
-3.318812
1.432984
6.532458
-19.781502
-11.709690
7.017464
7.681297
10.768641
8.026527
-6.880158
6.733200
1.057342
2.685340
1.320402
-11.152192
11.627389
6.073245
2.105100
14.446005
9.640545
8.166469
-10.255802
-4.244102
0.671767
-26.171253
5.511714
-4.817165
-4.804697
-11.459092
4.435333
10.374780
-1.192365
-6.288575
-4.048371
-2.537190
-8.853480
-3.863786
17.353878
-21.243637
-3.598417
12.896053
3.622242
-5.099471
-5.256665
8.554455
3.818525
14.962858
8.309695
-6.605917
5.327038
2.859483
-0.756267
14.246378
11.837843
9.634930
-16.186378
-4.814882
17.131676
-4.071490
-3.820598
9.122866
-10.751179
-7.998667
7.364030
3.334872
-15.453842
2.374864
0.956537
-0.031860
2.947559
-8.077491
-2.066761
14.494316
-8.624089
11.507470
-9.365231
-3.260879
9.881275
-5.075613
-9.283551
5.989668
0.796744
-12.184396
-6.202554
4.419263
5.920517
-11.827898
-2.651699
0.146079
-7.943625
7.282298
4.203561
-8.040812
5.395031
7.479493
-5.896006
8.178326
-0.565720
-14.515265
5.990881
11.560734
4.253998
-5.762662
-3.471114
6.721352
-8.818116
-12.802397
-9.172132
8.571832
5.474505
1.583392
-11.088792
-11.488833
9.632562
14.208304
-9.228396
11.368657
0.279852
-14.452753
7.714523
9.803956
-9.509014
-1.822987
-6.522457
0.608524
-12.768739
-9.380422
0.771833
-5.267294
0.174549
2.930755
18.055256
5.584972
5.739220
-0.526888
12.431145
-2.102599
-0.091387
-7.403423
-9.157175
4.365645
-9.129827
6.565688
14.529105
10.040827
-10.514256
12.018615
6.632856
9.235810
4.830564
-9.409929
5.459433
-13.409798
-9.783020
-10.436762
-7.879777
4.305290
-8.251069
9.086065
-4.106004
0.585456
-2.709197
12.601482
-16.830334
1.015974
-2.286234
-0.300720
-2.961960
-12.230869
6.867861
-13.997663
-5.340785
1.085919
0.716054
0.956521
-11.025551
21.125336
4.649587
8.424843
3.290345
-5.579334
10.440803
-8.241740
0.587170
4.936059
7.645562
-16.070686
-4.970060
-6.185457
8.843444
9.192592
-2.902450
-2.668397
3.931039
5.892052
-5.022620
2.783055
9.952684
1.657179
10.537741
8.470442
10.945394
-7.983986
7.249833
-13.810606
-9.360036
1.447412
-19.876245
2.985391
-1.505548
-5.462079
5.654954
7.339722
-0.701940
-11.840194
5.796051
1.213240
2.310904
-8.763409
-1.113042
-10.249846
3.233808
-7.217005
1.064217
-6.992703
-1.816600
5.797398
1.806863
-6.148943
-10.858721
-15.803521
3.555402
3.096299
1.826483
5.975938
9.148889
11.381164
-1.247788
-3.456941
7.842480
7.708560
-6.278325
-10.281325
6.343008
-20.311535
3.662044
11.234460
10.744178
-1.632393
8.476519
-9.083370
9.459673
4.250829
2.287296
4.314393
-0.026498
0.138883
-4.569520
-1.776259
-16.655161
11.653080
4.870673
2.884233
-6.038126
-2.457357
-0.077578
6.865025
14.841174
1.836371
18.949615
0.806515
-7.466231
7.785401
0.309210
-2.618478
-6.854151
-11.387901
-5.611914
-3.794922
1.340275
-14.282558
4.069251
-2.619100
-5.591701
-9.966697
-5.076928
8.239450
4.330488
2.991221
4.449944
10.534203
-2.345985
3.536245
6.003425
-5.288492
-10.727056
-14.091800
-10.559132
13.112496
-4.643566
10.491038
2.411133
1.868186
-18.949907
-0.390271
-6.480004
3.349656
4.365588
-12.497082
6.428174
-10.787477
7.778138
5.093098
11.650490
-6.888920
3.937250
4.490271
-5.524585
-3.787995
-9.055105
-7.570420
1.798784
-8.585991
-11.146806
11.575010
3.231345
4.804935
-14.618813
6.614988
-3.564920
-8.629081
4.553505
3.524730
-7.138604
17.441092
11.252439
-9.577115
4.391624
4.045128
5.889015
-9.467726
-5.909007
-8.302952
3.291543
11.556964
12.101234
-5.116462
1.054600
-14.366096
-10.517852
7.156072
2.793496
5.529719
-7.381982
11.910247
-1.390493
2.961273
13.402202
-2.095269
5.455059
-1.604760
-3.812886
-9.369411
-0.399180
15.410551
-5.861373
4.186572
6.123031
2.796628
6.635939
15.432751
-1.627953
-0.909628
-5.671438
-16.305099
7.336666
5.575261
4.588188
0.429928
0.883010
17.568321
5.461968
-14.984991
8.066413
-15.486096
10.055166
4.012946
17.838495
5.893700
9.363397
4.890523
6.842247
7.357116
-21.850346
4.013074
-15.869844
-2.268257
13.464540
-0.833834
16.917057
1.183007
6.807357
-9.489843
-14.259479
-4.779107
5.641555
-4.762698
-7.998219
-15.109575
8.935856
-3.365680
-1.652569
2.017807
11.252631
-6.313574
-6.294774
-5.202396
-15.965016
-8.917267
6.660158
-15.082862
-9.479942
5.950993
-3.086184
-0.625139
-14.326021
-0.842884
10.189449
-16.203329
12.219731
6.151517
3.359782
5.389799
5.563063
-6.297353
-5.549332
-15.577238
-12.194421
6.467251
-19.967041
5.737676
12.169161
-7.899480
-0.042906
-1.560627
-13.744788
5.394187
2.988085
-6.679013
-32.339352
10.604824
0.204895
9.946698
-5.662556
9.700374
-0.205993
-9.696405
-13.136179
10.423682
-5.718192
-0.683747
12.557542
7.087063
-7.926485
-12.913931
-4.743079
15.145538
6.871532
16.531780
7.295612
10.503642
-7.451572
-7.916190
-7.649570
-9.225856
-2.578342
2.050108
6.564234
-15.682329
-2.864645
-1.141404
-0.737238
11.999514
8.705153
8.479955
1.514533
3.979386
5.937487
9.450721
-8.418016
2.919016
-9.242156
-8.637290
3.938217
-5.196403
-12.453126
2.253872
7.352033
9.045047
5.214605
-6.970497
4.160964
-12.515121
-7.050247
-10.348272
-4.770783
-2.779984
8.542033
12.181849
-0.260126
1.082441
16.249598
-22.548273
13.731927
-9.471745
16.393812
-5.123300
3.970912
-12.441025
-18.762161
16.327896
-15.123795
-12.357474
2.051652
7.444664
-7.772079
-7.853907
5.426828
12.715174
-2.347377
-10.003367
-7.741586
-13.814559
6.145844
3.851904
-13.676521
-19.004581
-8.734534
-2.129925
2.188544
2.980264
-10.532381
0.042079
-1.257239
-12.307014
-0.522837
-0.688716
-6.364869
-3.087015
13.867467
15.705657
3.784119
-7.880521
11.863611
10.810589
7.701912
-13.871473
8.695575
7.759486
9.726943
-14.015146
-6.256418
4.805136
-7.056865
1.093129
1.532916
8.552177
9.506839
3.650779
5.209362
7.714422
8.852273
-13.141937
0.578222
3.355690
-2.090737
22.855972
11.554646
0.729666
5.837943
-7.551847
-6.711854
0.245197
10.791695
-4.755731
-5.274008
10.878701
15.503087
5.828629
8.086700
1.804615
6.808137
-7.109752
7.126013
-4.955317
7.732335
4.570047
3.931576
11.656917
5.394902
-7.843297
2.000767
3.461574
-6.748998
-1.829882
-5.386625
-12.673078
-11.997786
-0.315591
-9.730371
13.643909
0.656127
5.559772
-3.102972
12.477692
5.469301
-9.144312
3.903328
-7.309700
6.728799
1.919681
-0.628085
-6.450306
17.212208
-2.954570
3.548128
1.169587
-3.187817
18.897312
-10.196682
2.981570
-1.921728
-9.701004
8.378826
14.477232
-10.172319
8.919189
-9.926269
-1.995225
8.263418
20.734983
-2.941416
5.304947
-3.583116
-2.152755
6.490721
7.100751
-8.578935
4.656322
0.011868
-9.122595
-3.143338
-4.924683
2.543414
-11.920430
5.392535
-8.820398
6.442011
16.567032
11.210094
17.405375
4.614396
6.667845
-4.815626
-26.424223
-4.867224
5.264598
-6.813863
-6.838932
-9.881090
-2.254313
7.257038
-1.663887
-10.644094
6.447285
-15.045159
5.655337
12.827338
3.507290
11.838597
12.147603
17.807831
-8.107445
1.502500
-2.069528
-4.599784
-9.764087
-10.010977
8.943657
8.597672
5.022927
-9.794138
17.266447
-9.129080
-1.676560
-28.043514
-5.116548
4.085386
-6.084233
6.222131
8.480805
-5.411845
-2.103099
6.498869
-13.790454
-16.242727
12.311122
-13.638610
-6.154409
6.389835
-8.487677
-5.058508
-1.071215
-8.566963
5.026030
7.216175
-5.664559
3.413395
7.107599
11.845535
-3.151912
-2.640144
-12.319433
0.016114
-8.134027
-3.157948
-16.571985
-4.198851
0.218964
5.087592
4.768589
2.470145
-12.031913
5.017670
-8.638459
-4.578592
-2.867156
-5.162549
11.089684
4.503509
5.877991
9.628625
9.168822
0.890721
-3.819022
10.525506
5.563202
11.695366
9.317386
-2.792149
-5.939483
15.771791
3.255515
8.078483
2.048379
-9.346898
3.653889
0.420654
-14.279356
4.055924
-0.139325
3.942908
8.910535
-13.594030
7.134473
-8.500283
18.702583
2.926793
0.533407
-5.663856
14.884762
-0.815958
-17.101784
-10.367619
4.416451
17.248873
12.058161
-1.501788
1.481319
8.934900
11.230671
-1.636348
-11.857489
7.235232
6.231724
14.007555
13.139938
4.433363
7.553044
-12.893351
-0.227863
7.645427
9.439001
-1.563816
2.781560
-9.146220
-8.082472
5.694415
3.389762
5.229666
13.149859
-7.381130
1.873161
2.217814
-10.886420
15.769876
-18.271206
12.294522
5.136419
-2.222903
-7.483609
10.613447
4.969703
-9.871717
8.910061
-16.644075
9.069799
-5.278648
-10.646576
-10.022256
15.878181
16.937323
5.972202
-10.079804
-7.766116
16.366375
-1.316831
-15.914724
-8.308800
-3.694858
-13.617799
-0.661834
-2.937505
-10.131484
-4.002535
-15.622635
10.825470
6.765878
-11.544854
-12.883749
16.299664
-6.215524
6.715983
14.470381
-2.730363
-5.932419
2.274472
-0.113917
6.744744
5.615132
-13.076449
-16.051723
-6.784143
0.486109
-24.402338
-5.201901
-7.712765
11.231699
3.444377
-7.950355
2.231472
-18.563347
-3.161991
-16.615759
8.261658
-8.798812
-13.395517
-8.732276
4.687142
3.857292
5.389482
-10.217877
16.319206
-8.268915
-16.743158
-16.708942
-16.383162
-1.875917
-9.238760
7.490116
8.652009
9.336797
-11.528367
0.039778
12.966859
-4.548172
5.570590
-0.620754
-7.788965
-12.711288
-3.469020
2.656464
15.185424
-10.216860
21.346630
0.689696
-17.865753
9.162669
-11.500847
0.072837
-0.147507
1.114110
-1.115442
13.480858
0.640345
1.299586
-1.143671
-17.418003
-6.860370
2.066169
0.115128
12.521305
7.957235
-4.979761
-1.849159
8.935575
-0.710585
10.429592
-4.275405
-14.292047
18.131344
6.094800
-3.681097
-6.107551
-6.028922
9.372721
-11.179592
-0.928875
-3.246701
9.748914
-5.384549
6.710056
7.070379
16.479273
-5.184179
10.457076
7.692624
13.362656
7.841051
-0.096207
-5.116981
3.808226
-0.330852
9.130405
12.291786
1.247434
17.400341
1.762775
6.972294
-8.512995
-6.163908
17.818136
1.136111
10.753263
0.642993
-6.021101
-5.576344
2.025141
-10.368979
-2.878209
-6.651799
18.377893
6.109446
14.935514
-0.391411
-7.807201
2.438867
0.895687
9.082783
4.121752
13.064011
10.477160
-9.298489
-11.718603
-1.998573
-1.802872
-3.505312
-4.387329
7.951646
8.287401
-7.724532
-1.969169
9.522302
-10.230549
7.214040
7.910219
-15.058158
-4.202000
-6.138548
-8.955135
-13.852201
11.902533
-6.788979
-2.198150
-15.961810
-4.042264
5.883054
-3.938699
1.582340
2.082472
9.271049
-0.089096
-0.760654
2.523541
13.176762
3.084420
-0.501433
-6.713913
7.024511
-5.671282
2.934169
-15.917759
8.826797
-4.721931
-2.287807
11.680008
5.908989
-3.933451
6.767892
-6.155883
12.377074
-4.500168
22.446974
4.051203
16.711208
-1.158643
2.449642
2.652707
-0.693056
-3.311664
-10.287219
9.705430
20.162066
7.079306
2.377317
-3.337880
0.138305
-16.321821
-4.665741
-1.969861
-12.154787
3.715985
14.093974
17.568815
21.128063
1.088243
10.522915
-13.100506
-13.546719
-3.264075
-0.376194
0.384848
-2.350765
-3.706102
-1.385444
5.059914
10.735551
0.539316
4.636640
15.499175
13.754716
4.018571
-4.444178
-5.289873
15.747200
2.323971
-11.259184
1.025743
-13.842476
-2.039252
7.851192
-20.276768
-12.659385
-4.755558
5.021841
1.783290
-8.735195
-2.263451
2.335888
34.569817
-4.211340
12.168925
2.136247
-15.773417
-1.499049
-13.329422
-5.387285
0.507527
7.946268
3.700301
10.688999
-11.889336
2.113651
-8.358108
2.613614
6.271906
13.987985
4.522841
6.239083
0.163995
-7.763108
5.068079
-4.429557
-9.091424
3.217190
11.540158
-16.115555
-11.060122
-2.651555
-3.211753
-1.212038
-4.788680
1.540652
-2.918930
8.418258
-11.514069
6.683448
-0.029306
-4.496919
0.361475
4.381777
-10.004659
-14.447460
-2.387682
19.196428
-0.657399
-15.865160
7.647414
10.880227
-9.280159
1.507183
2.845845
15.350470
-8.689281
-3.730795
1.341545
8.237161
-11.655291
-4.217187
-4.746639
9.269918
2.711222
-3.155803
-0.076309
-10.597793
-0.560668
10.244630
9.191818
-10.330437
7.902928
8.475410
-4.655754
16.299927
-23.859968
16.448261
-8.090765
-6.705877
-5.064367
-0.340553
4.307268
12.353588
-11.063975
-3.975080
16.604986
-8.868489
-8.207749
-12.896963
-0.191727
8.203522
5.261770
23.155729
24.731647
8.898627
-1.536094
5.419019
-8.548855
14.512453
-7.886812
5.311876
-3.371356
-0.284838
-0.009589
-5.020461
0.905597
7.358124
0.737541
2.641649
0.182413
7.170812
12.961388
-1.599023
-4.977209
-12.440269
11.428596
1.403489
5.171576
9.521770
10.164437
10.500164
7.921664
-15.508962
-1.184140
-11.682434
-2.598602
18.979137
8.095249
7.068239
26.485083
-2.438198
-10.072316
4.554119
-8.159459
5.520885
-2.644440
-7.633455
4.505022
-1.383007
-17.952927
14.986673
-10.738908
6.561924
6.224776
-1.642167
5.632143
7.247624
-6.826498
6.637498
21.644098
-4.392776
-2.154080
7.883469
-15.846951
-1.046995
9.672282
3.637672
-6.798329
-17.514425
2.499545
-11.757758
-6.156156
-10.035039
-8.862564
8.397496
-5.112723
9.852594
-14.455654
12.028587
4.033370
10.222651
-8.870105
-8.216642
-0.306221
8.510580
-7.193438
14.344897
9.637730
10.478363
-1.310977
-7.358464
1.711622
8.876730
5.888722
-10.136088
-14.241565
2.575688
9.018407
-4.733392
6.847442
-7.548253
2.283626
-6.804101
-1.729709
10.789079
4.210883
4.995485
-7.533152
-8.983706
-3.348548
2.322388
-10.698829
-17.237129
4.998628
4.268577
11.313558
-8.478257
-2.335725
0.528015
8.859838
-0.414641
-3.390689
3.037290
3.453399
-9.113831
5.721125
3.632521
7.205261
-10.202113
-9.091069
-3.570373
-17.925543
3.405299
2.953771
4.080703
-6.208078
5.316561
-2.168896
-1.727751
-7.132407
-2.492318
6.905377
-3.598672
-6.590815
5.979661
-3.191269
4.148909
-9.223834
8.142214
-9.963598
2.113193
11.651192
-0.836544
-7.498498
11.819503
-2.560852
-12.447023
8.759758
-5.329644
-4.964419
-14.404250
-5.232223
7.900304
9.572114
-7.705226
6.857296
7.102070
9.471926
-2.476457
-11.093131
10.306593
3.603247
-6.655309
7.053177
-0.429272
6.602139
12.208600
-8.734370
0.880087
8.744017
-7.995245
13.204721
-9.831392
1.577907
-13.174203
8.622513
6.090264
-13.414740
-10.028341
2.178195
8.204014
1.247201
-2.022492
-8.421697
2.962329
-7.234250
-11.608423
3.847927
-0.389541
3.080276
2.142946
1.463019
-8.138733
12.761183
-12.277371
-20.807322
-5.204995
-14.268932
7.695828
-5.214592
2.891409
-6.908132
-7.278651
-9.985985
10.342813
3.861435
-10.671191
-4.245606
-3.747919
-6.993682
-14.271155
2.959377
-0.880455
2.814468
9.600736
-6.224646
-1.206281
-6.829751
11.725600
12.099917
-9.644758
4.608798
-2.658695
6.804931
7.376703
-4.141337
5.489411
-0.337278
3.691584
-0.046882
-12.119150
8.245985
13.002440
-17.286507
-5.889415
-2.429197
6.564146
10.497063
15.157249
-4.478554
0.012576
2.696108
-17.738144
-3.009260
-4.832213
-12.186289
4.565962
9.062117
28.700258
5.301260
11.614855
-5.188993
-2.727523
-5.974784
4.400734
-1.829031
-8.045016
-5.934555
-13.488791
-3.289058
-4.585089
12.243979
14.608058
-8.797746
3.632933
5.194383
-4.826677
9.180982
-11.444752
-3.007376
16.970224
6.154526
3.755017
11.579021
-2.611691
-4.854562
0.742816
-7.612862
13.135329
13.243931
-6.610538
5.147383
11.404409
11.359919
24.736460
-1.349880
-3.490942
-0.873195
4.797625
1.537017
3.225177
-10.513545
-10.699864
2.812186
-0.494374
-17.048496
0.506888
-3.532312
7.278569
-7.718361
3.884232
-19.894535
-3.325609
2.943147
12.837473
14.364455
6.527461
-15.320064
-10.887179
14.531654
7.220340
1.774448
-0.576138
-11.911461
-1.399539
9.150302
-18.379383
-4.610579
5.844682
10.743299
-10.933834
-10.306280
-5.714719
6.411502
-4.532969
-13.117825
8.009719
-9.604408
-16.788296
-6.241941
-5.199341
-2.916192
-1.994143
16.814314
0.463267
5.169634
-15.035541
-3.703944
-10.545420
-1.717963
4.456120
2.855020
-4.753366
1.864681
-0.833354
11.152535
-2.121229
0.692544
13.393180
0.797312
-8.722681
7.971336
3.213048
8.442483
-17.337906
-3.871980
-18.447863
1.160259
-23.299957
2.780008
-11.399702
0.077990
0.540935
12.520918
-7.336543
-6.520596
-15.783895
-3.726052
-4.018124
5.100295
11.065457
19.781828
3.852265
-13.235473
-13.169343
6.216442
-1.202838
3.983242
4.423824
-13.431331
3.487556
3.405785
16.031651
5.813684
2.959012
5.202759
-4.841905
-1.094896
13.709141
-0.744453
-1.240208
-1.635823
14.052674
-4.218478
5.498325
6.804911
-7.731806
-1.836797
8.864002
-12.790252
-4.451345
-6.177246
6.154179
9.630613
-13.307346
-8.426259
-3.827457
4.377860
-12.494776
-0.224368
2.616355
-15.834085
7.442641
-1.208815
-11.860551
4.166354
-15.565419
-4.097311
-0.127588
-12.779585
-3.077064
-4.767691
-12.469333
-11.573995
-1.367448
-6.980165
1.311275
-7.805641
-2.102471
-0.674091
9.935416
4.150890
-14.409086
-14.082020
11.993568
6.040097
20.217703
10.633611
-7.805274
-6.168207
0.741731
-8.517105
11.377724
7.171354
0.967888
9.017265
14.430024
12.426437
9.503900
-7.202308
-13.299219
5.717886
10.742208
-2.069762
7.948453
-4.590677
-13.963749
0.217545
6.527702
3.690444
19.686333
0.180161
-1.505992
-7.374807
-10.528798
-10.944724
-4.369956
-4.694452
4.822787
2.028558
3.487525
3.981867
-4.773403
5.317384
13.634018
-3.152546
-11.534196
-12.749276
9.124352
-8.032707
12.990438
-3.975962
9.331000
-12.367009
15.161539
5.491204
-22.925751
7.484282
-6.363031
11.755921
-9.706426
-9.744761
1.526758
-0.687651
-8.073490
-1.051554
-6.479466
5.164261
8.083088
-5.691391
6.931041
4.665888
-1.598919
-9.030717
7.284931
1.081239
11.813391
7.306662
-0.871153
7.734595
6.195029
-2.865361
-10.303140
-1.313874
-4.676155
11.007792
-7.767349
-1.627071
4.801641
8.935411
13.277647
12.239859
-8.569115
-6.066715
9.263129
8.233669
-4.108227
-8.336773
13.758150
8.582185
-9.694101
-5.830521
-4.405184
7.242039
-16.705301
-4.075672
-11.383285
-9.873944
8.071086
-7.109086
-5.720717
18.132502
-3.253316
13.037735
-10.498082
0.730337
0.889878
-8.199229
-13.028599
10.223410
-5.457709
11.251892
7.138005
-1.826043
14.252201
12.079336
-10.305132
-3.606454
10.808769
-5.416812
15.033978
1.260098
0.490843
-19.512421
-10.736692
5.611368
3.420279
-1.377775
-6.622090
-8.473536
9.654993
1.110418
6.666262
2.287636
1.283000
-12.350141
7.634585
5.181811
6.957882
-19.613682
6.185900
-0.188488
8.109016
-9.375061
-10.813481
-2.922460
0.138090
4.724838
11.482321
-6.095714
-8.692113
8.587135
4.929833
-2.220855
1.569378
1.658039
-4.139989
-11.777541
-6.689704
-2.267724
6.064317
-17.581131
7.213059
-6.985330
4.973372
-10.859814
-4.012175
-3.031131
-1.951173
-3.751858
18.453928
-7.281950
-6.340477
-9.939368
5.262994
-21.105106
3.745883
-16.021448
-6.239094
7.950172
3.482845
0.548203
12.795794
-11.900373
2.660143
-7.940087
1.147037
-11.629478
3.420804
11.234248
10.167515
3.553092
-2.109583
-3.321759
1.953052
2.463410
-7.762921
5.637395
14.857424
-4.507371
4.864026
-0.840479
12.038813
-4.666040
-4.244153
1.841278
-1.058183
-2.267818
11.300801
-10.968426
-8.725180
3.531320
13.027065
-3.810584
5.772966
11.133494
-11.099920
0.869620
-1.950557
11.710191
2.439366
7.890687
4.709779
7.713223
-8.376373
3.103528
10.439449
-0.627804
0.168793
18.673750
1.016926
9.231490
12.657848
15.888824
-1.039392
11.581882
0.804058
0.888397
13.328606
12.820114
-0.358803
7.004964
7.942822
1.754171
-11.997120
-11.322353
-11.511167
3.716045
1.771892
0.187828
1.935877
-9.625386
6.989606
-2.218888
7.632901
2.439615
-3.335425
-10.174323
4.121747
5.172574
-9.965383
4.970896
-12.448943
-2.565790
2.746298
2.557797
-4.543503
7.953115
-6.024398
14.854070
6.673743
-2.480407
2.254371
-2.383530
-8.065187
-10.733502
10.204493
3.729069
-6.398796
8.344945
1.328825
-10.023849
6.799074
9.766795
-0.084100
-1.136263
-0.413899
11.308534
-5.911231
-13.070235
9.028796
-5.567777
2.487904
12.951729
1.167361
-0.031978
5.837226
-8.545714
8.359005
-3.476738
-10.123624
8.472875
-14.341389
0.925706
-0.924650
-3.064937
-2.445295
-8.549417
-3.509262
-13.341538
15.332088
1.330245
-1.124174
-2.339557
-11.546136
2.383337
-0.325323
-4.413594
6.128097
-1.749435
-8.371814
2.950864
4.947399
3.087749
7.098451
-9.149360
11.403880
1.895190
-6.151904
-1.875120
4.993760
-0.105278
-3.086670
-4.044538
-2.001514
-4.355999
11.206175
6.018506
13.902437
-3.207771
8.975800
-0.646198
-5.564146
8.518730
7.017966
9.466429
-9.823265
8.696426
4.600511
-10.667141
-6.486441
-7.005272
5.315853
10.837286
16.911072
-4.843176
15.442871
17.702072
-7.584182
10.747798
6.508793
5.259068
-10.194574
10.666096
5.400745
-6.166566
3.205037
7.639660
1.773728
0.748963
12.522591
-6.203270
-0.068104
2.246939
7.218963
0.428107
-3.945529
-8.126442
-5.297715
-5.346932
-8.287625
-11.431707
0.338915
12.108806
-13.684484
-12.619273
13.346793
-4.158633
-3.269130
-4.930192
-5.913433
-10.458837
6.962770
3.423832
7.840379
-20.985020
-9.902899
12.503772
10.433909
-2.287337
4.698197
-3.725929
11.608841
-1.067320
2.302233
10.056422
-0.341397
4.830204
-1.570217
2.011870
-10.859848
2.818274
-3.148208
-0.691316
6.615857
6.605076
-6.911217
1.440885
-2.288045
0.482533
-1.401036
11.719566
9.588253
-1.958172
5.984972
9.689919
4.014321
-9.024352
15.656646
-2.327227
-16.360184
13.180823
17.813633
-19.772490
-3.148402
8.056605
-7.699451
19.998980
8.913290
10.960833
0.310673
17.331844
5.716091
4.873933
-14.147443
-12.322674
-3.416548
8.224206
-0.113207
3.531555
-11.400398
4.916557
-1.786103
8.098058
-5.216306
-8.616669
-5.920977
-7.768495
-6.489884
2.755317
4.540078
3.575787
11.693542
-3.464488
1.674693
10.051316
-10.429348
-6.220631
-15.729739
2.502034
6.240856
-9.726958
9.297589
12.375977
-6.572532
2.631144
14.421074
-12.359783
11.402707
1.795290
-11.811523
-9.174320
12.104089
9.170720
13.944001
-13.702646
-3.236817
-7.355564
12.146905
-5.768051
-10.660786
-5.960493
-5.471622
-1.202488
12.016554
-3.420343
0.908240
6.297054
0.465498
-10.633727
-4.523914
5.014328
8.343529
-8.041718
0.168663
1.658010
3.796125
-10.548010
-5.452917
-3.979401
-3.334114
5.108453
-1.535223
3.621247
-14.628623
-2.126859
-9.705891
-5.657249
-4.848689
9.658862
0.993935
7.724616
-5.178813
8.458318
10.992990
-2.163077
0.728311
-11.775015
3.876438
-6.313354
-1.423564
-9.173245
-2.302117
12.370516
7.409128
2.401214
-12.209905
5.458331
-7.539948
-11.215014
12.006796
3.061663
-2.237058
-7.880527
3.017352
11.751421
-13.528233
4.876982
-1.604935
3.157832
-5.984139
-6.814868
-2.222676
-4.816059
-4.181480
3.767340
-11.589363
-8.172579
12.971866
0.902378
-1.866257
-0.047493
11.716305
3.674523
4.321875
-2.349059
7.735944
4.543858
12.782421
3.093205
-2.620948
2.023229
-6.560266
8.908860
-5.098524
1.999749
15.314854
-15.351983
2.254009
-8.298238
2.496253
0.318462
13.660992
-5.010724
8.537637
4.523375
-1.464351
0.827226
13.530457
4.074778
8.637947
-4.122355
-0.889380
-4.495571
-12.607484
-4.343120
2.162335
-9.984410
-1.499702
8.618406
11.938796
-9.656100
3.061020
1.411778
1.302481
15.513351
0.391207
9.177900
-14.096833
2.855447
-0.816672
-7.312403
-3.507729
-9.423115
-8.262955
5.486358
2.082254
0.264116
-8.476748
-8.768806
-8.279882
2.955996
-3.391063
10.460597
6.612023
1.244732
14.006529
-14.096405
8.447968
12.074479
1.433371
2.739396
3.136939
-12.680537
7.127807
3.021032
-2.828359
-0.863234
3.019704
-8.212009
-0.294987
-7.412643
13.797401
8.842257
4.736660
2.535619
12.578983
11.685231
4.438931
-14.802210
-10.006517
13.818827
1.513949
-0.272389
7.535278
9.320516
-10.029574
-5.256072
5.823853
3.471609
-0.908530
-1.190353
1.303840
10.197195
11.674253
-10.139289
5.614934
-12.923394
7.613475
-6.053455
-10.481002
6.900144
9.544324
2.209486
-17.229681
11.200155
13.462383
11.073168
-5.149019
5.023207
2.597184
-5.459048
13.080078
8.478184
5.835258
-4.865395
11.067590
-0.987003
-18.569235
3.594008
-2.614868
12.555177
-1.174208
3.029127
-2.158259
13.598595
3.463650
-2.981261
-3.557460
16.961718
0.859237
-7.867479
5.955403
2.048660
-2.685016
9.626143
4.011781
-0.269409
-6.067136
0.297316
-13.635880
0.893992
-4.403762
0.960968
-6.530614
2.774791
11.943289
0.774477
9.722238
-4.601116
2.187312
-13.603216
-2.851362
-17.991331
-0.146193
1.850098
6.952093
-4.240338
2.735224
-6.166122
6.955961
8.088085
-7.042271
6.684282
9.364574
0.827675
10.386033
4.358597
-8.637072
8.447400
14.514081
-10.644286
0.289952
1.576689
0.885720
5.816299
5.494082
-0.433726
-7.682700
7.804218
13.655039
4.832382
-2.866945
12.238585
2.008923
5.052027
-4.039000
4.990276
5.594724
6.356880
3.416885
-7.035856
-8.085026
2.538126
9.032035
5.649377
8.723163
-10.281877
10.933894
-9.591341
5.408078
2.792382
-0.329050
7.490057
-2.917411
-9.135435
-8.851954
4.601836
3.345014
10.251566
14.388925
7.781265
-5.930005
-3.489298
6.019166
-3.594746
-1.827243
0.258974
9.789306
-6.720572
6.319124
7.407277
2.328628
-18.847559
-10.913996
-4.968337
10.877580
12.639351
8.253310
-4.265264
13.963951
-7.674207
5.180640
8.325442
-9.368204
-16.708174
-8.095551
-2.514599
2.669286
9.081097
12.578448
-5.377443
-12.108340
-10.543575
15.418081
3.097182
3.883536
4.633302
0.259769
12.030211
0.249050
-7.330106
-10.474940
-9.161780
9.249898
13.472038
2.403563
9.775840
4.882507
-13.155459
3.065284
9.189467
-9.651065
-16.594189
3.626493
3.586983
3.374025
-8.278807
-10.267133
6.129450
2.695107
1.632015
2.597954
10.160891
9.208701
9.305599
7.626845
1.193761
12.541743
3.318643
5.442798
-6.179186
-7.539669
-9.368985
3.008538
10.459541
17.578014
4.068626
8.136594
-8.326768
-9.408776
5.322726
4.689164
2.003855
5.187685
-4.585223
8.893823
-5.192869
3.511314
-20.987106
-8.807139
7.607555
-7.359858
-6.031518
-1.325213
-3.254961
-6.601394
2.252117
15.593616
-0.703811
-0.588645
2.749802
10.377601
-13.262405
2.917186
3.668574
-7.641147
-6.655189
-0.762391
-8.326139
-0.211903
14.664823
-6.286593
-1.470981
-4.487925
2.485326
-6.144700
-5.458304
2.234718
-7.685570
-9.046666
-2.886013
9.867756
-7.487506
7.002740
-1.553888
-3.119141
24.147057
14.555245
-14.060278
1.571185
7.797697
-10.044487
13.791825
11.602847
15.728948
12.158658
13.285018
3.542730
11.235840
1.744021
12.457362
-6.636299
-8.746843
-4.044514
-4.062119
3.548909
-8.635851
5.271074
10.275998
-9.967071
2.217359
-4.571645
13.650737
-5.164575
2.637107
8.154518
-14.477316
10.835727
-6.464182
20.386860
10.780589
-1.554038
-8.650918
3.140158
-10.973577
-7.194857
0.511096
-3.827223
-7.245819
-0.326033
7.077113
0.460227
-12.876804
-2.761861
-1.095494
-9.604282
0.958022
6.755970
-10.939755
3.933802
-6.614619
-9.638393
-2.106557
4.012677
7.087629
17.028685
8.781623
-5.374890
-7.936540
0.765205
7.928717
-5.685923
8.889447
4.770203
5.048220
8.902941
-13.172817
-1.814875
-2.376811
-7.000964
1.096166
5.782026
12.234688
-6.923957
-10.041696
-9.882719
-5.795855
0.210552
-12.314451
15.455025
10.619570
-10.631703
-0.823165
-10.650207
-5.747226
0.736448
23.104115
0.388241
-0.576978
-5.808595
6.216696
0.385394
-6.958777
-10.918226
-4.063025
0.622692
-8.384365
4.218102
-11.364680
9.614233
5.605367
-3.284735
-5.612215
7.386030
-13.416283
-3.500043
-3.948691
0.402011
16.144493
-5.377645
11.270522
-3.216397
8.071376
1.063915
-12.805175
-9.689237
2.968862
0.604496
2.289197
0.543652
-10.720171
-7.355539
5.872893
-15.932057
11.199430
-8.013524
-2.067417
-9.233461
0.367698
8.738811
-4.868234
-5.495994
-6.707622
-10.244820
8.451097
4.042762
4.907652
-7.372845
0.228316
3.532860
1.571580
4.820810
3.065482
3.592377
3.773015
-0.534194
-11.621230
10.412256
-3.044634
-8.257677
15.003800
-10.336425
-10.951404
1.846581
5.675297
9.795619
-13.621244
18.234531
-6.884380
-13.587674
-8.661395
10.877361
2.854475
6.708378
-0.916854
-0.608629
-13.583551
-1.617149
9.908320
9.117584
-11.958412
3.232126
-15.293186
4.894861
15.783107
-0.072919
-3.763740
-2.390679
-12.387279
-7.788375
-4.764983
1.480503
-13.150486
14.324082
4.549165
3.490475
6.044802
6.930728
-5.128484
1.806487
-4.256866
-2.716617
-5.924869
3.904373
-15.688692
9.700365
-13.444859
-5.208970
-6.573537
0.013487
14.264973
-5.726338
3.082936
-0.780946
-10.529753
-6.601122
9.475493
7.480347
2.796153
-3.310248
8.361048
-5.169787
-4.540204
-11.709787
-7.112123
-2.988764
2.062119
0.834231
12.876676
-4.246884
15.191700
2.091636
1.344087
-2.795932
-4.870826
-9.122944
1.892445
2.810521
2.445541
0.771325
7.861497
-0.590881
5.956389
-8.229482
3.782517
2.333740
-16.469460
-8.377028
-7.915536
-10.094406
-5.083367
10.383430
2.762477
-4.755186
6.510619
-6.936873
-2.615112
4.676976
-13.083998
-3.948426
7.781398
4.580756
-17.895590
6.994859
-2.451160
-7.950060
-10.860622
8.539940
-2.025044
1.727145
-13.058583
9.822536
-4.441113
-13.540896
-7.051399
1.949910
-6.743020
-0.800238
2.954043
-2.624842
-3.123103
-3.388844
-4.659314
-13.959980
-12.293023
-3.799037
-2.358622
-11.891541
-8.892725
1.428705
-1.550799
11.915010
-15.060073
16.116169
9.244708
14.563709
-12.734398
-5.831239
16.343981
1.441547
-18.640753
-3.152227
-6.801814
0.966401
11.493672
12.289762
8.853456
2.715957
-5.906257
-5.245651
3.222584
-12.672769
1.763318
-13.921164
1.362062
12.017496
8.253297
-5.205803
-7.867542
9.656258
2.312026
-15.395811
-15.825005
0.274198
-2.109784
-12.329387
-7.687439
0.427132
12.802350
5.430093
0.889576
10.011068
-3.600400
-7.293900
0.008259
7.831784
0.402084
-0.559167
17.059515
9.280358
2.952061
5.061514
5.739985
1.585875
7.897418
-9.979625
8.298799
-14.974016
-0.637931
1.889731
4.544028
11.475205
14.849679
3.018005
3.818557
-3.295487
-9.777762
5.287264
-3.383006
-14.107375
9.327550
-5.038861
-3.130277
18.094908
-2.813678
15.663984
3.256931
-8.935988
-9.258348
10.576601
-11.785515
-4.801176
9.097388
8.578075
11.220843
-4.400290
10.298547
10.375458
1.307413
-1.599579
7.080060
4.809727
-8.530674
-9.593638
1.217990
0.043824
-6.965844
4.338885
-12.606690
-18.809948
4.569056
-11.256868
-6.317728
9.334117
-7.819086
-7.260652
6.263881
-3.599037
-12.291963
0.842261
14.495369
-3.474375
-11.308970
-5.620557
-4.159529
2.796823
4.515064
3.247183
-3.607318
13.768072
-3.046970
0.013467
7.329322
5.194742
-3.744767
-15.519474
9.348410
1.635407
8.188053
-1.161962
-2.844402
-3.325202
-12.979421
9.709103
9.901423
10.572090
4.944707
0.305238
5.337036
-0.072706
-7.619418
-3.982183
1.565127
13.903443
-3.776613
9.995914
2.660123
-15.048460
-12.662521
-5.470992
-9.046005
2.794763
16.165680
5.442404
13.309646
15.459096
0.331446
0.062950
4.151808
2.989601
-9.208997
0.735870
3.674430
-12.308195
0.005358
-9.337104
8.750818
15.627436
-10.498493
-3.850492
14.484164
-12.869514
5.553669
-15.807867
-8.302927
-8.563871
23.767857
-8.377741
6.131597
2.449253
7.927816
7.695133
2.619670
21.809746
2.851613
4.746612
-13.562859
-6.341566
-9.543406
-4.261061
-15.721510
5.807913
19.056810
1.488144
-2.959150
-2.329736
5.336843
-5.829101
14.676375
8.708847
-6.022586
-5.527743
-13.500517
1.906661
8.798041
2.675597
-10.316143
-0.652113
5.290174
12.286370
14.642140
4.994645
4.109252
7.007215
5.850273
12.960303
1.452192
-15.917344
-2.084152
-3.081939
-11.391537
6.290375
3.264463
-9.050185
-16.566542
-12.895228
6.851146
-8.918090
-7.988493
-14.937157
-15.745220
9.113421
0.218615
-7.355197
0.301204
6.450142
4.603212
2.039894
4.202320
9.915374
-13.172111
-2.710888
-4.374099
-8.103756
-1.910312
5.798737
-8.374491
-10.022040
4.350832
-3.332529
-5.337792
11.763842
-8.570746
-9.050124
13.176904
-13.248767
-9.885633
-3.336454
-21.298393
-0.042942
-8.022237
-6.320408
-22.214470
20.750425
-7.105127
7.427119
-1.329213
9.485058
0.611922
3.260683
-1.927872
-5.923600
-9.711437
2.889411
-7.613086
11.321813
-17.055218
6.641651
19.207716
-3.254832
0.338594
-0.304079
-2.050487
-1.515941
-13.577490
0.779862
-2.008004
-2.801945
-1.748072
-0.484068
2.317100
10.739335
-10.664445
2.395416
-12.510305
-2.218726
-10.202032
-0.757233
-26.171282
-20.747349
-0.829824
6.673957
9.527038
-0.455767
6.942417
6.940565
9.046370
-1.075344
9.170089
-15.224760
-0.748848
8.884235
6.472050
-5.394256
-8.339903
-15.971226
-10.318222
6.109344
-21.904865
-0.081869
-1.765587
-3.007738
4.620635
-3.732906
-9.145651
-3.026182
-1.430130
-2.407872
-16.587755
7.441959
5.972424
10.044188
-8.859136
-2.316962
19.503479
2.735047
-2.468519
-0.595908
7.199406
-0.911483
1.906859
-20.366385
-12.941217
-10.698714
-3.142348
-2.793013
-0.394957
-1.606150
-13.546388
5.282406
12.751252
-4.080212
-10.676809
-2.613456
-8.765429
-14.763963
15.968579
-6.613734
2.566808
-8.375407
8.393752
0.653670
-8.967637
4.770608
-2.550943
8.809150
5.118851
-0.017853
-1.653538
8.199396
15.095322
14.448532
-3.727124
-8.168090
5.250782
-0.236342
-5.643871
-7.631004
-8.577133
12.017777
-6.786883
-19.761730
-6.952435
-12.344501
-3.204113
6.800296
4.953337
7.974272
-2.689577
15.059918
-6.860468
16.336786
13.873381
-6.453438
-11.199818
-12.829383
-2.369451
-9.771772
15.533756
6.531719
-7.303109
6.798077
14.824790
-9.592031
-10.361691
4.823063
0.055331
-9.868381
-8.961858
-2.268520
9.616314
1.508433
-4.293296
0.598523
4.052821
1.466841
0.645287
2.169614
1.877923
-6.679282
-3.158568
-8.074711
8.634056
6.765145
-3.440340
15.149469
-11.676839
-18.678274
-8.114251
-19.624584
2.232162
-0.293375
5.650243
-1.745466
0.198114
-9.598648
-3.281308
2.490430
-16.467360
15.023937
9.785727
-12.378041
-3.697287
17.025002
-10.013053
19.670797
-15.496072
0.620125
1.827898
18.571556
3.163630
-7.160172
-17.188318
-6.022815
11.364383
-0.559635
-5.095341
7.423463
-10.065611
17.675991
-10.874796
-3.285277
-1.096628
9.901214
-5.069329
-1.740289
-1.120687
6.423912
5.738959
-11.449773
-9.958279
5.487622
7.977893
-10.289394
-2.193032
-11.310907
-0.617639
-24.970016
7.526856
-0.829461
-15.262872
-2.421930
2.872147
-7.736103
-18.873154
3.247859
5.382034
1.856562
-12.611032
6.708767
0.845535
-1.289282
0.050911
11.107345
7.335267
2.293790
0.712720
4.032625
4.447573
-14.360618
1.401551
-8.789733
-1.017022
-1.277315
14.215487
-8.926424
-14.589245
-6.864025
-8.519778
-3.873126
-1.800552
7.904716
-10.155551
-7.792460
-8.830714
3.562435
-9.526717
6.451239
-15.215517
0.922608
12.591879
13.392722
3.915301
7.176875
-0.240059
1.489249
14.255733
17.076355
-5.205021
1.608735
0.189366
-5.597475
-8.569304
6.550656
-4.025952
-9.379681
3.862159
9.609521
-23.213820
6.914156
-8.098973
-3.537599
6.644107
-8.661630
6.039893
-6.389990
6.601609
4.981851
2.707186
-9.793856
-3.667849
-10.886063
2.795849
10.385283
-1.325719
-0.654342
8.876602
0.215223
-4.136017
12.788934
0.436225
4.659903
3.801836
-8.860972
0.541716
-1.553185
13.257488
0.465713
10.062872
-10.977967
-2.346417
-4.367147
13.687874
3.871454
20.376135
4.292369
10.842255
-10.341372
4.400124
-7.547783
-6.501667
12.357230
7.007606
8.384852
-4.111857
8.444597
4.674740
-13.632597
-0.828861
8.222069
3.993156
-0.802164
1.516700
7.905624
14.512951
-2.253132
7.921679
-15.511539
-13.746249
-10.124102
-5.739862
-16.994415
9.162026
6.132028
3.918241
1.058453
-8.480243
-4.151678
4.407816
-3.549825
2.658794
-10.870121
-22.750349
2.327104
-9.595304
8.741721
4.266223
-3.179076
-2.627695
-4.871176
-0.626096
-6.172636
12.558941
-8.543715
9.749294
-2.748030
16.842592
10.363024
-15.021424
13.099642
-3.437186
3.313458
-1.236882
16.005444
-8.286223
-5.242294
9.632301
-0.256864
-2.772166
7.520434
6.360420
-8.760848
-21.005009
16.913773
-7.550044
-8.897449
7.160464
6.464071
-0.101803
-10.443654
8.559367
-4.494376
7.224075
9.536714
0.382352
5.640040
-5.444311
6.009809
8.177526
15.106125
-5.735011
-13.682324
15.225529
-18.477842
2.577964
-3.781449
12.380434
-0.550431
4.544121
5.625752
11.111187
1.113718
5.561915
9.342957
6.470767
-2.234545
5.465490
0.679451
-7.488547
8.192999
-15.960243
-11.530659
-7.824767
-2.070524
6.458311
-14.499442
10.068611
-6.252916
-21.085941
-4.924833
-7.252178
-2.594486
-2.732357
-7.588628
-10.807378
6.851849
-1.067233
0.836065
2.599735
5.917536
8.911280
7.697675
-6.123534
-5.123244
-10.740791
3.606112
-4.017621
4.562361
6.274308
6.985147
-6.882480
-22.296053
-4.973349
2.625946
6.958848
-3.934775
-19.470989
8.085164
-7.415620
11.985305
11.299964
8.479719
-0.497289
8.170663
5.998592
8.060251
4.125460
5.327528
-1.795100
-2.505209
12.724166
11.635605
-4.246031
-2.492026
-0.399653
7.106970
13.704332
-2.698055
-17.277775
-13.690084
14.535698
4.237481
-16.005507
0.492766
5.288026
9.517391
-4.668823
10.575597
-1.220231
6.536640
-16.914740
1.611936
10.112641
5.285251
-3.107284
4.884903
2.380329
-2.544185
7.768391
10.014989
-6.541913
-13.543703
0.580488
-8.721280
-7.224719
1.410515
14.205008
-5.317403
6.544248
-2.398118
-1.621954
20.140097
5.084443
22.044294
9.010665
-8.173914
-1.836332
6.710096
-2.238458
-0.832204
-1.711041
0.671580
-2.374307
13.155299
6.573536
-1.256721
-0.671500
-0.450875
-9.292022
3.471578
9.027134
8.077623
10.618879
-2.756992
13.416414
0.544333
9.726423
-0.772190
-10.481090
-13.773375
7.057334
2.337230
-1.640646
7.613781
7.331364
-12.791380
7.772198
8.532848
2.771498
-7.300953
1.546669
-3.366101
7.639869
-6.577592
-3.877002
18.180241
15.323024
4.995241
6.504370
-12.572801
3.556461
-6.783757
0.763038
13.237057
-7.262273
3.969739
12.109507
-12.769195
9.772201
5.237575
13.259457
10.428310
2.603841
-5.398970
8.456460
-11.834510
3.684920
8.793913
9.348125
14.755156
-0.376870
7.520853
0.264025
-0.738072
5.184316
4.929298
-5.572922
-7.891019
-15.442213
1.986075
-13.970739
-4.937157
-3.265036
4.078408
-11.418358
-3.968311
-4.433209
-14.171338
1.515190
-12.616041
-0.853863
7.736243
-3.972836
0.756798
3.006813
-8.896603
0.603595
-9.449388
-18.738091
5.022377
-7.753273
8.589960
-3.827521
14.117600
4.865637
4.290672
1.243249
5.902941
-0.150721
6.843449
-10.073794
-8.084687
-8.089437
3.659066
5.332016
5.175845
7.745943
12.952675
7.894330
6.086597
8.013114
8.279134
11.960637
-16.817038
-11.248760
-11.348193
-5.468402
12.229332
6.594237
10.685593
12.178282
14.375687
-3.879308
-11.598804
-2.395888
14.195031
5.058314
5.508922
0.165472
5.167782
-0.273956
12.865505
-2.315274
-0.853686
-5.577685
9.459607
13.658096
1.977774
0.240002
8.875465
11.976233
-1.561048
15.196272
5.885378
-8.676485
0.831950
-2.008633
14.013436
2.406387
-9.474569
7.214274
-8.160410
8.201180
6.472547
-2.945707
0.152168
-0.201209
1.533647
0.909049
-8.775668
-6.341614
4.818499
4.337711
-7.895793
8.158754
-5.602865
12.118619
1.592698
-13.952433
13.016572
-3.335315
-9.003516
-4.375934
8.982126
-16.557940
-6.972781
9.626701
-0.862849
28.879320
-7.463697
7.939082
12.385471
-8.129739
-4.431296
1.926782
-1.424930
7.897566
-4.795313
-11.887698
-6.099807
-1.620616
4.473759
5.634950
4.539789
-1.244215
2.719142
-6.084922
3.447428
-3.571237
-5.414009
-15.141781
5.991262
12.285232
13.667250
8.006438
8.733598
-16.093079
1.063614
9.336774
-3.672136
4.515462
-9.547005
11.895103
-9.317778
-2.009862
-4.323699
-16.940826
-0.883870
13.323050
10.969254
-6.501986
-13.533462
11.525605
8.322106
-5.695900
-4.157622
1.230935
14.802243
-2.254828
-0.602135
1.382599
13.753096
0.919955
7.119509
0.098247
5.909469
-0.902260
-6.933680
-6.870517
0.356854
-6.030450
-8.489199
13.471521
-0.323060
12.259743
-4.531950
-6.130673
-7.681672
10.585077
6.377425
-8.159337
14.366276
-1.134347
3.706184
-9.569366
3.907563
3.153883
6.704058
-4.728376
-7.419418
-2.817560
-4.929812
15.347150
10.636713
6.436838
5.181061
-3.748936
-12.389072
14.390316
-5.865989
11.985019
10.659465
-3.630243
-3.317658
-4.505535
-9.486603
10.108973
-4.048671
3.583310
2.694853
9.710246
4.411714
9.270601
-1.077503
6.650700
-3.887186
6.936305
5.438161
-6.306901
-1.460427
1.895302
7.870020
1.217874
6.767548
-3.143886
-0.012033
-5.151288
-14.053276
-12.917031
11.168391
4.469411
3.306979
-4.741516
12.437098
4.972141
-11.176864
17.743681
-10.041089
-5.783931
-2.309304
5.322108
-7.837271
-8.579556
9.983685
7.909443
-1.901341
9.212951
5.750514
-1.732242
-2.527470
-14.972057
-2.339209
-7.278745
-7.964942
-8.490116
-10.454097
0.309728
6.174998
-12.228085
6.057544
7.984499
8.785745
1.270624
12.333099
8.454845
12.492652
3.543330
0.270377
5.135667
5.868390
8.598289
-3.273417
2.657303
7.373064
-11.501414
8.003516
-0.118560
9.419989
8.211590
2.638838
-3.733372
5.669325
3.671073
8.063766
-12.106605
4.502542
5.998423
9.166019
-6.267941
0.597187
-7.555565
-1.633650
10.698541
-8.338370
3.954518
-8.822583
8.449687
2.192459
-7.624757
-12.295158
2.243495
0.416626
5.294371
5.613624
-4.340497
-14.080958
-12.366344
0.887998
-10.857862
-23.011967
7.209630
-1.976481
-15.313599
-11.172357
-1.873306
-12.534165
17.257496
-10.167399
-1.810750
-13.041454
-11.928622
7.267723
-2.394579
-12.719109
-3.802283
6.555730
8.339359
4.111390
10.960108
-7.604624
-1.723510
-3.135959
5.896863
13.935292
-0.990035
-10.099288
1.183607
-10.409820
2.911364
-9.678619
-2.161097
-0.998028
4.029923
1.001035
-16.634205
-4.697116
9.248718
-7.474139
7.908395
7.573251
-3.168935
1.465245
7.087122
2.554800
-1.979481
-3.714364
-12.954354
-15.391650
9.464581
-7.957145
-3.270530
-5.689773
5.728591
-9.366662
-9.554420
7.662336
12.150345
6.817846
4.541194
4.547190
3.625015
-2.908586
-6.212620
-5.086356
8.871987
1.510427
-7.247591
2.115519
-1.410286
0.760777
-5.650393
1.962095
-1.001183
10.499818
9.773355
-6.536760
-2.482944
6.401423
-3.126721
7.214257
-7.653026
-1.269840
-6.172099
3.722905
-1.170684
-6.593361
4.346738
-11.544909
9.274335
3.882061
-5.605675
1.730991
-13.786471
9.052255
-13.572292
11.925134
-0.379309
-4.752747
6.873398
4.159718
-2.019804
-11.614389
3.482380
-6.026842
0.433657
5.944069
2.127127
-13.675278
4.179873
-1.634100
11.663007
-6.021112
8.587433
0.517143
-6.693194
7.274641
-2.350050
3.487602
-8.780551
-16.906836
14.018982
-5.732870
-0.338636
-2.474487
8.750928
15.678596
8.298256
18.213623
-15.732419
-3.737493
-10.332713
-3.527607
7.009324
-5.739939
-12.186417
8.883643
-2.559797
10.121588
16.768354
-0.970057
17.789392
-5.600844
-3.412425
-6.088942
-1.673129
14.344171
-12.783868
-1.685811
4.462496
4.947412
7.005463
-6.455085
0.916746
0.297087
5.462618
6.666012
-4.429959
-5.286981
8.163332
1.864346
-7.687890
11.913141
-14.528585
-14.287419
-3.054579
-10.883451
1.359897
-6.888877
-5.655174
-2.902986
-3.542382
14.415407
11.542195
-11.132308
-11.381776
1.939427
-0.692762
7.161784
2.212224
-4.660201
-6.852044
0.595009
-4.548151
5.323820
-6.175889
9.897283
-4.580626
9.497041
9.126711
12.583998
5.179065
19.870668
-6.049624
4.225011
8.582601
8.201200
9.361611
-5.359897
4.451548
8.124532
2.014885
6.361667
-10.203633
9.532516
7.620988
18.824816
12.226642
-0.798621
3.800339
1.441072
-5.963903
10.054451
3.823400
-5.592871
0.051682
-2.729272
7.250035
5.333074
7.249758
-5.807171
16.453060
-8.120699
8.803462
6.283849
-1.381822
-10.303246
13.371215
-8.520576
-5.980487
12.152987
-10.206344
-2.821939
9.412807
-8.359971
15.222307
-10.334167
-12.026206
4.556417
-8.565695
4.040128
-10.350690
1.620906
11.566458
-2.954950
-7.451620
2.998229
-1.197998
-9.121284
2.478477
-0.938218
-5.272898
6.184331
7.138067
5.962282
8.173083
19.614891
-7.837653
-10.411323
-10.182243
10.106938
0.273031
4.567011
-11.368113
16.026251
-8.313087
11.501922
-8.170424
-6.989075
-2.715919
1.664807
-0.220331
-7.853554
-7.082713
7.220393
9.941271
10.511955
-5.104242
-0.213688
5.856939
-5.133329
-1.907319
0.800208
-3.151171
8.253742
-8.053909
7.420001
0.637565
5.170906
-2.852014
-5.241427
-24.573904
4.561803
-14.747676
7.599257
-0.270352
-15.983131
4.187519
-7.241096
-6.925627
3.453344
-3.427799
-0.330169
9.375719
14.986888
-4.637620
5.868739
-2.494847
7.408916
5.201722
-2.901089
-9.845914
3.625778
-7.338565
5.399959
4.842270
-7.448421
6.603649
-8.847785
-0.184107
-16.577147
-20.984930
0.528344
-3.602494
0.582775
-0.779395
8.722037
-11.346183
-8.824230
-0.149384
2.982205
5.470345
-6.667671
-19.540583
-0.577970
-3.050601
-3.593947
5.423203
-1.022936
-7.546303
-1.656970
10.136778
5.965792
-5.377236
2.745212
10.403461
0.335291
-10.204320
-5.622195
2.768634
7.003144
1.734865
2.743051
-5.655248
16.764587
3.105499
-4.684583
9.880565
14.011832
-12.489558
-10.381728
11.825110
7.750010
2.548799
-11.960545
-0.497154
-4.085321
-6.388290
6.005819
-6.667477
-8.584107
0.439765
-4.555565
-6.809419
-1.388994
-4.200760
2.602344
6.340681
5.634160
-3.063696
4.225230
3.499522
9.596819
-10.861362
15.707484
3.573854
10.313874
-4.618369
4.886888
5.808837
-10.023414
13.725572
10.032806
1.646671
7.191301
8.247431
8.042634
-4.816626
4.024486
-9.681908
-5.432266
-12.482547
-11.880703
-6.132337
5.021756
11.629854
-0.200657
-0.322795
-8.675129
4.322129
-6.670552
2.512335
3.167898
4.717989
2.721178
-4.233521
-0.855630
1.263151
-1.746327
-14.840196
-2.235919
13.816894
0.527737
3.821877
-6.734387
1.649941
7.219316
-6.175926
-0.460332
-2.340950
-7.995720
-3.949434
7.423313
3.693071
-2.609097
3.575492
6.819466
2.759531
-9.603924
11.046620
2.109075
3.218493
5.616811
4.448792
6.736959
-8.051694
-4.313112
5.693515
12.724971
5.896296
-4.503697
9.263080
-4.749850
16.070229
0.232599
-11.010506
3.997135
-11.015293
-3.598562
6.626631
10.461083
-13.005432
-5.228014
-13.469241
0.817109
-3.414776
-12.532245
6.152929
0.119521
-11.972173
-3.481301
4.313259
-2.657333
-2.920055
-7.292273
9.912459
-8.316982
-21.191895
-5.773608
-11.633490
-1.154407
2.195909
-12.877021
-2.701674
14.074753
-10.124000
6.805438
-12.619799
7.342288
9.652053
-5.360445
15.233377
-7.301207
-0.666927
-7.733841
-12.176417
-10.358637
-2.087943
0.714579
0.083148
-7.889650
-2.998100
-2.198333
15.723726
-4.657455
-13.589467
-4.617905
-8.975379
19.453373
-8.775523
-2.144641
10.142711
-7.943934
-1.969505
-10.525065
7.548704
-8.311808
-1.989568
2.145336
-5.484825
-10.213037
-5.045769
-5.998250
0.776073
0.048238
2.342927
6.778750
-2.657461
-5.721108
8.360383
-4.702960
1.636271
11.876163
-5.696907
-6.963768
0.453565
24.028027
-1.016200
-3.177410
-0.579340
5.308793
-0.310337
-1.743448
-9.828433
-5.011014
-0.031255
-6.951462
-2.807508
-3.230465
6.909414
-9.775253
4.154245
-7.183619
-7.917920
-1.682367
3.527913
4.852294
2.710172
-9.017439
10.637125
3.972234
-7.225328
-3.647931
12.808944
3.433248
8.711569
9.218966
1.461943
9.732941
-6.299780
-2.632871
0.290021
-11.196959
15.831099
13.175653
-8.767821
25.616644
-2.397320
-5.136890
2.334170
3.296236
-10.763405
0.363680
-9.494731
-4.725100
2.819147
-12.120216
-14.653924
-3.955791
3.151440
-14.669950
-10.038486
-0.988460
3.388250
-1.721318
-9.480161
-0.566259
1.295054
4.522859
-11.481945
-4.070662
-2.422172
0.455923
8.005565
5.991097
7.411477
8.069562
-12.694074
6.112151
-9.413104
3.715199
-10.327372
1.313828
-5.019584
7.432965
4.702734
-9.810351
-1.152258
-6.890559
-2.516758
1.821950
-7.587266
-6.177983
-10.756088
10.273505
8.369242
-12.944620
-11.068830
5.771738
6.110379
-16.334352
9.197722
1.276741
5.129219
0.160537
-3.094338
0.857595
-11.948462
3.611493
-1.263801
30.050219
12.936844
8.346188
-8.162771
-10.197955
7.071169
1.506516
-0.374222
-5.087529
-1.779905
11.713539
7.053749
-13.485518
-2.537610
-6.877961
-6.094125
-12.468868
8.650290
11.566098
-10.515374
10.817094
-13.974700
14.204688
3.700403
-4.993770
-11.110523
-10.103146
-2.175576
-4.167938
14.009848
-8.206202
8.638073
-8.633510
5.258225
-7.249896
0.541532
9.879343
10.692852
-8.790950
5.287316
9.667318
13.899168
-2.924333
3.477182
7.943404
-11.509017
9.271897
-9.335540
-3.443787
9.387965
-13.079730
-8.624859
-8.502872
-6.192480
-11.526663
24.375494
-1.086224
0.092747
9.625888
-1.763491
-5.930919
3.094959
7.571998
7.557626
9.726707
8.258766
0.749512
-4.577704
16.571199
-7.557802
-12.193727
3.120022
3.947165
6.039799
12.471179
5.329834
-7.462161
-11.509343
-5.828746
-3.680542
9.113246
7.059226
-7.408573
-10.133756
-1.627025
4.895647
-3.571610
-11.098713
-10.671003
8.632418
-0.419564
5.886926
-7.098290
3.628708
3.654289
10.763707
9.487159
-4.723309
-8.523801
-7.911206
7.587190
3.053498
6.597036
5.214720
7.015486
-3.540833
-5.623539
-8.322976
8.377831
2.061877
2.072112
-16.942287
-3.781290
-6.249769
-12.671849
-12.221805
0.955913
4.933844
-7.899739
13.620822
8.693614
-13.310097
-7.160581
4.994173
16.928106
2.618962
6.970146
-9.827700
14.104870
7.171460
0.355336
11.283106
-1.333059
-3.001874
-0.407540
8.964062
17.133526
-12.308971
3.772010
8.612208
-2.077540
-10.023015
2.740786
4.756494
6.590399
9.392743
7.718756
-8.262986
-11.675929
-3.494168
-4.896762
-7.428854
-8.002903
-3.819191
-12.096895
-6.014453
1.535948
-11.147381
-1.021441
-0.347538
2.150771
1.573904
9.893631
-11.719824
-8.908330
5.033176
-0.057108
8.179474
-8.408419
-0.784934
1.703895
4.761992
4.536344
-9.746415
8.826928
-0.534877
7.487059
9.630369
-10.226578
-6.004369
3.922782
15.387280
12.704102
5.610553
8.885695
-6.535397
0.915872
6.741684
-6.909231
12.354965
-2.911779
5.832935
4.402173
7.237481
-3.390092
8.574629
-9.023772
6.330263
-1.496152
11.279874
2.331056
-11.221770
-3.810112
12.644005
-0.867211
12.496686
5.653813
-3.856658
5.275457
-4.281430
8.684512
-0.958545
-4.630754
-1.112038
-7.219925
-3.671080
-13.672029
-6.212066
3.269758
11.921441
6.476830
15.641003
8.173224
9.238555
4.112901
-1.744600
6.895725
6.801026
-8.226851
-4.775073
-7.946549
-1.740548
-10.786763
1.102499
7.640296
12.611484
-9.212968
-0.195521
-0.252126
-7.936407
-6.465656
1.526956
0.688985
3.957438
1.272166
2.235504
7.379582
-13.609010
-12.303233
8.630231
-5.116960
-16.050049
-16.025452
7.886115
-5.072478
3.225859
-0.789790
-21.938667
3.221012
-10.706297
0.606367
-13.558356
-9.201051
8.802655
14.576723
15.384108
2.915325
9.946867
-1.469694
2.633876
-2.070062
0.569570
-2.518981
-1.596794
-7.526210
-15.933776
12.334944
4.424167
0.052909
-10.428570
0.599882
-4.252603
1.415331
-8.340479
-6.051649
-9.074668
8.134206
1.615485
0.507852
1.452455
3.340604
0.471479
2.516509
-4.922145
-12.941609
-3.717275
-12.137068
12.488400
-12.127653
6.304490
-4.835326
6.905829
-0.518746
-1.532944
0.316375
-7.722034
-0.185597
-12.759168
2.059021
-2.913948
9.934468
29.462975
0.208205
-3.893318
10.493656
-1.876834
-5.012269
-8.432613
-0.858715
-1.700642
4.675519
-11.574778
8.915949
6.885806
11.008383
3.342697
-9.349406
-14.795671
7.635547
-13.801629
13.259650
-12.576019
-3.414522
-15.895195
-5.378693
-0.758621
3.866885
4.210073
-10.993622
8.742615
-4.706644
7.254989
-4.135920
-6.639266
7.296212
-2.200493
-2.514668
-10.450268
-1.291030
12.393685
-5.468334
-1.584813
-5.818740
-12.315618
-1.186967
5.649324
4.864654
-5.683119
-12.080953
7.446631
-0.905349
-10.562720
-9.605491
5.465020
4.073712
-1.733085
5.185203
-3.830785
3.064330
-11.458890
-8.317337
-4.015131
13.092254
0.080990
-9.653295
-8.447915
0.634516
-1.627101
-6.803150
-19.194321
20.009155
-7.085289
-4.304877
-3.485673
17.668144
-9.714210
-9.549446
18.818411
5.777159
-5.798944
9.268251
-14.713260
-10.167080
-0.714162
4.559209
10.609797
9.584581
7.420710
-3.692038
6.653397
-12.120188
-9.136112
-7.312091
-4.923559
8.725611
-11.328232
1.300950
-5.839073
-8.219036
5.801875
-5.136291
7.554546
7.312982
0.224002
-7.536593
4.327518
-10.270378
-9.376444
-14.740116
1.053865
-15.185820
9.778749
10.824053
-8.310928
-1.721842
6.417527
8.927063
3.613916
3.766996
8.989236
-9.387247
-15.585403
10.617615
-4.951797
-0.745750
-8.010971
-1.688171
-6.024366
10.512372
-14.821126
1.491987
-13.057449
7.964448
5.987695
-0.917257
6.339084
15.668315
7.638967
9.332139
-23.696781
-4.122021
-7.856393
7.887433
-13.266903
10.337632
14.054352
8.999346
9.561333
-3.356845
10.226983
-2.180586
-24.141535
5.513845
-16.841265
0.591428
-5.028541
-4.408020
5.011845
13.516208
7.053373
11.289484
-9.969538
0.872303
-11.651438
-5.338554
5.932752
3.699749
9.731127
0.665837
-15.843881
1.397356
2.386199
19.659391
-9.132177
3.338497
6.184189
-6.144665
-11.479644
-13.931052
7.133685
4.954397
-1.725759
16.163805
-11.146086
-7.133507
-6.967649
-9.288169
-9.607304
-0.686624
-7.473976
-7.200234
-11.157458
-6.171913
13.013906
-18.457653
-0.823051
3.883806
-23.030542
2.707459
-9.718464
11.490529
-22.638487
11.510033
-16.205177
-10.891960
19.048412
6.110475
-5.511187
-1.124494
-9.781039
16.154766
-21.718683
4.096081
-11.599217
1.765674
3.123226
-1.685627
11.486697
-6.929778
5.531221
-3.499496
13.175570
-9.222846
0.402460
4.736946
-5.675005
-20.181709
6.373331
-0.939583
5.881288
5.082701
-5.717322
8.126502
-10.288483
-1.183606
-18.525551
-3.483922
-3.504057
-15.157942
-6.117483
1.107474
-10.615232
-10.829053
5.752880
-13.920573
-6.935937
-18.956388
7.591209
-9.132459
-18.779709
1.998904
5.224602
-7.380301
-0.812601
-14.853774
2.445231
-8.976135
-26.830603
-1.409656
-10.927543
-1.024005
7.500086
9.438269
-2.139995
17.556177
10.862717
-10.811017
-9.272488
-6.772059
-0.221809
-7.385749
-1.307566
9.003028
9.626520
-3.329894
11.424979
-2.727315
9.996009
-9.267138
-29.109175
-14.897994
-0.254493
1.157053
-0.625981
-16.919321
-1.775440
21.286686
5.794888
3.134975
4.341270
7.809653
-12.688129
3.052742
-0.275510
-10.665373
-20.567970
-6.462320
0.394994
-10.891472
4.833807
0.294480
2.460034
-0.021208
-1.247495
-1.512732
-7.930825
-10.438900
-6.342592
12.485008
8.071081
2.101705
2.204622
2.790391
-4.463027
-7.777209
3.676133
9.609759
4.092761
9.086894
7.215186
10.014902
-12.732656
-5.030630
8.562120
4.408430
-11.733547
-4.065928
5.930180
0.622990
-2.322919
3.693020
5.356744
-5.454812
-10.857224
-3.813133
9.561290
11.348986
17.677557
0.692312
-0.568443
-1.835490
-6.805187
-9.246662
4.128000
-9.673516
8.629359
-9.067823
-0.706178
-12.415552
-16.147915
-7.762711
4.686836
1.025300
9.502138
17.548618
0.890410
10.106673
-0.486005
-5.024230
-3.240598
7.310209
-3.034827
2.977560
6.951930
-6.715696
0.338852
8.322459
-14.093313
6.094016
2.814124
-9.912177
-6.996957
3.194052
-5.160560
6.141497
2.020048
-13.436969
11.104834
12.801639
1.834825
-14.198170
2.107072
8.317846
-10.771322
-14.887915
18.071308
-3.751793
-1.291420
2.718368
-1.809473
6.773709
-2.318230
8.794839
-5.919361
-4.518375
-6.822418
9.408772
-7.576805
-7.377321
-10.748932
-3.811327
10.297802
-1.764991
13.765207
0.912150
-5.960503
6.764410
-10.926996
5.965484
-2.442178
-0.029277
2.395715
2.554985
-4.912405
7.768703
14.631045
1.758503
4.941257
12.620348
18.883419
14.844901
7.901657
-6.507748
1.428896
-2.591073
-4.502295
8.298457
0.796460
-12.557406
13.058141
5.798715
12.583159
0.852493
-13.570010
6.983106
10.487053
-0.374359
4.250404
-9.308045
0.283969
-7.110356
9.475763
9.541345
-5.927685
-3.150921
-6.188670
5.444548
-9.895860
8.638365
-9.133989
2.082873
-1.507531
-4.331872
6.472146
16.206882
-0.856201
4.416481
-12.636660
13.297484
16.949776
11.663091
-0.027844
1.992224
0.583231
-7.357545
-17.368078
10.015806
-10.011267
6.511739
11.972680
-8.453039
-9.922919
-5.490852
-10.147296
-4.503888
-4.791433
-1.589593
7.960139
18.288694
-6.590885
3.399585
1.437054
6.938334
5.814929
-4.619081
-2.932155
8.910500
13.949143
0.804917
6.612867
12.474955
-0.006450
-11.706329
-5.904993
2.751523
4.781492
9.198224
1.702255
15.871741
19.823338
-6.590310
-2.496320
-15.154329
-0.446841
1.497486
-3.455886
-8.159058
7.771039
9.978159
3.163845
5.172579
13.773144
11.194906
-9.167500
6.007220
9.749293
-3.221478
0.013139
-5.851402
4.887311
-16.101213
8.954314
-10.754898
-9.979049
7.727004
-2.617239
-7.784706
13.707122
-5.096850
9.163798
3.685368
-1.037534
11.458772
6.102328
-7.893020
-0.833998
-2.260287
-0.750428
9.394261
-4.649481
-1.625137
5.414080
-9.924222
-9.423841
-8.062879
-7.104455
-7.556758
-5.991709
4.108710
8.149595
-7.787868
-11.940784
-2.974515
0.277187
-4.650102
2.209083
-6.162898
-8.659172
-6.338594
-6.949151
-3.018891
12.395021
12.759505
-8.614028
-1.711872
-0.999325
-3.526565
2.490714
-11.241214
-0.895844
12.373494
9.776048
-11.612891
-1.498945
-9.741223
-2.875490
2.456761
-13.257603
11.736123
1.068740
2.201021
1.956070
-12.427103
-14.826292
12.611895
6.255289
24.005249
-2.112794
15.387153
-10.909114
-9.915751
-0.556074
-10.602684
-5.405730
9.300796
-13.716698
-0.198883
12.218267
-14.861341
-8.194112
-4.939964
-5.003468
6.606463
7.109923
-5.140316
15.001598
7.802077
6.821857
4.835874
6.472725
-12.925621
-3.300611
4.237329
-5.484779
-5.429593
7.123619
-6.623328
13.763609
-3.275321
-2.357043
1.916772
7.986079
7.615235
-7.028295
3.695879
7.701679
11.466483
-4.583496
10.803613
11.578784
0.593983
-8.083051
-7.780753
9.940928
-12.524320
-2.330787
2.010648
1.676357
-10.120760
11.713059
8.542950
23.254091
-8.028750
12.788252
-2.265233
-5.669025
-5.019247
-5.549815
-9.631359
8.166490
-5.763167
15.040827
-1.944764
0.458659
-3.272884
-10.557324
-0.346518
-4.380876
12.801639
-5.008559
-3.044969
-11.042650
3.794299
12.926559
-1.093822
8.010464
7.385113
0.525876
-0.449846
2.782732
-10.779455
-10.059806
3.354449
-9.634933
3.232187
-15.792127
-5.685179
4.563345
10.792345
-16.638060
5.911010
3.891095
8.391273
-3.059850
12.424317
3.638687
8.734753
-9.287756
-9.690442
6.697362
-5.412022
-0.417726
-8.847970
1.605507
2.277252
-11.305055
7.407290
-6.031842
3.788670
-6.468151
-6.342676
-3.690792
9.643805
-5.349578
-1.887555
17.053108
-1.279027
5.715288
-3.998747
-8.686502
-6.508825
-5.056047
14.155815
-22.200666
9.183477
7.834243
-13.182256
5.823560
7.009414
-0.380640
-5.824243
-2.927557
19.005232
-12.589829
1.674524
2.371311
3.888162
7.594727
4.439512
-3.437833
-5.245723
-11.732953
-11.109294
-15.058835
5.908540
-1.318357
-4.834978
10.073298
5.195791
2.582736
-6.493804
-3.626048
-7.757194
-4.522499
5.709346
-5.156455
-9.863739
-17.905653
3.749842
-38.013287
-14.907242
12.838380
5.130395
5.107636
10.653171
-15.452182
-6.021192
-2.596094
2.446331
9.972131
-9.751111
-1.258712
14.081235
-3.473531
-5.307575
2.776409
4.626548
-7.259861
5.303648
14.503915
5.882059
3.439878
-1.819374
-13.283817
6.351324
0.360889
13.068347
-3.061840
-1.014478
-3.448055
6.558803
-5.746059
-1.957478
-20.038799
4.389018
-6.714067
9.633176
1.025739
-5.939260
-6.032540
-4.556435
-8.914521
10.171223
6.630361
-2.003937
-8.250261
-4.751336
-5.860706
1.809418
3.945202
5.952862
-2.843085
-5.649484
-7.107645
7.111387
-18.151575
-19.023426
9.307313
-6.605947
-23.404510
-4.441351
14.003013
21.476171
-4.943346
-12.434811
0.747928
3.211562
-5.108699
4.353911
1.991833
13.063901
-5.223392
-12.580458
-3.164573
0.514961
1.362428
-3.431629
0.137007
-0.353712
11.427370
1.062980
6.981270
-12.050975
9.862713
-13.723443
11.049853
-4.072657
-6.303581
-14.538493
-3.553086
-0.922150
-2.307523
19.511934
-5.156157
3.385555
-11.149853
9.674326
11.373424
-1.598663
-5.227439
-15.339033
13.850177
-3.596234
2.371770
-14.172510
-3.321699
-11.893236
8.138485
-5.725056
0.434553
-9.344732
5.625211
-13.728873
1.909171
-3.673749
2.751554
-8.608178
3.274460
-2.630537
0.822094
-8.100480
-3.696365
11.645370
-1.862002
4.651547
8.595850
11.327719
-12.039752
-5.460544
7.649736
-6.038546
-3.955451
4.724020
1.670143
17.982819
-5.020954
3.512887
-11.309280
-2.951648
-3.458532
-10.177242
-5.035432
-10.467192
7.609900
2.433794
-11.039170
-12.025026
-17.539583
-2.126601
3.759645
-6.292878
-0.327952
-2.361712
-7.332314
-6.680653
6.351290
-6.035984
-13.708327
-5.905109
5.810768
-0.729763
4.432202
3.074467
4.439462
-7.418754
6.459300
-10.602271
-10.416342
6.384241
-4.801686
12.582993
-7.971736
-1.674478
-5.602915
0.545052
-4.173753
7.736428
5.004238
-10.821335
-0.356638
2.777509
11.847922
1.133095
0.986790
0.527521
20.930044
12.734926
-3.287653
-1.692687
2.679840
0.218005
4.282778
1.136330
0.178745
8.233205
-2.261762
8.027037
7.921497
-7.083007
-1.464272
-12.842427
-2.615276
-10.178273
-13.855888
-1.037444
7.118741
3.883807
-3.888927
-0.749805
-2.164438
1.481529
-9.684858
18.282143
-6.499848
-0.756068
6.402908
6.928841
-10.076113
-3.427930
4.856590
-2.916220
18.797327
13.643896
0.273497
-7.724344
0.323267
-0.616666
-11.402756
20.773262
10.358154
4.231966
1.489299
15.292296
-5.222482
5.725012
11.468941
15.638466
-5.172768
4.300008
-3.124754
3.932024
-4.583221
-4.303573
1.402086
-10.224053
-6.646461
-0.847593
7.841035
9.408471
-5.497199
-7.562340
1.319896
-1.053916
1.945572
-4.678411
-1.030072
6.266720
4.660575
11.263038
7.193463
18.881498
22.425947
0.873073
8.261164
-13.630128
0.651046
19.413858
15.018699
16.799976
-6.150588
-5.426777
11.064057
-6.041663
15.572626
-4.584863
-18.585199
3.444127
-4.688272
7.121493
0.520016
-10.498123
6.936566
-4.962732
-6.852446
17.742395
-2.339141
-1.962002
-2.553129
4.543377
11.297567
-2.210196
-0.028247
-3.948488
8.565102
-5.139340
-5.657538
0.082724
4.819664
-15.972488
-17.674444
-6.761085
-8.169314
1.069878
0.714724
6.726793
-6.498111
11.495801
-8.637793
-5.742690
-4.978317
8.668026
-4.554271
1.101012
9.503180
4.975870
-0.264394
8.421316
-10.652039
1.761395
-5.028895
-6.827811
2.814863
3.373992
2.386036
10.571843
-8.437860
-9.621443
12.026281
-0.203910
-1.129240
-8.100303
-10.962725
6.569458
0.869358
-12.207625
-14.168392
-4.855832
0.681796
7.246278
-2.749986
-12.245353
7.848554
6.105595
1.020239
2.218047
-2.728083
15.803905
-9.037482
3.998808
-2.815511
16.730371
11.970200
-8.669851
-1.678441
-11.191077
-8.476062
7.921324
-19.797617
-8.051076
7.525955
2.129066
1.587032
2.821493
-10.726286
-3.811721
-3.279448
1.389824
10.794479
3.236048
3.559783
-0.613501
-2.722692
3.306087
-2.162085
-8.254010
-7.221907
-3.166562
-1.710088
3.410006
8.435404
12.062539
4.428797
-5.248069
-9.806674
-2.088773
5.160158
8.957259
3.881239
-6.589040
-7.948366
2.803042
3.004928
4.415979
-9.028130
-8.413479
-13.574770
-5.028493
10.437903
2.596853
2.613095
3.909816
3.336509
14.210876
19.901438
-1.450918
-0.028406
-0.815055
3.763755
2.842463
5.792102
0.524447
-3.418982
-8.185173
-2.946589
12.235095
-10.926495
12.636958
-2.912303
4.133527
3.884718
-4.988056
6.246389
6.656927
-4.698492
8.026407
5.300519
-12.744781
6.160954
5.994840
7.403978
-4.185641
-1.546509
-14.182314
-6.432416
4.060583
-4.627043
-12.281453
-2.232466
-5.418866
-7.455980
4.173124
-17.435299
11.711865
-9.556697
1.045274
-11.150169
9.209383
-8.071142
5.625751
7.222837
-6.326086
-1.612895
2.906174
4.943135
6.454998
14.208598
-7.265872
-5.190654
3.985124
3.229425
-5.177769
-8.639793
3.956989
4.736566
-4.107406
8.020123
-21.081636
-3.011621
-16.591841
8.595120
10.132178
-4.701072
27.363203
-7.858017
18.833435
19.321522
24.082905
3.040516
4.833098
10.520218
-6.833985
7.400164
-5.693240
-12.171626
5.573202
-15.421528
-4.613388
14.373385
6.481753
-4.339694
-0.062069
-0.011985
-5.625541
5.873478
0.425370
-8.820381
-6.922215
-10.100653
10.449274
7.205169
7.816388
-10.614249
-5.631739
-7.831978
-13.785330
9.307310
-0.426505
-1.641568
16.062571
7.776194
15.467117
6.067562
-6.040753
-11.509728
-4.321862
5.502687
15.241662
18.909346
-4.270783
-5.045848
1.621494
6.680722
-12.862081
-0.260355
-12.016868
18.106876
-0.192713
-11.763120
17.911943
7.566299
-2.073254
-26.458794
-8.505143
-7.652287
-8.755414
-11.766221
5.190484
-10.159223
2.026136
-5.503243
4.411464
-9.449782
-7.515104
1.057642
15.683753
7.157745
-5.030739
-10.335073
16.193293
-2.924079
8.646717
-7.901642
10.756929
-14.685632
12.613491
14.069502
-1.752265
2.471144
-3.727281
-12.227149
-4.908943
-3.147852
-9.154892
-3.742686
7.340973
15.882257
-5.387463
1.673766
-13.602454
14.190103
10.735769
0.055722
-3.465742
-9.192730
-2.607302
9.882922
7.374938
11.692522
11.558921
-13.194426
7.514289
1.787493
-17.036528
3.659900
6.410601
-2.143039
-5.768830
2.755829
-2.902775
-5.114858
-2.583369
4.853321
3.590554
7.763177
-6.842875
10.322741
-1.680643
11.251985
5.965462
0.190597
18.954641
9.698731
2.475041
3.758572
12.395418
8.349263
16.087492
-10.903852
0.754188
-12.691360
-2.080221
6.309916
4.238099
3.100452
0.614523
16.127800
11.029484
-1.940696
-6.817729
-7.308093
-10.820171
-7.553870
9.776847
9.909871
-1.785421
2.962204
9.610993
2.757121
12.968312
2.772070
-5.087957
1.527046
4.746841
-7.436468
-0.375483
6.533411
11.952023
-8.116963
-7.912947
1.736849
-7.646207
12.657825
-19.613626
5.180752
-2.490957
-11.234364
-7.347847
-6.498386
-3.520214
9.508462
0.101049
-11.755775
9.640404
3.441405
-11.531897
5.010838
1.409142
-4.188284
16.414019
-6.985929
-3.998736
-5.380253
11.156236
-6.014184
1.510030
6.173440
-7.799544
-6.364300
-1.441695
-11.678682
-1.152982
-7.233651
-2.423944
-6.641686
-4.563995
-20.149723
1.180925
8.259164
3.446606
-10.908620
1.084505
-20.455412
-6.532670
-14.021671
3.851492
-2.207225
-12.086900
-0.055335
-13.002145
5.895113
-12.279662
2.074350
-6.502916
2.812314
6.130161
-7.912745
-13.504526
-19.984970
6.750892
-6.799608
-3.927127
0.027881
1.386649
9.501784
14.811348
1.694320
-5.519389
-0.986427
4.022806
-7.365692
-5.430049
3.701095
-1.218236
-4.115267
8.637153
-9.738607
-0.955230
-12.987020
0.325782
7.017305
-5.154948
-11.882639
0.310766
-7.512646
-3.229515
8.235957
-1.891347
-18.645309
14.572026
6.141097
14.353762
-24.293709
-7.333872
-17.532591
12.624557
4.276917
10.871132
-6.756522
-3.569091
12.885223
14.622233
-18.169989
7.595793
15.236766
-2.905687
-6.756878
-6.962220
-7.027954
-2.772209
-3.446078
-12.948727
0.044743
-0.498924
1.547546
3.837377
0.265046
-10.080783
0.698823
-6.152437
2.789381
3.995182
-11.133393
7.426681
5.332640
3.064128
-15.472076
-4.542935
-4.552874
-15.060516
-1.245887
-7.903559
-5.449974
3.161981
-4.623538
3.492267
2.736524
-1.535148
9.801387
-0.086268
7.059497
-13.118463
-0.710325
-17.211266
10.872890
1.997932
-20.419170
-5.445361
-23.227430
-5.593039
7.820767
-7.829094
-4.901011
-1.680884
6.820918
19.423523
-10.815517
-3.128257
-15.432384
4.892359
3.596750
-7.810999
5.180990
-1.771444
14.315996
12.306652
5.772524
-11.156176
4.956014
1.347753
-19.831810
-1.204550
3.367028
-0.294171
0.579218
11.914135
4.888041
-0.917111
11.376600
-13.970728
-2.867563
-6.400372
8.179538
2.719926
-14.947828
-0.281558
20.782413
2.896753
-17.560501
-0.697650
8.469203
7.033695
-5.896889
-10.944389
-2.663176
-7.295254
-3.295184
2.961603
-4.542410
-5.762907
3.551721
-9.806094
-14.147899
-4.548212
10.158632
-6.077096
-5.578934
-1.858556
4.250604
6.568043
8.670465
8.521259
-7.949647
-4.260002
9.046180
-7.384113
0.024590
-20.277605
10.468581
5.197646
2.230238
-8.488093
11.937654
-14.618589
-13.444744
-1.528271
0.176989
-5.865483
-9.429525
4.108658
14.673549
-4.215251
-5.767676
1.514021
-3.835645
-8.760825
-3.212116
-12.683825
9.675658
-4.004897
-3.890983
-10.850790
-10.395817
-5.053920
-0.364287
-18.544607
4.352812
-5.726082
-5.060705
-9.512748
-6.603443
11.489139
-2.772572
7.621480
5.701171
7.797015
18.460627
-1.707986
-12.043642
-9.415965
-8.098089
14.757186
-3.754592
4.140070
-1.275446
-0.826886
2.481836
2.855188
4.353026
0.152842
-0.025537
-4.834212
2.703544
-3.334170
-11.007479
-10.028612
-25.864273
-1.995175
-0.790942
-10.583535
-8.775840
5.337768
-0.693126
0.472586
1.890317
5.018114
-10.191346
-3.769615
0.095669
-6.761809
5.165120
3.619733
8.902733
5.387589
8.111520
8.715875
-17.107086
14.185695
9.010863
-1.114637
13.912863
1.233048
1.318683
14.388274
13.665222
7.618616
-1.512742
12.084865
6.499623
-4.590601
7.469052
7.057011
0.999770
-7.790323
22.258781
8.335730
-3.053958
8.346446
7.584123
-0.076132
4.861940
7.534750
-7.012173
17.126728
7.883428
0.731308
0.972478
-7.795193
2.694906
8.072836
2.943856
-5.734115
-5.758096
2.796838
-0.727966
-8.050329
-9.269690
3.062104
1.051740
1.539158
0.089884
-15.091239
1.869120
8.432426
-6.284016
7.296958
9.993866
-5.861846
3.877804
-3.130174
3.635584
1.115605
-0.926412
2.881416
12.957892
-4.921259
16.434961
12.866049
16.890554
1.111415
5.703324
-3.267455
-6.871228
0.693353
3.990147
-9.001412
15.214736
8.561755
-15.421392
-1.058371
-6.028097
1.546580
4.460844
2.392181
-5.752240
2.056015
-3.239373
0.272291
8.212523
7.369048
-5.509545
1.320852
5.064922
-1.574009
-12.735800
5.156452
10.420999
-6.612928
2.294094
-10.253816
-7.803507
5.157289
1.549914
11.609308
-6.063865
2.029644
3.396620
13.623547
3.081486
-0.497297
-2.794273
-5.396306
-3.610548
-3.510302
-25.939741
-5.588231
6.402208
-9.473733
6.548699
5.674836
-4.980217
10.066719
-4.815821
17.930613
12.570192
-2.879290
5.073097
16.279196
-7.667938
-0.313606
8.550499
6.973040
13.728334
5.578340
-0.924503
0.522662
-5.453524
4.162406
16.692013
10.429566
5.510504
3.564937
-11.857699
-6.003914
9.466361
-9.923186
-6.610881
4.898723
-2.590550
-1.389986
-9.882907
10.663283
-6.804243
18.130249
8.129673
-0.009614
7.722593
10.937765
12.114624
2.642338
6.384531
10.830974
-0.407110
5.202902
-0.634190
-9.211995
-1.922496
-4.287281
1.225275
-7.048751
-3.961839
4.776681
-12.777786
-3.886708
-10.323093
4.072243
4.001557
-13.581531
-2.939657
-8.589765
13.817817
3.884528
7.883138
5.200698
6.873812
8.116333
1.621667
-11.653999
21.780584
3.421826
-11.137797
-2.829786
3.593054
3.625525
-2.783063
5.728454
7.374568
8.755013
15.241529
-8.347486
2.790429
-12.363818
-10.751416
1.376410
13.771665
2.207448
1.157158
5.889912
4.351612
3.387377
3.324461
21.414177
1.872671
-0.517290
-0.351174
4.261330
1.822618
6.197727
9.849172
9.274487
-8.120191
6.075762
12.860591
2.860021
-14.348682
-9.311503
-5.411983
2.110215
11.052446
13.709933
7.218831
-4.422803
-7.866089
-14.265421
-8.649927
13.985461
-6.233449
-11.103075
0.583285
6.415034
-14.211720
3.016336
20.725512
-3.666883
4.752223
-17.622261
4.594357
3.693843
-8.712303
8.207913
0.396046
-6.833988
6.524317
6.795635
-4.188339
4.585323
12.794204
-4.160529
-10.833829
2.367283
5.112115
-0.359588
-3.777804
10.952484
-3.389696
9.971732
-3.511724
4.721367
-8.694267
-4.142725
-5.207664
5.633378
8.042544
-9.045850
9.099216
-6.623680
1.237843
-9.765445
-0.711315
-0.231480
-18.112350
-8.617078
-6.155446
-5.519076
-1.996657
-13.581564
13.945335
9.285182
13.349394
11.251460
-1.713989
9.312680
10.895186
1.595777
-10.638736
-6.928408
4.782166
-0.136130
-6.348388
4.000844
-9.750999
-2.215698
-6.105573
9.561797
8.006030
-3.315637
10.678185
-11.977097
7.535017
-4.440434
-0.464090
-14.814426
7.002208
14.398954
1.065087
-11.685235
-11.145853
-0.061311
0.564814
-0.683811
9.380395
7.869862
10.597876
-2.400627
9.158781
-2.158893
6.927591
-6.921351
13.967760
2.969491
2.644197
-8.182186
1.398472
16.269733
-10.402748
-16.383514
-0.005958
-3.478372
12.283257
17.264200
-5.936373
-0.685118
-6.958433
9.322910
-8.957958
10.352592
-3.776932
-2.689816
0.515612
-6.054660
5.859837
8.580500
-15.400211
6.335895
5.422421
-11.890534
-14.667398
6.739611
5.711161
4.143367
2.968565
-10.445901
-14.252768
0.864143
3.360717
0.055798
-1.196344
3.096847
-13.308553
0.988022
4.530990
-2.509634
-2.540502
-7.451979
-11.033941
6.969954
-8.783679
7.280036
-7.554352
8.412732
-12.931774
-0.664875
-9.743012
11.043871
-8.187731
9.537151
-15.672470
0.481870
4.757579
-7.336771
8.569819
8.731431
14.256685
2.259228
-4.263833
5.286695
-9.099968
3.660472
6.524311
-10.633859
11.964314
2.081791
-4.319737
10.730569
14.836165
1.552164
3.901271
-12.398829
-6.232985
15.257659
-4.702829
7.945175
0.636143
9.588355
12.422462
6.566946
13.710091
15.990972
2.722757
-1.042422
-5.432551
0.572489
15.353394
-0.827609
5.128913
5.006072
-3.017146
-5.445469
3.865077
1.287441
-17.829920
1.115077
-7.200892
6.554235
-5.280708
-7.668347
-6.950040
-1.057395
4.711687
21.707191
2.479238
0.556421
6.616106
5.667274
9.112215
-3.306068
7.694974
-1.657581
4.882121
-0.960473
6.151801
-11.135993
-15.277654
-2.145923
-2.782680
-1.356853
-12.407232
5.359984
0.722477
10.568089
0.926527
19.226877
8.295944
-10.563183
-1.230251
-4.668699
-10.452962
-5.323984
-7.368682
-9.413834
-10.127971
-5.944488
-6.515557
-0.901411
3.683280
10.533333
5.588498
-2.600114
-13.124263
-12.993011
10.696852
-3.818884
7.102936
-9.808664
-4.128901
-3.917224
4.882811
1.642214
-6.317698
12.792332
-6.126070
-9.569651
8.713637
5.977470
7.882567
5.332408
17.364996
6.536362
2.188569
-0.028330
-5.265261
5.655166
13.813193
-7.592088
-1.435714
0.699544
10.042935
9.321302
-5.966405
3.094280
5.932454
-0.400891
1.284183
-9.659065
9.770341
-10.678383
0.860067
2.001096
14.090573
-4.300646
-9.114043
4.069316
4.178895
0.373249
-5.484163
-11.703489
-2.294315
-1.525233
-3.860677
-11.467047
0.669401
-7.335813
-5.457079
2.585110
1.027506
-4.176438
-22.212065
4.815437
-6.007300
3.504872
-14.593562
-8.417294
-11.736054
-0.037755
-0.992911
-9.439399
-8.170681
11.451071
-6.790425
-3.466179
8.563752
14.298718
8.070693
4.567091
-9.152564
-1.514517
6.013763
1.921356
2.438602
8.994070
3.883523
7.332208
1.055586
-4.917351
-3.259301
5.035347
-0.757148
26.001883
1.199923
11.325443
6.318680
-3.526295
-3.355749
3.950931
6.090936
-2.895300
5.841023
-0.914081
-11.434914
0.429295
-8.421185
3.004802
15.238178
13.652931
5.506106
5.515115
8.205639
12.749761
0.848613
-6.026456
-9.477547
-6.803148
11.941484
1.260824
-2.231284
12.703642
3.693328
8.616560
5.698100
1.649297
0.769267
-3.323401
-2.289420
3.861843
8.936808
6.020947
-9.547534
-5.658159
-11.741968
-12.578368
-5.959517
-10.059391
6.651295
-4.466980
0.932525
-10.661373
2.221045
5.784641
1.143009
-0.923184
-5.906593
-7.694528
8.699620
3.443779
-7.820339
-9.965294
23.087929
3.252335
-3.456185
3.091359
3.199422
-4.673740
8.317010
10.855553
-10.488898
-9.137135
12.302362
-8.060897
6.888779
10.101633
5.690394
-5.709849
-11.733539
9.882624
-0.205410
-10.953792
-4.545737
-10.031895
6.342084
-9.886381
-18.889784
5.369542
-4.126434
2.199650
5.795201
14.967294
-6.993537
7.390240
-3.508018
-6.972779
-0.889344
-6.946087
-1.319880
12.537000
-0.463212
14.239319
12.110104
4.592540
2.215948
11.694195
-0.292784
6.576937
9.430548
-9.816541
5.767429
-5.185487
-11.070266
7.155571
-2.264727
12.090268
-0.209919
0.147312
-9.792812
13.817543
-2.419797
2.909496
-2.919662
-6.832379
6.913766
-14.197441
-6.465291
11.258140
-5.074316
7.378961
3.363624
18.332516
-8.944571
21.782038
18.178598
13.666903
20.360518
17.081438
8.813211
-8.987417
8.553528
-4.020379
13.469818
15.394152
-17.646135
-5.155284
-0.937602
-7.708701
3.619756
2.811045
-8.181319
-12.232348
-2.699535
4.216947
-0.391949
19.186718
-13.278900
12.496737
-8.223114
3.180100
-2.979014
-3.486589
-4.691442
-1.121136
0.164498
-10.089997
14.076835
10.467618
-9.598654
-3.213212
-10.930145
6.635989
-0.246653
-7.325101
-0.047417
18.111046
-7.017195
-4.786251
6.027753
-7.940947
6.512270
-10.809197
-11.612189
-4.408896
7.200378
1.094725
2.892654
13.845856
-3.219396
-2.954663
-8.793129
-0.129304
18.172152
-10.724489
-13.990740
3.672236
-15.280000
4.221992
8.932696
-8.120704
-7.148676
16.353809
7.445737
10.697001
8.634415
-10.460264
1.530001
7.195613
-6.296387
1.162537
-5.234446
-8.108424
10.756391
-10.073146
-4.943601
9.206180
11.645853
-2.248282
-15.501027
9.550100
-7.865872
-11.115118
2.216322
0.056889
9.093459
-4.703482
-4.699366
-1.403615
5.858438
-1.876528
4.647748
-1.805213
-9.163596
2.257438
-1.991264
8.223419
-6.116061
0.448905
1.962430
15.899670
7.315050
-12.064420
4.352283
4.824844
-9.209086
-9.491066
9.096917
6.398821
-11.706410
2.905716
4.487377
14.193452
-10.947972
4.498565
-7.269882
-16.060421
-8.368326
-2.199165
-13.748734
17.501963
-6.147603
19.075212
5.957870
9.649550
11.893072
8.332335
-7.325812
7.051764
4.820057
-0.994320
7.910509
-1.876147
-12.296615
7.447891
-5.667411
-3.018015
-13.324565
-3.358284
7.145854
-12.131647
-11.140657
8.446033
-17.894329
9.917289
2.225013
5.873949
6.491709
16.520483
-0.078673
0.176650
3.099326
4.367122
-4.176969
-4.762379
7.701394
6.581314
-15.061871
-0.597854
-8.451743
-17.306896
0.942911
-3.680649
-3.918674
18.317400
12.436666
5.073203
9.772419
4.107717
9.668118
0.025283
-22.616453
-4.323790
6.945342
-22.135973
7.521575
13.137520
-8.740079
2.173058
3.400168
-7.733405
19.319710
2.742819
-1.448569
-3.430883
-3.818179
1.964931
7.164808
0.859114
-12.387650
9.026036
1.635458
8.633521
-6.044150
2.253437
6.621318
9.077630
3.058339
-4.153249
-3.601689
-11.219654
2.051615
-6.464928
4.893609
-9.913947
-2.075813
2.412641
4.599636
-0.100461
4.923750
-0.658982
-1.129282
-3.885401
10.769203
6.013425
4.012307
-15.604122
4.583097
-12.291615
-2.734158
0.475347
-7.738328
10.449444
-11.043280
9.027109
5.207049
1.330757
-10.433417
2.603959
-2.118031
-6.843009
-1.551489
-18.611996
-6.972779
-4.429878
15.508843
-1.767702
8.942071
1.476390
-11.775557
3.977990
0.543195
-6.994256
-2.002484
-0.680659
-5.641438
-0.991538
12.112733
9.267384
5.959388
7.824359
-5.520096
-6.633674
4.253976
-14.460789
0.989371
5.625010
4.128676
0.061800
17.555069
1.159683
18.098244
-2.379042
8.133637
13.931911
-2.321040
9.758730
0.375106
6.979093
9.699968
-11.284863
-3.660484
-6.206736
-12.168087
0.066236
7.525348
-8.272308
6.730654
-5.867777
5.776227
6.648613
4.359631
-4.277167
-2.621967
8.924748
0.334526
18.277254
15.336589
1.387949
-11.532640
-7.006766
-0.592175
-8.573224
0.398474
15.368526
6.398079
10.828740
-2.698215
10.962726
1.182666
14.900174
1.683178
-2.189978
-12.468295
5.370039
-3.615968
8.977701
-11.981938
-9.809746
5.114079
-8.966773
-4.531632
0.582750
-9.302793
4.759327
-4.341378
-12.043697
3.698446
13.280788
-9.652572
5.272782
3.597229
7.875541
-9.975370
-7.494657
-10.049561
3.595483
0.333925
1.454362
-12.899193
10.000664
-6.949398
-6.167489
-4.252099
3.706509
-1.995323
-13.364626
7.338245
-6.917080
5.897045
-7.560918
14.119899
-4.592575
-9.044262
-0.153220
-12.043799
-4.545771
13.442284
-0.636950
-7.557448
-3.050614
14.567805
-1.128845
-1.435596
-3.127410
-8.188763
10.291361
2.711792
4.054570
5.956698
0.548683
0.746750
-8.493738
-1.816349
-3.211289
4.131167
-15.394678
0.971125
-2.811108
2.756461
-12.152227
5.338486
-10.975319
-0.304708
-4.130862
2.417767
19.613501
-4.285667
6.876082
1.041214
-9.641020
6.255279
-7.561652
12.264522
-10.106749
-2.609272
-6.904440
15.253146
-17.817080
7.825242
1.863918
12.473213
-1.702634
6.125835
-2.627774
-2.333007
-4.179541
-6.557643
4.254272
-8.699482
14.570373
-8.946184
9.496054
5.041361
9.951731
-0.116240
-7.536220
-13.149061
-5.250032
0.793133
6.644266
1.132193
3.760988
5.902072
-5.897487
-15.953253
-5.545970
6.205695
10.769530
0.666556
-12.443562
14.018754
2.598519
11.384107
-1.200445
-2.159170
-2.666332
9.828221
-0.497032
0.805063
-8.536723
4.933845
-6.975795
14.982985
9.782715
-13.983547
-0.372025
14.171346
10.559788
2.753661
6.253097
-7.181419
-10.631932
0.197913
-3.612597
-12.897829
-0.873890
-3.877046
5.751053
-1.730952
-11.365527
3.332194
-9.507980
-11.643286
5.650169
11.330331
-10.688884
-18.059591
-5.204608
6.453294
-2.881144
-2.919208
-0.722391
8.829805
-8.499986
7.747350
4.888783
-4.895569
-8.150089
9.538452
7.924807
10.704543
12.930653
2.732817
-11.577069
-0.329068
3.835461
-5.073723
-1.098418
0.031071
13.459072
-6.242281
-9.203327
9.948206
-5.298835
7.721011
6.443367
2.945159
6.282896
-2.881818
9.341456
0.868265
3.835730
-9.889893
-7.625600
10.241960
-0.992250
0.208788
-9.986521
-1.728120
-5.059223
2.196690
7.548954
-15.833781
5.827096
8.111554
12.706783
-20.007956
9.578117
-2.262907
-2.502200
15.666073
3.156595
-7.237322
6.202278
9.548062
-3.574747
-2.643916
7.026725
-2.270759
0.347045
-1.898001
-1.944398
15.243640
-7.546141
-13.575249
1.769708
13.599438
0.267752
-5.470002
-0.692006
1.827874
9.120072
-8.365870
1.122497
4.790874
-4.318916
-10.247013
-7.869148
-3.164947
-9.689786
1.202385
-4.582053
-6.420421
-9.840187
-4.601721
7.306041
-0.976125
-1.315198
-11.144343
7.059028
-3.446191
-5.522564
6.107133
0.826982
-3.643903
9.388710
10.211564
-4.381757
-3.601553
-4.350491
-3.696638
-7.647154
2.083202
-1.108748
14.633585
-4.220692
-8.799808
7.849356
-13.014668
11.080496
7.631400
-4.463050
-0.688388
-7.284695
-10.377078
5.842276
-0.483085
-0.825434
-9.548590
10.939026
6.692058
-7.308154
-8.218655
6.722947
7.320167
-11.177352
-3.129700
6.324039
-1.930704
-6.197574
1.261220
3.549116
-5.574913
-14.512691
6.117562
0.206579
5.780797
8.206378
1.018897
1.237154
-11.128672
8.626689
1.589359
-1.001475
11.141823
16.383776
3.764594
6.241387
5.794934
9.068379
4.977281
-7.013614
-4.205087
-3.431406
-12.348511
-10.288434
-9.152781
-8.602656
3.656870
5.469911
-5.414299
-0.353804
1.643756
-7.747204
9.850447
5.039787
-13.223121
12.907512
11.066236
2.032940
-1.009703
10.086487
-3.719039
6.137587
14.148716
-18.641190
11.014063
-15.962359
11.085592
4.645764
5.978416
5.369174
-6.693651
-4.713618
2.494354
7.644764
16.924026
7.527268
-4.312845
-3.037052
-4.209858
-0.589239
-1.909232
-9.621556
-0.768724
-0.178172
-9.892672
1.137295
-1.794272
-8.447982
-3.327675
0.333428
-0.195730
-5.779645
6.866569
6.240176
-4.329951
-3.840417
6.924217
17.064674
16.969286
-9.507527
-3.055519
3.832032
0.618285
12.877970
1.933810
11.907802
1.280152
8.398246
-4.147773
11.557607
10.213060
-2.395339
7.248253
7.872460
6.996081
11.513844
-8.660129
-8.963845
-2.613034
-1.621917
-5.737172
10.376929
-6.207447
3.094863
7.882847
3.027946
-3.851719
12.338964
8.979053
8.212348
-3.941596
3.360111
-13.519851
-6.630770
-3.120023
-4.875204
-2.105379
10.515712
-15.054059
9.963844
-8.202274
-4.006832
2.572697
-5.421546
-2.881729
1.767297
-5.567230
-4.467181
-10.408746
3.618172
7.009880
1.884234
-7.089809
-9.507886
9.429325
5.982478
-5.267341
13.114534
-12.510651
-5.433411
4.653210
9.228232
5.630249
0.216300
-10.158007
10.279747
10.885597
-2.426933
4.594581
-10.452931
14.362131
11.211517
-4.946425
-2.904804
3.613019
-2.520275
-12.649431
13.143861
-8.516109
1.075740
9.605292
12.349891
1.682897
-0.816448
15.395208
1.266196
3.483200
7.396948
3.180130
-8.011028
3.154359
16.975754
-2.601140
-8.810218
-3.505198
5.681557
2.051152
8.055928
-10.313673
10.471442
-18.505014
-0.860517
14.142659
7.060024
7.507432
-10.491683
0.866655
-12.134834
-14.472856
7.720082
-3.342131
9.072194
-7.082504
-0.987109
4.644974
16.461620
0.410984
1.257679
4.134504
-7.565558
1.355827
5.019220
-4.517701
-10.576577
5.480621
-8.796235
0.469228
-0.962086
2.863899
10.566738
-8.386924
-5.575089
12.430820
-5.918300
-0.336390
-4.648654
-0.884608
-10.022508
11.582980
5.117204
1.011194
-3.623411
-9.877180
11.267801
8.301662
-3.500020
15.814564
-1.406914
-11.884604
-17.732634
8.000823
12.885862
-3.120073
6.834711
-11.946081
-20.228445
-12.573772
-9.988140
-4.730493
-2.947370
4.111204
7.238618
9.229777
-11.481726
-3.619220
-10.514819
-7.405060
12.524877
6.795309
3.510058
-5.139591
-6.421396
2.413835
11.234635
11.225787
-9.345358
6.162194
-4.045476
9.101705
-0.270289
3.920600
-5.376133
-1.868254
3.031901
13.252389
2.031187
3.238200
1.797876
9.855083
-8.171235
4.373584
11.395693
-0.229633
-2.787760
-0.483582
11.625534
1.038150
6.189880
12.360379
-9.172162
-5.733066
-6.044375
-2.762239
0.699782
-12.749753
-0.553379
-3.562482
-6.077286
-3.774668
-3.255205
8.439648
0.654126
-3.053919
-4.346460
5.993060
-10.722038
7.645203
16.631788
-10.377796
21.812817
-23.968494
2.691148
-15.500175
5.517262
1.152505
1.361711
14.393798
-9.719104
-3.139771
4.985461
-3.983764
-12.781815
-15.059451
-14.679675
-13.787822
-8.009504
7.648839
-8.416442
9.040281
13.359954
4.969743
-1.913828
-7.668025
-5.881839
-7.766524
-2.473272
-3.730370
-1.194101
4.880065
-10.128294
9.460410
-5.651478
2.023289
-7.346197
-6.674780
2.775265
-8.326459
-13.381057
-4.624084
5.916311
6.007447
10.831049
-1.705852
-4.366266
-0.219093
5.229993
-22.607588
-5.574142
11.605953
-7.253121
-0.085611
5.820870
16.070560
2.081955
-1.470668
-10.844903
-2.942884
5.828056
-10.792225
-7.960559
-9.795916
-1.532511
11.541684
-11.087161
16.689857
-9.870614
-8.751156
-0.301811
-11.138943
3.767153
7.343822
4.604753
-4.489083
9.448423
2.514813
5.072583
1.596746
8.975268
-6.873611
3.165941
0.618604
-3.142917
2.118364
9.795089
6.970906
-12.852402
5.246593
5.233882
8.602448
-6.244483
9.304263
-9.146854
11.610061
12.446678
4.942609
2.830338
-4.906285
4.135424
-6.809581
17.876345
-10.551620
-9.985964
-3.487985
-8.267253
11.470462
4.462614
0.249390
12.815711
3.772710
-6.920636
-3.711765
-4.277793
-5.797830
5.718869
2.379920
10.566976
-8.107513
-4.278612
-8.874535
1.526855
7.538877
-5.551775
-2.268916
2.557326
-8.683990
21.745499
-1.972117
15.584908
-7.293093
-3.948400
-4.842354
-8.605609
-7.861229
-7.472774
4.757822
2.034537
2.971965
0.434328
-6.126436
7.721403
-8.367647
7.117854
12.348248
-3.348981
-10.926257
-2.661847
8.734272
-3.587335
-5.248875
-3.915235
2.022983
7.777223
-5.069478
-1.355091
0.638516
0.950580
-10.087604
-8.071649
7.012332
-8.109797
-7.840561
0.407110
-13.273498
-11.347876
-13.421117
6.381335
-0.533789
-9.055862
-5.491091
1.735862
-2.819450
5.184168
-1.807528
1.053847
-14.400049
16.468489
3.736378
-6.561741
-1.969121
-3.818907
-1.530478
-13.271070
-10.096308
7.024332
-8.200973
7.636937
-2.209290
-4.575007
1.914951
10.302004
-3.641857
22.952368
-2.788000
-12.241543
1.222488
-1.744084
-14.339824
4.538897
-3.863870
9.815331
-1.579496
-8.959480
4.692898
-7.230370
6.620964
-1.684630
-17.461695
3.533746
-10.347757
-15.584242
9.786172
1.204229
-7.460023
-5.926971
2.980662
-10.391685
2.460423
4.930027
-4.518010
7.102720
-6.065065
-9.847146
6.206281
0.067062
7.771813
-6.579863
-0.594030
11.882276
-8.298045
-10.338181
-1.568028
7.784956
-4.035828
3.237577
7.496667
0.784672
-8.240349
-6.667637
-8.620076
-4.216810
-3.643779
-7.634876
10.158833
5.184795
14.932649
4.320039
-2.919106
-3.040253
-5.513180
-6.357439
2.758073
-1.726950
1.776604
3.441062
-7.696016
1.585721
2.637228
-12.038694
4.959620
1.642380
9.144665
2.696754
6.173132
-9.326701
1.543445
-2.823259
-9.485333
-4.493508
7.553916
0.888865
-11.942414
-6.889048
-1.051323
4.967899
-14.680040
0.981473
-8.837328
6.960540
-1.987176
17.686598
-2.034497
9.677797
9.322245
-8.145222
-1.945789
-6.060391
8.182737
-1.429847
8.632308
9.240279
19.848370
12.837159
-3.091812
-7.274283
-0.070203
1.735704
-14.003531
-3.147142
-1.720276
2.545635
-0.862039
-2.350020
-8.099055
-12.274021
8.574572
2.852574
-11.346284
5.180184
-14.067306
9.607970
7.600530
-2.633551
10.818467
-15.769604
-8.151808
6.987086
-8.805414
6.503492
7.069067
0.281422
5.501277
0.261245
2.654544
3.041593
-1.049430
-2.167234
-5.070281
-4.482488
-1.228859
5.861726
-10.366786
-6.472185
5.748857
3.304302
0.119805
-8.863815
3.437902
2.104413
-1.419735
-10.807838
8.463929
-13.083454
5.827005
15.543431
8.498617
0.107898
5.950285
2.310772
18.301958
14.813162
11.983850
3.690367
6.748729
-15.715411
2.421764
8.337810
-4.659679
7.860941
-1.199520
4.433514
-5.010156
7.050142
-10.058688
3.074860
-14.496825
-10.050095
2.638731
-6.206927
-3.486020
-4.878489
9.141003
5.280171
6.649558
-13.230850
20.995707
6.009463
-5.889483
4.100875
-8.882721
-6.473950
-0.612197
-2.248552
-4.702305
5.226923
5.334968
12.527905
-8.379803
7.221341
-8.721883
5.481863
-11.081626
-2.512926
-10.453875
14.883286
8.809185
0.728340
-10.792176
-14.217466
5.201585
2.635837
-0.444491
2.009027
19.839432
4.951240
-11.695704
0.715243
6.703592
11.162396
3.269770
0.087624
7.517573
-5.007167
5.178802
-5.212780
-3.029154
3.038968
-8.624734
12.873865
-20.449961
-14.654031
8.465727
10.633798
-1.825087
-7.999304
5.735673
12.903219
-6.902668
-12.684175
8.450942
-11.932866
-1.902584
0.317296
0.483566
-8.325603
-7.481586
-1.459164
6.461754
7.033110
-15.353608
-0.830088
3.149727
-6.289161
-8.970553
10.813550
0.909508
9.471741
7.878561
-9.289245
-19.719799
7.670209
-9.041176
-8.374244
-1.066874
-7.828239
-1.682871
0.907891
-2.060230
3.421568
-9.265624
6.084022
-19.954605
-5.595646
-6.474052
1.028789
-10.057049
-8.681212
-4.719808
8.377804
-8.821890
-14.505376
0.056511
-0.108577
-6.159517
-1.063065
-15.900937
4.023604
15.034966
12.279390
-8.437445
-5.570336
5.462473
-1.184800
-0.265738
-2.227535
2.835484
8.209597
-3.027231
-10.808142
-10.841538
7.559921
9.264241
7.556407
1.968338
1.545543
0.118428
6.380857
1.376826
2.352268
-6.022806
-8.806790
-8.663106
6.167491
2.487252
11.765832
6.940123
5.947413
6.723317
2.270545
-2.496897
14.439918
-6.722563
2.074962
-14.022359
-10.403466
-9.702065
8.224326
2.981390
-1.464176
-18.291073
2.076312
2.813116
-11.414567
-15.698250
0.030000
-13.802547
8.347612
3.871624
7.995121
-6.517649
2.422175
1.188837
0.138911
8.722256
6.226881
-7.836080
-8.395264
-7.528371
-7.356070
-5.329000
-5.689029
-7.805151
-1.393765
-2.800713
-3.646280
8.859888
7.611541
13.032624
7.122493
-6.341461
11.812480
-6.449347
-2.423729
-4.564480
-2.952064
2.500753
-2.780608
-2.323047
0.403845
-14.166460
-19.093008
-1.737872
-7.194650
1.342202
-7.990167
-8.124594
17.653618
20.134438
-2.441936
-2.701981
-10.193062
-3.478106
-7.130187
-4.172006
-2.452760
12.362974
23.569439
-0.710315
8.651263
7.838231
-2.158123
-5.962422
-8.114020
15.667673
-7.193787
0.201829
3.252903
7.707364
-3.548712
-4.227202
5.741826
5.556646
-3.287264
-3.086583
6.104767
4.168912
4.921815
-9.256508
-8.582057
3.953016
-10.750955
-2.767953
4.032787
-4.409999
4.313295
-7.741054
8.888153
11.602743
2.614070
2.043002
-6.432943
4.357712
2.884871
3.448449
-2.517271
6.566031
-9.725605
-5.997524
-1.194426
12.274912
-3.388111
-4.183000
8.806317
-4.658442
11.286555
-6.012398
-4.107877
7.322594
13.976080
1.592789
-19.840574
-7.976738
-7.199627
-10.638736
14.588446
-15.412934
-6.160577
-12.424070
-4.295568
-3.435133
-8.598071
9.684242
6.588557
-4.730341
-4.080503
-1.533652
0.346437
4.888529
4.671016
-19.892340
3.931136
-0.695903
9.405295
10.874022
-12.896878
-5.279253
-1.178278
5.860220
-8.161141
0.095198
3.694320
-15.924484
9.960725
3.852820
-12.594167
-8.090969
3.100975
3.822042
3.514776
11.981894
-0.227287
-4.712813
-2.817750
-9.399022
5.357505
-21.908630
5.655760
9.455953
-7.856845
11.980750
0.802784
-3.790158
-12.263995
-1.226449
-5.344448
-2.834913
-1.101096
-13.368679
-8.780420
5.287038
5.617300
5.625500
-8.726827
7.600563
-10.386879
10.132341
-1.888683
4.296539
8.609194
-13.322018
2.382539
-14.443690
0.106496
-2.569092
-16.305166
3.189851
-7.734117
-8.940546
13.380012
1.287308
7.548876
-0.859005
14.344750
-4.307389
-3.510059
3.476865
-0.074272
-2.854151
-11.376527
-7.671749
12.235863
3.655736
-7.346121
-8.373674
2.658864
-9.933067
-14.076287
-5.263825
-6.832085
-7.923067
4.870194
-8.503789
-12.442355
1.069055
-3.372619
-4.894742
8.229690
4.697293
-5.717732
-0.046652
6.575661
-11.649890
-6.737415
-11.155317
2.020531
-4.982249
7.771648
17.574196
5.421902
0.704906
-3.737645
-6.615196
9.158277
1.183100
6.065977
-8.499257
-10.776649
8.131537
-9.503252
-2.183228
4.919673
-12.128169
8.065879
-15.865818
7.233902
-6.217916
23.378223
-2.802547
26.740429
-0.313506
-0.338833
10.814835
-5.065693
-7.494225
-1.791339
-2.117649
4.061700
-11.772120
-7.535649
11.899656
3.101669
-10.930697
-11.575501
9.205884
-12.276302
14.294687
10.485563
10.021187
7.915900
-6.251093
6.062443
-2.828381
-9.158839
3.752526
-5.069206
2.112044
-2.730501
10.820284
-8.890100
-1.396119
9.194251
-0.404892
-3.025175
0.487454
-4.703585
0.408613
-18.350618
4.726075
19.202885
10.986979
-9.357183
11.398750
-10.776352
-13.182590
4.601066
-5.817892
8.432337
-4.034820
-5.127876
-6.843190
1.170792
4.235667
2.801034
6.995320
-13.141039
-1.372074
-0.543119
-11.330090
-3.765731
-1.656307
-8.165638
13.075628
-5.134411
9.386943
2.978690
-1.028847
1.039259
0.117711
-8.460822
-17.152245
18.548168
-7.526075
-4.874513
16.294436
9.703648
-7.863134
-6.511063
-18.004299
-0.217697
10.643271
-13.168313
-3.661714
0.155321
-12.097659
-13.727888
-2.817673
4.818699
-7.042209
6.094822
-3.742951
-18.381334
-23.024870
-13.540953
4.982655
-2.247853
-5.532492
8.775660
-8.599527
-3.730494
-2.464164
10.741788
11.104846
10.489851
3.257445
-6.702712
4.647454
-5.046288
-7.204429
0.237382
-2.989762
12.057959
-3.290079
-9.924321
-5.398309
-2.174593
-4.747746
2.901687
4.138158
6.991704
3.091905
-2.401160
3.138787
10.002201
2.863967
10.732587
-11.740109
-17.255188
-14.519141
14.215723
10.834242
6.382354
0.740305
-2.599154
-12.945979
1.561575
11.309782
6.521132
-3.556504
1.134192
7.766372
1.657190
-4.676540
7.083081
1.753380
-6.405554
18.822924
-9.320560
-6.158161
-4.149699
-13.100575
12.928012
-11.115031
-2.701387
-13.433896
6.385929
-0.399792
6.392625
1.162031
-6.561382
-0.617978
7.431979
-7.071928
-5.997813
9.696544
-5.183022
8.407903
11.139848
-9.138329
-9.641803
4.415878
0.482887
-7.313200
18.486214
-8.885468
-2.281336
6.208647
14.793825
7.092708
7.907989
-4.283858
13.989961
-18.272827
5.770886
-0.071218
0.149909
2.331126
-10.197037
5.327863
1.751916
2.918230
-4.789410
-0.288925
6.644930
14.197903
-2.465137
7.626486
-10.453609
-12.143921
0.739590
-13.919655
13.632369
1.134556
-7.117308
-17.055243
6.048730
9.045419
-8.720749
-1.725333
-6.178968
8.034948
5.987747
6.903759
7.304657
-9.811746
-14.083498
-5.890479
3.972353
14.675117
-3.981653
7.630589
-11.017165
-5.023168
-4.925534
-0.731179
-6.001467
-9.597698
1.923408
5.919401
7.157329
-5.174217
-4.849275
1.283360
-12.883987
2.277836
-9.834083
-6.734324
-7.791158
4.397531
-1.313272
6.575914
3.624182
9.411597
8.511063
-12.783048
-4.352673
3.202236
-5.317423
2.557661
1.521682
7.766294
13.532857
-5.777825
0.816183
-16.234772
-10.926086
-5.779045
-6.707678
-19.987511
-2.467605
-5.594072
-7.013855
12.630667
-14.523413
-4.429517
-4.685917
20.262257
-14.531796
-2.430975
-5.607611
-10.348740
-3.438344
10.239732
12.709610
-4.866764
-1.073636
-0.933218
1.815046
-3.336315
-15.864740
-4.288193
-12.627132
-4.367167
-11.775187
2.411304
-5.830043
2.680012
-5.736638
-8.829454
-5.687607
-14.423123
-0.596495
-7.458878
-9.226101
10.279102
-10.299595
-7.920352
6.518628
-7.692470
1.265477
-2.334593
-4.822672
-7.913769
-10.895723
4.867292
2.319113
-18.667723
8.996216
6.726705
12.781416
-10.381742
3.604280
-0.464530
11.254406
-14.182612
-5.591383
-14.366528
1.575515
12.301602
-2.949198
-10.741264
-6.251655
-4.949227
11.713597
9.993635
-4.586341
3.337535
3.306484
-7.539215
-3.480032
1.344784
1.022442
2.369216
-0.691963
-2.449172
9.165895
6.441114
-3.734338
1.249747
-0.079669
-10.129939
-0.392180
4.413959
5.608960
4.829451
2.850370
2.317963
-5.625255
-22.702209
-1.910927
-13.130055
5.310174
-9.304846
-3.292383
-0.103285
0.270503
0.098002
8.856799
8.697938
6.926435
-13.128665
-13.172626
-7.188555
-11.279030
1.145438
2.177060
-8.568473
8.811998
6.331005
-2.580074
-2.582787
-10.831148
-1.026576
-14.161880
-8.039335
-1.168041
0.906046
8.728117
-8.594368
-7.072720
3.760812
0.962386
10.883973
20.869095
-1.336056
11.750266
-8.944280
0.625640
6.650957
4.967984
-3.924425
11.485728
-5.952769
4.747285
4.106722
12.728783
-8.917256
-4.237988
-6.829807
7.658564
12.983178
-11.426682
-6.504402
12.105108
3.603037
1.015594
1.146878
-22.356918
-3.373092
6.407559
-9.159677
-4.761127
-0.740327
-6.847708
-1.607935
13.588787
-4.495771
-3.581478
-6.635265
11.169542
15.712255
3.945430
-8.299730
12.748959
0.814569
-2.583368
8.400027
-6.608524
8.178473
1.129211
-18.289173
19.594904
-2.807480
9.676718
-14.587855
-7.382213
12.244318
-3.884179
-4.541441
-7.864205
-4.181357
6.201962
7.175126
-2.302853
3.719113
3.553281
-6.221028
-11.941519
1.026729
10.384954
-4.913436
0.435222
-11.175505
-8.571818
2.240418
10.269806
1.236743
-8.790055
-2.798938
-8.790229
-5.498093
10.530053
6.881043
-1.979492
-0.233819
-11.132093
-12.859722
-10.198328
7.136831
-7.030334
-8.256632
-3.230126
7.812757
5.686868
-7.225238
6.730929
0.100753
4.507552
-10.088803
3.276380
-9.581367
-19.046030
8.698456
8.940487
2.673657
0.901283
1.872135
-6.453060
-2.277370
-7.103255
6.297655
-6.595084
-1.779653
-8.033410
7.927068
6.946318
3.217512
-2.827865
-3.050735
8.598374
1.148907
1.480932
2.123958
7.581216
4.045751
4.217469
-0.418398
-8.656858
-5.207365
-10.526101
-6.052933
-14.014934
-9.365802
9.821805
-15.810513
7.480484
5.801391
-7.751566
-15.783160
9.729637
-9.424638
-5.697792
6.070437
-9.015611
-13.978062
-10.475328
8.454847
4.699553
-10.493548
-10.093015
1.729683
-13.367036
-5.604079
-2.305579
4.403876
12.453390
-2.771814
0.922203
-10.080098
2.591705
5.299623
4.245658
0.828740
-6.944585
3.100318
1.122585
-14.050497
-5.183903
-0.601989
9.540928
-0.716009
17.716507
-10.206047
2.899903
6.611537
-12.817801
-2.757204
3.906291
7.323079
-12.541143
-1.199814
11.026783
1.625830
12.506098
0.232206
-1.677830
-22.917974
-3.987727
14.614779
2.577547
11.281067
-14.284664
2.345163
-3.195536
-5.195859
5.058924
-10.238597
-6.533304
15.368140
-12.529175
0.658286
-9.024276
6.869193
5.678071
-6.551489
-5.926729
-1.916560
5.590749
-1.422718
5.137675
-0.160395
-11.921521
-1.903210
-5.651850
-4.366212
14.260036
-9.906437
8.353007
8.461972
-7.787762
-10.019451
-4.274807
7.811646
8.400232
-10.270634
-5.264878
-12.025702
-1.613646
-6.277135
-9.612811
0.713434
3.165596
5.829860
-10.322094
2.059932
8.898780
-1.191994
8.485353
17.053822
0.601782
-7.540633
-9.875365
10.445968
-2.208929
-5.254995
-7.080491
10.149782
6.389711
-6.282061
-13.121152
-16.334923
0.509614
-5.898668
7.433029
-1.246897
-7.883643
-3.114644
18.109053
-3.673652
20.839430
6.997851
-8.709172
-17.013676
-13.683989
12.296010
-2.555270
14.413274
11.635080
-3.079836
-6.025806
4.287143
7.757915
6.959546
-15.542871
-4.326158
-10.774323
4.667425
4.022068
7.791822
3.688925
1.335565
9.051083
-4.686877
4.332994
-10.278793
6.914449
-5.474240
-0.704569
17.722555
0.674199
10.510609
9.465125
-11.116783
16.800339
2.304195
-13.588326
8.319473
-10.676408
4.818672
26.189571
7.730164
16.883753
11.013994
4.430420
-4.725712
-0.500708
-7.732078
16.147055
14.835752
6.674838
-1.869132
9.176204
-12.325519
0.383503
-16.328470
-5.446299
8.194625
12.404999
5.745954
-4.817758
2.034365
-2.219359
1.810836
8.617481
-1.224826
16.776329
-7.339345
15.337290
5.968815
-11.739010
-1.507862
1.282620
-5.634627
-7.587821
3.407860
4.558405
19.373751
-0.765642
5.321166
-1.347707
9.898164
12.676415
3.064176
7.325234
-7.301950
-8.458621
4.283882
6.501657
14.121680
-8.720332
-14.278392
-21.007561
-3.053555
4.915966
-17.585205
13.179279
-0.668524
4.627658
4.272650
1.909978
4.744236
6.268166
1.053823
1.341653
-5.899312
-16.301805
10.444070
-12.475758
4.363570
9.104565
-1.994977
-6.470858
-1.695621
9.216490
-2.453360
-17.096611
5.910499
-9.688528
10.049861
-11.653301
8.564920
-0.020150
0.353541
16.345165
5.676038
-7.373780
-3.365457
0.961058
8.596034
-2.594125
4.577101
3.877083
8.396428
0.924485
7.370194
0.936258
14.885312
7.055689
-1.875845
-8.585200
4.063865
-6.737916
8.970134
1.944235
14.079462
-3.612331
11.592248
-7.110560
-3.382447
6.752891
1.133729
16.762213
-0.283539
-6.591586
-6.207783
-5.535353
6.633461
8.581851
0.753865
-6.717244
-8.082867
-5.436025
-8.252522
-4.124080
2.031400
-5.833926
-8.497858
-13.955828
-14.221015
-1.855486
-2.182560
0.611722
-1.973219
-14.566343
7.939819
-8.903915
-0.205980
-6.926570
-14.403914
6.239043
-15.130094
3.970840
7.793534
-6.309937
9.824258
-7.162765
-1.147759
5.775808
-14.494847
-9.035164
-8.899018
10.378046
-6.468096
8.935093
10.210649
-0.203644
3.849698
2.815995
-14.988003
-5.868086
4.158720
-3.817970
-9.187391
-4.280622
-6.468480
9.491941
6.958273
-6.296755
-2.071769
-9.031715
10.553433
-14.150844
3.360093
-4.011987
-6.151081
-2.283924
10.643987
3.504797
-11.644640
-2.708636
10.363614
-0.800465
-0.295695
1.718055
7.815601
6.698154
11.353509
-3.043040
13.576982
12.546712
8.450092
-8.475518
5.131441
-6.833860
-9.631354
5.673155
-0.646134
7.507515
-1.675068
3.836784
-11.683614
-12.706730
-17.657221
-6.620155
-12.360892
4.564964
-12.404296
-3.675951
-10.570833
10.507351
-7.624825
-1.724411
-6.114419
13.217129
6.203283
21.059792
4.042138
-2.972905
-11.453677
-3.251187
-4.346083
-1.694410
16.433741
-6.543364
16.111557
4.906650
-2.589431
-10.018332
7.520915
8.036840
6.916968
11.176147
1.480021
-7.149767
-11.960019
9.999863
4.834120
4.815526
-1.620924
-19.143446
-2.443458
-6.646912
-10.947764
-7.797373
14.674543
5.599730
4.424374
5.668508
2.688402
0.998760
2.933905
6.497698
2.060929
8.844223
5.564178
6.353454
6.095311
9.623305
9.575186
-5.890206
7.652471
13.191255
7.079682
3.231313
-4.109553
-1.771950
9.273459
12.910428
11.296701
12.917663
-14.642785
-7.822604
6.217608
5.371353
-2.453079
2.967413
-6.400697
-1.596855
5.147287
0.644590
19.324934
1.817151
6.320312
-0.185165
2.852199
6.765538
-7.445507
7.189395
-9.953121
7.056018
3.359076
0.364160
2.538045
8.717983
-9.316357
4.691887
4.094618
7.389130
0.449367
-16.728889
-0.169166
-12.553225
8.417681
6.155943
-0.172868
2.579925
-7.122460
5.319489
-6.583329
-5.249574
1.689212
-5.097776
-8.219658
1.315119
-1.351096
9.114109
-2.514410
6.818196
-4.903293
2.992714
-10.809115
-12.138810
3.070521
-3.095036
12.104717
-3.242303
-13.223350
-1.044085
15.177913
5.971897
8.165954
0.514670
-5.838810
-0.049136
11.617581
13.387832
-5.125160
-8.068031
3.102841
18.812511
-7.501546
0.596308
-7.688464
22.992586
14.088329
-7.257314
0.371150
-0.084340
2.347068
1.505172
6.044704
-4.948928
-5.768809
5.173335
-7.340019
-0.569402
-3.456556
3.268070
11.341488
11.471299
0.167322
-7.281932
-9.039921
9.547547
-5.804526
5.432492
-13.880641
10.116013
-9.819006
-8.306972
1.233220
7.749860
-6.553670
0.076504
-3.830153
4.234213
-6.017757
-1.253376
16.833559
10.379555
13.288653
5.824710
3.976399
-6.847684
9.551735
-1.562798
-3.673827
2.715455
2.128535
10.455888
5.520828
8.388670
-11.588637
13.086281
-3.996049
4.963543
10.454217
-9.207844
3.390241
5.366240
9.673020
-14.122971
-6.983386
-7.848199
11.732174
-12.840663
-6.905280
6.067302
-1.616885
8.544274
-0.057387
2.456090
-7.770217
3.325585
11.567504
0.140206
-1.540119
4.728019
-14.019163
-7.152960
-5.970326
-4.151742
-6.274030
-5.252417
-0.776529
8.792653
2.872142
-3.558926
-1.057577
2.758934
5.551949
4.256111
-12.182230
9.738812
3.369930
-7.260108
-2.472577
12.245735
-1.221038
-5.233380
-1.433797
6.682788
-3.760736
6.627400
-6.881856
13.534210
-5.272122
-10.156465
-8.633865
4.564961
4.647327
-14.076811
-10.081164
-6.881396
-13.840372
4.480128
-8.329756
5.313942
-1.392557
-8.396066
7.744273
-0.166207
10.121855
-3.485929
5.931633
-1.476007
1.019796
-6.242799
4.692116
20.979874
-9.379949
8.996944
-5.603791
3.251400
5.608888
-6.557998
-15.721344
-7.186529
13.024129
-12.357244
7.628347
-4.952848
8.234404
-0.698075
5.295913
-3.922618
2.648078
-3.118191
-3.275101
12.344972
5.025009
2.852838
-5.633329
7.311189
-13.007625
-17.091129
1.480361
-5.205418
0.768322
1.166687
14.353404
4.621270
8.207707
7.429600
6.118726
-11.115044
-4.237010
2.053123
12.657946
0.346355
4.623247
6.320326
-6.892588
5.498283
-2.224966
6.412214
-8.192639
1.774113
-1.640827
6.279240
5.952163
8.818365
10.839236
4.491920
-5.748116
-9.129560
33.560863
-2.491836
1.872411
-2.266242
6.846704
-7.478245
2.624748
-3.972546
-4.256966
-2.288629
-10.674356
8.247164
18.410883
-8.297289
5.979207
-2.628455
-10.255193
9.361084
4.610708
15.154206
8.458517
3.561749
-11.708101
9.138945
-0.122485
6.124413
12.200678
4.420128
-9.397173
4.066157
-0.376344
-3.676123
-9.146211
3.006015
-13.898638
-3.858147
-4.197288
5.951637
-20.040693
10.190470
-8.628176
-6.187030
-11.696766
-10.798550
4.674742
11.167513
-7.427067
-2.545023
13.311970
-8.280120
0.410771
0.131009
9.400457
3.232620
-12.498024
-9.168953
2.973479
6.983709
5.053349
7.659792
10.928382
0.898531
-2.618938
-21.040028
4.717027
-11.087521
4.844607
5.565220
-0.210015
19.306267
1.795352
5.697793
1.287410
34.397575
19.149220
2.142278
1.138826
-7.269351
10.201398
-0.011394
18.687159
10.100989
-16.537313
-7.136859
12.948746
-1.741535
-5.670001
2.842340
-9.259197
-1.665101
3.787670
5.653734
-3.778118
12.312792
6.411031
8.472349
9.237956
-18.142935
0.387251
-5.576009
-3.787819
4.130766
4.504784
-8.025361
13.539140
16.439726
-0.843936
14.968225
2.282457
-12.989283
17.405844
-10.066763
5.759563
-4.087596
-4.728834
6.170465
1.039788
1.445983
6.411539
2.636878
-19.251490
10.697548
11.885618
6.794232
1.168929
-1.534496
-6.103836
5.080896
-3.882187
-6.987731
17.390478
0.526162
-1.619726
-10.625225
-10.563762
5.866602
10.646074
17.515507
0.743036
-4.377022
-8.679229
-0.020542
2.878791
-12.275924
-5.111372
9.061284
-0.074314
10.437860
-10.714641
-9.789044
-6.354391
-11.650509
1.740772
7.736774
3.048657
4.834049
8.362039
-0.552211
2.552854
-12.172170
-8.501657
7.001693
9.228642
4.677922
-12.359777
3.858295
14.110599
10.626559
-7.782571
2.348734
-0.429910
10.485740
3.286288
3.671794
-11.900725
13.091179
11.896331
0.957481
-3.296524
3.536011
-11.223711
9.507186
-11.712980
-3.072199
3.884871
9.320799
7.546242
13.475242
-5.293867
-6.232324
2.214652
-2.541404
6.822885
5.818159
8.193913
1.391558
11.280072
4.180511
1.824868
16.046421
-0.511658
17.336752
4.073708
10.383889
13.370112
7.678806
14.776164
-4.467365
2.101902
-2.486918
-13.371325
15.734295
15.607108
-6.180579
14.711048
1.200881
-10.079120
1.373875
-1.070803
2.901254
11.854560
-4.596297
-12.912279
-6.078282
8.246513
19.092850
3.059240
3.010616
0.999604
-9.211444
7.091570
7.960641
-1.995372
5.630125
7.213938
14.770405
10.101119
10.012046
-11.335700
13.891225
0.348706
-10.130086
-19.333252
1.637251
-0.208144
8.865202
-5.369769
-4.453642
-6.512572
9.673098
-3.864277
-11.009347
-1.805091
-9.229097
-10.061931
1.821019
-15.891831
0.208620
12.311460
-14.551402
2.594005
-5.326112
-8.992990
-6.672900
-3.617273
-1.985047
0.034859
3.279202
-8.180025
7.184390
-8.358753
0.882222
8.706999
-6.172698
11.172069
7.592234
-10.555222
-0.713263
-13.968295
-1.425174
7.505735
-3.308336
5.340820
11.752138
-4.589431
-12.211563
1.202578
2.538750
6.410636
2.614326
13.691012
11.044369
-3.209116
10.275058
1.343099
-10.546691
-12.849609
1.348067
-2.547518
13.741391
7.224120
1.697015
-0.170496
-5.683150
-14.296168
10.299481
-1.178197
7.173489
8.532789
6.532760
0.557203
-2.653898
-11.108076
-4.292481
-7.729465
-1.258359
3.078724
-5.157889
12.435321
0.136250
-7.826534
0.566846
-5.772949
4.819309
-5.209404
0.287764
11.282537
1.027237
12.970008
-6.886931
-9.884089
1.407243
-11.992079
-0.593103
9.702109
2.089988
-3.473696
1.185764
9.535981
-8.246844
15.356591
2.819716
5.787305
-9.295860
-0.928498
-9.055834
4.830295
-2.152838
-14.050071
-2.670061
1.378658
2.211470
-5.509315
6.226172
-0.183885
8.129720
-0.460669
-4.807992
4.983513
-6.090530
1.832676
-1.824212
9.507125
8.475842
-8.303079
-10.155742
13.217285
-1.480814
3.467010
-14.277916
3.928816
2.290386
-3.923850
-7.762724
6.138263
2.177210
8.951608
13.016889
5.098929
-4.663849
2.778043
8.617903
-13.565839
-2.842463
22.587160
-7.491641
11.624170
12.994992
2.266655
10.436237
8.338774
3.563417
7.117401
6.549322
2.400210
0.540358
1.471847
2.298107
-12.590060
-2.607437
-1.986037
7.107583
-7.115096
-2.525122
9.152598
-2.110244
-10.548455
12.235229
1.593868
3.215281
3.742283
14.725324
-4.544098
5.968370
-4.315029
8.518127
-0.229741
-7.287982
4.080287
-7.794177
-14.285836
3.973769
-10.678739
10.526446
-5.933805
0.040243
2.797642
1.637744
10.391742
8.528883
13.526029
-4.853449
-9.252930
-9.680170
-1.629340
-8.899048
-6.219496
-8.490640
-4.152731
4.746221
-7.901818
-10.808452
-12.772286
6.072601
7.150404
10.170918
-0.980443
-8.338966
-14.285112
5.253503
2.963900
8.012466
-2.838981
-15.552295
7.979871
13.246462
-4.253581
-16.502689
-9.922696
-0.305076
-13.037575
0.902939
10.204869
1.271512
-3.845219
-18.484213
-0.960567
-5.363540
6.315934
-13.374282
-5.759762
0.973802
7.258993
-14.129469
16.076601
-4.317994
7.196249
-13.165176
-1.362157
-2.943149
0.102190
7.254841
7.215844
8.868891
-2.224473
8.318356
-8.623967
7.461854
3.796048
-3.639163
8.840415
11.670996
19.087519
3.209173
-9.507570
5.099587
-7.679907
-16.934303
-19.534582
15.177744
-5.283543
3.976417
-7.584113
0.214428
-12.490865
14.686956
-2.066207
-12.041283
1.357265
14.560002
9.579284
10.991585
-22.558485
1.408196
-2.111010
-10.242020
7.132193
-4.407653
-8.895205
-10.327709
3.559643
10.546176
4.450178
-9.148509
11.107959
3.561978
10.012084
-0.337905
7.989017
-0.515385
-1.549818
10.799138
-8.194984
-1.236706
-6.590083
1.412550
0.892793
-4.072026
-7.829774
6.249082
8.443523
-10.741772
-3.076200
-9.144978
4.003559
8.062636
-2.116603
3.422915
-5.986496
-3.827588
-2.828700
-8.838353
2.893372
2.306307
-3.668973
-4.699806
9.993076
-6.555964
-6.963787
-2.052741
5.325479
10.560601
12.134616
-4.473477
-5.711597
-13.784335
7.258959
-5.283587
-1.784317
-9.055116
-0.122258
-4.812501
0.432148
6.262570
5.126473
5.320851
8.403615
10.205571
-9.546829
-0.381434
8.868127
-14.048133
0.299364
5.601875
-0.863572
-16.637983
3.470763
-11.362700
5.128726
-8.732719
4.485394
4.415683
11.149410
-11.370392
-18.857840
8.512549
13.034452
-10.512584
13.527404
-10.046928
-2.536508
-3.377327
8.056517
13.750550
6.178553
-5.238071
3.578728
4.230227
-4.538175
1.503030
-4.355724
0.268819
3.963166
-4.401785
-12.789572
1.917219
6.300438
-2.298183
-9.220963
-1.948922
9.140160
4.172541
-2.751954
-15.232840
-6.109969
-4.329473
-6.625297
-8.723360
6.992263
-6.315238
-7.881143
3.205643
-3.299380
-11.175413
-0.696655
1.775835
-0.335437
-13.421941
8.054338
0.831529
6.071754
-1.128824
-11.468003
-14.468779
-14.005075
-12.410960
-12.976380
-7.469089
-2.488488
-9.176604
-7.068215
3.213936
-7.256003
0.514205
-12.499337
-3.171840
-13.940014
-3.513569
-7.184320
-7.961360
6.341482
3.165565
10.805323
-7.720065
2.923097
8.106194
6.744670
-8.892591
-14.277177
10.931490
-7.788903
3.898134
-6.269659
-1.388186
-5.297782
7.581773
-10.917168
8.248651
6.629379
12.701870
-16.277569
-6.384705
0.989794
3.924427
8.919219
-10.717683
3.000484
5.292778
8.137671
4.103451
0.835535
6.293275
8.131934
-16.418821
-0.328638
-6.461133
-0.608749
-8.197046
7.784104
-10.126458
0.387458
-4.244227
1.575544
9.859716
-1.773391
-9.698893
-7.195503
-8.311508
8.016892
17.082579
4.800979
11.096716
-6.435288
1.728930
-8.467337
-11.927542
14.051633
6.556311
0.978593
-5.774616
-9.991928
-3.948089
0.666944
9.107053
-4.944928
9.259762
5.442011
-0.939807
12.100935
-3.408267
-0.371363
-3.449998
1.402681
-4.553295
-1.103965
-3.565816
-9.882504
-3.605306
-5.333105
5.365638
-4.632574
13.892884
-4.105981
-3.308060
-2.744843
6.818378
4.859180
-4.787927
-5.098369
9.620314
5.759298
6.521106
-3.557017
-6.151334
-13.372701
10.791160
2.124311
1.542611
-1.605035
1.821263
-6.771065
-16.245066
-7.908307
7.153847
-4.142701
1.692456
-8.664758
13.377239
8.887955
-5.510108
14.361636
-9.629421
-4.310691
-8.205221
12.187670
-4.374113
-4.720501
-2.799808
-2.354023
11.709968
15.338306
1.988797
-12.507522
-10.284138
17.826811
-12.049149
-9.377649
10.271030
-8.552659
-11.437506
-2.507024
4.100245
-11.972633
4.935557
-4.622534
9.299030
0.624695
11.444422
5.822592
3.923610
2.618873
-1.533467
9.433187
-7.631100
-5.101708
3.759441
-18.066811
-12.597112
-4.592621
-7.600603
-3.183466
16.074533
-10.082110
2.800402
-2.075443
7.774923
10.526214
-13.820539
3.966623
-9.536672
5.758560
-9.331738
-9.489485
-1.297403
5.259136
6.283975
9.411173
2.157162
-15.400702
-3.741952
-9.497461
-11.828671
0.176095
-3.391755
7.865648
0.235255
0.942965
8.835836
-9.573458
-3.529614
-6.011567
27.960182
12.115496
14.022273
11.539422
-2.631063
0.826229
-4.167061
10.597535
5.823831
-3.881698
-13.118688
11.538321
2.345305
-5.013590
-11.859888
0.357230
7.396797
4.622649
13.080812
1.549137
-0.216562
-4.660701
-1.257045
3.102744
-22.206261
1.034947
-11.085761
-8.691113
-4.474258
2.594285
3.398787
2.664992
6.307343
-3.203661
-0.467654
-5.443477
-15.372285
11.200005
-6.782458
-2.807656
-7.452162
22.300213
-1.166931
6.996594
-11.490786
3.227908
11.554316
-12.393144
1.612020
7.822020
-14.386829
-2.626946
8.224411
8.929063
-1.773566
-0.510971
-0.153933
6.813625
15.561990
-16.852869
3.852917
4.692782
-5.392047
-3.696514
-10.953573
-3.849155
0.588616
-10.333038
13.328462
-0.861274
-6.412833
3.651784
9.455172
-13.985490
-3.485493
-0.861872
1.855369
-6.052329
-9.916681
-12.535304
5.613916
1.714151
-3.353957
-5.346620
-12.484610
4.427435
-5.734372
-8.144947
2.675767
-7.260008
-12.359488
-1.130775
-12.106969
-1.968895
-16.293016
-9.516120
-3.499077
-4.620011
1.685867
-8.105619
5.574974
-11.753460
6.430510
-7.695769
10.844573
1.338309
4.045401
18.458355
1.943883
-0.096902
-6.845039
-10.444808
3.231235
5.879623
-9.230666
7.042074
-9.438437
-9.378331
-14.577829
7.936468
-6.063449
-6.825473
3.746762
-8.360960
1.255896
-12.311990
7.703207
-5.381019
5.136610
-8.143931
6.543403
-4.216747
-7.570775
2.016889
-2.748862
10.535978
-2.135461
2.040043
-11.762441
17.038334
4.718282
-3.605877
-8.586177
-5.065917
-3.169367
-6.242662
4.787112
13.653089
-1.765050
5.648141
5.333576
9.021843
-4.758574
-8.001844
1.749724
-0.477168
0.451044
7.544031
3.453566
7.588418
6.866674
6.889048
-6.496782
15.489177
-8.752219
11.314974
5.854774
5.330255
2.686969
-10.070542
1.986255
2.369584
4.083179
-13.706850
6.617897
-22.391392
4.769305
2.455878
-11.526475
-14.735726
-11.213790
-11.855472
11.553796
12.394422
0.997284
9.728443
-9.687797
-6.734962
4.466592
6.875722
-7.021913
-6.094422
9.298659
7.802110
11.886590
-5.795322
15.501404
7.956828
-2.153785
-3.642026
14.243887
3.235376
5.208933
13.876971
-0.041061
0.974435
-2.727926
-11.210564
5.771289
0.635915
-4.891439
-3.618402
8.682198
1.436503
-2.841055
-2.218560
1.660016
11.165684
-13.919120
6.958311
-12.724229
-12.474888
5.720034
-10.790405
-6.138497
-4.525928
-17.579411
-3.274402
5.803397
-0.892289
13.478117
9.722427
13.901697
-0.242516
-7.555108
-2.868163
15.378671
-10.458651
3.563127
-4.839522
-8.723904
-6.608371
0.453092
3.248514
11.903305
-12.170004
-4.323507
11.434813
1.230095
3.433634
6.075908
-16.451626
-0.516818
-1.078278
12.778909
-2.206375
2.625944
-2.440568
-5.821813
4.793229
8.246776
2.658477
0.009935
-6.754445
10.066198
-15.199316
15.476341
3.730724
11.489632
-2.418275
0.490631
18.415524
-12.452159
0.508498
2.209910
6.116886
11.607636
-12.479770
4.355898
-0.152475
-13.323404
-6.602031
-2.999412
1.279473
10.528296
-7.211617
2.769547
-11.271514
-0.636843
-12.777291
-0.958369
-27.857740
-21.950218
-0.897203
16.297722
-11.096974
4.730060
-9.147802
-8.488249
0.985711
-3.142186
7.994104
-18.301531
-8.241878
-4.502285
0.110114
-12.407566
-7.435987
8.253268
-11.017060
6.661467
7.187413
6.199224
8.522538
9.802263
-3.459429
-0.162944
5.400279
8.865729
6.859486
13.158524
-22.219999
5.456598
-9.532442
12.291764
-10.095739
-7.064666
22.644920
-1.201140
-5.421642
-8.640992
6.603101
-11.335777
-20.814898
-17.032021
1.808807
-10.110338
-7.599174
-16.580093
-2.101723
13.269282
5.021048
-10.029500
-2.000015
-4.114182
-1.413713
-12.830275
-4.066802
-12.706832
-9.387498
-7.309137
-16.043655
-3.338856
8.492102
11.594393
-12.473762
0.156923
-13.218696
4.049389
-10.443814
-4.630259
7.931044
2.770863
14.176167
-13.372325
-3.230979
1.414029
12.054278
-2.127080
2.997025
-14.972619
-12.221020
-9.510074
-10.028132
-11.889294
9.197124
10.839801
-2.213115
-3.979784
1.920271
15.114328
-10.421963
14.237989
-8.031171
30.035973
6.274118
18.865499
-21.254461
-12.853720
-8.758110
-10.357084
-0.415478
7.723795
-17.013966
6.116779
20.453640
-1.855948
1.587291
1.592661
9.863730
-3.042229
5.363997
4.714676
5.026888
13.393097
-16.852249
13.492400
-10.811085
0.815848
-6.747883
0.192823
-9.690618
-4.230090
9.875943
-8.135145
7.051635
9.264104
-11.025250
3.260728
-7.793821
4.546464
16.457556
-4.244361
-4.316123
12.656612
10.623750
-4.465909
11.793838
-1.926691
2.612108
-9.427979
1.110551
-14.008659
-5.681452
6.995965
-10.303759
13.633851
1.835242
-10.363331
3.086347
5.509954
1.284040
-1.854227
-15.793324
3.277657
-13.634648
-4.324027
-7.411285
11.288229
5.187284
-2.511775
6.219694
13.902393
-9.108380
-4.938874
-7.864352
14.061273
-1.306693
-3.792314
6.671389
0.932410
3.500463
-14.008706
3.613704
-1.961821
8.771263
4.845751
0.626136
13.841823
7.715910
-17.339987
-9.903140
-3.757954
-16.458870
-3.418454
-9.193855
-16.270197
4.651480
-0.450529
-11.513116
2.374456
-13.794037
-11.131873
-0.377403
5.897297
2.081764
10.789069
12.883488
13.209258
1.497804
-9.353688
-11.139815
1.807222
6.599539
4.758184
-14.198261
-4.562619
-1.878981
-7.125981
1.396761
0.482806
-8.926615
-4.639473
-9.320177
-3.879114
3.803956
8.538189
10.773790
-17.639826
-2.637309
6.703606
12.052864
-11.435510
-9.156817
-2.898015
-5.993052
-6.345734
-5.006027
-4.362216
-4.722981
-10.401471
-11.861969
1.124938
-19.458218
6.358972
-12.568354
-8.650551
5.942989
4.354508
2.664543
-4.956856
0.278808
12.249287
1.292587
-6.806122
8.618787
-7.098734
-5.918755
5.557079
5.597601
2.348646
-8.101954
-7.158291
4.456646
1.985905
3.231898
-1.460161
-2.326376
7.960117
-1.558893
-1.980161
6.834586
-8.673489
1.912829
-3.782442
-7.880770
-5.492364
6.673254
4.492073
3.673204
0.334066
-4.314907
-4.477448
8.983497
-1.333402
12.891571
10.092603
-14.311169
9.944820
-11.067415
8.475780
7.745322
2.411312
-8.469275
-3.322039
-1.144801
14.064545
-13.068931
-8.189718
13.584093
-8.714255
-10.053378
-7.073864
-13.715498
2.222578
11.636476
2.186019
-11.576364
-7.928150
-15.329406
-7.300833
12.492954
-9.243230
5.339033
-8.351988
-3.660329
14.668587
-13.245905
-5.513225
2.355634
-4.527732
3.097697
-5.641253
6.621092
6.147017
-16.482721
-14.270159
-6.088362
7.316816
-7.020543
-3.091492
5.608768
-13.752793
-2.024307
-0.867475
10.185102
6.110579
-5.236614
-8.060549
-6.937777
14.810799
-9.169817
-0.112861
-4.671670
-0.159759
0.759672
-6.021711
4.327436
10.361862
-5.488153
-10.604661
20.237938
-5.798488
8.012890
0.649217
-24.869503
8.412843
13.206647
1.558746
-11.198689
18.041605
18.851286
2.587222
3.351736
0.857379
2.275486
-2.589191
3.062637
7.255424
-0.214853
-1.561392
0.903412
-6.263140
12.593475
-7.614180
13.912408
-11.420632
-12.405587
2.517400
6.920006
1.108434
-15.629481
9.387484
15.397709
-8.592378
6.438437
6.368556
9.423818
-5.239402
-10.976334
10.708381
-0.070690
-2.358042
-11.584382
4.154116
-21.493040
-9.111120
12.597685
-9.083673
5.704182
7.440055
-2.181072
4.250746
5.467915
4.094051
10.070841
-19.473520
-13.529552
-14.351721
4.517349
-13.336679
-13.071952
-10.632178
-14.489969
6.035379
1.004546
2.137772
9.170067
-0.227236
-9.919363
6.355620
-3.254690
11.632868
4.630970
6.399769
-27.049683
-0.925735
-2.589749
-5.183749
-2.355996
-4.904248
8.192320
10.326288
7.939432
0.483131
-10.920029
-3.087969
-8.358534
3.620556
-7.358853
1.936606
-1.112952
-9.599299
-11.465020
-8.314099
-5.215528
-18.217722
2.367464
12.201036
-9.950452
6.317299
-0.037915
-5.658661
-9.050676
6.458996
-9.895632
6.330388
11.002090
14.819513
2.892571
-4.649338
9.150024
2.295762
3.304846
1.788114
15.118232
9.669734
7.782942
8.377014
8.521796
-7.412285
7.780744
-6.024582
13.122598
-0.858552
-10.689797
14.143814
5.120168
12.147843
-5.925740
4.199947
6.847459
6.644138
8.363365
12.541748
-14.393505
-5.868021
-12.278798
2.296545
-12.619496
-7.045547
-10.032117
-9.383186
0.582001
4.194882
-17.776390
10.967686
13.186671
4.207262
-8.869906
-1.329884
10.482669
2.479904
9.671680
-1.365120
-0.270095
6.612266
-6.094352
6.034603
11.347052
3.167745
7.657791
2.519261
0.370414
-2.383818
6.305944
6.502781
-6.884871
-1.514591
-0.988377
8.952612
-3.233839
5.285501
5.552373
14.053307
10.743848
-6.398776
0.940080
-6.789833
0.458136
0.533136
-0.160499
-5.013317
-7.247470
-1.857833
-15.305522
3.713459
0.877043
2.170138
-0.988609
-3.996229
10.330782
5.984635
5.838421
-4.460783
-8.212277
2.238729
-6.865746
-1.469150
-0.660601
-8.719664
-7.330839
13.870032
11.405272
2.695303
5.039786
9.120984
10.240431
-11.002412
-5.688357
-2.191398
7.495550
11.877425
-11.544223
-11.173422
-5.497000
-3.473811
-2.424255
3.290644
8.675282
-1.194169
7.261179
8.197189
-1.184371
12.811245
-3.029812
0.603880
-4.625672
-8.515305
8.907932
-10.796026
-3.236208
-15.269700
1.248633
2.963398
-0.671194
-8.578423
-0.032582
-6.326488
-12.230338
6.803028
8.501935
5.116962
-5.546029
3.231849
13.555952
2.400735
4.521156
-8.125049
-3.157643
4.387693
-7.638187
7.815722
-8.945440
5.914497
-2.422877
-3.168972
-9.557862
-2.657669
-9.733016
3.207628
2.399221
3.807309
9.894229
2.122606
12.427741
13.862201
7.354905
12.197994
-21.025600
-7.313193
2.043387
-6.117479
-5.712224
0.916135
-8.534155
-7.345405
11.806413
0.222936
-8.823442
-4.225151
-9.534873
-3.736301
16.143991
2.387010
-11.422819
-1.604876
-8.607552
3.623700
4.226905
-6.152373
4.503172
-0.941964
6.427301
-2.413090
3.116714
-5.833128
6.638422
-2.314475
8.918132
-5.439666
-5.575980
9.872811
1.195599
-9.294386
-11.997539
0.733675
20.001011
-4.691907
2.407757
3.135727
-13.924118
4.325710
5.517943
13.991729
4.536072
-8.680676
-11.163757
15.497519
16.625408
-0.884274
18.720167
-11.238574
9.005899
-3.103951
-13.051107
1.976179
-2.746444
8.131010
-7.493832
17.328962
-7.794969
11.298436
7.507143
13.475735
-8.502482
4.286389
-15.731555
9.942307
1.877873
-7.892314
-4.671430
-6.072474
11.556280
3.841990
-14.117728
-3.810795
-3.737316
7.927761
-2.793272
10.539339
-4.879313
-0.197844
-7.411573
-2.537709
5.416139
7.845691
6.483089
-4.255638
4.506414
7.252395
-6.729677
7.606462
-11.985795
0.350104
-5.292454
13.066911
-8.075994
5.134328
-11.351654
-2.405333
-8.812490
-15.112133
-13.786213
-9.923169
-3.265994
9.867908
-7.014161
6.022780
1.362492
1.634748
-1.486797
-5.148396
11.254485
-12.967008
12.140415
-5.760386
-0.657355
4.169600
-10.235543
0.980237
-2.619606
-2.472421
17.024456
-20.670061
13.254479
-11.462371
0.759042
-2.716894
11.741179
5.090675
6.603408
-4.226780
-10.719994
9.468597
10.497754
15.511116
10.946550
-3.392249
-3.110586
-13.631859
-0.042223
-0.221357
3.742495
6.699498
-4.306117
2.945974
7.219972
18.049067
-5.529205
-1.189619
5.043427
-4.012216
11.956761
1.204871
-5.728593
9.522496
3.759659
7.033638
-9.239169
-0.874885
-7.683888
-5.798593
0.212806
-6.368191
-5.874565
-1.026145
-9.146759
7.458982
-8.994409
-0.811183
9.882606
14.491855
-3.522734
5.010641
3.357492
9.400811
-13.825646
-0.900509
-4.327796
-4.069846
0.400935
7.456675
-4.340279
-1.625309
-8.922372
-10.918342
-3.848265
-6.544931
-10.835761
-0.252426
-8.444964
2.978911
2.686744
4.059165
-9.141567
-5.967019
8.245371
-8.072067
-11.252369
1.483185
-11.288007
8.111064
7.184498
-6.896462
-2.732534
11.864792
-1.122999
14.331717
1.048395
-3.864587
3.211262
-6.805329
2.453961
9.956923
-16.560539
-7.915574
-4.343734
-1.939425
-3.306921
5.057299
6.710133
11.497817
-0.993557
10.532027
3.749282
1.118177
2.470174
15.185828
7.148256
9.044895
-5.963995
7.066592
-3.307594
1.630280
11.907397
7.335366
-4.864301
1.192660
4.543797
11.520833
-4.829933
-1.798369
-3.775635
11.172483
8.350338
13.731442
-4.689052
-9.231342
0.743470
3.512837
0.174686
17.050684
8.517138
-8.324907
12.907458
-10.055457
-2.425092
-5.356643
-2.690405
3.316155
13.497048
-12.375986
-2.121462
-12.587652
-5.968612
4.221707
8.388185
10.437005
-5.495879
-0.375832
-5.307850
-5.860974
-6.261282
11.159782
2.402475
1.374208
4.845924
-0.833195
-10.851384
-1.269471
4.255500
-11.444320
10.302702
-3.947452
-8.185238
12.240397
-4.953009
-6.452694
6.416453
4.890076
-8.021695
-6.100244
22.835649
8.493451
-2.331975
-1.883677
-7.128633
8.701742
2.867013
1.813022
9.173460
-4.902157
2.558045
-4.099563
-7.453759
0.096701
11.588464
-2.626370
-5.591401
-1.068553
-7.047637
0.544688
0.999236
-1.773217
5.420766
3.539796
10.882929
-7.287379
-5.348151
12.480257
-7.752246
-9.734198
-0.634707
1.560761
-7.228294
7.083075
-6.000770
-9.124485
-12.941065
-0.153606
-11.723503
0.743043
3.443634
-10.246510
-5.232799
-12.213588
-3.815405
8.710253
-4.280078
4.667988
-7.185877
-6.108912
4.414122
-2.249464
-1.132225
-13.261705
-2.920929
12.696728
-12.106960
-7.596773
-9.838178
9.078122
4.938682
-13.473362
4.029822
12.719727
-10.772536
-3.287710
-4.141214
9.172352
-10.880866
11.472583
0.847911
-7.734764
-6.229470
-6.873697
-3.913994
-0.905989
4.744679
-7.011179
4.647302
-15.298853
-2.314089
3.407549
-6.372583
10.100038
7.805429
4.182464
18.436388
-15.648711
13.876527
-8.310814
-9.469050
-5.075140
0.287258
5.990020
12.215659
-12.728849
2.364216
-8.228434
-5.572791
3.233120
-2.106953
7.575892
-7.132321
2.620635
6.841338
-0.489297
-7.898440
1.732845
-4.493519
6.693696
-2.547389
13.677296
8.727317
-5.764750
8.880782
7.404654
9.062245
1.522575
3.429868
7.267230
1.037641
0.243621
14.172272
6.062774
-4.982935
0.367001
-2.512473
7.182366
11.558781
10.148313
-7.559096
-3.750995
4.910321
1.165087
2.710399
4.494058
-4.498306
10.907575
-2.932464
13.155622
5.673790
-11.055380
11.556041
-3.310893
-6.767399
-10.642385
-6.807228
8.556407
-1.143584
-1.875480
-6.127545
0.914703
11.842151
-0.059329
-6.893288
6.903930
-17.212906
-0.904023
-4.481833
-6.060377
-5.569737
-7.471415
-6.178461
2.286272
9.094649
12.931103
-4.439903
-3.810446
-5.672480
-7.800414
-9.127653
-4.135563
7.165729
-10.438564
5.350959
8.587165
9.709214
-0.420694
0.972379
-13.183887
-13.747990
1.928563
11.455975
-6.018231
-8.575700
7.489654
5.512574
-1.237628
16.777176
4.505563
4.791947
8.357153
0.789152
-3.273972
-7.093402
-7.621422
-5.351542
-3.731187
10.285561
-5.718286
1.802957
8.493352
2.898115
11.546684
6.841264
-5.357257
-4.495154
10.806244
13.352322
-3.760553
-15.600292
0.723911
-1.604880
14.451141
-11.700728
11.269711
-5.936322
2.274942
13.925919
-1.605788
-4.452254
-3.042251
9.217827
1.234848
-0.808969
3.987299
-5.440190
1.620661
8.611012
-4.420538
8.184970
2.552157
5.816334
-10.354076
5.966230
9.400315
-0.962690
3.542684
7.683210
-4.484370
10.837108
-2.090039
5.232205
2.969721
-5.914934
8.115349
-8.557855
5.311443
-9.798611
1.169605
-14.142719
6.554280
2.157396
-2.702554
9.103424
-8.761105
-7.434385
2.427308
-9.238969
-0.719417
-5.544353
-9.893945
-15.563230
17.860991
-3.225878
-12.300049
1.100708
-5.186032
4.832931
3.582871
10.088112
9.168964
-8.697039
11.301956
-4.572193
7.823228
2.101012
-3.179543
-5.496087
-9.483138
1.114540
-12.004783
-1.764506
1.187022
-13.706294
10.849004
-14.184665
4.694303
2.398203
-2.840872
-0.094879
4.115070
2.142028
14.544420
-8.139193
0.901567
-1.338589
-1.005981
-1.991066
-8.582740
13.439006
-13.688667
2.868987
-0.247536
12.508277
4.135700
-10.660949
-9.465363
15.809895
11.386093
6.717249
4.659522
6.009881
5.028838
0.048698
9.529755
8.090686
10.386445
-13.631307
1.166315
2.759576
5.954807
-0.967823
-1.517595
-7.894398
-1.932615
-5.848900
-1.008794
4.547392
2.745213
3.979392
-5.377575
3.811089
-11.579914
-12.575947
10.758419
-8.721194
6.771960
3.380446
5.237457
1.551176
12.497520
3.614713
19.971464
16.204342
-2.839686
-14.423839
-11.434535
-7.009302
-8.276272
-4.449662
-10.704190
-0.558841
-7.796096
1.503013
-14.858583
-3.756844
5.837426
2.710485
7.788425
5.452892
-19.022842
-15.553823
-2.371463
0.231603
-2.670520
-4.265388
-7.809230
-13.763712
-10.497136
3.128222
-4.693655
-2.320980
4.497831
4.868173
-6.356674
-6.266242
-1.597980
12.151374
14.840290
-13.451565
-10.589839
-2.842171
3.338889
8.655612
-2.970906
-2.701323
0.261865
-6.388350
3.637240
-12.415804
12.913787
-4.216455
-8.801815
0.644925
7.316094
-4.201205
-0.976348
14.083225
5.677779
13.008452
7.407051
-8.330128
-3.772191
-6.454912
-12.562833
-5.601514
7.714431
-6.667585
-5.433558
8.038572
7.605989
7.623216
-9.181212
-11.574426
-4.379354
3.276639
-5.058372
0.042373
1.295974
-1.902638
6.045190
-9.317658
0.405952
11.043058
4.141210
-6.335869
-6.835936
-1.115914
-8.512302
9.145283
3.590032
1.664054
-8.476278
2.033128
2.123866
-6.745554
-13.470957
4.671566
6.387053
-9.548676
-16.867966
9.088131
5.757288
3.950721
-12.467891
3.624836
0.651048
0.667521
-2.666180
-5.570090
-12.280046
-8.155805
1.333836
-8.593496
8.092279
-5.422534
0.084328
-12.813503
9.613671
-8.188257
-2.425025
8.809279
1.373498
-12.133374
-0.072756
5.128832
18.021935
3.115118
15.441517
5.513496
7.052301
2.984457
-7.831622
10.289998
5.924605
-0.747379
-0.671579
-1.403937
2.410398
5.701963
0.367988
9.512911
6.469998
12.218273
11.093244
10.390462
9.017555
7.119561
0.134617
14.305892
-6.340022
-6.095752
6.411730
-13.346236
-16.982307
-11.667737
-5.827600
1.690725
10.745711
1.702215
-9.676211
3.499215
-3.119972
-7.923505
6.218514
10.865628
6.543186
-10.883533
11.742047
-7.350705
12.859340
-0.860699
-9.351562
5.310208
-1.921383
9.388706
-1.896463
15.269637
-3.051212
-0.806335
12.346258
4.182347
9.247222
7.955201
-7.400084
-7.275974
4.063546
-6.589136
11.779001
0.933030
-0.689445
11.735065
2.020664
-4.868535
-8.508126
-6.835464
-11.856460
6.296989
6.005063
12.337057
-8.620079
4.557302
8.021008
9.113445
-5.429415
-10.632873
-3.557165
2.205057
-11.476516
-16.097862
-1.749056
4.263964
-8.984101
-0.839261
-0.602011
3.099436
-16.189817
-11.010297
-1.707548
-6.938539
-1.202815
-8.263984
-7.114284
2.501338
-14.403647
-3.238448
5.134859
-0.909861
-5.926016
-8.812941
-3.490120
1.643069
6.389640
16.172277
2.304544
-9.270215
-10.619573
-0.678282
-3.178799
4.686524
5.765938
8.340610
5.106369
-3.997283
-8.356489
-12.588474
-3.149197
-13.608377
-4.062018
-12.639240
-5.396358
6.522518
10.806675
-9.848430
0.281034
-2.875148
6.123354
-6.975690
7.067808
11.499342
3.913079
-4.622797
-2.960408
-1.825231
6.952859
1.115242
-7.312920
2.648578
-3.841927
6.342656
-4.702746
-11.037075
-0.891644
14.078530
4.231338
13.106243
7.260138
-15.583955
-7.426040
5.561742
2.199655
-0.258947
10.168373
-2.990959
6.612557
-13.278246
-3.607057
-8.462385
-10.537473
4.824065
-7.304910
5.518914
3.895668
-7.424421
-2.400866
5.390529
-13.354890
10.571646
4.909257
-10.311686
1.670491
-5.794079
4.799033
-4.847158
1.264156
-14.673676
-12.184763
8.602621
-12.928304
6.444164
-6.684894
-13.878801
8.820544
-15.082302
5.269617
-3.926746
3.210679
-6.146976
5.481862
6.536477
1.957397
5.453799
17.251875
0.467684
-4.539845
-10.865888
0.398731
-0.104597
3.348978
4.032921
7.894587
-5.808438
12.500182
2.328851
-3.893147
4.212457
-0.780553
-5.089886
2.527428
11.181568
7.414836
-0.252522
-7.578391
4.020300
3.549901
-6.736883
-4.635814
-11.545542
-13.803075
3.051215
0.157203
5.309536
-2.830647
-3.985255
7.116100
0.098980
-3.607096
4.091808
1.570212
-2.621985
-5.353593
0.238843
9.528111
-5.913156
-7.321788
-1.986881
-14.037933
5.493363
-3.694291
10.065759
10.326876
15.648987
-2.383314
-16.560499
-3.647980
-5.211519
-4.451681
17.833502
-2.215238
-4.874866
-4.415417
-0.057546
10.450631
12.479296
-9.846255
-4.515742
-6.466753
-1.565268
-13.503102
14.666316
-8.329379
7.862700
0.449169
13.921768
18.750261
9.757452
6.381546
4.415569
3.544634
6.765338
-7.179348
-0.794327
7.544552
-8.931896
-8.363443
-7.131497
7.097256
-1.546064
-3.777867
-5.838984
23.391731
-6.704487
-5.073229
3.427882
3.426794
4.318202
-1.611345
5.620600
-6.679996
-6.098791
7.566423
-13.915186
10.401789
-2.930445
-7.650078
-3.942341
-8.003966
19.663330
-5.937021
-5.307223
0.895162
5.550882
12.730384
16.414368
-5.001559
8.402832
-8.966951
7.231422
7.681916
13.194925
9.015342
-9.091995
-7.104688
16.975521
-1.361670
3.449932
-8.036139
-7.364510
7.921380
6.876463
24.362202
1.243343
-3.610547
13.430296
3.658407
8.485677
2.290884
-12.425488
-6.111625
-4.381252
-1.072864
11.368655
-10.779281
1.374576
-0.833064
-12.641891
-7.493788
-0.917197
-8.343349
-6.255735
-6.985146
-1.851065
9.343046
-13.548816
4.590457
-7.016938
8.009034
-1.524626
6.897407
2.526145
-2.854439
-6.855973
-2.463369
-6.522924
1.979423
10.093519
-11.662360
5.303421
-5.454240
5.418940
1.384871
-3.857922
-11.090481
-7.779153
-1.002601
8.291763
-0.658310
11.796432
-9.751787
1.388017
-6.950145
-6.286512
4.831538
-13.092760
1.860820
-6.074696
10.364893
6.224102
-4.562415
0.896937
-13.832275
-5.136569
-5.232821
-10.678610
-3.133600
16.252840
-10.683548
-5.112484
1.792561
-3.471194
8.019617
-5.552277
-1.674084
-14.065852
-1.148183
6.381814
5.093581
-1.112644
-11.635290
11.321051
-12.105247
-12.622800
4.049019
-16.818331
-5.555139
-0.038486
7.502090
-6.759500
-23.764675
7.435341
-4.940844
5.633772
2.119452
-3.098761
4.118116
6.644659
-4.698122
-8.575149
-11.997019
-1.155978
10.179767
5.812647
-3.797295
0.630282
16.443766
16.322033
-2.730089
2.132347
6.883059
-9.861022
-3.858329
5.928216
7.709327
8.028069
-2.854596
-12.978199
1.994914
11.832536
4.110844
-13.978338
-2.348630
-4.931971
3.666647
1.179340
-3.738557
-7.172490
-12.502786
9.438084
3.541884
9.957558
1.956820
-11.361495
2.024100
10.811339
3.416004
1.402885
3.884434
5.082278
-8.062866
-11.990741
-11.950932
3.915328
-6.638936
-10.207317
-0.161756
-0.048822
1.364422
-6.924072
3.567238
5.526142
6.714191
5.397692
2.455926
3.477572
-6.561075
-12.048918
-6.543342
-10.993196
5.053680
-4.264948
5.248916
4.158644
-1.071429
-7.358329
-3.625484
-5.738405
-13.664373
-9.519537
2.604923
7.396509
-3.513155
4.184500
-0.002430
-6.269356
-0.068861
-2.356630
-2.829542
-8.531816
-10.757788
3.733688
11.505169
-6.123950
-8.309805
5.340906
-9.825793
0.665178
0.237845
-1.413551
8.626132
-6.189250
15.193601
3.444412
24.222055
7.784176
13.562944
14.290593
3.266249
-1.327184
5.569209
-5.099095
0.493309
-9.760883
13.653584
-8.583486
18.758167
-4.060733
5.891741
1.197144
-5.380430
-0.543695
-8.344329
11.562012
11.325706
-7.326088
-5.217240
5.074914
-8.122287
1.257824
7.490507
-9.512894
8.235144
-0.425247
-10.953555
6.654902
-4.840230
-14.729082
5.490358
-18.138058
-10.007631
-10.067374
-4.197605
-9.917835
-4.501462
3.637936
-17.351032
-2.264548
-12.218404
-1.171517
-9.570710
-18.023752
11.816051
-1.930692
-13.746595
2.760920
-6.809421
8.727259
-11.612964
-3.899750
-5.844991
-1.220699
-3.891958
4.474905
3.186856
8.078931
7.645488
-1.898719
-0.088162
-13.176392
-4.300657
-1.245651
-1.579152
-17.974499
-1.479492
-0.745447
11.205666
-8.622334
0.200834
-8.351068
-10.158433
-5.194946
1.569427
-12.278556
-7.689322
3.801776
-5.252985
-9.082885
9.107947
-8.545089
5.025537
-7.472363
-2.777928
-6.711719
-11.706758
-8.809437
-1.227257
-9.739272
1.730226
-2.292870
-3.933105
-5.440296
6.304658
7.784387
5.547726
-2.888482
-12.283417
-9.094986
10.054381
-7.339957
-7.836551
1.880089
13.510703
-5.121226
-7.611073
-12.659559
-4.302162
-11.433084
-6.173123
-0.397592
9.772996
-7.035504
0.585644
25.050859
3.521572
-14.384431
-5.916648
-5.643463
-10.056928
1.682434
18.737488
-13.720783
11.803841
11.381062
14.006577
-1.790215
0.414445
0.366984
-9.476723
-13.260847
-13.715196
-20.652472
14.553878
-0.138465
13.684424
3.606490
4.879436
5.453502
-2.290188
-13.251214
3.019103
11.133116
0.503129
-18.811155
-6.168751
-0.046135
-16.710215
7.163854
6.725574
0.723985
3.141324
-2.620772
-11.136074
-6.931528
-12.860940
-17.073410
-3.940948
-5.363566
-10.326123
-0.972784
-2.408114
-8.738270
-13.579803
2.209970
-16.410280
-1.953917
-13.779881
-1.624157
-17.910765
-8.590017
-1.024549
13.629278
-6.245432
5.521953
-15.459014
-9.876690
-15.103162
13.579910
-5.582895
-4.075080
5.942738
-0.332595
0.536192
9.142874
20.690481
-8.376570
9.394650
-24.378145
-11.794565
-10.172169
-1.095433
-10.906352
9.444554
-6.966561
1.521390
11.042414
-8.310550
-1.130869
-13.659490
-27.504326
-2.456918
1.267659
-12.384628
-5.918847
-7.957377
14.206407
19.691874
2.162128
-5.910313
-3.071930
-11.677700
-20.078154
-2.438448
-3.821332
-8.301383
-18.657372
-9.433657
-18.995358
-8.772921
-5.551193
12.740575
-3.091092
4.237152
-4.592772
-6.290338
2.562523
2.830113
-6.519310
12.670072
12.939236
18.427896
-4.835098
11.962345
-10.488723
6.010729
-0.162986
-7.066917
9.957994
-14.463727
7.242736
15.200587
3.502705
-12.488624
18.759346
3.285450
4.250731
-0.625061
16.534121
-0.632637
-13.808418
23.916210
-17.225973
0.775126
15.500463
-1.190771
4.168161
8.380246
2.016628
9.543972
-0.585557
-5.896189
14.173685
-16.380207
14.395376
-1.936298
-8.412596
-8.192965
8.400377
0.600268
-8.437173
-5.857033
-3.543594
0.953237
11.617595
3.116594
2.657101
-2.608998
10.572919
5.012805
-10.586975
12.415565
-3.825475
1.538982
-3.356041
3.566401
-6.452503
-6.333940
-2.115010
-13.095814
3.904363
1.474652
-5.669069
11.788806
4.367821
0.872207
-6.414461
-3.383353
-6.378494
1.988902
10.045302
10.740139
-1.514473
-6.737089
-9.399024
0.109480
3.165097
7.601182
-13.638443
5.671404
-0.773128
-5.573046
-4.281495
-9.786657
-9.058326
-8.549338
3.629753
4.208016
6.155448
-9.204944
-13.009657
12.788539
-2.371197
11.592181
9.741387
-3.251928
-5.387299
15.510260
-6.771762
16.903986
16.968370
-2.368456
-4.668613
9.447957
-0.433100
-11.987047
-5.764325
0.131373
3.236167
1.181332
-10.005960
-6.258258
9.751314
3.305569
1.120643
-8.195694
-11.880581
4.276130
8.716795
-4.676886
6.323176
9.255164
11.753468
12.946298
-13.047035
12.422071
0.453087
10.958009
0.210652
-2.686862
1.347850
7.005758
-2.908202
8.697731
3.724418
-15.393631
-4.586208
0.768302
5.533240
10.075754
-3.474174
5.313283
8.170138
-3.474188
2.357990
-12.373480
4.485806
12.665570
-5.166417
-3.121225
1.790143
-0.998205
13.287538
2.089363
-3.262860
5.960392
-15.032842
-1.014796
-7.793077
-6.015846
13.495230
-3.298937
-6.382816
-4.831107
-7.646324
-9.592405
-8.912418
16.103729
5.895919
-2.819627
-3.992165
-0.400293
0.401672
11.915490
3.211308
-9.459343
-7.527369
-10.950664
-9.978418
6.158209
8.404490
-3.255955
-1.125563
-9.413302
10.333813
-6.741152
14.847820
-9.041242
-0.006727
-2.505337
-5.035317
-14.393872
8.996770
-11.068796
-14.375283
6.032702
-7.935514
6.020758
6.703813
-1.431850
-7.832033
-3.700253
-7.593198
5.045835
-3.669302
-4.259023
-9.862495
2.774181
-0.054814
-11.311384
-8.400765
3.813364
9.535457
-6.245713
12.163573
-7.152261
7.689590
-2.804001
4.138373
-5.193317
-9.230290
11.286555
-8.170077
7.818524
-4.807739
-4.766373
-12.994389
-4.306856
-8.293675
-5.115758
-2.365544
-9.081514
-9.834384
-10.977970
3.554108
-0.745392
7.362628
1.171828
8.512764
6.159899
7.134285
3.174262
3.848748
5.615540
-9.646561
-0.998471
-16.064440
-16.360929
-7.692633
2.374444
-0.594882
-4.601611
-1.848187
-0.054746
-5.623285
-8.382261
19.198895
-2.446825
-4.594642
1.159269
-1.525960
4.440912
-5.618032
-11.562934
4.070405
-3.136963
-6.440662
4.874702
-19.327379
0.215806
-8.099003
-4.188360
1.953689
3.899912
4.446502
-7.580393
-14.481169
14.245825
3.022866
-0.905100
-2.307673
-2.316224
1.518762
-9.889285
5.149475
-11.603384
-15.464597
-5.813809
13.322229
1.631887
2.135312
-10.198339
10.428827
8.817145
3.646015
-11.274891
17.043688
15.149114
-3.230330
1.398284
0.067970
1.994915
-9.695829
5.906058
-1.000318
-9.266603
-0.676918
1.158070
-1.247878
8.696336
0.881916
-8.321014
-8.185266
-13.119296
12.938338
4.503905
13.710866
17.271770
-11.204162
-3.195326
-3.954129
-13.289439
-2.682674
10.761933
-5.664980
-2.734922
-4.934952
5.228192
-10.760238
-3.579980
-5.714175
-8.192451
18.023270
-3.293108
-0.255753
10.985315
-5.307068
-3.622800
-11.291882
1.327193
-4.209966
0.900927
-2.835822
-3.910495
-1.890733
-10.380497
-1.353678
-6.513909
7.081127
3.519045
-4.127288
7.883438
-3.484211
5.811019
12.088925
-15.201580
-8.196017
7.662732
12.162400
-9.050513
10.087090
-7.307722
6.162766
-1.442249
-2.203763
-7.002127
-1.243971
-10.993557
1.720612
-0.986582
7.428257
-12.469160
-2.676947
8.656618
-1.516272
-13.802246
-7.089185
-7.021852
-14.899150
-7.709791
2.889637
12.103762
-10.443758
3.060645
16.628651
13.941753
3.255656
5.008143
8.510604
3.747460
0.465905
-4.012052
14.234534
8.791364
3.317685
-4.607753
11.943094
3.030865
2.975903
3.509527
-28.142487
16.333216
-10.449271
6.799398
-14.692736
4.403641
-5.763153
-9.051549
0.116136
5.813371
-11.217292
-0.358361
-7.389143
7.903931
-21.623486
13.393642
10.289800
11.086757
5.531479
-4.673421
-7.532953
0.733663
-10.886988
12.726093
2.902489
-7.420859
-20.226261
4.895061
3.704626
10.753809
10.142139
-6.035620
-1.577362
3.286864
-11.790185
2.254120
-2.781819
-10.578294
-19.103935
6.296391
-30.821947
-9.781311
-10.619606
-12.026697
6.585411
3.312287
-20.515202
-9.955533
-2.636351
3.911540
12.220862
-8.301971
10.976942
-7.138948
10.020099
-3.952523
3.078475
-8.655381
-14.055978
-11.237516
0.829853
-10.440502
6.765027
0.407127
-10.175418
10.630467
-11.236835
8.540007
-4.013268
-19.340742
-24.303608
4.411571
-2.746354
13.157431
1.064856
2.889235
-3.276789
1.794965
10.709210
-3.165544
11.947843
0.074810
4.513984
-2.125060
-14.494993
6.114632
-7.429243
-12.051346
10.047807
-1.103924
1.475331
5.446739
-11.122181
-4.209057
-0.312814
7.797429
-18.385593
-7.705832
-2.121716
-0.904981
-26.572023
5.189241
4.423554
-5.411219
-9.711252
-10.507991
-10.438401
-2.100993
-13.419329
-9.295756
1.023246
1.865182
3.690593
14.764923
4.806224
5.140035
5.856568
-1.116488
-6.303547
-4.383570
-2.214706
-12.330437
10.070372
7.929117
11.761201
-14.884963
7.282445
4.489129
-2.258459
-12.117948
12.022289
8.027962
-4.828372
-3.140360
7.895049
-11.887537
-14.992490
-5.643277
10.359552
9.686762
-2.281168
12.271381
12.942803
9.447632
10.801824
7.185905
9.374080
4.042984
-11.634517
-2.124047
8.323874
-11.656052
1.467567
6.099244
2.773925
-6.215445
8.935331
8.751628
-8.506170
-8.036882
7.689459
-8.360555
-10.319697
6.464168
-6.968194
4.738946
-6.573603
6.356269
-8.931117
4.393235
8.781749
-6.669148
-4.989482
7.693391
-12.456242
1.026903
1.142418
-4.293226
-8.143851
7.663584
-18.158007
15.158301
1.267593
-4.677246
6.919565
-4.839412
2.011181
5.811533
12.609364
3.514556
-9.866903
-10.916649
10.585878
-4.654018
4.918380
8.666187
6.693987
-2.509367
-12.894145
9.549075
-3.723462
5.197880
-11.139651
-0.822233
-6.352232
-2.586385
9.389110
-5.839729
6.589490
10.255614
-10.508032
14.013701
7.222739
-0.255343
-0.818523
2.167887
-16.880764
9.679103
13.014285
11.532809
-3.931607
-0.215170
-1.401159
3.608841
-0.097957
6.658319
-23.274988
18.280403
-1.473891
-4.781834
-4.889788
-14.267840
-4.459329
12.899413
6.603528
-0.393650
0.986198
-5.248318
-7.282584
-7.790254
-2.741688
-14.730077
11.839024
3.322900
1.626365
9.193417
11.625065
8.961583
6.184478
11.893518
3.217266
11.831208
-10.457635
-7.027441
-12.738803
1.662769
3.929499
0.792409
-10.778665
6.140862
-7.592040
9.984731
-3.717574
6.951123
1.894018
-3.821487
5.742127
-1.801958
-6.509355
-5.388756
-18.677237
-8.008892
13.815978
-9.508359
3.744845
-3.360965
3.154573
14.306215
0.195520
-2.298619
1.652893
-0.773367
3.175656
-8.120480
5.628417
12.951607
-3.488651
-6.258825
5.856692
11.736711
9.978252
-3.034323
-6.301280
-8.202907
-3.651683
1.925690
-3.895773
-4.774214
-2.578737
0.801101
-7.119159
12.537324
8.228246
7.666690
-5.181981
-8.602609
-9.847608
8.477571
-10.936230
-13.434531
8.381711
8.593665
-4.360047
6.157706
-1.870809
7.612213
-17.476580
-3.786379
2.128720
19.210026
11.023448
3.869825
-4.015305
-6.081448
3.254777
-2.090125
5.220023
-7.465727
0.187592
1.293697
10.534291
-1.824441
6.320214
-9.104067
11.111356
-7.767077
10.591589
3.214441
-0.829236
-3.113103
3.737926
-2.547806
-3.088881
-9.137725
-6.675309
-14.079576
-7.504602
4.550239
-14.794654
-7.286354
8.571703
3.948342
3.536062
3.836651
-13.949503
-3.550060
-8.723449
2.706814
1.992053
5.344263
10.034273
6.296930
1.646548
11.798074
3.968136
-0.966921
-5.174968
-4.523788
5.249761
-0.942991
-11.775965
-0.453235
-10.731434
-4.401880
8.188663
5.038833
0.095235
10.285225
1.825307
-18.502649
-0.393702
-0.720864
3.664220
11.426988
-7.029125
16.331306
1.889054
-10.155146
13.242001
14.318630
15.619667
12.210793
-17.732777
1.473210
-1.128183
-5.489349
2.514541
1.225442
-12.175229
7.377038
17.036528
8.482954
-10.779390
-10.739498
5.505770
-1.789321
-9.795821
-0.838272
-10.989953
15.380809
-2.512546
9.852895
2.927392
-18.223948
0.095887
-3.632351
-2.974843
-6.178422
13.473687
-11.683968
10.183900
6.202227
1.547891
11.454835
-2.503817
-17.307613
-9.185251
-4.875644
7.038640
6.875550
-4.951773
8.202933
7.458013
3.223526
1.193216
-11.729579
10.573751
15.145919
7.256861
12.700520
-10.142222
7.991062
6.245746
-7.804169
-5.960922
-1.703427
2.173274
14.622240
-7.415088
-8.824351
-11.441688
-9.475562
11.549405
-11.981246
8.652197
0.885955
-0.189540
-0.928847
-13.025126
-6.467591
3.880956
-5.577232
2.734498
12.831634
-10.067422
3.387942
-11.333501
6.576787
10.337274
10.083473
1.069073
-4.631980
4.878622
-5.075986
-11.788104
2.752002
5.640703
-6.041341
3.692138
-0.221949
-7.674233
3.829591
11.043401
-11.454284
-4.574692
4.547348
-8.371068
4.247367
1.766869
12.833291
-0.006710
3.364243
-0.505427
7.629533
8.293409
-4.109599
23.015926
9.300875
5.334440
-10.342978
8.085401
-2.352615
-1.612866
6.997994
-16.214930
2.876470
-7.267893
-7.185361
12.171685
6.426303
0.235285
3.965129
-8.594905
17.374813
-7.227864
-12.761498
12.193259
1.664852
5.810011
-7.248261
-10.123382
-12.918462
0.928560
1.571729
20.469931
20.524624
-1.988950
5.826670
8.505036
-12.206400
-8.170706
-16.672110
-2.976614
5.967643
5.032094
-11.318310
-17.153662
14.193248
-6.654222
10.718969
9.008724
16.045923
-8.761132
3.073871
-7.680306
-8.302574
9.140207
8.607967
10.975277
8.016827
4.666514
6.244932
-12.935523
-12.944988
9.944854
-14.763170
-8.068026
-9.838161
-2.548865
-2.230122
-1.861476
-6.145067
9.107107
-1.184561
-10.495370
0.754968
-0.805785
2.211658
3.615638
14.348264
9.352842
-3.944232
-9.225849
-7.679029
-1.548732
-6.758500
3.133152
6.592213
-10.463379
-11.047097
1.374161
-4.468843
-1.051829
0.654590
-6.509320
13.780590
1.365448
-4.655051
-2.014151
12.933991
6.740887
-10.587031
-5.376222
-2.631075
-14.289400
3.833784
7.336838
4.261174
-3.359411
-14.800548
-12.887921
-5.555002
-10.086972
-17.819521
6.894023
8.452050
-3.055959
-13.247151
-12.647731
-18.738741
18.410393
10.448161
-15.669798
8.299076
1.453869
0.945715
-3.377775
1.536597
-5.966042
6.978239
2.708419
15.677013
3.331744
-13.595458
4.490245
3.344723
-0.931582
-8.872438
9.724119
3.349463
-8.333682
-7.247008
-11.574090
-8.824677
-7.555584
-17.544996
-11.446414
5.860729
-2.906738
6.239380
-5.849645
-3.785580
1.627894
10.270494
-0.943928
9.751983
3.425505
5.805465
0.712030
-10.819336
4.827371
6.445939
-4.772987
11.780698
-15.993153
-5.102730
6.278087
15.018775
-3.580142
-3.794439
6.691098
-14.296726
9.261884
-9.024415
-14.114723
-13.910586
-11.129175
-0.335588
3.598926
14.309566
5.019577
4.821608
-6.245667
-6.072601
-11.295466
6.537022
6.580991
-7.624093
-5.835990
-2.041196
1.100342
-10.125622
-14.079900
-4.482812
-3.094373
0.613233
5.049712
8.760494
7.965427
-5.160311
-3.158288
3.428380
-7.608781
-3.093635
4.386483
-3.782507
0.684059
13.033911
6.830469
-5.089047
4.555712
-2.248839
6.150791
-3.303171
2.150402
-9.008044
-15.474234
6.797016
-0.497100
6.329723
4.432230
3.844821
6.444095
-2.558107
6.944596
-4.998881
-2.164933
11.818242
-8.206410
0.453232
5.782116
-0.438953
-7.265967
2.907781
1.119424
9.937251
7.985601
6.058818
-8.287970
6.218066
9.113417
3.754671
0.938527
-9.569360
-9.820718
-11.281301
0.364639
-2.901749
0.393353
-15.032072
-5.568727
8.110139
-3.124783
4.321438
3.527333
10.180415
3.525143
-7.066846
3.914036
-8.212696
2.001884
-7.666585
-2.236540
-7.894109
-3.140916
1.422611
15.270441
4.719095
-8.039589
-8.034059
9.010145
11.203190
-8.510055
-14.145186
-3.522688
1.061599
7.464355
6.111492
-8.309473
-7.166255
-11.572480
-0.400743
-4.768995
28.185461
13.583972
4.019541
-4.238509
5.092883
-3.598849
4.860444
-12.368091
4.664075
0.991876
-0.634576
-9.736342
1.273833
-9.591129
-0.102835
8.300306
-15.318271
10.086417
1.102741
11.754745
-3.135736
1.061008
-7.116487
-1.389361
8.805893
-1.191637
3.024881
-1.814427
3.607532
-13.100314
-1.682136
-6.332588
-6.955087
-12.207757
2.782295
-2.425986
-4.399963
-9.885449
-10.346326
-12.752771
15.585741
-7.107116
0.428054
-10.102448
7.575252
-1.440767
-12.732102
13.820058
18.227804
-2.755231
-20.526306
3.953338
-8.318358
-16.263718
-0.428473
-17.779987
3.908106
-3.804646
-15.964133
12.084641
7.751309
-8.124347
-6.280787
-3.545948
-21.030180
-7.919016
5.990888
1.768264
-3.065068
2.737478
11.120949
-11.191030
-4.637293
4.227056
3.950815
-7.957131
-5.718284
3.565635
4.398639
-7.963559
-2.798239
0.401739
2.742706
13.062749
17.842537
-10.225907
3.485029
-9.746065
3.669294
-4.491381
0.611370
-4.766337
-15.410267
3.008352
-7.207361
-18.230738
-3.547863
2.469318
10.656724
2.678832
-5.119114
-3.682245
-1.912982
-2.736244
10.823566
-11.230085
12.169323
-11.351852
14.078656
4.126825
0.346749
9.776091
5.131005
-7.213959
-4.439550
-5.537436
-4.234123
3.873083
-11.369605
-3.819980
6.474334
9.737393
-1.926147
7.607992
-7.949154
9.658519
2.040562
15.855097
1.443124
14.423813
-11.900303
-3.039268
-1.964979
-2.426935
8.836001
4.615380
-4.308938
9.340654
-1.412765
-4.263047
11.014060
-4.705307
-12.006394
5.223763
-14.372799
11.299560
4.855638
-6.071921
-5.178438
-12.679609
0.961029
7.154918
10.019754
-1.180764
3.368862
-1.220020
-8.813537
-1.500513
-1.599594
-4.401765
11.344220
-3.847808
17.628132
9.258407
-6.815628
-2.133921
-10.549518
4.094082
0.872384
-19.769754
15.495078
3.894485
2.248741
-10.721827
-6.765921
7.577296
-6.746995
3.989520
-16.243446
-12.395036
5.262763
-4.560987
-3.208349
0.546492
6.284477
2.094779
-3.967622
-7.364497
-1.614607
0.919656
-5.011594
3.991823
-19.104872
10.412794
3.575112
-10.328369
14.701931
-13.600038
-7.232578
8.052180
2.917304
-3.625203
5.029112
-10.726364
-1.097146
-0.070172
8.269341
-2.093757
5.282967
-2.093726
-3.326263
-6.175941
3.466324
-5.190212
-3.337654
0.094414
4.507617
16.358416
9.847394
-13.039871
2.432677
0.555543
10.339454
-12.995877
-4.863382
-4.347425
-12.921666
0.790242
9.036005
12.861547
-1.573249
-8.729037
12.075891
4.247468
7.758110
2.992536
2.220858
-2.460112
8.658769
11.329696
-0.123241
0.445601
-0.417991
13.495484
-1.465997
0.510686
-3.759547
12.087626
8.638468
-0.191187
-3.816225
7.204080
15.760489
-3.510130
10.159985
-13.732198
-11.975778
14.007763
-8.882768
-15.391650
-1.349210
9.398246
-4.574126
4.558426
-14.142312
0.792852
-9.399378
-12.305456
2.688965
-6.596033
-13.349692
3.886602
-9.400860
-1.221974
1.657593
3.029976
-7.082532
9.024323
-5.813174
3.875533
-18.303780
9.155446
7.829168
-0.090654
-4.161653
-8.462097
-5.360181
1.059761
2.723547
-6.412020
10.117884
-8.389314
9.144724
-10.393573
-2.970546
1.633148
15.076495
-14.190446
12.095537
7.222314
-2.696768
0.932655
3.106271
1.899069
-5.193291
-3.521878
7.029451
-4.274730
2.633612
5.761294
-11.218935
5.242688
-6.725442
9.066643
-8.837212
4.426495
3.412205
-3.470629
1.390022
-1.595721
7.657773
-4.961588
7.321538
-3.593214
3.221894
11.845519
6.851633
2.093497
3.758319
5.236246
-4.905832
1.205726
10.540037
8.218961
2.053609
-8.122411
7.356838
-2.504412
1.601001
1.654337
-0.617425
-1.399263
-5.281010
3.807973
11.591281
0.003545
-9.486963
5.491560
8.274536
17.180910
16.006897
-6.110229
5.253872
-3.810135
-13.790771
14.087221
-0.549803
13.287736
12.610380
6.580321
0.944465
14.119753
-2.324514
-5.118712
-3.390063
4.658426
4.938083
10.805584
-2.435266
2.295083
-7.364331
1.303279
1.203263
5.838235
-13.350858
8.109262
4.343391
-3.158602
0.893823
2.741708
-14.673376
-0.028739
9.481945
4.145389
7.553758
-11.356818
-4.400501
-2.594358
1.614397
4.179500
-5.874035
10.537826
12.003264
11.439521
-3.597183
-10.226962
12.373889
-8.628826
0.173882
11.334682
-1.111399
-4.794861
14.402792
-5.503467
-9.480346
7.542895
6.525783
9.486660
-12.456970
-1.680632
-0.226273
-4.044544
1.645932
7.957441
4.935842
-5.101031
2.103868
0.065876
19.124434
-9.380064
11.928934
3.526483
2.266056
-0.590930
2.840230
-10.428572
-2.910430
-12.095141
8.630885
-8.897656
-7.157310
9.211304
0.140433
-1.497237
3.324090
-6.242793
2.527455
7.690498
1.679098
15.104241
2.253151
-16.644354
-11.529007
2.375634
5.355508
-10.941303
10.655957
-6.096756
15.832108
-10.128499
3.411764
1.794559
-3.681715
-8.915850
2.208049
-4.558059
7.169149
-3.765032
-13.087986
-8.331962
9.245406
-4.326610
-10.095101
4.342711
7.022713
-1.491169
0.926207
-8.550663
-2.161832
5.759039
6.239674
-1.575558
-0.060117
-10.584944
-8.948827
-1.519644
-11.517734
-1.557881
-10.008364
8.888498
4.922155
-5.810250
-13.819407
-3.331205
-1.452525
-7.766473
-5.071466
-11.913474
13.799762
0.963481
1.357529
-6.341391
0.121211
-11.532301
3.970804
1.505779
3.074881
-10.823776
-11.904245
-5.327899
-4.777891
-6.584424
8.794955
11.104420
8.442576
0.076582
-5.937322
-3.759487
18.350666
4.594400
-12.668213
-10.098588
-2.785887
-13.397132
-14.659876
-1.634102
4.348370
-5.939085
6.073540
13.415877
2.681054
13.807164
2.816541
-7.030457
-8.616529
5.561333
2.770013
-5.829413
4.604041
-3.722021
-4.959854
-9.704159
-11.517954
-9.383109
3.843980
-2.998915
-16.270979
-5.277019
8.653138
-6.717230
-3.677322
-3.270597
9.094680
3.444516
3.521387
7.220830
4.536912
-7.128146
-4.338971
13.028751
-1.051056
8.647882
6.714789
-15.655465
2.184639
-0.710624
-0.077755
2.291616
-2.468524
-19.169369
-6.379854
10.499108
3.376602
2.851738
2.995291
7.105803
0.360005
12.292176
1.277108
-13.661626
10.037393
-4.384826
-5.757128
7.297511
-9.387655
9.311342
-10.001183
1.665572
-3.933493
-6.253468
-6.605804
-9.020734
-3.977793
-1.728258
6.138608
-0.710868
-12.341028
5.331550
12.562840
2.991776
16.323931
2.647844
-8.819424
1.523491
7.540050
9.808670
-8.492468
12.423262
1.660730
11.901928
10.507674
2.632967
8.143113
5.085845
-3.198695
9.694220
15.029496
15.303557
-8.557147
-5.934207
-12.233073
6.004420
9.935108
-0.626169
-11.484659
-4.794307
-11.743003
7.861341
1.608755
-7.230187
-12.299758
-0.886706
-1.865916
9.680030
-4.706710
8.121393
-1.074298
4.962626
-6.521068
4.241051
0.829716
-7.460311
-3.656392
-4.815222
7.125376
-6.129111
0.170309
-4.662617
-10.170472
14.241282
-15.810746
1.240520
-5.359801
-14.213742
-7.720990
7.067463
5.982687
-9.367746
5.220938
-12.970222
-8.676869
-7.268837
10.100810
-9.038391
10.148001
-5.946714
-2.622395
13.237258
10.710999
5.577058
-2.822467
-3.895786
6.190672
-12.742024
21.499479
-5.485094
-1.415629
-7.301884
7.065686
17.573343
-7.597396
-3.648493
-3.546140
-0.614000
6.060577
-8.101002
3.672668
6.768862
8.712948
-4.167080
-1.308579
18.533712
11.546866
10.170877
-6.517992
-4.056468
10.454418
-9.820067
-10.952165
6.464264
4.186378
5.733127
-2.633982
17.736616
12.908442
19.760323
4.066206
2.570164
1.331634
8.032701
-8.440805
10.054908
3.011742
7.566854
14.517246
-3.939661
3.407261
-3.694802
-7.814444
-2.287954
1.663562
8.640756
8.991185
-6.034404
-8.041903
-9.779618
-12.013474
13.166707
-12.772274
11.412133
9.102071
5.964144
-4.277778
10.538874
0.624445
0.208692
4.219360
-0.094460
0.516727
-3.301580
6.725412
-0.672047
-6.945634
-19.023611
12.498693
8.199575
2.327609
-8.558357
-6.060459
7.848769
3.592324
-1.527429
12.665900
16.306416
2.968513
-7.079133
0.958150
-6.411298
3.978543
-0.338702
-4.310453
10.357227
-8.844460
9.246455
-10.413733
5.299675
3.938020
-6.878284
2.695240
6.716224
2.935726
-11.887820
4.725635
8.655916
14.429192
4.256901
24.024437
16.135616
-10.211651
15.986322
0.675065
6.317848
-4.176266
-2.206217
-8.881751
-1.173305
-2.303433
-12.803082
6.435704
-13.060895
-7.909959
-11.595330
3.066653
2.087933
5.848199
14.739426
1.054126
-15.809243
13.420253
-2.843409
3.410209
1.015953
11.343386
3.554482
7.746981
-1.110209
2.153883
-12.507159
-9.438269
-8.362582
-2.509940
9.584787
-5.978697
-5.088438
5.588498
-8.238912
6.537973
-9.279383
2.490742
7.693145
6.717206
6.776949
-4.656937
12.631725
-2.304228
-9.388970
0.588802
2.084805
-1.247213
8.304223
-11.423966
7.215836
10.023678
-4.839199
6.914526
10.886083
-13.248803
7.544995
0.926541
2.241466
-5.026687
2.161985
-13.655423
-2.237474
-7.520284
11.067707
-8.316804
-3.313933
5.371564
11.357177
8.184072
-2.323842
7.003017
8.199962
-3.100586
-7.259458
14.048205
-16.090046
-9.208746
4.873870
2.135685
8.783509
-5.374782
3.855579
-3.355772
-12.146289
1.815875
-6.563026
-6.581261
-1.544258
-13.398332
-7.591147
-12.275797
-2.286325
-6.658735
-4.283325
-7.692877
6.867144
2.441901
-10.348392
3.321249
14.401480
0.995262
6.525148
6.485673
16.579628
8.007414
1.943364
-5.096097
5.818968
6.116485
-4.155272
0.480780
-2.967517
1.450743
-3.156051
-4.286895
8.680856
-3.610816
-1.563338
-0.750403
0.601599
12.892233
4.212927
-5.019900
8.508183
14.853314
6.857012
24.775888
6.244205
-1.330969
-0.577394
1.921047
15.896631
1.569645
-5.790631
-11.735151
11.582697
-7.934814
0.241756
-9.722222
-7.761409
4.843213
-5.379010
5.730225
-0.951159
3.808118
-16.193333
9.008672
-0.586648
-23.354765
-3.401879
7.749141
4.827454
-1.756608
-1.472254
-4.798011
12.717334
0.160418
-2.922424
-1.001088
-17.516056
-11.215334
-6.429450
-9.665181
5.718148
15.041632
17.200596
-1.207635
-1.456481
-6.278109
1.245819
-10.350485
-11.234010
-5.382107
7.924365
-7.541835
3.874264
16.360193
10.111346
-0.331387
-0.230225
1.068428
4.920904
14.720040
3.702531
-12.246821
-0.854347
-3.685572
8.408961
-10.519541
-19.582758
4.525198
0.064427
15.288155
2.698472
1.756141
-12.354815
15.753051
7.466230
1.140241
1.227890
4.893761
-0.080763
6.364106
3.087142
8.967778
4.122586
-0.376917
8.756667
-14.667562
1.044576
-3.514968
-6.650909
-8.516401
0.698747
-10.441961
-7.122651
-0.530625
-2.643446
13.430170
-19.460814
-3.019623
-2.759006
4.234821
-6.509223
14.937714
7.945156
7.005609
-8.338177
12.279829
3.727960
-2.661219
-10.141195
5.678419
-8.088100
-9.163179
0.723807
2.927770
-8.992667
-3.555815
-0.548281
4.807556
5.499686
-18.428261
-0.503124
-17.091093
-3.385313
2.486586
-8.636485
-2.817925
6.873996
-2.912287
7.620159
-0.216781
4.003161
5.677209
-11.364968
8.292216
-8.775862
9.163579
23.492102
-5.619328
-22.222111
11.115699
12.063399
5.434830
-8.376638
-2.911642
0.621349
-18.895477
6.706197
-0.524462
-10.018448
5.682281
-5.435831
-1.131674
-11.469957
-22.142664
-6.148604
-13.255136
0.807287
5.518763
7.366938
3.997357
-8.219023
-9.261245
-2.611357
0.488544
4.044715
-13.059875
2.250740
-9.363303
-8.469917
-6.596957
8.247516
-11.861643
-9.983065
-1.000406
12.549300
0.508193
-14.613915
15.515917
11.249896
-21.536081
4.724933
-0.720133
-14.852081
-15.701180
-24.385775
-1.325391
-6.538921
-9.591125
4.179081
-6.201774
-13.474963
-3.258534
10.281740
9.073529
-11.083489
-1.668818
-3.606228
6.445496
-0.582913
-10.884711
11.050506
6.460185
-5.237410
2.631884
4.022712
-7.250531
-18.597698
-12.883086
-11.917263
-2.642760
-4.439083
0.474445
8.152677
-1.297686
3.873164
-11.525388
-6.753519
1.323344
-2.753794
6.876118
-1.827879
-1.291251
-11.555030
0.573247
-5.657843
3.791703
-9.333932
15.130810
0.656501
-6.542746
4.119331
7.370527
-0.089050
-6.548997
-4.648650
-6.349355
-6.085059
-2.361892
-5.371963
7.954517
10.866961
2.863456
7.240307
-0.905711
-12.148371
-8.931165
12.178380
-3.763380
-5.384445
-6.059184
9.444297
-11.111394
-5.884199
16.779398
-6.713930
-4.446018
-5.078379
-13.272639
6.822099
6.758695
-17.654446
1.492624
13.442232
-0.947706
12.507629
6.695596
-3.894639
-2.761725
1.544341
-7.416037
-4.937692
-3.765234
-5.138675
3.869385
2.260430
-10.332580
2.364524
-0.329591
-6.027888
6.077054
6.242848
17.476410
3.008879
2.770907
-1.923722
-2.175088
0.082779
-0.493896
-1.627969
10.331252
-4.029509
9.896341
13.884641
14.259141
-11.270873
-10.269444
-11.361205
11.008347
-12.642958
9.922842
8.329730
6.284281
-10.271567
-7.258304
-9.854388
5.893261
2.374345
10.360570
-12.463352
8.131515
-6.122173
9.065752
-4.061442
-2.080548
6.322446
0.919130
-9.816537
-6.169198
10.538822
-9.902519
6.890955
-2.709474
7.219217
12.073412
-5.929150
8.114847
8.348500
-5.556114
6.380751
-0.652610
-4.941578
10.783747
-1.586318
9.962304
-12.277592
5.355490
5.477797
-3.130927
0.866051
8.555279
7.041027
7.720876
-8.836464
4.571392
-2.039080
0.063282
18.115326
-12.963920
-9.359010
-2.314620
-7.536669
4.370932
-11.544673
3.291857
-1.474500
-0.227268
7.346690
12.393378
4.455073
6.853938
-13.080628
1.919191
-4.340050
-0.569888
16.808771
1.502845
5.482241
-0.396009
0.697678
5.074374
6.061482
2.327413
-20.541988
7.651730
-13.144615
2.723644
2.757326
0.760076
0.205420
-3.891651
-4.556459
-11.989155
-6.998158
-10.213577
0.393130
17.075218
9.253630
7.111515
-14.664755
-2.295786
-3.178144
0.612230
7.284672
9.859148
5.018885
-13.122689
-0.727512
-10.420932
-14.538200
-0.089999
2.533595
-2.934252
8.580365
15.131727
-1.627591
-6.513569
-10.540876
-1.152629
-9.225485
-24.286144
8.012596
7.632447
-4.575872
8.295713
11.589705
-5.310112
-1.513440
-3.707932
7.178986
-0.010360
-3.178807
-1.899807
3.131215
6.609838
-2.883907
1.120320
-0.812848
-12.745396
-4.693603
-0.166144
9.102544
-6.859724
-13.286983
8.671949
9.054977
-0.272566
-2.179856
5.992719
11.674784
-8.987581
1.178080
4.520369
7.454692
5.997168
1.598556
5.169456
0.058645
-4.575443
5.910600
17.120424
12.867239
-8.261097
5.205790
-7.033585
-8.584905
-4.214414
-11.793368
2.415954
-16.992682
0.463401
14.521179
-1.926336
4.382996
3.947540
8.589068
-3.124411
8.601419
4.277138
8.023395
-8.504628
-5.348688
-2.380841
-3.555019
-12.288965
-8.364341
-15.171300
4.631794
10.481735
-9.553539
10.784980
7.953402
0.382575
-9.289170
4.555226
-6.058337
-1.749238
5.498199
-11.841800
-7.169858
6.611267
4.482439
-4.771018
5.832116
4.978664
-8.333025
1.492762
4.126758
3.007371
-8.413202
10.710922
10.884687
18.682894
-5.138139
-4.858400
2.920547
-7.847068
-11.244154
8.884884
0.991123
10.012752
15.964766
10.247786
-14.707432
3.940892
-9.377135
12.038639
8.068938
2.097157
-8.515774
-6.579146
11.847294
20.690281
5.471258
7.715152
2.065162
-6.911133
-10.053976
7.213476
1.358360
4.272901
-11.359221
9.819208
-5.470883
13.520392
-6.374248
-2.937905
1.474945
-25.984373
5.711695
-0.726499
6.722605
-6.552109
-10.894302
4.636242
-0.075843
6.053432
-12.648861
-2.631038
-0.220150
-9.551518
-10.651772
1.643057
-14.199558
6.051921
-10.578417
-13.158936
4.587702
-1.270066
-6.171113
0.946892
3.996510
0.953640
2.324198
-9.062969
2.248424
11.247147
0.386131
-6.885401
-27.207428
-2.465596
1.403618
-12.779845
5.458179
-0.504627
-8.127706
3.415791
2.734086
-17.769329
-2.449479
-3.497631
5.952705
-5.497935
5.658564
-2.370862
13.032797
8.953109
-9.209110
-6.092368
1.844710
8.196271
-5.682500
4.002190
-12.452359
-6.690512
2.715275
-7.832345
5.618058
17.007364
0.697596
-5.171901
-3.542355
-3.818042
-0.512536
8.118049
-7.079646
-15.997797
-9.366543
-13.160115
-18.832151
-0.499687
-7.123895
16.505558
6.140924
0.560880
1.968715
2.325197
-4.161737
13.127978
5.601088
5.860373
-4.049011
11.945204
-8.235377
-11.618660
-10.360023
3.505248
-9.371928
5.567077
-5.818426
-0.017967
11.154719
6.795583
15.019046
11.175389
5.133255
-9.151311
9.606776
-10.188292
16.525318
-1.097634
6.695251
4.186382
-9.935801
10.201907
-11.127145
5.037129
-3.689005
1.030478
-0.141978
11.403402
-3.412020
10.623831
-6.550051
-0.752800
-8.474556
-5.472195
-12.253016
-8.536129
1.568504
6.391097
12.946624
-13.572926
3.276249
3.267721
-6.273632
-20.579853
-2.102400
7.428091
2.295054
2.546834
-7.168296
-2.665954
7.616593
9.408513
-1.619313
2.301011
5.605925
-9.858939
0.223992
-3.521284
-4.207323
-14.754807
15.478333
6.392727
-7.892128
3.928396
-8.087217
4.895322
-14.291896
11.697004
-2.539052
-1.531294
-5.711522
-6.832434
-9.156617
13.665010
8.656810
-4.951885
12.547257
-5.696119
-4.896641
2.302248
1.338350
11.565429
3.164178
-8.006620
12.958456
2.922088
0.401035
-5.567293
-13.784977
-2.700027
-0.447204
9.241916
-4.864759
-6.912941
-10.889862
0.792008
11.454374
10.683569
-2.966115
-1.921941
-6.260970
-10.316255
4.889530
9.163698
4.326968
1.937110
-7.018595
-4.245791
5.731055
10.792109
-10.683068
5.544147
-9.126437
-4.462672
-8.037688
4.223641
-7.618751
4.815917
9.556784
-6.498861
3.074806
13.457790
-11.321261
5.797387
7.014179
-0.559837
15.050880
-2.219112
1.097469
15.073669
14.409856
2.650348
5.902898
-2.492963
12.876545
-4.118267
-4.103043
-1.710780
-12.271387
9.261637
12.480914
-0.973507
-12.676087
15.872037
10.434200
-5.100380
7.709908
19.764660
-20.636417
-8.154692
-11.914456
10.016288
6.960841
0.326212
5.805789
5.738307
7.336369
4.822707
15.274432
-2.106754
12.790389
-9.163926
8.291896
1.107220
-8.449533
5.653431
-11.777884
3.025106
0.627450
-6.527987
-8.133295
4.127570
4.677620
5.738782
8.030105
8.480101
-11.965979
1.823152
0.654434
-8.522472
0.096706
0.352020
-0.157342
-0.517283
5.858666
5.124169
-6.914657
-8.018575
-8.347682
-7.327629
-3.196088
10.624787
-2.705042
-14.424561
7.101423
-9.323267
-4.328474
-8.921029
7.133994
11.095646
-12.988630
-8.414342
17.971609
4.747193
5.654483
-7.722974
-9.948748
-0.192131
3.075948
13.514658
-10.928595
13.378645
-5.857378
2.740949
-12.682109
-2.948229
9.821088
2.482650
2.340291
5.589235
1.767057
-4.038009
4.736578
8.826107
-13.015797
-2.135718
2.769135
5.923048
4.293972
12.096985
11.770841
-3.844315
13.504146
3.771924
1.604928
0.623168
-0.455206
-4.695832
-7.983407
-14.644135
-12.719741
11.365351
10.258749
-4.491315
3.763517
-3.263088
7.493651
9.307803
0.684760
8.324059
-9.098372
4.996787
-3.011656
4.697403
13.698719
7.985591
-7.776297
-0.252820
15.082162
-5.480193
7.330019
-11.719486
-10.808091
-2.607912
-2.388141
-7.845825
-0.225993
-6.556504
-5.132979
-1.476498
-8.294756
-6.042765
-3.930749
-15.316463
-14.378831
-10.877705
7.837563
7.797555
6.962957
0.689755
3.323263
-0.632609
4.251545
-9.822232
3.791456
-1.338143
-1.221400
6.112374
-9.692509
-12.670054
4.875856
-4.722969
5.751384
-10.400994
-8.215858
0.595287
5.438804
2.016740
-4.167883
-16.791504
-1.310552
-1.590918
-7.354064
-13.995678
12.442371
-1.143515
4.201852
1.345957
3.842438
-4.993765
-2.399192
13.790665
3.816669
1.766027
-5.063417
-2.100385
12.032370
13.076881
5.497514
2.414566
-10.170479
-3.821008
-24.730385
7.324603
-5.338330
4.583565
-12.994761
5.086985
-0.619797
1.592561
-12.944827
-10.798002
4.842427
12.214024
-14.217820
-5.623239
0.467204
-2.990792
2.495782
7.750387
-0.550987
1.736206
-8.415431
4.431144
-3.262737
-0.189843
-9.123163
-6.226268
5.125068
12.663922
-4.104435
2.938042
-11.398529
6.258114
3.241073
0.375153
1.320913
-9.799570
-19.861515
-0.119034
0.114091
-9.689839
-5.846904
2.050704
10.258839
-0.310848
-5.517252
0.272845
-14.439700
0.598357
-13.972850
-6.429655
-12.973982
-6.902032
-3.462379
0.533271
-2.463001
-0.499653
12.136960
-5.220509
-7.934698
-1.449439
-7.996960
-15.163223
-5.979055
6.611043
0.955194
0.600207
9.884656
2.900268
4.474463
-1.127560
3.538130
4.684812
18.081814
1.602096
-5.573663
-7.824139
-9.535328
0.290742
-2.829587
0.486767
0.847845
-3.211175
-0.711790
-12.389712
-0.914437
-3.530599
7.282859
-10.892436
15.169365
9.484260
-15.228054
10.499302
-2.453820
2.230443
-11.536729
-3.503647
0.399555
10.507143
1.142733
-7.087836
-3.061368
-4.070352
-4.167018
-0.883013
8.058438
11.826198
3.159739
0.989619
-7.049837
-0.992093
2.615555
-6.836133
6.054821
11.235206
-1.515858
5.891584
-20.069866
-7.265057
-11.373238
0.757187
-1.706057
5.890155
20.174004
0.015201
-4.081284
1.345626
-6.132883
7.492289
-14.117287
3.183108
9.414643
-4.068393
-2.543937
11.849487
-7.979209
1.518833
-9.215702
3.589300
7.140445
-12.013403
11.257375
-2.927542
5.365290
-10.244190
-9.990402
6.930653
-9.081111
-2.635905
-2.481540
-0.956737
-8.534165
-3.404684
-2.841008
-9.074512
6.641450
-3.722184
-8.212986
-1.769187
-9.110237
5.195702
-13.575678
2.512479
3.757846
11.412311
-0.267965
5.542121
3.035646
3.448718
-9.574940
-1.431498
-13.652581
-0.941854
4.885126
11.497725
19.988625
-1.226908
8.820580
7.928529
3.340047
6.571469
-1.245830
5.617254
10.289557
6.129749
-1.638066
13.806359
-12.709966
7.628028
1.412905
-12.886122
1.833895
0.936153
-4.006862
4.397602
-0.700425
4.589534
-10.587342
3.212380
8.311784
-2.829700
6.904071
-15.670659
9.896364
-3.977873
-7.173136
-3.432022
14.833550
-8.530053
-4.805825
-16.625479
-12.142398
12.242043
-15.007301
8.782033
9.411451
-4.717698
17.375729
-17.600830
11.924810
-4.863492
12.485542
-11.625716
1.744690
-8.109742
-11.245277
2.673709
1.641360
-8.017858
10.847491
-12.623679
1.006673
4.850530
-0.079399
6.342241
7.508119
9.970486
6.190841
2.131440
4.800872
-3.583755
2.426580
-4.732013
4.184008
4.195615
16.435108
-1.840461
2.792477
-0.767637
-9.335667
-8.633175
-4.728904
10.175733
6.660089
-1.862942
-11.619710
-5.955842
9.447686
10.661669
2.741686
-3.215142
4.221803
7.745988
-13.418291
8.026451
17.605600
1.144864
-0.924029
0.996721
2.135643
-3.312216
-6.177502
-1.285160
-4.032970
-12.458323
5.519842
0.189992
6.899602
-6.849056
1.166938
5.433842
2.084195
10.908973
5.396799
7.982943
-11.828515
13.429433
13.199482
0.460067
17.755793
5.460599
-7.546040
9.431826
12.260041
-3.074957
-4.594023
-5.534397
6.208829
1.028662
-1.116124
-2.691322
1.480478
-8.577549
-16.376961
7.350350
9.894063
-1.727845
-3.707861
-10.484631
6.886126
-2.633271
8.841396
3.982138
-9.478930
-9.738195
9.455506
-1.510537
4.311642
-10.777331
-11.988471
-3.982822
-11.968595
8.753187
5.408104
6.931550
15.010542
8.965938
-9.740057
-13.637711
-1.550949
-17.045305
-1.363728
2.357610
-5.420429
9.711883
-7.374741
-2.441060
-9.548972
-11.211460
17.290823
-6.624557
3.837522
9.980015
2.501853
-5.092455
20.397583
8.803931
-15.405906
6.502350
6.703176
11.544721
15.210949
-10.407464
1.292677
6.072588
-0.671528
-8.478454
-0.889698
-2.003222
5.638132
1.411188
7.639750
16.081900
5.080157
7.316636
-3.230409
-7.144796
8.709986
-1.896216
3.814348
5.974392
-12.443304
-4.669662
7.330104
-14.894526
-1.401512
0.000061
-1.583430
14.658776
11.255125
0.358085
-8.713573
-7.402699
-5.702849
-12.578003
6.858407
-10.055716
6.959893
-4.418147
3.237378
10.327401
-14.611337
7.408844
-17.497541
6.355113
1.860829
-15.840404
-3.531677
-1.526203
2.599514
-6.795917
-4.003886
16.886942
-21.073158
4.058664
3.010001
9.824754
-5.982626
-5.918911
13.569387
2.471676
5.582811
1.618369
-7.041280
0.225770
-3.170001
4.075219
1.715563
-5.382042
-3.050109
-7.870018
6.061486
11.420125
-3.077761
-13.783071
3.449528
5.005839
12.456512
-5.604728
-15.802769
-7.268927
1.095442
18.602390
2.780233
-4.252740
-2.184856
-6.722865
5.580282
1.346142
-8.915543
6.057301
-7.129201
1.349520
-8.363009
3.732456
-5.040956
-9.544707
4.003254
3.874883
-7.038845
5.947020
-4.004537
-9.082239
6.634784
-4.967051
-5.856344
4.118633
-1.625642
11.631241
5.369266
-9.300061
-5.778657
1.069289
5.740372
12.250937
-8.915656
12.872295
19.697418
-5.341327
14.280128
5.901332
-5.414239
-11.785587
0.899791
-11.636680
-0.648224
8.740513
-6.589923
10.678772
-1.210989
-7.410323
9.194697
-7.943277
10.675611
10.575705
-4.036336
-9.637653
1.354050
6.830542
-11.509409
-3.925575
3.225313
-6.673687
-2.509627
-0.704648
12.431015
-10.439293
1.410625
2.901014
4.154565
7.696012
-5.431581
3.340736
-1.458060
3.143343
-3.036212
1.018955
25.569904
-6.992373
4.252069
3.474613
-13.438317
-6.853094
-8.527591
1.257089
-2.307878
2.673760
-1.392708
1.100461
5.133913
-7.368207
25.842159
-1.134080
-4.907399
12.765982
14.018833
-6.825820
-8.522688
-4.522515
-1.611494
21.018827
-1.605521
1.302654
12.179181
-1.769671
5.944755
-6.786104
-12.927639
-9.861263
3.994895
-6.763201
1.685680
-6.325572
-15.298599
-8.313719
-11.242939
-7.956876
0.098506
11.764931
-12.814576
-10.473492
-6.377561
11.160056
4.938818
3.016675
9.438202
2.324128
-6.403815
7.286638
-23.936602
-7.460836
4.467290
4.598401
-7.673774
-15.480599
5.849186
-4.857211
-12.176836
-3.240368
7.743281
-6.309656
-11.385771
3.696598
13.046200
-7.475095
-7.066892
4.246572
8.363977
2.727651
4.568632
-13.527324
-0.761190
-2.421886
-0.466131
-1.772889
-8.952215
-3.334052
8.880903
2.890389
-10.260942
21.527397
-7.929159
-8.203465
11.109767
-14.874557
16.685429
5.424210
4.822844
-6.353311
3.086197
-7.959715
11.815306
-6.482517
-13.645163
-9.472855
12.707005
7.837318
-3.547107
-4.159029
1.964045
-2.796813
-17.422773
18.684820
11.855862
15.170316
-5.689568
13.224324
1.574177
0.874732
4.792228
3.425557
-10.531791
-1.380738
1.026229
3.116772
-1.592068
-4.633413
-13.251676
4.007791
1.756003
-17.738913
11.510478
-11.375490
-0.492375
-9.281396
16.162296
-5.869381
-2.678638
-2.622089
5.401413
-2.831228
-6.847486
-6.332176
4.817872
3.279576
-7.442526
1.795902
-11.384847
-4.336992
-9.244701
-5.251635
3.941278
-16.201384
1.219952
-7.443164
-17.866430
-8.910814
4.054353
8.765682
-16.288071
6.986833
1.949102
-7.419311
-7.193801
3.608869
5.238548
0.743123
1.018538
0.935709
14.690137
-10.562534
-12.535545
-14.054150
6.935608
9.082008
-3.532264
1.311259
-8.116714
9.401277
5.387965
-0.269582
2.225890
-3.804841
-8.291219
4.193159
-8.114873
2.478446
5.624372
-9.265191
-15.092724
-0.456001
5.013596
-8.023632
0.883438
2.745541
2.023406
-15.395683
-4.181051
-5.498029
-2.693967
-7.326983
-0.196719
-3.925722
-13.812422
4.013119
-6.381752
-5.663687
2.660894
-5.614040
-14.296451
10.440857
-4.684600
-17.794235
-14.382067
-5.795915
-3.009944
9.114171
0.486030
-15.950784
5.514367
3.689686
-11.929932
32.220375
1.514012
13.578416
1.395255
-13.710696
-5.818294
-4.009624
2.212583
3.788032
-0.380762
3.899745
10.780264
1.200149
-1.839761
-15.265922
-9.628438
8.731848
-11.323815
7.800579
2.661352
8.732284
-5.738049
4.653004
-1.164004
-0.654313
1.986992
-3.063376
-12.200164
-15.914096
-3.201430
-12.850725
2.712678
7.202559
-1.233126
5.003537
6.064671
-14.451080
-12.590552
-10.178294
-4.797940
8.978470
3.662491
5.714952
-2.158404
-7.360525
-5.352951
-1.132484
-16.647285
-6.955746
11.510901
5.607404
-2.531850
-5.128735
-5.476918
11.409537
6.363469
-8.501380
-7.558547
-16.274031
4.857852
0.751289
5.388212
-16.702808
-0.574201
6.336688
6.996187
0.543932
-3.883564
5.318855
-11.782773
4.008832
2.351675
2.742841
3.767688
2.368881
9.672072
-9.446616
-17.182894
6.069637
-2.783220
5.870600
2.070872
-1.954567
-3.453141
-7.243947
6.566288
-23.630440
-0.600532
2.194566
-6.078928
-4.243215
-15.683472
-4.027535
-13.392957
-15.928558
-15.288621
9.810413
-15.358825
8.804811
-7.723139
3.105453
3.467980
7.830202
9.832711
3.915076
-8.897578
-8.507427
-9.790298
3.711056
5.070145
-2.604433
7.556578
-4.820549
-4.807863
0.272603
-1.102560
-5.268212
-11.290301
14.143840
-12.598435
17.769190
1.965297
2.037931
-6.158655
16.214493
0.325944
-4.614795
-12.142327
13.690811
-4.973223
3.315961
3.394950
-7.239241
-4.902081
-9.098263
5.775577
12.427574
-14.368619
3.347329
6.503539
14.122354
-1.432960
4.651164
7.896398
-1.165782
6.990232
-6.588504
4.646457
8.683906
11.073994
8.482223
-6.379550
15.062445
-1.489528
-12.743782
-11.941385
-4.027697
-6.531501
3.371018
6.486072
5.714640
-4.293468
1.958826
17.384716
9.567536
2.591947
4.293229
10.732711
17.185207
5.608197
-7.013625
9.523688
1.695891
2.541331
16.641203
4.917670
-4.264266
-5.908509
10.732866
1.118432
-1.300766
2.477160
-2.528483
-12.565206
4.115034
-1.914933
-3.399779
13.594927
-8.358869
3.179108
-12.053535
-5.263503
4.069451
-0.519934
-1.326226
0.289107
-4.333543
-3.902434
-1.978842
9.367929
4.014116
-13.119334
11.890450
1.299843
-2.586374
4.684225
3.565917
-17.544050
-11.205393
6.604140
1.099234
-6.535561
-10.218203
6.464495
4.515911
-4.167765
-14.048452
1.705626
3.378727
-8.702798
12.247887
2.729943
-11.513392
7.044910
-1.282879
-9.566572
6.320420
-13.299712
-4.113528
-10.442080
-15.741429
8.343549
3.718580
-7.925891
-5.349090
-8.459797
3.212047
1.971053
0.706330
6.988786
4.973920
-1.268271
-3.466804
-15.937435
-8.796477
-6.523973
-1.974480
-12.565060
4.023800
-4.803551
2.358221
-13.616706
-9.282968
5.271340
16.607012
-0.260626
-7.444858
17.852461
3.725179
6.114543
-2.108109
4.598273
4.830677
14.532661
12.272987
-7.608705
-11.833791
16.926783
8.473813
1.801573
-7.251672
-3.462718
2.119905
-13.257713
7.801368
5.226836
5.503972
-2.968621
10.955577
5.171957
-2.259561
8.465040
4.419188
-2.770183
-6.943889
12.222676
-9.248170
2.975867
3.867283
-7.068716
-3.325883
-0.048738
5.553816
13.870065
-11.890138
7.378446
-3.015406
-4.245232
-9.050049
1.801438
-5.780476
-7.763034
7.716474
-15.043946
9.510958
3.442725
-9.838328
-3.186904
-6.103529
-2.958792
-8.987783
32.953285
-0.280850
-10.348802
-13.735379
-8.493086
2.523794
3.080081
-14.857322
-8.365447
-12.369448
7.848261
1.584976
-3.679410
2.430265
3.761750
-9.915173
1.223231
-5.559417
-1.054512
6.655855
-2.611937
-12.587366
5.379425
6.044256
-12.479581
4.841595
9.097555
-10.571744
-16.274136
1.406322
-12.531218
-9.990786
-1.168595
5.338615
-1.520704
-4.353379
-11.482075
2.371532
-1.976363
-6.842006
10.296073
7.132946
6.165125
-10.322317
0.689431
-4.787398
-11.473961
10.514453
-7.494502
-8.938727
0.239094
-10.317412
11.075504
-6.765762
-6.137257
9.330929
9.879457
1.421635
3.981858
5.849133
6.329157
5.426817
4.421257
7.219737
-1.178943
-12.270863
0.420811
4.173400
8.020882
-3.288885
-7.112042
-11.178700
-8.005828
0.987048
-18.913258
2.327132
-15.499672
-3.335531
-10.418065
-4.215300
3.504312
-5.997789
14.513002
-5.369141
-8.733698
3.080676
5.873656
-13.991984
-6.899069
-2.872829
8.282497
1.779047
-4.152861
6.562222
-14.556650
-2.744312
7.429558
3.707916
-5.092863
-0.175234
2.533249
-0.386669
-7.978646
7.795634
7.606957
-0.936280
-7.716753
5.456873
-6.888716
1.720528
10.733974
-3.811622
7.405297
-2.708542
7.298853
-3.880929
-0.346982
-7.180342
1.802287
-2.112731
-7.550038
0.072037
4.665524
-3.026002
1.578873
11.804119
10.305663
-7.051919
0.856796
-3.525262
6.656852
14.738844
-12.827528
4.656819
-5.225600
-7.306512
8.483696
-13.522235
-15.450140
0.495080
-0.072483
11.030294
4.521189
2.250686
1.468377
-3.457950
-1.230309
8.840100
10.180860
8.135162
-20.624121
-4.888729
0.631779
9.491250
4.394627
-1.056069
8.142650
-2.958582
3.055434
-13.545843
8.190824
-4.903337
-3.185441
-2.632231
3.139287
-1.737335
12.314388
-3.112925
-8.707241
6.994901
4.560810
0.702076
-7.463446
10.341433
6.024644
-12.141660
3.644577
9.537479
8.262106
-7.674399
-1.822449
-9.467238
-6.101889
-11.751360
-8.646630
1.144651
2.731701
-4.183004
4.337686
9.724830
-0.498912
-10.202217
-2.475226
3.427022
0.984012
0.107335
-5.554642
7.736701
-13.673246
-5.920214
-8.704846
9.649548
0.272765
6.495428
2.817219
4.811256
-1.669551
-6.287213
-9.948146
3.193295
10.070061
-11.439164
-0.859121
12.762831
-1.186025
-0.102733
9.673676
-0.189013
7.160637
3.172890
17.639727
0.003516
8.978354
-3.706184
6.291484
20.327660
-4.851575
-0.077451
3.115952
6.312072
5.070333
6.096125
5.603941
-3.806452
4.145813
0.341489
14.060064
5.035346
3.322561
1.351728
-9.098444
20.002132
7.566233
1.318490
5.752306
-3.752117
3.141868
-5.992196
14.395183
-8.090589
2.147346
1.113911
7.484887
-11.400811
3.052785
12.918205
-6.470523
8.484584
-5.168039
11.087015
12.103560
3.507764
-4.574662
3.455673
10.921326
11.439972
2.968627
-5.594878
13.055818
-0.571697
-4.194138
-1.487435
-9.872107
9.293585
0.152209
-6.205457
11.998445
3.744401
3.791166
-11.657156
5.565197
1.590632
-8.624946
-14.087141
-7.240997
-12.282132
-7.058116
-0.984987
-11.168995
-4.081103
-4.692592
-7.809542
6.360022
4.742771
-18.330986
3.880699
-5.793872
0.929283
1.005405
2.952261
-9.151188
-0.181707
9.482280
14.754294
5.222132
5.041104
-4.990429
7.709159
23.552982
-14.270645
-16.801922
-11.096851
8.490273
-5.798167
5.070056
6.373292
-11.817279
6.889766
1.268099
-10.327378
-0.599521
-12.352555
-4.535262
12.663478
0.397974
10.933657
5.908624
14.811001
5.766481
-0.944420
3.715482
-6.810813
-9.956304
-7.174920
-5.151507
-3.738150
21.024622
13.091761
-19.740599
4.298336
17.415100
4.192387
7.793686
-17.874304
-3.065750
-1.212742
7.672298
-3.163315
-14.505569
3.642807
-2.685580
7.718342
-2.365197
-4.470138
-11.153445
3.283707
-0.359338
-13.401679
3.341778
9.405233
12.510775
16.123945
-8.185733
13.243484
6.410908
4.736645
-7.568432
1.632037
2.350310
16.958076
-10.715298
20.385334
8.999492
-6.712233
-0.768478
-14.149737
-17.636702
-16.084223
9.370802
8.716252
-1.755638
17.093145
10.609219
18.999947
22.313995
-10.199042
14.355304
-7.010855
2.820573
-8.291909
-0.142675
2.883474
14.745801
-13.674733
-10.085354
2.430157
-5.742702
9.715487
-5.268907
-2.262539
-21.561974
-1.587394
-16.641512
-5.861792
-7.100434
6.286644
4.592682
3.301601
12.668899
11.724266
7.631522
1.864493
10.774131
-7.134524
-5.301736
1.913239
9.239703
-5.657656
-2.834959
-1.995383
-13.891842
-10.054240
21.076685
-12.557820
-0.867408
4.778218
-12.501339
-2.724328
-3.354646
12.144811
8.496313
6.468427
-8.525974
1.789610
-6.044313
-5.643826
3.219199
-11.941541
-12.400459
11.923639
-4.259025
-4.520002
-4.308373
-1.523934
-3.203467
-15.161284
5.457105
7.239470
9.085119
-1.078492
5.413028
5.802203
1.082240
-0.304143
9.607946
10.162723
6.480944
-10.720151
-6.414862
-10.241488
10.033073
-2.378201
4.875628
4.696760
13.612120
6.819026
9.445043
-0.790026
-2.066880
-3.487646
14.586820
6.806088
6.504696
-9.443847
-6.257213
6.339633
-13.749218
13.260508
-11.756976
6.445148
7.312945
3.712246
8.735997
0.725885
10.664111
-12.052230
-9.073358
4.137308
-3.698852
6.896986
-6.487884
-0.749959
-10.674946
-1.713073
10.269582
-8.858997
-8.004289
-17.013943
-6.859157
10.080654
-0.465896
9.838210
3.119224
-3.209744
12.906522
-11.297713
0.570635
3.804335
-8.291054
-3.191149
-9.460393
7.793989
-19.013067
-3.731642
0.478683
7.395066
-8.996245
-7.521812
8.690429
-2.759430
11.784258
-9.368093
-6.972434
5.848624
3.353622
3.060458
-9.880130
4.849629
-12.466012
6.702637
2.092263
-10.606688
10.865462
14.045365
14.500033
-0.634279
3.489011
4.471804
-0.437302
5.166101
-10.649376
-10.077342
9.610682
-5.897570
1.370442
9.547166
1.996136
12.791350
5.497965
-5.408263
7.105870
5.797940
11.557095
0.103134
-4.553133
-10.488047
-0.836770
0.259570
5.029519
-0.031329
4.844243
-7.952979
1.459888
6.031970
-5.175548
-10.638746
-7.650805
1.922391
-9.075964
-8.628893
4.988984
11.105851
-11.041396
-6.519576
-0.277415
6.311505
-19.298233
-11.129910
4.741997
-5.011606
7.513054
-5.352139
10.063700
-10.853193
-0.633010
14.620784
-16.101988
0.036578
-7.686584
-4.007419
-11.368667
-4.955986
14.911179
-3.653688
-7.627287
0.933467
7.657902
-11.398841
-13.305700
-2.174298
9.455852
-5.774280
6.560170
-9.873678
5.675279
-7.868687
-4.431780
5.987403
7.193593
1.963933
-3.719193
0.478870
0.642253
-11.855563
-2.167075
8.959809
-3.109043
-3.632405
1.411153
8.903632
-6.028247
10.098867
-3.312642
8.137999
11.623426
3.992087
-7.029202
-6.947593
-4.814129
7.852594
6.597582
-7.131417
-16.078781
-2.254867
9.130956
-0.565454
-9.072892
-5.998742
3.766690
3.703946
-4.326865
6.487204
-8.201211
-10.092218
-10.095089
-12.976145
0.525864
5.738258
10.095195
-7.370886
7.132411
2.520389
2.647055
0.463350
-12.064824
4.823017
-12.658110
1.083114
-12.746741
-2.797930
2.202375
-7.531502
-17.173925
-7.372211
-10.573654
10.366284
0.924803
8.303527
-0.413974
-0.642321
0.455850
-7.278056
4.910048
4.106174
16.498922
7.207666
0.964730
-14.656234
3.388827
-10.819773
-2.341035
2.679951
-3.265618
-12.956722
5.030841
4.917427
-3.328703
-9.530617
4.113263
-0.267510
7.054446
-5.600375
10.787051
-15.945258
4.930423
2.453179
-18.702955
-2.275832
-0.339359
-4.899226
10.310948
9.227605
5.263305
-15.692162
11.697568
-0.914857
3.725915
-2.561923
-5.871537
-7.154706
10.740761
-5.119886
7.827664
-0.320255
-10.777065
-1.498693
-18.358124
-4.092937
8.865808
-1.277033
4.363573
-1.441248
-8.917056
0.599180
13.795806
12.045185
2.270723
-2.707791
9.390038
5.953343
-5.141297
-11.873630
2.534077
9.527447
7.348300
6.155123
15.535883
-1.813853
6.174267
-1.031707
-6.319838
-2.799336
-14.222539
2.747683
6.180428
-3.937926
-11.936141
7.747068
-9.296388
-1.356323
-11.483120
-6.687903
-3.636116
-7.293606
6.079440
-1.503044
-8.287652
9.412756
-5.994414
0.861502
-17.582861
13.276420
-9.997307
-0.845655
7.125087
-9.549505
13.475622
8.233397
21.235344
-0.194341
-6.875012
17.992897
-6.930604
4.321179
-4.147709
11.771863
14.448881
-4.399004
8.904177
6.104968
2.707546
6.609611
3.395746
-4.679625
-15.118377
-8.552609
11.864426
5.690262
13.612452
3.760669
-3.051753
-14.414566
7.033482
-6.989831
-0.263055
-3.112545
6.080591
2.943593
-7.501103
-9.796700
-6.575163
1.490189
-5.974380
3.623322
4.494583
-3.426229
-11.140530
9.471877
7.833100
6.096854
-0.229471
2.229784
-3.757796
-2.634868
-4.959324
-8.626426
1.856618
1.396342
-5.514080
-8.699452
6.228475
-17.774300
5.866293
-3.332502
-8.484790
3.161804
8.093606
-14.065098
-12.357252
-2.141285
5.038445
6.598949
-14.302183
17.137880
-5.336169
-3.220183
8.803627
4.587462
-1.483742
-10.554727
-0.119285
-11.912768
-8.076296
-8.585908
3.222722
2.266288
-4.824712
-4.381980
-8.664163
-5.218435
7.074849
-0.887037
14.842580
-14.834024
-7.732151
-3.823066
11.365818
8.972522
-13.553290
-3.872096
-13.484017
12.512540
10.384063
1.015691
1.323667
-10.821798
3.358119
-4.735677
-0.780919
5.286765
12.001998
1.292758
-3.601131
-2.008379
-4.338038
-6.462060
-15.521985
-9.357569
1.400617
5.206409
-3.616885
-10.828888
-8.993994
6.749671
11.831331
-5.789537
8.959125
-5.784553
9.252748
-2.689293
4.936036
0.126311
-5.193502
-5.195130
9.493669
0.735462
-7.171832
-1.075734
-1.628334
11.541163
1.870128
-2.367534
-9.303112
0.666915
12.327607
14.693921
4.746452
-5.102648
11.068158
3.624032
2.146690
3.461074
-3.605767
6.711917
-2.359847
10.323833
-10.447266
-5.145432
-9.828189
10.082820
3.794980
-4.442025
7.483188
0.740994
-13.808696
-8.727719
-11.844117
13.791606
-8.235418
-10.036464
3.741586
-7.907085
3.949235
9.819248
-15.624788
-15.428598
11.005735
0.868151
-3.145725
-14.510652
-5.989268
-0.281917
-8.689045
-12.867866
6.009767
-10.592220
-12.734318
-2.885555
7.999558
0.218413
0.933845
2.082797
-4.574915
8.162374
0.409665
-15.287242
-10.659204
4.330986
-5.325890
-13.314636
1.596691
9.125197
-11.212355
6.702509
1.763800
-9.513145
-10.436288
-12.870873
-8.175280
22.583300
11.724153
13.758693
-14.435689
-9.329789
3.043440
4.275612
2.545350
-6.916123
-9.303417
2.332804
16.902716
-17.286289
0.246674
-14.762477
9.165812
7.864197
7.136055
15.099770
3.175129
-0.391674
-9.594218
9.504273
0.735827
15.539262
-15.466669
-14.281183
-13.141081
-5.678851
9.102769
-8.411403
-4.347609
1.494865
-2.681973
1.200679
-16.247410
-12.688352
-3.217786
-16.687662
6.010392
15.000314
0.742026
11.961248
10.338964
-0.122963
-5.928591
0.285969
4.917617
3.605349
9.964984
10.923646
-5.790608
-2.013510
-12.767014
-4.585568
-6.681765
-11.470314
8.356408
3.939456
6.495132
-11.349569
-6.947681
3.688251
13.163898
18.592304
-8.572310
9.959304
8.795064
10.705218
-11.650351
-13.005146
-0.353866
11.640300
-14.469063
-5.849220
-9.004287
11.182857
-13.361385
-13.939902
-1.249079
14.757621
-1.608204
11.440633
2.208195
-0.359754
3.823386
-14.178494
-8.310543
-7.135877
3.708817
-7.653341
5.543440
-0.618720
-13.332090
-5.145630
-8.709251
2.039973
-11.154101
5.771868
5.793087
12.814396
-5.713302
9.878613
-10.663764
16.197062
10.016194
-8.467875
-12.051931
-10.034968
-8.941711
5.280889
1.639943
-6.770396
1.001523
-1.813002
7.380080
-2.715831
11.887314
0.622874
-15.363641
-12.502665
-5.038768
4.478073
0.983356
-16.073017
-1.580163
4.726377
-13.196329
-10.787753
2.925879
6.841868
-15.761190
8.958586
-0.917269
-3.628498
-10.577604
6.387184
-1.154676
3.780844
18.731476
10.941969
-6.689380
7.207565
-6.703225
-4.602868
6.567541
1.581036
10.031306
-11.940000
-4.964337
-1.913780
1.792058
14.896505
-3.076976
-4.216830
6.106191
-1.994163
6.116742
2.735732
-1.121113
2.955167
-5.646456
17.145172
5.325748
1.697386
11.973506
11.191349
-0.369896
-14.651937
2.642387
8.869699
-1.888703
0.744098
-0.043292
-11.208938
5.920909
15.988565
-5.945878
4.718051
10.313538
-2.907998
10.582456
5.250734
5.960810
-7.191285
0.063028
-11.149731
-3.691944
9.560730
1.323984
-7.307740
10.324980
-10.749697
-11.082857
3.100303
-5.092937
8.251357
-5.653575
-5.295663
-1.424510
1.332318
6.293708
-12.701790
11.531431
4.440017
10.781063
13.267882
9.535876
1.165953
3.826488
-10.928596
1.271351
10.275747
-3.582017
-1.360515
-2.314723
0.205969
17.410374
5.531538
-12.799657
1.327087
-0.782802
13.830023
3.515183
-0.699883
-4.439948
-15.960009
9.785674
9.419927
-0.991623
17.208387
-7.957515
13.148085
8.793384
-7.670435
-7.255448
8.219353
-9.013078
10.485993
-8.624627
-4.519426
2.448983
-0.104526
-9.366809
-5.651585
7.922914
-3.060698
6.304253
4.115385
16.087515
2.960865
6.294267
13.654951
-3.121946
-12.858493
9.790375
-19.496166
-4.099713
11.366744
-3.645588
-2.591287
-7.796942
4.563542
14.737622
-5.767191
0.147613
-2.972125
10.141006
-8.140849
-10.384883
-8.669737
5.003236
0.694602
-5.193901
-6.744552
9.683980
-1.208390
-10.620439
-5.784502
1.541881
-13.768886
-0.161100
-2.810287
7.927976
-11.211200
-8.990060
6.866505
-8.475451
0.042567
-6.016129
-2.164051
12.565468
6.362967
7.447888
-14.622052
0.515284
-12.595537
-5.899947
1.450820
3.050820
-7.757851
-9.819801
7.469025
10.043482
9.564871
-2.888197
-12.519297
-0.904764
10.676265
1.387695
1.493073
-14.851907
-4.213304
-11.497127
-7.417401
-8.722970
-2.750691
-7.325732
7.311113
-9.080128
-10.613501
15.620980
-9.174195
13.252400
-8.275022
8.374568
9.292768
-11.996131
8.386353
10.916003
-3.101992
-6.504117
-5.450917
2.692757
-5.790682
-4.182086
-1.362121
0.192624
8.586784
-7.788708
1.913254
-3.460597
10.395226
-5.213374
6.598622
4.855442
8.577306
-11.482676
8.634224
-15.073020
4.670531
14.081417
-5.059817
1.537058
-12.754905
1.496192
5.281420
-4.907672
0.586670
-13.018624
-5.121818
14.790624
-3.962177
0.451468
12.610780
7.221954
6.673790
12.615504
-8.486443
-12.597185
4.510646
1.367326
-13.028766
6.263475
-6.459441
6.164224
-1.512144
4.612650
6.976014
10.059045
-6.247447
1.037167
-6.293085
10.510842
-12.644762
10.866299
14.065076
10.599923
6.855870
10.296638
6.182920
14.502893
-12.184955
17.437302
12.333305
15.823286
8.008346
-8.931821
-1.730306
0.199725
-7.734802
12.790393
8.241428
-14.372310
0.886221
-7.181915
-0.037905
-1.403203
-16.909290
-9.643161
-2.089232
8.606790
-7.748821
-6.032518
-6.544746
-6.138968
-2.059647
-7.256969
13.587336
-11.055001
10.909733
3.452324
-6.440538
1.826075
10.983979
6.272276
5.107082
4.464580
6.474935
8.520963
-4.249354
-3.928472
-6.728252
7.774981
-7.277690
-0.007341
-2.758264
-7.377900
-5.483947
-16.333235
6.308107
-9.762678
-4.610755
6.577689
8.849047
-0.148345
5.868398
-7.240469
1.064747
14.124160
7.158676
6.426738
1.198490
8.821827
-0.647983
9.887317
7.531137
10.068278
7.158815
-1.747010
-1.244009
2.600425
10.747548
-8.913346
9.321193
1.673431
-1.803668
6.043722
-14.150558
11.783740
-12.462187
7.533358
5.426676
-6.581669
2.896480
-2.019471
9.263736
2.657239
0.980182
0.291925
-2.421418
0.075703
-1.966119
8.816116
14.311180
6.619183
15.191243
-11.618260
10.399568
-0.505063
-5.550645
11.382258
8.339000
-0.017687
-2.591619
-5.233327
6.444581
-9.717269
3.639243
0.352812
16.786512
-0.419899
-6.807786
-11.420652
-12.809689
-0.456579
-2.219363
8.863140
-2.646949
-5.384494
7.962986
-6.922890
-17.619843
7.719224
-17.840933
-3.366365
-7.925887
7.586054
4.800299
-8.568087
9.137777
-7.543002
-10.893384
-22.098629
-5.507560
-8.866817
-14.134563
14.621509
-11.369556
-5.659842
7.569240
4.735753
-5.383431
-4.787833
-2.102491
8.991081
-2.169984
-5.558457
-6.278615
-0.155569
6.873623
6.648037
7.573930
-5.118219
6.194987
-1.596737
0.789213
0.941181
-10.533475
4.021161
9.364671
-3.576178
-6.016297
-4.572270
1.567189
1.458616
-9.428823
7.141797
-6.282671
4.652473
1.113611
3.425742
8.905968
-5.142021
8.111750
13.253386
11.322925
-10.457831
-6.914133
-0.319709
4.277956
-9.332483
8.857917
-4.885878
-2.412780
0.613669
6.448321
-6.958634
2.810977
10.098097
8.535608
-13.375141
-2.421446
-10.646221
-9.682774
-6.117466
-9.004026
-5.528637
4.980015
-1.995911
-9.973842
-1.370028
8.455588
1.961571
2.620844
-10.060617
-0.329618
-4.047779
-6.880446
10.220350
7.251192
-3.283130
4.686992
-6.878043
-11.118215
-3.894631
5.607234
-14.022709
3.604354
5.192458
10.990788
-7.776417
-13.524523
4.172263
11.430440
10.539514
-9.831975
2.769381
-5.865507
1.328843
-11.283712
4.087558
-8.058977
12.344320
5.095840
2.620128
-8.636158
5.168165
5.481973
2.134632
-5.510072
5.278248
11.405191
3.273035
6.398566
-6.695903
7.456636
2.697670
0.536344
10.860419
1.301754
5.541253
10.693895
7.141257
-3.968339
-5.449944
-6.878102
-14.448804
-0.648735
7.388657
-0.946264
-11.288390
8.838939
-3.926717
-3.621205
8.529440
8.789637
-5.256435
2.607023
-1.910266
5.328056
-0.276094
-6.722991
-7.441677
-1.014340
-9.487473
-2.250292
4.664757
1.119864
-2.516819
5.967943
-5.240299
3.382343
-4.390369
5.670889
8.665142
-5.609310
7.463672
-8.965342
-10.106915
19.338684
4.528942
-5.978810
9.681194
-1.233466
6.004126
8.847701
-10.497293
-10.414986
7.458073
-4.425363
-4.825623
-2.398609
12.508902
2.780880
14.121440
-0.400658
-0.856485
-15.373774
13.156034
-4.252345
-2.892511
6.341711
7.656290
25.243010
-5.156669
-5.870883
12.600638
2.464647
-6.901422
-2.570955
-14.309977
6.607237
10.867562
-7.466070
-1.897425
-9.015025
14.640686
-13.599159
-6.914569
-4.229911
-6.254974
6.789213
9.179847
2.248377
5.047256
-0.150527
-5.998709
7.027963
-12.115260
7.905277
4.612308
2.250356
-11.854897
-8.239339
8.691934
-4.681353
3.916500
11.482971
9.491513
-3.784806
5.392632
4.603958
11.617303
11.449734
6.674461
-2.704312
10.159389
4.173659
-10.610560
-11.053162
1.110402
2.119183
5.425522
-11.461297
-4.702916
-5.597228
-2.682425
-4.075420
-14.354419
-6.167397
-7.242478
-2.945478
-0.992237
19.068808
2.614486
19.569208
-5.912756
26.951313
-2.297715
-1.478660
-19.977669
-13.716239
6.478432
5.029105
14.533700
13.285975
-15.511994
-3.760711
15.135951
8.341008
1.056165
-15.720606
8.232643
-13.004507
-7.403877
-0.798568
7.859277
13.419018
-9.438874
7.424059
-1.451178
-21.782007
-12.213833
0.173909
0.293285
-12.263126
14.805599
2.523344
3.639758
12.532850
3.049743
12.851657
-16.773693
-6.735404
-6.673151
-3.747362
2.754564
-3.686978
-6.516091
10.685481
0.887492
3.162004
6.439889
5.363035
-16.528080
8.145513
-0.957165
4.081653
4.941122
-10.487517
10.937226
17.931881
-7.162323
-11.612011
3.855911
2.499099
-11.197131
-0.777561
-14.072203
-0.808351
10.768190
13.016609
-18.538027
8.876631
2.718753
1.449316
1.730896
-10.792760
-15.687187
-3.140924
-12.147408
11.012293
7.580884
0.449938
-12.787049
-15.078926
9.971045
-2.416968
4.649907
6.090303
2.131176
8.153583
-2.962491
0.670194
-8.316387
-2.977211
-5.440841
3.479944
5.490446
1.064504
3.638857
-1.277586
2.389083
1.161961
-12.213320
3.945342
-0.067808
-6.461036
-9.639597
-7.970587
8.287969
-1.808514
-7.842569
1.624274
6.141285
0.571475
-0.717406
-7.155282
14.271355
3.836980
-1.178474
-1.482113
-4.482339
3.605008
2.857740
-10.638837
-15.128978
5.542559
-4.956738
2.417140
-11.470954
19.498077
-10.635825
-3.766632
9.847691
21.160860
3.078592
-13.651347
-12.356063
-9.573950
-8.969241
-1.460929
18.869654
-15.161784
5.164331
0.881433
-6.638832
2.190865
-10.833280
5.196148
10.609564
-9.782825
2.139333
3.944841
7.791094
-3.756631
5.079440
8.990706
6.351067
-3.843421
1.136294
-9.324297
-4.579899
-13.284161
9.413021
1.310273
6.899598
10.406804
0.515516
-3.471700
0.958031
8.165749
-5.309300
0.589335
3.694374
18.243481
11.183875
-9.304018
1.842902
-11.001256
-11.132282
7.560484
2.807315
-5.797065
7.970649
12.018126
7.626165
3.751291
-1.176626
6.562226
3.932554
-2.956528
11.110453
-8.635903
-1.506735
-11.375754
-11.671414
1.928676
10.412455
0.360345
-1.072832
5.323362
-7.078772
-7.730072
7.211812
-7.382824
-9.240758
-4.155427
-8.169597
14.861430
-6.530692
-2.534315
-16.890005
0.348596
6.508319
-2.081766
-1.229108
-12.372154
-9.055457
-8.462376
1.951037
-14.789223
-0.532476
4.708249
-7.331305
-3.792281
-7.919935
8.314431
-14.946039
-9.690943
-14.473804
-2.212595
-12.891015
-4.637066
2.376867
-0.837734
-10.260139
9.856005
-9.206011
9.509941
2.223436
3.335167
14.560317
-13.214453
-2.257770
0.724379
1.065614
1.708115
3.815646
-6.448383
-8.574991
13.800529
-5.520983
-13.750336
22.404724
5.040390
-7.636908
-2.327707
5.416152
2.174236
-4.395737
25.972628
2.522785
3.382029
-8.745845
-2.668685
14.439644
0.509693
3.555929
-6.144581
6.485268
11.488495
-6.796334
-0.429479
5.858306
5.483692
6.559505
-5.412629
-2.009604
4.627094
-5.461588
0.027214
-7.077045
8.109228
-10.970687
3.163790
7.180977
1.103496
-0.547129
-7.961890
-6.892072
11.200653
2.153620
-1.499367
-1.063771
-2.882747
-13.335809
-11.248779
-12.888321
-13.787175
-4.904267
9.461404
-5.792683
12.863470
-10.388653
3.442282
-8.082192
-13.203793
14.483251
-10.118490
13.990492
2.975445
12.696116
-12.490903
-2.427933
7.064590
0.955448
-2.648341
-10.306443
7.265119
-4.337970
-16.130856
4.239476
6.610754
-6.305604
10.953063
-1.893670
-11.934273
-1.997370
3.848044
6.560638
-3.298817
-10.763336
-3.987870
20.181313
-4.594003
1.554478
-7.679937
-3.531531
-5.318748
-21.823990
-18.462955
-11.069330
-2.214033
1.545156
-2.881283
8.201520
-3.485638
-8.450957
-1.805537
-3.135732
-4.531270
-19.858843
-3.229750
-11.397743
-13.500866
-9.356044
-17.732958
-17.390867
-2.986149
-1.513489
-5.782470
9.142916
5.628097
-2.956923
-10.043834
-2.590192
-0.962573
-10.484320
7.461178
13.550776
-1.663770
4.595407
2.986526
-8.826404
-2.112288
5.342218
-1.757588
1.383216
-0.339950
1.710356
-11.645567
-8.787019
-10.542535
-7.802392
9.386498
3.486228
-4.385238
1.226723
21.709425
3.018431
18.578783
-7.398991
18.324247
-10.601765
-3.125344
-2.824930
4.101534
-2.373577
-6.166091
3.403710
-3.412369
0.880352
0.521417
-15.814687
-3.458828
10.554532
-12.851191
-8.265235
-5.540493
1.888791
-7.275625
-9.236428
9.369285
7.486605
-22.375280
-1.213386
-3.333669
-5.731730
-6.026123
-2.297395
0.342432
1.202292
8.726343
-4.806662
9.886598
0.589976
-6.104731
10.820573
-2.070776
7.101623
-10.997951
15.745092
-9.554603
6.686280
-5.687778
-12.077155
-7.061381
-18.539940
5.523377
-1.704370
-5.001462
3.520670
-4.004430
7.987720
-2.128286
5.635733
5.281534
6.084867
-7.468457
-10.128984
-10.860342
-13.117409
-7.505286
8.373989
-14.979578
-16.320992
0.831793
-6.676111
-0.163374
-0.564583
-4.877476
-13.133597
6.283319
4.309857
4.569643
-12.421514
7.971394
7.714459
5.052079
-14.457100
2.929912
8.959168
-16.783865
-15.835329
11.904078
-6.276341
-13.296852
5.708966
-14.321976
-4.077114
-2.115868
-13.756269
-7.353885
-14.274101
2.411002
-10.921766
-1.599973
0.038301
-6.296256
-1.606639
6.225933
-11.046669
13.250211
1.679557
6.962075
-13.900056
3.946422
-2.499505
-8.605367
11.076759
2.937067
9.061399
7.182738
7.311224
-12.877702
0.287529
13.653001
-8.971953
-3.745570
-12.139778
9.307898
3.317135
-11.342895
-1.717093
2.127064
-0.079964
-2.893906
-1.708761
17.732946
8.181710
-10.137691
2.191392
-0.119972
-2.556910
-5.054327
14.703807
6.002277
8.111665
-5.556568
-12.176929
-8.090084
8.296783
7.536692
5.616678
6.373417
-12.803174
-6.652733
3.637165
-5.507111
3.185630
-7.206666
-9.409924
-1.890600
-5.425838
-3.942811
-2.419046
7.404587
0.442865
-5.928482
3.321194
-3.706021
5.740272
-4.011724
12.388690
9.889584
5.631452
-8.982361
-6.365902
18.275904
-12.078868
0.680555
3.643079
4.064905
10.304233
4.328900
-9.337313
6.448851
-9.468081
-5.473845
6.221231
1.876748
5.847511
-8.888724
14.202026
2.195318
-8.478426
10.250300
12.080213
0.405000
6.123289
-0.816178
2.807795
10.826908
-12.047048
5.902824
-5.259321
1.218039
-6.292993
-2.003928
5.226096
-0.783683
1.113887
2.211068
-6.478315
6.378275
7.457130
-11.180983
-13.410418
4.586404
4.173540
-1.636916
2.336143
-2.297923
-7.419969
1.619134
1.075562
6.988498
6.452619
-8.445235
-4.159431
8.691264
2.301771
-10.091630
-10.509475
-2.700546
-5.067492
5.375306
-4.326183
2.935705
-5.746777
4.214377
2.194816
-3.725889
0.394710
-4.862631
-5.933639
-8.327622
-4.545791
-3.816786
1.098320
-2.474925
-13.251585
15.625517
-6.828170
-4.340224
3.393156
-1.388554
15.585816
-10.516728
-0.121205
1.323358
-2.987948
1.309797
-4.966065
-11.912418
13.066703
-2.527008
-1.114062
-13.114255
4.956197
-5.647593
-8.781262
-1.086256
2.109491
15.241682
-15.316895
7.205515
5.562086
17.595806
7.683861
-12.359565
0.121170
5.962657
-16.418858
14.269558
-7.978811
15.181387
6.785663
4.389112
-4.788615
-0.091122
12.157759
-6.308054
7.562587
0.467375
-8.727916
6.461873
-2.630356
-3.724616
-3.369847
-0.942237
-8.032771
-11.407835
4.208655
-2.452243
5.243393
7.957587
-14.701057
-8.702536
-2.448080
12.410879
8.186251
-8.079086
-6.175191
8.065666
-3.353085
-5.730651
-8.709930
3.886425
6.149444
6.687253
3.855680
-7.741246
-5.333251
0.758608
-4.963554
14.512674
-5.071213
-3.931933
-7.263577
11.850870
-18.334770
-12.862476
8.588946
-6.925470
-17.284243
4.953258
6.203861
-2.575555
9.112342
-12.445443
-5.277585
8.387413
-1.325129
7.192576
7.129281
-4.549439
-2.136697
-3.428451
-4.453369
-6.430585
14.127130
3.270043
12.144955
-1.783938
4.138552
-4.336427
-3.101346
-16.949100
11.757164
2.921375
-19.639185
-6.302100
8.052739
15.830571
-8.790544
-8.315636
-5.780537
-16.037495
0.650894
2.300296
-1.684538
11.585563
-6.933841
2.997345
-3.379040
1.682497
-11.144551
8.629626
0.225183
4.041269
-3.792330
4.313538
-5.841158
-1.360112
13.463502
-1.588351
-14.220739
-2.401194
2.529044
15.391047
2.064622
-7.239305
-0.373010
2.514406
12.673097
7.119744
-1.136162
-6.701701
4.530786
3.472366
9.139834
4.171573
11.384367
0.257291
1.516333
8.696073
10.759492
6.606976
-0.028216
13.691868
-2.817181
-17.367533
7.838908
-7.731014
5.794104
3.435851
-2.375751
-12.658287
-7.955927
4.041998
-3.710948
-7.032121
0.348320
-2.700005
-3.854649
6.847475
7.176990
0.564149
-9.821426
14.372116
8.571095
-2.347031
-3.771032
3.168840
-4.287656
8.552150
11.441510
-4.844490
-0.120228
-4.411555
13.274043
-18.415642
1.954139
0.666824
9.844574
0.724806
-7.145649
8.907111
1.860970
9.688715
0.191069
8.640932
7.847999
-10.591784
7.194888
9.189378
10.372377
10.272423
2.545626
-1.090365
7.119086
-0.541132
-3.351774
-9.639791
7.369009
-2.225169
6.239034
7.392016
5.498754
5.439053
-9.585535
0.830566
4.143135
6.554608
10.846951
-6.335737
-1.898852
4.948716
-8.695417
7.577089
1.012812
7.022908
-10.528698
-0.643243
3.756686
7.433431
-10.978529
8.935114
-0.082645
-6.320519
-10.001317
6.802748
-7.529369
-13.845196
6.540614
-10.967188
-5.140685
2.095326
5.068319
-2.980826
21.251867
-7.633651
1.416006
-1.240050
10.616814
8.850890
-8.778419
0.992341
7.620847
-5.365491
-1.089338
3.639410
7.079255
-8.715839
0.546509
-0.882777
-10.220979
17.571409
4.057228
19.806637
1.501543
-2.966309
-5.959664
2.651260
-1.314947
-9.407363
-0.934256
-6.850960
-6.561011
17.079531
9.166371
-4.400124
-0.952066
2.476058
-10.298078
-5.463928
-10.461575
-4.420832
-1.785069
-7.204742
5.920416
8.493928
3.237104
11.121344
-8.406648
-20.494215
-5.579838
1.388847
-6.138533
5.912903
8.017188
-8.665315
10.415309
2.218982
-6.926151
-7.586775
-11.687536
3.149510
7.083612
-14.594970
2.089684
-12.623515
16.535860
-3.291305
-3.647597
-4.523566
8.137383
5.589152
-14.164815
-12.338881
5.883417
-6.191438
0.691489
-2.542367
5.298509
12.411659
11.931757
-8.493385
5.530554
-11.290073
-10.068526
-0.163863
2.440238
-3.919108
0.096349
-4.959769
2.559673
11.704938
-2.640404
-4.552269
-0.145504
-12.597617
7.133967
4.436948
-12.398322
3.659253
-13.209069
2.077473
-6.884877
-3.766596
-1.369379
-7.410758
1.118819
3.134670
7.462069
-5.010334
-5.826934
-16.928705
10.504780
0.122910
9.785713
-2.359836
6.324630
-14.358419
-11.861250
11.025714
4.644455
10.521960
-1.641314
-9.507988
6.365171
3.700071
7.359360
17.193609
-3.227561
15.151186
-7.315271
0.437048
-12.700597
8.099762
-1.409027
-5.042414
4.306334
-0.935111
3.152061
8.906837
10.548413
-16.946014
-1.728396
-2.553212
-14.683978
-12.323726
7.693640
5.633243
-3.237175
1.155784
6.544331
-2.750336
5.674155
14.983150
-7.722807
-10.751523
9.123896
0.566231
11.631807
-1.236025
13.707239
-11.012692
-6.785885
1.542122
-6.775466
-8.487137
3.489130
-10.916123
0.997893
5.894538
-3.188224
-12.681487
13.044266
7.758502
-12.610549
-7.245338
1.304474
16.553108
-5.983245
9.290497
7.781886
-6.233579
1.409863
-7.290815
-3.723561
-1.988915
-9.930417
12.505280
1.355405
-0.704062
-13.384267
0.561240
-8.904477
-10.980108
10.564707
12.028199
-3.897284
10.008838
10.479384
-12.024221
1.279444
-7.167453
1.400522
2.759614
-8.406040
14.829971
5.835767
0.084027
5.753235
-5.111597
-14.333962
-5.713000
8.192735
8.324097
5.807222
1.126808
-7.660606
5.166826
-6.671646
1.868278
-11.469291
2.575372
11.043141
8.386191
-1.042140
10.308762
-8.628903
3.738380
-9.061330
-3.741991
-5.527641
4.663635
-6.725924
10.140080
-7.610045
-11.454854
6.023750
13.901340
-7.987567
-2.561316
-0.101514
10.406002
-11.532931
12.787617
1.542530
6.628891
9.532046
-5.307781
7.919481
1.103880
-7.038603
-9.660287
-3.162149
6.615283
8.837921
-7.277403
-0.592352
0.412867
12.746428
6.711026
10.985270
4.666430
-5.508953
-7.559396
-11.992302
7.712635
-8.478541
-5.612582
-1.721202
9.121878
-4.232896
-9.372931
11.205011
-11.683457
-1.767690
5.019579
-10.398749
12.627029
-3.243525
-10.980586
10.273311
18.040064
-4.757555
5.727198
-5.398242
1.670931
-3.594054
-10.205413
15.395649
7.476988
-1.783428
-7.548972
-3.409227
2.600717
-6.541153
3.703711
-10.148431
10.611791
-0.135979
-0.415556
10.074629
-8.217653
8.030973
1.357921
1.074376
-14.642824
-10.299000
-7.816973
-7.312384
-0.649274
10.561938
-7.239372
11.158938
0.241129
2.487220
-6.181289
10.072256
-7.345855
6.162887
5.229298
6.298481
-0.261578
7.956918
0.294714
1.310255
0.073749
-9.644424
-0.378715
7.722057
-0.588363
8.497132
12.807151
-8.159354
8.007960
4.644339
-5.216854
27.464346
-2.378038
0.634633
16.535599
-9.529019
3.055961
-9.941185
3.738908
12.753431
-15.029884
5.622959
9.904429
-1.889096
12.166569
11.521718
4.041659
-17.261240
14.485138
-13.960208
-3.507763
5.427955
-6.164607
5.207487
-8.449110
1.794864
1.730303
12.474731
-1.403160
-4.728208
-8.614450
-7.766674
-5.338376
-6.410359
-5.662919
-0.517260
8.555855
-5.459001
-2.852989
-16.991390
-3.956631
-1.927419
8.536736
-4.325153
-15.471515
6.679367
12.559275
-8.942735
-8.743992
-5.624419
-10.080385
8.952815
5.049603
10.460690
-5.741965
1.199891
1.486875
2.683826
-2.622470
-12.043844
3.907399
-5.196384
-10.545871
3.641793
-2.816541
-7.883629
-7.881761
8.052251
2.213927
-6.871941
-18.046757
4.451976
13.266006
-15.423627
-0.871934
-5.101737
9.542850
-1.962301
0.812653
5.517017
-1.728492
14.371584
-1.372885
15.696941
-2.571734
-6.707965
13.817331
-7.283117
-7.353060
3.037747
-12.350858
5.243834
7.001421
-7.402960
-4.153791
10.095485
4.580466
7.194345
14.585075
0.099389
-0.935310
6.501362
-3.131070
-13.611711
-6.737425
9.818557
5.015715
1.758868
-5.546305
8.847270
-7.658288
4.843717
6.188440
-0.241196
-8.509024
1.473290
3.419855
6.648510
0.566302
-4.208452
-13.549306
10.899960
15.509147
-3.603167
-13.885795
-2.382614
-7.917996
-11.017863
-8.051472
16.539295
7.120419
-1.565048
-12.430696
-5.125943
8.094359
-5.363977
-10.400970
5.508932
-3.597494
-14.813436
2.624399
-5.791764
-3.571891
-8.911441
1.598790
-5.970736
-4.261330
-10.880842
-7.156227
0.678560
-0.064811
-9.503205
9.948524
-2.544965
4.475746
4.167654
-6.184395
-1.345844
-5.361333
-1.631118
2.684779
2.159084
-2.617069
-3.107475
10.864103
5.908241
-6.824593
17.105972
13.910251
-8.135164
1.954461
1.535654
-0.825827
-7.538845
10.121619
-0.916257
0.166758
-9.508577
5.852618
3.085354
-9.099289
-4.344752
3.199414
-4.842523
9.403685
-7.976455
-7.186524
-8.895261
1.350652
5.970715
7.113504
-0.037179
10.292531
-11.597596
-5.921568
3.496594
3.239374
2.798025
-11.460217
12.827724
-9.745452
-19.798553
9.810571
-26.263273
12.583797
12.774179
4.124716
-5.759536
-8.384618
11.031698
4.459986
-4.854933
6.845509
-0.855252
12.748624
1.597355
-4.860821
3.745678
7.346713
5.246148
5.833990
-2.604450
6.745644
-0.964229
3.598796
-0.932477
-7.220271
9.960745
5.259271
2.031279
6.728345
-3.783528
-1.954771
-9.719831
6.031558
0.008099
7.841938
-16.960152
-11.178594
3.670913
-13.630569
-1.591030
2.467702
7.795492
-3.035901
4.512581
-10.076209
10.407429
2.316716
-14.776513
-10.197428
-5.489400
-0.068546
-0.257488
-6.299693
0.082665
-7.279861
20.433594
-7.633299
0.845069
-11.923095
-2.741482
1.810206
8.243051
4.263155
6.400608
-3.571097
-21.526503
-0.209522
-1.757083
-5.025409
-10.993075
-3.843345
-14.204750
0.312812
2.186846
3.046099
-1.354984
11.104454
-11.117281
3.316042
0.684966
-5.982025
1.344595
-3.427861
12.053354
-0.099546
3.365911
-1.689181
6.078638
8.009243
-0.424742
14.622710
2.954485
-13.396037
5.654557
7.632005
-6.390005
-6.987083
0.560643
-6.740701
2.722554
-3.298983
-5.201835
5.435919
1.221594
-6.202655
0.546839
7.313375
-2.314380
-17.158642
2.607549
-6.990699
17.522408
2.884189
3.291809
2.439683
-0.471687
-0.922564
-3.004496
-1.911337
1.055188
0.007139
-12.427394
-6.792205
1.628915
-17.653898
-0.307910
-3.734670
-9.112804
4.778067
-6.696445
4.117185
3.423507
-1.977703
-8.153047
6.080084
-14.683807
14.146581
-15.304855
-14.225234
1.994651
-14.187119
6.067885
9.136175
-1.343762
11.072390
-7.763955
-3.247161
18.780024
4.061797
3.525738
0.524775
3.549771
-3.135409
-1.007041
9.405128
0.404499
4.427303
-10.273677
-6.528338
-5.625199
7.112370
-4.941324
-0.762409
7.452946
12.309236
-14.793597
-12.756603
6.242083
-11.247613
13.136400
9.639769
1.322495
7.322344
-9.681259
2.329749
12.098015
-2.837440
-4.901715
10.506128
5.021868
12.078314
-13.067736
11.836438
-14.222756
1.261995
1.099747
5.217650
-1.898163
-5.714895
5.327576
5.002771
0.046937
-9.759243
15.352699
2.336964
10.339277
-7.041448
5.561902
7.560870
-5.358341
-10.908255
-0.422021
-5.150138
-8.690624
-8.713227
10.642848
-5.346868
4.097002
3.979617
-0.676823
0.220694
13.172709
7.352907
-1.791085
-10.744061
10.817638
-4.295110
13.413795
-18.222183
-0.038660
-3.064165
2.356357
-3.257874
-4.248849
-2.534811
-1.260687
-5.296617
-3.669328
-5.831752
-0.001310
7.478188
-13.036880
-1.276451
-14.117306
-0.781766
2.892968
-1.216558
-9.596953
-7.659421
13.759790
10.367350
-5.091681
-0.528025
-14.299325
16.401632
-0.155868
10.811805
-6.747063
13.857334
-6.449394
6.090247
-7.641444
-0.600222
8.579021
12.083671
-4.369063
3.080303
-8.889108
-1.463746
-11.368267
-1.656646
-5.566731
-9.844762
0.712685
15.341162
-5.270942
-5.272459
-6.608206
11.249291
11.951704
7.984540
2.978588
-7.609842
-1.699108
0.091637
16.818638
-12.855205
2.795620
3.206522
-3.421510
0.109074
-2.965768
-8.348856
-4.948432
-0.229875
2.370290
-4.649152
4.156674
10.378927
7.601034
8.524735
10.722383
12.037862
-5.892220
-4.994144
3.603497
11.677546
7.213336
12.795089
7.820399
-3.460949
-0.941333
7.994007
-15.501882
1.604278
-9.133349
1.000600
-2.153028
-1.459842
-10.834924
2.273564
18.064138
3.223392
17.885386
4.073618
10.275668
6.687505
10.853491
-13.794191
-8.153521
22.261309
-4.099630
-8.067905
2.215055
-8.501306
-3.520708
4.221821
-5.097941
-3.289078
8.898402
-3.105466
5.158823
2.955698
8.313159
-5.668653
10.496861
6.476316
2.423598
3.344791
5.220012
-9.381271
-7.467208
-6.297668
6.741075
-12.051279
-7.583407
-2.583203
4.551722
8.007570
-7.712778
-5.916763
-3.509300
-0.168330
1.112614
-8.286429
0.513020
-7.723428
-5.124548
6.406789
9.866326
-8.956447
6.287009
-5.724489
5.018157
14.915792
-13.521963
6.891706
9.368321
-8.492179
5.944674
7.038149
-14.116308
6.736723
-11.211816
-0.671650
12.820291
-2.749114
-10.209825
7.853172
3.495865
2.882778
-2.822722
8.650887
-10.473139
-16.492300
-7.814139
5.105282
-1.332060
-3.124568
2.747468
8.594810
4.167240
4.061653
4.796535
0.708470
5.661801
7.548959
9.406985
-9.103090
3.399455
0.497324
4.889441
8.917240
-0.976041
12.210276
-3.997000
8.102592
-1.086473
-11.932824
-3.318938
3.188118
-11.159155
-4.078125
10.096179
6.008276
1.751096
4.156160
0.488242
-0.497337
10.467828
-14.948179
-9.865969
6.771120
-3.725437
16.456053
15.971549
-2.088418
2.814527
6.033779
-14.525219
2.038825
6.439043
12.152632
3.726675
-12.148767
-12.230300
-10.704823
9.817094
0.307385
1.494460
-7.394949
-5.815286
-3.863547
5.382833
6.953337
-4.513964
4.129383
2.399770
11.879554
-1.342359
2.247333
-6.557792
9.531735
3.870457
9.115199
-11.214628
11.913205
-13.704745
2.660812
-13.652293
-14.661952
9.105683
1.399254
1.034218
-4.165149
-2.865990
-15.936164
-5.278949
0.787003
-14.287606
0.585422
6.887375
2.320487
-13.871800
3.084907
-15.999385
1.886093
19.911356
-7.737567
2.159743
2.100788
0.098432
23.351879
5.688147
4.655838
-8.727504
10.944983
1.035309
-3.201153
3.809611
-11.042834
-3.303328
-9.451196
1.527053
7.737120
-9.749394
11.045722
15.336683
-12.318706
-1.117305
14.412157
-1.842782
9.462584
11.204927
2.086181
2.179854
1.803099
4.088318
12.966866
7.034799
18.834028
17.495508
11.785868
9.843449
-6.859592
-7.376903
-1.906208
-5.578331
-4.324499
6.762161
-3.916795
11.282512
-4.591762
-0.478867
-2.108875
-1.042897
4.695521
7.960179
9.351933
-5.878374
-9.772056
6.794774
-9.875663
7.128168
3.026266
-5.340122
11.940804
-3.469989
5.325470
0.960310
1.039649
-2.203493
0.891283
-5.645117
3.816075
-0.342105
9.197406
-6.374756
7.704104
1.805934
7.048846
-3.632351
-5.086780
19.719046
3.073857
7.964086
9.330205
-1.219173
-5.448915
17.269444
15.733506
-0.063033
-4.438147
9.270974
-2.469762
18.042023
4.601645
16.302675
9.876675
3.143538
-8.186406
3.158840
2.467966
3.991232
-11.653791
5.207608
-7.886188
1.777605
9.957033
4.267984
1.405694
13.644614
4.780350
-1.676275
-10.107392
-5.393496
-5.937364
5.549946
0.187811
12.975954
9.230547
-6.542449
-0.375052
-4.223273
-7.966569
-12.178457
-18.749359
0.660463
-14.832541
-8.321010
-6.512033
8.924639
-0.551462
-7.985915
-2.403645
1.778928
6.545687
-7.140125
0.699403
-5.491526
-4.736327
-2.868722
-5.216050
-8.527475
-5.013978
2.762107
-4.299203
-6.395343
-2.208810
-9.567282
11.577447
-9.640069
2.864672
-0.256424
-4.863883
-0.803323
10.784268
9.669868
5.978096
-5.624346
-8.083476
8.115697
3.890675
-9.868824
-8.800266
-10.409520
-3.974818
-9.875431
7.202734
-2.049822
-28.096767
8.246139
-0.568037
6.498035
1.304649
3.148463
3.851530
3.791970
4.697730
12.102013
-2.653977
-12.370489
-2.152854
6.499780
-1.358959
17.841465
-3.343751
0.559600
-5.326034
12.249270
3.803032
4.185792
3.031978
3.292335
-21.046995
-2.754425
7.594552
6.064726
9.340297
4.311409
-0.564729
-6.178180
-0.691008
-1.584767
-8.474138
-12.553235
-10.768714
-3.024021
-4.587435
10.379163
12.532761
5.357999
-17.238386
6.520906
-3.755524
-5.002848
-3.734020
7.099742
-10.135313
-6.079787
1.024182
-2.432289
-15.784975
7.206724
5.188107
-14.626187
2.126265
-8.399240
2.960443
-12.304725
2.486061
-2.303380
-4.684837
10.335382
-9.834650
-11.003683
-7.003373
2.168982
3.088825
-13.749601
5.579432
6.103580
-5.635777
-6.697114
7.809810
6.490836
4.624327
-14.462060
-5.189045
8.795037
2.393547
5.387187
-0.807789
-8.043583
-13.458492
1.496597
0.778995
3.014059
-0.638095
-11.539705
4.065894
-10.972258
-4.227041
12.406377
9.378463
-0.190928
-7.590082
-2.533430
-1.111813
7.554144
-11.579989
-11.562974
-2.946849
-0.667888
-13.208839
1.145936
7.816193
6.478619
-14.557169
1.700755
0.617173
-8.893357
-3.005046
-0.959788
8.399803
10.209570
1.592506
-8.310988
-13.706197
-0.760294
-11.224365
5.227995
6.708237
-7.247453
17.695156
-0.090333
3.205049
-15.667017
-12.091633
-14.463881
3.428685
10.969156
2.280613
7.731865
1.092288
5.912237
3.070378
-16.760471
13.681039
-9.911077
3.088208
-0.830702
2.785418
-4.498826
-12.456994
-9.248084
-6.726720
4.170132
6.619728
2.417468
0.985720
2.842248
-9.981971
5.827421
-4.028458
-10.746799
5.409695
6.247429
1.665004
6.339849
6.007859
-4.989120
0.882002
8.358166
-2.715617
5.692011
-0.247067
3.506047
13.040430
11.093904
-7.334975
9.618382
8.202265
-4.597748
4.998362
-13.983516
0.396059
4.319955
2.235472
-3.857074
13.066455
-16.038124
-0.712659
1.785027
2.317944
8.617182
-4.698484
-0.336583
12.746066
-12.392604
4.862123
-1.765689
-0.349126
-18.562088
-6.033453
2.952662
14.461349
-5.293986
3.051448
5.240638
-5.968747
-2.251762
12.507830
8.069076
-1.408234
-13.221446
-13.250472
-3.830665
1.592140
10.214327
-11.409352
7.059913
-15.538432
-2.995941
-4.799274
-6.236699
-4.301786
-12.941662
-8.984241
-2.812559
2.930642
-16.058430
1.561906
-16.493330
-9.497056
6.212195
-2.492241
6.718173
-1.346115
1.221167
9.746237
-6.071268
-8.347945
3.516064
2.559914
-1.772504
-0.994396
-10.390963
-4.112307
7.361473
-10.545797
5.674805
11.425405
1.106566
2.444811
-6.065832
6.665526
0.218113
-13.676283
1.951376
2.881289
-11.669846
15.281365
2.302409
8.701963
-16.395943
11.167860
12.414835
-11.683490
-0.871772
11.549162
-9.857113
6.920628
10.515601
-0.684260
-13.624260
-3.893355
9.103148
13.696539
-17.071037
0.191660
14.843276
-13.957181
-6.519119
-1.394873
-8.199637
3.516678
-13.642548
1.801094
-4.535192
-21.443411
1.436177
6.202823
-0.494914
7.352196
-11.751147
-4.873499
0.853215
-8.300432
-8.506041
-3.905308
4.880838
-0.411579
12.237827
-6.844063
-5.265331
1.375145
-14.621846
-13.526585
-4.995773
-10.171870
19.068346
1.311432
6.151423
1.824637
3.543671
0.633345
3.974155
-4.210673
9.239994
4.101249
-33.951565
2.651472
-3.365423
-5.094568
-1.650630
1.850407
-6.768422
-3.179031
0.595438
10.004381
-5.188857
9.533944
-7.197398
-3.009448
-8.340458
9.702731
4.887639
10.252932
4.714605
2.967066
3.560369
-9.237146
2.069473
-12.656260
-14.746407
-0.569973
-6.431609
-5.836792
-3.405959
-2.348425
-11.052580
-3.893147
-3.698156
-12.155454
-18.412369
-7.658460
-2.939652
-2.249043
13.479449
-13.620208
-5.034103
4.016109
5.344519
-8.242724
7.015926
-13.835968
-6.430873
-5.392258
-3.157014
-5.764220
1.071815
11.590741
-10.495028
-3.716195
-6.725551
2.212842
-8.643315
-7.790024
-6.529745
12.608106
14.098927
-18.718552
-6.584357
4.298495
-5.148803
-0.338862
7.304695
-4.510271
-5.591849
9.737352
-2.201982
16.115213
-2.161307
21.752195
-12.599249
-5.769029
-6.524030
-0.359197
4.934114
6.567502
-3.171436
9.620731
0.178588
11.463399
-7.085783
8.256610
7.470627
3.863299
-9.849927
-7.755533
4.828132
5.380022
9.062275
8.707243
1.648950
3.298369
-0.613294
-16.694155
-4.977446
6.420243
1.735764
5.255808
10.593356
-7.214852
-8.748284
3.392104
3.977125
-6.586609
5.259723
6.315927
4.678585
3.985638
0.702886
-9.406180
-3.491167
-1.972470
-0.756440
0.847308
10.382954
-10.738603
13.986164
9.674648
6.171458
4.130032
0.075953
-0.008523
-10.295125
-1.072504
6.831058
-5.202955
-17.949026
-11.980814
-1.292447
2.151264
-4.481951
-3.140623
3.716205
-19.297951
9.684744
-11.271297
-11.249972
-2.907942
-16.000019
7.047587
3.199903
-8.382289
-2.682986
2.680425
14.276110
-7.194011
1.318502
3.632678
16.245188
-8.426894
5.993205
-1.394648
-7.015982
-5.338010
-6.842878
0.656958
9.924072
6.264095
-5.900479
12.261404
3.722616
-0.107018
0.092547
4.723496
-10.690085
6.263083
4.625164
-16.489489
0.937300
-3.613499
13.333385
-12.136496
0.901608
-8.305016
12.175846
8.868054
-3.987526
-13.700623
1.847259
-11.877302
8.645519
6.801579
-7.715901
-14.728073
-17.583109
-3.286997
-8.093302
-8.925971
3.655388
-6.823792
9.125792
-8.139021
3.237052
18.277851
-14.204726
-14.270631
-14.398897
-5.485212
-0.554148
4.793271
11.345860
4.831753
-2.022286
5.781672
0.556711
-11.903562
-11.468478
-10.308183
-13.133688
-1.265705
10.184452
4.938943
1.661981
-0.506837
-6.617989
5.842124
-5.498185
10.490314
-12.256872
7.056811
4.312051
-20.308363
-6.738419
6.109009
-1.140178
-3.307550
-6.171951
-5.627717
-5.826396
2.639135
4.863959
0.642441
7.270996
-2.977084
13.031883
-6.073077
-4.365606
14.445672
-12.955632
9.325479
7.883951
-10.822927
2.181508
-9.106475
-12.446466
2.804907
0.509964
12.281711
6.823931
1.412812
-8.601839
7.071861
17.594519
3.676647
-2.757769
-4.756135
-9.032199
-9.493600
3.427826
8.158643
11.126133
1.845715
-6.231122
3.732492
9.116877
-10.723717
-10.658483
6.963561
9.158587
-10.139824
-12.117810
8.447990
0.881742
-9.396659
-1.168645
10.660622
-16.625954
-5.967860
-1.948887
7.933334
-2.525771
-4.243656
1.143655
-4.264476
10.287543
5.365326
-12.650743
-8.967637
-11.100091
-1.741360
-1.415284
-2.848577
-0.691537
8.271312
-4.975531
-3.305500
4.511608
-8.726589
-15.006432
6.844615
-1.199409
-7.224049
4.069604
0.927948
-8.875871
-11.193075
1.525955
3.796486
-9.903201
-7.506568
-5.876702
-2.741619
-0.391030
-5.827059
-12.507909
0.633106
-11.060646
-4.541037
0.082503
7.209023
-10.610434
12.643009
-9.816747
5.820640
6.353490
21.969818
-4.705368
2.404898
-15.153968
3.801584
-5.228654
-2.086156
-12.359495
15.473648
-19.993425
7.856437
-9.671232
12.327502
13.174741
-12.189645
5.486476
-11.481342
-1.287962
-0.515868
-10.420690
10.661802
-12.854466
3.438754
9.984011
15.623379
3.671967
-9.657598
-5.389747
-8.674248
12.138412
-4.561949
-0.416765
-1.285785
3.333107
1.219003
-2.917308
-4.649818
-9.724870
-0.236379
2.750245
19.109297
-14.122580
-10.850664
13.362084
-2.255169
-13.242927
4.968360
-0.270973
-3.189315
10.669312
5.570588
-7.065981
-4.452401
-11.228701
-8.992786
-18.229256
6.253446
-6.349271
-13.959802
3.451560
7.102235
-13.734753
0.596792
-0.900262
16.007328
-11.861887
8.245160
1.106627
0.857014
-9.965804
0.488476
-12.097928
-3.877525
-7.565369
4.053424
11.669250
2.859164
1.406671
-16.814379
1.995223
-5.774152
8.649879
-3.323348
7.320404
2.023225
3.402970
-16.366613
2.232126
-7.660496
2.729259
2.213457
-5.813567
-3.602754
14.732827
4.656769
-4.196834
7.149697
-2.556471
-6.440079
-7.633669
0.394481
6.469708
11.810040
-6.147586
-1.722190
-3.774503
-10.023411
2.349780
0.209059
-5.983791
0.577818
10.749183
5.305187
-8.421217
11.060770
12.253022
18.709991
-9.559926
-2.402776
14.907073
1.802973
-11.075068
1.539103
-24.330856
3.337461
5.261938
15.043590
-21.230003
27.584606
-9.458203
7.426953
-9.597374
-3.179458
-5.552711
4.362890
15.165621
18.984884
-12.214324
0.788295
-4.142268
9.824258
-11.477548
-9.897753
-8.374853
0.214463
3.908068
3.743717
0.092395
13.394357
-17.953991
0.544997
4.821957
6.308653
-8.310228
7.011811
-0.607765
-0.054773
-5.349967
-6.101802
-0.459738
4.858984
-10.216119
2.754736
-24.163857
-20.824858
-8.832771
3.779407
9.113116
13.189548
-12.116344
2.998599
3.641464
-3.958010
13.414613
0.830860
-5.402982
-4.305499
-2.307602
3.064649
-10.209412
-5.577909
2.893680
5.724846
-14.523533
0.347816
-8.703062
-1.204518
8.418218
0.265325
-5.398161
13.448249
-2.241163
-7.039177
-20.324404
-12.219315
-2.872772
-2.889180
-20.432045
-4.925738
9.840244
8.049377
9.649411
-6.269729
6.172582
7.693536
-12.251197
11.547996
-2.571734
3.137957
4.422129
-12.597959
3.420862
13.613619
11.026145
-3.839351
-8.205440
-1.981563
-1.852340
-2.658953
-10.802668
6.667940
21.310646
-15.441214
-11.066234
-3.013145
2.838770
6.971197
-10.958859
0.542996
5.461367
-7.745513
-0.510457
8.651883
2.788801
-2.978890
-10.709153
-12.639947
1.059173
2.256803
4.400700
-5.403308
-6.039652
2.244799
14.788530
-0.307277
-3.947449
-1.391106
0.171665
6.026931
-7.465531
5.200360
4.828384
-11.979491
4.958425
10.394027
-10.629831
12.287447
1.769537
-10.895097
-1.212442
6.187192
5.112747
-3.592111
7.376281
10.120254
4.672939
-3.512066
-2.818330
-11.770187
9.744038
2.357004
-0.791992
-9.069942
9.136991
-7.335420
4.062314
1.082528
-2.205632
-4.168772
7.814125
-13.420651
-3.919521
-6.116246
-2.638908
-8.701941
-9.300877
3.836709
7.616746
1.616070
-6.610593
0.720684
3.051399
13.245522
-1.855780
-14.638210
2.030991
10.108124
-4.068118
7.801910
7.127246
-0.995613
5.207503
-2.331831
12.504625
3.819087
6.204096
5.993018
9.311853
14.358761
8.597680
2.280338
-9.557484
6.388033
-7.489177
-5.053876
8.817150
-7.097467
-9.181486
9.547895
3.953539
-4.289382
-3.540184
-4.542735
-8.133663
-2.552279
-5.336708
-7.351871
-8.179039
1.483773
-3.269497
-7.209955
2.320498
9.974401
7.100035
-9.525383
-5.300653
-6.126492
-0.487487
7.154590
6.167608
7.004131
4.903596
-11.121119
4.516091
-10.224435
-13.960990
11.778637
-8.662990
2.237669
-5.045443
-4.460472
10.828890
5.730523
4.717982
5.433198
2.530586
-1.860722
-3.290802
6.737285
4.692629
2.192972
-6.578396
-3.714030
5.161056
-10.420216
8.617794
-10.445167
14.501047
6.783665
4.338083
-14.823926
5.813818
1.807766
7.006306
1.413745
-3.826566
-4.386114
4.283187
-1.994819
-1.167532
2.308013
-7.354204
-3.219403
-10.407756
-20.580101
21.912756
12.777365
-5.753428
3.873986
4.958906
-6.672834
-6.985899
16.293516
11.107856
-6.480938
-12.806228
-0.534653
-12.223352
0.411323
5.698492
-1.347837
7.664024
10.348239
-4.672244
13.055699
13.833664
-4.542758
-9.690999
-1.403137
-3.101819
7.031878
-6.448478
1.183089
-5.186976
-5.130419
-6.689572
0.117899
-7.613469
4.337087
10.179422
3.825368
1.698971
-11.164539
-7.890930
8.896336
-1.446273
-6.519392
4.256214
-0.351738
3.987142
-0.186307
0.219583
-9.192383
-10.447286
-4.565451
4.947284
-4.163908
-2.026559
-7.215088
-10.126369
7.809997
4.427162
15.500930
8.625435
-13.613313
10.082387
4.364202
-1.310581
18.013988
-5.214707
-3.335855
14.028424
-7.696260
3.545333
-4.146272
8.496890
-5.776183
1.756610
11.515354
7.930053
-1.680291
25.900015
1.520417
-13.887727
-2.688093
3.916373
10.188507
-13.443258
-8.557055
-0.416812
12.199832
3.505805
-0.651935
-6.327451
-2.769487
9.024954
-0.850254
2.025308
-15.302295
10.094123
-7.045870
-12.029560
-3.752021
-4.697436
-9.513208
-9.326362
3.830496
20.244226
7.597682
-6.818695
-4.033360
26.094204
12.484395
4.130200
-6.319618
13.233879
3.166241
2.433380
-0.446889
-8.398118
15.430117
-7.732367
-2.424712
-6.600804
-6.221668
-12.448432
-5.377465
-15.026876
14.642991
-10.066942
9.450717
5.787983
21.704330
14.730391
10.030535
-17.815048
-3.493733
3.693533
-2.776391
15.550277
0.469454
-3.860951
-4.753757
11.013979
-6.801790
-4.674017
-1.494607
8.754556
-7.128444
2.463916
17.893696
19.280365
19.022816
-4.891714
1.535696
-6.942900
6.748861
-1.496064
7.164962
-0.882226
-1.140489
10.039880
-9.005982
-1.846287
6.900644
-14.715337
-5.989397
0.153031
-5.576855
9.443499
-9.876927
12.520518
0.567965
-15.974925
-11.583454
-3.269433
-11.756779
-7.569116
-12.729074
-21.108398
-17.416265
-3.612706
-4.845803
6.859786
0.825838
-8.761351
9.996793
30.159025
1.463230
-6.973891
-11.519322
-12.581959
6.433043
-1.053830
2.085537
11.919572
6.653033
7.296247
11.569671
-4.871880
11.310234
-2.170958
3.800209
-12.704144
4.819370
-8.240183
-6.007573
11.569664
4.079290
13.259984
-5.290955
-6.502361
0.411774
5.437840
-9.274121
4.635211
-3.586961
-1.791256
-16.059666
8.628381
4.017312
3.606959
-10.252439
4.790050
-7.254791
10.767849
-9.379543
-11.108536
7.673784
0.130030
-3.571224
8.708898
-3.512593
-12.852489
-10.843366
7.126847
1.729159
-3.514374
-1.640405
15.887931
1.627381
-7.095920
-10.557758
9.900982
3.496479
5.300812
0.718331
-3.156314
15.094299
-9.869322
-2.483658
10.357048
3.052602
-4.115643
4.830931
-6.707079
-15.490015
3.910376
13.306143
8.462291
-13.789214
-5.000207
-17.441677
-15.386795
0.664449
1.387187
5.251557
18.671207
-10.574359
6.759474
-5.925457
7.783268
-6.600684
7.757382
-14.609970
2.089254
-3.644147
-0.664225
6.526232
-18.015045
13.808441
4.602233
10.414566
4.834090
-3.500528
-7.026102
10.444333
-4.027345
-3.384216
1.448429
-6.183278
-3.506089
8.467780
-3.907260
12.173048
-5.630339
-11.642534
-12.027223
-8.017903
-1.708254
7.503035
-16.190863
-4.879857
0.640096
-1.625919
-1.133782
-18.202904
-5.497030
-11.188381
11.312625
-5.427423
-7.231798
-0.937189
-11.279013
2.913795
12.927377
-5.236483
-3.347075
6.866333
-16.775743
8.061356
-18.784006
-1.599675
-8.668321
12.332755
-8.253140
-13.999876
-0.504953
0.315517
-10.277189
-0.526610
1.401435
-4.228951
-8.119308
-7.851841
-6.788815
-2.620550
-13.190405
-5.608572
13.336594
11.904801
2.065960
-14.801825
-6.066637
-1.268868
2.245466
-11.087346
0.277568
-0.064808
-14.850212
-15.875029
1.003088
-19.978277
-10.185708
-9.870343
-18.279819
-0.380998
-3.823504
10.002478
9.570706
3.435243
1.611218
9.483354
-6.119390
-1.826314
-10.715266
-10.585489
13.744946
-4.495284
-3.416523
0.009350
9.269495
1.651584
7.526357
5.427392
-10.083597
-12.588011
1.795340
-5.569344
13.885460
-2.412752
-10.013116
5.353923
-6.915324
4.494659
4.413389
-4.103333
10.363920
-16.700134
4.954185
4.882593
0.296563
-4.560505
-2.533646
6.432037
-0.016693
-14.052775
-6.303350
7.738700
-1.407887
-10.575466
-5.451477
4.333460
3.904312
5.026342
0.094762
-3.454792
-11.033951
-12.509196
-9.089442
-2.069043
-1.354372
-8.027909
-3.114146
2.124544
9.846329
4.921494
6.150410
1.743208
-3.712106
4.837801
-2.076391
9.144275
21.248400
-10.474128
-11.671940
2.073140
-5.985015
11.219015
8.974038
-0.286493
-4.214931
-3.808163
-4.627350
-13.058801
-0.047980
-9.343394
-0.596752
-0.600695
1.797853
-5.586398
8.381695
6.859516
-20.576277
-11.725959
0.312978
-6.841186
-4.179457
-11.896208
-5.515098
13.505137
-6.250060
1.967606
-1.441283
12.386396
7.023933
1.592388
-4.762193
6.486893
-15.715646
-7.307747
-1.963727
7.431386
6.694563
-6.642975
-7.206412
-3.916127
-13.150215
-2.868072
6.387985
-8.089382
-16.488396
-5.262395
-11.980263
-23.593424
11.366291
7.363435
-10.807079
7.442506
-11.393533
-13.358871
4.838198
-7.628051
-13.563234
-2.828521
5.245074
4.432629
-9.312185
8.664102
1.580380
-4.705165
7.025184
-1.516240
3.521247
12.323933
1.028708
-12.399013
2.064684
-5.932019
8.131345
-4.481641
4.871611
-1.803814
-0.690937
1.739452
2.821891
-2.964548
0.306194
-7.160954
3.077867
7.634791
-14.732285
-7.033808
-0.436055
-7.254872
-3.635291
11.039265
-7.145753
8.444234
-6.695774
2.124910
-1.876786
6.928158
8.637609
-3.062392
6.614243
4.620093
10.124486
8.411090
10.750519
-7.765711
13.313413
2.791627
-6.706188
-1.115378
3.788701
3.674723
-12.541472
3.008784
-7.097738
-17.950043
10.143006
-2.464607
3.495003
-5.110013
-3.002734
8.262988
-6.711459
3.401102
-4.792309
-1.355915
-25.276960
-7.963837
-10.552920
-1.238785
-3.634382
11.726977
4.155271
-11.292424
3.620177
6.514991
10.931126
0.782552
-2.807692
-7.379571
-1.947029
2.211003
-6.980665
-8.444786
-15.096769
6.024851
13.352767
-2.482864
9.037045
-7.079523
10.657501
-2.902435
-8.172238
-3.599440
5.199440
-15.061404
5.340625
-4.089632
-0.010101
13.545589
-19.034451
7.814345
-0.194527
-4.981718
-4.298984
10.750281
-10.662017
-4.085345
2.591837
-2.824495
-8.302382
4.457765
4.757240
1.754815
-0.188724
-13.421420
7.878606
6.839047
4.716746
-3.832285
-12.912377
-7.146818
-7.110802
-3.549556
8.295138
-5.245131
6.188356
1.342734
9.841300
4.166193
-0.237337
2.491139
6.649293
6.182686
-1.897548
-8.904969
-2.090392
10.714595
4.450530
13.037456
-6.183458
-8.964542
-0.510847
-1.682935
4.548913
-9.618264
-0.807311
-5.638409
4.885794
-6.566216
7.779260
-16.277996
-1.633592
-0.422618
-2.845139
-8.963328
-5.582486
-6.832306
17.617626
8.124854
-16.237062
-2.223301
-15.380784
8.767113
3.045707
-1.488555
-11.904664
1.678072
-10.130102
10.103090
6.201272
2.656846
10.468211
4.385248
3.846024
3.149961
3.825861
8.360194
9.693690
11.125722
3.372193
0.269726
5.827505
-3.685084
-0.374339
4.764851
-1.388450
1.399085
5.133924
2.244494
7.625222
9.931613
-7.598330
6.565610
7.998589
-11.799418
-3.243701
-7.148496
-3.008556
-4.990102
-10.828893
3.408879
-2.792089
-3.006768
0.928004
-9.127327
-12.968184
16.487352
-3.589845
-15.063389
-9.774606
-6.026084
10.782052
6.853673
-26.802483
-7.664009
-0.013931
-1.615203
2.109777
-3.475009
-9.258783
-5.477911
0.954911
10.660878
-7.507367
-2.064131
7.509834
4.347451
-0.336109
-3.691422
9.419519
-6.491311
10.537573
-1.537265
-11.457403
1.187061
-11.779747
-2.004748
7.802281
-0.385877
-9.280919
-2.865123
4.379989
-11.804152
-5.546532
6.017595
5.316524
0.504611
4.626936
2.516818
-12.878023
-13.667233
-15.588656
15.098066
-6.912435
4.156071
3.633826
6.465724
2.348693
13.445691
-11.474154
2.241293
2.836915
-3.662388
11.915094
-4.243695
12.223361
-0.418900
-2.120648
-5.309925
7.191022
5.254211
2.694796
4.275739
12.465780
-9.120829
1.074576
-2.456042
-9.723660
-2.752782
-9.670341
-2.807244
10.158564
-11.293179
-11.117916
-18.043571
7.334729
8.614889
-24.303976
4.139105
-3.706307
7.380987
-6.161427
-2.945180
17.836590
-9.120857
7.927864
0.358004
9.487765
10.111294
-5.144867
-0.355441
-1.752993
-6.926643
-0.868192
-15.998448
8.292218
-11.013421
10.918864
-6.798738
7.956890
7.480659
-2.422252
8.478413
-7.741959
3.219842
-9.012706
-4.417117
-2.206553
-0.656799
4.582978
-2.663734
-0.240367
9.913008
-1.873279
-1.567225
7.591567
-20.273680
-13.226276
1.694238
-6.987829
11.985460
-5.156443
3.069900
-6.635859
-3.335913
5.035218
0.237312
-9.768621
-7.478765
7.138631
-2.995464
9.201415
-1.712053
-14.630700
16.549517
6.398471
2.246525
3.807360
-0.643309
1.241069
-4.443941
10.728665
-9.833087
-3.452469
5.524604
-7.685614
-7.067596
-10.527903
9.214636
13.692303
-14.220790
-13.073624
1.424558
-11.645170
3.135443
14.729286
-8.571587
6.113274
-0.476770
1.189256
-2.332238
-4.613314
4.134803
-3.809791
7.647717
1.678256
10.661628
-0.673967
12.945532
19.528776
-3.911552
-10.111978
9.443895
3.316494
5.489627
8.652813
-8.114944
-7.612302
14.283679
-7.450235
6.208125
-0.184053
-3.514583
2.014351
0.117818
0.409355
-6.063408
7.351004
-10.505648
-14.484331
3.744887
7.565275
-7.176081
-0.757325
4.406470
-1.548812
5.977578
10.683598
0.834570
-2.925977
7.390533
5.010406
-16.896385
-0.909861
-18.904173
-5.235104
-10.352523
-1.526049
4.097501
2.766882
-3.914904
-12.441865
3.121620
13.161924
-8.919100
10.774396
5.366893
-4.296837
-2.135560
-13.567432
2.023726
-2.788760
-2.253814
5.054709
6.495203
-0.810931
2.810942
8.874515
19.965399
7.554982
-0.910290
9.850107
5.253562
-4.067615
-3.071374
7.477614
3.697866
0.746255
9.418325
-13.133524
0.165117
4.937873
9.595135
-3.686839
-11.463900
0.039546
12.562360
-0.687792
-8.027241
-8.765676
7.596508
-5.571128
9.688308
9.050185
7.831041
-8.041718
14.247567
-5.076756
-14.150286
-1.407847
1.595323
6.323510
-2.712913
-9.483296
6.994275
8.461405
-11.549340
3.468063
4.083266
-10.335040
6.005741
4.750640
10.988381
-5.203169
5.836800
5.178966
-8.228716
-2.361830
-8.892508
-4.249375
-1.597023
-4.642567
-8.116409
-3.660601
3.805556
5.014219
-4.459185
3.685114
-15.138111
-2.159499
-5.635497
-0.666416
-1.600950
-7.691000
7.520200
-10.162510
7.722483
-8.210862
8.750208
1.932790
1.509021
5.123538
1.352205
-0.228423
-2.438966
-4.470135
5.033165
-1.828719
5.496537
4.365973
0.335171
8.508902
-5.992145
8.848689
11.180029
-11.764289
3.879615
8.628079
-2.584719
6.126263
-8.380677
2.897086
0.635942
-13.484465
8.233733
10.482154
-3.416012
6.412787
-16.313147
-3.114317
4.645769
6.574761
0.839236
4.463613
-9.580340
-12.369606
-4.790744
-0.026947
-1.653603
-10.233219
-6.337075
0.714708
-5.726888
13.944356
-9.731552
-3.388102
-5.423285
9.953210
2.145427
-7.342175
-10.637348
-17.955000
-10.863852
-3.768136
-8.407306
7.772031
3.763118
7.880147
2.364349
4.313213
-8.291445
-1.145531
1.852343
-10.793501
5.343804
-4.746009
0.866391
-1.723044
-7.925298
-12.091215
-5.202662
-0.337120
-5.037745
-12.482835
1.978005
-6.052971
4.401867
4.980058
-9.342758
-2.084745
-10.508158
5.524683
11.858668
-9.061372
9.497309
-14.961603
-13.254871
-12.686717
-6.357337
-1.382778
-13.645533
2.860902
1.217590
5.127417
0.690280
2.141271
-13.809295
0.703591
7.562656
5.023979
4.549930
9.034497
5.289282
10.855684
-3.355072
2.838981
-2.009273
-5.921142
5.751525
-7.245282
3.240514
-4.230420
3.242398
-4.681910
-3.994032
-12.839867
-4.660497
0.172023
1.677725
13.410971
6.603801
-5.322639
12.274791
-5.152677
-2.617101
12.758395
-8.855519
-6.699767
3.142508
10.709834
-15.494536
-8.471232
10.385155
5.108461
-10.172392
-4.686017
-9.285045
11.334426
1.197048
-2.413719
-12.354060
-8.097754
-7.154546
12.380137
1.343284
11.092977
8.521317
-16.494394
11.902682
-1.035833
9.206672
-3.697532
-6.589925
-6.257287
5.936396
10.819807
18.884552
-1.178700
18.897154
4.986586
-8.530735
20.625689
-9.338193
14.828662
7.629430
-9.049241
-7.257077
10.777701
8.685663
3.901482
1.922348
-11.160981
-5.328002
-15.441648
9.997017
9.522878
9.037784
12.932003
-10.367315
19.288473
-7.113735
-5.527317
5.834953
-6.339799
5.131513
3.662342
-7.211363
3.655976
10.050964
10.444824
-1.122781
-3.914644
7.454137
-3.728223
5.757562
-13.042280
6.526327
6.087366
0.047620
10.023997
-9.582812
16.621489
-3.049118
8.271785
-8.184145
6.350322
5.275990
8.010030
3.413494
9.893196
-0.824795
-0.543099
-3.090761
19.773067
16.648949
3.781821
3.255782
1.806426
0.383114
-7.977439
3.781224
10.146969
0.302195
7.264836
-5.806803
6.847968
12.941974
-1.231171
-7.722785
-5.386848
-3.657111
4.587705
1.556695
-12.563857
2.249625
-7.864026
-0.284057
10.904812
8.795714
9.474794
0.395874
-3.160180
3.345497
3.339803
-13.488941
1.192227
-3.309247
0.560320
9.383735
-12.310078
-5.421803
-0.779932
-9.253632
-13.540956
-0.108832
7.838788
11.086758
5.830382
6.561872
6.326912
-1.216125
-3.744731
6.119102
-10.727716
4.892714
4.231524
2.589908
10.009674
12.830530
3.587756
11.704487
11.595897
-7.817492
14.329411
-4.723354
-12.105205
10.178146
4.493002
-0.488381
11.810843
3.269983
-8.038033
-0.796269
-1.015283
9.855023
-7.710318
15.442169
-6.894129
3.795176
15.808855
-12.625139
-14.227147
-10.550657
-0.390305
-6.189247
-1.191004
8.862772
-6.141495
-9.594934
7.687326
-6.034727
6.450681
7.128340
1.944458
6.531010
8.257249
-8.657877
-16.285748
-12.648187
11.959563
-5.491767
-7.392217
10.040745
6.101097
-5.238286
-3.922315
3.779343
2.129146
-7.878399
-3.813602
0.155537
-0.079223
0.166993
-12.199050
-0.335799
-5.741465
11.067062
-7.777362
6.480820
-8.807660
-3.296797
-9.384736
7.546350
-2.312028
-0.736481
8.572798
-2.006665
6.947752
-0.615424
10.361175
-8.519506
7.729444
-5.533048
21.164553
9.215434
-10.358444
-4.345267
8.780057
-7.507530
2.599940
0.067632
9.701769
-1.135249
12.827262
7.170372
-3.585908
-2.956189
7.947428
3.467749
5.235616
-3.944999
8.868541
6.628695
-11.451076
5.614988
9.629048
2.703554
0.752367
5.294046
7.634646
-10.003721
6.411955
-3.873326
4.484417
8.438048
-10.182035
11.441834
17.266327
-4.578761
-6.681132
6.346129
25.204159
-8.422003
-7.900201
-7.527066
-2.388131
11.762153
-4.265956
3.970422
-5.966331
-11.043100
-0.041518
-7.664443
-6.649824
1.849406
6.201487
-3.429153
-0.061314
-2.795333
0.470777
-3.126162
3.023733
-7.359349
4.856285
10.632839
-6.839661
-1.235695
1.610044
0.252004
-0.162405
10.058291
-10.680410
13.379199
-3.544780
13.209817
7.871221
-12.648230
9.167734
9.352537
-16.459747
1.036506
5.221539
-5.501809
3.163351
14.198601
-0.914085
-1.049475
-8.733855
-4.926395
6.074087
-8.416460
2.029340
2.302772
0.354750
-4.805669
0.166003
6.198929
-7.923773
1.003522
4.210429
-14.093269
-2.812748
-8.291527
-0.157809
-8.728255
-7.443986
-2.224750
-4.747252
3.337529
-10.118649
0.244310
4.606925
-15.011181
-4.969447
3.132835
-2.631657
18.505756
-9.355874
0.806407
8.696126
-8.417104
-0.469527
3.308821
-0.763342
-16.831089
13.610820
4.658479
-2.355408
2.770109
-9.772307
5.857847
4.283667
-9.244523
7.892741
9.563118
-0.380519
6.176400
2.260597
-7.072471
0.956440
-17.560368
-4.136927
4.528879
-9.826732
-9.988478
-8.477901
-3.120147
-0.381185
1.605238
-2.037108
6.184872
0.610280
3.783980
0.853302
-5.047995
-12.529227
4.060189
3.219669
-14.557450
7.550515
0.143699
-10.544079
2.535914
-2.078553
3.347699
-7.211210
-4.187972
-13.478100
-12.350138
-3.586378
-7.796227
-23.915857
-0.732540
0.156074
-10.711674
9.073199
15.157998
-2.295723
4.809153
6.984439
-1.135483
6.018816
-11.976170
10.452379
2.687463
-2.694169
2.398754
-4.034990
-0.572991
3.734700
0.272766
5.722159
4.136089
-3.180465
-9.159717
-2.991160
7.444816
-18.997913
5.511233
-10.727986
4.861274
7.341105
4.579608
-1.931317
29.670301
11.898984
-6.733078
5.173458
5.130571
-4.504329
-6.250332
-5.560774
6.905618
-2.981159
11.879355
-8.553672
7.217921
6.726046
-14.253203
5.271150
-8.235681
5.568964
4.720640
1.973528
3.444806
-8.275569
-8.767019
10.464634
0.411769
3.273379
0.702456
-0.677243
-4.038216
13.310606
-7.061065
-0.784049
-4.822921
-8.221600
8.041278
-14.915838
-13.171331
2.378454
-4.447783
2.860932
20.836781
-4.120490
-9.494689
6.497168
-3.907169
7.516387
-4.512135
-4.198128
3.933531
3.005465
-14.337931
-11.620302
13.897742
1.065018
-11.978739
-17.642784
-8.792304
3.255484
-16.611528
1.619000
-3.192211
-7.383887
-7.048967
-6.277720
5.813445
-12.883148
-1.307782
-3.933789
-4.196264
-6.455888
5.829386
13.612946
13.168510
-0.860933
7.030910
-2.234758
-5.170295
-8.344687
1.785440
2.337844
-11.909715
-3.494300
-15.518400
9.954709
8.649398
-6.185469
8.086805
-7.957611
-11.797755
-0.940976
0.749685
-14.240259
-8.001702
19.508104
-10.699109
-22.175159
-5.765802
-2.465839
5.805239
-3.360200
0.645565
-12.744305
0.025846
-0.058868
-2.565424
-12.943756
3.148809
3.804380
-3.270063
-5.968284
-12.490385
-4.035756
4.190753
-1.528377
-4.630381
-11.149249
-10.238478
-5.149214
-8.903975
-5.041120
-8.390770
-6.364882
-8.671705
1.539510
16.207027
-8.592304
-10.808959
-6.941831
21.655079
-3.436472
14.553701
12.375816
2.629537
-2.528052
-2.628271
11.777544
10.611767
-7.414618
1.815336
-0.601292
8.213533
0.526450
-4.652607
-13.254067
-6.932646
5.035738
-2.631552
-4.891800
0.853783
5.318939
-2.975660
-2.504416
0.711704
-1.819554
-5.514694
-6.936590
-3.108627
-8.880198
-8.333760
8.289013
9.462925
-7.263199
-0.940152
-11.939225
-9.374283
6.540777
8.798923
-4.675605
-19.243376
-6.333012
15.415388
-7.746891
8.116568
0.902987
3.711022
9.195655
-6.318550
9.038282
-0.292233
-3.706892
8.323791
-8.576625
8.940962
25.626389
0.445690
-5.523487
-10.193487
6.707380
-6.673381
4.801954
-2.228634
-1.291966
-10.747972
0.061728
-1.600137
3.212196
15.162435
6.705814
3.923823
-13.210559
8.501892
4.473845
3.964892
7.537490
3.467493
11.990490
-13.909822
7.011322
-4.385282
-2.391496
-4.313239
-4.075506
-3.703864
-7.373293
-13.753013
10.225152
-10.201246
-3.667884
-10.592763
-11.406594
-15.662357
-6.843390
0.295453
-4.015953
-6.579347
-11.366214
-12.418174
5.230883
0.596828
-11.506728
11.535897
8.010523
2.092390
7.253772
8.145642
19.586496
-7.364124
-3.663868
-7.733046
-6.882026
-4.906302
4.098176
-4.499596
-15.543651
-10.342896
-5.791554
3.474241
-0.967752
0.833738
2.048075
-3.832817
-0.976004
-10.631676
-10.785099
-4.560726
4.468416
5.249698
12.141565
7.784437
-12.258958
1.523451
8.564626
8.008154
15.437420
9.912154
10.595959
-6.353845
-10.845391
-6.807442
-2.408058
-9.113940
11.832827
-2.384091
9.369561
-12.015843
6.756710
2.695360
-10.344058
3.349221
3.321082
-13.079304
8.370324
-1.157774
6.173656
-5.364073
4.632216
-5.237223
7.221117
-9.947478
-8.657546
0.863930
4.048905
-1.857216
-9.099360
3.442223
6.656469
12.336108
-6.321937
0.816164
4.004499
0.754420
2.860270
2.621830
9.956656
-17.493210
4.459364
-11.974426
-6.918020
-1.428950
15.287693
-1.088047
12.001297
-9.941422
13.321829
11.209313
2.176480
0.067311
0.489742
2.864516
-2.447758
-10.626488
-8.231693
12.329079
4.930155
-4.674383
-0.944702
-7.217259
7.603175
0.037302
-7.506614
-6.353114
-5.941410
-12.317653
3.090150
9.239132
5.283869
3.729489
-4.374018
-2.961115
-4.311941
5.206030
6.031646
-8.256927
-8.020630
-6.134746
-7.980804
5.830073
-9.974998
4.354645
6.428063
3.811605
-19.305361
-6.454095
-1.964645
16.396679
-3.532808
-3.298266
8.717404
-10.281779
6.293547
-2.837746
-0.680537
5.730648
-3.472810
-0.056598
-10.520881
3.047698
6.395077
-5.471891
-0.741471
-7.561824
4.470191
6.093142
-7.958918
-2.746770
-4.908639
-14.838593
-14.868726
-1.819696
-17.379068
17.060211
5.938702
9.543014
-13.028127
23.704580
-4.353568
-11.715617
-8.054997
2.843980
7.161687
-9.333754
14.679151
6.600878
5.220211
4.302323
5.004243
14.939759
-3.253504
5.403920
7.629626
-12.350111
-4.688072
-1.979691
15.071735
7.423524
6.150014
0.770147
3.818187
3.942655
7.026072
-8.882883
0.364125
3.471797
1.085935
-8.086596
-7.050184
7.027212
-7.068745
4.610870
-8.774407
-9.788379
-12.645818
-10.872849
0.975243
0.261483
15.307889
-10.807124
-3.895141
8.908309
-5.675575
-11.121353
9.788141
17.078386
6.896580
-5.008698
9.572609
-2.225400
-3.193684
-11.980784
10.791809
6.917928
-1.568955
-7.322689
3.559085
8.174461
-0.216409
-4.137118
8.485714
8.070624
-17.426531
-11.428658
4.186957
1.963902
-12.400438
-4.844586
-7.336266
6.370035
-9.241961
0.495291
-7.032797
-0.153884
-22.333864
9.424391
-5.436594
4.944527
-5.920124
8.266261
12.913429
-6.552289
9.791702
10.320549
-6.606902
-8.071976
-12.726596
4.612813
-12.350380
-10.150490
18.006311
-11.726896
-11.639238
5.446367
-0.626687
-3.406320
-6.653931
11.232209
-5.814970
1.304947
-3.710154
13.855721
-9.359338
-7.597088
5.233729
-5.568324
-5.441716
-2.563398
-11.737721
4.094850
-9.781349
-12.713008
6.276622
-15.614810
10.057426
7.113242
2.834591
-1.242148
13.338902
3.956651
3.811466
1.437150
7.148183
-8.733373
9.051538
14.071830
-0.362925
-15.063236
4.104948
-2.194426
3.567875
-2.945405
12.677270
-17.798365
-2.029300
-5.070662
-8.041280
-3.479588
7.774780
5.492855
-10.607476
-9.829688
-0.179006
-8.913911
9.438887
5.903223
-4.909495
2.537127
-5.427582
17.482954
4.045475
-2.283016
6.903550
9.330376
13.550479
-3.851246
-9.721208
-6.846064
2.350916
3.295672
-11.888401
9.761497
10.488277
-5.765700
7.498355
-4.607987
12.336088
2.602802
2.032122
-1.454412
-3.895355
-9.063535
-17.393763
16.616964
-4.828869
12.827035
-1.730918
2.785078
-9.695459
-13.506787
-15.338943
-4.086635
-9.787580
-0.762314
11.874893
-5.623466
-4.705375
-7.265615
-1.076348
11.970140
-2.511438
-9.618696
12.147836
10.468183
-1.127429
-6.452240
10.058166
-2.718561
-2.623167
6.718422
-10.656826
-4.280908
9.577892
-1.111510
-12.988124
0.372910
7.377124
-16.795654
-1.952864
-3.772357
5.262581
10.407384
-7.852730
5.142796
5.779847
-3.004733
-8.474507
7.769244
12.720656
15.134392
-12.137369
-6.697634
-0.186101
1.037526
10.765511
-3.098330
11.088054
17.390266
2.121225
6.375441
0.342061
5.444851
13.500740
-0.803980
1.308429
0.252215
-0.736685
-7.339527
-7.904700
-2.441403
15.436955
-14.763515
6.319861
0.313288
10.637775
3.543556
-3.833646
-3.747467
-8.149252
3.980096
9.465567
6.304525
-8.798950
-13.075228
-7.517717
-13.809637
5.970971
-4.917966
0.260713
2.926846
-13.155223
10.400498
-7.917314
-2.421580
-3.478712
2.407824
-1.158037
3.822463
-3.525923
-5.653978
-5.653359
1.832917
13.010422
1.268672
-5.943919
0.487328
-6.213942
-32.428699
11.560940
-5.118488
-5.636599
-10.171170
-6.568992
7.167420
-5.769997
-4.501102
-7.943723
4.934100
-7.228841
-7.620809
8.060804
-11.656353
4.287817
-15.748693
-5.737397
1.853610
-11.379983
2.579313
-1.399458
3.788048
1.996916
-3.461132
8.289041
2.199253
4.893796
-0.320789
8.883488
-12.777470
8.222262
5.638445
-12.156928
-4.913505
-13.161210
7.672220
-8.238998
14.327600
-10.296912
12.991767
4.889380
-2.119970
-5.387457
-1.636782
-9.162245
9.917686
-2.783895
-0.064992
10.477687
9.523168
-6.304809
7.042816
-17.709440
4.629058
-3.318091
8.766245
3.341638
7.579047
8.551695
-9.713923
-8.221841
6.497554
10.422976
-5.673373
-7.729053
-0.834915
1.513426
4.755201
-9.973147
-7.107057
5.070062
4.836781
-2.314219
-6.007575
-13.080309
-10.281751
-4.653185
-0.803313
-6.528960
8.603696
-4.313312
4.542697
6.094563
-7.717993
-8.942241
2.709188
0.424522
6.276486
7.898855
-1.264764
6.465926
12.364298
4.389535
-4.242433
6.292830
3.078681
-4.071366
-3.532397
-6.452385
-5.724713
-11.356976
-7.685716
-16.288029
-13.092124
11.632993
2.392748
-10.877017
3.812923
-5.797351
-6.901999
-3.824201
7.939914
-16.657900
4.781212
-3.810052
-9.690059
-1.280439
0.299372
-1.289496
0.517707
-1.400416
-8.031203
8.915977
-10.187602
-5.984281
-0.577868
-3.062453
-18.714174
-0.483450
8.653403
3.276804
8.906305
-10.941248
7.916225
6.007413
-2.901994
-6.004179
4.247797
-1.256550
-8.077725
10.121275
-5.764739
3.585500
-5.297981
-3.809148
-0.944091
6.100258
-3.675540
-0.097509
6.744847
11.751501
7.791229
9.580588
8.382621
-13.455896
-14.019718
-11.818187
-8.233610
11.775517
2.471138
2.333641
7.396731
0.154693
6.769636
-2.666191
-6.139871
7.672394
8.168585
-5.194843
8.552330
-1.905767
-5.830575
1.212029
3.087451
8.487374
-5.943001
-8.122344
6.980424
-0.822909
-10.181394
12.448544
-6.746682
3.520992
-4.087770
5.818767
-13.818913
-7.405673
-20.090267
5.422911
-6.874017
1.447216
3.811468
-5.318072
-1.104676
-7.912045
-13.169959
14.476398
-15.735367
-19.908346
-7.400654
-2.083730
1.087373
-1.217070
6.692861
9.844437
11.000241
-10.121670
-10.780543
2.455232
2.270252
-8.950763
8.285034
9.987807
6.632416
16.089716
-2.392128
5.799445
-1.330636
-10.856359
14.705635
-2.853646
0.678800
15.097615
-3.281246
6.758786
-4.583446
4.039981
-4.949780
3.755370
17.145210
8.412204
-9.670238
12.328636
0.044757
-6.296548
6.273911
9.501400
3.580922
17.427872
-0.046786
7.683532
-3.623660
-4.047210
-1.158170
0.978181
0.205501
0.610430
5.470726
-2.734177
14.988358
-8.791566
1.535289
-2.840285
-3.386205
-8.653470
-12.567906
-1.630081
-6.186521
-3.847512
8.750958
11.478362
7.159205
2.562818
2.338669
-8.966243
11.073178
11.769714
3.269327
3.946016
0.967002
-2.700987
-0.879224
8.512835
10.890322
-5.859245
2.212824
3.237931
-1.518084
12.370249
-4.469311
1.757461
-5.382627
-0.522934
2.443646
-9.346932
-8.335912
18.903452
-3.554444
2.823542
-4.596950
-0.697848
-8.302476
-10.204870
5.741014
-2.451864
11.146203
-1.349685
-0.226173
8.420390
-5.436760
2.371987
3.768437
-5.977521
-8.776780
4.389155
10.117594
-0.179510
-8.526299
15.094982
-3.816768
-10.215781
4.380949
-3.503737
9.589658
0.521363
7.503889
3.170292
-12.885077
-5.876240
-6.853188
9.682957
0.579910
5.725237
2.675860
17.440254
-7.230801
-4.861567
-3.108452
7.370482
-9.780808
1.473588
4.726104
-8.248631
-11.318067
10.733755
8.417620
-9.523765
-7.078999
9.331175
5.866201
-10.177395
-6.383693
-11.535407
-5.171009
-8.457136
-1.269861
9.743595
-17.550898
-7.709836
-10.772007
7.670385
-10.186734
5.773130
-7.626453
-2.717487
-6.134624
4.162231
-5.537336
7.315242
9.761064
7.366200
-4.985372
-2.994147
8.039133
9.810740
-0.919374
8.829957
-2.801380
18.128956
8.420045
9.095605
-4.852055
-6.787868
1.107793
-7.303614
-12.642791
10.433559
-6.820860
-14.294745
-4.951961
-6.325261
-4.223912
-10.072261
-12.296351
-8.012869
-0.399334
-7.385721
-7.649362
6.084240
-7.802548
1.696180
9.392888
-9.577999
-1.943099
3.571281
-9.657842
-12.923870
-10.191202
-7.066520
-7.212452
-0.438134
8.737328
4.857334
11.319211
3.280861
5.449984
-8.877346
-1.900066
3.206878
-16.104284
-1.550517
15.356132
-12.154696
-1.208496
-17.100000
5.443882
-9.492553
10.185288
-6.968911
4.009637
5.370751
5.980031
-7.986112
-2.150104
-10.605774
4.794538
0.242064
1.719636
-3.409077
-5.043101
12.566294
1.758397
11.059610
-4.787662
-0.654251
3.580376
-12.143004
4.089070
5.097400
5.184140
-5.644287
13.701757
-4.951960
15.277655
7.776470
5.604681
10.239839
8.422232
7.005355
-7.031396
4.800085
-10.333887
-1.329971
8.618474
-11.943316
7.219571
5.809081
-7.436698
3.281909
9.512832
-3.724544
16.636192
-7.658155
-9.436276
1.095990
-0.611132
-6.821892
3.004256
-1.078740
-8.781121
-4.592019
-0.884511
-0.628519
-8.748002
11.228136
14.515964
10.275637
-10.952986
11.051034
-15.316574
-3.152025
-4.227951
-10.895721
17.223482
17.317551
17.818897
-10.100326
21.777107
-11.479988
8.210196
-3.440847
7.806387
-8.613760
2.718400
15.096610
1.427432
-3.416012
7.673165
1.774848
16.470484
-1.326684
5.776256
9.979558
-10.984842
12.472697
6.632590
-3.494035
0.163478
-1.340941
4.761762
-0.037644
-19.911749
7.123980
2.607913
8.666449
0.952425
-8.131266
5.687417
3.898023
5.051861
-1.388629
5.994565
-6.832860
5.203613
-10.906581
6.598188
-0.055825
-11.571767
-17.213158
13.579128
1.072511
7.157664
3.778945
-10.831705
-10.628953
8.931916
1.949425
-1.388559
-2.646105
-8.561120
3.468212
-3.458612
16.033453
1.609491
7.407892
4.469813
-5.559098
-4.811819
6.328937
5.191458
6.078437
1.192962
-21.092981
-9.930738
7.639262
13.835163
-13.725621
-2.965878
8.707288
-4.543681
-10.235090
-9.250339
9.165885
5.602662
0.204402
3.696127
-0.588967
10.288064
-9.607495
-10.613607
13.435504
4.562288
6.516852
-7.960451
-3.012988
-2.718287
11.720779
-10.755526
0.597881
-8.599449
-12.302011
-10.485308
7.963903
4.462935
-6.928735
-0.716686
-10.412089
7.008262
-0.667676
-11.060028
9.277908
-6.019112
3.168386
8.719567
7.134434
-0.472941
7.616678
-4.772295
-6.341188
11.001691
9.031013
-0.392233
-17.660269
6.588465
4.603022
6.485574
-1.400523
3.227371
-1.843232
5.690773
-2.882112
2.496378
6.252243
7.388411
12.792048
-12.458095
21.263948
-5.977808
6.721162
-2.138273
-9.506059
-12.057152
5.871707
16.044626
14.482806
-3.683388
6.825278
-2.328827
-13.629137
-4.532545
-1.380659
-6.563928
2.894889
12.993118
-5.673807
-1.769989
-4.149796
-4.172689
7.538248
0.784534
3.940361
-10.465358
0.622595
10.316695
1.925389
-5.281193
7.974066
5.212701
-0.145719
-4.745047
-5.823538
-8.657351
-7.849278
-3.039385
3.525989
10.586206
5.946692
-9.715477
-3.667311
10.660948
-0.418118
8.271046
13.448056
-7.147190
1.521335
6.804273
-5.669117
10.202878
8.704632
7.635337
31.532736
-6.485978
16.999105
8.950906
-6.806761
-11.075187
10.599113
3.782003
3.740128
-5.112069
-12.839315
9.105360
14.758845
-7.336703
1.180941
3.571757
2.865646
2.024522
-3.285805
8.497963
17.640469
-4.241215
11.948210
-0.493792
-13.718007
6.016416
8.220401
9.808287
-10.452303
8.481349
1.626143
8.662100
-5.877491
-7.204098
-1.532918
2.695583
9.172812
5.702846
7.077512
-11.117341
-2.538559
-4.554761
3.327353
12.428749
-10.077602
-4.388844
-4.523535
-1.396657
7.070972
5.651196
-9.240752
-4.321792
-2.813951
17.174017
-1.579483
-1.737363
-3.770429
6.893279
-10.934127
5.918905
-7.719858
-4.229830
-6.002093
-21.340776
1.050894
-5.648492
4.909060
10.909678
-19.926266
-8.727145
6.464396
3.800229
-18.101973
18.118130
8.215607
-2.868754
12.933612
-1.662662
-10.187654
-4.899345
-12.036090
5.634692
-5.462535
7.601475
-0.620707
2.123906
3.373914
-15.956906
15.872046
-16.637150
-16.308386
-9.712301
-10.141452
2.732313
-8.962938
-2.124987
0.219770
-2.400461
7.848458
-6.993519
-1.889803
5.919790
3.989255
6.254608
-4.976151
2.633042
-0.551494
-3.097252
13.410051
4.121150
9.344314
-15.010240
6.031775
-1.588866
15.247574
-2.904396
2.388344
-6.512416
7.099410
-12.458945
1.564792
3.403028
13.669015
-7.161053
-2.063107
-3.464898
-10.239625
-0.093128
-11.284925
-2.545818
1.622529
-0.331032
2.376092
8.949426
3.247359
-8.639977
0.715149
3.638660
-17.178074
-2.498630
-14.597296
-3.246461
-13.686602
7.672856
5.337837
10.757110
8.372184
10.288138
1.144889
4.583058
14.338186
-3.688866
-9.915400
-0.849078
-2.611584
11.322070
4.097244
-2.708087
1.603190
-14.174146
-6.921024
-6.535401
-14.302198
-3.537645
-3.976777
-22.356216
11.047785
-9.300245
-8.897973
9.628177
10.385084
11.844635
-1.554151
4.552900
7.079684
-15.150708
9.169205
8.906016
-15.549902
-3.312950
8.258932
4.529650
-8.005188
-8.033315
-0.534313
5.008860
5.469012
6.008350
-4.703642
19.617727
0.672177
-9.502167
-2.931351
-18.475786
-9.899062
7.178070
1.815677
7.681750
-5.650916
8.551158
-13.417057
1.585550
6.598315
1.104200
-1.860208
-11.476108
7.162515
-7.599918
-13.456918
15.586403
-0.833509
-1.233241
-7.826088
8.622241
6.743171
-2.887242
11.676669
2.021864
5.295557
9.707618
-3.814588
6.761448
-12.876304
4.653833
-2.570511
-1.758644
6.465219
-8.890155
-8.128742
-5.617758
-7.152655
-9.827618
-7.034546
9.269865
3.936353
5.567502
-6.444887
4.468115
7.216211
-18.074638
11.813544
3.506754
-0.364566
-12.124866
4.707252
-1.578431
6.835910
-5.332572
-16.154390
8.782068
2.809561
-10.493448
3.004912
11.069205
-15.415950
5.379955
17.802813
-10.695060
5.344910
4.455545
-3.504417
-2.617062
-11.379625
-8.038206
8.170492
-7.858497
-14.469257
-2.691808
4.927969
5.744004
-10.768449
0.169987
4.049857
-3.633483
-11.273463
9.504961
9.793132
-1.593818
11.969203
-0.971821
-3.577339
-1.970376
-0.542405
-10.737809
-7.424232
-2.596432
-10.665724
-11.205621
-5.771639
-8.990808
1.368468
-6.678284
3.525357
-13.122494
19.634674
-1.932785
-16.738089
9.964967
-1.320249
1.815191
5.669230
3.875663
-8.385436
-0.279804
-7.654173
-4.418951
-8.495803
5.802275
9.168070
-11.294556
6.517306
-2.809469
3.027608
0.866677
-0.772531
-16.211485
-16.430929
3.358541
-3.748583
4.002452
-7.148633
4.916926
2.153727
9.559316
11.676386
-1.984268
8.415275
4.734665
5.841974
8.460228
17.300545
-3.866394
-10.088472
-5.465096
1.062384
-2.472121
-9.261236
-0.481779
-13.100135
-12.785664
10.388742
5.396045
-14.366891
9.343633
-0.669591
-0.500392
9.780796
-3.034465
-13.832140
2.932328
-0.667893
10.647283
7.933270
-13.806414
-10.451540
-10.097124
-14.873322
-5.823736
1.818411
-8.451069
11.116775
10.485977
7.815988
-0.993709
10.152472
2.614351
-6.521409
-11.383032
1.088499
-6.166772
8.642928
-6.797113
4.442595
0.176602
0.147630
7.671998
10.534508
6.100639
2.192647
13.199415
-7.139452
2.331657
-5.547749
-8.483102
13.169014
6.133906
4.045653
-2.026656
-8.077633
-9.201830
-2.755782
-0.665553
1.271369
6.316591
-4.382843
-7.774694
10.578134
1.157786
-4.631942
-15.263423
-9.729714
-4.141798
7.050008
-5.160800
16.843987
-5.931179
8.883262
1.875309
-7.742761
-1.406878
5.115856
-5.479137
-14.893517
-4.741250
-0.645591
-9.172601
-8.419878
-2.380203
2.123223
5.800919
1.015763
-3.070434
-3.767102
-10.819025
10.330500
7.777735
1.974217
-4.236289
0.989578
-2.861409
-10.502140
9.392645
14.561658
-9.337740
0.967850
-0.364708
-3.678508
5.643456
-5.962315
-11.950350
0.347478
-7.085189
-3.150390
1.407624
3.276691
-1.249232
1.869889
-6.809575
-3.982596
2.782601
1.627627
-8.066210
6.304678
0.495145
-0.966252
-6.355192
12.339390
-2.209336
-7.993394
7.517012
-13.635121
0.657609
-3.903779
4.961355
-7.885103
10.344137
-11.462049
1.078941
0.272760
-10.783434
-7.400452
-9.611226
14.475634
3.480901
-15.148962
-6.394316
19.914173
1.102711
-13.041865
5.910778
9.763694
-20.054447
0.398172
-4.390542
-2.987486
0.025817
-9.048076
5.623272
8.268276
-2.178379
6.348272
2.760769
11.551505
-7.264265
12.529799
-13.070339
10.699404
11.071780
-11.097251
-4.125021
4.162680
-12.272940
-7.751972
-4.038908
3.037495
-16.677538
-4.527544
-2.019828
-7.090973
-5.293923
-12.530345
12.140192
-15.712631
-6.932464
8.054882
5.209395
6.106102
5.602772
-0.335722
-2.143087
-2.717571
14.666317
-11.238556
-6.647687
-7.249419
4.532829
-9.892285
-4.907867
-10.250176
6.311512
-9.238840
-6.101677
3.309502
-7.555994
-22.528330
7.624284
8.406543
-0.051322
1.247067
1.402932
-0.918869
-13.527612
-2.166401
-1.878557
2.509185
-8.842783
-13.273791
-7.190786
4.969746
4.408765
5.413434
-1.957897
5.026389
-6.081250
6.390309
10.008162
-7.090612
4.147871
-9.235090
12.334750
3.501356
1.868821
-4.300182
7.937006
-8.376635
16.483730
-2.443846
2.816119
-7.971843
7.245436
9.736157
-1.899117
6.887620
-15.847736
-10.984815
-1.370783
-12.248079
-14.145875
11.326956
7.460617
-14.370505
13.593801
5.550361
8.759851
-4.807265
18.045361
6.872777
0.916911
-15.736245
6.580387
5.653208
4.227957
-7.727703
12.759312
10.752598
2.558431
10.745505
-4.709510
10.867760
3.195929
12.904938
-5.705534
7.962577
-0.819468
-5.764690
8.262065
-4.777566
-2.457328
-2.416808
13.500035
0.967301
-9.029937
-8.919961
1.121723
8.802689
6.749291
-4.424449
-4.069223
-10.227975
9.031506
13.130763
-5.698011
-11.415295
-6.167367
4.801905
-7.702471
12.531049
-11.697471
-6.151115
-2.192488
-2.972260
0.032757
-20.705065
-1.951221
3.300455
5.650978
-7.902851
-3.757860
-2.355347
2.319149
-2.189929
-0.929440
10.494655
-4.018035
1.570641
-3.628382
-3.008828
7.742369
-6.075225
-15.845450
-0.884727
10.991173
4.774441
3.257080
-1.036591
-1.808128
-12.411309
8.062904
-12.007007
-2.693155
-16.604553
-3.499414
14.367764
-9.819954
-10.725243
-1.116786
-5.246996
0.218085
0.906585
-16.379074
11.277102
0.554849
-5.322001
-7.447964
2.203284
-13.196101
6.931323
-7.132792
6.909575
-4.484225
5.465299
6.527511
-7.080810
13.180771
5.515520
9.174065
0.561864
7.646216
6.138341
4.032044
0.373396
10.300182
-3.041723
-17.750544
9.297544
1.130992
5.243036
12.847345
3.193722
-9.814738
4.385651
1.594402
5.256104
7.201520
17.021648
-3.326974
5.783824
-5.630074
6.811531
5.285596
-2.496377
13.254086
1.262143
-24.192608
11.404263
10.871408
6.785861
1.377617
7.876095
-5.516686
-5.526399
-4.960755
0.993824
-7.638228
3.458106
11.098153
2.553309
-1.794649
8.896820
1.275310
-0.020572
0.114267
8.458525
5.948315
7.000608
1.311998
9.255373
-1.892005
-6.269797
-6.245297
-10.988434
-6.413590
-3.758047
-2.515276
6.837550
-0.915523
-3.132288
5.248519
-17.165901
2.869357
-7.079801
-4.702562
-7.786033
-7.741145
-5.337206
-1.377836
-5.237679
10.257369
8.030411
13.947618
-0.595166
13.703354
6.649676
10.399037
5.403857
13.428162
-7.661486
10.981582
8.839485
-2.711624
6.209051
-4.404623
8.567940
-4.751332
-1.535136
-0.051526
-1.183835
8.953483
-3.385621
-6.258272
12.088854
9.075612
10.392150
-12.276738
7.487111
-9.219940
6.962895
-2.150555
0.261230
-11.031601
-0.214342
7.360903
4.145725
-9.849568
6.511699
12.552381
11.049340
-4.588823
-0.042483
-14.711463
-1.396103
0.948901
12.525220
3.978539
6.737770
-7.687722
14.301263
4.719393
-13.732265
-5.163251
-10.067188
-4.030355
4.344649
10.727698
1.848938
16.072578
-0.542668
4.384092
1.153507
-10.079847
15.592963
-16.717821
-14.613254
7.529783
1.535571
8.162615
-7.008243
3.702992
-9.565715
15.228228
-0.313816
-3.412998
-14.555493
-8.330226
-2.020364
-4.461392
-2.084313
9.224315
-4.834087
7.473930
-9.521727
9.659242
26.755226
7.020951
8.566421
-6.960931
6.690719
-7.305488
-6.545641
19.382402
-15.521940
0.309449
-1.776692
-1.406850
-2.125874
0.261364
3.284763
3.042821
16.098730
-3.178838
-9.586493
6.890515
-11.640120
8.310600
2.859329
24.730877
3.290570
-2.012839
-3.229701
4.768737
12.918591
2.655815
10.324733
3.974259
-12.310545
4.397902
-14.001766
-1.393303
7.634806
-17.020908
-7.287024
12.645831
-2.624122
8.554271
8.713446
10.962251
1.667623
-17.697113
-14.711004
14.419540
1.220534
-7.235660
-13.223296
3.929222
-19.616457
3.075990
22.414938
-11.529595
18.908342
-20.702204
-5.073999
0.115522
-0.100460
-7.007071
-0.571244
0.310434
-13.702538
12.403204
-1.772760
-0.533476
-11.638296
-8.431105
-15.320022
6.134998
-15.894020
2.289847
5.849243
-12.025054
-3.098167
-15.865188
5.370912
1.420639
4.989480
-10.041418
-9.143660
-11.573515
-9.389108
-17.779659
0.038707
-4.134151
-2.899039
-8.734524
-17.466673
-17.565804
21.531908
8.720267
-21.767406
15.253882
0.356139
5.542037
-5.301881
8.353660
-3.179619
-4.933870
5.552793
1.625503
-3.215879
4.822642
4.730215
-0.391400
3.245368
9.041971
4.824463
-6.478271
7.989634
1.524981
-10.791052
0.284799
-3.881558
16.703289
-12.386853
-11.370730
-5.470706
0.452150
6.181422
18.634687
-10.247206
-10.878268
-6.535289
8.232970
-6.219538
-14.521551
13.151163
0.675962
2.047486
0.485433
11.545234
-11.773209
2.153058
-8.014668
-2.081334
4.265896
-10.192050
-8.089796
-4.513349
-4.298660
13.265421
1.530546
5.477007
1.738434
2.983419
2.869659
-3.508530
11.189961
7.552535
5.389190
3.324804
-7.867534
2.736209
6.320724
-5.872168
-0.196745
-9.544277
12.095472
8.166188
4.826385
-1.417573
-15.053747
-0.381324
-3.548679
1.097017
-3.264469
7.222608
7.502890
-8.812575
1.265696
-7.982892
6.732567
10.982882
3.506962
-1.861516
11.010098
-15.232650
8.715075
-2.872108
3.142172
-2.710773
-8.072526
-12.238123
10.485727
-10.783865
-9.896491
7.428563
-11.305113
6.515361
1.109245
-1.127610
15.267690
-8.711038
2.842114
-10.141753
6.695590
13.461198
-11.436007
0.359694
13.143566
-10.912746
-3.407526
-0.411958
3.370753
4.329488
-7.206649
-8.520180
-2.663059
4.334952
1.374404
0.345813
2.219049
0.894083
-1.527867
3.326168
-10.661467
-13.640081
13.062624
1.083790
1.615244
-2.278457
9.481833
5.528498
-4.442132
6.457690
-4.818639
-11.415819
-2.385432
10.893834
-1.059100
9.851447
14.707289
-1.460355
-8.198079
3.357417
2.611217
3.123371
-6.009406
-14.471897
-2.849455
2.030576
-15.911557
-2.026655
-14.964153
-10.615283
0.119234
-11.770436
1.220666
-14.690286
-3.569941
17.146170
4.653138
19.288860
3.222807
-3.510924
-1.804043
1.613046
4.383818
-5.435828
9.956379
12.693728
0.397094
-10.299746
-5.291255
-4.213930
2.689244
-1.295784
5.130186
7.893275
11.312596
1.892036
-6.746480
9.215345
5.506976
11.900399
13.793377
-6.487254
-6.758149
-2.651032
7.322884
3.390359
-3.623835
-1.448757
6.268377
1.388189
-9.231144
-2.008976
7.941705
-8.490373
-13.325726
9.864658
-2.307355
2.069673
-1.856671
-7.020800
-7.106306
-6.744981
2.108760
6.606779
5.823375
-8.173059
8.174037
0.564966
-9.120086
-2.306046
-10.279985
16.026371
5.122855
-12.721509
-7.011734
2.568163
-3.561265
5.619983
-11.541546
-9.240519
-9.020238
0.898039
10.633957
-4.492601
3.382723
-5.139455
-3.423251
-9.218403
3.943017
9.019108
7.618138
3.895946
-11.028689
-8.487442
-17.748856
-16.532154
-3.318632
0.985493
-6.647202
-2.808304
10.513099
8.012566
-3.779581
11.696570
-7.877888
9.786164
6.205185
6.254825
-1.403372
-0.882606
15.644791
-13.959822
0.656158
-6.461434
15.707638
-4.500230
10.618367
-10.124157
4.174336
-11.826848
6.147751
-13.234597
2.397254
-3.511403
6.519249
1.775297
-8.386973
2.003569
5.671138
13.039788
-8.251060
6.242055
14.969651
11.560721
-0.831027
9.352523
11.190616
-9.627864
-8.487809
12.846795
-10.067762
-6.818280
1.686890
-9.862426
7.834014
7.694648
-4.497797
2.129030
-2.981066
0.511047
5.322365
5.809706
-3.294454
-1.545451
-3.935270
-9.087835
6.434331
17.986300
-9.257432
-7.115927
-4.567294
12.912584
11.301798
-1.599801
12.533209
-3.621902
-6.426926
-1.170252
13.696699
-5.539889
-4.853357
-6.050513
-2.764943
7.172533
-8.747318
-0.362550
11.215491
-7.300440
-3.754809
-10.191512
-13.411761
-7.422493
-6.415317
-4.193508
19.866343
11.120320
-2.684824
8.875647
-0.756607
-3.402272
11.194222
11.099154
16.565386
-10.919635
11.952242
-3.118136
-6.442375
-1.143473
-2.502895
-0.189104
0.564887
2.684628
-17.039406
-4.358134
-1.615818
-9.722023
-6.077439
-3.793046
4.876496
-6.071409
7.897160
-5.512900
-12.205804
-11.009851
-10.174907
-2.006951
1.506619
9.634556
-8.310853
-15.369336
-9.573133
1.256794
-7.581695
5.927394
-3.500272
-1.110049
6.785291
-13.603402
-7.390468
-11.494720
-0.280187
-6.752158
3.131707
7.533904
7.357176
5.981109
-16.378874
14.120253
-13.296668
4.399116
-3.781608
0.260499
-12.781393
4.176178
-3.871831
-0.490197
7.635911
1.147376
-8.883861
-1.170557
-2.898345
13.674230
8.817495
1.355491
8.264335
-0.808606
-0.050428
4.818241
-10.100030
-17.210161
11.864106
2.996817
3.426857
-9.737183
-5.395591
9.888585
-6.376997
1.138225
21.574806
9.408921
18.984278
-14.692574
-25.141663
14.663098
-9.751330
7.613500
-4.339356
-6.121134
-6.837252
14.657223
16.157610
11.156013
-3.635891
10.818820
-10.392528
-13.036266
-4.210306
-3.965806
5.694665
-11.426743
-9.039855
19.076448
1.982178
2.711535
-3.019621
-3.670439
12.722601
5.526704
-0.468756
-11.032722
5.775972
-6.076158
-3.238240
1.255409
1.037019
-11.761064
-8.373327
0.993732
8.563982
-0.275011
-6.841481
7.007296
13.752544
-7.508753
3.388862
12.907578
-3.714649
-3.143838
-5.875491
-6.951981
-1.293614
4.738188
7.459755
-8.766598
-4.223800
15.899650
-7.684855
25.936365
5.643256
0.829629
8.684766
6.883980
2.001069
2.623762
-4.792317
10.584741
17.572514
-10.857010
10.272171
15.452229
-1.292862
-3.305529
-1.937416
-1.602204
9.085058
-14.793355
-4.754579
1.536420
-0.417095
-3.204229
-1.760932
5.912939
7.937267
11.328419
5.934186
-1.770330
-17.112305
2.475242
1.231386
-0.226017
-4.810863
-12.532099
-0.940250
-6.102427
-11.383348
13.236225
-11.618134
-5.725974
-4.597432
-6.367074
-10.421563
-3.838638
1.204057
0.143707
9.671753
13.308842
-7.713708
0.047556
-11.778556
0.410985
3.219302
-4.272007
1.123119
2.824157
1.018445
0.940443
-1.916611
-6.446497
7.671731
-2.890207
-14.186823
2.861670
3.734604
-5.437994
-3.193907
6.383544
-17.742098
7.346198
-4.455991
-1.630375
-23.110300
-2.876108
-13.719217
-9.416876
-5.214036
6.020534
2.455175
6.462140
1.792597
-11.835499
-3.453024
-9.509703
-4.025342
-3.032086
-16.192467
12.388652
-5.997495
-2.472527
-11.311256
-6.917217
6.255912
-1.195443
8.084717
-9.978581
-4.121327
-4.655259
-2.248412
-2.605064
2.496812
-7.941995
-13.119804
-0.775069
4.897379
-6.907448
7.833607
-10.173156
-7.655127
4.773249
-14.384501
5.930441
15.310624
-7.331540
-7.045933
1.879433
-6.345316
-9.387765
2.100203
-19.156391
2.832065
0.428958
-13.443114
-0.336647
16.849045
-8.773477
1.155389
-0.361940
-10.316412
-7.612846
2.618173
-8.405680
-0.677566
-11.679493
-4.812599
1.989054
-11.646844
4.566283
-7.190104
-12.196488
-6.399882
-7.954540
-8.364409
-9.875043
-2.439727
2.191092
-4.212598
-11.487419
4.159775
-4.457484
8.886151
8.549288
1.604673
5.558861
9.998499
6.128749
-7.217576
-11.454159
-20.390640
0.698529
-2.519361
1.306764
-7.869006
-1.739360
-17.515747
3.912738
-9.614149
-8.674087
9.932058
-8.201424
7.736759
-5.081009
0.267205
0.682479
-2.932079
9.522684
1.703483
-8.859434
-2.270087
8.712530
7.941464
-8.017516
0.059280
2.561393
-3.056936
-12.924783
2.828974
-1.722484
-1.672144
9.959811
-7.098722
7.863943
-1.614183
-3.959754
8.281778
13.124551
17.239550
-4.148475
-16.689272
9.804375
0.866055
-10.769508
10.796124
-8.763597
-3.027888
-2.720206
4.695811
-11.486376
11.642983
9.058969
4.103795
14.900791
3.180015
10.809607
1.063409
-11.457525
-7.349785
2.402685
-3.710090
-12.992766
-4.799652
2.380433
-7.161558
2.168000
1.792477
-8.124973
7.186902
4.677243
2.446869
-10.193718
-7.170531
-2.817666
-4.448311
-7.045521
17.122828
-0.288514
0.451570
9.443102
9.588110
-8.811320
8.308152
-2.443085
6.200999
-11.258176
-0.785049
11.215385
-10.867694
11.575322
5.127313
2.649818
-6.440005
0.226978
9.893016
-17.420288
-1.469938
-14.020888
-6.200555
-10.460004
-3.766736
-7.168582
-6.998601
-1.679476
-6.267367
-9.871215
9.509318
-11.501014
4.813816
9.609918
4.776577
-9.236334
-5.349761
10.044109
6.032800
0.743538
-11.595874
1.456743
-2.215944
-16.192739
5.127220
-3.756886
4.776202
-5.966838
10.033655
12.653810
-4.669758
-0.167304
-5.733180
4.187610
1.347557
12.449494
0.136144
-8.219266
5.613193
-13.971137
-12.344737
-13.364837
4.535975
-10.101841
-0.180711
-0.637447
6.582262
-9.229868
18.278250
-15.317529
11.751819
-0.966588
1.419286
6.443415
-9.601006
-3.871488
7.186329
3.397665
2.808141
-5.221681
-9.881525
-0.049149
1.040632
1.908534
11.456702
1.102635
-11.134692
-10.756058
1.359399
-7.468889
-7.648186
11.588607
17.918701
-1.701976
-21.133139
-3.747298
-2.316547
8.806092
-7.920789
3.268102
-0.928070
2.778695
-6.399844
1.016930
-1.894200
9.721196
4.889468
-10.478919
-7.812181
-0.840776
5.542270
-5.396567
-12.730928
5.062458
3.414571
10.763287
-0.951562
0.176231
-20.415028
6.468143
-1.255009
3.785333
-6.552816
-7.566735
-2.712737
-9.948833
-2.307924
-7.906853
2.439317
10.518899
-3.117473
8.580125
-15.590301
-3.009437
-5.048293
0.181403
-6.671039
2.583640
1.011004
10.705975
1.512401
-15.593573
9.962732
-7.403167
-4.329558
1.883246
11.951406
7.195853
-17.562996
-24.084105
-10.187701
-1.492108
-10.410466
-1.774297
-1.949008
2.265959
-9.871347
-2.131186
-17.216404
-3.545372
-2.478165
7.980541
4.264499
6.278891
6.973830
-7.518478
-3.906750
-2.373276
5.010415
5.342326
2.623838
-10.447932
-7.683409
2.608424
9.689720
2.085899
5.388263
-15.153375
-11.581775
8.986633
0.366708
1.790077
1.735471
-6.426951
11.029966
2.403491
6.115938
-6.828609
-6.044978
-8.399413
5.233207
4.525443
11.933712
4.947330
10.067749
3.157139
12.531149
7.481940
-1.537907
11.487307
-0.233764
-3.455457
9.561382
5.915302
-8.814707
-6.433289
-3.443083
2.017035
11.477801
-6.927988
-0.485876
8.382430
4.959176
-3.321184
4.634436
4.630904
-1.763095
-7.231477
-3.746577
-1.249286
-14.784519
7.273424
2.000091
-9.154092
-1.199581
11.096221
-4.361016
6.640895
-0.248027
-1.005461
-15.562367
15.415323
7.099801
-2.789255
12.071593
3.005764
-8.044795
5.117158
7.679670
-3.144203
1.752976
1.785758
12.598147
5.095807
-5.082769
-3.736746
-8.489017
-10.183699
7.557865
5.897346
4.096279
-12.938227
4.785144
-4.057912
-8.346834
-5.996327
10.452262
0.522131
-8.978847
-2.074677
-9.625486
-4.315264
3.255734
-3.626158
-4.906884
-8.070584
-0.258881
-8.227086
5.018705
12.903338
16.244270
0.256714
10.567947
-10.006893
-0.285628
3.044256
-2.698877
18.628319
-0.581903
6.756064
0.980151
-11.343699
-2.647032
1.461156
-8.214074
9.032806
13.546432
-11.905998
0.754385
-7.950809
-4.994672
2.456708
0.266945
-3.526187
-5.713073
8.212607
2.884764
-8.786613
4.205325
7.706731
12.976425
2.152867
0.366579
2.275530
7.234443
-4.954894
6.896936
-3.447271
11.756433
1.056949
4.149873
13.198734
-5.199294
-13.661376
0.086021
10.305541
0.137278
-0.758595
7.908007
6.154334
-8.221700
3.743336
5.690234
3.546697
-3.035650
-10.734645
0.535646
5.798570
-9.516912
6.573232
2.546795
-1.204826
6.452969
0.487073
6.225331
2.494542
12.675952
-5.680471
9.280715
-5.378566
-1.884392
-10.399344
-8.362681
1.499048
-5.641083
-15.448888
-18.295153
-6.335673
-4.880030
16.406713
-1.039206
-11.967764
-21.233480
7.739046
0.099145
0.834871
8.462110
-15.027272
-3.635499
-9.056925
9.203001
4.667243
2.938302
4.124341
-12.908194
1.477243
0.665758
2.381254
-5.107978
-4.658561
-2.004158
7.441896
-6.784393
-9.446941
13.380245
7.787654
5.739864
-5.590288
8.438684
-2.003086
0.559147
0.583222
-8.879085
-1.951900
-8.963947
-7.658079
-13.769160
-2.961939
-9.571890
3.687427
4.283533
-9.690611
-10.087717
0.953824
6.987335
9.773543
4.377542
-5.754611
-16.238682
0.180313
6.057094
7.828932
9.715266
-0.549650
-10.349146
-13.940686
-10.544769
-6.987662
-16.670691
-3.831059
-4.368022
-6.638013
8.887213
6.435582
5.881472
8.566104
-7.464007
-12.190149
-12.167718
3.359190
11.225527
5.352652
-11.903612
0.226271
-10.699855
-7.070739
8.870967
10.914064
10.438551
-10.346953
-9.664436
-11.347872
5.757153
10.042131
-3.393517
4.368273
-13.616573
-1.851581
-6.755292
-4.502501
3.935444
6.475940
9.860503
-16.961727
9.954552
-6.210995
-9.601267
6.459955
5.254750
1.670032
4.314594
-8.771826
-8.844935
1.753299
3.438246
0.442788
-4.584186
5.513875
7.415190
6.044221
6.679965
-9.485488
-1.238292
2.607845
-9.672668
-4.196211
5.001079
-5.849078
-7.282147
-4.128137
-1.188478
7.194923
-2.067401
-5.980021
18.940004
1.271782
14.418985
11.477108
-12.544665
11.922584
-7.541666
-3.213078
-1.347136
-3.984532
-12.616823
1.326571
15.283813
-2.377180
-0.841488
7.919274
-1.859445
-10.493447
-1.792361
2.536855
0.293094
7.386970
6.100395
-10.324474
-9.118449
1.586574
-4.318051
10.567511
11.661704
1.311297
-11.016681
-12.182818
3.745943
7.989548
8.468987
-4.520139
4.461157
4.895206
12.272992
-8.626436
-11.309393
10.424227
-10.253301
1.412305
23.166552
-2.708645
5.483840
-6.648739
-2.013944
-4.867117
-2.228546
-5.570942
-1.043211
-2.752214
11.487722
9.401054
5.016398
10.423185
-3.261765
14.768023
4.719110
-2.113403
-6.607509
0.800585
5.842807
0.811202
-13.844525
1.784461
-8.372922
11.870304
9.214701
12.671412
7.508396
3.602984
-11.210576
-5.469228
8.963722
-3.553882
-2.704230
11.071595
-4.920862
6.756179
13.433050
-3.617076
-1.102626
-1.527676
-12.274604
5.783612
-18.583765
-9.530236
-8.823384
-10.778860
5.748028
-12.041704
-7.264938
0.233215
12.770147
15.301858
9.729459
4.202349
-0.566988
-2.520364
6.617996
0.636666
-2.843937
-5.941929
-10.151691
7.557281
6.090247
6.250573
-1.824224
-4.742926
-9.874719
5.068883
0.945470
12.008244
4.407092
-13.271308
4.920748
4.542477
-3.009558
-7.378919
-19.729650
-14.534962
-10.835247
-7.208117
-0.520915
-2.558039
11.772711
-0.000954
13.797574
-1.195778
3.887056
21.517929
1.987244
-11.031997
-11.391708
1.254079
-2.764132
5.826764
-13.348250
-5.404128
-0.334285
1.307121
-13.970201
2.056571
-9.712934
14.996526
-4.668555
-7.738803
-1.126581
-8.989246
-4.150667
-9.699045
2.308479
1.819119
-19.212877
-6.482166
0.959301
5.909291
7.151844
0.335509
0.346884
1.662643
11.145115
4.719626
-4.222499
-16.878683
-1.791846
-9.290842
-15.540855
-3.865274
5.691846
-10.078142
6.398484
-2.114071
4.352697
-2.597651
-14.693523
-18.401623
-15.367188
-4.009392
-11.657202
-10.507402
8.150106
7.015413
4.442443
-11.089499
-12.453574
2.967804
-1.326265
-15.084221
8.445009
-11.962047
-3.841795
12.483605
2.101876
5.534138
3.958323
8.600288
9.525276
-15.322733
6.753332
-9.163118
11.249811
1.161650
-6.211514
1.343510
-5.898200
-2.341368
-19.814857
-15.902984
-0.939890
-4.327309
-3.792034
-1.279153
11.407159
-11.202810
-9.051809
8.365411
-6.806100
-2.060998
-11.079651
-0.498667
-12.368465
2.604939
8.293231
5.107983
-2.757646
0.184501
4.902365
-5.247070
9.947835
7.274666
0.289584
-10.838955
-0.469074
-11.306431
-10.258476
3.426888
12.504367
-12.048096
-2.713288
-5.646424
-2.787828
6.336536
9.568837
-17.585352
-5.314573
7.433235
-19.850164
16.693768
-14.811768
-5.536799
-1.342956
6.280244
-4.027294
4.244384
8.935870
12.579983
-21.310854
-5.469120
-11.193323
-3.528414
2.530169
3.600927
3.943879
3.095110
6.136280
-14.318351
0.174452
-9.607772
-7.535157
9.868212
-6.911071
-2.713797
2.114269
-8.339078
8.794811
3.179722
8.323646
-2.937424
1.493401
6.524631
-7.756335
-2.402494
2.747592
4.371267
-7.163773
1.285390
-7.557559
-5.517984
3.029546
-5.712412
9.282430
12.907020
-1.926632
-13.006681
-15.656127
0.089467
5.911035
5.440443
-9.004309
-4.758795
-9.630783
3.748466
-0.535833
-7.938547
-16.613474
0.504496
-7.110180
-7.664653
1.036870
-5.177064
12.614467
-14.150112
-10.553067
-8.696589
4.245565
8.999614
-7.699108
-1.897760
-0.219953
0.197646
-7.322021
-0.051856
5.310318
-6.349953
-10.664527
-7.302843
-1.056793
-10.782545
1.473767
-0.042700
6.246671
-8.843534
-5.253149
-8.774010
-17.138739
6.234764
-6.297993
7.552308
5.181578
-5.119404
1.714534
5.018251
-9.605812
3.397259
0.417185
-7.723428
-9.629133
-5.222657
-5.554134
5.007550
0.061175
-5.688331
-2.389761
4.367544
18.532892
5.138865
-3.206741
-3.716850
14.227820
-0.620913
4.504769
-2.786520
0.898525
-2.476437
10.773491
-6.745572
1.834059
-9.698822
6.408979
-3.843203
-7.400250
10.343060
10.231006
-2.312174
-10.944715
-5.660723
-0.069194
0.371471
3.190469
-10.388021
21.582985
-10.174792
0.889168
-3.455487
14.630648
9.176612
5.216003
11.451024
7.667732
-2.514965
4.772376
7.166191
18.611618
-8.896700
1.590012
6.295727
7.704463
8.208044
7.632147
-0.445835
3.417816
-6.576397
-9.483397
17.341330
1.124748
7.264714
-2.990069
5.577949
6.913179
-9.899475
5.263591
1.322499
0.858619
-5.906086
3.817089
-9.293375
9.614529
-6.570417
-3.447076
2.987872
-3.244388
4.992645
-6.722081
1.122541
2.260833
-17.108410
6.125406
6.932375
-0.493423
15.127158
-2.406654
-15.833409
11.290173
-4.866365
-15.858527
-5.253591
11.804718
-0.462001
1.449947
2.416452
-7.713472
10.968152
2.516504
7.000696
-5.714344
4.499895
-6.646898
-4.381539
0.113310
-12.489244
-8.925942
8.528494
10.966413
-5.364974
1.700797
-4.080269
-5.221106
5.080737
5.030110
6.031976
1.597045
2.268333
10.451501
-11.546566
0.819877
2.658661
5.658219
5.541585
1.988651
-12.840500
-11.726338
-1.070526
-0.200339
-15.682039
5.821141
-10.248702
1.646530
18.360994
7.783534
7.256455
5.272035
6.627940
-2.407043
4.325521
8.447894
-7.598028
-6.246263
-10.860384
-1.767740
-3.453990
-4.397404
11.290726
4.273902
-8.378964
-6.792440
13.520620
2.986684
-12.178626
9.553991
5.161331
5.581688
-12.228946
-22.093353
-4.905230
10.782028
-6.370167
0.200540
-16.658707
-14.230743
-6.693289
-16.683901
-2.341079
-2.226927
1.622140
0.827263
8.844746
-14.233171
0.672994
5.327645
11.034058
-14.057089
-0.669677
-0.532183
-8.242445
-3.830675
-8.684327
-1.007653
5.469395
-0.926736
-5.786597
14.192939
-5.137867
12.705006
-1.975983
4.206370
3.926413
12.204168
2.671019
-1.646393
3.529403
1.616952
-9.209811
10.281220
-4.922696
-7.096128
0.905560
-3.290447
-5.468872
-12.823146
10.318847
-11.918885
10.074324
11.772128
3.609389
-13.887269
8.474500
-6.484608
-4.131439
-14.878896
4.146978
-17.688408
0.935055
-11.128907
-8.691552
-1.300323
-3.861034
-11.061681
-12.989256
-0.691814
3.803307
-19.024120
3.423536
-6.483080
-6.642083
13.386514
9.234984
-1.557149
0.421501
2.471643
0.316044
-2.457608
5.644282
4.334710
-10.800264
-2.344924
-14.133727
2.369924
7.146816
4.384823
4.040092
-13.596156
5.918325
6.652408
7.726095
9.487942
3.197981
-3.608073
-6.297916
1.879543
3.072748
-4.571772
-5.386660
2.074973
-0.241304
2.310508
11.647379
-2.549486
-9.728338
-2.280005
1.963762
25.359941
6.196430
9.222371
-14.099030
-3.225587
-6.657114
-8.035409
4.395925
0.213192
-14.035970
3.924062
4.254768
-6.733615
11.650795
-10.047548
12.128519
-9.119623
-5.964679
5.092476
-5.180716
-0.985354
14.079835
0.762250
-6.589613
-3.114514
-0.688729
8.058618
12.433969
7.720245
12.697424
14.979751
18.190090
-7.465741
4.289923
0.947048
-8.627823
-0.261897
-4.823149
15.295136
-8.084964
-8.196663
-2.703300
10.214616
-5.580778
2.815604
-4.704394
5.503986
10.195831
11.861092
-9.718844
-4.853095
-4.389965
0.632161
-1.752693
24.773836
-8.810157
-3.464578
2.501660
-9.154409
5.523110
-9.291954
-5.664209
10.777227
3.148433
15.102754
11.298602
2.981920
-8.181789
-12.964419
3.667996
15.021254
4.230956
10.757205
3.021607
0.536789
3.501305
9.037549
12.319184
2.695545
6.262037
0.681682
-2.918487
-4.634574
0.043572
-3.618114
1.518557
2.517820
4.129094
-12.432542
-1.662393
0.884086
8.728452
-12.269291
11.264906
6.992204
-0.174512
9.535161
10.794842
7.572066
-2.145542
1.458833
-3.061526
-9.516733
-5.142886
-4.560883
-12.972013
3.379116
1.156397
-0.474579
8.143831
-1.204985
-0.412056
12.376496
1.809431
-4.530712
0.404431
3.304891
-1.019346
-6.382711
16.638191
-9.004446
-5.148757
-11.703413
30.890497
9.355868
4.804531
8.798217
0.899165
-7.114864
1.005917
0.182826
-12.425320
13.325728
3.416728
5.305742
-6.733541
0.581178
15.195573
3.939493
-3.596646
4.492306
7.907405
8.021504
5.369037
4.671120
10.147920
8.669550
9.513463
0.998700
2.426242
-8.962027
8.876827
5.406853
1.234596
-7.098338
2.271343
-6.522957
-20.185545
-6.351776
13.617688
1.604074
4.621380
9.703304
-6.841991
9.992161
1.213791
7.607204
-6.633150
5.949943
10.861992
-5.418958
3.847168
-5.320064
2.803642
-2.904911
-9.395251
-13.793492
9.297730
-8.924912
-8.100286
-3.365683
-2.145472
-8.087722
9.105699
2.956014
3.656667
-2.245309
8.697174
-3.394272
4.253334
1.138034
2.725372
4.344550
-7.482489
-1.768782
6.447349
1.042703
7.063240
13.575833
11.737595
6.131149
4.738954
12.568747
-8.782405
-11.190680
1.535867
-10.990152
0.747116
4.336844
-3.573281
-5.517186
8.592698
-16.326700
-8.228706
-0.376178
-6.973323
2.091352
-10.000060
1.290764
-13.670145
11.248056
-9.872702
-1.111487
-14.230247
-5.599805
7.043162
6.068358
-2.867924
-3.801767
-9.990547
2.367167
12.033096
-12.307138
1.308846
-6.848382
-18.673096
15.857555
-5.037928
-9.151437
4.461339
6.867486
2.421333
15.776503
-5.292070
5.231519
-6.398671
2.154487
1.755871
-2.956476
-12.056071
0.087103
-10.184143
10.888908
4.730967
-8.535435
-0.278638
1.557298
-12.099331
-3.459806
12.041569
2.889251
-10.804196
-12.258427
8.956470
9.075047
10.149115
-13.043912
-9.496051
8.321726
-11.316998
1.436027
7.038853
10.413070
4.977133
-0.343645
-8.478642
-11.740886
11.639257
-6.877074
-7.436798
-2.074958
5.064230
17.211605
-5.872691
-1.857445
-13.256963
-8.801035
21.534084
-1.821325
11.581727
-5.251272
-7.094831
-2.695136
-8.927498
-5.226097
-20.908495
-4.050997
5.847714
-8.927555
1.497460
4.230924
2.535575
5.468945
6.934848
-14.684199
-6.406808
-6.543154
7.698645
-2.880122
-4.775671
0.719103
-5.329525
0.956286
-6.042303
4.136449
3.214368
-7.959415
-1.251759
-4.716185
-5.727821
-2.904403
-4.051820
5.227667
10.896592
-9.625123
4.861720
16.967485
19.543228
0.407153
9.241456
-3.490236
4.544017
5.405543
14.028514
-1.124542
1.161517
8.484110
5.484743
-2.522701
7.485486
0.613794
19.147493
2.722454
-2.600823
-2.192304
-8.537911
-4.796153
8.635019
-4.813974
4.365620
-6.456053
-16.808649
10.896541
-0.960460
-8.693502
15.074729
2.626921
-0.581687
1.122446
-8.990775
-7.025651
-6.889368
-8.566896
9.198921
1.583765
-4.079586
1.814093
-3.416452
14.905484
-13.763467
7.688706
-2.070810
3.916976
5.731707
2.065393
-6.627116
-12.416041
10.045204
7.442991
-12.592286
5.866516
9.016124
6.184573
-7.174600
6.041812
1.767078
-6.962504
2.751623
-2.433403
12.654870
8.714200
-12.743231
-1.585902
18.331099
-15.850524
-7.157573
-8.798250
8.596363
-6.589459
4.062641
-10.460178
-1.750723
-4.886549
2.151895
-10.950456
3.520773
-1.333920
4.598305
0.771722
5.295279
-2.305551
-2.029744
8.763088
-15.318158
-9.856405
-7.190773
-11.999807
-12.298910
-2.676129
-7.104194
-8.138160
4.167723
-1.658144
15.414999
-10.077183
5.856889
4.569596
-13.171426
-0.707747
2.588791
7.092735
7.254804
13.086846
4.285738
-9.224412
-12.792075
8.805043
4.786257
5.597255
4.719888
4.667282
5.706730
3.722908
12.219751
6.987660
5.817960
-10.349685
-1.166200
-2.324748
13.078870
-6.494154
-12.454735
-2.081119
1.797957
1.740827
2.118071
12.106915
2.907967
-11.853617
-12.526348
-1.294620
-15.105161
-0.248788
4.159109
-8.247176
-4.386016
-9.763996
8.300635
5.923345
8.218430
-12.631832
6.290654
2.653573
-0.562003
-6.460159
-12.783575
7.846206
-0.843491
-1.070775
14.643205
-5.123011
-6.645982
12.723028
-12.494872
-8.629733
-13.612203
7.168274
-11.419720
3.365812
-5.299638
7.077260
-4.278397
-11.042767
8.877882
-4.940206
6.760441
-6.773703
-4.687706
-2.766824
-0.057164
-18.249817
11.163696
2.247903
-8.959946
8.263220
-8.343777
-11.946733
11.910587
-5.091274
8.841434
6.856742
-5.157983
5.869425
-5.812104
-4.876193
-10.970140
1.358412
-15.459991
12.777872
-6.001248
-6.015003
-11.577890
7.151577
-8.010342
4.974064
-4.504293
-2.047335
-11.161612
5.940577
9.167764
-13.352116
-1.192862
-3.015888
12.032272
1.105192
2.450377
1.480274
-6.576769
-4.679883
11.309578
-1.461411
-20.127581
15.028970
-20.782974
8.099127
3.987324
-0.566349
1.304126
2.511977
-9.924348
-1.244622
8.510592
8.942093
-4.440825
-1.536273
1.697808
-1.705871
9.194971
-3.251765
11.650558
16.194567
7.790528
11.570692
0.593476
-0.132812
5.104875
10.428251
7.693271
5.605416
-1.061610
-1.031164
2.306810
-3.379838
4.490457
4.316747
1.480741
1.872960
-6.063107
13.485448
10.220483
9.556056
-7.858873
-1.638910
-18.807703
-4.405167
-7.540122
-2.460584
-2.093171
-16.237864
6.131823
-9.020058
1.845152
5.460172
-6.436663
11.390544
2.045154
4.315400
-2.363694
-7.962211
-3.619123
-4.084148
-2.162341
2.468258
2.218490
-8.685465
-5.518872
3.733026
5.589207
4.788271
2.767329
8.810474
8.856889
-2.903643
-8.395128
-0.137283
8.971985
4.784535
-9.362172
3.382539
0.000118
-12.787213
4.208231
-1.709018
1.617028
5.911323
0.195295
13.802952
-5.655834
-5.272523
-1.372736
-7.918736
7.520454
8.317704
-2.528070
1.306813
20.981216
-6.048344
5.973617
-5.398985
-8.022230
8.608063
-4.813856
-6.455113
-6.485254
5.085379
-7.208941
-3.418087
-6.150554
-2.670735
22.045862
-12.946775
-9.852474
0.487760
7.443195
-5.439345
5.081502
-14.768631
6.690691
9.711592
2.620521
-13.567318
-8.816647
10.005280
-8.247454
3.512519
4.775134
-4.279891
-8.789021
-8.786407
-7.071803
10.355209
-6.193571
13.278429
-14.096371
-7.157566
-2.952079
4.252233
-8.535756
3.548161
-6.046636
-12.871689
13.134552
-5.074286
-8.873121
-11.806593
10.540865
3.999120
2.159438
-7.043737
-15.475414
-1.007397
-14.123137
6.521042
-10.061921
-4.947491
-9.445704
-4.558428
-5.714172
3.124546
2.677324
-2.352810
-3.127981
7.888423
-0.502179
-8.688344
17.503376
-13.244759
3.553998
5.034744
11.497251
18.768837
5.490272
-8.261157
-3.360292
8.974340
-5.303409
10.723601
2.122289
-5.858906
-4.100564
-10.660818
-9.269061
-2.017226
4.628004
-10.115946
6.291363
-1.481962
6.262302
10.866184
-12.168737
-11.042475
4.420327
-14.890082
-6.000083
-15.322125
2.553483
11.628842
-6.516493
5.018549
-10.372231
-12.363277
9.855702
-4.397182
4.645189
4.894395
-6.946976
9.051070
-4.349316
8.149628
-4.769779
13.620988
8.514751
9.526830
-15.908867
8.928807
1.744383
-6.424384
-0.430289
-6.065187
-12.228254
-9.399586
5.835795
9.861829
-2.134445
-1.556260
-14.665286
-4.826852
-0.784230
-17.114546
-10.338452
13.081964
-1.220041
-8.538067
3.367291
-7.353023
-0.486231
-10.525615
-15.144907
-1.561089
-10.695147
-8.467578
4.763565
-4.147246
-0.131416
-5.906921
-5.600893
5.317107
-3.973339
-3.884390
-7.062899
-9.649880
9.629242
6.767529
10.780644
13.438487
9.661777
-16.158764
-2.567888
8.205888
8.399969
14.676798
-1.025117
-2.212038
-5.075167
-3.462617
-9.891592
3.813501
-8.498919
-2.502262
7.806658
-11.191723
-7.497011
8.097147
9.030621
-6.863822
5.553394
8.400978
0.242149
0.060350
-5.317744
0.262871
11.279715
11.455669
9.650164
9.618418
-5.126356
1.046771
-11.712652
7.562145
7.766449
7.915353
3.961404
6.469689
-6.282620
-8.770102
-4.790913
-5.450116
4.538913
10.751057
5.148418
-4.008212
3.202538
3.286250
6.425455
-5.965130
6.580922
9.538803
-8.078441
12.076673
-10.170546
-8.070107
8.397337
-4.284758
19.827343
-5.003458
-0.430416
-11.332896
-11.033381
7.107809
-8.674455
-6.576333
-0.361151
14.637268
10.726446
1.459100
9.062446
-0.998067
-1.891060
-4.063044
-3.596632
-8.313236
10.441555
10.336177
13.440839
6.742710
-19.633875
10.483541
-5.683052
8.489492
-0.760440
-9.404743
-10.632581
-4.918308
11.261677
-7.337961
-8.507415
-8.650498
1.310117
-6.980747
-3.677608
2.998955
13.071568
2.587195
-2.764273
-2.245232
-8.817367
-6.756325
-6.330015
6.588794
6.687921
7.425980
9.519219
0.232413
8.032866
2.064490
5.021032
12.666048
-4.705049
-1.172722
14.586185
5.875470
-1.578822
3.825029
-6.279113
9.807237
-11.506593
13.748214
9.904756
-0.327360
8.368334
1.213976
-5.656282
14.749229
10.950593
-2.800010
-4.598505
12.144189
-17.015568
1.954156
-15.056962
-2.727129
1.917911
-2.115560
-2.800787
10.041797
15.625877
-3.785816
-7.617819
10.541256
-9.171805
4.929164
6.201446
-7.898993
3.804531
-10.026154
11.174556
-9.467378
-9.306554
0.186001
-4.757735
-27.909254
9.689161
-4.138265
7.542829
7.118502
-9.339132
-5.713720
4.456444
-7.789756
6.148116
-10.401226
-12.532217
-6.142390
5.530180
9.501732
-4.822420
-10.567861
2.737087
-2.678572
-0.060359
6.326414
-3.898852
-0.405939
8.581897
8.380908
-2.675871
-6.357852
-5.259036
0.796300
4.738613
-0.813979
7.441007
-8.345634
-2.753231
13.456738
-3.606388
6.058925
2.784300
6.194237
0.490806
4.094812
1.862011
-2.879635
-5.902490
14.047813
-9.869148
8.256642
-10.438587
-0.544039
1.617545
-6.526062
-10.719371
1.748381
-6.578932
-10.667434
5.091842
-6.990066
-3.520206
-3.596346
-9.865184
-1.464347
2.020424
-12.190229
-9.997836
8.939238
-10.425912
5.665637
3.915570
-5.796417
-17.761555
-3.042950
-14.542368
-3.538674
-4.436284
-12.440305
5.404816
-4.497810
12.481171
5.903492
-3.477919
-10.749720
2.695601
2.144006
-17.023743
-11.123467
-5.685140
4.320206
14.617032
3.708308
-0.577803
-0.134637
8.924064
-3.902944
4.790231
6.105757
0.006674
-1.041380
6.140793
-3.702605
-10.007519
-6.715644
5.947205
-8.412127
3.318160
-4.519970
17.278290
-16.934254
6.434304
1.945937
-4.034577
-4.930830
-13.805619
11.681117
5.175047
6.218684
-16.731060
8.667641
-0.790456
7.087748
9.613567
-9.922569
-21.921261
-23.660652
-0.406254
0.985734
-0.875561
-5.999733
-3.715088
-7.854739
10.722908
-1.686010
5.332964
0.713922
3.391004
8.436071
0.611304
2.144686
-4.813539
-8.099920
12.954220
-3.309129
-12.297128
4.851954
-8.340317
-4.121545
-7.511527
5.975909
6.879781
-0.055280
-14.268023
-7.832062
5.659442
-18.012869
-0.879502
16.239779
-2.259104
-3.065651
-8.609045
-13.236501
-4.551568
8.361487
5.138869
0.709030
1.928423
10.591248
11.047435
-2.862791
3.548495
-1.666958
6.491119
-8.291097
11.216887
-15.194128
-10.541204
-8.024560
-7.015982
-8.132255
-5.651312
-11.615651
-6.606746
5.396960
-0.234217
-3.058595
4.495685
-2.073892
2.423347
16.008114
12.229376
-10.160847
-8.617229
5.576855
-3.406799
4.359960
0.285744
-8.500970
-4.602051
8.406366
-9.606818
-8.498366
-5.419522
-10.190774
-5.002950
-1.064652
9.236390
-4.040421
6.875567
-8.867024
9.469580
2.154832
9.611938
8.891673
