-3.751089
3.550554
7.195642
14.086633
9.013452
5.109855
-3.585441
8.036828
5.643061
-3.409744
6.296390
11.670712
3.852628
11.414846
5.896835
-6.085059
2.778191
-11.210174
7.388131
-7.310380
-6.482840
4.848871
7.334056
-29.653364
3.537781
0.109837
-18.085970
8.586825
-0.635265
8.253621
-3.960543
-6.254532
-5.813340
4.143129
0.605492
13.105772
11.320221
4.767658
13.283146
-1.635601
2.274112
-6.401022
10.097155
18.401934
1.687026
11.401591
11.644862
7.564763
-1.965913
3.742463
-8.766487
1.363571
-3.598697
-9.330731
11.484988
9.923907
8.992719
-0.662445
6.620449
-13.031175
3.212160
-3.001492
-2.795142
-2.995346
0.846300
-7.394420
1.268980
8.544784
-4.263468
8.646535
-5.075215
0.607199
1.601776
5.868783
8.082703
-22.048471
3.084014
-3.492698
3.468813
1.308447
9.523866
3.501200
9.855005
-3.856364
-4.794758
-23.798365
3.177681
-0.060548
-3.667683
1.314953
13.818146
-7.367052
6.883504
6.105107
-1.200809
-4.464384
3.253859
0.012103
4.472535
8.373502
-5.631923
7.715898
1.085885
4.777061
9.178991
0.692018
5.751674
-1.914729
-3.301890
2.690094
-1.826038
2.786266
1.834349
8.120657
-11.992376
5.925728
10.497539
11.087538
4.997234
-13.063997
16.152773
8.251428
6.860671
11.089536
3.744508
7.617623
7.175837
-13.107669
2.857421
5.583811
-4.286420
5.391404
3.906855
11.729595
1.982478
1.211363
6.919708
-0.456514
1.716949
-11.031439
-2.073689
-5.655311
2.514388
-8.221418
-0.108303
-2.408789
6.146459
4.320441
-12.734745
-6.078698
0.757639
-12.778008
3.716578
4.001263
-2.220111
-4.297204
4.491817
4.090846
-4.118547
3.236104
3.525393
-1.068846
3.600107
7.746767
-6.413675
-2.033842
3.987126
-3.988756
2.315273
-6.220780
6.313789
-0.718411
8.306973
-5.041910
12.918665
-3.689743
4.881063
4.359297
3.274748
-1.758362
-7.584154
-1.564145
9.486506
3.739097
-1.242873
-5.389615
9.646208
-7.045835
-3.832706
12.016798
12.770830
9.207455
-1.804006
8.245263
-3.519282
-10.967493
-9.906912
-0.218803
7.672063
4.473201
-3.116167
1.000472
-3.952267
3.580564
-8.364864
10.749819
7.448738
4.094799
8.602830
5.228570
4.175494
-4.154259
-0.253529
6.129383
0.452968
12.807547
-1.633615
-8.779679
0.216654
-3.136139
8.906329
0.055219
-2.055392
-2.458062
-13.271753
1.509500
3.945740
-1.827476
-8.582160
0.686794
7.327821
-3.024752
13.859259
7.632388
-9.862916
-5.120549
-9.788200
14.139652
12.717054
10.676622
-1.005830
1.374225
0.695306
6.148794
0.901523
15.063515
-2.256062
8.664182
7.473737
-5.777732
-0.612776
-8.595152
6.780274
0.040752
9.673861
5.819078
-10.216669
2.017062
-9.666214
-10.707383
-5.402243
6.660254
2.500897
2.227538
-5.257885
3.443704
0.540566
5.060688
-6.525752
2.914930
-1.221187
-1.548000
0.344689
10.477081
-1.128997
3.073476
-13.064230
-5.516567
1.961395
5.078148
-5.483777
5.181259
-3.101891
-4.585780
-9.103170
-11.204079
4.509138
-2.416266
11.380468
-5.525665
5.138772
8.075519
12.089244
2.776898
-1.357673
-6.791632
13.228678
-11.297287
-15.416612
3.078643
4.704525
4.936794
-4.476197
0.738282
-0.434135
5.674948
-8.392451
0.943792
-2.695334
9.187304
7.477934
4.595179
-14.156083
-8.052723
5.659375
10.324227
5.190782
-4.104106
0.674666
13.645126
2.625251
8.909011
2.267009
0.604633
-6.519379
2.917124
-2.672725
9.468118
-2.048795
-8.162653
2.286711
-13.883410
11.305951
-0.278607
8.779062
-17.925520
1.229548
-7.356209
-9.283768
-6.180474
15.948516
-3.550240
2.087036
-23.499485
1.420239
4.388312
-17.549652
-9.434362
2.260900
-2.578008
-10.085089
-8.296421
-10.020110
3.567615
0.964199
7.767433
11.431052
0.324782
6.055437
15.131078
-4.018861
10.079981
-3.696116
3.091671
-6.108479
8.252458
-0.536520
6.906564
2.031267
1.778901
3.729744
9.490627
5.372906
5.540406
1.938719
9.696420
-9.230064
-2.104629
3.167831
-4.225820
-2.193933
-7.809958
-9.781008
11.074361
2.256669
-0.625396
4.405294
5.637763
-3.060313
11.901526
-5.596069
10.051635
0.538623
2.585984
5.839528
5.159036
0.466028
-8.593550
0.155263
2.167451
4.915818
-2.959771
-3.507365
-8.406389
-1.652150
6.169650
-0.858618
10.708307
0.126614
10.036631
10.916997
5.971862
-2.425625
-11.397063
0.892402
-6.324688
-3.304084
-9.188694
-5.820182
-2.680925
6.597061
-4.035812
2.144530
6.392337
7.599168
-5.075251
-16.340130
21.986893
1.285010
10.404477
11.356784
2.013786
-1.650438
-0.921134
-0.274426
-1.949531
-0.695496
-4.628422
3.497845
2.355562
-10.609402
-4.452670
9.022285
0.476090
-0.430742
-4.489124
5.494854
5.411438
7.511889
5.964142
6.650553
9.184997
-2.771377
13.282183
-0.271868
-0.899915
-2.128590
7.776083
7.510409
-11.809122
11.340767
8.213080
-2.104431
13.684666
-5.033859
-7.183226
-6.636793
-2.056806
10.083967
-15.998408
1.321362
-8.256090
-4.547422
4.278793
-4.174043
-11.285060
-1.253888
15.584538
-9.724631
1.672838
-2.536019
10.277833
7.845665
6.956567
9.862685
-2.512707
-0.260142
8.089563
16.959673
5.839440
9.103380
-11.855810
-0.247403
3.877287
3.324277
1.348907
7.864742
-5.712202
-8.271171
5.090364
0.826772
-12.897760
5.363081
17.081099
-2.515927
8.681427
-3.177109
7.156409
1.123862
-7.634379
-12.082524
6.978958
11.429451
7.308576
-9.223904
-12.123283
-9.327326
-13.268202
-3.179383
4.899328
6.363109
-5.446544
-1.347087
-15.523893
6.893142
12.069562
-5.591321
-1.327695
-4.888993
2.337586
7.004807
-10.263767
-5.829906
3.473316
6.508321
-6.397187
-0.983905
9.229499
-3.306827
4.505345
-8.370889
9.297045
4.167220
1.875546
8.645284
0.839547
2.101361
-0.681780
-4.356328
-3.980306
-1.466057
8.201030
2.392225
-1.877348
4.077319
-16.893806
2.145888
-2.779728
-1.674298
3.980042
9.110508
-10.358271
-5.103113
3.107574
-3.375645
2.232162
-8.599436
-1.538504
-1.747557
4.551922
10.822750
-10.724271
4.831454
1.794807
-11.433063
-8.282074
9.136454
-7.651790
2.675444
-13.089991
-16.330145
-13.855093
2.652542
0.769010
-3.698320
-7.148762
12.142673
-0.777629
0.945091
0.414267
2.751405
-3.601037
0.299395
14.325418
4.645998
5.323408
12.892563
14.217845
7.538455
-5.109220
1.802416
5.492628
13.999693
9.532938
-5.486021
-8.316478
3.057758
5.549966
-1.269406
2.242095
2.990388
-3.544155
5.212097
9.847521
-1.778578
-8.459594
-2.749346
5.934060
1.836896
5.678570
-1.670972
-7.420910
-2.154823
-3.792203
-4.361753
3.251116
-11.243343
2.504754
-5.979027
-25.270948
-3.358150
10.325779
6.904353
1.271941
1.367651
-9.245479
1.549542
-5.157332
-0.710571
10.128075
-10.086809
-7.274093
0.932970
10.589818
11.501895
-3.544284
0.037156
3.366149
-8.670466
11.103640
7.589137
-16.517122
-12.692842
-0.374049
0.676117
12.663652
8.831374
9.176435
-2.806877
2.506135
13.808499
-15.561262
3.624822
5.168450
-3.943496
5.118027
-9.761504
8.519779
4.454184
3.328544
-18.380205
4.781384
12.267633
12.816724
-6.645127
-6.935903
14.537245
7.511141
-0.085594
-18.251312
-12.590175
-6.046016
-16.914814
-9.107111
8.328516
2.434099
4.262006
2.487387
7.768992
5.556974
3.571957
-3.664997
6.497489
-12.229359
-5.591440
9.862246
6.577999
3.550931
-11.698133
6.869431
2.114807
-1.847219
6.802818
-10.054130
-9.299930
2.626153
1.336865
9.384663
-7.820755
-19.035015
-11.573856
-6.079256
7.444622
-8.440309
4.928589
-5.129866
-0.825854
13.071851
5.412196
-1.992772
1.138868
15.928467
9.099348
3.850369
7.852084
-3.528749
1.045209
7.209375
5.969552
-6.291252
2.988305
-5.545218
-2.667251
-9.518084
-11.022442
-2.426824
6.662891
2.246205
2.174886
-2.743305
5.047812
9.069166
-1.575022
11.499628
12.222557
-3.024976
-4.708420
-2.163792
6.210438
5.755688
-0.906743
-8.250276
4.281353
4.829032
1.664518
-1.359968
5.824729
-17.195004
-7.926327
-4.260464
-13.519137
9.691114
9.107339
-3.607626
10.481421
3.264509
5.089250
13.060105
-6.272597
-5.307831
-12.393384
3.911058
-10.895347
-2.660374
-9.166725
-6.925812
9.910893
-3.382731
8.618951
-11.504828
-1.030059
12.463366
-4.847326
-3.356547
-3.655341
7.507418
5.527679
0.503986
9.168567
-11.594419
1.780141
20.859722
-5.526059
-5.555017
-1.080281
3.654607
2.959961
-4.639680
1.484086
-8.430886
4.607573
4.605987
2.988117
-5.154482
8.420505
0.397649
-0.827757
-13.738586
8.722781
5.621420
-13.784995
-7.253642
-0.124436
-0.161847
1.762428
6.562103
-3.562540
-5.809945
0.974084
5.451966
6.133297
-16.595947
-1.334188
-10.695958
7.084760
-9.363069
9.749407
7.645746
7.316733
8.332933
-8.268217
-0.847852
1.221011
0.544004
-0.934025
-4.120999
4.039310
11.373084
-4.252112
-1.573051
9.887706
-10.372722
-2.513663
-0.779616
-9.319551
-2.903961
-4.940931
-8.020564
-8.487917
4.848121
5.473396
-0.791949
-2.616396
-17.609188
4.309681
-3.091002
-3.067327
-2.705271
-0.534598
5.367459
-2.185948
9.391960
5.299846
-9.344799
-2.554243
-6.785750
1.037890
-8.530160
0.903203
-3.459602
4.322385
5.291931
5.208469
-7.486520
5.889331
8.784318
-5.381483
-1.471524
9.361324
-5.074202
2.980526
3.737467
0.282630
-4.567501
-5.168811
16.371529
-11.283730
8.393116
14.572733
8.372124
-3.371583
-12.201738
-2.088880
-11.311698
-5.264495
-2.295920
-9.112316
5.687701
-10.077312
1.349570
2.384334
-3.039034
-1.926924
-1.220449
-1.403562
-9.893854
-5.422183
-1.909949
13.130589
-3.039958
-5.075748
-3.010255
-9.722478
-1.716272
4.908066
-5.958756
3.991219
-1.388318
-0.101492
-2.594764
-1.139292
-4.196923
-2.095473
-5.293341
-8.550193
10.831631
3.729753
2.624246
-20.584425
4.159595
5.638986
-0.111546
-5.970094
2.724540
0.320666
-6.576022
1.485950
7.862207
15.736054
5.701796
9.093178
0.361215
-6.355233
-8.546858
7.195611
-1.156649
9.984869
1.834034
-2.422770
-8.816768
7.005944
11.647066
0.217748
-2.270585
-1.400362
6.127866
14.304464
7.603407
0.560792
7.339492
-10.734755
7.569351
-2.568458
-7.544103
1.800148
-17.910963
6.698550
0.771306
1.069799
-12.095984
-9.519185
-5.541376
2.939879
7.462341
-5.924455
-11.614805
7.519233
7.048462
1.094868
5.989641
11.602582
-5.888483
4.996763
4.656594
5.191520
-2.517265
5.945880
-7.515628
-0.046459
-6.792761
-15.279502
6.570230
-9.764342
14.836756
0.967766
3.168752
3.055717
-5.490298
0.847193
9.269235
4.981337
2.826280
-2.053260
5.207054
6.494853
-0.168076
-8.097486
-3.274335
-6.792516
-1.908497
7.759288
-5.756345
7.490705
5.985827
0.804090
7.853089
-4.256022
-5.217432
4.142469
6.897905
7.841817
4.867755
-2.683177
2.276509
-2.451642
5.035088
1.424770
-11.010074
-1.489118
9.917924
2.158240
-10.423917
-7.968913
1.535642
7.274887
-6.986074
6.293686
-4.747459
-6.431840
9.292453
0.496338
7.353952
-0.744023
-0.369296
6.865101
0.604031
3.277847
-8.012697
7.477830
-8.851583
9.974700
-2.708852
-0.923301
-4.044753
-4.565758
6.343150
-0.361563
-14.403398
3.102718
4.791774
-15.167870
3.996189
6.896573
-14.128374
1.381920
13.441880
11.544546
1.377738
-14.034556
8.022589
6.622225
-4.110555
3.924813
0.157736
-8.248755
6.570618
1.117423
-4.142126
3.554462
-6.624061
-10.056964
-8.427362
1.022322
13.121916
1.534946
-1.488542
7.796068
-15.380044
-15.531111
-7.255321
-13.420414
-13.291054
8.633678
7.296819
-11.208505
-7.307503
-0.181144
3.382040
5.215094
-5.391911
-2.939197
-2.505124
2.856636
-8.052389
-0.149640
-10.924035
-4.485623
6.513627
-6.956699
-19.663136
6.387664
-6.766486
3.399780
-2.961078
7.105917
-6.552518
6.587327
0.482334
-11.885342
7.305329
3.388048
-14.687602
1.773993
-4.347275
-20.191250
-4.943509
-5.469441
0.429093
4.370504
-8.762419
-1.111790
6.440896
-6.783183
12.836549
-1.039511
-5.751855
-5.579848
2.175153
-8.643674
5.386086
2.439118
13.511501
7.312858
-5.787287
3.935031
1.127750
9.484818
8.262834
4.171732
-1.348185
-10.261380
-15.493344
-1.717538
-7.793932
-8.219318
15.189829
1.246554
-10.059062
2.445987
3.383044
-8.323542
14.276066
-5.800190
0.919636
9.150654
-0.946416
1.395894
8.672761
2.874346
7.952456
-5.610899
-1.180962
0.446987
-22.012480
4.184681
-10.322156
-6.408655
0.175498
-5.256784
3.842913
-6.019755
9.339011
8.404233
3.178776
-18.470503
5.853276
1.441768
3.190843
13.727914
2.126111
5.356531
6.120037
4.739400
5.966991
26.899006
-17.099436
-4.041229
-4.359218
-12.911721
-3.714168
8.232802
-6.763398
2.381849
2.549324
11.609795
14.902385
3.268720
-13.207594
1.179305
-13.503459
0.059439
-3.651234
2.882403
-2.967786
2.575871
-2.201508
-15.067906
-3.739124
0.716076
2.452632
3.620764
-5.691207
-10.523711
-2.048326
11.282991
-5.899652
-2.719429
-4.130808
10.819221
5.413259
6.132591
-13.899750
1.964240
0.857449
-6.630650
-8.160221
6.030859
-0.652966
8.795970
-8.798141
2.918478
1.960438
8.705096
6.304274
-7.972272
-8.943465
-12.504454
-1.676420
-23.215618
-12.665847
5.526415
4.758909
10.670204
7.790762
6.801987
-13.631337
15.752998
-7.181222
1.833299
-7.861413
-8.264853
10.206869
5.143824
0.031949
-1.105638
-8.103349
-0.908490
4.900942
2.243574
-11.494664
2.282819
11.744627
4.594991
-4.633829
0.490185
-10.399879
6.168404
-10.634542
-9.051610
-8.265259
7.230663
-3.919107
-1.510149
-11.639718
-3.126660
-13.281272
-0.560017
-1.873420
4.963066
-3.565111
4.527101
4.447658
-4.178146
-6.414838
2.404524
4.576494
4.608971
7.163455
-2.291240
1.836180
-7.833965
-13.485990
1.111263
-8.605693
7.487461
-0.598813
3.868835
-6.220567
8.930043
-0.260866
14.940310
-3.821559
14.088274
-8.001034
2.828782
2.531362
-14.484273
-6.843592
-0.155680
-16.510332
7.852696
-3.915625
-20.449123
-20.500816
-7.655272
-2.332340
4.905527
-1.402601
-4.567269
-1.709650
6.316494
-2.138190
-10.562494
2.506427
-11.711933
-3.734123
8.599682
-2.969579
-4.800237
13.393601
2.271500
4.423399
-6.582294
-3.910137
-2.400772
6.610496
-10.884325
-14.224513
1.574612
-20.634085
-4.895184
6.345456
3.340348
-17.214725
-1.155210
-8.798532
11.516404
6.271194
-7.360177
-2.366355
-0.852411
-1.224938
5.104275
-0.484163
12.319374
-7.864275
4.506971
-14.696024
-5.870820
-5.790567
4.650459
9.843352
-10.831117
-0.858212
-7.735176
-1.314329
3.613053
-2.395326
-0.580669
3.721061
16.434324
-3.797800
-6.906180
-11.993033
-4.789189
9.786569
10.869208
-18.466171
-2.848498
8.357771
-3.500923
3.294202
2.378860
-4.786070
3.990680
6.733192
-5.370375
-3.112683
9.456328
4.684330
2.612232
-1.724375
8.648120
6.336263
-1.629894
-1.056824
-6.686736
-0.452039
-5.694680
-6.856945
-6.731693
-14.437168
3.954030
-10.683650
-3.119346
7.828863
-0.667647
3.776411
-2.539135
-13.697459
11.295687
4.689020
-4.265552
-3.491590
6.633881
5.986899
0.302792
-1.066913
-13.584010
2.217812
-1.293642
-3.021854
6.387008
-2.000827
2.572763
12.605848
2.248592
-7.880554
-7.829117
-2.025368
13.102517
-17.942957
-0.770403
-2.126023
-5.632365
9.896866
-0.070183
-8.562775
9.419653
6.181290
17.431904
5.562474
1.622077
-3.200128
-5.854827
1.722265
-5.177263
-7.257191
-17.435612
8.551851
8.737659
-10.202280
-0.716779
-0.412246
-4.022695
3.836419
5.709971
11.316700
7.617254
1.417516
11.981538
0.241638
8.050827
-7.761437
-8.504034
-14.681890
-9.210210
-13.670450
1.026907
-4.938947
1.362920
1.470741
-9.590210
-7.995790
1.942485
1.480217
-6.060159
-7.395324
5.354571
4.080738
5.583923
-4.227269
5.914230
-6.726163
-5.882308
-9.539188
-2.362957
-4.267967
-10.297465
-5.964335
-7.420150
-6.255709
-6.401242
7.468445
-15.901377
-3.086799
2.945898
-2.497576
-11.010547
8.547894
2.458628
-13.559502
0.018533
0.413332
-14.557764
-5.054415
-3.825287
7.051303
-3.090151
-6.664491
1.659432
4.911002
-2.743461
-5.206351
-4.993893
-10.832366
-2.703464
-5.036978
4.266217
8.052052
-3.600782
12.538036
0.486740
-5.170552
-10.300409
-0.953197
-14.523493
8.194140
-10.017969
9.265000
-4.759170
4.168263
-8.628114
9.027614
-2.372783
-6.100227
5.710351
6.029311
-2.583508
12.830429
-3.230866
-1.916230
-9.626745
8.215890
-7.088114
4.178246
10.278927
-8.736215
-1.987313
-25.895416
-0.447712
3.396986
-17.166632
8.850662
-11.767017
4.923223
11.990938
2.564731
4.815507
1.593397
4.082180
5.254802
-11.073518
-3.817710
9.943498
2.698321
3.671463
-3.139620
6.018586
13.013371
6.645987
-0.897352
0.718022
6.498452
-8.688028
-2.182907
2.827851
5.867871
13.340970
-19.526144
-4.040342
3.363427
-2.426167
9.004929
3.327584
7.475522
2.879816
4.288761
-4.619579
2.347631
0.800763
3.925797
-17.899704
-3.017551
-3.149375
18.951925
1.291403
-5.109643
-6.543569
5.474269
5.849361
-5.122056
6.879391
-1.921881
-8.222798
6.198974
-5.869022
-7.203132
-5.944786
-4.629381
-4.754714
1.565884
4.446398
-6.851927
5.046584
6.580192
-4.175023
12.162567
7.888160
1.361325
7.608979
-4.130004
-0.491604
3.440169
2.479286
-6.119315
-4.690494
5.003634
-4.347070
-0.581106
-7.306597
5.556708
17.415098
-1.722322
-12.382007
4.213641
8.334507
-6.075753
0.385395
-1.160240
-13.399339
-6.203823
5.794200
-4.748269
-0.982602
-20.461351
7.144472
-13.498401
-8.301348
-2.390119
0.859417
4.775480
-4.663636
7.106354
-0.711739
-1.283151
3.907357
-18.942455
12.046487
-6.780037
-9.278790
-2.911075
6.090137
7.808445
-0.077346
-3.222650
4.150253
-3.450639
-3.418431
-3.464227
-8.716324
14.019370
0.524250
-4.474560
-2.970251
-15.434453
-4.482034
-11.038179
-6.970824
-5.485737
12.384879
1.684464
-5.018805
-9.350143
-9.648105
1.682965
14.898804
-0.124946
0.603714
-2.946991
0.821194
-6.249632
-0.688715
3.804902
-9.184544
-5.769624
-15.417289
2.619781
-6.413228
-4.348152
-12.483776
-0.962202
-1.592510
-7.142427
-5.993555
-10.171644
3.344260
-12.669716
-2.498957
-10.504792
8.074772
-4.217769
-0.723254
8.321928
1.938933
-9.070091
3.420599
12.962934
-8.792409
5.246255
1.952765
-7.465563
5.102016
6.458710
-15.584854
2.716988
0.823375
0.505449
6.394593
-4.698130
3.751013
-8.786470
-3.703889
-13.359922
5.246037
3.219322
8.172834
-8.245442
3.061720
7.529702
4.212139
9.998403
3.081916
6.856164
3.929077
-5.356886
-3.981473
1.841421
-18.652376
5.338734
18.136587
-13.424761
-2.864232
1.170322
-7.799590
0.265936
5.467126
-2.780925
-7.492493
-2.047416
7.778914
11.592216
-7.510867
6.397670
11.477637
-9.829969
-7.788488
-1.723105
-0.589700
-2.418750
-8.261656
7.110357
0.904215
14.857228
-6.182623
-6.789466
7.526028
-2.267002
2.721032
-15.821362
0.014658
-7.600185
-8.678645
0.273495
-1.924433
7.672825
-1.009453
14.494012
-5.324732
-7.635089
6.500086
-7.354882
6.902626
-19.347666
2.317636
6.646366
9.537408
1.925808
-6.376872
-0.640098
1.825926
-2.845601
-7.928266
-10.395674
-2.669926
-12.349576
4.888604
-0.926279
-1.564346
3.126115
5.186640
-10.574521
-3.372258
7.932252
21.952181
4.870963
-3.754874
1.393048
3.718131
4.066196
-1.889463
-9.570766
-0.271789
-2.120666
-3.051903
1.183480
5.197286
12.276194
14.600790
3.827323
-0.170516
-4.236394
-4.347828
-1.623401
5.076805
15.328084
0.254417
-17.246807
1.699373
-9.923960
1.223315
2.421594
3.907809
-4.360580
-0.319772
1.346433
-6.509158
7.452975
-6.121849
8.092411
-4.641580
-11.504500
7.873959
-5.942802
-2.953719
10.154510
-4.329527
-21.525707
6.347847
-2.519727
-6.500795
-10.029325
6.896939
12.837268
1.014945
-3.096272
5.222605
1.612037
4.367742
3.763366
-3.003324
-9.864338
-10.608431
1.885716
7.457167
9.463296
-1.213553
-4.958026
-4.674347
-2.794127
-1.070896
4.080960
-19.637609
4.206639
1.592158
-8.455246
11.921333
-6.570193
-7.745882
-15.549721
0.354653
4.641881
9.460210
-6.125255
-5.957662
0.770502
-6.597583
-1.752940
7.095724
-7.375079
7.230710
-5.642853
-0.161386
-9.687368
11.429977
5.004689
2.089437
2.934766
9.094812
11.593760
-15.139528
0.036535
-11.595287
6.936718
-9.458564
6.390108
-3.396097
-7.980333
8.928259
11.193116
7.989223
-11.322237
-0.673124
-10.833847
4.902102
14.060542
2.464555
-8.238704
-9.834021
-4.896035
4.675385
-12.847172
2.473427
-16.403265
-4.623667
0.132210
-1.273548
6.769831
0.922630
11.944874
1.285855
0.855163
-7.619574
-18.978491
5.705044
-5.090816
-4.111671
-9.879409
7.224604
-16.253838
9.187448
3.654454
-6.424791
-15.340136
1.744653
-6.338126
7.030438
6.999086
11.129946
5.809775
1.741321
-3.543186
8.999158
2.186341
3.550023
-24.236155
5.232917
-10.902233
6.486509
-4.195620
-6.716595
1.361771
8.728980
9.225750
3.186206
7.474079
-1.685573
5.378236
-17.734299
-7.530558
2.919068
6.226506
-0.816379
-5.609271
-2.824177
-6.210785
-1.075226
2.946930
-8.886773
-4.889062
-1.674490
-3.970595
-2.253485
0.361328
14.213628
-13.523563
-1.388768
-7.644767
1.240610
4.155273
-0.027157
-0.109610
-4.368678
-8.392120
4.326308
5.953360
-0.211272
3.443696
3.955902
-3.812078
-7.988030
-9.346295
-5.888010
8.081445
4.037596
6.020761
9.206592
8.198901
-0.808651
-2.220037
-12.069754
-7.320952
-5.469325
-7.755415
-9.745994
-0.908099
-2.691116
6.559806
3.884138
11.265468
1.382922
8.838076
5.281280
2.159017
8.072308
-4.276683
-9.558625
14.798054
0.855337
3.917674
-1.468863
9.016001
5.513074
8.103368
-2.196062
7.717876
7.031684
-13.496808
5.868450
1.046326
6.243999
4.136265
-7.877757
-8.801521
-1.204117
-10.873116
-0.924145
-4.141459
-0.812211
-13.874157
0.090118
0.569889
1.698646
7.874003
2.453328
-4.477393
-12.911177
11.982603
7.532758
-5.627381
-0.022327
-4.605115
4.358785
1.466939
-5.523222
-6.503293
-2.197711
-0.109612
-2.992945
-4.105723
-13.847914
-1.602457
4.525230
-1.760517
-5.972308
-4.322764
-5.227191
2.507841
-1.915153
8.104417
-4.875399
0.367189
6.450677
8.664918
7.495522
-1.963128
6.174320
0.250274
3.973708
2.947188
2.809808
6.654910
-16.428251
-2.385799
-5.277680
-3.938820
-14.780783
-17.776188
-5.829796
-2.141853
8.113182
-16.018696
-6.586193
-1.715876
9.568026
14.344371
1.429825
-14.589575
7.557487
12.404738
4.762233
-0.733769
-11.524658
0.302308
4.279966
5.284267
-0.654924
-2.322401
7.166903
-5.636975
1.338634
10.766670
-0.819509
-5.978432
-20.341690
-2.624107
1.433208
0.377811
4.681310
3.969811
4.644251
-14.240858
-2.452217
-10.354871
18.628363
-17.416443
5.545809
7.147014
7.946244
2.153719
10.239026
-7.462694
-0.928440
1.167968
-2.025878
8.507040
10.054084
13.006132
-7.334035
4.016273
-1.565292
-10.390883
9.443377
-6.300071
-0.560771
0.865239
-11.219664
2.992643
-7.776518
12.854256
-1.718875
-6.665105
-1.043718
7.691606
-5.876602
3.435964
7.146121
-11.806745
-2.869016
-3.330159
3.809288
-2.986819
-3.249853
-9.090744
0.422127
0.610668
-6.177833
-8.018863
5.679632
4.868296
10.350101
4.360723
6.997472
6.453077
8.422960
-3.974562
3.858386
-5.151373
11.971564
-4.674880
1.630790
-5.788067
-12.697870
9.320133
5.241872
-17.182835
5.696707
5.225494
7.772882
-17.990503
-10.261155
3.603073
12.527094
9.919940
10.778900
-4.022014
-4.258710
1.135245
1.152340
0.041694
-0.532145
-16.967482
-2.175698
-17.938456
11.550090
5.341519
-1.276965
-7.568671
11.758338
1.420691
-1.843616
-8.323790
-10.765456
2.170254
7.653690
3.594946
2.488413
7.520958
7.503285
-7.153073
4.345897
-2.179559
5.917405
7.696744
7.187057
10.982168
3.014750
0.790272
-0.130939
5.939858
-4.633587
3.463607
-0.761943
-15.124990
0.087114
-6.568146
-10.049829
0.650157
2.681390
4.302245
-13.002747
0.901729
-5.612926
-9.063163
0.886631
-2.565028
1.342832
6.384820
8.246116
-3.626148
11.161739
9.341532
9.071869
-11.340245
-6.216712
6.379916
1.154577
0.755990
-3.077142
6.419050
-15.011899
3.090529
11.844855
14.537988
-3.429826
-22.092104
-1.602189
-12.375230
10.378860
2.449790
4.240361
1.930120
8.005397
-8.771461
11.948916
0.774518
-7.872677
-11.345589
-15.825970
-15.760411
-8.988965
5.537348
-0.428430
-0.112402
3.659109
14.532532
-6.345138
3.160264
6.008437
-10.866028
-8.708589
15.760760
-2.677958
3.415584
-11.075682
12.519825
6.533384
0.216189
-5.648447
-6.289787
-2.305837
3.290201
-8.332006
-5.889366
-13.447378
-0.976759
-10.371058
-11.806674
-2.018459
3.404833
9.662390
-2.924154
2.041428
4.597832
-2.652519
4.882790
-5.200170
18.792767
4.515413
10.847889
9.067714
-2.520154
1.124346
-8.868837
-9.142410
-1.088048
-5.311835
10.493376
-6.316982
-1.132046
-2.595275
0.367164
6.102544
-15.040201
4.661031
9.512639
-8.132255
-6.019853
-3.214794
3.920619
-8.577697
-7.290554
-7.332110
-2.589484
4.737503
6.851793
-3.177559
-5.571082
-8.597166
5.739083
3.217742
-2.413906
3.346482
-10.277838
9.381639
-4.330681
-7.155974
0.104069
-10.191805
3.868916
3.574744
20.003313
4.460220
0.521986
-5.147938
3.315986
4.326983
-7.404356
-2.349871
6.052244
-1.118922
-10.448832
-4.875286
-0.959362
-15.083181
7.467110
11.569394
-1.209214
0.367871
2.216494
14.824821
-18.687370
-3.102049
4.633370
5.764240
-6.511087
5.485860
-3.934991
-11.217567
7.042130
1.719893
-6.713221
7.425165
-15.119408
-4.226478
-11.422286
12.351866
4.382473
2.705959
-6.371219
-8.942678
10.088756
4.096097
7.640886
-3.283338
15.392783
11.687406
0.233666
8.096825
-0.758766
5.249247
-3.897704
10.463452
-5.420648
-1.948045
5.383223
4.802625
5.641112
-6.423625
15.815199
-4.669281
-5.583895
9.785048
4.342341
-0.750548
7.060159
-3.270370
9.442554
6.640471
-6.227924
-1.126617
2.351106
-0.765356
1.202871
-6.056415
4.801066
-0.465454
-2.635291
-8.124439
6.047485
-3.731598
-2.850037
6.812789
-4.106758
9.304090
0.895921
-5.812596
7.129039
7.941372
-5.943068
6.322923
-8.012206
-2.503682
7.060621
-4.071906
0.789914
5.554205
20.235470
-1.637436
-6.071569
6.396781
9.164706
0.349922
-11.641797
13.349844
-16.351177
-7.596714
-0.260545
-8.069679
7.381248
5.934936
-15.571711
-5.761173
-5.903416
2.097994
-7.265426
-4.036311
-0.592248
-5.543635
-6.377402
2.931421
-11.934836
-4.090497
-5.344705
10.244974
-6.904879
-13.332755
0.866828
-1.724637
-5.466096
-1.053908
-6.295184
11.348696
-7.763287
-6.462730
-7.014840
3.137422
3.571784
-26.414011
-11.673939
-0.366289
-1.066970
0.229717
-0.963138
4.903556
-9.368423
-6.846353
4.670384
-6.760067
-4.159137
10.652349
6.557136
-5.084800
8.250964
3.918371
-8.743609
4.301306
-1.460275
-6.549503
4.187512
9.520066
-4.675409
-9.446633
-7.936337
-0.360802
4.574736
11.485440
8.221181
7.291455
8.077669
2.562186
7.182191
-4.232136
-10.409284
-8.062056
-19.731037
-3.614211
2.957732
3.053218
-14.927140
-8.755244
0.472570
8.631933
2.956849
4.005414
-14.393729
-0.639569
-13.654845
8.708448
-1.544214
8.577456
-12.656889
9.045956
5.771559
-5.415763
3.997730
-18.123318
-5.957736
-7.824206
-0.844531
11.320784
0.090536
-19.275787
-6.606592
0.878441
3.081719
7.591223
-7.071670
3.720240
13.648696
-2.181812
-1.014833
-7.848976
9.592129
-4.395972
10.736619
-2.329211
-10.519879
-4.710811
-9.790850
-0.275274
8.198515
-3.268450
-12.158559
-1.804559
3.206676
-9.467035
10.992092
8.977973
5.835938
10.213066
-6.644183
-4.064843
-11.518397
9.203899
-5.131508
0.176365
12.875411
-1.804977
7.370327
2.114328
-7.975495
-2.609909
2.039240
6.629441
3.177730
-4.305923
13.564302
-6.874862
-5.478238
0.626690
6.971454
7.559091
-6.715010
-6.240828
9.193237
3.006825
-15.023578
-7.361902
-4.165279
8.460169
0.846280
-8.320328
8.463862
-17.660027
5.714916
-27.673197
14.992742
7.181685
4.819640
5.494918
-2.950145
-5.612169
-2.917599
-4.326168
5.272455
10.162606
-14.642251
0.396917
2.920306
-11.857187
-7.840090
2.679981
-1.142446
-7.587214
6.078516
1.404410
-4.710192
7.370602
15.909898
-7.965974
8.650334
-6.398246
-13.178694
0.937487
5.383609
6.487518
10.454757
11.285453
1.681468
-2.048116
-19.511770
-19.656590
4.792810
-13.070666
-2.378452
8.778619
-3.369779
0.399915
8.909851
-3.314576
-4.098540
-6.534032
-9.603537
-9.204989
4.839014
-6.612958
0.853815
7.664797
-12.905925
6.413793
14.525014
-3.843214
6.734672
-10.720993
-1.609654
0.659994
6.885993
-11.216385
-8.547659
9.144971
12.853147
0.024556
2.383309
2.476487
-7.350709
0.982960
3.505461
8.437386
-10.610001
-14.616904
14.970556
8.004917
2.172267
-7.433295
-10.469917
-5.587306
-0.491851
0.034920
0.224437
3.156507
2.200120
-6.992971
2.547532
-5.056417
-5.072639
-4.298675
-9.352045
4.100625
-7.028285
3.225154
-1.631577
8.880164
5.646629
-6.491208
0.121406
-10.141900
-4.065661
-2.457503
-5.613242
0.081712
7.540841
5.708058
-7.870322
6.495564
4.105236
-5.908039
-2.797228
1.554537
-4.496381
3.305875
2.234370
0.368606
-1.303010
-2.631918
0.525035
-3.218132
2.130682
6.568824
-8.254113
5.346999
-1.610262
-5.459717
3.369908
4.902328
-1.912115
1.757427
-3.654853
1.604699
-6.739542
-4.539083
11.670048
11.869452
6.181790
2.725934
-11.080037
-4.549761
-6.146904
11.303197
3.579843
-4.216381
4.085132
-2.959239
4.673661
-4.856148
9.148765
-8.404037
1.072592
-10.702399
1.097582
-1.342700
-6.732049
7.480360
10.220045
4.665064
3.644938
8.907393
9.457425
0.046107
11.864347
-8.280837
2.023641
4.474479
-1.387460
-4.419020
-3.592896
-8.693563
9.714163
-2.028747
-3.710244
-3.936244
-7.382743
6.974161
2.354100
-7.726131
5.858647
-9.008341
-17.996403
-1.717349
-25.356722
-4.226603
4.817518
10.135933
6.113362
-5.652459
0.380654
-9.846967
-10.765378
5.373197
2.382841
2.190657
9.015997
-15.314681
2.520092
-6.147789
-1.646109
-3.586159
2.507881
5.409463
2.461134
5.320666
-3.865924
2.168418
-1.442111
-4.341257
-4.025011
-1.861243
-1.978709
5.243061
4.328790
-3.444134
8.179651
12.753447
7.571409
0.498733
10.402662
-2.781274
-1.068746
5.474601
7.976383
2.722629
2.501038
-11.054201
14.190217
2.690554
-1.682330
7.106257
-1.027153
4.476638
-3.166722
-5.259034
-19.812431
-6.238201
2.915471
-6.614347
14.336143
0.581568
1.228477
-4.096981
5.859418
7.084150
-11.803241
-5.195793
-15.227709
0.899870
4.830157
-0.710532
8.643636
8.133018
8.550147
-10.675591
5.354879
11.667675
2.018105
-0.352853
3.061562
-12.713780
-0.529404
5.210432
6.590734
5.460901
8.550336
-0.171597
-18.980272
-0.202843
-6.678838
2.003038
4.079306
5.832560
8.879176
-12.095424
2.585999
7.003002
0.361132
-10.125776
-8.358055
11.209057
1.765417
4.253351
-3.481112
1.811380
-0.111231
-6.214071
-6.388483
-7.482888
-7.663122
-11.120325
14.923673
16.338827
16.758173
-4.698725
-7.269384
3.973381
-2.388324
2.256347
-8.704478
9.311346
0.345733
1.729650
-2.919672
4.582490
-6.143517
-2.099187
-4.380820
-0.618999
8.687728
-0.641818
16.438425
5.144794
-4.588165
11.043756
12.786748
1.893034
0.321668
-9.370184
8.975507
-12.150990
-6.789610
-7.102973
-3.279547
-7.629951
6.155615
8.598527
1.630563
-0.765825
0.020090
4.025802
12.534090
-11.918815
0.350837
-6.002129
-7.236732
3.545711
5.146495
-0.941590
3.363713
-3.251803
-1.006042
-4.442842
7.393667
-3.065401
-11.853364
10.348701
9.855591
-4.649035
4.104719
-8.263005
-7.226052
4.775934
-5.071872
1.762842
4.503851
5.319124
11.302238
4.063015
2.885359
6.488675
11.229478
-11.094481
-1.029286
-4.898078
6.087519
8.633177
12.774416
9.496775
7.077682
0.428225
0.918379
4.328918
4.226009
3.378726
-6.645446
7.139578
-8.767281
3.864146
8.786891
0.509211
8.716665
1.098745
1.562360
14.334473
-6.034524
-2.910212
-2.509283
-17.191359
-8.012094
6.065105
-7.625972
-2.630240
-4.153042
11.298950
10.701353
-5.675352
-4.554926
0.651956
-10.734430
7.120634
5.519235
-6.564635
5.858025
-4.792339
15.253869
2.922571
-18.186844
12.231967
-8.106285
-4.628778
12.484366
1.880337
-7.901297
-0.424097
11.515878
-14.617976
0.775795
0.728392
-2.386497
-3.503309
-14.604321
-6.537860
2.917994
4.492495
-8.446463
1.211135
-10.992842
-0.143976
6.342501
7.299663
-5.740116
0.772784
1.269690
-1.298748
4.773901
4.376752
-6.291688
2.809943
-11.619596
0.579288
4.773932
11.318426
-5.619245
1.198135
4.175279
0.844147
-0.837694
13.510556
-15.776977
0.855540
-2.167195
7.504320
5.621858
-4.808692
8.823098
-1.958191
9.520860
13.647454
-1.766451
0.005368
6.250579
13.999523
-0.414250
2.571291
-0.019079
-4.471678
7.022202
1.931080
0.263699
-4.034828
-0.345891
1.665270
-4.784216
-0.949808
11.927947
-3.687204
11.428370
3.308485
-1.176483
1.882466
0.650677
-9.417004
7.704268
-1.625913
-4.126595
4.749380
-3.438875
6.891353
-3.379006
6.129496
-8.936087
4.556580
-1.788367
-3.354765
-6.796523
-3.090017
6.141110
10.507578
3.543771
11.271733
-19.569893
-3.781536
-12.175230
1.726788
7.451471
11.771269
-5.519136
10.999471
-1.506405
-8.453194
6.752814
-10.993334
-0.528353
3.079316
2.674581
-9.726646
1.457308
5.812948
-17.951691
-1.475676
11.518845
2.203365
-21.185593
-8.251661
-5.979212
-5.048978
9.647238
-2.478891
-4.473060
-7.409460
1.918046
1.023527
17.869987
-2.719851
-1.965080
-4.639825
-12.307215
1.218505
-4.781271
-0.751259
4.835353
2.353840
-4.412172
-1.818203
-4.827858
-19.434370
-16.059576
12.584368
-10.269703
-0.944960
2.558770
3.174121
-2.714767
-1.321772
2.039251
4.826636
10.832659
5.838974
-7.911339
3.216680
-0.105808
9.129009
-1.336236
-9.978613
-1.791206
6.558311
-12.918494
8.607227
7.025357
0.540363
-0.792162
6.708413
-3.551273
-3.100346
10.249424
17.065485
-12.361915
1.607339
2.137962
3.765696
-2.480103
-0.412276
0.495717
12.554781
4.009547
14.329348
-19.053513
-13.943888
5.829553
11.889977
10.354212
6.116047
-6.040223
-1.727265
-5.449796
10.632609
8.527069
-6.985792
-8.463452
4.452457
-9.440352
12.811578
-0.054224
6.292061
-5.250036
5.047212
5.224851
-2.733184
-7.867918
-6.439819
4.643047
2.430223
-14.250291
-9.753884
-2.840870
8.848127
-7.954796
1.656665
0.107730
-4.409488
-11.146431
2.921882
-16.126295
-6.604631
4.195612
6.465977
-4.058792
-3.767861
-18.822651
4.823920
-2.979007
-1.214222
-3.577015
-6.300655
4.976573
-2.487052
-4.274137
-12.223474
7.355591
-20.449028
6.036922
-3.272700
0.492354
-12.383260
-0.429340
-4.761108
5.115591
2.185616
-3.299706
15.649802
-7.057774
-11.541161
-9.761136
-11.235839
0.932449
-0.755512
2.353019
-10.318852
-5.761023
-5.687981
-4.417065
3.560183
-9.719581
-4.219793
10.192533
-5.677504
-13.820126
0.665102
-11.189722
-6.285705
-4.533431
-13.280241
-1.074002
9.272635
15.511745
9.130809
0.882135
8.564118
3.852060
-7.318892
-0.840338
-0.943649
5.142545
-5.105331
-9.513170
4.879408
8.295667
9.189743
2.136919
3.774988
-5.684901
17.397928
-26.335648
2.411004
-16.467096
-1.714841
-6.674532
10.534424
-1.681703
3.512674
8.939736
3.785395
-5.711079
-12.565931
15.504652
-5.258276
-9.025051
5.091689
0.499128
9.454243
-19.001247
-5.781279
-5.040831
6.259467
7.637892
1.168831
-6.930077
7.176865
-12.239203
-5.933111
-3.437986
-2.428178
-3.918878
2.201728
-7.866924
-9.451935
10.975336
5.805372
-10.191264
1.385207
7.330719
3.057830
-2.091085
-5.925178
2.376095
3.202677
2.721497
-11.859942
-1.598436
7.250187
-18.566471
-10.904139
-1.920477
4.896182
-10.069997
-7.506428
-6.053985
-3.726928
-6.022932
-4.633166
-17.973068
-8.172527
9.469801
7.725060
-6.141570
-9.516405
9.578432
0.110379
1.244555
0.315830
2.747328
-9.173971
2.414322
1.098470
10.045455
-1.657874
-7.182614
-6.711689
-3.977849
4.840820
7.894374
16.914112
-1.115086
4.611454
12.025331
-7.531537
7.874422
-8.042155
-18.923103
4.942311
-0.262711
1.250328
3.444836
-5.268398
1.570365
-1.821909
-3.367126
-4.002892
1.640201
7.004688
12.830577
4.687612
-6.127114
-1.304560
2.153865
1.761199
-1.457920
-9.431816
-1.047964
-5.317242
9.505171
7.554896
-6.935805
-14.330531
-11.218682
-8.366781
8.257321
-5.191347
-7.135443
8.111081
3.441217
3.902157
5.963471
-2.626161
7.205321
0.108313
14.605857
3.834216
-0.809540
-4.913545
9.835999
5.450040
12.182491
0.041860
0.684220
-2.458472
-7.606466
-11.537585
0.616164
7.915675
-7.186067
-3.844591
1.075636
-2.167788
4.978530
12.426654
6.327728
3.998277
7.916249
3.455230
-11.505398
-11.116081
-9.367731
8.361530
-7.596163
10.095643
-3.888884
6.971128
-7.132959
5.161653
2.502235
-4.925769
12.909366
7.857936
12.155782
11.283505
-7.068096
5.304736
-11.036404
7.439482
6.168882
-5.857291
11.638825
-9.244357
2.856754
-2.921300
-19.841259
-0.976267
-13.038882
4.605429
-5.115235
9.020352
2.872271
-3.921404
-12.188790
11.159977
5.695404
2.857569
3.497139
-3.769465
9.526144
5.978519
-6.639796
1.437005
4.332147
-0.771739
16.763191
0.624778
4.157856
-7.569787
6.662121
-3.533538
-5.339525
-1.697284
0.109119
-17.728695
5.677284
-3.909299
5.049369
12.418189
-4.507936
-7.750373
-10.742722
1.349423
2.921049
-10.996114
-6.307112
3.437819
1.918476
-8.010559
-7.234414
6.685741
-3.846334
-1.298639
2.307097
2.259248
-7.326073
5.416086
4.507236
3.196781
-11.191354
8.710664
8.329925
8.663805
-11.127883
-2.924562
5.074027
-0.737796
-9.713396
-8.660027
-9.735957
6.144105
-9.577665
6.897198
-2.792690
3.881701
-10.401266
1.773276
-18.436079
6.173132
4.339065
-2.367772
-10.673060
-6.759254
-5.835913
2.869334
4.812062
-1.685059
-12.880639
0.057511
-2.619434
1.864298
3.281417
-0.285225
-1.390962
4.248053
11.493713
5.341695
2.117987
13.965467
-10.371864
-3.107476
2.067143
6.316156
5.412847
2.124842
-20.609848
-8.905150
4.630349
-0.059686
4.730515
2.825355
-3.976729
4.256074
1.091051
6.556657
2.490779
-15.819261
-7.877282
3.322112
-2.224703
-3.147932
19.077591
-4.111900
3.506796
7.045467
-0.904801
6.139767
-5.108410
-4.010277
-4.363810
-2.978599
6.561634
6.296948
-4.959773
-4.578417
-14.968386
-1.747005
-5.599301
2.654934
-3.151805
2.343050
-5.485861
-6.616733
10.649840
-0.635352
-9.908487
-7.471313
15.559214
-6.499026
-7.461896
6.874101
-16.583395
8.907055
3.150217
3.652698
-1.293275
-6.577921
7.800323
-3.301474
-3.360127
6.201055
-8.203787
-0.412754
16.293856
2.152689
5.872467
-4.217184
-5.829430
3.951916
6.152351
4.944280
1.099907
0.357178
-8.364140
4.547110
-4.304206
-11.763980
-0.900467
-3.250892
-0.128912
-2.495589
-1.095080
1.697021
-17.373789
7.573981
6.211053
-0.593305
1.616335
2.344128
-6.489801
1.088611
7.756371
3.164345
7.810217
-12.728566
-3.830093
4.226066
-12.079803
1.085840
-18.612097
1.461685
-3.202407
5.465134
-0.424374
9.543737
1.848118
12.747713
4.765168
-2.785390
9.176065
-6.269078
-9.717858
-0.069916
0.243491
-8.764466
-14.839186
5.096828
-31.736170
0.401278
-4.819656
-12.935398
1.615528
3.961349
-7.435381
-5.401624
-3.387765
7.417708
10.016706
3.768514
8.517268
-1.833077
7.312894
9.100213
-14.444781
13.318472
7.984855
-2.139081
-5.667331
1.972037
-2.437350
0.165581
-0.178353
-9.629245
5.107779
-0.456828
1.607645
6.326426
-6.806158
0.557937
17.873581
-10.633039
-4.511831
-4.081800
-1.584105
3.303073
3.126208
-0.020886
-14.676481
-12.826495
-7.374032
-3.325580
-4.066491
-3.532875
2.436709
-2.407248
6.060008
7.187658
-1.909147
-3.153644
0.564469
9.554968
3.013372
8.736529
3.251869
3.710085
-3.230017
10.305249
1.084002
10.750086
2.434891
3.341691
11.187563
-0.463274
-6.713143
1.511741
7.073672
4.580272
10.518823
-10.151664
-1.576296
7.752521
-12.805159
5.249735
7.445418
-5.265304
1.052081
1.028766
-9.244671
-2.812780
0.384557
-0.372012
-7.601002
-6.051056
2.721749
-3.402371
3.304719
5.686172
8.201068
-1.341056
5.186021
1.019879
-1.299540
-7.728822
-4.011096
6.549567
-10.078856
7.607081
6.705783
-4.357059
10.881503
3.861001
5.289329
5.244001
-2.165177
3.757041
-2.030460
-1.096857
0.544444
7.135423
0.614771
-7.710675
1.971843
7.613455
-8.972584
4.629824
-0.067028
-4.605821
3.165136
7.033462
-9.756271
11.930045
2.474672
-2.952741
2.918134
7.796000
2.016901
-5.456978
5.523027
1.899308
5.445063
3.741684
9.802986
-4.892049
-1.203454
27.999575
-9.198685
-4.771358
-3.103134
-10.331726
-1.972150
3.360269
-15.267737
0.691216
2.685362
4.228799
-18.938599
0.434203
-1.016457
-9.920268
-6.189596
5.068226
1.564819
6.353617
2.055555
0.852145
-3.516412
-8.151036
0.689580
6.454106
5.592603
-7.899715
-11.367022
2.636835
2.389201
6.323329
-11.338478
8.224755
-7.814229
1.622127
13.181033
1.197249
6.906171
6.118745
6.726988
6.081265
-3.960494
-1.384208
7.002122
-4.236875
8.214418
-1.897048
-0.796787
-6.166587
-10.836027
4.704220
-1.278084
10.920723
-26.780411
-0.705939
21.206390
3.928447
9.472389
-5.059967
2.062061
-6.641856
-4.331815
-5.211051
5.703032
-15.639511
11.808013
-0.389954
-5.515061
-7.278493
8.585503
-0.496446
-9.547846
-7.859946
1.574322
-7.606382
-11.842258
1.266154
4.205401
-16.699842
-2.842535
-2.282990
-2.585385
3.078218
6.041836
-0.826286
1.458261
-1.638474
-12.954549
0.030842
-7.887752
1.245880
-10.594390
6.161285
5.480864
-0.332970
-13.214993
-0.305202
0.347408
-7.947309
-19.328770
-0.327139
-1.855564
-1.774553
3.256586
10.046817
-7.755057
2.714435
-14.193776
-3.429379
-2.687310
-7.214855
-5.199694
-7.275413
0.406105
-2.982288
4.316495
13.584626
11.895972
7.461652
-0.700864
6.499304
7.850204
12.829570
5.373603
-8.467101
6.595582
8.384204
-9.441744
6.546644
2.007953
6.952023
-4.882186
0.110037
-9.219308
6.995279
-8.131002
-4.682207
4.685018
-6.588088
-5.050000
2.882467
10.601562
6.166973
2.706822
6.507567
3.929788
-8.478638
-3.948136
7.129037
-17.894585
-6.604297
-8.704069
10.522631
-11.928205
4.213524
-3.302239
0.938398
-10.803184
-10.163997
-14.941321
-1.431816
6.499385
-5.153368
15.659674
-3.227401
-7.627833
-4.765570
-0.873822
3.620338
1.166131
4.873245
3.897337
3.789407
9.387411
-2.353964
-0.984117
-1.051312
-6.818239
-3.763394
7.893768
-1.774109
-3.597688
5.040729
2.079343
8.018870
-7.060425
-4.957461
11.776351
-0.694682
-9.304771
-6.511948
-1.396530
27.104765
5.332871
-2.707435
-3.012308
-6.289515
-6.715242
9.528159
0.632117
8.076589
-4.250308
7.094822
-3.498222
-12.885894
3.586678
-3.899049
3.881981
-6.349246
-0.950860
-4.031818
7.385619
-3.613262
21.515387
6.536081
-18.449678
10.584677
-8.175707
2.788405
7.459474
5.143726
-8.972585
1.530169
-8.647563
-0.316646
2.823037
5.396842
11.470423
-18.502157
-18.977352
7.664934
5.963196
2.684304
-16.038900
7.731410
3.552168
6.541374
-0.966240
1.176724
-3.885847
2.835098
-10.946830
-8.508504
-4.326104
-11.368719
8.178819
8.831529
-16.044329
-0.716485
-4.891084
1.209590
5.724603
-6.734324
11.297731
5.102610
-0.229217
0.923165
0.263430
-0.511506
-2.850257
-14.929519
-1.828682
-1.318801
3.894752
3.919472
10.191111
-0.927842
18.205679
15.277605
0.832235
-5.456531
1.135938
5.161925
5.269252
-4.595266
1.859286
5.666996
4.930509
13.861430
-16.044380
-8.484175
-2.285874
3.917117
5.125332
-1.434112
-5.790212
-2.265194
1.646185
4.047321
-5.818820
6.830130
11.820280
1.951767
-0.408381
-0.190693
-2.030439
-7.317043
5.546254
6.554924
-16.090887
-0.642548
-8.633687
-4.036104
12.784925
-6.305653
13.546276
8.901410
1.367661
3.998904
-14.624290
-5.239470
-6.726663
6.041041
-5.732892
-11.473802
8.857205
8.699615
-6.828470
8.692003
7.721413
-7.088385
-7.816792
2.315659
0.583068
-2.864913
-1.878185
-3.237257
-19.895132
-13.509388
-6.131889
-3.192430
-17.384254
-7.034483
-0.953458
0.225300
1.056252
-6.457455
-2.448126
7.727409
4.683449
2.456528
0.774427
6.026833
1.006360
-4.633498
0.564997
-10.374945
2.043372
-1.382543
-3.348890
-2.909748
3.118871
8.798760
-0.417840
4.439532
2.887813
-8.014151
3.392216
-14.165207
3.450894
-2.356747
-0.430370
2.757409
9.176584
-3.442748
-3.125525
8.196271
8.012504
0.413395
3.614286
4.914021
-1.595674
-1.531029
-9.394478
1.013179
6.054245
-1.788638
10.542318
-2.086881
2.178005
1.910632
8.963042
5.616949
-8.385399
16.014055
-4.177093
3.688943
5.665261
2.574430
-2.274185
-7.759605
4.683130
13.464394
-7.367099
5.257930
-3.487440
4.059287
-1.594655
-2.155282
-5.437289
-2.879389
1.109946
-3.516991
4.240503
-0.664890
-6.607630
2.655960
12.752179
-10.813372
10.490306
0.313562
9.112239
-4.577381
3.081046
-4.224609
8.080887
5.761771
-6.800129
-12.993206
17.048449
-5.866281
7.794139
8.086943
4.542479
2.020413
5.663395
7.170414
8.505970
7.049382
4.163265
1.446686
8.457087
-5.003226
5.008286
-0.059870
-1.183963
-7.683864
-12.907380
5.310312
-13.804499
2.331696
-5.569865
-4.505687
1.988866
-2.441149
-7.249238
-15.068440
-0.702362
4.921705
-10.070088
1.168465
8.238212
0.059941
-4.113312
-3.755377
-15.862762
-1.797051
0.728834
8.357417
-9.243472
-10.438025
6.175541
-6.403898
-3.649326
2.070555
5.567404
-10.772144
6.854645
3.446101
-7.862650
3.956134
-22.539785
8.690592
-10.865101
3.719346
12.241804
7.141748
-0.609822
-8.056785
10.118113
-11.285390
7.378983
8.063256
-1.578296
-5.822729
5.964713
8.050527
3.296918
0.349842
5.528643
0.430272
11.337420
-7.172932
-11.358690
1.993823
11.267200
10.751767
8.571570
-7.303723
2.744465
0.682324
12.044635
6.146621
0.407794
3.846139
5.917979
-8.750882
7.383156
10.713753
4.329566
0.199351
-7.819524
-0.453335
-8.512694
2.865386
-1.820346
-11.402010
-5.601771
-5.876414
2.247599
-10.722434
1.302835
-16.731165
-1.055325
-3.930733
-8.324823
-0.400904
1.879826
-4.238655
10.254395
-2.840028
-1.626176
10.323787
-19.784187
10.244166
-13.629537
-3.687597
2.946404
1.888466
10.791262
3.696445
-10.759285
8.861054
-1.532200
0.719394
-0.528488
1.285759
-10.304379
1.425138
-7.764446
-8.880845
8.791889
3.580535
0.999876
8.803409
2.069273
-6.687286
14.967159
10.498048
-1.625282
-6.203222
-5.263840
-6.374808
4.578267
4.646198
5.959445
2.716274
-11.407523
6.024743
12.888467
-6.182250
8.067642
-4.810743
6.331289
11.279446
2.531051
2.497287
2.574902
6.595874
11.154634
1.558402
0.006692
7.774167
6.437604
7.929296
8.811505
21.257542
6.075565
6.076803
12.403379
-5.075509
6.231799
8.009826
-0.254960
-3.951549
-2.668479
10.770098
-4.792207
-1.770618
-1.343037
-12.798857
-5.937456
1.928990
0.692936
-1.988360
3.951079
-12.205508
-10.134099
-12.371793
2.568752
-11.195583
18.423025
4.012303
-1.708430
5.504018
2.073920
-0.370522
-0.593805
6.731419
2.862747
8.618248
8.866611
5.533402
-0.403729
4.193522
-2.683059
-2.651752
5.077005
3.610981
-10.480583
4.856832
-16.337769
-3.446733
-2.970843
-12.193072
3.717266
10.252095
7.897060
-14.522683
3.610030
6.203181
8.546511
5.010720
5.334197
1.768557
9.940236
3.849091
-14.736958
2.426241
8.624434
16.039236
-1.608874
3.834358
10.658374
0.512807
9.496173
0.252876
9.722009
-11.307281
5.094539
-0.120080
6.503354
11.698726
4.986719
2.227577
-1.967897
-5.157245
-0.700413
-2.997525
12.644383
-1.095967
8.266901
-3.199825
-5.805333
-3.694548
-16.213884
3.371902
-21.437172
-0.029500
0.386294
8.116062
0.417907
-2.268520
7.189480
9.618844
-6.626959
-7.116537
-6.556476
5.214495
1.510899
-7.341082
5.173637
2.675688
5.982996
-5.418345
-32.653725
6.270677
2.161392
1.081774
-2.390782
-10.640008
5.267854
1.102057
1.342625
5.219975
-2.919549
-0.274511
5.715489
-0.443372
6.155956
3.748701
-7.612180
-8.546259
8.659815
0.183335
-19.562325
4.262062
2.503356
6.688090
-3.602849
-0.162549
-4.910121
-5.656970
-0.250661
-5.575496
-18.231123
-5.023699
7.499971
-4.334589
7.170344
-4.697483
-6.332556
-3.531163
-5.066427
-3.247833
-2.931156
-6.960440
7.530075
-3.676399
-4.032455
-3.041206
0.567455
-2.310292
13.436195
2.117807
-9.322630
-8.361502
0.881464
5.278258
1.202009
0.164627
-4.328929
1.993822
-14.439381
-6.194302
1.188745
-3.369465
-3.699230
7.408521
-2.611454
1.490911
-6.577253
-2.364872
-0.650037
-0.766379
6.635342
7.157104
1.250502
-2.033660
-6.856510
6.625875
-1.483006
-2.415228
3.236098
3.244102
1.156924
0.646906
-5.572181
7.884451
-10.664181
7.676448
2.997124
12.256442
-3.625960
-3.658189
0.480665
-6.213850
6.678041
3.795097
-8.535340
-1.307904
-1.033496
1.361011
4.227626
5.786980
-3.170967
0.808824
8.104132
10.138202
5.580838
-9.133461
8.009121
-11.822526
-16.295660
-8.514869
-12.831836
-7.629062
6.087564
6.479815
-1.792653
4.667796
-5.806132
1.199550
-12.123067
-1.736045
4.452616
-4.530460
-9.582895
6.188790
-2.315329
-9.692605
4.249661
2.551664
8.964114
-3.563980
-4.338302
-1.326878
-5.929049
-10.165239
0.925137
8.760107
4.944430
1.520327
5.062392
-3.349484
-0.101200
-10.753488
-5.261538
-1.312089
-1.672803
6.442231
1.674189
-3.811335
6.514499
-5.074656
5.008929
-12.859348
3.366050
4.243784
-3.513731
-18.143490
-4.604424
-3.433686
-18.724846
-0.784842
-13.464772
-3.882261
1.183661
-7.257607
-5.142161
0.315490
-8.373749
-11.745882
14.418401
0.368755
2.817881
1.942819
0.161927
5.074565
-24.624851
6.323044
-9.664361
0.226498
-12.570215
1.184795
-16.361813
6.019541
12.818774
1.753278
-4.140032
4.135583
11.052141
-7.910192
-0.218807
-2.150106
1.769075
0.546414
-5.381761
11.308576
-4.585357
8.087087
0.232888
-7.018889
-4.511881
-5.077288
-5.328879
4.077915
-3.445794
0.593620
9.140161
-10.552591
-3.254215
10.501845
-18.452646
11.405940
7.675474
15.250717
-4.298703
3.670992
11.024530
2.248024
-1.422595
1.587597
2.803943
1.952081
2.317666
-0.223566
-7.454974
-3.212492
-20.426292
-0.080143
-9.093465
6.470713
-2.421118
7.394269
-5.916825
11.309888
15.042564
-0.303859
0.731940
-4.779770
12.213708
-1.062008
-5.218402
-4.543749
4.110159
3.076418
-16.091532
-7.594201
6.491436
0.059684
1.592150
-0.883184
-7.768901
-4.326756
3.270843
2.915781
-5.884231
-0.514606
4.647901
0.910243
-14.051381
-5.374723
9.687601
-5.420961
1.037571
-9.786130
7.394598
-12.100164
1.800036
-18.637550
10.411925
3.631325
9.607676
12.468381
0.227617
4.752673
-0.454544
-2.538891
-3.765770
1.430817
11.325056
2.758603
4.208862
-0.825941
4.162024
-4.351648
4.642272
-3.659920
-4.099905
5.427007
0.779393
-0.850064
7.320900
-14.243081
2.204696
-1.300211
-0.014220
7.587609
-6.952669
-11.142427
4.583787
-10.860989
2.418495
0.919659
-18.208353
3.532479
-2.585615
2.329955
8.068010
-4.837703
-20.125732
-0.075703
-10.823172
9.383242
0.413886
-8.058096
-4.620200
-2.806731
13.244064
8.072020
-2.675684
-10.050733
16.440386
7.457508
5.339128
3.563040
-8.096895
4.291277
-5.846307
-14.420442
8.348370
4.372316
-7.853844
-3.759861
5.447961
1.956492
-3.928691
2.129071
-4.805531
8.268381
-9.464060
3.440645
5.935962
-2.106268
6.834404
4.009579
-3.736814
-2.571921
1.292828
2.404635
-5.464930
-1.267195
7.833384
7.509606
1.059293
1.857614
15.032772
-16.021795
4.172297
-3.249573
-12.256374
4.062806
3.187463
-6.196301
-8.680396
-6.950854
8.431585
5.185797
1.246403
5.464848
-5.923426
-3.400368
-4.155817
1.115964
-7.647785
4.113124
-14.553699
-4.761074
10.223759
9.462265
-4.965468
2.972752
-13.201171
8.214005
4.354025
12.055024
-17.497005
-5.049545
-10.078202
3.573211
1.346172
5.902568
4.051244
8.423321
6.400332
-0.277535
-5.244764
-6.508016
-9.154408
3.067926
7.013070
0.738283
2.796737
8.625303
-7.806703
-3.849299
-3.734608
12.296149
-22.979790
3.264385
-0.658548
6.497511
2.368766
0.766824
6.486260
1.558865
6.182592
9.684606
-10.167674
-6.169358
6.587995
3.395567
-9.506635
1.121777
6.398108
-1.095518
-8.101208
8.660769
-8.270689
-2.829797
-3.336761
-4.800977
-8.548646
-17.228403
-16.043518
7.559044
10.122445
7.116142
-10.331318
-6.874449
12.879975
-0.450411
-2.626236
10.507264
4.530005
1.562409
-1.223927
0.888328
2.343650
-11.646919
7.590492
1.277612
-19.421921
0.267126
11.991820
5.601998
8.596448
-11.547369
5.377980
-7.110722
8.419477
-6.620725
-3.107474
7.857985
1.585219
1.813495
-0.571125
1.490187
-9.950698
-1.589757
4.243476
18.766468
-2.949210
-6.920562
-4.448828
5.140318
8.952861
-2.265078
-5.138808
6.830323
0.232849
2.135473
-2.035089
7.511066
-4.547515
-4.985157
-6.029133
-3.937129
7.766154
10.380832
1.434994
-2.348258
-5.115757
-13.750065
-5.080340
3.184449
-5.452652
-5.711801
9.597674
-2.343203
7.789776
-4.807628
1.323133
7.894701
12.692240
7.438820
6.915990
-8.580102
8.553792
-5.169504
-5.145645
9.520002
-4.508249
14.031271
2.491449
6.872006
-11.049514
-2.443698
8.994185
11.371511
-3.689757
-9.303757
2.408923
-6.462980
0.138740
-10.452529
13.384974
-0.473422
6.986976
1.723396
8.333355
-4.326884
-10.630676
-5.212241
-4.540638
12.951588
-25.089025
0.437066
9.866065
8.434484
0.612128
-6.080257
-0.665486
2.851356
1.457106
-2.999007
0.937473
5.210589
-5.555222
3.041339
1.022130
7.723266
3.056087
10.268660
-0.228798
-6.279566
7.428585
-16.683592
4.373483
-8.290736
-1.843289
-1.325753
13.933389
8.427377
-2.140970
5.559937
-2.516969
-2.837160
-7.845254
5.003947
-1.938733
6.431233
0.912787
6.053798
-1.204926
1.924193
5.379097
-1.690933
-19.388969
0.075668
9.619944
-1.655289
-4.348537
-11.033205
2.845145
0.282389
-7.427396
-3.207629
6.089212
-10.924705
-18.513037
1.678006
-6.437197
3.832089
3.186997
-4.901132
-20.887888
1.339626
13.113589
-3.409184
-20.469101
0.540016
0.386629
4.949054
3.030547
1.093696
-0.853241
-16.209904
0.736150
6.931050
9.028426
0.918145
-1.205813
10.359237
2.415407
3.171055
1.957874
1.281620
9.226433
-5.531994
11.591476
4.339986
6.093241
-6.338829
16.168003
2.706991
-2.588447
8.007315
-4.437555
-1.827685
-0.422531
9.011966
-4.680068
-2.755012
11.074151
9.577254
12.654940
7.376537
9.886540
9.854008
4.044207
-1.896493
-9.074239
5.892882
3.033787
3.962311
4.150781
2.138473
-7.751122
-4.399308
0.661818
-1.016994
7.472648
4.809611
-1.885050
0.056481
-1.634812
-5.927206
-1.340626
-6.202786
-14.430006
-0.922304
7.752319
-16.480005
-4.378902
2.104293
-2.160455
12.551855
11.221557
-2.260856
2.238559
-0.281997
-1.495590
2.265923
11.549094
-0.186372
-21.600237
12.106354
-14.798391
2.879783
11.684769
-2.999874
7.000615
2.757385
10.695372
-0.836241
3.766534
-2.326583
5.046339
9.243726
2.039026
0.735929
8.018822
-0.470986
-22.092749
-2.419420
-0.605077
-0.577098
10.248985
2.193989
-18.183907
-8.643379
-6.224169
-2.874810
2.715327
3.817419
14.096854
8.618763
-9.735904
4.164534
-6.491537
-10.133668
11.327122
2.948049
0.580729
-11.720825
-0.274163
-15.645061
5.528450
1.842079
-1.959107
9.574586
-0.382739
-3.623052
-4.834202
6.132760
-6.754574
23.642313
0.587304
9.786530
1.719564
1.325007
-5.039340
1.905423
1.672465
1.528084
9.359886
1.076731
-22.191721
-2.093667
15.623686
-8.469345
10.425414
8.313359
-6.830817
2.774993
4.036507
-9.306638
2.043445
0.873719
0.080535
-8.018092
-20.844673
-13.076371
-26.026159
-2.497492
1.577802
3.692196
-21.128214
8.797614
6.060277
-5.119555
-1.824236
-2.942384
-18.282589
-7.377353
5.671372
0.311266
1.523054
-6.762929
-3.619503
-0.034277
-19.912292
-6.674501
-1.802804
-13.856307
7.904561
-11.782422
2.169099
7.334403
5.534322
4.599002
2.902370
1.162095
8.278853
6.538380
5.924582
8.848314
-0.341636
9.865506
-3.795238
6.003693
-13.796106
1.447262
10.339567
-4.175876
-0.291157
-10.047928
-5.620891
0.958081
7.194934
3.259495
6.012381
-6.621626
-3.736778
-7.388490
11.212940
9.457912
-5.778813
6.869587
2.825646
-1.458699
18.336544
-7.683094
-11.135463
3.109549
-25.608038
3.152554
-1.425625
5.057434
3.967356
-0.486063
-8.212864
2.879361
-2.609499
-8.339095
0.742329
7.213276
-5.294987
9.824488
2.330284
-2.043452
-0.314347
-6.336195
-23.937181
1.977313
9.840014
-6.145284
0.968230
4.504929
-1.706686
3.993614
2.044468
1.315587
-5.406407
-14.195987
1.815890
-5.305326
-0.414472
-4.408040
-4.989073
-0.971475
-6.015365
-1.539843
9.055194
1.209273
-19.896832
-1.948142
2.536374
-2.402919
5.565064
8.684025
-7.197674
-1.501272
4.103086
-3.437953
-8.856238
-5.649102
-1.455648
-6.500739
-9.062196
1.496491
-7.571911
-1.111721
9.651392
6.634869
-0.636406
-9.607220
-3.623715
1.215421
-15.609746
-10.134544
-3.213543
-3.111726
8.592382
11.912173
-4.974467
2.985197
-2.066932
2.887445
7.707304
-4.459609
5.094849
-0.491460
4.953318
-4.178602
-3.509496
-1.086115
-4.572562
6.609314
-7.338357
5.336706
-6.327335
-13.383722
2.548489
2.209100
5.604400
-8.461673
-7.916561
-15.164507
11.756083
8.154417
3.661934
15.793052
9.612664
3.554236
9.407218
-2.290249
2.528408
4.271948
1.396998
9.217437
0.245658
-9.230778
4.054734
2.296227
4.125423
4.288113
7.570419
0.692003
-16.016171
8.352013
17.425035
-1.647769
-8.212782
6.503314
2.901930
-0.113171
-11.039046
1.515152
0.523405
0.160212
-1.302223
-4.069280
8.377923
14.576550
-4.009790
2.724860
1.502682
-0.114796
6.745239
-8.746672
10.637722
-2.402698
-2.783440
5.078400
-2.691787
-4.871764
-5.974101
-8.193590
2.902637
1.845618
-15.069908
-0.457653
15.342059
-3.998280
-6.462626
-5.342315
-5.839907
-3.413223
-4.237045
8.414857
6.253402
-11.109119
-5.406739
-1.566947
-3.514280
-18.969976
-9.742624
1.056103
-8.835363
8.509788
7.087427
10.004896
16.859365
-7.529531
4.131797
1.670018
-2.329411
2.839968
2.387445
-15.866571
-0.680351
-4.397790
-8.966235
-6.679428
-16.990370
-1.242156
0.377784
5.108893
-2.655798
-3.735273
5.430892
5.211080
-3.749123
-4.375206
-4.543481
4.798627
-18.432093
1.344928
-6.673831
-3.711562
8.935440
9.364563
-5.549878
-1.735169
-14.891644
-4.294473
1.039813
6.047082
-8.817765
-0.806210
12.279381
0.586632
7.105832
6.671919
-9.730739
-3.251216
-10.430406
-3.035329
6.205893
-9.301308
-5.762747
-5.804820
-6.375358
-7.928905
-0.541376
-6.064445
0.714789
1.170643
-3.087996
5.261953
8.138974
-0.029932
-15.306134
11.148355
-1.006719
-3.044089
-15.986627
-6.222278
-6.457830
12.371713
2.282799
-0.620262
-3.196565
-12.789674
4.764267
2.947657
-5.903691
0.435072
-11.496828
3.337476
12.200816
7.520316
-6.710269
3.141065
0.621401
2.808923
-8.416320
11.634645
8.482458
-4.061257
-7.323691
-4.236063
-20.576197
1.314044
-0.649580
7.661525
-17.414789
9.363803
7.120922
-6.346116
4.064489
0.604063
-7.311210
4.401371
6.822306
4.653843
4.354666
7.229317
-3.692608
-2.714278
-8.037848
-2.017569
7.840864
0.505052
-1.643419
-0.032133
10.790838
-1.849240
-7.038896
-26.500034
-7.843326
7.404231
5.840511
-6.430782
9.637732
-5.286537
-7.869434
-4.488329
6.259734
-6.843401
13.606719
-1.270642
-0.851009
4.585464
-3.707391
4.210480
-2.862634
-0.763222
-1.797547
6.405531
-21.020494
6.516479
-3.758153
-5.879398
8.725540
8.504327
-6.463653
-2.131413
-9.745806
-13.447722
1.926145
12.422150
-0.836454
4.269865
18.226812
9.652476
-17.932941
11.547800
-10.178999
3.841980
9.842097
-2.000310
-1.427544
4.023486
-5.093025
8.924129
0.318452
2.677297
6.763651
-3.589856
10.394279
-9.722647
-18.551765
-4.238955
10.825182
0.917109
-0.557499
8.696856
8.477590
-2.352681
2.450246
1.713582
-6.081204
-6.790742
-4.349095
4.708891
3.604654
-1.706069
7.032537
10.929430
7.335953
9.314128
17.212791
7.900714
-6.248583
5.497034
9.711250
-6.196744
-1.443746
3.490583
-2.463518
5.785731
5.780487
-2.787468
-8.533925
4.590637
2.394400
-8.135112
-1.822652
4.672382
5.708572
-0.689986
-2.033018
4.959606
5.124327
-0.544674
1.743891
0.916199
-21.262604
7.532391
-8.458844
6.833837
-7.986541
-10.422016
-8.594124
-6.977002
-8.151464
-7.661780
-1.307890
5.439159
-5.311312
6.525267
-2.752056
-1.615500
1.063576
-7.874968
-19.057398
-3.944453
-4.132810
-1.860855
-9.789291
-3.300204
0.772895
-1.703338
2.214884
-10.453196
1.542351
-7.396894
-5.909800
2.815730
0.208459
-15.645971
-0.090973
-6.783126
-11.731431
6.644584
-10.482821
-11.228917
-17.835911
-6.139174
-10.110476
-6.719598
-4.003876
-6.418026
-7.666925
6.299937
-2.912204
-9.494064
9.715858
-6.142395
-9.114185
-4.040052
-3.634805
-4.140101
11.216113
5.995324
7.724927
-2.563115
1.933606
-13.907860
2.725892
5.895319
8.469254
-14.224527
-21.112906
-8.010141
-6.944418
-2.323730
-4.480381
6.197684
-1.851016
-10.774477
1.684392
0.129720
-5.511738
5.648189
-9.190849
-3.029105
2.170619
8.893112
-17.366596
-4.905066
-10.379616
-2.101068
-5.352558
-7.674126
-1.568044
10.103786
-4.198085
-6.186319
6.381618
-26.034937
-13.366818
3.155873
-3.480567
11.250009
-5.859403
11.836648
6.949034
-6.999688
-7.698073
-9.898127
-14.662025
11.368386
7.297933
3.505862
13.048331
10.178305
3.620537
-4.748939
8.187107
1.225061
-20.917086
8.134542
-1.876532
2.278263
-0.040716
-0.931484
-8.957595
-2.651556
2.247015
2.514865
-0.317639
3.038678
8.190322
-5.799521
-13.438489
11.798693
-16.609688
8.087094
-2.412006
0.455795
-12.740815
10.022844
-19.098806
-6.976519
6.264534
-0.569635
7.370791
-4.332347
12.985141
-2.167965
10.631950
4.969057
7.645332
-0.020713
2.432005
2.323226
-4.927845
-2.980984
0.692366
-1.496635
-3.959929
-0.131777
0.311595
-15.071202
8.723338
0.770723
5.248680
13.844142
3.097314
5.796377
-11.724298
3.140945
0.928114
-15.071693
6.167955
5.449330
7.699621
1.262374
7.214881
-1.234527
2.464425
2.637189
0.068144
-6.141505
10.025537
0.808087
-19.574068
7.198238
-4.202451
8.599462
7.863590
-4.515151
-1.836026
-6.232382
-5.328040
-11.008167
-6.994884
-2.576352
15.228210
4.413612
-6.342246
1.806978
6.058847
1.760634
-0.739076
5.803161
-3.534218
-1.055207
6.074786
-5.864623
4.587056
0.494053
5.086744
10.746574
9.439051
-4.013400
10.133795
-1.750757
11.312069
8.107099
-11.097591
-6.503358
6.380949
1.191436
7.811368
-16.150434
5.576131
-17.800760
-12.377675
1.523130
-7.065721
5.511672
3.188436
-5.232156
8.621932
-8.997552
12.171147
8.753033
4.866313
1.944339
-1.645399
6.855092
-0.168147
9.845322
3.074305
-13.273075
3.231732
2.093343
13.037940
5.531312
2.304255
-3.047672
-13.496306
-3.779227
10.479586
-0.650201
11.419799
-2.576219
-8.796475
10.633760
0.551342
2.482068
2.245825
11.938449
4.055915
0.549363
9.904517
-3.982919
-1.097698
2.418289
-4.644478
-2.882394
3.055000
2.950038
2.413859
-8.417601
1.338515
11.167348
0.535839
4.202061
0.146618
1.503452
-7.306363
-5.354664
-10.346632
7.369601
7.198674
-4.118675
13.782320
-4.251411
0.800461
10.909375
-16.214537
0.020049
3.395323
-3.533234
4.662754
1.603903
-4.457990
2.644500
-0.672723
-19.050833
-15.863486
3.883901
-2.086641
7.192362
5.937548
8.297970
-4.785093
2.997442
-0.127586
9.366622
18.515579
-0.094911
-5.018135
7.207952
-7.330256
-3.241836
10.573358
-2.160405
5.073213
-7.824197
12.163380
6.667400
-5.033175
4.970425
-19.208054
-1.173698
7.929412
1.772965
-5.233890
5.629422
-8.829323
-6.057458
-1.741655
0.958273
-4.351377
-3.340976
-9.546832
4.173841
4.637291
6.944376
-5.156318
-8.618312
-18.745598
5.196298
6.369526
2.079762
-5.031998
-8.787788
-7.059773
-8.099181
11.543160
-9.329926
-1.938643
13.858110
10.296852
5.534608
-2.638679
3.290593
0.648330
-1.288449
13.911670
0.942406
1.026461
-11.424906
6.826389
-4.103549
9.292468
-8.366700
-5.201944
2.708520
3.311676
-3.450008
9.154432
6.469191
-5.594223
9.615697
6.279531
10.384841
6.354848
4.159675
-2.837347
5.783433
0.189993
-6.635510
8.536730
3.460202
10.703155
9.456954
-0.996086
-4.780470
-9.684008
1.540226
-5.076724
-5.005068
-6.452318
4.327654
-10.131437
1.341111
0.678734
6.984214
-14.801730
0.932242
4.172253
-8.079374
4.239909
3.245123
-12.592431
3.308505
-6.889384
-5.948765
-7.724560
-11.260030
4.303366
-4.941560
-1.785911
4.278991
-7.099316
3.138502
8.748756
1.939956
0.592988
14.548477
3.723971
5.248635
-12.239876
-8.114584
-10.397853
7.532452
10.046980
10.459657
9.199145
-9.551287
0.710670
2.158594
2.248780
2.092824
-0.941982
-3.354719
-6.971661
4.791522
-7.619001
-17.150501
-4.046100
1.524442
5.332938
3.726382
-6.095901
4.633203
11.989567
-8.115329
0.102540
-3.521715
1.307665
0.092044
-14.980489
-7.489844
7.919361
5.095831
-2.348021
4.068625
3.202839
7.833230
-1.145137
0.180139
-11.156194
-6.700377
-12.446179
4.482774
-4.588693
-0.393342
-5.167487
-0.146892
-14.065337
1.337239
-4.100544
-25.335489
5.142560
-14.330997
2.387690
1.387242
0.594726
-13.737774
9.470475
1.105785
5.690924
6.449393
-1.836422
6.775496
10.045392
16.479939
5.001359
12.780489
3.154394
4.656419
8.061955
-2.569450
2.938060
4.809770
3.258083
7.266610
9.360716
8.675465
-2.308677
-3.005196
-8.411386
-17.883526
7.472187
10.408102
0.870490
9.485588
1.503386
-4.729176
-10.137001
-4.366929
-2.276019
-10.218843
3.730532
-1.850152
11.312752
7.030363
4.916116
2.655015
7.909709
7.536379
-17.515198
0.641110
5.081273
2.186931
9.637836
7.826758
-5.727859
7.695119
-0.345758
-16.434515
-4.699736
-5.115735
-7.517338
-2.249241
-10.581748
-7.119514
-5.926659
8.009539
9.763627
-1.527290
7.571428
8.503351
-2.354062
-0.568245
5.152661
-7.553886
-3.297490
2.322566
6.970407
-5.215748
0.740316
6.028087
2.557730
-13.033159
7.481707
5.526262
10.189695
1.741491
4.633780
-14.710349
0.718186
5.441270
9.497258
-9.872682
-0.464533
10.500554
-8.967578
3.179765
0.110896
-4.652594
-1.000889
-9.924038
13.471313
-5.856654
-5.536060
-11.374980
0.331075
-14.002173
-10.371958
3.765229
6.814956
-5.703154
-7.206404
4.675339
-11.416307
1.518291
2.445563
3.792031
9.478334
-4.101700
15.291686
11.720854
3.884724
-10.712272
-1.646345
4.109108
-13.195706
2.974554
3.203711
-6.256128
12.178389
5.692831
11.509347
-11.534135
-5.141655
8.342672
-12.708877
1.319987
0.409132
-8.355405
-3.925865
6.938291
-2.600509
-7.457817
-0.266869
-9.545215
11.069039
5.751902
0.166340
-0.133623
5.003671
-4.969743
5.669394
-14.312040
-4.785378
0.007853
-0.637321
-3.993653
7.852423
2.246981
-5.167924
2.804809
4.415870
2.399269
4.383188
-1.388621
-10.415695
0.662003
8.925798
-2.070555
15.394979
-12.025417
12.607290
1.073600
3.157059
1.357689
-6.041537
-3.725732
10.395908
-8.511859
1.480026
5.173718
7.731473
8.017401
-4.257931
-3.166474
-1.906447
-6.139734
7.695510
-5.420316
10.544385
-4.028382
-8.164165
-3.160928
7.915308
-8.431310
4.846012
-11.144681
-2.020474
1.408266
-2.783127
0.222768
2.588281
11.690490
-6.117138
8.473640
10.047545
-7.720127
3.134601
4.925479
0.062479
5.176862
6.759330
-6.013823
9.872395
-4.285877
-6.929411
-10.056582
6.199251
7.811349
13.841076
-1.449151
2.925846
-1.855357
6.196566
-1.469490
7.260960
-0.671219
-11.122743
4.202581
4.731385
-14.251380
7.635029
3.925087
6.338057
1.957747
-13.619816
-3.821889
-6.668231
-1.843356
-4.976213
8.449184
-0.690099
-2.241371
-0.691120
-2.187482
12.502642
0.815865
-6.315822
-8.249969
-2.024015
-3.331679
4.121186
-2.224894
14.662919
0.132677
-2.187768
-6.471658
-7.482749
10.367334
11.270154
-12.286704
5.855772
-12.557323
-1.148865
3.900371
6.478343
-6.645604
3.035821
1.558200
-15.192649
-10.071686
-4.129450
16.151331
-5.434862
4.123424
7.097816
-1.404492
3.354859
10.457493
0.498989
5.866043
-6.660569
-1.858624
-4.943915
10.006951
2.090304
0.514131
-2.488900
3.891112
2.996952
-3.253258
-0.595558
5.038974
0.361204
-11.440655
3.923067
-9.271791
7.814175
-5.999667
-10.672181
-5.896632
4.892644
0.226292
-6.554968
3.448816
11.412306
-6.076077
-10.704102
3.049884
0.183002
-5.350816
14.250599
-2.136065
-5.005566
-9.075607
-0.664760
3.419595
2.568592
-0.067385
9.869628
8.233421
7.939879
-9.200527
-6.806971
-3.365856
2.145682
-4.801535
4.708726
3.358176
1.409092
15.663051
5.150577
9.523221
10.633812
12.796791
6.909550
7.434099
-8.952845
-2.508146
10.569020
-9.880894
-6.553384
-3.865274
-7.115312
5.159198
3.879840
7.511870
-14.323937
-8.828783
-9.287695
-10.422070
11.309683
-1.926576
-9.943253
0.808172
-5.419623
-2.560769
7.389820
-5.571303
12.628766
-3.743484
-10.459108
-19.492825
5.420603
-9.899729
12.210369
-0.761070
-0.037538
-7.478478
-10.014064
9.129057
-2.831979
2.200176
9.611234
-7.159943
-6.967505
-0.073882
-1.293549
-5.958510
8.330646
8.674260
-33.247528
-2.837410
8.732825
2.972326
-1.873601
1.724072
1.004560
-3.799848
-0.004055
8.183872
-11.154828
3.441479
11.116444
2.135292
1.326248
5.156125
-11.418317
3.600013
-2.392128
14.652565
12.537095
17.165808
2.895447
-9.768089
-3.534023
0.090337
5.440429
3.482221
5.883543
5.513901
-9.276209
3.459972
-18.021133
-17.157230
-2.941490
2.185800
10.702656
-1.773961
1.951577
7.082083
-2.491595
-1.993361
-3.009588
0.313437
6.182766
0.710986
-2.029305
-1.797693
10.297692
12.149545
1.685415
5.514342
-12.270767
5.401324
13.346742
7.090532
11.252569
-5.380471
2.937866
-0.742071
-4.735487
7.081357
0.753406
1.857853
-11.937791
4.528489
-4.017904
-11.165961
-3.580010
-9.133833
10.881201
6.080084
-2.884803
-1.014074
-13.890857
4.308920
13.313822
-16.175283
4.744601
-0.893510
11.003793
0.962170
0.537091
-9.689116
4.527339
-6.246975
5.863922
-10.318902
3.693488
-4.206305
8.864792
-2.305828
10.124661
6.985790
11.931559
0.884606
-22.551638
-1.991012
4.356900
0.515343
-0.018014
7.064741
4.934042
-7.471232
9.670830
5.619881
2.531000
1.943469
-16.361443
-16.487997
5.986238
4.540919
4.447869
2.785193
-5.454779
-0.081053
-1.918316
-3.406130
14.504456
-4.688813
-8.927052
-0.222610
-3.179825
7.245599
-5.212095
-2.333379
-11.640196
3.764525
-5.271013
0.543807
4.029563
-7.268537
-4.344127
1.644393
-4.715583
-4.414588
-0.497097
7.298711
-12.869909
4.647500
4.657585
-5.353821
10.245496
9.723443
-10.756958
8.858875
4.388863
7.496684
-11.080216
0.611027
12.549832
-7.854189
7.612704
-2.008548
-6.913979
4.691262
4.728209
4.579401
-13.517092
2.944238
11.002050
10.858669
5.302057
12.543169
-1.772562
7.051555
-0.871482
0.922954
-0.991288
-11.084476
1.061193
5.184535
-7.860541
-13.683325
-6.210880
-0.266736
-7.375605
-2.164757
-8.073392
9.209438
7.858411
3.403083
14.432208
3.321722
10.030976
1.868996
-11.468535
3.450372
6.268394
11.621722
3.590495
-0.870066
-10.373140
-0.167075
-5.924916
-9.689741
-6.301291
2.638022
-4.631375
5.520639
8.406781
-18.771320
-5.175337
-0.433587
-1.780306
-6.752881
2.181957
6.475129
11.302883
7.072880
5.273716
0.650232
0.867907
3.299960
3.048930
5.779135
1.542127
-2.474487
0.019120
4.578887
9.395821
-2.252688
-7.572110
6.677802
12.551451
0.100290
-4.900342
-5.355485
-12.966980
-3.311749
6.518089
-2.150389
-8.141747
-6.950710
3.232363
-6.363394
-12.915800
9.784477
-0.111343
5.711672
6.804523
7.930491
-8.961679
11.875604
8.404213
-5.811468
-5.404968
-2.438116
-3.830194
-1.398435
2.050598
2.375671
3.091933
3.718478
-11.182205
2.454966
6.229748
-5.432881
1.316386
3.428658
3.533211
6.260082
1.184574
8.665668
9.748870
14.317323
-2.615193
1.649293
-3.028434
-6.382705
-1.025480
0.748760
-8.409599
-3.408501
8.374400
-7.516101
-16.464762
4.611653
-5.117331
-8.199931
12.607379
10.888252
-7.187096
2.425471
-3.895313
-3.988635
-8.158036
-6.648743
-16.400278
-5.304802
-10.168029
8.607388
-5.490728
3.861533
1.528556
7.207329
6.575869
6.403449
7.809789
1.189038
24.914614
8.457717
-7.452638
-6.304715
-0.848779
6.215178
0.420439
-11.307267
-4.952120
10.593276
1.417593
-5.164788
6.250107
7.881651
4.600391
9.389941
-1.768669
-3.708182
4.353470
-5.871455
-1.184169
6.354475
6.758193
-4.018670
-1.123804
7.149168
14.030492
1.456821
6.344099
-13.546742
-16.491467
5.876176
4.742694
-9.685012
7.249177
-5.927835
-5.698219
1.867822
-3.901110
-7.034857
-10.548557
2.842575
8.063490
-3.924788
0.616111
-8.561295
10.104437
-12.511038
-1.748008
4.808527
-10.593425
-7.998007
19.638437
1.697257
1.552055
11.187900
-7.703889
-3.628092
3.067004
10.302338
4.353602
-15.294831
-0.298931
3.722431
15.991084
1.334287
12.362185
0.259317
1.614053
8.003153
4.591769
-4.934377
-25.303490
-4.761755
1.090559
-6.555351
2.468792
0.978294
6.187444
7.757439
0.685901
5.103941
3.076985
-4.465269
-7.164878
0.853886
6.957519
-3.977516
4.487056
3.556616
-3.512317
-14.699809
4.981170
-3.828926
0.363140
-6.065637
6.772634
-18.821129
0.331092
4.653575
-9.994441
-5.933986
4.114968
-5.736388
-10.380696
-10.471915
10.944935
5.004041
-8.377197
0.231383
-0.843513
-0.314895
3.304050
-5.232474
-4.637812
-8.583694
14.073199
8.556048
-7.275674
8.306782
8.609941
4.429000
-3.568112
0.429668
1.586692
-10.862806
1.167442
0.571980
-6.955541
-4.348343
-13.134727
1.365556
-4.811802
0.751466
-7.891449
-4.893129
0.118919
10.349798
7.112117
-2.538160
2.794355
0.378131
3.530463
11.026326
1.839301
-5.265500
-5.514733
-3.493021
-0.384542
-0.129499
1.327629
-2.068115
6.854082
6.484251
2.592360
1.750071
5.021048
-2.834332
-11.731954
5.703938
7.703323
3.601094
-3.576555
4.121803
4.126489
9.529712
10.423253
14.469525
1.644288
-7.702155
10.148766
1.823020
6.509577
6.898016
-6.066270
-11.403239
1.350157
8.985165
3.571439
10.030405
-2.438871
-1.570436
-13.394104
-4.515526
-10.393261
7.998831
-1.448543
-0.435514
-12.860330
-5.686329
1.906161
-13.316968
0.820475
-1.854834
-3.495617
6.756234
1.563538
-7.759412
3.846546
-0.491700
6.331480
-6.905713
1.526503
7.990661
12.476644
3.780221
4.856182
5.190033
1.243883
-13.068778
4.846723
-1.677370
5.654016
2.602185
-10.165559
-10.392829
6.570613
9.321607
10.459153
2.732763
-6.237202
14.080635
-0.462433
3.876216
-1.647926
5.173957
-3.166786
7.122840
6.186201
-1.695415
-5.178227
-18.282799
-6.699508
-1.918255
-1.339542
11.975470
1.809655
-2.201048
2.785772
-16.004444
6.071747
2.962785
13.192829
5.004211
-5.023162
9.910518
5.298874
-2.722376
10.243811
-0.730984
10.238260
-8.056000
-1.419610
-15.994441
6.442798
1.353295
-3.277751
7.732831
-11.212263
6.532652
-8.614025
-1.068498
-3.271503
3.852982
-3.165372
7.434334
-2.776904
-3.340116
-2.225246
-0.709071
13.616208
6.469414
5.336908
-10.234220
-12.008807
3.796731
-17.388899
-0.065053
-4.506136
-2.593071
2.585330
-2.421120
9.963008
-5.524763
10.462098
11.074518
-9.855938
1.232836
7.372505
5.665975
-6.251391
4.462050
0.422539
12.741324
9.447745
3.562514
-3.741078
3.501807
8.423981
-5.292391
9.696186
3.444304
-4.244982
-7.565618
7.867923
8.417799
-10.064611
-8.601351
-19.049257
2.034518
-14.919085
4.482750
-4.494841
-1.383757
-7.317121
-6.229892
2.178699
-11.778724
2.886932
-4.451446
-7.406081
-3.434574
-4.527919
13.677692
-1.496084
-6.599275
0.450494
0.707992
-24.411440
9.399734
4.589942
5.632755
-5.109407
-5.822458
7.721360
-2.184842
5.581178
-6.251744
-15.815894
-6.006711
-9.044682
-5.797056
0.899267
-13.285825
3.864428
4.223682
1.002653
-3.065975
-0.320247
9.271362
-7.348391
2.347388
-3.341504
8.749924
-3.381709
4.240567
-22.054453
8.009495
-4.083940
-0.643134
-29.925867
-13.169236
-2.297366
14.853002
-2.675204
-1.407822
5.066007
-10.208639
4.353210
-1.515861
3.592459
-0.035073
-9.616090
11.097179
-3.109536
1.414836
3.982466
-4.254511
-3.889902
-7.550437
16.227955
-13.075688
7.826309
-9.319463
12.847535
-6.514698
-7.775969
10.398504
-3.310760
-1.178066
4.830507
3.886426
-20.836380
9.580999
8.367500
1.216311
9.385794
3.790251
4.295249
-2.293111
0.221575
-15.403873
7.165719
2.624331
14.890914
5.941446
-4.668057
-1.597305
-4.673317
-6.217893
-0.740615
-6.952669
5.833646
-3.755535
-1.410124
-0.365320
-7.479466
-4.270167
1.261667
1.235064
-18.869381
-2.871962
9.166142
-3.844180
-10.550844
-0.788468
9.770214
7.766866
7.050733
2.963478
-6.864299
-2.379907
7.442735
4.379626
-3.965184
-5.530499
-11.620323
7.742156
-14.400344
-3.634292
3.106151
-2.221812
0.432034
-9.399666
-1.476113
-13.556497
0.037984
-11.211010
1.175476
-15.365377
0.241940
0.143894
-7.532403
9.910950
-0.458995
6.927897
-18.554600
10.307318
0.860609
-5.755894
5.058895
3.575838
-4.270864
7.016214
-6.466650
0.578585
2.986348
-0.416695
-7.121164
-0.678939
7.213820
3.460373
1.648150
-9.344415
-4.392472
2.952234
-3.073664
4.120770
-7.238359
6.163377
-3.476277
-7.049631
-2.513457
1.364427
-0.164016
1.505054
-4.655338
-0.728066
-22.760628
-6.605067
-1.577332
10.728909
8.141730
3.276677
-4.056876
-3.669907
-0.593856
0.268418
-9.833784
-7.321949
2.300338
0.228760
4.537798
-1.928725
-4.206551
9.904466
0.948958
-4.097891
13.781742
-17.159094
0.456077
1.178755
-7.439357
1.907312
-13.473403
4.822452
-0.949344
-3.099898
-17.354425
8.169534
7.032793
-5.299747
0.309823
11.093573
-13.329790
0.249859
8.126295
1.637289
5.613640
-2.065604
-6.532574
3.532382
7.769637
9.447195
3.932203
7.071486
4.679774
4.361269
-3.992414
5.368260
-4.589137
-6.641437
-11.909439
-1.706206
1.712873
6.055399
0.356174
9.926212
-9.474289
6.819883
-3.855290
-0.533877
-5.966584
0.505319
3.778441
15.782330
-2.191174
9.313791
6.138094
-8.070856
11.454039
7.727599
-7.975373
2.273672
-1.604272
12.439166
-10.920334
3.085144
3.974424
-3.008854
-4.772507
3.144369
15.370922
-1.142530
4.430573
3.153631
-9.081304
3.743676
1.411504
-10.142052
2.801275
1.487569
-10.051374
7.746760
6.326294
7.775590
-3.821601
4.079863
-12.482442
-0.450196
-9.754307
2.061986
0.586926
-3.626141
-15.196326
6.792289
-0.553505
-1.767758
-7.762308
-14.768831
6.947186
-3.225415
10.560946
9.769138
-8.179220
12.705250
-2.594214
-1.488049
1.988160
10.614361
2.708571
-3.474370
-9.521222
16.406664
-7.468001
-11.707218
-10.841320
-0.938406
-6.038394
-13.512637
-2.180250
-7.034239
-3.210012
-12.603482
-1.714287
7.124523
-4.385593
-1.930806
-8.914279
5.677972
-0.102821
2.849844
8.227529
11.570333
-2.098836
-11.962977
-12.048177
6.434077
4.150126
-6.009550
-7.659080
6.851701
10.113342
1.881576
-3.266258
-3.046468
-5.262502
7.528466
-12.266369
-1.433759
9.969223
7.866036
-8.336405
-8.452397
5.932895
1.927133
4.629492
-6.948748
-1.720163
7.637871
-14.355545
-1.699116
4.793683
6.116891
5.869741
-12.377926
-3.001672
11.421072
-4.623760
-8.697968
15.281066
-0.581300
5.529330
6.923561
-1.932088
0.910555
12.302608
9.131793
4.990180
-4.027753
-6.771507
7.560852
-1.044064
11.447116
-3.710094
-4.789395
5.030119
10.221703
9.638063
8.226363
-4.145418
5.724617
-13.808232
1.943618
-0.557661
1.583434
5.051361
-2.769152
7.002568
-0.134742
-11.312627
3.463492
2.794832
-0.055920
-8.786423
-6.848283
-14.041183
-0.969235
1.194126
-6.167146
-8.213436
6.730364
14.555057
0.292748
-7.497525
5.790224
-5.678814
3.970639
15.861823
-6.735946
-6.960615
0.993708
-14.821308
0.958315
-4.806237
3.638001
6.058512
-5.354513
-8.121188
-3.418019
-3.467817
-1.021548
-8.615589
8.616570
-9.317201
-0.998771
-2.308711
-4.738165
-7.495327
3.689641
6.696556
8.458470
4.631531
-11.975657
-8.294518
-6.472135
-4.600135
2.524410
-6.149391
-2.235127
-0.298011
-4.516098
0.967183
0.788971
-19.381430
-7.014122
2.753697
-4.960716
-0.872257
-4.437695
9.196563
7.963176
5.103074
-5.743852
-10.669015
0.018760
3.431001
-2.722218
-12.134103
-14.333346
-8.261234
-1.697129
-8.201740
-7.887387
-7.371791
-6.009429
-14.555568
7.170093
-6.859839
2.262216
1.083054
8.298930
-6.215703
7.447819
5.560215
-0.779502
-3.898099
-1.756821
-14.204580
7.081328
-6.976519
3.015611
2.017238
-0.835268
-11.287751
2.898098
-5.497492
-6.300239
6.584092
-2.647801
-7.414993
4.581076
9.052419
6.852869
-1.008629
1.413695
-9.377351
12.929938
-8.311831
-4.763665
9.041287
-3.398238
0.246208
5.655175
7.279785
-7.964046
-4.366819
6.829344
4.505481
-2.522992
-13.391816
5.978928
-4.023097
-8.486626
-0.635270
0.378617
5.183678
7.779653
4.801470
-9.526963
-3.627607
-1.812298
-11.763536
-4.985415
-12.742935
-6.496773
-4.348495
-4.476783
1.065754
-5.840383
0.151433
5.219626
4.352268
9.828494
0.311232
-4.947563
1.736778
8.610928
0.802785
12.120410
3.947719
4.026802
-5.405009
-3.945153
1.717996
3.293678
-8.824299
1.448524
1.411879
-4.104321
7.558067
-5.402564
-2.702757
3.228122
9.148330
15.398937
1.998104
2.592069
-12.569393
1.181643
4.292357
14.643345
4.576931
9.817840
10.423316
0.307324
1.172962
5.369907
4.778215
-0.230831
5.432560
-4.492082
7.465405
4.195543
14.559677
6.692212
-1.181592
8.778829
-3.277436
2.439277
9.283301
-11.195506
-2.634478
-0.993787
-6.528455
3.085378
22.110802
4.056312
0.801979
-6.531927
6.527625
10.700234
-13.805866
-8.695364
5.974557
-4.505149
4.851734
-6.150116
-21.427635
-6.370666
12.761711
-3.662667
-1.102983
1.657224
1.885017
4.344880
-38.226784
-0.020402
3.080204
2.659594
0.561422
-3.195411
12.225176
14.146434
4.103503
-5.374448
-7.399244
-0.847353
-6.334649
3.794285
7.840827
0.406171
4.676881
-2.573453
-5.301166
-9.915138
4.336923
3.799761
6.176112
10.754728
3.584975
-7.388151
-1.578071
-5.758117
3.395656
-1.672258
3.895492
-4.047325
-14.281295
-9.520030
4.103489
-6.556931
2.244922
2.007352
-5.329874
6.624023
6.886389
-4.344354
1.399041
-13.446321
-14.105136
8.802867
16.343992
0.030587
-1.145377
4.228291
-9.404761
-10.391759
-9.145094
3.154739
0.916540
2.443581
-6.563892
8.695970
9.648765
-6.708219
4.011079
8.101892
-8.987342
5.507401
-1.854482
4.112255
4.951453
2.221370
2.985338
-2.322135
-6.343299
9.105390
7.264467
18.326035
-6.388667
3.255100
0.195796
-2.951795
-2.532021
8.183902
-19.624731
-7.517124
0.286752
4.233118
5.753935
-8.573211
-2.681684
4.745250
0.773881
1.318811
-3.324046
-0.990827
0.411208
2.779220
9.699019
-7.860194
11.625914
-2.753193
5.514879
8.417768
8.321481
3.518343
5.273597
4.202708
12.356979
9.317273
-4.844453
-2.022015
-5.756763
-5.271363
-11.922085
-1.852520
-6.254855
2.232985
-3.260443
-7.066898
10.960635
4.869051
-5.956646
6.961355
5.354111
1.888708
8.099143
-5.855161
5.200347
-0.799677
1.497863
-1.315034
1.576874
-5.355220
3.423443
10.646361
1.976858
-0.175602
4.719182
13.798416
-3.806004
2.628224
10.911679
-0.530438
-1.019769
7.100605
-5.333968
-4.917270
7.740003
6.428188
-0.706426
-5.567632
6.639573
6.623667
3.863336
7.785055
-3.735813
6.117130
-9.543111
11.639458
2.583606
2.496961
-16.636143
-0.100515
-4.265060
7.248163
-1.532039
-3.395730
-6.091372
-1.784513
5.722153
-4.917047
-1.194501
5.609327
2.416168
1.471015
3.720510
-10.985205
-1.951607
1.953630
7.278036
4.354257
-26.156662
1.270199
12.102482
4.118320
-1.228589
3.340052
-2.943210
5.049525
4.734723
9.676206
-5.440241
-9.333877
-10.581423
0.189105
-6.889697
4.050565
-2.504668
-12.707191
10.840038
-7.711416
10.113717
-5.232800
-1.971001
-13.447878
6.792742
2.766191
0.305158
-0.135270
9.224673
9.322587
-8.154869
8.573917
-10.984354
-8.675131
-1.168365
11.545973
-5.254126
5.663993
-4.756212
-3.082341
-5.433459
8.031361
5.418719
-2.448764
0.756219
-2.617595
11.121677
-9.726098
-5.232015
8.271008
-7.428899
11.187365
7.328877
-4.862411
-2.063247
-2.630501
1.749233
-5.677184
-9.607200
-5.401323
-6.646900
5.910532
-2.201006
-4.461309
-8.389185
-3.236012
12.756605
3.911398
-6.047954
-3.954119
-2.413305
-3.784373
10.891937
0.948887
-9.559875
-9.916132
3.085405
-3.725147
-15.127837
-3.092932
4.280261
-2.295459
1.736811
-2.567387
10.783286
-9.266625
-3.301654
-16.925264
1.588652
2.723107
6.879756
6.829747
4.132966
-6.132567
0.178291
-11.837316
-10.371717
-13.559900
0.365567
-9.175514
-2.264859
-6.007753
5.713497
2.372920
6.818959
3.911201
-1.796900
6.476841
-11.500129
-6.974041
3.735808
-16.145042
10.946303
8.114905
11.717739
2.320380
0.419214
-5.177672
7.375520
-12.982021
-3.688462
-4.021382
4.581868
-5.952930
4.642418
2.330057
4.166931
-4.485048
-8.816794
12.828877
-17.021877
-4.154258
6.590712
8.928852
12.709674
11.133936
-6.726662
-0.544297
2.172487
-1.221303
9.670213
3.090956
-4.571254
-5.341330
-10.143209
4.103041
8.505474
10.573703
-1.082140
-8.745509
-0.449283
-5.779979
8.282255
-2.255155
-4.895575
5.970573
9.098871
-0.233121
-11.176656
10.346315
12.929404
13.083220
-0.694688
-5.257949
2.047397
-1.475768
13.097004
-0.952547
-3.634615
-3.710471
5.175900
5.233533
-20.206137
-6.432927
-8.608716
11.267535
-0.506980
1.719242
8.275855
2.006924
-4.708039
-1.111428
7.550111
-3.760026
4.255220
-10.885517
6.906443
12.104057
-2.575241
7.619112
2.230443
-0.992291
-0.372461
-7.933966
-13.722466
5.756752
-2.336291
12.126538
4.634940
9.484345
9.113795
-6.624496
1.116094
-1.719975
11.833957
5.882664
-18.928612
2.973674
-5.633127
3.902637
5.110724
7.609400
12.724794
7.735982
-0.044819
10.039735
-12.074017
8.911517
2.835177
2.031548
4.126642
-0.327022
-11.291661
-7.983147
-4.129928
-10.575280
-9.409550
13.656646
0.756935
-10.684911
0.236124
-3.411430
10.087102
-1.815989
-2.165674
3.445904
-6.743721
1.266877
-4.250874
0.213369
-4.684104
-4.830335
3.548850
-0.482461
9.738157
-8.512922
8.824473
-8.704393
-6.290121
5.138344
-7.971687
-1.883629
-9.854987
1.752569
-9.070420
-4.798759
-4.524498
-0.014763
2.045923
-9.347747
8.782636
1.825882
8.398107
-2.186178
-2.322811
-5.212581
1.751845
-1.579033
-21.919744
-3.027292
11.320814
-4.004838
-8.513329
9.974638
6.117736
3.055798
0.091500
4.860598
1.045639
-21.740152
-3.306444
0.500486
-4.957187
1.737748
5.264155
9.731742
0.274746
-2.520059
-2.978219
3.621463
-8.293082
-4.170979
7.336667
-3.953027
6.033245
-1.304847
-0.338681
-6.333688
1.528122
1.800713
-7.037350
5.926331
3.780998
-6.547905
-0.195187
-0.778157
-1.405425
-5.179916
-2.270445
9.828566
-3.337042
-7.077538
2.621715
5.235935
16.403591
0.740288
-6.698588
3.566434
8.561107
5.199437
-6.672394
-7.710984
-3.312762
-1.873248
-1.856748
-4.040382
-7.509951
1.950233
13.023135
4.948030
3.654808
-1.723153
-0.948562
-0.878376
11.686449
2.915621
-9.666644
-2.523336
0.031515
-2.194172
-1.861745
1.200419
4.270389
-8.443267
-12.222816
-0.024884
-1.752429
-17.595108
-2.896137
-8.342491
-13.639066
-13.687250
-3.674047
-4.724518
-9.935674
-2.392843
-13.477172
-6.745160
-3.600616
-2.425336
7.624311
-0.276647
-10.078995
0.192364
-13.238305
-11.124862
-7.215542
10.759191
6.526499
3.002633
-4.765488
-1.641489
-5.763299
6.353539
0.179477
5.216406
-5.317753
-1.527603
12.169501
1.592015
-1.964357
5.992743
-4.498246
-7.587299
5.434143
0.215012
-14.747699
-7.692000
-1.214260
7.272482
2.191424
10.378703
-11.463497
-5.469371
2.057413
-15.245587
-1.520261
4.392679
8.777920
-0.711866
1.440879
6.881786
7.848984
-7.121768
-6.005733
-5.577968
-1.446602
5.143313
-0.502659
-1.262646
-4.562654
-4.789365
-1.696084
0.647407
-16.533358
8.244620
6.895517
13.883603
-17.221380
-8.149315
1.701211
10.780192
7.625762
5.537185
0.603937
-1.768630
0.858689
-0.031440
-13.067809
-2.150076
-3.071998
7.885767
-8.534621
9.060031
9.197283
-4.363501
0.610792
5.402632
4.268979
4.575377
-4.913607
2.383631
-2.819542
-7.810709
-10.671183
0.114782
-9.176280
0.125835
0.793268
-3.488358
-1.819978
6.872658
-3.676226
-5.582946
4.027009
-7.156214
-11.993378
-1.267469
-1.585589
4.640882
-9.080773
-5.280333
-8.044721
-4.649481
-7.222657
12.312199
0.918731
-4.301224
9.365332
-10.263326
-3.711347
4.445358
-16.152191
5.282965
1.009537
9.700460
1.614283
-6.511700
-2.389130
4.312887
3.296421
9.585901
-10.193207
10.309758
5.991634
8.406304
-8.937958
-6.618079
-1.604377
-4.628157
6.238313
4.157328
0.841425
8.911299
17.773800
-5.929925
6.295085
0.122173
-2.505661
3.072003
5.821265
0.052666
-7.556899
-8.072117
9.556665
-4.804807
7.927630
-9.297384
8.100342
5.153396
7.080384
-1.724962
4.196461
-1.188548
-6.784437
-5.608752
0.122407
-1.194684
-13.943591
-6.406320
7.121431
-3.930489
-3.731497
-7.265741
2.089802
-0.845522
-18.185171
-4.105588
2.640115
-8.346789
-9.226484
2.552766
-5.391655
-9.246996
-8.656801
10.801050
14.141972
2.121518
-2.119052
-4.000896
9.645432
8.399745
4.030113
8.325944
-9.349691
15.185486
10.672443
0.473817
8.578994
-7.972977
0.553885
-2.570253
-2.314824
6.486508
2.041003
-2.900637
-17.441780
8.718863
-12.687582
-9.838170
-4.594084
2.084452
-5.984618
3.685215
4.937536
0.190944
-0.829267
7.811822
1.827323
-9.078508
-4.210366
-2.929546
-7.873702
-8.744229
-3.401098
4.176620
1.127838
-2.998040
0.031788
1.621269
-3.064584
2.746456
6.651554
0.735498
-6.126487
4.300764
4.216347
-0.841978
14.352071
5.702120
16.365627
-2.644394
4.239377
11.568090
-0.576544
-1.966801
-6.256949
9.975148
-4.489270
17.272003
-5.173203
3.176099
-2.695479
-4.311453
5.937789
5.445843
-15.279721
-1.515723
8.044938
-10.417564
5.932199
9.138013
14.784965
7.726816
1.362611
8.023993
5.721950
-9.078762
0.437732
1.402359
8.642114
2.507702
12.290916
-10.027562
11.415483
-1.239868
11.653681
-6.497057
-9.735545
-1.954050
9.262771
-12.237853
4.657776
-9.850630
-13.231234
-15.186101
7.829393
-1.771905
6.237776
8.275324
-0.296240
-5.946609
15.414333
-1.159820
3.031740
-7.733773
-0.329500
4.064828
-11.417480
-6.321476
2.246094
-1.026304
14.317410
7.822347
-11.706944
1.563211
4.583276
3.170319
-0.536103
-3.025624
-4.010233
9.692239
2.072791
-8.373232
4.880123
0.427991
0.921374
-11.668681
-2.759025
7.072755
8.964375
5.616368
8.193785
2.488895
-14.532150
0.727714
-3.437735
-8.676895
6.016160
-5.576570
7.991122
-7.193557
-5.864682
-6.209218
4.159276
-2.622279
-0.691904
4.659616
-6.711180
0.418557
5.566765
1.650818
9.982400
-3.626264
13.857223
-0.054646
2.060754
2.977715
12.223121
-14.175946
-12.257746
-5.414974
0.181917
2.743233
-4.617266
0.978744
1.680018
6.781143
-3.919262
1.429668
-7.578973
-3.628707
-4.309376
-4.527232
-6.374588
1.621546
9.648696
-4.596071
0.008600
-4.993314
-1.121104
-0.791160
-4.808992
-8.753550
12.882515
-9.946979
-2.348536
-0.588183
0.195552
8.109147
-5.730331
15.349541
1.494239
-3.768151
12.068471
-9.630543
3.955950
14.937464
-12.514936
10.809657
-2.119779
5.791262
-6.031779
1.511680
6.176350
12.653825
4.704428
1.811594
6.561057
7.735437
11.859257
-1.004975
-0.994334
4.584865
9.017788
-3.747027
1.548450
-10.780910
14.688449
-14.167165
6.570845
-5.914216
-3.055710
-15.247912
4.014393
0.472989
-4.566173
-5.652641
6.422291
10.695276
-13.842787
2.091091
9.450612
3.938345
-3.454895
1.565722
14.066923
2.478030
1.525344
-9.134459
-1.916995
1.062856
-8.225393
-2.192689
-9.162711
-8.847010
5.949330
-0.291115
6.576489
4.980432
-3.371611
-9.238676
1.310938
2.585842
5.763976
2.891812
-1.930508
2.813336
-8.573560
0.348524
6.479340
11.083716
-21.661568
4.452301
-2.514238
4.772977
4.786682
4.392405
4.083183
-2.013250
8.212650
7.052070
5.348556
8.581248
-12.907948
-13.516135
3.488214
-4.959677
-4.698367
-2.407247
4.116948
9.511414
-13.566838
0.213931
9.830215
-1.655866
12.625479
-6.340571
-7.963500
3.776338
3.546856
1.634215
1.687974
0.380111
-11.344090
-2.464978
-9.896932
9.770866
-7.835670
2.904581
-2.348102
7.961099
-5.051256
-10.469604
-11.974998
3.697497
4.240614
4.085843
6.901460
4.898437
7.146279
10.046906
1.390060
-8.378223
4.505621
-2.078583
-3.648701
-4.819595
-1.704673
4.429152
-8.483464
1.313943
12.332677
-6.160113
-4.049006
-19.916311
-14.076515
5.934091
3.319715
5.368888
-5.267819
0.214759
5.541248
-6.645195
-1.489096
-2.714180
-13.019511
-2.931573
10.842681
-4.152728
-1.133734
4.363642
-11.489526
9.681388
3.952518
12.997066
-13.946216
-2.471962
-1.100192
-9.046715
-15.152774
10.987249
-9.406923
-4.095695
13.362617
3.505100
-0.155655
6.384891
9.287153
11.652215
6.345675
-3.526010
3.840085
-6.503957
-0.039732
5.455622
-6.976604
-9.185808
0.185282
4.488735
-10.620399
-1.338040
7.623810
-2.271049
0.573614
-7.748675
6.363731
-2.602950
3.281908
-1.054314
8.415870
8.373873
11.195230
2.758471
8.048709
-5.394620
6.283791
8.137253
4.212625
4.345485
6.130840
5.930225
1.024458
6.548258
5.079341
-2.905192
-0.776122
-12.526120
-1.747795
10.611814
-10.627382
12.702144
-19.226387
-12.417883
5.868487
-3.654379
-1.907066
3.982999
-7.373119
0.338589
10.500723
-8.081511
3.188790
7.414084
-3.847524
-8.522185
8.649360
-9.723951
10.955573
7.240747
3.284183
7.865479
-13.530887
11.468232
18.663404
7.230040
-8.450089
5.073086
1.390821
-4.433423
0.621018
4.548256
-18.433138
3.359273
-9.832454
0.902967
4.548268
-8.887840
-4.820732
-10.643990
4.296904
9.220886
0.819309
-2.442029
-10.083286
8.340961
8.007045
-8.702807
12.300776
1.300744
-1.682023
4.599367
4.179575
2.487218
-15.165896
0.926790
7.374277
-3.553031
-9.397858
0.241922
1.596916
8.095210
3.222256
8.459882
15.578955
5.537593
-0.873447
6.407294
10.242097
8.613994
1.571984
7.835996
9.207229
-9.019302
2.153397
8.289077
-4.059270
-6.809309
16.204376
-0.638177
-1.793253
6.021402
-5.098513
-8.675107
3.208917
10.185769
-10.034392
-6.939219
-2.208143
5.280758
2.961216
-6.399740
-6.246614
-1.303511
-4.337508
13.485316
12.817276
1.792166
5.028596
-0.055562
8.441846
-3.811274
-4.693933
3.772629
3.537452
10.557577
3.541411
-4.569562
4.955008
4.134418
0.446535
9.038929
1.872371
-3.050861
9.772781
1.040105
-2.268825
-11.835100
11.835799
-0.172947
-0.968972
-12.484335
-1.235150
-3.753237
-6.066730
-7.424646
3.735786
6.471672
0.270825
-6.395922
7.453018
-7.154287
-6.755507
8.100425
3.857559
-4.316140
10.801871
8.350878
-1.509579
-9.889432
1.138851
-3.311976
-14.085604
7.425522
0.535880
-5.432769
11.462581
8.008552
-12.473125
-10.584697
16.506578
9.295347
13.371799
6.848553
-9.619390
-7.186228
4.560153
-3.623257
4.753998
5.814563
1.324276
0.093080
-19.836912
-5.153301
6.393232
-6.879838
-5.201297
-14.692727
10.731288
9.427962
-1.570893
-14.612121
8.895138
3.417735
2.395016
0.362572
1.411464
5.539183
13.657268
7.707241
-7.576748
-1.282234
14.621745
8.644154
5.503845
1.094238
6.363182
-8.089141
0.285222
-9.053023
10.957606
-3.306222
-10.644815
7.043065
-10.343892
-6.196759
11.617490
2.913946
1.204912
2.645144
8.686058
-16.594179
5.889849
-8.790606
6.208423
-8.851315
13.448425
-17.102304
2.861687
-2.128586
-0.963751
-1.375687
-10.392731
-7.253788
-12.357858
-3.171583
1.039485
-3.012046
-5.793201
-1.592610
8.420470
-9.223059
6.018695
-1.218412
-2.830260
5.152147
4.452147
1.132825
-5.069780
-2.834440
-7.597868
-1.796315
8.357935
11.305906
-1.423233
6.554177
17.060833
7.550576
3.066876
15.376665
6.040126
6.614578
-6.131307
-1.829492
-2.109167
-3.624659
-5.837264
0.025800
0.518679
4.130860
-10.188474
6.999045
-5.241559
1.984704
3.730221
-4.841874
-16.698112
3.123816
11.064008
2.057149
8.486328
12.177674
-0.756238
10.572914
-10.877874
-16.570488
-4.757949
-9.136796
5.595885
-6.315360
7.102416
-14.321017
12.250619
10.276753
6.622181
-3.938997
-6.866108
9.652803
-5.660732
9.150974
-0.983922
-4.557814
-9.262186
8.471563
16.731056
8.418390
11.185087
-12.714878
4.925426
0.791175
-10.127982
-0.533627
6.366607
-7.700570
5.178959
10.341534
3.523886
-10.274363
-3.524155
12.181079
-9.623981
4.647645
7.380815
-10.670464
-5.634607
6.554812
-13.486783
-2.563825
1.820154
18.610273
-3.185076
-4.947019
5.865950
1.834104
-6.200056
-4.384838
1.534100
2.322916
-1.696105
8.907750
-13.972165
8.969482
-19.388441
12.759475
-7.744133
3.589858
-4.077825
-2.683775
5.188107
0.528012
9.583134
-7.638273
-5.139930
-17.967394
-4.795671
-10.113076
-12.970013
-7.440612
6.190011
-3.026498
-8.977008
4.738493
0.085121
3.451239
-6.836231
-1.572971
-9.406813
5.778503
-8.933131
2.126334
-5.656685
-15.113228
4.016858
1.545060
6.896192
2.687825
-0.237799
-6.788193
3.389148
-2.254025
-2.665453
-15.239511
-1.230427
3.380056
-8.389593
-1.647270
-0.169036
-11.702588
8.143087
-3.141199
-13.449785
3.219574
0.764822
-12.341193
-14.303289
0.078410
10.580728
9.079516
-6.627417
0.205471
-2.238797
-8.446843
-1.480658
4.149263
10.322824
6.765301
5.330589
-10.073746
-7.033220
0.840315
-7.051256
3.813928
5.713377
-3.820285
-7.959332
3.467174
8.694320
-11.442236
17.213224
6.102446
-16.623779
-1.995426
1.125287
-0.032183
6.662947
-9.217023
-0.068286
-5.747036
0.613836
8.977302
5.022748
-8.166530
0.745178
3.856479
2.585134
8.995760
9.807562
-2.472914
-10.367530
-3.928149
4.862075
-6.793309
-8.257218
-6.546266
10.899929
5.862423
-0.254441
-1.848062
-10.689358
0.300585
3.272021
-1.309384
-6.245527
8.758082
-11.848516
12.805496
5.604769
-1.468679
10.819399
1.916492
0.065599
-12.426417
7.774927
0.761357
1.258208
1.918527
3.785643
-4.290636
6.435912
-2.874233
-8.767371
8.751719
-12.155759
1.190451
2.591612
-1.628733
2.479511
-16.145256
5.609428
-0.917857
14.986498
-5.308527
18.169405
-2.646134
7.659986
7.006236
-2.819391
4.954187
3.323760
-7.919409
7.592770
0.629703
1.860041
-0.346729
5.628639
2.460723
5.048199
-9.316301
-0.320779
1.116292
-6.214278
6.505670
-12.889011
7.001952
10.317268
-7.183372
-7.074381
-14.381635
-1.076881
-6.918202
-7.457609
13.744456
-10.785930
1.399622
10.517366
5.274928
-1.421228
6.174245
-0.892221
8.189444
-4.175361
5.110899
-6.936506
6.772462
4.587098
-3.322829
7.731363
3.457630
9.988499
4.554686
8.795301
10.659616
9.807163
15.066621
-13.075120
-9.017008
-7.347713
8.490644
5.560814
7.696966
-4.648381
-13.508395
-9.373722
3.139241
2.768917
-3.092693
-2.949159
-5.680879
-8.740147
-2.561189
0.558239
-2.354302
-7.416383
1.574955
-1.467106
7.288435
4.247575
1.801526
10.048853
0.581638
6.946877
8.000336
-0.770249
-7.750073
3.812870
6.230021
-3.514580
1.674215
3.796767
-9.288322
-5.642839
8.390388
-0.345582
-5.285254
7.394109
-11.191263
-11.374253
5.475944
7.407757
5.979383
3.595721
4.526059
2.774356
10.221024
-4.681918
10.540246
-4.721538
-10.285954
-2.265162
-7.452420
-3.725637
3.607569
-3.933251
-12.337436
1.588704
-5.444468
-13.343520
-6.149667
-15.857845
7.979312
4.176411
1.758731
1.518916
4.366096
-8.202596
1.951027
-8.693371
-3.930914
10.880617
8.443268
13.687197
-3.966241
9.236222
-10.985247
9.955591
4.053661
1.310394
2.360658
-4.684827
10.126317
-0.411030
-0.945296
-15.214312
6.141699
-13.598696
4.930410
-6.075362
13.489496
-4.168149
-1.778613
-1.863760
-0.027839
0.421528
-11.087033
-8.769196
-4.959484
7.415966
8.186512
-8.665508
-12.940012
13.665291
1.885235
6.462885
0.200934
8.394025
-3.109095
-7.894101
9.266796
-6.021548
9.722262
-16.845797
3.459498
-4.533932
-4.147812
7.400429
4.344594
-0.489312
1.675640
4.431266
6.024080
-16.474522
10.459401
0.850808
-0.537693
5.099665
10.519913
-6.294312
1.308560
-9.149263
-3.897714
-2.569551
-6.960514
4.278984
-12.600739
12.742354
-5.916309
14.205460
0.445800
4.194593
-4.175940
0.684525
8.809674
-5.009806
1.378896
10.777140
2.643515
8.536577
-2.458846
2.461633
4.172520
-1.955174
-10.816747
3.664972
-4.619671
1.608135
4.173428
-1.570626
-5.383431
-0.863136
1.475098
-2.462921
5.390862
-2.856699
-1.795890
-3.835495
1.007518
8.040988
-17.695431
-0.406772
-5.010902
-15.336333
-1.503944
12.106763
9.960058
-17.804115
5.003027
-3.335364
13.448958
3.468758
-6.443091
2.077809
-7.413806
4.277349
0.437026
-2.888346
-4.355125
6.847434
-7.847277
1.290457
-4.004751
13.700511
6.217957
10.958942
-0.178288
-8.033161
-0.312735
5.179079
-3.256472
12.728640
-8.920559
-2.336582
6.278274
0.825889
-2.492726
-6.305981
0.628701
-1.548242
3.640976
-3.956772
0.838579
-4.607682
-5.705403
14.348107
1.419592
-4.830981
-13.909912
10.612973
3.053421
12.006173
0.020908
-10.066251
-10.089063
-2.482985
6.657012
-5.223433
-11.233261
-5.532977
-10.856075
-4.064674
4.001087
-2.619555
6.458010
4.005171
-2.467816
-15.283460
-3.334239
-8.302702
12.540912
2.169346
7.696602
3.325369
2.013216
9.281987
-7.177731
1.435324
0.497568
0.325487
-2.894310
-13.621470
4.454764
5.855151
8.870639
-10.576171
6.754415
-5.988789
-4.902968
-4.427695
-7.542662
-2.440142
-3.520370
4.581124
-7.436052
21.989946
-4.708521
-3.845460
-3.200686
-2.494398
9.485473
-4.093224
6.133935
-2.862506
1.283171
9.736755
11.667233
3.625289
-0.940296
2.288951
-4.091916
-8.150223
-7.327493
-19.308283
6.718291
-2.951784
5.812565
6.518468
-15.085732
-4.485334
-6.712813
5.312479
-7.874639
5.116784
5.217293
8.082548
4.665737
6.123206
-13.369020
-2.684379
9.416376
-9.802319
4.961445
-3.511199
-1.027628
-9.559333
1.483042
12.511980
-1.486762
-7.607231
-2.690790
7.243847
-8.621225
2.605948
1.007696
-10.486841
4.046323
-2.209910
2.523069
-8.314043
11.313041
-14.835766
3.021939
2.968992
6.703501
0.887909
-16.146078
-7.305980
-17.034838
10.331830
19.717920
5.648612
3.527342
-4.850750
-6.341009
3.452283
-3.042746
-8.627666
-1.328892
-0.425524
-2.412585
3.732308
-2.291681
9.961838
2.158980
-3.893072
-6.810274
-7.499560
-5.935133
12.940624
10.104378
-5.820113
1.489702
2.359071
5.745609
-5.156564
-7.357003
-6.389175
8.776893
-5.304338
0.486708
-8.003925
-21.672415
2.679856
-2.135881
-15.635123
-0.524472
-5.051583
-18.603729
-9.944799
-11.160095
0.988985
-3.510000
-2.675451
8.122712
5.530943
-8.260517
2.499759
-0.065995
19.981476
-8.065828
16.037254
-9.155607
-18.071131
-2.682129
2.158420
-0.294446
6.768538
-7.946004
-18.080822
10.831979
-1.762494
8.865928
4.731923
-8.991766
-23.422188
5.219375
1.441842
-7.163392
-11.173046
-5.934450
7.594302
-7.821828
6.247868
-1.042695
-12.043434
-7.806313
11.452913
-5.403618
-1.294793
8.888453
-3.872661
6.034193
-17.457668
-0.654936
9.551202
-9.045451
4.987125
1.247120
-2.751174
-6.381621
-0.442924
-4.685615
-9.705851
-2.221097
6.511536
-5.180973
-0.633003
3.125237
9.369088
1.360665
-10.600540
12.762724
-14.392303
9.388751
-1.435718
1.190824
4.069690
8.176614
0.252739
-4.763083
-6.699281
-5.739107
-3.775113
1.501158
5.239274
1.596770
8.096766
6.488163
-0.550696
-0.049881
-8.554222
4.332351
3.679127
-9.141761
-2.407764
-9.065108
10.998694
9.961190
12.481565
1.912342
2.055238
-7.657526
-1.151752
-5.701981
-2.439557
9.320003
0.510120
-2.561472
-12.285451
-2.435711
5.574076
-4.218348
-6.456871
3.360754
2.423365
4.441194
-16.349194
-5.106063
3.967197
-6.843217
-8.356606
-2.872375
6.408419
0.539141
7.015666
-12.669991
-7.070430
-5.623119
-2.162389
-10.632073
7.128994
-4.183424
-8.330069
13.364847
-10.049194
4.070652
4.641748
7.095614
-4.008883
-6.844607
-1.358879
-8.513596
-4.024721
2.512422
3.638230
-1.753495
13.394370
8.710163
3.493509
1.089363
-6.576736
-6.748756
-9.533367
1.095136
-2.131243
-7.002114
-14.415443
-11.233930
-0.756874
-5.838658
13.115884
1.856841
-7.587029
8.505995
4.271461
8.094434
-9.349063
12.127653
-0.855979
-6.386515
12.475494
9.944393
-3.532367
-3.475926
8.536100
-0.172337
-1.742151
-0.242465
-21.366177
6.380601
-7.338563
-1.127242
-9.012255
12.118363
-7.718056
-0.657552
-2.382093
-11.529472
3.830506
-9.025031
-11.742015
2.222265
-3.688212
-14.045101
8.787980
-0.106108
3.992749
-0.614089
7.941015
-13.117225
6.138222
-4.347747
2.768022
-0.493284
-4.073290
10.674901
2.040201
-9.683177
-3.554799
0.945559
-15.714815
-0.078962
9.635892
5.677992
-7.105144
4.014350
4.818555
-4.116785
-5.153156
9.559492
11.306611
-14.701627
-9.005075
-11.188318
-2.467767
-5.349376
-7.705885
-1.006953
2.778420
8.185112
3.744349
4.254968
-5.777962
5.728356
-5.418795
-3.976912
-5.091644
5.828987
7.671154
0.391923
1.359779
-7.882401
-9.956054
6.224842
7.562530
-1.405384
-1.349067
-0.349603
2.907157
-2.026465
-9.714079
-7.926514
9.532734
-1.239102
1.118001
0.592236
-3.316391
-11.983019
-6.843585
0.893318
1.751894
14.894958
4.483473
5.540794
-7.244612
-12.173757
11.604500
12.725907
2.789068
4.502320
2.652490
-7.212064
2.490929
0.777349
-10.177792
8.825240
-5.050439
10.234076
-5.097816
6.674452
-5.390356
-3.648713
-3.422631
-7.917334
-2.122780
2.576339
2.184549
-7.750836
16.857840
14.893476
3.003554
8.434008
2.878240
4.281536
-1.585646
1.281463
-12.768132
3.936093
2.787010
3.572446
11.633280
-5.624465
-0.962921
2.004869
6.123177
3.335913
-18.195089
-3.822576
0.756823
-2.274051
-4.728932
-1.336012
-7.370121
-4.400208
-5.808531
-8.156254
-8.061923
12.014471
-5.893402
2.135934
-4.985808
-15.651778
8.993064
-5.761579
0.314328
7.532058
3.928843
-14.818284
-3.456032
8.447896
3.680278
-6.232997
6.361077
9.561241
-5.409603
-2.231629
-3.027507
-5.771221
-9.255054
-6.212179
19.285473
-7.622887
-2.544508
5.377608
6.788160
0.891425
6.004782
8.378996
-11.832130
10.930408
-0.178864
-3.170583
-6.094795
-6.574585
2.269228
4.220259
1.201586
8.655126
-4.462183
-3.295915
6.497357
1.734992
2.620843
3.183663
-11.914201
6.453859
7.869236
7.048228
5.750137
5.259094
15.496702
7.917944
7.315709
4.972109
-6.860820
3.172566
-8.348859
-9.423458
11.410769
-3.984054
-3.807091
-13.936033
11.809055
-0.668599
-0.258902
17.981714
3.822522
4.996294
3.376756
-1.228146
6.354573
-3.398484
-23.233578
9.634201
7.853791
7.420634
-7.740860
9.216269
5.928160
8.086891
8.639670
9.603706
0.550900
3.226507
-2.324358
5.306832
-4.380093
-5.367767
8.387493
6.340352
-8.566234
-7.033778
-9.023283
7.625946
-0.484024
5.981444
-5.191774
5.430339
2.524182
5.230714
14.025316
0.674770
7.673664
0.842238
11.614957
-2.088103
8.979462
-4.357664
1.693936
0.556130
-12.041946
3.856391
-3.305419
14.396329
0.933845
10.160247
-0.165706
-6.632879
3.690707
-3.787108
1.390230
-12.345685
-0.382891
-2.031904
-8.263158
9.634222
4.378748
1.228839
7.160089
-7.011291
4.433890
8.231833
-10.435927
-0.731695
-8.738589
-8.214786
-4.688807
-1.346176
2.243334
5.404605
-5.420715
-5.558534
-1.208664
-7.369267
4.074923
0.352309
1.886689
8.962879
11.216094
-16.076202
-4.355710
0.374182
-5.736451
3.735080
4.596806
-9.426193
-3.688899
7.175057
11.181336
5.051101
-6.634386
-8.049690
6.062768
0.580568
-3.440361
8.358489
-5.986734
-10.657407
-3.033664
-5.269471
11.687749
-1.193117
-10.501420
-1.806786
6.308129
-7.484413
-2.292519
-10.609512
-0.310658
-4.119914
-21.416401
3.092700
-7.785524
-7.399273
6.793800
5.925964
0.719533
5.602335
2.265986
5.830326
-6.463865
1.323135
-1.232925
5.840640
8.243663
2.895280
-13.907045
-0.591986
8.793845
-13.160135
-20.745108
9.115429
9.086479
-1.792593
-4.930531
3.820970
-3.399935
3.983836
7.046595
6.271635
-10.511744
9.162324
-8.735706
-7.258967
-1.428285
-2.999083
-14.169089
-0.063282
-1.266685
8.228234
12.236972
-13.302691
1.952620
-9.521581
5.081112
-6.494166
-3.513071
2.301053
-7.093309
-2.526872
-1.079966
-1.278967
-10.154647
9.532940
1.586659
-0.678438
-10.998755
-6.625182
7.947748
-4.927555
-0.391602
4.409993
6.486711
-0.203457
6.372458
2.689815
-1.995525
7.291694
-4.983928
1.544784
9.097097
-13.195353
8.587635
7.810852
-5.674089
-4.161902
5.669979
-9.595825
-1.444639
2.642511
-5.092474
-7.353885
9.175886
-13.923917
-0.502331
3.248790
-2.330827
-9.427857
3.959438
-3.611197
6.613616
-11.392213
7.994152
9.126795
-7.895928
9.258145
9.176870
9.503846
-10.767117
-0.894185
-1.053784
5.229768
9.108418
9.906981
-13.207513
-7.013325
6.306862
-6.622051
-10.417953
8.399015
-9.814566
5.780239
-3.613583
-2.589138
-6.936918
-5.308309
-8.855130
-7.653762
10.184896
-0.600745
6.477706
0.155359
-9.026264
0.426363
4.836503
4.473568
-19.170528
-1.191441
-1.783144
9.616721
-9.942889
0.223234
10.987182
-4.907800
6.100682
3.163590
-0.249913
-4.709389
5.234003
-3.540873
0.072715
-2.085886
-3.031348
2.630708
3.066930
10.104759
-5.646714
10.054915
-19.236721
-12.126321
6.010764
3.063329
5.807782
-1.859916
8.181534
-10.112134
-1.561953
4.492372
13.181828
-0.351258
-19.730566
-0.444081
2.347931
0.055819
0.008728
0.878212
1.076841
-8.800183
-4.817838
6.010578
9.384625
7.376079
5.949320
0.367314
-14.073140
-5.680106
9.722326
8.276730
-5.791106
9.693310
-7.179292
-3.886503
2.920738
-0.572507
-8.407290
8.217759
0.583191
9.375053
-0.976238
-2.047455
-0.055334
-5.966795
-15.260839
5.614068
6.164997
-7.826632
-0.156607
-2.685544
8.471965
9.118824
5.851168
-6.095028
0.282157
5.504512
7.813758
-6.542847
0.510934
11.996048
3.831526
7.730331
2.975427
14.358110
-13.640667
10.694982
-2.532038
3.928941
3.099030
1.955173
-0.918796
7.993603
-5.168109
11.439431
6.068428
-0.723885
8.918237
0.307406
-5.218705
12.181912
2.458355
-1.434546
7.322900
-6.863627
-14.801694
-10.042093
0.707214
-1.209192
8.061635
10.288572
10.000104
-10.639457
-0.429116
-6.335706
-0.810228
2.411505
-2.037101
-6.595164
9.684932
8.116490
-11.080673
9.841208
1.612651
1.719353
-0.628125
-10.343132
-19.284946
1.605654
-5.313474
4.946284
3.562607
4.128385
1.801356
0.183510
-3.693341
-10.857202
-7.923290
-8.797604
-19.696030
-3.313427
-0.980377
4.303039
-0.594163
-3.710111
2.367113
-2.027168
-3.579133
-8.832994
-19.963419
-5.676902
3.438852
-1.189405
-7.285508
0.148953
3.751002
-11.678154
-4.617212
10.040996
-0.025644
-1.292452
-10.402515
-11.919847
-17.621191
9.466110
-7.693921
4.707792
4.653450
-11.271929
-10.781186
-6.111415
7.419897
-1.353454
-10.817234
-5.119582
-7.014699
-1.569301
2.927863
5.546325
8.199201
2.120578
15.653437
2.187734
-3.829834
9.230508
-9.221859
-0.894504
11.762568
-5.362121
6.443474
-9.762319
14.632092
3.857137
-15.352038
1.461705
8.133778
-5.350733
-8.103316
5.521238
-8.232732
5.194833
-6.663626
-13.166187
-7.152429
5.986135
1.995411
-3.050774
-3.211485
8.648934
-14.051763
-3.997459
-7.636558
11.655222
12.296901
11.592408
-2.530496
5.538976
10.929845
-5.492429
-4.924455
-7.061719
-6.144478
6.003640
13.419797
6.213528
-15.821290
-5.811685
2.526669
-3.086616
3.287354
0.112804
4.623866
-11.806409
-2.375259
-12.826823
-1.600514
4.037261
-10.877154
-13.348838
-20.097887
-6.591431
0.968495
7.956612
-1.691625
-10.744058
-10.749519
0.406371
6.075925
-4.708519
-0.887376
-4.872396
13.573106
-4.270597
5.711797
13.415664
8.152656
-0.201883
-2.798693
-0.107586
-5.055697
5.731363
-11.631479
4.075116
15.198289
-10.184968
-7.393756
-0.877825
-0.017737
4.994440
6.954046
10.528411
0.774996
-1.800494
-5.504214
-7.061905
-3.101544
-12.489381
1.958778
1.059115
-0.086260
8.719088
9.535870
1.859692
4.748053
-8.773309
-7.318961
9.716017
8.399592
5.990392
9.816248
-0.207288
-1.655014
10.014382
10.419005
4.726857
-5.639575
0.491888
-7.187495
1.742605
8.753594
-6.318787
-7.703498
-15.286650
-12.332381
-8.263067
2.917546
-3.768292
-8.651654
-10.420201
19.136818
-1.781292
-5.041422
-0.211622
-8.163410
0.580414
-5.222096
-5.360110
-4.368834
9.310637
13.210680
-0.787307
-19.081762
-2.108471
-9.645133
1.476765
1.128613
1.537428
-0.323324
-2.239447
-3.811407
-8.028416
15.066633
-0.298842
4.307225
6.709354
5.307406
1.683915
14.148960
-8.048415
-9.556890
-15.417642
-11.646064
12.134386
-3.792042
-7.110697
-0.718782
4.549825
-2.449525
8.685893
-0.124036
5.371389
-9.870592
1.077199
4.452472
-3.166537
13.618043
1.739857
-6.010340
1.272330
-11.555555
5.386935
2.868979
2.897172
-6.356392
2.239282
10.059137
2.314859
11.626174
10.091703
9.777533
-1.965989
-4.474075
9.866073
14.247224
-9.860450
-10.035683
2.090608
-8.001396
3.486897
3.511410
-0.076553
-4.005695
-8.946244
0.083627
5.401310
-18.139099
1.404911
-4.541746
-11.534659
5.308006
6.903270
-7.763206
13.160232
-0.457977
-4.217834
-11.977849
2.490418
-3.733994
-11.560435
-1.061059
3.054430
-12.594400
-0.809223
-0.206413
-20.704971
3.269666
-1.284795
-4.457223
0.734667
-1.286290
-3.984534
-0.978915
-1.783002
0.561395
5.010044
-17.494448
4.055146
-4.163397
1.781075
-0.284381
0.782603
-8.982751
3.098538
-9.411279
3.154926
15.043538
10.992397
2.052481
-3.557288
-2.020652
2.346276
-13.085757
-7.522076
-0.759236
1.521992
-11.094833
-8.768008
3.551490
2.966700
9.465408
2.670035
8.646199
5.062726
-0.697071
-4.164794
3.810869
16.263599
7.823631
-0.948436
2.701642
-1.121326
-7.830071
4.743843
0.692841
-0.459128
5.757175
8.007058
-0.567291
5.555677
16.987215
-3.623688
4.200248
3.905056
2.748949
-4.188368
10.257500
-4.867168
8.423203
13.617903
-24.279852
-0.805139
-5.112676
-14.289983
-2.921329
4.124976
3.753800
6.699160
7.506424
-2.420452
-4.643692
-7.218631
-10.136749
-15.586805
0.320308
3.958430
-7.991453
-0.672336
2.091701
-3.799052
6.930042
-8.732396
9.717449
6.286016
-7.399936
11.183478
-18.487829
-3.484596
-5.716491
-6.189350
2.965822
3.527862
-12.418242
-5.121666
9.027839
6.167919
7.051396
8.308980
0.634155
-4.642394
1.259244
3.473119
13.092819
-2.415794
8.724693
2.959311
1.926552
8.501529
10.595224
-0.652909
-0.130305
-15.153593
-6.906439
-12.600300
-4.840285
2.340572
-0.591864
9.747116
-1.107843
3.765045
-11.426135
8.022758
10.460563
6.469814
-4.920474
-6.353039
0.974551
0.339709
3.610229
9.632044
-3.825087
-8.661819
5.593621
2.822986
-0.107775
-5.340460
-15.295169
7.035730
-8.837582
13.526664
-11.804606
7.564366
9.094469
-8.036686
2.782908
1.599647
3.435731
-6.035425
-1.882216
3.520595
-4.763882
1.098625
-4.311141
-3.415529
-5.222110
6.332028
8.535318
-5.828259
-0.761094
7.430744
-8.061007
2.076485
7.084297
8.326962
1.929497
-6.432964
-1.776321
-4.724831
-27.061325
-1.854806
5.704703
-4.232583
-4.472663
-8.222294
2.676875
6.707726
-5.888473
-14.482413
-12.437151
-0.958598
-4.706189
-13.279800
1.684081
8.193623
-7.924645
-5.639052
8.679108
-11.655442
-22.232075
2.229922
-6.443561
7.648748
-2.487838
7.092676
0.956628
-3.449023
-0.252586
5.485218
-11.100421
4.970119
9.801633
-9.250536
-8.913527
-0.725402
-5.495661
0.022344
11.665865
-5.014065
0.535624
-15.484042
-6.148110
-12.933402
-5.906150
-12.685191
-3.344739
11.092991
4.087118
-1.302303
1.308344
-0.323011
-20.486967
2.585925
-2.695415
-2.738279
11.127846
10.040562
15.325605
-0.138317
1.655328
-7.274032
11.884233
6.060642
4.518671
-0.896937
-11.877957
0.488546
1.786913
2.833291
-0.178908
-8.694223
6.040425
-1.002114
-3.497466
-3.650619
-2.466199
10.852077
-7.154205
-7.091183
6.439421
-5.450383
14.329723
-1.353981
15.779974
-6.827472
0.588632
-1.345611
2.633742
-2.726104
9.230912
-10.282061
-1.879565
-5.107145
-10.277729
-2.847107
-11.028478
-4.927773
-15.937612
-2.382745
-6.249552
-4.175536
12.175723
13.045890
15.251854
-9.821331
-3.411169
-1.315104
-0.285967
2.372841
-11.914719
3.529448
-8.868500
8.130220
5.515233
-3.043460
-3.587965
2.836017
-4.846036
-5.133802
10.891056
9.773623
8.620612
9.638263
1.391558
-14.017611
-18.157640
0.852367
8.997285
5.325077
-7.122943
6.195256
2.175068
4.862576
2.502541
6.648195
10.537094
5.270532
-2.327735
-5.663872
3.313767
-8.646243
-1.997118
2.429945
2.156233
-5.061851
8.994617
14.371285
16.912283
-7.073732
12.667334
-1.364593
9.059962
10.013313
1.308866
-14.939571
-4.018075
-4.141914
-10.348543
6.768367
6.538723
-6.355627
5.648697
10.238835
-7.650985
6.260084
-6.447115
3.432539
-0.952788
-13.939396
-8.551653
-2.772151
-0.531038
-8.594227
3.352083
3.176191
-4.669779
-3.503465
5.716253
-8.173348
-19.411476
0.130461
7.353621
-2.355529
-4.625134
8.293032
13.606360
-2.865869
-5.978386
6.932843
0.444233
2.161526
-3.978260
7.819117
-4.494210
-7.134571
-5.210286
0.832691
2.005618
-11.691870
-0.972477
5.337981
-7.117458
0.554655
6.380652
-15.821157
4.875535
-8.416459
-7.507465
9.613388
-1.831818
0.540229
-3.066721
7.304117
-2.519578
-7.026366
-6.332486
-0.834057
-0.545199
1.352228
6.534554
-1.476878
8.764891
6.204301
9.328238
2.204778
-11.522469
-5.836306
-1.248128
-1.116128
2.451500
6.403826
-9.375022
-0.861601
4.095780
-11.539020
-1.018176
10.704566
-17.175808
1.850073
5.234543
-6.624653
-10.004732
5.793264
-11.741744
8.343999
6.811890
9.633910
10.268622
-3.007049
13.423959
-0.834362
7.059548
-15.916586
-11.949892
2.986020
10.085320
7.241256
-2.630154
12.110433
10.782769
1.407987
4.466329
-1.784907
4.022323
0.145504
7.153862
-2.414382
4.085487
-12.827053
-1.426637
0.758219
-5.037444
9.581842
0.173597
-6.950749
-14.295419
-3.782546
11.099139
4.743227
11.003590
0.864160
-1.163350
-12.596140
-1.183710
-1.091997
13.880269
5.215310
3.645461
11.325028
-14.246657
-4.630511
2.837895
6.198714
-2.262027
5.148773
-12.922046
-8.695695
-5.094284
-14.518190
-12.993070
-10.788592
-25.655485
-1.942481
5.629910
8.349690
-11.650035
8.082933
-5.702398
-5.324791
8.681987
5.393756
3.075574
0.977381
18.215321
7.046918
2.111431
-2.986013
-18.073013
-3.625932
-13.774095
4.089398
-3.519023
5.204525
8.067533
-5.865386
-8.474860
-20.222591
11.790643
6.748652
2.701798
-0.714410
0.813843
6.707305
2.910257
-0.064952
-14.629143
-5.079448
-4.460097
16.628651
-9.035559
3.003239
3.162654
-7.218328
-5.847295
4.677736
6.372078
-3.932333
3.177195
3.805380
-7.196596
-3.241172
-23.452671
-2.169193
-5.293870
1.069070
0.350374
4.981445
8.768222
5.581920
-2.288246
-6.151755
3.776631
-11.718699
0.976020
-0.326168
2.825247
9.303026
-4.665203
2.284285
-8.771336
11.240204
-16.645220
1.452628
1.543348
6.538433
-8.200764
5.247756
12.553001
10.854357
9.308631
-18.278996
1.319336
-0.160194
14.333589
-1.028921
-4.505186
-11.682402
7.409870
6.083753
6.570257
8.027765
-2.684964
-5.003209
-8.429709
-2.779317
-3.928255
-2.307538
-1.558535
8.800976
-21.586132
10.871536
5.083210
9.831214
-12.319081
-4.384120
0.792530
5.075998
-0.132554
-2.212584
-2.043298
-3.526979
-0.242394
-1.269323
-12.823770
6.255705
-8.572132
3.547854
-0.413561
4.063542
-7.521924
-4.608644
-8.432950
3.550882
-16.101507
-8.041135
1.389628
-0.197255
-10.936519
3.915698
-21.554384
-12.018939
5.839534
-2.527473
0.443083
-1.271488
0.826674
7.443776
2.741637
-2.643931
3.948318
-9.697957
-4.442922
8.629154
-0.803729
14.000190
-6.662177
1.747515
4.802848
3.427487
1.986776
-9.035645
9.729710
-6.698423
11.954542
7.357061
1.817129
-16.712811
10.279888
-2.604564
-3.868272
14.100804
-2.886120
-3.902671
2.466159
6.942525
-12.100957
8.988931
-2.327311
4.259582
-6.052055
-3.112490
-2.628024
-7.476313
-3.270790
-1.073074
8.934184
0.531031
-21.971441
-2.160794
-5.102932
2.668668
5.295888
8.084523
6.778487
5.817613
-3.925975
-9.479835
-8.887747
-18.892689
-0.515903
6.836550
-9.906235
-11.473888
-4.916418
-3.424243
8.667664
-3.041309
-8.802135
-6.940315
17.540232
-11.783193
0.826837
2.267346
-4.904691
-3.096591
-2.092080
-1.414460
4.365497
-0.336262
-3.903951
6.006783
3.921730
-0.346209
-0.817666
-1.320334
-1.812854
7.450903
3.653009
5.219548
-1.211343
6.902595
-9.337938
-0.229577
5.444518
-1.193058
-8.601283
-3.768925
-19.205702
-6.529450
-6.434547
-19.295839
-6.822298
-4.575890
-3.898373
1.921195
10.077297
-8.350698
4.194057
-6.084318
1.532071
-6.313045
7.721931
0.207546
-17.790894
-5.753964
1.818270
-5.985528
-3.004404
1.371544
-11.476818
-2.667163
4.518369
9.741906
-3.440176
1.348991
-14.908373
-13.076807
-3.592101
-8.993422
0.669654
6.608501
-2.773585
-8.843476
11.735040
2.180152
4.174449
-1.525771
-4.482320
1.468600
14.289225
5.954421
-5.864865
-7.008620
9.208915
8.353164
-20.368984
4.205494
-1.468771
-1.611338
8.398739
-14.375085
10.785090
11.431242
-6.851782
-25.730696
9.195778
-0.683009
-3.158288
17.152710
8.352020
-2.118345
8.797918
0.435826
-0.232878
21.665930
-19.756317
11.370826
0.021806
5.134322
-3.199601
6.189126
8.705984
-7.687832
2.132827
12.867657
10.641576
-0.275293
-9.117033
-11.226415
-6.492246
10.723731
10.172355
7.026031
-6.268228
-3.393560
7.966475
-7.872512
1.482446
6.362213
8.804458
-2.529384
-6.250103
-1.783935
7.926919
-1.061922
-7.274151
0.310029
-11.184034
7.539161
-1.562435
8.821996
-6.379148
-8.470798
-6.982330
-7.147884
4.794863
1.279461
-3.158337
-3.179275
-13.879373
6.779868
-7.524497
-3.590274
2.445541
-5.931797
3.062517
-4.563134
4.848713
-10.580591
-2.009151
5.727569
-1.535697
6.159834
-3.155745
-2.231823
-6.945714
2.448547
-3.023991
18.571060
-24.167412
-6.265269
6.278308
5.933689
-8.535359
1.265872
6.415362
10.646314
8.452890
-2.546544
4.988198
9.792099
0.817247
-9.723404
-0.819330
12.055461
0.132024
6.847095
-0.365270
-5.281402
3.894599
-5.509217
8.875510
5.855482
8.126698
-4.949488
3.988595
-8.790250
6.173912
6.372236
-1.996130
2.171580
-11.792410
7.696485
-4.140049
8.505007
7.629972
-4.910870
2.339028
8.142975
0.172005
1.278521
9.312646
11.127780
-15.255205
3.921988
0.263446
-0.311233
-6.399907
-7.068170
1.484858
10.431254
-4.732193
-22.517181
-9.353759
6.412053
-3.782819
-8.066928
4.051689
-3.714627
-1.877704
0.056440
-11.119405
20.363295
3.188852
-1.652835
12.730460
-7.284981
-8.117594
-0.265177
-6.569372
4.138642
-2.556835
4.054566
-11.205140
4.057746
-17.288378
-3.137887
9.917372
10.433206
-3.753865
2.757592
-3.180664
-1.837177
2.390634
-16.932577
2.479765
-12.003502
-1.471774
-5.148952
-5.778992
0.434933
-10.439466
3.352335
-6.478447
-1.218761
-24.093538
0.227929
-4.702483
2.717258
-4.317199
-0.353253
-5.837866
-8.221457
9.459945
7.003935
-14.214540
-2.744530
-13.506419
7.692902
3.979182
3.793989
-2.902260
-4.504291
3.012112
5.300609
9.916727
-12.233101
-7.178586
3.166463
-0.064809
-4.770846
-0.749185
8.751426
8.118127
10.725746
10.789693
13.311396
5.410529
-11.796096
1.871540
12.420264
-0.998502
-0.829070
1.788304
-12.674455
4.661510
-1.044447
3.387731
5.161532
-15.063002
7.203687
-4.800216
4.610417
-0.287106
0.824427
11.101862
-3.145604
18.430941
-9.210868
5.756241
-7.450229
-1.471869
-11.866083
-9.242226
4.015397
13.584699
7.520064
-13.548521
-8.040171
17.138294
8.122429
11.591703
5.055342
-4.652884
3.974868
8.125908
7.849630
-5.925977
6.596714
-2.180244
7.908946
-3.069917
0.727936
9.343775
-4.965343
3.514423
-9.671417
-5.487383
-13.106407
-6.738330
-7.255236
15.837029
7.156842
2.388459
14.810100
2.172927
-3.313259
10.758688
-5.580161
7.207676
18.853392
-19.513792
-6.371871
11.276817
0.822214
1.584579
-4.759369
-4.889039
7.845979
5.227715
-3.433757
-7.567327
5.352400
3.461811
-6.613406
2.511457
1.637945
-0.285771
8.367664
-9.526450
-7.426817
13.524988
11.198999
9.967978
-11.342482
5.502283
-6.881013
9.882898
-5.903197
6.432478
1.206791
5.485428
2.331492
-6.366518
-0.252424
-4.772569
11.234733
10.553658
-6.703431
5.143351
-0.241796
-4.896042
-8.609594
-2.583208
-2.790488
-6.346747
0.055310
-6.816230
5.861813
-0.233397
-3.972208
-0.013334
8.017850
-1.266708
-12.787977
5.517282
-1.180346
9.356909
-2.112715
-1.107494
4.314429
-11.330928
1.349431
-4.785909
16.005308
-12.309114
-2.805450
-2.173252
4.230989
-2.874830
-1.214025
6.852498
-0.690610
3.449478
9.209419
0.188920
8.656101
1.544767
6.784590
-2.071909
5.153062
7.817954
1.060125
-0.051493
-3.019034
-8.119475
2.938068
2.420938
-9.491282
10.427406
-2.150243
-5.150738
5.824674
-3.887911
4.269496
2.961400
11.082376
-1.873675
-3.803152
-7.647720
-4.375060
-4.790423
-0.285204
3.498716
-3.908228
-1.161991
-7.626725
-1.321716
-3.309298
-8.629456
3.764693
5.631791
-10.915755
1.666644
-5.684375
-3.335523
-12.703679
3.078148
0.376259
-14.482161
3.350713
7.583091
-10.328437
-1.688543
9.773710
-4.156350
3.393498
1.520318
-5.443661
-5.345473
4.988781
-2.939903
12.300881
2.607758
-3.588966
-1.810932
-8.218786
6.318885
-6.948898
-5.253618
3.564392
12.884053
1.793456
-8.265355
3.718313
2.061079
-3.474475
6.531837
0.590236
7.920290
-1.444801
-3.561249
6.188362
-10.256114
-4.058886
16.793978
-3.639732
-2.622742
3.865998
-5.105862
5.917489
-8.161182
10.446695
-3.876827
2.072865
11.737342
9.685554
6.900800
1.681479
5.585799
-1.279857
8.455034
9.053802
5.375830
0.387914
-3.517595
7.146346
-1.982870
-1.533464
-4.764281
11.676307
7.002200
21.566065
-10.888342
-1.861292
-0.444450
-6.899271
3.806639
0.285954
-13.622514
14.221874
-6.097147
10.886537
10.431937
7.767263
-3.616911
-3.145991
0.675669
5.299230
-9.489797
-4.212158
7.869285
3.680171
-1.961877
5.011743
15.052750
10.649287
-7.586698
-1.309272
-1.727922
5.919227
3.553254
4.800413
13.739347
6.515636
6.263865
-6.506102
7.210413
-12.721167
6.541035
-13.646174
9.491909
3.371671
10.671613
7.279632
13.178803
2.293138
4.743332
9.557140
-10.868523
6.161272
-3.814649
7.767279
3.511107
-9.780568
-10.984211
10.762135
7.342139
-6.367337
10.025856
3.609959
-2.187773
-11.735143
-6.815708
3.833950
1.714620
-6.409054
-7.961418
5.451440
2.898427
-2.685404
-8.516276
7.426790
-8.516153
3.984508
0.794571
-8.130606
-7.500426
-2.947307
13.075680
-10.469543
-0.778026
-7.990812
-4.032220
-8.785178
-0.595512
2.976913
-9.843440
4.535080
-12.851149
3.026450
-4.097281
10.137453
-15.516681
11.115968
6.890347
-1.353052
10.839841
5.996458
-1.466521
4.929975
-10.400032
-8.749190
12.124446
-5.161364
13.744506
8.560988
2.974859
-2.560488
-11.190383
3.769849
9.599424
9.887756
-11.124764
6.124554
10.110282
3.362006
-8.534757
-5.710457
-17.558641
8.372238
-2.926158
3.533043
7.736114
-1.882148
-9.145992
1.541044
8.628521
8.683546
0.033115
-18.801491
-3.391513
2.901286
-1.568022
-4.722085
2.833803
-6.294266
-2.370894
10.591038
-0.497041
11.448632
-6.972927
8.633600
5.291497
-3.247762
0.151422
3.498674
3.989538
4.886252
-1.002346
10.953979
2.261502
10.937975
16.533152
-5.797354
8.864402
-2.845373
-11.638770
7.525158
6.930546
-10.921644
-3.319187
-3.374735
3.416915
-15.669982
10.437449
8.599272
7.619098
-0.103674
4.951719
1.925084
-4.333731
-2.273468
4.454937
-8.083024
9.182636
-0.981031
-0.861921
8.155922
0.627454
-1.891772
-1.927325
-3.995071
-20.118586
5.244476
9.167915
4.828718
0.223165
-0.243746
-5.574326
-9.221302
-3.741343
-16.090458
10.987923
12.049572
4.470068
-1.084252
6.743755
3.282110
7.467728
-2.650145
-4.712822
0.911670
-6.455850
-11.134287
-20.537455
-8.096857
11.690925
2.706583
-4.809870
10.317019
1.241693
-5.817790
3.778948
4.024824
2.051723
1.217404
-16.682743
-9.004853
-9.746654
-2.922606
3.593506
-5.961536
8.023253
-6.589364
3.705321
-10.822110
0.256194
4.701875
14.812870
-5.277582
-25.810095
-4.090638
1.365128
5.507096
-0.566320
0.179307
-13.134407
0.235184
-1.189729
4.736378
-5.392633
3.776089
-0.481589
7.830532
-0.412863
14.122700
-1.329022
2.468335
-3.131325
5.272710
9.577983
-6.034528
8.830747
-6.334531
-7.787293
-5.038517
8.141018
-15.800778
7.878775
2.591379
4.620820
-10.402470
-1.302817
5.227840
-13.788830
5.081877
8.396630
4.013298
-4.178466
-2.359109
-1.846621
-3.463409
-3.567252
4.823830
6.020677
7.075552
-0.767724
2.740500
-4.722638
-6.730273
6.809289
-0.003712
4.997091
7.080462
-2.387469
1.377673
-9.584357
-3.394984
14.662777
-7.179211
-0.037210
-4.310672
-7.744880
-18.649529
-7.195717
-2.829784
0.562744
9.684556
3.423568
-1.402994
5.026193
8.320637
-3.314282
5.649098
-8.986936
-6.228730
-6.014583
-1.725589
6.699000
10.869729
-20.507257
1.398494
11.344649
3.783009
2.895832
10.130013
-4.133094
-0.216623
-7.129931
5.887904
-3.861808
7.057925
6.990176
3.322856
-0.906124
-1.257669
2.414839
-3.030724
12.583703
-1.656437
8.529208
-9.507067
-7.949675
-8.598451
-5.200371
-1.805247
-6.436100
-6.125647
-2.254058
-5.788332
-2.534732
-1.603044
-22.894747
-3.630553
-5.035856
-10.891827
-1.179710
-4.812087
-10.674294
-0.273632
9.760139
11.748995
-5.935253
-4.567001
5.642561
1.640829
-6.647142
-9.141798
-0.578240
2.537597
-6.469892
0.488889
-6.796184
-8.157697
-13.334732
-6.768658
0.569221
-0.018453
-5.019151
9.553090
0.636400
8.192438
-8.236087
1.713187
-11.005779
5.765153
-5.671649
9.447531
1.399056
-11.122154
8.175220
-0.001143
0.765654
-10.193518
2.330389
15.082940
-10.147868
-5.006274
-5.475694
8.832313
8.663357
1.681400
0.639811
4.703288
2.513141
-9.831843
-19.451620
3.327675
14.658873
11.439231
-6.773178
7.418547
-0.001313
-0.416484
8.064663
11.592978
9.883853
-7.350342
6.000020
-9.295081
5.691266
-0.712501
7.685320
-1.306540
-9.714128
-10.492715
19.515816
-12.377094
4.907035
-6.779916
-6.377689
-13.898810
1.951851
8.925692
6.425461
-4.104748
-6.049690
-2.579170
-17.351671
-7.517040
3.389289
8.424525
-8.242319
3.648655
3.932086
1.816206
7.418634
-11.400176
-2.394893
1.574611
10.896413
2.761688
7.518080
-2.772180
6.955393
-8.716622
2.494262
-10.343941
6.133065
-11.398648
9.443251
-3.571504
-2.789325
-0.563125
2.047695
6.308267
-2.893364
2.329750
2.341240
-5.727020
14.969076
-7.371470
4.415978
11.383103
5.922203
6.770068
0.351107
-12.072463
0.548152
10.009934
-13.666634
-5.370176
-15.913394
-13.229977
1.920309
-4.365849
-8.247500
-2.056656
2.915431
-7.476385
3.862574
6.476082
4.672510
0.224025
19.775242
-15.204197
-9.247543
7.610780
0.985168
7.376327
-11.696929
-7.017768
0.723305
-3.433121
-8.543401
2.747739
-2.867227
-5.281801
0.522079
-3.146809
2.164652
-6.314754
-10.340068
3.350291
-9.687445
-0.091905
-0.955843
-2.777349
-2.659012
4.917416
4.287046
6.809600
6.485894
4.304073
5.165335
-2.981792
-1.840896
-3.711455
11.569198
3.763695
-3.498797
-5.545542
9.014822
-17.295176
-20.501991
6.695328
-8.507446
12.141150
-7.153586
8.140659
7.567284
-4.830678
4.499755
2.704225
-23.061333
-3.400308
4.075163
12.559383
7.043387
-1.837404
7.117415
-2.754349
9.846283
-4.832176
-7.036727
-5.772042
1.868516
-1.735893
3.803580
8.691667
-18.936953
4.360035
3.619716
3.033166
-8.386874
-0.169357
-0.514294
3.442239
0.120521
-5.138414
-3.955722
3.988445
-13.454238
3.293503
1.450362
-13.566950
2.781768
6.148317
-18.871883
1.190576
-7.268548
6.307367
-7.776433
0.734318
1.089568
-2.273696
-8.017088
-6.754855
-5.881186
4.379417
7.960644
-7.271816
8.862284
10.787410
7.759314
15.155976
3.009540
-10.457164
-6.005106
5.725206
5.810060
9.401595
-3.374752
-0.955173
-0.277546
4.083090
-0.311964
-1.983376
-10.896563
14.322129
-9.742373
-10.310503
8.373410
11.473156
3.523937
-1.191397
2.670742
-0.822234
-0.183246
-0.916885
4.450971
-11.970474
-8.658323
-18.523726
-13.925209
-0.453399
-0.613337
-1.942646
1.109033
4.976108
-18.127123
-2.565146
6.963995
-4.203856
0.435363
7.650281
-0.948316
4.999354
7.690290
-7.953809
-9.871034
2.587817
-13.998338
1.188259
-0.205500
1.686813
-0.576969
9.570414
12.220455
-17.009928
-3.730978
1.678183
-0.178928
-1.537604
-0.729017
3.328131
3.339697
2.082654
-2.151155
-10.318270
11.395998
9.755661
-10.470929
-0.099372
3.693854
3.258707
-2.417819
8.881662
3.975213
-1.827518
-8.361499
-5.848207
-16.769444
-1.828339
-9.842693
-10.757450
-1.430945
-2.288889
0.443639
-1.447229
-5.077309
-11.969597
8.060426
-5.018870
-2.656097
-4.982517
-9.199728
3.927039
-19.830095
1.234745
6.357274
-3.116915
-1.140190
-10.237847
-3.052208
7.694493
-8.987145
1.644160
-10.770206
-1.415871
9.064412
6.605180
5.303566
-12.611861
3.748750
3.070990
-21.902817
3.318294
6.477416
-18.266544
6.970972
-6.989481
9.868399
14.361609
2.468341
-23.053152
12.876035
-4.282404
-4.245797
17.239103
-1.022941
8.704619
-6.573940
7.708593
5.608754
5.522059
-16.349684
7.992292
8.954193
9.653185
6.931097
5.937535
-2.293571
-6.212731
5.948332
7.932878
-24.347124
-1.837662
-9.021148
-13.526411
-5.833289
9.910585
-3.627655
2.968718
-8.475949
-5.247020
0.992033
-0.792692
-0.973084
-6.729407
0.001738
10.766980
8.806143
-6.491485
-1.116131
-4.142272
1.567563
7.038392
-15.689079
6.255079
7.170958
7.167086
-5.986623
-3.959801
-4.235391
-7.473354
-8.596118
4.890018
-18.547581
9.435019
-6.535957
-2.061922
2.567078
-1.066397
-2.858227
-5.706116
9.416939
-8.659648
1.398913
-21.817162
-3.606147
-0.254175
-0.434927
-8.379326
-1.801321
-0.807328
5.312483
0.686969
4.777227
-13.504085
-2.723713
-7.123350
0.779908
-1.653317
5.995736
-6.703977
-6.451307
-10.412487
10.890467
-1.772637
-6.206884
10.332500
12.295434
-0.401336
9.477741
1.975993
-2.558806
-0.877418
0.960428
-5.166714
-8.286633
-4.485500
-1.728587
3.658468
-7.653396
5.074913
-13.474889
4.408483
2.187473
7.565982
8.791144
0.675863
-10.067212
6.355303
12.204325
6.436206
-5.091547
2.805975
-6.016597
-1.831535
-4.794280
-0.251097
-14.786407
0.386345
-0.955668
-4.238575
-4.116407
3.236328
2.166998
2.308095
9.523752
-0.170898
4.033285
11.395930
2.812573
-2.405064
11.840710
-1.608744
6.943243
-1.810609
-20.411985
12.709574
3.895466
-4.568157
-25.007368
7.155328
7.469754
2.087875
-0.324874
-2.893832
3.810795
-2.497649
3.294209
1.107722
2.542862
-1.993701
8.186982
-6.301956
4.924983
16.111095
-2.618055
2.471362
-9.768524
-8.424435
-2.913050
-5.027955
0.257896
5.183030
13.343526
3.836787
-17.077137
-3.417018
-5.692371
7.443069
1.505133
-5.226315
2.492512
5.506541
11.486206
13.093103
-11.960633
12.148510
11.345092
13.662739
-5.681088
-14.982807
9.486557
6.078090
-16.947096
2.070515
-3.198647
-6.559633
-4.553957
-9.610997
-3.759427
-7.499711
1.371440
-2.773492
-11.627958
-2.787272
2.037507
11.911672
-4.636671
10.624717
-10.567508
12.488127
11.918921
18.917648
-20.392754
6.343858
-1.012397
0.624405
7.771072
10.771003
4.166916
-3.861970
-3.634883
3.025907
0.185541
0.565907
-4.970283
-9.971243
-6.384129
9.633127
-11.858019
-3.692866
2.712551
6.622329
7.369577
1.257372
7.554836
0.110057
10.148746
5.721597
9.719203
-10.312281
3.201105
-0.627620
-15.316146
-0.401567
-5.622204
2.382626
11.098208
5.405500
-13.520136
2.091384
3.406408
-8.402851
-6.137861
-4.747722
-13.823228
5.227360
5.567754
-1.241174
2.366226
-0.529433
-8.707423
-6.836478
4.448523
4.633948
-8.381909
-1.481966
11.282299
2.641300
0.572095
2.041260
6.033578
-4.782165
16.336544
-4.145919
7.903765
12.179226
2.476110
3.894289
6.903550
-12.179790
7.458561
8.212044
-3.744396
-7.797178
6.324387
-3.216877
-16.322977
-5.582503
-9.249487
-9.195934
2.647090
8.274362
-0.179121
3.091006
-0.014683
6.336792
3.956877
-0.929112
-1.942809
-1.514983
8.640896
-0.159144
2.909723
-7.556684
9.902172
10.016328
-21.195318
-2.014067
6.338258
11.380639
-1.631796
-4.852433
4.467872
-5.140348
2.773863
-0.559916
-6.505148
3.840886
0.706284
7.293322
-25.729656
-2.489568
8.629936
-22.623253
7.092310
2.844841
-2.802709
10.758567
3.603686
-28.390339
-5.084790
4.860398
-0.410312
7.832061
4.778407
8.003502
-3.825739
-0.950103
-7.025490
7.395914
3.152873
8.165123
7.766545
3.268598
-1.638229
4.151972
6.988545
-7.050122
1.495418
-0.451117
-7.222151
-7.418682
-1.189811
-25.480961
11.953730
-5.186297
-4.394771
1.159562
-2.632645
-15.881253
-5.244383
5.153122
-3.710260
-10.436123
6.547751
-17.595783
-0.109685
-1.672395
6.280810
2.844646
0.809481
-8.412597
-14.907693
-2.676438
3.770396
3.415334
-5.358821
7.751249
14.180710
2.492022
2.448781
-7.857278
-10.808239
-3.573792
0.828872
1.789137
-1.278317
5.903162
4.759672
8.702218
-3.749800
-5.346899
6.128460
-18.238632
-12.632622
0.062059
7.252962
11.294460
-7.124935
-3.366667
7.411459
10.318727
8.233335
20.883701
9.704926
-4.893316
-6.385234
-0.337320
6.138258
5.569588
5.387157
-1.805414
6.897633
-1.906633
3.996005
1.277644
-11.077792
4.677187
-8.282234
6.072886
-12.098429
-4.055445
0.412007
-4.220650
12.136921
2.459025
11.769892
0.556083
-7.924720
-11.233520
14.627305
-9.127862
6.354722
10.477098
-15.503072
-4.248880
12.583851
12.608693
-1.014898
1.225585
-10.984438
7.072213
-11.708823
-8.524235
0.090709
-4.564359
6.860715
-0.959945
1.306089
5.563426
0.622197
-15.545895
-5.957222
-0.983207
-2.398306
-4.974432
-0.074447
-19.049206
0.431460
5.696120
10.535358
14.241603
4.948769
-6.150457
3.513040
11.238011
1.728361
5.882183
2.511688
1.737567
11.390931
6.566740
-4.980027
-3.520196
2.288423
5.177600
0.872666
3.932729
-3.961096
10.086404
19.884760
-6.965148
1.644333
-1.780131
-9.199945
-1.866994
0.692591
-14.338366
-13.726993
-9.888845
8.455543
-9.271718
-12.133265
-12.175628
2.851648
-2.473962
9.645701
-2.611080
-8.451683
4.545233
-12.215998
1.730080
0.603829
1.812546
-8.806559
4.596667
-5.970302
-7.634326
5.610918
2.109114
4.127007
10.203851
-1.610357
-1.964251
8.864704
-10.477774
-9.266993
-9.235686
10.871622
-8.039086
3.955637
-12.062092
12.877374
6.876085
7.571309
-9.406569
-0.288315
0.015474
12.860115
15.173624
7.331772
4.845488
-3.607583
-7.692295
1.954583
7.251059
-6.372794
2.507245
6.019015
7.129205
8.242358
11.606322
-7.041588
11.606761
-0.043429
-7.939011
8.096350
3.722064
3.957056
3.682443
-12.685951
-3.040629
9.858445
-13.626231
0.321611
-7.476351
-12.053287
8.430534
6.998385
11.250773
6.886101
-3.955044
3.273235
0.997978
-16.371977
-0.914002
6.851765
2.597025
-1.659645
2.772481
2.963373
0.680301
8.525656
-9.453336
-6.232615
-4.106064
4.234869
4.633084
-11.229916
11.678362
5.120094
5.146680
-9.709285
5.102760
-3.711168
4.524155
-0.759600
-3.896917
6.643200
4.794677
8.391247
-0.922505
-12.169805
-6.229459
4.744921
4.027500
-0.212033
-5.293762
-2.248955
4.791750
3.715821
7.604395
-6.098105
-11.789153
4.894146
-2.031537
-13.094882
-1.477097
-11.966344
-9.980594
-12.269759
-4.973269
2.348492
0.384146
-6.666564
-5.502065
-0.194494
-11.056409
0.378304
2.123961
-8.293461
-10.636640
-0.169639
2.775663
-4.440876
0.138116
6.777065
10.151519
-2.303134
2.539424
2.341217
4.844864
2.420222
-6.257057
3.209650
10.841035
-0.208719
-0.706257
9.537497
-0.720297
-0.870898
-0.053172
-7.100234
-12.618122
0.459189
9.183132
8.343703
-3.210175
9.725175
1.438037
-7.168198
4.610405
-1.118906
-8.676472
-0.274988
2.216741
-12.315528
6.339272
10.358876
-12.633937
13.187859
-0.768618
-1.443446
-3.366641
1.981716
9.895190
1.012948
-11.219201
3.197318
5.693422
-3.813169
-9.341699
-16.296810
8.513149
5.439236
4.269920
0.714933
1.510246
-3.960172
-0.864357
1.332635
-8.298033
11.762954
-0.529361
18.457859
-15.939288
-20.206196
-0.953935
6.148056
12.589103
-8.885917
7.314603
4.710330
-3.991564
9.293610
11.438049
-7.850744
-0.339613
15.472860
-8.243575
7.486009
9.178504
10.773376
-2.425635
-27.245628
3.142689
5.870938
-4.781701
0.612432
-2.454618
14.558140
-9.932778
5.296026
-22.857801
8.411933
0.674940
7.145230
16.832331
-2.424873
-1.170050
-5.088443
-1.190446
-8.691687
-2.618818
-6.457277
-5.538165
9.084384
6.585634
-1.379129
-3.011019
7.188901
4.063180
5.777693
4.456262
-13.386115
1.522120
-7.087020
-3.430252
-4.435764
0.489758
-2.776253
-6.051739
9.059814
-13.454566
4.854018
12.669153
-1.090551
8.204210
1.399682
-11.973040
-19.682835
-5.625469
0.425110
8.051516
-4.466915
-9.255921
3.252438
1.848360
7.420521
-4.656358
-11.509004
7.320372
-8.973453
0.492166
2.882219
1.751245
1.872090
2.951459
-28.403797
-2.438929
8.248961
-20.298468
5.496262
-9.039742
1.786591
-10.866199
-11.357901
-16.317902
12.528393
-0.388304
-1.507805
12.026929
0.786670
-6.811333
-8.153977
-7.311811
3.719433
-16.332430
3.462779
13.241918
-4.086468
-0.252434
-8.855975
3.476713
-4.944681
0.966783
4.866418
4.150159
-3.458446
2.072479
16.003124
-8.479354
12.974030
2.517723
5.970710
3.502194
2.755300
1.386788
3.979109
-10.629188
3.966730
-4.020092
-19.540737
-0.656343
-20.128592
2.321446
-2.510154
1.394004
7.275449
7.950552
-15.338335
-4.910670
5.412125
2.288949
-12.850204
-2.761621
-5.509865
0.838274
3.538284
3.968007
-10.269385
5.926003
5.131068
2.558989
-5.108841
-5.116939
7.146533
-5.918637
3.176395
2.689776
8.149238
-9.993131
-4.503760
5.579038
-5.244950
11.117148
-8.033768
1.742441
12.146389
-8.369121
-1.245301
7.043472
-17.040987
-5.693936
2.498765
2.343935
3.464966
-1.281225
3.413429
-12.984359
-5.904270
5.821038
-12.658469
-3.575393
-3.438504
7.750683
-7.884125
-0.939977
3.449022
9.201691
0.180096
-13.694808
-7.494431
5.091675
5.886430
8.678761
12.435859
-0.093980
-10.129250
-8.022808
-0.688933
-1.616200
7.919955
-10.041719
6.402775
-0.590759
-0.321932
2.920881
10.528635
-2.607967
4.141371
5.418824
4.667542
11.519966
4.067791
2.447781
-5.944335
-4.324464
3.870359
-5.985559
-3.887332
-3.978711
8.086875
7.159670
-3.824696
-8.250626
12.713959
9.252004
-1.607670
-12.877705
10.488914
-2.770161
-8.917264
9.042207
-0.606261
7.703670
-15.550426
1.982398
3.241956
-2.815257
-10.399911
0.330134
0.696850
-8.404482
10.318389
10.209911
-10.637800
9.563716
-7.972603
-7.749201
2.741558
1.787746
-6.114893
2.797698
-7.480234
0.978029
8.422404
1.501602
3.911332
-2.607899
-7.635472
6.212811
13.511204
7.162711
4.588387
-8.271040
-7.174968
-2.415092
-14.141166
-3.973202
-0.887646
-1.044541
2.656083
-0.302943
9.836399
11.806837
5.457094
4.404888
12.525973
0.272101
-6.227040
-0.733753
1.308003
-9.000016
-6.346206
-0.063570
-1.312113
-12.069369
5.840937
9.877883
-3.820304
2.082222
6.742620
-4.111306
-0.075315
5.989012
-14.474458
-8.747402
-6.313284
-2.383980
-12.372760
-10.135154
-0.211456
2.079602
5.780906
5.075531
1.903664
-4.328506
1.612012
4.873201
11.531584
-5.869878
3.628168
0.823513
-13.646292
-7.199558
-1.970067
4.789359
3.783387
-1.577198
-12.925603
2.824904
-1.169860
7.275854
-13.623417
9.771768
12.099116
4.190755
-6.899660
-7.316103
4.442692
-1.378947
-12.502465
3.263590
-5.788108
3.721467
-1.443756
7.601490
-3.061338
11.810837
6.753248
3.540006
-0.587770
2.875331
-17.091640
-3.110868
3.766423
8.802752
7.549625
-0.360951
-0.446653
-3.114199
-4.657622
13.073242
-7.644327
-1.069242
6.733941
-6.558531
3.358046
-4.343954
-16.105339
-8.067609
2.356646
15.071887
-25.460623
-7.382681
4.773551
6.126921
-7.479969
2.841290
2.218926
-6.890583
8.524927
10.267080
-11.045519
-6.474714
-2.814087
-10.345061
-6.090536
-1.000234
2.428836
-4.057227
-8.488966
10.743494
-2.917382
-4.285980
-2.853419
-0.611063
9.989066
-15.447511
-26.338684
-3.060321
-9.464954
-1.788844
-19.228779
-8.455261
-0.388413
-1.958020
-6.041742
-3.171929
-6.090187
6.943905
3.028377
-8.501334
5.390718
7.830367
5.025529
-4.559254
-0.595186
-6.429667
-4.320051
-11.888677
-3.748860
-0.015858
-5.440017
2.430006
4.942801
-22.238005
4.443295
-3.980405
-7.094361
9.071908
3.174816
-5.948376
3.251381
-1.443392
1.484995
8.025237
-19.907122
3.628447
4.146904
-6.031393
-5.854239
5.765804
2.342539
3.890131
5.816113
-4.735405
-22.126265
2.659978
12.230440
-14.388057
11.547114
2.686559
5.560543
0.481948
2.889581
-3.222801
8.075345
2.862256
-5.233369
-2.950196
-3.982136
-1.257504
-10.193696
-2.530982
-6.682767
2.928412
8.715018
12.237207
-4.382245
10.941287
-4.394804
0.549872
-5.367932
0.368130
-9.185769
-2.010928
-2.208271
10.302602
-10.808269
-0.764103
-20.007343
-3.870648
-2.898791
7.791663
7.796784
2.974507
-6.786392
0.894358
-0.871766
-18.327879
-4.067111
1.310368
-5.497324
-2.882554
-5.851792
6.775020
-1.604330
-10.807268
0.474171
1.633769
-3.547081
3.510635
-5.983989
-5.589371
4.461589
5.511680
-5.731980
-4.892474
-6.840359
-2.382055
-4.077655
4.676150
-7.454473
10.713115
-1.905046
2.225675
15.197896
-2.168692
14.156812
-2.334557
-15.981325
-2.215260
-3.992967
0.947371
-15.365994
-16.272024
-4.591449
-12.105358
-5.204866
-0.734791
-4.928547
10.031247
-7.836781
9.237892
8.393847
-2.526403
-14.512716
-8.934786
11.604846
2.579929
-3.248926
-5.723416
-14.371885
4.697550
19.317518
3.489894
3.550507
-11.990802
-0.634368
3.007133
-2.175231
-3.920323
-7.920426
-2.413882
-11.168877
-3.118335
4.146386
0.179793
-2.570163
-1.123020
8.708975
10.103828
0.334225
-14.667813
9.345981
10.904242
11.119937
-3.780988
1.120180
-1.524878
-2.595020
-9.101955
0.154544
5.714020
-16.519032
2.556180
-2.750766
-11.199023
1.675865
10.009335
-14.259426
4.932118
-2.341570
6.863056
11.944017
-7.569496
4.055554
-4.867889
11.570615
-21.287861
-1.216056
-1.612453
4.226611
7.310086
-11.609542
-7.126604
1.364351
0.597346
-7.637085
-4.032822
6.362714
6.580208
3.578361
-4.691681
3.237480
-8.983536
11.157573
-4.794242
-12.148289
1.564662
-3.076272
-13.280412
0.921439
-1.829938
10.612215
-10.160089
5.303162
-8.080305
10.152908
-4.879706
2.319631
13.453794
-3.523970
11.333458
-13.436775
-5.760096
8.874063
-0.294455
3.920364
-3.906043
-1.980767
-10.842918
-6.589044
12.853649
7.121739
0.607221
4.152224
-1.764460
-13.030755
6.735227
8.207751
-7.957113
8.234409
11.064263
-10.262428
-4.324511
0.620818
9.688014
-3.982976
-15.989491
-1.161203
5.887614
4.663200
-13.947395
-5.094270
5.086649
7.301331
10.386887
-4.609308
-3.042899
3.022721
9.568470
-5.814389
13.775857
-1.526286
-1.588219
-8.282148
14.699605
3.788662
12.451051
-11.499093
-0.388147
-7.114886
7.264924
-2.500952
-3.654429
-4.617551
3.111994
3.972214
-12.786139
3.898320
-7.231344
-4.859137
0.327936
-0.074727
-5.474231
3.298587
-1.529038
-17.087383
3.701588
6.690894
10.880987
1.362329
13.010865
10.649475
2.294872
6.023418
-5.524354
-5.434970
-1.963231
6.392497
1.785975
-13.571483
6.272061
5.380658
-7.056472
3.931156
5.007731
-1.420769
2.851389
5.570829
8.400057
9.402237
4.405653
-3.959711
3.549294
9.924996
0.458653
-13.223561
11.600780
-9.313040
6.332056
4.595038
-3.950448
5.050822
9.310523
-6.839435
-7.273914
7.763800
-2.647011
-9.307822
4.761817
1.236241
-2.793854
-19.974554
2.692984
5.895401
8.620604
-4.815830
-0.411901
8.344404
-5.007015
4.381223
-12.377457
8.525260
-16.703951
0.486578
-0.545286
5.249127
2.883913
2.682031
9.011299
8.465313
7.908422
9.017028
4.670256
-5.088416
4.499642
-0.946084
6.489561
7.263655
-2.280019
-4.277880
-8.600681
-4.427457
7.098657
9.680810
-3.814984
2.810992
12.659601
5.990903
-4.503874
-1.105066
3.319923
6.345154
3.477096
-6.736109
2.335436
-1.253444
-5.471886
-13.591079
9.256134
-3.995251
3.267892
-5.854546
-5.553257
1.905113
-1.116783
-7.920799
-2.964339
10.847830
-3.825517
-9.166507
-7.746934
10.093979
9.243902
-0.931314
9.113716
8.436903
7.234443
3.948829
5.288989
-3.150633
1.867842
-0.812726
-4.374921
-5.537033
10.814330
10.093393
-2.545709
5.544565
-1.744815
1.463579
-2.833650
-2.221859
7.534714
-14.579087
6.772079
3.693889
-3.061647
0.609353
-1.056657
-0.434325
6.122881
-4.230566
1.696243
0.773290
-4.167148
0.759697
-2.977830
3.275700
4.522905
-18.387602
7.678626
-2.998721
3.204264
-6.767950
4.685576
13.299828
-2.557917
7.517506
3.736661
-2.916950
-5.179602
-4.100691
5.302984
6.407006
1.742130
-2.010115
4.757938
-2.670441
-5.281393
-2.562222
2.369700
8.252006
9.517752
6.608944
-3.384528
-10.070332
-4.488826
3.422126
8.126143
0.362716
0.832088
14.239859
4.703563
4.405560
-13.128556
-0.364689
-12.473605
11.329700
-15.024791
6.018206
13.200975
5.851867
7.751348
-3.336272
-0.944586
-0.250620
7.132241
-11.785017
17.218365
-1.536212
-10.312626
-16.764261
11.111093
-3.187922
-13.426329
2.342702
2.220742
2.636475
6.706261
2.901699
10.923816
-8.327745
6.600709
-2.023415
9.183857
-4.277631
-2.971896
-2.984693
8.348984
-11.550756
-6.872925
-1.894719
2.910575
8.208007
7.243124
23.703335
-10.444237
-19.769352
2.915733
-1.555048
5.781478
-3.499981
7.480901
12.223009
0.461614
12.638659
-1.371243
-10.480887
5.862307
4.393445
3.585203
-6.994672
7.207346
12.814927
3.374921
-5.705770
-5.372136
6.237604
-16.553682
-2.856198
-5.602413
-3.651829
-5.050306
-2.240761
2.646942
-4.545276
1.032297
5.805058
-4.214792
4.453991
-5.550245
-4.629265
6.813594
-11.968739
2.315852
8.590582
-1.710105
7.756236
-5.945943
7.984837
4.800827
6.778890
-0.912439
-6.296391
-5.685687
4.364135
6.892588
-15.941771
-9.386256
-5.039958
7.176291
2.824219
2.406503
-1.017245
-15.875706
8.384083
-8.351459
7.953291
-2.064973
22.971710
-4.443439
-7.222837
-4.697764
10.113548
-4.370996
-15.768112
-3.554476
5.118223
0.613708
-0.825387
-0.498309
3.513771
-7.820255
-15.185217
-8.588924
-6.819033
-5.724718
-0.511311
6.201896
-24.288641
-3.743723
-1.226279
-22.347565
-9.946303
-6.018374
7.009996
-15.495055
4.220643
-1.193708
7.090045
1.512328
7.341166
10.841614
11.508005
6.156458
-11.493453
5.578040
3.250940
-2.524814
-16.676445
3.386323
3.248325
7.718725
-3.221507
-9.247326
-0.989185
-2.851175
-3.696259
10.789331
-0.983436
7.734835
15.071773
-4.418439
6.682427
6.668893
9.165248
-6.156468
7.469205
-9.224750
7.693293
-5.175290
3.103041
-14.236001
6.902527
-3.738510
-9.521037
0.333326
-8.690543
-4.838232
-1.680319
1.431434
5.489799
9.841621
10.866005
-2.624192
-9.178542
9.187491
-6.187972
12.589581
-2.143346
-4.336627
9.897570
2.127583
8.267684
10.056856
2.407629
-5.789097
2.679930
0.422003
-0.277655
4.870934
4.456341
11.984761
6.260950
-2.594710
-2.502409
7.803199
-0.928245
2.099330
-12.616123
-8.657377
12.414400
18.716408
1.827320
3.793397
10.980831
2.514491
7.061478
-1.779362
-5.777538
-9.384459
6.084703
8.090601
-13.372448
-2.885610
-9.963877
-3.092955
-10.020745
11.478415
13.418054
-0.949234
11.372371
-3.845924
5.640151
-4.877262
8.273794
-10.168766
17.876175
3.870049
-2.602634
0.694098
-7.187897
-6.618065
6.996862
3.394729
-0.415150
-3.793065
-4.055880
-1.751712
-6.666176
9.010763
16.253210
1.557137
8.424846
-10.087491
1.414371
1.945607
6.548021
1.205269
-8.266886
2.789789
2.065872
3.143868
3.823923
-12.707306
-4.615454
9.018086
5.732778
3.355931
7.527655
-15.892355
-1.797931
2.421221
-18.497950
5.806583
-4.980733
-4.815036
-5.781829
-3.266516
-0.598028
-0.278834
6.058790
10.720817
7.296003
-4.454560
-4.189570
-3.727482
-5.309364
-2.356782
-11.430498
-3.504636
4.509834
12.065935
14.741430
-0.901582
3.250536
7.467505
-10.222535
-13.375661
4.309902
6.390358
-5.846088
2.728193
9.107016
2.555047
-7.223477
-1.743648
-6.264230
2.747748
7.145256
1.790318
3.478670
0.148028
-0.017530
8.404152
8.686651
-6.232733
-1.396681
7.312616
9.716370
-0.524649
-0.632902
-4.239231
-1.014132
6.450843
5.294426
1.825099
7.666369
-16.219303
-3.063155
13.035780
3.448136
-3.829506
2.735342
-2.474174
0.415262
-0.434038
-11.060044
-6.733809
-8.003441
-6.121933
2.792140
-2.268762
-4.104825
5.115194
8.112050
-7.790246
-4.103541
5.378946
8.383137
-1.641065
0.340582
4.282418
8.121632
2.751679
2.478589
8.670978
4.203333
2.894179
-4.616910
-0.353024
-16.733040
1.992965
4.228215
-10.921747
-0.995876
-4.508589
-8.123978
12.394087
-3.133444
-7.573625
-6.795422
0.017890
-4.565426
-5.298747
7.708699
6.250423
10.235406
1.605625
-9.169976
8.430497
9.219065
13.661952
-10.616034
-5.874475
9.655202
-6.692890
3.518664
-11.640192
6.787672
-5.397121
-4.021256
6.365506
-4.253074
4.128245
-4.372816
3.200628
-6.969384
4.430890
-6.082254
3.064104
-18.414080
-2.567084
-5.479335
-15.835608
17.947063
10.034220
-4.394093
-8.451323
-3.824682
4.450681
2.454395
-13.098472
-4.532303
0.468843
-1.067551
4.475276
8.671536
10.435154
-8.258450
-2.267616
-0.280604
-5.632530
5.125968
-3.370245
-19.996685
-4.840170
-0.953453
-8.976431
16.382835
9.667210
11.161558
3.060349
10.771443
-1.491625
-4.792599
1.440776
4.284853
-7.621007
-2.744702
-1.531412
-2.234996
-10.597370
-11.389262
2.998109
-2.713456
11.665452
1.885222
-6.022320
12.729138
6.269326
2.586632
-4.589546
9.417238
1.194816
8.104491
-6.957408
-5.638468
-16.755148
10.277622
2.588840
3.573156
-11.518804
9.442811
-5.669323
0.140103
-5.289904
-0.342119
-14.058181
-12.327537
-0.497956
9.624056
9.607605
-2.358268
-0.671603
6.165300
-0.904203
8.739525
7.636736
11.728690
-4.426162
-7.352398
-3.355309
3.668538
0.277826
-2.974326
4.683144
2.576867
-1.184966
7.058285
-1.449873
2.201965
4.492336
-4.136979
-1.623183
-2.234490
-2.393334
4.064796
11.369769
0.172307
-8.716825
-4.931639
-5.304160
-4.022044
8.686444
-2.009409
-3.504142
12.884516
0.142946
-4.242856
2.198277
9.687201
3.442368
3.466627
-1.671912
4.587519
-13.824568
-6.210580
-1.201133
8.454462
-21.613440
3.017792
-5.798332
-5.617608
0.186771
10.068321
5.945330
6.379498
2.527171
10.713735
3.235211
-13.695691
-6.800793
12.131959
-1.902489
-5.579904
-3.047389
-4.300354
7.672943
2.781703
-11.623800
10.019361
13.388138
-15.025705
-7.633172
17.469255
-4.686811
-2.531375
2.471761
-4.363236
3.235747
-6.547685
-5.599724
11.191449
0.641975
3.299025
-1.317479
-2.663162
2.083358
-0.872385
-4.514560
3.864057
-1.324092
-11.150738
6.707549
-12.306559
-3.365042
4.322052
5.132780
-6.704405
-8.695535
-8.690495
1.176898
6.450315
-2.863326
-12.727836
7.839622
-7.656295
3.882969
10.017600
-10.751322
-7.404185
-1.077213
10.848863
0.432460
-3.464846
-11.776756
0.216090
-1.913461
-0.993099
-16.003172
11.316247
-7.722617
-13.231579
12.427898
-3.123614
-6.670218
4.178727
10.413302
8.969470
0.798984
-4.334850
0.591395
7.371914
3.944067
-1.240330
-2.071785
-2.287714
10.879940
-3.831524
-1.741661
-0.980691
-4.462339
9.357760
-2.636321
0.256531
7.976640
-7.721261
-4.988292
6.216503
2.656225
20.356970
-3.431736
-13.179574
7.641275
9.288841
-2.245707
0.178748
-7.877956
-5.751398
5.633112
3.317588
-6.428457
8.664337
0.727654
-9.792459
-2.455267
-1.462849
5.739372
7.167689
-3.739296
-7.265268
4.225054
11.418130
4.000199
-4.922799
-5.989429
3.014806
-8.439466
-6.012215
0.523346
-8.760719
4.943693
4.365176
-8.114168
0.009487
-0.279651
-5.339271
6.768373
3.504932
24.903542
5.774188
-1.475410
7.648075
-5.224039
-0.543989
-2.793004
2.967816
-12.011570
6.747968
-3.014647
-11.904626
5.955429
-6.240068
-12.344948
-4.917024
10.199814
-6.431913
-5.913575
2.355983
-6.877618
4.905592
-1.689093
7.871665
0.831821
1.092710
-2.505163
-2.622059
0.241473
5.615072
9.677521
-10.021121
-2.512492
-5.369312
6.148849
6.299123
4.673094
-4.597073
-0.298017
0.955299
7.721266
3.213636
9.395830
-10.526103
3.938725
4.293097
-3.683641
10.627819
1.052855
-8.333413
-9.321539
10.550206
-8.720902
-7.317896
-0.455908
-13.090031
3.666873
9.354623
-3.846111
1.207428
-2.091033
-13.892376
-5.231800
3.375769
-15.513307
-20.405386
1.094307
-4.315322
5.683680
2.770115
0.793655
3.364627
-6.850054
1.945168
-1.828732
6.978868
7.391940
14.852118
-8.692271
-4.965601
-2.588865
-9.042776
3.396704
-4.875603
4.911448
9.293802
8.746396
-4.943200
5.912088
9.802314
2.609129
4.169117
8.784555
-3.504306
6.768306
-4.379072
9.542619
12.637058
-0.086197
2.604099
4.392964
-10.873435
5.571745
5.133926
8.290901
5.476857
9.458285
-6.523288
-2.812572
-5.928499
5.755632
-7.530129
0.380673
-1.356186
5.233563
-7.285412
-3.128326
3.101410
-5.390790
2.209482
2.747061
-2.186911
-12.214360
0.793204
6.243739
-5.601387
3.689278
5.089543
1.796522
-11.485320
3.734899
-6.978421
-3.640039
9.764508
-0.572923
-8.377352
9.264126
6.018215
-0.120756
-22.946770
2.970561
-9.920629
-3.750703
-2.783060
1.366521
14.446856
1.307614
2.865014
8.845390
-9.837809
-14.872076
-7.981567
-5.982157
-10.489841
-17.629370
-6.629774
2.191555
-3.517672
7.888921
-15.227588
1.737466
-2.083645
-7.932353
-2.015245
-1.524345
-6.217311
11.114972
6.274389
-3.320242
-1.435361
-1.746063
-25.760000
-5.866389
-22.373705
0.742826
-3.059325
-6.364015
-7.032635
0.788964
2.178629
-16.485130
-0.455606
-8.792423
5.374300
0.072613
0.645903
-9.649426
-4.131284
8.227046
-13.624237
-0.109953
-2.245347
4.621927
4.519605
-6.630783
-4.867741
-3.944151
0.188760
0.183262
5.135983
-14.919121
1.038932
-1.560001
-6.654869
1.464576
0.999355
-6.616602
-11.345615
-6.174020
-3.923679
1.273056
-1.278850
9.970133
20.126940
0.997036
-2.014476
-16.865622
6.363351
11.588381
11.879535
6.967793
0.722143
-0.767845
-10.220656
5.723185
-3.856096
4.984181
9.585560
0.210282
7.033146
-1.547406
17.142731
-4.133462
10.017030
-15.714888
-5.172615
0.386580
10.508775
8.785329
-4.930427
-3.992858
12.538486
-7.176095
3.591212
-8.542624
7.794654
9.114887
-11.832206
2.868159
-0.276191
-14.369946
6.595513
-1.193380
3.112869
7.468266
7.383664
7.603644
-14.263804
-4.025048
6.928646
-5.176139
-8.185744
10.592039
5.830530
0.321678
0.667340
-2.343472
9.007305
9.423646
-24.243530
-9.897535
-2.945760
-3.971667
3.671387
4.967668
0.953334
-9.504096
0.190031
-13.347037
0.989584
0.770036
17.703838
2.792765
4.313479
-2.786971
-3.559211
4.754953
-6.938270
2.552218
-2.146371
3.747206
-4.897689
7.436814
-7.044594
-5.188241
8.956669
3.693687
9.332279
0.767162
-12.999701
-5.296418
-2.906106
-0.537092
-2.603386
1.281857
6.722279
0.374092
7.927656
-15.108032
-5.135065
15.634452
-3.952359
4.862527
-5.544626
-12.665428
-4.035824
0.110568
10.058983
7.713495
-0.729497
9.153387
17.879721
-0.366433
8.577682
2.689786
4.334828
2.146862
-1.734141
1.477569
-3.518919
-0.701783
3.767224
4.630358
-4.101006
-4.427101
-12.980185
2.351260
-8.822428
1.071859
-4.210680
3.663650
-9.021749
-3.715853
4.146495
0.960363
-13.131479
-14.554914
-8.112347
-5.113171
2.172854
-0.071377
4.606926
-2.046234
5.876524
4.196006
-7.943953
8.884442
-5.794423
-2.031834
6.606348
0.199557
1.267009
-6.218416
-7.196645
-2.532750
-8.372883
6.836870
-2.489859
-8.210584
-6.654099
10.926347
3.539915
-14.896861
-0.575196
-18.413143
-3.487877
1.760548
-3.524043
-0.070469
1.403969
8.489760
-3.795555
1.836867
-1.669008
-11.366766
16.785002
1.438193
-0.508488
9.560825
7.274667
-0.940893
7.921474
-7.360044
-3.337062
-3.459277
-12.936907
5.999848
-11.189809
2.946729
-11.879481
-0.221460
5.466690
5.536636
-8.523459
-1.991825
10.194725
-5.940133
-4.901681
1.199985
13.779053
6.947413
-12.166613
-4.152595
-7.747705
-0.672165
1.423120
9.196638
-22.004471
8.510186
11.578281
4.191584
-0.082386
-6.592754
-10.975054
-5.878852
0.059203
-16.215662
10.578760
-3.250614
15.371125
1.703549
-9.124992
1.521522
-3.201991
6.012641
8.082158
0.030341
-0.207743
12.129158
-12.377958
1.540936
-1.932972
2.444713
-6.064754
-2.302636
-9.304772
-1.524753
11.336955
11.891280
-15.329150
3.414400
3.739478
-10.757091
-0.940542
5.489428
5.962689
-4.529094
5.292533
-2.512717
0.793169
2.562329
3.753443
-0.104129
-12.725321
7.769057
-11.725350
-4.344681
-4.756245
7.531507
-7.620287
-7.645025
6.781320
-11.576144
7.005012
-4.347203
-17.445734
8.317168
-2.627904
-5.100210
-9.620973
-5.845654
-4.449739
-8.668057
-2.170475
2.512358
-9.276628
1.994750
18.723875
11.216313
5.293649
-0.737075
-12.503935
-2.214794
-5.233602
-3.471414
4.095308
-5.596302
6.242254
-0.413440
3.141859
-14.759684
5.001883
-16.736603
-4.070741
1.952789
-7.201022
8.634596
-4.863344
7.715657
-0.779991
2.000291
-2.118831
17.861887
-8.638628
1.867072
5.035280
-11.163920
8.585736
9.448192
5.434805
-13.816393
-2.388304
1.704643
1.954520
-7.755191
-4.767906
11.469396
2.564891
6.548221
-6.589372
6.478142
-6.239571
7.583786
8.911409
-10.791050
8.574820
-4.463556
-8.749919
9.023862
1.032380
4.416120
-7.236643
-5.215655
-0.152789
8.353473
-12.008889
6.181080
6.834180
-2.386116
-5.312525
5.702127
-5.229959
11.972263
4.352223
-3.713010
5.168040
5.544436
10.530642
5.872232
-10.113721
-7.392645
1.560672
5.022037
3.361098
-3.524003
-3.904882
-14.170619
-10.083421
0.864253
-3.918640
-5.811942
-3.615346
8.930282
-20.098406
-6.513192
12.400161
-9.187012
-4.212267
-1.091093
6.279848
-1.155737
8.391721
2.408802
-3.740713
-7.066096
-1.827479
-3.361995
8.223073
1.851407
-1.862211
-9.939856
0.290060
-3.284406
2.839811
2.455877
2.997404
5.058644
4.835160
-3.424985
4.868737
6.958150
0.431699
-10.883580
10.511495
3.314726
-3.990823
5.789096
-7.697071
-5.342188
8.896735
12.526867
0.156593
1.499616
2.427468
-5.653770
1.884175
-4.747787
-3.728139
-9.458259
4.168435
8.188745
-11.163291
4.716224
4.496434
1.940293
7.662964
-14.152539
4.652497
-10.136701
7.490418
8.085236
-6.566984
-1.972756
4.144717
10.532303
4.044067
1.754639
-6.993575
3.457104
-7.262827
19.553316
8.508821
-4.973469
1.617710
0.619102
-6.730975
-6.151998
1.185706
-4.122563
9.200169
-0.619965
-13.639910
-5.254263
5.466039
10.692698
6.589849
-3.646681
-9.088555
1.219164
5.940456
-11.593768
-3.000670
-13.870938
3.363866
5.641829
-3.587999
-14.825504
9.580425
7.077541
4.550899
4.168180
-7.412091
-9.085258
-11.573534
9.533455
1.858057
3.918265
-4.573520
-2.392537
1.745664
0.718562
0.675905
-2.495857
-17.028126
-4.964834
-29.192747
7.590011
-10.528907
-19.174393
-1.656597
1.200705
16.314520
-15.561534
-5.893126
8.307948
9.407430
0.811935
4.986496
10.471352
-2.549645
9.386643
4.834867
2.285962
-5.308568
19.854576
-10.171108
0.582516
-0.972775
4.453134
-0.923233
0.753831
8.769903
0.426542
8.186193
0.047979
1.925608
14.957772
4.677591
4.075707
-1.594716
-0.740948
-3.915860
-2.334186
-7.994712
-10.543908
11.758366
-0.756702
12.125056
8.189667
-4.500300
-16.418531
-7.412133
4.733938
2.995707
3.500258
-9.854620
-7.097580
-5.751073
10.755229
1.721394
-2.934542
4.003297
5.065226
3.853628
-8.028374
2.972385
-4.093928
-10.262487
9.112076
-17.139273
1.109529
-4.587005
-12.834272
-2.131433
-12.362124
1.038865
-2.959451
2.100532
-12.059361
6.830972
2.145327
11.996841
-2.182966
12.581534
3.887023
7.406077
6.287702
7.587302
-7.893219
-19.290283
7.462719
11.066150
10.583575
-8.630094
-1.259750
2.330220
-0.056489
7.450541
7.272736
-1.623996
13.128059
-9.626422
-1.307311
-10.887355
5.018049
5.281938
4.724033
-0.497955
0.958717
-14.038658
-7.188540
10.684026
-5.968463
-9.374880
-8.550288
-8.553397
0.160940
8.430446
-0.111023
-2.048035
3.208202
8.385426
1.231474
-4.193930
-1.277115
-6.499944
-2.040765
-5.594133
4.875368
-5.571732
14.897341
-0.987752
-2.390785
-23.355288
-7.222500
2.006801
5.582344
9.021614
-3.140629
-3.524441
0.530790
2.246086
5.337636
14.798349
0.521141
4.468311
-1.074522
2.482216
4.427455
-12.648730
15.032890
-0.481276
-5.432463
2.246899
-7.322791
11.496296
-0.578928
-3.647244
7.523380
-1.626563
-5.683810
10.693370
10.275560
3.458560
-2.766334
-4.251741
-3.193619
4.577734
0.514531
10.688824
1.171415
-8.878943
-7.832570
-9.404020
-1.425990
-3.628221
-5.888085
-7.703878
2.679837
-16.892925
-9.993812
-4.934163
9.493004
-12.908901
-6.428502
7.816338
9.588265
3.084271
4.604555
-4.631578
-4.572947
7.180068
-2.317028
1.558426
-7.238559
7.685705
6.535297
-15.102118
0.488242
3.857101
-5.135708
-6.509832
-3.545388
1.094869
8.389132
0.329257
-19.487785
-3.610318
3.717860
5.583498
-8.809252
9.115285
0.354669
6.875841
11.282067
1.677933
7.908473
9.041598
7.758266
0.496361
-11.488587
2.772566
7.078348
3.237164
10.231194
1.288664
0.889345
-9.785811
11.165205
9.508517
-1.623992
-6.155750
12.359416
2.284081
7.844999
-10.605702
-13.306512
-8.801045
-0.602854
-8.213321
-16.649614
6.126163
0.881390
5.922832
-6.680544
1.966427
6.006944
-7.221813
4.254566
-11.017332
2.786157
9.795590
-6.703331
3.824425
7.721008
2.449511
-4.234256
-0.673376
-15.012321
-14.799936
6.243752
8.194918
8.107337
8.108540
8.414916
3.811873
7.150345
-10.573266
-14.600350
9.076468
16.925358
-0.078732
-0.457805
2.267567
-8.352227
-6.601668
-1.115404
-10.317005
1.855308
11.857989
17.226973
-17.598677
-12.093930
-0.073504
11.944717
6.521297
7.589128
1.559423
-3.712621
-6.068047
5.448895
3.659708
0.335260
1.641717
-12.485155
-2.947968
-7.932913
13.765611
4.502851
9.749848
0.542794
-9.713770
4.364095
2.330857
-7.353436
14.946213
7.492989
-0.047567
-0.693370
7.875813
1.294304
8.721171
6.614315
2.772862
-3.950428
17.146585
-3.337397
-3.700972
-5.856735
-6.198761
-3.846226
-6.669971
-1.701402
15.213490
0.771355
5.968874
4.330391
1.855965
-3.357972
-3.974509
-1.880693
5.725783
-12.610862
5.143066
0.597009
6.178519
0.578521
7.217541
2.784972
6.635701
2.136515
-11.367627
5.680186
8.766772
5.635863
3.100155
7.473293
-3.239789
0.703238
3.071393
-5.293846
9.391994
3.131573
0.691689
9.910157
14.215585
3.929234
-11.023992
-14.931374
0.645244
-0.767273
-14.946637
-4.664328
-2.160099
-0.809801
5.994531
-5.039721
4.579750
3.671656
5.179468
-4.998368
-25.891430
1.277775
-5.137626
-4.784406
-14.647096
5.576626
12.659513
3.567135
-1.096545
2.042307
-20.004311
-0.201281
-0.663160
7.414971
-2.104035
-7.776862
-13.736866
0.636007
-18.074863
5.664164
-5.654927
-17.329832
5.125356
0.038882
4.719512
-1.373813
1.341517
-25.970158
-1.135544
-3.921883
-6.523239
10.310502
1.035780
5.379030
-8.917798
-12.146513
4.231862
10.004782
5.066832
2.343538
-12.128338
-8.427879
8.705576
-9.227501
6.325004
3.036982
1.774264
4.255354
-5.952769
-7.779072
-11.780275
-8.827977
-7.494733
0.666167
-7.342828
-3.251624
0.620911
-0.349141
-8.103021
-11.244019
0.309131
-13.588567
4.310465
-12.501026
5.206273
-4.005051
-7.631683
-3.684581
-13.190760
6.594381
-17.504229
-7.445354
9.705315
-4.274792
-12.692817
9.676929
-7.926386
10.088763
6.713130
0.846608
-7.894998
-0.034081
-5.048874
2.494549
-5.795556
5.764035
8.292828
-2.283214
5.334619
-4.312265
0.296793
11.982274
-7.128717
-5.830046
2.615728
-4.242053
4.770833
2.119634
-8.915433
1.802596
5.566258
5.097936
13.282076
-2.537781
-1.460973
0.119842
-3.478512
7.165963
7.317173
-11.630884
0.096247
9.221725
-6.289558
2.434972
-17.456549
7.528972
-10.061037
9.973166
12.086678
2.745384
9.257093
5.477077
5.305171
3.786188
2.439455
4.132054
16.622164
-19.019802
-8.805944
-3.905953
6.965663
6.754242
-20.159082
-5.441692
17.162863
-2.525188
-11.487008
7.427603
-16.783012
-8.491329
15.417411
-6.980735
0.384504
16.383322
3.137419
-2.544704
4.740759
1.616008
-9.165862
0.201351
-5.425746
-10.392398
10.244517
-8.345485
3.965294
-25.288877
-6.665653
-2.645894
2.651843
16.701233
-3.234647
2.392042
14.929522
-9.399343
-6.612973
22.960533
-5.834478
13.617933
8.049047
-7.642992
-5.018666
0.308175
-10.983182
-8.281904
-5.751323
2.111275
-15.796108
-8.003437
-8.408684
-14.062512
12.494917
-6.201560
8.427842
6.032390
8.087774
-13.822530
9.942509
12.845916
11.027604
-3.550122
10.422396
-4.811702
-25.128323
10.621840
2.628587
-3.817500
-18.964239
-8.918603
12.264022
-9.135652
4.107373
2.941509
-11.568882
4.459722
-0.826962
-6.242997
2.693239
-2.381424
-7.800185
-3.911952
-37.140709
1.291521
-3.110283
-23.398531
5.637134
-9.617495
8.330569
6.929986
-0.873099
-11.063460
4.945504
4.708228
2.047523
-0.588151
6.716764
8.664286
3.854841
4.396882
-6.090589
-0.245105
0.766408
1.194328
-3.041540
-11.201222
-4.787663
-5.128419
-3.896005
9.622219
4.556528
8.615484
-9.813622
12.135113
4.550053
-9.115597
10.422650
-5.171329
-1.072948
-4.799780
2.420900
-9.747665
13.440692
-4.177421
1.815429
5.625055
-9.412200
0.039820
-6.382615
-11.136778
8.455153
-6.946303
-17.225391
3.928067
20.553764
-4.316960
-9.595499
-4.664396
-21.699995
-10.516092
6.020718
3.486791
-5.668167
11.144768
-9.648782
0.477848
-25.961737
-4.022178
0.500576
-17.508883
-8.557842
-5.971400
-5.455395
2.675890
2.546949
-12.842074
11.988388
-0.905449
-0.867283
21.462030
1.572675
-0.839215
-11.431375
-7.917047
4.620475
3.130522
4.644983
-0.261061
4.412436
-5.409941
3.522939
6.420351
9.106180
4.808214
4.607685
-1.048823
7.456151
3.584671
0.222641
-8.409454
4.990160
-7.663870
-4.113842
-0.844934
-10.350343
-2.945861
-8.950664
-0.164407
0.999141
-1.424477
7.093423
-11.212833
-2.515286
8.232313
4.458959
-0.891491
-3.083627
-0.750249
3.722576
-2.571272
-2.225932
11.395008
3.827226
-1.867124
13.803679
3.730216
11.552194
4.773745
-1.038389
-0.315141
-14.988212
2.439345
-8.209299
2.357398
-4.807528
2.066535
-1.896651
-7.776327
1.690651
-17.104311
-0.596033
0.158465
0.096203
4.402820
4.109881
10.034112
5.701850
-4.779649
8.257524
17.663200
-12.743293
4.858027
3.076941
6.454633
6.545802
-0.704645
-0.847259
4.551776
-5.657153
2.049297
5.025162
3.832707
14.457975
5.809927
-0.712264
8.217499
0.643372
-2.607307
-3.650352
1.754629
-3.781475
9.547357
3.658548
5.681236
7.875986
-2.382785
-0.181002
1.561844
2.114633
-6.570114
3.763157
-5.800448
-13.511835
2.994394
-3.935538
0.514760
-12.613576
-8.060308
7.194260
-4.735383
-5.522238
5.153388
-14.781097
-1.665509
10.209455
-3.142539
2.145540
1.659562
10.919630
0.223654
7.208195
-9.057552
6.925705
-7.179787
-5.304945
3.554088
-0.001674
4.010671
-5.343956
6.908580
-7.439117
12.103472
-2.444644
-3.286927
-20.164423
-2.235167
-0.262835
-5.490186
-7.934642
-1.473850
-3.364095
-5.003261
0.696403
3.972672
3.903509
9.046930
2.603435
3.880915
-1.492963
4.257753
-9.028613
-1.246730
3.870546
11.088018
18.064953
2.168781
-5.460959
-9.119155
-0.634087
-20.980675
-10.896270
-6.773008
1.237041
7.022697
-5.199698
4.309158
-5.561272
-4.148527
9.345864
-3.509073
-6.278829
-5.266982
-8.303722
5.915334
8.144674
5.289577
10.097691
4.673966
-4.138881
3.737390
7.963696
-12.654777
-0.832581
-6.422947
7.379577
1.945515
7.562351
10.871419
-6.896241
3.933676
-0.968137
-11.533764
-8.302471
5.553280
0.136124
-0.293334
-6.240411
12.059263
-3.217375
7.277546
7.566381
2.270611
6.679523
10.033933
-3.270172
-12.506429
-7.674561
-0.108539
-15.273851
-8.368494
-14.501962
0.323732
1.230637
3.298250
2.159709
2.462411
-8.644287
-4.558218
5.191355
-12.117665
-11.114850
8.155986
-18.224199
-11.131598
6.926025
-4.847365
-10.542355
-1.234418
1.630929
2.347642
4.880731
-1.922789
-2.872943
0.216852
-6.497450
-7.288955
6.567663
-1.080639
1.572192
7.235816
9.793325
2.714921
-11.943191
-9.360435
-2.865035
6.758544
-3.744573
9.680991
-2.008442
2.635647
-8.482479
13.282205
-4.726015
0.834640
-9.573288
7.726636
-1.942720
-8.136221
10.215688
-14.471898
-1.439637
-4.828057
10.894929
-5.453581
-3.619190
3.115351
7.980313
-4.214888
-3.371861
2.988799
-9.262899
0.384772
-10.447961
-2.809406
-13.951083
-1.316873
8.559875
-3.439375
11.084551
-1.071108
0.866930
15.641315
6.769697
-7.627026
1.504156
2.249196
9.724780
8.929834
4.503957
-3.214781
-3.181377
1.174383
6.852287
-7.769417
1.243225
-6.042473
5.170975
-0.105418
-4.190730
-5.216620
-3.757691
6.218472
-6.772198
-7.516039
-19.187593
-4.391861
10.530703
0.678553
3.831553
-10.798889
-5.394189
0.693775
-9.086263
-1.708080
4.627085
-14.234093
-3.691077
-0.771091
-5.094182
-1.037245
0.516867
4.900563
1.451312
2.545503
9.327178
-0.042133
12.566214
7.605958
-1.453093
7.921617
6.768602
3.155253
5.864800
-5.734967
3.845498
-5.502303
6.252887
2.594445
-6.288384
-8.669913
-4.003090
-0.054542
-0.685996
-0.979556
-6.653310
-9.504527
-10.231761
2.062265
1.724890
-8.924435
4.142591
11.655043
12.897962
-13.864563
-7.246806
10.680715
7.865007
-3.136426
14.380723
10.266813
6.185461
6.890002
3.927908
6.808358
-3.844740
-3.845002
-0.237533
-15.200690
-7.062510
1.117581
-17.181318
-3.424659
-4.366696
-11.988485
-4.515284
-1.123411
-3.000028
-6.081532
-0.132279
-19.277327
-11.363305
3.906994
8.613379
-2.808384
-0.501312
5.778747
-9.563191
-0.928655
-11.789678
-9.268860
11.850746
5.414905
-2.189372
-5.729123
-4.104629
-5.019825
-4.341281
-4.119896
2.240984
-4.416787
-2.011044
4.960350
-6.445638
-8.940241
4.959908
-7.407310
2.363312
-1.578089
-3.632916
-8.044008
-6.866520
-5.823301
1.332110
4.587709
7.712582
2.778952
-10.254918
1.864181
7.849194
6.033069
-11.598151
-5.082330
8.721480
-1.586251
-5.668396
3.382791
-15.089223
-7.705136
-15.538826
-7.417974
3.280047
9.732459
2.525806
-3.929745
10.910522
2.482421
-6.451048
-6.932907
-9.761435
-3.855422
11.558152
-5.836909
6.067069
-6.628361
9.190941
0.043265
2.381065
-4.024794
9.300400
-9.767471
-5.872911
3.636532
-1.654734
3.729889
-21.195091
-0.148512
7.636694
-8.895719
2.655128
-9.487185
-3.692306
-7.844044
2.833224
-3.180952
-1.699857
-2.293276
0.731088
-15.630306
-3.793021
7.773959
-0.261032
7.017828
2.011667
-9.170718
3.291942
-2.459286
-3.751483
5.862484
7.937433
-8.872986
14.692446
-0.409064
-6.777083
8.824988
0.587634
0.138969
-1.844433
6.475156
2.573098
-0.951391
-6.848498
4.168498
-1.677437
-4.196534
-1.170756
-3.540213
-2.321237
2.709143
16.838343
2.863691
2.556540
-0.210011
7.491323
-7.915520
3.664746
6.692233
-1.160647
-8.397388
-10.456579
-4.972819
-4.083482
-10.999228
-4.270705
-5.602550
-16.824440
4.141233
-8.466171
1.468814
-6.560198
2.724772
9.286419
0.644579
-6.734907
-7.005709
6.720782
5.659580
4.120395
3.656834
7.638783
2.902542
11.419170
-0.063425
-7.732944
-0.752116
2.224917
0.191917
-6.350957
-0.918565
12.638502
3.523028
7.152649
-1.734546
-3.099474
1.261920
-6.708100
3.332703
5.331575
-6.431609
9.120646
5.839276
-19.820326
5.158743
3.860587
4.129585
8.196739
5.273972
1.910026
6.842717
5.736896
4.006688
-15.408817
-3.615124
15.290800
-3.828383
-4.481752
-11.481762
-5.570528
-6.591594
3.849298
8.156057
-8.074956
2.292930
-7.257688
1.230671
3.359707
5.243965
5.109805
2.286839
11.454548
6.325200
1.256543
-5.636312
5.380599
-0.061095
-0.481634
-9.277333
-0.678558
7.374732
2.940428
5.504838
-1.248075
2.529285
-14.975542
-2.004347
5.616893
-14.945791
0.618931
-3.858303
5.838030
5.616621
-3.619897
-7.488796
-17.203125
5.230044
-5.516267
8.608987
9.339948
-21.683163
-11.315581
-9.430040
-8.285841
0.877010
-5.804050
9.000786
-2.276918
3.850967
-5.835159
4.278820
-6.901501
-11.645112
-3.573555
-6.672159
-5.275275
8.674428
-0.272762
-4.040426
5.135241
-3.858518
5.138305
-14.429811
-8.891082
6.624051
-1.410108
11.167349
-11.033174
-6.333780
6.091784
-3.006779
-5.161063
4.294415
-4.123454
-0.567283
-2.464719
-4.288890
8.136448
12.108425
15.977893
8.705525
-3.406606
8.255868
-3.580418
-8.588997
0.994498
6.630293
0.447567
-6.517408
2.150465
-8.996675
-0.633706
-8.862509
-4.175578
-13.250254
1.362548
2.793714
-8.592808
3.049465
6.522266
11.492615
-7.361483
0.972487
5.709301
3.937421
1.654826
-3.091599
-4.574781
0.189376
-5.452600
-4.435439
15.819558
4.741584
0.421474
8.026940
-6.200062
0.230753
-10.825256
3.637062
-3.640779
2.618681
-0.702365
-9.678911
5.575876
-0.435427
-3.257524
-15.672157
0.447158
2.802161
-7.320894
-4.014620
-2.724383
-21.191362
9.418243
4.113659
-5.370583
23.438280
1.968745
-4.012004
8.143881
-5.416061
-3.272638
-17.066769
13.498493
-3.839681
-12.082047
-5.410115
-6.737106
-3.852502
-4.694434
-3.411007
-5.214657
-0.288740
4.870539
5.779088
9.658565
-9.222019
12.366483
5.346100
5.929571
0.672685
0.946223
1.083499
-1.127497
-12.611917
5.835851
-8.985271
-6.888365
-8.617777
17.730324
-3.604759
-0.485253
-4.593126
-4.420765
-6.664356
-18.131678
-8.318863
-0.161168
6.365886
-0.016193
7.018386
-0.304565
-1.624484
6.025935
7.429816
-5.747195
-1.699243
9.675289
-1.049663
-11.645873
1.976867
-1.215261
0.555816
-4.514784
-2.216119
-5.133862
3.565751
-14.404188
-3.008927
-4.844930
1.151289
4.450267
5.625606
-8.412798
-9.861801
-4.797737
-11.487157
-13.647543
-4.114141
-5.623200
1.896331
1.268159
3.684314
0.044489
3.830829
-6.521340
6.792719
8.667737
-3.426700
-14.309007
6.702606
-3.807816
5.140674
-11.499684
0.183329
-11.119600
-9.746714
6.302600
-5.709702
-0.471835
2.100202
14.057621
-5.273614
-3.618484
2.552126
10.872507
6.151601
-2.224163
-10.147809
0.912732
7.841289
2.806673
-1.581411
10.378107
-0.948440
-5.439025
6.403286
-6.042553
13.730435
-9.816724
-0.973147
3.099844
-3.970856
13.989489
-7.719745
-8.723868
-9.689063
12.312375
-11.520615
6.595604
0.010177
-8.418916
9.684715
9.081822
3.238487
10.408560
2.840238
-7.111613
-0.863523
-1.323080
-7.900061
-7.094520
6.108786
4.942425
2.557817
-2.661098
-8.210695
5.624018
-8.950251
11.408449
7.805055
5.348855
3.200327
8.471773
-1.080528
-9.007393
7.763741
-6.123101
-0.215211
-9.583047
-13.699159
-2.613274
-7.090296
5.796984
-4.152638
8.526510
11.574956
-9.814898
-9.640032
-3.289540
5.929097
-0.108804
-2.867325
-1.516676
-1.838003
8.027241
1.634232
-11.454523
0.620927
-13.170587
-9.077457
-7.740357
-8.032759
14.477224
6.102970
-2.164973
0.022177
-4.265853
-7.914796
8.071324
3.491003
0.183082
2.358868
1.455967
5.569184
-12.649666
4.699764
-1.393052
3.364070
12.219343
-4.297741
-6.211150
7.687717
2.714900
-8.342007
5.260124
-7.990835
0.068088
9.681183
-1.952841
-6.465095
-0.396068
-5.550338
6.013051
-1.764241
15.495363
13.736056
-12.075905
4.017948
7.922055
6.539148
-1.001232
6.538827
-5.954185
-3.284107
-2.337184
2.715136
2.118623
-2.522036
-10.993211
-2.558220
-8.277424
5.469647
-2.780826
11.679451
-10.880590
2.393602
9.332348
5.643145
6.729100
1.739486
0.944722
7.116220
-2.201545
0.318915
2.780856
-11.593575
15.119210
6.916369
1.428305
5.869736
5.938058
1.002933
7.175693
-3.708340
7.921589
-6.701982
-4.969265
4.657653
5.953764
-3.949419
4.988422
16.240639
4.909083
-4.707235
6.795802
-6.854279
-11.125178
7.196577
16.652105
-10.406654
8.886965
4.761119
-1.483534
4.758615
4.812005
-9.383167
-4.331448
2.202253
-8.021318
9.320845
9.158717
-1.480225
-0.425073
-0.324606
-10.877908
8.851042
-13.063619
-14.390711
2.132068
9.645730
9.580956
-5.961071
-4.125819
-11.293131
3.123250
2.740594
-4.096393
7.485927
-13.153770
-1.969253
-9.267381
12.636350
3.549871
6.523641
3.268291
-3.841883
-4.449916
7.121197
-2.554541
7.422735
-15.958374
3.563405
8.353975
5.069298
10.071091
-2.948763
-5.638128
-0.449354
-2.932350
-6.773804
-1.666704
-2.973677
13.380498
-0.256632
-1.276629
9.287942
0.232060
-2.776934
9.488545
8.861912
4.017397
12.295254
-12.954013
5.405454
-6.219469
-11.080646
2.091542
-7.094440
5.753365
-1.004485
1.998860
-3.269826
-1.836316
4.791989
13.609493
-17.926737
6.348111
1.516370
-6.761086
4.437919
-11.062559
-3.622869
13.215170
5.863964
11.161594
5.650328
-13.168550
5.030012
-10.894648
-4.689946
-3.178641
11.211418
-15.479202
3.989302
-2.913095
11.265677
13.861507
8.444199
-16.230249
7.083435
-10.058696
9.820263
-2.105259
5.056694
-8.177508
-0.608250
3.235173
2.098795
4.588578
-15.439922
1.171507
-8.328979
2.707539
2.076008
3.784271
8.332343
-4.716001
5.882517
5.774857
6.812955
5.673270
-3.833826
13.982090
-1.433269
1.127919
1.105463
-6.844204
2.166355
13.074215
-11.058583
2.905122
8.436923
-1.830029
2.628791
-1.283357
4.165956
2.717683
10.051214
2.764349
-12.878887
6.817479
10.392109
-4.553094
-1.876658
-8.706050
-8.072342
-7.781301
-11.657194
-5.493277
4.624594
1.649095
5.661410
-11.847379
-1.268110
-2.884183
-6.483254
-1.156227
10.979189
-10.885924
6.443456
-5.272575
10.928786
-11.638228
-1.984177
9.363037
9.932143
7.679371
-7.267337
-21.495680
-0.800879
-3.118235
-3.192310
0.278326
-2.151685
1.062962
-5.539945
2.615458
0.387271
11.361293
17.048510
-9.608683
-4.655597
1.784481
-9.143883
-2.007566
-1.589410
-8.878294
-2.703012
1.852897
-3.526745
14.481186
-2.914360
6.427244
8.687563
-3.255101
-3.799011
0.247981
1.925626
4.800653
-2.572781
-3.232002
6.210924
1.991978
4.057917
-5.282614
8.170612
8.314724
-5.361345
-7.047262
-6.724740
-0.756475
-9.339407
5.106882
-16.779984
2.919897
-3.525796
5.287380
6.321182
-0.276054
-3.478768
7.735122
-0.052597
4.438369
-7.767317
4.456853
-1.511658
12.059628
7.807387
12.266267
10.612914
-1.132251
4.662017
6.151468
7.882140
-2.807508
4.064787
8.740945
4.559785
0.465750
-5.258267
-9.313295
4.902659
8.207939
-9.507959
-10.718117
-2.092679
5.846992
-8.375133
4.889874
-0.596029
-10.131638
9.626672
8.047289
22.375582
-20.827145
2.693142
6.162441
0.821452
6.373252
-1.774802
5.903840
-8.399708
5.775301
8.668351
4.540600
5.039865
1.403772
6.654901
3.699774
14.003299
11.370274
7.835961
-5.081666
-3.584649
-3.731433
1.767695
-0.070397
-7.672956
-4.696348
6.436341
3.351579
-4.989929
-7.177445
-2.736695
2.412042
0.969225
-9.329322
10.751931
-1.169111
2.221483
-11.193046
-0.213827
-6.335046
9.753745
5.941183
3.730195
1.997967
2.820359
6.882380
3.872426
-7.822413
-1.220263
-10.063079
-7.493944
-5.957232
-6.086332
-6.632728
-19.581718
-2.168769
-0.438351
-6.377102
-0.818772
9.545248
-3.592005
-7.276092
3.620817
-11.852705
-12.168256
-27.084261
0.935951
-2.943639
-7.504774
-4.322835
7.445318
-4.007372
-8.670801
-0.546051
3.828290
-10.263822
-2.433157
15.491479
-12.785755
7.320526
5.366809
-1.877880
-2.195709
3.618982
0.799642
-10.899560
8.956116
-2.812533
1.234123
17.166435
1.145325
-12.828241
1.370432
-1.935660
9.844739
-16.526154
-9.388519
11.394044
-7.444453
9.964984
1.696586
-14.303643
-5.462104
0.848902
5.754105
3.889754
5.459485
10.083513
3.651045
-13.683771
-6.155935
12.254633
-10.000407
-9.101021
4.694726
11.443830
-9.406369
-1.335256
7.502274
4.625862
-0.269813
7.185286
-5.038092
6.098536
-0.297321
5.329173
-3.237681
-4.652913
3.969022
11.187007
-1.631321
4.258333
-6.889141
-7.711209
3.577041
9.828839
-10.785136
6.290183
7.620895
-15.671918
10.826481
13.915678
-12.820424
-3.059234
-5.444801
9.898674
-6.246946
-6.639969
0.223033
9.519530
-13.032068
-3.626420
-11.449857
-12.761263
-17.523775
6.972310
7.139852
5.372771
7.990171
-7.271806
1.450264
-10.992533
-6.702409
8.709506
10.834112
-9.261017
-7.321305
-3.384968
-3.308218
-4.206875
-2.732206
-3.920982
7.551946
4.627936
3.705268
-7.654778
10.140576
9.110384
-4.520727
-0.105556
-4.184483
-5.395387
9.316630
-11.884830
4.792667
3.136464
-9.805348
-3.571208
5.589454
11.347248
2.090056
-7.060700
-2.320909
-25.968199
10.398746
5.372943
-7.722331
-6.348330
-0.588960
-0.267904
-2.305739
2.597029
3.422045
-16.079634
10.262821
-2.138938
-2.285189
-4.260686
7.052977
1.859138
6.066698
8.810045
2.633016
2.398738
0.350314
3.823671
-6.424664
2.859331
-15.294796
-13.675612
-6.481499
-4.158117
1.697186
7.613185
-2.879974
-2.297915
-3.195063
-1.436497
5.608410
-14.440062
7.302172
-2.039291
-10.316566
3.104504
1.482817
7.563476
1.723085
-15.465668
-5.066633
10.731423
-13.899750
7.981642
1.432292
-1.995736
10.374229
1.634711
-6.803817
-10.177155
-0.870253
10.687042
10.651829
7.886559
-2.408445
5.649704
11.832376
-1.580538
5.381120
3.758811
-4.576085
8.286089
4.233404
-11.406502
-0.806610
7.325994
-8.036650
0.909240
9.694631
7.388486
2.598852
-12.534301
0.380940
9.912556
1.626799
-12.570786
-1.922827
-10.848380
-10.621038
3.074284
-11.550859
-5.447772
-3.877323
-9.459423
-7.738140
7.114447
2.366384
-4.731032
-5.242651
-7.385243
-2.044911
-2.296468
-6.097963
9.007583
12.390332
-4.773847
5.318634
13.883757
11.260927
-1.610670
-0.012603
10.702863
6.425568
2.351798
3.019352
-8.478202
-7.763058
13.336369
8.578263
-5.052056
-16.449322
9.230093
-5.445949
-7.592952
-4.315927
0.854979
-1.580730
0.889406
-3.504200
-11.268044
6.466417
6.006162
12.652704
5.889058
8.942884
4.583446
-10.239379
-0.501133
1.789363
2.558778
0.794229
-2.155841
-3.377495
-8.452368
-5.713335
-11.364598
7.381824
-3.972579
-0.815423
-3.132811
-2.883502
2.902284
-8.471574
-9.647521
-11.645620
2.521547
7.335402
-12.779195
10.604893
-11.856983
-4.490189
-1.699243
-1.103178
7.344335
-2.128305
-15.508951
-10.678929
0.009447
2.240313
-9.485569
3.322847
-11.913677
-4.716668
-5.869785
-15.733060
-10.744491
3.402492
-17.896286
6.475687
1.710806
2.863820
10.723153
-7.454394
-8.955388
-11.262274
8.002124
8.509748
2.807484
4.119503
-6.334528
-8.443019
-9.261449
1.756981
-11.028728
7.369326
-4.716291
-18.500454
2.314705
-2.629285
-7.187111
11.044986
-0.346791
8.260630
4.926231
7.540730
-5.598566
-2.575495
12.554569
-3.825392
-2.188568
8.366162
5.732016
1.884096
-6.862229
3.728919
5.743084
10.913646
-5.492862
2.123175
-3.691830
-8.520716
12.713887
1.728118
-13.140494
-5.694214
1.395691
6.568972
-3.134483
3.236662
8.983849
6.601104
-2.048862
5.221460
-4.823411
-3.796034
-13.523169
-5.482722
-8.049278
9.297958
-16.675575
4.285101
-5.817521
1.837307
10.370259
-14.492995
8.864420
-3.821629
-4.393503
6.998949
-0.349555
5.132611
-6.892313
-2.403879
8.956776
7.594902
-1.770123
-7.029097
9.516925
0.441484
-9.345607
8.921804
-18.966928
-4.655144
8.067913
-3.007090
-0.523477
5.523889
-3.848540
7.311686
6.590505
7.381785
-2.062951
0.955565
13.056587
-0.738700
2.650989
0.531063
4.141991
4.861768
-10.050103
-0.137728
-12.631730
-15.526227
6.482530
-16.389048
0.137842
12.624726
13.896618
-11.099099
-0.134282
10.526224
8.879623
6.488487
-19.911430
4.857637
4.506116
1.174908
-5.897868
9.470172
-8.664019
-0.007403
-4.585835
-9.405802
6.502791
6.633212
17.601315
6.186647
-9.925476
7.181811
8.440748
-0.258912
-0.352522
-12.300803
2.570424
14.017855
-20.166193
-1.408924
2.611115
-13.351524
-5.565912
-5.323497
4.372051
14.978809
-10.132158
14.193466
1.300205
-16.548237
-0.109255
-3.111937
1.562135
7.368884
-9.096682
-14.202491
5.940010
0.673654
10.000500
2.639395
9.021806
2.329358
-20.191259
7.439316
14.103091
1.460068
9.806467
4.525897
-10.672366
2.201346
-3.257624
-2.900725
8.399052
1.874487
-8.413968
-7.813682
2.235950
3.363456
4.251907
11.820656
-13.320063
9.428076
-1.084399
-7.568476
-2.217725
3.140047
-11.835081
-6.435355
3.625358
6.307626
8.576049
9.184955
-5.648085
0.294925
3.632492
-15.522142
4.279609
1.525018
-6.811039
-11.348419
-0.384095
8.041745
3.175481
-2.977275
7.769696
12.719728
-1.176860
1.873230
11.583193
-1.904378
2.956676
-7.896311
12.420363
-3.593381
-3.050932
1.068592
-6.527944
-6.946549
6.553501
-4.630475
4.836846
12.089725
-19.531759
-3.758239
-5.433850
-2.804899
-5.383566
8.926864
-4.150788
-3.041658
1.931855
-14.755141
-9.328366
-15.424887
6.240597
-12.179075
7.334979
4.037153
5.205266
-7.960034
-4.184795
7.379137
-1.788117
3.609443
-17.680365
-7.007932
4.283400
-3.207029
-2.379939
1.010797
14.972466
4.471065
-4.706645
-8.543633
7.422725
-8.430337
1.973603
10.479848
3.056157
-2.241513
0.258622
-11.979209
-9.635014
-7.872068
-2.199617
19.122089
1.406404
-6.993255
6.320199
-6.248466
8.526133
3.045859
1.120549
-4.741666
-5.512118
-0.962517
7.200229
-8.622918
2.912298
13.412792
-0.447327
1.412941
-8.374054
3.030590
-2.809713
-2.549695
4.295191
-9.590369
1.516189
-4.007802
-6.323491
1.249235
0.291643
4.954016
3.944249
0.478628
12.145731
-18.984594
2.278244
0.379306
-7.710164
-16.891134
11.460228
-1.722118
-8.682121
4.685200
-12.951019
0.576966
-1.177724
7.497513
11.896935
4.648668
9.908703
4.387122
3.816975
6.512464
-5.384069
-8.270195
-9.520018
2.404326
6.245481
-0.962302
-7.976538
11.103143
-3.379332
-7.497202
4.523350
5.422378
7.020111
7.346335
6.000600
2.188372
6.579085
3.523827
-0.463798
8.334525
-1.751851
-3.127956
2.026174
0.055796
-11.021552
-4.398316
-2.186468
11.513690
-0.509812
4.502048
-3.703934
3.892354
0.372154
-4.144538
2.399311
3.151981
-6.102256
-13.145493
2.333228
-5.246482
3.186104
-0.161557
9.139467
-5.655972
3.464777
0.301065
4.331373
-14.079724
1.884638
-2.749079
-14.389411
-2.910897
7.508965
-6.424471
-7.929638
5.393559
-18.334009
3.273082
7.573590
-2.225766
-10.830819
7.807222
9.594622
2.589313
1.250236
5.026744
-1.340218
-0.078004
5.975944
11.708870
5.972310
-9.094234
12.758478
-4.629949
-0.447428
-3.802281
1.369795
-3.793548
2.828418
-3.835082
4.738483
-3.195966
3.774685
3.170282
-10.339495
13.677734
11.986641
11.564249
9.587636
-1.736451
2.221729
-0.706743
5.519624
-4.753447
1.986707
3.047376
5.105750
3.015036
13.325104
7.465609
-21.337234
-2.606971
-13.128257
9.377599
-10.945495
3.974688
4.599451
1.853655
-11.245786
8.991461
5.226483
-7.488214
8.115383
-6.668918
-2.468678
5.873323
2.439632
-0.608200
-7.410400
-8.127073
5.666002
-4.600979
2.919043
-1.932576
4.634243
9.402033
10.072474
-3.910600
-3.516915
-7.452790
3.703060
-5.366601
-13.633974
-3.330343
5.053335
-2.234692
2.519842
2.768853
7.289325
9.361174
10.195194
-7.665307
-6.315053
0.338566
1.925780
11.019587
-3.379008
-7.745579
7.792671
-0.070984
-2.235066
-10.808743
1.705740
7.302065
8.073400
2.761112
9.877104
2.584838
-1.471259
-6.381880
7.433581
-6.407766
-10.816978
-1.664199
-17.438051
-1.067293
4.024138
3.059102
3.006721
2.396702
-0.168340
-7.642817
-8.653808
0.714393
-0.882639
8.680202
-3.340660
-3.506233
-1.175722
-3.614748
9.794909
-5.359530
-2.159700
-4.450234
-9.078466
2.314665
2.672804
7.377767
1.786236
1.564990
-4.766884
-1.246966
-1.867307
9.926121
1.479841
3.069870
-12.570871
4.562889
-0.020043
-0.060171
-0.602523
-5.440320
8.755752
-8.043207
-3.535052
-0.657317
1.993718
7.010509
-1.465199
4.674662
2.484160
-0.352167
6.290440
10.568036
5.006684
-1.260969
-5.143944
1.864014
3.847434
8.836132
-10.579354
-0.566296
7.867479
2.186002
-4.724685
6.210774
-11.464705
3.110836
-4.298580
2.593024
10.294508
2.248030
1.813806
0.725060
-4.181035
-9.864389
-6.958414
-4.793105
-2.142447
4.834909
16.687098
4.027317
-7.204226
5.119296
6.424477
0.207940
6.005785
-0.685620
-10.397961
9.667338
7.618377
0.216781
-1.135126
-0.291913
-6.900658
5.057025
-5.100456
14.745547
8.052436
6.488949
2.985476
-5.800710
7.028402
-11.892118
8.134783
-11.247683
12.129184
-9.471848
0.138294
6.297444
-4.636380
1.454707
6.264390
-8.996040
11.787450
0.419030
16.029942
16.852600
-4.342590
12.416850
-21.402897
-5.227825
9.287748
-1.410052
3.728644
-5.096171
6.993774
-8.075101
1.376414
0.174392
-13.091639
7.292808
20.153748
-3.768711
8.174551
12.293001
-0.798099
-2.633280
-11.580873
-10.223030
12.223276
2.589045
-6.086298
-2.207071
1.991595
-1.027312
0.271723
-12.044000
-5.378207
-5.023233
-11.939626
9.605449
-10.852218
5.755748
-5.520160
9.336997
-11.157607
-9.352336
-13.941073
-6.908457
-2.874450
4.218082
5.888755
-4.912752
-12.075719
-8.317327
7.832888
-3.156064
-5.848612
5.207221
-3.042345
-4.018141
-5.689893
-20.265169
-2.558140
6.313455
1.518322
-5.898807
9.877768
-0.586877
-2.140979
4.024321
8.395929
5.696388
-11.992147
-3.475199
3.673346
2.337042
8.212440
-6.459432
2.438388
2.873919
0.344114
2.440997
-17.776190
8.029827
-10.664926
7.053402
6.422507
-10.363524
-10.733930
-6.046955
0.292567
-0.425193
1.530431
-3.972341
2.466960
-7.614449
15.508142
-7.046746
-16.308142
4.009636
-7.602539
-2.551081
-11.888864
-0.358997
6.243744
5.154506
-3.537525
0.839716
-11.624846
-2.923960
-0.223015
10.032347
-1.469768
3.260216
-21.397587
-4.266647
14.320035
8.977067
-8.107430
-2.644374
9.080446
6.321038
-7.645218
2.543279
-6.280855
-11.796460
-8.372159
2.050394
-6.919023
7.099049
-3.336168
2.225593
6.432524
8.348586
10.029520
6.192423
15.152341
-6.289006
3.803015
1.236476
9.895905
-2.008450
7.071301
-3.386479
-5.232569
-2.362886
-3.172761
4.111519
-21.593910
4.154879
6.266806
1.320439
9.901896
7.044424
7.858775
-7.049361
-2.045082
-14.022882
6.554997
-4.374728
12.926653
7.723214
-9.629330
6.963691
-5.155748
-4.454499
5.835155
0.610931
7.297379
-4.427100
-0.784544
10.009631
-1.862631
-0.179219
-2.277919
2.319532
8.451380
-5.479643
-19.624115
-2.291267
9.747051
1.984317
0.118390
5.684691
9.889937
4.567817
-1.833594
8.377608
2.249341
-5.266507
-5.857143
-2.267787
-4.711103
9.842677
8.088927
1.276552
8.239770
7.345589
-2.989520
10.625010
-4.709463
4.833929
3.850662
-2.423190
4.845367
1.738022
-3.164285
2.560355
-5.343513
8.766034
3.686275
-2.472341
2.669217
6.190254
-7.186407
14.019829
9.140115
0.205764
2.585489
1.520417
-2.799522
1.998017
3.893132
9.159244
-2.012377
2.771085
6.982979
3.339858
-5.655463
-4.537501
1.837922
-5.794570
8.128210
-0.404624
-7.574599
-0.245996
-4.850292
7.835978
5.575765
-2.097109
-2.791859
16.270987
-1.327204
2.879143
-11.822264
7.453051
-6.662929
-3.083600
0.930039
4.782574
12.942596
-0.494577
-8.410451
4.032193
-1.430517
1.208082
3.118143
4.611012
-3.632505
6.318680
1.523217
-5.936607
-10.553751
-7.855020
-6.694578
6.010242
-0.244629
-10.279665
1.597203
-4.072339
3.823430
0.742791
0.413582
7.205554
-12.814403
7.256237
0.356371
-13.272560
6.486282
12.342627
5.937907
2.497831
1.632675
-4.351804
-6.628238
-2.846671
5.673772
2.934020
8.583650
15.079853
-1.992143
3.326925
-2.132906
-3.829670
-9.685891
-3.393771
-1.903078
-9.185042
-2.159546
12.657644
4.213642
-2.430926
-6.723188
2.161524
6.138616
5.854657
-1.148032
-2.002112
-10.389551
1.663665
-8.825135
5.572141
4.219939
-3.048410
10.111172
-15.013603
7.950292
15.461530
-7.729744
3.554090
-1.759588
-14.866983
-3.199597
-4.298825
1.334933
2.195622
-6.589954
-11.941650
4.100712
-3.334877
-0.536626
-9.695430
-3.795722
6.775744
-2.197293
-10.256538
-0.433888
-4.749146
-6.652642
-3.732154
-4.247582
1.665838
-0.936986
7.300274
-4.486755
2.078432
-3.123320
-4.592965
7.042522
2.730853
-2.248236
-0.837586
9.627469
-15.465869
8.742270
-3.477174
2.989006
-8.607442
-10.909204
-4.041229
12.418472
-2.768577
10.570333
2.029433
10.043776
4.469385
-7.320523
6.083946
-0.303978
-4.298551
17.266771
-0.897236
-4.614096
5.521014
6.813307
-5.091097
-8.304461
-10.370485
0.188832
-0.906435
2.870195
-14.145267
8.741511
1.126034
-3.035339
-0.169312
8.719747
-5.751105
4.902849
-8.946227
-12.199737
13.415191
1.673530
-2.005273
-1.272641
-4.790512
-7.407992
7.962155
4.523356
1.998577
-1.764927
-7.727618
-4.303745
-5.484465
7.030961
5.653216
4.104359
1.650707
-5.446737
0.698222
-6.927665
-7.294833
-0.731577
-0.007380
-0.823751
0.809311
14.203231
-21.060621
-22.647728
1.302515
3.062441
6.850727
0.573895
-0.187810
17.406815
-2.652541
-5.256598
-8.136751
6.236347
1.068711
-9.725728
-7.629524
-1.209965
-9.230453
0.843733
-7.062547
-10.968502
-3.771211
6.259069
-12.934991
0.245917
-2.413207
-4.687271
-17.660349
-4.602460
-29.992174
-2.334167
-2.831269
-0.794210
15.366054
10.112242
-7.016439
11.582663
-11.385324
-3.601653
14.887634
17.365879
-1.844744
1.886876
-5.309819
-0.230868
8.041530
-5.849522
-1.477663
2.058377
2.921129
-26.853296
-1.809977
2.251913
8.049106
7.386766
-2.304952
-8.047455
2.377165
5.927003
-12.318980
-3.703872
12.401484
-7.376013
-2.204473
-11.303747
-0.854299
-21.155117
-7.523363
0.802317
1.463860
-10.555057
0.989571
10.250184
-0.176201
6.157641
-6.129683
-11.767100
-7.597814
-2.954676
-0.869024
-2.927836
-6.131560
5.126358
-6.528029
-17.865814
-3.460619
9.148970
-3.811280
9.091937
4.547220
1.393013
4.256197
-8.498102
-21.940090
1.807487
-1.364176
0.991379
-5.725083
7.137502
-8.788409
-11.664097
2.353050
4.868865
11.672348
-20.298595
-3.860771
-9.510098
-4.038870
6.893228
-4.207189
-3.848636
-5.423354
4.997583
-5.026347
-18.672129
6.529789
16.591637
7.753808
8.640446
7.224084
-9.178310
-0.556124
-3.196077
7.494139
12.365131
2.808785
-1.502993
-1.282728
-4.927994
5.668312
-4.182496
7.740287
-5.642918
-0.922037
-3.826939
-0.956710
-14.637064
2.770308
6.696992
-7.764156
1.418015
3.752973
6.724021
7.397045
-2.384998
12.330202
4.151897
-8.958431
-14.348665
-5.774185
-3.249451
3.321433
-2.154109
3.296322
-10.449477
-13.757241
-5.993915
-11.981153
-12.651711
-4.093328
-6.151327
-5.525290
6.570753
-7.698108
3.716564
5.290483
-4.830843
6.000114
-5.358383
-3.521940
6.060186
-1.041950
4.720474
-6.162305
3.030056
0.306499
-3.341122
-2.195550
-16.054296
-10.375747
4.427228
-5.473787
5.721224
-9.336254
-6.305548
-3.974591
3.255316
11.716377
-17.531099
-5.131428
-1.257321
9.711686
11.715683
-16.846870
-12.878205
-11.627917
3.422406
12.301709
-8.853445
2.970170
8.564589
10.469656
3.332140
-4.257255
-11.330567
2.387628
-2.102867
-0.776032
-2.179927
-1.746820
16.055237
5.534697
12.813594
3.291909
3.721450
-3.010007
10.753034
-4.670202
-0.986099
7.584037
3.674393
6.508595
10.620081
6.361152
4.396568
16.154263
-5.432432
6.976654
4.024320
4.592400
-0.698631
15.490686
5.004566
4.340822
5.813122
-8.240994
0.227555
-6.851393
9.696827
3.204774
-1.191025
8.964077
-5.547832
0.154078
1.669648
-9.971696
-1.088177
0.032937
-5.529886
-3.109843
-0.962027
-14.634550
-7.799141
-8.977194
1.230476
5.540717
-3.781698
-17.133081
-7.903457
4.501944
-4.871298
-4.444343
-5.938820
10.436860
0.481524
2.795624
7.876088
-4.106674
-10.932565
-2.855136
1.014228
-4.263253
0.595192
0.913959
-16.351810
3.846959
-10.147625
5.771854
-10.176435
4.399347
-6.140657
0.043388
10.665470
-11.936339
-3.234383
7.996173
2.833924
6.002032
-0.604520
-4.935470
1.466544
1.337429
11.410501
-4.010763
-6.231695
12.491713
-4.237427
-3.585537
10.261690
-3.893475
-4.895692
-2.452755
5.388672
-7.373222
0.049969
-1.922628
-13.132292
-4.341652
1.918726
6.891549
-7.515620
-0.455565
-13.462067
0.228251
8.164710
-3.545901
-7.485197
-19.502914
1.492104
-7.042208
-4.622293
-4.815588
-11.719129
0.744945
-3.213735
-1.466531
-3.576435
8.574039
-2.925984
3.629362
6.441467
-6.658846
-3.855260
7.232087
17.754164
4.718681
-5.220607
-5.076031
-19.922565
-3.006957
8.408786
-2.030249
-0.337842
-0.870726
-2.015555
4.146106
-11.903393
-21.809473
-4.158378
-12.179869
-2.456713
-4.524277
-7.723849
-2.390405
-6.189007
2.337308
8.171474
3.711147
11.803915
9.460947
-20.210678
3.678312
-7.868479
3.276783
-8.491076
-0.580639
-2.735594
-11.373259
-5.462769
-1.722367
-33.514938
2.999381
1.789288
-14.823113
-15.220204
-3.465271
-8.718407
4.030938
1.595104
-8.446737
0.939084
-10.172782
-6.318655
1.858703
1.746732
-1.505038
13.135482
3.978431
-3.137645
-4.138396
-2.105885
7.246226
-11.856048
-5.647357
7.493482
1.651299
0.408638
-4.621376
-12.651435
-0.765557
-0.351027
-13.296272
-18.372843
0.258837
12.520672
8.196796
7.961737
10.729007
6.997028
10.332972
5.630781
-16.754145
2.234150
17.669935
1.402590
-2.495192
-6.674808
4.449736
-3.381903
-1.656842
0.375988
-0.715890
0.750640
-7.990413
-7.795824
-10.104243
3.847535
5.350262
11.280766
5.421812
-4.735120
0.762007
-1.194084
0.820537
-12.044648
-0.579057
9.020281
12.331249
5.482038
8.508902
4.154494
-3.857196
-4.113993
-3.857905
4.697201
-5.756338
0.294151
-10.860551
-10.537261
-11.001579
-16.890467
7.846566
4.772783
2.685833
-4.305047
-6.730461
-17.908411
6.836997
7.192135
2.164016
-1.085647
4.427378
12.908786
10.881124
6.060424
2.234569
0.455646
1.852132
-12.803737
-0.479348
6.220250
-11.793772
-2.280262
1.896511
3.138387
-15.626549
10.030402
11.966299
-12.864018
1.237438
9.729961
-7.280768
5.423208
7.795336
-9.895537
-4.744107
-3.932435
16.579756
-3.565504
1.408717
-1.337274
10.555877
6.158766
5.251024
-3.300247
-13.297803
2.693301
2.759593
-14.485744
2.348553
-3.732717
-6.719485
5.950084
7.538723
2.655348
-5.224064
-0.076912
7.836908
-6.885858
-15.632193
7.329138
-6.537750
9.720392
6.606097
5.558475
1.504870
-4.715732
2.489912
9.388649
2.104939
4.014650
-4.154307
0.674600
2.448240
-0.480196
11.455153
-6.546576
9.903350
7.681630
6.626712
-3.738609
-2.079668
-5.823595
2.412631
6.315424
6.576899
10.238862
3.178955
4.664287
-13.272483
6.901280
-5.982392
-0.649738
-0.377107
-6.888168
-14.062570
-4.126176
8.359295
3.253650
7.814311
4.633832
-4.946296
1.502919
-0.310548
-1.688721
-8.135615
3.588782
-1.050838
-4.107693
2.484859
-0.783648
-0.984564
15.853723
1.134983
-14.652086
-2.428739
0.401797
3.072957
-1.553802
4.521778
6.188183
-10.643242
-12.638160
-1.944622
0.094805
-14.575344
1.078896
-7.018325
-3.691782
11.691396
-1.520491
-1.100212
-7.822190
0.327828
-8.156514
1.544652
8.647700
13.091261
-6.605049
-2.929809
-9.543915
6.161758
-3.049897
-11.964312
8.303496
3.963387
-5.699470
-0.422928
-10.731587
0.437743
-3.512907
-6.592728
5.891314
-16.568495
-4.142109
-6.510336
6.859521
-2.018505
7.680890
-4.360961
0.541068
0.095107
-8.519368
-1.022890
-7.140731
-7.283244
-9.963896
-9.596332
2.342582
9.139209
-1.496957
7.494315
-5.467887
-6.247299
7.559974
1.799126
-15.376099
5.262455
6.863765
-11.476593
-9.402782
8.722971
1.911421
-5.375758
-4.592901
5.185102
-12.998527
-14.920214
-5.855574
-13.925264
3.153718
-2.162459
-1.046226
-9.060375
-4.036370
6.714028
3.314800
2.138003
-9.352327
-6.076134
3.989788
-3.702721
-13.108530
4.144876
3.784000
8.235551
7.828928
-13.255393
-16.332249
3.929667
-17.016174
8.002491
7.218244
2.310194
-5.589557
6.983747
-5.469067
5.814937
4.490604
-1.600225
-14.600689
-2.362398
4.033373
-12.511453
-2.280369
0.780648
-6.338266
3.765142
-8.962412
-5.753217
-13.777316
-5.423466
12.237081
8.003368
0.131770
2.764383
0.303243
-1.113401
7.305008
7.975307
-20.107395
-0.410969
-11.439318
-4.575997
-3.717910
9.489643
2.993433
5.360983
7.114276
-8.917239
-0.120079
3.342350
9.141504
-4.565213
-1.662218
-1.872487
-7.241546
4.483177
-7.325933
8.072316
4.520173
0.570178
-5.950568
-0.156745
0.522999
13.801623
0.203029
0.016033
11.820609
7.002096
-4.891729
-1.967486
2.640963
5.368420
1.481297
-1.556275
1.853875
2.189821
10.646773
-0.213211
-8.174403
-1.364374
-5.988006
-12.256097
0.886382
-3.004721
-5.746381
1.844219
8.667967
-0.476032
-17.647274
-2.016450
-3.725941
20.113253
-17.767368
5.321613
4.491562
7.900018
5.848676
5.124651
-3.138217
-10.559213
8.466564
-2.447491
-5.897609
4.149302
-0.491137
7.839724
4.780645
-2.719226
14.257681
2.545961
4.044895
8.842834
-15.679571
7.138310
9.067747
3.772619
-5.327231
-14.450959
0.500123
-2.350984
8.632821
2.781024
-16.855392
-3.608746
-0.293189
-5.068604
4.912621
-1.055676
-16.717466
3.879592
-5.499857
-1.008566
4.822491
1.942839
16.419498
2.895882
-10.171271
3.100259
-0.669998
-1.290269
-7.969650
1.465081
-1.163051
-11.808002
-9.541004
1.958730
15.764095
2.304941
8.636515
0.462385
11.551881
7.274721
15.202586
-8.245399
8.878953
20.696156
3.500465
6.840714
-0.019695
-13.736367
-7.909276
-2.803926
1.348637
9.698414
-0.103688
-4.382926
3.185281
6.702759
-14.622673
2.848912
-8.718189
3.518553
-9.533131
5.435894
-0.664225
-12.519510
15.801303
-5.305600
5.703180
-2.739248
-7.093066
-6.991945
4.146851
-0.277916
11.092015
1.068440
-2.034294
0.002051
-0.915508
4.543999
-7.925591
-1.045625
-7.915866
7.505711
10.056079
-0.773951
3.200906
1.764327
-9.864323
1.180227
5.831079
4.470354
-5.193704
1.953370
-3.493290
2.835835
10.685137
-9.636482
-4.974816
-9.972219
-14.516060
-2.787211
-1.438194
-8.670429
5.945632
-0.779770
4.208093
5.665221
5.630424
6.300848
6.197863
-4.123934
-7.178844
2.735246
0.146597
7.248485
-2.098681
-1.840310
-4.202617
6.695028
6.150647
-6.665030
1.260214
-2.613216
-7.527445
1.908784
-4.188218
5.428212
3.441998
6.888242
-9.094392
0.849144
8.955729
1.397645
-6.819048
-20.794704
-16.938595
-3.932129
6.963290
5.776280
-15.174608
-1.974850
15.777092
-8.958921
3.658802
5.821283
-12.940841
-1.997559
-2.687438
-2.546874
2.264081
-2.353218
-7.659799
-3.020331
-15.002379
0.024049
-0.071018
-12.731324
-5.823583
-0.114900
1.135483
12.596011
-1.409190
-26.657360
-7.907676
-1.424107
2.372014
2.149267
2.762045
-4.051621
-4.132704
1.727064
-10.434427
12.574909
7.380830
-4.025524
8.467435
3.507105
6.222968
7.845296
2.175670
-1.032856
-0.564075
8.083074
-9.036557
0.906602
0.992375
-11.603898
4.903118
-0.570098
-0.427389
-0.809772
7.394739
0.091440
0.651115
-2.590631
7.200246
-6.540856
20.484926
4.941339
-13.269031
-7.994979
3.266822
-4.200893
-4.953825
6.973084
9.396193
7.975164
6.737610
-1.026824
0.191160
-7.767859
-5.656012
4.361453
-6.345737
-8.906191
-1.165229
9.507625
14.079754
3.810556
-0.060831
-5.896375
-9.761434
-9.257567
3.589280
-8.760957
1.569458
-13.561929
5.256496
2.838242
4.825260
3.431538
3.216590
1.424736
15.806355
9.867834
-10.197598
-11.502475
5.868335
9.826065
-5.382649
-11.242860
-2.851094
-4.532599
9.025370
-3.114321
-2.406693
0.648006
-13.435019
3.559216
-6.717027
5.445779
-1.791938
-4.423710
-2.516587
-1.218895
-7.321747
-9.621187
-9.991613
1.125234
10.013375
-4.969305
1.895770
7.535635
2.678078
-9.348768
6.545108
9.729495
5.432759
-9.269392
5.629398
1.930908
7.635428
8.464939
8.091968
-8.172153
7.231260
4.203351
1.740215
4.875319
14.764519
9.007572
-17.028742
4.150452
9.805744
2.163577
2.757386
-0.192727
15.415570
11.273055
1.346460
9.250379
3.134572
1.171955
13.883202
-3.727416
5.606534
1.202338
-5.747343
11.751596
-4.263548
-2.170689
-17.859709
0.501365
-2.595306
-1.447730
-6.946604
-3.418604
0.689041
-4.847607
7.797281
10.383825
-1.366827
2.822261
4.675323
0.761164
6.545704
10.893019
1.180253
-0.342092
8.429505
-4.791077
-6.842488
-2.335896
-3.083209
-4.969133
-10.557255
0.125870
-10.402084
1.755965
-2.166867
6.542265
-2.572128
9.794714
-22.877815
-6.043001
3.196373
-0.045592
-6.389968
9.567589
-0.761493
11.519406
8.793705
-12.399019
-22.946489
7.518959
0.604717
-0.418470
2.082238
-7.856226
-0.134570
-5.771594
4.046093
-8.401174
-0.219183
18.837347
-3.191356
0.676314
7.097290
-7.298236
-1.234653
-4.622737
-10.926676
-2.533941
2.075127
12.387918
2.449548
0.149383
-0.959997
2.183174
-4.228669
2.066324
-0.235650
-13.117507
-0.389173
-6.813643
-14.658234
5.572396
2.118608
8.541481
-0.140427
-8.200757
6.584261
1.947720
-7.489656
-8.303018
-18.040047
-7.533123
3.174375
8.607421
6.505457
1.308198
4.442008
-5.709268
1.606103
6.691343
-8.100281
-5.810980
6.283220
7.325101
7.982132
5.176672
-10.055130
1.691067
-3.664695
-4.661257
5.576299
11.028616
14.925692
7.190095
5.213432
1.444519
6.003853
-4.301573
-9.584275
2.559244
-6.355238
0.759855
-3.084876
-19.525434
8.384915
8.345444
10.987958
14.606494
6.892781
-1.588593
-7.705134
5.770033
-3.291668
2.074349
3.505780
9.966558
4.068312
7.728443
-8.343512
0.985665
9.806110
-6.033062
1.004934
11.153591
5.631485
-6.550404
-11.678905
-13.078646
10.630952
2.280892
-11.087942
0.458711
5.854838
-0.464132
5.160346
5.138747
0.065851
-0.456450
7.816231
-18.770609
6.737570
-10.114436
0.541848
0.259534
-4.232203
-3.706484
2.234175
2.172276
10.842191
4.173308
-3.527442
8.024634
1.106855
-10.084595
0.020921
6.203178
-6.666386
-2.268422
-8.727527
-5.737206
-5.965259
-7.945146
8.840747
-7.341098
-5.379666
8.662076
-6.033563
-4.424823
-8.841921
-1.358992
7.463997
4.226248
1.144413
-1.872188
-4.070093
-2.245716
-10.398335
13.404188
10.448305
-5.688745
-5.022600
8.457654
4.129387
-2.838065
9.589767
-11.910326
3.349108
9.200081
6.536508
9.544396
2.560011
-14.252033
-4.292193
9.200168
-9.249289
-0.453643
-1.033854
-10.666304
3.391793
8.594238
5.366639
-2.515886
-8.033078
-7.660840
-8.778776
-1.346305
-4.932454
-3.899239
-9.340816
-7.382513
0.422528
1.509541
-1.981257
1.012842
-6.850107
4.741851
-2.978876
2.065133
11.770767
5.461693
-15.355618
3.664400
-18.042999
-0.221614
4.221993
4.418639
-0.474534
-1.021655
-9.575479
5.041335
9.289127
11.959167
-6.980375
4.447312
-5.259146
11.232676
6.643259
2.761053
8.309303
1.857979
7.979543
4.977396
2.087666
-4.359228
3.797364
-6.901949
-1.738402
10.724679
-4.130078
-5.781324
-0.293241
-5.659700
7.031291
7.414606
13.507771
8.407368
0.450279
2.962998
-1.677945
6.314546
4.765283
4.125303
-12.415669
-3.972601
-2.550622
1.756944
1.479613
-9.277874
0.420361
-3.502321
8.315658
-0.781729
7.652412
4.352465
-0.503228
10.514042
15.151060
3.771538
-6.525902
-9.239444
-1.516492
10.509285
3.181411
0.088076
11.534837
4.256224
18.702337
-5.177866
6.918080
2.169801
-5.909319
-6.963212
-2.793400
10.168514
7.575687
12.316274
6.631687
5.434575
4.655500
-7.641666
3.916241
8.215353
6.907082
1.253547
-1.292547
-6.404117
2.466840
6.568519
1.240641
-6.449526
10.726150
-7.382627
1.182339
-8.323522
-1.132719
6.998015
15.907598
8.495276
4.601093
-12.356702
0.448054
5.306020
12.001709
0.338144
1.467489
7.262894
2.153773
-3.299397
3.857566
-11.666224
-2.302436
0.086220
15.213035
5.482172
9.521710
2.303341
7.570059
-10.367864
6.866301
12.850505
11.278111
6.006748
-8.055198
-7.980058
-1.607607
-9.082540
-2.238300
7.665686
3.346921
5.438704
6.926861
-8.784816
5.090470
1.337225
-8.015369
-5.445878
2.704280
-1.700365
-2.695144
6.517918
-2.317704
4.109069
13.765481
-14.568212
5.080147
2.797858
-18.494534
3.462652
-12.395659
20.053019
-6.330367
-1.082998
11.225110
-12.180308
-9.433045
1.185973
0.610897
-0.852809
-2.965102
12.626469
-2.960893
-4.189106
12.707988
-13.496250
-2.775488
9.158412
-5.623386
-5.438573
-3.620754
-11.308673
-3.676402
-0.733618
2.276541
-11.382213
6.928314
-10.312188
-4.697430
5.234154
-0.165272
5.731987
6.387378
-8.048319
-15.661956
7.620996
8.731488
8.078284
-8.010425
-4.419989
-5.752177
-10.350669
-8.526188
6.563363
2.510670
8.240851
5.010247
-4.455260
-3.790718
-9.217528
-8.108261
-14.818566
13.059031
3.038867
1.761641
-17.105854
4.750957
8.717312
0.648077
-5.023164
3.694442
11.575795
-0.703492
15.050798
-9.371504
-3.483865
6.284690
8.186977
2.347458
5.622400
-9.739072
-5.864557
8.850484
-14.054900
3.169235
5.448646
1.957233
5.945471
-12.780179
-10.127528
-3.301106
8.732398
-6.190470
1.158594
1.270788
-9.993834
-4.038704
4.096869
-1.664314
-0.645892
20.598394
0.875209
-11.026312
5.925727
-11.229756
1.701596
0.002165
3.888428
9.373007
-0.973545
-0.958335
3.410044
0.629611
-2.230588
6.649860
0.077377
-5.496325
-12.966240
11.341899
-0.016023
11.288161
1.346947
1.373145
0.189069
2.353460
-2.464470
7.959715
3.821927
1.153102
7.659570
4.395843
5.061610
-4.474108
-8.527646
-1.428388
-2.585335
7.232806
-2.964088
-6.979413
-3.139167
-5.658799
4.576269
6.864920
-8.093748
-4.609063
7.250695
1.040403
-0.074971
-1.188914
0.078759
-1.487561
-9.185208
-8.084333
3.964284
-4.336513
6.515007
8.432851
-0.205803
10.580654
1.419370
5.034315
6.306973
-6.269481
-1.162053
-8.020208
3.195846
-29.008503
-2.325206
3.821707
0.067364
-7.296983
-0.220442
-12.807104
-8.176408
2.409929
-3.519809
-17.879295
-1.111592
6.025008
-0.479514
-5.051572
3.346255
-14.307374
6.412960
1.166457
-1.482959
-0.726435
-11.248817
5.327339
-0.818322
-2.323734
-13.323946
-1.117117
3.133816
-11.466888
-0.525744
7.268492
0.657307
5.938202
-1.328783
3.621328
0.100537
0.145086
18.555557
2.205981
-0.581309
5.052345
-0.628777
-5.308198
7.443862
0.360365
3.500472
6.739660
7.011799
-25.241436
-2.786122
-7.659602
-8.978739
-8.211179
6.456052
-4.614994
3.099644
3.582523
-0.456256
11.606266
3.154781
0.893431
1.979017
10.124329
-17.007540
3.151378
-1.637903
9.216721
4.286578
-2.310290
-6.469071
-7.717382
-5.583078
-5.808522
-0.761348
5.594783
5.357135
9.867630
-2.013936
4.253845
-10.542695
-5.104049
-2.787352
6.676056
-2.132503
-9.312759
-7.346236
-7.904054
1.524424
12.655876
-9.916495
-1.776140
-4.454191
-0.540109
1.712693
5.479816
2.918565
-1.459403
-6.300929
-6.458281
-0.396793
-0.908177
0.109736
15.123400
-4.963024
-5.273660
-5.849315
3.139750
-2.615096
-6.392203
-11.340426
-8.030051
2.902286
-15.689909
2.953221
-15.819431
-1.105912
-0.505500
-5.268428
-10.382243
7.504243
-7.599689
-4.563561
11.230971
-10.980638
7.219309
-12.669757
-8.173805
7.704844
-16.662689
-2.065242
6.870465
5.925621
-13.037570
-1.226705
-12.337262
7.429174
4.708862
8.920517
-9.772361
-3.335073
2.893110
12.643229
4.194394
-7.887614
-14.579248
3.607647
8.741838
10.055242
2.192393
5.176214
15.503969
0.698138
-8.401023
-14.460741
1.334117
-2.686183
2.453104
-6.756271
-0.205101
-0.529191
5.479504
4.891017
-5.557673
13.885752
8.443843
7.033745
-10.833843
-4.407537
14.326071
-0.861701
0.937663
6.107674
2.941479
-0.044588
6.549576
8.805608
-5.111123
-4.578047
-11.623899
-4.013014
-0.090350
3.486875
9.970214
8.908951
1.899217
-2.481794
6.349714
-13.812745
9.808441
-6.939845
12.553985
-13.027400
-13.589759
-7.546598
-1.785576
6.409827
4.010307
-3.976810
11.830924
-2.960089
-7.973436
0.824513
11.580478
2.667011
-11.341328
6.735733
2.298127
-3.795989
4.028908
1.207608
-19.208096
8.621202
-4.103989
-7.491740
0.445618
3.993294
5.363418
-0.625048
-1.912083
-13.544544
0.665366
1.967696
7.559806
-11.004214
7.472910
1.952860
1.493618
8.467655
8.778934
16.202629
6.237239
6.108530
4.882276
1.643956
-4.892152
-4.185844
-5.103623
-12.860513
-5.422881
0.048568
-16.041315
7.812232
-11.023895
6.507484
-11.027161
-5.164742
14.537648
1.982313
-6.254623
7.211341
9.761602
-14.461526
9.471033
-9.494030
1.406825
-7.910677
-9.955459
9.995822
9.712870
-3.997452
-0.867095
-0.052544
1.570750
0.095636
-13.015762
3.677162
-3.458269
6.687860
1.287906
2.052183
-2.629276
-3.614951
-8.169804
1.407359
-2.931849
2.751162
7.327147
8.887150
2.711529
2.420255
4.532034
-6.066277
1.452224
-8.872587
1.249908
-2.310269
-1.632395
5.365786
-3.844163
5.262989
-6.320586
-9.046040
0.770975
14.328727
-17.685408
-8.291428
-4.581274
-8.364170
10.315090
-4.934387
-6.670365
1.966531
3.474782
-7.672429
-7.298368
6.040354
-3.795193
3.081941
4.577820
1.679877
-8.079323
-0.578098
2.167726
2.474890
-11.789954
-10.720309
6.067329
3.628153
20.914968
-15.402505
-0.145549
3.527936
-1.161107
-2.922641
-11.989134
-3.376291
5.230577
2.938502
6.751009
-5.072697
-17.518951
-7.900845
-7.412941
-3.025666
1.411096
5.112075
4.967001
7.855381
-1.629883
-0.632543
1.329692
-15.746361
3.829378
-1.347117
-4.729351
1.187182
5.830066
-7.502841
-5.211233
4.355995
4.228765
-3.644021
0.282161
-1.468761
11.671687
3.128448
-8.433743
12.287096
9.047382
1.932529
10.479908
6.878481
-11.930770
-4.554539
-2.946139
-3.164814
4.910186
6.867714
7.562943
-6.245543
-8.180964
-21.423111
-0.800310
4.705939
-12.862131
6.455810
-13.032607
-12.388773
6.952488
-8.222193
-8.326728
7.281967
15.590754
2.039964
-8.294819
-2.264191
-5.973105
-0.390776
4.280524
7.762272
-0.776603
6.212781
-10.233273
7.582638
-3.317187
-6.399986
5.344300
4.845613
8.712793
1.046707
11.850934
1.058378
0.070368
3.689808
-1.857602
-6.977099
-10.105067
2.484512
-11.897152
2.672390
-6.797552
-13.628121
-6.732129
5.549052
-0.518176
10.738615
5.857963
4.885402
-0.497578
-3.079391
8.947111
-19.796999
3.157020
-0.777117
-9.318438
-7.488059
-1.347827
5.718723
6.246521
8.755470
2.799767
-0.951190
4.997491
-0.450287
3.000412
5.561833
-9.829465
1.262145
-0.336348
2.171568
10.472768
12.058106
-5.672667
-2.890961
-5.966194
-1.353573
11.667804
-13.310058
-14.110639
-4.706776
8.681010
-1.695497
-13.169655
-6.031586
11.163157
-6.658396
0.881952
6.763562
-10.144254
-1.261662
-8.240610
0.624479
-5.674176
7.327720
-0.103241
-0.593801
-19.842617
5.752421
8.799497
-3.363414
-9.085273
-9.234679
2.730630
-11.249229
3.882027
14.128775
6.204217
-1.907398
1.418071
7.817321
-0.890013
0.117860
7.990397
-8.616736
-4.108799
-4.962762
13.646788
0.883759
6.264447
-5.815847
-7.618422
1.432271
4.829926
10.167263
-5.413196
-1.529791
-24.722023
-0.673361
2.836367
-12.882769
0.351798
4.391282
6.753734
2.502782
-9.758376
0.685163
6.321342
-3.012067
5.875655
-3.479208
2.237105
7.801476
-2.317930
-4.901674
-1.810398
4.870862
12.031520
-6.857186
-17.705235
8.570913
3.636049
-2.099274
9.988531
3.442031
11.607519
-6.715909
-7.668109
-13.081658
-20.758917
12.076484
-17.334803
3.407671
4.219757
-13.255467
8.257606
-13.638174
9.827662
-13.232726
-7.321253
9.374792
-2.273975
5.779902
5.216727
2.725786
-5.275002
2.374911
-4.373450
11.325855
5.758297
-5.398317
-13.622305
7.342062
3.040883
-9.092364
-7.551265
-5.182000
-2.033440
5.990861
2.916530
6.181394
9.114987
1.425406
-22.776560
-3.932262
4.043369
-1.769268
-8.853997
4.141133
-0.626402
-13.269530
4.801539
-10.863680
2.695896
-13.761017
8.270935
-7.395300
-9.753365
-7.097562
3.565708
9.430285
-8.890316
0.482143
-16.124952
-0.958556
8.587213
-2.263787
-13.969511
9.777493
-8.467418
0.535038
-6.213677
-7.374364
-13.874184
2.135780
18.511965
3.538923
13.932426
-11.481085
2.602379
-0.732597
-0.681623
-8.484013
0.850194
-5.201868
-3.812057
4.008626
1.492868
-12.124160
8.230557
2.973715
-9.166074
18.176420
-4.570500
10.617923
7.350201
0.146792
9.593696
9.246094
-2.587704
3.461496
-7.289297
-16.636311
5.910894
9.732579
-3.397405
0.830147
-13.271419
2.410473
4.233385
-0.386697
11.310675
-2.166507
12.038358
-7.107395
-1.752025
-4.885996
3.914617
0.956327
-1.259022
-3.353593
-6.789217
-6.537623
3.513861
-3.672522
-8.517398
14.487895
3.133499
-9.335543
7.206715
-0.013763
6.855775
8.234317
2.046912
9.953276
-4.273884
0.948942
-2.668454
4.556605
12.614495
-3.258721
-8.443246
-10.536177
9.136146
1.493099
-5.551556
-20.889000
7.069344
-1.556654
2.439625
0.058885
4.314917
13.448018
-4.926512
-1.870305
1.501610
8.615742
11.153643
-7.679390
-13.137005
9.501309
8.267731
-0.916324
3.467234
9.606915
-1.829070
-7.192943
-0.831950
2.784675
-7.781497
-0.035828
-16.165182
-14.521342
10.193258
3.215101
-8.092718
3.636079
1.580252
-3.527253
-13.401031
3.673176
1.012526
-0.562001
3.007685
3.948765
-14.229192
0.697686
5.845078
-4.793924
-14.049067
0.172452
5.282633
-7.897151
10.715251
-4.536875
-1.556426
0.119390
6.206425
-4.385783
2.623542
-3.961769
-13.231280
-0.328480
-8.746922
6.201819
8.591261
-8.343334
-10.047869
5.032462
-2.062057
-10.964786
-8.780419
-27.726942
1.515363
1.497188
7.246243
2.949581
-1.470360
7.205719
-5.587653
7.617401
4.709829
8.069968
2.574465
-1.122633
-7.656580
-7.001069
5.422122
-7.975480
9.766622
6.511269
0.585318
-5.648691
-17.748541
6.731417
-5.359883
-3.203271
2.940871
-6.243689
-14.368872
2.718220
2.670298
5.875677
6.151845
12.289771
1.816293
8.595285
16.239393
2.650287
-20.414850
2.484168
-6.504725
-4.418520
-13.694568
4.078563
12.443988
-4.279326
-6.300291
3.629930
-14.560641
0.384990
-10.266948
-4.877179
-4.809942
4.588735
9.080802
-3.750882
-22.602798
-0.150728
10.744444
-10.714085
2.675977
-8.202024
0.151368
-8.372216
6.737259
-7.032981
-3.720934
7.023574
-3.194073
19.363354
8.177902
9.870790
6.780632
9.159095
-1.631455
7.991101
12.475788
1.088852
6.266034
-4.580905
-7.998065
1.010583
5.192502
-3.343488
4.688543
7.093942
-14.998011
9.325185
15.871445
-8.212878
-6.217877
-7.235040
-8.932907
3.109736
-9.856358
-10.061612
-6.841228
-14.527946
6.632513
-11.268740
7.804490
-1.317838
-9.177661
-5.412016
-1.763705
-3.078453
8.142071
6.318937
-18.150640
1.783598
7.632086
6.434137
5.150356
-4.545969
3.235483
11.232614
-1.160743
8.505013
-6.030561
5.670999
4.530439
-3.474408
-8.555683
-8.484978
-10.010911
-2.374303
-8.426922
12.127913
-5.286168
-10.382511
2.199538
-1.956905
-2.024284
-15.814916
2.465347
-2.664097
3.229774
7.345725
8.096717
-12.700733
-19.934334
-9.921193
7.539161
-5.919893
6.744771
2.690571
-0.905069
-8.959772
-4.269628
1.529476
6.550351
6.357234
4.490084
-14.545706
-8.730245
4.484525
-2.976411
7.656950
9.841021
-1.086236
-17.335272
7.858026
-3.397013
-7.912354
-4.766361
-13.375051
-12.011414
-1.297923
-2.396717
2.398896
7.111821
5.848115
-13.075098
7.053878
8.464400
-2.918953
-4.635501
-9.670292
-11.465076
-4.711186
0.557436
-2.638369
-6.607670
7.640645
-18.619184
5.133038
10.916861
-12.431024
3.668837
3.969699
6.450887
14.246960
-10.807343
5.871907
-10.264060
6.127858
1.530007
-8.891858
0.036707
-5.928246
-13.117153
8.443037
-6.884408
12.626077
4.613766
4.253364
9.196807
7.552843
-10.986915
-0.897450
5.003567
8.006475
3.605632
6.622776
9.200420
5.488346
7.448908
-15.733068
-6.862089
1.474817
1.138281
-4.682674
-7.895007
-6.226369
-2.336042
3.901459
7.976875
0.111533
13.572126
3.568241
10.569858
3.092646
4.860023
2.184017
-4.294198
-5.582161
8.386101
11.470112
-1.125637
7.181022
5.906089
-4.704772
-7.434436
-7.506538
-7.953135
-0.910386
-10.366145
-0.579411
-5.403722
2.187000
5.826750
-0.488795
2.761938
-1.076825
-1.894236
-11.558158
4.201890
5.240297
10.180526
-0.023481
3.266083
-8.412770
6.351062
-2.045011
-3.352094
9.952671
-6.865284
-2.677970
13.045447
-2.974849
9.492750
-9.189962
-10.216856
-2.422052
-3.946876
8.042975
7.320436
-2.405256
6.479340
3.773315
2.786591
-16.872826
7.906710
10.072659
-7.624661
-2.439449
5.170325
1.770359
10.089949
3.638371
7.763112
-4.535575
-8.531002
-3.846066
-14.118634
-1.454664
-3.896619
1.792121
7.391634
3.668976
3.751091
8.831869
-1.847820
-1.888216
2.335721
6.300057
8.578202
2.939103
6.824002
-4.268272
-17.967775
7.576896
14.842722
0.661412
6.849467
10.156387
6.679781
3.377364
9.099009
-16.441843
-2.561050
8.030094
-14.954870
-2.991211
5.719401
-16.553358
-5.081576
-2.289651
7.176516
12.622992
2.474482
-6.056575
14.907394
-12.740436
-1.255444
4.096418
7.820581
7.446363
-1.669344
-5.737437
7.776446
2.435930
2.077476
6.179052
-3.065250
-7.320008
-3.134003
11.240701
0.062148
1.634133
3.921405
5.651932
-11.809561
5.178326
-8.145155
-11.588163
16.616360
10.961805
-4.377752
8.873394
-4.729938
-6.106794
2.286573
8.531395
11.208842
1.802039
3.257225
3.987382
-3.392533
8.977135
-11.385776
1.193000
5.905482
-7.330816
1.509891
-5.297969
-0.188810
1.000402
3.083195
-7.592469
2.417560
2.059253
0.946510
9.914670
2.373820
-14.035683
-6.100718
5.287875
4.350399
-14.999345
0.646001
-1.992304
-14.439142
-10.038301
1.384726
-8.982251
-8.343417
-9.291791
6.687449
0.455504
-1.579474
-5.424798
3.886430
-0.332997
3.375637
-3.065853
-7.045578
9.079173
-17.823387
-11.617256
8.060544
8.104448
3.671383
0.076968
-3.274595
-1.408531
-16.680168
-10.341774
-6.552958
4.948933
21.820803
-15.137057
-24.405807
-8.338508
-0.531511
-4.782541
-17.938501
2.368918
10.629301
6.588515
-0.085255
8.996391
-15.279943
-4.236567
4.684133
5.836105
-4.090739
-8.529624
1.789506
-6.616859
-4.201892
7.767846
1.581014
-17.727976
9.955383
-1.359359
0.605414
12.814912
-2.406786
5.525931
0.022615
5.071980
-2.860099
2.867610
7.147751
12.042623
2.114333
-2.211924
5.409256
-11.239768
7.784523
0.785273
9.629634
8.568889
0.708669
6.321316
-3.793496
2.462466
3.861332
5.725346
-23.523632
6.754181
15.631739
-2.877526
11.727981
2.732429
-5.146690
-2.385422
4.400977
-4.517715
18.716347
7.648420
-1.203410
10.462042
0.725776
-1.226074
-12.290792
4.798288
-0.050858
7.856611
-3.645732
6.960680
17.559576
-3.638437
6.138595
7.834273
-14.534872
-8.958673
-1.233503
4.217286
-1.334547
-4.693490
4.412533
1.387710
-11.465965
-1.389266
-5.506266
-8.986897
6.989408
-5.780982
6.059820
-12.973531
-4.739991
-2.512524
15.903188
5.940853
8.221931
5.995079
-0.486423
8.223045
-11.223196
0.367568
-2.745981
-8.442854
-20.533068
-0.185317
0.440347
-5.937738
-1.689726
3.375299
0.669328
0.330322
6.192149
6.828613
-0.034370
-1.166037
1.877856
-20.551167
12.533758
6.184410
-12.788823
2.548009
4.120237
6.979093
12.999206
6.063196
3.209998
-3.672554
14.832737
-13.658405
-16.559509
1.626731
6.200587
2.125542
-9.670733
-6.569577
6.413205
-3.880079
-3.189175
-4.295069
7.968045
-5.551428
2.969689
-9.514138
-0.303052
4.904377
6.660282
4.858209
-22.469496
4.041542
-7.590312
7.144052
-0.725755
-0.510095
14.267286
2.344885
3.020569
-2.421951
0.742680
-0.012030
7.925284
-4.726081
3.656364
-5.612541
-8.934836
6.385364
-8.542547
-12.797651
12.822710
-1.476681
12.865924
-7.539905
2.598179
5.964485
5.836725
3.549880
3.707328
7.252209
-5.493479
-1.756371
15.739162
-8.564676
-4.004818
12.152722
-11.915272
-0.779515
-0.643640
-3.185545
-5.490164
-5.837428
3.135897
2.508865
-7.002176
-11.330420
14.493939
3.335885
-6.453556
-2.884953
8.723091
0.982900
-5.123542
5.700693
3.476493
-2.630634
-11.815828
3.551471
-14.261833
-2.937087
-8.790341
3.023034
-10.325548
0.568232
9.836723
-1.171927
5.579065
2.197225
8.863951
-6.691414
4.725605
-12.147342
-7.354095
-2.297684
-12.011409
-1.897035
-2.571926
-1.235365
-4.496450
-1.941283
11.953987
-1.472697
0.812212
3.983205
-15.144480
2.769530
-6.253260
4.271504
-2.029198
-4.707704
3.178395
8.181481
-3.883857
-4.802298
-0.302193
6.802705
-11.434529
-13.343608
-4.814378
0.719731
-15.154649
0.593709
-10.697250
-14.421980
-13.342546
2.951377
-7.095425
-3.685676
1.084977
3.353020
10.556591
-1.414401
2.898864
9.081985
7.814952
-2.462744
-1.105478
0.583715
6.587664
1.897153
-1.756018
-4.013225
-6.266177
-1.963370
-0.809589
-6.505701
-20.246336
4.672783
-12.233228
0.671065
-8.562078
-3.832272
6.246551
0.851528
4.908076
-3.050705
-0.834032
-5.773063
8.271669
0.394427
6.131446
-3.905889
1.134052
-0.706587
5.286950
11.232072
-0.014462
4.098658
15.297560
-9.235306
-4.985539
-9.506585
-1.348175
-6.556792
-1.894665
5.534284
3.641466
5.398251
11.093168
-2.608929
-22.360369
2.200822
-0.914998
-4.032693
-8.950537
0.522106
-1.729548
2.742379
6.355061
-5.756793
2.175775
-2.164863
-15.878029
1.927303
9.809006
-9.456829
4.804407
-0.915759
1.135741
1.138823
-14.335664
-7.050680
2.688245
-1.257138
4.716985
-5.859337
10.555246
3.006153
-1.606329
3.626380
5.716507
1.694609
-17.615164
6.841750
8.959818
2.482149
1.797543
2.166428
-6.715278
4.941380
-5.220822
-15.113251
0.128252
1.637331
7.386278
-8.640302
-4.535199
9.738729
6.601168
7.557862
9.343496
7.381946
-19.434990
-2.160020
3.754360
-9.504751
-1.496493
-3.452231
-1.629016
-2.762319
-0.774745
9.259698
-9.279325
9.590296
-2.579086
-12.785963
-9.744001
-0.713824
9.183023
4.217299
9.911356
2.065459
-10.088962
6.757635
-1.922097
10.527353
-10.976877
-6.631296
5.932155
-0.266187
-4.825056
-1.187004
6.388104
-9.869723
14.293381
-9.665400
-10.284461
5.380444
-7.885660
-4.624140
10.764709
-10.210306
6.629096
-1.639834
0.582627
1.836509
-5.429247
3.830946
2.058929
-10.510362
3.863459
7.903578
-12.304354
-4.949347
1.990111
3.941340
-5.757020
0.905211
4.193627
4.676642
-9.481593
-6.845797
-3.042180
-11.918770
-6.498028
-3.395585
-14.727545
-5.389682
-5.299906
-5.470438
7.450591
-6.952165
5.853149
4.262389
-1.343137
2.935495
-16.528093
-4.050722
15.072248
-11.433915
4.871571
-6.332028
6.636398
-0.396684
5.493324
5.295443
12.313470
6.488477
-2.221066
-5.848035
-3.649357
9.937921
-6.887185
9.875833
7.104259
-2.328506
5.215729
10.230532
11.042602
-2.425441
-8.963814
3.768934
-3.150890
-3.090639
6.303892
3.987815
7.019710
-9.541994
-17.209616
-2.342344
-18.404463
-4.700523
0.189650
-0.332874
2.576669
-0.412345
-5.923100
-5.617391
-2.615346
-1.044343
8.839118
3.581860
-1.981583
5.960207
8.133983
6.144027
-3.132089
-1.062755
7.475756
11.900782
15.098404
8.078874
9.081662
-0.019252
1.914970
7.587223
1.693538
-8.011852
6.717652
9.790293
-18.029863
-6.819004
12.487267
-10.597647
-8.158678
0.630235
-2.253980
1.577536
12.884560
-0.693279
-1.159635
-0.974385
-1.211064
8.296358
14.671643
-14.940478
-4.615448
-5.947724
1.953071
-0.733734
-5.758285
8.284916
-11.364842
3.026877
2.524866
9.214686
5.123178
-0.645972
-1.219087
7.890635
1.996482
-4.483704
-12.444356
2.623238
1.767372
-0.965766
4.681086
-13.475065
-6.262609
-6.815369
7.733474
9.505264
4.148591
-8.221754
-8.232213
2.372265
4.183167
1.221502
6.493723
-4.790231
-2.514634
0.688106
7.680256
17.401613
10.128894
3.778006
-0.365173
5.768608
7.847358
-7.736591
7.859101
-0.267334
4.816206
5.844106
-10.594490
-2.953417
5.255629
-5.110338
11.135321
9.868224
-1.985033
5.616848
8.997820
-4.259142
-9.610846
-1.781630
-6.854737
4.431923
-12.018826
-10.503714
-13.441472
10.397422
2.888071
-2.832618
4.749002
-1.205807
0.139043
-5.018542
-7.951180
2.592994
-13.595863
-3.134263
9.242982
6.747724
4.808617
3.387445
-19.791485
-6.364989
-3.007083
6.116073
4.911760
2.962889
3.526740
7.486664
-5.167022
-17.647106
6.888025
3.698866
-3.495020
4.207004
1.452875
-1.305305
-5.923950
0.721785
1.343515
-7.059533
10.740838
6.656093
13.062460
0.983098
-7.389160
9.491127
2.735063
8.756908
1.080969
-9.033094
-5.317669
3.169461
-16.857740
0.100786
14.449698
-10.928709
-6.675529
1.247699
11.659049
4.546040
5.144547
-8.747979
-8.364432
7.192668
-5.605791
-11.518772
-4.365484
-8.079659
-6.512924
6.052179
-3.327408
-5.536537
-6.883278
6.615273
0.622088
7.448480
-3.251023
12.641857
9.395976
5.158611
-6.770458
3.844866
-0.786269
5.293015
-9.600639
4.711945
3.422991
8.013399
-3.233513
-9.559799
-7.513866
-6.697796
7.765277
-2.543911
7.961570
2.637428
-6.519117
-1.795853
4.543826
5.361517
1.517958
11.491884
0.046599
-2.774724
6.326751
10.355754
-18.960180
7.549416
-2.223156
4.019489
-3.012008
-2.242162
3.760411
4.114627
1.284405
1.612299
5.207436
3.830997
-20.172094
-11.632291
2.285184
5.983767
-1.587316
3.759933
12.396005
7.823100
-4.821248
-14.163648
-4.799531
0.561328
-2.337916
13.306789
8.087094
0.541382
7.483687
2.073158
-3.929263
-8.959568
-9.345679
8.778061
1.103385
6.545984
-3.994166
5.965470
1.504498
-2.632388
3.058048
6.541664
-7.492539
5.326617
-19.704453
-1.990618
7.999488
11.044150
7.997210
-3.091051
3.252534
7.352459
-2.887914
16.838812
2.869064
5.158563
-0.129058
0.131461
-2.988626
-5.877207
-3.998023
-8.156736
5.616430
-10.199866
15.416477
7.052391
-5.709949
-0.334283
-2.611453
3.950252
7.073014
4.538988
3.466136
5.567174
-11.696479
-5.743206
5.251762
-1.445216
-9.952694
-7.648820
-6.000242
-1.803463
8.215110
10.070765
-16.850027
-5.602237
7.300230
-0.706052
-17.868567
-8.313378
-2.419865
3.109434
3.065832
4.422069
-11.296329
7.334096
-4.874535
-7.776368
9.459927
2.133142
-9.034636
7.684428
-1.034421
3.566944
-2.890536
7.771469
-10.246207
-3.471455
-16.582424
-0.537065
-2.880719
-5.333696
4.954868
-2.711402
4.254919
-9.543413
9.361787
1.850115
8.540979
-0.587753
-1.138746
-6.242980
5.581914
-3.036120
5.327791
0.706995
6.209923
6.014142
-20.852171
-9.516411
7.696209
-2.181584
0.895651
1.844588
-2.140061
-3.674573
-4.892744
2.798368
-1.049066
9.225700
-8.997416
-6.775216
-11.558301
-1.980839
-7.354421
3.205273
7.290498
7.255942
-5.110186
2.263655
5.472560
-6.905834
-11.820226
-11.366811
5.852466
-4.403405
3.593273
5.702280
0.260533
4.737581
-15.331702
13.402409
17.877068
-4.219882
-11.514750
1.278639
2.773368
7.520430
2.798275
-0.112622
-0.640264
2.018454
0.896012
-0.677925
0.594206
-0.987241
-8.771067
-1.566885
-5.708208
-14.324362
-1.313183
-11.760831
-13.120942
2.184686
5.655174
10.866671
-1.041216
4.624239
-1.618266
4.049025
3.873231
5.145663
3.412690
9.561350
12.874785
0.765992
-11.533038
-6.334729
3.366706
-4.224167
5.693613
9.054446
9.927820
4.554033
-0.322131
-2.378681
-3.024359
9.794207
-3.933499
5.982502
1.489422
-17.480011
-10.021845
7.958513
0.867666
-0.789960
10.974112
-18.270786
3.320847
-2.196731
3.645739
4.717947
-4.501504
-8.429957
-1.343225
6.036777
-0.995641
-0.847813
-6.795743
-8.772026
-11.746101
-0.634389
2.337678
-7.069939
1.161517
-7.304219
-0.795984
-0.635942
-5.534455
4.854801
-0.178911
5.858882
4.473803
-9.701306
-2.331060
-7.656484
-0.322033
3.061085
-9.233858
15.922669
2.927261
6.257095
-12.828475
-10.615366
-12.793845
-9.748089
-12.307866
1.845499
-3.543657
-6.607316
3.926303
-3.143414
11.315070
0.567726
-7.719172
-6.568959
9.627812
3.574467
7.430860
-6.152925
-6.730721
-2.005351
6.202854
3.248744
-3.569090
-8.749837
9.426641
-2.849310
8.298908
0.732568
-8.324251
-14.125207
-22.947292
-12.247113
7.422932
2.176251
4.391036
-11.325779
3.301036
9.134521
-3.811968
-7.387441
-16.494455
4.021985
2.072560
-0.679368
1.598809
3.843091
2.989304
0.187172
-2.989730
2.077112
-7.761414
-6.142108
8.327215
0.204511
3.067788
-11.541881
2.250597
-13.804521
12.294034
0.571766
7.986365
-1.722473
3.982639
6.625733
-4.753896
4.472882
-4.650966
7.276268
-0.038757
5.538466
-1.105224
-5.640020
-0.847189
-2.165929
7.992634
5.695874
8.398858
9.689019
-8.072911
1.541409
-7.193406
-24.366817
-5.125547
-5.081934
-5.486858
-0.950549
-10.087368
-15.588211
17.277790
-13.636489
-6.435143
-8.780771
-4.399940
12.383877
-0.628950
-4.222428
7.101295
3.165184
0.886131
9.185050
2.912517
10.105113
11.132817
0.112866
-5.558885
-6.617405
-12.916154
5.227901
-5.592607
-3.109935
-1.170146
2.865913
-9.956959
-0.560267
-4.538943
1.894929
-4.671387
-0.329089
0.886793
6.684118
5.955850
9.299430
-15.061982
2.248244
5.652624
-3.587763
7.207783
-1.334677
-17.401964
0.112991
-0.061367
11.390827
-18.808716
-6.305263
10.882815
3.580356
2.339475
8.936217
-6.312069
-13.669206
-1.197688
-1.474359
-10.930651
2.941978
-2.385651
-0.445103
-4.604037
3.739602
-8.923496
4.157527
7.226866
1.236413
12.451210
-2.358583
5.010427
-15.173108
10.967444
-10.847865
0.787584
3.760403
-4.949505
1.599839
1.745247
0.218678
-11.324886
2.950418
10.869014
8.879966
-0.278971
-3.828667
-12.342098
-1.539727
8.100369
-16.078764
-11.911726
-4.382549
-1.616625
2.446339
-1.965516
-9.491367
9.271707
-0.067114
9.167158
2.672197
1.536459
-1.763754
-8.446229
0.318636
0.268459
-7.975716
7.076436
-3.290298
-0.210750
9.141310
7.579885
12.992054
-15.018188
-9.733674
-1.548818
6.886288
10.332870
-6.377087
-0.239873
-8.558013
-4.165950
-0.168230
-7.812828
2.209239
-21.103809
-9.056593
-3.877182
-0.587424
-0.319484
-3.326274
0.349562
8.954294
-16.425461
-2.236565
-2.386647
3.978277
6.942145
-0.619730
5.804783
-2.554345
2.887309
7.849269
5.857513
8.477118
-6.779610
7.065232
-7.600135
6.910922
1.605840
2.045150
-7.451923
-7.396534
-4.569683
-4.353894
12.054122
1.323626
-8.597949
-2.068869
-2.964343
-9.479959
-4.630320
5.386023
-3.521353
-12.171093
-2.369901
-9.553790
-14.326017
0.202429
2.241867
3.111379
3.469336
8.263054
-2.503199
12.366013
4.707675
1.117831
-7.996544
1.501410
13.038295
-2.145809
-2.610969
0.849497
-4.304224
-2.471309
-4.005257
-4.185649
-12.887080
2.652843
-11.937494
-9.245987
-7.308724
-7.557601
6.274925
-7.771079
-2.910264
-9.277586
-8.724640
-12.748144
7.255212
-1.467292
-14.077642
8.280806
4.791523
5.080873
-5.030218
-3.245201
-3.482305
9.738688
-14.839952
-1.269642
0.846621
4.312424
-10.480318
-3.180146
-8.921253
-2.878438
-0.020474
-7.349584
-18.286625
-6.309540
-3.959404
6.673628
-6.269273
5.429334
9.873750
0.658887
9.348851
6.551240
6.658164
-14.107692
1.733185
1.112759
6.049906
-5.809779
-4.752223
-1.218447
-9.652384
-8.648327
1.371668
25.689318
4.475227
-3.685443
5.933290
11.854815
2.600246
9.204155
0.875516
-10.921916
-6.194307
10.654970
-15.033294
-8.477714
-16.269831
1.354621
4.553997
6.138639
0.281816
-4.903193
-1.305853
-11.365737
5.011718
-3.475603
0.659118
0.591588
-10.118039
9.290744
-4.585054
-8.748882
6.575055
4.380112
5.972132
-0.308938
-3.683012
-0.007106
-3.983518
-2.737094
11.694609
4.937747
-5.498460
4.194918
-8.152786
-6.870685
9.124548
6.622361
-1.255631
6.690041
-0.897861
-5.083849
-6.626864
-0.085100
-8.618072
0.357362
-0.434882
8.879914
-8.458751
-4.961033
4.892541
-9.935348
6.077958
-1.155467
-12.968111
-4.709247
-8.403467
18.308470
-15.951945
-5.782167
7.016176
3.682902
0.054445
-0.239107
3.766740
7.452110
1.594509
1.932711
13.519668
7.983078
11.461565
-9.676885
-0.002865
-3.163751
-1.947181
-4.786516
7.656754
1.933085
-0.784146
-14.374682
8.711998
4.982287
3.476516
-1.147912
-11.987447
2.043567
3.116036
-1.739783
8.310430
-5.805457
-12.850075
0.312816
6.020953
-3.366270
9.858267
-7.438143
-7.122939
2.122437
1.966002
-1.339057
-9.746350
-0.755578
-21.948578
1.835361
-7.127347
-12.322766
-8.592220
-6.828287
-8.793143
4.252326
6.218608
-12.905196
6.534131
-2.677187
9.447591
-0.552516
1.216860
2.922531
-20.944809
1.795001
-8.954294
7.184537
6.918681
8.736931
-2.279846
-1.698220
4.205777
7.072728
7.958209
0.960884
9.186810
-1.035223
-11.417024
2.574499
-27.450480
-4.805535
6.719646
7.452399
-6.539831
4.337905
-2.555228
7.467367
0.197342
0.043651
2.786290
-9.354027
-8.656698
-14.126884
-12.727694
-2.939214
-6.468905
0.052965
8.364077
6.480388
-16.242737
4.322478
3.248089
-4.472750
-3.030618
-0.675428
10.350403
-4.028691
-3.405664
-1.570554
10.187453
5.154848
9.955476
-2.627503
-8.676650
7.496186
5.913032
-5.951721
4.764891
-5.861046
6.617435
3.221853
6.239752
1.695590
-3.002535
1.838610
-7.541504
-8.690279
-6.450323
11.169439
-7.353735
7.298388
-12.068465
5.271180
4.660939
-0.703160
4.192852
-1.978117
7.164678
-1.551728
4.479056
-7.866893
-4.705129
-2.820801
4.596869
-7.863775
0.293477
-9.705939
7.702984
-3.736700
2.239430
5.267741
-3.191926
0.009155
4.412320
-0.798352
15.289475
-14.726261
-9.159122
-12.706308
-2.932761
-5.744046
-7.033222
4.808782
14.319760
-10.148875
-4.165228
2.057605
-0.319576
10.305832
16.574110
-0.007234
2.880352
6.512137
-15.236485
1.575969
7.157026
7.374707
-3.541457
-15.409008
1.395943
5.454806
-7.494094
12.556675
-0.056425
-9.597252
-2.143914
1.081960
-4.323939
6.489837
0.709276
-0.231793
12.185884
-6.550239
11.965480
0.072270
-3.042281
11.511984
-1.183112
11.656134
2.466939
-5.434861
7.772036
-7.436038
-0.555585
2.593131
-18.487316
3.598951
-17.606136
4.897209
6.371813
-8.092836
0.636991
-6.192630
-2.079870
4.782393
14.627801
-13.064029
-2.157765
4.856134
-1.039283
-13.989858
7.726411
-2.008479
-3.560497
-5.010768
-1.359000
-10.629264
-10.755406
-1.821443
-2.252941
-7.400394
10.551011
7.195208
-7.977618
4.245411
2.557795
9.087283
-1.077042
-1.160752
-8.229486
4.668859
-5.003040
-8.959271
1.977316
-1.643049
8.571721
-2.859863
-2.718840
-19.189491
4.884631
-0.892763
1.075331
13.583347
-1.284559
3.138346
6.466467
9.163198
7.655156
-0.274103
10.219705
0.647747
7.770184
-13.165530
5.042450
-1.332904
-4.296132
-11.876487
11.053720
8.713452
0.083280
5.555711
-5.264324
-9.426497
7.224991
6.158535
-5.011292
-2.653078
4.572733
0.820698
-16.343309
4.097219
1.924737
2.418876
-3.605967
-12.035792
11.056238
-3.503649
2.734477
9.172841
2.446489
1.219332
-8.787295
-5.483235
-4.154382
5.281107
9.497624
2.037503
9.678868
-5.727472
-5.792187
-6.586917
-9.649376
6.347249
-25.473507
-6.741046
-5.258926
-9.620632
7.538638
-4.952321
-4.516099
-17.840183
7.251935
-9.520979
-6.381835
5.994552
1.258574
1.610698
-1.976894
4.576389
-4.122539
6.126588
-1.441452
5.531828
16.732571
-8.079430
-2.962058
-2.540902
8.770105
-0.625973
1.159660
-6.918924
7.442363
3.172896
-7.061127
-2.933003
-9.419385
-15.347704
0.741319
5.801802
12.598016
-6.908362
5.210553
-7.162275
-12.236551
-17.436487
-5.359450
-7.169859
-15.563967
-18.417717
5.365334
1.818531
-1.596084
-9.249031
-4.258279
1.694161
1.909650
-2.334450
-2.211409
4.354782
-15.383352
4.232638
-11.167495
-4.112488
0.104104
-13.136413
4.126689
-2.073969
-15.230720
3.937630
5.220130
-19.345564
-7.074372
3.375021
5.205519
-23.622908
-8.266648
6.985139
-3.891082
1.106080
1.732230
-2.758894
-7.936615
-1.839128
-1.842023
2.155153
-8.125462
-7.712311
4.454345
-3.165766
0.568377
-3.879699
-2.912039
5.651239
-5.939471
-13.771393
-3.418028
-7.283692
-3.862174
2.500069
-14.017813
-3.035788
-12.580538
0.882795
-3.677609
0.146405
-3.226577
-8.428394
1.456020
4.096101
-5.038844
-5.907684
5.456920
-6.138870
-4.658550
1.681982
2.346107
-0.346427
-2.129997
11.773664
-12.913934
-7.777631
7.671967
4.980339
2.835607
-2.292966
8.105560
-4.595127
9.106548
-10.641335
-5.043158
-0.586330
-3.122885
6.292112
-5.788687
3.444014
-4.570346
5.230302
2.897496
-18.021545
-2.905745
-13.095245
-4.231681
-2.555557
-1.813188
7.957731
0.859460
4.204558
-17.591763
2.773569
-5.217219
10.322513
3.412154
-8.943550
10.445762
13.115482
3.395738
-2.202013
-3.014849
-2.247226
-2.084219
6.014381
-5.906617
-2.008836
-10.867127
-6.472028
-14.750593
5.710881
-2.144402
-2.194136
1.972316
-7.834946
-2.823355
-4.756201
7.628366
-9.438675
16.961563
10.692750
-4.412090
0.675583
-3.246589
-4.580863
-10.268688
-0.434077
-17.114794
-7.764527
-3.576416
-1.261401
9.637810
7.126400
3.208272
6.044142
5.452144
-2.865234
-5.204881
-4.726254
-12.595702
7.484864
-6.907485
-9.416266
-5.794698
4.929738
-8.766934
-3.542417
1.203663
-12.617302
-2.478495
1.135706
4.317042
-2.042897
-3.288041
6.998055
4.213592
6.555124
-5.938811
-9.830277
11.900600
7.046847
4.982509
0.470591
10.585651
-4.457388
4.333404
0.853571
5.991182
2.324527
-5.497212
-0.412677
-5.953723
-10.846242
-14.192903
4.476949
-6.642973
5.820453
8.487151
8.232605
-7.464764
-6.295752
3.895038
-11.472796
-5.506643
-1.834737
6.951591
6.704770
6.752261
-0.642609
-11.290729
11.481105
-17.782476
-2.203389
-4.409804
-0.245487
9.339776
-0.638180
3.966553
3.233476
9.574412
-9.246723
-7.209190
4.362262
-3.892499
-2.261695
-4.333751
-0.396130
-2.434937
1.428780
-2.498861
7.981565
11.134774
-13.312884
9.408496
-1.423359
4.516406
-9.311049
-7.364658
8.015594
8.818144
11.204132
13.175976
-1.834160
-9.337489
0.939215
2.924252
13.503654
-1.033708
3.176349
-5.204850
7.192916
-0.345097
-2.169811
-11.559389
-2.675924
-19.028959
-5.130897
-13.310609
5.150423
-3.717026
8.783108
10.731863
7.092135
-4.635419
7.960073
-4.753294
-0.902704
-11.535406
4.184511
12.502280
9.132785
4.558166
-4.484430
6.818444
1.985646
1.089775
2.299407
-0.687236
0.579610
-2.560220
3.030301
13.340491
-3.063771
8.119586
-7.925530
-15.186788
3.710725
-5.735619
1.727973
-8.123648
2.134023
0.709289
2.978676
1.218360
7.776226
1.850388
-7.925935
-16.244644
-5.189876
-4.153376
-16.031712
-0.549318
1.225409
5.190754
5.986688
8.058285
-12.179979
9.436147
-9.253967
3.878247
-6.116612
-1.555390
-3.671464
4.637598
3.023602
-1.807324
2.879483
6.806088
-6.275406
-7.899704
9.636526
-3.912484
8.809357
14.275366
-6.082103
-4.893192
-8.931793
-10.011282
1.241894
8.352141
0.440595
-2.947615
3.849998
-9.166553
10.192662
-4.278914
5.800808
-4.375886
7.391390
-20.457363
-3.162726
10.029781
3.242356
-14.080173
7.444885
11.804325
-4.979636
-1.452161
4.381559
-3.377373
0.689862
-12.385722
-5.499652
-1.600719
-8.025748
0.453622
0.752208
9.834405
-10.688496
12.168101
-7.959710
-6.779442
2.554114
7.326823
-5.226117
1.092461
5.687055
-5.584270
-5.277953
-3.456499
10.986060
-7.756510
-5.470449
10.895811
-5.423769
0.957849
-6.559374
2.086398
-11.928124
-0.179213
6.663794
-17.164242
-3.476092
-14.317946
3.632010
-3.009979
7.095402
-4.220740
6.376149
0.501460
-9.226224
4.800721
-7.752827
1.547701
-13.742094
-11.970196
0.684230
14.428686
-6.820795
3.139771
-2.125130
8.332792
2.368574
-1.219612
-2.130218
5.698786
4.803132
-3.687630
2.693011
9.816986
-2.609293
7.744907
-7.322948
-15.849955
-4.601495
-12.059075
7.940721
1.883652
-6.308029
8.530419
4.960864
8.731256
-7.201779
4.064098
-14.825593
5.822906
3.726312
2.337558
8.405502
6.999915
5.324711
-8.550198
10.926440
0.115329
10.250008
-6.775739
-11.195807
-5.086839
-9.806975
8.514259
0.174235
-0.200695
-9.836329
4.341949
3.490973
-15.552398
-0.263643
-16.610069
0.464691
-1.494689
10.666598
3.315859
-2.403534
-1.731796
-0.972419
3.086003
5.130336
10.379313
-10.155543
5.064470
8.221642
10.582687
2.629622
7.847252
5.055174
-7.945740
-4.240564
-8.570045
8.504642
8.474737
10.352621
-7.601305
1.546840
9.764370
-6.422060
4.033676
10.750691
11.438630
4.570103
-12.051159
4.840542
12.192413
-13.705408
-3.487066
-10.232425
3.017994
-3.706043
4.539670
-10.894277
-1.995593
0.022888
11.284107
-1.091692
10.524548
-2.176617
7.033972
14.021299
-10.779460
-2.218737
6.912381
0.842648
-0.701789
2.187579
-3.854698
4.138423
8.163283
2.912817
3.900675
8.730312
6.517353
13.350404
13.066917
3.833602
-8.582395
10.627993
-14.578982
2.035413
0.231987
-4.711001
-2.313956
10.241523
-0.028773
-8.043761
22.312822
7.179817
0.047848
9.745447
-8.112517
0.881429
-7.044397
2.196859
15.004924
-7.389161
10.354034
10.463689
-1.530310
7.366695
-2.762686
-1.040725
-6.408718
2.977973
9.915736
-4.637846
5.241361
4.199950
6.313007
-2.379572
4.157490
1.541827
-3.568632
-10.320057
-7.280660
-21.080219
-2.124062
0.663768
0.629933
0.771424
-1.872900
5.377400
11.203643
2.436955
-8.828416
-18.697409
-9.365879
-1.613008
7.614541
9.152267
-2.644776
1.325303
-2.337707
-2.585146
-3.322297
-0.242512
-15.339078
-1.668335
14.532624
6.666864
-11.521042
10.553629
1.266131
-6.404836
3.370257
-2.341887
3.238070
-1.540846
13.706322
-4.062089
-8.577136
7.723317
-11.325950
-6.082719
-5.059396
-4.356131
-0.067859
-4.119944
-14.785280
-3.520681
2.936936
5.751066
-13.304520
-0.715477
7.631905
-7.646102
0.145061
11.473695
9.268831
-0.505009
-7.606147
-1.480926
4.595616
-0.753150
6.209336
-15.368626
11.632440
-3.903624
-3.756355
6.930806
-10.118130
0.693669
8.379193
-5.182669
7.411300
-0.751603
11.399423
3.313293
-11.460424
18.009079
-14.189061
2.413388
12.813709
-8.267778
-0.104628
-3.659468
8.798754
6.462938
1.490845
10.267914
-12.712205
14.528471
11.695153
-2.002269
-11.505214
4.987074
6.857438
-2.921856
-1.888119
-0.360618
-0.785575
11.628265
-1.156626
-4.612120
-12.692924
-2.276865
-10.004011
-6.069182
4.799795
1.761196
-11.450965
4.826585
5.986034
5.534081
4.091396
-2.102730
-15.299073
-10.040820
0.934633
-2.036217
-1.658051
10.013401
12.594562
7.574304
5.789387
-5.793311
-4.896494
-7.308649
8.421102
-1.682015
4.110334
5.647908
-3.212975
-12.323524
7.693342
1.287585
-1.772258
-6.265001
9.578419
-1.363103
-8.576054
-2.634432
-9.179900
-12.801027
-18.128929
-3.874098
7.555796
10.747613
5.672263
-8.357408
-4.113410
-5.484137
3.124417
-0.102111
-17.894207
3.578903
-1.834937
-2.750473
-6.655979
4.155030
-8.098672
7.773583
8.955432
1.479161
-13.692722
3.163492
4.028045
-0.402238
11.615659
-9.837368
-19.144175
-3.738124
-4.711642
-4.162083
-14.019312
7.548745
-2.886258
-0.905894
0.512824
-5.565441
-6.733233
-0.205080
6.182160
3.173100
-6.033783
7.267708
9.023665
4.610557
-15.167836
0.195002
-4.171110
-4.984228
3.059760
-9.923141
6.622257
-4.512239
-5.592161
-17.540833
3.231319
2.047062
-3.918401
9.247533
13.824802
7.953230
-2.289918
8.902676
-0.498872
-4.678383
8.512518
5.399336
-7.140944
6.651014
6.658347
-3.372288
3.371592
8.849476
4.527313
2.096109
-8.926467
6.980329
-9.957966
-22.178148
11.734674
12.320989
-9.206195
4.171259
-2.449649
-0.205278
5.968697
-15.611975
6.093771
1.410690
-2.432484
-1.188816
-2.765000
-6.124005
-2.459885
1.655707
4.370872
7.343637
0.744735
2.488975
-0.149152
-2.422870
-2.335484
3.201711
-7.518425
9.194890
2.952193
-5.351556
-10.134708
4.315455
-4.876674
6.129021
-2.874100
-10.290257
10.646306
-9.476838
6.929453
-7.268207
-0.575076
8.477432
-17.738697
2.099357
-5.004288
-2.055634
-4.442105
-3.877493
-15.934490
1.748001
8.579057
5.769930
0.410752
-2.793812
14.275474
13.169130
-1.869005
6.161409
0.804507
-7.093645
-0.028608
1.608876
0.111163
4.631654
-0.168938
-3.810491
-7.754149
1.058245
15.313848
2.036767
11.459558
-14.622772
6.086987
-7.412182
8.095141
4.991390
12.485583
3.454659
14.676393
4.744423
-4.486585
-1.964143
-1.190438
9.000415
-16.133163
11.472863
-1.218968
-3.931531
-2.416218
-5.914885
-9.652331
-1.908563
-0.210454
-7.717711
-14.675327
8.733313
-6.179727
1.311586
9.702408
-4.500451
-2.911487
5.022065
-7.524962
7.468394
-8.515821
9.227654
9.761312
-1.404322
6.740914
-7.502023
4.284783
-6.240847
0.749061
4.971480
-8.418604
12.447105
9.581979
1.053243
-1.158651
-2.014720
6.398113
-7.664262
9.365788
-5.425962
-1.506388
2.090756
-0.579356
-0.767439
1.393563
6.826866
6.034461
-3.213605
8.288432
2.415576
8.761562
-12.532610
0.232445
10.441810
-12.705829
8.399238
-9.273503
3.157364
2.892455
4.086870
-5.606732
-10.085768
-7.644889
0.435059
-10.033498
-2.225408
-1.031978
-10.803394
-6.612070
10.411837
-1.389926
2.520081
7.698157
1.424922
4.850675
0.057627
10.242827
-2.264029
-8.778345
4.838047
-0.932790
9.632666
4.972154
-1.759038
-8.181436
-6.406318
-10.964538
-4.631266
-5.233720
9.919198
-2.380065
-0.974607
14.184772
5.536383
-0.942210
-4.380903
2.670023
-13.553452
-12.160342
1.639299
1.707154
-7.712566
-3.789089
-0.966937
-2.244565
-3.144744
3.084123
-11.350432
11.989174
3.301478
0.456669
-3.308228
-13.677193
-5.760709
-8.896669
11.631000
3.324382
-8.461652
7.537782
2.002404
-13.204462
11.243892
1.167047
-10.393584
-0.871072
3.517278
2.513145
10.606319
-15.483858
3.781987
2.748403
4.095730
-9.176830
2.851750
8.843935
5.848598
2.638412
-3.306435
-13.882296
9.211616
5.961020
9.206727
-10.756952
8.526878
6.623217
-4.815796
6.450133
6.146866
12.225245
-9.033591
6.007234
-0.206019
-2.520933
-10.361899
-4.786817
-5.953284
-9.117007
5.586736
10.975943
-3.204466
-0.146329
-7.855823
10.595716
-4.913869
9.633180
4.261737
-2.738359
-15.135830
6.807318
-1.896138
-14.061764
0.312561
-3.012024
-12.309364
-12.464979
9.832433
15.144014
7.411921
5.040917
9.612377
-8.253291
-3.009925
-0.580615
8.676541
22.220310
10.360299
-14.922052
5.939950
3.545039
8.044077
-8.624459
1.313504
-6.179840
4.754735
7.404022
10.333538
-2.103383
7.471439
-11.838058
-7.818902
-6.997307
-1.431386
-15.459865
-1.352386
-17.401924
-3.339121
4.269058
2.236680
-2.668259
-8.374559
-6.211165
11.257541
2.056267
3.284884
17.523180
6.199652
7.709295
15.135254
3.888246
6.109134
3.526644
12.536172
6.154133
16.528784
-1.244331
2.298757
-3.086637
2.304108
-5.448000
1.116057
-0.162774
3.155128
3.771041
-2.090829
-14.889868
2.954206
3.053345
-9.693524
7.890266
1.414571
-6.417352
-1.916572
5.008446
-9.570969
0.779829
17.862305
-7.928237
9.501994
15.818180
-11.968052
-6.113494
-0.734189
5.803410
6.329883
-24.108955
-5.398230
7.565270
-5.277753
-0.562993
-0.463053
-11.945980
-6.550198
-8.129145
2.245145
-4.220979
5.585208
8.543133
0.867402
-29.064468
-0.894507
-0.672496
-6.745021
-9.359195
-2.997029
-7.810593
-8.310966
-4.452795
-16.195518
3.208900
-3.518420
1.403517
6.223865
5.163240
-5.481963
18.087023
-15.122533
-3.952245
-8.991585
9.485739
-0.645921
-5.112433
10.240992
-2.385728
-1.340339
-1.546200
-0.162828
-5.259296
-6.481252
3.999313
-2.737500
16.235907
-10.439081
6.532079
0.013470
8.504900
1.574381
-0.336278
-2.414283
14.424706
3.710257
-2.876925
-2.732020
0.709853
3.225606
-5.307485
5.588495
1.675727
2.429521
-6.264356
7.070983
14.916278
-6.035247
4.630048
6.077747
-20.618511
-7.082733
-17.599796
-7.543998
-3.227291
4.835312
-1.560811
2.278805
-15.376026
-3.650890
5.349428
-2.258172
3.056289
-3.717577
-4.263735
-11.910362
-7.007945
-34.955704
5.562421
-1.534084
-5.418699
0.571753
0.171709
-4.942015
-6.457816
-8.261499
4.808685
-0.745615
6.350151
-6.078678
3.004384
-4.866881
7.843456
-2.002597
1.076032
10.479351
-7.863654
2.000207
-0.565257
-0.264363
-7.717092
-9.782735
-5.339941
4.413271
6.278063
-1.625879
-6.043647
-4.171782
9.284217
-14.755598
0.577855
3.955042
-8.333083
6.756779
-11.168562
6.464791
5.975060
10.647476
-0.668633
5.102739
11.194058
10.623636
-4.447914
6.355951
-6.959472
-7.507993
8.644908
-3.550888
-2.566799
-7.623783
6.233027
1.417064
-7.802480
2.845973
-4.950375
-13.901244
-6.499259
-9.070552
0.241225
-7.753238
1.871720
-10.057369
3.658911
2.771268
2.975630
15.718513
-2.060632
8.428529
4.640020
4.859655
-1.282380
7.149755
-12.243334
9.226385
-2.117051
-8.826434
0.550966
2.206605
2.826624
-8.431720
3.973740
1.849627
-7.890531
-5.232556
4.717867
-5.326647
-9.840227
2.905093
8.873440
0.420934
3.114456
7.363174
-0.733458
-3.746413
-10.470196
-11.816875
5.879081
-17.936821
-9.281567
3.067883
0.634518
-2.670079
9.591912
5.371606
-11.933133
-4.921527
0.777062
-11.524656
5.015310
4.264635
-7.803529
-3.679521
1.811451
1.874679
-13.431989
-3.592914
-12.194573
2.508058
1.547078
-11.509012
-5.182478
-9.790467
-0.177781
-16.852598
4.674448
16.256279
-2.292702
2.435258
-5.379779
8.837873
1.596358
-2.663337
-7.500567
-5.379511
-4.490607
9.328759
-15.409060
-9.747385
5.090971
6.570155
-0.615467
7.114713
-0.452220
-7.986409
2.265273
3.639405
-12.206169
-1.950800
-8.654506
-3.310661
6.105891
-9.330435
-10.029328
6.859502
-13.382762
2.126791
-2.885656
7.510421
6.980048
-2.793218
0.057478
-4.038833
-4.516102
-0.489260
2.714961
-0.048624
3.323473
1.377724
-4.615374
2.166154
9.586121
-2.134109
-0.186389
4.903539
7.770387
8.000691
0.618916
-13.453510
-13.069729
5.022667
8.487942
-5.216663
-3.978981
-10.055623
-0.097019
1.558937
7.008483
-3.426977
6.957201
2.029091
-13.353546
4.461537
0.994845
6.372446
-5.490669
5.148912
-2.687283
-3.493939
-0.806250
-4.870318
-1.182609
-5.083741
1.005004
-4.200314
-0.647432
10.286304
-2.987639
-7.650436
-0.020206
-4.578530
5.754475
6.963442
1.959872
1.744635
0.618877
9.090405
-0.095821
-1.411873
6.994125
-9.892232
3.157515
-15.499876
-7.655662
-4.393563
5.503947
-3.188038
9.285054
-2.743616
-0.518685
-4.944476
-0.540996
-9.196653
-8.542708
-3.459798
-1.107876
-2.439408
2.092889
-5.491361
1.294689
-2.330397
5.685790
-11.483411
-13.473268
-8.112481
-10.363002
-8.210305
-8.682418
-9.626791
1.160271
5.237003
1.424521
-1.325056
-0.972585
14.410901
-3.256613
1.114008
-10.073618
3.579146
3.238544
0.733181
-0.120577
-3.539991
6.794070
5.881940
17.764311
-2.376671
0.076567
-6.477681
-4.603302
3.119807
4.430851
-3.134964
3.047957
-9.265486
-8.283036
-6.778349
-3.764145
7.959452
3.114142
-4.400504
-2.166616
-1.990694
5.880254
8.387279
-8.891109
5.812921
1.371011
-5.051515
4.010015
0.633609
8.260303
5.162397
-6.487514
10.637862
-8.105145
6.507869
-13.044167
-1.784449
-3.001184
1.280205
10.226036
-7.942508
6.169740
5.780732
2.468814
-8.219722
6.252812
-1.694899
5.957709
5.507956
-1.209044
12.902919
-4.670853
-8.215138
-2.519253
-2.134275
5.361672
-5.950940
-12.123789
-0.336304
5.659278
4.849638
2.607374
5.122109
-2.855967
-3.023735
-5.759964
20.832382
1.657348
7.102741
-5.211298
9.300009
4.413707
7.436358
5.697268
4.769801
4.827597
8.200997
5.371242
0.118731
4.535923
-0.096102
0.822561
-0.763303
-6.958013
2.073973
5.511093
8.730324
9.208523
7.583982
5.508802
4.701937
9.403215
-11.916634
11.811158
-12.912058
-5.014309
3.926790
-4.110531
-10.971334
8.158740
3.197125
2.038240
6.044818
-2.148677
4.930532
3.265366
-2.134779
4.084144
4.578734
-1.892739
-4.742170
-0.306047
3.404280
6.481862
3.840999
-4.992494
-1.212100
2.730144
3.315341
6.400628
-1.385570
7.166514
2.051530
-5.050877
-5.562534
4.784426
-10.223133
-7.922388
-7.927287
8.245765
-9.500508
6.731603
-3.311818
9.896145
4.530245
8.658773
6.597089
-3.499690
-7.526097
0.957247
-5.906623
15.701454
7.948841
1.082153
5.172634
0.171979
9.242023
0.315502
5.687618
-9.572174
-10.247697
-5.852532
-5.033255
4.656282
1.951394
9.478212
-1.429070
0.234674
0.637237
-8.357392
2.843923
8.075685
-7.048560
-9.209261
6.950872
10.119405
-6.952214
9.491350
-5.663503
-4.536943
1.662463
3.279676
3.640146
-10.179158
-0.221957
-15.650440
-3.575622
-3.670535
-16.989141
0.073619
7.035710
6.452758
-0.109422
7.828159
10.261128
-3.955463
6.523902
5.792328
3.595717
-7.215652
-6.925960
-11.937468
0.612950
-3.100621
-15.550634
-15.002917
4.335126
-0.513780
0.326236
-1.134627
-7.950311
8.648692
-9.703114
-5.678595
7.539192
9.569232
-5.118660
5.143517
-1.438781
-9.991548
-0.609700
9.309397
-2.859411
-1.869750
2.114901
-7.113631
-10.817705
-7.940107
-16.528130
-17.077429
5.241839
-3.791481
-7.981200
2.493733
7.525146
5.540024
-4.761682
5.358259
-0.687488
-0.869418
0.153090
6.197407
8.663883
3.109949
-0.772143
-3.634012
-4.902206
-3.650795
5.575366
11.784921
8.910275
-10.384215
8.546411
0.765299
-10.264339
-9.173366
4.579117
-7.185999
20.223391
-12.194462
2.548100
-2.813670
-15.916333
-8.711709
-3.338418
9.693213
1.177238
-6.052831
-3.427372
-4.986985
-3.038491
7.993040
-2.331385
5.897414
-2.595734
-7.191645
-1.595773
1.500604
-2.409835
-1.881898
5.395514
-23.016285
0.081619
-10.417859
-6.948774
-11.753020
3.823699
-0.178098
-4.309992
0.028348
-8.890737
-3.559125
1.657922
-6.079033
-10.792072
18.735020
-8.395834
-8.332304
-5.739552
5.726173
-0.580049
-11.474154
3.345335
1.231670
-11.046987
-3.245552
-8.783585
8.696413
1.513231
1.697950
-3.770826
-7.275537
2.192423
12.504774
-0.741194
2.925581
-6.911694
-0.619427
-2.443532
7.516598
16.578329
-2.657365
3.372389
-12.528579
4.055989
5.027396
-15.505530
0.838763
6.755933
3.363208
15.077383
-2.853793
2.400874
-6.895860
0.239745
-7.602374
-2.161047
2.546279
-3.234596
9.057750
-9.596309
5.545778
-1.698935
19.375595
-3.821423
-17.491219
8.669230
-9.013998
-11.651287
-12.596909
6.302913
2.332968
-3.765158
-5.450206
5.927338
-7.432060
5.978386
11.331095
-3.726357
-14.230121
3.676898
-9.897804
-1.347650
-15.696024
4.047338
15.808284
-5.471978
-8.792559
-0.324307
-12.033911
3.339932
7.441356
-10.944791
5.279755
4.530115
-9.911721
-1.947571
-11.604186
0.596174
5.692734
5.352874
6.474396
9.976188
1.933092
8.168323
0.133832
-7.350318
17.581865
1.562059
-1.321869
-2.278140
2.537403
2.436366
12.747362
-11.769769
-1.898813
-4.978267
16.889286
1.385262
-12.431026
-7.068479
6.083112
1.283058
4.366868
-2.105571
-8.110289
2.441888
6.477758
-4.970706
4.845135
-18.000917
11.426667
-11.778092
7.580920
-3.254493
-10.612449
2.828043
-1.190011
-6.985652
-7.413970
12.005116
-1.026408
-1.101397
12.175863
7.449050
8.724784
-1.218693
-5.116710
-8.493954
1.374945
4.134025
-8.059590
1.374130
9.699165
-8.787834
10.854426
1.868400
-1.633043
-7.548643
6.034264
-1.535583
-10.942652
-2.980744
-6.363850
-9.146825
-4.695449
1.992688
1.096344
9.567185
-5.632440
2.136691
12.288150
1.916388
-7.903029
15.643946
4.647193
0.233379
4.106850
-8.807818
0.859669
4.906968
-14.519501
6.869735
-1.082943
-6.044415
7.176682
-9.294863
2.366128
0.225475
-9.707150
-5.797901
6.461894
0.265712
-3.672366
-9.317147
4.820631
-2.397649
-9.135084
0.878995
4.548982
-9.709896
8.720717
6.122871
-3.167505
-7.013424
-9.832801
12.272591
13.297885
-9.452229
-7.496334
4.713242
-0.720416
-1.873053
-17.699556
-5.796279
-0.155094
-6.668015
6.700855
5.724262
9.856550
-9.407238
-2.194863
2.526104
4.066273
0.278901
4.736398
-3.334715
0.422389
-4.006070
-5.608201
3.229007
-2.014966
-1.990428
11.532404
-8.128045
1.861762
4.434437
6.112942
-4.916747
0.395428
8.106266
-1.346965
-9.908852
3.084410
-6.193069
8.028287
-8.748668
-0.910738
4.565655
4.676508
2.511093
4.112136
-12.001810
-1.501017
4.343328
5.777433
-2.985160
-21.051651
-12.121179
-7.516149
-1.730136
12.188981
-0.972471
4.150187
-7.131839
13.865581
7.312763
-0.542746
-7.612338
-5.987455
7.703288
-13.767003
-13.499824
-7.757232
1.635491
-7.078804
2.685058
6.145071
10.855184
-0.831567
1.495622
-6.070568
5.548864
-0.691092
-5.172115
-5.755572
0.330474
-13.157678
2.274611
18.859270
-2.655555
8.005513
7.835294
10.360814
-9.633138
-5.102021
-13.286965
-4.983757
8.614538
-9.248713
-2.121047
-4.243294
-11.875197
7.368587
-6.409691
13.908794
16.118242
7.123565
6.052103
-1.393234
-11.028316
11.655331
0.831377
5.008595
-9.071984
3.330029
4.199917
6.769238
5.564063
4.786269
6.643809
1.089017
1.115370
-7.821697
6.603695
3.592252
5.031770
8.465452
-10.671488
10.902545
-1.216360
0.216964
-4.487000
16.470865
-8.867676
5.600238
4.002638
-7.514754
2.938326
3.939791
-1.030629
-4.497464
10.712028
4.306842
-4.214836
-1.048566
-6.780722
-15.658892
-7.835831
-6.470854
-6.133321
3.793407
5.566199
2.011707
-5.500340
-0.539422
-13.853765
-5.764603
-9.178814
-3.621107
-0.751266
-7.193492
0.722977
-1.537295
6.553020
4.868712
-11.848647
8.845890
4.448133
-4.087056
13.033973
4.064413
14.758341
10.793978
6.444280
6.857927
-6.824475
1.569030
-9.792494
-1.578800
3.319652
8.156565
4.422142
-9.140935
2.004448
12.788973
-20.686348
-3.198299
11.691066
-14.916936
-1.392572
-6.503775
-8.225883
14.297742
-7.738749
4.079558
8.330914
9.742731
-3.287369
-2.637193
-11.317651
7.901026
-6.194714
7.409755
0.609410
2.158086
-8.429195
-4.904462
5.652168
4.119041
0.705198
3.315604
1.266065
5.577457
13.042585
10.713323
-3.198067
11.134224
-3.343509
2.217613
-9.935730
-10.238789
2.614493
-6.147218
1.123828
5.669094
8.304190
3.212878
1.729961
5.690008
2.287014
1.794348
-5.986723
11.112307
-7.318545
-3.928878
-0.863829
-1.604872
-4.417766
7.519984
7.497885
-3.140484
-0.196026
0.399297
-3.309850
5.014568
1.828274
6.168838
3.600141
-13.539437
-7.400306
-0.422221
2.579751
0.226635
-3.024336
5.021828
-6.430366
-9.175496
-10.315532
7.646953
7.411451
-5.800246
-4.987416
-9.503327
-6.537889
-1.189468
-6.394691
-6.401828
-6.092818
7.403164
2.830479
2.550016
-0.120336
-6.342347
2.184976
-8.881815
7.617724
-1.532333
-2.083062
-1.946628
-4.167959
-5.736837
-4.429308
-0.390917
3.367991
8.577514
-1.887243
2.722166
7.457096
-1.831949
-21.133785
13.618577
7.614636
-1.533037
-7.476771
-1.759112
9.235963
11.129465
-3.201996
-11.361570
2.805007
-21.115385
-8.828374
-7.353294
-11.230398
-7.132815
-6.327346
11.293530
3.007866
6.541553
3.583513
2.192120
-4.849735
-3.869876
-15.807394
-7.732318
-2.418617
-13.860710
7.757335
-0.232647
6.759806
-11.657122
-1.591324
6.113529
7.915180
-5.079710
7.201317
-4.546364
-9.282146
-4.802719
9.288386
-8.705986
-4.025238
-5.956234
6.914057
4.911971
-2.579408
-5.150884
-6.064399
-7.780493
-0.182539
-5.401531
-4.874340
14.260530
5.004028
5.230059
2.113710
-6.061579
2.588335
-2.725118
-5.547247
12.123337
0.130248
-1.154662
-5.819029
10.079915
-1.389513
7.941265
-0.668810
-1.640222
-0.387692
2.167996
-0.672702
5.937703
-8.178655
-14.662351
-7.007768
1.388431
-7.545218
-4.937358
-4.606286
-2.364086
-4.620663
-0.029861
-2.316595
0.703344
-0.176993
14.388943
-19.553278
2.186357
-5.301808
-6.579156
0.676507
-0.687795
3.743553
2.221923
3.554933
-2.836823
-12.074979
2.069010
-3.559054
13.335937
-0.227199
6.212452
10.474741
5.284754
-6.871270
3.843553
11.376899
-0.375434
1.450026
-1.527524
3.840156
8.552093
-3.617583
4.531411
-9.609858
10.844008
4.676271
-10.941319
7.169027
-8.692427
-0.235534
4.828314
1.023335
3.640825
-15.006642
-3.882745
-19.047842
-4.483110
2.527866
-2.025541
-15.195552
4.778710
7.978888
2.873514
4.388626
-5.680643
-6.743280
8.101688
6.454462
10.715598
-6.387107
1.116180
9.317323
-7.940038
-6.887000
-4.103228
0.764304
4.635959
0.847235
5.743149
1.415491
5.291871
2.126118
-8.333149
-0.574562
-0.981460
3.155870
-14.238718
5.207532
5.809299
-4.516150
-9.126114
11.658826
0.636765
-10.989862
8.554270
8.227702
-0.374907
2.086512
-11.271722
2.768495
12.672021
13.594300
1.979167
6.008806
6.320879
1.392167
0.186268
-5.992977
-17.530828
2.571275
15.226468
3.228333
6.085355
10.996236
4.734614
-7.902669
-2.171870
-4.369759
-4.651601
-14.970665
-12.633696
0.542724
0.246962
-19.305321
5.710723
13.968437
-0.209138
6.190753
-0.171649
22.188034
-11.845706
1.978119
-0.115943
14.857931
-0.251305
-0.621889
0.896763
-4.487274
4.243015
8.291186
-0.161822
8.841571
-14.297362
-8.656191
1.580752
14.335954
1.878144
0.392732
2.794670
5.934249
-19.168459
-16.631985
-2.222123
4.389116
12.346019
-8.216290
13.379592
-5.727597
6.388735
4.058353
-1.334216
-3.367055
6.004472
10.819899
0.175512
6.537539
3.625470
2.015415
-6.918513
6.725523
5.333722
-7.223876
-16.932249
-6.322598
5.695775
4.539626
3.248130
2.259092
-3.368964
-0.635509
0.095574
7.854150
6.095501
0.979238
-12.860484
-2.309812
4.966793
-14.682303
-10.159260
-3.222522
-12.364357
-7.503817
1.233116
-2.502396
2.312967
2.189605
6.530180
5.731367
-7.675899
3.140509
-1.210643
4.847207
-1.697621
1.156884
2.580670
-1.760952
2.623674
-2.310589
-12.989402
-10.427474
10.234680
4.532590
-6.856396
-7.832480
-3.090148
-13.776838
-2.949131
-9.539388
12.359724
-0.094757
-16.167028
-9.975387
-3.202230
8.060373
-0.977851
4.997556
-16.772110
-5.277090
3.087553
6.252080
-8.891970
2.619604
-4.386437
4.637040
-2.147402
-0.226003
-7.418022
-1.834422
9.086887
-2.942847
-4.789605
-2.985901
-0.539556
-0.304841
1.818600
-9.929208
-5.964747
-8.809340
-9.525036
-0.326272
-1.374743
-12.888961
-8.592554
-5.743765
-12.053587
-1.164116
0.633792
-0.086076
-6.605236
-1.250311
-3.597181
-0.007495
5.103923
1.535498
6.531992
-3.585394
-0.975687
-2.658160
-13.243552
-7.533842
3.625170
-19.429644
-7.376504
-6.185949
10.044062
2.514560
-5.378541
-5.235409
8.481384
-7.553356
9.990596
-0.273163
0.615331
2.781200
-9.745394
-5.181481
-6.599781
3.535997
-5.994380
-7.421365
7.072105
3.502368
5.207580
8.346972
8.147530
5.181196
-11.171177
-5.955776
2.578589
-11.124510
-10.807737
-3.775511
2.919299
1.879742
2.004493
2.262206
-5.533480
1.925269
12.690247
-17.017206
7.140836
-9.098401
-11.615203
0.134141
-1.142238
6.301243
0.871173
1.887494
-10.163182
8.364399
5.179612
13.657845
13.244179
-5.420627
15.012597
1.986986
6.037885
9.322823
5.028901
-4.123347
-5.034848
7.856567
0.396188
-2.360939
-10.090313
-6.639863
-1.092338
2.091006
-9.718497
-4.075119
6.209947
5.608424
12.351661
7.711546
-2.669616
-6.572992
14.209491
10.090853
-4.275138
4.581966
-3.953162
-0.102965
-5.827445
2.850736
3.195688
7.160444
10.569680
-7.778468
-10.537925
0.891721
-13.395074
-10.084345
6.414802
13.236987
-13.428331
1.601458
12.398430
4.534432
-6.952992
8.796231
2.193154
-0.932599
-2.788739
-7.934043
-5.359362
-15.285889
12.571664
-1.538930
3.071124
3.730521
-2.313548
-2.394870
8.967811
7.126229
-4.663176
3.324347
-15.748854
1.780779
0.563647
-11.916430
-7.332882
-6.248507
5.035995
-1.345658
8.089231
-1.666082
-8.403762
4.090343
-6.653104
-13.115220
4.378467
7.301935
-3.839556
-4.668461
6.245520
-13.338405
3.361849
7.586187
5.344634
-2.228718
4.340136
-12.237598
-2.133987
1.363630
3.203292
8.280954
8.128167
10.275840
-9.821694
10.577209
-3.386651
7.623207
5.832249
-6.970386
5.879168
-6.171107
-3.655285
-2.979060
-19.923981
0.909532
-7.785462
1.792319
-6.109407
2.689167
6.574824
-8.168828
1.633922
-4.413402
-3.088374
-13.773488
-5.030234
2.770300
6.265625
-0.660155
5.895584
8.578501
-16.428368
5.230902
4.644175
-7.878325
-3.414201
4.990224
-5.495657
-7.583623
1.718009
-2.954123
0.336620
0.009219
0.211619
10.063190
-3.172728
-4.124653
12.783584
-5.115005
-7.261540
-3.446214
2.383971
-2.566181
3.429036
-0.302366
-20.180271
-3.779340
-1.133221
7.575871
-3.630591
-7.301870
1.428536
-6.630348
-7.673851
-1.572121
-9.856981
-10.525956
0.364130
-7.718049
1.730886
-7.172852
0.057934
-4.207339
-7.723238
8.994685
4.576483
-10.324342
-17.445580
-0.577296
-3.478094
5.225683
-11.296987
-2.250949
8.771979
-7.318792
-11.684436
0.870171
-0.596514
-10.416627
-12.626975
1.144872
-5.795670
-2.031925
-3.421798
-10.551414
-3.612799
-1.646580
10.485703
-17.710758
10.891599
2.932142
-3.935109
-7.318142
-6.245950
3.414657
-2.800287
6.656937
-1.478690
-3.704014
-0.082819
-8.234807
2.854726
7.840415
-1.883955
-1.789718
11.888677
-1.518169
6.311023
8.735657
-5.716165
-6.938863
-5.510482
-6.617414
-9.486020
-9.625049
3.782128
-8.636723
2.042353
5.011240
-6.470871
6.723331
-16.394608
-5.103530
3.541440
5.284009
-11.206270
-7.204884
-12.104636
0.987673
-5.173092
-4.997421
-17.997421
1.339225
1.876571
-3.631887
-3.195779
-3.072354
-5.654413
-6.171713
-3.834346
-0.137087
-3.224122
13.962348
-14.834324
5.403933
1.733668
10.138601
1.335131
-9.015841
-9.280545
3.747290
-7.970282
5.131242
6.464027
2.935258
-6.589221
-9.386786
-9.030964
4.501632
-5.864983
-8.317083
-2.511603
0.139133
5.108139
11.506895
5.993137
-2.811894
-13.825287
-2.916708
1.198882
2.447170
0.466030
1.354694
-11.895204
-0.194484
-3.960425
-8.810049
2.093663
19.614119
-2.702119
-11.974847
4.992599
7.141096
8.206958
-3.031429
-16.359190
-0.985172
10.442519
12.551118
-2.377395
7.479665
-13.741222
-9.340177
-8.703118
-2.483388
-7.282102
-2.374823
1.816050
12.865283
1.960253
11.958571
3.745147
-8.994754
3.911303
5.131680
-1.819618
7.410847
1.306099
-4.498541
-3.705841
-13.658121
-0.645592
7.305217
-2.658923
9.811143
1.047067
8.082604
-12.423653
-16.352175
11.968542
-1.567111
5.109937
2.997158
3.992927
-6.603138
1.319768
5.503382
11.478352
0.870800
-15.309952
-11.288735
-14.523240
-0.139900
9.347136
3.838512
-8.908839
1.550034
-22.565699
7.976032
-2.487752
2.919065
25.388599
-14.496881
-15.789299
1.381348
3.275925
0.468120
-13.170969
5.726865
-5.182853
1.813275
12.414289
5.466011
-10.810650
-8.363181
1.433126
1.234834
-7.725471
-1.193457
16.415995
6.749941
-8.041988
-4.083036
-6.112630
-14.361595
-5.349284
-0.558872
-1.686310
1.778718
-11.673732
7.930042
-10.550552
5.684121
3.911914
-14.578757
1.547009
1.062221
-7.189866
-2.674180
-6.930293
14.535185
-12.579822
-5.321739
8.856823
-5.314819
-10.723340
4.362051
9.928307
4.555511
4.299164
2.266583
-2.438316
-1.873072
7.755177
-11.486670
1.352940
-0.999712
-6.132462
-2.823729
0.345019
-7.936975
17.557686
-3.551637
3.962327
0.684647
-1.703438
-2.640212
16.398090
-2.403622
7.753433
-6.839883
-5.767539
2.262544
-13.866018
-5.181916
6.950546
-3.031665
8.140892
2.126273
-7.045946
-10.472342
-3.587976
1.271184
5.958818
0.368469
-17.711836
4.470143
1.138053
-8.514921
5.522056
-8.091725
1.081881
-1.842816
-0.698997
14.601208
6.835167
0.360107
-2.964063
-20.033495
0.558978
1.892078
-5.269159
5.000057
-11.513655
15.095443
-8.788395
-4.626952
-0.073244
-2.500920
-12.794089
4.075084
-4.631139
-4.914107
-0.424882
6.633279
-4.278938
-1.000406
-1.340356
-16.368818
0.431233
-0.802049
-7.861462
2.490818
-1.617776
-8.849227
-9.557443
0.664850
-1.399093
-11.134508
-9.791279
-10.138707
-5.056966
-5.604252
2.314581
-0.694137
1.876925
1.908155
-3.625428
-5.244675
4.407018
1.542683
-9.731621
6.307090
11.917012
-2.274281
5.628809
-0.281678
3.707168
0.422061
4.539705
9.332192
-1.922137
6.646232
8.224287
-4.072275
3.091394
-17.741089
-7.111780
7.651553
-10.226287
2.937973
-0.131539
-4.902450
0.682033
11.033284
-10.120370
0.325478
4.450914
18.856028
6.054134
-8.307882
3.054384
9.827526
5.072620
3.453425
-2.708755
-1.020414
3.070545
2.089952
8.583412
2.521162
-22.225143
-1.843745
-7.292695
-2.266267
13.678857
-0.546313
1.659057
-0.624693
-6.057918
-5.073370
7.832488
-8.630774
4.948349
-10.703628
5.158062
-0.503685
-0.331240
4.282647
-0.896841
4.348087
-19.073559
2.259545
4.109988
7.204730
-2.810800
-2.745381
13.860662
1.145816
-5.974923
3.472445
-2.988379
1.666647
6.768581
9.497520
-8.074774
-5.773168
-5.028269
-5.332843
8.413146
-2.193720
-1.504807
-2.450058
-15.605917
3.984169
-1.851485
-5.349158
8.518420
-4.842912
-11.186399
2.981727
-2.904038
10.704865
-14.572141
-8.842133
2.584752
-4.453330
-5.403401
-3.622629
-1.438437
3.023521
2.090925
1.627292
15.432615
7.891488
-21.463120
-2.592737
-3.623162
1.721709
7.465105
5.682864
-2.931639
5.743383
-17.534277
-2.510181
5.098754
3.584493
-12.375004
6.138007
14.666275
5.318323
-3.760339
-7.186170
10.084670
5.954417
-5.940574
3.944660
-9.404872
0.252280
-4.446977
0.469216
-4.794753
-2.637254
-5.538054
-12.464692
-5.284290
-4.382737
-15.418620
0.137664
3.951365
9.724185
-2.049768
-5.598359
10.271139
2.811823
4.876653
-4.567654
-5.026557
1.969413
-0.738010
8.236635
2.821243
1.399508
10.421000
-8.815911
-8.614238
-11.753671
-8.728057
-7.629229
1.776238
-5.791944
1.342840
0.676492
-6.224745
-3.737728
5.292371
3.929656
11.330453
1.378439
-9.830665
-4.030939
8.848656
1.990782
7.162451
4.128227
8.235417
-7.078250
-16.264395
7.383297
3.866300
-5.822452
-2.846059
-14.610304
-14.477632
-11.672050
-4.199845
-0.401954
-11.990848
-6.370566
15.368637
-1.418863
6.052089
5.309768
5.956275
-2.868318
-4.017076
-6.188956
5.186043
15.736558
-15.887864
7.315288
-17.497004
-1.835836
1.853991
-15.298762
5.996625
-3.386274
-6.670742
16.277128
-2.783008
-2.048558
17.054409
0.946978
4.137575
-2.225361
7.351640
-6.826248
14.977918
-2.157358
7.814322
6.337747
3.631874
5.911063
3.568261
6.303630
-6.466723
-6.394632
1.720521
-2.340775
-1.496917
7.240919
-7.546555
5.342148
2.921677
2.375823
-4.427624
10.837027
7.613346
4.797607
8.922615
-9.960470
-0.096301
-9.212154
6.620997
-5.455243
-11.943473
-4.005729
16.714836
-11.540988
-9.435513
-5.155493
0.824667
-2.958042
8.629755
-4.582259
7.179399
-2.492164
-8.867602
5.405847
-10.730907
-2.084411
-8.199705
-10.372741
-0.240993
1.697163
14.510405
-5.249114
5.226410
2.414513
-5.259943
-15.173957
11.897535
-1.283547
4.550872
-8.556853
5.855728
1.692768
2.762061
2.147660
3.543542
8.397977
-2.855527
-0.788751
-0.875483
8.664598
9.951536
6.204951
11.861295
-0.643198
1.912738
7.048254
7.538792
2.731192
12.607474
9.833925
-12.638292
7.969646
5.921566
-3.655237
-6.218089
-4.793451
6.747147
-0.845178
-1.747721
-15.226694
-7.374416
-9.000788
-2.088740
-11.605923
-5.688985
-11.308388
7.067862
2.485959
-3.900508
-4.939497
-6.473343
-9.389354
-13.197549
-1.443009
-7.504597
-9.107573
-9.251081
8.385760
-3.132336
-10.347481
4.927724
-3.320135
5.015041
-2.763283
4.282824
-0.137670
-5.734415
-15.263101
-7.436700
0.893245
1.749679
-10.766723
-4.210470
-10.788483
4.330382
0.858433
-6.825369
5.789589
-2.000989
-5.180784
-10.761254
-5.402161
-9.582512
-12.516107
-2.337723
-12.535880
-6.588458
-11.404414
-10.188878
-2.438249
9.637272
-7.737042
3.030725
-7.126010
-17.034491
5.575134
-3.106230
-8.374076
6.133756
-9.315084
8.049001
5.363809
7.099329
-1.733664
-13.884015
-15.193971
0.956670
-2.195605
21.615206
4.989996
-15.759751
-3.215112
3.548131
-3.796829
-4.862870
7.253785
-19.707079
8.100360
-4.067339
3.103486
-3.300488
7.760510
-3.509497
-3.602112
6.544969
-0.483566
-11.226089
-3.019639
-8.982507
7.290816
-6.360074
4.051098
0.042559
2.228010
13.529792
-15.917478
-0.740699
-6.398223
6.666394
4.662332
-0.571104
5.412792
9.311702
7.926363
9.253937
3.118740
-2.568857
-12.172143
-10.084702
-4.490148
8.216537
-7.776785
-2.921996
1.731224
-6.403894
-8.338823
3.601543
8.486059
1.122722
6.529714
-2.766513
4.237013
1.411140
13.635460
4.895878
3.177604
-6.154788
-12.287174
-14.809972
-12.487391
2.796113
-13.768976
-7.721254
11.684741
-12.489586
2.610210
0.856064
-2.055017
-6.674566
2.550426
-9.215723
-7.463283
2.068475
-1.693401
9.212713
7.388633
6.000513
9.303372
2.013637
-10.436733
-15.649764
-6.137341
4.620985
2.134279
1.675898
0.031658
-7.230947
0.678483
7.904119
4.241065
-4.849389
-1.553582
6.536647
-3.885419
-0.003568
-5.559424
-0.977044
-1.859708
-19.387552
6.631052
-2.604908
11.920626
-17.647213
-1.247872
2.756412
3.866955
0.741783
3.442294
6.913496
-6.647212
-4.432157
-1.357140
15.347868
0.346821
9.215465
0.855510
3.951110
5.102994
-7.575058
1.388781
-4.193183
4.502022
-5.987112
-0.591750
3.327028
2.170178
-1.975375
-10.220910
-18.981827
-1.903295
10.399605
-1.023810
-15.950539
9.548211
-13.332683
7.130271
8.233212
-2.419303
-12.747667
6.082028
4.544938
0.926173
1.439480
7.382216
0.337005
3.753757
-11.719158
0.734371
7.618055
-17.492874
-9.465564
-1.665927
-6.417884
-10.218307
-2.990383
-21.803717
10.236369
0.137070
-3.707770
3.434592
5.819573
-4.036632
-2.017024
-8.227171
7.190498
-9.884965
17.522552
8.784699
8.425225
-13.616148
-2.783322
4.976977
-4.006474
-3.410184
8.610317
-2.778231
-8.011827
-1.681108
7.016105
-1.626391
-3.534173
-3.085399
-8.426074
-5.272068
-5.577394
6.050292
-1.905716
0.956029
9.196279
-8.351766
12.521965
5.738810
13.540507
2.813035
-5.066968
0.941263
0.170273
1.657745
9.061466
-5.495043
9.628594
9.153904
6.230738
2.654960
8.679626
9.244490
-6.401246
-4.373080
-7.548099
-1.940079
7.417066
1.518779
-9.082420
9.262841
6.417433
-4.093535
-11.475590
-15.294574
-6.387257
-0.624873
-8.903669
1.951784
8.111140
-0.266800
2.958436
9.196044
-8.162123
-3.523634
-8.518891
1.303996
-15.584994
0.685379
-2.357518
-4.023060
3.559635
-0.878006
3.812465
-9.077095
0.992806
3.083062
-2.314003
-4.085622
10.506990
-9.206994
-15.765911
6.859818
2.560715
-2.715000
-2.634028
8.364945
-15.365953
1.667481
3.144141
4.563490
-6.559018
3.348469
4.156157
-4.827420
-0.625670
3.336076
-6.251872
7.934967
-3.314481
2.514704
7.159756
6.394271
1.854670
-5.817494
-10.016365
-1.568668
-4.951134
-0.124902
-12.901418
-6.980881
-4.218061
-5.350419
4.330828
-13.382358
2.775075
4.124356
4.163177
-4.560163
-6.110557
-3.615435
6.664407
-0.286695
2.917798
-8.561671
-7.450313
-0.745547
-9.644616
3.628837
3.001063
1.799083
-7.065066
-0.308515
0.851203
1.041926
0.512270
3.626618
-5.917664
9.090698
7.374252
-6.170499
-11.815285
-0.878401
6.871390
7.208114
10.007224
-5.574886
11.132901
4.690505
2.915455
8.415417
11.780635
-10.011949
5.211998
-5.671221
-13.190927
-14.193619
-1.264650
-5.687990
3.988450
-6.350976
-2.966234
0.184855
-1.210420
-1.077323
-9.647567
-12.127750
1.675740
10.380950
-11.512406
-7.052526
5.279617
-8.290394
-5.657385
-7.179093
5.263544
-0.360046
3.807465
-13.194545
-11.122144
4.968081
-0.517480
-12.047207
-3.004931
-7.660142
2.583153
0.117015
-5.306265
4.527225
-8.072059
-8.364367
14.402334
-10.548461
-3.942029
11.324603
-3.214741
-5.130943
-1.761346
9.680906
-4.087177
7.748377
-0.463298
4.047233
2.139849
-3.409204
-1.625503
-1.933272
-15.041960
-0.036124
-3.726429
6.815849
-9.532875
3.877092
5.380337
-1.214626
-9.596926
-7.080276
-2.114947
-4.207973
3.341216
-10.282351
7.286184
5.219440
0.537199
-4.972186
-7.192858
-11.254764
15.432798
8.894737
-0.693746
-4.782014
6.174481
-3.696447
12.610572
-9.025910
4.161105
5.784832
-1.374269
0.481146
9.999085
-5.360958
-4.830598
-8.389184
6.760298
3.286955
2.234586
14.162778
5.674591
9.914808
5.739532
-1.746741
3.872047
-3.160652
-8.115870
3.361456
2.206098
-1.836239
-5.634222
-3.108985
3.486310
-0.867990
-9.992443
3.899855
-10.060880
3.535936
-0.136787
-0.810100
-8.507824
-0.800779
-13.768916
-3.860295
1.346371
-13.099414
-2.615041
6.662137
3.026053
1.334095
-2.232601
-4.781831
-2.902300
-11.066532
-1.534898
-7.575666
0.915795
-14.992134
16.878635
4.266768
3.724236
5.946615
-7.742451
-9.805818
-12.597131
1.073679
-12.101799
-5.014732
-11.310516
3.522188
-16.113400
-8.502237
-2.995093
-17.438307
-3.404111
-7.383087
-6.329203
1.756680
3.404999
-3.838324
2.620190
-3.679296
-4.396194
-2.776256
4.433579
9.491729
-5.198481
-1.271618
-9.016878
11.319874
-1.080083
-8.892341
-7.666887
5.547324
10.586702
-7.992581
-6.511518
-13.549524
1.249439
-1.107923
4.027183
-0.849731
9.807231
7.096608
0.033956
-3.219653
-12.102908
-2.884010
-16.480301
13.108214
-5.690901
1.743187
-0.472288
-2.874981
-8.525910
9.626471
-0.472791
12.526809
8.446404
7.469240
14.446634
-2.655607
2.634952
-7.007601
1.288045
5.740499
-9.193130
-3.072610
17.232376
7.979590
0.480116
5.523245
-14.438205
-2.506296
-4.667215
-3.519016
2.708193
11.277574
-6.733080
8.107979
-9.480405
-2.769908
-4.791856
-8.977451
-7.345740
-5.348293
-2.454435
13.252092
5.774951
-4.710171
6.736865
3.326167
8.801062
15.664236
-0.350103
4.977857
-9.410971
12.965982
-11.784818
16.691359
6.639963
8.512598
10.544370
-8.119061
6.624275
7.417348
3.612295
9.565349
1.239444
2.564332
-12.051548
5.856036
-6.786037
-4.189425
9.573941
7.376699
-13.044843
-2.254564
-10.680104
2.204902
4.039454
0.253349
0.248722
-4.146876
7.238739
-14.838690
-11.097520
-6.890097
-3.898128
-5.762022
-9.315159
2.888991
-14.208479
12.395478
16.520428
1.479252
3.205945
-1.912997
1.015742
4.180434
-2.382409
7.952885
6.748035
-2.781897
-6.712751
-3.776570
0.073210
-7.303415
10.946757
-4.584696
12.377205
-0.656596
-6.580571
3.784242
-2.131174
-3.942580
5.179312
10.707109
2.231440
1.655946
12.650928
8.630049
6.957379
8.259071
-3.070140
7.308038
1.164600
1.599232
4.908609
-5.418024
7.141051
-1.555084
4.975852
0.133010
4.043894
8.592896
-6.135965
-19.175749
-6.504441
8.302924
-13.883859
-2.092030
-5.795709
2.451202
-1.950414
-20.143414
2.085140
-11.441800
-6.530245
-11.556633
10.753226
2.959479
-2.197932
-1.176688
12.060951
9.483606
-14.922482
-8.211235
-7.151260
5.488363
-5.198539
-2.079340
-12.328353
-2.300008
1.018197
-10.346991
-11.277225
3.161374
-18.268766
-3.111134
5.716693
-13.372070
-5.933422
3.147824
-0.118535
-12.835655
-7.146344
-11.137693
6.408649
0.149227
2.227940
-4.221673
-7.319202
-2.939737
-2.229810
8.219148
11.384633
-11.446486
-1.416140
-2.248444
-0.841141
-12.118857
0.817079
7.018624
-0.988571
-8.718003
0.100501
4.212791
-0.918209
-9.067611
3.061510
0.999164
-3.425988
2.713751
0.664436
2.671295
8.338750
-2.051621
-5.534939
3.204836
6.103087
-8.925681
6.806786
5.352049
-5.661230
-5.777418
1.752144
-4.584341
0.904848
3.955841
-2.416557
-2.654860
9.076363
8.694610
-3.372599
0.385829
-2.533898
6.721761
8.798496
8.498353
9.483350
5.007344
9.252036
4.942472
-10.955095
-0.729552
7.882724
6.083930
2.010866
-15.658377
-1.482667
-19.156385
6.799188
0.835012
2.635728
8.812510
2.312540
-4.380366
4.611653
-0.491161
-2.719420
7.149054
1.459921
-2.194382
9.470127
-4.486786
10.549353
-5.137882
-7.895641
-0.908846
-6.612174
-6.234255
8.364845
-3.701599
-7.592073
0.862621
0.225620
-8.243731
-9.297325
5.955892
5.689640
8.684701
-2.872336
-4.894586
1.562729
-15.135008
17.281574
-1.807036
9.339952
-0.270929
-10.034511
-0.860828
-4.872684
4.839329
10.882301
4.760406
-2.994254
0.238654
-0.430905
-6.298795
-2.163836
10.474145
2.579609
-10.741608
-6.590137
-5.733231
12.969116
7.721456
2.054994
6.928946
-1.598089
-2.071102
-7.484898
2.214960
4.548760
8.730084
-5.951195
2.425804
6.335455
0.200376
1.488293
8.897821
-14.960183
8.986839
2.473024
-12.123693
-18.136206
-4.203554
1.239721
7.159401
-2.921390
-3.636473
5.315337
-0.890875
3.484210
-3.237592
-11.045086
6.114300
-17.458065
-11.981128
-0.527512
10.349380
-9.013464
1.239647
10.743531
-6.784459
-16.552214
-2.065501
-6.362150
-0.929084
4.367470
-3.916762
-1.601986
3.330073
1.940868
-8.281633
0.623931
-4.880610
-18.191706
9.141483
-3.372241
7.849273
-2.591279
-2.682057
1.343885
1.677570
3.442570
-12.120830
10.901992
4.116690
-0.718404
-0.327002
5.795187
-5.549605
1.643811
5.077245
-9.880339
7.873359
-2.313108
-5.307765
-2.864688
2.016895
7.491909
5.920850
8.395844
7.858323
-5.002118
5.019360
9.950129
-1.141994
14.288238
-5.915770
5.393064
2.696026
6.614144
-6.597962
-2.680385
-9.688078
5.014824
-6.758710
10.372292
-4.980161
-22.469366
-4.494894
-12.026525
9.924789
14.574268
2.630227
-0.350345
1.597772
-3.281383
-4.176553
7.236988
-1.900595
-0.042503
3.274245
2.503292
4.607471
-8.091729
3.619102
8.844636
0.661146
2.035162
9.712006
1.081576
0.032140
2.091578
9.695109
-7.765064
7.007363
2.667984
0.148591
-19.220022
2.956322
-8.366289
9.389443
5.037737
-10.752031
3.940537
-3.586494
1.452403
-16.776154
7.329417
-17.984510
-0.637913
-4.343030
3.489218
-9.733386
2.345540
9.670757
-4.395231
0.396770
-7.315131
-1.636177
4.500650
-6.742160
4.088678
0.275867
6.086821
0.173346
3.913248
-8.754707
-6.208251
-3.457191
3.522022
-1.630648
5.389633
4.039943
-11.967896
-2.701245
11.821745
1.621567
12.066998
-3.366983
-17.091967
-10.808522
0.671614
-2.902585
2.720492
-17.012135
-13.782595
3.273219
-8.454189
8.608703
8.539976
1.657061
-15.037265
5.999746
9.681299
2.924410
-0.722248
0.743089
16.684063
0.405443
4.344612
-14.950185
-11.153129
1.031096
-8.326596
-3.167899
1.517454
-2.474491
11.676055
-1.468443
9.956644
-13.326161
-4.238895
-13.456946
6.178200
0.192579
3.804773
-4.907526
-4.366490
0.435546
-9.207441
-6.430658
-8.731678
-6.272245
-21.622375
-9.002819
-3.263491
6.444803
-0.314173
-3.633767
-6.679199
-14.177986
4.528210
11.729403
5.969928
-4.160667
8.907022
-0.471514
-11.189878
10.284989
5.217080
-4.907422
4.789723
-0.189808
10.624311
-16.646229
-0.372004
-7.052439
11.210363
-12.085231
-1.136683
5.766069
-7.694520
4.306405
6.001729
4.774021
-5.080164
1.581115
-4.512392
2.683308
6.807316
-5.163723
-7.289595
3.218531
3.850979
-5.967224
2.318144
-6.076230
10.022031
-3.557877
0.403407
12.280616
5.121552
2.752032
7.613920
-7.623321
7.961952
-2.302013
-15.416535
-3.346335
9.866336
-12.658064
7.566123
-2.084285
7.170753
5.933659
-8.040566
16.725117
12.230294
-0.281656
0.100821
7.365275
6.136698
-0.266356
-6.819625
2.487899
7.344132
0.197994
0.268685
-7.784238
6.300269
-5.058815
-2.438720
-1.575212
-4.553872
-3.354859
6.123243
-10.966641
0.696507
8.026762
0.310453
4.970913
-0.226484
-15.252028
-20.486565
-1.065002
9.403015
7.444774
-10.422004
-10.233694
3.520455
8.359451
2.469444
2.086491
-12.919079
-3.193548
12.655300
8.958936
-2.911931
10.034949
5.020314
0.809609
-12.785153
-0.919482
2.208264
-0.573692
-5.344014
0.521547
-6.251559
-10.757178
-0.071143
-4.397850
10.146681
5.603401
-2.377144
16.385832
-1.895208
4.077329
12.142600
6.743304
5.827189
-0.864838
11.060161
7.056698
3.772293
-11.640553
-8.113084
-8.336445
10.379840
9.226523
1.711098
6.751463
-9.455302
-5.849215
-6.147004
-18.710037
-5.032998
-0.508667
-5.081177
4.975421
-6.421551
-9.692917
-9.733063
-18.476381
-9.246397
-3.511678
-6.382249
0.070612
24.658836
0.649552
3.641925
11.829073
-2.635184
0.468793
-6.766743
3.809242
-11.202656
5.666866
0.856395
1.412263
-9.037300
-9.199457
-2.644345
-0.898916
2.153590
-9.899261
-0.282222
-4.034037
-3.228076
-11.054143
7.983704
1.875090
-1.860581
-19.067081
-5.575024
12.028642
5.377505
-3.189714
-5.775316
-4.315036
0.274849
-6.566895
-20.515350
-6.713027
-3.550288
4.533082
-15.495440
5.932034
-2.742853
10.349174
-4.463866
-6.888201
8.226494
-3.929368
-1.023779
-4.686285
-0.723415
-5.032547
-5.303816
3.646637
1.052004
-0.169493
8.984780
-8.129665
-7.961752
-4.389746
13.151324
5.376254
-5.402089
-7.554335
13.684280
4.607615
-14.737168
-10.110343
-4.244813
-5.504058
3.539341
-1.535543
3.734061
-6.418303
12.231852
0.433822
4.595574
-7.214310
-11.703233
3.349382
-4.090801
5.987216
2.133345
-2.021612
-8.246664
-1.187163
8.998227
-8.342399
8.076938
-4.881474
-6.481354
2.820074
-3.517380
-22.823574
6.844482
6.370752
0.454858
-7.718578
1.543696
-6.386844
-10.811508
8.273959
-10.880695
-15.119753
-13.872084
9.225885
8.598581
-3.256374
0.830429
-6.874479
10.085649
0.209776
-3.118260
-6.190876
-18.482449
-0.169548
12.880452
-12.209140
-7.963935
7.928539
-14.285736
-5.167516
5.662477
-3.824535
-2.865280
-9.599280
8.928974
0.326218
-4.740411
-14.541851
2.456531
-8.541198
4.801468
6.675653
-4.284024
-0.686464
-11.401256
6.335325
11.667251
9.429507
-8.627453
4.791130
2.553643
1.435813
4.603974
11.532431
-8.367855
2.366831
-0.551620
-0.267039
-8.380759
-1.275106
5.342448
-7.249829
0.885287
-4.412575
-0.340737
-5.798249
-6.992112
4.515329
6.006236
-13.538295
4.609590
4.414457
-8.988800
13.135254
-11.890676
-14.768909
-19.767408
6.041827
0.984769
-1.919728
-5.917159
-8.304365
1.905392
-4.189737
2.315170
9.294306
-5.707300
0.181001
-5.351327
-17.582268
2.955656
-4.336985
-1.394490
-2.842731
-7.877494
-7.138186
-3.888840
11.098175
5.361008
-4.696415
11.367101
-8.618224
4.899879
5.357506
-4.577665
-1.230748
-8.417235
-3.324306
13.451944
5.910400
5.551869
-0.791142
5.742950
-6.601178
-14.985849
0.051276
3.985228
1.931529
-7.943932
5.383281
-2.575854
2.147013
3.385227
0.595200
-5.405900
-11.072711
9.648485
-6.436312
1.436898
-14.087133
5.172061
5.763851
-3.819008
-12.617434
8.443803
8.819030
13.043491
15.716407
-8.216448
-6.421811
-21.279030
6.530844
10.433337
-10.428449
0.823964
-4.719011
12.035295
6.989746
1.068605
-1.648364
-5.510830
0.208474
11.725978
-12.394764
-2.203383
-3.275906
-13.536841
-3.080046
-7.962576
-7.439226
-0.463501
2.150858
-0.494958
-0.821468
-1.540629
14.585918
14.798715
12.187276
5.791451
9.186730
1.875756
0.860937
2.220557
2.346427
7.235518
2.705878
-6.816832
-5.738934
11.558271
9.710115
0.912731
-2.203872
-16.901342
2.501041
3.401091
-0.428577
4.135436
7.720739
-6.654015
9.899224
-4.012163
-16.838903
4.597817
-7.076886
-6.439197
-4.067962
-2.794389
7.062483
-6.115295
-1.273605
-8.028729
4.269574
1.810111
5.410915
-15.224388
3.472756
-4.929771
-3.153904
-2.396459
-1.758519
-0.143517
-3.221006
4.518521
6.890039
-3.402341
-9.171656
-18.543732
6.434481
4.978881
-1.882699
14.415111
5.272274
4.077046
3.280524
-17.176516
2.852038
10.364112
-1.099195
-9.606256
5.718472
-13.406732
-1.261432
6.607346
10.093351
6.753013
-0.467572
-10.448547
-0.385422
-4.080939
0.884684
5.705729
-7.911129
6.043844
-1.659212
-7.989079
3.731778
-13.457278
-3.127736
4.293212
0.007872
5.799592
-7.728342
6.155425
-10.267871
4.694065
-8.244454
-0.750858
-1.180228
-10.065578
5.457141
0.936200
0.031193
4.754425
-6.483779
13.993373
6.863652
-9.463005
-12.863765
7.327634
-1.912035
0.385286
1.632069
-4.919693
-3.299987
-4.475477
1.040213
2.195778
5.467582
1.067749
3.217146
-3.257246
-15.098845
-1.782525
7.763715
-1.458989
-1.360897
1.328270
6.098533
-10.869736
-16.244457
-6.852466
6.937887
14.326293
10.402499
7.391119
-8.540405
7.190299
-4.133752
12.075642
3.652350
-17.211412
7.984523
-5.241242
6.527475
0.112040
3.147987
3.467596
-9.469472
1.076464
-12.916437
-8.154102
6.196051
-4.644392
0.879559
-7.341610
0.727867
8.173559
0.875864
-7.387353
-4.386447
-3.869425
15.275122
-9.535673
0.757691
-6.944646
-4.549565
4.524612
4.696329
-4.032485
-1.235667
-5.025037
7.120545
11.160390
0.951552
4.175829
-0.755517
-4.314848
-7.306697
7.106090
-9.622134
-3.298043
-0.835556
-3.664631
1.765071
-2.431065
-3.045471
5.029506
6.895942
7.196666
-0.893586
-2.645973
-10.520280
1.806818
8.789871
5.640057
9.590714
0.817132
-10.719748
16.866182
5.913464
1.376943
4.951785
8.715575
4.076252
2.089748
2.706932
-3.658586
6.137732
-3.920266
-0.469488
7.842841
-3.819115
-1.943903
-5.392721
10.371943
3.182766
-11.550814
4.773211
-2.953227
2.004443
-8.275199
5.395997
-0.771980
0.283020
9.019128
15.553928
5.959445
-2.102963
5.132049
9.162715
-2.068945
7.767591
2.341013
4.241121
7.113955
23.017868
-1.106690
8.957820
-6.939037
4.825684
13.261212
-2.956049
-2.184075
0.049094
-6.988214
-1.524116
13.734731
-5.643569
-11.903003
-2.931878
-3.773189
-7.158976
-1.000559
4.024036
-3.135010
-2.360971
-3.922796
-6.925183
7.750329
-1.199470
22.136614
7.393637
-1.928357
-1.712766
2.920048
-6.572086
-0.351753
0.535708
-11.091349
3.157712
3.655746
9.301939
9.933007
-5.637657
2.271209
5.173130
-7.758330
2.490833
-14.927800
5.617189
19.179546
-2.306332
-7.876148
-8.162009
10.012084
-9.057625
0.261792
-11.186954
-1.459721
-3.213217
-4.003991
3.849253
-0.991378
-9.039727
9.433014
4.522776
-4.278466
10.555724
-2.443607
7.027024
10.623231
-2.188148
-0.393850
4.458943
-3.875531
6.407383
-0.575205
-10.822649
-0.120443
6.781682
20.122305
12.438520
5.118948
-10.883882
-3.722377
7.464218
0.854197
-6.653138
-2.423499
-5.069994
11.542711
5.614756
9.114259
-12.015937
-0.740540
1.451214
-7.702555
0.137735
1.427881
-0.744028
-2.391801
-1.357735
-18.381979
6.275030
8.458820
-1.138554
6.582287
-7.026144
4.077932
7.352150
-4.378405
0.663278
-12.748017
6.984356
9.752714
0.254050
5.489509
-3.976045
2.257636
1.853235
10.405403
-10.352496
7.823920
-22.937460
-0.502347
8.696649
7.451706
-17.320929
0.739788
-6.189938
-7.023167
11.420500
-2.462685
3.372104
-16.307753
-10.857387
-3.107972
-3.657382
-9.202401
-7.017661
11.719750
-14.433363
-0.159197
1.174447
-14.553020
11.503507
-5.464454
-7.384608
-8.089973
4.291573
5.097457
-6.850045
-7.223732
-12.218242
19.405020
2.269962
2.934731
-10.119543
4.940719
-11.969604
-3.160793
-4.663128
-4.128240
-4.686904
11.016255
-6.029300
-17.053556
-0.823874
7.199743
4.687375
-7.415349
6.778580
3.281233
3.739166
-4.283065
-2.647448
-18.665527
1.583568
-8.259712
-4.979270
1.297146
-8.248595
8.588579
-17.858692
-3.819116
-0.032401
7.309310
-3.967384
-7.201784
8.262910
0.912220
-1.559771
8.951766
5.884900
7.694226
14.392459
-10.191387
10.413380
-13.708821
-3.710163
16.655674
5.874777
-6.325116
2.491140
8.047819
-10.876178
8.393089
9.882367
-12.435037
6.293909
2.116684
-8.218290
-0.854498
8.153454
4.425981
-6.287731
3.737284
-22.267298
5.712156
2.681308
8.129343
-7.541871
-3.364829
14.224161
0.737613
-6.811036
1.083466
0.429981
-3.477800
-5.096428
-6.453040
-5.057303
3.967741
7.016584
-7.159860
2.574770
-8.363245
1.647841
-7.122722
-9.809697
8.837081
2.978417
-10.384062
6.906300
-8.020501
-3.128673
7.826506
1.536474
10.953738
-7.622355
7.017940
-0.497923
-17.525377
-0.923306
2.101910
-6.622145
-4.183697
10.207965
-15.407454
8.324992
1.976827
18.269896
-19.636499
-9.831960
2.995681
5.756201
0.508619
5.329946
-6.369610
-14.618979
-1.273775
5.281556
-9.990174
5.823703
-14.362868
-13.764083
-5.707455
-0.849472
-12.400024
-6.231406
6.440357
-0.453887
11.596331
