-5.892062
-21.156694
26.853220
-1.250973
-13.079009
-33.508453
-22.894001
18.181046
-25.229761
-2.132816
30.467272
12.943191
-6.807404
29.384508
-10.127441
-28.971794
8.610301
4.303251
-27.031845
-12.269097
-11.030058
26.760855
25.579578
20.584385
-11.294190
-31.707336
-4.781697
32.760345
-5.041982
13.961099
-10.220229
-24.593866
-19.280025
17.638655
-5.317112
-10.560080
-16.212393
-21.034664
-25.456823
21.594080
2.575465
-14.948320
13.287565
-7.659194
-17.339367
29.890205
3.769605
-43.926399
-13.064515
-29.558521
-22.138550
-8.493228
-1.257457
14.907476
21.719946
35.339432
8.819974
24.805803
-9.000034
23.390259
-17.683790
-31.918894
-6.783895
7.397985
-15.304752
-23.075220
38.495701
19.873238
-7.950476
28.571192
11.302889
32.978657
-34.146450
12.343872
1.931142
19.117523
30.695677
24.679731
-13.237559
-6.856833
11.705858
4.405199
12.953932
16.372660
23.125116
31.009247
-8.682725
12.918251
-11.107412
-5.052055
35.075455
12.864379
-26.514425
-24.860340
-15.635494
-15.637469
-21.969570
-21.889605
-3.537356
-20.825165
-33.580650
-0.781102
27.971304
26.574074
21.825205
1.900304
11.905118
31.027454
23.725218
0.749061
16.463154
22.172144
6.498615
-3.616613
6.733027
7.635312
41.387081
-6.394503
37.496799
-30.226461
-26.941029
3.732646
-2.572621
24.122707
-19.399960
7.012065
34.431835
27.909378
0.060413
24.490572
-11.355792
1.712825
-4.585058
-33.871208
34.184284
10.545918
26.151752
24.522543
6.242912
5.470481
9.043031
24.952740
-26.758783
-0.765379
32.019207
-1.853320
-25.585760
4.882939
-9.642775
34.864151
3.783608
-12.590539
31.385769
17.720499
28.095924
3.076363
25.449842
-11.026716
26.023333
-24.073759
5.199768
-11.734160
27.747976
6.201650
32.025814
-9.754469
-23.251701
-26.190605
15.744693
5.781385
-36.535625
-9.892450
29.505663
25.731777
26.475323
2.413728
-29.703625
15.697721
19.139681
34.765205
30.228251
-37.799877
-5.365346
8.358439
-3.990462
-38.948738
12.364064
20.083973
15.534144
-24.174555
-38.157295
-6.985617
5.614360
-20.125875
1.751645
31.110346
-15.791999
-5.794687
-10.855975
-34.203079
-31.354961
14.655207
13.419919
19.439079
-23.909081
-4.074244
50.993931
37.348282
-27.934984
24.866142
19.511562
38.497154
16.524019
-32.126102
11.188499
-1.830402
-15.862347
-25.429398
13.842898
-19.150221
19.779984
20.358898
-25.344770
1.528142
11.002217
33.600494
8.958188
-23.581417
20.115532
18.501045
28.245939
23.557251
-32.062279
-2.692995
11.836840
28.154057
3.518562
25.808640
3.787353
16.661278
-4.026991
16.747755
-48.850208
-5.676819
-22.265949
16.336468
-23.814972
-19.351345
-9.025310
-24.518267
2.879972
-32.924168
-23.593166
-20.604143
18.448114
-18.178297
-23.088827
2.294703
-11.072202
19.740749
26.331486
-36.980263
-13.179759
-16.809301
-47.760059
-4.510340
-11.302181
12.084292
12.869908
1.883280
-14.696481
20.128387
-23.988163
-8.933705
-5.580349
-4.192075
-24.548639
-27.552114
-8.347528
12.445111
-30.200171
9.610879
-30.001545
17.434233
-20.324083
-27.406221
-15.182368
12.393808
-9.709994
37.833191
-31.065247
29.646578
4.173645
-23.169340
-11.665426
14.991570
-40.133461
-4.751296
-17.091820
-13.410520
2.296542
32.241669
-40.056572
7.617274
35.756596
-9.282771
3.929037
-22.866583
-0.318781
-24.495470
-11.560765
21.087156
-22.766615
-0.708091
5.544816
2.195565
-22.508326
-0.344148
-16.171314
14.850694
-27.049442
-25.490753
-23.765869
36.833958
13.321408
-3.830585
7.508084
11.639148
-22.949379
-34.442478
19.710779
26.839821
24.236408
7.596042
10.898663
23.194515
-15.010962
19.769518
-27.850817
11.549795
24.810843
-37.572540
-2.264501
8.927814
21.081978
41.470684
30.319399
-30.322176
12.350494
-4.940753
33.564495
28.547396
-15.415993
-36.722637
-28.101240
-22.954819
-21.563190
4.690238
0.731370
-33.380287
-20.928879
-22.603632
-15.758631
-14.109717
13.195114
17.015146
17.687243
25.864737
-4.043137
-6.252700
-22.705694
-5.110551
1.414240
-19.119009
11.277559
15.656052
-29.321928
14.479867
6.870518
18.865131
-30.321133
14.452960
-3.428143
-23.218168
-5.404241
-23.710175
-19.339895
-11.912359
32.409309
-24.901360
-11.929174
17.720722
-44.626637
-32.281780
15.196386
-26.092518
-6.040997
23.652180
-19.246872
19.099865
1.013703
16.541410
-33.269501
-5.378494
-1.366201
11.537148
-4.077090
-7.029840
3.162191
13.422019
-0.777392
11.594126
33.663082
5.509739
-21.371420
1.720392
-22.400482
22.505758
30.790976
25.707884
-8.991076
41.404282
21.887478
-30.425041
22.061457
47.038479
-17.634535
15.634615
12.509135
0.197131
-1.805407
-37.218876
7.288681
-3.379462
7.591084
26.681150
-27.829130
-13.932434
-36.196369
32.190773
21.060276
11.878567
-14.412532
3.528256
32.538849
30.132072
29.912935
-15.491110
4.490230
30.275824
-5.156419
3.970026
38.079033
-19.853518
38.230553
-11.426193
-3.854676
-8.583463
-5.092479
-12.040156
6.167394
-21.695148
4.709263
-13.972920
-19.988367
35.933514
46.852283
8.457123
-27.630047
-3.119925
32.076038
19.987629
-32.696430
-15.951056
40.565556
11.118979
22.451210
28.630749
-9.077257
6.984682
11.946054
-21.535877
-15.778016
-20.311808
23.072618
-14.197652
3.412338
-34.001740
-18.508068
-20.740059
12.419120
-32.172672
3.430400
-13.193878
6.349509
-7.984619
-5.905077
31.815073
15.479443
23.190521
-30.849567
-26.537174
-26.688700
16.561489
-2.009792
-33.357674
-21.877411
-11.529374
14.598684
-21.212051
18.242920
-19.830811
-10.267202
-27.949366
25.350594
18.301220
-0.726738
-51.829872
11.646837
31.930719
-48.013103
2.191428
-23.775684
3.987605
-2.076658
2.675603
-25.458467
-9.559009
-39.501884
23.141438
25.106104
13.291505
22.772963
-21.197308
-25.144079
9.396167
-2.463238
-11.855594
-26.665211
40.175282
25.933428
30.889961
3.605067
-35.262230
-24.131031
15.323010
30.137758
-29.245514
-1.301734
19.921898
14.528088
21.064423
14.438972
5.334184
-31.670610
-1.520763
6.633238
-14.150322
-38.281696
-31.925459
-37.504524
-25.827141
-8.508163
7.285688
20.971260
15.559277
-31.393362
-6.535262
-26.131981
15.876404
17.199617
-4.717157
-4.373987
-10.881598
28.051262
5.309099
-16.571243
2.460979
50.203857
-26.838129
3.956427
-10.623532
8.875652
38.607548
-36.247181
-17.419601
1.174266
-16.802786
24.061907
6.085196
-3.104176
3.138628
36.591900
-21.658525
15.427828
18.581263
1.775846
2.077718
28.051378
-19.282545
-21.898973
-0.654193
22.422340
-31.704441
-29.213858
-20.967667
-0.594649
-9.418776
10.181270
-2.862831
-22.058619
4.638184
16.007828
4.980281
-13.611584
29.239973
22.746777
2.657227
-0.720700
22.731688
1.687864
-9.855946
25.343603
2.657546
-27.741335
21.286627
20.324593
-17.847900
-0.287915
-26.621637
26.073421
-14.193451
12.919880
16.404221
10.776043
-23.858603
17.832626
28.162466
12.852242
-20.622587
15.624728
7.773449
-12.601582
-22.660307
-29.318924
-33.673527
3.736847
6.000447
-6.169242
1.714155
-1.350228
-3.836225
-16.290527
3.984876
27.818115
-4.351809
36.929722
-1.885596
52.596039
-13.721063
20.945801
-34.290920
-1.705974
20.510462
4.999582
-27.460585
-13.731444
37.076462
-36.293465
32.182392
-2.905566
13.019977
8.236359
36.926331
-20.006069
4.724352
15.079085
-18.803465
-25.937204
-22.835291
18.388470
12.602445
0.341138
-1.843057
12.197556
19.912624
10.672338
6.616911
34.605202
33.680977
5.210739
-12.487413
8.603386
-14.301167
17.471584
20.814341
10.264145
-9.400754
1.223076
-6.479888
17.963943
1.040802
24.708271
26.509819
-18.865131
-8.327836
35.150978
-5.680870
-1.753618
0.280499
-21.002586
19.050564
7.452204
-16.983965
3.978295
50.266659
-4.690447
-27.166868
7.707858
3.044319
-21.988251
70.522728
-15.985567
-41.693623
12.602085
-10.701355
19.113750
-14.462813
-48.383652
3.198301
9.427635
32.553265
-19.036190
-8.083178
-32.909084
30.034243
46.473793
-19.269537
-29.013582
16.862406
-16.648016
17.218616
-16.955654
1.443463
-6.170211
41.554379
-36.076405
35.180836
18.681921
23.299942
-9.408995
25.482515
8.802453
15.174120
-5.179697
-10.491350
21.270178
15.709407
35.760513
-14.230271
-5.442236
4.277521
30.584244
24.224903
25.796612
17.913414
17.279547
-0.664278
30.132824
-10.866328
-34.522194
38.907738
44.192577
-42.306522
40.386890
-17.800238
-14.187062
-18.590300
-36.508167
7.825020
29.792553
-1.932698
-19.569571
22.600605
4.018250
-2.967721
13.722921
-12.898385
25.522484
32.420723
-7.872872
9.799438
26.313520
26.814308
21.009193
19.204899
12.904983
29.784000
-21.847008
31.054970
-1.763999
26.558628
6.517848
11.336716
5.212571
-16.663490
15.979949
1.754885
28.567751
-20.409407
-13.699801
-34.327950
19.581997
19.249573
-12.225683
0.965194
11.362362
33.105740
9.215229
-6.656090
22.265007
14.675867
-30.732027
24.775578
-4.360179
-7.207196
-18.278976
-5.481974
-13.189967
13.169794
-13.574646
33.034916
4.507578
7.979687
19.870636
-22.165411
17.089678
-2.917554
14.652075
51.406452
5.012928
-22.173426
2.637138
9.877309
15.204487
26.853725
-3.670035
14.801924
36.829521
18.719227
32.235085
-11.633815
6.599257
5.888226
-23.496601
-6.281752
-37.853786
21.201986
-9.128004
11.114727
25.431093
-20.461994
-16.487774
6.362800
35.090023
-24.085621
-16.918720
-24.974628
-28.092594
34.925182
33.727787
-21.759689
11.287566
8.305943
29.360161
16.803644
35.323601
-33.636921
-25.887997
16.566347
-1.941789
-15.652201
14.761759
-27.430868
-3.147023
2.742003
7.674987
5.087461
9.058312
-28.990328
-19.022406
-11.305236
-31.907974
-26.207104
-9.094207
-16.481737
-14.876892
-18.455086
-15.351795
-41.626400
-26.429111
-52.691921
3.675484
-6.681678
-50.273354
3.026057
0.837363
14.577003
-4.299111
2.504240
-27.895300
-29.864971
21.119036
-9.743314
17.185688
4.361580
-12.250185
-20.145885
11.827662
30.650244
14.861946
-17.047379
12.294100
-17.136395
-0.424451
-16.160221
-19.121078
-5.697089
-10.022139
34.719082
2.067205
5.439555
25.516855
-39.736504
-34.495098
20.164000
-35.313778
30.890448
-28.422443
-28.268166
8.768559
26.612934
-38.063763
-55.240883
-6.541454
-25.585045
22.005159
21.357737
-0.651716
-24.859552
6.068572
0.211965
14.849969
-56.768318
-33.983192
-6.986240
-12.072312
4.417558
-19.702517
33.095024
-22.840418
10.507709
-10.519902
-6.503833
-26.314907
22.111307
33.484077
-17.563128
5.953286
-45.150181
34.246536
40.413830
-14.187296
-14.879255
-17.661156
43.221001
-17.183937
31.366318
-13.171670
10.695552
-14.791947
2.993506
47.427223
16.938551
-34.612728
17.628557
-10.091019
-2.964070
23.252817
21.444693
5.818003
27.326689
-6.391076
2.232273
9.266838
-31.293461
25.166452
30.761765
-28.956520
-38.651421
-1.098966
12.059779
-29.535234
6.596709
34.546509
-27.956739
1.452390
18.045111
7.993881
4.864952
-44.420898
-8.169980
35.218506
26.555042
36.890945
-6.309983
-6.101643
4.423831
41.477253
3.109835
38.149567
30.168411
-27.680212
-13.486701
-36.820904
-22.344362
-0.675479
-30.735376
-21.015896
6.221302
10.623997
-5.284447
15.447293
-27.770575
-1.328883
-27.404945
22.443983
40.692665
9.856795
20.780407
5.618725
-23.827557
18.975674
-37.579117
32.424702
12.896210
11.997857
-7.937194
-6.047192
17.055933
0.204421
-16.322372
-7.451190
-11.026237
14.282030
-22.217253
10.712922
-4.846954
-10.617038
-26.402679
-3.522595
21.416454
-22.059076
-28.668764
-2.813502
-5.276969
-10.818660
20.324055
3.289622
23.083700
-31.654917
-15.679078
-25.489035
32.882671
-11.695568
29.490381
-19.230244
22.694002
8.986557
12.110589
-21.893757
2.129044
-31.463459
34.693466
-8.951383
-7.138487
-18.203074
22.348145
-28.771917
-12.175585
-32.491112
1.044979
-10.898693
21.389383
-20.651167
-5.698847
-15.374642
-18.646036
3.543251
-11.520345
-13.264219
10.113142
50.633514
-12.405945
-10.397215
9.652665
-48.330017
21.721144
-13.589650
-22.029230
35.913620
-6.797544
-9.069047
3.130525
-9.944762
10.302812
-2.538025
-36.328480
-27.232622
24.076872
-18.915491
-17.180021
7.701807
0.913250
-9.820938
31.184820
-25.925207
-10.201832
-37.001633
-20.566269
-16.011644
12.799043
8.022174
-23.921734
-8.444359
-13.427918
29.177254
-32.923607
-26.938234
-9.059201
23.778332
-13.754671
-0.909872
-6.237906
22.179976
21.591698
28.686960
-9.153401
34.676121
-12.476007
27.272951
7.380633
15.791291
14.684779
-20.641527
-25.556952
-26.283091
-27.961840
5.227790
2.566902
-32.865520
-28.854671
4.233029
41.567520
-21.995533
12.340816
-0.081193
-12.442297
29.172749
-20.636211
11.018456
-18.140255
-7.749636
-10.665215
-9.489544
29.769026
24.962286
27.652460
-2.861421
32.067879
31.709980
29.854128
-21.020531
33.043903
-3.569379
9.761148
26.360781
17.536188
-28.398621
28.653927
-11.431323
-0.598522
-30.266838
15.424081
-7.303909
18.880028
0.552265
-33.401997
-18.649832
-7.201062
-21.432632
32.596302
-20.007174
32.422260
-11.112823
-5.336980
-5.679843
-18.904896
2.930499
-12.711709
7.633902
-23.984158
23.959534
4.539664
-16.328808
-6.848792
4.995730
3.619481
11.638340
4.314378
-33.802479
5.531488
-21.542763
-31.042332
8.247276
-29.404203
47.877033
17.587303
21.364367
-2.175632
12.345015
45.450214
5.933967
2.603380
11.043818
18.150703
22.967609
-28.958042
-3.655908
13.194006
1.739172
-2.782214
9.940457
11.221160
-1.265749
18.860209
12.179067
-10.142741
-5.471579
42.797367
-8.191692
19.220354
30.994289
42.756065
-2.948657
-20.148249
-28.565601
28.119881
-10.325446
30.058142
-34.534126
-7.125444
24.122154
15.903209
-27.604939
-8.654098
-12.235277
-14.881612
26.322367
-16.802078
-16.536079
-12.186672
24.590004
18.823393
16.361084
22.644949
-0.576159
16.342567
31.413933
24.944263
-34.969181
-26.967516
27.984612
-24.918562
-33.562641
59.893330
7.956740
-21.085415
-3.417929
35.774353
10.195343
-21.430202
30.939981
25.099653
21.278368
-12.125928
-26.650782
8.381163
-34.156509
-35.356606
10.362945
21.593592
32.622223
21.148212
21.275757
27.485596
-37.923996
-14.736361
14.323203
23.281660
-30.033270
17.971579
-13.204832
-27.831974
-31.045172
-13.960361
27.069416
20.041546
-1.030401
-34.432232
-30.132065
-30.339264
-0.495223
-12.964550
25.448368
-13.458499
28.167807
23.018578
-21.613363
-14.012702
18.348341
41.762291
-20.121279
8.271213
28.262743
5.200839
7.898264
18.267132
9.044289
5.687994
32.767948
21.500856
2.913040
-5.756673
-37.701408
9.372142
-37.542038
29.325348
8.621397
-13.270392
-42.541763
8.987112
-24.650028
-3.034150
11.655960
-47.106312
-24.340874
23.676737
24.319010
2.844995
-15.814089
-33.420094
-37.046528
-24.242714
-15.294742
30.238834
-6.940130
11.859142
23.586281
-3.309991
3.703867
11.623925
-15.648146
-6.634456
-15.374893
31.787365
-34.366211
-16.717392
40.144508
-33.124596
29.281130
-3.395350
15.153498
-16.012165
6.308542
-39.510654
-25.329624
-36.977886
-33.121452
-35.662659
-0.060583
21.920187
17.209621
-14.013424
19.735861
-18.260464
-41.053940
-29.978510
10.210353
2.847272
-16.169838
27.666407
-32.129570
-17.101948
13.962643
7.602128
2.975893
-6.511621
16.228760
-5.824247
-15.412091
-36.518570
-9.655228
-29.446875
-18.842163
43.336044
-1.919181
15.233488
-27.872248
40.749744
29.388470
11.427988
-17.943203
-23.509092
35.014114
-6.729853
48.258442
-2.291155
-10.950286
8.188197
-25.516356
14.800298
12.297709
-14.692877
-19.008438
31.404661
-48.624447
-32.872551
-34.904301
8.301246
20.892979
48.177692
24.686417
25.263134
6.825534
25.283339
-14.788773
10.638093
-44.296242
16.071182
23.376341
-10.942055
-2.914184
27.894518
-7.588600
-37.052872
38.056725
31.231073
-17.011724
-15.748759
10.432958
-14.144185
-4.926534
-40.572697
-23.463812
-0.796508
-22.666981
-5.914789
-10.046939
-37.859718
-11.967621
-22.735111
-6.731099
20.077848
6.451394
23.762104
0.462370
-12.606529
22.049625
14.885853
5.951451
-13.841855
10.957676
13.636680
17.571949
32.727451
38.087769
10.705323
-9.474594
28.811167
-19.957510
-14.712808
7.495549
-22.482012
-7.783951
-27.835966
-13.556402
-13.200849
-38.781830
39.475754
4.469063
9.239715
-17.235229
-7.268749
45.368656
11.323454
-35.391979
20.696194
21.864353
41.631901
-21.769171
-23.797230
-2.394616
28.672213
7.511363
16.146589
-19.616034
0.084611
26.393263
-28.251511
14.204132
22.464088
-28.164030
-25.950476
42.954361
-17.539608
2.578816
30.033995
-7.599726
-6.625565
35.875134
16.109268
23.550196
31.407360
-28.036322
-0.360904
-30.916597
19.759933
-22.699186
-6.354655
-8.051402
0.393214
53.535954
22.167730
2.122335
8.607904
6.531385
50.239338
40.927856
21.146759
14.400838
-17.782217
-5.288424
7.622586
0.965579
12.527698
10.215072
12.637044
-20.040438
35.265877
9.067856
17.092943
15.904885
5.394844
-16.201450
12.585739
-6.807113
16.989939
20.791100
41.648048
12.908375
13.811446
-26.537020
-35.491371
-5.728351
0.667387
-27.340443
14.294868
-24.587334
22.560005
34.658623
39.271229
29.657335
11.786798
33.248444
-19.483953
23.459129
19.373852
12.140663
-7.380737
24.303654
-27.063282
5.269330
-5.955065
-9.887044
-26.125813
6.290009
-41.687408
-21.499628
33.682453
-14.289381
30.352066
-17.255686
6.404039
9.678141
18.796795
5.323072
-26.371759
-12.238038
-25.480171
21.340935
52.250206
-11.029799
6.476974
11.550694
-4.854243
12.306596
34.621891
18.801331
33.176201
-24.786785
-24.612139
-9.440259
-22.572426
-1.884979
-18.341238
17.399019
-2.668864
-0.308268
-6.402787
-1.567920
-24.724081
-17.417089
21.654015
-19.391319
34.351456
33.541977
9.773680
-28.401056
-18.122499
-24.338543
-17.419815
9.900240
38.360348
-25.648336
-20.519819
-8.248026
27.025099
10.920688
26.786545
25.658644
22.799175
19.313162
-12.528046
8.215645
-19.039635
-20.489079
-8.210546
-0.078838
17.260668
-20.645716
22.474987
-15.235108
17.852036
34.516678
-3.580007
-6.409610
28.889828
30.580709
-30.243822
14.188951
26.634398
-28.548634
-10.560221
18.567968
-31.779730
13.166628
-24.168886
-17.055416
-31.660278
16.614113
-12.820024
-31.085358
18.435158
22.892626
20.177122
6.830751
22.159555
-14.888690
39.093056
1.284469
36.737209
25.554995
13.461478
36.999550
7.935290
-30.045599
-13.680900
24.709007
-20.708141
3.481261
-15.566145
-17.871372
-18.341312
-7.634044
2.607512
12.311264
-11.199148
1.001028
12.636118
-25.706379
6.454297
-9.739471
35.562744
10.424070
21.314192
27.629728
14.872719
26.445673
15.366886
-18.633347
42.314480
24.134411
-26.211210
16.618822
12.876616
38.206581
33.591488
26.084146
2.644853
-12.105069
-10.639386
13.535081
-23.010389
8.489451
14.173384
-14.574722
17.533440
38.649166
-14.935966
5.148461
33.492054
-10.474874
26.622324
37.207340
18.592709
40.784988
29.128618
9.991582
-5.194044
14.093252
-18.197701
23.463009
-19.121481
33.543182
-2.209440
24.231497
11.638463
28.595104
-16.851048
1.210528
17.348724
-9.796793
1.935714
0.876229
-17.306650
23.732229
-38.169083
-0.368131
-20.012419
-22.369101
-23.088253
7.037042
29.959740
29.579725
3.131277
-3.753317
26.392319
30.159079
-1.951560
40.294876
10.884332
28.169041
-13.804769
-42.724777
6.615285
22.216198
26.560608
17.723534
6.598807
20.842115
-8.572434
6.665031
-27.124424
-26.768759
-3.025523
-6.768803
-10.274718
-8.673402
-36.808079
30.681519
-35.488602
-0.374196
-28.938334
10.660836
3.882581
10.456265
-24.675215
16.457405
6.879537
30.078775
10.796740
-10.434709
-1.005718
40.145164
8.939053
-24.558138
18.008316
2.711010
20.584898
6.918033
22.933178
-39.209332
26.957815
1.810383
4.764698
18.746063
-6.409705
29.753052
-16.474773
-38.732994
-16.305161
-23.619427
24.317377
-38.628151
20.369221
7.051391
-19.063837
-0.536312
-31.257864
-31.366419
12.637380
-37.275681
6.193562
-7.801684
-7.696155
14.277356
21.091162
-11.944706
17.680996
-22.988028
-18.058466
19.150330
16.736542
-17.697729
0.990489
-16.288889
3.532657
-38.101170
-6.019928
-56.519810
13.377500
-10.041389
-10.223982
-7.059125
17.261230
2.609744
9.109186
-32.340363
-18.153864
-2.600164
11.547702
-10.284903
30.118740
-49.996941
32.852200
27.004847
-33.474575
-16.728640
-26.187885
5.062495
10.093012
7.132355
22.647596
-33.138336
-4.947175
-35.076641
-3.635397
-8.296565
21.242434
-31.797920
21.989437
16.833176
-15.981615
15.119289
12.158717
-33.415257
36.134369
-18.276175
-3.192213
-38.007298
3.524322
-3.071190
-3.293525
-17.892420
-32.508041
-34.987011
-27.261406
-27.387590
-14.476262
-44.218201
13.463552
36.327881
22.920725
-30.326715
11.929281
-14.538983
-10.315547
-12.422666
-33.944221
3.625989
5.386354
-4.932808
35.248917
1.031544
10.920081
-23.025547
-26.454950
-28.725069
14.736852
20.280174
8.015251
21.832777
18.575106
6.007676
23.922781
-4.382920
18.446043
-5.930285
-11.843886
-25.455242
23.105478
-28.189116
-20.710609
0.225651
28.724876
-21.805780
-28.934240
23.902292
-11.207145
-33.004120
-21.167559
-17.258326
-16.660023
-21.234333
-27.404154
10.992002
-5.252217
-24.553795
-26.378012
-24.869385
0.066361
-37.175064
26.706108
31.571409
-3.357272
-35.671364
-22.463720
34.339924
24.574165
24.866756
-33.231201
-20.055653
-3.138701
-30.557882
-6.847384
-36.388073
-18.102520
-22.179762
8.881914
19.670969
-10.016524
-19.456915
-23.866903
-9.574038
25.536638
21.748655
44.225208
1.916009
-8.001904
38.194332
-4.411593
-33.121948
-16.537798
22.109697
-16.965445
-22.044008
1.414332
37.947155
-17.962187
3.265527
22.067509
-29.318817
-11.928233
-31.667141
-8.565836
-7.538559
2.949036
-7.917986
1.975956
28.842901
-26.600744
-27.774261
27.068356
5.191059
3.909742
26.816729
-15.645459
-20.589790
-19.415964
-17.085484
13.038643
4.785319
15.178231
-14.191723
-21.640574
14.627282
11.683045
25.117968
22.534864
-25.843405
-11.947962
9.359752
-4.824044
-17.897503
30.251705
-20.077635
-23.682943
-17.921209
2.463429
-13.161377
-7.084361
-11.104332
1.669056
-25.153803
27.860348
2.947860
2.440776
37.114738
-8.580930
10.124388
33.840935
-2.598122
-5.626557
4.568461
34.466381
-12.393913
-14.699205
16.827209
7.880035
-11.731678
29.026978
17.084347
37.239056
-25.088591
-29.820087
27.583372
13.893366
-0.888903
2.342492
-1.081776
-25.979364
21.803003
30.039446
26.392660
17.117117
-5.879564
15.078426
28.615068
-18.772417
18.397305
56.277046
42.694092
54.346493
17.875690
5.390801
-22.075352
-23.639662
5.854361
-10.689262
-26.250778
12.021552
11.986374
-17.001301
11.717486
-19.719305
21.280685
43.657124
-1.063832
-24.145020
-25.686317
-9.092663
-2.005116
21.882961
-21.645235
-29.019764
-22.812225
36.819504
8.061328
-41.784355
-4.160104
16.753950
-5.727123
-1.606735
28.106829
6.545871
14.284547
14.950078
24.047268
-11.908910
-10.802076
-35.170242
48.252460
31.432993
6.148542
26.927301
12.929489
33.143932
20.839273
30.037935
39.878242
20.889303
11.528735
-26.380003
-3.409675
-6.498345
-3.540128
35.330952
10.809671
-4.845958
13.458420
12.856565
9.503001
35.647774
13.881519
21.665071
-22.346443
24.531866
-16.225605
-24.719202
34.441872
16.003607
33.863960
5.126247
-13.670614
14.266783
24.609884
37.947876
12.923621
-34.875320
11.269527
-24.555347
18.335613
-2.665254
19.914610
25.476358
36.336227
-19.401575
-15.228591
1.260562
22.613981
7.446490
8.564432
-18.959888
1.313970
-10.626946
4.676261
25.369705
32.994087
-26.432602
-7.763864
9.772519
30.653299
18.146666
24.140640
-0.702727
-0.650698
-27.597246
-8.931799
-11.462988
15.300834
-12.525887
35.948235
38.481056
-9.243981
11.533716
36.111164
-21.036688
4.396280
-22.352821
6.770096
23.026320
-35.978886
15.641971
29.735567
-29.160007
-6.098045
16.516891
3.517097
11.159627
-3.750905
1.189370
0.712405
-29.117060
-5.956532
-16.367640
-30.559444
28.408134
15.837574
5.178404
-26.655079
15.678275
11.360872
19.975098
-26.420874
-1.041239
-27.899389
38.285011
-21.073093
4.458162
-32.600471
-34.564507
-29.243797
36.786869
-7.781639
-27.362816
23.664932
-29.583193
-14.477214
2.368402
-30.885529
-18.072739
-11.561280
-16.728399
-47.276806
10.888363
-22.715078
-30.061558
-26.072985
27.514576
-35.059135
1.732644
-16.406023
-27.310619
0.763177
39.885223
-7.568588
-26.142666
10.513908
10.994869
-8.035360
-33.462742
3.736651
6.177114
54.974934
-24.159473
21.791937
-44.658012
-10.387471
0.723964
29.346584
-15.924329
-36.328598
-22.053658
34.158333
-35.931873
2.768861
5.684383
-27.884544
-38.478607
-25.994724
-27.384312
-10.708654
-37.121304
7.629171
0.328370
-9.828067
-37.025379
-14.777330
-40.289543
-7.853222
20.701277
-6.239576
4.118929
-8.587061
-12.200656
31.766388
23.638733
-28.652296
-22.155962
26.804815
-13.503332
2.121077
-13.504297
21.934113
-32.613331
-14.105363
-7.566797
-34.582058
11.712254
30.419363
-1.097220
-7.255838
22.089146
-38.259007
14.778234
-8.225354
26.177782
-13.447830
20.260899
-9.405780
-25.111021
-10.386349
-21.256845
27.529434
1.769481
-25.284121
-27.573381
14.025702
5.048646
-6.371596
43.204132
-27.320375
1.975490
-11.403031
13.248025
21.944033
-5.956764
-17.146126
40.608776
7.952256
-3.316825
-21.284456
-21.438084
1.858018
8.537701
22.041815
-25.080290
38.709267
26.608101
-25.228064
-9.649799
15.407361
35.375065
27.940653
21.009012
-30.645046
27.301857
-24.692041
-15.567517
5.204694
14.725220
-28.367949
22.811735
11.478263
-31.600115
4.342924
-12.984549
32.124245
-24.419462
3.171682
27.808455
2.625078
6.966149
-27.663742
17.873510
-14.713107
-25.318233
9.494213
-6.529125
-11.318608
-31.901089
-9.449240
-20.412611
-30.215912
30.357773
-3.972362
-24.184681
-32.794880
-34.672443
-9.289014
15.774179
-16.466124
-5.912914
-45.070335
33.898560
7.501305
20.145910
-19.770750
-3.973552
-11.526812
-14.924704
-25.106955
-20.411921
35.698490
24.657543
-32.366505
20.879730
-22.458143
38.252583
-37.702854
10.244030
5.497999
-7.730869
-18.688240
-27.346575
3.966672
25.467743
-4.700473
26.365944
-11.328559
-28.990698
-17.047251
-28.866928
-3.326864
-0.460242
-0.520025
3.189947
-32.114925
7.635229
-22.331390
18.500528
33.521458
26.360689
22.473606
36.538399
-1.026071
-36.538589
16.879383
42.297634
-12.342304
5.563895
37.682671
30.067253
14.620415
10.775908
36.148540
0.199854
23.826860
-14.788549
11.051597
2.936226
-31.004574
7.544369
-11.457719
-12.983455
17.480820
-22.339819
23.653749
25.971668
-21.607740
44.906979
9.596262
-13.875428
12.127821
-25.173903
-25.283989
9.018996
2.105033
4.085314
-9.341102
-9.078792
-19.015388
36.890251
38.093399
22.728407
-19.718613
31.558100
-19.822790
-19.090378
-14.921314
21.736876
-1.440043
12.698354
29.055149
13.783626
-28.685488
-19.854460
4.812158
41.037857
18.296965
31.340643
-26.958176
-17.269432
5.685882
18.964483
-23.790144
-16.851810
20.229656
8.086937
20.280117
0.051925
56.103931
24.249884
-20.857088
26.078991
31.337572
20.961191
23.736322
-11.213576
-35.143688
16.417801
-25.451864
-23.805433
58.576225
13.892308
0.915383
-2.286516
36.692383
28.911755
-11.497746
13.785276
25.785500
19.872520
-8.453621
2.860292
-12.853765
-15.749794
-12.673201
10.122553
34.611858
14.678652
20.168982
-8.968223
10.075519
4.167336
-12.059669
-17.145227
-32.859406
11.825015
22.584187
32.514233
-21.816860
34.604824
-35.227337
3.311087
-4.368635
40.414993
-15.731938
14.364259
32.075916
21.661148
-10.753500
-20.022282
8.072232
15.170428
13.583700
-16.368725
24.961416
10.639689
-1.111514
-16.434801
-1.738610
11.497442
9.677910
12.418747
2.706612
-25.900270
-16.113695
7.596599
-23.979956
-15.710155
20.727894
28.255276
-14.454971
26.120388
-8.914905
-37.664555
-34.483894
-12.056440
19.290699
8.997245
-21.704020
-28.188837
-7.175190
7.485994
31.428959
-1.905622
-14.261544
-5.463875
12.038129
-29.416407
-1.084196
-29.169436
-40.198608
40.053173
-50.574295
9.997237
-1.341882
24.105120
33.169952
-45.247879
-40.572815
0.302842
-25.597155
5.546216
5.617840
7.417251
-2.300939
-17.615549
14.300641
-20.593143
-23.844202
28.590717
-34.671116
21.854452
-36.862885
7.145051
33.572224
16.045040
-27.757490
6.088136
-3.470418
5.206563
28.434374
-13.498499
17.301929
-6.944628
-10.330032
-11.922369
-41.610428
19.461586
14.200391
-13.793431
-10.448394
-11.358335
28.004299
-30.206123
3.995405
6.440716
-12.603045
30.151314
-14.759321
11.686796
4.815481
-26.484558
-52.520023
-22.951874
-12.541786
-33.954697
-34.344585
-11.517123
15.454729
16.982567
-19.086283
-14.491862
40.195076
-24.018234
28.414898
27.133316
-21.606392
-39.629238
-26.930536
-11.306998
-14.560197
15.604015
27.760738
36.387081
-34.839706
-0.179834
-9.431427
-23.171898
18.585302
3.233757
1.369727
-24.020544
-17.431320
-12.623813
-30.559315
-10.337684
-29.484713
-1.721892
32.299183
-29.332092
15.253922
-38.711689
-16.262877
-9.544521
32.945469
23.137997
-4.082786
6.739077
47.395763
21.185905
-6.697126
25.849756
21.180523
18.760115
-2.284919
-16.188063
-18.601707
-1.365918
-20.238890
-5.757544
-22.879553
-4.092950
-36.797863
24.650698
-14.545776
19.313389
7.767508
-5.731935
31.728767
21.251400
-9.050838
7.817560
-9.447176
12.752749
-9.191249
-22.112169
-27.622715
31.674480
31.597193
-29.667643
5.189375
2.759220
-21.912668
8.382460
-23.500919
14.651643
26.299555
24.005964
26.071554
18.521091
18.452168
4.243724
-6.655591
25.753510
16.387146
-14.789801
-7.463472
2.903666
-12.899387
-20.342152
-9.391431
26.915802
40.269787
-5.267006
22.154579
-21.023045
36.205246
22.619513
20.197206
-17.627138
47.285248
-18.218069
35.171818
34.953747
38.850285
8.880920
2.761029
-9.082942
-14.334873
30.066235
39.863453
9.586443
10.564275
19.297190
13.533010
-9.078784
39.697506
21.369312
-24.974268
32.891418
27.465593
39.913521
-28.411877
9.646799
22.652971
12.947392
-10.164837
-6.792470
4.079133
5.671509
31.892809
28.801004
-15.394112
15.996835
1.358465
28.966326
-10.526711
-7.035847
-9.073455
25.780735
-11.378345
-25.882671
32.377373
29.918898
-9.949030
-32.878288
-6.539618
27.844179
0.814177
-13.730216
-14.988664
-13.501188
-1.606058
18.075607
17.077015
-38.041603
19.495619
12.309152
13.162337
-19.792624
-32.630192
-12.621574
13.816257
-0.549996
27.484901
-28.053078
-0.204762
-21.689999
18.323755
36.119324
-8.557456
-28.198547
-33.450470
4.054928
-18.637707
6.359394
10.079246
-5.073659
-21.457285
23.426689
-2.988327
-8.000924
-0.476733
35.007572
25.471025
33.457352
2.177368
7.449353
21.874277
37.026669
-24.534712
31.938887
-4.444158
24.733648
23.224733
-0.327987
2.571374
56.316208
-26.171423
-24.483961
-14.969316
18.102531
-16.774454
-4.802913
30.781902
15.520565
35.212486
5.069452
17.982603
-46.303413
-7.665307
37.217155
-28.188015
-21.169987
-8.739784
-36.317101
-29.430939
-14.686174
48.463482
-20.183880
25.208956
19.263113
-19.399866
27.464241
1.978238
-32.954678
20.835522
-22.260145
4.607644
22.162024
-7.808985
11.889537
9.273547
-35.890396
27.158556
-9.933399
-21.138929
16.930391
26.147219
23.332565
-0.763125
19.539530
-25.843119
52.016861
39.313835
24.838568
12.800229
-29.837801
32.903183
33.302475
-21.503185
31.077318
-40.757446
25.130993
-5.297326
-11.475922
8.020793
-18.180876
50.466663
22.650694
7.481233
-2.402959
0.906728
2.208970
-4.902652
25.697834
12.385057
-6.469467
4.996562
30.388742
-13.140288
9.820395
36.883369
28.451460
-35.988335
19.329830
-41.937943
-9.471907
29.863979
11.732390
-11.999181
21.327503
-24.497736
-26.491751
-9.645257
-33.296509
16.516331
25.137585
14.772936
-28.873438
-38.895821
-31.620619
27.173828
-32.059624
30.329100
55.554684
43.719402
8.097059
27.172478
-4.599325
-29.353714
-23.824593
15.109793
24.272089
-6.513908
-32.711117
30.247181
-20.875593
-41.535744
-22.757301
38.569218
-3.794976
6.324803
8.900324
-22.845654
39.457302
17.943489
-32.804962
46.947796
-8.438110
7.063139
-20.826132
-12.775231
-34.247787
-16.118050
3.869943
12.333289
1.339687
25.080309
16.990805
-31.206270
-27.988991
23.405926
-11.603608
-6.943971
-11.074322
13.354529
30.933617
-22.457901
-7.846932
-8.651120
-19.791952
5.177315
16.874819
26.601713
20.638556
-20.347797
14.664550
19.188414
3.741343
10.848285
-33.341362
13.528993
-16.121044
-9.612633
-4.446676
-34.398788
19.912983
-15.000439
15.091882
-35.154644
-21.211996
3.338537
31.151014
-37.398880
-6.477771
5.894918
-32.572983
30.525728
-3.124559
25.414576
28.109091
-7.238273
41.300655
20.755865
-17.553549
-21.729103
9.532601
-9.555337
5.247243
38.635227
-15.142844
17.605343
-21.136267
11.386118
8.559505
-1.763853
-23.180309
-11.774537
-21.250738
-9.793649
38.896938
6.761350
-29.980875
30.490232
-30.318480
-3.282273
-11.839026
-14.632462
-8.366318
22.819542
7.088320
17.638796
-14.941551
0.523679
20.191481
18.183914
-9.316998
-21.326797
15.069928
39.527702
-24.384649
19.517664
18.376650
-3.139884
15.148211
3.600091
-1.901053
32.168697
-25.594460
5.201337
27.074675
32.159637
-2.628008
6.353755
42.358776
42.247292
32.859158
2.475128
25.853668
18.658894
-9.644778
25.283047
29.634319
18.515459
-22.092474
39.246243
22.851847
-30.773922
18.934118
12.487158
26.562069
-37.496578
4.270817
9.013384
55.634399
20.181736
37.650349
46.838535
-26.680817
-8.079110
41.182590
-22.480362
9.104456
-9.508864
32.232014
40.019196
-22.759752
6.209328
-29.047594
14.152361
-29.541273
18.102585
17.014023
-1.622808
15.395965
5.698174
-16.351711
3.414486
-30.106857
4.727419
-0.855496
18.565615
20.049669
-23.724295
-28.108660
17.799517
16.598364
24.678135
-2.661154
29.106041
0.699050
-8.747423
11.204861
9.642436
40.777775
-9.716081
32.482830
10.554755
-15.803788
33.557594
31.679714
20.950167
29.544683
37.829006
17.187052
-30.934940
-8.441235
-17.600803
26.757477
-6.971997
-11.345257
-5.057823
29.559380
-11.467860
-19.578087
-37.868416
-5.316896
-23.257757
19.874929
-19.912371
12.619175
18.587898
28.807203
-5.437883
-41.543941
3.222915
44.720737
22.561220
32.928665
-4.516491
48.085270
17.307402
5.154401
-22.104988
58.595284
23.274889
37.276321
-6.606325
14.692486
29.848965
34.385838
61.434029
0.583128
43.390450
-14.765430
-12.639362
22.475525
0.742956
17.662991
60.887718
6.710270
-10.731398
-6.348629
-42.877628
23.515291
-32.366047
10.150906
20.027607
10.082878
-25.150732
43.866882
12.980102
-16.828421
18.979351
33.489868
-14.253465
-45.741035
8.618881
35.818958
3.217567
24.137318
-4.276450
21.017326
-38.050182
9.410087
-15.179818
-14.779822
24.158163
4.124754
-9.349527
49.010727
-45.464218
-14.538044
46.272762
30.906744
-0.419979
13.600998
7.102484
-1.215307
-20.630344
-38.643593
1.442182
-31.203182
5.553587
17.799589
-9.153039
0.189678
3.141753
-1.382912
4.233198
2.992167
-37.115181
9.750332
-17.006132
-1.492371
-11.064477
42.614040
4.950407
-26.722347
10.318313
-23.098400
-15.276382
9.559465
-8.112516
-16.505623
11.785444
-9.377095
-18.703064
15.842214
-1.350967
34.991222
-28.113770
-17.456575
-4.281610
-40.574314
-15.217032
6.622954
-4.247358
15.365009
-24.433865
-6.678550
5.971149
-4.386790
-18.280016
-12.162180
37.439953
-29.915352
-26.538427
-3.853806
-24.643412
-0.831970
32.189159
27.185373
7.331083
-7.264824
-6.341545
-2.853424
3.021178
-1.254974
13.245627
4.134188
8.932999
-22.291245
54.119720
19.575716
9.001542
-25.832888
-15.580612
-30.690382
11.428340
-23.495474
-28.420652
-0.271266
19.575087
-16.266106
32.596020
-7.562382
42.407013
-32.397736
8.646449
21.482018
-7.975241
-14.726743
-32.293858
-20.778944
-13.328867
25.477634
16.387096
-8.082664
2.487224
23.457247
1.943782
20.532753
-7.845974
-17.023590
7.786442
3.457215
15.988782
30.571644
48.022152
-10.573943
-12.055284
-25.530199
-35.047512
18.685993
5.597540
18.628302
-3.791856
-21.192223
5.850689
25.906475
-2.657840
-16.344746
6.133283
24.533724
-0.653540
31.828987
-1.134204
48.810814
-2.987521
3.556194
39.138351
24.441402
20.363409
-21.825289
19.434717
17.634214
0.856302
47.097782
15.972718
17.730206
-8.021084
32.573750
-12.086343
-27.202822
2.595139
21.860807
0.336377
6.083320
22.425785
23.284372
28.178547
30.245792
-11.295781
23.999390
-18.743164
9.901390
27.971342
-24.516218
-17.430796
-36.485260
33.818604
-19.158453
8.751147
-9.968900
-5.203598
35.812523
-28.555817
17.166174
-31.133209
34.437263
9.993728
9.119615
-32.489330
-9.186023
-19.172192
-2.242653
14.485641
14.436855
20.084309
46.356400
23.948347
22.191755
-7.108503
-8.491788
23.115807
10.901414
-7.034719
5.478127
56.311863
14.009571
7.917740
2.925470
39.461483
-13.200598
11.352393
35.006905
-24.849188
-16.919125
43.694874
-2.539652
24.713804
-33.211418
9.985756
30.250851
30.623928
-18.098053
-7.841231
-21.004345
-7.300965
39.618195
-18.978807
4.624350
23.304119
4.087760
23.610571
22.697720
14.528624
19.953579
16.829357
-5.650467
3.043903
-11.711817
-9.259662
-8.723567
25.221407
7.356515
-22.031048
36.554733
35.177315
-7.209415
15.322257
0.755579
-19.316626
5.514711
34.282677
-30.235189
15.469971
28.643114
4.539713
21.209320
24.901989
6.886085
21.898348
24.704809
-13.507450
24.142736
17.907263
35.581879
-27.475456
24.713636
26.116856
-2.003382
-41.058201
-25.471943
26.780231
-21.658745
9.872246
38.526413
-19.192465
13.123693
-5.917186
21.076370
15.060186
39.280479
-23.000822
12.745995
0.531544
15.124226
0.391697
-16.144974
-10.154930
-4.341185
-31.820351
-0.408836
2.160452
7.270146
-36.834282
-15.491751
-18.181673
-22.744411
-15.933542
15.376611
29.298004
5.245251
-9.777701
7.900651
-1.516099
-11.200396
-8.619726
-2.216729
2.467054
9.633269
-3.412255
-22.462355
-8.132497
-9.750332
24.725914
-26.878521
37.008347
-6.316266
40.336468
23.708475
-13.936990
17.309099
17.488173
22.123371
-16.290895
4.335186
18.145910
13.493610
5.714214
-4.982136
35.337219
0.038801
-6.259067
51.507210
-5.058138
-0.218994
-34.845997
38.330406
-7.780418
-3.490361
-11.009743
23.464741
-24.942808
25.009056
-7.800818
28.585787
-28.136345
29.649874
9.639667
-4.111886
17.277567
-22.697754
28.142223
-42.518906
-16.867453
31.877132
-11.932219
10.608361
7.530756
31.267801
-30.877953
-10.964505
41.045597
7.059049
8.400083
-16.717464
-26.900494
34.037460
21.486540
-29.189289
2.727941
8.594279
15.445251
24.133074
35.955742
6.837627
33.357101
-18.924465
-23.807013
20.277388
26.974813
6.974865
1.024527
16.977913
20.000780
-16.562092
-5.065708
4.889820
5.823091
-29.104492
29.343208
-4.885040
2.958829
-26.530010
-21.536001
15.450609
-26.860895
21.048830
-7.395133
-5.177662
-28.176151
-34.345978
12.569534
-7.987299
27.569567
29.863474
34.535263
-4.053328
-16.624659
39.937302
30.149521
-28.433672
-13.746097
-22.754475
31.470886
29.411366
-7.956280
17.491688
17.278994
-28.835165
24.851831
9.630381
27.246189
-27.389956
31.378778
23.562441
-3.508811
13.372725
-6.013401
34.528591
6.356037
23.356964
-17.680105
29.842550
1.665049
-26.714714
10.132457
30.362928
-0.995256
0.150004
20.864937
-25.606678
-16.911020
25.123121
7.232603
-9.381923
8.550243
20.874180
15.396949
-28.506716
33.032719
27.962286
15.263340
30.594765
13.981544
5.270802
19.523304
-0.366578
23.803808
-6.093997
27.738235
-23.755579
-31.664257
-27.154688
-16.632652
0.076485
34.672359
-11.914890
8.956524
-26.139584
-25.183655
19.610489
34.438774
-32.065399
1.145428
8.762284
-2.325004
5.957955
21.202774
32.262157
25.793085
-29.812155
-14.339198
28.908667
21.060823
6.307961
30.308470
3.675621
-24.320312
16.982023
-15.420353
-33.420387
21.830259
-21.593313
-14.275355
-21.769854
-23.290873
-5.478538
38.077560
20.526489
-5.446311
-2.945394
-7.737385
-24.624378
1.429293
-1.642619
-15.400871
-34.723541
-39.740673
22.768625
34.134251
13.199357
9.613326
26.912312
12.259397
10.907221
-11.025913
-5.349137
-12.038306
19.029322
22.022087
-15.435149
-27.721872
-40.525814
27.025019
11.015543
-4.138630
13.509067
-5.989509
31.179972
-0.309973
-20.267859
42.733215
-37.210159
-31.277010
19.607748
-13.539526
0.878087
5.059473
27.427301
23.959351
-36.439236
-4.755035
-11.393061
-7.330956
-29.989595
12.156528
30.019650
-21.278641
19.885010
28.711639
-0.049974
-25.353260
-37.067142
-37.924065
-19.023754
2.274523
33.896805
-15.261174
-11.732284
-15.258870
-35.259296
24.850697
-18.044285
-9.717882
-8.342285
-2.298118
-30.252907
2.554742
-21.382383
-37.963501
-14.256735
11.852736
6.573429
-51.452801
17.475037
13.293612
-14.316000
-21.723064
-27.146856
-13.020913
-30.850918
-27.196577
22.390928
9.293492
8.027785
-21.716585
22.834518
-7.003932
-7.285560
-2.456000
-20.274948
36.804665
0.738616
34.803757
13.680104
3.616907
-13.713069
-11.331231
-30.964411
-5.689672
-26.959288
-14.926667
8.062980
29.636972
8.915538
-10.440251
12.448730
-12.137559
-24.945026
-22.752615
-20.098898
-37.920494
8.666426
-25.315369
7.114191
-0.087949
-18.655794
-30.851675
8.556367
13.081249
37.908695
-31.326487
-42.362324
4.879927
20.238436
-33.218586
-29.456518
-31.143066
-32.141312
14.540343
15.739254
2.441664
13.756168
-2.992142
15.865456
-19.206621
19.173529
6.525463
-24.902723
-9.911323
-28.622120
1.449751
-17.563524
6.925440
-16.953564
11.298919
-27.134413
9.235010
-12.846675
-35.477856
36.197678
-2.056316
-6.182300
-32.215118
-8.438383
-31.621437
1.654559
-37.692966
-6.777388
-18.308353
-15.745394
-6.961077
31.359020
8.287835
-32.438812
21.315763
6.982614
18.982420
31.534792
-22.536251
-5.260110
16.031662
-44.822876
6.515622
33.099766
-11.374879
-26.431324
26.691757
-2.416164
-25.940233
26.441294
31.415970
11.054501
18.773815
1.187607
-11.413296
24.469145
2.974764
-9.661532
4.495322
-20.679049
-27.761160
25.084623
-7.078142
-9.762871
-2.027920
-3.059234
8.038602
-11.529646
-4.744178
-8.545137
-11.362187
-9.383236
-14.856765
6.267899
-30.520479
-35.105373
24.076553
-10.450231
-9.624667
-19.445677
-24.779905
22.639158
1.955193
18.765471
-20.054575
0.788264
-1.753959
20.086779
39.814106
3.988837
28.995747
-11.874529
13.711174
-22.487537
22.276283
22.884752
11.795887
13.854588
21.468239
19.586573
-5.922355
-29.574661
40.687107
5.490436
-9.900049
7.925992
23.609756
7.898980
38.181015
0.201118
17.320950
32.465473
-14.409453
17.638971
1.849649
-12.691286
17.215204
-31.097408
9.047083
-25.409628
0.714199
38.675262
-28.956280
-2.137606
-21.710499
33.423752
-17.474693
9.205056
4.428398
-21.175390
-39.928074
-34.826889
-14.567958
-33.230568
41.440014
18.684181
-0.181885
12.895791
-33.678288
14.313099
10.755587
6.958705
-11.583273
-17.644043
22.459623
25.665140
49.855091
-29.996513
-18.258959
-20.276455
-2.936623
-12.410918
-35.897064
-19.100420
-5.087553
37.054089
-0.621950
-32.527367
7.024924
-18.112402
4.608829
10.421088
1.724390
31.012745
-32.315895
3.532356
27.533081
19.829229
-47.439087
-11.188966
-29.064428
-31.974056
33.074276
-14.086827
-2.704220
-9.802592
28.985434
-29.047070
16.218290
27.755566
-25.212322
-2.715928
-10.420954
-21.141371
5.790203
-29.340258
28.012442
-11.541210
-23.187378
-3.256857
-20.141075
0.920634
-4.595788
11.924121
22.882286
42.152416
-32.295120
-25.020491
-23.364574
-15.315063
-23.402744
-46.249149
40.388042
40.459549
13.650115
-31.590899
16.487080
34.465599
32.364521
49.378231
29.405708
-38.787449
11.997724
-41.831131
10.409064
-22.671345
-29.265657
-30.172264
-12.147161
36.128815
-14.130653
27.955591
27.281942
22.119349
15.381241
-7.307203
-18.349958
-29.820923
36.868427
-12.434934
26.546045
5.616934
-20.670259
14.340908
13.516284
-9.044806
-9.365264
-10.101441
2.071617
27.870998
-9.289681
-15.186182
-12.087219
7.356591
35.621712
-34.105572
7.782312
-13.186706
25.273710
-14.289786
44.690926
-39.467297
-19.922653
2.197131
-5.072038
18.554224
-27.115625
-2.574139
-0.187335
30.929859
8.051044
-30.622276
1.432271
19.574863
-20.854246
-35.856647
15.689204
-5.986937
26.891184
16.548744
9.195159
-9.904053
-14.226475
-14.443806
-8.320447
13.439313
-43.213249
21.964422
32.667931
-26.555115
25.144459
-18.107885
5.698723
-11.525805
-23.707096
-30.940502
52.939365
-0.118815
10.366821
-4.213789
-9.386946
27.507704
-24.198500
18.101797
13.158604
13.549485
-50.950157
-7.707703
-34.544758
23.685617
-21.289333
-28.324657
25.713173
-36.991283
-33.525078
-14.050910
-9.469412
27.210865
14.089860
35.439228
-3.084708
3.783196
-34.448009
2.588312
23.229542
-19.064268
-28.274660
25.126839
-22.298031
-26.619112
5.791159
-28.032995
10.809597
-29.823753
26.446474
-22.324018
24.982471
0.202507
-10.717365
14.635129
13.753909
1.271969
-2.627832
-22.831919
-23.934429
-13.338888
-5.362257
-12.799693
-2.832503
30.317350
-7.796113
-32.302135
-37.612385
-28.697693
-10.427980
22.146812
38.837055
26.566557
27.559752
13.823011
10.137385
27.424812
11.393333
-39.737541
1.551974
-33.568913
31.583157
-0.002441
-15.558491
6.133210
10.607373
-13.537533
-17.271452
20.985956
2.216226
26.715080
18.561367
41.907166
-11.590735
-25.111774
22.991096
18.570166
1.002135
7.689027
-21.266813
-6.105420
-32.163128
-27.267788
-5.266890
1.682725
-29.037518
5.335162
0.670086
8.331289
-23.669790
-12.757360
27.340729
41.382423
-13.063940
-15.556652
-21.243761
37.641541
28.793604
32.021248
-15.872760
-15.651499
30.132772
6.567945
2.613056
-6.815308
15.863219
25.580482
12.506995
1.352244
-12.559347
-13.370727
16.107323
3.508181
-23.637114
20.698904
-17.504627
29.876062
35.126461
-14.046316
12.583838
27.534060
-5.066226
-4.406515
4.401310
26.816298
17.972677
-18.496834
26.034550
2.487676
-23.857506
24.579828
-28.682909
33.551796
-13.217770
-21.296232
24.245153
8.287172
15.283785
26.987915
36.495796
26.839945
4.237282
20.889965
-16.544546
35.096462
-33.248047
45.332554
27.602116
29.747137
-27.944263
-24.113976
-6.691984
4.461002
2.147674
37.047997
-5.368980
2.259735
-21.139959
3.732346
-16.170048
-3.883697
16.164080
14.454967
22.635422
-10.062741
19.857447
31.408091
-3.352397
22.247036
-10.453980
16.799835
3.696444
-20.630707
16.609573
-8.015966
29.901882
-21.511215
-29.068741
20.013966
7.084443
15.808431
34.981209
22.805824
21.938698
7.658408
20.231058
3.319852
44.264118
28.804451
6.809714
28.862719
-2.361682
-5.850418
-19.955875
12.991298
0.555362
-8.794353
2.308760
-1.563763
22.178961
6.829852
24.889475
4.261292
-18.092571
18.754097
-3.330925
24.557146
27.811865
29.906754
-9.814275
-14.708791
40.842075
13.855948
17.671316
-3.454746
26.788700
12.404610
11.683726
23.647078
33.183254
21.886641
-7.747894
15.410579
17.939938
-8.163485
-11.319611
6.224879
3.901022
-52.460522
-10.373165
-10.162703
1.514291
-6.962306
39.783031
30.885811
-27.613152
26.429741
-3.129040
-1.030037
3.305554
-30.074673
6.662791
30.055807
20.610651
-7.285040
-11.214843
41.133133
18.067167
-22.529100
40.425194
13.525139
30.628889
16.113781
36.673443
-1.827998
31.295238
34.220516
-17.190454
9.067237
43.972031
34.111847
-25.656059
24.512342
-11.904768
47.144005
-1.651998
-20.800995
-3.192404
16.051214
8.997014
19.383471
44.339733
-0.983183
19.897421
-0.785097
27.424889
25.124210
3.952965
11.311525
9.806422
13.835215
-29.389723
-4.308781
12.173033
-7.926957
-28.046986
-3.109910
-9.592789
27.372845
-14.805568
30.698280
5.189385
-14.606712
23.247295
-9.898685
27.699909
14.503880
-19.154594
13.342376
-2.489303
42.716869
15.660605
38.624851
-6.160121
-11.355856
-10.779132
-5.794245
39.335648
-13.338928
10.861356
-16.195940
-24.803207
42.969807
-20.229937
-30.115999
31.517666
8.050673
19.436855
-31.600880
23.454477
13.639030
1.996282
7.724368
-8.880471
-37.713943
17.150217
42.453068
-12.176910
15.795734
-0.941001
-23.513603
30.533756
34.487568
24.325703
7.520680
-13.288362
-13.704120
7.644500
-1.982354
0.132917
-3.136865
37.301838
7.370153
23.565615
23.559629
31.658432
35.497570
-5.943173
12.275663
-23.580070
-0.722027
18.265535
-36.792686
27.121746
20.701492
-10.406717
-5.918754
-32.039619
5.055386
-30.725914
-23.349169
-24.119606
-12.093780
-45.931007
21.229319
34.731274
17.460680
7.720257
12.411909
9.716189
1.963527
-31.510756
-3.234239
9.749092
12.565376
26.761030
-28.021406
27.575014
0.783803
9.061686
25.897085
32.761181
38.922581
-28.051476
-14.173022
-15.643576
12.217730
17.842142
13.830884
24.956373
-21.059223
-36.711796
43.508976
-12.711009
30.400108
-10.685095
-0.476024
7.166316
29.232122
-6.677269
-21.252472
-12.776361
7.211575
-10.102618
-28.435528
-9.010702
19.220110
18.673532
37.546513
4.395903
-27.669960
-19.430073
17.997826
-25.179543
4.910285
-5.599378
-34.718769
-9.456942
-24.031906
-14.920961
-19.654757
-7.462837
-8.083104
-10.091020
-9.409176
16.608942
13.826334
-26.813103
33.760376
-28.603453
-0.900239
-21.393127
-24.777290
-23.501627
-34.892723
21.514513
39.730953
11.240034
-23.069281
-15.341536
3.758310
10.909497
6.888357
13.857457
11.212605
10.678823
31.288948
4.482057
13.984260
-17.879679
25.934488
-21.320812
2.947945
-11.536694
-21.007294
-13.209989
0.798037
31.894220
-25.273153
15.264793
-25.231625
-15.963047
9.412321
-12.701082
-0.902667
8.880576
17.877226
17.803560
24.765793
-14.612700
-11.092118
-0.645061
-6.978440
16.123577
33.375496
-9.322098
5.457044
-35.331680
-70.883484
32.151550
31.675524
-51.970589
13.010984
-8.329139
26.884623
-10.870837
41.266193
-19.702263
20.326906
41.135925
-29.161448
41.182564
11.955708
14.847406
12.101970
22.347282
1.376992
29.019125
26.159248
-20.869989
15.099706
-14.544392
24.058645
27.545984
12.469841
-29.050039
42.257645
13.585192
36.621658
5.375560
-11.676783
22.241688
-26.225452
-21.613169
23.025562
-19.098051
-14.993436
9.348014
25.224148
25.191124
-16.204464
-15.984898
10.592999
17.186756
-15.566690
10.119243
-41.079937
-49.530579
23.176834
17.680849
-44.809776
-9.301207
-12.269941
3.845037
-21.782042
-29.378889
0.550101
-8.083309
21.413507
0.321544
0.004493
4.561352
41.522305
-9.407006
-16.484198
-13.820427
-1.429182
14.233786
37.900982
-34.963718
34.366638
33.757580
43.452515
36.058731
22.288465
18.080288
17.003901
-15.293426
6.424415
-3.172771
-16.675066
-35.180782
-23.931261
-3.289671
42.282497
27.131924
-18.393747
37.063297
15.517471
37.679527
1.959700
-3.305531
-8.198199
-8.090541
28.172260
21.312542
-37.362141
-37.049305
3.128464
-38.899693
36.779507
28.351561
12.626262
4.286329
9.092367
-22.387733
-15.888574
-38.102428
28.801403
20.054813
-6.189461
12.450091
30.327436
0.621210
-18.916794
48.268379
-5.481558
9.549454
34.734966
-13.028591
19.498556
14.042556
-12.837394
-19.269678
-31.285524
-5.458264
6.930767
-6.697230
9.685898
-7.378812
0.005522
-25.316820
40.056595
-10.615683
61.615437
-16.140867
22.381937
29.961670
0.108019
-21.549990
-10.383532
-8.120639
-1.510529
32.031738
7.587255
15.230462
38.190495
8.796170
16.042513
17.295681
27.430887
-22.268171
-19.391024
-9.106879
-14.849524
9.522941
-12.514301
14.537589
-10.306512
19.423555
17.268505
-15.163844
0.709555
-28.797314
19.400831
-5.508069
13.042753
36.690765
17.672178
-35.141525
18.163715
-3.614285
-8.456759
15.438812
-33.228344
-35.047657
-11.967827
-24.196394
-32.905781
-21.236319
5.552091
-14.930044
-34.665806
-39.957119
20.791386
-0.688205
-2.258309
15.287512
50.510586
16.362616
45.234413
26.094353
2.924870
-0.434145
-4.876060
-0.104084
33.285366
-29.510267
28.032413
-17.205523
16.021610
30.014992
23.230549
37.881454
-16.835684
13.761427
-18.145172
67.946350
34.939838
-30.331062
-24.020153
0.700386
45.329788
31.924408
-3.969202
10.200776
26.856745
19.612261
-12.148223
-11.943586
22.319920
-13.274929
58.342602
-15.789777
15.259214
26.987831
33.632278
-0.533272
44.000443
4.744020
22.314590
37.755756
-13.539497
-4.640956
-17.201599
-12.317560
46.918812
-22.864264
-34.810867
10.227626
-25.828506
-33.582039
-22.547525
25.811792
-21.921877
1.206267
15.022980
-23.678185
-27.038754
-4.232803
26.115976
-24.311794
-11.142806
0.054374
-13.751787
33.129349
11.623656
14.479228
-10.739754
-25.600454
15.772355
-8.684510
-2.902630
-19.504353
-30.729351
-25.304365
28.694569
37.937447
24.460251
-15.756992
21.610075
-8.508623
43.036503
23.455502
24.598799
15.290867
20.837786
8.027001
31.740150
-8.877695
-26.872643
1.551314
44.654179
47.294113
34.135391
5.521004
12.747666
27.995077
-19.256813
-29.050869
-20.652058
-11.604721
6.197774
18.065933
-22.580116
-14.653980
-48.668587
32.697468
-15.319511
26.443724
-9.203024
5.323818
-39.950775
-40.336548
-3.895922
30.474224
-35.583836
-5.346063
25.883657
23.298962
-16.468864
-37.042896
11.251483
16.917027
-18.108774
29.107000
23.117460
22.021311
39.615288
13.187838
-27.808117
-21.622980
-42.861839
-5.890755
39.654068
1.021411
7.993608
51.926163
7.366149
12.905549
19.187712
-20.551697
23.294939
29.530638
-36.865921
66.337029
-20.659197
13.247214
21.710617
2.491095
-15.352966
2.825196
28.677790
11.743301
5.620224
-11.645102
31.757864
-35.712788
-7.653873
17.790258
18.669796
2.305322
13.198151
19.743166
1.867253
-4.776674
5.278918
-25.444324
-9.445214
-3.052977
4.178042
3.579424
28.459465
-12.400439
42.624748
47.921432
-23.674067
-10.763458
-2.602833
16.808338
-25.311350
36.180508
-5.380093
28.935953
36.541145
19.561527
-27.710688
-8.308779
34.747608
6.269612
6.324164
30.822859
11.921520
47.443447
28.673155
-23.316837
23.162312
-30.353725
-15.280146
-15.415141
-9.742393
26.714750
-29.365211
28.693935
-22.313213
7.635816
23.627399
46.265251
18.494904
21.698885
40.594006
-4.418179
13.280892
-4.774302
29.294378
17.492725
-22.388445
13.940566
13.058826
26.304638
42.165337
21.056524
0.735612
24.308470
33.229164
-39.962826
8.002151
8.643328
24.678101
-18.064407
-11.842843
-21.244175
-21.656033
17.049244
25.255724
-36.108128
8.546566
-20.341080
-9.310007
40.759533
7.372025
0.211826
-17.526566
35.649242
-3.646157
-13.304450
33.546124
-28.610479
-18.712919
3.994142
27.092358
-23.300186
33.698162
16.281759
-4.851390
33.509815
-6.761140
36.472164
15.157556
-1.544598
-21.887339
-17.541643
-11.656090
46.339855
-27.805321
14.804200
9.694042
-11.424846
-15.053769
45.743896
-8.419362
-11.995802
36.284985
22.303514
11.570753
33.235008
29.739256
-6.564701
5.725088
-14.369439
2.656107
1.779935
8.828678
1.750538
26.441713
21.420784
29.315247
18.045580
-9.511311
1.491621
29.488468
9.716421
7.292079
12.262786
20.193834
-10.868461
-15.503426
-20.403093
8.518627
10.462410
-10.286276
-14.704641
11.897579
20.714785
12.011312
14.745784
39.000149
6.636764
14.377124
6.713927
-8.403087
-35.105972
-26.565603
35.912109
-33.629807
32.903172
26.419027
9.360809
-43.959785
-7.392053
-18.548651
18.900337
-18.686449
4.713933
-36.466331
21.905796
24.650942
6.047938
9.882009
37.546261
-27.347811
4.259884
-14.834304
6.277855
21.860922
-34.045609
-39.025055
-33.908718
17.498194
31.293409
-33.725864
-8.564569
-3.943851
2.541729
6.457712
17.244682
-23.250559
2.790131
-6.813234
25.901234
22.606817
-5.920915
-29.208685
5.478848
-6.251516
17.411711
-6.467387
33.873249
-0.381659
16.132082
35.342762
34.035717
-33.417686
-15.605635
6.167594
11.233171
-33.718109
28.833578
0.746138
-16.435436
0.104497
-17.454025
5.006456
8.080147
-5.791681
9.809259
33.987587
-2.978121
-6.570754
11.254719
-23.011589
9.276660
-32.157101
32.896919
27.519115
19.593000
-26.514595
40.200417
-31.688385
11.381632
31.900568
0.676644
10.878973
8.448438
1.389840
-29.180269
4.335737
10.684614
-1.945029
20.409353
-5.947676
10.722357
-1.625347
15.006582
11.933218
21.795835
-23.595236
-21.315798
-20.409012
-6.355159
-21.481497
-19.004141
30.593103
-1.095513
36.753254
-32.219223
8.727807
-7.359481
-20.360991
-17.287033
25.550634
25.191257
31.545238
-5.175496
-27.154604
-12.186761
-30.354063
-3.615478
28.384651
-10.937661
27.175383
-12.443619
-6.166824
-24.620846
20.520184
17.447638
-28.130705
17.888500
-1.937672
23.238598
-1.506063
7.285308
24.064690
-1.499987
-28.079630
-10.975115
-13.833158
-26.370853
37.376541
-24.355024
13.125340
11.135159
0.167859
-36.831226
1.859909
-19.444517
-28.601870
-30.241808
26.476271
-21.047140
6.335433
9.845354
-32.494637
-7.590404
-15.873987
-16.590399
12.241691
16.797983
37.780621
9.744532
-27.330360
23.153391
29.281054
19.960243
15.393993
34.530365
19.715631
21.891235
18.208206
-23.822914
32.581936
-26.178432
-30.004137
-2.573095
0.740767
-15.578149
-1.299540
-0.870178
-31.583221
22.591509
34.817654
2.973928
-11.604347
29.677162
20.484043
-27.416634
-6.126258
34.702484
-17.731518
-1.994694
23.352135
20.964853
-7.446699
11.289002
-9.369702
-30.066021
32.175488
14.241169
-36.461742
-9.499514
23.133747
-42.673862
10.236258
-25.796251
21.800503
20.598827
-33.913418
-22.914349
20.834311
-18.295132
1.847270
15.188339
-12.689653
-23.154564
-2.642289
-27.196980
-10.863207
19.490377
5.366167
-22.369741
0.450719
21.333448
-18.510937
16.370033
-13.392245
-0.239957
7.682471
-29.888737
3.468748
-42.128899
10.438985
29.932735
-24.871370
-10.158302
-27.236839
36.345623
9.328873
-19.264856
-17.498882
8.819816
-14.278111
-13.327389
-9.921756
11.779963
22.314882
-28.816265
32.571613
-31.353361
-30.240709
-14.662180
8.646466
18.237507
-12.222359
13.579082
16.588598
-6.444598
-11.448253
28.619469
3.395363
-1.174703
0.696269
47.423687
21.122452
26.374752
26.655779
20.687582
-26.673164
-6.200961
18.463507
18.346605
-23.027082
-15.211167
31.408550
33.870441
9.856675
-30.396532
18.626829
26.695841
16.285921
2.972937
-0.964127
31.876905
17.229305
32.254303
-15.078366
15.239202
36.025120
1.363070
4.656627
-2.019645
19.651335
-2.760498
-1.135219
5.479359
1.357067
-12.056930
12.424953
-2.514487
8.414548
3.898724
25.292498
-4.640793
8.837639
23.104164
-24.865591
33.523838
-19.625622
2.365993
-4.744947
27.192148
20.170179
-13.961796
-7.602678
0.176795
5.597462
-27.064365
-0.319978
-8.017607
-9.875896
37.195694
-18.494392
-19.487387
11.912469
-0.542497
-22.235607
15.244421
-18.732731
-0.764870
7.375335
25.168816
26.135223
24.717876
33.415581
-13.007473
-6.502531
24.545830
27.145430
-9.390584
22.584030
-9.798090
27.686909
17.693237
-19.170942
2.817481
-0.211838
30.268768
20.081356
8.204404
3.378305
27.128553
22.542093
15.586341
-33.362701
2.501167
-14.332711
7.474059
30.433292
-14.146664
14.265026
-10.558596
5.785198
-13.972981
-1.967220
-14.108250
15.004619
22.098303
-26.449533
0.299885
6.151846
-14.251652
-25.563883
-25.789694
19.700592
-11.500792
28.835901
-6.494319
1.107957
38.371960
-30.170027
33.262867
-14.378279
11.026314
22.489740
11.454372
-8.226845
-27.765471
4.945163
18.830427
-27.007551
-11.905968
9.670361
-14.942948
32.759548
25.284815
27.400702
-17.335146
20.678408
-22.976833
23.775278
-0.403670
-26.533907
26.612406
-20.612803
36.229919
20.155062
34.066109
29.560905
-12.005564
-1.311663
42.629574
23.295265
-23.463808
28.800869
9.704520
30.504259
5.258554
15.350550
-14.345767
-16.316959
17.679720
46.043068
20.522028
21.582739
-20.127335
58.269840
13.115017
2.982919
-28.002428
-8.912614
13.281284
-30.606964
2.862211
-25.412416
32.739742
16.467535
-15.017065
10.531115
-20.153360
40.052052
-30.144857
26.919151
14.393768
-12.616277
15.694640
-12.544376
-38.199512
-32.120373
32.490772
-13.063139
-13.752250
-21.299145
36.098038
5.475017
-26.746073
42.162498
19.537285
33.341091
1.044563
32.962635
-0.420479
39.618610
31.466116
23.140133
-28.538406
7.087796
11.239737
15.701734
20.799070
-31.377592
18.850948
28.059412
-5.583776
4.275684
0.074149
40.877682
13.581609
17.847383
-29.605600
12.415246
-14.798260
5.745184
30.861448
17.612377
30.303087
-19.619501
4.682839
-5.920447
30.387175
-13.537524
16.466421
-26.772718
12.031250
21.054007
11.711841
33.446651
-12.538033
7.746169
10.934754
31.258724
-9.257045
0.217538
-22.374277
45.575161
12.864816
19.334118
30.413731
-2.735542
6.043217
36.352867
35.683651
16.085739
51.348511
37.420132
1.257607
15.840111
-9.710435
-23.360401
-1.270461
-30.112082
-32.894947
-6.002964
-3.964319
10.130822
-23.545313
-14.776807
-28.159756
16.097820
-5.781670
-23.583750
10.610829
-3.160147
3.083848
3.525705
-34.592720
21.095156
-11.307056
-34.324696
21.638203
-17.268057
-17.426283
37.299973
-35.549965
-22.726887
-32.029617
27.154886
32.626526
-6.263487
-1.658786
-29.477800
-22.892048
-21.199667
-34.510792
-27.745001
29.494499
12.996054
4.167297
-41.302914
23.935032
22.609085
-16.070940
-40.372883
-0.554583
-14.647804
-37.429516
-17.323080
-2.104828
0.945258
7.016214
9.145846
-23.575777
12.252315
6.582448
37.296280
19.153818
-6.723015
29.072800
5.465892
-11.182371
17.866072
35.601753
21.885929
-41.505585
-26.579754
29.908461
0.837425
-33.507698
25.997993
-22.835613
19.299503
-44.190094
30.561752
31.480682
-13.077131
-38.458000
3.477430
-15.696920
0.193704
-20.659168
-11.763944
6.210518
10.149463
-30.641600
-4.733098
0.441340
-40.861477
-7.553031
2.411351
26.089827
31.330128
-10.808940
12.095952
-30.993076
-33.772049
-10.057821
20.936749
-19.970337
-18.880907
-27.884836
-8.740727
31.614344
13.623056
-39.550186
-5.137252
-38.532036
-33.288986
17.479595
-4.644559
-28.908411
36.959579
-21.407150
-15.945610
25.123482
-33.335293
-7.919492
-6.895454
-20.500549
-27.276964
-22.174900
-10.854404
23.678993
-13.424078
-24.395487
9.152405
15.969471
-25.850328
-10.401785
-4.821821
16.987837
7.074304
45.081699
-21.244137
-27.054008
-6.667137
27.218534
22.133350
21.532009
-7.575827
12.375494
-24.310827
8.578415
-22.226431
10.937253
-31.338964
-22.743019
3.494845
-26.923994
-5.697845
13.547029
-10.428929
-10.941559
-18.205391
-17.095217
-0.100104
-12.918575
-13.651842
-28.315308
-26.816656
22.603094
24.078932
9.302621
24.216867
39.754868
0.185089
6.847521
-39.360851
-8.986580
7.814135
16.296806
25.443008
7.301337
-33.084641
30.469406
-30.422277
28.213802
30.535801
33.233318
1.209115
-26.961153
0.326010
-9.121792
1.455535
25.290064
-11.601361
-25.270824
20.826151
-0.106688
0.023481
37.020527
16.551212
24.675035
14.383516
32.183071
-26.186783
18.754030
11.664977
38.880966
23.488138
5.101802
2.958815
25.954844
3.517063
31.854145
26.559711
-12.393023
34.757362
16.732040
-17.405115
53.257298
-15.378355
25.410480
24.282026
-17.208023
16.248941
-5.001129
26.737961
38.530125
16.148792
-19.289255
12.447536
-25.080194
28.948692
38.513554
30.774570
5.340765
22.876638
14.376337
21.785809
-23.148825
-3.780718
40.086842
29.906969
25.564070
-11.398849
9.221539
6.811062
-24.291437
-14.336587
4.820597
45.710033
29.654303
-4.954864
33.780376
-34.718601
13.552369
-16.816942
12.737617
8.076799
-8.123154
25.182949
33.727837
29.048958
-18.568861
-30.637905
37.220947
-32.795311
0.395986
-7.141140
15.040172
-31.423000
-14.272078
-4.579586
9.879846
24.070362
21.247221
20.038204
-13.159670
-20.833675
29.325222
3.405181
8.135706
-38.882603
-17.752920
6.234277
22.763805
7.293508
-19.226316
-24.277626
-4.775607
15.968427
29.442842
26.897011
-57.880207
-4.567432
31.967745
3.874153
13.894880
47.407021
-29.467665
34.088581
-39.170361
-21.075592
-15.419266
-14.683257
36.666950
3.908925
-6.257616
-15.423268
13.159712
20.429892
21.609894
23.355562
-3.608414
-7.927931
-5.552385
-32.078999
26.330299
36.139305
14.609564
-30.953909
26.253874
8.057028
29.605602
-6.334965
-30.947474
9.324254
5.260977
11.381310
-3.158236
26.431274
8.973862
20.465118
26.566048
18.217875
-31.734833
-34.512119
38.902706
-12.377436
-20.662853
17.620424
-27.108772
20.537457
-4.762219
-15.987881
-33.356464
21.377356
19.206768
27.834652
16.343979
-11.145913
-16.007135
-18.656233
-6.447518
-37.212811
-8.817987
-8.218383
-20.036697
-25.096319
14.915895
-23.317343
16.511395
14.919766
-37.533577
-33.459778
18.287947
22.860199
-23.417900
32.051895
34.745007
13.718476
2.499135
-9.588127
8.880511
23.437078
-21.136124
-15.957479
27.806702
-16.557102
19.691545
10.911305
5.843472
8.582397
-12.289704
-23.263020
-24.377464
-29.952816
-4.285343
-11.062485
9.718395
5.219115
-29.410656
-18.043545
-31.598400
-36.316498
-32.317005
-16.495443
12.360245
-41.362480
17.089836
31.117338
-9.953712
-6.957107
36.306763
-17.150059
-22.500904
17.544268
26.937494
24.254988
30.639874
-15.003501
16.164724
-35.135757
-23.893259
-1.983093
-24.671118
-15.348180
-19.605106
-4.969609
2.672985
-16.293959
-18.477262
4.722915
-14.153028
-1.384111
-23.477083
-10.186242
10.679112
28.226076
-14.024692
2.509976
-15.880306
11.797894
33.173790
17.707335
16.970049
5.403724
23.681648
-23.878597
11.637310
-13.391799
-32.132862
34.425831
-21.087038
9.250622
24.214260
-36.180180
-27.545687
22.379957
-4.456683
20.918314
15.425926
4.925815
1.110148
13.946253
40.458279
-25.896530
-20.017626
-0.092207
55.380413
-5.156918
31.428089
-2.270790
28.991442
26.081171
25.308258
10.660048
19.491543
-17.530884
26.538799
-16.966402
-7.550489
-13.748603
13.550303
-12.508550
38.915699
-20.750633
-6.060793
32.700256
36.905384
9.387520
-3.328582
10.627039
-5.131565
-16.522755
23.361450
1.200585
29.016628
19.518383
24.525681
21.888231
-23.070122
16.397535
-32.147408
26.023558
11.509325
-16.077208
-9.750807
6.727263
-16.801374
29.010256
45.488174
9.227202
12.886155
10.042846
19.755642
32.767056
25.884041
37.781868
0.616450
36.961147
27.104261
-7.539487
9.825540
28.189028
9.070349
0.227241
-10.284365
-17.526579
-33.341354
-27.830206
-37.241962
-14.570786
-38.277592
20.435789
-21.002413
-38.479801
-11.560600
-22.127586
-33.432945
-3.592325
-23.319885
14.010444
-20.482216
-7.822129
15.384993
-13.962348
4.516968
-8.528470
14.518611
0.128673
29.082375
-19.596695
13.161203
18.700428
-21.812101
-2.818696
26.519072
22.871506
-10.518770
5.076745
-36.060059
-21.804523
-13.938935
28.889330
27.281301
-7.288683
17.392847
27.078527
-7.048317
7.295888
-33.721405
1.667133
0.143371
-36.814884
22.421736
31.351660
18.567923
3.623569
6.199594
-21.032915
3.340238
12.965180
19.937876
-7.033486
-48.256969
28.512766
-7.335270
-43.104649
16.730585
4.581198
-10.826938
-12.430633
-43.084686
31.338766
-32.126617
-2.189176
-44.378925
-16.364838
-14.794229
18.739429
1.856135
7.774870
-2.365366
-30.989929
21.682076
-9.514346
-15.259848
26.031221
-5.743495
-3.572654
23.711405
44.334900
4.579175
-35.389545
26.516491
-11.455633
-9.583785
29.366581
4.000307
8.815812
14.057996
26.206448
-12.435822
5.087153
-17.179350
-25.538971
-28.159924
13.550655
-41.020817
17.569561
6.024379
-19.835709
11.742173
-24.042437
22.563538
-9.670559
25.855110
4.334235
-6.347526
-32.265057
27.797220
-3.705736
-39.870159
-27.613083
-7.989415
6.240858
-3.537795
-8.479647
-24.993254
19.202784
-14.456758
-11.237499
-10.598293
10.010597
19.945745
44.195671
1.993131
25.096113
16.123020
17.568424
-10.169274
2.788780
0.125207
7.784963
31.418682
35.897976
-32.147476
-0.827558
14.794181
43.200741
-14.938015
25.433962
20.926815
-19.235781
-26.482023
11.087308
32.063858
-34.468616
27.766865
6.622807
-31.051952
-8.665567
16.250086
-12.191560
37.347778
35.162365
-4.304349
32.310257
-33.193794
-2.972093
11.034101
33.682575
30.047483
22.395599
11.736917
-18.508371
12.260265
-18.703598
-26.097000
-26.402782
6.979071
-32.280312
2.768513
18.723093
2.381819
-53.394310
-32.063740
29.368771
23.664660
-18.539078
-7.551123
12.806036
-34.241314
1.863410
-16.717787
7.423652
33.236553
-29.210232
27.307611
15.757790
-33.839333
30.128065
18.030823
-24.672739
-4.010752
-11.894694
-19.884823
2.532345
20.882507
-19.501602
-21.031666
-9.925433
39.555229
38.735001
-27.603539
-8.404732
34.945984
16.652395
13.766311
78.910721
-24.912615
25.799309
-0.577222
24.066956
3.030585
-6.147049
-5.619473
15.158194
-31.559734
34.265224
24.522894
-9.002397
-8.990171
-28.386492
5.256988
9.141242
22.978670
-14.240256
37.941597
12.638640
30.075949
-6.853068
15.729524
38.156033
11.581778
7.447153
13.203150
-27.082464
-25.909710
-14.481742
-19.068010
24.291885
-11.424231
30.147079
13.202277
-6.776210
-28.555300
13.047581
14.049770
0.969781
9.415105
10.494614
-10.489229
13.822399
-9.083802
23.078714
-0.451868
34.147015
9.056829
-44.926460
-15.804443
-49.515083
-25.935015
-5.548110
-27.497187
-46.644440
-30.609200
36.939194
30.370079
-8.695828
-22.442688
25.075480
-2.762430
-48.979469
21.520681
25.307610
3.588232
1.164195
-6.802770
23.636147
-20.886822
5.697107
5.670526
4.655293
-13.349115
-28.376928
-16.491770
4.613985
-21.952894
33.281635
-11.558732
16.424948
-26.985989
10.924810
-21.591702
-6.986648
-16.663830
-20.139790
-0.927548
-47.374313
-10.271649
13.573060
-8.375989
1.184545
-21.098650
17.350954
-44.688984
-33.186985
-5.218875
-2.300008
-24.492704
-1.861151
3.648506
-4.929316
-32.468376
14.218693
4.548563
25.028982
-26.913609
19.371744
-29.902191
-43.577835
18.356773
31.714767
-2.482898
26.518547
-33.994324
-35.863510
1.858494
-2.238573
-2.277460
21.893724
-20.604565
-2.593429
-24.380461
-33.456112
-20.168877
-15.922468
15.868859
-26.275976
-20.757904
28.461090
-5.595790
-39.098289
-65.325317
-32.842331
-42.880428
9.652213
-22.541395
-18.403738
-12.159016
-15.771700
-17.326971
-14.657882
-35.498608
10.291658
0.177805
0.108079
-34.409119
29.553329
-18.662493
24.146677
-12.517881
13.533011
-20.767681
16.154335
-7.225979
-14.135009
-19.896441
0.113296
23.891254
0.040380
33.523502
20.918291
-21.951765
10.657763
-41.483315
-32.306767
-12.455956
-0.518287
-15.810533
8.638269
-25.275082
3.243985
1.963282
13.044826
23.201601
-18.615765
26.730028
-0.502808
-33.484856
27.535549
40.843914
9.561271
-27.154942
28.598324
21.099915
-7.221442
23.743713
-8.287988
20.952419
-33.419197
12.083983
10.492030
-31.994013
-11.946446
-4.344272
-10.891991
-23.860485
17.642855
13.681952
53.511345
-42.144291
13.604471
-21.216036
5.874568
-21.315424
12.689396
8.028104
50.918240
-31.796696
28.247475
-12.586401
5.800347
15.915327
-8.933663
25.836836
-26.256777
42.317249
34.530743
-11.031676
36.832420
2.263199
-23.504505
33.586681
14.818627
21.632574
34.045914
16.042271
-11.268431
3.303565
-32.508533
-15.840647
32.626522
11.940094
-33.480946
8.981833
-14.645415
6.912447
13.924863
31.932468
19.085379
-12.234688
8.182645
29.089357
-18.025068
31.075012
-4.867697
-2.334157
8.944633
4.669898
-27.542311
5.674108
-4.113324
-16.075178
24.984745
-12.211164
-8.599318
19.205925
-37.933990
-4.560863
21.599302
17.224876
-26.562492
-1.072746
20.487402
-3.321362
23.376047
16.876144
-7.429648
24.416222
-28.255238
29.854004
15.788964
28.402945
15.708722
8.852162
3.158279
10.913629
59.253811
-1.023312
55.722401
25.807844
22.294710
12.119940
6.513467
-15.772204
24.855320
2.307812
-2.874724
-4.039196
38.529884
-5.134673
-39.494976
-1.800043
24.518538
10.148470
-11.360826
17.790571
-51.432610
-24.043608
22.635990
-3.544431
1.405011
17.028214
-16.996672
-45.864872
14.465846
-11.827497
-32.783623
-4.342876
5.043792
-46.040485
32.768440
-17.170259
42.679432
-13.109933
9.411888
-29.539055
8.328100
38.529724
8.541083
-15.836258
-30.317825
-1.461261
9.087089
8.853880
45.262188
-2.406210
-8.137122
34.124474
20.047750
-40.207317
-7.210487
-2.161669
-21.173597
-14.573606
1.905028
32.272221
-13.883438
-12.088687
18.940670
26.294117
-21.325771
-19.940084
5.396706
-3.148183
12.827940
4.742879
14.023108
-6.147640
38.514130
-17.081924
-18.124067
-5.028951
-35.357479
5.883330
5.890898
-6.167941
-3.793259
-4.892768
-13.604936
24.889683
1.945605
-44.472076
-34.661407
-30.731543
31.701965
-7.648872
34.378922
-34.425350
-35.304718
-46.273087
18.789722
28.372541
-30.837065
15.325477
-30.349277
-26.511705
-28.865803
23.990770
-16.383974
-21.243805
4.611763
10.146339
-24.190643
26.755333
-31.656139
-13.545696
-13.658067
-14.274938
7.250967
-15.505571
-21.823139
-0.562904
22.663984
-14.877333
-29.106920
21.506113
34.666176
30.686796
-5.343569
15.518488
-5.174662
-16.301706
-8.933129
-4.251087
-17.849247
9.217716
35.365105
-22.417164
16.391232
-24.519920
-13.874317
-19.722017
-43.307007
-48.809814
30.050339
-20.495964
-18.058790
-13.071650
13.680246
-1.255374
-0.785733
22.581947
-6.004188
-12.466892
-18.254463
-17.108322
-38.203781
39.878189
-7.473152
25.520222
33.957535
23.175512
36.011463
13.943653
30.255762
17.607782
5.835080
31.660477
35.309357
-3.228395
-1.001581
-18.551081
10.521345
-22.701632
-2.713154
-22.362324
-6.168815
-19.568102
8.724599
5.603992
9.612193
29.582823
-13.351230
-13.977650
-2.936332
-20.014059
-9.692899
-6.524974
14.867618
-29.928106
-2.419271
35.712875
30.786449
-23.969814
37.622902
14.277506
1.858555
11.218415
29.757139
-10.223441
-34.316925
-7.606123
-4.762575
16.052151
22.901524
-16.527498
42.983490
7.187797
42.764210
19.657148
-1.998581
17.539505
40.144478
17.804819
-11.416314
31.595848
1.301629
33.859486
17.727489
10.655688
38.041687
29.961178
19.014505
24.854458
24.984512
2.771517
43.806107
-8.835687
30.884037
7.666582
5.615127
-11.241347
28.612055
18.544903
6.757830
-23.929037
15.508643
-26.466398
25.493267
9.813711
-1.347480
6.196056
-14.937971
8.191641
14.844426
-12.717080
23.497181
34.491047
1.890376
-15.516242
-2.446156
12.802444
13.843616
5.383432
8.120733
31.558052
-10.312740
-25.373602
-19.479252
39.106068
-5.984231
-2.163136
21.181034
9.253763
0.559040
-1.979991
38.574020
8.378927
-1.299427
22.765787
41.323601
9.160477
-5.280921
-3.325342
-28.542032
32.450703
26.603630
-32.826866
3.763545
1.443154
-4.338154
3.821992
29.069328
18.047613
-30.362944
-23.470165
-27.190256
13.224565
-8.127388
-2.363823
6.562445
1.215356
-18.796518
39.927567
44.520802
-31.378963
-2.688925
-24.653275
-0.413663
1.544691
-19.648939
-22.351444
23.905401
-32.335987
27.528763
0.378618
-35.377037
-4.758429
-19.819208
17.615433
-18.002310
-27.319101
-13.335735
1.158663
18.755928
-5.745087
3.198050
1.271257
26.038197
-24.489689
12.884510
-16.111803
-6.549739
8.682455
24.047121
-35.916901
-20.870604
-43.889538
39.885033
-20.417574
26.151627
-6.783172
37.331463
-19.465254
3.074099
-29.721420
28.233759
8.164974
42.489285
-7.130839
-22.573496
-7.505949
22.332045
-16.315340
2.655700
-35.030083
22.034264
12.041559
-35.030140
-43.401676
-19.440687
-37.073299
19.175852
20.181757
9.728798
-23.392487
-30.858747
-12.343219
-13.578715
-40.278454
-5.505402
-28.549353
-16.543600
36.986835
29.711052
-34.601070
5.962585
3.499168
27.963606
16.937984
13.682802
-18.464821
17.740551
1.838763
-26.844143
5.938382
-3.670516
-22.606247
26.369822
5.275177
-28.468285
-17.074619
-13.206033
-3.975281
-19.151302
30.672907
6.628474
7.013885
15.243937
19.900345
22.228479
34.248825
-15.388905
-13.413114
-19.864162
5.135205
-12.538649
-4.974704
-29.541651
28.552898
-10.434481
-19.893387
31.292671
-25.061615
-23.962423
22.945787
2.852650
-20.072989
24.973038
-11.229761
-3.917041
33.716053
8.012347
39.791019
-2.479889
28.855448
7.560924
24.625183
-24.681473
16.350254
37.426548
5.712535
30.383673
21.504745
-3.926319
-5.803913
-5.695103
29.735346
37.944775
8.436394
20.801861
-3.757455
36.948708
35.044643
17.384544
11.097728
-34.445721
2.341487
-13.191650
-18.012339
11.162831
27.740442
-8.952627
-18.547440
34.358078
-25.868256
36.376633
10.566706
13.331942
-19.020462
4.730339
26.593895
38.561718
-10.723341
4.101646
38.779705
-28.158222
24.042721
-18.101051
-7.413395
-0.411991
-8.224251
2.752645
27.783533
-8.968653
-9.226041
1.594286
-8.797884
-8.678840
-3.113210
2.161921
-14.999312
12.605351
15.302458
-23.049843
25.355412
31.934095
5.128127
-13.962769
7.002617
37.381378
3.486787
-27.889797
0.318989
21.187099
-21.615997
5.265957
-39.211979
-4.753890
32.683590
11.803119
-31.625723
10.207884
26.483974
14.685152
33.255619
19.004652
-19.416494
-19.237457
-20.561342
15.567555
-17.179285
21.549347
18.225702
17.318102
-15.149972
12.416685
-22.197132
16.619837
-23.490616
-35.663963
26.413990
32.512066
20.158964
34.716690
10.625876
-28.306200
36.724586
-7.687842
-9.131584
31.177877
-16.779049
-4.085561
34.390251
-23.038599
3.467413
27.947809
-21.326305
-0.200331
-17.719070
-4.806700
11.337968
33.855145
-1.763449
-34.382198
-23.347403
-22.610270
-31.364992
5.544660
3.800193
-13.309687
-26.495985
-9.127863
-28.891697
1.307558
11.975735
-49.799931
23.070969
8.162962
-46.059277
-14.148874
5.715302
4.887674
26.159567
32.951710
-1.800826
46.385418
-3.027950
24.709791
40.582317
-1.021156
23.647278
22.174196
-28.525517
11.983981
-26.323973
-17.081137
11.156053
21.153700
-11.450538
-23.651276
0.876380
-3.251709
-26.525904
38.005447
38.942516
-6.631945
24.690630
-4.612025
2.351128
-29.191803
-33.822720
7.934968
5.809979
-17.940023
14.216630
35.585991
-1.388909
-20.820557
26.453302
-9.343884
33.336414
-10.333484
-16.710459
6.951533
-50.773842
4.414478
33.267147
-39.791443
18.015053
0.686767
-13.010294
-14.603090
-17.817596
-15.690601
29.667387
12.434780
26.989447
20.846525
21.467089
36.982483
0.635461
35.774052
-4.845296
-37.000160
41.247272
45.671257
-28.614765
2.247127
2.242573
29.048977
-10.718158
61.613522
39.763023
-6.435389
35.817547
-27.679655
42.833492
0.151744
-39.508339
-15.154415
1.007402
42.623081
28.399050
-21.614622
-19.377071
-10.365168
32.242199
28.695400
-28.149204
5.243977
9.706909
22.350616
20.414614
15.819524
-33.051277
-17.025677
-19.798191
24.032478
36.540905
33.586685
31.599363
-18.452942
-32.894215
37.282330
-28.816582
-18.356436
41.666496
-13.943654
31.133596
25.553003
19.046682
-32.193710
-10.691568
-13.198050
-29.959145
18.602446
20.675859
-25.582605
33.191120
2.165268
-14.181068
25.714106
-17.188351
-0.914480
-30.776953
-3.063161
35.194828
-31.655338
-22.847769
45.858845
36.284187
7.545341
22.496748
-15.718138
10.522050
-25.423523
16.962072
-33.241123
13.865967
-25.449928
29.629293
-10.191246
22.869535
-8.463299
27.232868
-19.708569
-49.466816
-23.963303
-5.364002
6.863847
32.151646
9.868008
27.956388
24.617462
-12.752193
5.177070
-10.089905
24.165888
38.681072
-5.827576
-13.921956
10.632802
3.655920
-19.557619
13.203930
17.758926
6.670439
-31.738918
7.900099
-32.775227
15.740467
35.527016
33.796879
0.968760
17.858456
29.954388
5.491051
6.853748
-5.739012
7.243261
28.873394
1.525731
35.352383
-14.791970
3.151630
-9.069173
-2.020290
-16.113102
-37.791908
-27.923727
30.881849
52.070305
3.092922
7.088113
-25.838694
-31.185852
-28.977856
-17.516792
22.324883
0.340228
-49.409847
27.306269
4.042647
24.844954
19.507439
7.626050
10.318750
7.082283
-35.882965
19.237415
13.986533
16.700680
15.379797
0.463467
-14.440946
9.526926
-33.677750
1.795153
-11.469502
-26.381250
-36.873745
28.195778
-12.274045
8.194455
-11.300820
-4.200957
-12.604362
15.620697
16.737720
-40.917755
24.950155
-11.526818
-9.233153
-13.454180
-14.358894
37.690273
26.691669
11.522882
31.250839
-3.487843
15.748752
12.921544
32.745712
-0.908108
-34.499744
-27.638855
11.125362
-2.091529
39.112343
-13.186440
-7.646770
-50.372776
0.218173
-35.043671
-35.356701
-41.903206
25.558460
9.351936
12.507986
-21.423498
4.215710
-10.227749
-1.197019
14.337083
4.041155
-30.392950
-33.180462
-23.522781
25.739023
-24.179049
-1.166842
-7.593189
-7.220682
9.215132
-20.789938
-11.450697
-5.199021
20.518553
-35.669701
23.608097
32.658886
-8.777740
-28.255688
24.631912
17.512230
-3.952188
10.905096
25.543922
-26.436840
-8.027498
-33.311321
20.255974
-11.121244
-38.107910
8.366773
30.865154
-18.987768
13.660861
20.873047
-32.437866
8.257177
-26.285812
-18.537607
-17.186394
12.400846
-16.983398
-11.781640
13.520141
-22.151539
21.580532
31.762613
-12.647077
14.080651
-4.951554
37.029121
-32.426983
19.212349
-25.061640
26.739786
28.469803
4.443215
-0.965925
0.245157
-33.215794
-29.212053
-24.936209
18.940176
9.871348
-19.651094
-4.693191
0.285047
-2.427071
0.217061
29.935469
-32.387814
-0.286750
23.534470
-3.923848
21.712709
-28.407265
-32.690212
-12.413982
16.021082
5.336426
-22.160549
0.581801
-38.267529
-16.102020
-30.797998
-15.425828
4.324881
29.879488
-2.366712
7.461533
21.710709
-19.159756
20.689695
18.870390
7.268968
2.670452
-2.388424
5.931529
-32.383972
23.863073
-26.397953
21.727543
-36.181931
31.187386
17.225918
26.731499
7.448855
26.523457
5.580987
4.466837
34.587444
-6.286823
-23.026369
-31.234682
31.551220
-7.709347
30.216543
47.286236
10.582109
-1.336565
19.090651
17.064032
-3.123024
23.770002
-7.626160
-21.136757
38.774609
-29.294765
28.999233
28.440155
24.452887
4.952632
4.279998
9.011794
-22.875252
-10.641478
10.461973
39.709183
-11.642465
8.274263
1.993589
6.531320
27.675327
39.162724
15.303136
45.360527
-10.912282
10.782510
21.921925
9.743644
-20.830736
-7.977568
-13.166542
19.799858
47.334465
1.013359
-39.085396
0.602960
-6.967280
45.775043
19.521681
-5.246046
-17.667051
-26.218555
-18.912945
-23.068617
39.406624
-29.808285
-2.312842
-12.130239
32.307968
22.772554
36.325775
-21.282297
5.026827
-1.273215
15.726955
9.759470
15.713754
28.282736
-7.134160
18.314196
21.549322
23.085484
-10.989469
21.395374
-10.865136
-17.705099
17.834604
-22.911858
5.779866
49.521820
12.275634
32.422688
36.757618
-12.411222
5.121852
-4.286276
-5.475429
20.190561
-10.791236
40.817684
-1.423880
9.784103
28.966545
-2.382469
57.149391
23.948444
-5.116842
-17.136862
3.826923
-28.970577
8.759819
-21.495550
-17.774593
13.974348
7.070132
35.398327
27.493814
3.941185
-8.653951
-16.386293
-33.411434
15.781081
-11.199799
-1.592684
19.296068
-9.817980
43.384365
30.643429
-30.982178
4.801402
22.144577
22.066706
3.105706
26.604889
15.469182
16.714756
7.149430
26.541616
20.332531
-41.626793
-39.843472
49.096817
-37.419281
-9.194348
33.559025
5.481771
-32.351315
47.918388
20.531979
-3.477521
18.948065
-12.704713
22.249502
11.580939
-65.404884
7.044391
35.766876
-11.391017
13.524223
7.260302
-14.717755
-18.687012
21.032518
13.081544
-11.033233
35.360718
-16.573814
25.027395
0.286924
-15.516315
-15.452535
-3.878077
-1.808707
4.568560
-11.564799
-20.357033
-20.369114
-8.660425
23.517963
26.677746
34.854034
9.821012
-10.569465
-13.689304
12.168611
-23.348074
35.865551
37.414749
-10.732659
13.528846
20.676292
-25.765352
23.489641
46.987621
19.631899
-27.819492
12.544472
26.264790
-2.945569
-5.864785
2.100366
14.017854
-2.980781
-12.897989
2.043890
-1.144044
18.158499
14.389322
17.393677
-33.274414
-22.108280
-32.793507
-32.873100
-17.338377
-28.946922
36.993858
-20.194901
-10.983112
15.245983
-33.026382
35.707657
-11.098883
6.023586
-15.450933
-26.496798
15.387778
-18.566816
-1.741929
-13.248200
-23.599840
23.327642
-0.489410
35.804054
20.354221
30.043207
-32.001614
-25.242205
22.013563
-3.696082
0.765025
7.597721
9.977741
21.031658
-0.318826
-21.073256
42.222561
30.771347
23.283545
-9.241831
10.925441
4.375244
-27.948751
-28.675163
-44.964725
20.118488
12.065320
21.988621
2.739792
-16.633398
-26.937241
9.866271
8.671643
4.330925
31.896183
1.303069
6.601822
-14.200204
38.063034
30.937914
-35.973984
26.179605
1.345996
16.652229
-38.578613
27.105114
-47.897564
-17.749104
-14.877349
19.329405
25.556391
-27.912031
4.876013
-29.624285
-34.858166
-19.561228
25.188068
-6.390728
3.230305
-35.060024
21.057070
9.051674
-12.767491
4.123616
-32.416603
26.185255
-5.054852
13.574612
-10.422386
18.866840
-39.042740
0.550045
-30.836309
35.606991
14.048347
-43.416668
-5.695759
-15.360001
9.026219
-20.227045
-36.981956
-14.434896
-38.501923
-21.757866
20.309900
-24.201017
-30.780472
32.917469
29.069063
12.021783
-23.231857
-6.922528
4.763775
20.495268
-6.724879
3.583656
20.983385
5.507407
-16.790192
18.808954
-34.250099
-5.569218
26.279085
23.760622
-10.504609
-16.132320
-16.394987
-38.039124
-36.058834
-14.417980
-10.182393
-6.508466
-12.002604
-28.206015
14.933831
-13.932814
-34.104446
29.359392
5.578788
-29.242573
-20.876377
-3.352454
-37.433632
-3.309774
2.422870
-16.263657
-0.531759
-2.923099
-0.241424
-23.852436
37.490257
3.910933
-35.412170
-7.829658
0.838582
16.010511
-20.071699
-18.376425
2.911576
6.923625
11.533487
39.082314
-6.975644
23.497431
-6.667256
-22.656090
4.358061
22.552530
33.421627
-21.675777
10.793216
10.614770
22.108486
-14.909492
-3.177244
18.278397
16.130001
-19.661856
0.746539
9.640432
-13.351050
1.305165
-38.174061
-27.850433
2.350568
-0.648790
-34.422161
-18.195488
10.624529
45.575516
11.653932
16.697500
-5.076081
38.972630
-4.518055
-27.451969
41.786705
15.529286
8.733407
1.371422
-33.147903
1.408610
23.083876
-24.800724
-1.196223
-10.262704
-3.598768
-16.627001
25.683529
-34.350800
-13.172237
-24.177036
18.756948
4.058851
18.290453
28.575579
2.188893
30.680349
-3.655169
0.402131
-27.980009
0.268870
-9.609655
10.628063
-6.003249
-16.479673
-16.682146
-9.987700
14.461091
-24.606606
11.532141
34.741356
-21.180798
29.487078
-20.854536
33.159473
25.192587
3.207791
9.006873
-29.621302
22.838268
-3.469702
-1.253128
-5.081343
-9.749917
25.671843
-12.554843
18.761957
12.144392
-22.197254
12.520624
1.702080
20.117512
-15.263117
-25.217165
-1.994083
-11.111967
-31.928173
16.427626
5.666437
14.756120
-12.736322
34.092422
42.233326
-15.513408
-53.420071
-30.200897
-19.176691
-23.212587
-11.794433
-13.224366
-3.091216
-21.640036
-17.513220
-5.408797
-26.530396
-31.848892
33.890141
-24.194256
10.457877
-3.630290
-16.777107
22.225496
36.804672
-19.074114
22.168951
-20.909016
-44.649540
-27.095484
-31.366362
3.813815
-11.543542
-23.620216
13.075650
5.207186
-26.500032
8.378304
-28.641344
13.037230
-29.968184
5.381647
5.426037
4.552984
10.161687
9.402617
-13.399348
-25.599602
-35.083412
3.722723
23.375366
-32.602150
-34.850334
18.812172
22.149231
50.467236
41.834988
35.223354
-11.480474
32.463520
25.773394
10.753467
29.129410
-41.373539
-11.932612
-15.481778
14.553125
-7.544061
9.349908
39.922874
-8.563123
33.614536
11.902574
34.892044
-13.126754
-17.852167
24.447252
10.329347
-6.943791
35.297016
4.324733
12.469601
34.223534
19.302076
-21.146166
51.060383
5.054064
24.925390
-10.389504
-6.255908
14.615233
-18.847462
-9.823467
15.162605
11.606186
-29.287743
42.468887
-24.526785
-15.968055
38.890137
-9.030870
33.139011
-17.682724
10.608727
7.064395
42.108654
6.832895
-14.550010
0.410370
-1.484488
-6.125212
12.678400
21.336563
-16.286362
-18.440451
31.822582
21.533186
-9.633261
27.672134
-15.270913
15.621339
5.752703
-8.910878
17.110458
-39.495754
20.372488
5.948288
0.433600
12.207917
27.371649
-3.905055
-10.700296
17.315811
-1.081639
-12.870702
-0.366053
-18.552862
-18.599321
-19.359877
12.477930
-43.033619
-8.642393
5.707446
21.865068
-10.395752
10.281395
30.108305
-7.556335
-22.222385
3.281459
41.597343
-14.792575
-5.689670
3.632935
37.468723
12.291773
-23.360577
-9.479346
-15.913825
-2.210915
28.685225
15.481271
-29.854214
23.879004
30.132345
-6.713933
-29.819128
35.424816
26.054766
-2.234310
-25.980259
51.995602
-0.551473
-0.481213
-8.267616
-4.985538
11.351418
15.192634
16.484507
-3.537642
17.846523
-8.349642
4.495107
-32.953480
-39.971352
0.076142
41.334751
21.287201
-10.971329
9.740364
-22.522631
39.714478
3.611752
12.135374
22.407333
26.971945
13.405137
-7.228252
-3.955290
27.889297
34.929298
-28.601118
9.832474
-2.244940
-30.173016
14.253020
14.103228
8.565935
-6.206460
24.143028
-24.336842
26.076767
-24.332390
16.699415
-14.323462
-0.857928
-28.528727
24.198061
-2.145407
8.740553
-5.434035
-10.536581
-17.371193
-34.556938
18.683594
-0.822384
7.113257
-10.789268
-18.012499
-10.731307
20.622711
-11.147327
-0.338954
-14.441425
2.244752
-40.006245
7.243616
31.869467
3.322337
29.361134
-30.843939
1.144644
-45.801136
28.105112
-33.498104
21.032808
5.239736
-2.357962
2.938472
33.586609
7.315371
24.407612
28.908716
-33.267361
-10.970593
-5.577487
-23.267485
19.175423
-7.599910
-26.928892
19.365988
67.372833
10.940489
14.123355
-32.407875
-41.166599
-35.390793
-7.584882
-20.279104
-29.661407
-33.574757
-15.907072
-28.447939
33.808075
-26.464088
-15.897816
11.597615
-22.214956
-38.248974
-5.197563
22.405748
-5.975320
4.811187
18.083723
-4.220047
-18.289551
-0.180052
-19.147358
10.133511
15.744317
-16.146559
-18.652508
1.111267
-23.754711
9.409841
-19.909067
7.371145
-25.531380
25.406279
-42.444073
20.491766
-4.005975
-4.935728
-23.020649
27.939566
-17.562630
-12.291724
-1.823191
5.073706
-13.593507
-17.680573
26.460888
-10.316941
50.722900
11.016920
14.344532
22.516321
-6.010329
-27.032270
-11.330089
17.188145
17.723377
29.603085
13.185265
34.839733
49.622726
-4.758480
19.141909
-7.811347
34.589931
38.885372
-15.147288
-23.621613
24.429230
33.144020
-17.891363
12.529222
-28.176218
27.793945
-34.858162
-26.626204
20.128780
25.558670
1.429127
-0.862575
25.801878
14.545068
33.968395
-18.861637
22.110376
31.318874
55.413860
28.782700
7.994588
51.996437
66.619789
-32.159466
-13.467080
9.987295
58.077900
18.942017
-33.804840
42.388565
-8.143806
13.782957
32.421974
37.038059
-22.610840
23.529480
6.238618
25.261940
-3.759050
17.940739
-6.245137
28.322031
38.535046
23.554964
-8.341042
2.901619
-13.171453
-3.094387
31.852617
10.030398
-15.120322
4.388683
27.545233
30.678061
7.132777
-1.151919
8.555162
-5.052816
-11.724110
-10.142996
27.062281
36.258625
-27.631315
-28.042276
12.931518
44.538307
-7.558876
4.391695
-18.026491
22.881250
-27.944504
-22.516125
26.032009
45.699142
-11.516205
-7.814159
22.995853
22.893686
20.046116
8.632675
-17.312899
-26.484720
28.691458
-0.653373
22.869499
21.993279
-33.923508
19.129133
-34.705490
-24.018736
27.396336
20.480141
-17.426725
35.064270
-6.384438
-7.980246
-21.075607
-6.826020
28.706961
28.533371
22.728149
-1.315766
5.426974
-7.256801
30.235453
-37.504539
-39.157875
2.418828
11.702872
-24.060888
-15.394300
22.555668
-30.517345
11.861963
-22.424957
22.226767
26.759876
33.775742
-18.431618
33.630039
-28.783781
-15.372175
-17.614065
-13.061902
13.274743
-10.445538
-13.636536
-25.685799
20.510784
11.308275
-28.213099
-11.228642
-9.289865
10.794271
7.908574
-1.057502
24.249088
19.103706
7.844102
-3.442213
23.836454
2.604486
16.636942
-29.429911
-10.079552
5.395057
8.953969
-10.696147
8.399963
-35.875401
-22.790308
-3.208395
-32.252728
-19.800503
3.783866
6.467877
2.431553
-5.889356
25.442911
-26.124016
26.694033
-20.815533
2.338775
18.101604
-7.671943
-29.826637
-22.811220
-23.782848
-16.768841
-44.483059
18.667837
-36.363544
-8.373291
-27.557440
-25.652206
18.559793
21.987658
-21.121883
20.764256
-36.798244
-32.502613
-27.039400
25.562279
9.503416
-11.954724
20.454176
10.853981
31.017439
14.104151
-32.039394
-11.982329
-12.150897
-24.627136
-8.065618
28.756947
-16.021828
-13.683517
-8.612901
14.709311
-16.067768
-32.973526
18.063566
-23.998022
-12.924555
7.344830
-22.630629
12.544621
16.108654
-20.864983
12.193827
-4.334097
-11.501310
13.059439
-32.053875
0.897555
-29.039551
-46.862099
14.125470
10.014886
-23.577084
-0.120066
24.271296
-33.163845
20.446186
-24.295610
-26.370972
6.624239
-31.068897
-31.550344
27.412203
-8.444171
27.276913
-6.218344
20.256884
-6.376148
49.313648
30.856335
18.926891
20.566996
32.494091
-20.232677
20.365320
33.189857
2.574105
7.820962
-25.877211
-13.449654
19.412706
27.444227
-6.566928
8.239197
36.959545
15.403597
-34.436161
-41.430378
-24.073746
-0.148561
-5.432635
38.075771
8.799734
-31.738617
-12.235148
7.317894
8.466374
17.612942
-38.468819
32.684074
-32.015499
-43.131382
-38.733540
-9.138941
-14.346541
5.851947
-4.266195
9.013212
33.428944
18.888641
-15.549981
27.782312
-31.418104
-24.557753
-30.284931
-15.837564
14.738626
13.701390
-2.073197
-3.874952
25.294588
-19.675482
2.513279
-2.711438
-15.284583
16.103426
51.958477
18.723537
26.033190
22.450752
22.544167
47.947025
29.607141
-42.136326
-26.121189
4.812297
0.047050
-8.143186
4.895431
54.121849
-23.250099
21.885614
-16.352545
18.733406
-14.078366
-1.657846
-27.035761
30.166399
-4.868175
11.384088
5.195693
-2.401510
-24.184729
-14.293803
33.153214
26.308405
8.050222
10.990754
5.745925
13.669493
38.735340
-4.403588
14.288007
17.249697
-4.103163
-20.105021
-19.672762
17.495304
3.870626
48.362144
-23.587711
53.067272
-28.835526
24.570906
7.963637
19.730059
13.697123
-23.622751
56.537769
8.270729
-3.133106
19.219948
-1.289914
-12.997259
34.093254
-19.247643
-14.471289
-25.845835
-24.745333
-38.583931
-10.060823
-27.350321
51.841560
3.008488
15.788637
-1.457639
0.393342
2.718263
10.047235
-10.266222
-26.292013
-3.803022
7.956460
44.086311
-13.756540
2.938483
-26.097149
-11.620522
9.505630
-54.834515
9.344522
-24.839262
-25.844563
-34.036404
-30.175123
-7.475873
-36.786251
20.049562
8.389868
1.410657
-46.444641
-14.330463
16.776180
18.858971
-29.183714
23.805000
3.458147
23.957582
-49.554836
1.899763
33.279652
-26.742001
7.711950
18.127327
-36.123188
2.160552
-10.183314
23.389561
19.985479
10.896445
-16.793098
-26.808870
-35.865067
-14.080117
-23.181530
9.423914
11.569802
35.816303
-11.290577
-13.273401
3.886492
-35.652302
-21.932642
20.813118
20.078005
-8.282393
28.510284
-36.013676
-9.170511
38.176460
-10.700973
39.305000
-25.885157
23.122372
17.697809
38.615086
-29.157167
35.257175
3.366054
27.637321
-6.640162
-10.368673
15.884386
7.856449
-24.471676
-24.155678
-27.446514
22.343456
-39.491215
-20.433870
-21.191923
-48.191269
-38.568661
16.123169
-25.726170
28.718884
-4.939125
15.277667
3.355369
11.186578
20.269442
12.992642
0.345356
24.327694
-21.656645
-2.485125
-21.551605
33.442013
18.696802
31.431753
19.200134
-8.125012
7.834180
-34.029312
12.505821
6.693366
9.200427
12.867915
15.308237
-33.189281
17.401554
-0.476697
20.954067
2.611803
-21.208212
-13.422536
-1.800615
-43.822826
7.101681
22.912621
14.645103
44.212132
18.248652
-14.929950
47.440418
15.415652
-11.566420
21.994122
8.046942
-15.445600
-19.379066
-1.749929
-5.474385
9.052073
9.331147
11.952428
-14.683432
16.816441
13.526727
-33.692547
-19.498022
39.482059
29.469589
5.430462
26.008554
28.400574
-17.892101
37.907955
-29.921320
-21.782804
-19.400105
-7.993148
-7.770217
12.535887
-35.613129
38.623009
8.856777
26.019356
1.927536
-22.449287
-7.839720
33.638554
-27.895153
20.710188
-5.198905
11.209100
5.613061
-33.108639
-20.009092
0.893366
-18.150534
-16.070087
-12.355895
22.399204
2.035956
-3.538759
-14.155180
-31.589190
-0.725825
4.558255
25.551485
7.614086
29.562487
14.757606
34.709270
-23.828739
16.509605
25.404516
35.530247
15.157183
42.048946
32.388474
-11.321810
21.965670
38.794289
32.147110
9.946453
-11.018494
-12.019781
4.441797
4.693814
1.890439
45.105495
-7.156876
11.961742
31.214052
-10.017788
-4.197583
-29.506096
33.173180
29.905556
-9.696433
20.185118
5.758893
-23.303038
26.148773
2.627907
-35.807686
28.472048
7.189753
18.333389
-26.166941
-18.586639
9.564964
-23.573803
17.278809
18.802555
36.912739
-2.532143
15.751558
-32.905987
9.351600
-28.347944
34.061901
12.036840
4.055120
46.677795
-23.613375
1.298439
-8.265779
-16.333708
-15.893298
12.925036
17.016914
-26.988798
38.737030
-3.201402
-5.844093
5.926851
7.715139
-6.452507
-5.192472
-1.395984
-5.488143
20.771162
-2.064956
3.085237
-36.367088
9.845350
13.460687
19.818907
15.700475
-2.245554
0.275892
-13.578931
-4.869323
-30.828772
-26.611914
21.775850
27.457094
-4.149968
-3.564804
-23.969091
-9.868059
-24.757824
29.380287
-23.653290
-24.873543
25.615309
2.615221
-7.453979
16.743771
27.745935
-14.145006
20.576937
-23.573534
11.674352
8.972943
-2.861744
16.623434
9.491749
-3.631204
-25.837801
-13.113422
-32.337185
-33.145508
-1.398143
-21.543522
-10.379904
8.297025
16.218489
24.940445
-19.938019
17.763067
10.635061
42.156120
29.122147
27.864492
10.329107
12.512512
11.877823
-24.096600
-7.399860
26.707830
26.206545
-15.822305
22.556051
26.905605
28.713968
5.931841
-40.250431
-16.923344
32.529358
-16.412859
-14.900486
7.123926
8.370209
-23.803162
31.234772
-4.279886
21.270863
19.152014
-19.480448
26.927441
-7.659385
-7.843168
-31.454279
26.233000
8.351364
-14.340572
-12.037017
-27.483631
14.184397
28.261442
-12.044904
-15.301791
35.088341
5.919228
-12.854636
-39.320225
30.784668
-16.140728
27.585293
-34.573048
-2.251562
-11.629815
-3.041997
-21.809387
22.685467
4.497086
2.296846
-19.144503
-9.557380
6.685169
7.463053
10.208699
-12.952062
1.952367
14.396688
-9.227458
3.940655
1.033017
27.532177
29.672924
35.953766
-17.551876
14.329297
-2.259799
17.062672
-33.862778
-1.478347
11.043012
-17.813137
13.155864
-20.049009
14.088681
-28.849777
-0.926220
-13.610139
8.224622
12.509539
14.470960
3.237479
12.281337
-11.444232
-20.147072
4.649536
18.281693
33.207596
30.601242
7.376303
21.441332
-32.541950
-19.575106
0.536724
1.234558
15.912281
-15.912906
14.567798
-30.369421
-14.110542
8.849021
27.400167
6.333389
-42.960262
9.837932
-5.742288
-15.465145
-2.538895
-14.942680
-7.883781
-18.494534
27.693331
37.733265
0.221339
34.528454
0.071578
22.809914
10.875021
7.399232
4.129094
-40.387402
-16.768595
7.203777
13.763515
25.101959
-17.273796
4.223094
-25.464718
-6.344025
20.133444
-16.125610
-13.248501
18.156265
-32.287102
6.525790
12.062536
-0.945532
9.063904
15.110348
5.248981
11.434866
2.445641
-1.443755
-24.061464
3.640629
-12.984701
2.148920
-30.931644
14.686975
-20.474808
7.843819
-2.807509
-31.545153
-15.619768
-33.526638
24.030874
-0.827440
-3.601000
-8.340470
9.712384
-24.324724
-24.393370
0.489779
20.527470
-16.905941
20.349451
19.262367
-10.393176
6.841607
0.494343
-18.854649
-34.442661
17.314901
9.460894
-13.937944
12.629661
-12.673028
-5.353216
-33.746353
-35.074883
-39.366413
-13.934773
15.783119
-29.386971
-6.883483
45.553547
-32.322697
26.864115
-4.902733
30.324604
22.792540
20.121328
-40.759003
-20.631737
40.597435
-13.499565
11.841528
16.681396
-33.374424
-22.657639
49.679611
-18.739834
2.960603
25.377638
-13.394440
-18.372259
-14.438078
26.588509
-10.901820
20.255865
-28.555609
40.945263
4.055453
-7.004944
-1.710895
6.815109
-30.485504
-33.729046
-45.591976
9.444180
35.131859
-0.282691
-29.852448
2.709428
-2.809873
15.087044
22.513729
-1.389144
26.218567
-5.694778
-8.515053
15.908147
3.270233
-14.288232
12.488198
-0.258541
-0.182062
17.489071
-16.369883
-1.892310
21.116049
-6.256371
-28.236063
-20.069452
-19.759531
-10.834451
-14.093786
-5.379014
5.512394
28.118280
-9.156374
-1.017073
24.543882
-9.230252
-34.852192
28.307808
-22.516602
24.807554
15.585656
28.874184
41.819187
33.810921
-23.271181
2.117807
-19.672400
5.028416
-4.852722
5.200276
17.732836
9.894716
-32.730942
4.469265
-0.415663
30.504856
33.985725
13.843596
3.643480
-23.895578
38.239315
-1.182928
-22.161234
-28.732464
32.078434
-41.782101
36.171776
18.715460
-14.887289
-18.237398
30.010548
-0.993328
-42.434216
27.223858
7.322247
18.103382
-26.296898
0.897151
38.860676
5.275292
42.801380
-19.993219
23.125731
27.048454
28.656843
-8.351060
42.742359
10.775765
-20.602800
9.870511
-36.869511
55.285172
1.724562
12.373015
-2.007540
-4.961927
-25.181707
30.927416
-17.603275
18.428429
0.618257
6.342241
-33.375084
-5.892344
-17.417664
26.408838
28.825674
-7.347437
51.854256
42.798477
-0.504928
13.620984
-1.831365
-16.440947
27.770514
14.581173
23.808605
15.856736
-6.037529
22.073601
27.576689
-1.303687
-20.738848
47.938076
41.701672
35.309769
-17.418070
25.387882
-12.735571
-4.353034
-5.697837
16.886642
16.633232
-19.413271
28.890911
32.890411
24.512686
-20.285242
-5.824643
7.315800
19.048267
25.395048
21.453695
-7.957472
1.431505
10.871060
8.938171
-0.130819
20.348297
-7.948035
59.231686
-28.469666
9.441320
9.797290
47.600906
16.256626
-6.407979
29.284174
3.650249
41.818508
-21.864136
-7.496532
24.899288
20.906496
-13.030816
-9.917362
-5.701807
-12.562996
17.251863
-17.212536
4.126014
24.292908
5.728806
28.477379
-6.597692
18.088282
17.166773
-0.207067
20.300791
-20.122814
38.841290
-23.155308
28.507366
1.170518
-12.590010
9.136374
-17.220821
1.818586
9.134379
20.364410
37.888409
-23.615974
39.578564
23.667063
-1.653288
13.921515
19.347797
5.860155
-19.953552
-16.153509
18.128660
49.949265
-10.911201
41.494190
-18.892981
-19.048603
-9.224526
31.980398
-7.408663
-24.065126
23.419062
-9.125245
28.625460
3.895105
-36.123852
-17.087334
17.542463
32.457047
15.942978
13.951171
12.542444
-11.140008
26.415537
42.616615
6.291605
21.920450
9.276344
28.351786
7.652251
4.693883
18.593178
-18.498949
29.068344
27.640745
9.571541
-19.150656
-6.515093
-7.013128
0.447796
-24.910501
-3.332315
8.838139
27.902109
-24.114801
24.399673
-42.396431
-23.711716
-30.085379
22.543577
9.540995
-34.830708
12.569755
19.975451
-19.657089
24.422171
-35.304207
-18.564819
-37.519283
11.073453
-10.676459
-32.954285
-17.967495
-22.603071
-16.722006
13.094110
16.931210
-27.257519
33.208050
4.795342
-19.372728
3.167597
-10.653341
43.342270
-18.036148
-13.157213
-10.698257
-23.890039
25.255829
-15.529141
-16.341732
-35.579674
-26.641598
13.499155
-9.283365
-15.032958
-3.096488
21.411451
22.754894
-16.309544
-10.085515
-33.604855
-28.312386
24.772102
-24.228455
-23.178131
11.931760
11.609644
7.149178
3.367361
-13.034041
-10.831562
-18.794436
8.765611
-40.019184
-0.867059
23.194628
25.659513
11.611168
16.291374
13.189889
-21.369251
29.307714
-15.178434
-18.765015
-32.294754
2.367623
-37.648254
15.650393
-3.666732
-39.455765
-22.221586
12.026548
5.897779
-4.533127
2.115881
-35.001045
-29.539707
31.310984
23.123823
-12.267896
-39.202461
0.869096
-11.778617
-34.678505
-36.065208
-3.727273
-23.480936
0.293048
25.767805
32.699562
10.190791
14.112743
-11.582607
-27.344584
20.811728
4.793622
-17.724827
-33.796165
-3.959513
-20.692461
-23.840965
-30.870682
-17.748524
-28.118832
-33.858929
-17.453697
-0.101336
-7.973841
4.691637
2.071082
33.488216
12.649751
14.291750
6.808876
-31.474627
-28.271776
4.452810
-16.075298
-25.049807
18.029848
28.219116
-29.801683
2.713437
-15.331461
-23.375900
5.212617
-15.326101
-8.249078
30.018679
18.869368
5.901893
-13.911587
-22.591524
-37.313774
-42.167770
-19.327505
-2.136636
-5.745931
-31.265648
34.977280
-4.608323
-18.100815
42.596012
27.187405
31.494564
-36.449837
5.207352
1.927414
-3.571196
-28.145912
-7.940237
-32.733025
28.083998
-10.222099
-3.423231
15.724070
9.023279
-17.475857
-29.257263
14.287988
-36.566139
-12.472850
43.104069
-25.727636
-34.719120
-23.756746
-1.902574
-25.800875
-24.599247
-4.664988
-33.594955
-27.127560
26.764149
13.693045
-8.818851
-28.459129
30.659725
3.173505
-22.192091
-31.433903
24.001072
27.352404
-9.551714
16.486242
27.610415
25.817541
16.325043
-20.400654
-21.974138
17.007742
9.855902
14.347670
11.577061
5.492720
25.736986
-34.804409
-28.532480
-27.547544
11.926551
-23.331835
21.066116
-28.038029
-8.929580
27.456774
8.201350
-5.856493
-12.649838
-35.944012
36.658253
-9.642982
-19.201429
-6.909376
-1.362882
-7.801659
24.973095
-10.962559
36.032513
17.173695
22.392012
20.060755
0.567865
-13.734410
25.267727
-8.707417
-3.926569
17.173161
45.721062
21.696779
-35.509705
-10.796085
-21.873917
16.421736
15.078129
11.254636
-7.757469
-39.792137
5.017265
16.624861
16.102755
19.648808
-10.025980
-12.668794
-1.358925
26.617561
-15.462785
-24.883020
17.104746
-36.481838
18.966679
-30.939302
36.339409
3.814494
-9.944554
19.827639
-35.557564
-15.546641
6.058782
22.404922
-4.619542
20.021095
-28.775093
-29.377594
8.716772
9.172750
53.054184
-2.421805
-3.635997
31.480923
-31.865196
-3.865454
23.567440
-35.346901
8.217530
-43.520061
1.977963
12.054103
-27.690037
-31.077961
5.909792
-25.095469
-6.676781
15.585722
-1.325801
-9.478771
-17.341335
-31.536837
-3.143505
9.793291
-0.425138
15.801147
1.896045
-10.692916
-24.178322
19.839540
-33.812950
5.233656
-28.661884
-35.344322
-3.532789
12.062387
-28.274263
46.023968
5.986802
23.618099
42.013580
-30.283804
18.730312
-3.946046
26.832823
-14.157599
29.097975
-10.210565
10.996856
0.660898
-6.309948
-23.123163
-3.488243
-27.143797
26.952299
-14.380353
30.793873
-3.786979
-24.305059
19.994419
25.565306
4.674874
-1.609318
-41.467915
4.932127
14.260996
-15.853702
0.277429
-4.789311
4.650100
14.286265
-10.105213
10.099050
22.946177
21.731672
-46.444008
-10.400417
-11.094658
54.346989
19.770870
46.396084
0.729244
34.808487
-7.158720
-29.615475
-43.898930
28.337557
33.110901
-24.590420
-1.486126
16.814520
19.317818
22.023600
-23.129410
8.588720
47.905197
-11.425794
14.242404
-3.907683
13.086391
-1.382327
-2.652603
6.640279
21.137974
29.036497
9.713629
-0.285271
-3.959276
9.134960
-27.283022
28.719612
14.497404
-14.001579
-32.760139
-23.069792
35.975262
42.056656
-24.582041
-3.370442
0.802476
15.819203
-9.486972
13.669278
9.655214
-29.120485
14.964397
-31.595200
-34.342049
-2.056010
-10.853610
-10.634074
19.620354
-2.965739
14.822615
1.909712
3.751554
-11.728099
29.354588
-3.641075
3.999268
-15.714145
-30.130753
-15.956902
12.669990
-7.504639
-22.152531
-1.052633
-26.397432
-9.201872
30.724722
18.318655
-34.666096
2.506524
14.701714
12.984964
-3.343603
-1.070121
27.557638
-1.223506
-6.518979
15.480492
-19.436474
7.451596
32.539352
-24.277437
15.404341
-23.378016
-20.568550
-29.408007
-4.286117
-6.995001
29.727291
-1.014389
15.469410
-22.521734
15.067483
-17.670275
19.516035
14.279489
-25.013294
1.174066
-29.827658
5.894125
27.516447
-13.361774
-6.321051
-2.270422
4.638832
-27.614857
-5.880644
-12.202078
40.397194
23.524767
-6.380247
-19.969002
35.657917
36.646919
6.104449
-15.353849
-8.835779
-22.592514
-16.358891
6.227418
-25.222706
10.595345
12.651602
-36.113201
10.560660
6.909030
9.481850
37.099384
-25.210793
16.507252
14.756013
-24.472570
-25.951851
-7.369507
27.337786
-17.719536
42.345528
40.446121
-16.327545
9.136681
-37.909504
-1.551455
-5.196550
-12.153738
2.042702
15.150479
9.597939
-11.162535
3.824341
39.888866
-12.509297
-4.776702
29.240637
13.041037
-8.572011
16.606865
22.370485
-3.299253
0.636641
-30.332607
32.703140
-8.184771
19.924259
-21.028679
-11.468802
29.923979
16.345434
-23.458338
17.521452
15.318765
24.494024
37.061451
-15.114600
4.691226
1.813900
33.229183
13.282499
27.206921
6.813887
36.039516
20.319992
26.059116
-12.166824
30.963259
-0.454794
-27.483021
19.865496
-2.012893
5.625193
1.204279
19.857414
34.655323
-33.720890
1.721529
12.352171
-4.180067
-16.970287
5.822864
-25.799519
-20.157743
-23.950926
-17.284266
15.464413
30.841867
26.112265
24.598309
-18.950249
-2.897026
-11.505261
-14.918905
-23.478615
18.486023
-0.738986
-7.783964
-5.257290
5.293657
20.179752
22.672977
-40.035854
23.860918
-3.064940
29.832970
33.064575
28.405830
6.692905
36.080456
5.714529
22.539011
20.725197
26.388308
-1.607674
-19.343670
-7.513663
4.037069
-31.813833
-12.906384
-9.921847
-37.016804
-34.319515
-22.994526
6.443582
6.018245
-18.454794
-13.390364
-14.264191
-27.796787
29.902596
-1.497496
-16.669144
-3.742390
-29.790384
-33.090179
-26.451836
35.027679
16.998478
-28.828756
-13.357641
25.296032
15.634098
-8.421437
-1.995516
-31.165071
17.782803
-36.832394
15.911872
-20.241047
-35.648705
-3.556621
12.446367
-24.472637
-10.590981
18.369474
42.935909
-38.426464
4.647770
-2.814010
-16.466351
-33.415436
-25.504641
-21.910719
41.924831
14.258899
-22.127666
-5.774648
-18.489540
27.788551
-14.704898
-2.003839
-17.669533
29.652609
36.962418
17.285538
-2.261968
28.345327
49.757889
24.146736
28.274246
30.837412
1.477710
5.273586
38.598186
-5.852794
-28.378326
-15.565090
30.208122
-33.163803
9.839126
27.613499
32.565289
41.412022
-32.680527
23.063969
27.377129
14.017841
-17.800037
10.248158
8.546528
-31.158821
-13.582363
-14.578189
17.032808
5.499273
-17.752153
7.190020
-25.757893
-26.586653
35.517452
14.381120
-25.966068
-3.593548
-29.207394
2.048584
15.628791
-30.054325
26.539095
-7.594475
-22.143621
22.421217
-30.603870
-17.259764
11.872759
19.396013
15.757506
44.290440
-4.087072
-34.050560
-23.808712
-37.918270
15.275164
-15.501592
-28.210104
16.792250
43.151070
41.506313
-27.695288
46.032516
19.262655
-41.654354
11.868877
-14.961829
34.634354
-1.260153
-35.824242
0.362948
-30.279064
15.587492
-18.595207
11.245323
16.964706
1.550915
19.970757
-9.346250
-3.168107
-15.087182
9.974227
48.050068
18.614685
-14.667222
-2.720959
-7.849798
-33.759548
23.204422
-24.553562
-16.959965
-2.637512
12.050183
29.607492
0.894045
-9.219796
-1.478493
27.338734
5.030401
7.941927
-2.460268
-28.850092
-0.167571
36.021271
-18.010574
-18.665102
-23.569424
-8.273479
26.494328
-50.278812
-15.873281
-4.761467
-11.108969
-28.074320
-8.835506
4.320261
2.622127
-13.335896
30.102854
11.934864
9.178809
11.406973
-31.646257
-21.756069
-6.226962
8.987896
0.618519
15.645671
-7.099491
-25.230591
11.633920
37.545155
13.191544
24.839277
31.353939
-35.297443
-8.463090
-36.406319
-9.302902
-24.000652
22.922874
40.413097
12.000304
-5.365289
0.401185
-5.710131
20.161976
28.955069
16.865080
-9.533702
31.500191
29.150536
-4.582959
-30.033144
-26.817877
-33.748081
-24.490183
1.005786
13.324996
16.493357
-20.388342
34.897980
-21.454393
-10.593019
1.852933
-12.097151
12.003580
-11.433690
-38.991531
-15.885634
11.373646
16.982721
-16.859993
-21.392210
-16.826881
-38.561089
-18.591179
12.049955
-14.518069
13.167542
-7.535966
-20.201777
-42.909698
20.191971
16.972174
-18.949476
29.668755
30.812029
-12.559677
-3.308694
23.479799
-24.878778
21.626703
-31.120052
22.304665
20.767397
7.883501
-19.255852
9.197932
-6.801132
-2.126192
11.496717
18.342026
15.012944
4.734424
21.123270
-5.690718
-31.075050
24.437363
15.949325
15.398528
-29.433378
18.974113
2.470141
6.262599
0.294538
-7.501180
-25.766983
-23.358654
10.369837
32.624428
14.234002
-13.487442
-23.754148
18.978716
-31.634535
-0.943731
17.184450
19.085443
-3.466076
5.663035
12.088557
-5.031601
-12.685332
21.576820
18.728350
-34.951656
25.807983
13.150141
16.814272
5.793434
-17.916521
-10.780846
18.192083
-25.269852
5.082166
16.579971
19.193216
27.863459
1.262767
56.099129
5.962118
7.674100
39.921394
-26.189383
-13.709936
13.684042
51.673962
-27.845879
36.486721
30.975866
-7.533742
36.169544
-20.914116
13.837514
55.040462
31.017248
-21.430481
18.916971
-13.462091
30.490812
36.015232
21.925632
-1.478998
18.988565
-11.992734
32.837032
-38.825977
25.442743
-4.498429
-5.484974
41.612747
20.259954
35.700333
-11.434679
-26.014725
-1.581737
-27.494156
29.448652
8.688439
-45.879494
11.611858
-42.993176
17.491142
9.704623
31.504211
32.412445
-16.322842
6.287366
-35.173786
-6.345267
6.594681
-18.161289
5.829876
53.363991
-20.005859
34.617512
-13.476714
-17.117640
-7.069108
-21.243807
39.490841
-1.006169
-31.123959
32.944660
43.487148
17.311415
-11.365951
24.924103
-28.527023
-0.671664
-32.947025
-31.241249
26.574379
-12.809756
-24.373440
1.745053
-3.616658
-21.171946
6.892646
24.961620
6.076596
15.982400
-21.209030
27.425695
13.794205
-19.703695
25.183619
43.227512
20.871159
-18.638542
-16.014503
23.418354
14.472644
41.574848
5.268000
26.239878
1.982319
-33.082176
-11.136208
-13.655560
-46.012878
21.702534
-3.618888
-18.321602
-10.545934
-3.691718
38.832649
-7.402628
16.931423
14.106541
34.468491
35.835506
19.407703
-26.953941
-26.894239
1.950063
-1.630455
4.968493
-0.062361
-15.165972
10.441166
-21.739071
-35.581860
-41.562054
22.176016
36.677906
2.768968
52.570835
-11.232748
23.784874
14.943079
-13.770392
10.050118
-26.194794
30.219553
-17.493855
-25.614727
39.946117
23.049414
-6.008452
-5.119542
33.028336
-5.039950
24.776325
21.489262
10.291159
30.910084
-5.446433
14.173072
57.191490
-25.907028
-35.278316
7.027906
23.463161
-25.375818
12.302846
27.673634
1.933617
42.805370
-24.068792
33.024010
-14.110234
26.511137
-26.107168
24.200089
11.738699
0.182789
-31.838039
-13.830715
-24.812561
3.209403
-1.075075
3.498116
0.121507
-11.618647
1.450675
4.230875
14.450143
27.150328
2.912070
-8.832999
-10.922881
13.627803
14.872121
31.725893
-34.497639
3.328358
-19.953314
48.905712
40.233910
-10.972396
-27.874794
-20.272005
33.808186
-19.656202
-12.750729
37.771732
32.738708
36.525986
14.594113
30.674128
7.677677
-43.188999
-15.515968
7.006924
-1.365542
-20.545151
35.699196
18.576239
3.869959
39.776905
-10.461006
-33.385368
29.942348
20.617245
32.385365
24.361542
17.039715
-2.710258
24.296352
29.585520
29.939810
-23.573013
-4.251205
-2.329337
-19.129686
-23.316269
9.093461
23.455681
-12.659054
7.571258
13.771194
-22.193832
-12.806132
-29.450476
-37.540043
9.659676
-6.113043
17.942884
-13.693491
40.026173
-32.341759
40.243416
12.232155
-18.471092
15.298131
23.768986
-75.470245
-34.048187
-19.609047
-38.997902
20.371721
17.978851
14.778996
14.025148
4.824886
-3.013871
-25.928223
7.050568
-19.199774
23.984413
-26.661942
-8.627377
-34.007050
11.594596
-10.510185
-4.039166
15.666547
-26.709408
-26.399233
3.789237
1.454783
-10.376339
21.463074
17.274918
6.526145
-11.585807
-25.667662
-13.570226
36.714497
21.248892
25.419958
-15.041928
-10.741920
25.070683
-34.492233
-17.065720
-25.689587
-29.232603
-45.825691
31.291998
25.488245
32.171581
-11.355948
-32.607113
-32.737011
0.262722
22.159252
-8.462753
-28.078535
-22.915596
16.282719
23.315601
-2.462138
-3.535320
-33.990639
-0.830246
-37.676353
-1.555630
-20.822372
18.172783
-18.514345
23.684860
-27.680195
11.604749
-12.576722
42.597660
24.374512
31.341534
10.404768
19.754232
25.673676
-22.994511
-5.290858
5.658161
27.775404
-15.671144
1.767383
-1.601328
-30.663191
-8.381719
-11.403538
26.023308
-36.983780
-19.210609
-7.489862
-39.795212
-20.164007
3.030352
23.820929
-25.366266
2.935884
-10.454422
-6.623427
5.822777
-31.701746
14.367177
-31.464283
11.262375
-9.486464
-5.833310
-38.855488
-28.295216
22.299723
-38.208591
-0.076465
20.137705
-3.785185
-7.761336
5.602813
-6.866606
-4.913049
-31.655031
-28.723381
-25.094086
-9.315573
2.002472
-7.192698
5.146241
12.446890
-43.313126
-15.414993
23.368940
-15.993749
-17.803825
-32.461372
34.758415
-31.492235
-23.940760
-4.169589
-7.436560
-39.720219
29.920439
29.439886
13.947083
-26.689793
15.658204
-21.930300
19.315969
-31.714666
-21.635952
-22.400286
27.066427
17.112976
-10.780830
-4.822790
12.398028
-43.054127
6.514410
-22.407972
-0.892379
15.263587
-2.798068
-15.579989
-6.361467
-38.332016
23.713366
-19.508331
16.663349
22.376987
13.331357
-43.575214
-27.207655
-17.591539
-40.273304
4.979223
-11.282755
-28.524633
3.697785
5.471105
-0.848295
-10.712013
-27.524181
16.541887
-37.242325
6.180173
-19.727346
-4.831549
-13.300707
24.566662
-12.158714
9.906390
0.546598
-24.881674
8.137304
-19.541540
-44.840847
11.914666
14.122498
-10.777595
-23.281540
18.718727
-21.631821
-26.950512
-1.377110
-36.790371
-30.938923
-11.243481
27.719576
-10.741611
-3.476248
-22.482944
-64.212273
3.701066
13.290621
-10.401676
-5.988670
4.658051
-20.728050
-26.829092
-33.637482
-21.530638
-27.728590
9.777528
8.779991
-8.729664
-15.352558
-31.552910
-29.402975
26.104610
-24.098021
-13.084191
-3.880062
-26.170555
20.792538
-9.159512
14.371484
-46.088657
-6.282785
37.164032
-26.339083
3.768694
-1.112295
-29.018656
15.119780
28.662327
14.240560
9.495059
1.843626
15.791816
-1.412559
17.157909
-17.166018
-34.789696
16.953640
9.908598
-28.112610
-18.911596
-22.853983
14.494580
-36.127960
19.426199
30.226646
-37.691509
-10.045259
-27.242933
-34.470238
20.388006
-5.447536
-22.899075
-10.081266
16.658295
-32.169617
27.398891
-40.599152
-31.955034
15.793848
-20.815264
7.708833
19.922375
1.224507
-18.778803
-21.896662
2.260443
-15.168935
-9.555440
0.983964
-35.433556
-5.018865
21.983500
6.919765
41.059769
-16.285353
1.074517
-10.163467
11.548996
20.195112
5.796041
26.035164
-41.204571
-19.608686
-14.931070
-21.745148
13.236147
-16.382080
10.922007
-19.993404
-45.505981
-33.069046
-11.979267
28.495623
38.436661
-17.706072
-25.333372
-31.358894
-15.244962
21.375172
14.605333
29.580196
8.628919
11.917460
-37.629448
38.912651
-10.676228
-22.288263
15.170358
37.560692
17.692064
-17.649879
-24.246031
23.862329
2.795781
9.305309
-14.789041
25.107435
24.575459
-38.702690
-8.971425
30.359411
24.100945
7.334305
16.108492
-2.740641
-26.780373
-20.316717
3.238901
-11.235846
-37.460339
6.967737
-14.093186
-7.372133
-20.139427
-17.204655
16.380116
30.439878
8.164667
-23.190708
16.288300
-35.720173
-26.042196
-5.611812
10.596391
-7.466847
-3.761657
6.693264
18.970953
-14.324365
6.448862
22.078817
11.183758
-27.918348
14.501695
-3.821396
-17.864132
-13.209258
45.020176
-22.683674
-17.556393
-23.917166
-4.480046
30.315348
3.624897
-28.192116
20.809517
-55.061146
-25.540257
25.244789
-19.360207
-22.615080
-16.333138
-43.719116
-29.816189
30.525816
17.873077
-50.795601
14.553796
-29.543560
-8.702377
-22.454826
25.012854
-19.742270
18.854200
16.874882
-29.110378
35.673901
-15.718416
-4.563960
-7.514165
-17.175438
2.803270
-0.235132
-35.879414
35.847088
24.666296
-37.483528
-2.154049
-21.321609
15.263949
-27.058018
23.240847
36.783249
35.464607
-4.073300
-30.262781
26.304737
28.536842
-53.926750
-6.121185
-31.943512
16.765148
31.438782
-7.100232
-17.681030
-29.995934
7.348249
-0.710404
24.348387
-39.917313
28.626984
-23.865171
-15.225358
-35.217731
-17.811338
-36.184189
28.106943
-25.093170
12.834698
-19.038410
-32.884441
-5.175621
1.416846
14.064622
-11.398429
-0.413398
-25.097155
8.101453
13.771098
17.376656
-17.400892
-41.172478
15.951095
-17.835135
-8.858069
-16.156757
-14.975123
-22.985287
5.603024
50.992813
16.760832
1.692032
-29.752279
-25.140099
-6.939192
-28.082529
-42.058735
8.443365
-45.646309
-0.210014
6.277845
-4.647880
10.934849
-0.772433
20.423861
9.854383
-23.290192
-6.861526
32.213531
-24.871176
-6.792340
-18.759275
-20.011911
-10.231723
2.417981
29.548592
21.486063
36.085270
-23.788784
21.718222
-15.976861
12.443905
-0.591860
31.843073
-5.982344
-10.963973
0.931600
12.772405
-12.923067
-30.014185
23.376608
16.037977
5.671289
-23.195679
-27.691706
-26.867378
-9.629694
-26.578402
7.791833
8.339887
-24.309509
-22.000870
32.608215
52.077724
-34.698719
13.189911
-24.706333
6.628139
8.517937
15.387475
15.663775
-20.085703
20.058422
-1.389088
45.776329
37.212963
22.597065
11.256102
-12.171872
29.895061
9.278704
-33.787971
40.745426
30.187103
8.579265
29.946226
8.125192
-26.642359
32.408298
17.804842
7.137959
46.736454
-1.094115
-0.917024
15.602594
5.142219
11.772278
-22.188358
-34.074345
16.617229
20.112541
-21.316662
-28.162035
-28.735041
-12.886022
-27.197371
-11.470521
32.639862
13.300735
11.829298
10.527282
-16.374937
-27.333818
-35.363846
14.319747
37.793400
-32.184334
-18.231680
-3.106801
31.545177
-15.300919
8.576526
-10.826591
47.430553
19.880455
23.810537
42.451557
2.554966
0.178449
-7.372334
0.684511
28.798637
-9.312540
-18.551264
15.813242
19.296696
7.284386
59.911617
-17.135880
31.884165
31.608566
-20.323353
-2.006840
16.828945
14.396833
-17.537670
-27.336620
32.178127
6.780394
-16.076332
2.309990
24.065357
-5.116625
-13.613350
9.357701
-24.473244
9.888700
33.902596
-1.133022
17.497999
-7.603131
29.463221
3.128219
42.319309
11.823515
34.386269
22.766624
-1.372263
-28.286930
4.868990
20.525356
19.009462
5.595631
14.241187
5.436800
30.430174
16.246550
-20.622753
24.141369
-7.260552
25.942778
6.443188
19.892586
10.159916
-14.709486
-7.887098
-4.682134
-16.192947
-29.086645
-21.695465
-10.172787
20.608408
-25.053320
-40.078945
1.337291
25.651106
-16.091906
38.309006
22.278793
-12.249386
-12.956238
-2.307129
18.814785
-29.142918
36.389530
30.686228
9.075139
48.196842
-7.231858
-6.736399
11.805811
39.368927
-11.324833
-4.923676
-18.469160
23.778200
26.536236
12.067826
-0.813032
-22.246176
26.578926
20.953449
-10.244660
-33.899445
19.371504
43.651257
-6.508773
-11.444133
18.293041
-6.076824
8.308310
8.884247
-14.189256
6.399649
-18.370840
10.162263
-29.204123
-20.719133
-1.265143
-5.436388
10.205853
-50.615311
-14.278377
-27.991550
-17.895048
-7.597099
-20.531521
17.733286
-31.501513
-12.265350
0.925075
5.138417
-48.309502
-23.634539
11.971559
12.820065
-14.986954
-17.490847
-22.975279
16.118652
-39.280029
13.271317
13.995788
26.934269
-8.214521
1.389608
-43.565212
-34.802032
0.796265
-1.979387
-3.072188
21.666878
9.969653
17.689247
-0.580373
3.185625
28.292015
-30.272175
-3.179600
21.877289
-13.722006
4.552733
10.097571
1.997349
-25.564337
23.128723
17.216076
-19.336798
16.724518
17.388041
-19.344872
18.745754
14.205385
-15.403937
6.248570
12.375696
-24.444468
-43.189484
-25.313780
30.624378
4.993055
-32.451340
-30.981802
-26.735113
9.432437
17.532852
-19.724113
1.503558
-30.998896
-15.293329
-23.872002
19.407249
-0.426575
-1.893734
30.354769
-21.022253
-28.873522
12.205400
35.660873
-3.757404
-21.031086
15.951182
-6.304237
32.786434
-21.332081
27.844801
26.162083
-0.269643
21.276131
14.811164
-4.037592
-9.068799
-16.986345
-16.419971
-3.744268
-5.228011
9.163731
30.903193
-2.653393
28.446730
-2.924482
-10.206988
-26.981312
25.813805
1.175341
-22.329500
28.695745
21.367321
28.617626
-18.976492
-24.005974
-29.310059
-27.390476
-0.713540
-14.262449
14.655301
-32.669945
-16.541975
-3.223987
15.372562
-4.300708
19.791393
21.607189
30.047468
-20.208281
2.568634
7.033887
-12.151160
-2.809173
9.240448
-20.585421
31.232813
11.472055
-5.592052
3.457899
-33.644367
13.272914
20.281277
23.865005
28.340412
-44.887146
-25.178635
-29.264313
-3.562782
-29.362434
-11.786645
-4.261088
20.120335
-24.738342
8.540301
26.219030
-20.008396
0.854487
53.861164
-36.173492
-17.875463
-28.635315
-7.395725
19.729923
-32.049564
14.063270
1.230965
-18.968142
27.974167
-14.710276
11.077897
-21.770105
13.173454
37.914089
21.721479
21.228592
-1.631195
-20.135727
-33.818665
-17.852940
-13.067816
-16.406004
3.546670
4.524712
22.695642
-30.099323
26.792908
-34.241806
-8.645993
2.534974
-35.807205
10.474779
21.599804
-28.157379
0.205417
-9.327662
-23.465191
-22.720076
11.532876
41.341808
-7.698491
2.249504
21.769413
14.893160
28.706465
30.664516
25.516552
5.738534
25.600298
-29.170212
22.512411
-19.475950
-16.106956
-7.168531
32.295891
-3.274747
13.922399
17.726475
5.598680
37.505924
33.190357
-28.399174
31.384310
-31.108206
31.622849
23.704054
-8.890119
-11.415739
1.740455
-35.238762
-29.753164
-6.731916
-27.660629
16.953440
-21.358067
-15.080697
-23.864264
-26.321264
5.675603
1.269121
-18.452658
34.768124
-11.708982
27.532055
-31.763004
-9.836561
15.870714
-9.759690
11.308715
-14.668772
30.982529
18.519205
16.500681
38.284603
-12.758589
15.807447
-2.227149
-26.458771
41.826153
26.104977
35.390347
-8.521710
-20.161810
8.074768
30.467251
-8.043659
-14.284852
29.114027
-13.779529
-1.996544
23.236721
18.257910
5.214508
-16.425707
-30.521477
6.639773
-9.779841
12.426458
-22.651611
-25.547695
25.134884
-7.706937
19.917006
-1.662298
14.476448
-14.289525
41.877403
33.481602
11.902670
-28.278961
34.108940
-4.934386
12.642352
-45.430817
35.179302
25.367920
-35.201725
-23.744604
-22.063179
-6.621352
3.899801
14.298169
-25.525717
16.665108
-18.482265
-14.778258
-7.491992
-15.869820
18.807497
-9.309078
-42.181656
39.936214
14.405021
-13.455379
-8.484947
8.154082
14.323525
-10.691057
40.631531
-0.896631
-19.836044
11.689261
-23.869972
37.260700
14.923740
7.028442
-13.988226
19.750822
-3.912196
-10.325568
33.943081
29.183001
17.885736
-44.760960
-8.326604
-17.724094
0.507693
7.423032
61.467438
-7.877754
-35.195145
20.066420
-1.490354
7.262069
-7.329249
-28.225761
-36.001076
0.775934
5.115531
18.382877
10.894156
9.821772
9.802181
3.796521
-26.136490
14.670184
-24.377199
27.079214
26.497696
-15.625088
6.593123
20.257593
-9.159192
32.380226
-14.261808
18.536163
-51.196426
-23.929661
-24.808786
-3.916022
-26.581217
21.668381
-6.801745
-7.960189
-14.664602
-18.211916
-12.790475
26.258404
-10.173738
-11.462571
38.860390
37.400253
21.943295
-20.224548
-15.773513
-25.724150
-6.820996
3.179814
3.367008
-12.637162
10.397125
-17.895550
26.640596
17.995733
-18.789042
-14.012978
-25.299568
28.076279
-10.168099
-40.038040
12.296388
15.417545
-28.202108
14.425755
32.324551
-26.779802
11.421482
13.122833
3.294496
1.605885
-30.653732
-14.144678
26.894451
12.664981
-21.163342
-4.619857
-0.289396
-5.174599
12.569792
-27.855305
20.964657
37.648792
5.645429
-2.585265
2.181443
20.428715
29.337587
27.820927
10.389165
-6.902364
-29.300991
6.459339
4.297483
0.217287
-15.429824
3.211956
-35.809757
-21.422480
19.008356
5.549080
16.519192
11.172803
41.894699
-13.318317
-23.033047
-3.445576
2.914902
-21.388023
-6.621804
-28.928839
-0.560103
7.293777
-9.175838
-22.722956
23.607218
-34.696911
34.796120
19.870655
17.476101
-10.279826
27.520744
-6.775039
5.956403
11.993318
-28.381191
-20.053534
-28.689026
11.169255
37.082558
-14.496510
2.552809
-1.394439
22.587547
-29.038662
18.964308
36.137604
-18.049109
-14.249104
-22.696136
2.262462
-30.326277
-21.879320
24.138380
-35.776955
-0.205628
13.400815
-25.119539
25.785776
-7.183860
-24.859261
16.353075
-13.850600
-18.556053
-17.131010
-19.000952
-35.434429
13.476005
15.800323
-23.374424
4.383478
-20.712072
-9.122254
21.488874
-12.225952
-10.102558
2.539999
26.644794
-3.360013
-44.702633
0.568389
-27.475500
4.932017
1.817759
-20.832876
-24.432623
22.936718
-1.600582
16.117945
-25.979935
8.073169
-28.743526
-17.175634
-17.623413
6.060086
-23.854776
-31.107695
30.197498
-12.438051
-14.168519
-0.034164
-2.633243
-11.972146
-3.043382
-18.438656
-19.052254
-23.602427
-2.124749
-32.305008
-17.499321
27.277372
-12.594856
6.806088
48.400043
-2.010080
15.747376
-29.912052
-21.124983
12.760871
26.467253
-35.146626
9.837106
14.211748
-22.117517
-12.131289
-17.026304
-3.824783
-27.087555
-16.454794
27.114550
2.938590
-2.069448
34.972363
16.869055
-34.863930
-36.015926
28.911819
-17.520205
-7.537226
1.083737
13.177423
16.130512
-7.073705
-9.766157
-6.562625
35.290756
-46.338413
-33.222347
17.317957
15.929893
25.131790
22.550619
-16.056393
-17.418623
-15.270539
-21.000942
-5.850291
-3.126821
-24.906712
30.087242
8.931930
-11.021022
17.967001
-42.588535
-52.819424
-59.933743
-1.734481
22.282997
-17.395231
10.778984
-25.138771
4.461823
-16.107891
44.219090
-19.443007
-11.644745
28.930861
-30.184017
1.762100
10.020368
-3.053074
-32.351707
-37.725296
-15.844119
18.104847
-35.648808
-8.369726
15.368588
13.097977
15.305768
26.339409
-34.344257
-11.182697
47.096340
-4.142464
9.251635
-31.122156
16.642305
-37.583271
27.420727
-24.378780
51.506863
4.684858
-24.129251
12.694786
21.856295
-24.356461
-64.038322
-0.739935
5.357240
-8.343877
-43.283104
-13.254227
15.181110
14.142093
20.317617
38.141819
-23.799864
7.265462
-0.076234
-2.285541
-26.584867
-26.030724
-28.034695
-7.420403
-21.059933
27.529631
-2.027399
-5.708740
12.740544
18.764219
8.590202
-15.999261
-51.899220
36.939373
-3.330241
-16.031979
10.407821
30.614029
13.803750
6.729713
8.819921
-14.252455
17.144821
-40.587997
-38.975632
13.641289
11.512197
-58.435604
-0.880064
6.070448
18.457682
-36.750336
-9.506330
13.620398
-19.272802
12.874078
-23.445660
-6.241090
-35.331268
-11.473113
8.941247
29.689543
-22.877737
-16.399860
28.536789
7.051950
-6.837971
-17.615761
-7.799111
29.473446
-3.041002
-14.337131
0.727549
-14.971560
2.456302
-4.375554
27.034901
20.627323
-33.786549
-43.278954
13.738096
18.171925
-37.744331
5.719033
1.340082
-13.445115
-28.410112
-34.546993
-17.140003
-2.117934
3.328965
-2.192867
-13.727736
5.271542
20.472372
5.306255
-30.274590
15.979185
-7.429839
0.547669
-12.990304
5.935202
3.091061
-14.292124
-31.242052
-54.810772
-27.018867
12.429378
-25.486767
-3.179921
-0.624035
-36.556629
7.867167
-20.127810
-33.094803
-0.369090
-2.163919
9.503400
20.087181
42.848270
-2.181298
-36.922424
10.415601
21.035872
22.225864
13.005563
-2.365932
0.409712
-47.066017
-4.804064
-15.141802
13.778403
15.292796
-16.146648
-16.993317
-26.729818
-24.456806
26.928869
3.099151
-32.642605
20.890804
-19.380869
39.673737
-32.552280
-6.292915
32.762817
22.310898
18.354013
10.453042
-25.510866
30.427322
-36.200657
-28.407787
-41.146328
19.482359
6.474801
7.767871
-25.665894
-4.569100
6.379618
-34.195198
-18.337128
15.049017
-36.081120
-13.409262
-15.842733
6.259140
-7.713566
35.842400
15.304686
-21.556997
-28.181351
25.164661
-40.859131
-32.368511
7.121835
-31.219507
0.123664
-7.785169
-13.700281
-32.643406
-25.420719
-20.298780
-39.784847
-34.005959
-33.358967
-42.345665
-20.571665
21.889948
30.183069
-23.004839
-3.317913
-30.333775
41.832985
23.650734
-22.048212
-5.865352
22.233355
5.774024
28.265482
18.836721
-13.097143
-14.669338
-11.323924
-42.779259
-7.337348
-29.845718
20.820110
26.971434
16.723129
24.844963
11.541875
6.600281
-16.139162
-2.222712
-15.321769
7.388124
16.542919
-25.773170
2.495355
20.972996
23.682146
14.287807
26.864454
27.313648
-7.180019
6.271973
10.312577
-20.219191
14.577741
-5.546699
-28.116508
0.272394
8.315838
-0.611182
9.150210
22.645025
1.531735
18.600895
4.160653
18.584667
10.191414
38.271629
-27.461260
-11.367477
36.756073
-1.933951
-8.191916
36.277767
6.546553
29.465487
-33.186581
-29.624016
-3.439364
-26.489492
-31.565542
28.220217
20.671482
-18.878353
-8.014941
-20.935205
27.084177
13.505852
23.907944
-25.733744
-1.644802
13.984569
0.426666
35.165634
25.946184
28.514851
-33.782177
-34.383698
-25.664518
-23.118210
18.636715
34.287838
-32.224266
17.238932
10.730209
31.594915
23.961237
41.598347
-18.642376
2.829823
30.686062
-2.158388
-7.992134
26.858055
32.343616
37.481720
22.166231
-20.190014
-7.431487
-17.890484
13.103306
-7.514525
-12.160244
6.134419
-6.797946
25.082628
-28.849031
21.224813
-5.909988
-7.034363
-10.267859
-24.492956
-12.476643
12.410233
-17.114275
-25.394846
11.987100
-6.779033
8.857268
-5.699081
-25.210299
-24.176277
19.395758
-14.096106
28.019482
8.146620
30.902409
3.014102
-13.086645
-27.182552
-8.442111
8.414028
7.321999
31.398649
-6.056110
2.808527
12.063887
9.907772
-4.631594
22.848150
-7.919178
-37.610401
5.471837
-18.850592
26.420582
4.021082
16.830334
18.235449
-17.436447
24.350868
21.971479
20.637016
-29.655172
52.995075
3.990439
-27.381865
-18.427588
3.837549
36.654507
-46.028301
-16.146032
36.168873
-16.575592
-39.909657
31.857777
-10.622960
-22.811863
-26.666086
25.371616
-10.874231
33.096031
7.114908
19.639385
20.327528
17.586391
-2.746664
14.372011
8.473487
32.087345
-4.806928
35.525398
-23.779953
-0.541056
12.860153
-13.806641
12.169220
33.000301
30.202463
24.872801
7.284425
-31.215899
-22.285889
9.544710
-25.188154
17.081770
17.148739
-31.395563
13.413771
-35.779732
27.287003
3.239081
17.635578
36.398426
-21.997984
-31.898317
-6.823557
-21.844519
-2.617526
-6.482877
-10.490701
10.060367
32.301903
-18.895826
-17.079990
-8.396131
-12.014722
19.263239
18.987436
8.378201
-2.033689
-12.699888
3.852776
2.234891
-13.630538
-9.227969
3.357397
-3.340937
25.452072
12.085648
16.786768
9.219642
-23.795143
30.855881
12.354183
22.189796
-24.882318
-2.931264
12.728199
25.112713
-10.934406
-10.276601
12.002456
20.811771
6.977469
-21.192459
-25.415899
-6.234586
6.799777
-8.335767
24.952196
-33.682034
35.135704
-33.349190
22.855816
27.208677
8.455313
1.378106
-10.145265
12.286807
7.997548
36.078938
7.566467
25.194099
4.714027
16.301962
36.475136
-2.930960
2.070276
31.914019
33.479107
-21.924351
2.179385
-17.550165
-13.286250
8.552602
5.585718
7.162285
-16.823805
-35.054867
25.678051
8.600718
-26.548883
-6.834644
41.246437
-10.094050
25.336193
-20.100298
60.851116
25.906593
18.521828
-30.231363
17.144396
-34.732738
7.074402
-11.581692
24.574152
1.729326
-27.132448
-22.460533
8.402136
1.769606
-24.110233
36.827538
49.300289
11.742999
25.751133
-1.649643
26.172676
-13.902535
28.496939
1.759267
69.657074
-16.871660
-26.320402
-6.696640
24.147940
18.707996
6.429607
30.175537
-13.552936
5.543959
-0.517778
23.165907
12.053049
-19.605528
28.720802
-23.502853
-11.312075
21.381212
-10.174155
29.325514
8.434741
17.681829
2.380047
-28.960522
-4.432166
30.858921
1.832518
-21.128309
-27.349440
2.452822
7.954807
-13.065931
23.792620
18.463882
47.675777
31.297678
13.693436
7.430793
21.605316
27.256138
49.092846
41.677074
-2.118376
24.835529
-12.822963
28.598286
29.284206
8.130255
-30.149673
-5.239355
-23.010590
-36.710651
15.782693
4.643432
-2.135335
-35.529331
-6.243531
33.082642
-2.137658
25.457714
-28.644316
9.907478
12.695680
-35.131767
4.083055
-24.173244
10.955053
-27.709291
16.759678
26.212547
44.521366
16.894012
53.246220
5.328203
-24.875492
26.280905
27.388611
-19.722446
6.587837
7.415675
-34.389183
-14.299809
24.648569
-26.032646
21.193537
9.815251
-22.620939
25.936821
6.464565
-30.911283
-15.411124
-21.826132
-36.671139
-11.420476
0.255741
-24.804312
-37.291214
-57.469284
-21.411860
31.405245
-37.996220
-46.882996
-34.865498
-17.104836
20.324280
-15.532376
7.594171
16.059368
-15.867664
20.509487
1.099379
11.776146
-17.421516
19.360697
-29.814114
-20.260719
-17.976652
-24.322969
-18.954580
-17.157217
6.355290
-38.673687
9.274166
-7.662084
-30.405302
-30.013741
-24.418114
19.696682
-14.207648
-24.325249
-30.695780
-21.128714
-4.130669
19.865385
-4.621178
-11.576961
-15.507838
21.719339
11.397983
5.677298
-7.063023
0.578918
10.052749
24.387663
-24.640289
-26.300303
-12.881928
-31.580175
-28.645403
7.970122
-33.252316
7.683498
-16.492292
-35.864483
-31.419535
6.913240
-32.858200
3.324706
3.515189
21.162449
-0.158897
17.500145
37.195332
-3.187668
-36.548588
-26.917332
-5.940657
0.086895
-18.134624
-49.894112
25.179457
17.013885
-17.550180
26.045883
1.817076
-50.531334
-19.066696
32.440426
-35.260872
8.711376
-7.415731
-29.540783
-20.672678
-20.945448
14.365088
-46.371151
18.739956
-23.483910
-20.958897
2.708969
-36.239578
-1.258587
-10.817167
16.824747
27.189501
-5.641098
-10.441249
11.142582
4.489993
-2.514471
32.872494
-24.184086
-1.926226
-2.644169
11.985860
-14.302011
-21.261713
-55.844528
-27.812414
-4.920376
26.168896
13.338668
11.198165
34.676231
-5.345561
25.290363
17.329582
29.083801
18.873711
-13.980634
19.948214
13.054792
21.906965
-1.275186
-22.724195
21.251263
52.269466
52.088715
-33.899204
34.130318
0.849833
-37.284515
24.979588
9.977236
18.343281
25.262716
9.361024
-7.831837
32.197647
11.477707
11.949139
12.286381
29.077307
-9.327811
3.290615
6.591218
-2.681503
24.712093
7.066692
58.536404
-7.788697
-28.948452
4.443467
-12.282348
-21.197014
9.315685
44.694607
38.261200
10.916619
-1.293660
30.656092
-45.268589
-34.820194
-20.761456
24.273842
-7.262791
-29.622490
-3.711471
2.536326
24.072617
24.286491
-10.123523
27.152031
-9.885137
-16.564703
48.068031
-3.236738
13.413487
10.549881
-30.890543
19.320892
27.406513
-19.585077
-12.894798
11.355714
12.769530
28.642588
13.124010
13.217968
9.119771
-2.539426
16.174513
25.501675
-31.333296
30.494640
-11.755632
33.667439
15.746601
4.098632
-17.210142
-14.954450
-10.944191
28.293324
-8.505354
31.684099
-13.219763
-31.723303
29.717999
15.689719
4.379535
-8.850080
21.168972
-10.424386
17.756372
-2.046238
7.464772
-19.918304
0.397086
29.652357
-1.835744
-6.606733
40.896286
-10.629690
-17.945148
34.728256
-31.019323
19.788353
20.599567
-13.545676
-26.584770
4.613435
31.850885
-36.808826
55.191395
9.327572
-30.321527
30.244867
15.012216
-18.334637
21.543560
-33.399651
11.947592
-9.269010
31.632408
-6.683143
40.315613
1.447968
2.724177
8.340245
7.350815
-17.454086
5.990460
4.559853
5.662231
-17.490456
3.493573
-7.404391
16.490549
-31.120518
-14.221099
38.693283
11.814779
4.315362
4.247101
-10.564231
21.309061
19.254097
4.150039
1.458228
9.771521
12.168139
7.596894
11.277757
-23.717264
33.956558
-32.744808
12.648989
-1.836788
16.842670
35.709309
8.219090
-9.175610
23.357731
18.091827
15.759591
-10.612677
-6.530093
23.800865
9.201933
-31.165440
35.929634
9.233453
-1.424767
4.712976
-28.847221
22.695988
-6.559736
16.003086
-3.938565
14.346371
-30.036182
27.756180
5.776277
-30.913363
11.537802
30.363043
4.957467
-18.384228
18.576338
28.219381
10.603864
24.826033
34.401482
2.077215
-1.443000
41.626266
18.315529
-41.447071
25.505461
7.090755
-10.695234
-31.543205
21.387869
44.384697
-26.432577
-22.523378
1.164393
-17.298601
35.341557
-21.393894
21.579721
-5.230681
-1.887235
-23.021017
20.735455
30.187666
-20.693562
-43.350708
-1.986272
-22.559938
5.262725
15.761383
-0.348234
12.518017
23.407969
15.387230
-15.233372
39.897301
-30.817587
-7.345334
43.120193
-18.312111
-2.637788
4.699708
-23.639545
3.084286
-21.998589
9.657387
38.346313
-6.756732
31.110537
-11.490110
-14.251166
11.081100
24.879200
-25.046839
-29.275299
31.710176
2.951357
4.994516
-35.043201
17.489828
-21.464111
18.661003
30.476448
26.237963
21.940277
-16.791040
1.907331
21.544447
8.495279
-24.976242
59.854141
4.669241
-24.202618
43.145668
15.771648
28.098223
-66.422745
-19.641687
-18.592606
-4.029066
3.561507
19.922188
38.252140
-68.945854
28.168945
-32.137115
-5.914572
35.496956
-15.318372
-6.996015
6.247927
1.081071
-31.493759
-16.934460
9.474116
-48.539398
15.484365
24.993528
-45.324131
-32.971985
-31.457729
-20.253504
-32.451324
9.084086
-2.720052
-23.008263
-22.393047
17.941971
-7.312872
10.502387
-0.513778
27.561304
21.910894
18.821535
-18.988022
-1.222874
30.651127
-29.590235
8.946014
11.689577
-7.887539
-17.173717
-6.850733
-16.181959
5.991781
27.139376
3.319972
-29.340147
-4.000842
-42.646877
22.222284
-42.425171
-35.736870
-31.831472
-30.141750
-14.301126
16.585546
-4.852013
37.962814
-10.158257
-30.938404
-45.787952
-7.420614
-20.588640
-18.440819
46.006584
-36.893013
-2.308367
4.901556
8.183033
25.619776
-26.552227
19.447840
-0.969236
-13.981054
22.211584
-28.612776
-26.098354
-32.229504
-10.714011
2.455551
15.116337
-33.362545
5.554078
14.598243
32.704220
-37.690994
17.809769
21.497242
-30.553364
4.835310
26.735603
4.052362
-13.081591
15.746913
11.906290
12.191640
8.857471
-23.835943
10.260341
8.051933
8.586784
-12.931025
-38.338715
10.441543
27.173227
25.144407
-35.806347
2.333695
1.417173
-30.112370
5.394365
-27.014177
22.529755
-23.734344
-1.176306
8.289990
-3.201783
40.317799
27.011631
-23.313824
-15.447976
11.632295
-32.357315
27.194374
-9.998124
48.774502
13.539485
5.668544
34.610317
12.159877
32.560524
-22.213495
13.415085
23.995449
-14.935569
20.995537
29.134899
42.320148
11.931789
2.760547
58.788425
1.314783
-31.552584
3.016821
24.438984
12.228900
1.871948
6.692646
-17.690447
-7.619353
-23.077976
12.460247
-16.270359
-13.408606
10.310748
0.983002
0.050196
4.246108
42.408905
-12.443995
7.161299
16.785725
26.864052
12.940988
23.113113
-47.402866
48.523838
3.898593
17.297642
-5.333511
9.619382
-11.031211
19.199574
8.878780
-4.215193
-29.191532
-15.892320
-22.905228
-14.898772
7.740962
-19.216204
15.017593
-35.009991
-35.883602
19.215012
-24.269176
33.675236
12.852639
11.304468
-12.543083
17.145979
40.105545
31.487709
3.838800
-32.903790
31.186012
5.117510
8.595695
25.230566
-16.206120
37.857082
-19.274645
24.141848
12.414772
-11.435149
23.415030
18.438822
-3.224083
-5.462053
4.508246
51.825760
18.116318
29.633038
30.622763
12.804391
0.958397
-23.321430
-14.929243
4.648386
13.542750
-19.867893
20.328402
10.482611
0.152956
55.726620
10.227032
-21.829817
2.869744
-3.033740
8.177146
-2.802890
-23.563009
-3.607827
26.922934
-9.528684
23.578959
-0.800117
17.118185
0.525050
5.090152
-16.164585
-14.467694
-20.038437
-28.624302
28.140398
1.470415
-27.932186
6.642912
-40.892956
-32.247147
-29.240549
-5.751417
-36.890770
-13.750457
10.414408
-23.095964
-1.706912
-0.796965
-32.748272
13.504549
-18.478462
-6.139553
10.193958
21.539438
23.035044
-23.403563
-31.410889
-4.180945
-7.652925
-29.978083
23.689938
-20.599260
42.210495
-29.962910
-23.813385
19.407463
1.338835
-27.368956
28.514547
4.553786
-39.666191
24.102106
-36.714417
18.681454
15.819616
-11.206491
-5.418123
9.330312
32.678455
-22.149452
-15.530712
15.605587
-28.664186
-6.295671
-20.095280
47.446869
-25.251003
-3.963874
-11.641071
12.139702
-0.347463
-13.671966
-2.414960
12.301811
-21.733990
12.216483
-18.921574
35.380756
-10.869449
2.625824
35.078003
-0.251477
-35.351944
-26.315823
-0.946139
14.247683
10.541625
30.872620
1.198788
-7.406158
-2.530800
-26.978653
-24.894529
-2.015082
-4.918783
-25.486521
11.999456
-15.744006
6.169621
4.120859
26.599545
42.226006
-6.991812
-28.380922
15.713813
17.664223
-11.112555
-36.163784
-11.473598
-29.948412
10.581003
-12.696272
-9.052324
-6.655484
-9.684817
-8.771857
10.838141
8.424338
-31.175468
6.219049
-25.843460
-6.193834
-4.631888
35.704540
-27.201481
-3.963384
9.350010
-39.662495
-5.437595
-23.006245
30.679106
-20.180569
-16.501123
-15.925815
18.235895
-23.223333
-17.064604
-10.140696
2.950003
-1.461335
-24.379330
-34.287605
29.424025
14.674075
46.209015
-5.726340
41.779007
-25.953245
15.301674
35.419636
29.627457
21.977444
-8.443859
26.685181
31.987240
8.882327
-47.723545
26.696232
52.545815
-18.426676
-34.888374
22.156410
17.744797
-2.179619
26.898804
45.447144
-19.575993
0.918206
-24.435843
-0.639980
15.010270
8.461295
-9.349280
-25.756001
14.335663
28.185808
-10.818830
32.928772
10.623649
-7.742873
-15.906311
-1.512781
7.967889
18.661695
19.556818
10.147202
31.090439
13.246528
23.302694
21.881830
38.280094
20.065065
9.797021
23.308607
26.846052
-2.797752
-17.335823
-27.546034
29.446508
6.843788
-24.980381
18.716406
-24.820522
-20.179531
-21.490910
23.745916
-7.003808
11.970573
-28.402544
-30.582453
9.903290
-18.049442
34.800823
22.689777
8.239108
4.694577
39.932911
-12.473364
1.694926
15.207669
31.389503
-27.098225
31.850248
-19.267841
30.309118
14.712366
-23.362322
-25.508652
-28.462378
49.390816
12.636619
12.717330
24.953482
4.927543
-0.719614
-12.717972
8.544163
4.416514
-10.973665
26.571583
0.703768
13.889798
-9.395276
-16.364592
8.031958
26.971401
-22.995203
-3.966047
4.888001
-13.044784
-12.757260
15.294456
-33.079407
13.103868
-8.610612
-8.463685
30.522545
-30.577787
-28.399813
34.057842
-7.856280
-7.357309
11.464762
25.850060
18.333883
-11.638207
13.143610
-10.742228
7.809026
46.983780
24.193483
46.006207
15.261739
11.777072
-1.068773
22.691137
-30.685478
-18.334166
27.739674
10.834323
8.922035
-9.771618
21.908873
-14.873686
-28.990683
-27.846455
-10.872746
-34.596195
13.326778
43.202118
7.252531
16.953686
-11.730837
14.082031
30.346327
-21.927540
2.259740
28.143408
-5.785224
6.729187
4.289231
-43.303669
-8.279750
-2.228013
26.596594
6.251592
-31.081322
-25.627977
15.810410
41.511509
-12.304081
19.547724
23.513588
-4.783235
-26.642080
22.395290
-11.456206
-17.456945
20.194056
4.805088
-16.301260
8.678568
19.346346
-7.116607
33.195339
-4.548671
-5.606380
-16.226740
32.340065
-6.322623
2.283596
23.356401
18.744886
15.106227
-18.941418
-35.719227
-33.003986
9.550600
-8.251616
22.699656
-7.486361
-19.816978
-9.825580
-0.626014
-20.370575
4.275063
-8.226587
-12.394847
-32.436287
15.097597
22.426472
18.635239
9.660389
5.761896
65.290474
16.340502
44.239868
-24.106380
32.004166
0.222352
4.836057
13.378179
7.297353
-26.558130
25.925930
13.729623
0.962300
-4.102930
-29.139387
13.151957
-14.348560
7.761916
-9.198820
-12.016426
27.513945
13.209113
-21.813498
29.294014
27.285116
27.424858
-0.476215
6.714043
2.781022
-15.311873
8.976143
33.642101
-6.431638
-8.915731
12.691253
-35.863209
-27.097582
10.189234
-22.333521
8.400902
-45.500652
-0.141804
26.652218
2.522243
-3.846648
6.057753
28.188484
2.965582
16.520416
-18.078342
-10.064840
-9.373384
-12.928650
1.380398
3.036566
0.921066
24.081156
-5.983459
-49.987583
29.571371
35.978058
-0.068103
46.174152
-28.158445
-39.140644
23.080673
-3.662594
19.476015
5.005652
-22.586090
-12.799043
22.094254
-5.583640
-39.296207
29.691584
15.173027
-13.371578
-28.253036
-35.085461
5.365815
-35.186790
-37.272984
-42.164150
41.378006
5.458990
-15.077844
11.764012
44.775345
-24.456730
-17.483414
-19.123627
46.750198
-11.848926
24.225418
37.757759
-2.814507
14.393270
11.824390
-16.708864
-19.505272
-10.208923
-30.778795
30.224298
8.933095
20.659805
29.151356
-32.377739
2.417119
-47.893974
-8.342420
-16.779417
-25.683178
-8.290454
32.671902
-35.794949
-35.874123
6.107040
5.859683
7.613055
26.369446
-25.452133
9.956833
-31.316416
10.909309
1.993578
-19.169233
-17.880014
-12.404328
15.060598
-22.643215
-11.422975
-25.266808
3.702558
-7.370810
-21.643299
-19.919252
-24.324554
29.431957
40.027439
1.625556
42.028942
-15.269326
1.510769
2.084060
4.204313
-35.784683
-18.185684
-33.567810
-3.443673
15.231947
25.771128
-2.374915
-6.577868
-46.455338
-13.427539
-8.453996
-12.673880
-21.734545
7.307107
22.773880
-3.630918
31.774803
-31.114908
-34.287895
38.048450
-8.709235
-16.090446
29.117878
-15.945756
-7.382377
-13.432338
22.778587
26.468031
25.105848
-9.404744
44.085297
2.255436
27.340498
-1.344138
28.738796
5.840597
6.807600
25.724941
-2.724061
-30.207344
-13.281444
9.005551
-7.607558
7.343580
26.073095
4.805940
14.167939
-15.831651
8.356456
23.512432
27.562231
-25.575045
23.881935
-14.892655
21.092348
-7.908350
-3.968945
9.295335
9.033321
1.664020
-13.803578
-16.469217
-7.151467
-24.453472
27.706285
-21.849306
21.090834
31.496933
6.930419
17.922194
37.146584
-4.091962
10.199047
11.916649
32.745838
32.029812
11.459637
34.198479
-0.836308
20.692417
14.154498
-21.673321
9.958425
11.324615
25.038807
35.138508
17.198015
21.011166
-28.290726
20.090874
37.679184
1.181880
6.791891
-16.798197
27.976742
-12.501677
-6.853486
-18.113420
13.515936
31.820545
-16.647825
38.718914
-21.156675
28.977114
-29.402304
40.512592
19.540232
19.173319
54.787651
28.275160
5.054864
-18.478895
33.733070
20.197104
31.003056
-8.365707
22.239708
-1.758738
-16.120943
-28.772417
26.898756
18.787542
2.262176
-11.935787
41.390114
7.400174
31.839403
-0.771965
-1.421954
9.249925
10.420818
23.802124
33.230679
-8.142227
-11.249466
-28.986269
34.757042
29.207123
-2.429582
20.686779
3.895728
30.763378
-24.656628
33.777130
25.323795
-8.549301
6.319342
-26.015631
10.894482
19.450409
18.587467
14.404880
-5.462301
-26.298279
-40.432709
15.295643
-10.427180
-4.948200
30.841438
-21.064585
-9.813265
-16.838907
25.558691
20.121096
-34.756229
27.811975
-6.593328
-29.112932
4.887469
31.064663
-11.516832
33.319363
8.031106
-34.696461
24.959482
13.967802
-41.750458
-6.933968
6.761809
-52.389420
-29.384157
2.201241
-6.720613
10.530344
51.705250
-33.344719
-14.070362
-2.304529
3.264182
18.115604
19.800425
37.787937
7.783633
-20.007887
-26.694714
3.603873
-20.273365
2.207038
-15.682710
23.358582
15.459525
-0.386961
-19.251694
-29.238405
21.826359
13.014769
2.618978
-5.004692
2.725852
24.457584
-34.249207
19.965881
-12.729598
-8.107772
30.927681
28.675262
-22.724571
4.490413
9.750401
25.278582
0.241745
8.948794
-7.847501
8.039728
39.063309
14.658969
-17.499256
-29.629313
28.750919
16.116123
-26.347986
-1.365276
4.258714
-12.246156
-38.499119
-33.303665
-35.893936
-32.982395
27.663097
-27.174461
-17.492826
-47.505409
32.273338
5.938859
-3.891022
12.828505
25.141438
-1.174342
-35.590275
4.040539
-15.299479
11.230440
2.880263
-11.014897
36.398094
25.850494
-6.519912
-0.232071
13.098515
-0.578545
-5.737761
-34.521313
-32.479038
-20.911770
-9.540298
-7.704730
0.626476
23.815361
0.522338
4.771204
-43.580162
-12.140784
-26.379984
-19.490133
-7.377245
-2.567392
2.660852
-23.925476
23.944508
8.863235
-20.724346
-25.087048
-25.688665
-5.215700
-36.541039
-22.534294
20.801477
5.545702
2.942801
-23.316032
32.049240
7.635455
7.093667
-29.160700
-18.116316
10.490033
22.735897
-12.347634
17.689837
37.798813
32.992672
19.517893
31.811422
-13.732245
20.138910
7.227248
29.202206
33.108192
6.622086
12.432560
-8.458918
-29.432556
16.181324
4.703760
10.086506
-8.786709
-17.436592
-6.272451
13.026911
-33.373631
20.028692
-1.218509
7.481304
6.652880
25.760759
11.473541
1.962486
7.552454
21.458769
-18.323711
-34.445267
-15.985102
-32.799408
-22.884407
-8.742369
-14.646184
40.273392
11.372411
-2.877234
17.969599
11.578647
34.300880
-28.679960
9.407129
-19.468512
30.251961
17.416782
21.841743
0.100167
-22.376619
-18.150530
-29.119455
-4.555069
-9.860369
-8.236970
-3.614030
-11.247251
7.798459
-18.680197
-7.744728
-6.283503
-3.283831
0.939040
-19.509176
-1.865708
29.273903
27.223110
-40.969883
-1.335102
37.268410
9.956515
-18.376259
30.314480
2.861187
6.714281
-23.738970
-11.149654
0.798125
-9.191093
-24.818855
11.628804
12.757464
0.124285
-0.497290
-20.603462
-2.156332
-22.199780
6.630349
-7.823653
32.025784
26.834175
10.489754
11.235724
19.961172
4.652289
34.865170
-16.413788
31.374504
-1.673477
4.939100
2.270726
-4.982897
-5.310114
5.290449
16.444180
35.225628
-40.778759
-12.843224
-1.206201
-19.666668
14.243864
27.018238
60.776768
6.592065
3.442124
44.853367
-29.100075
-23.870535
61.776421
5.869345
22.424093
6.881057
-21.840494
12.216764
-25.661816
-14.884292
28.604151
6.603022
18.961233
6.598439
40.386681
13.737870
42.726395
24.624615
-4.866145
-18.045662
-10.870319
37.820190
-22.998066
8.802470
3.800141
1.627183
14.800538
16.756428
-14.385208
21.073694
30.948561
-24.649143
-13.854897
25.829964
-14.444208
32.287754
32.609074
13.218403
24.780489
7.186292
17.574881
0.879227
23.345907
2.303550
1.774313
6.232378
-7.701632
16.774324
8.058441
-22.425962
27.054111
-18.602104
-5.234611
-16.757853
34.365547
-20.398781
11.525728
15.310410
48.972351
13.154839
-5.209908
-10.245159
19.952494
8.943247
7.484706
1.037517
16.089233
-9.096958
-21.888494
-16.943611
13.442447
-17.680237
51.238907
32.537983
6.027545
0.738425
7.740570
13.638496
26.998899
-35.297207
-28.742683
-6.309459
-1.843024
25.914181
-1.894337
20.152449
-7.703608
23.801123
-19.453562
37.978447
-8.684799
13.606348
36.230980
-8.716283
-4.043373
-17.214561
-9.447557
31.796633
-1.778307
-8.334218
7.229105
-19.745729
19.267746
9.140239
22.615902
23.572500
9.568703
-10.179415
13.302993
38.024483
13.482956
-16.742973
5.541941
36.860264
-2.206431
28.445429
-18.341862
-32.180092
7.305513
-20.116228
-14.300272
24.060347
-31.994745
-17.171690
-29.695452
16.244768
29.043186
16.465258
-26.971872
11.952643
-19.665838
16.903254
35.062771
-14.485589
-13.916680
9.154339
-35.288074
-3.467996
3.176140
22.653145
-16.273798
-30.058048
2.707956
-17.631731
39.658897
19.859640
-7.814486
-21.141584
-13.777766
-19.336361
-24.694841
-4.342279
-25.915781
-20.603640
6.946849
23.300798
-17.737461
9.361679
-0.210422
18.448175
-21.905416
-15.942635
16.513437
8.552669
-17.770132
-12.453299
-43.666447
25.896997
-20.105457
-2.616595
0.791933
-10.005457
24.663214
10.982254
2.242502
13.725709
20.262226
-11.162078
29.629549
-14.029560
14.097373
-24.323425
-20.421225
-14.967772
3.642584
9.124659
19.351608
-40.458450
35.365005
-13.159945
14.538370
10.285507
22.429491
28.993782
-14.975223
12.079388
-26.738054
34.774529
22.734358
28.473381
38.907921
32.665806
-14.812806
23.796570
-52.807339
32.285767
27.402094
8.367173
-25.282400
-34.417099
31.851238
32.999851
-14.344382
4.079149
2.260260
34.576126
-4.916527
4.197318
-32.165661
1.990405
-30.215012
40.830311
23.501562
16.936623
23.383461
4.011495
-5.281997
-0.796651
-32.430855
19.375238
-0.649149
-15.169086
-24.529413
-13.014446
28.141739
-2.067924
-9.654033
-32.931927
-0.964527
-35.214104
-22.328026
14.845703
-8.603403
-29.536135
8.439096
-21.433615
-19.092743
-16.750118
-29.794893
-28.442455
25.956078
34.065224
-40.264709
-26.850603
-13.041468
-5.881763
18.064093
3.005674
7.809124
21.340860
1.303803
32.806854
-23.438637
-7.675026
21.850435
-12.401146
-26.154858
21.578594
1.704355
23.067263
25.690004
18.494835
5.897325
-10.414526
-14.734097
6.134936
21.137180
-23.584814
-7.954757
17.648773
14.760753
22.976597
-7.483687
-18.390581
46.218513
21.925644
15.795674
-7.962930
32.806355
31.259024
12.764058
-13.476782
-23.321436
-8.382231
-14.280916
-5.650001
-7.611866
13.101076
-36.540447
1.667216
-14.160323
9.138136
17.889399
1.378241
-8.612030
-18.606262
-9.906148
-26.492067
-4.494020
-13.532070
1.455049
-27.508806
-14.270247
4.761647
-13.271931
15.757960
7.722794
31.257872
1.617038
1.931005
-7.481207
12.774206
-3.871029
35.737320
0.755432
12.772119
-10.518504
-0.157928
-11.293423
36.688183
-4.656455
17.072031
-14.220373
14.805198
15.860292
-26.341391
13.004857
22.186752
1.028579
39.307785
12.208082
-20.418419
-5.062154
23.626730
23.722900
2.943067
11.944149
16.062853
-30.699808
7.590621
-7.286002
-11.092886
17.216280
-25.573542
-22.347603
10.945756
-0.193031
25.372446
-38.754791
-0.595089
30.065870
15.303381
-12.633205
-5.001192
0.607586
-7.104539
15.511080
8.985685
-24.040096
-9.143865
25.763247
26.956980
-18.541454
8.748205
-4.205699
14.133911
36.372921
30.104370
-6.284222
3.000551
-35.541443
29.746819
29.565540
-32.805634
-12.818203
-18.495985
19.338572
-34.511883
2.850641
28.435009
-13.818809
8.413652
-21.015730
7.604837
-9.332200
40.187202
19.407833
-20.700491
19.350504
32.905102
27.724810
-27.733334
-5.990651
34.683399
-23.967440
-19.729115
-22.604856
-28.436773
7.380459
-19.843819
23.635925
-5.146280
-3.036076
35.208515
1.193284
-19.023359
5.395312
16.114750
-18.381935
-9.059473
-32.691093
8.050612
19.867523
11.732523
19.574013
35.263489
8.161605
-27.774994
-21.477400
-16.025188
-23.150522
18.656883
39.175167
13.046958
-35.277054
-11.612930
12.151089
-11.919314
-0.157249
-17.363070
-2.412650
32.161285
-24.218119
-24.007032
17.694723
35.000645
-6.915503
2.498001
4.173064
-21.596279
-10.535384
20.057463
-23.675987
1.316831
34.174515
40.007027
-18.057755
-12.584557
-17.837326
23.753311
20.167540
25.843239
10.709065
-12.619145
-17.314199
24.232601
-35.340168
-6.852745
-26.702847
19.021082
-15.060509
30.986607
2.195472
24.627983
18.426096
-28.180637
17.430782
-6.963650
-6.497006
26.833469
-25.350563
25.215649
6.217516
16.125528
-2.561852
-19.966253
15.882024
8.052181
27.821720
-33.135395
-10.096744
18.502821
-32.751827
19.107792
25.831553
11.587193
-27.711294
4.282942
11.423232
-35.242069
25.447596
20.299913
-28.781914
-28.387108
29.447313
19.133331
-18.117123
-44.555786
-22.482792
17.251343
0.797351
-25.368620
22.957125
-40.783428
-29.430889
4.215834
-5.633735
-25.731113
-36.259041
41.911156
-19.194977
-15.492107
-23.455402
35.758327
-25.521887
-17.523655
0.633719
-27.923311
12.515700
-0.350636
37.882496
25.408155
20.561871
-5.688416
26.423952
-6.446182
1.965503
13.561797
-4.514626
45.059284
-4.174159
-17.214573
21.273373
-24.150505
34.346191
-7.888264
32.453323
36.652481
-0.648606
16.728479
13.032873
32.470860
16.177406
18.034393
26.292683
7.462646
9.828131
12.018222
14.031548
-16.640274
-34.414009
27.000027
-24.969797
-26.594103
-31.181978
-4.092913
-23.479303
-24.400099
-8.281907
-7.768539
30.001095
16.123964
-3.711079
-16.243879
-32.554443
-22.665382
-2.235398
5.684855
-4.549572
-41.157692
37.927639
26.232098
31.264238
6.457488
5.356993
-0.173347
-11.445942
10.760240
-49.171478
27.019150
-12.314200
-8.610045
21.577112
-5.038440
25.816221
8.162550
10.812028
-1.614459
37.314152
36.314770
0.188079
14.150540
2.137107
40.117138
-7.583653
26.831699
-21.024410
-6.014566
-3.758152
-35.574600
3.111405
3.225058
-10.944380
13.996898
-39.264736
-22.384783
5.516018
-11.143627
16.622656
-6.115916
-8.078962
-24.299088
-13.020563
27.897829
25.376005
-10.503738
28.875929
13.497342
-6.577306
15.499702
-9.672333
-16.099756
-19.245356
-17.192827
17.648466
31.724459
24.456907
6.729697
-2.159900
-18.708273
-4.022160
-4.594576
35.125988
12.466237
-4.256426
19.185963
6.323512
11.521787
24.353775
4.773405
-17.734547
43.730968
-27.299084
23.942024
-26.065762
13.891570
-18.258032
1.302760
42.905769
-44.560658
11.487433
-14.612988
4.066123
25.074041
32.665596
-1.553403
14.063026
-15.531537
22.333202
-5.992652
-30.632593
33.078579
-17.197929
20.795832
-25.623121
16.643120
-15.043356
-18.433695
3.317073
-13.087109
41.164448
22.633738
8.964954
-24.649944
-0.721343
26.269993
-20.711010
25.558449
-17.083145
35.105278
33.885483
13.831996
-14.296695
9.495131
10.941115
-26.075968
-7.840453
7.680973
53.976776
-3.581868
-18.741692
-8.248439
-4.145649
3.972018
25.105385
15.166804
27.718744
19.755816
-7.335614
-4.420790
-9.776419
32.324219
86.005890
12.472548
-15.691653
-4.772193
-39.387074
-18.950891
18.881197
-23.261635
-3.618403
-42.905224
-6.368683
12.074302
-11.363228
34.042114
26.467258
13.738417
0.007843
-15.222304
-24.286680
31.637728
-11.607198
11.166365
-11.938877
-29.993446
9.499055
-17.450960
-1.258018
-17.783625
25.890530
-8.988659
4.196691
8.858276
-30.424080
0.140093
35.400505
22.054043
5.380776
7.481093
-0.008059
-33.245655
-8.491689
32.663067
4.983834
-12.716937
-7.213565
-14.541312
-24.819588
-5.593546
23.596697
-32.241558
17.663227
-1.516760
6.586459
23.383055
-0.578472
16.076624
-19.478693
4.453346
38.524059
14.953172
-21.140821
24.979795
38.303219
8.851132
5.222163
-12.286146
13.902584
33.065517
30.648218
-9.916529
-15.070941
-30.657640
17.137589
25.791607
-9.134781
29.864868
33.068985
22.534286
31.684845
-25.961973
35.500423
28.364885
34.367184
-19.206602
-12.899057
-25.966991
27.062395
-0.487703
33.322628
19.458984
18.330873
35.537235
-12.518499
-19.406284
-6.074063
-1.813462
3.668356
-6.886920
7.048306
27.793673
10.794009
-19.364141
7.580371
-0.429454
42.410332
-18.890013
-33.122948
17.954973
9.500896
5.783672
14.585075
47.493565
18.415749
17.247650
7.639214
31.988367
-21.222778
12.285353
9.807559
-4.221898
3.497913
59.390186
31.576906
23.316643
-5.433912
-31.136467
44.291580
35.429684
27.448586
41.026066
-24.275936
20.522093
-16.598866
-2.075077
-33.619507
0.453952
31.074438
28.322588
23.368856
22.955072
40.013584
22.805552
-6.657121
6.273942
9.875920
-2.769216
-10.171358
-14.976770
-0.220361
26.153828
-1.532349
9.057509
-12.407999
19.797270
6.910599
-22.381691
25.337572
2.382077
18.376900
-24.408749
45.388538
-24.490211
-30.987766
15.215680
-8.986484
-10.420718
-1.114376
-14.184567
7.078745
-15.943377
2.444370
-25.170431
31.739719
28.309542
15.860951
40.811527
-23.698845
-16.810238
-18.812931
11.524134
-0.049892
7.770996
-12.689721
1.357994
15.518919
-6.471162
21.850368
10.569162
7.053816
-17.481915
-18.341511
28.001677
-23.607201
-5.674942
-28.430601
44.518768
13.369921
-14.861740
-14.377039
-13.882234
-10.708913
-23.639662
-9.534422
-3.457372
8.506306
18.733110
-25.537889
4.037597
-2.050498
27.554562
25.757139
15.747419
-12.157100
5.374758
-36.037453
-33.028397
-6.706026
-21.230436
-20.720860
-9.409945
16.643156
20.020563
-47.058517
28.859095
-19.387241
28.419119
-26.112471
-14.374149
16.715683
-32.656998
11.862314
-10.133737
-20.033588
10.888056
-17.076416
33.009026
-13.380897
4.591383
20.685270
-10.961977
-12.798313
-0.594076
-14.908571
12.236665
14.190403
16.951738
-15.404401
-8.919250
-40.546738
43.303932
17.915331
3.006114
-27.141144
-14.098512
-0.523032
9.901434
13.781347
35.892235
-16.483103
32.830002
15.775187
-7.434998
16.311954
22.262651
-3.390555
-1.022085
-18.793972
5.108201
36.785301
24.532999
8.834691
15.154483
-23.178370
26.954971
-22.246185
-28.576109
-21.702124
-1.140955
-36.490288
4.662022
-10.514172
21.972359
-4.562009
34.070290
1.976595
-25.299360
10.773164
-20.184736
46.978512
-4.127772
-3.677911
6.256590
-48.619247
-17.275997
26.770805
0.652109
14.211864
-9.767416
5.885081
31.115374
26.606316
36.265320
-20.105549
28.050037
5.906179
-18.479824
3.496628
38.502464
13.821171
-10.522746
5.031253
-16.266230
-5.731443
24.877636
33.272018
-16.425772
42.940872
10.373417
29.836452
-22.889458
-34.634335
50.599815
14.061836
24.098946
-18.494381
-9.871380
-7.189306
-14.838572
-8.630035
-21.342020
45.951157
-37.564140
-19.250675
-18.034189
13.202457
19.122618
32.040417
13.265141
39.687534
5.346142
6.540487
14.090924
4.925575
-26.179379
-23.190228
-5.592515
28.324371
-17.611172
10.316445
-30.851860
31.735188
-4.650325
-30.822058
21.775557
33.591286
-18.460474
21.946545
-7.102473
-8.510641
7.930006
25.883654
11.484562
13.963249
17.186327
10.975287
-28.713299
29.806747
43.476025
28.359802
16.097801
1.851948
18.953445
-16.311954
6.663376
-9.949591
-1.015466
8.380419
-32.936886
23.475098
2.084348
-8.542305
-17.633076
-19.384615
-18.799084
64.888000
35.592323
-25.975851
8.639539
34.751595
11.668167
-16.391937
-31.980467
31.129374
-38.244976
-2.217635
12.925682
-17.880890
-21.784803
-3.949574
20.995350
25.918291
-9.219592
37.377895
8.608193
33.334740
-27.724802
-14.771689
18.978146
54.679096
-18.929619
37.786461
35.094566
-2.983240
-25.287680
16.313980
3.278116
25.655115
25.453699
30.212479
-10.447095
45.842098
-21.469627
-8.496698
-26.195272
22.386654
23.892403
7.835597
11.882011
29.059334
1.399323
11.984734
-18.756535
17.549612
-2.619128
-1.109148
-8.983534
13.502764
-18.608801
-26.679157
25.329355
-27.354334
-24.447981
15.133088
-20.015726
-21.993336
-19.278990
-6.963738
-25.380882
-17.756409
-13.619070
11.050211
-16.829790
2.477645
3.046794
0.355571
-10.835321
0.160626
14.086878
-32.284866
-22.981117
-19.176025
23.720741
27.261972
31.448889
-34.977779
-9.524563
9.994732
-20.848541
33.056160
-18.954264
0.557185
16.070557
3.995901
-26.593895
14.097252
24.060066
15.040455
-40.161777
3.149216
-30.917137
-13.154173
-19.097965
21.230808
18.659925
37.393402
25.273930
42.784550
13.820611
33.069027
-22.938181
27.819248
32.621975
29.008659
7.964867
29.806767
-19.366629
-14.155452
-37.403450
-28.041079
-2.160261
-10.994466
20.821169
4.703532
0.006632
-4.368016
25.239962
-16.641064
-28.598387
-30.254177
-17.225491
34.011547
-19.753738
12.571097
31.631834
-11.370391
26.635593
-9.182446
21.982918
26.613817
10.182716
-30.031240
41.191010
39.408855
22.090534
-1.497192
-25.724970
-18.397539
-6.430954
-2.960104
22.620859
8.523449
-18.787903
2.900494
26.584562
29.179176
20.164173
21.309690
27.327152
19.963306
-8.721553
17.438965
0.059547
29.292234
-6.539566
-13.419675
-29.741467
22.797972
-18.998827
-34.403919
-6.809782
-9.613997
-8.293394
18.884953
-1.020776
29.005426
-26.127697
-33.540943
0.182935
-21.790600
34.349606
26.213486
-5.052111
-29.337379
21.066570
-3.826061
-9.746386
1.621743
6.145735
25.349186
-4.707159
46.848057
-11.743426
57.675594
23.327717
24.851908
27.847168
22.844589
36.682720
6.966280
-9.148414
-13.109496
34.466644
36.087269
-6.403190
38.066223
-4.729765
30.023615
33.934597
-9.921068
18.844566
-10.929328
14.667302
13.754447
-11.808496
-8.252632
3.942898
-21.527401
-4.131673
7.906286
11.506987
11.725864
23.089243
36.044567
-17.240004
-27.896202
-24.463531
29.978273
21.333246
28.477446
16.170744
51.398922
-25.406822
-23.298298
32.356071
-12.286716
6.202108
-7.021013
15.676173
-9.594677
29.226818
-13.789346
9.749831
-8.671444
7.245902
-26.345287
-15.302010
11.835520
-28.926491
-9.544199
12.236796
-7.690295
18.282488
-5.015406
-2.893092
-5.055793
2.386291
9.223843
43.329422
-10.088473
-3.854175
30.848692
30.210032
26.829205
-33.621357
-14.516233
36.635822
-4.092022
29.430296
-14.119761
-7.289330
26.700533
-17.562780
-18.976957
-9.766747
-26.859684
32.242157
43.463169
6.814408
31.762098
31.444504
47.744816
35.021381
-29.643242
-4.261374
19.869820
30.430643
-4.124075
-3.297478
39.285812
-5.119260
-31.806393
-7.355149
-8.502731
-25.535988
24.841568
12.421230
-0.136026
-12.511661
23.903547
4.998106
-42.414738
11.473066
2.564640
-27.878824
33.321266
21.753086
6.588123
15.780550
33.631680
-14.836737
-27.989769
-10.563669
-29.764233
27.230606
-17.933840
-32.955544
-17.043720
-6.955177
10.099294
12.654614
1.286219
-11.004769
40.491089
17.587265
25.394495
-25.010998
-32.997154
-22.078209
-24.760973
11.112147
34.878048
27.731403
1.756540
-28.594515
6.158907
-30.410921
5.001406
-3.585041
21.481617
26.217566
26.940313
-19.373266
0.674379
-14.298364
-11.945004
24.310177
11.887308
-17.543169
36.157795
4.263535
-19.064270
-33.469952
-24.687571
1.828199
-22.261026
33.611504
-18.111832
-33.654022
7.053181
27.646210
31.527977
-20.385708
-1.787627
-25.785589
15.003249
-32.420555
-18.642153
3.411002
25.541594
-5.548461
-19.957031
-16.392923
6.684745
2.632107
0.775838
-6.907317
-23.288450
-5.781521
27.462168
-49.158207
14.637364
-13.042344
10.153872
-19.414467
-31.745155
-11.164414
-16.821785
-6.751344
5.446797
-0.978079
1.175807
1.793227
-22.864922
-19.955818
6.813328
-14.973730
34.275517
-23.160917
39.964436
20.728159
-32.457657
-31.598682
15.730732
15.685760
-23.284727
2.613393
13.914849
26.953238
8.283700
-12.788299
-25.574291
-6.383416
18.041008
-31.750980
-21.677799
-27.248827
-11.538974
6.171710
3.280143
-3.901361
13.072306
-10.570951
-29.359951
-21.265928
-6.638953
-23.619743
16.587732
-4.080743
16.160641
27.065416
22.285172
28.142908
9.641833
-10.995278
-33.986050
49.312057
10.890142
-15.337217
-34.854446
32.372139
33.784256
-10.707672
31.309114
22.202440
34.816528
-20.563517
-2.106055
-36.013870
-15.130105
10.009688
-37.260902
-28.118292
-22.276293
-35.811234
9.624197
-25.894274
-7.100163
-22.186598
-10.526046
-3.866687
11.794129
8.733316
29.741535
-40.050716
-32.870918
25.053976
-28.537754
2.371640
27.484745
-3.114592
-6.814962
-25.137049
-20.238127
32.792561
-15.741292
48.435493
-28.802605
6.684767
36.565315
-24.723101
17.827303
-7.775707
24.636456
-32.894886
-7.339826
8.772564
-16.958298
26.781986
26.196186
25.760693
-11.448745
-36.512360
20.816862
-17.193031
13.119290
-10.568083
34.957226
-2.065868
1.762992
34.495251
-22.958160
-22.438932
-18.885256
16.379221
9.034727
-16.452448
34.897411
-10.373602
33.531605
32.370777
-10.299727
34.073395
-30.799801
-25.715145
22.228081
18.192009
-21.445265
-24.523079
-23.011017
-29.252779
-31.759735
-54.520069
26.009535
-7.606585
-35.680016
20.637737
0.419245
20.925213
13.657269
-21.675695
17.806032
12.554475
-22.116844
-19.555149
-2.781743
33.070538
35.407986
-6.642925
43.391380
10.009440
0.098778
-17.293694
32.910225
-20.726994
8.326461
21.554474
11.687078
0.611761
-32.122128
12.423671
-26.327330
6.760690
-18.203348
-6.978332
-43.007362
-19.155281
10.253682
37.656639
31.036282
8.169671
-37.001892
24.133217
-26.496872
-1.039897
-5.017398
21.467451
28.371677
12.960904
20.257654
24.210848
-0.954821
6.036596
-11.562087
-32.129910
20.186289
-8.296789
-27.945810
-14.935230
-1.080541
13.966547
-18.071524
-44.526367
29.036266
16.616798
0.996607
9.550421
4.242207
-9.146918
-14.541372
22.017078
-28.606133
-0.869446
-7.731337
34.587673
37.807678
-12.672418
-16.097500
11.363266
-24.693163
36.538349
-7.809760
13.009100
-27.755909
-22.863033
-26.327921
-26.775541
-18.276161
-34.832405
-6.506436
-9.851326
13.614070
-26.242105
18.632685
-31.467291
21.553547
15.563485
13.887498
18.347576
32.070858
-14.257808
25.877319
4.685496
-35.173950
-31.325804
29.322922
-30.648605
-21.160822
-38.191570
-14.784024
10.154288
4.054106
17.971527
-15.556689
-3.837726
-14.802216
-16.578880
-3.821792
-12.117678
-14.017118
15.501688
-25.692648
31.927780
21.003216
-24.609068
12.117661
3.917176
-13.819032
-2.467934
21.273085
29.439350
-37.176125
12.320615
-3.811877
26.543522
10.311368
10.955872
2.706620
-22.208990
20.465921
16.663511
-18.656996
13.355507
-27.817554
9.849638
8.992514
16.300659
-7.879785
1.499789
-8.358904
38.710335
3.902395
-25.923220
-25.936279
-35.376514
-2.787337
24.565395
30.764313
18.183268
-2.260812
1.147776
-42.829559
-4.525764
-5.774328
-17.162958
32.943493
26.164833
38.514790
30.482777
4.810530
-15.432135
-0.690113
13.493219
3.444363
-15.649905
12.575158
14.248574
-28.177725
-31.465118
24.988096
-5.619609
7.874959
-3.458328
-11.963085
12.437336
-4.032967
11.356750
-32.836277
-3.355800
20.626057
-19.210711
-8.972957
5.322696
14.934775
-28.993483
1.214468
-28.451134
-23.700144
19.812466
0.460812
5.058376
26.253216
18.933022
-31.363546
-7.667242
-17.155041
-11.589019
21.225885
-13.295409
-3.211807
34.524807
-33.813053
4.303713
21.069700
-3.372976
10.787256
-23.013889
-27.059723
18.125778
-42.525990
8.236045
-14.423215
-17.609901
10.610326
-21.640406
17.385387
-21.345495
6.987052
25.080048
8.246672
-30.832331
-35.559097
-23.874968
-26.553898
-19.254272
26.774954
14.596132
-17.713884
29.637043
-3.045499
-0.607628
-9.607116
1.742623
-3.755887
-47.065666
2.250098
11.963540
29.598162
-24.200989
27.278099
30.338219
-9.152884
-7.208038
40.014450
-0.344520
-18.772947
-7.584031
-4.690708
-18.238203
-14.960823
-17.129980
-5.323356
30.194000
-17.270967
-20.740463
9.089641
-28.260195
-32.458141
-2.602834
12.745265
24.052109
27.417406
0.030202
21.772545
-19.326799
27.634579
-18.785309
5.003711
37.746277
-12.404332
-25.036919
34.783466
-24.486252
18.386362
-38.420162
-20.665243
-1.884577
-4.403153
4.093133
14.050472
-14.026319
-10.790199
-32.455696
-25.613674
-17.158649
36.454926
-0.946200
-27.284407
33.236160
14.032018
-13.816277
-17.385368
22.863424
-20.034468
-32.125095
1.637343
-20.712330
6.045581
17.173332
-34.663719
-18.347809
51.679153
24.141495
15.936512
-24.620228
9.809154
-23.929171
-31.414265
-2.861198
-34.891926
20.145664
7.666147
12.142185
-36.670082
37.150700
-22.025970
33.390766
35.715389
-52.015629
16.965902
-6.666852
-0.708713
-3.080682
32.256985
-11.268779
6.883807
12.469563
28.644949
37.725624
-26.269047
0.049259
-17.870729
-14.659684
-12.099500
31.359644
-3.984982
1.528059
-27.475006
-27.083315
-5.809630
-28.113682
-0.765825
-9.624354
-31.668737
-37.529236
17.621464
22.678129
-14.214228
-6.747515
-7.642115
-7.644562
4.128160
-16.472357
-27.242949
-37.175369
13.112177
15.148441
41.347408
14.873445
-5.905981
32.440586
-6.122522
-20.468384
-8.247098
-9.064664
19.025850
22.426653
-7.199996
40.345081
4.807689
-17.482203
15.472542
-23.253929
21.888716
-7.643925
-6.542962
25.976391
-0.270477
3.893897
-18.410547
-25.446430
45.915604
-32.594601
-29.433796
8.498033
23.618382
35.165035
-33.372971
-24.685593
12.560147
-19.981407
10.170536
28.954344
15.650267
-14.360379
-22.852011
9.444722
23.496086
11.821491
-23.327908
18.249071
9.392435
-17.219936
-2.769728
-21.741833
8.058769
21.636730
-12.936130
27.017241
-5.479923
-13.027485
-25.785549
1.447899
26.266781
14.245919
-22.936182
-32.168896
15.221234
8.105196
-18.834124
-17.545904
-13.942935
3.436189
-18.335815
7.886121
51.896656
-28.286285
-44.970070
-39.578392
4.406316
6.630011
32.419563
10.834289
20.000206
3.533511
-12.024215
36.975929
25.526337
23.128328
18.151720
-30.071203
20.759598
-11.881390
-7.900246
-4.725483
30.869244
-24.875914
11.786592
-25.857880
-3.190696
-35.976982
60.454639
28.931450
39.729767
-4.916758
-8.443402
25.949829
9.262714
-0.078000
25.585527
11.301733
-23.983246
-10.354289
-6.633433
-29.945166
-25.417133
8.036908
-24.531233
10.417355
21.033436
-0.589625
7.305988
-15.695358
-26.268446
38.193466
-6.365833
24.650295
9.078894
16.802927
-11.825318
-37.520420
-5.113853
-1.625058
-6.987040
22.905394
50.896721
-24.652538
35.256863
20.233980
-28.561384
12.111968
16.541216
-6.101130
1.847357
9.301662
24.630735
-17.195715
39.538151
-18.999170
41.988647
-4.179675
20.340944
29.087317
-11.300846
13.462601
0.968769
-5.420856
5.955797
-23.598545
32.823681
23.469513
-5.345906
28.847977
-6.750521
1.690731
-1.593073
1.237948
18.484425
18.895145
43.765610
37.240318
17.167641
40.863857
-10.088087
-34.025352
14.334657
-3.186002
0.296769
1.732411
-15.649486
-11.163186
-26.066181
-16.610016
-5.254439
33.076424
28.017902
-23.013247
-29.452797
-19.171547
15.005000
47.333847
5.708988
-19.316460
13.459664
-10.206685
32.824802
15.958983
-17.415266
-33.251709
-22.188669
-13.236237
-23.185171
28.838896
42.645943
-20.080353
14.340759
22.611994
25.249159
-16.144966
-11.147150
27.719416
11.558084
5.798821
-45.550060
1.363746
7.049869
-10.306544
-1.915161
-3.266906
5.435214
-10.825461
6.876229
33.578957
33.586143
-33.598511
3.740682
-0.773762
24.990158
4.709826
50.309235
43.297588
-5.189671
-39.186069
4.746229
-8.215158
-11.742620
9.117006
-12.068624
31.565594
-0.672052
-16.759102
18.687447
-42.520260
-49.926579
-22.936760
27.785433
-21.643009
17.474768
-3.686898
6.519135
3.391214
-32.122684
-15.261907
-48.356762
4.663547
21.728071
-33.146038
-22.891140
3.426679
-15.378476
-40.795437
-27.197779
21.269800
2.048406
-5.669445
7.430160
-1.440157
-9.490617
-32.741604
-38.739204
-10.928345
10.721409
-15.776813
6.217469
34.709080
-4.478862
-23.137016
60.524109
19.011631
8.210498
-30.324207
-43.928425
7.371604
16.019352
-30.279537
-7.755032
-13.896846
-2.646578
-17.823174
0.824669
-1.437746
-16.392675
26.796448
-8.305884
-8.433563
1.507151
13.461110
-26.152111
26.991499
22.739447
-24.801395
-17.326084
11.426293
33.929428
4.768274
-29.972567
-1.528259
-14.557918
-45.847633
-12.287214
-29.316448
17.150301
32.477589
6.362551
-21.436493
-25.027000
-35.398624
0.160794
10.043284
-1.218766
-12.093377
-18.963589
-11.449796
-4.305250
-3.349698
-2.758991
22.904758
2.689884
7.550114
-44.488567
8.370156
47.456535
8.217494
-24.932337
-7.841777
47.003765
-10.535542
27.443668
8.553509
4.013498
-22.846182
-15.828449
44.752827
6.550626
12.279299
24.507702
-5.906545
-6.195612
-6.681527
8.896768
4.285145
28.545883
-8.356793
-13.809291
42.597641
26.491913
29.810305
-5.041065
-5.655468
63.035007
14.772045
-23.696114
17.039209
37.856327
6.194264
32.164116
13.868455
-17.175028
-9.260921
-4.850240
20.448372
-33.862305
-29.938116
28.513952
-2.779313
-36.389103
-24.593037
-31.366209
-25.152390
13.192729
2.744540
-41.884308
16.867390
21.666946
-33.057709
-34.402683
-11.508789
3.444294
-31.592131
0.380550
-7.450256
-10.307968
14.010118
7.137887
23.224806
-17.422470
22.671778
-8.894431
42.120186
48.586327
-16.023317
-13.904015
3.513480
24.828585
5.325222
14.638221
-26.027012
-1.621776
-26.453428
16.653912
25.075546
-26.897026
-3.239330
2.100397
-17.959988
14.300229
11.236769
-24.783796
-12.728422
-4.484088
40.307636
14.553202
-18.733887
23.437359
16.025831
-21.704769
12.329772
18.421328
5.065576
-1.661489
20.295790
12.910885
-8.977394
34.003433
4.851890
-3.127292
-40.817039
-20.153429
19.338108
-11.721931
29.772596
10.185784
24.976336
30.035572
-24.526997
-25.828835
32.763252
-14.496631
0.441214
25.912153
40.539886
2.821444
29.284740
10.792087
-29.428648
-54.760479
-71.939468
-27.992130
-11.140146
14.570255
-19.467527
-11.355151
-40.734070
-13.419452
-30.726065
-18.482456
14.239578
6.810901
-10.895437
-18.613941
28.033991
-0.657197
4.163649
-9.386747
-10.067579
-16.126987
24.438681
-0.819418
-34.693432
-12.635714
-14.430534
-36.404259
-39.462849
21.201872
10.640159
14.729737
14.345560
20.128458
42.425194
-15.918580
-29.723860
-31.292109
-21.008099
20.746565
-18.190954
-0.309485
16.035955
-35.474243
22.625753
12.279375
-0.290888
-28.259254
-12.095951
7.293382
-0.636906
-13.169191
2.857621
9.022526
23.678736
-7.507887
-13.967696
-29.258728
-32.255924
4.474139
-39.851650
-36.997417
-29.687546
-36.350723
4.801328
-14.087713
-24.068115
-22.769915
-3.456684
-1.674405
19.831974
0.173121
4.866617
-21.032629
-24.982220
-1.053349
20.934393
4.497955
-28.233473
18.134947
-49.789909
-31.545773
-33.517185
-47.407616
30.218979
16.288967
-31.274694
-38.374035
-34.194862
-12.532097
-19.987965
-26.455442
-15.458606
-13.517669
1.409610
-24.627636
1.520653
-35.693497
6.022518
-30.859522
1.074288
-8.631981
5.397721
32.956459
-11.517147
-15.243318
-34.144386
14.361772
16.146418
7.370567
27.891815
8.298463
-44.436352
10.348347
-3.611307
-2.619719
-49.482563
14.301422
34.856163
-21.337324
-26.398279
6.231489
-28.814495
-2.798570
33.737816
-25.441822
32.607124
32.846767
-5.383658
29.417391
40.891098
47.593983
38.623074
-8.291181
13.151494
19.287128
31.509295
25.083109
12.798862
-7.911203
-8.928377
38.907085
8.053172
13.730160
-18.498606
-18.172112
20.016682
30.468779
11.541041
-20.423895
-33.938442
-2.549165
4.508003
31.580048
24.815722
-2.541139
24.983744
10.282701
-30.091566
-16.808182
29.837481
16.277634
-0.454534
24.716097
-5.693549
4.956446
14.081546
-10.906641
-2.965081
23.112722
-22.384836
7.936192
-14.024645
-26.765575
16.376337
4.464955
0.118820
-5.442225
6.093589
-10.430184
26.707064
6.085960
-7.061663
28.756334
26.914524
7.359095
15.367862
-0.546526
35.537769
-9.273784
26.184021
15.137305
48.325497
5.618773
47.908024
3.538828
10.564251
24.694794
25.719185
15.310097
-9.616776
-0.850495
34.369400
12.352587
-2.484724
7.823905
-10.539485
-12.230250
41.831768
-12.771078
20.836843
8.652040
36.129692
-10.572417
-2.533204
25.698408
6.957499
27.452272
-7.773548
22.876753
-9.146459
-14.643875
3.806106
-11.928666
-17.561373
42.783302
22.226315
26.511070
12.040936
6.773351
5.964056
-10.427754
-15.870987
-6.119526
34.155045
22.202337
14.024374
-7.924844
28.662811
62.751652
20.088276
34.004555
23.842367
33.285290
-5.880809
53.788887
35.041370
-27.730112
34.691196
16.473810
11.089520
33.754093
-26.489897
13.131865
-18.167557
27.020046
-34.671783
-37.220139
-40.676620
-25.360407
7.851044
33.097103
-19.206665
-15.288770
7.999210
36.377464
-8.033111
-2.107332
3.533761
-32.816216
-13.768376
-38.660328
-23.875063
-6.544597
26.789671
-37.177704
33.802837
38.054642
-21.145262
-27.202785
1.180312
-20.447445
29.361916
6.058569
43.210274
31.334509
36.660435
29.273638
10.868743
-49.002422
2.605196
-13.747474
19.730898
-6.981885
-39.169140
-8.179761
6.866058
-8.825171
32.283718
-19.415394
-3.545821
-28.137100
-22.421614
-20.530014
12.898685
-26.603247
-6.803371
30.883259
-19.096678
28.776312
-2.307842
-4.855256
-21.161808
-37.020149
-25.851646
11.247871
-22.700644
-32.843014
-22.763863
-24.377436
-3.193460
2.750656
-44.315258
21.903709
-32.573406
-21.935886
-8.071311
5.704688
17.982275
-12.164472
-23.423031
9.179188
26.698872
16.897160
6.053449
20.266096
3.837874
0.185284
21.995108
-32.735641
-25.952486
-7.181577
-10.727449
-17.566748
-22.374516
-12.393364
18.630987
12.655753
-20.009371
-19.946527
-5.934134
-1.396765
-18.508568
-23.257837
-0.243388
0.421413
-2.307780
-1.503076
7.368713
9.731053
15.073838
-36.250580
17.166908
-1.403571
-0.800131
16.469229
-39.174744
-12.337720
20.005732
-19.002369
-34.294861
-38.251328
-15.439948
7.886070
-36.022743
15.986704
-4.079024
2.678535
-14.834028
-33.403820
-24.492487
7.152646
26.690157
25.831627
-39.250023
-16.017834
30.720589
66.078133
-23.729471
-2.198380
60.347813
-2.485887
-6.326365
28.577568
6.479573
13.930807
2.446562
23.491098
-22.658634
-24.304262
-47.332298
-18.367146
-11.881171
-29.088383
37.424931
11.817843
-34.490788
23.445269
9.158450
-21.790352
6.752226
-30.003813
-22.326239
-26.400650
3.775811
33.010590
17.355434
-3.991615
31.541082
3.213950
-22.817539
-24.465000
15.617037
-28.134771
22.917555
24.268476
11.319511
-8.058089
-10.704536
62.695503
-22.983349
28.196503
-20.828262
37.873615
15.204716
4.195128
34.169151
25.520866
18.506594
15.324259
22.723049
30.783451
-19.008282
14.560304
-3.409788
24.222977
21.258623
-25.792297
-50.970585
35.046646
-37.450344
-32.299660
-36.373856
-8.220170
0.213603
-5.545008
12.964203
-16.152929
-28.164474
-8.099193
-25.872597
-4.144524
1.675867
40.403500
-3.544444
21.408592
-21.608521
2.106418
-29.596886
1.821061
10.594318
13.223944
24.035101
19.888577
0.621046
13.761613
-31.065279
18.607059
21.374802
14.930203
27.763100
-25.531960
31.954554
27.806843
26.306086
10.403121
2.532019
38.765869
-2.809755
44.777130
-31.561359
13.405126
-21.865612
33.987934
34.995506
-9.501813
-12.368553
-21.060160
-31.762133
-31.223925
33.311623
-27.661434
-38.884083
-8.751171
17.867922
9.371107
7.559157
3.209757
12.908355
25.882776
-25.389437
-2.923091
-16.852747
-12.920926
24.432369
-20.984200
28.497137
-12.254417
-27.222679
-31.068436
-28.834341
-15.248620
14.023252
34.680618
13.797256
6.595009
-8.157393
4.190125
-26.724709
-31.368378
44.382442
8.460829
-11.802439
26.578617
-7.458537
32.352169
34.251232
24.185066
11.216486
25.494410
5.989308
-24.969225
19.940392
4.068722
2.150045
-18.748217
-12.036242
-19.414347
-18.676422
-6.351829
-12.351081
19.992342
-38.301720
21.998989
-12.999352
2.366469
-29.381784
-15.104147
-6.145092
21.001753
15.442534
32.500271
13.700616
-17.723850
15.423294
-12.635269
4.499753
-22.620745
-31.970955
16.026930
13.609290
-0.961928
8.006269
-5.361581
-1.817928
-30.556847
-29.361624
21.509716
-28.659935
36.485615
-5.399755
18.235535
26.042028
-12.147551
32.499054
23.348970
-11.286391
-14.518106
-11.191638
1.847095
11.950375
37.643959
-23.368303
13.970713
17.031246
-13.142322
17.618879
-20.676788
-29.116995
32.429001
4.443800
39.020409
30.451994
30.844135
16.663561
37.938103
-8.724013
-28.826296
30.027613
-14.983389
-13.831535
-10.289047
-2.172049
20.140341
-15.094436
36.213875
-12.778616
-17.686546
-17.538792
14.213160
6.796064
-3.375797
33.098198
25.349993
-28.770926
-0.117641
-20.563354
18.846359
-29.684715
-16.905193
21.291447
-39.341015
-23.424913
16.874784
21.509378
-5.356778
-11.083410
-13.899626
-0.349082
-20.255114
-30.562393
8.374467
-28.152819
32.605637
-15.870262
-5.688913
-2.979139
-24.642015
-2.027407
28.034834
30.720192
-6.997801
-6.069847
22.607050
23.968639
18.464272
-14.756677
5.237470
24.742493
-22.893835
3.431460
-0.508864
-12.375857
21.575018
-30.775606
-27.118517
5.657020
-1.065534
-10.052298
-19.555712
28.048063
-6.073094
-3.318081
-11.903248
-5.438000
10.859536
22.982964
-2.483717
2.787542
9.169547
-36.582439
-19.849854
-1.017109
31.173927
11.243151
38.790672
-21.603636
-0.730184
-3.329644
22.310102
-7.285855
7.649243
40.198967
44.706631
-7.909264
-6.037483
27.247227
19.995579
32.575665
11.506572
19.862572
-9.335645
-18.077194
-22.932003
-28.547483
-2.774031
-22.943066
-17.936548
-15.563673
17.007481
-12.115257
4.060317
-23.255623
-8.690944
-14.130712
27.399923
-4.834144
-7.771190
-15.806126
12.130930
38.723396
-29.070415
32.404217
-2.522992
-17.786127
-29.330076
-35.761627
17.309761
24.989866
-30.052723
-21.867283
8.243831
17.033882
35.257988
3.410407
18.524426
15.408508
-21.252264
25.597525
16.522726
7.021056
16.066431
-36.768013
-2.890106
19.818447
-17.278765
24.056360
-3.229695
22.404793
-15.886949
-15.289889
-11.500132
25.158323
25.230991
-4.437264
4.895585
31.077280
32.433746
-5.574017
-4.134442
-23.969173
34.895134
18.722834
1.148792
6.178379
-2.531937
36.717720
1.754297
2.118364
-13.122471
-32.555229
-33.280079
-3.214753
8.782666
-35.202724
11.771981
-2.287437
52.801727
-10.251188
23.754431
-21.630970
-5.950841
15.582696
-5.747370
-42.442787
-15.190850
-10.973063
0.957460
-12.226451
28.333540
-9.707634
21.952042
-11.642441
16.515181
-20.946381
33.682972
15.251148
2.441418
-8.044639
-5.191260
-29.395168
4.349432
-19.680794
-18.555664
24.648418
5.676685
12.139111
-23.279026
-6.153220
-12.172374
35.756630
0.726783
-2.891705
-0.706534
27.663252
-6.359267
25.560457
-24.102585
17.582914
36.099968
-23.782848
39.460220
13.808473
-10.554892
-2.779982
-16.862623
-18.128010
-15.521176
-15.069233
0.546580
15.257921
-19.706480
35.268261
-16.434509
-10.615424
9.906012
-14.936769
29.397341
11.302258
-29.795599
45.454845
-12.113062
-27.624619
-16.827206
-3.320909
-8.584167
28.577200
4.151609
-24.132973
-12.542996
-32.017021
14.614221
-10.522919
-46.125378
12.297229
18.449717
-19.385357
1.967841
-30.494165
27.698322
18.603956
-15.333227
13.050017
-21.469646
16.957207
6.543236
21.386055
26.528948
-1.651757
-26.847036
-15.948097
-9.903790
-18.325705
-1.223276
2.041285
5.314358
-25.404140
-9.243894
-45.118450
7.108559
-6.909082
-32.276039
10.557214
-37.337044
6.655887
9.012614
-5.548018
-14.255941
27.221539
-20.726091
-25.076256
-6.163566
-14.191068
-38.889988
19.892202
-19.068195
0.402707
-8.684337
-29.195623
53.490200
-19.378103
-27.520437
16.054291
43.739632
-38.314976
37.497925
4.292600
31.884321
-18.170837
-30.455652
-22.071157
17.718405
-57.129036
-35.178764
9.366174
1.873945
-15.541220
6.653634
-34.016842
24.305216
7.811321
15.667151
1.129059
-20.407667
12.488578
40.828701
26.623047
-2.448045
12.009008
-7.584107
-26.934805
10.994525
19.611332
-32.747658
21.126961
-39.105610
-20.389246
-17.474972
-12.090371
4.171804
-4.714390
9.197329
-18.540941
-25.583261
13.474850
16.606258
0.586911
32.689941
-9.272901
-11.568370
-1.554421
26.053074
15.798855
-6.616632
20.208673
8.890372
15.957102
-11.659016
23.987942
4.127246
-13.575662
26.249157
3.963336
21.677134
-10.898619
0.440213
-35.758739
8.661489
-12.040745
11.788688
-31.289448
18.295616
-3.325578
18.863716
-2.407149
-18.325716
-9.150827
33.481922
9.519518
10.775035
-23.502659
-1.452866
-32.794029
10.740355
-21.141001
-13.850335
-15.582717
9.435159
22.414665
23.019554
7.642217
5.841144
21.231417
-8.058959
36.059921
12.185843
5.643415
-17.327734
-26.590433
37.986809
43.399338
-0.601907
1.114690
16.080914
26.006201
39.319275
23.386053
-29.789175
-19.449154
-44.556965
25.239140
-26.931110
3.947581
-37.038429
-21.731993
-22.312790
1.405838
-0.926637
-21.985909
-22.018948
8.886905
11.233486
38.422012
5.001413
11.117158
9.232673
22.345205
-19.313814
-26.078293
-21.673412
-24.549471
-17.793056
3.215010
2.152718
2.033226
26.589745
28.168676
2.239837
27.874403
16.663633
17.223965
2.435702
-9.561406
-6.456405
-19.654675
31.890057
-32.889580
15.668506
-8.176006
25.016655
24.569260
-13.330144
-19.996834
-14.310054
-7.250306
-6.114013
-11.899855
-36.655720
12.926117
24.791090
-16.889261
-23.858404
-20.750696
20.603981
9.495256
-34.968555
-22.734238
38.841541
-14.069600
-44.266163
24.777504
20.596876
-13.817935
4.922222
-5.457546
16.622305
-15.742367
17.497860
17.980865
4.013767
-4.522293
4.850884
28.929928
24.702654
-3.849265
11.883848
-42.084137
7.151079
-20.398773
17.161047
-11.664761
37.012577
19.630053
12.785301
-38.125309
-13.306060
-34.757988
17.363764
17.869408
-18.629168
-2.969609
25.002754
-22.930376
22.907171
3.187922
-0.397763
0.999122
18.146902
-1.493720
-2.795614
4.610683
37.635914
26.419504
-2.235311
6.013635
24.064180
-9.701906
13.344185
-28.483976
-9.606276
-25.468355
5.464530
13.178902
-22.923542
5.165504
-15.812510
-25.669147
19.390032
-12.829577
17.773117
28.760809
-8.614786
14.651858
8.956531
-4.439023
40.237442
-34.304222
-6.376072
17.820353
18.276617
-6.208189
14.439134
-38.158821
-35.484825
-22.414705
-15.373451
-30.906534
8.456004
24.948586
-3.154378
-24.725710
31.873915
2.026998
-2.761444
-16.641792
53.367981
20.924500
-26.014278
28.521849
37.686016
7.285586
-18.648783
2.041708
21.155779
22.484619
-7.600034
-13.765100
24.500132
-9.960713
21.674658
28.633242
-25.624493
12.409389
14.201359
28.323721
29.771435
-7.303144
-30.164179
66.115257
26.321035
-23.695803
-5.733015
-33.353222
-4.468910
10.296452
-15.501037
-16.368046
2.196692
-14.078271
25.916592
-33.613045
1.475435
-2.168781
17.023220
33.427387
-24.246990
28.780180
-1.599887
16.486984
-21.171934
20.944513
32.731071
28.528526
12.760958
19.772051
-3.334764
-13.728346
2.311436
11.987198
-21.571156
-31.904984
-10.342802
-14.951514
28.166157
-23.117392
-16.260244
-22.777670
4.831488
-35.161243
-13.244883
-20.438868
-9.359633
-17.535318
21.560854
-13.258487
-1.025663
19.947144
-31.357145
-25.873165
-13.351716
-21.981068
-30.715919
-20.588625
-21.998068
5.130572
27.877392
21.076838
-10.793745
3.825933
-21.512413
0.879139
6.233970
28.321712
-13.223492
35.987003
-16.502775
21.696119
22.833618
-12.657225
28.793493
16.023153
24.115913
20.467054
-6.526332
-7.526343
28.165377
-1.722071
26.740248
10.899053
25.029900
9.559693
-10.214572
14.166867
20.220499
-3.578774
-23.861582
2.559151
31.111172
7.129002
29.306011
37.990788
14.865106
2.428375
-31.168350
-17.482237
8.602929
4.652304
-24.635599
-24.459745
-8.943456
20.723757
8.518874
19.877966
3.908928
34.796814
29.719082
28.256996
-30.042963
-2.297860
-4.956603
-31.375778
31.896765
26.271051
-27.934839
11.997191
-5.852345
-21.697769
-3.972328
50.440655
7.944954
-6.018882
36.193428
16.505466
1.933532
9.142529
31.596659
27.074619
-22.677025
-37.495926
-16.971247
-11.285151
9.981597
-7.186016
43.289967
21.805517
26.965401
-14.861477
-16.695961
-26.049524
30.072966
-13.252717
9.535658
17.496605
13.719775
-16.111252
-8.976158
-24.610037
0.437838
13.809784
48.995651
-11.275759
12.080784
32.646034
-30.878572
-4.450737
8.563956
-14.897297
-1.684875
-28.387686
-0.349722
-40.166969
-1.347214
-18.985964
17.423481
21.462029
8.006835
-24.170361
1.905645
33.254890
2.261765
-7.797803
-3.141636
17.339245
-5.814371
-28.783453
7.096690
-7.318469
-6.355090
-20.814066
-9.410256
5.725755
-14.565822
-21.981995
-26.662777
10.024795
-29.710052
-7.294009
-20.255630
-6.779048
-11.452794
20.458158
10.888016
34.168358
19.957542
35.186920
18.036982
-20.256996
13.201777
28.240911
15.303678
-7.119372
30.271547
29.460144
15.418048
14.625080
18.744686
14.677029
-4.139972
2.009974
-37.488754
43.875362
27.949034
-30.512384
35.876007
24.681427
-12.240541
27.088898
-12.463158
-10.354272
-13.440727
-16.325665
12.013804
29.750834
-21.542425
2.771439
2.290972
20.784073
-23.252531
30.673613
49.624828
46.299732
25.431040
-7.271702
19.553585
-24.333387
-23.302801
-5.123051
-24.965168
19.803869
-29.027189
20.964705
-20.510414
30.585190
40.393505
-14.298633
28.207371
-21.590876
-13.256692
22.724417
16.944674
32.397739
4.549902
6.404524
-10.415410
-7.113756
-10.714993
8.894770
15.146702
-8.816726
-9.606421
34.039154
34.585926
11.912223
-27.111347
-12.185728
-28.823191
12.280926
31.983915
0.250893
-8.159237
15.030505
1.657651
6.350381
-30.383198
-19.759588
37.873699
4.782330
-32.254890
16.977673
-5.156507
14.976925
-36.280472
15.719934
24.274527
0.120045
-27.407166
28.739174
-36.332939
11.111227
15.191270
5.205246
-7.934897
43.626919
15.570558
51.757263
35.188797
16.994576
43.821625
18.098450
-10.426272
43.543037
16.564907
32.445190
-35.534237
-10.855843
-20.017117
-21.591282
7.322492
48.911945
39.038036
7.429746
46.157059
40.366955
23.722652
31.349960
5.174294
37.382275
10.175960
8.204293
7.129929
37.489555
-6.647626
-10.255734
8.430366
26.229382
27.908186
-35.067753
5.280632
8.800463
-25.140846
50.384632
-3.578660
-25.680754
5.654808
-7.095329
37.048656
28.451574
4.654970
-6.831896
56.301628
0.779391
12.554277
11.345268
24.850794
9.647891
53.399036
27.520140
-32.108315
38.223682
-20.174507
-6.199879
0.962459
3.020024
11.342825
30.532742
1.291522
19.358982
-9.238327
-18.400600
-3.014176
60.186481
-14.463219
-20.255150
-34.435162
24.652906
35.170166
4.577636
-3.615410
-11.280216
-9.401267
24.873398
7.991906
39.061207
-29.841536
-12.161739
5.354706
6.334032
40.339626
27.023920
12.411890
-1.035606
21.458708
-27.735901
14.872145
10.338680
-2.157468
-31.120859
48.708031
16.086401
-10.517843
-8.468213
-4.068605
7.848456
-0.596792
13.669437
32.075890
-34.410355
-26.115053
36.784504
-9.452842
-12.574098
-32.817745
-18.176823
4.548722
-13.960102
13.823605
-27.022728
-17.794926
-11.758566
-33.145397
2.461136
-27.804073
6.683052
5.598166
29.619579
1.484637
-23.197206
-9.156986
17.990808
15.233326
-6.791037
43.542946
30.766500
-2.016591
2.992881
3.912098
14.768958
-42.779831
1.789114
9.181171
13.998405
26.053816
-0.212135
-4.477667
-22.084831
54.507565
0.275450
31.085154
18.273834
-29.573992
17.962343
21.039377
-44.127155
-26.920160
-30.530441
10.669142
10.891774
25.793188
-24.848337
-23.409126
-6.435236
-0.681198
-21.032694
-2.128841
41.000221
30.327761
-21.289421
-34.275829
18.010214
3.533057
-1.678030
37.421558
23.998848
19.102810
-33.634403
-0.497626
-11.951774
19.476364
-24.431068
-3.412900
43.467510
3.417274
-0.730929
-1.822672
-18.325193
-42.739925
10.521416
-15.359580
10.414498
-25.268101
-30.299545
-9.048987
-6.360263
-14.268365
-20.403944
33.602222
13.396865
-15.798169
-9.998149
-31.481951
29.822081
29.483702
-36.171944
3.896119
-0.809660
6.203260
6.065446
-9.269477
-16.439898
-11.509118
24.482265
-0.854206
-2.574189
-13.930223
2.875749
-27.471834
-25.866871
-20.699652
-33.778866
-20.758793
32.141647
-21.933079
-9.556163
-1.126243
34.374920
-5.888363
-31.035240
43.714241
41.150101
21.000740
-15.259472
-17.326000
9.620294
-23.643253
-15.282270
17.068016
-8.602673
38.929741
37.732243
18.583040
7.366566
27.014727
28.835543
5.999464
-31.778276
35.663052
22.434580
16.747730
-15.527950
19.154480
-16.541296
8.660830
15.053951
9.507157
24.375059
-1.706571
-20.630003
36.721470
-21.566963
9.629314
22.203596
-26.375532
20.879431
32.848755
-43.501503
-8.653948
-37.955040
-1.556161
-23.522314
-11.431780
25.659172
-5.838223
31.788939
-10.500311
-18.207474
26.445992
-38.973110
0.216995
10.149476
-15.376709
28.167950
-12.101194
35.410873
35.300896
-5.402653
17.014814
24.327267
-23.871418
-1.964689
-19.421631
2.377288
-29.135986
26.178780
20.499058
-8.067674
19.087214
-18.079369
9.851119
-27.887163
-8.685675
24.781969
30.151699
-7.877987
5.499600
26.865204
-11.548446
-33.127960
-23.046944
-21.085037
21.541569
22.190554
42.957027
14.800268
-24.139700
7.490950
0.706888
19.836506
-20.549879
-21.326347
-8.013070
-37.105999
18.351284
19.441278
-21.785200
-51.695877
-51.130142
18.823315
-20.354935
-55.277546
-53.684189
-14.349431
15.164697
-38.789070
17.613972
-10.211527
-22.315943
24.749395
-25.626352
45.663845
-15.484060
27.153364
-9.889162
17.315277
-6.419138
29.378298
-13.288764
32.479084
-13.501823
-18.246147
21.451220
-21.704062
24.999878
13.954739
58.212753
14.625722
26.509832
10.140751
3.701981
-18.804031
-28.740097
-7.104613
-13.751104
-7.306156
-47.624794
-18.790018
28.736124
12.661620
-22.845324
25.459894
-6.769222
-12.845415
-51.840630
6.392247
-13.301641
-42.816059
-19.450855
-12.089523
-47.880112
0.471785
-22.876240
-5.661463
0.083705
-4.998120
-21.846319
-33.728249
-33.385075
4.347855
-14.717215
1.579688
26.914873
-28.872490
17.871368
16.080921
-13.539857
-24.657598
-2.148693
15.821415
4.207629
30.209490
21.120836
-32.232464
42.345287
-25.506701
18.573030
-13.213270
-45.918636
44.558918
-2.601650
-54.352112
16.704168
-43.466103
-18.024693
-2.722935
-23.286207
-33.669830
-0.985317
18.132702
37.777203
-48.355930
12.499083
18.155205
-13.577600
-2.529026
7.454201
-28.465218
-0.037473
-20.638144
-5.666577
-36.093258
-32.860592
32.727879
-7.351786
-29.676792
-24.037449
-19.536587
1.132147
-0.598979
-27.443295
30.367058
2.878195
-47.823940
-32.296833
39.791698
-15.562751
-38.229122
30.603987
-29.819437
-19.127983
2.522848
17.047356
28.092676
13.382307
42.821285
-5.889897
-15.031965
33.049519
-4.710101
-33.029930
23.823000
-10.092650
35.965244
9.702523
8.954971
-0.287031
16.207939
-4.358837
6.822976
13.572768
-21.065607
-0.640936
-20.581163
29.797176
21.079430
13.151787
21.250505
-13.574138
-19.353138
23.738575
19.886604
-10.799392
3.307049
19.815004
36.236759
-0.443325
29.767197
4.808823
9.123119
-3.685156
5.438862
9.615302
19.918568
-30.727310
-14.157924
-1.543565
-16.283335
-11.128955
-22.553841
38.905056
-13.689584
-8.500898
2.853061
-4.797690
22.089853
-22.207970
-26.011288
-20.470201
-4.510470
4.143363
-23.476429
-9.660573
-1.165375
38.281246
-6.999115
4.478501
44.022408
-35.478298
-11.541158
24.383236
55.819942
55.663620
-27.004669
-15.391081
22.226545
0.499104
14.776482
0.303846
37.369404
19.225143
-3.445292
-42.810661
41.088657
11.784458
23.432957
27.646589
40.392120
-5.527898
14.797111
49.508068
23.214167
-11.523515
44.857399
38.757927
30.248741
-24.920221
-4.782514
-11.457992
-32.560604
-13.815097
-22.753094
12.470486
32.119053
-44.459892
29.947813
7.606752
6.632978
22.290230
-10.783605
-4.716146
26.369526
18.835972
-24.154154
21.034634
19.740643
39.690083
22.213568
15.029713
-3.715371
24.363888
-9.179558
-16.416145
4.977953
12.681146
-31.053461
-16.974340
29.452854
33.464905
-39.341984
-31.801102
-40.359058
21.865032
24.383947
24.946972
-8.887049
1.276004
38.351269
5.790874
18.591763
-37.347721
0.041511
-21.400143
-6.409186
-20.961111
-15.052094
-8.717752
-24.553898
17.625767
-11.044727
10.675591
-8.604976
-24.222614
26.921858
-26.645954
17.131298
-26.070698
12.495463
23.057545
-22.489445
0.261451
-37.352089
-31.896324
25.465702
-4.042815
34.360302
2.370678
-18.685356
0.835411
38.491966
4.868256
11.157642
32.587418
22.123688
8.663679
25.043165
41.603268
18.112108
21.594181
17.231798
-16.715424
2.068602
-34.991676
-23.382124
11.721441
37.240135
3.574691
17.065870
22.889050
-27.914799
-21.810236
-9.969644
-21.922155
-31.825500
-3.332862
25.680077
0.389766
-2.534139
-27.852329
-27.110212
28.200066
-5.286944
-4.743690
-19.803228
8.122670
-7.168368
-9.199926
2.833748
-24.668060
32.919788
-5.314687
-2.807899
34.629463
-1.043541
8.925645
28.250479
-6.205208
-0.099017
8.137908
-30.595455
-42.703850
22.294292
20.204407
-24.934422
16.883072
-2.192800
0.040717
4.200505
25.161592
1.720062
-24.894253
-19.270409
18.814472
13.937751
-1.167251
-9.657651
-4.314823
-31.901352
22.638906
-25.930901
18.630760
2.751668
-11.200329
22.063103
25.912312
-14.180720
13.411401
-0.202092
-3.159901
-2.982206
15.917890
-10.926879
-6.221373
42.351547
-29.295237
1.248679
10.759009
-24.785976
-12.314866
2.437232
6.443913
29.116655
55.283634
19.376324
-40.589012
26.531967
-3.629758
-26.880514
-27.860327
10.947257
16.429567
12.889877
29.957806
13.935078
38.558285
-2.426292
28.058342
7.098014
-30.667770
0.017687
-12.053018
16.045767
30.807472
-45.043060
-18.430496
49.091419
-23.332108
27.819197
-35.033142
-3.664625
-29.687078
22.478893
25.102203
33.104885
-18.554998
2.027672
17.955347
0.198496
-37.549397
26.812052
10.004642
-36.737461
11.810343
-6.499416
16.980698
-7.475859
-27.729675
9.883939
42.256058
34.610943
-9.625311
34.842903
-3.543623
20.405066
14.041112
26.114023
-28.226538
-4.108902
-21.730085
27.772659
-24.446871
-13.707865
7.652260
-22.058729
14.169245
0.139304
-35.443310
19.068092
-10.418229
40.276382
37.609478
-31.507244
0.345794
-39.189747
-14.063060
26.322983
-12.658768
-21.970793
-12.990356
-2.860988
-14.781618
13.473057
-6.051933
8.633820
2.721279
27.067368
-17.172112
0.827413
-36.661942
0.972861
-10.283286
11.915644
6.468774
32.706470
-14.519409
-16.775793
-30.869577
-11.170009
-4.787694
16.081974
4.081201
1.233969
10.755651
-17.279446
-31.647322
-37.979824
-16.965445
5.830076
-6.393620
33.611923
9.785843
29.411469
-35.488766
7.757647
25.243498
-0.561215
-46.520634
50.458004
-8.968126
-22.554201
-1.456148
19.007845
0.882972
-21.048439
2.422763
-25.835932
-37.447639
-15.262101
-29.190088
6.348486
32.769066
34.062054
-33.571526
33.018280
31.380894
-6.951330
-34.558613
11.860911
34.115547
9.109871
14.965381
-1.928229
-28.447815
-38.753418
-14.068952
-2.056486
-30.319408
-17.262302
2.026037
-34.063179
-9.194761
-36.422352
-0.567022
-1.851641
22.625332
-9.669700
-21.399485
12.303571
-60.929939
-20.169832
0.966362
-12.056771
-23.126072
-1.506539
-32.543110
-26.483927
-42.572323
-47.728268
10.919625
8.682877
19.022743
29.099743
17.340235
-7.191501
27.626680
8.816616
35.792675
25.458216
-21.154009
31.353796
-0.199956
-16.742147
32.696030
-2.990795
8.592519
-5.085894
19.376577
-20.165546
26.651129
17.610781
-26.441071
-22.064219
13.899856
-20.408525
-6.918253
0.076914
7.849900
-33.583870
39.838570
-35.493351
-37.097351
-42.690102
8.135072
10.681855
-25.878269
-12.775119
-40.345570
-35.892303
-32.245956
-37.526081
26.280067
-28.757338
-24.914133
36.649460
-25.554178
33.133598
-18.614843
-14.624814
-14.892304
0.623208
15.265512
-31.696247
-2.379761
-18.814604
3.841442
9.758859
-5.234536
-25.063023
10.007489
-21.192093
-44.680119
20.654127
-27.807796
-42.316357
21.614334
-22.454107
-7.960002
37.635880
-15.660700
-25.109632
1.705350
-31.617107
24.420977
-11.634665
-26.266113
-10.573910
-16.840914
2.021133
-22.173634
-13.485186
7.161354
42.616291
13.130168
-16.633551
29.603456
27.293919
-14.933496
-33.377213
10.656553
18.319469
3.053767
8.903408
7.792349
15.016486
-21.635372
-37.719769
-15.680912
-17.073853
-23.966768
-2.952935
33.606037
-57.108356
-20.351688
0.562270
21.718559
6.204473
-2.593088
-26.693111
-2.278203
-21.012112
-15.777288
-8.964839
30.513836
-22.047888
-25.484653
25.319408
1.777143
-28.722439
-9.885407
38.066135
-4.351236
20.292725
-8.381516
-29.810003
39.802124
11.308691
31.129055
14.640821
31.567026
2.368636
3.460645
32.006912
14.931631
21.359722
-20.011005
36.861809
2.466717
8.504004
-6.058392
-1.768496
23.141747
30.939081
-26.170025
0.594058
-22.731998
10.473533
-20.896622
-29.316940
-15.781288
-30.061394
34.661545
10.011160
15.739664
-28.466473
37.878399
-24.379799
-27.592560
-18.041492
-5.134951
-23.590698
-5.442114
0.511689
-1.332600
18.666389
36.261978
-14.851697
19.396416
15.721281
-8.902476
-14.139203
-6.538429
-11.871919
33.044937
23.592012
16.976913
-20.228298
29.837166
10.760705
34.082485
-17.594030
-21.022354
7.912931
-20.731031
-0.633963
7.085541
15.707002
-5.167967
-23.602993
-20.888680
-1.427949
-7.046398
-31.101536
-8.565089
7.006252
-7.302237
13.612275
-1.947500
16.522339
-17.650908
-20.307339
-17.521236
36.838421
13.230479
-45.661724
-5.715108
-14.063771
-22.437765
-31.108822
-33.027611
24.238329
-7.353368
37.690762
16.686569
-2.862784
-17.811329
-26.728905
1.132048
-15.963931
-17.570381
33.331280
-9.161346
-44.374500
-0.441621
36.278885
29.178207
-4.462455
-20.298006
4.088068
-4.795974
11.509622
16.736364
27.517397
-23.567810
-27.425177
-18.667891
-11.312609
-17.676525
7.636253
21.999849
-36.324642
13.258525
-10.185797
13.090775
23.053583
41.142895
-17.864389
5.037207
0.794195
-25.381041
-1.613017
-13.404134
-23.061724
2.872904
-35.068317
30.535990
18.246929
10.105575
25.622995
17.374170
0.098337
15.930233
-24.953577
23.372089
2.859683
30.512148
-20.616697
10.156457
-7.658395
-6.289355
-16.495647
28.316940
-25.246115
-34.152176
31.757374
-5.012925
28.914062
16.595705
21.372438
41.209263
3.217527
14.107904
-23.173939
-0.846906
-14.118833
39.643848
29.431589
29.910124
-16.522507
-26.598597
31.912687
22.936146
-15.376949
9.348067
-35.480331
-28.708359
24.671915
34.654999
-29.831133
-31.402502
-21.931807
-23.933584
1.551852
-2.488338
12.390448
-7.548075
-33.763828
-8.572270
-1.522588
-22.684689
30.013233
13.649261
9.523704
-7.046782
-7.626410
31.824120
-7.669219
35.833874
16.030046
53.122169
-1.225941
35.959236
16.022720
11.385668
-4.913126
-13.207173
47.308018
-11.333532
-0.654578
-20.980988
-20.670359
-41.015385
-16.787739
-35.148483
24.677320
17.340353
-30.554127
-18.151087
7.110800
-29.203650
44.580093
24.582348
-28.516119
-6.668880
20.047525
0.054994
-8.851518
33.165726
-25.125557
-2.353952
30.018595
42.823601
42.278187
-3.431502
23.115782
-20.467859
-32.779026
-26.216139
44.373184
-41.347435
33.499508
19.827806
-33.986881
-10.662648
7.301351
-11.226722
-25.818836
35.718681
-21.713598
-22.918678
-40.286121
-32.514549
-26.601961
-1.562248
17.443920
55.004372
-17.944908
14.885429
-17.380569
18.531910
26.399378
-3.595568
9.792983
-19.651937
33.724545
7.032317
-8.637477
5.216571
24.118742
-19.486979
4.411143
5.060582
-32.466091
8.407270
16.798643
-6.399746
-16.345993
34.062164
31.955217
-3.855390
15.408308
-30.842335
28.157469
19.681395
45.620327
21.522688
30.934597
-9.937368
-4.519736
20.747278
-7.919015
20.845356
23.064371
-5.258105
35.037766
23.612625
36.067417
-1.740578
19.006266
-20.662294
-16.189806
40.942909
13.381712
16.204292
-13.656284
49.409897
15.118064
-18.818247
-13.088773
-4.342448
29.137400
19.422617
16.828819
0.726303
13.211894
5.864078
36.953388
-9.936684
-2.693267
-15.019579
13.633020
-20.100901
32.108494
8.635840
-3.322577
38.236252
-6.676035
27.478498
-8.445065
-6.168818
32.995033
-10.146532
-39.984665
15.538973
22.543730
-7.918057
5.913436
-8.529607
-1.157616
22.457748
9.148005
14.547581
-14.265535
-10.162366
0.561774
-28.183874
-39.109215
2.687209
-35.152481
28.657389
30.530790
10.885257
-35.867622
-9.309896
-15.489446
-14.586936
-9.610845
21.915846
-2.675225
-24.198532
17.512171
-16.498468
-5.153214
17.965012
-19.887091
30.468365
-25.297321
27.980433
17.150623
0.557137
21.224546
-18.586494
11.362871
-33.890182
-19.055767
-19.828346
6.727956
-17.646336
22.092627
-23.446692
34.826336
-1.843381
7.980069
33.356243
-2.172390
0.465863
17.542477
22.951899
-3.845631
-13.081268
28.524567
-17.188408
-36.101021
-8.047570
-2.349695
23.217424
30.898630
-1.967714
30.321918
-21.825441
-2.986923
45.184002
16.143053
23.687263
-23.410242
7.830368
17.535915
-3.726965
-4.483932
11.319816
6.992390
-19.704983
-8.785361
31.036711
-2.678481
-30.145454
7.161668
25.839050
20.595919
16.769510
-0.991327
9.571440
11.527092
-25.256866
9.357170
15.939501
-0.399130
9.859053
10.867350
23.303402
-2.149657
-12.619630
0.263580
33.462276
-28.285423
14.428844
4.847138
29.323866
22.561140
38.411160
19.160585
-5.105813
-17.437975
28.620041
-10.275668
2.225079
3.160438
12.133282
21.887611
17.808371
27.688637
-13.789717
-27.757931
-10.630158
14.377474
13.382909
-30.363823
-7.033335
-27.402208
27.174294
-31.274080
-1.327907
-14.642745
-12.702398
-0.048438
17.303980
-16.285149
6.278299
-42.646168
11.160763
15.207523
-20.882822
0.448014
-34.693985
33.845440
-17.956795
-30.995474
11.912496
15.195550
-18.708860
23.354767
-38.759514
29.758543
21.533346
-25.219969
-3.040725
-9.180176
-28.431448
11.007863
1.742676
33.761608
12.478423
-35.494598
-12.972399
-20.710962
4.410426
-38.311913
-2.816986
-30.046242
26.170900
6.164844
39.111855
22.615755
10.526812
4.647512
9.702422
38.702129
-5.315382
31.667662
-20.519165
3.894186
-37.853680
-17.933958
11.002334
18.239101
10.661402
37.796654
15.578070
9.954935
5.162763
-25.396490
2.997683
-7.352003
0.894885
26.485161
-37.486042
-7.236036
-13.512772
22.384787
19.719707
-27.517134
30.467957
19.228245
-0.048961
-4.947924
20.726543
28.445654
1.342343
12.470908
-1.847990
8.744575
15.980721
1.560705
-31.638594
22.696318
-16.221905
19.935513
-17.369654
-14.415562
-12.848117
16.216631
-14.508118
-10.993504
20.240908
-6.081656
-31.728533
3.621664
-1.935532
22.741838
-23.409374
-9.406510
37.345097
13.121467
26.739601
28.108288
-16.512840
-18.298576
13.039539
25.819586
-4.295205
4.311594
-29.458851
-13.512888
12.074066
-29.752665
39.322437
-20.240208
-0.284654
21.587549
-15.065603
-21.497486
-31.043144
-6.148406
22.585379
37.269211
26.005756
10.307470
15.739264
-4.601588
-24.223003
-20.176874
-32.985161
4.568129
33.228706
22.014339
-8.690255
30.518175
30.705244
-7.948310
27.168095
-16.394402
-11.395658
-1.227317
-37.896435
22.413713
-20.893930
5.460773
-45.271954
1.336593
42.395798
13.457299
6.388901
44.707535
-24.102039
-35.486015
7.158690
9.616838
-13.370104
30.394997
-32.098354
-9.761328
-49.629082
-7.715051
19.661331
-19.805504
-9.104345
9.666915
9.903979
-21.121130
22.432926
-28.137497
13.038253
-47.191101
3.796997
-23.516354
31.227478
13.095149
22.142162
-54.278996
-2.457205
1.314298
3.413001
-25.732973
-7.360264
28.062206
14.520070
0.073046
24.582310
-5.649488
14.881387
-16.232014
29.227955
-8.429049
20.951956
-21.877155
-3.030930
-6.289583
-9.631026
-20.298647
-19.477455
-39.079918
-9.993531
19.667391
-15.080036
-4.475029
-2.146337
-35.949974
-24.912394
-25.615866
-26.441179
22.413786
17.699940
-20.815374
4.568109
-13.129883
-28.010157
16.244493
-16.657183
-14.800940
5.782203
-11.406738
20.569954
18.432856
-4.533873
-3.353473
-4.007665
-43.635231
7.441731
-1.869844
-40.172997
-5.251388
20.326952
-3.130744
-30.077869
-55.466774
19.308813
-16.747797
23.607231
-16.425180
0.827476
-10.463863
-42.829868
2.237039
-0.108645
9.036078
6.839312
-36.697456
32.974808
-18.790703
39.524601
-15.888050
1.860573
-10.881566
10.877117
7.803133
20.281214
38.694328
-5.934560
6.711201
-20.604136
16.403145
23.029381
12.525214
-39.420406
20.888126
26.384338
-12.472352
9.366364
37.454166
10.974206
-23.519999
3.838681
-4.779591
13.928696
-17.398476
28.895903
13.856517
-6.496768
31.400087
19.051569
-39.687767
0.417147
-6.124108
20.053926
-31.409786
21.795197
-22.221230
-29.757597
-38.129951
-39.600082
-16.701841
-25.904781
-20.037546
-1.990713
-19.539371
-23.435503
9.206920
9.596567
-13.025042
0.292314
-54.481884
-7.075524
7.359612
11.651845
14.620872
8.244119
-28.543283
-10.312675
-41.798508
-22.614817
38.366127
-37.319359
-14.851817
-41.994377
24.089020
-2.701644
26.422995
-5.186475
-21.100883
-11.632578
-12.152115
-22.713892
-12.769081
-40.342690
2.831221
14.883583
-1.764667
14.711381
11.394908
19.864439
-8.658236
-16.156048
14.438231
-18.057713
-2.478529
26.068323
-19.532110
8.829868
7.670801
-18.172432
15.852802
-36.522102
10.107413
29.432802
-14.267834
-10.495615
27.136496
27.417049
24.840958
29.011044
15.204963
-7.811629
-23.650787
-12.976537
-24.733662
-17.505573
23.248215
-27.829428
-42.690388
-1.315261
17.695988
-5.953326
-12.323135
23.135887
-18.735245
-16.763605
-10.450861
0.392417
23.284214
-37.012424
-12.886443
9.407882
-27.010647
29.410521
18.456306
-30.094166
-12.124703
7.602582
-0.207628
-27.166689
13.487310
-15.679108
-18.907228
-0.539657
-1.588234
-8.078459
25.814699
1.283631
-9.987185
-24.517891
-31.501602
-26.735924
-15.092219
-27.283365
-25.754738
25.595308
-24.271774
2.609769
7.930910
23.145605
-8.676282
-22.143400
-14.666914
-3.373009
10.011874
-2.489267
7.846763
46.822208
-22.089901
-0.622875
-38.138279
33.976139
-19.682692
44.083302
24.912296
45.537666
-23.546665
-2.136962
24.561335
15.709385
24.854265
-26.550489
5.469571
21.901323
-1.337145
16.838877
21.764500
24.663092
-33.653660
-25.376415
18.176661
-2.913750
7.259726
38.657131
-6.757972
44.094101
-17.814157
4.893207
30.900337
28.397791
-41.507812
5.449214
14.001669
17.696150
25.683380
-10.488463
-25.189608
-16.368414
-10.501800
27.107309
-27.579424
9.100506
3.563840
23.276814
-20.066500
-26.204258
-29.722937
1.851668
-26.959345
-24.445490
2.766967
15.412941
-18.697226
-13.351522
-8.929606
33.586788
-14.995951
53.274609
36.014267
31.557814
-12.764052
-13.975947
40.491745
-23.309563
-5.826449
12.394434
11.749082
-9.577354
22.727545
1.596352
-23.995481
17.877838
43.853386
23.466303
-14.087713
34.007759
-10.392305
23.637777
-17.855749
4.934934
5.272500
11.422010
-11.699854
-15.289181
16.166031
20.380241
16.521156
13.308137
14.437417
-8.794691
-29.145340
17.411123
25.599680
18.990734
-13.528721
-24.826948
24.301037
33.586987
-18.286316
-9.549188
30.232054
-17.056501
-10.466273
-28.850126
26.840546
17.661396
44.040936
-29.815353
-20.707624
8.358212
13.472398
-39.498528
41.797237
-9.502954
22.638126
17.432444
-10.986357
-12.055036
23.921223
-25.756557
36.392433
38.092793
14.681967
-29.809338
26.070795
-17.222408
-26.056252
-34.996925
24.121199
13.692027
31.768383
-24.689648
31.659182
-26.466200
25.886625
12.489594
16.149839
-18.585222
-30.696533
-13.960425
-31.179642
-40.010624
10.302032
-4.839349
41.899086
41.314159
-39.865311
-10.181765
-14.877904
-4.029427
-21.756693
21.920681
17.642609
41.906574
3.558359
-14.402457
-9.346942
18.735039
14.491787
-9.742673
-22.946362
-13.851363
-9.749730
23.902077
35.658123
3.554602
11.358027
-2.985835
32.895664
-6.456565
24.790413
21.933170
5.926198
11.134669
-30.949883
16.523771
-30.933338
-26.506302
-28.266983
-24.432098
47.061462
-32.452053
8.833356
-33.134991
22.510071
22.871290
32.323868
26.191494
23.518017
11.213928
7.320339
44.467518
-8.091654
7.444110
37.149296
-2.335571
-38.636265
18.280281
-17.164215
-29.246820
35.225685
-25.900543
-21.375542
5.704044
-23.913876
6.724081
33.631161
16.448336
24.527746
25.796606
-26.010475
25.667837
-14.264122
9.460086
32.882931
3.588325
-43.424030
0.409094
-10.804391
-7.887663
17.024565
34.471046
-25.298670
-21.989195
19.463423
-0.939612
1.856449
-18.241875
-35.410870
12.176634
-42.330486
-2.132681
-3.627218
-29.086945
-2.598061
-19.955767
35.942764
-9.826920
-3.155025
27.600842
39.057384
-11.467187
-19.841187
-19.540916
0.012102
7.651678
-10.348506
-12.323487
4.560870
12.512567
4.441992
12.396538
49.689999
-27.239388
-16.308809
6.062889
-44.410904
43.575714
22.281454
23.640337
-19.362455
-8.585943
30.027306
16.240566
11.020984
-23.776003
-1.034334
11.592192
46.941257
8.796346
15.899881
-1.262142
-23.356050
-0.736185
24.202236
31.205431
-37.052917
10.693311
-31.218470
23.539431
15.886388
-10.062513
13.420226
-11.154308
13.336349
4.592743
-16.932018
27.338274
-36.058308
40.314980
-4.798761
22.937056
29.727854
32.256836
9.421534
-10.353696
-25.291862
-7.774456
-3.188799
-26.828821
50.916759
-3.251481
15.534814
-7.609380
-5.174322
2.397961
0.964855
-3.457382
-21.861191
34.826759
-38.897762
-3.416492
-36.662308
50.105133
4.762266
21.483442
-38.568588
-1.230996
31.296410
4.776487
8.968698
36.131912
-7.517877
-2.422320
-0.590404
5.096889
24.757587
9.892633
-35.637661
-9.143294
20.599966
-42.699539
-4.923783
-12.362623
13.573705
-11.280694
13.285296
12.192005
13.051689
3.185205
-14.367008
29.710047
-16.402433
9.914501
50.407768
-7.498568
25.492445
9.561697
8.498508
-2.524012
-34.938244
-14.673879
-2.055684
-21.759827
-26.179440
-13.329076
19.301064
-36.804028
3.780765
-40.521194
-4.333969
-0.172476
-7.852119
-42.439049
30.524982
4.990024
39.746326
-4.990098
-22.768032
26.517435
44.117889
34.787338
26.752678
-24.424093
48.764267
1.012821
-0.823826
-16.464054
16.233019
-22.339180
-55.437046
30.016823
-19.854744
13.151726
22.819324
-8.962845
27.121235
0.827190
4.272175
11.998069
10.005085
4.778076
19.871071
-12.136987
-19.185127
-42.268787
-33.319939
19.599710
-8.461193
-50.072933
-4.488080
35.425552
-23.550663
-28.055941
-22.638609
10.836500
11.633441
21.856798
18.840826
20.297222
12.873539
-16.257902
1.720625
22.435743
-5.826319
-19.046968
-3.485680
-21.911449
36.268776
22.316683
33.197453
-31.914494
40.618519
-36.463364
17.901291
-25.834185
-28.650728
-15.241613
-20.588659
-0.979669
7.143811
1.590402
-0.990104
-19.981953
32.714180
19.868822
-12.245961
24.825098
38.644550
9.656221
14.506369
-16.885475
0.360873
-29.040092
2.648955
-17.837852
30.073969
-24.303841
4.550051
29.731943
-2.056872
-1.031438
0.770853
0.512859
-8.485801
1.656152
-8.576410
3.726825
-26.522717
0.916994
-3.374052
31.632736
21.995676
-24.429319
-7.752675
11.101603
-2.394933
-11.057234
0.563573
-10.296408
-10.995317
-20.535795
17.239553
21.348293
-21.248589
25.407736
6.910295
38.131310
-31.283670
17.392920
-9.161303
38.696178
27.405867
-2.281149
13.207873
23.436138
-12.659464
-17.422798
39.861809
-8.233902
-9.768312
9.501270
-17.588150
25.652464
-23.021454
9.147537
35.629688
-7.261837
-26.120293
26.065668
17.640837
-5.623304
15.756788
31.530815
8.271151
21.042740
-14.361145
-9.004136
-2.006155
26.875637
23.805159
-20.667889
0.772528
39.962353
-26.257231
25.103188
-17.740196
29.676281
2.200037
33.385963
-6.581747
38.648293
1.292434
-16.738596
24.371403
29.310257
32.165951
15.851846
16.639246
0.700937
29.699776
13.646414
0.984801
-7.889563
26.271414
20.075609
-14.988426
-26.989540
32.088375
12.887962
-0.553229
29.152962
-36.507145
13.716331
-9.779223
-4.034792
34.146221
-22.704712
31.716135
24.567160
3.516099
9.320615
21.413662
9.979030
-9.058922
-6.327983
-16.648806
27.472742
36.487244
14.148634
10.560822
10.569604
19.398726
-25.854153
5.370306
-11.585364
14.055421
27.851242
-14.664409
-11.387295
12.481563
-8.740473
-0.315003
33.651722
-23.462818
-24.688589
-12.425172
9.399493
24.748907
-1.659196
23.751421
-10.892787
22.546864
-8.415868
52.642525
-4.011473
9.644396
-3.625508
27.925236
27.394773
-1.751618
4.592593
-2.807860
9.604861
1.509735
37.193794
28.461845
14.339128
-0.092931
-30.589094
-16.024103
-24.886003
10.949311
-17.433048
19.765728
20.657715
-0.221609
18.737387
4.181998
3.226451
28.801678
10.829647
1.067833
-8.053330
18.360006
-6.475603
2.658853
-19.640930
-2.141897
11.676987
-11.105870
35.436241
4.038586
-3.239944
12.633003
19.842060
30.343903
3.358599
27.706717
11.482695
25.090214
33.028351
25.337248
-13.002366
-22.810377
3.714057
-20.238861
50.214977
-14.214912
18.543217
-15.655734
12.820769
-4.457880
43.732708
4.340917
37.791836
9.229551
6.353741
27.391108
-16.387430
47.133938
9.357304
9.162191
-17.208467
9.008064
-15.202093
44.913250
49.775406
25.072037
22.496786
-1.827415
31.101370
-28.798101
62.707809
40.072041
51.217377
-11.125248
-35.208023
-23.102322
30.575598
-35.494934
14.245635
-26.199099
4.504127
-10.180216
34.137081
-5.676658
-0.832696
-28.172920
16.160646
-12.074648
2.587171
-17.236784
-20.916086
21.136789
19.225235
-13.709424
16.224915
-30.643419
-1.452405
18.058367
-36.526363
-24.216135
27.765282
-26.589649
22.825836
31.590387
45.647202
33.185879
-1.297374
20.234749
15.503825
8.379383
11.027740
-14.742586
45.330246
17.864790
30.471975
14.437364
17.010546
2.629918
39.633862
4.247483
4.214418
12.660617
-30.992542
38.339088
-5.867965
17.799835
13.193307
-13.367342
11.447629
-26.674511
31.855137
-27.082836
-33.967548
34.891872
19.072945
-25.333311
-21.252079
4.976276
26.478912
32.244553
14.789130
39.936924
32.754059
19.242708
26.831511
-4.899674
-12.172055
23.896852
2.480411
0.105419
29.209635
-34.797352
31.637609
11.152517
15.646159
-10.206355
-8.235524
21.373148
15.153552
35.547516
6.945470
-25.083759
-17.888371
-2.460660
-12.596113
-11.990819
-27.073183
-30.634367
16.077599
6.549540
1.042889
45.601303
-11.317537
15.897614
21.079346
-0.152347
25.182951
45.216362
14.122530
21.108521
-19.085924
18.110439
23.755423
-13.316360
26.526779
51.658009
-13.159892
46.327484
15.833407
-22.236046
18.567163
-19.112373
-18.697887
57.887554
27.537544
12.588408
-32.588600
-31.820059
44.499023
22.792305
-29.509823
19.059088
14.718487
-26.336802
1.418445
-18.659153
2.758499
12.463405
5.186413
28.629433
10.107325
-1.071354
13.422179
-39.127911
-14.119075
-21.592892
44.948803
-16.998085
-30.694645
2.667877
-6.018744
27.355089
17.041555
-12.025195
-8.988528
-36.227375
10.386127
9.094563
-6.816526
13.832170
15.496151
-15.755989
52.675159
18.536333
-1.311264
-15.994614
-31.376032
-14.194165
11.669027
20.946486
5.413588
-7.288741
23.210487
12.600502
28.241753
33.476162
-3.968115
23.476650
-26.856909
8.049655
-5.724813
-18.823608
10.865162
8.026694
-11.604221
25.530849
2.431103
-33.732975
-5.609669
-14.643624
27.540905
17.736401
8.976074
46.035042
-13.429521
-4.119227
3.371032
19.382103
19.350508
14.875056
4.129689
-40.028519
18.063204
-1.974606
14.994384
-35.092545
-1.402562
4.854892
-5.725927
9.015457
12.639293
6.031834
6.101501
-24.654919
-28.138271
1.411180
-1.473495
-1.569441
4.826114
13.861104
8.630615
37.775585
11.077580
3.838003
29.726519
-1.888256
-40.069237
27.132799
12.992167
-34.417160
-26.634068
-21.409750
10.583170
11.883599
20.120220
-15.031009
-9.091030
-22.605370
27.145178
-24.325630
-41.755852
30.989985
-8.849906
28.279352
-24.813009
13.029033
-2.960674
-2.512068
-35.396503
1.576053
6.396784
-45.227325
-7.421580
31.563736
-4.838447
-25.535942
43.213371
-41.624153
-2.600431
-7.521660
-22.559542
28.642246
21.426037
1.325923
-26.233250
14.048556
-42.660324
23.858335
-33.913124
-6.626695
6.033767
9.560964
-13.549909
2.807888
5.571742
-1.299140
7.955885
-4.680326
28.138676
1.999980
15.730169
-30.987553
-37.672470
-11.414626
3.030222
-34.535198
-0.524831
33.968853
-33.685024
-7.710290
21.707438
26.110336
-9.127781
-5.852794
21.050163
32.573456
30.961498
7.476321
-25.729771
-24.996464
6.889951
-8.135102
-2.740779
11.462300
39.728710
8.192696
-5.083875
4.413491
16.213707
-28.459654
29.781740
-42.512676
-47.307400
1.064529
-16.677942
-25.832853
-25.953936
13.865233
-31.075247
-17.473515
15.695623
-2.121145
-18.153519
-24.353621
-44.282944
13.872682
29.221334
-5.916778
25.443462
22.251396
-14.336485
-2.249442
-2.983482
4.365680
-32.119122
9.756631
-11.593332
-14.249486
-24.869940
2.625752
29.868977
16.175610
-51.907852
-13.615650
-0.115844
11.206219
-19.785589
-33.084148
-26.667391
-23.943834
-6.912308
30.425486
-5.757344
35.754105
37.658901
31.973631
-21.815741
30.000025
-3.327843
-10.378050
-35.153755
35.309727
-6.023874
-17.625593
3.533566
-23.956783
-26.295982
-0.397616
-15.715397
-6.328076
0.189960
-6.140422
9.333178
-33.884609
-13.710344
5.770754
-11.944477
0.108793
-20.065063
1.354753
3.129762
-10.640450
-2.819473
-23.838793
-23.894299
-21.723404
2.845747
20.643215
7.513485
4.394269
-28.177509
24.322655
-13.397839
-26.330591
-17.656300
-8.765254
-27.986265
1.764583
-9.746073
-37.074394
19.672857
15.316714
2.356819
5.488316
-7.770071
-28.020830
-0.204770
19.172672
-27.780140
-29.465252
-22.497643
-0.609806
-5.836579
8.282928
-9.067897
22.216078
-16.471729
0.169651
-12.632010
10.984901
33.873913
32.319817
-14.629316
-18.076130
25.759949
-37.345245
0.663231
-10.950864
9.914551
-32.389709
-2.599874
28.260143
12.003602
34.581024
17.198730
-10.480638
-7.569699
25.479038
15.882941
-23.177700
0.980326
37.106274
25.070568
-19.673666
-18.165951
14.182571
0.758683
18.524866
-21.806993
14.563516
18.759071
0.552028
-11.171270
-11.071995
-11.636002
31.456270
29.173672
-32.791210
6.859035
-20.390141
-27.278028
33.942406
38.022583
11.159920
-11.477751
24.192471
34.775230
3.465976
-5.528116
-1.843231
34.037277
-45.433907
12.291843
-1.900835
17.563324
-39.250961
-12.746518
27.616903
14.282387
14.458944
-9.442027
-14.235258
19.718105
-37.052715
-24.101540
22.105911
17.458357
16.055555
-23.280819
8.601359
1.495789
-6.525783
12.067101
-19.319601
-13.061387
44.618916
-3.075615
-12.490299
-20.784708
33.446697
-18.330761
23.722162
43.880421
22.876070
-15.672475
-0.468239
24.214659
-6.468573
29.585316
-27.855392
8.777604
-10.746078
0.825933
22.071987
40.445751
7.669594
6.367554
-15.344765
-31.053041
24.975349
-5.918322
7.639631
-40.914555
41.595257
28.912062
-23.212261
2.614194
-32.507439
18.508373
-12.868640
29.916294
13.159849
-42.541325
14.092792
11.626889
10.174785
-26.278337
-4.340076
33.995132
16.272890
-22.957264
8.576638
37.026352
5.603201
-33.734283
16.276968
0.039213
-18.429441
33.292057
0.384773
-34.288357
-0.365485
-25.798122
23.749884
21.201851
-11.204649
25.966383
2.053794
42.005337
35.444656
0.671998
-3.702775
-17.511301
10.476899
-31.413033
27.839285
-5.425888
-0.745242
30.479021
21.655451
-4.822012
-24.864910
-24.385820
8.280405
4.926047
-2.239730
9.867181
-16.067085
-23.150261
-21.089371
18.538771
20.869133
-33.872475
37.719795
37.270416
-1.980660
32.759525
-5.402722
-1.129071
-4.082589
9.963138
28.762579
-0.011588
-27.937674
-15.839615
-10.736869
-29.118658
4.063295
-7.730514
25.351662
-4.705390
39.146214
-4.580166
27.743294
40.399685
21.460636
-10.167778
-41.168568
9.556192
0.289399
-28.335909
-5.745039
33.605053
-8.685772
-38.636646
49.737125
-6.468208
1.071750
-5.373218
31.375227
40.577518
-21.761017
21.765711
-4.044846
3.938976
-42.788696
-16.516161
-16.003113
-0.639755
-7.354822
22.291134
29.915855
30.406145
-33.907970
17.055328
17.365097
-21.346462
-17.841990
6.016498
-22.612541
-20.458334
-10.020984
-3.657988
27.692694
30.678947
2.973238
-31.646996
-2.668844
-4.412139
-25.458597
7.570687
20.721331
-15.070152
6.940901
44.928398
26.469044
-0.882579
30.903526
15.684826
26.940828
24.934893
5.902354
-15.204720
-0.518607
-13.527025
-8.852458
-9.852303
10.661843
-34.528996
-28.059650
24.372629
-34.401855
-6.400535
-54.197762
-25.716162
-35.678219
2.467044
-35.997719
11.151733
19.392698
37.205963
-23.529625
9.781178
-2.390117
-4.122808
44.268555
5.558414
-22.329460
9.389316
-0.856878
-1.176043
-14.884847
5.642570
25.261236
-28.989740
54.131210
-12.332633
14.213573
19.973011
40.647255
3.228912
20.770950
11.986593
20.058254
-7.497169
-2.787942
21.174015
26.862865
-6.147590
-5.019884
-11.876893
-3.618575
-15.914279
-3.006266
-33.701679
13.610259
29.299936
-0.437049
34.089859
-7.162083
-15.571789
-19.337257
32.747021
-26.545033
11.795434
-0.499485
-10.193721
26.852236
12.242249
4.216571
30.389654
18.541269
21.921410
-30.721737
-28.742668
-3.178886
-9.893799
11.021002
-4.412019
-35.789471
10.186097
12.562613
9.506519
36.181683
24.185116
13.919434
-2.445130
13.376578
12.427253
12.494148
-27.664785
37.588753
35.405594
-21.481098
-1.326706
-5.296691
-27.634329
15.925546
19.230637
-15.176461
-4.096768
17.975037
-15.437059
-4.726415
-8.561585
10.534084
27.137152
-26.767740
16.395494
31.989111
-29.382273
6.222277
-27.281481
-32.009964
16.901367
23.852358
-40.264118
-23.151739
10.459281
-3.601911
-33.696827
-25.144444
13.203443
29.580318
26.332418
-21.007881
-16.796295
4.354048
18.646111
-19.392220
12.837599
17.545683
13.004453
-25.696018
34.095074
-20.509720
6.414062
2.588984
-1.654974
27.200867
-2.148009
21.749842
3.468371
-32.700920
-37.387833
12.077488
-10.171736
-9.272352
7.402111
-1.290535
-24.810385
-12.075439
-10.163237
1.393051
18.704632
-17.107162
-20.941933
-40.762428
3.687503
30.894814
-0.350167
-33.523777
15.419255
-35.607868
18.731209
15.756649
-11.293249
-17.680281
-24.180706
9.030491
36.389519
20.727688
-8.592755
32.343777
27.856846
-14.955903
-21.993265
-0.299286
-20.061836
16.229881
-28.563698
26.176369
-10.769506
-24.259274
24.860167
-6.629226
-25.372122
28.118689
-3.498715
-8.213423
-30.565599
23.690491
-15.395908
-26.873756
-13.028355
-4.080784
9.705851
-27.702410
27.540123
-16.413700
33.169342
-5.985394
-20.608675
-1.249231
2.297995
-9.892138
16.899033
23.235401
49.930759
16.369911
25.876534
42.776386
-26.895224
4.136997
30.466187
-4.768297
9.732190
-5.444182
1.208879
6.246038
33.346924
-13.174548
-13.773353
23.555655
24.464573
20.464024
23.179857
27.355827
20.235342
22.635149
23.142048
23.297899
6.738699
24.080297
37.288475
-6.178611
37.723270
18.751150
33.474480
22.309261
5.539456
-16.453215
-23.129137
-2.336126
-30.434048
37.597218
9.344768
21.598986
-9.054834
0.381472
6.918509
-29.138313
2.604249
15.775019
28.422993
37.229916
-27.493753
-17.135998
-35.787670
25.601467
1.715828
17.316357
0.276494
-2.549898
13.522049
20.353708
31.214411
27.158995
-28.793188
17.939848
32.526367
-15.926193
-14.959885
-6.443605
22.345488
24.448334
22.285160
9.621786
35.538651
-32.118874
26.252327
1.799223
-1.298786
-32.231140
23.561184
-30.488983
-28.969843
-19.367643
11.926644
58.300903
-19.104267
12.030746
3.982856
8.078523
-18.446081
32.612286
22.238165
23.386490
14.543644
44.587482
15.185021
6.190869
6.976446
-16.393438
3.242491
-3.377137
-10.730300
0.937839
19.570723
13.494712
23.619995
-18.777435
7.885589
32.938736
-38.556976
32.686405
-27.586027
-8.649570
-3.434310
-8.204549
-14.228728
14.704294
-12.368719
-16.330244
22.540293
2.931147
-13.766582
12.950936
31.104362
23.045977
-19.269917
30.213909
24.588036
20.304293
-17.465967
15.422632
-0.171191
26.084543
-16.407598
9.717602
-15.796475
-6.558232
30.026421
16.618530
36.230675
-8.055386
-26.872173
1.209128
-10.465846
4.179126
-11.794777
45.648071
-31.456907
7.817743
4.676402
2.545864
-18.362272
6.059592
17.684999
46.983734
29.195095
23.209454
-29.080017
30.073711
28.243433
40.727695
11.384072
31.207548
-31.171391
-24.252277
-25.483997
-14.582041
-16.983255
10.680417
23.568165
-16.343300
29.586729
12.774901
-23.716764
5.289537
9.239775
-33.476757
10.467898
21.875925
-14.745009
37.159870
8.428654
17.099300
-23.086252
-32.273701
-13.268528
22.085375
-18.185184
-21.611441
6.508861
-4.120006
1.548119
-4.010827
1.470133
-0.623369
4.193464
-33.772491
-2.910662
-25.665504
-3.631057
-28.301632
-3.537473
-16.013529
-24.032351
20.760704
22.872530
8.644711
5.106258
-9.303961
2.113625
-13.252683
12.104805
-2.003537
17.176809
-13.777124
21.200010
22.933287
1.843395
-24.752275
-9.806080
-14.062031
22.919601
-2.612503
20.939808
24.632654
-26.824503
-20.962275
-1.779262
-4.250041
-9.877145
19.964981
-19.322788
30.595787
5.636559
9.894492
-13.098017
-32.678123
-20.257534
24.027496
-11.489085
15.396950
31.273159
25.091145
-22.422840
-21.673965
-6.897413
35.418041
25.746943
-21.577562
8.119734
35.555836
22.027981
26.323362
-22.663116
-6.575372
9.752815
-19.947424
-15.127179
-34.107433
34.591328
28.099274
8.312696
-3.259393
-19.230135
-28.236805
-10.680626
-24.600346
29.889874
12.766429
-11.306583
5.714986
8.403159
19.349024
-2.562885
2.883827
14.601471
42.058949
34.174561
-14.162455
47.731335
-8.884159
-17.619329
57.536552
-14.178105
-31.631706
-35.688492
-3.862361
-31.434126
15.283259
5.923288
12.089942
11.584246
-40.437057
-18.888136
26.459040
-13.683640
27.149227
6.823291
18.898420
-21.808321
4.480514
41.575691
24.610060
7.499642
8.016471
23.746910
-9.699196
-19.160795
-18.803436
-33.999508
4.053732
-24.175886
0.329264
18.858625
-34.695866
-17.426884
-26.459921
2.289464
-32.235703
-26.402027
-39.933956
-0.119169
-17.770296
-19.182144
-11.590090
-1.376036
12.344231
16.384624
4.749717
-19.491537
-18.937897
-30.188517
-9.410221
-21.306166
26.117260
35.364906
-3.076312
34.689369
4.966491
-41.993668
21.165075
-7.465169
15.978436
-8.012459
4.290963
17.726141
8.943166
6.786926
17.571444
14.838028
-20.498804
11.324039
46.943027
22.454685
28.679245
43.138977
2.409373
-4.858184
-0.066466
-36.904762
-20.223997
-3.513964
23.699608
19.283268
17.510050
25.129461
25.007227
0.796783
-4.600305
14.872463
-1.621773
-12.096148
30.215681
1.957626
2.150399
-19.307674
-32.520035
24.633703
35.644218
7.341037
26.618172
-25.757299
-10.015903
18.791365
-19.061560
-30.065592
-40.473824
14.089838
-20.488159
-33.893513
20.634565
20.174927
-27.354120
-9.577305
-16.798527
-0.622572
-31.107468
35.610592
-17.559731
26.391933
-18.329020
-12.445593
-31.675447
24.587273
-10.149795
5.490127
27.157124
14.208086
-4.906097
-27.369980
-34.092587
12.232629
33.094082
-31.148922
13.337608
-25.133528
-28.348181
-10.716208
13.211058
-0.113666
15.156606
-28.338665
-35.717396
-41.611237
8.236927
-22.109961
-8.532471
-19.956291
-3.233478
-44.428207
31.057955
19.334421
18.591429
4.637831
19.951508
9.129561
15.630801
18.298790
29.072168
-10.674541
3.046575
17.163712
-0.256268
19.226568
-5.368729
-30.980402
-17.778223
-9.252643
-39.481075
0.753358
-38.620605
2.724944
16.233433
-10.051001
14.694778
-32.990837
33.154942
-28.304697
20.589176
24.141459
-17.140268
19.698534
-24.946190
-23.863699
-25.607859
-21.694584
-18.641699
-25.343420
-7.747063
-13.121361
-10.430080
2.763395
-12.484039
24.350826
-9.439595
-17.054781
-36.996258
-15.991488
20.978514
-29.330757
5.026087
-24.810246
-11.545418
1.532911
13.171539
10.050091
14.914762
-34.510021
-2.240413
7.151847
-30.018631
-20.466028
-10.150346
30.718401
18.560335
-41.841469
13.200816
-4.571087
-39.467449
-12.626160
-29.438673
-24.348711
-20.630600
39.196346
-6.712005
-5.868171
-10.624870
-15.267992
40.142490
-25.085510
1.162424
-19.268734
24.615704
13.211493
-6.673200
-16.002922
0.268951
24.600273
-36.351662
-3.507571
-19.197254
-11.837250
29.238785
15.581730
18.066217
-20.799747
17.111927
-6.496275
26.582895
-26.975403
-10.180256
1.743716
5.583540
16.885691
-33.727112
-34.838585
29.517920
-12.568811
-30.064072
-8.651613
42.264053
18.470009
42.587399
8.303815
-17.210381
28.681358
8.343855
28.300817
-1.704500
-13.228557
-32.992508
-31.740479
29.265772
-10.575072
19.555325
14.192350
-10.585554
23.297052
12.463191
-5.568432
3.363345
-15.507669
-7.082927
21.937180
10.077370
-25.565514
-11.137088
-38.379902
35.687290
10.075687
22.263630
8.054461
-35.319164
2.611483
-6.452756
9.902866
-8.303236
-8.396485
-5.446797
34.124916
0.973643
25.654251
20.735161
-15.356719
2.587387
37.263882
44.387291
-22.049501
-5.091949
34.046978
-25.270515
5.211901
10.249530
-22.716434
-21.009974
15.199439
-2.098825
-15.380815
10.338853
38.513844
-23.818203
41.932468
9.430761
-19.598015
24.473751
23.175663
-29.401628
-19.770733
-32.400024
-19.816669
-2.517681
-27.442978
29.525421
22.229721
7.369349
-6.789046
10.372908
33.894596
29.169842
8.614472
32.616245
4.195375
24.437046
27.067383
-10.703412
-2.569279
50.155666
-10.010682
4.713162
16.202194
-37.559669
-2.684166
24.029516
-4.732717
10.687070
-17.430254
-28.430828
-21.143688
1.857085
2.362449
-27.935078
-13.946876
13.304847
-39.318443
-32.394089
21.964468
-16.204155
-17.846552
3.327893
37.277210
-3.197650
-29.043037
-1.827734
32.514969
-36.317173
-26.392155
-22.234444
21.039467
-21.722828
-9.457740
15.317280
-4.395549
-9.286953
-50.600697
12.299726
31.954632
3.227565
11.859071
1.298303
-5.950588
-1.216381
-2.577367
-15.687076
9.358972
30.854298
-4.487216
46.230427
21.012161
-25.304827
16.783983
-23.301733
-22.772694
38.661091
-2.722862
-0.583183
-26.471756
9.041675
-20.791655
-8.550103
-31.766560
25.256729
-17.764496
20.832071
22.671089
4.107045
-23.882151
10.245604
11.868246
19.910740
4.898319
9.090819
-21.410254
-32.095982
28.834938
26.314327
19.948719
-31.893604
-12.323298
25.583549
20.932802
4.224659
-21.177427
11.668481
34.157932
37.904762
14.076474
26.571066
-4.660048
-1.099618
-10.851735
-6.369012
2.513941
29.205523
16.467560
5.071244
-30.974401
17.779728
-6.299578
-2.912069
-22.999554
29.748898
-10.484677
2.111320
1.610432
-30.294983
-7.083838
-7.037460
37.777275
-30.962772
-32.994408
19.933140
-11.699027
4.277912
-13.680211
-4.837429
-9.833892
18.712862
44.028172
26.133816
-0.258240
-28.148764
16.617218
10.355836
-13.624500
-5.530325
-2.460341
11.948720
3.623532
-4.998318
-42.834373
11.129835
-26.450645
-21.041653
-36.297024
-29.638315
-4.914195
-2.314455
30.173391
-15.202842
33.025616
-7.114129
-26.758484
-2.481335
-16.383595
-35.315769
-12.736686
-2.296710
8.033797
-10.823479
-32.092278
-11.808434
-17.762228
13.086940
33.277813
10.061718
-13.685094
16.612864
25.731197
-30.303270
26.532047
-20.538029
-26.522865
-31.481775
-24.292521
-6.537309
-6.118750
-20.437866
-27.223669
-0.317683
-27.787403
-10.400477
-22.076649
22.802868
10.721661
-2.219288
-22.993816
15.962224
-28.300049
-26.052893
10.332314
6.706423
-26.100876
13.869552
10.422371
-1.486905
21.644066
5.181513
-6.462245
31.573099
-19.025116
-28.069828
-5.473923
9.459564
-22.872940
-10.081837
-35.137836
22.835825
10.819175
3.227363
-26.397173
-9.646801
20.421999
12.754671
-31.869770
2.755765
-20.845661
28.499432
-7.779050
-24.446880
-19.344006
19.823742
-11.657023
7.328363
-23.215467
4.127173
25.039253
4.350391
-7.981188
-13.823128
-36.254219
-3.774423
-19.114151
2.297189
-20.840694
21.029268
9.290522
-12.100993
-23.856527
26.073027
-10.739368
-0.043150
-11.782248
-1.313356
16.966557
-9.426814
-18.994965
20.841343
-19.174986
14.434896
-28.777782
-34.942654
-4.110925
-14.089573
-43.814827
-5.817714
31.552553
22.179918
6.078913
-9.305529
31.247448
-31.973110
-26.658255
-18.994099
-7.762162
4.730405
13.012253
-35.024574
-1.163498
-28.370407
11.448758
-28.290808
-27.469463
-21.810896
-12.159902
7.738012
-27.356726
-12.737525
23.467075
-18.038635
-42.208599
-41.268650
-24.582008
-10.722126
24.943851
-18.469292
-23.916988
0.190386
-28.717289
7.664250
4.616121
8.529913
-24.757309
4.750789
-24.315155
-13.224153
-36.124424
28.332863
34.678844
-15.274858
22.206697
-5.557989
-1.984512
-11.155453
22.236561
2.510607
-5.376376
-23.232904
-32.001106
-12.642035
4.093148
-3.965123
-10.234623
-21.863276
-35.115822
-38.078300
2.997537
-4.286723
1.128640
-9.571847
1.937604
2.591978
-6.748426
-14.889315
9.991151
-3.571086
8.114202
-18.636873
18.810495
1.747277
-25.333906
10.595202
19.629068
-1.127638
-28.483492
15.673484
18.143179
-2.331947
-26.520836
-20.585676
-33.534607
-35.844555
-39.370914
2.821520
-18.075439
-21.900719
-23.487669
4.991557
-27.309626
19.744556
5.743972
-22.944208
-35.517677
4.626564
-17.700117
13.189891
-12.278133
3.158775
-20.238443
-30.558979
-20.982071
-43.001965
-19.965029
26.516411
30.170889
-32.563137
-24.966320
-17.239437
-24.260403
-22.101627
-21.186224
-30.191355
-6.399574
-2.803158
1.971923
10.548530
26.938885
24.976549
3.396923
-23.757439
36.451550
-16.158037
1.146963
-28.228008
6.040212
-2.044276
13.506053
-8.620378
-17.506306
-11.958731
-2.277222
13.090032
-15.585660
8.778721
4.666408
-20.395256
-31.890654
5.671351
24.912859
-12.462984
-4.607026
-27.988686
-5.890036
23.970848
-16.256664
-32.631382
33.016117
5.200982
38.825005
20.791254
40.881042
24.051174
31.393600
-8.599894
12.152940
7.089431
-21.306267
10.719995
26.794182
-9.967365
21.556643
6.508417
4.723310
14.858635
3.923309
13.236644
16.023888
-6.168049
-20.373220
-35.756336
-10.984514
27.683111
9.708206
31.872473
30.726683
28.550529
-9.727428
36.099323
-2.417763
-1.554775
-26.974001
41.961948
-21.458277
-20.990007
-17.328310
51.396145
45.141754
22.258902
-11.601156
14.425121
27.961012
30.755659
7.073992
41.433826
-25.696692
-23.730696
5.176345
-23.077778
-23.297422
-4.981843
-19.405975
-7.223996
36.074009
-3.448488
-24.791019
30.233128
-10.756128
34.440514
-21.564756
25.060892
7.915999
8.424827
19.814796
22.986904
-5.718053
-26.092014
-30.908752
35.788666
24.945129
-8.855454
31.269962
25.378624
8.870981
-6.495569
-45.984917
40.132534
-7.785484
-17.179163
-10.017915
12.461536
-1.917479
-10.895881
24.968487
30.162683
7.522633
18.541922
38.575748
21.210340
23.865768
17.326025
7.862608
-8.890209
28.346733
18.591150
42.259483
22.219210
-6.477988
27.499949
8.848531
43.866280
-22.247126
0.324663
10.455773
25.223873
21.702330
-14.827368
5.992880
35.182571
-21.701403
17.726238
30.950418
47.661198
19.225029
4.632823
-36.379257
22.621609
9.128506
34.648605
6.958803
0.680479
19.725863
-4.496696
-8.562127
-21.895464
35.999748
43.470287
16.324705
7.529955
4.158158
16.947882
16.192719
18.675337
8.178695
22.166229
27.656406
-22.339367
20.993958
-2.151510
20.524797
-10.929952
-30.047747
3.988149
5.622636
15.985067
3.573602
-5.618665
38.594398
-33.058578
-30.054909
-4.399405
23.303555
22.237337
-13.299656
-26.292997
-30.723804
9.329579
-10.886758
18.974890
-37.373150
-9.913511
1.881328
-35.358261
9.230030
19.373571
26.568258
-6.933035
19.628248
-17.741673
36.825996
-0.057931
9.559374
-25.334047
-1.424149
10.928583
-9.210073
37.580875
35.656296
3.229389
-17.411449
6.492867
-13.138399
28.304211
-31.627106
35.669773
31.791128
11.390296
29.754519
8.239958
27.074070
3.630717
25.650873
-4.188415
50.916969
-44.152782
4.274301
6.934154
-17.512453
-28.129986
-25.132393
24.557301
19.147078
12.409759
15.042639
-1.400445
-3.433035
9.461032
51.523495
8.716091
24.182150
30.051380
20.215082
31.356199
-22.355974
31.500166
-19.923481
13.093126
-30.672701
17.399349
6.299477
44.379318
28.966337
26.567604
17.319756
28.841206
-0.071705
11.994744
-22.058678
-10.683369
11.347751
-7.365373
-4.138616
20.359625
19.978319
30.941050
45.551422
-32.132252
-15.070092
7.205126
-30.708021
-29.135529
41.186981
-6.851656
-22.867392
30.280909
6.180362
-0.756529
21.278971
-5.896019
16.606771
-18.377821
11.216786
15.187804
-7.453690
11.551324
17.569260
-19.312044
43.434444
-2.707136
-31.947739
26.085573
11.561027
23.065792
14.799106
16.711832
9.654465
7.759473
-10.327721
-3.465174
1.539767
2.004641
12.378441
16.060543
-34.989399
-4.699004
-34.053974
15.686978
-28.160984
-24.446653
-20.010576
43.855953
-16.294079
-15.066975
41.843224
-20.503738
2.735676
8.445377
-23.140575
-1.844813
0.131573
-50.728313
-26.385746
-5.752430
-31.157019
25.510324
-3.309624
-18.073395
-11.376390
37.254784
21.491516
-10.630177
-25.615639
-26.614878
12.535103
0.562180
19.943459
17.086809
-22.313808
-28.029562
7.611687
-3.489158
-18.926985
21.097719
-26.190708
-5.792593
-2.385474
-7.075183
14.159762
-22.635403
-17.343857
40.513088
32.806961
-33.046803
3.891013
8.608891
29.328363
30.466274
-14.428301
20.171677
7.876820
33.677105
31.336987
2.826323
13.517184
-16.955172
25.938263
-3.972801
8.827481
0.810160
26.389896
-16.682219
7.050094
26.365202
-1.781107
30.314667
-2.350706
22.090073
-22.321617
22.980719
25.358879
-12.293133
-8.824893
-0.832140
-29.611952
37.100384
9.234199
-23.222477
-1.146398
4.980006
-1.288771
10.703366
-6.582150
-4.495577
34.269230
-26.453465
22.521421
18.832159
-38.863785
9.992143
14.617907
-33.854588
0.004290
-9.557701
-29.057020
28.174007
-9.378764
-24.145306
24.428892
48.216797
17.909908
14.679460
10.232306
38.741634
-11.885184
-18.040268
12.659874
-35.025394
21.309963
15.653999
-28.054676
-10.368677
22.503639
24.890291
-14.167111
9.835511
17.371220
-33.471241
-5.456705
3.915369
-21.581028
23.650740
27.375021
-6.141302
1.640818
23.858845
38.584751
23.263134
1.121780
27.338678
-8.674391
13.580567
1.028952
-6.404178
-21.309868
15.923125
-2.102769
-21.325434
27.115593
-35.914272
4.310742
21.264515
6.005446
14.524010
12.990684
-27.435621
2.352621
-1.423967
25.721884
13.998985
6.216280
10.057607
8.317673
23.438311
12.856919
22.699293
45.758232
36.446228
-1.407586
-19.710848
1.649801
6.583292
-25.497791
-9.544537
-13.445556
14.628058
1.601598
-19.236927
2.490259
7.090720
14.970942
8.200610
-14.039457
28.351294
4.094880
35.576778
25.925423
-20.937460
31.335495
-9.164009
-21.675699
19.821102
31.599432
-7.630893
42.629429
26.999935
-36.280190
-24.012941
-3.390992
-15.913766
6.434908
24.864878
3.206218
-22.220539
-26.950668
-28.319473
30.890539
15.219431
7.635784
-8.636892
33.327080
1.371065
-15.178761
33.671783
-26.529987
-17.757202
21.473242
26.152632
-23.180534
20.462648
-11.085487
16.737082
50.446770
7.259223
1.474107
7.679602
-7.876589
12.939994
51.805557
-11.703972
14.929811
-11.943819
-20.110228
-3.675238
31.819130
36.856800
-5.215123
22.449703
3.616272
4.134055
-30.317623
-0.144264
-63.844585
20.969408
10.123813
-40.001133
15.410110
-3.527841
32.163567
-29.405645
24.527348
-8.181663
-10.106396
-23.305365
-16.557943
21.840542
-8.744459
30.881525
-24.668690
6.320254
-19.033499
-1.131654
8.596012
-27.514475
-17.838558
10.081343
-17.174036
7.983562
-16.801605
31.607588
23.711563
-8.624302
15.993170
-17.796591
-33.887318
-14.317123
-23.293362
-27.639660
1.458200
-26.435511
-42.352974
-16.143393
29.075821
-16.342318
-58.876293
-18.648870
-6.813342
23.339689
23.619547
22.576862
5.307384
-38.818024
-28.424320
-28.611158
-32.365566
16.582775
-31.557947
-7.027932
1.911773
-34.715412
-30.462580
-46.613735
17.157307
-16.657877
14.843376
-23.411493
-20.811361
-25.536541
15.970739
-30.573702
-49.363903
-18.951180
9.846437
12.992046
-28.464314
35.511890
19.802092
21.721363
32.636024
-22.918779
24.318855
9.162940
1.159959
-21.290157
24.220957
-38.408020
22.568727
-37.932217
-12.147859
-39.699436
-26.605928
28.401417
4.958483
30.390812
-32.644428
-7.105350
-25.357918
-1.592007
31.696711
-28.885181
-39.605747
18.867268
-22.682825
3.509890
-11.646573
6.123661
-9.029281
-21.548151
-12.248823
-3.240050
-3.694499
-54.783298
1.888816
12.265753
17.928467
19.201225
-18.917606
-16.473934
11.549568
33.601238
-19.969574
29.027184
10.431418
-6.165769
1.096354
-16.833364
-4.101660
-16.561178
12.094919
7.412919
-10.814143
12.750234
30.017994
21.660278
13.407779
1.666586
67.397736
10.471277
50.811783
-1.911255
-18.736891
27.234943
-26.385334
34.909836
-10.907519
8.791176
10.912646
8.679839
29.185360
1.997207
25.928226
33.486393
5.319417
-9.941444
7.284937
-8.748893
-18.845987
-25.637409
0.583541
13.541878
-10.019505
-13.906448
-36.497749
12.177571
20.050190
-31.322536
-42.780060
-34.232651
35.801701
0.925940
-7.314872
16.981066
-1.361125
6.319133
-18.514193
-30.359510
15.349760
-24.946756
27.731730
10.938771
29.135836
-30.411671
-46.686840
-2.497562
-13.116322
-27.431322
-26.611305
-43.314796
9.943621
4.307544
-15.876526
-8.053997
5.080280
4.860797
21.824831
28.079271
12.681568
25.400990
26.419178
1.311592
3.700006
2.758129
-27.609118
-3.933325
-15.124230
-4.688018
23.356813
-20.108952
-18.961218
23.634129
6.002328
7.359321
-12.618198
1.300329
-24.730288
-31.399607
-10.873171
10.802030
-11.040969
1.304621
28.431177
-4.344201
0.906790
-20.215878
2.150099
13.463327
0.981961
-12.915015
28.393456
-16.654882
19.817812
6.247332
5.481052
-17.121855
4.858081
8.754472
-20.097822
-17.110245
-26.142414
21.408281
11.696892
19.423996
-14.961726
22.071947
-13.232725
15.973900
-13.913434
41.418499
-2.695258
-15.750959
34.878609
-29.784325
-4.359728
31.815229
2.750434
29.592300
39.236351
13.975652
-50.564587
-49.367409
-32.277946
-45.446648
-31.229250
38.159554
-29.746292
38.043812
-10.179156
-22.289528
-13.014381
6.687715
-35.194965
15.053871
-17.763832
-8.302057
-29.085503
-39.791386
-19.182388
-21.817230
-9.328504
26.896446
-2.649226
-22.683353
-14.305917
-28.194448
2.937947
-16.472700
35.359016
-17.814919
-6.718100
-25.790361
17.389774
1.601937
4.598094
13.975924
18.453728
7.046423
8.500830
-3.121193
16.794373
7.313934
-63.581188
18.194586
-35.469090
6.586380
1.753716
19.313835
-35.928909
-35.932217
23.118782
-22.315615
-0.005368
-27.501389
-20.162115
-32.647079
2.407852
20.014360
21.378525
4.117093
-27.087843
32.279037
-13.750076
-5.407515
-2.287932
40.846771
5.378738
18.136093
-15.120476
-23.131058
-3.622255
6.033466
10.129963
-41.958958
20.194233
-2.313603
-0.195749
27.058895
30.297188
-14.628578
-27.328936
-30.865940
34.236061
-2.206397
-25.745316
-0.062001
-10.243501
-17.737898
-5.856899
-32.458767
-0.778351
18.852467
26.974030
-48.938297
35.893532
9.985730
-28.376949
-26.314766
57.221565
-21.043028
34.115761
-2.334290
-34.317261
6.765460
20.834080
1.868796
-12.899799
-36.468002
16.103201
16.918463
35.747543
-22.284306
51.444149
-28.793842
10.354072
3.012233
-24.817080
40.115185
22.198574
3.552518
9.554994
21.322151
-22.446753
11.353375
-12.660281
38.997440
-15.308679
29.456894
-42.789906
-18.797819
-3.896540
1.539592
-32.358013
-41.652184
-7.404206
-16.731701
8.220995
-15.409925
1.626271
-13.124719
23.423729
-35.990707
0.160683
27.870472
-15.483069
-19.649950
36.312840
12.866830
-8.320272
24.027870
-4.773313
14.569954
-5.628205
-10.110252
41.540199
-27.969540
40.910992
-29.451113
-23.555296
1.210796
-25.280788
-27.030973
10.630759
18.506767
34.137428
-19.038149
-6.416412
-10.662744
-24.989326
-16.601414
-10.286700
-24.634277
11.222817
6.376436
0.040838
-23.166771
7.991097
-43.701191
-3.992831
-6.404973
13.950597
-21.278133
11.509597
20.020992
9.140043
36.869537
-19.000074
17.425777
-23.693817
43.555168
-1.839885
-14.691055
19.965805
-16.225206
-28.707661
0.841398
-3.374330
1.339364
11.323868
-25.638256
14.725158
-1.980366
37.527168
-18.408279
2.053972
24.188232
16.885237
21.085669
30.322937
5.088220
-12.406181
-34.253605
-20.767134
14.627059
-12.419954
6.069550
6.014255
-9.812142
-19.757961
-14.652355
32.038834
-32.979313
-10.527083
3.560343
-10.762691
-10.924318
-10.501740
2.645674
40.892056
5.241157
18.019789
-39.414680
10.241337
-1.227750
31.472406
-8.169886
13.064471
4.164909
-4.336323
19.432503
-11.533950
17.550755
21.343090
-9.550558
-0.526316
-13.681143
-13.213613
-33.062351
1.097619
-3.431986
-42.914539
25.422218
17.693954
21.919819
-28.199295
-39.995213
27.898586
17.295509
-7.234544
-11.242790
20.851065
-46.666725
14.344045
-32.844173
10.407342
21.939735
-26.183151
-9.353412
25.275127
-14.320656
-6.980853
32.428009
-10.969560
31.741455
-0.789017
27.061756
18.253366
-30.208601
-27.199583
60.832096
-14.928276
7.633993
9.172982
36.804237
-10.351037
23.852688
-29.352299
16.736910
-32.034760
-14.373428
34.899002
17.922480
-29.652685
24.282690
-1.846988
-13.808034
-25.755579
-23.670509
-12.069534
-6.734764
-16.230589
-32.326561
-7.034948
29.879786
16.392258
-22.870810
-43.057873
-13.521135
-31.365952
-6.156120
14.193647
-30.961460
-18.375286
-4.349457
3.297605
-24.256828
-1.056018
-12.790026
38.195957
-7.509458
-23.925343
-40.090549
-8.931352
16.742315
6.135053
26.932680
-22.528152
-47.910778
-3.615654
-25.045088
11.497386
-29.923840
-27.601833
-34.242382
-18.173864
-26.403090
-27.934534
21.439348
23.684753
-13.896689
-6.869761
41.446224
11.268557
14.385226
12.206448
26.998302
-24.081871
-8.071466
-23.733459
34.643894
-13.614841
35.485497
29.143803
29.586838
-24.815657
1.737279
4.007416
9.455568
-24.410448
-5.425247
-5.103015
-31.501343
-5.346114
14.687182
-14.463184
-39.478664
7.546329
-7.447752
-27.375937
28.945261
-16.377155
-12.625690
30.020695
22.507315
-17.660679
-30.097799
10.962511
26.967829
-30.424961
42.358784
-3.351588
2.614277
12.162914
-3.301478
26.731760
-3.328684
7.708990
24.847748
-25.432798
25.700584
13.707430
-22.989307
29.252007
25.546562
11.550009
-10.025539
50.737350
-24.382711
-31.218927
45.683868
-23.480642
31.775904
18.245535
3.977008
40.368099
-18.361923
-13.021536
5.225580
11.767371
24.988548
22.450361
11.497681
-9.018106
8.682611
-6.970485
-33.170063
15.778110
39.566360
-20.747158
3.052833
28.474308
20.517315
-3.409295
15.445676
41.046013
26.986418
-3.440244
9.946031
-21.177683
-13.332203
1.174817
18.593559
37.612835
34.226048
-30.047388
-26.597717
23.200918
-7.312063
-3.797139
-7.035378
24.065351
24.818499
-5.439097
-8.114731
43.745327
-22.831894
-8.918680
-11.034175
-18.673883
20.234737
22.322971
3.940819
-15.023516
29.458115
16.990610
-25.788445
10.483591
-8.475140
-5.542290
-24.107374
27.700642
32.855175
-19.401316
33.180523
0.773438
-4.173923
15.731014
-9.601530
1.476478
-2.390385
12.038918
-26.858440
18.322523
4.467533
-13.597598
-15.615402
19.805965
2.897303
20.602821
-26.706095
1.964459
13.523430
-36.109444
23.083591
-27.237617
11.248699
35.227997
7.222789
3.041018
9.780092
-22.728539
-23.559271
-10.698071
-22.072735
-6.779783
27.748549
10.225663
39.271141
15.780908
-14.781393
-33.571388
12.233867
-9.141188
39.355366
0.834869
33.409527
4.772842
2.907230
19.469538
-51.944077
-17.300446
7.469631
2.885860
40.308075
-15.982733
-7.342028
-30.575129
-29.168571
46.062508
-5.472706
19.735746
28.182156
32.028835
-17.315058
15.827785
50.057549
-27.628181
0.045070
5.991941
31.121637
-7.605922
-22.424314
-12.575042
-31.639408
7.639039
18.594000
21.989508
-4.998147
36.985058
20.005554
19.618088
15.731912
36.540165
1.197599
5.407442
-12.718940
-4.346415
-34.691990
33.631157
14.749332
-21.637871
1.431394
-27.206547
14.595430
14.114185
11.406615
-16.362917
6.495598
18.169083
29.068050
-17.072351
0.513332
-7.553487
-12.723036
-7.283357
5.802097
26.464071
-23.589674
32.309311
7.168752
-27.594206
-20.284376
0.351197
-8.662418
53.295715
21.710609
24.983000
-2.979539
-14.442702
-12.526833
-42.756714
25.569204
31.118767
26.191122
10.672675
6.468023
24.748463
35.339127
-16.704823
23.641628
-24.507080
-18.610273
12.123345
18.183178
-24.849995
-22.207848
-3.952925
29.973196
-35.476711
25.089550
19.945164
-26.135798
34.644863
-19.222952
1.953989
39.099434
-21.564491
-19.820091
24.968458
28.231869
-11.703600
-16.403467
13.414696
-4.500724
51.964375
-5.783596
0.595434
21.202774
4.417064
32.229519
-38.104435
-20.421721
-15.800743
20.502274
-3.714802
38.781078
27.574986
-12.808542
-16.409927
31.295536
20.596758
41.421413
2.958642
6.703140
3.571052
4.125981
33.108356
-25.087360
9.486843
12.186306
-0.316497
10.612411
-6.483540
-21.817522
16.083754
0.553632
6.378447
22.338173
-6.859050
13.970765
-7.520878
-31.106785
-29.531431
-49.462826
-9.899488
-29.012976
-23.121540
36.081280
-27.580601
13.462031
3.502932
-31.036629
12.799180
21.478807
1.522893
1.668587
-26.925482
23.107826
-0.517178
-20.215185
-23.411926
23.817316
-11.343645
7.243955
19.542519
-10.475173
5.929981
27.489191
-19.581381
5.520102
15.627357
-28.685724
-30.152025
-17.242252
-0.869552
21.281698
-44.481438
7.288432
38.406544
-35.794830
-11.619524
33.011024
26.536877
12.635084
4.864717
-23.023634
17.098444
-2.422484
5.929707
-39.076183
-35.979355
-50.467651
-23.113348
-24.711906
-16.530035
-15.207898
-30.391256
0.898581
32.391144
-40.807526
6.035171
11.390186
-4.305241
27.043058
16.876930
-31.962244
0.951280
-28.084787
-10.931968
-17.102808
11.635742
-0.460835
-11.647573
6.628663
23.471684
13.133914
17.861586
-17.629482
28.412024
-22.281269
3.944396
-38.404469
-7.504986
1.573945
3.789803
33.440495
-31.642601
-29.014475
9.579934
19.070959
-14.342701
11.834214
-29.334362
-25.385098
25.070959
-2.549860
35.287731
32.056229
9.108223
30.196398
-23.911156
5.994401
-20.843775
28.139027
-40.209541
3.858640
31.229221
-33.840046
23.189562
-4.853293
-22.710827
-13.900262
-25.820475
11.355521
-3.005553
-23.697777
32.409622
-19.387238
38.135059
-16.532879
-12.817803
14.435366
29.523607
-6.821467
-20.483356
-25.231010
-17.994892
-12.079647
31.774607
-34.358967
-0.499136
-38.416782
-29.081606
19.145905
-34.134098
18.987673
-1.786993
35.808563
7.939605
-34.850456
21.272617
18.127159
-26.278080
-10.886642
-6.053837
21.308817
4.530587
17.115992
31.819508
-11.636126
34.331886
5.978136
-1.749735
20.724386
6.577806
10.016459
26.081680
-30.884718
32.247997
16.817533
3.141556
33.407028
17.491795
-1.703898
30.780642
6.715032
-24.206156
24.171402
37.392548
5.392446
27.721243
-27.673395
-19.462557
0.186996
10.308496
-9.584377
-15.352564
-8.217546
-4.568197
3.512933
-3.053170
8.054259
1.426353
29.292150
32.065681
-26.522177
-13.064654
-7.250698
28.671865
31.818674
-4.672700
-20.657001
30.972355
-16.981781
-27.124041
28.387375
17.042374
18.058262
-20.821815
6.891915
8.913731
-30.280735
-25.957882
26.562830
15.860729
-29.276043
-27.918314
-31.990726
28.306099
33.379890
-28.220594
-15.673683
-20.576687
-13.197612
-8.352797
-25.502949
6.898285
-10.350150
9.414578
-5.012492
-6.738469
14.961184
36.171085
2.187915
31.435957
6.014019
-17.643816
-11.594563
18.658508
31.439632
0.395777
37.616386
23.502666
-14.546868
-23.661970
-13.515254
31.739237
22.176151
-24.018934
22.281054
-19.570148
26.500156
0.615759
11.713363
-24.256247
-37.709187
10.942945
7.137631
-41.227314
3.268023
4.013096
-25.567593
-22.819988
-30.103430
12.134560
-39.465542
5.885552
-14.809999
9.007290
-42.893311
23.961462
22.323404
-26.864687
-4.258363
-0.566022
-5.006673
-18.917973
12.782525
-3.270860
34.679585
26.859562
-7.583235
-27.236506
-15.352300
1.063840
18.748390
3.515657
-20.098513
-34.588924
-33.823719
3.544699
32.974094
-14.983385
-25.255939
-29.764133
-8.073228
-19.061569
14.505232
29.822468
-21.665218
-2.721718
-18.400229
-21.256727
-25.526188
2.577302
20.593184
-7.469543
28.974705
-21.730352
-15.481177
12.987893
-21.162336
3.972858
7.507051
-26.739525
-4.355340
-25.482956
-50.609234
23.184742
-38.216995
17.348278
-38.731323
-40.309208
30.511961
39.789181
-30.045427
5.456946
-45.950966
-28.695356
-2.427624
26.789099
-14.898360
40.928959
-50.294476
-29.140699
22.884981
-42.159271
36.361378
7.328063
-8.101705
-37.197140
-0.596942
5.784828
32.307400
33.512375
-11.848131
15.715590
-2.430989
-7.107697
14.548061
13.677844
39.319473
-0.751051
8.385407
-12.265112
-24.391203
34.780476
-24.844088
-10.288159
-0.058809
19.964567
-30.594425
-35.522114
-24.975121
-58.516624
2.471130
6.450098
-22.456303
-39.979973
-26.790911
-48.446625
33.741840
20.298666
-39.863289
20.368923
5.626843
7.910830
19.310575
-31.047091
-16.055054
7.604895
20.848608
-2.139336
-0.398607
2.443271
9.651238
32.560951
19.751116
-14.749627
-36.703224
36.159138
-27.574471
-3.090097
27.813990
-26.263008
-28.497690
-32.906040
19.336826
-2.734415
-3.306747
-25.399559
10.020276
29.790453
19.681688
16.196110
14.952928
4.634523
4.893383
-8.260166
-9.524350
19.846132
32.055103
10.501312
-23.662279
23.679356
26.367315
-30.781548
11.848886
17.238976
-41.532547
-13.314242
-12.231781
0.879768
10.730584
7.996617
-4.783302
-48.017506
-34.729774
0.499149
-32.507904
5.109938
-12.828764
18.795050
-6.672938
0.808396
-14.923571
-56.118080
-35.427277
13.148619
-8.016093
-4.391314
14.463670
15.000178
-23.251497
8.053889
2.784610
8.636701
-30.957230
-17.760998
6.986138
-36.673542
14.079233
-17.971115
38.172443
7.963129
15.822945
-29.262281
3.981508
41.104210
-34.853691
21.235748
-21.168301
-0.727286
-21.999397
-14.817405
-12.112764
14.535770
-21.419876
-21.493420
-13.186939
33.951134
-0.916155
-0.825512
-12.272444
22.996304
19.910116
-23.149698
8.921674
-28.887461
25.920357
40.492664
1.987946
-9.391889
13.265453
4.700747
-22.184532
4.876781
-26.357529
-32.620300
-23.347605
4.223327
19.791702
-28.401831
-26.136639
-21.019613
29.026615
-28.161905
25.798773
-12.697221
-18.414787
-9.753305
-19.466515
-19.277592
19.805828
14.501971
6.388303
19.062050
-3.811813
-20.441219
-15.971735
29.068459
18.597393
-27.505011
-21.859398
14.182067
18.676706
22.938189
-14.315053
-7.572636
28.107555
25.703974
22.802422
-3.612696
-17.172403
13.349834
-5.976278
-28.711857
-27.614985
4.064023
-13.077111
21.314575
10.675655
-23.802797
30.080805
17.615656
6.091200
7.844100
35.708157
17.945009
13.060479
42.619354
-22.672741
57.972267
-19.356709
5.178993
41.939270
-4.137219
8.883608
3.893488
13.706468
31.965435
-6.903135
36.878307
35.922264
-18.997011
38.502098
9.005899
36.221901
19.426201
26.035713
34.698460
-30.095818
-8.657486
-8.838092
-40.046284
17.779425
5.355623
2.440421
-3.910302
41.338951
11.321454
0.996328
8.961973
29.472216
-3.733793
28.090500
34.180077
32.136444
17.368057
24.574013
18.305035
17.307293
49.693012
47.939232
28.270220
19.340139
-39.192875
-14.269011
35.436771
10.099326
-3.373403
0.738579
42.800514
17.116283
-1.883826
4.721758
-17.924721
-46.658257
37.339500
-19.555176
29.384695
8.035023
-12.608745
-16.853273
-25.057814
15.791654
-17.097788
-30.206793
8.439723
15.739491
41.849148
42.428616
-17.100332
34.542297
52.114933
-19.101231
35.559322
-9.490824
21.723730
-34.908718
-1.804892
38.968113
-32.636246
46.981796
-8.011764
-22.759689
26.297882
-33.147633
-43.744213
48.145493
-9.780464
-24.836582
11.109058
-30.371624
-31.033533
-41.783287
-34.972782
-14.534068
-26.965614
-3.063349
40.283070
47.061489
-13.711433
38.182884
-23.241461
-7.811584
4.355007
-5.632007
15.017896
-31.044487
17.289335
-26.501671
-26.572512
16.411909
-12.602951
-21.418692
12.686212
34.965645
27.734331
-3.899024
14.561367
-12.647098
25.507332
-5.626490
-5.609405
-19.366251
8.251631
1.652053
-8.683434
2.483923
-39.668762
-21.509724
33.409470
-22.652483
-19.886049
5.739496
-53.474117
-19.722488
-16.790878
-16.766638
-23.429396
9.971560
33.970955
17.817797
4.002363
15.164624
-19.216213
-31.896908
-15.756090
11.114079
-32.245068
-0.134869
15.950119
21.885172
7.052703
-17.895634
1.122083
-32.620323
-12.906364
-18.136553
-23.215725
-28.681057
-0.087938
0.358974
20.178699
6.519577
12.456517
-8.227750
27.748869
-29.128702
-14.864394
-21.793278
24.482416
21.134586
24.112265
9.853066
-21.814350
-4.600522
19.135077
8.582893
-6.660091
-1.987137
28.585966
5.309565
12.371951
-0.776949
-7.724286
-0.925144
18.074156
-15.425755
-8.084160
12.318225
3.752814
11.476339
-29.016750
0.660142
29.503868
5.991740
20.736382
-34.911316
-6.963445
3.039344
-10.281901
-1.570307
-27.611343
25.654305
14.893421
9.880601
16.322531
-18.770876
-29.435795
-24.528772
-14.201936
-34.534409
-0.616572
-16.247852
-4.850503
-36.686970
9.537180
40.380692
-16.954161
-27.960112
-8.719640
