3.649468
3.349786
5.225152
5.933441
3.381660
5.157318
6.531802
-3.301074
4.599960
-4.101941
-6.614052
-8.356010
3.808179
-2.974053
-1.177264
3.215261
-7.153438
-4.380961
1.926246
-5.457538
-7.855942
-4.374677
-2.231043
0.761284
-0.383152
-2.858069
1.050342
0.764157
5.163778
-2.005607
-6.005305
6.975618
17.078173
3.963606
7.545887
3.174699
4.774848
-1.145017
5.247150
3.901300
-6.807111
-0.515014
3.074106
-5.668438
0.231360
-3.812164
-9.608451
-0.066377
11.195057
-1.196400
-9.414130
1.969557
-7.061668
4.649224
-5.800350
0.989284
-6.651758
1.733263
-7.132524
-0.946867
-4.864444
8.369637
-2.376945
9.139141
6.883934
7.857357
8.858973
-7.274494
4.254086
7.528001
12.196383
-13.104406
-1.295345
-3.241007
-2.564754
-1.597001
2.412095
0.884185
-6.231741
4.736159
0.435946
0.541095
-5.968553
7.245484
-7.188905
-6.874546
2.632894
0.062962
-7.358431
-4.782205
1.137243
-2.848128
-2.671559
4.181673
5.413590
8.171283
1.897834
-7.955788
6.259036
-5.329223
1.867420
9.401476
-6.572954
10.459266
7.278281
2.585182
-4.022669
2.833387
-7.266578
4.606169
-3.868541
-5.339816
-1.995146
7.378243
-2.433528
-10.126546
0.456657
6.237740
5.163241
-1.015556
-5.653125
0.823878
-0.295300
-0.470763
0.042253
-2.727295
5.757106
-0.584953
8.596782
4.135656
-10.458599
2.187215
5.571622
4.123174
3.911249
0.449837
2.781783
2.541723
-7.721795
5.529174
0.557854
4.530011
-7.586728
0.225459
5.955187
-16.408037
-6.133461
-5.040593
5.040975
0.036288
7.018167
4.404808
5.426999
0.046974
-5.854134
-10.669655
-0.353797
-2.779410
1.018212
1.667141
-4.988078
-1.864882
-8.958485
0.007844
-3.802762
-7.153592
4.301417
4.741477
3.697796
-2.968477
-0.025057
4.854202
-1.828161
5.170647
-0.659516
8.419717
-5.410850
-2.086510
4.393608
0.631976
-1.631065
7.619251
3.521959
4.886035
1.717305
-0.437887
5.501076
4.100458
-8.138659
-4.299901
-7.065454
-10.538927
-3.026477
4.733445
1.093154
-3.499202
-0.931331
0.834699
-1.905216
7.233880
9.904193
-3.771262
-2.818342
5.826568
-0.272182
0.461474
2.404140
-0.621162
0.199791
-6.459649
-2.884910
-1.980818
-11.405399
4.509598
0.790207
-3.431135
-7.915329
2.304929
4.040188
10.377324
8.318437
4.159141
-10.042699
-0.475093
1.408340
0.602409
11.132478
5.159304
-9.045231
6.183759
-1.265383
0.961017
2.016900
4.262246
8.104605
2.951285
-5.924832
-3.883689
-9.147787
10.104682
-1.368482
-4.152656
3.033725
0.526666
2.459171
6.290565
-9.183330
2.755754
-1.450453
4.912930
2.120205
0.053629
3.212054
8.951588
-2.579076
5.218741
3.400804
11.429686
-5.271759
0.079003
1.079831
2.936300
-5.520682
13.583682
5.594961
-4.123724
1.374930
-7.824659
6.344021
1.828067
0.062861
4.251096
-4.820775
4.278088
-3.760980
-9.623816
6.041009
-10.145944
-2.218312
4.076468
-2.613360
-0.527170
6.802616
5.637177
0.831608
4.408911
6.483331
-11.180254
9.259130
8.882569
7.283466
7.365437
6.369486
5.718783
5.047009
-4.139084
3.819013
7.607028
1.958338
-6.212170
-3.329191
-6.943838
-12.693134
1.476861
0.727927
-1.872296
3.610694
11.873434
3.134823
3.672435
-10.711731
-0.449960
5.440762
-6.342636
-5.463090
3.498634
3.469332
2.758292
-5.330395
1.857122
2.752203
3.136250
-3.339378
0.580306
-1.785865
3.446665
-2.607697
1.662791
4.869400
-3.431061
0.923410
3.349872
-4.116495
1.576618
10.776882
2.943077
-2.175908
-11.991205
6.069754
8.442779
0.155083
-9.627048
-3.293103
9.678780
-4.692328
-15.739680
-4.396091
-8.327332
-3.816196
1.167951
-8.944132
0.817855
1.781449
12.215524
-1.345504
4.513654
-3.184041
6.803503
-1.939998
-2.844443
3.423662
-0.498243
-3.908518
2.704305
-1.884511
-1.480317
0.241132
0.317587
11.985859
1.670896
0.422921
-0.318663
5.583386
-7.271584
-9.741360
9.457373
-1.156900
4.770754
-0.140863
2.041348
4.735048
9.380309
-12.286040
5.389670
6.673591
3.120127
1.522526
-3.596950
-6.205388
-3.838678
-8.727717
-4.179562
-5.757107
5.098980
-12.558196
9.622703
5.443957
-3.832151
-6.405374
-3.372690
5.402940
-13.821090
-1.175297
0.458528
9.463129
2.081395
6.240555
-13.830235
6.068091
2.466936
-6.801198
-2.443150
-1.791465
-6.012269
-3.537446
-2.058663
-5.839068
3.717948
-6.923570
2.145644
8.439179
4.444057
2.859314
1.550678
9.406740
-0.440246
-2.587564
3.364069
0.298573
0.017005
1.000398
7.594678
-1.766535
6.335081
11.078197
1.367175
-4.392934
-0.370532
1.278189
-0.298291
8.247358
-2.569887
-2.121075
0.720600
-2.855328
-8.859298
-0.323655
1.095438
3.920801
-15.175716
1.033971
4.815894
3.007728
-1.064226
-10.112782
-18.095709
10.835305
-10.920355
-5.363468
-7.293261
8.635775
-8.468897
-2.042214
-2.882755
-5.333327
-3.262087
9.042244
-4.509059
-7.650341
3.917502
8.616477
8.049538
2.725488
3.519065
-1.832817
-6.250638
5.603620
5.873779
-4.194500
2.545595
-13.280160
12.625624
3.026459
-4.415138
2.426762
-7.482177
-0.166498
-4.439944
2.378401
0.137406
-2.771296
1.380759
-4.196224
-5.029339
-0.242961
-2.830467
-8.744315
-6.172593
-1.330979
8.701787
1.328371
-5.328469
12.568871
-1.127730
-3.806702
0.210793
-1.687380
-0.122314
-0.232373
1.190261
-0.955527
5.759727
-4.207578
-2.843997
2.270250
0.081350
6.489178
-4.809665
2.394942
-6.308379
-3.320736
-0.450631
-7.149257
-2.960891
-4.870385
2.099095
-6.634554
6.255670
-3.909683
-12.804759
-4.365881
-7.424360
-4.926843
-2.456197
-0.109000
-2.472905
-10.544775
6.614767
1.785847
-1.524042
7.560227
-1.915544
6.315447
2.986646
5.691148
-1.098406
5.172549
1.201464
7.077713
-7.285993
-4.060912
-5.621328
-8.874809
1.870228
-6.513848
0.848441
3.038657
-5.548960
-8.869529
-0.951928
-7.832719
1.815756
2.118422
4.531727
-0.574113
-4.911984
1.917673
-8.917106
1.292751
4.275004
2.784614
-7.363219
-3.029343
10.608036
1.066732
-5.493764
-2.803178
-4.211548
-2.400932
2.152055
-2.409374
-6.284291
9.872354
-6.725008
-7.990727
-2.484038
3.748448
-3.743881
0.471074
-1.197721
-0.871515
4.251069
-1.668922
-9.551982
0.182835
-1.774456
0.778435
0.562089
-5.048440
-8.487798
-8.381467
8.115786
5.872481
6.251836
4.329976
2.180092
8.385016
1.505177
-7.336182
7.938759
20.103619
8.724300
2.470457
1.800066
7.643331
10.117487
-11.391083
-0.135402
1.156534
2.426321
-2.424128
3.890506
-12.418538
1.849591
5.674826
4.045886
-1.336096
5.384379
-2.745163
5.736249
-7.310708
3.433405
-5.670640
-18.272352
-12.439381
6.759518
6.187515
4.470693
-7.992766
13.209972
1.294873
2.450891
-7.701355
-8.475735
-2.826551
1.552687
1.003041
14.833101
-0.187057
8.687070
0.417566
4.573384
4.466019
-2.818391
9.598132
-9.125176
7.960414
3.248396
-4.938886
-1.349870
-6.621499
-13.578212
1.966563
-7.399897
-0.140611
-7.653424
9.718152
-5.350796
1.776822
-4.386055
-1.092899
-8.871588
7.466510
-5.425755
-4.426259
-7.183400
6.379684
-9.495317
-5.270279
6.257649
-0.995990
5.108085
-9.472328
4.835573
-3.333550
-5.570990
5.533904
2.385050
8.079451
7.350342
-6.312250
1.581810
3.142510
9.082873
-8.527046
4.448972
-2.467133
0.570905
4.059554
8.843474
2.294442
-3.225664
5.019692
0.906935
-7.935710
-2.327800
1.441107
-3.945155
1.480969
-1.586257
3.811777
5.235553
8.885594
1.882110
-4.753567
4.286043
-2.978482
-2.588290
9.764893
1.889979
0.972698
0.677741
-12.775972
2.796557
6.866855
-1.290451
3.321181
7.863687
3.157067
-3.108523
5.177685
5.592007
-3.712700
-5.485940
1.629025
4.768892
-0.839046
-3.000852
-5.917200
-0.127245
-4.472353
0.494423
-0.368302
-5.095634
1.487739
-6.010160
-3.219337
4.852163
7.112569
2.780524
-9.750497
3.636210
0.139168
15.486100
2.542611
4.337383
-0.214500
0.613262
0.380552
9.479044
6.837760
2.587106
-5.257203
1.522370
-6.247104
4.429463
-7.628903
-5.278246
-9.649937
2.078691
-1.812368
-5.283201
-3.893260
1.968443
4.575014
-6.397760
5.974839
5.299877
1.522472
4.359547
-7.737453
-6.620968
-1.954981
5.548410
0.215331
-4.461514
-2.516139
-0.648150
4.268319
-6.051664
-0.407797
9.008010
-4.372591
6.982460
7.685690
-7.263916
-2.846783
-4.736311
-0.318986
-2.558907
-8.784460
-5.666741
-6.722263
-8.916429
-3.372856
-1.979062
-2.522394
4.406425
5.368682
9.552227
0.268095
-7.123731
-4.106712
1.572155
-7.000196
3.506452
-7.001781
-0.324133
-2.958369
-10.709062
-7.193824
4.010186
-0.333639
-7.297497
-3.111443
15.266364
-2.809601
-4.810611
-6.685514
-4.355121
1.123692
5.745614
1.011342
7.355042
3.327281
-8.723895
2.029976
-6.746601
2.503629
-4.865841
-10.065379
-3.098384
-6.245285
-1.436474
-3.364688
3.204976
6.193536
3.757259
-5.132963
-1.707354
6.308765
1.191567
-0.982403
4.782636
-8.211185
5.843741
2.754134
2.082496
3.148120
2.140513
-2.055196
-3.354547
-6.591592
-1.880245
-2.468341
-3.237574
-3.558718
1.178437
-6.648427
5.542771
8.591201
5.251598
-5.685439
2.383340
10.446857
-6.432825
5.410284
-1.087947
-11.182085
-1.116111
-1.974086
3.385040
5.581812
8.040664
-12.282923
-1.138315
-5.332507
0.333894
-0.584296
-3.442955
3.495832
-4.717831
-10.982571
-6.168573
0.253513
-0.306930
-4.094759
-12.056840
-7.624233
4.284163
0.814390
7.577378
1.161246
-3.550339
-12.823195
-0.326204
7.013595
5.767833
-4.369444
4.648734
-1.791358
-8.654399
-4.950832
12.383009
15.179392
-4.781232
-6.148036
4.581786
-1.412331
-3.023971
-6.357490
-9.985879
8.002755
5.044146
2.668459
12.780301
-2.667149
2.168063
-3.068367
5.539668
-5.285379
-7.205667
3.242011
6.757780
4.299746
9.558799
3.539607
-3.511975
4.232563
-4.165152
-5.420061
3.182706
2.015987
6.800363
4.126686
8.688454
-3.155133
3.479003
3.326169
-8.043198
2.450243
3.127911
-7.989919
1.298352
0.380428
2.462878
0.951134
-2.660514
2.615293
7.249104
5.066697
0.903176
2.662056
-2.132849
-4.858432
3.508235
8.167285
1.860124
-9.555410
-5.763256
2.249196
6.418423
-4.611443
3.788461
1.591132
0.711594
-3.238574
-5.038825
5.216434
3.183447
-10.400055
0.398072
-0.161545
1.135473
8.004246
-9.772115
1.278561
2.115635
0.498504
-9.843620
6.867740
2.776356
5.695826
-4.652041
2.214351
-0.728257
-0.360415
2.764405
3.736450
5.217332
-3.350970
4.022929
-5.122027
-0.070656
5.934548
-1.234014
-3.235527
3.859687
-6.741741
-1.566993
-5.493288
3.203473
-6.994311
1.712362
-7.766984
4.649620
6.283188
-19.558407
4.473310
0.782006
-1.744075
5.501924
-8.196746
-2.659586
5.199991
-23.204895
9.399726
0.210683
5.406516
1.044793
1.620029
-17.537212
-1.564813
-2.219405
0.957708
-4.088597
-1.207686
-4.242778
1.191390
2.680651
-4.118039
-1.882597
-0.321388
9.753402
-2.834130
-10.005689
1.326811
-4.319030
-0.044046
-6.458946
8.873527
-3.152692
-0.743985
-2.606830
10.539685
-6.297163
-0.569813
-2.011961
6.485563
-4.045083
6.699927
-0.272554
0.793570
7.898676
-5.655431
3.368607
-2.718273
5.527872
0.974522
1.137008
0.426284
4.864099
-4.152022
0.480242
-3.162195
3.458866
-6.722793
0.376309
-1.330119
4.826934
1.140606
3.238190
3.634905
-5.453426
8.393128
-3.317334
-1.166058
0.977173
6.757843
-7.545560
0.264403
3.781753
8.738309
2.956053
-0.156789
8.249555
7.778640
0.369377
-0.947872
4.503437
-5.241385
-2.312196
-2.033777
-0.601952
-4.931837
-8.418611
-0.702636
-4.591507
0.068795
-2.131862
-2.785827
-0.941093
-9.192563
5.543606
-15.029656
-2.665708
-1.013079
4.034969
-10.673572
-3.629065
-2.437107
-14.736007
-4.582289
7.515871
6.056034
-3.055519
-6.829500
-8.158354
5.418682
-5.278982
-1.361249
2.954355
-7.149428
3.214584
-2.677480
-6.065873
7.171229
0.335068
5.597138
-3.191951
1.140223
4.725882
1.226739
0.777167
-0.121372
-5.726375
2.455790
2.488743
-1.186815
5.124537
1.109560
-6.791714
1.731166
-0.378971
-6.456626
1.981881
1.868093
0.385474
0.924069
1.000154
7.551873
-2.095994
-3.943794
-1.901142
-1.702439
1.305213
1.148078
-3.995266
2.164709
0.108688
-1.525066
3.708360
-5.059405
0.947002
-1.480350
12.305064
0.831434
-0.992639
9.652149
0.196540
3.495573
4.436779
3.252614
3.121829
3.335059
-4.758717
10.985612
-1.180555
8.039085
1.586334
-2.232910
-2.618011
5.142228
0.758959
2.627564
-10.486867
-3.898777
-5.122460
-6.849724
-4.577914
0.565369
4.125350
-14.599953
-5.821213
5.881145
-4.721479
-4.366401
-5.642626
1.427258
10.399629
-0.197853
-4.730087
-7.623971
7.104847
4.028208
-4.166997
4.498769
17.026628
9.611482
0.886904
0.096975
1.907888
-1.385394
-9.012753
-1.587101
16.344261
-4.294524
3.624012
-2.301565
0.815495
-5.593863
-8.295735
-6.457285
-0.631942
-4.124482
4.554481
8.537377
-2.347738
-6.609956
6.632582
4.653694
6.945368
-3.729962
-0.973008
5.626808
-3.601053
3.647171
2.344889
-0.161111
-3.437133
-0.829731
-0.772547
-2.930751
-0.343407
-0.576822
3.242495
-4.759604
-1.239976
11.776663
-4.294259
-10.708659
5.075027
-2.952695
0.692231
0.195206
-0.217018
7.907095
-4.009254
-6.619102
4.200412
-6.727450
8.993302
6.484664
-5.490293
-2.894216
3.826190
-2.255639
-4.067279
6.987163
-3.291284
1.612725
4.068722
-4.573716
-7.741256
-0.132829
5.097795
2.962905
-6.971192
-4.542296
-5.081264
-2.371328
4.910553
-7.236004
-1.778105
6.637318
-1.870903
-4.180010
1.557599
-5.230989
3.866833
-5.630062
-4.615599
-2.386871
4.207450
1.092686
-6.344888
-3.184312
-6.243097
-7.009887
0.922390
-4.003702
0.450427
2.239997
5.078578
-0.656287
-2.488025
3.074857
-1.712518
-1.487198
6.207022
-4.441538
-0.920755
-2.955109
-4.494434
-4.224786
-1.566050
-4.788589
6.825963
-0.516652
-1.082922
0.890085
-6.580005
-7.280407
0.058814
0.416022
3.112728
1.027054
7.664433
-1.099837
-2.022571
0.198283
1.195651
6.001185
2.995190
4.945537
2.864077
-10.603393
-5.655217
2.714752
2.688296
-3.136425
-3.241158
-1.974190
-5.697526
2.858004
0.426231
-2.334934
-2.794475
-5.238087
-7.133222
0.609612
-6.150881
0.261067
-7.749058
-6.733803
3.561847
-1.233398
-1.934439
-5.001264
3.581255
-2.426308
2.519998
-8.376040
-7.414222
1.399765
5.790270
7.837778
-5.597545
-15.098958
-8.999392
5.390854
6.915797
-3.549674
-6.682588
2.039137
-12.215454
-0.209477
-4.561275
0.090928
-4.612684
3.859389
2.834369
7.327172
6.463635
-5.214783
14.350085
-4.697185
4.605751
-6.970128
5.813965
4.894088
-15.138965
-11.923085
2.152075
-0.419209
-8.750463
0.602082
-8.325152
6.764528
-17.732086
-6.312178
10.064386
8.250533
4.694899
3.304256
-21.119102
13.193538
-5.385348
-3.399106
2.890038
9.066952
-3.565993
-1.439583
5.842395
-1.924423
-3.330575
10.243169
-6.058305
-7.496727
-6.487728
1.961313
2.600997
3.105367
-9.162323
4.359019
-11.519591
3.785128
2.159876
-4.140233
6.521398
-9.167021
-6.340582
4.729898
-3.113562
9.723812
13.728763
-3.448225
1.241312
-3.179896
0.208371
-10.731457
-1.217636
5.640289
7.828810
14.224453
-2.304142
-4.091537
0.381916
-4.269260
12.293470
-2.101026
-8.194805
4.106332
-2.428819
0.689870
2.459639
10.252344
2.905539
3.909696
3.107803
2.981728
-0.093071
2.635055
9.401795
-7.078336
1.475839
-5.427627
3.744148
4.468920
-9.394329
0.138313
-0.481618
6.433679
3.768656
-4.308511
3.956514
-3.977117
4.616502
-8.179822
-1.409803
5.496950
1.647393
-0.760288
1.311141
5.528738
1.233971
6.668741
10.524328
-0.996160
-4.695213
-0.155378
-1.427495
1.851715
-1.969282
-1.873903
-8.848523
-4.912826
4.875926
-4.834573
2.315091
1.609958
4.289320
-6.251506
-7.301167
4.738126
1.916227
-0.327142
-11.969469
-5.916689
-9.690646
-6.074127
-2.152534
-4.106297
7.768912
-2.967419
-5.157446
6.876684
-10.883415
-1.848774
-1.445485
-7.653088
2.677871
1.029792
8.608665
2.539853
2.855881
0.749072
-4.560222
3.143824
6.476840
-4.754979
5.083571
1.773383
-0.333924
-3.990648
2.682270
-1.138398
-7.884972
12.187912
-3.267902
-8.561235
-2.392569
-6.444279
-2.957817
-0.806463
4.845117
-5.670090
-0.851850
-3.222189
1.642540
4.645942
-9.835780
-0.611892
-5.809163
6.766230
-5.842951
-0.290338
-5.342062
-2.307853
-1.231349
8.252626
-4.789730
-6.196075
2.386987
2.695730
1.611463
-9.078184
1.629305
6.710823
6.126628
-0.171826
-6.026995
-1.745072
-7.999503
1.246269
-3.849020
8.935433
3.664434
-3.996395
0.565896
-9.596159
-3.673742
5.532973
-5.286571
5.482062
1.198138
-5.442228
6.856509
0.488099
6.247259
-1.946712
5.605550
7.517766
7.482121
-3.563727
-0.908713
2.501912
-10.012775
-1.688102
-7.207556
-4.774621
3.588236
-0.745717
-2.636979
-8.981839
1.648036
-3.142595
-4.000636
0.449340
1.884796
-0.332093
9.841468
0.617214
-8.280482
1.537214
-7.828176
-9.314633
-2.651856
3.105477
-5.300220
7.061231
-1.205287
-0.771479
-0.813500
-0.204359
-4.354391
-5.225137
-1.844682
-3.364679
5.036143
8.774813
-3.700741
6.593049
-3.862397
-4.793339
-8.471297
7.661875
3.077250
4.656360
-2.551955
1.904618
5.431247
10.616351
7.615314
-3.739256
-2.452749
-5.195024
10.911255
-5.838428
-3.760307
-9.501724
4.564260
3.800732
-4.617352
1.146835
5.489393
-11.334937
7.789398
2.565889
-3.247401
-3.098378
12.001459
4.822087
-5.374723
-3.538285
1.059680
-2.368262
7.249832
-1.716095
8.192595
-1.276844
-17.024662
9.781300
-6.821399
1.209525
4.457577
-1.334439
4.261510
-9.230312
7.342167
-2.159431
7.593186
-7.602634
1.906063
-2.470314
0.134199
1.204630
-9.994772
-4.005786
-4.888797
2.700313
7.486876
5.083977
-7.864489
-4.682670
-2.261840
8.206697
13.304068
4.351186
5.705976
5.720926
3.404036
-13.178009
-3.557978
4.785165
3.818614
1.028985
-3.095026
2.108420
-0.563605
-8.679852
7.016235
4.372986
3.959174
-7.857891
-7.056755
7.970968
8.399631
8.890200
-4.329479
2.192932
-4.489100
-4.940139
6.848647
-3.871937
-0.865702
-6.894199
7.813057
-9.135109
-1.617347
1.638126
-0.888437
1.172208
-1.439455
6.582589
-9.739815
5.765350
1.673916
-8.053352
-6.942151
7.946360
-5.913501
-3.651288
5.191797
-4.847244
8.493892
-0.418282
-5.559787
-6.507493
8.673792
5.798874
-2.939430
6.349422
4.185502
6.869023
8.220266
-0.799229
1.682703
-3.121985
-2.251485
0.625581
8.265463
-6.623328
-8.766649
6.265462
4.450047
1.735459
-1.711127
-7.011894
-4.952699
-3.986411
-1.743533
-10.615611
-3.221831
5.273128
-10.008010
2.456908
4.738167
2.655943
-11.105449
-5.844676
-0.524998
3.517158
-18.304419
3.731138
10.602007
-0.152370
-6.383327
-5.074730
-4.715757
7.405911
2.694945
-10.346254
5.775599
1.169780
-1.194692
-2.768163
4.065670
-5.061953
5.180042
0.566911
-9.106128
-5.640404
-6.825399
4.214150
9.556797
8.624189
9.678660
-0.889584
0.061648
6.897498
4.025437
2.130368
4.226462
-1.979571
7.782236
2.798308
2.106039
2.101668
-4.238751
-2.641976
-7.115442
-0.473366
-3.157215
-9.111971
-2.608798
-2.040747
5.679551
8.461252
4.549920
-10.248339
0.031487
8.037039
3.422057
-2.709636
-0.190838
6.465757
-1.709487
0.655812
6.883866
2.038175
1.989977
1.480939
-0.199113
2.814785
-2.757869
14.102770
12.057289
4.151980
2.390406
4.400943
2.297720
0.825314
4.663978
11.739193
-7.563949
-10.297328
2.091034
4.040376
4.653904
-7.716843
8.838974
-5.243580
0.179202
1.005643
-8.111811
-3.465668
-0.007099
-6.016916
-8.342220
-5.310810
0.133190
2.769073
5.596359
11.059477
-3.441396
-7.136199
-4.159731
14.139414
3.782766
-3.676328
-7.262897
4.506265
0.057519
0.791737
-1.076676
0.932679
-2.473768
-7.659655
-5.061385
5.650050
-9.277002
3.728224
-9.693952
-6.219769
-5.300605
-2.556415
7.049103
5.828014
-0.908703
-1.298445
0.389030
-4.225498
-11.349557
2.590565
2.997554
-7.680866
8.764907
7.294088
-4.393352
2.813905
-0.181895
-5.643160
2.086595
-4.097926
2.364680
1.924828
-9.571495
7.600200
-0.248737
3.003820
-0.511055
11.394671
-5.705671
-4.108595
-0.635187
3.487783
8.195144
0.314891
0.105535
9.354440
-8.958707
4.144343
9.069177
-4.252237
11.238707
0.236859
-9.226335
-0.606376
8.333383
8.477923
-2.140105
0.717489
2.709736
10.982184
4.027881
-10.096386
-4.836931
-0.775507
-2.704371
2.601506
-0.093467
-5.779104
7.761683
-6.484888
-6.740914
-5.378293
3.363922
7.757708
-1.379488
-18.175903
-5.524379
-1.578017
-1.997661
8.408458
0.011803
-3.560184
-16.506777
-13.185495
-3.011295
-6.984137
6.806355
9.552112
8.762457
4.620080
-1.463228
4.374975
0.596036
-5.845432
2.403924
-5.206397
-9.641183
7.568921
3.919515
3.413249
4.169403
6.225145
0.942249
-7.574698
-0.018514
0.162399
6.556112
13.526130
-6.813382
-4.606799
4.785645
-1.695812
6.825377
-0.542808
8.009631
-0.897811
4.330132
-8.292723
1.076143
-1.891904
-14.722836
-4.708812
-1.384390
1.317635
-3.306751
-1.358724
1.841768
-4.647827
-6.454456
8.917083
0.148791
-0.686585
2.031811
0.306160
-5.855629
4.632810
-5.427516
0.058032
-6.002561
-6.833247
10.886934
-1.070303
-2.749449
-1.706369
4.105746
-1.447231
1.079238
-7.062658
-0.050557
-8.205013
-5.286223
6.057844
-5.070199
6.627244
-2.112258
-9.555743
3.878660
3.617824
-2.660300
1.541969
-3.267903
-2.363948
1.840987
4.673227
1.194552
-2.765652
-3.401996
1.626263
1.910037
-4.903255
5.068258
10.391206
-4.920568
1.252347
0.051771
-6.057726
1.184358
4.183584
-7.597437
-5.479877
11.076602
-4.320143
-2.061605
-1.919440
-3.819854
-4.471430
-6.527534
-6.401143
-10.447600
-2.066461
6.729544
-3.811169
11.359274
4.065992
-3.649534
-4.114790
8.037956
0.857592
3.933589
-1.326255
-6.148180
5.285879
1.684580
-3.209786
1.071262
3.934764
-17.207949
-5.680975
-10.491674
-10.659783
0.205862
6.314833
-5.313160
8.935514
-1.982162
16.978638
-9.277409
5.265266
3.958965
5.592865
1.789975
3.861535
-0.403675
6.598986
-2.897285
-10.352405
7.209538
11.214067
-0.270887
-1.246076
3.487725
2.658744
1.642155
-2.914126
-0.994143
-2.442300
-1.905038
-4.718057
-8.867081
-6.081603
-1.912599
3.797107
4.684983
-4.187531
2.844282
-3.071675
2.061480
6.993381
-5.338106
7.620448
6.996024
-2.627594
13.160588
-5.430636
-1.444299
5.150318
3.012088
-2.062788
0.853654
-3.533707
-10.061076
-2.809806
-4.421084
-1.663597
-0.801562
-1.275312
-1.829521
4.411411
4.308246
-0.433137
8.362175
-4.314249
3.128176
-3.848503
-0.937190
-9.153007
-4.885489
6.932051
8.123344
0.361511
-1.115237
4.983348
-14.232759
-5.678974
-0.371511
-7.553224
7.096505
6.608880
-11.462046
-4.363224
-11.460004
-0.120582
3.663543
3.897247
7.063763
6.890264
-1.671713
-3.688734
5.112920
6.910413
-8.699893
-1.319454
-0.290647
3.067658
-5.342525
6.478641
3.880582
-7.865152
-4.751256
-3.814557
-0.068066
2.902356
-6.503794
-5.379992
2.874039
-7.623793
-9.903089
6.974609
-2.395006
-0.606494
-4.563319
-5.333025
-8.070986
-5.562748
5.204351
-9.475228
1.307098
11.919893
1.929260
-6.373328
5.158719
5.580894
9.259830
-6.225287
7.063879
6.047983
11.515847
-5.463746
-5.444800
-9.308765
1.814478
4.468274
3.222884
4.270548
4.051594
3.401540
3.627741
-0.968574
3.848572
14.512145
0.717838
-2.309635
-2.274847
15.741895
2.595425
0.718240
-1.439841
-9.608497
2.881274
-4.063965
11.501069
-2.165884
-5.096786
0.744173
-0.688773
2.931702
3.405229
-3.567959
-4.266051
0.752791
4.173139
4.627221
-0.853224
-10.092451
0.822331
9.249683
-3.394013
-1.709141
5.047802
-8.822171
-4.002717
-2.009491
-2.739538
-1.384745
-6.520864
2.047148
-7.724196
11.387721
1.423097
-0.274552
-3.846037
-0.262209
-8.212287
7.070274
-5.117545
3.304881
-2.274640
3.939069
-7.593196
1.934259
0.749063
-5.482765
8.675053
3.154205
1.459376
-1.715700
-6.379202
5.265416
0.321289
-2.658845
6.984978
-3.379041
1.776054
-2.166656
2.428498
-3.311428
4.392706
6.919064
0.273188
-9.242185
3.131046
-6.775814
0.390212
5.292313
3.444417
10.293934
-9.743087
-0.399249
-7.319970
-6.272429
-7.473987
0.105677
6.581298
1.616468
-4.361998
6.257811
-11.165831
0.191460
4.490715
1.630233
5.851244
-4.708673
-3.611256
-0.155755
-8.052942
-3.426976
3.429186
8.312355
-3.764626
-9.777486
-2.885566
-0.262240
-13.098204
-3.192762
2.144918
-7.538546
-2.418746
-1.097659
4.337704
-10.811079
-4.802119
1.546428
0.291022
11.515795
-3.938907
11.293479
-6.462431
-13.531509
2.926884
0.537501
5.043998
3.832743
-4.542337
-2.683585
6.630692
9.667072
-5.241148
10.129028
-0.098790
-1.725745
9.075554
-7.819283
-3.423122
-1.631932
-0.177581
5.529593
-2.267168
2.845582
-2.564548
2.204179
-3.514924
3.205612
-9.538342
4.672226
-1.806409
-0.529411
0.442525
0.856542
-3.168906
-5.502738
-6.784469
-1.825782
-2.206285
2.740425
-8.018971
-4.486011
10.198694
-0.775673
8.800971
-5.642044
10.737824
4.243498
-5.474212
1.563745
6.031936
6.715859
-6.476936
6.310271
-1.113111
5.327778
7.224318
-3.096988
-6.712607
-3.873906
8.388330
1.311597
5.138167
4.396826
2.587603
-1.558921
-7.854584
3.291681
-5.655463
6.763077
0.948360
4.417550
1.461468
6.619647
-2.914698
7.044653
3.525671
3.983067
1.887009
3.711123
6.840257
1.093785
-3.327760
5.124173
5.533395
-3.508275
-2.267493
8.130281
-5.310273
-2.673577
-7.470349
-2.800554
-0.321572
-2.272675
5.432582
-8.673387
-0.448835
-3.494935
-4.365970
-6.020613
4.025036
-5.220899
1.896522
-9.037058
0.415788
5.233603
-7.612044
-1.160716
-14.099149
-0.503509
-3.735303
7.253219
3.374382
3.800836
-5.375672
2.255209
6.007871
1.452699
2.711414
5.893619
3.501552
1.738391
3.640464
-6.539281
5.070335
4.516210
-1.433123
1.388424
2.971831
-2.305819
8.389553
6.138874
1.280156
6.186685
-5.941386
3.770857
0.003141
-2.570086
0.614952
-4.984417
0.184149
-2.342407
-0.936475
1.279570
1.087053
-4.425093
3.843061
-2.189868
7.119367
5.089160
-5.010985
1.208025
-3.452998
7.290766
-0.569802
7.044248
0.136412
12.420942
-3.682853
4.780846
-3.560729
7.773577
-12.745853
-5.064810
5.338013
1.884060
-6.438699
-3.740397
4.710021
-1.841174
-5.775293
-2.413735
6.355407
6.350986
7.788360
2.666167
4.923108
14.727502
-4.430717
1.490735
1.043910
1.338718
-6.303239
-0.206104
-7.210786
4.544744
7.369569
-4.535299
6.516874
1.265532
3.070064
-4.194675
4.445649
2.202977
9.982919
-3.095006
6.915098
-2.790278
-6.479476
-6.160174
-8.846133
-1.346895
-22.195917
-11.670384
-2.439023
10.154937
4.052194
3.446413
-17.708858
4.308021
-2.192292
-3.746971
-0.922647
9.728236
-2.639604
4.923057
7.383058
-6.594708
-1.387109
2.679558
-3.677890
-2.076148
7.929419
2.520806
1.980860
0.918739
-4.720013
5.537499
-13.059946
-1.789246
-1.901971
-1.046756
6.701704
-5.719699
0.673166
6.483307
-8.582191
-2.893029
-9.360099
-0.492155
1.161249
13.234742
-4.780840
1.291160
5.443569
7.420797
0.981750
2.159591
3.886304
-7.605447
-3.149717
-1.769443
6.484278
-2.325995
-1.490716
9.521487
-3.135926
-4.554529
0.163692
0.511910
-1.340242
0.947692
-0.018665
8.168593
3.838354
1.894511
7.636070
-2.252620
-7.165273
5.752367
-0.915185
-6.098439
1.767992
5.519120
-4.249387
-0.494541
2.731060
-1.591364
2.974861
-8.394061
5.961083
-5.562145
-7.597691
-12.528627
-5.112577
-2.799177
-1.651422
3.408322
-5.014093
3.938073
2.567219
8.238025
13.062664
-1.418751
-7.254105
1.690984
2.437419
0.038134
-4.623039
-0.746510
-4.871803
1.195444
-6.834288
1.151244
-0.559030
-2.478002
1.149494
-2.349496
2.913481
-2.327790
2.805963
1.649149
-8.341665
-11.113020
-8.828622
-7.267559
-0.694881
-3.546920
-10.130768
-4.844349
7.767048
1.024413
3.042633
6.135330
-6.251685
4.839501
1.144651
7.690901
1.078342
-3.739486
1.145584
3.629464
-0.968533
6.844790
-5.220831
1.395185
-1.778466
-0.316003
-3.101670
-8.641459
-4.138952
-2.714854
-6.076732
-0.590721
0.917981
0.200717
-1.010217
0.501159
-1.007407
-6.700022
-2.149348
2.517407
-8.991956
1.895021
-12.948090
2.687209
-2.686575
4.794261
-4.832567
2.380079
-2.378099
12.159197
1.815468
6.357440
-7.218265
8.196164
-5.124738
-2.927036
-1.535919
-2.888885
3.228980
4.378933
7.911672
2.914307
-1.603405
-4.463174
-1.622738
-2.325632
-6.466772
-4.318454
-3.587277
0.690712
-2.160350
1.983267
-5.512712
3.116275
-5.240433
14.207507
-4.715481
-2.111786
-2.532500
-1.334631
2.794424
-1.836938
-14.834813
1.459689
-5.066606
-8.206818
-2.896734
-3.112939
-13.728403
3.796999
6.174637
7.752645
-5.749096
4.444057
7.285423
-2.716007
3.921035
-2.732135
-2.515973
3.456659
1.686448
1.890726
-9.627575
3.222857
4.997111
1.559560
-2.861652
3.869960
-5.492055
-5.570224
-4.106680
6.543710
-3.065443
0.629339
8.333021
-4.126805
7.542175
-1.668121
-13.767216
3.346478
11.624005
-4.720248
-7.717107
-0.712370
0.417341
-9.305315
1.271903
-1.902194
-2.730457
4.742801
1.495074
-1.478143
0.568554
6.149708
-3.034116
-11.856850
4.133079
5.784118
7.455144
-1.912003
-3.433277
5.953655
-0.778608
2.060500
6.098603
0.584475
-1.675820
-3.862576
7.058060
-0.333917
-6.460476
5.213959
11.135465
12.139159
-0.871684
-0.218866
-11.782350
3.684512
5.652553
-1.852810
6.104963
-1.673679
-9.702582
-13.892638
-3.324298
5.924278
7.241986
-2.032592
8.095749
3.648751
-0.127189
3.829175
1.829091
8.714253
1.877134
-4.955772
0.763096
-6.178143
5.911497
-5.909060
2.288877
4.213490
-6.740401
0.591237
4.541805
2.365171
-2.045954
8.750665
-2.716457
0.009577
5.985018
2.702985
4.612071
-0.691811
-2.700797
-5.480361
1.822735
1.845480
-5.507993
-2.178722
2.433372
2.820915
10.069123
-4.348482
-1.560255
-5.975482
4.899904
0.342212
0.478065
-5.145758
4.794511
-5.590429
-2.334433
0.696395
-4.944393
4.621631
3.986926
0.167999
-0.300136
-1.564934
-5.265581
6.024967
-2.712436
6.499932
6.239531
-1.456184
7.316257
0.863259
-5.732769
-5.901691
-8.397806
-2.726981
-4.855654
-0.742878
2.078854
4.454083
-2.131732
0.124014
-7.127677
4.826202
-0.103081
1.693783
2.140803
3.219101
-3.079142
-1.663897
-0.517262
-0.966015
3.179291
-2.864255
0.253260
-3.960634
3.004750
6.617910
-8.232552
5.589460
-0.273689
0.184292
-6.814236
1.816480
-1.436114
-8.605337
-6.652277
0.014059
-3.001657
4.917057
-12.886013
0.298602
-0.403849
5.155589
3.217980
-1.776936
-6.333102
-5.731838
13.023540
4.082015
-3.822968
-2.833869
-8.128715
-4.928301
-14.038947
-15.833789
9.159688
5.119328
-2.621119
0.771799
-4.820848
2.747352
3.887687
0.187529
6.280887
-6.614767
-3.680979
8.641449
4.042299
-0.080157
2.987191
-1.782543
8.943698
4.909793
0.172709
0.219459
3.545094
7.476646
-7.507058
5.854102
-5.988966
-9.028269
0.414676
0.673907
13.135194
1.553511
9.943548
-1.872792
10.113302
-1.364268
-7.222849
7.440546
5.031052
-15.891953
8.234666
-2.941785
-2.406240
-2.583077
3.421374
-8.022797
1.301205
-0.909686
4.009826
8.127627
6.541192
1.492456
8.572795
0.170333
-2.950893
2.693259
-0.072338
2.075263
-3.133206
-5.601438
-1.259488
7.436183
-7.650642
1.969169
-9.128710
-1.442670
-3.733713
0.625719
-5.032441
-0.457690
-8.529166
10.039000
5.170487
4.544434
2.957428
12.434846
3.464148
5.949084
2.938190
-0.551682
-5.022919
13.687379
2.391248
-4.887688
-8.168192
-14.499900
1.283053
-0.545036
-2.554733
6.808847
5.122905
1.286929
-7.918293
-2.452897
7.331322
1.835473
10.218730
2.279148
1.279582
-0.537120
0.490536
6.905965
-3.475890
6.045798
6.788287
-3.548585
-6.554362
-4.174505
2.561476
-1.477048
5.218397
-6.408624
7.630609
-6.682133
-4.252806
-3.147817
7.234776
1.212013
1.685287
-2.940988
9.602759
4.236974
-4.037097
-9.824264
2.334217
-2.726909
-3.020945
-5.723331
-5.016514
-6.261401
-5.101839
4.840717
4.458163
10.737816
-0.568927
-0.044803
-2.432606
1.247353
-5.483502
-4.012530
-5.412921
3.614336
-3.898245
1.639675
-9.881455
5.215437
-6.811101
-7.936167
1.319706
-6.244992
-9.205770
-11.491154
-3.389671
-0.853092
-2.810256
-9.709538
6.947177
-1.367699
-3.495122
-0.471843
1.351262
-6.161539
-0.601975
1.620648
9.278440
1.346125
7.403112
4.923047
-6.513656
2.643264
8.032142
10.552748
0.152547
1.241191
-1.904799
-1.514195
4.423954
-6.322744
4.090404
5.662800
3.830812
-1.915164
-5.718933
4.455913
-10.375876
2.902707
-15.226424
-11.761360
5.922640
1.910060
5.054201
-4.601185
-15.292573
6.179798
-13.061782
-1.642522
8.709351
-4.511452
-11.941247
4.502277
0.989752
-5.892620
-10.706842
0.039686
6.659412
-8.958359
8.203167
4.933804
-0.631123
-5.349720
-2.582924
4.681284
3.182332
0.663438
2.986300
-11.939880
13.185821
2.100842
4.148515
6.095671
-3.908702
7.039104
-6.204586
-8.412621
-0.641483
13.742221
-6.605915
-0.557859
9.846797
-2.135819
8.324446
-3.678740
6.617739
-1.260069
-2.366135
3.665130
2.525709
6.819390
-0.553187
10.246041
-1.648317
-0.666722
-4.661816
3.744968
-7.894161
-9.133599
-0.029455
3.078530
1.708914
-2.708053
1.642530
2.351073
-3.618935
0.555098
3.184250
-0.046403
5.792078
8.574841
1.061432
-4.805404
0.489910
-0.432137
6.428806
-2.534700
-3.167812
0.557631
-5.280826
-1.816882
-8.395267
2.714801
11.032439
-1.537860
0.943614
8.523802
16.676624
5.607370
-7.714806
-6.684987
-4.198240
12.238454
-7.251266
5.920699
-11.120227
15.235115
-7.475383
-0.132358
-2.639945
-7.476492
-4.527967
-5.237248
-7.441693
1.779486
-3.813952
1.438952
-8.352534
-1.445761
-8.696119
-9.035638
2.221233
6.191166
4.912625
7.163763
1.979026
-2.273893
-3.079206
8.544629
-8.563637
-0.451110
6.514944
-10.567438
-3.908208
4.779255
-2.124003
-8.359544
-1.571062
-10.485306
3.445898
-1.208190
-1.030876
4.916984
-2.596051
4.304473
12.118670
-2.547310
0.938314
-3.752591
-3.781637
-0.385007
-2.913549
-0.213615
11.101601
8.499219
-5.876376
-0.470431
-5.498756
10.727378
-8.526485
1.148176
-4.974474
-3.026942
-9.329080
-4.223723
7.511050
6.131937
7.778865
-3.949011
0.482001
-6.943610
2.176915
9.537477
2.342368
5.811827
-0.871910
0.519457
0.328392
-6.697266
-4.258518
-4.133783
-5.199196
-9.017693
4.234634
7.609648
8.191227
8.326516
-1.072262
10.465460
-6.427420
-2.890989
5.168816
4.904153
-16.794584
-13.823148
9.683850
6.917547
-2.808074
0.605393
-3.744668
-0.979550
-13.550467
-3.758232
2.712057
6.213653
0.448987
-6.209999
12.055681
-8.849026
-4.346640
0.691326
-4.476185
8.967602
-8.746027
4.093213
4.264700
-2.639195
8.951403
7.197846
-18.179121
-10.471691
0.563184
2.601228
4.771958
3.668504
-1.669815
3.782624
-9.212636
3.167428
4.981233
-2.030681
1.460524
3.863485
9.727751
-2.994772
-0.636154
3.936276
-4.467322
1.085693
-4.350068
-0.692946
6.016538
-5.488911
-6.197514
0.861020
2.419850
-7.913381
0.688250
0.642447
-2.603618
3.253258
9.042207
-8.859062
0.712868
-4.257908
6.106149
7.158298
-6.618088
3.525655
6.089282
-8.365419
5.896417
-1.588035
9.579686
11.085073
-3.577733
5.793405
-5.988362
-1.862020
-2.992201
0.876127
-5.699262
2.125034
1.879030
6.423576
11.009321
2.403295
-2.604664
-1.534466
-0.316434
-3.073852
0.208183
-6.261731
-3.537862
0.040609
0.980481
-7.004048
-6.069337
-9.023810
2.348397
-6.452715
6.100015
3.807216
1.913812
-10.509029
-0.983406
1.919155
-3.233808
-1.566319
1.770753
3.037820
-1.174739
-9.208267
6.502146
7.562694
4.374550
0.445753
-8.246649
-8.406890
-3.226573
-12.926817
1.246958
-1.221733
-10.967013
-1.632242
-2.327135
-5.524562
4.293472
2.998587
5.765631
-5.696113
0.734560
-4.603199
-0.734389
-4.421871
8.008831
-6.977715
7.547089
2.614710
5.828158
-1.040088
1.199763
-5.224173
3.295475
3.834557
-3.924977
0.025681
0.982556
-7.054898
7.548403
-4.707153
-2.843877
-3.935583
1.982764
7.472651
4.740709
-1.395242
-5.180960
-8.209389
2.733601
3.629815
-4.284335
-7.920972
-4.718344
-1.850823
6.724704
-1.577759
4.008348
-5.193766
3.482821
-8.546873
-3.199200
9.320232
-1.662726
1.218588
6.175168
3.394897
-1.837763
-1.327338
9.420692
-0.712128
4.637462
-3.859168
-5.040223
-9.762688
-2.795910
7.664878
-3.842512
7.488851
7.752555
6.557652
2.936003
7.730182
-6.714476
8.133775
5.396389
3.614551
1.832880
-6.836991
-3.859177
-1.751783
3.786855
-2.087057
-0.465349
8.914205
-2.856745
7.766817
-6.691120
-5.603997
-0.024256
-1.282997
-2.508242
0.206056
2.081433
-0.574890
2.659212
-1.860926
2.163171
-5.452907
-2.638379
0.963190
-5.104626
-2.472789
2.871393
3.394795
-2.554103
0.984497
4.847964
-6.707862
-5.495126
-0.493008
0.442618
0.010868
-10.263874
5.097994
10.907488
6.570812
3.950662
-7.674594
14.318702
5.443727
-2.095448
9.122382
-2.315088
1.279008
-0.599952
-3.774930
3.634860
5.590417
2.297920
-8.475028
4.427953
6.540111
3.641874
-8.118704
3.484886
5.158452
4.304431
2.525719
0.605018
0.897213
-7.195952
-2.457932
5.379295
6.921678
-1.633075
-4.836260
-2.460119
-0.519420
1.195471
2.708827
7.003884
5.807084
4.753182
-3.930816
-3.371554
5.203278
2.961752
-0.841368
1.815709
-1.299784
0.135684
-1.965680
13.840432
1.338925
-6.141274
-4.828348
-10.727405
1.766921
-1.045519
-0.574616
-1.573951
-3.344294
-2.503041
-10.793436
12.393456
0.511035
3.964422
1.449400
9.980283
1.554921
-6.892320
5.479688
3.944945
-2.496897
12.767599
-3.036706
8.773001
-7.110239
-5.796554
-2.750108
1.772533
-1.786907
-1.449404
-4.398249
-9.728192
-0.520194
-7.625639
-5.023388
2.967398
-0.378380
6.782761
3.093522
8.847420
7.153327
-1.910500
11.008267
0.408159
-7.536897
8.645185
-8.327291
8.013325
-8.993473
0.984974
3.878574
1.099459
0.747459
6.739728
-4.966637
9.145523
-5.450027
3.963861
-3.131943
-5.741169
-3.170863
1.624841
10.600451
4.376943
-0.416383
3.221721
-12.110799
-2.456305
7.479928
-8.593444
-6.725463
-13.559518
0.291728
3.098108
-8.668755
-6.218200
1.710353
0.440012
0.320301
-3.091138
-2.935059
0.242733
-0.748792
0.371277
6.976635
0.128153
10.720021
1.663026
6.036805
-11.222017
0.426966
-8.106511
-9.352115
3.004943
-1.745663
1.683841
-1.013476
-5.396119
8.541387
-8.383438
-3.931028
-2.489928
13.346887
-15.526903
-6.440701
-2.329947
-5.238477
-9.151748
-0.148749
-2.483618
6.634925
-2.645029
-5.731600
0.856848
0.055896
-4.198491
-5.764099
-10.822901
3.176444
6.374411
-6.666522
-13.791151
11.210907
-3.028126
2.348580
0.833505
-0.880550
3.747137
7.790104
-4.897315
-3.603340
-6.314315
6.768258
4.775249
5.289674
-4.258610
4.132476
8.111464
7.506672
4.683259
2.071922
7.265626
2.210238
1.439070
3.899333
-1.391697
-5.816900
2.880726
9.640978
-6.035336
0.188224
-3.889274
-4.036873
-6.730161
-6.191123
-5.481596
-12.902016
2.384018
-0.701814
-6.676970
10.879491
1.156154
-3.337301
-1.020463
10.411368
-5.146252
4.054731
-8.651814
-3.084840
-4.339139
2.336587
5.208566
2.094924
3.226582
0.133580
12.725100
5.043895
-1.897176
-0.457227
-0.142295
4.085592
-0.883357
-4.065350
-4.693367
-8.388697
1.171078
-6.822859
8.961143
-1.074661
10.100899
-11.089012
-13.151453
-13.582502
-4.101903
0.620995
-2.042002
0.719309
1.897940
-2.467102
-11.202708
-6.795323
-5.524868
-9.140401
-0.651421
-2.037547
-0.445660
8.591156
-6.846339
1.967161
-3.296690
9.423647
-2.623191
-12.379059
-6.922720
-0.962397
4.456701
-5.434333
-5.123343
-7.648838
-2.682570
-9.742901
-7.251346
4.691897
-6.799874
-0.392785
8.481779
2.688696
-2.510167
3.895684
-0.805010
-6.481482
1.249130
5.033074
5.086872
7.414103
5.099788
0.827874
6.871027
-6.059622
0.009471
3.513233
-5.590175
3.265829
1.779784
4.265892
6.441937
-0.650462
-0.004669
-5.043529
-4.400379
10.255474
-4.207486
5.430100
-2.391083
3.839440
-9.359497
3.419543
-6.577803
11.613312
-1.126710
-2.425673
6.609681
17.987688
3.765335
-11.644256
3.960721
-1.149138
6.211361
0.370894
-0.441120
-8.120063
1.503218
-12.813386
-6.624890
-3.858838
-4.738715
1.251892
-5.543839
-9.518430
-2.773350
1.463566
3.491875
-4.493771
5.317229
-3.138597
-3.304208
0.516174
6.164658
2.756488
-2.276694
0.723740
3.405364
-9.082644
2.141355
6.313041
-7.266324
2.855550
3.326351
3.488706
-8.888885
-2.839054
-9.590010
-0.856452
-0.726093
3.577806
7.487511
-0.195473
-5.836999
-0.838882
-6.686648
-0.207841
-8.085541
-6.174487
3.082402
4.637277
-4.697891
3.940574
0.448198
5.210710
1.538705
-5.971094
-6.609376
6.123464
13.110915
0.571183
1.710245
0.297792
6.362693
-1.775528
-1.051798
-2.875909
-2.885018
-0.464429
8.876046
-0.733564
7.107915
11.327680
0.480067
-1.824589
-4.926892
-9.751496
7.330328
2.145535
-4.158897
-0.779645
-3.586020
0.554457
2.914891
-0.043098
-2.592568
4.366044
-6.561395
-1.271741
5.578265
0.950273
-2.222289
5.433544
-0.454344
0.904124
2.030862
4.545377
0.893027
1.046262
3.033967
5.074406
2.192007
6.229028
-4.133993
-3.417987
3.626764
-7.813462
-3.242317
-8.807432
-8.935971
-6.749949
-1.969204
-3.790228
1.131390
5.966673
-1.536639
5.458889
0.292068
3.431311
3.804925
9.308996
-8.771143
-2.726587
13.814145
6.139618
6.413889
-5.645501
-3.234542
2.318764
-0.692996
-11.368527
-8.319691
1.091904
-1.597724
7.016344
-6.817102
2.387376
-13.189331
2.339147
-3.287025
5.710874
0.854254
3.839606
-4.589911
3.960801
10.764413
-0.520972
-1.669268
-6.667609
-0.323377
-13.947821
10.155710
-8.660213
-5.986477
-0.881432
-1.951978
1.285064
-7.623914
8.061855
3.897101
-5.724279
-6.198593
4.442109
0.684367
8.502963
-2.532850
-7.178745
-0.162527
2.800304
-5.622956
2.898067
4.003576
4.859510
-3.630979
1.340713
-2.722152
6.131269
1.345675
6.603155
-7.729045
3.751279
-4.277010
-0.992835
-11.127754
3.739080
-3.027950
4.886504
-5.556980
4.315696
-11.180117
-2.373932
-4.239463
3.201056
-5.708496
0.790121
-8.541140
-10.899675
5.567534
5.128214
6.500134
-9.689679
0.955144
10.507710
-2.935355
0.200866
3.361781
5.835488
0.430521
3.785737
-4.269731
0.135774
-8.740535
-6.935029
1.142542
9.388799
-3.506443
3.398970
8.194510
5.660737
-8.501365
-7.990120
0.257906
7.411879
-16.492924
-19.546999
6.773807
7.283125
4.122905
1.755862
-4.154269
-1.270150
-4.351201
-8.833405
0.128091
-8.508143
-2.332154
-0.602881
-5.751460
10.603509
-0.315280
1.909892
-0.759213
10.866981
-9.166849
0.197329
-1.988223
-2.749104
10.807980
7.741698
-14.834471
1.295041
0.508665
1.129203
1.548864
-1.091871
6.647825
-0.774820
-5.383393
-1.345077
5.795681
1.996833
13.189513
-8.029263
-2.686406
-2.133995
-9.859994
5.724463
1.303700
-3.490174
1.185593
-3.539344
-4.588694
-0.852671
5.989565
-1.582345
-2.281091
6.062416
1.972519
-0.877326
2.189762
3.562636
4.222593
4.053809
3.938181
12.734819
1.060975
-4.068987
2.683783
5.558157
-7.956218
-0.644069
6.827904
5.613852
0.714961
4.060546
1.776872
-8.009609
-4.304147
1.955928
7.057718
-1.196519
-5.268408
1.202389
-7.895122
-12.167766
9.073770
-7.079042
7.033766
-1.843547
10.551105
-2.238124
-5.887054
-6.012646
-7.531746
-3.634925
6.822186
-8.745590
-9.866538
-1.782097
3.554914
-7.180705
5.432319
0.232192
-5.654512
-6.003327
3.080809
9.931477
-18.602783
-10.517567
-0.809139
0.936354
-2.136939
-3.308694
-6.667027
-6.816749
-4.749065
4.728749
5.397000
-9.596459
-8.785744
-11.077717
0.205704
-2.396230
-5.909467
-2.481659
5.495928
10.867229
-7.779539
5.900109
-4.740551
5.622581
-1.892367
2.859672
2.628172
4.875284
-3.631476
-5.813910
-6.600047
7.255288
-4.698692
1.488447
-3.449889
1.569223
-6.348792
3.945805
-5.465983
2.555155
-7.819977
-10.974978
2.448282
-3.063622
3.332819
-10.984779
7.331789
0.337319
3.858232
-4.568834
-1.712594
-8.447228
1.948824
-6.549898
3.156595
-4.837329
-5.223784
-7.063118
4.970201
8.605675
-17.057798
0.396333
4.488198
1.008698
4.904403
3.368822
4.168205
4.919427
6.078022
3.052142
1.077589
5.511614
-2.598930
0.435151
1.349675
0.787263
-0.235646
4.270541
5.208247
-6.072866
-5.820731
7.211983
-1.945467
3.605444
10.324835
-8.748451
5.429307
-5.169893
7.456481
-11.218826
-8.562436
-4.489205
-2.959334
-5.242074
-2.888865
-4.240127
14.620402
1.713962
-10.925981
4.052623
-3.911187
7.762840
-6.353435
-8.471662
-7.418150
2.785164
-7.020959
-0.048643
-2.866941
-2.718066
3.101314
6.948427
-1.869209
-2.019754
-1.271126
-4.199605
4.205612
0.584990
3.165755
3.291983
9.347121
8.275630
0.448888
-1.191524
-0.179766
-1.992900
-11.961726
-1.366325
-5.202377
5.720357
-4.591724
12.552221
-0.670009
-1.846451
6.120006
-4.094886
7.484182
-3.615377
-0.630565
4.412983
3.405148
6.218699
-8.062533
-0.325176
0.237801
4.485960
-14.546375
-3.381499
5.222553
7.147346
-2.646414
1.148754
0.155503
3.431229
-3.720029
-1.508135
-2.858628
-5.127821
-2.021900
-9.227778
2.105134
-3.563177
-4.919014
7.129396
-2.413911
6.251606
3.942818
1.962030
5.045334
-7.565335
1.783891
0.379572
4.185096
9.556674
-2.051473
-2.633122
-14.431545
-2.406987
-4.729482
7.552272
-1.790393
6.168024
1.635703
1.514943
8.906832
-7.880181
3.932714
-7.357989
-4.916111
-7.927399
5.627697
-6.828499
10.293743
3.487592
5.642498
5.282806
1.087271
-10.817538
-0.163048
0.815837
-4.151280
0.969700
4.795403
9.549452
-2.401991
5.998655
-0.539541
-1.153738
7.400805
-0.979144
6.169497
-5.370224
-3.578069
7.836380
8.622620
0.188097
-0.713218
-3.039855
-0.257602
-10.989811
2.922121
-4.614634
1.350988
-4.487651
0.152421
7.290216
2.555728
-6.894973
-7.558614
-9.004633
4.816505
-12.679389
-7.263456
8.829049
-4.119252
3.075575
-4.066071
-2.435013
5.173956
2.250394
-2.039953
-4.377563
0.600881
8.024420
2.474550
0.850823
-3.419808
-10.605827
-12.179108
-6.551013
-2.009546
-4.019714
-7.642546
5.727930
4.238958
0.939745
5.762163
1.800732
0.742596
1.119873
6.488679
2.897760
-3.320029
6.624387
3.485404
-6.807098
6.064489
-4.620571
-3.581826
4.223142
-5.083827
-8.045462
6.955643
-3.447031
0.141942
-4.510187
1.351509
-5.229249
6.688884
-2.390147
-3.461248
4.864414
-2.999929
-2.517482
1.240574
5.867772
4.297189
-0.970160
-7.866196
4.769560
-4.395542
-2.874868
1.744251
-2.964304
-10.287066
6.766364
-2.099355
2.175634
-1.302143
-7.243312
9.576591
0.296884
-6.142389
5.336796
1.053224
9.689715
-6.162383
3.525608
-6.110928
-0.769200
6.026313
-4.140061
-4.756757
0.294485
7.019325
-6.350093
-5.372993
4.064880
0.277387
-4.676113
0.961369
1.713483
1.759106
-2.424346
3.199137
-2.221636
-1.049500
-4.973076
3.978949
-0.743376
4.795704
-10.106933
-1.143983
8.484162
3.058943
1.212192
4.895552
0.581105
3.826311
-4.592845
-0.185733
-2.342208
5.931503
3.508782
11.191485
1.167083
4.667666
5.569033
-5.391576
-1.976876
3.854182
-6.902422
2.842934
-4.342297
7.799073
9.727101
0.367677
6.117393
8.364173
-2.322958
5.761355
-8.954710
3.618150
4.119907
4.499715
8.467838
-5.720101
2.555166
1.314353
-1.361963
-11.798219
-1.568680
-3.708752
-6.710575
-2.332549
6.203612
12.552421
10.908297
-1.977040
-9.989721
-5.856681
0.110792
-2.454026
-3.394638
-7.303437
7.313610
5.039105
-0.120861
6.471107
0.932804
-10.371559
-1.347648
2.616047
5.151603
2.928702
6.773015
-1.204962
-6.704179
-8.583014
-9.782913
5.457855
-5.068687
2.528950
2.402541
-1.545624
6.509426
6.176609
0.071466
1.821086
6.489270
3.129902
0.631176
-7.834359
-3.751553
3.277635
-12.129794
0.744373
-9.701640
-5.581522
-7.636786
4.802837
-9.691349
-2.196340
6.339814
2.943983
-9.348903
6.012060
-2.929431
1.428020
10.086349
-5.458174
-1.748204
-3.774039
6.864651
1.338845
8.587747
2.839911
4.230251
-7.561189
7.842998
9.669245
-0.989512
-3.088428
-1.684598
6.752169
1.724049
2.192958
-7.196161
-3.773687
-10.680853
7.137331
-2.863827
1.285578
0.173352
3.803505
-6.774689
-2.312140
-0.051471
-2.803036
3.215883
-5.264684
-3.560400
-6.059641
0.433581
0.090438
-1.556108
0.754864
6.123118
0.495984
-6.087358
-2.112913
0.707696
5.464132
-9.138940
11.522599
-1.752116
0.969054
5.864182
-1.639272
-4.605362
10.863856
-4.015790
-1.515401
-6.759616
-0.648581
-3.373832
8.495345
-11.829303
-3.057304
-8.552486
-12.964662
-5.930395
-4.495108
3.658773
-2.148181
3.152897
0.561072
-4.930575
-15.486253
-3.083570
-3.403548
-2.493649
7.409625
0.949937
10.638208
-9.276423
-3.979249
-3.319597
3.234114
0.326251
-3.921987
-5.198515
-3.133080
-5.018376
-0.813905
0.411973
6.416706
0.180317
-4.877084
3.724557
-0.375265
-4.613341
-7.372824
9.161019
-6.836561
-5.025633
6.796452
-7.856853
-5.599031
-0.950701
12.705543
-3.190723
6.567919
-3.759713
-7.736481
-0.929456
-7.117014
-7.983685
6.666558
-5.282499
-3.301794
-3.237484
0.175853
9.226089
10.322973
0.791473
3.482896
-7.843850
8.867135
0.661100
0.332289
6.260380
-4.044043
-5.154876
-2.818073
-7.545362
-3.605900
5.510118
-0.205185
-13.037890
-5.509659
-2.153576
-5.839803
1.540253
3.103166
-5.750130
-7.491457
2.532515
1.890079
4.684567
4.348592
7.034285
2.890130
-4.554302
-3.232138
-2.775324
10.136094
-2.636427
-4.202531
-2.920518
1.362256
5.246623
9.206352
8.630876
3.949936
-4.629886
-8.662024
-3.441274
-2.623353
4.816540
4.692125
2.489139
-9.144072
4.935103
0.462602
-3.583490
-5.784162
-1.540407
0.871412
6.228437
5.123993
2.026170
-5.607018
0.519913
-4.762401
-7.864928
5.985423
-7.763471
-0.669862
-4.278691
-0.069483
-5.309064
-3.529849
-1.436014
-4.645297
-5.204378
-1.157064
3.756025
-9.192314
1.219414
5.399413
-11.512918
-2.552300
2.063225
-0.813538
2.496340
5.695286
-3.628519
1.435863
6.640998
-8.574142
-2.685877
-12.212259
1.827208
-3.602510
3.257251
-2.634400
-3.780909
-2.536064
6.081813
4.547784
2.209208
0.472288
1.163861
1.208323
-0.325862
3.608114
-7.413398
-1.847980
0.333359
-6.951002
-3.431148
-2.260437
-1.017636
4.854257
-2.440690
2.667357
-4.260494
-6.435380
-4.707289
7.107202
-6.670599
-2.378245
3.260880
-7.196057
4.505369
-3.094553
-0.673330
5.881931
2.170204
3.601096
-7.365657
1.489887
1.159043
3.969634
7.490519
4.211255
7.627782
11.518866
4.634942
-5.616977
-2.816520
-5.554049
6.011613
-3.668349
8.608458
-3.001118
6.281325
-7.757733
3.992315
9.723063
4.789294
1.433951
2.759613
-0.780410
0.286118
6.865767
3.593486
1.968782
2.282970
-3.219439
9.002889
4.746880
0.172693
-9.107609
-0.737101
2.865583
4.657897
0.728310
1.223405
-2.267488
3.232519
-7.500467
-8.106619
6.286490
2.817635
-4.317996
-7.021209
-6.441854
-0.573600
8.007522
2.027023
-9.194489
-0.318280
6.758276
1.697580
-4.046586
-4.973339
6.620276
5.195309
-2.234300
9.765996
2.714720
-3.659806
-3.992133
-2.709022
-6.520369
0.746354
-0.223400
-0.469479
3.899687
1.792819
5.760778
12.008211
-1.826037
-0.643203
-6.084586
2.734174
0.645365
1.884747
-2.274736
0.748784
-0.254998
-0.535099
-11.221765
3.955255
-7.925884
-2.017009
8.950885
1.779518
6.117229
2.045184
5.448200
5.887415
-3.098019
-3.703840
2.420939
-6.211523
-9.551643
-12.618725
-2.361039
-0.950357
-0.834194
-0.892905
-12.145332
-8.228664
-4.666944
5.666512
-5.684984
6.281149
-1.708509
-3.713624
-5.045683
-3.376203
-4.780619
4.763249
3.010778
-7.747620
-1.227790
5.086082
-4.582471
-6.171595
10.433566
-1.597594
8.418315
-5.709106
1.778416
0.146306
-12.944770
-1.376361
8.708773
-3.392959
0.646453
1.295739
4.808120
3.400633
1.393862
8.430280
2.442837
2.985215
8.059195
14.601495
-6.379191
4.468361
-7.169475
5.729896
10.038410
-3.423876
-1.606034
0.638201
-9.933891
0.775256
8.342641
-7.127134
2.580117
7.177279
3.539416
-2.236653
4.122547
-5.667041
-1.194665
-2.329600
-6.205848
-9.838497
-7.184382
4.415165
4.073870
9.704417
-1.726876
10.156406
-5.614292
1.452032
-2.205875
-6.231063
-1.259016
7.831093
1.131731
13.549560
10.248032
10.733150
-0.006140
1.123825
-0.950963
-6.553922
2.263237
10.559769
0.541269
-11.260249
-0.768372
-0.238471
0.449365
5.282400
1.707629
3.938854
-3.126374
-1.794620
-5.107553
5.999042
-6.573754
-0.501692
7.761521
-6.639453
8.562078
-0.562336
-13.718401
-3.402143
3.831513
4.591993
10.894798
-3.726213
-1.623088
6.000101
-11.038495
-7.084983
-3.066614
5.996051
4.078706
5.177428
5.621944
-7.214700
-0.626864
0.356159
3.685366
-5.473089
2.710881
-1.290834
13.160522
2.966585
8.541824
7.476573
-6.564330
5.834780
-0.710602
7.783299
-0.864687
0.665030
0.648682
-0.491800
4.101289
-14.329116
-1.742670
0.019325
-8.503351
8.145363
11.074808
-8.058742
-0.087368
5.571981
-3.985631
0.834019
-2.259045
2.781147
5.842616
10.173753
-1.954003
3.084744
1.153630
10.150354
12.913899
-2.102166
-1.828277
-6.853975
1.538250
4.333781
-0.531247
3.348572
-3.232400
-2.557607
-1.115755
-2.903713
10.128965
3.891039
6.846637
-14.886530
6.207372
3.074244
-8.605029
2.291037
3.660412
-4.848748
-11.190344
-11.590528
-2.672162
-7.414580
5.502800
3.043702
1.203737
-12.417673
3.453292
-0.154257
1.040406
3.070870
1.961890
9.835084
9.546652
-5.705590
1.193737
6.998820
7.460710
-4.173665
-6.873956
0.108932
-3.925807
-10.911038
6.651094
-7.309192
-3.511361
-0.506849
11.040197
5.567840
-3.257302
3.879869
5.507392
-4.839966
3.766832
5.613966
3.346040
7.114821
10.763468
-8.448264
-3.566933
-4.220949
6.059877
-2.035988
2.714034
-5.370986
2.482099
2.859891
-7.455449
2.112762
-3.716640
-5.519905
3.301998
4.323730
0.640796
-4.818272
0.312281
3.149333
-2.153831
3.831427
-1.075937
-1.225893
1.569952
6.775671
13.925056
-4.623622
6.217295
6.344024
-10.797994
6.060366
7.562778
8.750515
3.446857
-4.809333
-4.401969
-1.678182
-8.602321
8.254990
-2.875595
-0.064825
-6.916729
-3.781667
-0.431120
1.810173
1.524445
2.181996
0.710323
1.154568
6.386503
1.035276
6.746010
-15.778911
-12.196216
-1.422569
1.622066
1.815414
-0.373706
-5.524125
14.939685
-2.424684
-3.237226
1.872972
7.227144
-1.636771
-1.119760
-0.906644
-2.959825
5.169728
-5.070611
-5.806265
-0.108823
-6.541639
-6.177621
2.873737
9.413540
-4.432663
-3.697326
9.837876
-5.445646
-6.542220
-2.905331
-5.967211
6.549409
6.375583
-2.828521
12.977185
11.961435
-6.764486
2.440754
-3.315209
4.887519
4.870891
-2.056817
5.876719
-0.980164
3.077309
-13.225058
6.622348
2.561036
-6.481637
-2.207354
-2.347769
4.308293
5.036028
-4.933549
-4.901947
0.945368
-2.855283
1.172695
-6.698422
3.727413
-6.383601
3.648884
1.764476
0.621862
2.613134
8.263917
-7.268487
-1.805371
-2.894053
0.646596
7.524726
1.142924
0.774744
5.546558
5.253998
-0.092174
-2.274645
-6.511913
9.138467
4.301208
2.749946
5.387504
-9.193454
-4.165900
-5.659852
-6.785370
-1.786419
0.931881
8.685030
-7.133396
-7.369002
2.250166
-4.519183
-4.386132
-8.069684
14.715224
0.792325
6.139095
4.903074
4.849773
2.129095
5.715715
-3.181458
-16.286207
5.682030
6.812729
6.878210
8.336784
2.829224
-0.300235
-0.113979
13.332685
-1.679267
2.874607
-4.768529
2.915847
7.807673
-3.826807
8.577659
2.779639
-5.204851
1.939581
-4.015682
3.959108
-7.445652
-3.158403
6.772054
-2.784592
-11.197160
-1.736034
1.899459
-8.945226
-9.059937
4.462343
-2.630798
0.503118
4.519451
-2.558979
4.812853
-0.308879
-0.917231
-3.530563
6.856903
-2.662620
-1.013156
2.833034
-1.282785
-6.555184
5.289404
-0.312475
0.733553
0.603060
-13.163447
2.836852
-12.910483
3.670158
-0.528037
-1.208815
-1.293991
7.578526
-4.390758
-2.517529
-8.508366
3.981625
-2.897453
-1.036431
-2.582096
-8.809081
-3.860561
6.234420
6.502969
-14.298703
0.268238
-3.686265
-6.271165
-1.399384
7.698893
2.412321
7.345998
3.978017
3.888438
2.585547
-9.452209
-0.312542
7.529441
3.382070
-1.859214
6.489881
-0.749111
0.535608
-4.827725
-4.786991
-8.568173
11.727014
2.725558
0.239915
-10.591019
7.239991
-1.340605
-11.073112
-6.193739
-1.459217
5.158469
-0.022376
1.039079
2.856423
-8.308017
-4.957415
-0.028869
-8.922782
-0.409564
5.203984
4.221039
16.597425
2.138010
-8.374420
4.836806
1.011037
-1.595910
2.930647
9.532965
-5.354204
-2.773139
-3.380361
7.783785
-9.319416
-0.141154
-7.225031
-2.718775
-3.146297
-4.502922
-6.459898
7.712506
-2.453204
-2.444922
1.545017
-3.874077
-10.153377
0.925657
1.079644
4.763646
2.009659
8.564376
-13.560060
-5.319566
3.352795
-4.766431
-5.504875
-6.728848
1.565115
-8.355058
5.371954
-0.657252
2.904389
-2.473801
-4.304379
-0.390326
-10.678946
-0.267863
-3.558503
4.828947
0.788539
-7.536758
0.662416
-0.364896
2.881602
8.069972
-2.286863
0.223853
-3.145521
1.490053
-3.074839
-0.963408
1.189391
-5.666707
-2.039256
3.914008
-4.479364
-2.195885
-3.006564
-1.890973
-5.295872
-5.723107
-6.050139
-9.224042
4.819396
-2.796634
5.463660
-0.376621
1.587633
2.750648
2.195318
5.641822
3.283124
-12.303135
-5.331737
-4.588060
-11.605908
-3.165228
2.813039
10.198446
-0.089628
-0.834112
8.512940
5.620711
-1.947895
-2.336643
-6.496562
-2.186358
-2.238534
-1.865962
0.849228
6.038917
-6.310019
4.423835
-1.602641
6.178134
6.541228
3.953310
1.258079
1.911702
2.235607
-4.898197
2.933781
-0.155670
-8.893216
-6.893836
8.088866
5.636622
-0.737540
-10.712948
-0.503757
-3.160090
-0.727711
-8.133071
-3.782256
-7.160232
-1.555514
-2.870620
5.493753
0.523015
6.744861
0.618481
5.884551
-5.113861
10.022315
-1.079696
3.464314
-0.545302
7.045380
4.598184
-1.706854
6.412155
-6.381270
0.396635
-3.239974
-2.027289
0.807836
14.008135
-0.657217
2.187716
10.230325
-7.616553
-6.718006
-6.498230
3.559274
-3.881351
1.932240
-9.305559
7.682285
-9.835658
-7.033577
-3.702059
-1.402410
5.588049
0.480910
-0.386563
14.203492
2.508691
-3.842950
6.844137
0.087884
5.541808
8.112529
-15.179990
0.560954
-6.308268
-6.766668
1.200320
-2.670427
0.327680
-10.968303
-2.330361
6.234701
-1.398286
1.272605
-0.582782
0.808183
-3.277957
-6.358114
-4.530381
15.533321
-7.313807
4.506691
4.473277
5.335193
11.249432
4.775512
-3.627768
8.063665
-0.479894
2.727479
6.204601
4.403782
-3.818663
-5.978117
8.092156
-7.537226
3.955910
4.097992
5.544075
11.122088
-5.832189
-10.307879
-0.648331
-13.945978
5.824397
-1.648832
-5.100846
11.575381
-4.892365
9.833558
6.540479
-1.410283
-3.716058
-3.453168
-0.345568
-6.459671
9.706055
-6.550940
7.134909
-0.639271
5.648283
-1.045973
10.498237
-1.913841
-7.860622
-3.464591
3.761761
8.299423
2.723889
-8.400001
2.344211
2.844015
-1.061101
3.198472
1.381047
-6.024249
-6.563209
5.381021
3.004049
7.235271
3.304137
6.536462
-1.997593
-0.181313
4.185879
-5.441536
-1.889223
2.231599
14.402911
-5.804718
0.089083
2.806988
0.646145
9.745257
-8.857966
-9.249513
-2.777610
0.504818
-0.559525
5.934523
7.113481
11.943307
4.111896
2.057258
0.808269
-6.920676
-0.606377
15.412014
2.285532
1.692471
5.763227
-2.500158
-0.821722
-16.134672
3.139971
-7.687410
3.159607
6.970323
-7.558644
9.299216
-6.044158
-6.309080
2.245904
-7.071986
-2.824155
-4.713248
-12.312935
3.538237
-9.130856
5.783105
-2.535133
2.325250
1.946225
-11.461063
-5.407831
2.484288
1.604714
-1.858503
-4.078788
6.540616
-3.467178
-3.963245
12.802517
-9.399768
-8.723322
5.214226
-4.018426
3.084348
-4.148693
-2.242242
4.842859
9.516137
3.827557
6.094503
-5.024278
7.380949
-5.794024
0.478225
2.524703
-8.773646
6.357488
9.702630
4.855140
-1.274211
-8.350471
-8.711690
7.229167
-1.516472
-5.717950
10.459949
-1.990928
6.319420
-3.575349
5.679686
-7.930987
5.312960
-2.475435
-7.042663
-11.695300
1.657897
-1.168342
9.169875
5.684267
4.656892
-2.350999
2.513635
0.359440
6.333107
-1.642417
4.283549
-2.087575
-3.948292
9.481406
9.986679
-4.204990
-5.875813
9.899565
-1.072790
0.714432
2.812597
12.015924
-0.730125
-5.294129
8.978990
1.534516
-7.894392
-1.699603
-5.282026
2.514952
5.584749
7.319671
-8.357894
9.554304
-7.034584
-0.872148
-2.186635
0.468999
-0.974787
-4.066809
-10.667558
7.235185
-10.000401
0.078193
-0.334484
-7.267417
9.976830
2.088455
-19.621246
-8.425585
-15.799620
-1.345106
-2.680263
5.934977
-4.857983
-7.850013
8.320713
5.156496
1.885195
-7.315759
-8.038838
6.222974
3.428932
6.693740
2.343284
-4.791152
11.134574
12.171041
-5.147287
3.981361
-5.131551
9.817601
-5.221794
3.084321
1.266652
-14.003576
9.832933
-2.456736
1.056478
0.035101
9.147271
4.823845
2.551660
-7.993978
-6.675914
10.612532
3.871110
-1.979639
6.027007
5.655169
0.361384
0.047853
12.048879
2.874314
2.276472
-6.912842
-4.969597
-7.086461
-2.812394
3.521747
4.302032
4.654788
-4.556324
6.086083
5.227859
3.608551
7.344163
-5.160213
6.257569
-11.045210
0.340366
3.071002
5.019070
2.217130
-6.884082
-7.892992
-0.100703
-6.390369
-15.667009
-5.527030
10.392962
-1.164487
-1.394921
3.383001
0.629477
7.278162
-0.909716
0.964511
-1.807482
10.349112
3.561054
-7.088349
6.720983
6.162934
0.489258
4.916518
1.315197
-3.087000
-0.339917
-9.844660
-9.151961
-3.232327
1.571669
1.347235
1.315547
-1.251482
-8.034847
6.347990
-0.096113
-3.397985
7.081040
-8.556310
1.453485
2.098666
-7.956338
-9.814302
9.144870
-5.466287
-0.100054
-1.260420
4.473932
-3.373577
4.970890
0.517424
0.864307
7.186256
-7.949302
-15.433574
6.531470
8.461270
-0.092191
-4.984071
-4.101223
-4.546785
0.212773
8.495214
-1.924837
7.074277
3.565219
-8.597777
5.927689
5.567567
-10.932501
-4.333597
0.352868
-2.892280
2.410853
-3.085166
-0.287215
-4.276652
-3.691907
-11.566051
-0.654532
-12.945156
2.682828
2.343263
-4.316589
-8.239062
-3.333797
1.111033
-4.671210
-5.233431
-1.680773
-4.539914
9.911604
-4.420566
-5.646017
-5.167680
0.620654
2.457281
-5.108231
1.292373
-2.162237
-7.948465
13.903467
9.008230
5.177065
-5.015151
-9.981853
1.832729
-2.382850
-2.008978
-14.741095
-2.088776
4.692225
7.336137
-2.291566
-6.515155
-0.678105
9.378287
-2.687397
-1.736917
-0.417012
6.309338
-1.343942
1.914785
-0.923262
1.915610
-4.354560
-7.199694
-1.123850
3.028234
3.197906
1.314474
3.180608
2.161422
-7.245717
-9.477764
-0.499807
-3.608640
-0.802399
-9.161301
14.205292
1.042015
5.259210
1.397622
-7.844753
-4.620755
-13.232384
-6.666262
2.570580
-4.308471
2.927636
-9.875968
0.353418
-2.957429
1.998440
3.241541
5.040826
-0.385416
0.206421
-0.882319
11.254014
-4.218275
1.342538
13.809049
-0.524988
-10.059416
-2.292328
15.072960
-4.528036
0.262030
-0.677471
1.126948
-4.595806
-1.215495
-15.340986
2.747212
-0.539290
13.479387
2.292476
0.048545
-8.098055
11.901250
3.072856
-5.502343
7.110078
6.290490
0.774864
4.103318
-2.775078
-5.320219
10.193551
-1.729521
3.973002
3.338140
1.977216
10.636771
-4.399169
-1.126436
-3.684114
2.677886
-3.208088
10.890148
2.662515
9.074440
-7.532027
-5.753357
-2.123450
8.021135
1.079523
-3.281674
1.763178
-5.614600
-10.803946
-7.263763
-6.255110
3.153126
-4.580976
7.583852
-2.708140
-6.852869
6.341906
-7.775244
-5.439636
0.302818
6.401716
1.350072
8.772827
6.981535
2.944213
-7.363338
-10.807120
-3.222404
-2.860426
-5.293826
-4.803898
1.140239
2.831937
-1.191668
4.424682
0.761559
-6.083445
-5.445751
5.065846
0.315556
-1.204615
-0.438883
-1.540512
3.660668
0.842050
-4.814602
-1.802669
-5.190618
0.230795
-2.170267
-3.766454
6.813207
0.738738
8.196293
2.998828
6.611799
2.285419
8.462324
-6.869142
6.265102
7.123710
-2.945540
1.665686
-9.699567
8.170892
-3.153988
-1.605932
-0.218061
5.976623
9.010285
0.777014
-0.008921
-6.295911
-5.752987
2.387466
-1.861513
3.995731
-0.742098
-3.696301
-2.097770
-9.379603
-1.889189
0.276322
5.197677
-5.193397
-6.184395
-2.588414
4.808629
-3.717945
9.434041
3.213308
-13.447872
5.462341
-7.774515
-0.081237
1.343325
1.209448
5.933080
-16.119513
5.308992
-2.137963
-2.982663
-0.691334
0.664199
-12.457020
1.439092
-2.948582
0.949097
7.610399
6.058792
-1.526397
3.777403
8.987302
0.339977
-6.560966
6.093231
-14.783719
-2.891171
1.660131
-0.726076
14.666968
3.135026
-4.904994
6.592101
-3.778495
6.134667
-4.949640
3.368771
0.834522
-1.572298
5.762834
1.099703
2.272645
-4.484474
-13.025208
-10.001127
-4.122657
9.488265
1.508450
-4.730197
4.110641
-3.101940
4.110157
14.802978
8.443954
1.914693
-4.428943
-4.813229
9.118828
-6.736381
1.889458
8.796660
0.898018
4.041970
-4.358231
4.894956
-2.669509
10.504629
2.236713
5.003408
2.238705
6.684364
-2.385148
3.039098
5.717353
11.171181
-2.527898
-3.767457
-3.373821
-6.094324
2.350806
1.293417
3.839892
-3.166465
7.626199
2.258768
-7.395919
-6.365808
-3.976175
0.594105
-2.110574
7.285682
1.575899
-0.778985
-0.524005
-6.387004
4.028343
4.527479
12.654202
2.897519
-0.196312
7.662341
-4.931728
1.100794
-15.529455
-1.130981
-6.765767
2.634386
2.627542
0.370265
-0.414178
-5.465906
-2.249797
-5.302563
8.308031
7.103394
0.213094
-10.932431
1.356749
-14.253997
5.523135
-7.916967
-5.353429
-4.098934
-10.080729
-1.864883
-8.485433
-0.163575
-3.646572
6.663390
3.160276
-8.056795
-1.671118
5.998212
-6.895005
-6.090826
0.780055
5.025098
-0.238390
-5.447515
4.133584
-7.125631
8.333027
-3.902387
-2.268883
8.726972
4.669071
-2.128018
-3.272602
-9.506721
3.660406
-0.607045
5.911527
2.432851
-6.266754
8.258632
4.796889
-4.784756
-8.330511
0.065939
6.455985
2.432683
5.660898
1.632882
-10.615304
7.885242
2.661028
-1.631313
-3.658247
-6.672712
3.841122
1.180972
-2.882363
0.281191
2.392626
-4.697971
-2.492255
-6.360940
-7.879610
7.834649
-3.939533
-2.240142
-9.321300
9.164789
6.986519
6.694167
1.321965
-4.024747
1.055901
8.860631
1.395006
-4.526711
-7.828080
9.682332
4.710046
12.975893
-2.570992
0.751857
10.330533
-1.656619
-11.883673
5.005362
-4.361801
-4.075773
3.439481
1.955430
11.080049
6.345527
-7.323548
6.238040
-0.349576
0.208557
5.754149
3.653173
1.138803
-1.355313
-1.969614
-4.474557
-3.366618
-4.634637
3.432287
4.491718
0.693965
6.629520
-6.854719
4.709985
1.735269
5.752526
0.475670
-1.866113
0.402185
-5.304333
1.314090
-4.756666
-7.780042
8.731676
11.999231
-2.464046
5.173064
4.160484
0.646162
7.649902
2.876204
-3.293555
2.019832
11.812823
-3.315559
1.328945
-0.173918
-3.630141
-8.445177
7.324632
3.876798
-5.128639
1.293145
-8.008965
-2.334902
-4.544382
7.123743
-6.127408
-2.043781
-3.256821
-6.013615
-0.032579
-3.536102
3.404665
4.386477
10.283283
-8.973279
10.660542
3.526182
7.583164
-1.905715
-6.751246
0.684328
-6.991028
0.316074
1.019388
5.948219
-6.137960
-5.209659
6.101866
0.901876
8.204931
3.744159
4.146623
-1.894565
1.267568
2.138689
-9.984321
-8.600578
-5.038964
-1.221555
3.198488
0.979128
4.994396
-8.386391
0.698626
-5.717024
-4.226496
-0.483059
4.279982
4.474671
0.737190
-6.921291
-2.211121
3.228072
0.584511
8.326035
8.038983
5.330448
-0.471559
2.661059
5.840137
-6.010128
-2.707365
-8.137463
6.611897
-5.328380
3.523819
2.116785
-1.277106
2.613187
-6.572640
0.444663
-0.189987
3.217833
6.471315
6.285688
-0.218592
3.150627
-4.947697
5.532423
-8.898112
-2.896623
3.945934
-1.187816
-13.165506
-7.869772
-1.477345
-3.751302
-7.756395
3.223643
-3.431375
-7.734252
-5.366054
-2.034849
1.346619
-3.712703
-3.512926
-5.088867
-2.641153
1.172704
-2.745314
3.792095
1.096078
-9.924325
5.723379
-1.777092
0.007053
3.066815
-3.337333
1.144573
-7.241649
-1.152294
-0.699043
-0.012848
-3.413866
-2.459860
-1.148207
-9.068661
-0.773133
-1.647917
-11.828971
1.456821
4.699863
1.895827
-11.199124
0.021607
2.593100
1.397502
-18.958138
-2.432510
1.171314
-2.519376
-0.290832
0.811546
4.746116
-5.857132
1.421660
7.297445
-0.684410
4.717192
-0.297356
1.058063
-7.262669
-1.204965
7.607507
-0.959070
10.526039
-6.801651
8.346716
6.942288
4.431078
-5.321891
1.313642
5.913342
-0.325306
-3.681617
6.099621
4.625023
-8.690498
0.525486
-4.417953
-3.392639
-4.152122
1.462317
-8.273167
-1.564147
0.558401
2.174175
1.124991
-2.334908
0.707832
-2.839995
5.744490
-4.534804
-5.802628
0.173384
-4.609078
7.132459
5.324370
7.082824
-0.783489
-2.537739
-5.379547
2.462466
7.988968
-6.679595
4.302688
3.228021
-7.079273
0.043832
-3.758107
8.077558
-2.084530
2.525087
5.574405
0.686430
4.663104
9.844504
7.835989
2.012628
4.199480
5.813756
9.990811
1.816805
0.792874
5.046106
-0.683626
2.436950
4.197491
15.912108
2.306665
5.950915
-4.799590
0.117940
-1.153212
-2.725824
4.902023
-3.271881
-5.549317
-3.815052
-3.898870
-9.434342
-1.517093
-6.253953
-1.709894
6.078814
2.420396
-7.003483
-3.001831
-2.255622
1.128847
-1.255775
7.031050
2.068095
0.481676
0.779011
-10.983780
-3.671503
4.037491
-7.143063
0.185008
-0.232793
-5.528553
0.489587
6.632562
9.370980
7.483462
-2.243698
2.219702
10.086969
-8.892859
-0.580272
3.498839
-4.287632
4.248317
0.658649
3.877492
-15.700839
-2.074625
-2.706030
-2.443531
5.089015
-4.499758
-5.933608
1.071282
-8.946499
1.929305
-4.335573
-2.688613
8.688261
-0.106803
-2.161597
-2.767618
-7.677806
0.533214
7.540023
-8.696390
-3.955758
0.354579
4.974577
-5.589639
-2.311573
1.171036
10.639135
6.519208
1.839108
0.003640
4.035217
-2.589281
-7.245162
-11.132777
-5.377946
5.863388
-8.524407
7.006698
-10.843183
-4.422716
-5.523833
3.245342
2.878234
11.789627
-8.325497
9.057585
-2.651375
6.213531
7.463223
7.913544
6.510904
-0.929339
3.981290
6.479229
5.641565
-10.136869
6.425554
-1.200360
-7.029338
6.612441
5.296524
1.818979
-1.250229
-8.160071
3.300686
2.094730
6.476575
-2.574027
-3.127490
5.970468
1.108704
-5.896217
2.711525
0.289259
-3.751763
0.918095
-1.160100
-5.067107
-1.851083
5.360250
-12.243102
-4.895118
-3.676162
11.297235
-10.416601
1.061913
9.059284
-2.258029
-0.697813
-1.102593
1.808010
-3.825493
2.959966
-7.391041
-7.611652
-4.248098
-9.500103
6.128840
7.185987
-1.696376
-0.086946
3.199122
2.292082
1.422128
-0.823561
-0.536339
5.141627
0.479643
-5.215654
4.567154
-8.527953
-4.335171
-3.762051
6.471543
-3.289738
-6.000995
-2.862998
-2.673236
-3.268347
10.874659
2.563004
1.029842
7.355631
-4.027667
0.433815
-4.954717
2.185335
3.648941
5.043671
-6.803820
10.321731
4.482209
9.931246
10.197937
-6.000237
0.092333
-4.804082
1.220636
-1.647231
-3.079568
1.473746
-5.787540
3.538331
-3.926875
9.870725
-2.948189
5.807263
1.200813
-7.417861
2.511648
1.545388
-5.751246
8.799508
3.501761
-14.866627
-3.828557
-7.742685
5.722668
2.417958
0.936471
-0.224609
-8.360953
-8.187987
4.811446
1.471334
-4.716081
-0.599622
-0.637255
3.058580
7.417236
-6.133715
-8.497041
3.436370
-6.675173
-7.148889
-4.307734
-8.137208
-5.535463
-5.777748
10.611774
-6.480755
9.040608
5.156593
-4.151609
0.390286
-7.344322
1.474647
-2.958538
-1.082964
-12.148782
5.781530
3.372049
-7.493356
-6.651007
5.945711
-2.186925
6.550233
-5.105886
-2.420860
1.672547
0.689014
5.126870
1.787676
3.826119
-1.289517
6.779771
6.875436
-7.852355
1.582627
3.483894
-2.675347
-14.679270
10.814076
5.982790
-3.384079
5.149430
-3.325891
1.926548
-9.966532
5.207783
-7.138375
8.947731
-2.602540
1.333534
-3.539329
12.926676
-4.789106
-1.778963
4.120673
3.739395
3.430181
-2.601251
-0.638162
9.543162
-5.664166
0.216844
-6.851449
-1.482759
-1.621199
0.224703
-0.558749
-11.358697
4.455916
-6.670048
12.012480
-6.159746
-2.243451
9.357546
2.905601
7.790614
6.433987
5.544410
16.824827
-9.847697
-9.681860
-2.648497
1.260292
3.321812
23.513582
-6.171708
-4.038233
-3.201859
-2.218095
0.848790
1.601324
5.659536
-17.003971
2.602010
5.313011
12.588671
6.122125
-1.169703
2.774257
12.100093
-8.086822
-3.480307
16.180822
0.770913
-1.911581
-3.647337
-5.031049
-5.273748
-4.178082
5.495248
-11.062775
9.049808
14.318733
-4.683232
-6.016287
-1.168847
0.512231
-10.133816
-3.423210
5.910516
1.910795
-2.766561
1.340158
0.793912
7.309223
8.465614
-4.191609
5.884891
-8.172627
-6.066953
2.953524
-1.252786
-1.505770
3.273435
0.141607
-1.369493
-4.331943
5.559586
1.357667
4.035979
-5.794775
-5.915976
10.224823
-6.169964
-4.351309
11.028808
-1.376276
-3.520581
-1.246365
4.219752
-5.098827
-6.535755
-3.247286
5.702152
-1.701940
3.398631
-1.392985
3.318262
-0.552346
-1.753527
-7.416417
-5.761888
-6.698303
-6.585637
-5.782119
2.621612
-9.760774
-1.585629
4.190561
-0.810983
13.393151
-6.853389
3.504817
6.797164
-10.756851
-4.968753
8.861027
10.355293
-9.135212
-3.249196
10.652116
11.582947
-9.289760
-5.006584
0.388124
7.922180
-2.668324
1.365572
-7.914581
1.927776
-4.013626
-8.263267
9.119360
2.313205
-7.742271
-5.951544
-0.597197
-8.848468
10.859893
8.603699
-9.499615
10.535662
-2.329812
-14.187087
9.883420
6.489959
-7.589799
1.175123
-4.954308
-3.449131
-17.376486
-4.498320
4.199397
1.855440
-10.724750
-4.834653
-3.073681
4.341108
2.129198
5.734689
9.138789
2.575826
-7.836054
1.723182
5.409012
-4.674694
5.821524
-2.124925
-1.941043
-6.007507
-2.242308
10.093648
-6.856035
0.255022
1.413149
-1.924509
6.803959
-3.048586
-1.472969
-3.811210
-5.434492
4.571613
7.075168
-6.504126
1.386570
5.046789
-8.788240
3.731433
-3.410699
2.795344
-0.610711
4.888067
0.063583
-3.527060
9.156103
12.066620
6.246456
8.587502
1.186449
10.232381
3.479440
6.580682
-5.570358
-6.560244
-3.242306
7.959884
-0.189725
14.040087
4.148839
2.842650
1.573843
10.673217
-2.655716
1.308384
-6.454889
13.768186
-9.686173
-11.324998
2.124178
2.450500
-5.134058
1.931802
0.326191
-3.379894
-18.293934
-3.017220
1.308552
6.541633
-5.293606
3.369480
-6.077451
3.884275
-15.216660
2.937393
-6.385673
6.741649
-8.816240
1.012738
-2.739811
-2.750885
4.876960
-4.913630
-1.274490
-4.393682
-3.631529
6.422098
-2.154096
4.090102
-5.809029
1.112545
3.168184
-0.508431
1.451334
4.622021
-4.217329
-2.270838
6.014998
3.904212
6.337364
-3.094351
-2.616534
1.271121
-2.435018
6.318899
-9.206890
2.695166
1.985312
-5.614244
1.502213
7.798219
9.360612
-4.432674
-5.433658
-2.965283
6.309231
-4.230128
6.110919
7.328404
-2.426724
4.040901
-11.367954
-1.387274
4.907145
0.862773
-1.733546
5.973174
2.987536
11.402944
3.644794
-7.350720
2.060758
2.717522
2.296420
-4.376720
-9.089553
0.986180
-7.439675
2.975279
6.163951
-1.819863
7.717434
5.831596
-4.676205
1.160046
0.869453
2.238518
4.930094
-1.531533
-0.184516
-3.244407
-9.967284
-15.512303
-9.672182
-7.058627
13.566729
-9.771925
3.491030
2.049685
2.466993
-1.710922
-2.453793
-11.344377
-2.875129
-0.972814
-2.377589
6.782132
-9.170669
7.323698
-4.045898
-7.445898
0.031241
1.875916
-6.456195
-3.127168
-3.339821
8.565297
3.538863
-12.368373
11.697338
6.194873
-7.619350
4.687820
-2.183593
5.861185
3.626462
-0.117026
-4.243286
-1.990615
12.418410
-4.058127
7.920276
1.757728
7.704527
-3.013448
-5.865649
-3.538479
6.606682
7.058043
-3.391488
2.542152
9.191270
-9.278258
3.304461
4.006903
1.952355
-1.137201
-2.077361
0.362391
-0.765411
-0.056037
-7.802436
6.356914
1.037923
8.194461
7.528878
2.896714
-7.591981
7.207163
4.130079
-0.697918
-9.288227
-9.256824
5.352534
8.893696
1.909149
-1.056689
8.939642
6.463726
7.821296
9.738562
-8.408646
10.293782
0.827169
1.981057
-0.805796
0.817529
-7.103216
-1.553271
-7.149005
-2.736651
5.426857
4.736653
3.821766
8.574459
-0.979262
-14.024995
-3.570904
7.174093
-8.850231
-5.743764
6.799594
-4.600660
-0.798279
4.032579
-0.012098
-0.876787
6.724265
5.548644
-7.695820
-1.110982
-6.554380
-2.156750
10.567657
0.775401
-7.169827
-1.364866
1.247061
-2.757312
-6.989174
7.051648
7.133031
-2.444767
4.343272
10.919160
-1.204068
-1.599089
3.223445
0.470060
2.896726
2.427989
10.396626
-2.160035
-7.367785
-1.935592
2.997658
4.898037
-6.556703
-5.452944
8.863678
-4.462360
-6.117462
4.504410
-8.919452
2.524623
-9.014010
-4.204658
0.579893
-5.150777
-7.455956
8.531546
-2.203770
4.868725
2.809103
-1.846460
-1.957495
1.566094
-6.405433
-5.393643
2.778140
3.908855
-6.742076
5.551702
-8.013095
-7.082023
-0.213174
-0.095251
7.487265
-1.739811
1.695059
3.500577
9.520468
3.978089
-2.815944
0.371701
3.203431
0.549134
0.808729
-0.618508
2.777187
4.442230
-6.912161
3.052655
7.190986
-8.073898
-3.260176
1.130296
3.177697
-7.552913
-3.912210
0.842429
-8.420064
-3.393767
-9.135432
-5.356026
-3.081437
6.133187
2.223642
-1.496665
3.113445
-8.612044
1.578888
7.219062
4.986676
-6.621856
-4.493859
2.795624
7.403278
-1.903687
5.557876
-3.536784
-6.552511
-0.421315
-6.798311
4.251804
-6.540305
-1.315271
-7.909519
-11.552320
-0.426997
-9.135891
7.756065
5.264568
-1.347270
-0.519515
-7.836067
-3.918586
-1.315194
5.404305
7.078377
1.503323
11.414291
0.702792
-1.841495
7.973975
-9.342249
4.453169
-3.371176
0.205942
-8.015044
-0.934953
7.847225
-1.032711
-3.199470
-3.672814
4.488332
0.818273
-3.256658
-4.912024
-0.140437
-5.856026
2.145787
-1.897017
-0.856437
9.594632
-4.526905
-6.471697
0.648241
-5.007947
-6.558585
-1.800607
1.768685
-1.408049
1.175122
-4.286819
-4.805638
-1.909774
-0.534044
-2.528733
-3.904135
-7.691819
0.872040
5.812742
5.479482
-9.519092
-5.872311
5.853934
2.873872
9.153372
-3.898171
4.074157
-0.520832
5.536858
-0.120362
12.685053
-4.538204
2.015054
3.462900
-3.613981
8.467397
3.487278
3.199255
13.737422
2.697136
0.262889
2.343473
-7.752229
-4.777292
-2.533471
9.223465
-1.358553
4.510245
6.022990
2.458726
6.715282
-12.137461
-2.314573
-5.872335
-4.359901
4.881683
1.247932
3.888256
3.250477
-8.098563
1.339451
7.182519
2.736619
10.351632
-10.965652
-2.103556
-2.746057
1.391688
3.840391
-0.469207
3.981648
-7.542106
-3.698418
-2.945731
-8.328213
-11.105024
-4.002215
-4.367813
1.768599
2.192807
-3.083414
-13.391098
-10.066149
-7.334221
-8.986504
-4.447355
-9.364333
1.138889
5.338272
6.717994
-9.467655
-8.839366
3.129401
4.998157
-2.857849
0.945210
-1.607815
6.154708
-9.809914
-7.310681
6.073371
-3.052832
-0.944506
-3.936490
-1.106385
-4.052053
-6.872656
4.946326
-8.295782
-3.585129
-1.243082
-8.186525
-10.098213
-6.147526
-1.883839
2.941177
1.364774
-3.623374
4.879870
4.437377
2.731589
-6.183898
-1.710489
8.742851
8.801566
3.253539
4.089044
0.421418
3.781741
-8.514070
-0.386407
-0.859682
6.422545
10.351463
-10.441820
0.570361
-4.460272
-6.687890
1.598556
-1.749140
-4.298095
5.736213
11.062252
2.740177
-1.358377
1.982904
2.703951
-4.342882
-7.465189
-6.327785
-2.378729
3.818079
2.139813
-1.274686
-5.272607
-2.639716
-3.169851
7.405757
-2.760774
-5.124490
0.763997
1.165234
-2.863769
-6.248168
-3.252463
3.745183
1.091118
-4.502452
-10.296686
-8.955963
8.909513
-11.771696
8.763849
-2.126824
5.054030
3.494153
7.000373
1.401098
-2.950951
-3.619369
-8.688537
3.194375
-3.424578
1.787937
2.656255
-0.616028
-4.923594
5.986473
-1.742438
3.748594
2.513094
-0.137055
-13.660075
-0.755947
2.106803
-7.163962
-6.611611
-4.773731
4.780135
7.909762
1.159488
-17.852316
0.457749
-0.858920
-3.829367
8.632722
2.262843
-5.794154
-2.085697
1.090498
6.411915
2.684626
-9.751125
3.661961
-2.591660
1.924506
2.173204
7.184989
-0.226042
8.493514
5.640615
-1.064140
10.080270
-9.505714
-0.921482
9.497754
-10.464780
1.976898
3.545028
-6.712158
-4.879273
2.526371
7.034525
6.331860
0.409412
3.268111
-5.590382
-5.854791
-0.600869
-6.367421
1.930651
-1.643484
8.973324
4.993216
-9.517702
8.278638
1.917312
-6.976528
-8.108042
4.563075
8.240042
-0.148701
6.269063
-2.946484
-4.907700
0.081368
0.597341
4.372861
-5.067283
-4.672009
-8.830433
1.028803
-0.445999
-5.906075
-6.739526
-7.711064
-2.844722
-7.217206
-4.188946
-4.439689
-2.343943
5.382930
4.975893
4.400608
-2.887692
-3.225934
2.904861
3.262157
-10.803552
-1.931372
-7.550198
-4.074170
-5.930217
2.049464
-3.441812
5.972458
-4.729567
-13.188676
2.806706
3.180172
-7.571671
1.852651
-1.490116
5.056331
-6.092365
10.003323
8.664993
-6.686357
-1.663425
3.758169
-3.937173
-3.023106
0.004411
-7.903185
2.330988
-4.643712
-4.828162
-4.833381
-1.893507
1.822077
-0.264693
-11.235172
-4.027528
0.201177
-0.867828
1.802737
5.997051
-3.920061
6.635858
-1.547352
-4.662775
-8.879921
3.464259
-0.065268
-9.263999
2.731399
3.000628
-0.576692
1.399445
-0.814884
-2.705556
6.550436
0.769901
-7.953052
-13.165420
5.878144
-4.013706
2.508252
-12.301364
2.220352
2.489906
-9.087995
6.258056
2.784167
-4.371432
6.747921
-11.968974
7.805319
-1.536601
6.814147
8.531807
3.680000
-5.217104
3.413743
-3.311157
4.567851
2.011782
1.745457
-3.672895
9.655299
-5.133883
4.727282
7.200532
2.206128
8.347969
-1.107777
2.247302
3.725648
5.885618
3.267616
4.076727
9.797514
-8.404997
6.051021
-8.182216
-1.659772
7.190988
5.529700
-14.148109
-4.702539
5.754930
-9.046041
3.319137
5.413288
-9.610373
-2.023470
3.779454
-7.742701
-6.316338
7.840419
-7.074318
9.281311
4.707545
-1.313116
6.047941
-4.304046
8.619847
-0.815930
6.740496
10.732038
-1.479757
-2.376487
1.461158
2.305478
0.202537
-5.661724
5.167922
-1.659907
0.559022
2.427430
-7.149404
9.485243
-0.579756
-4.997829
4.627756
-2.137214
-7.649261
-0.774107
8.467699
-2.123803
0.434072
-11.428677
5.683732
-5.648449
3.633309
3.892401
-5.699242
8.513645
-5.702505
12.894748
3.793442
-4.162397
-5.027747
5.897732
7.424316
-12.784005
8.657893
-3.694144
7.255942
-8.337236
2.840493
1.516544
5.984956
-6.695488
-3.660925
-8.108957
4.399519
-4.728511
4.035637
-4.335722
5.576941
5.806690
-1.607770
8.525642
11.934949
9.023774
-1.585845
1.364244
2.143833
-9.383611
3.382198
-0.780278
-0.511067
1.038199
7.460279
-9.882779
-6.315876
-5.351328
0.578099
4.238249
-3.778601
6.057542
5.315168
8.964374
-9.652931
-4.289412
1.347279
6.274071
-0.654499
-9.552348
-4.675576
4.946896
-2.915009
4.778968
3.783915
-4.809095
-4.918571
7.930367
3.556388
2.857074
5.731577
-3.513315
8.405598
-3.281473
5.935571
-5.575143
3.246180
-9.485170
1.182299
7.103175
-5.044574
-3.972289
-7.599389
-1.166676
-4.629648
1.168457
4.994987
2.218117
0.477313
4.150899
0.814160
-4.147373
-2.736266
-0.905784
1.351882
8.181166
3.255984
-4.266709
-13.472619
-7.918393
-9.865191
-7.578710
1.363098
4.451218
-5.017101
0.045340
-0.829226
-8.569964
2.809315
3.356320
-0.055359
-13.826386
0.088225
-8.670886
2.444437
0.418292
0.720460
-1.642008
1.292780
4.588272
10.591161
1.445852
-7.775570
-0.469464
-11.544491
-2.584671
6.818373
-12.308871
-3.848905
3.995473
-6.032407
7.643123
-2.695105
2.568404
-10.259702
-5.414494
8.164401
3.438288
-3.185979
5.676932
9.855874
-6.293571
-6.778400
4.775938
-10.439338
-3.181825
-7.722331
-1.395836
-10.503838
4.180706
-9.203604
-1.761500
5.305771
5.434735
-7.070646
4.757073
-9.816685
1.096938
4.759413
-8.731798
-2.372498
5.012686
0.485369
6.158908
-0.273204
-2.744985
4.444170
-6.417343
-4.390563
3.261152
14.754907
2.395539
-4.086077
6.561627
-3.397289
8.593831
-7.513338
1.511390
8.087679
-1.209669
-4.281789
1.476199
-8.562960
1.562857
0.547410
2.767303
-8.823561
-7.141742
5.186312
1.200999
0.145646
-2.291735
1.154139
1.534168
8.483312
2.167376
-3.109953
-6.461680
-6.933681
-1.706689
-7.310782
-6.056775
1.100647
-2.385080
-7.884084
5.730036
2.089158
-12.795828
-1.355218
4.174607
-3.259710
-0.885320
-8.726167
-1.980723
-2.260144
-8.206145
3.142493
8.530170
-10.757160
1.013515
1.121954
-6.062467
6.444466
0.685020
-1.532916
0.504442
-0.704361
5.510897
1.883826
-5.696409
1.654763
-11.820149
0.306149
-9.247751
4.878207
-6.418256
7.205597
-10.780893
-2.148589
3.508511
0.900198
-0.042954
-3.405023
-3.201431
1.902798
8.876246
15.964598
-0.088080
-5.767840
5.310624
-1.124734
0.120452
2.867124
-1.045616
3.103716
2.593119
-7.947690
9.001098
-5.224017
0.115130
-4.472042
2.534525
-0.251252
-1.939770
-3.174948
-8.958203
5.505543
1.854230
-6.421521
-5.001697
4.330622
7.045248
-0.864907
8.589621
1.083213
-8.320731
5.729039
0.966399
8.167569
-2.181166
3.685043
3.583103
-12.680143
0.521568
8.840666
2.467971
-3.160242
4.991054
-10.793129
11.183024
-16.477722
-8.209173
-8.143029
-1.841421
-0.036677
2.107476
-1.128138
-4.367961
-9.344902
-4.897869
8.005284
-5.073614
-5.636587
-8.941861
5.856570
-1.858100
2.308700
-5.660669
0.665815
-0.684747
-6.848505
-5.963336
8.229132
8.602857
-2.224155
-7.844780
-3.444664
-1.683209
-5.555046
6.107585
5.868064
3.894514
2.682743
9.511087
-2.348450
-1.730300
2.636257
5.727746
-9.173862
-4.629564
4.615443
-5.084480
4.460033
-4.850877
-7.679960
0.279884
5.792793
-8.444936
-15.461446
1.231750
9.585509
-1.568607
0.317877
-0.372806
0.900675
-2.958919
-1.830778
-3.428665
3.739035
-3.982892
4.232559
-1.575969
10.980958
-2.740895
1.941573
5.051435
3.445405
-4.407255
7.117723
0.015836
-3.554376
-0.928150
8.386685
1.652591
5.589939
-3.392394
-1.191108
5.228835
-7.953988
-0.793419
5.564448
2.643667
2.283599
-2.554227
-8.476768
-2.178142
5.781450
5.861605
-12.533001
4.625314
4.965743
-6.045671
-1.290367
-3.603194
-3.301160
-10.326290
10.479759
0.162589
-3.473508
-4.996708
-1.288049
0.288676
1.438546
-2.422153
1.383648
0.571057
-1.091019
1.302608
8.319651
0.309512
7.824921
4.323363
-6.137801
0.309670
0.961645
-1.260596
-0.718674
-3.296054
4.570703
-1.959887
0.709420
-9.079070
-2.244303
8.054770
-7.681994
5.323592
-6.760039
9.480513
-3.526791
6.018856
4.702148
-7.010390
-3.385032
2.564446
6.942265
-0.420285
2.708953
4.863389
-8.787217
-6.977389
-5.514933
-3.964767
-0.095007
13.287272
1.083385
-4.235060
3.398072
-8.708564
-2.398654
3.360758
-5.927982
5.051878
1.830709
-0.448911
1.626729
-1.432961
-11.988937
0.029162
-1.008361
5.453250
-6.006510
5.392231
-6.435991
-6.774119
-1.177220
-3.557928
8.070525
3.804652
0.540142
2.858788
-9.608526
1.334370
3.264462
1.718334
-1.882455
-1.109066
4.437153
1.519029
-4.141029
-5.565244
3.609374
-6.494455
-4.554212
8.397683
14.096369
4.153446
-0.632798
3.278344
-7.316486
-7.552370
10.284807
-1.276140
-3.472211
-10.414962
-0.122589
-6.141769
9.087495
-0.889028
1.191188
4.587215
7.729212
-9.314295
5.425858
0.075667
-4.352009
5.124296
-6.653830
-0.117593
5.503955
6.373527
5.745401
-4.369678
-6.370933
7.438995
-8.050895
1.339160
1.233201
1.657914
8.418055
6.267760
-3.000846
0.073544
-7.484396
-2.675419
2.181849
-2.773712
3.852767
-10.929262
7.254120
9.961094
3.279518
-6.622437
-3.989929
1.598317
2.052800
4.807087
-8.443335
-1.973869
-1.273333
-2.630782
-8.521764
5.721220
-6.236784
-0.935344
-5.569187
3.711555
3.715082
-8.965397
-2.675771
2.652245
5.534453
-0.710021
0.934739
-13.648727
13.087008
-14.462432
-4.684289
-0.236617
-6.568548
4.578589
-8.722390
-1.059197
-6.214155
-1.725292
-10.108337
-1.148836
1.060146
7.286780
0.454314
-3.922274
-6.289803
-0.707203
-3.467676
6.045432
-6.544847
3.632784
6.877717
-4.973276
9.766341
7.981884
12.492102
10.689487
-7.455451
3.802734
-1.432323
4.843126
8.071817
9.570416
-2.188396
3.729720
-4.650549
-4.218041
-6.845187
-9.366395
-0.370918
-12.996393
-4.889813
3.730596
3.121997
-2.200617
-8.185575
-0.181365
5.290716
-1.061126
4.113513
4.381860
4.074473
-9.763077
0.221628
-2.274886
-6.349458
8.817471
-4.800429
-13.441006
-10.650529
7.536345
4.868519
-2.091873
2.577744
-5.947610
0.267176
-8.729317
8.654367
2.475240
2.206944
11.236251
-6.215380
11.003083
3.276413
-0.313129
1.973303
-9.662665
4.206553
1.830385
-1.911505
-5.217294
-9.605823
0.160432
9.144160
7.525195
3.398298
0.084795
-6.758520
-4.612140
6.252085
5.941255
-0.283778
-6.585544
14.821317
1.364387
-6.416620
6.395198
8.930265
-5.238732
-2.654060
2.734821
-3.224513
-1.395023
-4.055344
4.934608
0.340912
-6.429388
5.706440
-5.141109
4.856370
-10.018818
-5.758131
-4.200419
3.809473
1.676897
-3.031949
6.372910
-3.323139
12.295623
-3.455637
0.360760
-11.043753
-10.667553
-1.314131
10.328649
-0.530788
-3.059088
-0.949995
5.048497
-6.835503
13.489341
9.994788
-2.637486
1.798423
-4.254374
-0.095499
-3.649557
-2.893677
-8.879265
-2.616618
-5.849730
-8.784873
4.731600
-1.536017
-0.446160
2.917355
5.283393
5.317401
2.289661
-6.039922
1.801868
-7.597424
-5.125660
-7.561079
0.237604
0.603929
-5.757214
-6.062102
-7.350511
0.058055
2.677444
4.202499
2.986037
-3.963604
-3.381078
0.373303
0.764939
0.851785
3.037207
0.075802
-1.303328
-0.973208
-3.165666
-8.785853
-0.831438
-1.205595
6.520102
-2.833728
1.127200
-6.265051
6.207411
1.700781
6.786242
-3.135373
2.515651
-6.316497
2.087939
6.233235
1.621722
-5.308332
-0.043795
-2.456055
6.402637
1.786736
7.201025
2.930727
-11.741726
-0.454960
-3.819945
1.527167
-2.041727
10.483757
6.573140
1.917563
2.446042
6.512351
6.646828
-8.756414
3.658877
-1.637334
-5.354334
0.095368
-2.780015
3.650068
5.872873
0.351906
5.929963
8.276390
2.149137
-7.706067
4.863974
-3.371788
-3.397360
5.304041
-1.278543
-2.277207
-5.610794
4.239835
-2.133135
-10.403937
-3.090412
-6.389951
11.765717
-1.356536
-8.363339
-1.164248
4.598406
1.965415
-12.634103
-0.634295
-11.478306
-2.894706
5.126538
-5.066328
-2.996714
11.044756
-2.370026
3.004400
-10.040322
-6.599655
5.334011
-4.297445
2.700322
-4.157170
-7.666261
0.346929
-5.998428
6.510513
0.074663
-5.907940
5.138127
-1.151035
-11.350969
3.458714
-9.214229
1.364374
-1.818460
9.491055
4.213455
5.470498
2.440433
-9.809746
4.562475
-9.954513
1.840021
7.359936
4.449195
-5.441300
2.449137
2.940916
-4.261572
-4.822576
-5.597437
10.100752
7.249660
-0.546284
6.271247
-1.322803
9.133442
3.101716
2.745296
7.199111
4.077332
0.548665
-3.595871
-8.051119
3.449724
-1.923321
0.612109
-0.994205
3.490896
0.483212
8.341715
13.269537
7.352212
6.186538
2.227677
-5.787944
1.336001
0.395843
-1.339162
3.570719
1.865778
-8.954942
-10.028912
2.229222
4.012485
-3.469967
-6.526533
-3.390005
-1.564199
-9.459301
-7.645270
-6.675981
1.019618
-1.951184
0.150795
-5.263402
-7.163814
6.489326
7.406316
-4.708490
-5.545955
-2.818138
-13.444474
1.195584
-4.386172
-0.013748
-3.214525
4.544714
-5.562424
7.976459
4.228861
-6.647659
0.894178
2.588188
-1.710719
-3.263244
-8.182166
8.390346
-6.713453
-4.990128
4.618574
-2.595776
2.314482
-6.652195
-6.594495
-13.163309
-7.930668
-7.337881
2.753966
-2.865537
6.140900
2.158789
-6.211131
-0.981932
1.388296
-5.874954
-1.255960
-3.686394
-13.273795
2.831020
-4.649903
1.273184
7.037404
2.135879
0.404810
3.621846
0.918351
-5.551720
-2.980277
-2.477999
5.437733
2.742608
-6.943758
-1.709993
-2.510703
9.140439
-2.157024
4.535339
-5.306674
-7.142325
5.520884
9.822348
3.347014
2.427330
-7.405169
-2.888098
-0.479942
-14.425297
3.310718
1.811003
1.302873
1.855303
1.615266
-4.200979
-5.122173
9.360583
-2.701693
-4.288004
-5.965050
5.870143
0.195712
-2.071490
6.783933
-3.213734
-8.131096
-2.137000
-7.326273
-0.920298
7.116157
2.309006
-7.511746
1.738760
4.509315
4.487098
-10.206549
-7.963193
4.790496
4.162411
-18.941187
-11.392466
6.538153
0.224233
3.802845
7.630115
8.487495
-1.691153
-5.332863
0.835246
1.519597
-3.645064
9.412485
-0.619688
3.862918
-1.200569
-3.812747
0.551284
-1.296598
8.732715
-1.721424
-1.375432
-2.405397
3.871687
5.689796
-4.262775
-5.458810
-0.355917
-6.055772
8.090265
-8.940575
-2.844424
4.925918
-9.970246
-4.766398
0.422510
-6.201681
-9.464054
-4.187361
-5.409387
-2.065324
-2.966801
7.941208
0.159121
2.126073
4.081523
-2.585418
-1.366417
6.030942
-2.054443
0.679737
3.483873
10.717777
0.272494
3.328235
-2.488595
-4.698201
9.331037
-10.268515
1.459853
-1.293087
5.121329
5.043794
5.556705
3.771048
-4.676693
-5.188625
-1.570570
-1.258465
-6.394423
0.159795
0.244882
0.610087
-9.840784
8.351727
4.023997
-7.526952
5.540866
-9.077884
7.945964
-6.114239
7.646203
7.104713
-1.092667
-8.711951
-10.267188
-2.846682
-12.873369
3.776178
7.195098
5.831818
3.489139
-5.852563
-5.504674
-2.747345
-2.792914
-2.767056
-5.194205
-0.961415
9.019703
-0.151368
1.285689
-4.709347
3.896141
7.029069
7.246671
-7.371825
1.201300
-0.866608
2.314382
-9.892008
-2.704464
-5.309455
-4.247912
10.980070
7.520591
2.237516
3.260193
1.287485
-0.032053
3.789211
12.649405
3.262300
2.642662
4.785790
3.452983
-1.357897
-2.405546
-2.668155
-9.236499
-3.462934
-4.058608
5.746967
5.930532
8.407390
-6.689764
-7.921634
-0.310382
-2.091712
-1.451410
4.068591
-4.443947
9.260539
-1.616510
-0.195559
-2.740027
1.438510
-3.492822
10.961598
-1.951478
1.359301
-8.911322
-6.167913
3.131438
-1.882419
-0.135948
-1.844923
-7.038592
2.702983
0.488217
6.023413
15.816362
-6.229455
3.535799
1.299768
-4.436237
1.160409
6.834305
11.205688
-9.808208
-5.575147
6.148349
10.104434
-10.929916
-2.570890
-14.504435
5.040281
-5.678113
19.056105
4.152831
-1.236158
-9.977742
-6.056146
-13.843367
-3.478376
0.113029
13.575345
-13.724124
4.119948
-0.691620
6.141352
-4.120460
11.399037
-0.201376
-10.652495
5.574043
2.261146
-3.722988
4.222209
3.094199
-7.699642
-0.472877
-6.539123
4.984579
8.050095
-12.253651
-1.184489
1.592306
-4.384703
6.109992
-7.138006
1.361385
-3.221858
-4.901101
1.197690
-3.048934
6.676087
-4.229083
2.224562
-6.201087
-8.399884
-4.187588
-19.054827
-1.036775
-7.250607
-15.363349
2.702201
-3.385104
7.042938
7.094018
9.076421
-4.950834
-4.753005
6.349771
4.584215
2.006007
7.790854
-2.789596
-0.984960
-3.177060
-4.474491
1.531339
5.687052
-6.751169
-0.048696
-5.976888
4.093494
4.473084
2.161718
-5.739200
-5.331161
7.156095
-1.367122
-8.943887
-12.023214
-1.063422
2.389028
-2.879112
5.432032
-0.312268
0.151173
5.474928
-1.684629
-5.737782
-3.322840
7.452312
5.289597
-1.856334
-7.460867
0.444611
-6.736654
5.474570
-9.159713
1.859594
11.514812
4.033254
-6.906639
10.055254
-1.158024
11.600967
-1.086286
2.315727
0.088925
2.376312
3.781810
-5.802735
3.716570
-6.801615
6.154737
-1.939281
-8.652798
-4.800967
4.995512
1.228782
-12.623607
-8.212438
-1.341639
-5.071731
-8.433758
-2.176150
0.825019
6.769081
0.075903
9.481665
-7.395632
-9.298160
0.201344
-12.491896
4.148373
3.538017
0.010961
-8.618745
-7.698032
4.029486
-0.806963
2.252764
-1.120539
-7.155469
2.788703
-0.605213
2.182324
-5.143727
2.266265
-4.646418
4.110832
-13.903852
-6.251122
2.734215
4.522698
-2.957543
-9.109062
-2.819203
-0.001238
4.581378
-6.725719
3.761203
1.872288
1.101223
-6.435630
-2.946084
0.985493
3.039020
6.192557
3.061410
1.539989
6.809296
7.681783
-8.580371
-3.525295
4.130137
-5.792944
5.560088
-5.726981
-1.367335
8.236948
-3.903373
8.135137
-5.104953
-7.326226
-2.914326
-4.708961
-6.557865
0.501021
-6.666871
3.362858
-7.158752
-0.056686
-14.484450
0.645744
0.230288
-16.675751
-0.628670
6.983183
10.536532
7.079141
-6.063745
-4.169823
-5.239003
1.653994
-1.049165
-6.141164
-0.399893
0.810556
3.409803
-5.002316
4.050655
-5.201755
3.398261
-4.155350
1.112874
-3.919543
-1.419066
-5.909868
6.696191
-2.384401
-0.691300
-2.727907
-0.969103
-5.427701
-0.099298
-0.566531
-0.277181
0.782534
6.079478
-4.293667
1.760641
1.034556
3.032044
-5.311706
6.092378
6.125556
-3.093970
1.747702
5.339594
4.716681
5.630102
-3.551853
-4.801773
-7.160681
7.167697
-0.243219
-10.729644
-6.321473
-3.480786
-0.771105
-2.345513
-4.626328
-1.227599
5.155454
-0.774030
1.014215
-2.415634
-0.078120
-2.472355
8.236657
2.501019
1.294542
-7.420779
-6.878923
1.705495
4.538517
-7.024313
3.162784
-6.409996
7.927180
15.782379
-0.712692
-0.631061
-2.326592
14.257380
-6.916067
-0.485640
-8.465301
2.640056
-5.721951
2.976554
8.409283
-3.920780
-9.794475
2.298033
-2.867245
7.993631
8.792492
-1.394232
2.443786
7.123649
8.217024
-9.352642
1.454298
-11.885752
4.800627
-6.690419
6.904590
4.407553
-2.553123
-3.612555
8.141927
5.470267
4.685311
-10.727538
-8.429033
7.352484
-0.288809
1.951954
-0.537183
-5.637679
-3.281811
0.296139
-2.523272
5.643619
-1.780954
1.615417
-1.338729
1.173017
-9.386398
1.564645
0.935160
5.805185
4.649537
4.218535
7.420437
-1.140345
0.391929
-11.071153
4.430040
1.079519
-6.316706
0.786536
-2.666180
-4.362768
-2.702587
-5.419119
-3.992215
-13.130980
0.724007
-7.376747
-6.777874
3.492038
6.875151
-8.569607
-5.092288
-6.254383
8.426242
1.440413
-1.255645
-0.639268
-5.075555
3.019172
6.505092
-5.585392
3.799727
-2.087316
-7.059436
3.441129
-11.549433
-7.718404
-2.136986
-1.938677
6.925835
1.856137
7.464640
-6.733842
4.210256
-1.164822
-3.259994
-3.035055
1.760891
2.044198
6.122165
5.472749
4.649176
8.247036
2.925028
-4.434645
2.293051
-9.528129
-0.185745
6.404351
3.077324
-2.596516
2.585181
0.853105
3.619893
0.218009
-6.059330
-2.380944
3.423893
0.718754
6.323622
-5.867208
-6.703790
1.593168
1.690496
5.095191
5.012343
0.240164
-5.097506
10.205967
5.795819
-1.215125
-3.705658
-6.012893
7.962646
10.802948
-5.790112
7.113078
-1.267265
3.353036
9.012547
1.915733
6.765914
-2.847945
6.860889
-0.945786
0.230861
7.543303
0.362093
-4.151752
-4.533319
-0.168632
-10.613580
4.978150
0.274346
-1.245504
2.899760
2.293648
9.729874
-3.301162
0.833854
3.997739
-2.230907
-1.668205
2.445959
-4.648601
-2.148405
4.328710
-9.637568
-0.110635
3.832384
0.701230
-4.364150
0.881148
5.685405
-0.418424
-3.172175
1.063752
-1.343223
3.970726
9.004755
1.444106
-1.768695
-3.611809
2.612696
-4.507327
-2.948489
2.044832
-5.198215
8.005770
-7.189037
-4.281476
9.616453
-5.175503
2.783883
-2.987617
-9.676685
-4.579346
0.729665
1.780015
1.015977
3.522478
0.003369
7.265964
-8.465306
8.293164
-8.203012
-6.221517
-5.974693
9.684088
10.970188
-3.093112
-2.910845
-10.123150
-1.668819
7.504041
2.516697
0.138659
12.428335
-6.351894
0.660426
-8.252807
-1.226614
2.857525
1.299986
-3.472917
0.621411
3.380050
3.104423
-0.847131
-2.723967
-7.952810
6.517505
12.430529
-1.057928
-0.485382
6.932518
-8.565367
5.829122
7.544977
-5.570042
3.317914
-1.775137
-7.319440
3.599685
-2.348246
8.637403
7.868401
6.519108
3.109246
-6.800353
8.433396
2.530650
-2.048144
3.229263
6.735556
-4.407478
-4.141995
0.227494
15.359370
2.135124
-15.787865
4.878209
1.344146
5.574973
-0.940484
-6.587771
2.732096
4.718056
-7.617838
2.896184
-1.085722
-8.029089
-6.453300
-9.693870
4.200720
-9.238769
8.280700
-2.398597
-3.624359
1.232715
7.191739
3.164967
-8.115693
5.669135
2.691508
3.493135
-1.552481
5.300619
-3.805106
4.053489
-8.417843
4.102979
1.673578
-2.197049
-11.644218
-9.874885
-3.337681
-2.788543
-11.570243
0.488875
-0.809302
3.261834
-13.371017
-4.636922
-1.048289
7.797296
1.185615
-3.414510
1.983422
6.518832
-9.017741
11.680079
1.041631
-10.000075
4.332336
1.235684
-10.084462
1.603842
2.229040
-12.207872
-6.993506
-7.199934
9.232789
-9.655050
-2.986410
-3.952395
-3.864347
-4.579349
1.461177
-7.693301
-7.004811
2.846813
-5.872202
-2.469000
5.383096
-7.586814
5.471804
9.389149
2.627590
4.297776
-1.764352
2.680988
-1.829031
0.425008
5.248491
-3.711915
-5.204044
-10.492335
7.728302
6.951993
3.349172
7.396322
-0.258263
-3.593758
-3.935560
-4.968224
0.609377
6.879936
-10.473286
-4.796811
3.193743
2.267902
3.420398
6.292109
-6.705024
7.626110
-3.181369
9.360169
3.695742
1.725680
-0.806848
9.617219
14.126937
2.825457
-3.253879
-6.931351
4.330568
4.564812
4.307546
-0.186094
9.367904
0.447872
-1.981685
4.487615
6.926362
0.315546
4.014182
-1.770493
-6.987738
-4.008126
6.711750
-3.135899
5.301369
-18.298594
-3.511834
-0.406918
-2.805174
1.322021
0.450658
13.240796
1.757282
8.579636
3.700504
2.026772
-4.833666
-0.326232
-0.263729
3.371481
3.444370
2.652616
-13.420233
-6.078415
1.374002
3.370504
-9.319165
-0.109351
5.176347
-10.703264
4.882004
5.967968
-4.180076
-0.424193
0.989319
6.635400
-0.512697
1.564160
7.035789
1.587634
-2.747547
-3.447782
3.943554
6.076164
3.506062
2.417550
1.514745
2.655751
2.513846
1.167173
0.564882
-11.426578
7.540085
-3.707474
-0.129158
-2.207382
-2.901198
-5.732615
5.437476
-0.664289
2.082052
-0.099823
-15.419593
5.275435
-10.208161
2.697836
-7.741652
4.546769
-8.623827
4.842096
-0.248250
3.222829
1.193316
4.955010
1.500570
-2.750422
9.021748
-6.452120
-9.794887
9.159270
1.424558
-1.408707
-7.848832
4.045203
5.212137
2.693200
-3.686541
5.608711
4.614695
-3.744384
-0.403075
5.045473
-4.772203
-7.767205
-1.936301
11.856599
0.489444
1.487019
5.976112
2.408196
-7.872967
5.897218
1.961197
7.151636
-2.741079
4.150614
-12.057349
7.618884
-2.410572
8.074438
-8.883944
-2.821561
-8.233817
-6.196947
-0.401585
-1.874948
4.526512
-8.175637
-4.667156
-3.065575
-3.288080
6.120350
-7.638323
4.510616
-4.142988
-1.202881
-1.451794
12.174169
8.599882
3.521970
1.512265
2.108008
2.127460
-7.094650
-10.920500
-6.244341
-4.964048
1.397457
2.992366
-4.472062
1.393227
-0.531106
1.872797
-9.840552
-5.261741
0.579211
-10.809305
-9.619712
1.473543
-1.379931
-2.006844
-0.876725
10.101191
-14.317192
6.713610
-7.911211
8.706299
-4.357782
6.478110
-2.089370
7.567581
8.843521
-1.442427
-3.224372
-2.413854
4.146278
-9.209880
7.987979
1.270818
-7.639684
-0.516221
-4.535922
-0.477830
-3.497835
-6.223737
4.286198
5.207835
-2.496002
-2.722244
-3.468863
3.603338
-6.375528
-0.505873
-4.067319
-3.819900
-3.142029
1.000113
3.701606
2.394621
0.266876
-6.577894
-5.125087
10.173113
2.739172
-0.554955
-4.423896
4.992860
-5.261402
1.431752
3.857904
-7.028364
6.451210
8.203427
3.188250
-9.028877
0.627686
6.168693
-6.559978
10.144656
-5.011904
-2.224415
0.163466
3.358059
-2.075907
-5.775244
7.480474
4.683574
-5.746624
6.014204
8.142482
4.173373
-6.524224
-8.396092
3.732582
6.204797
-4.686765
-13.244898
-4.683023
3.093657
6.264755
-3.969950
4.581216
-6.979099
8.497042
7.030188
-7.801590
7.867327
2.097123
-9.278674
5.123118
-5.448504
0.643786
5.603590
-7.722568
5.509938
-5.776899
4.938685
2.064884
0.081538
-6.342253
7.324706
1.705878
-3.566050
6.946757
-2.915034
-7.548450
-2.509307
10.404136
-1.110589
1.536368
-6.893139
-8.740009
-1.571833
6.708168
-3.682383
5.075218
-3.250195
-6.095194
-9.043770
-13.774119
-8.665718
12.089977
-3.141504
-4.509883
-5.187903
3.412065
2.375873
4.034668
8.626724
-8.031275
-5.120791
0.260634
8.430608
8.174350
-0.237727
-12.746079
8.339774
2.638516
10.085422
-2.250663
10.279337
-1.258603
6.612280
-4.810401
15.304184
1.689319
5.721120
0.222558
-13.714099
3.286639
-3.002064
-6.364474
-7.429412
-0.136237
-0.683283
-10.528526
-10.139692
-0.931568
-1.865103
-4.096994
-5.424958
-10.017161
0.015827
6.393084
7.016278
-3.215877
-2.407501
2.500215
-1.102030
-8.735358
-9.787178
-6.430707
2.089656
3.179487
-0.895678
2.757930
-8.299332
7.647969
-8.670932
-2.359456
-2.527833
0.792551
-4.840291
3.268456
-2.659397
3.227157
4.596766
-0.479135
-0.646527
-1.089317
3.671889
-4.756032
-2.433051
-3.474720
6.197249
-8.123010
7.601512
4.524449
-3.240939
6.450486
4.905289
6.145303
-4.364552
12.174889
-13.676270
-0.113482
0.142476
3.278800
5.001415
-1.436854
-0.691431
-1.890840
2.260097
-1.290306
6.322622
5.511925
-3.719651
-3.805859
-0.250857
4.027526
-7.069298
1.501535
3.392088
6.070903
0.587952
-7.248120
-3.957836
-5.251470
-8.556487
-0.307064
7.702945
4.815565
5.870574
2.720764
-0.164334
5.760013
-5.481982
2.449513
1.248312
10.519937
-8.203247
-6.073729
-2.492562
8.102221
-4.248262
-7.911752
10.687765
7.281602
-9.289668
-6.478953
-4.170404
0.901037
2.964940
-2.964784
0.501058
12.692428
10.492766
6.267848
1.177206
3.031916
-2.489790
1.235984
1.766159
3.836228
-5.979751
-4.526282
-5.347550
-5.624327
-10.520121
-10.825741
6.076532
9.674972
4.259128
2.384778
-12.368885
-1.832585
1.851734
-8.222181
-5.827515
8.557802
-2.937430
8.013072
-4.338518
-1.342486
-10.359325
3.100719
-8.914630
-4.026938
0.242009
2.034217
4.465381
1.110774
-7.184098
1.724585
7.660901
5.954209
-10.119348
10.195591
-5.130320
-4.959385
0.940514
-7.543960
9.253057
-0.046556
4.904795
4.186405
7.107151
-1.649735
4.078191
-2.501369
7.314620
-13.241778
2.503122
-10.419043
-0.902229
-2.148275
-10.237415
9.242196
7.071932
5.708765
-5.369654
-0.332989
2.191978
2.203604
3.102971
-1.261488
1.587869
1.041893
-4.896131
-0.178499
5.143059
1.378869
-1.368777
-3.983421
5.571049
-4.345312
10.587348
-1.634107
6.733638
4.252377
-16.733896
-1.790831
0.968674
-7.825963
-5.056686
0.079786
-2.578695
-5.339866
1.876461
5.110432
-3.725726
-18.446224
3.232178
0.708428
-6.946715
-8.769189
-4.175669
5.545698
10.356388
0.231449
2.540019
-10.599045
5.696070
-6.052220
-3.278250
0.938786
2.351153
-5.974268
2.440874
-7.494944
-3.824787
-12.602186
7.366423
12.762520
-0.318906
5.291510
0.622492
-10.481730
7.845537
-2.664587
-4.013889
4.424116
1.419158
10.898421
7.428980
-3.763599
-8.171958
-12.662353
7.344637
-6.312678
4.186081
-9.562767
-6.197850
-3.389009
-3.669986
1.743618
1.465443
2.561222
1.019588
-0.673696
-3.565164
-2.617124
0.649905
-1.094669
10.477168
0.414091
7.324295
-3.317050
5.123452
-9.198298
10.662668
-3.964937
0.070372
4.191419
1.369975
11.558207
-6.530804
3.550339
-3.209844
6.362988
2.602782
2.786076
11.470785
-4.223271
-1.213146
-5.175869
-1.850375
5.018667
2.366356
5.822348
-11.552526
-16.301634
-3.009639
-5.089255
0.782559
-6.092541
0.234138
-11.384854
7.906948
-5.210502
5.304276
2.418227
-7.114588
1.765966
-8.093025
-2.843138
-1.046236
3.493695
-1.999710
-5.934334
-1.248273
1.789267
2.731493
1.021293
3.505469
5.170105
-2.270517
-3.949540
2.617006
-8.152982
1.417214
-5.912955
-7.834153
-0.487635
3.689809
9.830772
10.443559
-6.941092
-3.465901
-2.723001
-3.481064
5.996142
-3.381758
-1.982686
6.414446
3.345787
2.138147
-5.802763
0.561690
4.485968
5.615271
-3.638313
4.794888
-4.491613
-6.422595
3.573381
3.883435
-5.371109
-0.383716
-7.857849
1.515059
-3.894550
-4.588875
-4.227660
2.375948
6.120879
-2.767728
3.965482
4.290634
-3.333347
-4.155412
-5.884465
-0.942075
0.710385
-2.809975
-8.007494
-0.461039
5.303442
3.280475
-6.663405
-0.761277
-0.523796
11.530017
6.252175
2.794302
4.533004
4.099440
3.499445
-9.552622
6.737383
-3.296186
-3.826051
-5.745320
-6.934256
-12.314495
0.178954
4.796881
-7.771811
-4.977104
2.270145
-7.599946
4.495536
10.954198
3.385324
-0.342145
9.796520
-9.100485
-0.216147
-4.806316
2.035151
2.556548
6.780646
-3.260509
-12.996222
-1.767608
5.491615
-7.551832
-2.386696
5.930947
1.876603
9.496763
-5.675753
-6.518213
6.741493
-9.628555
9.999498
1.871996
-5.282193
1.658733
-7.743023
8.877380
1.997200
-6.985119
7.123798
-2.692720
-5.928553
1.086733
0.743304
0.389520
-2.721056
-0.472553
-2.763514
-0.336332
-7.408202
2.529902
5.175885
-4.913019
5.667164
-0.293579
-10.999052
-7.439577
4.537812
-9.202630
2.843993
3.349795
2.539115
-6.539730
-2.929584
-1.326422
2.488400
-2.726179
5.188217
-7.119137
7.215026
7.244061
7.521945
-10.782288
5.537880
-5.396521
3.449322
-8.836493
2.989059
1.184282
-5.693763
5.897000
4.650457
4.890955
1.322740
3.669142
7.954451
6.100046
2.867457
-5.421385
5.498505
-8.034817
8.005939
0.645037
-1.187362
-7.575669
-3.156077
-1.897833
7.898024
-4.087643
-11.463913
3.306157
-0.164506
-1.854511
-11.995746
3.124746
3.580235
12.742768
10.652556
13.257514
5.340064
5.123615
-5.402728
4.220353
5.765824
-2.249063
-8.949979
-12.653019
-0.252515
0.077120
-6.635879
-8.294412
-6.528283
-0.897696
1.326419
0.200215
4.388649
5.593460
-2.570854
7.732270
-2.377920
-2.025007
-0.383638
-3.115952
-8.762545
7.235109
-1.342452
-8.038536
-9.285776
0.606051
7.717342
-3.799744
-6.147247
0.627981
6.680546
7.539102
-4.025036
-4.039532
-8.635687
-4.613335
-0.702300
8.633269
-2.934786
-1.863219
-2.124936
-11.444457
0.001980
4.187339
0.199412
4.464782
7.027070
-2.297168
2.910757
-0.799359
7.714534
-0.652565
0.103289
-15.073298
-1.830859
-8.627075
-6.318142
8.816451
4.573545
-0.838108
-3.181306
2.093069
-6.933775
-1.835321
-2.519725
-0.317652
2.845978
6.239537
-10.381843
4.463203
-1.815247
1.843585
5.669272
8.471767
4.053538
7.524851
5.849468
-1.387921
4.501168
4.865056
8.315974
5.295498
-7.083812
-1.063418
-1.458963
-8.692845
-3.137563
-1.439907
-3.260118
0.222303
-10.457239
-2.729096
-8.798846
-5.092549
-4.437945
-1.730756
4.504987
-4.123624
12.984642
-8.079155
2.726784
-5.657274
5.048987
3.399785
-9.480459
-9.988881
-5.426844
-6.166942
-5.342305
-8.633974
6.501395
8.539983
2.692184
-0.088139
-6.244634
-11.211464
-6.756124
-10.829995
-3.936450
-2.526503
0.561623
2.211010
5.595025
5.200648
-3.897691
4.211086
4.539231
-4.767166
-11.087677
-1.376440
-3.382370
-4.798658
2.653600
-1.513460
0.714885
-1.744341
-1.852976
-8.990062
3.358830
-3.549041
4.858415
4.977794
8.295303
-12.777022
-9.950717
4.575565
6.555391
-6.370011
5.606540
2.389793
0.309372
4.744319
-7.886463
-4.559385
-8.978630
-3.668185
3.499095
5.534401
-3.761841
1.717061
4.463443
0.814045
3.121390
6.498469
-1.386188
-11.436059
-4.735555
-1.899181
-4.645028
-7.988562
4.221533
2.364840
2.273269
1.216966
1.371719
-0.281627
7.491238
5.650599
9.437013
-2.810531
-11.897824
-0.595018
-10.284570
0.479077
-3.456094
-0.745893
-3.006681
0.680859
1.117429
-1.561917
1.125077
-0.852314
1.024147
5.195287
-2.997421
4.114215
1.610436
-1.881074
-7.853155
-9.090159
-4.381787
-4.509296
3.288205
-9.223569
3.927465
-5.112490
4.597869
-10.049839
-6.762475
6.385226
-2.312755
6.655160
2.064435
-7.851609
12.190128
-2.328495
-6.721934
1.076904
9.911906
-0.177528
5.724217
-2.940109
-7.269845
5.945630
-4.704200
7.472895
5.446016
-5.313650
4.206322
6.591043
-4.034551
-6.783694
0.941419
4.788424
5.441858
-15.227948
-0.487966
17.796061
3.926785
5.952683
-2.376957
5.258050
3.000831
9.900324
-3.583098
-6.252407
1.466055
5.967221
8.036839
13.030503
-5.595716
6.576928
2.089959
-5.011240
-4.843336
-4.522410
4.571077
-1.818387
-0.341990
-6.339420
-0.642754
-9.462485
-3.243500
1.062486
-7.794636
-8.184324
-3.066217
-2.238710
12.057283
2.855377
7.175082
12.464441
-5.236115
-7.662953
-1.087725
-3.989043
8.671838
-10.033633
-1.959526
-5.946778
0.922976
0.354508
-18.558502
-11.663109
10.622608
8.094175
-8.826227
4.966410
2.305883
8.215116
5.695451
3.342721
1.003890
7.361839
6.044052
-2.414125
8.288074
6.680579
7.906067
-2.341709
-7.025234
-1.308978
-6.665357
-6.591723
5.290039
0.869739
-13.355882
1.163416
-10.589634
-8.797993
-6.599187
3.176934
8.128327
5.277231
-4.746109
-4.065333
2.708323
8.030320
0.084727
-1.506885
-3.797309
-6.577252
4.227806
1.443395
0.901980
4.265312
-5.152079
-6.317027
-0.732116
10.860078
-2.223385
-0.931830
4.065370
4.622468
9.267363
4.076653
10.718263
1.823454
2.584402
-2.444364
6.835015
-4.833604
-1.073214
13.761286
3.972962
3.513821
-9.524759
-3.768595
1.911049
-1.718178
2.631472
-0.251967
7.969473
9.502598
-5.386640
-9.214487
5.753166
6.295749
-2.939006
0.679602
-3.344861
13.863111
-1.240740
5.392743
6.149080
-7.313458
1.268490
-3.466342
4.154255
-6.555787
-9.055191
-1.428224
6.011850
-1.197732
13.250525
0.182343
-4.404505
-5.616660
15.225021
1.234369
8.750930
-1.255022
-1.284815
-0.520709
-4.543579
2.622518
-12.613684
4.407115
4.175181
-2.801765
-7.754316
-12.562778
-4.989664
-5.094658
-4.755728
0.613185
-3.384188
1.747272
-1.142589
-3.488199
-4.261800
-2.538761
4.308742
-2.942652
-6.381550
2.064684
-11.556515
-3.552793
5.517794
5.810305
-3.287375
0.208481
-4.216255
-7.725301
10.353087
4.378950
-3.636894
11.086483
-0.715173
-2.803568
0.683881
2.287458
4.011843
7.919767
0.168374
3.046213
-3.785942
-17.668486
9.121839
2.439485
1.955414
1.031224
-5.899858
-1.886767
-1.499059
7.167937
5.258418
-2.762432
6.135363
1.175887
2.564493
-0.882688
-7.730073
-2.974757
-3.847553
0.207054
-8.020995
1.320283
-2.517255
-5.435389
7.792378
-1.173234
-0.897394
2.972146
-5.531535
2.495477
-0.033275
4.423666
-4.760798
5.440313
7.369533
6.761062
5.203344
10.270670
4.731771
3.958664
-5.775220
1.113050
10.295002
-4.669341
-0.904338
-5.055142
-1.291258
5.772953
18.140211
-5.525509
-5.127889
-0.692104
-2.436441
-9.550662
-8.314940
4.035062
-0.617500
-13.657912
7.606917
-3.603539
9.437936
2.842462
4.503667
10.122079
-7.529707
2.614888
-0.713753
3.641223
-6.586007
7.635736
4.908113
-8.339314
5.798055
0.096297
3.113619
-5.192398
13.808363
6.171592
1.304534
-2.371650
-1.368454
7.681093
-4.326991
1.508876
-2.875141
-8.907905
-8.969740
0.225960
2.621019
-4.339040
-8.488788
8.073647
-21.165283
-2.456295
2.157694
-5.249362
-3.030797
4.438240
1.944672
0.605671
13.119384
9.681281
-9.233912
0.338319
-1.987033
-1.187297
3.719556
-4.412084
-2.051609
11.607405
-11.056943
-1.758586
-8.368305
-0.162459
3.449843
8.068270
1.954768
-0.011869
0.100949
5.058190
0.128112
4.056460
-6.455112
-0.474456
4.202753
-2.557432
-5.764935
-2.227159
0.891640
-7.121180
-4.511373
0.595779
-5.377884
-4.829911
3.758947
7.987791
0.983335
-2.279231
-9.741656
-7.645260
13.709851
3.701342
-0.844946
4.134517
5.010801
-7.313560
1.607952
7.863759
2.547844
7.761919
5.196698
1.273456
-10.424736
6.714812
-1.237033
0.334462
5.749117
-11.470173
-3.691202
-5.906828
-8.214817
-6.099618
-0.000396
5.408256
-8.418034
2.117112
-0.987302
-6.111831
-5.471364
0.816926
2.615813
-4.985048
3.945630
0.448497
1.376409
-0.849576
4.944681
1.272995
-4.503899
4.299665
1.198086
10.476789
2.803463
5.375124
4.184043
-4.192382
2.789016
-1.600712
2.227427
4.253747
-1.705157
-3.039711
0.898417
6.817349
-5.160025
6.089086
1.450991
0.935877
5.751099
5.363688
-10.020144
3.188918
-7.323045
-2.549837
-6.434022
-5.163642
6.517085
7.280988
0.284795
5.681212
4.896071
4.857608
8.011253
1.017874
-6.275201
8.477192
-0.398573
-10.563314
-2.229057
-3.189908
-4.562984
6.451841
-6.897803
-5.065215
7.992556
-7.636890
-3.524917
-1.001356
-5.100380
-8.662761
-1.687063
3.999532
1.543116
-14.767424
-5.147825
-3.642643
-5.220312
-13.728330
5.014317
2.034041
4.057228
2.575426
1.685715
-4.485093
0.478532
3.060158
-2.582003
-5.068818
-1.776177
4.111993
1.219497
-9.014452
0.460287
-4.318154
-6.478048
-1.915966
-0.820671
-6.788141
-0.842170
10.641891
0.294731
-7.411866
2.391606
5.656426
2.556146
-1.639494
-5.809952
5.556009
-4.007012
-0.224809
-5.489254
-2.191672
-7.909145
-0.346052
-4.776852
3.459570
3.607211
-6.033455
-0.864091
-0.876913
-7.943193
2.299007
6.259402
-6.362844
-5.712285
0.970516
-1.882826
-5.008585
5.251950
-0.453860
-0.234526
1.432917
-6.807029
-0.046304
-3.017992
-1.606295
-0.272414
3.550524
11.015247
-9.850360
-5.252505
-3.106987
1.846727
5.020674
-1.757673
-7.179878
8.039401
-10.630860
3.744489
-6.355121
-2.327950
8.215762
-12.358091
-1.909714
-1.794768
-2.762498
-3.734407
-2.934782
-4.237844
-7.746520
2.755144
11.719714
-0.733600
0.763653
2.307125
4.113587
-2.959004
1.858826
-5.216742
6.365233
5.611147
-5.478189
3.024698
-1.629166
-5.822948
-0.877568
-6.724303
-3.955917
-5.110998
-2.590414
-0.823044
5.373405
-2.160567
-6.243197
8.692780
-10.366732
-4.211030
4.192785
3.410106
-3.964844
10.806097
0.269491
3.663183
0.176392
-4.262158
-6.103875
-1.192952
-2.657861
-5.592301
2.617123
0.985030
-13.413104
1.863941
1.225367
-11.738202
-6.444537
2.729554
-6.467506
5.682292
10.951292
-4.661661
7.275954
3.266193
-2.811889
2.039611
5.810019
1.391330
-0.246152
-3.101745
-0.360258
0.162373
7.735946
-1.942441
6.187847
3.084351
8.549287
-2.000244
-2.834659
-3.365984
-5.668353
-1.407066
-5.869309
0.875551
-0.567515
2.394953
-3.295088
5.033084
5.219358
-11.698122
-7.659125
-1.589235
-4.427742
-2.309772
-0.574609
-13.335995
5.979414
5.343084
12.713755
1.999148
3.798241
11.223776
-4.614931
-0.077637
-3.499042
-3.850282
1.814902
-3.545176
-2.274100
-1.465463
-1.487115
2.858861
-9.792222
-3.523847
11.144288
-3.916088
4.319470
-7.025745
-5.155589
7.933303
-1.462184
7.572893
0.267668
-5.875054
-2.361427
-1.646001
4.188593
11.375476
2.104020
12.332849
-2.673838
9.429162
1.244677
-9.529262
1.981829
-2.041006
7.831001
6.802895
2.896609
8.962617
-2.037299
3.057854
-7.896690
3.825250
6.412436
0.134404
3.787650
0.458624
7.395352
3.219704
-2.460140
2.644738
3.033510
-3.940207
-3.362626
3.929028
3.029827
4.996421
4.467376
-4.540338
6.131608
7.832329
-1.387321
-4.284350
-4.991776
4.327719
10.975410
-4.343803
1.657973
0.043870
-7.227798
-8.492432
-0.717620
-1.994404
-2.297228
-2.344207
12.656025
-2.985470
-0.212130
-0.298212
-6.222870
8.461957
-2.357093
3.745188
-5.561406
7.335582
-1.711595
6.976343
0.318093
1.819578
6.970189
-5.835064
-3.685505
-1.600846
0.655802
-0.400900
-5.976792
1.019071
1.758868
-0.015437
4.288208
-1.127366
2.635496
-0.291324
-7.290609
3.897023
-0.100830
1.880375
-3.678480
-3.619150
3.142717
-0.807065
-11.714856
-2.572811
-1.977235
-6.679819
6.450139
7.769916
-0.073233
-3.600633
10.074423
2.401635
-6.869277
-0.956574
4.999152
-0.958815
-4.643574
3.400586
-11.665185
-5.594111
-5.021491
0.349611
-7.823585
8.475118
-7.040280
-3.660334
-0.067219
3.920434
-3.080264
8.957348
-3.738420
8.739934
-11.643090
10.861429
-1.038965
-0.426236
-2.526748
-7.683970
2.158453
0.532894
6.864372
2.419410
-5.002714
9.415824
-7.930392
-2.460294
6.158317
-6.615911
7.652130
-0.134357
-0.578577
-3.384076
6.090716
-4.651556
8.875164
9.668749
0.414012
-4.762369
-17.337021
2.954633
-14.800898
3.504208
-3.650191
-1.587472
1.697768
-9.772423
-1.509910
1.676947
-4.130268
0.881516
1.553374
1.492073
8.929764
0.093631
-0.443314
5.069357
-1.109935
-4.985121
-6.258077
-6.694412
-7.363853
8.569730
2.449812
5.416844
-5.435249
-2.389184
5.841247
5.980208
1.289067
-4.855550
3.490405
10.130831
7.231776
1.225276
4.128528
8.075027
-1.916191
0.115677
-6.138751
-0.860197
-7.440241
4.331797
-0.855959
5.531449
5.030853
-10.351295
9.215408
-8.271331
-6.569324
-5.176500
-12.979660
-6.583136
0.566636
5.490548
-12.304314
4.543836
-8.778179
-0.688409
-5.534828
-9.690062
4.619346
-4.771986
4.653505
2.507907
2.049291
-0.286103
12.561224
-6.889544
6.657568
-7.431335
-5.559512
1.344122
-9.663817
-1.903767
2.298476
-0.895823
-6.894361
-2.644406
-6.396592
1.698321
1.822479
2.004844
-0.923587
-0.188178
-1.482737
-3.193987
6.785676
6.824180
-0.183089
-5.732683
2.819097
-2.918786
4.493328
0.222896
-4.043590
7.854246
-3.834857
-3.891232
-11.215726
2.567732
-2.282664
7.199131
-7.366842
3.348377
11.113735
3.378861
-3.944950
-6.253707
4.855422
1.081957
2.043128
-1.235108
9.268338
-3.470235
2.144428
0.686969
-4.189879
-0.352691
5.254396
0.520765
-5.639566
-4.587839
-3.029665
-3.478465
-7.897260
3.431903
-6.616845
-4.760674
5.594228
-10.888730
3.544002
-1.541025
3.271348
3.127689
-2.928219
-9.006314
-2.890534
-3.650732
3.362618
-9.043491
-5.077770
8.221194
-10.835963
6.349308
10.550497
3.162579
-6.579380
6.931242
-1.647866
1.339601
0.827941
5.240401
0.347146
-3.556471
-6.474232
-11.101233
5.015116
-6.584118
-10.146121
-5.504487
5.167315
-1.485963
-6.337430
-0.229874
0.670848
-2.683432
-4.396782
2.517948
2.962755
12.659730
5.289551
-8.982244
-8.369834
-4.474082
-5.579165
-3.951776
-0.756175
2.167233
3.624672
0.612032
5.216921
-3.978571
-2.186556
4.583820
3.761343
4.385887
-8.196185
-4.640272
-4.357639
7.335181
0.749033
6.594553
0.712718
-0.042318
1.464065
3.037629
-2.463600
0.555123
1.602199
-0.682016
-4.017655
0.224378
3.881334
14.335899
2.349252
2.383258
-4.355141
1.758500
2.127096
8.969856
-0.607253
2.815916
8.558268
-0.198792
8.237964
3.262257
-4.337682
2.045153
-3.152924
-6.745477
-15.293466
7.893334
-4.547880
-5.746125
-10.688122
-5.010877
1.166321
6.774371
-4.618194
-2.590760
-1.676662
-7.480274
-1.889462
-6.738751
3.851557
-6.393037
3.213074
-7.224845
-10.078617
-2.682289
-5.804028
-2.178119
5.632906
-0.535790
-2.059810
12.126875
-2.303798
-0.783080
-4.888144
-3.967625
-4.777364
10.023491
-3.969186
12.404415
-4.369560
-4.740692
7.083891
5.064092
-8.208719
3.214537
4.281176
-5.966327
6.019771
6.067896
10.570807
-2.115076
-1.731846
-2.035575
1.160177
11.586894
-9.125159
-4.874076
-6.976563
0.200017
1.630778
-6.735178
7.553284
-8.923130
7.274763
4.685309
5.369545
-10.018777
0.901313
6.579269
5.959875
-3.367676
-5.309842
-6.542612
2.467538
-7.966492
1.302760
-2.321714
-6.134940
3.157567
6.250601
-4.078843
-7.624845
-0.736112
6.376942
0.120876
-1.651182
-6.145447
-6.674549
-3.039590
-1.106133
4.148086
5.843076
-5.552471
-0.225320
-4.078967
-6.260406
-3.733356
7.308275
1.421713
-5.623010
-8.371979
0.798487
5.563919
2.995401
-4.325541
-0.825523
-0.127074
-1.820566
-0.525886
-2.412470
-10.126115
-2.526052
-7.788088
-6.011076
1.533487
5.206327
10.375556
10.112791
-16.061586
1.016501
-0.969413
-2.518124
6.996455
2.043704
-1.409982
1.947202
10.330677
2.017384
6.325019
-6.452796
-2.005171
6.473346
-5.388078
8.876798
-3.040020
-2.308118
10.027080
-3.050947
-5.132004
1.185946
-0.096986
10.018492
5.799985
-5.838954
-2.967713
4.172670
-8.300319
-11.707981
4.130265
-3.708346
8.762257
10.220188
1.759135
8.548144
4.138056
9.422020
-2.459252
3.772995
-10.925069
-0.320561
4.203266
5.129403
-5.128451
4.911780
-5.758903
-12.048059
-2.414070
-19.483421
-5.727569
-9.331004
-0.843916
3.017791
-1.445479
3.402914
3.717780
5.147391
4.103282
-5.987755
5.429414
-0.640547
-2.671754
-1.374183
-12.929005
0.687057
10.652785
2.939734
0.930962
-4.427993
-0.653837
-7.468847
6.154856
-4.987471
-0.511703
0.622591
5.881127
1.062931
6.275581
4.618095
-12.048680
-0.607581
4.200466
-5.751967
-2.013539
2.422771
10.598586
-9.598561
-5.809624
-0.253580
8.919896
-13.845368
-1.492637
-13.398917
8.331830
-1.627137
8.639874
13.507947
-8.139876
1.822088
-1.596732
-7.946037
0.733452
3.101192
10.353683
-9.978370
3.250556
1.969525
4.665219
5.914567
-1.330565
-2.033945
6.924685
2.099959
8.167573
1.772297
-7.602693
6.306271
-7.503041
2.056467
0.810214
3.817628
-0.447138
-11.520775
12.326486
4.285375
2.611381
5.853688
-6.745783
6.147119
-5.961336
-1.719318
2.213901
-11.284071
2.603791
6.641379
0.881055
-1.889929
5.292777
5.026762
-5.179024
-5.586995
-0.410279
-9.465979
1.668673
-12.483975
-2.763074
5.426386
12.074745
-0.442276
-5.266654
-5.136802
6.796557
4.212852
-5.249739
8.936359
4.144593
2.902230
1.850157
-2.836031
-10.135711
3.098867
8.145147
8.785842
-1.981830
1.617577
-3.128822
-13.212663
-3.475852
11.881034
-1.727636
-2.760909
-7.217089
-4.234024
8.304424
6.495640
-1.745053
0.615238
-3.483328
8.827094
-6.903879
-2.745070
-4.907349
6.463402
0.025691
-12.963089
-11.434025
-4.378630
-4.340619
8.204631
-7.746796
-10.708173
7.443509
-1.973082
-11.497276
11.205020
1.563466
-1.927034
2.441043
3.620214
4.606951
-8.279486
3.270376
-3.066784
-11.072203
-12.449028
1.891623
3.739429
0.976821
-12.948602
2.106039
-4.512282
-0.966650
1.358090
-4.194329
-2.031112
8.205634
4.785421
-3.969679
1.569095
2.746125
4.266239
-14.227478
3.127494
6.971203
-9.139759
-3.148826
-2.270101
-7.580918
4.707266
5.751960
5.599826
2.494166
0.405877
-5.930542
-1.559912
3.201236
5.598244
-1.733421
-10.326401
6.390404
13.319167
0.480972
-8.817240
4.524562
-8.229799
7.609881
-3.668873
4.220107
0.704122
-4.700838
3.475044
-6.459824
0.796376
-8.965670
-2.243001
-2.490068
-1.357627
7.094641
5.293834
1.747077
-1.926155
-4.017657
-3.707489
-1.284367
-7.649618
11.420143
-7.607323
-4.096169
-4.293716
-0.866909
-9.685701
6.308661
5.401185
9.515513
1.463463
2.491726
4.815955
-8.143029
2.142886
2.113280
-8.523409
6.237762
0.664233
-0.904895
5.474972
6.166595
-1.041781
2.974914
-10.206269
9.337016
9.813500
-2.925343
-9.065312
4.160156
-0.697813
-0.959577
6.269473
5.084627
-5.326376
0.563985
-3.077859
-16.625265
-10.936937
2.014599
2.285386
-8.941648
5.009670
5.319246
7.930188
2.598393
-1.561512
8.432637
6.145267
0.757644
0.210951
-9.895817
1.682665
0.061091
3.923128
-5.598456
7.885693
-0.946231
0.843283
-0.149506
-3.884073
6.658021
-0.892919
-7.582206
-2.246285
-2.440109
4.074302
4.278061
0.713137
0.692318
-3.536631
1.626204
-7.434344
-1.791463
-5.530337
7.409077
12.423357
-1.630316
-2.356304
7.839501
7.143417
6.461499
6.630569
-2.865006
-1.161136
-0.602338
-0.329040
3.460070
-5.368784
11.073623
-6.571160
-0.671187
-1.996872
-3.835587
0.947938
1.748219
-3.494065
8.221677
6.769185
1.811938
1.978556
-5.339678
4.754360
3.442824
-7.974779
-5.650630
3.930760
-5.709713
8.970556
4.478256
0.288134
-3.627611
-9.463930
-10.813536
9.149862
-6.389589
6.222194
8.481185
-4.774402
4.434191
0.411428
-2.302245
-0.786213
0.434144
5.366911
-1.344980
-2.798302
5.350121
-1.598536
4.511575
9.389345
5.126589
5.023601
-1.158167
-0.574834
-5.058757
-3.760514
3.189502
1.567940
6.475655
-2.584578
-0.301293
8.166524
-4.621471
1.031625
-6.766032
2.458004
3.825651
1.563207
-2.820205
7.452679
5.197905
-7.053666
-4.328427
-3.359637
-6.252840
3.811377
-4.087046
3.861628
-0.789691
-7.873826
3.981652
-1.749316
-2.581142
-4.529040
8.123154
-5.141536
5.612147
-3.172242
10.942403
-4.592422
4.865409
-3.166648
-0.549442
4.810783
-0.961554
0.094089
-2.211307
2.637233
5.261375
3.817883
-5.164595
5.013012
-14.591748
-6.019750
-8.216061
0.608363
3.137843
-5.645185
-1.142860
-4.821126
-5.942869
2.390512
4.377311
5.396772
-0.983334
0.235364
3.376397
-1.452628
-3.201530
3.975925
-3.211141
-3.266183
-3.781063
8.830786
4.099622
3.147453
5.980133
6.228507
6.422924
6.575274
1.917234
-5.293302
4.395890
-0.723689
-11.078191
6.956196
-5.778593
-1.037467
-0.728305
-0.992927
-10.939919
3.453060
-12.535889
-2.519018
-4.464948
1.860152
-1.507046
-6.602780
3.203922
0.357537
-10.861988
4.769521
-3.585944
2.857480
-2.117729
-0.013428
-0.394499
1.837561
8.473850
-0.026235
-0.033954
4.663240
-1.159810
0.392548
6.164790
-2.535938
0.336512
-5.570662
-9.778265
2.650870
5.269487
-3.157420
7.450055
-2.259557
-0.336027
4.622869
-0.409591
2.074297
-9.998476
3.173723
-1.258330
-0.631816
-10.695488
-2.366958
-0.730109
3.938518
-2.777531
1.440333
-0.357926
2.571409
1.561373
-3.502461
-9.996582
-3.355576
-5.001601
1.027205
-7.563448
-7.178009
6.569135
-0.397665
5.213160
7.633997
5.910054
4.574287
-0.221641
-4.485235
10.200116
-6.862944
6.544470
3.286139
5.663023
-6.751235
2.825063
7.186026
-5.660451
3.844144
3.997571
-3.077936
-2.437985
-8.121175
10.557765
-5.193289
-10.202919
-6.048529
2.204607
1.685938
4.108293
0.899411
-4.366347
-4.441068
-9.092510
9.928152
9.254161
-1.325515
-7.777266
9.778671
0.884358
7.184856
-6.161517
7.730599
-6.225147
-3.500876
4.341642
-8.214649
-9.552942
-10.020029
-8.059450
-0.535782
-0.333893
-6.302969
-8.349478
-6.814563
-6.915933
-9.726893
2.250994
-4.069016
-2.820704
-0.847492
-1.778056
2.507868
-9.923282
4.213021
4.642844
6.933765
3.698525
-2.237150
-0.959958
7.620630
7.330229
-0.501642
-2.914746
0.568388
-1.390400
-4.577689
-3.265114
2.094802
-2.462504
7.997929
0.783410
8.427238
-4.413292
-4.092790
1.813306
9.970433
-0.666412
-1.354540
1.607940
-4.259299
-6.268374
-6.558382
-6.630789
-1.220523
2.568399
-8.562513
10.549298
3.345109
-6.423724
4.224437
11.641101
-0.775694
7.034830
2.905503
-7.088060
9.099870
-9.500038
-0.587368
-2.252625
1.221621
-2.520128
4.265131
-1.016681
-4.185247
5.645596
-5.884789
0.151389
0.236494
-5.796762
2.845243
1.006292
-2.962066
-4.268588
-5.928201
-5.196693
5.094326
-4.926428
-1.308425
-0.093983
8.689882
1.797933
-1.113564
-1.758305
3.287659
5.116752
4.143226
-10.585126
-2.068395
-9.001111
-7.545437
-8.844519
-6.575060
4.820664
-7.694762
10.853051
1.982211
7.099176
11.288061
-5.456965
7.881271
3.066264
-0.477620
3.364109
-0.034682
-1.007407
2.993947
7.248220
-0.469637
-2.198680
2.756120
7.443624
-7.303889
5.244433
2.065517
0.263455
5.400065
0.561518
2.974307
-4.629394
-2.244895
7.620615
-4.290791
-4.358463
5.472370
-3.909211
-1.400773
0.772703
9.115461
-1.957153
-8.680248
6.119428
-12.080861
3.958001
-5.821944
4.149035
3.205868
0.644530
-6.819621
-4.958142
-8.966629
-2.753943
7.129183
-0.711217
-10.125792
6.945403
-8.334385
4.493832
3.093845
-0.399617
-4.167815
-5.706078
-6.257522
1.238349
-10.515270
2.757269
3.849167
-13.844375
-2.887402
1.922186
-0.833914
8.611901
4.801934
-2.044350
3.404373
1.795359
-7.287733
7.775493
8.569343
-5.857037
-1.770371
3.263437
-2.130175
-0.794238
4.359823
-10.850867
-9.524651
-2.842659
7.805747
12.178474
-10.059042
1.186734
7.458888
-2.419245
-0.159784
-2.137389
1.642985
-3.162715
-0.426272
13.016258
8.277901
2.801247
6.103714
-4.434498
-2.252480
2.966994
-1.193307
-6.683485
6.162020
0.448301
-7.244352
1.591221
-6.500390
1.606833
1.628351
-2.646734
-8.045720
5.931131
0.919469
-2.983211
8.999994
-5.340247
-5.292261
4.022864
-4.198650
3.719743
1.565480
-1.549845
-1.851522
2.278470
7.518621
0.806128
-9.283053
-6.055952
10.799224
-9.191370
-9.711528
6.019104
1.322296
-1.084692
3.546027
-5.534345
5.080820
-1.446350
-6.286223
-0.538609
-7.251819
-6.154612
1.133241
-3.439119
-2.011236
10.987701
-2.600887
-9.082402
-4.715785
-0.792548
4.528566
7.193951
-5.937833
8.690412
0.423864
3.269146
3.759805
-1.289619
6.152984
-3.267876
1.506657
-3.166507
8.000700
-5.711213
-0.971995
3.313613
9.983366
-6.378273
-1.157026
-0.563177
-2.390237
8.544265
-1.297578
5.071279
6.159774
-13.741044
-11.086414
4.990088
-3.399914
4.671110
-8.842978
-0.717952
3.152525
5.611065
-3.051920
-5.884081
6.471817
4.524289
0.132674
-1.267870
6.764140
-6.529781
7.433295
6.677404
-7.380492
-6.310086
7.243655
4.597364
-4.281857
-9.005289
-5.160267
5.133540
7.398616
-2.399284
0.204603
1.115432
1.452112
-6.211164
7.612368
3.150535
1.887603
2.404497
3.835458
8.064590
-7.143399
-6.347987
-3.833214
8.053502
11.170881
0.405895
-2.868412
4.627364
5.348300
-3.248431
-4.142351
3.115902
-4.640444
0.748007
16.857573
6.521414
-2.543820
-1.039420
-1.284323
-1.315298
-1.022284
-2.202976
-7.113390
5.887453
-3.674786
12.068889
-10.500919
8.662610
-2.008420
-5.223354
-2.132458
-3.684591
-0.622405
-4.793398
3.127647
3.015527
12.927394
-7.565803
9.962760
4.005835
11.840360
5.886602
4.278030
-2.133564
6.436877
4.768236
1.981243
-6.007982
6.817958
5.611325
-2.841109
2.018311
6.564466
-0.905678
-4.987422
6.593478
3.352137
-6.052036
-13.630898
8.045047
-0.142670
-0.043713
-4.534197
1.469239
0.139118
9.697946
-3.852863
-0.942249
8.627418
0.242484
-9.219781
4.840356
7.374722
1.464282
1.534015
-6.576571
9.377108
6.488752
6.715451
-8.928875
-4.687087
-0.945203
1.740983
-5.119989
-0.760021
-13.007689
-3.601094
-2.565467
3.289508
13.360737
0.515771
-3.548153
-7.233807
2.375430
-4.224992
4.235243
8.942765
-4.840802
-2.402499
-3.812171
0.078853
7.789952
5.741883
-0.596896
-4.176294
-5.431506
-6.308473
4.974718
9.852719
-5.699462
0.223091
0.220954
-0.532854
9.315872
2.308238
-0.114194
-4.570309
-3.388545
3.219625
-4.617595
5.491196
-6.039274
-3.890393
3.509082
4.796339
0.132236
1.679087
-3.269391
-1.490347
2.008270
3.430593
7.989192
1.550971
-0.922972
4.820608
0.081049
5.472765
2.443714
-0.755068
-4.883593
6.964004
1.782148
5.654012
-7.428576
5.449831
5.258162
-1.309361
3.981443
3.932015
-5.610023
-2.795752
4.634838
3.084521
-8.660586
-11.904747
0.958610
-1.397094
4.924863
-7.113042
-5.566286
5.805560
6.507648
-5.683475
7.671597
10.094454
7.021364
6.073463
-16.343502
12.345366
0.509867
-6.899435
-4.000835
7.082421
-7.870863
-3.584443
5.594062
-8.709289
5.536547
-2.487532
-10.828143
-8.365972
0.581344
3.795087
3.681690
-0.501310
-2.797244
3.151361
-7.500512
7.746614
1.972601
-0.084921
5.530812
2.642675
1.659549
2.451219
-5.355648
8.593094
2.708516
2.779829
1.206536
13.532208
3.744686
-1.963942
5.928146
8.155847
6.900055
0.589532
-2.507565
-2.876622
2.790597
-2.463163
1.585178
6.545450
-5.679869
12.510756
3.886392
-8.543304
-3.386513
-4.398440
4.632174
3.958955
-1.584745
1.004639
4.954030
13.626386
4.283364
-3.365590
-8.447406
-1.398299
-1.160434
3.257228
-2.982083
1.713095
0.218711
-3.153878
1.458830
4.649846
-0.496688
-2.218471
2.362687
-6.293451
-14.304560
-5.629215
-2.282016
5.873009
1.257934
5.449606
-2.702301
-0.036042
7.507325
-5.047902
0.304046
-6.379467
-9.468737
9.373604
-1.661186
2.424727
-14.679398
-1.654985
-8.122640
-7.239279
5.143590
-5.881425
10.524944
-4.755265
-5.748923
6.234549
3.252012
0.676214
-11.238509
-3.166632
-0.191996
-4.783924
-5.158372
-10.171383
-4.287730
9.282850
4.209760
-5.777227
-5.963027
8.384428
-4.621305
-2.103005
-0.168342
-3.387753
11.686754
-3.733879
1.894636
0.318786
-0.816866
-7.449821
-7.156980
3.098523
-0.521991
-11.240613
6.570379
-3.637749
0.386109
2.772536
5.760181
-5.995609
0.341064
4.888318
3.616248
9.440768
2.435845
8.245336
-0.525268
-6.892693
-8.595327
4.144449
4.620411
-7.761680
-7.532486
8.846935
-1.358393
-8.244762
-5.446877
0.687521
2.040993
-7.289514
-8.095456
-10.149743
0.753358
12.061526
9.925715
3.121651
-7.661037
-9.652317
0.140973
7.326719
-10.441062
-6.920919
-5.767370
1.776628
-7.565339
-0.166085
1.579775
-2.160808
-3.943550
-2.623432
3.926363
-3.448449
-5.598119
8.563267
-7.875525
-12.744439
5.319182
8.070449
-2.378228
5.932138
-3.051244
-5.612732
13.038744
-4.575027
-4.080654
5.503391
-7.943400
-2.700585
17.318003
-5.781332
-4.647981
4.491200
-6.629905
1.304084
-2.397186
-7.724317
-3.894208
-1.774753
-2.275250
-0.594735
-5.983971
-8.611168
-6.210977
3.671099
0.238372
3.039673
4.012168
-6.618645
4.103139
2.357797
6.451276
2.285286
-16.159422
-5.836309
10.251751
8.430751
2.955047
-8.737196
10.314363
4.332128
-9.430570
0.799592
5.273879
9.285174
-0.711043
-1.489846
-5.811976
-9.167601
-0.574876
3.009605
-4.429348
2.623111
10.037930
-3.563771
-4.725693
-0.784211
-0.890305
6.156160
0.335166
0.423584
0.062997
11.709296
-2.930297
1.137908
3.634017
7.136067
0.754764
-5.657579
0.925569
-7.054585
-1.297951
-0.138117
0.088454
3.810464
-6.142674
8.806375
8.245604
1.893358
-2.053761
6.089313
0.800254
1.846085
-6.329642
7.665904
4.585480
-0.543060
-9.136250
-7.281492
-4.998120
-4.711091
-2.948790
-11.837848
-4.069607
8.076190
8.393919
-9.516459
-2.673089
3.358538
-6.203810
-11.743793
2.777275
4.683791
8.225611
-7.606046
13.565365
-2.546135
2.546642
-4.224724
-1.776801
-6.066233
-6.872352
-6.044386
-3.781738
3.859909
-1.541722
0.787355
0.393713
-0.222029
2.402401
-7.426044
9.484539
-3.564404
-2.674625
2.610135
-0.841207
8.687441
-1.877384
11.696464
-8.161423
6.177071
-0.117023
2.323308
5.096937
3.011159
1.349048
4.454034
6.093084
-7.892107
6.623466
8.327832
3.853780
-4.846796
-4.171597
3.650203
9.399786
2.186499
1.602023
-5.262507
-5.726396
4.907883
4.112637
-1.993168
-0.761500
-6.055500
-6.783653
0.192966
-2.051100
-0.520987
-4.654729
-6.572683
1.303215
-8.537362
7.415817
-10.352545
10.095610
-1.475791
5.264435
-4.703337
5.970201
-1.771073
3.458373
7.828424
-0.914981
-2.067214
5.435564
2.221480
3.403065
-0.258978
2.875352
-3.157277
-4.986620
-8.953109
-1.207055
-11.229203
0.713487
-6.521500
-0.738921
-2.398724
-7.168518
-3.409084
3.756515
0.345087
2.159136
-3.278409
-9.615835
5.430501
3.120335
-5.772920
-0.324411
7.642249
8.216951
-5.184110
-8.621669
-4.575519
-3.161680
0.780670
1.447229
5.447509
-5.494144
-1.364051
-8.259126
-7.657549
3.969607
8.259941
-9.827680
6.433235
2.878298
-4.621670
8.195617
1.946242
6.247580
-1.746648
-2.172711
5.259338
-4.699853
5.205186
-5.704645
-2.352509
3.131232
4.730905
1.105136
-4.019000
1.876468
-4.092522
-0.042681
-2.911999
0.268628
-9.333584
-1.872016
-2.593815
-5.197046
6.513294
-2.825343
-2.548453
-5.597497
6.446933
-2.949399
6.432120
6.684422
3.043530
3.978571
-9.814668
-5.274286
-3.781044
-6.890400
-6.767808
4.839665
1.496430
6.501803
2.892117
-6.126843
13.240664
-10.766900
-2.260001
5.317701
10.565589
1.707162
-0.912567
0.816413
-0.448218
-5.214081
-0.967533
-2.768360
-4.165744
-6.146952
-11.468923
-0.756092
-3.097420
8.382215
-4.283512
6.444587
2.280031
5.601538
3.960202
-1.253622
2.610442
6.300165
-3.286573
3.434134
3.433018
-6.513707
-2.802362
6.046569
1.810551
-5.462138
-9.506093
-9.378471
-4.903424
-0.217182
5.844834
-5.511036
4.995129
-7.197252
2.103513
-4.677878
-1.055321
6.101501
4.420090
-4.969290
1.745313
2.771376
4.269936
-8.667341
1.348987
-0.614578
-9.012690
1.000289
2.293268
4.775852
-4.565921
-9.209825
1.926908
-3.172333
-2.460606
-5.710600
-1.381255
7.757423
-2.712981
7.964908
3.619681
5.043885
1.495593
1.951131
0.497652
-5.192461
-4.830087
1.788100
-1.362595
-8.858538
0.752670
1.422986
1.878401
2.919027
2.021146
-14.647448
5.466616
-6.657161
-0.887962
-8.086392
-2.366065
-10.696285
-10.387353
-1.988602
5.984933
-6.224771
0.055019
7.347690
9.815914
-3.775827
-3.065171
-6.978906
-2.100635
1.187717
-1.636099
-0.949951
4.202439
-1.118924
-9.629919
5.662057
14.058608
9.162469
-5.544321
-2.432698
-6.152913
-5.976033
-2.598914
-0.527454
11.141280
9.196916
-11.426782
2.551750
-2.002726
-3.635437
1.359456
2.529220
7.967414
-12.623976
-4.720248
-4.774531
-5.175578
-4.839243
-0.392728
1.884336
-4.907220
5.278923
-4.309955
-8.698369
-1.070102
-9.313087
-3.800675
1.577646
-4.733048
-1.352737
-2.522346
-3.532720
-9.035659
3.494876
4.944949
9.956062
-1.568977
-3.628813
-8.115401
-0.699065
7.992846
5.283466
-4.617312
-6.071795
-5.052277
6.602675
1.274629
-0.118051
0.368994
-1.524924
2.194723
-8.198796
-0.384662
-11.396426
-1.411245
3.266992
8.345794
2.373902
0.563670
-2.375342
-6.023803
0.606364
-5.907917
2.925524
2.326992
-7.628953
6.164232
0.600639
-6.120354
-2.374383
3.364740
6.565476
-8.256201
7.405226
-2.612988
10.971748
10.323718
7.698779
4.717166
-6.862482
-1.737666
4.067710
3.222658
-2.727096
7.439930
-6.740665
-9.994856
4.575437
1.221152
3.503202
-0.048116
16.432209
-0.513867
-7.080165
-8.810310
0.295920
-0.517404
-4.633824
3.546488
-2.297896
0.934818
-2.553959
-5.521477
13.855095
2.903069
-1.296755
2.331438
-5.632206
3.282189
-0.277688
7.513381
-7.140636
0.747272
-2.704730
2.667130
-0.837268
2.042400
-8.635875
-3.754795
-1.865329
-3.293523
-0.410224
0.981175
-10.040952
-11.250955
-5.462974
0.869700
7.745883
-1.204357
2.718624
2.292570
-7.036300
-1.803379
-7.097957
6.580153
-1.970406
1.130236
1.827866
8.827173
-3.978481
0.217922
6.148651
-8.678868
4.055396
3.633705
6.198054
-2.970154
2.189336
1.050480
-8.742937
6.484822
1.583493
7.187983
5.042796
2.078987
-7.317651
3.619082
-8.651876
6.617333
-3.741432
9.490800
1.449643
4.294508
3.861831
12.502433
1.755337
-7.213408
-7.052296
0.752055
-3.187421
-4.100677
3.540592
-9.429384
-0.015720
5.220320
3.305381
-2.644099
4.691478
1.595356
-1.183089
-0.706834
-8.390991
-0.808581
1.421981
6.614269
2.856973
2.359239
6.063991
-2.912209
1.033554
-0.860052
11.879605
1.423720
-1.240732
-9.890019
5.258062
-1.667881
13.959488
-1.074624
0.814837
-4.791407
-8.091559
-2.917088
2.292174
-1.903624
-10.965366
-1.473002
1.677156
9.370784
2.203330
-7.086372
-5.901323
-1.353714
4.609845
2.639933
9.157958
5.911172
3.221602
3.124361
-6.357050
-7.915991
-10.622133
3.174431
3.348149
3.679860
5.667570
5.129723
7.118923
-2.766180
-5.329203
-1.041827
-4.542702
-3.736393
2.281256
0.504356
1.483607
-5.041107
7.870158
7.345074
-0.739002
6.019923
8.452703
0.809034
-9.131583
-4.999460
-1.351412
-8.094358
6.600773
2.505630
-8.013773
13.453796
3.622302
-1.172463
-6.985598
1.416669
-1.684790
-8.080338
-10.814610
9.867126
3.658273
-3.772440
-2.370104
8.830036
0.700836
-4.716651
4.744390
-5.800036
1.098876
2.932664
5.885347
4.293775
-1.709070
6.729091
-0.142376
-0.160223
-6.059704
2.885777
-0.793085
3.053821
8.660954
4.801414
6.169647
2.986696
-8.271598
0.444241
2.904295
4.222191
-4.154553
-0.466888
0.803500
2.269859
5.702294
0.071551
8.730834
-4.576056
1.254092
10.150071
-4.574329
-4.918676
-5.024354
-3.125491
-6.848332
-0.977664
4.209628
-8.773426
-3.370340
-9.014168
-1.102571
-8.711705
-1.338090
-5.470480
-7.031704
-3.489406
-6.649202
2.779237
2.617468
-1.965305
-7.992037
-0.429553
1.989430
1.341597
2.704745
3.476846
8.795571
-2.919563
1.478466
1.470082
3.983807
2.774133
-2.597319
-3.431892
6.108738
-4.441997
5.904125
-9.861863
-7.960214
-2.859863
-4.364368
-8.475104
9.209784
-2.333488
1.134164
4.641276
-2.899631
9.064478
-5.073884
-4.220592
-7.534769
8.056922
-9.920138
1.293776
1.167354
7.641387
-5.068428
2.087255
-7.337750
0.863232
4.740236
0.660631
-11.158192
0.373491
8.192845
-4.816065
-2.115175
1.722543
4.378395
-14.489679
7.858546
11.445400
0.830269
5.047143
-0.418399
-7.486085
-6.278119
-7.552018
-1.450776
1.877115
-6.785516
-1.586343
-9.365601
5.829442
5.623911
2.590971
-2.364685
-6.749853
2.063869
-11.948640
-2.404410
10.242124
4.343130
-8.501668
-2.044336
3.135696
4.916567
2.559213
-7.727981
6.449422
9.024511
1.613049
2.840624
-0.745394
2.611184
-2.130116
3.105281
6.843099
-1.690712
3.306221
7.402424
-3.524556
3.110840
6.542444
3.165180
-6.569562
11.984834
-2.285724
-5.400126
-7.881651
2.637134
-1.997921
-0.816935
-2.157591
2.760678
3.551485
0.303524
-2.531135
5.556482
-0.902781
-5.058938
-3.217957
-3.404197
-0.929142
-1.916785
2.165819
-3.261592
-2.784251
-5.232173
4.526676
-7.467569
3.449677
3.494489
5.675093
5.701589
10.922175
-3.119721
-7.307382
-4.612799
3.697340
-5.212424
-5.665496
3.493332
7.831359
-8.621265
4.369387
2.468297
1.779717
-2.718382
8.408080
0.101736
-0.768473
2.113279
4.910711
9.023159
-6.976932
6.546804
-5.142108
1.116278
-2.519270
5.746582
7.224555
0.750067
-5.400641
9.118744
1.419488
-1.720300
-5.647759
3.108145
-7.947979
-15.853310
-10.399442
-8.993979
-3.259997
1.989937
-8.701614
5.564278
3.589076
-2.353577
-10.738672
-2.736340
-5.936096
0.733108
-6.368210
2.820327
7.108642
2.812615
-2.979921
-10.447677
-3.968578
-4.851384
7.373539
15.136208
6.298223
1.774840
-4.951318
-0.357016
3.987207
1.297175
5.429460
-6.052830
-11.211785
-3.876261
-13.380949
6.231483
-0.497748
-1.241320
-9.439975
11.246202
0.359125
-6.119209
3.348159
-2.686306
-8.257305
10.065921
-6.694654
-0.262007
-8.521934
0.394017
-9.576375
-2.862402
1.044107
2.800484
4.434036
12.704096
-0.800080
2.305787
-7.201920
0.196199
0.127302
0.382022
0.393699
6.905717
9.530737
4.016490
10.086202
-5.741600
-10.356904
-0.399134
11.571043
2.587574
0.675300
5.318167
-2.155000
-4.899456
2.776667
5.227422
-0.312798
-1.649590
-6.502393
-5.586491
-19.648365
0.257264
5.100727
6.227571
8.099939
-2.681552
-0.019749
-4.590821
-5.773802
2.201914
-0.084238
-4.786980
10.573120
-4.234077
6.546907
8.035742
15.227324
0.285073
-0.226961
0.565572
0.093631
-5.605853
4.181604
-7.394908
-2.020958
2.113781
-4.527247
-0.048558
-5.506970
-6.253412
-1.088800
-15.226345
2.883530
-2.470349
5.325247
2.660774
-4.312971
-13.001669
10.685954
-7.335426
-9.292750
-1.406247
4.820730
-9.173114
-1.573424
4.733228
-8.275062
14.477608
6.045938
-6.241091
-2.124732
-16.971737
0.872744
0.114682
0.814948
5.373918
0.961122
5.503215
8.134549
9.051033
-6.527575
-3.624362
-9.445260
-4.149063
4.807777
-4.312823
-2.558073
-13.246002
-5.036884
-3.314063
-6.369201
-10.491197
1.007462
-8.815673
-0.396313
7.669439
-12.045663
7.242246
-1.313792
-3.556179
6.232884
7.703609
-7.948248
-7.910621
6.172543
0.790297
9.844097
3.704410
-1.998199
6.339068
-2.712412
6.613770
7.294280
10.987720
3.503652
-1.536886
-5.470204
1.517506
-7.488927
3.382407
4.303034
-12.585368
-4.579685
4.048776
-6.626052
6.210825
-2.434349
-1.423045
6.927677
1.731788
1.272077
-0.496748
-9.669138
-6.589463
0.921515
9.517218
4.522036
-1.468906
-8.122460
-6.066668
-2.295094
10.518454
-10.317656
5.527234
-7.776705
-5.139126
8.453015
-9.695735
-8.379851
-3.509600
12.126962
-5.890572
-12.467202
-6.960938
1.570892
0.942945
3.157362
-5.486860
6.739759
8.375396
-0.619693
-3.170231
0.069568
-5.255240
-5.876102
1.783295
5.159192
-3.735080
-2.806570
-8.643352
1.384651
1.080992
4.419671
-1.182325
-3.324391
-0.194239
-11.803917
-5.696689
-8.125937
0.887769
-0.385658
5.079794
-1.388457
1.443580
6.054722
1.676618
-10.756917
-5.460295
-2.844686
0.626820
-6.696658
2.282571
-7.992746
8.390965
5.639090
-2.107171
-2.860613
5.185892
0.485408
-2.888696
-1.747409
-11.809737
-3.246830
1.764538
-5.048798
5.854341
2.960186
-2.255022
6.754703
2.398899
12.928944
2.538997
-0.146476
1.322404
-1.190796
-2.594856
3.245500
2.375585
5.639768
4.895295
5.211754
-5.497554
8.480049
-1.285874
4.747685
-4.570414
10.644872
-6.115328
3.533228
-5.327828
-3.800797
-0.846981
-6.182348
2.493622
6.446061
-6.662842
6.789232
-1.679931
5.456032
-4.851820
-5.420450
2.649980
-6.110588
12.959169
0.200374
0.522736
-8.570844
-1.526919
7.895040
-14.039038
-4.495697
-5.535745
8.545151
-6.196611
-5.957265
-0.703013
-1.697896
-2.882112
0.663100
2.578986
6.727021
1.458388
0.400096
-11.229066
3.449342
-2.115268
-8.113948
2.014206
-2.617559
2.762054
3.314341
-2.397519
-1.004283
-11.702990
7.674742
-5.691301
-3.598772
-4.788522
2.570441
12.033607
4.904778
9.744420
1.378783
-9.182309
0.995120
-2.702823
-3.608317
6.205256
-0.878523
-2.906744
-2.245134
3.276735
-3.157861
-7.188982
1.816658
0.724131
1.599759
1.281521
-3.524517
-2.474461
2.310348
-0.015952
-0.714147
-1.088224
-4.026707
-1.349181
-11.777611
-6.680446
-3.904414
-3.321286
-0.506087
3.297726
8.227920
8.020812
-1.230414
5.536625
-8.164921
-4.699131
-0.523199
-2.808133
1.439547
6.609712
-0.394071
3.778823
-8.028315
5.959141
5.098331
-5.096243
-1.168011
0.346580
-4.013515
-5.789730
6.417311
-6.450780
3.784174
2.852231
7.352692
6.881107
-3.714628
8.459674
-2.320440
2.652291
-2.739093
-2.765238
1.763991
0.150805
-2.867901
-10.009401
10.222570
-1.329867
1.615381
-2.747237
-7.848570
1.567341
8.599551
6.739421
2.657273
4.537077
-10.026392
3.307868
1.510820
-8.986796
4.640814
-1.627366
4.746653
2.111409
-4.482177
4.482174
-3.597794
-3.685013
-11.011600
-3.399308
-3.561491
-3.585105
-1.927080
-5.011047
-9.194728
-10.306770
4.746221
7.062420
4.988705
-2.947986
-2.362985
4.261065
0.641947
5.197931
3.757946
9.731727
3.767258
2.111490
-1.888952
-0.682462
-4.007854
4.712556
-4.472058
3.493467
-5.416563
-7.962008
2.153964
-5.990798
2.698389
4.564493
-0.932554
5.408121
12.739037
4.239496
-8.615624
-8.366824
-2.083361
-1.476915
-12.676435
2.189527
-7.290696
-10.940961
-3.834215
1.866075
-15.600286
4.812802
-6.595769
1.907907
1.630536
-12.787279
-2.101129
3.314813
-5.569753
4.867241
4.558123
-8.652966
10.718421
6.817450
8.222268
11.159425
5.042511
3.204389
-5.756571
10.186846
5.126587
-13.183681
2.131126
-2.459371
6.171497
4.307858
-12.509321
2.940451
-0.915451
3.854915
-1.000423
-2.943289
-7.890750
1.575152
2.851042
-1.732929
3.220392
-4.106739
-1.537014
-6.529471
2.548101
-6.542739
4.701658
9.268404
4.142484
-0.673873
-1.731780
-4.300575
2.434201
-5.537561
4.506064
-4.738414
4.593353
2.718641
-3.416858
11.261320
-2.919854
8.029888
5.004937
-0.527970
8.745830
-7.736217
-3.803826
-8.354852
1.858892
1.580811
5.814251
-1.004439
5.557081
2.165540
-3.201914
-3.056570
0.636000
7.947059
-0.840071
9.330880
-0.674292
-0.193069
-4.706516
2.857335
-5.920370
-3.572596
-6.062411
4.836567
0.474190
10.833576
-3.180934
-7.349178
8.312772
-0.712014
9.533817
0.422768
5.342326
-5.423293
1.882613
-4.822555
10.027645
-0.630721
-0.089336
-0.232402
-5.893636
2.223526
-1.354537
-0.119553
5.687691
3.576475
10.156917
5.588785
-5.087029
-9.374638
8.056280
-0.819206
4.460592
3.238457
-3.163036
-2.645001
2.651217
-6.450384
-3.586653
-5.157838
-5.160418
-11.681280
6.436595
0.390381
3.486689
-0.528948
-3.957679
8.711091
2.934728
3.599617
15.727198
-1.447933
4.770205
-1.375681
-11.651507
8.149862
-4.376116
-4.455001
-2.721730
-4.100263
-4.719665
9.001486
-3.289136
2.516989
-12.286037
0.034905
-7.579160
2.500952
0.805537
-7.728195
3.946838
2.111073
-9.576925
6.876201
4.280784
10.049615
-3.087276
8.312658
-6.353198
0.247680
8.181948
4.985329
5.774942
2.622354
-4.266393
-5.251483
-5.425393
4.950060
-0.163215
1.750207
4.228098
7.324466
7.454483
-8.198560
0.687282
7.474356
1.011382
6.105901
-4.637921
3.598205
-5.004426
7.055134
9.044407
6.315007
-2.463958
-5.329310
-2.012045
8.121504
-2.371090
-12.300163
-8.704055
-6.388187
-5.624711
4.321210
4.939826
2.343394
-10.891333
-8.950047
-0.336225
-0.782548
-8.645758
-8.272262
-1.488105
-5.590065
-18.901546
10.766698
-7.695875
-3.633937
2.495355
-3.718007
2.584902
16.232430
7.981146
-5.269618
-5.747694
-2.393607
-8.990950
-9.370647
4.896598
11.338669
-2.148818
-9.228795
2.992919
0.492021
-0.586083
5.498738
-5.059041
2.848958
9.272214
-7.540786
1.090372
-1.061948
1.511262
-1.423230
0.067318
1.903472
4.144070
-0.037025
-5.039017
-0.543746
5.148262
-10.036035
1.256811
-2.813277
-1.231924
6.945581
-6.912631
0.856013
-1.744912
0.380042
-5.668996
-0.637351
11.929643
-7.300799
-6.685149
-8.746948
-5.270330
2.154058
-4.352242
2.375149
2.488650
13.764644
-0.127248
-0.410717
4.215414
4.108110
-1.073485
0.950391
-9.561653
9.456546
-2.750041
4.953505
6.602496
1.929090
11.362721
-4.089988
-7.823768
3.830369
-4.950041
-1.364637
-1.747935
0.653079
-2.313369
-6.093875
8.127971
4.944340
-3.963595
2.044944
-3.806131
7.716001
-1.358227
3.428958
11.200610
-1.643301
-1.234109
0.350083
-7.061011
-3.920623
-12.351693
-1.984391
-6.825922
-1.973391
-1.160622
2.216065
5.710711
-4.167981
-3.943516
9.903945
1.122724
2.090104
8.486668
7.569086
-4.243640
3.447490
10.773024
7.989569
6.566390
-3.731028
-2.308564
-1.469905
-8.057323
-9.574474
-6.005519
-4.618040
-2.613579
-4.532806
-8.626052
5.828940
-8.025114
5.659209
-0.174503
5.098476
-1.998802
-0.258804
-0.903989
0.330241
1.271845
-1.315798
-1.809758
2.800278
5.068259
2.728356
1.097319
-2.089613
6.599861
9.057842
1.015689
5.088236
12.861922
-3.716016
-13.527301
3.160103
-0.798816
6.452882
5.208986
1.233451
4.688828
5.624094
-6.475575
2.645122
-2.032243
1.173928
-9.686222
-11.525719
3.879061
5.106175
2.823644
-9.610370
-2.852430
-4.855649
-1.521990
-4.928389
0.850185
-4.212856
-8.837241
-2.688123
6.438070
1.979338
-12.023657
7.551088
0.615246
2.746934
-2.483915
4.003181
-5.536071
-8.416537
0.496023
2.107234
-3.389195
-11.749389
-4.595823
2.939073
2.269715
4.302786
4.042555
-0.924179
-6.437375
-2.497236
-1.044116
8.811380
-0.967230
12.025751
-6.910740
12.393903
2.766448
1.604847
-8.960878
9.138223
-2.774353
-8.986769
3.832944
8.017880
5.190286
2.207707
3.739557
-0.977878
10.507248
1.315065
2.563936
-2.624443
-6.002692
-4.267375
8.693950
-2.698709
0.637070
0.690124
0.379021
-1.816882
6.729506
5.577172
-2.134755
3.035300
7.015483
6.350764
3.403890
-4.418689
3.301595
-2.847369
10.090720
-3.808455
2.540128
2.561837
-0.112421
2.398311
1.035329
3.540282
-2.984694
-2.119966
2.289553
-1.023645
-3.088746
-2.361424
-6.198670
3.163259
3.609038
9.533508
-2.415108
8.279864
0.479208
6.359688
-7.406322
7.467968
0.245451
-1.375944
-4.173060
-1.162717
-9.473981
-3.246362
6.474762
5.792996
6.437274
-6.224365
8.900360
3.222661
4.885098
4.561131
-5.872589
-11.371064
2.254399
-0.650565
12.767002
-5.799260
1.340861
-7.468818
5.098352
3.014060
-3.988956
-10.705329
-2.540019
-4.006879
-5.793529
-5.089961
5.093694
-3.726218
5.020872
4.931252
-3.992739
2.821996
6.732651
-7.913450
-1.273703
6.990437
4.657018
-10.000868
1.033394
-7.106420
5.167898
-4.415388
3.611739
-3.312485
-4.581388
8.840564
-0.170626
-7.312079
5.646364
-1.543073
4.985768
-4.778675
-9.746242
2.825887
-5.327851
8.473307
4.744721
0.575816
-3.935529
10.805055
-2.233181
-0.709214
1.855785
-5.537755
8.247605
-1.891729
5.754127
-1.875909
8.567867
-7.159549
-2.388315
-0.112234
-12.875018
-6.727047
-7.930511
-6.047153
-2.286779
5.191936
-3.597775
-3.979368
-4.280172
-10.799071
0.940801
5.625503
-12.209539
-5.271152
-0.608999
-4.893641
-3.224281
5.625604
-3.638610
1.108609
4.884155
-0.721842
-9.411742
-5.996638
-9.141906
-2.505060
-0.967208
0.701797
-7.994850
8.219770
1.474290
6.636906
-0.261205
3.850248
3.082940
6.458791
-6.599138
2.773148
-2.169662
0.227710
5.032522
-6.731614
0.277494
4.448076
-1.312807
3.297229
-1.340402
6.833542
4.555809
10.225755
-7.502175
-1.252481
0.955503
-1.080169
-2.601820
9.330868
-3.081552
-10.261335
-11.304696
-6.157523
1.544419
4.340145
4.406877
1.421832
4.468624
3.123490
-3.378660
2.077260
-7.408612
-0.071138
2.976475
-5.019728
5.445988
9.520649
5.304718
-6.882159
-3.460565
-9.559853
5.349298
-0.128900
0.655475
-4.062798
-2.559741
5.610525
-1.213111
-2.970307
-0.601826
-13.200460
-0.140429
3.187173
-4.346333
0.417893
-2.937762
-3.482446
3.211115
5.923100
1.557918
0.849902
-1.528869
5.530185
-0.031857
8.654314
-7.693941
-1.182358
-2.724733
5.145839
4.834360
-12.248423
-1.060699
6.393519
-9.318454
2.471274
-4.298778
10.293494
-9.434791
-2.528805
9.189057
0.768230
5.254354
-1.606392
-2.121325
2.148545
4.146128
-2.583453
-6.285733
0.366445
1.930971
1.694728
-3.683745
-3.797068
-5.188630
-9.554589
6.730486
-7.542362
-5.293834
-2.800851
-2.719232
7.972927
-7.644748
-10.329062
6.320997
4.367089
3.593936
5.201099
4.843757
11.903039
-15.137295
-8.369308
9.211181
-0.335624
7.850029
-0.028949
3.310546
8.574702
-9.692944
-0.662040
-5.694812
-3.161103
-0.908036
0.214931
-3.272698
-0.803788
0.113494
-2.667291
-5.897557
0.468566
3.946320
2.011379
1.561833
-5.657808
-2.759460
-3.111540
-9.458579
-3.896409
-2.857331
-5.469662
-1.226921
7.521029
-5.950882
2.143350
-2.447181
-4.580799
2.136281
-5.284616
-6.430350
-5.831378
-8.386758
-1.718720
5.288755
2.819082
-7.655704
1.220403
-6.247699
-6.795368
2.724753
-2.725754
6.430716
0.820274
-1.388137
-6.936021
3.483393
3.146432
-6.218148
-6.171521
0.321857
-8.738829
-4.379756
2.696416
1.836127
0.385576
7.022049
8.520105
8.470177
2.055507
-6.614338
-6.453795
8.933365
-4.659618
-11.415651
-2.257210
1.141112
-1.325588
-5.008163
-3.728512
-16.709412
7.199760
-0.116744
-5.304699
-3.761858
1.728709
-4.959103
-3.327110
-3.248923
-6.156620
5.783842
3.913947
3.248166
-2.827105
-3.416655
-5.297345
1.537207
14.593036
-7.954190
0.095699
5.730846
1.634054
-3.928741
-1.128813
-5.328930
-7.525391
7.605807
4.473192
-3.154768
-2.328276
2.059393
-4.671973
-3.866585
-1.129200
3.008088
9.689095
3.687501
-1.341277
-0.399465
5.537045
-4.123952
-8.426284
9.891912
-11.876264
8.516286
5.301214
-7.091941
0.508736
-0.522905
-9.141847
-9.520667
7.699503
-3.536125
5.303377
5.317183
-2.525122
4.102335
12.725839
-5.805921
-1.475302
-1.919442
0.630989
-5.301104
-5.202783
-7.242446
-1.105263
-0.076725
0.060674
-7.125539
-11.230445
6.240671
-10.925849
5.318251
-1.724160
-3.330177
-1.188663
-1.213953
-4.873990
-2.329946
10.012475
5.308899
-5.871222
0.917546
10.084283
-7.071464
-6.592156
6.297905
4.694901
11.996567
3.987356
-3.907851
-5.108345
-5.851984
8.117593
-4.092359
-6.246093
-4.781592
6.369075
8.034513
3.700272
1.388158
1.314761
1.780299
-1.959957
0.235540
10.352495
0.854697
5.212831
-0.181202
-1.683373
-9.841038
3.137031
7.141474
1.981013
11.092414
-0.042344
-9.947348
4.482204
3.416948
-4.613342
0.126506
-9.889542
-1.996453
-10.471250
-1.385506
7.725327
0.038901
5.425039
-3.827600
-6.894422
0.998875
2.520846
1.055395
-7.837480
-6.497924
-6.596234
5.516127
5.847567
-10.574539
-8.724084
11.631909
3.277857
-2.200231
-5.385393
-3.808059
9.046633
-0.665496
-0.654278
-3.486685
3.539989
18.437304
-4.626928
-4.417033
-6.765949
2.427356
-3.507689
6.509850
5.887185
1.656232
-0.589340
-12.949415
-2.917893
-13.979552
1.541898
-3.077977
-7.148747
10.767664
3.222182
-1.199012
-8.085961
-4.626281
-3.784435
2.256992
-1.686485
-6.547520
-6.024300
3.890521
0.098924
-4.813311
-6.910055
8.951555
0.874096
2.935992
-8.736224
-8.996781
-2.887666
1.625759
-3.892029
-3.823010
-2.942748
4.139404
-4.577775
-0.969098
0.381918
4.098502
-5.048159
-7.798158
2.088743
3.887861
0.311147
10.686271
-2.609678
-9.722092
-0.600808
-0.988953
2.030927
-20.951422
5.554175
1.510182
-4.197525
3.629273
3.430458
-3.339883
-9.179901
-1.534610
-7.172236
-2.402106
-20.912392
-6.371127
0.741374
-5.988672
1.729702
-7.214950
-5.362508
14.850028
-6.460871
2.890956
9.125261
0.741227
-1.106726
3.015234
4.361554
5.668476
-5.816487
-1.102385
-8.351271
2.382702
12.974536
5.169941
-3.679489
-6.354318
3.321448
-10.144499
3.433342
-1.833777
-5.735436
2.072065
-7.175064
-0.874341
12.246286
0.349780
-5.343175
-5.052673
-20.594559
-9.264135
6.039432
3.010541
3.209574
-0.244041
-2.138779
-4.449461
5.654012
4.340277
-5.214010
5.078574
1.853377
-3.248049
-8.219252
-7.017153
-3.760825
10.290805
-3.124864
5.809932
-2.864289
-0.489177
5.962893
-6.582200
-7.931066
-3.056960
-4.083633
5.843297
7.821635
-7.984299
7.468216
5.463516
-5.544785
2.373782
8.207950
11.527705
-2.996338
7.455397
-6.204439
-1.552000
3.175668
4.838611
4.039944
-5.081263
8.419390
-11.730800
-7.877759
-4.026027
-8.435540
0.877271
-0.126656
-3.028868
10.430053
8.099412
-7.240126
-12.825144
-5.994006
-6.151089
3.679604
-0.797692
-10.020133
-1.779069
2.368026
-1.957268
5.264393
-8.458937
-5.168547
-5.865405
2.686951
-0.969010
5.886579
13.276474
6.107071
1.301361
4.126185
-8.325035
4.723788
0.098760
-3.685254
3.939090
-7.613074
-3.705047
-18.614962
-7.206520
-3.239947
-1.828403
2.197898
0.930688
-13.022413
8.394101
4.805850
6.648788
2.681799
-10.117298
-4.879388
-3.918475
-1.349758
-2.293419
7.908042
6.176158
-2.504202
-7.234541
7.731681
11.330409
-1.458237
7.506305
-2.707887
7.425326
-12.299418
9.298729
-4.352824
12.147716
0.011911
-3.978080
-11.278565
14.461895
-15.275399
-8.831475
1.015504
-6.385174
-10.833302
-10.552524
7.430163
4.754399
5.289177
0.509384
-2.053164
-6.433822
2.874213
2.946373
-6.406899
9.514209
-3.075865
-2.331987
5.393108
1.678928
-2.373228
6.960506
-2.081100
2.515441
4.933878
4.962616
13.753979
-7.392148
4.544888
-7.394768
-5.446849
9.856836
1.058477
-4.836551
4.826348
-5.128682
-9.885811
3.268512
-2.544781
1.333480
-15.904195
-2.579276
-0.313806
0.619952
-0.500429
1.301222
4.427203
13.467493
0.779855
-9.217506
-0.210938
9.788206
-11.176984
-4.358453
0.065021
-0.323849
-5.202311
-0.286347
-9.054420
-6.331173
-3.850552
8.173609
10.054302
4.561835
8.286613
2.839988
-11.362116
0.463974
0.027306
-0.241062
4.956461
-1.740036
13.000607
-0.831069
-6.103584
-5.628294
1.472166
-5.046725
-7.580166
3.297421
3.216775
2.727111
-5.129231
8.212555
-1.232991
2.476977
4.005961
-8.041738
0.664183
5.705218
12.969941
3.389035
-5.073163
12.078209
-9.311004
-6.110879
-9.182210
-4.982409
3.962045
1.108591
7.407865
8.083449
1.882241
6.779825
1.656011
0.226386
0.363976
1.437340
1.759735
-4.593880
-4.664667
12.491327
2.782306
-11.537808
-3.087104
-1.543042
6.743105
-11.448506
2.787056
-7.179861
-2.334895
6.665633
-7.550294
-1.855131
11.946619
-2.434368
-3.468852
-4.959425
-3.792397
8.714928
-4.437199
2.505170
-4.852275
1.193879
-2.027941
4.359687
-8.321692
0.090924
-5.677078
2.611822
-0.718550
0.529384
-6.580684
0.115938
-3.401651
-1.881865
-4.583172
-6.437219
-8.980605
6.407413
-1.982050
-7.880537
-6.335622
-0.033139
5.620560
10.251536
-11.119673
1.787887
9.382057
7.486033
1.525564
2.891090
1.274678
-3.429390
-7.962409
7.639028
-3.912855
-10.758307
-1.520918
-0.759586
-0.353356
4.083074
-0.145532
-2.553673
-1.893804
-7.065777
-6.565734
10.920433
-6.444093
-1.093824
1.248165
-5.157849
-3.925198
2.141849
0.487800
-3.269883
2.403586
2.734766
4.383250
-0.910044
-5.779354
-0.644374
3.344587
-1.370222
-9.881427
4.163806
-3.398321
2.798542
3.852808
-2.591971
-1.450175
1.804400
7.771460
-1.822612
0.041717
-4.098757
-1.437163
1.449721
-2.316300
0.183869
7.823799
-1.749072
-1.536258
-7.178792
-2.104233
-3.147945
5.652769
-13.201035
-4.074272
-5.050608
4.946123
7.704313
-3.834180
0.087653
-4.569227
1.430607
6.652053
11.021031
9.093071
-4.373067
11.565117
0.988017
9.050135
5.359505
-9.554868
9.907391
-0.892330
1.210994
15.736011
-11.637529
8.106069
-3.925934
-2.764452
6.036767
-5.078291
-3.983085
-5.993959
5.076385
9.938786
1.569144
-12.189171
0.348132
1.297269
-0.072590
-4.226662
-1.878687
6.395043
1.449796
0.091825
-2.970870
0.961449
-2.267867
-6.526630
8.401720
-6.361064
4.319050
-1.088790
-4.179510
-1.660930
4.341320
4.046268
8.029747
-5.943175
7.676996
-7.130280
4.982819
2.696051
-6.411267
-3.743373
3.761552
-0.419120
1.789120
1.952616
0.556261
-3.475888
-1.021386
-2.691140
-1.693453
7.335572
-11.138984
2.312619
3.677506
-3.749063
-3.000537
-6.118642
7.731503
6.890602
1.298482
-3.639586
1.285342
6.832408
6.288970
5.537482
-6.043898
2.187065
3.419193
-7.925877
-4.927209
3.733371
8.212492
-3.963434
2.088933
7.069581
5.364023
2.490986
6.348368
-6.403354
-4.731874
11.463911
-2.340903
-11.451899
-1.428534
-4.532168
-7.191077
7.136089
4.169909
-3.524001
-1.150516
-1.215406
-7.440979
-0.251912
5.852632
2.566997
-5.200765
-5.635395
7.205193
7.090456
7.697944
-0.502255
0.366465
-1.884005
-5.756953
-2.742727
7.147953
-6.975264
-0.601154
5.417743
-2.937232
-10.925232
-2.204293
0.296616
-1.499645
3.254866
3.954395
-5.829827
-4.399823
-3.854937
-4.714458
-0.559770
-1.595949
7.872126
-7.280563
-5.987289
2.449996
1.725873
-1.818404
0.636601
-7.140122
-3.332328
-0.400469
8.875093
3.494187
2.660587
-4.311008
-0.500741
4.502236
6.635519
0.521911
-7.252882
-2.139697
-8.710114
2.386903
1.715626
-0.122307
-7.798076
-0.417329
-3.835268
-1.619068
2.639633
3.943189
8.083977
5.450736
1.986221
-8.820149
8.478964
-2.688920
-0.542477
5.715679
0.524220
-3.967093
-3.760561
2.450058
-6.332770
-4.447605
-1.607440
-3.888936
-0.084529
6.527830
0.550635
2.284440
0.622391
-0.390797
0.022432
5.615964
-0.410072
2.830164
2.895689
1.103194
-0.951235
1.182056
-4.608341
7.711049
2.111371
-0.441768
-0.357085
6.864708
-10.280139
-1.122549
-6.344463
-5.710251
-5.701195
6.865818
4.131031
-9.475107
-3.332352
10.660439
-1.653137
2.109664
7.750593
-3.249084
10.612508
7.827820
-1.548363
-7.712030
0.782517
4.214027
4.239907
6.141488
3.943278
8.648681
4.571074
2.893658
0.923717
-0.467271
-1.203689
0.189675
-1.952069
0.443559
9.121680
2.876570
2.681611
-0.358692
-4.419748
7.181894
3.352779
11.248163
-10.124943
0.192012
-6.913950
-9.051538
3.355306
-0.199636
-5.931953
4.924416
-4.151220
-2.709562
-3.065428
-2.350609
6.806093
-2.102450
1.505818
-4.913628
-6.673481
-6.507061
-1.364950
-2.608971
7.011367
0.941643
6.147898
-3.258531
-6.909338
1.905748
6.930467
7.136299
-11.824729
1.243493
1.477358
3.722331
9.015535
-3.878366
5.513428
-3.199185
4.886665
-10.371866
-7.124854
-5.601539
-5.930383
4.335919
4.066501
-5.394732
6.230446
-8.540983
2.200584
-7.862355
-6.234169
-12.282389
6.484190
3.025719
2.496802
-3.824948
-1.008798
-5.493834
-6.394691
-0.042031
5.494562
-4.019992
5.859860
6.133856
0.748817
-6.405296
-8.818966
-7.646766
-3.488214
3.160110
-6.520175
-1.143386
-2.741167
0.686138
-0.367975
5.804085
1.115562
-2.928299
11.091770
-7.126628
8.355420
-6.211984
-6.469492
9.707712
10.338619
-10.529055
5.613845
6.871048
1.300309
10.733775
3.252698
-4.052663
-1.876906
0.696694
-0.813951
0.690976
-2.170185
4.375184
-4.728161
2.332525
0.382340
4.150376
-3.149946
4.926871
0.340369
1.299819
-2.339355
2.096973
2.375916
-3.665446
-4.010711
-3.292785
-10.688868
-9.372461
1.829648
2.927036
8.053130
0.417131
1.747283
-3.347046
-0.115607
-9.839096
4.050683
8.002899
-1.241866
4.819154
-0.080385
2.104414
-4.364026
-0.400136
-1.353428
-3.552644
-1.661883
5.193714
-5.994144
-5.886726
-0.448872
-12.755236
4.673491
2.487771
2.551567
-5.477756
-1.845060
-4.230242
-3.633903
-7.465429
-5.227422
-3.442220
4.143003
1.574316
1.270923
-6.735630
-22.423975
4.038175
0.168831
3.887805
-4.599457
3.866387
-4.448997
10.242433
-11.323363
6.150442
-4.591577
-4.742565
4.141479
1.434873
7.235259
0.911685
6.176493
-5.339634
-6.430009
9.597348
10.617722
-4.259195
-4.400488
-7.754169
-10.392074
-5.500186
0.086510
-5.167398
1.369909
1.259062
-5.544257
-0.306790
9.029302
-4.818313
0.037844
4.613833
-19.636774
-12.297975
-2.648071
-14.139148
6.004074
-6.944641
-3.493954
-4.340363
-8.883991
-3.161978
-6.702006
0.092669
0.688066
-7.661213
-11.299072
8.236365
0.083985
3.812734
3.795283
4.279738
10.440971
1.039239
-5.951574
4.089482
2.969809
4.875863
3.178906
5.017072
0.167009
-3.612011
-4.208969
-8.511824
-0.751946
4.403281
9.209712
-9.093265
7.660089
2.529275
1.276067
4.744900
5.494776
-6.566092
-2.090465
0.602331
4.750648
1.360186
0.577736
2.718791
-9.465689
-2.506881
4.396228
0.267709
5.095354
1.735964
-3.648486
8.870169
-6.626314
-2.430203
4.149093
-4.873110
-9.067939
-2.132772
-6.408195
2.368668
2.919906
6.795542
-4.935700
4.917242
-0.576024
-0.142591
9.455378
9.650895
1.709708
8.844393
0.801056
-1.081570
-3.369462
8.658940
6.765285
4.118663
5.609618
-3.923799
-8.457545
-7.340744
8.383762
-4.237483
2.412818
-5.767259
-10.140601
-0.707498
-0.167568
-6.617114
0.162940
-4.344266
-6.637717
-2.122522
-2.948855
-5.094036
-0.438898
-2.733965
-2.644110
3.711851
6.083856
-5.307999
-2.331850
6.227736
0.853284
-3.857640
-6.679546
-3.194560
-4.501944
-2.638804
-1.618758
0.736492
11.957644
-6.868795
15.256313
1.836564
-12.566394
1.920721
12.998342
3.662267
3.149546
1.009757
-1.340332
2.228518
-5.047305
7.510464
-2.378257
-2.451321
0.649680
-4.141355
4.702082
-3.799706
-3.490304
-8.807354
2.428333
-2.859943
-3.559268
1.261014
-6.735646
-13.622711
-13.477610
-3.364131
-3.304122
12.928744
-1.244495
-0.334248
4.674708
-0.643909
-3.890822
-1.154124
-1.947065
5.589863
-1.536886
-7.876076
-1.239347
3.975402
1.776950
3.233458
-4.852476
-7.516366
9.498938
-14.345430
-2.744310
-7.360570
8.912524
-1.073059
-7.819180
5.396660
-6.406892
-2.718030
7.624738
10.303857
0.386862
-1.984414
-2.459504
1.073116
3.612837
-3.960348
-1.062391
-8.777498
2.501930
-1.575957
-4.439430
-5.589824
-3.396214
-2.358975
-7.295716
2.766566
1.999589
0.052493
13.181260
7.762639
-3.048887
-3.826943
-2.493096
2.818991
-10.228604
5.430121
-10.560214
-14.502192
3.813135
-3.813739
-1.537987
-0.063888
-0.643108
0.350380
-9.453113
-6.428099
2.056001
-2.911310
1.101210
3.709112
-0.195838
-3.559204
-1.303097
0.522131
6.115701
5.369699
-6.586073
-6.409890
3.664011
-1.067247
3.428724
-5.248847
-5.135516
-10.354880
0.777049
0.683204
2.422477
-6.843504
-1.304083
7.466644
6.452196
-11.252969
10.327296
4.348383
11.248617
5.849927
-5.172105
-5.978879
-4.542141
7.880461
-10.399444
6.000508
-11.661303
7.232669
8.949018
-9.544888
-3.431877
-3.753396
12.908409
6.614619
-5.698518
4.544911
6.645674
-0.886559
5.235977
6.762695
1.269958
3.222456
3.693657
-7.430469
-2.452344
4.209944
1.253680
11.470140
-5.987969
1.425340
-5.978101
9.779283
1.087393
-3.517757
12.593523
3.912308
2.522284
8.201774
-5.989959
6.338667
2.767942
7.617701
4.919566
5.309871
7.013177
-3.747423
0.188476
-3.028100
7.320829
5.209972
-1.266566
-2.582210
6.553424
14.595716
9.978572
9.022658
0.150163
4.376713
-0.780214
11.331420
14.957635
-1.110286
-0.406103
5.348895
1.627626
0.613427
-0.975303
-7.981960
10.544887
-1.074176
-7.853752
-7.896125
2.747293
-5.498036
9.004284
4.363240
-2.003360
-8.865182
3.047146
9.943526
10.417380
1.788320
3.159816
5.807148
3.897526
-6.059370
-11.818242
0.907416
1.454358
3.729704
-2.859117
11.098700
2.444107
-4.329055
-4.101084
10.196609
3.284299
-4.709919
-6.661951
1.790909
9.178095
-4.492110
11.181699
-1.778982
0.292760
7.600183
2.489238
-5.127708
-1.215071
-4.694849
-7.224529
-4.760320
2.422172
-9.410049
-7.153491
-8.639962
10.933198
-8.773519
-2.794724
6.166786
1.782603
-2.367990
0.374314
1.389811
8.613088
11.423382
-16.768700
-6.602215
-14.486330
2.672564
9.118673
8.043399
-0.052657
-3.850595
10.817392
0.895737
-0.771889
1.811837
-11.368934
0.825347
4.240007
8.593838
10.981279
-1.787880
-1.427853
8.787910
3.948864
11.174232
-5.570817
-1.065162
-1.555419
6.190032
1.503044
-21.495415
-0.740457
-0.112281
-3.766629
8.644843
-1.266917
-3.283219
-1.159157
6.089139
6.755086
3.326720
0.740827
-7.456219
-2.724458
-3.126287
-5.135314
3.093770
-0.252104
0.084666
1.560731
6.623916
-1.057062
-2.703882
11.834352
-1.414860
6.814612
-4.645395
-1.361012
9.541147
5.362582
-6.313240
-4.401567
8.962285
6.412873
-13.986988
-6.974803
1.695891
6.014622
-5.442928
-3.020391
-6.948669
-1.116644
-3.651889
-13.628229
-9.809516
6.927130
-6.677921
3.393692
1.012039
-4.696459
4.756343
12.772445
-14.845040
-4.303167
-1.079638
-2.781664
-7.616899
-4.670500
-2.769632
-0.654203
4.629911
4.707225
3.895247
-4.020132
-5.510874
-5.802303
-1.334959
-0.929872
-7.177336
7.117499
-4.557325
-8.700264
-5.962093
-5.730556
5.852593
8.846803
8.204209
-4.647371
11.339462
0.792232
-8.449119
5.359131
-2.632520
-1.455809
2.676615
-4.003705
-8.563667
8.210016
-6.454820
4.225538
-6.682580
1.709032
1.244364
3.136796
13.335464
2.629543
2.622840
4.433001
-0.714460
-9.619925
6.460049
-3.825962
9.224154
-2.703798
7.155598
-1.044939
-5.424317
4.707333
0.348621
-0.204471
-7.700266
1.626358
-12.202598
0.722136
-5.297515
0.004606
-20.746225
0.115818
3.595345
2.477143
-0.019681
1.447838
8.398344
-8.377898
0.212444
-11.155277
-0.075553
4.204384
-3.240811
5.557289
-1.007835
0.648080
8.153432
9.466812
2.970915
4.015597
1.280682
-2.216109
8.697325
-17.907526
-10.103910
-2.171488
5.797446
-1.414276
-2.241520
-9.645051
-3.033412
5.283696
-5.665068
3.140810
-7.389586
-1.731412
-5.693841
0.802666
-6.175528
-3.099677
-2.117730
5.383517
5.839369
-10.020741
-8.131137
-4.433441
-2.314889
5.772256
-6.516225
-1.141846
-1.580735
-10.730632
9.466729
11.316647
3.624922
2.256103
-7.347468
0.348104
5.238091
2.241383
-0.103355
2.830304
-12.390182
11.055695
0.902464
-2.007908
-4.834672
-7.322738
-3.507542
-3.317852
-1.062522
-5.732555
2.243179
0.496184
-3.381379
-3.570358
1.501702
2.846585
-6.262655
4.404564
-5.590753
6.609267
1.253833
-0.673730
6.211623
-6.593935
2.580975
0.452671
2.566059
-7.049134
5.285374
3.744425
3.450667
5.689506
6.528043
3.263936
-0.401578
-1.661195
2.357028
1.007993
-4.667654
-8.274689
-1.724519
-9.139262
-4.393342
12.435131
-4.565779
2.740638
5.633248
10.414316
-3.557583
4.995300
-13.171583
-5.779617
6.803720
0.982409
-4.379738
-10.359369
-5.851252
2.430847
5.989007
-3.333661
6.518592
-3.953615
-7.580235
2.555983
5.357066
-6.944295
4.981987
-2.397405
6.780156
-0.952706
0.678864
-9.124779
4.650783
-5.723902
-2.713483
3.997234
-7.492847
-4.228694
-9.634961
-0.189004
-5.386817
5.679721
-7.535886
4.234387
8.710355
-8.539667
2.366854
10.192657
-2.404946
1.622271
-0.062768
-4.757749
-8.563981
9.995014
-7.619995
-1.809260
0.995522
-0.573426
9.842262
1.564879
-0.919980
-1.674224
3.525750
-7.520300
-3.189409
-6.290268
-3.146820
-3.361446
3.082054
4.314273
1.550709
-7.123816
-6.527867
-4.717618
-4.262397
4.111750
0.596173
4.666471
-1.979970
-7.627465
4.086139
1.079719
-0.651497
3.024117
3.051161
-2.267622
-10.494077
-10.164120
3.881479
2.086862
0.167506
-11.489093
-6.296881
5.095321
1.548975
5.410667
9.308053
-1.669371
9.991869
2.950152
3.029383
-0.396810
-5.133586
8.498194
0.738744
1.024248
6.237216
-5.696744
-6.102436
7.413351
-2.198263
1.905438
1.526259
18.423733
2.259617
-2.191225
1.177293
3.259634
-4.201896
-1.374871
-6.363633
-11.437299
-10.370117
-2.221713
-5.431621
6.692485
2.778774
-0.828687
5.943286
-7.213927
4.931672
7.046892
-12.093337
4.274181
7.500739
-1.788425
-4.498241
-11.499751
-3.122760
7.939045
-4.379389
0.567047
0.922026
-7.143157
-6.468318
-5.805326
-4.660535
-1.548444
-6.177321
3.192725
-9.070759
2.851717
-5.075422
0.637139
4.010340
5.615697
-5.209324
-4.892254
0.425558
-2.859269
-3.676351
3.571665
-0.073442
4.191183
-1.063919
10.191120
-2.155876
3.602345
8.394830
0.214759
6.329625
1.992739
5.709144
7.686352
7.117051
-6.084836
-6.649673
2.183511
0.769132
-5.094759
1.966933
0.567068
-1.066765
-1.602918
2.647585
-5.072378
3.735385
-8.666526
0.111930
-9.285292
3.784499
-6.132371
-5.788864
3.374650
-10.428976
-6.808715
6.221053
4.307117
1.305191
-2.052632
5.884556
1.997375
-1.280889
-4.143041
-7.652858
8.596921
10.036996
-4.187595
-0.381986
-4.638116
8.577305
-6.807533
13.040420
-2.835344
3.327393
2.762317
-0.158914
-4.250163
9.449119
9.385967
-2.565659
-10.774638
-7.098695
-5.883393
-1.590746
-3.531482
-6.828643
-5.711061
6.149761
-9.215920
-6.929688
3.469096
-3.898322
9.213879
7.216517
3.681581
-3.097371
7.580708
7.429726
3.144959
-1.494531
-0.168553
-8.401547
-6.619640
-10.620992
-8.675639
-5.972712
-7.493885
7.701266
-4.771454
0.945255
2.829207
-7.565732
2.354778
5.714047
-6.348210
7.278550
-8.938393
-1.237739
1.365541
10.930694
-5.073257
-2.252988
-4.403506
1.199216
-3.467326
4.258990
2.214510
1.020276
3.476080
-0.687550
-0.121432
7.983570
-10.086776
1.259257
-6.344226
6.294253
1.333574
-7.224259
-2.835611
-1.764620
-7.035975
2.055257
9.607414
4.144414
-3.313117
-0.125165
-5.726924
-8.048511
-8.616781
-5.483315
-2.385619
-0.514127
-0.203564
-4.210643
-5.026113
-0.274045
-4.001901
9.505279
21.495741
3.335243
-0.028697
-2.354778
0.154877
-9.247857
7.761915
2.663840
-5.369879
0.726842
-4.483825
-5.974100
0.097181
-1.816954
9.122728
-3.537836
15.348804
11.620253
1.566283
-5.371027
-11.229975
5.068602
-1.295681
-3.704573
1.117665
6.910766
-4.811436
3.463864
8.180302
-8.213392
4.315141
3.804807
-10.671706
7.259082
5.836160
1.855534
1.192139
0.456330
-0.861963
-4.794949
-7.860084
2.567256
-4.200876
-4.231747
-4.987073
5.499865
8.717528
-4.919078
-6.222100
-1.300123
-11.686318
2.058800
3.231883
9.657318
-2.889386
4.689357
9.358058
-1.056807
-9.886010
17.899267
5.398005
-1.560479
-7.681247
-5.608139
0.067936
7.186174
-2.949486
20.139244
-0.275425
-7.140771
-3.430357
3.935122
2.764011
-2.091355
-1.223082
-4.030690
6.246850
6.164152
-1.994989
0.446374
2.634184
3.243380
-4.598995
-6.044876
8.432821
7.183972
-7.404580
-11.877407
-5.110895
3.145692
-0.413812
3.575547
5.430927
1.532483
-9.881157
1.231234
-10.751143
-4.924680
-1.768799
2.377184
-0.351612
-6.492904
2.388163
7.464816
-8.658998
-3.249579
-2.898249
7.800506
1.201156
0.163491
-2.417752
2.438616
7.618227
2.349052
-0.229151
0.195267
-8.030850
-4.453750
1.071345
2.657151
-3.194001
-2.435724
-1.637244
-3.791962
0.139723
-10.914103
1.990197
-7.171395
-2.230561
-2.332701
0.869597
0.009604
-6.008251
4.221392
2.124848
1.268225
-6.419588
3.443186
1.291635
-0.392155
6.195030
-6.266217
4.556171
-0.016982
3.090305
1.994169
0.220487
-4.776936
10.949485
-8.022960
5.071423
-11.109594
0.799170
6.668715
2.202897
3.749876
-5.866389
2.783086
-8.432726
8.197114
-4.433878
-8.492990
-2.346632
10.469713
1.781974
2.945393
-14.192230
4.926358
7.493896
4.000479
-8.559361
-4.052515
6.714099
6.758730
5.069462
-1.554231
-0.841361
8.247891
-1.399991
6.642481
3.711763
1.408540
-0.154237
-6.866234
-1.882280
2.085613
1.318032
2.288632
-10.595550
4.407731
3.834640
4.071970
6.298157
-6.179183
-2.512311
-12.994403
-2.652872
12.797882
-8.898106
-21.404749
3.209491
2.786370
0.239021
5.736071
0.562127
1.353355
-2.988316
0.196476
10.659826
3.003804
-6.278715
0.764476
-15.790277
0.079964
-1.947963
1.276643
-4.403364
7.208530
-4.416463
3.622972
-3.104030
-2.258487
-0.172555
-7.575655
-3.624066
-7.902832
-0.441650
4.905192
8.729549
4.807110
3.352508
-2.958172
-9.942974
-2.918842
8.037961
-5.511403
10.135945
-9.615133
4.986882
-4.212171
-4.390146
-6.365432
-9.684324
5.628747
-3.876861
9.090765
-8.733078
3.029418
-1.178407
2.464546
3.343179
9.741624
9.922099
1.063525
-6.820959
5.252630
8.044795
5.791708
-8.415087
4.998634
1.722730
4.274918
2.805809
-5.094531
-3.274890
-7.433055
-3.447507
9.564070
8.487336
2.357483
6.974137
-3.947131
5.216880
6.407037
0.557818
-2.488342
6.558760
2.277453
-7.813029
-0.034447
1.833653
-4.256098
8.297985
0.132389
3.286523
-3.945802
-6.437929
-12.161730
-10.885106
-4.274582
9.033227
-2.171808
-6.662564
5.667800
2.710284
5.080821
0.065653
-1.693438
-5.918569
-6.882298
-1.433776
7.361709
-17.376062
-4.030682
-0.325003
-4.160718
-3.926526
-9.054408
-3.245249
1.918254
2.496233
-5.054075
-2.202387
0.846400
-7.790580
-9.053191
-7.297578
-6.569671
-1.106756
-2.838454
10.620594
2.500004
-7.072795
-1.016735
-4.225699
5.259807
2.523495
-3.968503
7.153718
-3.011529
-7.505726
-5.116599
1.028952
-6.987667
3.577145
-5.717953
0.749906
-1.676212
0.975949
-10.321516
-4.408026
6.526062
4.533269
-1.409390
3.864108
4.858445
-0.312989
-4.419466
1.772193
0.765308
-11.048444
1.056899
-5.138289
2.538823
-4.793560
1.272321
-0.145800
5.922571
-3.165924
3.810065
2.603757
2.167874
-0.703209
11.159671
3.970196
16.017666
0.996261
-10.953160
-1.817872
-4.750433
-5.487894
-2.299381
-5.547101
-12.436043
10.050611
-3.860198
-7.630011
4.328213
-7.036811
-7.023103
1.357584
10.867145
-2.243953
-0.204340
7.501679
0.908018
-10.684796
6.281434
-6.381238
-1.493582
13.030264
0.529688
8.515462
9.518325
2.042900
-6.546129
-6.067789
5.118919
-11.088975
1.716349
-2.849009
-2.932776
-1.939683
5.334125
-11.066852
5.452899
-10.043883
5.072536
5.921730
1.207283
4.427660
-9.464654
-7.868572
-0.683547
-10.762654
-1.886313
7.391365
4.938961
2.258222
5.212908
7.150821
-5.494814
-5.340756
2.893710
6.373308
7.612984
0.016440
6.484362
6.123692
2.849958
13.825621
2.708715
-1.474906
-5.297614
7.190364
-13.046316
-0.016433
-3.999210
-4.524732
0.282665
-0.179097
0.449504
4.089604
4.970051
6.431191
-7.726309
2.581262
3.938005
-2.353979
5.946713
2.559886
1.640821
-2.774355
3.010634
0.834510
-9.613621
5.779790
1.743565
5.242515
8.200254
3.065574
8.822367
1.958493
-4.858232
5.304928
7.722910
-0.084523
3.579417
9.215129
-4.308371
1.823637
-2.778467
-3.289688
-7.072781
-2.664134
7.637877
-0.745348
-9.176188
-20.870691
0.154337
3.590422
-4.117473
-4.921803
-2.940313
1.203393
-0.124718
13.281163
4.999300
1.690848
-9.841474
-6.374259
-4.261907
0.413343
11.621387
-10.591733
-7.506623
-0.637980
-3.193020
5.779332
5.929370
-9.689255
2.451257
-1.201335
3.170117
11.498512
-1.649178
-1.600571
1.087726
8.714978
-9.996857
-11.389519
-8.320381
7.348559
4.210355
-1.950202
0.477509
-2.569967
1.700403
3.482052
2.883710
-0.354843
-10.007389
-0.261301
17.911327
-6.384008
-8.050710
-4.062622
-11.034937
1.866713
3.068365
6.315250
0.839932
8.761394
-4.846962
1.377396
-1.408104
10.039277
4.652013
-1.650839
9.022925
-4.257362
2.852023
-3.843736
-4.151278
-4.815736
-0.534814
0.810021
0.562599
-10.243586
7.998572
-5.275741
6.529827
-4.136843
-4.291012
-1.149827
0.897173
-0.270693
7.411703
-4.529230
-2.858604
-8.648396
11.263625
-0.866250
-2.925251
0.272057
0.908581
-0.988265
-2.703809
-4.079854
-5.963304
-7.764275
3.289483
5.454872
5.569406
-2.457469
9.326530
0.820352
-5.507759
-6.285659
-2.405390
-3.216374
1.312598
-11.736018
0.382430
1.693686
-2.205068
-10.799580
1.954873
7.144183
5.993116
-15.083679
-8.353004
-0.814102
8.227876
-8.272463
-0.296193
-14.099691
0.110119
-5.925209
-4.468773
1.176044
1.344158
2.900076
7.900613
8.378100
0.685082
9.263958
-3.164152
-16.904345
-6.106894
-6.482343
2.827942
0.189556
4.244016
5.531273
0.644478
3.200277
3.356807
4.133761
0.982752
-3.238888
-6.564907
9.569381
1.212138
-5.179574
4.884568
-0.889990
4.560364
-2.905756
11.018016
0.917146
-12.029651
7.117845
4.487835
-8.438945
4.733209
11.225261
-8.506940
-2.589859
-3.371286
-7.472392
-0.078804
-3.547530
9.104558
-7.123020
-5.130184
2.557286
9.198599
-1.347557
-8.576559
3.728699
3.009488
6.299660
12.257505
8.234146
5.694156
6.901219
4.461521
-1.279040
2.486463
3.424587
2.814204
2.548283
1.404649
-1.845756
-0.392544
9.757175
3.605668
1.075771
-6.600976
3.310233
-11.343457
-8.137057
2.605515
7.583234
-6.298546
-0.398410
0.341077
-5.704030
3.550622
9.558772
7.104081
2.495628
-3.254429
-7.062371
7.925503
0.997409
-3.403950
1.496046
2.922240
-3.643730
-8.690144
0.127795
-3.787462
-8.127657
-3.737097
-0.604978
-4.789905
-7.093208
-8.938791
1.909403
-5.945725
4.909336
-2.438160
4.812449
5.734490
0.100920
2.366429
-14.987281
-3.834045
-2.600464
-1.296047
-6.265347
-1.668091
-2.660241
-6.711637
0.555761
-5.123066
-3.020766
7.394684
-3.692487
-2.927443
3.327705
3.740772
2.419890
-2.703174
-5.112802
-14.216102
-11.441861
12.159119
-1.860819
3.480598
-5.463383
-6.441716
3.950442
6.173993
2.383001
1.977918
-3.088390
-1.256416
5.954313
0.425325
-0.554992
0.342677
1.582197
8.128608
2.668330
-2.843451
-1.361270
-4.527405
0.021083
7.535470
6.831079
-6.738329
-5.660495
2.762625
-4.466505
-14.790911
-3.480049
-3.000094
-1.704970
-3.463640
-5.994029
-0.796058
-2.538739
-4.031467
-1.375847
-11.202422
3.610619
0.906520
2.749336
-12.442975
-2.985735
-3.570694
1.498777
3.872712
-6.109161
-0.359115
5.290614
-0.330238
-8.746774
5.175692
-12.189919
8.759468
1.178029
-5.242677
-4.209045
-6.504491
-8.184633
7.451070
-9.755035
-3.894146
5.715631
-6.330623
-5.423855
-7.973283
2.320250
-1.853141
0.202113
7.066008
-1.076005
7.917243
8.867109
-5.733101
-3.699906
-7.305410
-9.574085
-8.264314
-7.146074
-5.184265
-1.992178
5.597815
-9.836628
5.326003
1.735208
-4.456364
2.910585
-1.938281
-7.851640
-5.901256
-6.444802
4.657516
-1.233302
3.765479
1.437861
0.448097
-4.228468
2.045388
-4.564830
-4.033235
7.399500
-4.525219
-9.091755
6.197790
-0.317637
9.042675
5.609483
2.808644
1.487077
6.617544
3.171088
9.578922
-8.921193
-3.279843
-1.086251
12.007854
-2.562674
-3.113451
-1.007132
5.546048
7.440838
-5.551195
12.209324
3.002132
2.745879
-0.331799
-11.294282
-9.479934
-0.645848
-3.902956
7.253901
-4.251448
-11.814182
-8.153009
-1.232533
4.202273
-0.327818
0.824528
5.338586
8.947966
0.190802
1.973409
-0.372640
-8.610980
-4.392375
-7.209775
5.656000
-3.295600
2.824829
1.843112
-3.774944
-3.919873
3.143785
7.277127
2.258443
-6.895003
5.094313
-8.066260
9.182266
10.401720
2.126717
6.897475
5.665240
1.212760
5.433915
-0.274068
-9.996238
1.979105
-3.356597
-4.660628
-15.760649
-7.391559
5.429471
7.998643
-6.174311
-3.687841
-7.161567
10.539627
4.878593
7.732968
-4.818065
-5.630464
5.261541
-2.937777
-4.197489
5.682375
-3.654638
-4.030390
-1.461761
-5.849583
1.709184
-2.357807
-4.304320
-6.594332
-6.183541
-0.565737
-6.738731
-2.450437
-4.427227
-4.588158
4.545365
5.262387
2.147330
11.556760
-1.750248
2.461869
6.468211
2.742640
-2.125748
-3.237670
1.308719
-7.534287
-0.361232
-9.776582
1.046302
4.451385
-4.255465
0.499737
4.500263
2.575571
-0.334976
-5.729716
14.448867
-3.494479
2.270015
7.795993
-7.297958
-9.423563
-0.799402
-6.291660
17.157995
-7.658952
8.615251
9.183205
0.366531
1.156823
-5.953662
-6.841578
6.092743
-0.586175
6.757175
-0.257707
-2.699605
4.060886
-19.060644
-11.265110
3.513110
8.457092
9.065763
-6.919922
9.782489
17.112440
-6.230741
-3.918691
4.682477
4.799248
-8.969967
-3.001558
4.308301
0.819523
-5.002128
2.488691
4.131588
-1.135305
2.211365
1.971475
8.388020
5.042920
-1.053445
1.617499
-9.000742
5.332944
4.803428
0.474646
-8.715287
-8.618176
9.648131
-4.554450
-6.195493
2.957392
-4.483598
-9.388522
4.706504
0.317880
-5.903026
5.951041
6.079292
6.741329
9.885962
11.692082
8.837697
-5.047444
-6.408788
-8.876794
13.085262
0.623979
-2.133859
0.035746
-1.594942
2.283666
-6.352926
-1.613165
-2.203895
-2.896192
-3.363890
-0.614728
-0.361199
1.658979
-5.270522
-6.804212
-0.178760
11.608109
0.719016
-2.660471
-8.124214
11.489655
4.474329
-5.752446
-3.456573
6.385024
-2.169124
-6.939878
-5.362241
-6.033216
-6.724846
-9.190950
-9.031137
6.938066
13.146710
13.375823
-5.543332
-1.741318
1.363101
-10.880746
-1.860617
0.989975
-0.113448
8.599697
2.958580
-4.148449
-7.580068
-5.415937
-4.260990
5.695995
-3.972832
3.076183
-3.694053
-8.170895
-3.571572
-3.453437
5.783259
0.472921
-8.478827
-10.601088
-2.972721
0.243677
-4.493221
4.776613
1.268392
-0.652930
-5.013122
6.271328
-9.057285
5.968740
-8.021347
-10.479111
7.915418
-9.388144
-4.828444
16.052977
-0.563827
5.688472
2.682674
-2.437359
-4.992329
-1.504435
1.357611
1.746879
11.635520
6.510613
7.498730
11.290906
6.469417
6.024185
-5.926170
-3.321822
-5.715756
-0.240259
-2.738781
5.007553
2.801985
-11.815221
-10.607153
6.506567
-9.875058
-3.558383
6.985033
4.895574
-5.189008
1.268981
-7.196723
-0.796744
-1.863859
2.062919
3.131161
-10.403929
-7.380094
12.713442
-1.587322
1.206045
5.490598
9.233848
-2.329390
2.569459
2.369239
-9.053719
-4.904660
-9.274003
-5.502787
15.928666
-2.045804
13.696289
-7.207170
7.831399
-2.762772
-6.752646
-0.506050
3.425565
3.617571
-9.118061
10.599563
2.855075
-11.434184
5.177815
-2.194102
5.396596
-4.237289
3.855042
6.905031
3.861964
-5.115820
3.402947
3.975932
0.988080
-9.432955
-4.671630
-11.552816
0.900780
-11.906165
2.365538
6.239026
-6.246919
-2.252947
9.902773
-2.188993
0.015432
0.068888
1.725264
3.506392
8.104905
6.419105
8.163328
-0.116497
6.465631
6.867622
-6.556497
10.883410
-4.088837
7.375610
0.648457
4.089347
-5.065644
-2.860082
2.901957
-5.337688
-2.044131
-8.507117
1.959186
-1.012077
-0.842055
2.443754
-10.760406
11.221400
-1.135239
0.970592
-0.953913
1.602423
3.057808
1.364112
-1.104502
1.574276
2.257103
5.131861
6.600826
-0.857054
-6.702754
6.772440
-4.222696
9.112768
-2.857520
10.089094
-5.998273
0.396688
-8.166126
-1.902658
4.946230
6.468085
10.125340
0.381019
-8.656019
-0.969465
-9.849173
7.164502
-0.944155
11.848266
-5.751885
-3.849287
0.233035
2.302108
2.188578
-8.504508
-3.574106
-3.887469
-3.918388
-7.976002
-9.649681
11.602098
8.737563
4.086049
-12.461966
-6.668797
1.748852
4.475558
-0.494192
-12.717546
9.879444
-5.996438
5.380818
9.253470
-7.010379
4.189036
-0.324801
4.025467
0.696663
-5.602710
-3.339884
4.368989
2.813775
4.434430
-8.171413
11.229056
3.610229
-13.476473
-1.066572
5.272913
3.365204
0.862276
-3.613388
-3.994533
-4.503837
4.576956
-5.409334
-6.665894
1.315780
-5.397480
9.617143
8.589025
7.877256
-7.616705
11.026658
-2.270422
-8.061533
-1.360127
10.170877
4.318195
-10.617189
-1.319237
-6.367595
9.332689
-4.158043
0.196698
-8.303184
-1.513082
-2.958825
3.862333
-0.995709
-6.955018
3.872584
-8.358290
1.652853
6.652483
4.323614
3.773830
-3.866232
-1.493775
8.156684
6.278512
8.423971
3.708171
3.734970
-3.666890
-1.409084
3.015893
11.663067
-4.433404
-5.237224
-3.400140
-1.123599
0.813081
-0.995595
8.595521
1.555010
1.231680
7.485415
1.306761
-0.826587
7.161025
-10.935781
6.381554
0.381971
1.660301
-1.051745
-0.747043
-0.630850
2.369992
-6.927649
10.099906
-7.332623
-10.446157
-1.823921
-9.345941
-6.644040
5.278541
8.267180
-0.534788
-7.258090
-4.841699
5.846536
-0.767511
0.481775
2.150526
9.128039
-2.232338
1.913458
5.608809
1.986864
-3.058986
-3.988649
-2.429888
-2.595030
-4.012493
-1.020874
2.894794
-2.184530
-0.886749
-6.530480
1.068586
-5.755142
10.711574
-1.388812
-10.253468
-7.477541
3.263580
3.748777
-16.251833
6.963851
7.770887
-5.435869
1.533771
-6.318710
0.682638
-1.330832
7.406458
2.600191
-7.900568
-0.638529
5.150220
-1.023987
3.559976
2.934694
10.272559
5.353734
5.602652
1.588037
2.942766
3.888012
-1.282598
9.107821
-6.440395
-6.992471
0.828797
5.069241
-6.093668
5.353121
-1.056307
-1.719274
-3.703979
4.746406
4.167531
-4.041106
-2.648804
-4.504641
-1.363785
1.126536
-4.783343
1.864903
4.430446
-4.833114
-6.849164
1.698218
-5.381024
5.206510
5.797534
0.842538
-2.538530
6.797860
-3.637073
-11.977654
0.399683
3.889537
-3.674583
3.033522
4.373574
-0.360032
5.119066
3.235178
-4.168194
2.007289
-8.760843
-0.354832
4.177174
3.864865
-3.211684
4.070726
-4.913647
-0.853993
-2.362427
-5.727383
1.174998
7.921208
9.259972
3.693117
-0.735585
-13.716454
0.786716
-1.386325
6.142274
5.639646
-3.729208
-4.476065
6.070982
0.693907
8.548753
-8.194873
-5.629511
5.469573
-0.667931
-1.412774
3.932102
6.085521
2.385731
-6.929183
2.793448
-5.550154
0.735554
5.353559
9.539750
-6.263767
-0.058402
-6.461017
-1.502195
0.026050
8.491137
7.805627
-4.666975
7.364497
4.653986
2.518553
-1.182977
0.844505
-4.010227
-2.978022
1.161082
2.604218
3.429741
-5.094903
7.247771
-10.711061
7.097763
5.257274
5.714224
-12.258828
-3.837185
0.050431
2.573855
-5.276153
-7.042688
6.434038
6.186635
10.590414
3.633298
8.742066
8.149064
-8.961242
-6.736940
14.025027
5.341527
-9.194751
3.271936
5.815657
2.277230
1.262423
1.268847
-1.020081
6.563552
1.349297
-3.564072
-1.442627
0.920386
1.266164
-16.819832
-7.250813
3.454220
2.809749
1.556160
-1.642892
13.928189
17.709433
-2.769343
-8.512449
9.224462
-5.612363
-1.698449
-1.314788
2.585599
-5.403215
0.365542
-0.265710
-5.381871
-2.487098
2.358491
-2.705301
-5.202335
0.539224
0.676969
-6.411459
-9.115970
1.997085
2.235241
-5.987329
9.990157
2.861111
4.888189
5.128176
-4.813467
0.701725
-18.733883
-6.126839
-4.321807
13.411266
3.127161
3.013194
8.251626
10.940880
2.280005
-0.360095
3.079720
-2.534262
-2.652156
2.018697
-3.201588
-0.620437
-7.527517
10.293322
-9.503559
4.024074
-10.009843
-2.105916
2.920282
-6.962764
2.733532
6.431612
5.441284
0.721159
-4.834705
-4.009646
-0.916444
2.115963
-6.965616
-5.348553
-9.664968
-5.348284
2.352973
-7.684769
-5.267214
-3.084288
-0.369819
-7.997341
6.222083
-4.151408
1.748120
-4.690689
-0.063086
-7.109122
7.794537
8.895237
-8.286859
-6.333134
17.638226
-4.241887
4.528320
-6.273276
-6.552298
-1.839728
1.249212
-3.622334
-16.299871
8.953037
-1.518155
4.936354
-2.410676
-12.598648
-7.037046
-4.228893
-7.719738
-6.119483
-0.394573
-2.318625
-11.290855
5.181616
-1.646152
-9.631586
1.360185
-3.428408
0.947811
-5.041430
4.897029
7.191739
0.225045
4.937627
-0.818219
-6.281210
1.124737
-1.808883
9.311570
-7.612609
-2.860297
-1.665249
5.344271
-0.111827
0.320712
-2.108038
3.641740
-4.766601
7.166751
-7.987164
-7.893758
-4.984250
-1.204872
7.438890
-6.268160
3.388676
1.645650
7.366267
-6.346572
9.644557
0.359415
5.167075
-1.324378
6.076987
-15.212676
10.682318
-11.097728
-9.997308
0.709224
-0.387654
0.485442
-2.654583
1.861657
1.863790
0.138408
-0.209750
8.697137
7.482931
1.164987
5.717180
-4.571105
3.455563
-0.669982
4.235364
3.527302
-0.389717
5.116716
7.513360
-3.645625
2.080729
2.783963
-6.534735
1.792521
-3.615355
-6.270610
-5.476785
-4.284038
1.423421
11.282499
-16.687820
-0.409232
1.885921
-6.150473
-3.566486
-0.484100
-2.321368
-22.294168
-1.170083
4.350687
-3.218842
7.111663
-4.019314
7.480760
-1.945319
-11.761398
-3.102654
-7.115764
-5.590296
1.370286
-2.796480
-4.054973
-2.733855
-6.479329
8.214274
4.654894
-0.522738
-3.134127
4.634144
10.807269
-2.952309
-3.745222
6.643418
-11.553897
10.882089
4.761487
1.447217
-4.227741
-1.073554
-0.548046
-3.624132
-4.350369
4.815424
-6.501235
5.328925
0.087278
9.054516
3.413712
-10.667072
7.207940
-3.811997
2.183273
13.939347
7.574670
-4.202026
-10.235771
-1.677884
-0.164609
-6.243751
-8.405167
1.142795
2.572643
-3.405676
-7.407868
4.044217
-1.868408
5.964971
-2.694989
5.840886
5.153565
-7.093958
-5.704592
4.993420
-2.609471
-5.172652
-0.088800
-5.821040
-3.043978
4.046616
-1.515730
-4.808991
1.433106
-3.605474
7.546835
-4.623731
3.992248
-6.897940
6.791601
5.075307
-4.039399
4.814111
9.646031
-3.435846
1.760234
8.853023
5.931180
6.532058
9.186063
-8.129684
-1.032955
4.637167
-1.088105
0.714947
-10.487762
3.390091
-5.333449
7.515858
-7.749383
5.880300
-9.338178
0.931151
2.508138
2.719759
1.292340
-3.235940
-3.271220
1.298040
-9.937501
-18.895214
1.319352
-4.446004
-4.403703
5.335847
5.701842
-4.793157
8.244501
-4.394981
-1.744761
-3.416988
-5.465368
4.453997
8.979632
11.845340
3.306450
-3.832189
-3.616480
4.780761
1.678046
4.041436
-2.636039
2.220762
-6.434941
4.257459
2.461601
-3.947931
-2.237158
5.146572
-1.795288
-6.472322
2.123871
-2.241620
8.148829
-6.981020
1.085811
-10.031765
5.039291
-1.030460
-11.068764
-3.327572
-2.855318
-1.450261
1.128099
-2.175961
-6.874845
0.446036
-2.195215
10.500429
-2.756929
14.151694
-6.325705
6.164186
-6.849559
1.679127
3.714378
-0.755791
-2.826835
-5.780189
-0.329092
4.747703
-6.525311
-2.126531
-0.226083
9.375491
-4.081927
3.393202
7.412822
2.129246
3.169981
0.963229
1.069993
3.362537
-3.074763
9.618120
-2.979784
1.741686
-1.521085
-0.456562
12.963626
-7.996256
-8.983324
-8.261462
-10.754579
-2.506520
-2.785128
4.292986
-6.271043
9.229276
-0.163470
-1.343048
-1.031169
3.468866
8.982238
-5.385497
4.889172
0.319725
4.610105
-3.542624
6.800704
-0.401215
-10.475982
0.009678
4.221676
0.917534
-7.982304
4.126237
3.238413
-0.985084
-3.282929
-1.543048
-0.963248
-0.873049
-4.596783
-0.007560
-8.665809
-5.097518
-2.668248
-4.609236
7.710066
-6.711812
-5.745387
-4.276893
4.389967
-6.833924
5.304044
6.255511
-9.226575
-2.299338
6.182468
-0.330880
-4.630470
-4.764652
-2.063768
-10.871798
-5.013819
-2.501451
2.255496
-5.121708
0.522600
1.998698
-2.529961
-1.995249
1.564075
7.812411
2.558506
-6.668409
4.694226
3.344245
-10.976566
2.575015
3.083689
10.966970
2.182878
6.407642
1.865330
-0.226398
-6.434142
2.543604
-1.421222
8.022711
-3.015700
2.000263
3.269367
-0.807405
2.843592
-2.326330
6.526663
3.890377
9.154333
-7.451902
-8.823589
3.723284
-8.112108
-2.410252
7.649312
0.034580
9.748049
3.572450
-1.072812
3.129764
0.631036
1.777096
7.402190
-4.540104
-7.179180
-2.562166
-4.763350
6.496418
2.062823
-3.467010
0.752634
8.122875
1.296746
-7.395464
7.266074
2.625819
2.665017
-2.364604
7.521688
7.837969
-3.023063
0.814927
6.197054
-9.698030
-9.362961
-5.241514
5.497801
1.822699
-2.104493
6.252689
-0.916790
5.682271
-2.906993
-5.607090
3.613558
-9.948523
1.237653
-16.888660
-7.684421
11.453402
-1.763986
-3.644123
-0.056523
-5.081403
2.506519
-7.145356
-2.260939
-2.970205
1.356768
0.114807
-3.594478
-1.131250
-10.376157
-1.248836
0.277695
6.213028
9.125786
8.187761
-3.183285
3.160402
-7.215273
-1.599609
7.154192
-0.451173
-0.537703
0.928063
-0.360662
2.523313
3.642236
-0.809521
-0.528112
-4.679226
0.994409
-7.468770
3.705339
-7.007015
-3.709357
-13.420124
-2.539859
-0.183890
-1.058411
-14.366541
-0.108597
4.028224
11.941788
-7.893402
2.859929
-8.139665
-5.520573
-1.630607
-6.675322
1.824185
-12.340930
-4.430387
-4.748363
4.436644
1.335519
7.347414
-5.559439
12.780787
4.786362
-6.216040
4.287209
-2.730797
2.959582
0.643848
-4.106443
4.144374
-1.285067
11.724781
-7.278621
4.673825
11.174897
-2.751645
-8.408642
-5.293554
-3.343383
5.513958
3.164436
0.756062
-4.890484
-2.726832
4.589642
4.041298
4.191391
-6.696559
9.012318
2.764515
-3.741107
-12.285802
5.585580
-3.628701
-4.165860
8.015141
-1.705387
-0.352806
0.030597
11.705913
5.241769
-0.956812
-4.829460
2.336322
-4.677142
-7.351523
3.267534
6.081073
0.773669
-0.649687
1.823368
0.176233
10.034458
6.182920
2.216043
-0.047767
3.616268
11.205387
3.497172
1.588205
6.326976
-7.862391
3.070980
0.024234
-5.202143
-10.593548
2.907107
6.310004
-8.816923
-3.696604
-1.692107
6.408901
7.343604
-5.851613
1.144611
-5.437335
-8.855535
2.497263
6.748015
-6.806653
-8.068368
-7.844820
0.426990
10.466177
-8.220741
-2.485194
-3.961077
10.438481
0.214229
-1.123888
-6.800444
8.567411
5.581105
4.348126
-5.528679
-5.145586
-15.816852
-6.537440
-5.362678
-3.751333
7.798005
8.057281
5.283836
-5.585025
2.811530
-13.190655
4.577768
0.185618
-7.029335
1.007924
-8.328610
-4.464485
3.972841
-4.438927
5.195788
2.582993
-2.217647
3.576689
-9.264193
5.768817
8.202870
1.167586
-2.980735
7.382778
-4.681575
-3.504550
0.055421
8.872581
4.452655
-4.256507
-7.506713
0.656669
-0.519817
-12.341874
-1.769988
-5.710565
2.970293
-0.529943
-2.229565
2.449480
-0.447340
-8.366322
5.105143
-0.423281
1.263892
-1.386145
1.721159
2.430980
-2.777763
7.282165
-7.029719
-8.565544
0.146772
-3.354079
1.147622
8.892119
-9.816710
-3.778950
6.604270
-5.015859
7.777734
9.555278
-1.860999
3.393365
8.192221
4.673536
2.264713
-5.148217
0.994753
-8.851443
-5.333091
-4.623735
-3.631091
4.545654
1.977172
7.198576
2.065240
-3.198495
-4.280994
-7.197672
7.239646
-3.541026
6.308743
-4.567399
5.115945
-5.709094
3.403300
-4.381646
-4.265154
-10.078384
6.809456
1.093671
9.607944
-8.822929
-6.862020
-0.240773
-1.331656
3.572167
-6.585385
2.438006
0.925065
1.178796
-0.059262
-5.211609
4.773602
-6.594364
5.001658
4.269317
-0.664009
-3.730680
6.320032
6.413192
2.036224
-4.556652
-2.581916
-5.452247
-0.855537
-0.826960
-6.281528
-3.627234
-2.540224
-0.850847
-6.771815
4.606489
2.290763
-0.652325
5.371723
-5.038931
8.571766
5.063889
-2.029984
10.139808
2.610145
0.028554
-4.168872
-5.309513
-0.211935
11.611265
10.231917
-8.754828
-5.621761
1.319336
6.336617
-0.471432
-4.639407
-5.474839
3.511616
-1.141761
-1.478272
1.705991
-1.852165
3.866967
1.246600
-10.520093
-9.313362
1.343262
1.939934
8.334917
4.812425
1.648751
-7.480809
-3.941076
-2.581176
3.653940
5.286822
3.203745
-11.988373
-0.150107
-6.324754
-0.413827
-6.637292
-1.573130
7.463917
9.058317
0.733765
5.303158
-4.458481
-3.372087
-4.863511
8.338127
2.510746
6.869430
8.735651
-5.142318
-5.676615
5.198637
-8.422257
-4.190064
-1.053053
-1.429676
1.531957
5.988790
-6.771594
1.629310
3.280185
-6.951142
0.649473
-2.877550
4.048786
7.439101
-7.850543
0.254669
1.848692
-3.782220
-2.991995
0.107018
2.387401
-10.799774
1.339440
-3.547803
2.636923
3.918338
4.967135
-5.161374
-4.092242
-0.057647
1.996521
-2.813419
-3.522496
-6.176595
-0.844876
2.662991
-0.622217
2.822686
-10.461997
9.317140
-7.590670
1.737661
-0.628685
-3.829210
-6.856968
-3.108851
2.254259
2.105766
-6.799067
4.454052
-3.827325
-1.819658
-3.288525
-8.769569
-1.294315
7.599381
7.704238
-6.711428
-3.723632
11.670086
-1.698216
11.709056
0.779586
-1.100001
-0.308618
-6.458848
-4.169418
-13.445019
4.891508
-1.066286
-7.776829
5.289477
3.318655
-11.378177
5.164322
-5.787082
2.878153
-9.021165
-4.078577
-7.747908
3.654793
8.553336
-1.845630
3.370662
-1.252976
7.046449
-10.256670
-2.146508
-4.559031
2.399465
-2.348006
-1.941429
2.813837
-0.916866
-1.067352
1.954684
-3.432290
4.923089
5.416372
4.878272
5.457049
0.914021
1.181037
-0.005900
-6.750861
3.745229
3.827565
-4.196582
-11.108536
1.088643
5.776637
-0.373754
7.503158
-3.931918
5.020872
-4.573655
3.864029
5.996744
5.255707
0.420331
0.175995
-1.983051
-12.526576
1.374194
4.391342
0.093935
-2.862717
-2.055618
-6.987307
-0.747478
4.921869
7.547781
10.725706
1.135484
4.479349
6.176824
-5.775555
4.933953
-4.160952
0.086507
-4.477186
6.907794
-5.808328
4.292835
0.410251
-7.125950
-3.198336
0.348316
5.255902
5.766932
-0.910888
-7.756808
-5.645751
3.085072
-5.080758
13.673505
3.274512
3.504913
-2.364654
-2.844407
4.962285
2.491311
6.089927
-14.227606
-2.153260
5.631243
-6.134923
-6.549321
0.505457
4.787957
-3.274404
-3.568695
-11.266836
5.063971
1.164190
-4.043077
5.772923
-7.767208
6.382056
7.748519
3.868751
1.692603
-4.127822
-3.294297
-5.182626
-5.871656
1.037006
-1.300303
5.275478
-3.349853
6.900277
4.543868
-1.435392
-7.455454
4.173075
-4.634896
0.471697
-0.113147
2.972296
-0.063680
-2.140644
4.222895
7.570610
-4.549579
2.476156
-5.620054
-4.243890
-2.503135
-7.709804
-7.161401
-12.402550
-2.829639
3.983433
12.263531
-10.115921
2.485872
-0.462429
18.544098
-1.460270
-6.569489
-6.810544
0.340723
4.839121
2.692506
-6.590010
-3.290526
2.840780
-5.340919
-4.559391
6.860206
-2.768141
-10.561522
7.304261
1.161048
-1.377134
-2.330521
5.348915
-2.194490
4.069326
4.682186
-5.413241
0.858853
-4.288772
-8.433571
4.937604
-4.176763
-7.174125
4.636326
0.217127
2.576343
-1.268167
-0.762177
-3.111907
10.266755
0.912779
-2.388002
-3.126566
-0.735225
0.240451
8.937080
-4.757120
-7.260520
-6.885787
0.323798
-3.354243
-2.867091
-0.594748
-3.205434
-9.062292
1.661839
-7.245080
3.521965
9.631063
-12.249807
-0.393728
-1.119298
-8.682207
-2.638673
1.239765
9.247372
4.968478
1.277887
4.569855
-8.581118
-2.252860
-0.103470
-1.757750
5.399865
-0.121048
-5.617373
8.511187
9.295622
2.651131
2.157256
0.481716
0.237935
-0.792700
-2.743833
0.367013
7.220612
-1.904454
4.234592
2.509299
-7.162381
9.081448
5.345735
-5.579803
0.848617
4.707103
3.396044
0.940636
5.146770
3.146371
-1.246980
-9.112410
5.958062
5.722294
-1.666163
-2.039772
8.568848
5.056559
-3.477881
-1.888781
-7.883744
-3.771288
-0.594813
4.504786
3.603432
3.058090
10.899724
-3.219189
-1.999893
-0.226964
-6.587907
-4.981077
2.967361
3.016689
-12.907496
1.351177
2.777596
-0.775655
1.483467
-6.624683
1.195008
-6.450247
-3.435942
-1.611758
1.750900
-8.240191
2.247425
-3.931355
-10.007148
0.441638
-5.660304
-2.515771
8.266202
-3.030500
4.641759
2.988216
1.403119
-0.639098
-9.184838
0.160273
-0.760343
0.880880
-2.366346
-12.702537
5.412890
-8.847937
1.238048
9.146103
-9.440890
12.483787
5.902389
-9.089860
-5.873633
-3.739798
1.458009
4.800161
2.758452
11.444823
2.164897
-3.751234
-6.512323
-2.606189
6.047084
-4.600268
3.204515
3.013907
-0.328573
-3.752675
-1.223959
-7.743022
1.913682
3.685874
1.147059
5.420099
-5.546895
5.977726
-6.698418
-1.262840
-0.661780
-5.105841
7.907810
4.807045
-6.537787
4.248958
-6.983399
-5.035423
-4.503778
-6.079143
1.135985
4.638391
2.316278
-3.496965
-3.691704
-5.977841
-1.692825
4.272358
-8.515238
1.185215
11.946712
-8.930542
3.698838
3.827301
-9.467626
2.632751
-6.026788
1.482428
3.360889
2.819228
-12.318010
-3.834643
-1.317576
-7.563612
-6.300277
-7.694811
0.130919
-11.839381
-0.969700
2.608375
9.766479
0.541535
11.454257
3.010479
8.330395
3.474446
-0.042630
7.134920
3.696835
0.220374
-2.989966
8.871645
-1.927915
4.379779
-4.752203
-7.223371
-4.800479
-10.684023
10.039096
-8.219960
-13.190754
-1.871818
2.811822
-3.000868
-4.722225
6.696220
6.256672
-13.035391
10.218653
-0.049438
1.021840
12.242625
1.116784
-3.651658
-0.960845
-3.979095
3.507049
-8.729252
-1.756441
4.531506
9.699105
-0.095424
-0.580349
2.632975
0.678995
-2.346189
-9.824226
10.818555
-4.430678
0.568926
-2.077331
-6.401241
-5.535725
2.648942
0.054286
12.708892
-5.034565
0.355172
3.658509
5.674550
3.681297
4.744549
-2.566966
-5.042984
7.222009
-7.461415
-2.712504
-9.023660
-3.923711
0.680092
-0.211033
10.334231
-7.004287
3.483490
-8.662748
5.959285
-3.230547
1.501298
-12.506279
-1.857742
-1.773669
-9.193873
-3.449302
1.016578
-5.140110
-2.605017
2.365896
0.540440
-6.428965
8.487564
-5.077888
13.352151
-5.325714
6.571631
-6.713986
-5.676898
2.556495
-3.162091
5.960134
1.472674
-1.821805
6.597223
10.247791
-3.754642
-0.245911
10.030280
12.231407
6.905223
-7.112255
-1.546477
-1.928126
4.445885
9.871783
-10.097912
0.646621
-14.573004
-2.875586
2.583779
4.196449
-7.473708
0.273078
7.612826
10.110498
3.620387
1.479398
4.722239
-7.846508
4.065413
7.691999
3.743016
-6.417772
-8.587200
-10.741777
1.964222
6.857183
-4.561477
7.427460
2.008853
5.094672
3.386631
10.962542
4.281647
-4.386511
6.593352
-1.849147
-6.506735
-1.901942
8.816772
-6.853432
-7.646931
8.916663
-12.343094
5.456765
-0.141549
-7.817315
5.907073
0.678942
0.015699
-1.680674
-10.918787
-1.879759
-2.187181
1.323694
0.847896
-3.210936
-0.067211
9.367052
-1.395099
6.665510
1.851297
-10.923348
-5.361256
-11.915120
-4.250826
1.226427
0.294267
2.390884
-2.153678
-3.825893
-2.732596
-4.636737
7.033890
-8.574682
7.703324
-2.888054
7.256610
-6.099668
-5.886286
-3.662712
-5.326530
1.497920
-12.178449
4.746556
-2.893685
-0.855248
-0.422096
-3.455244
5.249263
4.794095
-1.533952
-0.146120
5.478745
-2.266404
3.497586
-0.091523
-1.786624
6.784645
-2.695408
7.247572
8.276114
3.551869
-7.513229
12.040883
-0.876629
-0.530398
7.998564
4.466314
1.548561
-4.439528
10.738899
7.992847
-2.275934
1.366262
-0.930674
-7.255843
6.790287
-6.824562
16.394236
-10.253478
1.472689
-9.775680
-0.525936
-4.540539
3.519216
12.096289
5.803855
-6.585909
6.123625
-5.734580
-5.343628
6.417400
-3.994838
-1.760414
0.031886
-8.358580
-4.880411
-9.205631
8.932893
-4.411497
-2.672122
2.575067
-2.427446
6.577868
-5.957913
0.404770
2.875660
2.325266
7.476317
-2.739764
-1.414033
-3.134854
-3.272289
2.060041
6.835646
-4.464197
-5.796637
-10.510311
-6.096143
4.713708
-4.324209
1.799950
5.078279
-4.766810
-10.138656
-1.191767
-3.952436
7.120268
4.492523
-4.205674
-0.160776
-1.768319
-0.873347
-7.999408
8.624123
-6.329124
5.012549
10.388813
1.320455
4.817853
-2.765494
-8.882632
-8.936788
5.971198
1.818343
6.468285
-9.429221
3.034859
10.235968
-8.918906
5.596335
0.844190
-12.487471
3.733249
2.554238
2.577426
-1.385419
5.987304
-6.398392
-1.637891
-12.715534
6.372094
-2.372397
-2.906629
2.233651
6.878522
-3.752440
-13.606675
-2.279070
12.754630
1.460940
-7.658110
-0.160174
-6.648360
8.106537
2.803256
8.784100
2.887673
-9.257549
-11.685472
-2.164139
-3.902133
-1.568645
-3.558973
-0.370440
6.129570
-2.079107
-6.997942
-3.297805
4.548079
-5.209992
1.423607
-7.724979
-1.370439
8.358020
-4.801752
-2.767247
8.842185
6.586637
2.937838
9.028121
-2.687718
8.238955
-13.066307
-9.488511
9.811314
5.363327
-1.100622
-2.256905
-4.427060
7.238015
-0.568432
6.914252
8.675994
-1.666727
8.238415
-2.248232
-4.709224
-2.778130
-2.267091
-9.169485
-1.111601
1.539008
-1.619191
-4.656823
3.873194
-2.713326
0.756494
-10.412379
1.881412
-5.872785
-9.323159
6.862264
-2.424366
0.887866
0.874611
-3.650840
-6.494180
3.329623
-14.183630
-1.664422
-2.451830
4.589972
4.853874
-1.213750
-4.659043
0.785458
-1.663352
6.402946
-4.647325
-2.850490
6.384216
1.605074
0.422557
-2.918047
-1.446220
8.722155
-7.119874
-4.501321
-11.911945
-0.253386
0.111300
-5.786335
-5.848322
8.952019
0.105387
-4.793282
4.738281
-5.225469
-1.238528
-4.843795
-10.772104
0.566646
-1.005136
3.406718
-7.115938
-0.616380
7.833158
-8.588705
-3.438104
-4.552381
9.147380
-3.042035
-4.473049
0.470805
0.366428
-1.530039
3.016251
5.062774
-10.691406
2.814623
8.328283
-3.824370
3.755411
4.368181
-8.989951
-5.913783
3.205720
2.989946
3.617609
12.586358
-8.618366
12.610199
5.637002
-0.501414
-5.593989
-11.905907
-2.327694
0.414957
6.176829
-9.853535
-9.209391
4.837674
-3.081778
-8.318474
1.661400
6.185059
-8.865384
-4.995498
-0.784152
11.637340
-9.150314
-9.134570
16.070248
-2.496348
-2.310606
-7.141123
-0.210131
0.283686
-4.545908
2.154980
9.048293
1.765516
4.798172
-4.369398
3.426663
-2.279667
-2.019653
-2.237197
-1.087969
-4.885141
2.255669
0.687917
4.866712
1.893985
5.979919
-0.804087
-5.043104
10.016812
-9.762700
8.297994
-0.575224
-12.368063
-2.967799
7.339246
2.727246
-4.261132
-4.039447
-1.894755
-4.534846
0.271122
1.931978
2.386011
7.682085
-5.019186
7.693232
-3.523254
9.994506
-6.985133
-3.394637
0.476836
-9.915477
4.756489
-1.982512
-6.496428
4.454751
-3.435293
1.677202
-8.396493
-7.855980
-7.896286
-11.226760
3.137173
4.736019
7.371712
-0.247580
-9.362749
6.268746
1.437802
8.353320
2.027020
0.612825
4.255887
-4.443035
-0.420196
2.394532
4.138195
4.146979
-2.283197
-3.345952
0.287477
-0.133258
4.898558
-2.434754
-3.695369
-8.271981
-3.433827
5.998175
1.267186
3.132170
-2.171811
-12.037052
-1.240018
3.045077
8.789678
-0.222552
-0.127432
-0.110376
1.857260
-4.583785
-5.491426
-6.195695
5.197957
2.255767
4.095993
0.709362
-2.087154
-4.510425
2.795456
6.223123
5.647270
11.456913
3.198133
-3.765559
6.407638
4.826965
-1.312799
-9.553052
4.454889
-5.041992
2.681123
-2.745240
-4.269337
-6.913040
-4.642432
9.800691
-1.180669
-10.187817
-6.024125
-7.469257
3.919941
-1.277358
6.740565
1.930369
0.530476
2.306684
-7.691646
7.350753
7.555147
2.045863
2.607020
-3.876201
8.316820
6.650727
-8.678294
2.784501
-0.402915
7.534911
-4.591776
5.196550
-1.136647
9.293203
3.841676
1.712942
-4.202569
-7.038299
1.455795
8.538596
6.956634
-8.372639
-2.488621
-1.156978
-9.174202
-1.012861
-4.145415
-3.123417
9.527287
7.768840
6.531960
-3.476766
-1.085601
5.487515
-1.128303
-0.569153
-5.107392
-0.138004
-3.891334
10.561325
-2.016218
-10.679979
5.123807
-5.700058
-2.749025
-5.881955
-3.405869
-1.965423
4.135727
3.825136
2.512012
3.424037
6.046992
-0.203451
-1.104460
-4.478302
1.774887
4.212560
2.351201
-1.050388
9.310720
-0.005874
10.360098
10.106515
-4.010036
-5.742898
-1.400435
11.648045
4.025248
-6.737067
5.509087
5.618066
-1.224661
5.998501
-6.722179
8.633646
-3.332101
0.728542
-5.740272
1.592638
1.178746
6.535516
-0.793274
4.805521
-13.362915
-15.521756
-9.629811
4.763633
-8.133688
0.914195
-2.749773
12.138402
7.389892
7.470697
7.761113
-10.430155
0.090604
-0.816002
-2.118785
-5.297075
-2.182925
-5.798687
-7.868748
-5.819651
-7.295571
-10.001733
0.247627
-4.713865
-6.532353
2.829406
3.575611
-3.701756
7.535775
-0.576263
0.035181
-6.719053
-4.014614
-4.429386
-8.982639
2.657563
-3.678294
-0.490183
-2.938758
7.660323
2.936616
-1.096132
0.851362
-7.306447
2.776370
-6.821810
4.232222
-9.861648
0.104016
-0.774368
-3.269654
-2.677319
-0.645170
-3.101650
-2.240217
-1.616245
6.248136
4.931916
4.385155
-0.484439
-4.248580
5.966872
-0.865562
-2.893650
-3.967388
-5.799090
3.879330
-4.227365
5.835426
1.743676
-7.485003
3.570710
-9.887636
-1.553456
5.125332
6.111681
-1.191070
9.203183
2.119238
9.717801
7.785596
-8.684254
8.412950
-2.602802
3.837229
2.819613
-1.619574
-7.007281
6.366044
-2.009985
5.430279
-3.075002
1.332981
-12.796083
0.071781
4.661703
8.145504
-2.737998
-4.027941
-7.036944
6.881164
-16.584023
3.139108
-1.970426
-17.948557
-2.831731
-2.851274
14.375017
-4.988214
-4.902736
-4.407025
-5.234067
-9.351933
2.306477
1.459508
5.555356
-2.228457
3.811180
6.722500
-2.501739
0.230596
-0.897512
-2.176034
-3.637246
-5.125076
5.613243
5.006927
8.839517
-0.154394
-6.628974
2.285437
8.050498
10.664969
-2.550269
8.099092
-7.274429
-7.374984
10.983696
-1.043175
5.718116
-4.140427
-0.469568
-6.714164
6.754376
-2.525646
-3.889737
-1.841068
4.447339
-5.114099
-7.940321
1.430998
-3.153138
0.827106
-8.454632
-3.312395
-3.960461
5.368388
10.650846
-0.472630
-3.525298
6.426837
-3.053718
5.598123
-4.550354
-4.891255
-8.052837
1.799049
1.245788
0.974796
-3.302835
-0.337875
10.125537
-3.788803
2.783670
-0.431562
-3.533887
-7.020530
-8.489038
3.933261
17.308390
-0.466828
-2.859691
-1.308077
16.052631
-3.865221
-5.843839
-5.062568
-4.573018
5.678311
-1.857670
-4.168988
-5.002472
-6.292764
-2.285904
-6.143197
0.221815
-9.493148
5.697542
2.174028
-5.924764
5.803066
-0.332824
1.951550
-13.352878
-6.679174
-5.795003
-3.449721
8.323924
-3.285928
-8.342518
-6.503719
6.060064
-0.697538
2.911703
0.458788
-5.197099
-2.951519
2.950036
6.182796
-1.808146
9.999207
4.114685
-10.631292
8.820959
4.502899
7.383011
-4.660448
-6.298474
-12.928798
-3.835553
9.390192
1.826617
2.678648
1.361038
9.253211
5.726828
-5.569167
-12.950953
1.444011
-3.184602
2.330306
-0.617516
0.603549
-6.880035
5.223670
-0.116032
-6.247103
5.130628
0.533627
-4.371223
-0.758428
-0.199459
-3.545624
1.200603
0.950344
1.536728
-3.598348
0.174654
-6.246978
-3.717238
-3.292043
2.497759
7.001021
-5.392209
4.689892
-4.420755
-1.243435
9.458222
-10.158690
1.815863
-1.159370
-0.539137
2.372535
-1.731500
11.814260
2.403643
5.922239
-3.384615
3.195895
-8.958835
4.215006
0.696704
-7.643282
-2.127742
-1.673842
0.830149
-7.368677
2.236737
-1.723500
-5.081481
5.325240
1.229429
-4.309406
-9.719780
-3.215728
2.039767
-0.329119
7.797251
5.474746
3.000486
2.872137
2.889154
-2.280592
4.901235
-18.350887
0.040336
-1.412716
-7.564671
3.743257
-3.175728
-13.424113
6.167925
-0.048772
2.519703
-4.903846
5.942045
-2.446994
-6.087180
-0.099587
2.947670
-2.809727
2.385310
8.138723
-0.992569
11.539394
-0.671947
-3.349287
-3.964594
-7.643099
4.162214
5.489256
0.321474
2.903306
2.819621
5.811762
0.101100
1.919815
-6.383667
-5.058928
-2.183624
2.605808
1.977023
7.522277
-0.561473
-6.763337
-4.025239
3.817862
-5.038469
-5.041749
-3.504651
-6.248194
2.033021
4.777953
-0.278387
-7.163037
-0.033849
-0.607714
-7.081278
5.486066
0.081158
0.557679
-1.012361
-0.888994
-3.094242
1.126404
4.014974
-8.678361
1.538350
-5.191992
1.590825
10.846636
3.356274
-5.800671
-2.900460
6.868329
1.736187
-1.793550
-6.811039
-1.519724
-6.953672
5.017549
-3.394940
3.469890
-5.269075
-2.105814
-10.062460
-8.523279
-3.217186
-5.658333
-6.545285
3.308730
-1.420917
13.595505
12.169687
-9.055595
-14.481178
-1.671143
-3.704608
-0.442098
7.453591
-3.154202
2.099629
2.562590
3.896416
-4.516486
-1.314443
-6.923495
5.274185
-7.384203
8.979973
6.114345
1.473578
5.693926
7.100315
-10.883738
-6.688874
12.628167
-0.865429
-1.739556
-6.087057
3.826399
-6.865163
-10.670753
6.621761
6.285549
6.281117
3.891566
-7.453625
0.086468
-1.094603
-11.412620
-6.046359
-4.313378
4.243644
6.981274
-1.832745
-3.429448
1.123742
-1.655022
-8.812874
-9.248340
0.633114
2.801464
-2.941260
5.973307
-4.338611
4.962851
-6.788335
-1.353206
-8.404143
6.139059
2.186657
3.841249
-1.705188
-4.818639
5.216142
2.216488
2.923775
-5.978994
0.523872
-5.818096
5.110248
-4.055076
8.018115
7.234052
-4.561750
1.381637
1.056602
-5.032181
1.162244
7.008575
-13.760612
-1.510098
6.262042
1.722840
-4.462455
-4.013925
1.575630
-8.045041
5.981445
5.582269
-7.507807
-3.782189
-6.450743
-1.016126
12.548629
3.863134
5.246861
-14.653322
-1.539171
-0.205793
5.847799
1.819920
0.822625
11.152564
-0.781329
-7.601026
7.728188
-8.591745
-3.641968
7.549817
5.569745
-13.214079
-5.282987
9.179982
-0.955767
-0.961756
-9.134805
7.200630
9.238897
0.895820
2.813086
6.498433
10.281012
-3.584001
6.255534
6.416860
3.370845
1.861724
-5.914676
-3.513055
9.380140
-0.681551
1.819796
-0.710908
5.958146
-12.711144
-0.928279
10.178835
6.649146
-5.958580
4.400723
9.182724
-2.745169
2.518153
4.512449
1.869552
-2.053151
-0.277804
-11.381205
4.952074
-0.575923
0.499269
-5.956161
0.547408
3.396737
-5.829147
10.036652
1.112267
-0.532074
0.758014
4.655898
11.226213
-2.699663
-1.384963
10.696326
-5.494133
4.610640
-3.964519
-0.433499
-0.696450
-1.127454
10.663886
-5.055363
5.264212
4.418767
2.572195
-3.894954
7.586181
-0.162725
0.599339
3.901183
-0.036065
-4.950596
-1.946764
-7.851985
-16.020794
-10.800014
-14.046798
6.991348
0.558321
2.448689
2.433923
7.218639
-10.248713
1.438714
-6.481046
7.597897
3.715700
6.569983
-0.828062
-1.297025
-3.146603
-10.717284
-8.158656
8.312093
-6.097083
-3.067455
1.554723
-5.355724
-7.614429
-3.324581
0.196142
-0.485899
-4.758670
-0.813903
10.976680
11.094061
3.383866
8.243345
-1.250157
5.990317
-7.928555
-2.489769
7.320168
0.160562
-2.751479
-1.595654
2.693677
1.618691
7.102613
0.290672
-2.329549
-1.417147
1.374582
3.538836
6.618338
-0.622743
2.727482
-1.238521
-2.975420
-1.894920
-3.313058
12.802174
1.711741
3.226989
-2.784401
10.176178
-0.826297
3.028757
-3.587544
5.771293
-4.141170
4.110522
1.430394
-3.846532
13.141529
3.623973
-0.177910
0.867949
-4.024622
3.437904
-1.755888
3.312913
4.180644
-1.530927
-7.514632
-6.199682
-0.218282
-4.699942
6.920443
0.354049
1.262908
-0.903862
-0.992294
-2.006026
-7.124330
-0.259425
1.764504
6.089710
-2.007231
-9.789028
-3.544535
3.825863
-12.689516
-6.384838
-4.642747
-3.246056
-0.649231
-0.674201
8.600821
8.491629
6.240779
2.643731
-0.142032
5.430464
-3.728044
-4.993940
7.830914
7.007695
-14.211798
1.982127
-6.420725
-7.265986
-11.739222
-12.371201
-0.976649
-4.417530
-1.232808
8.511131
7.292067
-5.593128
-5.508083
5.244972
-2.344568
2.234723
-4.344898
4.178442
2.572337
3.906486
-5.316991
-3.416784
9.874209
2.158262
6.743363
-1.040190
-3.204953
3.712293
-3.065056
3.505921
-6.535195
-6.260405
12.072912
-6.295818
-4.923779
8.021672
1.410151
3.285928
4.127701
13.732766
-0.993668
6.697172
-2.274893
2.050368
8.930048
-2.146899
-3.227990
5.806461
9.940305
3.072605
-9.129109
3.542659
3.118162
2.989129
-2.350399
-6.198246
-1.563635
-5.617456
-6.160032
-4.140304
-3.496157
0.750612
-2.116851
-5.706944
6.533716
-1.765469
-5.582199
-3.371060
-4.970720
-8.340290
1.637441
-2.618061
-5.283877
-4.611818
-0.403939
6.374995
4.677918
-3.658391
15.943511
15.204136
3.394150
-4.929926
-8.858513
-3.452076
-2.018890
-3.449964
-13.916526
-6.256433
7.768851
-4.908681
7.926547
-11.040097
-5.992778
-7.665632
-1.449896
5.716840
4.853848
2.067066
7.616288
1.580037
9.170862
6.461466
5.243794
-4.421962
2.857433
-4.229482
4.401915
-7.288910
6.286524
-5.335822
0.769428
-8.984164
-6.942251
8.856400
-10.018504
-9.338388
4.942852
3.637616
10.538074
3.148417
-2.284188
10.599661
0.500785
3.585319
5.189978
-3.180036
1.739401
5.967175
1.960905
-0.940234
4.799030
-2.409470
-4.384252
7.539471
3.986925
9.341758
-6.847939
4.080952
0.340885
-4.822765
-2.200900
7.619018
6.447285
-3.774194
-3.924457
-8.648395
-5.976623
4.492352
4.292534
4.106747
-5.823081
4.330976
3.529993
3.985646
-5.989428
-3.918067
1.471651
8.029974
-2.744220
18.082594
4.428371
6.134725
4.808429
5.165879
-1.727934
-16.145920
11.477605
-0.638955
10.172488
-9.173268
-1.215679
-3.458835
-1.110484
-5.510122
1.145563
-21.354755
-5.700349
-3.462806
-4.178770
6.332547
3.907735
4.453356
5.319525
-9.899947
6.234779
-4.469944
3.717531
-0.601107
0.853666
-3.519965
19.707390
11.460499
-4.001916
-12.164644
-5.324907
5.818374
18.185120
-8.848808
11.543368
0.656928
-1.648184
-3.069336
-1.126257
0.897973
-4.178651
5.186161
8.459900
7.962931
-7.942815
9.958330
12.514010
-9.263461
4.010030
1.613317
3.566625
8.560459
-1.703856
-7.652502
-3.726556
1.473119
2.168739
1.016572
1.546957
-3.928805
3.907405
6.699987
2.954617
9.618940
8.872570
3.195095
-1.461547
10.779547
-2.186221
-10.307708
3.588080
-11.559900
-1.112935
-5.648561
-7.410009
1.512097
10.834217
-10.460104
4.482868
-3.257697
4.549827
8.973207
5.163339
4.612103
4.986295
-4.432228
2.876548
-0.085379
3.471444
5.282734
-12.114232
2.069515
10.020825
-1.532706
3.023509
3.970796
-6.214062
-0.194978
6.476952
-2.107649
0.255031
-7.778378
3.391187
2.047087
-8.091858
3.417307
2.147240
8.898514
-4.796946
-6.236786
3.168167
2.398614
-0.799386
-9.830982
1.617484
8.861417
-8.530240
6.702253
0.911222
-11.802681
-0.056883
3.609267
1.154215
-1.652080
-4.461366
6.353746
5.992452
1.620398
4.956092
4.122765
-4.016999
6.626499
7.094230
5.237113
8.230549
2.243816
3.560281
3.154924
-1.810222
-7.933089
-5.772692
-0.652175
-6.493903
-4.148492
-3.384078
6.030721
1.742267
6.990530
-5.886225
11.533695
-6.813260
-0.717724
5.845114
11.426625
-1.088878
-1.827891
-5.195327
4.547101
-2.995522
6.410497
-7.157107
7.189366
-5.108697
5.271249
-3.194105
3.205617
-3.278663
-1.724164
6.314428
3.841319
0.887744
7.000944
-0.743121
-6.181212
-0.287958
1.528768
-3.721934
-2.851815
2.025383
-5.158436
6.611620
-0.329119
0.621843
7.090662
7.883462
-3.891500
-6.100421
-0.307096
2.754130
-11.594564
-0.176752
-7.460389
-7.261231
3.208841
-1.542316
-6.312964
0.597350
-2.311258
-2.950104
-7.703840
-10.922648
0.735259
1.212032
-3.750757
-4.500213
-6.879485
3.339187
-7.260478
-4.707363
-6.458871
6.976261
8.940274
0.594970
6.720610
1.558263
-8.672394
-0.238908
1.194553
2.709359
9.183056
0.890601
5.980020
-2.020775
-6.089802
-14.823848
14.063001
-6.362233
6.624751
-1.894854
-0.863655
2.480963
2.450289
-6.386474
3.868252
4.913667
-4.147704
-0.849458
0.841697
-6.817524
-3.317029
-0.228116
3.047765
-0.965906
-5.431320
-0.583824
4.931943
0.455656
-1.524759
-5.052074
-10.153649
-1.094184
1.748425
-4.743358
6.871094
12.635502
-0.209490
4.087597
-6.938304
-6.329498
-1.394475
2.661226
-0.363529
-0.582795
17.094265
4.773856
-5.310070
-1.652002
6.425311
-1.006123
-7.810376
0.833270
8.680642
1.900937
-8.506282
6.057301
-6.558992
-1.138791
1.858016
2.831627
-4.606552
1.553390
-2.783907
0.771498
-6.444228
-0.802099
9.319235
-2.489164
8.416691
4.312363
12.010543
-4.330149
-2.283215
10.676996
-8.030742
1.496291
-2.053197
-8.356054
5.307010
-1.931921
1.411452
-6.668145
-2.059995
7.901494
-2.050045
2.142308
-6.041918
0.278311
-4.875060
-5.200092
-2.215055
-9.046852
6.722270
-3.474020
1.809563
-3.548686
9.925978
0.888396
0.308372
-9.692481
-5.003391
-1.206132
0.787400
-0.056043
10.550366
-2.415420
0.213690
-1.342013
-0.599298
5.913802
-7.608600
5.734499
-3.972679
-7.538851
5.189230
-8.232669
6.438696
13.837080
-2.041110
2.451584
1.305646
3.963303
-7.326030
11.395433
9.599649
-0.411931
2.534156
0.909783
-1.996546
0.642821
3.258874
7.181733
1.528952
-2.448040
-6.128880
0.397255
-11.989481
1.677404
15.850187
-5.142795
-1.531198
-4.458313
10.219232
-8.605157
5.026281
-4.904912
-1.938074
-3.389471
8.540025
-1.895172
-1.018226
1.891030
6.278073
-3.136208
-1.501612
-2.698220
-10.019862
-0.635680
-5.502311
1.508196
-10.852221
0.366812
1.046956
-0.900598
-0.280810
3.231583
-12.802659
-1.669857
2.237406
1.036346
-0.571942
-9.246251
-5.460980
5.045921
-10.046608
-4.476474
-5.410115
-8.252244
-10.317370
-4.987954
1.956114
1.353675
0.313170
-0.341147
-2.362254
-1.609719
-3.345911
-11.626551
-6.136342
-6.407819
0.852909
2.604359
2.989791
5.224761
-1.040879
1.107737
0.693807
5.509228
12.235845
2.453070
-6.616897
4.285899
0.723682
2.369038
3.072877
-8.112848
0.982714
-10.414949
10.727654
-12.500577
-8.323115
-13.387337
1.190622
15.819521
-4.443532
-0.683755
0.607422
-12.761358
3.294797
-1.737645
4.621238
-6.468146
-1.588367
-1.409051
-0.864797
-4.258313
2.893479
7.662451
1.743252
1.794197
0.108582
5.103142
-3.043669
-1.806244
8.794973
-7.620175
10.838147
-3.196771
-7.054071
5.911052
-1.156037
-5.443655
-1.090621
-5.372038
3.265368
-3.535581
-2.081100
-9.870325
4.445745
-5.494133
5.636979
-0.194718
0.389701
-3.470473
15.509391
-1.743364
3.159639
-7.720255
-2.434484
6.285405
-2.984113
8.369188
12.703053
-4.863233
-5.913057
3.253669
-1.388725
0.507182
-9.319697
-8.933314
-10.420420
5.654787
9.257628
-6.863471
-2.665099
13.211313
-2.643199
4.062952
3.269959
-3.408831
-6.443717
15.577368
10.673267
-6.417958
-3.096545
-3.728625
13.076619
-14.509900
-1.775438
-13.219860
2.824805
-5.970684
-3.484841
9.058728
-1.755471
-4.172863
-2.865550
2.464098
-3.601180
-2.407755
-9.919826
0.407368
-1.481488
6.052894
-12.781540
-0.924502
0.980223
1.076434
-1.559398
-6.866820
4.905553
-5.890083
4.156360
1.868321
-2.057892
9.718019
19.483913
1.706678
2.211483
4.767721
0.018499
5.117124
-6.888195
-1.118078
-4.788234
-3.801970
3.335281
3.545916
-4.122971
4.107051
2.004916
3.493300
3.938726
0.084900
0.989949
-8.164833
-0.825723
-2.096146
-4.151010
-0.056398
3.844333
-1.937807
2.982501
4.235461
0.762848
-6.945978
10.716706
3.151019
1.098434
0.626663
13.299496
5.805178
14.336877
9.613142
-0.446688
-3.004014
-0.619077
-4.631624
-4.957386
8.894325
2.602808
2.152081
4.764302
-1.819420
3.323195
3.913533
3.807387
3.741645
6.260854
-3.017087
-9.118731
-2.905574
-4.662363
-2.115741
8.546718
-17.797865
-0.413639
-3.919997
-1.887095
10.543349
-0.903827
0.218642
-0.981446
2.269955
0.314046
-9.705512
8.353897
4.467437
3.667514
1.290457
6.390473
1.563687
8.120383
-5.728089
-7.971166
-4.101201
-5.833566
-6.753293
3.235248
4.717874
3.785999
0.949693
5.427665
-8.049813
2.885806
5.661390
0.893266
2.502120
1.718758
1.957152
2.138126
-6.486723
8.408124
-0.232678
1.941488
3.001142
-5.875625
6.520140
-4.184297
14.077916
2.200620
-1.798437
-9.629762
-5.213428
-7.335524
-6.309794
-0.060523
-2.592613
7.180516
-7.418512
-0.674738
1.697443
-0.785906
2.957815
1.466105
-3.245404
-7.778150
10.778404
1.844377
10.268790
-5.369130
8.983860
7.111580
-2.249860
5.424261
-7.700170
-1.716841
5.584543
-12.125691
-0.463610
3.400219
-5.810488
5.440369
2.722358
10.860976
6.364668
1.452895
-2.996484
-8.500702
-5.327713
3.565094
-1.586851
-5.412459
-22.333567
-1.104793
-4.017519
6.794634
3.377935
-5.153660
9.277194
7.605671
-6.092977
-2.285816
1.038682
-15.831107
-3.355067
9.056826
-1.615510
-4.984384
7.297981
-3.575277
-5.115968
-6.103679
3.324033
-6.562479
2.365114
4.937850
-2.360535
3.468666
0.376718
5.300160
8.546918
-2.729548
7.139329
6.535616
-5.663753
3.965394
-5.185797
-4.256283
-9.218351
1.167472
6.186074
-4.426122
1.135975
6.075018
10.812457
-9.042100
-10.585952
11.157532
-4.912004
2.551761
-2.196692
3.956804
3.411138
-3.177135
-3.029213
-0.629637
1.196027
-6.943166
-4.433792
-2.635648
-0.593894
8.925025
-2.581704
-8.629411
0.206099
2.858059
-7.326810
-5.597949
2.747025
-0.201870
-3.140051
2.472806
3.169873
8.755030
-0.643774
-1.648656
-5.588792
8.096789
-10.438642
-3.976513
-6.036872
-2.954708
-3.359428
-4.053497
2.344645
6.885952
0.625405
3.765044
-2.335295
-3.752806
8.377230
3.127747
-5.602643
-1.850808
-1.794389
-0.958038
-0.280376
10.945539
-5.833277
3.216436
5.957953
-1.979444
6.862273
-9.365414
4.528172
4.486435
8.524243
0.498823
-1.056726
-2.259152
8.515737
-5.339195
-4.385694
-5.982865
-10.652481
-3.611999
-9.699015
-4.602499
3.346704
-5.124098
-2.455987
-4.972211
-5.555876
1.203104
6.393308
-11.282453
-3.210907
-3.988826
5.309759
4.797053
-5.768234
2.490648
-0.446190
-5.393213
-1.484064
3.677147
3.481496
-0.169202
-5.021979
1.863534
1.552979
1.230793
1.804563
7.686709
-2.584237
-4.219099
-3.069243
-1.484292
4.512131
-5.108997
-10.762570
3.842551
9.650826
-5.595944
-10.816680
-11.549289
-4.857444
-5.235723
-5.477747
5.451602
1.634588
-3.921082
5.335796
-9.177550
10.215590
-4.755183
0.133686
7.445565
3.454935
4.721012
6.019612
1.900776
-4.010655
11.339720
-6.043830
-2.894115
-7.349166
-7.814673
-7.565944
-1.785928
4.200728
2.336805
0.032928
-4.640420
2.069479
-4.479053
3.229255
-10.120368
-2.256402
-0.270354
1.691361
9.812438
-3.948716
2.897632
-12.630529
-14.293146
1.165666
7.101686
3.826816
6.086078
-2.620561
0.500286
8.472628
3.890739
6.928845
-12.493850
-4.849121
0.224724
8.145599
3.796270
-3.770939
-3.687060
-1.424583
-7.866926
-0.127855
-0.568155
-1.956577
-1.318239
0.689440
11.244055
4.354817
2.247227
0.507974
-0.023839
2.600779
5.165998
10.692063
-1.846528
-4.938293
0.811188
2.840686
-4.821929
5.399869
3.194141
8.727717
3.851732
2.421589
-0.172543
-2.042632
-3.240554
-0.911807
-2.324672
1.542944
5.859025
-3.413317
-5.728571
0.376823
-4.513499
-5.580045
3.061066
-4.228619
-0.833750
-11.649629
-8.307911
3.409974
1.647470
-4.884784
3.313694
3.063767
3.755490
2.285028
-1.598329
-4.646852
-5.067873
8.370758
8.692343
-15.701922
-7.009629
0.104055
4.869596
-4.901728
6.678895
-2.525448
11.298439
-3.167703
-7.058265
-1.543683
-2.205549
-1.479652
-5.052849
7.045409
-8.002480
-2.677916
-3.918038
-2.557947
-7.191973
-7.032448
-12.757500
-10.106979
1.044225
-2.617007
1.362183
-2.442233
1.545465
-5.990436
-14.595718
-2.490573
-6.325211
-0.255542
10.502084
-0.806125
-1.362820
-0.949262
4.839458
2.039859
-1.334994
7.778361
8.234001
-8.550624
-9.042779
-2.175650
9.776475
-12.621893
12.673585
4.889019
-5.173348
5.848067
-4.123713
9.275615
5.217640
-6.158724
2.936153
-1.140108
1.920584
4.014860
2.425307
10.501347
2.633124
-7.604419
-3.842418
4.483099
1.561200
1.952651
-2.355343
0.947530
1.629225
4.798334
4.989370
6.311386
1.771992
-1.804107
6.753543
-14.986897
-3.328858
-7.630905
-7.673463
1.939904
-3.471560
-1.301070
-0.170181
0.857970
-7.142007
-6.399608
-6.276779
4.465229
-5.713617
6.075668
8.850734
0.970837
5.978869
-2.282644
-5.841710
3.386657
3.910540
-0.184573
-9.236086
-1.654512
5.065218
3.947834
-4.589983
-6.062344
-2.315105
6.411479
-7.788500
1.979414
0.233961
7.353487
-7.436981
1.785844
-0.725116
-3.383292
0.188124
1.217819
7.911679
-5.965601
5.379247
-9.571006
-8.021583
-12.700316
-3.674248
9.232259
4.912970
-0.148131
6.635386
-9.437719
12.004340
4.235518
-4.569196
-7.168682
8.620411
5.930314
-8.825390
1.406021
2.651798
-5.546183
3.392506
4.376472
4.907687
0.400794
-3.126803
3.205007
-0.626373
-1.946200
10.245479
8.254566
1.778346
14.038040
4.842237
11.083790
1.174128
-9.473087
5.894826
5.564175
-3.892549
1.957388
-2.165154
-2.714686
-1.371642
-4.717762
1.394049
-8.269464
8.001519
-4.603331
9.920608
-2.002717
8.327607
-4.428622
-1.301714
3.823076
-3.992198
-1.033746
-7.121043
-5.680154
6.267601
2.926575
0.559581
-5.715397
-1.512132
0.481877
1.958774
-13.960504
-2.252281
-9.188304
7.526743
-4.754741
-6.278934
-1.541214
19.824993
-9.575809
4.831244
6.040811
5.185698
2.476634
2.475290
4.039989
-5.327423
-4.752673
-5.263988
10.625844
-4.221534
-6.540126
-3.927881
-4.009191
-1.447595
6.282471
-0.830119
0.069615
6.528637
-0.635547
2.761710
1.676099
3.134955
3.562132
-6.547172
-0.031757
-0.632966
-3.272150
2.698233
-3.663117
1.073428
-13.623594
-8.605782
2.351543
1.241000
-0.011156
3.843410
5.503356
6.662553
-19.265745
7.815711
7.824517
7.140841
-1.530050
7.797438
-1.541353
15.120135
-10.033813
-7.689528
0.926192
7.117815
-6.312749
-5.353545
-4.088972
-3.062152
1.876572
12.550920
-3.580317
-10.472656
-1.946525
2.623495
5.653077
-4.385440
0.322657
-5.714361
-3.261281
5.338194
-5.080280
7.493327
4.912482
3.670303
5.545928
-5.532674
4.206568
6.281582
-4.904313
-4.416115
4.117141
0.419688
6.961337
-7.660612
0.034739
-6.525437
3.340003
21.622286
6.258084
-8.313593
-2.424062
-0.023469
-0.670700
1.198410
3.761993
-2.983007
-4.351344
-6.737237
9.418367
3.020849
3.051888
9.042894
1.389201
-1.012276
4.641703
5.922811
-10.216248
-6.154386
1.936307
-8.591247
3.479393
0.719701
0.682626
6.081687
0.683274
0.438987
4.171027
-4.255831
7.420808
6.334684
-4.573771
-5.612840
1.948767
-7.547528
-2.864280
-1.149707
0.632952
-0.811393
3.239726
-6.085367
13.691442
8.910471
-1.151414
0.177277
-3.576217
6.611958
0.292475
-0.814801
-5.306650
-6.881928
-11.965450
-4.392476
-2.424570
-6.168178
-8.903662
-7.341023
-6.928728
0.037481
7.065940
13.975630
-1.182875
0.331388
6.210606
-4.277888
11.859074
-2.740638
-0.326838
9.909617
-8.566381
1.331970
3.783609
5.487309
-3.658375
-4.485509
5.506385
-5.785702
-1.380658
16.893478
-3.672475
2.362380
4.618824
2.588668
-1.468429
1.452007
5.720716
0.611359
-0.675810
-6.990147
10.158708
3.362907
-3.676827
8.553222
1.240459
5.985971
2.399760
-1.824828
-0.939032
-0.870928
-4.239433
-10.185623
-8.465318
-1.057771
-3.306972
-10.611375
-1.929194
6.119334
3.511653
2.377306
-0.658054
-0.537841
-1.579920
-11.124018
-1.579046
3.195048
-3.937583
-1.662870
10.159629
5.478851
-5.619804
-1.420245
-1.590720
-5.523255
6.058895
-3.876849
-3.624246
-9.222501
-0.632655
-2.750039
3.052257
5.830474
-6.684341
4.528726
-6.505600
-5.244614
5.278148
-7.358527
0.978431
-13.927044
-0.907202
1.676852
-3.627363
-2.936462
3.202312
-0.013521
-9.611931
3.497802
-1.336071
4.887598
-2.791763
-5.768645
3.642738
-11.079527
3.105884
-2.355230
-3.043782
-4.825788
-1.016699
-4.848874
-5.785225
2.468963
3.568097
-0.797792
-1.264006
-0.996833
-7.229347
-2.762262
3.446830
0.995565
-4.547950
9.097985
4.200178
3.859407
3.883345
-1.932018
1.042189
-3.239423
1.967895
-0.100205
-0.978945
-6.707889
-1.239382
0.085620
1.757107
5.456685
2.740252
14.108437
-1.666680
-0.829737
0.196101
-2.075245
-3.586617
0.663022
-2.402697
5.987213
-6.127280
-3.750487
-5.542068
-1.985325
-0.058296
7.650401
0.412271
0.236116
-8.081028
4.708157
2.818209
1.061373
-5.571742
-4.020522
2.760528
-3.406650
5.633623
-3.918831
-0.638272
-5.473370
1.490449
-4.304597
-1.431141
3.577073
-0.804316
0.367930
3.236055
6.069484
-1.266579
-8.725353
-7.749026
11.759724
7.675157
-6.156995
5.091682
-10.315158
-2.978564
4.517559
-8.794147
-10.931087
5.976756
1.904966
7.604815
-9.603643
-0.484676
-1.400689
1.369094
-13.416740
1.769909
9.406758
2.765973
-4.748293
-3.483130
8.023490
9.275187
-8.450307
-0.277930
-4.024862
2.248215
-7.467410
-3.096573
12.049705
-2.900619
4.604404
-3.368057
8.735175
0.055585
-1.950635
4.457853
-2.597807
1.515352
12.005604
-9.991501
3.185738
-2.144622
-3.807243
-5.519802
-9.133555
8.658771
-2.412272
-2.439828
-3.919117
-0.257047
-10.825985
5.570459
5.762958
-2.802402
11.131494
-3.909804
-5.844147
2.507024
9.215095
-2.257086
-1.228393
9.831696
-4.864658
-10.385450
-1.967015
0.046620
7.230191
0.809315
-10.560378
4.460355
-1.275736
3.708573
-2.412569
3.770599
-0.478615
-3.502660
0.959131
-5.822792
-1.523849
5.852506
3.814056
8.435760
5.314910
-2.750463
-5.582755
-5.505365
2.699281
3.526521
-8.164412
-3.582755
0.576372
6.159120
1.303047
-2.131964
7.835242
-0.927968
10.044716
3.343764
-11.083320
-3.769036
-1.629100
-9.579874
-3.927712
7.659231
-5.925597
-3.339559
-0.312749
-5.961573
3.805845
15.714783
-5.441864
0.678020
-1.093361
-9.025780
-3.196260
2.267035
2.008071
13.243762
-5.670977
-4.524075
7.504200
-10.036408
0.050137
1.159773
4.125346
13.260216
6.231758
-15.867908
0.116877
-4.678788
0.750958
4.125291
-1.242035
1.381681
-1.608656
-8.019909
1.048133
4.179557
-1.221872
7.140174
5.179898
-3.947916
-0.700134
-1.005272
1.636299
5.966007
-0.146635
5.261789
2.957883
5.384845
4.021701
-10.835864
0.506950
5.868467
3.145602
-3.257258
-7.379541
5.132789
4.731396
2.559882
-1.338100
-5.940468
4.579231
1.486518
-0.177315
-0.137698
-4.826278
1.970384
2.668739
1.543532
6.584875
-2.975092
0.734470
-0.715555
-5.431890
-6.357536
7.211732
-3.877986
-0.256417
5.120470
10.272413
-2.497549
5.463385
-5.287325
-7.019840
-5.754950
0.261028
-3.482168
-8.572025
-0.307228
-2.385559
0.737115
-2.801214
-9.071844
-1.124606
3.204732
3.223929
-11.309134
-13.020459
7.279405
-3.542528
1.597398
-3.022775
1.532194
1.762010
2.839685
2.410157
-4.178810
-1.870579
2.009100
-1.106831
13.377628
0.205225
3.948401
-0.044512
1.149925
0.358121
5.777463
2.438170
-2.008691
-2.630608
-3.365180
-3.117992
5.112413
1.076873
0.807234
3.452878
-8.539333
7.566214
-0.213846
-4.678450
1.001999
-0.758637
-3.717837
0.719397
2.864017
8.041066
-0.078278
5.304954
-0.597376
5.171747
-2.443967
-0.469500
6.114999
-2.490528
1.265015
0.842723
-7.253101
-10.501985
7.393857
1.294096
0.555154
-0.577490
-0.198620
-3.673377
-0.118467
-0.389062
-2.049815
0.325076
-6.942525
-2.481814
3.276696
-5.777863
1.305447
0.367483
-7.213455
3.464332
-3.668875
12.234509
-6.128088
14.231202
-7.780989
9.204988
-5.053797
0.582347
4.598120
4.290229
0.670822
2.276779
9.610333
-6.461041
5.550482
3.121721
-5.919636
3.692694
-8.125169
-3.151997
-11.602352
4.746481
5.407361
-6.419151
7.263394
-5.927315
-13.130817
2.753251
-5.289555
7.815506
8.488408
-8.891695
7.756721
-5.488648
-6.318707
-5.840321
-10.383186
-10.120501
-5.150168
6.118217
-10.444773
2.334416
2.696703
7.706897
7.859066
-4.438352
-3.373250
3.176640
3.592469
6.258499
-0.683095
-4.694623
8.688856
4.294349
-13.903203
-5.265823
-0.731432
-5.409310
-4.649148
0.499866
6.416268
-7.270091
-0.229192
7.959710
-4.512777
-9.666032
-7.714142
-0.525526
1.548759
1.642261
10.243298
-5.456982
3.286060
-2.843503
1.705194
-4.297204
4.212386
-8.891286
7.789997
14.968507
4.832772
-5.022363
8.493134
6.555767
4.853855
9.392248
2.436757
-3.738427
-4.382044
-1.522760
-0.472147
0.257857
-1.854210
6.461044
-3.409063
-3.304747
-5.828975
5.504237
-3.718042
0.110794
1.621070
-0.548781
-8.927477
2.534930
-0.589991
4.266144
-2.535424
4.356245
-6.139006
3.085403
-0.519081
9.031706
5.822209
-5.056677
1.937761
2.409698
-9.558480
6.880638
4.761601
4.451989
2.957193
9.992869
8.255877
-10.011769
-9.209846
5.981404
1.262119
1.630539
7.105116
7.144747
1.438194
-12.653882
-6.731124
2.180963
4.339564
-0.003272
-9.761176
4.243698
-6.659456
0.347661
7.590418
-3.515864
-5.740569
4.241022
-5.137919
7.565163
6.204304
-7.962213
4.540001
1.895705
-2.524229
-0.710217
7.253906
8.267620
3.626166
1.079139
0.575120
-2.431476
1.999096
-8.197045
-8.361926
-6.168040
2.674539
4.200503
0.597339
-5.847646
-1.872383
-1.485257
-3.944759
9.024594
1.293574
2.245678
1.366728
-2.028600
-0.449234
8.417349
2.534192
10.174798
-0.085738
4.750309
-7.265997
6.720897
-8.021272
-0.054057
1.814273
-6.610139
-7.184178
0.694806
-6.931087
-4.121201
-0.598834
2.976007
-0.772157
-3.440085
1.188299
-2.536085
-6.033729
13.060934
-4.003222
-0.226856
1.566786
-0.998597
6.541835
4.965215
-7.538147
-5.928382
1.060226
-7.719450
-1.408385
10.305081
1.359332
-12.860995
0.732230
1.987677
-5.779061
7.685948
-6.341738
3.125337
-1.901909
0.798761
0.191081
-5.262898
1.299068
-0.903909
-1.070344
6.299784
11.530529
1.204758
-8.737989
4.556807
-4.435101
-3.923454
-5.016033
3.946518
8.870757
-5.377458
-7.518472
4.621599
-0.039316
-3.395534
-0.577460
-1.396144
12.990153
-0.025292
-6.410673
0.767935
-10.255860
-0.540375
1.173994
-1.986314
5.753193
-7.125309
7.463820
-4.525680
2.592020
3.594400
6.817386
-1.952102
-5.876071
-1.308708
1.616577
-0.861407
10.804086
-1.285551
-5.888130
-1.438977
2.495575
-0.397323
2.682266
-1.912334
4.513561
-14.251184
4.662409
-2.005956
-0.298010
4.662654
-6.280621
3.492909
-5.304558
1.411617
-1.435684
2.093032
-0.174652
-5.306949
7.901979
-2.812388
5.551362
6.298397
-3.017788
0.477534
9.033467
-3.991798
-4.193208
-5.395406
2.887197
7.661052
-2.855673
0.723516
-3.540130
0.474071
6.117910
-2.829134
-0.637540
3.380342
-2.469296
-4.261735
-7.589466
1.354139
-5.147008
-3.749363
-1.103832
3.470316
2.221384
5.037597
-8.949359
-4.944600
-3.876536
-11.281421
6.909688
-7.637355
-6.451542
-4.436321
0.137126
4.359737
6.452343
-0.182330
7.993169
10.297539
3.487835
-3.524554
2.317120
-4.377026
-3.534041
3.516390
-1.387737
-8.041950
10.133525
-7.885010
-10.139802
-9.232703
4.066730
-0.132611
7.806680
-4.207724
7.480007
-7.049310
2.746511
4.409520
-1.344230
-3.509643
3.343849
-2.175527
7.107687
2.947138
-8.713537
-1.104488
1.945861
4.800099
-5.248264
2.143732
0.783155
-15.410770
2.657749
-8.887351
-0.375695
3.875139
3.906621
-7.200371
-0.528778
-7.188958
-12.323153
5.401364
1.460827
4.172669
3.353317
-6.300739
6.953098
3.894776
-5.876377
-5.091167
4.676292
0.908254
-2.668081
-8.470942
-3.923028
-5.267364
1.544455
2.590524
-12.304507
-6.088541
5.937293
-2.177348
1.202898
-5.750080
3.307295
-5.218112
4.417857
6.433554
7.927246
-1.178585
9.609459
-6.359056
0.202489
2.167311
1.114894
0.417558
5.324760
-5.993253
1.774219
8.625595
3.506898
-10.283084
9.397204
-9.076460
4.735427
-5.166917
-7.245317
-5.761530
-6.547186
-8.994596
-3.779874
-2.573534
6.345489
5.891673
1.141788
-3.617355
-5.879939
-2.816306
-4.132709
-8.111286
-9.083433
-1.353454
-8.919969
-5.448383
-5.376520
-11.325841
-2.093434
-13.333375
9.687364
3.567760
-2.504140
0.341851
-0.417134
1.870810
1.913166
-5.075342
-3.822940
-11.225923
-5.029383
-5.914519
-5.261491
-6.388908
5.509564
9.299602
-16.923668
-9.961734
1.857911
-9.251491
-5.283333
4.406637
3.185629
-4.158931
12.477007
10.227507
2.280286
-1.651959
3.974294
-1.448067
-0.431880
1.780915
2.870366
8.351708
-10.321218
3.744659
6.249421
6.909838
3.573073
-9.375031
-5.559383
-4.988465
-2.550068
-7.635905
-12.744386
5.283845
-6.960034
-4.221123
-0.631313
2.921225
8.502080
-4.020768
1.197930
2.705229
-1.504727
9.171830
-7.184342
-6.564906
3.712416
4.006128
-6.580722
7.476831
-1.838810
-5.859487
9.407853
4.011870
5.724884
5.956548
-4.476719
2.305923
-6.148568
8.706738
-6.656608
0.643091
4.618978
-0.571603
-5.422872
-2.630217
-4.411345
2.679169
-8.014056
-13.321467
-2.293232
-3.954062
-10.068491
-12.082287
0.193919
1.226381
-3.553201
-2.756289
3.273552
5.610893
-5.244681
-4.652696
-5.990703
-2.081595
1.584245
-2.473922
2.083834
0.888402
9.102802
-8.206177
5.714042
-10.878110
-5.990168
13.770317
4.914479
-2.518616
-7.836897
-2.223137
3.051990
5.358912
1.770256
-0.358037
0.167682
1.144413
-3.236014
-3.285404
4.051829
-9.440405
0.976427
4.213878
-3.217152
-6.576498
-5.383961
-0.913147
0.632940
-9.098950
-3.400991
3.519929
-1.210949
-8.631561
0.158083
-5.515166
-1.859936
-3.276177
-8.107575
-3.053047
-2.359994
9.492785
-0.463854
-1.179512
1.783750
-3.128628
0.592471
1.082523
4.705457
-3.267515
-2.611111
7.536377
3.058937
-1.395526
-5.133720
-0.628401
-5.809060
-2.565120
4.700975
0.886864
-0.017715
-9.005853
8.412436
6.881555
0.013580
-2.057357
-0.113949
-1.504567
1.663706
4.936916
6.731229
-13.549217
7.308453
-9.535588
7.044323
-0.070614
-0.055982
-11.866478
0.210328
-2.852696
9.862675
-7.583656
3.053075
6.672298
4.738167
-8.006568
-4.446519
8.219194
-5.491961
-2.472184
-6.857576
1.650611
-1.659264
1.633286
-13.734199
-1.034862
-7.723580
3.412585
-5.132212
4.904829
-0.549398
2.648529
4.239885
-2.665422
3.527709
-1.836982
-8.644684
-5.302040
-0.465082
8.430689
-3.206336
-0.652356
-5.558134
0.388825
-7.158095
-4.581790
-4.575979
-9.041354
9.346867
-3.131753
-3.218432
0.030836
-4.181196
-1.556431
-8.774889
-2.473760
-2.312673
-11.736299
-5.716534
-2.277456
6.043516
-6.446183
1.406505
-4.792982
-6.125126
-0.048553
-3.730650
-12.525207
-7.478122
-0.380351
-5.670967
8.679327
-4.482911
-4.843558
8.258608
-0.695360
5.107580
2.253534
4.080320
3.943708
-6.147084
4.365888
-2.901992
-1.128267
-11.525473
-11.408221
-6.319608
2.121144
-8.791413
2.688584
-0.841586
-2.732201
6.852764
-7.733524
-7.360434
-10.079379
1.451080
-4.201217
8.365650
1.778226
5.882860
-11.189920
2.364863
6.335102
-9.441423
-1.203730
3.052468
6.752517
1.303986
-1.344863
-2.143670
-3.732978
-1.218393
-4.711293
4.185952
-3.048274
7.139855
-5.508149
-3.680552
-0.928097
0.269215
7.851095
-14.982928
-1.899568
1.766129
-7.978845
-1.370085
-10.149083
-3.744606
-2.334129
-11.107702
4.153754
1.800471
6.540769
1.146077
0.249762
-6.137984
-4.130892
5.604345
-7.975974
4.448038
-7.222388
-5.797280
1.583008
-2.038627
6.818450
9.805163
-3.133487
-9.983012
-4.670505
-0.578742
7.871762
-3.194098
-6.433125
0.739895
-6.370695
-5.083739
4.729990
-8.016076
6.675672
-10.079636
7.935659
0.877068
10.645683
-1.995386
6.726713
1.961800
-1.791222
2.356148
1.806184
3.391491
-4.811231
-0.715501
1.234600
4.615922
2.661333
0.852150
0.950161
-3.085971
9.765412
-1.679789
6.858564
-2.420223
3.618818
3.916044
-7.484331
3.248935
1.999083
3.422362
4.165424
3.349324
-2.099676
0.125039
5.998363
-1.502082
3.324180
-7.887521
8.248805
-0.237618
-10.223527
4.406324
-4.486874
3.113521
1.614640
-6.181122
-1.996883
6.105278
-3.460617
7.034875
-5.254134
-5.521369
3.410529
-7.469542
-3.685733
-1.333713
11.122317
-3.859315
1.957396
0.053544
-3.253538
-4.509064
9.325936
1.794567
-5.240395
2.085106
0.276536
-10.933042
-1.530136
-3.759341
-1.433744
-0.161664
-4.536584
4.918540
1.421466
8.976576
-5.979626
0.670340
9.978167
-8.875424
-7.373414
-7.517879
9.841671
-1.116706
3.615733
4.731603
-3.739174
-0.570551
7.234644
-2.742506
-4.222504
7.670722
-7.133318
14.022743
2.908620
9.160192
0.808271
-0.438883
1.833642
-5.911852
3.487032
0.831272
-12.299520
12.307869
4.937400
0.293154
6.735104
0.194044
6.625303
5.513671
-6.524399
7.210564
4.940639
4.466615
7.971048
-2.778304
3.829455
4.378398
-12.524279
-7.085807
0.607850
-9.422747
1.852275
8.661396
8.818110
11.419449
-5.383207
-3.030698
2.087106
3.932184
-9.748946
7.074808
-8.119383
-7.521875
-9.567059
6.460449
8.130302
-0.400333
-2.173836
-0.968309
-4.440811
-5.824973
8.738447
0.085750
-5.496469
-2.074935
-4.632124
5.570582
0.762628
13.337653
-5.788518
4.340275
-3.037406
-8.367309
-5.286409
-6.597623
2.543121
7.736348
5.780745
2.499131
6.138719
4.357409
-5.089905
-9.674824
0.493355
-3.430696
1.448728
3.726103
-0.249565
0.637198
2.910233
0.964126
-13.260885
-2.103325
-3.365367
4.009594
0.549262
3.288732
-9.864314
5.514510
4.602252
2.122462
-8.032159
2.422042
-8.468935
-7.133282
2.034207
-5.291551
-5.000227
5.791632
-2.559742
1.198176
-4.388391
-7.463723
7.842331
1.820597
-5.546286
-3.804222
-12.078763
-0.184589
2.735242
4.863486
-1.787796
3.255666
5.792158
-3.424919
3.319200
-7.377167
8.221215
-4.609847
-8.365393
-5.645841
10.531848
-3.454099
0.567808
-11.336202
-11.546405
-5.313591
-12.721296
-2.967824
0.396039
-17.795090
0.898642
-1.414172
5.158172
6.471240
-9.649496
-6.749916
-4.469315
0.048120
-3.557882
-2.125132
1.538207
-4.717145
-2.660154
-16.215040
-5.757919
-8.290053
9.701458
4.872663
-6.153174
3.455980
3.645061
-6.602377
7.616480
-4.786342
1.031446
-5.465515
5.622495
-11.435554
-0.040275
-6.572080
-9.002019
0.094562
-0.078462
7.973767
3.173914
3.287088
10.982300
6.001102
-5.645436
8.113328
-5.727977
-2.353272
4.165078
9.175922
-2.893756
6.539289
2.072629
0.525720
-10.800259
3.956449
6.237168
2.073302
-6.818485
-5.364962
-2.812271
8.167292
-3.100416
-4.227699
-7.664475
-3.855228
-0.435984
7.105024
-0.022112
9.680369
-6.025808
7.080961
7.154958
-0.701898
-2.725882
-1.475197
-1.889895
-8.095918
-2.007987
8.125711
14.617878
-2.630066
8.105303
-0.193703
13.899219
-0.792710
4.704628
-7.117909
-4.159822
-4.162991
11.198283
2.805669
-6.202221
4.324293
1.067706
-1.694578
6.530404
1.055128
-5.090718
10.536358
-3.051986
2.347797
5.191669
5.912204
-12.096901
-0.472016
-3.234437
0.790878
-6.281865
-6.436175
-2.955081
-6.993031
-5.224274
-5.698990
2.725812
2.570872
0.283769
-3.066455
6.374593
-0.259545
8.743125
0.967479
-8.177958
-12.715705
7.708279
-2.861165
3.311797
-5.404472
-3.932173
1.794065
7.228160
-9.990306
-0.649013
4.320171
-0.146711
10.928473
-5.641034
2.648604
6.447967
-8.563349
4.494588
0.272911
-7.645847
-1.172446
-1.496529
1.973089
7.613825
-1.821279
3.635335
-4.676848
-11.673518
0.769356
-5.081754
-0.278772
-1.849659
-2.416633
-3.885900
1.580537
2.363004
-1.633764
-0.820429
1.554694
-5.305201
5.652025
11.392768
2.481219
-11.155644
8.709814
-2.436152
1.929461
-5.711412
5.687419
4.274073
-1.682069
3.202281
-0.924532
1.880432
-9.354798
1.454956
3.911228
7.529167
-0.407104
0.108116
-2.632796
3.748910
-1.388227
-8.809369
7.657552
-8.528498
7.521041
-5.229294
7.935574
-6.381675
2.026345
-4.546040
-3.090960
4.260958
9.658973
8.844543
-7.596153
4.384335
-1.898065
-1.830155
-3.567969
-1.354955
-9.315142
-10.234134
6.277633
9.085170
-0.471459
-10.381391
-0.371423
13.217290
-13.033228
-0.573445
0.450557
4.436159
-4.378014
-4.750437
6.311265
-4.710602
2.228323
2.568717
3.360873
-3.803047
4.372929
-5.021777
-0.836283
-0.804739
-4.289438
-2.381267
1.547895
-6.327020
-4.704100
0.890606
2.039023
-4.100415
9.092785
-0.639118
2.430055
1.338903
9.759726
-4.805449
3.605976
-3.147374
3.684501
-10.161922
6.882114
9.487987
-0.241745
2.131733
8.118353
3.672219
2.679094
-10.187248
1.760920
-6.681653
-1.676642
7.765433
-5.596143
-5.869873
-7.816634
6.980158
-1.797073
-5.909043
2.876427
2.504229
-0.341696
-4.380059
3.172546
-2.652855
5.623633
6.585545
6.583069
-5.365908
-8.956717
13.193328
0.904699
1.309470
-0.786849
-5.433383
-2.316719
1.394732
4.022843
-4.241912
0.530672
3.680982
3.812055
-8.602639
-0.269053
1.938927
0.012821
4.727123
-1.313582
7.652578
-0.341986
1.913445
1.064712
4.275490
-5.645323
3.102394
0.459364
0.639240
1.211511
-11.242205
1.862203
-11.674596
-12.360865
2.386477
-8.909452
-5.278733
-0.727973
4.372535
3.303952
5.161718
9.893769
-14.156310
-3.877388
2.319710
1.532209
-6.536392
-0.359619
6.009055
-5.965732
-5.569653
-6.203809
-1.546362
0.964457
-4.642596
8.541123
6.893700
-4.169862
3.154254
2.582934
-2.885209
5.768891
1.410362
-0.713559
-2.233650
7.648255
-0.615869
1.934995
-5.608089
-5.460774
-0.407529
1.681286
-8.388555
0.110893
-5.809783
-1.711058
-1.545723
-3.016972
-5.675731
0.028019
1.586738
2.170666
-6.229596
-4.431764
1.899089
7.811001
6.766542
-5.557200
-7.387229
-1.406044
3.260621
-0.285496
4.027274
-1.256565
-5.347508
-2.903218
0.008389
-0.919244
-1.744023
-6.915837
1.142573
-1.668626
-0.324267
1.598025
-0.509115
-4.591830
1.076236
3.591983
-10.704926
-3.355627
-3.331624
7.068739
-10.626719
-5.200594
-1.694287
-3.771788
-8.012997
4.501462
7.654563
10.105883
5.608261
2.005338
-2.903191
-18.779892
2.852400
-2.376294
-8.504492
2.241202
-0.921110
-13.307159
-2.664782
-7.796592
6.315629
4.041447
-5.766975
-5.840155
4.022529
5.437933
-3.511369
-7.899154
-5.459250
-8.783738
9.481634
0.988878
5.146123
4.497203
-5.239645
3.645899
2.169692
-6.178507
3.302025
0.519512
2.132078
3.282397
-3.815507
-3.342851
0.855848
-3.893508
7.609886
-7.369467
-9.998190
8.828156
5.083094
-6.530203
3.791979
5.367951
-8.472193
2.180313
13.464758
0.820438
3.097582
-1.347376
-6.057761
1.012304
4.337255
-2.562820
0.229505
4.332715
1.848068
4.010082
-13.040451
0.356487
2.503139
-3.631455
-7.461065
3.062776
-4.082500
-3.868236
-0.239628
8.038273
1.462021
0.875924
-0.406158
8.994093
2.509541
8.735910
3.075507
-6.818373
3.780107
4.867197
4.837552
5.742531
-8.676197
-12.450795
-3.348205
6.969511
6.113026
-10.837175
-2.908464
7.420736
5.415823
-0.452455
-15.002042
1.416857
1.051743
3.064154
-3.642148
5.628139
0.253718
-5.175074
-7.771448
4.409551
-0.105213
3.108792
1.922690
-12.462646
0.033487
-1.143575
-1.519173
4.018504
3.840648
7.231190
-8.996740
-2.591080
-9.301699
0.263951
-7.929611
1.970109
-10.598544
-11.735323
3.621243
1.849409
-0.885639
-5.032269
-4.337784
6.533387
2.404787
-11.503955
-2.924726
8.138957
2.711494
-0.154255
2.744135
-7.714815
3.007269
3.358745
4.870327
-2.895762
-1.365056
-0.938540
-7.692007
6.020929
3.655236
-1.615964
7.137166
-4.632385
-4.733884
2.519946
7.470654
1.265500
6.681010
6.896183
-2.799541
2.310207
5.208130
-5.674470
-3.826767
-5.859828
-4.294889
-0.326448
-6.129264
2.231019
-2.450461
4.406856
-0.828786
0.187522
6.654174
0.842349
-2.895796
-3.184217
1.826571
5.864336
-0.763468
4.076939
1.780924
-5.032364
5.706334
8.962210
-7.798858
-4.604839
-8.393752
-5.307140
10.319459
-0.581944
-2.559233
5.687631
-4.495643
3.068703
-3.505250
-3.618379
-6.181251
-4.160899
3.436133
11.468550
3.082622
9.509087
1.598962
5.243453
-2.382064
-0.948973
3.577441
19.133474
-9.449499
0.439275
-2.820524
6.880183
-3.767192
-8.153074
10.862578
-3.126435
-7.096474
8.554057
8.355090
-4.518567
0.530382
2.578827
6.001202
1.758903
6.608600
5.966743
2.431527
9.669693
6.679472
3.902804
5.605058
-6.211898
6.958642
-7.946657
-2.678051
2.302632
6.153983
-7.960195
-5.702469
-3.200331
-1.232159
0.143250
11.296381
-3.154168
1.310696
-3.244707
8.872968
-5.977309
-5.283350
-5.809765
8.020057
12.334840
3.706514
6.266574
1.061536
-2.093709
1.197315
-1.322157
1.355821
9.862554
-6.154182
3.642040
-0.233532
3.887242
-6.149546
8.640919
2.217629
-3.691605
1.963501
-3.909822
5.335111
8.623874
-3.580401
-4.745615
-0.220073
3.362643
5.861857
-2.156898
-0.881911
-2.333339
3.120923
-11.861256
3.128710
4.133558
-0.881469
1.495741
4.352547
-3.968323
-15.385029
-8.241526
-18.123802
-10.759252
-5.620640
6.054974
-3.621807
2.654160
-0.602829
-1.093242
-8.371808
-0.092199
9.386512
-2.891923
-4.494227
14.423104
1.973060
0.269020
-12.326902
-0.054989
-10.064420
-2.215196
-13.819049
9.777753
15.003677
8.480848
-4.831798
1.510932
2.305177
-14.654864
2.475224
5.689415
-4.958738
3.257658
-2.364806
-8.342498
0.021069
11.679911
8.420345
4.569577
5.921065
-5.499170
-6.446771
-8.770454
-2.157624
6.493070
5.334242
-1.626764
0.318100
4.007961
-12.474748
4.232553
8.118425
-2.090809
-6.189692
-2.509357
5.751756
-11.689034
-4.848341
1.453760
1.738151
0.936849
2.663189
-5.961496
5.444513
-15.035275
4.259475
-2.685193
-6.499508
-0.517420
3.384513
5.108905
0.906460
0.037809
-7.204876
-5.312723
-5.391838
1.597482
5.963669
-3.183903
9.137696
-9.822925
-4.137108
0.729973
-4.542638
1.325950
1.607988
-8.680001
6.122263
1.737922
-4.665332
12.214124
3.694991
-5.046129
-7.773991
2.898780
6.784750
-3.300971
-9.576890
-3.034602
-1.302391
-1.006474
0.373754
1.590546
7.169611
-3.619055
-3.844530
7.487464
5.383173
-0.451940
1.209513
-19.087662
4.056273
-9.940997
-4.337225
4.958960
1.130226
-3.889503
-9.793745
-2.475780
-8.446242
-4.745363
-3.132718
-4.801150
2.884859
5.799680
-1.652951
1.941508
0.608404
-6.470127
0.389496
-11.281380
-0.232842
0.664891
-3.738064
4.758175
2.031495
6.688019
-1.057745
-3.840667
-7.322123
-3.229434
0.298230
0.462049
3.565321
2.296847
-5.485242
-3.372431
5.579268
-1.553799
-4.768225
1.230931
-3.921435
-0.324401
-3.924359
-4.403299
-9.405150
2.784400
8.987574
-0.067437
-0.032956
2.892373
-0.586610
-1.100785
8.315421
3.493005
4.736216
6.443048
9.916874
-7.375820
-3.540320
2.157070
-3.230689
1.043653
2.387787
-9.240292
-1.327966
-3.942641
-8.788192
-1.396391
-1.710142
1.927440
-0.873051
7.602689
-14.417794
4.715100
-6.330784
-8.603916
-2.760897
5.000985
7.825165
-11.724014
1.035332
6.277061
-9.212996
1.048828
-6.093758
-3.118445
-7.333577
-2.975013
-1.670327
0.222021
1.365404
-4.999043
-2.445322
3.995777
-13.605426
-6.223615
-0.740386
-3.161234
-1.580455
3.421831
-4.073062
-7.935350
-10.987731
1.575980
-11.482902
-1.868737
0.157303
-6.351271
-3.077173
5.680473
-4.127410
-5.747016
-2.105886
4.656021
4.068386
-7.777265
-6.648577
1.668557
-1.917909
-4.479218
3.275883
4.049738
2.112772
-1.250728
5.341134
-6.852185
3.691668
1.012094
-6.643184
-2.229389
13.534628
-0.037646
-7.550523
0.977375
3.907938
9.217786
-3.202104
-8.006913
-6.119349
-3.398247
-11.274525
-1.331994
-4.399478
2.346064
-2.687811
6.158388
-0.852662
10.555975
9.024297
3.704417
5.911001
0.155558
2.517827
6.222647
-0.703039
10.213461
-7.272304
5.828747
-4.448964
0.269453
3.348977
7.090918
7.775353
10.999864
-0.077968
-4.383548
-1.890648
0.101003
0.381564
4.062345
7.303450
-6.693689
-7.018954
3.947408
-4.248528
3.963583
7.302295
-8.029579
6.376586
-5.189374
1.014113
3.312808
-5.845667
11.365547
1.108187
11.748049
4.745788
-7.658566
3.226238
8.245197
8.855170
4.906684
-6.288647
-5.856029
6.780185
-5.823660
10.129881
7.145234
9.195464
-6.367424
-3.246082
6.639175
4.279247
-5.069239
-5.679219
-13.402065
3.299212
-2.444650
-4.415183
-4.394363
-1.978743
-5.749527
2.157948
-4.004025
-4.111291
-3.544199
-0.018931
-7.155862
3.712061
4.262502
8.773944
10.411435
-1.399401
0.805181
-4.455626
-2.764230
-9.123231
-3.238413
0.464696
0.044456
16.449123
-1.677516
-0.187343
8.513300
-5.280726
-8.075072
3.598121
-4.090515
-8.351954
2.349258
6.869863
7.300077
4.893349
5.507725
-8.358636
-3.533258
-6.300035
0.082315
-1.914264
1.787306
0.088443
-3.024570
-0.444527
-4.167011
6.920296
-4.077261
-5.393993
-2.406519
2.698548
5.786355
8.538319
-0.784448
3.703888
0.175564
1.382193
5.244967
9.562924
1.679797
4.621061
3.078089
-3.495374
10.636496
-5.528392
6.705599
-9.737235
-2.204024
9.231153
-5.259223
-5.629786
2.233454
7.258713
1.595461
3.610136
8.183081
5.756448
-0.701068
-8.527786
-2.202147
4.899826
-5.126300
-4.350590
3.560940
-2.224845
-0.420983
-0.583498
-11.607254
5.801427
10.345300
1.024694
-3.361285
-13.690543
-12.315779
-2.623330
8.245770
0.218893
2.983938
3.384616
2.896754
3.423704
-7.594997
1.842418
-5.417566
-7.466193
6.967747
0.496481
-4.421530
-7.808716
-2.946860
-2.675674
-2.882093
-6.511847
5.177091
8.177876
-2.787037
0.254577
-1.667257
0.841246
0.100151
-4.316950
12.176455
-7.402838
-2.748725
5.019420
-1.364051
-5.860043
6.067316
-6.759799
-1.155850
5.772221
-7.545888
-5.015584
-0.287022
5.332400
-4.940149
7.135215
1.893780
16.407551
-0.863679
8.351761
6.414939
-3.367314
-4.149104
-12.919811
0.315037
5.024455
5.783594
-3.018023
-5.804371
-7.462713
-5.285461
0.895785
-5.269297
-4.456085
-7.148152
0.871779
1.135697
2.431872
5.588274
1.956225
11.154866
1.179541
0.259295
-7.844857
5.133200
4.441878
-1.041802
-8.894357
11.070632
0.323333
4.341412
4.076421
4.088229
2.182241
-8.095089
7.380102
1.832910
5.218028
-3.540856
2.186669
1.789075
3.549700
4.049948
-1.936225
0.520558
1.453839
-7.098009
-1.773888
7.799302
-0.043255
5.287303
1.542350
-3.620830
-9.492587
0.768955
2.467208
-0.872013
0.447250
-10.768085
-2.849116
-3.003390
2.473675
3.645342
2.272449
-10.831553
11.548735
-0.701697
-3.304007
-3.248745
-5.033982
-2.199374
-3.643200
3.050409
3.193411
-4.532939
2.024907
2.290589
-4.437628
-0.191649
5.893555
-3.345719
2.891460
7.717092
5.478090
4.402135
6.140340
4.708494
-4.711011
-2.497790
-1.404936
-5.589940
-7.997187
5.365507
-7.222344
-0.360033
-0.015501
-3.602668
6.003124
-4.680000
-4.519598
1.954958
-2.464766
4.158327
0.914935
0.036961
-4.942190
0.649282
-0.905475
20.098373
11.628958
6.708860
-3.266007
3.748650
2.105334
3.842943
2.947891
-14.844531
4.256620
-2.113071
-10.452758
3.869949
-5.147327
2.181027
3.259463
-3.051867
0.416689
-5.140132
-5.192356
0.043959
7.779176
-4.167733
-0.722411
-0.415910
-0.480316
-3.307003
8.277601
-6.476990
-8.459751
3.945781
7.441984
4.141385
-7.383787
0.583971
1.721233
7.699032
-6.945787
-3.360752
-0.738085
6.421528
9.756681
-6.882423
11.160091
5.509945
3.422211
-7.287523
6.492531
-0.589093
3.716457
-2.041822
4.098553
-5.603094
-3.817302
6.424947
2.580834
1.970403
-3.383239
6.798303
-2.718610
3.572581
-3.607759
0.440564
5.270695
-1.073444
2.921112
4.878606
-7.728378
-4.815065
2.834705
-0.778497
1.911546
-5.463952
-0.335903
-7.056176
2.082002
-5.808940
8.113678
2.851459
4.041278
-6.195409
-4.690931
5.665444
8.251538
8.541687
1.406720
3.696902
4.554051
7.367566
-2.856383
8.339876
9.411516
2.611793
-6.582071
5.031283
1.110147
-5.303916
-8.625868
-6.041135
-1.756961
-0.081355
-1.150776
-7.066359
-3.218623
-1.486625
-7.269418
-7.396402
2.265671
-1.533285
-7.830482
-3.315160
3.492024
-1.376074
5.478657
4.279393
-4.708822
-2.234577
2.402144
5.571039
-2.294241
-2.559753
4.230172
-0.487099
7.985770
-0.700233
4.155383
5.928260
6.340628
-9.178116
2.165111
9.152514
-5.482183
-0.417893
1.435606
8.217566
5.438976
3.547843
4.434417
-1.425498
-3.882479
2.567500
7.580926
-9.151283
-1.218975
0.576880
6.818577
-2.807604
5.802422
-5.744989
3.395181
6.076694
-1.424697
-5.761277
-2.151165
5.621409
-5.655576
-5.769805
3.211098
7.124603
2.489933
-6.148546
2.528792
-4.135137
2.579966
6.935814
0.764451
0.035922
1.569715
5.049325
-6.265024
2.101947
12.457039
-2.690311
-2.172916
-3.407377
-0.688914
-8.701320
3.857538
-0.342747
-2.504063
-2.813599
5.016620
3.450438
1.441758
2.842759
-11.335521
2.298423
5.179657
-2.122610
-1.813096
-2.019816
2.175340
-9.945053
-4.405089
2.309495
1.119932
5.986473
-2.646592
-1.833427
-0.335067
8.171258
-1.117435
-7.912087
2.505828
0.531120
-0.777855
-2.216941
4.344535
0.637129
-0.334571
-3.090745
-0.756977
5.636014
-11.350781
5.837701
1.844653
1.171397
-0.145954
-4.040866
-1.098574
6.415955
1.572648
-9.452645
-4.100698
0.139408
4.283120
-4.356215
3.701915
0.635707
-5.747697
-8.366991
5.055828
-3.480394
-0.370754
1.789922
-7.813664
3.800319
0.094797
-2.101538
0.695562
4.171911
-4.404037
-5.585878
3.083618
-4.557730
-0.261965
-0.668573
5.908458
-4.450305
-4.485320
5.285201
4.525001
-6.919780
8.583383
-2.637181
-4.678612
3.890068
-2.170386
5.072998
2.881427
-7.801070
4.085096
-0.391507
-2.279693
2.274418
-0.084409
-2.737487
-3.141275
-7.449361
3.060160
-2.505098
7.358089
-2.240656
-3.290708
6.308429
8.924939
1.727166
1.196690
5.777457
-5.831173
-7.027483
2.237041
-0.018061
-4.448277
-3.182218
-12.670055
3.064353
-2.087284
-6.848871
-0.662411
-10.933846
8.078931
-4.819391
2.980984
4.109483
0.478097
-4.325280
8.397463
9.827862
-1.822984
-2.485979
-0.331950
2.408447
-4.768026
8.325019
-0.835368
-7.035217
-9.083323
-2.794559
4.769052
17.125275
9.014591
13.405683
-1.064364
8.674762
7.052431
7.943912
4.703756
-7.817728
1.092160
2.520028
8.006968
5.547881
6.136656
-4.738899
4.036304
3.018265
7.330814
7.701168
6.677636
-4.903843
4.351893
3.861549
0.489276
-4.327549
-2.560773
3.093398
5.719008
12.905746
-0.337750
3.519500
0.340570
3.888498
-7.689667
5.829227
7.534919
-8.652937
4.628984
-5.306220
3.171928
5.825366
1.253687
1.144534
0.792519
7.250297
7.092620
-5.555615
-3.431787
1.083770
-3.323832
-9.783435
-9.810623
8.134620
6.417019
-4.365185
-3.933971
-0.893187
-3.453703
5.709495
6.675078
-3.819813
9.598359
0.686895
-5.950489
4.022128
-7.545100
3.544540
10.810460
8.155917
5.996717
-0.549818
4.490907
6.078487
-1.559681
-3.399305
9.383105
9.447043
0.714932
7.476670
-6.296831
-6.425676
11.172550
-11.388992
5.832386
-8.704476
0.804997
-1.079790
-6.496553
-3.012652
5.835270
-4.929581
3.021353
3.990115
7.826049
10.998822
9.381227
4.630010
6.624110
0.809080
-2.166223
-4.295156
-2.092757
2.578290
7.965220
11.519157
10.983231
-3.071095
-9.290723
-0.554987
-3.233527
-2.285887
2.952552
5.813166
-6.028201
4.384244
-0.926931
-3.584193
5.413147
-8.297886
0.686750
-2.053083
-7.900341
-5.993565
-4.786521
2.523383
-0.852110
-0.774541
-5.708538
-4.548691
-3.155692
6.065388
-12.342574
6.837853
8.452504
-3.382499
-3.167196
-2.780371
1.576084
-8.962963
-4.793114
-3.360131
6.698860
2.842949
1.311424
-7.314137
-1.801362
-9.679171
-3.110721
-6.330624
-2.687470
0.695250
-3.474739
6.468378
-0.307116
-3.825377
6.342910
5.247170
10.122325
-0.847482
7.023953
-5.969138
11.780749
-4.100183
5.808707
8.911992
-1.239152
-5.539780
-5.235584
7.625191
10.408923
9.353155
14.052021
5.097217
-10.152934
-5.332013
5.590231
-7.975587
5.345078
4.878380
-8.679234
9.010942
2.886298
1.832686
3.178123
1.276893
8.951262
-1.591499
-3.876961
1.568250
4.012617
-8.601192
0.667362
-4.338019
12.631523
6.230204
-7.740500
5.627510
-7.362124
-0.777967
-4.572357
7.157734
-1.662664
-3.397794
9.008530
3.823113
2.456177
2.055715
5.274752
3.743439
3.567070
-2.505571
2.908431
-9.521846
7.037494
3.332318
-5.753538
-5.670884
-7.507333
-5.350057
1.196374
2.649675
-5.578949
-10.860180
0.270147
-8.213987
-1.815600
-2.020693
-1.599802
4.739461
-0.049752
-3.586772
-8.972737
0.746561
3.497158
-6.462307
-0.068150
12.239417
-4.525237
-0.889468
0.238752
-4.354435
5.565914
-7.116094
-0.718610
-9.465527
2.209944
-0.020337
2.381536
-5.301288
10.611356
3.220869
-1.011733
-2.752669
3.487645
1.393025
-2.443034
3.246795
7.659618
-5.738657
-2.804048
7.893935
-4.762971
8.516955
-6.543564
6.651266
0.363219
-11.186829
5.806046
5.615265
-3.324171
5.083085
-0.512682
-1.282690
5.781666
-0.953781
-3.090564
3.960297
1.143006
2.954204
4.454974
-2.939543
11.174255
-15.854257
-5.395689
-3.039512
-7.848652
-1.844100
-6.691027
6.088054
-4.537887
-7.895751
-5.701818
-1.267180
-7.138704
-2.886468
-7.709731
-3.610066
-6.984562
1.751050
-9.379607
5.413241
9.438606
-14.285071
-1.694981
4.354841
6.859659
6.552678
-4.571891
-0.538552
-5.734320
-4.407375
-5.077350
-2.420714
0.519297
6.043669
8.575566
2.128696
2.579434
-6.086699
-2.025571
-7.213226
4.787358
3.665513
1.151115
-0.596262
9.006249
-0.433642
-5.375982
6.355401
-0.813475
3.280651
3.715111
-0.493850
8.685493
-2.068032
1.438838
-4.678538
6.066589
-3.074242
7.557427
-3.873424
5.793544
-10.549662
1.391932
0.217811
16.073633
1.655935
7.003029
4.931211
-5.445018
-0.072952
-1.718481
0.894326
-4.326129
-2.222288
-5.641622
2.907160
-8.783215
-6.211411
-0.028665
7.685454
-6.049388
4.374869
-11.707660
-6.335974
4.752993
-5.763503
13.336030
-1.823264
-0.997390
-7.985514
-6.031442
0.206602
4.606298
9.785739
-2.922548
-2.818112
-1.100531
1.670397
7.820141
8.148584
-4.107188
7.247580
2.702248
-10.103442
3.865729
-9.956493
5.937885
0.778441
3.470367
5.689781
3.188092
0.628683
0.485022
-8.272310
-0.455132
11.926052
-7.439117
-5.075542
-3.842807
3.095820
6.231858
0.001858
0.681720
-2.640460
4.626234
-4.457587
7.851199
2.775289
7.136539
5.070368
-2.506501
0.441327
11.829878
-15.146070
-5.041831
-1.999477
-6.247418
6.889581
0.351602
-2.308225
-1.188692
9.231105
0.529340
7.589209
0.158957
4.036616
-3.241618
-2.605202
5.561913
-0.188597
0.826531
6.174595
-8.410877
9.127555
2.874811
-1.229435
12.482829
1.223621
-7.078304
-4.025069
-1.243920
-7.710571
-2.351630
0.320969
0.976097
-8.915262
-4.710714
5.460627
11.946727
4.171058
7.962348
-6.179826
-4.841083
0.234613
-6.688127
-4.300040
2.201687
-9.083187
-0.605858
9.088618
5.346231
-8.798245
-3.719455
-1.382320
0.684717
5.539101
2.993594
4.366089
-2.514336
1.779038
4.081453
4.811121
-8.989162
4.526578
-4.572574
-0.541462
5.439738
8.392953
-2.673037
-12.252475
-0.358594
2.390716
8.951488
0.113878
4.677401
-7.453597
-4.137441
12.687354
-4.955895
2.660385
-7.616498
-9.524703
4.327368
12.759280
6.316878
-14.284610
-3.772622
5.613883
7.182332
-4.104395
-5.489310
1.590053
0.484916
-4.382250
3.019387
-4.541185
2.239305
-7.989378
4.785358
7.167449
-3.952363
3.260713
3.338520
-2.582547
-11.336283
-2.057839
-3.884445
-3.223652
1.831719
5.997573
6.124222
3.539340
-3.488491
-3.647714
-1.600932
-5.003573
8.970798
-5.734080
5.225490
-2.921353
6.037450
-3.933846
3.882622
5.876841
-10.247218
0.305749
-6.782313
2.836292
1.400933
-1.829317
5.170609
1.327844
-0.827169
-3.010826
0.895486
0.286225
-2.528234
-0.196738
-8.598214
-1.071333
-0.038974
-3.707278
5.367557
-3.533333
-4.068787
2.317916
-5.248909
-1.133869
-2.837461
-0.554335
9.121465
1.838434
-3.814712
-2.214185
9.556827
-11.119568
-7.301100
1.611706
4.108210
4.482533
0.055304
3.095214
9.610497
0.232979
-9.184965
-17.544909
5.721146
-0.374745
-4.417951
-11.445882
0.134436
-6.134688
2.754034
5.588555
-4.246104
6.189867
12.602554
-8.499681
-1.917892
-12.104515
2.947820
5.401965
-0.778649
5.751273
1.210858
-9.516840
-0.188073
1.398463
-5.675872
3.502466
-12.259522
-4.118602
-4.460239
3.402778
-1.977322
-13.563423
2.714995
-7.835113
6.481115
2.302720
-4.364921
-4.993670
3.225735
-6.112449
-5.524172
5.660159
-0.594526
-4.762760
4.727703
-4.338051
7.192722
1.091430
5.301876
-0.412987
0.289804
6.154946
-5.454148
-2.978065
-6.579940
4.545213
-1.323317
-3.600414
4.083452
6.551321
-1.582161
1.973068
1.242631
7.039876
-4.421084
0.010414
-5.570898
-5.147739
-10.787019
5.008349
1.950653
-0.764738
-3.363608
7.759073
-2.554362
-8.059401
-1.301925
-2.848771
-0.110129
7.395115
-0.342342
-6.127962
-12.854655
-7.800071
-1.525657
7.399289
2.962936
-0.375824
0.093933
2.902322
1.951445
0.016203
2.427639
-10.281386
-0.566512
-7.805602
-5.246166
1.187711
5.750971
3.640639
-2.699167
4.228921
-9.727737
2.507792
-4.468550
6.170575
-7.930474
7.353955
-5.169590
-2.509303
3.012403
-11.981037
1.981959
-0.145371
6.627271
-4.426397
-2.137267
-2.903462
-2.404680
-2.841252
3.233033
-7.746150
-8.251103
-1.043888
2.978221
2.032006
1.286147
7.082580
-1.895930
5.919348
3.665727
-6.607887
-1.152195
1.451126
1.477926
-1.131127
-4.991580
-3.659993
7.627924
0.797705
-0.335853
-0.817951
-3.768258
-1.650523
3.560481
4.120306
10.662046
-10.643448
3.636524
-0.884857
5.360553
-2.644339
3.323000
-4.731101
10.021651
4.361541
-0.758116
-6.581176
-9.665426
5.559027
1.623655
1.128475
-0.410143
-2.035459
2.433528
2.260160
-6.878577
-6.838337
1.624983
3.048591
8.921724
6.333629
-19.536982
-6.441957
1.162083
1.482052
18.850695
-2.382083
1.714211
3.831287
-5.462460
-1.995344
-10.181922
-3.148762
7.582573
1.972412
4.920428
15.948613
3.093949
2.828187
-10.089021
3.406706
0.090812
-5.725482
-1.747373
-4.784009
4.810602
2.476350
-1.288861
-6.631938
-8.614520
4.532148
0.409790
6.551889
1.492128
-3.491353
3.971402
0.526241
4.824533
2.886222
2.086413
-6.759263
3.825701
7.456510
-4.949373
-2.797135
3.159331
5.030471
4.908064
3.869460
-7.548077
-0.554321
-4.528071
-11.841189
-2.288093
3.873316
7.843770
9.169501
1.818978
4.416539
-6.248652
-11.239725
-0.524267
3.883794
-7.678657
-7.230678
2.493762
-4.878844
0.850567
-5.156908
9.487948
-0.474718
-5.406062
-3.315180
-4.982242
5.775941
-5.225988
3.634937
-0.733782
0.815876
2.782575
2.725839
6.819035
0.676962
2.545663
7.060121
4.284432
-5.843308
-2.092177
5.753271
-8.537470
8.272503
0.110180
7.395470
-4.098601
2.395985
2.017069
-9.618604
10.601317
-4.389726
-5.564909
3.024860
1.885323
7.027032
-2.941974
2.706270
5.561430
5.474035
-14.321850
-5.317723
7.225440
1.412565
11.575962
11.342340
-11.514021
-2.820300
5.417139
0.853023
-4.296556
14.675566
7.892295
-4.611526
2.633332
6.960485
4.189607
-6.666159
-8.303752
-0.330811
-0.836871
-0.359255
-6.075205
3.362448
8.281311
-14.154320
-3.788482
10.535435
-7.536561
-8.343512
2.269929
2.338646
-2.904757
-7.063279
14.580882
-4.382821
3.622857
-6.854756
-6.591866
-5.553490
-1.352614
-4.559625
-6.627107
5.138018
-5.274323
0.516733
8.515918
-7.416538
6.434700
3.875454
1.161468
-1.717993
6.593811
0.648164
3.815109
-3.100123
7.111763
-3.688952
5.403388
-6.080154
-5.051706
-9.632627
-8.209841
8.609513
-1.776844
1.666241
10.105501
-3.404490
3.262696
5.385220
3.209592
12.087107
4.649837
-1.679742
2.615134
3.540808
3.154460
3.085868
-1.991163
-5.480325
2.883420
-5.983933
-5.317495
-2.341752
3.000939
0.412240
-16.222576
-1.003068
-2.952116
4.275225
3.107109
0.556347
-3.402395
-0.682761
-9.746819
-6.748525
12.873047
-1.935614
-5.049568
-2.783910
-9.153614
-6.756931
8.655091
-2.832031
-7.642704
-5.578043
6.522699
-17.378685
5.858983
-6.389272
1.431569
5.822802
-10.645438
-5.444537
2.910010
2.098111
-1.148430
7.783821
5.781599
-4.442689
11.551444
-1.248861
-3.635481
-4.826880
-6.307285
4.376350
-6.499508
-2.154117
3.441189
0.402006
0.551633
10.788042
-7.998956
-13.308353
-2.414412
0.470994
5.380002
5.253354
3.926116
1.354705
6.068073
0.872714
-8.569190
1.072528
-2.665004
9.072227
-0.285235
7.631338
3.819076
-0.283881
-3.865025
-1.698822
-2.176227
-4.085917
-3.336761
1.369679
-7.449966
3.373036
-4.402040
3.370244
7.147257
-3.404371
-7.662617
1.926782
7.503961
-3.237396
-8.296664
3.890245
10.880183
-4.272377
9.791896
9.777534
2.517476
1.185010
0.286411
-9.867053
-5.822869
-5.336087
3.298382
-1.265858
-2.463890
-13.467630
-7.108020
1.638994
0.638921
-5.664171
1.979316
-1.470595
-8.986970
6.350589
-9.126833
7.614913
4.053422
-0.582555
-6.145639
-1.062601
4.203999
1.363114
-9.958896
2.400326
7.857270
2.988842
2.144113
-0.317506
5.348494
2.490862
2.918522
-5.842419
7.215982
4.819454
11.340872
6.413288
-6.762546
3.264778
-4.060049
-0.774489
-7.687426
-11.060618
2.680331
-7.130698
-6.278605
-6.337262
-1.090132
2.641658
-3.525780
-0.363089
-6.781885
2.283700
-6.013254
8.325277
-5.706322
-1.522687
-6.414013
-1.416774
2.865320
6.639317
7.594832
-0.886819
-2.753013
9.400021
4.643683
3.259569
5.395954
-1.191642
-1.471837
2.180205
11.859151
-2.449528
-4.001230
-7.687943
3.888503
-6.691733
1.240290
1.086146
3.887496
-1.848400
-2.496238
4.198932
-5.823837
-3.875607
4.134385
-2.993002
12.281888
-2.836445
10.145233
1.402020
-3.301373
3.777528
-6.257264
4.878958
3.586923
1.647352
2.191753
2.943509
-0.331819
4.076335
15.356016
-1.679481
4.258064
7.637794
4.430164
-3.678361
-10.242319
-4.124855
3.760872
6.518981
-5.829034
10.957622
-3.313096
-0.666210
-4.117757
7.248465
1.815936
2.091163
-2.380799
-1.140738
-1.357058
-3.057893
3.634669
5.643966
8.740367
-3.973248
-5.816246
-1.956247
5.024499
3.800331
8.481204
1.184077
-1.050120
-8.601203
9.755797
-0.537350
-2.399411
-3.542588
5.433260
0.352657
6.264824
11.007023
9.616408
4.985176
-2.545663
3.152813
3.761621
-14.134441
-6.372780
-3.754652
3.743119
8.565326
-8.269445
7.038400
4.806746
-7.189329
-0.378327
1.656944
-5.663831
-1.591369
-2.039517
4.617256
5.259290
6.232277
0.712682
-6.179955
6.673594
-1.980276
-3.767216
-3.958831
-5.749250
2.129726
1.837348
3.704966
-12.520723
1.393216
8.806872
1.380907
1.672976
4.258065
3.333953
0.499178
-3.362213
6.710880
1.736171
4.189006
-1.599179
9.607231
-11.035993
3.046041
-7.086815
2.442093
-6.620070
0.164590
5.247808
5.584339
-8.502433
3.071275
2.595420
-10.147971
6.615414
-0.779881
1.363945
5.903563
7.651897
-5.080204
5.907886
-2.306546
-12.780005
4.860140
-5.216976
0.347436
1.094309
-5.313757
-0.547517
-12.515667
-5.472456
-0.777547
-2.369157
1.014241
7.130389
2.063131
0.219487
-4.877522
-4.614453
-2.596358
7.651587
4.722642
-5.597900
-1.503573
-3.047308
-3.039916
7.356088
-4.501622
4.223723
12.156906
-0.707933
11.757222
-0.954806
-5.996781
0.197906
-9.330561
7.902240
1.347322
5.114463
-4.638419
1.158971
2.237616
-8.139911
0.468808
-7.014154
6.877022
-4.974967
3.779478
3.168786
4.285169
-6.418057
2.417880
-2.081901
3.739678
3.594936
1.586535
-2.081286
-8.313135
-5.742020
1.862881
4.583378
-12.738684
2.806938
-9.749346
5.386199
1.141981
-4.548227
-10.631596
0.539752
4.461523
-5.239942
5.740083
-15.993161
2.998274
4.787233
-0.499245
-2.792186
2.329098
-3.837019
-6.425676
-0.135570
-1.040145
6.630659
-3.108330
5.624758
-7.963093
9.806794
3.784825
7.874900
6.476358
-9.986878
5.375279
-8.261145
-1.643528
4.916396
-11.441712
-4.366539
9.752461
0.115243
-2.555010
5.206956
-10.576568
1.258169
-15.063189
1.891364
-1.416600
-3.099026
0.168914
-4.170599
-15.427250
5.550034
4.720170
-2.094691
0.422227
-4.877098
1.644918
6.283392
1.688624
-0.165844
6.350760
0.367099
-9.513141
-3.888793
-4.503648
5.989297
1.255564
2.365094
3.240304
-0.441598
-10.944136
-3.684344
1.613830
-3.683177
1.201761
-5.142073
3.843534
2.783372
-10.112061
6.569237
-1.406096
3.413565
-3.111090
9.684197
-2.755902
-6.610448
4.526497
1.997456
-1.160893
-2.224016
6.920075
-6.226775
-0.738745
-3.546440
9.280733
-4.596405
-1.210133
0.307547
-10.956927
2.907080
-4.075748
-2.560213
-6.529810
-4.283160
3.524811
0.696236
-1.092834
6.325971
-7.645700
3.064055
-9.614280
-4.079612
3.890506
-6.105588
-9.078379
0.589112
-3.969434
-2.685372
2.040947
1.072052
-3.308812
-5.315334
-1.209720
2.610696
-12.090603
-9.592339
-3.668319
-4.863573
13.631709
2.129448
-2.358325
1.168326
5.929520
-0.723879
3.341761
9.019469
-4.545386
-9.172522
2.166294
11.699580
-12.863664
-8.454244
-1.024471
-0.388436
-8.127650
-1.738114
-0.394194
-7.863318
0.850913
-0.213757
5.464499
-0.616481
-3.150896
2.685551
-11.867949
1.668981
-9.195628
-0.470676
3.049290
-2.525928
2.523943
6.621443
-13.203595
-6.210118
-8.247317
-5.168217
1.470152
-1.727166
4.521459
-1.429956
3.004632
7.384822
0.777050
0.984780
5.200694
3.526936
-1.697735
0.511379
-6.910268
1.995920
3.889843
5.393687
5.071658
-6.147626
-5.877654
-6.382529
2.191951
-2.696402
-2.500402
-4.605928
3.683523
-4.377330
3.420167
2.766064
-7.379486
-7.104031
0.204533
-9.153329
6.344689
3.275639
4.233691
5.664042
-3.651423
11.531825
0.173808
-1.220578
-4.887455
6.732193
-7.189566
4.663948
5.404790
3.641372
-3.228779
7.419888
-4.138315
-1.048324
-1.261543
-8.975430
5.325606
12.550702
-6.914361
4.248650
1.150309
8.463811
-3.043937
5.201066
0.843829
-4.230282
-6.151032
1.923897
0.229274
2.508280
-2.982103
-2.343383
-1.930685
-7.333222
-14.154944
-8.825271
4.063308
2.705541
-1.635924
0.523250
-6.354959
-3.112153
-10.659451
5.707822
-4.932747
-9.476552
-7.157229
1.959750
1.896301
2.730583
-0.063340
0.272590
5.743019
-5.489124
0.148846
5.029166
8.458090
-6.730567
-4.442005
-0.399347
-1.924197
3.871336
4.035359
7.275617
5.546485
0.601281
4.001364
-2.082741
1.923855
5.826310
-4.004974
1.780125
5.507079
-3.117134
-4.047931
1.248855
2.062114
-11.374617
7.290179
-3.561266
-4.066687
-0.246759
6.002555
7.032524
-5.211462
-2.065414
7.975376
-4.129121
-2.683330
-4.105658
11.289202
-5.800164
1.107146
11.839172
-7.516812
3.669705
-1.810948
-6.301039
-8.646628
-6.969497
-2.492976
-1.443121
-6.389327
4.885805
1.135945
8.696073
5.657893
-8.784721
-8.979495
3.316204
3.725364
2.217546
-4.332150
0.119275
4.916729
-0.626420
4.270262
-3.431125
2.818061
7.092741
0.250120
1.462801
0.547469
-9.879757
5.194237
2.514648
0.028118
-3.046001
5.191679
8.283689
1.160353
11.344120
-5.701900
-2.671167
6.486018
-4.233146
4.715557
1.047876
-4.761368
-4.412157
-1.470958
4.730731
-2.151629
7.368984
-3.347786
2.477536
-3.233942
5.354180
7.522624
-3.088166
2.107365
-0.440347
-1.981071
1.177254
-4.581014
5.408113
5.735303
4.949491
4.456813
-3.402740
-9.304564
4.194118
-3.926656
7.336504
7.276431
-4.350936
-2.344286
-5.730739
1.040285
-6.505962
0.298782
-4.550139
-2.091009
-0.144494
-2.825574
7.553722
-0.367908
-3.016018
-13.294279
4.423898
0.314955
2.934062
-10.349970
3.039204
3.996359
-4.531660
8.354110
-5.607736
-3.764675
-1.921463
4.442711
9.654335
1.793162
5.038477
0.420926
-7.182277
9.106429
-4.150542
-4.316036
-2.426246
-5.083292
-6.218019
6.583222
8.421715
4.128379
3.219411
-0.067540
1.943336
-1.305603
-3.842859
-1.727634
-14.213057
-5.855719
2.028024
4.333428
-2.776101
-4.495085
-8.069300
7.289471
8.876161
4.912533
9.657280
3.533796
4.855911
2.499200
3.154882
-4.707855
-0.147794
-2.995596
7.543438
-7.985304
1.867362
-21.534021
5.289012
-3.591187
-5.901865
2.860773
3.896711
1.761835
2.835644
-6.582137
-1.128507
5.998576
4.473102
-3.811674
12.002491
-7.586215
-5.788260
-8.071947
-3.568254
-6.342367
3.551581
-1.686108
1.536362
-6.177111
4.114034
-1.391754
6.352521
8.203541
-0.569983
6.243912
-10.138192
13.831173
1.539553
5.717985
1.290670
3.866185
-5.137205
-9.932040
-7.303591
-10.341953
-8.314455
6.943882
-0.990749
-0.729899
5.817797
9.087403
2.085339
2.288864
-6.201848
0.331195
4.747625
8.878094
4.974793
0.279151
-10.820661
-3.732109
6.197850
3.897551
-3.994750
-4.542736
-8.000299
6.598037
6.832390
6.490052
-1.263769
0.789993
-6.836215
1.458906
6.934083
1.394868
-4.747036
-5.504579
3.663765
-11.354273
-6.201177
12.393275
1.944663
8.174522
-5.234462
-8.618073
1.201412
-4.281688
13.026794
3.888113
5.873711
7.282699
-13.412711
-4.605584
-0.914107
-0.427905
0.028398
7.133017
-8.378613
5.464813
3.683585
9.032157
-7.742071
4.642715
6.297229
5.862822
5.182057
-3.841118
7.002073
0.856678
7.090055
5.488839
-8.364427
2.238682
-9.934553
0.117892
2.692979
6.295176
-0.398127
-9.353930
-3.165744
7.948731
7.335563
4.994515
0.896811
-1.965049
2.339664
-1.124692
-5.211933
1.309401
-6.174072
-6.532833
2.335819
0.635563
-5.897200
-3.930353
-0.622494
2.525783
1.675158
4.467779
-6.857511
1.973976
-7.580528
-7.756374
-1.571612
-12.631476
8.627013
2.096676
1.993987
-5.611469
-0.160734
-4.043913
7.662039
-8.420748
0.440789
-9.469434
-2.485853
4.218709
1.942156
0.011185
5.740656
-3.697241
-10.667346
3.383852
-5.320317
-6.877588
-1.050319
-6.584928
-7.253636
-7.238050
1.149008
-3.983533
-1.253939
9.203728
7.065833
0.493853
-6.170915
-5.485769
11.313305
14.653626
-9.407998
-3.174000
7.443796
-2.085597
-4.197912
4.723292
5.843371
-8.493887
-5.416560
-6.405332
-6.458252
-1.542933
-2.154972
-17.094873
-2.460668
7.090647
14.263072
-1.872275
-10.728627
-2.603413
6.390512
-6.266710
4.087083
10.100062
7.930402
-0.338505
3.139289
-5.182050
-4.868432
-6.251794
-7.310979
-4.367296
-3.511380
-4.637457
5.343413
-1.040316
2.372313
-9.437850
0.967115
-13.105694
3.106840
-6.431472
-7.108124
7.017229
-11.195847
7.687325
-5.443628
-4.603896
3.577734
7.244576
2.562620
-0.783029
2.430476
4.263353
-10.729119
10.317150
-5.201051
7.427915
-3.764340
-5.149695
4.543148
-0.921911
-0.892622
3.872938
-7.477317
-1.099095
5.037648
-8.067182
1.613091
-7.138543
12.767712
4.745676
-4.900806
2.707440
1.328376
5.301045
10.829118
-7.281481
-6.875399
-5.271132
4.980928
3.083268
4.569302
-1.604838
-4.587356
-3.103734
-1.763392
-0.179614
-3.612802
3.351801
5.127760
2.363344
-9.937015
-8.346798
-0.269188
4.601978
-5.504747
5.255813
0.599394
-8.938202
-4.877812
3.752042
1.642386
-6.807389
-2.205356
-1.555295
3.101950
-2.082231
-3.964506
-16.968599
16.280535
-0.087705
-6.456788
-4.701123
1.519350
8.290050
2.660395
-1.568459
-5.454414
3.008327
0.417226
-10.691828
-8.431315
-4.586236
-1.627056
-8.233414
-5.996652
0.972532
1.180744
-4.834004
8.306917
-10.901301
-5.082579
-4.739116
-1.728236
5.599757
-5.981588
2.437964
10.426360
3.285052
-12.453299
1.805156
0.213378
0.005175
-10.528325
2.176228
-9.113682
10.957189
2.225139
2.996607
4.581079
1.023734
3.886642
0.867303
3.507856
3.060024
-0.806726
12.763846
4.205879
-0.781519
-7.230051
1.010527
6.653828
7.328403
-2.450826
1.311271
6.556334
-3.806607
-9.220089
5.110808
-0.850763
1.362202
-4.077864
1.564755
-2.701849
7.649964
-1.976123
7.747055
-2.636951
-7.012974
0.006878
5.505172
-2.294664
-7.628332
3.543670
-1.723226
0.312000
5.122440
-4.024497
-3.408792
3.329408
4.850881
0.437038
-0.965653
-14.781015
-7.389009
-0.771074
7.488058
3.533727
8.582302
5.738005
-5.203557
1.271924
-3.911651
0.765017
14.930375
6.014107
4.707569
-7.101980
-6.848229
-2.119430
-9.588666
-15.134858
-2.410469
2.516269
-9.928494
8.663700
-7.849259
2.352395
1.119786
-6.651862
-3.434084
-2.961413
-15.362854
-10.301450
-10.923284
3.989676
2.714211
4.005159
0.857067
-6.811876
6.032264
0.496354
7.387889
-2.395721
4.293994
2.225493
4.807130
6.849598
11.289492
-0.828731
-6.523718
2.042825
1.875170
-4.726019
7.279735
6.441493
-5.508399
5.091335
-7.652746
-0.452476
0.417146
-5.758915
1.516603
-1.727805
2.944616
-0.273766
-8.466359
3.975003
-7.378691
0.488389
-8.621601
-7.754827
-9.624351
7.123238
7.646574
2.397626
10.902550
-5.754641
-3.488961
-1.317306
-4.549008
1.462585
5.484930
-0.768512
-7.979660
5.093198
-2.867522
-4.604525
-2.200103
-6.268207
-0.748177
-2.205929
7.737263
-9.156206
-11.562535
-8.991165
1.784660
2.078454
9.259628
0.415606
-5.987815
-14.680537
0.238203
-4.665102
-4.991772
-2.899009
9.425777
-4.259936
-2.038530
1.814724
-0.767150
4.551789
3.392723
-0.867888
3.071830
-5.283520
6.490400
7.868111
-3.441124
-2.179851
2.848110
-2.338323
-8.132040
-1.025779
2.736961
2.347553
-7.011684
1.257888
4.162735
-7.673149
-5.769206
-1.133294
7.160625
6.223329
2.707567
0.016694
6.804089
6.688491
5.115867
-7.007509
-4.985946
-0.398024
6.438206
1.417111
-7.731474
1.579935
4.502263
-2.860705
10.263266
6.192805
-3.624495
-7.686497
-3.258277
-9.628947
-4.055143
-2.230271
-0.386544
-2.980204
10.741575
9.508441
-6.581763
4.998782
-8.407839
2.151209
11.091607
5.057877
-3.696284
-3.389525
3.012091
-0.868242
3.193078
3.537248
2.623437
4.018219
-1.545239
-0.804050
0.653932
6.264414
4.479788
-0.275927
-2.642996
-6.824175
5.243489
-3.342880
4.233759
-9.943321
1.930278
2.510051
-2.711238
5.098008
9.340021
8.373534
-11.852236
6.957216
1.421286
7.037060
-4.830992
2.766264
5.635814
-6.759438
1.409714
3.150943
7.640867
5.118671
-4.929406
6.309176
9.828122
5.162532
-0.732397
3.613087
-7.220767
-1.331328
7.097796
-4.305958
4.973671
-6.537972
-5.343531
0.947176
-0.498662
3.405114
-3.615731
1.342859
1.989697
10.253830
-0.525475
3.800395
6.271742
-1.039753
5.025772
2.169379
1.446103
5.834167
9.255956
-0.143152
7.600939
-2.642132
-1.819132
-2.438199
7.635479
-0.270248
7.973125
-0.821492
1.303003
7.353491
-3.889848
-0.677710
8.838626
-0.996744
-1.056759
-0.863459
5.003130
-17.671860
-0.543874
-2.634897
5.912704
2.491084
14.588197
-7.463602
-6.826926
-2.471834
-2.991225
0.273006
-7.790277
-10.008665
-2.120332
4.295348
-0.292754
1.265574
0.687050
-3.186342
4.549112
-1.219805
-5.255992
-4.421564
4.099866
-5.261742
-9.805028
-13.275087
3.218696
2.893600
9.865580
7.232466
0.743923
0.363370
9.481895
4.438640
-1.287315
0.934238
6.628917
-1.743632
5.153394
-1.596072
7.047074
-6.401489
2.418183
-6.871549
-1.183835
7.516265
11.303466
-0.591216
-4.440909
3.532234
12.977125
-13.455650
0.403572
-1.688986
11.375840
8.232209
-3.875700
-0.567114
8.802141
-5.542660
5.287968
-8.691184
0.925965
-1.340724
-8.356618
0.987419
0.805735
-1.990851
-7.047519
2.383413
-4.386490
-1.821962
1.114164
-3.904435
11.997941
-3.865350
-7.151680
0.478596
1.815506
-2.505018
-7.313875
-8.821110
4.779968
-10.690120
-6.611501
2.853163
-0.042942
-5.501315
12.514572
5.776210
1.638052
-8.176760
3.731344
7.157155
2.501987
9.742841
-8.120358
-0.602479
-2.138481
-3.207895
-7.597848
-6.755727
-2.389326
-3.165781
-8.893141
-0.494570
7.665093
-6.821242
-4.782656
0.440605
5.021327
3.585740
7.059546
-0.868552
2.202996
-3.962929
3.475109
-0.374689
3.926999
6.139159
-4.381496
3.329488
3.282744
2.623361
-10.664407
-5.567862
-8.272095
-9.153839
2.302321
-3.593295
-2.484536
-4.539401
-3.653449
9.273192
-6.661786
-4.319711
-2.922848
7.269223
-10.382117
-3.330915
10.180992
6.303056
-2.223367
-2.971634
-2.368062
-2.341850
-5.916681
5.558283
-3.594749
-10.441417
-9.427262
-7.181787
7.519489
1.047809
-2.319952
2.954386
-9.699697
2.417772
-9.694146
6.473228
6.425122
2.561734
-3.608477
-2.886226
-15.895710
-7.655378
-8.706818
4.006283
-1.042219
4.780001
5.088843
1.363231
3.573056
-1.405789
5.978693
3.820529
-7.435826
-8.329870
-6.893877
3.868622
-0.490244
-8.711355
-11.919493
-4.865396
-3.940749
11.393158
5.815427
1.111703
0.676887
-2.011495
2.482594
-2.176296
-1.829135
-3.527425
-1.854572
2.473223
4.724211
3.452460
-0.532058
-9.702539
-3.253092
6.951376
1.492248
4.882339
0.375877
7.859198
-2.824699
-1.165503
6.739635
4.467335
3.448394
5.290363
-2.239969
-7.463342
4.825414
-4.659974
-0.812155
-6.354473
-8.032564
3.429644
-0.347054
-5.036235
4.318200
-6.998533
9.561588
-9.849215
8.047863
-13.468221
-9.802115
-0.545118
8.299569
-9.342969
4.914299
-7.009346
-0.100622
-13.305045
0.791969
-0.726465
4.582945
2.525294
5.229525
10.977396
-6.894141
3.732819
-5.630284
10.873409
-5.053593
-5.370673
7.493037
2.046475
6.053014
-7.413395
-3.014377
2.466897
-5.902077
-7.178579
-6.952632
11.130822
-6.850042
-4.282885
1.455574
8.033860
-6.430884
-6.970244
-10.994383
-2.284129
-2.225452
-1.061038
3.667659
6.207145
3.705197
-4.226563
-7.795655
-3.694484
6.741362
10.630630
-0.143471
-4.507136
7.932496
-8.175827
6.662419
-0.447350
-1.656559
-8.305368
-4.525303
7.436542
1.667034
1.621832
-4.897855
-0.271745
-7.698867
-6.899294
5.414644
-1.401701
-3.138576
-4.996668
0.305228
10.998960
-11.569478
1.560433
6.199269
6.296093
-7.836032
-9.267831
-3.354120
0.382888
0.983208
-13.786798
-4.459311
-2.101170
-3.706216
6.905807
2.865410
-11.396674
-7.958651
2.082853
11.998283
-1.377241
2.785959
-5.994734
-1.298392
1.964387
-0.904109
4.671383
11.546259
0.718300
-2.784109
1.060295
-6.601507
4.081809
12.700050
-11.238628
0.218233
-5.555570
4.388639
5.776656
4.041225
6.534777
-11.897748
-1.812396
5.735469
-5.156432
-3.923545
-3.287333
1.414069
8.707519
0.909551
-0.601897
19.356092
10.135302
1.926016
0.359785
2.564036
0.122911
-4.187109
7.224901
10.838367
6.712757
-0.241763
2.885541
-2.440948
-0.799743
-4.599132
-8.025435
5.163995
-5.347525
-1.463147
2.768707
10.429890
8.105732
10.575401
-3.827460
0.021686
5.965924
1.395550
-7.626099
-4.305503
0.630020
-2.380666
0.698809
6.495037
5.203632
4.474256
7.535192
-4.051838
-5.046144
7.131898
3.062343
5.164341
0.837928
6.082803
-1.966286
-3.140008
1.510350
5.780355
-1.389058
-8.605442
9.297812
-2.004009
7.355021
2.366940
0.220836
4.395814
4.675264
8.423891
0.366220
7.923610
-7.190419
9.552005
3.963049
4.610972
5.152838
-5.252713
-0.660255
3.562189
-3.670964
-7.581892
-2.400844
-17.012499
0.900201
-2.970978
-7.268133
-3.785047
1.559383
-5.190406
-4.471761
14.618754
9.337408
3.725074
4.973542
-3.452235
9.181219
2.616949
2.649880
-15.599017
0.678018
-2.721288
6.507450
-1.733997
1.480358
-10.493296
-0.018654
-1.762648
5.917324
9.461270
8.667048
-5.210668
6.715047
8.342757
5.099432
9.584264
4.441272
-0.491395
11.417417
1.955027
-1.176168
-2.350443
-8.818048
-6.055264
6.116952
-3.504422
0.719151
0.457002
2.925952
-8.411128
5.407919
5.234289
-2.666891
-2.955642
-2.417916
0.351450
-2.239015
3.162664
4.564795
-3.438112
-15.998126
-2.929456
5.010102
-3.032687
-6.015190
4.658307
8.606420
-9.852435
2.677934
1.297753
-9.687758
-6.032399
5.580462
5.662098
2.333568
-15.236416
-1.107308
2.352882
-9.123883
-2.806511
-7.436305
4.276755
-4.942310
-5.340945
-6.913146
0.717688
7.648849
11.471694
-1.131863
-6.194839
-3.195743
-0.029526
3.592921
4.121565
-2.738680
-8.889088
-1.722646
-5.458585
4.634695
-0.717923
11.245570
1.530827
-3.331493
0.003911
0.152532
-8.000146
11.209055
0.226717
-8.459818
-0.926199
5.361711
0.941888
7.360616
3.005440
6.716280
10.749180
-0.588428
-5.478651
10.310132
-6.628998
-0.825251
-15.180955
-7.079061
4.230458
4.519898
0.399097
6.436145
3.674254
-7.892413
5.002132
3.219210
-6.475415
11.432529
1.765833
4.440043
-9.939694
4.132284
3.423934
0.278632
7.508868
3.345246
-11.514761
9.294280
0.941591
-1.777312
3.299837
-2.290970
9.625978
-0.355344
4.092918
-2.682583
-0.755088
-5.697666
-4.984998
-5.256632
-2.981955
-2.244937
-6.190831
1.860621
-7.294726
5.792918
-4.725343
-2.809091
-7.508342
-3.406747
2.473461
-7.985196
-5.055827
0.906329
-0.807230
6.504159
-1.660322
5.678155
-6.158561
2.096040
-0.676581
0.969522
8.921793
-2.946258
-4.998673
0.550010
4.243052
-9.300310
9.683919
3.254052
1.627325
-0.771805
-9.079617
-10.090037
4.898338
-12.861865
8.131880
-9.784467
-2.153962
-7.296295
-15.294603
-10.849076
-7.578250
-5.949134
-6.743442
4.193915
-4.729990
5.161177
-4.856547
-2.248278
6.081231
-5.067648
-5.534925
-3.932429
-5.406682
12.861999
-0.746210
-10.390495
-10.226253
5.137364
0.442051
0.437310
11.233088
3.939949
-5.187718
0.199730
3.413578
-4.216656
-5.262270
-2.396752
-8.367805
-13.031455
-5.162504
-8.582099
6.913783
5.978089
2.118358
-4.941904
9.318235
-5.569462
-6.517030
-4.896370
-0.063290
-2.086724
2.103031
-5.796365
1.596297
-4.428851
-9.182734
8.019885
3.704084
8.199332
-5.549015
0.907163
3.292087
-1.487215
6.433795
8.492536
2.263749
-1.690663
8.742264
-10.262127
1.419772
-5.338273
2.215860
-6.532820
-0.937224
-14.823750
2.270091
3.867574
0.465102
10.227123
-1.019882
-3.247646
-8.014974
3.009716
-11.623057
7.683650
-5.859167
-9.606399
-0.886831
4.285041
7.026234
-6.108338
5.468086
0.239685
3.492307
5.299964
-5.987171
7.387956
-2.281795
10.204307
-0.434710
6.797115
5.819595
-6.940661
-2.195193
-4.164078
8.573696
-1.193424
9.750901
-0.317854
3.961983
8.402423
0.592207
7.537934
-1.643783
1.868156
-3.349461
-9.419585
-4.475569
-7.885273
5.740397
3.133044
1.563699
5.639388
-0.534969
0.436812
2.387426
-4.555292
-4.043715
0.971321
-2.113816
-0.034223
1.057461
3.954035
-10.063561
-3.988161
-1.443168
1.589237
2.034028
-8.406260
3.819117
1.434986
5.987016
-7.116267
2.452853
0.288976
-5.649874
-6.605104
-1.059253
9.078347
5.987860
-2.574815
-2.882123
-4.049152
0.918278
10.779537
-2.484133
-5.055142
-3.523282
2.526675
-4.542184
-1.820746
6.176239
3.804149
3.942860
14.372188
-0.830006
3.194687
3.637195
-6.498309
-0.595527
2.605355
2.479709
-9.220623
4.907142
2.415883
1.262712
-8.205348
10.680473
8.736301
-6.322521
0.373951
-5.159681
-1.361313
-2.661769
2.267328
-1.772030
-4.014861
0.394660
5.926975
-4.564811
5.004944
-2.071210
-6.331854
-9.144083
5.698224
-3.229633
-3.167189
1.917269
2.096912
-4.722846
-4.411850
-5.663376
0.859277
4.173440
-2.674982
7.439497
-2.651190
-3.127962
-13.175280
-3.946660
-5.131225
-6.346411
4.410641
-0.812707
3.577710
-3.942128
4.423662
-4.746403
-3.972281
1.148071
-10.299934
1.408804
0.242473
1.735177
1.687606
-3.018168
-2.640051
-3.825500
-6.599620
1.651378
-1.764873
-0.842587
5.692765
-4.225901
-13.835957
-1.687298
-0.496625
-12.816981
4.146300
-2.129053
-2.344931
10.176033
-5.045213
-12.285517
-2.137264
2.684119
-5.794044
3.696565
-1.410255
2.084549
-2.705299
-4.799692
-5.184219
-8.000601
-4.445248
-6.005757
4.383032
-0.155150
-2.662545
-4.580269
-0.893838
-3.036875
2.965364
-6.333588
4.289978
0.601225
-3.253159
-5.513353
-2.947623
-3.814878
6.799480
-0.645953
0.009368
-6.177612
6.287261
-3.060458
-0.341106
-1.228971
-3.647678
0.937930
1.361122
7.173795
1.477464
4.800666
-5.713556
-2.780153
4.948688
1.162611
-2.456162
4.907562
1.418495
0.275195
-10.134962
5.214653
2.254588
5.271757
-3.381338
-4.131067
-5.672877
3.533556
-3.611094
7.944131
6.706492
2.474405
7.725216
-7.714293
3.174890
8.609187
-4.994891
-4.920218
-3.034250
-9.698909
7.438392
-9.301329
-1.929859
5.017844
2.422381
-9.954454
9.454203
5.495657
-2.814889
1.704527
5.943902
-5.548107
-0.244350
-0.406791
4.855746
4.171491
1.576491
-2.345073
7.739647
4.667566
-0.949908
-2.623386
-6.027017
-3.993377
-0.658686
13.088552
-3.215423
-3.770092
5.187956
6.145183
4.018648
4.124076
3.665175
-3.519330
-5.081550
3.380778
-1.468894
5.081402
2.273176
-2.646082
6.676449
4.813865
-12.632239
-3.338422
2.563226
2.309848
-6.332055
5.295100
-2.325924
-10.921175
-6.430740
-4.225433
-0.552510
-5.402092
-1.270560
2.961347
2.205049
10.576503
-2.562461
-0.048301
-4.858495
-6.287677
3.040854
7.372703
1.647071
4.209896
5.706933
-4.231401
-0.786978
6.875827
3.976496
-1.337238
-5.389677
-8.432471
-6.739543
1.986396
3.120192
-0.582099
-4.793327
-15.374168
-1.089318
3.781568
2.437366
-2.061057
-3.806442
-2.588214
-4.032611
13.056835
11.812365
-10.417668
-4.514992
-6.321042
3.232330
-0.303650
-0.795903
-1.345670
3.067496
2.894234
-1.089462
-3.249013
5.612230
-8.704981
-4.278161
2.050021
7.614577
-1.375528
9.222436
2.743142
0.078126
-8.268695
-1.864841
2.317181
-6.448348
5.685347
-7.741028
-4.209594
-0.968393
10.399335
3.749389
3.404566
0.124184
6.769936
0.287601
-9.894043
-5.879676
-8.866000
-9.589248
-3.667567
2.758977
-2.096031
0.340190
-4.316475
2.132033
0.089232
-2.231636
4.696546
-3.763356
-4.799020
-6.479414
1.018140
0.306630
0.434054
-1.268485
-2.840185
-0.659655
0.265051
-2.481508
-0.411006
4.210086
4.359373
-10.070095
1.156241
-0.922507
7.415639
-6.076306
1.032055
-4.027426
-3.195415
-1.512312
-3.236713
-1.790422
7.928171
2.787313
-4.048757
4.365227
3.115527
12.795792
-4.104754
-5.126667
3.450834
-0.661348
-7.670174
-6.465621
-4.904205
3.036885
3.468303
-5.062437
2.571736
-5.297275
0.678437
-10.373224
-2.001717
8.613037
-4.146233
-14.937509
10.436147
-0.553584
-2.200315
6.605093
-2.599516
-0.813850
-5.521170
2.446235
-5.940503
9.535463
-1.361914
-4.277647
4.546775
0.506908
3.649722
-2.682527
0.888079
8.355037
-0.273028
4.147588
8.244123
-7.028424
6.192012
2.263863
-9.165400
4.533799
-7.848465
4.373765
5.396137
3.656223
3.642251
-0.546042
6.718524
-3.262013
1.795775
4.045235
-2.192889
-0.284406
-6.178813
5.647830
-4.713533
-6.230884
-3.889753
2.767387
4.147637
-0.788788
6.206189
-4.653473
-2.988531
-8.077410
-1.232166
-13.773051
5.277400
-2.218732
4.420307
11.119869
-6.208219
-1.553026
0.851885
-4.994757
-4.133807
3.772834
-7.958443
1.020129
4.274768
-10.198731
-1.378944
6.115773
2.225374
-1.242087
7.118306
-6.334035
1.853273
-2.497043
7.310276
-4.614394
-6.662927
-7.508968
1.803681
-2.451519
0.849002
-7.967044
0.732008
-3.619633
7.639155
-2.628620
9.320366
-0.917714
-7.125206
2.345677
3.028649
-3.864588
1.700435
1.758976
-13.044673
-0.265854
-4.135755
4.214099
2.631082
-2.970131
-1.810868
5.272710
-5.486034
-2.101059
-3.773370
3.019521
-5.379175
5.870162
-5.078350
1.118454
1.502136
6.603250
1.476646
2.940421
1.355953
-13.295258
1.402457
-2.501546
-3.018025
2.167723
0.006382
3.450716
-0.547772
-7.824530
9.193515
-7.623015
7.935708
2.256835
3.962555
-3.567526
-6.063934
-2.027774
-2.753327
-4.796091
2.674152
4.956090
2.396499
1.669940
4.161335
5.771115
5.577065
-10.110009
1.829954
-7.162110
-4.720046
-6.467515
-1.841196
-2.780472
1.936616
-0.810188
5.655648
-2.243368
2.047169
-4.365846
1.422975
4.540799
-0.733812
1.394173
7.514953
3.112669
4.705233
6.323114
-5.786415
7.942372
-2.112954
4.828012
-0.588061
8.643097
1.889168
0.310611
-4.097684
-4.467549
0.369941
-5.053973
-4.453397
4.231506
-1.986267
8.911396
6.534409
-5.465207
-6.754133
-1.208096
-1.961564
-7.558101
-7.603656
-1.614947
1.994606
-11.261670
-3.583679
5.714810
-5.370201
-4.402579
2.873084
-0.924924
-1.585509
-1.956173
2.112576
-9.491215
5.392654
6.566532
1.162114
1.035968
-1.784493
7.884817
-4.635713
-12.177883
4.612397
8.752531
2.760673
-4.263553
5.306280
-1.049118
-7.017024
1.458302
4.960669
-6.551342
-0.304936
0.744416
-6.220120
0.890023
-1.924386
-2.935307
8.652609
6.697958
6.908668
-0.112858
-6.533759
10.021881
-2.083580
-3.514360
0.381839
5.455168
-4.332042
1.816150
12.035187
3.359378
8.675945
-2.704779
5.413914
-9.380206
5.455355
-9.659240
1.010718
2.269180
-0.687467
2.023371
1.232498
-0.645489
4.844686
9.258186
0.967400
3.886767
0.613431
-2.385710
8.386343
4.369642
2.280914
4.505314
0.074414
2.931675
-2.584966
1.251774
-1.650394
-4.845316
3.419288
12.631764
-5.029704
4.979100
2.355263
2.759411
6.979378
-3.069882
-2.366839
0.741519
-6.084478
1.548046
2.769797
5.256017
-11.859431
-4.319179
8.873106
4.117804
6.305579
-5.911776
5.549105
-0.196683
-7.842701
3.936302
-2.304945
6.982146
-1.399835
2.930688
-3.289133
-5.142791
-8.883681
5.797091
3.531964
2.591656
-0.628830
-13.546474
-1.030192
-0.131606
3.756155
2.229040
-7.354958
1.850547
-4.005949
-3.478166
5.984128
-1.508871
-6.032293
-3.472177
2.519274
-3.419760
-14.351934
3.910698
-6.401518
6.530136
7.284866
4.028799
13.400325
-1.685501
5.456872
2.269067
0.221865
-9.293182
6.350925
-2.011894
-1.810160
-3.762198
3.342386
-4.708152
11.602424
9.494048
6.003232
-1.632720
2.330167
7.425919
0.391036
1.817377
2.725411
5.378516
-6.786173
-0.872386
-6.864250
-4.590787
1.482334
10.767331
8.705967
0.230428
-7.756181
6.423073
-9.232656
0.986612
6.588837
-3.763033
-2.236861
-4.966018
0.509641
-6.252735
-10.152305
7.183753
-2.810414
7.562130
-4.433132
-0.762234
8.035332
-0.818415
-1.589538
-6.420033
-5.040574
-8.843242
-6.599267
6.598038
0.812001
-1.247707
1.601851
2.112144
2.038960
-5.957469
5.163823
7.301456
-11.641916
-13.718336
1.160376
3.720189
-10.887288
-6.731925
-1.033958
-1.985864
-9.701450
2.050577
-7.588852
-2.473561
-7.069029
4.737074
5.985276
-8.514509
9.424863
2.886458
0.937781
-4.121625
-8.844601
-4.166396
2.571892
-6.300926
8.653874
-0.789182
-12.380748
-2.736510
-11.752618
11.034054
-0.070843
6.180189
10.164227
5.911765
-4.192164
0.693833
0.571185
-4.980577
-4.917467
3.821963
-1.451108
5.798454
10.928843
1.805642
-6.323934
5.058757
-0.535024
-4.793874
-4.201010
-0.198633
-1.258581
9.572552
-7.887057
1.343166
8.490166
-1.980527
-7.842159
-0.791720
1.529336
5.020661
0.281102
7.066412
-6.720870
12.870008
5.718139
-7.076720
5.823168
9.959934
2.515395
-1.798820
11.367067
8.811630
-4.954540
-6.193192
3.125400
-6.580213
2.327322
-1.904781
-6.919880
1.488691
-3.610755
-0.095241
8.965547
3.339687
0.073470
3.874044
1.141749
-14.700272
6.142189
2.179982
2.647144
-6.141970
-1.159293
-8.033081
-1.277160
-18.387383
5.703621
-11.000980
7.720758
-6.791334
6.048570
-8.021687
-4.790463
-2.787690
8.926563
-5.384098
-6.264143
6.208712
-3.721976
-3.527489
10.707452
-2.096124
-2.075911
-1.261823
-2.841024
-2.682498
-9.426835
-6.877083
7.184175
-5.656032
-3.352911
4.469262
0.433418
-1.780043
-7.020797
-6.327834
0.690186
-3.911317
9.772530
0.118135
-1.529786
-2.508019
5.742672
-7.804646
1.310680
1.555536
2.762995
-3.038018
0.925123
-5.633115
2.197618
-8.186728
-3.040159
-0.901932
-3.178656
9.692840
-4.553360
4.541955
-0.001940
-2.319868
-5.142026
8.922460
-7.610085
-2.355834
0.182898
2.458199
-0.584791
5.956072
-0.316604
11.243266
-3.532765
3.944136
6.024321
6.647665
-5.872812
-1.530885
-4.432061
7.412288
-1.254247
-5.754360
-6.245776
-7.046550
-7.790220
0.872212
-2.643699
-4.986006
7.175917
5.650619
1.024496
0.043897
-5.478501
-2.002165
-9.866121
-3.330335
2.565479
-8.849238
-4.362977
2.065319
-1.454328
10.539555
-6.512307
2.125067
-1.498264
-6.299041
-1.607772
-0.026243
-5.080953
9.999953
0.778734
-0.358142
11.454190
1.990469
3.974520
-10.949641
-3.400419
-5.925356
11.872053
12.520541
14.501912
-6.012566
3.839015
2.341507
0.015363
1.246077
-2.559244
-2.859935
-6.245824
6.320488
-7.057734
0.821424
-1.228213
-2.943101
-3.698833
-5.140737
6.650901
7.529203
-2.945247
3.884133
-4.195123
-5.248721
-2.332016
8.804089
-6.100871
2.466686
0.444175
4.820584
3.003367
-5.703420
-0.029157
6.501035
3.312957
2.975260
-9.195517
1.369043
-5.251567
-3.232481
-9.794236
-1.878354
-5.334823
6.943753
-0.892376
-5.466690
-3.039826
-4.850782
-3.063144
-1.404562
7.171428
2.503133
0.262102
-3.056699
-2.887380
-3.374564
4.664680
-5.237368
-8.448915
-6.065252
5.850435
-1.773222
9.768359
4.004237
2.753472
-3.255215
-1.059399
0.357021
-9.540131
-4.366086
-3.050185
-2.581084
5.307628
-3.075590
1.631607
5.953213
-1.026233
-0.225518
-2.287105
-4.254345
9.715211
4.203686
-9.624374
1.027923
-6.025880
3.726563
-1.734993
6.086141
-0.639542
3.914585
9.011541
-6.321909
-7.132689
4.259222
1.897935
8.194460
-1.140958
-2.006600
1.587212
-2.236388
-0.409413
5.719843
1.447189
2.573534
-1.615339
4.558757
9.498120
-6.534853
-2.516319
-0.600879
2.159345
1.503212
0.889593
4.878389
-5.690601
6.709609
-1.216648
-5.990781
-10.951696
9.930966
3.842337
0.981746
-4.330165
-1.501641
0.275543
-2.842789
-7.082542
8.926550
1.238836
-4.237942
-7.313246
1.910426
4.095847
-1.767208
3.731562
-0.591826
5.616444
1.014085
-0.454380
0.030905
-4.052505
-7.614067
4.888802
3.375649
0.082753
5.163585
-8.630537
-6.469433
-7.722926
5.665225
-1.632656
-3.443299
-0.069120
-4.643946
4.380070
4.904724
8.310977
9.601549
-2.349969
0.873152
5.627060
6.498634
-2.846651
3.900158
-4.033493
1.034398
5.480855
4.633768
-3.697853
-5.130090
4.321886
-0.450510
5.315966
-13.029227
9.312558
4.491526
2.430228
6.389855
-0.996208
-15.245070
1.067611
-0.277510
-2.820754
-4.240113
-3.184115
-0.182251
4.520123
-13.362951
-3.293712
2.533241
2.641330
3.168486
11.051086
12.700812
-3.620445
-0.409083
-0.181999
-1.831676
-4.324737
10.340046
-1.196875
-2.943639
-8.304568
-3.752165
-10.430162
4.977025
-6.808291
1.624244
6.048920
-6.933894
1.640132
2.116643
7.620658
3.866642
-3.632598
4.886181
-3.081659
-9.236587
6.803278
-2.040676
-2.070437
-0.130574
3.130038
3.373199
-1.448322
-7.816248
-4.933280
-0.859036
-0.160215
-0.678806
10.390690
4.577422
-5.375603
1.141212
6.968759
-4.572128
-3.291356
3.595051
-6.452182
-8.338526
0.283496
6.312708
7.047015
-8.950021
-3.722387
0.989327
-2.308722
3.201946
1.851668
-4.709509
-5.423745
-2.909405
5.673120
-6.437804
-4.304667
5.103915
-0.743615
-4.621329
0.670993
-0.517378
-2.488938
6.754493
-6.783639
-2.973540
-4.824969
-1.213810
5.916034
-7.911949
-10.114614
7.974823
11.781949
5.861961
-2.616662
4.592636
-4.997025
-6.227672
-1.993249
5.185107
-6.774201
4.517231
4.291596
-6.584792
3.873722
0.554816
-6.993954
-3.839144
3.850903
0.578598
-7.479434
1.383688
-2.505936
0.930676
1.919875
0.932395
-1.664142
-8.809400
9.083914
-1.993835
1.004985
4.903530
-3.076379
-4.750703
-0.807255
4.078385
1.880085
3.041888
4.620884
-0.169245
5.908663
-1.512705
3.625618
-6.871483
-2.335099
-2.474077
8.501988
-9.780180
-3.518875
5.167440
0.099461
-9.779782
-2.699045
-4.569943
-4.331789
7.949728
4.818800
8.050421
-4.539058
-6.177205
0.192431
1.691409
7.241508
6.437756
-6.508031
-7.656855
2.359069
6.505246
4.773682
10.583673
-0.818652
-2.249848
-8.805569
2.461330
1.082582
-1.089555
4.190593
-3.044094
-4.487486
-0.003509
-7.182960
1.038848
-3.359615
-2.213088
-6.337204
-12.523305
-7.861743
3.878353
12.529891
-0.779774
-2.375496
4.067294
4.533513
-11.298501
3.670778
6.190021
4.943419
2.022549
-4.491663
12.301456
-1.697439
-4.048056
10.825379
-13.749595
2.010378
2.466022
2.941613
3.075114
-3.042319
-2.145478
4.110623
-0.873480
5.798186
6.368964
-3.823756
-8.827642
-19.670519
15.112392
4.678275
5.280041
3.503275
7.813057
-3.470228
6.721269
-5.389769
2.330832
4.280679
4.975096
-10.258540
-7.194022
-10.595620
-0.517633
7.568206
-0.489226
-1.595545
8.941306
2.381835
7.887180
-2.031958
5.547145
-7.694901
0.886106
-3.984229
0.801675
-7.772982
-7.888395
6.157552
1.309323
-1.239022
6.644748
-9.051230
-1.684533
5.520936
-5.991527
-4.736035
-2.497166
-1.938712
-7.562354
-3.072443
-5.312366
4.837258
-5.924531
2.902001
-3.332474
-3.528624
-6.869947
7.595084
9.486343
-2.747917
-6.408820
0.088179
10.716542
-3.250542
7.427680
-6.802739
-0.215547
-8.554269
2.859137
7.505834
-6.117289
1.033729
12.230119
-3.937398
0.667851
-1.214607
-8.044911
1.648995
3.823538
2.483061
-10.932485
-16.275244
6.940610
-3.784739
-4.724590
13.275260
5.569755
-8.306334
-11.238060
4.262596
-8.639837
6.431812
-7.099239
0.942665
-1.487991
-5.111460
11.685301
-15.577070
-5.106474
3.040256
3.596606
-5.633462
-7.719583
0.386827
2.970089
-4.485368
1.572441
-4.873703
-9.644461
-8.097037
1.390530
8.652567
-2.551270
0.377466
-9.324042
-5.891451
0.424650
-11.355161
-5.779617
-5.349595
3.181647
-4.544653
-8.321357
-4.375941
-6.346863
2.214800
-4.537973
4.668476
2.250641
1.490948
0.515433
-1.222925
-2.695900
3.296073
-1.405598
0.717388
-5.189998
12.277892
9.286627
4.826362
0.020600
0.234240
0.261154
-1.118546
2.755661
13.246002
2.723039
-0.536407
-8.470725
-11.365970
-2.808439
10.725259
-5.830123
1.297753
3.602195
-6.272296
1.675814
8.121482
-5.539538
3.067928
-4.956802
-5.371527
9.851675
-8.090109
-3.626712
9.054811
7.078256
-4.518994
-5.395305
3.062906
0.894839
-11.113646
-0.073038
3.118352
3.311416
4.051895
4.119966
2.835136
2.986907
10.394420
-1.897555
1.903191
-1.386445
-3.181100
2.230358
-8.908465
-8.412137
-6.908819
-2.277264
-2.016138
4.762146
-1.888984
-5.576947
-10.509724
4.401042
-0.388211
-5.690656
0.964704
4.824076
5.571335
-16.151426
-6.269088
-3.726044
-7.289771
-4.149728
-4.964160
5.509233
7.119807
-8.736820
4.051482
-4.313022
-10.607664
-9.371969
-15.484735
4.821049
2.679622
2.402437
3.303234
-4.348367
-4.117714
2.357548
4.004900
6.053619
-0.701027
-6.047254
-4.919061
-1.580554
4.948545
-0.945824
-4.416504
9.223876
-7.447015
-2.966773
-3.295138
-5.458783
-6.324513
-1.283128
-3.987375
-18.973110
9.925491
3.612580
3.106480
5.391876
1.209106
-1.689112
-8.213690
9.497283
1.965661
-1.325023
-5.981170
1.248359
-7.012409
-4.290322
6.141592
1.825033
4.589749
7.469787
4.453288
-1.828786
-4.024174
7.937388
9.964062
-2.847470
7.373730
7.990551
1.989539
4.819983
-4.538012
-1.995954
3.960525
3.768870
4.408095
-7.627624
-3.321412
-11.063500
-7.936792
1.662985
2.234901
2.576879
-5.927229
-14.933882
-13.111157
0.882013
-6.192759
-2.357670
-3.826099
-12.368257
-2.994466
0.121664
10.191201
-2.591220
6.269721
9.035895
2.984961
3.824898
6.736159
0.377866
3.569570
0.878068
4.387967
-4.268406
-9.866653
-13.106972
-1.164968
9.050412
-2.638344
-4.838705
9.153032
-6.331342
-1.245085
-2.288885
13.424195
6.640964
-3.772901
5.944767
7.234510
-3.266627
2.806353
7.373226
-4.223011
4.506181
2.224827
-5.952422
-3.564189
-2.915796
4.805264
-8.275985
-1.450866
-8.176457
-0.539700
-5.807209
5.666976
-10.410434
-6.335303
-12.712839
1.663083
-7.818445
-11.140981
3.496798
-8.180426
11.090482
4.541772
-7.778260
-5.005260
13.621126
1.154469
-5.814695
-9.544580
-7.098835
0.980527
2.440216
-2.925919
-10.955430
1.851982
-3.803792
-3.964123
-0.270811
-7.104096
-8.019511
-9.256389
5.140817
-8.809228
0.122061
-3.727232
6.691582
-0.618512
-3.486715
-0.945189
-0.427772
5.165937
13.902482
15.356035
-2.846535
-4.951460
-5.903701
-4.922049
-5.115319
10.935513
13.318592
4.227059
-1.882289
4.827278
6.502005
1.592759
3.357179
-9.610228
-10.185413
-0.965951
12.028341
6.643342
-5.566904
7.490408
6.070426
1.158437
-0.204905
8.638863
8.774979
-0.995579
-8.198115
3.215210
2.627334
1.815452
-0.620495
-4.468177
3.691088
13.417556
-4.589480
-0.520228
-4.010454
-9.011218
-6.540898
-10.674625
-7.032890
-4.909341
-4.545692
-6.693084
-2.776004
-1.118307
3.219666
-6.894702
-3.116829
-8.920712
-8.581723
-0.716476
-2.850813
-7.905074
-5.145589
1.701623
-1.544526
6.120557
10.437526
-3.789112
0.482248
-3.529713
-6.716474
-7.058805
4.390381
-9.912436
3.168382
-2.446602
-2.293801
-5.923687
8.888643
5.006045
5.223195
6.535072
-6.161289
-2.998632
-7.521630
-7.549129
-1.012057
-3.867046
-2.547756
0.504057
-2.079660
3.260040
4.944107
-4.032969
-5.884847
-4.637067
-0.907973
3.135237
4.368649
0.732647
-1.331298
2.924320
7.289280
-0.630735
4.227256
5.424929
-0.930297
-9.103069
9.723691
-3.229558
-7.344025
3.997372
6.355150
-11.828934
-2.965319
1.344523
-1.190831
-14.383913
3.567215
3.480812
-4.194125
-3.511916
-8.243268
-0.573939
-2.425765
-7.157383
-1.457164
-4.984535
1.588730
1.056561
-0.033881
3.524740
-14.950375
-13.838072
-9.418884
-5.043505
-4.549961
5.036262
-4.094046
-11.222865
-2.312164
-2.993329
0.537895
4.878544
2.672095
-7.796356
11.906332
-5.995113
-9.749270
7.038041
3.282012
-8.892776
-4.451808
2.160158
-5.386257
5.552629
-4.569237
3.591817
-12.024565
-3.259653
13.464796
0.539623
-7.713089
-3.180996
9.572957
0.077003
9.494009
-3.546761
-2.422705
-3.733060
-0.163484
-1.657764
15.113869
-2.433801
-4.019288
-8.401836
5.158240
-0.861326
-2.458198
5.164459
-1.285997
0.259445
10.631310
3.874533
-3.227387
-1.250376
2.582021
-2.353456
0.284265
3.359061
-1.412415
-4.720479
2.678298
-3.826164
-3.377512
6.044569
1.949515
5.993107
-14.928250
14.357254
-8.556302
2.303071
-8.284146
0.446547
2.940864
-0.602614
-1.997856
5.254297
0.060885
-2.290240
4.493017
-7.342894
3.426930
0.752082
-5.099485
7.531370
8.444075
-2.159184
-2.602075
4.859934
10.715672
-4.628347
-1.602946
-4.982120
11.403773
-7.302694
-5.900818
4.132408
-1.662576
5.816641
5.088480
-3.063085
-3.110393
-5.940438
-2.597940
5.428119
5.630342
-2.938256
2.562396
4.551285
-3.882672
-3.400962
7.267858
-6.652574
-6.548775
6.895437
3.770080
4.662293
-6.668789
-6.687411
-6.620040
-8.119951
7.691508
0.745585
3.475009
5.865465
6.482455
-3.474404
12.453507
0.715722
-6.002530
-1.050685
2.470465
13.935537
-3.896290
-7.218670
7.688389
-6.409220
-3.793795
6.151236
-3.794569
-6.768038
5.557669
1.403415
4.085602
2.697503
10.906700
-4.466203
-2.489171
4.137067
-2.428935
-1.890077
5.202955
-6.083883
4.873517
2.599498
-4.354787
-0.786863
0.035186
1.024308
-1.357358
0.616194
-0.190131
-3.102027
0.983764
-11.681079
1.490885
7.485132
-7.352567
5.921075
3.861534
-3.268131
-4.114186
10.593484
-0.951872
-2.870644
-8.673819
-3.880901
-1.395548
0.329275
5.380749
-2.965616
3.391986
2.872696
2.389565
5.805717
-2.425290
2.615655
-0.608831
-1.056638
4.388479
-3.595638
-9.163838
7.077402
2.255761
5.331578
-5.425880
-3.255466
0.667818
-9.734402
-0.892105
-9.104913
0.671656
-1.976647
0.277177
-4.952909
-3.478237
13.214510
14.805335
5.929868
-9.671879
-5.624778
4.085473
-1.072019
-9.248554
-1.148724
-7.370348
-7.085592
-10.404373
1.775533
-0.065422
-0.292355
8.183867
1.637630
-3.348563
6.568203
-3.928642
-5.033533
-1.126127
-4.924505
-2.901628
-2.180068
-4.292973
-8.597972
-6.630813
-5.103792
-3.170887
-8.583728
4.542036
3.858450
-1.180219
-2.969215
7.586807
-2.044294
-1.884666
7.370778
0.687891
4.841962
2.627530
3.158381
-4.452371
4.579287
-0.013201
0.165355
9.482131
-0.613042
5.330183
-11.437366
7.637589
6.593441
6.628313
0.438532
-0.340086
-0.427079
-0.112547
-2.122396
5.459153
-15.209913
4.280970
1.847233
12.631725
-2.214701
-3.602429
0.172786
-2.643646
8.223948
-1.314503
-9.402662
-1.464772
0.705496
6.335234
2.658021
-4.196069
-1.692052
6.971015
-5.654329
-10.113997
6.666761
4.489514
-5.010174
5.154315
-1.433249
-2.972626
2.736911
-0.341944
-6.554107
-0.166985
5.286149
0.075187
5.272111
-0.865895
5.414918
-7.042478
-0.310208
4.994118
5.770651
-11.663453
3.608923
6.696589
-4.347497
1.619170
-1.999985
-2.156530
-2.964638
-1.670242
-0.860512
0.892232
2.309199
2.908836
3.283005
6.253530
9.758002
-1.795646
2.992281
4.248541
-3.032406
-0.663360
1.928870
-2.676083
7.390569
1.206939
5.992399
2.322798
-1.344372
-6.715067
-6.554966
1.147704
0.552851
7.778250
-11.371119
0.370204
3.734547
10.234887
-3.253979
3.215552
11.381017
16.318466
-6.219199
-9.323656
-0.145360
-4.697783
-3.550587
8.703472
8.815328
-6.752784
-8.674915
-5.565422
-5.267085
4.987282
-2.800953
8.135990
6.127368
4.242741
4.142760
0.143070
7.626036
-3.124949
5.435114
-9.052867
1.722567
-0.071838
-6.247310
-5.344464
-7.263823
-6.710609
-8.374749
6.450174
0.439760
-0.015286
-1.877318
8.581787
3.914480
0.295765
-3.659828
-2.423128
-2.315592
-5.569270
-11.766057
-0.434010
1.054929
1.066959
-1.943375
-4.509826
-10.618341
1.305062
-4.938604
0.141128
5.727349
3.739544
-4.367429
-7.149641
1.129410
7.753613
-4.006116
-2.548918
-5.619804
4.777417
2.431383
-6.437332
2.989444
5.547935
0.514538
-4.304177
9.071077
-10.695251
3.837998
-6.782394
7.402009
-0.149918
-8.118760
2.856075
6.370642
-0.523814
-1.769586
1.598431
-6.286827
12.482709
-8.133242
-2.254383
-8.412868
6.794812
-6.790693
6.293626
-0.256317
5.855457
3.447415
-7.875042
2.405772
5.129619
-4.823592
2.564878
2.501882
-7.080770
6.888339
5.670730
-9.174286
-7.918486
2.286913
2.872887
-0.611000
-6.675519
0.188644
-14.403010
4.571994
11.179564
0.843896
-10.531137
3.918992
3.672901
-4.801465
4.088761
-2.290830
4.229091
3.941021
1.870906
0.610202
-2.604397
-17.757067
-6.708953
-5.083204
-9.638031
3.773454
-2.663831
-1.046164
6.323366
-14.058412
-1.721783
9.111527
-0.096697
1.558828
5.458838
-7.298604
6.553390
0.340203
-6.175129
6.531168
-8.294689
1.599504
-0.010587
4.916437
-0.979108
-2.558687
-7.183816
5.524202
2.976255
3.971912
-0.057543
1.369974
3.779286
-1.158741
-1.063713
1.051707
10.738355
-11.663138
-1.860549
-5.106503
5.119888
-3.242229
-11.183254
1.064449
0.964276
3.821535
3.070480
-1.688159
-3.482641
2.286889
-8.256805
-8.374583
1.988752
5.763673
9.836496
4.935739
-1.173174
5.010679
-9.007330
10.124475
-4.014933
-3.040654
-6.400259
1.940897
-7.575695
1.183091
-7.300942
6.718586
-7.847841
-5.977697
-0.566881
16.482538
3.701287
4.584672
-11.667077
-4.916291
-3.731755
2.835112
-3.570873
9.768554
-0.762289
-7.334004
-10.517556
-5.662307
-2.229695
-3.767022
2.894224
-1.438374
0.030122
-1.920830
-3.465830
0.262342
-7.834769
-6.741348
-8.127921
6.226863
-6.915243
-4.752212
-4.893762
5.250720
-0.748016
-2.743552
4.087547
-13.434032
0.372705
5.331769
0.820170
9.557275
-1.528017
4.463777
5.965579
-1.389221
4.517592
-0.500032
-5.286302
-3.626303
5.210836
2.778636
4.757551
-8.357975
-1.633991
-1.154856
-4.722309
-6.127837
-7.419069
-7.729893
10.547402
-6.319573
5.802629
-2.601348
4.031050
0.412010
8.860649
-1.531453
-5.906689
-3.143987
1.893817
5.707027
2.536311
-7.272140
-13.000078
6.627079
-9.011697
-0.300912
5.568597
-12.181523
0.330186
4.867347
3.006395
-1.244097
5.208631
0.643828
-9.469356
-4.251082
-7.453948
2.117090
1.527840
4.039679
7.090782
2.915563
-3.087477
-3.408829
12.877658
-4.925082
-9.464053
-2.177432
6.180519
-2.045517
-6.277101
-1.026167
8.414942
3.926160
9.835179
1.511283
-6.253722
-6.461269
0.774678
-4.620659
-10.693915
2.523612
-5.287300
5.523602
-13.898729
4.946362
-0.980794
-11.116725
-12.211800
5.186804
3.963799
5.017678
-3.717301
2.520804
-0.296161
10.082465
-1.675289
0.075160
-3.337056
-1.501570
-1.224754
-2.269024
-1.437242
-11.111547
-3.682110
-0.583739
-3.450323
4.925183
-3.136744
-5.064306
3.959187
-6.544273
-1.443122
2.662272
-8.439393
-7.819304
-5.347787
-4.715174
-1.761176
-3.898839
10.190978
-3.247185
-5.607090
-7.036027
9.776715
-6.636383
-1.424780
-13.353838
0.825981
4.199335
-0.891110
3.679408
3.280511
6.401255
6.191364
-4.759188
-7.553380
-1.692404
-0.496802
-0.326242
14.750571
-1.779711
4.974620
2.437497
-2.218791
-1.015450
5.269480
6.471619
-3.684665
5.717418
3.638114
8.405491
5.635092
4.569267
11.557996
1.042132
3.780151
-2.057536
6.436303
-9.012195
5.197905
2.660307
11.803967
-7.656127
3.540433
11.357729
8.282999
-3.285329
-3.972607
1.438948
-5.779644
-2.066854
5.846556
7.314110
6.378536
-14.825733
-0.467634
5.991860
6.118708
5.755188
-0.956236
-1.290045
9.811378
7.189128
-8.051932
-4.246551
-8.107612
-9.005925
-8.664087
-1.890258
1.984485
-4.773026
-5.283903
5.921739
-1.692677
-3.872602
-4.266735
-10.188440
-5.135036
-5.201660
9.241308
3.295116
-1.576262
5.796483
4.042764
-14.641031
-0.463461
5.404574
-4.692626
-6.365853
-11.905321
-7.761548
-1.434344
10.249632
0.959844
3.144134
-2.126354
6.759184
-9.519192
-4.164928
-5.628206
0.474213
5.372148
0.467322
4.206053
-9.030734
-4.737947
-2.682930
-8.514023
-5.226381
-4.719646
-7.507362
-14.181160
3.035686
-0.854176
-7.336741
9.253396
2.491562
6.754625
-18.627398
5.975134
-5.322888
10.703367
0.532809
3.706270
0.678344
13.518538
2.977026
-7.082432
-11.662544
5.981253
-2.581780
-0.834360
-3.909910
0.151731
1.045909
-22.556177
-3.120902
0.144789
6.430841
-1.356594
1.260532
-3.235521
3.048087
3.795676
3.284044
-2.821354
0.887212
11.642394
2.283175
-7.893666
5.268230
3.340893
21.289429
7.041068
-0.323563
-11.635730
-1.485149
5.704556
5.758247
13.114319
5.661105
0.641496
-6.462269
1.880699
-8.168994
-1.741547
-19.363281
-2.507287
14.445953
9.863893
10.120203
-3.273717
-5.606147
17.658949
1.830158
5.523709
9.842574
-6.540332
-0.976302
4.909309
0.489079
2.100376
1.197876
3.532218
-5.787434
-6.511216
-1.854908
1.045463
0.347490
5.515604
1.362963
-5.989039
3.054419
2.571494
0.168449
1.959153
-9.427244
4.756576
5.009581
3.127202
5.573054
6.206386
-17.203859
1.201979
0.795599
-10.787633
3.858515
3.865821
-3.524168
6.381758
4.672711
14.194783
-0.774421
5.430376
-4.919216
-2.893767
9.759948
6.840736
-1.539111
6.430840
-0.510659
-3.817843
-3.632574
-9.102182
-0.896684
-2.037619
-0.083801
2.948980
1.546072
7.364316
11.962606
2.591379
6.953419
-0.634197
-8.102346
-0.082470
12.370139
6.972775
-4.419756
-2.626491
3.478248
5.030226
-2.807715
1.447170
1.964448
2.270043
-0.801165
-5.691753
0.881487
-2.780320
3.279334
2.831995
2.097995
4.401594
-3.956192
1.614667
3.302914
-9.883565
-11.622531
14.645110
6.219537
-1.634019
-2.707001
-5.739916
-10.810096
-0.574613
0.927616
-6.705915
-8.190168
-9.519710
-7.794279
1.428907
3.430062
9.016753
-3.918007
-1.638740
12.434401
-0.084982
9.372464
-10.185023
-5.510077
9.563147
10.383830
-3.316004
-19.794060
-6.571297
-8.241764
0.810221
-7.436332
-3.405065
7.683517
18.471317
-1.819120
1.473164
5.493479
0.096028
-8.731850
-3.821497
6.249747
4.186206
5.950047
-4.402177
3.202347
8.797234
-1.558511
9.454823
4.360456
7.649855
1.794541
-4.319678
2.513784
2.093903
3.618050
-7.030156
-0.672855
-3.271414
-1.674872
0.412439
6.913239
-2.009066
2.908493
-2.680087
-8.624290
-8.382438
7.668583
-11.062079
-4.501991
9.876135
-1.971421
12.796315
11.387373
3.899748
6.087562
-1.102330
-2.099847
6.293390
-4.653535
-1.195551
-5.678502
6.369715
5.712726
4.076394
1.637881
12.794071
0.300653
-1.712286
1.763159
-16.605556
-4.226234
5.637101
-5.065082
-9.217206
-1.988763
1.352232
-11.882791
2.927445
8.178412
0.315782
7.787426
-6.438277
-0.718529
-2.695523
-6.938924
-2.803872
6.228045
-5.742765
-8.085143
-6.631943
-13.655457
-1.780703
-10.507689
4.587289
4.591945
-6.641797
5.906962
3.492569
-11.064459
-1.318060
-0.699728
8.217214
1.205554
-2.877059
-3.449398
0.900095
-4.110135
6.017189
1.238536
0.879570
-10.831364
-8.600685
-5.401331
4.819730
4.804657
6.178219
2.333579
-2.267063
2.492349
-1.275770
2.800868
-7.612630
-7.844029
3.674115
-9.691324
7.700329
3.698116
1.232764
2.703239
2.385082
-2.742172
-4.762281
-5.920699
-0.325310
-4.488088
9.556726
-2.128953
-7.676953
6.739371
11.008501
3.396584
8.462947
7.841242
2.401000
13.473028
1.507121
2.646129
4.182507
6.250034
5.558743
-8.054153
7.024335
1.923608
-0.154957
-6.865484
-4.406857
9.498861
2.688409
12.876748
3.024137
3.116410
11.071605
-6.544898
1.132722
-8.119134
-4.961415
-8.058597
-16.226515
-5.680398
-5.153544
-3.332815
1.123114
8.146665
-10.879197
-0.746192
-2.269892
-9.980014
6.707249
-10.306454
5.596640
-1.765975
-3.504775
2.376003
5.143008
8.242065
-0.374330
-8.029163
-9.138136
-1.732108
-3.994319
-1.719745
12.656963
5.381888
4.272082
5.319712
-1.589841
0.448555
-3.925958
6.962006
2.587939
7.711542
-7.879758
2.256623
-6.448065
-3.260047
-8.920662
-7.781824
-6.631614
-0.527843
-0.608974
2.958516
0.658876
2.669103
0.750300
11.227679
-2.035509
4.578370
9.163321
8.360061
8.309465
-6.854811
8.735522
-4.133699
3.850764
2.020278
2.470966
-3.894974
2.498911
-12.002717
0.741732
-2.154327
-11.542055
-0.241132
2.902788
-9.776240
-5.432813
-5.506134
4.153018
3.928676
-10.079979
-3.976279
9.641007
-0.900594
2.830505
11.216878
6.812510
4.664087
7.982695
0.184015
3.717013
1.838039
0.007386
1.540874
-5.605666
-0.761302
11.846751
-0.356409
-5.982451
-10.574889
7.560828
6.302165
4.116337
4.965893
-2.685265
-17.499336
-8.965993
6.648063
1.207223
-1.670132
6.711311
-2.446768
5.520020
-5.055091
-3.503711
-3.614148
4.253914
-9.426038
5.570806
16.790777
-1.218845
3.929963
0.752696
-12.670144
-4.720769
-10.348709
4.632485
-1.304754
-6.541594
0.925758
-1.096022
-5.678722
-9.173525
7.227563
-1.911581
-0.506082
1.897943
3.105893
-1.986678
-9.681346
8.680753
6.487517
-3.652957
5.682816
4.571722
8.031003
-0.118635
0.117138
-7.464248
-5.836787
4.453458
-2.704908
-1.166403
0.137862
-9.120610
3.240046
7.305807
0.596293
-5.846625
9.269682
-1.200563
-1.242614
0.340216
-1.652884
1.247158
3.822729
-6.464917
-9.498425
8.665101
1.685718
-8.984015
-4.691255
-4.059716
5.550278
0.962345
10.399685
0.975581
4.426244
-8.372974
2.783950
-6.606580
-2.185473
-0.198468
-7.081647
-5.133943
1.736205
-3.868212
-10.492308
-3.137090
3.921002
3.070669
-0.012868
1.955067
-7.683038
-15.208717
4.307924
-4.070010
-4.518255
-8.736810
-1.332499
4.276551
-3.372889
7.802629
6.546703
-11.733568
4.431152
-6.818524
-3.222030
-3.144484
7.452353
-7.676246
2.347740
5.898669
-5.075531
4.664682
-10.143068
6.012105
3.048515
-3.217163
-0.742184
2.960081
3.554656
-8.037005
-7.263753
-6.226526
5.177723
1.558853
-0.573237
7.185808
1.574270
2.517563
6.823790
-2.999673
-4.730593
0.468793
-7.063242
1.976868
11.747103
1.765985
0.635253
-0.630856
-5.217628
-2.953257
-4.571925
5.926808
-2.225478
6.544546
-1.782807
-11.935101
0.660766
-0.026570
2.993464
1.434830
4.400444
-5.687791
-1.278378
3.320166
-8.669307
2.687940
4.616312
-7.495215
4.647163
0.113633
1.530429
4.747294
-1.073857
-1.582785
-0.863029
6.475863
-7.035159
-9.924421
0.655690
-1.080222
-2.369076
-11.477588
3.836089
2.704723
-0.054486
-0.749040
3.094691
6.235630
2.269191
4.181421
2.116915
-1.219643
3.072746
-6.890828
2.950958
7.428668
-3.918047
8.381973
-3.729993
-12.266904
2.079188
-20.600273
1.016785
-1.238522
-9.347120
-10.181767
3.172929
-1.927094
-1.975689
1.599221
5.180242
-8.578150
-1.960999
-2.585723
2.524363
5.321258
5.412393
-0.174582
6.181171
-5.899291
2.001819
-0.985986
10.892881
0.099055
-6.628431
-0.515438
0.417514
-3.547221
-0.653819
8.794009
7.590486
4.835653
9.730370
-0.660607
-7.947794
-8.540446
-2.185442
-2.003155
-8.720655
-2.126484
-1.781880
1.196627
6.307391
0.192831
-10.946927
-9.618537
-3.865031
-3.474429
-14.926767
-8.911868
-1.677183
-9.731025
-2.914052
-5.026304
2.616310
3.679582
1.187411
8.653052
-1.153668
-0.131449
6.311590
6.936132
-3.356726
0.969576
5.071892
-8.466050
3.744122
-7.225998
-0.624315
-7.736784
4.670804
-7.238593
-1.073197
0.650772
-2.315917
-4.844449
-11.670273
1.997259
-2.583290
-2.583933
-4.217699
3.430813
-4.636261
-2.385319
4.402134
3.414374
-10.634065
7.370653
-7.336647
-1.466107
-4.455868
6.695925
0.295795
2.748722
-13.029783
4.706314
10.544394
7.670633
-10.629380
-9.007098
4.695145
-10.531928
7.746936
2.212238
-0.557108
2.246828
0.872744
5.809894
-3.430921
5.892164
7.410687
-3.176492
-8.739567
-0.183301
-7.878944
-4.521671
-9.217937
-11.077343
-4.016488
2.033073
-6.611920
-2.819809
8.613955
-0.229688
-6.723793
-0.448432
4.992659
-12.502666
9.693011
1.702969
-1.153220
4.643705
5.083386
-2.776603
-6.537539
5.056929
1.975394
-3.834097
-2.560433
3.667159
1.661388
-4.947047
3.223316
5.656439
-6.134537
-0.786709
5.832675
-4.775665
7.209945
10.852445
-1.955111
-6.134764
1.932219
-6.354474
-3.196032
-1.619425
-0.257588
2.575541
4.012918
3.017183
1.231631
-7.578606
-6.845101
-4.817765
-9.235724
4.365499
10.436810
-3.534836
-14.431875
-2.629782
-4.650543
4.973513
1.484692
10.471521
0.287580
2.710464
0.336701
-0.199804
-2.267189
-6.194342
-1.513922
5.160896
-1.486542
9.183794
6.120307
-1.558309
-7.069453
0.359378
0.696702
4.363348
-3.510535
0.049393
-1.838740
-4.015955
7.020696
-2.262476
-8.969213
0.871160
-9.667481
3.773895
-4.077666
-5.487366
1.390072
-5.552103
0.484952
1.150895
1.632850
-9.318797
8.341061
1.953977
10.778091
-6.717927
-10.092199
-4.460156
-2.859098
-6.442886
8.963855
4.850993
-5.604636
-1.084042
6.157009
0.197720
-9.486675
2.897259
2.616354
1.428459
3.807469
-0.870303
-1.494330
-0.414505
-1.882200
-3.809572
-0.747699
-4.233898
-8.773133
4.512084
-3.222553
-7.399961
5.613283
3.300100
2.829452
4.371324
8.032906
-5.717290
-0.969329
2.694237
5.558664
1.762411
1.822215
-6.219290
0.768788
-5.666581
-4.516895
4.422300
-1.337758
1.595772
3.428676
5.383496
-2.091710
-0.067332
7.948936
-9.715748
-1.941844
-3.081957
-0.155724
-6.695642
-7.241185
6.813290
-1.618505
8.399839
-1.077242
0.793149
-2.799128
3.169106
-4.269015
-1.804812
0.694927
-1.009938
-10.576026
7.540761
0.522715
-0.802484
-2.398451
7.282374
4.481235
5.975937
1.182693
8.917368
8.043200
-1.973482
-6.705235
5.686480
5.834930
-6.999372
3.884364
1.042559
4.351125
-5.243083
3.553826
-0.691685
11.166020
4.959107
2.370600
6.344800
-7.105354
-2.678339
-2.333641
-6.338988
-7.301348
5.342184
-7.023932
0.070783
-3.393509
2.183762
-0.256183
0.896805
4.986630
8.314805
2.878761
-5.357709
-9.504853
-0.688630
-10.078543
0.005682
5.230994
-5.791449
1.722640
-7.064181
-1.030480
-1.489523
-0.396284
-4.081428
-8.626040
-2.801979
8.043209
7.254465
-2.607824
0.361588
-1.520316
-9.378831
8.834480
2.966962
-2.674153
1.293255
2.973885
1.854000
6.196259
0.659087
-3.126730
-6.939240
-2.813009
-15.163383
1.210508
4.071144
1.747352
-1.636849
3.619038
-8.247466
-0.823085
4.620662
-2.355104
3.405766
-6.669476
10.393131
5.112095
14.543941
10.703922
5.969011
2.214778
-3.707573
4.212466
2.949974
-4.575369
3.546493
7.571011
8.766341
-0.252629
-2.254789
-3.914050
-4.647798
3.392131
5.123168
-3.920102
-0.813346
7.595476
-11.448455
-0.433784
7.062612
4.180143
4.979339
-4.815033
1.737145
-0.736849
-5.254655
0.443502
2.508815
-8.428852
-4.548692
-2.813768
1.724620
-0.127835
-3.606649
-12.681698
-1.858426
-2.299612
-6.214460
0.510164
-5.087021
7.047135
0.416022
2.062976
-3.338573
0.261307
-3.126308
-1.344203
-3.099076
9.561182
2.440960
5.829218
1.780646
-5.011643
-4.225588
1.141856
-6.658316
-5.087762
-4.839771
6.825518
-5.298556
-0.645913
4.861142
-5.701150
10.136452
-4.760691
4.746580
4.435517
-8.969235
-1.476950
-10.401770
7.402411
4.228929
0.168765
-0.216031
-6.985066
6.989093
-2.442799
-3.901309
-8.910868
-6.041637
-1.169017
4.795235
-4.497113
4.388903
0.904340
-4.011038
8.487318
4.800710
-1.744715
4.093139
1.231535
-1.547209
0.553074
2.345217
3.036275
-4.358153
-4.357680
0.770116
8.603771
10.350489
3.252241
-2.881204
2.628043
3.519088
2.345940
8.587596
7.334583
1.510198
-1.967846
-3.326795
-8.103523
0.143136
1.692685
-1.997396
-2.374249
6.872018
3.790605
-11.758880
-6.761672
-5.000941
4.600076
-1.606836
-3.075055
-2.454052
10.738064
-11.162956
-4.307040
4.545954
4.797292
-10.910149
-4.566893
-5.170424
-7.624713
-4.187953
4.549850
5.016028
-8.464523
-5.119168
-6.956647
-1.532268
10.899103
7.935928
7.060651
2.832958
4.204519
-3.812849
-14.175191
-1.412343
11.180948
-2.411819
-5.434605
-8.273572
-2.635623
7.994643
-10.582081
-3.390276
-6.718533
-6.154375
5.128873
7.406755
-1.389390
-5.765387
-0.023343
-9.237922
1.096344
3.157302
-5.390656
-3.828846
7.302098
-10.056111
10.598198
2.258432
0.537104
2.624705
-1.516643
-12.004539
0.066394
-3.274427
10.705868
2.382708
-10.881600
-3.466293
-0.941945
6.193859
-7.684462
-6.382484
-6.042382
-6.046343
-0.125607
15.390984
9.450036
-0.583193
7.061544
5.138938
7.691955
-1.812428
-3.343503
0.431651
13.656010
0.871245
-4.326516
-7.017493
0.658805
0.270845
-8.720675
8.183651
6.280763
-8.271841
4.553354
0.049620
4.151628
5.870737
-4.555779
-10.884476
1.174651
4.428750
4.828061
-8.429471
8.637250
0.169725
11.269999
-0.754758
-6.894107
-7.373645
7.500476
6.013774
12.095934
-8.144624
-0.757206
7.445720
-8.474999
-4.200737
6.505145
5.537203
-3.282444
2.145877
-5.291295
-7.216051
-3.452799
4.953065
-4.324031
-4.125730
1.326987
0.493496
2.189328
1.444575
-3.157460
-6.141324
-3.625202
4.372775
-5.078736
-4.099317
-6.637988
-3.352494
-5.796179
-0.070485
2.178823
-0.226371
-0.311457
3.223320
-4.504158
-9.275362
-1.132061
-6.533709
7.413848
-6.575675
1.517725
0.692851
5.031155
-1.585406
5.867376
8.844347
8.030031
2.566856
1.795610
2.901852
-4.650806
-4.596378
10.700697
5.641233
2.591231
-3.462329
0.964296
-5.809711
-10.405423
2.567954
2.818888
12.989025
-0.563885
3.457306
-5.606823
-1.310019
2.300363
-1.706684
1.373876
-1.406291
-7.772809
10.208858
4.511872
-1.262764
9.070773
7.858020
5.481517
5.340381
-3.487142
9.271801
-8.344998
-3.649827
4.768068
2.047259
0.607502
8.405517
0.901590
0.764277
1.296856
-1.990229
-6.218634
-1.835855
2.494711
-0.246456
-1.499185
-1.104548
-11.298921
-2.915381
-9.375176
0.835195
-4.352732
7.175430
1.341473
-5.003402
-6.521142
5.944199
4.308614
4.936468
0.369242
-8.279293
-0.787457
4.522572
6.254867
7.372471
0.958294
-5.991670
9.557884
-3.436197
-10.230948
-6.010894
6.388198
0.920911
4.959717
2.666229
-6.368361
1.704649
-0.651732
-6.568091
-7.220522
7.042225
-0.071432
4.539129
-1.035365
9.364784
0.407139
-1.270761
1.662000
-3.702059
-12.200966
-4.375414
0.513088
-1.526443
3.358545
2.703219
11.111694
10.839010
4.545440
2.940184
0.572621
9.098223
3.499208
-3.180207
-3.607503
8.577002
-0.790224
-7.199020
-1.461700
9.443069
4.628270
-4.276201
4.974835
-11.586610
-2.990013
-5.029388
3.452360
3.196832
1.909186
-12.964911
-5.191538
-8.034479
-6.635751
4.426632
3.301539
3.480356
1.036933
-8.102065
-5.483558
-2.535733
3.400012
-0.304441
-4.307137
-1.465994
8.038200
7.364163
0.930182
0.557946
-17.377005
-6.719876
-4.587798
-3.010473
-4.332514
-3.257845
-16.288410
-4.122473
2.550816
1.894311
13.021018
-7.050579
2.555800
1.753940
3.258683
0.834083
-7.718981
1.235935
-3.069221
4.792752
10.588430
-2.957699
-4.289834
1.277780
2.556989
5.496067
10.115303
-6.770025
0.858438
-1.156434
1.174257
1.651639
5.757137
2.384326
-0.448982
-3.264614
-16.482882
3.139557
-6.415731
-1.291591
3.384219
5.333600
-2.410751
-11.227787
-4.522507
6.864464
-7.982508
2.767440
7.547074
-1.216574
3.710306
4.062159
-2.777972
8.663269
6.548896
-5.724241
10.377414
-4.469437
7.397271
7.930691
-0.346437
-8.007015
-6.323056
6.554358
-0.784179
-1.999830
3.805257
-1.087120
1.743658
-3.326949
7.843077
-1.978222
1.516536
4.095589
-7.553878
-8.328532
-2.303965
3.070584
-8.860026
1.538744
-9.613008
-1.432019
-4.009689
2.923261
-0.023354
-3.836978
-8.736139
2.636584
2.119701
-2.981436
0.371686
7.117032
1.122369
3.067589
0.166952
0.132458
-7.906402
-5.234027
-6.478064
-6.927927
-1.531847
-3.340459
-5.518682
-3.938779
3.245109
1.582210
-0.824675
8.370778
-1.910640
6.017397
14.358265
-11.447725
3.414780
-5.788890
1.540516
13.349936
5.981023
-2.729810
-10.981330
-6.641189
-6.092367
4.505068
4.127487
-6.172299
0.104546
2.578135
-3.285181
-0.597311
0.135881
1.933700
-9.081546
-3.847391
3.479962
3.894970
1.524649
2.705709
-0.870877
-15.446666
8.941360
-4.326531
1.663573
-3.785476
5.960441
6.129009
-5.761069
0.042625
-2.829578
-0.514724
-5.387652
-1.622250
2.148323
1.895926
-12.588102
-2.590322
-7.002005
-1.472640
-11.683580
-9.809434
5.905099
-9.890699
5.445934
-1.385386
-3.188963
6.706785
9.260546
2.542693
2.944709
15.299634
-3.698712
-9.383963
-0.650321
-4.638703
-1.100751
8.471560
-4.704144
2.986260
-0.961327
2.444652
3.848746
6.322109
2.133441
-18.862982
1.900786
4.030366
3.576971
1.748954
-3.404785
-3.832237
4.842284
5.514944
3.163105
4.176784
3.807711
-2.046134
7.587296
5.869093
-1.275050
-5.188212
-16.672937
-10.864989
-12.731826
2.864397
-9.279774
1.890676
-0.794976
-8.205962
4.206841
-5.859595
6.117207
1.503651
-1.737951
-4.825297
-5.871461
3.500630
5.565701
2.217898
2.576852
2.428594
-3.157195
3.310490
6.497438
1.917058
12.780433
-3.517400
-1.823268
-4.559892
-11.711897
-8.689937
-12.904121
0.392586
-0.283059
1.589707
-3.273519
-1.017457
4.783404
-1.410954
1.153928
-8.776822
1.710534
-10.094381
-1.117441
0.249920
-0.110603
-1.913714
-7.281404
-1.720975
0.023436
4.976929
-0.176003
6.730125
-10.486522
-0.183639
0.793892
5.827222
-0.697732
9.043135
3.668324
-3.749932
-6.233062
0.784022
1.027061
4.872925
-1.605777
10.398208
-4.807053
-12.391273
7.079453
-7.943069
3.939033
-4.422071
9.479650
-5.491665
-15.389957
-3.622350
-16.387333
1.609632
1.803886
4.702011
-2.365786
3.020723
5.759867
-2.249430
-4.519185
3.967079
-6.864353
-2.722256
1.634884
-0.194153
0.158133
0.668119
-1.789405
1.383203
4.193611
-0.022655
-8.190459
0.334090
-2.118403
1.890984
3.923696
-1.009871
-3.961003
-10.378215
-9.640491
-4.697010
-7.180677
-4.111947
4.599526
9.173790
-9.437195
2.365859
-6.340993
4.754928
3.797914
-6.578836
7.617054
2.807045
11.682804
-9.607799
-11.209526
-6.612998
-3.034673
2.011390
-2.257222
2.775267
-5.081030
-6.562536
1.936174
-0.259172
3.631449
11.269975
-8.556057
-14.210606
2.838384
4.966782
-1.894874
-4.031579
-10.609054
-9.671409
1.814235
-11.694044
-1.546715
1.749438
7.510195
4.904531
-1.246219
1.171734
6.325966
1.095719
-0.320875
-7.546714
-2.308403
7.567608
0.212404
5.873702
5.598315
8.724893
2.163696
-1.055593
-1.056348
4.857066
2.599397
-5.923893
-1.605623
6.310625
-1.710238
5.095827
-3.699689
6.556901
-1.436307
1.146170
-8.739134
-7.655560
6.220852
-11.097603
-3.590632
-1.434181
8.501824
5.789170
-10.197678
3.678691
-1.733717
-10.089519
2.964158
-5.379448
2.944088
-2.080159
-1.769471
-4.332370
-4.029824
5.582601
-11.933662
-5.795922
-10.423246
4.002788
4.711396
-5.829420
-0.198193
3.942725
-7.837130
-3.015647
7.066961
-2.357246
-2.008491
2.706372
-9.627169
-2.978083
6.609970
-4.302890
2.055176
4.836096
-6.635427
-1.354202
-4.023130
1.539072
-7.653674
-5.643184
-3.389634
1.904501
0.880169
0.646837
6.115729
0.562045
7.667119
0.118980
-5.984247
-8.096617
6.444470
-8.976773
-1.674933
-4.753853
-6.899638
-0.350721
8.332169
2.292337
8.240011
-2.532660
0.678154
-10.895587
7.197723
-0.414034
4.352791
-5.403413
-0.605659
8.072875
1.821203
-7.913278
-6.936136
4.347588
-6.843893
4.056672
-0.157164
6.118638
1.427712
-3.809003
-8.033279
4.779172
1.783399
0.846776
-1.745515
-6.011992
-6.955740
4.049330
1.432175
0.437992
1.136696
1.975444
0.787518
-0.344866
-4.459787
4.416305
4.099240
-8.177334
11.638346
-1.523824
0.046778
-10.936925
-3.777774
2.351969
-2.335645
-3.554081
4.602914
-1.986319
6.051184
1.032744
-6.867987
-4.080637
3.600004
-1.531821
0.354603
4.138249
-7.286611
7.428252
-3.359578
4.706427
-1.765249
-0.655933
-4.730086
5.661632
0.129357
-11.076647
-3.461188
8.050783
-6.597359
5.092948
3.588860
-2.841225
4.345736
-10.651576
2.111361
5.533708
0.097683
5.731631
-1.440613
5.751812
4.563093
1.444436
-1.068438
-4.605891
1.480626
4.423841
-6.008082
4.563701
-4.951835
-7.349959
0.805024
-7.717605
6.671065
5.427846
-4.699251
-8.223557
5.557772
-0.895553
2.343431
6.969761
2.028033
6.083667
0.154218
-9.861300
-8.392605
-3.038657
3.719871
9.517631
-5.920063
-9.787302
-2.846731
-8.805638
1.607901
0.545034
-6.141560
-4.842293
6.646534
-2.309811
4.909344
5.910304
3.966718
9.548021
2.651182
-12.926829
-6.408152
11.734283
1.824328
-8.482280
-8.552819
1.493461
-3.123690
-19.792011
5.246509
6.595583
2.167174
9.527550
5.648286
0.435576
6.167943
5.377954
1.101282
-6.883063
-7.125552
4.003617
-7.085598
1.027087
3.748097
0.054663
2.591412
-1.082260
4.075099
-4.364572
10.824365
-8.089719
-6.880970
-5.137813
-6.424095
3.354612
7.271528
-8.965894
-6.248673
4.175183
-10.560006
-0.139325
-3.263018
4.627681
-5.420429
-7.024437
-4.195875
1.935019
2.177578
10.692444
2.570925
-9.831740
-4.896026
-2.144618
5.459927
-3.808700
3.132070
-3.990732
7.496099
-5.810170
0.556031
-5.818687
-6.386734
-1.060535
6.110460
9.932154
-6.848320
2.776334
8.127184
0.336175
-4.506528
-4.756351
4.436746
-0.474883
3.713435
2.159835
-0.827758
-6.527813
5.824866
0.663255
3.326892
1.363020
4.414589
6.190516
-3.984968
1.523395
9.334512
1.594190
6.433100
7.278717
-8.215701
7.957480
-1.643411
-5.036566
-6.343874
0.192213
1.388413
6.214885
-5.746374
2.897846
-5.137691
-11.406407
2.075313
5.992598
-1.322603
1.540289
1.819699
4.385479
1.361191
-1.311171
9.382329
-8.606709
2.721900
-5.734992
0.256843
7.933642
-8.252112
-10.051008
6.987657
5.689886
3.358061
-9.061066
-1.537383
-6.583655
4.803795
5.685177
-2.264254
-6.212865
5.052025
0.232938
5.905838
9.763413
-8.068937
-6.305385
4.559100
-9.273550
-7.764884
4.688833
-9.835947
11.313602
0.658139
0.023485
5.590097
1.460623
-10.495153
1.194009
3.953212
7.397527
-9.150788
-5.956028
-0.434863
6.325224
0.797987
5.903837
-3.117466
-9.306928
-8.008553
-19.163015
5.390812
-7.401960
-2.462993
-2.928899
3.002022
-5.711544
-4.119833
-3.074751
4.149095
-4.663346
-3.522490
-0.942868
1.508261
8.311981
-10.377466
-4.730870
-4.493740
4.439290
-1.766055
-1.784178
-6.621528
-12.057753
3.363915
-7.076310
0.202534
7.577217
2.641941
1.854430
5.246849
11.769757
-9.127378
-3.611830
12.557949
-0.774807
8.187029
7.912838
-0.069277
-0.950874
-4.936703
7.101089
-3.619062
-10.210690
-3.489682
5.474446
4.582211
-3.561397
7.434659
11.916288
-0.721218
-7.689488
2.912964
-1.270247
-7.793772
-8.164605
-1.024893
-14.246817
8.504133
3.895540
8.001533
-1.493546
3.800141
-1.097856
-2.340409
4.771347
1.138920
1.673401
-1.908104
10.394293
-3.378031
-3.107863
3.646878
-0.490132
-6.239388
-7.019006
-0.343280
-6.625139
3.048026
-0.999802
-3.782844
-6.927781
2.432268
-8.100686
-6.744837
-3.226302
9.466824
-1.221570
-6.957630
-1.289037
0.427552
-4.296699
-8.479239
-3.750885
-10.761746
1.527849
-4.093064
-4.324183
2.697004
-4.754081
4.147349
4.311746
-5.851481
2.142033
-5.598334
-5.233903
4.292154
5.433279
-2.258015
10.591790
-0.913219
-6.686214
9.874149
9.439535
6.034721
2.871592
-1.906481
-8.600342
-3.714149
2.196991
-6.073534
6.920954
-4.318705
-8.659255
-5.963339
-6.103445
4.154009
-11.005800
-3.944528
-0.502011
-2.195327
-6.418955
-9.562096
-7.530306
5.841677
-0.674515
7.964564
0.353540
-2.949506
1.987026
-2.806895
0.198708
-7.782665
3.466879
8.524128
3.609484
1.983604
-7.259578
3.585910
0.762385
-4.132391
-9.206715
1.345931
-4.466455
0.692263
-3.086202
0.518351
-16.528225
-9.528105
-6.918602
-7.748333
-11.152595
-4.239898
-3.927847
-10.349846
2.225539
2.784854
-1.029920
-9.755803
2.007759
-5.472276
4.270280
-0.786822
6.738844
-14.003929
0.028483
3.070178
1.023543
-1.714214
-9.208239
-7.937859
-1.927950
-2.524563
0.002667
-5.589508
-4.455462
-5.885702
-4.068257
2.541111
-4.266549
-4.995923
-9.118139
-7.186788
-4.596069
0.487033
6.069621
3.000076
3.229741
0.898525
0.840806
-2.496817
-5.378054
-5.119309
2.371565
-2.905850
4.702640
0.551603
-1.554968
9.831591
-3.717721
-2.546630
-3.667557
-10.373222
-6.941305
2.953006
-1.246219
0.475456
-13.343993
1.197270
5.221834
1.578190
1.657517
-5.364407
-1.386765
-0.520621
-1.670503
6.775063
3.607525
1.085422
-6.512279
2.228902
0.059271
-6.725681
6.020719
-7.008245
-8.581936
-4.055957
-9.797611
-5.507160
-1.603171
-14.368301
-2.555229
7.116984
-1.676335
-5.979647
4.247362
3.124578
0.514194
-9.969890
0.206282
3.745302
-0.554063
-1.394889
-0.421355
-15.752116
-11.218824
0.774231
-1.387155
-2.937323
6.220253
1.813690
1.224013
-3.150234
-3.694978
-5.586753
2.169705
-8.283606
-5.046765
5.105819
-2.626818
5.666426
4.724872
-5.786606
-5.235434
4.539313
0.788347
-1.307359
-0.159793
-7.776927
-1.418110
3.011673
3.877265
-9.273792
-5.037130
0.238840
2.118946
-3.754663
7.554616
-3.597539
5.315650
1.210853
4.567691
3.306665
8.245649
-1.008698
2.132750
-0.354176
-3.237715
-0.405109
5.087843
1.726533
4.026189
-1.152035
-6.805430
-4.687641
-3.988901
4.449378
6.877293
3.792579
3.746979
-6.351741
-1.976776
-2.187800
-3.481774
1.464203
6.665799
-3.079377
-2.360712
-6.975800
4.191095
3.385259
-10.501628
5.286331
-3.937888
0.895916
6.534134
5.113969
-9.429298
8.552748
-11.534924
-10.455864
-1.634092
-1.983520
4.707816
1.331905
7.925839
12.144566
6.964345
-8.715481
-8.075994
0.703807
-3.088342
4.678607
4.660880
-10.138240
-4.835502
-5.882031
4.532608
-5.275379
0.455435
-4.759470
-3.607900
-5.875725
2.121201
4.616482
-6.067374
4.552908
7.040963
-9.197858
-2.492823
-0.292796
-9.477502
4.421183
-11.423116
-7.096949
5.318125
-7.329353
7.319647
-3.844188
7.500350
5.321422
-2.908110
0.907621
1.645669
-5.483130
4.635351
-8.837972
1.109467
-3.747581
-3.724828
-4.187802
-3.137305
-0.207590
-6.570506
-1.407058
2.811519
0.419570
-5.152261
-0.996091
0.827639
-1.771380
-2.749190
4.431071
4.472269
5.487296
-0.424060
-2.686514
-1.746335
1.336682
-3.610525
-2.191381
0.513002
6.057211
-0.199151
-11.496205
-3.581386
-4.410438
7.750085
5.352921
3.006202
-2.005570
7.877954
-1.888322
2.134187
-4.708221
0.519854
2.986249
5.014289
5.175542
7.244167
3.813240
-2.331782
-8.554200
5.147455
6.381482
2.783051
4.209930
-2.796183
-1.365812
5.641460
-2.436858
-0.566618
-7.088302
7.375443
-6.202955
-1.993730
5.498806
-5.734380
7.031333
-1.983245
1.389437
-0.059788
3.730069
-7.186897
1.500156
1.130054
-8.295226
-6.510008
-2.458131
2.171454
-5.355767
-6.512459
-6.108457
-4.121970
-4.103384
-4.645510
-9.497075
3.804554
-8.130348
-1.526636
-9.892385
-6.395567
5.990047
-5.458646
-0.986498
6.743246
-4.387608
5.802823
-1.884042
-5.138186
4.069160
-7.197557
-9.543685
-6.015690
-3.268864
8.299505
-2.001904
6.157687
-6.497667
0.452379
7.827865
-1.447559
2.241677
-9.857403
4.277075
13.660535
-8.081562
-5.023457
5.402984
-4.371480
-3.197865
1.171646
5.663988
-12.188165
4.091881
0.281238
-7.021620
6.143019
-5.522567
-0.881063
0.925845
3.379942
1.209408
9.794886
-3.783491
2.437231
2.045336
-5.230375
-2.077266
1.120653
6.113471
0.119389
0.429508
-4.392074
-6.326084
-0.844892
-5.466887
0.791751
8.481205
-1.709593
5.143764
-6.158009
-5.910870
7.790518
-3.581065
0.127723
1.637199
-8.929801
-1.599009
-1.748526
9.518721
0.753653
-2.437287
6.562187
1.919338
0.872494
-4.317290
3.850124
-1.850063
-0.755046
-5.404989
-10.968764
1.592471
4.054783
-2.691728
-5.702620
-7.439512
-5.753417
2.379873
-8.484495
-5.212400
13.454034
-2.797632
2.618904
-4.241814
-3.963934
7.029003
6.524332
-0.695484
1.058749
0.497238
-7.677638
-1.950864
-0.588901
-2.496843
-3.534479
7.325495
6.000724
2.709795
4.056358
7.697334
-0.459783
1.311612
7.400170
0.368130
5.531657
-7.079184
6.176028
-4.042229
-7.273589
2.313678
-5.699219
3.478982
-0.902280
6.026276
3.013117
-5.733743
-14.372725
4.769809
-0.961674
-3.735228
-7.649303
-6.234884
-7.700591
2.516503
2.644470
-0.342602
6.175370
-5.103232
9.148841
-2.285552
13.041182
-2.698633
4.382786
7.621150
-2.211631
-3.965027
8.052887
1.434620
7.788884
-5.356210
10.263116
4.574346
2.921504
-5.047374
3.244261
-2.644130
-8.594331
-1.953271
3.599532
6.075465
-5.826215
-2.289290
-2.045890
5.715264
-6.900299
-4.330638
4.935908
-1.102832
-8.530607
-4.808633
-0.623707
10.648890
7.830188
-4.023152
6.915211
-5.947673
7.585133
-14.204157
1.237056
-6.809015
-2.012884
6.072575
-6.729471
6.041914
-7.016066
2.666548
2.239969
0.925112
1.421318
-0.435619
3.641866
-9.064944
5.544399
3.745134
2.350801
-5.431670
7.761357
-2.761448
-5.200300
-5.550421
5.953608
2.915824
-3.008608
-5.013522
5.791601
-1.672159
3.487178
13.558140
-3.747329
8.106462
2.685442
2.379692
-9.379547
-3.870083
-12.626737
2.896506
11.670455
-5.960458
4.877199
0.103135
6.404160
6.381866
-6.252443
6.427815
-12.723056
10.848976
1.454912
-2.593155
-7.897895
9.053183
-3.513227
0.330804
2.578418
-2.148848
-6.986326
-5.463627
4.882145
9.364609
13.219840
1.253104
4.400341
-7.837472
7.202394
5.347174
-9.748446
4.483485
4.039203
-1.842517
5.755745
4.392153
4.677587
-15.518310
-5.637832
-4.255447
-0.384609
5.362841
0.493334
-2.342800
-0.021910
11.373464
-3.377033
0.585171
-1.547657
-6.694090
-9.719263
6.721965
3.125736
-3.488764
5.804700
-2.316534
3.127528
5.942387
-10.072454
6.244845
2.751535
2.387684
1.312126
4.043032
-2.824259
0.337721
-4.811194
-2.408614
-7.460860
11.027599
-6.576399
-8.773524
-10.364755
-2.334152
0.702086
5.704353
1.733003
-3.236022
-5.636674
8.820955
5.524764
1.883855
-9.614367
1.453515
-3.855303
0.665167
-1.335437
2.698296
6.438812
2.396417
8.763359
0.522044
-2.642463
-1.322051
-7.506856
-1.389662
-6.541924
-1.446696
0.640195
3.177089
2.127760
1.226162
-4.315588
0.682687
4.938374
-0.303584
-4.711769
-2.738802
7.633556
5.963679
1.749443
-0.209908
1.884925
-11.601943
-7.238557
-0.076943
1.752572
-0.661017
4.802988
-10.728609
8.530518
-1.758929
-6.556341
-3.189644
-7.642368
-4.473781
-0.362203
2.530029
-0.288363
6.034140
-0.177406
4.649393
1.483307
-0.635556
12.374616
0.522628
-9.904654
0.161000
10.172510
-4.489914
6.766357
18.585350
6.526278
2.403106
-3.985678
-4.646271
-2.594348
-5.943868
-4.559561
10.474943
-10.803347
3.415477
8.381747
-0.447638
-7.905893
-6.377275
14.751226
2.978847
5.905914
-7.232491
-5.108908
-5.011643
5.324756
-1.942069
-5.903377
-1.777293
-0.186407
-2.997058
-8.206338
15.361318
1.894389
-0.407662
0.408165
-10.823015
-0.863131
-9.588098
-0.004485
-5.067241
-9.193353
-6.742374
-4.663948
9.505301
7.346261
4.814799
3.366560
-14.496797
-0.572532
3.091614
1.558392
2.402190
5.752578
-0.619410
8.182349
-3.878124
12.647271
-7.921439
1.980065
5.374407
1.111151
-6.887318
2.020587
1.191249
9.300195
-6.948925
-6.649612
7.783742
-1.540573
2.979626
-10.731797
-2.788984
4.627868
3.036513
-8.622581
3.978234
-5.183772
-7.449300
11.101144
-1.231513
-6.138146
-4.327876
-4.456742
3.340641
-1.573565
-1.395110
3.186578
-4.290846
-2.237532
-2.010474
0.932698
-0.585748
-6.343230
8.757422
-1.860973
8.178693
-2.304435
4.787799
7.812104
8.570056
0.933342
0.214763
9.967153
1.214126
6.386431
2.204775
-6.387189
-5.530505
0.678573
-3.471705
6.435141
-8.822848
-0.374345
0.602691
5.131123
-4.489337
-4.327773
-8.585521
3.015619
-4.163339
0.045709
-3.746524
6.186723
-0.580754
0.480304
5.861996
2.861689
-6.836078
-4.426974
-2.063517
-3.868625
-3.121563
-5.106264
6.890403
5.213156
4.101312
-4.359064
2.260313
4.307856
3.031268
5.360196
0.112152
0.787856
0.761153
5.035663
9.132434
-1.898922
3.647638
-6.322099
2.162896
-6.346971
-0.155364
-3.067508
1.604172
2.784551
4.149627
1.063852
2.267982
3.490618
5.536215
-5.368679
7.037194
3.079218
-12.399457
-8.261174
7.212127
4.679820
-6.145794
-8.705194
-1.994389
6.850991
-3.385900
-7.474957
-10.580068
5.188874
7.565266
6.320738
0.699520
3.978577
-4.118174
0.700370
9.004577
8.498366
0.310952
7.297004
3.668276
3.500120
-0.247969
11.420897
5.366780
-3.112504
-1.540718
8.176276
0.265707
2.540490
-1.349091
1.763159
-8.702504
-5.443695
-2.121456
-6.593566
5.196055
0.623316
-4.670729
-11.125804
3.243329
-4.365241
1.386310
1.081986
10.859679
-2.190565
2.230386
6.333950
1.040503
-5.563296
4.396135
1.647734
-2.128166
-2.045964
-2.448655
9.056592
-1.837102
6.882573
-6.025165
0.231790
1.933702
5.415280
1.594398
3.160795
-9.178252
7.881140
5.184430
-10.531204
5.795434
2.384624
-10.026181
0.439301
-2.470295
-1.044904
-17.404585
5.113195
-3.756021
-7.607161
7.236240
4.864488
-0.564992
4.747000
-2.707301
-15.122005
5.605349
-3.496612
-6.309817
-1.879677
-4.811764
4.904774
-3.924614
-12.949540
-3.256946
2.628713
-1.262342
10.095033
-3.424512
2.280588
-4.582446
-6.386915
-2.778318
-10.337335
-4.183894
3.877762
-9.172152
-13.527963
6.477989
0.573411
-8.676721
3.984184
-1.946853
-6.060732
4.186216
4.950739
-2.832859
1.519791
4.502194
-2.923214
11.962145
-10.808094
-4.902573
-3.633982
1.258908
6.825422
1.407340
8.287148
0.593762
-2.747937
-4.438435
-3.789004
0.716914
1.351009
0.283854
-2.464612
10.696520
-3.089452
2.825258
1.479390
5.129105
3.729647
8.937490
-1.106920
-1.957660
-10.712758
-0.089383
-2.763750
-2.484978
-7.018126
-11.585868
-4.603105
-0.855694
-1.458945
5.904847
-1.301543
-6.761384
-3.753118
-6.537478
-6.041796
1.878102
-2.802963
-3.362530
-6.482923
-7.481765
-10.588394
0.948465
-4.414822
5.100823
-9.592729
-1.445600
-5.162076
1.448456
4.290129
3.255316
-2.854956
8.978845
4.167757
8.373210
-7.039533
2.890529
7.113616
0.439678
-3.187386
-11.786757
2.301234
-6.693844
9.833973
-2.418995
-3.729116
-1.100428
-6.167559
-9.686665
-3.989354
0.129087
-1.653714
-2.367690
-10.052701
4.246531
6.259630
-4.081879
-3.951600
-0.871577
4.889738
9.588576
2.550817
-2.731211
7.639006
5.291645
0.988077
-4.904315
-9.181159
-7.712053
-4.315086
-7.548956
-4.664866
9.130232
-0.182091
2.589994
7.904835
-5.915270
-13.303436
5.067321
7.771057
7.778318
-11.087388
-4.828582
6.979695
2.869766
-1.580233
-4.471647
0.135626
8.837383
-5.400869
1.926075
-5.359409
-0.612005
4.488043
2.448687
-11.132781
-4.053777
-6.077882
2.455588
-5.230568
-4.949426
2.214453
-3.627883
-7.865832
6.655577
13.314060
-13.425914
-0.291193
6.525958
2.035822
10.203442
5.982531
7.088557
6.848316
2.399449
2.568585
5.045570
2.506171
-4.885208
0.467365
-3.746433
8.183625
-3.353441
-8.094479
-12.959599
0.057652
0.834256
6.051950
-8.499796
-1.550113
3.603347
11.572838
-0.483901
-2.753384
-4.559593
-9.618573
-5.059358
1.678319
0.532310
-8.853992
-5.527239
6.272398
1.730712
3.131990
-0.931683
8.334728
-1.912526
6.179389
3.117292
-3.278021
1.830288
4.028598
-6.014166
-4.383456
-3.958171
8.578966
0.786385
-5.711987
-1.682037
7.996520
-3.061153
-1.544683
1.448328
-3.191230
4.165167
-9.746911
8.656738
-6.333450
5.961171
-3.906558
-10.746448
-0.304784
8.567277
-7.157291
-4.228400
0.062019
10.024645
-0.870371
-3.848143
-12.161868
-4.629351
-1.864261
0.164271
6.107087
4.970313
-1.674152
0.447595
5.812199
-5.800158
5.719615
-8.809649
2.858384
-2.093447
-5.758984
0.879994
-6.313063
-10.978989
-9.346998
-5.427534
5.832169
5.673919
-7.547918
-2.312887
-2.774601
-11.347921
0.247755
-6.204050
-6.565947
1.132064
2.703635
-4.966113
-5.832788
-6.256798
-7.864597
-5.904484
5.770988
3.832478
11.127501
3.837640
2.662579
-0.512105
-4.711602
-5.388977
1.820956
-8.710843
3.628409
-5.085310
3.216852
-1.791387
1.528865
-4.673260
-0.692978
3.540868
-6.067935
-1.764875
-6.739866
-1.259747
-1.629606
2.660875
6.891097
3.161538
-1.068080
-10.794510
7.706792
-4.538765
0.176616
0.810447
8.270832
6.106045
-0.383531
-5.457716
-2.756831
-3.785399
1.155230
5.948189
-2.164528
8.525181
-8.248631
4.819454
-0.345636
-8.515482
-2.061859
-9.983835
1.871580
1.065321
-15.406059
-4.457710
-5.535364
5.311879
-1.769098
-0.614222
-2.463338
1.445782
7.668501
-2.954442
5.273244
1.136433
-1.879110
-6.680805
2.887363
5.736434
-8.519365
4.643111
-10.321845
-1.083559
3.641070
-16.415689
13.059591
2.749587
-3.287272
7.745759
3.367774
8.647234
1.468576
-2.504259
-0.804675
0.095889
9.670131
-7.274452
-3.560474
6.550643
-2.605317
-5.101707
3.552427
5.681467
1.507816
1.850685
0.565868
-0.783901
4.207106
8.038116
-1.731361
11.110392
-3.945763
5.862295
-5.320402
4.236901
3.017892
1.628178
-1.337928
5.017123
-11.286529
-3.124818
2.113132
-3.222380
4.704291
0.300172
-0.978604
2.491993
-0.272882
1.089731
-3.380271
6.625409
-6.546177
-3.907324
-2.731551
-2.170645
-7.997424
10.277175
-0.987267
-7.694851
-8.225471
2.635211
8.950945
-2.976553
1.740061
4.147013
4.791116
-0.461095
2.944263
13.387788
-2.770747
2.920210
5.635528
-12.345542
-1.548044
3.475681
-1.994605
-0.664539
2.332079
-13.344456
-6.002505
0.041104
0.853930
-1.188129
-0.163234
3.579871
8.402140
-7.413604
-1.307344
5.045420
0.977087
2.671222
6.818778
5.586771
6.942163
1.607967
-3.264344
-0.724238
-3.607242
2.961872
1.602765
-3.555388
-4.496310
-1.301340
7.577606
7.464835
12.349686
4.866611
-5.872147
-2.233541
-12.007289
2.465492
-2.877306
2.951473
6.957685
-11.568079
4.684396
-7.064449
0.253003
-3.371716
2.379580
3.498797
5.292931
1.969539
0.198485
-8.627947
-0.613313
-1.251357
8.222699
5.362690
8.850368
-0.176586
8.701536
7.530570
-5.789412
-1.136742
-15.083800
4.728271
-2.091818
0.871214
-10.348505
1.010331
-0.068536
-10.213365
-3.540555
2.268152
3.852102
-0.236995
-6.130055
4.122718
-5.317880
-5.423645
-7.393700
12.112202
2.767045
3.647448
-11.005342
2.512030
-8.916436
-1.718791
-0.634243
-5.875608
3.692724
-4.305344
7.156102
1.652833
3.367551
-3.669909
4.715951
11.846468
6.153879
4.964935
-4.471281
8.259518
0.739726
-2.634586
12.750883
5.507861
0.036842
-0.649921
-16.378555
-0.733193
4.222347
-10.500042
5.257032
2.722012
-3.099000
-1.916845
0.553855
-1.417485
-1.012950
0.070258
-6.157183
0.707026
-3.984327
-2.132088
-5.830747
0.277833
7.261958
-10.179476
0.699447
-7.857009
2.829819
-0.048794
-2.797004
0.509700
-1.985666
1.746507
-9.380673
5.410577
4.142779
-0.449760
1.982818
-8.118831
2.478439
-9.532216
3.616621
1.008515
-0.442870
3.974344
-6.828278
-6.231480
0.480180
1.650910
1.426551
-3.026894
-1.113525
4.570227
6.204123
5.697823
-11.306458
-4.681040
0.860505
4.130822
-3.171245
-3.181234
-8.418639
-7.833003
-2.876379
-4.060100
6.571035
-7.787536
3.877294
5.060754
-2.744211
-1.020807
-0.241621
0.065432
-4.283136
-4.304630
-6.300542
2.340458
-2.653322
-1.217440
-5.030532
-1.025380
7.496132
-9.451502
-9.483350
-7.029022
4.029389
8.702546
-7.217350
1.250291
5.417886
2.069242
7.809994
2.429042
1.044186
2.683393
-1.007681
-1.914889
3.989230
-7.234386
5.872691
2.403193
-2.580040
-7.187325
-1.355169
-1.586186
-9.326193
-4.377040
7.550335
-6.994246
-0.285811
-2.546932
5.005351
9.596934
4.413497
7.674048
-0.542977
-7.965793
5.387761
4.917111
4.176249
-5.056029
-0.165568
-0.760423
-0.277649
0.675003
-4.514319
-7.756660
-0.553216
12.693549
0.677337
-3.924145
2.878057
-6.945627
3.644792
-7.790626
-5.346220
9.872733
4.025996
7.385619
-10.478425
-9.378109
0.512692
6.083997
-4.825599
-3.234868
-1.623503
0.211889
-3.015583
-2.332685
1.663258
4.153372
-2.771625
8.649435
-13.876843
0.244468
2.792502
-2.254022
0.326955
-4.570915
3.684731
-10.735324
6.721246
-9.337718
-3.534378
-7.138467
-2.099586
6.869264
6.313342
-8.681875
4.501739
-8.442681
5.285237
-8.427681
-3.319655
3.651162
1.585089
-4.715110
1.603537
-3.127062
7.284720
8.373878
-5.158472
-2.886383
-3.117538
3.811994
-5.005566
7.049181
-2.355284
8.742531
1.762164
-0.213515
5.369862
-2.729915
0.966782
13.527865
2.257192
0.501856
13.194441
0.308361
2.824122
-1.730143
-14.514541
8.054029
-0.115408
3.625325
-2.227594
1.325240
-3.142540
-9.629045
1.856355
4.035092
-1.875704
5.865347
-2.338110
3.466980
-3.404062
3.070263
-4.351390
-5.856551
0.850049
-1.534335
1.938788
-0.170203
-2.068779
-0.576225
5.665646
-6.392795
7.677075
-13.998311
4.871170
6.953346
-1.302100
6.773720
-1.432574
-5.078207
-1.171586
3.735212
0.754366
-4.976789
-8.786460
-0.875748
-1.476353
5.213769
8.348644
10.552381
2.171875
-4.139800
-4.146704
-2.663036
4.864160
2.670014
-5.493120
8.835093
12.386898
7.137215
0.833264
-5.871893
-2.051239
11.082978
-6.163579
-2.812898
-4.866535
4.398306
0.401549
5.759713
-0.351619
-8.054391
-9.094481
0.109177
0.459254
1.696882
-0.124471
-4.538459
-9.788407
-8.450054
11.598475
-1.214478
6.710679
-9.420530
5.254319
-1.727132
-2.175868
10.213969
-9.353855
5.469045
-5.646692
-5.170399
-6.998202
-0.523041
1.668403
-6.941128
2.971461
16.219500
3.113260
-3.025325
-0.374773
-5.205366
7.019042
11.754543
-4.433150
-9.387593
5.790956
-2.536933
4.612220
-6.163943
2.755736
-8.297660
-6.272606
2.326240
-5.333614
11.593404
-2.333323
-3.254240
-2.074820
2.677036
-4.757324
-2.670683
2.140104
9.025305
-9.411469
2.448462
-2.788702
5.997781
8.060476
-4.519571
3.634867
1.235918
2.297369
6.729218
0.313956
-4.008017
5.023605
-3.054819
18.779486
-9.072358
-0.430597
-2.920505
3.259474
5.727040
2.113490
0.427318
1.275044
-4.037107
-6.932310
1.023009
-15.607294
-0.044127
-4.730821
-2.725709
-1.110224
5.133436
3.750079
-16.914671
3.653642
-3.944215
2.196896
2.691693
4.674719
-3.207772
4.070672
-1.854679
-8.347725
-5.006079
4.503507
-12.874446
-9.981820
-0.042945
-9.763658
-3.816505
3.793421
6.796532
-7.726802
-3.375571
1.638125
-4.531711
-7.684512
-3.938256
6.077761
15.853059
2.079161
2.608226
9.437458
9.897953
-8.489987
-6.482503
-3.354086
-2.265757
-4.190794
1.280609
-10.319320
-2.938212
-2.781099
19.309038
3.704627
1.571400
-3.081133
-0.499379
-7.342555
2.059569
1.679353
-11.871484
-6.585664
5.997920
9.327273
2.137766
-8.348973
-3.655708
13.386915
-11.251142
-4.380836
3.881786
10.774740
-9.103747
-2.327374
-0.536088
-1.900660
-5.808592
0.716268
-6.963482
-4.828365
2.660843
-5.444897
-4.465598
0.045938
-0.115736
4.265608
-3.588423
-6.014423
-0.807187
-4.011485
-5.895741
-11.508974
-2.250594
5.027652
-3.333634
1.251521
-3.025721
-4.169141
5.259739
-6.580571
-3.475681
3.511648
9.597296
4.045578
0.064690
-4.045601
-0.824321
2.991501
2.482400
-2.645897
2.555970
-0.454516
-5.192995
1.993110
-0.740052
-4.701945
-5.030102
-0.696809
-5.239679
-4.040157
-2.153723
-0.358535
0.830535
0.791544
-11.350822
6.444875
-2.437732
-2.082016
2.280593
1.358282
-2.630989
-8.720498
-2.037586
-8.253185
-8.371200
1.625882
1.297377
-2.594802
-2.453066
-4.940215
5.113285
-7.773685
-7.776767
3.592332
7.050062
8.027083
-0.549357
0.814361
8.030407
-6.126502
-3.186914
8.432006
-5.928416
12.455637
-4.043320
8.545445
6.262463
-0.658606
-6.925410
-4.423353
-7.303889
-10.452525
-7.106836
-8.141638
-1.637605
-9.397378
-2.239718
4.845356
-8.100513
-3.712055
-12.005215
5.985179
6.551520
3.423516
-7.170295
-6.357949
9.939507
10.892911
-6.385125
-3.989992
-5.680706
-9.561174
2.523573
0.428689
-11.637023
11.565669
-7.305636
-2.665482
-2.424858
-0.616907
-2.842636
2.987167
2.400000
-2.741948
-7.575683
-4.603312
5.924132
-4.608369
0.559645
9.694912
-1.190130
2.466485
5.756246
0.869222
-6.706954
2.281012
-1.327652
9.858276
-5.362550
-6.552724
6.539272
-2.476809
-9.212029
-0.702403
-8.430680
-4.009511
-3.924273
-3.775315
4.018935
1.688309
3.725254
10.731421
-6.850833
0.533001
-0.835562
4.948528
3.948527
-3.396201
-2.616730
-7.329894
2.813852
-8.451412
-7.360214
-3.992700
-8.742712
-0.692464
6.237054
-6.304612
5.540264
-1.325429
-5.131876
7.605328
-4.400896
-1.122750
11.689558
-13.272583
3.780757
-1.795811
1.205517
1.268800
3.221238
7.740093
-6.902404
0.572815
0.109565
-8.769052
-3.586796
-4.610274
3.277059
1.580350
-4.678090
-2.918881
3.970003
1.066299
2.716513
-8.618887
-3.658649
4.914013
3.245580
-1.794231
-9.732696
0.347775
-4.145148
3.665660
-2.360721
-3.028969
-1.673222
-9.274290
-5.386829
-1.664545
-2.043754
4.378643
4.970422
7.801510
-0.496887
-4.527628
1.019184
-6.199936
-2.510352
-5.740425
0.076680
-9.899518
4.691297
3.555859
-5.745368
3.335055
-2.355623
8.925459
-4.528081
-5.483174
-1.657307
-3.953089
-7.688386
-3.648685
-5.794630
6.939128
2.092028
0.607699
-5.627028
-6.420871
-8.220712
8.776285
-4.528276
-2.582229
0.495314
3.289336
5.524309
-1.686487
2.113590
-1.307964
-3.334804
1.198541
9.252309
-11.902852
5.870979
-4.559664
-3.782968
-7.700300
-5.714094
7.902210
-6.371818
6.101423
-7.631013
-1.072454
1.652749
3.801292
3.087507
0.188754
-4.034577
8.031274
-13.920343
13.162475
-10.440310
-8.940527
1.597883
8.328547
0.644950
-4.526670
0.896662
-12.234864
5.222904
-1.062774
6.267844
3.543418
-7.454971
-0.542038
2.687472
-1.320849
10.184810
8.697679
-0.568808
-1.550122
-0.969567
-1.428497
-3.735130
2.492158
3.062798
0.884169
-0.233952
-8.484223
-0.977854
7.323816
-0.560222
4.874555
-0.422719
1.498890
-1.629171
11.617097
4.030132
6.106144
-6.792910
6.686959
-3.084708
1.123497
-2.392250
-1.968144
-7.718038
0.880009
-1.834990
12.210655
6.139462
1.003913
6.426346
4.743584
4.153401
1.996223
1.102235
-7.503999
4.637396
-3.439756
3.925527
-5.052152
-1.416269
7.200334
7.634502
-1.328847
1.299754
6.114661
1.101314
9.954939
4.774085
8.471180
0.462065
6.675211
9.996310
7.091390
3.782713
1.662223
-4.189672
-0.989123
8.976000
-5.266987
7.919205
-1.853659
-0.908563
4.987644
-0.067205
-1.739827
2.049737
-9.525308
3.296026
-4.952425
8.001825
-14.811909
2.372619
8.780987
5.380457
4.418993
5.235925
5.227967
-2.148297
-3.639638
-0.570325
-3.359251
11.949827
-3.088062
-4.648322
-2.633589
-2.552650
-2.735303
-2.017760
6.902549
-4.319807
4.861017
4.443064
-9.277842
9.930850
-6.241800
-3.277558
6.621432
1.930583
-7.553948
-8.011486
4.326153
5.532550
0.222692
-5.279323
-1.110123
-7.138971
1.113475
7.676133
-5.087891
0.378519
11.532609
1.604976
4.340384
-6.223917
-4.689244
4.705968
-0.458628
9.934337
4.883315
3.748130
3.690636
-3.486923
3.506286
-0.118894
-0.813433
-2.832155
9.371469
-0.200425
5.155635
-7.106669
-6.640176
-8.044245
6.498372
-3.754342
7.477467
5.307172
1.782901
10.370894
-5.055706
10.006512
2.496660
-6.286603
6.184119
2.286033
-5.540630
-6.240870
-1.269611
-1.967202
9.428542
-3.060010
7.997875
4.802538
4.876543
6.826695
-1.149616
-8.327959
-3.351267
8.241518
10.477810
-4.411247
3.723770
-1.536392
-5.203532
-0.900954
9.864182
1.270136
1.609618
8.915829
2.353507
2.498719
1.480784
8.278663
-6.508130
-1.859551
0.094554
0.793674
3.108011
-8.189217
-5.854570
7.911940
-7.671993
-5.051311
1.674784
-2.076622
-5.904423
-3.092720
9.011605
8.593653
-2.825933
0.731893
3.166354
-11.301630
0.627889
5.986183
-3.115390
3.258099
6.839433
-14.137518
-1.376422
8.846213
2.871646
7.618807
-0.921227
3.465981
-0.337958
-6.939134
3.251763
2.709859
-0.375178
-7.075890
6.790042
4.864507
0.449543
3.756564
3.801261
5.859638
-0.893585
4.276633
-17.171373
5.985974
-1.318090
4.300828
-10.904179
7.652751
4.863984
-11.193298
-6.766408
-1.828115
6.761945
8.097000
-3.837443
0.514661
2.761717
-7.596198
-1.831660
10.040328
5.436724
-5.088555
-10.166989
0.994307
-8.025270
5.211165
-9.660121
-3.020083
-4.270989
3.323467
-1.608019
9.207186
12.026462
2.069583
1.368143
-0.561816
-0.234056
6.240104
6.404500
0.502801
-4.713331
-3.457426
-4.569187
-6.043330
-11.019775
1.497187
2.206841
-4.650059
0.015548
-8.995352
-7.530123
-12.246817
-10.870701
5.063109
-4.854149
4.690816
-6.981714
7.223640
-3.228907
-1.412956
3.284704
6.350561
-7.313005
-12.216132
2.447836
-2.051996
4.540493
1.416934
-2.583471
-4.335682
8.317565
-8.028606
2.304330
10.593949
-8.348386
-3.943542
3.736597
-0.330441
0.445039
2.023776
4.922555
-4.958320
8.895006
1.421867
-7.289118
3.524376
2.790680
-8.061153
-0.921515
2.306380
0.572383
-2.184073
5.272840
-1.288324
6.683381
-0.646108
-5.617660
6.533001
-2.680491
-2.432558
-6.223519
6.752608
-5.175551
-9.501602
6.822559
8.628255
-4.310394
-5.061367
-1.233137
-1.096218
-9.315866
-7.181444
-5.304469
3.709299
-1.550571
5.831715
-5.734925
-3.069944
1.241686
-7.957660
3.627195
0.487120
2.298584
-4.666006
-10.888464
-9.357987
-6.875331
6.328312
-8.717084
3.406288
-1.211729
-10.944410
4.629680
-7.540108
-8.486790
6.428349
8.756612
8.048610
7.608589
-7.351151
0.741530
-4.741374
2.667060
-2.280381
-3.413089
-8.067071
-7.499963
2.167932
5.420368
-1.712214
9.083308
-0.963935
7.087445
9.584619
-6.792530
-0.445755
4.052301
-6.368423
-0.407563
4.950303
-1.313517
-9.807500
-1.458488
-3.206718
7.112550
-7.639633
-11.566887
-9.233245
-6.831137
-3.991125
-5.457339
-5.080062
-7.687592
9.982340
10.039263
-4.048730
-1.075715
0.588074
-6.100883
5.645715
0.604245
3.937367
-1.891797
-1.612844
-4.907434
6.793509
-0.557210
5.988316
1.289094
0.585767
3.612620
-6.404983
3.127469
-1.298101
11.085110
-3.385608
6.878812
0.780286
2.646701
-4.230189
-0.085445
5.976860
-4.902121
1.358661
5.826354
-7.114293
2.358019
10.747983
-4.635266
-6.606481
8.056426
6.691340
2.863195
2.661298
-3.924588
4.531570
11.567365
3.520878
-6.311238
-2.083725
-3.193439
-2.105872
-3.973397
2.968705
-17.633842
-6.214080
-2.231441
1.369962
3.414638
-1.618339
-10.507993
-8.885264
-8.625819
0.948470
-5.366267
-5.954730
3.303626
-4.158730
13.362906
-6.941689
1.196800
2.230658
2.145822
-5.750563
-4.104246
10.281171
7.419989
3.865901
-1.432546
-3.838334
7.517705
-7.182001
-4.325990
4.086139
5.990239
15.113938
10.374687
0.344047
5.743223
-0.880592
-5.791222
-0.738202
3.336343
6.030871
4.696023
5.074543
1.322642
2.832107
-4.047508
6.005332
1.768497
-1.948960
-4.623721
-1.969010
2.169992
-1.794828
1.619457
-4.868727
4.880986
-5.348055
10.651093
6.081979
1.651149
7.495208
-7.473035
4.154083
-0.220776
2.829697
-6.533188
0.975257
2.934775
2.136334
-2.280205
-8.286229
5.987859
-1.583034
-2.397250
3.244393
1.296224
-6.813321
-5.697452
-4.277076
-5.612826
2.152594
6.877555
7.972796
-1.789503
5.297133
-3.707993
3.179564
1.982159
-1.720207
8.828187
-3.677712
2.026443
6.147695
-8.959553
-4.233854
0.032653
1.419827
-12.531841
1.559706
9.247199
-4.783785
0.734740
-2.512285
3.197894
-7.113818
-6.140703
1.691396
-2.156971
6.655349
1.645268
-5.400431
1.156524
0.427160
-1.539041
-5.494466
-4.636997
2.761377
0.909416
-5.410706
-2.894104
3.180907
5.449617
-4.757543
-6.131918
6.086846
-4.282781
2.037657
2.171614
-0.174665
-4.863435
4.852916
6.107939
6.134161
8.670763
-0.666875
-7.806159
15.644692
-1.970122
10.531395
3.333447
0.603160
0.640194
-4.946619
-1.691999
6.500816
-3.632097
4.046099
7.282873
7.175307
-1.135911
-7.051850
8.915406
-3.359427
9.756406
-7.098894
2.571132
-2.894612
5.153915
4.040427
-0.758898
-1.459824
-12.106120
-0.759729
-15.534307
-6.755018
-12.952387
2.078969
0.470206
4.759553
-8.150865
0.118192
-4.097436
3.522746
3.412778
5.297929
-5.207622
3.462664
-5.543955
-6.040724
-0.792378
8.455635
-0.244043
2.433219
-8.496344
-3.800632
2.291678
4.709847
8.853635
-11.359589
-4.624157
1.061314
-4.704311
7.438746
10.951842
-7.019493
4.621363
4.131918
-0.108251
6.952514
-5.456402
8.077245
-3.568222
3.841920
9.339828
-2.765713
-13.823933
-3.395259
-14.861748
6.924805
2.785146
0.271030
6.985542
-9.774657
-4.574148
3.010075
-9.659631
4.293519
-4.943046
-7.007833
-15.408557
4.979136
5.538381
6.602602
3.612113
-1.712734
-7.834837
-7.826297
2.557699
-4.253779
3.161295
-4.276104
1.798600
-5.770742
1.625055
4.278834
5.497852
-0.300708
2.408084
11.493862
3.692023
3.028962
-5.622217
7.123977
1.441206
2.115287
-1.940416
-4.336020
-3.234231
-4.042073
-2.900535
-5.799310
6.161955
-0.238530
1.998203
-4.730343
5.361996
0.299403
-3.907160
3.436474
-6.349815
5.139515
2.892550
7.160682
-9.954456
-11.077854
-4.630723
3.247725
-0.151333
7.281858
8.666371
1.607253
5.726213
-5.306611
-0.445910
-5.984316
-0.540049
-4.505983
6.976665
-3.119442
-4.323534
0.772763
6.638596
-3.883890
4.847887
-4.727133
-0.091211
4.481225
5.112194
-1.875665
-0.500329
4.032209
-12.095030
-3.014397
8.318830
-3.626381
-6.957719
7.711784
-1.132165
2.771983
2.918175
-5.062725
-4.755125
-0.213572
5.616418
-6.110667
-5.596279
8.910622
-6.106699
-8.274557
8.069828
6.897990
-7.018269
5.223074
0.159316
2.670835
5.285113
11.782886
-1.730479
-6.276131
2.941765
-0.927368
-3.719896
-2.261759
-7.651645
-4.332028
5.731789
-7.978215
-10.397343
2.963583
-4.301526
2.180084
-7.065854
4.407114
-5.924613
0.155837
0.586505
-3.615322
-9.811384
1.091319
-0.084036
0.266792
3.270959
-7.165387
0.352608
-4.373750
3.433244
-3.937399
-3.304391
3.458743
3.202944
-0.757502
7.061606
4.070429
-10.643127
-5.361176
-8.166492
4.902650
-11.034115
-2.108148
2.900980
3.138941
-2.715226
-9.010334
4.266947
-2.008368
-4.059414
2.756768
3.337747
5.578697
-10.628557
-7.074638
3.946110
-5.242782
0.298778
-9.110620
-0.260174
-3.093474
-6.958352
2.357326
12.573007
5.828649
-9.545143
7.586554
6.280441
3.939149
-11.518547
-3.814554
-0.500508
3.356016
3.529984
3.346737
-8.884085
2.175039
-5.279166
5.342453
-5.961121
-8.364079
-7.143880
8.291075
2.274122
-2.672969
0.263804
8.733242
-0.815243
-8.987536
2.616303
-0.579770
-7.256458
3.936171
2.424370
13.514481
3.801389
3.394343
4.630234
-0.056019
0.786892
-15.596201
-2.447933
-0.467375
-1.451189
-6.256498
-1.441850
4.340459
6.585459
2.647887
-5.479657
-8.821449
-7.681349
3.149078
-5.239912
-1.038551
-2.470582
-2.174372
1.026675
-4.499808
1.493536
1.717338
-1.218007
3.864193
-0.172497
-3.772593
-1.654631
5.216081
4.763002
-3.227571
5.213030
-4.319117
-3.463683
7.085864
8.562526
-7.871069
3.513283
7.361320
-8.696223
5.934916
-5.964521
2.397337
-7.417647
-1.855669
-6.579060
5.542734
5.789493
0.286048
-4.343061
2.069133
0.275702
-3.484638
0.340210
11.045901
-0.661418
0.452694
-5.258146
-0.353151
-2.310808
-0.915757
4.841299
0.881353
-3.189093
-7.800564
5.487710
3.648147
10.755979
-4.241439
-0.041883
-2.300256
3.347566
0.867841
2.242678
-0.250064
-1.637653
-13.571647
-11.831211
-7.455840
-1.275956
1.102167
-0.368970
-5.931133
-6.952422
-1.020141
2.511451
-7.212295
3.690411
-1.513923
2.517386
4.569234
-2.688069
9.349233
-0.929177
-0.146449
6.110164
1.808532
-0.472613
-7.567029
1.009049
2.788820
-4.269738
-7.988212
1.839253
-2.311566
1.080250
6.592183
14.491461
5.920806
-5.119493
0.126751
-0.785423
-3.381402
3.274163
0.079789
5.475799
2.859241
-2.272643
-2.586802
-0.469006
6.520420
-1.579377
-8.394330
4.110610
3.288275
-6.153677
2.609010
-2.867168
-2.696311
2.995750
7.201522
-9.221168
3.452647
-7.833242
-2.250322
-6.927258
3.173679
3.941484
3.688757
4.912962
-7.665931
2.025885
-8.358869
-7.360774
1.107027
-1.976393
-3.328333
5.439247
-13.525472
-6.200298
-0.033755
0.262145
-2.755387
-5.996812
-1.875538
-4.564538
-7.942808
-0.514487
4.502757
-6.734104
-4.029340
5.254076
4.250833
-2.546964
2.858334
-6.491817
6.001203
-0.201024
-5.296982
-1.852686
-4.812656
8.369338
-0.814325
10.606608
-7.844534
6.084721
-5.998468
-1.309907
-2.422441
4.580208
6.838219
-13.017266
-1.262958
2.635070
-2.620083
2.124827
-9.097875
0.287298
-20.447912
-6.391427
-2.871943
7.217081
1.605982
-8.587413
-19.627092
-9.555099
3.726689
-1.802098
5.462299
2.094180
1.190768
-7.389869
-2.953756
-6.860123
0.687831
7.577629
4.734437
-4.549159
-2.885603
-1.022092
-4.606015
-1.946229
9.625851
-1.373113
5.152801
1.447696
-0.966890
-0.152604
-0.463918
1.549118
3.653356
5.966012
-6.913036
-1.542051
-17.257099
0.418121
1.218464
-2.690473
-0.570277
-12.355726
1.580445
4.078442
-0.811662
9.863613
-2.175611
-6.026397
-7.495271
6.508668
3.033466
-4.534794
-8.462303
11.628385
-1.776747
-6.701910
3.786103
-5.526631
-4.214994
-6.212704
-1.112305
0.966415
4.035477
8.825707
4.815093
-0.575835
-5.035316
8.438077
0.847378
3.624042
1.166259
8.593331
-2.999546
1.728147
0.028363
-4.289046
2.161126
-8.371549
9.963921
-6.232764
-10.116615
-2.943197
-1.925667
3.537197
4.197289
5.405697
3.280974
0.629565
-2.109925
0.472839
5.316233
7.215216
0.844549
-6.724866
-6.072248
3.540880
-6.011140
-7.001462
-5.693343
0.611909
-1.757313
2.211128
-12.310602
-3.080688
-3.263930
-1.932357
3.592164
5.968010
-2.404797
3.747861
4.177274
0.249707
-6.109468
-7.446372
0.346635
4.484741
3.920983
-5.333362
5.856062
4.885912
-6.216732
-0.161691
-4.256095
-4.203733
1.952409
-9.245910
-3.471144
2.258007
1.655886
-2.314611
-3.135600
-4.374705
3.451551
1.730852
-2.693997
-6.825310
7.478336
-3.872400
0.476452
0.532584
-5.538302
10.522317
-2.856298
2.009022
-6.883641
5.989720
-4.017601
-4.572390
-8.263509
-1.481146
6.021910
-2.309885
6.122683
0.444618
-5.430002
-1.295323
1.913843
0.361184
-3.734982
6.598895
-2.515115
10.853624
-4.561143
-4.361478
8.406930
3.708634
5.297501
-3.526474
3.489536
2.068470
0.489750
3.293036
2.213885
-4.501093
-8.362811
3.403273
1.514448
-4.448598
6.206655
-5.619451
-1.669664
-9.043031
-3.756539
4.202381
6.229318
-0.615156
9.254618
-0.262941
-3.470219
3.044520
3.137357
-1.385434
11.915715
-1.415220
4.651632
-7.803296
-0.439221
-4.039896
0.899961
-0.111969
-1.499984
-7.863368
4.593493
8.411790
2.783781
-3.657237
-1.145831
4.809137
-4.884319
-1.050682
-9.746182
5.321605
1.522414
7.465237
-4.193127
3.541504
6.604318
-4.154572
9.262650
0.889019
3.701781
1.615345
-12.828853
2.910676
8.449532
0.577876
1.380574
-9.376257
5.730033
1.435950
-9.381389
-2.033635
5.932661
-2.179019
1.034399
3.461150
2.848761
4.463032
4.220747
3.773184
-6.406123
-3.646992
-5.173998
2.294145
-5.104700
-4.618052
-2.782828
4.196217
-3.943298
-11.993794
-8.084444
4.896691
-2.962443
2.184968
-0.701223
9.553735
4.149247
6.418076
-5.652378
6.494945
-4.405792
-6.139203
-2.498654
-6.616772
-2.224612
6.093780
-5.009666
-3.437717
5.258247
-4.735087
-2.676532
-7.577545
10.364199
-0.490656
3.026809
-0.181437
3.422482
-8.022577
10.133285
9.672387
-3.678122
-4.183706
1.593613
9.771926
2.517847
4.857884
0.930115
-4.411324
5.807106
7.520247
0.591656
-3.655431
3.229499
3.423696
-5.859229
5.780379
5.113250
-5.605793
2.151814
-7.587083
-3.492762
3.894643
8.872517
5.970333
1.947894
0.473363
7.275328
5.064093
-7.304142
-3.974902
5.008879
-0.361519
3.046580
-4.506094
-4.683707
-2.062348
-2.152415
-4.360241
8.886466
3.853061
1.844422
3.797470
4.964234
-2.043289
-2.479368
-1.057298
-1.722140
5.389810
3.604286
-0.645258
3.511849
4.003502
5.929615
-7.185238
6.241805
2.796779
0.740354
-8.613816
4.684045
2.182000
0.150887
3.915389
-6.423290
-2.449822
-10.463947
-2.684040
3.626384
-3.075321
4.954824
8.142766
2.292865
-4.170289
-3.111934
8.209577
4.576387
4.835492
3.912220
3.188786
-4.887435
7.425488
-1.394595
4.821659
6.339066
4.302943
0.060943
-1.998434
4.947627
-3.584217
-2.031491
-9.259755
-3.770953
-6.145957
0.027596
-19.480591
-2.105348
1.617479
1.087816
-12.188943
-3.460081
3.102049
7.331098
3.575647
4.458149
-0.979493
12.278124
6.852692
-4.655235
-9.092868
0.111585
-5.955644
-9.545038
-3.281393
-4.843277
6.220405
2.643641
-4.475279
6.695672
3.981023
2.039413
-1.503365
-5.376795
-6.714942
-0.596901
2.302558
-11.845198
-2.043481
-2.362107
5.678302
3.725164
-0.531160
10.942373
-0.288657
-3.219274
2.671542
-12.719347
-7.455732
-11.842605
3.675152
2.067583
-3.382660
11.766418
-2.537079
6.679063
-8.132374
-4.473193
-4.142996
-3.630352
-0.627743
4.783257
9.802310
2.679501
5.604677
-6.044040
-6.083202
6.838029
4.953568
3.939719
-9.259706
3.629054
-6.692478
-0.246996
-3.240404
5.033731
-6.103479
-4.978783
-6.893348
-5.557810
1.864032
-11.957172
-1.066295
6.978024
-3.440743
4.743108
7.834745
-0.848872
-2.442766
-4.147941
5.407654
-1.182243
-4.493151
-5.636871
6.693151
4.465735
1.627490
4.953725
-4.730666
3.552267
-1.465083
-6.911798
7.820083
-1.061021
-10.933055
1.379958
5.983778
-2.124496
-4.196281
3.791864
-6.058126
6.168022
1.718398
-5.710515
-1.527979
-4.375721
3.551094
-4.673428
-0.844676
-6.785583
-0.958022
1.244336
-0.835107
-3.829610
-6.391602
-5.093955
1.926435
0.100202
-1.381040
4.303965
2.206287
-3.640103
-5.292245
-6.753388
1.401099
-1.358405
10.732411
8.960545
-3.397532
10.757956
2.051624
-1.166979
-2.587470
-6.960361
2.237304
-4.399380
0.246645
-7.246162
-6.147738
0.484746
-4.225450
6.217741
-6.027216
0.330118
-10.620049
-0.187418
14.231457
-4.047675
1.527431
-7.243421
8.556231
7.881954
0.284353
-6.099814
8.646533
-0.950569
-0.526263
-7.969589
3.905934
5.474782
-2.938821
-8.811424
-6.186387
-4.838055
-3.503698
-2.435401
-5.282542
6.747423
-5.612737
-1.274055
4.954492
-1.218184
2.552792
-3.665078
-6.524198
-7.063628
-7.718408
-4.377063
-2.678517
-0.956819
0.715764
-3.697255
6.875003
9.911029
6.410601
-5.398410
-4.230148
4.421963
-1.345961
-2.677292
5.529486
8.861794
-10.738926
5.854322
0.931964
-0.115670
-4.199626
-5.694646
-0.635628
-16.698816
5.159502
-3.202693
-4.810109
2.479102
-5.354732
-8.529579
7.716028
2.373500
-6.525718
-2.533996
8.814968
-2.439652
-7.258629
2.036291
1.599021
-0.102715
-5.679418
-0.902082
2.611334
-7.450483
-1.496967
-0.795503
6.552392
4.451188
0.326554
-3.165923
7.235433
-1.420547
4.533082
-3.337487
1.789726
-3.391542
3.829966
0.860824
-4.187839
-4.363448
-2.109060
4.309251
-2.769167
-4.660627
-8.904690
-1.563124
6.779511
1.090009
5.231530
0.194173
-5.086445
2.245840
-0.954533
2.323985
-6.362667
-0.755825
10.469532
-0.902568
-5.161272
-8.885715
0.138282
5.124764
9.045274
7.003273
9.202434
-3.633892
5.584154
-0.855683
-8.459790
-5.959685
6.629448
7.258153
2.390276
7.549345
7.189187
-8.037658
4.639319
-0.691531
-2.952663
-2.445849
-8.294343
-9.838438
4.633318
-7.061434
0.291996
5.940601
0.002708
8.158496
3.602041
4.854004
3.116948
11.374273
-1.337232
-5.640052
11.940136
0.087445
-9.457214
-4.813194
4.466716
-1.954479
2.526477
-5.858851
-5.731987
3.410717
3.358345
-4.380719
-2.382184
-0.824849
-2.080548
-5.673304
-9.195175
-5.408840
-0.319471
9.483096
-10.290358
1.541070
4.754427
3.704871
-0.075115
-4.885438
2.131609
-4.660208
7.434871
-2.063269
-4.460167
-0.354235
1.030841
11.793643
3.200001
0.958602
5.095933
4.331957
-8.988893
-7.025288
0.943497
-3.240267
3.443255
-0.708134
-1.320076
6.350719
10.823076
10.313684
5.862868
-0.065062
-4.017866
-6.960904
9.607448
8.298575
2.607912
-5.837694
1.956610
-5.206592
-3.863376
4.408380
-9.646229
-6.722613
11.589788
3.072916
-4.676456
-6.508042
0.159740
2.974084
-8.756892
5.062192
12.706480
4.782919
10.006337
7.740444
9.464282
2.602397
5.060364
3.934489
5.341489
-10.225392
-4.891388
-0.321482
-2.106622
4.408521
-1.482684
4.799664
-3.453028
-6.807832
12.250665
-2.290188
9.923777
4.764876
3.351784
3.376228
-10.648680
3.227289
2.787270
-2.229954
5.367865
-3.231909
6.389813
-5.445092
1.919266
-8.489645
1.935869
3.593314
-9.893022
7.250497
-10.594290
4.356448
2.916265
-0.704144
10.729341
-2.399318
5.541818
2.199739
-4.423353
5.776318
-1.169327
-10.043448
3.378114
-9.182747
3.994047
1.851966
3.843915
3.456813
-3.825605
9.964120
5.063233
-1.005583
-4.973392
-10.368423
2.274496
-3.305007
6.502302
-1.552630
-5.394128
-8.183214
7.427930
2.988106
1.989773
-0.826239
7.655792
-6.436494
-3.202391
3.996709
1.918077
-6.336636
-1.291897
5.036157
3.982907
10.997327
0.884527
-1.487735
-8.157307
-2.722326
11.144980
-7.331177
-8.649585
2.306676
9.739578
-1.188815
7.118444
3.256513
-1.537385
-3.200226
-3.868939
-1.058993
4.897407
5.650078
-2.917421
-8.159412
-1.927473
2.864998
6.574417
6.454590
-5.945754
5.877806
5.316451
1.147175
-5.368095
-2.558710
3.166768
6.813438
-5.081220
-7.844365
0.216891
4.238848
-0.856150
-12.558167
-9.926434
-5.455840
-7.133299
0.500531
2.882911
-4.660967
-2.234281
9.121056
-15.512501
1.275708
6.092745
2.477013
-3.846036
7.199537
7.053723
-1.824622
-6.168079
-2.307680
-1.867872
1.036315
-9.040470
-2.764679
2.623555
-8.527357
-2.616004
7.427677
-0.191152
4.949204
5.724596
-0.386251
-0.442411
9.738056
-2.029971
5.175965
0.983278
9.787354
10.321856
-3.056533
6.617651
-8.888216
-4.089802
2.141739
4.877972
1.971054
1.491262
-5.210768
-4.368636
2.218318
-8.545129
3.477437
-14.146167
-0.676297
3.818636
-4.001549
-4.350692
-6.587601
4.567583
3.518136
-1.011788
-4.408771
4.847516
-2.780447
-8.301476
2.130025
-1.106067
-0.653715
2.143749
-0.610957
-8.277878
-6.091820
8.357555
2.105010
5.182382
8.213711
2.311560
2.726859
6.091751
6.901376
0.768040
-1.990748
-0.557657
8.696444
4.155893
1.356866
-3.143413
-3.263851
-4.082722
0.938954
-2.410535
-0.514559
-0.801513
8.729902
-7.437171
4.195685
-5.408869
3.713949
-17.607296
-7.034995
-4.495987
0.691865
3.239313
7.445589
-7.244599
-2.317853
-4.091910
2.285228
-7.817067
3.793503
-0.157039
1.554714
7.259370
2.428903
4.324135
6.202019
5.316277
2.227053
6.368951
-2.667551
-5.053000
7.834977
-8.232336
-2.074927
3.056244
-1.858434
-0.223193
5.945643
-5.717209
0.415165
8.451330
7.110693
-3.880401
-4.953324
3.425094
-7.753008
1.849282
0.074375
1.159954
1.471137
2.580099
-0.635390
-3.741464
6.128998
-5.973814
-7.106198
6.546773
2.515313
-11.961267
6.882950
11.799907
-9.228587
7.531387
-2.385312
-4.606002
1.489743
6.209548
-0.035591
3.498447
-2.173864
3.669908
6.391955
-2.753858
8.167497
0.625279
-0.501968
2.328331
1.604293
-2.489368
-7.354189
-2.938490
1.441614
-3.236942
-5.664832
6.019884
-3.371692
-0.413559
0.151971
-5.245963
-5.208650
7.390317
-6.202505
2.836288
-2.166583
4.736113
6.438087
-8.619616
-7.649419
-0.013157
9.790745
0.816123
-0.847827
12.374568
4.772876
-13.898082
6.428133
-7.046683
-6.760069
-7.489178
-0.344752
-6.434511
1.774468
-5.342983
-2.242905
-5.820567
-6.685262
-1.439598
-1.946111
-1.874912
-5.556913
-5.163938
-7.170681
-6.209937
-6.837588
-5.721714
5.822325
-5.760438
6.385824
-7.123944
-1.063897
-4.577847
-5.289394
-4.520598
-12.134825
0.472672
-3.677665
-1.511331
4.917061
2.626812
4.120828
-3.547358
-5.530586
1.813153
2.519337
-2.868493
0.174104
-3.617035
-1.709093
-9.636211
12.093630
-4.466363
10.032207
-7.029967
0.120410
-3.011809
-6.656621
2.750141
-3.522410
8.518264
1.952202
7.872566
-7.252564
-0.756696
-11.338830
-1.693116
1.096903
8.658385
-3.919212
5.190611
7.220427
-1.173585
-6.092849
0.323079
0.856533
-4.661238
0.679617
1.093631
-2.368967
1.920727
8.607052
0.216408
-3.201324
1.502228
4.303544
-5.898260
-3.801250
-2.538962
-8.116305
-9.833305
-2.932955
5.458144
-1.131886
3.984492
-6.647955
4.856731
-3.164938
-18.770731
4.082326
2.669445
-6.201914
-10.395132
5.662921
5.678784
-5.053723
6.653450
-3.575600
1.250695
-7.934095
0.866154
-3.847816
2.625029
-5.512358
-2.958897
5.979493
3.285233
-9.365392
4.434370
-8.194196
4.073215
-1.688758
-0.476294
4.571636
-6.061839
1.406085
5.588334
-8.753357
-0.549345
2.100941
1.566178
7.271480
0.972156
8.786917
-0.487395
-8.576682
-1.036125
3.831017
-3.957650
8.744091
-10.785759
12.346185
-0.649871
-0.130378
6.153684
-10.328749
-2.029361
-0.269217
-3.253032
-7.565625
-2.126955
-3.963273
-4.051941
-3.970380
-5.751730
8.956571
-5.341143
-9.733817
1.525971
1.547304
-0.965338
-7.984073
4.172801
-7.096688
-0.747056
-7.436415
1.857355
1.472823
3.971259
-2.496300
7.556056
5.622523
13.103810
10.534146
-6.615921
-0.066286
-8.661447
4.359369
-3.090049
6.449885
-7.470037
0.190593
-10.801443
2.214566
-3.229336
6.229228
1.159973
6.272499
-8.343498
-10.087876
-4.235962
-4.265854
-1.030591
11.257882
-6.392022
-10.988506
2.030639
5.721625
-4.354965
-2.979884
-10.133843
-0.747468
-5.043456
-2.033549
3.208329
-2.940366
3.784487
-10.485099
7.793357
-3.749827
4.359400
2.677473
0.811857
-1.454112
4.282031
-0.335217
-3.837063
-9.240840
-8.690082
-12.788152
8.405271
-3.871933
-8.484107
-4.167739
1.198537
-11.625723
0.363438
2.168477
5.949547
-6.564434
-6.088053
5.265685
0.347074
-2.363458
-10.686831
-2.265116
2.491551
-3.171558
-1.594643
-7.892004
-2.510293
1.560472
-9.956555
-0.850432
5.123248
0.431537
3.289336
6.720170
-5.204311
1.740507
-5.862741
-1.903570
2.282538
-11.297905
5.581486
-2.317727
7.954279
5.468360
-3.038488
1.639226
9.301814
-3.624718
-5.230175
-6.060564
-4.789019
9.057216
-5.241041
0.909180
-4.826014
-2.287707
1.583674
5.173508
-9.234618
6.973893
-4.301337
-5.344621
6.471397
3.903789
-5.874043
9.920504
6.754636
2.240752
7.436226
-7.824392
-3.863155
8.065122
9.896318
8.129390
-6.886586
-4.395846
4.159132
-1.483087
-3.203351
-0.737878
-3.122554
-4.821062
4.943554
-7.750236
6.318513
-0.865173
1.382723
9.139682
5.526991
1.507405
5.948252
-3.060637
-1.795988
0.199650
10.561340
-11.786208
-5.597927
6.505775
7.489843
-9.031423
0.502585
3.050241
-1.304921
-10.620018
-3.719205
0.468384
0.062318
6.012751
1.478377
-2.243056
-0.344948
-1.716740
-7.626710
-13.345188
6.276501
1.857081
0.028406
13.425420
1.770679
1.183487
0.501930
0.372406
-4.691925
-9.942299
1.448106
2.857593
10.006447
1.939059
-10.287458
1.908435
7.693095
-4.906488
-9.651523
9.170247
-7.010749
-7.219183
-3.122703
5.846049
5.248744
-4.989462
2.790606
1.339500
5.270084
-3.144229
5.725677
-11.175920
-6.906518
3.999105
0.717914
2.047488
-1.015999
-1.791830
-7.766662
-3.672943
10.086157
-3.772494
3.032632
-1.988231
2.795566
3.010471
-6.735371
0.437714
-0.514306
3.497822
-3.566913
-0.458818
-0.356551
2.829633
-2.191625
-9.130801
5.576691
0.368209
8.313282
-8.475327
8.399450
10.896083
7.777284
5.931734
0.441079
-7.968462
-4.758780
0.437997
1.862694
-16.037189
8.430540
-4.229748
-9.710851
-3.476046
6.550726
0.660656
-8.201301
-1.266140
-4.521141
-4.355303
-4.558842
2.012616
6.220086
-8.165195
-9.500669
2.165709
-3.532909
1.266439
5.556132
0.860486
7.408728
8.762457
1.927207
-11.118823
1.203868
3.543315
-0.429926
5.777504
12.881244
0.663029
-0.777947
7.403790
-0.620379
0.124353
-1.713445
5.322081
-1.157680
7.584380
5.624862
2.114764
5.427305
-2.228023
-5.433686
-1.580850
-5.991179
-7.027138
3.067461
3.996953
-2.217856
-4.853975
-5.112249
-6.765824
-1.811042
-0.906700
2.559187
-10.425261
-1.237804
-8.772617
-3.354571
-8.019437
-4.542715
4.542074
4.859637
-0.267468
12.192134
1.825972
-3.877424
7.803320
8.937876
1.525260
-3.351974
3.551497
1.154155
0.915258
-2.169878
-7.838927
5.566298
-1.298969
6.298246
5.699757
4.485482
6.169141
2.836955
0.818907
7.205622
-0.519413
3.117160
-6.632799
-4.958369
11.404076
2.827209
3.757308
-1.563295
8.906769
-3.579397
-9.256394
-4.540358
6.530689
3.242925
1.967225
1.925685
-3.938253
7.901316
-8.043719
-5.633843
-4.004764
-5.961031
3.239140
7.195686
1.363468
-0.186522
0.137395
4.467137
-9.005760
-1.688956
-7.594620
4.582942
6.796000
1.902149
-3.153306
1.067847
2.661632
-3.136544
0.010014
3.485155
8.526406
4.861025
2.532772
2.328557
4.304239
5.562231
-7.196254
-7.568686
-0.736852
5.005472
-8.240830
-7.637575
1.548058
-0.795805
3.117612
-8.721524
-0.167103
-7.251834
2.110877
-2.237155
4.649502
-7.675749
0.922159
0.161860
2.456621
3.852475
-5.365294
-8.371324
-10.147187
-5.725473
2.508953
5.402708
4.134149
5.491195
-0.092639
3.696580
-4.329367
-2.082480
3.433077
-1.703442
-5.796591
9.988379
-2.961919
-6.283745
6.675224
-5.057471
-1.216764
3.028894
-5.345776
-5.547954
-9.398062
-4.737943
-1.342983
-3.540771
11.476783
-4.050978
-1.858223
-2.276737
-3.344984
-1.720471
9.689456
-10.988333
4.764696
-5.009369
-1.832128
10.000423
10.186110
-1.843088
-4.149460
10.205182
-1.845163
-2.285796
-2.790704
2.745246
5.653595
2.849918
-4.098268
-1.620407
4.331038
-0.304217
5.822210
-0.061425
3.373335
3.858633
6.443193
-0.575113
-11.143053
1.520540
6.169409
-0.888870
-3.731922
1.772853
3.521577
-0.693810
-4.481245
8.487777
-4.246376
6.754671
-3.590150
-2.620375
0.111103
-2.375285
-0.421982
-3.900042
7.685059
2.643941
13.467640
4.203923
10.728892
9.264797
-1.967381
8.020759
2.113736
10.520890
-3.827568
3.459173
2.104061
3.456368
-5.528449
4.056767
-1.518351
-1.427471
-0.912334
8.341377
1.183110
2.265430
2.290311
-1.014249
9.665557
0.825415
3.941981
-4.558369
0.629153
0.498291
9.968832
8.053039
-6.121639
1.570035
-6.238141
-6.011713
-9.210738
0.537935
-6.464746
-3.701073
0.589418
5.923037
-0.218054
8.315165
-7.378141
4.506567
5.910348
-0.214504
-5.208912
9.220844
8.021990
-15.838609
-3.740851
-6.515881
-3.975440
4.133931
6.693170
5.110820
-0.970308
-4.443364
-5.904499
0.423681
-5.490698
-6.451410
5.276896
-9.883498
-8.041866
-0.410605
-5.094947
7.062814
-3.416672
-7.246963
10.555372
-5.633053
16.584269
1.157410
-8.811886
3.173378
-15.770945
2.270201
0.332236
5.297972
2.105821
-6.837165
-6.219598
10.155752
1.310298
-3.639848
9.581326
3.514190
-5.958174
9.782388
-5.089777
3.546639
-11.426778
8.491632
-2.259028
-2.468294
-6.308183
-0.069370
-4.697701
-5.818326
-3.391105
-10.349234
2.954679
3.484977
-2.725152
-1.902404
1.831121
-7.921409
-2.979703
2.403068
3.199660
-0.332037
-0.336283
-10.101987
-1.950013
8.159289
2.011102
8.125194
6.969160
1.200332
11.394272
-3.492298
1.486950
-7.313214
2.588297
-1.256301
0.579426
-3.906256
-5.746984
-3.392993
9.741386
0.628684
-0.758065
-2.229063
6.700294
-5.621664
-2.860998
-12.734482
1.528607
-2.067144
-10.280944
0.079422
6.296396
-4.590765
2.401835
-8.118914
4.172669
-5.703734
-0.144234
-4.863874
-4.617470
6.128281
3.128689
-5.388403
-6.824439
4.831500
1.533613
-0.263163
-2.434335
2.605623
-4.294856
0.252601
0.429189
4.774456
-10.414109
-8.053560
-5.969278
0.340199
4.348906
-3.810922
3.972249
-1.916724
-6.577570
0.353833
2.723098
-4.904091
-1.679151
-1.037462
-1.497328
-2.156046
6.202132
-7.341421
-1.515288
-6.566463
-0.101682
1.299564
6.568534
4.120039
0.354410
8.431738
-4.437359
-10.315376
3.294845
13.246601
3.160553
5.569696
1.609725
-10.216855
4.730636
1.624523
-0.492237
-2.047110
-3.555126
-12.998724
2.600998
-4.557802
1.412892
5.554125
2.285983
-5.177518
7.764703
0.749287
-8.021761
4.506725
2.614476
-4.647539
7.620538
-3.896904
9.656270
-4.397385
0.682293
2.278861
6.655727
-1.576906
0.874220
2.555273
-6.708801
-2.056995
-3.546461
2.284590
-7.667725
9.182028
0.960631
2.462022
4.937817
-0.803206
1.390012
-0.446157
2.652694
4.832077
-13.610250
-0.294546
5.510988
8.055458
4.651244
-3.225059
7.957320
-5.157860
-13.535568
8.655663
-5.629560
3.891044
1.438131
-0.262449
6.915755
0.590119
3.235756
3.881197
-0.285373
7.161774
8.285559
-5.136808
-1.976919
-3.100424
4.380564
4.330865
-4.572278
8.394451
-6.817895
5.771852
0.249397
3.841095
4.603210
-0.119577
-3.349811
1.696026
-0.810299
0.352902
5.222957
0.758843
-10.824835
1.346958
5.772847
4.332517
3.052304
-6.027829
-5.006791
-3.693399
-7.347229
-5.221345
-4.082384
-9.051177
-4.618217
17.492825
5.377862
3.234973
-3.729300
0.070558
7.402138
7.607666
7.014478
-4.797992
-1.184573
5.460408
11.636059
-0.699117
7.161842
8.908872
-6.573381
5.484651
1.880071
2.634747
3.374774
-2.761454
0.896048
9.068871
-5.997889
9.840815
-5.956792
15.898255
3.020787
-1.491742
-5.195280
3.594884
-2.662953
10.512987
-4.421626
2.898397
-13.599829
-5.187945
-4.702124
6.845517
-4.798817
2.486403
-2.885745
-0.923403
7.442973
-7.827706
-0.858111
2.182475
-3.244875
-9.928765
1.234043
6.461021
2.949070
-6.325810
-0.152480
1.754015
-4.268534
4.473929
-5.632044
2.426275
-7.236681
3.007891
-4.872993
-4.480610
-4.469879
1.529083
-2.325563
6.940417
5.020379
-4.283640
-7.673652
2.262504
-2.656951
6.374279
-7.037934
6.231653
-0.034502
-4.090073
-0.665347
4.127715
-11.595649
6.883006
-6.945739
2.823676
3.030622
-0.008633
6.688406
3.439994
-4.993464
-2.355991
-1.569569
5.810004
-5.742027
-4.461461
-5.165259
2.039701
8.764169
-3.238556
11.285855
-5.777539
-8.591972
7.342725
2.734838
-7.255595
-5.869563
3.449013
4.378744
-9.066990
-0.193100
-2.547114
-5.786019
0.979736
-9.876932
8.677480
3.778370
6.080914
-1.138604
6.237765
-1.017790
-4.325551
-6.572598
0.614100
-4.947839
0.249463
12.422366
8.833896
-6.517681
8.293792
-1.315407
-2.053640
-9.267644
-3.344307
2.351723
-6.238709
-11.734656
-7.153554
-0.613855
2.359358
-4.060047
-5.987980
4.329700
-5.994917
1.902740
5.125623
-4.429555
-4.449459
11.664877
2.212011
0.668053
9.149220
0.037212
6.552397
-1.875440
7.337933
4.749030
-0.144092
-0.212267
5.800754
4.966849
0.913462
2.644505
3.810989
-0.535125
1.708760
-0.312428
-11.917779
4.936031
5.461664
-4.040528
2.081438
-7.935811
-1.879656
3.841721
9.682932
10.450322
3.096400
-3.496916
8.703392
-17.308720
2.800975
-5.282581
-7.187829
1.502465
-1.853095
-3.043773
1.613276
7.102544
2.206963
7.172377
7.949330
2.200756
0.576838
1.178298
-3.340980
-3.834873
4.930765
3.573152
-0.437796
9.497577
-1.322528
5.529054
-2.188758
5.841675
-3.687442
0.574020
4.226156
3.754570
4.665614
3.673445
0.768095
0.015594
4.514322
-14.389566
-6.983201
5.466801
11.264522
-6.322618
8.981190
9.563231
6.086459
1.259199
-0.285409
0.682299
-4.270781
-6.590426
2.991725
-1.740873
-1.750697
4.761914
-5.078034
4.245388
8.822929
-5.466136
3.169473
6.298079
-1.221476
-5.740318
-7.736520
2.998596
-4.134694
6.360343
-10.450877
4.542718
-0.871010
-0.620513
-10.611187
2.638692
-7.458757
2.458428
-7.175525
9.661139
8.082781
4.070337
12.029102
-8.597708
3.113858
8.385503
9.225121
-2.797323
-1.531236
-8.132387
3.747796
-3.619272
-0.424507
-8.562791
-0.044651
-6.961434
0.348041
2.862691
3.584192
1.683416
5.382022
-0.086722
3.770960
1.846727
-11.349975
3.957773
0.229938
-8.037244
1.075473
5.865561
-8.973268
9.118299
4.783521
2.602264
0.087538
-4.289999
11.108789
3.157148
0.599762
0.246076
6.330416
10.651596
-3.570698
1.200299
1.450886
-2.913321
-1.377933
2.764266
2.723977
5.387815
-3.970337
-2.085557
-5.808107
-6.210998
-2.697644
-0.042798
-7.602682
-4.002566
15.591445
-0.053416
6.051016
-1.711174
4.013154
5.851815
9.055639
1.100499
5.017219
-10.426769
-1.910544
1.235267
-9.488245
-4.518579
12.113631
7.681551
11.046716
-2.095583
3.622271
4.545798
5.230446
4.840004
-1.062317
-1.048354
-0.593038
-5.760540
5.283303
2.480166
4.694472
5.968903
-0.018082
13.771025
-5.172158
-6.336123
1.056381
-10.107480
-0.595992
1.994276
6.325622
5.100067
-7.353446
-6.325807
0.572806
2.142008
-6.457181
-6.345797
-5.895708
9.041447
8.968445
-2.476489
2.587425
-3.903920
6.066796
0.644747
-0.555409
8.831785
-3.337096
3.894546
1.689195
5.628657
-7.147379
-4.178759
4.196193
4.728703
2.993439
4.247410
-5.079352
-5.744651
5.664429
-7.453930
3.802694
-2.156674
0.155504
-7.467371
9.412899
3.136467
-11.332734
3.587948
-2.218184
-5.933573
-1.523899
3.424485
-4.248941
-7.745693
4.704130
4.932878
4.062881
-3.595679
4.194236
-3.788347
7.056743
-3.192744
6.313729
4.319617
0.118357
0.934669
2.770468
1.690824
-0.212032
1.525936
1.523811
-8.404259
-11.266472
-4.027263
2.263265
9.127489
-8.573113
-2.986503
-3.265941
1.939691
2.958284
1.287879
1.430897
9.534742
-2.431955
-11.327910
3.965065
-0.787399
-8.609206
3.373425
2.411983
-3.321085
2.567308
1.468130
0.568397
-5.757341
-5.355846
9.766662
-6.566941
-5.887466
1.262287
5.041893
5.051288
2.007335
3.553904
-2.540078
0.584633
-1.747758
3.827763
3.332087
7.053711
-3.781244
-5.419207
-6.594016
-8.014139
1.461500
4.419762
-0.968392
-5.536857
13.133636
2.161757
10.961739
1.265395
-5.273590
3.451716
7.056279
9.685873
-2.549086
-3.794734
-4.271710
-4.531977
-3.981479
2.148704
-2.362114
5.692039
1.251702
-10.083918
-6.880397
16.098757
4.226335
-11.751266
3.042760
5.891682
-1.882745
5.022697
-2.752678
-0.848155
2.692127
3.881907
-2.438846
-5.104144
-5.445540
-0.748525
8.595407
-2.213778
-0.554482
-2.795156
-7.828201
8.507103
-0.181196
-4.507384
-1.896435
15.120424
0.288675
-3.331817
-3.622431
-5.044673
5.251167
-13.959828
-3.369198
-1.761582
12.612251
7.741209
4.645659
-10.265465
-0.053784
4.205355
-1.666017
4.007358
-4.130933
3.266577
-3.290031
3.593926
-4.013431
-4.087883
-5.203928
-7.472702
0.196521
8.061518
8.545109
0.112949
5.479130
0.563127
-8.771981
-6.976592
-5.900828
2.161973
3.053820
3.411529
-1.056137
-10.815506
2.491457
-4.219894
-0.001289
2.840493
3.582068
-0.762561
-5.083126
2.555720
-8.733812
-1.367054
3.328132
-2.189725
-7.343497
-2.859045
2.865291
-3.809605
2.609495
1.394903
-6.527286
-6.897387
5.196884
6.646846
8.860986
6.204968
-4.519451
1.785862
-6.657919
-2.554865
6.993315
-7.996089
10.934518
4.320072
3.501531
3.875648
0.406957
3.741028
-6.559662
5.467228
4.726737
-3.353312
-4.246413
-6.133600
-2.090410
1.240739
2.524028
7.114944
0.018942
3.913541
-2.379279
-0.129246
5.830958
-3.920981
-2.502429
-3.917272
1.012988
-7.129440
7.041610
3.731368
3.682669
3.952743
-7.392240
10.385030
2.743593
-0.359193
4.545229
6.274704
1.441610
0.750553
-0.734850
6.851087
-0.473293
-3.442616
-15.283749
2.573550
0.048706
9.259264
-10.022279
-5.560231
5.809104
10.800010
-2.268944
-9.802598
3.024052
-5.008832
1.026077
-0.251208
3.237752
5.958471
0.747285
-7.205293
-3.168764
-2.401762
-5.556221
5.120997
8.384795
-2.318835
-0.577851
-2.233005
0.372832
-4.967329
-0.561528
0.385210
-9.123313
6.995165
12.223458
-9.488511
-0.952210
-11.168354
0.873468
-1.887708
-6.438457
5.555476
5.104836
-6.177401
-2.755614
2.393323
-5.108162
-10.957361
-9.057248
8.823942
-6.633952
3.784251
1.590010
-1.110981
0.391979
5.644199
-5.104464
-5.309612
4.402538
-10.695225
0.931689
-2.243801
5.782700
-6.313429
0.955783
1.294225
-9.470272
-2.214394
5.736711
-0.406311
7.634893
2.961966
-1.912409
-1.356360
-4.875382
-3.545954
-3.722315
4.478779
-5.603396
-10.346079
4.889552
-1.088912
-3.425345
-5.884675
-5.225460
-2.462443
-1.620417
-2.343585
2.062317
4.801089
-2.832398
2.164952
9.379390
5.661972
4.181411
-6.565547
6.079385
0.533939
-5.442290
-6.243746
4.890814
-7.807868
-3.859947
0.198613
7.341939
-2.083947
-14.198588
2.431862
7.027049
4.607883
2.424798
-9.887980
-3.327365
-1.441623
12.296114
-3.185848
-7.666510
-2.202569
-4.141304
1.649066
3.226941
0.428603
5.746183
-6.133310
5.100080
1.497229
-3.488025
5.718616
-3.324347
-2.530837
-3.648587
7.192004
-10.143498
4.057545
-13.571474
3.431596
6.408203
-7.167051
-2.563414
2.997210
5.513329
-4.153397
1.573029
-0.170684
-2.568291
-6.478386
-0.793994
-5.131989
-3.135464
-8.381379
-13.161979
-2.930602
0.262298
5.002473
-5.064407
7.673882
5.879869
-9.878025
4.396052
3.946634
3.966014
4.161497
-5.222006
6.579136
-7.037126
-0.994139
2.394033
-10.865281
3.721893
-1.715738
-5.301809
6.038128
6.817591
-6.639571
1.362846
1.592914
2.126732
3.596823
-3.199567
6.705979
5.151525
-10.133367
2.698079
4.169726
-7.185858
5.627655
2.151032
-8.240197
-1.362916
4.134018
-1.735881
5.411064
-5.622900
2.646648
-8.852056
8.870474
0.723390
-3.566198
-9.025003
-4.248187
-5.018991
4.885759
-8.997003
-6.271676
-6.308803
-6.462839
3.551864
4.028040
4.723207
7.070774
10.211541
-0.434429
8.626595
0.336874
5.508962
3.116033
6.624865
4.217954
-2.149677
-3.288769
4.049411
2.680199
-4.869454
0.148575
-9.962539
6.438002
4.127361
5.571191
-0.655665
-7.752350
6.529774
4.749506
3.580516
8.496596
3.462857
4.861971
2.069690
1.027686
3.854174
-5.295202
4.165277
-7.106422
-1.420033
0.556174
5.159240
-1.389005
3.222988
-7.371784
-2.719224
1.623359
-0.685368
-13.618203
0.506871
1.816087
0.233077
-5.076738
7.106051
-0.436646
2.557875
-2.818263
-4.065084
4.622501
-6.007856
-5.634961
-0.671185
5.496992
-4.790704
-0.619396
-0.519859
4.398491
-5.692174
-4.359629
3.575124
15.182279
-0.355107
-10.028195
-4.446764
-0.515480
-5.756226
-0.443033
-7.262739
-12.149458
7.239572
-0.400581
-0.746384
-9.629728
-7.584978
-9.139771
-4.003080
-7.110966
4.264803
-3.044885
-2.870081
-5.729128
2.070314
-5.741001
-6.295228
0.459919
6.479174
-8.403169
2.566715
3.825602
-0.250228
-3.798620
-6.476299
-4.176778
-12.260584
-4.031607
3.709018
4.887682
5.981922
-0.095475
-9.435139
-5.259636
7.386875
0.689100
-1.357361
6.156674
0.227955
-10.491516
5.899677
-0.815960
2.415138
1.593313
2.774649
-2.790621
-1.387602
2.754817
-2.962821
1.777703
-8.161833
0.476496
-0.352946
3.640687
-1.376413
-4.258329
-3.852738
-3.243081
0.088041
2.828025
-4.751217
6.327219
-1.678285
-10.993982
-6.172536
-8.127413
-4.734626
-5.494069
-7.707165
-10.399388
-3.344255
8.122251
-3.455329
1.956881
-2.195345
-2.011100
-9.492697
-4.596051
-3.178452
-2.053328
0.695211
-4.079792
3.236495
0.235683
-1.938765
10.134148
-0.916532
3.914104
-2.485440
8.091549
2.868640
0.926841
4.030288
2.184609
0.098554
0.836037
-2.453766
-9.666300
-4.250141
4.032192
-9.204343
0.077207
-2.001010
-5.186189
-4.774267
5.294995
-0.610982
-0.365264
2.900149
4.562324
3.139884
-5.380403
0.692448
9.808463
2.287051
6.117849
-7.309993
-1.841232
-3.609518
-5.964286
-4.690725
6.949353
2.815456
-8.573236
-4.084591
7.754798
-2.002420
2.520481
0.732547
1.381776
0.917312
-4.877899
6.169076
12.500927
-4.907441
-4.545194
2.530701
-12.359667
-0.387525
-11.440033
-0.283108
2.236833
-1.080773
-6.085052
-4.761610
8.354879
-6.198428
8.615332
-7.479608
-9.402681
2.648265
11.674275
10.104897
8.995150
-4.606873
0.168277
2.124318
-5.938654
3.890623
-2.297863
-5.263057
-1.698000
7.094584
-18.442629
1.636801
8.020934
-2.744478
8.882701
2.098131
-6.428427
-7.902297
-2.648746
0.662151
7.333159
-3.432839
-3.047567
-1.837082
12.004486
-12.982165
-1.931163
0.498997
-1.868161
-5.959246
-8.683709
-2.525784
-1.913267
7.064880
-0.251541
-0.054671
9.571073
-3.557506
6.333486
-2.068372
5.720790
4.186706
-6.797531
7.943969
-6.951127
-7.149728
-11.151740
-7.107874
11.156818
-4.575303
-9.348253
14.989742
-0.153632
-5.470401
-15.641990
-4.456784
-0.584271
-8.409739
-2.398304
-7.086691
-1.351465
-6.576204
-5.919816
-2.711501
4.842560
2.897200
3.277647
5.246359
4.002210
1.880916
-3.131428
-16.290129
20.672443
0.559955
-2.317251
12.546926
-7.692500
1.896072
-5.714264
3.502414
-1.933898
-4.592298
2.480688
-2.409078
5.612830
5.423486
2.426530
3.173303
-0.848507
-4.756948
1.283812
3.151044
-1.531141
-2.079673
-3.548432
-15.238481
6.552482
11.587822
-2.501893
-5.571767
3.330463
-14.985074
-0.019729
-5.510344
-11.132791
5.934491
-3.919677
-0.803249
5.175791
-6.179187
-0.210078
-9.988235
-2.874644
-3.114634
-0.512524
-5.104774
1.494814
1.161002
10.640469
-4.973500
-0.915819
-0.938510
-8.283710
3.540658
4.905756
-0.531380
0.310226
4.387424
2.107470
4.087464
-3.936008
7.044508
-1.389341
5.977859
-8.317766
13.679688
6.908452
-3.042597
-7.887463
-11.038468
5.104414
6.635689
5.623146
5.644402
4.599083
4.019621
-13.372742
-7.855914
-7.101515
3.283192
-9.008638
1.576182
5.819119
0.717749
17.494198
-0.220283
2.327527
-4.968975
7.662382
-3.007247
2.642787
-13.379384
1.852473
0.563247
-8.256018
-8.543247
-0.554013
-11.136137
-6.953037
-3.037664
-2.340362
6.860024
17.620583
-3.129373
1.404397
5.926258
-1.606037
14.560967
7.199976
0.945351
6.996636
12.582989
-0.000790
-5.119609
5.857012
-5.080558
-2.895298
5.053588
-10.967597
6.023527
11.416267
6.272983
-1.987246
4.432851
1.446344
-9.103690
-8.678898
2.288804
4.499553
11.388638
-2.915799
7.379387
-16.144999
5.031337
4.052394
-1.560542
5.337171
-0.222667
10.183743
-2.140021
8.010373
-3.396067
-5.475152
2.501160
3.190467
-11.362360
6.970037
1.045538
5.774495
-1.233558
3.875579
-2.705593
-3.641349
-3.586535
4.501471
2.862616
0.290260
8.124645
8.198889
7.401767
6.000958
-4.752556
10.917387
-6.567676
-4.143167
9.293407
-8.170422
-4.364638
4.251370
-4.332819
3.593855
-0.267117
13.693715
2.818562
1.968786
-1.045101
7.067285
1.978569
-2.678053
-3.551096
1.537326
4.965003
-0.149304
3.905629
-3.617769
-4.522712
-1.612355
-9.918114
-7.733372
1.221843
-1.308807
1.322262
-10.994173
0.681900
-6.346066
0.701206
-7.098484
-8.652933
6.929402
-0.016717
-0.445036
1.819481
-0.081797
4.937788
10.848954
-7.493499
-10.237189
-7.626587
6.447715
12.883569
3.086128
5.776636
-2.668657
-9.600167
3.016524
6.508790
0.992471
7.472184
0.019473
7.658019
2.227831
0.136966
-1.398773
-4.398981
1.252182
2.602800
-2.660831
-3.847204
-10.682042
-5.560088
6.129416
3.628395
1.588388
-2.333008
-8.119903
-10.168164
0.834539
2.978848
1.316082
-4.914889
-3.119746
-2.135481
2.014496
5.408442
3.093889
4.937463
8.541106
1.632266
7.920061
6.625793
10.642662
4.683480
-1.718735
2.376222
-6.394536
5.387401
4.015401
-6.206110
-5.361448
-7.049942
-7.099011
9.328894
-5.070669
5.360474
-5.364243
4.528013
-11.930577
6.410590
-9.941668
0.109780
5.538213
8.151213
-1.279510
4.352809
-11.356360
10.003168
1.106168
7.372044
1.352009
-2.868519
3.066355
-5.133184
2.963695
-4.177689
4.635468
-2.068115
-7.366720
-10.137491
-0.427666
-4.425635
-0.140385
-1.115364
5.513340
1.643518
-9.165520
-12.721600
2.404025
-12.418178
-5.706734
-1.673084
-6.259687
-3.797825
5.555729
-3.572408
0.262021
-4.349400
-5.639295
-4.608952
-7.273273
0.084288
-1.680632
1.387870
8.363122
-8.111491
-5.531219
-2.354916
-5.699381
-3.784318
4.151554
6.794853
-5.070009
3.757623
-6.327154
0.396280
-3.295429
6.140961
-1.195745
-6.394999
-2.846116
1.402210
-5.702941
-2.193573
2.340044
4.065016
6.750966
4.384535
4.630540
6.849566
-5.402580
0.619996
-2.043725
-4.731704
7.189137
5.424486
-4.859386
-5.658501
2.206079
2.471754
7.984767
5.291241
-3.569637
-3.850880
4.779102
-2.095874
-8.455936
-5.198809
-2.258955
5.566695
2.330096
-3.081990
-0.497431
-11.275276
-6.170708
5.692776
1.872782
9.936930
3.765405
-5.186599
-4.866318
-4.062487
8.553933
5.224754
-15.687531
2.125252
5.891729
3.626163
3.729687
3.038904
2.154639
-2.899448
11.697429
3.620645
-4.433524
1.646630
5.462010
-7.233422
2.895487
9.662745
6.455566
-1.238424
1.289852
7.545643
-2.285863
2.522726
-3.531467
8.262490
-3.351735
-3.918023
1.354605
-6.756796
-2.582368
7.651867
-4.159561
0.198227
-3.632473
4.335259
1.995002
-3.431659
-4.383001
-6.555323
7.667659
-3.036906
1.360061
4.562511
-0.617018
9.229116
9.232313
-5.624871
7.595493
-1.435924
-0.178188
-3.614707
-6.672236
4.843590
-7.515149
-2.688723
-3.980729
-9.590117
-0.138759
-7.605206
-1.806911
4.633765
-1.161721
1.813942
6.347255
1.470411
4.687154
-4.541221
7.238738
-6.139672
4.828090
-6.222484
10.297674
4.490079
-2.804680
-4.240119
9.639922
4.011811
2.153961
-6.490677
5.303072
-2.707334
-4.466079
4.333175
-7.172922
2.669454
-2.620017
-4.745469
6.069898
8.429783
-2.263443
4.013422
1.903565
1.551905
-7.897862
-0.954438
4.263427
-3.134753
-4.438130
-7.614037
-2.868423
9.459982
2.013808
5.322280
6.730234
11.799740
-6.983321
-3.804523
6.659573
4.065615
-5.184994
0.967953
9.413295
-4.046913
-3.205172
-5.812258
2.003526
7.011457
-1.170934
-1.438697
-9.427751
0.920527
-3.583632
4.621840
1.373255
-11.097358
-3.100523
-8.238584
1.033951
-2.134430
4.169538
6.018420
7.425427
-4.490906
6.616222
-2.746670
4.979358
6.239118
-8.778175
-0.889967
3.622154
5.264063
-9.305305
0.227490
8.370643
10.937575
13.639485
8.700212
-1.108197
0.275458
10.223941
-0.436567
9.219747
12.354383
9.334903
-7.793227
-1.594669
-0.652052
8.686383
5.520991
-1.250476
2.159720
7.947964
-2.261644
-3.469760
-6.919954
-6.688720
3.075567
6.294932
1.372315
-0.379064
2.038819
-1.884847
10.214621
1.657104
0.102830
-0.148768
8.689696
3.800594
3.604398
-3.954988
-5.218521
2.641112
6.718107
2.546793
5.589674
6.164680
-4.611888
-0.577307
-5.403001
-11.653174
-2.494192
6.238677
3.386222
1.830214
-0.308309
-0.157515
5.437712
-4.108866
2.370687
1.502191
-7.019266
8.823689
3.060785
10.477139
-8.172774
-6.799617
2.476504
1.074736
-4.987392
2.986952
-14.582624
5.261617
-1.630053
0.667439
6.894058
-6.730327
7.338401
3.065508
-12.502232
-11.424809
-14.012070
3.834434
5.980788
7.963745
4.256763
-6.616848
-5.193079
7.995846
1.023177
-3.719110
-6.337064
1.656346
-0.598092
6.013395
9.798948
-5.132286
-7.687150
1.141455
-9.234415
7.063631
7.179235
1.279891
0.927548
-4.741434
1.965076
6.242674
4.129987
-6.805218
-3.745085
5.396833
-4.583522
-4.641387
-5.734703
-12.979033
-0.935058
-2.230976
-7.582784
-3.519969
0.356622
-8.559968
-2.478742
4.434272
5.930318
4.840871
9.605704
0.477185
-3.763919
8.117294
3.490423
-4.081256
-4.985500
-7.006384
-7.637498
7.054022
1.056062
1.616953
3.615531
3.796095
4.560792
-3.811855
9.959328
7.446699
3.861056
-3.952134
-5.259890
4.762436
1.055043
-1.046621
-1.108877
-3.903360
-8.415462
-3.722957
3.385867
-5.181747
2.503685
0.905863
1.423826
-10.278882
4.570018
9.383156
2.318833
6.752661
8.960381
6.659434
4.130101
2.780646
-5.584548
-10.222380
-5.408098
-7.667569
-3.931350
-4.245632
-4.021703
3.670367
-1.385835
6.465826
-11.296336
1.178318
7.029334
-3.407618
-2.131503
0.744443
0.571074
7.266486
-1.361683
-4.007193
5.962286
-3.962104
-1.376919
3.046851
-1.639267
-3.674608
3.185860
0.519802
-6.373729
4.534244
0.817555
-11.573908
-0.858499
6.904637
3.648992
-4.568194
5.111296
5.773462
-9.372066
-6.176291
4.411630
-7.337079
2.166547
-2.851054
-8.293102
1.956283
0.145731
-7.419697
-1.908353
6.432122
4.993052
2.195601
-4.122943
8.834414
-2.300704
-7.897331
-6.354006
-1.039579
-4.005630
-5.642635
7.507084
-6.367342
2.546209
4.663512
0.790219
-5.465209
-5.891107
1.108661
2.543661
7.812829
-1.736747
6.428389
5.121924
-0.528342
2.423282
-1.855467
-3.661138
4.140984
-10.391446
8.994878
2.730213
1.769231
1.574058
4.650842
-4.013705
0.131277
-17.048857
-10.878918
10.440265
0.000319
5.779012
-0.694791
-12.130340
11.921036
-17.298771
7.553796
4.255067
6.764729
7.052165
-2.869605
-3.241825
5.666022
-13.215158
-1.311677
1.986974
-7.080250
-6.047654
0.124998
4.696803
3.536492
-11.224397
-4.660097
5.017262
-2.750325
-2.357586
-0.562021
2.405400
-5.869001
6.047407
-0.841370
4.298810
6.987759
-15.194764
-10.897922
2.715711
-11.266751
-2.252965
-8.613859
-7.361058
-3.581915
-5.768628
-3.826669
0.899832
-3.418655
-1.319499
0.836809
6.565955
7.990257
8.131607
5.295788
4.461310
-5.881434
-3.046604
-8.740766
4.264575
1.922203
3.614931
4.122180
0.405723
7.277560
2.439642
1.066212
2.697693
1.619555
6.239020
-6.540177
13.576042
9.528824
6.163567
-8.124120
-4.803823
-4.268554
7.446291
5.361705
2.565272
9.782123
4.760160
-4.699664
-8.848958
-2.539324
-10.089972
2.178522
3.833079
-7.743983
-6.533751
0.850503
6.821583
-5.600416
-7.310873
-1.887139
2.771117
-6.255155
-0.115697
9.877076
-7.752656
-6.346728
-8.232862
-3.917274
-11.133992
-8.570313
1.308175
-4.998770
8.921807
0.724091
2.157469
-1.420314
5.972151
-2.616772
0.048595
-2.862506
-2.531877
-5.157042
5.087014
4.256062
-18.117336
7.370306
1.763160
4.271090
9.185366
-12.540448
-0.537241
-3.055766
9.293135
-8.240733
3.740891
4.738429
-6.459923
-3.528845
0.963102
-9.474838
3.947334
-2.223687
8.064260
11.753506
0.406263
-2.354372
-4.849932
4.371460
2.136696
-3.114074
-3.858066
-3.895914
-0.649042
0.547199
2.263033
-2.661620
-0.483422
1.503499
14.327106
3.366382
-9.492836
1.523999
6.836610
10.798033
-3.010453
1.269235
-5.865064
-7.785681
-2.275887
-5.008723
5.366745
-1.999935
4.783305
-5.540942
-0.132403
-7.060240
-7.945579
-7.267214
3.268405
-3.676184
-1.959259
-8.967921
4.585458
1.555328
-1.785575
9.399995
-7.972371
-7.415504
3.488736
-2.236381
-12.954327
-1.643725
-3.508686
-2.478906
-0.660650
-0.643404
-2.898169
3.467912
-10.315774
7.447262
-9.509937
2.883412
-3.670181
-5.254994
-2.163090
-13.504792
3.947165
-4.094163
-3.352057
-0.736391
-4.962783
0.415528
-4.904284
5.647476
4.422207
-6.716804
-6.684736
7.691143
8.812276
4.164098
-1.055453
1.221875
9.731545
-4.416324
-3.423685
-1.713109
-1.111569
-3.479719
2.181521
5.624993
-8.265405
2.528865
-1.772632
-0.345885
2.491935
6.216338
3.026134
-1.174383
9.661006
13.853427
-2.840467
-5.387980
4.305916
-15.626510
-2.773268
0.904289
1.977759
-1.241129
3.664437
3.701247
-3.286356
-5.908540
-0.821441
8.791641
-4.987429
-6.239668
-1.130119
3.076574
-2.477968
-3.742453
5.991682
1.952466
2.656240
1.962905
5.794554
-3.525936
2.830184
4.591216
6.171438
-6.134562
-5.761658
4.116659
-1.091103
-6.608597
-5.465603
8.745994
0.391040
-8.547249
17.032553
9.620325
-0.258246
-5.348811
5.548958
-4.342338
4.037028
-8.297405
-5.509513
3.265682
-2.382706
-10.114842
1.699453
0.551952
-0.218165
-2.075267
12.683285
-1.876621
-6.417253
-2.907235
7.623528
-0.762404
0.466833
2.145926
-1.400785
5.715970
0.646203
-5.924411
0.257271
-7.438080
10.047114
-7.747444
-2.566142
5.349568
7.643044
-4.681449
4.635082
0.966701
5.255285
4.379109
-0.475624
-0.204616
-12.919397
-1.728852
-2.322175
-7.173833
6.917564
3.305196
7.914826
0.237035
-6.656768
-5.794052
3.498638
-10.031773
-1.545336
-1.249634
-0.471209
7.557721
-1.958521
-1.534154
-6.657819
8.796389
-0.307280
2.109895
5.140292
9.123787
-7.734294
-8.422235
0.497428
-0.161631
1.323599
-7.923722
3.360964
1.519056
-0.751597
4.821919
-5.035050
-2.863983
4.506369
-12.261573
1.456133
8.160756
-7.534925
14.049481
-2.575610
5.701532
-6.195229
-0.601035
-1.426245
3.895737
-12.469614
-9.412562
1.031011
-8.725022
-0.473751
-2.148965
2.856030
11.916125
8.018534
11.625644
0.158974
-1.751604
-4.846828
-0.822098
2.781433
-3.541632
-0.900547
1.064225
4.103920
3.196148
-0.917350
2.231280
-3.996685
-4.633742
-1.089385
1.923734
-7.204793
-7.471237
8.937246
-0.608450
6.828946
1.016289
-1.520083
9.065820
2.540337
0.619582
0.151917
-0.711536
-3.757103
-2.745195
-14.964245
-7.266522
-14.786050
7.139194
-0.425045
10.074750
8.351902
-6.290204
2.319580
-3.991504
3.883826
3.320420
1.454108
5.078046
-0.033282
9.769603
0.548107
-3.592252
5.467751
1.817509
-3.684276
-3.939287
-1.897376
2.747952
0.354327
1.227828
3.132238
-13.372229
8.241486
-3.528951
-7.603873
2.882676
-5.603984
-7.606012
0.757468
0.665579
-0.380435
11.980306
2.151684
1.028237
4.658420
6.757296
1.296338
7.534983
6.561401
2.538934
7.601758
5.621073
5.182293
0.783867
4.150610
1.128486
-1.402785
-5.542975
-1.158436
8.007964
-3.859289
1.726345
4.879280
7.783546
11.433881
-9.521802
6.515766
-0.366176
-5.732807
3.106762
4.220644
0.228078
1.779806
-9.311766
-8.269080
-1.026127
-9.467297
4.802545
4.526058
4.701879
2.507357
10.191591
4.149175
-12.653659
-5.948900
-1.340690
3.918092
9.527019
-0.085951
5.863136
6.867573
-0.923059
0.160537
-1.303102
4.585264
2.110316
-4.919574
12.468091
-7.570086
-1.014681
6.045404
-3.872168
-5.584913
-7.657826
-3.927030
0.938885
3.994864
0.005410
-3.424869
8.646867
2.301915
3.212329
-5.635607
1.321811
7.195143
-6.369386
-2.627737
2.297864
1.790301
-0.206220
6.445179
-4.934296
-4.396082
-5.000992
4.895841
4.536225
-5.466077
1.460133
2.596916
2.490481
-6.188736
3.233982
0.183536
-0.631775
2.242487
9.752090
-8.573254
-6.710800
-4.436804
-3.125762
-1.150382
-4.225998
6.124232
-5.219808
-0.429721
-9.058805
-1.415025
-4.832139
2.834116
-2.513977
7.308608
1.703932
-9.437978
-0.280009
-2.742359
1.494164
-2.292290
-8.169757
3.610914
-8.439732
-10.351632
0.939451
3.186179
5.880615
-6.004839
-7.597359
0.984083
-12.748472
2.410856
2.778666
4.738469
3.613695
9.806776
4.038327
1.708485
3.155635
5.836726
6.569505
-13.564560
-7.180515
7.151218
8.191216
-2.135802
-10.457833
-17.213509
-1.080003
-11.944921
3.733270
-11.377870
9.961214
-3.914991
1.772469
6.025212
3.724857
-5.026637
7.286707
-13.696680
-8.001877
5.464965
3.474136
-1.904588
0.878791
-7.073961
3.876010
2.173910
7.920302
-0.020208
-1.813619
-10.676953
-3.633967
-5.942305
1.381361
1.752295
-4.910689
-11.917388
-8.055300
-2.483490
-2.824327
-0.908071
-11.696161
-3.807244
-5.796274
6.985053
9.169744
9.123247
-4.676259
-4.441548
7.422367
7.668398
-9.632337
-5.775638
8.371187
2.430233
-5.327200
2.592016
10.178159
-5.599475
-9.293586
7.205130
0.776570
9.703367
-4.439750
2.022187
-2.479270
-6.044886
-8.598494
5.332797
1.812088
-8.770380
7.226816
-8.653297
0.757870
1.120232
-2.392931
3.096684
3.154405
9.239208
-3.653932
3.700243
-12.287946
2.466604
-0.095894
-6.449819
-5.611801
-6.597260
6.190211
-1.835286
9.052126
7.357824
-10.188854
-3.718933
-4.629210
0.307471
1.513853
-10.606166
-5.053621
0.934501
-4.499172
0.182201
-5.640122
8.777629
0.068503
3.934677
-7.666189
-1.109500
3.401938
-5.567096
-6.045503
3.901742
-2.633160
0.269469
-9.277354
9.475063
2.304710
0.904571
3.537987
6.823290
6.960875
-6.800725
-5.229564
-4.876521
3.356134
1.048937
1.826615
3.705756
10.302705
-4.483720
5.039423
8.710336
4.848285
-3.377416
7.967723
2.622820
-12.913323
0.243715
-7.321288
-8.572836
-3.197016
4.489831
-8.004821
2.495531
-1.366967
3.974504
1.725616
7.405056
-10.541163
2.879526
-8.352844
-8.165484
-6.802433
5.826431
-2.086037
3.237619
2.945011
-8.227523
2.492927
0.146515
0.135247
4.065642
-5.184227
4.641479
8.594000
-2.180941
-4.254990
9.023815
-2.985757
-5.992933
5.334632
-1.530257
-3.023531
6.892328
8.842898
2.601793
9.634549
3.163714
5.094473
-4.285645
-1.803516
4.755858
4.217236
0.701032
-5.467287
5.767734
4.437772
4.960090
-2.773621
-5.529698
-5.133330
-8.135053
-8.207724
-4.157993
-16.564234
-3.571874
-4.557302
0.943445
4.797428
9.419826
5.417017
-0.811357
7.289806
-4.502411
5.380369
-0.039047
1.228250
-9.225333
-2.369819
2.008947
-6.323477
2.117692
-12.187314
-2.640119
-1.301219
-7.255054
-7.950753
1.799969
-6.063648
-5.234174
-4.909941
-2.451487
-4.032618
4.223201
0.536855
5.952003
-4.372914
-8.251290
-6.299812
-10.844041
-7.179958
-4.859613
2.292370
0.569275
-0.877273
7.238066
7.873258
9.955180
11.393293
-10.284086
4.909392
8.043962
-0.444716
0.245795
7.746166
4.514471
-8.161224
-2.769259
-0.843688
5.869998
4.853815
5.213712
-15.888056
1.479474
-0.480112
2.106422
1.072308
3.063457
1.953415
-8.889749
0.043910
3.823834
0.817249
4.967537
-9.088100
-3.883155
-1.074731
-7.172338
2.876530
-1.326833
-3.737782
0.631630
0.304671
17.666145
1.210543
-12.017314
-4.885451
-7.173902
-1.502028
4.191164
5.914334
-1.269148
-7.988579
8.347616
13.952394
-4.307074
1.385086
0.543028
-5.862560
-5.970388
1.850906
8.477678
-6.413865
-7.420355
-10.650155
5.974022
-7.854012
-6.554507
-11.097729
-2.210834
9.459674
-2.042708
-2.750921
-0.820448
-1.757570
4.835811
2.213743
2.264426
-8.702965
3.560774
-0.108881
-0.635334
-4.156812
5.361639
-5.015741
-3.163419
-7.315447
2.604594
8.378773
-7.038275
-6.262943
-4.977660
4.644912
-7.311025
-1.835260
-1.547434
-2.111598
3.680956
-4.834704
3.206856
-6.027159
-5.143141
-2.104964
2.207070
7.146436
-2.611777
4.175143
4.804513
-2.517354
1.283821
-2.677280
-0.348254
3.632520
-11.324110
6.163481
-11.050213
-5.618235
3.956463
-5.114844
-2.966188
1.233956
4.982577
-9.824816
-0.060365
-15.161006
9.007009
5.555600
-5.354640
-6.483944
-0.217608
1.826474
3.516369
-1.215057
4.131825
-4.982523
5.277477
-4.962837
-6.474524
-11.620040
-0.053396
11.434274
19.751024
2.777769
-6.103982
3.357711
4.580079
-5.576670
-1.015253
-2.406774
0.003430
0.063113
-4.796844
0.913813
4.614703
3.924953
-0.462753
2.351730
5.788904
8.100705
5.475748
-4.543000
-14.738475
-3.733244
-4.955988
-1.987661
9.386170
9.984860
-9.082359
-8.310246
7.449232
-5.376907
5.734748
3.545078
6.821515
-8.851937
5.878586
1.331335
7.457586
2.028206
6.802146
-0.752846
-7.848143
-6.364564
-2.396212
5.630980
3.661936
0.297672
10.883688
-3.698126
0.060793
-3.597013
-9.386628
-3.114440
-1.208480
8.126225
-1.697870
5.110359
6.206428
6.188940
-8.667359
0.817371
-6.127734
-3.992189
-0.584189
2.645661
-3.642332
-1.932088
2.455360
8.949012
1.256543
-2.306588
-5.669758
-0.365372
3.661730
-2.190494
0.866387
-5.463888
-3.426831
-9.334878
1.418257
-1.293993
-0.937420
5.360057
9.435805
5.466403
3.463320
4.688953
-4.394762
5.711355
10.770717
-2.858600
-5.737094
3.160606
-8.454663
2.552800
-4.537941
7.170260
-1.457142
-2.645111
3.046198
11.398309
-5.579550
-10.236403
13.810085
-2.789458
-2.461500
-8.117987
-12.612903
-7.139704
-5.919503
-4.946208
-4.349890
14.342689
-7.927907
0.294278
-3.160357
-7.450418
4.455799
0.843239
-9.833170
-2.778313
-2.836978
-0.493163
-7.090981
-2.664956
1.365999
-0.122977
2.267769
2.839341
-8.547767
-0.458640
5.053566
3.293319
7.268500
-7.637913
-11.985901
-1.337098
1.730672
-7.079588
-2.326618
6.337459
0.712516
2.741934
0.748560
-9.759228
3.256603
-2.420386
8.131958
4.015157
-2.075564
5.750148
1.085117
-19.619358
-0.497401
-2.843243
-5.749928
-8.749503
-7.264812
-1.041791
-3.402628
8.412037
0.600813
-4.569221
-8.560325
2.431300
-3.985795
9.517759
-14.734337
-3.260420
4.092445
-7.225699
-11.316765
3.671384
3.268418
-6.249455
-4.469533
-13.966817
-4.742705
4.479192
0.781563
8.414820
-5.305593
11.167486
1.605541
-3.022106
-2.192806
-5.554033
-1.944097
3.279604
-9.019096
2.887173
2.130717
-9.719677
12.876680
-2.264960
-5.069755
-6.979949
-5.029037
8.653988
0.708126
-9.820702
8.824226
-6.120720
0.203408
-6.659417
6.462325
2.510961
3.937513
2.699454
8.402334
-0.328965
-1.643165
-4.156243
-16.563370
1.764099
3.687769
0.473279
-1.524757
0.700222
2.472793
-7.938272
0.958541
-0.309211
6.710650
0.805143
-3.297870
-6.898659
-2.630791
2.153514
1.158438
-3.750883
3.065976
3.848275
-5.585454
2.499810
6.310068
-4.755553
-6.109437
-6.270919
0.657051
-2.785149
3.050348
6.329076
-2.060555
-3.750831
0.131543
8.403152
-11.406077
-4.197636
2.788959
1.302964
2.277928
-4.045712
-2.832483
-10.495236
-8.307459
-7.055338
6.520309
-8.128611
-2.371643
-0.800777
-1.859768
1.608177
-0.757195
-0.911592
-1.252081
-1.344434
6.870878
-2.106097
-1.861205
8.611366
1.449669
0.046770
-6.852499
-2.586032
3.151999
-2.215747
-7.179944
9.673772
2.114912
-6.422838
-2.629378
1.307473
7.245099
-0.285950
4.921905
-7.569575
-4.908989
-12.807484
-7.226408
-3.683257
4.725989
1.920236
-5.763008
3.443465
0.203365
2.733335
1.885051
-10.173753
-9.063063
-10.273310
-6.572303
10.130105
-13.365512
-3.536452
-12.754906
3.807517
-5.461034
-12.675228
9.711366
3.935701
0.241132
-0.385146
-3.608628
3.726090
-8.637292
-11.565887
-6.941014
4.604328
2.233806
2.193536
-3.949424
0.502943
3.407007
-4.467414
-2.346452
6.538331
1.498041
-1.252438
1.354096
-7.809606
3.012853
4.942274
-12.477103
-7.746648
-5.762704
0.700054
0.666369
3.830350
-1.767330
2.624344
7.387843
1.088836
-4.418784
-1.595938
4.636334
-3.642939
3.186107
-3.508291
-4.242057
5.596448
-12.715055
-1.959538
0.600484
8.029198
-0.267935
3.068131
-0.987309
10.168812
-11.172980
-3.988625
-6.030273
-1.116367
1.231079
-3.410298
3.721398
9.798208
1.329522
-4.755729
0.289974
-5.918589
-7.028146
-2.994942
-8.118822
-12.887671
-2.394214
-9.732183
3.087486
-0.242943
-6.906815
3.173863
0.744038
11.130039
-4.784730
-4.185446
12.087732
-0.551200
-1.672759
-5.373785
-1.352558
4.183724
10.422876
-0.829670
6.021944
4.468353
5.510234
1.226011
-0.253829
6.037852
-20.727551
-8.054139
3.527942
-1.808015
1.542067
3.211690
-11.344237
11.623739
-11.016330
-0.669770
10.373504
-5.332111
-1.225104
-8.122645
2.113747
-3.750572
-6.960256
8.830081
7.154152
-1.055927
1.669061
-1.414529
8.985821
2.025523
-10.602855
-10.063482
-3.246221
-3.670484
-4.520322
-0.242851
-4.917181
-7.647913
8.455542
3.361269
-2.479848
-4.620842
-6.350691
-5.628980
-3.544745
-6.776002
-5.520731
-10.222478
-6.316860
3.812595
-2.283032
3.057006
-2.753404
-4.865509
-0.293197
-3.880083
-4.685950
6.749389
-7.696715
7.907808
1.956082
3.333491
-5.156600
-9.881232
-0.525504
-4.482287
3.198599
0.235652
-1.454555
1.711067
-8.152371
-8.897990
5.151662
11.382408
4.617504
-2.705520
10.272512
10.183949
-6.272828
-3.043932
1.836700
-2.297613
-3.719892
-7.162268
6.824018
2.237041
-11.079426
-4.368826
3.121800
2.568317
11.740976
-1.110511
-0.047937
-1.275854
-2.558266
5.010169
4.966093
2.611354
-1.485803
8.227484
-0.907510
4.422363
3.758636
0.080028
-8.970313
-3.311168
1.060813
0.133693
-12.846614
-4.694426
3.721226
-3.200173
8.687979
6.102413
-8.315626
11.913366
-2.447399
-5.136886
-5.217053
-4.280985
5.531848
9.515307
0.065449
-0.845204
1.576784
-5.602722
5.602724
-1.839666
6.808226
-6.329395
0.902712
16.536867
5.584631
-2.154874
4.324052
-9.339349
-7.092039
-2.018692
5.721972
5.026873
2.513440
-6.478030
9.081584
-10.143618
3.429810
9.528461
-1.020837
3.107425
0.124361
-1.500619
3.510761
-1.172526
-0.047043
5.619776
-7.163626
8.426377
-10.089309
4.391906
2.389665
-2.466665
-3.524885
3.125860
-7.251309
-11.805389
-2.229958
-5.865613
2.683571
-6.529684
-0.620789
12.557472
6.286673
-1.137064
-1.845743
6.446072
-7.181804
0.152521
5.569572
4.593801
-9.381679
5.486328
-3.450785
-6.608078
11.022377
-10.141398
9.512194
-0.323011
5.061619
-8.221150
-2.534740
7.377167
-3.618738
-1.443691
6.922923
8.306930
-9.541081
-5.468024
4.170357
8.877307
-2.753073
-7.442173
4.942165
-2.887359
1.514063
-1.417995
-13.228150
5.646927
-8.731331
-1.507780
-8.783084
4.905409
-9.939989
-5.076902
-0.557992
-4.008847
-0.504238
3.977234
-8.499238
4.906661
3.408829
4.267339
0.402495
8.065593
-3.068957
-5.851823
1.248196
6.142915
2.393849
7.317688
-7.543561
-1.227602
-5.243329
4.004052
2.808310
-8.342819
-5.775320
-4.475991
2.898451
2.325045
0.374542
-9.009911
3.000515
-3.009746
5.438291
2.735963
2.118248
-8.387601
-7.117420
2.689850
8.034442
1.650211
-2.792533
10.252988
1.595653
6.856754
0.896874
4.344369
3.703115
-3.142994
1.738201
2.341428
-2.272601
7.735854
-3.215197
-5.998857
-6.615758
1.645875
1.818962
-5.402678
-4.452716
5.969181
-4.540763
-8.697143
-0.798415
-6.259700
-0.967655
1.947204
9.154048
-12.971654
2.472383
-7.348647
-11.878931
2.362156
8.027504
0.153182
-10.436190
0.000049
7.578027
5.141686
10.723150
-3.934842
-3.213106
-3.781722
-2.688406
9.953335
-8.097918
-7.899143
-13.215024
6.780545
1.429177
-8.287993
3.408463
-6.994799
1.653005
-0.327022
2.916988
-2.463360
-5.725488
1.909299
-13.795865
-10.509431
2.902888
0.496915
1.299048
7.873759
-8.294922
0.112122
-11.015677
7.931346
-9.388609
4.895309
-6.926670
-6.845246
-0.195690
-2.370973
-0.738715
10.262546
-5.856351
2.639551
2.982370
1.573059
-6.266228
-7.134184
-4.055881
5.963929
3.340183
-12.427398
-6.537496
-2.230191
1.859314
-2.203649
-8.103785
-0.672585
4.302729
2.790982
6.585032
-0.671902
-0.508376
-4.960759
10.524372
-0.634747
-8.634254
0.473807
4.768789
2.856539
-2.783003
-4.478588
0.974061
-3.935571
1.980739
-11.554659
-3.521963
-5.913939
-8.587350
3.718498
-3.565837
-3.001947
1.839328
0.755901
-3.316694
-2.690267
-6.831755
-13.949759
-8.022144
4.684395
2.680577
-1.333525
8.530695
0.770918
1.052487
-13.748460
-3.100780
-1.645544
4.246127
-4.680019
-0.951345
2.501563
-3.204340
1.432680
4.293379
-8.714819
-17.842888
1.477324
4.641329
-11.672002
7.211765
-6.109915
-12.784344
-4.427474
-0.005453
-2.693921
7.647264
-8.125519
2.480057
-5.171500
-7.085019
-1.184003
1.391860
-0.715274
1.967157
-0.084449
-1.323841
3.452241
-4.131567
5.561845
1.121817
3.278560
4.138587
-6.330073
-6.718816
3.361580
-2.197954
-0.668398
2.206012
-4.941943
2.323554
-5.084136
-7.142975
-3.806118
7.209467
7.688946
-4.592089
6.796110
0.422667
-11.039842
7.149676
1.383170
5.729626
2.562112
2.618026
3.088667
7.263147
6.553391
-6.292713
14.244450
4.275645
-1.524596
1.954220
-1.403201
1.152669
9.120228
3.624666
3.321553
-3.894767
-6.444706
-4.105187
-8.105312
6.809044
-5.979666
1.886822
-0.866361
-0.020023
8.563396
-0.689708
0.109548
-9.376289
4.025226
-1.546382
-7.367936
1.596798
8.540020
-5.747773
-11.130674
2.063853
1.819681
-1.029871
-6.353348
5.246474
1.673044
-5.243889
0.222189
-5.001437
4.917010
-1.356933
-1.435710
5.623762
-6.250767
-14.620089
-2.718128
4.456329
3.854253
-6.560548
-1.065889
-6.204282
1.110912
-0.517080
-5.463458
-2.439029
10.671178
5.123950
6.691193
8.710787
-3.232017
10.589234
0.325423
-8.686376
-2.918761
-1.369429
-2.332338
-6.761975
8.568903
-2.891448
1.030220
-3.756241
-2.477748
-0.754329
5.723582
9.373019
6.481030
3.182278
-8.987072
-2.205127
-1.813511
7.257119
6.133797
0.309111
0.968384
-1.169350
3.064600
5.553100
-2.775896
-0.689226
-10.068408
-2.643367
5.962931
-12.989621
-0.253015
-2.581798
-2.271228
6.489996
-5.179205
-2.997610
14.401704
-6.535548
-6.001979
-5.546893
4.665471
-1.068208
-8.096607
3.227073
-7.644230
0.410127
4.664980
8.493631
-6.056655
-1.110904
-1.675362
0.554414
-15.592116
-5.686399
-3.981276
11.100657
-4.947867
-4.296735
1.121268
1.411502
-10.872555
7.312726
4.350980
0.589863
-10.097439
-2.530422
-9.458543
-1.221651
3.469710
10.715369
3.042096
-4.782901
-2.132270
8.241957
-5.450407
-4.742912
-2.277271
-15.143011
0.088323
4.047517
-1.567678
8.406877
5.169097
5.597032
9.594345
-4.813150
4.957105
2.832817
11.782321
-4.276567
-3.062563
3.152315
-1.836680
-1.361980
-8.222260
6.315745
5.626739
6.903919
-0.200340
14.022455
5.172019
-10.175193
3.400602
2.866953
-5.256977
-5.598510
2.501777
-3.499538
-6.899240
-4.219067
-5.808712
0.953928
1.824715
-14.391048
-3.249509
-7.856234
8.917192
1.823115
4.766100
10.371897
2.051746
-6.579726
18.393839
-1.195186
-1.059160
0.813607
-5.558652
14.176053
-5.502286
5.922413
11.246373
-3.728722
3.452237
3.606847
-3.275243
-5.086407
0.045880
4.907485
6.649088
-0.192016
7.573739
-14.051817
5.749241
4.699179
14.691878
3.462292
2.414094
7.616756
5.390063
5.801404
0.440927
0.929994
5.114793
0.935417
4.140262
8.032801
3.537078
4.502344
-4.919726
-5.678660
6.050941
19.068169
5.108994
1.146953
-1.480850
1.437131
-13.471224
12.916006
7.458087
6.841434
11.206200
-2.868960
2.288145
-7.002572
-4.399697
-5.969807
-1.312875
-1.865515
-2.997055
5.636454
-0.727546
4.867677
-2.659621
2.903249
-6.608459
1.424914
-4.191891
6.397805
-8.962828
-5.214694
-7.482998
0.686949
10.253524
6.306773
-3.385451
13.640036
-1.059602
2.910100
-4.675127
-0.144067
-2.789990
7.069137
1.072922
-4.704388
-3.078208
-1.205685
-9.569455
-3.029023
-2.377155
6.187390
-1.951010
-2.308867
5.016059
12.687809
-8.021605
-3.521972
1.753283
3.049078
-4.681277
0.693393
0.085498
4.192122
8.411174
-4.378925
-0.955764
-9.867298
0.839601
4.948115
-4.946990
4.045565
-1.939100
4.682712
1.607615
-2.243240
-11.568194
9.129615
-3.744937
3.947530
-7.781717
-1.481693
-2.092402
8.183795
-0.782663
3.882520
7.669448
-2.807244
0.075647
3.147546
-1.684465
-10.389245
4.683229
-0.750345
0.448220
6.843780
0.263641
4.871671
-2.572144
-3.444590
-17.008625
1.784921
6.602090
6.485888
-7.466904
11.613168
1.657976
3.271611
2.381785
-6.712932
-0.263923
11.725270
3.466578
0.271940
0.044732
-1.890430
-4.215366
2.041106
-13.105705
-0.926440
2.369182
-8.037378
-2.248052
-11.815293
-1.616108
7.250121
-8.124796
10.562405
6.733017
-11.385728
-9.853315
-11.514095
8.735566
2.345902
8.750609
2.372857
-3.170093
3.555696
9.483145
7.787928
-7.217235
9.028712
-8.307755
3.233177
8.475159
-2.858179
2.052787
-5.059434
0.707895
-1.478564
5.677315
-0.602293
-5.376252
-1.277693
10.485797
-6.715456
7.064926
3.072436
-10.040358
-4.563228
4.706592
5.313301
2.660171
-8.633353
9.450506
2.716404
2.700953
5.362868
-1.277062
1.718808
0.747334
2.954422
3.476071
7.329803
3.795468
-8.794795
-11.136245
-8.242996
6.586817
7.370871
-3.523659
8.226377
0.280859
-7.812754
-0.217426
-0.960844
-2.393002
0.211570
-9.232602
8.505991
-11.552481
-8.091555
-6.492854
0.399590
1.017763
4.260101
-1.618720
-10.468946
-12.486073
0.284510
-14.483191
-0.537618
-9.262648
1.151132
-13.101734
-4.629851
-3.022056
2.944162
-7.317901
-11.613093
11.179157
6.470835
3.138735
0.471629
-5.011274
-1.845710
5.933175
1.204323
-2.099584
-12.383651
-0.887895
-1.348676
-6.372389
-6.513523
-1.506711
5.074259
9.718002
-9.242680
-4.319446
-6.553333
-4.120320
4.472184
2.231855
2.479964
-1.676350
10.343116
-4.613729
1.224134
-3.245569
-2.213212
-3.846041
-1.731685
-3.953298
-7.065432
11.346585
-5.066233
-13.062488
3.702100
10.370297
4.026105
-10.668594
3.279055
-4.904774
4.796947
-5.102902
1.632300
-3.304101
5.064260
-12.060296
3.258010
2.051171
-3.354917
-7.221042
-3.593884
-4.922184
1.482888
-2.816988
-4.116959
-7.260937
3.071679
6.902187
4.915756
-6.327044
4.179529
7.287746
2.682799
5.997095
2.623823
-1.424092
-1.131938
8.939859
0.518681
-1.519933
3.671616
9.020899
4.851783
-3.700328
1.350130
9.992251
5.000955
-4.913051
-0.209058
-5.300094
2.489972
2.724716
3.791757
1.003837
-9.915732
0.697427
-0.005287
-7.175631
3.070076
-7.187141
7.994644
2.083429
-5.763441
0.735722
-0.116280
8.206180
-12.236069
-3.547651
-9.869898
9.106650
0.731925
-0.827760
-4.509777
5.434038
0.221187
0.147615
-8.641672
-3.137947
-1.536079
0.487525
1.454918
-5.489295
0.441592
-9.155235
-1.935537
6.216035
5.481045
-1.982853
-4.487426
-3.039479
-2.850843
-6.676372
-2.651509
-2.389625
-6.612896
8.440909
7.020466
-5.979792
0.385898
2.906012
-7.493932
-8.068849
-0.278486
-1.090683
9.931399
2.839709
1.094359
-4.244240
-2.190180
-4.926077
-10.563343
2.268861
-2.451099
-0.453859
2.237437
-3.632520
8.909110
-8.810474
8.460630
0.910610
0.330211
-1.267713
0.020951
-7.838070
4.129846
4.041926
-5.726217
8.292917
-8.309967
-1.902231
-1.586072
6.326705
2.607258
6.163939
-11.237741
2.350988
-7.950727
10.722003
-5.937936
-7.146540
-6.036415
-0.201181
5.239344
-3.934091
-8.216605
-1.171649
2.879343
-9.307435
6.045924
5.216907
2.798119
5.729802
5.421130
5.802922
2.394646
-4.804639
7.404255
-1.509087
-0.421518
-6.506294
-5.970096
1.607614
7.367170
0.839753
-2.198698
4.918532
-10.017615
3.692080
4.581405
-6.687743
-3.554412
11.338887
-2.445065
0.591398
1.429844
-3.403098
7.183637
6.133990
1.652257
8.013818
-0.913159
-5.168014
9.214411
-1.949931
-0.230533
-1.567390
-8.029632
-2.113849
5.334570
5.063783
0.959019
2.296090
3.661297
2.261425
1.879153
-2.300890
1.439798
-0.234518
0.939826
2.357945
-5.405505
-1.104689
-1.482942
-2.256851
-13.878038
1.797748
-6.778081
13.499537
0.189283
-2.621448
7.482881
0.842443
-6.893544
-8.434972
0.820346
-7.707686
-9.683860
-7.128185
-3.083622
5.306204
3.392110
-16.902252
9.769540
-4.958004
-3.665084
-2.548666
-7.398420
-4.774360
-8.064516
-4.932391
11.846853
-2.001177
1.281767
0.815253
5.417956
-12.134006
-3.969135
-5.113459
2.366380
-3.336449
1.960738
2.237225
-6.326671
-8.092635
16.475948
6.436816
-3.928733
-0.070846
3.862935
3.917221
-2.515106
-4.416433
3.731261
3.642756
-2.927261
3.501447
4.586740
-1.207009
-10.043486
1.711837
-11.678939
-5.652761
8.552442
8.724771
-10.401518
-6.190169
-0.231573
-3.086309
-11.909816
0.893766
0.691493
-9.180686
5.490681
-5.421231
-5.344113
-1.703820
4.211379
-6.844866
-9.874494
5.403337
-7.277925
1.221341
-6.837918
-6.218358
-4.193295
5.938305
-3.348753
-3.167038
2.897927
-3.673662
2.610501
12.283318
-5.732594
4.368529
5.458170
-3.555097
-1.526005
-2.163027
-1.011822
-0.593817
-1.697529
-8.520599
12.553233
-6.367245
-6.043837
1.036115
2.817084
-10.018797
5.210586
9.646654
-6.315770
5.156209
0.481928
2.747540
-0.202164
3.480018
-0.597040
-0.801289
0.158401
12.089680
1.891035
-8.984903
0.065644
9.153898
-1.222296
-0.260758
-6.606568
-0.836743
0.445217
-2.891058
-6.396413
-7.113317
8.016587
1.144675
-10.303226
2.260876
-0.288984
8.580244
-10.401036
-9.076277
12.947869
1.964501
10.741099
0.675400
-0.257446
4.893657
3.403479
-1.574156
-9.838919
14.521998
1.025079
-3.165531
0.003801
-9.007789
-0.612057
-3.294886
-0.966223
3.412576
2.263129
-4.310077
-9.062645
6.075697
-8.553174
-18.152599
2.914814
-6.015599
-2.052923
-2.000046
0.292949
1.617384
-8.954370
2.313444
-3.289542
4.403956
2.696018
-5.576821
5.566262
0.211589
-2.132437
2.733912
-4.115402
1.648899
-8.889051
-2.504521
5.930669
0.341063
1.230576
-1.322025
-2.842310
2.030363
-2.195104
0.227450
1.828883
4.303913
-2.187716
4.976420
-5.657568
0.709262
-2.593304
14.500142
-8.813428
-0.856366
-2.357587
1.846447
-12.722895
-3.157281
5.587048
-0.975750
5.324582
-8.931635
-1.592993
-2.724294
-1.807681
-7.608225
9.548147
-5.273713
3.600732
6.727702
-2.618928
7.970745
-8.637414
-0.106217
9.522758
-3.749208
-3.796976
6.296585
4.411037
-3.233188
-2.865504
9.657837
-1.591974
-2.259189
1.133584
-14.715310
2.000871
-5.158240
5.785551
-11.737683
6.879258
7.396798
0.938002
7.371446
-5.260515
7.137599
-16.091604
5.701959
7.961695
2.607920
4.115123
-7.761300
-12.807064
4.014645
-5.863151
5.930513
4.423077
9.842445
-6.109782
0.157687
1.088435
-2.241707
1.107519
1.113521
1.485132
1.093304
-2.952395
2.238695
-1.054150
3.529094
2.925123
4.473691
-4.739196
7.718719
1.300939
-0.604168
4.315670
-3.700770
-0.423263
7.371653
0.736450
5.309961
-7.817849
-11.354162
0.681143
-0.413879
-8.482393
-5.169546
2.182832
5.774749
5.863992
9.925472
-5.940734
-9.644108
-7.509523
-3.683902
6.717293
5.511137
-1.969729
2.021782
1.479689
3.800134
4.787405
0.532583
2.722930
-4.165959
5.405067
3.601151
2.580674
8.637863
2.779927
0.371802
1.648765
8.035529
-1.336828
-3.399070
-0.650470
5.409542
2.855855
3.296459
8.457020
-10.703081
5.235261
-8.926997
0.834595
1.968705
5.585945
-2.893042
-1.817302
-2.212063
10.180305
1.063179
-10.473018
-11.409282
11.879313
-0.237432
4.574592
-5.799225
-4.646323
-5.941081
-2.630933
-1.410372
-8.150307
-1.661008
-10.277807
-3.883636
-3.007487
2.256952
7.385892
-5.643208
-0.195756
0.285162
-7.427400
2.437361
-10.821177
-8.270891
-0.421337
-4.487949
3.739320
-1.879673
6.438306
4.329951
-3.849674
0.532472
7.141870
-1.349625
-9.627638
5.191733
2.494748
5.527402
7.771454
-3.375959
-1.778774
-1.569998
-2.941583
5.200938
2.290317
-1.109499
-5.648594
-2.698940
6.304748
-8.682467
-2.125391
-3.293625
-8.100557
5.881046
2.758172
1.422116
8.452863
3.835261
6.707953
-3.869511
6.727452
-8.874352
-7.804996
-2.977138
5.337368
2.251137
-10.714362
-5.312160
-4.656846
6.860368
-6.699229
6.327797
-3.090219
-3.953374
7.823348
5.222139
-1.711238
1.526716
-2.402771
1.054265
4.049139
-4.118655
3.791807
5.796549
-5.323912
-0.743259
-4.987432
8.727903
2.904970
2.106671
-8.196248
8.989992
-8.244427
0.081525
-1.700091
-14.853716
4.083656
-3.286940
-14.303007
-3.660944
-7.436558
5.971612
-0.383014
-3.871838
2.739910
3.850033
-14.533769
-2.005298
3.843985
-3.376662
3.279572
7.996288
10.878039
-8.881130
-13.329166
7.172482
4.642736
-3.347432
0.934560
10.063284
0.582586
2.568368
-3.811125
7.202878
-2.506382
-5.991096
-14.608974
2.749983
-6.782586
-3.120206
3.814280
7.193766
-4.882845
-0.349640
5.356545
5.001530
6.295723
-8.589613
4.503232
-0.850195
-4.986832
5.181236
-3.177054
3.129578
8.840802
-5.745162
-7.009280
6.536499
-6.131453
-7.888077
-1.320108
-4.068095
1.351963
-4.709304
-1.031274
-2.125678
7.344901
-1.418664
-3.889287
-7.179555
-3.857377
-3.862824
-1.553117
2.805717
9.822196
-2.388279
-4.683683
-3.914344
6.192941
7.614357
-9.863652
-4.864186
1.944603
2.383392
-4.912698
3.919096
-6.524074
-4.066794
6.255768
-7.389431
-5.203906
-0.569552
-1.045803
-2.581403
4.271835
1.937748
6.740379
0.241811
-6.516852
-2.756724
0.621084
-4.561622
7.793180
-5.256527
-7.818043
-2.968253
-6.436828
3.029036
4.049802
-3.624618
-1.603161
-1.806096
3.795943
-11.455750
-4.051812
1.511587
-2.298393
5.052340
-4.080650
-5.709614
-9.059805
7.944072
4.846547
-6.872499
7.248713
3.035172
-3.597153
5.010585
2.165929
1.526002
1.298291
-13.276750
5.299324
4.009187
-7.344831
12.548779
5.291171
3.542784
10.249811
-1.862407
3.817772
-11.196277
0.733221
0.519332
2.405354
6.411955
3.881124
-2.636801
-3.009825
1.802706
-1.477296
-8.500326
-3.163398
-11.532187
3.029313
4.610702
-3.224924
7.180363
-3.082359
-1.448930
-3.850762
-1.404800
-1.985920
-5.115914
6.048894
-0.259295
-5.316469
12.815720
-4.275280
-2.298364
-3.665252
3.035093
-3.284121
0.740468
-6.147888
11.401896
-5.937209
-13.404676
-8.313458
-1.620242
-2.684345
-3.631347
4.332704
-9.745954
-0.700826
2.261555
1.810230
-1.898665
-6.324128
6.224454
-0.264548
5.813017
0.658353
-6.839530
-6.245604
-2.694002
2.089874
-1.537658
5.121794
6.721911
14.096872
2.079143
-1.472821
6.178561
-5.289651
3.052476
2.857729
-8.362356
-21.194477
1.336339
-2.774307
0.181065
-4.418244
-1.690882
4.542912
12.928743
-1.260741
7.219624
10.937296
-7.584117
-4.077559
-9.291991
4.861986
-4.740925
-1.729458
1.773301
9.388717
2.531608
-0.372582
-1.778154
4.726806
-6.134215
-5.801703
2.119534
-4.927466
2.263495
0.929320
1.143884
-3.116591
5.475690
8.778211
-2.225547
2.016673
-5.757447
-18.065565
0.079551
3.350423
7.385107
6.001432
7.193825
-2.653242
4.870592
-4.687509
14.187509
-7.935631
-6.629480
-5.022888
2.588820
-5.525667
-2.279680
-3.801446
-2.832977
0.382818
-0.187909
10.992461
-6.084526
5.486946
-1.628931
-0.790629
-2.211120
-3.121218
7.882370
4.779761
-1.876602
5.418242
-11.354651
7.299003
1.751436
8.723096
-10.206238
-1.035310
3.961810
-0.487038
5.633554
-0.014599
-9.543849
0.392526
0.957995
-8.741190
1.622708
-2.510817
0.458939
-1.908714
5.529131
4.953527
11.911026
8.048550
5.082720
-9.282002
1.418395
0.166097
3.453043
-0.768136
6.447376
-10.753729
2.024168
6.092957
-5.845435
0.842292
-1.313926
-12.517757
-0.808474
3.610534
0.489215
3.941475
-0.750428
3.306639
9.327704
10.359738
-3.020857
4.577826
-3.914467
-10.508427
3.285913
-6.890548
3.738992
-11.070720
-5.383031
1.686352
8.497395
7.396844
-3.535712
-11.455569
1.263199
2.258207
-4.817010
0.784131
-3.083058
4.021987
1.578351
2.990019
5.537451
5.983930
-1.805123
3.763520
-4.529543
4.990749
-1.769550
7.067933
-6.452456
-2.523840
-1.586566
-10.238383
-8.634817
6.085839
-3.862062
2.957458
2.273970
-9.059561
4.134484
5.873420
4.598773
14.074799
1.076434
2.363625
1.287368
-3.441930
-1.642141
5.940830
-3.916891
-1.652693
-2.428278
-2.761023
1.921864
7.531573
7.029143
-5.976054
7.650872
-4.801166
9.970782
2.613198
2.987448
-6.386752
0.323815
-8.071185
-4.278690
-4.979399
3.985674
2.226622
-9.448346
2.664549
2.604143
-10.309558
-7.222696
-7.515941
4.321947
1.319046
-3.502005
-0.524751
-3.726436
0.417233
1.578430
4.814732
-2.786275
-1.693441
0.152953
8.317587
-8.456038
-5.102084
-0.331305
2.288336
-8.305789
0.858141
1.116164
-0.298674
5.239875
1.861290
1.283487
-1.650212
-3.208449
-10.311778
-3.087029
-4.316645
-7.610693
3.033339
2.018262
-3.481890
-2.896263
-5.686962
1.891012
0.552427
-1.887498
5.053086
-7.205964
-0.693740
3.590374
-13.055142
-3.123946
-1.694381
3.344532
5.269794
4.835438
7.445516
-8.857126
4.464840
-6.818325
-0.560839
-1.784689
5.869617
3.946574
2.459319
0.101071
-1.043509
0.084179
0.923703
0.154784
-5.156185
3.080957
2.447738
-5.945459
-1.814258
-1.091005
4.023123
3.895651
-3.835668
1.157163
0.336819
2.757984
-7.908047
4.214681
10.686990
13.427209
-2.702725
1.888494
3.484376
1.954365
3.233535
7.370514
4.002459
-3.281233
11.321309
-7.726080
2.850869
6.943710
10.790792
-2.709495
-5.250640
-3.083754
-9.291415
-14.638104
-3.685997
4.700593
-4.536733
-9.604337
-3.039853
3.537406
7.844558
-9.609722
-7.326116
-6.819157
-1.394132
3.403655
4.177882
-5.476328
-0.267857
-5.024685
-2.188266
9.090433
-1.776114
3.993642
-11.721748
8.172358
-4.755514
6.869467
-3.783360
-6.124368
-2.670201
-0.564315
7.203830
12.909101
1.295313
3.315524
3.741715
-4.234993
2.148300
-7.340889
-9.212763
4.887419
3.313042
7.894536
-2.354936
2.265901
4.657852
-0.664478
-3.333641
-6.242084
0.425628
-1.549741
0.020961
-3.867808
-2.013857
3.791209
-6.993533
5.244615
4.879141
-7.733789
1.931397
2.530790
-0.270980
-6.994175
7.976370
1.879339
-0.560467
2.514494
-1.475387
2.506858
6.539015
6.342197
1.022387
12.767205
8.186213
5.991234
-0.363228
3.285409
0.376435
-7.183500
-2.349835
-12.526981
-1.763070
4.559364
-3.658726
0.517460
-4.049522
0.557059
-9.891816
-10.558175
4.279821
0.689312
-0.293307
7.887649
0.469436
4.398055
-0.278798
4.199920
1.380666
9.314958
7.330199
-9.192514
3.282045
7.736018
-7.296548
4.748572
-2.690943
-9.218353
-4.790757
1.772893
-1.163757
-1.218107
-6.621669
7.663517
-7.284166
1.436317
2.574022
2.022232
-0.882305
5.307459
1.136845
-1.878439
-4.628979
7.652502
2.285408
-5.565950
2.922683
-6.477595
-0.216461
4.779480
-5.821427
2.008042
-7.602498
-1.621698
2.917930
8.257533
7.857090
-0.587271
11.792445
-6.122972
2.471828
7.339057
-8.102417
-5.526576
-7.169654
-6.362629
4.964194
4.887644
2.327113
-7.503038
3.313926
10.563914
-8.750776
-2.098597
4.363095
-0.031156
3.532611
3.169746
2.303785
-3.512024
3.339677
-1.105793
-4.039066
-1.795977
-6.202420
2.841205
-6.823884
3.264752
-2.720927
8.389388
8.617216
5.821255
8.222950
-1.579302
-5.229391
-2.247441
2.164493
-11.324968
0.268293
-2.580213
-6.643754
2.501307
-2.748888
5.163501
-1.824558
-0.334432
1.485900
-9.500069
0.671932
-3.540305
3.666945
-6.882637
-7.930710
-4.346130
6.348421
15.244117
1.142981
-5.864686
-2.234907
-2.103693
0.260070
1.757421
1.373246
-2.228971
-3.545341
-2.554961
-0.598226
-6.893509
-9.041045
-8.000460
6.040128
-8.616600
6.009234
2.042891
1.184053
3.176638
5.282087
-9.593832
10.021941
0.410096
-4.129113
4.508397
8.835654
-5.172868
-10.090358
2.656743
-9.366163
6.285604
-1.002102
-9.874473
4.740623
10.274157
2.417057
-7.339885
-1.652993
0.651511
-0.298468
-0.857956
-0.052278
1.972882
6.626569
-2.180682
3.524686
-6.504979
1.623514
-7.914258
1.741640
-11.405309
6.763957
-1.178284
-8.847672
-5.546447
1.646835
4.859290
3.161979
3.078629
1.480498
4.237995
0.874611
4.382753
-2.907481
8.894716
1.757445
2.673381
1.736094
-0.986466
7.320696
-2.885371
-9.794651
-2.718195
7.475916
2.127522
2.610342
6.466656
4.300699
-4.288870
0.938676
1.271613
5.298530
-2.882015
9.213396
7.105347
2.113051
-1.873804
-6.052561
4.582587
3.653981
4.490167
-1.531430
-0.961199
8.585869
-5.331197
-3.503470
2.123762
1.334931
-10.301625
-4.500701
1.653791
-11.367709
-7.770555
-0.043990
7.724322
-1.846866
-6.147216
-3.811639
3.881336
-2.094827
6.157732
6.119985
-6.419023
-2.913434
-0.679392
2.770831
-3.727350
10.272320
-4.955181
11.936526
5.675073
1.115704
-2.600624
-0.211456
0.581465
4.913064
-1.594580
-6.232837
-3.411980
-1.904413
3.354928
-5.756317
-6.747221
4.886705
3.668397
-7.022506
10.075895
-8.208350
-2.178620
-3.414948
2.978605
-3.324542
6.049944
6.954373
-6.639498
10.266287
5.643507
-6.171720
-4.781347
7.015495
2.044861
-11.827756
7.746765
5.673182
3.156045
2.365769
-0.974347
-0.258989
2.519305
-7.027391
-0.293848
0.826829
-8.681748
-2.529549
-11.209341
4.764420
5.329686
0.343118
0.582359
-7.628109
-0.787899
9.806010
3.950735
0.236481
-0.582391
-2.481123
-7.547462
2.234048
-5.333851
3.251635
-2.844955
-14.302056
-10.625855
-10.700349
-4.396406
2.706232
7.336914
-6.461348
3.376182
3.580386
-8.458861
3.907950
-0.908939
6.889205
-2.898724
4.478962
4.915051
4.743105
6.658876
8.885056
-1.856628
-9.032557
4.812798
3.557811
4.513216
-2.963771
1.953872
-3.984897
9.240410
-0.958500
7.453901
8.954048
6.912580
-8.230789
2.559436
-7.964421
-1.155626
2.200800
2.745106
-10.676041
9.018335
9.929088
-6.725820
3.663476
-10.420644
-7.836907
1.657698
-7.792634
-8.186274
3.026476
8.629977
4.867367
-1.121901
6.946307
-5.283813
-5.092734
6.352704
-10.617387
12.817935
9.780354
-3.384878
0.425887
-2.777550
-1.951202
5.101275
4.724699
-1.337339
0.934348
0.993721
-7.768707
1.261733
8.072363
-3.755904
-5.628641
-6.598277
-5.320180
7.023270
2.116871
6.441569
-5.766714
11.220411
5.402919
3.144022
1.272024
-0.334717
-3.529466
-6.258360
1.569149
-11.258850
3.643946
6.371622
-2.956816
7.323929
-4.808147
-6.098521
-1.486736
6.468857
6.151236
0.098537
-6.243239
-5.856490
6.077090
-1.882814
6.741419
0.205431
-15.776713
-10.039368
-0.939128
7.301144
7.863744
5.715503
3.439029
-3.307070
-5.763982
1.366295
7.087308
1.058627
-2.470111
1.826293
-2.381149
9.379203
2.454641
1.512871
8.361061
-4.976122
8.335948
-1.104647
1.501338
6.405371
-0.318868
7.381827
3.225433
-0.299444
-5.357069
-1.446167
-4.976628
1.006258
5.939034
-0.118594
-0.208106
-5.192969
-4.978217
-0.824443
1.948001
-1.897599
5.619085
5.505680
3.844406
8.612035
2.416886
-6.711240
5.133940
6.699976
3.463992
-7.874055
3.570183
2.411891
1.192249
-8.726441
4.760612
0.102092
-5.934117
-3.531601
2.975875
2.612594
-4.583228
-1.138598
2.104994
-5.760475
8.547237
4.923293
-0.797783
11.882939
-6.848241
-7.085725
1.331985
5.829882
5.037142
-8.380147
5.764142
7.031819
4.647488
4.415170
9.674371
13.054595
2.745843
2.158499
3.311422
-4.695142
-1.727447
3.999250
-1.219640
-6.224026
1.836857
5.776318
0.782518
8.698592
1.750500
-3.738308
4.177372
7.614392
4.275578
1.972141
-2.768592
-13.613265
-3.659540
6.419183
7.067343
8.640547
2.237252
-2.919534
-1.272810
-4.844837
-2.957026
-5.295712
-4.986751
-5.364627
-5.462628
12.430054
3.189842
10.097513
4.932930
2.781954
3.182459
-9.650455
6.029820
-1.899059
4.801509
-2.978879
-15.095287
5.167430
-2.478224
-0.125399
6.277566
1.860408
5.752638
-5.141886
-0.449716
7.554320
-10.527485
3.597469
-9.885047
5.937003
1.764936
7.292317
-7.033057
6.007266
-0.545159
-12.473767
0.645807
-11.147437
-1.117045
-10.804856
-1.718600
-5.023660
6.740590
1.528545
3.987492
-4.588778
4.739690
-3.189327
7.744887
-4.470240
-7.111756
-5.778195
5.032535
1.821305
-1.742208
2.085387
-12.842404
-9.436250
5.165934
-2.696736
7.784667
13.157440
-5.704469
3.125731
1.524150
-4.094810
-0.549050
-5.735396
3.864660
6.266259
6.219427
5.630710
-1.144043
-3.226895
3.368697
1.242760
-0.997762
12.691990
-6.666310
-6.600736
0.461133
-8.331491
0.303302
7.023779
0.688528
-13.224304
0.391325
-3.003512
-1.354883
2.730797
-3.137242
-5.505954
3.862005
-2.620252
3.073093
-5.211104
-1.112638
0.080250
-8.128572
-7.313331
-0.751171
2.727561
0.061203
-5.877687
-5.106930
4.915746
-6.623167
-1.586079
3.389423
5.990119
-4.335527
-8.704756
5.344019
-4.464724
-6.410275
-5.382748
5.187733
6.332960
-2.840913
6.329568
-3.164072
-3.147377
-2.886902
-7.099171
-10.229396
-3.300125
6.337041
6.726439
-3.056184
2.486506
3.127198
-10.975689
2.908437
1.621133
2.781850
-1.272447
5.770371
10.552011
-1.999282
-4.020424
4.753667
2.678548
-5.559198
1.021636
2.257329
4.106047
-8.114416
-7.301982
8.062419
5.996416
-1.265957
4.470316
-4.512588
-4.324950
-6.493641
-1.249005
-4.707388
10.890740
-1.593807
-2.140661
1.137398
4.846100
7.993041
-2.359260
0.769979
-1.689516
-5.764350
6.665461
-1.356122
6.450115
6.640562
6.931988
5.563705
2.849221
3.460187
-4.202409
-1.645765
6.676052
5.849410
10.445356
5.085742
0.107938
-9.449074
4.677206
-0.325696
6.082722
0.041289
-2.399591
-0.652553
6.034234
-0.853395
-3.201027
-11.878052
-6.539871
1.261523
-6.056862
-4.916993
3.284393
0.342832
5.759974
-1.033202
-9.739007
-4.728066
8.576380
12.571103
3.998917
1.781486
1.649722
-0.314559
-0.378506
4.280582
9.756078
4.403316
0.889247
3.305916
-7.710845
-6.060125
4.491504
-10.491344
3.089818
3.870554
-2.236190
-1.845148
-9.830763
-0.497324
-4.275692
0.879370
3.474300
-2.560920
-12.275404
7.574665
4.592000
-3.676321
7.302977
-7.452412
-0.146149
-10.079894
6.060558
-4.160663
-3.653112
3.577500
4.986381
-6.236294
1.740082
-13.870364
-4.328135
-8.725638
-2.214521
-0.211135
-10.665316
0.737821
-10.931705
5.609878
3.500201
12.395147
-4.268328
-4.106850
-4.317459
-4.813804
-3.590567
0.532218
2.603047
10.712307
-5.703264
1.251198
3.905047
6.196603
-7.537708
0.046203
-1.802668
10.258032
-4.264226
-1.173569
-7.489710
5.298376
0.532485
5.678111
-7.780527
3.802696
0.452622
2.299515
-2.769193
-1.624861
8.611983
-14.709416
-7.423253
9.619857
-0.548424
5.048949
-2.468311
-7.519275
5.867490
-6.288298
-5.538985
5.840472
12.748118
3.020647
6.335671
-4.565221
-5.440287
5.927472
5.293713
0.158357
-5.964245
9.110061
-1.042047
6.650872
-3.209916
-0.981067
5.440120
-6.734844
1.326153
-1.382905
-0.970170
9.304571
-10.135262
10.131515
4.388616
-7.322841
-7.775018
-8.039301
-7.526587
-2.082390
13.488369
-10.993992
-6.510418
7.385619
9.636829
-5.965626
-0.489166
1.967541
-6.329323
0.065036
-0.485316
4.226810
2.541360
1.262578
8.107657
-1.777010
-5.695136
7.986739
3.872615
-10.934267
0.916570
4.870203
8.303517
1.414603
3.762820
-7.325954
-2.274500
3.659265
2.765134
3.099776
3.825292
-2.613394
8.086973
-2.325372
-12.560896
-1.418794
-8.729708
3.688537
-5.634700
0.054845
-1.660015
2.628987
-3.475984
0.903395
-0.522907
-0.501608
-0.621917
1.218972
-4.708537
12.086367
4.106555
6.590517
-1.714029
-7.586608
-4.201814
-1.961031
4.291862
-10.792277
-5.692313
-2.904024
1.782826
-7.034274
4.307966
-1.098827
2.849636
-1.993138
-2.415792
-3.002271
-6.298870
-1.701178
-11.480922
-3.637179
-15.906176
-6.957540
-3.345774
5.103279
-1.304957
4.144937
-1.156812
-6.190102
-0.988070
0.576122
-6.570192
-4.433342
6.345591
6.947236
0.131580
-8.422215
-1.894361
-3.237786
5.317535
3.041446
4.430364
-2.300781
-7.356060
4.775207
-8.865777
3.819321
-9.699935
2.893849
-5.075909
4.033296
1.894747
-3.074630
-2.167385
-12.270882
-4.044774
-0.702198
-5.729009
3.841603
5.199976
7.961053
-2.126343
-9.201018
-4.841213
6.528185
6.773699
-14.054431
0.712305
-0.793955
2.690151
-3.077738
2.842598
6.977247
-5.292476
0.042009
2.173213
0.344044
-11.075277
-4.725869
-7.242985
2.806649
0.740812
5.335355
-2.584039
-9.500391
4.145738
-1.573553
-3.574205
0.550974
6.748595
-2.483058
-12.528725
1.785719
-3.206134
-6.771191
-0.367470
9.123281
10.484585
-4.659380
1.450461
-2.093637
-4.384430
2.996633
1.464087
4.916784
-5.852056
-2.163290
2.190971
2.414132
-4.662838
-1.074391
1.335997
4.410321
-9.206311
-4.906569
2.967143
-2.493779
4.464958
-0.066709
3.370411
3.926540
-1.835646
-3.996283
2.421804
3.395591
0.260611
6.516850
6.516075
6.660521
-1.855055
1.146819
7.414036
8.000111
-0.677230
-2.655497
-7.125253
4.515542
5.912157
-9.767820
-2.398708
8.561934
-5.754287
-3.910890
-12.648754
3.736107
-9.606017
1.676158
4.863650
-5.247430
-4.374620
3.989050
-8.111435
4.338024
-6.348677
3.603537
-5.137055
-1.336423
-3.220163
7.314150
5.446042
3.487427
14.562181
-0.067830
-1.077899
-1.222463
5.928452
2.013562
2.910732
0.384586
2.092798
3.872379
-0.487574
5.784480
9.006164
2.691428
-7.748976
2.556104
-2.115686
-3.695014
3.163770
6.622956
-0.986615
-15.957202
-10.088419
-4.694665
3.559441
-3.358612
-0.003850
-6.469101
3.391594
6.633964
-9.290405
5.636482
3.948289
-6.277656
-4.481699
1.494063
1.450643
5.784636
2.338821
1.404199
3.658809
5.794603
2.722271
2.967869
-1.370413
4.189342
8.576578
-2.585629
-3.526706
1.152833
4.378328
-10.420214
-12.374498
0.010508
6.127357
5.447601
3.410151
-5.915146
1.694894
-8.974888
4.718170
-2.278082
0.403763
3.255646
5.370114
-3.159269
-2.717458
-9.575923
-3.535738
-4.489366
1.586915
-4.937007
-5.268743
-0.992477
2.847806
3.616568
1.154389
0.035311
-5.615778
-1.895930
0.700727
4.949468
-1.290888
3.941658
-3.569340
-8.472171
0.630397
4.305200
-7.566496
-5.272485
-4.653395
3.171645
-3.877125
-1.875051
-2.948658
-8.920545
2.163161
0.271489
0.205527
4.799027
-4.384705
3.455243
4.187047
14.791427
1.610176
0.127537
3.932775
-1.482605
1.609199
-3.873223
-7.779811
-7.255614
4.096828
1.918564
-3.492195
-6.312803
-6.526686
-0.292408
4.756884
8.475995
2.038085
4.144684
-18.611595
1.850636
3.311685
-7.748482
-2.956640
-0.230823
0.828941
-4.808964
2.816859
5.790147
-7.153219
-6.082398
2.756878
-6.069466
2.898844
-0.156320
-3.235439
11.807946
3.210979
-2.175444
0.496206
5.916373
-9.393534
7.300962
6.961497
3.851528
8.056412
9.380958
-5.404008
-6.218284
9.187161
2.853787
4.637059
-3.488870
2.255183
8.306498
-3.531973
-2.515681
-5.791734
2.639377
0.044284
-12.394404
0.846141
8.429556
6.193251
-1.513436
6.793065
13.365012
-4.002432
0.539370
-3.500678
1.069793
-0.450630
5.412498
-10.539516
-1.221409
9.876706
-4.390030
-3.317421
-3.037679
-2.105277
9.844774
4.215443
4.041833
-1.185469
-2.446680
1.244064
6.806486
1.309224
-2.862561
10.730578
-5.163873
4.045753
5.332229
9.476095
-3.146004
-5.003202
-5.253063
18.728157
0.840037
-2.938111
-4.294315
3.854844
3.548058
-3.435247
-9.233644
-5.723363
-1.063797
-0.246704
-5.118231
-4.971159
-12.306287
7.004360
-2.019735
11.748461
3.810380
4.525842
-0.196939
-8.207671
0.459293
4.312953
-5.178259
-11.605840
-6.827335
-8.890841
5.625113
8.069515
1.407701
-7.937846
4.269204
5.758146
1.308086
-3.559333
7.809641
2.802011
-2.168338
4.551427
-1.693889
6.000059
5.515597
12.193204
-8.004029
0.762507
-8.101528
-6.209502
-2.216340
2.420978
-9.029720
7.543196
-7.393282
-1.520079
2.344163
-1.195467
-3.991586
8.567762
-7.709349
-0.841136
-6.375194
3.870760
0.044968
2.372490
2.755427
-5.185637
3.358693
2.136314
8.067918
-2.008087
-2.631487
-9.236209
-5.587267
1.642466
4.470383
-4.906909
10.009891
-2.932320
-8.999106
4.186810
-4.928031
-3.663788
3.949192
1.565437
-9.422611
3.424673
-3.107141
-3.624274
-8.194198
7.402529
-13.416077
2.712293
-0.145455
2.664965
1.165244
4.492545
-0.762601
3.549201
1.160995
0.966032
-6.474640
1.734161
3.271048
3.065238
1.634681
6.271354
1.741430
-10.723123
3.842401
11.670302
-4.672193
-10.129148
10.722209
-5.799624
-3.699075
-0.636791
4.015576
8.956078
1.038957
10.093428
-3.712076
10.640898
7.551034
-7.049547
-1.883658
0.509986
-3.249072
3.984128
-7.471481
-0.346710
4.240806
-4.147754
-16.239273
1.466271
-11.194205
0.884113
5.265503
3.827426
4.085718
-1.443721
-1.349886
3.187415
5.723371
-2.647994
5.468320
-2.148676
-0.467037
3.950197
-0.818916
1.296013
1.595894
-5.992543
-2.021686
-0.173902
4.067501
5.060745
-6.372136
-2.142296
-1.697889
-5.465725
8.397799
4.206243
-2.840770
3.296888
0.199654
-6.378407
-8.903145
-3.423212
-2.751338
-6.911233
0.889169
5.124686
-0.351058
-5.842927
6.038245
-9.405364
6.477864
0.812031
5.631310
-1.171551
2.740000
2.751466
6.684729
-5.386018
-1.837590
11.060488
3.692243
1.645166
-1.494766
7.477470
-4.356872
-9.037294
4.145134
-3.516226
-1.870317
-4.782801
6.243647
0.371158
6.368944
-6.634990
-6.730175
0.484620
1.694312
-2.703659
2.333346
-7.023726
-15.121469
2.197902
-1.746139
0.172774
-3.186041
6.748443
-4.578722
0.622131
10.123677
0.236678
-0.107474
-2.493100
-10.441996
7.771927
5.049722
1.656030
-9.609641
1.999949
7.021724
3.255293
-1.662129
-7.278870
-10.351419
0.490949
-7.433664
3.702868
10.870423
1.054647
3.619421
0.466370
-0.600325
7.008572
8.911988
-2.527325
-1.886410
-1.405708
-7.281327
3.011654
5.267203
2.834499
6.251593
-6.267340
-3.256228
2.424258
1.255438
3.624807
-0.450314
4.115557
0.540786
0.662350
-1.657056
-1.055153
-1.943458
-5.527455
-5.687980
-0.196605
-9.197334
1.193710
4.150938
-6.916731
2.348871
-0.230549
7.093991
-4.871782
11.952757
0.852361
5.034580
-4.966684
1.871609
-2.304042
-0.237600
3.448933
4.926983
-2.820789
5.228378
10.707096
-6.125537
1.942340
-2.019106
10.459915
-2.820675
4.362013
7.833242
-2.823285
-3.303627
-0.413269
-2.699414
-9.349448
4.832259
6.588125
8.348326
-3.712600
-5.320990
-2.463729
-8.854240
0.664757
5.456622
5.216695
-1.392862
-5.768245
4.799732
9.748068
2.703770
3.770507
-1.673706
-2.623028
9.015842
-1.971844
4.372173
6.346168
8.222367
-3.691257
-10.983839
-4.367577
1.598627
-15.545204
3.115901
6.998402
9.324223
13.172445
-1.297133
-0.132640
6.942822
4.349711
6.310902
3.977402
2.280458
3.930440
0.677802
7.900467
-2.126444
-3.958788
-7.130071
0.777316
2.037660
5.887186
-2.970643
-0.486003
9.779229
-5.249309
-3.233135
-3.442890
-0.077300
5.302469
-2.565967
-4.767220
2.354689
11.886415
-0.588350
-0.404839
4.774471
-3.916341
0.265045
5.868279
-3.723950
-9.915264
6.039627
9.534668
-9.903229
3.904774
-1.154549
-5.983636
1.699143
6.393852
5.041600
-5.380109
6.072417
-3.447027
4.007648
-0.738464
0.166290
-5.627523
-2.398184
-2.655242
0.761110
-3.373663
-5.324429
-2.386984
-1.787289
-0.934754
4.287626
4.802027
5.432377
12.228098
6.637220
1.933490
-8.453732
5.420961
1.794114
1.242477
-0.381704
4.910752
-4.195136
-1.760591
1.768397
0.156223
-3.806767
2.699392
6.195913
-10.177503
-2.949611
11.511641
6.996073
2.071973
2.301448
4.400518
-1.338829
5.815353
8.748887
-3.605489
-2.306297
5.023866
2.803085
3.727847
-0.496495
3.743938
3.586113
9.306973
1.922054
-2.020604
0.398343
-9.100480
6.605624
1.955861
0.632741
9.902012
2.946827
-2.349802
6.754789
0.763199
-7.080048
7.176224
1.487723
3.167604
7.010556
-4.247886
0.709722
0.091584
-3.950828
-10.843920
7.949101
2.672973
1.212483
-8.668476
6.609243
2.806886
0.942284
3.952810
1.669374
-2.429494
3.621240
-5.243708
-6.606049
8.816827
4.697374
-1.728211
11.204251
7.705909
-3.962186
-1.762762
-4.862288
-2.106440
4.819469
-1.833103
4.971017
-0.199289
4.426914
-2.798745
0.771236
-0.078485
2.699337
-0.417659
4.199058
10.461091
4.789973
-6.542621
5.326777
-3.565209
1.424678
-5.279668
7.735927
-8.287357
3.637769
-4.321041
0.801844
-9.662513
-3.048486
-11.455985
-2.223283
-2.967742
-11.483459
10.565878
4.182225
-5.182618
2.602992
0.181941
-2.033351
-9.168836
1.556629
-3.465054
5.988249
4.516587
8.599236
-7.339629
0.609243
-1.485958
-7.411676
6.344234
-1.759785
-5.397528
-2.164593
-11.813218
12.282217
0.526043
-4.861201
8.448702
-4.659541
-6.953168
-7.008075
-2.387197
1.861096
-8.910144
-1.598483
6.076111
7.845509
-1.325994
3.750579
5.567258
7.192040
-8.585409
-3.346853
-5.501332
-5.037618
0.127098
-12.555506
6.342842
-2.392526
-3.369973
1.852097
4.035312
4.667620
3.472189
-9.769051
6.720593
1.879527
-0.205830
1.492246
-1.831227
-0.783275
-2.713497
-3.720411
2.779287
-1.166995
-0.856629
0.697292
1.277759
-2.719996
-6.191973
2.945254
3.966099
-3.080520
-3.404214
-9.225748
-7.222833
-4.445879
5.569071
5.479008
-5.721407
-0.911826
3.747561
-5.479257
-4.042590
1.797625
-0.912564
3.346264
-15.938765
-3.983387
-2.820487
6.741638
2.423641
3.859720
6.932183
4.172149
-2.629163
-5.464188
13.196570
4.912292
7.302899
-0.275220
0.279036
6.502914
4.657088
-4.110998
-0.148783
0.369058
-4.256482
-1.530817
4.653995
-4.840194
-7.200796
-1.831989
6.562431
0.539957
-6.377134
7.241957
-1.729081
-3.089807
-1.272235
2.523180
0.203867
2.215755
1.495933
-5.027307
-3.893608
11.850949
12.245371
-2.275927
-6.919027
5.433836
-8.203735
-8.808207
-7.625564
-1.105849
-5.602940
4.623935
8.482178
-8.904542
9.881588
4.902218
4.368319
2.269454
-8.110963
3.643152
5.405213
0.116051
-1.528419
-1.689670
6.521135
-0.809124
-0.112456
1.368848
-2.876800
-3.849510
10.506454
-6.414491
10.381506
-5.986295
-5.642900
14.084420
9.131618
1.842928
5.873969
-3.149180
-8.428196
9.635227
-4.210102
3.700679
1.364282
7.520410
-1.983759
-5.275798
1.648226
-4.341765
-5.034469
-5.883113
17.326851
-2.121738
7.405020
-0.856310
-4.367513
0.008019
-12.621829
6.551970
-2.667004
3.104641
-6.735265
2.264228
-8.579115
-4.909457
-0.531320
-6.299775
-8.507810
3.146943
3.053820
5.684670
17.012123
5.607205
-7.595424
3.483568
-5.585148
4.295655
2.557728
5.229726
2.390631
7.737148
3.674886
21.475389
-0.692472
0.805629
-14.786718
-0.103268
-2.681849
6.693873
0.121483
9.479370
-5.723149
-1.491814
6.880488
1.121018
-6.635427
2.809268
1.334996
7.170480
0.744295
2.935674
8.001491
7.787722
-7.934599
-1.234244
-4.784893
11.857284
0.447098
2.853237
-6.941138
-4.053514
2.860698
-6.097116
7.739334
6.721688
-2.370572
11.190620
7.968676
9.327187
7.016709
1.946023
3.076040
-3.516273
12.176873
3.109015
-8.400669
-9.119758
6.170851
0.390124
4.455304
-5.630250
-2.916919
-4.728474
-4.129085
-1.735847
8.200215
7.844735
2.960998
-3.984612
4.258092
0.190270
7.710718
-4.664714
-3.339921
5.367804
7.616182
1.825448
-4.756446
3.147552
0.689685
6.264545
2.958708
-2.109478
-1.452895
-3.364448
9.531640
-0.320149
-3.976352
-1.822853
7.508132
-2.251204
7.087968
0.594055
11.769692
5.790500
-3.997148
-1.250902
2.266022
12.847857
4.106179
-5.025173
6.079423
-6.340981
0.108208
-0.560724
-6.263916
-2.253920
-3.358144
3.359787
-4.563369
4.362928
1.011441
1.344416
-4.936106
11.273663
6.907316
0.436094
5.466940
6.280956
-0.431768
6.854830
10.677734
-2.046346
15.082493
11.072422
8.648822
3.413024
1.703896
2.995265
-7.285943
11.666272
-5.578231
3.482609
2.770991
-3.086703
5.664831
-3.516526
6.061959
2.146602
8.608270
-3.249561
-2.649349
0.923653
-6.050710
-3.441538
-4.814650
-2.153101
8.556179
-4.618936
2.368930
4.857983
0.703880
5.656355
-10.170872
-0.718774
2.124275
-5.138627
3.021755
-3.845243
-8.228373
-7.526324
-4.958370
-1.276883
0.467867
3.801390
5.736877
-2.219928
-5.880671
-6.580846
6.166952
2.458914
4.429415
4.641827
0.627524
7.904999
-3.204478
-5.484425
1.971942
2.630301
-11.429079
0.858142
-1.728664
0.717380
3.909868
-5.623686
-1.405029
0.910248
-8.789507
3.935452
-2.265986
-0.581807
-4.375777
-4.716277
-13.967773
-6.186013
2.428398
-5.324046
4.911000
8.099686
-4.596685
-3.988041
2.000874
-5.385041
4.815474
-4.589380
14.716495
5.367847
-3.111413
0.438421
0.201103
-15.268643
9.946549
4.772242
-6.253377
2.627745
3.570943
0.804161
5.776178
2.327441
3.034495
-0.197318
5.537361
-8.919038
4.890284
5.262507
5.113132
6.023636
-6.434464
-7.924249
-1.477518
-0.031499
4.325818
-0.147353
10.890470
-4.689762
-0.959379
2.572608
-1.715826
-6.599222
-2.389611
7.307247
-1.004821
3.880636
6.652145
-0.900018
-3.757160
0.362784
1.706060
6.080439
9.971765
8.680425
-5.548576
-5.370303
-4.877868
2.531788
-2.753445
4.835474
-1.058307
5.470139
-6.627318
10.457084
-2.663023
-1.421177
-3.673219
3.877428
1.371901
-4.054955
9.779619
-2.499796
1.824043
2.683656
1.806378
3.117965
-2.858691
4.709397
6.233488
-6.589939
-1.551246
-0.617874
1.607703
5.668793
6.774110
-0.367198
-7.064233
2.084323
-4.602912
8.632927
1.989501
6.328991
8.065070
8.741184
5.032750
5.843441
-3.979633
8.757392
0.703613
-1.516998
-3.939630
-2.327509
1.511187
-6.998178
-3.298759
-2.471092
4.774791
2.148875
8.186226
9.435589
-2.412502
-8.389711
-1.582636
4.382248
-9.385994
0.989144
0.783413
-9.450738
-0.476816
-3.261154
-2.653380
3.709911
8.876500
-4.328829
-6.155553
3.362931
6.601721
-8.192060
4.248733
2.666313
-0.108844
13.039124
-8.400181
7.856906
-4.676299
5.648249
2.722275
-9.634911
4.052477
7.771500
-7.501334
-4.092677
-8.664186
-4.714380
-0.651985
7.828054
10.107290
-7.993104
1.732175
-4.460128
10.271502
-11.817854
6.787981
-8.094777
-3.016610
-7.412282
-2.351989
4.071399
11.341451
-2.583032
5.596035
4.081964
2.609224
4.825960
-2.437227
-1.647717
2.902772
4.436030
-14.610394
0.219798
-2.430848
2.784762
3.947541
4.234413
-14.721554
-10.834696
4.186656
10.741116
-3.585376
0.166080
-7.059635
-8.615440
5.488905
-0.229755
-12.831498
10.977803
-3.594205
-2.613730
12.300806
-6.212962
-2.253295
-4.813641
5.097251
-2.626050
-3.170411
-5.564720
1.611547
-1.617706
6.667489
-3.949944
3.743664
8.978982
-6.107913
-3.672403
3.433825
1.463160
12.778293
0.987908
1.229765
0.024528
7.626427
-8.127892
-8.101893
4.128189
-1.090796
-2.412576
4.015584
-1.820200
0.572743
0.839706
5.302375
0.184548
2.083908
-7.742538
-7.599296
-3.200798
-0.679810
-0.071422
-5.608016
-0.644227
3.086258
11.647495
-5.093362
-5.213937
-0.726431
-5.241472
2.971859
3.578663
7.233039
-8.296293
-5.344184
4.733744
-3.409320
2.865625
12.240640
-7.231619
-6.741185
-7.991971
2.950202
5.494721
-1.873006
1.492504
0.616727
-4.483951
0.839687
6.190540
5.698530
-7.704634
-3.023710
0.857916
10.663573
5.404529
7.305964
-7.420733
-8.949540
-6.998172
-4.317466
3.693574
-0.692907
-2.644285
0.432606
-0.295884
-5.397670
4.385842
-10.140398
6.929981
-10.636843
-12.046404
0.639355
-1.298566
-7.093394
4.398824
-6.351164
-2.409181
-8.189630
-9.188823
-5.179318
8.930729
-10.909486
17.898550
3.315554
-0.635568
0.461152
1.235364
2.611336
2.554866
-0.791701
-10.857603
1.160973
-2.467297
-5.487672
-1.414762
-1.937263
0.127246
2.077415
-1.506402
-8.274503
-4.456191
5.133821
-0.500442
6.809232
6.227166
1.044186
4.920598
0.347008
-9.561438
1.075173
-4.526847
4.345288
-8.041056
-4.402580
-5.883336
5.354837
1.773827
14.387492
-9.968816
2.591769
-3.010833
5.416740
1.772886
-0.366341
4.170718
-7.805990
-5.177873
3.066127
6.042454
-1.909626
-3.767288
-2.742470
-0.108499
-0.310537
5.937531
1.602298
4.842180
4.048015
-0.464173
-10.113992
4.188822
0.240398
4.901196
-0.054401
-4.545006
3.898218
5.945403
6.484089
-1.307560
3.170588
-0.623935
9.209697
5.225885
-4.716144
13.917068
8.082215
4.869018
5.856692
-0.173624
-10.017586
3.006452
0.349874
3.273631
-5.749658
-5.603660
-6.795341
-0.269551
9.173176
0.516315
3.944142
5.659489
-8.892152
-3.822988
-3.687426
1.028647
-0.944928
1.472827
1.172117
7.359760
7.582066
-0.611277
-4.717433
-6.890750
-1.357361
3.012462
-5.055733
0.323364
8.306252
1.981630
-2.828565
-1.332303
-5.009260
-12.340628
6.830664
4.898001
1.358094
3.478574
6.414440
-10.571918
3.528591
3.322869
-3.431260
-5.241130
-5.329638
-8.144429
-2.226045
5.286479
-7.879824
-6.594819
2.200858
-2.390864
-3.308456
3.149509
7.158317
-1.492262
-3.027281
2.878527
-7.973015
3.720831
8.662729
1.645232
-6.673367
4.436601
3.667212
-4.226463
-0.115776
-6.270271
-2.272706
6.305275
0.385478
6.768301
-4.190854
-5.577855
5.735547
-10.644664
5.783735
-3.873400
1.955064
4.715173
-4.177048
8.245398
-3.489970
-3.009302
0.478531
-0.700514
-5.950300
-1.820608
-4.806573
-5.666817
0.112734
8.510495
4.194676
-4.782166
6.994054
-3.858590
8.666480
3.548169
-7.941694
-10.361774
-3.010982
1.061054
0.779590
3.224876
-7.479697
-21.065283
0.232062
-7.953761
7.065517
-1.225266
2.260282
10.254786
-2.701139
-5.090897
0.287129
8.891232
-16.177605
-4.273580
-8.398222
6.547638
-2.302874
2.205052
-8.165035
-1.658334
2.219041
-2.596656
5.420535
-9.281682
0.538126
5.902794
4.766936
6.584040
-3.072675
3.651627
12.635849
-8.118013
-11.777068
-0.945171
-7.383422
0.435098
9.250035
-0.170423
7.168807
1.508881
8.024678
4.258697
5.843549
8.248739
-8.512280
7.297068
-2.616915
-3.464649
-3.624239
-2.850305
4.887289
2.506918
-6.693858
-2.369818
4.316233
-2.243654
1.095952
-2.426311
-4.809306
3.063252
2.896818
4.624099
5.255855
1.197720
3.714893
-9.701532
4.641022
1.185765
-11.522986
-4.674432
-6.707947
-0.280465
-2.195055
-2.426936
-4.668954
-0.159249
7.023162
-7.538222
7.113171
2.051113
4.869075
1.444911
-13.894653
8.838928
-4.160837
5.415430
-0.905777
-2.704246
5.645597
7.829679
-0.718313
-4.632962
8.417306
1.341940
-9.674074
-8.801044
13.011456
1.329296
-9.907241
6.523050
-3.408713
-2.260472
-19.430677
5.226549
6.695679
6.220707
-6.034043
6.129046
9.295243
9.695112
-8.551381
-6.135290
-5.620900
-9.294815
1.554068
3.076874
-3.458750
0.853917
2.865397
-15.386258
-6.918470
0.800651
4.867662
0.251230
5.030667
6.418043
1.976007
1.137878
6.695221
-0.113428
-3.471999
-1.890430
-1.762508
7.948045
4.362070
2.419276
1.763006
-2.442082
2.110697
-6.779931
-6.219454
-4.973934
1.501004
-11.036859
-2.983224
14.127922
-0.163013
1.138987
-1.336874
-12.971334
1.142196
2.055138
-7.899878
-3.194758
-7.244292
2.019765
-8.389311
-0.677753
4.264278
0.339506
-2.429521
7.486078
-4.494474
4.816973
8.216411
3.580133
10.609339
2.948948
2.077878
13.577841
0.559224
9.580321
2.885634
-2.520783
3.353904
0.424170
6.255006
3.223618
-0.853034
10.284991
-1.693218
4.044075
-2.863740
-3.761375
-3.197268
1.231958
-4.161047
-1.723530
-4.276223
-3.279687
0.255364
-3.294987
4.692783
-10.280576
-12.390574
-6.365030
4.841077
6.584877
1.223538
-0.850977
8.594994
0.940123
-1.345038
-6.165196
4.654200
-5.831080
2.369077
-2.955918
7.085995
-13.656097
3.493629
2.312223
-6.425076
-9.312456
-10.350849
-12.737205
-6.017746
-0.793497
10.070319
9.428052
11.843320
-3.339256
12.591193
-9.330994
-8.424609
2.966681
1.394451
2.191891
5.766985
-7.357713
1.824459
-1.367455
7.032398
-3.306934
-7.402277
1.948616
-5.485695
5.885177
-2.904889
3.152658
10.971649
-3.649579
3.383586
1.524691
4.870436
0.895473
-10.243591
-5.886427
2.572069
4.048718
-9.048265
-5.593981
8.670756
2.677716
-7.021224
-5.524584
-5.310113
-11.869582
-7.224394
8.389048
1.708865
-4.916794
-9.067041
-4.993940
15.195993
1.173492
-1.830885
0.565224
0.960747
7.978985
-1.370756
2.870702
4.106713
6.461130
2.023218
-7.301383
-1.003264
-6.171983
0.599156
0.758004
-1.566269
2.254403
2.109937
-6.532340
0.452074
-2.403892
-11.952674
-9.043541
-7.433990
-1.482584
-0.785721
8.205482
1.930550
-0.030512
3.948180
3.928720
0.787967
8.642128
9.095108
-4.404078
2.986213
-4.063085
-4.944858
-4.230373
-9.662627
-5.764660
-3.858450
4.988619
4.195028
-2.535214
3.073235
-17.356590
2.349600
0.899777
6.582549
5.099315
2.239949
5.042240
-5.964839
-7.999119
-3.686298
-4.006506
-6.441294
5.811460
-11.855544
-1.413402
-5.003411
4.000563
2.390083
-9.788082
10.589499
4.719197
-1.838404
0.917208
-1.053153
-14.646384
5.985841
7.594538
3.778925
6.897684
2.126568
0.115407
-7.702292
-1.742387
0.727928
2.367405
7.287302
-1.271275
-1.248528
-1.787384
10.768648
-4.741798
4.044333
-4.034293
3.591282
-8.572866
0.218221
-1.230027
-0.312174
-6.547958
4.172866
-1.341425
-9.185360
-2.164404
1.093469
1.069699
-1.424210
3.784836
-6.558932
5.223156
0.085572
-4.352146
-8.379450
5.058472
0.926392
12.368238
0.006429
-0.575754
10.260818
-7.287574
4.368168
4.510139
-5.705000
-5.345891
8.085882
-7.502019
-9.587475
-9.932887
3.192131
2.637481
1.531991
-0.152270
3.222881
2.440470
10.273093
6.081846
8.243635
-6.078494
-5.025369
-2.231859
-1.426351
-5.357270
0.641199
2.732156
-5.055849
-6.446002
4.315899
3.559808
-4.048076
-0.109198
-6.003214
11.098535
10.073735
-0.354636
0.502906
-3.647902
-4.810025
6.037579
-7.178074
-5.299164
5.249855
-1.935526
-3.941674
1.989449
-2.901819
3.444876
6.737598
-6.113450
1.856038
-3.269058
9.585731
10.696966
7.419147
-0.520098
10.725386
1.240365
-1.341477
2.536371
-3.004210
-6.329081
4.251608
-10.309580
-9.410975
9.642076
11.164359
-4.713016
-6.071221
-5.404454
-5.229264
-5.853721
4.804092
3.873580
10.306290
5.413681
-4.107253
2.838747
14.394782
-11.785314
4.952322
-10.754889
6.794636
-5.108900
-10.439277
3.059679
5.904867
4.694936
-4.098753
7.247306
-5.357469
-3.445693
-1.961504
-9.215437
-5.518722
-1.030384
-8.756186
-4.444747
-8.871370
-3.359701
-10.831583
-6.722116
-4.748719
-1.232323
-7.294101
17.019371
0.710012
4.889793
-8.905093
6.813395
-3.083261
7.404037
-10.375287
9.553819
-1.793183
-1.038951
0.626251
-7.888072
-0.675762
8.315730
4.503306
11.946629
-8.144506
7.806022
0.373148
-9.083596
9.173781
-6.510883
2.895318
-2.807910
3.336359
2.664201
-11.933023
2.222407
4.237026
0.335578
-8.312683
3.314484
-12.020253
9.253841
2.860103
5.174300
1.143470
-9.723380
0.792659
-9.342317
0.241817
-5.600289
4.096160
-2.066539
1.613649
11.565719
-8.964156
-2.926833
4.246316
-7.549425
-7.718130
0.273718
-7.012373
8.322471
-4.868135
0.718213
-7.527049
-4.939846
20.625334
5.505890
-6.407491
5.886323
-6.705416
13.189028
4.212357
-2.023283
9.525586
-0.312196
-1.865792
2.413912
5.518378
5.349654
5.868866
-4.127359
6.838587
-5.256280
-2.052471
-6.074077
-11.269357
6.809353
7.187040
2.942486
-7.849263
4.203718
10.068339
4.620015
-4.563120
-6.569500
-1.587397
0.403028
-4.027694
-1.187626
0.810867
-7.796067
-10.366817
-4.969367
-0.819490
4.365664
5.561627
4.647130
3.272447
7.862912
4.890493
-5.872765
2.953178
1.091936
-7.205393
-3.299118
2.641582
-4.725651
-5.920627
-5.395804
-0.055882
-7.596082
-3.509093
-3.506200
-4.789048
-6.112814
0.658679
15.031945
1.288120
-6.634165
-0.727722
2.188169
3.031196
-2.372441
-5.664069
6.997037
1.403590
3.234063
5.417495
-12.584569
5.436458
-6.243839
5.742251
-7.617124
-6.251020
-4.274186
10.143207
7.224270
-7.229945
-4.251916
4.013946
-7.995274
-2.607172
-3.949778
-1.773224
-5.307734
-5.025329
10.586965
17.966213
9.249994
-5.143112
2.991149
-1.867762
0.689987
-1.483669
11.049633
-5.485652
-8.146445
-5.487922
-5.568202
2.504895
5.040952
4.085435
7.126144
-1.465218
-0.029215
-0.548916
0.184615
2.901541
-3.342870
-6.941984
7.278939
1.886851
-8.708818
1.794403
-4.306802
-2.324409
1.461176
3.327058
-3.639962
0.124275
-9.022022
4.537258
-8.948530
-12.801147
-3.090489
-3.251733
-6.077388
0.584485
-5.831569
1.279138
6.352732
8.407865
-6.975523
0.417317
10.254902
-5.060858
-1.435129
0.866939
-0.359563
5.033115
3.185707
1.240825
11.828506
12.753604
-4.968661
-8.652284
-8.642332
-1.766819
-2.665539
1.372118
2.429868
-8.619161
2.284247
6.106707
3.408763
-1.608464
3.827039
-2.018440
2.187381
6.179952
-16.302761
-4.080601
-2.863263
3.594480
-0.794575
4.669782
10.988891
-4.805486
3.914943
2.079020
-2.475586
5.806269
-10.094743
4.303222
-7.028177
-1.813037
0.457172
-4.583328
16.099022
0.084323
-8.596193
6.071696
3.217953
-2.100421
-0.533022
-5.537419
-2.896805
-12.435259
7.328976
-3.091496
-3.585663
6.803832
11.449107
4.838650
-8.897253
-1.283468
2.109513
10.998851
0.277340
-6.783623
-0.733791
4.033978
1.143927
-1.903799
4.445738
0.892068
8.893887
2.550096
-3.429648
3.348820
3.971100
-0.814608
0.932560
6.863911
-2.189923
6.657742
-7.368373
-5.046279
1.727164
-4.335711
-4.502945
-0.830231
-5.672206
9.598302
12.211837
1.882441
-10.185521
-8.958256
-2.586631
-1.246521
-7.186691
2.090420
1.283463
8.247387
4.916236
3.285265
2.182609
-7.221560
8.040835
-2.533852
3.868512
-2.936837
-0.432769
-2.807381
7.327512
6.050654
2.253376
-5.440900
-1.448405
-8.952614
2.560518
-9.677692
9.648559
12.565909
4.663789
5.882448
5.610150
0.665056
-15.494905
4.373246
-11.295169
-5.053500
-5.453117
-1.879350
-7.439470
9.750744
-0.410239
-4.175100
2.582777
1.282345
5.425539
-5.402848
-0.979670
-5.329289
4.693654
-10.978615
-0.241186
-1.163201
8.269942
13.526483
6.773294
2.564854
-5.447413
1.488939
5.530377
9.601810
-0.772913
6.115944
-3.640155
6.247246
-3.630886
-3.272212
5.325159
-1.531644
3.754864
10.771310
-7.424318
-3.443632
-8.249076
-4.450601
-1.109879
-7.153525
1.386716
7.097495
-5.680929
1.631294
3.219703
1.472550
-6.072574
-2.390306
2.084292
0.581806
-9.379580
1.200499
1.267583
-5.721364
-3.699283
8.079614
5.733079
6.761136
4.678529
7.341242
-4.031436
-6.772834
-3.434425
-3.631155
-11.489238
-2.855030
10.898057
5.896098
-2.878601
4.619641
5.705052
-4.004194
13.807122
11.162005
-3.443859
-10.181314
-4.614796
-8.332620
0.077901
-12.182607
-6.363334
-2.397867
0.901907
9.538327
1.512712
-3.685486
3.527014
0.400735
1.654163
-7.142451
-15.831243
4.997209
6.443542
5.112082
-3.938208
-2.034122
6.711415
8.208899
-3.857273
1.891015
1.846131
-5.557320
-11.500889
0.750792
-8.788153
7.207176
6.716571
1.512430
0.098715
-2.348104
-5.650145
2.261616
-1.827689
6.716062
0.177742
-7.538314
-2.651991
4.725410
-1.966942
2.963408
-8.876414
4.910818
6.057515
4.432710
-2.153031
-5.059010
4.966456
6.953410
5.465771
-7.208767
-1.494263
2.568043
2.918338
1.798465
8.948792
-5.734522
1.172428
-0.673355
5.555528
-2.832099
0.309549
-5.606788
-1.623179
0.665270
0.657473
-1.376241
-1.803742
-2.029677
-5.261566
5.092574
7.498414
-10.905344
-3.516823
6.538208
6.338509
1.313538
3.210713
-10.217788
-1.765859
-6.681784
-12.534202
-6.988555
6.054834
-8.906471
-1.900135
-1.754229
-2.202574
-3.171369
7.024500
-13.187074
3.138906
0.391629
0.140079
4.576693
-3.282380
1.798419
-0.855560
-8.990228
2.635845
1.275501
2.666259
-9.708699
11.199395
2.524127
-10.724671
-2.405315
5.371871
-0.405257
-11.873470
-0.419728
-1.316536
8.555649
-3.730166
-0.562993
-8.777371
-5.623467
-9.287333
7.358650
-2.411448
-1.672953
-4.060398
5.718298
3.622118
3.445721
-6.030660
-5.181605
-3.408255
3.428836
4.292304
7.316827
-4.384933
-5.282600
0.786278
-3.984795
7.718260
1.054815
-5.268610
-4.514183
3.239204
-3.534415
0.077712
1.665336
-1.713306
4.211652
-0.408113
-2.487939
-1.910097
0.988492
-3.487980
1.526391
4.915474
1.938617
1.754824
0.797650
-0.891456
9.720407
-6.009706
4.302723
-0.661633
-1.908776
3.672594
10.972469
1.215253
1.648686
-0.103479
3.578123
8.137255
3.227982
-0.853741
-5.432804
-3.077170
-8.571981
3.583539
-5.891090
4.618412
6.954236
-5.723981
-3.660324
-0.010148
6.036342
-1.469383
-4.565974
9.088672
4.524518
-3.123806
-2.810463
3.131271
-10.457079
4.154773
-0.166813
-9.333988
-6.858698
-3.273127
6.507198
-7.841805
-6.595016
-3.530126
4.538759
-3.463149
7.021865
-6.812918
-8.295741
-7.261841
6.180390
-10.434132
-0.919946
-5.518865
-2.214698
-4.281547
2.591586
5.448853
7.090088
3.696916
1.271329
-10.992563
-2.841539
2.559007
4.339198
1.475507
5.605199
11.867904
1.516615
-2.031034
1.403145
5.867766
-4.638520
8.778590
0.874370
4.615064
-2.272309
6.769667
-6.222382
-3.153209
1.192117
-4.439120
-5.301062
3.390591
-10.459356
1.488326
1.875834
4.222552
6.381776
3.118916
1.175642
-0.471942
2.280690
2.424376
1.027088
-4.270275
-3.338712
-2.993748
11.693849
4.822706
0.692269
1.328131
-6.034827
0.578572
-11.106954
7.087002
-3.734024
-3.807352
9.747250
2.020875
1.036962
-0.726586
4.890620
5.196799
-3.241100
8.102321
5.939427
-5.842083
-4.122980
-9.576308
-7.989532
-7.125919
4.011257
1.377539
-9.615319
-1.991454
0.740036
8.721198
-7.884149
-3.870962
-2.132137
2.367008
-0.967192
-0.776522
2.578784
1.666898
5.990863
0.651635
-4.316833
2.874762
-8.392476
3.584789
0.155821
6.240942
5.054081
1.801348
0.649597
-9.859921
-3.960306
-2.069938
1.411296
2.834928
-2.079043
9.147316
-1.524762
0.270492
-3.097715
-6.144215
-2.888571
1.706886
2.667899
6.797957
-5.041292
0.613536
-9.328234
-3.696088
5.583331
7.542225
7.019405
8.847798
-0.559474
-1.035583
0.737786
2.899247
-3.943377
4.072419
-2.746502
-0.917872
-9.339874
-0.893921
1.852870
10.236828
0.767418
5.167630
4.880735
1.793465
5.013284
1.297968
-10.045794
2.931984
7.969621
-7.911850
15.670573
5.878219
4.614956
6.751170
7.596212
-0.222517
-7.671034
3.483206
6.438985
-10.230844
-2.622043
-5.892161
-4.523955
1.920275
-0.208467
-0.897973
-11.363316
-1.177231
-2.447152
3.293325
-1.549889
-5.929945
-1.007158
4.343782
-4.576909
0.163168
3.083177
3.973618
4.156578
10.232660
2.765311
2.154854
8.344376
-4.851267
-4.300122
-5.263231
7.205067
11.058040
3.702919
-1.089801
5.416807
2.459511
-0.917251
0.336392
4.244925
0.962187
-2.160846
9.985842
7.861411
5.724323
-3.555848
-10.423000
5.878750
0.833932
10.035450
13.262146
-4.719732
4.079009
1.431077
0.957367
-3.601310
2.836162
-3.179895
-8.629554
2.387658
4.022819
-4.172985
-5.846994
3.260762
3.078785
9.458274
-3.118087
-0.525874
0.539632
1.909410
-1.115084
-10.785213
0.571520
-5.423918
6.193427
7.730106
3.982724
-0.120418
3.529688
6.005251
1.164228
0.354320
-0.018306
-15.042014
6.227111
2.982632
5.910934
4.651786
-1.114022
8.074879
0.550170
-3.017214
7.003027
1.547580
-0.543780
-3.086882
9.247186
-3.287760
-0.344789
-5.043325
1.759254
3.589432
6.447391
3.196989
10.610272
-3.496172
-2.635245
0.473573
3.130958
1.570008
-3.371448
-7.302541
7.657929
-0.660497
-10.617039
-4.661922
-4.877239
3.023284
4.635441
-11.391446
-4.739775
-0.165229
2.359993
-7.572787
4.074992
11.536371
10.831001
0.918614
3.815674
0.242340
6.335140
-0.112630
2.530335
-3.252562
-2.675088
-8.258752
-9.588668
-5.435394
-9.272886
5.628103
-4.701486
2.489032
-2.872293
-5.285689
9.623041
6.438637
-4.409022
10.162109
5.933567
-0.903860
3.912713
1.136320
6.633326
6.449917
-2.757525
-0.247167
5.132748
2.580112
-4.691157
7.901374
0.182176
-6.566004
8.041715
-5.857162
3.912925
4.034354
-2.177779
1.036371
-6.349849
-0.067061
-11.443551
-7.580196
-0.069634
-5.868976
-1.460079
3.706164
-4.376554
6.749154
-10.599065
4.417067
-1.575782
1.697639
0.385056
-11.238604
-5.321586
-8.954622
2.091846
-11.736759
-4.246194
7.933074
-1.560178
1.184894
5.981463
11.244238
-7.886166
-2.054542
11.567319
-0.927621
2.648917
11.868341
7.241594
5.721149
6.056026
-0.996746
-1.521254
-3.045388
3.913531
-9.209130
1.102283
9.585863
3.600407
-7.037720
-5.683827
-3.029217
-1.594221
1.012612
-9.042197
-4.976411
5.623598
-13.971475
4.213093
-4.074157
4.426251
-8.842831
0.646695
13.915276
6.550254
4.299339
6.190592
8.192760
1.480832
1.486725
-9.038789
2.016452
1.772718
-2.864613
-2.231884
-7.988703
2.935792
3.786991
6.310087
-6.955273
-4.366032
5.566038
3.694038
-7.311466
-2.796034
1.972386
-9.608270
2.087183
-2.845238
6.302993
3.168564
6.712029
-13.817464
-4.463147
-0.019699
-8.108444
-7.844715
-11.633437
3.565103
6.482139
2.970161
12.428167
-10.544129
2.602088
6.036868
4.728873
6.022894
4.371539
-6.602578
6.393228
-10.960079
0.842115
-7.835647
-4.715906
5.840709
3.804743
2.994068
4.660733
5.568591
3.016495
0.173224
0.266731
-6.970582
5.890636
-8.419359
-5.019125
-1.041863
-4.856011
-3.346653
-2.538047
-10.742709
9.419995
0.359733
0.118864
6.728265
-4.779418
1.266600
-7.119846
-5.046315
-3.652632
15.240387
3.375947
-1.493116
-1.336245
-2.420807
-7.519894
3.880134
7.513120
-1.445910
3.096541
3.292481
-2.112737
5.236784
2.259718
-3.480350
5.258537
-6.758369
2.962117
5.537453
-2.897735
-8.418254
-7.743699
4.160217
1.771381
0.352568
-1.924712
-2.416424
4.864987
11.505939
8.418109
5.048257
-2.005090
1.984507
1.605926
-16.947138
4.852399
6.389781
-2.570417
4.030436
-5.389540
-11.441136
2.954042
-8.011759
8.244374
-3.353057
0.461122
2.783690
0.103546
-0.120358
6.342851
-1.111622
0.694591
4.979617
7.443439
-9.976268
-0.024927
5.124650
0.831748
3.165524
2.455899
0.238220
-5.814532
4.796230
-2.730355
3.809101
-3.083489
-2.354889
0.958514
-0.249298
6.540803
-3.902280
-1.779056
-6.836907
1.448366
5.074635
-7.592348
8.285516
-6.528088
0.084900
1.354671
-0.025268
1.630553
7.999039
-1.828768
3.499294
3.471251
3.895914
7.645843
3.332372
4.408636
-0.834589
3.581062
-8.122161
-10.936089
0.804950
-0.079540
3.046617
-13.526324
7.133136
-3.774933
-5.136041
3.040125
7.912782
6.040559
7.883552
-6.242475
-1.167645
-10.341315
-5.550848
-2.681237
2.994247
-7.362884
0.396563
7.496130
0.766785
0.161051
-1.293243
7.362402
-10.870713
-1.148002
-0.722472
0.527089
-9.330873
-0.469460
11.230912
7.052672
6.585562
-6.878669
-7.526413
1.658958
-2.136172
-6.162004
2.942149
-3.624898
0.729098
0.954720
-0.244865
1.148195
8.034789
3.639565
-10.711351
1.471959
-5.558945
-1.278646
-1.902262
-1.602425
5.822529
-0.890575
-7.842906
5.482828
1.328947
0.711238
5.849731
-6.295257
-8.910491
5.607464
-0.374164
-4.431347
-12.227542
-2.026111
4.177347
0.694415
1.165811
5.570410
-0.535539
-0.550329
7.339520
3.788127
-4.701795
-5.109603
-7.413720
-9.907205
0.890115
2.734421
4.943736
-5.672033
-9.989009
-0.764584
4.304214
9.285321
4.150913
-2.671077
2.128422
-5.632478
-4.618026
6.072108
-4.901461
1.070662
-14.326545
-4.836221
-7.455590
-2.452579
5.499950
-1.258106
4.179322
8.687153
4.476882
-8.624055
-3.748632
-6.381755
6.492096
-10.207367
-2.207052
-3.500275
9.935152
-11.586262
6.058238
4.737034
-1.692072
-1.034412
5.912471
-5.773093
-7.141848
3.333596
-4.716740
9.264747
0.101113
-10.169612
-11.180447
12.675604
3.926340
6.071547
-7.150998
-1.926231
-9.442132
5.434814
-7.183137
13.040106
9.342525
-10.647346
1.219699
-6.699773
1.195671
-7.631512
6.217995
-2.127426
-2.869710
1.119309
5.435240
-3.014394
-5.276903
6.228844
-5.429362
3.407078
-2.584447
15.951690
-9.440485
1.305843
-6.521408
5.839399
0.730870
-0.823424
-4.893028
-2.095926
6.235107
4.208900
-5.762298
6.209332
3.659504
8.577148
-1.717671
-4.773548
-4.441175
-3.184496
0.364772
2.154517
-6.519008
9.328486
6.388958
-8.035543
-1.368432
-5.990513
-1.302674
-4.465715
-6.359609
-16.020498
-2.250356
-5.252204
6.477134
6.824455
1.283623
-12.970609
4.500334
-1.045343
-6.714868
-5.400555
-3.786934
10.980517
6.946092
-1.131258
-1.971187
-3.568280
-10.951649
5.881108
1.311401
-2.237718
4.482819
-5.308720
6.424046
-3.540974
-10.335542
-5.376757
-5.676210
-6.200585
6.057245
-1.220411
-10.288014
-8.373503
-10.295570
4.077021
5.851682
-3.202783
1.682730
4.497263
6.082217
-0.512835
1.467621
-5.918105
1.478586
8.381075
-7.496057
0.461394
-3.924585
-7.405272
0.817223
-4.294480
6.655060
0.288375
-5.989253
6.865819
-9.804803
-1.178700
3.593223
-8.565906
-2.396832
5.480700
13.808472
2.181048
-0.863952
-10.773061
2.405312
1.163867
3.421895
-10.541195
5.848545
-0.753263
4.951187
-1.951890
-3.453406
1.391721
7.611473
-4.649111
-1.966615
-2.472573
10.535577
2.683980
-0.854897
1.107206
1.318552
12.342087
-5.884308
-3.556876
-5.500474
-1.809514
11.143261
2.494086
11.476820
4.258202
2.348379
8.776271
-1.077161
-7.384402
4.292449
6.221778
-3.898085
-6.960735
-1.509593
4.614086
2.549265
-8.658992
3.531600
-9.300411
-1.557603
4.030244
-2.264557
3.175524
3.519305
11.175880
4.409154
2.504668
2.394436
-1.039709
-1.767572
-13.731347
6.382106
3.333173
-0.595040
-11.942314
8.786386
4.430965
3.088585
-4.284209
5.336529
3.085526
3.845029
9.485257
1.437232
-2.710010
-2.279342
-1.987798
-10.274814
8.459662
8.216502
4.418284
-8.481958
-3.714292
0.394291
-2.088359
-9.692850
6.145862
1.694338
-2.637866
3.018677
6.781080
-12.480944
-6.820895
2.338551
4.296205
-6.874154
7.806098
0.386157
-4.270689
-2.681945
2.513480
-1.776997
-9.568947
-8.053013
-6.929891
-3.070078
-2.675678
1.504568
-5.282722
1.135492
1.271511
-4.895986
-6.785172
4.403191
-5.898088
-3.242553
-4.069953
-12.211344
3.333856
5.488429
-10.670626
-2.465785
1.676052
-6.385583
2.954176
-5.221564
2.012700
6.244711
-0.706634
9.868057
8.020020
-3.084218
5.907670
-4.041485
-6.409511
2.515170
-5.475851
-2.576985
-0.713710
1.332296
1.374738
-0.558133
6.045514
0.241191
-11.363441
8.856817
-12.314435
0.074512
-21.051399
-2.712443
-0.697076
-16.756041
2.633651
-9.701336
1.802320
7.626896
-0.425026
-1.440376
-1.724864
10.679935
-2.338788
-2.923399
3.735831
2.040641
6.075422
5.125715
0.338319
-9.407367
-4.459779
-4.302920
2.473031
8.998661
-10.540694
-2.579298
0.237743
-1.820222
5.729259
-4.546477
8.410954
-5.875173
-0.532251
0.947835
-6.172532
4.142589
-6.325719
6.582475
6.560478
3.520733
5.269844
-4.639940
-0.721598
-3.814715
-5.719304
3.072027
-9.007897
7.380506
-5.281976
6.844380
4.044549
-0.967645
-6.697671
-2.695117
-4.990181
-6.466788
-0.023294
2.408845
1.257141
3.326978
-7.573361
-3.793733
4.432504
8.174320
8.222030
0.010725
-2.501433
-1.344376
-9.297833
-4.859041
-5.375490
3.071607
-1.369904
-0.025236
6.966442
0.935080
0.053275
-1.665697
13.770438
-5.542666
-0.358321
-4.532722
11.194718
-0.268538
1.687384
1.410180
-5.354778
-7.830506
7.438675
6.015123
3.828471
0.941961
-9.733713
6.175904
4.586493
-3.504426
3.716250
10.196790
-7.155820
6.047585
-6.734976
6.582737
-12.159047
-10.094172
0.344495
-1.918546
-1.679293
-7.110153
-9.106194
6.159511
-2.010062
4.882851
-6.145891
-1.430750
-6.766245
-1.343199
-3.505240
2.057160
-2.290845
-1.607518
-7.045627
-12.787916
3.779804
0.491806
-1.651877
3.730100
1.086147
0.314990
6.985652
5.183322
4.039859
-5.477370
-5.690160
-0.780270
-5.577806
1.528539
4.213310
-4.914419
1.950459
4.463979
-6.503528
4.048414
3.650554
1.730065
7.535894
-0.369932
5.413161
-0.386332
-4.987373
2.459459
0.697997
-1.023334
-11.175354
5.486523
-4.610545
1.177951
1.977478
-2.582458
0.594172
-5.559009
-4.874413
-4.090057
9.983332
-7.936746
-2.901867
-5.319480
-4.305951
6.050828
1.674718
-3.513500
4.863311
3.272973
3.664883
8.422964
-4.685947
-2.835028
-4.956193
1.906722
-8.065256
-5.128373
0.350604
7.618008
7.449260
-2.433423
-2.834602
-3.994246
-8.776620
-1.320682
8.172573
14.125569
-12.073963
-0.618380
1.403710
0.776166
3.661220
-4.908992
-7.037742
4.755714
-1.374697
0.489672
-2.611095
0.884487
0.351337
1.874744
3.321634
-0.108702
14.057304
1.983918
-6.580429
-15.240256
5.986371
-8.297298
4.972199
-7.792183
8.009995
-3.490182
-5.193825
-0.474575
-5.033726
-5.364404
-5.983070
-8.667872
-6.109364
6.048548
-2.628922
3.191432
-2.747941
-15.111542
-2.090970
1.765045
-1.772251
-0.284572
5.504346
-4.285698
-6.647583
-1.261032
-3.842663
-9.025469
0.360960
-9.623901
-11.201699
0.564699
7.096279
0.784616
-6.242649
-0.379883
-0.508297
-2.075462
10.641483
-2.098412
5.122041
-7.023338
-11.823654
-1.902948
0.818867
2.593114
9.870415
3.251215
-3.062171
0.776093
15.119077
6.406478
5.669426
6.820535
3.184161
-4.050265
0.768549
-12.039450
-5.363070
1.120451
-4.882422
5.621166
-5.632736
-2.654647
3.793516
-3.642906
1.679500
-0.892480
-2.428465
-0.003435
-5.934963
-9.123901
0.034059
-5.186919
-2.905919
-6.736370
-6.073602
-0.641324
7.401787
-0.413178
4.919850
10.993120
1.159871
0.958799
8.029760
-9.942417
2.980621
-2.971327
-1.598654
-12.036279
-7.166006
1.552237
-2.111200
-8.490815
-12.176785
2.401491
0.787629
-2.094635
-2.010459
-10.721600
4.727680
-2.516531
5.862152
3.928612
-14.091560
-5.693385
3.942132
-2.345182
10.533497
-4.510581
5.186742
6.658320
-9.504069
-14.627342
2.510742
8.113487
-2.093359
5.021271
3.496843
-10.834496
-7.896382
-2.901513
2.388270
4.801066
-1.259095
0.736172
-8.169836
-2.156022
5.876818
-4.969316
3.510233
-0.421944
-5.786948
1.611482
-9.087887
0.482361
-3.088077
-1.855220
-2.932955
1.139059
-8.510285
0.207666
-5.711243
-0.554258
-7.861150
-0.311191
-3.486470
3.090192
7.173430
-11.798923
-6.020379
-3.417710
9.780294
4.621293
8.403784
6.994724
3.905916
-1.470326
5.425120
-1.846665
-6.195906
8.254536
9.115804
-4.463476
7.823384
4.402449
4.994558
-0.172805
11.050367
5.772572
-14.918246
-5.951858
-3.964767
1.357536
2.629378
-3.082595
4.939695
-3.443985
9.325513
-2.179746
7.631773
-3.091893
1.182370
-1.797903
5.700778
-16.216923
0.644993
6.391107
0.488562
0.906249
0.394854
5.345785
-6.424263
-9.190818
5.194045
-8.578899
2.376223
-0.605634
-7.766659
2.020634
-6.110777
-2.993124
2.644630
8.628609
10.699090
0.939630
-4.442405
-4.864733
-0.873988
-4.200543
6.480949
-1.802485
-2.121671
4.341410
4.863114
6.576425
6.301531
1.398397
4.495328
3.546678
-2.239990
2.401361
0.215622
4.707567
5.585392
-4.859070
-9.361613
6.060908
-5.734933
0.892676
-7.121859
5.522012
-1.664057
6.277107
-5.472058
-6.693937
-1.109447
-3.723932
10.224667
-1.228681
-6.777523
3.269575
-5.800723
3.773477
-0.036888
1.258601
2.910594
-1.625648
5.697479
-9.006760
2.847090
6.538773
0.963312
3.251640
4.904980
3.671364
-0.728399
8.256329
-5.897556
5.162648
2.622328
3.331178
3.902469
7.046958
3.668345
-10.464936
-9.369179
-0.167749
8.223877
2.084175
-6.624411
3.205040
-8.660058
-7.314875
2.010428
0.472296
-0.672609
-3.239540
-9.269915
0.242108
5.360688
-11.786758
-3.932548
-6.209474
-3.836367
-3.854836
4.200065
-4.034887
-6.816274
2.485624
2.152527
0.052196
-3.978690
7.174753
7.469468
-6.894498
-12.665803
8.248866
-0.486263
5.164444
-12.024452
-6.833430
-6.666104
-3.641865
6.484200
-5.319074
-3.988758
-1.774033
-2.160860
-6.818772
-5.316562
3.103515
-1.611969
-4.538108
4.191888
3.233123
5.747513
1.644032
4.173195
5.269819
-0.391920
3.477527
6.343233
6.607544
0.786396
-1.619513
8.720097
1.421128
-3.586691
5.290390
-6.316912
4.143933
-6.012526
-0.704046
0.785697
1.858664
3.842113
8.610410
7.680934
-1.688929
-0.126794
5.320269
-8.479603
-3.999680
6.282799
-4.756858
-4.044508
0.908890
4.059295
-4.413834
0.087633
1.280882
-5.867885
3.997453
3.270459
-5.830502
-9.833689
-4.623134
6.015817
10.552029
3.230077
-0.769753
5.013278
-7.789511
8.640529
0.690569
1.001200
-1.476348
-4.500577
2.046848
-0.077966
8.841172
-0.566436
2.830603
-4.662197
0.666817
0.883513
4.109755
-4.918611
-7.248585
1.550314
3.073836
9.009307
3.650127
-4.688861
8.907833
-1.063009
2.025018
8.522931
-4.534980
8.494184
-0.447020
-2.862947
16.252813
1.323211
5.085224
-2.900512
5.073385
-0.500610
2.219725
-0.991460
-0.077233
5.890083
3.609441
-1.502113
-0.883653
-3.833328
-15.845867
2.829861
7.786154
8.783390
10.910501
10.038221
2.923792
5.777079
-2.690053
1.647894
5.734006
-5.610157
-5.198742
-4.198787
-2.221503
7.713012
-3.405218
0.542730
3.446331
-3.017019
0.386953
-5.146357
6.318723
-4.483680
3.008234
4.584672
-5.507063
-10.277227
-6.081330
-8.242038
-5.314920
6.563813
1.233474
-10.556989
5.083714
11.892977
-2.917821
-5.918875
3.821917
0.888298
4.354930
3.368676
0.730058
11.967171
8.860699
-1.833555
4.698102
-2.375107
1.945161
2.672437
-10.356061
10.209277
1.912989
4.941830
-5.617521
7.195804
4.637922
-3.006668
-9.283041
-3.377664
1.944876
10.575624
3.992147
2.411829
2.919040
1.761154
5.318294
-11.308138
8.882000
-1.394257
7.267254
1.947914
2.136032
-1.889484
3.211829
-0.958965
2.434248
-2.554950
-4.291598
-11.831874
11.850438
3.061995
-2.095024
5.554500
3.790275
-5.000629
-0.886585
-6.052113
-8.908432
-3.693718
0.683989
-2.954224
-5.491345
11.429132
4.555964
4.446025
8.207517
1.880150
-5.138282
-5.968855
-5.547356
-8.040180
5.068314
3.053456
3.844554
-2.352576
6.232804
-8.897438
-0.895504
8.975426
-6.444884
-9.165537
-0.584416
9.902038
-3.743219
-3.068090
-7.689654
-0.116193
-7.806902
1.790557
6.680622
-0.873524
-3.075596
1.742228
0.116420
3.165984
-10.631836
-4.967125
5.379779
3.319178
-4.025148
3.480169
7.365641
7.979267
-4.039763
-1.687476
-8.320363
1.412607
-0.229500
-5.314538
10.063785
-7.885287
0.955101
8.172410
2.443306
-4.219721
5.285896
15.594823
14.690448
-1.663966
3.927158
4.641712
-4.778309
-0.822222
6.645685
13.458107
8.044577
4.799652
-0.556616
1.543335
5.769921
10.114225
-11.441415
-3.603620
-0.170485
11.574577
1.892124
-10.671132
-12.666895
-6.701966
-2.480801
-4.078973
5.893543
4.203615
1.528438
1.950389
-1.461535
-3.979729
-1.409438
5.038365
-7.109342
-6.133872
-5.846986
1.796049
11.377301
-4.495150
-5.742653
-0.827280
-11.817997
8.757383
5.031475
-9.012263
11.897031
-8.480408
-3.837512
-1.496817
-0.138335
1.339682
-4.705353
3.171730
4.580220
4.648090
-0.246497
-9.688349
-3.970331
1.270380
-4.709785
-6.839934
5.024746
0.687382
-4.311857
-5.962329
-5.805424
4.000811
-8.127173
7.546415
0.403436
0.296792
0.388302
7.006830
-6.667028
9.056809
7.350066
0.037160
7.224813
11.387442
-8.495853
1.265253
6.681756
1.036080
1.990464
-2.051522
3.609264
-5.281713
-2.119712
-0.419993
1.994761
-6.511134
-1.805230
1.333705
1.494039
-11.931251
-13.123155
-1.525067
-1.437370
4.831536
6.473333
-2.014350
-11.565973
-2.841053
-3.616316
3.446123
14.518772
-10.274568
0.822931
4.554311
2.983665
-0.130343
-12.683442
-6.202352
1.734392
-5.112164
-8.148037
-6.484821
6.932730
1.066864
-7.796840
4.331481
-7.520271
-0.433329
1.961858
-1.605671
-8.606607
6.748657
2.840873
-0.534916
2.600083
11.929865
-1.174747
-6.175749
-0.572172
1.038646
2.450054
-5.551479
-9.407201
4.967874
10.498205
8.127294
-2.961945
2.621196
0.605286
-4.516760
-3.366170
2.415586
-3.200016
-3.800873
-7.890603
-0.657330
-5.876477
-0.238795
-4.752776
-3.858795
2.011548
3.652894
-2.029564
4.163054
4.216656
1.022102
0.899211
0.574244
4.995219
2.525132
-4.037743
3.593316
2.757449
-0.611447
5.421466
7.597149
-12.223776
-7.344635
-2.883136
-10.712257
-1.341741
-3.316164
-4.681052
-4.811656
1.642373
1.732180
8.836509
3.963301
-4.529485
6.779710
-2.375576
5.158253
-1.325485
-2.866706
0.436905
-3.410306
4.641479
0.982249
-8.932983
-2.500677
1.560460
0.327018
1.345406
-2.925217
-14.698794
-3.032238
0.350447
5.548726
1.880346
-4.804830
7.688176
-0.183286
-10.098840
-6.991200
0.890487
1.145259
7.893509
-4.475960
5.225183
-9.682599
-7.443043
2.013923
-7.230507
0.050136
8.874673
8.544390
5.459141
5.349961
0.388456
5.021563
6.988200
-9.021802
-10.216205
4.231787
-2.185039
4.543294
-0.959872
-0.337210
-4.978356
7.760862
4.943211
4.635999
6.524113
2.541850
2.996447
5.224773
-1.506047
7.743437
8.962312
6.994695
2.481788
3.645050
2.096641
-3.718022
5.015808
-6.738291
-5.922697
15.888947
4.758776
5.600699
2.802698
-0.619231
-11.035588
6.251320
2.657297
8.055652
0.120836
-1.387657
3.592077
-9.367812
1.105418
5.618988
0.587279
5.919181
-4.704403
-1.693371
6.666163
9.566210
4.983539
2.904175
4.314943
1.267491
6.509264
9.417495
0.907794
-6.807655
5.072719
6.626565
0.868536
7.770159
7.607622
-0.918564
1.240234
-4.573195
-8.029019
-0.848336
-4.419147
3.402536
9.105475
-3.133667
-11.191615
7.430996
-1.577562
5.587410
1.865851
6.161717
3.099446
2.455467
9.713614
3.306345
1.993322
-3.388244
-7.869185
-8.246552
-0.404366
-7.238163
4.557572
-0.975729
-5.336145
10.086085
-1.663642
-5.903307
-11.611585
5.758704
12.563751
-0.283433
-4.159189
-6.111003
-8.232599
-1.082714
3.458515
-0.283336
9.386165
-3.889307
5.460143
-7.152761
3.595538
-1.376431
5.382699
-0.420125
5.635719
-7.972456
1.603742
-2.657771
0.194780
-3.439199
-2.624771
-3.205014
7.669725
3.188625
-2.299726
-3.496416
-1.825714
0.363786
1.632466
4.131635
2.012666
5.207649
1.222487
-0.674848
-0.834787
-3.434689
13.046378
-0.464601
4.365460
-4.437183
3.447969
4.206824
-4.074866
3.493902
-5.542933
-2.846056
-1.390303
16.104158
-1.523473
-6.586740
5.112977
-6.392966
-3.656204
-12.092300
-0.245405
5.122159
1.863261
1.570486
-6.625404
-12.276273
4.089992
-4.963906
5.528374
4.109085
1.516128
-4.231319
1.048092
8.658995
5.378083
-4.243607
-9.518406
0.504637
4.106076
2.239223
0.800665
1.801051
-2.791186
-2.507602
10.843262
3.911613
-3.077229
-10.616943
0.011439
2.389273
-4.521984
-7.912299
8.617443
-7.563770
-1.762893
3.602958
2.359784
6.662250
-5.770958
-4.954431
-2.180144
-6.045474
7.879509
-4.579638
2.370192
2.027192
3.499194
-3.578455
2.663699
-5.708302
4.792075
-4.165589
-3.222701
4.217604
4.445518
9.000451
3.960746
-1.510405
5.957516
-0.863117
-10.816380
-3.043801
2.432841
7.099645
8.854187
-1.486311
0.300845
-3.646022
-3.133065
0.223411
5.351702
-6.578185
1.236559
-5.346940
-5.304297
-9.223362
-3.366406
-8.487002
4.618475
-1.569544
8.270380
-1.353622
-4.103895
1.648506
0.230395
4.198392
-0.912326
0.919886
-5.181400
-5.906354
-1.759850
-4.880752
3.166284
1.796667
2.763631
-5.903530
-4.271783
7.321016
-2.207046
1.808717
5.676399
0.893504
2.279228
-6.088516
-3.682525
15.062644
5.655161
1.285318
-12.870444
-8.254107
-0.111225
-8.300816
4.658492
11.224676
-13.947676
-12.493364
-1.854980
-1.183090
4.491407
-7.182514
-7.161484
-9.928874
-5.921418
-2.312510
2.652023
10.576169
-4.568297
-4.223958
-0.097007
-9.063972
1.925568
-2.761684
-7.660654
-3.577163
8.066571
11.096447
-6.478873
-8.581023
-5.969240
6.570922
-4.892745
3.321551
2.638369
-2.397763
8.699295
1.521593
1.861986
10.929663
-8.763962
11.734145
5.259382
-8.961476
6.189138
4.880336
-5.099478
-4.637216
2.185026
-3.287292
6.082123
2.847984
1.454584
-1.672524
5.931733
-7.201923
1.363361
-11.051142
-3.101184
3.572175
1.396652
8.126182
3.964564
-8.231003
1.435567
6.688228
-4.910457
7.039563
-8.182614
8.388115
-10.650202
-0.374479
-1.842543
9.248425
-1.433482
8.262461
1.304605
3.037640
3.039873
8.630277
6.066889
-4.702057
3.888817
7.711471
1.265226
-5.000045
7.865623
3.912477
0.206736
1.916983
6.840732
-6.669552
-1.602613
-0.550062
2.339439
3.573006
2.157574
-3.471404
-4.396764
-0.006620
-17.757957
-0.699637
-1.472123
-2.479379
-8.643888
-3.478718
-8.428493
1.282259
-2.336350
2.120630
7.728179
9.358012
-2.726274
-3.498849
-11.566863
9.753790
-7.906219
-1.698780
2.440935
6.386119
-1.094700
3.884109
-1.951635
0.307761
8.591026
8.280328
7.642640
-0.499417
-10.066181
3.520605
8.329186
-4.789220
5.387712
7.760453
1.912379
7.690951
-1.424406
1.549505
4.439758
0.849007
5.128951
-4.960832
-5.960730
0.367203
-3.859052
0.888232
4.399566
7.897443
1.485473
-7.686454
1.149234
-4.470787
-8.842589
4.159796
7.572399
5.018643
4.121519
-7.148438
-3.848032
1.016024
0.697906
9.336384
2.006999
-4.102310
-3.604115
2.837613
3.650941
-6.072452
3.574679
4.497981
2.933841
1.999182
-9.262091
-5.758637
-2.473692
5.735807
2.667084
6.268506
8.134921
9.762569
2.506143
-9.663272
-8.514344
3.073313
-2.165949
3.102492
0.638631
1.214123
-8.794568
-6.531732
-10.176528
-0.133554
-4.161685
-7.069288
7.164004
0.629575
-1.532563
-6.633945
3.238577
6.321104
-6.737030
-1.987800
2.559534
6.420468
-1.823378
-4.915949
3.090508
1.296348
4.523641
-11.673761
-3.340573
2.952879
-5.992114
4.125787
2.211395
4.702211
5.188452
1.222848
-6.739384
3.610158
-6.355563
-9.131218
1.800735
7.032780
-10.584237
2.644990
6.818470
5.848663
-6.651874
-1.852120
2.371534
4.550158
1.626477
10.381781
3.526976
6.649938
3.954510
2.586167
-1.226404
-7.171545
5.127697
5.185885
-5.522160
7.219235
3.627990
8.932907
3.608710
4.664488
-3.312554
3.078642
3.812606
6.205874
7.326508
1.113632
-0.376850
-6.571357
1.316910
5.650230
3.458643
1.447564
7.662391
7.610919
-3.787115
2.969059
0.294984
-6.748454
-4.290701
-0.034108
-0.624718
19.132593
0.700085
-7.934833
-4.828520
-5.062397
0.668624
-11.515265
-0.914646
-0.970637
2.342452
-6.807164
-5.926175
-0.296267
2.652652
-1.235207
6.138177
-12.110472
-5.049337
-3.772042
-4.120863
-8.654719
-0.112700
3.658426
12.888219
8.578000
3.161937
-7.235306
7.716340
0.323953
8.970159
4.906209
-1.040304
-1.370526
1.826421
-8.382775
4.056438
6.449173
-7.650777
0.443442
5.430065
-3.962112
-4.840001
-6.865653
-2.493215
-4.568701
5.984416
-2.390026
-1.186968
-7.164876
0.112747
6.345153
-4.716876
3.419191
-1.044600
-1.146461
-1.961508
9.072196
-1.183740
2.447655
3.037715
2.084532
-15.583435
-0.582238
9.680655
-0.902604
1.134027
-1.082607
12.652322
9.322955
0.600651
7.517423
5.587692
10.216964
-4.004942
3.833603
1.520583
4.320612
9.326085
1.474549
-4.692960
3.178825
-6.209260
4.878280
-7.177820
-8.585302
0.183245
0.035110
7.952634
-7.206957
-8.815443
-4.262580
0.709613
-6.516890
-4.330905
-8.341812
-5.058690
4.450199
-5.896193
9.911976
-1.362380
3.258110
-8.675299
-13.180390
1.759423
12.929012
-3.309349
-2.760438
-6.620450
6.841331
-1.687205
-3.567672
5.067610
-2.421450
-1.369323
3.299025
1.513571
-6.613972
5.451622
4.956079
-12.472298
9.000747
1.954471
4.994535
10.885504
4.224863
-4.033114
-1.877371
-0.871203
-1.253425
6.105489
-3.720647
7.280307
-6.179650
-6.439322
4.677972
-1.103078
5.088948
-3.308334
5.885451
0.605422
4.649974
-6.042207
7.059618
-9.187351
6.132685
-0.101353
-7.611704
-7.913881
-5.682748
3.705800
2.765844
2.198806
7.904315
0.762667
-1.717090
0.766529
11.206097
10.215555
-2.950651
4.964886
-1.101177
-7.386505
-9.031182
6.981088
-7.334335
1.049857
-6.689222
-0.676642
-6.878934
3.000065
11.155066
-5.477454
-4.567768
-2.942898
7.949625
-10.040148
2.535227
-8.219799
1.024988
3.789887
8.444410
0.480145
0.723457
-11.051239
2.522547
-8.080480
-8.545452
-8.823316
-2.586215
-2.500386
-5.593280
-7.691575
-9.609918
10.200506
7.464969
4.848170
1.016665
-9.232413
8.549968
-1.389975
-5.955088
2.897384
-1.917803
1.126847
1.284255
-3.789094
-5.396588
2.921714
2.732641
3.110682
-3.963323
2.527270
10.106708
-6.362482
-1.574486
2.736745
-8.794021
-4.131269
-5.995979
5.828379
-5.094147
-7.439257
7.323840
6.793141
6.079260
7.351496
0.242907
-5.964548
-3.576743
-10.997377
13.247329
-3.220481
5.736318
1.301638
0.305666
1.440822
-1.758961
8.268278
-0.262876
2.880550
1.608634
-3.648640
0.619072
5.886200
-3.298435
4.311078
7.060634
0.643312
5.946036
-11.695331
-0.766851
0.756059
-1.413414
15.935628
2.135883
9.730548
0.097911
-1.451890
1.282153
-8.239804
-2.415122
-5.519920
3.242291
0.621428
-0.907200
1.002665
-3.345283
-3.106112
9.061857
2.913358
1.408106
-3.527165
1.307383
11.693279
2.368984
-1.066751
11.885961
-3.896808
-1.763192
-3.407136
8.633163
-9.448510
4.838716
2.365437
-3.644686
-6.719320
-3.746697
0.169214
-8.418219
3.410550
5.364230
-0.223933
-0.928001
-3.820969
8.771917
-4.260125
3.500282
6.594365
-7.394821
-1.278719
0.649416
5.166352
-5.076643
-13.388020
-3.164482
-13.348561
-2.832701
7.221041
-5.335464
-4.901428
-11.386185
13.188768
-6.984603
3.937034
6.985098
-7.751372
5.242388
-2.943718
11.254038
-6.306674
8.200754
-7.483759
-1.404641
-5.780951
2.015179
3.325046
3.325738
-3.696228
-0.960822
-4.431572
-3.535618
4.282800
-2.263940
-4.472758
-0.160993
-3.249794
-6.160354
8.451581
10.989391
5.874502
-8.075215
5.041467
3.970012
5.499562
1.961419
4.757678
-3.219041
-6.663283
-8.831117
-11.619030
1.042865
0.463626
0.857412
-1.548025
-2.229338
-5.832996
3.091425
4.426098
-5.570989
-10.797565
13.069362
9.504959
-14.147408
-1.715502
0.916655
-0.916348
4.628804
-3.032870
1.337354
2.527304
7.362871
-3.091836
-0.097520
6.385023
-1.031415
0.554045
-4.621723
-8.611451
-2.505227
1.993644
8.112103
-0.336728
5.705188
1.442915
-6.894122
11.196780
-7.320829
-5.972761
-5.115581
-8.611521
6.625364
2.793444
3.857076
-8.270057
1.578091
3.169608
2.554301
-2.529050
-1.232623
-1.695825
4.905425
7.769804
-1.011608
-2.934638
-0.740667
3.658675
-6.679100
2.422845
2.828394
-1.132190
1.999489
8.498215
7.262005
-3.201446
-1.043154
-2.374310
11.951032
7.300150
-8.998454
2.829423
11.530609
-12.938172
-10.546942
-4.306860
-1.497967
-4.666450
-3.930801
-0.021203
-5.814273
1.993058
-4.414338
-4.572109
-15.640579
-1.110819
4.805482
-5.436671
1.498438
-5.402588
-6.085129
-9.921374
-7.387175
5.870890
4.258029
-0.664305
3.737765
-11.612352
-7.175229
-2.784201
-5.603615
-3.245897
10.228848
-4.887659
-11.351343
8.844208
3.367610
0.655121
-8.777128
1.620759
-0.864170
10.261376
5.800410
10.162706
5.215935
3.801048
1.874168
-4.601505
0.578982
-5.584469
2.985077
8.298774
-9.310520
-1.939792
-1.654113
-0.222705
-0.836506
-3.622138
-5.449432
-1.844978
3.290451
-5.942853
-5.832814
7.464840
-8.988998
-7.080674
-0.381158
5.737470
1.509789
-3.990220
6.946550
-1.928700
-3.033867
0.547885
-5.493016
-8.303931
-0.957267
7.252021
4.089972
-0.691601
-0.457211
8.626383
1.676987
-9.231920
5.623375
6.231652
6.597781
0.055484
-9.421737
-9.236036
-2.079718
0.491879
-7.178846
-1.986218
6.395583
-7.851415
-7.272119
7.628565
1.166663
-11.204533
-0.402961
0.781424
6.063155
6.779542
4.526824
-3.918506
3.945389
3.592722
-14.054977
-7.779839
7.462484
0.763378
1.893204
-2.231271
1.303118
-6.153465
12.597561
-5.779049
1.101226
0.187935
-5.605754
-9.961226
-5.421375
11.211456
-2.146883
0.112696
-5.311989
-9.322129
-7.801293
1.044151
-6.078278
7.189671
2.312750
4.760673
-7.183093
7.883566
9.701556
3.868672
-3.045470
-1.917902
11.687370
-7.993126
1.370730
-3.654175
5.812621
-3.812647
4.967022
2.211018
-4.068581
-3.594101
-1.804507
1.811726
1.596679
5.271525
2.169907
3.186013
1.307030
2.217253
0.823437
-1.089735
4.210598
2.319019
2.652616
3.793834
8.268482
2.056964
-4.723658
6.865913
-1.731255
-2.340024
1.753926
-10.373653
4.752832
9.323553
12.323038
2.819790
-5.976043
0.965467
3.051855
-5.658704
8.277419
-6.441652
-7.298887
8.898102
7.347964
-2.128015
-2.716027
2.446377
-0.267305
-7.258368
5.855129
-8.131401
-2.708420
-7.463373
-10.425138
1.169834
8.002009
3.059929
-3.371659
2.837558
5.484426
-2.002246
-3.367762
0.813250
2.200867
8.514553
-3.359073
-3.056749
-1.253590
-4.218751
8.251732
5.005504
4.992919
3.171105
-2.160079
4.162243
2.381438
-0.277079
-1.950874
3.006328
4.327163
-6.894224
-1.331913
4.215389
3.537516
-12.833405
0.476142
1.014102
-1.820719
4.600435
-7.541611
-6.676610
10.795669
5.977608
-9.363202
1.265959
-3.853083
-4.512059
-1.251185
-7.266118
-6.685005
-4.977583
10.294006
-0.649064
7.414642
-11.796050
-1.405962
6.597816
0.184066
-0.875815
6.000175
-0.900081
6.734609
-7.297352
0.694308
-7.898696
5.858962
-3.572447
6.175054
-8.681860
2.152940
-5.389578
-3.281404
-2.842545
-5.196765
1.099062
0.562920
-1.440375
-8.374201
-14.942607
-8.197687
-10.416341
2.151783
9.101036
4.287124
0.475144
-0.711368
-1.224939
-3.479583
8.224913
-6.058384
-1.254957
2.079038
0.574863
1.936358
0.393434
-2.582453
-11.635147
-2.724784
2.192319
-9.208032
10.096372
3.752264
-3.438973
-0.608550
-7.193484
-3.103356
2.863627
1.925354
7.435014
8.854878
-1.206244
0.128493
7.856699
-2.726979
6.396838
-5.656454
1.761197
6.474723
-6.316581
4.964260
-4.787642
2.933287
-2.236751
3.209687
4.520724
8.968239
7.429587
4.931972
-7.312469
4.457482
0.770261
-6.857342
-8.263628
0.720578
-2.659364
9.092067
-1.815459
9.435678
-1.153575
6.415258
-8.141569
4.156637
-1.702428
11.032931
-2.908581
7.798548
-4.134587
-0.729528
4.012670
6.421407
7.376305
-1.126283
6.677957
-0.488299
7.849418
-7.224436
-3.395867
4.443813
-4.983898
9.724607
-3.136008
4.077604
-0.498690
-3.701267
6.182576
5.717699
-5.961421
-1.081927
-3.833079
-10.154331
-3.713386
3.896097
-9.974525
-3.779354
5.601034
-15.202471
8.164824
-4.080069
2.654909
17.219051
-1.496812
2.750490
-10.362273
-7.907592
-0.007316
0.105185
-3.094400
2.234462
-0.683664
3.807214
-9.143020
2.237394
3.526628
-4.009917
5.840009
-3.398474
-15.857074
2.023114
12.365880
-5.557311
-5.530802
-5.701735
-8.062201
0.489393
1.646184
-5.597285
4.208746
-6.300550
0.029543
3.377740
0.883867
-1.926834
6.996490
5.516927
9.975526
-2.532407
-6.920243
1.814811
-1.076143
-0.363756
8.732798
5.587852
7.973193
2.717496
2.447416
-2.249738
-7.677112
-3.786084
-1.554424
5.948483
2.830081
-2.751529
-2.273555
-7.054232
2.677103
-3.019042
10.360097
1.871763
-7.466936
2.181821
-3.883628
8.652518
3.840010
-6.011386
5.780798
-4.241173
-3.656460
-6.552137
7.708039
5.850355
1.983742
5.837739
-6.417749
-6.736347
-1.002237
-1.885636
-5.938213
-7.754178
4.290941
-5.518995
3.646470
-2.233556
-5.326240
5.270926
-2.721848
-9.810381
2.160090
-9.134945
-10.771701
-1.856237
9.869463
0.074801
8.452058
0.413004
8.372451
-3.836898
5.570723
-3.124323
-2.132761
1.919592
3.586429
5.286947
-0.250387
-8.863658
6.383185
-2.568304
0.976077
-4.813201
3.730888
1.403007
-2.388400
-6.661301
4.534795
4.857536
-2.491570
-0.470929
4.745274
4.544169
-11.399484
-0.039681
9.807887
-5.952612
4.419151
-6.613948
-0.634722
9.529774
5.158117
-3.944757
-9.755574
-3.723318
1.051344
7.638423
1.073821
-1.967543
3.832034
5.475521
-4.464015
-1.052749
3.816672
1.526619
-0.330053
-2.667297
-2.444116
0.913198
2.237164
-8.519567
1.063778
-1.053868
-8.585862
-12.283031
0.427480
5.048280
5.236094
-0.045579
6.118597
-6.377119
3.340050
-7.235853
-2.577096
-4.921817
-9.777891
-5.068246
-10.045670
2.989458
0.547550
1.314198
-10.232582
6.851873
-1.143722
-3.777900
7.685636
12.392256
15.572541
6.472309
6.106036
-6.515157
-4.285244
-1.680836
4.495549
-5.630332
3.836628
1.722445
-5.181599
0.985765
-8.006194
5.802090
1.931209
-8.470218
11.042258
-6.093684
2.394485
1.219221
6.473917
0.942754
11.045121
-7.423007
-4.226622
7.500559
0.869525
-4.128606
-1.404422
-2.731261
-7.018319
-0.724083
2.266198
-5.024711
-0.232114
-5.341391
-4.627526
-5.941416
-3.624881
2.454027
-5.018543
-8.758103
7.524444
6.251071
1.082487
-0.324325
4.910554
-9.419802
2.592587
-0.017524
-3.102611
-4.295262
3.806150
-2.796271
-5.706969
6.569617
10.316981
2.866623
5.152512
2.944550
8.869587
1.720884
-10.060525
-1.380339
4.192410
-0.375251
10.160789
1.332575
6.644880
7.437571
-6.764472
6.740902
-2.271671
-4.902090
-4.764758
12.622912
5.600704
-0.557135
3.864109
-0.998705
0.957248
7.995154
7.054217
-1.060041
0.449391
3.117815
-1.823946
-6.691755
3.153877
12.543587
2.846180
-1.749422
-1.635901
-9.929928
-6.685752
3.400755
-1.512260
13.467815
3.586498
9.315171
8.170868
7.376037
-1.400118
1.246307
-0.137174
-6.719527
4.568472
6.186443
-4.681701
6.523778
-0.580755
-2.749737
-3.352443
-1.717091
-5.183117
-0.233249
2.210105
-2.865148
-7.551970
6.839898
1.881971
-5.304662
-5.995548
-3.735689
0.423842
6.665664
-7.666823
7.989917
9.190648
-0.115515
-3.666720
-2.798472
4.203215
-4.031870
0.039979
3.305443
-0.038394
-4.294056
5.216255
4.181645
1.397542
-5.701826
7.526693
-0.823499
-5.088788
-10.970755
-0.142800
7.467407
8.800817
1.269986
-5.466383
-1.417488
2.166138
-1.165177
-3.958726
-4.669335
4.706604
1.674186
4.830516
2.727786
0.548901
-2.810738
6.866247
-1.249148
6.050423
-3.750704
6.358542
8.738342
-1.780937
6.455267
1.233621
1.943135
-2.661232
8.568826
3.216876
9.517602
1.987506
-10.595120
-3.465431
6.286276
-2.464700
1.910764
0.982244
4.528886
-5.545631
5.837022
3.608190
4.643239
-1.321367
10.383224
-3.511764
4.594804
-1.384856
12.125772
-3.899941
7.541273
-4.294104
-1.855287
-4.019651
-2.451526
-11.749444
2.319819
-4.320500
-3.742065
-3.226588
11.083951
5.781376
3.272758
8.555532
-4.258986
-2.869758
4.931293
-4.285387
-0.616859
3.450495
-10.117077
-2.842994
-7.492211
-4.603541
-0.191654
4.087886
1.427126
0.619655
4.532373
-6.938657
-9.359628
1.668048
-0.926560
13.847988
9.813023
15.855273
-1.921483
-4.806405
10.090530
-5.185221
-7.619062
4.953012
-5.242162
1.017924
9.181957
-2.599008
-9.074065
-12.548084
6.396152
6.799535
-2.737101
13.287148
7.685979
8.019640
4.500009
-1.585421
-0.759749
-10.392481
3.345509
13.462255
6.769845
10.921534
2.578623
-8.396772
-4.464911
-6.525445
-6.546906
1.180041
7.461358
1.453697
6.276935
-5.458548
-1.010953
5.652501
1.692621
0.813762
0.510415
12.179370
6.244915
4.099576
-4.094858
-4.410461
4.248071
3.507601
0.254295
4.510339
11.281753
4.774238
2.789316
-3.605567
-1.129140
3.183925
0.219486
4.652487
8.871678
-4.742162
-2.088464
-7.263589
-4.118021
-6.610990
-6.932449
1.176003
-7.791745
5.378143
2.727222
5.008346
-6.039540
-3.141058
9.462460
3.403387
-1.077250
4.472228
2.884898
1.037587
-0.067393
-4.583469
-6.266936
-10.738222
-2.808316
-2.504340
3.015214
-0.335535
9.416959
-4.728444
-4.814033
1.264922
-3.609415
-6.924093
-2.624666
-2.072073
0.316753
6.824986
2.791161
1.403203
-3.196950
-8.309903
-12.565311
3.135607
9.945213
1.963383
-6.238422
4.678948
-8.887872
1.644309
-4.689123
-4.704513
-4.577772
8.903278
8.541750
-5.742774
6.521343
-1.195570
-5.204779
0.336497
-11.181532
2.012937
-4.581275
-2.375849
1.950994
5.875657
-8.785240
5.397715
-7.712797
-1.494830
-19.311613
1.625164
7.909869
-0.026926
-1.704071
-2.146897
8.676905
-12.781698
7.925347
-7.226733
4.168781
-2.557589
1.209251
-5.430996
-4.311818
-14.038020
0.476580
-14.431128
2.360776
-7.779312
-2.506135
4.965613
4.916882
2.330725
-1.568698
6.525127
5.634551
4.102022
0.163791
0.005912
15.496555
4.853466
3.949272
-0.017761
4.082310
3.656377
-3.226940
-4.740321
-5.354128
-0.849869
1.345444
12.798533
2.329051
4.612497
-2.385942
-4.658054
-2.189392
-11.110187
-0.866047
5.646992
1.292274
3.130856
-1.432318
-9.328557
0.594214
1.958089
-7.893244
-5.968521
9.685573
-0.129101
0.249741
1.938401
6.283206
-2.570964
-6.208952
-8.699471
4.501338
-2.492843
-8.649307
5.703516
-1.357580
-0.847956
7.272334
-11.597988
-4.079082
6.108413
-1.301248
7.400044
4.816446
-6.911546
0.947628
0.069592
3.603934
5.322635
-2.374532
4.574354
0.942528
-2.783347
0.218789
-2.202873
6.909527
-6.460411
-4.068460
1.709974
-5.206302
-9.690662
-3.690280
-4.490387
4.756023
0.042482
-5.068067
-1.604467
-0.882877
-0.991833
-0.981572
5.219142
-9.481960
-0.257266
7.838945
-5.451569
-1.594495
-8.016903
-6.729817
0.328795
0.689144
3.243843
0.302743
0.823443
10.023440
-1.413767
-11.105331
1.929480
-6.924846
4.224520
1.164296
8.747191
9.688617
4.151658
-2.725782
-1.919284
-10.098525
6.429385
-5.778580
-3.598320
-7.659250
-15.331141
5.346879
0.995610
-4.933852
0.174101
-2.175183
-10.521388
-10.639524
0.531766
7.582699
13.905975
-5.578057
-6.910355
6.838312
-0.445091
4.706490
-16.198807
-6.594414
2.191938
6.172246
-9.648615
-4.653164
10.547806
3.349110
-2.730777
5.904166
1.620143
-0.131748
4.882401
-7.581007
6.235056
2.722032
-2.265539
2.671516
6.738258
1.845732
1.885079
-8.063024
-5.309418
-5.034403
4.274471
-3.967566
-1.047468
-7.399559
-0.603356
-5.995244
-3.376897
-6.157910
-0.831144
3.552868
-2.991429
-2.609927
-7.766295
2.157257
7.490889
2.435430
-6.664258
2.911257
-2.141957
-11.348870
1.799493
-1.148825
-0.127253
-3.773885
-10.623211
-3.154660
5.588379
-13.101937
-3.103432
-2.948216
-9.433851
-4.969490
-4.744352
-10.516692
4.285691
-2.559152
-1.623966
7.666364
4.484138
1.844598
8.569003
-7.014236
-0.472497
-4.654556
5.458715
5.318734
-1.638344
7.492847
3.762920
5.686859
-2.102710
3.773818
-0.801048
-10.464412
-7.499354
-3.000205
-5.658170
-13.271556
6.628807
-1.502502
4.648046
-16.501898
2.215291
6.135098
8.582750
11.436078
6.970817
-0.300922
8.126738
2.654848
-3.314119
-0.456673
-17.507195
-4.613101
3.323690
-4.864086
-3.770715
8.738600
-17.521141
2.647603
-2.846163
-0.951356
7.343400
-3.588946
1.039603
1.258736
1.351258
4.245352
5.356419
-0.173118
-1.235520
2.341551
-14.820650
3.638661
-0.267818
-8.296227
-10.771203
7.028225
9.209668
-1.080728
-6.284054
2.409989
4.134774
-8.470985
-1.012766
3.363752
-2.078459
-0.350775
8.257461
-11.000558
8.906494
-5.774504
4.878818
-1.170034
4.084131
5.053126
-0.260619
8.044367
-7.074613
6.517745
5.234980
-4.914679
0.326914
-2.088013
5.473855
-1.762081
4.336966
0.044940
-7.882548
-8.538002
3.921202
14.487259
1.587760
2.041817
3.957794
4.101852
-5.256448
-5.514187
6.786952
-8.201954
4.564256
0.537606
7.032604
8.038648
-0.325853
-2.218827
-8.992696
-1.712036
-7.760377
3.226837
5.839086
-7.189642
9.158326
-4.002396
-6.103494
1.319846
-2.729987
-5.823915
3.192679
-6.761166
1.900507
-0.264422
-10.546689
2.540659
-2.764466
-11.465036
7.569180
-0.547317
-11.613640
11.394244
-2.107675
-3.633359
3.687418
-12.006401
-3.157982
-4.772422
-0.620302
9.924350
2.674351
-7.897774
-0.843281
8.232385
0.061355
-6.704638
10.897197
2.248672
2.574274
-3.657763
4.978653
3.938988
-10.404093
5.025063
9.910437
3.440557
5.685602
-3.323147
1.252162
-11.695136
-4.248165
6.472185
2.991712
4.292800
0.163448
-6.377233
-0.315396
-5.197827
6.481595
1.126188
0.774525
-0.252723
-2.086084
-8.911564
-1.629871
-3.131690
1.041342
3.133909
-0.800187
2.786710
-5.846713
2.982156
-2.559989
-4.694968
6.321442
2.704525
-4.737046
-0.291499
4.757705
5.357967
6.822380
0.298037
4.514534
3.526094
2.958791
-0.591792
8.150482
-0.793976
1.369462
1.168918
0.942982
-3.845164
-3.835618
-0.308995
7.182009
6.167528
-0.622861
-4.427832
5.199623
6.476342
2.044878
5.119673
-0.396594
-7.484198
0.061956
2.900000
-8.526112
5.091116
3.694210
-1.998042
3.774020
-7.699998
4.663014
-2.144037
-8.709418
-2.821033
4.359124
7.729996
4.536377
-10.292397
-7.331593
0.126346
-1.854465
-3.033542
2.384239
-4.251255
7.561924
-5.102019
5.723786
-4.167878
-8.863618
5.764484
1.115777
-11.343371
8.519616
-4.535891
9.061920
-3.270213
-4.141843
3.426394
-5.603352
-5.899721
3.599695
7.806140
-3.321447
-0.252545
-8.464038
-2.265036
-8.432587
-1.874544
4.891421
0.049643
2.463243
1.087876
-2.137813
-5.858265
5.171506
9.992414
0.737621
-11.893888
-5.641386
3.478470
7.250800
4.696830
5.780102
-3.940536
-1.607179
-1.527816
0.017431
0.447965
9.056329
-6.152181
-5.606113
0.299306
1.345271
1.335346
-0.734566
-5.399683
-7.985096
-3.465675
5.849194
-0.023565
-6.321718
3.488193
5.178003
-1.220393
7.424547
-10.077729
-5.689861
1.273960
-3.558660
3.631894
-0.874057
2.825649
0.069150
4.859248
11.962452
9.900015
-2.447086
-3.120693
1.552581
0.960655
-0.431036
9.844810
-7.341074
-2.345204
-8.245558
2.892188
-1.360885
3.403328
-0.058932
3.789031
-8.253146
-5.425383
2.500025
4.225362
-0.583245
3.879329
-9.011992
-2.005222
-0.256021
0.515981
6.321577
-2.915777
5.970659
14.408807
-6.361787
5.973295
-6.388443
2.624218
-4.354964
-1.941433
1.753170
0.414311
-4.102149
-5.292379
4.531522
0.122503
-2.916747
2.302419
1.702741
3.783931
11.924531
-7.296952
0.429242
0.258329
2.724955
-9.682512
0.403480
1.371289
0.125378
-0.521404
-6.053780
-8.675975
-4.386440
-6.213669
-10.095847
1.609019
-3.534167
4.421054
8.043106
4.541444
-4.661980
11.252221
6.201504
-3.471589
-4.528777
12.477193
-9.051923
1.395763
2.667718
-7.197222
-8.627958
0.196073
5.243026
7.451828
1.369474
-13.694661
7.400536
3.135606
-5.378909
-5.677696
-4.649466
9.719295
-9.517742
3.242936
7.005588
7.422705
3.187334
10.164763
6.234007
2.087878
5.184638
-2.646282
15.684049
1.912110
0.731735
-7.244324
2.316115
-0.363579
5.344222
4.351507
5.989808
1.671294
1.103791
-4.986023
-2.624216
3.133109
5.530552
-3.411086
-1.033057
-1.189077
6.474782
-1.577909
-10.298507
5.411275
-7.973905
4.724968
-0.120329
-4.618384
-2.695929
-5.869833
0.971837
2.270002
1.810771
12.501366
-5.307467
6.371881
-7.006967
5.515353
1.988322
4.449006
8.316139
-5.397731
-8.410956
0.298051
-3.340578
-7.236487
-6.478875
1.244046
11.285723
4.594376
-9.987820
-5.068832
1.846427
0.210139
-6.710071
10.156452
-0.947865
-6.222237
-3.123591
-0.590766
1.278830
4.314590
-8.619311
-0.139219
-5.559284
-8.824860
-6.520947
-7.797912
2.829973
-1.074431
-0.387137
-6.175681
-6.652454
-4.509718
-3.217002
-10.568936
6.178656
5.441617
-4.700572
10.218511
-3.958870
3.147003
-6.148485
1.517724
-5.271300
-6.623287
9.334347
2.278006
-4.098688
-11.076375
-3.475405
-4.964670
4.404773
3.471411
1.904411
-7.432636
-6.850887
-7.506200
-7.802001
-4.487752
9.116971
4.859155
2.131485
-13.369411
17.628981
9.002428
2.820669
4.883562
-6.648609
-0.916432
-4.965470
-3.462580
-7.478266
7.617907
-0.767402
-1.788352
-5.545444
-10.092298
5.306849
-7.046629
-5.307952
-8.237987
2.938214
0.009655
-6.720762
-2.451881
-2.210658
-16.777927
-9.950482
-9.846477
-5.352524
1.327968
-6.695418
-1.471500
-3.927004
-9.711995
4.217927
3.282205
-3.627408
-8.882948
-4.868631
5.074686
-13.413686
-0.993328
2.408512
-9.679777
-5.110957
-3.991328
-0.252561
-0.077893
2.531885
8.192054
-1.244947
-7.549992
5.631283
1.498454
4.373260
5.334403
3.078420
-1.887727
-2.950419
-0.473402
-6.077260
-7.999160
-3.638438
-1.687640
4.192679
-6.209778
9.396126
7.431694
1.525000
-4.067834
-7.245770
-3.803027
6.514226
-8.680932
3.010814
4.034412
-6.031292
2.647201
5.079566
3.664119
3.272877
13.328771
6.860522
4.829176
4.801611
-6.399859
0.173517
-6.919944
-4.034159
9.225182
-4.465757
-7.601646
5.996545
-1.437476
-0.438761
-3.575858
3.562058
7.091131
-4.092681
-1.921450
8.314641
-3.668722
-2.352488
-3.421386
-1.604975
3.114210
3.374257
-5.933629
-2.411678
4.751588
0.209061
-2.575376
1.927165
1.868690
1.592123
-7.671156
-9.422348
-0.522087
-2.318542
-1.285879
0.417724
-5.087039
-1.404602
-1.868796
-10.150405
-12.585328
-2.702444
3.834868
-4.745288
5.060561
-1.780793
-1.040112
-2.137221
10.184747
7.492130
3.572921
8.900874
-3.974825
11.453058
-3.044874
-0.709390
0.932201
-3.659673
6.476664
-3.464159
6.616642
3.372186
9.318218
-3.961177
4.596576
-1.909730
3.683311
2.704378
-2.204993
-0.379694
-0.792349
9.968985
-9.001439
-2.663472
9.958816
0.633430
-0.590613
-9.295012
-9.059896
-9.415064
-1.763820
9.724536
4.675510
-4.656429
-1.466791
-10.724798
-7.783796
-4.361991
-7.454348
4.935933
-4.900086
-11.073278
7.558088
3.289264
6.960972
2.136990
-4.468383
2.367394
-0.955171
3.044578
2.713739
12.141323
8.061349
1.775068
-4.670361
-3.731333
-2.844842
3.143803
-13.995029
13.414719
2.823342
-3.102653
5.497066
8.598227
-7.502038
2.454679
4.205861
-3.190960
2.631451
-4.598830
7.306582
-4.929951
9.806212
11.403383
-1.368422
0.837234
-7.659130
-1.675868
-4.884953
-11.055602
-3.284952
2.722144
12.746366
1.565325
-1.310494
4.582752
-3.972816
-5.435197
0.898559
5.598072
0.753605
2.282741
-5.523373
2.981292
-0.372963
8.979010
8.638128
-6.592631
-7.163490
6.767228
-8.002957
-1.245635
-4.031696
-1.071568
-7.675739
-1.217052
5.149310
-3.884206
9.440554
4.540771
11.145495
-2.405159
9.110097
-2.370760
-0.239406
11.781538
-2.102940
2.905134
0.047646
-1.040483
-6.339948
-1.898033
-4.971888
-1.592794
1.614988
-2.894269
5.533240
-0.525757
-5.401488
0.387274
-1.492280
0.400667
16.851053
2.141893
-0.407919
-3.083078
-1.004075
0.121425
-11.541288
-7.447589
3.800133
-14.509466
-1.378406
-6.813835
2.539095
7.406985
3.685525
-2.014444
10.369602
-7.952861
-2.077310
-2.895976
11.424384
4.021754
-2.181766
6.461786
-14.664862
-2.283195
6.274707
-2.982803
5.772766
10.510632
-1.772995
-12.799483
-1.245159
-15.174582
-4.736961
-7.111066
-7.046628
5.969584
-0.947826
-1.800973
-3.745947
-1.702561
9.706141
4.675830
-8.804577
-3.537242
-2.746933
8.595251
-5.439179
-7.084366
7.135075
-3.777737
3.500671
-5.156144
2.644804
6.884979
0.053830
5.144557
4.574855
2.228685
-0.112145
-21.021410
4.927722
4.381016
1.637436
9.651221
7.202959
-4.826266
-2.213069
-1.619621
5.728386
9.588115
6.016510
-2.326554
-2.267981
6.300167
-2.937824
5.990049
-3.356184
-6.431352
8.939306
14.484164
6.713144
-4.240676
-3.712516
6.668065
4.553998
5.188665
-2.325221
-8.860103
-2.344749
2.661911
5.909575
4.437531
0.690724
0.813149
0.075330
-0.535675
0.913892
-2.314969
0.332121
-4.995618
3.164073
3.008954
10.267927
3.656483
7.568542
-0.665403
0.902046
7.044593
-2.719118
-4.681185
1.967624
9.114224
-1.393025
-11.961047
0.096388
1.413692
-3.982386
-6.789008
-6.897227
-9.837315
2.566226
8.714695
9.421204
4.495651
-8.298038
4.549624
0.578697
-4.515738
8.661781
2.026134
-0.077601
4.316713
2.427888
2.140180
-2.729477
-1.366183
5.145137
-3.219674
-10.199405
8.310139
4.833445
2.510967
6.023435
-0.247726
-3.254130
-4.160427
-5.363566
6.000772
8.220746
6.064691
2.915516
3.588171
5.153050
-10.189054
4.800747
9.366744
-9.128131
-1.334871
-1.743507
2.955054
1.639322
0.227673
3.506489
8.871352
8.997252
6.171602
8.177155
-2.667266
8.322243
2.619408
-5.126170
1.130896
0.358401
-9.076649
8.456999
-6.631519
-4.142368
-2.585031
7.592864
1.559756
-3.119958
6.900534
-5.972450
3.660928
-3.577578
3.100856
-8.743804
-2.673646
-4.235104
-1.379836
-8.096751
-3.652226
7.854908
-3.159573
7.767777
-4.011094
-3.212363
5.981236
-6.567295
-5.732704
-2.195330
1.317855
-1.336648
-12.406820
3.365513
5.483253
13.579036
6.507261
6.789203
0.971817
-8.236978
-1.772873
3.856185
3.413062
-6.100338
-2.971734
5.116926
-1.588332
3.849687
-6.100420
7.214634
-5.639029
0.951906
-6.009732
7.827498
-0.072408
-4.236907
-9.146036
-7.017130
-2.099069
-6.149383
-14.983608
-3.088015
-8.088849
-1.236870
-3.894655
-3.758073
13.710508
5.072157
0.482556
-4.390788
-3.318392
7.925289
1.367927
6.081432
2.870505
2.757222
2.379213
-2.285992
4.957514
1.438743
-5.637403
2.409573
-3.904555
8.095271
2.411865
-1.870331
1.604030
9.476998
4.623886
9.631599
6.849998
9.598251
-8.943220
-2.857795
5.316288
0.141187
-0.557747
-1.437277
-4.348235
7.906621
-2.833822
-6.992646
-0.769527
-6.901067
-5.635273
10.573131
2.884259
5.188388
-2.683134
-4.148972
1.012264
9.602938
1.124844
-7.290936
-5.862305
-6.682326
6.788477
0.421297
10.881039
-0.347467
1.164098
3.884335
0.332357
-4.345731
1.139524
-8.004345
0.669982
0.138722
7.970317
0.357273
-6.526865
5.969101
-2.990090
0.027556
-4.024967
-6.763923
-9.393097
0.931108
13.348870
-1.287151
4.262238
-8.333758
1.721130
1.685843
-1.447939
10.847515
-6.632288
-4.464576
5.858086
6.593277
7.167862
-6.379795
9.022398
-4.089142
0.054006
-7.574177
-5.089087
-7.003970
-11.984113
-6.225926
2.308746
-5.542162
-0.628020
-9.756152
10.287482
-6.626756
-7.438574
-7.166749
-4.741945
-7.773996
-3.967954
-2.614950
-2.305404
-4.194110
9.635597
-4.880809
-7.695126
0.083999
-0.092755
10.028138
3.147932
-3.924308
-0.930360
3.758231
0.670277
6.240247
5.841763
-8.309691
3.967823
-6.101294
-2.364835
5.498239
3.061671
-3.007082
-5.276769
7.737381
-2.656884
7.760619
-0.466104
-3.743949
-3.092927
3.292939
-0.723710
-6.861711
-9.333658
2.299803
6.813209
2.633032
-6.319821
-0.829851
2.275511
3.218405
-6.966257
3.353139
3.098211
4.989370
-3.914235
-5.058924
-2.676209
-3.971667
8.067622
2.220474
2.778664
-6.316091
6.372731
-2.321499
6.126665
2.001279
5.284757
1.097494
1.487031
-11.568394
-5.402092
4.590250
9.362972
-8.191286
-0.577037
7.991614
-2.177132
4.607522
5.458514
-1.342639
1.822389
-4.918862
11.557205
-4.858139
3.739862
-1.895372
-1.259939
16.425467
2.499690
1.310594
12.579268
-3.904509
0.241757
-6.435207
7.395083
4.021952
6.394207
2.100364
7.331113
-3.763000
3.840009
-4.439569
1.391689
-2.950515
3.313343
-1.991950
1.946020
-7.446277
-0.952118
-5.308687
2.917507
-3.400240
10.011785
4.001707
-4.628709
6.072589
-6.879330
-4.853222
6.815222
-10.038830
-6.905326
-4.721294
-5.675292
5.846707
8.194652
4.973193
3.218742
-2.792064
1.346875
-4.524292
12.952887
0.689566
0.853519
12.686213
4.830194
-3.358551
-2.274921
3.392773
1.139660
1.180453
3.869097
2.831326
5.027513
-0.477681
12.076066
-2.077678
3.343024
0.217756
-0.917616
4.438728
10.469687
-4.913180
4.983467
1.573432
-4.192811
-6.906283
1.996406
2.903161
6.478880
1.704633
-13.151736
-2.670123
-4.286566
4.849176
-0.149927
2.103999
-4.506991
3.888386
5.430376
-0.367117
-2.673938
-1.417981
-6.221103
-5.406163
-1.021956
4.033673
-11.420221
5.242958
2.328721
2.495233
-4.594940
2.416073
-7.773759
-0.418753
-3.273858
7.868797
13.359613
4.411184
8.931366
5.600859
-7.079837
-0.391934
1.085361
-3.372919
-6.420595
4.317542
-5.937206
-4.729782
-6.231288
-9.979203
0.151685
4.277268
-4.079629
1.372561
2.002733
12.176727
-5.725458
-8.249223
-1.761965
-1.095464
-10.991954
-8.581300
7.809025
-7.686144
-3.338562
-1.397131
-3.026785
-0.299344
6.554355
15.827747
-4.827791
-1.202922
-6.749950
5.835735
-4.789784
2.799776
-5.680542
-9.201509
-12.135573
6.222914
-2.469706
-6.703814
-0.896845
3.611738
-8.440555
-5.612042
-5.490194
-2.612106
6.253630
-1.265987
-4.425247
2.285276
-5.028766
9.453775
0.953386
7.462641
-2.549393
11.180982
-6.859888
-4.982014
6.317827
-0.822785
-10.070236
4.633410
-4.370594
-0.557002
-0.388447
-6.573153
0.250824
3.352032
-8.337968
-7.830349
-6.202526
2.026350
-15.552752
-16.496325
-0.073087
-4.091045
-0.192445
-6.448586
2.919299
4.455058
8.195587
2.279446
8.274171
9.139388
-3.756227
-7.688262
-11.277534
1.225446
3.073742
-6.305034
-12.898088
2.843668
3.703835
-6.962093
8.033873
2.790774
-7.878292
12.001971
-0.012570
-4.501335
6.405261
9.893978
1.144731
-0.832797
-4.926598
5.602358
-4.155290
-2.444712
5.969514
-4.191520
2.895153
-6.644324
-3.630238
4.488588
5.372459
-2.395149
-0.526198
1.828677
-3.420709
10.901855
-0.125362
-2.768636
0.377206
0.456589
-7.853472
-9.080293
-3.401150
-7.714064
-8.521305
0.956656
3.429284
-7.407690
2.508251
7.022894
-0.165914
-1.110857
-6.052673
-4.103967
5.657746
2.431293
5.491126
1.809999
6.771051
-0.420717
4.042241
-2.574179
2.990887
-0.211790
7.300981
-6.912192
-6.270467
-7.336906
2.334356
-7.655480
3.199660
-12.332076
2.185364
-5.483782
5.097576
-1.847638
-5.480545
-4.952235
3.882704
-5.311294
1.469380
-0.272057
-7.371023
-8.516526
-0.981054
6.778868
0.359802
-3.992275
5.491336
-1.527983
2.473457
-0.985477
0.545935
-0.931372
-4.927821
9.130013
-7.630427
-4.049438
9.865244
-5.041687
0.670489
1.040811
-3.307104
-10.919108
-1.843506
-9.534224
-6.642186
-5.213834
-1.536792
-0.842633
-3.272384
3.797598
3.717129
-1.979473
-5.137805
-9.072062
-5.130299
-7.188706
-7.878621
0.759541
9.918330
6.179365
1.119987
-0.820697
-9.194340
1.064867
6.029412
5.507805
1.317887
9.576246
-3.776902
-5.757563
-4.008067
2.680280
-0.041261
-1.307680
1.087046
-6.445185
-2.186644
-5.779600
2.341646
-3.941961
-6.145185
-12.849939
3.506885
2.026388
-4.598234
-4.435072
-13.124876
2.529693
-4.388203
5.117321
-4.946454
-1.218140
-4.233591
5.375424
-3.485307
0.423055
2.822487
3.406685
5.360710
-3.056940
6.655505
1.657326
-7.196403
5.467376
7.997819
1.725937
8.197248
-4.629679
5.419037
-3.684954
1.962720
4.350460
-0.394194
-8.549546
-3.735173
6.196638
7.092440
-1.450531
-14.736941
3.415146
-5.836953
6.877908
4.337026
-4.258251
5.449127
-1.672777
-4.620043
-11.334233
-3.419288
-7.853362
-0.325917
5.472277
3.130512
10.243700
-1.870219
4.051939
0.083899
-4.732331
0.094580
6.167708
-3.205768
3.600766
4.780558
-1.119306
-7.571011
4.932087
-7.193290
1.373900
3.239094
-5.519068
-2.813190
-2.549355
6.768808
4.058527
-3.384677
-2.286763
3.607840
-0.556502
-5.477715
1.584832
4.480819
-0.209597
0.324495
-6.573163
-2.436302
2.195033
-3.974266
-11.342742
2.631560
-6.610179
7.076117
10.044020
4.451878
6.387639
-5.377890
-1.706130
4.046097
-6.118597
0.453030
-9.192931
-6.913995
-1.876956
-2.381971
-9.310349
4.694094
5.411143
-6.808262
2.758880
3.061023
6.591543
-4.754047
4.158265
-3.078548
-4.981530
-2.653029
-0.800164
-1.401006
-3.895222
1.127110
-11.869964
-10.609260
6.747002
-2.740571
9.893698
-1.266179
1.735995
-1.342327
2.800403
-1.329819
-2.799103
-2.439383
6.677271
-0.127655
-12.255742
6.066067
3.640947
3.923335
1.892114
2.673209
0.479150
6.004694
-2.891051
-2.685295
-6.468043
1.454342
-1.137769
-4.987290
-14.185754
-11.562692
-3.067710
-2.172094
-5.730499
-6.639164
-0.457091
0.953247
5.106195
8.703136
5.939007
2.677161
-2.301803
-1.042061
0.078029
4.594730
1.387901
-15.160085
1.187254
6.830281
-3.980187
3.541451
-9.166099
-1.038702
2.213840
1.128240
1.413864
-6.830661
3.535890
1.000547
2.197658
-1.966110
0.857153
-2.025593
2.805380
-1.306936
-5.953517
0.609118
6.734462
-3.945944
-2.849826
9.076402
6.377137
4.884958
5.946124
0.752515
0.612313
3.503395
-4.279534
5.064556
0.101415
9.561477
1.459062
-3.140496
-0.027183
-10.150138
1.879155
-7.143368
5.913745
-2.876595
2.978321
8.842081
-2.818187
-3.878427
4.670261
7.662374
-11.231618
-6.402332
4.572478
4.780643
3.323356
-2.904704
-8.892306
-3.201406
7.892001
0.673863
-9.837646
3.502833
-1.183801
-4.267268
-1.940367
7.380481
2.194628
-0.905001
-6.416720
4.983202
-3.422761
8.145392
-0.889834
-1.863837
1.196949
7.852089
-6.523602
1.771829
2.536185
6.775970
2.254338
-5.371503
-3.278517
7.161977
-3.114724
-3.585986
8.136744
-6.427102
-1.173647
1.274826
4.578021
-8.637183
2.238962
-4.799741
4.839733
3.251393
-6.107306
4.243876
-1.675800
1.496116
-3.163480
-3.192442
4.158117
-6.420768
-1.688548
-2.487146
4.309790
5.909586
1.367782
-4.018941
-3.334157
1.876484
1.651906
-5.594859
8.424358
-6.723567
-7.316581
-0.611674
4.079849
-1.818007
6.139783
-8.874835
-0.698517
5.041666
0.545245
-4.808263
-3.341022
-3.290315
6.251788
-6.868824
4.327713
10.377565
-8.195516
-6.504179
-8.282138
4.917370
-8.856959
1.063503
6.370042
0.915284
-4.791017
-3.891182
8.927114
-3.306545
-1.991615
0.730217
0.166267
2.386564
-7.549728
-1.147917
1.166299
-4.913566
7.026897
-1.742796
-2.801079
-14.731445
-2.847348
0.303443
-1.870392
-9.456671
-7.535747
-1.746780
2.269356
4.202664
1.710678
-5.077837
8.344580
0.064326
-6.961205
3.349830
-7.162752
6.689933
-11.020392
1.888030
1.612127
-6.869220
-6.531583
-6.343883
-6.075649
-1.159303
-3.775506
-5.253012
8.744761
3.909483
0.344267
-6.894380
-4.145822
7.888255
3.200365
-8.245691
4.248304
3.143944
-3.802572
-1.173233
2.228031
-4.583970
-0.728086
0.166282
-6.346210
-11.679006
0.681056
3.470638
-2.211420
-2.635914
2.110011
1.293568
-5.040287
5.457882
-0.975406
8.454024
-0.344249
9.280699
12.007474
5.657454
9.395651
3.994247
-6.921299
-4.116176
4.919848
-3.257682
8.972417
-2.712287
-1.654254
-11.952040
1.464513
9.961293
-3.015713
1.154389
-0.322684
-9.974311
-0.665052
-2.801010
6.235619
-3.381627
-2.132641
-0.190447
-6.028398
-7.375500
-3.764202
-5.550744
7.839271
-2.457644
5.520583
-0.419146
-3.729273
-9.508548
-8.309156
-5.170928
-4.126930
-1.332202
7.133320
11.367577
-6.201899
-2.599345
-0.238902
0.645886
-13.379118
2.226201
1.897206
-2.462961
-4.731975
-1.945002
-6.938165
-2.198195
5.928806
6.119320
1.794461
16.445477
5.190944
-11.967237
-5.263866
-4.797905
-7.534149
4.842993
5.487055
2.690988
-4.988342
-9.001858
2.116025
0.748540
2.144842
-0.582175
-0.259433
8.691029
2.570669
-8.042628
-5.059555
3.603855
-0.940804
-4.753438
1.071126
-4.260149
3.621074
-3.539795
8.655111
0.341046
-0.433592
11.263734
1.146986
6.883337
5.637911
6.131354
-0.157276
-0.801769
7.651217
4.474840
1.217930
4.292099
-1.970642
-2.383557
6.876864
-0.434178
-3.948595
2.335096
-7.068270
5.238396
6.490507
11.465038
-0.722997
-5.258268
7.299823
4.780705
-0.742772
-9.198174
3.552551
-2.896849
-5.315040
5.457147
2.609294
6.809950
6.848687
0.617918
-4.251728
1.707149
0.410826
-2.901292
-2.863302
-1.028169
-7.815756
-7.855383
2.100413
-2.531154
-4.140804
-0.926345
4.121038
7.805598
-9.555164
4.701206
8.339895
-2.697707
-1.242415
2.945058
-0.690927
-1.202822
-11.581954
2.365301
-8.125488
7.826303
-10.980268
9.090358
-3.250196
4.213911
-7.843041
5.725866
-11.537786
5.850103
7.826604
-2.939441
-4.204025
11.805512
2.296899
7.628811
0.012559
-8.155144
2.442844
-12.593365
-6.569864
6.538732
4.810744
-5.401726
1.800775
4.926202
-7.936388
-2.330197
-4.166492
-7.120518
-7.624880
-6.765158
3.875359
-5.733589
7.951998
8.443644
-7.533835
-1.630847
0.760950
-8.571078
3.323593
0.856874
6.561564
-1.514421
-1.727896
4.030931
-12.292582
2.467027
8.274905
4.712771
-3.176441
6.648345
-7.649353
4.177795
5.597749
-9.794957
2.478319
0.287389
-3.264087
-3.811393
-1.021473
2.695208
-0.813954
-3.399843
0.545153
0.087196
2.912998
-14.201273
-6.929648
0.998846
-8.789752
3.206868
-5.227607
7.221101
3.001839
1.113473
2.020052
8.354860
-2.882030
6.900092
0.297062
7.008820
-3.784827
5.570887
-8.833873
6.462472
-0.579828
2.617272
-10.788014
0.024198
-3.329980
-1.793390
-15.834384
-2.747622
7.042624
-7.781815
1.318109
6.634769
8.520020
-2.366664
-5.759148
-0.242806
0.505294
9.524136
4.156369
-6.971561
-10.992047
4.410975
-5.201549
11.073297
-1.456663
-0.847390
5.149907
0.171191
-2.305069
-4.830212
-6.848591
2.128035
2.305836
6.221653
-2.020680
1.853821
7.091434
-9.468663
-4.097787
0.927383
5.156378
-8.028874
9.738659
-0.534540
-4.233185
3.733811
-3.537340
-3.671879
-0.682656
1.422240
2.708420
-4.562999
-5.006991
11.289588
-7.196715
6.188126
-0.642304
1.804014
0.774309
-0.181482
-10.514586
1.726817
-3.198087
-5.567086
1.147439
0.598907
5.614075
-5.651799
-2.419762
4.813582
-8.895958
1.486905
4.586859
2.122090
-1.322371
-4.308955
6.080046
-6.164101
-5.315487
-2.095315
3.765310
3.811998
-1.080424
6.631500
-1.877313
-5.492228
3.542694
1.185384
3.095786
2.382941
-5.603119
2.215452
3.583740
-2.212735
5.728342
2.622723
1.277742
-3.080709
-11.639974
-1.225777
7.897878
9.306475
-0.327900
-4.628594
-10.775422
7.803565
7.375911
8.331244
-10.478346
-5.799609
-7.493022
2.087583
3.385596
-0.585644
4.391924
-0.005548
-0.295946
2.620013
0.639098
-12.072938
3.841383
-9.918178
3.783684
5.029961
-2.444022
6.401975
7.119897
-11.261323
0.083790
-4.308754
1.735588
2.548805
-3.216856
-5.813218
-0.481250
-3.845985
7.881319
1.634537
-4.539533
0.271505
-10.009791
-7.886720
-2.349210
-12.370925
-12.210516
-3.513634
-11.695054
-5.612398
0.091954
2.442016
-7.184100
10.689559
-1.210200
0.362121
-8.102940
-4.115351
5.015564
4.712998
-0.427294
-6.872077
-5.125833
5.760839
5.032947
3.737908
-0.618518
-6.866423
4.873632
-0.635684
-7.852880
4.583477
-2.529796
-9.595017
-7.377375
3.472688
-0.877277
4.550130
-9.252340
1.512437
1.631166
-5.232744
2.266333
2.954373
3.022115
3.041881
8.839620
1.074858
-5.520077
-4.090013
-7.775849
-3.405890
-3.057884
-4.739074
9.265211
10.603909
16.343910
4.427064
5.876941
1.123528
-12.858835
-2.534461
-1.033114
-2.216218
-1.798875
6.225913
1.617095
-5.689853
1.066644
-0.184967
1.869094
14.125443
-3.204870
-8.404391
7.511290
-3.701000
-4.204490
-2.223698
-3.787022
1.181493
-7.743812
-13.323719
4.750494
-7.713311
-3.878896
10.890583
-5.286795
5.696121
-0.156176
0.153366
-1.813801
-15.809200
2.862710
3.334918
8.178480
10.838086
5.443470
3.042228
3.383645
2.061836
-7.099456
-11.007041
-6.808449
-4.293334
4.147381
0.166493
6.084109
6.003544
3.977983
-6.875594
4.517460
5.541261
5.518413
-2.262389
7.967878
-5.866030
-12.695147
10.604577
-7.667060
-9.015908
11.662779
4.832558
7.346879
-4.843798
7.286661
-8.296602
0.788213
-1.781502
-10.295039
-4.928839
1.277547
7.803214
9.423884
6.223838
1.977513
7.653739
-2.920723
-0.741206
-4.010866
6.892135
1.917097
2.816630
-0.735003
3.913362
-4.359476
7.472195
-8.580209
10.033513
3.060706
10.284116
-8.385365
-11.045877
-5.903744
-8.988369
1.815041
-3.471197
-2.857085
-1.513066
-5.572105
13.046282
-6.576577
-8.897678
1.038046
8.068061
-9.244165
3.081836
7.344900
6.341361
-6.726913
-2.596966
9.154731
-0.923152
10.338163
5.669492
2.035855
-1.528493
-0.461730
-4.252986
-6.643536
-1.133219
-6.803195
-1.381177
2.002867
-9.739169
4.780945
-3.244813
7.645463
-14.968431
-9.978177
-9.730300
-3.090840
1.139919
-6.110830
-1.616973
1.899326
-1.992612
7.335275
-1.841609
1.401572
-5.533314
-5.319880
1.049167
-6.700784
-3.119951
0.075729
7.352810
4.047614
0.204800
-3.221375
6.652222
4.179122
-6.018528
4.324202
3.689530
0.393595
-6.661991
-1.941038
-0.515102
8.025758
1.011407
-0.766976
-1.306669
0.839772
-6.583838
-6.016101
4.494328
-5.355127
-5.275465
7.794787
-1.123088
8.840508
-0.358367
3.493388
-2.458734
-10.011431
1.291568
-5.338615
2.808916
-12.711500
7.452100
-6.275370
2.398669
-1.743795
-5.629629
2.464098
7.491825
-3.855247
-4.863765
-9.498460
-3.166498
10.433544
-3.977217
-8.298225
-4.141499
0.695342
-10.145075
3.649102
5.229178
-0.753873
0.751409
1.090102
-3.985482
-3.409940
-3.910851
5.873317
-4.994114
4.495762
3.993534
3.667464
-0.768352
-0.928671
-6.941864
-0.187715
9.425925
-7.401884
2.687245
-0.612810
1.279016
-7.468319
5.492391
-5.097564
5.633204
7.032948
-4.908132
-3.423943
5.795275
-4.403680
2.855835
-1.228318
4.125706
5.912564
-2.075652
-4.656137
-11.947496
2.212206
-2.252757
-3.259719
0.994562
-2.268714
5.905428
3.796733
-1.943261
4.198003
-3.285084
3.312023
-4.491326
7.123982
7.875153
10.976288
-6.697976
1.262376
5.604246
4.477427
-2.235976
4.502148
4.545924
10.145515
-3.299569
-4.199225
7.014991
-6.751897
-2.951051
-3.897626
4.256425
2.480222
-7.147316
5.782382
-2.350279
5.302781
-6.227995
1.619400
2.296421
4.395397
5.564879
6.399807
-3.152914
0.029027
-5.752273
5.868171
-3.466278
4.068141
-3.807505
-6.404656
3.129828
4.128441
6.070705
-3.267153
-8.928994
-5.191365
10.856695
7.441905
0.161365
-0.290245
-0.265550
-3.167625
1.994012
3.957771
-4.583330
2.440639
2.604994
8.380001
8.524259
-3.092457
9.159353
9.574510
-3.389902
5.757086
-0.872224
-0.721930
8.117467
-3.354938
-1.125738
-8.826333
6.748738
6.929178
1.085094
-5.607522
0.867100
9.098808
7.906846
-7.588539
2.339570
5.339904
-1.219666
2.786217
-4.248094
5.573349
3.983390
4.041707
1.728650
5.496677
-5.273499
8.639921
2.391741
5.520557
2.027490
8.161444
6.795108
-13.206897
3.391045
-7.259485
-5.495207
6.196545
0.185858
2.616523
7.335706
-4.512892
7.423112
-7.938216
-5.120629
6.119823
7.375202
-0.496308
6.998796
-0.876224
9.127546
2.906404
0.356307
5.583727
-11.825560
-9.173153
3.580022
7.442307
2.797513
-3.876898
-10.183881
-2.415210
-4.702812
-3.231461
6.922520
-6.120633
6.153150
-5.556120
13.641444
-3.527770
3.472783
5.671531
2.375135
-2.577812
5.409515
-4.608262
-1.060530
-2.627928
-1.363165
-9.070523
7.575900
-5.923396
-0.870644
5.819897
-0.349731
-6.381055
0.463608
2.326513
-4.834153
-1.994912
-9.414583
0.271604
6.340448
-1.836695
1.795712
-3.080351
0.371518
-0.855817
-7.947443
-2.466401
-4.617208
-3.982968
-5.218527
11.199102
-5.077536
-1.431911
0.167963
3.128345
-1.244136
6.421869
-4.237816
1.256673
2.761679
1.408674
7.666003
3.448516
3.020048
1.242786
-6.734494
-0.900962
-10.566375
-3.474658
-1.633615
-3.024963
-2.664166
5.966183
-4.380580
5.275596
4.084290
0.020102
6.009387
-8.885854
6.607404
4.780463
5.162053
-5.166414
-3.756532
3.016341
5.950396
-1.580363
-6.740472
2.781175
-5.112810
-0.909866
-2.016753
-3.782674
9.267790
-9.617196
-0.913232
3.033578
-6.629418
3.567203
-2.759325
1.149150
-7.150509
2.037376
2.966112
-1.941424
3.145591
-2.063977
6.850024
1.549408
-2.292134
-2.952294
0.571743
-2.518791
1.618761
2.493618
-0.132415
3.234215
-1.282877
-0.877473
-9.764654
3.876372
-3.249546
9.491124
-2.221269
-9.538380
7.524574
3.993179
0.042277
-1.897571
-6.207957
4.073053
7.746629
-3.407202
6.003527
-3.242352
-6.116140
1.092368
1.616544
-0.169679
-6.316103
4.224833
-6.614188
0.296999
3.133473
0.061514
0.819685
-9.760690
1.040239
7.255085
2.947937
-3.185746
-1.583234
-9.915630
-1.791665
-0.495811
2.130693
-5.609691
8.170760
-8.143933
-2.543956
-8.826551
-9.537794
2.551557
0.735994
1.452083
-1.516384
2.871799
-7.125072
-6.577766
5.060140
2.479421
-6.064063
2.477752
-5.228920
-15.211290
6.996893
8.782086
1.991352
-0.512081
-7.388467
8.149099
-5.171926
1.751057
3.843112
9.728477
-2.982952
1.842252
6.290748
-1.263495
-5.437303
2.491280
-11.478498
-0.086248
5.148179
-2.592401
-1.065758
8.381414
7.796579
4.236073
11.399353
1.190232
-4.223929
6.998317
3.368613
1.696638
-0.633396
-7.239817
11.130310
-3.172234
-3.832978
-3.874016
-7.607226
4.772430
5.760357
-12.440601
0.486935
-2.274465
4.587023
10.033249
-1.050427
7.637224
-0.833586
-14.306777
7.944253
-1.312149
-1.116732
-5.192346
-4.410250
-2.291742
9.963086
6.914307
3.888182
2.439928
-0.998760
-0.766245
-4.513929
-1.175695
13.788735
-9.578004
-6.061773
-0.496817
-0.218024
0.723354
-0.397569
-8.264987
1.042009
-0.419076
1.604542
5.018734
7.454087
0.955290
12.580702
1.688101
4.045256
-7.114088
-13.381553
-1.878750
-4.530457
-6.403970
0.113472
2.207064
5.652541
1.138013
-6.122784
-7.470725
6.607234
0.191120
0.167961
1.914213
2.877906
5.789475
-4.933904
-2.589578
-0.794310
9.799527
-8.003166
0.225694
1.498810
0.497787
3.977999
-8.411409
4.145348
5.446918
-0.009126
-5.466303
3.212134
2.024901
6.233790
4.167272
1.808318
9.988414
4.779824
8.001840
-9.855446
-3.547922
-8.909075
9.412394
-2.311179
2.082059
-1.729769
-2.898226
3.007603
-5.824275
0.642602
0.233529
3.827248
-2.875351
-4.611342
0.229864
-4.905368
-5.811820
-7.623869
-0.566094
7.165568
6.373363
4.013241
4.678177
14.139740
-6.645616
10.023125
8.113871
2.191378
7.817798
-3.565654
8.615461
1.867703
-2.213989
-11.780358
4.133874
-10.629312
-4.493341
-4.012957
7.805459
1.235440
-5.580259
-2.139189
1.411857
4.111943
-0.615712
-5.818927
0.854884
2.014378
-7.735254
3.244971
8.881773
-11.429793
-6.642717
5.453756
-1.243418
-9.215899
0.896784
-2.851946
-1.220798
5.407826
12.162238
-0.150232
-11.409294
-3.297972
-5.926265
2.085874
-5.526743
3.866446
-1.797657
7.089365
-1.948090
4.176951
5.897863
1.610970
-2.558702
2.916229
5.079907
4.046999
2.787678
-0.896655
0.416920
-4.389637
3.251806
-8.141103
2.765365
3.811168
0.526535
6.126521
11.070047
-6.226113
3.784822
-3.056335
-6.559147
4.852523
-0.232245
-3.457744
-6.418529
-8.367656
11.738279
2.656471
0.962840
3.459458
6.146353
-0.702942
-5.007466
-6.357778
-3.430164
0.697069
1.157890
-6.242747
13.641261
1.643268
15.261383
-2.613983
1.761866
-0.290104
-7.096561
5.158900
-2.249894
-8.509950
-2.655316
-0.249895
-7.462728
-1.688478
-5.152373
-4.605498
-0.246876
-7.006201
6.357171
-10.014002
-4.268711
-9.301208
-6.542437
3.502972
-12.097016
-6.422199
-1.805128
-6.727148
7.873800
-5.481194
4.265898
8.316423
1.247427
2.399364
9.036224
-10.282662
0.458997
-12.713911
3.866928
-3.493694
7.627975
11.384207
7.843997
-5.535270
-0.753693
0.508586
-3.690704
2.501211
9.043363
-0.194735
-2.699126
7.772372
3.958586
-10.761765
7.232495
2.841328
-6.441493
-3.102500
-1.088680
-6.110712
3.982613
-3.247735
-15.948960
7.051604
-6.810734
-8.722213
7.417973
2.052594
1.105977
-3.255300
-7.120200
-7.840965
5.648720
-9.219389
-11.047050
6.863818
1.371822
6.424335
-0.176823
-1.028707
-8.273387
11.520357
-5.563995
1.055161
8.009617
2.273088
7.062284
7.376399
-8.670219
3.110887
-4.580067
-5.303290
-5.941512
7.828725
-3.909025
7.546601
-1.651565
-2.310860
-0.738201
0.103735
-1.666369
-8.625236
-6.973162
3.354677
3.144566
3.708429
-2.861985
-11.049603
0.670213
5.974221
-13.595894
1.700918
6.290359
6.383875
4.558470
-6.607880
8.010120
8.466487
5.217513
-3.624753
2.136776
5.618303
-5.563445
-7.799946
3.528663
-6.097271
-11.252480
-1.629740
4.537735
3.468015
-2.013929
3.982016
-3.500137
-1.098240
-9.607965
8.477791
-4.916605
4.876099
-8.994913
2.493730
2.757682
8.596774
-0.940903
6.875995
-6.397106
2.824469
2.080770
0.032734
-0.497808
0.495980
-1.060663
-5.942989
0.398215
-6.440832
-14.211535
-4.985951
10.548955
0.451257
-12.143781
-4.322002
0.364397
-13.660909
-3.419324
1.192660
8.989758
4.717291
3.697819
-7.675371
9.621147
-13.112391
0.499064
-5.838560
3.598168
-10.818147
-6.460081
5.855756
-0.932574
-1.838883
-0.282538
8.672951
-6.418072
2.931324
-6.513482
-1.547635
-6.098590
-0.097131
-7.474606
-1.268075
-5.704494
-2.986074
6.697106
1.650596
-10.458733
4.197196
7.765785
1.712589
-14.881414
5.297822
-0.401287
-6.278780
4.309745
8.913243
4.888766
3.377169
-2.396545
-4.631848
-1.527821
-6.554743
6.095988
1.594608
4.948305
6.842576
10.502447
6.846720
-11.715221
9.549202
4.720327
5.575403
0.367674
8.792474
6.952466
-6.597611
-10.146036
1.187917
-2.177918
-13.575397
8.657109
-0.153301
-6.365709
13.368163
0.688466
4.753799
0.938319
-4.956468
-4.697947
-4.111722
-6.914978
0.719773
2.238703
3.143423
-1.339697
5.264482
-5.990764
-5.121025
-6.857271
10.700525
-4.778494
3.046652
2.182463
2.407892
-6.450633
2.091935
9.554742
-6.874751
6.970263
4.859557
1.321564
1.814503
-4.981362
2.988219
1.362155
1.031694
1.173389
1.352234
-0.705793
-6.707720
18.518105
4.641781
-2.466736
-1.439260
6.343589
3.240361
-3.282214
-4.298044
-8.458390
0.128758
12.202053
-3.113024
0.364046
2.317800
10.552298
-4.969347
-3.977231
-0.698335
-4.774620
-3.332007
-2.273230
-0.305892
-2.892565
-3.039840
4.507682
3.398373
-6.147650
-2.241544
9.653201
1.170641
1.105422
8.352541
5.242629
4.205720
2.756556
-4.279649
-4.117473
-1.846427
4.515124
-5.151020
0.016012
1.998097
2.146946
-1.550725
2.352351
-4.197366
4.056954
-11.926337
5.815352
4.123418
-2.967722
7.903642
10.348413
7.514599
-1.059662
-9.313995
-3.577225
4.613946
-0.273544
1.317395
-6.881915
-3.541042
-2.475641
0.756827
-4.413020
-4.851868
-3.121217
1.488784
8.538746
-8.457385
-5.506797
3.444977
1.421967
0.719250
-9.422615
-2.902342
-5.190543
-2.567062
4.571312
3.115571
-20.046627
3.755518
6.774563
3.158662
-9.938288
-7.446093
7.489159
-12.868388
0.957376
1.818568
-5.451267
-8.770386
7.032780
2.357445
8.376720
1.670104
4.685206
-9.523829
-2.871205
-4.086502
-6.545067
-2.756006
-5.564152
-0.825391
7.832302
-6.867176
-5.681879
2.017951
1.628204
3.694871
-13.304060
2.303451
2.384176
-7.465476
-12.876912
-8.342602
-4.488875
-3.282570
-7.216691
-3.537707
-6.302299
-3.200070
-6.919598
-3.660702
-7.610485
3.070453
5.841176
-5.973044
1.565170
9.589863
-0.853776
-7.576621
4.372796
-7.163591
5.888328
-0.539385
-0.444316
3.713684
3.104011
2.610031
4.252182
-3.417036
4.889698
11.771017
3.566620
2.179529
12.821769
-6.042105
-7.482650
-2.451593
-1.514876
-5.129432
5.181204
2.543769
-9.470460
-1.299113
-1.150236
9.885352
1.580620
5.041734
4.598353
3.467947
-2.291461
-1.654467
2.088652
0.030008
0.564491
1.675682
3.917116
2.948422
1.770092
-7.290864
-8.283705
-4.797655
6.952620
-0.683633
-4.757206
2.044818
10.121967
4.219242
-3.478585
3.131576
-8.229147
4.268100
4.286353
10.097306
-5.461039
5.670604
11.276906
-6.837817
3.756965
-6.305600
-3.173562
-0.010564
3.259685
5.645131
5.392764
8.587297
7.024695
-0.085520
-2.835049
1.723660
-0.714631
-0.704319
0.511872
6.872758
6.750460
-3.412656
-0.208639
-4.706002
-8.897858
-3.076205
-6.623507
4.590729
3.495017
-17.479582
-16.285646
-2.202856
5.880783
9.419063
5.144196
6.140175
-4.199309
9.648263
-2.770829
-3.456831
7.956356
1.853750
-9.156816
4.348719
6.084294
-4.897669
4.756511
-9.340028
1.398670
-5.554375
-1.713675
-2.106229
1.615002
-2.791654
1.534074
8.120182
-6.523118
-8.604710
-4.969179
-10.243910
0.778548
6.513421
-0.520009
-1.237194
6.703439
1.166817
-8.290640
6.642861
0.304069
-0.739114
4.497538
0.565263
-5.623841
-2.111514
8.918480
3.183419
-2.299528
-8.190197
-1.630273
-3.963597
-8.591560
-3.348845
2.068866
4.187076
-1.647046
2.866468
13.873961
5.511169
-4.458415
1.515579
-3.684589
4.958532
4.836004
4.121450
3.819582
1.234183
-10.858017
-2.274388
0.855762
-10.934051
-3.902812
-12.620667
4.269855
1.043639
-0.237311
6.104565
0.904710
2.796399
5.851334
7.920571
10.473251
-0.942651
0.729340
1.622362
-2.293886
-1.337257
-7.291952
3.503525
-0.870186
3.312629
1.748570
1.783059
-1.270710
-0.798115
2.938466
-0.033002
-6.209126
1.832780
-4.923661
0.984087
4.089216
8.556541
-4.934061
1.607208
-3.895316
9.564174
10.740638
6.504597
-2.675049
2.273601
-0.416393
-7.210656
3.089131
-0.797401
-5.120417
1.125931
-4.234723
7.390283
3.358293
-2.184191
5.756487
-2.349008
6.574481
1.329633
-2.591870
-6.962428
5.279905
1.024620
6.862897
-0.483601
-5.492965
0.768556
0.568044
-3.631611
0.247714
-3.471685
-1.966516
-4.295246
0.573904
-2.070706
-2.097315
-3.265886
-11.010816
0.158644
4.775096
-1.203734
-5.370568
-3.517995
3.901681
6.241469
-8.400518
-6.623055
3.712258
-0.915644
1.007344
3.077229
10.270005
6.276778
7.551019
5.343321
-4.515856
-2.815817
5.892147
-1.278783
1.706547
7.862676
6.204504
-0.733649
-10.651432
5.284514
11.409251
0.218401
0.449117
-6.403948
5.485663
-4.168605
-8.329777
1.856121
16.003887
-8.211746
-3.314970
-8.354860
-3.217511
4.608618
3.587012
-6.397116
-7.589036
5.500583
-1.963038
-5.230286
-0.517228
-9.050649
-1.727734
1.319154
4.892930
0.290189
1.207338
6.856952
7.733232
5.072110
-10.546030
-3.105871
3.540601
-0.545670
-7.644619
-0.202464
-2.230191
0.626202
-12.666124
-3.196941
2.044311
6.211933
2.099414
0.365314
-8.065880
-6.079710
2.940453
-5.189620
-7.394601
1.586437
9.249011
10.090350
6.540642
1.544027
4.410088
-1.300352
-4.470648
1.175282
6.346737
3.934058
-0.337724
-3.660456
-6.852341
-0.808067
3.915390
0.860590
0.328576
1.712834
7.073313
-2.391534
-4.713069
-0.217288
5.087231
0.525435
-7.337880
-3.035934
-2.493302
1.912922
2.899766
9.259931
-2.990038
5.370161
-4.590693
3.740726
-2.683096
-1.398002
-5.553257
6.714901
-4.191848
5.440227
-1.347653
-3.018058
1.582228
-10.117747
-9.660692
1.576021
6.855442
-7.558212
4.896170
3.260354
5.710623
7.998841
3.900749
2.070356
3.704995
-4.196198
-3.239445
2.649964
-2.676463
9.394800
-1.771628
-6.937345
-1.017974
-7.374176
-8.343533
6.307055
-2.888918
0.561700
-4.209743
-8.208607
0.420257
4.344032
-8.412953
-2.671940
1.135791
2.479827
3.184372
4.489943
6.195557
-6.259819
-7.765825
-5.002665
-3.496113
-1.791939
-9.654243
1.048947
-3.724827
-0.469878
-0.238390
2.896477
2.335489
-12.684430
-5.414403
6.568372
9.007469
-1.857633
6.072839
-0.270792
-1.452941
2.877441
-11.546167
6.449311
2.972343
1.190500
-1.184677
2.197085
-4.972329
3.792858
0.256033
1.558639
-4.044586
1.192851
1.303731
5.539839
-8.741715
-1.863457
-8.983185
3.710069
5.938739
-13.100434
-8.470083
-2.978740
-6.175487
1.691279
-6.688383
-7.098074
-6.523810
3.107570
-2.489538
3.595723
-1.936620
-0.844226
-4.008194
-0.551089
5.646679
-3.051656
2.934341
-3.679840
-9.204782
-6.940216
5.497389
-4.344888
4.429877
0.553457
4.649713
3.667501
-4.359710
0.252269
-1.782754
4.000063
-6.754584
-5.162368
-4.374499
-0.728274
7.822219
-3.914460
-9.621384
-6.248816
0.962090
-0.024310
3.374262
-2.367280
-6.833327
-13.493041
3.472697
0.367249
-2.875988
-7.601975
-7.985133
-4.259930
9.289559
-4.332267
5.474523
5.678484
-10.474834
3.222208
-9.094097
4.698266
-3.076677
-5.002197
4.328754
0.596428
-5.754427
9.159887
-2.720894
-6.826764
2.906149
-2.954189
11.359597
0.185173
-4.135938
3.215266
-0.402488
-0.982264
-2.674489
-1.805827
2.386319
0.076942
1.504670
-14.997582
5.306726
-12.811456
10.031867
-1.275166
-1.068109
5.805721
-6.166399
-6.429078
1.426307
-3.510488
0.224186
-2.925836
0.416816
6.586674
-3.338039
1.220364
-0.869801
-0.744791
-12.882877
-3.261883
12.467485
-2.303064
0.390548
4.800568
-9.003374
3.790851
3.582054
1.857191
2.443267
1.159964
1.575146
4.672958
4.236490
-9.885744
8.374111
5.650360
-2.939976
-3.808787
-1.407536
-4.134394
0.815752
3.627371
-4.686116
8.558191
-7.665242
4.598169
-1.027446
-0.084119
4.984600
-0.965656
-5.395509
-4.263539
-0.607606
-0.246581
2.861009
6.690236
-7.902820
1.177889
10.312976
-0.985993
3.221275
-2.650253
-1.209585
-0.007072
-3.493512
0.301104
1.170364
-6.848479
0.677539
-1.261016
-1.267643
7.244704
-1.384470
6.990793
-0.275753
1.714444
2.126452
-6.934326
2.017162
0.657564
-3.248539
-12.342165
9.208514
1.508795
-0.262484
-5.894279
-7.760666
9.001438
7.313394
0.361474
-2.979967
-5.678889
0.568838
-5.546728
1.204115
-11.267537
4.857133
5.944216
-0.318687
-1.938844
-2.259275
7.656636
-1.930556
-2.224160
1.793123
6.062885
-4.573492
-1.723620
-0.061401
-5.525484
9.188202
-0.163504
-1.146917
0.085396
4.182031
-4.351334
-4.821884
-1.438692
-6.625368
3.535731
6.896578
-6.006073
0.814424
4.630207
-0.506626
-2.861784
9.611916
7.666225
6.060590
0.959971
1.817075
-2.623874
-5.617251
4.466808
10.198037
-3.481950
2.926652
-5.319214
7.128310
-4.714770
1.367032
-4.704779
11.120458
-2.377399
5.889850
0.641009
-7.890996
0.720329
-3.793139
4.068159
1.655503
4.320030
-5.126011
6.004384
2.651727
-13.657073
8.402555
-6.686023
10.521165
4.500317
2.377927
-1.830956
0.824106
0.491564
6.165577
-1.488612
8.249196
-0.685246
4.631694
4.223765
5.369595
9.637261
-5.714844
-3.692205
1.251697
0.869122
-11.929615
6.760924
-2.823170
-5.099113
3.698514
-10.039633
8.824272
6.062148
6.915645
-0.176754
-5.021080
6.542028
3.991471
-2.503682
-5.649795
-3.335625
4.196696
-9.481340
10.786604
9.301200
-0.247159
-2.987167
-7.388410
5.165151
-5.092593
3.134809
-4.973081
-3.306143
5.031188
-3.313333
-4.032999
-1.462951
-11.519490
-0.212384
-0.837746
-2.424864
-0.351218
1.681596
3.489826
-5.537883
4.182890
-0.913751
2.711571
-13.556530
-1.382573
-1.292791
2.059380
1.390877
-1.219741
-0.296287
6.396776
5.112833
4.002344
-4.348440
-0.562393
-2.288107
3.378509
-3.918731
-2.687370
2.341786
-11.272702
-4.882897
7.711506
7.232145
3.616072
0.626130
-5.922132
5.904778
5.072813
6.499878
-7.434719
1.706233
-2.509640
-2.017171
-0.194549
-3.965327
-3.428707
3.905627
6.054364
-7.370765
-2.641190
0.139198
8.075491
8.686811
10.604348
3.701993
-8.394947
0.477397
1.716066
3.062472
-2.330759
-7.317165
-2.304019
13.747465
-4.802250
-3.265318
6.917036
-18.588049
4.081207
-11.912921
-3.165481
6.709949
6.970338
-0.433163
4.371302
-0.131129
-6.128148
-4.113575
8.494000
7.599182
7.224455
8.765898
-0.826731
5.462097
-0.309286
3.218261
0.507615
-5.502218
1.642701
-1.475571
4.313394
-10.919781
-4.209569
11.230916
-6.343221
-5.707355
-2.217130
-7.449852
-2.549192
-2.283960
5.775030
-2.785804
3.835519
-8.270988
-0.656704
-6.725397
13.949941
-3.209321
3.779772
6.170629
-9.858618
14.126863
-4.370795
1.251496
7.124619
-1.441098
-10.420813
7.713876
-2.106445
3.788818
-0.591231
-1.005385
-2.983096
-4.626885
-0.795962
4.824398
-9.104506
1.758619
1.024169
1.413131
1.457215
14.773285
-7.405178
5.292210
0.310090
-9.997956
0.489539
-2.206841
3.599507
7.457620
7.775253
-9.772231
-2.476774
1.424035
-3.683878
9.783652
7.449977
-7.417983
4.608294
9.162886
2.513587
-0.797220
-3.150196
0.332202
9.965339
-5.827247
1.084700
-12.570992
5.615440
5.412881
-4.192303
6.148242
-12.020464
-1.257740
-2.763800
2.549453
-2.829858
-1.667267
3.100170
7.644746
8.883944
1.030924
-12.168428
-6.830976
-10.497894
-7.008400
6.794919
7.256624
7.742510
-3.812973
-5.549006
1.528389
-2.981110
-9.869244
-9.318247
-6.872200
-0.867752
-2.973188
1.085268
3.311306
2.094933
-3.231852
-5.509592
-0.761592
-10.740223
1.911104
4.917000
13.651956
2.393955
-0.044559
-5.117447
-0.568988
-6.344485
-6.853075
7.014793
3.014674
0.476910
-1.175467
-2.298750
-9.843282
5.636781
4.212106
3.153700
-1.348849
8.349661
5.000893
3.499519
3.186583
-2.579498
6.346497
-1.780807
2.898772
0.305207
-2.864461
5.121924
1.723772
9.088819
-2.391850
2.994527
-0.908432
3.903595
-0.844016
1.503929
-9.564197
5.629312
-7.692169
11.228072
8.020751
-3.731989
1.091877
-0.120689
-5.789270
-15.282892
-3.209619
4.937819
-6.944828
-0.716000
-6.018043
-6.496622
-10.676067
-4.194120
0.523075
0.482041
-3.881746
-5.184059
-12.392478
-0.067956
1.774677
4.601718
7.333093
2.832085
-4.247502
-9.041333
-10.366540
5.089445
4.038542
-0.386712
-3.029322
-0.363255
8.839106
7.952667
1.165451
-8.788498
-11.471974
5.402428
2.686687
4.668714
-2.241648
-5.100870
-4.837409
3.727735
6.726113
4.282148
-11.800379
-4.385465
-4.878352
10.870250
4.030503
-5.266675
-4.578536
0.542884
-6.045447
9.213314
-0.287408
-6.839244
-2.418738
-4.452095
0.967330
-2.918074
0.169065
-3.087469
2.424876
9.635544
5.195851
-4.328746
2.183882
-9.607147
-3.618973
6.327088
-4.121521
0.877009
-6.078015
-6.112820
8.442266
2.292649
5.249324
5.232996
6.780272
5.996843
-3.830106
9.507858
8.177555
2.074891
5.631823
-3.537054
1.987009
1.365234
6.846053
-7.159939
5.340773
6.752759
7.866567
2.376027
-2.669062
2.129603
-9.267368
3.073653
-17.332418
0.106558
8.404200
-15.540848
-4.136754
-6.973649
8.366041
-1.240256
2.096069
-0.723827
-5.114072
5.735469
11.607640
-3.966233
-2.344989
5.019385
0.106906
-0.893728
-5.340946
5.850384
2.597982
4.412157
-0.401900
-1.507768
-7.154666
-5.204923
9.494034
-6.981062
7.692522
0.995594
-2.579706
-7.025082
-7.210667
-8.560783
-6.498178
1.213415
10.388425
2.280549
2.078819
-7.089152
-5.731699
-9.761385
2.657677
-10.015724
-0.091577
-6.142705
-5.333482
-4.969103
1.154683
1.503434
0.100529
-3.876023
1.100851
-0.217744
-0.613917
1.156632
2.047089
-7.282658
-7.558332
-0.172149
-0.272826
4.356539
2.049106
-9.754590
-10.783597
9.673503
5.399742
-1.340242
-4.019642
1.504272
6.119648
-3.251699
-10.550975
-1.230110
6.183545
5.708445
0.568291
-7.648846
-4.706236
2.827994
6.938051
6.741184
4.415843
-1.094706
-7.837328
-7.274271
-10.917520
-1.081328
-7.172666
0.246269
-4.147830
6.412174
12.322552
6.749961
8.802832
4.787909
-2.443312
4.507275
0.165988
2.755645
-18.430727
0.921522
0.989357
-7.702181
-6.076641
-3.494694
6.184141
-3.805197
-6.420795
-6.449357
-0.626614
7.044779
-8.555372
4.442704
-10.755645
-12.151360
-8.319637
-0.301472
-16.309792
-2.687095
1.902211
-4.176039
4.320970
-0.935974
-2.989628
7.520449
-7.790488
-9.704125
-5.785448
7.527069
-0.968948
2.252251
-2.101045
6.933058
-2.261243
9.777341
8.759677
-6.307473
3.931809
-4.714294
3.934036
2.371558
1.824603
0.217633
2.098814
-2.510196
-2.929249
2.031081
-4.591465
1.757213
-2.915358
6.922058
-6.846877
-8.856280
-4.434235
0.192497
3.386472
1.547732
6.937375
2.602125
0.015749
6.924330
4.268553
-1.411438
-7.831673
-2.227457
3.620169
8.831092
0.093992
2.924888
9.561851
-5.597292
9.100504
2.912153
-3.236830
-9.275905
-2.402719
1.610844
-6.531734
-1.838242
-2.111138
4.050078
-5.367643
0.342966
1.046324
2.993887
11.873341
3.077072
-8.134656
0.326414
-5.740705
0.407345
-13.382831
-0.660836
8.791063
6.051870
6.063787
-0.481419
-5.772058
-13.321349
3.882579
-0.873099
1.232101
6.821869
-6.574024
6.428478
3.850289
10.945856
4.261472
-3.022850
-1.653840
2.135574
-2.300513
5.921315
-5.637939
-10.958432
-1.139813
-4.054638
11.488355
-11.643599
-6.475732
-8.114352
-1.619763
-9.465654
-12.010640
-9.346352
-5.312467
-4.627652
-0.838919
3.100976
-6.955428
-7.475921
3.257625
-2.691177
4.952160
7.788547
-3.567261
1.463692
-2.449849
4.911870
-6.931168
7.398251
2.071957
-4.238885
-0.283401
-4.950805
-0.057897
-4.062002
4.558992
-1.337023
-2.046931
2.633774
-12.773087
1.361036
3.389847
-4.163067
-2.799583
-5.258362
8.710581
-3.544357
-9.103187
-7.154449
-6.223769
3.602447
-5.628241
-7.659968
-3.915755
6.342041
-3.228876
6.751617
7.418632
9.428662
-4.699699
3.647057
1.888147
2.214227
-0.234269
4.384081
14.436176
3.350823
-1.306180
-0.801361
3.676943
-2.075699
-0.662857
-11.692266
-7.210616
-10.883008
7.574906
5.328724
5.405280
0.858480
1.041793
-0.252031
-5.920614
-0.172962
5.750968
-9.903644
-7.345150
-9.993999
-13.989096
-0.687995
-3.296561
2.785239
8.124445
5.437194
-4.142068
5.923841
-1.932386
11.019349
11.156312
-2.097847
5.369265
11.605435
0.580563
-3.205414
7.104552
-0.852211
6.707335
3.220984
13.330108
-6.260378
6.557242
4.270544
-9.752643
2.637319
0.051149
2.301041
-5.526920
6.285534
-6.400796
0.349579
7.453553
0.215845
-3.382329
7.114437
3.321687
-1.906325
8.272240
-1.977531
-5.787821
-11.433970
-3.688010
4.111273
-2.666623
-5.063272
3.875759
4.675154
-2.385465
-0.537146
-7.886130
4.638062
-3.389979
1.547584
-2.342684
-5.602152
1.623114
-0.564719
-6.242191
-4.473010
1.413468
3.021801
-1.002477
5.919137
1.087152
7.521933
-6.703485
3.460166
-8.943871
-6.765813
-2.078035
-3.751877
3.076097
0.331612
-13.285149
3.370598
-3.954796
3.880608
0.772118
-0.962738
-2.536897
-10.295241
-6.141600
2.116357
-2.161103
2.829448
1.440011
5.553468
6.644109
-2.038593
-6.223946
-4.050876
2.085832
4.243605
-1.002084
8.636978
0.195705
-4.254895
5.759241
-2.871602
-5.889718
-0.794609
4.424227
-5.832472
-0.861865
0.725778
3.808101
-2.639487
-7.115643
-4.846098
-3.451544
12.189591
-1.590344
-6.968319
-8.931280
-11.058666
10.137531
5.252506
-14.301156
-1.959962
12.192056
-9.667708
5.245018
-6.782391
-4.353035
-2.873266
-9.324714
2.820065
2.298029
5.807348
0.607927
2.628123
3.450260
4.740342
-2.266982
-4.026212
8.338453
4.978024
-6.241078
-3.096989
6.304746
-10.955407
5.725081
-4.546369
-9.911693
-8.394697
-1.761987
-13.141180
5.305474
-5.290380
4.063847
4.860887
-5.199796
-5.951479
5.045924
-5.002171
-10.863649
-7.493484
4.315696
3.419486
6.513795
-4.722706
5.180590
-7.560194
1.020594
0.029144
0.886413
-1.632048
-2.099810
-2.904837
-0.571941
-0.508308
5.900733
-3.865473
5.869704
-5.546837
7.722960
5.620258
6.418756
-2.367760
0.385760
7.020595
3.307978
0.106922
-0.498137
5.257102
4.650669
-2.826835
4.538145
-5.586707
2.265913
0.558080
-1.520874
-2.624611
-3.628888
0.387923
4.560833
-4.904152
-7.000576
-1.515706
1.156401
-3.811028
-1.865606
-7.104000
-3.422699
0.292310
2.826939
5.391813
9.839375
-5.161688
-4.193011
-8.258816
-1.971331
-9.045691
-0.889201
-4.656364
1.007924
-1.878052
-7.825764
-3.083272
-7.560744
6.337924
0.884862
-5.491795
-10.674483
-7.385480
1.627790
2.669224
2.791688
0.133781
5.285001
0.770620
4.457108
-13.846205
6.896848
3.003424
-5.205244
14.512026
-7.633296
3.677623
-2.692255
-5.516148
-2.804645
8.340154
4.202273
6.611969
-3.973056
1.517087
0.667727
3.692946
-6.473478
7.064465
-6.712810
-4.073954
-1.222767
8.568391
-1.306054
9.213686
0.994803
4.369878
-3.085009
1.984986
-7.902734
-0.777606
8.632733
-1.370475
4.258972
-0.483588
-5.338438
-4.319773
-3.363020
7.312715
9.010843
3.224138
-2.327554
3.743336
10.682949
6.613365
8.831270
0.501214
0.559712
-7.648013
-7.241628
-1.094772
-6.508674
3.741141
1.610892
-5.167435
7.057568
-0.131656
1.447741
6.578708
-5.577870
-0.409730
-11.335877
-7.718816
-0.219512
-3.017992
1.385819
-2.710817
-3.345377
-7.384176
3.478829
13.909263
10.034868
-4.345462
3.560238
-10.783822
3.784173
7.706820
8.336280
0.982128
12.443769
0.610443
-2.662217
-9.033115
5.719130
-8.815262
-1.562862
-0.052099
3.856586
5.516630
-2.933102
-4.592835
-5.799640
-2.914272
4.771308
-8.091198
-5.518546
11.869442
-5.305110
0.721451
0.408948
-3.606643
1.625759
-0.937303
-6.327763
-6.613350
-2.120815
-2.252807
7.077132
5.592850
-9.142059
6.276146
2.442187
-9.492603
0.686045
0.194294
-10.479935
2.015632
-5.611932
1.691760
9.807413
0.368630
3.596518
5.262273
6.448092
0.404374
8.017777
2.341859
-4.133582
2.925573
-1.398987
-4.109402
-0.385503
3.835535
-2.217997
-0.312628
7.696384
-10.640060
1.861694
-2.563739
8.984181
-3.299871
-4.152126
2.911218
-5.381854
3.316733
-0.430372
4.565775
-5.306150
-4.583200
-4.820667
-5.544638
12.626550
-6.699632
-2.142832
2.659653
5.500833
6.265868
-8.761255
-9.536376
-7.100163
6.721774
-5.140275
-4.408153
-6.038668
1.292701
4.643976
-1.056154
-6.593860
4.827000
-6.885288
3.469707
0.128568
1.516083
3.451266
-5.246770
-4.505877
8.623456
-5.582078
6.021062
4.750444
-4.622433
6.530994
4.829399
-7.830973
7.067980
-3.171655
3.021334
4.801852
-1.809472
3.596286
1.243866
-2.544874
-11.600467
-4.916865
6.483376
5.805212
6.191769
-3.784547
7.389803
-2.517709
6.137787
-3.892095
4.622757
0.855675
7.893045
1.656332
3.473547
1.002472
-3.677880
-6.798716
-6.774972
0.713591
3.366494
2.429006
2.127330
2.496752
8.377296
-5.880862
4.451506
-8.770981
-4.178231
-0.774059
9.854588
-3.462123
1.504743
-0.177211
8.186595
-7.610952
-1.514980
7.451118
5.939784
-1.690402
-11.252935
-9.999396
3.464104
4.720988
9.301638
-7.987937
4.493770
6.578030
4.339450
-1.503031
6.115321
4.716717
8.116497
4.629637
-0.705153
-8.229813
2.304318
4.493737
-4.840875
-5.193659
-6.163982
6.847440
-7.711506
-2.550126
1.611996
2.310616
1.524595
2.548757
-6.973523
7.241616
-2.700358
3.489832
3.187093
-4.545729
1.990785
4.623058
8.797279
-7.239033
-0.085492
8.451234
-1.875616
4.840906
-11.685781
4.877758
-8.307649
-10.666018
4.327650
3.066969
4.135235
2.469561
-0.124691
3.026922
2.029626
1.172326
-4.070621
-5.942546
-8.105233
2.988123
2.436938
-2.181376
-5.590233
-0.008767
5.917020
-5.133615
-1.097030
1.087965
-3.384758
8.796155
-1.505703
-4.448266
5.839874
-6.223236
1.363683
3.420688
-0.473109
-3.693922
2.937699
3.585109
-2.734828
7.849664
-0.367711
5.864346
4.322556
1.449858
5.453699
-3.148443
2.587307
4.777311
-0.202157
10.237377
-4.672274
-4.685532
0.615917
8.513862
-1.773515
-6.596153
6.762259
-2.831979
-0.846925
7.261770
-11.076550
8.419269
-4.333182
-16.507734
-8.729979
-2.219762
-5.058146
8.748536
0.967719
-1.942364
-1.149880
-8.760689
-12.637968
-5.352126
4.940547
1.096902
-1.854911
1.179682
3.011382
4.200691
3.218342
-6.371809
7.032794
7.628510
8.932188
2.542874
3.123211
9.446043
3.840017
3.640336
-2.706156
2.146817
-6.394334
-2.649826
-7.655688
3.753668
1.878417
0.111061
-1.689164
-5.895085
-6.316786
4.626620
-3.315470
-9.547359
4.031580
-0.898175
8.198549
-8.644882
-6.325273
-5.569753
5.483141
0.820476
2.348582
4.306917
-0.334269
-5.105745
-3.476458
3.871737
-3.304277
8.032274
-1.039352
7.310747
7.991091
-2.245613
6.237098
-1.134368
0.455050
-5.298141
4.155786
2.805868
9.177027
-1.784126
-3.205483
-1.527156
1.407797
-2.230119
-0.318854
-5.237761
3.073104
-2.492773
-3.216728
4.812138
6.686864
8.589938
-0.326308
-4.282786
-1.185052
2.389297
7.621824
-6.255430
-5.311327
-4.040301
5.802118
-8.426473
-4.625495
7.874230
2.095910
6.083972
-2.674624
-6.542241
3.168022
5.742674
7.559520
-1.044695
-3.474149
2.894927
2.189199
-1.895485
3.462706
3.443685
9.667366
-1.631685
0.804815
-1.824928
1.530367
-7.270926
-6.584143
0.776667
6.884791
-7.498272
-4.320514
9.032109
-2.230013
2.776326
8.174634
0.328627
-9.838850
-8.608084
0.283535
-7.447830
-2.392531
7.377223
-3.678725
3.230048
-11.282350
-3.432956
-8.937731
4.087947
-5.407340
0.285950
-0.183917
-6.990649
1.527573
1.659469
2.073720
-7.707152
-0.113714
-3.923706
-15.191312
6.111975
6.040002
-1.142969
-0.016378
-5.546636
-2.419612
-13.462358
-7.487106
4.371805
1.747416
1.421482
-0.639229
1.453923
3.603647
12.456237
-1.556939
4.103689
-1.935865
-0.366407
-5.590423
-0.383676
10.560115
5.035599
9.639747
1.881008
-9.170334
-4.597412
-7.809803
-0.314318
-0.414632
2.053742
-2.719252
-13.103489
4.743790
1.023365
-7.225979
-8.562112
-12.710783
-6.258043
1.404928
-6.991213
-5.239949
-6.262619
-3.828108
0.940008
1.460561
8.459921
-5.965194
7.163179
-0.583904
10.501894
0.905177
-4.522328
-5.707549
2.280660
7.239777
-4.178757
-10.642538
6.056392
-0.673119
-14.275150
1.110633
-8.782016
-7.108180
8.980254
-3.592262
-0.277338
5.137394
-6.346189
2.996441
-8.827419
-4.115415
-4.804778
5.176560
9.167530
1.796782
3.172757
3.159265
3.436226
2.437618
2.738523
-1.120218
0.864440
-0.560595
-13.632662
1.266725
7.816701
-4.970146
0.783150
9.726855
2.389799
-7.532390
-2.392347
-5.033190
3.673626
-1.300017
-1.687527
-7.774104
7.652380
-0.889891
-0.031128
-3.304779
6.486816
-1.959296
-9.805554
-5.760635
0.353689
1.917047
2.063370
0.138525
2.542700
-6.577785
9.021434
-0.231091
0.441560
-4.536073
-3.838745
-6.418137
0.694433
3.230179
4.755128
-3.521909
5.016536
-2.460150
2.648198
-0.434248
2.240275
6.815172
4.349946
0.765864
4.574900
2.579212
-6.168348
3.025670
8.219988
7.058682
-2.987317
7.748693
8.504014
-4.809887
2.154654
12.769817
-3.159794
6.924367
-4.822171
-11.864941
3.709323
-9.899836
-2.325365
-7.385443
-2.174470
-2.179895
-6.601408
-9.731288
-4.082765
4.892432
-5.044117
0.660358
-1.623277
-4.496151
-1.292706
2.857208
0.964137
2.702188
1.358718
-8.589457
-1.589950
-3.178620
1.696932
6.337717
1.477261
-6.991580
-14.689399
-1.161924
-2.716953
11.637034
3.053167
-0.332228
3.733178
-3.591081
8.841564
-11.209581
5.692843
-3.321112
-5.056481
-5.952161
9.874226
-10.100616
0.648433
4.219953
-3.180216
1.049224
3.144698
-7.244309
-7.467512
-8.977886
1.675760
-3.377310
-11.411016
5.299561
-5.808692
0.389039
-2.397520
-4.729755
-4.648851
-4.809815
-4.189578
-1.901319
-2.352824
2.553000
-1.584723
-1.473839
6.339568
4.651853
2.773786
-9.926353
-2.019188
-1.628839
5.967804
2.901597
-0.694031
2.927964
2.328496
0.137902
-0.541596
-7.537011
3.093984
-5.486663
-1.223962
6.540055
4.977611
8.312869
9.277964
-0.942287
-2.750688
-12.489365
-3.522701
-2.068220
-11.490206
7.633903
13.670856
-2.732824
-2.359986
-2.401709
6.457786
10.295742
-9.255847
1.134028
-1.059205
2.821626
-5.467927
2.750843
9.085881
2.536617
-5.158075
-2.185290
3.972558
11.224405
1.903402
-9.775890
2.659351
-4.778662
10.277503
9.063956
4.481244
-5.489563
8.554783
-0.351007
8.603419
6.278389
-5.843727
-8.771140
-1.683743
8.314842
-2.210440
-6.806747
3.721826
2.527439
1.257347
-5.785009
-8.935560
1.303447
-11.727398
-1.795302
5.077678
-4.503280
0.694157
4.109482
-2.673052
10.665284
-7.316012
-9.251486
1.378120
-4.628970
-0.241731
-0.336758
9.075030
1.717727
3.066685
13.812642
3.288193
6.836510
-1.800391
1.003953
-3.086054
4.335516
-0.254718
8.454130
1.822182
10.258138
-5.058594
-7.793576
-6.026775
1.315364
8.989210
-3.214820
-0.495115
-2.717831
-4.584569
-9.734381
-1.552259
-10.105025
8.521674
-6.117521
-1.573174
-3.173557
3.311881
-16.401140
-3.795766
-1.237306
2.343025
-7.260902
-9.109982
-0.424837
16.501047
-3.524349
5.670187
1.125175
-5.711242
-0.422659
3.387652
7.496934
-11.137560
8.192653
-12.467474
5.292106
-7.242043
4.862346
5.743761
5.670138
-7.019605
2.706151
5.322067
4.064938
4.797168
-6.737018
6.128633
3.804965
4.545748
1.770691
2.712883
3.052520
-8.593164
-1.243687
-14.484730
-2.113307
-9.646667
-5.458630
-3.380358
-9.275921
-3.479959
10.412884
-4.591668
-4.843848
-6.468811
3.003874
6.721817
4.306824
2.589510
6.933869
7.978989
-1.769514
-2.242190
-1.723186
-8.211621
-0.116326
3.099914
5.001619
4.120807
-6.579979
1.850022
-2.225652
-0.344394
5.924212
-2.051200
-6.753300
-6.820828
0.496175
-5.095968
-7.749834
0.279606
-1.849221
-1.074919
0.560042
-1.634581
-8.216640
6.068995
6.970223
6.343466
5.345604
-4.400780
1.328715
0.502837
5.731947
-2.303076
0.058071
9.750821
-5.891670
6.265139
-6.364447
3.066553
-4.936440
7.329506
-0.771236
-7.275333
-8.470140
-0.259977
-9.192065
6.839959
-4.582671
-8.840654
-9.169561
4.071768
-4.135733
1.204619
1.938174
4.829676
-7.238584
2.333134
-9.456308
7.153352
4.113353
0.210624
1.871328
0.896778
8.451416
-4.326842
0.123064
-0.348317
5.739212
-3.930019
6.931479
2.890280
-2.187068
-2.903360
-6.698613
5.615893
-4.671603
-7.941942
1.455502
-4.536964
-3.580361
3.585916
2.070305
5.499407
-5.124063
-3.739099
5.012026
-11.384061
1.995300
-7.438275
2.334215
1.594897
-0.225708
9.812317
-8.381431
-1.671827
-0.441402
2.445125
-0.003175
0.771253
-9.635757
-2.063039
9.802079
0.782041
9.267985
2.499214
-5.781110
5.663227
2.374415
-4.064601
-2.820992
-4.521742
2.322412
-2.703174
-2.156518
0.253540
2.260654
-2.022599
1.277744
0.277265
1.075403
5.639044
-2.185759
2.182642
-3.391955
-10.731485
-2.540509
8.075763
-0.946662
1.449148
4.271130
-9.100024
-1.317955
-0.638313
-5.416097
7.734977
-2.959254
-10.751731
-3.280895
-4.355804
2.584311
2.975798
-0.616584
-8.909456
-4.866199
-5.121375
4.475311
3.299221
1.905659
-5.937873
-9.002780
5.787660
-1.773243
-5.690359
5.542144
4.715448
-3.384328
-1.040805
-9.715499
0.143652
0.462706
-5.977191
7.060714
0.127238
-1.258865
3.100761
-6.957488
-5.796698
-5.956946
-0.897719
-0.944471
6.100369
-5.846347
0.901404
1.025954
4.558780
-3.459599
-4.538724
-5.855234
3.539363
2.153989
-4.870315
4.530312
-8.111565
2.866273
-1.492531
0.612907
4.866294
0.335461
-8.260201
1.637711
6.102121
4.847691
-5.122582
-5.976433
-0.128761
3.592225
0.147498
-3.288440
5.629542
-5.577418
-11.058883
2.416701
-0.810685
4.285002
7.042585
-5.617523
-9.514939
6.640318
-2.792892
-4.082088
2.893385
-1.137550
-5.941932
0.282294
3.176990
0.545411
-2.729549
8.812064
11.289412
6.587669
-0.511200
2.967222
0.145272
3.154873
7.226971
-2.850322
11.252357
-5.321058
-2.633724
0.780167
-8.704296
1.742181
-5.405262
-14.711989
-3.645333
-1.061855
6.516493
-0.654217
4.296684
4.938869
10.757602
-11.319717
-6.441108
7.904860
-1.467633
3.194248
-2.882808
-2.172888
-9.573175
-9.109329
5.999210
-6.193753
1.751476
-6.485106
4.980208
2.073234
-2.606877
5.811238
0.190735
5.873185
-0.753568
-0.751009
-8.750339
4.194760
-7.850456
-5.692278
-7.156856
-6.194767
7.093376
-4.885268
1.787735
-2.960005
-8.032343
-1.691808
9.429530
-5.396320
4.733616
2.154035
-6.715210
4.623851
-2.247130
-8.432699
-2.333843
-0.746008
1.160380
2.740459
6.714065
-5.976185
-5.305614
-8.628067
0.081864
-1.786809
-1.934374
-1.227326
5.049082
-2.713786
3.281678
-6.181158
3.015212
9.767198
-2.407702
-8.937776
8.073189
3.153383
3.866584
-4.526598
7.202043
11.573442
2.330225
3.150827
-2.307064
0.206021
-3.745241
-4.537562
-2.980271
-4.181919
-0.851468
3.470765
-7.502311
5.762826
-1.306794
-0.351715
-3.564628
1.367052
3.075723
-1.943081
-4.035858
-6.606384
2.683328
-5.818994
-3.087876
9.091129
-5.525280
3.484254
-7.983552
-9.846914
0.541565
3.155083
3.781898
-7.064844
2.712538
1.255031
1.053153
5.819890
-9.843738
-8.237037
-5.105463
0.633668
-4.744467
-6.998985
-9.054828
-1.701450
-3.550401
2.525428
4.593501
-4.669425
2.494802
9.144855
-7.275427
-2.578814
6.788831
-0.595860
-6.664570
-8.419678
-3.686536
-0.612832
-5.281631
6.076406
7.218899
-2.361411
-4.089324
-2.434949
1.700527
7.581205
6.707854
-4.071479
2.621381
-3.012892
-3.172229
-2.116546
2.427865
1.314874
3.860615
-1.246212
0.760343
-10.695895
-5.675537
5.735856
-1.144185
-8.765185
-1.382646
0.110672
-9.271852
-7.285377
-1.819179
-2.755726
-2.410805
7.309238
-1.052589
8.109276
-18.163914
-3.285124
-5.238280
-5.739282
-1.775993
-4.068135
-7.428711
-3.466190
1.858614
-13.260423
-11.718809
-3.351600
-2.686563
6.223198
5.335603
-1.462099
2.319722
-6.336408
3.693942
0.392757
8.160357
-1.577789
1.850716
-0.435034
-4.686968
12.244972
-2.300169
1.579545
-5.863430
-10.059382
1.422120
-3.675319
15.930464
-0.247826
-8.061653
-8.615629
0.964208
-0.851598
0.463447
3.912531
2.839309
-5.477028
-3.501725
13.188661
-0.302203
1.999716
1.334958
0.221968
7.581500
6.732716
10.466598
-2.705185
-10.117823
0.682594
-2.695945
4.119441
-6.787208
6.733406
4.878767
5.707035
4.385798
-4.472561
5.232948
-2.071590
-8.734025
-5.057095
-7.603296
-9.057663
3.490625
-5.091623
-8.497448
-10.530593
6.071463
-5.316576
3.192374
-12.490239
-2.111673
-6.881988
-8.167599
-10.779398
-8.660895
-6.080377
6.856688
3.190094
4.646756
-7.682694
-5.728133
-3.574963
5.869759
-0.950555
2.781706
3.136725
-2.498068
-5.657829
-6.096797
-6.070507
4.360100
5.895294
-3.034820
-10.631859
-6.626065
0.250260
-2.307423
-1.391830
-0.296314
9.259491
3.829592
-2.052659
-5.387897
2.002336
-1.710379
-2.491621
-2.728883
-7.724455
-9.475101
-2.224518
2.365621
9.061501
5.877133
-1.392337
0.371398
-0.351709
-5.038221
1.248054
3.474832
6.686072
-7.385201
10.429466
-10.500283
-7.444895
4.257596
4.609482
0.405001
8.187662
3.293842
-2.626235
11.593403
-8.306495
7.461648
-0.752395
8.027838
-16.880867
-10.384296
-7.874052
-5.875212
-3.198220
5.919001
-6.699072
-3.972015
9.741461
6.240551
-4.274795
-3.083523
-7.600384
-9.080710
-4.977704
-2.116933
4.905477
-9.322783
-8.297279
-1.188996
-1.726827
3.885817
3.174791
-11.423676
12.798099
2.519197
-6.280897
-1.329171
5.192723
4.663436
2.077557
6.014427
-8.615757
-3.576806
-1.361032
4.675401
15.726575
-2.288449
-9.038470
1.616252
-8.962930
4.126029
-6.021270
12.305229
-4.891012
0.656857
3.751742
-5.136097
4.003632
-10.426589
-5.656506
-7.788137
-4.476429
1.023080
-2.793378
0.842104
-7.579113
6.315739
0.937961
6.098802
8.176012
4.066325
-2.135165
3.945997
5.246822
6.183081
-8.285565
7.730100
-8.126489
1.838312
-1.058098
5.298855
3.414726
0.403414
-7.695295
7.713653
10.424530
-5.717587
2.281155
-2.518143
-0.189110
4.708226
6.697877
-10.953975
-2.542906
5.738107
-2.586272
-7.609643
-0.820822
-10.646544
1.265537
-10.777846
-4.002563
-8.550008
-0.666762
1.722084
-10.688970
-12.110704
-8.763646
3.783702
1.695135
-0.638714
6.565212
-2.965195
-4.398975
5.623137
-3.827238
-8.465397
-9.826045
4.553251
1.950132
-6.128973
1.998639
-6.414807
1.419926
6.548402
-3.356512
3.184794
1.245809
5.018959
5.354692
-12.526578
-5.333158
2.574399
-2.291848
-2.991128
0.732075
12.953798
-4.148581
-1.186971
-9.102854
0.234968
-5.785849
-2.096215
-11.107605
8.020103
16.656986
-1.014562
-2.758062
-3.199247
-6.827470
-1.379508
8.274433
1.701454
-6.586503
6.555340
-3.713300
-3.290911
5.533805
8.064447
1.970732
-3.430910
2.392431
-4.942890
-2.120790
3.783964
-2.047618
2.246094
9.431239
-2.538877
5.915761
3.748840
12.105009
-3.558526
-12.069742
-10.922927
-4.028206
-6.391389
3.145664
-4.939349
-4.341984
-5.354331
-2.086934
-16.901880
-0.390522
-5.103299
0.312194
-0.588737
-6.304215
2.773008
-3.704300
-10.586476
-0.558328
-3.776430
4.853714
-1.603667
-2.979965
-2.108964
-8.105884
7.178493
-5.649310
1.862714
-6.922789
-5.252120
-4.894235
-1.240767
-5.095032
0.775385
4.456807
-4.538311
-2.612213
-2.152261
9.649485
7.248389
5.154102
4.276893
-5.183812
-6.238070
5.023167
8.681787
-1.245585
5.530483
-7.555846
-3.891252
-5.214071
-1.688960
-4.572965
0.401099
7.452892
-6.044829
-0.680568
4.274059
0.100558
-0.179605
-2.934623
2.063895
-3.495175
-5.475790
3.127742
-7.770744
5.130673
5.723802
-9.574669
-1.380688
-0.072786
5.347371
-6.975966
7.467149
-9.241735
-3.452530
-4.247407
-6.307564
-1.163485
3.003887
-2.330166
-2.923722
0.336498
-10.265875
4.121975
0.377939
6.365644
6.540641
-10.048701
-6.121071
1.435325
-0.144509
1.242658
3.212969
3.095177
3.488944
-5.702894
6.842824
7.020962
1.158689
-5.536164
-3.249707
-2.294195
2.742258
2.125189
2.393076
-8.073206
6.016749
-7.561892
-1.757938
4.013100
4.129849
7.331670
-9.726540
-6.253173
-2.335866
3.081252
3.663730
3.156024
-2.284797
-10.228152
2.479697
5.755734
-1.956932
3.258260
14.237663
-5.028886
5.974196
0.674693
-5.148303
5.007277
5.561435
5.798014
0.957586
-3.449630
0.151329
-4.972830
1.280733
-11.707466
7.453309
1.626549
4.147904
2.866379
-0.131401
-7.289425
-3.019195
-0.136300
-3.927878
-1.194207
-4.641695
-4.343829
0.650319
-7.850430
2.055265
-2.925543
-3.957214
-4.614969
-6.211084
-5.875148
-3.167107
-4.729819
5.231155
-0.496183
5.229118
15.637409
-4.268632
-0.602348
-4.854867
-6.461196
-1.604115
2.435092
2.892970
-9.114979
-1.402558
-8.117861
6.866419
-0.579841
4.005915
0.164552
2.941641
1.255852
2.677007
5.656000
3.221697
2.670518
-5.692407
7.493537
3.613833
6.838357
-0.932700
7.089184
3.042918
2.887753
-6.447515
0.753088
-7.707277
7.017994
-1.487148
-4.771906
-10.037874
-4.664763
2.846810
2.677079
-5.250234
1.612502
4.449188
3.818956
4.059026
-2.325557
7.526556
8.270160
3.982023
4.278294
-1.049768
-1.764969
-1.592978
-9.487431
-3.002428
7.394647
-8.144062
-9.357168
-3.806522
1.257110
1.769122
-2.355800
2.758811
8.171560
-8.093314
-0.689064
8.540328
0.589376
1.132586
9.232441
4.057548
3.375432
2.155150
-2.351124
-3.812681
5.225043
0.857877
3.312031
2.461358
-8.555164
7.391030
-2.769804
-4.820562
7.771072
4.186114
7.244285
5.035526
0.376619
-4.974816
3.981112
-1.143536
-7.452484
2.260646
10.503691
0.407726
-10.801794
-0.084230
5.231163
1.948045
-1.376007
-9.805257
-6.832938
3.938660
3.711579
-0.249697
-6.975146
-8.519263
-8.380857
3.231875
-1.541854
9.164658
5.227850
-7.426027
-5.442308
-0.184129
-9.050854
5.665770
-1.052107
9.976589
2.652052
5.692074
-6.629867
6.904330
-10.194126
7.474347
7.509828
5.895953
2.559457
6.506096
-7.536557
-0.101295
10.634586
-1.590549
-8.800690
-5.216148
1.018940
4.279699
-12.398773
-4.848036
-6.497571
-12.522887
-4.665463
-3.416478
6.397579
-0.342576
-6.942915
4.095980
-4.583509
11.097939
3.386233
5.240334
1.154642
-0.115787
-3.341959
2.517080
7.330948
3.702761
6.178814
-7.089871
1.320066
9.358379
-5.119672
-5.267942
4.421263
-1.844236
-2.218702
-5.860611
-0.358855
3.707832
0.812751
1.632227
5.075121
6.671002
10.228671
-3.873461
0.339863
-0.916108
11.254919
6.009899
2.024108
-2.361831
-8.117538
-4.576385
3.713010
-5.738147
-0.243543
-2.178633
-7.181453
3.348819
-0.291208
7.030750
-5.882745
3.812864
4.364780
1.583845
7.435938
4.267558
3.216348
-2.770875
7.626178
-4.689336
-1.144718
9.212856
0.758315
1.082123
4.017818
2.001330
13.753284
-0.798472
6.212331
4.172287
1.915568
-0.307414
1.292754
-2.109536
7.269790
-1.356222
5.289294
-1.769124
-2.971199
-1.312338
-9.539158
-7.798801
-6.915524
3.367819
-4.506283
4.367734
-0.229748
1.359307
5.805856
-6.149635
0.260928
8.701163
-3.492486
7.990509
-4.831864
2.875054
-6.982629
3.221550
-3.783949
1.910088
-8.155759
-0.765304
-2.645165
-3.218242
5.985932
4.917398
3.654685
-5.301608
-11.944301
-1.606652
-8.146475
-8.507195
-1.787344
-3.772891
-0.605140
7.374162
3.116512
-2.874779
-4.639346
-4.114224
0.542523
-7.229136
-9.835091
-7.679615
5.613164
-9.860622
0.696074
8.479268
3.077681
9.550223
-3.650257
2.429207
-13.060212
-7.805084
-0.140341
-0.821052
8.162117
3.160562
-7.889849
-4.971372
7.823863
-0.855654
-10.676011
0.677516
-3.426815
6.393370
5.535222
3.633038
0.377393
-1.053807
0.082970
-8.447386
4.034000
-1.876791
-1.704469
-3.855865
1.372470
8.143303
11.045934
-11.581011
-2.534407
2.873218
0.800771
-2.215243
-7.441474
1.669866
-10.144205
5.524546
-7.214504
-5.004699
6.142798
4.831613
-6.269079
-0.678353
-9.452604
-2.205105
6.592457
0.006152
-4.342915
2.889699
1.507871
-3.087801
-8.236488
-3.019395
8.157283
6.584185
2.092698
-2.654602
-8.152602
6.991479
6.085413
5.148274
-1.231020
3.995784
-8.367801
-1.847952
-4.567815
-3.957479
-7.963755
-8.383389
-4.521993
9.642424
1.506628
-1.572549
2.154204
-5.048720
3.386316
4.082006
-4.806720
2.697884
0.754424
-9.000078
3.350363
1.895144
0.131409
3.977764
3.582528
-12.989551
3.946617
3.276100
-2.523307
-1.240298
1.742822
-2.826269
-5.612365
-2.586336
-7.610137
-5.603576
4.098856
12.232981
-4.060419
-4.435456
-1.474511
-5.329443
1.576547
-6.886249
-7.029236
-0.046799
8.598761
0.698099
-1.306606
2.276319
0.837356
0.713722
16.377359
5.042389
5.270330
4.756622
2.586743
-0.981318
-2.353478
-2.299243
-2.981463
-3.766658
3.982899
-1.272658
-4.232730
-8.928175
-2.776618
1.856331
-0.281458
2.192978
4.942048
-7.161295
4.721791
-2.820101
5.556066
1.670650
-5.628369
-0.665373
5.999449
1.927416
-4.140295
2.849576
6.718785
2.810585
-2.102024
7.929278
4.358007
9.884329
-2.031388
-5.876287
2.321603
8.210387
8.135875
4.918726
-3.538713
5.483422
-4.089834
7.127682
-1.015121
-6.507655
3.698639
3.842146
-1.971222
-8.821233
2.216169
-4.497122
4.912186
-11.006604
1.799092
-5.493080
-3.771166
-9.134185
4.456671
-5.295785
6.125894
1.448244
-8.695218
-7.076999
1.684790
7.403730
5.870958
2.874452
7.206062
-1.421078
2.348994
-7.628131
0.588245
-7.604874
-2.126852
-5.893710
5.048353
6.887702
6.973689
-2.987657
12.529525
-2.471337
9.393962
-3.628079
5.431439
0.506013
-3.351181
-1.829619
0.715590
-3.816631
-3.432643
-4.774432
-10.586832
5.119062
-4.914387
2.371410
-7.711854
-3.528566
-1.779944
1.945251
-5.155629
8.736073
7.499449
-0.781668
-1.190936
-5.525759
2.634333
-3.052818
-4.036633
-1.694183
4.024264
6.654087
3.944823
0.230270
1.109684
-5.777536
11.266195
0.669039
1.926880
-3.418176
9.138761
-10.009235
-2.095968
-1.725911
5.843605
2.020519
5.493287
8.417016
4.971000
-2.242874
5.894071
-8.905563
4.277659
-3.157693
7.557847
6.191175
7.727147
-15.845845
6.750662
-8.083179
-13.027299
-7.447927
5.282326
-0.966575
-6.034483
-5.536190
-6.233558
0.058937
-6.816606
5.756706
-6.430340
5.855001
-2.234321
-11.772812
-5.650087
3.272899
5.623278
-5.182156
3.315209
7.514793
-7.331948
2.071742
2.004521
4.584578
-5.293550
7.929695
-0.085888
1.570205
8.107622
-6.141656
-9.965750
-6.219919
2.914581
1.100791
-5.231618
6.259704
0.882051
8.610105
-0.956680
-5.545343
1.822235
-9.683912
2.054889
3.118871
2.891802
-4.218329
-9.455839
-0.801199
-7.133422
-3.163966
-13.379082
7.588407
4.986484
1.662799
-4.199388
-4.939615
-6.516779
-1.308539
-3.718964
-12.826619
-2.403029
-5.599669
-2.311702
5.081757
-11.226953
3.919347
-0.927692
-3.283769
-0.416586
9.706087
9.334146
-12.382306
-11.747502
5.520150
-3.197790
-2.413480
0.977842
3.681138
2.389975
-6.442492
7.121921
4.816527
8.001323
-2.137331
-2.149485
10.335321
-9.536187
-4.483875
-6.779674
-7.577415
8.150522
-9.892693
-1.246781
1.576151
8.296302
14.399373
10.713717
5.429801
2.811064
-2.079561
-5.730389
-8.624897
6.365240
5.633093
-1.434776
-8.325030
-5.317322
-2.444350
-4.809690
2.788708
-7.558131
5.169001
-3.042265
2.885774
-1.698990
-5.488200
-1.129174
-0.825830
6.229986
-1.026735
-6.225809
4.875332
-4.050223
-8.342153
-6.808616
9.755190
-6.262591
0.949850
1.390640
8.972107
-3.781784
1.728697
-11.756685
4.530141
-6.190195
1.033180
-2.806511
6.522697
0.745922
0.687512
-5.440536
0.690315
-15.051478
3.223207
9.445678
-6.634729
-1.054838
-5.042822
-3.592678
3.021001
0.267192
-3.832030
-1.743174
-5.755873
6.712771
1.532532
-1.778200
-4.624143
1.187614
1.913356
4.993987
7.569643
-9.256856
8.177144
8.190088
-6.668829
11.342075
-5.119494
7.464302
3.727109
8.712990
-5.039435
4.042877
-2.807042
-1.660121
-10.033107
-3.256926
-11.194229
5.072967
-4.254933
2.791382
9.825814
-4.219616
-1.198786
3.990442
-4.436609
-8.253937
3.797109
2.993602
-18.667120
-12.221781
1.179783
-4.730662
-1.053310
4.389812
-0.515924
5.623271
11.752245
2.330390
-11.794110
-1.094389
-1.742904
6.386076
-9.781365
3.164564
3.345911
-3.591256
-3.227637
6.036104
-9.656960
4.440899
7.557378
-4.838856
1.260936
5.211675
-5.198137
-5.040977
6.021524
3.945926
0.494556
-3.117902
-2.921095
-2.813071
-0.908897
1.186474
5.975172
4.424518
-7.235607
-4.118400
2.175775
4.999358
-4.475512
-0.771038
-16.773817
-0.446694
-4.239869
-2.016132
-3.629872
-5.358166
2.199422
7.471263
3.196297
-8.577558
-0.278475
-1.975121
-8.928155
0.011922
9.784081
-3.691441
5.863000
-6.800422
0.461912
7.790825
2.788175
-7.015030
-1.289518
-8.041435
5.522299
1.140778
5.346472
3.523749
-8.977249
3.887103
-1.701758
6.117771
4.247410
4.172347
8.839903
-6.239641
-7.082180
-1.299112
-2.804304
-5.892318
6.007709
1.826323
7.188580
0.153827
-4.266500
0.777708
-9.241371
-5.997646
-7.426531
-5.593770
-4.042157
-2.891049
9.223496
-9.978270
3.888044
0.753147
5.170558
5.932504
-5.621009
6.762329
-9.454983
6.905556
-10.267145
1.070032
-7.698859
4.813810
-8.541303
5.893561
2.248146
-0.414860
-4.788382
-5.152839
0.758235
0.426154
3.862332
0.746051
2.756002
-0.506495
-4.553170
5.107506
-6.417133
-7.947329
6.287910
3.504223
0.527522
-10.626771
4.964260
2.204850
0.229103
5.183660
-10.604129
-5.721444
-3.305824
-5.483772
3.126089
-5.443371
1.203259
-0.024945
0.940696
-5.990274
-8.664610
4.988202
6.995687
-12.291407
0.952373
-7.762183
-2.145146
-6.751536
-3.505280
-8.643569
7.931549
-3.217409
-0.858568
1.494548
6.045341
3.330489
-7.363005
-1.432706
4.776432
-3.499886
2.242882
-7.156261
-1.814607
4.527368
1.503282
11.365038
9.816112
-6.333571
-7.826860
0.047123
2.865351
-8.411645
2.978467
6.711823
-2.625678
-1.361331
0.554039
-10.831267
-8.957414
-5.827175
-3.870930
4.861708
-7.412864
-1.779974
3.818809
3.001062
3.890785
3.881975
3.471866
7.581893
3.430071
-2.346087
-4.172769
1.906799
1.569685
-5.476064
-18.862843
-4.100522
6.639331
-12.822121
5.412993
-4.156895
-9.939674
-0.047322
-5.792616
-4.049464
3.824032
6.393764
4.145076
-6.623763
-1.156877
6.862347
3.353741
3.487934
-1.224079
9.030247
7.131383
-0.914999
-0.786311
4.511149
-4.486856
-3.582563
10.742463
2.693000
-7.761016
2.512409
2.384910
-4.768300
-5.812179
0.577441
-0.516926
8.746953
2.891569
-4.483746
4.806962
-2.169485
-0.562468
-7.004415
2.935809
-9.489115
3.283022
-9.635312
-6.909924
4.736308
1.311419
-5.489677
-0.486222
10.301874
0.701599
2.492428
4.519384
-0.012520
-2.431161
-6.995842
8.226535
1.808637
-0.057005
-7.263595
-2.082690
-4.838395
8.364139
-1.296395
3.276264
-2.299210
1.836639
4.433952
-1.815858
-3.583488
-3.741637
-7.653972
2.072945
4.980404
-3.939414
1.712757
-5.721959
6.087570
-1.692642
1.812264
4.007873
6.039092
-3.828299
-8.404292
9.570097
5.123856
-3.462851
5.040124
-8.633679
-8.664429
3.590159
-5.322980
-0.453070
-9.137074
4.727304
-4.764287
5.763389
6.536491
3.373619
6.071044
-16.037815
-4.523788
-2.664222
0.827887
7.715925
2.122579
1.104542
10.987319
8.414817
-1.972251
7.175389
5.159012
-2.971850
-5.007079
-10.110457
0.700422
-13.946482
-0.637719
-9.334775
-1.369887
7.788230
-2.774214
-9.051530
-3.841098
5.952530
4.596732
2.061445
7.169925
-4.504260
8.642149
3.210681
4.950829
-1.957403
-10.267329
4.363427
8.851660
-4.936146
-7.014362
1.198307
-0.250543
-2.907499
-3.669837
-4.377907
-1.039662
1.431781
3.193612
0.033006
-6.221947
-1.634722
0.081348
-2.599863
-2.293590
-0.870163
6.236595
5.460177
3.472034
-5.549449
5.538805
-5.674018
-10.151524
-6.535453
-7.753994
-2.344975
6.629414
4.920090
12.064116
-9.394387
-0.649804
3.919861
1.358263
-1.713780
1.688898
0.708153
-3.969234
1.438229
-6.059242
4.420677
-0.627421
1.322756
-2.321042
-0.185543
2.113257
-17.229744
-5.620018
-2.473133
-5.027616
3.883916
-5.611312
8.940452
0.200452
-1.761356
-4.081982
5.077227
5.812231
8.644687
4.256202
-9.283021
9.436573
-7.947260
-0.616681
-1.571287
7.027907
-5.477942
5.155187
-2.944207
-4.677850
-3.014495
-7.779723
-5.433025
1.817211
1.577087
-2.195548
-1.423740
-1.976437
9.195950
5.185764
-5.058349
3.292602
-2.616998
1.844317
10.253733
4.458510
-0.565343
-0.614341
1.366177
1.516304
-6.914250
-6.220219
4.935738
0.781617
-0.534930
0.664760
7.930002
-4.508168
1.815300
10.492166
-6.274753
5.957732
7.743670
-4.761164
-11.982102
9.178746
1.060973
-0.529774
-4.450913
-4.150760
-1.590931
4.081677
-6.387014
2.100927
-7.297641
-4.534534
-3.159448
2.243612
-0.105690
6.884558
-10.888317
0.128647
3.216029
-7.300648
1.336786
-5.704791
5.859797
-0.531538
2.942638
9.214747
-7.706981
2.371097
-7.049839
5.822605
-11.955294
6.426854
1.506999
0.930401
-1.275316
-3.380697
-7.292982
-1.630627
3.257586
-4.749084
10.718379
5.115954
2.555464
10.657947
-1.254553
-0.375981
8.603340
7.495186
5.457803
0.568940
0.357499
-0.329846
-10.117007
-7.562685
0.973180
-3.335330
-4.654009
-2.185513
0.781626
5.497120
-2.385146
-4.291052
-2.345021
4.120776
-5.573111
3.044951
1.429086
7.376187
1.761667
7.117867
1.240624
-7.760258
-7.547577
-9.341015
-5.478461
2.959718
-7.383884
3.335827
-3.338105
3.197140
-9.248302
4.849215
-1.913426
-2.869735
-5.691358
6.313679
8.378987
-7.498699
3.150295
17.994623
-6.044431
-7.393379
-3.888613
0.889265
1.667008
-3.009858
-4.055127
-2.583864
-1.210747
4.658780
3.400305
3.440123
-11.508931
2.540675
0.369814
0.843875
-10.196660
7.265481
1.471532
-5.560586
-0.154685
2.348806
9.016116
-4.399661
8.734770
-0.171102
0.494523
-1.388515
-2.232621
1.501206
6.066610
-0.201123
5.371694
9.524769
0.270893
-5.867072
5.942894
-6.733108
12.577902
-3.285575
-5.108915
0.423489
-0.381248
7.925426
-6.319481
-3.952095
7.202121
-3.098504
-4.502437
-3.471074
-5.576801
-4.713891
-4.027365
-0.057273
2.287830
9.903082
6.009096
-0.512743
10.505013
-1.886397
-0.170041
-8.082675
1.023744
2.721565
-5.771810
-7.979240
8.473114
5.198504
-6.760671
11.289268
-11.378660
-7.276093
-13.267649
-0.112848
8.815314
-1.823278
-5.474519
-8.668029
-1.124125
3.029267
-3.666710
-0.163715
-6.001124
-0.809597
9.977742
-4.345140
-1.490723
-5.697523
12.204988
5.115633
-7.497387
8.818764
0.339962
4.779697
7.321710
-2.442897
2.667970
11.464780
-4.309054
-2.894163
-2.934972
-4.016849
14.020234
-6.116664
-1.167738
5.539663
-4.717040
1.657973
2.586905
5.663494
-5.571485
-14.546561
-0.453521
-1.041270
-3.859812
18.558723
-7.974804
-8.475105
-3.459263
8.751007
6.412735
-4.479810
6.896665
14.844394
-8.107780
-8.732111
9.737383
-6.840747
6.872906
7.747538
-7.912731
-7.216012
-11.303355
-15.060648
-1.179369
-4.234450
15.641382
3.040817
-5.800906
2.089645
8.793535
-8.984991
-3.068322
11.945461
0.205967
10.286944
3.144998
7.810977
-12.764235
3.434572
0.842673
7.353817
-2.124572
-5.696020
3.942729
0.769398
-4.223001
2.263002
-6.503227
1.556724
0.012221
2.062421
-4.256007
5.110018
-10.469048
-4.918311
-4.285522
-1.991627
0.654516
4.308083
-0.698893
0.508112
1.702359
-0.972980
2.122064
0.519575
-1.314432
10.549757
-5.957051
-3.926190
-1.356455
-2.536514
-5.584151
6.796384
6.460640
1.168427
-2.049588
4.039474
-6.346485
-13.970953
-1.971465
7.663232
-6.449254
-6.073692
-6.127300
6.194384
-16.109158
6.053637
2.646347
11.668264
3.354573
-0.771942
-0.683317
3.066837
-2.722862
3.381944
2.585829
0.346346
-0.638340
4.613308
-5.848067
2.916883
-6.055325
4.362245
3.326056
-0.653092
-2.296119
2.121112
1.052939
-10.312613
-10.136249
-6.778455
4.129596
-0.319421
7.124115
1.080347
1.802087
-7.238519
5.689569
7.786407
11.416626
-1.352707
1.243607
-11.954975
-1.319767
6.121651
1.624412
3.752854
-0.959430
0.432997
4.714153
-6.090899
4.573916
-4.654655
-1.128660
-15.209768
7.180195
-2.972319
1.389610
-9.447553
-3.801042
-1.985275
5.194099
-1.448853
0.818792
-0.745004
-9.121415
8.282697
-7.728010
-1.611045
-3.005729
12.974334
-4.551261
2.137533
11.401286
0.104231
4.384609
-4.095605
-7.672717
-11.097970
5.916305
-5.429201
-0.145779
-0.888317
-6.463865
-2.340065
-0.986811
-1.945628
-2.534333
-6.696304
-4.427223
-5.991154
7.652678
-8.649194
-2.312343
-6.278529
-0.644387
-2.057254
-4.492452
14.275023
-11.143696
-3.193344
-3.403870
1.520699
-6.499446
-7.289522
-6.156925
3.594156
-8.597879
-5.071148
-1.201238
1.201760
0.224718
-12.113461
2.030299
0.394823
-6.710499
7.095123
-7.840486
-1.109122
0.266819
8.494424
-0.714032
0.648056
1.729584
-2.914926
3.746390
-1.040124
-7.669813
-4.558028
-3.625755
6.140544
0.790229
1.537365
1.430108
-2.774220
-5.803459
4.852084
18.435352
11.553408
-11.661493
-4.480866
0.969612
-0.107463
-2.339681
9.624358
3.384393
15.625987
-2.662559
8.336004
0.222001
-1.735227
0.854350
-3.308462
-2.309687
-9.933126
-5.153858
-8.535141
-5.925053
-4.139898
1.000859
-4.629753
2.374907
6.282296
8.284822
6.561906
4.356135
1.440475
2.466806
-4.125778
12.958114
7.484960
7.272298
-6.668697
5.246891
-5.134684
-3.308071
2.177975
3.161851
13.353909
-15.882999
7.166056
-4.440515
-7.789961
-8.938320
-7.280059
3.344406
1.094580
5.316362
1.591193
-7.274365
-9.817081
8.267445
-4.411433
-0.911567
-1.826170
-7.910575
-5.898900
-0.153028
7.068322
-0.878706
-6.831222
-0.761567
0.075566
10.291203
6.066286
-6.221455
-3.915964
-0.086156
-2.626250
0.830777
4.217350
-3.235721
-8.115437
-3.724757
12.365598
-7.463641
9.698896
-1.630295
1.733136
-1.839120
1.643273
1.491623
-4.520137
-15.431822
-8.841185
-5.268688
2.989711
-10.969263
-8.532578
-2.490309
7.792167
-2.845677
5.913760
3.713134
-9.502493
1.576002
5.956926
-12.091372
-11.597403
-2.668079
-6.580856
-5.973186
6.650171
4.420994
-4.464870
9.104143
6.938849
-5.404328
-7.311382
2.236053
-3.296402
-2.925036
10.807235
2.240897
-9.202366
9.783718
4.856565
7.442505
0.739353
1.279531
-4.126717
-7.672764
-5.427803
-1.560976
-5.580659
3.096527
2.539784
-10.795465
-2.787721
2.509785
-7.570054
1.547503
2.674915
5.724056
-0.346317
-7.506495
-3.370451
11.030719
-5.270717
3.478598
-8.549822
1.643341
-1.372334
-4.077227
-9.177081
6.274302
-2.499644
-2.206801
-3.255764
2.342757
-0.704748
-5.900797
-8.875677
2.773893
-3.919698
1.020012
-4.706115
4.301506
10.638755
0.976319
6.255943
-3.474696
-2.103650
0.205949
-5.342363
-0.294599
-7.772711
-0.918669
-7.199786
9.613298
-4.210186
-5.514899
3.549471
-0.735986
1.492238
1.669778
-10.893724
-4.380135
-2.049174
-8.654429
-2.607957
3.892045
-5.647051
-5.097322
-2.052360
-1.365690
3.702950
6.165293
-2.001702
-5.803418
4.486762
-0.650431
-4.723749
0.443612
0.616913
-12.844399
2.298306
6.622133
-5.534454
3.434007
-8.152378
-6.556789
-7.634334
1.327879
-6.052828
10.149162
-4.406092
2.026689
4.183467
0.742261
-1.424906
4.217603
7.755449
-4.345422
-3.123351
3.948010
3.136689
-3.957080
-12.537391
-6.105247
-1.578513
8.795663
3.044897
7.505511
-7.529360
1.108223
3.588328
-5.066659
-3.827537
2.920887
2.032752
-4.756898
4.981962
2.522467
4.507824
2.706754
-0.418029
4.727080
-0.491710
5.118484
-0.860013
2.842355
-5.409362
-2.847802
-3.231581
6.500915
-2.645547
2.351777
2.471320
-2.654310
-6.109893
5.828214
0.077298
5.329618
-1.115053
-1.880566
-7.031606
-2.245697
-3.871839
-0.044102
2.479135
-1.062465
0.155808
1.579278
-6.694406
2.811063
11.898332
10.930134
7.847281
1.402023
-4.480656
3.378081
0.678280
-2.357483
8.881989
9.745887
3.258840
1.120374
-1.069897
-3.945531
-3.048129
6.703954
-7.010951
-7.917809
4.638031
-1.157728
-13.742729
-0.507167
5.548664
-1.818911
-10.922689
-7.885971
7.796648
-2.761182
3.734493
5.843113
-0.001038
-13.878944
5.081786
6.757908
-5.282194
2.736983
4.113460
-13.505027
-3.141804
-12.086368
-4.196784
2.620034
-5.375650
-2.447254
-4.183870
-1.532459
1.377681
-3.436922
-9.084931
3.641523
-0.898620
6.322263
-4.273477
-5.252755
-1.595751
-6.761974
5.383686
7.453896
4.249362
-1.135697
5.430464
1.685374
0.921941
5.092440
-2.471715
-2.397092
-0.392212
-6.048010
0.241280
1.142866
0.963267
3.068435
-1.095467
6.051326
-1.112388
5.292559
7.874461
4.445190
-0.427379
3.052460
5.542232
-10.341654
0.987443
5.319279
9.912030
-0.321571
-0.097445
-2.778703
2.106704
1.792095
1.044592
2.993226
1.823495
-1.409960
-5.029995
7.015296
1.082654
-2.777572
-2.736109
-5.845615
1.053441
2.071480
11.364389
7.966546
-9.483956
5.607742
2.405492
-3.962358
2.976158
2.067925
-0.487629
-0.289145
-5.447037
2.450504
8.669414
-4.918604
1.812474
2.302283
1.931777
-1.576704
2.650171
-2.243752
-3.412989
3.164671
-4.005815
3.065399
5.942255
-0.626211
-9.465910
-2.788357
3.619090
-2.431318
-3.569448
-7.406064
-2.449011
-4.665001
4.427542
-3.844589
11.469156
8.807106
8.823160
6.589165
-2.202075
5.173640
-4.681955
-2.531383
-3.176885
-13.536358
4.201269
-8.263382
-1.160884
6.136146
3.949808
-2.732403
-5.324286
-4.617560
-2.830307
-7.672747
10.981893
-0.430725
2.018361
-0.339260
-0.389621
2.901081
7.225535
-1.472361
-3.373870
-4.578948
-15.826309
-5.202962
-10.918407
3.286867
-11.268851
3.637436
2.084797
3.360104
2.627720
2.983108
-8.672922
4.651220
1.341788
8.371840
-0.829126
5.734963
-1.533374
0.008264
-1.766186
2.538436
-0.405539
-4.453086
-2.397669
6.534228
-7.681738
2.586433
4.154137
0.089082
4.904571
3.251153
5.426932
2.813366
2.911641
3.967584
5.410699
-3.087116
-2.110102
4.967670
-2.763746
7.654621
6.826814
-10.226721
-3.850987
-3.009081
-15.075067
-0.999575
-1.717128
0.265218
4.196002
-7.467716
-9.192670
3.130887
4.206100
-2.285748
-5.194288
-12.958062
-12.647997
2.574324
-8.757000
7.791531
1.984376
-10.283757
14.115510
-6.743242
0.197644
-8.411362
2.853989
-6.613728
-0.222318
-8.735671
5.979630
-4.552268
-3.236701
-9.080305
4.573942
6.785925
1.276590
-4.135602
-4.187449
1.494229
-7.924341
-7.314286
-2.934295
1.437966
-7.725917
-10.882148
-8.155695
-2.208974
2.010572
-0.421395
-4.986986
-16.519461
-1.139254
0.490387
-2.634554
-3.102229
0.922774
5.526583
1.205632
-5.164360
-1.830525
4.386212
4.804117
9.272236
0.203742
3.400581
-1.907755
-3.510895
-4.188300
-3.775502
-5.969801
6.918124
-4.576913
2.336912
-1.438050
-3.812819
6.275160
4.239632
-0.927284
1.384517
-3.751273
-5.367315
-4.605761
-7.627017
-8.333123
-3.440248
-12.973916
0.629268
-4.609239
-1.321899
2.671803
-8.174782
0.454143
-0.135386
-1.583734
-6.880859
-11.334889
-5.336706
-4.998047
-3.277619
4.469314
1.929748
2.866807
4.406036
10.993042
6.968286
-5.647038
-8.267635
-4.620270
2.029854
1.156770
5.889427
8.378212
7.492883
-5.910607
-1.344450
-11.986155
-2.145967
-4.806431
-2.935603
-2.899930
3.044418
5.824039
-1.486635
2.438578
-9.326101
3.973638
-5.198836
4.350451
-7.174051
-11.138898
0.140988
5.155091
-6.117542
5.775093
5.761672
-8.152027
-1.546597
-1.210559
-3.304595
1.612309
-8.893268
2.597995
-4.335352
0.344500
1.166988
-2.539588
-7.818297
4.571611
6.769889
-2.016449
-1.669598
4.195434
4.789256
-3.588444
2.405813
5.869542
2.986595
4.788710
-8.895099
0.545497
4.369292
-4.649603
4.015381
4.367639
1.940476
3.479918
9.506007
-6.513967
-8.651711
6.209382
-0.208256
-4.186728
3.848777
0.406748
-4.564114
9.044180
-6.570797
4.719299
-4.090224
-5.410091
-6.509450
-16.146519
-1.015764
2.422994
-0.902589
3.161536
-0.847958
-0.875528
-1.514999
-4.643513
5.646135
-11.817753
9.370540
7.973413
5.039583
9.628757
-4.240685
4.982068
4.982375
-0.381458
8.670856
-1.353240
1.978049
-0.685493
3.469681
-4.173881
0.285884
1.287069
-3.878993
-4.186575
4.641862
8.586294
-6.067637
11.574921
6.355299
5.807415
6.810460
5.628939
8.975828
-4.970697
-6.865975
-1.612172
8.369976
2.106871
-2.445357
2.946241
3.653784
-0.814845
-5.223831
3.431599
-9.684805
-1.151575
-3.244564
-5.511406
-1.979348
-0.148368
3.754543
8.797523
8.512887
1.752092
11.781730
4.585210
10.863334
-5.212305
6.304142
-3.658518
6.523969
7.032039
1.753623
-8.171328
-0.041038
-1.385368
-3.155877
-3.581668
-2.966872
-6.079558
7.987173
-1.988422
-2.282661
0.630873
2.294634
-4.990356
3.861053
-4.818497
-4.253162
-7.586510
3.146373
-3.626647
-3.644725
-7.109591
-9.794504
5.083587
1.757221
-10.171650
5.892332
-3.348439
4.222306
-5.731943
3.201094
5.730142
0.977718
0.375384
-0.007876
-4.192722
-4.875344
3.890308
2.190648
-9.003323
-8.610754
-0.562196
-7.916045
-7.876079
2.196404
15.114594
-2.478576
-0.248103
-5.727014
1.796192
-4.833155
-3.679684
3.136085
-1.233029
8.581910
3.173107
-0.576159
-0.475705
4.465128
8.089891
-0.907685
6.946285
1.368062
-5.211130
-1.289198
-0.887070
3.043433
-6.093962
3.337195
-4.700686
0.788599
-9.582133
-7.288004
5.726695
1.802439
-9.087425
6.010041
3.771352
3.847219
4.151735
3.434309
-5.852988
-11.246713
14.543829
-0.867810
10.732604
2.040318
8.554066
0.769981
1.574537
0.620588
1.501345
2.366149
-3.850536
-3.080538
6.884907
-2.049903
-8.648124
-4.488171
-6.252662
5.035334
-0.345974
-11.634846
-7.738363
-1.131592
-3.311265
-0.565006
3.401436
8.587385
-3.492200
-11.985701
-5.199842
6.330813
4.971795
-5.998732
1.282266
-6.378588
-6.400186
-0.453537
-7.621074
-7.926711
-3.797710
4.821294
-6.891644
1.025012
-9.933817
-7.208984
6.115659
4.356051
7.669345
0.377421
-0.557968
8.417712
-10.810623
-7.232313
11.094567
-5.110924
-8.855300
-4.689504
4.713647
-1.543160
-1.822559
-13.979003
-4.640625
2.936416
-10.649894
1.159993
-5.511068
-2.288275
-3.667569
11.642781
-3.112179
3.551844
6.288193
5.119863
1.498488
8.907560
6.512235
-7.256554
-3.673740
1.945094
-5.144121
2.165545
-2.457253
-1.132011
2.487508
7.229521
3.105851
-7.585164
-0.684466
3.337344
-4.649064
2.021824
-5.686322
-5.130522
0.840305
3.399599
2.176517
0.225008
-0.858750
7.784677
1.077134
-3.449069
-4.501511
1.706908
-3.494238
-14.872515
2.836589
2.823303
1.071587
2.578764
-8.255802
-0.134772
7.728998
2.777481
13.201096
0.721977
3.125861
-2.435378
6.318540
1.942219
-5.063241
0.572554
-3.789886
-4.348024
-4.722343
9.877184
8.008678
0.582298
4.062079
-0.138016
-5.980703
-4.067791
4.658043
1.322565
-0.733776
4.555021
7.982244
-4.698830
1.052936
6.007435
1.938941
2.639621
-3.868500
-10.002337
-1.467520
4.442803
6.540244
0.991603
-0.508149
-5.081135
3.155976
-11.526813
4.826991
8.903586
8.554810
-9.664109
-2.634147
-6.794665
11.242464
-7.537940
-5.256484
1.996300
0.171835
4.759607
0.243022
-1.754651
5.802097
-4.311762
0.892463
1.119426
2.848036
-8.556437
2.339468
-2.732279
-6.503650
0.247104
-5.734452
4.114938
1.845449
-0.087620
-2.742950
-1.576921
6.028233
2.630034
-0.415156
10.429058
5.423200
-14.232303
3.748671
1.358428
-0.677842
0.231659
-1.380462
-2.511762
-2.309369
3.872208
8.528909
-0.273280
0.087441
4.896548
0.797123
1.166547
-4.233080
3.023544
-5.306020
-3.950658
-8.222232
3.963919
-8.051529
3.316913
3.370528
7.524264
2.121941
3.599464
5.232925
1.860462
-7.278964
-2.828719
-0.361908
6.650445
4.120881
-11.693246
2.803846
1.288022
5.248999
-4.171659
-3.609763
-3.762162
-0.210981
0.065005
-7.915272
9.267719
7.236845
4.065297
4.555535
6.951509
-9.409448
7.077914
7.007047
14.691125
-2.015463
-4.262633
-1.530651
0.584982
8.445736
1.211618
-4.448402
4.811457
-0.145854
-1.120317
1.073501
8.153733
-4.096117
3.650416
4.143581
5.356344
8.152178
9.389163
0.617133
8.675079
3.729702
-0.669245
0.655439
-1.278864
-1.521700
-1.836791
-2.900312
3.357803
-1.051087
-7.895084
-5.189082
4.758074
-3.179548
-7.579311
7.145401
0.051751
-3.334545
-7.485769
-3.777458
2.586006
-3.285789
-3.191169
-5.970789
1.046387
-7.555920
-2.958401
6.182466
0.343931
0.055306
0.426803
8.449756
-10.095886
3.475185
-2.464671
-2.628336
-3.909242
6.859921
0.379704
-1.493726
-5.058027
-1.669211
-4.163272
-5.109284
2.889471
-9.987845
2.350995
2.177327
5.373436
4.371515
-4.185451
1.496812
4.640187
8.993684
6.549273
-5.365239
-4.322457
3.201441
0.913595
-0.844051
7.392911
0.689819
-3.554354
3.156982
-7.813589
3.041649
5.175275
7.905550
3.271635
10.277628
0.177786
5.076113
-3.530334
5.128626
3.028487
-7.180664
-0.536532
5.076151
-5.265441
-1.538286
3.640362
-0.729252
-11.451757
-3.228689
-11.235116
4.978164
2.394067
6.030049
-0.917489
-11.351782
-1.508971
6.579482
9.596334
-1.276031
3.989506
-6.059883
5.577888
1.175698
3.244361
-11.795634
-4.665905
-2.848242
-0.074474
-10.019415
3.345423
4.117671
0.209695
0.476631
-2.850732
-4.010639
-3.337300
-9.403517
10.044992
9.524050
-4.510731
8.613779
5.341707
-3.634056
-4.817731
4.524086
-10.881258
6.735386
6.863724
6.524189
5.277502
-7.763150
5.723639
-8.977629
3.801655
-2.794903
-6.380305
-5.701800
-1.513569
-8.678925
0.863533
-0.425254
-7.009681
-3.642064
1.550094
4.775765
-0.552545
-4.727685
-4.288801
-8.885269
-5.316066
9.974455
4.325173
-2.974688
-10.459371
-6.131573
0.816360
1.288799
-0.517323
3.547721
-14.278608
-6.229227
-4.025868
4.221030
-1.938872
-3.047278
1.808752
-0.840191
-6.227679
9.551371
11.412947
3.034240
0.498939
1.727017
0.820491
8.345214
1.106842
4.119480
4.047772
-5.343848
-0.299014
-5.022290
1.948409
3.795659
8.060585
14.010283
7.433238
0.606201
5.994900
3.438106
-7.253239
10.213848
-8.361876
-0.915220
7.456841
-1.644574
0.507106
1.525520
-4.580830
1.296304
-17.385811
5.337674
-5.506816
-2.150381
1.000833
-7.754211
-13.526534
-5.441375
-6.059678
-0.990879
8.894310
-8.701912
-1.455354
-6.831534
-2.410610
-7.566925
-0.293661
4.872021
1.886943
8.201695
-7.119741
8.170983
7.874827
5.083079
-1.140712
-3.733670
-8.091720
-2.546209
6.037428
5.292361
-3.701486
-0.371908
-5.220275
-5.815569
-7.716723
1.671183
-12.094667
-6.403952
1.520333
-0.273328
-9.645802
-12.812334
-3.976384
-1.900531
-10.200984
-1.302863
3.054842
-4.060061
3.748306
1.976035
-1.700903
-5.903454
-2.662668
15.354123
2.000774
-3.723789
-1.253446
-2.261305
-8.826901
-5.191653
7.107995
-0.574136
3.443468
-5.415504
-8.286648
0.574814
0.220039
-1.924416
6.685816
-5.869193
1.389695
-4.456751
-5.190873
-5.104933
7.724551
0.521786
0.649397
-5.094858
5.042451
-2.771677
-14.050129
-2.530175
1.536179
-1.558252
9.611537
1.453656
-2.084601
1.907817
0.312948
-6.371998
10.379783
-3.516588
-5.484757
6.859671
-6.040641
3.719669
-1.712509
-2.609244
-2.201949
8.669173
0.570072
3.308475
-5.976168
-0.235819
-2.476372
1.651980
3.257942
-0.985223
5.694153
-2.898359
-5.145185
-5.149021
5.203475
-10.432122
5.975661
-0.560110
2.445275
-2.476217
-1.326384
-4.683367
-10.741063
-1.497015
-0.413072
-8.981062
0.174371
7.731272
-10.319569
-3.882436
1.487575
-5.535177
-8.906236
-4.306108
6.047010
-5.828548
8.099819
8.383357
-5.171009
-7.171906
6.246644
9.631035
-5.003370
4.325397
4.350403
-5.804138
11.503954
0.930453
-1.971961
3.054508
-10.913008
-1.245948
0.379772
-0.274830
-6.387595
-7.704359
-8.878775
7.498138
-4.967766
6.794103
7.252393
-11.459629
-4.677280
14.118957
-5.465786
-1.501932
-6.359596
6.859559
2.403150
-2.735112
9.278967
0.871195
-10.057967
-6.370512
-4.893272
-6.101981
-4.443913
-7.886908
4.011068
0.216356
9.862888
-1.799050
1.706120
7.413456
-3.900333
4.712976
8.668243
-9.923189
-1.497157
-1.162828
6.140189
2.623942
-3.636395
0.951424
-15.287919
4.424018
-3.421540
5.408690
-4.900099
-2.435103
16.164097
-2.943961
1.408142
-12.446194
0.412238
-2.547108
2.280433
6.351242
-0.815361
-3.624525
9.436126
-7.895358
7.582110
2.025066
9.535435
-0.877951
1.797394
3.581143
-0.276016
5.026465
-0.270604
7.120614
-1.590009
-3.458608
-14.736297
-0.332453
-0.429459
5.564705
8.379376
-0.051176
10.093988
6.556015
5.986021
-8.469443
8.756680
8.436020
-11.740142
6.854165
-8.079931
-3.420139
3.260215
0.866615
4.311837
-2.392223
6.078893
-1.999192
-4.160928
2.365182
1.339785
8.082788
5.360912
-10.578651
0.382960
-5.570296
5.554370
8.277018
3.119481
-0.485347
8.649282
0.155161
0.550984
-6.523000
0.640964
-5.945292
6.212544
-16.468271
-3.976505
1.083651
-0.432377
-2.644280
2.473217
2.967734
-0.134938
1.522385
-3.543973
6.374654
4.406835
-0.142702
2.004489
0.262009
-2.283411
-0.196582
0.908717
6.974449
2.760754
0.040710
3.491860
-7.882242
4.392479
5.427934
5.007509
-2.993614
-3.778047
-2.484115
4.062309
-5.279216
-8.747049
-1.738625
-3.444432
-9.159497
1.631278
2.837430
-2.453164
5.511581
12.944574
8.386150
5.002266
-3.797256
8.557988
4.117427
-7.330457
-7.066607
12.645755
-5.351214
7.535965
-5.554563
-7.024422
5.713323
-0.015342
-1.650408
5.101179
3.860285
-3.463227
-0.333385
-4.458705
-3.537924
4.593370
2.821900
-7.447677
0.763548
-3.344301
9.059518
-8.195583
7.413174
4.161272
-2.753983
1.286166
-5.966891
7.562859
-3.988197
2.584719
-14.706760
2.153864
2.266189
2.121103
-2.076432
-1.125830
0.556381
1.627433
5.125595
0.204738
-5.105307
2.353176
-3.885807
2.382722
-10.449894
-2.852205
-6.665980
3.373699
2.409908
3.106633
-2.195590
-7.280014
6.882380
6.244320
4.495370
3.249847
0.461985
-4.233106
8.451784
0.985260
-5.858730
-9.502892
-0.957220
2.988673
-5.503046
-2.885915
-3.195517
-13.821412
-2.523231
-2.469776
-2.318060
7.885178
3.324933
8.553153
5.071024
1.223322
3.263113
8.120690
-10.671316
-0.229667
4.294044
3.134202
9.567871
0.253763
3.660839
-1.590697
-9.817445
-5.696150
1.522541
-4.759943
3.829668
10.591753
3.881489
4.099629
-0.989643
-10.298268
-8.135496
-0.390344
1.889834
5.201966
7.127193
-7.455289
4.832390
-0.423960
-0.874934
-2.948754
-7.638094
-4.374866
-8.001899
-4.637071
-3.645856
-0.950581
-8.752327
-6.681129
5.890311
-6.100568
-0.161936
3.418496
-0.829823
7.367560
5.292228
2.544050
6.645100
-3.238584
-1.223747
-10.751359
-2.233313
2.121118
4.039201
-6.392321
-5.502117
-7.484238
-11.159776
-7.224680
6.419163
-6.336789
-1.679363
-7.963120
9.319693
-3.451636
10.433200
3.963564
1.069402
-3.620461
0.558859
-4.595923
3.735823
1.135084
-3.790950
-4.797626
6.547451
-2.222722
-1.729288
-5.030284
-0.928387
-0.854853
2.324530
0.706797
4.170605
11.845215
0.123838
-3.122512
-10.069496
-0.695603
2.532304
2.285297
4.395535
6.889877
-7.548264
5.983355
2.613853
3.403422
-10.470798
9.900293
7.023802
2.704729
-3.119226
-1.450991
3.423765
-6.140066
-2.353680
6.637743
5.525400
2.967425
1.028512
-3.003235
12.463151
6.416997
8.155631
-4.389804
-6.994401
5.967688
2.289769
2.250598
6.338703
1.624513
3.597930
-8.832314
-11.854494
0.223857
5.293632
-4.471178
-3.958427
-3.803076
-6.178281
-1.772432
-4.085783
-3.343735
6.153074
-5.145569
-0.299609
-5.514110
-9.724822
8.255730
9.691684
3.715069
3.976388
1.542490
1.986268
-8.787092
9.232717
-3.953904
9.430546
-2.220151
7.412415
4.505929
4.587186
-7.846992
2.805676
-9.184617
-3.623766
6.621292
6.971003
0.576504
8.182263
2.816562
-11.583195
4.801329
-6.783169
1.502219
2.353788
-3.561360
-3.724499
-2.615239
1.573331
3.995058
0.963987
5.691413
-3.617002
4.252931
-7.257006
3.070571
-11.196671
0.719147
-6.457920
1.242461
11.795895
-2.315772
-2.127540
-12.841296
5.850232
-1.558954
2.212865
-5.497825
6.438157
-8.050698
1.629131
13.724233
4.153323
6.828501
2.244615
-0.437837
-1.431287
-11.233366
-1.839431
1.346426
3.994823
-5.994710
-0.817429
-2.731109
-8.524969
4.369203
1.381687
-6.945231
-0.038541
-10.652628
4.096829
0.266989
-2.747904
11.216743
-5.644035
1.602104
-7.243571
4.907077
-4.358628
2.184718
3.102899
17.147112
-4.715496
-2.491341
-5.030807
-1.626007
-2.148544
1.077366
3.709994
4.282985
-2.715486
-4.020091
-10.356215
3.849336
-0.308621
-0.709470
-5.241631
-2.383634
0.858593
-6.630270
0.768436
11.121675
0.853457
-6.185613
1.176904
-2.549399
5.426226
-2.611171
2.366606
1.103924
6.012853
-2.891349
2.221090
-3.223081
6.492733
-11.968476
0.556748
-1.202435
-1.632560
5.044570
7.612809
-4.134830
4.093932
0.124181
0.600439
-3.833307
0.163478
0.477621
-1.730605
-8.585748
4.953037
-16.803667
-7.194213
0.739563
-1.527870
9.895548
2.781790
1.544189
-4.038802
7.304237
-5.876378
0.799297
-4.887385
1.516489
7.745609
-4.806371
12.233834
3.208659
1.619932
-11.994754
-4.114564
2.979785
-5.850915
0.052103
-5.124425
-0.586006
4.289305
5.096588
-5.251870
-5.884000
8.304499
1.672114
8.085943
-4.353468
-6.769762
2.872129
-3.263845
-4.389668
-1.708832
-3.399878
-6.550564
-7.698746
-5.599884
-3.071992
-6.038158
8.658769
10.124747
-9.655252
-9.689726
7.251043
-3.158485
-2.239259
-1.254022
6.885168
-4.458377
2.872014
-1.697942
-0.851001
2.556401
-2.695371
13.886744
1.397553
8.579343
2.492544
5.258411
11.005312
7.162711
-4.138870
-2.218623
-4.844123
3.178270
10.499999
-5.638013
-6.819085
1.373388
-4.501435
3.649999
5.726701
0.023985
7.863642
-12.390570
-4.432827
15.247194
2.154321
12.567160
7.481444
4.807796
2.534812
10.636966
1.140425
1.348079
4.368331
-4.628580
2.820282
-7.796731
-9.587111
1.042165
-1.333521
1.569175
-7.355361
8.675872
3.188071
-5.268993
3.695371
9.524298
-9.599493
4.826378
-7.094494
0.025437
-6.583179
-4.494538
8.440125
0.876796
13.985154
-0.042747
-14.441381
-5.327818
-0.929009
-7.442173
11.771811
-10.982657
-5.121658
-7.203107
0.836005
-4.933542
-3.293313
1.792433
9.440648
-3.665301
7.980968
7.240945
-9.787789
-4.479070
-14.174882
8.133284
1.517895
1.417092
10.987902
-1.228490
2.798188
5.809693
4.772938
-6.433369
-5.631211
-0.863358
-3.794788
5.855949
6.638300
-6.252589
5.434760
9.860623
1.208121
-0.035180
-1.443160
4.268087
-9.424551
-7.653404
3.591684
-17.774389
7.235412
0.759228
-5.885144
6.978668
-7.331367
-8.479426
-3.613136
10.952412
-3.971004
8.061004
-3.234427
-0.696527
4.033015
9.257457
-1.868952
6.021938
6.134827
7.629041
10.242978
-1.663735
5.873911
-3.842420
-4.435739
4.370887
-2.007490
-8.402697
2.919522
1.199491
3.992229
1.119753
-1.538043
-2.218742
4.228721
-1.027934
-4.123699
-2.739133
-4.262727
2.799905
-4.014339
-0.068509
-4.368670
5.335519
3.759501
5.757436
5.125930
-6.486318
9.681936
-10.114498
-0.310965
9.028668
14.259049
-4.987637
-9.136703
13.156506
5.258327
-6.472872
-3.181678
2.742363
6.354554
-1.628974
4.117554
3.705080
1.180490
1.602762
12.794966
4.615066
3.714588
-6.135488
7.760886
-7.826613
-11.400352
-6.041906
-4.175804
3.766031
9.552620
-4.992777
-6.599496
0.472916
-1.241727
7.743293
4.112798
8.143147
-0.702786
5.101787
2.007726
3.013723
3.708702
-3.211331
7.608284
-6.345776
-3.511801
10.262179
-6.273865
5.853247
3.838314
-2.676208
-1.314408
2.858955
-10.458727
0.750905
-1.065659
-8.717780
-0.127821
2.404638
0.821893
-2.943337
-3.222157
2.568828
6.835242
-1.828896
-0.515027
1.596985
-0.987644
6.698117
0.617515
0.663622
2.451926
-0.710515
-4.392263
-3.818053
-1.041427
-7.760264
-5.834086
2.492012
-0.929039
4.995877
-1.352960
3.497237
-0.575891
3.822965
-6.817935
-11.478214
-4.480539
-6.212498
0.901279
-16.422770
2.100233
2.719840
2.451779
-6.485246
-4.637309
-0.283061
-0.665649
-7.505453
-0.340327
-6.218471
10.838803
-5.911314
5.014772
-9.170404
7.019985
0.773693
6.497203
-9.949413
-7.647295
1.129702
4.833963
-0.419125
-6.528496
6.822706
-1.196391
4.447409
-7.926889
8.548164
2.996956
5.767218
-8.223964
2.622629
0.940010
-3.726477
-1.339478
-1.635031
-0.784436
3.548411
1.708866
-3.068662
-8.228190
5.609060
-4.256731
-4.494988
-3.225159
-6.426197
7.633981
6.889420
-10.528215
-9.380379
5.547101
7.170422
3.408238
-8.706532
-2.061406
0.405289
-8.503194
-1.447812
6.651014
-7.472793
7.070985
5.596375
-2.243700
4.795879
-1.824842
0.800120
1.602408
7.253409
1.814885
9.797269
-7.924061
-7.093476
-4.793416
-6.965279
6.205925
5.690446
0.746802
6.645038
-2.857396
-6.767755
-2.941035
0.245179
4.930517
-2.841389
0.836503
3.240654
-0.223999
-2.683589
8.034812
-6.335384
-7.196383
-11.286511
-2.539976
3.609302
4.856426
2.166056
0.692692
0.774978
-10.307444
-7.726466
0.343714
7.098988
-3.856657
5.928726
6.719953
2.299866
-1.209571
-1.110797
1.296608
-1.599414
-6.152235
-5.336071
1.525525
-9.799922
0.120487
6.029272
2.335475
2.698780
-2.271287
4.318220
-1.847089
5.275725
-2.952906
6.440220
3.598994
-3.940526
-1.333514
3.219368
0.060995
5.175333
-1.771173
-7.565640
-7.926689
-2.834800
-11.039416
-8.746140
-1.189925
0.772626
3.230692
4.166499
3.467783
-1.396085
3.315233
4.029273
9.696717
5.116745
5.055509
-13.763311
3.019710
0.895157
1.433628
-3.999012
-4.277178
-1.195933
6.146468
-4.184572
-5.443089
-3.599684
-5.718059
9.924600
4.475142
-5.226793
-8.329384
5.964960
-9.948764
2.591819
-9.064754
-2.699061
6.303014
-4.730891
4.114822
-10.362655
0.386056
7.974988
-2.188584
9.967968
2.851664
-5.562090
-2.900550
-6.503274
1.054875
4.368740
-8.189075
3.725417
-2.656080
10.379767
2.328269
2.813413
-5.350584
4.333223
-3.439241
-16.556461
-4.048343
8.864883
7.572730
-9.066515
10.065484
-8.735690
-0.092159
4.157516
0.413245
4.896389
-7.285702
4.208237
-10.530618
9.357698
0.361675
-0.171633
1.622274
5.161919
0.004265
3.737953
-7.178159
10.244955
-0.732356
2.017234
6.580887
-7.205053
2.887495
6.007933
-10.372642
-5.786654
2.798261
8.157423
7.762937
-0.098271
-1.159425
6.186359
-10.375644
7.568012
8.980191
-1.652775
5.033847
-6.825084
2.026800
3.865591
-2.202652
2.517278
-5.302552
6.474588
-5.870481
-5.638243
-5.732255
6.059836
0.578847
10.795642
3.028435
-8.583298
-6.663203
-8.096800
2.155235
3.761600
6.545877
2.955922
3.454739
3.342599
-4.831088
-4.614620
-3.113602
-3.201784
5.518195
4.785810
3.154629
0.486922
9.347939
6.315358
-2.316940
-8.785652
3.312359
10.112683
3.399914
1.952868
8.906244
4.425818
-5.140576
-0.582818
4.520374
-10.046932
0.693681
-1.007609
-0.489106
-4.354974
5.091339
-11.670000
-12.259998
8.199312
4.498621
4.252786
-7.343906
-12.127961
12.624601
-3.520841
2.578845
-3.802198
-7.388958
-2.112581
2.744892
10.334202
0.783132
-9.454234
-4.544438
10.197740
-7.081480
-7.968361
-4.271705
5.000418
-6.556253
2.456073
3.451501
-8.246154
-10.457520
-0.956692
-4.092655
4.741905
-7.990044
-2.431811
-2.148821
4.807218
-10.141129
-7.537818
1.655527
-0.351434
3.850157
-5.491713
-4.086009
-4.913376
1.590944
0.190489
-5.662027
3.591441
-1.813665
-0.880701
-6.228904
-3.133152
-2.621068
-3.479843
-7.074285
-9.115659
0.109851
-14.753735
1.506574
8.092256
1.927078
-8.021564
-0.119684
4.827265
-5.988937
-0.459675
-6.250314
14.192756
5.712173
-1.201009
-1.493299
9.822988
1.931944
-3.945177
-1.577317
-6.406548
-3.303585
-7.524955
5.196120
3.328592
2.370454
-4.925434
4.074549
7.162422
-1.383074
-2.106698
-5.833816
-8.195786
-7.964431
-6.498207
-0.606037
8.264977
-1.309314
8.402028
3.833852
1.339242
5.426499
-2.011889
11.295561
-6.398478
2.768036
1.634121
-1.908739
-3.320677
8.250294
7.777818
-1.342611
-1.391301
-4.822943
1.275209
0.808820
2.927532
3.611169
1.441485
-6.799045
8.576573
1.438932
-7.830740
-7.882766
6.684031
-1.461509
2.032845
-5.234544
2.551026
1.767154
1.512653
3.344141
0.584285
2.284363
11.633015
0.122107
-8.663167
-3.407243
3.999209
-1.605118
-6.226416
3.356599
-3.976219
-10.947776
4.834966
-2.224779
-6.655014
-4.100562
-6.294071
8.152032
0.063593
-2.987628
4.469915
5.295684
-2.290524
6.134387
3.458135
-3.599025
-7.550001
-4.751195
2.605834
1.695445
-8.580225
6.828084
-4.058331
-0.052632
-3.851759
11.653875
0.278393
-6.808780
7.604105
-3.220145
-5.403439
-3.688547
4.975739
3.415611
0.178716
1.080392
5.856073
1.391365
10.275805
-7.376986
2.297283
-3.460793
3.814878
1.544170
-5.469663
-1.834154
10.181903
-4.127257
-5.120065
4.894096
-0.552988
4.128400
6.158289
-5.475795
-6.769527
-6.891733
5.970000
-0.720957
6.065347
11.345531
-0.579706
-7.470121
7.346547
0.164981
2.844718
4.594635
-6.878827
-4.318258
2.682778
1.798124
-0.342967
4.237071
-1.210958
5.337059
-0.449644
-6.290133
-5.294197
9.616527
5.480983
-3.666808
-2.154694
-8.388258
-5.942089
-3.680705
4.215181
5.171428
1.305215
-1.272960
4.888661
-0.989989
5.128129
3.227003
-3.145241
-2.213845
-6.816082
-11.500672
4.926515
5.116375
0.820744
-6.295774
4.576236
1.575267
-5.064031
2.321094
-7.377570
0.976737
1.071908
0.817730
-11.330568
6.116394
-2.326763
-1.150243
2.489738
-0.627111
5.194381
-4.489090
5.470857
0.034006
8.737218
-3.962696
3.146358
-0.872356
-7.463549
-2.865757
-1.237663
-4.216362
-4.564389
-2.400736
6.316829
-11.383002
-2.361998
3.985652
-5.053493
5.323654
9.780023
-3.493997
-3.103604
0.964499
8.211493
0.267813
6.841263
2.425863
-0.816260
-2.163726
0.334732
-2.452664
-3.913295
-1.813234
-3.712914
-12.179437
7.753319
7.757054
-5.042120
-3.545464
2.421393
2.291945
-3.391518
4.150772
-3.346960
-16.743990
-13.815601
-3.291565
0.544095
-7.417583
-0.002345
6.922951
-3.989651
14.124958
-0.234361
-6.983974
6.090384
-0.307124
1.313357
5.769689
-1.643696
11.775139
-9.257691
1.544332
7.705904
-0.051649
-6.799874
6.235061
-1.924917
4.599978
10.138200
-10.273575
-0.967074
-9.762614
5.443583
7.644887
-2.049424
4.117564
1.498468
-5.360348
6.133177
4.289038
1.702888
-6.375750
0.189851
7.613561
5.595009
-0.345717
0.885687
0.185103
-5.397308
3.883141
9.740100
-8.094222
0.059713
0.846603
-3.055363
3.792853
0.496786
2.283876
-8.025149
0.631962
3.860460
4.200655
-3.143005
-0.279722
0.816534
-2.882026
4.530374
0.461057
2.802332
-0.023181
6.130383
4.316650
7.777963
-2.392469
6.247031
-6.594204
-7.126713
4.128835
3.819944
8.742772
0.991512
6.962320
10.577954
2.963163
1.611567
-5.625895
-11.492460
4.865985
-7.909396
6.101508
-0.740993
-13.299625
-8.038465
7.176674
4.945807
0.659834
-5.166856
6.187871
-5.817289
1.081588
-7.930318
3.986254
-4.416905
7.296021
-7.623398
1.113884
5.475735
-2.442590
-3.612187
-11.352103
0.357031
-8.037197
-3.875508
3.729468
-2.447881
1.408174
-7.067544
-1.089040
1.462824
-8.808105
-0.990416
8.900139
8.548694
3.985399
4.275419
0.006807
-2.111830
-7.181312
-11.098577
11.959759
1.986018
-2.494294
0.641002
-4.292362
-4.458904
12.731440
-4.118071
1.054470
-10.776407
6.457105
-0.457981
0.417486
2.884092
-0.712097
1.674269
1.605101
7.137822
10.976156
-8.436807
8.829999
8.818387
0.637681
9.263234
-4.759054
5.748943
-10.833507
4.338564
0.989030
-3.140700
1.436163
2.607652
-3.649653
-3.242684
-3.384726
6.349663
-0.696653
3.362166
5.061786
-9.442897
8.730896
-9.645775
1.576103
14.648645
-3.281190
12.706353
10.852171
8.090759
6.033252
12.453129
-6.417029
1.983854
0.339289
-4.182120
-5.002149
6.187371
-1.244257
8.262315
0.500504
5.751172
9.947925
-5.440465
-1.986271
-11.798021
-5.346152
3.586600
-14.038655
-3.664053
6.221936
-4.244046
-9.574765
6.425168
0.447679
7.244474
-15.906749
2.845574
-10.067642
-8.991281
-5.091658
5.395049
12.555976
-11.227118
-9.082519
1.097349
1.388773
-2.918970
-11.671881
-8.078341
1.207128
-8.522292
-1.807976
4.233615
5.858978
-8.635204
-10.550014
6.109189
-0.627697
9.519701
-4.011487
6.243003
2.837023
3.411748
11.071497
-1.593508
-4.189672
3.860479
8.454867
-1.445398
-0.280680
-3.635667
-8.235881
5.379517
-9.516573
-1.847710
1.717566
-3.977010
-6.835914
11.876889
-7.675870
-0.408131
7.543798
-6.973720
-9.625966
-1.468885
8.912761
-8.238065
-9.157682
3.112473
-5.568391
3.588330
-5.318574
-3.090243
-3.670807
-1.863633
9.537413
9.484063
3.798615
8.712600
0.691133
-4.154102
-4.481656
3.125507
2.791155
-5.542673
-10.998574
-8.904627
-1.941001
-2.819530
-8.164706
3.312500
4.767195
-0.366636
4.449332
-1.056873
0.993107
-9.482425
2.354200
-5.632375
-0.985030
-7.487921
-5.005768
-11.693376
-5.558551
-11.719613
-4.753901
5.526911
-1.230603
-0.808988
-0.442708
2.225830
2.308204
0.794775
-11.090750
4.793330
-5.186826
6.482549
-10.913738
9.163067
-1.049954
-1.500803
1.712353
-2.873145
0.944987
-6.563093
2.960319
10.391733
-9.218275
-3.089747
4.786067
2.887732
6.107058
-6.164677
3.572679
-6.780735
-5.933735
-5.464675
-1.584942
-2.364752
-3.837538
-4.972211
6.827255
-3.511675
-7.629468
-4.332752
1.521315
1.679184
-6.222274
-5.243346
-3.010710
3.812590
7.657588
-0.493180
-1.173914
6.414628
4.130113
2.237331
-6.537557
6.497236
-3.477862
-2.520663
3.866380
0.142189
-4.397281
6.149567
0.349071
-1.357863
8.191607
5.218068
2.609356
-2.681066
0.905937
-1.363632
5.703355
7.794282
8.334762
-9.195312
4.806894
2.118937
5.437186
-2.591110
-1.986363
-1.794935
2.594730
6.379958
8.319497
-7.479273
0.564022
-10.034293
7.828708
1.082446
-4.871352
-5.736892
0.904254
2.023414
3.634133
0.104757
-3.769917
6.794218
3.763086
-11.305838
-5.337993
9.087668
-6.730259
-7.005084
8.737172
0.260203
0.684839
-5.348930
1.452396
-9.860770
-1.497586
-2.451420
4.748403
-4.771104
-11.547102
3.234139
-4.762057
-9.336430
-5.251526
-4.616518
-4.412700
0.156218
-10.144942
2.097931
-5.480803
-5.472122
4.724224
1.959345
2.192742
-2.332667
10.053453
11.465914
-2.323632
5.475740
3.424207
6.006184
-8.693729
-7.582525
2.902894
4.246036
1.739691
-2.176941
0.842092
-8.833739
-7.139794
-6.322655
4.042099
-6.904235
-1.097415
-4.482114
7.478083
-2.070759
-6.032482
-1.596179
-5.426798
-5.092858
9.245333
8.495831
-1.976470
-5.617134
7.206853
2.616248
7.108356
-3.188171
2.235820
-2.156042
-4.825478
0.868904
5.635696
-7.187929
-2.853214
9.234033
1.658646
12.419973
2.021349
-1.929602
-3.593007
-4.926370
4.123617
-0.396560
-8.146019
-6.487288
-2.682143
6.837389
1.002748
4.874228
-3.722502
-13.561904
-9.335660
8.691596
8.909925
1.037259
1.173717
7.433697
1.821862
6.941379
5.365464
1.098054
4.752268
1.086325
3.531216
6.610278
3.198799
6.399077
6.486955
7.344305
-6.233505
-5.703018
-7.198861
-6.337863
-6.703623
2.866679
1.446950
-1.488225
0.179138
7.003608
7.427247
-6.933818
-3.334738
-2.356266
0.721485
-7.681907
-0.820371
-1.153171
-13.432040
8.694882
0.012559
-3.663923
0.108665
2.118429
-8.421001
6.447097
0.784037
1.846417
-0.395000
-2.988884
3.230715
2.363106
-6.802820
6.331927
-3.838749
-5.248246
-2.348960
2.541835
8.258388
-13.543495
2.755221
0.739235
-2.675635
6.546151
0.966349
7.471735
3.206212
-1.490961
-4.981670
7.178579
-4.129310
-7.513310
12.308198
3.651178
9.718241
1.851196
-3.760052
0.008899
-1.713903
-10.860295
7.093891
12.009599
-2.891381
-1.925824
-7.872491
-4.656641
3.112288
2.393180
2.956796
8.578425
-4.230608
-0.876552
7.195604
-3.552476
-6.045949
5.255902
-2.523172
-10.286584
1.125406
-1.022731
-3.662904
-18.340357
4.767555
-0.914845
0.046510
-12.106354
5.740023
0.278146
-7.654914
-5.180968
2.775537
1.876553
9.797327
6.097088
-8.484326
0.530250
4.662963
5.082034
-5.288936
-10.968360
6.277884
3.040936
0.914225
3.146104
4.230120
-2.076341
-5.776105
5.228127
2.533776
-8.410929
7.254867
-5.247330
-1.870782
-2.235285
4.082825
5.629594
8.595239
10.090486
5.033154
-0.591075
-2.426342
0.715612
-1.608014
-0.137567
2.795308
-6.593527
-3.135910
-5.012733
5.687507
3.188363
0.680619
-1.185228
-1.822869
2.709704
-2.835345
3.724303
-0.482639
2.592139
0.558613
-0.404509
6.410245
8.142325
3.055314
2.028429
5.576108
1.521775
9.922726
2.894963
-1.611087
-9.591496
9.059213
13.134894
2.755936
-2.647771
1.807773
8.649979
3.428378
8.941798
8.245472
4.748861
-3.343025
2.941367
7.139439
3.747273
2.830066
0.594033
6.509852
-0.706240
-7.603350
4.528067
-1.745199
5.970584
3.854729
-0.709610
-11.164345
4.173711
-6.604783
3.663938
-0.205123
-2.822745
-7.976144
5.703479
-12.575705
-12.346113
2.171735
-11.392625
5.091872
1.889727
3.684405
-19.354986
-0.391333
-5.891893
3.587748
-5.731360
8.270458
-6.490392
-4.836792
9.534075
1.861543
2.205467
-2.403479
-6.381431
-11.266559
-3.777171
-2.026106
-3.195773
4.648169
-2.988425
1.582893
-6.075208
-0.044444
-1.066272
6.703113
9.527154
-0.613793
-3.101020
-2.787381
-5.519458
0.437410
-11.773838
5.824796
0.852825
-2.075444
-7.407452
-3.265418
0.155202
-1.276745
-5.128089
7.932600
-5.988733
-0.831914
11.988932
-0.770782
6.201227
-9.137239
-4.635655
9.435890
2.944150
-6.746208
-3.108407
-4.469836
0.651593
-2.512014
-3.347418
1.786085
6.876311
-3.229768
-4.153420
4.034701
2.302616
-0.270486
-5.019307
5.676019
3.729686
-7.657989
8.562575
-4.803808
3.195026
4.885159
9.987998
5.960691
-0.290003
-1.834317
-6.529251
-5.218472
1.156974
-1.869590
-5.287512
-3.616914
-6.787276
7.539946
13.166525
-6.403577
10.405618
4.771279
8.057135
6.453986
-3.807648
-6.392403
-3.770921
2.739723
8.210047
-6.270662
-3.318544
-5.384001
-1.845063
-10.294654
-3.504802
-8.106811
0.702618
11.951226
7.623330
10.641976
-11.056085
-1.139255
-4.021013
-0.398949
1.566362
4.418702
-5.218098
7.332556
0.522543
-9.524796
-4.427114
-1.005080
2.160299
-5.873720
3.020845
-3.521166
-6.803153
8.309896
5.101408
6.357122
-2.605599
-10.943734
-3.090383
-4.862201
-0.259867
6.919245
4.054684
-10.610249
0.943302
-5.038697
-3.720965
6.221204
-0.857072
-2.052312
0.205780
-9.302404
3.056345
11.234291
-1.535371
-5.652281
11.323958
2.124345
-1.565689
-6.688108
-10.387732
-1.476369
3.181444
2.746214
-0.381064
-2.005953
9.591409
-0.176149
3.881459
2.664621
-4.781507
-4.021721
-2.752676
0.982005
10.926000
9.616307
1.114358
-8.210216
-6.546900
-5.190483
6.935817
-2.056168
-4.062877
-0.166297
-6.404063
12.200246
1.631445
13.712462
-2.554883
7.612449
6.766552
-6.623983
-5.085443
6.386933
4.661395
0.968473
0.992025
-6.925385
2.282837
7.435095
-2.361504
-4.314757
3.359724
6.440156
0.816076
-3.161195
6.014676
-2.596409
-5.164797
-3.696789
6.224972
3.010759
-3.475425
1.311362
-0.370029
-6.983856
-4.514682
9.550113
6.028124
4.521854
6.136113
4.061919
8.303529
4.724563
5.415572
4.943214
-0.619082
7.480773
-0.286522
-6.826260
-2.309633
7.846812
6.771495
7.839646
3.235903
-7.694230
6.981577
1.903526
1.833274
-2.456481
8.462167
8.333799
-0.012168
-1.416098
11.378376
-0.922598
-11.278393
-1.647968
4.934613
0.579871
1.761256
-1.224318
1.178386
2.946759
-0.994506
-3.345486
0.495620
5.621714
-8.007488
1.205698
-2.571090
7.744192
-0.849381
4.044992
-5.244910
-2.457075
-3.118183
6.543987
-7.227779
0.413445
-3.002575
-5.095507
-1.042499
2.279344
-8.270179
5.780559
-2.387933
-0.093240
7.066450
-5.732403
-5.284573
-4.388197
5.073242
-0.439722
3.029463
8.525564
2.372318
2.526869
8.740886
5.311500
-5.020611
-10.777417
-6.980519
-3.432463
-2.606660
1.443026
-5.358315
8.683166
-1.136616
-6.597758
5.456572
-1.404616
-13.404472
8.231898
-1.908020
-1.556348
-7.647005
-5.727975
-3.416635
4.239097
-1.367193
9.487418
-3.911957
5.978968
3.385390
8.974004
-1.831434
-4.865492
-6.046214
-6.958721
-2.061557
-1.799977
4.467177
-7.641420
9.895795
-2.059333
4.217415
-3.314501
7.781167
-3.917781
0.549436
-3.957239
0.366865
2.924989
-0.890671
2.618607
-6.585686
-2.497910
-8.470352
4.645229
3.233189
7.360341
-7.107819
4.218132
-6.669531
-2.943404
8.277761
-0.225031
-0.183120
8.300902
10.050418
3.134249
0.417241
4.844794
-0.488898
-1.832193
4.020824
-2.946600
2.482397
2.907633
-0.131878
-2.580121
5.943247
6.200586
7.495102
4.252107
-5.838195
-4.569076
1.910248
11.080782
3.621209
2.445410
2.987561
5.700432
6.860033
-0.595919
8.453218
-6.232555
0.610000
-13.793511
-8.641485
-4.642014
7.295014
-5.007261
6.337347
2.832586
-7.619462
-1.168179
-3.409396
4.822635
0.221873
-1.509112
-11.060635
-1.536026
8.471209
5.304412
-7.633579
6.740215
-1.046358
0.624568
3.781437
8.251699
-2.115457
1.812166
3.204628
1.587954
6.499547
-1.029064
9.592753
-6.487295
14.814939
9.439045
-5.155519
-0.173704
-5.712079
2.133464
-6.470544
-5.988021
-1.020779
6.942203
-5.680657
-3.612178
-4.887492
-8.196836
3.210552
6.958992
8.030916
-1.663297
4.576068
1.086896
2.941638
-6.120513
-3.972044
3.481823
-9.872196
2.019052
-0.014398
-5.498541
-5.059123
-2.015033
1.459963
7.351189
0.223427
0.863417
-1.443211
4.141397
3.222652
2.311661
4.578213
0.408362
3.456014
-0.291437
4.080047
2.002968
-0.799449
-4.143458
-7.675625
4.410495
1.826566
0.037830
7.672596
-1.868475
0.343062
-4.221321
4.648650
-2.210935
7.636308
-6.283494
2.936320
4.508337
-3.474273
-4.051439
8.429559
5.257809
2.537508
-5.725964
-4.480642
-10.705153
-6.781724
-1.888908
6.082966
-0.943596
-2.562401
-6.058667
1.871634
6.808344
4.439372
5.224068
-3.157847
4.480517
1.587743
-8.757703
-6.340511
-2.230268
-0.371853
5.286894
-0.238801
-0.163154
-7.731116
-4.878330
7.251680
7.443225
-6.765726
-0.764729
5.781167
1.533709
-0.065175
-1.317876
8.067457
-7.418259
-6.139969
-8.694854
-7.147321
-3.307313
-6.188247
-4.948721
-0.142150
4.672606
-5.774604
-4.721095
-3.113714
2.411292
5.017114
5.226332
1.218909
4.835424
-3.462073
0.300729
-1.959170
-6.839378
0.806695
5.014071
-2.626970
4.808066
-11.377086
6.485905
8.574542
-5.517839
8.259301
5.064305
-3.192636
-3.557503
-3.840960
-4.867907
8.564153
2.181890
0.332475
7.484964
3.512328
10.262834
5.215725
-7.350171
-4.533576
-2.180229
-5.338940
5.651682
8.661638
6.129405
5.942723
4.001164
0.004242
-3.151709
-7.775354
0.403541
-2.462617
-2.569404
-1.439140
-3.778701
-0.329392
-9.679509
4.082614
-0.138886
0.126975
-8.767201
1.873616
-7.761864
-2.650079
6.791183
6.825958
9.216814
-4.055186
-7.782594
8.253730
1.085493
-1.747252
-1.689999
9.364511
4.053890
-7.084419
-3.992397
8.144894
-2.456718
-3.712520
-3.415871
0.364491
-1.750659
-9.740588
2.600785
4.693493
-0.399545
-8.192778
9.118883
3.456636
2.818311
-2.501089
-6.342035
-2.744412
8.605625
6.533763
8.068482
-2.638402
12.816707
-0.420564
4.616763
3.654916
2.424595
-7.236003
-2.745049
-0.315415
1.502242
-7.874100
-1.421197
-4.140849
3.629939
-3.031488
-2.463384
-0.311853
1.113167
-17.596542
7.248996
2.101821
-1.399614
4.580640
4.172267
-4.310925
-0.635612
0.188446
1.821452
1.618702
3.978893
5.258478
2.363434
3.936260
7.622192
-2.779545
-5.466739
2.780405
8.591270
3.110922
-7.229110
3.780040
7.331607
-10.065900
-0.491644
-3.096720
1.670082
-6.046674
-4.368794
-17.462315
1.215498
-3.757596
-8.728670
1.280375
-1.050800
2.510300
-5.184195
4.031821
-5.286466
-5.415349
-1.928180
9.587661
0.305181
6.602737
4.055524
3.219209
-0.459973
-1.143022
10.900735
7.488976
11.946488
1.963991
5.631116
-0.208750
-11.931435
-5.740267
-4.534472
6.365352
-5.008749
-4.122335
-5.232036
9.169289
-6.296605
5.031535
9.445602
-1.912620
-0.562507
-4.207033
-4.008713
-2.837005
-7.698770
-1.341468
1.711228
-3.247415
7.287991
0.492839
-5.389987
-0.623327
-9.207397
1.621066
9.743617
2.679272
2.552596
-1.810642
-0.070431
-0.345371
-3.952832
1.250725
7.004249
1.689969
-4.165949
-2.588311
-3.147206
5.813297
-3.830206
4.462922
-10.415902
-4.221006
-8.141131
14.813054
-8.841846
-1.585330
-1.419338
-9.926509
5.445267
-1.869061
-1.494187
6.902221
-3.377673
-0.095095
-1.604694
-6.875183
3.182468
2.241410
1.299729
-8.342154
-1.631589
6.625952
-8.791690
2.134921
8.231737
-2.882022
-5.212852
-3.986007
7.190074
-1.820815
1.971734
1.252201
-4.101596
-1.347965
6.819829
3.286868
-6.186883
0.636708
2.391678
-4.419314
-1.228066
1.071491
-4.708513
-3.437032
-6.725128
12.254359
0.577173
1.862108
1.087320
5.061455
-1.145727
-3.450175
-0.686199
6.746089
-6.705187
-2.381759
-3.362540
2.813533
0.091020
-3.346560
-6.139772
-4.681166
-5.513957
4.390030
-0.637315
-1.278401
-1.327287
9.570230
5.289621
-4.072817
-6.354068
-5.076683
5.377940
13.080814
-7.806262
-1.900541
-2.581318
8.728872
7.042240
-4.404382
2.137954
2.610709
-7.912790
5.240488
-3.455679
1.482332
3.802659
6.243179
-2.440641
-6.776173
-4.113789
-2.217093
-3.411178
1.405902
4.764705
-9.647839
7.354943
-9.004998
-3.255378
1.979717
-0.167698
-4.234339
6.471551
-4.514926
4.462024
6.670904
6.364985
0.279826
0.112010
5.338095
3.508456
-8.247426
1.377131
4.782089
-1.376320
-9.085258
-3.714796
2.286073
7.469544
-15.475982
-0.515126
7.823699
-7.482952
0.699767
-0.241412
8.571313
0.016605
-4.576978
3.720995
-6.315633
3.395197
-7.916158
5.395258
-3.545072
4.131529
-5.027399
-4.879969
5.301198
3.108042
-22.280296
5.550426
-2.808531
-3.776944
7.987541
-4.085294
1.790954
3.227620
1.330327
-10.970396
1.595466
-23.086899
1.133978
4.787323
-0.905354
-4.581334
-0.246950
-6.666609
0.450931
-16.401188
2.319039
7.732426
-5.346947
3.189714
4.617604
1.353495
4.089028
-10.731359
-10.812940
10.423855
-4.858911
6.863747
3.807669
2.637282
3.224267
-2.219250
3.086342
5.356588
3.464617
-4.228312
-3.551451
9.374176
-1.211240
7.904207
-0.995191
2.010118
-6.333699
-5.091768
-3.824314
-3.030950
-1.137374
0.772963
-0.684127
-4.689141
-0.780925
3.796404
4.794492
0.848624
2.793344
-3.656579
-7.998891
1.052811
7.868487
6.041300
3.488809
3.268531
-0.642056
8.865624
-7.184421
2.656427
10.361397
-0.120853
-7.278396
-2.187321
-5.356868
-4.235863
-3.169645
-1.610294
-14.646289
-2.716820
-8.953115
12.889837
1.208822
5.674086
3.554149
-13.330643
3.386936
-5.232085
4.695278
-4.597429
10.249477
-3.772482
-6.142097
4.194516
-5.037075
0.240450
7.514837
5.686548
-7.163711
4.832484
13.180710
3.090261
-10.387873
-6.165693
-1.818978
3.966532
7.065217
-16.448284
5.426147
-1.404146
-9.179172
2.914783
-9.268907
-9.884412
-1.087843
3.723761
3.065728
6.028834
7.949360
-2.760796
1.876203
-3.887185
0.417442
6.816289
-5.676330
-3.250067
1.156386
-2.864111
0.288416
-10.554587
7.899590
-2.133420
1.616938
-4.514978
-9.345253
1.421073
2.774371
7.995383
-2.465898
5.750807
-1.951176
-8.819975
-5.779545
2.475873
0.318120
1.275087
6.202690
0.265088
-19.844166
1.030672
10.962719
-4.317865
-1.997549
-7.714786
8.861302
-14.557861
8.961672
-1.223390
6.212751
1.814399
-1.627854
1.649796
7.497605
-13.884559
8.525628
3.190876
2.603807
-7.633379
6.267706
6.372633
-0.267248
-5.668680
6.381446
-3.466077
-0.822609
6.576278
4.740926
-0.137352
-4.119456
-7.483056
-3.261598
9.211750
-5.024487
-4.903127
-3.691676
-10.969780
-5.099396
3.345209
14.924962
-2.872346
-8.632644
-8.135420
-0.389911
-7.335952
-4.929450
-7.170757
5.898303
1.035036
0.902151
-4.163940
0.322516
-5.177520
5.391485
-12.240570
-5.390178
3.054427
8.125511
-5.346392
0.949327
-7.673386
4.491711
-1.220077
-2.080318
-2.153601
3.348864
-2.534545
-2.168102
-0.587431
-4.992579
-8.228031
1.924839
-3.378949
-7.346008
-8.059086
-0.678999
10.989492
6.279252
0.673422
3.617431
2.597007
2.953056
1.441629
0.280090
9.150448
-5.377215
12.763561
9.317324
-5.341739
4.841185
-9.876307
-10.890525
-2.118174
10.200511
-5.059737
-12.680143
-0.180777
-2.666742
-8.480654
-3.114338
3.282864
-10.996305
-5.132799
5.198647
-2.383432
-2.184441
1.855958
-0.426734
0.671799
2.130888
0.282691
9.121760
-2.746619
8.096894
8.296307
-2.653720
8.065388
7.966889
2.766059
-6.817504
-3.469148
2.425916
-0.557811
0.393568
-9.143311
5.538064
-2.508190
1.887834
-0.280222
-0.757229
7.516425
-8.538591
3.899076
0.118333
2.453922
-3.822263
-3.974213
2.646916
-1.945908
-2.998644
1.902115
6.059256
-0.902921
-11.266545
11.309620
2.731891
-3.692211
-5.724926
-0.818177
10.715966
6.035875
-7.077888
-1.827140
-4.260468
-4.849296
5.072365
-4.398908
5.119046
-5.320457
-6.465352
-2.242373
-4.908871
-6.019633
-1.697586
2.307638
-0.466640
-1.646682
-6.619432
8.553498
-3.087125
4.170040
-3.950796
-14.063766
-1.320350
3.709922
-7.996101
4.516757
4.367778
6.123554
-3.823075
-2.285928
-7.777835
-1.341183
4.087916
-4.078805
-1.977679
3.069961
-2.599987
-3.516496
8.292853
-1.159720
18.544252
7.078834
-1.681086
-3.872138
6.025793
-3.124743
3.940370
0.557228
-4.231535
1.210170
8.238376
-3.656302
-0.056901
9.011032
-0.922514
-4.634366
9.138282
-5.118392
4.672782
7.397937
1.676037
-7.369249
-4.676827
3.081593
2.645604
-4.124036
-2.927357
-5.050743
0.959298
-1.917887
6.141183
3.666704
1.595745
-6.302466
-2.638895
4.863925
5.128659
0.321768
-1.673035
-1.240963
5.745216
0.975095
-3.444223
-5.685652
10.878662
1.223486
-6.746974
-8.517057
-11.037926
-3.554343
2.218901
7.702446
8.942504
6.795992
0.633429
-2.841318
1.210793
-2.720604
-8.669872
-2.949782
6.743844
-2.926014
-8.300180
-6.715958
-0.112638
9.601471
-4.018234
-1.280509
8.086920
4.016188
-4.255696
8.590112
1.133377
-1.474440
-4.737768
-1.412654
-1.918468
0.667616
-2.111249
10.295785
-2.596436
-3.951679
-1.259513
-4.091994
2.731288
-16.176867
3.908329
8.016519
5.722121
8.364501
0.702761
10.981105
3.972982
5.492436
9.351074
7.694068
-5.010890
0.832004
7.556503
5.818281
-3.250933
0.712988
-0.413225
-6.188206
-0.700763
-6.619565
1.427548
-1.032985
2.965572
8.704150
3.637883
-0.365160
-9.897069
-6.839732
-4.705407
2.772464
0.974995
6.694949
10.871209
2.015124
-1.945796
7.771545
9.875029
6.742576
-2.683597
3.910669
-2.596891
4.454192
-2.397263
-6.179893
-3.882296
6.639673
-3.018351
-0.530612
1.835913
9.613314
3.029536
3.336439
-3.988861
7.774105
-0.441058
6.326219
-12.192966
-4.441412
-1.031497
-9.842338
-7.456635
10.097371
-1.702471
4.160429
-4.176723
9.467047
3.798763
0.821388
4.842145
-0.239636
4.456715
11.049778
1.181692
6.062424
1.258010
-2.609989
-6.150985
4.820851
-0.577670
0.210724
-1.585666
1.623639
4.024683
5.174036
8.300880
-5.661057
-7.079936
9.663137
-2.858236
-1.884422
6.861994
4.324880
9.979801
-10.712990
7.053784
-0.124494
5.009859
1.707495
-8.730318
-4.330027
-8.470686
8.313483
-2.018587
11.054282
3.622989
9.644300
-2.770274
8.576820
13.384532
2.165254
0.400882
-8.600945
-0.262763
4.602780
7.795573
-0.757970
-7.145814
-2.865297
1.613599
-0.403014
-4.077899
-5.505087
9.631959
6.339926
-0.123981
-1.367288
4.074266
6.593279
-4.338651
-5.769635
4.605347
8.710404
6.843490
0.383864
7.054019
-2.414905
10.010063
-5.247372
3.423190
1.183402
-7.548763
-0.063843
-0.605595
-5.889381
7.976750
10.458462
3.362983
-0.063079
-2.538312
1.490334
7.496302
-5.455711
2.969763
-13.442241
-8.349833
-0.960226
-4.458816
-7.699979
-0.746490
0.371736
8.364070
-10.159553
-3.403217
-1.868018
-7.554616
0.687978
0.017290
15.931581
-14.145489
6.862679
-11.218582
-6.346041
-4.248735
-1.886093
-5.535146
7.593580
-1.368180
8.743130
3.350885
-8.038435
-6.451802
-0.876305
-1.596008
1.887565
-0.458394
14.801743
-4.793032
-6.403388
2.751871
6.243717
-6.794670
3.024322
0.152355
-0.810294
6.093944
8.700366
-1.166052
-3.195454
6.283539
-2.900429
8.653485
4.362190
9.580503
-8.364007
11.192589
-2.348506
1.762078
-1.174231
-7.643390
1.167842
-1.056260
6.046065
-3.021167
-5.653044
-6.442020
2.882780
8.892951
-8.291583
0.679242
-1.201915
-4.447686
3.054454
-1.870000
-1.183539
8.812687
6.251182
0.235077
4.887156
-1.752206
-0.567347
1.054484
-8.669620
1.686016
-4.739825
-0.027191
-6.602150
-1.362695
2.731962
-4.290351
2.436428
-7.674414
14.664706
0.854488
5.979760
-0.809110
-7.164210
-8.328072
-6.259263
-14.761429
7.649615
-8.592945
7.280209
-6.817786
6.552841
-4.030969
-5.606945
0.208899
8.096963
-9.810218
-8.712478
7.667213
-1.466368
3.553409
11.399472
-2.264645
10.653457
-1.281045
-2.082483
0.027177
-9.400344
0.306582
1.386199
-6.887855
-2.041625
5.457419
1.170345
-1.976747
-4.009770
-8.270953
-6.218691
7.675086
3.999610
-8.400121
-1.063968
-1.330886
-2.635097
6.040690
6.050104
10.547852
3.648765
8.608582
-0.776353
-1.503193
2.408089
-7.717557
1.111445
0.651837
1.226095
-6.668186
5.049390
-2.775124
-3.185410
0.317742
2.450726
0.520345
-10.967440
-5.971756
6.604024
8.181085
-2.464490
-3.300065
3.374538
8.248517
-7.950184
-5.214722
-6.713499
4.550080
-2.911514
-5.462827
-6.343705
5.231652
-0.163475
6.401007
-4.951763
6.722080
-3.872466
3.060951
-4.648002
-9.655390
4.685234
4.251263
-10.040026
2.976977
-4.386586
-2.099343
1.093938
10.485254
-0.291925
3.283082
9.699075
5.341605
-6.739503
1.920120
0.236149
5.811480
3.216803
-1.867618
-0.187524
4.707037
-0.550328
-6.222185
-2.006076
-5.387028
-23.753975
-2.300699
-1.802331
-11.484309
0.300937
1.481286
-7.355021
2.542090
-6.341650
6.274316
6.641929
6.489324
7.231965
4.390347
-0.492081
-2.232263
-10.033950
-0.868810
9.272095
5.535266
-3.632647
-2.555063
6.012462
-2.626631
-11.861490
2.155905
2.820264
-1.830192
1.326981
5.881417
5.878755
1.325728
4.468644
-1.871776
-1.257553
-3.930243
-7.652355
4.801331
2.048374
-5.375676
5.822680
-12.003518
-8.773495
-1.825565
4.550143
14.065363
-1.207559
4.596972
9.825997
-2.878543
-11.689015
1.345295
5.228607
6.176803
5.332343
-8.432118
7.252675
-5.570546
-3.331853
3.841799
-7.477739
-6.927026
-4.668338
-7.473252
7.094914
5.994071
4.592656
-5.735658
0.818367
3.077793
-1.206227
4.747849
-0.862243
4.383845
0.043028
6.529088
-3.743954
0.628977
5.911383
1.423597
2.317234
-10.035736
-0.909579
-4.590343
-0.398716
2.051782
6.012508
-9.252881
6.038116
3.520163
3.866006
1.576050
1.838355
-6.469764
3.316092
3.175745
-11.020166
2.466235
-3.720006
2.671874
-3.010063
-6.889622
-16.460957
0.517491
-1.405889
-2.748849
7.761045
6.877500
5.103396
6.600689
-9.057193
-7.530592
8.388351
5.811940
6.127330
6.367120
5.362438
-5.722801
-10.080667
-1.695610
-6.098529
3.145223
3.563975
1.311345
1.488532
3.925887
6.946842
-5.916223
-1.996164
4.442499
1.084279
-1.346425
5.648434
-11.687283
-0.886791
8.790304
-5.361576
-5.562899
7.500027
4.640810
-7.770242
-5.441347
-7.483540
-2.174136
9.590225
4.261089
-3.164402
2.088431
-2.466977
1.873464
2.154001
-3.552425
9.419001
6.477033
-8.999276
2.795862
4.048335
2.890908
3.848158
3.442219
-2.583031
10.647086
-3.567181
-7.383594
-5.162364
-2.587822
-3.258521
-12.713798
-1.640115
-3.243939
-3.154255
-8.878888
-3.730554
-3.388685
-8.040369
1.601200
-3.026521
7.042689
2.884394
4.663604
-0.463140
11.281693
-1.874721
1.813942
-9.324617
2.281983
2.394457
1.939258
3.445123
4.753896
-7.258551
5.211285
0.481016
8.094939
-3.330952
2.624151
-3.291911
7.740529
5.208478
10.014072
12.362936
1.555389
2.108482
-1.159713
-8.973526
-4.591076
5.986107
-1.048654
4.267234
-8.227785
1.274207
2.880970
6.214405
6.323567
-8.950018
-1.228329
7.468862
0.963900
2.248626
1.491416
-4.618768
3.418982
-12.734771
7.918279
6.528723
1.990129
4.543270
-1.793188
6.543530
-4.556521
4.558540
2.326378
10.499343
9.660363
1.812865
8.293403
0.991027
4.880145
-2.623969
-7.716928
-6.224951
2.901043
3.351743
-4.636533
-5.532853
-4.413287
-6.638810
2.734605
4.926073
-4.893122
2.149852
4.926016
-1.906500
5.951552
5.983312
3.447777
3.617562
-0.960582
4.108158
2.827483
-2.726704
3.979080
-5.699596
-9.207491
2.449268
5.521820
5.960879
4.665427
0.245018
7.644792
3.002299
3.977773
17.062506
2.167178
5.326541
-1.756779
-2.777436
-0.873003
1.506483
8.696267
-9.744333
-7.670119
-11.035510
3.340402
-2.832231
-0.391985
2.116735
-10.050227
-4.497681
-4.588630
6.482895
5.247674
2.105260
7.118620
-2.467116
2.084556
1.533625
-7.106800
-4.362763
-4.865309
-3.952914
-1.580810
-0.230823
1.606765
4.594172
-4.381701
-1.257932
6.998086
-2.552467
-8.753959
11.073524
-8.685743
-5.018975
10.156605
-5.909750
0.635263
-8.730582
7.627372
-0.769993
-10.883421
-0.878643
4.130448
-3.954877
-9.272993
-3.601290
-7.038853
12.305206
6.776508
5.982203
-2.007296
5.415620
3.297612
0.437556
7.936246
-5.736029
-2.067951
-4.809624
-1.932780
-1.106109
2.611949
-8.409921
-0.985817
6.759866
-3.857630
5.647148
9.339877
9.022508
5.736638
5.253951
-1.543864
4.464966
4.426631
-2.791386
-0.421683
-3.382605
-0.908739
6.441544
4.913503
-3.583173
8.515623
-5.222187
4.042317
-13.362053
-11.264525
-7.339304
-1.787134
-5.617801
4.858841
10.496605
1.964090
-2.836764
-2.042681
-4.428963
-2.585133
-0.748601
3.389878
2.204648
-13.285882
2.582991
4.903469
0.013549
4.634532
-4.410544
7.018342
15.022301
-1.197539
-4.767063
-1.529469
-1.629235
-2.626250
-5.375879
6.369102
7.923150
-8.213465
1.186438
2.190551
2.724060
-5.820248
7.675443
0.358581
14.542800
0.141308
-15.066149
5.692079
-12.173627
7.870297
1.206811
-1.035643
1.208360
6.705070
-1.565351
5.250880
-2.940931
4.332788
4.655058
9.960253
9.613130
14.366320
2.859890
-6.354717
-3.051229
0.930317
1.823918
2.175186
7.985861
6.779549
-4.962698
5.808472
-3.389915
-8.740159
3.867864
1.990624
3.257160
10.184627
2.289374
-4.599496
-3.751585
-4.265130
-1.887702
0.958264
-3.475414
-1.179672
-1.522917
-1.279661
-1.321237
9.011021
1.008676
0.709603
-5.309315
5.285867
-5.335079
-2.140633
9.784651
2.077136
-9.499025
-4.680926
3.513961
2.469234
6.650026
0.837057
0.240185
-5.073339
1.217870
-7.171580
-7.591604
-0.344368
9.841270
3.544533
-4.155072
-7.729077
2.838274
0.986528
4.220952
-0.013418
1.044753
-12.330956
-2.661450
-6.721688
4.479620
5.962210
0.150810
-14.839842
3.854529
13.947792
7.146474
1.692903
-6.618250
4.006630
-0.779824
-9.737075
4.067351
-3.407752
-10.380507
-6.930164
9.105594
3.882309
-7.554955
-0.133022
-1.098970
-1.721062
-10.683103
-4.043265
13.403664
-3.312318
9.144062
0.198639
-8.012665
-1.987967
6.368692
-2.818138
2.488130
-5.230553
-2.490669
-7.639975
-9.151649
-7.458456
4.100927
4.073659
4.139555
0.376503
-1.330000
-0.155940
7.578675
4.645614
-2.260791
-8.324590
-3.462788
-1.688683
-5.988476
4.406714
-4.499681
-3.724539
-7.790291
-0.057272
5.143261
6.395167
-0.599449
-1.285209
-3.651788
-4.966407
6.781178
-4.335524
3.905451
1.312121
-4.257732
-8.935637
1.428938
13.276149
8.630371
3.886091
-7.785667
3.002840
0.801100
-9.742493
3.089504
-3.906399
0.069454
-0.473266
1.824825
1.552563
7.144803
11.094425
9.605418
2.922153
-5.611593
1.657350
-3.495384
1.094793
-6.895030
2.145209
0.207440
-7.863035
3.363090
1.770301
-5.718382
4.424479
-12.159154
-3.964001
2.505971
7.159248
-5.061570
-2.411479
0.912230
-6.783549
7.670848
-7.467207
5.324178
0.288151
-9.906244
-6.766781
-0.962590
-2.057856
3.921360
2.274209
-5.295285
-9.252040
3.302194
6.945932
7.745992
-4.216300
8.825905
6.629585
-4.172858
-0.687150
6.479989
4.497827
-4.713057
-4.329860
3.679460
7.954688
-5.495259
-5.063036
-4.703663
-4.691042
4.710342
3.569721
-7.531499
-8.540689
5.753266
-4.201537
-8.567783
10.084691
1.709286
-2.030331
-2.767745
-1.215152
7.042896
4.481953
1.983511
0.721517
-2.468732
-1.427624
1.292093
6.910000
-0.844333
2.998176
3.120292
4.862622
-2.837779
9.431337
-1.777921
-9.521921
0.596692
-6.434848
1.471292
-5.557065
6.265848
5.443053
-4.506917
-8.333966
-2.679110
0.576962
11.329853
3.908558
0.534320
-3.529789
1.068175
-11.355351
-7.222862
-0.109780
3.014445
-2.428818
-6.211630
-10.339789
14.626143
-1.060226
10.060466
-5.686290
-7.573910
5.652180
-1.679829
8.800848
-12.630119
7.082671
-5.267935
-6.055251
1.467008
-2.833921
1.086533
-1.967849
-1.243893
-7.776783
2.176399
-5.078696
-0.585115
3.228847
-6.835999
0.643392
-0.902345
-3.448937
-0.251748
6.302092
-4.664073
-1.793443
-1.535835
-2.666603
2.629440
-4.893102
-5.712329
-3.559582
10.872858
4.425383
-2.610307
3.158526
-8.792996
9.959440
3.075132
-0.785013
-3.846493
11.800775
2.839606
-15.981408
-2.395240
-11.670316
-1.865659
-9.797653
-4.338090
-3.761616
4.581519
2.269749
-4.853824
-3.373345
5.947582
0.832903
9.295508
6.562799
2.032689
9.312586
1.460357
-5.183525
8.130717
6.477217
-5.481140
-9.964210
-9.319003
3.938394
-2.373181
-5.531407
-10.409431
0.004254
-4.464384
-4.285023
7.332343
2.875916
-0.753577
1.537932
6.656526
4.937057
0.517123
-2.127947
4.611354
-2.048772
-5.265377
-0.294960
-10.519967
-10.548733
1.345145
-12.227592
4.635787
0.991047
7.581191
-3.617247
5.853414
-7.445096
7.408137
-0.969341
7.500727
-4.049236
5.262180
-4.836492
5.404068
-3.711384
6.163258
5.181884
-0.500346
-5.525733
-10.745153
3.051021
4.423644
-6.009825
-0.950406
0.449063
-5.410665
2.051419
2.731803
4.684934
8.144574
-2.424005
1.067202
2.060777
0.612386
2.851044
-9.615887
-2.885487
-4.511875
2.001377
-3.357034
-7.492186
0.161820
-5.134035
6.576637
-8.223758
-3.180423
-4.665418
-5.451001
1.564921
-6.323911
0.941534
4.683297
3.853062
9.312854
-4.589995
6.700346
-3.615353
-6.243124
5.806247
3.616942
1.821208
-0.444303
1.039999
8.160805
6.588412
3.596094
-5.288066
-4.305249
4.308940
-0.688276
3.262988
-4.392987
-4.843193
2.777380
-7.082135
-9.084180
8.180625
0.001303
-13.207067
-5.506804
0.771697
-3.423371
1.123952
3.899426
2.244530
2.712117
4.018817
1.171506
3.786885
5.559521
9.179925
-3.891203
-8.675490
-6.115346
-4.694858
8.011176
-1.249306
3.366097
-1.061229
4.331891
2.018613
-5.243672
12.070776
-8.342467
6.638054
-1.370307
2.211384
-3.634903
2.441738
7.843412
6.028666
3.207572
-10.761162
-13.120763
-4.760111
-0.796953
-6.270996
4.756201
8.897107
-7.390690
-6.237002
-1.227391
-4.771047
-3.476994
0.001057
-7.040734
-12.790339
11.527311
-4.250448
-4.929376
2.499700
3.050715
-3.084974
-0.221393
-10.465696
-4.911481
13.597072
-0.079243
0.128664
0.524436
-6.310539
-5.684346
-9.351390
2.832083
-0.264978
-0.781710
-8.118330
3.945107
-18.074734
1.425327
-8.102547
2.760575
-1.587037
-4.885292
-0.034391
-5.296268
5.229500
-0.391500
11.283606
-4.498403
-5.020566
-5.331339
-1.183239
8.623790
6.991695
-11.298464
1.553813
-10.223456
-4.038949
-1.250473
8.734296
3.015714
-4.127085
8.140038
5.775459
5.816085
4.862152
2.647290
0.803843
0.125059
0.377884
3.724367
-2.934034
3.995580
-1.284137
-2.140597
-4.435578
1.532492
-3.074994
5.830887
-10.980576
6.809962
-17.138084
0.177568
-5.335040
10.076205
9.978051
-1.025495
-2.866359
-5.346987
-1.707646
0.372944
-2.862371
7.298982
4.442420
3.687639
-3.347762
-0.386873
4.964860
-4.285656
1.135556
8.435209
0.041566
4.775663
-1.053100
0.911816
-10.850879
-2.482463
1.749626
-8.915400
4.750841
10.271019
3.566319
-7.008699
0.741956
8.243506
5.315907
-2.051150
6.750766
-8.884435
-0.269922
-3.327647
-2.173005
2.187308
1.966528
6.311513
-5.000379
3.813617
-5.502762
-13.125423
-0.532275
1.895384
9.352575
2.530028
1.748362
-3.527201
6.485787
-2.756142
6.254805
0.607990
4.909512
-1.065989
-8.908690
2.238411
-9.183361
6.032450
2.766399
-2.622742
5.068892
5.478192
3.989892
-8.997696
5.346743
1.238097
2.326645
5.449062
0.581368
-0.031015
-5.200651
8.593166
6.570954
1.028981
-0.718947
7.534297
11.201628
-1.293988
4.873963
1.250254
1.533336
-1.809969
-3.119180
-3.771081
-4.869846
-4.768054
-5.055540
-7.737500
-3.531205
8.810561
6.766224
6.842272
-2.417705
7.205156
7.753842
11.613627
-1.208913
-8.824081
-2.970006
1.210360
8.817349
-1.289373
13.176128
-4.131863
-1.241538
-5.520927
-8.553858
12.950942
-3.463181
1.592450
4.261614
8.629901
4.417365
4.674029
-6.878620
1.121131
5.932231
0.708015
-3.884638
1.824023
9.070466
-6.921516
2.771706
-6.323587
-3.376879
5.458799
-5.258708
-1.806512
4.323863
0.736686
5.663164
-9.315773
-13.546763
6.581848
-3.319945
-7.856232
-10.262716
3.570731
-9.372766
0.876644
0.958888
-3.384474
-15.296545
8.027348
7.956537
-3.710211
-5.219859
-5.817422
3.859775
-2.104479
8.741041
0.816895
6.026915
-7.951834
2.877369
-8.381923
4.487193
-10.836596
-4.405438
-13.094329
1.720786
-0.241859
-6.606615
5.376162
-8.755990
5.767685
6.717229
-2.348201
-3.112083
2.653528
2.335285
2.969102
11.746677
1.495865
-10.898625
-8.519701
-1.308056
-4.564998
3.786052
-0.561800
3.790453
9.436899
9.606925
3.112305
-1.263292
3.603697
0.275068
-2.934961
10.103850
-12.896713
-5.089587
14.884295
3.785715
-3.250626
-7.306800
5.546977
6.792212
-8.250762
6.161513
0.750780
5.672272
-1.863871
-8.045953
-11.127610
-6.304773
1.461628
-10.134788
2.649619
-1.740123
-3.892993
-0.400026
8.934836
-4.980066
-2.094337
8.344987
-1.421143
3.709996
-11.309740
2.856596
9.375401
1.365188
-2.302173
-5.170829
-12.000786
1.952945
2.490934
-0.377435
4.923194
-2.588606
0.954556
9.928358
-0.960831
-0.486038
-13.509018
-1.326045
-6.820130
-7.011290
-1.730124
-3.387513
0.758319
-0.524490
-8.745204
13.074396
4.492846
-6.193380
1.171858
2.964277
7.747040
1.250827
-5.731773
3.792150
3.218109
-2.185583
-7.192585
-7.895317
-2.695060
10.254479
4.868851
1.001216
8.129292
11.221993
-8.795581
3.010069
3.733124
2.556623
5.251035
-5.279993
-1.169237
3.275433
-6.514994
-11.851878
-5.081430
-4.690118
9.200493
-10.960414
9.015345
-12.845284
-5.432163
5.363739
-11.457131
7.537920
7.314950
-6.382533
-4.897809
-6.594619
-3.393885
8.581485
-0.775709
-2.222866
-0.942412
2.807037
0.196308
-2.165494
2.768994
-7.346313
-7.500908
-0.971692
-7.182723
6.386020
2.380415
-1.836053
-6.210120
-7.685030
-2.055612
-0.479907
-6.212738
-2.123854
4.347965
-6.198915
-3.532907
-4.600185
4.763730
-4.988718
-9.704453
-7.118323
-8.676989
4.100621
-8.633197
-3.421285
4.247237
-2.894013
-3.000971
12.279606
2.621305
-0.673077
5.677213
-8.363576
2.764159
-3.405789
-1.575673
-4.015944
6.749384
2.934863
0.341494
-10.918590
9.484682
-8.612190
8.084114
4.484933
0.730305
3.122595
-8.135896
-2.769812
1.980778
6.035191
-3.191592
0.485186
5.988333
8.522215
-5.778814
-7.552269
-5.323984
4.287327
-1.746299
4.682768
0.868888
-3.897099
9.019068
-0.790282
-1.207901
1.108397
2.172223
-0.258220
-9.549241
-9.669754
4.465300
-4.975316
-5.017509
9.263810
1.148646
4.579316
-11.600664
1.524366
4.453176
6.712449
2.941392
-6.613260
-2.948152
5.233577
-5.992196
-5.108222
-0.548209
0.992864
0.501159
4.699785
-7.706091
-9.039131
-3.442604
-4.541897
-9.128774
-0.251261
6.091667
-5.136679
1.152743
-6.168980
-16.473040
8.287261
0.320241
-2.209689
15.412432
-1.737855
-0.447544
-3.729178
-6.998145
4.918700
-5.767779
0.133044
7.371887
-4.407937
-2.181666
5.155653
3.679072
-6.183707
5.553385
-0.208346
-1.910846
-0.385962
-1.902441
3.763412
-2.944307
1.207538
14.952777
-4.766264
0.807729
-0.860274
5.688789
-4.253620
-7.877975
-0.931138
-4.072135
-1.949339
1.106112
3.551544
3.587143
8.460580
7.107514
-6.596416
-2.493827
-0.224483
2.762480
8.126444
-2.069248
-3.520551
-0.983137
3.736680
3.054141
-9.579090
-6.093258
7.752978
3.195667
1.637142
-5.888038
8.178996
-0.642527
-7.694078
9.607978
9.986917
4.091255
0.491071
2.376583
5.488329
-2.742915
-2.898813
2.433645
-3.589251
1.896912
-0.679722
2.593570
1.429595
-3.413747
-13.234668
-2.988163
1.236617
1.035218
-2.825307
7.175649
7.032437
5.609662
-5.344165
3.975445
-10.529734
-7.397604
-8.517807
3.128985
-3.806226
-9.129803
3.210585
-4.234961
3.802534
-1.437186
1.795502
-10.775446
-10.113402
-2.118064
-1.066201
6.832466
6.491408
6.376970
4.857640
-6.244899
-11.247313
-6.842576
-0.667269
-5.257987
-0.503831
-0.245022
6.816630
-13.104603
0.031181
-0.436056
1.707893
3.265426
-3.441163
8.132130
7.686250
7.431149
-9.876159
2.181716
1.845578
-0.303292
-4.783135
8.420805
-11.562353
1.234540
3.842229
5.890571
-19.236496
4.025576
-6.292431
1.413694
-3.766730
-8.056110
-3.211680
4.018804
5.445953
0.411029
-4.913610
-5.350681
6.573116
-1.114005
-4.515322
1.868833
4.619973
-2.836520
-2.968287
-9.090845
3.690895
3.378166
8.538393
-5.496352
1.763088
-2.042874
3.338915
0.514252
-0.854290
1.254210
-2.505447
6.533974
-1.600027
-8.588409
-8.392831
-2.887646
-7.643182
-7.800685
4.043198
10.293841
-7.879457
-3.642211
6.792774
1.669873
-7.198854
-5.200763
1.244597
1.552914
-11.413868
12.435519
-7.114264
-2.749872
4.439370
1.147591
3.892983
0.678660
4.979101
2.298081
3.890040
-5.556503
2.464373
-4.935905
-5.872117
7.467085
-7.592075
-0.597242
-1.218411
-1.777817
0.139099
6.167645
-6.426430
-2.607752
5.428207
2.562141
1.295697
-11.297198
2.660815
4.758542
3.904714
9.794255
7.918249
-7.044092
11.033889
4.956659
-7.186142
-3.186153
5.602437
0.871002
-2.134868
-1.507267
-1.835579
-16.120996
4.714031
1.646156
0.010578
-4.220677
-4.827756
2.377342
-3.084225
-7.157249
3.214837
-5.670005
1.922238
0.391090
5.832131
3.813757
-3.477425
1.135239
6.679415
-9.165684
-4.790636
-1.111636
5.674214
-2.482558
-2.209168
3.603047
8.391474
3.540952
7.234574
-11.089625
-10.483521
1.179242
5.641503
-2.835773
-0.674222
-1.513691
-2.596498
-2.982763
-5.078018
7.547807
-11.820609
-0.446883
2.014635
-0.410515
-0.683183
-11.888708
-1.327022
-13.965276
-1.828181
9.664784
-9.254234
-4.648230
-4.412642
1.815987
4.841371
0.667330
-12.428181
4.454997
-10.851473
-1.060039
8.929557
-9.866814
-3.193959
-0.457766
-4.343379
-4.007481
-10.611112
-7.383887
3.007608
1.397691
2.932698
-0.078935
-4.144566
-6.672025
-3.177442
-1.143551
4.365047
1.272452
-1.460069
5.083215
-0.106447
-11.897508
-3.063756
-6.505896
-7.002126
-10.107513
-4.635130
-7.415635
-0.216498
-3.608955
-4.564314
1.442721
9.917144
-3.114197
-5.111956
-5.184686
3.585471
-7.601339
-1.333822
-4.418951
1.173087
-4.775334
4.568381
7.748503
-9.861827
0.908270
-6.118669
2.358068
2.339809
-9.647403
-0.242651
6.923396
-1.613679
0.557157
-0.564041
6.152661
11.355783
-1.313762
-8.973698
-11.402028
4.127071
4.871280
-9.935181
-0.751729
10.539627
-0.406849
1.158104
4.823441
-3.458848
-3.267294
-6.014422
-4.995047
-12.248785
-2.197184
-4.032131
-8.100896
-4.578217
-7.295116
-6.239514
-1.037873
-3.202553
-7.873165
-2.957871
9.020864
-3.935843
-0.163429
-3.724398
-1.556168
-1.160517
5.510564
11.915516
9.437488
5.281155
5.412770
0.579238
-9.006694
3.047098
1.867265
0.799025
-2.613732
-5.860100
-5.193469
-2.633114
-3.149239
-3.355672
-2.453598
1.256876
5.624345
4.326784
3.060680
4.030008
-1.922128
-0.880709
-9.965940
2.250672
-4.289695
7.781665
7.819298
4.841644
-3.088977
-3.786397
-9.643906
-4.153067
3.754896
-5.394372
1.044434
-2.666802
-5.902345
-0.965395
8.870626
4.914349
-3.922438
1.101200
7.076295
-8.008853
3.810079
-1.068942
5.092597
6.111084
-10.928612
-3.817466
0.584134
6.599739
4.539521
-9.395331
7.443819
-5.528605
-11.711289
7.312887
5.181591
-8.467755
3.815830
-3.757773
2.139883
-8.746637
-2.794137
7.039685
-2.821923
-7.470972
-5.032317
-4.441037
-6.454428
-8.635097
-3.104691
-5.894683
-6.444265
-7.539456
1.774733
11.157681
-5.241024
-5.539365
-3.361972
-3.627454
3.759320
-0.606340
8.179644
-0.683843
4.710544
-11.047901
-4.580534
3.090315
6.613771
3.151761
-1.536110
3.533776
-2.010563
0.514326
-1.147454
-8.641856
-8.751408
-7.627659
-3.807403
-8.257330
-10.843528
2.663132
3.190031
1.639802
4.774641
-3.312116
-3.411047
-0.056429
-2.919373
2.407043
9.075299
-2.741662
-1.385321
5.530579
-0.389402
-7.049409
-3.317990
5.029831
-10.336957
2.416491
3.865361
-0.280452
-2.804842
4.688168
-7.680862
5.725735
0.231789
-3.280381
2.146147
3.916702
-5.446673
6.619730
4.394566
3.636777
-0.014698
-4.207099
4.474648
-2.740753
-3.224115
-5.220307
2.096666
-8.565588
9.433375
7.269288
-6.060650
-7.541766
3.582554
-0.059678
0.864561
-4.315516
-4.326408
12.826731
-2.728783
1.924451
-2.146841
7.397654
-5.115170
-1.572227
-2.884864
-3.492393
-3.709451
-6.374878
1.646273
-2.059827
5.569766
-2.068546
4.106211
-2.332690
1.060480
0.401497
-6.701113
-12.166658
-11.264097
-1.468123
15.045653
0.703047
1.852478
11.657720
8.886077
-6.226867
2.660048
-3.198257
2.627237
-3.407583
-2.873581
-8.473463
4.453265
3.835133
-10.101125
5.529743
5.153644
-6.807371
1.815377
-8.382084
-3.137769
4.682484
-6.346911
2.620529
19.908682
5.602085
0.850769
2.251877
1.531428
8.321802
5.845453
0.411770
7.058987
1.767912
3.471874
5.462317
-4.763029
-3.260577
5.293569
10.858037
-0.142795
-3.988612
-6.123028
3.482142
4.065862
3.396030
5.381069
-3.615504
-2.922447
2.880963
2.257668
-0.833835
-0.295563
1.693327
3.202908
-6.981143
-1.845512
-0.172015
-2.210695
-7.035130
6.195423
2.280869
-10.482581
7.604398
3.707914
3.125738
-4.518510
-0.525756
-2.380999
0.043617
0.273183
1.056547
14.625450
1.136059
3.020859
5.527184
-6.521757
-5.762844
-0.431579
0.732827
0.795138
-7.968627
0.517967
5.048841
6.241095
6.212024
-6.715115
2.655929
-4.662192
5.438610
3.825513
-1.083766
1.647649
17.523809
2.235327
1.020031
4.385664
-5.142367
2.359402
0.298500
3.723268
-6.546912
8.646687
-14.767110
-5.402662
-0.782577
19.434093
-3.723745
-5.211787
2.681254
15.388215
-2.990680
9.369864
8.772452
0.568560
4.076415
-1.759943
9.947916
-4.487674
-11.632871
1.223289
-9.299827
-2.568475
-1.819197
3.389045
3.929724
-4.235502
-7.240223
3.054617
-6.294871
-3.477931
-2.215558
-8.901744
5.595488
2.313860
-2.038924
-6.599290
-3.280285
2.632449
-1.298389
0.931842
0.190749
-1.731493
4.779815
5.415389
-4.771809
6.566558
13.503008
-1.946095
-8.653179
4.383568
-1.528569
-4.623888
-5.277093
3.843198
2.244418
5.283666
1.244173
3.617180
-2.325824
3.393319
-3.379580
-2.854862
-0.876341
-6.494368
3.715253
8.771974
0.527193
-6.479975
4.796392
-9.478762
7.587867
1.538419
-6.162253
-11.382648
3.015216
-6.954317
-6.125590
6.827141
4.722427
0.346168
-10.478647
-1.183770
-8.948334
-3.160541
7.708911
4.080385
9.305009
-0.760557
9.157418
-2.289768
-0.094013
1.331031
-8.550623
-4.211648
5.145482
6.559390
-1.775217
1.699469
-3.998849
-3.456448
4.825492
-3.837922
-13.244208
-7.295271
5.282473
-11.286623
4.828632
6.391457
1.701072
-2.646368
3.604508
8.128319
-2.711751
14.884839
-1.852443
0.265004
-6.516001
-7.354936
-10.356836
-4.732263
5.343171
5.054635
1.386635
-5.859028
-4.945867
2.838944
-6.360400
8.982544
-4.824594
-3.815692
7.688933
-4.536484
-9.570673
-15.361838
6.900495
1.016158
-0.161189
11.001941
4.504611
-8.593124
7.545589
1.843261
-9.532116
-7.012715
-2.734670
-6.431713
6.051879
6.550731
2.965173
-2.150935
3.267283
-2.923842
4.684725
-0.100649
5.458689
-5.555387
2.849353
5.141711
9.947227
7.301578
-9.200521
-3.331933
3.474778
-5.158515
0.096153
-4.931726
4.380074
1.609818
5.215360
-0.859712
-6.412930
0.575200
-3.843844
3.882464
5.965250
8.479782
-8.155500
-5.279508
-10.059033
-5.482558
-8.102837
1.741825
3.501376
3.735029
-3.225044
-0.679308
-4.262893
1.764745
-1.794960
7.921617
-2.820273
12.430690
-3.667034
-13.154160
3.083161
-6.545653
-4.630783
3.564243
-1.345476
-3.195607
-0.533792
-1.671122
1.828476
-2.464782
-5.558972
-0.444437
-5.824673
-6.157130
-1.448348
-4.622667
-9.818657
-10.433369
5.540451
7.024729
8.051211
3.658358
4.776195
6.701005
3.317208
5.851472
-9.299172
-9.705521
-14.366809
-4.756030
-8.631754
-2.165777
-6.972926
1.371336
-0.286239
0.483678
-8.114161
-6.927796
-7.610582
-2.812288
4.693414
4.529050
-7.107946
5.881606
-5.481010
-11.423776
-3.117405
-8.347462
8.593568
-2.087146
3.359335
4.737876
6.617798
2.043454
-11.793030
4.456761
-1.234941
2.836337
-6.543641
4.460368
5.983058
1.483225
3.401889
-3.322866
-9.231977
4.749634
-9.174121
4.800051
-1.882632
7.268750
0.779702
-5.580300
3.178367
-4.136110
7.059265
1.283600
5.550183
1.283310
-2.749044
-3.919542
-0.465112
-8.717474
0.096886
-5.857314
7.144342
2.798663
8.804170
1.142089
1.240967
3.538516
6.053010
3.115560
-2.115903
5.688950
-4.779232
-2.938619
-0.476257
-8.357552
-0.428821
5.402738
-15.500853
6.013520
-0.025786
-10.102879
-7.028329
-3.802454
-8.539762
7.421982
-1.948452
1.166428
1.114476
-10.744227
-5.831527
4.993539
-3.768936
8.140502
5.346944
13.006870
-1.732242
3.830447
3.708951
5.534492
3.753765
0.568534
3.083972
-4.520688
6.495516
0.013629
10.605077
-8.818212
-9.070092
-4.729921
0.659087
-4.532082
-6.423497
-0.216682
-2.846673
-2.436911
-3.746938
-7.042383
0.146180
8.395202
0.686286
-4.061382
-4.129224
-3.778489
-1.276352
-9.363032
-1.575784
4.870436
-8.961824
-0.224478
0.849346
-3.014023
-1.010206
8.425002
14.867149
0.062199
-2.109531
7.226935
-1.349005
1.536276
5.545829
1.537863
-3.445948
-1.685246
-0.134749
3.942506
-2.309782
4.778909
6.504439
1.718375
-8.440827
1.823041
0.485427
4.846932
4.304592
-7.276951
-8.966021
-0.996339
-0.413936
6.619787
-0.805514
8.212308
-4.990178
-1.027575
4.464033
-5.429799
-2.297581
-5.127846
0.613728
8.049226
-3.949987
-8.527996
0.805703
1.999306
-2.568922
0.378484
-2.196324
-11.817438
7.875512
-6.105279
12.089972
-5.999956
2.315329
8.375414
-5.240985
0.851193
7.391685
4.836978
-5.453017
0.732041
-4.914980
-9.282749
-5.475565
-6.860762
1.195384
-5.836805
3.299442
3.889673
3.207999
1.168171
7.278753
4.260470
4.720867
0.076650
-10.907281
7.445409
-3.164328
-4.536926
-3.239675
5.426704
3.161250
-1.189777
2.935885
-10.524178
-9.130699
-8.573515
-2.253335
-2.496686
-2.122546
-2.595885
-1.228102
6.627685
-2.096979
-2.531648
-8.692001
-6.784072
0.066430
-1.878376
6.175707
-4.559708
-4.394899
-4.926450
-1.225740
-10.259923
-0.570705
-2.882460
-0.344181
-1.801938
-2.270848
-4.479937
11.013906
-12.704169
-1.182068
-14.848748
3.843026
-6.020597
0.719727
-0.573109
0.258714
-0.280816
-9.108566
1.695964
3.194768
-4.291838
4.493968
-8.113243
-0.085575
-7.941046
2.356719
1.662322
5.246396
-2.499899
11.829557
6.323677
-7.813791
-3.011557
9.563502
13.176046
-9.128736
-3.474058
7.667557
-5.910204
5.988550
9.501536
-2.266393
5.288991
0.489174
-2.271679
-5.770313
-1.989922
-5.524348
6.377283
4.617339
-1.655069
7.647677
6.032684
-6.765831
12.643236
12.666901
7.546027
6.527025
-3.386721
-0.613542
-7.479410
-8.370638
0.216386
-1.577425
1.122502
8.485776
2.298514
-8.220277
11.945458
3.374773
8.363914
4.682358
-3.865974
-10.046195
2.679393
3.136504
2.255191
-4.290524
-2.284643
-2.179143
4.547107
-7.883647
-0.140197
2.483987
5.408470
-5.501761
1.908615
-3.731168
0.109996
-4.082934
0.919360
8.739471
6.351484
0.653181
-6.970843
5.112389
1.930111
-9.579754
11.386833
-9.019561
-1.636898
4.129598
7.354744
-0.352447
-1.255443
11.260661
-0.337586
-4.282431
-2.141763
10.492372
-2.040109
-1.177111
-6.548546
2.151228
0.216904
1.880197
1.391159
-6.288398
0.331806
12.739678
1.834451
3.906052
3.339237
3.088000
6.217166
-5.654042
2.652690
-3.967913
8.792519
3.383908
-4.456090
-8.224760
16.330288
0.771268
-15.302864
2.310910
13.815662
13.255868
0.432613
-4.822141
-1.368016
1.940107
2.766040
-2.398036
-10.230385
-1.953699
-3.253303
-5.048112
4.709684
-5.564443
11.287260
5.012295
-7.894561
0.803535
4.646808
-4.955383
4.883945
14.136955
-0.264911
-7.995091
1.037389
-4.784977
-0.813277
5.194273
3.278567
6.095948
-10.735106
-5.435474
1.745892
-4.648938
0.915723
-0.805737
-8.423418
13.949160
-4.907316
-9.383988
2.430373
5.083202
-7.235667
2.184491
-1.784642
4.912475
-5.423065
-1.086038
-5.001721
1.120223
6.547108
-1.036297
1.545758
4.884653
2.974128
5.201633
-4.409387
2.776766
-9.662717
-3.100078
-1.368825
1.280105
-6.331419
0.142632
-0.967333
8.607008
-5.254374
-3.112722
2.174019
2.319365
6.112076
0.128428
-8.422134
8.748010
-3.434522
1.877517
-0.861422
-0.674833
-5.392417
8.204338
0.060283
-11.291561
0.760151
-6.308772
-2.710311
-0.438846
-7.920402
0.712842
-2.998264
-3.178948
3.983510
-4.305357
-8.460213
5.634353
-7.792883
6.067414
-9.105944
8.975843
1.073942
8.457153
-7.030712
1.304151
-1.746891
-0.495746
-8.076221
1.932007
0.621147
6.647239
2.202571
1.697013
-0.803214
-6.322708
11.345112
-7.764594
9.058416
8.196812
-8.688294
2.294289
8.759554
-0.413097
-0.316210
-2.207501
-10.827562
-1.840871
0.460335
1.727051
8.397626
1.223861
-8.763329
-7.589677
-3.374810
4.617345
-4.457724
-2.978678
6.123639
-3.427348
10.488805
4.538282
-0.078792
-1.580432
-8.000564
-3.778986
-4.999741
9.069007
-9.610602
-2.258736
-3.749390
8.944401
2.843624
0.903761
-4.614846
-0.890627
-1.947738
-0.712395
11.207696
-1.377859
-3.628159
-0.285830
2.492334
6.052453
7.004252
7.104868
-1.988423
3.657795
0.886133
7.385247
0.147651
8.679963
-6.705243
-6.594129
1.202780
9.859293
5.098958
-2.704134
-1.653161
6.726081
-7.106898
-4.229805
-2.785437
-1.211819
-2.299368
5.120764
2.945676
-0.468901
-15.795741
-0.408490
-3.903184
-0.874365
-4.486544
-2.106450
-2.782100
8.642863
13.863002
-9.671491
-0.240500
-9.061294
-2.314102
6.768364
-5.988630
8.207782
0.064755
8.220783
-0.690975
-0.454493
-2.745245
4.297080
-4.932957
2.948406
-3.975906
-1.688722
-3.040457
-7.987084
4.459383
7.457168
0.321659
-8.835468
3.377258
-8.916346
-3.651970
9.688351
-2.102175
-3.199671
-9.839363
-9.872519
-4.467105
-5.944645
3.072143
-7.685329
3.422228
-0.749583
-5.821325
-1.277649
0.786756
-0.129582
-3.713616
8.191428
2.209584
5.851840
3.237154
-2.473294
2.943798
9.147768
-4.999882
-3.116136
6.075080
0.878446
-0.419127
5.542927
3.121348
-5.138188
3.540818
-5.370526
-3.570245
-0.724817
0.609261
3.983431
-1.535092
3.904343
0.651858
-1.355031
-2.541976
4.464837
-6.519176
1.031428
8.692329
-6.768064
-3.610860
6.512601
6.073934
4.894022
9.592338
1.599516
4.627748
6.534458
-0.517594
-6.379094
4.826203
1.972103
2.384158
-2.991084
2.627951
1.308759
-0.624936
-2.045331
7.974444
5.822689
2.125113
2.543684
-11.247751
-7.550303
-4.954185
0.117448
0.493437
2.652411
0.316818
2.910696
8.490021
-4.759702
-6.893113
-2.679373
5.731085
-4.620316
13.627042
-5.533570
6.388116
0.244475
-0.823444
3.493089
0.515601
10.447957
-6.466801
2.165432
6.626417
-5.222755
7.696990
4.823337
-13.655343
-1.582792
0.086394
1.541012
2.521424
11.851267
2.944004
4.519300
1.306867
-0.655589
-3.276933
-8.713276
-9.255277
-4.393925
-7.379041
6.732030
-1.416059
-9.083408
3.915912
-3.919214
-4.967642
1.663532
5.423806
-7.192907
6.491401
13.938732
-6.320443
7.087977
4.806312
4.167957
-4.624959
-2.286120
3.757495
2.554198
6.097231
-2.475401
6.793063
-8.620104
3.975509
-2.204350
0.621588
-0.860712
-4.196443
-1.636204
-5.766131
8.422603
6.432412
0.459208
2.715341
5.454966
8.617619
1.153604
2.018112
3.657957
-0.070548
8.117548
-5.694870
-5.605699
-0.461578
3.476334
-8.423224
-0.743741
-6.517161
-1.565192
-7.960249
1.411354
-2.735574
-1.606142
-9.365390
7.176907
5.079609
9.448026
5.860328
-4.312400
0.389215
4.621784
3.696365
1.245450
-1.445429
3.128304
-7.621658
-7.767826
2.848810
-7.038576
-8.386347
-5.002913
0.070684
-0.515882
-1.587858
-1.100960
-0.466467
8.003404
-0.454611
8.864273
-0.745637
-6.515219
5.983194
2.291566
-0.399786
11.612940
0.488196
3.047666
7.732371
-3.568445
3.020532
-3.904191
-1.215823
7.760076
-1.666662
4.884872
3.003099
-0.345612
0.033316
-3.686924
4.701152
-7.671085
-6.959805
-10.663010
6.073702
0.172761
-0.128861
3.140445
-0.629734
-6.682810
-12.892394
-2.309455
6.044813
8.891681
5.044145
-1.013968
0.741783
8.402025
-2.785212
3.112130
-2.449365
-0.211107
-7.055020
3.609082
-7.079990
11.521008
-5.602341
-7.612438
2.170711
0.674143
-0.764287
-2.966937
-7.063710
-16.906588
2.103042
-5.692712
-8.303123
-1.732538
-4.076191
5.262209
-11.602009
3.403811
-6.580824
-6.691909
-4.468955
3.914078
2.114703
-10.057895
0.227837
-5.164185
7.033670
-8.956764
10.602637
2.701460
2.697077
0.125235
0.885150
-2.900589
-3.045222
6.700782
-5.980835
-2.930230
6.318618
3.049459
3.827852
-0.424681
-11.473347
-0.997835
0.307622
1.200731
-3.444621
0.803842
-6.806214
1.962367
-2.626300
-4.131723
1.004637
7.115005
12.852201
0.737622
4.837998
-6.834578
-6.870873
-4.608046
1.777964
1.637602
-0.328861
6.458385
-1.589804
-4.267901
9.335012
4.175579
1.652097
9.632190
-10.163597
0.753347
3.714741
-4.091898
2.103387
-5.052219
-6.127153
-7.844899
4.662637
5.836134
-2.857405
-1.850448
5.518832
3.482829
-5.806736
3.731261
-0.098305
10.342083
5.575764
-3.915684
4.169639
-2.910399
6.675084
6.061249
-5.080895
-11.275338
-5.526973
-7.499833
0.390671
-3.504340
9.364245
-7.497107
6.511566
-4.027107
7.374121
0.834997
3.028476
2.530709
-8.072184
-0.240507
-0.107737
-7.069881
-0.044713
4.596652
1.278055
-3.047024
0.842723
6.909197
-12.445821
-0.986760
7.227521
7.138140
1.042892
0.079157
-2.100858
-13.265681
3.318195
2.751645
3.751240
4.286407
-6.720699
7.047569
-0.881286
-1.710792
2.050100
7.167558
-11.962000
-1.483675
2.806770
1.189934
-2.321804
-2.098299
4.691560
-2.925729
5.593208
-2.764168
-4.636555
1.462910
-7.875973
-4.853264
-9.573792
3.184354
-5.762948
-4.896278
4.042834
9.263653
1.950841
-4.829606
-0.314526
-0.328293
9.324626
-4.736175
-6.965038
-4.724083
3.575579
0.095232
-4.725105
-5.488705
-5.674646
-9.835661
0.455517
-8.441234
-6.632297
3.200454
6.448877
-1.421651
5.380299
3.178583
-7.078121
-2.194538
-3.444667
5.554738
-4.223651
-4.915566
-0.017601
-2.770184
3.370101
1.595180
12.215778
4.529036
-10.571465
-7.320808
3.747411
10.848502
6.882629
-5.465867
5.541772
4.582612
-1.890850
-1.988099
-3.599634
10.126824
2.908262
6.980692
4.614961
-1.422884
4.096577
3.809829
-4.664888
-2.456688
-3.042891
2.175438
4.622368
3.132317
-4.338108
5.357064
-2.276977
4.250777
0.607433
-5.102756
6.952215
-3.745584
-0.345372
1.217178
3.431348
0.741821
7.308354
-9.189418
-2.624483
-10.248547
2.479745
1.190514
-6.620239
2.028431
-2.519530
-5.403020
4.478043
-2.325120
-6.909631
7.406420
-4.478115
2.644600
-1.441367
-4.846005
-2.081580
2.582644
-4.482898
-0.122272
-0.580603
0.779892
-2.232939
-0.219518
-4.340347
-2.486212
1.397493
1.772889
10.511620
-0.291869
6.077691
-5.721048
-5.405817
-1.075710
-9.771764
-7.788915
7.445840
-0.588137
-0.019085
-11.458732
3.865508
-10.829497
5.316756
3.316560
3.810583
5.734382
2.204495
-2.096122
-7.560889
0.298754
-2.510959
-2.012437
-6.593134
-3.071638
6.681767
4.857931
2.928045
2.221275
0.133637
-5.641667
2.801016
5.668055
-6.657427
9.924617
6.108968
0.029054
-4.692817
6.536123
-1.609925
15.145752
6.144821
3.101891
-4.066519
6.530824
5.634271
1.385658
-4.142919
-0.553330
-0.310638
6.945855
2.417162
3.941219
-5.049727
1.630482
-0.063203
-10.948280
-4.432431
1.634350
1.631934
-9.403699
4.660814
8.334517
5.168257
-4.880690
-0.757653
-9.728379
-1.488631
8.144863
-9.291946
-8.644822
0.867121
-5.480376
-0.193848
1.910908
-5.593779
-2.224468
4.910572
-1.837131
-6.135180
10.205809
6.935296
-4.576964
4.563467
-13.000393
-6.701025
1.594858
2.880981
1.326048
12.166240
2.028944
-4.882492
-5.549407
-4.999448
-8.555388
-7.326879
9.686745
-5.881306
8.200097
-8.078115
5.234656
-3.157515
-7.040357
-8.187662
-0.969894
1.392983
-5.900018
3.399095
-3.873046
-3.911708
-0.825009
-1.957310
-5.682972
6.219799
-7.127368
5.320997
7.649058
5.818112
-8.197417
1.633356
11.240960
-0.089804
-5.674649
1.489242
0.873582
5.922994
3.086795
1.426765
0.167000
-2.870679
4.540952
7.531508
6.150104
-2.227159
-8.294589
-7.138798
5.221979
0.541673
-5.264135
-5.701527
1.572957
-2.222958
-7.334161
-2.421943
4.504655
0.416334
-11.935769
9.193722
-8.089340
1.239188
-5.631096
3.564284
-8.027570
1.860468
12.414090
-4.050999
-6.632859
-4.685779
-0.896110
2.249932
-6.387663
-24.542002
-0.507815
-5.443533
7.558382
1.430433
7.812182
-22.818855
3.492287
-3.288648
5.120015
8.711558
-6.292298
4.306766
-1.172385
-3.480413
1.045022
3.367123
-8.672359
1.403335
4.916551
13.343951
-8.614187
-4.103906
5.669084
4.993917
3.351622
5.010764
-0.797263
-0.016396
7.553720
-15.153179
6.335103
-7.112942
4.991478
4.387054
2.205009
5.208229
4.921881
0.535243
-1.152655
7.917895
-5.416208
-7.233747
-0.070191
1.165655
14.986988
-2.180426
-0.427677
10.045692
-4.993284
-11.578864
3.446409
-0.316009
6.474326
-3.818376
-5.302701
-2.258632
7.419306
5.449842
7.655683
0.308561
-2.609868
-7.912889
3.532016
-7.995705
-7.703409
9.059537
-9.218595
3.399853
-9.132656
-1.766435
-7.500153
2.040419
-2.085597
-5.659915
3.484529
2.102060
4.239990
1.886637
-6.398219
-7.557188
6.309487
7.336028
4.657845
5.547935
2.543475
2.665287
8.286435
-0.806115
12.306844
-3.204975
-5.423098
-0.594838
-5.981391
3.211296
-9.628041
-16.230896
2.568336
2.151735
6.051991
2.252110
-9.471704
-9.568861
2.074058
-2.454736
4.055488
6.495879
1.990319
2.488188
0.025284
1.767598
-7.394449
-6.456628
-8.503071
-6.293039
-3.174624
7.058347
-2.358369
0.293738
5.957565
2.834146
1.143964
-5.673028
-7.754113
-7.173355
10.319564
9.893456
3.531414
-4.179764
-4.685284
1.720142
-0.235727
-3.348143
7.140298
6.535490
1.479283
-1.342556
-8.828200
-5.411041
-7.414105
2.313078
-1.544312
-2.519262
5.561161
-3.887148
-7.783995
-1.788766
-10.616286
4.665702
-3.670340
-11.406635
-0.390110
-5.896373
5.752486
4.442627
7.653139
3.221829
1.618518
1.161142
-1.414210
5.236296
-2.405766
-1.509327
-0.459345
3.500146
2.208046
6.638547
-3.941676
7.698912
7.195022
0.654607
1.055849
-0.938176
4.830664
-6.710015
7.573901
-2.259670
7.195108
5.661706
3.876964
6.342665
-15.102358
1.629546
3.070643
9.839699
1.881267
-7.760850
5.881261
-0.882048
-5.212884
1.766320
-3.849779
-8.219609
-6.505558
6.949747
1.839278
0.461229
2.707489
12.853675
6.176936
3.951466
7.291647
-0.257365
-2.368478
4.856918
-3.254158
-4.261258
-2.195719
7.434246
-5.247624
1.031462
-4.515673
-10.005196
-7.947887
-4.551843
-4.671062
-4.173406
-4.136816
-2.656682
-6.582368
-2.420823
-4.326065
-3.575885
-7.618983
-8.441267
-5.150114
-3.576215
2.435583
6.760402
4.039521
-8.197913
9.841053
0.900799
-10.553592
2.073826
-4.481391
9.015514
-1.861740
3.170690
1.720330
-1.027696
0.397543
-13.162920
7.506123
5.142706
-4.737709
0.686235
1.274855
3.052697
3.926339
1.733675
-2.963170
-2.315935
-3.655609
2.393136
4.385009
4.052096
-7.051972
0.626857
8.261188
-4.890153
0.344776
3.739505
-8.699096
-1.909964
-2.270706
0.751922
-4.116146
2.074903
-1.252956
-8.119636
1.308332
2.973209
-11.832342
-3.407713
-0.231689
8.674562
3.332541
-6.283745
3.503998
-10.307550
-4.572436
-0.939685
8.760899
-2.277691
-8.669742
2.954683
-2.317101
-6.339382
-7.783283
-1.159849
-7.521126
-2.394133
-8.247947
-5.190542
4.841084
-5.926413
-2.535877
-3.643373
-1.546879
5.681828
9.334415
10.407038
0.519707
-7.500324
8.585032
-9.878827
-8.565907
5.402123
4.507868
-4.030522
-0.193597
8.990313
6.197797
-1.768639
-7.412493
-13.497987
6.891199
-1.476157
-4.324970
5.097304
6.965234
-0.416456
-5.684273
-0.631666
-1.463569
3.725671
7.165146
0.201638
11.678886
3.276616
-4.453936
-3.005088
0.403841
0.991313
-2.156620
-6.421700
-5.991158
-3.566364
3.699310
1.963380
-5.502128
1.730821
6.552074
-3.981876
-6.620214
-5.497667
-3.602441
10.287840
9.749364
0.786773
7.001747
11.077268
0.751432
-1.079109
0.378270
-7.526962
2.040725
4.448056
-5.620260
8.558337
-1.796150
7.371004
-1.175416
0.661817
-1.805473
-8.246213
6.425586
-4.953107
-18.010973
-3.885251
4.372560
1.438453
9.743896
-1.599252
-4.923528
8.555409
4.891008
-1.849729
-2.309477
-2.858371
4.547201
6.616531
-3.032703
0.098933
5.752276
-1.548612
0.912871
3.568386
6.843472
3.680488
2.581059
-9.440457
-5.458305
9.745914
2.611881
8.983443
-4.534035
0.192406
6.843482
-9.714891
5.112206
-6.530472
-0.687768
-8.969862
-3.978566
2.416112
3.689092
5.424759
-4.549445
5.687338
-3.893329
4.034627
-0.856481
0.085471
3.923658
-6.353859
1.783185
-0.165713
-1.237373
15.928905
-5.079055
6.513220
-4.420448
1.726760
-8.489372
-4.405965
-6.853717
-2.196972
2.166187
1.629123
-1.419653
1.375181
4.742573
-10.544106
-3.976065
0.563104
10.053067
4.175428
-0.936140
-2.346608
1.021110
-2.263139
2.130592
-0.619839
2.988299
0.108902
-6.633815
7.782165
7.429396
6.900156
10.094719
-3.896437
7.084157
-1.740154
5.371387
-4.281022
-0.972439
2.786510
-5.112604
2.252771
3.487374
5.491229
-3.130075
4.280955
5.075932
1.046325
6.649011
1.010335
-8.654018
6.886999
0.875658
-11.559424
10.616881
-2.803694
-10.851218
3.500902
3.510088
6.488898
0.209776
1.970909
-6.255418
-4.511043
-5.122052
6.708597
-11.121068
1.265166
1.640892
-4.727331
1.117144
-3.141565
6.273869
9.505310
1.246074
-7.983336
4.635656
-3.516414
1.171687
-6.458874
8.217152
-2.461894
4.041822
-7.733792
3.709416
3.522747
3.865302
-1.280769
-4.661833
4.025627
4.081031
-7.035182
5.164134
-5.910784
-0.073086
6.251383
5.997073
-5.684874
3.443243
-7.790607
-14.402332
0.252733
-13.325701
-5.092345
-9.228363
4.366431
4.614492
6.777903
0.203541
-0.534301
1.526060
-0.104624
-10.710076
2.023631
2.008825
4.259623
3.072541
-2.139337
4.026483
4.262105
-3.377211
-13.922709
-0.223942
1.251269
2.315259
7.879230
-3.647773
-2.952580
2.226159
1.173483
0.399252
-1.226375
7.826403
2.273959
4.451403
9.970564
-7.593462
3.637920
-4.621177
5.243645
-0.418624
-6.280778
-4.329226
-8.237187
-10.791863
2.493376
-12.530904
6.323916
-0.427057
-13.983297
-10.724372
6.738984
0.654767
1.334197
3.149446
2.546804
-1.450566
11.130456
-12.602261
0.003524
3.683080
4.864037
4.548946
8.524738
2.907229
-9.108034
-3.495158
7.813508
6.412726
3.532047
2.233587
3.577496
1.862816
-2.383084
-0.952320
-1.223180
-7.723858
-7.792048
0.645531
7.257138
-0.529796
4.176383
4.303766
-2.254945
4.616975
-5.190042
-2.975968
6.426863
-2.361050
2.620457
-5.228206
2.805047
-3.037601
4.960421
1.144268
-2.545172
-2.920663
-4.292350
3.952880
4.849722
1.113887
-5.297915
11.735899
-0.044537
8.959825
5.055923
-0.277580
-9.918333
1.554588
-2.208612
-7.352408
4.651109
-3.086385
-1.036180
-5.597178
3.634167
-3.345647
0.242405
-7.547536
-4.729724
-4.810943
0.301653
2.581577
-0.020940
0.318026
-9.935330
5.133236
-2.472339
6.756961
1.434068
3.764595
-1.966335
-2.993506
-3.604867
9.153728
-4.622685
2.344773
0.832333
6.374526
-8.299088
-2.945141
-1.864597
7.250531
2.357761
1.557527
-6.633127
-7.295094
-6.199011
8.833506
3.804657
5.481526
5.561303
6.891522
5.838348
5.679342
7.319294
7.787003
-2.625872
-2.992165
7.864767
3.356162
-5.604651
-3.476561
-5.828867
-2.491380
-6.970001
-6.304278
-4.628958
10.212159
7.155516
-0.406884
-2.213920
-10.341196
3.911992
0.221769
-8.283226
1.924054
7.149112
-5.058577
-2.038231
-3.455350
-11.874129
-4.570950
-11.423788
3.088421
-0.503977
-4.647748
-2.945796
-4.498791
-1.638585
3.101064
1.114331
3.258950
-1.522439
-6.494097
5.956206
-5.687864
-4.723397
-3.043467
1.970645
8.844930
-5.037154
3.475035
0.677820
9.008544
-4.717484
2.033089
3.394997
6.844580
3.482019
8.017653
-6.289731
-5.021867
1.326321
-2.300009
8.485699
-6.020394
-3.487723
6.286718
-0.745790
7.043804
-4.830474
0.680150
-4.782504
-7.959803
-7.821863
-2.131551
-2.426233
1.749659
3.040000
4.248489
-3.763272
5.591753
-4.490281
6.406695
9.938168
-4.988968
2.041195
10.325844
5.776843
5.859300
7.664329
0.968505
-0.870670
4.168093
3.898134
-5.364934
-4.906352
3.489773
-5.472873
-3.242379
1.884444
12.675485
4.173699
-3.914444
-4.391105
-8.038240
-1.601454
4.428128
4.620466
-2.618361
2.366907
0.604110
5.282483
3.719544
-8.739081
3.096287
-8.806937
-4.154152
-4.929080
1.705663
7.155501
-3.298661
5.002521
-5.768126
2.227950
2.706384
-5.143315
6.513999
15.635489
-8.611177
3.599494
-4.587592
-8.304589
-8.415621
4.543678
-1.215775
6.416563
-5.680776
-6.201723
1.861837
-6.460517
0.965702
-14.261490
-7.096646
-7.058473
-0.062722
-3.361974
-3.727651
1.603085
-2.254197
-8.889894
-4.776201
-7.067251
2.771154
7.859749
2.175851
5.566453
9.842979
7.258835
5.533917
6.996049
-1.171164
-8.615148
2.959992
1.904881
10.416303
0.994076
-5.421940
-10.294280
3.487564
-6.141833
-13.458858
4.459983
-1.484425
-1.004884
-4.438409
-0.233993
-6.448377
-8.634676
-2.956756
2.100899
0.489359
4.734296
-0.036194
-9.427540
-5.953743
2.446664
-7.525587
14.989209
-6.697072
4.263456
-2.689714
1.733139
10.893908
-3.187687
7.713243
4.277029
-5.020430
-10.004370
-3.866110
10.747310
4.059177
4.098040
-7.072347
-0.822375
-7.601585
4.664020
-7.713433
4.413852
2.078448
5.487735
-2.520350
-3.836818
3.058455
-8.776685
-9.333206
7.207962
4.977968
-2.494617
1.853847
5.103898
-5.353466
1.596563
2.157701
-11.960932
2.961587
0.859513
2.788979
0.633303
-2.725746
-0.448978
2.313169
1.784555
3.855436
-0.518628
-9.211185
-2.039290
-2.150918
6.466671
-9.011128
6.564950
-1.833212
-10.158715
2.747547
0.701132
-1.481041
3.397112
-5.588865
-6.853510
-8.033466
-8.980613
-8.979856
7.050458
6.907958
2.578381
6.898898
2.923371
8.960931
9.202546
-11.071754
2.775773
-4.563068
5.285563
3.962548
3.284363
6.733957
3.735814
5.830232
-4.751014
5.983968
2.772199
-4.126054
-5.873229
5.795542
5.498104
4.224854
-3.206897
-2.988295
5.859265
-22.381582
0.151192
1.298173
6.464013
2.876922
-1.405002
-2.192810
4.760500
3.891536
-4.978515
-3.829676
-7.872571
-4.986933
1.172235
-3.338676
3.691965
2.741776
-3.409538
5.080714
4.042008
4.866976
7.008838
4.718475
-4.506003
7.615958
-1.646166
7.456964
-4.255724
-0.473873
8.224922
11.615970
6.657179
-2.444221
8.879576
-5.399210
-6.367126
3.828404
4.401712
5.046468
4.101348
-1.864823
-10.516957
-8.093239
3.055223
-4.951285
-1.182301
5.308859
-10.707391
5.631681
1.238903
0.925325
-8.187756
-3.872563
-0.992316
-0.502871
3.843166
-4.292312
-2.809676
-2.194239
-7.383612
-4.148635
-6.109492
4.521997
-4.434758
-3.188349
4.449038
-3.991029
-2.947202
-11.076477
3.841261
16.407240
-3.749374
-5.006054
-7.859571
7.902259
-4.398092
-3.559843
1.861385
9.222949
0.688864
1.665382
-3.754426
9.124948
4.837065
4.170439
-3.253855
-1.232321
2.887904
3.172220
-6.623109
4.571346
-3.803649
-3.724887
2.632284
6.982934
2.648370
-4.759769
1.697524
6.730369
-3.557138
-0.339770
7.684761
1.518339
-8.946540
-12.472332
3.375859
-4.694553
-10.861756
-8.256023
7.793347
4.520838
-6.303577
-3.538307
-6.575571
-10.971905
5.523218
5.538959
-5.521819
-0.403953
1.234908
4.156688
0.208929
-0.083493
6.135463
2.892675
-2.752006
-3.204410
3.892905
6.572663
-12.124599
11.662658
0.966732
-4.476508
2.635234
-4.677433
-2.882574
-6.898805
1.994396
-2.541222
-2.406840
4.456317
-1.107847
0.825658
-4.473852
-6.134604
-0.870517
3.772727
3.244207
4.257321
-3.835254
-0.583578
4.303064
0.927532
6.501540
6.932638
-9.652321
4.189940
4.999327
-9.332391
-1.662802
-6.049058
-2.105841
-5.982479
-4.662312
-9.014875
-4.993719
0.504414
-6.175401
-0.086661
-0.116681
3.848867
-1.072014
2.878602
10.849150
-0.874888
-4.324091
2.149176
-0.386363
-6.881056
-1.445971
-1.571455
7.363510
-4.695055
-0.550170
1.705053
-9.538608
-1.252273
3.306201
-13.499810
7.296810
-3.742945
-3.416015
-11.781787
0.864153
-0.300635
-3.581087
-8.038988
0.662297
1.023690
-1.962421
-3.211122
-0.474396
-2.719986
11.666227
-3.988461
6.422963
-5.609328
6.386394
-5.196824
9.280067
-7.252486
2.869568
6.090064
10.456518
3.037578
7.478492
-10.134809
-4.878454
2.042775
-2.771860
1.647134
2.790449
-3.915625
1.269006
2.594981
1.815906
0.084290
5.243979
-2.616583
-1.324558
6.977358
2.566521
5.480746
7.466646
2.733688
-8.106100
-0.857936
3.394758
-5.146474
10.154012
-5.168609
-2.495528
7.480373
-5.602363
0.859859
3.870790
-10.778174
-2.255281
13.907146
4.865861
-2.442527
6.412098
-1.856552
-0.730812
-0.625344
3.874495
1.248855
2.032564
3.026473
7.651199
0.641873
-3.002136
13.133291
0.748640
4.486833
0.605369
-0.835427
8.199529
-4.517342
-3.161734
13.451200
-0.298482
4.503234
0.225708
3.744354
7.481522
-9.388906
-4.792050
4.593320
5.125154
2.388995
1.374731
-3.562837
8.049044
-5.774732
-9.272516
9.365577
5.314853
-4.295017
-1.479411
-7.600251
-2.805399
8.947519
4.539386
-2.374212
-2.544141
-6.351530
4.850541
-5.478785
7.055845
-1.150371
-3.231314
-0.136800
-6.474598
-14.061850
-5.901137
-10.066736
-4.885118
6.410073
1.740174
-3.887108
1.081135
0.092570
-8.670601
5.224519
8.273494
-5.482287
7.186847
-8.346926
-7.905314
-0.946259
-5.321152
-3.119593
5.190535
-2.673921
-0.540157
-3.265553
-4.698338
3.872388
1.416410
-6.038758
-6.437131
1.320852
0.562437
-6.149531
3.314840
6.508667
-7.280531
4.741691
5.397846
4.787281
0.849916
-0.215253
-0.689414
-0.269649
1.996691
4.635249
-6.086206
0.249654
-2.564533
-6.207880
-3.862346
4.092464
3.722531
7.910363
-1.092919
-2.030277
-3.666625
6.786300
-12.158548
-5.483272
1.148941
-1.578009
0.263324
-10.140135
8.342534
8.834939
0.090002
-1.625044
2.949181
1.547886
-2.124644
2.076129
8.033464
6.420283
1.179375
-9.151743
1.648040
0.205131
-5.999168
-17.297598
-0.169798
8.055441
1.443784
-9.431326
4.112908
3.033637
-0.106581
10.325887
10.029476
9.528216
4.420974
-7.430011
5.272301
-3.285023
1.134014
-6.223667
2.345645
-0.119199
1.158326
-4.227616
8.174054
11.626619
2.750069
4.452803
3.479225
-2.407780
-0.699140
4.573659
-2.232017
4.213782
-11.488230
-10.813674
-4.216901
7.668825
7.016840
-2.103612
3.307917
1.484364
7.310878
6.499471
7.329720
1.564229
-0.358973
-3.192389
5.165562
0.367525
1.667490
4.769353
7.425452
5.415376
0.210546
-3.684685
6.959216
4.465945
6.222311
-6.095526
-6.274292
-9.613874
6.932621
-6.549183
1.472391
-5.477241
-5.323152
3.605262
3.626066
8.975443
3.163542
3.042722
-3.253584
-5.736647
6.265139
4.650150
4.361429
15.557367
-6.135719
-8.616056
2.186059
-8.366067
11.125372
-1.789450
1.148558
-4.728350
2.413227
7.301874
3.564321
8.913808
2.449362
1.170385
-11.867687
4.823262
-3.163961
5.606811
11.028786
-3.934300
-4.014552
-0.028657
-11.258773
-3.904938
-9.972628
-4.811501
1.164774
-4.704905
-8.003568
5.032114
-6.504117
-3.697262
-4.985356
-8.894485
0.979159
-0.235341
-7.912216
3.652275
-2.982736
3.856949
6.919132
-3.807319
-11.761709
-9.774625
-1.839637
8.430532
1.889097
10.274733
3.432786
2.116958
-6.311591
-2.009655
-3.891888
7.630651
-2.920127
6.141124
0.180318
6.358573
-0.198891
7.040176
-4.124644
4.468736
6.595032
-7.678511
-11.804304
-1.493138
-10.080782
9.061270
3.871459
0.160535
-2.071764
-1.374147
2.028904
6.157522
4.095846
4.687748
-4.186923
-6.361311
-2.609792
-4.004345
0.238730
2.124843
0.323703
-0.326157
-9.139207
4.496806
2.259931
-1.744702
6.331578
-4.845482
-0.660861
8.511668
-10.503113
-3.240204
7.264261
4.328127
6.501019
5.945683
-1.734816
-1.241135
3.772867
14.222670
7.564783
-1.055995
-4.602881
-2.875054
-4.292862
-11.799171
6.061545
-0.995495
-3.640725
-9.204719
1.743958
-8.879482
-6.658138
-0.773667
7.031167
-0.739858
-2.558469
4.671978
-2.884760
13.185664
8.146681
-5.046553
3.547966
-7.977996
7.818148
6.420557
2.118596
-1.116522
2.491971
1.864243
2.688941
-10.911115
4.156045
-0.242503
5.895891
8.401518
7.654017
-4.712325
-5.376512
-7.367671
7.323915
6.672758
-2.796004
5.157398
-7.343356
3.239049
-3.922612
6.104954
-5.815354
0.191823
-0.033514
0.833577
2.784086
3.967645
8.056160
-0.573524
-5.942749
-4.966095
-2.518854
-0.064470
-8.142485
6.428677
-6.740546
2.891861
6.965334
-0.604873
9.493390
-2.592176
6.741790
-1.243812
-0.138266
-4.715390
8.288834
-5.438512
-0.950033
-6.038022
3.901171
-3.432918
6.518432
-1.972931
-0.523121
-0.444682
1.404766
3.223124
3.292124
-4.918589
-0.621134
-2.885032
7.034110
2.397279
-1.277976
-4.306231
-4.435490
1.479039
-1.086190
3.046462
2.678872
1.326172
3.769644
2.992739
1.096825
-1.334202
4.139390
0.368705
-8.629776
-0.035595
6.021714
7.862759
4.429191
-0.833727
-14.622071
-6.419213
3.537982
3.618803
-3.734777
5.877071
8.886438
-6.979505
1.766138
4.648836
-12.119203
0.585327
2.179476
-4.112661
7.314518
-0.160590
-4.945905
-0.808630
5.752730
-3.818016
-4.199172
2.728561
-6.913891
-2.454173
-2.722640
0.629514
-4.325545
6.547471
-2.575271
3.968102
-2.143213
-7.591844
0.933058
10.054573
-2.100182
9.302456
-11.086134
1.160923
-9.925206
9.928220
-0.324097
4.410956
-3.905669
-9.736553
4.676939
-11.221259
-9.929105
-0.180277
-0.393582
1.884296
-4.456917
-1.181808
-5.476086
2.602481
2.153345
8.204354
4.814094
1.715784
-3.605699
-0.438858
-6.664338
5.904509
-8.510458
-6.601611
-0.539935
-4.430103
-5.435116
9.355276
-3.058515
-3.182681
1.542125
0.181257
8.092548
4.293497
-6.796781
-1.380246
-4.283933
-4.606651
2.669621
-6.052870
-2.361220
7.985160
0.274945
3.628375
-8.090326
-4.757678
-7.989887
-7.224808
4.243353
0.568375
-7.767973
-6.777519
-2.477742
1.234314
-2.370530
5.237036
-3.190380
-5.508024
-5.518383
4.760564
3.695005
4.920028
-1.108386
-2.726414
-5.189321
5.790684
-2.956307
0.245327
-2.682790
1.422456
-7.519455
5.493618
7.543859
6.083694
-2.562568
-7.776869
-1.535785
-0.675059
13.161561
9.448443
11.440933
-3.879033
9.618020
-7.710571
-5.573891
-6.082417
5.675026
-7.116005
6.269843
-1.011574
-5.328567
-4.011767
3.828837
-2.026104
-1.052090
3.126086
4.378957
-5.197589
-6.431663
-0.185531
1.314050
2.854521
-6.776501
7.028221
-2.976522
-2.593189
9.031516
-4.230042
8.713372
5.631451
3.452558
7.182406
10.581394
-1.133632
3.915557
-6.407908
5.002741
-2.895449
-2.186584
-3.885982
-1.977056
5.132109
-4.209610
-5.388669
1.576411
6.066520
-3.488659
4.399755
-0.214598
-5.170588
2.206897
5.986931
-1.100696
-0.927227
5.449983
-3.125859
3.539456
5.603011
-2.270252
3.491004
8.210340
1.436672
-2.210233
-2.584754
3.770806
3.469360
5.628716
3.837703
-2.087297
-2.399000
-0.560780
-5.288599
-5.872413
-0.862285
9.577163
2.532644
3.617620
1.906953
-0.764238
2.399980
4.143173
-7.059584
-1.233852
-8.557854
2.059264
7.996783
0.446459
-6.688375
9.676512
2.334224
3.743756
3.535515
12.271885
-3.978010
7.595874
-2.528513
8.510832
1.379190
3.694448
5.706307
-4.472277
-0.032309
11.527250
5.556407
-8.854429
-9.922374
3.508217
-3.093330
2.484096
0.242117
-7.717109
1.604802
-5.827152
4.554491
4.881491
-0.712238
-1.831543
7.884592
6.428802
-1.382628
1.470271
3.064669
0.652800
-0.514215
3.218221
5.865177
-3.298592
6.666279
-7.635659
0.524207
-2.572811
0.287844
-1.997484
8.161812
-4.687202
4.516440
3.861780
1.797094
-1.018192
7.004370
-3.013293
-2.928505
3.288674
8.231540
7.219597
5.328645
-0.896182
5.320192
2.710139
-0.898501
-4.708046
4.136841
-2.987306
-1.743479
5.380540
5.631882
-5.569940
2.597265
5.264298
-16.627438
0.913672
3.211772
-1.492069
-3.953407
-3.384089
-0.632860
5.883337
-8.866837
6.128417
-1.030069
8.467785
6.801404
-5.043511
10.768420
-0.582061
-7.007476
8.685756
-16.189983
8.952456
3.295879
4.148044
6.275930
11.349593
-5.777431
7.013568
10.007370
-4.784737
-9.559387
6.647769
6.499853
2.054961
2.685961
2.483152
1.735418
-2.003291
-0.656993
0.704976
4.076715
4.501222
2.389353
-7.661847
-1.586490
-9.960131
4.676247
5.235733
0.307454
3.571093
-4.292378
-3.930461
5.270710
4.753342
2.635314
0.659851
1.331468
-13.669855
-4.220503
-5.010396
0.559012
0.380595
9.141129
0.533162
3.003981
6.794380
-1.865024
9.881980
-2.191467
-0.315473
-4.825973
-8.646722
11.433129
-0.502012
-7.036059
2.133336
-0.642091
1.159858
-2.637823
4.504753
8.984801
-4.224075
1.770785
-3.735873
-9.471104
8.015786
-4.420302
-6.130692
-6.803599
-2.335204
-4.259718
8.920588
1.400609
-1.468442
6.598654
3.891395
0.026737
-5.165802
5.373796
-3.691475
5.251105
-7.849133
4.711956
4.734298
-1.605319
-6.438706
0.654205
0.619790
0.896769
-6.447675
-2.333637
-9.214549
-2.099374
8.139012
5.705505
-6.375705
-1.949411
-8.539737
-0.279434
2.970612
0.989881
5.881929
4.435094
12.069733
5.790948
-3.361055
4.720715
-2.678786
-0.853471
9.882908
-4.745338
5.953111
-5.456651
-1.199661
-3.046205
5.996826
5.929554
14.314132
11.840503
9.621249
5.805912
-6.056009
-0.427527
9.022336
-0.963725
-7.589280
0.116974
3.608163
-1.880305
-3.616822
8.371340
-3.065598
10.578201
4.694090
-2.218069
-4.974834
-5.137336
2.189160
0.396311
4.228530
0.411637
-7.056675
1.380246
-4.122369
6.289354
0.395956
3.404163
-5.919669
-0.035975
-5.404984
-1.166843
4.786043
-0.971247
1.056687
-3.336571
-3.193631
-6.229744
-1.338700
1.192444
-7.795745
1.279074
-2.626639
-2.099182
1.983489
4.873466
6.380703
-1.707895
7.706652
-1.885546
3.226575
-7.783916
-0.777000
0.857550
-1.704790
-6.882120
5.378353
-0.317627
-1.174293
-0.472353
-5.057442
-10.070574
7.553380
-3.960647
1.697977
-12.179782
5.487128
-8.273929
-2.491036
5.077705
3.042421
-2.784892
3.396761
-8.939308
-4.203640
2.845890
-1.901584
-1.254212
-1.224771
0.862921
-8.860035
1.498766
1.653937
9.648816
-1.355796
4.487367
1.183855
-3.105011
-2.065842
-3.250883
0.833391
9.535692
-1.729150
4.130542
2.612352
-3.752790
-10.636286
2.936469
-1.347024
-4.639475
-8.788979
5.693266
0.268858
0.148785
0.626631
7.708017
-7.014973
3.736130
-4.684214
-2.349732
10.594927
-6.293033
2.802443
3.388378
0.387071
5.714339
-3.463598
-8.218628
6.068210
3.275987
-2.802214
5.994491
3.140094
-0.523409
-0.921499
15.097741
-0.191717
2.920370
-5.492538
-3.997343
11.790321
-1.600518
-0.146625
1.516125
4.827229
-6.264521
2.722127
4.980203
3.035939
0.426852
-2.570699
5.408441
4.970441
0.051000
-2.058509
-2.970580
0.313897
8.846483
-4.885628
2.253461
-3.119118
6.854741
0.574259
-1.469558
8.851074
-2.168777
-1.248341
-0.186202
-5.500911
-4.603491
-11.720231
-10.623191
-5.011258
6.783055
10.090388
4.533369
-6.256416
-14.023620
11.961458
-13.620655
0.032408
0.967097
-6.784520
-10.403501
-2.882194
8.113962
-1.762064
1.369364
-1.824402
-10.282448
-2.152816
3.312047
-2.405421
4.456476
3.280384
-1.232347
-5.552273
-0.699163
3.059955
2.621854
1.462891
11.168667
-6.294984
-2.720588
4.876784
1.415412
-0.654788
2.595729
1.994408
4.395324
-13.276121
4.941003
2.121269
-1.443756
1.554941
-2.755251
-9.781967
-7.224920
-2.267983
5.531829
-9.690425
3.168438
1.716287
-6.572941
1.306563
5.642887
-5.319151
1.140417
-4.703914
6.549870
-2.042262
-10.734792
1.078905
13.958790
2.516237
1.130688
-6.678518
8.495579
-7.599132
-2.512926
9.505287
0.642011
-13.257556
7.834670
2.639125
-1.997838
-3.360116
-9.451715
2.712447
7.926839
-4.759659
-15.129060
1.961184
-5.334273
1.399068
5.312836
4.205231
-9.499125
-8.341238
-9.321399
8.972901
3.425452
-1.826988
-1.784175
-8.461390
-9.126599
7.708101
-5.680711
-3.869483
0.215474
-0.967538
6.739021
-5.129405
-0.719059
-3.128287
-11.340993
3.928254
0.824502
3.524776
-5.992418
0.387411
-2.553241
-5.475023
-1.102806
9.654176
0.455469
0.346665
-7.603353
-4.469179
9.876719
6.758401
2.038105
-1.397363
9.475306
2.566560
2.629719
-3.495929
3.442688
6.743775
11.528975
-7.846190
-4.873593
5.030278
-2.387940
2.445087
-3.119224
7.695911
4.351007
-12.775070
0.306899
1.657747
-7.162002
3.992494
-3.339298
0.890456
-3.518152
6.958748
3.979911
-3.561179
-2.720881
-2.163929
6.907001
7.167863
-2.370286
-1.563872
5.294635
2.551961
11.323658
4.123403
-5.596820
3.187864
-1.314787
2.992238
5.980517
2.432595
3.589386
-6.302572
6.488880
-6.196853
-2.653384
-7.774411
2.920076
6.277349
-2.264895
-5.227344
-0.021683
-3.842129
-8.301866
0.818971
5.528893
-1.233806
-6.945571
3.824989
-2.240361
3.369028
-4.838578
-2.960969
-4.102647
4.282513
2.273251
-10.283853
0.497211
-8.054587
-4.534879
-7.033530
-2.309485
2.953173
-1.492570
5.173768
1.833170
13.155797
-4.876305
2.779715
-7.864279
-1.041521
-3.017650
1.541094
6.972215
5.706143
-5.322554
0.534006
-9.995375
1.183843
8.960767
14.163012
-3.063075
5.068742
-7.948819
2.086592
3.001535
-0.103125
-3.547189
1.593867
0.285270
-7.950548
-4.339700
-5.601110
-3.744145
-10.111053
-9.420092
-7.357873
-3.345358
1.080527
-6.509364
2.669459
-6.327165
-1.595293
1.317534
-5.042775
-5.597354
-7.285845
-0.250567
0.391134
-0.520656
1.283648
1.686417
-6.120468
-8.544964
-1.158089
3.625828
-1.025579
-5.066746
5.673738
6.004576
3.482268
-5.899623
-11.298077
-0.572294
7.395511
4.043779
-4.956285
5.069790
-3.198947
8.038605
-2.229516
-6.213443
-3.642683
3.122512
-3.085674
2.462386
4.881204
2.343668
2.464780
-6.515646
11.725920
0.050031
-6.188487
0.196242
-7.094569
5.360302
3.037586
-7.335807
-2.777242
3.401246
3.480797
0.790312
-8.782332
1.062244
-10.783562
-8.796138
-7.309215
-4.080915
5.316691
-6.877717
1.614659
4.383505
7.471088
-2.725976
-3.563180
11.034134
-4.601676
2.477886
-3.264863
3.209618
-0.210905
-2.748134
8.031533
0.267415
-3.634773
4.565173
0.244066
-5.479429
-9.435715
6.007380
-1.537104
-9.889154
10.043318
7.121017
-1.550539
1.956402
-11.856203
0.383218
-8.830009
-1.827555
-5.194897
0.986585
-1.809284
-2.036786
-4.467662
5.631957
-5.893295
-1.368354
2.023545
6.147178
7.454250
1.558733
5.245784
1.460691
5.105111
3.544469
8.641095
-3.153243
9.676140
-0.928828
-3.947299
-7.259074
-5.033857
-1.131996
-2.878921
-1.983585
5.237336
0.821487
1.042600
2.762066
-7.560207
5.723878
2.815623
7.964123
6.421024
-3.447267
-4.988398
-2.206300
1.083188
-2.940101
-0.771795
-5.791530
0.785862
-2.574371
8.000147
-5.708114
4.875275
8.158456
2.067835
5.839913
-0.922408
6.536662
3.691246
-0.414831
-3.828601
-8.237631
-8.423803
-5.260839
3.805270
4.945523
1.458506
-5.831827
5.072254
-2.639195
-7.885705
-9.233178
0.152146
-3.446815
1.000821
-8.140944
-6.173517
-4.337806
-8.478754
3.754828
0.608751
2.467049
-10.481959
0.533987
-0.833861
-3.265195
-6.718377
4.116691
-0.354014
-9.730694
-2.302906
3.979192
1.580650
0.003173
4.291594
-5.310309
-11.915882
-5.843124
-3.576409
-5.581116
-3.531620
1.572963
-7.343625
5.403680
2.239954
0.620103
-6.159898
-5.545702
2.733829
1.402098
0.266259
4.739140
5.923167
6.613480
3.398761
-6.090570
-2.200548
5.859748
-3.683376
-9.031036
-7.575334
5.526129
3.561968
-5.575955
3.784528
-2.735175
6.762583
-6.460960
-4.391537
-1.676311
-13.321630
6.491222
7.048577
-1.275988
-2.917663
-6.391777
1.627753
4.277033
5.389795
-7.903599
-2.811112
-0.348291
-5.837639
9.150888
5.933076
5.639723
1.824324
-6.845371
-2.385592
8.877335
-7.174920
2.980053
-1.799733
0.421119
8.816959
-2.970978
-2.444916
-3.077037
3.539457
-11.535809
-3.535768
1.761225
1.711701
-14.071084
6.101202
10.472001
1.606602
-19.572159
-2.100252
-4.287775
-0.898130
17.415810
3.729173
1.719434
5.266730
1.175787
-5.452963
0.231090
-21.426945
-5.385750
6.128805
-6.201488
-6.885653
-1.304148
-19.245848
-8.085075
2.598809
8.560970
-8.419485
-8.743765
7.784831
-0.355079
-3.442727
3.620456
8.804786
-4.490003
3.509266
-0.006717
-5.161406
-4.723596
-1.918325
-6.551701
-2.787641
3.451951
-2.207058
-3.571358
0.861872
12.395801
4.669263
-2.944659
-1.430999
-9.003386
-2.662772
-0.858110
-0.738393
-2.483519
3.594865
-5.879753
-3.972511
-0.953647
-5.388868
-12.747746
-7.053313
-10.010950
-0.663964
-0.364153
6.243660
4.094101
-2.982908
4.359338
4.284223
7.682525
6.783785
-7.464030
-0.829134
-6.189244
0.308594
6.470501
-6.764571
-6.199581
-3.229273
3.501347
-2.335124
-3.938592
-1.927377
-6.874908
-4.317935
5.809885
6.403415
6.014784
3.803519
0.466807
1.792253
-7.282266
-5.354833
10.681553
-1.653192
-3.755996
-9.003553
-11.264405
5.138441
6.688658
6.882168
-9.155434
5.752914
4.571102
6.488062
4.126931
0.822914
-3.530903
-0.475533
-1.637576
-0.945038
-0.486460
-3.765011
-9.240516
-1.403295
-0.816824
6.487507
-1.826190
-12.292275
0.026828
-5.623107
5.822965
0.241346
8.799708
12.382786
-0.618043
-14.073817
6.493931
8.441586
-5.934447
-1.210686
-0.168567
2.956931
-0.792951
1.912235
-4.936699
8.360950
-5.186855
6.013853
-10.299565
-7.723624
-7.543254
1.238356
-4.808238
-1.664259
1.522160
-2.073347
2.320869
-6.520445
6.028172
-6.336954
-2.723322
-2.050843
-0.828466
0.668633
-15.378407
5.540048
-2.823396
-0.218830
1.878785
-5.396472
0.556430
6.665268
2.334946
-6.537469
-1.533437
4.410239
9.341049
-4.182977
1.068470
3.724947
-5.321397
2.669848
2.147384
-5.409612
2.018880
-1.779727
-0.932487
-8.251613
-5.714441
3.758846
2.525682
4.983025
-8.971909
9.302850
0.616062
-2.714020
-1.892816
-3.613661
4.429248
3.897154
-3.986377
5.050593
5.305395
2.071450
-3.824317
0.710380
-2.824954
-3.708549
2.664764
1.699157
-3.436521
7.648723
3.822891
-1.130037
0.606637
-9.331097
0.666851
-5.698444
0.670565
-6.610880
-16.846157
3.710579
-0.047179
5.545986
-10.316917
-9.142219
-2.224325
-2.693100
-5.371148
2.305861
1.029453
4.019346
4.485151
-10.619537
-8.739813
-2.658857
0.281371
-12.411658
-4.482562
-1.091180
-3.267301
0.165501
8.410267
1.828755
-7.704213
-2.600368
-2.012692
-10.007699
5.334129
1.729228
2.856154
-2.490864
7.525196
-7.208498
-5.218215
-4.618253
-7.641394
3.203852
6.537291
-7.615592
1.113705
-1.136226
-1.531500
-1.403047
0.305948
4.973001
4.033821
-2.423506
7.191112
3.745927
-3.976908
7.336847
-5.708190
3.661636
5.588764
4.271005
-4.266890
1.383339
-2.032071
-2.977479
-10.224161
4.028590
4.675768
2.691018
0.573318
1.943505
-7.952585
0.013655
1.543923
-0.601304
7.208805
-1.059720
1.455476
-3.047937
6.160587
5.020750
0.042018
-9.070754
-8.458397
5.262178
-0.882537
-2.767570
0.740880
5.688618
7.194232
-5.355587
9.282311
1.452317
-2.819948
-6.784733
-13.883616
6.086807
2.480374
-9.907181
7.007950
8.228098
-4.729013
9.077397
5.501102
-4.987775
1.727266
-4.882288
0.835889
1.941516
-2.962849
1.217743
-2.321058
0.498034
-8.217077
6.659752
6.007319
-1.145898
-7.080608
-2.631517
2.161218
-14.030219
10.284513
-5.244815
1.254307
3.868830
-6.538333
-9.314428
-3.579017
-4.701682
6.532776
-0.444166
-3.432836
-4.273767
-1.531636
3.312006
-4.365433
3.778153
-4.644685
-7.737218
-1.750777
6.197217
-2.853755
-0.752119
-6.298307
7.124639
0.134261
-6.538678
8.684735
4.081067
3.199915
-0.047203
-1.509227
-7.608252
0.366227
-6.225210
-3.381124
-5.546672
1.108903
-6.882090
-2.242440
-2.947235
3.857325
3.227179
-3.252948
5.541138
6.245081
4.968962
-3.710089
2.103510
-14.516418
7.359475
5.813064
1.523037
1.062992
-2.005762
-7.263220
3.078763
-2.588038
5.044108
-17.756048
14.037404
1.807935
6.016843
-4.034082
1.335391
-1.903135
-6.467741
-4.311624
9.490647
0.513186
-0.004435
8.051039
-6.507276
5.331031
-7.502323
2.807617
0.167705
-4.871370
-0.583873
-1.827338
-0.164507
-3.416820
-9.115098
-6.308601
6.610361
3.759041
-3.406904
5.321908
-6.640622
1.898967
-11.191211
6.746351
2.438805
1.624415
-10.629806
5.114080
10.195753
-3.996781
5.684648
10.733230
7.157674
-5.088599
-4.317821
2.215447
-6.163992
4.760327
11.050231
0.476132
7.691683
11.774420
-0.033312
-8.939806
3.629481
6.530788
6.181477
-3.976077
-5.940334
-2.330096
-4.098475
9.165966
9.833138
-1.784929
-0.810698
-11.605003
-0.986588
4.128582
7.677699
2.406514
-1.593689
-2.695245
-4.219256
1.473708
6.401068
8.475685
-3.935812
-3.691735
-0.769975
-9.546485
-16.065039
-0.224032
5.584647
1.300934
-0.508980
4.675453
1.450248
17.726263
-2.836621
-2.164318
-3.314131
0.090826
5.312837
-0.417178
-11.655881
-2.478959
8.835512
-6.047424
6.942564
4.022702
4.350820
-2.712597
-2.489025
-8.457165
5.629570
-3.561262
-0.131494
1.938572
-7.516470
-8.216865
-1.448201
-4.532845
-13.676016
5.627508
-9.303588
-6.347904
-7.586134
4.055859
10.017800
-2.137490
-5.750078
7.965851
2.023398
1.549534
1.797666
8.772749
5.490978
-1.922703
4.626357
4.387455
-6.982996
9.747949
-8.810651
-3.542475
-2.753205
6.392449
-10.302565
-4.518377
5.498644
1.747760
-0.988113
16.283550
-1.737775
-5.453732
0.993903
-6.600258
1.248315
-8.471382
-0.820918
3.964383
1.991319
2.922788
9.992753
11.318380
-4.380930
8.015639
1.346176
-3.122081
3.541195
5.129147
10.202688
6.242378
0.309299
-8.976394
-8.494326
3.398154
2.581797
-2.771974
-1.685139
1.015944
-6.172410
-5.538369
9.935284
1.024744
5.000564
6.167819
-4.177577
8.184662
4.685102
5.722653
3.644138
4.769680
-3.325078
7.598277
-0.039574
-6.502719
-2.102194
0.639060
-2.020870
-1.540689
-2.553676
6.487776
-4.146020
11.464615
-9.592359
8.605213
-0.394709
4.703755
5.991030
2.607810
-14.211508
-12.309352
5.444822
-7.346045
4.724168
12.265153
6.813381
-0.528706
1.610860
9.680993
-10.433943
-12.694883
-2.574200
-1.989717
14.773846
-10.749681
7.968543
-4.846855
5.193126
1.324257
-3.438837
-8.972903
4.280869
1.662604
0.965813
-3.983128
-7.382634
-6.602806
7.544527
3.181439
3.697320
6.628459
2.729292
7.360799
3.341678
-1.310123
-3.567929
0.214540
-14.944718
4.723074
4.080507
0.441920
6.519331
3.701183
8.577222
2.799855
-2.015555
-2.708950
5.599984
3.293736
-4.487824
-5.083215
-10.063301
1.131260
4.098262
1.918877
-4.807472
2.837862
-7.802391
5.014072
3.483145
5.446836
-5.217670
3.291428
-5.091002
-3.566095
-1.248238
8.640101
-2.161797
-0.450001
5.779243
-7.087736
7.331255
0.282950
5.765734
6.698574
-1.901103
1.755732
-8.614623
-1.935920
5.087961
4.965919
8.179723
4.739447
2.162011
-5.132788
0.448819
-0.054178
-8.189613
-2.663312
9.621498
0.356531
3.274878
-8.763443
6.640402
0.972627
6.763339
7.651196
5.340149
0.984795
7.319161
-10.320129
-1.874054
-0.744041
-1.050726
-5.362288
-11.146406
5.944945
2.892528
4.843066
-8.588281
1.172671
1.521225
4.127089
1.614318
-7.082581
-10.122054
-9.194580
9.909879
-0.522456
-4.825560
-6.076082
-0.484386
6.708879
-0.958940
-2.987900
-6.708670
1.543095
1.249586
1.066132
-3.581828
5.842420
7.585893
8.858898
1.038281
-8.424707
0.392076
-2.220092
3.017426
-0.160188
-1.249098
5.538284
3.401699
2.075166
3.532499
1.627861
4.333637
11.384346
-2.404475
2.002774
1.490109
4.036346
13.953191
-1.784234
1.035637
-4.142440
-0.251246
-1.215218
9.434620
-10.636457
3.832457
4.299646
1.724544
-1.533491
4.135082
5.528474
7.007975
-10.160402
-6.602181
8.575365
5.504735
0.577381
8.895997
0.289353
3.911733
-8.060246
-1.548523
2.548024
-7.655592
-1.487301
0.416936
-0.467751
-1.180781
2.142226
7.344412
4.968755
0.409084
-4.022717
-4.659023
1.609804
0.734535
-4.948832
2.929332
-7.821147
5.760707
6.332482
-5.622535
5.378169
7.790069
-5.145835
5.178715
-3.552409
-1.169863
5.782187
-3.732498
3.129463
17.045500
6.204921
12.929224
1.240212
-6.530519
-5.138854
-5.615273
1.765433
3.065587
-6.109856
-4.637820
6.747358
-1.747030
-1.804232
-9.684636
-0.903332
3.671637
5.701396
-4.618681
-1.856523
-0.241762
-1.506381
-1.994393
1.740339
-2.222019
-3.490416
6.830071
2.575408
7.273651
1.893268
10.604781
5.933763
-2.443701
8.431312
-1.960401
-3.233266
2.549024
-4.881319
-2.398416
4.521458
-0.777326
-9.706842
-2.730946
9.419530
-2.618118
-5.915233
-1.472528
4.499634
2.187385
4.779987
-3.229290
-2.544028
-7.573911
9.899118
0.213263
-1.859814
1.010357
-0.913362
6.388271
-3.258509
-3.581368
-2.594958
-5.084302
-5.155131
-3.998976
5.744338
-4.424455
2.573389
0.127368
1.733868
-0.414707
5.442586
-1.882773
0.920555
15.833056
1.936826
1.875965
-6.163707
-1.956633
-10.802491
-3.470122
-9.546866
-3.203361
3.562312
-1.175902
-0.483836
10.884583
-8.486011
-2.496856
4.109128
3.182181
-11.230927
-7.695649
-0.398095
10.317839
-5.345243
1.495651
7.393194
-2.930024
-9.378906
-0.235661
-1.311999
-2.144887
-2.082515
6.640110
5.448638
-7.703048
2.317476
8.311764
-5.305434
-13.321846
-6.877291
-4.364816
5.982416
1.831468
-7.315120
-0.550494
0.998152
-7.548151
-8.482965
3.807860
7.959326
-6.498963
3.198614
-2.569166
0.059728
-6.667382
9.462971
-3.215077
-9.059031
-5.714904
-10.606045
-6.179769
4.065577
6.042263
-9.324800
-5.680085
6.132035
1.579339
-7.765271
2.319012
-10.938885
-3.858139
1.534231
-9.410704
-5.113584
-13.732619
-4.739666
7.722429
1.403424
1.092555
3.105622
-4.435194
-1.797111
-2.864201
-5.062084
2.743583
-4.429790
5.114045
-1.212250
7.731443
4.018642
0.037521
-1.217202
7.722468
-4.380489
1.910579
4.800430
-1.267445
6.191986
-3.777426
-12.783568
-13.455629
-0.793447
-2.516920
-2.673584
2.269926
0.558643
4.695356
-10.858741
-2.823879
-2.803637
-3.364258
-5.361921
-4.322289
3.658262
13.473176
-1.796396
8.025953
-5.054676
1.626461
1.821705
1.558239
-6.475323
-2.102184
-3.522573
-1.838393
-3.345774
-3.950233
-2.478397
-2.663094
-4.797334
1.547970
-9.934811
0.991674
1.992793
-0.115979
-4.919324
4.501924
-2.122531
-1.662949
11.610739
7.321520
2.854140
-0.042559
-3.212697
12.621950
2.223661
-2.694072
2.152402
-5.038100
-6.269620
-12.046257
-3.586728
1.641551
5.741745
-0.791144
-4.965182
5.057656
0.790580
-4.000104
10.572280
-1.101044
-1.794672
-0.330686
-7.435984
-7.498697
9.652488
2.276778
2.530825
-3.033101
-3.443855
-7.862704
-7.264256
8.032727
8.450720
-3.402731
-3.550683
2.919664
3.166990
5.767644
6.534297
4.090677
3.082834
-1.794111
-5.752782
-1.281503
-6.698545
1.687815
0.126505
-2.358310
9.074379
-7.355009
4.759925
8.003883
5.022817
5.526573
-8.764912
-3.112605
-1.383488
-1.754874
-0.159283
-2.618525
-5.491478
-8.590820
-2.737946
4.414755
-2.565269
-0.171205
-7.108956
8.518486
-6.095048
-2.496461
0.702309
11.327912
6.938349
-6.826902
-11.519452
-7.791154
-5.998928
-5.850957
-3.415748
5.749344
6.436778
-8.030535
-3.493200
-2.485468
6.694437
-1.519649
7.448350
-0.634151
0.424813
-1.308841
-4.917628
-2.590231
10.457204
4.388159
-6.772881
-2.995698
-7.095560
-2.086058
-7.433098
0.483949
-10.612142
0.865704
-4.373282
-5.435743
2.901789
4.407884
0.920380
7.638937
-4.462162
-3.372527
-6.055306
-2.861414
-4.361999
-3.231842
3.511487
-2.653383
5.473858
-5.317882
-3.559979
-4.310258
-2.007352
3.282616
1.728382
-3.772812
-1.469496
0.799085
3.956933
-6.975842
4.895290
5.263916
2.400459
-1.798272
-2.250944
-1.016416
-4.821531
4.786221
-3.762458
-6.950878
2.060480
0.825812
-6.615947
4.200209
1.192539
1.778201
4.398804
-3.424159
-10.017962
5.516021
2.571391
7.180406
-8.922999
-7.272384
-2.198313
-1.366266
-3.013485
-4.065090
-1.189508
8.504916
-3.870934
-1.837078
2.609726
-3.108756
6.505246
6.870629
1.284232
-14.088986
6.210439
0.876649
-0.090763
3.327813
4.315185
-8.993069
-2.725752
3.599118
2.350758
-7.713212
1.820560
-3.050256
5.783062
4.974660
-2.311203
2.900630
-7.333715
-2.609065
2.043369
-9.330481
6.074916
5.059170
7.429512
-3.006679
6.031133
-4.365637
6.247009
6.302820
-2.615217
-14.243865
6.895763
0.334064
2.534334
9.932301
9.581305
13.488036
1.389114
4.940197
5.376290
8.169851
2.506577
-7.883571
4.947174
-2.945414
-11.324080
-2.959863
2.002125
3.790617
8.051762
-3.268856
7.272174
2.796457
5.964663
-4.013937
1.909565
-4.851103
-1.688078
1.572321
5.896069
6.647717
6.387867
-0.832499
5.439625
6.538999
3.121453
-4.054728
1.352683
-5.392425
2.623101
4.614142
0.921663
1.073918
8.265628
6.279222
4.566236
-1.018679
-3.787444
11.116744
3.899903
2.758082
6.363166
-0.599539
7.231963
-14.607258
-10.293179
-2.357100
-2.701340
-11.760492
-8.572882
-0.668699
-5.164624
6.639609
2.731991
0.542684
-3.122130
-1.867511
5.613684
-6.855884
10.560900
7.759200
5.108243
-2.049314
7.704879
7.556502
4.271628
6.556353
-1.419523
1.808694
5.348193
5.335620
1.338593
-7.073865
-7.195578
-4.947657
-8.102303
4.665613
-2.730584
3.017865
4.426201
5.384368
5.231909
8.232117
8.361731
-2.464690
4.264024
4.754888
7.152948
-5.959121
0.146924
-3.698316
8.340690
5.460496
4.850725
3.339108
-13.359215
3.957840
-8.149276
-2.253679
7.284715
6.001868
-11.480544
1.392886
-1.659440
-5.637088
-6.398175
-3.128245
6.865600
-1.106168
1.553967
-5.572452
-0.536091
-8.531584
-2.035996
1.795092
2.522986
-7.106470
-8.854891
-2.614669
-3.968693
-0.964386
-13.324374
4.791535
-4.112510
4.704129
1.658065
8.947294
8.143612
-7.093454
-7.621985
-0.334836
-1.640418
3.989803
1.323203
2.743398
-8.939513
1.949180
9.242637
-5.017561
-3.730474
5.410753
-3.509721
1.730582
-2.974702
-9.087399
1.275073
7.236114
-8.216050
-2.338940
-3.594013
4.348825
-0.859572
-10.601550
-8.596088
14.299438
5.096216
-1.873768
3.771079
3.127353
7.715738
2.209694
6.893582
-4.010239
5.433136
-8.693727
-1.755771
0.150679
-4.050975
4.959541
1.551929
-3.523079
-9.586496
-7.370145
-4.802081
-4.113721
-2.676234
-6.853572
-7.836305
-8.400019
1.087614
4.499128
-1.213011
3.797984
-9.127176
-5.430108
-4.820230
-7.082916
-6.384207
-12.894527
3.475740
0.400245
-9.345145
-1.625363
1.080836
11.560837
5.701244
4.414514
10.657932
-9.154062
5.192470
-0.082820
2.072598
-0.667308
-1.468166
5.103378
10.097410
-7.321752
1.453982
-0.319607
-3.045758
-0.422099
-1.313353
-1.997167
2.431885
-1.254994
-1.185990
-1.917261
6.361593
-2.819417
8.123559
-6.219833
-3.585610
-6.210268
-3.020443
6.658834
-7.511452
1.531251
3.115788
-4.030036
-5.102575
0.538701
3.523300
-5.162543
3.397396
-5.973001
4.890518
13.525902
6.791016
-12.380760
-7.800944
3.621178
0.956227
12.298192
6.096183
-5.467306
8.047110
-2.053765
-0.267471
-10.753575
2.812983
3.654160
1.139937
-2.002385
-13.730953
2.673733
2.567669
-3.771568
-2.452541
-4.226467
5.858496
2.763917
0.645617
-3.690980
7.409170
3.635679
8.366368
-6.555674
2.972762
0.733973
-1.145248
-12.992096
6.468903
-1.388962
-6.962450
2.450016
-10.094563
-4.240206
6.424949
-4.779776
-0.418329
-4.393307
3.877970
5.956168
2.538333
-5.193212
4.490502
-7.299150
-11.177080
6.381102
-8.750141
-2.221926
1.994725
-1.778886
-1.605504
0.545311
2.673814
-6.455762
-2.650308
7.712624
-13.385157
-2.478878
1.938246
-0.166894
-7.968600
7.240735
-6.678397
15.414325
-1.474856
0.253448
0.821959
1.738403
-2.115847
6.842484
11.848514
0.384033
-6.845614
6.895550
-6.902009
5.743849
11.287577
-1.001653
4.051906
3.256261
0.198566
-1.561480
6.536400
-4.059376
0.845733
-6.530684
-5.681096
-0.989335
-1.915198
-3.479343
-3.811988
8.723155
2.950423
-14.168736
6.207896
1.673880
6.364770
2.077202
-4.323707
4.603043
3.553496
9.586473
-4.886864
-1.134849
-0.020202
0.161834
3.628571
-6.726670
4.550770
7.263928
-3.446720
-9.360408
2.525037
6.066906
-0.268645
-4.894201
-0.931476
6.614107
-2.646069
-5.344123
-10.813321
-4.495537
2.464913
5.938734
-5.216797
4.973341
10.764878
-1.822052
3.879145
0.353157
4.316800
-1.575467
-1.169801
-1.911778
-0.421939
5.235116
0.934267
-11.747267
-8.436139
-3.942986
1.769511
-3.509862
-3.504557
10.531046
-2.516758
-3.791250
-5.469656
-6.809600
7.131800
-0.094851
6.922029
3.666099
9.446632
-3.101496
4.965180
0.484977
5.851758
-7.192328
6.740766
10.215239
-8.197780
-2.731662
-0.131444
4.866820
-0.546248
4.093550
6.350537
4.528082
2.361738
3.289126
4.713913
4.428205
1.158220
1.344274
-8.090973
5.810965
2.863986
3.332658
-1.481521
1.172262
6.547698
-2.292346
2.561143
0.424009
1.732305
0.633055
1.193845
2.002723
-4.425966
-8.127269
-1.224573
0.160158
-0.551365
-4.944798
-5.848429
5.058554
1.933724
-5.198821
-5.115505
0.804223
0.210127
1.499094
-12.122442
-5.912875
0.356639
0.280872
-3.767989
-5.360558
-2.343862
-0.720619
-4.084423
-6.664377
13.670655
-3.878309
5.584038
2.685851
-2.383703
-0.319666
-0.861213
-14.858696
1.339861
5.108891
-2.497555
3.238752
-13.072503
4.850501
6.759164
-4.735217
10.266450
-6.190433
3.777729
-4.470675
1.026610
-2.987690
-1.405340
-5.340488
5.019552
2.783579
-3.833646
-5.862560
-0.676779
-3.520870
5.064265
-1.090274
0.148277
-4.343394
1.896729
2.375016
0.826977
5.466442
4.669279
-2.169599
10.380916
-7.015818
1.020073
7.297356
4.120438
-2.671837
4.826964
-3.888371
-1.023531
-0.576999
-8.942547
12.251419
4.995755
0.436584
-1.517523
-4.423094
-2.649363
9.543848
4.235184
3.666427
-0.999292
0.131130
-3.117334
2.139541
4.743285
2.284086
5.015523
2.157620
-4.544774
3.680182
3.470872
5.199216
1.934248
4.880706
0.444955
7.945354
5.875111
-5.199742
-2.600774
3.615783
-5.191528
-13.877918
5.637826
4.134556
-0.333877
-4.296005
1.308430
-7.411760
2.516028
-9.586154
-1.338178
4.117833
-0.932752
-2.968169
6.841377
-0.700604
-4.007263
-3.851623
-3.274755
3.623203
12.529649
-0.178948
0.994267
-3.487131
-1.757050
-2.908815
7.975913
11.549280
1.414517
2.937179
13.067433
10.017475
-3.234080
1.688899
-4.892322
-5.429500
3.529402
-6.747092
-4.377836
9.231764
-9.400084
-6.298116
-5.311502
-4.417001
-5.398319
-3.107427
0.606153
-7.666802
0.176725
-5.028351
1.612516
5.968853
6.583713
-3.867367
-6.453841
-0.066920
1.202261
1.547792
-5.347178
6.913869
0.582206
-1.789492
-3.839547
1.397426
-7.612849
5.440239
-6.282330
6.932241
-4.276416
-1.468251
-1.274931
-2.447065
1.507203
6.204201
-3.032521
6.631643
0.372191
1.051490
8.869024
3.826087
5.803957
-7.874507
-8.036359
-7.333519
4.628106
0.871458
-0.574532
3.875488
-1.087839
-3.451633
-3.263013
-8.682916
-10.164166
-3.814734
-7.762918
2.122900
4.921058
2.057820
-3.096316
2.973198
-5.270899
1.852579
3.273943
-8.866034
-6.565773
-5.819702
-0.057839
1.406462
-0.362767
8.943099
-4.545662
-14.225117
7.287133
1.074093
8.986040
-7.351771
-5.999972
1.870299
-1.442188
1.072631
9.507016
2.930000
6.105628
-4.408082
5.045244
-9.119785
-2.288088
0.469850
5.845513
-8.940867
5.192321
-2.795347
-5.253347
-5.117875
6.062417
1.158404
-0.858521
4.026233
0.987187
-7.430012
4.865617
0.307219
-7.339353
1.201112
4.075805
2.257815
-2.142439
4.494080
2.557116
-4.234280
-4.784140
2.364351
-5.744808
-1.852496
0.719209
-5.577152
-2.119817
-7.344795
-0.735547
-5.475260
-7.621034
10.940391
-4.546382
8.826924
-3.306780
-1.010850
-4.953588
4.659440
1.299135
-3.962049
2.620510
6.448805
-1.615722
4.472650
-2.926408
-0.614576
-2.458112
-5.329412
-4.668104
0.610110
4.553484
7.408764
-4.336631
6.770627
4.144991
10.860112
-2.920042
0.550597
4.659774
3.006522
-9.611635
1.843570
-0.846563
14.129298
2.696753
2.864401
4.658875
-3.321855
3.015890
-3.333529
10.875826
1.565784
-1.240270
-0.293759
3.668389
-4.400502
-8.838428
0.626517
3.513288
0.265783
6.500976
-7.396457
0.496293
-9.039146
-7.575696
6.905395
0.948222
-7.174304
4.330309
9.413801
7.900916
-3.855089
10.315479
-4.257820
-3.365135
4.319166
1.251421
1.170260
0.975092
-7.504001
-3.008039
-6.414301
6.637370
-5.449340
-11.187335
-0.329606
-6.494102
-7.424270
-3.979282
0.427129
-2.397338
-1.357934
-7.834567
-10.758406
-2.226640
-2.125356
-5.626244
2.268664
-0.497366
-3.412419
4.110360
-1.245542
-0.541627
-1.487664
-5.836876
4.373192
-3.082758
2.933066
1.144502
-4.438023
16.119059
-2.487874
9.331217
3.525465
-3.972363
1.033151
-3.254598
-0.406158
-4.464645
0.103041
-4.497730
-3.662317
-4.808100
0.196450
-7.258489
-0.097315
4.580559
-7.576941
2.652369
-4.406756
9.315362
-1.618782
-7.728234
2.869898
-1.676975
-5.364610
-8.593840
-2.127253
5.143004
-7.272940
-7.696680
1.173949
5.711979
-3.475549
-1.076397
-9.347424
-3.652051
-6.051029
-4.401163
-3.584074
3.404141
-3.505803
7.387104
-1.803028
0.259974
2.712524
-2.749504
2.710051
-6.985970
-5.980352
6.467442
-11.249658
4.010788
-7.336574
-3.905449
2.973738
1.041865
5.159911
-11.726340
-5.067849
-1.743575
1.449744
2.713195
1.181072
-0.101855
-0.399711
-2.225604
-7.458771
-2.540874
2.511045
1.377007
0.508122
7.469899
-0.010530
-2.125722
4.498246
7.770811
-8.751813
1.963751
1.193537
9.968985
-3.987213
-2.087706
-6.860849
-2.933623
-1.313346
-2.360659
-0.149774
-1.377834
10.971858
8.208539
1.140384
-4.706299
-4.128014
-12.370736
6.894675
5.251859
2.854028
-0.962061
-0.905773
-4.512245
-1.752631
0.648096
-6.950107
-0.789235
-4.301757
6.759640
6.216076
-10.788056
-2.150748
5.655632
-1.547271
-16.078302
-0.791301
-4.426253
-2.927635
-2.372114
-7.690104
1.363757
3.284105
1.571455
-3.817925
3.229587
0.914936
-5.648384
-13.530155
4.980568
-2.482894
13.110432
-1.055067
1.223809
-16.605789
15.062517
-10.380568
5.279638
5.513201
-0.124419
-6.112720
5.824175
-3.714413
-1.316509
-4.804488
11.795808
9.242222
-1.164618
4.831988
1.125669
6.070648
-2.430923
-8.720732
-6.320096
-6.807525
4.030374
3.071613
2.772119
10.343268
-1.514295
3.849076
-0.419142
-1.250972
-9.595518
4.219193
-1.300532
-3.678751
3.045786
-9.028129
-6.127382
5.599291
5.823550
-10.278118
6.598379
4.366956
6.409574
-5.158066
-4.888054
-3.702576
3.462845
1.750619
-1.044932
1.674403
-5.193217
4.161258
6.175654
2.426393
2.306541
-2.169694
-5.844749
-4.276648
12.237651
-0.458823
2.330477
2.436052
3.695627
0.030694
1.980033
6.752799
0.205955
0.224272
6.646326
-1.202013
1.298758
-0.641959
-6.777167
-5.130451
2.868004
-11.289699
-9.029484
3.593603
-3.757814
14.914430
-0.684428
2.013433
-0.784626
11.636943
7.991870
-1.487669
-0.982255
-5.180760
-3.270251
0.322081
6.443652
1.929800
8.252151
-0.418564
-0.136317
-4.112672
-1.177313
-7.357218
-1.994890
-2.745349
6.665721
0.429960
4.645717
0.764535
4.345825
-11.680208
-2.169922
-1.694085
-7.813434
1.853529
5.750448
-9.849581
-0.551269
5.558749
-5.372000
0.484515
0.202088
4.164227
2.686698
9.455227
-5.366240
0.994706
