INFO-FLOW: Workspace C:/ecg_hls/ecg_denoiser_ip/solution1 opened at Sat Apr 04 09:50:28 +0530 2026
Execute     ap_set_clock -name default -period 13 -default=false 
INFO: [SYN 201-201] Setting up clock 'default' with a period of 13ns.
Execute     set_part xc7z030-sbg485-2 
Execute       create_platform xc7z030-sbg485-2 -board  
DBG:HLSDevice: Trying to load device library: C:/Xilinx/Vitis_HLS/2022.2\lib\win64.o\xv_hlsvwrap.dll
DBG:HLSDevice: first parts/arch.xml in RDI_DATADIR: C:/Xilinx/Vivado/2022.2/data/parts/arch.xml
DBG:HLSDevice: init success
INFO: [HLS 200-1611] Setting target device to 'xc7z030-sbg485-2'
Command       create_platform done; 2.405 sec.
Execute       source C:/Xilinx/Vitis_HLS/2022.2/common/technology/xilinx/common/xilinx.gen 
Execute         source C:/Xilinx/Vitis_HLS/2022.2/common/technology/xilinx/interface/plb46.gen 
Execute         source C:/Xilinx/Vitis_HLS/2022.2/common/technology/xilinx/interface/axi4.gen 
Execute         source C:/Xilinx/Vitis_HLS/2022.2/common/technology/xilinx/interface/nativeAXI4.gen 
Execute           source C:/Xilinx/Vitis_HLS/2022.2/common/technology/xilinx/interface/saxilite.gen 
Execute         source C:/Xilinx/Vitis_HLS/2022.2/common/technology/xilinx/scripts/xilinxcoregen.gen 
Execute         source C:/Xilinx/Vitis_HLS/2022.2/common/technology/xilinx/interface/XilEDKCoreGen.gen 
Execute         source C:/Xilinx/Vitis_HLS/2022.2/common/technology/xilinx/ip/dds_compiler.gen 
Execute         source C:/Xilinx/Vitis_HLS/2022.2/common/technology/xilinx/ip/util.gen 
Execute         source C:/Xilinx/Vitis_HLS/2022.2/common/technology/xilinx/ip/xfft.gen 
Command         ap_source done; 0.111 sec.
Execute         source C:/Xilinx/Vitis_HLS/2022.2/common/technology/xilinx/ip/xfir.gen 
Execute         source C:/Xilinx/Vitis_HLS/2022.2/common/technology/xilinx/DSP48/dsp48.gen 
Command       ap_source done; 0.253 sec.
Execute       ap_part_info -name xc7z030-sbg485-2 -data info 
Execute       config_compile -quiet -complex-mul-dsp=0 
Command     set_part done; 2.713 sec.
Execute     send_msg_by_id INFO @200-1505@%s%s  vivado 
INFO: [HLS 200-1505] Using flow_target 'vivado'
Execute     send_msg_by_id INFO @200-1464@%s config_export -description {ECG Denoiser 1D-CNN} 
INFO: [HLS 200-1464] Running solution command: config_export -description {ECG Denoiser 1D-CNN}
Execute     config_export -description ECG Denoiser 1D-CNN 
Execute     send_msg_by_id INFO @200-1464@%s config_export -display_name=ecg_denoiser 
INFO: [HLS 200-1464] Running solution command: config_export -display_name=ecg_denoiser
Execute     config_export -display_name=ecg_denoiser 
Execute     send_msg_by_id INFO @200-1464@%s config_export -format=ip_catalog 
INFO: [HLS 200-1464] Running solution command: config_export -format=ip_catalog
Execute     config_export -format=ip_catalog 
Execute     send_msg_by_id INFO @200-1464@%s config_export -library=ECG 
INFO: [HLS 200-1464] Running solution command: config_export -library=ECG
Execute     config_export -library=ECG 
Execute     send_msg_by_id INFO @200-1464@%s config_export -output=C:/ecg_hls/ecg_denoiser_ip 
INFO: [HLS 200-1464] Running solution command: config_export -output=C:/ecg_hls/ecg_denoiser_ip
Execute     config_export -output=C:/ecg_hls/ecg_denoiser_ip 
Execute     send_msg_by_id INFO @200-1464@%s config_export -rtl=verilog 
INFO: [HLS 200-1464] Running solution command: config_export -rtl=verilog
Execute     config_export -rtl=verilog 
Execute     send_msg_by_id INFO @200-1464@%s config_export -vendor=MyOrg 
INFO: [HLS 200-1464] Running solution command: config_export -vendor=MyOrg
Execute     config_export -vendor=MyOrg 
Execute     send_msg_by_id INFO @200-1464@%s config_export -version=1.0 
INFO: [HLS 200-1464] Running solution command: config_export -version=1.0
Execute     config_export -version=1.0 
Command   open_solution done; 2.867 sec.
Execute   set_part xc7z030-sbg485-2 
INFO: [HLS 200-1510] Running: set_part xc7z030-sbg485-2 
Execute     create_platform xc7z030-sbg485-2 -board  
Execute     source C:/Xilinx/Vitis_HLS/2022.2/common/technology/xilinx/common/xilinx.gen 
Execute       source C:/Xilinx/Vitis_HLS/2022.2/common/technology/xilinx/interface/plb46.gen 
Execute       source C:/Xilinx/Vitis_HLS/2022.2/common/technology/xilinx/interface/axi4.gen 
Execute       source C:/Xilinx/Vitis_HLS/2022.2/common/technology/xilinx/interface/nativeAXI4.gen 
Execute         source C:/Xilinx/Vitis_HLS/2022.2/common/technology/xilinx/interface/saxilite.gen 
Execute       source C:/Xilinx/Vitis_HLS/2022.2/common/technology/xilinx/scripts/xilinxcoregen.gen 
Execute       source C:/Xilinx/Vitis_HLS/2022.2/common/technology/xilinx/interface/XilEDKCoreGen.gen 
Execute       source C:/Xilinx/Vitis_HLS/2022.2/common/technology/xilinx/ip/dds_compiler.gen 
Execute       source C:/Xilinx/Vitis_HLS/2022.2/common/technology/xilinx/ip/util.gen 
Execute       source C:/Xilinx/Vitis_HLS/2022.2/common/technology/xilinx/ip/xfft.gen 
Execute       source C:/Xilinx/Vitis_HLS/2022.2/common/technology/xilinx/ip/xfir.gen 
Execute       source C:/Xilinx/Vitis_HLS/2022.2/common/technology/xilinx/DSP48/dsp48.gen 
Command     ap_source done; 0.131 sec.
Execute     ap_part_info -name xc7z030-sbg485-2 -data info 
Execute     config_compile -quiet -complex-mul-dsp=0 
Command   set_part done; 0.178 sec.
Execute   create_clock -period 13 -name default 
INFO: [HLS 200-1510] Running: create_clock -period 13 -name default 
Execute   config_export -description ECG Denoiser 1D-CNN -display_name ecg_denoiser -format ip_catalog -library ECG -output C:/ecg_hls/ecg_denoiser_ip -rtl verilog -vendor MyOrg -version 1.0 
INFO: [HLS 200-1510] Running: config_export -description ECG Denoiser 1D-CNN -display_name ecg_denoiser -format ip_catalog -library ECG -output C:/ecg_hls/ecg_denoiser_ip -rtl verilog -vendor MyOrg -version 1.0 
Execute   source ./ecg_denoiser_ip/solution1/directives.tcl 
INFO: [HLS 200-1510] Running: source ./ecg_denoiser_ip/solution1/directives.tcl
Execute     set_directive_top -name ecg_denoiser ecg_denoiser 
INFO: [HLS 200-1510] Running: set_directive_top -name ecg_denoiser ecg_denoiser 
Execute   csynth_design 
INFO: [HLS 200-1510] Running: csynth_design 
Execute     elaborate -effort=medium -skip_syncheck=0 -keep_printf=0 -skip_cdt=0 -skip_transform=0 -ng=0 -g=0 -opt_fp=0 -from_csynth_design=1 
INFO: [HLS 200-111] Finished File checks and directory preparation: CPU user time: 0 seconds. CPU system time: 0 seconds. Elapsed time: 10.09 seconds; current allocated memory: 110.410 MB.
INFO: [HLS 200-10] Analyzing design file 'src/ecg_denoiser.cpp' ... 
INFO-FLOW: Compiling one TU...
INFO-FLOW: Handling src/ecg_denoiser.cpp as C++
Execute       ap_part_info -name xc7z030-sbg485-2 -data info 
INFO-FLOW: Running: GCC PP 39
INFO-FLOW: Source preprocessing
Execute       ap_eval exec -ignorestderr C:/Xilinx/Vitis_HLS/2022.2/win64/tools/clang-3.9-csynth/bin/clang src/ecg_denoiser.cpp -foptimization-record-file=C:/ecg_hls/ecg_denoiser_ip/solution1/.autopilot/db/ecg_denoiser.cpp.clang.diag.yml -mllvm -pass-remarks-missed=reflow|pasta|unroll -mllvm -pass-remarks=reflow|pasta|unroll|inline -fno-limit-debug-info --sysroot C:/Xilinx/Vitis_HLS/2022.2/tps/mingw/8.3.0/win64.o/nt -fhls -fno-exceptions -E -IC:/ecg_hls/include -fno-math-errno -c -emit-llvm -mllvm -disable-llvm-optzns -Werror=implicit-function-declaration -Werror=implicit-hls-streams -Werror=return-type -Wpragmas -Wunused-parameter -Wdump-hls-pragmas -Wno-error=dump-hls-pragmas -fno-threadsafe-statics -fno-use-cxa-atexit -std=gnu++14 -target fpga64-xilinx-mingw32 -fno-threadsafe-statics -fno-use-cxa-atexit -D__VITIS_HLS__ -DAESL_SYN -D__SYNTHESIS__ -D__HLS_SYN__ -I C:/Xilinx/Vitis_HLS/2022.2/common/technology/autopilot -I C:/Xilinx/Vitis_HLS/2022.2/common/technology/autopilot/ap_sysc -include etc/autopilot_ssdm_op.h -D__DSP48E1__ -I /usr/include/x86_64-linux-gnu -o C:/ecg_hls/ecg_denoiser_ip/solution1/.autopilot/db/ecg_denoiser.pp.0.cpp {-hls-platform-db-name=C:/Xilinx/Vitis_HLS/2022.2/common/technology\xilinx/common/platform.db} -hls-platform-name=zynq_medium -device-resource-info=BRAM_530.000000_DSP_400.000000_FF_157200.000000_LUT_78600.000000_SLICE_19650.000000_URAM_0.000000 -device-name-info=xc7z030sbg485-2 > C:/ecg_hls/ecg_denoiser_ip/solution1/.autopilot/db/ecg_denoiser.cpp.clang.out.log 2> C:/ecg_hls/ecg_denoiser_ip/solution1/.autopilot/db/ecg_denoiser.cpp.clang.err.log 
Command       ap_eval done; 1.824 sec.
INFO-FLOW: Done: GCC PP 39 time: 1.8 seconds per iteration
Execute       set_directive_top ecg_denoiser -name=ecg_denoiser 
Execute       source C:/Xilinx/Vitis_HLS/2022.2/tps/tcl/tcllib1.11.1/yaml/huddle.tcl 
Execute       source C:/Xilinx/Vitis_HLS/2022.2/tps/tcl/tcllib1.11.1/yaml/json2huddle.tcl 
INFO-FLOW: Source syntax check for synthesis
Execute       ap_eval exec -ignorestderr C:/Xilinx/Vitis_HLS/2022.2/win64/tools/clang-3.9-csynth/bin/clang -foptimization-record-file=C:/ecg_hls/ecg_denoiser_ip/solution1/.autopilot/db/clang.diag.yml -mllvm -pass-remarks-missed=reflow|pasta|unroll -mllvm -pass-remarks=reflow|pasta|unroll|inline -fsyntax-only -fhls -target fpga64-xilinx-linux-gnu C:/ecg_hls/ecg_denoiser_ip/solution1/.autopilot/db/ecg_denoiser.pp.0.cpp {-hls-platform-db-name=C:/Xilinx/Vitis_HLS/2022.2/common/technology\xilinx/common/platform.db} -hls-platform-name=zynq_medium -device-resource-info=BRAM_530.000000_DSP_400.000000_FF_157200.000000_LUT_78600.000000_SLICE_19650.000000_URAM_0.000000 -device-name-info=xc7z030sbg485-2 > C:/ecg_hls/ecg_denoiser_ip/solution1/.autopilot/db/clang.out.log 2> C:/ecg_hls/ecg_denoiser_ip/solution1/.autopilot/db/clang.err.log 
Command       ap_eval done; 4.57 sec.
Execute       clang_tidy xilinx-systemc-detector -desc systemc-detector C:/ecg_hls/ecg_denoiser_ip/solution1/.autopilot/db/ecg_denoiser.pp.0.cpp std=gnu++14 -target fpga  -directive=C:/ecg_hls/ecg_denoiser_ip/solution1/.autopilot/db/.systemc_flag 
INFO-FLOW: exec C:/Xilinx/Vitis_HLS/2022.2/win64/tools/clang-3.9-csynth/bin/clang-tidy -header-filter=.* --checks=-*,xilinx-systemc-detector -import-directive=C:/ecg_hls/ecg_denoiser_ip/solution1/.autopilot/db/.systemc_flag -fix-errors C:/ecg_hls/ecg_denoiser_ip/solution1/.autopilot/db/ecg_denoiser.pp.0.cpp -- -std=gnu++14 -target fpga -fhls -ferror-limit=0
Command       clang_tidy done; 4.18 sec.
INFO-FLOW: Running: clang-tidy CDT preprocess 39
Execute       clang_tidy xilinx-directive2pragma -desc directive2pragma C:/ecg_hls/ecg_denoiser_ip/solution1/.autopilot/db/ecg_denoiser.pp.0.cpp std=gnu++14 -target fpga  -directive=C:/ecg_hls/ecg_denoiser_ip/solution1/.autopilot/db/all.directive.json 
INFO-FLOW: exec C:/Xilinx/Vitis_HLS/2022.2/win64/tools/clang-3.9-csynth/bin/clang-tidy -header-filter=.* --checks=-*,xilinx-directive2pragma -import-directive=C:/ecg_hls/ecg_denoiser_ip/solution1/.autopilot/db/all.directive.json -fix-errors C:/ecg_hls/ecg_denoiser_ip/solution1/.autopilot/db/ecg_denoiser.pp.0.cpp -- -std=gnu++14 -target fpga -fhls -ferror-limit=0
Command       clang_tidy done; 4.281 sec.
Execute       clang_tidy xilinx-remove-assert -desc remove-assert C:/ecg_hls/ecg_denoiser_ip/solution1/.autopilot/db/ecg_denoiser.pp.0.cpp std=gnu++14 -target fpga  
INFO-FLOW: exec C:/Xilinx/Vitis_HLS/2022.2/win64/tools/clang-3.9-csynth/bin/clang-tidy -header-filter=.* --checks=-*,xilinx-remove-assert -fix-errors C:/ecg_hls/ecg_denoiser_ip/solution1/.autopilot/db/ecg_denoiser.pp.0.cpp -- -std=gnu++14 -target fpga -fhls -ferror-limit=0
Command       clang_tidy done; 4.02 sec.
INFO-FLOW: Done: clang-tidy CDT preprocess 39 time: 8.3 seconds per iteration
INFO-FLOW: Calling xilinx-label-all-loops ... 
INFO-FLOW: Calling xilinx-aggregate-on-hls-vector ... 
Execute       clang_tidy -errorcheck -desc loop-label xilinx-label-all-loops,xilinx-aggregate-on-hls-vector,,xilinx-warn-mayneed-no-ctor-attribute C:/ecg_hls/ecg_denoiser_ip/solution1/.autopilot/db/ecg_denoiser.pp.0.cpp std=gnu++14 -target fpga  
Execute         ap_eval exec -ignorestderr C:/Xilinx/Vitis_HLS/2022.2/win64/tools/clang-3.9-csynth/bin/clang-tidy -export-fixes=C:/ecg_hls/ecg_denoiser_ip/solution1/.autopilot/db/ecg_denoiser.pp.0.cpp.clang-tidy.loop-label.diag.yml -header-filter=.* --checks=-*,xilinx-label-all-loops,xilinx-aggregate-on-hls-vector,,xilinx-warn-mayneed-no-ctor-attribute -fix-errors C:/ecg_hls/ecg_denoiser_ip/solution1/.autopilot/db/ecg_denoiser.pp.0.cpp -- -std=gnu++14 -target fpga -fhls -ferror-limit=0 > C:/ecg_hls/ecg_denoiser_ip/solution1/.autopilot/db/ecg_denoiser.pp.0.cpp.clang-tidy.loop-label.out.log 2> C:/ecg_hls/ecg_denoiser_ip/solution1/.autopilot/db/ecg_denoiser.pp.0.cpp.clang-tidy.loop-label.err.log 
Command         ap_eval done; 6.65 sec.
Execute         source C:/Xilinx/Vitis_HLS/2022.2/tps/tcl/tcllib1.11.1/yaml/yaml.tcl 
Command       clang_tidy done; 7.298 sec.
Execute       ap_eval exec -ignorestderr C:/Xilinx/Vitis_HLS/2022.2/win64/tools/clang-3.9-csynth/bin/xilinx-dataflow-lawyer -export-fixes=C:/ecg_hls/ecg_denoiser_ip/solution1/.autopilot/db/ecg_denoiser.pp.0.cpp.xilinx-dataflow-lawyer.diag.yml C:/ecg_hls/ecg_denoiser_ip/solution1/.autopilot/db/ecg_denoiser.pp.0.cpp -- -std=gnu++14 -target fpga -fhls -ferror-limit=0 -fstrict-dataflow > C:/ecg_hls/ecg_denoiser_ip/solution1/.autopilot/db/ecg_denoiser.pp.0.cpp.xilinx-dataflow-lawyer.out.log 2> C:/ecg_hls/ecg_denoiser_ip/solution1/.autopilot/db/ecg_denoiser.pp.0.cpp.xilinx-dataflow-lawyer.err.log 
Command       ap_eval done; 3.85 sec.
Execute       ap_part_info -name xc7z030-sbg485-2 -data info 
INFO-FLOW: compiling source code to llvm bc
Execute       ap_eval exec -ignorestderr C:/Xilinx/Vitis_HLS/2022.2/win64/tools/clang-3.9-csynth/bin/clang -foptimization-record-file=C:/ecg_hls/ecg_denoiser_ip/solution1/.autopilot/db/ecg_denoiser.pp.0.cpp.clang.diag.yml -mllvm -pass-remarks-missed=reflow|pasta|unroll -mllvm -pass-remarks=reflow|pasta|unroll|inline -fno-limit-debug-info -fhls -flto -fno-exceptions -Wno-error=c++11-narrowing C:/ecg_hls/ecg_denoiser_ip/solution1/.autopilot/db/ecg_denoiser.pp.0.cpp -IC:/ecg_hls/include -fno-math-errno -c -emit-llvm -mllvm -disable-llvm-optzns -Werror=implicit-function-declaration -Werror=implicit-hls-streams -Werror=return-type -Wpragmas -Wunused-parameter -Wdump-hls-pragmas -Wno-error=dump-hls-pragmas -fno-threadsafe-statics -fno-use-cxa-atexit -std=gnu++14 -target fpga64-xilinx-linux-gnu -D__VITIS_HLS__ -DAESL_SYN -D__SYNTHESIS__ -D__HLS_SYN__ -I C:/Xilinx/Vitis_HLS/2022.2/common/technology/autopilot -I C:/Xilinx/Vitis_HLS/2022.2/common/technology/autopilot/ap_sysc -include etc/autopilot_ssdm_op.h -D__DSP48E1__ -g -o C:/ecg_hls/ecg_denoiser_ip/solution1/.autopilot/db/ecg_denoiser.bc {-hls-platform-db-name=C:/Xilinx/Vitis_HLS/2022.2/common/technology\xilinx/common/platform.db} -hls-platform-name=zynq_medium -device-resource-info=BRAM_530.000000_DSP_400.000000_FF_157200.000000_LUT_78600.000000_SLICE_19650.000000_URAM_0.000000 -device-name-info=xc7z030sbg485-2 > C:/ecg_hls/ecg_denoiser_ip/solution1/.autopilot/db/ecg_denoiser.pp.0.cpp.clang.out.log 2> C:/ecg_hls/ecg_denoiser_ip/solution1/.autopilot/db/ecg_denoiser.pp.0.cpp.clang.err.log 
Command       ap_eval done; 4.206 sec.
INFO: [HLS 200-10] Analyzing design file 'src/weights_denoiser.cpp' ... 
INFO-FLOW: Compiling one TU...
INFO-FLOW: Handling src/weights_denoiser.cpp as C++
Execute       ap_part_info -name xc7z030-sbg485-2 -data info 
INFO-FLOW: Running: GCC PP 39
INFO-FLOW: Source preprocessing
Execute       ap_eval exec -ignorestderr C:/Xilinx/Vitis_HLS/2022.2/win64/tools/clang-3.9-csynth/bin/clang src/weights_denoiser.cpp -foptimization-record-file=C:/ecg_hls/ecg_denoiser_ip/solution1/.autopilot/db/weights_denoiser.cpp.clang.diag.yml -mllvm -pass-remarks-missed=reflow|pasta|unroll -mllvm -pass-remarks=reflow|pasta|unroll|inline -fno-limit-debug-info --sysroot C:/Xilinx/Vitis_HLS/2022.2/tps/mingw/8.3.0/win64.o/nt -fhls -fno-exceptions -E -IC:/ecg_hls/include -fno-math-errno -c -emit-llvm -mllvm -disable-llvm-optzns -Werror=implicit-function-declaration -Werror=implicit-hls-streams -Werror=return-type -Wpragmas -Wunused-parameter -Wdump-hls-pragmas -Wno-error=dump-hls-pragmas -fno-threadsafe-statics -fno-use-cxa-atexit -std=gnu++14 -target fpga64-xilinx-mingw32 -fno-threadsafe-statics -fno-use-cxa-atexit -D__VITIS_HLS__ -DAESL_SYN -D__SYNTHESIS__ -D__HLS_SYN__ -I C:/Xilinx/Vitis_HLS/2022.2/common/technology/autopilot -I C:/Xilinx/Vitis_HLS/2022.2/common/technology/autopilot/ap_sysc -include etc/autopilot_ssdm_op.h -D__DSP48E1__ -I /usr/include/x86_64-linux-gnu -o C:/ecg_hls/ecg_denoiser_ip/solution1/.autopilot/db/weights_denoiser.pp.0.cpp {-hls-platform-db-name=C:/Xilinx/Vitis_HLS/2022.2/common/technology\xilinx/common/platform.db} -hls-platform-name=zynq_medium -device-resource-info=BRAM_530.000000_DSP_400.000000_FF_157200.000000_LUT_78600.000000_SLICE_19650.000000_URAM_0.000000 -device-name-info=xc7z030sbg485-2 > C:/ecg_hls/ecg_denoiser_ip/solution1/.autopilot/db/weights_denoiser.cpp.clang.out.log 2> C:/ecg_hls/ecg_denoiser_ip/solution1/.autopilot/db/weights_denoiser.cpp.clang.err.log 
Command       ap_eval done; 0.366 sec.
INFO-FLOW: Done: GCC PP 39 time: 0.4 seconds per iteration
Execute       set_directive_top ecg_denoiser -name=ecg_denoiser 
INFO-FLOW: Source syntax check for synthesis
Execute       ap_eval exec -ignorestderr C:/Xilinx/Vitis_HLS/2022.2/win64/tools/clang-3.9-csynth/bin/clang -foptimization-record-file=C:/ecg_hls/ecg_denoiser_ip/solution1/.autopilot/db/clang.diag.yml -mllvm -pass-remarks-missed=reflow|pasta|unroll -mllvm -pass-remarks=reflow|pasta|unroll|inline -fsyntax-only -fhls -target fpga64-xilinx-linux-gnu C:/ecg_hls/ecg_denoiser_ip/solution1/.autopilot/db/weights_denoiser.pp.0.cpp {-hls-platform-db-name=C:/Xilinx/Vitis_HLS/2022.2/common/technology\xilinx/common/platform.db} -hls-platform-name=zynq_medium -device-resource-info=BRAM_530.000000_DSP_400.000000_FF_157200.000000_LUT_78600.000000_SLICE_19650.000000_URAM_0.000000 -device-name-info=xc7z030sbg485-2 > C:/ecg_hls/ecg_denoiser_ip/solution1/.autopilot/db/clang.out.log 2> C:/ecg_hls/ecg_denoiser_ip/solution1/.autopilot/db/clang.err.log 
Command       ap_eval done; 19.627 sec.
Execute       clang_tidy xilinx-systemc-detector -desc systemc-detector C:/ecg_hls/ecg_denoiser_ip/solution1/.autopilot/db/weights_denoiser.pp.0.cpp std=gnu++14 -target fpga  -directive=C:/ecg_hls/ecg_denoiser_ip/solution1/.autopilot/db/.systemc_flag 
INFO-FLOW: exec C:/Xilinx/Vitis_HLS/2022.2/win64/tools/clang-3.9-csynth/bin/clang-tidy -header-filter=.* --checks=-*,xilinx-systemc-detector -import-directive=C:/ecg_hls/ecg_denoiser_ip/solution1/.autopilot/db/.systemc_flag -fix-errors C:/ecg_hls/ecg_denoiser_ip/solution1/.autopilot/db/weights_denoiser.pp.0.cpp -- -std=gnu++14 -target fpga -fhls -ferror-limit=0
Command       clang_tidy done; 11.168 sec.
INFO-FLOW: Running: clang-tidy CDT preprocess 39
Execute       clang_tidy xilinx-directive2pragma -desc directive2pragma C:/ecg_hls/ecg_denoiser_ip/solution1/.autopilot/db/weights_denoiser.pp.0.cpp std=gnu++14 -target fpga  -directive=C:/ecg_hls/ecg_denoiser_ip/solution1/.autopilot/db/all.directive.json 
INFO-FLOW: exec C:/Xilinx/Vitis_HLS/2022.2/win64/tools/clang-3.9-csynth/bin/clang-tidy -header-filter=.* --checks=-*,xilinx-directive2pragma -import-directive=C:/ecg_hls/ecg_denoiser_ip/solution1/.autopilot/db/all.directive.json -fix-errors C:/ecg_hls/ecg_denoiser_ip/solution1/.autopilot/db/weights_denoiser.pp.0.cpp -- -std=gnu++14 -target fpga -fhls -ferror-limit=0
Command       clang_tidy done; 7.96 sec.
Execute       clang_tidy xilinx-remove-assert -desc remove-assert C:/ecg_hls/ecg_denoiser_ip/solution1/.autopilot/db/weights_denoiser.pp.0.cpp std=gnu++14 -target fpga  
INFO-FLOW: exec C:/Xilinx/Vitis_HLS/2022.2/win64/tools/clang-3.9-csynth/bin/clang-tidy -header-filter=.* --checks=-*,xilinx-remove-assert -fix-errors C:/ecg_hls/ecg_denoiser_ip/solution1/.autopilot/db/weights_denoiser.pp.0.cpp -- -std=gnu++14 -target fpga -fhls -ferror-limit=0
Command       clang_tidy done; 7.321 sec.
INFO-FLOW: Done: clang-tidy CDT preprocess 39 time: 15.3 seconds per iteration
INFO-FLOW: Calling xilinx-label-all-loops ... 
INFO-FLOW: Calling xilinx-aggregate-on-hls-vector ... 
Execute       clang_tidy -errorcheck -desc loop-label xilinx-label-all-loops,xilinx-aggregate-on-hls-vector,,xilinx-warn-mayneed-no-ctor-attribute C:/ecg_hls/ecg_denoiser_ip/solution1/.autopilot/db/weights_denoiser.pp.0.cpp std=gnu++14 -target fpga  
Execute         ap_eval exec -ignorestderr C:/Xilinx/Vitis_HLS/2022.2/win64/tools/clang-3.9-csynth/bin/clang-tidy -export-fixes=C:/ecg_hls/ecg_denoiser_ip/solution1/.autopilot/db/weights_denoiser.pp.0.cpp.clang-tidy.loop-label.diag.yml -header-filter=.* --checks=-*,xilinx-label-all-loops,xilinx-aggregate-on-hls-vector,,xilinx-warn-mayneed-no-ctor-attribute -fix-errors C:/ecg_hls/ecg_denoiser_ip/solution1/.autopilot/db/weights_denoiser.pp.0.cpp -- -std=gnu++14 -target fpga -fhls -ferror-limit=0 > C:/ecg_hls/ecg_denoiser_ip/solution1/.autopilot/db/weights_denoiser.pp.0.cpp.clang-tidy.loop-label.out.log 2> C:/ecg_hls/ecg_denoiser_ip/solution1/.autopilot/db/weights_denoiser.pp.0.cpp.clang-tidy.loop-label.err.log 
Command         ap_eval done; 7.96 sec.
Command       clang_tidy done; 7.987 sec.
Execute       ap_eval exec -ignorestderr C:/Xilinx/Vitis_HLS/2022.2/win64/tools/clang-3.9-csynth/bin/xilinx-dataflow-lawyer -export-fixes=C:/ecg_hls/ecg_denoiser_ip/solution1/.autopilot/db/weights_denoiser.pp.0.cpp.xilinx-dataflow-lawyer.diag.yml C:/ecg_hls/ecg_denoiser_ip/solution1/.autopilot/db/weights_denoiser.pp.0.cpp -- -std=gnu++14 -target fpga -fhls -ferror-limit=0 -fstrict-dataflow > C:/ecg_hls/ecg_denoiser_ip/solution1/.autopilot/db/weights_denoiser.pp.0.cpp.xilinx-dataflow-lawyer.out.log 2> C:/ecg_hls/ecg_denoiser_ip/solution1/.autopilot/db/weights_denoiser.pp.0.cpp.xilinx-dataflow-lawyer.err.log 
Command       ap_eval done; 6.771 sec.
Execute       ap_part_info -name xc7z030-sbg485-2 -data info 
INFO-FLOW: compiling source code to llvm bc
Execute       ap_eval exec -ignorestderr C:/Xilinx/Vitis_HLS/2022.2/win64/tools/clang-3.9-csynth/bin/clang -foptimization-record-file=C:/ecg_hls/ecg_denoiser_ip/solution1/.autopilot/db/weights_denoiser.pp.0.cpp.clang.diag.yml -mllvm -pass-remarks-missed=reflow|pasta|unroll -mllvm -pass-remarks=reflow|pasta|unroll|inline -fno-limit-debug-info -fhls -flto -fno-exceptions -Wno-error=c++11-narrowing C:/ecg_hls/ecg_denoiser_ip/solution1/.autopilot/db/weights_denoiser.pp.0.cpp -IC:/ecg_hls/include -fno-math-errno -c -emit-llvm -mllvm -disable-llvm-optzns -Werror=implicit-function-declaration -Werror=implicit-hls-streams -Werror=return-type -Wpragmas -Wunused-parameter -Wdump-hls-pragmas -Wno-error=dump-hls-pragmas -fno-threadsafe-statics -fno-use-cxa-atexit -std=gnu++14 -target fpga64-xilinx-linux-gnu -D__VITIS_HLS__ -DAESL_SYN -D__SYNTHESIS__ -D__HLS_SYN__ -I C:/Xilinx/Vitis_HLS/2022.2/common/technology/autopilot -I C:/Xilinx/Vitis_HLS/2022.2/common/technology/autopilot/ap_sysc -include etc/autopilot_ssdm_op.h -D__DSP48E1__ -g -o C:/ecg_hls/ecg_denoiser_ip/solution1/.autopilot/db/weights_denoiser.bc {-hls-platform-db-name=C:/Xilinx/Vitis_HLS/2022.2/common/technology\xilinx/common/platform.db} -hls-platform-name=zynq_medium -device-resource-info=BRAM_530.000000_DSP_400.000000_FF_157200.000000_LUT_78600.000000_SLICE_19650.000000_URAM_0.000000 -device-name-info=xc7z030sbg485-2 > C:/ecg_hls/ecg_denoiser_ip/solution1/.autopilot/db/weights_denoiser.pp.0.cpp.clang.out.log 2> C:/ecg_hls/ecg_denoiser_ip/solution1/.autopilot/db/weights_denoiser.pp.0.cpp.clang.err.log 
Command       ap_eval done; 8.543 sec.
INFO: [HLS 200-111] Finished Source Code Analysis and Preprocessing: CPU user time: 1 seconds. CPU system time: 0 seconds. Elapsed time: 104.789 seconds; current allocated memory: 117.238 MB.
INFO-FLOW: Linking Debug ...
INFO-FLOW: Linking dut bc code.
Execute       run_link_or_opt -out C:/ecg_hls/ecg_denoiser_ip/solution1/.autopilot/db/a.g.ld.0.bc -args  "C:/ecg_hls/ecg_denoiser_ip/solution1/.autopilot/db/ecg_denoiser.g.bc" "C:/ecg_hls/ecg_denoiser_ip/solution1/.autopilot/db/weights_denoiser.g.bc"  
Execute         ap_eval exec -ignorestderr C:/Xilinx/Vitis_HLS/2022.2/win64/tools/clang-3.9-csynth/bin/llvm-link C:/ecg_hls/ecg_denoiser_ip/solution1/.autopilot/db/ecg_denoiser.g.bc C:/ecg_hls/ecg_denoiser_ip/solution1/.autopilot/db/weights_denoiser.g.bc -o C:/ecg_hls/ecg_denoiser_ip/solution1/.autopilot/db/a.g.ld.0.bc > C:/ecg_hls/ecg_denoiser_ip/solution1/.autopilot/db/a.g.ld.0.bc.llvm-link.out.log 2> C:/ecg_hls/ecg_denoiser_ip/solution1/.autopilot/db/a.g.ld.0.bc.llvm-link.err.log 
Command         ap_eval done; 1.481 sec.
INFO-FLOW: 
Command       run_link_or_opt done; 1.484 sec.
Execute       run_link_or_opt -opt -out C:/ecg_hls/ecg_denoiser_ip/solution1/.autopilot/db/a.g.ld.1.lower.bc -args C:/ecg_hls/ecg_denoiser_ip/solution1/.autopilot/db/a.g.ld.0.bc -reflow-lower-math-intrinsics 
Execute         ap_eval exec -ignorestderr C:/Xilinx/Vitis_HLS/2022.2/win64/tools/clang-3.9-csynth/bin/opt -pass-remarks-missed=reflow|pasta|unroll -pass-remarks=reflow|pasta|unroll|inline -pass-remarks-output=C:/ecg_hls/ecg_denoiser_ip/solution1/.autopilot/db/a.g.ld.1.lower.bc.opt.diag.yml C:/ecg_hls/ecg_denoiser_ip/solution1/.autopilot/db/a.g.ld.0.bc -reflow-lower-math-intrinsics -o C:/ecg_hls/ecg_denoiser_ip/solution1/.autopilot/db/a.g.ld.1.lower.bc > C:/ecg_hls/ecg_denoiser_ip/solution1/.autopilot/db/a.g.ld.1.lower.bc.opt.out.log 2> C:/ecg_hls/ecg_denoiser_ip/solution1/.autopilot/db/a.g.ld.1.lower.bc.opt.err.log 
Command         ap_eval done; 1.616 sec.
INFO-FLOW: 
Command       run_link_or_opt done; 1.619 sec.
INFO-FLOW: Linking math bc lib
Execute       run_link_or_opt -out C:/ecg_hls/ecg_denoiser_ip/solution1/.autopilot/db/a.g.ld.2.m1.bc -args C:/ecg_hls/ecg_denoiser_ip/solution1/.autopilot/db/a.g.ld.1.lower.bc -only-needed C:/Xilinx/Vitis_HLS/2022.2/win64/lib/libhlsm_39.bc C:/Xilinx/Vitis_HLS/2022.2/win64/lib/libhlsmc++_39.bc 
Execute         ap_eval exec -ignorestderr C:/Xilinx/Vitis_HLS/2022.2/win64/tools/clang-3.9-csynth/bin/llvm-link C:/ecg_hls/ecg_denoiser_ip/solution1/.autopilot/db/a.g.ld.1.lower.bc -only-needed C:/Xilinx/Vitis_HLS/2022.2/win64/lib/libhlsm_39.bc C:/Xilinx/Vitis_HLS/2022.2/win64/lib/libhlsmc++_39.bc -o C:/ecg_hls/ecg_denoiser_ip/solution1/.autopilot/db/a.g.ld.2.m1.bc > C:/ecg_hls/ecg_denoiser_ip/solution1/.autopilot/db/a.g.ld.2.m1.bc.llvm-link.out.log 2> C:/ecg_hls/ecg_denoiser_ip/solution1/.autopilot/db/a.g.ld.2.m1.bc.llvm-link.err.log 
Command         ap_eval done; 4.513 sec.
INFO-FLOW: 
Command       run_link_or_opt done; 4.516 sec.
Execute       run_link_or_opt -opt -out C:/ecg_hls/ecg_denoiser_ip/solution1/.autopilot/db/a.g.ld.3.fpc.bc -args C:/ecg_hls/ecg_denoiser_ip/solution1/.autopilot/db/a.g.ld.2.m1.bc -reflow-globaldce -hls-top-function-name=ecg_denoiser -reflow-float-conversion 
Execute         ap_eval exec -ignorestderr C:/Xilinx/Vitis_HLS/2022.2/win64/tools/clang-3.9-csynth/bin/opt -pass-remarks-missed=reflow|pasta|unroll -pass-remarks=reflow|pasta|unroll|inline -pass-remarks-output=C:/ecg_hls/ecg_denoiser_ip/solution1/.autopilot/db/a.g.ld.3.fpc.bc.opt.diag.yml C:/ecg_hls/ecg_denoiser_ip/solution1/.autopilot/db/a.g.ld.2.m1.bc -reflow-globaldce -hls-top-function-name=ecg_denoiser -reflow-float-conversion -o C:/ecg_hls/ecg_denoiser_ip/solution1/.autopilot/db/a.g.ld.3.fpc.bc > C:/ecg_hls/ecg_denoiser_ip/solution1/.autopilot/db/a.g.ld.3.fpc.bc.opt.out.log 2> C:/ecg_hls/ecg_denoiser_ip/solution1/.autopilot/db/a.g.ld.3.fpc.bc.opt.err.log 
Command         ap_eval done; 2.631 sec.
INFO-FLOW: 
Command       run_link_or_opt done; 2.634 sec.
Execute       run_link_or_opt -out C:/ecg_hls/ecg_denoiser_ip/solution1/.autopilot/db/a.g.ld.4.m2.bc -args C:/ecg_hls/ecg_denoiser_ip/solution1/.autopilot/db/a.g.ld.3.fpc.bc -only-needed C:/Xilinx/Vitis_HLS/2022.2/win64/lib/libfloatconversion_39.bc 
Execute         ap_eval exec -ignorestderr C:/Xilinx/Vitis_HLS/2022.2/win64/tools/clang-3.9-csynth/bin/llvm-link C:/ecg_hls/ecg_denoiser_ip/solution1/.autopilot/db/a.g.ld.3.fpc.bc -only-needed C:/Xilinx/Vitis_HLS/2022.2/win64/lib/libfloatconversion_39.bc -o C:/ecg_hls/ecg_denoiser_ip/solution1/.autopilot/db/a.g.ld.4.m2.bc > C:/ecg_hls/ecg_denoiser_ip/solution1/.autopilot/db/a.g.ld.4.m2.bc.llvm-link.out.log 2> C:/ecg_hls/ecg_denoiser_ip/solution1/.autopilot/db/a.g.ld.4.m2.bc.llvm-link.err.log 
Command         ap_eval done; 1.574 sec.
INFO-FLOW: 
Command       run_link_or_opt done; 1.576 sec.
Execute       run_link_or_opt -opt -out C:/ecg_hls/ecg_denoiser_ip/solution1/.autopilot/db/a.g.ld.5.gdce.bc -args C:/ecg_hls/ecg_denoiser_ip/solution1/.autopilot/db/a.g.ld.4.m2.bc -reflow-globaldce -hls-top-function-name=ecg_denoiser 
Execute         ap_eval exec -ignorestderr C:/Xilinx/Vitis_HLS/2022.2/win64/tools/clang-3.9-csynth/bin/opt -pass-remarks-missed=reflow|pasta|unroll -pass-remarks=reflow|pasta|unroll|inline -pass-remarks-output=C:/ecg_hls/ecg_denoiser_ip/solution1/.autopilot/db/a.g.ld.5.gdce.bc.opt.diag.yml C:/ecg_hls/ecg_denoiser_ip/solution1/.autopilot/db/a.g.ld.4.m2.bc -reflow-globaldce -hls-top-function-name=ecg_denoiser -o C:/ecg_hls/ecg_denoiser_ip/solution1/.autopilot/db/a.g.ld.5.gdce.bc > C:/ecg_hls/ecg_denoiser_ip/solution1/.autopilot/db/a.g.ld.5.gdce.bc.opt.out.log 2> C:/ecg_hls/ecg_denoiser_ip/solution1/.autopilot/db/a.g.ld.5.gdce.bc.opt.err.log 
Command         ap_eval done; 1.563 sec.
INFO-FLOW: 
Command       run_link_or_opt done; 1.566 sec.
Execute       send_msg_by_id INFO @200-777@%s Vivado 
INFO: [HLS 200-777] Using interface defaults for 'Vivado' flow target.
Execute       is_m_axi_addr64 
INFO-FLOW: Doing LTO.
Execute       ap_eval exec -ignorestderr C:/Xilinx/Vitis_HLS/2022.2/win64/tools/clang-3.9-csynth/bin/clang -foptimization-record-file=C:/ecg_hls/ecg_denoiser_ip/solution1/.autopilot/db/a.g.ld.0.bc.clang.diag.yml -mllvm -pass-remarks-missed=reflow|pasta|unroll -mllvm -pass-remarks=reflow|pasta|unroll|inline -fhls -mllvm -hls-top-function-name=ecg_denoiser -mllvm -hls-db-dir -mllvm C:/ecg_hls/ecg_denoiser_ip/solution1/.autopilot/db -emit-llvm -c -target fpga64-xilinx-none -mllvm -xcl-xmlinfo=C:/ecg_hls/ecg_denoiser_ip/solution1/.autopilot/db/kernel.internal.xml -mllvm -top-io-mapping-info=C:/ecg_hls/ecg_denoiser_ip/solution1/.autopilot/db/top-io-fe.xml -mllvm -hls-bitcode-version=3.1 -mllvm -reflow-enable-slave-interface-default-setting=true -mllvm -gen-kernel-xml=false -mllvm -default-maxi-offset=slave -mllvm -maxi-latency=0 -mllvm -hls-maxi-data-size-in-bits=8 -mllvm -hls-maxi-max-data-size-in-bits=1024 -mllvm -hls-max-widen-size-in-bits=0 -mllvm -xcl-kernel-max-mem-ports=0 -mllvm -maxi-read-trans=16 -mllvm -maxi-write-trans=16 -mllvm -maxi-read-burst-len=16 -mllvm -maxi-write-burst-len=16 -mllvm -reflow-enable-saxi-64bits=0 -mllvm -reflow-basic-block-instr-threshold=200000 -mllvm -reflow-auto-pipeline-threshold=64 -mllvm -reflow-enable-maxi-auto-id-channel=0 -mllvm -assume-maxi-align=1 -mllvm -reflow-pipeline-style-llvm-setting=2 -mllvm -reflow-enable-dataflow-strict-mode-checking=1 -mllvm -reflow-auto-array-partition-mode=default -mllvm -reflow-enable-auto-array-partition=true -mllvm -reflow-enable-auto-parallel-performance-driven=true -mllvm -reflow-enable-partition-for-automation=true -mllvm -reflow-aggregate-bitwidth-threshold=4096 -mllvm -reflow-assume-no-address-wrap=true -mllvm -hls -mllvm -disable-inlined-alloca-merging=true -mllvm -default-clock-period=13 -x ir C:/ecg_hls/ecg_denoiser_ip/solution1/.autopilot/db/a.g.ld.5.gdce.bc -o C:/ecg_hls/ecg_denoiser_ip/solution1/.autopilot/db/a.g.lto.bc {-hls-platform-db-name=C:/Xilinx/Vitis_HLS/2022.2/common/technology\xilinx/common/platform.db} -hls-platform-name=zynq_medium -device-resource-info=BRAM_530.000000_DSP_400.000000_FF_157200.000000_LUT_78600.000000_SLICE_19650.000000_URAM_0.000000 -device-name-info=xc7z030sbg485-2 > C:/ecg_hls/ecg_denoiser_ip/solution1/.autopilot/db/a.g.ld.0.bc.clang.out.log 2> C:/ecg_hls/ecg_denoiser_ip/solution1/.autopilot/db/a.g.ld.0.bc.clang.err.log 
Command       ap_eval done; 76.013 sec.
INFO: [HLS 214-131] Inlining function 'ssdm_int<64, true>::ssdm_int(long)' into 'ap_int_base<64, true>::ap_int_base(long)' (C:/Xilinx/Vitis_HLS/2022.2/common/technology/autopilot\ap_int_base.h:216:68)
INFO: [HLS 214-131] Inlining function '_ZN8ssdm_intILi65ELb1EEC2EDq65_i' into 'ap_int_base<65, true>::ap_int_base<11, false>(ap_int_base<11, false> const&)' (C:/Xilinx/Vitis_HLS/2022.2/common/technology/autopilot\ap_int_base.h:185:106)
INFO: [HLS 214-131] Inlining function '_ZN8ssdm_intILi65ELb1EEC2EDq65_i' into 'ap_int_base<65, true>::ap_int_base<64, true>(ap_int_base<64, true> const&)' (C:/Xilinx/Vitis_HLS/2022.2/common/technology/autopilot\ap_int_base.h:185:106)
INFO: [HLS 214-131] Inlining function '_ZN8ssdm_intILi65ELb1EEC2EDq65_i' into 'ap_int_base<65, true>::ap_int_base(int)' (C:/Xilinx/Vitis_HLS/2022.2/common/technology/autopilot\ap_int_base.h:214:67)
INFO: [HLS 214-131] Inlining function 'ap_int_base<65, true>::ap_int_base<11, false>(ap_int_base<11, false> const&)' into 'ap_int_base<11, false>::RType<64, true>::minus operator-<11, false, 64, true>(ap_int_base<11, false> const&, ap_int_base<64, true> const&)' (C:/Xilinx/Vitis_HLS/2022.2/common/technology/autopilot\ap_int_base.h:1496:341)
INFO: [HLS 214-131] Inlining function 'ap_int_base<65, true>::ap_int_base(int)' into 'ap_int_base<11, false>::RType<64, true>::minus operator-<11, false, 64, true>(ap_int_base<11, false> const&, ap_int_base<64, true> const&)' (C:/Xilinx/Vitis_HLS/2022.2/common/technology/autopilot\ap_int_base.h:1496:520)
INFO: [HLS 214-131] Inlining function 'ap_int_base<65, true>::ap_int_base<64, true>(ap_int_base<64, true> const&)' into 'ap_int_base<11, false>::RType<64, true>::minus operator-<11, false, 64, true>(ap_int_base<11, false> const&, ap_int_base<64, true> const&)' (C:/Xilinx/Vitis_HLS/2022.2/common/technology/autopilot\ap_int_base.h:1496:430)
INFO: [HLS 214-131] Inlining function 'ap_int_base<64, true>::ap_int_base(long)' into 'ap_int_base<11, false>::RType<($_0)64, true>::minus operator-<11, false>(ap_int_base<11, false> const&, long)' (C:/Xilinx/Vitis_HLS/2022.2/common/technology/autopilot\ap_int_base.h:1635:1548)
INFO: [HLS 214-131] Inlining function 'ap_int_base<11, false>::RType<64, true>::minus operator-<11, false, 64, true>(ap_int_base<11, false> const&, ap_int_base<64, true> const&)' into 'ap_int_base<11, false>::RType<($_0)64, true>::minus operator-<11, false>(ap_int_base<11, false> const&, long)' (C:/Xilinx/Vitis_HLS/2022.2/common/technology/autopilot\ap_int_base.h:1635:1546)
INFO: [HLS 214-131] Inlining function '_ZN8ssdm_intILi1ELb0EEC2EDq1_j' into 'ap_int_base<1, false>::ap_int_base(int)' (C:/Xilinx/Vitis_HLS/2022.2/common/technology/autopilot\ap_int_base.h:214:67)
INFO: [HLS 214-131] Inlining function '_ZN8ssdm_intILi55ELb1EEC2EDq55_i' into 'ap_int_base<55, true>::ap_int_base<1, false>(ap_int_base<1, false> const&)' (C:/Xilinx/Vitis_HLS/2022.2/common/technology/autopilot\ap_int_base.h:185:106)
INFO: [HLS 214-131] Inlining function '_ZN8ssdm_intILi55ELb1EEC2EDq55_i' into 'ap_int_base<55, true>::ap_int_base<54, true>(ap_int_base<54, true> const&)' (C:/Xilinx/Vitis_HLS/2022.2/common/technology/autopilot\ap_int_base.h:185:106)
INFO: [HLS 214-131] Inlining function '_ZN8ssdm_intILi55ELb1EEC2EDq55_i' into 'ap_int_base<55, true>::ap_int_base(int)' (C:/Xilinx/Vitis_HLS/2022.2/common/technology/autopilot\ap_int_base.h:214:67)
INFO: [HLS 214-131] Inlining function 'ap_int_base<55, true>::ap_int_base<1, false>(ap_int_base<1, false> const&)' into 'ap_int_base<1, false>::RType<54, true>::minus operator-<1, false, 54, true>(ap_int_base<1, false> const&, ap_int_base<54, true> const&)' (C:/Xilinx/Vitis_HLS/2022.2/common/technology/autopilot\ap_int_base.h:1496:341)
INFO: [HLS 214-131] Inlining function 'ap_int_base<55, true>::ap_int_base(int)' into 'ap_int_base<1, false>::RType<54, true>::minus operator-<1, false, 54, true>(ap_int_base<1, false> const&, ap_int_base<54, true> const&)' (C:/Xilinx/Vitis_HLS/2022.2/common/technology/autopilot\ap_int_base.h:1496:520)
INFO: [HLS 214-131] Inlining function 'ap_int_base<55, true>::ap_int_base<54, true>(ap_int_base<54, true> const&)' into 'ap_int_base<1, false>::RType<54, true>::minus operator-<1, false, 54, true>(ap_int_base<1, false> const&, ap_int_base<54, true> const&)' (C:/Xilinx/Vitis_HLS/2022.2/common/technology/autopilot\ap_int_base.h:1496:430)
INFO: [HLS 214-131] Inlining function 'ap_int_base<1, false>::ap_int_base(int)' into 'ap_int_base<54, true>::operator-() const' (C:/Xilinx/Vitis_HLS/2022.2/common/technology/autopilot\ap_int_base.h:895:12)
INFO: [HLS 214-131] Inlining function 'ap_int_base<1, false>::RType<54, true>::minus operator-<1, false, 54, true>(ap_int_base<1, false> const&, ap_int_base<54, true> const&)' into 'ap_int_base<54, true>::operator-() const' (C:/Xilinx/Vitis_HLS/2022.2/common/technology/autopilot\ap_int_base.h:895:37)
INFO: [HLS 214-131] Inlining function 'doubleToRawBits(double)' into 'ap_fixed_base<32, 16, true, (ap_q_mode)5, (ap_o_mode)3, 0>::ap_fixed_base(double)' (C:/Xilinx/Vitis_HLS/2022.2/common/technology/autopilot\ap_fixed_base.h:545:14)
INFO: [HLS 214-131] Inlining function 'ap_int_base<54, true>& ap_int_base<54, true>::operator=<55, true>(ap_int_base<55, true> const&)' into 'ap_fixed_base<32, 16, true, (ap_q_mode)5, (ap_o_mode)3, 0>::ap_fixed_base(double)' (C:/Xilinx/Vitis_HLS/2022.2/common/technology/autopilot\ap_fixed_base.h:559:20)
INFO: [HLS 214-131] Inlining function 'ap_int_base<54, true>::operator-() const' into 'ap_fixed_base<32, 16, true, (ap_q_mode)5, (ap_o_mode)3, 0>::ap_fixed_base(double)' (C:/Xilinx/Vitis_HLS/2022.2/common/technology/autopilot\ap_fixed_base.h:559:22)
INFO: [HLS 214-131] Inlining function 'ap_int_base<12, true>& ap_int_base<12, true>::operator=<65, true>(ap_int_base<65, true> const&)' into 'ap_fixed_base<32, 16, true, (ap_q_mode)5, (ap_o_mode)3, 0>::ap_fixed_base(double)' (C:/Xilinx/Vitis_HLS/2022.2/common/technology/autopilot\ap_fixed_base.h:552:9)
INFO: [HLS 214-131] Inlining function 'ap_int_base<11, false>::RType<($_0)64, true>::minus operator-<11, false>(ap_int_base<11, false> const&, long)' into 'ap_fixed_base<32, 16, true, (ap_q_mode)5, (ap_o_mode)3, 0>::ap_fixed_base(double)' (C:/Xilinx/Vitis_HLS/2022.2/common/technology/autopilot\ap_fixed_base.h:552:19)
INFO: [HLS 214-131] Inlining function 'ap_fixed_base<32, 16, true, (ap_q_mode)5, (ap_o_mode)3, 0>::ap_fixed_base(float)' into 'ap_fixed<32, 16, (ap_q_mode)5, (ap_o_mode)3, 0>::ap_fixed(float)'
INFO: [HLS 214-131] Inlining function 'hls::axis<ap_uint<32>, 1ul, 1ul, 1ul>::get_user_ptr()' into 'hls::stream<hls::axis<ap_uint<32>, 1ul, 1ul, 1ul>, 0>::read()' (C:/Xilinx/Vitis_HLS/2022.2/common/technology/autopilot\ap_axi_sdata.h:247:50)
INFO: [HLS 214-131] Inlining function 'hls::axis<ap_uint<32>, 1ul, 1ul, 1ul>::get_dest_ptr()' into 'hls::stream<hls::axis<ap_uint<32>, 1ul, 1ul, 1ul>, 0>::read()' (C:/Xilinx/Vitis_HLS/2022.2/common/technology/autopilot\ap_axi_sdata.h:250:25)
INFO: [HLS 214-131] Inlining function 'hls::axis<ap_uint<32>, 1ul, 1ul, 1ul>::get_id_ptr()' into 'hls::stream<hls::axis<ap_uint<32>, 1ul, 1ul, 1ul>, 0>::read()' (C:/Xilinx/Vitis_HLS/2022.2/common/technology/autopilot\ap_axi_sdata.h:249:67)
INFO: [HLS 214-131] Inlining function 'hls::axis<ap_uint<32>, 1ul, 1ul, 1ul>::get_user_ptr()' into 'hls::stream<hls::axis<ap_uint<32>, 1ul, 1ul, 1ul>, 0>::read()' (C:/Xilinx/Vitis_HLS/2022.2/common/technology/autopilot\ap_axi_sdata.h:249:36)
INFO: [HLS 214-131] Inlining function 'hls::axis<ap_uint<32>, 1ul, 1ul, 1ul>::get_dest_ptr()' into 'hls::stream<hls::axis<ap_uint<32>, 1ul, 1ul, 1ul>, 0>::read()' (C:/Xilinx/Vitis_HLS/2022.2/common/technology/autopilot\ap_axi_sdata.h:248:39)
INFO: [HLS 214-131] Inlining function 'hls::axis<ap_uint<32>, 1ul, 1ul, 1ul>::get_id_ptr()' into 'hls::stream<hls::axis<ap_uint<32>, 1ul, 1ul, 1ul>, 0>::read()' (C:/Xilinx/Vitis_HLS/2022.2/common/technology/autopilot\ap_axi_sdata.h:248:23)
INFO: [HLS 214-131] Inlining function 'ap_range_ref<32, false>::ap_range_ref(ap_int_base<32, false>*, int, int)' into 'ap_int_base<32, false>::range(int, int)' (C:/Xilinx/Vitis_HLS/2022.2/common/technology/autopilot\ap_int_base.h:1048:12)
INFO: [HLS 214-131] Inlining function 'af_range_ref<32, 16, true, (ap_q_mode)5, (ap_o_mode)3, 0>::af_range_ref(ap_fixed_base<32, 16, true, (ap_q_mode)5, (ap_o_mode)3, 0>*, int, int)' into 'ap_fixed_base<32, 16, true, (ap_q_mode)5, (ap_o_mode)3, 0>::range(int, int)' (C:/Xilinx/Vitis_HLS/2022.2/common/technology/autopilot\ap_fixed_base.h:1746:12)
INFO: [HLS 214-131] Inlining function 'ap_range_ref<32, false>::get() const' into 'ap_int_base<32, false>::ap_int_base<32, false>(ap_range_ref<32, false> const&)' (C:/Xilinx/Vitis_HLS/2022.2/common/technology/autopilot\ap_int_base.h:358:20)
INFO: [HLS 214-131] Inlining function 'ap_int_base<32, false>::ap_int_base<32, false>(ap_range_ref<32, false> const&)' into 'af_range_ref<32, 16, true, (ap_q_mode)5, (ap_o_mode)3, 0>& af_range_ref<32, 16, true, (ap_q_mode)5, (ap_o_mode)3, 0>::operator=<32, false>(ap_range_ref<32, false> const&)' (C:/Xilinx/Vitis_HLS/2022.2/common/technology/autopilot\ap_fixed_ref.h:301:38)
INFO: [HLS 214-131] Inlining function 'af_range_ref<32, 16, true, (ap_q_mode)5, (ap_o_mode)3, 0>& af_range_ref<32, 16, true, (ap_q_mode)5, (ap_o_mode)3, 0>::operator=<32, false>(ap_int_base<32, false> const&)' into 'af_range_ref<32, 16, true, (ap_q_mode)5, (ap_o_mode)3, 0>& af_range_ref<32, 16, true, (ap_q_mode)5, (ap_o_mode)3, 0>::operator=<32, false>(ap_range_ref<32, false> const&)' (C:/Xilinx/Vitis_HLS/2022.2/common/technology/autopilot\ap_fixed_ref.h:302:12)
INFO: [HLS 214-131] Inlining function 'ap_fixed_base<32, 32, true, (ap_q_mode)5, (ap_o_mode)3, 0>::operator!() const' into 'ap_fixed_base<48, 24, true, (ap_q_mode)5, (ap_o_mode)3, 0>& ap_fixed_base<48, 24, true, (ap_q_mode)5, (ap_o_mode)3, 0>::operator=<32, 32, true, (ap_q_mode)5, (ap_o_mode)3, 0>(ap_fixed_base<32, 32, true, (ap_q_mode)5, (ap_o_mode)3, 0> const&)' (C:/Xilinx/Vitis_HLS/2022.2/common/technology/autopilot\ap_fixed_base.h:808:9)
INFO: [HLS 214-131] Inlining function 'ap_fixed_base<48, 24, true, (ap_q_mode)5, (ap_o_mode)3, 0>& ap_fixed_base<48, 24, true, (ap_q_mode)5, (ap_o_mode)3, 0>::operator=<32, 32, true, (ap_q_mode)5, (ap_o_mode)3, 0>(ap_fixed_base<32, 32, true, (ap_q_mode)5, (ap_o_mode)3, 0> const&)' into 'ap_fixed_base<48, 24, true, (ap_q_mode)5, (ap_o_mode)3, 0>::ap_fixed_base(int)' (C:/Xilinx/Vitis_HLS/2022.2/common/technology/autopilot\ap_fixed_base.h:530:146)
INFO: [HLS 214-131] Inlining function 'ap_fixed_base<48, 24, true, (ap_q_mode)5, (ap_o_mode)3, 0>::ap_fixed_base(int)' into 'ap_fixed<48, 24, (ap_q_mode)5, (ap_o_mode)3, 0>::ap_fixed(int)'
INFO: [HLS 214-131] Inlining function 'ap_fixed_base<32, 16, true, (ap_q_mode)5, (ap_o_mode)3, 0>::operator!() const' into 'ap_fixed_base<48, 24, true, (ap_q_mode)5, (ap_o_mode)3, 0>& ap_fixed_base<48, 24, true, (ap_q_mode)5, (ap_o_mode)3, 0>::operator=<32, 16, true, (ap_q_mode)5, (ap_o_mode)3, 0>(ap_fixed_base<32, 16, true, (ap_q_mode)5, (ap_o_mode)3, 0> const&)' (C:/Xilinx/Vitis_HLS/2022.2/common/technology/autopilot\ap_fixed_base.h:808:9)
INFO: [HLS 214-131] Inlining function '_ZN8ssdm_intILi48ELb1EEC2EDq48_i' into 'ap_fixed_base<48, 24, true, (ap_q_mode)5, (ap_o_mode)3, 0>::ap_fixed_base<32, 16, true, (ap_q_mode)5, (ap_o_mode)3, 0>(ap_fixed_base<32, 16, true, (ap_q_mode)5, (ap_o_mode)3, 0> const&)' (C:/Xilinx/Vitis_HLS/2022.2/common/technology/autopilot\ap_fixed_base.h:401:80)
INFO: [HLS 214-131] Inlining function 'ap_fixed_base<48, 24, true, (ap_q_mode)5, (ap_o_mode)3, 0>& ap_fixed_base<48, 24, true, (ap_q_mode)5, (ap_o_mode)3, 0>::operator=<32, 16, true, (ap_q_mode)5, (ap_o_mode)3, 0>(ap_fixed_base<32, 16, true, (ap_q_mode)5, (ap_o_mode)3, 0> const&)' into 'ap_fixed_base<48, 24, true, (ap_q_mode)5, (ap_o_mode)3, 0>::ap_fixed_base<32, 16, true, (ap_q_mode)5, (ap_o_mode)3, 0>(ap_fixed_base<32, 16, true, (ap_q_mode)5, (ap_o_mode)3, 0> const&)' (C:/Xilinx/Vitis_HLS/2022.2/common/technology/autopilot\ap_fixed_base.h:403:5)
INFO: [HLS 214-131] Inlining function 'ap_fixed_base<48, 24, true, (ap_q_mode)5, (ap_o_mode)3, 0>::ap_fixed_base<32, 16, true, (ap_q_mode)5, (ap_o_mode)3, 0>(ap_fixed_base<32, 16, true, (ap_q_mode)5, (ap_o_mode)3, 0> const&)' into 'ap_fixed<48, 24, (ap_q_mode)5, (ap_o_mode)3, 0>::ap_fixed<32, 16, true, (ap_q_mode)5, (ap_o_mode)3, 0>(ap_fixed_base<32, 16, true, (ap_q_mode)5, (ap_o_mode)3, 0> const&)'
INFO: [HLS 214-131] Inlining function 'ap_fixed_base<32, 32, true, (ap_q_mode)5, (ap_o_mode)3, 0>::operator!() const' into 'ap_fixed_base<49, 25, true, (ap_q_mode)5, (ap_o_mode)3, 0>& ap_fixed_base<49, 25, true, (ap_q_mode)5, (ap_o_mode)3, 0>::operator=<32, 32, true, (ap_q_mode)5, (ap_o_mode)3, 0>(ap_fixed_base<32, 32, true, (ap_q_mode)5, (ap_o_mode)3, 0> const&)' (C:/Xilinx/Vitis_HLS/2022.2/common/technology/autopilot\ap_fixed_base.h:808:9)
INFO: [HLS 214-131] Inlining function 'ap_fixed_base<49, 25, true, (ap_q_mode)5, (ap_o_mode)3, 0>& ap_fixed_base<49, 25, true, (ap_q_mode)5, (ap_o_mode)3, 0>::operator=<32, 32, true, (ap_q_mode)5, (ap_o_mode)3, 0>(ap_fixed_base<32, 32, true, (ap_q_mode)5, (ap_o_mode)3, 0> const&)' into 'ap_fixed_base<49, 25, true, (ap_q_mode)5, (ap_o_mode)3, 0>::ap_fixed_base(int)' (C:/Xilinx/Vitis_HLS/2022.2/common/technology/autopilot\ap_fixed_base.h:530:146)
INFO: [HLS 214-131] Inlining function 'ap_fixed_base<48, 24, true, (ap_q_mode)5, (ap_o_mode)3, 0>::operator!() const' into 'ap_fixed_base<49, 25, true, (ap_q_mode)5, (ap_o_mode)3, 0>& ap_fixed_base<49, 25, true, (ap_q_mode)5, (ap_o_mode)3, 0>::operator=<48, 24, true, (ap_q_mode)5, (ap_o_mode)3, 0>(ap_fixed_base<48, 24, true, (ap_q_mode)5, (ap_o_mode)3, 0> const&)' (C:/Xilinx/Vitis_HLS/2022.2/common/technology/autopilot\ap_fixed_base.h:808:9)
INFO: [HLS 214-131] Inlining function '_ZN8ssdm_intILi49ELb1EEC2EDq49_i' into 'ap_fixed_base<49, 25, true, (ap_q_mode)5, (ap_o_mode)3, 0>::ap_fixed_base<48, 24, true, (ap_q_mode)5, (ap_o_mode)3, 0>(ap_fixed_base<48, 24, true, (ap_q_mode)5, (ap_o_mode)3, 0> const&)' (C:/Xilinx/Vitis_HLS/2022.2/common/technology/autopilot\ap_fixed_base.h:401:80)
INFO: [HLS 214-131] Inlining function 'ap_fixed_base<49, 25, true, (ap_q_mode)5, (ap_o_mode)3, 0>& ap_fixed_base<49, 25, true, (ap_q_mode)5, (ap_o_mode)3, 0>::operator=<48, 24, true, (ap_q_mode)5, (ap_o_mode)3, 0>(ap_fixed_base<48, 24, true, (ap_q_mode)5, (ap_o_mode)3, 0> const&)' into 'ap_fixed_base<49, 25, true, (ap_q_mode)5, (ap_o_mode)3, 0>::ap_fixed_base<48, 24, true, (ap_q_mode)5, (ap_o_mode)3, 0>(ap_fixed_base<48, 24, true, (ap_q_mode)5, (ap_o_mode)3, 0> const&)' (C:/Xilinx/Vitis_HLS/2022.2/common/technology/autopilot\ap_fixed_base.h:403:5)
INFO: [HLS 214-131] Inlining function 'ap_fixed_base<49, 25, true, (ap_q_mode)5, (ap_o_mode)3, 0>::ap_fixed_base(int)' into 'ap_fixed_base<48, 24, true, (ap_q_mode)5, (ap_o_mode)3, 0>::RType<48, 24, true>::plus ap_fixed_base<48, 24, true, (ap_q_mode)5, (ap_o_mode)3, 0>::operator+<48, 24, true, (ap_q_mode)5, (ap_o_mode)3, 0>(ap_fixed_base<48, 24, true, (ap_q_mode)5, (ap_o_mode)3, 0> const&) const' (C:/Xilinx/Vitis_HLS/2022.2/common/technology/autopilot\ap_fixed_base.h:1347:325)
INFO: [HLS 214-131] Inlining function 'ap_fixed_base<49, 25, true, (ap_q_mode)5, (ap_o_mode)3, 0>::ap_fixed_base<48, 24, true, (ap_q_mode)5, (ap_o_mode)3, 0>(ap_fixed_base<48, 24, true, (ap_q_mode)5, (ap_o_mode)3, 0> const&)' into 'ap_fixed_base<48, 24, true, (ap_q_mode)5, (ap_o_mode)3, 0>::RType<48, 24, true>::plus ap_fixed_base<48, 24, true, (ap_q_mode)5, (ap_o_mode)3, 0>::operator+<48, 24, true, (ap_q_mode)5, (ap_o_mode)3, 0>(ap_fixed_base<48, 24, true, (ap_q_mode)5, (ap_o_mode)3, 0> const&) const' (C:/Xilinx/Vitis_HLS/2022.2/common/technology/autopilot\ap_fixed_base.h:1347:345)
INFO: [HLS 214-131] Inlining function 'ap_fixed_base<49, 25, true, (ap_q_mode)5, (ap_o_mode)3, 0>::ap_fixed_base<48, 24, true, (ap_q_mode)5, (ap_o_mode)3, 0>(ap_fixed_base<48, 24, true, (ap_q_mode)5, (ap_o_mode)3, 0> const&)' into 'ap_fixed_base<48, 24, true, (ap_q_mode)5, (ap_o_mode)3, 0>::RType<48, 24, true>::plus ap_fixed_base<48, 24, true, (ap_q_mode)5, (ap_o_mode)3, 0>::operator+<48, 24, true, (ap_q_mode)5, (ap_o_mode)3, 0>(ap_fixed_base<48, 24, true, (ap_q_mode)5, (ap_o_mode)3, 0> const&) const' (C:/Xilinx/Vitis_HLS/2022.2/common/technology/autopilot\ap_fixed_base.h:1347:333)
INFO: [HLS 214-131] Inlining function 'ap_fixed_base<49, 25, true, (ap_q_mode)5, (ap_o_mode)3, 0>::operator!() const' into 'ap_fixed_base<48, 24, true, (ap_q_mode)5, (ap_o_mode)3, 0>& ap_fixed_base<48, 24, true, (ap_q_mode)5, (ap_o_mode)3, 0>::operator=<49, 25, true, (ap_q_mode)5, (ap_o_mode)3, 0>(ap_fixed_base<49, 25, true, (ap_q_mode)5, (ap_o_mode)3, 0> const&)' (C:/Xilinx/Vitis_HLS/2022.2/common/technology/autopilot\ap_fixed_base.h:808:9)
INFO: [HLS 214-131] Inlining function 'ap_fixed_base<48, 24, true, (ap_q_mode)5, (ap_o_mode)3, 0>::RType<48, 24, true>::plus ap_fixed_base<48, 24, true, (ap_q_mode)5, (ap_o_mode)3, 0>::operator+<48, 24, true, (ap_q_mode)5, (ap_o_mode)3, 0>(ap_fixed_base<48, 24, true, (ap_q_mode)5, (ap_o_mode)3, 0> const&) const' into 'ap_fixed_base<48, 24, true, (ap_q_mode)5, (ap_o_mode)3, 0>& ap_fixed_base<48, 24, true, (ap_q_mode)5, (ap_o_mode)3, 0>::operator+=<48, 24, true, (ap_q_mode)5, (ap_o_mode)3, 0>(ap_fixed_base<48, 24, true, (ap_q_mode)5, (ap_o_mode)3, 0> const&)' (C:/Xilinx/Vitis_HLS/2022.2/common/technology/autopilot\ap_fixed_base.h:1367:248)
INFO: [HLS 214-131] Inlining function 'ap_fixed_base<48, 24, true, (ap_q_mode)5, (ap_o_mode)3, 0>& ap_fixed_base<48, 24, true, (ap_q_mode)5, (ap_o_mode)3, 0>::operator=<49, 25, true, (ap_q_mode)5, (ap_o_mode)3, 0>(ap_fixed_base<49, 25, true, (ap_q_mode)5, (ap_o_mode)3, 0> const&)' into 'ap_fixed_base<48, 24, true, (ap_q_mode)5, (ap_o_mode)3, 0>& ap_fixed_base<48, 24, true, (ap_q_mode)5, (ap_o_mode)3, 0>::operator+=<48, 24, true, (ap_q_mode)5, (ap_o_mode)3, 0>(ap_fixed_base<48, 24, true, (ap_q_mode)5, (ap_o_mode)3, 0> const&)' (C:/Xilinx/Vitis_HLS/2022.2/common/technology/autopilot\ap_fixed_base.h:1367:246)
INFO: [HLS 214-131] Inlining function 'ap_fixed_base<32, 32, true, (ap_q_mode)5, (ap_o_mode)3, 0>::operator!() const' into 'ap_fixed_base<80, 40, true, (ap_q_mode)5, (ap_o_mode)3, 0>& ap_fixed_base<80, 40, true, (ap_q_mode)5, (ap_o_mode)3, 0>::operator=<32, 32, true, (ap_q_mode)5, (ap_o_mode)3, 0>(ap_fixed_base<32, 32, true, (ap_q_mode)5, (ap_o_mode)3, 0> const&)' (C:/Xilinx/Vitis_HLS/2022.2/common/technology/autopilot\ap_fixed_base.h:808:9)
INFO: [HLS 214-131] Inlining function 'ap_fixed_base<80, 40, true, (ap_q_mode)5, (ap_o_mode)3, 0>& ap_fixed_base<80, 40, true, (ap_q_mode)5, (ap_o_mode)3, 0>::operator=<32, 32, true, (ap_q_mode)5, (ap_o_mode)3, 0>(ap_fixed_base<32, 32, true, (ap_q_mode)5, (ap_o_mode)3, 0> const&)' into 'ap_fixed_base<80, 40, true, (ap_q_mode)5, (ap_o_mode)3, 0>::ap_fixed_base(int)' (C:/Xilinx/Vitis_HLS/2022.2/common/technology/autopilot\ap_fixed_base.h:530:146)
INFO: [HLS 214-131] Inlining function 'ap_fixed_base<80, 40, true, (ap_q_mode)5, (ap_o_mode)3, 0>::ap_fixed_base(int)' into 'ap_fixed_base<48, 24, true, (ap_q_mode)5, (ap_o_mode)3, 0>::RType<32, 16, true>::mult ap_fixed_base<48, 24, true, (ap_q_mode)5, (ap_o_mode)3, 0>::operator*<32, 16, true, (ap_q_mode)5, (ap_o_mode)3, 0>(ap_fixed_base<32, 16, true, (ap_q_mode)5, (ap_o_mode)3, 0> const&) const' (C:/Xilinx/Vitis_HLS/2022.2/common/technology/autopilot\ap_fixed_base.h:1270:55)
INFO: [HLS 214-131] Inlining function 'ap_fixed_base<80, 40, true, (ap_q_mode)5, (ap_o_mode)3, 0>::ap_fixed_base(int)' into 'ap_fixed_base<48, 24, true, (ap_q_mode)5, (ap_o_mode)3, 0>::RType<32, 16, true>::mult ap_fixed_base<48, 24, true, (ap_q_mode)5, (ap_o_mode)3, 0>::operator*<32, 16, true, (ap_q_mode)5, (ap_o_mode)3, 0>(ap_fixed_base<32, 16, true, (ap_q_mode)5, (ap_o_mode)3, 0> const&) const' (C:/Xilinx/Vitis_HLS/2022.2/common/technology/autopilot\ap_fixed_base.h:1270:61)
INFO: [HLS 214-131] Inlining function 'ap_fixed_base<80, 40, true, (ap_q_mode)5, (ap_o_mode)3, 0>::operator!() const' into 'ap_fixed_base<32, 16, true, (ap_q_mode)5, (ap_o_mode)3, 0>& ap_fixed_base<32, 16, true, (ap_q_mode)5, (ap_o_mode)3, 0>::operator=<80, 40, true, (ap_q_mode)5, (ap_o_mode)3, 0>(ap_fixed_base<80, 40, true, (ap_q_mode)5, (ap_o_mode)3, 0> const&)' (C:/Xilinx/Vitis_HLS/2022.2/common/technology/autopilot\ap_fixed_base.h:808:9)
INFO: [HLS 214-131] Inlining function 'ssdm_int<32, true>::ssdm_int(int)' into 'ap_fixed_base<32, 16, true, (ap_q_mode)5, (ap_o_mode)3, 0>::ap_fixed_base<80, 40, true, (ap_q_mode)5, (ap_o_mode)3, 0>(ap_fixed_base<80, 40, true, (ap_q_mode)5, (ap_o_mode)3, 0> const&)' (C:/Xilinx/Vitis_HLS/2022.2/common/technology/autopilot\ap_fixed_base.h:401:80)
INFO: [HLS 214-131] Inlining function 'ap_fixed_base<32, 16, true, (ap_q_mode)5, (ap_o_mode)3, 0>& ap_fixed_base<32, 16, true, (ap_q_mode)5, (ap_o_mode)3, 0>::operator=<80, 40, true, (ap_q_mode)5, (ap_o_mode)3, 0>(ap_fixed_base<80, 40, true, (ap_q_mode)5, (ap_o_mode)3, 0> const&)' into 'ap_fixed_base<32, 16, true, (ap_q_mode)5, (ap_o_mode)3, 0>::ap_fixed_base<80, 40, true, (ap_q_mode)5, (ap_o_mode)3, 0>(ap_fixed_base<80, 40, true, (ap_q_mode)5, (ap_o_mode)3, 0> const&)' (C:/Xilinx/Vitis_HLS/2022.2/common/technology/autopilot\ap_fixed_base.h:403:5)
INFO: [HLS 214-131] Inlining function 'ap_fixed_base<32, 16, true, (ap_q_mode)5, (ap_o_mode)3, 0>::ap_fixed_base<80, 40, true, (ap_q_mode)5, (ap_o_mode)3, 0>(ap_fixed_base<80, 40, true, (ap_q_mode)5, (ap_o_mode)3, 0> const&)' into 'ap_fixed<32, 16, (ap_q_mode)5, (ap_o_mode)3, 0>::ap_fixed<80, 40, true, (ap_q_mode)5, (ap_o_mode)3, 0>(ap_fixed_base<80, 40, true, (ap_q_mode)5, (ap_o_mode)3, 0> const&)'
INFO: [HLS 214-131] Inlining function 'ap_fixed_base<32, 32, true, (ap_q_mode)5, (ap_o_mode)3, 0>::operator!() const' into 'ap_fixed_base<33, 17, true, (ap_q_mode)5, (ap_o_mode)3, 0>& ap_fixed_base<33, 17, true, (ap_q_mode)5, (ap_o_mode)3, 0>::operator=<32, 32, true, (ap_q_mode)5, (ap_o_mode)3, 0>(ap_fixed_base<32, 32, true, (ap_q_mode)5, (ap_o_mode)3, 0> const&)' (C:/Xilinx/Vitis_HLS/2022.2/common/technology/autopilot\ap_fixed_base.h:808:9)
INFO: [HLS 214-131] Inlining function 'ap_fixed_base<33, 17, true, (ap_q_mode)5, (ap_o_mode)3, 0>& ap_fixed_base<33, 17, true, (ap_q_mode)5, (ap_o_mode)3, 0>::operator=<32, 32, true, (ap_q_mode)5, (ap_o_mode)3, 0>(ap_fixed_base<32, 32, true, (ap_q_mode)5, (ap_o_mode)3, 0> const&)' into 'ap_fixed_base<33, 17, true, (ap_q_mode)5, (ap_o_mode)3, 0>::ap_fixed_base(int)' (C:/Xilinx/Vitis_HLS/2022.2/common/technology/autopilot\ap_fixed_base.h:530:146)
INFO: [HLS 214-131] Inlining function 'ap_fixed_base<32, 16, true, (ap_q_mode)5, (ap_o_mode)3, 0>::operator!() const' into 'ap_fixed_base<33, 17, true, (ap_q_mode)5, (ap_o_mode)3, 0>& ap_fixed_base<33, 17, true, (ap_q_mode)5, (ap_o_mode)3, 0>::operator=<32, 16, true, (ap_q_mode)5, (ap_o_mode)3, 0>(ap_fixed_base<32, 16, true, (ap_q_mode)5, (ap_o_mode)3, 0> const&)' (C:/Xilinx/Vitis_HLS/2022.2/common/technology/autopilot\ap_fixed_base.h:808:9)
INFO: [HLS 214-131] Inlining function '_ZN8ssdm_intILi33ELb1EEC2EDq33_i' into 'ap_fixed_base<33, 17, true, (ap_q_mode)5, (ap_o_mode)3, 0>::ap_fixed_base<32, 16, true, (ap_q_mode)5, (ap_o_mode)3, 0>(ap_fixed_base<32, 16, true, (ap_q_mode)5, (ap_o_mode)3, 0> const&)' (C:/Xilinx/Vitis_HLS/2022.2/common/technology/autopilot\ap_fixed_base.h:401:80)
INFO: [HLS 214-131] Inlining function 'ap_fixed_base<33, 17, true, (ap_q_mode)5, (ap_o_mode)3, 0>& ap_fixed_base<33, 17, true, (ap_q_mode)5, (ap_o_mode)3, 0>::operator=<32, 16, true, (ap_q_mode)5, (ap_o_mode)3, 0>(ap_fixed_base<32, 16, true, (ap_q_mode)5, (ap_o_mode)3, 0> const&)' into 'ap_fixed_base<33, 17, true, (ap_q_mode)5, (ap_o_mode)3, 0>::ap_fixed_base<32, 16, true, (ap_q_mode)5, (ap_o_mode)3, 0>(ap_fixed_base<32, 16, true, (ap_q_mode)5, (ap_o_mode)3, 0> const&)' (C:/Xilinx/Vitis_HLS/2022.2/common/technology/autopilot\ap_fixed_base.h:403:5)
INFO: [HLS 214-131] Inlining function 'ap_fixed_base<33, 17, true, (ap_q_mode)5, (ap_o_mode)3, 0>::ap_fixed_base(int)' into 'ap_fixed_base<32, 16, true, (ap_q_mode)5, (ap_o_mode)3, 0>::RType<32, 16, true>::minus ap_fixed_base<32, 16, true, (ap_q_mode)5, (ap_o_mode)3, 0>::operator-<32, 16, true, (ap_q_mode)5, (ap_o_mode)3, 0>(ap_fixed_base<32, 16, true, (ap_q_mode)5, (ap_o_mode)3, 0> const&) const' (C:/Xilinx/Vitis_HLS/2022.2/common/technology/autopilot\ap_fixed_base.h:1348:327)
INFO: [HLS 214-131] Inlining function 'ap_fixed_base<33, 17, true, (ap_q_mode)5, (ap_o_mode)3, 0>::ap_fixed_base<32, 16, true, (ap_q_mode)5, (ap_o_mode)3, 0>(ap_fixed_base<32, 16, true, (ap_q_mode)5, (ap_o_mode)3, 0> const&)' into 'ap_fixed_base<32, 16, true, (ap_q_mode)5, (ap_o_mode)3, 0>::RType<32, 16, true>::minus ap_fixed_base<32, 16, true, (ap_q_mode)5, (ap_o_mode)3, 0>::operator-<32, 16, true, (ap_q_mode)5, (ap_o_mode)3, 0>(ap_fixed_base<32, 16, true, (ap_q_mode)5, (ap_o_mode)3, 0> const&) const' (C:/Xilinx/Vitis_HLS/2022.2/common/technology/autopilot\ap_fixed_base.h:1348:347)
INFO: [HLS 214-131] Inlining function 'ap_fixed_base<33, 17, true, (ap_q_mode)5, (ap_o_mode)3, 0>::ap_fixed_base<32, 16, true, (ap_q_mode)5, (ap_o_mode)3, 0>(ap_fixed_base<32, 16, true, (ap_q_mode)5, (ap_o_mode)3, 0> const&)' into 'ap_fixed_base<32, 16, true, (ap_q_mode)5, (ap_o_mode)3, 0>::RType<32, 16, true>::minus ap_fixed_base<32, 16, true, (ap_q_mode)5, (ap_o_mode)3, 0>::operator-<32, 16, true, (ap_q_mode)5, (ap_o_mode)3, 0>(ap_fixed_base<32, 16, true, (ap_q_mode)5, (ap_o_mode)3, 0> const&) const' (C:/Xilinx/Vitis_HLS/2022.2/common/technology/autopilot\ap_fixed_base.h:1348:335)
INFO: [HLS 214-131] Inlining function 'ap_fixed_base<33, 17, true, (ap_q_mode)5, (ap_o_mode)3, 0>::operator!() const' into 'ap_fixed_base<32, 16, true, (ap_q_mode)5, (ap_o_mode)3, 0>& ap_fixed_base<32, 16, true, (ap_q_mode)5, (ap_o_mode)3, 0>::operator=<33, 17, true, (ap_q_mode)5, (ap_o_mode)3, 0>(ap_fixed_base<33, 17, true, (ap_q_mode)5, (ap_o_mode)3, 0> const&)' (C:/Xilinx/Vitis_HLS/2022.2/common/technology/autopilot\ap_fixed_base.h:808:9)
INFO: [HLS 214-131] Inlining function 'ssdm_int<32, true>::ssdm_int(int)' into 'ap_fixed_base<32, 16, true, (ap_q_mode)5, (ap_o_mode)3, 0>::ap_fixed_base<33, 17, true, (ap_q_mode)5, (ap_o_mode)3, 0>(ap_fixed_base<33, 17, true, (ap_q_mode)5, (ap_o_mode)3, 0> const&)' (C:/Xilinx/Vitis_HLS/2022.2/common/technology/autopilot\ap_fixed_base.h:401:80)
INFO: [HLS 214-131] Inlining function 'ap_fixed_base<32, 16, true, (ap_q_mode)5, (ap_o_mode)3, 0>& ap_fixed_base<32, 16, true, (ap_q_mode)5, (ap_o_mode)3, 0>::operator=<33, 17, true, (ap_q_mode)5, (ap_o_mode)3, 0>(ap_fixed_base<33, 17, true, (ap_q_mode)5, (ap_o_mode)3, 0> const&)' into 'ap_fixed_base<32, 16, true, (ap_q_mode)5, (ap_o_mode)3, 0>::ap_fixed_base<33, 17, true, (ap_q_mode)5, (ap_o_mode)3, 0>(ap_fixed_base<33, 17, true, (ap_q_mode)5, (ap_o_mode)3, 0> const&)' (C:/Xilinx/Vitis_HLS/2022.2/common/technology/autopilot\ap_fixed_base.h:403:5)
INFO: [HLS 214-131] Inlining function 'ap_fixed_base<32, 16, true, (ap_q_mode)5, (ap_o_mode)3, 0>::ap_fixed_base<33, 17, true, (ap_q_mode)5, (ap_o_mode)3, 0>(ap_fixed_base<33, 17, true, (ap_q_mode)5, (ap_o_mode)3, 0> const&)' into 'ap_fixed<32, 16, (ap_q_mode)5, (ap_o_mode)3, 0>::ap_fixed<33, 17, true, (ap_q_mode)5, (ap_o_mode)3, 0>(ap_fixed_base<33, 17, true, (ap_q_mode)5, (ap_o_mode)3, 0> const&)'
INFO: [HLS 214-131] Inlining function 'ap_fixed_base<32, 32, true, (ap_q_mode)5, (ap_o_mode)3, 0>::operator!() const' into 'ap_fixed_base<96, 48, true, (ap_q_mode)5, (ap_o_mode)3, 0>& ap_fixed_base<96, 48, true, (ap_q_mode)5, (ap_o_mode)3, 0>::operator=<32, 32, true, (ap_q_mode)5, (ap_o_mode)3, 0>(ap_fixed_base<32, 32, true, (ap_q_mode)5, (ap_o_mode)3, 0> const&)' (C:/Xilinx/Vitis_HLS/2022.2/common/technology/autopilot\ap_fixed_base.h:808:9)
INFO: [HLS 214-131] Inlining function 'ap_fixed_base<96, 48, true, (ap_q_mode)5, (ap_o_mode)3, 0>& ap_fixed_base<96, 48, true, (ap_q_mode)5, (ap_o_mode)3, 0>::operator=<32, 32, true, (ap_q_mode)5, (ap_o_mode)3, 0>(ap_fixed_base<32, 32, true, (ap_q_mode)5, (ap_o_mode)3, 0> const&)' into 'ap_fixed_base<96, 48, true, (ap_q_mode)5, (ap_o_mode)3, 0>::ap_fixed_base(int)' (C:/Xilinx/Vitis_HLS/2022.2/common/technology/autopilot\ap_fixed_base.h:530:146)
INFO: [HLS 214-131] Inlining function 'ap_fixed_base<96, 48, true, (ap_q_mode)5, (ap_o_mode)3, 0>::ap_fixed_base(int)' into 'ap_fixed_base<48, 24, true, (ap_q_mode)5, (ap_o_mode)3, 0>::RType<48, 24, true>::mult ap_fixed_base<48, 24, true, (ap_q_mode)5, (ap_o_mode)3, 0>::operator*<48, 24, true, (ap_q_mode)5, (ap_o_mode)3, 0>(ap_fixed_base<48, 24, true, (ap_q_mode)5, (ap_o_mode)3, 0> const&) const' (C:/Xilinx/Vitis_HLS/2022.2/common/technology/autopilot\ap_fixed_base.h:1270:55)
INFO: [HLS 214-131] Inlining function 'ap_fixed_base<96, 48, true, (ap_q_mode)5, (ap_o_mode)3, 0>::ap_fixed_base(int)' into 'ap_fixed_base<48, 24, true, (ap_q_mode)5, (ap_o_mode)3, 0>::RType<48, 24, true>::mult ap_fixed_base<48, 24, true, (ap_q_mode)5, (ap_o_mode)3, 0>::operator*<48, 24, true, (ap_q_mode)5, (ap_o_mode)3, 0>(ap_fixed_base<48, 24, true, (ap_q_mode)5, (ap_o_mode)3, 0> const&) const' (C:/Xilinx/Vitis_HLS/2022.2/common/technology/autopilot\ap_fixed_base.h:1270:61)
INFO: [HLS 214-131] Inlining function 'ap_fixed_base<32, 32, true, (ap_q_mode)5, (ap_o_mode)3, 0>::operator!() const' into 'ap_fixed_base<97, 49, true, (ap_q_mode)5, (ap_o_mode)3, 0>& ap_fixed_base<97, 49, true, (ap_q_mode)5, (ap_o_mode)3, 0>::operator=<32, 32, true, (ap_q_mode)5, (ap_o_mode)3, 0>(ap_fixed_base<32, 32, true, (ap_q_mode)5, (ap_o_mode)3, 0> const&)' (C:/Xilinx/Vitis_HLS/2022.2/common/technology/autopilot\ap_fixed_base.h:808:9)
INFO: [HLS 214-131] Inlining function 'ap_fixed_base<97, 49, true, (ap_q_mode)5, (ap_o_mode)3, 0>& ap_fixed_base<97, 49, true, (ap_q_mode)5, (ap_o_mode)3, 0>::operator=<32, 32, true, (ap_q_mode)5, (ap_o_mode)3, 0>(ap_fixed_base<32, 32, true, (ap_q_mode)5, (ap_o_mode)3, 0> const&)' into 'ap_fixed_base<97, 49, true, (ap_q_mode)5, (ap_o_mode)3, 0>::ap_fixed_base(int)' (C:/Xilinx/Vitis_HLS/2022.2/common/technology/autopilot\ap_fixed_base.h:530:146)
INFO: [HLS 214-131] Inlining function 'ap_fixed_base<48, 24, true, (ap_q_mode)5, (ap_o_mode)3, 0>::operator!() const' into 'ap_fixed_base<97, 49, true, (ap_q_mode)5, (ap_o_mode)3, 0>& ap_fixed_base<97, 49, true, (ap_q_mode)5, (ap_o_mode)3, 0>::operator=<48, 24, true, (ap_q_mode)5, (ap_o_mode)3, 0>(ap_fixed_base<48, 24, true, (ap_q_mode)5, (ap_o_mode)3, 0> const&)' (C:/Xilinx/Vitis_HLS/2022.2/common/technology/autopilot\ap_fixed_base.h:808:9)
INFO: [HLS 214-131] Inlining function '_ZN8ssdm_intILi97ELb1EEC2EDq97_i' into 'ap_fixed_base<97, 49, true, (ap_q_mode)5, (ap_o_mode)3, 0>::ap_fixed_base<48, 24, true, (ap_q_mode)5, (ap_o_mode)3, 0>(ap_fixed_base<48, 24, true, (ap_q_mode)5, (ap_o_mode)3, 0> const&)' (C:/Xilinx/Vitis_HLS/2022.2/common/technology/autopilot\ap_fixed_base.h:401:80)
INFO: [HLS 214-131] Inlining function 'ap_fixed_base<97, 49, true, (ap_q_mode)5, (ap_o_mode)3, 0>& ap_fixed_base<97, 49, true, (ap_q_mode)5, (ap_o_mode)3, 0>::operator=<48, 24, true, (ap_q_mode)5, (ap_o_mode)3, 0>(ap_fixed_base<48, 24, true, (ap_q_mode)5, (ap_o_mode)3, 0> const&)' into 'ap_fixed_base<97, 49, true, (ap_q_mode)5, (ap_o_mode)3, 0>::ap_fixed_base<48, 24, true, (ap_q_mode)5, (ap_o_mode)3, 0>(ap_fixed_base<48, 24, true, (ap_q_mode)5, (ap_o_mode)3, 0> const&)' (C:/Xilinx/Vitis_HLS/2022.2/common/technology/autopilot\ap_fixed_base.h:403:5)
INFO: [HLS 214-131] Inlining function 'ap_fixed_base<96, 48, true, (ap_q_mode)5, (ap_o_mode)3, 0>::operator!() const' into 'ap_fixed_base<97, 49, true, (ap_q_mode)5, (ap_o_mode)3, 0>& ap_fixed_base<97, 49, true, (ap_q_mode)5, (ap_o_mode)3, 0>::operator=<96, 48, true, (ap_q_mode)5, (ap_o_mode)3, 0>(ap_fixed_base<96, 48, true, (ap_q_mode)5, (ap_o_mode)3, 0> const&)' (C:/Xilinx/Vitis_HLS/2022.2/common/technology/autopilot\ap_fixed_base.h:808:9)
INFO: [HLS 214-131] Inlining function '_ZN8ssdm_intILi97ELb1EEC2EDq97_i' into 'ap_fixed_base<97, 49, true, (ap_q_mode)5, (ap_o_mode)3, 0>::ap_fixed_base<96, 48, true, (ap_q_mode)5, (ap_o_mode)3, 0>(ap_fixed_base<96, 48, true, (ap_q_mode)5, (ap_o_mode)3, 0> const&)' (C:/Xilinx/Vitis_HLS/2022.2/common/technology/autopilot\ap_fixed_base.h:401:80)
INFO: [HLS 214-131] Inlining function 'ap_fixed_base<97, 49, true, (ap_q_mode)5, (ap_o_mode)3, 0>& ap_fixed_base<97, 49, true, (ap_q_mode)5, (ap_o_mode)3, 0>::operator=<96, 48, true, (ap_q_mode)5, (ap_o_mode)3, 0>(ap_fixed_base<96, 48, true, (ap_q_mode)5, (ap_o_mode)3, 0> const&)' into 'ap_fixed_base<97, 49, true, (ap_q_mode)5, (ap_o_mode)3, 0>::ap_fixed_base<96, 48, true, (ap_q_mode)5, (ap_o_mode)3, 0>(ap_fixed_base<96, 48, true, (ap_q_mode)5, (ap_o_mode)3, 0> const&)' (C:/Xilinx/Vitis_HLS/2022.2/common/technology/autopilot\ap_fixed_base.h:403:5)
INFO: [HLS 214-131] Inlining function 'ap_fixed_base<97, 49, true, (ap_q_mode)5, (ap_o_mode)3, 0>::ap_fixed_base(int)' into 'ap_fixed_base<48, 24, true, (ap_q_mode)5, (ap_o_mode)3, 0>::RType<96, 48, true>::plus ap_fixed_base<48, 24, true, (ap_q_mode)5, (ap_o_mode)3, 0>::operator+<96, 48, true, (ap_q_mode)5, (ap_o_mode)3, 0>(ap_fixed_base<96, 48, true, (ap_q_mode)5, (ap_o_mode)3, 0> const&) const' (C:/Xilinx/Vitis_HLS/2022.2/common/technology/autopilot\ap_fixed_base.h:1347:325)
INFO: [HLS 214-131] Inlining function 'ap_fixed_base<97, 49, true, (ap_q_mode)5, (ap_o_mode)3, 0>::ap_fixed_base<96, 48, true, (ap_q_mode)5, (ap_o_mode)3, 0>(ap_fixed_base<96, 48, true, (ap_q_mode)5, (ap_o_mode)3, 0> const&)' into 'ap_fixed_base<48, 24, true, (ap_q_mode)5, (ap_o_mode)3, 0>::RType<96, 48, true>::plus ap_fixed_base<48, 24, true, (ap_q_mode)5, (ap_o_mode)3, 0>::operator+<96, 48, true, (ap_q_mode)5, (ap_o_mode)3, 0>(ap_fixed_base<96, 48, true, (ap_q_mode)5, (ap_o_mode)3, 0> const&) const' (C:/Xilinx/Vitis_HLS/2022.2/common/technology/autopilot\ap_fixed_base.h:1347:345)
INFO: [HLS 214-131] Inlining function 'ap_fixed_base<97, 49, true, (ap_q_mode)5, (ap_o_mode)3, 0>::ap_fixed_base<48, 24, true, (ap_q_mode)5, (ap_o_mode)3, 0>(ap_fixed_base<48, 24, true, (ap_q_mode)5, (ap_o_mode)3, 0> const&)' into 'ap_fixed_base<48, 24, true, (ap_q_mode)5, (ap_o_mode)3, 0>::RType<96, 48, true>::plus ap_fixed_base<48, 24, true, (ap_q_mode)5, (ap_o_mode)3, 0>::operator+<96, 48, true, (ap_q_mode)5, (ap_o_mode)3, 0>(ap_fixed_base<96, 48, true, (ap_q_mode)5, (ap_o_mode)3, 0> const&) const' (C:/Xilinx/Vitis_HLS/2022.2/common/technology/autopilot\ap_fixed_base.h:1347:333)
INFO: [HLS 214-131] Inlining function 'ap_fixed_base<97, 49, true, (ap_q_mode)5, (ap_o_mode)3, 0>::operator!() const' into 'ap_fixed_base<48, 24, true, (ap_q_mode)5, (ap_o_mode)3, 0>& ap_fixed_base<48, 24, true, (ap_q_mode)5, (ap_o_mode)3, 0>::operator=<97, 49, true, (ap_q_mode)5, (ap_o_mode)3, 0>(ap_fixed_base<97, 49, true, (ap_q_mode)5, (ap_o_mode)3, 0> const&)' (C:/Xilinx/Vitis_HLS/2022.2/common/technology/autopilot\ap_fixed_base.h:808:9)
INFO: [HLS 214-131] Inlining function 'ap_fixed_base<48, 24, true, (ap_q_mode)5, (ap_o_mode)3, 0>::RType<96, 48, true>::plus ap_fixed_base<48, 24, true, (ap_q_mode)5, (ap_o_mode)3, 0>::operator+<96, 48, true, (ap_q_mode)5, (ap_o_mode)3, 0>(ap_fixed_base<96, 48, true, (ap_q_mode)5, (ap_o_mode)3, 0> const&) const' into 'ap_fixed_base<48, 24, true, (ap_q_mode)5, (ap_o_mode)3, 0>& ap_fixed_base<48, 24, true, (ap_q_mode)5, (ap_o_mode)3, 0>::operator+=<96, 48, true, (ap_q_mode)5, (ap_o_mode)3, 0>(ap_fixed_base<96, 48, true, (ap_q_mode)5, (ap_o_mode)3, 0> const&)' (C:/Xilinx/Vitis_HLS/2022.2/common/technology/autopilot\ap_fixed_base.h:1367:248)
INFO: [HLS 214-131] Inlining function 'ap_fixed_base<48, 24, true, (ap_q_mode)5, (ap_o_mode)3, 0>& ap_fixed_base<48, 24, true, (ap_q_mode)5, (ap_o_mode)3, 0>::operator=<97, 49, true, (ap_q_mode)5, (ap_o_mode)3, 0>(ap_fixed_base<97, 49, true, (ap_q_mode)5, (ap_o_mode)3, 0> const&)' into 'ap_fixed_base<48, 24, true, (ap_q_mode)5, (ap_o_mode)3, 0>& ap_fixed_base<48, 24, true, (ap_q_mode)5, (ap_o_mode)3, 0>::operator+=<96, 48, true, (ap_q_mode)5, (ap_o_mode)3, 0>(ap_fixed_base<96, 48, true, (ap_q_mode)5, (ap_o_mode)3, 0> const&)' (C:/Xilinx/Vitis_HLS/2022.2/common/technology/autopilot\ap_fixed_base.h:1367:246)
INFO: [HLS 214-131] Inlining function 'ssdm_int<32, false>::ssdm_int(unsigned int)' into 'ap_int_base<32, false>::ap_int_base(unsigned long)' (C:/Xilinx/Vitis_HLS/2022.2/common/technology/autopilot\ap_int_base.h:217:77)
INFO: [HLS 214-131] Inlining function 'ap_int_base<32, false>::ap_int_base(unsigned long)' into 'ap_int_base<32, false>::countLeadingZeros() const' (C:/Xilinx/Vitis_HLS/2022.2/common/technology/autopilot\ap_int_base.h:1196:30)
INFO: [HLS 214-131] Inlining function 'ap_int_base<32, false>::countLeadingZeros() const' into 'ap_fixed_base<32, 16, true, (ap_q_mode)5, (ap_o_mode)3, 0>::to_float() const' (C:/Xilinx/Vitis_HLS/2022.2/common/technology/autopilot\ap_fixed_base.h:1097:17)
INFO: [HLS 214-131] Inlining function 'rawBitsToFloat(unsigned long)' into 'ap_fixed_base<32, 16, true, (ap_q_mode)5, (ap_o_mode)3, 0>::to_float() const' (C:/Xilinx/Vitis_HLS/2022.2/common/technology/autopilot\ap_fixed_base.h:1126:12)
INFO: [HLS 214-131] Inlining function 'ap_fixed_base<32, 16, true, (ap_q_mode)5, (ap_o_mode)3, 0>::to_float() const' into 'ap_fixed_base<32, 16, true, (ap_q_mode)5, (ap_o_mode)3, 0>::operator float() const' (C:/Xilinx/Vitis_HLS/2022.2/common/technology/autopilot\ap_fixed_base.h:1181:73)
INFO: [HLS 214-131] Inlining function 'ap_fixed_base<33, 17, true, (ap_q_mode)5, (ap_o_mode)3, 0>::ap_fixed_base(int)' into 'ap_fixed_base<32, 16, true, (ap_q_mode)5, (ap_o_mode)3, 0>::RType<32, 16, true>::plus ap_fixed_base<32, 16, true, (ap_q_mode)5, (ap_o_mode)3, 0>::operator+<32, 16, true, (ap_q_mode)5, (ap_o_mode)3, 0>(ap_fixed_base<32, 16, true, (ap_q_mode)5, (ap_o_mode)3, 0> const&) const' (C:/Xilinx/Vitis_HLS/2022.2/common/technology/autopilot\ap_fixed_base.h:1347:325)
INFO: [HLS 214-131] Inlining function 'ap_fixed_base<33, 17, true, (ap_q_mode)5, (ap_o_mode)3, 0>::ap_fixed_base<32, 16, true, (ap_q_mode)5, (ap_o_mode)3, 0>(ap_fixed_base<32, 16, true, (ap_q_mode)5, (ap_o_mode)3, 0> const&)' into 'ap_fixed_base<32, 16, true, (ap_q_mode)5, (ap_o_mode)3, 0>::RType<32, 16, true>::plus ap_fixed_base<32, 16, true, (ap_q_mode)5, (ap_o_mode)3, 0>::operator+<32, 16, true, (ap_q_mode)5, (ap_o_mode)3, 0>(ap_fixed_base<32, 16, true, (ap_q_mode)5, (ap_o_mode)3, 0> const&) const' (C:/Xilinx/Vitis_HLS/2022.2/common/technology/autopilot\ap_fixed_base.h:1347:345)
INFO: [HLS 214-131] Inlining function 'ap_fixed_base<33, 17, true, (ap_q_mode)5, (ap_o_mode)3, 0>::ap_fixed_base<32, 16, true, (ap_q_mode)5, (ap_o_mode)3, 0>(ap_fixed_base<32, 16, true, (ap_q_mode)5, (ap_o_mode)3, 0> const&)' into 'ap_fixed_base<32, 16, true, (ap_q_mode)5, (ap_o_mode)3, 0>::RType<32, 16, true>::plus ap_fixed_base<32, 16, true, (ap_q_mode)5, (ap_o_mode)3, 0>::operator+<32, 16, true, (ap_q_mode)5, (ap_o_mode)3, 0>(ap_fixed_base<32, 16, true, (ap_q_mode)5, (ap_o_mode)3, 0> const&) const' (C:/Xilinx/Vitis_HLS/2022.2/common/technology/autopilot\ap_fixed_base.h:1347:333)
INFO: [HLS 214-131] Inlining function 'ap_fixed_base<32, 16, true, (ap_q_mode)5, (ap_o_mode)3, 0>::operator!() const' into 'ap_fixed_base<48, 16, true, (ap_q_mode)5, (ap_o_mode)3, 0>& ap_fixed_base<48, 16, true, (ap_q_mode)5, (ap_o_mode)3, 0>::operator=<32, 16, true, (ap_q_mode)5, (ap_o_mode)3, 0>(ap_fixed_base<32, 16, true, (ap_q_mode)5, (ap_o_mode)3, 0> const&)' (C:/Xilinx/Vitis_HLS/2022.2/common/technology/autopilot\ap_fixed_base.h:808:9)
INFO: [HLS 214-131] Inlining function '_ZN8ssdm_intILi48ELb1EEC2EDq48_i' into 'ap_fixed_base<48, 16, true, (ap_q_mode)5, (ap_o_mode)3, 0>::ap_fixed_base<32, 16, true, (ap_q_mode)5, (ap_o_mode)3, 0>(ap_fixed_base<32, 16, true, (ap_q_mode)5, (ap_o_mode)3, 0> const&)' (C:/Xilinx/Vitis_HLS/2022.2/common/technology/autopilot\ap_fixed_base.h:401:80)
INFO: [HLS 214-131] Inlining function 'ap_fixed_base<48, 16, true, (ap_q_mode)5, (ap_o_mode)3, 0>& ap_fixed_base<48, 16, true, (ap_q_mode)5, (ap_o_mode)3, 0>::operator=<32, 16, true, (ap_q_mode)5, (ap_o_mode)3, 0>(ap_fixed_base<32, 16, true, (ap_q_mode)5, (ap_o_mode)3, 0> const&)' into 'ap_fixed_base<48, 16, true, (ap_q_mode)5, (ap_o_mode)3, 0>::ap_fixed_base<32, 16, true, (ap_q_mode)5, (ap_o_mode)3, 0>(ap_fixed_base<32, 16, true, (ap_q_mode)5, (ap_o_mode)3, 0> const&)' (C:/Xilinx/Vitis_HLS/2022.2/common/technology/autopilot\ap_fixed_base.h:403:5)
INFO: [HLS 214-131] Inlining function 'ap_fixed_base<48, 16, true, (ap_q_mode)5, (ap_o_mode)3, 0>::ap_fixed_base<32, 16, true, (ap_q_mode)5, (ap_o_mode)3, 0>(ap_fixed_base<32, 16, true, (ap_q_mode)5, (ap_o_mode)3, 0> const&)' into 'ap_fixed_base<32, 16, true, (ap_q_mode)5, (ap_o_mode)3, 0>::RType<32, 16, true>::div ap_fixed_base<32, 16, true, (ap_q_mode)5, (ap_o_mode)3, 0>::operator/<32, 16, true, (ap_q_mode)5, (ap_o_mode)3, 0>(ap_fixed_base<32, 16, true, (ap_q_mode)5, (ap_o_mode)3, 0> const&) const' (C:/Xilinx/Vitis_HLS/2022.2/common/technology/autopilot\ap_fixed_base.h:1299:97)
INFO: [HLS 214-131] Inlining function 'ap_fixed_base<49, 33, true, (ap_q_mode)5, (ap_o_mode)3, 0>::operator!() const' into 'ap_fixed_base<32, 16, true, (ap_q_mode)5, (ap_o_mode)3, 0>& ap_fixed_base<32, 16, true, (ap_q_mode)5, (ap_o_mode)3, 0>::operator=<49, 33, true, (ap_q_mode)5, (ap_o_mode)3, 0>(ap_fixed_base<49, 33, true, (ap_q_mode)5, (ap_o_mode)3, 0> const&)' (C:/Xilinx/Vitis_HLS/2022.2/common/technology/autopilot\ap_fixed_base.h:808:9)
INFO: [HLS 214-131] Inlining function 'ssdm_int<32, true>::ssdm_int(int)' into 'ap_fixed_base<32, 16, true, (ap_q_mode)5, (ap_o_mode)3, 0>::ap_fixed_base<49, 33, true, (ap_q_mode)5, (ap_o_mode)3, 0>(ap_fixed_base<49, 33, true, (ap_q_mode)5, (ap_o_mode)3, 0> const&)' (C:/Xilinx/Vitis_HLS/2022.2/common/technology/autopilot\ap_fixed_base.h:401:80)
INFO: [HLS 214-131] Inlining function 'ap_fixed_base<32, 16, true, (ap_q_mode)5, (ap_o_mode)3, 0>& ap_fixed_base<32, 16, true, (ap_q_mode)5, (ap_o_mode)3, 0>::operator=<49, 33, true, (ap_q_mode)5, (ap_o_mode)3, 0>(ap_fixed_base<49, 33, true, (ap_q_mode)5, (ap_o_mode)3, 0> const&)' into 'ap_fixed_base<32, 16, true, (ap_q_mode)5, (ap_o_mode)3, 0>::ap_fixed_base<49, 33, true, (ap_q_mode)5, (ap_o_mode)3, 0>(ap_fixed_base<49, 33, true, (ap_q_mode)5, (ap_o_mode)3, 0> const&)' (C:/Xilinx/Vitis_HLS/2022.2/common/technology/autopilot\ap_fixed_base.h:403:5)
INFO: [HLS 214-131] Inlining function 'ap_fixed_base<32, 16, true, (ap_q_mode)5, (ap_o_mode)3, 0>::ap_fixed_base<49, 33, true, (ap_q_mode)5, (ap_o_mode)3, 0>(ap_fixed_base<49, 33, true, (ap_q_mode)5, (ap_o_mode)3, 0> const&)' into 'ap_fixed<32, 16, (ap_q_mode)5, (ap_o_mode)3, 0>::ap_fixed<49, 33, true, (ap_q_mode)5, (ap_o_mode)3, 0>(ap_fixed_base<49, 33, true, (ap_q_mode)5, (ap_o_mode)3, 0> const&)'
INFO: [HLS 214-131] Inlining function 'ap_fixed_base<32, 32, true, (ap_q_mode)5, (ap_o_mode)3, 0>::operator!() const' into 'ap_fixed_base<65, 33, true, (ap_q_mode)5, (ap_o_mode)3, 0>& ap_fixed_base<65, 33, true, (ap_q_mode)5, (ap_o_mode)3, 0>::operator=<32, 32, true, (ap_q_mode)5, (ap_o_mode)3, 0>(ap_fixed_base<32, 32, true, (ap_q_mode)5, (ap_o_mode)3, 0> const&)' (C:/Xilinx/Vitis_HLS/2022.2/common/technology/autopilot\ap_fixed_base.h:808:9)
INFO: [HLS 214-131] Inlining function 'ap_fixed_base<65, 33, true, (ap_q_mode)5, (ap_o_mode)3, 0>& ap_fixed_base<65, 33, true, (ap_q_mode)5, (ap_o_mode)3, 0>::operator=<32, 32, true, (ap_q_mode)5, (ap_o_mode)3, 0>(ap_fixed_base<32, 32, true, (ap_q_mode)5, (ap_o_mode)3, 0> const&)' into 'ap_fixed_base<65, 33, true, (ap_q_mode)5, (ap_o_mode)3, 0>::ap_fixed_base(int)' (C:/Xilinx/Vitis_HLS/2022.2/common/technology/autopilot\ap_fixed_base.h:530:146)
INFO: [HLS 214-131] Inlining function 'ap_fixed_base<65, 33, true, (ap_q_mode)5, (ap_o_mode)3, 0>::ap_fixed_base(int)' into 'ap_fixed_base<33, 17, true, (ap_q_mode)5, (ap_o_mode)3, 0>::RType<32, 16, true>::mult ap_fixed_base<33, 17, true, (ap_q_mode)5, (ap_o_mode)3, 0>::operator*<32, 16, true, (ap_q_mode)5, (ap_o_mode)3, 0>(ap_fixed_base<32, 16, true, (ap_q_mode)5, (ap_o_mode)3, 0> const&) const' (C:/Xilinx/Vitis_HLS/2022.2/common/technology/autopilot\ap_fixed_base.h:1270:55)
INFO: [HLS 214-131] Inlining function 'ap_fixed_base<65, 33, true, (ap_q_mode)5, (ap_o_mode)3, 0>::ap_fixed_base(int)' into 'ap_fixed_base<33, 17, true, (ap_q_mode)5, (ap_o_mode)3, 0>::RType<32, 16, true>::mult ap_fixed_base<33, 17, true, (ap_q_mode)5, (ap_o_mode)3, 0>::operator*<32, 16, true, (ap_q_mode)5, (ap_o_mode)3, 0>(ap_fixed_base<32, 16, true, (ap_q_mode)5, (ap_o_mode)3, 0> const&) const' (C:/Xilinx/Vitis_HLS/2022.2/common/technology/autopilot\ap_fixed_base.h:1270:61)
INFO: [HLS 214-131] Inlining function 'ap_fixed_base<65, 33, true, (ap_q_mode)5, (ap_o_mode)3, 0>::operator!() const' into 'ap_fixed_base<32, 16, true, (ap_q_mode)5, (ap_o_mode)3, 0>& ap_fixed_base<32, 16, true, (ap_q_mode)5, (ap_o_mode)3, 0>::operator=<65, 33, true, (ap_q_mode)5, (ap_o_mode)3, 0>(ap_fixed_base<65, 33, true, (ap_q_mode)5, (ap_o_mode)3, 0> const&)' (C:/Xilinx/Vitis_HLS/2022.2/common/technology/autopilot\ap_fixed_base.h:808:9)
INFO: [HLS 214-131] Inlining function 'ssdm_int<32, true>::ssdm_int(int)' into 'ap_fixed_base<32, 16, true, (ap_q_mode)5, (ap_o_mode)3, 0>::ap_fixed_base<65, 33, true, (ap_q_mode)5, (ap_o_mode)3, 0>(ap_fixed_base<65, 33, true, (ap_q_mode)5, (ap_o_mode)3, 0> const&)' (C:/Xilinx/Vitis_HLS/2022.2/common/technology/autopilot\ap_fixed_base.h:401:80)
INFO: [HLS 214-131] Inlining function 'ap_fixed_base<32, 16, true, (ap_q_mode)5, (ap_o_mode)3, 0>& ap_fixed_base<32, 16, true, (ap_q_mode)5, (ap_o_mode)3, 0>::operator=<65, 33, true, (ap_q_mode)5, (ap_o_mode)3, 0>(ap_fixed_base<65, 33, true, (ap_q_mode)5, (ap_o_mode)3, 0> const&)' into 'ap_fixed_base<32, 16, true, (ap_q_mode)5, (ap_o_mode)3, 0>::ap_fixed_base<65, 33, true, (ap_q_mode)5, (ap_o_mode)3, 0>(ap_fixed_base<65, 33, true, (ap_q_mode)5, (ap_o_mode)3, 0> const&)' (C:/Xilinx/Vitis_HLS/2022.2/common/technology/autopilot\ap_fixed_base.h:403:5)
INFO: [HLS 214-131] Inlining function 'ap_fixed_base<32, 16, true, (ap_q_mode)5, (ap_o_mode)3, 0>::ap_fixed_base<65, 33, true, (ap_q_mode)5, (ap_o_mode)3, 0>(ap_fixed_base<65, 33, true, (ap_q_mode)5, (ap_o_mode)3, 0> const&)' into 'ap_fixed<32, 16, (ap_q_mode)5, (ap_o_mode)3, 0>::ap_fixed<65, 33, true, (ap_q_mode)5, (ap_o_mode)3, 0>(ap_fixed_base<65, 33, true, (ap_q_mode)5, (ap_o_mode)3, 0> const&)'
INFO: [HLS 214-131] Inlining function 'ap_fixed_base<32, 32, true, (ap_q_mode)5, (ap_o_mode)3, 0>::operator!() const' into 'ap_fixed_base<32, 16, true, (ap_q_mode)5, (ap_o_mode)3, 0>& ap_fixed_base<32, 16, true, (ap_q_mode)5, (ap_o_mode)3, 0>::operator=<32, 32, true, (ap_q_mode)5, (ap_o_mode)3, 0>(ap_fixed_base<32, 32, true, (ap_q_mode)5, (ap_o_mode)3, 0> const&)' (C:/Xilinx/Vitis_HLS/2022.2/common/technology/autopilot\ap_fixed_base.h:808:9)
INFO: [HLS 214-131] Inlining function 'ap_fixed_base<32, 16, true, (ap_q_mode)5, (ap_o_mode)3, 0>& ap_fixed_base<32, 16, true, (ap_q_mode)5, (ap_o_mode)3, 0>::operator=<32, 32, true, (ap_q_mode)5, (ap_o_mode)3, 0>(ap_fixed_base<32, 32, true, (ap_q_mode)5, (ap_o_mode)3, 0> const&)' into 'ap_fixed_base<32, 16, true, (ap_q_mode)5, (ap_o_mode)3, 0>::ap_fixed_base(int)' (C:/Xilinx/Vitis_HLS/2022.2/common/technology/autopilot\ap_fixed_base.h:530:146)
INFO: [HLS 214-131] Inlining function 'ap_fixed_base<32, 16, true, (ap_q_mode)5, (ap_o_mode)3, 0>::ap_fixed_base(int)' into 'ap_fixed<32, 16, (ap_q_mode)5, (ap_o_mode)3, 0>::ap_fixed(int)'
INFO: [HLS 214-131] Inlining function 'ap_fixed_base<48, 24, true, (ap_q_mode)5, (ap_o_mode)3, 0>::operator!() const' into 'ap_fixed_base<32, 16, true, (ap_q_mode)5, (ap_o_mode)3, 0>& ap_fixed_base<32, 16, true, (ap_q_mode)5, (ap_o_mode)3, 0>::operator=<48, 24, true, (ap_q_mode)5, (ap_o_mode)3, 0>(ap_fixed_base<48, 24, true, (ap_q_mode)5, (ap_o_mode)3, 0> const&)' (C:/Xilinx/Vitis_HLS/2022.2/common/technology/autopilot\ap_fixed_base.h:808:9)
INFO: [HLS 214-131] Inlining function 'ssdm_int<32, true>::ssdm_int(int)' into 'ap_fixed_base<32, 16, true, (ap_q_mode)5, (ap_o_mode)3, 0>::ap_fixed_base<48, 24, true, (ap_q_mode)5, (ap_o_mode)3, 0>(ap_fixed_base<48, 24, true, (ap_q_mode)5, (ap_o_mode)3, 0> const&)' (C:/Xilinx/Vitis_HLS/2022.2/common/technology/autopilot\ap_fixed_base.h:401:80)
INFO: [HLS 214-131] Inlining function 'ap_fixed_base<32, 16, true, (ap_q_mode)5, (ap_o_mode)3, 0>& ap_fixed_base<32, 16, true, (ap_q_mode)5, (ap_o_mode)3, 0>::operator=<48, 24, true, (ap_q_mode)5, (ap_o_mode)3, 0>(ap_fixed_base<48, 24, true, (ap_q_mode)5, (ap_o_mode)3, 0> const&)' into 'ap_fixed_base<32, 16, true, (ap_q_mode)5, (ap_o_mode)3, 0>::ap_fixed_base<48, 24, true, (ap_q_mode)5, (ap_o_mode)3, 0>(ap_fixed_base<48, 24, true, (ap_q_mode)5, (ap_o_mode)3, 0> const&)' (C:/Xilinx/Vitis_HLS/2022.2/common/technology/autopilot\ap_fixed_base.h:403:5)
INFO: [HLS 214-131] Inlining function 'ap_fixed_base<32, 16, true, (ap_q_mode)5, (ap_o_mode)3, 0>::ap_fixed_base<48, 24, true, (ap_q_mode)5, (ap_o_mode)3, 0>(ap_fixed_base<48, 24, true, (ap_q_mode)5, (ap_o_mode)3, 0> const&)' into 'ap_fixed<32, 16, (ap_q_mode)5, (ap_o_mode)3, 0>::ap_fixed<48, 24, true, (ap_q_mode)5, (ap_o_mode)3, 0>(ap_fixed_base<48, 24, true, (ap_q_mode)5, (ap_o_mode)3, 0> const&)'
INFO: [HLS 214-131] Inlining function 'bool ap_fixed_base<32, 16, true, (ap_q_mode)5, (ap_o_mode)3, 0>::operator><32, 16, true, (ap_q_mode)5, (ap_o_mode)3, 0>(ap_fixed_base<32, 16, true, (ap_q_mode)5, (ap_o_mode)3, 0> const&) const' into 'relu(ap_fixed<32, 16, (ap_q_mode)5, (ap_o_mode)3, 0>)' (C:/ecg_hls/include/ecg_types.h:62:15)
INFO: [HLS 214-131] Inlining function 'ap_fixed_base<48, 24, true, (ap_q_mode)5, (ap_o_mode)3, 0>& ap_fixed_base<48, 24, true, (ap_q_mode)5, (ap_o_mode)3, 0>::operator+=<96, 48, true, (ap_q_mode)5, (ap_o_mode)3, 0>(ap_fixed_base<96, 48, true, (ap_q_mode)5, (ap_o_mode)3, 0> const&)' into 'conv_layer01234_fused(ap_fixed<32, 16, (ap_q_mode)5, (ap_o_mode)3, 0>*, ap_fixed<32, 16, (ap_q_mode)5, (ap_o_mode)3, 0> (*) [1])' (src/ecg_denoiser.cpp:217:25)
INFO: [HLS 214-131] Inlining function 'ap_fixed_base<48, 24, true, (ap_q_mode)5, (ap_o_mode)3, 0>::RType<48, 24, true>::mult ap_fixed_base<48, 24, true, (ap_q_mode)5, (ap_o_mode)3, 0>::operator*<48, 24, true, (ap_q_mode)5, (ap_o_mode)3, 0>(ap_fixed_base<48, 24, true, (ap_q_mode)5, (ap_o_mode)3, 0> const&) const' into 'conv_layer01234_fused(ap_fixed<32, 16, (ap_q_mode)5, (ap_o_mode)3, 0>*, ap_fixed<32, 16, (ap_q_mode)5, (ap_o_mode)3, 0> (*) [1])' (src/ecg_denoiser.cpp:217:37)
INFO: [HLS 214-131] Inlining function 'ap_fixed_base<48, 24, true, (ap_q_mode)5, (ap_o_mode)3, 0>& ap_fixed_base<48, 24, true, (ap_q_mode)5, (ap_o_mode)3, 0>::operator+=<96, 48, true, (ap_q_mode)5, (ap_o_mode)3, 0>(ap_fixed_base<96, 48, true, (ap_q_mode)5, (ap_o_mode)3, 0> const&)' into 'conv_layer01234_fused(ap_fixed<32, 16, (ap_q_mode)5, (ap_o_mode)3, 0>*, ap_fixed<32, 16, (ap_q_mode)5, (ap_o_mode)3, 0> (*) [1])' (src/ecg_denoiser.cpp:186:26)
INFO: [HLS 214-131] Inlining function 'ap_fixed_base<48, 24, true, (ap_q_mode)5, (ap_o_mode)3, 0>::RType<48, 24, true>::mult ap_fixed_base<48, 24, true, (ap_q_mode)5, (ap_o_mode)3, 0>::operator*<48, 24, true, (ap_q_mode)5, (ap_o_mode)3, 0>(ap_fixed_base<48, 24, true, (ap_q_mode)5, (ap_o_mode)3, 0> const&) const' into 'conv_layer01234_fused(ap_fixed<32, 16, (ap_q_mode)5, (ap_o_mode)3, 0>*, ap_fixed<32, 16, (ap_q_mode)5, (ap_o_mode)3, 0> (*) [1])' (src/ecg_denoiser.cpp:186:38)
INFO: [HLS 214-131] Inlining function 'ap_fixed_base<48, 24, true, (ap_q_mode)5, (ap_o_mode)3, 0>& ap_fixed_base<48, 24, true, (ap_q_mode)5, (ap_o_mode)3, 0>::operator+=<96, 48, true, (ap_q_mode)5, (ap_o_mode)3, 0>(ap_fixed_base<96, 48, true, (ap_q_mode)5, (ap_o_mode)3, 0> const&)' into 'conv_layer01234_fused(ap_fixed<32, 16, (ap_q_mode)5, (ap_o_mode)3, 0>*, ap_fixed<32, 16, (ap_q_mode)5, (ap_o_mode)3, 0> (*) [1])' (src/ecg_denoiser.cpp:185:26)
INFO: [HLS 214-131] Inlining function 'ap_fixed_base<48, 24, true, (ap_q_mode)5, (ap_o_mode)3, 0>::RType<48, 24, true>::mult ap_fixed_base<48, 24, true, (ap_q_mode)5, (ap_o_mode)3, 0>::operator*<48, 24, true, (ap_q_mode)5, (ap_o_mode)3, 0>(ap_fixed_base<48, 24, true, (ap_q_mode)5, (ap_o_mode)3, 0> const&) const' into 'conv_layer01234_fused(ap_fixed<32, 16, (ap_q_mode)5, (ap_o_mode)3, 0>*, ap_fixed<32, 16, (ap_q_mode)5, (ap_o_mode)3, 0> (*) [1])' (src/ecg_denoiser.cpp:185:38)
INFO: [HLS 214-131] Inlining function 'ap_fixed_base<48, 24, true, (ap_q_mode)5, (ap_o_mode)3, 0>& ap_fixed_base<48, 24, true, (ap_q_mode)5, (ap_o_mode)3, 0>::operator+=<96, 48, true, (ap_q_mode)5, (ap_o_mode)3, 0>(ap_fixed_base<96, 48, true, (ap_q_mode)5, (ap_o_mode)3, 0> const&)' into 'conv_layer01234_fused(ap_fixed<32, 16, (ap_q_mode)5, (ap_o_mode)3, 0>*, ap_fixed<32, 16, (ap_q_mode)5, (ap_o_mode)3, 0> (*) [1])' (src/ecg_denoiser.cpp:151:26)
INFO: [HLS 214-131] Inlining function 'ap_fixed_base<48, 24, true, (ap_q_mode)5, (ap_o_mode)3, 0>::RType<48, 24, true>::mult ap_fixed_base<48, 24, true, (ap_q_mode)5, (ap_o_mode)3, 0>::operator*<48, 24, true, (ap_q_mode)5, (ap_o_mode)3, 0>(ap_fixed_base<48, 24, true, (ap_q_mode)5, (ap_o_mode)3, 0> const&) const' into 'conv_layer01234_fused(ap_fixed<32, 16, (ap_q_mode)5, (ap_o_mode)3, 0>*, ap_fixed<32, 16, (ap_q_mode)5, (ap_o_mode)3, 0> (*) [1])' (src/ecg_denoiser.cpp:151:38)
INFO: [HLS 214-131] Inlining function 'ap_fixed_base<48, 24, true, (ap_q_mode)5, (ap_o_mode)3, 0>& ap_fixed_base<48, 24, true, (ap_q_mode)5, (ap_o_mode)3, 0>::operator+=<96, 48, true, (ap_q_mode)5, (ap_o_mode)3, 0>(ap_fixed_base<96, 48, true, (ap_q_mode)5, (ap_o_mode)3, 0> const&)' into 'conv_layer01234_fused(ap_fixed<32, 16, (ap_q_mode)5, (ap_o_mode)3, 0>*, ap_fixed<32, 16, (ap_q_mode)5, (ap_o_mode)3, 0> (*) [1])' (src/ecg_denoiser.cpp:150:26)
INFO: [HLS 214-131] Inlining function 'ap_fixed_base<48, 24, true, (ap_q_mode)5, (ap_o_mode)3, 0>::RType<48, 24, true>::mult ap_fixed_base<48, 24, true, (ap_q_mode)5, (ap_o_mode)3, 0>::operator*<48, 24, true, (ap_q_mode)5, (ap_o_mode)3, 0>(ap_fixed_base<48, 24, true, (ap_q_mode)5, (ap_o_mode)3, 0> const&) const' into 'conv_layer01234_fused(ap_fixed<32, 16, (ap_q_mode)5, (ap_o_mode)3, 0>*, ap_fixed<32, 16, (ap_q_mode)5, (ap_o_mode)3, 0> (*) [1])' (src/ecg_denoiser.cpp:150:38)
INFO: [HLS 214-131] Inlining function 'ap_fixed_base<48, 24, true, (ap_q_mode)5, (ap_o_mode)3, 0>& ap_fixed_base<48, 24, true, (ap_q_mode)5, (ap_o_mode)3, 0>::operator+=<96, 48, true, (ap_q_mode)5, (ap_o_mode)3, 0>(ap_fixed_base<96, 48, true, (ap_q_mode)5, (ap_o_mode)3, 0> const&)' into 'conv_layer01234_fused(ap_fixed<32, 16, (ap_q_mode)5, (ap_o_mode)3, 0>*, ap_fixed<32, 16, (ap_q_mode)5, (ap_o_mode)3, 0> (*) [1])' (src/ecg_denoiser.cpp:116:26)
INFO: [HLS 214-131] Inlining function 'ap_fixed_base<48, 24, true, (ap_q_mode)5, (ap_o_mode)3, 0>::RType<48, 24, true>::mult ap_fixed_base<48, 24, true, (ap_q_mode)5, (ap_o_mode)3, 0>::operator*<48, 24, true, (ap_q_mode)5, (ap_o_mode)3, 0>(ap_fixed_base<48, 24, true, (ap_q_mode)5, (ap_o_mode)3, 0> const&) const' into 'conv_layer01234_fused(ap_fixed<32, 16, (ap_q_mode)5, (ap_o_mode)3, 0>*, ap_fixed<32, 16, (ap_q_mode)5, (ap_o_mode)3, 0> (*) [1])' (src/ecg_denoiser.cpp:116:38)
INFO: [HLS 214-131] Inlining function 'ap_fixed_base<48, 24, true, (ap_q_mode)5, (ap_o_mode)3, 0>& ap_fixed_base<48, 24, true, (ap_q_mode)5, (ap_o_mode)3, 0>::operator+=<96, 48, true, (ap_q_mode)5, (ap_o_mode)3, 0>(ap_fixed_base<96, 48, true, (ap_q_mode)5, (ap_o_mode)3, 0> const&)' into 'conv_layer01234_fused(ap_fixed<32, 16, (ap_q_mode)5, (ap_o_mode)3, 0>*, ap_fixed<32, 16, (ap_q_mode)5, (ap_o_mode)3, 0> (*) [1])' (src/ecg_denoiser.cpp:115:26)
INFO: [HLS 214-131] Inlining function 'ap_fixed_base<48, 24, true, (ap_q_mode)5, (ap_o_mode)3, 0>::RType<48, 24, true>::mult ap_fixed_base<48, 24, true, (ap_q_mode)5, (ap_o_mode)3, 0>::operator*<48, 24, true, (ap_q_mode)5, (ap_o_mode)3, 0>(ap_fixed_base<48, 24, true, (ap_q_mode)5, (ap_o_mode)3, 0> const&) const' into 'conv_layer01234_fused(ap_fixed<32, 16, (ap_q_mode)5, (ap_o_mode)3, 0>*, ap_fixed<32, 16, (ap_q_mode)5, (ap_o_mode)3, 0> (*) [1])' (src/ecg_denoiser.cpp:115:38)
INFO: [HLS 214-131] Inlining function 'ap_fixed_base<48, 24, true, (ap_q_mode)5, (ap_o_mode)3, 0>& ap_fixed_base<48, 24, true, (ap_q_mode)5, (ap_o_mode)3, 0>::operator+=<96, 48, true, (ap_q_mode)5, (ap_o_mode)3, 0>(ap_fixed_base<96, 48, true, (ap_q_mode)5, (ap_o_mode)3, 0> const&)' into 'conv_layer01234_fused(ap_fixed<32, 16, (ap_q_mode)5, (ap_o_mode)3, 0>*, ap_fixed<32, 16, (ap_q_mode)5, (ap_o_mode)3, 0> (*) [1])' (src/ecg_denoiser.cpp:83:21)
INFO: [HLS 214-131] Inlining function 'ap_fixed_base<48, 24, true, (ap_q_mode)5, (ap_o_mode)3, 0>::RType<48, 24, true>::mult ap_fixed_base<48, 24, true, (ap_q_mode)5, (ap_o_mode)3, 0>::operator*<48, 24, true, (ap_q_mode)5, (ap_o_mode)3, 0>(ap_fixed_base<48, 24, true, (ap_q_mode)5, (ap_o_mode)3, 0> const&) const' into 'conv_layer01234_fused(ap_fixed<32, 16, (ap_q_mode)5, (ap_o_mode)3, 0>*, ap_fixed<32, 16, (ap_q_mode)5, (ap_o_mode)3, 0> (*) [1])' (src/ecg_denoiser.cpp:83:33)
INFO: [HLS 214-131] Inlining function 'af_range_ref<32, 16, true, (ap_q_mode)5, (ap_o_mode)3, 0>::get() const' into 'ap_int_base<32, false>::ap_int_base<32, 16, true, (ap_q_mode)5, (ap_o_mode)3, 0>(af_range_ref<32, 16, true, (ap_q_mode)5, (ap_o_mode)3, 0> const&)' (C:/Xilinx/Vitis_HLS/2022.2/common/technology/autopilot\ap_int_base.h:403:20)
INFO: [HLS 214-131] Inlining function 'ap_int_base<32, false>::ap_int_base<32, 16, true, (ap_q_mode)5, (ap_o_mode)3, 0>(af_range_ref<32, 16, true, (ap_q_mode)5, (ap_o_mode)3, 0> const&)' into 'ap_range_ref<32, false>& ap_range_ref<32, false>::operator=<32, 16, true, (ap_q_mode)5, (ap_o_mode)3, 0>(af_range_ref<32, 16, true, (ap_q_mode)5, (ap_o_mode)3, 0> const&)' (C:/Xilinx/Vitis_HLS/2022.2/common/technology/autopilot\ap_int_ref.h:405:22)
INFO: [HLS 214-131] Inlining function 'ap_range_ref<32, false>& ap_range_ref<32, false>::operator=<32, false>(ap_int_base<32, false> const&)' into 'ap_range_ref<32, false>& ap_range_ref<32, false>::operator=<32, 16, true, (ap_q_mode)5, (ap_o_mode)3, 0>(af_range_ref<32, 16, true, (ap_q_mode)5, (ap_o_mode)3, 0> const&)' (C:/Xilinx/Vitis_HLS/2022.2/common/technology/autopilot\ap_int_ref.h:405:12)
INFO: [HLS 214-131] Inlining function '_ZN8ssdm_intILi4ELb0EEC2EDq4_j' into 'ap_int_base<4, false>::ap_int_base(int)' (C:/Xilinx/Vitis_HLS/2022.2/common/technology/autopilot\ap_int_base.h:214:67)
INFO: [HLS 214-131] Inlining function 'ap_int_base<4, false>::ap_int_base(int)' into 'ap_uint<4>::ap_uint(int)'
INFO: [HLS 214-131] Inlining function 'ap_int_base<1, false>::ap_int_base(int)' into 'ap_uint<1>::ap_uint(int)'
INFO: [HLS 214-131] Inlining function 'hls::axis<ap_uint<32>, 1ul, 1ul, 1ul>::get_user_ptr()' into 'hls::stream<hls::axis<ap_uint<32>, 1ul, 1ul, 1ul>, 0>::write(hls::axis<ap_uint<32>, 1ul, 1ul, 1ul> const&)' (C:/Xilinx/Vitis_HLS/2022.2/common/technology/autopilot\ap_axi_sdata.h:258:51)
INFO: [HLS 214-131] Inlining function 'hls::axis<ap_uint<32>, 1ul, 1ul, 1ul>::get_dest_ptr()' into 'hls::stream<hls::axis<ap_uint<32>, 1ul, 1ul, 1ul>, 0>::write(hls::axis<ap_uint<32>, 1ul, 1ul, 1ul> const&)' (C:/Xilinx/Vitis_HLS/2022.2/common/technology/autopilot\ap_axi_sdata.h:261:26)
INFO: [HLS 214-131] Inlining function 'hls::axis<ap_uint<32>, 1ul, 1ul, 1ul>::get_id_ptr()' into 'hls::stream<hls::axis<ap_uint<32>, 1ul, 1ul, 1ul>, 0>::write(hls::axis<ap_uint<32>, 1ul, 1ul, 1ul> const&)' (C:/Xilinx/Vitis_HLS/2022.2/common/technology/autopilot\ap_axi_sdata.h:260:68)
INFO: [HLS 214-131] Inlining function 'hls::axis<ap_uint<32>, 1ul, 1ul, 1ul>::get_user_ptr()' into 'hls::stream<hls::axis<ap_uint<32>, 1ul, 1ul, 1ul>, 0>::write(hls::axis<ap_uint<32>, 1ul, 1ul, 1ul> const&)' (C:/Xilinx/Vitis_HLS/2022.2/common/technology/autopilot\ap_axi_sdata.h:260:37)
INFO: [HLS 214-131] Inlining function 'hls::axis<ap_uint<32>, 1ul, 1ul, 1ul>::get_dest_ptr()' into 'hls::stream<hls::axis<ap_uint<32>, 1ul, 1ul, 1ul>, 0>::write(hls::axis<ap_uint<32>, 1ul, 1ul, 1ul> const&)' (C:/Xilinx/Vitis_HLS/2022.2/common/technology/autopilot\ap_axi_sdata.h:259:40)
INFO: [HLS 214-131] Inlining function 'hls::axis<ap_uint<32>, 1ul, 1ul, 1ul>::get_id_ptr()' into 'hls::stream<hls::axis<ap_uint<32>, 1ul, 1ul, 1ul>, 0>::write(hls::axis<ap_uint<32>, 1ul, 1ul, 1ul> const&)' (C:/Xilinx/Vitis_HLS/2022.2/common/technology/autopilot\ap_axi_sdata.h:259:24)
INFO: [HLS 214-131] Inlining function 'hls::stream<hls::axis<ap_uint<32>, 1ul, 1ul, 1ul>, 0>::read()' into 'ecg_denoiser(hls::stream<hls::axis<ap_uint<32>, 1ul, 1ul, 1ul>, 0>&, hls::stream<hls::axis<ap_uint<32>, 1ul, 1ul, 1ul>, 0>&)' (src/ecg_denoiser.cpp:245:29)
INFO: [HLS 214-131] Inlining function 'hls::stream<hls::axis<ap_uint<32>, 1ul, 1ul, 1ul>, 0>::write(hls::axis<ap_uint<32>, 1ul, 1ul, 1ul> const&)' into 'ecg_denoiser(hls::stream<hls::axis<ap_uint<32>, 1ul, 1ul, 1ul>, 0>&, hls::stream<hls::axis<ap_uint<32>, 1ul, 1ul, 1ul>, 0>&)' (src/ecg_denoiser.cpp:292:20)
INFO: [HLS 214-131] Inlining function 'ap_range_ref<32, false>& ap_range_ref<32, false>::operator=<32, 16, true, (ap_q_mode)5, (ap_o_mode)3, 0>(af_range_ref<32, 16, true, (ap_q_mode)5, (ap_o_mode)3, 0> const&)' into 'ecg_denoiser(hls::stream<hls::axis<ap_uint<32>, 1ul, 1ul, 1ul>, 0>&, hls::stream<hls::axis<ap_uint<32>, 1ul, 1ul, 1ul>, 0>&)' (src/ecg_denoiser.cpp:284:25)
INFO: [HLS 214-131] Inlining function 'ap_int_base<32, false>::range(int, int)' into 'ecg_denoiser(hls::stream<hls::axis<ap_uint<32>, 1ul, 1ul, 1ul>, 0>&, hls::stream<hls::axis<ap_uint<32>, 1ul, 1ul, 1ul>, 0>&)' (src/ecg_denoiser.cpp:284:13)
INFO: [HLS 214-131] Inlining function 'ap_fixed_base<32, 16, true, (ap_q_mode)5, (ap_o_mode)3, 0>::range(int, int)' into 'ecg_denoiser(hls::stream<hls::axis<ap_uint<32>, 1ul, 1ul, 1ul>, 0>&, hls::stream<hls::axis<ap_uint<32>, 1ul, 1ul, 1ul>, 0>&)' (src/ecg_denoiser.cpp:284:38)
INFO: [HLS 214-131] Inlining function 'ap_int_base<32, false>::range(int, int)' into 'ecg_denoiser(hls::stream<hls::axis<ap_uint<32>, 1ul, 1ul, 1ul>, 0>&, hls::stream<hls::axis<ap_uint<32>, 1ul, 1ul, 1ul>, 0>&)' (src/ecg_denoiser.cpp:247:40)
INFO: [HLS 214-131] Inlining function 'ap_fixed_base<33, 17, true, (ap_q_mode)5, (ap_o_mode)3, 0>::RType<32, 16, true>::mult ap_fixed_base<33, 17, true, (ap_q_mode)5, (ap_o_mode)3, 0>::operator*<32, 16, true, (ap_q_mode)5, (ap_o_mode)3, 0>(ap_fixed_base<32, 16, true, (ap_q_mode)5, (ap_o_mode)3, 0> const&) const' into 'ecg_denoiser(hls::stream<hls::axis<ap_uint<32>, 1ul, 1ul, 1ul>, 0>&, hls::stream<hls::axis<ap_uint<32>, 1ul, 1ul, 1ul>, 0>&)' (src/ecg_denoiser.cpp:274:41)
INFO: [HLS 214-131] Inlining function 'ap_fixed_base<32, 16, true, (ap_q_mode)5, (ap_o_mode)3, 0>::RType<32, 16, true>::minus ap_fixed_base<32, 16, true, (ap_q_mode)5, (ap_o_mode)3, 0>::operator-<32, 16, true, (ap_q_mode)5, (ap_o_mode)3, 0>(ap_fixed_base<32, 16, true, (ap_q_mode)5, (ap_o_mode)3, 0> const&) const' into 'ecg_denoiser(hls::stream<hls::axis<ap_uint<32>, 1ul, 1ul, 1ul>, 0>&, hls::stream<hls::axis<ap_uint<32>, 1ul, 1ul, 1ul>, 0>&)' (src/ecg_denoiser.cpp:274:30)
INFO: [HLS 214-131] Inlining function 'ap_fixed_base<32, 16, true, (ap_q_mode)5, (ap_o_mode)3, 0>::RType<32, 16, true>::div ap_fixed_base<32, 16, true, (ap_q_mode)5, (ap_o_mode)3, 0>::operator/<32, 16, true, (ap_q_mode)5, (ap_o_mode)3, 0>(ap_fixed_base<32, 16, true, (ap_q_mode)5, (ap_o_mode)3, 0> const&) const' into 'ecg_denoiser(hls::stream<hls::axis<ap_uint<32>, 1ul, 1ul, 1ul>, 0>&, hls::stream<hls::axis<ap_uint<32>, 1ul, 1ul, 1ul>, 0>&)' (src/ecg_denoiser.cpp:269:38)
INFO: [HLS 214-131] Inlining function 'ap_fixed_base<32, 16, true, (ap_q_mode)5, (ap_o_mode)3, 0>::range(int, int)' into 'ecg_denoiser(hls::stream<hls::axis<ap_uint<32>, 1ul, 1ul, 1ul>, 0>&, hls::stream<hls::axis<ap_uint<32>, 1ul, 1ul, 1ul>, 0>&)' (src/ecg_denoiser.cpp:247:22)
INFO: [HLS 214-131] Inlining function 'ap_fixed_base<32, 16, true, (ap_q_mode)5, (ap_o_mode)3, 0>::RType<32, 16, true>::plus ap_fixed_base<32, 16, true, (ap_q_mode)5, (ap_o_mode)3, 0>::operator+<32, 16, true, (ap_q_mode)5, (ap_o_mode)3, 0>(ap_fixed_base<32, 16, true, (ap_q_mode)5, (ap_o_mode)3, 0> const&) const' into 'ecg_denoiser(hls::stream<hls::axis<ap_uint<32>, 1ul, 1ul, 1ul>, 0>&, hls::stream<hls::axis<ap_uint<32>, 1ul, 1ul, 1ul>, 0>&)' (src/ecg_denoiser.cpp:268:49)
INFO: [HLS 214-131] Inlining function 'af_range_ref<32, 16, true, (ap_q_mode)5, (ap_o_mode)3, 0>& af_range_ref<32, 16, true, (ap_q_mode)5, (ap_o_mode)3, 0>::operator=<32, false>(ap_range_ref<32, false> const&)' into 'ecg_denoiser(hls::stream<hls::axis<ap_uint<32>, 1ul, 1ul, 1ul>, 0>&, hls::stream<hls::axis<ap_uint<32>, 1ul, 1ul, 1ul>, 0>&)' (src/ecg_denoiser.cpp:247:34)
INFO: [HLS 214-131] Inlining function 'ap_fixed_base<32, 16, true, (ap_q_mode)5, (ap_o_mode)3, 0>::operator float() const' into 'ecg_denoiser(hls::stream<hls::axis<ap_uint<32>, 1ul, 1ul, 1ul>, 0>&, hls::stream<hls::axis<ap_uint<32>, 1ul, 1ul, 1ul>, 0>&)' (src/ecg_denoiser.cpp:266:29)
INFO: [HLS 214-131] Inlining function 'ap_fixed_base<48, 24, true, (ap_q_mode)5, (ap_o_mode)3, 0>::RType<32, 16, true>::mult ap_fixed_base<48, 24, true, (ap_q_mode)5, (ap_o_mode)3, 0>::operator*<32, 16, true, (ap_q_mode)5, (ap_o_mode)3, 0>(ap_fixed_base<32, 16, true, (ap_q_mode)5, (ap_o_mode)3, 0> const&) const' into 'ecg_denoiser(hls::stream<hls::axis<ap_uint<32>, 1ul, 1ul, 1ul>, 0>&, hls::stream<hls::axis<ap_uint<32>, 1ul, 1ul, 1ul>, 0>&)' (src/ecg_denoiser.cpp:265:38)
INFO: [HLS 214-131] Inlining function 'ap_fixed_base<48, 24, true, (ap_q_mode)5, (ap_o_mode)3, 0>& ap_fixed_base<48, 24, true, (ap_q_mode)5, (ap_o_mode)3, 0>::operator+=<48, 24, true, (ap_q_mode)5, (ap_o_mode)3, 0>(ap_fixed_base<48, 24, true, (ap_q_mode)5, (ap_o_mode)3, 0> const&)' into 'ecg_denoiser(hls::stream<hls::axis<ap_uint<32>, 1ul, 1ul, 1ul>, 0>&, hls::stream<hls::axis<ap_uint<32>, 1ul, 1ul, 1ul>, 0>&)' (src/ecg_denoiser.cpp:254:11)
INFO: [HLS 214-131] Inlining function 'ap_fixed_base<48, 24, true, (ap_q_mode)5, (ap_o_mode)3, 0>& ap_fixed_base<48, 24, true, (ap_q_mode)5, (ap_o_mode)3, 0>::operator+=<96, 48, true, (ap_q_mode)5, (ap_o_mode)3, 0>(ap_fixed_base<96, 48, true, (ap_q_mode)5, (ap_o_mode)3, 0> const&)' into 'ecg_denoiser(hls::stream<hls::axis<ap_uint<32>, 1ul, 1ul, 1ul>, 0>&, hls::stream<hls::axis<ap_uint<32>, 1ul, 1ul, 1ul>, 0>&)' (src/ecg_denoiser.cpp:263:17)
INFO: [HLS 214-131] Inlining function 'ap_fixed_base<48, 24, true, (ap_q_mode)5, (ap_o_mode)3, 0>::RType<48, 24, true>::mult ap_fixed_base<48, 24, true, (ap_q_mode)5, (ap_o_mode)3, 0>::operator*<48, 24, true, (ap_q_mode)5, (ap_o_mode)3, 0>(ap_fixed_base<48, 24, true, (ap_q_mode)5, (ap_o_mode)3, 0> const&) const' into 'ecg_denoiser(hls::stream<hls::axis<ap_uint<32>, 1ul, 1ul, 1ul>, 0>&, hls::stream<hls::axis<ap_uint<32>, 1ul, 1ul, 1ul>, 0>&)' (src/ecg_denoiser.cpp:263:29)
INFO: [HLS 214-131] Inlining function 'ap_fixed_base<32, 16, true, (ap_q_mode)5, (ap_o_mode)3, 0>::RType<32, 16, true>::minus ap_fixed_base<32, 16, true, (ap_q_mode)5, (ap_o_mode)3, 0>::operator-<32, 16, true, (ap_q_mode)5, (ap_o_mode)3, 0>(ap_fixed_base<32, 16, true, (ap_q_mode)5, (ap_o_mode)3, 0> const&) const' into 'ecg_denoiser(hls::stream<hls::axis<ap_uint<32>, 1ul, 1ul, 1ul>, 0>&, hls::stream<hls::axis<ap_uint<32>, 1ul, 1ul, 1ul>, 0>&)' (src/ecg_denoiser.cpp:262:26)
INFO: [HLS 214-131] Inlining function 'ap_fixed_base<48, 24, true, (ap_q_mode)5, (ap_o_mode)3, 0>::RType<32, 16, true>::mult ap_fixed_base<48, 24, true, (ap_q_mode)5, (ap_o_mode)3, 0>::operator*<32, 16, true, (ap_q_mode)5, (ap_o_mode)3, 0>(ap_fixed_base<32, 16, true, (ap_q_mode)5, (ap_o_mode)3, 0> const&) const' into 'ecg_denoiser(hls::stream<hls::axis<ap_uint<32>, 1ul, 1ul, 1ul>, 0>&, hls::stream<hls::axis<ap_uint<32>, 1ul, 1ul, 1ul>, 0>&)' (src/ecg_denoiser.cpp:256:40)
INFO: [HLS 214-186] Unrolling loop 'SHIFT_WIN01_K' (src/ecg_denoiser.cpp:88:9) in function 'conv_layer01234_fused' completely with a factor of 6 (src/ecg_denoiser.cpp:7:0)
INFO: [HLS 214-186] Unrolling loop 'SHIFT_WIN01_OC' (src/ecg_denoiser.cpp:91:13) in function 'conv_layer01234_fused' completely with a factor of 64 (src/ecg_denoiser.cpp:7:0)
INFO: [HLS 214-186] Unrolling loop 'INSERT_WIN01_OC' (src/ecg_denoiser.cpp:97:9) in function 'conv_layer01234_fused' completely with a factor of 64 (src/ecg_denoiser.cpp:7:0)
INFO: [HLS 214-186] Unrolling loop 'SHIFT_WIN12_K' (src/ecg_denoiser.cpp:123:9) in function 'conv_layer01234_fused' completely with a factor of 4 (src/ecg_denoiser.cpp:7:0)
INFO: [HLS 214-186] Unrolling loop 'SHIFT_WIN12_OC' (src/ecg_denoiser.cpp:126:13) in function 'conv_layer01234_fused' completely with a factor of 128 (src/ecg_denoiser.cpp:7:0)
INFO: [HLS 214-186] Unrolling loop 'INSERT_WIN12_OC' (src/ecg_denoiser.cpp:132:9) in function 'conv_layer01234_fused' completely with a factor of 128 (src/ecg_denoiser.cpp:7:0)
INFO: [HLS 214-186] Unrolling loop 'SHIFT_WIN23_K' (src/ecg_denoiser.cpp:158:9) in function 'conv_layer01234_fused' completely with a factor of 2 (src/ecg_denoiser.cpp:7:0)
INFO: [HLS 214-186] Unrolling loop 'SHIFT_WIN23_OC' (src/ecg_denoiser.cpp:161:13) in function 'conv_layer01234_fused' completely with a factor of 64 (src/ecg_denoiser.cpp:7:0)
INFO: [HLS 214-186] Unrolling loop 'INSERT_WIN23_OC' (src/ecg_denoiser.cpp:167:9) in function 'conv_layer01234_fused' completely with a factor of 64 (src/ecg_denoiser.cpp:7:0)
INFO: [HLS 214-186] Unrolling loop 'SHIFT_WIN34_K' (src/ecg_denoiser.cpp:193:9) in function 'conv_layer01234_fused' completely with a factor of 6 (src/ecg_denoiser.cpp:7:0)
INFO: [HLS 214-186] Unrolling loop 'SHIFT_WIN34_OC' (src/ecg_denoiser.cpp:196:13) in function 'conv_layer01234_fused' completely with a factor of 32 (src/ecg_denoiser.cpp:7:0)
INFO: [HLS 214-186] Unrolling loop 'INSERT_WIN34_OC' (src/ecg_denoiser.cpp:202:9) in function 'conv_layer01234_fused' completely with a factor of 32 (src/ecg_denoiser.cpp:7:0)
INFO: [HLS 214-186] Unrolling loop 'INIT_WIN34_K' (src/ecg_denoiser.cpp:60:5) in function 'conv_layer01234_fused' completely with a factor of 7 (src/ecg_denoiser.cpp:7:0)
INFO: [HLS 214-186] Unrolling loop 'INIT_WIN34_OC' (src/ecg_denoiser.cpp:63:9) in function 'conv_layer01234_fused' completely with a factor of 32 (src/ecg_denoiser.cpp:7:0)
INFO: [HLS 214-186] Unrolling loop 'INIT_WIN23_K' (src/ecg_denoiser.cpp:51:5) in function 'conv_layer01234_fused' completely with a factor of 3 (src/ecg_denoiser.cpp:7:0)
INFO: [HLS 214-186] Unrolling loop 'INIT_WIN23_OC' (src/ecg_denoiser.cpp:54:9) in function 'conv_layer01234_fused' completely with a factor of 64 (src/ecg_denoiser.cpp:7:0)
INFO: [HLS 214-186] Unrolling loop 'INIT_WIN12_K' (src/ecg_denoiser.cpp:42:5) in function 'conv_layer01234_fused' completely with a factor of 5 (src/ecg_denoiser.cpp:7:0)
INFO: [HLS 214-186] Unrolling loop 'INIT_WIN12_OC' (src/ecg_denoiser.cpp:45:9) in function 'conv_layer01234_fused' completely with a factor of 128 (src/ecg_denoiser.cpp:7:0)
INFO: [HLS 214-186] Unrolling loop 'INIT_WIN01_K' (src/ecg_denoiser.cpp:33:5) in function 'conv_layer01234_fused' completely with a factor of 7 (src/ecg_denoiser.cpp:7:0)
INFO: [HLS 214-186] Unrolling loop 'INIT_WIN01_OC' (src/ecg_denoiser.cpp:36:9) in function 'conv_layer01234_fused' completely with a factor of 64 (src/ecg_denoiser.cpp:7:0)
INFO: [HLS 214-178] Inlining function 'relu(ap_fixed<32, 16, (ap_q_mode)5, (ap_o_mode)3, 0>)' into 'conv_layer01234_fused(ap_fixed<32, 16, (ap_q_mode)5, (ap_o_mode)3, 0>*, ap_fixed<32, 16, (ap_q_mode)5, (ap_o_mode)3, 0> (*) [1])' (src/ecg_denoiser.cpp:7:0)
INFO: [HLS 214-178] Inlining function 'ap_fixed_base<32, 16, true, (ap_q_mode)5, (ap_o_mode)3, 0>::ap_fixed_base(double)' into 'ecg_denoiser(hls::stream<hls::axis<ap_uint<32>, 1ul, 1ul, 1ul>, 0>&, hls::stream<hls::axis<ap_uint<32>, 1ul, 1ul, 1ul>, 0>&)' (src/ecg_denoiser.cpp:227:0)
INFO: [HLS 214-178] Inlining function 'hls::sqrt(float)' into 'ecg_denoiser(hls::stream<hls::axis<ap_uint<32>, 1ul, 1ul, 1ul>, 0>&, hls::stream<hls::axis<ap_uint<32>, 1ul, 1ul, 1ul>, 0>&)' (src/ecg_denoiser.cpp:227:0)
INFO: [HLS 214-248] Applying array_partition to 'win01': Complete partitioning on dimension 1. (src/ecg_denoiser.cpp:16:9)
INFO: [HLS 214-248] Applying array_partition to 'win12': Complete partitioning on dimension 1. (src/ecg_denoiser.cpp:20:9)
INFO: [HLS 214-248] Applying array_partition to 'win23': Complete partitioning on dimension 1. Cyclic partitioning with factor 2 on dimension 2. (src/ecg_denoiser.cpp:24:9)
INFO: [HLS 214-248] Applying array_partition to 'win34': Complete partitioning on dimension 1. Cyclic partitioning with factor 2 on dimension 2. (src/ecg_denoiser.cpp:28:9)
INFO: [HLS 214-248] Applying array_partition to 'l0_out': Cyclic partitioning with factor 2 on dimension 1. (src/ecg_denoiser.cpp:73:16)
INFO: [HLS 214-248] Applying array_partition to 'l1_out': Cyclic partitioning with factor 2 on dimension 1. (src/ecg_denoiser.cpp:103:16)
INFO: [HLS 214-248] Applying array_partition to 'l2_out': Cyclic partitioning with factor 2 on dimension 1. (src/ecg_denoiser.cpp:138:16)
INFO: [HLS 214-248] Applying array_partition to 'l3_out': Cyclic partitioning with factor 2 on dimension 1. (src/ecg_denoiser.cpp:173:16)
INFO: [HLS 214-248] Applying array_partition to 'input_buf': Cyclic partitioning with factor 2 on dimension 1. (src/ecg_denoiser.cpp:232:9)
INFO: [HLS 214-248] Applying array_partition to 'norm_buf': Cyclic partitioning with factor 2 on dimension 1. (src/ecg_denoiser.cpp:233:12)
INFO: [HLS 214-248] Applying array_partition to 'buf4': Complete partitioning on dimension 2. (src/ecg_denoiser.cpp:234:12)
INFO-FLOW: DBG:PUTS: copy_raw_kernel_xml ap_link_39: kernel.xml not generated: C:/ecg_hls/ecg_denoiser_ip/solution1/.autopilot/db/kernel.internal.xml
INFO: [HLS 200-111] Finished Compiling Optimization and Transform: CPU user time: 2 seconds. CPU system time: 1 seconds. Elapsed time: 94.855 seconds; current allocated memory: 121.422 MB.
INFO: [HLS 200-111] Finished Checking Pragmas: CPU user time: 0 seconds. CPU system time: 0 seconds. Elapsed time: 0.005 seconds; current allocated memory: 121.520 MB.
Execute       opt_and_import_c a -opt_level=2 -skip_syncheck=0 -ng=0 -keep_printf=0 
Execute         cleanup_all_models 
INFO: [HLS 200-10] Starting code transformations ...
INFO-FLOW: Running Standard Transforms...
Execute         transform -hls -share-std-xform -demangle-name -inline-byval-memcpy -always-inline -promote-dbg-pointer -interface-preproc -mem2reg -scalarrepl -mem2reg -keep-read-access -instcombine -dce -promote-dbg-pointer -bitop-raise -loop-simplify -indvarspre -indvars -loop-simplify -xunroll -constprop -instcombine -simplifycfg -indvars -simplifycfg -dce -globaldce -basicaa -simplifycfg -mem2reg -globalopt -global-constprop -deadargelim -instcombine -simplifycfg -scalarrepl -instcombine -reassociate -licm -simplifycfg -loop-simplify -indvars -instcombine -simplifycfg -mem2reg -loop-simplify -indvars -instcombine -gvn -gvn -instcombine -adce -break-crit-edges -simplifycfg -loop-delete -global-array-opt -dce -dse -adce -find-syn-modules -top ecg_denoiser -deadargelim -mem2reg -instcombine -dce -presyn-prepare -auto-rom-infer -interface-preproc -syn-check -check-rec-only -find-region -simplifycfg -func-extr -function-inline -globaldce -mem2reg -instcombine -dce -gvn -globaldce -adce -adse -constprop -instcombine -bit-constprop -instcombine -dce -simplifycfg -bitop-raise -simplifycfg -dce -loop-delete -reassociate -globalopt -global-privatize -mem2reg -dce -global-constprop -pointer-simplify -constprop -dce -auto-shift-reg-idiom -promote-dbg-pointer -norm-name C:/ecg_hls/ecg_denoiser_ip/solution1/.autopilot/db/a.g.0.bc -o C:/ecg_hls/ecg_denoiser_ip/solution1/.autopilot/db/a.g.1.bc -f -phase std-opt 
Command         transform done; 85.84 sec.
INFO: [HLS 200-111] Finished Standard Transforms: CPU user time: 83 seconds. CPU system time: 2 seconds. Elapsed time: 85.886 seconds; current allocated memory: 204.809 MB.
INFO: [HLS 200-10] Checking synthesizability ...
INFO-FLOW: Checking Synthesizability 1/2..
Execute         transform -hls -syn-check -check-rec-only -scalarrepl -norm-name -dce -mem2reg -instcombine -directive-preproc -mem2reg -dse -dce -auto-rom-infer -dce -pag -array-normalize -instcombine -dce -array-seg-normalize -instcombine -dce -data-pack -instcombine -dce -inst-simplify -array-flatten -instcombine -dce -array-burst -dce -deadargelim -promote-global-argument -simplifycfg -mem2reg -globaldce -dce -deadargelim -dce -instcombine -function-inline -globaldce -dce -doublePtrSimplify -doublePtrElim -dce -doublePtrSimplify -promote-dbg-pointer -dce -scalarrepl -dse -adse -instcombine -ptrLegalization -simplifycfg -dce -instcombine -pointer-simplify -ptrArgReplace -dce -instcombine -resolve-double-ptr -scalarrepl -norm-name -dce -mem2reg -instcombine -ptrLegalization -simplifycfg -deadargelim -instcombine -dce -inst-simplify -directive-preproc -mem2reg -dse -dce -globaldce C:/ecg_hls/ecg_denoiser_ip/solution1/.autopilot/db/a.g.1.bc -o C:/ecg_hls/ecg_denoiser_ip/solution1/.autopilot/db/a.g.2.prechk.bc -f 
Command         transform done; 77.668 sec.
INFO-FLOW: Checking Synthesizability 2/2..
Execute         transform -syn-check C:/ecg_hls/ecg_denoiser_ip/solution1/.autopilot/db/a.g.2.prechk.bc -o C:/ecg_hls/ecg_denoiser_ip/solution1/.autopilot/db/a.g.2.bc -f -phase syn-check 
WARNING: [SYNCHK 200-120] C:/Xilinx/Vitis_HLS/2022.2/common/technology/autopilot\ap_fixed_base.h:1273: multiplication is assumed not to overflow by default, otherwise, please add option '-fwrapv'.
WARNING: [SYNCHK 200-23] C:/Xilinx/Vitis_HLS/2022.2/common/technology/autopilot\ap_fixed_base.h:1102: variable-indexed range selection may cause suboptimal QoR.
INFO: [SYNCHK 200-10] 0 error(s), 2 warning(s).
Command         transform done; 0.191 sec.
INFO: [HLS 200-111] Finished Checking Synthesizability: CPU user time: 74 seconds. CPU system time: 2 seconds. Elapsed time: 77.879 seconds; current allocated memory: 217.582 MB.
INFO-FLOW: Compiler optimizing ...
INFO-FLOW: Share syncheck's 1.bc for syn flow: copy C:/ecg_hls/ecg_denoiser_ip/solution1/.autopilot/db/a.g.1.bc to C:/ecg_hls/ecg_denoiser_ip/solution1/.autopilot/db/a.o.1.bc
INFO-FLOW: Presyn 1...
Execute         transform -hls -tmp C:/ecg_hls/ecg_denoiser_ip/solution1/.autopilot/db -interface-port-rename -directive-preproc -mem2reg -dse -dce -scalarrepl -norm-name -deadargelim -mem2reg -instcombine -dce -simplifycfg -auto-rom-infer -dce -resource-proc -clib-intrinsic-prepare -dce -func-buffer -dce -pag -array-normalize -func-legal -instcombine -gvn -constprop -dce -simplifycfg -mem2reg -globaldce -resolve-double-ptr -dce -deadargelim -dce -instcombine -ptrArgReplace -mem2reg -dce -array-seg-normalize -deadargelim -instcombine -dce -directive-preproc -mem2reg -dse -dce -pointer-simplify -dce -port-alignment -dce -interface-preproc -data-pack -instcombine -dce -basicaa -aggr-aa -aggrmodref-aa -aggr-aa -gvn -gvn -basicaa -aggr-aa -aggrmodref-aa -aggr-aa -dse -adse -adce -loop-simplify -indvars -instcombine -gvn -loop-simplify -mem2reg -dce -find-region -instcombine -auto-loop-pipeline -inst-simplify -interface-preproc -cfgopt -instcombine -indvars -auto-loop-unroll -loop-simplify -loop-bound -xunroll -constprop -instcombine -simplifycfg -indvars -simplifycfg -dce -globaldce -clean-region -attach-range -gvn -inst-simplify -constprop -simplifycfg -dce -pointer-simplify -dce -globalopt -constprop -dce -array-promote -scalar-auto-dep-elim -constprop -dce -ptrArgReplace -mem2reg -simplifycfg -dce -instcombine -dce -array-transform-check -array-reshape -instcombine -simplifycfg -dce -ptrArgReplace -deadargelim -mem2reg -instcombine -simplifycfg -dce -indvars -loop-simplify -loop-bound -xunroll -constprop -instcombine -simplifycfg -indvars -simplifycfg -dce -globaldce -basicaa -aggr-aa -aggrmodref-aa -aggr-aa -dse -duplicate-dataflow-processes -globaldce -instcombine -array-partition -prepare-dynamic-array-partition -instcombine -simplifycfg -dce -ptrArgReplace -global-constprop -deadargelim -mem2reg -func-legal -dce -global-constprop -deadargelim -mem2reg -simplifycfg -dce -merge-param -deadargelim -globalopt -constprop -dce -array-promote -scalar-auto-dep-elim -constprop -dce -ptrArgReplace -mem2reg -simplifycfg -dce -mem-intrinsic-preproc -dce -global-internalize -global-privatize -mem2reg -globaldce -promote-global-argument -ptrArgReplace -mem2reg -dce -globalopt -mergereturn -simplify-global-access -mem2reg -dce -pointer-simplify -dce -functionattrs -basicaa -aggr-aa -aggrmodref-aa -aggr-aa -gvn -gvn -basicaa -aggr-aa -aggrmodref-aa -aggr-aa -dse -adse -adce -dce -norm-name -basicaa -aggr-aa -aggrmodref-aa -aggr-aa -accesses-merge -function-inline -complex-op-raise -inst-simplify -globaldce -func-legal -dce -loop-bound -arraycheck -bitwidthmin2 -bitwidthmin2 -on-by-dataflow -loop-delete -instcombine -simplifycfg -globaldce -dce -gvn -deadargelim -dce -loop-simplify -clean-region -simplifycfg -propagate-stable-arguments -loop-stream -instcombine -simplifycfg -dce -globaldce -duplicate-dataflow-processes -stream-intrinsic-preproc -dce -check-ap-stream -loop-simplify -eliminate-keepreads -extract-dataflow-in-loop -loop-simplify -dce -gvn -deadargelim -dse -duplicate-dataflow-processes -check-dataflow-syntax -legalize-stream-variable -globaldce -legalize-global -extract-subproc -dce -dead-channel-elimination -canonicalize-gep -globaldce -dce -gvn -hls-dead-arg-elim -deadargelim -directive-preproc -canonicalize-dataflow -dce -globaldce -scalar-preprocessing -scalar-propagation2 -deadargelim -globaldce -mem2reg -check-dataflow-channels -function-stream -dce -globaldce -prop-fifo-spec -internal-stream-gen -canonicalize-gep -globaldce -dce -gvn -deadargelim -mergereturn -indvars -loop-simplify -instcombine -array-stream -array-seg-normalize -array-partition -func-legal -instcombine -simplifycfg -dce -bundle-memfifo-ops -deadargelim -directive-preproc -mem2reg -dse -dce -group-axi-access -licm -simplifycfg -dce -loop-delete -hls-display -norm-name C:/ecg_hls/ecg_denoiser_ip/solution1/.autopilot/db/a.o.1.bc -o C:/ecg_hls/ecg_denoiser_ip/solution1/.autopilot/db/a.o.1.tmp.bc -f 
Command         transform done; 86.776 sec.
INFO-FLOW: Presyn 2...
Execute         transform -hls -keep-callgraph -scalarrepl -mem2reg -port-alignment -attach-range -dce -pipe-mux-gen -indvars -loop-bound -inst-simplify -instcombine -dce -merge-array-access -mem2reg -dce -clean-region -mergereturn -if-conv -instcombine -dce -constprop -basicaa -aggr-aa -aggrmodref-aa -aggr-aa -gvn -gvn -basicaa -aggr-aa -aggrmodref-aa -aggr-aa -dse -adse -adce -scalarrepl -mem2reg -global-constprop -deadargelim -deadargelim -instcombine -dce -simplifycfg -ptrArgReplace -mem2reg -function-inline -globaldce -mem2reg -instcombine -dce -expr-balance -instcombine -dce -bitwidthmin2 -bitwidthmin2 -interface-preproc -directive-preproc -inst-rectify -instcombine -dce -functionattrs -constprop -instcombine -bit-constprop -simplify-global-access -globalopt -globaldce -inst-simplify -instcombine -elimdeaddata -dce -loop-delete -simplifycfg -loop-simplify -barrier -norm-name C:/ecg_hls/ecg_denoiser_ip/solution1/.autopilot/db/a.o.1.tmp.bc -o C:/ecg_hls/ecg_denoiser_ip/solution1/.autopilot/db/a.o.2.bc -f -phase presyn 
INFO: [XFORM 203-401] Performing if-conversion on hyperblock to (src/ecg_denoiser.cpp:272:5) in function 'ecg_denoiser'... converting 16 basic blocks.
INFO: [XFORM 203-401] Performing if-conversion on hyperblock from (src/ecg_denoiser.cpp:80:9) to (src/ecg_denoiser.cpp:79:13) in function 'conv_layer01234_fused'... converting 3 basic blocks.
Command         transform done; 1.156 sec.
INFO: [HLS 200-111] Finished Loop, function and other optimizations: CPU user time: 84 seconds. CPU system time: 3 seconds. Elapsed time: 87.939 seconds; current allocated memory: 262.047 MB.
INFO-FLOW: Building ssdm...
Execute         transform -hls -auto-function-inline -globaldce -ptrArgReplace -mem2reg -dce -reset-lda -loop-simplify -indvars -aggr-aa -licm -loop-dep -loop-bound -licm -loop-simplify -loop-sink-hoist -flattenloopnest -array-flatten -gvn -instcombine -dce -array-map -dce -func-legal -gvn -adce -instcombine -cfgopt -simplifycfg -loop-simplify -array-burst -promote-global-argument -dce -array-seg-normalize -basicaa -aggrmodref-aa -globalsmodref-aa -aggr-aa -gvn -gvn -basicaa -aggrmodref-aa -globalsmodref-aa -aggr-aa -dse -adse -adce -licm -inst-simplify -dce -globaldce -instcombine -array-stream -eliminate-keepreads -instcombine -dce -deadargelim -doublePtrSimplify -doublePtrElim -dce -doublePtrSimplify -promote-dbg-pointer -dce -scalarrepl -mem2reg -norm-name -mem2reg -instcombine -dse -adse -adce -ptrLegalization -dce -auto-rom-infer -array-flatten -dce -instcombine -check-doubleptr -loop-rot -constprop -cfgopt -simplifycfg -loop-simplify -indvars -pointer-simplify -dce -loop-bound -loop-simplify -loop-preproc -constprop -global-constprop -gvn -mem2reg -instcombine -dce -loop-bound -loop-merge -dce -deadargelim -dce -canonicalize-dataflow -dce -deadargelim -globaldce -mem2reg -bram-byte-enable -load-elim -read-loop-dep -loop-simplify -loop-extract-inner -directive-preproc -bitwidthmin2 -bitwidthmin2 -read-loop-dep -interface-preproc -directive-preproc -interface-gen -bram-byte-enable-spec-prop -deadargelim -inst-simplify -dce -gvn -mem2reg -instcombine -dce -adse -loop-bound -instcombine -cfgopt -simplifycfg -loop-simplify -clean-region -io-protocol -find-region -mem2reg -bitop-raise -complex-op-raise -inst-simplify -inst-rectify -instcombine -adce -deadargelim -float-op-raise -loop-simplify -phi-opt -bitop-raise -cfgopt -simplifycfg -strip-dead-prototypes -interface-lower -bitop-lower -intrinsic-lower -auto-function-inline -basicaa -aggrmodref-aa -globalsmodref-aa -aggr-aa -inst-simplify -simplifycfg -loop-simplify -mergereturn -inst-simplify -inst-rectify -dce -load-elim -bitop-lower -float-op-raise -fma-raise -loop-rewind -pointer-simplify -dce -cfgopt -dce -loop-bound -loop-dep -read-loop-dep -dce -dyn-mem-reuse -dce -recurrence-min -dce -share-scalar-alloca -deadargelim -dce -check-stream -norm-name -legalize -validate-dataflow -inst-clarity -bitwidth -dump-loop-dep-to-ir -check-all-ssdm -cdfg-build C:/ecg_hls/ecg_denoiser_ip/solution1/.autopilot/db/a.o.2.bc -o C:/ecg_hls/ecg_denoiser_ip/solution1/.autopilot/db/a.o.3.bc -f -phase build-ssdm 
WARNING: [HLS 200-960] Cannot flatten loop 'L0_OC' (src/ecg_denoiser.cpp:76:18) in function 'conv_layer01234_fused' the outer loop is not a perfect loop because there is nontrivial logic before entering the inner loop.
INFO: [XFORM 203-541] Flattening a loop nest 'L1_IC' (src/ecg_denoiser.cpp:107:19) in function 'conv_layer01234_fused'.
WARNING: [HLS 200-960] Cannot flatten loop 'L1_OC_GROUP' (src/ecg_denoiser.cpp:106:18) in function 'conv_layer01234_fused' the outer loop is not a perfect loop because there is nontrivial logic in the loop latch.
INFO: [XFORM 203-541] Flattening a loop nest 'L2_IC' (src/ecg_denoiser.cpp:142:19) in function 'conv_layer01234_fused'.
WARNING: [HLS 200-960] Cannot flatten loop 'L2_OC_GROUP' (src/ecg_denoiser.cpp:141:18) in function 'conv_layer01234_fused' the outer loop is not a perfect loop because there is nontrivial logic in the loop latch.
INFO: [XFORM 203-541] Flattening a loop nest 'L3_IC' (src/ecg_denoiser.cpp:177:19) in function 'conv_layer01234_fused'.
WARNING: [HLS 200-960] Cannot flatten loop 'L3_OC_GROUP' (src/ecg_denoiser.cpp:176:18) in function 'conv_layer01234_fused' the outer loop is not a perfect loop because there is nontrivial logic in the loop latch.
INFO: [XFORM 203-541] Flattening a loop nest 'L4_IC' (src/ecg_denoiser.cpp:210:19) in function 'conv_layer01234_fused'.
WARNING: [HLS 200-960] Cannot flatten loop 'FUSED_T' (src/ecg_denoiser.cpp:73:16) in function 'conv_layer01234_fused' more than one sub loop.
INFO: [HLS 200-472] Inferring partial write operation for 'input_buf.V' 
INFO: [HLS 200-472] Inferring partial write operation for 'norm_buf.V' (src/ecg_denoiser.cpp:274:14)
INFO: [HLS 200-472] Inferring partial write operation for 'win01.V.1' (src/ecg_denoiser.cpp:38:15)
INFO: [HLS 200-472] Inferring partial write operation for 'win12.V.1' (src/ecg_denoiser.cpp:47:15)
INFO: [HLS 200-472] Inferring partial write operation for 'win23.V.2' (src/ecg_denoiser.cpp:56:15)
INFO: [HLS 200-472] Inferring partial write operation for 'win34.V.2' (src/ecg_denoiser.cpp:65:15)
INFO: [HLS 200-472] Inferring partial write operation for 'l0_out.V' (src/ecg_denoiser.cpp:85:24)
INFO: [HLS 200-472] Inferring partial write operation for 'win01.V.1' (src/ecg_denoiser.cpp:93:15)
INFO: [HLS 200-472] Inferring partial write operation for 'win01.V.5' (src/ecg_denoiser.cpp:99:24)
INFO: [HLS 200-472] Inferring partial write operation for 'l1_out.V' (src/ecg_denoiser.cpp:119:31)
INFO: [HLS 200-472] Inferring partial write operation for 'l1_out.V.1' (src/ecg_denoiser.cpp:120:31)
INFO: [HLS 200-472] Inferring partial write operation for 'win12.V.1' (src/ecg_denoiser.cpp:128:15)
INFO: [HLS 200-472] Inferring partial write operation for 'win12.V.3' (src/ecg_denoiser.cpp:134:24)
INFO: [HLS 200-472] Inferring partial write operation for 'l2_out.V' (src/ecg_denoiser.cpp:154:31)
INFO: [HLS 200-472] Inferring partial write operation for 'l2_out.V.1' (src/ecg_denoiser.cpp:155:31)
INFO: [HLS 200-472] Inferring partial write operation for 'win23.V.2' (src/ecg_denoiser.cpp:163:15)
INFO: [HLS 200-472] Inferring partial write operation for 'win23.V.4' (src/ecg_denoiser.cpp:169:24)
INFO: [HLS 200-472] Inferring partial write operation for 'l3_out.V' (src/ecg_denoiser.cpp:189:31)
INFO: [HLS 200-472] Inferring partial write operation for 'l3_out.V.1' (src/ecg_denoiser.cpp:190:31)
INFO: [HLS 200-472] Inferring partial write operation for 'win34.V.2' (src/ecg_denoiser.cpp:198:15)
INFO: [HLS 200-472] Inferring partial write operation for 'win34.V.10' (src/ecg_denoiser.cpp:204:24)
INFO: [HLS 200-472] Inferring partial write operation for 'out' (src/ecg_denoiser.cpp:220:24)
Command         transform done; 17.823 sec.
INFO: [HLS 200-111] Finished Architecture Synthesis: CPU user time: 17 seconds. CPU system time: 0 seconds. Elapsed time: 17.826 seconds; current allocated memory: 452.465 MB.
INFO-FLOW: Finish building internal data model.
Command       opt_and_import_c done; 269.554 sec.
Command     elaborate done; 469.243 sec.
Execute     ap_eval exec zip -j C:/ecg_hls/ecg_denoiser_ip/solution1/.autopilot/db/dut.hcp $dbDir/a.o.3.bc $dbDir/${topname}.rtl_wrap.cfg.tcl $dbDir/apatb_${topname}.cpp $dbDir/apatb_${topname}_util.cpp $dbDir/apatb_${topname}_ir.ll $dbDir/mapper_${topname}.cpp $dbDir/top-io-fe.xml $dbDir/kernel.internal.xml $workdir/../hls.app 
Command     ap_eval done; 0.305 sec.
Execute     autosyn -from_csynth_design=1 
INFO: [HLS 200-10] Starting hardware synthesis ...
INFO-FLOW: Synthesizing C/C++ design ...
INFO: [HLS 200-10] Synthesizing 'ecg_denoiser' ...
Execute       ap_set_top_model ecg_denoiser 
Execute       get_model_list ecg_denoiser -filter all-wo-channel -topdown 
Execute       preproc_iomode -model ecg_denoiser 
Execute       preproc_iomode -model ecg_denoiser_Pipeline_WRITE_OUTPUT 
Execute       preproc_iomode -model conv_layer01234_fused 
Execute       preproc_iomode -model conv_layer01234_fused_Pipeline_L4_IC_L4_K 
Execute       preproc_iomode -model conv_layer01234_fused_Pipeline_L3_IC_L3_K 
Execute       preproc_iomode -model conv_layer01234_fused_Pipeline_L2_IC_L2_K 
Execute       preproc_iomode -model conv_layer01234_fused_Pipeline_L1_IC_L1_K 
Execute       preproc_iomode -model conv_layer01234_fused_Pipeline_L0_K 
Execute       preproc_iomode -model ecg_denoiser_Pipeline_ZNORM_APPLY 
Execute       preproc_iomode -model ecg_denoiser_Pipeline_ZNORM_VAR 
Execute       preproc_iomode -model ecg_denoiser_Pipeline_ZNORM_MEAN 
Execute       preproc_iomode -model ecg_denoiser_Pipeline_READ_INPUT 
Execute       get_model_list ecg_denoiser -filter all-wo-channel 
INFO-FLOW: Model list for configure: ecg_denoiser_Pipeline_READ_INPUT ecg_denoiser_Pipeline_ZNORM_MEAN ecg_denoiser_Pipeline_ZNORM_VAR ecg_denoiser_Pipeline_ZNORM_APPLY conv_layer01234_fused_Pipeline_L0_K conv_layer01234_fused_Pipeline_L1_IC_L1_K conv_layer01234_fused_Pipeline_L2_IC_L2_K conv_layer01234_fused_Pipeline_L3_IC_L3_K conv_layer01234_fused_Pipeline_L4_IC_L4_K conv_layer01234_fused ecg_denoiser_Pipeline_WRITE_OUTPUT ecg_denoiser
INFO-FLOW: Configuring Module : ecg_denoiser_Pipeline_READ_INPUT ...
Execute       set_default_model ecg_denoiser_Pipeline_READ_INPUT 
Execute       apply_spec_resource_limit ecg_denoiser_Pipeline_READ_INPUT 
INFO-FLOW: Configuring Module : ecg_denoiser_Pipeline_ZNORM_MEAN ...
Execute       set_default_model ecg_denoiser_Pipeline_ZNORM_MEAN 
Execute       apply_spec_resource_limit ecg_denoiser_Pipeline_ZNORM_MEAN 
INFO-FLOW: Configuring Module : ecg_denoiser_Pipeline_ZNORM_VAR ...
Execute       set_default_model ecg_denoiser_Pipeline_ZNORM_VAR 
Execute       apply_spec_resource_limit ecg_denoiser_Pipeline_ZNORM_VAR 
INFO-FLOW: Configuring Module : ecg_denoiser_Pipeline_ZNORM_APPLY ...
Execute       set_default_model ecg_denoiser_Pipeline_ZNORM_APPLY 
Execute       apply_spec_resource_limit ecg_denoiser_Pipeline_ZNORM_APPLY 
INFO-FLOW: Configuring Module : conv_layer01234_fused_Pipeline_L0_K ...
Execute       set_default_model conv_layer01234_fused_Pipeline_L0_K 
Execute       apply_spec_resource_limit conv_layer01234_fused_Pipeline_L0_K 
INFO-FLOW: Configuring Module : conv_layer01234_fused_Pipeline_L1_IC_L1_K ...
Execute       set_default_model conv_layer01234_fused_Pipeline_L1_IC_L1_K 
Execute       apply_spec_resource_limit conv_layer01234_fused_Pipeline_L1_IC_L1_K 
INFO-FLOW: Configuring Module : conv_layer01234_fused_Pipeline_L2_IC_L2_K ...
Execute       set_default_model conv_layer01234_fused_Pipeline_L2_IC_L2_K 
Execute       apply_spec_resource_limit conv_layer01234_fused_Pipeline_L2_IC_L2_K 
INFO-FLOW: Configuring Module : conv_layer01234_fused_Pipeline_L3_IC_L3_K ...
Execute       set_default_model conv_layer01234_fused_Pipeline_L3_IC_L3_K 
Execute       apply_spec_resource_limit conv_layer01234_fused_Pipeline_L3_IC_L3_K 
INFO-FLOW: Configuring Module : conv_layer01234_fused_Pipeline_L4_IC_L4_K ...
Execute       set_default_model conv_layer01234_fused_Pipeline_L4_IC_L4_K 
Execute       apply_spec_resource_limit conv_layer01234_fused_Pipeline_L4_IC_L4_K 
INFO-FLOW: Configuring Module : conv_layer01234_fused ...
Execute       set_default_model conv_layer01234_fused 
Execute       apply_spec_resource_limit conv_layer01234_fused 
INFO-FLOW: Configuring Module : ecg_denoiser_Pipeline_WRITE_OUTPUT ...
Execute       set_default_model ecg_denoiser_Pipeline_WRITE_OUTPUT 
Execute       apply_spec_resource_limit ecg_denoiser_Pipeline_WRITE_OUTPUT 
INFO-FLOW: Configuring Module : ecg_denoiser ...
Execute       set_default_model ecg_denoiser 
Execute       apply_spec_resource_limit ecg_denoiser 
INFO-FLOW: Model list for preprocess: ecg_denoiser_Pipeline_READ_INPUT ecg_denoiser_Pipeline_ZNORM_MEAN ecg_denoiser_Pipeline_ZNORM_VAR ecg_denoiser_Pipeline_ZNORM_APPLY conv_layer01234_fused_Pipeline_L0_K conv_layer01234_fused_Pipeline_L1_IC_L1_K conv_layer01234_fused_Pipeline_L2_IC_L2_K conv_layer01234_fused_Pipeline_L3_IC_L3_K conv_layer01234_fused_Pipeline_L4_IC_L4_K conv_layer01234_fused ecg_denoiser_Pipeline_WRITE_OUTPUT ecg_denoiser
INFO-FLOW: Preprocessing Module: ecg_denoiser_Pipeline_READ_INPUT ...
Execute       set_default_model ecg_denoiser_Pipeline_READ_INPUT 
Execute       cdfg_preprocess -model ecg_denoiser_Pipeline_READ_INPUT 
Execute       rtl_gen_preprocess ecg_denoiser_Pipeline_READ_INPUT 
INFO-FLOW: Preprocessing Module: ecg_denoiser_Pipeline_ZNORM_MEAN ...
Execute       set_default_model ecg_denoiser_Pipeline_ZNORM_MEAN 
Execute       cdfg_preprocess -model ecg_denoiser_Pipeline_ZNORM_MEAN 
Execute       rtl_gen_preprocess ecg_denoiser_Pipeline_ZNORM_MEAN 
INFO-FLOW: Preprocessing Module: ecg_denoiser_Pipeline_ZNORM_VAR ...
Execute       set_default_model ecg_denoiser_Pipeline_ZNORM_VAR 
Execute       cdfg_preprocess -model ecg_denoiser_Pipeline_ZNORM_VAR 
Execute       rtl_gen_preprocess ecg_denoiser_Pipeline_ZNORM_VAR 
INFO-FLOW: Preprocessing Module: ecg_denoiser_Pipeline_ZNORM_APPLY ...
Execute       set_default_model ecg_denoiser_Pipeline_ZNORM_APPLY 
Execute       cdfg_preprocess -model ecg_denoiser_Pipeline_ZNORM_APPLY 
Execute       rtl_gen_preprocess ecg_denoiser_Pipeline_ZNORM_APPLY 
INFO-FLOW: Preprocessing Module: conv_layer01234_fused_Pipeline_L0_K ...
Execute       set_default_model conv_layer01234_fused_Pipeline_L0_K 
Execute       cdfg_preprocess -model conv_layer01234_fused_Pipeline_L0_K 
Execute       rtl_gen_preprocess conv_layer01234_fused_Pipeline_L0_K 
INFO-FLOW: Preprocessing Module: conv_layer01234_fused_Pipeline_L1_IC_L1_K ...
Execute       set_default_model conv_layer01234_fused_Pipeline_L1_IC_L1_K 
Execute       cdfg_preprocess -model conv_layer01234_fused_Pipeline_L1_IC_L1_K 
Execute       rtl_gen_preprocess conv_layer01234_fused_Pipeline_L1_IC_L1_K 
INFO-FLOW: Preprocessing Module: conv_layer01234_fused_Pipeline_L2_IC_L2_K ...
Execute       set_default_model conv_layer01234_fused_Pipeline_L2_IC_L2_K 
Execute       cdfg_preprocess -model conv_layer01234_fused_Pipeline_L2_IC_L2_K 
Execute       rtl_gen_preprocess conv_layer01234_fused_Pipeline_L2_IC_L2_K 
INFO-FLOW: Preprocessing Module: conv_layer01234_fused_Pipeline_L3_IC_L3_K ...
Execute       set_default_model conv_layer01234_fused_Pipeline_L3_IC_L3_K 
Execute       cdfg_preprocess -model conv_layer01234_fused_Pipeline_L3_IC_L3_K 
Execute       rtl_gen_preprocess conv_layer01234_fused_Pipeline_L3_IC_L3_K 
INFO-FLOW: Preprocessing Module: conv_layer01234_fused_Pipeline_L4_IC_L4_K ...
Execute       set_default_model conv_layer01234_fused_Pipeline_L4_IC_L4_K 
Execute       cdfg_preprocess -model conv_layer01234_fused_Pipeline_L4_IC_L4_K 
Execute       rtl_gen_preprocess conv_layer01234_fused_Pipeline_L4_IC_L4_K 
INFO-FLOW: Preprocessing Module: conv_layer01234_fused ...
Execute       set_default_model conv_layer01234_fused 
Execute       cdfg_preprocess -model conv_layer01234_fused 
Command       cdfg_preprocess done; 2.043 sec.
Execute       rtl_gen_preprocess conv_layer01234_fused 
INFO-FLOW: Preprocessing Module: ecg_denoiser_Pipeline_WRITE_OUTPUT ...
Execute       set_default_model ecg_denoiser_Pipeline_WRITE_OUTPUT 
Execute       cdfg_preprocess -model ecg_denoiser_Pipeline_WRITE_OUTPUT 
Execute       rtl_gen_preprocess ecg_denoiser_Pipeline_WRITE_OUTPUT 
INFO-FLOW: Preprocessing Module: ecg_denoiser ...
Execute       set_default_model ecg_denoiser 
Execute       cdfg_preprocess -model ecg_denoiser 
Execute       rtl_gen_preprocess ecg_denoiser 
INFO-FLOW: Model list for synthesis: ecg_denoiser_Pipeline_READ_INPUT ecg_denoiser_Pipeline_ZNORM_MEAN ecg_denoiser_Pipeline_ZNORM_VAR ecg_denoiser_Pipeline_ZNORM_APPLY conv_layer01234_fused_Pipeline_L0_K conv_layer01234_fused_Pipeline_L1_IC_L1_K conv_layer01234_fused_Pipeline_L2_IC_L2_K conv_layer01234_fused_Pipeline_L3_IC_L3_K conv_layer01234_fused_Pipeline_L4_IC_L4_K conv_layer01234_fused ecg_denoiser_Pipeline_WRITE_OUTPUT ecg_denoiser
INFO: [HLS 200-10] ----------------------------------------------------------------
INFO: [HLS 200-42] -- Implementing module 'ecg_denoiser_Pipeline_READ_INPUT' 
INFO: [HLS 200-10] ----------------------------------------------------------------
Execute       set_default_model ecg_denoiser_Pipeline_READ_INPUT 
Execute       schedule -model ecg_denoiser_Pipeline_READ_INPUT 
INFO: [SCHED 204-11] Starting scheduling ...
INFO: [SCHED 204-61] Pipelining loop 'READ_INPUT'.
INFO: [HLS 200-1470] Pipelining result : Target II = 1, Final II = 1, Depth = 1, loop 'READ_INPUT'
INFO: [SCHED 204-11] Finished scheduling.
Command       schedule done; 0.182 sec.
INFO: [HLS 200-111] Finished Scheduling: CPU user time: 2 seconds. CPU system time: 1 seconds. Elapsed time: 2.666 seconds; current allocated memory: 452.465 MB.
Execute       syn_report -verbosereport -o C:/ecg_hls/ecg_denoiser_ip/solution1/.autopilot/db/ecg_denoiser_Pipeline_READ_INPUT.verbose.sched.rpt 
Execute         AP::get_flow_target_display_name
Execute       db_write -o C:/ecg_hls/ecg_denoiser_ip/solution1/.autopilot/db/ecg_denoiser_Pipeline_READ_INPUT.sched.adb -f 
INFO-FLOW: Finish scheduling ecg_denoiser_Pipeline_READ_INPUT.
Execute       set_default_model ecg_denoiser_Pipeline_READ_INPUT 
Execute       bind -model ecg_denoiser_Pipeline_READ_INPUT 
INFO: [BIND 205-100] Starting micro-architecture generation ...
INFO: [BIND 205-101] Performing variable lifetime analysis.
INFO: [BIND 205-101] Exploring resource sharing.
INFO: [BIND 205-101] Binding ...
INFO: [BIND 205-100] Finished micro-architecture generation.
INFO: [HLS 200-111] Finished Binding: CPU user time: 0 seconds. CPU system time: 0 seconds. Elapsed time: 0.161 seconds; current allocated memory: 452.465 MB.
Execute       syn_report -verbosereport -o C:/ecg_hls/ecg_denoiser_ip/solution1/.autopilot/db/ecg_denoiser_Pipeline_READ_INPUT.verbose.bind.rpt 
Execute         AP::get_flow_target_display_name
Execute       db_write -o C:/ecg_hls/ecg_denoiser_ip/solution1/.autopilot/db/ecg_denoiser_Pipeline_READ_INPUT.bind.adb -f 
INFO-FLOW: Finish binding ecg_denoiser_Pipeline_READ_INPUT.
INFO: [HLS 200-10] ----------------------------------------------------------------
INFO: [HLS 200-42] -- Implementing module 'ecg_denoiser_Pipeline_ZNORM_MEAN' 
INFO: [HLS 200-10] ----------------------------------------------------------------
Execute       set_default_model ecg_denoiser_Pipeline_ZNORM_MEAN 
Execute       schedule -model ecg_denoiser_Pipeline_ZNORM_MEAN 
INFO: [SCHED 204-11] Starting scheduling ...
INFO: [SCHED 204-61] Pipelining loop 'ZNORM_MEAN'.
INFO: [HLS 200-1470] Pipelining result : Target II = 1, Final II = 1, Depth = 2, loop 'ZNORM_MEAN'
INFO: [SCHED 204-11] Finished scheduling.
INFO: [HLS 200-111] Finished Scheduling: CPU user time: 0 seconds. CPU system time: 0 seconds. Elapsed time: 0.181 seconds; current allocated memory: 452.465 MB.
Execute       syn_report -verbosereport -o C:/ecg_hls/ecg_denoiser_ip/solution1/.autopilot/db/ecg_denoiser_Pipeline_ZNORM_MEAN.verbose.sched.rpt 
Execute         AP::get_flow_target_display_name
Execute       db_write -o C:/ecg_hls/ecg_denoiser_ip/solution1/.autopilot/db/ecg_denoiser_Pipeline_ZNORM_MEAN.sched.adb -f 
INFO-FLOW: Finish scheduling ecg_denoiser_Pipeline_ZNORM_MEAN.
Execute       set_default_model ecg_denoiser_Pipeline_ZNORM_MEAN 
Execute       bind -model ecg_denoiser_Pipeline_ZNORM_MEAN 
INFO: [BIND 205-100] Starting micro-architecture generation ...
INFO: [BIND 205-101] Performing variable lifetime analysis.
INFO: [BIND 205-101] Exploring resource sharing.
INFO: [BIND 205-101] Binding ...
INFO: [BIND 205-100] Finished micro-architecture generation.
INFO: [HLS 200-111] Finished Binding: CPU user time: 0 seconds. CPU system time: 0 seconds. Elapsed time: 0.116 seconds; current allocated memory: 452.465 MB.
Execute       syn_report -verbosereport -o C:/ecg_hls/ecg_denoiser_ip/solution1/.autopilot/db/ecg_denoiser_Pipeline_ZNORM_MEAN.verbose.bind.rpt 
Execute         AP::get_flow_target_display_name
Execute       db_write -o C:/ecg_hls/ecg_denoiser_ip/solution1/.autopilot/db/ecg_denoiser_Pipeline_ZNORM_MEAN.bind.adb -f 
INFO-FLOW: Finish binding ecg_denoiser_Pipeline_ZNORM_MEAN.
INFO: [HLS 200-10] ----------------------------------------------------------------
INFO: [HLS 200-42] -- Implementing module 'ecg_denoiser_Pipeline_ZNORM_VAR' 
INFO: [HLS 200-10] ----------------------------------------------------------------
Execute       set_default_model ecg_denoiser_Pipeline_ZNORM_VAR 
Execute       schedule -model ecg_denoiser_Pipeline_ZNORM_VAR 
INFO: [SCHED 204-11] Starting scheduling ...
INFO: [SCHED 204-61] Pipelining loop 'ZNORM_VAR'.
INFO: [HLS 200-1470] Pipelining result : Target II = 1, Final II = 1, Depth = 4, loop 'ZNORM_VAR'
INFO: [SCHED 204-11] Finished scheduling.
INFO: [HLS 200-111] Finished Scheduling: CPU user time: 0 seconds. CPU system time: 0 seconds. Elapsed time: 0.177 seconds; current allocated memory: 452.465 MB.
Execute       syn_report -verbosereport -o C:/ecg_hls/ecg_denoiser_ip/solution1/.autopilot/db/ecg_denoiser_Pipeline_ZNORM_VAR.verbose.sched.rpt 
Execute         AP::get_flow_target_display_name
Execute       db_write -o C:/ecg_hls/ecg_denoiser_ip/solution1/.autopilot/db/ecg_denoiser_Pipeline_ZNORM_VAR.sched.adb -f 
INFO-FLOW: Finish scheduling ecg_denoiser_Pipeline_ZNORM_VAR.
Execute       set_default_model ecg_denoiser_Pipeline_ZNORM_VAR 
Execute       bind -model ecg_denoiser_Pipeline_ZNORM_VAR 
INFO: [BIND 205-100] Starting micro-architecture generation ...
INFO: [BIND 205-101] Performing variable lifetime analysis.
INFO: [BIND 205-101] Exploring resource sharing.
INFO: [BIND 205-101] Binding ...
INFO: [BIND 205-100] Finished micro-architecture generation.
INFO: [HLS 200-111] Finished Binding: CPU user time: 0 seconds. CPU system time: 0 seconds. Elapsed time: 0.137 seconds; current allocated memory: 452.465 MB.
Execute       syn_report -verbosereport -o C:/ecg_hls/ecg_denoiser_ip/solution1/.autopilot/db/ecg_denoiser_Pipeline_ZNORM_VAR.verbose.bind.rpt 
Execute         AP::get_flow_target_display_name
Execute       db_write -o C:/ecg_hls/ecg_denoiser_ip/solution1/.autopilot/db/ecg_denoiser_Pipeline_ZNORM_VAR.bind.adb -f 
INFO-FLOW: Finish binding ecg_denoiser_Pipeline_ZNORM_VAR.
INFO: [HLS 200-10] ----------------------------------------------------------------
INFO: [HLS 200-42] -- Implementing module 'ecg_denoiser_Pipeline_ZNORM_APPLY' 
INFO: [HLS 200-10] ----------------------------------------------------------------
Execute       set_default_model ecg_denoiser_Pipeline_ZNORM_APPLY 
Execute       schedule -model ecg_denoiser_Pipeline_ZNORM_APPLY 
INFO: [SCHED 204-11] Starting scheduling ...
INFO: [SCHED 204-61] Pipelining loop 'ZNORM_APPLY'.
INFO: [HLS 200-1470] Pipelining result : Target II = 1, Final II = 1, Depth = 3, loop 'ZNORM_APPLY'
INFO: [SCHED 204-11] Finished scheduling.
Command       schedule done; 0.12 sec.
INFO: [HLS 200-111] Finished Scheduling: CPU user time: 1 seconds. CPU system time: 0 seconds. Elapsed time: 0.239 seconds; current allocated memory: 452.465 MB.
Execute       syn_report -verbosereport -o C:/ecg_hls/ecg_denoiser_ip/solution1/.autopilot/db/ecg_denoiser_Pipeline_ZNORM_APPLY.verbose.sched.rpt 
Execute         AP::get_flow_target_display_name
Execute       db_write -o C:/ecg_hls/ecg_denoiser_ip/solution1/.autopilot/db/ecg_denoiser_Pipeline_ZNORM_APPLY.sched.adb -f 
INFO-FLOW: Finish scheduling ecg_denoiser_Pipeline_ZNORM_APPLY.
Execute       set_default_model ecg_denoiser_Pipeline_ZNORM_APPLY 
Execute       bind -model ecg_denoiser_Pipeline_ZNORM_APPLY 
INFO: [BIND 205-100] Starting micro-architecture generation ...
INFO: [BIND 205-101] Performing variable lifetime analysis.
INFO: [BIND 205-101] Exploring resource sharing.
INFO: [BIND 205-101] Binding ...
INFO: [BIND 205-100] Finished micro-architecture generation.
Command       bind done; 0.101 sec.
INFO: [HLS 200-111] Finished Binding: CPU user time: 0 seconds. CPU system time: 0 seconds. Elapsed time: 0.144 seconds; current allocated memory: 452.465 MB.
Execute       syn_report -verbosereport -o C:/ecg_hls/ecg_denoiser_ip/solution1/.autopilot/db/ecg_denoiser_Pipeline_ZNORM_APPLY.verbose.bind.rpt 
Execute         AP::get_flow_target_display_name
Execute       db_write -o C:/ecg_hls/ecg_denoiser_ip/solution1/.autopilot/db/ecg_denoiser_Pipeline_ZNORM_APPLY.bind.adb -f 
INFO-FLOW: Finish binding ecg_denoiser_Pipeline_ZNORM_APPLY.
INFO: [HLS 200-10] ----------------------------------------------------------------
INFO: [HLS 200-42] -- Implementing module 'conv_layer01234_fused_Pipeline_L0_K' 
INFO: [HLS 200-10] ----------------------------------------------------------------
Execute       set_default_model conv_layer01234_fused_Pipeline_L0_K 
Execute       schedule -model conv_layer01234_fused_Pipeline_L0_K 
INFO: [SCHED 204-11] Starting scheduling ...
INFO: [SCHED 204-61] Pipelining loop 'L0_K'.
INFO: [HLS 200-1470] Pipelining result : Target II = 1, Final II = 1, Depth = 4, loop 'L0_K'
INFO: [SCHED 204-11] Finished scheduling.
Command       schedule done; 0.126 sec.
INFO: [HLS 200-111] Finished Scheduling: CPU user time: 0 seconds. CPU system time: 0 seconds. Elapsed time: 0.243 seconds; current allocated memory: 452.465 MB.
Execute       syn_report -verbosereport -o C:/ecg_hls/ecg_denoiser_ip/solution1/.autopilot/db/conv_layer01234_fused_Pipeline_L0_K.verbose.sched.rpt 
Execute         AP::get_flow_target_display_name
Execute       db_write -o C:/ecg_hls/ecg_denoiser_ip/solution1/.autopilot/db/conv_layer01234_fused_Pipeline_L0_K.sched.adb -f 
INFO-FLOW: Finish scheduling conv_layer01234_fused_Pipeline_L0_K.
Execute       set_default_model conv_layer01234_fused_Pipeline_L0_K 
Execute       bind -model conv_layer01234_fused_Pipeline_L0_K 
INFO: [BIND 205-100] Starting micro-architecture generation ...
INFO: [BIND 205-101] Performing variable lifetime analysis.
INFO: [BIND 205-101] Exploring resource sharing.
INFO: [BIND 205-101] Binding ...
INFO: [BIND 205-100] Finished micro-architecture generation.
INFO: [HLS 200-111] Finished Binding: CPU user time: 0 seconds. CPU system time: 0 seconds. Elapsed time: 0.153 seconds; current allocated memory: 452.465 MB.
Execute       syn_report -verbosereport -o C:/ecg_hls/ecg_denoiser_ip/solution1/.autopilot/db/conv_layer01234_fused_Pipeline_L0_K.verbose.bind.rpt 
Execute         AP::get_flow_target_display_name
Execute       db_write -o C:/ecg_hls/ecg_denoiser_ip/solution1/.autopilot/db/conv_layer01234_fused_Pipeline_L0_K.bind.adb -f 
INFO-FLOW: Finish binding conv_layer01234_fused_Pipeline_L0_K.
INFO: [HLS 200-10] ----------------------------------------------------------------
INFO: [HLS 200-42] -- Implementing module 'conv_layer01234_fused_Pipeline_L1_IC_L1_K' 
INFO: [HLS 200-10] ----------------------------------------------------------------
Execute       set_default_model conv_layer01234_fused_Pipeline_L1_IC_L1_K 
Execute       schedule -model conv_layer01234_fused_Pipeline_L1_IC_L1_K 
INFO: [SCHED 204-11] Starting scheduling ...
INFO: [SCHED 204-61] Pipelining loop 'L1_IC_L1_K'.
INFO: [HLS 200-1470] Pipelining result : Target II = 1, Final II = 1, Depth = 5, loop 'L1_IC_L1_K'
INFO: [SCHED 204-11] Finished scheduling.
Command       schedule done; 0.141 sec.
INFO: [HLS 200-111] Finished Scheduling: CPU user time: 0 seconds. CPU system time: 0 seconds. Elapsed time: 0.27 seconds; current allocated memory: 452.465 MB.
Execute       syn_report -verbosereport -o C:/ecg_hls/ecg_denoiser_ip/solution1/.autopilot/db/conv_layer01234_fused_Pipeline_L1_IC_L1_K.verbose.sched.rpt 
Execute         AP::get_flow_target_display_name
Execute       db_write -o C:/ecg_hls/ecg_denoiser_ip/solution1/.autopilot/db/conv_layer01234_fused_Pipeline_L1_IC_L1_K.sched.adb -f 
INFO-FLOW: Finish scheduling conv_layer01234_fused_Pipeline_L1_IC_L1_K.
Execute       set_default_model conv_layer01234_fused_Pipeline_L1_IC_L1_K 
Execute       bind -model conv_layer01234_fused_Pipeline_L1_IC_L1_K 
INFO: [BIND 205-100] Starting micro-architecture generation ...
INFO: [BIND 205-101] Performing variable lifetime analysis.
INFO: [BIND 205-101] Exploring resource sharing.
INFO: [BIND 205-101] Binding ...
INFO: [BIND 205-100] Finished micro-architecture generation.
Command       bind done; 0.105 sec.
INFO: [HLS 200-111] Finished Binding: CPU user time: 0 seconds. CPU system time: 0 seconds. Elapsed time: 0.181 seconds; current allocated memory: 452.465 MB.
Execute       syn_report -verbosereport -o C:/ecg_hls/ecg_denoiser_ip/solution1/.autopilot/db/conv_layer01234_fused_Pipeline_L1_IC_L1_K.verbose.bind.rpt 
Execute         AP::get_flow_target_display_name
Execute       db_write -o C:/ecg_hls/ecg_denoiser_ip/solution1/.autopilot/db/conv_layer01234_fused_Pipeline_L1_IC_L1_K.bind.adb -f 
INFO-FLOW: Finish binding conv_layer01234_fused_Pipeline_L1_IC_L1_K.
INFO: [HLS 200-10] ----------------------------------------------------------------
INFO: [HLS 200-42] -- Implementing module 'conv_layer01234_fused_Pipeline_L2_IC_L2_K' 
INFO: [HLS 200-10] ----------------------------------------------------------------
Execute       set_default_model conv_layer01234_fused_Pipeline_L2_IC_L2_K 
Execute       schedule -model conv_layer01234_fused_Pipeline_L2_IC_L2_K 
INFO: [SCHED 204-11] Starting scheduling ...
INFO: [SCHED 204-61] Pipelining loop 'L2_IC_L2_K'.
INFO: [HLS 200-1470] Pipelining result : Target II = 1, Final II = 1, Depth = 4, loop 'L2_IC_L2_K'
INFO: [SCHED 204-11] Finished scheduling.
Command       schedule done; 0.154 sec.
INFO: [HLS 200-111] Finished Scheduling: CPU user time: 0 seconds. CPU system time: 0 seconds. Elapsed time: 0.331 seconds; current allocated memory: 452.465 MB.
Execute       syn_report -verbosereport -o C:/ecg_hls/ecg_denoiser_ip/solution1/.autopilot/db/conv_layer01234_fused_Pipeline_L2_IC_L2_K.verbose.sched.rpt 
Execute         AP::get_flow_target_display_name
Execute       db_write -o C:/ecg_hls/ecg_denoiser_ip/solution1/.autopilot/db/conv_layer01234_fused_Pipeline_L2_IC_L2_K.sched.adb -f 
INFO-FLOW: Finish scheduling conv_layer01234_fused_Pipeline_L2_IC_L2_K.
Execute       set_default_model conv_layer01234_fused_Pipeline_L2_IC_L2_K 
Execute       bind -model conv_layer01234_fused_Pipeline_L2_IC_L2_K 
INFO: [BIND 205-100] Starting micro-architecture generation ...
INFO: [BIND 205-101] Performing variable lifetime analysis.
INFO: [BIND 205-101] Exploring resource sharing.
INFO: [BIND 205-101] Binding ...
INFO: [BIND 205-100] Finished micro-architecture generation.
Command       bind done; 0.125 sec.
INFO: [HLS 200-111] Finished Binding: CPU user time: 1 seconds. CPU system time: 0 seconds. Elapsed time: 0.199 seconds; current allocated memory: 452.465 MB.
Execute       syn_report -verbosereport -o C:/ecg_hls/ecg_denoiser_ip/solution1/.autopilot/db/conv_layer01234_fused_Pipeline_L2_IC_L2_K.verbose.bind.rpt 
Execute         AP::get_flow_target_display_name
Execute       db_write -o C:/ecg_hls/ecg_denoiser_ip/solution1/.autopilot/db/conv_layer01234_fused_Pipeline_L2_IC_L2_K.bind.adb -f 
INFO-FLOW: Finish binding conv_layer01234_fused_Pipeline_L2_IC_L2_K.
INFO: [HLS 200-10] ----------------------------------------------------------------
INFO: [HLS 200-42] -- Implementing module 'conv_layer01234_fused_Pipeline_L3_IC_L3_K' 
INFO: [HLS 200-10] ----------------------------------------------------------------
Execute       set_default_model conv_layer01234_fused_Pipeline_L3_IC_L3_K 
Execute       schedule -model conv_layer01234_fused_Pipeline_L3_IC_L3_K 
INFO: [SCHED 204-11] Starting scheduling ...
INFO: [SCHED 204-61] Pipelining loop 'L3_IC_L3_K'.
INFO: [HLS 200-1470] Pipelining result : Target II = 1, Final II = 1, Depth = 4, loop 'L3_IC_L3_K'
INFO: [SCHED 204-11] Finished scheduling.
Command       schedule done; 0.204 sec.
INFO: [HLS 200-111] Finished Scheduling: CPU user time: 0 seconds. CPU system time: 0 seconds. Elapsed time: 0.393 seconds; current allocated memory: 452.465 MB.
Execute       syn_report -verbosereport -o C:/ecg_hls/ecg_denoiser_ip/solution1/.autopilot/db/conv_layer01234_fused_Pipeline_L3_IC_L3_K.verbose.sched.rpt 
Execute         AP::get_flow_target_display_name
Execute       db_write -o C:/ecg_hls/ecg_denoiser_ip/solution1/.autopilot/db/conv_layer01234_fused_Pipeline_L3_IC_L3_K.sched.adb -f 
INFO-FLOW: Finish scheduling conv_layer01234_fused_Pipeline_L3_IC_L3_K.
Execute       set_default_model conv_layer01234_fused_Pipeline_L3_IC_L3_K 
Execute       bind -model conv_layer01234_fused_Pipeline_L3_IC_L3_K 
INFO: [BIND 205-100] Starting micro-architecture generation ...
INFO: [BIND 205-101] Performing variable lifetime analysis.
INFO: [BIND 205-101] Exploring resource sharing.
INFO: [BIND 205-101] Binding ...
INFO: [BIND 205-100] Finished micro-architecture generation.
Command       bind done; 0.111 sec.
INFO: [HLS 200-111] Finished Binding: CPU user time: 0 seconds. CPU system time: 0 seconds. Elapsed time: 0.182 seconds; current allocated memory: 452.465 MB.
Execute       syn_report -verbosereport -o C:/ecg_hls/ecg_denoiser_ip/solution1/.autopilot/db/conv_layer01234_fused_Pipeline_L3_IC_L3_K.verbose.bind.rpt 
Execute         AP::get_flow_target_display_name
Command       syn_report done; 0.109 sec.
Execute       db_write -o C:/ecg_hls/ecg_denoiser_ip/solution1/.autopilot/db/conv_layer01234_fused_Pipeline_L3_IC_L3_K.bind.adb -f 
INFO-FLOW: Finish binding conv_layer01234_fused_Pipeline_L3_IC_L3_K.
INFO: [HLS 200-10] ----------------------------------------------------------------
INFO: [HLS 200-42] -- Implementing module 'conv_layer01234_fused_Pipeline_L4_IC_L4_K' 
INFO: [HLS 200-10] ----------------------------------------------------------------
Execute       set_default_model conv_layer01234_fused_Pipeline_L4_IC_L4_K 
Execute       schedule -model conv_layer01234_fused_Pipeline_L4_IC_L4_K 
INFO: [SCHED 204-11] Starting scheduling ...
INFO: [SCHED 204-61] Pipelining loop 'L4_IC_L4_K'.
INFO: [HLS 200-1470] Pipelining result : Target II = 1, Final II = 1, Depth = 4, loop 'L4_IC_L4_K'
INFO: [SCHED 204-11] Finished scheduling.
Command       schedule done; 0.154 sec.
INFO: [HLS 200-111] Finished Scheduling: CPU user time: 0 seconds. CPU system time: 0 seconds. Elapsed time: 0.34 seconds; current allocated memory: 452.465 MB.
Execute       syn_report -verbosereport -o C:/ecg_hls/ecg_denoiser_ip/solution1/.autopilot/db/conv_layer01234_fused_Pipeline_L4_IC_L4_K.verbose.sched.rpt 
Execute         AP::get_flow_target_display_name
Execute       db_write -o C:/ecg_hls/ecg_denoiser_ip/solution1/.autopilot/db/conv_layer01234_fused_Pipeline_L4_IC_L4_K.sched.adb -f 
INFO-FLOW: Finish scheduling conv_layer01234_fused_Pipeline_L4_IC_L4_K.
Execute       set_default_model conv_layer01234_fused_Pipeline_L4_IC_L4_K 
Execute       bind -model conv_layer01234_fused_Pipeline_L4_IC_L4_K 
INFO: [BIND 205-100] Starting micro-architecture generation ...
INFO: [BIND 205-101] Performing variable lifetime analysis.
INFO: [BIND 205-101] Exploring resource sharing.
INFO: [BIND 205-101] Binding ...
INFO: [BIND 205-100] Finished micro-architecture generation.
Command       bind done; 0.113 sec.
INFO: [HLS 200-111] Finished Binding: CPU user time: 0 seconds. CPU system time: 0 seconds. Elapsed time: 0.186 seconds; current allocated memory: 452.465 MB.
Execute       syn_report -verbosereport -o C:/ecg_hls/ecg_denoiser_ip/solution1/.autopilot/db/conv_layer01234_fused_Pipeline_L4_IC_L4_K.verbose.bind.rpt 
Execute         AP::get_flow_target_display_name
Execute       db_write -o C:/ecg_hls/ecg_denoiser_ip/solution1/.autopilot/db/conv_layer01234_fused_Pipeline_L4_IC_L4_K.bind.adb -f 
INFO-FLOW: Finish binding conv_layer01234_fused_Pipeline_L4_IC_L4_K.
INFO: [HLS 200-10] ----------------------------------------------------------------
INFO: [HLS 200-42] -- Implementing module 'conv_layer01234_fused' 
INFO: [HLS 200-10] ----------------------------------------------------------------
Execute       set_default_model conv_layer01234_fused 
Execute       schedule -model conv_layer01234_fused 
INFO: [SCHED 204-11] Starting scheduling ...
INFO: [SCHED 204-11] Finished scheduling.
Command       schedule done; 6.034 sec.
INFO: [HLS 200-111] Finished Scheduling: CPU user time: 6 seconds. CPU system time: 0 seconds. Elapsed time: 6.213 seconds; current allocated memory: 452.465 MB.
Execute       syn_report -verbosereport -o C:/ecg_hls/ecg_denoiser_ip/solution1/.autopilot/db/conv_layer01234_fused.verbose.sched.rpt 
Execute         AP::get_flow_target_display_name
Command       syn_report done; 2.004 sec.
Execute       db_write -o C:/ecg_hls/ecg_denoiser_ip/solution1/.autopilot/db/conv_layer01234_fused.sched.adb -f 
Command       db_write done; 0.665 sec.
INFO-FLOW: Finish scheduling conv_layer01234_fused.
Execute       set_default_model conv_layer01234_fused 
Execute       bind -model conv_layer01234_fused 
INFO: [BIND 205-100] Starting micro-architecture generation ...
INFO: [BIND 205-101] Performing variable lifetime analysis.
INFO: [BIND 205-101] Exploring resource sharing.
INFO: [BIND 205-101] Binding ...
INFO: [BIND 205-100] Finished micro-architecture generation.
Command       bind done; 1.786 sec.
INFO: [HLS 200-111] Finished Binding: CPU user time: 4 seconds. CPU system time: 0 seconds. Elapsed time: 4.455 seconds; current allocated memory: 452.465 MB.
Execute       syn_report -verbosereport -o C:/ecg_hls/ecg_denoiser_ip/solution1/.autopilot/db/conv_layer01234_fused.verbose.bind.rpt 
Execute         AP::get_flow_target_display_name
Command       syn_report done; 1.498 sec.
Execute       db_write -o C:/ecg_hls/ecg_denoiser_ip/solution1/.autopilot/db/conv_layer01234_fused.bind.adb -f 
Command       db_write done; 1.014 sec.
INFO-FLOW: Finish binding conv_layer01234_fused.
INFO: [HLS 200-10] ----------------------------------------------------------------
INFO: [HLS 200-42] -- Implementing module 'ecg_denoiser_Pipeline_WRITE_OUTPUT' 
INFO: [HLS 200-10] ----------------------------------------------------------------
Execute       set_default_model ecg_denoiser_Pipeline_WRITE_OUTPUT 
Execute       schedule -model ecg_denoiser_Pipeline_WRITE_OUTPUT 
INFO: [SCHED 204-11] Starting scheduling ...
INFO: [SCHED 204-61] Pipelining loop 'WRITE_OUTPUT'.
INFO: [HLS 200-1470] Pipelining result : Target II = 1, Final II = 1, Depth = 2, loop 'WRITE_OUTPUT'
INFO: [SCHED 204-11] Finished scheduling.
INFO: [HLS 200-111] Finished Scheduling: CPU user time: 2 seconds. CPU system time: 1 seconds. Elapsed time: 2.669 seconds; current allocated memory: 452.465 MB.
Execute       syn_report -verbosereport -o C:/ecg_hls/ecg_denoiser_ip/solution1/.autopilot/db/ecg_denoiser_Pipeline_WRITE_OUTPUT.verbose.sched.rpt 
Execute         AP::get_flow_target_display_name
Execute       db_write -o C:/ecg_hls/ecg_denoiser_ip/solution1/.autopilot/db/ecg_denoiser_Pipeline_WRITE_OUTPUT.sched.adb -f 
INFO-FLOW: Finish scheduling ecg_denoiser_Pipeline_WRITE_OUTPUT.
Execute       set_default_model ecg_denoiser_Pipeline_WRITE_OUTPUT 
Execute       bind -model ecg_denoiser_Pipeline_WRITE_OUTPUT 
INFO: [BIND 205-100] Starting micro-architecture generation ...
INFO: [BIND 205-101] Performing variable lifetime analysis.
INFO: [BIND 205-101] Exploring resource sharing.
INFO: [BIND 205-101] Binding ...
INFO: [BIND 205-100] Finished micro-architecture generation.
Command       bind done; 0.108 sec.
INFO: [HLS 200-111] Finished Binding: CPU user time: 1 seconds. CPU system time: 0 seconds. Elapsed time: 0.133 seconds; current allocated memory: 452.465 MB.
Execute       syn_report -verbosereport -o C:/ecg_hls/ecg_denoiser_ip/solution1/.autopilot/db/ecg_denoiser_Pipeline_WRITE_OUTPUT.verbose.bind.rpt 
Execute         AP::get_flow_target_display_name
Execute       db_write -o C:/ecg_hls/ecg_denoiser_ip/solution1/.autopilot/db/ecg_denoiser_Pipeline_WRITE_OUTPUT.bind.adb -f 
INFO-FLOW: Finish binding ecg_denoiser_Pipeline_WRITE_OUTPUT.
INFO: [HLS 200-10] ----------------------------------------------------------------
INFO: [HLS 200-42] -- Implementing module 'ecg_denoiser' 
INFO: [HLS 200-10] ----------------------------------------------------------------
Execute       set_default_model ecg_denoiser 
Execute       schedule -model ecg_denoiser 
INFO: [SCHED 204-11] Starting scheduling ...
INFO: [SCHED 204-11] Finished scheduling.
Command       schedule done; 0.25 sec.
INFO: [HLS 200-111] Finished Scheduling: CPU user time: 0 seconds. CPU system time: 0 seconds. Elapsed time: 0.334 seconds; current allocated memory: 452.465 MB.
Execute       syn_report -verbosereport -o C:/ecg_hls/ecg_denoiser_ip/solution1/.autopilot/db/ecg_denoiser.verbose.sched.rpt 
Execute         AP::get_flow_target_display_name
Command       syn_report done; 0.309 sec.
Execute       db_write -o C:/ecg_hls/ecg_denoiser_ip/solution1/.autopilot/db/ecg_denoiser.sched.adb -f 
INFO-FLOW: Finish scheduling ecg_denoiser.
Execute       set_default_model ecg_denoiser 
Execute       bind -model ecg_denoiser 
INFO: [BIND 205-100] Starting micro-architecture generation ...
INFO: [BIND 205-101] Performing variable lifetime analysis.
INFO: [BIND 205-101] Exploring resource sharing.
INFO: [BIND 205-101] Binding ...
INFO: [BIND 205-100] Finished micro-architecture generation.
Command       bind done; 0.436 sec.
INFO: [HLS 200-111] Finished Binding: CPU user time: 0 seconds. CPU system time: 0 seconds. Elapsed time: 0.772 seconds; current allocated memory: 452.465 MB.
Execute       syn_report -verbosereport -o C:/ecg_hls/ecg_denoiser_ip/solution1/.autopilot/db/ecg_denoiser.verbose.bind.rpt 
Execute         AP::get_flow_target_display_name
Command       syn_report done; 0.839 sec.
Execute       db_write -o C:/ecg_hls/ecg_denoiser_ip/solution1/.autopilot/db/ecg_denoiser.bind.adb -f 
INFO-FLOW: Finish binding ecg_denoiser.
Execute       get_model_list ecg_denoiser -filter all-wo-channel 
INFO-FLOW: Preprocessing for RTLGen ...
Execute       rtl_gen_preprocess ecg_denoiser_Pipeline_READ_INPUT 
Execute       rtl_gen_preprocess ecg_denoiser_Pipeline_ZNORM_MEAN 
Execute       rtl_gen_preprocess ecg_denoiser_Pipeline_ZNORM_VAR 
Execute       rtl_gen_preprocess ecg_denoiser_Pipeline_ZNORM_APPLY 
Execute       rtl_gen_preprocess conv_layer01234_fused_Pipeline_L0_K 
Execute       rtl_gen_preprocess conv_layer01234_fused_Pipeline_L1_IC_L1_K 
Execute       rtl_gen_preprocess conv_layer01234_fused_Pipeline_L2_IC_L2_K 
Execute       rtl_gen_preprocess conv_layer01234_fused_Pipeline_L3_IC_L3_K 
Execute       rtl_gen_preprocess conv_layer01234_fused_Pipeline_L4_IC_L4_K 
Execute       rtl_gen_preprocess conv_layer01234_fused 
Execute       rtl_gen_preprocess ecg_denoiser_Pipeline_WRITE_OUTPUT 
Execute       rtl_gen_preprocess ecg_denoiser 
INFO-FLOW: Model list for RTL generation: ecg_denoiser_Pipeline_READ_INPUT ecg_denoiser_Pipeline_ZNORM_MEAN ecg_denoiser_Pipeline_ZNORM_VAR ecg_denoiser_Pipeline_ZNORM_APPLY conv_layer01234_fused_Pipeline_L0_K conv_layer01234_fused_Pipeline_L1_IC_L1_K conv_layer01234_fused_Pipeline_L2_IC_L2_K conv_layer01234_fused_Pipeline_L3_IC_L3_K conv_layer01234_fused_Pipeline_L4_IC_L4_K conv_layer01234_fused ecg_denoiser_Pipeline_WRITE_OUTPUT ecg_denoiser
INFO: [HLS 200-10] ----------------------------------------------------------------
INFO: [HLS 200-10] -- Generating RTL for module 'ecg_denoiser_Pipeline_READ_INPUT' 
INFO: [HLS 200-10] ----------------------------------------------------------------
Execute       create_rtl_model ecg_denoiser_Pipeline_READ_INPUT -top_prefix ecg_denoiser_ -sub_prefix ecg_denoiser_ -mg_file C:/ecg_hls/ecg_denoiser_ip/solution1/.autopilot/db/ecg_denoiser_Pipeline_READ_INPUT.compgen.tcl 
INFO: [RTGEN 206-100] Finished creating RTL model for 'ecg_denoiser_Pipeline_READ_INPUT'.
INFO: [HLS 200-111] Finished Creating RTL model: CPU user time: 1 seconds. CPU system time: 0 seconds. Elapsed time: 1.033 seconds; current allocated memory: 452.465 MB.
Execute       source C:/ecg_hls/ecg_denoiser_ip/solution1/.autopilot/db/ecg_denoiser.rtl_wrap.cfg.tcl 
Execute       gen_rtl ecg_denoiser_Pipeline_READ_INPUT -style xilinx -f -lang vhdl -o C:/ecg_hls/ecg_denoiser_ip/solution1/syn/vhdl/ecg_denoiser_ecg_denoiser_Pipeline_READ_INPUT 
Execute       gen_rtl ecg_denoiser_Pipeline_READ_INPUT -style xilinx -f -lang vlog -o C:/ecg_hls/ecg_denoiser_ip/solution1/syn/verilog/ecg_denoiser_ecg_denoiser_Pipeline_READ_INPUT 
Execute       syn_report -csynth -model ecg_denoiser_Pipeline_READ_INPUT -o C:/ecg_hls/ecg_denoiser_ip/solution1/syn/report/ecg_denoiser_Pipeline_READ_INPUT_csynth.rpt 
Execute         AP::get_flow_target_display_name
Execute       syn_report -rtlxml -model ecg_denoiser_Pipeline_READ_INPUT -o C:/ecg_hls/ecg_denoiser_ip/solution1/syn/report/ecg_denoiser_Pipeline_READ_INPUT_csynth.xml 
Execute       syn_report -verbosereport -model ecg_denoiser_Pipeline_READ_INPUT -o C:/ecg_hls/ecg_denoiser_ip/solution1/.autopilot/db/ecg_denoiser_Pipeline_READ_INPUT.verbose.rpt 
Execute         AP::get_flow_target_display_name
Execute       db_write -model ecg_denoiser_Pipeline_READ_INPUT -f -o C:/ecg_hls/ecg_denoiser_ip/solution1/.autopilot/db/ecg_denoiser_Pipeline_READ_INPUT.adb 
Execute       db_write -model ecg_denoiser_Pipeline_READ_INPUT -bindview -o C:/ecg_hls/ecg_denoiser_ip/solution1/.autopilot/db/design.bindinfo.xml 
Execute       gen_tb_info ecg_denoiser_Pipeline_READ_INPUT -p C:/ecg_hls/ecg_denoiser_ip/solution1/.autopilot/db -o C:/ecg_hls/ecg_denoiser_ip/solution1/.autopilot/db/ecg_denoiser_Pipeline_READ_INPUT 
INFO: [HLS 200-10] ----------------------------------------------------------------
INFO: [HLS 200-10] -- Generating RTL for module 'ecg_denoiser_Pipeline_ZNORM_MEAN' 
INFO: [HLS 200-10] ----------------------------------------------------------------
Execute       create_rtl_model ecg_denoiser_Pipeline_ZNORM_MEAN -top_prefix ecg_denoiser_ -sub_prefix ecg_denoiser_ -mg_file C:/ecg_hls/ecg_denoiser_ip/solution1/.autopilot/db/ecg_denoiser_Pipeline_ZNORM_MEAN.compgen.tcl 
INFO: [HLS 200-1030] Apply Unified Pipeline Control on module 'ecg_denoiser_Pipeline_ZNORM_MEAN' pipeline 'ZNORM_MEAN' pipeline type 'loop pipeline'
INFO: [RTGEN 206-100] Generating core module 'mux_21_32_1_1': 1 instance(s).
INFO: [RTGEN 206-100] Finished creating RTL model for 'ecg_denoiser_Pipeline_ZNORM_MEAN'.
INFO: [HLS 200-111] Finished Creating RTL model: CPU user time: 0 seconds. CPU system time: 0 seconds. Elapsed time: 0.249 seconds; current allocated memory: 452.465 MB.
Execute       source C:/ecg_hls/ecg_denoiser_ip/solution1/.autopilot/db/ecg_denoiser.rtl_wrap.cfg.tcl 
Execute       gen_rtl ecg_denoiser_Pipeline_ZNORM_MEAN -style xilinx -f -lang vhdl -o C:/ecg_hls/ecg_denoiser_ip/solution1/syn/vhdl/ecg_denoiser_ecg_denoiser_Pipeline_ZNORM_MEAN 
Execute       gen_rtl ecg_denoiser_Pipeline_ZNORM_MEAN -style xilinx -f -lang vlog -o C:/ecg_hls/ecg_denoiser_ip/solution1/syn/verilog/ecg_denoiser_ecg_denoiser_Pipeline_ZNORM_MEAN 
Execute       syn_report -csynth -model ecg_denoiser_Pipeline_ZNORM_MEAN -o C:/ecg_hls/ecg_denoiser_ip/solution1/syn/report/ecg_denoiser_Pipeline_ZNORM_MEAN_csynth.rpt 
Execute         AP::get_flow_target_display_name
Execute       syn_report -rtlxml -model ecg_denoiser_Pipeline_ZNORM_MEAN -o C:/ecg_hls/ecg_denoiser_ip/solution1/syn/report/ecg_denoiser_Pipeline_ZNORM_MEAN_csynth.xml 
Execute       syn_report -verbosereport -model ecg_denoiser_Pipeline_ZNORM_MEAN -o C:/ecg_hls/ecg_denoiser_ip/solution1/.autopilot/db/ecg_denoiser_Pipeline_ZNORM_MEAN.verbose.rpt 
Execute         AP::get_flow_target_display_name
Execute       db_write -model ecg_denoiser_Pipeline_ZNORM_MEAN -f -o C:/ecg_hls/ecg_denoiser_ip/solution1/.autopilot/db/ecg_denoiser_Pipeline_ZNORM_MEAN.adb 
Execute       db_write -model ecg_denoiser_Pipeline_ZNORM_MEAN -bindview -o C:/ecg_hls/ecg_denoiser_ip/solution1/.autopilot/db/design.bindinfo.xml 
Execute       gen_tb_info ecg_denoiser_Pipeline_ZNORM_MEAN -p C:/ecg_hls/ecg_denoiser_ip/solution1/.autopilot/db -o C:/ecg_hls/ecg_denoiser_ip/solution1/.autopilot/db/ecg_denoiser_Pipeline_ZNORM_MEAN 
INFO: [HLS 200-10] ----------------------------------------------------------------
INFO: [HLS 200-10] -- Generating RTL for module 'ecg_denoiser_Pipeline_ZNORM_VAR' 
INFO: [HLS 200-10] ----------------------------------------------------------------
Execute       create_rtl_model ecg_denoiser_Pipeline_ZNORM_VAR -top_prefix ecg_denoiser_ -sub_prefix ecg_denoiser_ -mg_file C:/ecg_hls/ecg_denoiser_ip/solution1/.autopilot/db/ecg_denoiser_Pipeline_ZNORM_VAR.compgen.tcl 
INFO: [HLS 200-1030] Apply Unified Pipeline Control on module 'ecg_denoiser_Pipeline_ZNORM_VAR' pipeline 'ZNORM_VAR' pipeline type 'loop pipeline'
INFO: [RTGEN 206-100] Generating core module 'mul_40s_40s_72_1_1': 1 instance(s).
INFO: [RTGEN 206-100] Generating core module 'mux_21_32_1_1': 1 instance(s).
INFO: [RTGEN 206-100] Finished creating RTL model for 'ecg_denoiser_Pipeline_ZNORM_VAR'.
Command       create_rtl_model done; 0.107 sec.
INFO: [HLS 200-111] Finished Creating RTL model: CPU user time: 1 seconds. CPU system time: 0 seconds. Elapsed time: 0.277 seconds; current allocated memory: 452.465 MB.
Execute       source C:/ecg_hls/ecg_denoiser_ip/solution1/.autopilot/db/ecg_denoiser.rtl_wrap.cfg.tcl 
Execute       gen_rtl ecg_denoiser_Pipeline_ZNORM_VAR -style xilinx -f -lang vhdl -o C:/ecg_hls/ecg_denoiser_ip/solution1/syn/vhdl/ecg_denoiser_ecg_denoiser_Pipeline_ZNORM_VAR 
Execute       gen_rtl ecg_denoiser_Pipeline_ZNORM_VAR -style xilinx -f -lang vlog -o C:/ecg_hls/ecg_denoiser_ip/solution1/syn/verilog/ecg_denoiser_ecg_denoiser_Pipeline_ZNORM_VAR 
Execute       syn_report -csynth -model ecg_denoiser_Pipeline_ZNORM_VAR -o C:/ecg_hls/ecg_denoiser_ip/solution1/syn/report/ecg_denoiser_Pipeline_ZNORM_VAR_csynth.rpt 
Execute         AP::get_flow_target_display_name
Execute       syn_report -rtlxml -model ecg_denoiser_Pipeline_ZNORM_VAR -o C:/ecg_hls/ecg_denoiser_ip/solution1/syn/report/ecg_denoiser_Pipeline_ZNORM_VAR_csynth.xml 
Execute       syn_report -verbosereport -model ecg_denoiser_Pipeline_ZNORM_VAR -o C:/ecg_hls/ecg_denoiser_ip/solution1/.autopilot/db/ecg_denoiser_Pipeline_ZNORM_VAR.verbose.rpt 
Execute         AP::get_flow_target_display_name
Execute       db_write -model ecg_denoiser_Pipeline_ZNORM_VAR -f -o C:/ecg_hls/ecg_denoiser_ip/solution1/.autopilot/db/ecg_denoiser_Pipeline_ZNORM_VAR.adb 
Execute       db_write -model ecg_denoiser_Pipeline_ZNORM_VAR -bindview -o C:/ecg_hls/ecg_denoiser_ip/solution1/.autopilot/db/design.bindinfo.xml 
Execute       gen_tb_info ecg_denoiser_Pipeline_ZNORM_VAR -p C:/ecg_hls/ecg_denoiser_ip/solution1/.autopilot/db -o C:/ecg_hls/ecg_denoiser_ip/solution1/.autopilot/db/ecg_denoiser_Pipeline_ZNORM_VAR 
INFO: [HLS 200-10] ----------------------------------------------------------------
INFO: [HLS 200-10] -- Generating RTL for module 'ecg_denoiser_Pipeline_ZNORM_APPLY' 
INFO: [HLS 200-10] ----------------------------------------------------------------
Execute       create_rtl_model ecg_denoiser_Pipeline_ZNORM_APPLY -top_prefix ecg_denoiser_ -sub_prefix ecg_denoiser_ -mg_file C:/ecg_hls/ecg_denoiser_ip/solution1/.autopilot/db/ecg_denoiser_Pipeline_ZNORM_APPLY.compgen.tcl 
INFO: [HLS 200-1030] Apply Unified Pipeline Control on module 'ecg_denoiser_Pipeline_ZNORM_APPLY' pipeline 'ZNORM_APPLY' pipeline type 'loop pipeline'
INFO: [RTGEN 206-100] Generating core module 'mul_33s_32s_48_1_1': 1 instance(s).
INFO: [RTGEN 206-100] Generating core module 'mux_21_32_1_1': 1 instance(s).
INFO: [RTGEN 206-100] Finished creating RTL model for 'ecg_denoiser_Pipeline_ZNORM_APPLY'.
INFO: [HLS 200-111] Finished Creating RTL model: CPU user time: 0 seconds. CPU system time: 0 seconds. Elapsed time: 0.288 seconds; current allocated memory: 452.465 MB.
Execute       source C:/ecg_hls/ecg_denoiser_ip/solution1/.autopilot/db/ecg_denoiser.rtl_wrap.cfg.tcl 
Execute       gen_rtl ecg_denoiser_Pipeline_ZNORM_APPLY -style xilinx -f -lang vhdl -o C:/ecg_hls/ecg_denoiser_ip/solution1/syn/vhdl/ecg_denoiser_ecg_denoiser_Pipeline_ZNORM_APPLY 
Execute       gen_rtl ecg_denoiser_Pipeline_ZNORM_APPLY -style xilinx -f -lang vlog -o C:/ecg_hls/ecg_denoiser_ip/solution1/syn/verilog/ecg_denoiser_ecg_denoiser_Pipeline_ZNORM_APPLY 
Execute       syn_report -csynth -model ecg_denoiser_Pipeline_ZNORM_APPLY -o C:/ecg_hls/ecg_denoiser_ip/solution1/syn/report/ecg_denoiser_Pipeline_ZNORM_APPLY_csynth.rpt 
Execute         AP::get_flow_target_display_name
Execute       syn_report -rtlxml -model ecg_denoiser_Pipeline_ZNORM_APPLY -o C:/ecg_hls/ecg_denoiser_ip/solution1/syn/report/ecg_denoiser_Pipeline_ZNORM_APPLY_csynth.xml 
Execute       syn_report -verbosereport -model ecg_denoiser_Pipeline_ZNORM_APPLY -o C:/ecg_hls/ecg_denoiser_ip/solution1/.autopilot/db/ecg_denoiser_Pipeline_ZNORM_APPLY.verbose.rpt 
Execute         AP::get_flow_target_display_name
Execute       db_write -model ecg_denoiser_Pipeline_ZNORM_APPLY -f -o C:/ecg_hls/ecg_denoiser_ip/solution1/.autopilot/db/ecg_denoiser_Pipeline_ZNORM_APPLY.adb 
Execute       db_write -model ecg_denoiser_Pipeline_ZNORM_APPLY -bindview -o C:/ecg_hls/ecg_denoiser_ip/solution1/.autopilot/db/design.bindinfo.xml 
Execute       gen_tb_info ecg_denoiser_Pipeline_ZNORM_APPLY -p C:/ecg_hls/ecg_denoiser_ip/solution1/.autopilot/db -o C:/ecg_hls/ecg_denoiser_ip/solution1/.autopilot/db/ecg_denoiser_Pipeline_ZNORM_APPLY 
INFO: [HLS 200-10] ----------------------------------------------------------------
INFO: [HLS 200-10] -- Generating RTL for module 'conv_layer01234_fused_Pipeline_L0_K' 
INFO: [HLS 200-10] ----------------------------------------------------------------
Execute       create_rtl_model conv_layer01234_fused_Pipeline_L0_K -top_prefix ecg_denoiser_ -sub_prefix ecg_denoiser_ -mg_file C:/ecg_hls/ecg_denoiser_ip/solution1/.autopilot/db/conv_layer01234_fused_Pipeline_L0_K.compgen.tcl 
INFO: [HLS 200-1030] Apply Unified Pipeline Control on module 'conv_layer01234_fused_Pipeline_L0_K' pipeline 'L0_K' pipeline type 'loop pipeline'
INFO: [RTGEN 206-100] Generating core module 'mul_24s_40s_63_1_1': 1 instance(s).
INFO: [RTGEN 206-100] Generating core module 'mux_21_32_1_1': 1 instance(s).
INFO: [RTGEN 206-100] Finished creating RTL model for 'conv_layer01234_fused_Pipeline_L0_K'.
INFO: [RTMG 210-279] Implementing memory 'ecg_denoiser_conv_layer01234_fused_Pipeline_L0_K_denoiser_w_L0_W_V_ROM_NP_LUTRAM_1R' using distributed ROMs.
Command       create_rtl_model done; 0.142 sec.
INFO: [HLS 200-111] Finished Creating RTL model: CPU user time: 0 seconds. CPU system time: 0 seconds. Elapsed time: 0.346 seconds; current allocated memory: 452.465 MB.
Execute       source C:/ecg_hls/ecg_denoiser_ip/solution1/.autopilot/db/ecg_denoiser.rtl_wrap.cfg.tcl 
Execute       gen_rtl conv_layer01234_fused_Pipeline_L0_K -style xilinx -f -lang vhdl -o C:/ecg_hls/ecg_denoiser_ip/solution1/syn/vhdl/ecg_denoiser_conv_layer01234_fused_Pipeline_L0_K 
Execute       gen_rtl conv_layer01234_fused_Pipeline_L0_K -style xilinx -f -lang vlog -o C:/ecg_hls/ecg_denoiser_ip/solution1/syn/verilog/ecg_denoiser_conv_layer01234_fused_Pipeline_L0_K 
Execute       syn_report -csynth -model conv_layer01234_fused_Pipeline_L0_K -o C:/ecg_hls/ecg_denoiser_ip/solution1/syn/report/conv_layer01234_fused_Pipeline_L0_K_csynth.rpt 
Execute         AP::get_flow_target_display_name
Execute       syn_report -rtlxml -model conv_layer01234_fused_Pipeline_L0_K -o C:/ecg_hls/ecg_denoiser_ip/solution1/syn/report/conv_layer01234_fused_Pipeline_L0_K_csynth.xml 
Execute       syn_report -verbosereport -model conv_layer01234_fused_Pipeline_L0_K -o C:/ecg_hls/ecg_denoiser_ip/solution1/.autopilot/db/conv_layer01234_fused_Pipeline_L0_K.verbose.rpt 
Execute         AP::get_flow_target_display_name
Execute       db_write -model conv_layer01234_fused_Pipeline_L0_K -f -o C:/ecg_hls/ecg_denoiser_ip/solution1/.autopilot/db/conv_layer01234_fused_Pipeline_L0_K.adb 
Execute       db_write -model conv_layer01234_fused_Pipeline_L0_K -bindview -o C:/ecg_hls/ecg_denoiser_ip/solution1/.autopilot/db/design.bindinfo.xml 
Execute       gen_tb_info conv_layer01234_fused_Pipeline_L0_K -p C:/ecg_hls/ecg_denoiser_ip/solution1/.autopilot/db -o C:/ecg_hls/ecg_denoiser_ip/solution1/.autopilot/db/conv_layer01234_fused_Pipeline_L0_K 
INFO: [HLS 200-10] ----------------------------------------------------------------
INFO: [HLS 200-10] -- Generating RTL for module 'conv_layer01234_fused_Pipeline_L1_IC_L1_K' 
INFO: [HLS 200-10] ----------------------------------------------------------------
Execute       create_rtl_model conv_layer01234_fused_Pipeline_L1_IC_L1_K -top_prefix ecg_denoiser_ -sub_prefix ecg_denoiser_ -mg_file C:/ecg_hls/ecg_denoiser_ip/solution1/.autopilot/db/conv_layer01234_fused_Pipeline_L1_IC_L1_K.compgen.tcl 
INFO: [HLS 200-1030] Apply Unified Pipeline Control on module 'conv_layer01234_fused_Pipeline_L1_IC_L1_K' pipeline 'L1_IC_L1_K' pipeline type 'loop pipeline'
INFO: [RTGEN 206-100] Generating core module 'mul_23s_40s_62_1_1': 2 instance(s).
INFO: [RTGEN 206-100] Generating core module 'mux_73_32_1_1': 1 instance(s).
INFO: [RTGEN 206-100] Finished creating RTL model for 'conv_layer01234_fused_Pipeline_L1_IC_L1_K'.
INFO: [RTMG 210-279] Implementing memory 'ecg_denoiser_conv_layer01234_fused_Pipeline_L1_IC_L1_K_denoiser_w_L1_W_V_ROM_NP_BRAM_1R' using block ROMs.
Command       create_rtl_model done; 0.24 sec.
INFO: [HLS 200-111] Finished Creating RTL model: CPU user time: 0 seconds. CPU system time: 0 seconds. Elapsed time: 0.509 seconds; current allocated memory: 459.000 MB.
Execute       source C:/ecg_hls/ecg_denoiser_ip/solution1/.autopilot/db/ecg_denoiser.rtl_wrap.cfg.tcl 
Execute       gen_rtl conv_layer01234_fused_Pipeline_L1_IC_L1_K -style xilinx -f -lang vhdl -o C:/ecg_hls/ecg_denoiser_ip/solution1/syn/vhdl/ecg_denoiser_conv_layer01234_fused_Pipeline_L1_IC_L1_K 
Execute       gen_rtl conv_layer01234_fused_Pipeline_L1_IC_L1_K -style xilinx -f -lang vlog -o C:/ecg_hls/ecg_denoiser_ip/solution1/syn/verilog/ecg_denoiser_conv_layer01234_fused_Pipeline_L1_IC_L1_K 
Execute       syn_report -csynth -model conv_layer01234_fused_Pipeline_L1_IC_L1_K -o C:/ecg_hls/ecg_denoiser_ip/solution1/syn/report/conv_layer01234_fused_Pipeline_L1_IC_L1_K_csynth.rpt 
Execute         AP::get_flow_target_display_name
Execute       syn_report -rtlxml -model conv_layer01234_fused_Pipeline_L1_IC_L1_K -o C:/ecg_hls/ecg_denoiser_ip/solution1/syn/report/conv_layer01234_fused_Pipeline_L1_IC_L1_K_csynth.xml 
Execute       syn_report -verbosereport -model conv_layer01234_fused_Pipeline_L1_IC_L1_K -o C:/ecg_hls/ecg_denoiser_ip/solution1/.autopilot/db/conv_layer01234_fused_Pipeline_L1_IC_L1_K.verbose.rpt 
Execute         AP::get_flow_target_display_name
Execute       db_write -model conv_layer01234_fused_Pipeline_L1_IC_L1_K -f -o C:/ecg_hls/ecg_denoiser_ip/solution1/.autopilot/db/conv_layer01234_fused_Pipeline_L1_IC_L1_K.adb 
Execute       db_write -model conv_layer01234_fused_Pipeline_L1_IC_L1_K -bindview -o C:/ecg_hls/ecg_denoiser_ip/solution1/.autopilot/db/design.bindinfo.xml 
Execute       gen_tb_info conv_layer01234_fused_Pipeline_L1_IC_L1_K -p C:/ecg_hls/ecg_denoiser_ip/solution1/.autopilot/db -o C:/ecg_hls/ecg_denoiser_ip/solution1/.autopilot/db/conv_layer01234_fused_Pipeline_L1_IC_L1_K 
INFO: [HLS 200-10] ----------------------------------------------------------------
INFO: [HLS 200-10] -- Generating RTL for module 'conv_layer01234_fused_Pipeline_L2_IC_L2_K' 
INFO: [HLS 200-10] ----------------------------------------------------------------
Execute       create_rtl_model conv_layer01234_fused_Pipeline_L2_IC_L2_K -top_prefix ecg_denoiser_ -sub_prefix ecg_denoiser_ -mg_file C:/ecg_hls/ecg_denoiser_ip/solution1/.autopilot/db/conv_layer01234_fused_Pipeline_L2_IC_L2_K.compgen.tcl 
INFO: [HLS 200-1030] Apply Unified Pipeline Control on module 'conv_layer01234_fused_Pipeline_L2_IC_L2_K' pipeline 'L2_IC_L2_K' pipeline type 'loop pipeline'
INFO: [RTGEN 206-100] Generating core module 'mul_23s_40s_62_1_1': 2 instance(s).
INFO: [RTGEN 206-100] Generating core module 'mux_53_32_1_1': 1 instance(s).
INFO: [RTGEN 206-100] Finished creating RTL model for 'conv_layer01234_fused_Pipeline_L2_IC_L2_K'.
INFO: [RTMG 210-279] Implementing memory 'ecg_denoiser_conv_layer01234_fused_Pipeline_L2_IC_L2_K_denoiser_w_L2_W_V_ROM_NP_LUTRAM_1R' using distributed ROMs.
Command       create_rtl_model done; 0.221 sec.
INFO: [HLS 200-111] Finished Creating RTL model: CPU user time: 1 seconds. CPU system time: 0 seconds. Elapsed time: 0.648 seconds; current allocated memory: 459.000 MB.
Execute       source C:/ecg_hls/ecg_denoiser_ip/solution1/.autopilot/db/ecg_denoiser.rtl_wrap.cfg.tcl 
Execute       gen_rtl conv_layer01234_fused_Pipeline_L2_IC_L2_K -style xilinx -f -lang vhdl -o C:/ecg_hls/ecg_denoiser_ip/solution1/syn/vhdl/ecg_denoiser_conv_layer01234_fused_Pipeline_L2_IC_L2_K 
Execute       gen_rtl conv_layer01234_fused_Pipeline_L2_IC_L2_K -style xilinx -f -lang vlog -o C:/ecg_hls/ecg_denoiser_ip/solution1/syn/verilog/ecg_denoiser_conv_layer01234_fused_Pipeline_L2_IC_L2_K 
Execute       syn_report -csynth -model conv_layer01234_fused_Pipeline_L2_IC_L2_K -o C:/ecg_hls/ecg_denoiser_ip/solution1/syn/report/conv_layer01234_fused_Pipeline_L2_IC_L2_K_csynth.rpt 
Execute         AP::get_flow_target_display_name
Execute       syn_report -rtlxml -model conv_layer01234_fused_Pipeline_L2_IC_L2_K -o C:/ecg_hls/ecg_denoiser_ip/solution1/syn/report/conv_layer01234_fused_Pipeline_L2_IC_L2_K_csynth.xml 
Execute       syn_report -verbosereport -model conv_layer01234_fused_Pipeline_L2_IC_L2_K -o C:/ecg_hls/ecg_denoiser_ip/solution1/.autopilot/db/conv_layer01234_fused_Pipeline_L2_IC_L2_K.verbose.rpt 
Execute         AP::get_flow_target_display_name
Command       syn_report done; 0.131 sec.
Execute       db_write -model conv_layer01234_fused_Pipeline_L2_IC_L2_K -f -o C:/ecg_hls/ecg_denoiser_ip/solution1/.autopilot/db/conv_layer01234_fused_Pipeline_L2_IC_L2_K.adb 
Execute       db_write -model conv_layer01234_fused_Pipeline_L2_IC_L2_K -bindview -o C:/ecg_hls/ecg_denoiser_ip/solution1/.autopilot/db/design.bindinfo.xml 
Execute       gen_tb_info conv_layer01234_fused_Pipeline_L2_IC_L2_K -p C:/ecg_hls/ecg_denoiser_ip/solution1/.autopilot/db -o C:/ecg_hls/ecg_denoiser_ip/solution1/.autopilot/db/conv_layer01234_fused_Pipeline_L2_IC_L2_K 
INFO: [HLS 200-10] ----------------------------------------------------------------
INFO: [HLS 200-10] -- Generating RTL for module 'conv_layer01234_fused_Pipeline_L3_IC_L3_K' 
INFO: [HLS 200-10] ----------------------------------------------------------------
Execute       create_rtl_model conv_layer01234_fused_Pipeline_L3_IC_L3_K -top_prefix ecg_denoiser_ -sub_prefix ecg_denoiser_ -mg_file C:/ecg_hls/ecg_denoiser_ip/solution1/.autopilot/db/conv_layer01234_fused_Pipeline_L3_IC_L3_K.compgen.tcl 
INFO: [HLS 200-1030] Apply Unified Pipeline Control on module 'conv_layer01234_fused_Pipeline_L3_IC_L3_K' pipeline 'L3_IC_L3_K' pipeline type 'loop pipeline'
INFO: [RTGEN 206-100] Generating core module 'mul_23s_39ns_62_1_1': 2 instance(s).
INFO: [RTGEN 206-100] Generating core module 'mux_21_31_1_1': 6 instance(s).
INFO: [RTGEN 206-100] Generating core module 'mux_32_31_1_1': 1 instance(s).
INFO: [RTGEN 206-100] Finished creating RTL model for 'conv_layer01234_fused_Pipeline_L3_IC_L3_K'.
INFO: [RTMG 210-279] Implementing memory 'ecg_denoiser_conv_layer01234_fused_Pipeline_L3_IC_L3_K_denoiser_w_L3_W_V_ROM_NP_LUTRAM_1R' using distributed ROMs.
Command       create_rtl_model done; 0.195 sec.
INFO: [HLS 200-111] Finished Creating RTL model: CPU user time: 0 seconds. CPU system time: 0 seconds. Elapsed time: 0.636 seconds; current allocated memory: 459.000 MB.
Execute       source C:/ecg_hls/ecg_denoiser_ip/solution1/.autopilot/db/ecg_denoiser.rtl_wrap.cfg.tcl 
Execute       gen_rtl conv_layer01234_fused_Pipeline_L3_IC_L3_K -style xilinx -f -lang vhdl -o C:/ecg_hls/ecg_denoiser_ip/solution1/syn/vhdl/ecg_denoiser_conv_layer01234_fused_Pipeline_L3_IC_L3_K 
Execute       gen_rtl conv_layer01234_fused_Pipeline_L3_IC_L3_K -style xilinx -f -lang vlog -o C:/ecg_hls/ecg_denoiser_ip/solution1/syn/verilog/ecg_denoiser_conv_layer01234_fused_Pipeline_L3_IC_L3_K 
Execute       syn_report -csynth -model conv_layer01234_fused_Pipeline_L3_IC_L3_K -o C:/ecg_hls/ecg_denoiser_ip/solution1/syn/report/conv_layer01234_fused_Pipeline_L3_IC_L3_K_csynth.rpt 
Execute         AP::get_flow_target_display_name
Execute       syn_report -rtlxml -model conv_layer01234_fused_Pipeline_L3_IC_L3_K -o C:/ecg_hls/ecg_denoiser_ip/solution1/syn/report/conv_layer01234_fused_Pipeline_L3_IC_L3_K_csynth.xml 
Execute       syn_report -verbosereport -model conv_layer01234_fused_Pipeline_L3_IC_L3_K -o C:/ecg_hls/ecg_denoiser_ip/solution1/.autopilot/db/conv_layer01234_fused_Pipeline_L3_IC_L3_K.verbose.rpt 
Execute         AP::get_flow_target_display_name
Command       syn_report done; 0.137 sec.
Execute       db_write -model conv_layer01234_fused_Pipeline_L3_IC_L3_K -f -o C:/ecg_hls/ecg_denoiser_ip/solution1/.autopilot/db/conv_layer01234_fused_Pipeline_L3_IC_L3_K.adb 
Execute       db_write -model conv_layer01234_fused_Pipeline_L3_IC_L3_K -bindview -o C:/ecg_hls/ecg_denoiser_ip/solution1/.autopilot/db/design.bindinfo.xml 
Execute       gen_tb_info conv_layer01234_fused_Pipeline_L3_IC_L3_K -p C:/ecg_hls/ecg_denoiser_ip/solution1/.autopilot/db -o C:/ecg_hls/ecg_denoiser_ip/solution1/.autopilot/db/conv_layer01234_fused_Pipeline_L3_IC_L3_K 
INFO: [HLS 200-10] ----------------------------------------------------------------
INFO: [HLS 200-10] -- Generating RTL for module 'conv_layer01234_fused_Pipeline_L4_IC_L4_K' 
INFO: [HLS 200-10] ----------------------------------------------------------------
Execute       create_rtl_model conv_layer01234_fused_Pipeline_L4_IC_L4_K -top_prefix ecg_denoiser_ -sub_prefix ecg_denoiser_ -mg_file C:/ecg_hls/ecg_denoiser_ip/solution1/.autopilot/db/conv_layer01234_fused_Pipeline_L4_IC_L4_K.compgen.tcl 
INFO: [HLS 200-1030] Apply Unified Pipeline Control on module 'conv_layer01234_fused_Pipeline_L4_IC_L4_K' pipeline 'L4_IC_L4_K' pipeline type 'loop pipeline'
INFO: [RTGEN 206-100] Generating core module 'mul_23s_40s_62_1_1': 1 instance(s).
INFO: [RTGEN 206-100] Generating core module 'mux_21_31_1_1': 12 instance(s).
INFO: [RTGEN 206-100] Generating core module 'mux_21_32_1_1': 2 instance(s).
INFO: [RTGEN 206-100] Generating core module 'mux_73_32_1_1': 1 instance(s).
INFO: [RTGEN 206-100] Finished creating RTL model for 'conv_layer01234_fused_Pipeline_L4_IC_L4_K'.
INFO: [RTMG 210-279] Implementing memory 'ecg_denoiser_conv_layer01234_fused_Pipeline_L4_IC_L4_K_denoiser_w_L4_W_V_ROM_NP_LUTRAM_1R' using distributed ROMs.
Command       create_rtl_model done; 0.189 sec.
INFO: [HLS 200-111] Finished Creating RTL model: CPU user time: 0 seconds. CPU system time: 0 seconds. Elapsed time: 0.629 seconds; current allocated memory: 459.000 MB.
Execute       source C:/ecg_hls/ecg_denoiser_ip/solution1/.autopilot/db/ecg_denoiser.rtl_wrap.cfg.tcl 
Execute       gen_rtl conv_layer01234_fused_Pipeline_L4_IC_L4_K -style xilinx -f -lang vhdl -o C:/ecg_hls/ecg_denoiser_ip/solution1/syn/vhdl/ecg_denoiser_conv_layer01234_fused_Pipeline_L4_IC_L4_K 
Execute       gen_rtl conv_layer01234_fused_Pipeline_L4_IC_L4_K -style xilinx -f -lang vlog -o C:/ecg_hls/ecg_denoiser_ip/solution1/syn/verilog/ecg_denoiser_conv_layer01234_fused_Pipeline_L4_IC_L4_K 
Execute       syn_report -csynth -model conv_layer01234_fused_Pipeline_L4_IC_L4_K -o C:/ecg_hls/ecg_denoiser_ip/solution1/syn/report/conv_layer01234_fused_Pipeline_L4_IC_L4_K_csynth.rpt 
Execute         AP::get_flow_target_display_name
Execute       syn_report -rtlxml -model conv_layer01234_fused_Pipeline_L4_IC_L4_K -o C:/ecg_hls/ecg_denoiser_ip/solution1/syn/report/conv_layer01234_fused_Pipeline_L4_IC_L4_K_csynth.xml 
Execute       syn_report -verbosereport -model conv_layer01234_fused_Pipeline_L4_IC_L4_K -o C:/ecg_hls/ecg_denoiser_ip/solution1/.autopilot/db/conv_layer01234_fused_Pipeline_L4_IC_L4_K.verbose.rpt 
Execute         AP::get_flow_target_display_name
Command       syn_report done; 0.126 sec.
Execute       db_write -model conv_layer01234_fused_Pipeline_L4_IC_L4_K -f -o C:/ecg_hls/ecg_denoiser_ip/solution1/.autopilot/db/conv_layer01234_fused_Pipeline_L4_IC_L4_K.adb 
Execute       db_write -model conv_layer01234_fused_Pipeline_L4_IC_L4_K -bindview -o C:/ecg_hls/ecg_denoiser_ip/solution1/.autopilot/db/design.bindinfo.xml 
Execute       gen_tb_info conv_layer01234_fused_Pipeline_L4_IC_L4_K -p C:/ecg_hls/ecg_denoiser_ip/solution1/.autopilot/db -o C:/ecg_hls/ecg_denoiser_ip/solution1/.autopilot/db/conv_layer01234_fused_Pipeline_L4_IC_L4_K 
INFO: [HLS 200-10] ----------------------------------------------------------------
INFO: [HLS 200-10] -- Generating RTL for module 'conv_layer01234_fused' 
INFO: [HLS 200-10] ----------------------------------------------------------------
Execute       create_rtl_model conv_layer01234_fused -top_prefix ecg_denoiser_ -sub_prefix ecg_denoiser_ -mg_file C:/ecg_hls/ecg_denoiser_ip/solution1/.autopilot/db/conv_layer01234_fused.compgen.tcl 
INFO: [RTGEN 206-100] Finished creating RTL model for 'conv_layer01234_fused'.
INFO: [RTMG 210-279] Implementing memory 'ecg_denoiser_conv_layer01234_fused_denoiser_w_L0_b_V_ROM_AUTO_1R' using auto ROMs.
INFO: [RTMG 210-279] Implementing memory 'ecg_denoiser_conv_layer01234_fused_denoiser_w_L1_b_V_ROM_AUTO_1R' using auto ROMs.
INFO: [RTMG 210-279] Implementing memory 'ecg_denoiser_conv_layer01234_fused_denoiser_w_L2_b_V_ROM_AUTO_1R' using auto ROMs.
INFO: [RTMG 210-279] Implementing memory 'ecg_denoiser_conv_layer01234_fused_denoiser_w_L3_b_V_ROM_AUTO_1R' using auto ROMs.
INFO: [RTMG 210-278] Implementing memory 'ecg_denoiser_conv_layer01234_fused_win01_V_RAM_AUTO_1R1W' using auto RAMs.
INFO: [RTMG 210-278] Implementing memory 'ecg_denoiser_conv_layer01234_fused_win01_V_1_RAM_AUTO_1R1W' using auto RAMs.
INFO: [RTMG 210-278] Implementing memory 'ecg_denoiser_conv_layer01234_fused_win12_V_RAM_AUTO_1R1W' using auto RAMs.
INFO: [RTMG 210-278] Implementing memory 'ecg_denoiser_conv_layer01234_fused_win12_V_1_RAM_AUTO_1R1W' using auto RAMs.
INFO: [RTMG 210-278] Implementing memory 'ecg_denoiser_conv_layer01234_fused_win23_V_RAM_AUTO_1R1W' using auto RAMs.
INFO: [RTMG 210-278] Implementing memory 'ecg_denoiser_conv_layer01234_fused_win34_V_RAM_AUTO_1R1W' using auto RAMs.
INFO: [RTMG 210-278] Implementing memory 'ecg_denoiser_conv_layer01234_fused_l0_out_V_RAM_AUTO_1R1W' using auto RAMs.
INFO: [RTMG 210-278] Implementing memory 'ecg_denoiser_conv_layer01234_fused_l1_out_V_RAM_AUTO_1R1W' using auto RAMs.
INFO: [RTMG 210-278] Implementing memory 'ecg_denoiser_conv_layer01234_fused_l3_out_V_RAM_AUTO_1R1W' using auto RAMs.
Command       create_rtl_model done; 1.924 sec.
INFO: [HLS 200-111] Finished Creating RTL model: CPU user time: 2 seconds. CPU system time: 1 seconds. Elapsed time: 2.376 seconds; current allocated memory: 474.922 MB.
Execute       source C:/ecg_hls/ecg_denoiser_ip/solution1/.autopilot/db/ecg_denoiser.rtl_wrap.cfg.tcl 
Execute       gen_rtl conv_layer01234_fused -style xilinx -f -lang vhdl -o C:/ecg_hls/ecg_denoiser_ip/solution1/syn/vhdl/ecg_denoiser_conv_layer01234_fused 
Execute       gen_rtl conv_layer01234_fused -style xilinx -f -lang vlog -o C:/ecg_hls/ecg_denoiser_ip/solution1/syn/verilog/ecg_denoiser_conv_layer01234_fused 
Execute       syn_report -csynth -model conv_layer01234_fused -o C:/ecg_hls/ecg_denoiser_ip/solution1/syn/report/conv_layer01234_fused_csynth.rpt 
Execute         AP::get_flow_target_display_name
Command       syn_report done; 0.136 sec.
Execute       syn_report -rtlxml -model conv_layer01234_fused -o C:/ecg_hls/ecg_denoiser_ip/solution1/syn/report/conv_layer01234_fused_csynth.xml 
Execute       syn_report -verbosereport -model conv_layer01234_fused -o C:/ecg_hls/ecg_denoiser_ip/solution1/.autopilot/db/conv_layer01234_fused.verbose.rpt 
Execute         AP::get_flow_target_display_name
Command       syn_report done; 1.662 sec.
Execute       db_write -model conv_layer01234_fused -f -o C:/ecg_hls/ecg_denoiser_ip/solution1/.autopilot/db/conv_layer01234_fused.adb 
Command       db_write done; 0.997 sec.
Execute       db_write -model conv_layer01234_fused -bindview -o C:/ecg_hls/ecg_denoiser_ip/solution1/.autopilot/db/design.bindinfo.xml 
Execute       gen_tb_info conv_layer01234_fused -p C:/ecg_hls/ecg_denoiser_ip/solution1/.autopilot/db -o C:/ecg_hls/ecg_denoiser_ip/solution1/.autopilot/db/conv_layer01234_fused 
INFO: [HLS 200-10] ----------------------------------------------------------------
INFO: [HLS 200-10] -- Generating RTL for module 'ecg_denoiser_Pipeline_WRITE_OUTPUT' 
INFO: [HLS 200-10] ----------------------------------------------------------------
Execute       create_rtl_model ecg_denoiser_Pipeline_WRITE_OUTPUT -top_prefix ecg_denoiser_ -sub_prefix ecg_denoiser_ -mg_file C:/ecg_hls/ecg_denoiser_ip/solution1/.autopilot/db/ecg_denoiser_Pipeline_WRITE_OUTPUT.compgen.tcl 
INFO: [HLS 200-1030] Apply Unified Pipeline Control on module 'ecg_denoiser_Pipeline_WRITE_OUTPUT' pipeline 'WRITE_OUTPUT' pipeline type 'loop pipeline'
INFO: [RTGEN 206-100] Finished creating RTL model for 'ecg_denoiser_Pipeline_WRITE_OUTPUT'.
INFO: [HLS 200-111] Finished Creating RTL model: CPU user time: 4 seconds. CPU system time: 2 seconds. Elapsed time: 5.97 seconds; current allocated memory: 539.324 MB.
Execute       source C:/ecg_hls/ecg_denoiser_ip/solution1/.autopilot/db/ecg_denoiser.rtl_wrap.cfg.tcl 
Execute       gen_rtl ecg_denoiser_Pipeline_WRITE_OUTPUT -style xilinx -f -lang vhdl -o C:/ecg_hls/ecg_denoiser_ip/solution1/syn/vhdl/ecg_denoiser_ecg_denoiser_Pipeline_WRITE_OUTPUT 
Execute       gen_rtl ecg_denoiser_Pipeline_WRITE_OUTPUT -style xilinx -f -lang vlog -o C:/ecg_hls/ecg_denoiser_ip/solution1/syn/verilog/ecg_denoiser_ecg_denoiser_Pipeline_WRITE_OUTPUT 
Execute       syn_report -csynth -model ecg_denoiser_Pipeline_WRITE_OUTPUT -o C:/ecg_hls/ecg_denoiser_ip/solution1/syn/report/ecg_denoiser_Pipeline_WRITE_OUTPUT_csynth.rpt 
Execute         AP::get_flow_target_display_name
Execute       syn_report -rtlxml -model ecg_denoiser_Pipeline_WRITE_OUTPUT -o C:/ecg_hls/ecg_denoiser_ip/solution1/syn/report/ecg_denoiser_Pipeline_WRITE_OUTPUT_csynth.xml 
Execute       syn_report -verbosereport -model ecg_denoiser_Pipeline_WRITE_OUTPUT -o C:/ecg_hls/ecg_denoiser_ip/solution1/.autopilot/db/ecg_denoiser_Pipeline_WRITE_OUTPUT.verbose.rpt 
Execute         AP::get_flow_target_display_name
Execute       db_write -model ecg_denoiser_Pipeline_WRITE_OUTPUT -f -o C:/ecg_hls/ecg_denoiser_ip/solution1/.autopilot/db/ecg_denoiser_Pipeline_WRITE_OUTPUT.adb 
Execute       db_write -model ecg_denoiser_Pipeline_WRITE_OUTPUT -bindview -o C:/ecg_hls/ecg_denoiser_ip/solution1/.autopilot/db/design.bindinfo.xml 
Execute       gen_tb_info ecg_denoiser_Pipeline_WRITE_OUTPUT -p C:/ecg_hls/ecg_denoiser_ip/solution1/.autopilot/db -o C:/ecg_hls/ecg_denoiser_ip/solution1/.autopilot/db/ecg_denoiser_Pipeline_WRITE_OUTPUT 
INFO: [HLS 200-10] ----------------------------------------------------------------
INFO: [HLS 200-10] -- Generating RTL for module 'ecg_denoiser' 
INFO: [HLS 200-10] ----------------------------------------------------------------
Execute       create_rtl_model ecg_denoiser -top_prefix  -sub_prefix ecg_denoiser_ -mg_file C:/ecg_hls/ecg_denoiser_ip/solution1/.autopilot/db/ecg_denoiser.compgen.tcl 
WARNING: [RTGEN 206-101] Design contains AXI ports. Reset is fixed to synchronous and active low.
INFO: [RTGEN 206-500] Setting interface mode on port 'ecg_denoiser/in_stream_V_data_V' to 'axis' (register, both mode).
INFO: [RTGEN 206-500] Setting interface mode on port 'ecg_denoiser/in_stream_V_keep_V' to 'axis' (register, both mode).
INFO: [RTGEN 206-500] Setting interface mode on port 'ecg_denoiser/in_stream_V_strb_V' to 'axis' (register, both mode).
INFO: [RTGEN 206-500] Setting interface mode on port 'ecg_denoiser/in_stream_V_user_V' to 'axis' (register, both mode).
INFO: [RTGEN 206-500] Setting interface mode on port 'ecg_denoiser/in_stream_V_last_V' to 'axis' (register, both mode).
INFO: [RTGEN 206-500] Setting interface mode on port 'ecg_denoiser/in_stream_V_id_V' to 'axis' (register, both mode).
INFO: [RTGEN 206-500] Setting interface mode on port 'ecg_denoiser/in_stream_V_dest_V' to 'axis' (register, both mode).
INFO: [RTGEN 206-500] Setting interface mode on port 'ecg_denoiser/out_stream_V_data_V' to 'axis' (register, both mode).
INFO: [RTGEN 206-500] Setting interface mode on port 'ecg_denoiser/out_stream_V_keep_V' to 'axis' (register, both mode).
INFO: [RTGEN 206-500] Setting interface mode on port 'ecg_denoiser/out_stream_V_strb_V' to 'axis' (register, both mode).
INFO: [RTGEN 206-500] Setting interface mode on port 'ecg_denoiser/out_stream_V_user_V' to 'axis' (register, both mode).
INFO: [RTGEN 206-500] Setting interface mode on port 'ecg_denoiser/out_stream_V_last_V' to 'axis' (register, both mode).
INFO: [RTGEN 206-500] Setting interface mode on port 'ecg_denoiser/out_stream_V_id_V' to 'axis' (register, both mode).
INFO: [RTGEN 206-500] Setting interface mode on port 'ecg_denoiser/out_stream_V_dest_V' to 'axis' (register, both mode).
INFO: [RTGEN 206-500] Setting interface mode on function 'ecg_denoiser' to 'ap_ctrl_hs'.
INFO: [RTGEN 206-100] Generating core module 'fcmp_32ns_32ns_1_2_no_dsp_1': 1 instance(s).
INFO: [RTGEN 206-100] Generating core module 'fpext_32ns_64_2_no_dsp_1': 1 instance(s).
INFO: [RTGEN 206-100] Generating core module 'fsqrt_32ns_32ns_32_10_no_dsp_1': 1 instance(s).
INFO: [RTGEN 206-100] Generating core module 'mul_48s_9ns_56_1_1': 2 instance(s).
INFO: [RTGEN 206-100] Generating core module 'sdiv_34ns_32s_32_38_seq_1': 1 instance(s).
INFO: [RTGEN 206-100] Finished creating RTL model for 'ecg_denoiser'.
INFO: [RTMG 210-278] Implementing memory 'ecg_denoiser_input_buf_V_RAM_1P_LUTRAM_1R1W' using distributed RAMs.
INFO: [RTMG 210-278] Implementing memory 'ecg_denoiser_buf41210_RAM_AUTO_1R1W' using auto RAMs.
Command       create_rtl_model done; 0.879 sec.
INFO: [HLS 200-111] Finished Creating RTL model: CPU user time: 0 seconds. CPU system time: 0 seconds. Elapsed time: 1.081 seconds; current allocated memory: 539.324 MB.
Execute       source C:/ecg_hls/ecg_denoiser_ip/solution1/.autopilot/db/ecg_denoiser.rtl_wrap.cfg.tcl 
Execute       gen_rtl ecg_denoiser -istop -style xilinx -f -lang vhdl -o C:/ecg_hls/ecg_denoiser_ip/solution1/syn/vhdl/ecg_denoiser 
Command       gen_rtl done; 0.164 sec.
Execute       gen_rtl ecg_denoiser -istop -style xilinx -f -lang vlog -o C:/ecg_hls/ecg_denoiser_ip/solution1/syn/verilog/ecg_denoiser 
Execute       syn_report -csynth -model ecg_denoiser -o C:/ecg_hls/ecg_denoiser_ip/solution1/syn/report/ecg_denoiser_csynth.rpt 
Execute         AP::get_flow_target_display_name
Execute       syn_report -rtlxml -model ecg_denoiser -o C:/ecg_hls/ecg_denoiser_ip/solution1/syn/report/ecg_denoiser_csynth.xml 
Execute       syn_report -verbosereport -model ecg_denoiser -o C:/ecg_hls/ecg_denoiser_ip/solution1/.autopilot/db/ecg_denoiser.verbose.rpt 
Execute         AP::get_flow_target_display_name
Command       syn_report done; 0.828 sec.
Execute       db_write -model ecg_denoiser -f -o C:/ecg_hls/ecg_denoiser_ip/solution1/.autopilot/db/ecg_denoiser.adb 
Execute       db_write -model ecg_denoiser -bindview -o C:/ecg_hls/ecg_denoiser_ip/solution1/.autopilot/db/design.bindinfo.xml 
Execute       gen_tb_info ecg_denoiser -p C:/ecg_hls/ecg_denoiser_ip/solution1/.autopilot/db -o C:/ecg_hls/ecg_denoiser_ip/solution1/.autopilot/db/ecg_denoiser 
Execute       export_constraint_db -f -tool general -o C:/ecg_hls/ecg_denoiser_ip/solution1/.autopilot/db/ecg_denoiser.constraint.tcl 
Execute       syn_report -designview -model ecg_denoiser -o C:/ecg_hls/ecg_denoiser_ip/solution1/.autopilot/db/ecg_denoiser.design.xml 
Command       syn_report done; 0.47 sec.
Execute       syn_report -csynthDesign -model ecg_denoiser -o C:/ecg_hls/ecg_denoiser_ip/solution1/syn/report/csynth.rpt 
Execute         AP::get_flow_target_display_name
Execute       syn_report -wcfg -model ecg_denoiser -o C:/ecg_hls/ecg_denoiser_ip/solution1/.autopilot/db/ecg_denoiser_dataflow_ana.wcfg 
Execute       syn_report -protoinst -model ecg_denoiser -o C:/ecg_hls/ecg_denoiser_ip/solution1/.autopilot/db/ecg_denoiser.protoinst 
Execute       sc_get_clocks ecg_denoiser 
Execute       sc_get_portdomain ecg_denoiser 
INFO-FLOW: Model list for RTL component generation: ecg_denoiser_Pipeline_READ_INPUT ecg_denoiser_Pipeline_ZNORM_MEAN ecg_denoiser_Pipeline_ZNORM_VAR ecg_denoiser_Pipeline_ZNORM_APPLY conv_layer01234_fused_Pipeline_L0_K conv_layer01234_fused_Pipeline_L1_IC_L1_K conv_layer01234_fused_Pipeline_L2_IC_L2_K conv_layer01234_fused_Pipeline_L3_IC_L3_K conv_layer01234_fused_Pipeline_L4_IC_L4_K conv_layer01234_fused ecg_denoiser_Pipeline_WRITE_OUTPUT ecg_denoiser
INFO-FLOW: Handling components in module [ecg_denoiser_Pipeline_READ_INPUT] ... 
Execute       source C:/ecg_hls/ecg_denoiser_ip/solution1/.autopilot/db/ecg_denoiser_Pipeline_READ_INPUT.compgen.tcl 
INFO-FLOW: Found component ecg_denoiser_flow_control_loop_pipe_sequential_init.
INFO-FLOW: Append model ecg_denoiser_flow_control_loop_pipe_sequential_init
INFO-FLOW: Handling components in module [ecg_denoiser_Pipeline_ZNORM_MEAN] ... 
Execute       source C:/ecg_hls/ecg_denoiser_ip/solution1/.autopilot/db/ecg_denoiser_Pipeline_ZNORM_MEAN.compgen.tcl 
INFO-FLOW: Found component ecg_denoiser_mux_21_32_1_1.
INFO-FLOW: Append model ecg_denoiser_mux_21_32_1_1
INFO-FLOW: Found component ecg_denoiser_flow_control_loop_pipe_sequential_init.
INFO-FLOW: Append model ecg_denoiser_flow_control_loop_pipe_sequential_init
INFO-FLOW: Handling components in module [ecg_denoiser_Pipeline_ZNORM_VAR] ... 
Execute       source C:/ecg_hls/ecg_denoiser_ip/solution1/.autopilot/db/ecg_denoiser_Pipeline_ZNORM_VAR.compgen.tcl 
INFO-FLOW: Found component ecg_denoiser_mul_40s_40s_72_1_1.
INFO-FLOW: Append model ecg_denoiser_mul_40s_40s_72_1_1
INFO-FLOW: Found component ecg_denoiser_flow_control_loop_pipe_sequential_init.
INFO-FLOW: Append model ecg_denoiser_flow_control_loop_pipe_sequential_init
INFO-FLOW: Handling components in module [ecg_denoiser_Pipeline_ZNORM_APPLY] ... 
Execute       source C:/ecg_hls/ecg_denoiser_ip/solution1/.autopilot/db/ecg_denoiser_Pipeline_ZNORM_APPLY.compgen.tcl 
INFO-FLOW: Found component ecg_denoiser_mul_33s_32s_48_1_1.
INFO-FLOW: Append model ecg_denoiser_mul_33s_32s_48_1_1
INFO-FLOW: Found component ecg_denoiser_flow_control_loop_pipe_sequential_init.
INFO-FLOW: Append model ecg_denoiser_flow_control_loop_pipe_sequential_init
INFO-FLOW: Handling components in module [conv_layer01234_fused_Pipeline_L0_K] ... 
Execute       source C:/ecg_hls/ecg_denoiser_ip/solution1/.autopilot/db/conv_layer01234_fused_Pipeline_L0_K.compgen.tcl 
INFO-FLOW: Found component ecg_denoiser_mul_24s_40s_63_1_1.
INFO-FLOW: Append model ecg_denoiser_mul_24s_40s_63_1_1
INFO-FLOW: Found component ecg_denoiser_conv_layer01234_fused_Pipeline_L0_K_denoiser_w_L0_W_V_ROM_NP_LUTRAM_1R.
INFO-FLOW: Append model ecg_denoiser_conv_layer01234_fused_Pipeline_L0_K_denoiser_w_L0_W_V_ROM_NP_LUTRAM_1R
INFO-FLOW: Found component ecg_denoiser_flow_control_loop_pipe_sequential_init.
INFO-FLOW: Append model ecg_denoiser_flow_control_loop_pipe_sequential_init
INFO-FLOW: Handling components in module [conv_layer01234_fused_Pipeline_L1_IC_L1_K] ... 
Execute       source C:/ecg_hls/ecg_denoiser_ip/solution1/.autopilot/db/conv_layer01234_fused_Pipeline_L1_IC_L1_K.compgen.tcl 
INFO-FLOW: Found component ecg_denoiser_mux_73_32_1_1.
INFO-FLOW: Append model ecg_denoiser_mux_73_32_1_1
INFO-FLOW: Found component ecg_denoiser_mul_23s_40s_62_1_1.
INFO-FLOW: Append model ecg_denoiser_mul_23s_40s_62_1_1
INFO-FLOW: Found component ecg_denoiser_conv_layer01234_fused_Pipeline_L1_IC_L1_K_denoiser_w_L1_W_V_ROM_NP_BRAM_1R.
INFO-FLOW: Append model ecg_denoiser_conv_layer01234_fused_Pipeline_L1_IC_L1_K_denoiser_w_L1_W_V_ROM_NP_BRAM_1R
INFO-FLOW: Found component ecg_denoiser_flow_control_loop_pipe_sequential_init.
INFO-FLOW: Append model ecg_denoiser_flow_control_loop_pipe_sequential_init
INFO-FLOW: Handling components in module [conv_layer01234_fused_Pipeline_L2_IC_L2_K] ... 
Execute       source C:/ecg_hls/ecg_denoiser_ip/solution1/.autopilot/db/conv_layer01234_fused_Pipeline_L2_IC_L2_K.compgen.tcl 
INFO-FLOW: Found component ecg_denoiser_mux_53_32_1_1.
INFO-FLOW: Append model ecg_denoiser_mux_53_32_1_1
INFO-FLOW: Found component ecg_denoiser_conv_layer01234_fused_Pipeline_L2_IC_L2_K_denoiser_w_L2_W_V_ROM_NP_LUTRAM_1R.
INFO-FLOW: Append model ecg_denoiser_conv_layer01234_fused_Pipeline_L2_IC_L2_K_denoiser_w_L2_W_V_ROM_NP_LUTRAM_1R
INFO-FLOW: Found component ecg_denoiser_flow_control_loop_pipe_sequential_init.
INFO-FLOW: Append model ecg_denoiser_flow_control_loop_pipe_sequential_init
INFO-FLOW: Handling components in module [conv_layer01234_fused_Pipeline_L3_IC_L3_K] ... 
Execute       source C:/ecg_hls/ecg_denoiser_ip/solution1/.autopilot/db/conv_layer01234_fused_Pipeline_L3_IC_L3_K.compgen.tcl 
INFO-FLOW: Found component ecg_denoiser_mux_21_31_1_1.
INFO-FLOW: Append model ecg_denoiser_mux_21_31_1_1
INFO-FLOW: Found component ecg_denoiser_mux_32_31_1_1.
INFO-FLOW: Append model ecg_denoiser_mux_32_31_1_1
INFO-FLOW: Found component ecg_denoiser_mul_23s_39ns_62_1_1.
INFO-FLOW: Append model ecg_denoiser_mul_23s_39ns_62_1_1
INFO-FLOW: Found component ecg_denoiser_conv_layer01234_fused_Pipeline_L3_IC_L3_K_denoiser_w_L3_W_V_ROM_NP_LUTRAM_1R.
INFO-FLOW: Append model ecg_denoiser_conv_layer01234_fused_Pipeline_L3_IC_L3_K_denoiser_w_L3_W_V_ROM_NP_LUTRAM_1R
INFO-FLOW: Found component ecg_denoiser_flow_control_loop_pipe_sequential_init.
INFO-FLOW: Append model ecg_denoiser_flow_control_loop_pipe_sequential_init
INFO-FLOW: Handling components in module [conv_layer01234_fused_Pipeline_L4_IC_L4_K] ... 
Execute       source C:/ecg_hls/ecg_denoiser_ip/solution1/.autopilot/db/conv_layer01234_fused_Pipeline_L4_IC_L4_K.compgen.tcl 
INFO-FLOW: Found component ecg_denoiser_conv_layer01234_fused_Pipeline_L4_IC_L4_K_denoiser_w_L4_W_V_ROM_NP_LUTRAM_1R.
INFO-FLOW: Append model ecg_denoiser_conv_layer01234_fused_Pipeline_L4_IC_L4_K_denoiser_w_L4_W_V_ROM_NP_LUTRAM_1R
INFO-FLOW: Found component ecg_denoiser_flow_control_loop_pipe_sequential_init.
INFO-FLOW: Append model ecg_denoiser_flow_control_loop_pipe_sequential_init
INFO-FLOW: Handling components in module [conv_layer01234_fused] ... 
Execute       source C:/ecg_hls/ecg_denoiser_ip/solution1/.autopilot/db/conv_layer01234_fused.compgen.tcl 
INFO-FLOW: Found component ecg_denoiser_conv_layer01234_fused_denoiser_w_L0_b_V_ROM_AUTO_1R.
INFO-FLOW: Append model ecg_denoiser_conv_layer01234_fused_denoiser_w_L0_b_V_ROM_AUTO_1R
INFO-FLOW: Found component ecg_denoiser_conv_layer01234_fused_denoiser_w_L1_b_V_ROM_AUTO_1R.
INFO-FLOW: Append model ecg_denoiser_conv_layer01234_fused_denoiser_w_L1_b_V_ROM_AUTO_1R
INFO-FLOW: Found component ecg_denoiser_conv_layer01234_fused_denoiser_w_L2_b_V_ROM_AUTO_1R.
INFO-FLOW: Append model ecg_denoiser_conv_layer01234_fused_denoiser_w_L2_b_V_ROM_AUTO_1R
INFO-FLOW: Found component ecg_denoiser_conv_layer01234_fused_denoiser_w_L3_b_V_ROM_AUTO_1R.
INFO-FLOW: Append model ecg_denoiser_conv_layer01234_fused_denoiser_w_L3_b_V_ROM_AUTO_1R
INFO-FLOW: Found component ecg_denoiser_conv_layer01234_fused_win01_V_RAM_AUTO_1R1W.
INFO-FLOW: Append model ecg_denoiser_conv_layer01234_fused_win01_V_RAM_AUTO_1R1W
INFO-FLOW: Found component ecg_denoiser_conv_layer01234_fused_win01_V_1_RAM_AUTO_1R1W.
INFO-FLOW: Append model ecg_denoiser_conv_layer01234_fused_win01_V_1_RAM_AUTO_1R1W
INFO-FLOW: Found component ecg_denoiser_conv_layer01234_fused_win12_V_RAM_AUTO_1R1W.
INFO-FLOW: Append model ecg_denoiser_conv_layer01234_fused_win12_V_RAM_AUTO_1R1W
INFO-FLOW: Found component ecg_denoiser_conv_layer01234_fused_win12_V_1_RAM_AUTO_1R1W.
INFO-FLOW: Append model ecg_denoiser_conv_layer01234_fused_win12_V_1_RAM_AUTO_1R1W
INFO-FLOW: Found component ecg_denoiser_conv_layer01234_fused_win23_V_RAM_AUTO_1R1W.
INFO-FLOW: Append model ecg_denoiser_conv_layer01234_fused_win23_V_RAM_AUTO_1R1W
INFO-FLOW: Found component ecg_denoiser_conv_layer01234_fused_win34_V_RAM_AUTO_1R1W.
INFO-FLOW: Append model ecg_denoiser_conv_layer01234_fused_win34_V_RAM_AUTO_1R1W
INFO-FLOW: Found component ecg_denoiser_conv_layer01234_fused_l0_out_V_RAM_AUTO_1R1W.
INFO-FLOW: Append model ecg_denoiser_conv_layer01234_fused_l0_out_V_RAM_AUTO_1R1W
INFO-FLOW: Found component ecg_denoiser_conv_layer01234_fused_l1_out_V_RAM_AUTO_1R1W.
INFO-FLOW: Append model ecg_denoiser_conv_layer01234_fused_l1_out_V_RAM_AUTO_1R1W
INFO-FLOW: Found component ecg_denoiser_conv_layer01234_fused_l3_out_V_RAM_AUTO_1R1W.
INFO-FLOW: Append model ecg_denoiser_conv_layer01234_fused_l3_out_V_RAM_AUTO_1R1W
INFO-FLOW: Handling components in module [ecg_denoiser_Pipeline_WRITE_OUTPUT] ... 
Execute       source C:/ecg_hls/ecg_denoiser_ip/solution1/.autopilot/db/ecg_denoiser_Pipeline_WRITE_OUTPUT.compgen.tcl 
INFO-FLOW: Found component ecg_denoiser_flow_control_loop_pipe_sequential_init.
INFO-FLOW: Append model ecg_denoiser_flow_control_loop_pipe_sequential_init
INFO-FLOW: Handling components in module [ecg_denoiser] ... 
Execute       source C:/ecg_hls/ecg_denoiser_ip/solution1/.autopilot/db/ecg_denoiser.compgen.tcl 
INFO-FLOW: Found component ecg_denoiser_fpext_32ns_64_2_no_dsp_1.
INFO-FLOW: Append model ecg_denoiser_fpext_32ns_64_2_no_dsp_1
INFO-FLOW: Found component ecg_denoiser_fcmp_32ns_32ns_1_2_no_dsp_1.
INFO-FLOW: Append model ecg_denoiser_fcmp_32ns_32ns_1_2_no_dsp_1
INFO-FLOW: Found component ecg_denoiser_fsqrt_32ns_32ns_32_10_no_dsp_1.
INFO-FLOW: Append model ecg_denoiser_fsqrt_32ns_32ns_32_10_no_dsp_1
INFO-FLOW: Found component ecg_denoiser_mul_48s_9ns_56_1_1.
INFO-FLOW: Append model ecg_denoiser_mul_48s_9ns_56_1_1
INFO-FLOW: Found component ecg_denoiser_sdiv_34ns_32s_32_38_seq_1.
INFO-FLOW: Append model ecg_denoiser_sdiv_34ns_32s_32_38_seq_1
INFO-FLOW: Found component ecg_denoiser_input_buf_V_RAM_1P_LUTRAM_1R1W.
INFO-FLOW: Append model ecg_denoiser_input_buf_V_RAM_1P_LUTRAM_1R1W
INFO-FLOW: Found component ecg_denoiser_buf41210_RAM_AUTO_1R1W.
INFO-FLOW: Append model ecg_denoiser_buf41210_RAM_AUTO_1R1W
INFO-FLOW: Found component ecg_denoiser_regslice_both.
INFO-FLOW: Append model ecg_denoiser_regslice_both
INFO-FLOW: Found component ecg_denoiser_regslice_both.
INFO-FLOW: Append model ecg_denoiser_regslice_both
INFO-FLOW: Found component ecg_denoiser_regslice_both.
INFO-FLOW: Append model ecg_denoiser_regslice_both
INFO-FLOW: Found component ecg_denoiser_regslice_both.
INFO-FLOW: Append model ecg_denoiser_regslice_both
INFO-FLOW: Found component ecg_denoiser_regslice_both.
INFO-FLOW: Append model ecg_denoiser_regslice_both
INFO-FLOW: Found component ecg_denoiser_regslice_both.
INFO-FLOW: Append model ecg_denoiser_regslice_both
INFO-FLOW: Found component ecg_denoiser_regslice_both.
INFO-FLOW: Append model ecg_denoiser_regslice_both
INFO-FLOW: Found component ecg_denoiser_regslice_both.
INFO-FLOW: Append model ecg_denoiser_regslice_both
INFO-FLOW: Found component ecg_denoiser_regslice_both.
INFO-FLOW: Append model ecg_denoiser_regslice_both
INFO-FLOW: Found component ecg_denoiser_regslice_both.
INFO-FLOW: Append model ecg_denoiser_regslice_both
INFO-FLOW: Found component ecg_denoiser_regslice_both.
INFO-FLOW: Append model ecg_denoiser_regslice_both
INFO-FLOW: Found component ecg_denoiser_regslice_both.
INFO-FLOW: Append model ecg_denoiser_regslice_both
INFO-FLOW: Found component ecg_denoiser_regslice_both.
INFO-FLOW: Append model ecg_denoiser_regslice_both
INFO-FLOW: Found component ecg_denoiser_regslice_both.
INFO-FLOW: Append model ecg_denoiser_regslice_both
INFO-FLOW: Append model ecg_denoiser_Pipeline_READ_INPUT
INFO-FLOW: Append model ecg_denoiser_Pipeline_ZNORM_MEAN
INFO-FLOW: Append model ecg_denoiser_Pipeline_ZNORM_VAR
INFO-FLOW: Append model ecg_denoiser_Pipeline_ZNORM_APPLY
INFO-FLOW: Append model conv_layer01234_fused_Pipeline_L0_K
INFO-FLOW: Append model conv_layer01234_fused_Pipeline_L1_IC_L1_K
INFO-FLOW: Append model conv_layer01234_fused_Pipeline_L2_IC_L2_K
INFO-FLOW: Append model conv_layer01234_fused_Pipeline_L3_IC_L3_K
INFO-FLOW: Append model conv_layer01234_fused_Pipeline_L4_IC_L4_K
INFO-FLOW: Append model conv_layer01234_fused
INFO-FLOW: Append model ecg_denoiser_Pipeline_WRITE_OUTPUT
INFO-FLOW: Append model ecg_denoiser
INFO-FLOW: Generating RTL model list ...
INFO-FLOW: All models in this session: ecg_denoiser_flow_control_loop_pipe_sequential_init ecg_denoiser_mux_21_32_1_1 ecg_denoiser_flow_control_loop_pipe_sequential_init ecg_denoiser_mul_40s_40s_72_1_1 ecg_denoiser_flow_control_loop_pipe_sequential_init ecg_denoiser_mul_33s_32s_48_1_1 ecg_denoiser_flow_control_loop_pipe_sequential_init ecg_denoiser_mul_24s_40s_63_1_1 ecg_denoiser_conv_layer01234_fused_Pipeline_L0_K_denoiser_w_L0_W_V_ROM_NP_LUTRAM_1R ecg_denoiser_flow_control_loop_pipe_sequential_init ecg_denoiser_mux_73_32_1_1 ecg_denoiser_mul_23s_40s_62_1_1 ecg_denoiser_conv_layer01234_fused_Pipeline_L1_IC_L1_K_denoiser_w_L1_W_V_ROM_NP_BRAM_1R ecg_denoiser_flow_control_loop_pipe_sequential_init ecg_denoiser_mux_53_32_1_1 ecg_denoiser_conv_layer01234_fused_Pipeline_L2_IC_L2_K_denoiser_w_L2_W_V_ROM_NP_LUTRAM_1R ecg_denoiser_flow_control_loop_pipe_sequential_init ecg_denoiser_mux_21_31_1_1 ecg_denoiser_mux_32_31_1_1 ecg_denoiser_mul_23s_39ns_62_1_1 ecg_denoiser_conv_layer01234_fused_Pipeline_L3_IC_L3_K_denoiser_w_L3_W_V_ROM_NP_LUTRAM_1R ecg_denoiser_flow_control_loop_pipe_sequential_init ecg_denoiser_conv_layer01234_fused_Pipeline_L4_IC_L4_K_denoiser_w_L4_W_V_ROM_NP_LUTRAM_1R ecg_denoiser_flow_control_loop_pipe_sequential_init ecg_denoiser_conv_layer01234_fused_denoiser_w_L0_b_V_ROM_AUTO_1R ecg_denoiser_conv_layer01234_fused_denoiser_w_L1_b_V_ROM_AUTO_1R ecg_denoiser_conv_layer01234_fused_denoiser_w_L2_b_V_ROM_AUTO_1R ecg_denoiser_conv_layer01234_fused_denoiser_w_L3_b_V_ROM_AUTO_1R ecg_denoiser_conv_layer01234_fused_win01_V_RAM_AUTO_1R1W ecg_denoiser_conv_layer01234_fused_win01_V_1_RAM_AUTO_1R1W ecg_denoiser_conv_layer01234_fused_win12_V_RAM_AUTO_1R1W ecg_denoiser_conv_layer01234_fused_win12_V_1_RAM_AUTO_1R1W ecg_denoiser_conv_layer01234_fused_win23_V_RAM_AUTO_1R1W ecg_denoiser_conv_layer01234_fused_win34_V_RAM_AUTO_1R1W ecg_denoiser_conv_layer01234_fused_l0_out_V_RAM_AUTO_1R1W ecg_denoiser_conv_layer01234_fused_l1_out_V_RAM_AUTO_1R1W ecg_denoiser_conv_layer01234_fused_l3_out_V_RAM_AUTO_1R1W ecg_denoiser_flow_control_loop_pipe_sequential_init ecg_denoiser_fpext_32ns_64_2_no_dsp_1 ecg_denoiser_fcmp_32ns_32ns_1_2_no_dsp_1 ecg_denoiser_fsqrt_32ns_32ns_32_10_no_dsp_1 ecg_denoiser_mul_48s_9ns_56_1_1 ecg_denoiser_sdiv_34ns_32s_32_38_seq_1 ecg_denoiser_input_buf_V_RAM_1P_LUTRAM_1R1W ecg_denoiser_buf41210_RAM_AUTO_1R1W ecg_denoiser_regslice_both ecg_denoiser_regslice_both ecg_denoiser_regslice_both ecg_denoiser_regslice_both ecg_denoiser_regslice_both ecg_denoiser_regslice_both ecg_denoiser_regslice_both ecg_denoiser_regslice_both ecg_denoiser_regslice_both ecg_denoiser_regslice_both ecg_denoiser_regslice_both ecg_denoiser_regslice_both ecg_denoiser_regslice_both ecg_denoiser_regslice_both ecg_denoiser_Pipeline_READ_INPUT ecg_denoiser_Pipeline_ZNORM_MEAN ecg_denoiser_Pipeline_ZNORM_VAR ecg_denoiser_Pipeline_ZNORM_APPLY conv_layer01234_fused_Pipeline_L0_K conv_layer01234_fused_Pipeline_L1_IC_L1_K conv_layer01234_fused_Pipeline_L2_IC_L2_K conv_layer01234_fused_Pipeline_L3_IC_L3_K conv_layer01234_fused_Pipeline_L4_IC_L4_K conv_layer01234_fused ecg_denoiser_Pipeline_WRITE_OUTPUT ecg_denoiser
INFO-FLOW: Generating C:/ecg_hls/ecg_denoiser_ip/solution1/.autopilot/db/autopilot.rtl.models.txt file...
INFO-FLOW: To file: write model ecg_denoiser_flow_control_loop_pipe_sequential_init
INFO-FLOW: To file: write model ecg_denoiser_mux_21_32_1_1
INFO-FLOW: To file: write model ecg_denoiser_flow_control_loop_pipe_sequential_init
INFO-FLOW: To file: write model ecg_denoiser_mul_40s_40s_72_1_1
INFO-FLOW: To file: write model ecg_denoiser_flow_control_loop_pipe_sequential_init
INFO-FLOW: To file: write model ecg_denoiser_mul_33s_32s_48_1_1
INFO-FLOW: To file: write model ecg_denoiser_flow_control_loop_pipe_sequential_init
INFO-FLOW: To file: write model ecg_denoiser_mul_24s_40s_63_1_1
INFO-FLOW: To file: write model ecg_denoiser_conv_layer01234_fused_Pipeline_L0_K_denoiser_w_L0_W_V_ROM_NP_LUTRAM_1R
INFO-FLOW: To file: write model ecg_denoiser_flow_control_loop_pipe_sequential_init
INFO-FLOW: To file: write model ecg_denoiser_mux_73_32_1_1
INFO-FLOW: To file: write model ecg_denoiser_mul_23s_40s_62_1_1
INFO-FLOW: To file: write model ecg_denoiser_conv_layer01234_fused_Pipeline_L1_IC_L1_K_denoiser_w_L1_W_V_ROM_NP_BRAM_1R
INFO-FLOW: To file: write model ecg_denoiser_flow_control_loop_pipe_sequential_init
INFO-FLOW: To file: write model ecg_denoiser_mux_53_32_1_1
INFO-FLOW: To file: write model ecg_denoiser_conv_layer01234_fused_Pipeline_L2_IC_L2_K_denoiser_w_L2_W_V_ROM_NP_LUTRAM_1R
INFO-FLOW: To file: write model ecg_denoiser_flow_control_loop_pipe_sequential_init
INFO-FLOW: To file: write model ecg_denoiser_mux_21_31_1_1
INFO-FLOW: To file: write model ecg_denoiser_mux_32_31_1_1
INFO-FLOW: To file: write model ecg_denoiser_mul_23s_39ns_62_1_1
INFO-FLOW: To file: write model ecg_denoiser_conv_layer01234_fused_Pipeline_L3_IC_L3_K_denoiser_w_L3_W_V_ROM_NP_LUTRAM_1R
INFO-FLOW: To file: write model ecg_denoiser_flow_control_loop_pipe_sequential_init
INFO-FLOW: To file: write model ecg_denoiser_conv_layer01234_fused_Pipeline_L4_IC_L4_K_denoiser_w_L4_W_V_ROM_NP_LUTRAM_1R
INFO-FLOW: To file: write model ecg_denoiser_flow_control_loop_pipe_sequential_init
INFO-FLOW: To file: write model ecg_denoiser_conv_layer01234_fused_denoiser_w_L0_b_V_ROM_AUTO_1R
INFO-FLOW: To file: write model ecg_denoiser_conv_layer01234_fused_denoiser_w_L1_b_V_ROM_AUTO_1R
INFO-FLOW: To file: write model ecg_denoiser_conv_layer01234_fused_denoiser_w_L2_b_V_ROM_AUTO_1R
INFO-FLOW: To file: write model ecg_denoiser_conv_layer01234_fused_denoiser_w_L3_b_V_ROM_AUTO_1R
INFO-FLOW: To file: write model ecg_denoiser_conv_layer01234_fused_win01_V_RAM_AUTO_1R1W
INFO-FLOW: To file: write model ecg_denoiser_conv_layer01234_fused_win01_V_1_RAM_AUTO_1R1W
INFO-FLOW: To file: write model ecg_denoiser_conv_layer01234_fused_win12_V_RAM_AUTO_1R1W
INFO-FLOW: To file: write model ecg_denoiser_conv_layer01234_fused_win12_V_1_RAM_AUTO_1R1W
INFO-FLOW: To file: write model ecg_denoiser_conv_layer01234_fused_win23_V_RAM_AUTO_1R1W
INFO-FLOW: To file: write model ecg_denoiser_conv_layer01234_fused_win34_V_RAM_AUTO_1R1W
INFO-FLOW: To file: write model ecg_denoiser_conv_layer01234_fused_l0_out_V_RAM_AUTO_1R1W
INFO-FLOW: To file: write model ecg_denoiser_conv_layer01234_fused_l1_out_V_RAM_AUTO_1R1W
INFO-FLOW: To file: write model ecg_denoiser_conv_layer01234_fused_l3_out_V_RAM_AUTO_1R1W
INFO-FLOW: To file: write model ecg_denoiser_flow_control_loop_pipe_sequential_init
INFO-FLOW: To file: write model ecg_denoiser_fpext_32ns_64_2_no_dsp_1
INFO-FLOW: To file: write model ecg_denoiser_fcmp_32ns_32ns_1_2_no_dsp_1
INFO-FLOW: To file: write model ecg_denoiser_fsqrt_32ns_32ns_32_10_no_dsp_1
INFO-FLOW: To file: write model ecg_denoiser_mul_48s_9ns_56_1_1
INFO-FLOW: To file: write model ecg_denoiser_sdiv_34ns_32s_32_38_seq_1
INFO-FLOW: To file: write model ecg_denoiser_input_buf_V_RAM_1P_LUTRAM_1R1W
INFO-FLOW: To file: write model ecg_denoiser_buf41210_RAM_AUTO_1R1W
INFO-FLOW: To file: write model ecg_denoiser_regslice_both
INFO-FLOW: To file: write model ecg_denoiser_regslice_both
INFO-FLOW: To file: write model ecg_denoiser_regslice_both
INFO-FLOW: To file: write model ecg_denoiser_regslice_both
INFO-FLOW: To file: write model ecg_denoiser_regslice_both
INFO-FLOW: To file: write model ecg_denoiser_regslice_both
INFO-FLOW: To file: write model ecg_denoiser_regslice_both
INFO-FLOW: To file: write model ecg_denoiser_regslice_both
INFO-FLOW: To file: write model ecg_denoiser_regslice_both
INFO-FLOW: To file: write model ecg_denoiser_regslice_both
INFO-FLOW: To file: write model ecg_denoiser_regslice_both
INFO-FLOW: To file: write model ecg_denoiser_regslice_both
INFO-FLOW: To file: write model ecg_denoiser_regslice_both
INFO-FLOW: To file: write model ecg_denoiser_regslice_both
INFO-FLOW: To file: write model ecg_denoiser_Pipeline_READ_INPUT
INFO-FLOW: To file: write model ecg_denoiser_Pipeline_ZNORM_MEAN
INFO-FLOW: To file: write model ecg_denoiser_Pipeline_ZNORM_VAR
INFO-FLOW: To file: write model ecg_denoiser_Pipeline_ZNORM_APPLY
INFO-FLOW: To file: write model conv_layer01234_fused_Pipeline_L0_K
INFO-FLOW: To file: write model conv_layer01234_fused_Pipeline_L1_IC_L1_K
INFO-FLOW: To file: write model conv_layer01234_fused_Pipeline_L2_IC_L2_K
INFO-FLOW: To file: write model conv_layer01234_fused_Pipeline_L3_IC_L3_K
INFO-FLOW: To file: write model conv_layer01234_fused_Pipeline_L4_IC_L4_K
INFO-FLOW: To file: write model conv_layer01234_fused
INFO-FLOW: To file: write model ecg_denoiser_Pipeline_WRITE_OUTPUT
INFO-FLOW: To file: write model ecg_denoiser
INFO-FLOW: Generating C:/ecg_hls/ecg_denoiser_ip/solution1/.autopilot/db/autopilot.rtl.models.tcl file...
INFO-FLOW: Finished generating RTL model list.


INFO-FLOW: RTL Generation done.
INFO-FLOW: CAS Generation done.
INFO-FLOW: CBC Generation done.
INFO-FLOW: DBG:PROC: ::AESL_AUTOMG::auto_generate_csynth_design
INFO-FLOW: DBG:PUTS: read_platform_lib C:/ecg_hls/ecg_denoiser_ip/solution1/.autopilot/db/global.setting.tcl
Execute       source C:/Xilinx/Vitis_HLS/2022.2/common/technology/generic/autopilot/common.gen 
Execute         source C:/Xilinx/Vitis_HLS/2022.2/common/technology/generic/autopilot/APCoreGen.gen 
Execute       source C:/Xilinx/Vitis_HLS/2022.2/common/technology/generic/autopilot/op.gen 
Execute       source C:/Xilinx/Vitis_HLS/2022.2/common/technology/generic/autopilot/op_simcore.gen 
Execute       source C:/Xilinx/Vitis_HLS/2022.2/common/technology/generic/autopilot/interface.gen 
Execute       source C:/ecg_hls/ecg_denoiser_ip/solution1/.autopilot/db/global.setting.tcl 
Execute       source C:/Xilinx/Vitis_HLS/2022.2/common/technology/xilinx/common/xilinx.gen 
Execute         source C:/Xilinx/Vitis_HLS/2022.2/common/technology/xilinx/interface/plb46.gen 
Execute         source C:/Xilinx/Vitis_HLS/2022.2/common/technology/xilinx/interface/axi4.gen 
Execute         source C:/Xilinx/Vitis_HLS/2022.2/common/technology/xilinx/interface/nativeAXI4.gen 
Execute           source C:/Xilinx/Vitis_HLS/2022.2/common/technology/xilinx/interface/saxilite.gen 
Execute         source C:/Xilinx/Vitis_HLS/2022.2/common/technology/xilinx/scripts/xilinxcoregen.gen 
Execute         source C:/Xilinx/Vitis_HLS/2022.2/common/technology/xilinx/interface/XilEDKCoreGen.gen 
Execute         source C:/Xilinx/Vitis_HLS/2022.2/common/technology/xilinx/ip/dds_compiler.gen 
Execute         source C:/Xilinx/Vitis_HLS/2022.2/common/technology/xilinx/ip/util.gen 
Execute         source C:/Xilinx/Vitis_HLS/2022.2/common/technology/xilinx/ip/xfft.gen 
Execute         source C:/Xilinx/Vitis_HLS/2022.2/common/technology/xilinx/ip/xfir.gen 
Execute         source C:/Xilinx/Vitis_HLS/2022.2/common/technology/xilinx/DSP48/dsp48.gen 
Command       ap_source done; 0.117 sec.
INFO-FLOW: DBG:PUTS:   using AESL_AUTOCG::g_clock_period=13.000 (was NA)
INFO-FLOW: DBG:PROC: ::AESL_AUTOMG::generate_ip_cores gen_sim_model='1' gen_fp_models='0' gen_for_export='0' dstSCDir='' dstVhdlDir='C:/ecg_hls/ecg_denoiser_ip/solution1/.autopilot/db/vhdl' dstVlogDir='C:/ecg_hls/ecg_denoiser_ip/solution1/.autopilot/db/vlog' tclDir='C:/ecg_hls/ecg_denoiser_ip/solution1/.autopilot/db' modelList='ecg_denoiser_flow_control_loop_pipe_sequential_init
ecg_denoiser_mux_21_32_1_1
ecg_denoiser_flow_control_loop_pipe_sequential_init
ecg_denoiser_mul_40s_40s_72_1_1
ecg_denoiser_flow_control_loop_pipe_sequential_init
ecg_denoiser_mul_33s_32s_48_1_1
ecg_denoiser_flow_control_loop_pipe_sequential_init
ecg_denoiser_mul_24s_40s_63_1_1
ecg_denoiser_conv_layer01234_fused_Pipeline_L0_K_denoiser_w_L0_W_V_ROM_NP_LUTRAM_1R
ecg_denoiser_flow_control_loop_pipe_sequential_init
ecg_denoiser_mux_73_32_1_1
ecg_denoiser_mul_23s_40s_62_1_1
ecg_denoiser_conv_layer01234_fused_Pipeline_L1_IC_L1_K_denoiser_w_L1_W_V_ROM_NP_BRAM_1R
ecg_denoiser_flow_control_loop_pipe_sequential_init
ecg_denoiser_mux_53_32_1_1
ecg_denoiser_conv_layer01234_fused_Pipeline_L2_IC_L2_K_denoiser_w_L2_W_V_ROM_NP_LUTRAM_1R
ecg_denoiser_flow_control_loop_pipe_sequential_init
ecg_denoiser_mux_21_31_1_1
ecg_denoiser_mux_32_31_1_1
ecg_denoiser_mul_23s_39ns_62_1_1
ecg_denoiser_conv_layer01234_fused_Pipeline_L3_IC_L3_K_denoiser_w_L3_W_V_ROM_NP_LUTRAM_1R
ecg_denoiser_flow_control_loop_pipe_sequential_init
ecg_denoiser_conv_layer01234_fused_Pipeline_L4_IC_L4_K_denoiser_w_L4_W_V_ROM_NP_LUTRAM_1R
ecg_denoiser_flow_control_loop_pipe_sequential_init
ecg_denoiser_conv_layer01234_fused_denoiser_w_L0_b_V_ROM_AUTO_1R
ecg_denoiser_conv_layer01234_fused_denoiser_w_L1_b_V_ROM_AUTO_1R
ecg_denoiser_conv_layer01234_fused_denoiser_w_L2_b_V_ROM_AUTO_1R
ecg_denoiser_conv_layer01234_fused_denoiser_w_L3_b_V_ROM_AUTO_1R
ecg_denoiser_conv_layer01234_fused_win01_V_RAM_AUTO_1R1W
ecg_denoiser_conv_layer01234_fused_win01_V_1_RAM_AUTO_1R1W
ecg_denoiser_conv_layer01234_fused_win12_V_RAM_AUTO_1R1W
ecg_denoiser_conv_layer01234_fused_win12_V_1_RAM_AUTO_1R1W
ecg_denoiser_conv_layer01234_fused_win23_V_RAM_AUTO_1R1W
ecg_denoiser_conv_layer01234_fused_win34_V_RAM_AUTO_1R1W
ecg_denoiser_conv_layer01234_fused_l0_out_V_RAM_AUTO_1R1W
ecg_denoiser_conv_layer01234_fused_l1_out_V_RAM_AUTO_1R1W
ecg_denoiser_conv_layer01234_fused_l3_out_V_RAM_AUTO_1R1W
ecg_denoiser_flow_control_loop_pipe_sequential_init
ecg_denoiser_fpext_32ns_64_2_no_dsp_1
ecg_denoiser_fcmp_32ns_32ns_1_2_no_dsp_1
ecg_denoiser_fsqrt_32ns_32ns_32_10_no_dsp_1
ecg_denoiser_mul_48s_9ns_56_1_1
ecg_denoiser_sdiv_34ns_32s_32_38_seq_1
ecg_denoiser_input_buf_V_RAM_1P_LUTRAM_1R1W
ecg_denoiser_buf41210_RAM_AUTO_1R1W
ecg_denoiser_regslice_both
ecg_denoiser_regslice_both
ecg_denoiser_regslice_both
ecg_denoiser_regslice_both
ecg_denoiser_regslice_both
ecg_denoiser_regslice_both
ecg_denoiser_regslice_both
ecg_denoiser_regslice_both
ecg_denoiser_regslice_both
ecg_denoiser_regslice_both
ecg_denoiser_regslice_both
ecg_denoiser_regslice_both
ecg_denoiser_regslice_both
ecg_denoiser_regslice_both
ecg_denoiser_Pipeline_READ_INPUT
ecg_denoiser_Pipeline_ZNORM_MEAN
ecg_denoiser_Pipeline_ZNORM_VAR
ecg_denoiser_Pipeline_ZNORM_APPLY
conv_layer01234_fused_Pipeline_L0_K
conv_layer01234_fused_Pipeline_L1_IC_L1_K
conv_layer01234_fused_Pipeline_L2_IC_L2_K
conv_layer01234_fused_Pipeline_L3_IC_L3_K
conv_layer01234_fused_Pipeline_L4_IC_L4_K
conv_layer01234_fused
ecg_denoiser_Pipeline_WRITE_OUTPUT
ecg_denoiser
' expOnly='0'
Execute       source C:/ecg_hls/ecg_denoiser_ip/solution1/.autopilot/db/global.setting.tcl 
Execute       ap_part_info -name xc7z030-sbg485-2 -data names -quiet 
Execute       ap_part_info -name xc7z030-sbg485-2 -data info -quiet 
Execute       source C:/ecg_hls/ecg_denoiser_ip/solution1/.autopilot/db/global.setting.tcl 
Execute       source C:/ecg_hls/ecg_denoiser_ip/solution1/.autopilot/db/global.setting.tcl 
Execute       source C:/ecg_hls/ecg_denoiser_ip/solution1/.autopilot/db/ecg_denoiser_Pipeline_READ_INPUT.compgen.tcl 
Execute       source C:/ecg_hls/ecg_denoiser_ip/solution1/.autopilot/db/ecg_denoiser_Pipeline_ZNORM_MEAN.compgen.tcl 
Execute         ap_part_info -name xc7z030-sbg485-2 -data names -quiet 
Execute         ap_part_info -name xc7z030-sbg485-2 -data info -quiet 
Execute       source C:/ecg_hls/ecg_denoiser_ip/solution1/.autopilot/db/ecg_denoiser_Pipeline_ZNORM_VAR.compgen.tcl 
Execute       source C:/ecg_hls/ecg_denoiser_ip/solution1/.autopilot/db/ecg_denoiser_Pipeline_ZNORM_APPLY.compgen.tcl 
Execute       source C:/ecg_hls/ecg_denoiser_ip/solution1/.autopilot/db/conv_layer01234_fused_Pipeline_L0_K.compgen.tcl 
Execute       source C:/ecg_hls/ecg_denoiser_ip/solution1/.autopilot/db/conv_layer01234_fused_Pipeline_L1_IC_L1_K.compgen.tcl 
Execute         ap_part_info -name xc7z030-sbg485-2 -data names -quiet 
Execute         ap_part_info -name xc7z030-sbg485-2 -data info -quiet 
Execute       source C:/ecg_hls/ecg_denoiser_ip/solution1/.autopilot/db/conv_layer01234_fused_Pipeline_L2_IC_L2_K.compgen.tcl 
Execute         ap_part_info -name xc7z030-sbg485-2 -data names -quiet 
Execute         ap_part_info -name xc7z030-sbg485-2 -data info -quiet 
Execute       source C:/ecg_hls/ecg_denoiser_ip/solution1/.autopilot/db/conv_layer01234_fused_Pipeline_L3_IC_L3_K.compgen.tcl 
Execute         ap_part_info -name xc7z030-sbg485-2 -data names -quiet 
Execute         ap_part_info -name xc7z030-sbg485-2 -data info -quiet 
Execute         ap_part_info -name xc7z030-sbg485-2 -data names -quiet 
Execute         ap_part_info -name xc7z030-sbg485-2 -data info -quiet 
Execute       source C:/ecg_hls/ecg_denoiser_ip/solution1/.autopilot/db/conv_layer01234_fused_Pipeline_L4_IC_L4_K.compgen.tcl 
Execute       source C:/ecg_hls/ecg_denoiser_ip/solution1/.autopilot/db/conv_layer01234_fused.compgen.tcl 
Execute       source C:/ecg_hls/ecg_denoiser_ip/solution1/.autopilot/db/ecg_denoiser_Pipeline_WRITE_OUTPUT.compgen.tcl 
Execute       source C:/ecg_hls/ecg_denoiser_ip/solution1/.autopilot/db/ecg_denoiser.compgen.tcl 
Command       ap_source done; 0.252 sec.
INFO: [HLS 200-111] Finished Generating all RTL models: CPU user time: 2 seconds. CPU system time: 1 seconds. Elapsed time: 4.261 seconds; current allocated memory: 539.324 MB.
INFO-FLOW: DBG:PROC: ::HLSREPORTS::create_csynth_xml bind_info_var='bind_info' RtlSubPrefix='ecg_denoiser_' outfile=''
INFO-FLOW: Running: create_csynth_xml read xml data
INFO-FLOW: Done: create_csynth_xml read xml data time: 0 seconds per iteration
INFO-FLOW: Running: create_csynth_xml bind info
INFO-FLOW: Done: create_csynth_xml bind info time: 0 seconds per iteration
INFO-FLOW: Running: create_csynth_xml config info
INFO-FLOW: Done: create_csynth_xml config info time: 0.2 seconds per iteration
INFO-FLOW: Running: create_csynth_xml write xml
INFO-FLOW: Done: create_csynth_xml write xml time: 0 seconds per iteration
INFO-FLOW: DBG:PUTS:      create_csynth_xml wrote csynth_xml=C:/ecg_hls/ecg_denoiser_ip/solution1/syn/report/csynth.xml
INFO-FLOW: DBG:PROC: ::AP::DESIGN_DATA::generate_json generate_bd_files='0' generate_xo_files='0' modelList='ecg_denoiser_flow_control_loop_pipe_sequential_init
ecg_denoiser_mux_21_32_1_1
ecg_denoiser_flow_control_loop_pipe_sequential_init
ecg_denoiser_mul_40s_40s_72_1_1
ecg_denoiser_flow_control_loop_pipe_sequential_init
ecg_denoiser_mul_33s_32s_48_1_1
ecg_denoiser_flow_control_loop_pipe_sequential_init
ecg_denoiser_mul_24s_40s_63_1_1
ecg_denoiser_conv_layer01234_fused_Pipeline_L0_K_denoiser_w_L0_W_V_ROM_NP_LUTRAM_1R
ecg_denoiser_flow_control_loop_pipe_sequential_init
ecg_denoiser_mux_73_32_1_1
ecg_denoiser_mul_23s_40s_62_1_1
ecg_denoiser_conv_layer01234_fused_Pipeline_L1_IC_L1_K_denoiser_w_L1_W_V_ROM_NP_BRAM_1R
ecg_denoiser_flow_control_loop_pipe_sequential_init
ecg_denoiser_mux_53_32_1_1
ecg_denoiser_conv_layer01234_fused_Pipeline_L2_IC_L2_K_denoiser_w_L2_W_V_ROM_NP_LUTRAM_1R
ecg_denoiser_flow_control_loop_pipe_sequential_init
ecg_denoiser_mux_21_31_1_1
ecg_denoiser_mux_32_31_1_1
ecg_denoiser_mul_23s_39ns_62_1_1
ecg_denoiser_conv_layer01234_fused_Pipeline_L3_IC_L3_K_denoiser_w_L3_W_V_ROM_NP_LUTRAM_1R
ecg_denoiser_flow_control_loop_pipe_sequential_init
ecg_denoiser_conv_layer01234_fused_Pipeline_L4_IC_L4_K_denoiser_w_L4_W_V_ROM_NP_LUTRAM_1R
ecg_denoiser_flow_control_loop_pipe_sequential_init
ecg_denoiser_conv_layer01234_fused_denoiser_w_L0_b_V_ROM_AUTO_1R
ecg_denoiser_conv_layer01234_fused_denoiser_w_L1_b_V_ROM_AUTO_1R
ecg_denoiser_conv_layer01234_fused_denoiser_w_L2_b_V_ROM_AUTO_1R
ecg_denoiser_conv_layer01234_fused_denoiser_w_L3_b_V_ROM_AUTO_1R
ecg_denoiser_conv_layer01234_fused_win01_V_RAM_AUTO_1R1W
ecg_denoiser_conv_layer01234_fused_win01_V_1_RAM_AUTO_1R1W
ecg_denoiser_conv_layer01234_fused_win12_V_RAM_AUTO_1R1W
ecg_denoiser_conv_layer01234_fused_win12_V_1_RAM_AUTO_1R1W
ecg_denoiser_conv_layer01234_fused_win23_V_RAM_AUTO_1R1W
ecg_denoiser_conv_layer01234_fused_win34_V_RAM_AUTO_1R1W
ecg_denoiser_conv_layer01234_fused_l0_out_V_RAM_AUTO_1R1W
ecg_denoiser_conv_layer01234_fused_l1_out_V_RAM_AUTO_1R1W
ecg_denoiser_conv_layer01234_fused_l3_out_V_RAM_AUTO_1R1W
ecg_denoiser_flow_control_loop_pipe_sequential_init
ecg_denoiser_fpext_32ns_64_2_no_dsp_1
ecg_denoiser_fcmp_32ns_32ns_1_2_no_dsp_1
ecg_denoiser_fsqrt_32ns_32ns_32_10_no_dsp_1
ecg_denoiser_mul_48s_9ns_56_1_1
ecg_denoiser_sdiv_34ns_32s_32_38_seq_1
ecg_denoiser_input_buf_V_RAM_1P_LUTRAM_1R1W
ecg_denoiser_buf41210_RAM_AUTO_1R1W
ecg_denoiser_regslice_both
ecg_denoiser_regslice_both
ecg_denoiser_regslice_both
ecg_denoiser_regslice_both
ecg_denoiser_regslice_both
ecg_denoiser_regslice_both
ecg_denoiser_regslice_both
ecg_denoiser_regslice_both
ecg_denoiser_regslice_both
ecg_denoiser_regslice_both
ecg_denoiser_regslice_both
ecg_denoiser_regslice_both
ecg_denoiser_regslice_both
ecg_denoiser_regslice_both
ecg_denoiser_Pipeline_READ_INPUT
ecg_denoiser_Pipeline_ZNORM_MEAN
ecg_denoiser_Pipeline_ZNORM_VAR
ecg_denoiser_Pipeline_ZNORM_APPLY
conv_layer01234_fused_Pipeline_L0_K
conv_layer01234_fused_Pipeline_L1_IC_L1_K
conv_layer01234_fused_Pipeline_L2_IC_L2_K
conv_layer01234_fused_Pipeline_L3_IC_L3_K
conv_layer01234_fused_Pipeline_L4_IC_L4_K
conv_layer01234_fused
ecg_denoiser_Pipeline_WRITE_OUTPUT
ecg_denoiser
' rtl_lang='both' bootstrap_tcl='false' outdir='' outfilename=''
Execute       source C:/ecg_hls/ecg_denoiser_ip/solution1/.autopilot/db/global.setting.tcl 
Execute       source C:/ecg_hls/ecg_denoiser_ip/solution1/.autopilot/db/global.setting.tcl 
Execute       source C:/ecg_hls/ecg_denoiser_ip/solution1/.autopilot/db/top-io-be.tcl 
Execute       source C:/ecg_hls/ecg_denoiser_ip/solution1/.autopilot/db/ecg_denoiser.tbgen.tcl 
Execute       source C:/ecg_hls/ecg_denoiser_ip/solution1/.autopilot/db/ecg_denoiser.rtl_wrap.cfg.tcl 
Execute       source C:/ecg_hls/ecg_denoiser_ip/solution1/.autopilot/db/ecg_denoiser.compgen.dataonly.tcl 
Execute       source C:/ecg_hls/ecg_denoiser_ip/solution1/.autopilot/db/ecg_denoiser_Pipeline_READ_INPUT.tbgen.tcl 
Execute       source C:/ecg_hls/ecg_denoiser_ip/solution1/.autopilot/db/ecg_denoiser_Pipeline_ZNORM_MEAN.tbgen.tcl 
Execute       source C:/ecg_hls/ecg_denoiser_ip/solution1/.autopilot/db/ecg_denoiser_Pipeline_ZNORM_VAR.tbgen.tcl 
Execute       source C:/ecg_hls/ecg_denoiser_ip/solution1/.autopilot/db/ecg_denoiser_Pipeline_ZNORM_APPLY.tbgen.tcl 
Execute       source C:/ecg_hls/ecg_denoiser_ip/solution1/.autopilot/db/conv_layer01234_fused_Pipeline_L0_K.tbgen.tcl 
Execute       source C:/ecg_hls/ecg_denoiser_ip/solution1/.autopilot/db/conv_layer01234_fused_Pipeline_L1_IC_L1_K.tbgen.tcl 
Execute       source C:/ecg_hls/ecg_denoiser_ip/solution1/.autopilot/db/conv_layer01234_fused_Pipeline_L2_IC_L2_K.tbgen.tcl 
Execute       source C:/ecg_hls/ecg_denoiser_ip/solution1/.autopilot/db/conv_layer01234_fused_Pipeline_L3_IC_L3_K.tbgen.tcl 
Execute       source C:/ecg_hls/ecg_denoiser_ip/solution1/.autopilot/db/conv_layer01234_fused_Pipeline_L4_IC_L4_K.tbgen.tcl 
Execute       source C:/ecg_hls/ecg_denoiser_ip/solution1/.autopilot/db/conv_layer01234_fused.tbgen.tcl 
Execute       source C:/ecg_hls/ecg_denoiser_ip/solution1/.autopilot/db/ecg_denoiser_Pipeline_WRITE_OUTPUT.tbgen.tcl 
Execute       source C:/ecg_hls/ecg_denoiser_ip/solution1/.autopilot/db/ecg_denoiser.tbgen.tcl 
Execute       source C:/ecg_hls/ecg_denoiser_ip/solution1/.autopilot/db/global.setting.tcl 
Execute       ap_part_info -name xc7z030-sbg485-2 -data names -quiet 
Execute       ap_part_info -name xc7z030-sbg485-2 -data info -quiet 
Execute       source C:/ecg_hls/ecg_denoiser_ip/solution1/.autopilot/db/ecg_denoiser.constraint.tcl 
Execute       sc_get_clocks ecg_denoiser 
Execute       source C:/ecg_hls/ecg_denoiser_ip/solution1/.autopilot/db/global.setting.tcl 
Execute       source C:/ecg_hls/ecg_denoiser_ip/solution1/impl/misc/ecg_denoiser_fcmp_32ns_32ns_1_2_no_dsp_1_ip.tcl 
Execute       source C:/ecg_hls/ecg_denoiser_ip/solution1/impl/misc/ecg_denoiser_fpext_32ns_64_2_no_dsp_1_ip.tcl 
Execute       source C:/ecg_hls/ecg_denoiser_ip/solution1/impl/misc/ecg_denoiser_fsqrt_32ns_32ns_32_10_no_dsp_1_ip.tcl 
INFO-FLOW: DBG:PROC: ::HLSREPORTS::add_csynth_report_sections bind_info_dict='adapter_nodes {} report_dict {TOPINST ecg_denoiser MODULE2INSTS {ecg_denoiser ecg_denoiser ecg_denoiser_Pipeline_READ_INPUT grp_ecg_denoiser_Pipeline_READ_INPUT_fu_228 ecg_denoiser_Pipeline_ZNORM_MEAN grp_ecg_denoiser_Pipeline_ZNORM_MEAN_fu_248 ecg_denoiser_Pipeline_ZNORM_VAR grp_ecg_denoiser_Pipeline_ZNORM_VAR_fu_255 ecg_denoiser_Pipeline_ZNORM_APPLY grp_ecg_denoiser_Pipeline_ZNORM_APPLY_fu_263 conv_layer01234_fused grp_conv_layer01234_fused_fu_273 conv_layer01234_fused_Pipeline_L0_K grp_conv_layer01234_fused_Pipeline_L0_K_fu_11063 conv_layer01234_fused_Pipeline_L1_IC_L1_K grp_conv_layer01234_fused_Pipeline_L1_IC_L1_K_fu_11080 conv_layer01234_fused_Pipeline_L2_IC_L2_K grp_conv_layer01234_fused_Pipeline_L2_IC_L2_K_fu_11097 conv_layer01234_fused_Pipeline_L3_IC_L3_K grp_conv_layer01234_fused_Pipeline_L3_IC_L3_K_fu_11112 conv_layer01234_fused_Pipeline_L4_IC_L4_K grp_conv_layer01234_fused_Pipeline_L4_IC_L4_K_fu_11128 ecg_denoiser_Pipeline_WRITE_OUTPUT grp_ecg_denoiser_Pipeline_WRITE_OUTPUT_fu_298} INST2MODULE {ecg_denoiser ecg_denoiser grp_ecg_denoiser_Pipeline_READ_INPUT_fu_228 ecg_denoiser_Pipeline_READ_INPUT grp_ecg_denoiser_Pipeline_ZNORM_MEAN_fu_248 ecg_denoiser_Pipeline_ZNORM_MEAN grp_ecg_denoiser_Pipeline_ZNORM_VAR_fu_255 ecg_denoiser_Pipeline_ZNORM_VAR grp_ecg_denoiser_Pipeline_ZNORM_APPLY_fu_263 ecg_denoiser_Pipeline_ZNORM_APPLY grp_conv_layer01234_fused_fu_273 conv_layer01234_fused grp_conv_layer01234_fused_Pipeline_L0_K_fu_11063 conv_layer01234_fused_Pipeline_L0_K grp_conv_layer01234_fused_Pipeline_L1_IC_L1_K_fu_11080 conv_layer01234_fused_Pipeline_L1_IC_L1_K grp_conv_layer01234_fused_Pipeline_L2_IC_L2_K_fu_11097 conv_layer01234_fused_Pipeline_L2_IC_L2_K grp_conv_layer01234_fused_Pipeline_L3_IC_L3_K_fu_11112 conv_layer01234_fused_Pipeline_L3_IC_L3_K grp_conv_layer01234_fused_Pipeline_L4_IC_L4_K_fu_11128 conv_layer01234_fused_Pipeline_L4_IC_L4_K grp_ecg_denoiser_Pipeline_WRITE_OUTPUT_fu_298 ecg_denoiser_Pipeline_WRITE_OUTPUT} INSTDATA {ecg_denoiser {DEPTH 1 CHILDREN {grp_ecg_denoiser_Pipeline_READ_INPUT_fu_228 grp_ecg_denoiser_Pipeline_ZNORM_MEAN_fu_248 grp_ecg_denoiser_Pipeline_ZNORM_VAR_fu_255 grp_ecg_denoiser_Pipeline_ZNORM_APPLY_fu_263 grp_conv_layer01234_fused_fu_273 grp_ecg_denoiser_Pipeline_WRITE_OUTPUT_fu_298}} grp_ecg_denoiser_Pipeline_READ_INPUT_fu_228 {DEPTH 2 CHILDREN {}} grp_ecg_denoiser_Pipeline_ZNORM_MEAN_fu_248 {DEPTH 2 CHILDREN {}} grp_ecg_denoiser_Pipeline_ZNORM_VAR_fu_255 {DEPTH 2 CHILDREN {}} grp_ecg_denoiser_Pipeline_ZNORM_APPLY_fu_263 {DEPTH 2 CHILDREN {}} grp_conv_layer01234_fused_fu_273 {DEPTH 2 CHILDREN {grp_conv_layer01234_fused_Pipeline_L0_K_fu_11063 grp_conv_layer01234_fused_Pipeline_L1_IC_L1_K_fu_11080 grp_conv_layer01234_fused_Pipeline_L2_IC_L2_K_fu_11097 grp_conv_layer01234_fused_Pipeline_L3_IC_L3_K_fu_11112 grp_conv_layer01234_fused_Pipeline_L4_IC_L4_K_fu_11128}} grp_conv_layer01234_fused_Pipeline_L0_K_fu_11063 {DEPTH 3 CHILDREN {}} grp_conv_layer01234_fused_Pipeline_L1_IC_L1_K_fu_11080 {DEPTH 3 CHILDREN {}} grp_conv_layer01234_fused_Pipeline_L2_IC_L2_K_fu_11097 {DEPTH 3 CHILDREN {}} grp_conv_layer01234_fused_Pipeline_L3_IC_L3_K_fu_11112 {DEPTH 3 CHILDREN {}} grp_conv_layer01234_fused_Pipeline_L4_IC_L4_K_fu_11128 {DEPTH 3 CHILDREN {}} grp_ecg_denoiser_Pipeline_WRITE_OUTPUT_fu_298 {DEPTH 2 CHILDREN {}}} MODULEDATA {ecg_denoiser_Pipeline_READ_INPUT {BINDINFO {{BINDTYPE op ID {} IMPL fabric LATENCY 0 OPTYPE add PRAGMA {} RTLNAME add_ln243_fu_130_p2 SOURCE src/ecg_denoiser.cpp:243 VARIABLE add_ln243 LOOP READ_INPUT BUNDLEDNAME {} DSP 0 BRAM 0 URAM 0 DISPNAME {bind_op add}}} AREA {DSP 0 BRAM 0 URAM 0}} ecg_denoiser_Pipeline_ZNORM_MEAN {BINDINFO {{BINDTYPE op ID {} IMPL fabric LATENCY 0 OPTYPE add PRAGMA {} RTLNAME add_ln252_fu_112_p2 SOURCE src/ecg_denoiser.cpp:252 VARIABLE add_ln252 LOOP ZNORM_MEAN BUNDLEDNAME {} DSP 0 BRAM 0 URAM 0 DISPNAME {bind_op add}} {BINDTYPE op ID {} IMPL fabric LATENCY 0 OPTYPE add PRAGMA {} RTLNAME mean_acc_V_1_fu_167_p2 SOURCE {C:/Xilinx/Vitis_HLS/2022.2/common/technology/autopilot\ap_fixed_base.h:813} VARIABLE mean_acc_V_1 LOOP ZNORM_MEAN BUNDLEDNAME {} DSP 0 BRAM 0 URAM 0 DISPNAME {bind_op add}}} AREA {DSP 0 BRAM 0 URAM 0}} ecg_denoiser_Pipeline_ZNORM_VAR {BINDINFO {{BINDTYPE op ID {} IMPL fabric LATENCY 0 OPTYPE add PRAGMA {} RTLNAME add_ln260_fu_132_p2 SOURCE src/ecg_denoiser.cpp:260 VARIABLE add_ln260 LOOP ZNORM_VAR BUNDLEDNAME {} DSP 0 BRAM 0 URAM 0 DISPNAME {bind_op add}} {BINDTYPE op ID {} IMPL fabric LATENCY 0 OPTYPE sub PRAGMA {} RTLNAME d_fu_172_p2 SOURCE {C:/Xilinx/Vitis_HLS/2022.2/common/technology/autopilot\ap_fixed_base.h:813} VARIABLE d LOOP ZNORM_VAR BUNDLEDNAME {} DSP 0 BRAM 0 URAM 0 DISPNAME {bind_op sub}} {BINDTYPE op ID {} IMPL auto LATENCY 0 OPTYPE mul PRAGMA {} RTLNAME mul_40s_40s_72_1_1_U16 SOURCE {C:/Xilinx/Vitis_HLS/2022.2/common/technology/autopilot\ap_fixed_base.h:1273} VARIABLE r_V_1 LOOP ZNORM_VAR BUNDLEDNAME {} DSP 4 BRAM 0 URAM 0 DISPNAME {bind_op mul}} {BINDTYPE op ID {} IMPL fabric LATENCY 0 OPTYPE add PRAGMA {} RTLNAME ret_V_fu_205_p2 SOURCE {C:/Xilinx/Vitis_HLS/2022.2/common/technology/autopilot\ap_fixed_base.h:1347} VARIABLE ret_V LOOP ZNORM_VAR BUNDLEDNAME {} DSP 0 BRAM 0 URAM 0 DISPNAME {bind_op add}}} AREA {DSP 4 BRAM 0 URAM 0}} ecg_denoiser_Pipeline_ZNORM_APPLY {BINDINFO {{BINDTYPE op ID {} IMPL fabric LATENCY 0 OPTYPE add PRAGMA {} RTLNAME add_ln272_fu_146_p2 SOURCE src/ecg_denoiser.cpp:272 VARIABLE add_ln272 LOOP ZNORM_APPLY BUNDLEDNAME {} DSP 0 BRAM 0 URAM 0 DISPNAME {bind_op add}} {BINDTYPE op ID {} IMPL fabric LATENCY 0 OPTYPE sub PRAGMA {} RTLNAME ret_V_fu_192_p2 SOURCE {C:/Xilinx/Vitis_HLS/2022.2/common/technology/autopilot\ap_fixed_base.h:1348} VARIABLE ret_V LOOP ZNORM_APPLY BUNDLEDNAME {} DSP 0 BRAM 0 URAM 0 DISPNAME {bind_op sub}} {BINDTYPE op ID {} IMPL auto LATENCY 0 OPTYPE mul PRAGMA {} RTLNAME mul_33s_32s_48_1_1_U23 SOURCE {C:/Xilinx/Vitis_HLS/2022.2/common/technology/autopilot\ap_fixed_base.h:1273} VARIABLE r_V_2 LOOP ZNORM_APPLY BUNDLEDNAME {} DSP 3 BRAM 0 URAM 0 DISPNAME {bind_op mul}}} AREA {DSP 3 BRAM 0 URAM 0}} conv_layer01234_fused_Pipeline_L0_K {BINDINFO {{BINDTYPE op ID {} IMPL fabric LATENCY 0 OPTYPE add PRAGMA {} RTLNAME add_ln79_fu_210_p2 SOURCE src/ecg_denoiser.cpp:79 VARIABLE add_ln79 LOOP L0_K BUNDLEDNAME {} DSP 0 BRAM 0 URAM 0 DISPNAME {bind_op add}} {BINDTYPE op ID {} IMPL fabric LATENCY 0 OPTYPE add PRAGMA {} RTLNAME add_ln837_fu_250_p2 SOURCE {C:/Xilinx/Vitis_HLS/2022.2/common/technology/autopilot\ap_fixed_base.h:837} VARIABLE add_ln837 LOOP L0_K BUNDLEDNAME {} DSP 0 BRAM 0 URAM 0 DISPNAME {bind_op add}} {BINDTYPE op ID {} IMPL fabric LATENCY 0 OPTYPE add PRAGMA {} RTLNAME add_ln81_1_fu_220_p2 SOURCE src/ecg_denoiser.cpp:81 VARIABLE add_ln81_1 LOOP L0_K BUNDLEDNAME {} DSP 0 BRAM 0 URAM 0 DISPNAME {bind_op add}} {BINDTYPE op ID {} IMPL fabric LATENCY 0 OPTYPE add PRAGMA {} RTLNAME add_ln82_fu_263_p2 SOURCE src/ecg_denoiser.cpp:82 VARIABLE add_ln82 LOOP L0_K BUNDLEDNAME {} DSP 0 BRAM 0 URAM 0 DISPNAME {bind_op add}} {BINDTYPE op ID {} IMPL auto LATENCY 0 OPTYPE mul PRAGMA {} RTLNAME mul_24s_40s_63_1_1_U32 SOURCE {C:/Xilinx/Vitis_HLS/2022.2/common/technology/autopilot\ap_fixed_base.h:1273} VARIABLE r_V_13 LOOP L0_K BUNDLEDNAME {} DSP 2 BRAM 0 URAM 0 DISPNAME {bind_op mul}} {BINDTYPE op ID {} IMPL fabric LATENCY 0 OPTYPE add PRAGMA {} RTLNAME ret_V_fu_355_p2 SOURCE {C:/Xilinx/Vitis_HLS/2022.2/common/technology/autopilot\ap_fixed_base.h:1347} VARIABLE ret_V LOOP L0_K BUNDLEDNAME {} DSP 0 BRAM 0 URAM 0 DISPNAME {bind_op add}} {BINDTYPE op ID {} IMPL fabric LATENCY 0 OPTYPE add PRAGMA {} RTLNAME add_ln1347_1_fu_361_p2 SOURCE {C:/Xilinx/Vitis_HLS/2022.2/common/technology/autopilot\ap_fixed_base.h:1347} VARIABLE add_ln1347_1 LOOP L0_K BUNDLEDNAME {} DSP 0 BRAM 0 URAM 0 DISPNAME {bind_op add}} {BINDTYPE storage ID {} IMPL lutram LATENCY 1 OPTYPE rom_np PRAGMA pragma RTLNAME denoiser_w_L0_W_V_U SOURCE :0 VARIABLE denoiser_w_L0_W_V LOOP {} BUNDLEDNAME {} DSP 0 BRAM 0 URAM 0 DISPNAME {bind_storage rom_np}}} AREA {DSP 2 BRAM 0 URAM 0}} conv_layer01234_fused_Pipeline_L1_IC_L1_K {BINDINFO {{BINDTYPE op ID {} IMPL fabric LATENCY 0 OPTYPE add PRAGMA {} RTLNAME add_ln110_1_fu_326_p2 SOURCE src/ecg_denoiser.cpp:110 VARIABLE add_ln110_1 LOOP L1_IC_L1_K BUNDLEDNAME {} DSP 0 BRAM 0 URAM 0 DISPNAME {bind_op add}} {BINDTYPE op ID {} IMPL fabric LATENCY 0 OPTYPE add PRAGMA {} RTLNAME add_ln110_fu_338_p2 SOURCE src/ecg_denoiser.cpp:110 VARIABLE add_ln110 LOOP L1_IC_L1_K BUNDLEDNAME {} DSP 0 BRAM 0 URAM 0 DISPNAME {bind_op add}} {BINDTYPE op ID {} IMPL fabric LATENCY 0 OPTYPE add PRAGMA {} RTLNAME add_ln837_1_fu_439_p2 SOURCE {C:/Xilinx/Vitis_HLS/2022.2/common/technology/autopilot\ap_fixed_base.h:837} VARIABLE add_ln837_1 LOOP L1_IC_L1_K BUNDLEDNAME {} DSP 0 BRAM 0 URAM 0 DISPNAME {bind_op add}} {BINDTYPE op ID {} IMPL auto LATENCY 0 OPTYPE mul PRAGMA {} RTLNAME mul_23s_40s_62_1_1_U44 SOURCE {C:/Xilinx/Vitis_HLS/2022.2/common/technology/autopilot\ap_fixed_base.h:1273} VARIABLE r_V LOOP L1_IC_L1_K BUNDLEDNAME {} DSP 2 BRAM 0 URAM 0 DISPNAME {bind_op mul}} {BINDTYPE op ID {} IMPL fabric LATENCY 0 OPTYPE add PRAGMA {} RTLNAME add_ln112_1_fu_607_p2 SOURCE src/ecg_denoiser.cpp:112 VARIABLE add_ln112_1 LOOP L1_IC_L1_K BUNDLEDNAME {} DSP 0 BRAM 0 URAM 0 DISPNAME {bind_op add}} {BINDTYPE op ID {} IMPL fabric LATENCY 0 OPTYPE add PRAGMA {} RTLNAME add_ln1347_fu_613_p2 SOURCE {C:/Xilinx/Vitis_HLS/2022.2/common/technology/autopilot\ap_fixed_base.h:1347} VARIABLE add_ln1347 LOOP L1_IC_L1_K BUNDLEDNAME {} DSP 0 BRAM 0 URAM 0 DISPNAME {bind_op add}} {BINDTYPE op ID {} IMPL auto LATENCY 0 OPTYPE mul PRAGMA {} RTLNAME mul_23s_40s_62_1_1_U45 SOURCE {C:/Xilinx/Vitis_HLS/2022.2/common/technology/autopilot\ap_fixed_base.h:1273} VARIABLE r_V_11 LOOP L1_IC_L1_K BUNDLEDNAME {} DSP 2 BRAM 0 URAM 0 DISPNAME {bind_op mul}} {BINDTYPE op ID {} IMPL fabric LATENCY 0 OPTYPE add PRAGMA {} RTLNAME add_ln112_2_fu_655_p2 SOURCE src/ecg_denoiser.cpp:112 VARIABLE add_ln112_2 LOOP L1_IC_L1_K BUNDLEDNAME {} DSP 0 BRAM 0 URAM 0 DISPNAME {bind_op add}} {BINDTYPE op ID {} IMPL fabric LATENCY 0 OPTYPE add PRAGMA {} RTLNAME add_ln1347_2_fu_661_p2 SOURCE {C:/Xilinx/Vitis_HLS/2022.2/common/technology/autopilot\ap_fixed_base.h:1347} VARIABLE add_ln1347_2 LOOP L1_IC_L1_K BUNDLEDNAME {} DSP 0 BRAM 0 URAM 0 DISPNAME {bind_op add}} {BINDTYPE op ID {} IMPL fabric LATENCY 0 OPTYPE add PRAGMA {} RTLNAME add_ln112_fu_366_p2 SOURCE src/ecg_denoiser.cpp:112 VARIABLE add_ln112 LOOP L1_IC_L1_K BUNDLEDNAME {} DSP 0 BRAM 0 URAM 0 DISPNAME {bind_op add}} {BINDTYPE storage ID {} IMPL bram LATENCY 1 OPTYPE rom_np PRAGMA pragma RTLNAME denoiser_w_L1_W_V_U SOURCE :0 VARIABLE denoiser_w_L1_W_V LOOP {} BUNDLEDNAME {} DSP 0 BRAM 60 URAM 0 DISPNAME {bind_storage rom_np}}} AREA {DSP 4 BRAM 60 URAM 0}} conv_layer01234_fused_Pipeline_L2_IC_L2_K {BINDINFO {{BINDTYPE op ID {} IMPL fabric LATENCY 0 OPTYPE add PRAGMA {} RTLNAME add_ln145_1_fu_296_p2 SOURCE src/ecg_denoiser.cpp:145 VARIABLE add_ln145_1 LOOP L2_IC_L2_K BUNDLEDNAME {} DSP 0 BRAM 0 URAM 0 DISPNAME {bind_op add}} {BINDTYPE op ID {} IMPL fabric LATENCY 0 OPTYPE add PRAGMA {} RTLNAME add_ln145_fu_308_p2 SOURCE src/ecg_denoiser.cpp:145 VARIABLE add_ln145 LOOP L2_IC_L2_K BUNDLEDNAME {} DSP 0 BRAM 0 URAM 0 DISPNAME {bind_op add}} {BINDTYPE op ID {} IMPL fabric LATENCY 0 OPTYPE add PRAGMA {} RTLNAME add_ln837_3_fu_412_p2 SOURCE {C:/Xilinx/Vitis_HLS/2022.2/common/technology/autopilot\ap_fixed_base.h:837} VARIABLE add_ln837_3 LOOP L2_IC_L2_K BUNDLEDNAME {} DSP 0 BRAM 0 URAM 0 DISPNAME {bind_op add}} {BINDTYPE op ID {} IMPL auto LATENCY 0 OPTYPE mul PRAGMA {} RTLNAME mul_23s_40s_62_1_1_U61 SOURCE {C:/Xilinx/Vitis_HLS/2022.2/common/technology/autopilot\ap_fixed_base.h:1273} VARIABLE r_V_9 LOOP L2_IC_L2_K BUNDLEDNAME {} DSP 2 BRAM 0 URAM 0 DISPNAME {bind_op mul}} {BINDTYPE op ID {} IMPL fabric LATENCY 0 OPTYPE add PRAGMA {} RTLNAME add_ln147_1_fu_566_p2 SOURCE src/ecg_denoiser.cpp:147 VARIABLE add_ln147_1 LOOP L2_IC_L2_K BUNDLEDNAME {} DSP 0 BRAM 0 URAM 0 DISPNAME {bind_op add}} {BINDTYPE op ID {} IMPL fabric LATENCY 0 OPTYPE add PRAGMA {} RTLNAME add_ln1347_fu_572_p2 SOURCE {C:/Xilinx/Vitis_HLS/2022.2/common/technology/autopilot\ap_fixed_base.h:1347} VARIABLE add_ln1347 LOOP L2_IC_L2_K BUNDLEDNAME {} DSP 0 BRAM 0 URAM 0 DISPNAME {bind_op add}} {BINDTYPE op ID {} IMPL auto LATENCY 0 OPTYPE mul PRAGMA {} RTLNAME mul_23s_40s_62_1_1_U62 SOURCE {C:/Xilinx/Vitis_HLS/2022.2/common/technology/autopilot\ap_fixed_base.h:1273} VARIABLE r_V_10 LOOP L2_IC_L2_K BUNDLEDNAME {} DSP 2 BRAM 0 URAM 0 DISPNAME {bind_op mul}} {BINDTYPE op ID {} IMPL fabric LATENCY 0 OPTYPE add PRAGMA {} RTLNAME add_ln147_2_fu_614_p2 SOURCE src/ecg_denoiser.cpp:147 VARIABLE add_ln147_2 LOOP L2_IC_L2_K BUNDLEDNAME {} DSP 0 BRAM 0 URAM 0 DISPNAME {bind_op add}} {BINDTYPE op ID {} IMPL fabric LATENCY 0 OPTYPE add PRAGMA {} RTLNAME add_ln1347_2_fu_620_p2 SOURCE {C:/Xilinx/Vitis_HLS/2022.2/common/technology/autopilot\ap_fixed_base.h:1347} VARIABLE add_ln1347_2 LOOP L2_IC_L2_K BUNDLEDNAME {} DSP 0 BRAM 0 URAM 0 DISPNAME {bind_op add}} {BINDTYPE op ID {} IMPL fabric LATENCY 0 OPTYPE add PRAGMA {} RTLNAME add_ln147_fu_343_p2 SOURCE src/ecg_denoiser.cpp:147 VARIABLE add_ln147 LOOP L2_IC_L2_K BUNDLEDNAME {} DSP 0 BRAM 0 URAM 0 DISPNAME {bind_op add}} {BINDTYPE storage ID {} IMPL lutram LATENCY 1 OPTYPE rom_np PRAGMA pragma RTLNAME denoiser_w_L2_W_V_U SOURCE :0 VARIABLE denoiser_w_L2_W_V LOOP {} BUNDLEDNAME {} DSP 0 BRAM 0 URAM 0 DISPNAME {bind_storage rom_np}}} AREA {DSP 4 BRAM 0 URAM 0}} conv_layer01234_fused_Pipeline_L3_IC_L3_K {BINDINFO {{BINDTYPE op ID {} IMPL fabric LATENCY 0 OPTYPE add PRAGMA {} RTLNAME add_ln180_1_fu_388_p2 SOURCE src/ecg_denoiser.cpp:180 VARIABLE add_ln180_1 LOOP L3_IC_L3_K BUNDLEDNAME {} DSP 0 BRAM 0 URAM 0 DISPNAME {bind_op add}} {BINDTYPE op ID {} IMPL fabric LATENCY 0 OPTYPE add PRAGMA {} RTLNAME add_ln180_fu_397_p2 SOURCE src/ecg_denoiser.cpp:180 VARIABLE add_ln180 LOOP L3_IC_L3_K BUNDLEDNAME {} DSP 0 BRAM 0 URAM 0 DISPNAME {bind_op add}} {BINDTYPE op ID {} IMPL fabric LATENCY 0 OPTYPE add PRAGMA {} RTLNAME add_ln837_fu_533_p2 SOURCE {C:/Xilinx/Vitis_HLS/2022.2/common/technology/autopilot\ap_fixed_base.h:837} VARIABLE add_ln837 LOOP L3_IC_L3_K BUNDLEDNAME {} DSP 0 BRAM 0 URAM 0 DISPNAME {bind_op add}} {BINDTYPE op ID {} IMPL auto LATENCY 0 OPTYPE mul PRAGMA {} RTLNAME mul_23s_39ns_62_1_1_U81 SOURCE {C:/Xilinx/Vitis_HLS/2022.2/common/technology/autopilot\ap_fixed_base.h:1273} VARIABLE r_V LOOP L3_IC_L3_K BUNDLEDNAME {} DSP 2 BRAM 0 URAM 0 DISPNAME {bind_op mul}} {BINDTYPE op ID {} IMPL fabric LATENCY 0 OPTYPE add PRAGMA {} RTLNAME add_ln182_1_fu_723_p2 SOURCE src/ecg_denoiser.cpp:182 VARIABLE add_ln182_1 LOOP L3_IC_L3_K BUNDLEDNAME {} DSP 0 BRAM 0 URAM 0 DISPNAME {bind_op add}} {BINDTYPE op ID {} IMPL fabric LATENCY 0 OPTYPE add PRAGMA {} RTLNAME add_ln1347_fu_729_p2 SOURCE {C:/Xilinx/Vitis_HLS/2022.2/common/technology/autopilot\ap_fixed_base.h:1347} VARIABLE add_ln1347 LOOP L3_IC_L3_K BUNDLEDNAME {} DSP 0 BRAM 0 URAM 0 DISPNAME {bind_op add}} {BINDTYPE op ID {} IMPL auto LATENCY 0 OPTYPE mul PRAGMA {} RTLNAME mul_23s_39ns_62_1_1_U82 SOURCE {C:/Xilinx/Vitis_HLS/2022.2/common/technology/autopilot\ap_fixed_base.h:1273} VARIABLE r_V_6 LOOP L3_IC_L3_K BUNDLEDNAME {} DSP 2 BRAM 0 URAM 0 DISPNAME {bind_op mul}} {BINDTYPE op ID {} IMPL fabric LATENCY 0 OPTYPE add PRAGMA {} RTLNAME add_ln182_2_fu_771_p2 SOURCE src/ecg_denoiser.cpp:182 VARIABLE add_ln182_2 LOOP L3_IC_L3_K BUNDLEDNAME {} DSP 0 BRAM 0 URAM 0 DISPNAME {bind_op add}} {BINDTYPE op ID {} IMPL fabric LATENCY 0 OPTYPE add PRAGMA {} RTLNAME add_ln1347_1_fu_777_p2 SOURCE {C:/Xilinx/Vitis_HLS/2022.2/common/technology/autopilot\ap_fixed_base.h:1347} VARIABLE add_ln1347_1 LOOP L3_IC_L3_K BUNDLEDNAME {} DSP 0 BRAM 0 URAM 0 DISPNAME {bind_op add}} {BINDTYPE op ID {} IMPL fabric LATENCY 0 OPTYPE add PRAGMA {} RTLNAME add_ln182_fu_447_p2 SOURCE src/ecg_denoiser.cpp:182 VARIABLE add_ln182 LOOP L3_IC_L3_K BUNDLEDNAME {} DSP 0 BRAM 0 URAM 0 DISPNAME {bind_op add}} {BINDTYPE storage ID {} IMPL lutram LATENCY 1 OPTYPE rom_np PRAGMA pragma RTLNAME denoiser_w_L3_W_V_U SOURCE :0 VARIABLE denoiser_w_L3_W_V LOOP {} BUNDLEDNAME {} DSP 0 BRAM 0 URAM 0 DISPNAME {bind_storage rom_np}}} AREA {DSP 4 BRAM 0 URAM 0}} conv_layer01234_fused_Pipeline_L4_IC_L4_K {BINDINFO {{BINDTYPE op ID {} IMPL fabric LATENCY 0 OPTYPE add PRAGMA {} RTLNAME add_ln212_1_fu_463_p2 SOURCE src/ecg_denoiser.cpp:212 VARIABLE add_ln212_1 LOOP L4_IC_L4_K BUNDLEDNAME {} DSP 0 BRAM 0 URAM 0 DISPNAME {bind_op add}} {BINDTYPE op ID {} IMPL fabric LATENCY 0 OPTYPE add PRAGMA {} RTLNAME add_ln212_fu_472_p2 SOURCE src/ecg_denoiser.cpp:212 VARIABLE add_ln212 LOOP L4_IC_L4_K BUNDLEDNAME {} DSP 0 BRAM 0 URAM 0 DISPNAME {bind_op add}} {BINDTYPE op ID {} IMPL auto LATENCY 0 OPTYPE mul PRAGMA {} RTLNAME mul_23s_40s_62_1_1_U112 SOURCE {C:/Xilinx/Vitis_HLS/2022.2/common/technology/autopilot\ap_fixed_base.h:1273} VARIABLE r_V_5 LOOP L4_IC_L4_K BUNDLEDNAME {} DSP 2 BRAM 0 URAM 0 DISPNAME {bind_op mul}} {BINDTYPE op ID {} IMPL fabric LATENCY 0 OPTYPE add PRAGMA {} RTLNAME add_ln214_1_fu_861_p2 SOURCE src/ecg_denoiser.cpp:214 VARIABLE add_ln214_1 LOOP L4_IC_L4_K BUNDLEDNAME {} DSP 0 BRAM 0 URAM 0 DISPNAME {bind_op add}} {BINDTYPE op ID {} IMPL fabric LATENCY 0 OPTYPE add PRAGMA {} RTLNAME add_ln1347_fu_867_p2 SOURCE {C:/Xilinx/Vitis_HLS/2022.2/common/technology/autopilot\ap_fixed_base.h:1347} VARIABLE add_ln1347 LOOP L4_IC_L4_K BUNDLEDNAME {} DSP 0 BRAM 0 URAM 0 DISPNAME {bind_op add}} {BINDTYPE op ID {} IMPL fabric LATENCY 0 OPTYPE add PRAGMA {} RTLNAME add_ln214_fu_560_p2 SOURCE src/ecg_denoiser.cpp:214 VARIABLE add_ln214 LOOP L4_IC_L4_K BUNDLEDNAME {} DSP 0 BRAM 0 URAM 0 DISPNAME {bind_op add}} {BINDTYPE storage ID {} IMPL lutram LATENCY 1 OPTYPE rom_np PRAGMA pragma RTLNAME denoiser_w_L4_W_V_U SOURCE :0 VARIABLE denoiser_w_L4_W_V LOOP {} BUNDLEDNAME {} DSP 0 BRAM 0 URAM 0 DISPNAME {bind_storage rom_np}}} AREA {DSP 2 BRAM 0 URAM 0}} conv_layer01234_fused {BINDINFO {{BINDTYPE storage ID {} IMPL auto LATENCY 1 OPTYPE ram_t2p PRAGMA {} RTLNAME win01_V_U SOURCE src/ecg_denoiser.cpp:16 VARIABLE win01_V LOOP {} BUNDLEDNAME {} DSP 0 BRAM 2 URAM 0 DISPNAME {bind_storage ram_t2p}} {BINDTYPE storage ID {} IMPL auto LATENCY 1 OPTYPE ram_t2p PRAGMA {} RTLNAME win01_V_1_U SOURCE src/ecg_denoiser.cpp:16 VARIABLE win01_V_1 LOOP {} BUNDLEDNAME {} DSP 0 BRAM 2 URAM 0 DISPNAME {bind_storage ram_t2p}} {BINDTYPE storage ID {} IMPL auto LATENCY 1 OPTYPE ram_t2p PRAGMA {} RTLNAME win01_V_2_U SOURCE src/ecg_denoiser.cpp:16 VARIABLE win01_V_2 LOOP {} BUNDLEDNAME {} DSP 0 BRAM 2 URAM 0 DISPNAME {bind_storage ram_t2p}} {BINDTYPE storage ID {} IMPL auto LATENCY 1 OPTYPE ram_t2p PRAGMA {} RTLNAME win01_V_3_U SOURCE src/ecg_denoiser.cpp:16 VARIABLE win01_V_3 LOOP {} BUNDLEDNAME {} DSP 0 BRAM 2 URAM 0 DISPNAME {bind_storage ram_t2p}} {BINDTYPE storage ID {} IMPL auto LATENCY 1 OPTYPE ram_t2p PRAGMA {} RTLNAME win01_V_4_U SOURCE src/ecg_denoiser.cpp:16 VARIABLE win01_V_4 LOOP {} BUNDLEDNAME {} DSP 0 BRAM 2 URAM 0 DISPNAME {bind_storage ram_t2p}} {BINDTYPE storage ID {} IMPL auto LATENCY 1 OPTYPE ram_t2p PRAGMA {} RTLNAME win12_V_U SOURCE src/ecg_denoiser.cpp:20 VARIABLE win12_V LOOP {} BUNDLEDNAME {} DSP 0 BRAM 2 URAM 0 DISPNAME {bind_storage ram_t2p}} {BINDTYPE storage ID {} IMPL auto LATENCY 1 OPTYPE ram_t2p PRAGMA {} RTLNAME win12_V_1_U SOURCE src/ecg_denoiser.cpp:20 VARIABLE win12_V_1 LOOP {} BUNDLEDNAME {} DSP 0 BRAM 2 URAM 0 DISPNAME {bind_storage ram_t2p}} {BINDTYPE storage ID {} IMPL auto LATENCY 1 OPTYPE ram_t2p PRAGMA {} RTLNAME win12_V_2_U SOURCE src/ecg_denoiser.cpp:20 VARIABLE win12_V_2 LOOP {} BUNDLEDNAME {} DSP 0 BRAM 2 URAM 0 DISPNAME {bind_storage ram_t2p}} {BINDTYPE storage ID {} IMPL auto LATENCY 1 OPTYPE ram_t2p PRAGMA {} RTLNAME win23_V_U SOURCE src/ecg_denoiser.cpp:24 VARIABLE win23_V LOOP {} BUNDLEDNAME {} DSP 0 BRAM 0 URAM 0 DISPNAME {bind_storage ram_t2p}} {BINDTYPE storage ID {} IMPL auto LATENCY 1 OPTYPE ram_t2p PRAGMA {} RTLNAME win23_V_1_U SOURCE src/ecg_denoiser.cpp:24 VARIABLE win23_V_1 LOOP {} BUNDLEDNAME {} DSP 0 BRAM 0 URAM 0 DISPNAME {bind_storage ram_t2p}} {BINDTYPE storage ID {} IMPL auto LATENCY 1 OPTYPE ram_t2p PRAGMA {} RTLNAME win23_V_2_U SOURCE src/ecg_denoiser.cpp:24 VARIABLE win23_V_2 LOOP {} BUNDLEDNAME {} DSP 0 BRAM 0 URAM 0 DISPNAME {bind_storage ram_t2p}} {BINDTYPE storage ID {} IMPL auto LATENCY 1 OPTYPE ram_t2p PRAGMA {} RTLNAME win23_V_3_U SOURCE src/ecg_denoiser.cpp:24 VARIABLE win23_V_3 LOOP {} BUNDLEDNAME {} DSP 0 BRAM 0 URAM 0 DISPNAME {bind_storage ram_t2p}} {BINDTYPE storage ID {} IMPL auto LATENCY 1 OPTYPE ram_t2p PRAGMA {} RTLNAME win34_V_U SOURCE src/ecg_denoiser.cpp:28 VARIABLE win34_V LOOP {} BUNDLEDNAME {} DSP 0 BRAM 0 URAM 0 DISPNAME {bind_storage ram_t2p}} {BINDTYPE storage ID {} IMPL auto LATENCY 1 OPTYPE ram_t2p PRAGMA {} RTLNAME win34_V_1_U SOURCE src/ecg_denoiser.cpp:28 VARIABLE win34_V_1 LOOP {} BUNDLEDNAME {} DSP 0 BRAM 0 URAM 0 DISPNAME {bind_storage ram_t2p}} {BINDTYPE storage ID {} IMPL auto LATENCY 1 OPTYPE ram_t2p PRAGMA {} RTLNAME win34_V_2_U SOURCE src/ecg_denoiser.cpp:28 VARIABLE win34_V_2 LOOP {} BUNDLEDNAME {} DSP 0 BRAM 0 URAM 0 DISPNAME {bind_storage ram_t2p}} {BINDTYPE storage ID {} IMPL auto LATENCY 1 OPTYPE ram_t2p PRAGMA {} RTLNAME win34_V_3_U SOURCE src/ecg_denoiser.cpp:28 VARIABLE win34_V_3 LOOP {} BUNDLEDNAME {} DSP 0 BRAM 0 URAM 0 DISPNAME {bind_storage ram_t2p}} {BINDTYPE storage ID {} IMPL auto LATENCY 1 OPTYPE ram_t2p PRAGMA {} RTLNAME win34_V_4_U SOURCE src/ecg_denoiser.cpp:28 VARIABLE win34_V_4 LOOP {} BUNDLEDNAME {} DSP 0 BRAM 0 URAM 0 DISPNAME {bind_storage ram_t2p}} {BINDTYPE storage ID {} IMPL auto LATENCY 1 OPTYPE ram_t2p PRAGMA {} RTLNAME win34_V_5_U SOURCE src/ecg_denoiser.cpp:28 VARIABLE win34_V_5 LOOP {} BUNDLEDNAME {} DSP 0 BRAM 0 URAM 0 DISPNAME {bind_storage ram_t2p}} {BINDTYPE storage ID {} IMPL auto LATENCY 1 OPTYPE ram_t2p PRAGMA {} RTLNAME win34_V_6_U SOURCE src/ecg_denoiser.cpp:28 VARIABLE win34_V_6 LOOP {} BUNDLEDNAME {} DSP 0 BRAM 0 URAM 0 DISPNAME {bind_storage ram_t2p}} {BINDTYPE storage ID {} IMPL auto LATENCY 1 OPTYPE ram_t2p PRAGMA {} RTLNAME win34_V_7_U SOURCE src/ecg_denoiser.cpp:28 VARIABLE win34_V_7 LOOP {} BUNDLEDNAME {} DSP 0 BRAM 0 URAM 0 DISPNAME {bind_storage ram_t2p}} {BINDTYPE storage ID {} IMPL auto LATENCY 1 OPTYPE ram_t2p PRAGMA {} RTLNAME win34_V_8_U SOURCE src/ecg_denoiser.cpp:28 VARIABLE win34_V_8 LOOP {} BUNDLEDNAME {} DSP 0 BRAM 0 URAM 0 DISPNAME {bind_storage ram_t2p}} {BINDTYPE storage ID {} IMPL auto LATENCY 1 OPTYPE ram_t2p PRAGMA {} RTLNAME win34_V_9_U SOURCE src/ecg_denoiser.cpp:28 VARIABLE win34_V_9 LOOP {} BUNDLEDNAME {} DSP 0 BRAM 0 URAM 0 DISPNAME {bind_storage ram_t2p}} {BINDTYPE storage ID {} IMPL auto LATENCY 1 OPTYPE ram_s2p PRAGMA {} RTLNAME l0_out_V_U SOURCE src/ecg_denoiser.cpp:73 VARIABLE l0_out_V LOOP {} BUNDLEDNAME {} DSP 0 BRAM 0 URAM 0 DISPNAME {bind_storage ram_s2p}} {BINDTYPE storage ID {} IMPL auto LATENCY 1 OPTYPE ram_s2p PRAGMA {} RTLNAME l0_out_V_1_U SOURCE src/ecg_denoiser.cpp:73 VARIABLE l0_out_V_1 LOOP {} BUNDLEDNAME {} DSP 0 BRAM 0 URAM 0 DISPNAME {bind_storage ram_s2p}} {BINDTYPE storage ID {} IMPL auto LATENCY 1 OPTYPE ram_s2p PRAGMA {} RTLNAME l1_out_V_U SOURCE src/ecg_denoiser.cpp:103 VARIABLE l1_out_V LOOP {} BUNDLEDNAME {} DSP 0 BRAM 2 URAM 0 DISPNAME {bind_storage ram_s2p}} {BINDTYPE storage ID {} IMPL auto LATENCY 1 OPTYPE ram_s2p PRAGMA {} RTLNAME l1_out_V_1_U SOURCE src/ecg_denoiser.cpp:103 VARIABLE l1_out_V_1 LOOP {} BUNDLEDNAME {} DSP 0 BRAM 2 URAM 0 DISPNAME {bind_storage ram_s2p}} {BINDTYPE storage ID {} IMPL auto LATENCY 1 OPTYPE ram_s2p PRAGMA {} RTLNAME l2_out_V_U SOURCE src/ecg_denoiser.cpp:138 VARIABLE l2_out_V LOOP {} BUNDLEDNAME {} DSP 0 BRAM 0 URAM 0 DISPNAME {bind_storage ram_s2p}} {BINDTYPE storage ID {} IMPL auto LATENCY 1 OPTYPE ram_s2p PRAGMA {} RTLNAME l2_out_V_1_U SOURCE src/ecg_denoiser.cpp:138 VARIABLE l2_out_V_1 LOOP {} BUNDLEDNAME {} DSP 0 BRAM 0 URAM 0 DISPNAME {bind_storage ram_s2p}} {BINDTYPE storage ID {} IMPL auto LATENCY 1 OPTYPE ram_s2p PRAGMA {} RTLNAME l3_out_V_U SOURCE src/ecg_denoiser.cpp:173 VARIABLE l3_out_V LOOP {} BUNDLEDNAME {} DSP 0 BRAM 0 URAM 0 DISPNAME {bind_storage ram_s2p}} {BINDTYPE storage ID {} IMPL auto LATENCY 1 OPTYPE ram_s2p PRAGMA {} RTLNAME l3_out_V_1_U SOURCE src/ecg_denoiser.cpp:173 VARIABLE l3_out_V_1 LOOP {} BUNDLEDNAME {} DSP 0 BRAM 0 URAM 0 DISPNAME {bind_storage ram_s2p}} {BINDTYPE op ID {} IMPL fabric LATENCY 0 OPTYPE add PRAGMA {} RTLNAME add_ln70_fu_11239_p2 SOURCE src/ecg_denoiser.cpp:70 VARIABLE add_ln70 LOOP FUSED_T BUNDLEDNAME {} DSP 0 BRAM 0 URAM 0 DISPNAME {bind_op add}} {BINDTYPE op ID {} IMPL fabric LATENCY 0 OPTYPE add PRAGMA {} RTLNAME add_ln81_fu_11257_p2 SOURCE src/ecg_denoiser.cpp:81 VARIABLE add_ln81 LOOP FUSED_T BUNDLEDNAME {} DSP 0 BRAM 0 URAM 0 DISPNAME {bind_op add}} {BINDTYPE op ID {} IMPL fabric LATENCY 0 OPTYPE add PRAGMA {} RTLNAME add_ln82_fu_11263_p2 SOURCE src/ecg_denoiser.cpp:82 VARIABLE add_ln82 LOOP FUSED_T BUNDLEDNAME {} DSP 0 BRAM 0 URAM 0 DISPNAME {bind_op add}} {BINDTYPE op ID {} IMPL fabric LATENCY 0 OPTYPE add PRAGMA {} RTLNAME add_ln76_1_fu_11269_p2 SOURCE src/ecg_denoiser.cpp:76 VARIABLE add_ln76_1 LOOP L0_OC BUNDLEDNAME {} DSP 0 BRAM 0 URAM 0 DISPNAME {bind_op add}} {BINDTYPE op ID {} IMPL fabric LATENCY 0 OPTYPE add PRAGMA {} RTLNAME add_ln76_fu_11281_p2 SOURCE src/ecg_denoiser.cpp:76 VARIABLE add_ln76 LOOP L0_OC BUNDLEDNAME {} DSP 0 BRAM 0 URAM 0 DISPNAME {bind_op add}} {BINDTYPE op ID {} IMPL fabric LATENCY 0 OPTYPE add PRAGMA {} RTLNAME add_ln106_fu_11381_p2 SOURCE src/ecg_denoiser.cpp:106 VARIABLE add_ln106 LOOP L1_OC_GROUP BUNDLEDNAME {} DSP 0 BRAM 0 URAM 0 DISPNAME {bind_op add}} {BINDTYPE op ID {} IMPL fabric LATENCY 0 OPTYPE add PRAGMA {} RTLNAME add_ln141_fu_11500_p2 SOURCE src/ecg_denoiser.cpp:141 VARIABLE add_ln141 LOOP L2_OC_GROUP BUNDLEDNAME {} DSP 0 BRAM 0 URAM 0 DISPNAME {bind_op add}} {BINDTYPE op ID {} IMPL fabric LATENCY 0 OPTYPE add PRAGMA {} RTLNAME add_ln176_fu_11619_p2 SOURCE src/ecg_denoiser.cpp:176 VARIABLE add_ln176 LOOP L3_OC_GROUP BUNDLEDNAME {} DSP 0 BRAM 0 URAM 0 DISPNAME {bind_op add}} {BINDTYPE storage ID {} IMPL auto LATENCY 1 OPTYPE rom_1p PRAGMA {} RTLNAME denoiser_w_L0_b_V_U SOURCE {} VARIABLE denoiser_w_L0_b_V LOOP {} BUNDLEDNAME {} DSP 0 BRAM 1 URAM 0 DISPNAME {bind_storage rom_1p}} {BINDTYPE storage ID {} IMPL auto LATENCY 1 OPTYPE rom_2p PRAGMA {} RTLNAME denoiser_w_L1_b_V_U SOURCE {} VARIABLE denoiser_w_L1_b_V LOOP {} BUNDLEDNAME {} DSP 0 BRAM 1 URAM 0 DISPNAME {bind_storage rom_2p}} {BINDTYPE storage ID {} IMPL auto LATENCY 1 OPTYPE rom_2p PRAGMA {} RTLNAME denoiser_w_L2_b_V_U SOURCE {} VARIABLE denoiser_w_L2_b_V LOOP {} BUNDLEDNAME {} DSP 0 BRAM 1 URAM 0 DISPNAME {bind_storage rom_2p}} {BINDTYPE storage ID {} IMPL auto LATENCY 1 OPTYPE rom_2p PRAGMA {} RTLNAME denoiser_w_L3_b_V_U SOURCE {} VARIABLE denoiser_w_L3_b_V LOOP {} BUNDLEDNAME {} DSP 0 BRAM 0 URAM 0 DISPNAME {bind_storage rom_2p}}} AREA {DSP 16 BRAM 83 URAM 0}} ecg_denoiser_Pipeline_WRITE_OUTPUT {BINDINFO {{BINDTYPE op ID {} IMPL fabric LATENCY 0 OPTYPE add PRAGMA {} RTLNAME add_ln280_fu_122_p2 SOURCE src/ecg_denoiser.cpp:280 VARIABLE add_ln280 LOOP WRITE_OUTPUT BUNDLEDNAME {} DSP 0 BRAM 0 URAM 0 DISPNAME {bind_op add}}} AREA {DSP 0 BRAM 0 URAM 0}} ecg_denoiser {BINDINFO {{BINDTYPE storage ID {} IMPL lutram LATENCY 1 OPTYPE ram_1p PRAGMA yes RTLNAME input_buf_V_U SOURCE src/ecg_denoiser.cpp:232 VARIABLE input_buf_V LOOP {} BUNDLEDNAME {} DSP 0 BRAM 0 URAM 0 DISPNAME {bind_storage ram_1p}} {BINDTYPE storage ID {} IMPL lutram LATENCY 1 OPTYPE ram_1p PRAGMA yes RTLNAME input_buf_V_1_U SOURCE src/ecg_denoiser.cpp:232 VARIABLE input_buf_V_1 LOOP {} BUNDLEDNAME {} DSP 0 BRAM 0 URAM 0 DISPNAME {bind_storage ram_1p}} {BINDTYPE storage ID {} IMPL lutram LATENCY 1 OPTYPE ram_1p PRAGMA yes RTLNAME norm_buf_V_U SOURCE src/ecg_denoiser.cpp:233 VARIABLE norm_buf_V LOOP {} BUNDLEDNAME {} DSP 0 BRAM 0 URAM 0 DISPNAME {bind_storage ram_1p}} {BINDTYPE storage ID {} IMPL lutram LATENCY 1 OPTYPE ram_1p PRAGMA yes RTLNAME norm_buf_V_1_U SOURCE src/ecg_denoiser.cpp:233 VARIABLE norm_buf_V_1 LOOP {} BUNDLEDNAME {} DSP 0 BRAM 0 URAM 0 DISPNAME {bind_storage ram_1p}} {BINDTYPE storage ID {} IMPL auto LATENCY 1 OPTYPE ram_1p PRAGMA {} RTLNAME buf41210_U SOURCE {} VARIABLE buf41210 LOOP {} BUNDLEDNAME {} DSP 0 BRAM 2 URAM 0 DISPNAME {bind_storage ram_1p}} {BINDTYPE op ID {} IMPL auto LATENCY 0 OPTYPE mul PRAGMA {} RTLNAME mul_48s_9ns_56_1_1_U152 SOURCE {C:/Xilinx/Vitis_HLS/2022.2/common/technology/autopilot\ap_fixed_base.h:1273} VARIABLE r_V LOOP {} BUNDLEDNAME {} DSP 2 BRAM 0 URAM 0 DISPNAME {bind_op mul}} {BINDTYPE op ID {} IMPL auto LATENCY 0 OPTYPE mul PRAGMA {} RTLNAME mul_48s_9ns_56_1_1_U153 SOURCE {C:/Xilinx/Vitis_HLS/2022.2/common/technology/autopilot\ap_fixed_base.h:1273} VARIABLE r_V_3 LOOP {} BUNDLEDNAME {} DSP 2 BRAM 0 URAM 0 DISPNAME {bind_op mul}} {BINDTYPE op ID {} IMPL fabric LATENCY 0 OPTYPE sub PRAGMA {} RTLNAME tmp_V_fu_390_p2 SOURCE {C:/Xilinx/Vitis_HLS/2022.2/common/technology/autopilot\ap_fixed_base.h:1094} VARIABLE tmp_V LOOP {} BUNDLEDNAME {} DSP 0 BRAM 0 URAM 0 DISPNAME {bind_op sub}} {BINDTYPE op ID {} IMPL fabric LATENCY 0 OPTYPE sub PRAGMA {} RTLNAME sub_ln1099_fu_419_p2 SOURCE {C:/Xilinx/Vitis_HLS/2022.2/common/technology/autopilot\ap_fixed_base.h:1099} VARIABLE sub_ln1099 LOOP {} BUNDLEDNAME {} DSP 0 BRAM 0 URAM 0 DISPNAME {bind_op sub}} {BINDTYPE op ID {} IMPL fabric LATENCY 0 OPTYPE add PRAGMA {} RTLNAME lsb_index_fu_425_p2 SOURCE {C:/Xilinx/Vitis_HLS/2022.2/common/technology/autopilot\ap_fixed_base.h:1099} VARIABLE lsb_index LOOP {} BUNDLEDNAME {} DSP 0 BRAM 0 URAM 0 DISPNAME {bind_op add}} {BINDTYPE op ID {} IMPL fabric LATENCY 0 OPTYPE sub PRAGMA {} RTLNAME sub_ln1102_fu_451_p2 SOURCE {C:/Xilinx/Vitis_HLS/2022.2/common/technology/autopilot\ap_fixed_base.h:1102} VARIABLE sub_ln1102 LOOP {} BUNDLEDNAME {} DSP 0 BRAM 0 URAM 0 DISPNAME {bind_op sub}} {BINDTYPE op ID {} IMPL fabric LATENCY 0 OPTYPE add PRAGMA {} RTLNAME add_ln1113_fu_540_p2 SOURCE {C:/Xilinx/Vitis_HLS/2022.2/common/technology/autopilot\ap_fixed_base.h:1113} VARIABLE add_ln1113 LOOP {} BUNDLEDNAME {} DSP 0 BRAM 0 URAM 0 DISPNAME {bind_op add}} {BINDTYPE op ID {} IMPL fabric LATENCY 0 OPTYPE sub PRAGMA {} RTLNAME sub_ln1114_fu_555_p2 SOURCE {C:/Xilinx/Vitis_HLS/2022.2/common/technology/autopilot\ap_fixed_base.h:1114} VARIABLE sub_ln1114 LOOP {} BUNDLEDNAME {} DSP 0 BRAM 0 URAM 0 DISPNAME {bind_op sub}} {BINDTYPE op ID {} IMPL fabric LATENCY 0 OPTYPE add PRAGMA {} RTLNAME m_3_fu_580_p2 SOURCE {C:/Xilinx/Vitis_HLS/2022.2/common/technology/autopilot\ap_fixed_base.h:1116} VARIABLE m_3 LOOP {} BUNDLEDNAME {} DSP 0 BRAM 0 URAM 0 DISPNAME {bind_op add}} {BINDTYPE op ID {} IMPL fabric LATENCY 9 OPTYPE fsqrt PRAGMA {} RTLNAME fsqrt_32ns_32ns_32_10_no_dsp_1_U151 SOURCE {C:\scratch\2022.2\hls_product\608\2022.2\src\shared\hls\clib\hlsmath\src\c++\sqrtfloat.cpp:8} VARIABLE d_assign LOOP {} BUNDLEDNAME {} DSP 0 BRAM 0 URAM 0 DISPNAME {bind_op fsqrt}} {BINDTYPE op ID {} IMPL fabric LATENCY 0 OPTYPE sub PRAGMA {} RTLNAME man_V_1_fu_755_p2 SOURCE {C:/Xilinx/Vitis_HLS/2022.2/common/technology/autopilot\ap_int_base.h:455} VARIABLE man_V_1 LOOP {} BUNDLEDNAME {} DSP 0 BRAM 0 URAM 0 DISPNAME {bind_op sub}} {BINDTYPE op ID {} IMPL fabric LATENCY 0 OPTYPE sub PRAGMA {} RTLNAME F2_fu_775_p2 SOURCE {C:/Xilinx/Vitis_HLS/2022.2/common/technology/autopilot\ap_fixed_base.h:564} VARIABLE F2 LOOP {} BUNDLEDNAME {} DSP 0 BRAM 0 URAM 0 DISPNAME {bind_op sub}} {BINDTYPE op ID {} IMPL fabric LATENCY 0 OPTYPE add PRAGMA {} RTLNAME add_ln570_fu_787_p2 SOURCE {C:/Xilinx/Vitis_HLS/2022.2/common/technology/autopilot\ap_fixed_base.h:570} VARIABLE add_ln570 LOOP {} BUNDLEDNAME {} DSP 0 BRAM 0 URAM 0 DISPNAME {bind_op add}} {BINDTYPE op ID {} IMPL fabric LATENCY 0 OPTYPE sub PRAGMA {} RTLNAME sub_ln570_fu_793_p2 SOURCE {C:/Xilinx/Vitis_HLS/2022.2/common/technology/autopilot\ap_fixed_base.h:570} VARIABLE sub_ln570 LOOP {} BUNDLEDNAME {} DSP 0 BRAM 0 URAM 0 DISPNAME {bind_op sub}} {BINDTYPE op ID {} IMPL fabric LATENCY 0 OPTYPE add PRAGMA {} RTLNAME add_ln813_fu_933_p2 SOURCE {C:/Xilinx/Vitis_HLS/2022.2/common/technology/autopilot\ap_fixed_base.h:813} VARIABLE add_ln813 LOOP {} BUNDLEDNAME {} DSP 0 BRAM 0 URAM 0 DISPNAME {bind_op add}}} AREA {DSP 27 BRAM 84 URAM 0}}}}'
INFO-FLOW: DBG:PUTS:      update_csynth_reports json2rpt_hw_sw_interfaces
INFO-FLOW: Running: gen_csynth_sec_pragma
INFO-FLOW: Done: gen_csynth_sec_pragma time: 0.2 seconds per iteration
INFO-FLOW: DBG:PUTS:      update_csynth_reports wrote xml
INFO-FLOW: DBG:PUTS:      update_csynth_reports appended to csynth rpt file
INFO: [HLS 200-111] Finished Updating report files: CPU user time: 2 seconds. CPU system time: 0 seconds. Elapsed time: 2.491 seconds; current allocated memory: 544.129 MB.
INFO: [VHDL 208-304] Generating VHDL RTL for ecg_denoiser.
INFO: [VLOG 209-307] Generating Verilog RTL for ecg_denoiser.
Execute       syn_report -model ecg_denoiser -printsummary 
INFO: [HLS 200-790] **** Loop Constraint Status: All loop constraints were satisfied.
INFO: [HLS 200-789] **** Estimated Fmax: 109.24 MHz
Command     autosyn done; 42.126 sec.
Command   csynth_design done; 511.694 sec.
INFO: [HLS 200-111] Finished Command csynth_design CPU user time: 291 seconds. CPU system time: 14 seconds. Elapsed time: 511.694 seconds; current allocated memory: 434.688 MB.
Command ap_source done; 524.958 sec.
Execute cleanup_all 
INFO-FLOW: Workspace C:/ecg_hls/ecg_denoiser_ip/solution1 opened at Sat Apr 04 11:17:03 +0530 2026
Execute     ap_set_clock -name default -period 13 -default=false 
INFO: [SYN 201-201] Setting up clock 'default' with a period of 13ns.
Execute     set_part xc7z030-sbg485-2 
Execute       create_platform xc7z030-sbg485-2 -board  
DBG:HLSDevice: Trying to load device library: C:/Xilinx/Vitis_HLS/2022.2\lib\win64.o\xv_hlsvwrap.dll
DBG:HLSDevice: first parts/arch.xml in RDI_DATADIR: C:/Xilinx/Vivado/2022.2/data/parts/arch.xml
DBG:HLSDevice: init success
INFO: [HLS 200-1611] Setting target device to 'xc7z030-sbg485-2'
Command       create_platform done; 1.426 sec.
Execute       source C:/Xilinx/Vitis_HLS/2022.2/common/technology/xilinx/common/xilinx.gen 
Execute         source C:/Xilinx/Vitis_HLS/2022.2/common/technology/xilinx/interface/plb46.gen 
Execute         source C:/Xilinx/Vitis_HLS/2022.2/common/technology/xilinx/interface/axi4.gen 
Execute         source C:/Xilinx/Vitis_HLS/2022.2/common/technology/xilinx/interface/nativeAXI4.gen 
Execute           source C:/Xilinx/Vitis_HLS/2022.2/common/technology/xilinx/interface/saxilite.gen 
Execute         source C:/Xilinx/Vitis_HLS/2022.2/common/technology/xilinx/scripts/xilinxcoregen.gen 
Execute         source C:/Xilinx/Vitis_HLS/2022.2/common/technology/xilinx/interface/XilEDKCoreGen.gen 
Execute         source C:/Xilinx/Vitis_HLS/2022.2/common/technology/xilinx/ip/dds_compiler.gen 
Execute         source C:/Xilinx/Vitis_HLS/2022.2/common/technology/xilinx/ip/util.gen 
Execute         source C:/Xilinx/Vitis_HLS/2022.2/common/technology/xilinx/ip/xfft.gen 
Execute         source C:/Xilinx/Vitis_HLS/2022.2/common/technology/xilinx/ip/xfir.gen 
Execute         source C:/Xilinx/Vitis_HLS/2022.2/common/technology/xilinx/DSP48/dsp48.gen 
Command       ap_source done; 0.117 sec.
Execute       ap_part_info -name xc7z030-sbg485-2 -data info 
Execute       config_compile -quiet -complex-mul-dsp=0 
Command     set_part done; 1.576 sec.
Execute     send_msg_by_id INFO @200-1505@%s%s  vivado 
INFO: [HLS 200-1505] Using flow_target 'vivado'
Execute     send_msg_by_id INFO @200-1464@%s config_export -description {ECG Denoiser 1D-CNN} 
INFO: [HLS 200-1464] Running solution command: config_export -description {ECG Denoiser 1D-CNN}
Execute     config_export -description ECG Denoiser 1D-CNN 
Execute     send_msg_by_id INFO @200-1464@%s config_export -display_name=ecg_denoiser 
INFO: [HLS 200-1464] Running solution command: config_export -display_name=ecg_denoiser
Execute     config_export -display_name=ecg_denoiser 
Execute     send_msg_by_id INFO @200-1464@%s config_export -format=ip_catalog 
INFO: [HLS 200-1464] Running solution command: config_export -format=ip_catalog
Execute     config_export -format=ip_catalog 
Execute     send_msg_by_id INFO @200-1464@%s config_export -library=ECG 
INFO: [HLS 200-1464] Running solution command: config_export -library=ECG
Execute     config_export -library=ECG 
Execute     send_msg_by_id INFO @200-1464@%s config_export -output=C:/ecg_hls/ecg_denoiser_ip 
INFO: [HLS 200-1464] Running solution command: config_export -output=C:/ecg_hls/ecg_denoiser_ip
Execute     config_export -output=C:/ecg_hls/ecg_denoiser_ip 
Execute     send_msg_by_id INFO @200-1464@%s config_export -rtl=verilog 
INFO: [HLS 200-1464] Running solution command: config_export -rtl=verilog
Execute     config_export -rtl=verilog 
Execute     send_msg_by_id INFO @200-1464@%s config_export -vendor=MyOrg 
INFO: [HLS 200-1464] Running solution command: config_export -vendor=MyOrg
Execute     config_export -vendor=MyOrg 
Execute     send_msg_by_id INFO @200-1464@%s config_export -version=1.0 
INFO: [HLS 200-1464] Running solution command: config_export -version=1.0
Execute     config_export -version=1.0 
Command   open_solution done; 1.785 sec.
Execute   set_part xc7z030-sbg485-2 
INFO: [HLS 200-1510] Running: set_part xc7z030-sbg485-2 
Execute     create_platform xc7z030-sbg485-2 -board  
Execute     source C:/Xilinx/Vitis_HLS/2022.2/common/technology/xilinx/common/xilinx.gen 
Execute       source C:/Xilinx/Vitis_HLS/2022.2/common/technology/xilinx/interface/plb46.gen 
Execute       source C:/Xilinx/Vitis_HLS/2022.2/common/technology/xilinx/interface/axi4.gen 
Execute       source C:/Xilinx/Vitis_HLS/2022.2/common/technology/xilinx/interface/nativeAXI4.gen 
Execute         source C:/Xilinx/Vitis_HLS/2022.2/common/technology/xilinx/interface/saxilite.gen 
Execute       source C:/Xilinx/Vitis_HLS/2022.2/common/technology/xilinx/scripts/xilinxcoregen.gen 
Execute       source C:/Xilinx/Vitis_HLS/2022.2/common/technology/xilinx/interface/XilEDKCoreGen.gen 
Execute       source C:/Xilinx/Vitis_HLS/2022.2/common/technology/xilinx/ip/dds_compiler.gen 
Execute       source C:/Xilinx/Vitis_HLS/2022.2/common/technology/xilinx/ip/util.gen 
Execute       source C:/Xilinx/Vitis_HLS/2022.2/common/technology/xilinx/ip/xfft.gen 
Execute       source C:/Xilinx/Vitis_HLS/2022.2/common/technology/xilinx/ip/xfir.gen 
Execute       source C:/Xilinx/Vitis_HLS/2022.2/common/technology/xilinx/DSP48/dsp48.gen 
Command     ap_source done; 0.129 sec.
Execute     ap_part_info -name xc7z030-sbg485-2 -data info 
Execute     config_compile -quiet -complex-mul-dsp=0 
Command   set_part done; 0.176 sec.
Execute   create_clock -period 13 -name default 
INFO: [HLS 200-1510] Running: create_clock -period 13 -name default 
Execute   config_export -description ECG Denoiser 1D-CNN -display_name ecg_denoiser -format ip_catalog -library ECG -output C:/ecg_hls/ecg_denoiser_ip -rtl verilog -vendor MyOrg -version 1.0 
INFO: [HLS 200-1510] Running: config_export -description ECG Denoiser 1D-CNN -display_name ecg_denoiser -format ip_catalog -library ECG -output C:/ecg_hls/ecg_denoiser_ip -rtl verilog -vendor MyOrg -version 1.0 
Execute   source ./ecg_denoiser_ip/solution1/directives.tcl 
INFO: [HLS 200-1510] Running: source ./ecg_denoiser_ip/solution1/directives.tcl
Execute     set_directive_top -name ecg_denoiser ecg_denoiser 
INFO: [HLS 200-1510] Running: set_directive_top -name ecg_denoiser ecg_denoiser 
Execute   export_design -rtl verilog -format ip_catalog -output C:/ecg_hls/ecg_denoiser_ip 
INFO: [HLS 200-1510] Running: export_design -rtl verilog -format ip_catalog -output C:/ecg_hls/ecg_denoiser_ip 
Execute     config_export -format=ip_catalog -output=C:/ecg_hls/ecg_denoiser_ip -rtl=verilog 
INFO-FLOW: DBG:PUTS: export_design_wrap: -format ip_catalog -rtl verilog -vendor MyOrg -library ECG -version 1.0 -description {ECG Denoiser 1D-CNN} -display_name ecg_denoiser
Execute     source C:/ecg_hls/ecg_denoiser_ip/solution1/.autopilot/db/global.setting.tcl 
INFO-FLOW: DBG:PUTS:   auto_impl: pack: -export -rtl verilog
INFO-FLOW: DBG:PROC: ::AESL_AUTOIMPL::auto_impl args='-export -rtl verilog'
Execute     source C:/ecg_hls/ecg_denoiser_ip/solution1/.autopilot/db/global.setting.tcl 
INFO: [IMPL 213-8] Exporting RTL as a Vivado IP.
Execute     source C:/ecg_hls/ecg_denoiser_ip/solution1/.autopilot/db/global.setting.tcl 
INFO-FLOW: DBG:PUTS: automg_wrap -export -pcore_version 1.00.a -rtl vlog -tool Vivado -impltomg_flag
INFO-FLOW: DBG:PROC: ::AESL_AUTOMG::auto_generate args='-export -pcore_version 1.00.a -rtl vlog -tool Vivado -impltomg_flag'
INFO-FLOW: DBG:PUTS:     auto_generate -export -pcore_version 1.00.a -rtl vlog -tool Vivado -impltomg_flag
Execute     source C:/ecg_hls/ecg_denoiser_ip/solution1/.autopilot/db/global.setting.tcl 
INFO-FLOW: DBG:PUTS: read_platform_lib C:/ecg_hls/ecg_denoiser_ip/solution1/.autopilot/db/global.setting.tcl
Execute     source C:/Xilinx/Vitis_HLS/2022.2/common/technology/generic/autopilot/common.gen 
Execute       source C:/Xilinx/Vitis_HLS/2022.2/common/technology/generic/autopilot/APCoreGen.gen 
Execute     source C:/Xilinx/Vitis_HLS/2022.2/common/technology/generic/autopilot/op.gen 
Execute     source C:/Xilinx/Vitis_HLS/2022.2/common/technology/generic/autopilot/op_simcore.gen 
Execute     source C:/Xilinx/Vitis_HLS/2022.2/common/technology/generic/autopilot/interface.gen 
Execute     source C:/ecg_hls/ecg_denoiser_ip/solution1/.autopilot/db/global.setting.tcl 
Execute     source C:/Xilinx/Vitis_HLS/2022.2/common/technology/xilinx/common/xilinx.gen 
Execute       source C:/Xilinx/Vitis_HLS/2022.2/common/technology/xilinx/interface/plb46.gen 
Execute       source C:/Xilinx/Vitis_HLS/2022.2/common/technology/xilinx/interface/axi4.gen 
Execute       source C:/Xilinx/Vitis_HLS/2022.2/common/technology/xilinx/interface/nativeAXI4.gen 
Execute         source C:/Xilinx/Vitis_HLS/2022.2/common/technology/xilinx/interface/saxilite.gen 
Execute       source C:/Xilinx/Vitis_HLS/2022.2/common/technology/xilinx/scripts/xilinxcoregen.gen 
Execute       source C:/Xilinx/Vitis_HLS/2022.2/common/technology/xilinx/interface/XilEDKCoreGen.gen 
Execute       source C:/Xilinx/Vitis_HLS/2022.2/common/technology/xilinx/ip/dds_compiler.gen 
Execute       source C:/Xilinx/Vitis_HLS/2022.2/common/technology/xilinx/ip/util.gen 
Execute       source C:/Xilinx/Vitis_HLS/2022.2/common/technology/xilinx/ip/xfft.gen 
Execute       source C:/Xilinx/Vitis_HLS/2022.2/common/technology/xilinx/ip/xfir.gen 
Execute       source C:/Xilinx/Vitis_HLS/2022.2/common/technology/xilinx/DSP48/dsp48.gen 
Command     ap_source done; 0.12 sec.
INFO-FLOW: DBG:PUTS:   using AESL_AUTOCG::g_clock_period=13.000 (was NA)
INFO-FLOW: DBG:PUTS:       initCTypeInfo top_module=ecg_denoiser xml_exists=0
Execute     source C:/ecg_hls/ecg_denoiser_ip/solution1/.autopilot/db/ecg_denoiser.rtl_wrap.cfg.tcl 
Execute     source C:/ecg_hls/ecg_denoiser_ip/solution1/.autopilot/db/ecg_denoiser.rtl_wrap.cfg.tcl 
Execute     source C:/ecg_hls/ecg_denoiser_ip/solution1/.autopilot/db/ecg_denoiser.rtl_wrap.cfg.tcl 
Execute     source C:/ecg_hls/ecg_denoiser_ip/solution1/.autopilot/db/ecg_denoiser.tbgen.tcl 
Execute     source C:/ecg_hls/ecg_denoiser_ip/solution1/.autopilot/db/ecg_denoiser.tbgen.tcl 
Execute     source C:/ecg_hls/ecg_denoiser_ip/solution1/.autopilot/db/global.setting.tcl 
Execute     source C:/ecg_hls/ecg_denoiser_ip/solution1/.autopilot/db/ecg_denoiser.tbgen.tcl 
INFO-FLOW: DBG:PUTS:       cosim_export_main adding deadlock detection to ecg_denoiser
INFO-FLOW: DBG:PUTS: Skipping loadAnalyze_DB, #g_database=14
INFO-FLOW: DBG:PUTS:       generate_json generate_bd_files=0 generate_xo_files=false #modelList=71 #gSsdmPorts=0
INFO-FLOW: DBG:PROC: ::AP::DESIGN_DATA::generate_json generate_bd_files='0' generate_xo_files='false' modelList='ecg_denoiser_flow_control_loop_pipe_sequential_init
ecg_denoiser_mux_21_32_1_1
ecg_denoiser_flow_control_loop_pipe_sequential_init
ecg_denoiser_mul_40s_40s_72_1_1
ecg_denoiser_flow_control_loop_pipe_sequential_init
ecg_denoiser_mul_33s_32s_48_1_1
ecg_denoiser_flow_control_loop_pipe_sequential_init
ecg_denoiser_mul_24s_40s_63_1_1
ecg_denoiser_conv_layer01234_fused_Pipeline_L0_K_denoiser_w_L0_W_V_ROM_NP_LUTRAM_1R
ecg_denoiser_flow_control_loop_pipe_sequential_init
ecg_denoiser_mux_73_32_1_1
ecg_denoiser_mul_23s_40s_62_1_1
ecg_denoiser_conv_layer01234_fused_Pipeline_L1_IC_L1_K_denoiser_w_L1_W_V_ROM_NP_BRAM_1R
ecg_denoiser_flow_control_loop_pipe_sequential_init
ecg_denoiser_mux_53_32_1_1
ecg_denoiser_conv_layer01234_fused_Pipeline_L2_IC_L2_K_denoiser_w_L2_W_V_ROM_NP_LUTRAM_1R
ecg_denoiser_flow_control_loop_pipe_sequential_init
ecg_denoiser_mux_21_31_1_1
ecg_denoiser_mux_32_31_1_1
ecg_denoiser_mul_23s_39ns_62_1_1
ecg_denoiser_conv_layer01234_fused_Pipeline_L3_IC_L3_K_denoiser_w_L3_W_V_ROM_NP_LUTRAM_1R
ecg_denoiser_flow_control_loop_pipe_sequential_init
ecg_denoiser_conv_layer01234_fused_Pipeline_L4_IC_L4_K_denoiser_w_L4_W_V_ROM_NP_LUTRAM_1R
ecg_denoiser_flow_control_loop_pipe_sequential_init
ecg_denoiser_conv_layer01234_fused_denoiser_w_L0_b_V_ROM_AUTO_1R
ecg_denoiser_conv_layer01234_fused_denoiser_w_L1_b_V_ROM_AUTO_1R
ecg_denoiser_conv_layer01234_fused_denoiser_w_L2_b_V_ROM_AUTO_1R
ecg_denoiser_conv_layer01234_fused_denoiser_w_L3_b_V_ROM_AUTO_1R
ecg_denoiser_conv_layer01234_fused_win01_V_RAM_AUTO_1R1W
ecg_denoiser_conv_layer01234_fused_win01_V_1_RAM_AUTO_1R1W
ecg_denoiser_conv_layer01234_fused_win12_V_RAM_AUTO_1R1W
ecg_denoiser_conv_layer01234_fused_win12_V_1_RAM_AUTO_1R1W
ecg_denoiser_conv_layer01234_fused_win23_V_RAM_AUTO_1R1W
ecg_denoiser_conv_layer01234_fused_win34_V_RAM_AUTO_1R1W
ecg_denoiser_conv_layer01234_fused_l0_out_V_RAM_AUTO_1R1W
ecg_denoiser_conv_layer01234_fused_l1_out_V_RAM_AUTO_1R1W
ecg_denoiser_conv_layer01234_fused_l3_out_V_RAM_AUTO_1R1W
ecg_denoiser_flow_control_loop_pipe_sequential_init
ecg_denoiser_fpext_32ns_64_2_no_dsp_1
ecg_denoiser_fcmp_32ns_32ns_1_2_no_dsp_1
ecg_denoiser_fsqrt_32ns_32ns_32_10_no_dsp_1
ecg_denoiser_mul_48s_9ns_56_1_1
ecg_denoiser_sdiv_34ns_32s_32_38_seq_1
ecg_denoiser_input_buf_V_RAM_1P_LUTRAM_1R1W
ecg_denoiser_buf41210_RAM_AUTO_1R1W
ecg_denoiser_regslice_both
ecg_denoiser_regslice_both
ecg_denoiser_regslice_both
ecg_denoiser_regslice_both
ecg_denoiser_regslice_both
ecg_denoiser_regslice_both
ecg_denoiser_regslice_both
ecg_denoiser_regslice_both
ecg_denoiser_regslice_both
ecg_denoiser_regslice_both
ecg_denoiser_regslice_both
ecg_denoiser_regslice_both
ecg_denoiser_regslice_both
ecg_denoiser_regslice_both
ecg_denoiser_Pipeline_READ_INPUT
ecg_denoiser_Pipeline_ZNORM_MEAN
ecg_denoiser_Pipeline_ZNORM_VAR
ecg_denoiser_Pipeline_ZNORM_APPLY
conv_layer01234_fused_Pipeline_L0_K
conv_layer01234_fused_Pipeline_L1_IC_L1_K
conv_layer01234_fused_Pipeline_L2_IC_L2_K
conv_layer01234_fused_Pipeline_L3_IC_L3_K
conv_layer01234_fused_Pipeline_L4_IC_L4_K
conv_layer01234_fused
ecg_denoiser_Pipeline_WRITE_OUTPUT
ecg_denoiser
' rtl_lang='vlog' bootstrap_tcl='false' outdir='' outfilename=''
Execute     source C:/Xilinx/Vitis_HLS/2022.2/tps/tcl/tcllib1.11.1/yaml/huddle.tcl 
Execute     source C:/Xilinx/Vitis_HLS/2022.2/tps/tcl/tcllib1.11.1/yaml/json2huddle.tcl 
Execute     source C:/ecg_hls/ecg_denoiser_ip/solution1/.autopilot/db/global.setting.tcl 
Execute     source C:/ecg_hls/ecg_denoiser_ip/solution1/.autopilot/db/global.setting.tcl 
Execute     source C:/ecg_hls/ecg_denoiser_ip/solution1/.autopilot/db/top-io-be.tcl 
Execute     source C:/ecg_hls/ecg_denoiser_ip/solution1/.autopilot/db/ecg_denoiser.tbgen.tcl 
Execute     source C:/ecg_hls/ecg_denoiser_ip/solution1/.autopilot/db/ecg_denoiser.rtl_wrap.cfg.tcl 
Execute     source C:/ecg_hls/ecg_denoiser_ip/solution1/.autopilot/db/ecg_denoiser.compgen.dataonly.tcl 
Execute     source C:/ecg_hls/ecg_denoiser_ip/solution1/.autopilot/db/ecg_denoiser_Pipeline_READ_INPUT.tbgen.tcl 
Execute     source C:/ecg_hls/ecg_denoiser_ip/solution1/.autopilot/db/ecg_denoiser_Pipeline_ZNORM_MEAN.tbgen.tcl 
Execute     source C:/ecg_hls/ecg_denoiser_ip/solution1/.autopilot/db/ecg_denoiser_Pipeline_ZNORM_VAR.tbgen.tcl 
Execute     source C:/ecg_hls/ecg_denoiser_ip/solution1/.autopilot/db/ecg_denoiser_Pipeline_ZNORM_APPLY.tbgen.tcl 
Execute     source C:/ecg_hls/ecg_denoiser_ip/solution1/.autopilot/db/conv_layer01234_fused_Pipeline_L0_K.tbgen.tcl 
Execute     source C:/ecg_hls/ecg_denoiser_ip/solution1/.autopilot/db/conv_layer01234_fused_Pipeline_L1_IC_L1_K.tbgen.tcl 
Execute     source C:/ecg_hls/ecg_denoiser_ip/solution1/.autopilot/db/conv_layer01234_fused_Pipeline_L2_IC_L2_K.tbgen.tcl 
Execute     source C:/ecg_hls/ecg_denoiser_ip/solution1/.autopilot/db/conv_layer01234_fused_Pipeline_L3_IC_L3_K.tbgen.tcl 
Execute     source C:/ecg_hls/ecg_denoiser_ip/solution1/.autopilot/db/conv_layer01234_fused_Pipeline_L4_IC_L4_K.tbgen.tcl 
Execute     source C:/ecg_hls/ecg_denoiser_ip/solution1/.autopilot/db/conv_layer01234_fused.tbgen.tcl 
Execute     source C:/ecg_hls/ecg_denoiser_ip/solution1/.autopilot/db/ecg_denoiser_Pipeline_WRITE_OUTPUT.tbgen.tcl 
Execute     source C:/ecg_hls/ecg_denoiser_ip/solution1/.autopilot/db/ecg_denoiser.tbgen.tcl 
Execute     source C:/ecg_hls/ecg_denoiser_ip/solution1/.autopilot/db/global.setting.tcl 
Execute     ap_part_info -name xc7z030-sbg485-2 -data names -quiet 
Execute     ap_part_info -name xc7z030-sbg485-2 -data info -quiet 
Execute     source C:/ecg_hls/ecg_denoiser_ip/solution1/.autopilot/db/ecg_denoiser.constraint.tcl 
Execute     sc_get_clocks ecg_denoiser 
Execute     source C:/ecg_hls/ecg_denoiser_ip/solution1/.autopilot/db/global.setting.tcl 
Execute     source C:/ecg_hls/ecg_denoiser_ip/solution1/impl/misc/ecg_denoiser_fcmp_32ns_32ns_1_2_no_dsp_1_ip.tcl 
Execute     source C:/ecg_hls/ecg_denoiser_ip/solution1/impl/misc/ecg_denoiser_fpext_32ns_64_2_no_dsp_1_ip.tcl 
Execute     source C:/ecg_hls/ecg_denoiser_ip/solution1/impl/misc/ecg_denoiser_fsqrt_32ns_32ns_32_10_no_dsp_1_ip.tcl 
Execute     source C:/ecg_hls/ecg_denoiser_ip/solution1/.autopilot/db/global.setting.tcl 
Execute     source C:/ecg_hls/ecg_denoiser_ip/solution1/.autopilot/db/ecg_denoiser.tbgen.tcl 
INFO-FLOW: DBG:PUTS:       cosim_export_main adding deadlock detection to ecg_denoiser
INFO-FLOW: DBG:PUTS:       generate_ip_script #gSsdmPorts=0 g_lang=vlog is_sdaccel=false is_sdsoc=true xo_file=
Execute     ap_part_info -name xc7z030-sbg485-2 -data names -quiet 
Execute     ap_part_info -name xc7z030-sbg485-2 -data info -quiet 
Execute     ap_part_info -name xc7z030-sbg485-2 -data names -quiet 
Execute     ap_part_info -name xc7z030-sbg485-2 -data info -quiet 
Execute     source C:/ecg_hls/ecg_denoiser_ip/solution1/.autopilot/db/ecg_denoiser.tbgen.tcl 
Execute     source C:/ecg_hls/ecg_denoiser_ip/solution1/.autopilot/db/ecg_denoiser.tbgen.tcl 
Execute     source C:/ecg_hls/ecg_denoiser_ip/solution1/.autopilot/db/ecg_denoiser.tbgen.tcl 
Execute     source C:/ecg_hls/ecg_denoiser_ip/solution1/.autopilot/db/ecg_denoiser.tbgen.tcl 
Execute     source C:/ecg_hls/ecg_denoiser_ip/solution1/.autopilot/db/ecg_denoiser.tbgen.tcl 
Execute     source C:/ecg_hls/ecg_denoiser_ip/solution1/.autopilot/db/ecg_denoiser.tbgen.tcl 
Execute     source C:/ecg_hls/ecg_denoiser_ip/solution1/.autopilot/db/ecg_denoiser.tbgen.tcl 
Execute     source C:/ecg_hls/ecg_denoiser_ip/solution1/.autopilot/db/ecg_denoiser.tbgen.tcl 
Execute     source C:/ecg_hls/ecg_denoiser_ip/solution1/.autopilot/db/ecg_denoiser.tbgen.tcl 
Execute     source C:/ecg_hls/ecg_denoiser_ip/solution1/.autopilot/db/global.setting.tcl 
INFO-FLOW: DBG:PUTS:       generate_top_info
INFO-FLOW: DBG:PUTS:       prepArgInfo -> loadAnalyze_DB top_module=ecg_denoiser
Execute     source C:/ecg_hls/ecg_denoiser_ip/solution1/.autopilot/db/ecg_denoiser.rtl_wrap.cfg.tcl 
Execute     source C:/ecg_hls/ecg_denoiser_ip/solution1/.autopilot/db/ecg_denoiser.rtl_wrap.cfg.tcl 
Execute     source C:/ecg_hls/ecg_denoiser_ip/solution1/.autopilot/db/ecg_denoiser.rtl_wrap.cfg.tcl 
Execute     source C:/ecg_hls/ecg_denoiser_ip/solution1/.autopilot/db/ecg_denoiser.tbgen.tcl 
Execute     source C:/ecg_hls/ecg_denoiser_ip/solution1/.autopilot/db/ecg_denoiser.tbgen.tcl 
Execute     ap_part_info -name xc7z030-sbg485-2 -data names -quiet 
Execute     ap_part_info -name xc7z030-sbg485-2 -data info -quiet 
Execute     ap_part_info -name xc7z030-sbg485-2 -data names -quiet 
Execute     ap_part_info -name xc7z030-sbg485-2 -data info -quiet 
Execute     source C:/ecg_hls/ecg_denoiser_ip/solution1/.autopilot/db/ecg_denoiser.tbgen.tcl 
Execute     source C:/ecg_hls/ecg_denoiser_ip/solution1/.autopilot/db/global.setting.tcl 
Execute     source C:/ecg_hls/ecg_denoiser_ip/solution1/.autopilot/db/ecg_denoiser.constraint.tcl 
INFO-FLOW: DBG:PUTS:       generate_ipi_example_script
Execute     ap_part_info -name xc7z030-sbg485-2 -data names -quiet 
Execute     ap_part_info -name xc7z030-sbg485-2 -data info -quiet 
Execute     ap_part_info -name xc7z030-sbg485-2 -data names -quiet 
Execute     ap_part_info -name xc7z030-sbg485-2 -data info -quiet 
INFO-FLOW: DBG:PUTS:       generate_syn_sh
Execute     ap_part_info -name xc7z030-sbg485-2 -data names -quiet 
Execute     ap_part_info -name xc7z030-sbg485-2 -data info -quiet 
Execute     source C:/ecg_hls/ecg_denoiser_ip/solution1/.autopilot/db/global.setting.tcl 
INFO-FLOW: DBG:PUTS:       generate_imp_constraints
Execute     ap_part_info -name xc7z030-sbg485-2 -data names -quiet 
Execute     ap_part_info -name xc7z030-sbg485-2 -data info -quiet 
Execute     source C:/ecg_hls/ecg_denoiser_ip/solution1/.autopilot/db/ecg_denoiser.constraint.tcl 
Execute     source C:/ecg_hls/ecg_denoiser_ip/solution1/.autopilot/db/ecg_denoiser.tbgen.tcl 
INFO-FLOW: DBG:PUTS:       delete-temp-dirs (skipped for debug)
Execute     ap_part_info -name xc7z030-sbg485-2 -data names -quiet 
Execute     ap_part_info -name xc7z030-sbg485-2 -data info -quiet 
INFO-FLOW: DBG:PUTS: read_platform_lib C:/ecg_hls/ecg_denoiser_ip/solution1/.autopilot/db/global.setting.tcl
Execute     source C:/Xilinx/Vitis_HLS/2022.2/common/technology/generic/autopilot/common.gen 
Execute       source C:/Xilinx/Vitis_HLS/2022.2/common/technology/generic/autopilot/APCoreGen.gen 
Execute     source C:/Xilinx/Vitis_HLS/2022.2/common/technology/generic/autopilot/op.gen 
Execute     source C:/Xilinx/Vitis_HLS/2022.2/common/technology/generic/autopilot/op_simcore.gen 
Execute     source C:/Xilinx/Vitis_HLS/2022.2/common/technology/generic/autopilot/interface.gen 
Execute     source C:/ecg_hls/ecg_denoiser_ip/solution1/.autopilot/db/global.setting.tcl 
Execute     source C:/Xilinx/Vitis_HLS/2022.2/common/technology/xilinx/common/xilinx.gen 
Execute       source C:/Xilinx/Vitis_HLS/2022.2/common/technology/xilinx/interface/plb46.gen 
Execute       source C:/Xilinx/Vitis_HLS/2022.2/common/technology/xilinx/interface/axi4.gen 
Execute       source C:/Xilinx/Vitis_HLS/2022.2/common/technology/xilinx/interface/nativeAXI4.gen 
Execute         source C:/Xilinx/Vitis_HLS/2022.2/common/technology/xilinx/interface/saxilite.gen 
Execute       source C:/Xilinx/Vitis_HLS/2022.2/common/technology/xilinx/scripts/xilinxcoregen.gen 
Execute       source C:/Xilinx/Vitis_HLS/2022.2/common/technology/xilinx/interface/XilEDKCoreGen.gen 
Execute       source C:/Xilinx/Vitis_HLS/2022.2/common/technology/xilinx/ip/dds_compiler.gen 
Execute       source C:/Xilinx/Vitis_HLS/2022.2/common/technology/xilinx/ip/util.gen 
Execute       source C:/Xilinx/Vitis_HLS/2022.2/common/technology/xilinx/ip/xfft.gen 
Command       ap_source done; 0.112 sec.
Execute       source C:/Xilinx/Vitis_HLS/2022.2/common/technology/xilinx/ip/xfir.gen 
Execute       source C:/Xilinx/Vitis_HLS/2022.2/common/technology/xilinx/DSP48/dsp48.gen 
Command     ap_source done; 0.157 sec.
INFO-FLOW: DBG:PUTS:     IP package: exec C:/ecg_hls/ecg_denoiser_ip/solution1/impl/ip/pack.bat
INFO-FLOW: DBG:PUTS:     IP package: success C:/ecg_hls/ecg_denoiser_ip/solution1/impl/ip/pack.bat
Execute     send_msg_by_id INFO @200-802@%s ecg_denoiser_ip/export.zip 
INFO: [HLS 200-802] Generated output file ecg_denoiser_ip/export.zip
Command   export_design done; 35.93 sec.
INFO: [HLS 200-111] Finished Command export_design CPU user time: 1 seconds. CPU system time: 1 seconds. Elapsed time: 35.93 seconds; current allocated memory: 9.645 MB.
Command ap_source done; 48.168 sec.
Execute cleanup_all 
INFO-FLOW: Workspace C:/ecg_hls/ecg_denoiser_ip/solution1 opened at Sat Apr 04 22:37:05 +0530 2026
Execute     ap_set_clock -name default -period 13 -default=false 
INFO: [SYN 201-201] Setting up clock 'default' with a period of 13ns.
Execute     set_part xc7z030-sbg485-2 
Execute       create_platform xc7z030-sbg485-2 -board  
DBG:HLSDevice: Trying to load device library: C:/Xilinx/Vitis_HLS/2022.2\lib\win64.o\xv_hlsvwrap.dll
DBG:HLSDevice: first parts/arch.xml in RDI_DATADIR: C:/Xilinx/Vivado/2022.2/data/parts/arch.xml
DBG:HLSDevice: init success
INFO: [HLS 200-1611] Setting target device to 'xc7z030-sbg485-2'
Command       create_platform done; 2.982 sec.
Execute       source C:/Xilinx/Vitis_HLS/2022.2/common/technology/xilinx/common/xilinx.gen 
Execute         source C:/Xilinx/Vitis_HLS/2022.2/common/technology/xilinx/interface/plb46.gen 
Execute         source C:/Xilinx/Vitis_HLS/2022.2/common/technology/xilinx/interface/axi4.gen 
Execute         source C:/Xilinx/Vitis_HLS/2022.2/common/technology/xilinx/interface/nativeAXI4.gen 
Execute           source C:/Xilinx/Vitis_HLS/2022.2/common/technology/xilinx/interface/saxilite.gen 
Execute         source C:/Xilinx/Vitis_HLS/2022.2/common/technology/xilinx/scripts/xilinxcoregen.gen 
Execute         source C:/Xilinx/Vitis_HLS/2022.2/common/technology/xilinx/interface/XilEDKCoreGen.gen 
Execute         source C:/Xilinx/Vitis_HLS/2022.2/common/technology/xilinx/ip/dds_compiler.gen 
Execute         source C:/Xilinx/Vitis_HLS/2022.2/common/technology/xilinx/ip/util.gen 
Execute         source C:/Xilinx/Vitis_HLS/2022.2/common/technology/xilinx/ip/xfft.gen 
Command         ap_source done; 0.139 sec.
Execute         source C:/Xilinx/Vitis_HLS/2022.2/common/technology/xilinx/ip/xfir.gen 
Execute         source C:/Xilinx/Vitis_HLS/2022.2/common/technology/xilinx/DSP48/dsp48.gen 
Command       ap_source done; 0.344 sec.
Execute       ap_part_info -name xc7z030-sbg485-2 -data info 
Execute       config_compile -quiet -complex-mul-dsp=0 
Command     set_part done; 3.398 sec.
Execute     send_msg_by_id INFO @200-1505@%s%s  vivado 
INFO: [HLS 200-1505] Using flow_target 'vivado'
Execute     send_msg_by_id INFO @200-1464@%s config_export -description {ECG Denoiser 1D-CNN} 
INFO: [HLS 200-1464] Running solution command: config_export -description {ECG Denoiser 1D-CNN}
Execute     config_export -description ECG Denoiser 1D-CNN 
Execute     send_msg_by_id INFO @200-1464@%s config_export -display_name=ecg_denoiser 
INFO: [HLS 200-1464] Running solution command: config_export -display_name=ecg_denoiser
Execute     config_export -display_name=ecg_denoiser 
Execute     send_msg_by_id INFO @200-1464@%s config_export -format=ip_catalog 
INFO: [HLS 200-1464] Running solution command: config_export -format=ip_catalog
Execute     config_export -format=ip_catalog 
Execute     send_msg_by_id INFO @200-1464@%s config_export -library=ECG 
INFO: [HLS 200-1464] Running solution command: config_export -library=ECG
Execute     config_export -library=ECG 
Execute     send_msg_by_id INFO @200-1464@%s config_export -output=C:/ecg_hls/ecg_denoiser_ip 
INFO: [HLS 200-1464] Running solution command: config_export -output=C:/ecg_hls/ecg_denoiser_ip
Execute     config_export -output=C:/ecg_hls/ecg_denoiser_ip 
Execute     send_msg_by_id INFO @200-1464@%s config_export -rtl=verilog 
INFO: [HLS 200-1464] Running solution command: config_export -rtl=verilog
Execute     config_export -rtl=verilog 
Execute     send_msg_by_id INFO @200-1464@%s config_export -vendor=MyOrg 
INFO: [HLS 200-1464] Running solution command: config_export -vendor=MyOrg
Execute     config_export -vendor=MyOrg 
Execute     send_msg_by_id INFO @200-1464@%s config_export -version=1.0 
INFO: [HLS 200-1464] Running solution command: config_export -version=1.0
Execute     config_export -version=1.0 
Command   open_solution done; 3.676 sec.
Execute   set_part xc7z030-sbg485-2 
INFO: [HLS 200-1510] Running: set_part xc7z030-sbg485-2 
Execute     create_platform xc7z030-sbg485-2 -board  
Execute     source C:/Xilinx/Vitis_HLS/2022.2/common/technology/xilinx/common/xilinx.gen 
Execute       source C:/Xilinx/Vitis_HLS/2022.2/common/technology/xilinx/interface/plb46.gen 
Execute       source C:/Xilinx/Vitis_HLS/2022.2/common/technology/xilinx/interface/axi4.gen 
Execute       source C:/Xilinx/Vitis_HLS/2022.2/common/technology/xilinx/interface/nativeAXI4.gen 
Execute         source C:/Xilinx/Vitis_HLS/2022.2/common/technology/xilinx/interface/saxilite.gen 
Execute       source C:/Xilinx/Vitis_HLS/2022.2/common/technology/xilinx/scripts/xilinxcoregen.gen 
Execute       source C:/Xilinx/Vitis_HLS/2022.2/common/technology/xilinx/interface/XilEDKCoreGen.gen 
Execute       source C:/Xilinx/Vitis_HLS/2022.2/common/technology/xilinx/ip/dds_compiler.gen 
Execute       source C:/Xilinx/Vitis_HLS/2022.2/common/technology/xilinx/ip/util.gen 
Execute       source C:/Xilinx/Vitis_HLS/2022.2/common/technology/xilinx/ip/xfft.gen 
Command       ap_source done; 0.101 sec.
Execute       source C:/Xilinx/Vitis_HLS/2022.2/common/technology/xilinx/ip/xfir.gen 
Execute       source C:/Xilinx/Vitis_HLS/2022.2/common/technology/xilinx/DSP48/dsp48.gen 
Command     ap_source done; 0.147 sec.
Execute     ap_part_info -name xc7z030-sbg485-2 -data info 
Execute     config_compile -quiet -complex-mul-dsp=0 
Command   set_part done; 0.219 sec.
Execute   create_clock -period 13 -name default 
INFO: [HLS 200-1510] Running: create_clock -period 13 -name default 
Execute   config_export -description ECG Denoiser 1D-CNN -display_name ecg_denoiser -format ip_catalog -library ECG -output C:/ecg_hls/ecg_denoiser_ip -rtl verilog -vendor MyOrg -version 1.0 
INFO: [HLS 200-1510] Running: config_export -description ECG Denoiser 1D-CNN -display_name ecg_denoiser -format ip_catalog -library ECG -output C:/ecg_hls/ecg_denoiser_ip -rtl verilog -vendor MyOrg -version 1.0 
Execute   source ./ecg_denoiser_ip/solution1/directives.tcl 
INFO: [HLS 200-1510] Running: source ./ecg_denoiser_ip/solution1/directives.tcl
Execute     set_directive_top -name ecg_denoiser ecg_denoiser 
INFO: [HLS 200-1510] Running: set_directive_top -name ecg_denoiser ecg_denoiser 
Execute   csim_design -clean -quiet 
INFO: [HLS 200-1510] Running: csim_design -clean -quiet 
Execute     source C:/ecg_hls/ecg_denoiser_ip/solution1/.autopilot/db/global.setting.tcl 
INFO: [SIM 211-2] *************** CSIM start ***************
INFO: [SIM 211-4] CSIM will launch GCC as the compiler.
Execute     source csim/.lst_opt.tcl 
Execute     ap_part_info -name xc7z030-sbg485-2 -data info 
Execute     source run_sim.tcl 
Command     ap_source done; 607.544 sec.
INFO: [SIM 211-1] CSim done with 0 errors.
INFO: [SIM 211-3] *************** CSIM finish ***************
Command   csim_design done; 626.556 sec.
INFO: [HLS 200-111] Finished Command csim_design CPU user time: 0 seconds. CPU system time: 0 seconds. Elapsed time: 626.556 seconds; current allocated memory: 0.348 MB.
Command ap_source done; 640.797 sec.
Execute cleanup_all 
INFO-FLOW: Workspace C:/ecg_hls/ecg_denoiser_ip/solution1 opened at Wed Apr 22 10:52:57 +0530 2026
Execute     ap_set_clock -name default -period 13 -default=false 
INFO: [SYN 201-201] Setting up clock 'default' with a period of 13ns.
Execute     set_part xc7z030-sbg485-2 
Execute       create_platform xc7z030-sbg485-2 -board  
DBG:HLSDevice: Trying to load device library: C:/Xilinx/Vitis_HLS/2022.2\lib\win64.o\xv_hlsvwrap.dll
DBG:HLSDevice: first parts/arch.xml in RDI_DATADIR: C:/Xilinx/Vivado/2022.2/data/parts/arch.xml
DBG:HLSDevice: init success
INFO: [HLS 200-1611] Setting target device to 'xc7z030-sbg485-2'
Command       create_platform done; 3.866 sec.
Execute       source C:/Xilinx/Vitis_HLS/2022.2/common/technology/xilinx/common/xilinx.gen 
Execute         source C:/Xilinx/Vitis_HLS/2022.2/common/technology/xilinx/interface/plb46.gen 
Execute         source C:/Xilinx/Vitis_HLS/2022.2/common/technology/xilinx/interface/axi4.gen 
Execute         source C:/Xilinx/Vitis_HLS/2022.2/common/technology/xilinx/interface/nativeAXI4.gen 
Execute           source C:/Xilinx/Vitis_HLS/2022.2/common/technology/xilinx/interface/saxilite.gen 
Execute         source C:/Xilinx/Vitis_HLS/2022.2/common/technology/xilinx/scripts/xilinxcoregen.gen 
Execute         source C:/Xilinx/Vitis_HLS/2022.2/common/technology/xilinx/interface/XilEDKCoreGen.gen 
Execute         source C:/Xilinx/Vitis_HLS/2022.2/common/technology/xilinx/ip/dds_compiler.gen 
Execute         source C:/Xilinx/Vitis_HLS/2022.2/common/technology/xilinx/ip/util.gen 
Execute         source C:/Xilinx/Vitis_HLS/2022.2/common/technology/xilinx/ip/xfft.gen 
Command         ap_source done; 0.21 sec.
Execute         source C:/Xilinx/Vitis_HLS/2022.2/common/technology/xilinx/ip/xfir.gen 
Execute         source C:/Xilinx/Vitis_HLS/2022.2/common/technology/xilinx/DSP48/dsp48.gen 
Command       ap_source done; 0.413 sec.
Execute       ap_part_info -name xc7z030-sbg485-2 -data info 
Execute       config_compile -quiet -complex-mul-dsp=0 
Command     set_part done; 4.338 sec.
Execute     send_msg_by_id INFO @200-1505@%s%s  vivado 
INFO: [HLS 200-1505] Using flow_target 'vivado'
Execute     send_msg_by_id INFO @200-1464@%s config_export -description {ECG Denoiser 1D-CNN} 
INFO: [HLS 200-1464] Running solution command: config_export -description {ECG Denoiser 1D-CNN}
Execute     config_export -description ECG Denoiser 1D-CNN 
Execute     send_msg_by_id INFO @200-1464@%s config_export -display_name=ecg_denoiser 
INFO: [HLS 200-1464] Running solution command: config_export -display_name=ecg_denoiser
Execute     config_export -display_name=ecg_denoiser 
Execute     send_msg_by_id INFO @200-1464@%s config_export -format=ip_catalog 
INFO: [HLS 200-1464] Running solution command: config_export -format=ip_catalog
Execute     config_export -format=ip_catalog 
Execute     send_msg_by_id INFO @200-1464@%s config_export -library=ECG 
INFO: [HLS 200-1464] Running solution command: config_export -library=ECG
Execute     config_export -library=ECG 
Execute     send_msg_by_id INFO @200-1464@%s config_export -output=C:/ecg_hls/ecg_denoiser_ip 
INFO: [HLS 200-1464] Running solution command: config_export -output=C:/ecg_hls/ecg_denoiser_ip
Execute     config_export -output=C:/ecg_hls/ecg_denoiser_ip 
Execute     send_msg_by_id INFO @200-1464@%s config_export -rtl=verilog 
INFO: [HLS 200-1464] Running solution command: config_export -rtl=verilog
Execute     config_export -rtl=verilog 
Execute     send_msg_by_id INFO @200-1464@%s config_export -vendor=MyOrg 
INFO: [HLS 200-1464] Running solution command: config_export -vendor=MyOrg
Execute     config_export -vendor=MyOrg 
Execute     send_msg_by_id INFO @200-1464@%s config_export -version=1.0 
INFO: [HLS 200-1464] Running solution command: config_export -version=1.0
Execute     config_export -version=1.0 
Command   open_solution done; 4.692 sec.
Execute   set_part xc7z030-sbg485-2 
INFO: [HLS 200-1510] Running: set_part xc7z030-sbg485-2 
Execute     create_platform xc7z030-sbg485-2 -board  
Execute     source C:/Xilinx/Vitis_HLS/2022.2/common/technology/xilinx/common/xilinx.gen 
Execute       source C:/Xilinx/Vitis_HLS/2022.2/common/technology/xilinx/interface/plb46.gen 
Execute       source C:/Xilinx/Vitis_HLS/2022.2/common/technology/xilinx/interface/axi4.gen 
Execute       source C:/Xilinx/Vitis_HLS/2022.2/common/technology/xilinx/interface/nativeAXI4.gen 
Execute         source C:/Xilinx/Vitis_HLS/2022.2/common/technology/xilinx/interface/saxilite.gen 
Execute       source C:/Xilinx/Vitis_HLS/2022.2/common/technology/xilinx/scripts/xilinxcoregen.gen 
Execute       source C:/Xilinx/Vitis_HLS/2022.2/common/technology/xilinx/interface/XilEDKCoreGen.gen 
Execute       source C:/Xilinx/Vitis_HLS/2022.2/common/technology/xilinx/ip/dds_compiler.gen 
Execute       source C:/Xilinx/Vitis_HLS/2022.2/common/technology/xilinx/ip/util.gen 
Execute       source C:/Xilinx/Vitis_HLS/2022.2/common/technology/xilinx/ip/xfft.gen 
Command       ap_source done; 0.151 sec.
Execute       source C:/Xilinx/Vitis_HLS/2022.2/common/technology/xilinx/ip/xfir.gen 
Execute       source C:/Xilinx/Vitis_HLS/2022.2/common/technology/xilinx/DSP48/dsp48.gen 
Command     ap_source done; 0.244 sec.
Execute     ap_part_info -name xc7z030-sbg485-2 -data info 
Execute     config_compile -quiet -complex-mul-dsp=0 
Command   set_part done; 0.399 sec.
Execute   create_clock -period 13 -name default 
INFO: [HLS 200-1510] Running: create_clock -period 13 -name default 
Execute   config_export -description ECG Denoiser 1D-CNN -display_name ecg_denoiser -format ip_catalog -library ECG -output C:/ecg_hls/ecg_denoiser_ip -rtl verilog -vendor MyOrg -version 1.0 
INFO: [HLS 200-1510] Running: config_export -description ECG Denoiser 1D-CNN -display_name ecg_denoiser -format ip_catalog -library ECG -output C:/ecg_hls/ecg_denoiser_ip -rtl verilog -vendor MyOrg -version 1.0 
Execute   source ./ecg_denoiser_ip/solution1/directives.tcl 
INFO: [HLS 200-1510] Running: source ./ecg_denoiser_ip/solution1/directives.tcl
Execute     set_directive_top -name ecg_denoiser ecg_denoiser 
INFO: [HLS 200-1510] Running: set_directive_top -name ecg_denoiser ecg_denoiser 
Execute   csim_design -clean -quiet 
INFO: [HLS 200-1510] Running: csim_design -clean -quiet 
Execute     source C:/ecg_hls/ecg_denoiser_ip/solution1/.autopilot/db/global.setting.tcl 
INFO: [SIM 211-2] *************** CSIM start ***************
INFO: [SIM 211-4] CSIM will launch GCC as the compiler.
Execute     source csim/.lst_opt.tcl 
Execute     ap_part_info -name xc7z030-sbg485-2 -data info 
Execute     source run_sim.tcl 
Command     ap_source done; 750.051 sec.
INFO: [SIM 211-1] CSim done with 0 errors.
INFO: [SIM 211-3] *************** CSIM finish ***************
Command   csim_design done; 780.08 sec.
INFO: [HLS 200-111] Finished Command csim_design CPU user time: 0 seconds. CPU system time: 1 seconds. Elapsed time: 780.08 seconds; current allocated memory: 0.691 MB.
Command ap_source done; 795.535 sec.
Execute cleanup_all 
