

================================================================
== Vitis HLS Report for 'conv_layer01234_fused_Pipeline_L1_IC_L1_K'
================================================================
* Date:           Sat Apr  4 09:58:54 2026

* Version:        2022.2 (Build 3670227 on Oct 13 2022)
* Project:        ecg_denoiser_ip
* Solution:       solution1 (Vivado IP Flow Target)
* Product family: zynq
* Target device:  xc7z030-sbg485-2


================================================================
== Performance Estimates
================================================================
+ Timing: 
    * Summary: 
    +--------+----------+----------+------------+
    |  Clock |  Target  | Estimated| Uncertainty|
    +--------+----------+----------+------------+
    |ap_clk  |  13.00 ns|  7.494 ns|     3.51 ns|
    +--------+----------+----------+------------+

+ Latency: 
    * Summary: 
    +---------+---------+----------+----------+-----+-----+---------+
    |  Latency (cycles) |  Latency (absolute) |  Interval | Pipeline|
    |   min   |   max   |    min   |    max   | min | max |   Type  |
    +---------+---------+----------+----------+-----+-----+---------+
    |      453|      453|  5.889 us|  5.889 us|  453|  453|       no|
    +---------+---------+----------+----------+-----+-----+---------+

    + Detail: 
        * Instance: 
        N/A

        * Loop: 
        +--------------+---------+---------+----------+-----------+-----------+------+----------+
        |              |  Latency (cycles) | Iteration|  Initiation Interval  | Trip |          |
        |   Loop Name  |   min   |   max   |  Latency |  achieved |   target  | Count| Pipelined|
        +--------------+---------+---------+----------+-----------+-----------+------+----------+
        |- L1_IC_L1_K  |      451|      451|         5|          1|          1|   448|       yes|
        +--------------+---------+---------+----------+-----------+-----------+------+----------+



================================================================
== Utilization Estimates
================================================================
* Summary: 
+-----------------+---------+-----+--------+-------+-----+
|       Name      | BRAM_18K| DSP |   FF   |  LUT  | URAM|
+-----------------+---------+-----+--------+-------+-----+
|DSP              |        -|    -|       -|      -|    -|
|Expression       |        -|    -|       0|    388|    -|
|FIFO             |        -|    -|       -|      -|    -|
|Instance         |        -|    4|       0|     87|    -|
|Memory           |       60|    -|       0|      0|    -|
|Multiplexer      |        -|    -|       -|    108|    -|
|Register         |        -|    -|     465|     32|    -|
+-----------------+---------+-----+--------+-------+-----+
|Total            |       60|    4|     465|    615|    0|
+-----------------+---------+-----+--------+-------+-----+
|Available        |      530|  400|  157200|  78600|    0|
+-----------------+---------+-----+--------+-------+-----+
|Utilization (%)  |       11|    1|      ~0|     ~0|    0|
+-----------------+---------+-----+--------+-------+-----+

+ Detail: 
    * Instance: 
    +------------------------+--------------------+---------+----+---+----+-----+
    |        Instance        |       Module       | BRAM_18K| DSP| FF| LUT| URAM|
    +------------------------+--------------------+---------+----+---+----+-----+
    |mul_23s_40s_62_1_1_U44  |mul_23s_40s_62_1_1  |        0|   2|  0|  29|    0|
    |mul_23s_40s_62_1_1_U45  |mul_23s_40s_62_1_1  |        0|   2|  0|  29|    0|
    |mux_73_32_1_1_U43       |mux_73_32_1_1       |        0|   0|  0|  29|    0|
    +------------------------+--------------------+---------+----+---+----+-----+
    |Total                   |                    |        0|   4|  0|  87|    0|
    +------------------------+--------------------+---------+----+---+----+-----+

    * DSP: 
    N/A

    * Memory: 
    +---------------------+----------------------------------------------------------------------------+---------+---+----+-----+-------+-----+------+-------------+
    |        Memory       |                                   Module                                   | BRAM_18K| FF| LUT| URAM| Words | Bits| Banks| W*Bits*Banks|
    +---------------------+----------------------------------------------------------------------------+---------+---+----+-----+-------+-----+------+-------------+
    |denoiser_w_L1_W_V_U  |conv_layer01234_fused_Pipeline_L1_IC_L1_K_denoiser_w_L1_W_V_ROM_NP_BRAM_1R  |       60|  0|   0|    0|  57344|   15|     1|       860160|
    +---------------------+----------------------------------------------------------------------------+---------+---+----+-----+-------+-----+------+-------------+
    |Total                |                                                                            |       60|  0|   0|    0|  57344|   15|     1|       860160|
    +---------------------+----------------------------------------------------------------------------+---------+---+----+-----+-------+-----+------+-------------+

    * FIFO: 
    N/A

    * Expression: 
    +--------------------------+----------+----+---+----+------------+------------+
    |       Variable Name      | Operation| DSP| FF| LUT| Bitwidth P0| Bitwidth P1|
    +--------------------------+----------+----+---+----+------------+------------+
    |add_ln110_1_fu_326_p2     |         +|   0|  0|   9|           9|           1|
    |add_ln110_fu_338_p2       |         +|   0|  0|   7|           7|           1|
    |add_ln112_1_fu_607_p2     |         +|   0|  0|  64|          64|          64|
    |add_ln112_2_fu_655_p2     |         +|   0|  0|  64|          64|          64|
    |add_ln112_fu_366_p2       |         +|   0|  0|   4|           3|           1|
    |add_ln1347_2_fu_661_p2    |         +|   0|  0|  72|          72|          72|
    |add_ln1347_fu_613_p2      |         +|   0|  0|  72|          72|          72|
    |add_ln837_1_fu_439_p2     |         +|   0|  0|  14|          14|          14|
    |add_ln837_2_fu_469_p2     |         +|   0|  0|  16|          16|          16|
    |add_ln837_3_fu_480_p2     |         +|   0|  0|  16|          16|          16|
    |sub_ln837_1_fu_460_p2     |         -|   0|  0|  16|          16|          16|
    |sub_ln837_fu_433_p2       |         -|   0|  0|  16|          16|          16|
    |icmp_ln110_fu_320_p2      |      icmp|   0|  0|   4|           9|           8|
    |icmp_ln112_fu_344_p2      |      icmp|   0|  0|   2|           3|           2|
    |select_ln110_1_fu_358_p3  |    select|   0|  0|   7|           1|           7|
    |select_ln110_fu_350_p3    |    select|   0|  0|   3|           1|           1|
    |ap_enable_pp0             |       xor|   0|  0|   2|           1|           2|
    +--------------------------+----------+----+---+----+------------+------------+
    |Total                     |          |   0|  0| 388|         384|         373|
    +--------------------------+----------+----+---+----+------------+------------+

    * Multiplexer: 
    +--------------------------------------+----+-----------+-----+-----------+
    |                 Name                 | LUT| Input Size| Bits| Total Bits|
    +--------------------------------------+----+-----------+-----+-----------+
    |ap_done_int                           |   9|          2|    1|          2|
    |ap_enable_reg_pp0_iter1               |   9|          2|    1|          2|
    |ap_sig_allocacmp_ic_load              |   9|          2|    7|         14|
    |ap_sig_allocacmp_indvar_flatten_load  |   9|          2|    9|         18|
    |ap_sig_allocacmp_k_load               |   9|          2|    3|          6|
    |ic_fu_134                             |   9|          2|    7|         14|
    |indvar_flatten_fu_138                 |   9|          2|    9|         18|
    |k_fu_130                              |   9|          2|    3|          6|
    |lhs_V_fu_126                          |   9|          2|   48|         96|
    |lhs_fu_122                            |   9|          2|   48|         96|
    |phi_ln818_1_fu_114                    |   9|          2|   32|         64|
    |phi_ln818_fu_118                      |   9|          2|   32|         64|
    +--------------------------------------+----+-----------+-----+-----------+
    |Total                                 | 108|         24|  200|        400|
    +--------------------------------------+----+-----------+-----+-----------+

    * Register: 
    +------------------------------------+----+----+-----+-----------+
    |                Name                | FF | LUT| Bits| Const Bits|
    +------------------------------------+----+----+-----+-----------+
    |ap_CS_fsm                           |   1|   0|    1|          0|
    |ap_done_reg                         |   1|   0|    1|          0|
    |ap_enable_reg_pp0_iter1             |   1|   0|    1|          0|
    |ap_enable_reg_pp0_iter2             |   1|   0|    1|          0|
    |ap_enable_reg_pp0_iter3             |   1|   0|    1|          0|
    |ap_enable_reg_pp0_iter4             |   1|   0|    1|          0|
    |ap_loop_exit_ready_pp0_iter1_reg    |   1|   0|    1|          0|
    |ap_loop_exit_ready_pp0_iter2_reg    |   1|   0|    1|          0|
    |ap_loop_exit_ready_pp0_iter3_reg    |   1|   0|    1|          0|
    |denoiser_w_L1_W_V_load_1_reg_847    |  15|   0|   15|          0|
    |denoiser_w_L1_W_V_load_reg_842      |  15|   0|   15|          0|
    |ic_fu_134                           |   7|   0|    7|          0|
    |icmp_ln110_reg_784                  |   1|   0|    1|          0|
    |indvar_flatten_fu_138               |   9|   0|    9|          0|
    |k_fu_130                            |   3|   0|    3|          0|
    |lhs_V_fu_126                        |  48|   0|   48|          0|
    |lhs_fu_122                          |  48|   0|   48|          0|
    |phi_ln818_1_fu_114                  |  32|   0|   32|          0|
    |phi_ln818_fu_118                    |  32|   0|   32|          0|
    |r_V_11_reg_858                      |  62|   0|   62|          0|
    |r_V_reg_852                         |  62|   0|   62|          0|
    |select_ln110_1_reg_794              |   7|   0|    7|          0|
    |select_ln110_reg_788                |   3|   0|    3|          0|
    |select_ln110_reg_788_pp0_iter1_reg  |   3|   0|    3|          0|
    |x_V_reg_837                         |  32|   0|   32|          0|
    |zext_ln837_3_cast_reg_779           |  13|   0|   14|          1|
    |icmp_ln110_reg_784                  |  64|  32|    1|          0|
    +------------------------------------+----+----+-----+-----------+
    |Total                               | 465|  32|  403|          1|
    +------------------------------------+----+----+-----+-----------+



================================================================
== Interface
================================================================
* Summary: 
+------------------------+-----+-----+------------+-------------------------------------------+--------------+
|        RTL Ports       | Dir | Bits|  Protocol  |               Source Object               |    C Type    |
+------------------------+-----+-----+------------+-------------------------------------------+--------------+
|ap_clk                  |   in|    1|  ap_ctrl_hs|  conv_layer01234_fused_Pipeline_L1_IC_L1_K|  return value|
|ap_rst                  |   in|    1|  ap_ctrl_hs|  conv_layer01234_fused_Pipeline_L1_IC_L1_K|  return value|
|ap_start                |   in|    1|  ap_ctrl_hs|  conv_layer01234_fused_Pipeline_L1_IC_L1_K|  return value|
|ap_done                 |  out|    1|  ap_ctrl_hs|  conv_layer01234_fused_Pipeline_L1_IC_L1_K|  return value|
|ap_idle                 |  out|    1|  ap_ctrl_hs|  conv_layer01234_fused_Pipeline_L1_IC_L1_K|  return value|
|ap_ready                |  out|    1|  ap_ctrl_hs|  conv_layer01234_fused_Pipeline_L1_IC_L1_K|  return value|
|sext_ln108              |   in|   25|     ap_none|                                 sext_ln108|        scalar|
|sext_ln107              |   in|   25|     ap_none|                                 sext_ln107|        scalar|
|oc_base                 |   in|    7|     ap_none|                                    oc_base|        scalar|
|zext_ln837_3            |   in|   13|     ap_none|                               zext_ln837_3|        scalar|
|win01_V_1_address0      |  out|    6|   ap_memory|                                  win01_V_1|         array|
|win01_V_1_ce0           |  out|    1|   ap_memory|                                  win01_V_1|         array|
|win01_V_1_q0            |   in|   31|   ap_memory|                                  win01_V_1|         array|
|win01_V_2_address0      |  out|    6|   ap_memory|                                  win01_V_2|         array|
|win01_V_2_ce0           |  out|    1|   ap_memory|                                  win01_V_2|         array|
|win01_V_2_q0            |   in|   31|   ap_memory|                                  win01_V_2|         array|
|win01_V_3_address0      |  out|    6|   ap_memory|                                  win01_V_3|         array|
|win01_V_3_ce0           |  out|    1|   ap_memory|                                  win01_V_3|         array|
|win01_V_3_q0            |   in|   31|   ap_memory|                                  win01_V_3|         array|
|win01_V_4_address0      |  out|    6|   ap_memory|                                  win01_V_4|         array|
|win01_V_4_ce0           |  out|    1|   ap_memory|                                  win01_V_4|         array|
|win01_V_4_q0            |   in|   31|   ap_memory|                                  win01_V_4|         array|
|win01_V_5_address0      |  out|    6|   ap_memory|                                  win01_V_5|         array|
|win01_V_5_ce0           |  out|    1|   ap_memory|                                  win01_V_5|         array|
|win01_V_5_q0            |   in|   31|   ap_memory|                                  win01_V_5|         array|
|phi_ln818_out           |  out|   32|      ap_vld|                              phi_ln818_out|       pointer|
|phi_ln818_out_ap_vld    |  out|    1|      ap_vld|                              phi_ln818_out|       pointer|
|phi_ln818_1_out         |  out|   32|      ap_vld|                            phi_ln818_1_out|       pointer|
|phi_ln818_1_out_ap_vld  |  out|    1|      ap_vld|                            phi_ln818_1_out|       pointer|
+------------------------+-----+-----+------------+-------------------------------------------+--------------+

============================================================
+ Verbose Summary: Synthesis Manager
============================================================
InlineROM: 1
ExposeGlobal: 0
============================================================
+ Verbose Summary: CDFG Model
============================================================
IsTopModel: 0
ResetActiveHigh: 1
IsCombinational: 2
IsDatapathOnly: 2
HasWiredReturn: 1
HasMFsm: 2
HasVarLatency: 1
IsPipeline: 0
IsRtlPipelined: 0
IsInstanceOverlapped: 0
IsDontTouch: 0
HasImplIP: 0
IsGatedGlobalClock: 0

+ Individual pipeline summary: 
  * Pipeline-0: initiation interval (II) = 1, depth = 5


============================================================
+ Verbose Summary: Schedule
============================================================
* Number of FSM states : 5
* Pipeline : 1
  Pipeline-0 : II = 1, D = 5, States = { 1 2 3 4 5 }
* Dataflow Pipeline: 0

* FSM state transitions: 
1 --> 2 
2 --> 3 
3 --> 4 
4 --> 5 
5 --> 

* FSM state operations: 

State 1 <SV = 0> <Delay = 3.84>
ST_1 : Operation 8 [1/1] (0.00ns)   --->   "%phi_ln818_1 = alloca i32 1"   --->   Operation 8 'alloca' 'phi_ln818_1' <Predicate = true> <Delay = 0.00>
ST_1 : Operation 9 [1/1] (0.00ns)   --->   "%phi_ln818 = alloca i32 1"   --->   Operation 9 'alloca' 'phi_ln818' <Predicate = true> <Delay = 0.00>
ST_1 : Operation 10 [1/1] (0.00ns)   --->   "%lhs = alloca i32 1"   --->   Operation 10 'alloca' 'lhs' <Predicate = true> <Delay = 0.00>
ST_1 : Operation 11 [1/1] (0.00ns)   --->   "%lhs_V = alloca i32 1"   --->   Operation 11 'alloca' 'lhs_V' <Predicate = true> <Delay = 0.00>
ST_1 : Operation 12 [1/1] (0.00ns)   --->   "%k = alloca i32 1"   --->   Operation 12 'alloca' 'k' <Predicate = true> <Delay = 0.00>
ST_1 : Operation 13 [1/1] (0.00ns)   --->   "%ic = alloca i32 1"   --->   Operation 13 'alloca' 'ic' <Predicate = true> <Delay = 0.00>
ST_1 : Operation 14 [1/1] (0.00ns)   --->   "%indvar_flatten = alloca i32 1"   --->   Operation 14 'alloca' 'indvar_flatten' <Predicate = true> <Delay = 0.00>
ST_1 : Operation 15 [1/1] (0.00ns)   --->   "%zext_ln837_3_read = read i13 @_ssdm_op_Read.ap_auto.i13, i13 %zext_ln837_3"   --->   Operation 15 'read' 'zext_ln837_3_read' <Predicate = true> <Delay = 0.00>
ST_1 : Operation 16 [1/1] (0.00ns)   --->   "%oc_base_read = read i7 @_ssdm_op_Read.ap_auto.i7, i7 %oc_base"   --->   Operation 16 'read' 'oc_base_read' <Predicate = true> <Delay = 0.00>
ST_1 : Operation 17 [1/1] (0.00ns)   --->   "%sext_ln107_read = read i25 @_ssdm_op_Read.ap_auto.i25, i25 %sext_ln107"   --->   Operation 17 'read' 'sext_ln107_read' <Predicate = true> <Delay = 0.00>
ST_1 : Operation 18 [1/1] (0.00ns)   --->   "%sext_ln108_read = read i25 @_ssdm_op_Read.ap_auto.i25, i25 %sext_ln108"   --->   Operation 18 'read' 'sext_ln108_read' <Predicate = true> <Delay = 0.00>
ST_1 : Operation 19 [1/1] (0.00ns)   --->   "%sext_ln107_cast = sext i25 %sext_ln107_read"   --->   Operation 19 'sext' 'sext_ln107_cast' <Predicate = true> <Delay = 0.00>
ST_1 : Operation 20 [1/1] (0.00ns)   --->   "%sext_ln108_cast = sext i25 %sext_ln108_read"   --->   Operation 20 'sext' 'sext_ln108_cast' <Predicate = true> <Delay = 0.00>
ST_1 : Operation 21 [1/1] (0.00ns)   --->   "%zext_ln837_3_cast = zext i13 %zext_ln837_3_read"   --->   Operation 21 'zext' 'zext_ln837_3_cast' <Predicate = true> <Delay = 0.00>
ST_1 : Operation 22 [1/1] (0.00ns)   --->   "%specmemcore_ln0 = specmemcore void @_ssdm_op_SpecMemCore, i15 %denoiser_w_L1_W_V, i64 666, i64 38, i64 18446744073709551615"   --->   Operation 22 'specmemcore' 'specmemcore_ln0' <Predicate = true> <Delay = 0.00>
ST_1 : Operation 23 [1/1] (1.29ns)   --->   "%store_ln0 = store i9 0, i9 %indvar_flatten"   --->   Operation 23 'store' 'store_ln0' <Predicate = true> <Delay = 1.29>
ST_1 : Operation 24 [1/1] (1.29ns)   --->   "%store_ln0 = store i7 0, i7 %ic"   --->   Operation 24 'store' 'store_ln0' <Predicate = true> <Delay = 1.29>
ST_1 : Operation 25 [1/1] (1.29ns)   --->   "%store_ln0 = store i3 0, i3 %k"   --->   Operation 25 'store' 'store_ln0' <Predicate = true> <Delay = 1.29>
ST_1 : Operation 26 [1/1] (1.29ns)   --->   "%store_ln0 = store i48 %sext_ln108_cast, i48 %lhs_V"   --->   Operation 26 'store' 'store_ln0' <Predicate = true> <Delay = 1.29>
ST_1 : Operation 27 [1/1] (1.29ns)   --->   "%store_ln0 = store i48 %sext_ln107_cast, i48 %lhs"   --->   Operation 27 'store' 'store_ln0' <Predicate = true> <Delay = 1.29>
ST_1 : Operation 28 [1/1] (1.29ns)   --->   "%store_ln0 = store i32 0, i32 %phi_ln818"   --->   Operation 28 'store' 'store_ln0' <Predicate = true> <Delay = 1.29>
ST_1 : Operation 29 [1/1] (1.29ns)   --->   "%store_ln0 = store i32 0, i32 %phi_ln818_1"   --->   Operation 29 'store' 'store_ln0' <Predicate = true> <Delay = 1.29>
ST_1 : Operation 30 [1/1] (0.00ns)   --->   "%br_ln0 = br void %for.body226"   --->   Operation 30 'br' 'br_ln0' <Predicate = true> <Delay = 0.00>
ST_1 : Operation 31 [1/1] (0.00ns)   --->   "%indvar_flatten_load = load i9 %indvar_flatten" [src/ecg_denoiser.cpp:110]   --->   Operation 31 'load' 'indvar_flatten_load' <Predicate = true> <Delay = 0.00>
ST_1 : Operation 32 [1/1] (1.62ns)   --->   "%icmp_ln110 = icmp_eq  i9 %indvar_flatten_load, i9 448" [src/ecg_denoiser.cpp:110]   --->   Operation 32 'icmp' 'icmp_ln110' <Predicate = true> <Delay = 1.62> <CoreInst = "Cmp">   --->   Core 9 'Cmp' <Latency = 0> <II = 1> <Delay = 1.62> <FuncUnit> <Opcode : 'icmp'> <InPorts = 2> <OutPorts = 1>
ST_1 : Operation 33 [1/1] (1.36ns)   --->   "%add_ln110_1 = add i9 %indvar_flatten_load, i9 1" [src/ecg_denoiser.cpp:110]   --->   Operation 33 'add' 'add_ln110_1' <Predicate = true> <Delay = 1.36> <CoreInst = "Adder">   --->   Core 1 'Adder' <Latency = 0> <II = 1> <Delay = 1.36> <FuncUnit> <Opcode : 'add' 'sub'> <InPorts = 2> <OutPorts = 1>
ST_1 : Operation 34 [1/1] (0.00ns)   --->   "%br_ln110 = br i1 %icmp_ln110, void %for.inc257, void %for.end259.exitStub" [src/ecg_denoiser.cpp:110]   --->   Operation 34 'br' 'br_ln110' <Predicate = true> <Delay = 0.00>
ST_1 : Operation 35 [1/1] (0.00ns)   --->   "%k_load = load i3 %k" [src/ecg_denoiser.cpp:112]   --->   Operation 35 'load' 'k_load' <Predicate = (!icmp_ln110)> <Delay = 0.00>
ST_1 : Operation 36 [1/1] (0.00ns)   --->   "%ic_load = load i7 %ic" [src/ecg_denoiser.cpp:110]   --->   Operation 36 'load' 'ic_load' <Predicate = (!icmp_ln110)> <Delay = 0.00>
ST_1 : Operation 37 [1/1] (1.31ns)   --->   "%add_ln110 = add i7 %ic_load, i7 1" [src/ecg_denoiser.cpp:110]   --->   Operation 37 'add' 'add_ln110' <Predicate = (!icmp_ln110)> <Delay = 1.31> <CoreInst = "Adder">   --->   Core 1 'Adder' <Latency = 0> <II = 1> <Delay = 1.31> <FuncUnit> <Opcode : 'add' 'sub'> <InPorts = 2> <OutPorts = 1>
ST_1 : Operation 38 [1/1] (0.98ns)   --->   "%icmp_ln112 = icmp_eq  i3 %k_load, i3 7" [src/ecg_denoiser.cpp:112]   --->   Operation 38 'icmp' 'icmp_ln112' <Predicate = (!icmp_ln110)> <Delay = 0.98> <CoreInst = "Cmp">   --->   Core 9 'Cmp' <Latency = 0> <II = 1> <Delay = 0.98> <FuncUnit> <Opcode : 'icmp'> <InPorts = 2> <OutPorts = 1>
ST_1 : Operation 39 [1/1] (0.79ns)   --->   "%select_ln110 = select i1 %icmp_ln112, i3 0, i3 %k_load" [src/ecg_denoiser.cpp:110]   --->   Operation 39 'select' 'select_ln110' <Predicate = (!icmp_ln110)> <Delay = 0.79> <CoreInst = "Sel">   --->   Core 73 'Sel' <Latency = 0> <II = 1> <Delay = 0.79> <FuncUnit> <Opcode : 'select'> <InPorts = 3> <OutPorts = 1>
ST_1 : Operation 40 [1/1] (0.80ns)   --->   "%select_ln110_1 = select i1 %icmp_ln112, i7 %add_ln110, i7 %ic_load" [src/ecg_denoiser.cpp:110]   --->   Operation 40 'select' 'select_ln110_1' <Predicate = (!icmp_ln110)> <Delay = 0.80> <CoreInst = "Sel">   --->   Core 73 'Sel' <Latency = 0> <II = 1> <Delay = 0.80> <FuncUnit> <Opcode : 'select'> <InPorts = 3> <OutPorts = 1>
ST_1 : Operation 41 [1/1] (0.76ns)   --->   "%add_ln112 = add i3 %select_ln110, i3 1" [src/ecg_denoiser.cpp:112]   --->   Operation 41 'add' 'add_ln112' <Predicate = (!icmp_ln110)> <Delay = 0.76> <CoreInst = "Adder">   --->   Core 1 'Adder' <Latency = 0> <II = 1> <Delay = 0.76> <FuncUnit> <Opcode : 'add' 'sub'> <InPorts = 2> <OutPorts = 1>
ST_1 : Operation 42 [1/1] (1.29ns)   --->   "%store_ln112 = store i9 %add_ln110_1, i9 %indvar_flatten" [src/ecg_denoiser.cpp:112]   --->   Operation 42 'store' 'store_ln112' <Predicate = (!icmp_ln110)> <Delay = 1.29>
ST_1 : Operation 43 [1/1] (1.29ns)   --->   "%store_ln112 = store i7 %select_ln110_1, i7 %ic" [src/ecg_denoiser.cpp:112]   --->   Operation 43 'store' 'store_ln112' <Predicate = (!icmp_ln110)> <Delay = 1.29>
ST_1 : Operation 44 [1/1] (1.29ns)   --->   "%store_ln112 = store i3 %add_ln112, i3 %k" [src/ecg_denoiser.cpp:112]   --->   Operation 44 'store' 'store_ln112' <Predicate = (!icmp_ln110)> <Delay = 1.29>

State 2 <SV = 1> <Delay = 7.49>
ST_2 : Operation 45 [1/1] (0.00ns)   --->   "%zext_ln110 = zext i7 %select_ln110_1" [src/ecg_denoiser.cpp:110]   --->   Operation 45 'zext' 'zext_ln110' <Predicate = true> <Delay = 0.00>
ST_2 : Operation 46 [1/1] (0.00ns)   --->   "%zext_ln837 = zext i7 %select_ln110_1"   --->   Operation 46 'zext' 'zext_ln837' <Predicate = true> <Delay = 0.00>
ST_2 : Operation 47 [1/1] (0.00ns)   --->   "%tmp = partselect i6 @_ssdm_op_PartSelect.i6.i7.i32.i32, i7 %oc_base_read, i32 1, i32 6"   --->   Operation 47 'partselect' 'tmp' <Predicate = true> <Delay = 0.00>
ST_2 : Operation 48 [1/1] (0.00ns)   --->   "%zext_ln837_16 = zext i6 %tmp"   --->   Operation 48 'zext' 'zext_ln837_16' <Predicate = true> <Delay = 0.00>
ST_2 : Operation 49 [1/1] (0.00ns)   --->   "%tmp_4 = bitconcatenate i15 @_ssdm_op_BitConcatenate.i15.i1.i7.i7, i1 0, i7 %zext_ln837_16, i7 %select_ln110_1"   --->   Operation 49 'bitconcatenate' 'tmp_4' <Predicate = true> <Delay = 0.00>
ST_2 : Operation 50 [1/1] (0.00ns)   --->   "%zext_ln837_17 = zext i15 %tmp_4"   --->   Operation 50 'zext' 'zext_ln837_17' <Predicate = true> <Delay = 0.00>
ST_2 : Operation 51 [1/1] (0.00ns)   --->   "%p_shl1 = bitconcatenate i16 @_ssdm_op_BitConcatenate.i16.i6.i7.i3, i6 %tmp, i7 %select_ln110_1, i3 0"   --->   Operation 51 'bitconcatenate' 'p_shl1' <Predicate = true> <Delay = 0.00>
ST_2 : Operation 52 [1/1] (0.00ns) (grouped into TernaryAdder)   --->   "%sub_ln837 = sub i16 %p_shl1, i16 %zext_ln837_17"   --->   Operation 52 'sub' 'sub_ln837' <Predicate = true> <Delay = 0.00> <CoreInst = "TAddSub">   --->   Core 10 'TAddSub' <Latency = 0> <II = 1> <Delay = 1.59> <IPBlock> <Opcode : 'add' 'sub'> <InPorts = 3> <OutPorts = 1> <Sync> <CReg>
ST_2 : Operation 53 [1/1] (1.53ns)   --->   "%add_ln837_1 = add i14 %zext_ln837_3_cast, i14 %zext_ln837"   --->   Operation 53 'add' 'add_ln837_1' <Predicate = true> <Delay = 1.53> <CoreInst = "Adder">   --->   Core 1 'Adder' <Latency = 0> <II = 1> <Delay = 1.52> <FuncUnit> <Opcode : 'add' 'sub'> <InPorts = 2> <OutPorts = 1>
ST_2 : Operation 54 [1/1] (0.00ns)   --->   "%zext_ln837_18 = zext i14 %add_ln837_1"   --->   Operation 54 'zext' 'zext_ln837_18' <Predicate = true> <Delay = 0.00>
ST_2 : Operation 55 [1/1] (0.00ns)   --->   "%trunc_ln837 = trunc i14 %add_ln837_1"   --->   Operation 55 'trunc' 'trunc_ln837' <Predicate = true> <Delay = 0.00>
ST_2 : Operation 56 [1/1] (0.00ns)   --->   "%p_shl = bitconcatenate i16 @_ssdm_op_BitConcatenate.i16.i13.i3, i13 %trunc_ln837, i3 0"   --->   Operation 56 'bitconcatenate' 'p_shl' <Predicate = true> <Delay = 0.00>
ST_2 : Operation 57 [1/1] (0.00ns) (grouped into TernaryAdder)   --->   "%sub_ln837_1 = sub i16 %p_shl, i16 %zext_ln837_18"   --->   Operation 57 'sub' 'sub_ln837_1' <Predicate = true> <Delay = 0.00> <CoreInst = "TAddSub">   --->   Core 10 'TAddSub' <Latency = 0> <II = 1> <Delay = 1.59> <IPBlock> <Opcode : 'add' 'sub'> <InPorts = 3> <OutPorts = 1> <Sync> <CReg>
ST_2 : Operation 58 [1/1] (0.00ns)   --->   "%win01_V_1_addr = getelementptr i31 %win01_V_1, i64 0, i64 %zext_ln110" [src/ecg_denoiser.cpp:110]   --->   Operation 58 'getelementptr' 'win01_V_1_addr' <Predicate = true> <Delay = 0.00>
ST_2 : Operation 59 [2/2] (2.77ns)   --->   "%win01_V_1_load = load i6 %win01_V_1_addr" [src/ecg_denoiser.cpp:110]   --->   Operation 59 'load' 'win01_V_1_load' <Predicate = true> <Delay = 2.77> <CoreInst = "RAM">   --->   Core 82 'RAM' <Latency = 1> <II = 1> <Delay = 2.77> <Storage> <Opcode : 'load' 'store'> <Ports = 2> <Width = 31> <Depth = 64> <RAM>
ST_2 : Operation 60 [1/1] (0.00ns)   --->   "%win01_V_2_addr = getelementptr i31 %win01_V_2, i64 0, i64 %zext_ln110" [src/ecg_denoiser.cpp:110]   --->   Operation 60 'getelementptr' 'win01_V_2_addr' <Predicate = true> <Delay = 0.00>
ST_2 : Operation 61 [2/2] (2.77ns)   --->   "%win01_V_2_load = load i6 %win01_V_2_addr" [src/ecg_denoiser.cpp:110]   --->   Operation 61 'load' 'win01_V_2_load' <Predicate = true> <Delay = 2.77> <CoreInst = "RAM">   --->   Core 82 'RAM' <Latency = 1> <II = 1> <Delay = 2.77> <Storage> <Opcode : 'load' 'store'> <Ports = 2> <Width = 31> <Depth = 64> <RAM>
ST_2 : Operation 62 [1/1] (0.00ns)   --->   "%win01_V_3_addr = getelementptr i31 %win01_V_3, i64 0, i64 %zext_ln110" [src/ecg_denoiser.cpp:110]   --->   Operation 62 'getelementptr' 'win01_V_3_addr' <Predicate = true> <Delay = 0.00>
ST_2 : Operation 63 [2/2] (2.77ns)   --->   "%win01_V_3_load = load i6 %win01_V_3_addr" [src/ecg_denoiser.cpp:110]   --->   Operation 63 'load' 'win01_V_3_load' <Predicate = true> <Delay = 2.77> <CoreInst = "RAM">   --->   Core 82 'RAM' <Latency = 1> <II = 1> <Delay = 2.77> <Storage> <Opcode : 'load' 'store'> <Ports = 2> <Width = 31> <Depth = 64> <RAM>
ST_2 : Operation 64 [1/1] (0.00ns)   --->   "%win01_V_4_addr = getelementptr i31 %win01_V_4, i64 0, i64 %zext_ln110" [src/ecg_denoiser.cpp:110]   --->   Operation 64 'getelementptr' 'win01_V_4_addr' <Predicate = true> <Delay = 0.00>
ST_2 : Operation 65 [2/2] (2.77ns)   --->   "%win01_V_4_load = load i6 %win01_V_4_addr" [src/ecg_denoiser.cpp:110]   --->   Operation 65 'load' 'win01_V_4_load' <Predicate = true> <Delay = 2.77> <CoreInst = "RAM">   --->   Core 82 'RAM' <Latency = 1> <II = 1> <Delay = 2.77> <Storage> <Opcode : 'load' 'store'> <Ports = 2> <Width = 31> <Depth = 64> <RAM>
ST_2 : Operation 66 [1/1] (0.00ns)   --->   "%win01_V_5_addr = getelementptr i31 %win01_V_5, i64 0, i64 %zext_ln110" [src/ecg_denoiser.cpp:110]   --->   Operation 66 'getelementptr' 'win01_V_5_addr' <Predicate = true> <Delay = 0.00>
ST_2 : Operation 67 [2/2] (2.77ns)   --->   "%win01_V_5_load = load i6 %win01_V_5_addr" [src/ecg_denoiser.cpp:110]   --->   Operation 67 'load' 'win01_V_5_load' <Predicate = true> <Delay = 2.77> <CoreInst = "RAM">   --->   Core 82 'RAM' <Latency = 1> <II = 1> <Delay = 2.77> <Storage> <Opcode : 'load' 'store'> <Ports = 2> <Width = 31> <Depth = 64> <RAM>
ST_2 : Operation 68 [1/1] (0.00ns)   --->   "%zext_ln837_19 = zext i3 %select_ln110"   --->   Operation 68 'zext' 'zext_ln837_19' <Predicate = true> <Delay = 0.00>
ST_2 : Operation 69 [1/1] (3.18ns) (root node of TernaryAdder)   --->   "%add_ln837_2 = add i16 %sub_ln837, i16 %zext_ln837_19"   --->   Operation 69 'add' 'add_ln837_2' <Predicate = true> <Delay = 3.18> <CoreInst = "TAddSub">   --->   Core 10 'TAddSub' <Latency = 0> <II = 1> <Delay = 1.59> <IPBlock> <Opcode : 'add' 'sub'> <InPorts = 3> <OutPorts = 1> <Sync> <CReg>
ST_2 : Operation 70 [1/1] (0.00ns)   --->   "%zext_ln837_20 = zext i16 %add_ln837_2"   --->   Operation 70 'zext' 'zext_ln837_20' <Predicate = true> <Delay = 0.00>
ST_2 : Operation 71 [1/1] (0.00ns)   --->   "%denoiser_w_L1_W_V_addr = getelementptr i15 %denoiser_w_L1_W_V, i64 0, i64 %zext_ln837_20"   --->   Operation 71 'getelementptr' 'denoiser_w_L1_W_V_addr' <Predicate = true> <Delay = 0.00>
ST_2 : Operation 72 [1/1] (3.18ns) (root node of TernaryAdder)   --->   "%add_ln837_3 = add i16 %sub_ln837_1, i16 %zext_ln837_19"   --->   Operation 72 'add' 'add_ln837_3' <Predicate = true> <Delay = 3.18> <CoreInst = "TAddSub">   --->   Core 10 'TAddSub' <Latency = 0> <II = 1> <Delay = 1.59> <IPBlock> <Opcode : 'add' 'sub'> <InPorts = 3> <OutPorts = 1> <Sync> <CReg>
ST_2 : Operation 73 [1/1] (0.00ns)   --->   "%zext_ln837_21 = zext i16 %add_ln837_3"   --->   Operation 73 'zext' 'zext_ln837_21' <Predicate = true> <Delay = 0.00>
ST_2 : Operation 74 [1/1] (0.00ns)   --->   "%denoiser_w_L1_W_V_addr_1 = getelementptr i15 %denoiser_w_L1_W_V, i64 0, i64 %zext_ln837_21"   --->   Operation 74 'getelementptr' 'denoiser_w_L1_W_V_addr_1' <Predicate = true> <Delay = 0.00>
ST_2 : Operation 75 [2/2] (2.77ns)   --->   "%denoiser_w_L1_W_V_load = load i16 %denoiser_w_L1_W_V_addr"   --->   Operation 75 'load' 'denoiser_w_L1_W_V_load' <Predicate = true> <Delay = 2.77> <CoreInst = "ROM_nP_BRAM">   --->   Core 103 'ROM_nP_BRAM' <Latency = 1> <II = 1> <Delay = 2.77> <Storage> <Opcode : 'load'> <Ports = 0> <Width = 15> <Depth = 57344> <ROM>
ST_2 : Operation 76 [2/2] (2.77ns)   --->   "%denoiser_w_L1_W_V_load_1 = load i16 %denoiser_w_L1_W_V_addr_1"   --->   Operation 76 'load' 'denoiser_w_L1_W_V_load_1' <Predicate = true> <Delay = 2.77> <CoreInst = "ROM_nP_BRAM">   --->   Core 103 'ROM_nP_BRAM' <Latency = 1> <II = 1> <Delay = 2.77> <Storage> <Opcode : 'load'> <Ports = 0> <Width = 15> <Depth = 57344> <ROM>

State 3 <SV = 2> <Delay = 4.20>
ST_3 : Operation 77 [1/2] (2.77ns)   --->   "%win01_V_1_load = load i6 %win01_V_1_addr" [src/ecg_denoiser.cpp:110]   --->   Operation 77 'load' 'win01_V_1_load' <Predicate = true> <Delay = 2.77> <CoreInst = "RAM">   --->   Core 82 'RAM' <Latency = 1> <II = 1> <Delay = 2.77> <Storage> <Opcode : 'load' 'store'> <Ports = 2> <Width = 31> <Depth = 64> <RAM>
ST_3 : Operation 78 [1/1] (0.00ns)   --->   "%zext_ln110_1 = zext i31 %win01_V_1_load" [src/ecg_denoiser.cpp:110]   --->   Operation 78 'zext' 'zext_ln110_1' <Predicate = true> <Delay = 0.00>
ST_3 : Operation 79 [1/2] (2.77ns)   --->   "%win01_V_2_load = load i6 %win01_V_2_addr" [src/ecg_denoiser.cpp:110]   --->   Operation 79 'load' 'win01_V_2_load' <Predicate = true> <Delay = 2.77> <CoreInst = "RAM">   --->   Core 82 'RAM' <Latency = 1> <II = 1> <Delay = 2.77> <Storage> <Opcode : 'load' 'store'> <Ports = 2> <Width = 31> <Depth = 64> <RAM>
ST_3 : Operation 80 [1/1] (0.00ns)   --->   "%zext_ln110_2 = zext i31 %win01_V_2_load" [src/ecg_denoiser.cpp:110]   --->   Operation 80 'zext' 'zext_ln110_2' <Predicate = true> <Delay = 0.00>
ST_3 : Operation 81 [1/2] (2.77ns)   --->   "%win01_V_3_load = load i6 %win01_V_3_addr" [src/ecg_denoiser.cpp:110]   --->   Operation 81 'load' 'win01_V_3_load' <Predicate = true> <Delay = 2.77> <CoreInst = "RAM">   --->   Core 82 'RAM' <Latency = 1> <II = 1> <Delay = 2.77> <Storage> <Opcode : 'load' 'store'> <Ports = 2> <Width = 31> <Depth = 64> <RAM>
ST_3 : Operation 82 [1/1] (0.00ns)   --->   "%zext_ln110_3 = zext i31 %win01_V_3_load" [src/ecg_denoiser.cpp:110]   --->   Operation 82 'zext' 'zext_ln110_3' <Predicate = true> <Delay = 0.00>
ST_3 : Operation 83 [1/2] (2.77ns)   --->   "%win01_V_4_load = load i6 %win01_V_4_addr" [src/ecg_denoiser.cpp:110]   --->   Operation 83 'load' 'win01_V_4_load' <Predicate = true> <Delay = 2.77> <CoreInst = "RAM">   --->   Core 82 'RAM' <Latency = 1> <II = 1> <Delay = 2.77> <Storage> <Opcode : 'load' 'store'> <Ports = 2> <Width = 31> <Depth = 64> <RAM>
ST_3 : Operation 84 [1/1] (0.00ns)   --->   "%zext_ln110_4 = zext i31 %win01_V_4_load" [src/ecg_denoiser.cpp:110]   --->   Operation 84 'zext' 'zext_ln110_4' <Predicate = true> <Delay = 0.00>
ST_3 : Operation 85 [1/2] (2.77ns)   --->   "%win01_V_5_load = load i6 %win01_V_5_addr" [src/ecg_denoiser.cpp:110]   --->   Operation 85 'load' 'win01_V_5_load' <Predicate = true> <Delay = 2.77> <CoreInst = "RAM">   --->   Core 82 'RAM' <Latency = 1> <II = 1> <Delay = 2.77> <Storage> <Opcode : 'load' 'store'> <Ports = 2> <Width = 31> <Depth = 64> <RAM>
ST_3 : Operation 86 [1/1] (0.00ns)   --->   "%zext_ln110_5 = zext i31 %win01_V_5_load" [src/ecg_denoiser.cpp:110]   --->   Operation 86 'zext' 'zext_ln110_5' <Predicate = true> <Delay = 0.00>
ST_3 : Operation 87 [1/1] (1.43ns)   --->   "%x_V = mux i32 @_ssdm_op_Mux.ap_auto.7i32.i3, i32 0, i32 0, i32 %zext_ln110_1, i32 %zext_ln110_2, i32 %zext_ln110_3, i32 %zext_ln110_4, i32 %zext_ln110_5, i3 %select_ln110" [src/ecg_denoiser.cpp:114]   --->   Operation 87 'mux' 'x_V' <Predicate = true> <Delay = 1.43> <CoreInst = "Multiplexer">   --->   Core 76 'Multiplexer' <Latency = 0> <II = 1> <Delay = 1.43> <FuncUnit> <Opcode : 'mux'> <InPorts = 2> <OutPorts = 1>
ST_3 : Operation 88 [1/2] (2.77ns)   --->   "%denoiser_w_L1_W_V_load = load i16 %denoiser_w_L1_W_V_addr"   --->   Operation 88 'load' 'denoiser_w_L1_W_V_load' <Predicate = true> <Delay = 2.77> <CoreInst = "ROM_nP_BRAM">   --->   Core 103 'ROM_nP_BRAM' <Latency = 1> <II = 1> <Delay = 2.77> <Storage> <Opcode : 'load'> <Ports = 0> <Width = 15> <Depth = 57344> <ROM>
ST_3 : Operation 89 [1/2] (2.77ns)   --->   "%denoiser_w_L1_W_V_load_1 = load i16 %denoiser_w_L1_W_V_addr_1"   --->   Operation 89 'load' 'denoiser_w_L1_W_V_load_1' <Predicate = true> <Delay = 2.77> <CoreInst = "ROM_nP_BRAM">   --->   Core 103 'ROM_nP_BRAM' <Latency = 1> <II = 1> <Delay = 2.77> <Storage> <Opcode : 'load'> <Ports = 0> <Width = 15> <Depth = 57344> <ROM>

State 4 <SV = 3> <Delay = 7.36>
ST_4 : Operation 90 [1/1] (0.00ns)   --->   "%r_V_7 = bitconcatenate i40 @_ssdm_op_BitConcatenate.i40.i32.i8, i32 %x_V, i8 0"   --->   Operation 90 'bitconcatenate' 'r_V_7' <Predicate = true> <Delay = 0.00>
ST_4 : Operation 91 [1/1] (0.00ns)   --->   "%shl_ln838_5 = bitconcatenate i23 @_ssdm_op_BitConcatenate.i23.i15.i8, i15 %denoiser_w_L1_W_V_load, i8 0"   --->   Operation 91 'bitconcatenate' 'shl_ln838_5' <Predicate = true> <Delay = 0.00>
ST_4 : Operation 92 [1/1] (0.00ns)   --->   "%sext_ln1270 = sext i40 %r_V_7"   --->   Operation 92 'sext' 'sext_ln1270' <Predicate = true> <Delay = 0.00>
ST_4 : Operation 93 [1/1] (0.00ns)   --->   "%sext_ln1273_1 = sext i23 %shl_ln838_5"   --->   Operation 93 'sext' 'sext_ln1273_1' <Predicate = true> <Delay = 0.00>
ST_4 : Operation 94 [1/1] (7.36ns)   --->   "%r_V = mul i62 %sext_ln1273_1, i62 %sext_ln1270"   --->   Operation 94 'mul' 'r_V' <Predicate = true> <Delay = 7.36> <CoreInst = "Multiplier">   --->   Core 3 'Multiplier' <Latency = 0> <II = 1> <Delay = 7.36> <FuncUnit> <Opcode : 'mul'> <InPorts = 2> <OutPorts = 1>
ST_4 : Operation 95 [1/1] (0.00ns)   --->   "%shl_ln = bitconcatenate i23 @_ssdm_op_BitConcatenate.i23.i15.i8, i15 %denoiser_w_L1_W_V_load_1, i8 0"   --->   Operation 95 'bitconcatenate' 'shl_ln' <Predicate = true> <Delay = 0.00>
ST_4 : Operation 96 [1/1] (0.00ns)   --->   "%sext_ln1273_2 = sext i23 %shl_ln"   --->   Operation 96 'sext' 'sext_ln1273_2' <Predicate = true> <Delay = 0.00>
ST_4 : Operation 97 [1/1] (7.36ns)   --->   "%r_V_11 = mul i62 %sext_ln1273_2, i62 %sext_ln1270"   --->   Operation 97 'mul' 'r_V_11' <Predicate = true> <Delay = 7.36> <CoreInst = "Multiplier">   --->   Core 3 'Multiplier' <Latency = 0> <II = 1> <Delay = 7.36> <FuncUnit> <Opcode : 'mul'> <InPorts = 2> <OutPorts = 1>
ST_4 : Operation 127 [1/1] (0.00ns)   --->   "%phi_ln818_1_load = load i32 %phi_ln818_1"   --->   Operation 127 'load' 'phi_ln818_1_load' <Predicate = (icmp_ln110)> <Delay = 0.00>
ST_4 : Operation 128 [1/1] (0.00ns)   --->   "%phi_ln818_load = load i32 %phi_ln818"   --->   Operation 128 'load' 'phi_ln818_load' <Predicate = (icmp_ln110)> <Delay = 0.00>
ST_4 : Operation 129 [1/1] (0.00ns)   --->   "%write_ln0 = write void @_ssdm_op_Write.ap_auto.i32P0A, i32 %phi_ln818_out, i32 %phi_ln818_load"   --->   Operation 129 'write' 'write_ln0' <Predicate = (icmp_ln110)> <Delay = 0.00>
ST_4 : Operation 130 [1/1] (0.00ns)   --->   "%write_ln0 = write void @_ssdm_op_Write.ap_auto.i32P0A, i32 %phi_ln818_1_out, i32 %phi_ln818_1_load"   --->   Operation 130 'write' 'write_ln0' <Predicate = (icmp_ln110)> <Delay = 0.00>
ST_4 : Operation 131 [1/1] (0.00ns)   --->   "%ret_ln0 = ret"   --->   Operation 131 'ret' 'ret_ln0' <Predicate = (icmp_ln110)> <Delay = 0.00>

State 5 <SV = 4> <Delay = 4.11>
ST_5 : Operation 98 [1/1] (0.00ns)   --->   "%lhs_load = load i48 %lhs" [src/ecg_denoiser.cpp:112]   --->   Operation 98 'load' 'lhs_load' <Predicate = true> <Delay = 0.00>
ST_5 : Operation 99 [1/1] (0.00ns)   --->   "%lhs_V_load = load i48 %lhs_V" [src/ecg_denoiser.cpp:112]   --->   Operation 99 'load' 'lhs_V_load' <Predicate = true> <Delay = 0.00>
ST_5 : Operation 100 [1/1] (0.00ns)   --->   "%specloopname_ln0 = specloopname void @_ssdm_op_SpecLoopName, void @L1_IC_L1_K_str"   --->   Operation 100 'specloopname' 'specloopname_ln0' <Predicate = true> <Delay = 0.00>
ST_5 : Operation 101 [1/1] (0.00ns)   --->   "%empty = speclooptripcount i32 @_ssdm_op_SpecLoopTripCount, i64 448, i64 448, i64 448"   --->   Operation 101 'speclooptripcount' 'empty' <Predicate = true> <Delay = 0.00>
ST_5 : Operation 102 [1/1] (0.00ns)   --->   "%specpipeline_ln113 = specpipeline void @_ssdm_op_SpecPipeline, i32 1, i32 0, i32 0, i32 0, void @empty_1" [src/ecg_denoiser.cpp:113]   --->   Operation 102 'specpipeline' 'specpipeline_ln113' <Predicate = true> <Delay = 0.00>
ST_5 : Operation 103 [1/1] (0.00ns)   --->   "%specloopname_ln107 = specloopname void @_ssdm_op_SpecLoopName, void @empty_10" [src/ecg_denoiser.cpp:107]   --->   Operation 103 'specloopname' 'specloopname_ln107' <Predicate = true> <Delay = 0.00>
ST_5 : Operation 104 [1/1] (0.00ns)   --->   "%lhs_3 = bitconcatenate i72 @_ssdm_op_BitConcatenate.i72.i48.i24, i48 %lhs_load, i24 0"   --->   Operation 104 'bitconcatenate' 'lhs_3' <Predicate = true> <Delay = 0.00>
ST_5 : Operation 105 [1/1] (0.00ns)   --->   "%trunc_ln112 = trunc i48 %lhs_load" [src/ecg_denoiser.cpp:112]   --->   Operation 105 'trunc' 'trunc_ln112' <Predicate = true> <Delay = 0.00>
ST_5 : Operation 106 [1/1] (0.00ns)   --->   "%sext_ln1347_s = bitconcatenate i64 @_ssdm_op_BitConcatenate.i64.i40.i24, i40 %trunc_ln112, i24 0" [src/ecg_denoiser.cpp:112]   --->   Operation 106 'bitconcatenate' 'sext_ln1347_s' <Predicate = true> <Delay = 0.00>
ST_5 : Operation 107 [1/1] (0.00ns)   --->   "%sext_ln112 = sext i62 %r_V" [src/ecg_denoiser.cpp:112]   --->   Operation 107 'sext' 'sext_ln112' <Predicate = true> <Delay = 0.00>
ST_5 : Operation 108 [1/1] (0.00ns)   --->   "%sext_ln1347_2 = sext i62 %r_V"   --->   Operation 108 'sext' 'sext_ln1347_2' <Predicate = true> <Delay = 0.00>
ST_5 : Operation 109 [1/1] (2.69ns)   --->   "%add_ln112_1 = add i64 %sext_ln1347_s, i64 %sext_ln112" [src/ecg_denoiser.cpp:112]   --->   Operation 109 'add' 'add_ln112_1' <Predicate = true> <Delay = 2.69> <CoreInst = "Adder">   --->   Core 1 'Adder' <Latency = 0> <II = 1> <Delay = 2.69> <FuncUnit> <Opcode : 'add' 'sub'> <InPorts = 2> <OutPorts = 1>
ST_5 : Operation 110 [1/1] (2.81ns)   --->   "%add_ln1347 = add i72 %lhs_3, i72 %sext_ln1347_2"   --->   Operation 110 'add' 'add_ln1347' <Predicate = true> <Delay = 2.81> <CoreInst = "Adder">   --->   Core 1 'Adder' <Latency = 0> <II = 1> <Delay = 2.81> <FuncUnit> <Opcode : 'add' 'sub'> <InPorts = 2> <OutPorts = 1>
ST_5 : Operation 111 [1/1] (0.00ns)   --->   "%acc0_V = partselect i48 @_ssdm_op_PartSelect.i48.i72.i32.i32, i72 %add_ln1347, i32 24, i32 71"   --->   Operation 111 'partselect' 'acc0_V' <Predicate = true> <Delay = 0.00>
ST_5 : Operation 112 [1/1] (0.00ns)   --->   "%lhs_V_3 = bitconcatenate i72 @_ssdm_op_BitConcatenate.i72.i48.i24, i48 %lhs_V_load, i24 0"   --->   Operation 112 'bitconcatenate' 'lhs_V_3' <Predicate = true> <Delay = 0.00>
ST_5 : Operation 113 [1/1] (0.00ns)   --->   "%trunc_ln112_1 = trunc i48 %lhs_V_load" [src/ecg_denoiser.cpp:112]   --->   Operation 113 'trunc' 'trunc_ln112_1' <Predicate = true> <Delay = 0.00>
ST_5 : Operation 114 [1/1] (0.00ns)   --->   "%sext_ln1347_3 = bitconcatenate i64 @_ssdm_op_BitConcatenate.i64.i40.i24, i40 %trunc_ln112_1, i24 0" [src/ecg_denoiser.cpp:112]   --->   Operation 114 'bitconcatenate' 'sext_ln1347_3' <Predicate = true> <Delay = 0.00>
ST_5 : Operation 115 [1/1] (0.00ns)   --->   "%sext_ln112_1 = sext i62 %r_V_11" [src/ecg_denoiser.cpp:112]   --->   Operation 115 'sext' 'sext_ln112_1' <Predicate = true> <Delay = 0.00>
ST_5 : Operation 116 [1/1] (0.00ns)   --->   "%sext_ln1347 = sext i62 %r_V_11"   --->   Operation 116 'sext' 'sext_ln1347' <Predicate = true> <Delay = 0.00>
ST_5 : Operation 117 [1/1] (2.69ns)   --->   "%add_ln112_2 = add i64 %sext_ln1347_3, i64 %sext_ln112_1" [src/ecg_denoiser.cpp:112]   --->   Operation 117 'add' 'add_ln112_2' <Predicate = true> <Delay = 2.69> <CoreInst = "Adder">   --->   Core 1 'Adder' <Latency = 0> <II = 1> <Delay = 2.69> <FuncUnit> <Opcode : 'add' 'sub'> <InPorts = 2> <OutPorts = 1>
ST_5 : Operation 118 [1/1] (2.81ns)   --->   "%add_ln1347_2 = add i72 %lhs_V_3, i72 %sext_ln1347"   --->   Operation 118 'add' 'add_ln1347_2' <Predicate = true> <Delay = 2.81> <CoreInst = "Adder">   --->   Core 1 'Adder' <Latency = 0> <II = 1> <Delay = 2.81> <FuncUnit> <Opcode : 'add' 'sub'> <InPorts = 2> <OutPorts = 1>
ST_5 : Operation 119 [1/1] (0.00ns)   --->   "%acc1_V = partselect i48 @_ssdm_op_PartSelect.i48.i72.i32.i32, i72 %add_ln1347_2, i32 24, i32 71"   --->   Operation 119 'partselect' 'acc1_V' <Predicate = true> <Delay = 0.00>
ST_5 : Operation 120 [1/1] (0.00ns)   --->   "%phitmp = partselect i32 @_ssdm_op_PartSelect.i32.i64.i32.i32, i64 %add_ln112_1, i32 32, i32 63" [src/ecg_denoiser.cpp:112]   --->   Operation 120 'partselect' 'phitmp' <Predicate = true> <Delay = 0.00>
ST_5 : Operation 121 [1/1] (0.00ns)   --->   "%phitmp1 = partselect i32 @_ssdm_op_PartSelect.i32.i64.i32.i32, i64 %add_ln112_2, i32 32, i32 63" [src/ecg_denoiser.cpp:112]   --->   Operation 121 'partselect' 'phitmp1' <Predicate = true> <Delay = 0.00>
ST_5 : Operation 122 [1/1] (1.29ns)   --->   "%store_ln112 = store i48 %acc1_V, i48 %lhs_V" [src/ecg_denoiser.cpp:112]   --->   Operation 122 'store' 'store_ln112' <Predicate = true> <Delay = 1.29>
ST_5 : Operation 123 [1/1] (1.29ns)   --->   "%store_ln112 = store i48 %acc0_V, i48 %lhs" [src/ecg_denoiser.cpp:112]   --->   Operation 123 'store' 'store_ln112' <Predicate = true> <Delay = 1.29>
ST_5 : Operation 124 [1/1] (1.29ns)   --->   "%store_ln112 = store i32 %phitmp, i32 %phi_ln818" [src/ecg_denoiser.cpp:112]   --->   Operation 124 'store' 'store_ln112' <Predicate = true> <Delay = 1.29>
ST_5 : Operation 125 [1/1] (1.29ns)   --->   "%store_ln112 = store i32 %phitmp1, i32 %phi_ln818_1" [src/ecg_denoiser.cpp:112]   --->   Operation 125 'store' 'store_ln112' <Predicate = true> <Delay = 1.29>
ST_5 : Operation 126 [1/1] (0.00ns)   --->   "%br_ln112 = br void %for.body226" [src/ecg_denoiser.cpp:112]   --->   Operation 126 'br' 'br_ln112' <Predicate = true> <Delay = 0.00>


============================================================
+ Verbose Summary: Binding
============================================================
STG Binding: 
---------------- STG Properties BEGIN ----------------
- Is combinational: 0
- Is one-state seq: 0
- Is datapath-only: 0
- Is pipelined: 0
- Is top level: 0
Port [ Return ] is wired: 1; IO mode=ap_ctrl_hs:ce=0
Port [ sext_ln108]:  wired=1; compound=0; hidden=0; nouse=0; global=0; static=0; extern=0; dir=0; type=0; pingpong=0; private_global=0; IO mode=ap_none:ce=0
Port [ sext_ln107]:  wired=1; compound=0; hidden=0; nouse=0; global=0; static=0; extern=0; dir=0; type=0; pingpong=0; private_global=0; IO mode=ap_none:ce=0
Port [ oc_base]:  wired=1; compound=0; hidden=0; nouse=0; global=0; static=0; extern=0; dir=0; type=0; pingpong=0; private_global=0; IO mode=ap_none:ce=0
Port [ zext_ln837_3]:  wired=1; compound=0; hidden=0; nouse=0; global=0; static=0; extern=0; dir=0; type=0; pingpong=0; private_global=0; IO mode=ap_none:ce=0
Port [ win01_V_1]:  wired=1; compound=1; hidden=0; nouse=0; global=0; static=0; extern=0; dir=0; type=1; pingpong=0; private_global=0; MemPort=[13]; IO mode=ap_memory:ce=0
Port [ win01_V_2]:  wired=1; compound=1; hidden=0; nouse=0; global=0; static=0; extern=0; dir=0; type=1; pingpong=0; private_global=0; MemPort=[13]; IO mode=ap_memory:ce=0
Port [ win01_V_3]:  wired=1; compound=1; hidden=0; nouse=0; global=0; static=0; extern=0; dir=0; type=1; pingpong=0; private_global=0; MemPort=[13]; IO mode=ap_memory:ce=0
Port [ win01_V_4]:  wired=1; compound=1; hidden=0; nouse=0; global=0; static=0; extern=0; dir=0; type=1; pingpong=0; private_global=0; MemPort=[13]; IO mode=ap_memory:ce=0
Port [ win01_V_5]:  wired=1; compound=1; hidden=0; nouse=0; global=0; static=0; extern=0; dir=0; type=1; pingpong=0; private_global=0; MemPort=[13]; IO mode=ap_memory:ce=0
Port [ phi_ln818_out]:  wired=1; compound=0; hidden=0; nouse=0; global=0; static=0; extern=0; dir=1; type=0; pingpong=0; private_global=0; IO mode=ap_vld:ce=0
Port [ phi_ln818_1_out]:  wired=1; compound=0; hidden=0; nouse=0; global=0; static=0; extern=0; dir=1; type=0; pingpong=0; private_global=0; IO mode=ap_vld:ce=0
Port [ denoiser_w_L1_W_V]:  wired=0; compound=1; hidden=1; nouse=0; global=1; static=1; extern=0; dir=0; type=1; pingpong=0; private_global=1; MemPort=[11]; IO mode=ap_memory:ce=0
---------------- STG Properties END ------------------

---------------- Datapath Model BEGIN ----------------

<LifeTime>
<method=bitvector/>
phi_ln818_1              (alloca           ) [ 011111]
phi_ln818                (alloca           ) [ 011111]
lhs                      (alloca           ) [ 011111]
lhs_V                    (alloca           ) [ 011111]
k                        (alloca           ) [ 010000]
ic                       (alloca           ) [ 010000]
indvar_flatten           (alloca           ) [ 010000]
zext_ln837_3_read        (read             ) [ 000000]
oc_base_read             (read             ) [ 011000]
sext_ln107_read          (read             ) [ 000000]
sext_ln108_read          (read             ) [ 000000]
sext_ln107_cast          (sext             ) [ 000000]
sext_ln108_cast          (sext             ) [ 000000]
zext_ln837_3_cast        (zext             ) [ 011000]
specmemcore_ln0          (specmemcore      ) [ 000000]
store_ln0                (store            ) [ 000000]
store_ln0                (store            ) [ 000000]
store_ln0                (store            ) [ 000000]
store_ln0                (store            ) [ 000000]
store_ln0                (store            ) [ 000000]
store_ln0                (store            ) [ 000000]
store_ln0                (store            ) [ 000000]
br_ln0                   (br               ) [ 000000]
indvar_flatten_load      (load             ) [ 000000]
icmp_ln110               (icmp             ) [ 011110]
add_ln110_1              (add              ) [ 000000]
br_ln110                 (br               ) [ 000000]
k_load                   (load             ) [ 000000]
ic_load                  (load             ) [ 000000]
add_ln110                (add              ) [ 000000]
icmp_ln112               (icmp             ) [ 000000]
select_ln110             (select           ) [ 011100]
select_ln110_1           (select           ) [ 011000]
add_ln112                (add              ) [ 000000]
store_ln112              (store            ) [ 000000]
store_ln112              (store            ) [ 000000]
store_ln112              (store            ) [ 000000]
zext_ln110               (zext             ) [ 000000]
zext_ln837               (zext             ) [ 000000]
tmp                      (partselect       ) [ 000000]
zext_ln837_16            (zext             ) [ 000000]
tmp_4                    (bitconcatenate   ) [ 000000]
zext_ln837_17            (zext             ) [ 000000]
p_shl1                   (bitconcatenate   ) [ 000000]
sub_ln837                (sub              ) [ 000000]
add_ln837_1              (add              ) [ 000000]
zext_ln837_18            (zext             ) [ 000000]
trunc_ln837              (trunc            ) [ 000000]
p_shl                    (bitconcatenate   ) [ 000000]
sub_ln837_1              (sub              ) [ 000000]
win01_V_1_addr           (getelementptr    ) [ 010100]
win01_V_2_addr           (getelementptr    ) [ 010100]
win01_V_3_addr           (getelementptr    ) [ 010100]
win01_V_4_addr           (getelementptr    ) [ 010100]
win01_V_5_addr           (getelementptr    ) [ 010100]
zext_ln837_19            (zext             ) [ 000000]
add_ln837_2              (add              ) [ 000000]
zext_ln837_20            (zext             ) [ 000000]
denoiser_w_L1_W_V_addr   (getelementptr    ) [ 010100]
add_ln837_3              (add              ) [ 000000]
zext_ln837_21            (zext             ) [ 000000]
denoiser_w_L1_W_V_addr_1 (getelementptr    ) [ 010100]
win01_V_1_load           (load             ) [ 000000]
zext_ln110_1             (zext             ) [ 000000]
win01_V_2_load           (load             ) [ 000000]
zext_ln110_2             (zext             ) [ 000000]
win01_V_3_load           (load             ) [ 000000]
zext_ln110_3             (zext             ) [ 000000]
win01_V_4_load           (load             ) [ 000000]
zext_ln110_4             (zext             ) [ 000000]
win01_V_5_load           (load             ) [ 000000]
zext_ln110_5             (zext             ) [ 000000]
x_V                      (mux              ) [ 010010]
denoiser_w_L1_W_V_load   (load             ) [ 010010]
denoiser_w_L1_W_V_load_1 (load             ) [ 010010]
r_V_7                    (bitconcatenate   ) [ 000000]
shl_ln838_5              (bitconcatenate   ) [ 000000]
sext_ln1270              (sext             ) [ 000000]
sext_ln1273_1            (sext             ) [ 000000]
r_V                      (mul              ) [ 010001]
shl_ln                   (bitconcatenate   ) [ 000000]
sext_ln1273_2            (sext             ) [ 000000]
r_V_11                   (mul              ) [ 010001]
lhs_load                 (load             ) [ 000000]
lhs_V_load               (load             ) [ 000000]
specloopname_ln0         (specloopname     ) [ 000000]
empty                    (speclooptripcount) [ 000000]
specpipeline_ln113       (specpipeline     ) [ 000000]
specloopname_ln107       (specloopname     ) [ 000000]
lhs_3                    (bitconcatenate   ) [ 000000]
trunc_ln112              (trunc            ) [ 000000]
sext_ln1347_s            (bitconcatenate   ) [ 000000]
sext_ln112               (sext             ) [ 000000]
sext_ln1347_2            (sext             ) [ 000000]
add_ln112_1              (add              ) [ 000000]
add_ln1347               (add              ) [ 000000]
acc0_V                   (partselect       ) [ 000000]
lhs_V_3                  (bitconcatenate   ) [ 000000]
trunc_ln112_1            (trunc            ) [ 000000]
sext_ln1347_3            (bitconcatenate   ) [ 000000]
sext_ln112_1             (sext             ) [ 000000]
sext_ln1347              (sext             ) [ 000000]
add_ln112_2              (add              ) [ 000000]
add_ln1347_2             (add              ) [ 000000]
acc1_V                   (partselect       ) [ 000000]
phitmp                   (partselect       ) [ 000000]
phitmp1                  (partselect       ) [ 000000]
store_ln112              (store            ) [ 000000]
store_ln112              (store            ) [ 000000]
store_ln112              (store            ) [ 000000]
store_ln112              (store            ) [ 000000]
br_ln112                 (br               ) [ 000000]
phi_ln818_1_load         (load             ) [ 000000]
phi_ln818_load           (load             ) [ 000000]
write_ln0                (write            ) [ 000000]
write_ln0                (write            ) [ 000000]
ret_ln0                  (ret              ) [ 000000]
</LifeTime>

<model>

<comp_list>
<comp id="0" class="1000" name="sext_ln108">
<pin_list>
<pin id="1" dir="1" index="0" bw="1" slack="0"/>
</pin_list>
<bind>
<StgValue><ssdm name="sext_ln108"/></StgValue>
</bind>
</comp>

<comp id="2" class="1000" name="sext_ln107">
<pin_list>
<pin id="3" dir="1" index="0" bw="1" slack="0"/>
</pin_list>
<bind>
<StgValue><ssdm name="sext_ln107"/></StgValue>
</bind>
</comp>

<comp id="4" class="1000" name="oc_base">
<pin_list>
<pin id="5" dir="1" index="0" bw="1" slack="0"/>
</pin_list>
<bind>
<StgValue><ssdm name="oc_base"/></StgValue>
</bind>
</comp>

<comp id="6" class="1000" name="zext_ln837_3">
<pin_list>
<pin id="7" dir="1" index="0" bw="1" slack="0"/>
</pin_list>
<bind>
<StgValue><ssdm name="zext_ln837_3"/></StgValue>
</bind>
</comp>

<comp id="8" class="1000" name="win01_V_1">
<pin_list>
<pin id="9" dir="1" index="0" bw="1" slack="0"/>
</pin_list>
<bind>
<StgValue><ssdm name="win01_V_1"/><MemPortTyVec>1 3 </MemPortTyVec>
</StgValue>
</bind>
</comp>

<comp id="10" class="1000" name="win01_V_2">
<pin_list>
<pin id="11" dir="1" index="0" bw="1" slack="0"/>
</pin_list>
<bind>
<StgValue><ssdm name="win01_V_2"/><MemPortTyVec>1 3 </MemPortTyVec>
</StgValue>
</bind>
</comp>

<comp id="12" class="1000" name="win01_V_3">
<pin_list>
<pin id="13" dir="1" index="0" bw="1" slack="0"/>
</pin_list>
<bind>
<StgValue><ssdm name="win01_V_3"/><MemPortTyVec>1 3 </MemPortTyVec>
</StgValue>
</bind>
</comp>

<comp id="14" class="1000" name="win01_V_4">
<pin_list>
<pin id="15" dir="1" index="0" bw="1" slack="0"/>
</pin_list>
<bind>
<StgValue><ssdm name="win01_V_4"/><MemPortTyVec>1 3 </MemPortTyVec>
</StgValue>
</bind>
</comp>

<comp id="16" class="1000" name="win01_V_5">
<pin_list>
<pin id="17" dir="1" index="0" bw="1" slack="0"/>
</pin_list>
<bind>
<StgValue><ssdm name="win01_V_5"/><MemPortTyVec>1 3 </MemPortTyVec>
</StgValue>
</bind>
</comp>

<comp id="18" class="1000" name="phi_ln818_out">
<pin_list>
<pin id="19" dir="1" index="0" bw="1" slack="0"/>
</pin_list>
<bind>
<StgValue><ssdm name="phi_ln818_out"/></StgValue>
</bind>
</comp>

<comp id="20" class="1000" name="phi_ln818_1_out">
<pin_list>
<pin id="21" dir="1" index="0" bw="1" slack="0"/>
</pin_list>
<bind>
<StgValue><ssdm name="phi_ln818_1_out"/></StgValue>
</bind>
</comp>

<comp id="22" class="1000" name="denoiser_w_L1_W_V">
<pin_list>
<pin id="23" dir="1" index="0" bw="1" slack="0"/>
</pin_list>
<bind>
<StgValue><ssdm name="denoiser_w_L1_W_V"/><MemPortTyVec>1 1 </MemPortTyVec>
</StgValue>
</bind>
</comp>

<comp id="24" class="1001" name="const_24">
<pin_list>
<pin id="25" dir="1" index="0" bw="1" slack="0"/>
</pin_list>
<bind>
<StgValue><ssdm name=""/></StgValue>
</bind>
</comp>

<comp id="26" class="1001" name="const_26">
<pin_list>
<pin id="27" dir="1" index="0" bw="1" slack="0"/>
</pin_list>
<bind>
<StgValue><ssdm name="_ssdm_op_Read.ap_auto.i13"/></StgValue>
</bind>
</comp>

<comp id="28" class="1001" name="const_28">
<pin_list>
<pin id="29" dir="1" index="0" bw="1" slack="0"/>
</pin_list>
<bind>
<StgValue><ssdm name="_ssdm_op_Read.ap_auto.i7"/></StgValue>
</bind>
</comp>

<comp id="30" class="1001" name="const_30">
<pin_list>
<pin id="31" dir="1" index="0" bw="1" slack="0"/>
</pin_list>
<bind>
<StgValue><ssdm name="_ssdm_op_Read.ap_auto.i25"/></StgValue>
</bind>
</comp>

<comp id="32" class="1001" name="const_32">
<pin_list>
<pin id="33" dir="1" index="0" bw="1" slack="2147483647"/>
</pin_list>
<bind>
<StgValue><ssdm name="_ssdm_op_SpecMemCore"/></StgValue>
</bind>
</comp>

<comp id="34" class="1001" name="const_34">
<pin_list>
<pin id="35" dir="1" index="0" bw="1" slack="2147483647"/>
</pin_list>
<bind>
<StgValue><ssdm name=""/></StgValue>
</bind>
</comp>

<comp id="36" class="1001" name="const_36">
<pin_list>
<pin id="37" dir="1" index="0" bw="1" slack="2147483647"/>
</pin_list>
<bind>
<StgValue><ssdm name=""/></StgValue>
</bind>
</comp>

<comp id="38" class="1001" name="const_38">
<pin_list>
<pin id="39" dir="1" index="0" bw="1" slack="2147483647"/>
</pin_list>
<bind>
<StgValue><ssdm name=""/></StgValue>
</bind>
</comp>

<comp id="40" class="1001" name="const_40">
<pin_list>
<pin id="41" dir="1" index="0" bw="1" slack="0"/>
</pin_list>
<bind>
<StgValue><ssdm name=""/></StgValue>
</bind>
</comp>

<comp id="42" class="1001" name="const_42">
<pin_list>
<pin id="43" dir="1" index="0" bw="1" slack="0"/>
</pin_list>
<bind>
<StgValue><ssdm name=""/></StgValue>
</bind>
</comp>

<comp id="44" class="1001" name="const_44">
<pin_list>
<pin id="45" dir="1" index="0" bw="1" slack="0"/>
</pin_list>
<bind>
<StgValue><ssdm name=""/></StgValue>
</bind>
</comp>

<comp id="46" class="1001" name="const_46">
<pin_list>
<pin id="47" dir="1" index="0" bw="1" slack="0"/>
</pin_list>
<bind>
<StgValue><ssdm name=""/></StgValue>
</bind>
</comp>

<comp id="48" class="1001" name="const_48">
<pin_list>
<pin id="49" dir="1" index="0" bw="1" slack="0"/>
</pin_list>
<bind>
<StgValue><ssdm name=""/></StgValue>
</bind>
</comp>

<comp id="50" class="1001" name="const_50">
<pin_list>
<pin id="51" dir="1" index="0" bw="1" slack="0"/>
</pin_list>
<bind>
<StgValue><ssdm name=""/></StgValue>
</bind>
</comp>

<comp id="52" class="1001" name="const_52">
<pin_list>
<pin id="53" dir="1" index="0" bw="1" slack="0"/>
</pin_list>
<bind>
<StgValue><ssdm name=""/></StgValue>
</bind>
</comp>

<comp id="54" class="1001" name="const_54">
<pin_list>
<pin id="55" dir="1" index="0" bw="1" slack="0"/>
</pin_list>
<bind>
<StgValue><ssdm name=""/></StgValue>
</bind>
</comp>

<comp id="56" class="1001" name="const_56">
<pin_list>
<pin id="57" dir="1" index="0" bw="1" slack="0"/>
</pin_list>
<bind>
<StgValue><ssdm name=""/></StgValue>
</bind>
</comp>

<comp id="58" class="1001" name="const_58">
<pin_list>
<pin id="59" dir="1" index="0" bw="1" slack="0"/>
</pin_list>
<bind>
<StgValue><ssdm name="_ssdm_op_PartSelect.i6.i7.i32.i32"/></StgValue>
</bind>
</comp>

<comp id="60" class="1001" name="const_60">
<pin_list>
<pin id="61" dir="1" index="0" bw="1" slack="0"/>
</pin_list>
<bind>
<StgValue><ssdm name=""/></StgValue>
</bind>
</comp>

<comp id="62" class="1001" name="const_62">
<pin_list>
<pin id="63" dir="1" index="0" bw="1" slack="0"/>
</pin_list>
<bind>
<StgValue><ssdm name="_ssdm_op_BitConcatenate.i15.i1.i7.i7"/></StgValue>
</bind>
</comp>

<comp id="64" class="1001" name="const_64">
<pin_list>
<pin id="65" dir="1" index="0" bw="1" slack="0"/>
</pin_list>
<bind>
<StgValue><ssdm name=""/></StgValue>
</bind>
</comp>

<comp id="66" class="1001" name="const_66">
<pin_list>
<pin id="67" dir="1" index="0" bw="1" slack="0"/>
</pin_list>
<bind>
<StgValue><ssdm name="_ssdm_op_BitConcatenate.i16.i6.i7.i3"/></StgValue>
</bind>
</comp>

<comp id="68" class="1001" name="const_68">
<pin_list>
<pin id="69" dir="1" index="0" bw="1" slack="0"/>
</pin_list>
<bind>
<StgValue><ssdm name="_ssdm_op_BitConcatenate.i16.i13.i3"/></StgValue>
</bind>
</comp>

<comp id="70" class="1001" name="const_70">
<pin_list>
<pin id="71" dir="1" index="0" bw="1" slack="0"/>
</pin_list>
<bind>
<StgValue><ssdm name=""/></StgValue>
</bind>
</comp>

<comp id="72" class="1001" name="const_72">
<pin_list>
<pin id="73" dir="1" index="0" bw="1" slack="0"/>
</pin_list>
<bind>
<StgValue><ssdm name="_ssdm_op_Mux.ap_auto.7i32.i3"/></StgValue>
</bind>
</comp>

<comp id="74" class="1001" name="const_74">
<pin_list>
<pin id="75" dir="1" index="0" bw="1" slack="0"/>
</pin_list>
<bind>
<StgValue><ssdm name="_ssdm_op_BitConcatenate.i40.i32.i8"/></StgValue>
</bind>
</comp>

<comp id="76" class="1001" name="const_76">
<pin_list>
<pin id="77" dir="1" index="0" bw="1" slack="0"/>
</pin_list>
<bind>
<StgValue><ssdm name=""/></StgValue>
</bind>
</comp>

<comp id="78" class="1001" name="const_78">
<pin_list>
<pin id="79" dir="1" index="0" bw="1" slack="0"/>
</pin_list>
<bind>
<StgValue><ssdm name="_ssdm_op_BitConcatenate.i23.i15.i8"/></StgValue>
</bind>
</comp>

<comp id="80" class="1001" name="const_80">
<pin_list>
<pin id="81" dir="1" index="0" bw="1" slack="2147483647"/>
</pin_list>
<bind>
<StgValue><ssdm name="_ssdm_op_SpecLoopName"/></StgValue>
</bind>
</comp>

<comp id="82" class="1001" name="const_82">
<pin_list>
<pin id="83" dir="1" index="0" bw="1" slack="2147483647"/>
</pin_list>
<bind>
<StgValue><ssdm name="L1_IC_L1_K_str"/></StgValue>
</bind>
</comp>

<comp id="84" class="1001" name="const_84">
<pin_list>
<pin id="85" dir="1" index="0" bw="1" slack="2147483647"/>
</pin_list>
<bind>
<StgValue><ssdm name="_ssdm_op_SpecLoopTripCount"/></StgValue>
</bind>
</comp>

<comp id="86" class="1001" name="const_86">
<pin_list>
<pin id="87" dir="1" index="0" bw="1" slack="2147483647"/>
</pin_list>
<bind>
<StgValue><ssdm name=""/></StgValue>
</bind>
</comp>

<comp id="88" class="1001" name="const_88">
<pin_list>
<pin id="89" dir="1" index="0" bw="1" slack="2147483647"/>
</pin_list>
<bind>
<StgValue><ssdm name="_ssdm_op_SpecPipeline"/></StgValue>
</bind>
</comp>

<comp id="90" class="1001" name="const_90">
<pin_list>
<pin id="91" dir="1" index="0" bw="1" slack="2147483647"/>
</pin_list>
<bind>
<StgValue><ssdm name="empty_1"/></StgValue>
</bind>
</comp>

<comp id="92" class="1001" name="const_92">
<pin_list>
<pin id="93" dir="1" index="0" bw="1" slack="2147483647"/>
</pin_list>
<bind>
<StgValue><ssdm name="empty_10"/></StgValue>
</bind>
</comp>

<comp id="94" class="1001" name="const_94">
<pin_list>
<pin id="95" dir="1" index="0" bw="1" slack="0"/>
</pin_list>
<bind>
<StgValue><ssdm name="_ssdm_op_BitConcatenate.i72.i48.i24"/></StgValue>
</bind>
</comp>

<comp id="96" class="1001" name="const_96">
<pin_list>
<pin id="97" dir="1" index="0" bw="1" slack="0"/>
</pin_list>
<bind>
<StgValue><ssdm name=""/></StgValue>
</bind>
</comp>

<comp id="98" class="1001" name="const_98">
<pin_list>
<pin id="99" dir="1" index="0" bw="1" slack="0"/>
</pin_list>
<bind>
<StgValue><ssdm name="_ssdm_op_BitConcatenate.i64.i40.i24"/></StgValue>
</bind>
</comp>

<comp id="100" class="1001" name="const_100">
<pin_list>
<pin id="101" dir="1" index="0" bw="1" slack="0"/>
</pin_list>
<bind>
<StgValue><ssdm name="_ssdm_op_PartSelect.i48.i72.i32.i32"/></StgValue>
</bind>
</comp>

<comp id="102" class="1001" name="const_102">
<pin_list>
<pin id="103" dir="1" index="0" bw="1" slack="0"/>
</pin_list>
<bind>
<StgValue><ssdm name=""/></StgValue>
</bind>
</comp>

<comp id="104" class="1001" name="const_104">
<pin_list>
<pin id="105" dir="1" index="0" bw="1" slack="0"/>
</pin_list>
<bind>
<StgValue><ssdm name=""/></StgValue>
</bind>
</comp>

<comp id="106" class="1001" name="const_106">
<pin_list>
<pin id="107" dir="1" index="0" bw="1" slack="0"/>
</pin_list>
<bind>
<StgValue><ssdm name="_ssdm_op_PartSelect.i32.i64.i32.i32"/></StgValue>
</bind>
</comp>

<comp id="108" class="1001" name="const_108">
<pin_list>
<pin id="109" dir="1" index="0" bw="1" slack="0"/>
</pin_list>
<bind>
<StgValue><ssdm name=""/></StgValue>
</bind>
</comp>

<comp id="110" class="1001" name="const_110">
<pin_list>
<pin id="111" dir="1" index="0" bw="1" slack="0"/>
</pin_list>
<bind>
<StgValue><ssdm name=""/></StgValue>
</bind>
</comp>

<comp id="112" class="1001" name="const_112">
<pin_list>
<pin id="113" dir="1" index="0" bw="1" slack="0"/>
</pin_list>
<bind>
<StgValue><ssdm name="_ssdm_op_Write.ap_auto.i32P0A"/></StgValue>
</bind>
</comp>

<comp id="114" class="1004" name="phi_ln818_1_fu_114">
<pin_list>
<pin id="115" dir="0" index="0" bw="1" slack="0"/>
<pin id="116" dir="1" index="1" bw="32" slack="0"/>
</pin_list>
<bind>
<opcode="alloca(26) " fcode="alloca"/>
<opset="phi_ln818_1/1 "/>
</bind>
</comp>

<comp id="118" class="1004" name="phi_ln818_fu_118">
<pin_list>
<pin id="119" dir="0" index="0" bw="1" slack="0"/>
<pin id="120" dir="1" index="1" bw="32" slack="0"/>
</pin_list>
<bind>
<opcode="alloca(26) " fcode="alloca"/>
<opset="phi_ln818/1 "/>
</bind>
</comp>

<comp id="122" class="1004" name="lhs_fu_122">
<pin_list>
<pin id="123" dir="0" index="0" bw="1" slack="0"/>
<pin id="124" dir="1" index="1" bw="48" slack="0"/>
</pin_list>
<bind>
<opcode="alloca(26) " fcode="alloca"/>
<opset="lhs/1 "/>
</bind>
</comp>

<comp id="126" class="1004" name="lhs_V_fu_126">
<pin_list>
<pin id="127" dir="0" index="0" bw="1" slack="0"/>
<pin id="128" dir="1" index="1" bw="48" slack="0"/>
</pin_list>
<bind>
<opcode="alloca(26) " fcode="alloca"/>
<opset="lhs_V/1 "/>
</bind>
</comp>

<comp id="130" class="1004" name="k_fu_130">
<pin_list>
<pin id="131" dir="0" index="0" bw="1" slack="0"/>
<pin id="132" dir="1" index="1" bw="3" slack="0"/>
</pin_list>
<bind>
<opcode="alloca(26) " fcode="alloca"/>
<opset="k/1 "/>
</bind>
</comp>

<comp id="134" class="1004" name="ic_fu_134">
<pin_list>
<pin id="135" dir="0" index="0" bw="1" slack="0"/>
<pin id="136" dir="1" index="1" bw="7" slack="0"/>
</pin_list>
<bind>
<opcode="alloca(26) " fcode="alloca"/>
<opset="ic/1 "/>
</bind>
</comp>

<comp id="138" class="1004" name="indvar_flatten_fu_138">
<pin_list>
<pin id="139" dir="0" index="0" bw="1" slack="0"/>
<pin id="140" dir="1" index="1" bw="9" slack="0"/>
</pin_list>
<bind>
<opcode="alloca(26) " fcode="alloca"/>
<opset="indvar_flatten/1 "/>
</bind>
</comp>

<comp id="142" class="1004" name="zext_ln837_3_read_read_fu_142">
<pin_list>
<pin id="143" dir="0" index="0" bw="13" slack="0"/>
<pin id="144" dir="0" index="1" bw="13" slack="0"/>
<pin id="145" dir="1" index="2" bw="13" slack="0"/>
</pin_list>
<bind>
<opcode="read(1150) " fcode="read"/>
<opset="zext_ln837_3_read/1 "/>
</bind>
</comp>

<comp id="148" class="1004" name="oc_base_read_read_fu_148">
<pin_list>
<pin id="149" dir="0" index="0" bw="7" slack="0"/>
<pin id="150" dir="0" index="1" bw="7" slack="0"/>
<pin id="151" dir="1" index="2" bw="7" slack="1"/>
</pin_list>
<bind>
<opcode="read(1150) " fcode="read"/>
<opset="oc_base_read/1 "/>
</bind>
</comp>

<comp id="154" class="1004" name="sext_ln107_read_read_fu_154">
<pin_list>
<pin id="155" dir="0" index="0" bw="25" slack="0"/>
<pin id="156" dir="0" index="1" bw="25" slack="0"/>
<pin id="157" dir="1" index="2" bw="25" slack="0"/>
</pin_list>
<bind>
<opcode="read(1150) " fcode="read"/>
<opset="sext_ln107_read/1 "/>
</bind>
</comp>

<comp id="160" class="1004" name="sext_ln108_read_read_fu_160">
<pin_list>
<pin id="161" dir="0" index="0" bw="25" slack="0"/>
<pin id="162" dir="0" index="1" bw="25" slack="0"/>
<pin id="163" dir="1" index="2" bw="25" slack="0"/>
</pin_list>
<bind>
<opcode="read(1150) " fcode="read"/>
<opset="sext_ln108_read/1 "/>
</bind>
</comp>

<comp id="166" class="1004" name="write_ln0_write_fu_166">
<pin_list>
<pin id="167" dir="0" index="0" bw="0" slack="0"/>
<pin id="168" dir="0" index="1" bw="32" slack="0"/>
<pin id="169" dir="0" index="2" bw="32" slack="0"/>
<pin id="170" dir="1" index="3" bw="0" slack="2147483647"/>
</pin_list>
<bind>
<opcode="write(1151) " fcode="write"/>
<opset="write_ln0/4 "/>
</bind>
</comp>

<comp id="173" class="1004" name="write_ln0_write_fu_173">
<pin_list>
<pin id="174" dir="0" index="0" bw="0" slack="0"/>
<pin id="175" dir="0" index="1" bw="32" slack="0"/>
<pin id="176" dir="0" index="2" bw="32" slack="0"/>
<pin id="177" dir="1" index="3" bw="0" slack="2147483647"/>
</pin_list>
<bind>
<opcode="write(1151) " fcode="write"/>
<opset="write_ln0/4 "/>
</bind>
</comp>

<comp id="180" class="1004" name="win01_V_1_addr_gep_fu_180">
<pin_list>
<pin id="181" dir="0" index="0" bw="31" slack="0"/>
<pin id="182" dir="0" index="1" bw="1" slack="0"/>
<pin id="183" dir="0" index="2" bw="7" slack="0"/>
<pin id="184" dir="1" index="3" bw="6" slack="0"/>
</pin_list>
<bind>
<opcode="getelementptr(29) " fcode="getelementptr"/>
<opset="win01_V_1_addr/2 "/>
</bind>
</comp>

<comp id="187" class="1004" name="grp_access_fu_187">
<pin_list>
<pin id="188" dir="0" index="0" bw="6" slack="0"/>
<pin id="189" dir="0" index="1" bw="31" slack="2147483647"/>
<pin id="190" dir="0" index="2" bw="0" slack="2147483647"/>
<pin id="191" dir="1" index="3" bw="31" slack="0"/>
</pin_list>
<bind>
<opcode="load(27) " fcode="load"/>
<opset="win01_V_1_load/2 "/>
</bind>
</comp>

<comp id="193" class="1004" name="win01_V_2_addr_gep_fu_193">
<pin_list>
<pin id="194" dir="0" index="0" bw="31" slack="0"/>
<pin id="195" dir="0" index="1" bw="1" slack="0"/>
<pin id="196" dir="0" index="2" bw="7" slack="0"/>
<pin id="197" dir="1" index="3" bw="6" slack="0"/>
</pin_list>
<bind>
<opcode="getelementptr(29) " fcode="getelementptr"/>
<opset="win01_V_2_addr/2 "/>
</bind>
</comp>

<comp id="200" class="1004" name="grp_access_fu_200">
<pin_list>
<pin id="201" dir="0" index="0" bw="6" slack="0"/>
<pin id="202" dir="0" index="1" bw="31" slack="2147483647"/>
<pin id="203" dir="0" index="2" bw="0" slack="2147483647"/>
<pin id="204" dir="1" index="3" bw="31" slack="0"/>
</pin_list>
<bind>
<opcode="load(27) " fcode="load"/>
<opset="win01_V_2_load/2 "/>
</bind>
</comp>

<comp id="206" class="1004" name="win01_V_3_addr_gep_fu_206">
<pin_list>
<pin id="207" dir="0" index="0" bw="31" slack="0"/>
<pin id="208" dir="0" index="1" bw="1" slack="0"/>
<pin id="209" dir="0" index="2" bw="7" slack="0"/>
<pin id="210" dir="1" index="3" bw="6" slack="0"/>
</pin_list>
<bind>
<opcode="getelementptr(29) " fcode="getelementptr"/>
<opset="win01_V_3_addr/2 "/>
</bind>
</comp>

<comp id="213" class="1004" name="grp_access_fu_213">
<pin_list>
<pin id="214" dir="0" index="0" bw="6" slack="0"/>
<pin id="215" dir="0" index="1" bw="31" slack="2147483647"/>
<pin id="216" dir="0" index="2" bw="0" slack="2147483647"/>
<pin id="217" dir="1" index="3" bw="31" slack="0"/>
</pin_list>
<bind>
<opcode="load(27) " fcode="load"/>
<opset="win01_V_3_load/2 "/>
</bind>
</comp>

<comp id="219" class="1004" name="win01_V_4_addr_gep_fu_219">
<pin_list>
<pin id="220" dir="0" index="0" bw="31" slack="0"/>
<pin id="221" dir="0" index="1" bw="1" slack="0"/>
<pin id="222" dir="0" index="2" bw="7" slack="0"/>
<pin id="223" dir="1" index="3" bw="6" slack="0"/>
</pin_list>
<bind>
<opcode="getelementptr(29) " fcode="getelementptr"/>
<opset="win01_V_4_addr/2 "/>
</bind>
</comp>

<comp id="226" class="1004" name="grp_access_fu_226">
<pin_list>
<pin id="227" dir="0" index="0" bw="6" slack="0"/>
<pin id="228" dir="0" index="1" bw="31" slack="2147483647"/>
<pin id="229" dir="0" index="2" bw="0" slack="2147483647"/>
<pin id="230" dir="1" index="3" bw="31" slack="0"/>
</pin_list>
<bind>
<opcode="load(27) " fcode="load"/>
<opset="win01_V_4_load/2 "/>
</bind>
</comp>

<comp id="232" class="1004" name="win01_V_5_addr_gep_fu_232">
<pin_list>
<pin id="233" dir="0" index="0" bw="31" slack="0"/>
<pin id="234" dir="0" index="1" bw="1" slack="0"/>
<pin id="235" dir="0" index="2" bw="7" slack="0"/>
<pin id="236" dir="1" index="3" bw="6" slack="0"/>
</pin_list>
<bind>
<opcode="getelementptr(29) " fcode="getelementptr"/>
<opset="win01_V_5_addr/2 "/>
</bind>
</comp>

<comp id="239" class="1004" name="grp_access_fu_239">
<pin_list>
<pin id="240" dir="0" index="0" bw="6" slack="0"/>
<pin id="241" dir="0" index="1" bw="31" slack="2147483647"/>
<pin id="242" dir="0" index="2" bw="0" slack="2147483647"/>
<pin id="243" dir="1" index="3" bw="31" slack="0"/>
</pin_list>
<bind>
<opcode="load(27) " fcode="load"/>
<opset="win01_V_5_load/2 "/>
</bind>
</comp>

<comp id="245" class="1004" name="denoiser_w_L1_W_V_addr_gep_fu_245">
<pin_list>
<pin id="246" dir="0" index="0" bw="15" slack="0"/>
<pin id="247" dir="0" index="1" bw="1" slack="0"/>
<pin id="248" dir="0" index="2" bw="16" slack="0"/>
<pin id="249" dir="1" index="3" bw="16" slack="0"/>
</pin_list>
<bind>
<opcode="getelementptr(29) " fcode="getelementptr"/>
<opset="denoiser_w_L1_W_V_addr/2 "/>
</bind>
</comp>

<comp id="252" class="1004" name="denoiser_w_L1_W_V_addr_1_gep_fu_252">
<pin_list>
<pin id="253" dir="0" index="0" bw="15" slack="0"/>
<pin id="254" dir="0" index="1" bw="1" slack="0"/>
<pin id="255" dir="0" index="2" bw="16" slack="0"/>
<pin id="256" dir="1" index="3" bw="16" slack="0"/>
</pin_list>
<bind>
<opcode="getelementptr(29) " fcode="getelementptr"/>
<opset="denoiser_w_L1_W_V_addr_1/2 "/>
</bind>
</comp>

<comp id="259" class="1004" name="grp_access_fu_259">
<pin_list>
<pin id="260" dir="0" index="0" bw="16" slack="0"/>
<pin id="261" dir="0" index="1" bw="15" slack="2147483647"/>
<pin id="262" dir="0" index="2" bw="0" slack="0"/>
<pin id="264" dir="0" index="4" bw="16" slack="2147483647"/>
<pin id="265" dir="0" index="5" bw="15" slack="2147483647"/>
<pin id="266" dir="0" index="6" bw="0" slack="2147483647"/>
<pin id="263" dir="1" index="3" bw="15" slack="1"/>
<pin id="267" dir="1" index="7" bw="15" slack="1"/>
</pin_list>
<bind>
<opcode="load(27) " fcode="load"/>
<opset="denoiser_w_L1_W_V_load/2 denoiser_w_L1_W_V_load_1/2 "/>
</bind>
</comp>

<comp id="270" class="1004" name="sext_ln107_cast_fu_270">
<pin_list>
<pin id="271" dir="0" index="0" bw="25" slack="0"/>
<pin id="272" dir="1" index="1" bw="48" slack="0"/>
</pin_list>
<bind>
<opcode="sext(35) " fcode="sext"/>
<opset="sext_ln107_cast/1 "/>
</bind>
</comp>

<comp id="274" class="1004" name="sext_ln108_cast_fu_274">
<pin_list>
<pin id="275" dir="0" index="0" bw="25" slack="0"/>
<pin id="276" dir="1" index="1" bw="48" slack="0"/>
</pin_list>
<bind>
<opcode="sext(35) " fcode="sext"/>
<opset="sext_ln108_cast/1 "/>
</bind>
</comp>

<comp id="278" class="1004" name="zext_ln837_3_cast_fu_278">
<pin_list>
<pin id="279" dir="0" index="0" bw="13" slack="0"/>
<pin id="280" dir="1" index="1" bw="14" slack="1"/>
</pin_list>
<bind>
<opcode="zext(34) " fcode="zext"/>
<opset="zext_ln837_3_cast/1 "/>
</bind>
</comp>

<comp id="282" class="1004" name="store_ln0_store_fu_282">
<pin_list>
<pin id="283" dir="0" index="0" bw="1" slack="0"/>
<pin id="284" dir="0" index="1" bw="9" slack="0"/>
<pin id="285" dir="1" index="2" bw="0" slack="2147483647"/>
</pin_list>
<bind>
<opcode="store(28) " fcode="store"/>
<opset="store_ln0/1 "/>
</bind>
</comp>

<comp id="287" class="1004" name="store_ln0_store_fu_287">
<pin_list>
<pin id="288" dir="0" index="0" bw="1" slack="0"/>
<pin id="289" dir="0" index="1" bw="7" slack="0"/>
<pin id="290" dir="1" index="2" bw="0" slack="2147483647"/>
</pin_list>
<bind>
<opcode="store(28) " fcode="store"/>
<opset="store_ln0/1 "/>
</bind>
</comp>

<comp id="292" class="1004" name="store_ln0_store_fu_292">
<pin_list>
<pin id="293" dir="0" index="0" bw="1" slack="0"/>
<pin id="294" dir="0" index="1" bw="3" slack="0"/>
<pin id="295" dir="1" index="2" bw="0" slack="2147483647"/>
</pin_list>
<bind>
<opcode="store(28) " fcode="store"/>
<opset="store_ln0/1 "/>
</bind>
</comp>

<comp id="297" class="1004" name="store_ln0_store_fu_297">
<pin_list>
<pin id="298" dir="0" index="0" bw="25" slack="0"/>
<pin id="299" dir="0" index="1" bw="48" slack="0"/>
<pin id="300" dir="1" index="2" bw="0" slack="2147483647"/>
</pin_list>
<bind>
<opcode="store(28) " fcode="store"/>
<opset="store_ln0/1 "/>
</bind>
</comp>

<comp id="302" class="1004" name="store_ln0_store_fu_302">
<pin_list>
<pin id="303" dir="0" index="0" bw="25" slack="0"/>
<pin id="304" dir="0" index="1" bw="48" slack="0"/>
<pin id="305" dir="1" index="2" bw="0" slack="2147483647"/>
</pin_list>
<bind>
<opcode="store(28) " fcode="store"/>
<opset="store_ln0/1 "/>
</bind>
</comp>

<comp id="307" class="1004" name="store_ln0_store_fu_307">
<pin_list>
<pin id="308" dir="0" index="0" bw="1" slack="0"/>
<pin id="309" dir="0" index="1" bw="32" slack="0"/>
<pin id="310" dir="1" index="2" bw="0" slack="2147483647"/>
</pin_list>
<bind>
<opcode="store(28) " fcode="store"/>
<opset="store_ln0/1 "/>
</bind>
</comp>

<comp id="312" class="1004" name="store_ln0_store_fu_312">
<pin_list>
<pin id="313" dir="0" index="0" bw="1" slack="0"/>
<pin id="314" dir="0" index="1" bw="32" slack="0"/>
<pin id="315" dir="1" index="2" bw="0" slack="2147483647"/>
</pin_list>
<bind>
<opcode="store(28) " fcode="store"/>
<opset="store_ln0/1 "/>
</bind>
</comp>

<comp id="317" class="1004" name="indvar_flatten_load_load_fu_317">
<pin_list>
<pin id="318" dir="0" index="0" bw="9" slack="0"/>
<pin id="319" dir="1" index="1" bw="9" slack="0"/>
</pin_list>
<bind>
<opcode="load(27) " fcode="load"/>
<opset="indvar_flatten_load/1 "/>
</bind>
</comp>

<comp id="320" class="1004" name="icmp_ln110_fu_320">
<pin_list>
<pin id="321" dir="0" index="0" bw="9" slack="0"/>
<pin id="322" dir="0" index="1" bw="9" slack="0"/>
<pin id="323" dir="1" index="2" bw="1" slack="3"/>
</pin_list>
<bind>
<opcode="icmp(45) " fcode="icmp"/>
<opset="icmp_ln110/1 "/>
</bind>
</comp>

<comp id="326" class="1004" name="add_ln110_1_fu_326">
<pin_list>
<pin id="327" dir="0" index="0" bw="9" slack="0"/>
<pin id="328" dir="0" index="1" bw="1" slack="0"/>
<pin id="329" dir="1" index="2" bw="9" slack="0"/>
</pin_list>
<bind>
<opcode="add(8) " fcode="add"/>
<opset="add_ln110_1/1 "/>
</bind>
</comp>

<comp id="332" class="1004" name="k_load_load_fu_332">
<pin_list>
<pin id="333" dir="0" index="0" bw="3" slack="0"/>
<pin id="334" dir="1" index="1" bw="3" slack="0"/>
</pin_list>
<bind>
<opcode="load(27) " fcode="load"/>
<opset="k_load/1 "/>
</bind>
</comp>

<comp id="335" class="1004" name="ic_load_load_fu_335">
<pin_list>
<pin id="336" dir="0" index="0" bw="7" slack="0"/>
<pin id="337" dir="1" index="1" bw="7" slack="0"/>
</pin_list>
<bind>
<opcode="load(27) " fcode="load"/>
<opset="ic_load/1 "/>
</bind>
</comp>

<comp id="338" class="1004" name="add_ln110_fu_338">
<pin_list>
<pin id="339" dir="0" index="0" bw="7" slack="0"/>
<pin id="340" dir="0" index="1" bw="1" slack="0"/>
<pin id="341" dir="1" index="2" bw="7" slack="0"/>
</pin_list>
<bind>
<opcode="add(8) " fcode="add"/>
<opset="add_ln110/1 "/>
</bind>
</comp>

<comp id="344" class="1004" name="icmp_ln112_fu_344">
<pin_list>
<pin id="345" dir="0" index="0" bw="3" slack="0"/>
<pin id="346" dir="0" index="1" bw="3" slack="0"/>
<pin id="347" dir="1" index="2" bw="1" slack="0"/>
</pin_list>
<bind>
<opcode="icmp(45) " fcode="icmp"/>
<opset="icmp_ln112/1 "/>
</bind>
</comp>

<comp id="350" class="1004" name="select_ln110_fu_350">
<pin_list>
<pin id="351" dir="0" index="0" bw="1" slack="0"/>
<pin id="352" dir="0" index="1" bw="3" slack="0"/>
<pin id="353" dir="0" index="2" bw="3" slack="0"/>
<pin id="354" dir="1" index="3" bw="3" slack="0"/>
</pin_list>
<bind>
<opcode="select(49) " fcode="select"/>
<opset="select_ln110/1 "/>
</bind>
</comp>

<comp id="358" class="1004" name="select_ln110_1_fu_358">
<pin_list>
<pin id="359" dir="0" index="0" bw="1" slack="0"/>
<pin id="360" dir="0" index="1" bw="7" slack="0"/>
<pin id="361" dir="0" index="2" bw="7" slack="0"/>
<pin id="362" dir="1" index="3" bw="7" slack="0"/>
</pin_list>
<bind>
<opcode="select(49) " fcode="select"/>
<opset="select_ln110_1/1 "/>
</bind>
</comp>

<comp id="366" class="1004" name="add_ln112_fu_366">
<pin_list>
<pin id="367" dir="0" index="0" bw="3" slack="0"/>
<pin id="368" dir="0" index="1" bw="1" slack="0"/>
<pin id="369" dir="1" index="2" bw="3" slack="0"/>
</pin_list>
<bind>
<opcode="add(8) " fcode="add"/>
<opset="add_ln112/1 "/>
</bind>
</comp>

<comp id="372" class="1004" name="store_ln112_store_fu_372">
<pin_list>
<pin id="373" dir="0" index="0" bw="9" slack="0"/>
<pin id="374" dir="0" index="1" bw="9" slack="0"/>
<pin id="375" dir="1" index="2" bw="0" slack="2147483647"/>
</pin_list>
<bind>
<opcode="store(28) " fcode="store"/>
<opset="store_ln112/1 "/>
</bind>
</comp>

<comp id="377" class="1004" name="store_ln112_store_fu_377">
<pin_list>
<pin id="378" dir="0" index="0" bw="7" slack="0"/>
<pin id="379" dir="0" index="1" bw="7" slack="0"/>
<pin id="380" dir="1" index="2" bw="0" slack="2147483647"/>
</pin_list>
<bind>
<opcode="store(28) " fcode="store"/>
<opset="store_ln112/1 "/>
</bind>
</comp>

<comp id="382" class="1004" name="store_ln112_store_fu_382">
<pin_list>
<pin id="383" dir="0" index="0" bw="3" slack="0"/>
<pin id="384" dir="0" index="1" bw="3" slack="0"/>
<pin id="385" dir="1" index="2" bw="0" slack="2147483647"/>
</pin_list>
<bind>
<opcode="store(28) " fcode="store"/>
<opset="store_ln112/1 "/>
</bind>
</comp>

<comp id="387" class="1004" name="zext_ln110_fu_387">
<pin_list>
<pin id="388" dir="0" index="0" bw="7" slack="1"/>
<pin id="389" dir="1" index="1" bw="64" slack="0"/>
</pin_list>
<bind>
<opcode="zext(34) " fcode="zext"/>
<opset="zext_ln110/2 "/>
</bind>
</comp>

<comp id="395" class="1004" name="zext_ln837_fu_395">
<pin_list>
<pin id="396" dir="0" index="0" bw="7" slack="1"/>
<pin id="397" dir="1" index="1" bw="14" slack="0"/>
</pin_list>
<bind>
<opcode="zext(34) " fcode="zext"/>
<opset="zext_ln837/2 "/>
</bind>
</comp>

<comp id="398" class="1004" name="tmp_fu_398">
<pin_list>
<pin id="399" dir="0" index="0" bw="6" slack="0"/>
<pin id="400" dir="0" index="1" bw="7" slack="1"/>
<pin id="401" dir="0" index="2" bw="1" slack="0"/>
<pin id="402" dir="0" index="3" bw="4" slack="0"/>
<pin id="403" dir="1" index="4" bw="6" slack="0"/>
</pin_list>
<bind>
<opcode="partselect(1002) " fcode="partselect"/>
<opset="tmp/2 "/>
</bind>
</comp>

<comp id="407" class="1004" name="zext_ln837_16_fu_407">
<pin_list>
<pin id="408" dir="0" index="0" bw="6" slack="0"/>
<pin id="409" dir="1" index="1" bw="7" slack="0"/>
</pin_list>
<bind>
<opcode="zext(34) " fcode="zext"/>
<opset="zext_ln837_16/2 "/>
</bind>
</comp>

<comp id="411" class="1004" name="tmp_4_fu_411">
<pin_list>
<pin id="412" dir="0" index="0" bw="15" slack="0"/>
<pin id="413" dir="0" index="1" bw="1" slack="0"/>
<pin id="414" dir="0" index="2" bw="6" slack="0"/>
<pin id="415" dir="0" index="3" bw="7" slack="1"/>
<pin id="416" dir="1" index="4" bw="15" slack="0"/>
</pin_list>
<bind>
<opcode="bitconcatenate(1004) " fcode="bitconcatenate"/>
<opset="tmp_4/2 "/>
</bind>
</comp>

<comp id="420" class="1004" name="zext_ln837_17_fu_420">
<pin_list>
<pin id="421" dir="0" index="0" bw="15" slack="0"/>
<pin id="422" dir="1" index="1" bw="16" slack="0"/>
</pin_list>
<bind>
<opcode="zext(34) " fcode="zext"/>
<opset="zext_ln837_17/2 "/>
</bind>
</comp>

<comp id="424" class="1004" name="p_shl1_fu_424">
<pin_list>
<pin id="425" dir="0" index="0" bw="16" slack="0"/>
<pin id="426" dir="0" index="1" bw="6" slack="0"/>
<pin id="427" dir="0" index="2" bw="7" slack="1"/>
<pin id="428" dir="0" index="3" bw="1" slack="0"/>
<pin id="429" dir="1" index="4" bw="16" slack="0"/>
</pin_list>
<bind>
<opcode="bitconcatenate(1004) " fcode="bitconcatenate"/>
<opset="p_shl1/2 "/>
</bind>
</comp>

<comp id="433" class="1004" name="sub_ln837_fu_433">
<pin_list>
<pin id="434" dir="0" index="0" bw="16" slack="0"/>
<pin id="435" dir="0" index="1" bw="15" slack="0"/>
<pin id="436" dir="1" index="2" bw="16" slack="0"/>
</pin_list>
<bind>
<opcode="sub(10) " fcode="sub"/>
<opset="sub_ln837/2 "/>
</bind>
</comp>

<comp id="439" class="1004" name="add_ln837_1_fu_439">
<pin_list>
<pin id="440" dir="0" index="0" bw="13" slack="1"/>
<pin id="441" dir="0" index="1" bw="7" slack="0"/>
<pin id="442" dir="1" index="2" bw="14" slack="0"/>
</pin_list>
<bind>
<opcode="add(8) " fcode="add"/>
<opset="add_ln837_1/2 "/>
</bind>
</comp>

<comp id="444" class="1004" name="zext_ln837_18_fu_444">
<pin_list>
<pin id="445" dir="0" index="0" bw="14" slack="0"/>
<pin id="446" dir="1" index="1" bw="16" slack="0"/>
</pin_list>
<bind>
<opcode="zext(34) " fcode="zext"/>
<opset="zext_ln837_18/2 "/>
</bind>
</comp>

<comp id="448" class="1004" name="trunc_ln837_fu_448">
<pin_list>
<pin id="449" dir="0" index="0" bw="14" slack="0"/>
<pin id="450" dir="1" index="1" bw="13" slack="0"/>
</pin_list>
<bind>
<opcode="trunc(33) " fcode="trunc"/>
<opset="trunc_ln837/2 "/>
</bind>
</comp>

<comp id="452" class="1004" name="p_shl_fu_452">
<pin_list>
<pin id="453" dir="0" index="0" bw="16" slack="0"/>
<pin id="454" dir="0" index="1" bw="13" slack="0"/>
<pin id="455" dir="0" index="2" bw="1" slack="0"/>
<pin id="456" dir="1" index="3" bw="16" slack="0"/>
</pin_list>
<bind>
<opcode="bitconcatenate(1004) " fcode="bitconcatenate"/>
<opset="p_shl/2 "/>
</bind>
</comp>

<comp id="460" class="1004" name="sub_ln837_1_fu_460">
<pin_list>
<pin id="461" dir="0" index="0" bw="16" slack="0"/>
<pin id="462" dir="0" index="1" bw="14" slack="0"/>
<pin id="463" dir="1" index="2" bw="16" slack="0"/>
</pin_list>
<bind>
<opcode="sub(10) " fcode="sub"/>
<opset="sub_ln837_1/2 "/>
</bind>
</comp>

<comp id="466" class="1004" name="zext_ln837_19_fu_466">
<pin_list>
<pin id="467" dir="0" index="0" bw="3" slack="1"/>
<pin id="468" dir="1" index="1" bw="16" slack="0"/>
</pin_list>
<bind>
<opcode="zext(34) " fcode="zext"/>
<opset="zext_ln837_19/2 "/>
</bind>
</comp>

<comp id="469" class="1004" name="add_ln837_2_fu_469">
<pin_list>
<pin id="470" dir="0" index="0" bw="16" slack="0"/>
<pin id="471" dir="0" index="1" bw="3" slack="0"/>
<pin id="472" dir="1" index="2" bw="16" slack="0"/>
</pin_list>
<bind>
<opcode="add(8) " fcode="add"/>
<opset="add_ln837_2/2 "/>
</bind>
</comp>

<comp id="475" class="1004" name="zext_ln837_20_fu_475">
<pin_list>
<pin id="476" dir="0" index="0" bw="16" slack="0"/>
<pin id="477" dir="1" index="1" bw="64" slack="0"/>
</pin_list>
<bind>
<opcode="zext(34) " fcode="zext"/>
<opset="zext_ln837_20/2 "/>
</bind>
</comp>

<comp id="480" class="1004" name="add_ln837_3_fu_480">
<pin_list>
<pin id="481" dir="0" index="0" bw="16" slack="0"/>
<pin id="482" dir="0" index="1" bw="3" slack="0"/>
<pin id="483" dir="1" index="2" bw="16" slack="0"/>
</pin_list>
<bind>
<opcode="add(8) " fcode="add"/>
<opset="add_ln837_3/2 "/>
</bind>
</comp>

<comp id="486" class="1004" name="zext_ln837_21_fu_486">
<pin_list>
<pin id="487" dir="0" index="0" bw="16" slack="0"/>
<pin id="488" dir="1" index="1" bw="64" slack="0"/>
</pin_list>
<bind>
<opcode="zext(34) " fcode="zext"/>
<opset="zext_ln837_21/2 "/>
</bind>
</comp>

<comp id="491" class="1004" name="zext_ln110_1_fu_491">
<pin_list>
<pin id="492" dir="0" index="0" bw="31" slack="0"/>
<pin id="493" dir="1" index="1" bw="32" slack="0"/>
</pin_list>
<bind>
<opcode="zext(34) " fcode="zext"/>
<opset="zext_ln110_1/3 "/>
</bind>
</comp>

<comp id="495" class="1004" name="zext_ln110_2_fu_495">
<pin_list>
<pin id="496" dir="0" index="0" bw="31" slack="0"/>
<pin id="497" dir="1" index="1" bw="32" slack="0"/>
</pin_list>
<bind>
<opcode="zext(34) " fcode="zext"/>
<opset="zext_ln110_2/3 "/>
</bind>
</comp>

<comp id="499" class="1004" name="zext_ln110_3_fu_499">
<pin_list>
<pin id="500" dir="0" index="0" bw="31" slack="0"/>
<pin id="501" dir="1" index="1" bw="32" slack="0"/>
</pin_list>
<bind>
<opcode="zext(34) " fcode="zext"/>
<opset="zext_ln110_3/3 "/>
</bind>
</comp>

<comp id="503" class="1004" name="zext_ln110_4_fu_503">
<pin_list>
<pin id="504" dir="0" index="0" bw="31" slack="0"/>
<pin id="505" dir="1" index="1" bw="32" slack="0"/>
</pin_list>
<bind>
<opcode="zext(34) " fcode="zext"/>
<opset="zext_ln110_4/3 "/>
</bind>
</comp>

<comp id="507" class="1004" name="zext_ln110_5_fu_507">
<pin_list>
<pin id="508" dir="0" index="0" bw="31" slack="0"/>
<pin id="509" dir="1" index="1" bw="32" slack="0"/>
</pin_list>
<bind>
<opcode="zext(34) " fcode="zext"/>
<opset="zext_ln110_5/3 "/>
</bind>
</comp>

<comp id="511" class="1004" name="x_V_fu_511">
<pin_list>
<pin id="512" dir="0" index="0" bw="32" slack="0"/>
<pin id="513" dir="0" index="1" bw="1" slack="0"/>
<pin id="514" dir="0" index="2" bw="1" slack="0"/>
<pin id="515" dir="0" index="3" bw="31" slack="0"/>
<pin id="516" dir="0" index="4" bw="31" slack="0"/>
<pin id="517" dir="0" index="5" bw="31" slack="0"/>
<pin id="518" dir="0" index="6" bw="31" slack="0"/>
<pin id="519" dir="0" index="7" bw="31" slack="0"/>
<pin id="520" dir="0" index="8" bw="3" slack="2"/>
<pin id="521" dir="1" index="9" bw="32" slack="1"/>
</pin_list>
<bind>
<opcode="mux(1196) " fcode="mux"/>
<opset="x_V/3 "/>
</bind>
</comp>

<comp id="530" class="1004" name="r_V_7_fu_530">
<pin_list>
<pin id="531" dir="0" index="0" bw="40" slack="0"/>
<pin id="532" dir="0" index="1" bw="32" slack="1"/>
<pin id="533" dir="0" index="2" bw="1" slack="0"/>
<pin id="534" dir="1" index="3" bw="40" slack="0"/>
</pin_list>
<bind>
<opcode="bitconcatenate(1004) " fcode="bitconcatenate"/>
<opset="r_V_7/4 "/>
</bind>
</comp>

<comp id="537" class="1004" name="shl_ln838_5_fu_537">
<pin_list>
<pin id="538" dir="0" index="0" bw="23" slack="0"/>
<pin id="539" dir="0" index="1" bw="15" slack="1"/>
<pin id="540" dir="0" index="2" bw="1" slack="0"/>
<pin id="541" dir="1" index="3" bw="23" slack="0"/>
</pin_list>
<bind>
<opcode="bitconcatenate(1004) " fcode="bitconcatenate"/>
<opset="shl_ln838_5/4 "/>
</bind>
</comp>

<comp id="544" class="1004" name="sext_ln1270_fu_544">
<pin_list>
<pin id="545" dir="0" index="0" bw="40" slack="0"/>
<pin id="546" dir="1" index="1" bw="62" slack="0"/>
</pin_list>
<bind>
<opcode="sext(35) " fcode="sext"/>
<opset="sext_ln1270/4 "/>
</bind>
</comp>

<comp id="548" class="1004" name="sext_ln1273_1_fu_548">
<pin_list>
<pin id="549" dir="0" index="0" bw="23" slack="0"/>
<pin id="550" dir="1" index="1" bw="62" slack="0"/>
</pin_list>
<bind>
<opcode="sext(35) " fcode="sext"/>
<opset="sext_ln1273_1/4 "/>
</bind>
</comp>

<comp id="552" class="1004" name="r_V_fu_552">
<pin_list>
<pin id="553" dir="0" index="0" bw="23" slack="0"/>
<pin id="554" dir="0" index="1" bw="40" slack="0"/>
<pin id="555" dir="1" index="2" bw="62" slack="1"/>
</pin_list>
<bind>
<opcode="mul(12) " fcode="mul"/>
<opset="r_V/4 "/>
</bind>
</comp>

<comp id="558" class="1004" name="shl_ln_fu_558">
<pin_list>
<pin id="559" dir="0" index="0" bw="23" slack="0"/>
<pin id="560" dir="0" index="1" bw="15" slack="1"/>
<pin id="561" dir="0" index="2" bw="1" slack="0"/>
<pin id="562" dir="1" index="3" bw="23" slack="0"/>
</pin_list>
<bind>
<opcode="bitconcatenate(1004) " fcode="bitconcatenate"/>
<opset="shl_ln/4 "/>
</bind>
</comp>

<comp id="565" class="1004" name="sext_ln1273_2_fu_565">
<pin_list>
<pin id="566" dir="0" index="0" bw="23" slack="0"/>
<pin id="567" dir="1" index="1" bw="62" slack="0"/>
</pin_list>
<bind>
<opcode="sext(35) " fcode="sext"/>
<opset="sext_ln1273_2/4 "/>
</bind>
</comp>

<comp id="569" class="1004" name="r_V_11_fu_569">
<pin_list>
<pin id="570" dir="0" index="0" bw="23" slack="0"/>
<pin id="571" dir="0" index="1" bw="40" slack="0"/>
<pin id="572" dir="1" index="2" bw="62" slack="1"/>
</pin_list>
<bind>
<opcode="mul(12) " fcode="mul"/>
<opset="r_V_11/4 "/>
</bind>
</comp>

<comp id="575" class="1004" name="lhs_load_load_fu_575">
<pin_list>
<pin id="576" dir="0" index="0" bw="48" slack="4"/>
<pin id="577" dir="1" index="1" bw="48" slack="0"/>
</pin_list>
<bind>
<opcode="load(27) " fcode="load"/>
<opset="lhs_load/5 "/>
</bind>
</comp>

<comp id="578" class="1004" name="lhs_V_load_load_fu_578">
<pin_list>
<pin id="579" dir="0" index="0" bw="48" slack="4"/>
<pin id="580" dir="1" index="1" bw="48" slack="0"/>
</pin_list>
<bind>
<opcode="load(27) " fcode="load"/>
<opset="lhs_V_load/5 "/>
</bind>
</comp>

<comp id="581" class="1004" name="lhs_3_fu_581">
<pin_list>
<pin id="582" dir="0" index="0" bw="72" slack="0"/>
<pin id="583" dir="0" index="1" bw="48" slack="0"/>
<pin id="584" dir="0" index="2" bw="1" slack="0"/>
<pin id="585" dir="1" index="3" bw="72" slack="0"/>
</pin_list>
<bind>
<opcode="bitconcatenate(1004) " fcode="bitconcatenate"/>
<opset="lhs_3/5 "/>
</bind>
</comp>

<comp id="589" class="1004" name="trunc_ln112_fu_589">
<pin_list>
<pin id="590" dir="0" index="0" bw="48" slack="0"/>
<pin id="591" dir="1" index="1" bw="40" slack="0"/>
</pin_list>
<bind>
<opcode="trunc(33) " fcode="trunc"/>
<opset="trunc_ln112/5 "/>
</bind>
</comp>

<comp id="593" class="1004" name="sext_ln1347_s_fu_593">
<pin_list>
<pin id="594" dir="0" index="0" bw="64" slack="0"/>
<pin id="595" dir="0" index="1" bw="40" slack="0"/>
<pin id="596" dir="0" index="2" bw="1" slack="0"/>
<pin id="597" dir="1" index="3" bw="64" slack="0"/>
</pin_list>
<bind>
<opcode="bitconcatenate(1004) " fcode="bitconcatenate"/>
<opset="sext_ln1347_s/5 "/>
</bind>
</comp>

<comp id="601" class="1004" name="sext_ln112_fu_601">
<pin_list>
<pin id="602" dir="0" index="0" bw="62" slack="1"/>
<pin id="603" dir="1" index="1" bw="64" slack="0"/>
</pin_list>
<bind>
<opcode="sext(35) " fcode="sext"/>
<opset="sext_ln112/5 "/>
</bind>
</comp>

<comp id="604" class="1004" name="sext_ln1347_2_fu_604">
<pin_list>
<pin id="605" dir="0" index="0" bw="62" slack="1"/>
<pin id="606" dir="1" index="1" bw="72" slack="0"/>
</pin_list>
<bind>
<opcode="sext(35) " fcode="sext"/>
<opset="sext_ln1347_2/5 "/>
</bind>
</comp>

<comp id="607" class="1004" name="add_ln112_1_fu_607">
<pin_list>
<pin id="608" dir="0" index="0" bw="64" slack="0"/>
<pin id="609" dir="0" index="1" bw="62" slack="0"/>
<pin id="610" dir="1" index="2" bw="64" slack="0"/>
</pin_list>
<bind>
<opcode="add(8) " fcode="add"/>
<opset="add_ln112_1/5 "/>
</bind>
</comp>

<comp id="613" class="1004" name="add_ln1347_fu_613">
<pin_list>
<pin id="614" dir="0" index="0" bw="72" slack="0"/>
<pin id="615" dir="0" index="1" bw="62" slack="0"/>
<pin id="616" dir="1" index="2" bw="72" slack="0"/>
</pin_list>
<bind>
<opcode="add(8) " fcode="add"/>
<opset="add_ln1347/5 "/>
</bind>
</comp>

<comp id="619" class="1004" name="acc0_V_fu_619">
<pin_list>
<pin id="620" dir="0" index="0" bw="48" slack="0"/>
<pin id="621" dir="0" index="1" bw="72" slack="0"/>
<pin id="622" dir="0" index="2" bw="6" slack="0"/>
<pin id="623" dir="0" index="3" bw="8" slack="0"/>
<pin id="624" dir="1" index="4" bw="48" slack="0"/>
</pin_list>
<bind>
<opcode="partselect(1002) " fcode="partselect"/>
<opset="acc0_V/5 "/>
</bind>
</comp>

<comp id="629" class="1004" name="lhs_V_3_fu_629">
<pin_list>
<pin id="630" dir="0" index="0" bw="72" slack="0"/>
<pin id="631" dir="0" index="1" bw="48" slack="0"/>
<pin id="632" dir="0" index="2" bw="1" slack="0"/>
<pin id="633" dir="1" index="3" bw="72" slack="0"/>
</pin_list>
<bind>
<opcode="bitconcatenate(1004) " fcode="bitconcatenate"/>
<opset="lhs_V_3/5 "/>
</bind>
</comp>

<comp id="637" class="1004" name="trunc_ln112_1_fu_637">
<pin_list>
<pin id="638" dir="0" index="0" bw="48" slack="0"/>
<pin id="639" dir="1" index="1" bw="40" slack="0"/>
</pin_list>
<bind>
<opcode="trunc(33) " fcode="trunc"/>
<opset="trunc_ln112_1/5 "/>
</bind>
</comp>

<comp id="641" class="1004" name="sext_ln1347_3_fu_641">
<pin_list>
<pin id="642" dir="0" index="0" bw="64" slack="0"/>
<pin id="643" dir="0" index="1" bw="40" slack="0"/>
<pin id="644" dir="0" index="2" bw="1" slack="0"/>
<pin id="645" dir="1" index="3" bw="64" slack="0"/>
</pin_list>
<bind>
<opcode="bitconcatenate(1004) " fcode="bitconcatenate"/>
<opset="sext_ln1347_3/5 "/>
</bind>
</comp>

<comp id="649" class="1004" name="sext_ln112_1_fu_649">
<pin_list>
<pin id="650" dir="0" index="0" bw="62" slack="1"/>
<pin id="651" dir="1" index="1" bw="64" slack="0"/>
</pin_list>
<bind>
<opcode="sext(35) " fcode="sext"/>
<opset="sext_ln112_1/5 "/>
</bind>
</comp>

<comp id="652" class="1004" name="sext_ln1347_fu_652">
<pin_list>
<pin id="653" dir="0" index="0" bw="62" slack="1"/>
<pin id="654" dir="1" index="1" bw="72" slack="0"/>
</pin_list>
<bind>
<opcode="sext(35) " fcode="sext"/>
<opset="sext_ln1347/5 "/>
</bind>
</comp>

<comp id="655" class="1004" name="add_ln112_2_fu_655">
<pin_list>
<pin id="656" dir="0" index="0" bw="64" slack="0"/>
<pin id="657" dir="0" index="1" bw="62" slack="0"/>
<pin id="658" dir="1" index="2" bw="64" slack="0"/>
</pin_list>
<bind>
<opcode="add(8) " fcode="add"/>
<opset="add_ln112_2/5 "/>
</bind>
</comp>

<comp id="661" class="1004" name="add_ln1347_2_fu_661">
<pin_list>
<pin id="662" dir="0" index="0" bw="72" slack="0"/>
<pin id="663" dir="0" index="1" bw="62" slack="0"/>
<pin id="664" dir="1" index="2" bw="72" slack="0"/>
</pin_list>
<bind>
<opcode="add(8) " fcode="add"/>
<opset="add_ln1347_2/5 "/>
</bind>
</comp>

<comp id="667" class="1004" name="acc1_V_fu_667">
<pin_list>
<pin id="668" dir="0" index="0" bw="48" slack="0"/>
<pin id="669" dir="0" index="1" bw="72" slack="0"/>
<pin id="670" dir="0" index="2" bw="6" slack="0"/>
<pin id="671" dir="0" index="3" bw="8" slack="0"/>
<pin id="672" dir="1" index="4" bw="48" slack="0"/>
</pin_list>
<bind>
<opcode="partselect(1002) " fcode="partselect"/>
<opset="acc1_V/5 "/>
</bind>
</comp>

<comp id="677" class="1004" name="phitmp_fu_677">
<pin_list>
<pin id="678" dir="0" index="0" bw="32" slack="0"/>
<pin id="679" dir="0" index="1" bw="64" slack="0"/>
<pin id="680" dir="0" index="2" bw="7" slack="0"/>
<pin id="681" dir="0" index="3" bw="7" slack="0"/>
<pin id="682" dir="1" index="4" bw="32" slack="0"/>
</pin_list>
<bind>
<opcode="partselect(1002) " fcode="partselect"/>
<opset="phitmp/5 "/>
</bind>
</comp>

<comp id="687" class="1004" name="phitmp1_fu_687">
<pin_list>
<pin id="688" dir="0" index="0" bw="32" slack="0"/>
<pin id="689" dir="0" index="1" bw="64" slack="0"/>
<pin id="690" dir="0" index="2" bw="7" slack="0"/>
<pin id="691" dir="0" index="3" bw="7" slack="0"/>
<pin id="692" dir="1" index="4" bw="32" slack="0"/>
</pin_list>
<bind>
<opcode="partselect(1002) " fcode="partselect"/>
<opset="phitmp1/5 "/>
</bind>
</comp>

<comp id="697" class="1004" name="store_ln112_store_fu_697">
<pin_list>
<pin id="698" dir="0" index="0" bw="48" slack="0"/>
<pin id="699" dir="0" index="1" bw="48" slack="4"/>
<pin id="700" dir="1" index="2" bw="0" slack="2147483647"/>
</pin_list>
<bind>
<opcode="store(28) " fcode="store"/>
<opset="store_ln112/5 "/>
</bind>
</comp>

<comp id="702" class="1004" name="store_ln112_store_fu_702">
<pin_list>
<pin id="703" dir="0" index="0" bw="48" slack="0"/>
<pin id="704" dir="0" index="1" bw="48" slack="4"/>
<pin id="705" dir="1" index="2" bw="0" slack="2147483647"/>
</pin_list>
<bind>
<opcode="store(28) " fcode="store"/>
<opset="store_ln112/5 "/>
</bind>
</comp>

<comp id="707" class="1004" name="store_ln112_store_fu_707">
<pin_list>
<pin id="708" dir="0" index="0" bw="32" slack="0"/>
<pin id="709" dir="0" index="1" bw="32" slack="4"/>
<pin id="710" dir="1" index="2" bw="0" slack="2147483647"/>
</pin_list>
<bind>
<opcode="store(28) " fcode="store"/>
<opset="store_ln112/5 "/>
</bind>
</comp>

<comp id="712" class="1004" name="store_ln112_store_fu_712">
<pin_list>
<pin id="713" dir="0" index="0" bw="32" slack="0"/>
<pin id="714" dir="0" index="1" bw="32" slack="4"/>
<pin id="715" dir="1" index="2" bw="0" slack="2147483647"/>
</pin_list>
<bind>
<opcode="store(28) " fcode="store"/>
<opset="store_ln112/5 "/>
</bind>
</comp>

<comp id="717" class="1004" name="phi_ln818_1_load_load_fu_717">
<pin_list>
<pin id="718" dir="0" index="0" bw="32" slack="3"/>
<pin id="719" dir="1" index="1" bw="32" slack="0"/>
</pin_list>
<bind>
<opcode="load(27) " fcode="load"/>
<opset="phi_ln818_1_load/4 "/>
</bind>
</comp>

<comp id="721" class="1004" name="phi_ln818_load_load_fu_721">
<pin_list>
<pin id="722" dir="0" index="0" bw="32" slack="3"/>
<pin id="723" dir="1" index="1" bw="32" slack="0"/>
</pin_list>
<bind>
<opcode="load(27) " fcode="load"/>
<opset="phi_ln818_load/4 "/>
</bind>
</comp>

<comp id="725" class="1005" name="phi_ln818_1_reg_725">
<pin_list>
<pin id="726" dir="0" index="0" bw="32" slack="0"/>
<pin id="727" dir="1" index="1" bw="32" slack="0"/>
</pin_list>
<bind>
<opset="phi_ln818_1 "/>
</bind>
</comp>

<comp id="732" class="1005" name="phi_ln818_reg_732">
<pin_list>
<pin id="733" dir="0" index="0" bw="32" slack="0"/>
<pin id="734" dir="1" index="1" bw="32" slack="0"/>
</pin_list>
<bind>
<opset="phi_ln818 "/>
</bind>
</comp>

<comp id="739" class="1005" name="lhs_reg_739">
<pin_list>
<pin id="740" dir="0" index="0" bw="48" slack="0"/>
<pin id="741" dir="1" index="1" bw="48" slack="0"/>
</pin_list>
<bind>
<opset="lhs "/>
</bind>
</comp>

<comp id="746" class="1005" name="lhs_V_reg_746">
<pin_list>
<pin id="747" dir="0" index="0" bw="48" slack="0"/>
<pin id="748" dir="1" index="1" bw="48" slack="0"/>
</pin_list>
<bind>
<opset="lhs_V "/>
</bind>
</comp>

<comp id="753" class="1005" name="k_reg_753">
<pin_list>
<pin id="754" dir="0" index="0" bw="3" slack="0"/>
<pin id="755" dir="1" index="1" bw="3" slack="0"/>
</pin_list>
<bind>
<opset="k "/>
</bind>
</comp>

<comp id="760" class="1005" name="ic_reg_760">
<pin_list>
<pin id="761" dir="0" index="0" bw="7" slack="0"/>
<pin id="762" dir="1" index="1" bw="7" slack="0"/>
</pin_list>
<bind>
<opset="ic "/>
</bind>
</comp>

<comp id="767" class="1005" name="indvar_flatten_reg_767">
<pin_list>
<pin id="768" dir="0" index="0" bw="9" slack="0"/>
<pin id="769" dir="1" index="1" bw="9" slack="0"/>
</pin_list>
<bind>
<opset="indvar_flatten "/>
</bind>
</comp>

<comp id="774" class="1005" name="oc_base_read_reg_774">
<pin_list>
<pin id="775" dir="0" index="0" bw="7" slack="1"/>
<pin id="776" dir="1" index="1" bw="7" slack="1"/>
</pin_list>
<bind>
<opset="oc_base_read "/>
</bind>
</comp>

<comp id="779" class="1005" name="zext_ln837_3_cast_reg_779">
<pin_list>
<pin id="780" dir="0" index="0" bw="14" slack="1"/>
<pin id="781" dir="1" index="1" bw="14" slack="1"/>
</pin_list>
<bind>
<opset="zext_ln837_3_cast "/>
</bind>
</comp>

<comp id="784" class="1005" name="icmp_ln110_reg_784">
<pin_list>
<pin id="785" dir="0" index="0" bw="1" slack="3"/>
<pin id="786" dir="1" index="1" bw="1" slack="2147483647"/>
</pin_list>
<bind>
<opset="icmp_ln110 "/>
</bind>
</comp>

<comp id="788" class="1005" name="select_ln110_reg_788">
<pin_list>
<pin id="789" dir="0" index="0" bw="3" slack="1"/>
<pin id="790" dir="1" index="1" bw="3" slack="1"/>
</pin_list>
<bind>
<opset="select_ln110 "/>
</bind>
</comp>

<comp id="794" class="1005" name="select_ln110_1_reg_794">
<pin_list>
<pin id="795" dir="0" index="0" bw="7" slack="1"/>
<pin id="796" dir="1" index="1" bw="7" slack="1"/>
</pin_list>
<bind>
<opset="select_ln110_1 "/>
</bind>
</comp>

<comp id="802" class="1005" name="win01_V_1_addr_reg_802">
<pin_list>
<pin id="803" dir="0" index="0" bw="6" slack="1"/>
<pin id="804" dir="1" index="1" bw="6" slack="1"/>
</pin_list>
<bind>
<opset="win01_V_1_addr "/>
</bind>
</comp>

<comp id="807" class="1005" name="win01_V_2_addr_reg_807">
<pin_list>
<pin id="808" dir="0" index="0" bw="6" slack="1"/>
<pin id="809" dir="1" index="1" bw="6" slack="1"/>
</pin_list>
<bind>
<opset="win01_V_2_addr "/>
</bind>
</comp>

<comp id="812" class="1005" name="win01_V_3_addr_reg_812">
<pin_list>
<pin id="813" dir="0" index="0" bw="6" slack="1"/>
<pin id="814" dir="1" index="1" bw="6" slack="1"/>
</pin_list>
<bind>
<opset="win01_V_3_addr "/>
</bind>
</comp>

<comp id="817" class="1005" name="win01_V_4_addr_reg_817">
<pin_list>
<pin id="818" dir="0" index="0" bw="6" slack="1"/>
<pin id="819" dir="1" index="1" bw="6" slack="1"/>
</pin_list>
<bind>
<opset="win01_V_4_addr "/>
</bind>
</comp>

<comp id="822" class="1005" name="win01_V_5_addr_reg_822">
<pin_list>
<pin id="823" dir="0" index="0" bw="6" slack="1"/>
<pin id="824" dir="1" index="1" bw="6" slack="1"/>
</pin_list>
<bind>
<opset="win01_V_5_addr "/>
</bind>
</comp>

<comp id="827" class="1005" name="denoiser_w_L1_W_V_addr_reg_827">
<pin_list>
<pin id="828" dir="0" index="0" bw="16" slack="1"/>
<pin id="829" dir="1" index="1" bw="16" slack="1"/>
</pin_list>
<bind>
<opset="denoiser_w_L1_W_V_addr "/>
</bind>
</comp>

<comp id="832" class="1005" name="denoiser_w_L1_W_V_addr_1_reg_832">
<pin_list>
<pin id="833" dir="0" index="0" bw="16" slack="1"/>
<pin id="834" dir="1" index="1" bw="16" slack="1"/>
</pin_list>
<bind>
<opset="denoiser_w_L1_W_V_addr_1 "/>
</bind>
</comp>

<comp id="837" class="1005" name="x_V_reg_837">
<pin_list>
<pin id="838" dir="0" index="0" bw="32" slack="1"/>
<pin id="839" dir="1" index="1" bw="32" slack="1"/>
</pin_list>
<bind>
<opset="x_V "/>
</bind>
</comp>

<comp id="842" class="1005" name="denoiser_w_L1_W_V_load_reg_842">
<pin_list>
<pin id="843" dir="0" index="0" bw="15" slack="1"/>
<pin id="844" dir="1" index="1" bw="15" slack="1"/>
</pin_list>
<bind>
<opset="denoiser_w_L1_W_V_load "/>
</bind>
</comp>

<comp id="847" class="1005" name="denoiser_w_L1_W_V_load_1_reg_847">
<pin_list>
<pin id="848" dir="0" index="0" bw="15" slack="1"/>
<pin id="849" dir="1" index="1" bw="15" slack="1"/>
</pin_list>
<bind>
<opset="denoiser_w_L1_W_V_load_1 "/>
</bind>
</comp>

<comp id="852" class="1005" name="r_V_reg_852">
<pin_list>
<pin id="853" dir="0" index="0" bw="62" slack="1"/>
<pin id="854" dir="1" index="1" bw="62" slack="1"/>
</pin_list>
<bind>
<opset="r_V "/>
</bind>
</comp>

<comp id="858" class="1005" name="r_V_11_reg_858">
<pin_list>
<pin id="859" dir="0" index="0" bw="62" slack="1"/>
<pin id="860" dir="1" index="1" bw="62" slack="1"/>
</pin_list>
<bind>
<opset="r_V_11 "/>
</bind>
</comp>

</comp_list>

<net_list>
<net id="117"><net_src comp="24" pin="0"/><net_sink comp="114" pin=0"/></net>

<net id="121"><net_src comp="24" pin="0"/><net_sink comp="118" pin=0"/></net>

<net id="125"><net_src comp="24" pin="0"/><net_sink comp="122" pin=0"/></net>

<net id="129"><net_src comp="24" pin="0"/><net_sink comp="126" pin=0"/></net>

<net id="133"><net_src comp="24" pin="0"/><net_sink comp="130" pin=0"/></net>

<net id="137"><net_src comp="24" pin="0"/><net_sink comp="134" pin=0"/></net>

<net id="141"><net_src comp="24" pin="0"/><net_sink comp="138" pin=0"/></net>

<net id="146"><net_src comp="26" pin="0"/><net_sink comp="142" pin=0"/></net>

<net id="147"><net_src comp="6" pin="0"/><net_sink comp="142" pin=1"/></net>

<net id="152"><net_src comp="28" pin="0"/><net_sink comp="148" pin=0"/></net>

<net id="153"><net_src comp="4" pin="0"/><net_sink comp="148" pin=1"/></net>

<net id="158"><net_src comp="30" pin="0"/><net_sink comp="154" pin=0"/></net>

<net id="159"><net_src comp="2" pin="0"/><net_sink comp="154" pin=1"/></net>

<net id="164"><net_src comp="30" pin="0"/><net_sink comp="160" pin=0"/></net>

<net id="165"><net_src comp="0" pin="0"/><net_sink comp="160" pin=1"/></net>

<net id="171"><net_src comp="112" pin="0"/><net_sink comp="166" pin=0"/></net>

<net id="172"><net_src comp="18" pin="0"/><net_sink comp="166" pin=1"/></net>

<net id="178"><net_src comp="112" pin="0"/><net_sink comp="173" pin=0"/></net>

<net id="179"><net_src comp="20" pin="0"/><net_sink comp="173" pin=1"/></net>

<net id="185"><net_src comp="8" pin="0"/><net_sink comp="180" pin=0"/></net>

<net id="186"><net_src comp="70" pin="0"/><net_sink comp="180" pin=1"/></net>

<net id="192"><net_src comp="180" pin="3"/><net_sink comp="187" pin=0"/></net>

<net id="198"><net_src comp="10" pin="0"/><net_sink comp="193" pin=0"/></net>

<net id="199"><net_src comp="70" pin="0"/><net_sink comp="193" pin=1"/></net>

<net id="205"><net_src comp="193" pin="3"/><net_sink comp="200" pin=0"/></net>

<net id="211"><net_src comp="12" pin="0"/><net_sink comp="206" pin=0"/></net>

<net id="212"><net_src comp="70" pin="0"/><net_sink comp="206" pin=1"/></net>

<net id="218"><net_src comp="206" pin="3"/><net_sink comp="213" pin=0"/></net>

<net id="224"><net_src comp="14" pin="0"/><net_sink comp="219" pin=0"/></net>

<net id="225"><net_src comp="70" pin="0"/><net_sink comp="219" pin=1"/></net>

<net id="231"><net_src comp="219" pin="3"/><net_sink comp="226" pin=0"/></net>

<net id="237"><net_src comp="16" pin="0"/><net_sink comp="232" pin=0"/></net>

<net id="238"><net_src comp="70" pin="0"/><net_sink comp="232" pin=1"/></net>

<net id="244"><net_src comp="232" pin="3"/><net_sink comp="239" pin=0"/></net>

<net id="250"><net_src comp="22" pin="0"/><net_sink comp="245" pin=0"/></net>

<net id="251"><net_src comp="70" pin="0"/><net_sink comp="245" pin=1"/></net>

<net id="257"><net_src comp="22" pin="0"/><net_sink comp="252" pin=0"/></net>

<net id="258"><net_src comp="70" pin="0"/><net_sink comp="252" pin=1"/></net>

<net id="268"><net_src comp="245" pin="3"/><net_sink comp="259" pin=2"/></net>

<net id="269"><net_src comp="252" pin="3"/><net_sink comp="259" pin=0"/></net>

<net id="273"><net_src comp="154" pin="2"/><net_sink comp="270" pin=0"/></net>

<net id="277"><net_src comp="160" pin="2"/><net_sink comp="274" pin=0"/></net>

<net id="281"><net_src comp="142" pin="2"/><net_sink comp="278" pin=0"/></net>

<net id="286"><net_src comp="40" pin="0"/><net_sink comp="282" pin=0"/></net>

<net id="291"><net_src comp="42" pin="0"/><net_sink comp="287" pin=0"/></net>

<net id="296"><net_src comp="44" pin="0"/><net_sink comp="292" pin=0"/></net>

<net id="301"><net_src comp="274" pin="1"/><net_sink comp="297" pin=0"/></net>

<net id="306"><net_src comp="270" pin="1"/><net_sink comp="302" pin=0"/></net>

<net id="311"><net_src comp="46" pin="0"/><net_sink comp="307" pin=0"/></net>

<net id="316"><net_src comp="46" pin="0"/><net_sink comp="312" pin=0"/></net>

<net id="324"><net_src comp="317" pin="1"/><net_sink comp="320" pin=0"/></net>

<net id="325"><net_src comp="48" pin="0"/><net_sink comp="320" pin=1"/></net>

<net id="330"><net_src comp="317" pin="1"/><net_sink comp="326" pin=0"/></net>

<net id="331"><net_src comp="50" pin="0"/><net_sink comp="326" pin=1"/></net>

<net id="342"><net_src comp="335" pin="1"/><net_sink comp="338" pin=0"/></net>

<net id="343"><net_src comp="52" pin="0"/><net_sink comp="338" pin=1"/></net>

<net id="348"><net_src comp="332" pin="1"/><net_sink comp="344" pin=0"/></net>

<net id="349"><net_src comp="54" pin="0"/><net_sink comp="344" pin=1"/></net>

<net id="355"><net_src comp="344" pin="2"/><net_sink comp="350" pin=0"/></net>

<net id="356"><net_src comp="44" pin="0"/><net_sink comp="350" pin=1"/></net>

<net id="357"><net_src comp="332" pin="1"/><net_sink comp="350" pin=2"/></net>

<net id="363"><net_src comp="344" pin="2"/><net_sink comp="358" pin=0"/></net>

<net id="364"><net_src comp="338" pin="2"/><net_sink comp="358" pin=1"/></net>

<net id="365"><net_src comp="335" pin="1"/><net_sink comp="358" pin=2"/></net>

<net id="370"><net_src comp="350" pin="3"/><net_sink comp="366" pin=0"/></net>

<net id="371"><net_src comp="56" pin="0"/><net_sink comp="366" pin=1"/></net>

<net id="376"><net_src comp="326" pin="2"/><net_sink comp="372" pin=0"/></net>

<net id="381"><net_src comp="358" pin="3"/><net_sink comp="377" pin=0"/></net>

<net id="386"><net_src comp="366" pin="2"/><net_sink comp="382" pin=0"/></net>

<net id="390"><net_src comp="387" pin="1"/><net_sink comp="180" pin=2"/></net>

<net id="391"><net_src comp="387" pin="1"/><net_sink comp="193" pin=2"/></net>

<net id="392"><net_src comp="387" pin="1"/><net_sink comp="206" pin=2"/></net>

<net id="393"><net_src comp="387" pin="1"/><net_sink comp="219" pin=2"/></net>

<net id="394"><net_src comp="387" pin="1"/><net_sink comp="232" pin=2"/></net>

<net id="404"><net_src comp="58" pin="0"/><net_sink comp="398" pin=0"/></net>

<net id="405"><net_src comp="24" pin="0"/><net_sink comp="398" pin=2"/></net>

<net id="406"><net_src comp="60" pin="0"/><net_sink comp="398" pin=3"/></net>

<net id="410"><net_src comp="398" pin="4"/><net_sink comp="407" pin=0"/></net>

<net id="417"><net_src comp="62" pin="0"/><net_sink comp="411" pin=0"/></net>

<net id="418"><net_src comp="64" pin="0"/><net_sink comp="411" pin=1"/></net>

<net id="419"><net_src comp="407" pin="1"/><net_sink comp="411" pin=2"/></net>

<net id="423"><net_src comp="411" pin="4"/><net_sink comp="420" pin=0"/></net>

<net id="430"><net_src comp="66" pin="0"/><net_sink comp="424" pin=0"/></net>

<net id="431"><net_src comp="398" pin="4"/><net_sink comp="424" pin=1"/></net>

<net id="432"><net_src comp="44" pin="0"/><net_sink comp="424" pin=3"/></net>

<net id="437"><net_src comp="424" pin="4"/><net_sink comp="433" pin=0"/></net>

<net id="438"><net_src comp="420" pin="1"/><net_sink comp="433" pin=1"/></net>

<net id="443"><net_src comp="395" pin="1"/><net_sink comp="439" pin=1"/></net>

<net id="447"><net_src comp="439" pin="2"/><net_sink comp="444" pin=0"/></net>

<net id="451"><net_src comp="439" pin="2"/><net_sink comp="448" pin=0"/></net>

<net id="457"><net_src comp="68" pin="0"/><net_sink comp="452" pin=0"/></net>

<net id="458"><net_src comp="448" pin="1"/><net_sink comp="452" pin=1"/></net>

<net id="459"><net_src comp="44" pin="0"/><net_sink comp="452" pin=2"/></net>

<net id="464"><net_src comp="452" pin="3"/><net_sink comp="460" pin=0"/></net>

<net id="465"><net_src comp="444" pin="1"/><net_sink comp="460" pin=1"/></net>

<net id="473"><net_src comp="433" pin="2"/><net_sink comp="469" pin=0"/></net>

<net id="474"><net_src comp="466" pin="1"/><net_sink comp="469" pin=1"/></net>

<net id="478"><net_src comp="469" pin="2"/><net_sink comp="475" pin=0"/></net>

<net id="479"><net_src comp="475" pin="1"/><net_sink comp="245" pin=2"/></net>

<net id="484"><net_src comp="460" pin="2"/><net_sink comp="480" pin=0"/></net>

<net id="485"><net_src comp="466" pin="1"/><net_sink comp="480" pin=1"/></net>

<net id="489"><net_src comp="480" pin="2"/><net_sink comp="486" pin=0"/></net>

<net id="490"><net_src comp="486" pin="1"/><net_sink comp="252" pin=2"/></net>

<net id="494"><net_src comp="187" pin="3"/><net_sink comp="491" pin=0"/></net>

<net id="498"><net_src comp="200" pin="3"/><net_sink comp="495" pin=0"/></net>

<net id="502"><net_src comp="213" pin="3"/><net_sink comp="499" pin=0"/></net>

<net id="506"><net_src comp="226" pin="3"/><net_sink comp="503" pin=0"/></net>

<net id="510"><net_src comp="239" pin="3"/><net_sink comp="507" pin=0"/></net>

<net id="522"><net_src comp="72" pin="0"/><net_sink comp="511" pin=0"/></net>

<net id="523"><net_src comp="46" pin="0"/><net_sink comp="511" pin=1"/></net>

<net id="524"><net_src comp="46" pin="0"/><net_sink comp="511" pin=2"/></net>

<net id="525"><net_src comp="491" pin="1"/><net_sink comp="511" pin=3"/></net>

<net id="526"><net_src comp="495" pin="1"/><net_sink comp="511" pin=4"/></net>

<net id="527"><net_src comp="499" pin="1"/><net_sink comp="511" pin=5"/></net>

<net id="528"><net_src comp="503" pin="1"/><net_sink comp="511" pin=6"/></net>

<net id="529"><net_src comp="507" pin="1"/><net_sink comp="511" pin=7"/></net>

<net id="535"><net_src comp="74" pin="0"/><net_sink comp="530" pin=0"/></net>

<net id="536"><net_src comp="76" pin="0"/><net_sink comp="530" pin=2"/></net>

<net id="542"><net_src comp="78" pin="0"/><net_sink comp="537" pin=0"/></net>

<net id="543"><net_src comp="76" pin="0"/><net_sink comp="537" pin=2"/></net>

<net id="547"><net_src comp="530" pin="3"/><net_sink comp="544" pin=0"/></net>

<net id="551"><net_src comp="537" pin="3"/><net_sink comp="548" pin=0"/></net>

<net id="556"><net_src comp="548" pin="1"/><net_sink comp="552" pin=0"/></net>

<net id="557"><net_src comp="544" pin="1"/><net_sink comp="552" pin=1"/></net>

<net id="563"><net_src comp="78" pin="0"/><net_sink comp="558" pin=0"/></net>

<net id="564"><net_src comp="76" pin="0"/><net_sink comp="558" pin=2"/></net>

<net id="568"><net_src comp="558" pin="3"/><net_sink comp="565" pin=0"/></net>

<net id="573"><net_src comp="565" pin="1"/><net_sink comp="569" pin=0"/></net>

<net id="574"><net_src comp="544" pin="1"/><net_sink comp="569" pin=1"/></net>

<net id="586"><net_src comp="94" pin="0"/><net_sink comp="581" pin=0"/></net>

<net id="587"><net_src comp="575" pin="1"/><net_sink comp="581" pin=1"/></net>

<net id="588"><net_src comp="96" pin="0"/><net_sink comp="581" pin=2"/></net>

<net id="592"><net_src comp="575" pin="1"/><net_sink comp="589" pin=0"/></net>

<net id="598"><net_src comp="98" pin="0"/><net_sink comp="593" pin=0"/></net>

<net id="599"><net_src comp="589" pin="1"/><net_sink comp="593" pin=1"/></net>

<net id="600"><net_src comp="96" pin="0"/><net_sink comp="593" pin=2"/></net>

<net id="611"><net_src comp="593" pin="3"/><net_sink comp="607" pin=0"/></net>

<net id="612"><net_src comp="601" pin="1"/><net_sink comp="607" pin=1"/></net>

<net id="617"><net_src comp="581" pin="3"/><net_sink comp="613" pin=0"/></net>

<net id="618"><net_src comp="604" pin="1"/><net_sink comp="613" pin=1"/></net>

<net id="625"><net_src comp="100" pin="0"/><net_sink comp="619" pin=0"/></net>

<net id="626"><net_src comp="613" pin="2"/><net_sink comp="619" pin=1"/></net>

<net id="627"><net_src comp="102" pin="0"/><net_sink comp="619" pin=2"/></net>

<net id="628"><net_src comp="104" pin="0"/><net_sink comp="619" pin=3"/></net>

<net id="634"><net_src comp="94" pin="0"/><net_sink comp="629" pin=0"/></net>

<net id="635"><net_src comp="578" pin="1"/><net_sink comp="629" pin=1"/></net>

<net id="636"><net_src comp="96" pin="0"/><net_sink comp="629" pin=2"/></net>

<net id="640"><net_src comp="578" pin="1"/><net_sink comp="637" pin=0"/></net>

<net id="646"><net_src comp="98" pin="0"/><net_sink comp="641" pin=0"/></net>

<net id="647"><net_src comp="637" pin="1"/><net_sink comp="641" pin=1"/></net>

<net id="648"><net_src comp="96" pin="0"/><net_sink comp="641" pin=2"/></net>

<net id="659"><net_src comp="641" pin="3"/><net_sink comp="655" pin=0"/></net>

<net id="660"><net_src comp="649" pin="1"/><net_sink comp="655" pin=1"/></net>

<net id="665"><net_src comp="629" pin="3"/><net_sink comp="661" pin=0"/></net>

<net id="666"><net_src comp="652" pin="1"/><net_sink comp="661" pin=1"/></net>

<net id="673"><net_src comp="100" pin="0"/><net_sink comp="667" pin=0"/></net>

<net id="674"><net_src comp="661" pin="2"/><net_sink comp="667" pin=1"/></net>

<net id="675"><net_src comp="102" pin="0"/><net_sink comp="667" pin=2"/></net>

<net id="676"><net_src comp="104" pin="0"/><net_sink comp="667" pin=3"/></net>

<net id="683"><net_src comp="106" pin="0"/><net_sink comp="677" pin=0"/></net>

<net id="684"><net_src comp="607" pin="2"/><net_sink comp="677" pin=1"/></net>

<net id="685"><net_src comp="108" pin="0"/><net_sink comp="677" pin=2"/></net>

<net id="686"><net_src comp="110" pin="0"/><net_sink comp="677" pin=3"/></net>

<net id="693"><net_src comp="106" pin="0"/><net_sink comp="687" pin=0"/></net>

<net id="694"><net_src comp="655" pin="2"/><net_sink comp="687" pin=1"/></net>

<net id="695"><net_src comp="108" pin="0"/><net_sink comp="687" pin=2"/></net>

<net id="696"><net_src comp="110" pin="0"/><net_sink comp="687" pin=3"/></net>

<net id="701"><net_src comp="667" pin="4"/><net_sink comp="697" pin=0"/></net>

<net id="706"><net_src comp="619" pin="4"/><net_sink comp="702" pin=0"/></net>

<net id="711"><net_src comp="677" pin="4"/><net_sink comp="707" pin=0"/></net>

<net id="716"><net_src comp="687" pin="4"/><net_sink comp="712" pin=0"/></net>

<net id="720"><net_src comp="717" pin="1"/><net_sink comp="173" pin=2"/></net>

<net id="724"><net_src comp="721" pin="1"/><net_sink comp="166" pin=2"/></net>

<net id="728"><net_src comp="114" pin="1"/><net_sink comp="725" pin=0"/></net>

<net id="729"><net_src comp="725" pin="1"/><net_sink comp="312" pin=1"/></net>

<net id="730"><net_src comp="725" pin="1"/><net_sink comp="712" pin=1"/></net>

<net id="731"><net_src comp="725" pin="1"/><net_sink comp="717" pin=0"/></net>

<net id="735"><net_src comp="118" pin="1"/><net_sink comp="732" pin=0"/></net>

<net id="736"><net_src comp="732" pin="1"/><net_sink comp="307" pin=1"/></net>

<net id="737"><net_src comp="732" pin="1"/><net_sink comp="707" pin=1"/></net>

<net id="738"><net_src comp="732" pin="1"/><net_sink comp="721" pin=0"/></net>

<net id="742"><net_src comp="122" pin="1"/><net_sink comp="739" pin=0"/></net>

<net id="743"><net_src comp="739" pin="1"/><net_sink comp="302" pin=1"/></net>

<net id="744"><net_src comp="739" pin="1"/><net_sink comp="575" pin=0"/></net>

<net id="745"><net_src comp="739" pin="1"/><net_sink comp="702" pin=1"/></net>

<net id="749"><net_src comp="126" pin="1"/><net_sink comp="746" pin=0"/></net>

<net id="750"><net_src comp="746" pin="1"/><net_sink comp="297" pin=1"/></net>

<net id="751"><net_src comp="746" pin="1"/><net_sink comp="578" pin=0"/></net>

<net id="752"><net_src comp="746" pin="1"/><net_sink comp="697" pin=1"/></net>

<net id="756"><net_src comp="130" pin="1"/><net_sink comp="753" pin=0"/></net>

<net id="757"><net_src comp="753" pin="1"/><net_sink comp="292" pin=1"/></net>

<net id="758"><net_src comp="753" pin="1"/><net_sink comp="332" pin=0"/></net>

<net id="759"><net_src comp="753" pin="1"/><net_sink comp="382" pin=1"/></net>

<net id="763"><net_src comp="134" pin="1"/><net_sink comp="760" pin=0"/></net>

<net id="764"><net_src comp="760" pin="1"/><net_sink comp="287" pin=1"/></net>

<net id="765"><net_src comp="760" pin="1"/><net_sink comp="335" pin=0"/></net>

<net id="766"><net_src comp="760" pin="1"/><net_sink comp="377" pin=1"/></net>

<net id="770"><net_src comp="138" pin="1"/><net_sink comp="767" pin=0"/></net>

<net id="771"><net_src comp="767" pin="1"/><net_sink comp="282" pin=1"/></net>

<net id="772"><net_src comp="767" pin="1"/><net_sink comp="317" pin=0"/></net>

<net id="773"><net_src comp="767" pin="1"/><net_sink comp="372" pin=1"/></net>

<net id="777"><net_src comp="148" pin="2"/><net_sink comp="774" pin=0"/></net>

<net id="778"><net_src comp="774" pin="1"/><net_sink comp="398" pin=1"/></net>

<net id="782"><net_src comp="278" pin="1"/><net_sink comp="779" pin=0"/></net>

<net id="783"><net_src comp="779" pin="1"/><net_sink comp="439" pin=0"/></net>

<net id="787"><net_src comp="320" pin="2"/><net_sink comp="784" pin=0"/></net>

<net id="791"><net_src comp="350" pin="3"/><net_sink comp="788" pin=0"/></net>

<net id="792"><net_src comp="788" pin="1"/><net_sink comp="466" pin=0"/></net>

<net id="793"><net_src comp="788" pin="1"/><net_sink comp="511" pin=8"/></net>

<net id="797"><net_src comp="358" pin="3"/><net_sink comp="794" pin=0"/></net>

<net id="798"><net_src comp="794" pin="1"/><net_sink comp="387" pin=0"/></net>

<net id="799"><net_src comp="794" pin="1"/><net_sink comp="395" pin=0"/></net>

<net id="800"><net_src comp="794" pin="1"/><net_sink comp="411" pin=3"/></net>

<net id="801"><net_src comp="794" pin="1"/><net_sink comp="424" pin=2"/></net>

<net id="805"><net_src comp="180" pin="3"/><net_sink comp="802" pin=0"/></net>

<net id="806"><net_src comp="802" pin="1"/><net_sink comp="187" pin=0"/></net>

<net id="810"><net_src comp="193" pin="3"/><net_sink comp="807" pin=0"/></net>

<net id="811"><net_src comp="807" pin="1"/><net_sink comp="200" pin=0"/></net>

<net id="815"><net_src comp="206" pin="3"/><net_sink comp="812" pin=0"/></net>

<net id="816"><net_src comp="812" pin="1"/><net_sink comp="213" pin=0"/></net>

<net id="820"><net_src comp="219" pin="3"/><net_sink comp="817" pin=0"/></net>

<net id="821"><net_src comp="817" pin="1"/><net_sink comp="226" pin=0"/></net>

<net id="825"><net_src comp="232" pin="3"/><net_sink comp="822" pin=0"/></net>

<net id="826"><net_src comp="822" pin="1"/><net_sink comp="239" pin=0"/></net>

<net id="830"><net_src comp="245" pin="3"/><net_sink comp="827" pin=0"/></net>

<net id="831"><net_src comp="827" pin="1"/><net_sink comp="259" pin=2"/></net>

<net id="835"><net_src comp="252" pin="3"/><net_sink comp="832" pin=0"/></net>

<net id="836"><net_src comp="832" pin="1"/><net_sink comp="259" pin=0"/></net>

<net id="840"><net_src comp="511" pin="9"/><net_sink comp="837" pin=0"/></net>

<net id="841"><net_src comp="837" pin="1"/><net_sink comp="530" pin=1"/></net>

<net id="845"><net_src comp="259" pin="7"/><net_sink comp="842" pin=0"/></net>

<net id="846"><net_src comp="842" pin="1"/><net_sink comp="537" pin=1"/></net>

<net id="850"><net_src comp="259" pin="3"/><net_sink comp="847" pin=0"/></net>

<net id="851"><net_src comp="847" pin="1"/><net_sink comp="558" pin=1"/></net>

<net id="855"><net_src comp="552" pin="2"/><net_sink comp="852" pin=0"/></net>

<net id="856"><net_src comp="852" pin="1"/><net_sink comp="601" pin=0"/></net>

<net id="857"><net_src comp="852" pin="1"/><net_sink comp="604" pin=0"/></net>

<net id="861"><net_src comp="569" pin="2"/><net_sink comp="858" pin=0"/></net>

<net id="862"><net_src comp="858" pin="1"/><net_sink comp="649" pin=0"/></net>

<net id="863"><net_src comp="858" pin="1"/><net_sink comp="652" pin=0"/></net>

</net_list>

</model> 
---------------- Datapath Model END ------------------

* FSMD analyzer results:
  - Output states:
	Port: phi_ln818_out | {4 }
	Port: phi_ln818_1_out | {4 }
	Port: denoiser_w_L1_W_V | {}
 - Input state : 
	Port: conv_layer01234_fused_Pipeline_L1_IC_L1_K : sext_ln108 | {1 }
	Port: conv_layer01234_fused_Pipeline_L1_IC_L1_K : sext_ln107 | {1 }
	Port: conv_layer01234_fused_Pipeline_L1_IC_L1_K : oc_base | {1 }
	Port: conv_layer01234_fused_Pipeline_L1_IC_L1_K : zext_ln837_3 | {1 }
	Port: conv_layer01234_fused_Pipeline_L1_IC_L1_K : win01_V_1 | {2 3 }
	Port: conv_layer01234_fused_Pipeline_L1_IC_L1_K : win01_V_2 | {2 3 }
	Port: conv_layer01234_fused_Pipeline_L1_IC_L1_K : win01_V_3 | {2 3 }
	Port: conv_layer01234_fused_Pipeline_L1_IC_L1_K : win01_V_4 | {2 3 }
	Port: conv_layer01234_fused_Pipeline_L1_IC_L1_K : win01_V_5 | {2 3 }
	Port: conv_layer01234_fused_Pipeline_L1_IC_L1_K : denoiser_w_L1_W_V | {2 3 }
  - Chain level:
	State 1
		store_ln0 : 1
		store_ln0 : 1
		store_ln0 : 1
		store_ln0 : 1
		store_ln0 : 1
		store_ln0 : 1
		store_ln0 : 1
		indvar_flatten_load : 1
		icmp_ln110 : 2
		add_ln110_1 : 2
		br_ln110 : 3
		k_load : 1
		ic_load : 1
		add_ln110 : 2
		icmp_ln112 : 2
		select_ln110 : 3
		select_ln110_1 : 3
		add_ln112 : 4
		store_ln112 : 3
		store_ln112 : 4
		store_ln112 : 5
	State 2
		zext_ln837_16 : 1
		tmp_4 : 2
		zext_ln837_17 : 3
		p_shl1 : 1
		sub_ln837 : 4
		add_ln837_1 : 1
		zext_ln837_18 : 2
		trunc_ln837 : 2
		p_shl : 3
		sub_ln837_1 : 4
		win01_V_1_addr : 1
		win01_V_1_load : 2
		win01_V_2_addr : 1
		win01_V_2_load : 2
		win01_V_3_addr : 1
		win01_V_3_load : 2
		win01_V_4_addr : 1
		win01_V_4_load : 2
		win01_V_5_addr : 1
		win01_V_5_load : 2
		add_ln837_2 : 5
		zext_ln837_20 : 6
		denoiser_w_L1_W_V_addr : 7
		add_ln837_3 : 5
		zext_ln837_21 : 6
		denoiser_w_L1_W_V_addr_1 : 7
		denoiser_w_L1_W_V_load : 8
		denoiser_w_L1_W_V_load_1 : 8
	State 3
		zext_ln110_1 : 1
		zext_ln110_2 : 1
		zext_ln110_3 : 1
		zext_ln110_4 : 1
		zext_ln110_5 : 1
		x_V : 2
	State 4
		sext_ln1270 : 1
		sext_ln1273_1 : 1
		r_V : 2
		sext_ln1273_2 : 1
		r_V_11 : 2
		write_ln0 : 1
		write_ln0 : 1
	State 5
		lhs_3 : 1
		trunc_ln112 : 1
		sext_ln1347_s : 2
		add_ln112_1 : 3
		add_ln1347 : 2
		acc0_V : 3
		lhs_V_3 : 1
		trunc_ln112_1 : 1
		sext_ln1347_3 : 2
		add_ln112_2 : 3
		add_ln1347_2 : 2
		acc1_V : 3
		phitmp : 4
		phitmp1 : 4
		store_ln112 : 4
		store_ln112 : 4
		store_ln112 : 5
		store_ln112 : 5


============================================================
+ Verbose Summary: Datapath Resource usage 
============================================================

* Functional unit list:
|----------|-------------------------------|---------|---------|---------|
| Operation|        Functional Unit        |   DSP   |    FF   |   LUT   |
|----------|-------------------------------|---------|---------|---------|
|          |       add_ln110_1_fu_326      |    0    |    0    |    9    |
|          |        add_ln110_fu_338       |    0    |    0    |    7    |
|          |        add_ln112_fu_366       |    0    |    0    |    4    |
|          |       add_ln837_1_fu_439      |    0    |    0    |    13   |
|    add   |       add_ln837_2_fu_469      |    0    |    0    |    16   |
|          |       add_ln837_3_fu_480      |    0    |    0    |    16   |
|          |       add_ln112_1_fu_607      |    0    |    0    |    64   |
|          |       add_ln1347_fu_613       |    0    |    0    |    72   |
|          |       add_ln112_2_fu_655      |    0    |    0    |    64   |
|          |      add_ln1347_2_fu_661      |    0    |    0    |    72   |
|----------|-------------------------------|---------|---------|---------|
|    mul   |           r_V_fu_552          |    2    |    0    |    29   |
|          |         r_V_11_fu_569         |    2    |    0    |    29   |
|----------|-------------------------------|---------|---------|---------|
|    sub   |        sub_ln837_fu_433       |    0    |    0    |    16   |
|          |       sub_ln837_1_fu_460      |    0    |    0    |    16   |
|----------|-------------------------------|---------|---------|---------|
|    mux   |           x_V_fu_511          |    0    |    0    |    29   |
|----------|-------------------------------|---------|---------|---------|
|  select  |      select_ln110_fu_350      |    0    |    0    |    3    |
|          |     select_ln110_1_fu_358     |    0    |    0    |    7    |
|----------|-------------------------------|---------|---------|---------|
|   icmp   |       icmp_ln110_fu_320       |    0    |    0    |    4    |
|          |       icmp_ln112_fu_344       |    0    |    0    |    2    |
|----------|-------------------------------|---------|---------|---------|
|          | zext_ln837_3_read_read_fu_142 |    0    |    0    |    0    |
|   read   |    oc_base_read_read_fu_148   |    0    |    0    |    0    |
|          |  sext_ln107_read_read_fu_154  |    0    |    0    |    0    |
|          |  sext_ln108_read_read_fu_160  |    0    |    0    |    0    |
|----------|-------------------------------|---------|---------|---------|
|   write  |     write_ln0_write_fu_166    |    0    |    0    |    0    |
|          |     write_ln0_write_fu_173    |    0    |    0    |    0    |
|----------|-------------------------------|---------|---------|---------|
|          |     sext_ln107_cast_fu_270    |    0    |    0    |    0    |
|          |     sext_ln108_cast_fu_274    |    0    |    0    |    0    |
|          |       sext_ln1270_fu_544      |    0    |    0    |    0    |
|          |      sext_ln1273_1_fu_548     |    0    |    0    |    0    |
|   sext   |      sext_ln1273_2_fu_565     |    0    |    0    |    0    |
|          |       sext_ln112_fu_601       |    0    |    0    |    0    |
|          |      sext_ln1347_2_fu_604     |    0    |    0    |    0    |
|          |      sext_ln112_1_fu_649      |    0    |    0    |    0    |
|          |       sext_ln1347_fu_652      |    0    |    0    |    0    |
|----------|-------------------------------|---------|---------|---------|
|          |    zext_ln837_3_cast_fu_278   |    0    |    0    |    0    |
|          |       zext_ln110_fu_387       |    0    |    0    |    0    |
|          |       zext_ln837_fu_395       |    0    |    0    |    0    |
|          |      zext_ln837_16_fu_407     |    0    |    0    |    0    |
|          |      zext_ln837_17_fu_420     |    0    |    0    |    0    |
|          |      zext_ln837_18_fu_444     |    0    |    0    |    0    |
|   zext   |      zext_ln837_19_fu_466     |    0    |    0    |    0    |
|          |      zext_ln837_20_fu_475     |    0    |    0    |    0    |
|          |      zext_ln837_21_fu_486     |    0    |    0    |    0    |
|          |      zext_ln110_1_fu_491      |    0    |    0    |    0    |
|          |      zext_ln110_2_fu_495      |    0    |    0    |    0    |
|          |      zext_ln110_3_fu_499      |    0    |    0    |    0    |
|          |      zext_ln110_4_fu_503      |    0    |    0    |    0    |
|          |      zext_ln110_5_fu_507      |    0    |    0    |    0    |
|----------|-------------------------------|---------|---------|---------|
|          |           tmp_fu_398          |    0    |    0    |    0    |
|          |         acc0_V_fu_619         |    0    |    0    |    0    |
|partselect|         acc1_V_fu_667         |    0    |    0    |    0    |
|          |         phitmp_fu_677         |    0    |    0    |    0    |
|          |         phitmp1_fu_687        |    0    |    0    |    0    |
|----------|-------------------------------|---------|---------|---------|
|          |          tmp_4_fu_411         |    0    |    0    |    0    |
|          |         p_shl1_fu_424         |    0    |    0    |    0    |
|          |          p_shl_fu_452         |    0    |    0    |    0    |
|          |          r_V_7_fu_530         |    0    |    0    |    0    |
|bitconcatenate|       shl_ln838_5_fu_537      |    0    |    0    |    0    |
|          |         shl_ln_fu_558         |    0    |    0    |    0    |
|          |          lhs_3_fu_581         |    0    |    0    |    0    |
|          |      sext_ln1347_s_fu_593     |    0    |    0    |    0    |
|          |         lhs_V_3_fu_629        |    0    |    0    |    0    |
|          |      sext_ln1347_3_fu_641     |    0    |    0    |    0    |
|----------|-------------------------------|---------|---------|---------|
|          |       trunc_ln837_fu_448      |    0    |    0    |    0    |
|   trunc  |       trunc_ln112_fu_589      |    0    |    0    |    0    |
|          |      trunc_ln112_1_fu_637     |    0    |    0    |    0    |
|----------|-------------------------------|---------|---------|---------|
|   Total  |                               |    4    |    0    |   472   |
|----------|-------------------------------|---------|---------|---------|

Memories:
N/A

* Register list:
+--------------------------------+--------+
|                                |   FF   |
+--------------------------------+--------+
|denoiser_w_L1_W_V_addr_1_reg_832|   16   |
| denoiser_w_L1_W_V_addr_reg_827 |   16   |
|denoiser_w_L1_W_V_load_1_reg_847|   15   |
| denoiser_w_L1_W_V_load_reg_842 |   15   |
|           ic_reg_760           |    7   |
|       icmp_ln110_reg_784       |    1   |
|     indvar_flatten_reg_767     |    9   |
|            k_reg_753           |    3   |
|          lhs_V_reg_746         |   48   |
|           lhs_reg_739          |   48   |
|      oc_base_read_reg_774      |    7   |
|       phi_ln818_1_reg_725      |   32   |
|        phi_ln818_reg_732       |   32   |
|         r_V_11_reg_858         |   62   |
|           r_V_reg_852          |   62   |
|     select_ln110_1_reg_794     |    7   |
|      select_ln110_reg_788      |    3   |
|     win01_V_1_addr_reg_802     |    6   |
|     win01_V_2_addr_reg_807     |    6   |
|     win01_V_3_addr_reg_812     |    6   |
|     win01_V_4_addr_reg_817     |    6   |
|     win01_V_5_addr_reg_822     |    6   |
|           x_V_reg_837          |   32   |
|    zext_ln837_3_cast_reg_779   |   14   |
+--------------------------------+--------+
|              Total             |   459  |
+--------------------------------+--------+

* Multiplexer (MUX) list: 
|-------------------|------|------|------|--------||---------||---------|
|        Comp       |  Pin | Size |  BW  | S x BW ||  Delay  ||   LUT   |
|-------------------|------|------|------|--------||---------||---------|
| grp_access_fu_187 |  p0  |   2  |   6  |   12   ||    9    |
| grp_access_fu_200 |  p0  |   2  |   6  |   12   ||    9    |
| grp_access_fu_213 |  p0  |   2  |   6  |   12   ||    9    |
| grp_access_fu_226 |  p0  |   2  |   6  |   12   ||    9    |
| grp_access_fu_239 |  p0  |   2  |   6  |   12   ||    9    |
| grp_access_fu_259 |  p0  |   2  |  16  |   32   ||    9    |
| grp_access_fu_259 |  p2  |   2  |   0  |    0   ||    9    |
|-------------------|------|------|------|--------||---------||---------|
|       Total       |      |      |      |   92   ||  9.086  ||    63   |
|-------------------|------|------|------|--------||---------||---------|



* Summary:
+-----------+--------+--------+--------+--------+
|           |   DSP  |  Delay |   FF   |   LUT  |
+-----------+--------+--------+--------+--------+
|  Function |    4   |    -   |    0   |   472  |
|   Memory  |    -   |    -   |    -   |    -   |
|Multiplexer|    -   |    9   |    -   |   63   |
|  Register |    -   |    -   |   459  |    -   |
+-----------+--------+--------+--------+--------+
|   Total   |    4   |    9   |   459  |   535  |
+-----------+--------+--------+--------+--------+
