

================================================================
== Vitis HLS Report for 'conv_layer01234_fused_Pipeline_L4_IC_L4_K'
================================================================
* Date:           Sat Apr  4 09:58:37 2026

* Version:        2022.2 (Build 3670227 on Oct 13 2022)
* Project:        ecg_denoiser_ip
* Solution:       solution1 (Vivado IP Flow Target)
* Product family: zynq
* Target device:  xc7z030-sbg485-2


================================================================
== Performance Estimates
================================================================
+ Timing: 
    * Summary: 
    +--------+----------+----------+------------+
    |  Clock |  Target  | Estimated| Uncertainty|
    +--------+----------+----------+------------+
    |ap_clk  |  13.00 ns|  9.115 ns|     3.51 ns|
    +--------+----------+----------+------------+

+ Latency: 
    * Summary: 
    +---------+---------+----------+----------+-----+-----+---------+
    |  Latency (cycles) |  Latency (absolute) |  Interval | Pipeline|
    |   min   |   max   |    min   |    max   | min | max |   Type  |
    +---------+---------+----------+----------+-----+-----+---------+
    |      228|      228|  2.964 us|  2.964 us|  228|  228|       no|
    +---------+---------+----------+----------+-----+-----+---------+

    + Detail: 
        * Instance: 
        N/A

        * Loop: 
        +--------------+---------+---------+----------+-----------+-----------+------+----------+
        |              |  Latency (cycles) | Iteration|  Initiation Interval  | Trip |          |
        |   Loop Name  |   min   |   max   |  Latency |  achieved |   target  | Count| Pipelined|
        +--------------+---------+---------+----------+-----------+-----------+------+----------+
        |- L4_IC_L4_K  |      226|      226|         4|          1|          1|   224|       yes|
        +--------------+---------+---------+----------+-----------+-----------+------+----------+

============================================================
+ Verbose Summary: Synthesis Manager
============================================================
InlineROM: 1
ExposeGlobal: 0
============================================================
+ Verbose Summary: CDFG Model
============================================================
IsTopModel: 0
ResetActiveHigh: 1
IsCombinational: 0
IsDatapathOnly: 0
HasWiredReturn: 1
HasMFsm: 2
HasVarLatency: 1
IsPipeline: 0
IsRtlPipelined: 0
IsInstanceOverlapped: 0
IsDontTouch: 0
HasImplIP: 0
IsGatedGlobalClock: 0

+ Individual pipeline summary: 
  * Pipeline-0: initiation interval (II) = 1, depth = 4


============================================================
+ Verbose Summary: Schedule
============================================================
* Number of FSM states : 4
* Pipeline : 1
  Pipeline-0 : II = 1, D = 4, States = { 1 2 3 4 }
* Dataflow Pipeline: 0

* FSM state transitions: 
1 --> 2 
2 --> 3 
3 --> 4 
4 --> 

* FSM state operations: 

State 1 <SV = 0> <Delay = 5.22>
ST_1 : Operation 7 [1/1] (0.00ns)   --->   "%phi_ln818_6 = alloca i32 1"   --->   Operation 7 'alloca' 'phi_ln818_6' <Predicate = true> <Delay = 0.00>
ST_1 : Operation 8 [1/1] (0.00ns)   --->   "%lhs = alloca i32 1"   --->   Operation 8 'alloca' 'lhs' <Predicate = true> <Delay = 0.00>
ST_1 : Operation 9 [1/1] (0.00ns)   --->   "%k = alloca i32 1"   --->   Operation 9 'alloca' 'k' <Predicate = true> <Delay = 0.00>
ST_1 : Operation 10 [1/1] (0.00ns)   --->   "%ic = alloca i32 1"   --->   Operation 10 'alloca' 'ic' <Predicate = true> <Delay = 0.00>
ST_1 : Operation 11 [1/1] (0.00ns)   --->   "%indvar_flatten72 = alloca i32 1"   --->   Operation 11 'alloca' 'indvar_flatten72' <Predicate = true> <Delay = 0.00>
ST_1 : Operation 12 [1/1] (0.00ns)   --->   "%specmemcore_ln0 = specmemcore void @_ssdm_op_SpecMemCore, i15 %denoiser_w_L4_W_V, i64 666, i64 39, i64 18446744073709551615"   --->   Operation 12 'specmemcore' 'specmemcore_ln0' <Predicate = true> <Delay = 0.00>
ST_1 : Operation 13 [1/1] (1.29ns)   --->   "%store_ln0 = store i8 0, i8 %indvar_flatten72"   --->   Operation 13 'store' 'store_ln0' <Predicate = true> <Delay = 1.29>
ST_1 : Operation 14 [1/1] (1.29ns)   --->   "%store_ln0 = store i6 0, i6 %ic"   --->   Operation 14 'store' 'store_ln0' <Predicate = true> <Delay = 1.29>
ST_1 : Operation 15 [1/1] (1.29ns)   --->   "%store_ln0 = store i3 0, i3 %k"   --->   Operation 15 'store' 'store_ln0' <Predicate = true> <Delay = 1.29>
ST_1 : Operation 16 [1/1] (1.29ns)   --->   "%store_ln0 = store i48 281474976659968, i48 %lhs"   --->   Operation 16 'store' 'store_ln0' <Predicate = true> <Delay = 1.29>
ST_1 : Operation 17 [1/1] (1.29ns)   --->   "%store_ln0 = store i32 0, i32 %phi_ln818_6"   --->   Operation 17 'store' 'store_ln0' <Predicate = true> <Delay = 1.29>
ST_1 : Operation 18 [1/1] (0.00ns)   --->   "%br_ln0 = br void %for.body556"   --->   Operation 18 'br' 'br_ln0' <Predicate = true> <Delay = 0.00>
ST_1 : Operation 19 [1/1] (0.00ns)   --->   "%ic_1 = load i6 %ic"   --->   Operation 19 'load' 'ic_1' <Predicate = true> <Delay = 0.00>
ST_1 : Operation 20 [1/1] (0.00ns)   --->   "%indvar_flatten72_load = load i8 %indvar_flatten72" [src/ecg_denoiser.cpp:212]   --->   Operation 20 'load' 'indvar_flatten72_load' <Predicate = true> <Delay = 0.00>
ST_1 : Operation 21 [1/1] (0.00ns)   --->   "%tmp_s = partselect i4 @_ssdm_op_PartSelect.i4.i6.i32.i32, i6 %ic_1, i32 1, i32 4"   --->   Operation 21 'partselect' 'tmp_s' <Predicate = true> <Delay = 0.00>
ST_1 : Operation 22 [1/1] (0.00ns)   --->   "%p_cast22 = zext i4 %tmp_s"   --->   Operation 22 'zext' 'p_cast22' <Predicate = true> <Delay = 0.00>
ST_1 : Operation 23 [1/1] (0.00ns)   --->   "%empty = trunc i6 %ic_1"   --->   Operation 23 'trunc' 'empty' <Predicate = true> <Delay = 0.00>
ST_1 : Operation 24 [1/1] (0.00ns)   --->   "%win34_V_2_addr = getelementptr i31 %win34_V_2, i64 0, i64 %p_cast22"   --->   Operation 24 'getelementptr' 'win34_V_2_addr' <Predicate = true> <Delay = 0.00>
ST_1 : Operation 25 [2/2] (1.75ns)   --->   "%win34_V_2_load = load i4 %win34_V_2_addr"   --->   Operation 25 'load' 'win34_V_2_load' <Predicate = true> <Delay = 1.75> <CoreInst = "RAM">   --->   Core 82 'RAM' <Latency = 1> <II = 1> <Delay = 1.75> <Storage> <Opcode : 'load' 'store'> <Ports = 2> <Width = 31> <Depth = 16> <RAM>
ST_1 : Operation 26 [1/1] (0.00ns)   --->   "%win34_V_3_addr = getelementptr i31 %win34_V_3, i64 0, i64 %p_cast22"   --->   Operation 26 'getelementptr' 'win34_V_3_addr' <Predicate = true> <Delay = 0.00>
ST_1 : Operation 27 [2/2] (1.75ns)   --->   "%win34_V_3_load = load i4 %win34_V_3_addr"   --->   Operation 27 'load' 'win34_V_3_load' <Predicate = true> <Delay = 1.75> <CoreInst = "RAM">   --->   Core 82 'RAM' <Latency = 1> <II = 1> <Delay = 1.75> <Storage> <Opcode : 'load' 'store'> <Ports = 2> <Width = 31> <Depth = 16> <RAM>
ST_1 : Operation 28 [1/1] (0.00ns)   --->   "%win34_V_4_addr = getelementptr i31 %win34_V_4, i64 0, i64 %p_cast22"   --->   Operation 28 'getelementptr' 'win34_V_4_addr' <Predicate = true> <Delay = 0.00>
ST_1 : Operation 29 [2/2] (1.75ns)   --->   "%win34_V_4_load = load i4 %win34_V_4_addr"   --->   Operation 29 'load' 'win34_V_4_load' <Predicate = true> <Delay = 1.75> <CoreInst = "RAM">   --->   Core 82 'RAM' <Latency = 1> <II = 1> <Delay = 1.75> <Storage> <Opcode : 'load' 'store'> <Ports = 2> <Width = 31> <Depth = 16> <RAM>
ST_1 : Operation 30 [1/1] (0.00ns)   --->   "%win34_V_5_addr = getelementptr i31 %win34_V_5, i64 0, i64 %p_cast22"   --->   Operation 30 'getelementptr' 'win34_V_5_addr' <Predicate = true> <Delay = 0.00>
ST_1 : Operation 31 [2/2] (1.75ns)   --->   "%win34_V_5_load = load i4 %win34_V_5_addr"   --->   Operation 31 'load' 'win34_V_5_load' <Predicate = true> <Delay = 1.75> <CoreInst = "RAM">   --->   Core 82 'RAM' <Latency = 1> <II = 1> <Delay = 1.75> <Storage> <Opcode : 'load' 'store'> <Ports = 2> <Width = 31> <Depth = 16> <RAM>
ST_1 : Operation 32 [1/1] (0.00ns)   --->   "%win34_V_6_addr = getelementptr i31 %win34_V_6, i64 0, i64 %p_cast22"   --->   Operation 32 'getelementptr' 'win34_V_6_addr' <Predicate = true> <Delay = 0.00>
ST_1 : Operation 33 [2/2] (1.75ns)   --->   "%win34_V_6_load = load i4 %win34_V_6_addr"   --->   Operation 33 'load' 'win34_V_6_load' <Predicate = true> <Delay = 1.75> <CoreInst = "RAM">   --->   Core 82 'RAM' <Latency = 1> <II = 1> <Delay = 1.75> <Storage> <Opcode : 'load' 'store'> <Ports = 2> <Width = 31> <Depth = 16> <RAM>
ST_1 : Operation 34 [1/1] (0.00ns)   --->   "%win34_V_7_addr = getelementptr i31 %win34_V_7, i64 0, i64 %p_cast22"   --->   Operation 34 'getelementptr' 'win34_V_7_addr' <Predicate = true> <Delay = 0.00>
ST_1 : Operation 35 [2/2] (1.75ns)   --->   "%win34_V_7_load = load i4 %win34_V_7_addr"   --->   Operation 35 'load' 'win34_V_7_load' <Predicate = true> <Delay = 1.75> <CoreInst = "RAM">   --->   Core 82 'RAM' <Latency = 1> <II = 1> <Delay = 1.75> <Storage> <Opcode : 'load' 'store'> <Ports = 2> <Width = 31> <Depth = 16> <RAM>
ST_1 : Operation 36 [1/1] (0.00ns)   --->   "%win34_V_8_addr = getelementptr i31 %win34_V_8, i64 0, i64 %p_cast22"   --->   Operation 36 'getelementptr' 'win34_V_8_addr' <Predicate = true> <Delay = 0.00>
ST_1 : Operation 37 [2/2] (1.75ns)   --->   "%win34_V_8_load = load i4 %win34_V_8_addr"   --->   Operation 37 'load' 'win34_V_8_load' <Predicate = true> <Delay = 1.75> <CoreInst = "RAM">   --->   Core 82 'RAM' <Latency = 1> <II = 1> <Delay = 1.75> <Storage> <Opcode : 'load' 'store'> <Ports = 2> <Width = 31> <Depth = 16> <RAM>
ST_1 : Operation 38 [1/1] (0.00ns)   --->   "%win34_V_9_addr = getelementptr i31 %win34_V_9, i64 0, i64 %p_cast22"   --->   Operation 38 'getelementptr' 'win34_V_9_addr' <Predicate = true> <Delay = 0.00>
ST_1 : Operation 39 [2/2] (1.75ns)   --->   "%win34_V_9_load = load i4 %win34_V_9_addr"   --->   Operation 39 'load' 'win34_V_9_load' <Predicate = true> <Delay = 1.75> <CoreInst = "RAM">   --->   Core 82 'RAM' <Latency = 1> <II = 1> <Delay = 1.75> <Storage> <Opcode : 'load' 'store'> <Ports = 2> <Width = 31> <Depth = 16> <RAM>
ST_1 : Operation 40 [1/1] (0.00ns)   --->   "%win34_V_10_addr = getelementptr i31 %win34_V_10, i64 0, i64 %p_cast22"   --->   Operation 40 'getelementptr' 'win34_V_10_addr' <Predicate = true> <Delay = 0.00>
ST_1 : Operation 41 [2/2] (1.75ns)   --->   "%win34_V_10_load = load i4 %win34_V_10_addr"   --->   Operation 41 'load' 'win34_V_10_load' <Predicate = true> <Delay = 1.75> <CoreInst = "RAM">   --->   Core 82 'RAM' <Latency = 1> <II = 1> <Delay = 1.75> <Storage> <Opcode : 'load' 'store'> <Ports = 2> <Width = 31> <Depth = 16> <RAM>
ST_1 : Operation 42 [1/1] (0.00ns)   --->   "%win34_V_11_addr = getelementptr i31 %win34_V_11, i64 0, i64 %p_cast22"   --->   Operation 42 'getelementptr' 'win34_V_11_addr' <Predicate = true> <Delay = 0.00>
ST_1 : Operation 43 [2/2] (1.75ns)   --->   "%win34_V_11_load = load i4 %win34_V_11_addr"   --->   Operation 43 'load' 'win34_V_11_load' <Predicate = true> <Delay = 1.75> <CoreInst = "RAM">   --->   Core 82 'RAM' <Latency = 1> <II = 1> <Delay = 1.75> <Storage> <Opcode : 'load' 'store'> <Ports = 2> <Width = 31> <Depth = 16> <RAM>
ST_1 : Operation 44 [1/1] (1.31ns)   --->   "%icmp_ln212 = icmp_eq  i8 %indvar_flatten72_load, i8 224" [src/ecg_denoiser.cpp:212]   --->   Operation 44 'icmp' 'icmp_ln212' <Predicate = true> <Delay = 1.31> <CoreInst = "Cmp">   --->   Core 9 'Cmp' <Latency = 0> <II = 1> <Delay = 1.31> <FuncUnit> <Opcode : 'icmp'> <InPorts = 2> <OutPorts = 1>
ST_1 : Operation 45 [1/1] (1.30ns)   --->   "%add_ln212_1 = add i8 %indvar_flatten72_load, i8 1" [src/ecg_denoiser.cpp:212]   --->   Operation 45 'add' 'add_ln212_1' <Predicate = true> <Delay = 1.30> <CoreInst = "Adder">   --->   Core 1 'Adder' <Latency = 0> <II = 1> <Delay = 1.30> <FuncUnit> <Opcode : 'add' 'sub'> <InPorts = 2> <OutPorts = 1>
ST_1 : Operation 46 [1/1] (0.00ns)   --->   "%br_ln212 = br i1 %icmp_ln212, void %for.inc575, void %for.end577.exitStub" [src/ecg_denoiser.cpp:212]   --->   Operation 46 'br' 'br_ln212' <Predicate = true> <Delay = 0.00>
ST_1 : Operation 47 [1/1] (0.00ns)   --->   "%k_load = load i3 %k" [src/ecg_denoiser.cpp:214]   --->   Operation 47 'load' 'k_load' <Predicate = (!icmp_ln212)> <Delay = 0.00>
ST_1 : Operation 48 [1/1] (1.28ns)   --->   "%add_ln212 = add i6 %ic_1, i6 1" [src/ecg_denoiser.cpp:212]   --->   Operation 48 'add' 'add_ln212' <Predicate = (!icmp_ln212)> <Delay = 1.28> <CoreInst = "Adder">   --->   Core 1 'Adder' <Latency = 0> <II = 1> <Delay = 1.28> <FuncUnit> <Opcode : 'add' 'sub'> <InPorts = 2> <OutPorts = 1>
ST_1 : Operation 49 [1/1] (0.98ns)   --->   "%icmp_ln214 = icmp_eq  i3 %k_load, i3 7" [src/ecg_denoiser.cpp:214]   --->   Operation 49 'icmp' 'icmp_ln214' <Predicate = (!icmp_ln212)> <Delay = 0.98> <CoreInst = "Cmp">   --->   Core 9 'Cmp' <Latency = 0> <II = 1> <Delay = 0.98> <FuncUnit> <Opcode : 'icmp'> <InPorts = 2> <OutPorts = 1>
ST_1 : Operation 50 [1/1] (0.79ns)   --->   "%select_ln212 = select i1 %icmp_ln214, i3 0, i3 %k_load" [src/ecg_denoiser.cpp:212]   --->   Operation 50 'select' 'select_ln212' <Predicate = (!icmp_ln212)> <Delay = 0.79> <CoreInst = "Sel">   --->   Core 73 'Sel' <Latency = 0> <II = 1> <Delay = 0.79> <FuncUnit> <Opcode : 'select'> <InPorts = 3> <OutPorts = 1>
ST_1 : Operation 51 [1/1] (0.97ns)   --->   "%select_ln212_1 = select i1 %icmp_ln214, i6 %add_ln212, i6 %ic_1" [src/ecg_denoiser.cpp:212]   --->   Operation 51 'select' 'select_ln212_1' <Predicate = (!icmp_ln212)> <Delay = 0.97> <CoreInst = "Sel">   --->   Core 73 'Sel' <Latency = 0> <II = 1> <Delay = 0.97> <FuncUnit> <Opcode : 'select'> <InPorts = 3> <OutPorts = 1>
ST_1 : Operation 52 [1/1] (0.00ns)   --->   "%trunc_ln212 = trunc i6 %select_ln212_1" [src/ecg_denoiser.cpp:212]   --->   Operation 52 'trunc' 'trunc_ln212' <Predicate = (!icmp_ln212)> <Delay = 0.00>
ST_1 : Operation 53 [1/1] (0.00ns)   --->   "%zext_ln837 = zext i6 %select_ln212_1"   --->   Operation 53 'zext' 'zext_ln837' <Predicate = (!icmp_ln212)> <Delay = 0.00>
ST_1 : Operation 54 [1/1] (0.00ns)   --->   "%tmp_8 = bitconcatenate i8 @_ssdm_op_BitConcatenate.i8.i5.i3, i5 %trunc_ln212, i3 0"   --->   Operation 54 'bitconcatenate' 'tmp_8' <Predicate = (!icmp_ln212)> <Delay = 0.00>
ST_1 : Operation 55 [1/1] (0.00ns) (grouped into TernaryAdder)   --->   "%sub_ln837 = sub i8 %tmp_8, i8 %zext_ln837"   --->   Operation 55 'sub' 'sub_ln837' <Predicate = (!icmp_ln212)> <Delay = 0.00> <CoreInst = "TAddSub">   --->   Core 10 'TAddSub' <Latency = 0> <II = 1> <Delay = 1.48> <IPBlock> <Opcode : 'add' 'sub'> <InPorts = 3> <OutPorts = 1> <Sync> <CReg>
ST_1 : Operation 56 [1/1] (0.00ns)   --->   "%p_mid1 = partselect i4 @_ssdm_op_PartSelect.i4.i6.i32.i32, i6 %add_ln212, i32 1, i32 4" [src/ecg_denoiser.cpp:212]   --->   Operation 56 'partselect' 'p_mid1' <Predicate = (!icmp_ln212)> <Delay = 0.00>
ST_1 : Operation 57 [1/1] (0.00ns)   --->   "%p_cast22_mid1 = zext i4 %p_mid1" [src/ecg_denoiser.cpp:212]   --->   Operation 57 'zext' 'p_cast22_mid1' <Predicate = (!icmp_ln212)> <Delay = 0.00>
ST_1 : Operation 58 [1/1] (0.00ns)   --->   "%empty_54 = trunc i6 %add_ln212" [src/ecg_denoiser.cpp:212]   --->   Operation 58 'trunc' 'empty_54' <Predicate = (!icmp_ln212)> <Delay = 0.00>
ST_1 : Operation 59 [1/1] (0.00ns)   --->   "%win34_V_2_addr_1 = getelementptr i31 %win34_V_2, i64 0, i64 %p_cast22_mid1" [src/ecg_denoiser.cpp:212]   --->   Operation 59 'getelementptr' 'win34_V_2_addr_1' <Predicate = (!icmp_ln212)> <Delay = 0.00>
ST_1 : Operation 60 [2/2] (1.75ns)   --->   "%win34_V_2_load_1 = load i4 %win34_V_2_addr_1" [src/ecg_denoiser.cpp:212]   --->   Operation 60 'load' 'win34_V_2_load_1' <Predicate = (!icmp_ln212)> <Delay = 1.75> <CoreInst = "RAM">   --->   Core 82 'RAM' <Latency = 1> <II = 1> <Delay = 1.75> <Storage> <Opcode : 'load' 'store'> <Ports = 2> <Width = 31> <Depth = 16> <RAM>
ST_1 : Operation 61 [1/1] (0.00ns)   --->   "%win34_V_3_addr_1 = getelementptr i31 %win34_V_3, i64 0, i64 %p_cast22_mid1" [src/ecg_denoiser.cpp:212]   --->   Operation 61 'getelementptr' 'win34_V_3_addr_1' <Predicate = (!icmp_ln212)> <Delay = 0.00>
ST_1 : Operation 62 [2/2] (1.75ns)   --->   "%win34_V_3_load_1 = load i4 %win34_V_3_addr_1" [src/ecg_denoiser.cpp:212]   --->   Operation 62 'load' 'win34_V_3_load_1' <Predicate = (!icmp_ln212)> <Delay = 1.75> <CoreInst = "RAM">   --->   Core 82 'RAM' <Latency = 1> <II = 1> <Delay = 1.75> <Storage> <Opcode : 'load' 'store'> <Ports = 2> <Width = 31> <Depth = 16> <RAM>
ST_1 : Operation 63 [1/1] (0.00ns)   --->   "%win34_V_4_addr_1 = getelementptr i31 %win34_V_4, i64 0, i64 %p_cast22_mid1" [src/ecg_denoiser.cpp:212]   --->   Operation 63 'getelementptr' 'win34_V_4_addr_1' <Predicate = (!icmp_ln212)> <Delay = 0.00>
ST_1 : Operation 64 [2/2] (1.75ns)   --->   "%win34_V_4_load_1 = load i4 %win34_V_4_addr_1" [src/ecg_denoiser.cpp:212]   --->   Operation 64 'load' 'win34_V_4_load_1' <Predicate = (!icmp_ln212)> <Delay = 1.75> <CoreInst = "RAM">   --->   Core 82 'RAM' <Latency = 1> <II = 1> <Delay = 1.75> <Storage> <Opcode : 'load' 'store'> <Ports = 2> <Width = 31> <Depth = 16> <RAM>
ST_1 : Operation 65 [1/1] (0.00ns)   --->   "%win34_V_5_addr_1 = getelementptr i31 %win34_V_5, i64 0, i64 %p_cast22_mid1" [src/ecg_denoiser.cpp:212]   --->   Operation 65 'getelementptr' 'win34_V_5_addr_1' <Predicate = (!icmp_ln212)> <Delay = 0.00>
ST_1 : Operation 66 [2/2] (1.75ns)   --->   "%win34_V_5_load_1 = load i4 %win34_V_5_addr_1" [src/ecg_denoiser.cpp:212]   --->   Operation 66 'load' 'win34_V_5_load_1' <Predicate = (!icmp_ln212)> <Delay = 1.75> <CoreInst = "RAM">   --->   Core 82 'RAM' <Latency = 1> <II = 1> <Delay = 1.75> <Storage> <Opcode : 'load' 'store'> <Ports = 2> <Width = 31> <Depth = 16> <RAM>
ST_1 : Operation 67 [1/1] (0.00ns)   --->   "%win34_V_6_addr_1 = getelementptr i31 %win34_V_6, i64 0, i64 %p_cast22_mid1" [src/ecg_denoiser.cpp:212]   --->   Operation 67 'getelementptr' 'win34_V_6_addr_1' <Predicate = (!icmp_ln212)> <Delay = 0.00>
ST_1 : Operation 68 [2/2] (1.75ns)   --->   "%win34_V_6_load_1 = load i4 %win34_V_6_addr_1" [src/ecg_denoiser.cpp:212]   --->   Operation 68 'load' 'win34_V_6_load_1' <Predicate = (!icmp_ln212)> <Delay = 1.75> <CoreInst = "RAM">   --->   Core 82 'RAM' <Latency = 1> <II = 1> <Delay = 1.75> <Storage> <Opcode : 'load' 'store'> <Ports = 2> <Width = 31> <Depth = 16> <RAM>
ST_1 : Operation 69 [1/1] (0.00ns)   --->   "%win34_V_7_addr_1 = getelementptr i31 %win34_V_7, i64 0, i64 %p_cast22_mid1" [src/ecg_denoiser.cpp:212]   --->   Operation 69 'getelementptr' 'win34_V_7_addr_1' <Predicate = (!icmp_ln212)> <Delay = 0.00>
ST_1 : Operation 70 [2/2] (1.75ns)   --->   "%win34_V_7_load_1 = load i4 %win34_V_7_addr_1" [src/ecg_denoiser.cpp:212]   --->   Operation 70 'load' 'win34_V_7_load_1' <Predicate = (!icmp_ln212)> <Delay = 1.75> <CoreInst = "RAM">   --->   Core 82 'RAM' <Latency = 1> <II = 1> <Delay = 1.75> <Storage> <Opcode : 'load' 'store'> <Ports = 2> <Width = 31> <Depth = 16> <RAM>
ST_1 : Operation 71 [1/1] (0.00ns)   --->   "%win34_V_8_addr_1 = getelementptr i31 %win34_V_8, i64 0, i64 %p_cast22_mid1" [src/ecg_denoiser.cpp:212]   --->   Operation 71 'getelementptr' 'win34_V_8_addr_1' <Predicate = (!icmp_ln212)> <Delay = 0.00>
ST_1 : Operation 72 [2/2] (1.75ns)   --->   "%win34_V_8_load_1 = load i4 %win34_V_8_addr_1" [src/ecg_denoiser.cpp:212]   --->   Operation 72 'load' 'win34_V_8_load_1' <Predicate = (!icmp_ln212)> <Delay = 1.75> <CoreInst = "RAM">   --->   Core 82 'RAM' <Latency = 1> <II = 1> <Delay = 1.75> <Storage> <Opcode : 'load' 'store'> <Ports = 2> <Width = 31> <Depth = 16> <RAM>
ST_1 : Operation 73 [1/1] (0.00ns)   --->   "%win34_V_9_addr_1 = getelementptr i31 %win34_V_9, i64 0, i64 %p_cast22_mid1" [src/ecg_denoiser.cpp:212]   --->   Operation 73 'getelementptr' 'win34_V_9_addr_1' <Predicate = (!icmp_ln212)> <Delay = 0.00>
ST_1 : Operation 74 [2/2] (1.75ns)   --->   "%win34_V_9_load_1 = load i4 %win34_V_9_addr_1" [src/ecg_denoiser.cpp:212]   --->   Operation 74 'load' 'win34_V_9_load_1' <Predicate = (!icmp_ln212)> <Delay = 1.75> <CoreInst = "RAM">   --->   Core 82 'RAM' <Latency = 1> <II = 1> <Delay = 1.75> <Storage> <Opcode : 'load' 'store'> <Ports = 2> <Width = 31> <Depth = 16> <RAM>
ST_1 : Operation 75 [1/1] (0.00ns)   --->   "%win34_V_10_addr_1 = getelementptr i31 %win34_V_10, i64 0, i64 %p_cast22_mid1" [src/ecg_denoiser.cpp:212]   --->   Operation 75 'getelementptr' 'win34_V_10_addr_1' <Predicate = (!icmp_ln212)> <Delay = 0.00>
ST_1 : Operation 76 [2/2] (1.75ns)   --->   "%win34_V_10_load_1 = load i4 %win34_V_10_addr_1" [src/ecg_denoiser.cpp:212]   --->   Operation 76 'load' 'win34_V_10_load_1' <Predicate = (!icmp_ln212)> <Delay = 1.75> <CoreInst = "RAM">   --->   Core 82 'RAM' <Latency = 1> <II = 1> <Delay = 1.75> <Storage> <Opcode : 'load' 'store'> <Ports = 2> <Width = 31> <Depth = 16> <RAM>
ST_1 : Operation 77 [1/1] (0.00ns)   --->   "%win34_V_11_addr_1 = getelementptr i31 %win34_V_11, i64 0, i64 %p_cast22_mid1" [src/ecg_denoiser.cpp:212]   --->   Operation 77 'getelementptr' 'win34_V_11_addr_1' <Predicate = (!icmp_ln212)> <Delay = 0.00>
ST_1 : Operation 78 [2/2] (1.75ns)   --->   "%win34_V_11_load_1 = load i4 %win34_V_11_addr_1" [src/ecg_denoiser.cpp:212]   --->   Operation 78 'load' 'win34_V_11_load_1' <Predicate = (!icmp_ln212)> <Delay = 1.75> <CoreInst = "RAM">   --->   Core 82 'RAM' <Latency = 1> <II = 1> <Delay = 1.75> <Storage> <Opcode : 'load' 'store'> <Ports = 2> <Width = 31> <Depth = 16> <RAM>
ST_1 : Operation 79 [1/1] (0.00ns)   --->   "%zext_ln837_1 = zext i3 %select_ln212"   --->   Operation 79 'zext' 'zext_ln837_1' <Predicate = (!icmp_ln212)> <Delay = 0.00>
ST_1 : Operation 80 [1/1] (2.96ns) (root node of TernaryAdder)   --->   "%add_ln837 = add i8 %sub_ln837, i8 %zext_ln837_1"   --->   Operation 80 'add' 'add_ln837' <Predicate = (!icmp_ln212)> <Delay = 2.96> <CoreInst = "TAddSub">   --->   Core 10 'TAddSub' <Latency = 0> <II = 1> <Delay = 1.48> <IPBlock> <Opcode : 'add' 'sub'> <InPorts = 3> <OutPorts = 1> <Sync> <CReg>
ST_1 : Operation 81 [1/1] (0.76ns)   --->   "%add_ln214 = add i3 %select_ln212, i3 1" [src/ecg_denoiser.cpp:214]   --->   Operation 81 'add' 'add_ln214' <Predicate = (!icmp_ln212)> <Delay = 0.76> <CoreInst = "Adder">   --->   Core 1 'Adder' <Latency = 0> <II = 1> <Delay = 0.76> <FuncUnit> <Opcode : 'add' 'sub'> <InPorts = 2> <OutPorts = 1>
ST_1 : Operation 82 [1/1] (1.29ns)   --->   "%store_ln214 = store i8 %add_ln212_1, i8 %indvar_flatten72" [src/ecg_denoiser.cpp:214]   --->   Operation 82 'store' 'store_ln214' <Predicate = (!icmp_ln212)> <Delay = 1.29>
ST_1 : Operation 83 [1/1] (1.29ns)   --->   "%store_ln214 = store i6 %select_ln212_1, i6 %ic" [src/ecg_denoiser.cpp:214]   --->   Operation 83 'store' 'store_ln214' <Predicate = (!icmp_ln212)> <Delay = 1.29>
ST_1 : Operation 84 [1/1] (1.29ns)   --->   "%store_ln214 = store i3 %add_ln214, i3 %k" [src/ecg_denoiser.cpp:214]   --->   Operation 84 'store' 'store_ln214' <Predicate = (!icmp_ln212)> <Delay = 1.29>

State 2 <SV = 1> <Delay = 5.20>
ST_2 : Operation 85 [1/1] (1.29ns)   --->   "%tmp_5 = mux i32 @_ssdm_op_Mux.ap_auto.2i32.i1, i32 0, i32 0, i1 %empty" [src/ecg_denoiser.cpp:216]   --->   Operation 85 'mux' 'tmp_5' <Predicate = (!icmp_ln214)> <Delay = 1.29> <CoreInst = "Multiplexer">   --->   Core 76 'Multiplexer' <Latency = 0> <II = 1> <Delay = 1.29> <FuncUnit> <Opcode : 'mux'> <InPorts = 2> <OutPorts = 1>
ST_2 : Operation 86 [1/1] (1.29ns)   --->   "%tmp_1 = mux i31 @_ssdm_op_Mux.ap_auto.2i31.i1, i31 0, i31 0, i1 %empty" [src/ecg_denoiser.cpp:216]   --->   Operation 86 'mux' 'tmp_1' <Predicate = (!icmp_ln214)> <Delay = 1.29> <CoreInst = "Multiplexer">   --->   Core 76 'Multiplexer' <Latency = 0> <II = 1> <Delay = 1.29> <FuncUnit> <Opcode : 'mux'> <InPorts = 2> <OutPorts = 1>
ST_2 : Operation 87 [1/2] (1.75ns)   --->   "%win34_V_2_load = load i4 %win34_V_2_addr"   --->   Operation 87 'load' 'win34_V_2_load' <Predicate = true> <Delay = 1.75> <CoreInst = "RAM">   --->   Core 82 'RAM' <Latency = 1> <II = 1> <Delay = 1.75> <Storage> <Opcode : 'load' 'store'> <Ports = 2> <Width = 31> <Depth = 16> <RAM>
ST_2 : Operation 88 [1/2] (1.75ns)   --->   "%win34_V_3_load = load i4 %win34_V_3_addr"   --->   Operation 88 'load' 'win34_V_3_load' <Predicate = true> <Delay = 1.75> <CoreInst = "RAM">   --->   Core 82 'RAM' <Latency = 1> <II = 1> <Delay = 1.75> <Storage> <Opcode : 'load' 'store'> <Ports = 2> <Width = 31> <Depth = 16> <RAM>
ST_2 : Operation 89 [1/1] (1.29ns)   --->   "%tmp_2 = mux i31 @_ssdm_op_Mux.ap_auto.2i31.i1, i31 %win34_V_2_load, i31 %win34_V_3_load, i1 %empty" [src/ecg_denoiser.cpp:216]   --->   Operation 89 'mux' 'tmp_2' <Predicate = (!icmp_ln214)> <Delay = 1.29> <CoreInst = "Multiplexer">   --->   Core 76 'Multiplexer' <Latency = 0> <II = 1> <Delay = 1.29> <FuncUnit> <Opcode : 'mux'> <InPorts = 2> <OutPorts = 1>
ST_2 : Operation 90 [1/2] (1.75ns)   --->   "%win34_V_4_load = load i4 %win34_V_4_addr"   --->   Operation 90 'load' 'win34_V_4_load' <Predicate = true> <Delay = 1.75> <CoreInst = "RAM">   --->   Core 82 'RAM' <Latency = 1> <II = 1> <Delay = 1.75> <Storage> <Opcode : 'load' 'store'> <Ports = 2> <Width = 31> <Depth = 16> <RAM>
ST_2 : Operation 91 [1/2] (1.75ns)   --->   "%win34_V_5_load = load i4 %win34_V_5_addr"   --->   Operation 91 'load' 'win34_V_5_load' <Predicate = true> <Delay = 1.75> <CoreInst = "RAM">   --->   Core 82 'RAM' <Latency = 1> <II = 1> <Delay = 1.75> <Storage> <Opcode : 'load' 'store'> <Ports = 2> <Width = 31> <Depth = 16> <RAM>
ST_2 : Operation 92 [1/1] (1.29ns)   --->   "%tmp_3 = mux i31 @_ssdm_op_Mux.ap_auto.2i31.i1, i31 %win34_V_4_load, i31 %win34_V_5_load, i1 %empty" [src/ecg_denoiser.cpp:216]   --->   Operation 92 'mux' 'tmp_3' <Predicate = (!icmp_ln214)> <Delay = 1.29> <CoreInst = "Multiplexer">   --->   Core 76 'Multiplexer' <Latency = 0> <II = 1> <Delay = 1.29> <FuncUnit> <Opcode : 'mux'> <InPorts = 2> <OutPorts = 1>
ST_2 : Operation 93 [1/2] (1.75ns)   --->   "%win34_V_6_load = load i4 %win34_V_6_addr"   --->   Operation 93 'load' 'win34_V_6_load' <Predicate = true> <Delay = 1.75> <CoreInst = "RAM">   --->   Core 82 'RAM' <Latency = 1> <II = 1> <Delay = 1.75> <Storage> <Opcode : 'load' 'store'> <Ports = 2> <Width = 31> <Depth = 16> <RAM>
ST_2 : Operation 94 [1/2] (1.75ns)   --->   "%win34_V_7_load = load i4 %win34_V_7_addr"   --->   Operation 94 'load' 'win34_V_7_load' <Predicate = true> <Delay = 1.75> <CoreInst = "RAM">   --->   Core 82 'RAM' <Latency = 1> <II = 1> <Delay = 1.75> <Storage> <Opcode : 'load' 'store'> <Ports = 2> <Width = 31> <Depth = 16> <RAM>
ST_2 : Operation 95 [1/1] (1.29ns)   --->   "%tmp_4 = mux i31 @_ssdm_op_Mux.ap_auto.2i31.i1, i31 %win34_V_6_load, i31 %win34_V_7_load, i1 %empty" [src/ecg_denoiser.cpp:216]   --->   Operation 95 'mux' 'tmp_4' <Predicate = (!icmp_ln214)> <Delay = 1.29> <CoreInst = "Multiplexer">   --->   Core 76 'Multiplexer' <Latency = 0> <II = 1> <Delay = 1.29> <FuncUnit> <Opcode : 'mux'> <InPorts = 2> <OutPorts = 1>
ST_2 : Operation 96 [1/2] (1.75ns)   --->   "%win34_V_8_load = load i4 %win34_V_8_addr"   --->   Operation 96 'load' 'win34_V_8_load' <Predicate = true> <Delay = 1.75> <CoreInst = "RAM">   --->   Core 82 'RAM' <Latency = 1> <II = 1> <Delay = 1.75> <Storage> <Opcode : 'load' 'store'> <Ports = 2> <Width = 31> <Depth = 16> <RAM>
ST_2 : Operation 97 [1/2] (1.75ns)   --->   "%win34_V_9_load = load i4 %win34_V_9_addr"   --->   Operation 97 'load' 'win34_V_9_load' <Predicate = true> <Delay = 1.75> <CoreInst = "RAM">   --->   Core 82 'RAM' <Latency = 1> <II = 1> <Delay = 1.75> <Storage> <Opcode : 'load' 'store'> <Ports = 2> <Width = 31> <Depth = 16> <RAM>
ST_2 : Operation 98 [1/1] (1.29ns)   --->   "%tmp_6 = mux i31 @_ssdm_op_Mux.ap_auto.2i31.i1, i31 %win34_V_8_load, i31 %win34_V_9_load, i1 %empty" [src/ecg_denoiser.cpp:216]   --->   Operation 98 'mux' 'tmp_6' <Predicate = (!icmp_ln214)> <Delay = 1.29> <CoreInst = "Multiplexer">   --->   Core 76 'Multiplexer' <Latency = 0> <II = 1> <Delay = 1.29> <FuncUnit> <Opcode : 'mux'> <InPorts = 2> <OutPorts = 1>
ST_2 : Operation 99 [1/2] (1.75ns)   --->   "%win34_V_10_load = load i4 %win34_V_10_addr"   --->   Operation 99 'load' 'win34_V_10_load' <Predicate = true> <Delay = 1.75> <CoreInst = "RAM">   --->   Core 82 'RAM' <Latency = 1> <II = 1> <Delay = 1.75> <Storage> <Opcode : 'load' 'store'> <Ports = 2> <Width = 31> <Depth = 16> <RAM>
ST_2 : Operation 100 [1/2] (1.75ns)   --->   "%win34_V_11_load = load i4 %win34_V_11_addr"   --->   Operation 100 'load' 'win34_V_11_load' <Predicate = true> <Delay = 1.75> <CoreInst = "RAM">   --->   Core 82 'RAM' <Latency = 1> <II = 1> <Delay = 1.75> <Storage> <Opcode : 'load' 'store'> <Ports = 2> <Width = 31> <Depth = 16> <RAM>
ST_2 : Operation 101 [1/1] (1.29ns)   --->   "%tmp_7 = mux i31 @_ssdm_op_Mux.ap_auto.2i31.i1, i31 %win34_V_10_load, i31 %win34_V_11_load, i1 %empty" [src/ecg_denoiser.cpp:216]   --->   Operation 101 'mux' 'tmp_7' <Predicate = (!icmp_ln214)> <Delay = 1.29> <CoreInst = "Multiplexer">   --->   Core 76 'Multiplexer' <Latency = 0> <II = 1> <Delay = 1.29> <FuncUnit> <Opcode : 'mux'> <InPorts = 2> <OutPorts = 1>
ST_2 : Operation 102 [1/1] (0.00ns) (grouped into LUT with out node select_ln212_2)   --->   "%tmp_5_mid1 = mux i32 @_ssdm_op_Mux.ap_auto.2i32.i1, i32 0, i32 0, i1 %empty_54" [src/ecg_denoiser.cpp:216]   --->   Operation 102 'mux' 'tmp_5_mid1' <Predicate = (!icmp_ln212 & icmp_ln214)> <Delay = 0.00> <CoreInst = "Multiplexer">   --->   Core 76 'Multiplexer' <Latency = 0> <II = 1> <Delay = 1.29> <FuncUnit> <Opcode : 'mux'> <InPorts = 2> <OutPorts = 1>
ST_2 : Operation 103 [1/1] (1.29ns) (out node of the LUT)   --->   "%select_ln212_2 = select i1 %icmp_ln214, i32 %tmp_5_mid1, i32 %tmp_5" [src/ecg_denoiser.cpp:212]   --->   Operation 103 'select' 'select_ln212_2' <Predicate = (!icmp_ln212)> <Delay = 1.29> <CoreInst = "Sel">   --->   Core 73 'Sel' <Latency = 0> <II = 1> <Delay = 0.70> <FuncUnit> <Opcode : 'select'> <InPorts = 3> <OutPorts = 1>
ST_2 : Operation 104 [1/1] (0.00ns) (grouped into LUT with out node select_ln212_3)   --->   "%tmp_12_mid1 = mux i31 @_ssdm_op_Mux.ap_auto.2i31.i1, i31 0, i31 0, i1 %empty_54" [src/ecg_denoiser.cpp:216]   --->   Operation 104 'mux' 'tmp_12_mid1' <Predicate = (!icmp_ln212 & icmp_ln214)> <Delay = 0.00> <CoreInst = "Multiplexer">   --->   Core 76 'Multiplexer' <Latency = 0> <II = 1> <Delay = 1.29> <FuncUnit> <Opcode : 'mux'> <InPorts = 2> <OutPorts = 1>
ST_2 : Operation 105 [1/1] (1.29ns) (out node of the LUT)   --->   "%select_ln212_3 = select i1 %icmp_ln214, i31 %tmp_12_mid1, i31 %tmp_1" [src/ecg_denoiser.cpp:212]   --->   Operation 105 'select' 'select_ln212_3' <Predicate = (!icmp_ln212)> <Delay = 1.29> <CoreInst = "Sel">   --->   Core 73 'Sel' <Latency = 0> <II = 1> <Delay = 0.71> <FuncUnit> <Opcode : 'select'> <InPorts = 3> <OutPorts = 1>
ST_2 : Operation 106 [1/1] (0.00ns)   --->   "%zext_ln212 = zext i31 %select_ln212_3" [src/ecg_denoiser.cpp:212]   --->   Operation 106 'zext' 'zext_ln212' <Predicate = (!icmp_ln212)> <Delay = 0.00>
ST_2 : Operation 107 [1/2] (1.75ns)   --->   "%win34_V_2_load_1 = load i4 %win34_V_2_addr_1" [src/ecg_denoiser.cpp:212]   --->   Operation 107 'load' 'win34_V_2_load_1' <Predicate = (!icmp_ln212)> <Delay = 1.75> <CoreInst = "RAM">   --->   Core 82 'RAM' <Latency = 1> <II = 1> <Delay = 1.75> <Storage> <Opcode : 'load' 'store'> <Ports = 2> <Width = 31> <Depth = 16> <RAM>
ST_2 : Operation 108 [1/2] (1.75ns)   --->   "%win34_V_3_load_1 = load i4 %win34_V_3_addr_1" [src/ecg_denoiser.cpp:212]   --->   Operation 108 'load' 'win34_V_3_load_1' <Predicate = (!icmp_ln212)> <Delay = 1.75> <CoreInst = "RAM">   --->   Core 82 'RAM' <Latency = 1> <II = 1> <Delay = 1.75> <Storage> <Opcode : 'load' 'store'> <Ports = 2> <Width = 31> <Depth = 16> <RAM>
ST_2 : Operation 109 [1/1] (1.29ns)   --->   "%tmp_13_mid1 = mux i31 @_ssdm_op_Mux.ap_auto.2i31.i1, i31 %win34_V_2_load_1, i31 %win34_V_3_load_1, i1 %empty_54" [src/ecg_denoiser.cpp:216]   --->   Operation 109 'mux' 'tmp_13_mid1' <Predicate = (!icmp_ln212 & icmp_ln214)> <Delay = 1.29> <CoreInst = "Multiplexer">   --->   Core 76 'Multiplexer' <Latency = 0> <II = 1> <Delay = 1.29> <FuncUnit> <Opcode : 'mux'> <InPorts = 2> <OutPorts = 1>
ST_2 : Operation 110 [1/1] (0.71ns)   --->   "%select_ln212_4 = select i1 %icmp_ln214, i31 %tmp_13_mid1, i31 %tmp_2" [src/ecg_denoiser.cpp:212]   --->   Operation 110 'select' 'select_ln212_4' <Predicate = (!icmp_ln212)> <Delay = 0.71> <CoreInst = "Sel">   --->   Core 73 'Sel' <Latency = 0> <II = 1> <Delay = 0.71> <FuncUnit> <Opcode : 'select'> <InPorts = 3> <OutPorts = 1>
ST_2 : Operation 111 [1/1] (0.00ns)   --->   "%zext_ln212_1 = zext i31 %select_ln212_4" [src/ecg_denoiser.cpp:212]   --->   Operation 111 'zext' 'zext_ln212_1' <Predicate = (!icmp_ln212)> <Delay = 0.00>
ST_2 : Operation 112 [1/2] (1.75ns)   --->   "%win34_V_4_load_1 = load i4 %win34_V_4_addr_1" [src/ecg_denoiser.cpp:212]   --->   Operation 112 'load' 'win34_V_4_load_1' <Predicate = (!icmp_ln212)> <Delay = 1.75> <CoreInst = "RAM">   --->   Core 82 'RAM' <Latency = 1> <II = 1> <Delay = 1.75> <Storage> <Opcode : 'load' 'store'> <Ports = 2> <Width = 31> <Depth = 16> <RAM>
ST_2 : Operation 113 [1/2] (1.75ns)   --->   "%win34_V_5_load_1 = load i4 %win34_V_5_addr_1" [src/ecg_denoiser.cpp:212]   --->   Operation 113 'load' 'win34_V_5_load_1' <Predicate = (!icmp_ln212)> <Delay = 1.75> <CoreInst = "RAM">   --->   Core 82 'RAM' <Latency = 1> <II = 1> <Delay = 1.75> <Storage> <Opcode : 'load' 'store'> <Ports = 2> <Width = 31> <Depth = 16> <RAM>
ST_2 : Operation 114 [1/1] (1.29ns)   --->   "%tmp_14_mid1 = mux i31 @_ssdm_op_Mux.ap_auto.2i31.i1, i31 %win34_V_4_load_1, i31 %win34_V_5_load_1, i1 %empty_54" [src/ecg_denoiser.cpp:216]   --->   Operation 114 'mux' 'tmp_14_mid1' <Predicate = (!icmp_ln212 & icmp_ln214)> <Delay = 1.29> <CoreInst = "Multiplexer">   --->   Core 76 'Multiplexer' <Latency = 0> <II = 1> <Delay = 1.29> <FuncUnit> <Opcode : 'mux'> <InPorts = 2> <OutPorts = 1>
ST_2 : Operation 115 [1/1] (0.71ns)   --->   "%select_ln212_5 = select i1 %icmp_ln214, i31 %tmp_14_mid1, i31 %tmp_3" [src/ecg_denoiser.cpp:212]   --->   Operation 115 'select' 'select_ln212_5' <Predicate = (!icmp_ln212)> <Delay = 0.71> <CoreInst = "Sel">   --->   Core 73 'Sel' <Latency = 0> <II = 1> <Delay = 0.71> <FuncUnit> <Opcode : 'select'> <InPorts = 3> <OutPorts = 1>
ST_2 : Operation 116 [1/1] (0.00ns)   --->   "%zext_ln212_2 = zext i31 %select_ln212_5" [src/ecg_denoiser.cpp:212]   --->   Operation 116 'zext' 'zext_ln212_2' <Predicate = (!icmp_ln212)> <Delay = 0.00>
ST_2 : Operation 117 [1/2] (1.75ns)   --->   "%win34_V_6_load_1 = load i4 %win34_V_6_addr_1" [src/ecg_denoiser.cpp:212]   --->   Operation 117 'load' 'win34_V_6_load_1' <Predicate = (!icmp_ln212)> <Delay = 1.75> <CoreInst = "RAM">   --->   Core 82 'RAM' <Latency = 1> <II = 1> <Delay = 1.75> <Storage> <Opcode : 'load' 'store'> <Ports = 2> <Width = 31> <Depth = 16> <RAM>
ST_2 : Operation 118 [1/2] (1.75ns)   --->   "%win34_V_7_load_1 = load i4 %win34_V_7_addr_1" [src/ecg_denoiser.cpp:212]   --->   Operation 118 'load' 'win34_V_7_load_1' <Predicate = (!icmp_ln212)> <Delay = 1.75> <CoreInst = "RAM">   --->   Core 82 'RAM' <Latency = 1> <II = 1> <Delay = 1.75> <Storage> <Opcode : 'load' 'store'> <Ports = 2> <Width = 31> <Depth = 16> <RAM>
ST_2 : Operation 119 [1/1] (1.29ns)   --->   "%tmp_15_mid1 = mux i31 @_ssdm_op_Mux.ap_auto.2i31.i1, i31 %win34_V_6_load_1, i31 %win34_V_7_load_1, i1 %empty_54" [src/ecg_denoiser.cpp:216]   --->   Operation 119 'mux' 'tmp_15_mid1' <Predicate = (!icmp_ln212 & icmp_ln214)> <Delay = 1.29> <CoreInst = "Multiplexer">   --->   Core 76 'Multiplexer' <Latency = 0> <II = 1> <Delay = 1.29> <FuncUnit> <Opcode : 'mux'> <InPorts = 2> <OutPorts = 1>
ST_2 : Operation 120 [1/1] (0.71ns)   --->   "%select_ln212_6 = select i1 %icmp_ln214, i31 %tmp_15_mid1, i31 %tmp_4" [src/ecg_denoiser.cpp:212]   --->   Operation 120 'select' 'select_ln212_6' <Predicate = (!icmp_ln212)> <Delay = 0.71> <CoreInst = "Sel">   --->   Core 73 'Sel' <Latency = 0> <II = 1> <Delay = 0.71> <FuncUnit> <Opcode : 'select'> <InPorts = 3> <OutPorts = 1>
ST_2 : Operation 121 [1/1] (0.00ns)   --->   "%zext_ln212_3 = zext i31 %select_ln212_6" [src/ecg_denoiser.cpp:212]   --->   Operation 121 'zext' 'zext_ln212_3' <Predicate = (!icmp_ln212)> <Delay = 0.00>
ST_2 : Operation 122 [1/2] (1.75ns)   --->   "%win34_V_8_load_1 = load i4 %win34_V_8_addr_1" [src/ecg_denoiser.cpp:212]   --->   Operation 122 'load' 'win34_V_8_load_1' <Predicate = (!icmp_ln212)> <Delay = 1.75> <CoreInst = "RAM">   --->   Core 82 'RAM' <Latency = 1> <II = 1> <Delay = 1.75> <Storage> <Opcode : 'load' 'store'> <Ports = 2> <Width = 31> <Depth = 16> <RAM>
ST_2 : Operation 123 [1/2] (1.75ns)   --->   "%win34_V_9_load_1 = load i4 %win34_V_9_addr_1" [src/ecg_denoiser.cpp:212]   --->   Operation 123 'load' 'win34_V_9_load_1' <Predicate = (!icmp_ln212)> <Delay = 1.75> <CoreInst = "RAM">   --->   Core 82 'RAM' <Latency = 1> <II = 1> <Delay = 1.75> <Storage> <Opcode : 'load' 'store'> <Ports = 2> <Width = 31> <Depth = 16> <RAM>
ST_2 : Operation 124 [1/1] (1.29ns)   --->   "%tmp_16_mid1 = mux i31 @_ssdm_op_Mux.ap_auto.2i31.i1, i31 %win34_V_8_load_1, i31 %win34_V_9_load_1, i1 %empty_54" [src/ecg_denoiser.cpp:216]   --->   Operation 124 'mux' 'tmp_16_mid1' <Predicate = (!icmp_ln212 & icmp_ln214)> <Delay = 1.29> <CoreInst = "Multiplexer">   --->   Core 76 'Multiplexer' <Latency = 0> <II = 1> <Delay = 1.29> <FuncUnit> <Opcode : 'mux'> <InPorts = 2> <OutPorts = 1>
ST_2 : Operation 125 [1/1] (0.71ns)   --->   "%select_ln212_7 = select i1 %icmp_ln214, i31 %tmp_16_mid1, i31 %tmp_6" [src/ecg_denoiser.cpp:212]   --->   Operation 125 'select' 'select_ln212_7' <Predicate = (!icmp_ln212)> <Delay = 0.71> <CoreInst = "Sel">   --->   Core 73 'Sel' <Latency = 0> <II = 1> <Delay = 0.71> <FuncUnit> <Opcode : 'select'> <InPorts = 3> <OutPorts = 1>
ST_2 : Operation 126 [1/1] (0.00ns)   --->   "%zext_ln212_4 = zext i31 %select_ln212_7" [src/ecg_denoiser.cpp:212]   --->   Operation 126 'zext' 'zext_ln212_4' <Predicate = (!icmp_ln212)> <Delay = 0.00>
ST_2 : Operation 127 [1/2] (1.75ns)   --->   "%win34_V_10_load_1 = load i4 %win34_V_10_addr_1" [src/ecg_denoiser.cpp:212]   --->   Operation 127 'load' 'win34_V_10_load_1' <Predicate = (!icmp_ln212)> <Delay = 1.75> <CoreInst = "RAM">   --->   Core 82 'RAM' <Latency = 1> <II = 1> <Delay = 1.75> <Storage> <Opcode : 'load' 'store'> <Ports = 2> <Width = 31> <Depth = 16> <RAM>
ST_2 : Operation 128 [1/2] (1.75ns)   --->   "%win34_V_11_load_1 = load i4 %win34_V_11_addr_1" [src/ecg_denoiser.cpp:212]   --->   Operation 128 'load' 'win34_V_11_load_1' <Predicate = (!icmp_ln212)> <Delay = 1.75> <CoreInst = "RAM">   --->   Core 82 'RAM' <Latency = 1> <II = 1> <Delay = 1.75> <Storage> <Opcode : 'load' 'store'> <Ports = 2> <Width = 31> <Depth = 16> <RAM>
ST_2 : Operation 129 [1/1] (1.29ns)   --->   "%tmp_17_mid1 = mux i31 @_ssdm_op_Mux.ap_auto.2i31.i1, i31 %win34_V_10_load_1, i31 %win34_V_11_load_1, i1 %empty_54" [src/ecg_denoiser.cpp:216]   --->   Operation 129 'mux' 'tmp_17_mid1' <Predicate = (!icmp_ln212 & icmp_ln214)> <Delay = 1.29> <CoreInst = "Multiplexer">   --->   Core 76 'Multiplexer' <Latency = 0> <II = 1> <Delay = 1.29> <FuncUnit> <Opcode : 'mux'> <InPorts = 2> <OutPorts = 1>
ST_2 : Operation 130 [1/1] (0.71ns)   --->   "%select_ln212_8 = select i1 %icmp_ln214, i31 %tmp_17_mid1, i31 %tmp_7" [src/ecg_denoiser.cpp:212]   --->   Operation 130 'select' 'select_ln212_8' <Predicate = (!icmp_ln212)> <Delay = 0.71> <CoreInst = "Sel">   --->   Core 73 'Sel' <Latency = 0> <II = 1> <Delay = 0.71> <FuncUnit> <Opcode : 'select'> <InPorts = 3> <OutPorts = 1>
ST_2 : Operation 131 [1/1] (0.00ns)   --->   "%zext_ln212_5 = zext i31 %select_ln212_8" [src/ecg_denoiser.cpp:212]   --->   Operation 131 'zext' 'zext_ln212_5' <Predicate = (!icmp_ln212)> <Delay = 0.00>
ST_2 : Operation 132 [1/1] (0.00ns)   --->   "%zext_ln837_2 = zext i8 %add_ln837"   --->   Operation 132 'zext' 'zext_ln837_2' <Predicate = (!icmp_ln212)> <Delay = 0.00>
ST_2 : Operation 133 [1/1] (0.00ns)   --->   "%denoiser_w_L4_W_V_addr = getelementptr i15 %denoiser_w_L4_W_V, i64 0, i64 %zext_ln837_2"   --->   Operation 133 'getelementptr' 'denoiser_w_L4_W_V_addr' <Predicate = (!icmp_ln212)> <Delay = 0.00>
ST_2 : Operation 134 [1/1] (1.43ns)   --->   "%x_V = mux i32 @_ssdm_op_Mux.ap_auto.7i32.i3, i32 %select_ln212_2, i32 %zext_ln212, i32 %zext_ln212_1, i32 %zext_ln212_2, i32 %zext_ln212_3, i32 %zext_ln212_4, i32 %zext_ln212_5, i3 %select_ln212" [src/ecg_denoiser.cpp:216]   --->   Operation 134 'mux' 'x_V' <Predicate = (!icmp_ln212)> <Delay = 1.43> <CoreInst = "Multiplexer">   --->   Core 76 'Multiplexer' <Latency = 0> <II = 1> <Delay = 1.43> <FuncUnit> <Opcode : 'mux'> <InPorts = 2> <OutPorts = 1>
ST_2 : Operation 135 [2/2] (1.75ns)   --->   "%denoiser_w_L4_W_V_load = load i8 %denoiser_w_L4_W_V_addr"   --->   Operation 135 'load' 'denoiser_w_L4_W_V_load' <Predicate = (!icmp_ln212)> <Delay = 1.75> <CoreInst = "ROM_nP_LUTRAM">   --->   Core 102 'ROM_nP_LUTRAM' <Latency = 1> <II = 1> <Delay = 1.75> <Storage> <Opcode : 'load'> <Ports = 0> <Width = 15> <Depth = 224> <ROM>

State 3 <SV = 2> <Delay = 9.11>
ST_3 : Operation 136 [1/1] (0.00ns)   --->   "%r_V = bitconcatenate i40 @_ssdm_op_BitConcatenate.i40.i32.i8, i32 %x_V, i8 0"   --->   Operation 136 'bitconcatenate' 'r_V' <Predicate = true> <Delay = 0.00>
ST_3 : Operation 137 [1/2] (1.75ns)   --->   "%denoiser_w_L4_W_V_load = load i8 %denoiser_w_L4_W_V_addr"   --->   Operation 137 'load' 'denoiser_w_L4_W_V_load' <Predicate = true> <Delay = 1.75> <CoreInst = "ROM_nP_LUTRAM">   --->   Core 102 'ROM_nP_LUTRAM' <Latency = 1> <II = 1> <Delay = 1.75> <Storage> <Opcode : 'load'> <Ports = 0> <Width = 15> <Depth = 224> <ROM>
ST_3 : Operation 138 [1/1] (0.00ns)   --->   "%shl_ln838_6 = bitconcatenate i23 @_ssdm_op_BitConcatenate.i23.i15.i8, i15 %denoiser_w_L4_W_V_load, i8 0"   --->   Operation 138 'bitconcatenate' 'shl_ln838_6' <Predicate = true> <Delay = 0.00>
ST_3 : Operation 139 [1/1] (0.00ns)   --->   "%sext_ln1270 = sext i40 %r_V"   --->   Operation 139 'sext' 'sext_ln1270' <Predicate = true> <Delay = 0.00>
ST_3 : Operation 140 [1/1] (0.00ns)   --->   "%sext_ln1273 = sext i23 %shl_ln838_6"   --->   Operation 140 'sext' 'sext_ln1273' <Predicate = true> <Delay = 0.00>
ST_3 : Operation 141 [1/1] (7.36ns)   --->   "%r_V_5 = mul i62 %sext_ln1273, i62 %sext_ln1270"   --->   Operation 141 'mul' 'r_V_5' <Predicate = true> <Delay = 7.36> <CoreInst = "Multiplier">   --->   Core 3 'Multiplier' <Latency = 0> <II = 1> <Delay = 7.36> <FuncUnit> <Opcode : 'mul'> <InPorts = 2> <OutPorts = 1>
ST_3 : Operation 159 [1/1] (0.00ns)   --->   "%phi_ln818_6_load = load i32 %phi_ln818_6"   --->   Operation 159 'load' 'phi_ln818_6_load' <Predicate = (icmp_ln212)> <Delay = 0.00>
ST_3 : Operation 160 [1/1] (0.00ns)   --->   "%write_ln0 = write void @_ssdm_op_Write.ap_auto.i32P0A, i32 %phi_ln818_6_out, i32 %phi_ln818_6_load"   --->   Operation 160 'write' 'write_ln0' <Predicate = (icmp_ln212)> <Delay = 0.00>
ST_3 : Operation 161 [1/1] (0.00ns)   --->   "%ret_ln0 = ret"   --->   Operation 161 'ret' 'ret_ln0' <Predicate = (icmp_ln212)> <Delay = 0.00>

State 4 <SV = 3> <Delay = 4.11>
ST_4 : Operation 142 [1/1] (0.00ns)   --->   "%lhs_load = load i48 %lhs" [src/ecg_denoiser.cpp:214]   --->   Operation 142 'load' 'lhs_load' <Predicate = true> <Delay = 0.00>
ST_4 : Operation 143 [1/1] (0.00ns)   --->   "%specloopname_ln0 = specloopname void @_ssdm_op_SpecLoopName, void @L4_IC_L4_K_str"   --->   Operation 143 'specloopname' 'specloopname_ln0' <Predicate = true> <Delay = 0.00>
ST_4 : Operation 144 [1/1] (0.00ns)   --->   "%empty_53 = speclooptripcount i32 @_ssdm_op_SpecLoopTripCount, i64 224, i64 224, i64 224"   --->   Operation 144 'speclooptripcount' 'empty_53' <Predicate = true> <Delay = 0.00>
ST_4 : Operation 145 [1/1] (0.00ns)   --->   "%specpipeline_ln215 = specpipeline void @_ssdm_op_SpecPipeline, i32 1, i32 0, i32 0, i32 0, void @empty_1" [src/ecg_denoiser.cpp:215]   --->   Operation 145 'specpipeline' 'specpipeline_ln215' <Predicate = true> <Delay = 0.00>
ST_4 : Operation 146 [1/1] (0.00ns)   --->   "%specloopname_ln210 = specloopname void @_ssdm_op_SpecLoopName, void @empty_4" [src/ecg_denoiser.cpp:210]   --->   Operation 146 'specloopname' 'specloopname_ln210' <Predicate = true> <Delay = 0.00>
ST_4 : Operation 147 [1/1] (0.00ns)   --->   "%lhs_1 = bitconcatenate i72 @_ssdm_op_BitConcatenate.i72.i48.i24, i48 %lhs_load, i24 0"   --->   Operation 147 'bitconcatenate' 'lhs_1' <Predicate = true> <Delay = 0.00>
ST_4 : Operation 148 [1/1] (0.00ns)   --->   "%trunc_ln214 = trunc i48 %lhs_load" [src/ecg_denoiser.cpp:214]   --->   Operation 148 'trunc' 'trunc_ln214' <Predicate = true> <Delay = 0.00>
ST_4 : Operation 149 [1/1] (0.00ns)   --->   "%sext_ln1347_s = bitconcatenate i64 @_ssdm_op_BitConcatenate.i64.i40.i24, i40 %trunc_ln214, i24 0" [src/ecg_denoiser.cpp:214]   --->   Operation 149 'bitconcatenate' 'sext_ln1347_s' <Predicate = true> <Delay = 0.00>
ST_4 : Operation 150 [1/1] (0.00ns)   --->   "%sext_ln214 = sext i62 %r_V_5" [src/ecg_denoiser.cpp:214]   --->   Operation 150 'sext' 'sext_ln214' <Predicate = true> <Delay = 0.00>
ST_4 : Operation 151 [1/1] (0.00ns)   --->   "%sext_ln1347 = sext i62 %r_V_5"   --->   Operation 151 'sext' 'sext_ln1347' <Predicate = true> <Delay = 0.00>
ST_4 : Operation 152 [1/1] (2.69ns)   --->   "%add_ln214_1 = add i64 %sext_ln1347_s, i64 %sext_ln214" [src/ecg_denoiser.cpp:214]   --->   Operation 152 'add' 'add_ln214_1' <Predicate = true> <Delay = 2.69> <CoreInst = "Adder">   --->   Core 1 'Adder' <Latency = 0> <II = 1> <Delay = 2.69> <FuncUnit> <Opcode : 'add' 'sub'> <InPorts = 2> <OutPorts = 1>
ST_4 : Operation 153 [1/1] (2.81ns)   --->   "%add_ln1347 = add i72 %lhs_1, i72 %sext_ln1347"   --->   Operation 153 'add' 'add_ln1347' <Predicate = true> <Delay = 2.81> <CoreInst = "Adder">   --->   Core 1 'Adder' <Latency = 0> <II = 1> <Delay = 2.81> <FuncUnit> <Opcode : 'add' 'sub'> <InPorts = 2> <OutPorts = 1>
ST_4 : Operation 154 [1/1] (0.00ns)   --->   "%acc_V = partselect i48 @_ssdm_op_PartSelect.i48.i72.i32.i32, i72 %add_ln1347, i32 24, i32 71"   --->   Operation 154 'partselect' 'acc_V' <Predicate = true> <Delay = 0.00>
ST_4 : Operation 155 [1/1] (0.00ns)   --->   "%phitmp6 = partselect i32 @_ssdm_op_PartSelect.i32.i64.i32.i32, i64 %add_ln214_1, i32 32, i32 63" [src/ecg_denoiser.cpp:214]   --->   Operation 155 'partselect' 'phitmp6' <Predicate = true> <Delay = 0.00>
ST_4 : Operation 156 [1/1] (1.29ns)   --->   "%store_ln214 = store i48 %acc_V, i48 %lhs" [src/ecg_denoiser.cpp:214]   --->   Operation 156 'store' 'store_ln214' <Predicate = true> <Delay = 1.29>
ST_4 : Operation 157 [1/1] (1.29ns)   --->   "%store_ln214 = store i32 %phitmp6, i32 %phi_ln818_6" [src/ecg_denoiser.cpp:214]   --->   Operation 157 'store' 'store_ln214' <Predicate = true> <Delay = 1.29>
ST_4 : Operation 158 [1/1] (0.00ns)   --->   "%br_ln214 = br void %for.body556" [src/ecg_denoiser.cpp:214]   --->   Operation 158 'br' 'br_ln214' <Predicate = true> <Delay = 0.00>


============================================================
+ Verbose Summary: Binding
============================================================
STG Binding: 
---------------- STG Properties BEGIN ----------------
- Is combinational: 0
- Is one-state seq: 0
- Is datapath-only: 0
- Is pipelined: 0
- Is top level: 0
Port [ Return ] is wired: 1; IO mode=ap_ctrl_hs:ce=0
Port [ win34_V_2]:  wired=1; compound=1; hidden=0; nouse=0; global=0; static=0; extern=0; dir=0; type=1; pingpong=0; private_global=0; MemPort=[11]; IO mode=ap_memory:ce=0
Port [ win34_V_3]:  wired=1; compound=1; hidden=0; nouse=0; global=0; static=0; extern=0; dir=0; type=1; pingpong=0; private_global=0; MemPort=[11]; IO mode=ap_memory:ce=0
Port [ win34_V_4]:  wired=1; compound=1; hidden=0; nouse=0; global=0; static=0; extern=0; dir=0; type=1; pingpong=0; private_global=0; MemPort=[11]; IO mode=ap_memory:ce=0
Port [ win34_V_5]:  wired=1; compound=1; hidden=0; nouse=0; global=0; static=0; extern=0; dir=0; type=1; pingpong=0; private_global=0; MemPort=[11]; IO mode=ap_memory:ce=0
Port [ win34_V_6]:  wired=1; compound=1; hidden=0; nouse=0; global=0; static=0; extern=0; dir=0; type=1; pingpong=0; private_global=0; MemPort=[11]; IO mode=ap_memory:ce=0
Port [ win34_V_7]:  wired=1; compound=1; hidden=0; nouse=0; global=0; static=0; extern=0; dir=0; type=1; pingpong=0; private_global=0; MemPort=[11]; IO mode=ap_memory:ce=0
Port [ win34_V_8]:  wired=1; compound=1; hidden=0; nouse=0; global=0; static=0; extern=0; dir=0; type=1; pingpong=0; private_global=0; MemPort=[11]; IO mode=ap_memory:ce=0
Port [ win34_V_9]:  wired=1; compound=1; hidden=0; nouse=0; global=0; static=0; extern=0; dir=0; type=1; pingpong=0; private_global=0; MemPort=[11]; IO mode=ap_memory:ce=0
Port [ win34_V_10]:  wired=1; compound=1; hidden=0; nouse=0; global=0; static=0; extern=0; dir=0; type=1; pingpong=0; private_global=0; MemPort=[11]; IO mode=ap_memory:ce=0
Port [ win34_V_11]:  wired=1; compound=1; hidden=0; nouse=0; global=0; static=0; extern=0; dir=0; type=1; pingpong=0; private_global=0; MemPort=[11]; IO mode=ap_memory:ce=0
Port [ phi_ln818_6_out]:  wired=1; compound=0; hidden=0; nouse=0; global=0; static=0; extern=0; dir=1; type=0; pingpong=0; private_global=0; IO mode=ap_vld:ce=0
Port [ denoiser_w_L4_W_V]:  wired=0; compound=1; hidden=1; nouse=0; global=1; static=1; extern=0; dir=0; type=1; pingpong=0; private_global=1; MemPort=[1]; IO mode=ap_memory:ce=0
---------------- STG Properties END ------------------

---------------- Datapath Model BEGIN ----------------

<LifeTime>
<method=bitvector/>
phi_ln818_6            (alloca           ) [ 01111]
lhs                    (alloca           ) [ 01111]
k                      (alloca           ) [ 01000]
ic                     (alloca           ) [ 01000]
indvar_flatten72       (alloca           ) [ 01000]
specmemcore_ln0        (specmemcore      ) [ 00000]
store_ln0              (store            ) [ 00000]
store_ln0              (store            ) [ 00000]
store_ln0              (store            ) [ 00000]
store_ln0              (store            ) [ 00000]
store_ln0              (store            ) [ 00000]
br_ln0                 (br               ) [ 00000]
ic_1                   (load             ) [ 00000]
indvar_flatten72_load  (load             ) [ 00000]
tmp_s                  (partselect       ) [ 00000]
p_cast22               (zext             ) [ 00000]
empty                  (trunc            ) [ 01100]
win34_V_2_addr         (getelementptr    ) [ 01100]
win34_V_3_addr         (getelementptr    ) [ 01100]
win34_V_4_addr         (getelementptr    ) [ 01100]
win34_V_5_addr         (getelementptr    ) [ 01100]
win34_V_6_addr         (getelementptr    ) [ 01100]
win34_V_7_addr         (getelementptr    ) [ 01100]
win34_V_8_addr         (getelementptr    ) [ 01100]
win34_V_9_addr         (getelementptr    ) [ 01100]
win34_V_10_addr        (getelementptr    ) [ 01100]
win34_V_11_addr        (getelementptr    ) [ 01100]
icmp_ln212             (icmp             ) [ 01110]
add_ln212_1            (add              ) [ 00000]
br_ln212               (br               ) [ 00000]
k_load                 (load             ) [ 00000]
add_ln212              (add              ) [ 00000]
icmp_ln214             (icmp             ) [ 01100]
select_ln212           (select           ) [ 01100]
select_ln212_1         (select           ) [ 00000]
trunc_ln212            (trunc            ) [ 00000]
zext_ln837             (zext             ) [ 00000]
tmp_8                  (bitconcatenate   ) [ 00000]
sub_ln837              (sub              ) [ 00000]
p_mid1                 (partselect       ) [ 00000]
p_cast22_mid1          (zext             ) [ 00000]
empty_54               (trunc            ) [ 01100]
win34_V_2_addr_1       (getelementptr    ) [ 01100]
win34_V_3_addr_1       (getelementptr    ) [ 01100]
win34_V_4_addr_1       (getelementptr    ) [ 01100]
win34_V_5_addr_1       (getelementptr    ) [ 01100]
win34_V_6_addr_1       (getelementptr    ) [ 01100]
win34_V_7_addr_1       (getelementptr    ) [ 01100]
win34_V_8_addr_1       (getelementptr    ) [ 01100]
win34_V_9_addr_1       (getelementptr    ) [ 01100]
win34_V_10_addr_1      (getelementptr    ) [ 01100]
win34_V_11_addr_1      (getelementptr    ) [ 01100]
zext_ln837_1           (zext             ) [ 00000]
add_ln837              (add              ) [ 01100]
add_ln214              (add              ) [ 00000]
store_ln214            (store            ) [ 00000]
store_ln214            (store            ) [ 00000]
store_ln214            (store            ) [ 00000]
tmp_5                  (mux              ) [ 00000]
tmp_1                  (mux              ) [ 00000]
win34_V_2_load         (load             ) [ 00000]
win34_V_3_load         (load             ) [ 00000]
tmp_2                  (mux              ) [ 00000]
win34_V_4_load         (load             ) [ 00000]
win34_V_5_load         (load             ) [ 00000]
tmp_3                  (mux              ) [ 00000]
win34_V_6_load         (load             ) [ 00000]
win34_V_7_load         (load             ) [ 00000]
tmp_4                  (mux              ) [ 00000]
win34_V_8_load         (load             ) [ 00000]
win34_V_9_load         (load             ) [ 00000]
tmp_6                  (mux              ) [ 00000]
win34_V_10_load        (load             ) [ 00000]
win34_V_11_load        (load             ) [ 00000]
tmp_7                  (mux              ) [ 00000]
tmp_5_mid1             (mux              ) [ 00000]
select_ln212_2         (select           ) [ 00000]
tmp_12_mid1            (mux              ) [ 00000]
select_ln212_3         (select           ) [ 00000]
zext_ln212             (zext             ) [ 00000]
win34_V_2_load_1       (load             ) [ 00000]
win34_V_3_load_1       (load             ) [ 00000]
tmp_13_mid1            (mux              ) [ 00000]
select_ln212_4         (select           ) [ 00000]
zext_ln212_1           (zext             ) [ 00000]
win34_V_4_load_1       (load             ) [ 00000]
win34_V_5_load_1       (load             ) [ 00000]
tmp_14_mid1            (mux              ) [ 00000]
select_ln212_5         (select           ) [ 00000]
zext_ln212_2           (zext             ) [ 00000]
win34_V_6_load_1       (load             ) [ 00000]
win34_V_7_load_1       (load             ) [ 00000]
tmp_15_mid1            (mux              ) [ 00000]
select_ln212_6         (select           ) [ 00000]
zext_ln212_3           (zext             ) [ 00000]
win34_V_8_load_1       (load             ) [ 00000]
win34_V_9_load_1       (load             ) [ 00000]
tmp_16_mid1            (mux              ) [ 00000]
select_ln212_7         (select           ) [ 00000]
zext_ln212_4           (zext             ) [ 00000]
win34_V_10_load_1      (load             ) [ 00000]
win34_V_11_load_1      (load             ) [ 00000]
tmp_17_mid1            (mux              ) [ 00000]
select_ln212_8         (select           ) [ 00000]
zext_ln212_5           (zext             ) [ 00000]
zext_ln837_2           (zext             ) [ 00000]
denoiser_w_L4_W_V_addr (getelementptr    ) [ 01010]
x_V                    (mux              ) [ 01010]
r_V                    (bitconcatenate   ) [ 00000]
denoiser_w_L4_W_V_load (load             ) [ 00000]
shl_ln838_6            (bitconcatenate   ) [ 00000]
sext_ln1270            (sext             ) [ 00000]
sext_ln1273            (sext             ) [ 00000]
r_V_5                  (mul              ) [ 01001]
lhs_load               (load             ) [ 00000]
specloopname_ln0       (specloopname     ) [ 00000]
empty_53               (speclooptripcount) [ 00000]
specpipeline_ln215     (specpipeline     ) [ 00000]
specloopname_ln210     (specloopname     ) [ 00000]
lhs_1                  (bitconcatenate   ) [ 00000]
trunc_ln214            (trunc            ) [ 00000]
sext_ln1347_s          (bitconcatenate   ) [ 00000]
sext_ln214             (sext             ) [ 00000]
sext_ln1347            (sext             ) [ 00000]
add_ln214_1            (add              ) [ 00000]
add_ln1347             (add              ) [ 00000]
acc_V                  (partselect       ) [ 00000]
phitmp6                (partselect       ) [ 00000]
store_ln214            (store            ) [ 00000]
store_ln214            (store            ) [ 00000]
br_ln214               (br               ) [ 00000]
phi_ln818_6_load       (load             ) [ 00000]
write_ln0              (write            ) [ 00000]
ret_ln0                (ret              ) [ 00000]
</LifeTime>

<model>

<comp_list>
<comp id="0" class="1000" name="win34_V_2">
<pin_list>
<pin id="1" dir="1" index="0" bw="1" slack="0"/>
</pin_list>
<bind>
<StgValue><ssdm name="win34_V_2"/><MemPortTyVec>1 1 </MemPortTyVec>
</StgValue>
</bind>
</comp>

<comp id="2" class="1000" name="win34_V_3">
<pin_list>
<pin id="3" dir="1" index="0" bw="1" slack="0"/>
</pin_list>
<bind>
<StgValue><ssdm name="win34_V_3"/><MemPortTyVec>1 1 </MemPortTyVec>
</StgValue>
</bind>
</comp>

<comp id="4" class="1000" name="win34_V_4">
<pin_list>
<pin id="5" dir="1" index="0" bw="1" slack="0"/>
</pin_list>
<bind>
<StgValue><ssdm name="win34_V_4"/><MemPortTyVec>1 1 </MemPortTyVec>
</StgValue>
</bind>
</comp>

<comp id="6" class="1000" name="win34_V_5">
<pin_list>
<pin id="7" dir="1" index="0" bw="1" slack="0"/>
</pin_list>
<bind>
<StgValue><ssdm name="win34_V_5"/><MemPortTyVec>1 1 </MemPortTyVec>
</StgValue>
</bind>
</comp>

<comp id="8" class="1000" name="win34_V_6">
<pin_list>
<pin id="9" dir="1" index="0" bw="1" slack="0"/>
</pin_list>
<bind>
<StgValue><ssdm name="win34_V_6"/><MemPortTyVec>1 1 </MemPortTyVec>
</StgValue>
</bind>
</comp>

<comp id="10" class="1000" name="win34_V_7">
<pin_list>
<pin id="11" dir="1" index="0" bw="1" slack="0"/>
</pin_list>
<bind>
<StgValue><ssdm name="win34_V_7"/><MemPortTyVec>1 1 </MemPortTyVec>
</StgValue>
</bind>
</comp>

<comp id="12" class="1000" name="win34_V_8">
<pin_list>
<pin id="13" dir="1" index="0" bw="1" slack="0"/>
</pin_list>
<bind>
<StgValue><ssdm name="win34_V_8"/><MemPortTyVec>1 1 </MemPortTyVec>
</StgValue>
</bind>
</comp>

<comp id="14" class="1000" name="win34_V_9">
<pin_list>
<pin id="15" dir="1" index="0" bw="1" slack="0"/>
</pin_list>
<bind>
<StgValue><ssdm name="win34_V_9"/><MemPortTyVec>1 1 </MemPortTyVec>
</StgValue>
</bind>
</comp>

<comp id="16" class="1000" name="win34_V_10">
<pin_list>
<pin id="17" dir="1" index="0" bw="1" slack="0"/>
</pin_list>
<bind>
<StgValue><ssdm name="win34_V_10"/><MemPortTyVec>1 1 </MemPortTyVec>
</StgValue>
</bind>
</comp>

<comp id="18" class="1000" name="win34_V_11">
<pin_list>
<pin id="19" dir="1" index="0" bw="1" slack="0"/>
</pin_list>
<bind>
<StgValue><ssdm name="win34_V_11"/><MemPortTyVec>1 1 </MemPortTyVec>
</StgValue>
</bind>
</comp>

<comp id="20" class="1000" name="phi_ln818_6_out">
<pin_list>
<pin id="21" dir="1" index="0" bw="1" slack="0"/>
</pin_list>
<bind>
<StgValue><ssdm name="phi_ln818_6_out"/></StgValue>
</bind>
</comp>

<comp id="22" class="1000" name="denoiser_w_L4_W_V">
<pin_list>
<pin id="23" dir="1" index="0" bw="1" slack="0"/>
</pin_list>
<bind>
<StgValue><ssdm name="denoiser_w_L4_W_V"/><MemPortTyVec>1 </MemPortTyVec>
</StgValue>
</bind>
</comp>

<comp id="24" class="1001" name="const_24">
<pin_list>
<pin id="25" dir="1" index="0" bw="1" slack="0"/>
</pin_list>
<bind>
<StgValue><ssdm name=""/></StgValue>
</bind>
</comp>

<comp id="26" class="1001" name="const_26">
<pin_list>
<pin id="27" dir="1" index="0" bw="1" slack="2147483647"/>
</pin_list>
<bind>
<StgValue><ssdm name="_ssdm_op_SpecMemCore"/></StgValue>
</bind>
</comp>

<comp id="28" class="1001" name="const_28">
<pin_list>
<pin id="29" dir="1" index="0" bw="1" slack="2147483647"/>
</pin_list>
<bind>
<StgValue><ssdm name=""/></StgValue>
</bind>
</comp>

<comp id="30" class="1001" name="const_30">
<pin_list>
<pin id="31" dir="1" index="0" bw="1" slack="2147483647"/>
</pin_list>
<bind>
<StgValue><ssdm name=""/></StgValue>
</bind>
</comp>

<comp id="32" class="1001" name="const_32">
<pin_list>
<pin id="33" dir="1" index="0" bw="1" slack="2147483647"/>
</pin_list>
<bind>
<StgValue><ssdm name=""/></StgValue>
</bind>
</comp>

<comp id="34" class="1001" name="const_34">
<pin_list>
<pin id="35" dir="1" index="0" bw="1" slack="0"/>
</pin_list>
<bind>
<StgValue><ssdm name=""/></StgValue>
</bind>
</comp>

<comp id="36" class="1001" name="const_36">
<pin_list>
<pin id="37" dir="1" index="0" bw="1" slack="0"/>
</pin_list>
<bind>
<StgValue><ssdm name=""/></StgValue>
</bind>
</comp>

<comp id="38" class="1001" name="const_38">
<pin_list>
<pin id="39" dir="1" index="0" bw="1" slack="0"/>
</pin_list>
<bind>
<StgValue><ssdm name=""/></StgValue>
</bind>
</comp>

<comp id="40" class="1001" name="const_40">
<pin_list>
<pin id="41" dir="1" index="0" bw="1" slack="0"/>
</pin_list>
<bind>
<StgValue><ssdm name=""/></StgValue>
</bind>
</comp>

<comp id="42" class="1001" name="const_42">
<pin_list>
<pin id="43" dir="1" index="0" bw="1" slack="0"/>
</pin_list>
<bind>
<StgValue><ssdm name=""/></StgValue>
</bind>
</comp>

<comp id="44" class="1001" name="const_44">
<pin_list>
<pin id="45" dir="1" index="0" bw="1" slack="0"/>
</pin_list>
<bind>
<StgValue><ssdm name="_ssdm_op_PartSelect.i4.i6.i32.i32"/></StgValue>
</bind>
</comp>

<comp id="46" class="1001" name="const_46">
<pin_list>
<pin id="47" dir="1" index="0" bw="1" slack="0"/>
</pin_list>
<bind>
<StgValue><ssdm name=""/></StgValue>
</bind>
</comp>

<comp id="48" class="1001" name="const_48">
<pin_list>
<pin id="49" dir="1" index="0" bw="1" slack="0"/>
</pin_list>
<bind>
<StgValue><ssdm name=""/></StgValue>
</bind>
</comp>

<comp id="50" class="1001" name="const_50">
<pin_list>
<pin id="51" dir="1" index="0" bw="1" slack="0"/>
</pin_list>
<bind>
<StgValue><ssdm name=""/></StgValue>
</bind>
</comp>

<comp id="52" class="1001" name="const_52">
<pin_list>
<pin id="53" dir="1" index="0" bw="1" slack="0"/>
</pin_list>
<bind>
<StgValue><ssdm name=""/></StgValue>
</bind>
</comp>

<comp id="54" class="1001" name="const_54">
<pin_list>
<pin id="55" dir="1" index="0" bw="1" slack="0"/>
</pin_list>
<bind>
<StgValue><ssdm name=""/></StgValue>
</bind>
</comp>

<comp id="56" class="1001" name="const_56">
<pin_list>
<pin id="57" dir="1" index="0" bw="1" slack="0"/>
</pin_list>
<bind>
<StgValue><ssdm name=""/></StgValue>
</bind>
</comp>

<comp id="58" class="1001" name="const_58">
<pin_list>
<pin id="59" dir="1" index="0" bw="1" slack="0"/>
</pin_list>
<bind>
<StgValue><ssdm name="_ssdm_op_BitConcatenate.i8.i5.i3"/></StgValue>
</bind>
</comp>

<comp id="60" class="1001" name="const_60">
<pin_list>
<pin id="61" dir="1" index="0" bw="1" slack="0"/>
</pin_list>
<bind>
<StgValue><ssdm name=""/></StgValue>
</bind>
</comp>

<comp id="62" class="1001" name="const_62">
<pin_list>
<pin id="63" dir="1" index="0" bw="1" slack="0"/>
</pin_list>
<bind>
<StgValue><ssdm name="_ssdm_op_Mux.ap_auto.2i32.i1"/></StgValue>
</bind>
</comp>

<comp id="64" class="1001" name="const_64">
<pin_list>
<pin id="65" dir="1" index="0" bw="1" slack="0"/>
</pin_list>
<bind>
<StgValue><ssdm name="_ssdm_op_Mux.ap_auto.2i31.i1"/></StgValue>
</bind>
</comp>

<comp id="66" class="1001" name="const_66">
<pin_list>
<pin id="67" dir="1" index="0" bw="1" slack="0"/>
</pin_list>
<bind>
<StgValue><ssdm name=""/></StgValue>
</bind>
</comp>

<comp id="68" class="1001" name="const_68">
<pin_list>
<pin id="69" dir="1" index="0" bw="1" slack="0"/>
</pin_list>
<bind>
<StgValue><ssdm name="_ssdm_op_Mux.ap_auto.7i32.i3"/></StgValue>
</bind>
</comp>

<comp id="70" class="1001" name="const_70">
<pin_list>
<pin id="71" dir="1" index="0" bw="1" slack="0"/>
</pin_list>
<bind>
<StgValue><ssdm name="_ssdm_op_BitConcatenate.i40.i32.i8"/></StgValue>
</bind>
</comp>

<comp id="72" class="1001" name="const_72">
<pin_list>
<pin id="73" dir="1" index="0" bw="1" slack="0"/>
</pin_list>
<bind>
<StgValue><ssdm name="_ssdm_op_BitConcatenate.i23.i15.i8"/></StgValue>
</bind>
</comp>

<comp id="74" class="1001" name="const_74">
<pin_list>
<pin id="75" dir="1" index="0" bw="1" slack="2147483647"/>
</pin_list>
<bind>
<StgValue><ssdm name="_ssdm_op_SpecLoopName"/></StgValue>
</bind>
</comp>

<comp id="76" class="1001" name="const_76">
<pin_list>
<pin id="77" dir="1" index="0" bw="1" slack="2147483647"/>
</pin_list>
<bind>
<StgValue><ssdm name="L4_IC_L4_K_str"/></StgValue>
</bind>
</comp>

<comp id="78" class="1001" name="const_78">
<pin_list>
<pin id="79" dir="1" index="0" bw="1" slack="2147483647"/>
</pin_list>
<bind>
<StgValue><ssdm name="_ssdm_op_SpecLoopTripCount"/></StgValue>
</bind>
</comp>

<comp id="80" class="1001" name="const_80">
<pin_list>
<pin id="81" dir="1" index="0" bw="1" slack="2147483647"/>
</pin_list>
<bind>
<StgValue><ssdm name=""/></StgValue>
</bind>
</comp>

<comp id="82" class="1001" name="const_82">
<pin_list>
<pin id="83" dir="1" index="0" bw="1" slack="2147483647"/>
</pin_list>
<bind>
<StgValue><ssdm name="_ssdm_op_SpecPipeline"/></StgValue>
</bind>
</comp>

<comp id="84" class="1001" name="const_84">
<pin_list>
<pin id="85" dir="1" index="0" bw="1" slack="2147483647"/>
</pin_list>
<bind>
<StgValue><ssdm name="empty_1"/></StgValue>
</bind>
</comp>

<comp id="86" class="1001" name="const_86">
<pin_list>
<pin id="87" dir="1" index="0" bw="1" slack="2147483647"/>
</pin_list>
<bind>
<StgValue><ssdm name="empty_4"/></StgValue>
</bind>
</comp>

<comp id="88" class="1001" name="const_88">
<pin_list>
<pin id="89" dir="1" index="0" bw="1" slack="0"/>
</pin_list>
<bind>
<StgValue><ssdm name="_ssdm_op_BitConcatenate.i72.i48.i24"/></StgValue>
</bind>
</comp>

<comp id="90" class="1001" name="const_90">
<pin_list>
<pin id="91" dir="1" index="0" bw="1" slack="0"/>
</pin_list>
<bind>
<StgValue><ssdm name=""/></StgValue>
</bind>
</comp>

<comp id="92" class="1001" name="const_92">
<pin_list>
<pin id="93" dir="1" index="0" bw="1" slack="0"/>
</pin_list>
<bind>
<StgValue><ssdm name="_ssdm_op_BitConcatenate.i64.i40.i24"/></StgValue>
</bind>
</comp>

<comp id="94" class="1001" name="const_94">
<pin_list>
<pin id="95" dir="1" index="0" bw="1" slack="0"/>
</pin_list>
<bind>
<StgValue><ssdm name="_ssdm_op_PartSelect.i48.i72.i32.i32"/></StgValue>
</bind>
</comp>

<comp id="96" class="1001" name="const_96">
<pin_list>
<pin id="97" dir="1" index="0" bw="1" slack="0"/>
</pin_list>
<bind>
<StgValue><ssdm name=""/></StgValue>
</bind>
</comp>

<comp id="98" class="1001" name="const_98">
<pin_list>
<pin id="99" dir="1" index="0" bw="1" slack="0"/>
</pin_list>
<bind>
<StgValue><ssdm name=""/></StgValue>
</bind>
</comp>

<comp id="100" class="1001" name="const_100">
<pin_list>
<pin id="101" dir="1" index="0" bw="1" slack="0"/>
</pin_list>
<bind>
<StgValue><ssdm name="_ssdm_op_PartSelect.i32.i64.i32.i32"/></StgValue>
</bind>
</comp>

<comp id="102" class="1001" name="const_102">
<pin_list>
<pin id="103" dir="1" index="0" bw="1" slack="0"/>
</pin_list>
<bind>
<StgValue><ssdm name=""/></StgValue>
</bind>
</comp>

<comp id="104" class="1001" name="const_104">
<pin_list>
<pin id="105" dir="1" index="0" bw="1" slack="0"/>
</pin_list>
<bind>
<StgValue><ssdm name=""/></StgValue>
</bind>
</comp>

<comp id="106" class="1001" name="const_106">
<pin_list>
<pin id="107" dir="1" index="0" bw="1" slack="0"/>
</pin_list>
<bind>
<StgValue><ssdm name="_ssdm_op_Write.ap_auto.i32P0A"/></StgValue>
</bind>
</comp>

<comp id="108" class="1004" name="phi_ln818_6_fu_108">
<pin_list>
<pin id="109" dir="0" index="0" bw="1" slack="0"/>
<pin id="110" dir="1" index="1" bw="32" slack="0"/>
</pin_list>
<bind>
<opcode="alloca(26) " fcode="alloca"/>
<opset="phi_ln818_6/1 "/>
</bind>
</comp>

<comp id="112" class="1004" name="lhs_fu_112">
<pin_list>
<pin id="113" dir="0" index="0" bw="1" slack="0"/>
<pin id="114" dir="1" index="1" bw="48" slack="0"/>
</pin_list>
<bind>
<opcode="alloca(26) " fcode="alloca"/>
<opset="lhs/1 "/>
</bind>
</comp>

<comp id="116" class="1004" name="k_fu_116">
<pin_list>
<pin id="117" dir="0" index="0" bw="1" slack="0"/>
<pin id="118" dir="1" index="1" bw="3" slack="0"/>
</pin_list>
<bind>
<opcode="alloca(26) " fcode="alloca"/>
<opset="k/1 "/>
</bind>
</comp>

<comp id="120" class="1004" name="ic_fu_120">
<pin_list>
<pin id="121" dir="0" index="0" bw="1" slack="0"/>
<pin id="122" dir="1" index="1" bw="6" slack="0"/>
</pin_list>
<bind>
<opcode="alloca(26) " fcode="alloca"/>
<opset="ic/1 "/>
</bind>
</comp>

<comp id="124" class="1004" name="indvar_flatten72_fu_124">
<pin_list>
<pin id="125" dir="0" index="0" bw="1" slack="0"/>
<pin id="126" dir="1" index="1" bw="8" slack="0"/>
</pin_list>
<bind>
<opcode="alloca(26) " fcode="alloca"/>
<opset="indvar_flatten72/1 "/>
</bind>
</comp>

<comp id="128" class="1004" name="write_ln0_write_fu_128">
<pin_list>
<pin id="129" dir="0" index="0" bw="0" slack="0"/>
<pin id="130" dir="0" index="1" bw="32" slack="0"/>
<pin id="131" dir="0" index="2" bw="32" slack="0"/>
<pin id="132" dir="1" index="3" bw="0" slack="2147483647"/>
</pin_list>
<bind>
<opcode="write(1151) " fcode="write"/>
<opset="write_ln0/3 "/>
</bind>
</comp>

<comp id="135" class="1004" name="win34_V_2_addr_gep_fu_135">
<pin_list>
<pin id="136" dir="0" index="0" bw="31" slack="0"/>
<pin id="137" dir="0" index="1" bw="1" slack="0"/>
<pin id="138" dir="0" index="2" bw="4" slack="0"/>
<pin id="139" dir="1" index="3" bw="4" slack="0"/>
</pin_list>
<bind>
<opcode="getelementptr(29) " fcode="getelementptr"/>
<opset="win34_V_2_addr/1 "/>
</bind>
</comp>

<comp id="142" class="1004" name="grp_access_fu_142">
<pin_list>
<pin id="143" dir="0" index="0" bw="4" slack="0"/>
<pin id="144" dir="0" index="1" bw="31" slack="2147483647"/>
<pin id="145" dir="0" index="2" bw="0" slack="0"/>
<pin id="147" dir="0" index="4" bw="4" slack="2147483647"/>
<pin id="148" dir="0" index="5" bw="31" slack="2147483647"/>
<pin id="149" dir="0" index="6" bw="0" slack="2147483647"/>
<pin id="146" dir="1" index="3" bw="31" slack="0"/>
<pin id="150" dir="1" index="7" bw="31" slack="0"/>
</pin_list>
<bind>
<opcode="load(27) " fcode="load"/>
<opset="win34_V_2_load/1 win34_V_2_load_1/1 "/>
</bind>
</comp>

<comp id="152" class="1004" name="win34_V_3_addr_gep_fu_152">
<pin_list>
<pin id="153" dir="0" index="0" bw="31" slack="0"/>
<pin id="154" dir="0" index="1" bw="1" slack="0"/>
<pin id="155" dir="0" index="2" bw="4" slack="0"/>
<pin id="156" dir="1" index="3" bw="4" slack="0"/>
</pin_list>
<bind>
<opcode="getelementptr(29) " fcode="getelementptr"/>
<opset="win34_V_3_addr/1 "/>
</bind>
</comp>

<comp id="159" class="1004" name="grp_access_fu_159">
<pin_list>
<pin id="160" dir="0" index="0" bw="4" slack="0"/>
<pin id="161" dir="0" index="1" bw="31" slack="2147483647"/>
<pin id="162" dir="0" index="2" bw="0" slack="0"/>
<pin id="164" dir="0" index="4" bw="4" slack="2147483647"/>
<pin id="165" dir="0" index="5" bw="31" slack="2147483647"/>
<pin id="166" dir="0" index="6" bw="0" slack="2147483647"/>
<pin id="163" dir="1" index="3" bw="31" slack="0"/>
<pin id="167" dir="1" index="7" bw="31" slack="0"/>
</pin_list>
<bind>
<opcode="load(27) " fcode="load"/>
<opset="win34_V_3_load/1 win34_V_3_load_1/1 "/>
</bind>
</comp>

<comp id="169" class="1004" name="win34_V_4_addr_gep_fu_169">
<pin_list>
<pin id="170" dir="0" index="0" bw="31" slack="0"/>
<pin id="171" dir="0" index="1" bw="1" slack="0"/>
<pin id="172" dir="0" index="2" bw="4" slack="0"/>
<pin id="173" dir="1" index="3" bw="4" slack="0"/>
</pin_list>
<bind>
<opcode="getelementptr(29) " fcode="getelementptr"/>
<opset="win34_V_4_addr/1 "/>
</bind>
</comp>

<comp id="176" class="1004" name="grp_access_fu_176">
<pin_list>
<pin id="177" dir="0" index="0" bw="4" slack="0"/>
<pin id="178" dir="0" index="1" bw="31" slack="2147483647"/>
<pin id="179" dir="0" index="2" bw="0" slack="0"/>
<pin id="181" dir="0" index="4" bw="4" slack="2147483647"/>
<pin id="182" dir="0" index="5" bw="31" slack="2147483647"/>
<pin id="183" dir="0" index="6" bw="0" slack="2147483647"/>
<pin id="180" dir="1" index="3" bw="31" slack="0"/>
<pin id="184" dir="1" index="7" bw="31" slack="0"/>
</pin_list>
<bind>
<opcode="load(27) " fcode="load"/>
<opset="win34_V_4_load/1 win34_V_4_load_1/1 "/>
</bind>
</comp>

<comp id="186" class="1004" name="win34_V_5_addr_gep_fu_186">
<pin_list>
<pin id="187" dir="0" index="0" bw="31" slack="0"/>
<pin id="188" dir="0" index="1" bw="1" slack="0"/>
<pin id="189" dir="0" index="2" bw="4" slack="0"/>
<pin id="190" dir="1" index="3" bw="4" slack="0"/>
</pin_list>
<bind>
<opcode="getelementptr(29) " fcode="getelementptr"/>
<opset="win34_V_5_addr/1 "/>
</bind>
</comp>

<comp id="193" class="1004" name="grp_access_fu_193">
<pin_list>
<pin id="194" dir="0" index="0" bw="4" slack="0"/>
<pin id="195" dir="0" index="1" bw="31" slack="2147483647"/>
<pin id="196" dir="0" index="2" bw="0" slack="0"/>
<pin id="198" dir="0" index="4" bw="4" slack="2147483647"/>
<pin id="199" dir="0" index="5" bw="31" slack="2147483647"/>
<pin id="200" dir="0" index="6" bw="0" slack="2147483647"/>
<pin id="197" dir="1" index="3" bw="31" slack="0"/>
<pin id="201" dir="1" index="7" bw="31" slack="0"/>
</pin_list>
<bind>
<opcode="load(27) " fcode="load"/>
<opset="win34_V_5_load/1 win34_V_5_load_1/1 "/>
</bind>
</comp>

<comp id="203" class="1004" name="win34_V_6_addr_gep_fu_203">
<pin_list>
<pin id="204" dir="0" index="0" bw="31" slack="0"/>
<pin id="205" dir="0" index="1" bw="1" slack="0"/>
<pin id="206" dir="0" index="2" bw="4" slack="0"/>
<pin id="207" dir="1" index="3" bw="4" slack="0"/>
</pin_list>
<bind>
<opcode="getelementptr(29) " fcode="getelementptr"/>
<opset="win34_V_6_addr/1 "/>
</bind>
</comp>

<comp id="210" class="1004" name="grp_access_fu_210">
<pin_list>
<pin id="211" dir="0" index="0" bw="4" slack="0"/>
<pin id="212" dir="0" index="1" bw="31" slack="2147483647"/>
<pin id="213" dir="0" index="2" bw="0" slack="0"/>
<pin id="215" dir="0" index="4" bw="4" slack="2147483647"/>
<pin id="216" dir="0" index="5" bw="31" slack="2147483647"/>
<pin id="217" dir="0" index="6" bw="0" slack="2147483647"/>
<pin id="214" dir="1" index="3" bw="31" slack="0"/>
<pin id="218" dir="1" index="7" bw="31" slack="0"/>
</pin_list>
<bind>
<opcode="load(27) " fcode="load"/>
<opset="win34_V_6_load/1 win34_V_6_load_1/1 "/>
</bind>
</comp>

<comp id="220" class="1004" name="win34_V_7_addr_gep_fu_220">
<pin_list>
<pin id="221" dir="0" index="0" bw="31" slack="0"/>
<pin id="222" dir="0" index="1" bw="1" slack="0"/>
<pin id="223" dir="0" index="2" bw="4" slack="0"/>
<pin id="224" dir="1" index="3" bw="4" slack="0"/>
</pin_list>
<bind>
<opcode="getelementptr(29) " fcode="getelementptr"/>
<opset="win34_V_7_addr/1 "/>
</bind>
</comp>

<comp id="227" class="1004" name="grp_access_fu_227">
<pin_list>
<pin id="228" dir="0" index="0" bw="4" slack="0"/>
<pin id="229" dir="0" index="1" bw="31" slack="2147483647"/>
<pin id="230" dir="0" index="2" bw="0" slack="0"/>
<pin id="232" dir="0" index="4" bw="4" slack="2147483647"/>
<pin id="233" dir="0" index="5" bw="31" slack="2147483647"/>
<pin id="234" dir="0" index="6" bw="0" slack="2147483647"/>
<pin id="231" dir="1" index="3" bw="31" slack="0"/>
<pin id="235" dir="1" index="7" bw="31" slack="0"/>
</pin_list>
<bind>
<opcode="load(27) " fcode="load"/>
<opset="win34_V_7_load/1 win34_V_7_load_1/1 "/>
</bind>
</comp>

<comp id="237" class="1004" name="win34_V_8_addr_gep_fu_237">
<pin_list>
<pin id="238" dir="0" index="0" bw="31" slack="0"/>
<pin id="239" dir="0" index="1" bw="1" slack="0"/>
<pin id="240" dir="0" index="2" bw="4" slack="0"/>
<pin id="241" dir="1" index="3" bw="4" slack="0"/>
</pin_list>
<bind>
<opcode="getelementptr(29) " fcode="getelementptr"/>
<opset="win34_V_8_addr/1 "/>
</bind>
</comp>

<comp id="244" class="1004" name="grp_access_fu_244">
<pin_list>
<pin id="245" dir="0" index="0" bw="4" slack="0"/>
<pin id="246" dir="0" index="1" bw="31" slack="2147483647"/>
<pin id="247" dir="0" index="2" bw="0" slack="0"/>
<pin id="249" dir="0" index="4" bw="4" slack="2147483647"/>
<pin id="250" dir="0" index="5" bw="31" slack="2147483647"/>
<pin id="251" dir="0" index="6" bw="0" slack="2147483647"/>
<pin id="248" dir="1" index="3" bw="31" slack="0"/>
<pin id="252" dir="1" index="7" bw="31" slack="0"/>
</pin_list>
<bind>
<opcode="load(27) " fcode="load"/>
<opset="win34_V_8_load/1 win34_V_8_load_1/1 "/>
</bind>
</comp>

<comp id="254" class="1004" name="win34_V_9_addr_gep_fu_254">
<pin_list>
<pin id="255" dir="0" index="0" bw="31" slack="0"/>
<pin id="256" dir="0" index="1" bw="1" slack="0"/>
<pin id="257" dir="0" index="2" bw="4" slack="0"/>
<pin id="258" dir="1" index="3" bw="4" slack="0"/>
</pin_list>
<bind>
<opcode="getelementptr(29) " fcode="getelementptr"/>
<opset="win34_V_9_addr/1 "/>
</bind>
</comp>

<comp id="261" class="1004" name="grp_access_fu_261">
<pin_list>
<pin id="262" dir="0" index="0" bw="4" slack="0"/>
<pin id="263" dir="0" index="1" bw="31" slack="2147483647"/>
<pin id="264" dir="0" index="2" bw="0" slack="0"/>
<pin id="266" dir="0" index="4" bw="4" slack="2147483647"/>
<pin id="267" dir="0" index="5" bw="31" slack="2147483647"/>
<pin id="268" dir="0" index="6" bw="0" slack="2147483647"/>
<pin id="265" dir="1" index="3" bw="31" slack="0"/>
<pin id="269" dir="1" index="7" bw="31" slack="0"/>
</pin_list>
<bind>
<opcode="load(27) " fcode="load"/>
<opset="win34_V_9_load/1 win34_V_9_load_1/1 "/>
</bind>
</comp>

<comp id="271" class="1004" name="win34_V_10_addr_gep_fu_271">
<pin_list>
<pin id="272" dir="0" index="0" bw="31" slack="0"/>
<pin id="273" dir="0" index="1" bw="1" slack="0"/>
<pin id="274" dir="0" index="2" bw="4" slack="0"/>
<pin id="275" dir="1" index="3" bw="4" slack="0"/>
</pin_list>
<bind>
<opcode="getelementptr(29) " fcode="getelementptr"/>
<opset="win34_V_10_addr/1 "/>
</bind>
</comp>

<comp id="278" class="1004" name="grp_access_fu_278">
<pin_list>
<pin id="279" dir="0" index="0" bw="4" slack="0"/>
<pin id="280" dir="0" index="1" bw="31" slack="2147483647"/>
<pin id="281" dir="0" index="2" bw="0" slack="0"/>
<pin id="283" dir="0" index="4" bw="4" slack="2147483647"/>
<pin id="284" dir="0" index="5" bw="31" slack="2147483647"/>
<pin id="285" dir="0" index="6" bw="0" slack="2147483647"/>
<pin id="282" dir="1" index="3" bw="31" slack="0"/>
<pin id="286" dir="1" index="7" bw="31" slack="0"/>
</pin_list>
<bind>
<opcode="load(27) " fcode="load"/>
<opset="win34_V_10_load/1 win34_V_10_load_1/1 "/>
</bind>
</comp>

<comp id="288" class="1004" name="win34_V_11_addr_gep_fu_288">
<pin_list>
<pin id="289" dir="0" index="0" bw="31" slack="0"/>
<pin id="290" dir="0" index="1" bw="1" slack="0"/>
<pin id="291" dir="0" index="2" bw="4" slack="0"/>
<pin id="292" dir="1" index="3" bw="4" slack="0"/>
</pin_list>
<bind>
<opcode="getelementptr(29) " fcode="getelementptr"/>
<opset="win34_V_11_addr/1 "/>
</bind>
</comp>

<comp id="295" class="1004" name="grp_access_fu_295">
<pin_list>
<pin id="296" dir="0" index="0" bw="4" slack="0"/>
<pin id="297" dir="0" index="1" bw="31" slack="2147483647"/>
<pin id="298" dir="0" index="2" bw="0" slack="0"/>
<pin id="300" dir="0" index="4" bw="4" slack="2147483647"/>
<pin id="301" dir="0" index="5" bw="31" slack="2147483647"/>
<pin id="302" dir="0" index="6" bw="0" slack="2147483647"/>
<pin id="299" dir="1" index="3" bw="31" slack="0"/>
<pin id="303" dir="1" index="7" bw="31" slack="0"/>
</pin_list>
<bind>
<opcode="load(27) " fcode="load"/>
<opset="win34_V_11_load/1 win34_V_11_load_1/1 "/>
</bind>
</comp>

<comp id="305" class="1004" name="win34_V_2_addr_1_gep_fu_305">
<pin_list>
<pin id="306" dir="0" index="0" bw="31" slack="0"/>
<pin id="307" dir="0" index="1" bw="1" slack="0"/>
<pin id="308" dir="0" index="2" bw="4" slack="0"/>
<pin id="309" dir="1" index="3" bw="4" slack="0"/>
</pin_list>
<bind>
<opcode="getelementptr(29) " fcode="getelementptr"/>
<opset="win34_V_2_addr_1/1 "/>
</bind>
</comp>

<comp id="313" class="1004" name="win34_V_3_addr_1_gep_fu_313">
<pin_list>
<pin id="314" dir="0" index="0" bw="31" slack="0"/>
<pin id="315" dir="0" index="1" bw="1" slack="0"/>
<pin id="316" dir="0" index="2" bw="4" slack="0"/>
<pin id="317" dir="1" index="3" bw="4" slack="0"/>
</pin_list>
<bind>
<opcode="getelementptr(29) " fcode="getelementptr"/>
<opset="win34_V_3_addr_1/1 "/>
</bind>
</comp>

<comp id="321" class="1004" name="win34_V_4_addr_1_gep_fu_321">
<pin_list>
<pin id="322" dir="0" index="0" bw="31" slack="0"/>
<pin id="323" dir="0" index="1" bw="1" slack="0"/>
<pin id="324" dir="0" index="2" bw="4" slack="0"/>
<pin id="325" dir="1" index="3" bw="4" slack="0"/>
</pin_list>
<bind>
<opcode="getelementptr(29) " fcode="getelementptr"/>
<opset="win34_V_4_addr_1/1 "/>
</bind>
</comp>

<comp id="329" class="1004" name="win34_V_5_addr_1_gep_fu_329">
<pin_list>
<pin id="330" dir="0" index="0" bw="31" slack="0"/>
<pin id="331" dir="0" index="1" bw="1" slack="0"/>
<pin id="332" dir="0" index="2" bw="4" slack="0"/>
<pin id="333" dir="1" index="3" bw="4" slack="0"/>
</pin_list>
<bind>
<opcode="getelementptr(29) " fcode="getelementptr"/>
<opset="win34_V_5_addr_1/1 "/>
</bind>
</comp>

<comp id="337" class="1004" name="win34_V_6_addr_1_gep_fu_337">
<pin_list>
<pin id="338" dir="0" index="0" bw="31" slack="0"/>
<pin id="339" dir="0" index="1" bw="1" slack="0"/>
<pin id="340" dir="0" index="2" bw="4" slack="0"/>
<pin id="341" dir="1" index="3" bw="4" slack="0"/>
</pin_list>
<bind>
<opcode="getelementptr(29) " fcode="getelementptr"/>
<opset="win34_V_6_addr_1/1 "/>
</bind>
</comp>

<comp id="345" class="1004" name="win34_V_7_addr_1_gep_fu_345">
<pin_list>
<pin id="346" dir="0" index="0" bw="31" slack="0"/>
<pin id="347" dir="0" index="1" bw="1" slack="0"/>
<pin id="348" dir="0" index="2" bw="4" slack="0"/>
<pin id="349" dir="1" index="3" bw="4" slack="0"/>
</pin_list>
<bind>
<opcode="getelementptr(29) " fcode="getelementptr"/>
<opset="win34_V_7_addr_1/1 "/>
</bind>
</comp>

<comp id="353" class="1004" name="win34_V_8_addr_1_gep_fu_353">
<pin_list>
<pin id="354" dir="0" index="0" bw="31" slack="0"/>
<pin id="355" dir="0" index="1" bw="1" slack="0"/>
<pin id="356" dir="0" index="2" bw="4" slack="0"/>
<pin id="357" dir="1" index="3" bw="4" slack="0"/>
</pin_list>
<bind>
<opcode="getelementptr(29) " fcode="getelementptr"/>
<opset="win34_V_8_addr_1/1 "/>
</bind>
</comp>

<comp id="361" class="1004" name="win34_V_9_addr_1_gep_fu_361">
<pin_list>
<pin id="362" dir="0" index="0" bw="31" slack="0"/>
<pin id="363" dir="0" index="1" bw="1" slack="0"/>
<pin id="364" dir="0" index="2" bw="4" slack="0"/>
<pin id="365" dir="1" index="3" bw="4" slack="0"/>
</pin_list>
<bind>
<opcode="getelementptr(29) " fcode="getelementptr"/>
<opset="win34_V_9_addr_1/1 "/>
</bind>
</comp>

<comp id="369" class="1004" name="win34_V_10_addr_1_gep_fu_369">
<pin_list>
<pin id="370" dir="0" index="0" bw="31" slack="0"/>
<pin id="371" dir="0" index="1" bw="1" slack="0"/>
<pin id="372" dir="0" index="2" bw="4" slack="0"/>
<pin id="373" dir="1" index="3" bw="4" slack="0"/>
</pin_list>
<bind>
<opcode="getelementptr(29) " fcode="getelementptr"/>
<opset="win34_V_10_addr_1/1 "/>
</bind>
</comp>

<comp id="377" class="1004" name="win34_V_11_addr_1_gep_fu_377">
<pin_list>
<pin id="378" dir="0" index="0" bw="31" slack="0"/>
<pin id="379" dir="0" index="1" bw="1" slack="0"/>
<pin id="380" dir="0" index="2" bw="4" slack="0"/>
<pin id="381" dir="1" index="3" bw="4" slack="0"/>
</pin_list>
<bind>
<opcode="getelementptr(29) " fcode="getelementptr"/>
<opset="win34_V_11_addr_1/1 "/>
</bind>
</comp>

<comp id="385" class="1004" name="denoiser_w_L4_W_V_addr_gep_fu_385">
<pin_list>
<pin id="386" dir="0" index="0" bw="15" slack="0"/>
<pin id="387" dir="0" index="1" bw="1" slack="0"/>
<pin id="388" dir="0" index="2" bw="8" slack="0"/>
<pin id="389" dir="1" index="3" bw="8" slack="0"/>
</pin_list>
<bind>
<opcode="getelementptr(29) " fcode="getelementptr"/>
<opset="denoiser_w_L4_W_V_addr/2 "/>
</bind>
</comp>

<comp id="392" class="1004" name="grp_access_fu_392">
<pin_list>
<pin id="393" dir="0" index="0" bw="8" slack="0"/>
<pin id="394" dir="0" index="1" bw="15" slack="2147483647"/>
<pin id="395" dir="0" index="2" bw="0" slack="2147483647"/>
<pin id="396" dir="1" index="3" bw="15" slack="0"/>
</pin_list>
<bind>
<opcode="load(27) " fcode="load"/>
<opset="denoiser_w_L4_W_V_load/2 "/>
</bind>
</comp>

<comp id="398" class="1004" name="store_ln0_store_fu_398">
<pin_list>
<pin id="399" dir="0" index="0" bw="1" slack="0"/>
<pin id="400" dir="0" index="1" bw="8" slack="0"/>
<pin id="401" dir="1" index="2" bw="0" slack="2147483647"/>
</pin_list>
<bind>
<opcode="store(28) " fcode="store"/>
<opset="store_ln0/1 "/>
</bind>
</comp>

<comp id="403" class="1004" name="store_ln0_store_fu_403">
<pin_list>
<pin id="404" dir="0" index="0" bw="1" slack="0"/>
<pin id="405" dir="0" index="1" bw="6" slack="0"/>
<pin id="406" dir="1" index="2" bw="0" slack="2147483647"/>
</pin_list>
<bind>
<opcode="store(28) " fcode="store"/>
<opset="store_ln0/1 "/>
</bind>
</comp>

<comp id="408" class="1004" name="store_ln0_store_fu_408">
<pin_list>
<pin id="409" dir="0" index="0" bw="1" slack="0"/>
<pin id="410" dir="0" index="1" bw="3" slack="0"/>
<pin id="411" dir="1" index="2" bw="0" slack="2147483647"/>
</pin_list>
<bind>
<opcode="store(28) " fcode="store"/>
<opset="store_ln0/1 "/>
</bind>
</comp>

<comp id="413" class="1004" name="store_ln0_store_fu_413">
<pin_list>
<pin id="414" dir="0" index="0" bw="17" slack="0"/>
<pin id="415" dir="0" index="1" bw="48" slack="0"/>
<pin id="416" dir="1" index="2" bw="0" slack="2147483647"/>
</pin_list>
<bind>
<opcode="store(28) " fcode="store"/>
<opset="store_ln0/1 "/>
</bind>
</comp>

<comp id="418" class="1004" name="store_ln0_store_fu_418">
<pin_list>
<pin id="419" dir="0" index="0" bw="1" slack="0"/>
<pin id="420" dir="0" index="1" bw="32" slack="0"/>
<pin id="421" dir="1" index="2" bw="0" slack="2147483647"/>
</pin_list>
<bind>
<opcode="store(28) " fcode="store"/>
<opset="store_ln0/1 "/>
</bind>
</comp>

<comp id="423" class="1004" name="ic_1_load_fu_423">
<pin_list>
<pin id="424" dir="0" index="0" bw="6" slack="0"/>
<pin id="425" dir="1" index="1" bw="6" slack="0"/>
</pin_list>
<bind>
<opcode="load(27) " fcode="load"/>
<opset="ic_1/1 "/>
</bind>
</comp>

<comp id="426" class="1004" name="indvar_flatten72_load_load_fu_426">
<pin_list>
<pin id="427" dir="0" index="0" bw="8" slack="0"/>
<pin id="428" dir="1" index="1" bw="8" slack="0"/>
</pin_list>
<bind>
<opcode="load(27) " fcode="load"/>
<opset="indvar_flatten72_load/1 "/>
</bind>
</comp>

<comp id="429" class="1004" name="tmp_s_fu_429">
<pin_list>
<pin id="430" dir="0" index="0" bw="4" slack="0"/>
<pin id="431" dir="0" index="1" bw="6" slack="0"/>
<pin id="432" dir="0" index="2" bw="1" slack="0"/>
<pin id="433" dir="0" index="3" bw="4" slack="0"/>
<pin id="434" dir="1" index="4" bw="4" slack="0"/>
</pin_list>
<bind>
<opcode="partselect(1002) " fcode="partselect"/>
<opset="tmp_s/1 "/>
</bind>
</comp>

<comp id="439" class="1004" name="p_cast22_fu_439">
<pin_list>
<pin id="440" dir="0" index="0" bw="4" slack="0"/>
<pin id="441" dir="1" index="1" bw="64" slack="0"/>
</pin_list>
<bind>
<opcode="zext(34) " fcode="zext"/>
<opset="p_cast22/1 "/>
</bind>
</comp>

<comp id="453" class="1004" name="empty_fu_453">
<pin_list>
<pin id="454" dir="0" index="0" bw="6" slack="0"/>
<pin id="455" dir="1" index="1" bw="1" slack="1"/>
</pin_list>
<bind>
<opcode="trunc(33) " fcode="trunc"/>
<opset="empty/1 "/>
</bind>
</comp>

<comp id="457" class="1004" name="icmp_ln212_fu_457">
<pin_list>
<pin id="458" dir="0" index="0" bw="8" slack="0"/>
<pin id="459" dir="0" index="1" bw="6" slack="0"/>
<pin id="460" dir="1" index="2" bw="1" slack="1"/>
</pin_list>
<bind>
<opcode="icmp(45) " fcode="icmp"/>
<opset="icmp_ln212/1 "/>
</bind>
</comp>

<comp id="463" class="1004" name="add_ln212_1_fu_463">
<pin_list>
<pin id="464" dir="0" index="0" bw="8" slack="0"/>
<pin id="465" dir="0" index="1" bw="1" slack="0"/>
<pin id="466" dir="1" index="2" bw="8" slack="0"/>
</pin_list>
<bind>
<opcode="add(8) " fcode="add"/>
<opset="add_ln212_1/1 "/>
</bind>
</comp>

<comp id="469" class="1004" name="k_load_load_fu_469">
<pin_list>
<pin id="470" dir="0" index="0" bw="3" slack="0"/>
<pin id="471" dir="1" index="1" bw="3" slack="0"/>
</pin_list>
<bind>
<opcode="load(27) " fcode="load"/>
<opset="k_load/1 "/>
</bind>
</comp>

<comp id="472" class="1004" name="add_ln212_fu_472">
<pin_list>
<pin id="473" dir="0" index="0" bw="6" slack="0"/>
<pin id="474" dir="0" index="1" bw="1" slack="0"/>
<pin id="475" dir="1" index="2" bw="6" slack="0"/>
</pin_list>
<bind>
<opcode="add(8) " fcode="add"/>
<opset="add_ln212/1 "/>
</bind>
</comp>

<comp id="478" class="1004" name="icmp_ln214_fu_478">
<pin_list>
<pin id="479" dir="0" index="0" bw="3" slack="0"/>
<pin id="480" dir="0" index="1" bw="1" slack="0"/>
<pin id="481" dir="1" index="2" bw="1" slack="0"/>
</pin_list>
<bind>
<opcode="icmp(45) " fcode="icmp"/>
<opset="icmp_ln214/1 "/>
</bind>
</comp>

<comp id="484" class="1004" name="select_ln212_fu_484">
<pin_list>
<pin id="485" dir="0" index="0" bw="1" slack="0"/>
<pin id="486" dir="0" index="1" bw="1" slack="0"/>
<pin id="487" dir="0" index="2" bw="3" slack="0"/>
<pin id="488" dir="1" index="3" bw="3" slack="0"/>
</pin_list>
<bind>
<opcode="select(49) " fcode="select"/>
<opset="select_ln212/1 "/>
</bind>
</comp>

<comp id="492" class="1004" name="select_ln212_1_fu_492">
<pin_list>
<pin id="493" dir="0" index="0" bw="1" slack="0"/>
<pin id="494" dir="0" index="1" bw="6" slack="0"/>
<pin id="495" dir="0" index="2" bw="6" slack="0"/>
<pin id="496" dir="1" index="3" bw="6" slack="0"/>
</pin_list>
<bind>
<opcode="select(49) " fcode="select"/>
<opset="select_ln212_1/1 "/>
</bind>
</comp>

<comp id="500" class="1004" name="trunc_ln212_fu_500">
<pin_list>
<pin id="501" dir="0" index="0" bw="6" slack="0"/>
<pin id="502" dir="1" index="1" bw="5" slack="0"/>
</pin_list>
<bind>
<opcode="trunc(33) " fcode="trunc"/>
<opset="trunc_ln212/1 "/>
</bind>
</comp>

<comp id="504" class="1004" name="zext_ln837_fu_504">
<pin_list>
<pin id="505" dir="0" index="0" bw="6" slack="0"/>
<pin id="506" dir="1" index="1" bw="8" slack="0"/>
</pin_list>
<bind>
<opcode="zext(34) " fcode="zext"/>
<opset="zext_ln837/1 "/>
</bind>
</comp>

<comp id="508" class="1004" name="tmp_8_fu_508">
<pin_list>
<pin id="509" dir="0" index="0" bw="8" slack="0"/>
<pin id="510" dir="0" index="1" bw="5" slack="0"/>
<pin id="511" dir="0" index="2" bw="1" slack="0"/>
<pin id="512" dir="1" index="3" bw="8" slack="0"/>
</pin_list>
<bind>
<opcode="bitconcatenate(1004) " fcode="bitconcatenate"/>
<opset="tmp_8/1 "/>
</bind>
</comp>

<comp id="516" class="1004" name="sub_ln837_fu_516">
<pin_list>
<pin id="517" dir="0" index="0" bw="8" slack="0"/>
<pin id="518" dir="0" index="1" bw="6" slack="0"/>
<pin id="519" dir="1" index="2" bw="8" slack="0"/>
</pin_list>
<bind>
<opcode="sub(10) " fcode="sub"/>
<opset="sub_ln837/1 "/>
</bind>
</comp>

<comp id="522" class="1004" name="p_mid1_fu_522">
<pin_list>
<pin id="523" dir="0" index="0" bw="4" slack="0"/>
<pin id="524" dir="0" index="1" bw="6" slack="0"/>
<pin id="525" dir="0" index="2" bw="1" slack="0"/>
<pin id="526" dir="0" index="3" bw="4" slack="0"/>
<pin id="527" dir="1" index="4" bw="4" slack="0"/>
</pin_list>
<bind>
<opcode="partselect(1002) " fcode="partselect"/>
<opset="p_mid1/1 "/>
</bind>
</comp>

<comp id="532" class="1004" name="p_cast22_mid1_fu_532">
<pin_list>
<pin id="533" dir="0" index="0" bw="4" slack="0"/>
<pin id="534" dir="1" index="1" bw="64" slack="0"/>
</pin_list>
<bind>
<opcode="zext(34) " fcode="zext"/>
<opset="p_cast22_mid1/1 "/>
</bind>
</comp>

<comp id="546" class="1004" name="empty_54_fu_546">
<pin_list>
<pin id="547" dir="0" index="0" bw="6" slack="0"/>
<pin id="548" dir="1" index="1" bw="1" slack="1"/>
</pin_list>
<bind>
<opcode="trunc(33) " fcode="trunc"/>
<opset="empty_54/1 "/>
</bind>
</comp>

<comp id="550" class="1004" name="zext_ln837_1_fu_550">
<pin_list>
<pin id="551" dir="0" index="0" bw="3" slack="0"/>
<pin id="552" dir="1" index="1" bw="8" slack="0"/>
</pin_list>
<bind>
<opcode="zext(34) " fcode="zext"/>
<opset="zext_ln837_1/1 "/>
</bind>
</comp>

<comp id="554" class="1004" name="add_ln837_fu_554">
<pin_list>
<pin id="555" dir="0" index="0" bw="8" slack="0"/>
<pin id="556" dir="0" index="1" bw="3" slack="0"/>
<pin id="557" dir="1" index="2" bw="8" slack="1"/>
</pin_list>
<bind>
<opcode="add(8) " fcode="add"/>
<opset="add_ln837/1 "/>
</bind>
</comp>

<comp id="560" class="1004" name="add_ln214_fu_560">
<pin_list>
<pin id="561" dir="0" index="0" bw="3" slack="0"/>
<pin id="562" dir="0" index="1" bw="1" slack="0"/>
<pin id="563" dir="1" index="2" bw="3" slack="0"/>
</pin_list>
<bind>
<opcode="add(8) " fcode="add"/>
<opset="add_ln214/1 "/>
</bind>
</comp>

<comp id="566" class="1004" name="store_ln214_store_fu_566">
<pin_list>
<pin id="567" dir="0" index="0" bw="8" slack="0"/>
<pin id="568" dir="0" index="1" bw="8" slack="0"/>
<pin id="569" dir="1" index="2" bw="0" slack="2147483647"/>
</pin_list>
<bind>
<opcode="store(28) " fcode="store"/>
<opset="store_ln214/1 "/>
</bind>
</comp>

<comp id="571" class="1004" name="store_ln214_store_fu_571">
<pin_list>
<pin id="572" dir="0" index="0" bw="6" slack="0"/>
<pin id="573" dir="0" index="1" bw="6" slack="0"/>
<pin id="574" dir="1" index="2" bw="0" slack="2147483647"/>
</pin_list>
<bind>
<opcode="store(28) " fcode="store"/>
<opset="store_ln214/1 "/>
</bind>
</comp>

<comp id="576" class="1004" name="store_ln214_store_fu_576">
<pin_list>
<pin id="577" dir="0" index="0" bw="3" slack="0"/>
<pin id="578" dir="0" index="1" bw="3" slack="0"/>
<pin id="579" dir="1" index="2" bw="0" slack="2147483647"/>
</pin_list>
<bind>
<opcode="store(28) " fcode="store"/>
<opset="store_ln214/1 "/>
</bind>
</comp>

<comp id="581" class="1004" name="tmp_5_fu_581">
<pin_list>
<pin id="582" dir="0" index="0" bw="32" slack="0"/>
<pin id="583" dir="0" index="1" bw="1" slack="0"/>
<pin id="584" dir="0" index="2" bw="1" slack="0"/>
<pin id="585" dir="0" index="3" bw="1" slack="1"/>
<pin id="586" dir="1" index="4" bw="32" slack="0"/>
</pin_list>
<bind>
<opcode="mux(1196) " fcode="mux"/>
<opset="tmp_5/2 "/>
</bind>
</comp>

<comp id="590" class="1004" name="tmp_1_fu_590">
<pin_list>
<pin id="591" dir="0" index="0" bw="31" slack="0"/>
<pin id="592" dir="0" index="1" bw="1" slack="0"/>
<pin id="593" dir="0" index="2" bw="1" slack="0"/>
<pin id="594" dir="0" index="3" bw="1" slack="1"/>
<pin id="595" dir="1" index="4" bw="31" slack="0"/>
</pin_list>
<bind>
<opcode="mux(1196) " fcode="mux"/>
<opset="tmp_1/2 "/>
</bind>
</comp>

<comp id="599" class="1004" name="tmp_2_fu_599">
<pin_list>
<pin id="600" dir="0" index="0" bw="31" slack="0"/>
<pin id="601" dir="0" index="1" bw="31" slack="0"/>
<pin id="602" dir="0" index="2" bw="31" slack="0"/>
<pin id="603" dir="0" index="3" bw="1" slack="1"/>
<pin id="604" dir="1" index="4" bw="31" slack="0"/>
</pin_list>
<bind>
<opcode="mux(1196) " fcode="mux"/>
<opset="tmp_2/2 "/>
</bind>
</comp>

<comp id="608" class="1004" name="tmp_3_fu_608">
<pin_list>
<pin id="609" dir="0" index="0" bw="31" slack="0"/>
<pin id="610" dir="0" index="1" bw="31" slack="0"/>
<pin id="611" dir="0" index="2" bw="31" slack="0"/>
<pin id="612" dir="0" index="3" bw="1" slack="1"/>
<pin id="613" dir="1" index="4" bw="31" slack="0"/>
</pin_list>
<bind>
<opcode="mux(1196) " fcode="mux"/>
<opset="tmp_3/2 "/>
</bind>
</comp>

<comp id="617" class="1004" name="tmp_4_fu_617">
<pin_list>
<pin id="618" dir="0" index="0" bw="31" slack="0"/>
<pin id="619" dir="0" index="1" bw="31" slack="0"/>
<pin id="620" dir="0" index="2" bw="31" slack="0"/>
<pin id="621" dir="0" index="3" bw="1" slack="1"/>
<pin id="622" dir="1" index="4" bw="31" slack="0"/>
</pin_list>
<bind>
<opcode="mux(1196) " fcode="mux"/>
<opset="tmp_4/2 "/>
</bind>
</comp>

<comp id="626" class="1004" name="tmp_6_fu_626">
<pin_list>
<pin id="627" dir="0" index="0" bw="31" slack="0"/>
<pin id="628" dir="0" index="1" bw="31" slack="0"/>
<pin id="629" dir="0" index="2" bw="31" slack="0"/>
<pin id="630" dir="0" index="3" bw="1" slack="1"/>
<pin id="631" dir="1" index="4" bw="31" slack="0"/>
</pin_list>
<bind>
<opcode="mux(1196) " fcode="mux"/>
<opset="tmp_6/2 "/>
</bind>
</comp>

<comp id="635" class="1004" name="tmp_7_fu_635">
<pin_list>
<pin id="636" dir="0" index="0" bw="31" slack="0"/>
<pin id="637" dir="0" index="1" bw="31" slack="0"/>
<pin id="638" dir="0" index="2" bw="31" slack="0"/>
<pin id="639" dir="0" index="3" bw="1" slack="1"/>
<pin id="640" dir="1" index="4" bw="31" slack="0"/>
</pin_list>
<bind>
<opcode="mux(1196) " fcode="mux"/>
<opset="tmp_7/2 "/>
</bind>
</comp>

<comp id="644" class="1004" name="tmp_5_mid1_fu_644">
<pin_list>
<pin id="645" dir="0" index="0" bw="32" slack="0"/>
<pin id="646" dir="0" index="1" bw="1" slack="0"/>
<pin id="647" dir="0" index="2" bw="1" slack="0"/>
<pin id="648" dir="0" index="3" bw="1" slack="1"/>
<pin id="649" dir="1" index="4" bw="32" slack="0"/>
</pin_list>
<bind>
<opcode="mux(1196) " fcode="mux"/>
<opset="tmp_5_mid1/2 "/>
</bind>
</comp>

<comp id="653" class="1004" name="select_ln212_2_fu_653">
<pin_list>
<pin id="654" dir="0" index="0" bw="1" slack="1"/>
<pin id="655" dir="0" index="1" bw="32" slack="0"/>
<pin id="656" dir="0" index="2" bw="32" slack="0"/>
<pin id="657" dir="1" index="3" bw="32" slack="0"/>
</pin_list>
<bind>
<opcode="select(49) " fcode="select"/>
<opset="select_ln212_2/2 "/>
</bind>
</comp>

<comp id="660" class="1004" name="tmp_12_mid1_fu_660">
<pin_list>
<pin id="661" dir="0" index="0" bw="31" slack="0"/>
<pin id="662" dir="0" index="1" bw="1" slack="0"/>
<pin id="663" dir="0" index="2" bw="1" slack="0"/>
<pin id="664" dir="0" index="3" bw="1" slack="1"/>
<pin id="665" dir="1" index="4" bw="31" slack="0"/>
</pin_list>
<bind>
<opcode="mux(1196) " fcode="mux"/>
<opset="tmp_12_mid1/2 "/>
</bind>
</comp>

<comp id="669" class="1004" name="select_ln212_3_fu_669">
<pin_list>
<pin id="670" dir="0" index="0" bw="1" slack="1"/>
<pin id="671" dir="0" index="1" bw="31" slack="0"/>
<pin id="672" dir="0" index="2" bw="31" slack="0"/>
<pin id="673" dir="1" index="3" bw="31" slack="0"/>
</pin_list>
<bind>
<opcode="select(49) " fcode="select"/>
<opset="select_ln212_3/2 "/>
</bind>
</comp>

<comp id="676" class="1004" name="zext_ln212_fu_676">
<pin_list>
<pin id="677" dir="0" index="0" bw="31" slack="0"/>
<pin id="678" dir="1" index="1" bw="32" slack="0"/>
</pin_list>
<bind>
<opcode="zext(34) " fcode="zext"/>
<opset="zext_ln212/2 "/>
</bind>
</comp>

<comp id="680" class="1004" name="tmp_13_mid1_fu_680">
<pin_list>
<pin id="681" dir="0" index="0" bw="31" slack="0"/>
<pin id="682" dir="0" index="1" bw="31" slack="0"/>
<pin id="683" dir="0" index="2" bw="31" slack="0"/>
<pin id="684" dir="0" index="3" bw="1" slack="1"/>
<pin id="685" dir="1" index="4" bw="31" slack="0"/>
</pin_list>
<bind>
<opcode="mux(1196) " fcode="mux"/>
<opset="tmp_13_mid1/2 "/>
</bind>
</comp>

<comp id="689" class="1004" name="select_ln212_4_fu_689">
<pin_list>
<pin id="690" dir="0" index="0" bw="1" slack="1"/>
<pin id="691" dir="0" index="1" bw="31" slack="0"/>
<pin id="692" dir="0" index="2" bw="31" slack="0"/>
<pin id="693" dir="1" index="3" bw="31" slack="0"/>
</pin_list>
<bind>
<opcode="select(49) " fcode="select"/>
<opset="select_ln212_4/2 "/>
</bind>
</comp>

<comp id="696" class="1004" name="zext_ln212_1_fu_696">
<pin_list>
<pin id="697" dir="0" index="0" bw="31" slack="0"/>
<pin id="698" dir="1" index="1" bw="32" slack="0"/>
</pin_list>
<bind>
<opcode="zext(34) " fcode="zext"/>
<opset="zext_ln212_1/2 "/>
</bind>
</comp>

<comp id="700" class="1004" name="tmp_14_mid1_fu_700">
<pin_list>
<pin id="701" dir="0" index="0" bw="31" slack="0"/>
<pin id="702" dir="0" index="1" bw="31" slack="0"/>
<pin id="703" dir="0" index="2" bw="31" slack="0"/>
<pin id="704" dir="0" index="3" bw="1" slack="1"/>
<pin id="705" dir="1" index="4" bw="31" slack="0"/>
</pin_list>
<bind>
<opcode="mux(1196) " fcode="mux"/>
<opset="tmp_14_mid1/2 "/>
</bind>
</comp>

<comp id="709" class="1004" name="select_ln212_5_fu_709">
<pin_list>
<pin id="710" dir="0" index="0" bw="1" slack="1"/>
<pin id="711" dir="0" index="1" bw="31" slack="0"/>
<pin id="712" dir="0" index="2" bw="31" slack="0"/>
<pin id="713" dir="1" index="3" bw="31" slack="0"/>
</pin_list>
<bind>
<opcode="select(49) " fcode="select"/>
<opset="select_ln212_5/2 "/>
</bind>
</comp>

<comp id="716" class="1004" name="zext_ln212_2_fu_716">
<pin_list>
<pin id="717" dir="0" index="0" bw="31" slack="0"/>
<pin id="718" dir="1" index="1" bw="32" slack="0"/>
</pin_list>
<bind>
<opcode="zext(34) " fcode="zext"/>
<opset="zext_ln212_2/2 "/>
</bind>
</comp>

<comp id="720" class="1004" name="tmp_15_mid1_fu_720">
<pin_list>
<pin id="721" dir="0" index="0" bw="31" slack="0"/>
<pin id="722" dir="0" index="1" bw="31" slack="0"/>
<pin id="723" dir="0" index="2" bw="31" slack="0"/>
<pin id="724" dir="0" index="3" bw="1" slack="1"/>
<pin id="725" dir="1" index="4" bw="31" slack="0"/>
</pin_list>
<bind>
<opcode="mux(1196) " fcode="mux"/>
<opset="tmp_15_mid1/2 "/>
</bind>
</comp>

<comp id="729" class="1004" name="select_ln212_6_fu_729">
<pin_list>
<pin id="730" dir="0" index="0" bw="1" slack="1"/>
<pin id="731" dir="0" index="1" bw="31" slack="0"/>
<pin id="732" dir="0" index="2" bw="31" slack="0"/>
<pin id="733" dir="1" index="3" bw="31" slack="0"/>
</pin_list>
<bind>
<opcode="select(49) " fcode="select"/>
<opset="select_ln212_6/2 "/>
</bind>
</comp>

<comp id="736" class="1004" name="zext_ln212_3_fu_736">
<pin_list>
<pin id="737" dir="0" index="0" bw="31" slack="0"/>
<pin id="738" dir="1" index="1" bw="32" slack="0"/>
</pin_list>
<bind>
<opcode="zext(34) " fcode="zext"/>
<opset="zext_ln212_3/2 "/>
</bind>
</comp>

<comp id="740" class="1004" name="tmp_16_mid1_fu_740">
<pin_list>
<pin id="741" dir="0" index="0" bw="31" slack="0"/>
<pin id="742" dir="0" index="1" bw="31" slack="0"/>
<pin id="743" dir="0" index="2" bw="31" slack="0"/>
<pin id="744" dir="0" index="3" bw="1" slack="1"/>
<pin id="745" dir="1" index="4" bw="31" slack="0"/>
</pin_list>
<bind>
<opcode="mux(1196) " fcode="mux"/>
<opset="tmp_16_mid1/2 "/>
</bind>
</comp>

<comp id="749" class="1004" name="select_ln212_7_fu_749">
<pin_list>
<pin id="750" dir="0" index="0" bw="1" slack="1"/>
<pin id="751" dir="0" index="1" bw="31" slack="0"/>
<pin id="752" dir="0" index="2" bw="31" slack="0"/>
<pin id="753" dir="1" index="3" bw="31" slack="0"/>
</pin_list>
<bind>
<opcode="select(49) " fcode="select"/>
<opset="select_ln212_7/2 "/>
</bind>
</comp>

<comp id="756" class="1004" name="zext_ln212_4_fu_756">
<pin_list>
<pin id="757" dir="0" index="0" bw="31" slack="0"/>
<pin id="758" dir="1" index="1" bw="32" slack="0"/>
</pin_list>
<bind>
<opcode="zext(34) " fcode="zext"/>
<opset="zext_ln212_4/2 "/>
</bind>
</comp>

<comp id="760" class="1004" name="tmp_17_mid1_fu_760">
<pin_list>
<pin id="761" dir="0" index="0" bw="31" slack="0"/>
<pin id="762" dir="0" index="1" bw="31" slack="0"/>
<pin id="763" dir="0" index="2" bw="31" slack="0"/>
<pin id="764" dir="0" index="3" bw="1" slack="1"/>
<pin id="765" dir="1" index="4" bw="31" slack="0"/>
</pin_list>
<bind>
<opcode="mux(1196) " fcode="mux"/>
<opset="tmp_17_mid1/2 "/>
</bind>
</comp>

<comp id="769" class="1004" name="select_ln212_8_fu_769">
<pin_list>
<pin id="770" dir="0" index="0" bw="1" slack="1"/>
<pin id="771" dir="0" index="1" bw="31" slack="0"/>
<pin id="772" dir="0" index="2" bw="31" slack="0"/>
<pin id="773" dir="1" index="3" bw="31" slack="0"/>
</pin_list>
<bind>
<opcode="select(49) " fcode="select"/>
<opset="select_ln212_8/2 "/>
</bind>
</comp>

<comp id="776" class="1004" name="zext_ln212_5_fu_776">
<pin_list>
<pin id="777" dir="0" index="0" bw="31" slack="0"/>
<pin id="778" dir="1" index="1" bw="32" slack="0"/>
</pin_list>
<bind>
<opcode="zext(34) " fcode="zext"/>
<opset="zext_ln212_5/2 "/>
</bind>
</comp>

<comp id="780" class="1004" name="zext_ln837_2_fu_780">
<pin_list>
<pin id="781" dir="0" index="0" bw="8" slack="1"/>
<pin id="782" dir="1" index="1" bw="64" slack="0"/>
</pin_list>
<bind>
<opcode="zext(34) " fcode="zext"/>
<opset="zext_ln837_2/2 "/>
</bind>
</comp>

<comp id="784" class="1004" name="x_V_fu_784">
<pin_list>
<pin id="785" dir="0" index="0" bw="32" slack="0"/>
<pin id="786" dir="0" index="1" bw="32" slack="0"/>
<pin id="787" dir="0" index="2" bw="31" slack="0"/>
<pin id="788" dir="0" index="3" bw="31" slack="0"/>
<pin id="789" dir="0" index="4" bw="31" slack="0"/>
<pin id="790" dir="0" index="5" bw="31" slack="0"/>
<pin id="791" dir="0" index="6" bw="31" slack="0"/>
<pin id="792" dir="0" index="7" bw="31" slack="0"/>
<pin id="793" dir="0" index="8" bw="3" slack="1"/>
<pin id="794" dir="1" index="9" bw="32" slack="1"/>
</pin_list>
<bind>
<opcode="mux(1196) " fcode="mux"/>
<opset="x_V/2 "/>
</bind>
</comp>

<comp id="803" class="1004" name="r_V_fu_803">
<pin_list>
<pin id="804" dir="0" index="0" bw="40" slack="0"/>
<pin id="805" dir="0" index="1" bw="32" slack="1"/>
<pin id="806" dir="0" index="2" bw="1" slack="0"/>
<pin id="807" dir="1" index="3" bw="40" slack="0"/>
</pin_list>
<bind>
<opcode="bitconcatenate(1004) " fcode="bitconcatenate"/>
<opset="r_V/3 "/>
</bind>
</comp>

<comp id="810" class="1004" name="shl_ln838_6_fu_810">
<pin_list>
<pin id="811" dir="0" index="0" bw="23" slack="0"/>
<pin id="812" dir="0" index="1" bw="15" slack="0"/>
<pin id="813" dir="0" index="2" bw="1" slack="0"/>
<pin id="814" dir="1" index="3" bw="23" slack="0"/>
</pin_list>
<bind>
<opcode="bitconcatenate(1004) " fcode="bitconcatenate"/>
<opset="shl_ln838_6/3 "/>
</bind>
</comp>

<comp id="818" class="1004" name="sext_ln1270_fu_818">
<pin_list>
<pin id="819" dir="0" index="0" bw="40" slack="0"/>
<pin id="820" dir="1" index="1" bw="62" slack="0"/>
</pin_list>
<bind>
<opcode="sext(35) " fcode="sext"/>
<opset="sext_ln1270/3 "/>
</bind>
</comp>

<comp id="822" class="1004" name="sext_ln1273_fu_822">
<pin_list>
<pin id="823" dir="0" index="0" bw="23" slack="0"/>
<pin id="824" dir="1" index="1" bw="62" slack="0"/>
</pin_list>
<bind>
<opcode="sext(35) " fcode="sext"/>
<opset="sext_ln1273/3 "/>
</bind>
</comp>

<comp id="826" class="1004" name="r_V_5_fu_826">
<pin_list>
<pin id="827" dir="0" index="0" bw="23" slack="0"/>
<pin id="828" dir="0" index="1" bw="40" slack="0"/>
<pin id="829" dir="1" index="2" bw="62" slack="1"/>
</pin_list>
<bind>
<opcode="mul(12) " fcode="mul"/>
<opset="r_V_5/3 "/>
</bind>
</comp>

<comp id="832" class="1004" name="lhs_load_load_fu_832">
<pin_list>
<pin id="833" dir="0" index="0" bw="48" slack="3"/>
<pin id="834" dir="1" index="1" bw="48" slack="0"/>
</pin_list>
<bind>
<opcode="load(27) " fcode="load"/>
<opset="lhs_load/4 "/>
</bind>
</comp>

<comp id="835" class="1004" name="lhs_1_fu_835">
<pin_list>
<pin id="836" dir="0" index="0" bw="72" slack="0"/>
<pin id="837" dir="0" index="1" bw="48" slack="0"/>
<pin id="838" dir="0" index="2" bw="1" slack="0"/>
<pin id="839" dir="1" index="3" bw="72" slack="0"/>
</pin_list>
<bind>
<opcode="bitconcatenate(1004) " fcode="bitconcatenate"/>
<opset="lhs_1/4 "/>
</bind>
</comp>

<comp id="843" class="1004" name="trunc_ln214_fu_843">
<pin_list>
<pin id="844" dir="0" index="0" bw="48" slack="0"/>
<pin id="845" dir="1" index="1" bw="40" slack="0"/>
</pin_list>
<bind>
<opcode="trunc(33) " fcode="trunc"/>
<opset="trunc_ln214/4 "/>
</bind>
</comp>

<comp id="847" class="1004" name="sext_ln1347_s_fu_847">
<pin_list>
<pin id="848" dir="0" index="0" bw="64" slack="0"/>
<pin id="849" dir="0" index="1" bw="40" slack="0"/>
<pin id="850" dir="0" index="2" bw="1" slack="0"/>
<pin id="851" dir="1" index="3" bw="64" slack="0"/>
</pin_list>
<bind>
<opcode="bitconcatenate(1004) " fcode="bitconcatenate"/>
<opset="sext_ln1347_s/4 "/>
</bind>
</comp>

<comp id="855" class="1004" name="sext_ln214_fu_855">
<pin_list>
<pin id="856" dir="0" index="0" bw="62" slack="1"/>
<pin id="857" dir="1" index="1" bw="64" slack="0"/>
</pin_list>
<bind>
<opcode="sext(35) " fcode="sext"/>
<opset="sext_ln214/4 "/>
</bind>
</comp>

<comp id="858" class="1004" name="sext_ln1347_fu_858">
<pin_list>
<pin id="859" dir="0" index="0" bw="62" slack="1"/>
<pin id="860" dir="1" index="1" bw="72" slack="0"/>
</pin_list>
<bind>
<opcode="sext(35) " fcode="sext"/>
<opset="sext_ln1347/4 "/>
</bind>
</comp>

<comp id="861" class="1004" name="add_ln214_1_fu_861">
<pin_list>
<pin id="862" dir="0" index="0" bw="64" slack="0"/>
<pin id="863" dir="0" index="1" bw="62" slack="0"/>
<pin id="864" dir="1" index="2" bw="64" slack="0"/>
</pin_list>
<bind>
<opcode="add(8) " fcode="add"/>
<opset="add_ln214_1/4 "/>
</bind>
</comp>

<comp id="867" class="1004" name="add_ln1347_fu_867">
<pin_list>
<pin id="868" dir="0" index="0" bw="72" slack="0"/>
<pin id="869" dir="0" index="1" bw="62" slack="0"/>
<pin id="870" dir="1" index="2" bw="72" slack="0"/>
</pin_list>
<bind>
<opcode="add(8) " fcode="add"/>
<opset="add_ln1347/4 "/>
</bind>
</comp>

<comp id="873" class="1004" name="acc_V_fu_873">
<pin_list>
<pin id="874" dir="0" index="0" bw="48" slack="0"/>
<pin id="875" dir="0" index="1" bw="72" slack="0"/>
<pin id="876" dir="0" index="2" bw="6" slack="0"/>
<pin id="877" dir="0" index="3" bw="8" slack="0"/>
<pin id="878" dir="1" index="4" bw="48" slack="0"/>
</pin_list>
<bind>
<opcode="partselect(1002) " fcode="partselect"/>
<opset="acc_V/4 "/>
</bind>
</comp>

<comp id="883" class="1004" name="phitmp6_fu_883">
<pin_list>
<pin id="884" dir="0" index="0" bw="32" slack="0"/>
<pin id="885" dir="0" index="1" bw="64" slack="0"/>
<pin id="886" dir="0" index="2" bw="7" slack="0"/>
<pin id="887" dir="0" index="3" bw="7" slack="0"/>
<pin id="888" dir="1" index="4" bw="32" slack="0"/>
</pin_list>
<bind>
<opcode="partselect(1002) " fcode="partselect"/>
<opset="phitmp6/4 "/>
</bind>
</comp>

<comp id="893" class="1004" name="store_ln214_store_fu_893">
<pin_list>
<pin id="894" dir="0" index="0" bw="48" slack="0"/>
<pin id="895" dir="0" index="1" bw="48" slack="3"/>
<pin id="896" dir="1" index="2" bw="0" slack="2147483647"/>
</pin_list>
<bind>
<opcode="store(28) " fcode="store"/>
<opset="store_ln214/4 "/>
</bind>
</comp>

<comp id="898" class="1004" name="store_ln214_store_fu_898">
<pin_list>
<pin id="899" dir="0" index="0" bw="32" slack="0"/>
<pin id="900" dir="0" index="1" bw="32" slack="3"/>
<pin id="901" dir="1" index="2" bw="0" slack="2147483647"/>
</pin_list>
<bind>
<opcode="store(28) " fcode="store"/>
<opset="store_ln214/4 "/>
</bind>
</comp>

<comp id="903" class="1004" name="phi_ln818_6_load_load_fu_903">
<pin_list>
<pin id="904" dir="0" index="0" bw="32" slack="2"/>
<pin id="905" dir="1" index="1" bw="32" slack="0"/>
</pin_list>
<bind>
<opcode="load(27) " fcode="load"/>
<opset="phi_ln818_6_load/3 "/>
</bind>
</comp>

<comp id="907" class="1005" name="phi_ln818_6_reg_907">
<pin_list>
<pin id="908" dir="0" index="0" bw="32" slack="0"/>
<pin id="909" dir="1" index="1" bw="32" slack="0"/>
</pin_list>
<bind>
<opset="phi_ln818_6 "/>
</bind>
</comp>

<comp id="914" class="1005" name="lhs_reg_914">
<pin_list>
<pin id="915" dir="0" index="0" bw="48" slack="0"/>
<pin id="916" dir="1" index="1" bw="48" slack="0"/>
</pin_list>
<bind>
<opset="lhs "/>
</bind>
</comp>

<comp id="921" class="1005" name="k_reg_921">
<pin_list>
<pin id="922" dir="0" index="0" bw="3" slack="0"/>
<pin id="923" dir="1" index="1" bw="3" slack="0"/>
</pin_list>
<bind>
<opset="k "/>
</bind>
</comp>

<comp id="928" class="1005" name="ic_reg_928">
<pin_list>
<pin id="929" dir="0" index="0" bw="6" slack="0"/>
<pin id="930" dir="1" index="1" bw="6" slack="0"/>
</pin_list>
<bind>
<opset="ic "/>
</bind>
</comp>

<comp id="935" class="1005" name="indvar_flatten72_reg_935">
<pin_list>
<pin id="936" dir="0" index="0" bw="8" slack="0"/>
<pin id="937" dir="1" index="1" bw="8" slack="0"/>
</pin_list>
<bind>
<opset="indvar_flatten72 "/>
</bind>
</comp>

<comp id="942" class="1005" name="empty_reg_942">
<pin_list>
<pin id="943" dir="0" index="0" bw="1" slack="1"/>
<pin id="944" dir="1" index="1" bw="1" slack="1"/>
</pin_list>
<bind>
<opset="empty "/>
</bind>
</comp>

<comp id="953" class="1005" name="win34_V_2_addr_reg_953">
<pin_list>
<pin id="954" dir="0" index="0" bw="4" slack="1"/>
<pin id="955" dir="1" index="1" bw="4" slack="1"/>
</pin_list>
<bind>
<opset="win34_V_2_addr "/>
</bind>
</comp>

<comp id="958" class="1005" name="win34_V_3_addr_reg_958">
<pin_list>
<pin id="959" dir="0" index="0" bw="4" slack="1"/>
<pin id="960" dir="1" index="1" bw="4" slack="1"/>
</pin_list>
<bind>
<opset="win34_V_3_addr "/>
</bind>
</comp>

<comp id="963" class="1005" name="win34_V_4_addr_reg_963">
<pin_list>
<pin id="964" dir="0" index="0" bw="4" slack="1"/>
<pin id="965" dir="1" index="1" bw="4" slack="1"/>
</pin_list>
<bind>
<opset="win34_V_4_addr "/>
</bind>
</comp>

<comp id="968" class="1005" name="win34_V_5_addr_reg_968">
<pin_list>
<pin id="969" dir="0" index="0" bw="4" slack="1"/>
<pin id="970" dir="1" index="1" bw="4" slack="1"/>
</pin_list>
<bind>
<opset="win34_V_5_addr "/>
</bind>
</comp>

<comp id="973" class="1005" name="win34_V_6_addr_reg_973">
<pin_list>
<pin id="974" dir="0" index="0" bw="4" slack="1"/>
<pin id="975" dir="1" index="1" bw="4" slack="1"/>
</pin_list>
<bind>
<opset="win34_V_6_addr "/>
</bind>
</comp>

<comp id="978" class="1005" name="win34_V_7_addr_reg_978">
<pin_list>
<pin id="979" dir="0" index="0" bw="4" slack="1"/>
<pin id="980" dir="1" index="1" bw="4" slack="1"/>
</pin_list>
<bind>
<opset="win34_V_7_addr "/>
</bind>
</comp>

<comp id="983" class="1005" name="win34_V_8_addr_reg_983">
<pin_list>
<pin id="984" dir="0" index="0" bw="4" slack="1"/>
<pin id="985" dir="1" index="1" bw="4" slack="1"/>
</pin_list>
<bind>
<opset="win34_V_8_addr "/>
</bind>
</comp>

<comp id="988" class="1005" name="win34_V_9_addr_reg_988">
<pin_list>
<pin id="989" dir="0" index="0" bw="4" slack="1"/>
<pin id="990" dir="1" index="1" bw="4" slack="1"/>
</pin_list>
<bind>
<opset="win34_V_9_addr "/>
</bind>
</comp>

<comp id="993" class="1005" name="win34_V_10_addr_reg_993">
<pin_list>
<pin id="994" dir="0" index="0" bw="4" slack="1"/>
<pin id="995" dir="1" index="1" bw="4" slack="1"/>
</pin_list>
<bind>
<opset="win34_V_10_addr "/>
</bind>
</comp>

<comp id="998" class="1005" name="win34_V_11_addr_reg_998">
<pin_list>
<pin id="999" dir="0" index="0" bw="4" slack="1"/>
<pin id="1000" dir="1" index="1" bw="4" slack="1"/>
</pin_list>
<bind>
<opset="win34_V_11_addr "/>
</bind>
</comp>

<comp id="1003" class="1005" name="icmp_ln212_reg_1003">
<pin_list>
<pin id="1004" dir="0" index="0" bw="1" slack="1"/>
<pin id="1005" dir="1" index="1" bw="1" slack="2147483647"/>
</pin_list>
<bind>
<opset="icmp_ln212 "/>
</bind>
</comp>

<comp id="1007" class="1005" name="icmp_ln214_reg_1007">
<pin_list>
<pin id="1008" dir="0" index="0" bw="1" slack="1"/>
<pin id="1009" dir="1" index="1" bw="1" slack="1"/>
</pin_list>
<bind>
<opset="icmp_ln214 "/>
</bind>
</comp>

<comp id="1018" class="1005" name="select_ln212_reg_1018">
<pin_list>
<pin id="1019" dir="0" index="0" bw="3" slack="1"/>
<pin id="1020" dir="1" index="1" bw="3" slack="1"/>
</pin_list>
<bind>
<opset="select_ln212 "/>
</bind>
</comp>

<comp id="1023" class="1005" name="empty_54_reg_1023">
<pin_list>
<pin id="1024" dir="0" index="0" bw="1" slack="1"/>
<pin id="1025" dir="1" index="1" bw="1" slack="1"/>
</pin_list>
<bind>
<opset="empty_54 "/>
</bind>
</comp>

<comp id="1034" class="1005" name="win34_V_2_addr_1_reg_1034">
<pin_list>
<pin id="1035" dir="0" index="0" bw="4" slack="1"/>
<pin id="1036" dir="1" index="1" bw="4" slack="1"/>
</pin_list>
<bind>
<opset="win34_V_2_addr_1 "/>
</bind>
</comp>

<comp id="1039" class="1005" name="win34_V_3_addr_1_reg_1039">
<pin_list>
<pin id="1040" dir="0" index="0" bw="4" slack="1"/>
<pin id="1041" dir="1" index="1" bw="4" slack="1"/>
</pin_list>
<bind>
<opset="win34_V_3_addr_1 "/>
</bind>
</comp>

<comp id="1044" class="1005" name="win34_V_4_addr_1_reg_1044">
<pin_list>
<pin id="1045" dir="0" index="0" bw="4" slack="1"/>
<pin id="1046" dir="1" index="1" bw="4" slack="1"/>
</pin_list>
<bind>
<opset="win34_V_4_addr_1 "/>
</bind>
</comp>

<comp id="1049" class="1005" name="win34_V_5_addr_1_reg_1049">
<pin_list>
<pin id="1050" dir="0" index="0" bw="4" slack="1"/>
<pin id="1051" dir="1" index="1" bw="4" slack="1"/>
</pin_list>
<bind>
<opset="win34_V_5_addr_1 "/>
</bind>
</comp>

<comp id="1054" class="1005" name="win34_V_6_addr_1_reg_1054">
<pin_list>
<pin id="1055" dir="0" index="0" bw="4" slack="1"/>
<pin id="1056" dir="1" index="1" bw="4" slack="1"/>
</pin_list>
<bind>
<opset="win34_V_6_addr_1 "/>
</bind>
</comp>

<comp id="1059" class="1005" name="win34_V_7_addr_1_reg_1059">
<pin_list>
<pin id="1060" dir="0" index="0" bw="4" slack="1"/>
<pin id="1061" dir="1" index="1" bw="4" slack="1"/>
</pin_list>
<bind>
<opset="win34_V_7_addr_1 "/>
</bind>
</comp>

<comp id="1064" class="1005" name="win34_V_8_addr_1_reg_1064">
<pin_list>
<pin id="1065" dir="0" index="0" bw="4" slack="1"/>
<pin id="1066" dir="1" index="1" bw="4" slack="1"/>
</pin_list>
<bind>
<opset="win34_V_8_addr_1 "/>
</bind>
</comp>

<comp id="1069" class="1005" name="win34_V_9_addr_1_reg_1069">
<pin_list>
<pin id="1070" dir="0" index="0" bw="4" slack="1"/>
<pin id="1071" dir="1" index="1" bw="4" slack="1"/>
</pin_list>
<bind>
<opset="win34_V_9_addr_1 "/>
</bind>
</comp>

<comp id="1074" class="1005" name="win34_V_10_addr_1_reg_1074">
<pin_list>
<pin id="1075" dir="0" index="0" bw="4" slack="1"/>
<pin id="1076" dir="1" index="1" bw="4" slack="1"/>
</pin_list>
<bind>
<opset="win34_V_10_addr_1 "/>
</bind>
</comp>

<comp id="1079" class="1005" name="win34_V_11_addr_1_reg_1079">
<pin_list>
<pin id="1080" dir="0" index="0" bw="4" slack="1"/>
<pin id="1081" dir="1" index="1" bw="4" slack="1"/>
</pin_list>
<bind>
<opset="win34_V_11_addr_1 "/>
</bind>
</comp>

<comp id="1084" class="1005" name="add_ln837_reg_1084">
<pin_list>
<pin id="1085" dir="0" index="0" bw="8" slack="1"/>
<pin id="1086" dir="1" index="1" bw="8" slack="1"/>
</pin_list>
<bind>
<opset="add_ln837 "/>
</bind>
</comp>

<comp id="1089" class="1005" name="denoiser_w_L4_W_V_addr_reg_1089">
<pin_list>
<pin id="1090" dir="0" index="0" bw="8" slack="1"/>
<pin id="1091" dir="1" index="1" bw="8" slack="1"/>
</pin_list>
<bind>
<opset="denoiser_w_L4_W_V_addr "/>
</bind>
</comp>

<comp id="1094" class="1005" name="x_V_reg_1094">
<pin_list>
<pin id="1095" dir="0" index="0" bw="32" slack="1"/>
<pin id="1096" dir="1" index="1" bw="32" slack="1"/>
</pin_list>
<bind>
<opset="x_V "/>
</bind>
</comp>

<comp id="1099" class="1005" name="r_V_5_reg_1099">
<pin_list>
<pin id="1100" dir="0" index="0" bw="62" slack="1"/>
<pin id="1101" dir="1" index="1" bw="62" slack="1"/>
</pin_list>
<bind>
<opset="r_V_5 "/>
</bind>
</comp>

</comp_list>

<net_list>
<net id="111"><net_src comp="24" pin="0"/><net_sink comp="108" pin=0"/></net>

<net id="115"><net_src comp="24" pin="0"/><net_sink comp="112" pin=0"/></net>

<net id="119"><net_src comp="24" pin="0"/><net_sink comp="116" pin=0"/></net>

<net id="123"><net_src comp="24" pin="0"/><net_sink comp="120" pin=0"/></net>

<net id="127"><net_src comp="24" pin="0"/><net_sink comp="124" pin=0"/></net>

<net id="133"><net_src comp="106" pin="0"/><net_sink comp="128" pin=0"/></net>

<net id="134"><net_src comp="20" pin="0"/><net_sink comp="128" pin=1"/></net>

<net id="140"><net_src comp="0" pin="0"/><net_sink comp="135" pin=0"/></net>

<net id="141"><net_src comp="48" pin="0"/><net_sink comp="135" pin=1"/></net>

<net id="151"><net_src comp="135" pin="3"/><net_sink comp="142" pin=2"/></net>

<net id="157"><net_src comp="2" pin="0"/><net_sink comp="152" pin=0"/></net>

<net id="158"><net_src comp="48" pin="0"/><net_sink comp="152" pin=1"/></net>

<net id="168"><net_src comp="152" pin="3"/><net_sink comp="159" pin=2"/></net>

<net id="174"><net_src comp="4" pin="0"/><net_sink comp="169" pin=0"/></net>

<net id="175"><net_src comp="48" pin="0"/><net_sink comp="169" pin=1"/></net>

<net id="185"><net_src comp="169" pin="3"/><net_sink comp="176" pin=2"/></net>

<net id="191"><net_src comp="6" pin="0"/><net_sink comp="186" pin=0"/></net>

<net id="192"><net_src comp="48" pin="0"/><net_sink comp="186" pin=1"/></net>

<net id="202"><net_src comp="186" pin="3"/><net_sink comp="193" pin=2"/></net>

<net id="208"><net_src comp="8" pin="0"/><net_sink comp="203" pin=0"/></net>

<net id="209"><net_src comp="48" pin="0"/><net_sink comp="203" pin=1"/></net>

<net id="219"><net_src comp="203" pin="3"/><net_sink comp="210" pin=2"/></net>

<net id="225"><net_src comp="10" pin="0"/><net_sink comp="220" pin=0"/></net>

<net id="226"><net_src comp="48" pin="0"/><net_sink comp="220" pin=1"/></net>

<net id="236"><net_src comp="220" pin="3"/><net_sink comp="227" pin=2"/></net>

<net id="242"><net_src comp="12" pin="0"/><net_sink comp="237" pin=0"/></net>

<net id="243"><net_src comp="48" pin="0"/><net_sink comp="237" pin=1"/></net>

<net id="253"><net_src comp="237" pin="3"/><net_sink comp="244" pin=2"/></net>

<net id="259"><net_src comp="14" pin="0"/><net_sink comp="254" pin=0"/></net>

<net id="260"><net_src comp="48" pin="0"/><net_sink comp="254" pin=1"/></net>

<net id="270"><net_src comp="254" pin="3"/><net_sink comp="261" pin=2"/></net>

<net id="276"><net_src comp="16" pin="0"/><net_sink comp="271" pin=0"/></net>

<net id="277"><net_src comp="48" pin="0"/><net_sink comp="271" pin=1"/></net>

<net id="287"><net_src comp="271" pin="3"/><net_sink comp="278" pin=2"/></net>

<net id="293"><net_src comp="18" pin="0"/><net_sink comp="288" pin=0"/></net>

<net id="294"><net_src comp="48" pin="0"/><net_sink comp="288" pin=1"/></net>

<net id="304"><net_src comp="288" pin="3"/><net_sink comp="295" pin=2"/></net>

<net id="310"><net_src comp="0" pin="0"/><net_sink comp="305" pin=0"/></net>

<net id="311"><net_src comp="48" pin="0"/><net_sink comp="305" pin=1"/></net>

<net id="312"><net_src comp="305" pin="3"/><net_sink comp="142" pin=0"/></net>

<net id="318"><net_src comp="2" pin="0"/><net_sink comp="313" pin=0"/></net>

<net id="319"><net_src comp="48" pin="0"/><net_sink comp="313" pin=1"/></net>

<net id="320"><net_src comp="313" pin="3"/><net_sink comp="159" pin=0"/></net>

<net id="326"><net_src comp="4" pin="0"/><net_sink comp="321" pin=0"/></net>

<net id="327"><net_src comp="48" pin="0"/><net_sink comp="321" pin=1"/></net>

<net id="328"><net_src comp="321" pin="3"/><net_sink comp="176" pin=0"/></net>

<net id="334"><net_src comp="6" pin="0"/><net_sink comp="329" pin=0"/></net>

<net id="335"><net_src comp="48" pin="0"/><net_sink comp="329" pin=1"/></net>

<net id="336"><net_src comp="329" pin="3"/><net_sink comp="193" pin=0"/></net>

<net id="342"><net_src comp="8" pin="0"/><net_sink comp="337" pin=0"/></net>

<net id="343"><net_src comp="48" pin="0"/><net_sink comp="337" pin=1"/></net>

<net id="344"><net_src comp="337" pin="3"/><net_sink comp="210" pin=0"/></net>

<net id="350"><net_src comp="10" pin="0"/><net_sink comp="345" pin=0"/></net>

<net id="351"><net_src comp="48" pin="0"/><net_sink comp="345" pin=1"/></net>

<net id="352"><net_src comp="345" pin="3"/><net_sink comp="227" pin=0"/></net>

<net id="358"><net_src comp="12" pin="0"/><net_sink comp="353" pin=0"/></net>

<net id="359"><net_src comp="48" pin="0"/><net_sink comp="353" pin=1"/></net>

<net id="360"><net_src comp="353" pin="3"/><net_sink comp="244" pin=0"/></net>

<net id="366"><net_src comp="14" pin="0"/><net_sink comp="361" pin=0"/></net>

<net id="367"><net_src comp="48" pin="0"/><net_sink comp="361" pin=1"/></net>

<net id="368"><net_src comp="361" pin="3"/><net_sink comp="261" pin=0"/></net>

<net id="374"><net_src comp="16" pin="0"/><net_sink comp="369" pin=0"/></net>

<net id="375"><net_src comp="48" pin="0"/><net_sink comp="369" pin=1"/></net>

<net id="376"><net_src comp="369" pin="3"/><net_sink comp="278" pin=0"/></net>

<net id="382"><net_src comp="18" pin="0"/><net_sink comp="377" pin=0"/></net>

<net id="383"><net_src comp="48" pin="0"/><net_sink comp="377" pin=1"/></net>

<net id="384"><net_src comp="377" pin="3"/><net_sink comp="295" pin=0"/></net>

<net id="390"><net_src comp="22" pin="0"/><net_sink comp="385" pin=0"/></net>

<net id="391"><net_src comp="48" pin="0"/><net_sink comp="385" pin=1"/></net>

<net id="397"><net_src comp="385" pin="3"/><net_sink comp="392" pin=0"/></net>

<net id="402"><net_src comp="34" pin="0"/><net_sink comp="398" pin=0"/></net>

<net id="407"><net_src comp="36" pin="0"/><net_sink comp="403" pin=0"/></net>

<net id="412"><net_src comp="38" pin="0"/><net_sink comp="408" pin=0"/></net>

<net id="417"><net_src comp="40" pin="0"/><net_sink comp="413" pin=0"/></net>

<net id="422"><net_src comp="42" pin="0"/><net_sink comp="418" pin=0"/></net>

<net id="435"><net_src comp="44" pin="0"/><net_sink comp="429" pin=0"/></net>

<net id="436"><net_src comp="423" pin="1"/><net_sink comp="429" pin=1"/></net>

<net id="437"><net_src comp="24" pin="0"/><net_sink comp="429" pin=2"/></net>

<net id="438"><net_src comp="46" pin="0"/><net_sink comp="429" pin=3"/></net>

<net id="442"><net_src comp="429" pin="4"/><net_sink comp="439" pin=0"/></net>

<net id="443"><net_src comp="439" pin="1"/><net_sink comp="135" pin=2"/></net>

<net id="444"><net_src comp="439" pin="1"/><net_sink comp="152" pin=2"/></net>

<net id="445"><net_src comp="439" pin="1"/><net_sink comp="169" pin=2"/></net>

<net id="446"><net_src comp="439" pin="1"/><net_sink comp="186" pin=2"/></net>

<net id="447"><net_src comp="439" pin="1"/><net_sink comp="203" pin=2"/></net>

<net id="448"><net_src comp="439" pin="1"/><net_sink comp="220" pin=2"/></net>

<net id="449"><net_src comp="439" pin="1"/><net_sink comp="237" pin=2"/></net>

<net id="450"><net_src comp="439" pin="1"/><net_sink comp="254" pin=2"/></net>

<net id="451"><net_src comp="439" pin="1"/><net_sink comp="271" pin=2"/></net>

<net id="452"><net_src comp="439" pin="1"/><net_sink comp="288" pin=2"/></net>

<net id="456"><net_src comp="423" pin="1"/><net_sink comp="453" pin=0"/></net>

<net id="461"><net_src comp="426" pin="1"/><net_sink comp="457" pin=0"/></net>

<net id="462"><net_src comp="50" pin="0"/><net_sink comp="457" pin=1"/></net>

<net id="467"><net_src comp="426" pin="1"/><net_sink comp="463" pin=0"/></net>

<net id="468"><net_src comp="52" pin="0"/><net_sink comp="463" pin=1"/></net>

<net id="476"><net_src comp="423" pin="1"/><net_sink comp="472" pin=0"/></net>

<net id="477"><net_src comp="54" pin="0"/><net_sink comp="472" pin=1"/></net>

<net id="482"><net_src comp="469" pin="1"/><net_sink comp="478" pin=0"/></net>

<net id="483"><net_src comp="56" pin="0"/><net_sink comp="478" pin=1"/></net>

<net id="489"><net_src comp="478" pin="2"/><net_sink comp="484" pin=0"/></net>

<net id="490"><net_src comp="38" pin="0"/><net_sink comp="484" pin=1"/></net>

<net id="491"><net_src comp="469" pin="1"/><net_sink comp="484" pin=2"/></net>

<net id="497"><net_src comp="478" pin="2"/><net_sink comp="492" pin=0"/></net>

<net id="498"><net_src comp="472" pin="2"/><net_sink comp="492" pin=1"/></net>

<net id="499"><net_src comp="423" pin="1"/><net_sink comp="492" pin=2"/></net>

<net id="503"><net_src comp="492" pin="3"/><net_sink comp="500" pin=0"/></net>

<net id="507"><net_src comp="492" pin="3"/><net_sink comp="504" pin=0"/></net>

<net id="513"><net_src comp="58" pin="0"/><net_sink comp="508" pin=0"/></net>

<net id="514"><net_src comp="500" pin="1"/><net_sink comp="508" pin=1"/></net>

<net id="515"><net_src comp="38" pin="0"/><net_sink comp="508" pin=2"/></net>

<net id="520"><net_src comp="508" pin="3"/><net_sink comp="516" pin=0"/></net>

<net id="521"><net_src comp="504" pin="1"/><net_sink comp="516" pin=1"/></net>

<net id="528"><net_src comp="44" pin="0"/><net_sink comp="522" pin=0"/></net>

<net id="529"><net_src comp="472" pin="2"/><net_sink comp="522" pin=1"/></net>

<net id="530"><net_src comp="24" pin="0"/><net_sink comp="522" pin=2"/></net>

<net id="531"><net_src comp="46" pin="0"/><net_sink comp="522" pin=3"/></net>

<net id="535"><net_src comp="522" pin="4"/><net_sink comp="532" pin=0"/></net>

<net id="536"><net_src comp="532" pin="1"/><net_sink comp="305" pin=2"/></net>

<net id="537"><net_src comp="532" pin="1"/><net_sink comp="313" pin=2"/></net>

<net id="538"><net_src comp="532" pin="1"/><net_sink comp="321" pin=2"/></net>

<net id="539"><net_src comp="532" pin="1"/><net_sink comp="329" pin=2"/></net>

<net id="540"><net_src comp="532" pin="1"/><net_sink comp="337" pin=2"/></net>

<net id="541"><net_src comp="532" pin="1"/><net_sink comp="345" pin=2"/></net>

<net id="542"><net_src comp="532" pin="1"/><net_sink comp="353" pin=2"/></net>

<net id="543"><net_src comp="532" pin="1"/><net_sink comp="361" pin=2"/></net>

<net id="544"><net_src comp="532" pin="1"/><net_sink comp="369" pin=2"/></net>

<net id="545"><net_src comp="532" pin="1"/><net_sink comp="377" pin=2"/></net>

<net id="549"><net_src comp="472" pin="2"/><net_sink comp="546" pin=0"/></net>

<net id="553"><net_src comp="484" pin="3"/><net_sink comp="550" pin=0"/></net>

<net id="558"><net_src comp="516" pin="2"/><net_sink comp="554" pin=0"/></net>

<net id="559"><net_src comp="550" pin="1"/><net_sink comp="554" pin=1"/></net>

<net id="564"><net_src comp="484" pin="3"/><net_sink comp="560" pin=0"/></net>

<net id="565"><net_src comp="60" pin="0"/><net_sink comp="560" pin=1"/></net>

<net id="570"><net_src comp="463" pin="2"/><net_sink comp="566" pin=0"/></net>

<net id="575"><net_src comp="492" pin="3"/><net_sink comp="571" pin=0"/></net>

<net id="580"><net_src comp="560" pin="2"/><net_sink comp="576" pin=0"/></net>

<net id="587"><net_src comp="62" pin="0"/><net_sink comp="581" pin=0"/></net>

<net id="588"><net_src comp="42" pin="0"/><net_sink comp="581" pin=1"/></net>

<net id="589"><net_src comp="42" pin="0"/><net_sink comp="581" pin=2"/></net>

<net id="596"><net_src comp="64" pin="0"/><net_sink comp="590" pin=0"/></net>

<net id="597"><net_src comp="66" pin="0"/><net_sink comp="590" pin=1"/></net>

<net id="598"><net_src comp="66" pin="0"/><net_sink comp="590" pin=2"/></net>

<net id="605"><net_src comp="64" pin="0"/><net_sink comp="599" pin=0"/></net>

<net id="606"><net_src comp="142" pin="7"/><net_sink comp="599" pin=1"/></net>

<net id="607"><net_src comp="159" pin="7"/><net_sink comp="599" pin=2"/></net>

<net id="614"><net_src comp="64" pin="0"/><net_sink comp="608" pin=0"/></net>

<net id="615"><net_src comp="176" pin="7"/><net_sink comp="608" pin=1"/></net>

<net id="616"><net_src comp="193" pin="7"/><net_sink comp="608" pin=2"/></net>

<net id="623"><net_src comp="64" pin="0"/><net_sink comp="617" pin=0"/></net>

<net id="624"><net_src comp="210" pin="7"/><net_sink comp="617" pin=1"/></net>

<net id="625"><net_src comp="227" pin="7"/><net_sink comp="617" pin=2"/></net>

<net id="632"><net_src comp="64" pin="0"/><net_sink comp="626" pin=0"/></net>

<net id="633"><net_src comp="244" pin="7"/><net_sink comp="626" pin=1"/></net>

<net id="634"><net_src comp="261" pin="7"/><net_sink comp="626" pin=2"/></net>

<net id="641"><net_src comp="64" pin="0"/><net_sink comp="635" pin=0"/></net>

<net id="642"><net_src comp="278" pin="7"/><net_sink comp="635" pin=1"/></net>

<net id="643"><net_src comp="295" pin="7"/><net_sink comp="635" pin=2"/></net>

<net id="650"><net_src comp="62" pin="0"/><net_sink comp="644" pin=0"/></net>

<net id="651"><net_src comp="42" pin="0"/><net_sink comp="644" pin=1"/></net>

<net id="652"><net_src comp="42" pin="0"/><net_sink comp="644" pin=2"/></net>

<net id="658"><net_src comp="644" pin="4"/><net_sink comp="653" pin=1"/></net>

<net id="659"><net_src comp="581" pin="4"/><net_sink comp="653" pin=2"/></net>

<net id="666"><net_src comp="64" pin="0"/><net_sink comp="660" pin=0"/></net>

<net id="667"><net_src comp="66" pin="0"/><net_sink comp="660" pin=1"/></net>

<net id="668"><net_src comp="66" pin="0"/><net_sink comp="660" pin=2"/></net>

<net id="674"><net_src comp="660" pin="4"/><net_sink comp="669" pin=1"/></net>

<net id="675"><net_src comp="590" pin="4"/><net_sink comp="669" pin=2"/></net>

<net id="679"><net_src comp="669" pin="3"/><net_sink comp="676" pin=0"/></net>

<net id="686"><net_src comp="64" pin="0"/><net_sink comp="680" pin=0"/></net>

<net id="687"><net_src comp="142" pin="3"/><net_sink comp="680" pin=1"/></net>

<net id="688"><net_src comp="159" pin="3"/><net_sink comp="680" pin=2"/></net>

<net id="694"><net_src comp="680" pin="4"/><net_sink comp="689" pin=1"/></net>

<net id="695"><net_src comp="599" pin="4"/><net_sink comp="689" pin=2"/></net>

<net id="699"><net_src comp="689" pin="3"/><net_sink comp="696" pin=0"/></net>

<net id="706"><net_src comp="64" pin="0"/><net_sink comp="700" pin=0"/></net>

<net id="707"><net_src comp="176" pin="3"/><net_sink comp="700" pin=1"/></net>

<net id="708"><net_src comp="193" pin="3"/><net_sink comp="700" pin=2"/></net>

<net id="714"><net_src comp="700" pin="4"/><net_sink comp="709" pin=1"/></net>

<net id="715"><net_src comp="608" pin="4"/><net_sink comp="709" pin=2"/></net>

<net id="719"><net_src comp="709" pin="3"/><net_sink comp="716" pin=0"/></net>

<net id="726"><net_src comp="64" pin="0"/><net_sink comp="720" pin=0"/></net>

<net id="727"><net_src comp="210" pin="3"/><net_sink comp="720" pin=1"/></net>

<net id="728"><net_src comp="227" pin="3"/><net_sink comp="720" pin=2"/></net>

<net id="734"><net_src comp="720" pin="4"/><net_sink comp="729" pin=1"/></net>

<net id="735"><net_src comp="617" pin="4"/><net_sink comp="729" pin=2"/></net>

<net id="739"><net_src comp="729" pin="3"/><net_sink comp="736" pin=0"/></net>

<net id="746"><net_src comp="64" pin="0"/><net_sink comp="740" pin=0"/></net>

<net id="747"><net_src comp="244" pin="3"/><net_sink comp="740" pin=1"/></net>

<net id="748"><net_src comp="261" pin="3"/><net_sink comp="740" pin=2"/></net>

<net id="754"><net_src comp="740" pin="4"/><net_sink comp="749" pin=1"/></net>

<net id="755"><net_src comp="626" pin="4"/><net_sink comp="749" pin=2"/></net>

<net id="759"><net_src comp="749" pin="3"/><net_sink comp="756" pin=0"/></net>

<net id="766"><net_src comp="64" pin="0"/><net_sink comp="760" pin=0"/></net>

<net id="767"><net_src comp="278" pin="3"/><net_sink comp="760" pin=1"/></net>

<net id="768"><net_src comp="295" pin="3"/><net_sink comp="760" pin=2"/></net>

<net id="774"><net_src comp="760" pin="4"/><net_sink comp="769" pin=1"/></net>

<net id="775"><net_src comp="635" pin="4"/><net_sink comp="769" pin=2"/></net>

<net id="779"><net_src comp="769" pin="3"/><net_sink comp="776" pin=0"/></net>

<net id="783"><net_src comp="780" pin="1"/><net_sink comp="385" pin=2"/></net>

<net id="795"><net_src comp="68" pin="0"/><net_sink comp="784" pin=0"/></net>

<net id="796"><net_src comp="653" pin="3"/><net_sink comp="784" pin=1"/></net>

<net id="797"><net_src comp="676" pin="1"/><net_sink comp="784" pin=2"/></net>

<net id="798"><net_src comp="696" pin="1"/><net_sink comp="784" pin=3"/></net>

<net id="799"><net_src comp="716" pin="1"/><net_sink comp="784" pin=4"/></net>

<net id="800"><net_src comp="736" pin="1"/><net_sink comp="784" pin=5"/></net>

<net id="801"><net_src comp="756" pin="1"/><net_sink comp="784" pin=6"/></net>

<net id="802"><net_src comp="776" pin="1"/><net_sink comp="784" pin=7"/></net>

<net id="808"><net_src comp="70" pin="0"/><net_sink comp="803" pin=0"/></net>

<net id="809"><net_src comp="34" pin="0"/><net_sink comp="803" pin=2"/></net>

<net id="815"><net_src comp="72" pin="0"/><net_sink comp="810" pin=0"/></net>

<net id="816"><net_src comp="392" pin="3"/><net_sink comp="810" pin=1"/></net>

<net id="817"><net_src comp="34" pin="0"/><net_sink comp="810" pin=2"/></net>

<net id="821"><net_src comp="803" pin="3"/><net_sink comp="818" pin=0"/></net>

<net id="825"><net_src comp="810" pin="3"/><net_sink comp="822" pin=0"/></net>

<net id="830"><net_src comp="822" pin="1"/><net_sink comp="826" pin=0"/></net>

<net id="831"><net_src comp="818" pin="1"/><net_sink comp="826" pin=1"/></net>

<net id="840"><net_src comp="88" pin="0"/><net_sink comp="835" pin=0"/></net>

<net id="841"><net_src comp="832" pin="1"/><net_sink comp="835" pin=1"/></net>

<net id="842"><net_src comp="90" pin="0"/><net_sink comp="835" pin=2"/></net>

<net id="846"><net_src comp="832" pin="1"/><net_sink comp="843" pin=0"/></net>

<net id="852"><net_src comp="92" pin="0"/><net_sink comp="847" pin=0"/></net>

<net id="853"><net_src comp="843" pin="1"/><net_sink comp="847" pin=1"/></net>

<net id="854"><net_src comp="90" pin="0"/><net_sink comp="847" pin=2"/></net>

<net id="865"><net_src comp="847" pin="3"/><net_sink comp="861" pin=0"/></net>

<net id="866"><net_src comp="855" pin="1"/><net_sink comp="861" pin=1"/></net>

<net id="871"><net_src comp="835" pin="3"/><net_sink comp="867" pin=0"/></net>

<net id="872"><net_src comp="858" pin="1"/><net_sink comp="867" pin=1"/></net>

<net id="879"><net_src comp="94" pin="0"/><net_sink comp="873" pin=0"/></net>

<net id="880"><net_src comp="867" pin="2"/><net_sink comp="873" pin=1"/></net>

<net id="881"><net_src comp="96" pin="0"/><net_sink comp="873" pin=2"/></net>

<net id="882"><net_src comp="98" pin="0"/><net_sink comp="873" pin=3"/></net>

<net id="889"><net_src comp="100" pin="0"/><net_sink comp="883" pin=0"/></net>

<net id="890"><net_src comp="861" pin="2"/><net_sink comp="883" pin=1"/></net>

<net id="891"><net_src comp="102" pin="0"/><net_sink comp="883" pin=2"/></net>

<net id="892"><net_src comp="104" pin="0"/><net_sink comp="883" pin=3"/></net>

<net id="897"><net_src comp="873" pin="4"/><net_sink comp="893" pin=0"/></net>

<net id="902"><net_src comp="883" pin="4"/><net_sink comp="898" pin=0"/></net>

<net id="906"><net_src comp="903" pin="1"/><net_sink comp="128" pin=2"/></net>

<net id="910"><net_src comp="108" pin="1"/><net_sink comp="907" pin=0"/></net>

<net id="911"><net_src comp="907" pin="1"/><net_sink comp="418" pin=1"/></net>

<net id="912"><net_src comp="907" pin="1"/><net_sink comp="898" pin=1"/></net>

<net id="913"><net_src comp="907" pin="1"/><net_sink comp="903" pin=0"/></net>

<net id="917"><net_src comp="112" pin="1"/><net_sink comp="914" pin=0"/></net>

<net id="918"><net_src comp="914" pin="1"/><net_sink comp="413" pin=1"/></net>

<net id="919"><net_src comp="914" pin="1"/><net_sink comp="832" pin=0"/></net>

<net id="920"><net_src comp="914" pin="1"/><net_sink comp="893" pin=1"/></net>

<net id="924"><net_src comp="116" pin="1"/><net_sink comp="921" pin=0"/></net>

<net id="925"><net_src comp="921" pin="1"/><net_sink comp="408" pin=1"/></net>

<net id="926"><net_src comp="921" pin="1"/><net_sink comp="469" pin=0"/></net>

<net id="927"><net_src comp="921" pin="1"/><net_sink comp="576" pin=1"/></net>

<net id="931"><net_src comp="120" pin="1"/><net_sink comp="928" pin=0"/></net>

<net id="932"><net_src comp="928" pin="1"/><net_sink comp="403" pin=1"/></net>

<net id="933"><net_src comp="928" pin="1"/><net_sink comp="423" pin=0"/></net>

<net id="934"><net_src comp="928" pin="1"/><net_sink comp="571" pin=1"/></net>

<net id="938"><net_src comp="124" pin="1"/><net_sink comp="935" pin=0"/></net>

<net id="939"><net_src comp="935" pin="1"/><net_sink comp="398" pin=1"/></net>

<net id="940"><net_src comp="935" pin="1"/><net_sink comp="426" pin=0"/></net>

<net id="941"><net_src comp="935" pin="1"/><net_sink comp="566" pin=1"/></net>

<net id="945"><net_src comp="453" pin="1"/><net_sink comp="942" pin=0"/></net>

<net id="946"><net_src comp="942" pin="1"/><net_sink comp="581" pin=3"/></net>

<net id="947"><net_src comp="942" pin="1"/><net_sink comp="590" pin=3"/></net>

<net id="948"><net_src comp="942" pin="1"/><net_sink comp="599" pin=3"/></net>

<net id="949"><net_src comp="942" pin="1"/><net_sink comp="608" pin=3"/></net>

<net id="950"><net_src comp="942" pin="1"/><net_sink comp="617" pin=3"/></net>

<net id="951"><net_src comp="942" pin="1"/><net_sink comp="626" pin=3"/></net>

<net id="952"><net_src comp="942" pin="1"/><net_sink comp="635" pin=3"/></net>

<net id="956"><net_src comp="135" pin="3"/><net_sink comp="953" pin=0"/></net>

<net id="957"><net_src comp="953" pin="1"/><net_sink comp="142" pin=2"/></net>

<net id="961"><net_src comp="152" pin="3"/><net_sink comp="958" pin=0"/></net>

<net id="962"><net_src comp="958" pin="1"/><net_sink comp="159" pin=2"/></net>

<net id="966"><net_src comp="169" pin="3"/><net_sink comp="963" pin=0"/></net>

<net id="967"><net_src comp="963" pin="1"/><net_sink comp="176" pin=2"/></net>

<net id="971"><net_src comp="186" pin="3"/><net_sink comp="968" pin=0"/></net>

<net id="972"><net_src comp="968" pin="1"/><net_sink comp="193" pin=2"/></net>

<net id="976"><net_src comp="203" pin="3"/><net_sink comp="973" pin=0"/></net>

<net id="977"><net_src comp="973" pin="1"/><net_sink comp="210" pin=2"/></net>

<net id="981"><net_src comp="220" pin="3"/><net_sink comp="978" pin=0"/></net>

<net id="982"><net_src comp="978" pin="1"/><net_sink comp="227" pin=2"/></net>

<net id="986"><net_src comp="237" pin="3"/><net_sink comp="983" pin=0"/></net>

<net id="987"><net_src comp="983" pin="1"/><net_sink comp="244" pin=2"/></net>

<net id="991"><net_src comp="254" pin="3"/><net_sink comp="988" pin=0"/></net>

<net id="992"><net_src comp="988" pin="1"/><net_sink comp="261" pin=2"/></net>

<net id="996"><net_src comp="271" pin="3"/><net_sink comp="993" pin=0"/></net>

<net id="997"><net_src comp="993" pin="1"/><net_sink comp="278" pin=2"/></net>

<net id="1001"><net_src comp="288" pin="3"/><net_sink comp="998" pin=0"/></net>

<net id="1002"><net_src comp="998" pin="1"/><net_sink comp="295" pin=2"/></net>

<net id="1006"><net_src comp="457" pin="2"/><net_sink comp="1003" pin=0"/></net>

<net id="1010"><net_src comp="478" pin="2"/><net_sink comp="1007" pin=0"/></net>

<net id="1011"><net_src comp="1007" pin="1"/><net_sink comp="653" pin=0"/></net>

<net id="1012"><net_src comp="1007" pin="1"/><net_sink comp="669" pin=0"/></net>

<net id="1013"><net_src comp="1007" pin="1"/><net_sink comp="689" pin=0"/></net>

<net id="1014"><net_src comp="1007" pin="1"/><net_sink comp="709" pin=0"/></net>

<net id="1015"><net_src comp="1007" pin="1"/><net_sink comp="729" pin=0"/></net>

<net id="1016"><net_src comp="1007" pin="1"/><net_sink comp="749" pin=0"/></net>

<net id="1017"><net_src comp="1007" pin="1"/><net_sink comp="769" pin=0"/></net>

<net id="1021"><net_src comp="484" pin="3"/><net_sink comp="1018" pin=0"/></net>

<net id="1022"><net_src comp="1018" pin="1"/><net_sink comp="784" pin=8"/></net>

<net id="1026"><net_src comp="546" pin="1"/><net_sink comp="1023" pin=0"/></net>

<net id="1027"><net_src comp="1023" pin="1"/><net_sink comp="644" pin=3"/></net>

<net id="1028"><net_src comp="1023" pin="1"/><net_sink comp="660" pin=3"/></net>

<net id="1029"><net_src comp="1023" pin="1"/><net_sink comp="680" pin=3"/></net>

<net id="1030"><net_src comp="1023" pin="1"/><net_sink comp="700" pin=3"/></net>

<net id="1031"><net_src comp="1023" pin="1"/><net_sink comp="720" pin=3"/></net>

<net id="1032"><net_src comp="1023" pin="1"/><net_sink comp="740" pin=3"/></net>

<net id="1033"><net_src comp="1023" pin="1"/><net_sink comp="760" pin=3"/></net>

<net id="1037"><net_src comp="305" pin="3"/><net_sink comp="1034" pin=0"/></net>

<net id="1038"><net_src comp="1034" pin="1"/><net_sink comp="142" pin=0"/></net>

<net id="1042"><net_src comp="313" pin="3"/><net_sink comp="1039" pin=0"/></net>

<net id="1043"><net_src comp="1039" pin="1"/><net_sink comp="159" pin=0"/></net>

<net id="1047"><net_src comp="321" pin="3"/><net_sink comp="1044" pin=0"/></net>

<net id="1048"><net_src comp="1044" pin="1"/><net_sink comp="176" pin=0"/></net>

<net id="1052"><net_src comp="329" pin="3"/><net_sink comp="1049" pin=0"/></net>

<net id="1053"><net_src comp="1049" pin="1"/><net_sink comp="193" pin=0"/></net>

<net id="1057"><net_src comp="337" pin="3"/><net_sink comp="1054" pin=0"/></net>

<net id="1058"><net_src comp="1054" pin="1"/><net_sink comp="210" pin=0"/></net>

<net id="1062"><net_src comp="345" pin="3"/><net_sink comp="1059" pin=0"/></net>

<net id="1063"><net_src comp="1059" pin="1"/><net_sink comp="227" pin=0"/></net>

<net id="1067"><net_src comp="353" pin="3"/><net_sink comp="1064" pin=0"/></net>

<net id="1068"><net_src comp="1064" pin="1"/><net_sink comp="244" pin=0"/></net>

<net id="1072"><net_src comp="361" pin="3"/><net_sink comp="1069" pin=0"/></net>

<net id="1073"><net_src comp="1069" pin="1"/><net_sink comp="261" pin=0"/></net>

<net id="1077"><net_src comp="369" pin="3"/><net_sink comp="1074" pin=0"/></net>

<net id="1078"><net_src comp="1074" pin="1"/><net_sink comp="278" pin=0"/></net>

<net id="1082"><net_src comp="377" pin="3"/><net_sink comp="1079" pin=0"/></net>

<net id="1083"><net_src comp="1079" pin="1"/><net_sink comp="295" pin=0"/></net>

<net id="1087"><net_src comp="554" pin="2"/><net_sink comp="1084" pin=0"/></net>

<net id="1088"><net_src comp="1084" pin="1"/><net_sink comp="780" pin=0"/></net>

<net id="1092"><net_src comp="385" pin="3"/><net_sink comp="1089" pin=0"/></net>

<net id="1093"><net_src comp="1089" pin="1"/><net_sink comp="392" pin=0"/></net>

<net id="1097"><net_src comp="784" pin="9"/><net_sink comp="1094" pin=0"/></net>

<net id="1098"><net_src comp="1094" pin="1"/><net_sink comp="803" pin=1"/></net>

<net id="1102"><net_src comp="826" pin="2"/><net_sink comp="1099" pin=0"/></net>

<net id="1103"><net_src comp="1099" pin="1"/><net_sink comp="855" pin=0"/></net>

<net id="1104"><net_src comp="1099" pin="1"/><net_sink comp="858" pin=0"/></net>

</net_list>

</model> 
---------------- Datapath Model END ------------------

* FSMD analyzer results:
  - Output states:
	Port: phi_ln818_6_out | {3 }
 - Input state : 
	Port: conv_layer01234_fused_Pipeline_L4_IC_L4_K : win34_V_2 | {1 2 }
	Port: conv_layer01234_fused_Pipeline_L4_IC_L4_K : win34_V_3 | {1 2 }
	Port: conv_layer01234_fused_Pipeline_L4_IC_L4_K : win34_V_4 | {1 2 }
	Port: conv_layer01234_fused_Pipeline_L4_IC_L4_K : win34_V_5 | {1 2 }
	Port: conv_layer01234_fused_Pipeline_L4_IC_L4_K : win34_V_6 | {1 2 }
	Port: conv_layer01234_fused_Pipeline_L4_IC_L4_K : win34_V_7 | {1 2 }
	Port: conv_layer01234_fused_Pipeline_L4_IC_L4_K : win34_V_8 | {1 2 }
	Port: conv_layer01234_fused_Pipeline_L4_IC_L4_K : win34_V_9 | {1 2 }
	Port: conv_layer01234_fused_Pipeline_L4_IC_L4_K : win34_V_10 | {1 2 }
	Port: conv_layer01234_fused_Pipeline_L4_IC_L4_K : win34_V_11 | {1 2 }
	Port: conv_layer01234_fused_Pipeline_L4_IC_L4_K : denoiser_w_L4_W_V | {2 3 }
  - Chain level:
	State 1
		store_ln0 : 1
		store_ln0 : 1
		store_ln0 : 1
		store_ln0 : 1
		store_ln0 : 1
		ic_1 : 1
		indvar_flatten72_load : 1
		tmp_s : 2
		p_cast22 : 3
		empty : 2
		win34_V_2_addr : 4
		win34_V_2_load : 5
		win34_V_3_addr : 4
		win34_V_3_load : 5
		win34_V_4_addr : 4
		win34_V_4_load : 5
		win34_V_5_addr : 4
		win34_V_5_load : 5
		win34_V_6_addr : 4
		win34_V_6_load : 5
		win34_V_7_addr : 4
		win34_V_7_load : 5
		win34_V_8_addr : 4
		win34_V_8_load : 5
		win34_V_9_addr : 4
		win34_V_9_load : 5
		win34_V_10_addr : 4
		win34_V_10_load : 5
		win34_V_11_addr : 4
		win34_V_11_load : 5
		icmp_ln212 : 2
		add_ln212_1 : 2
		br_ln212 : 3
		k_load : 1
		add_ln212 : 2
		icmp_ln214 : 2
		select_ln212 : 3
		select_ln212_1 : 3
		trunc_ln212 : 4
		zext_ln837 : 4
		tmp_8 : 5
		sub_ln837 : 6
		p_mid1 : 3
		p_cast22_mid1 : 4
		empty_54 : 3
		win34_V_2_addr_1 : 5
		win34_V_2_load_1 : 6
		win34_V_3_addr_1 : 5
		win34_V_3_load_1 : 6
		win34_V_4_addr_1 : 5
		win34_V_4_load_1 : 6
		win34_V_5_addr_1 : 5
		win34_V_5_load_1 : 6
		win34_V_6_addr_1 : 5
		win34_V_6_load_1 : 6
		win34_V_7_addr_1 : 5
		win34_V_7_load_1 : 6
		win34_V_8_addr_1 : 5
		win34_V_8_load_1 : 6
		win34_V_9_addr_1 : 5
		win34_V_9_load_1 : 6
		win34_V_10_addr_1 : 5
		win34_V_10_load_1 : 6
		win34_V_11_addr_1 : 5
		win34_V_11_load_1 : 6
		zext_ln837_1 : 4
		add_ln837 : 7
		add_ln214 : 4
		store_ln214 : 3
		store_ln214 : 4
		store_ln214 : 5
	State 2
		tmp_2 : 1
		tmp_3 : 1
		tmp_4 : 1
		tmp_6 : 1
		tmp_7 : 1
		select_ln212_2 : 1
		select_ln212_3 : 1
		zext_ln212 : 2
		tmp_13_mid1 : 1
		select_ln212_4 : 2
		zext_ln212_1 : 3
		tmp_14_mid1 : 1
		select_ln212_5 : 2
		zext_ln212_2 : 3
		tmp_15_mid1 : 1
		select_ln212_6 : 2
		zext_ln212_3 : 3
		tmp_16_mid1 : 1
		select_ln212_7 : 2
		zext_ln212_4 : 3
		tmp_17_mid1 : 1
		select_ln212_8 : 2
		zext_ln212_5 : 3
		denoiser_w_L4_W_V_addr : 1
		x_V : 4
		denoiser_w_L4_W_V_load : 2
	State 3
		shl_ln838_6 : 1
		sext_ln1270 : 1
		sext_ln1273 : 2
		r_V_5 : 3
		write_ln0 : 1
	State 4
		lhs_1 : 1
		trunc_ln214 : 1
		sext_ln1347_s : 2
		add_ln214_1 : 3
		add_ln1347 : 2
		acc_V : 3
		phitmp6 : 4
		store_ln214 : 4
		store_ln214 : 5


============================================================
+ Verbose Summary: Datapath Resource usage 
============================================================

* Functional unit list:
|----------|------------------------|---------|---------|---------|
| Operation|     Functional Unit    |   DSP   |    FF   |   LUT   |
|----------|------------------------|---------|---------|---------|
|          |   select_ln212_fu_484  |    0    |    0    |    3    |
|          |  select_ln212_1_fu_492 |    0    |    0    |    6    |
|          |  select_ln212_2_fu_653 |    0    |    0    |    32   |
|          |  select_ln212_3_fu_669 |    0    |    0    |    31   |
|  select  |  select_ln212_4_fu_689 |    0    |    0    |    31   |
|          |  select_ln212_5_fu_709 |    0    |    0    |    31   |
|          |  select_ln212_6_fu_729 |    0    |    0    |    31   |
|          |  select_ln212_7_fu_749 |    0    |    0    |    31   |
|          |  select_ln212_8_fu_769 |    0    |    0    |    31   |
|----------|------------------------|---------|---------|---------|
|          |   add_ln212_1_fu_463   |    0    |    0    |    8    |
|          |    add_ln212_fu_472    |    0    |    0    |    6    |
|    add   |    add_ln837_fu_554    |    0    |    0    |    8    |
|          |    add_ln214_fu_560    |    0    |    0    |    4    |
|          |   add_ln214_1_fu_861   |    0    |    0    |    64   |
|          |    add_ln1347_fu_867   |    0    |    0    |    72   |
|----------|------------------------|---------|---------|---------|
|          |      tmp_5_fu_581      |    0    |    0    |    9    |
|          |      tmp_1_fu_590      |    0    |    0    |    9    |
|          |      tmp_2_fu_599      |    0    |    0    |    9    |
|          |      tmp_3_fu_608      |    0    |    0    |    9    |
|          |      tmp_4_fu_617      |    0    |    0    |    9    |
|          |      tmp_6_fu_626      |    0    |    0    |    9    |
|          |      tmp_7_fu_635      |    0    |    0    |    9    |
|    mux   |    tmp_5_mid1_fu_644   |    0    |    0    |    9    |
|          |   tmp_12_mid1_fu_660   |    0    |    0    |    9    |
|          |   tmp_13_mid1_fu_680   |    0    |    0    |    9    |
|          |   tmp_14_mid1_fu_700   |    0    |    0    |    9    |
|          |   tmp_15_mid1_fu_720   |    0    |    0    |    9    |
|          |   tmp_16_mid1_fu_740   |    0    |    0    |    9    |
|          |   tmp_17_mid1_fu_760   |    0    |    0    |    9    |
|          |       x_V_fu_784       |    0    |    0    |    29   |
|----------|------------------------|---------|---------|---------|
|    mul   |      r_V_5_fu_826      |    2    |    0    |    29   |
|----------|------------------------|---------|---------|---------|
|    sub   |    sub_ln837_fu_516    |    0    |    0    |    8    |
|----------|------------------------|---------|---------|---------|
|   icmp   |    icmp_ln212_fu_457   |    0    |    0    |    4    |
|          |    icmp_ln214_fu_478   |    0    |    0    |    2    |
|----------|------------------------|---------|---------|---------|
|   write  | write_ln0_write_fu_128 |    0    |    0    |    0    |
|----------|------------------------|---------|---------|---------|
|          |      tmp_s_fu_429      |    0    |    0    |    0    |
|partselect|      p_mid1_fu_522     |    0    |    0    |    0    |
|          |      acc_V_fu_873      |    0    |    0    |    0    |
|          |     phitmp6_fu_883     |    0    |    0    |    0    |
|----------|------------------------|---------|---------|---------|
|          |     p_cast22_fu_439    |    0    |    0    |    0    |
|          |    zext_ln837_fu_504   |    0    |    0    |    0    |
|          |  p_cast22_mid1_fu_532  |    0    |    0    |    0    |
|          |   zext_ln837_1_fu_550  |    0    |    0    |    0    |
|          |    zext_ln212_fu_676   |    0    |    0    |    0    |
|   zext   |   zext_ln212_1_fu_696  |    0    |    0    |    0    |
|          |   zext_ln212_2_fu_716  |    0    |    0    |    0    |
|          |   zext_ln212_3_fu_736  |    0    |    0    |    0    |
|          |   zext_ln212_4_fu_756  |    0    |    0    |    0    |
|          |   zext_ln212_5_fu_776  |    0    |    0    |    0    |
|          |   zext_ln837_2_fu_780  |    0    |    0    |    0    |
|----------|------------------------|---------|---------|---------|
|          |      empty_fu_453      |    0    |    0    |    0    |
|   trunc  |   trunc_ln212_fu_500   |    0    |    0    |    0    |
|          |     empty_54_fu_546    |    0    |    0    |    0    |
|          |   trunc_ln214_fu_843   |    0    |    0    |    0    |
|----------|------------------------|---------|---------|---------|
|          |      tmp_8_fu_508      |    0    |    0    |    0    |
|          |       r_V_fu_803       |    0    |    0    |    0    |
|bitconcatenate|   shl_ln838_6_fu_810   |    0    |    0    |    0    |
|          |      lhs_1_fu_835      |    0    |    0    |    0    |
|          |  sext_ln1347_s_fu_847  |    0    |    0    |    0    |
|----------|------------------------|---------|---------|---------|
|          |   sext_ln1270_fu_818   |    0    |    0    |    0    |
|   sext   |   sext_ln1273_fu_822   |    0    |    0    |    0    |
|          |    sext_ln214_fu_855   |    0    |    0    |    0    |
|          |   sext_ln1347_fu_858   |    0    |    0    |    0    |
|----------|------------------------|---------|---------|---------|
|   Total  |                        |    2    |    0    |   587   |
|----------|------------------------|---------|---------|---------|

Memories:
N/A

* Register list:
+-------------------------------+--------+
|                               |   FF   |
+-------------------------------+--------+
|       add_ln837_reg_1084      |    8   |
|denoiser_w_L4_W_V_addr_reg_1089|    8   |
|       empty_54_reg_1023       |    1   |
|         empty_reg_942         |    1   |
|           ic_reg_928          |    6   |
|      icmp_ln212_reg_1003      |    1   |
|      icmp_ln214_reg_1007      |    1   |
|    indvar_flatten72_reg_935   |    8   |
|           k_reg_921           |    3   |
|          lhs_reg_914          |   48   |
|      phi_ln818_6_reg_907      |   32   |
|         r_V_5_reg_1099        |   62   |
|     select_ln212_reg_1018     |    3   |
|   win34_V_10_addr_1_reg_1074  |    4   |
|    win34_V_10_addr_reg_993    |    4   |
|   win34_V_11_addr_1_reg_1079  |    4   |
|    win34_V_11_addr_reg_998    |    4   |
|   win34_V_2_addr_1_reg_1034   |    4   |
|     win34_V_2_addr_reg_953    |    4   |
|   win34_V_3_addr_1_reg_1039   |    4   |
|     win34_V_3_addr_reg_958    |    4   |
|   win34_V_4_addr_1_reg_1044   |    4   |
|     win34_V_4_addr_reg_963    |    4   |
|   win34_V_5_addr_1_reg_1049   |    4   |
|     win34_V_5_addr_reg_968    |    4   |
|   win34_V_6_addr_1_reg_1054   |    4   |
|     win34_V_6_addr_reg_973    |    4   |
|   win34_V_7_addr_1_reg_1059   |    4   |
|     win34_V_7_addr_reg_978    |    4   |
|   win34_V_8_addr_1_reg_1064   |    4   |
|     win34_V_8_addr_reg_983    |    4   |
|   win34_V_9_addr_1_reg_1069   |    4   |
|     win34_V_9_addr_reg_988    |    4   |
|          x_V_reg_1094         |   32   |
+-------------------------------+--------+
|             Total             |   294  |
+-------------------------------+--------+

* Multiplexer (MUX) list: 
|-------------------|------|------|------|--------||---------||---------|
|        Comp       |  Pin | Size |  BW  | S x BW ||  Delay  ||   LUT   |
|-------------------|------|------|------|--------||---------||---------|
| grp_access_fu_142 |  p0  |   2  |   4  |    8   ||    9    |
| grp_access_fu_142 |  p2  |   2  |   0  |    0   ||    9    |
| grp_access_fu_159 |  p0  |   2  |   4  |    8   ||    9    |
| grp_access_fu_159 |  p2  |   2  |   0  |    0   ||    9    |
| grp_access_fu_176 |  p0  |   2  |   4  |    8   ||    9    |
| grp_access_fu_176 |  p2  |   2  |   0  |    0   ||    9    |
| grp_access_fu_193 |  p0  |   2  |   4  |    8   ||    9    |
| grp_access_fu_193 |  p2  |   2  |   0  |    0   ||    9    |
| grp_access_fu_210 |  p0  |   2  |   4  |    8   ||    9    |
| grp_access_fu_210 |  p2  |   2  |   0  |    0   ||    9    |
| grp_access_fu_227 |  p0  |   2  |   4  |    8   ||    9    |
| grp_access_fu_227 |  p2  |   2  |   0  |    0   ||    9    |
| grp_access_fu_244 |  p0  |   2  |   4  |    8   ||    9    |
| grp_access_fu_244 |  p2  |   2  |   0  |    0   ||    9    |
| grp_access_fu_261 |  p0  |   2  |   4  |    8   ||    9    |
| grp_access_fu_261 |  p2  |   2  |   0  |    0   ||    9    |
| grp_access_fu_278 |  p0  |   2  |   4  |    8   ||    9    |
| grp_access_fu_278 |  p2  |   2  |   0  |    0   ||    9    |
| grp_access_fu_295 |  p0  |   2  |   4  |    8   ||    9    |
| grp_access_fu_295 |  p2  |   2  |   0  |    0   ||    9    |
| grp_access_fu_392 |  p0  |   2  |   8  |   16   ||    9    |
|-------------------|------|------|------|--------||---------||---------|
|       Total       |      |      |      |   96   ||  27.258 ||   189   |
|-------------------|------|------|------|--------||---------||---------|



* Summary:
+-----------+--------+--------+--------+--------+
|           |   DSP  |  Delay |   FF   |   LUT  |
+-----------+--------+--------+--------+--------+
|  Function |    2   |    -   |    0   |   587  |
|   Memory  |    -   |    -   |    -   |    -   |
|Multiplexer|    -   |   27   |    -   |   189  |
|  Register |    -   |    -   |   294  |    -   |
+-----------+--------+--------+--------+--------+
|   Total   |    2   |   27   |   294  |   776  |
+-----------+--------+--------+--------+--------+
