==============================================================
Vitis HLS - High-Level Synthesis from C, C++ and OpenCL v2022.2 (64-bit)
Tool Version Limit: 2019.12
Copyright 1986-2022 Xilinx, Inc. All Rights Reserved.
==============================================================
INFO: [SYN 201-201] Setting up clock 'default' with a period of 13ns.
INFO: [HLS 200-1611] Setting target device to 'xc7z030-sbg485-2'
INFO: [HLS 200-1505] Using flow_target 'vivado'
INFO: [HLS 200-1510] Running: set_part xc7z030sbg485-2 
INFO: [HLS 200-1510] Running: create_clock -period 13 -name default 
INFO: [SYN 201-201] Setting up clock 'default' with a period of 13ns.
INFO: [HLS 200-1510] Running: csim_design -clean -quiet 
INFO: [SIM 211-2] *************** CSIM start ***************
INFO: [SIM 211-4] CSIM will launch GCC as the compiler.
ERROR: [SIM 211-100] 'csim_design' failed: compilation error(s).
INFO: [SIM 211-3] *************** CSIM finish ***************
INFO: [HLS 200-111] Finished Command csim_design CPU user time: 0 seconds. CPU system time: 0 seconds. Elapsed time: 18 seconds; current allocated memory: 0.309 MB.
INFO: [HLS 200-112] Total CPU user time: 3 seconds. Total CPU system time: 2 seconds. Total elapsed time: 32.223 seconds; peak allocated memory: 111.105 MB.
==============================================================
Vitis HLS - High-Level Synthesis from C, C++ and OpenCL v2022.2 (64-bit)
Tool Version Limit: 2019.12
Copyright 1986-2022 Xilinx, Inc. All Rights Reserved.
==============================================================
INFO: [SYN 201-201] Setting up clock 'default' with a period of 13ns.
INFO: [HLS 200-1611] Setting target device to 'xc7z030-sbg485-2'
INFO: [HLS 200-1505] Using flow_target 'vivado'
INFO: [HLS 200-1510] Running: set_part xc7z030sbg485-2 
INFO: [HLS 200-1510] Running: create_clock -period 13 -name default 
INFO: [SYN 201-201] Setting up clock 'default' with a period of 13ns.
INFO: [HLS 200-1510] Running: csim_design -clean -quiet 
INFO: [SIM 211-2] *************** CSIM start ***************
INFO: [SIM 211-4] CSIM will launch GCC as the compiler.
INFO: [SIM 211-1] CSim done with 0 errors.
INFO: [SIM 211-3] *************** CSIM finish ***************
INFO: [HLS 200-111] Finished Command csim_design CPU user time: 0 seconds. CPU system time: 0 seconds. Elapsed time: 631.09 seconds; current allocated memory: 0.383 MB.
INFO: [HLS 200-112] Total CPU user time: 2 seconds. Total CPU system time: 2 seconds. Total elapsed time: 644.905 seconds; peak allocated memory: 105.043 MB.
==============================================================
Vitis HLS - High-Level Synthesis from C, C++ and OpenCL v2022.2 (64-bit)
Tool Version Limit: 2019.12
Copyright 1986-2022 Xilinx, Inc. All Rights Reserved.
==============================================================
INFO: [SYN 201-201] Setting up clock 'default' with a period of 13ns.
INFO: [HLS 200-1611] Setting target device to 'xc7z030-sbg485-2'
INFO: [HLS 200-1505] Using flow_target 'vivado'
INFO: [HLS 200-1510] Running: set_part xc7z030sbg485-2 
INFO: [HLS 200-1510] Running: create_clock -period 13 -name default 
INFO: [HLS 200-1510] Running: csynth_design 
INFO: [HLS 200-111] Finished File checks and directory preparation: CPU user time: 0 seconds. CPU system time: 0 seconds. Elapsed time: 10.095 seconds; current allocated memory: 105.527 MB.
INFO: [HLS 200-10] Analyzing design file 'src/weights_denoiser.cpp' ... 
INFO: [HLS 200-10] Analyzing design file 'src/ecg_denoiser.cpp' ... 
INFO: [HLS 200-111] Finished Source Code Analysis and Preprocessing: CPU user time: 1 seconds. CPU system time: 0 seconds. Elapsed time: 75.15 seconds; current allocated memory: 111.680 MB.
INFO: [HLS 200-777] Using interface defaults for 'Vivado' flow target.
INFO: [HLS 214-131] Inlining function 'ssdm_int<64, true>::ssdm_int(long)' into 'ap_int_base<64, true>::ap_int_base(long)' (C:/Xilinx/Vitis_HLS/2022.2/common/technology/autopilot\ap_int_base.h:216:68)
INFO: [HLS 214-131] Inlining function '_ZN8ssdm_intILi65ELb1EEC2EDq65_i' into 'ap_int_base<65, true>::ap_int_base<11, false>(ap_int_base<11, false> const&)' (C:/Xilinx/Vitis_HLS/2022.2/common/technology/autopilot\ap_int_base.h:185:106)
INFO: [HLS 214-131] Inlining function '_ZN8ssdm_intILi65ELb1EEC2EDq65_i' into 'ap_int_base<65, true>::ap_int_base<64, true>(ap_int_base<64, true> const&)' (C:/Xilinx/Vitis_HLS/2022.2/common/technology/autopilot\ap_int_base.h:185:106)
INFO: [HLS 214-131] Inlining function '_ZN8ssdm_intILi65ELb1EEC2EDq65_i' into 'ap_int_base<65, true>::ap_int_base(int)' (C:/Xilinx/Vitis_HLS/2022.2/common/technology/autopilot\ap_int_base.h:214:67)
INFO: [HLS 214-131] Inlining function 'ap_int_base<65, true>::ap_int_base<11, false>(ap_int_base<11, false> const&)' into 'ap_int_base<11, false>::RType<64, true>::minus operator-<11, false, 64, true>(ap_int_base<11, false> const&, ap_int_base<64, true> const&)' (C:/Xilinx/Vitis_HLS/2022.2/common/technology/autopilot\ap_int_base.h:1496:341)
INFO: [HLS 214-131] Inlining function 'ap_int_base<65, true>::ap_int_base(int)' into 'ap_int_base<11, false>::RType<64, true>::minus operator-<11, false, 64, true>(ap_int_base<11, false> const&, ap_int_base<64, true> const&)' (C:/Xilinx/Vitis_HLS/2022.2/common/technology/autopilot\ap_int_base.h:1496:520)
INFO: [HLS 214-131] Inlining function 'ap_int_base<65, true>::ap_int_base<64, true>(ap_int_base<64, true> const&)' into 'ap_int_base<11, false>::RType<64, true>::minus operator-<11, false, 64, true>(ap_int_base<11, false> const&, ap_int_base<64, true> const&)' (C:/Xilinx/Vitis_HLS/2022.2/common/technology/autopilot\ap_int_base.h:1496:430)
INFO: [HLS 214-131] Inlining function 'ap_int_base<64, true>::ap_int_base(long)' into 'ap_int_base<11, false>::RType<($_0)64, true>::minus operator-<11, false>(ap_int_base<11, false> const&, long)' (C:/Xilinx/Vitis_HLS/2022.2/common/technology/autopilot\ap_int_base.h:1635:1548)
INFO: [HLS 214-131] Inlining function 'ap_int_base<11, false>::RType<64, true>::minus operator-<11, false, 64, true>(ap_int_base<11, false> const&, ap_int_base<64, true> const&)' into 'ap_int_base<11, false>::RType<($_0)64, true>::minus operator-<11, false>(ap_int_base<11, false> const&, long)' (C:/Xilinx/Vitis_HLS/2022.2/common/technology/autopilot\ap_int_base.h:1635:1546)
INFO: [HLS 214-131] Inlining function '_ZN8ssdm_intILi1ELb0EEC2EDq1_j' into 'ap_int_base<1, false>::ap_int_base(int)' (C:/Xilinx/Vitis_HLS/2022.2/common/technology/autopilot\ap_int_base.h:214:67)
INFO: [HLS 214-131] Inlining function '_ZN8ssdm_intILi55ELb1EEC2EDq55_i' into 'ap_int_base<55, true>::ap_int_base<1, false>(ap_int_base<1, false> const&)' (C:/Xilinx/Vitis_HLS/2022.2/common/technology/autopilot\ap_int_base.h:185:106)
INFO: [HLS 214-131] Inlining function '_ZN8ssdm_intILi55ELb1EEC2EDq55_i' into 'ap_int_base<55, true>::ap_int_base<54, true>(ap_int_base<54, true> const&)' (C:/Xilinx/Vitis_HLS/2022.2/common/technology/autopilot\ap_int_base.h:185:106)
INFO: [HLS 214-131] Inlining function '_ZN8ssdm_intILi55ELb1EEC2EDq55_i' into 'ap_int_base<55, true>::ap_int_base(int)' (C:/Xilinx/Vitis_HLS/2022.2/common/technology/autopilot\ap_int_base.h:214:67)
INFO: [HLS 214-131] Inlining function 'ap_int_base<55, true>::ap_int_base<1, false>(ap_int_base<1, false> const&)' into 'ap_int_base<1, false>::RType<54, true>::minus operator-<1, false, 54, true>(ap_int_base<1, false> const&, ap_int_base<54, true> const&)' (C:/Xilinx/Vitis_HLS/2022.2/common/technology/autopilot\ap_int_base.h:1496:341)
INFO: [HLS 214-131] Inlining function 'ap_int_base<55, true>::ap_int_base(int)' into 'ap_int_base<1, false>::RType<54, true>::minus operator-<1, false, 54, true>(ap_int_base<1, false> const&, ap_int_base<54, true> const&)' (C:/Xilinx/Vitis_HLS/2022.2/common/technology/autopilot\ap_int_base.h:1496:520)
INFO: [HLS 214-131] Inlining function 'ap_int_base<55, true>::ap_int_base<54, true>(ap_int_base<54, true> const&)' into 'ap_int_base<1, false>::RType<54, true>::minus operator-<1, false, 54, true>(ap_int_base<1, false> const&, ap_int_base<54, true> const&)' (C:/Xilinx/Vitis_HLS/2022.2/common/technology/autopilot\ap_int_base.h:1496:430)
INFO: [HLS 214-131] Inlining function 'ap_int_base<1, false>::ap_int_base(int)' into 'ap_int_base<54, true>::operator-() const' (C:/Xilinx/Vitis_HLS/2022.2/common/technology/autopilot\ap_int_base.h:895:12)
INFO: [HLS 214-131] Inlining function 'ap_int_base<1, false>::RType<54, true>::minus operator-<1, false, 54, true>(ap_int_base<1, false> const&, ap_int_base<54, true> const&)' into 'ap_int_base<54, true>::operator-() const' (C:/Xilinx/Vitis_HLS/2022.2/common/technology/autopilot\ap_int_base.h:895:37)
INFO: [HLS 214-131] Inlining function 'doubleToRawBits(double)' into 'ap_fixed_base<32, 16, true, (ap_q_mode)5, (ap_o_mode)3, 0>::ap_fixed_base(double)' (C:/Xilinx/Vitis_HLS/2022.2/common/technology/autopilot\ap_fixed_base.h:545:14)
INFO: [HLS 214-131] Inlining function 'ap_int_base<54, true>& ap_int_base<54, true>::operator=<55, true>(ap_int_base<55, true> const&)' into 'ap_fixed_base<32, 16, true, (ap_q_mode)5, (ap_o_mode)3, 0>::ap_fixed_base(double)' (C:/Xilinx/Vitis_HLS/2022.2/common/technology/autopilot\ap_fixed_base.h:559:20)
INFO: [HLS 214-131] Inlining function 'ap_int_base<54, true>::operator-() const' into 'ap_fixed_base<32, 16, true, (ap_q_mode)5, (ap_o_mode)3, 0>::ap_fixed_base(double)' (C:/Xilinx/Vitis_HLS/2022.2/common/technology/autopilot\ap_fixed_base.h:559:22)
INFO: [HLS 214-131] Inlining function 'ap_int_base<12, true>& ap_int_base<12, true>::operator=<65, true>(ap_int_base<65, true> const&)' into 'ap_fixed_base<32, 16, true, (ap_q_mode)5, (ap_o_mode)3, 0>::ap_fixed_base(double)' (C:/Xilinx/Vitis_HLS/2022.2/common/technology/autopilot\ap_fixed_base.h:552:9)
INFO: [HLS 214-131] Inlining function 'ap_int_base<11, false>::RType<($_0)64, true>::minus operator-<11, false>(ap_int_base<11, false> const&, long)' into 'ap_fixed_base<32, 16, true, (ap_q_mode)5, (ap_o_mode)3, 0>::ap_fixed_base(double)' (C:/Xilinx/Vitis_HLS/2022.2/common/technology/autopilot\ap_fixed_base.h:552:19)
INFO: [HLS 214-131] Inlining function 'ap_fixed_base<32, 16, true, (ap_q_mode)5, (ap_o_mode)3, 0>::ap_fixed_base(float)' into 'ap_fixed<32, 16, (ap_q_mode)5, (ap_o_mode)3, 0>::ap_fixed(float)'
INFO: [HLS 214-131] Inlining function 'hls::axis<ap_uint<32>, 1ul, 1ul, 1ul>::get_user_ptr()' into 'hls::stream<hls::axis<ap_uint<32>, 1ul, 1ul, 1ul>, 0>::read()' (C:/Xilinx/Vitis_HLS/2022.2/common/technology/autopilot\ap_axi_sdata.h:247:50)
INFO: [HLS 214-131] Inlining function 'hls::axis<ap_uint<32>, 1ul, 1ul, 1ul>::get_dest_ptr()' into 'hls::stream<hls::axis<ap_uint<32>, 1ul, 1ul, 1ul>, 0>::read()' (C:/Xilinx/Vitis_HLS/2022.2/common/technology/autopilot\ap_axi_sdata.h:250:25)
INFO: [HLS 214-131] Inlining function 'hls::axis<ap_uint<32>, 1ul, 1ul, 1ul>::get_id_ptr()' into 'hls::stream<hls::axis<ap_uint<32>, 1ul, 1ul, 1ul>, 0>::read()' (C:/Xilinx/Vitis_HLS/2022.2/common/technology/autopilot\ap_axi_sdata.h:249:67)
INFO: [HLS 214-131] Inlining function 'hls::axis<ap_uint<32>, 1ul, 1ul, 1ul>::get_user_ptr()' into 'hls::stream<hls::axis<ap_uint<32>, 1ul, 1ul, 1ul>, 0>::read()' (C:/Xilinx/Vitis_HLS/2022.2/common/technology/autopilot\ap_axi_sdata.h:249:36)
INFO: [HLS 214-131] Inlining function 'hls::axis<ap_uint<32>, 1ul, 1ul, 1ul>::get_dest_ptr()' into 'hls::stream<hls::axis<ap_uint<32>, 1ul, 1ul, 1ul>, 0>::read()' (C:/Xilinx/Vitis_HLS/2022.2/common/technology/autopilot\ap_axi_sdata.h:248:39)
INFO: [HLS 214-131] Inlining function 'hls::axis<ap_uint<32>, 1ul, 1ul, 1ul>::get_id_ptr()' into 'hls::stream<hls::axis<ap_uint<32>, 1ul, 1ul, 1ul>, 0>::read()' (C:/Xilinx/Vitis_HLS/2022.2/common/technology/autopilot\ap_axi_sdata.h:248:23)
INFO: [HLS 214-131] Inlining function 'ap_range_ref<32, false>::ap_range_ref(ap_int_base<32, false>*, int, int)' into 'ap_int_base<32, false>::range(int, int)' (C:/Xilinx/Vitis_HLS/2022.2/common/technology/autopilot\ap_int_base.h:1048:12)
INFO: [HLS 214-131] Inlining function 'af_range_ref<32, 16, true, (ap_q_mode)5, (ap_o_mode)3, 0>::af_range_ref(ap_fixed_base<32, 16, true, (ap_q_mode)5, (ap_o_mode)3, 0>*, int, int)' into 'ap_fixed_base<32, 16, true, (ap_q_mode)5, (ap_o_mode)3, 0>::range(int, int)' (C:/Xilinx/Vitis_HLS/2022.2/common/technology/autopilot\ap_fixed_base.h:1746:12)
INFO: [HLS 214-131] Inlining function 'ap_range_ref<32, false>::get() const' into 'ap_int_base<32, false>::ap_int_base<32, false>(ap_range_ref<32, false> const&)' (C:/Xilinx/Vitis_HLS/2022.2/common/technology/autopilot\ap_int_base.h:358:20)
INFO: [HLS 214-131] Inlining function 'ap_int_base<32, false>::ap_int_base<32, false>(ap_range_ref<32, false> const&)' into 'af_range_ref<32, 16, true, (ap_q_mode)5, (ap_o_mode)3, 0>& af_range_ref<32, 16, true, (ap_q_mode)5, (ap_o_mode)3, 0>::operator=<32, false>(ap_range_ref<32, false> const&)' (C:/Xilinx/Vitis_HLS/2022.2/common/technology/autopilot\ap_fixed_ref.h:301:38)
INFO: [HLS 214-131] Inlining function 'af_range_ref<32, 16, true, (ap_q_mode)5, (ap_o_mode)3, 0>& af_range_ref<32, 16, true, (ap_q_mode)5, (ap_o_mode)3, 0>::operator=<32, false>(ap_int_base<32, false> const&)' into 'af_range_ref<32, 16, true, (ap_q_mode)5, (ap_o_mode)3, 0>& af_range_ref<32, 16, true, (ap_q_mode)5, (ap_o_mode)3, 0>::operator=<32, false>(ap_range_ref<32, false> const&)' (C:/Xilinx/Vitis_HLS/2022.2/common/technology/autopilot\ap_fixed_ref.h:302:12)
INFO: [HLS 214-131] Inlining function 'ap_fixed_base<32, 32, true, (ap_q_mode)5, (ap_o_mode)3, 0>::operator!() const' into 'ap_fixed_base<48, 24, true, (ap_q_mode)5, (ap_o_mode)3, 0>& ap_fixed_base<48, 24, true, (ap_q_mode)5, (ap_o_mode)3, 0>::operator=<32, 32, true, (ap_q_mode)5, (ap_o_mode)3, 0>(ap_fixed_base<32, 32, true, (ap_q_mode)5, (ap_o_mode)3, 0> const&)' (C:/Xilinx/Vitis_HLS/2022.2/common/technology/autopilot\ap_fixed_base.h:808:9)
INFO: [HLS 214-131] Inlining function 'ap_fixed_base<48, 24, true, (ap_q_mode)5, (ap_o_mode)3, 0>& ap_fixed_base<48, 24, true, (ap_q_mode)5, (ap_o_mode)3, 0>::operator=<32, 32, true, (ap_q_mode)5, (ap_o_mode)3, 0>(ap_fixed_base<32, 32, true, (ap_q_mode)5, (ap_o_mode)3, 0> const&)' into 'ap_fixed_base<48, 24, true, (ap_q_mode)5, (ap_o_mode)3, 0>::ap_fixed_base(int)' (C:/Xilinx/Vitis_HLS/2022.2/common/technology/autopilot\ap_fixed_base.h:530:146)
INFO: [HLS 214-131] Inlining function 'ap_fixed_base<48, 24, true, (ap_q_mode)5, (ap_o_mode)3, 0>::ap_fixed_base(int)' into 'ap_fixed<48, 24, (ap_q_mode)5, (ap_o_mode)3, 0>::ap_fixed(int)'
INFO: [HLS 214-131] Inlining function 'ap_fixed_base<32, 16, true, (ap_q_mode)5, (ap_o_mode)3, 0>::operator!() const' into 'ap_fixed_base<48, 24, true, (ap_q_mode)5, (ap_o_mode)3, 0>& ap_fixed_base<48, 24, true, (ap_q_mode)5, (ap_o_mode)3, 0>::operator=<32, 16, true, (ap_q_mode)5, (ap_o_mode)3, 0>(ap_fixed_base<32, 16, true, (ap_q_mode)5, (ap_o_mode)3, 0> const&)' (C:/Xilinx/Vitis_HLS/2022.2/common/technology/autopilot\ap_fixed_base.h:808:9)
INFO: [HLS 214-131] Inlining function '_ZN8ssdm_intILi48ELb1EEC2EDq48_i' into 'ap_fixed_base<48, 24, true, (ap_q_mode)5, (ap_o_mode)3, 0>::ap_fixed_base<32, 16, true, (ap_q_mode)5, (ap_o_mode)3, 0>(ap_fixed_base<32, 16, true, (ap_q_mode)5, (ap_o_mode)3, 0> const&)' (C:/Xilinx/Vitis_HLS/2022.2/common/technology/autopilot\ap_fixed_base.h:401:80)
INFO: [HLS 214-131] Inlining function 'ap_fixed_base<48, 24, true, (ap_q_mode)5, (ap_o_mode)3, 0>& ap_fixed_base<48, 24, true, (ap_q_mode)5, (ap_o_mode)3, 0>::operator=<32, 16, true, (ap_q_mode)5, (ap_o_mode)3, 0>(ap_fixed_base<32, 16, true, (ap_q_mode)5, (ap_o_mode)3, 0> const&)' into 'ap_fixed_base<48, 24, true, (ap_q_mode)5, (ap_o_mode)3, 0>::ap_fixed_base<32, 16, true, (ap_q_mode)5, (ap_o_mode)3, 0>(ap_fixed_base<32, 16, true, (ap_q_mode)5, (ap_o_mode)3, 0> const&)' (C:/Xilinx/Vitis_HLS/2022.2/common/technology/autopilot\ap_fixed_base.h:403:5)
INFO: [HLS 214-131] Inlining function 'ap_fixed_base<48, 24, true, (ap_q_mode)5, (ap_o_mode)3, 0>::ap_fixed_base<32, 16, true, (ap_q_mode)5, (ap_o_mode)3, 0>(ap_fixed_base<32, 16, true, (ap_q_mode)5, (ap_o_mode)3, 0> const&)' into 'ap_fixed<48, 24, (ap_q_mode)5, (ap_o_mode)3, 0>::ap_fixed<32, 16, true, (ap_q_mode)5, (ap_o_mode)3, 0>(ap_fixed_base<32, 16, true, (ap_q_mode)5, (ap_o_mode)3, 0> const&)'
INFO: [HLS 214-131] Inlining function 'ap_fixed_base<32, 32, true, (ap_q_mode)5, (ap_o_mode)3, 0>::operator!() const' into 'ap_fixed_base<49, 25, true, (ap_q_mode)5, (ap_o_mode)3, 0>& ap_fixed_base<49, 25, true, (ap_q_mode)5, (ap_o_mode)3, 0>::operator=<32, 32, true, (ap_q_mode)5, (ap_o_mode)3, 0>(ap_fixed_base<32, 32, true, (ap_q_mode)5, (ap_o_mode)3, 0> const&)' (C:/Xilinx/Vitis_HLS/2022.2/common/technology/autopilot\ap_fixed_base.h:808:9)
INFO: [HLS 214-131] Inlining function 'ap_fixed_base<49, 25, true, (ap_q_mode)5, (ap_o_mode)3, 0>& ap_fixed_base<49, 25, true, (ap_q_mode)5, (ap_o_mode)3, 0>::operator=<32, 32, true, (ap_q_mode)5, (ap_o_mode)3, 0>(ap_fixed_base<32, 32, true, (ap_q_mode)5, (ap_o_mode)3, 0> const&)' into 'ap_fixed_base<49, 25, true, (ap_q_mode)5, (ap_o_mode)3, 0>::ap_fixed_base(int)' (C:/Xilinx/Vitis_HLS/2022.2/common/technology/autopilot\ap_fixed_base.h:530:146)
INFO: [HLS 214-131] Inlining function 'ap_fixed_base<48, 24, true, (ap_q_mode)5, (ap_o_mode)3, 0>::operator!() const' into 'ap_fixed_base<49, 25, true, (ap_q_mode)5, (ap_o_mode)3, 0>& ap_fixed_base<49, 25, true, (ap_q_mode)5, (ap_o_mode)3, 0>::operator=<48, 24, true, (ap_q_mode)5, (ap_o_mode)3, 0>(ap_fixed_base<48, 24, true, (ap_q_mode)5, (ap_o_mode)3, 0> const&)' (C:/Xilinx/Vitis_HLS/2022.2/common/technology/autopilot\ap_fixed_base.h:808:9)
INFO: [HLS 214-131] Inlining function '_ZN8ssdm_intILi49ELb1EEC2EDq49_i' into 'ap_fixed_base<49, 25, true, (ap_q_mode)5, (ap_o_mode)3, 0>::ap_fixed_base<48, 24, true, (ap_q_mode)5, (ap_o_mode)3, 0>(ap_fixed_base<48, 24, true, (ap_q_mode)5, (ap_o_mode)3, 0> const&)' (C:/Xilinx/Vitis_HLS/2022.2/common/technology/autopilot\ap_fixed_base.h:401:80)
INFO: [HLS 214-131] Inlining function 'ap_fixed_base<49, 25, true, (ap_q_mode)5, (ap_o_mode)3, 0>& ap_fixed_base<49, 25, true, (ap_q_mode)5, (ap_o_mode)3, 0>::operator=<48, 24, true, (ap_q_mode)5, (ap_o_mode)3, 0>(ap_fixed_base<48, 24, true, (ap_q_mode)5, (ap_o_mode)3, 0> const&)' into 'ap_fixed_base<49, 25, true, (ap_q_mode)5, (ap_o_mode)3, 0>::ap_fixed_base<48, 24, true, (ap_q_mode)5, (ap_o_mode)3, 0>(ap_fixed_base<48, 24, true, (ap_q_mode)5, (ap_o_mode)3, 0> const&)' (C:/Xilinx/Vitis_HLS/2022.2/common/technology/autopilot\ap_fixed_base.h:403:5)
INFO: [HLS 214-131] Inlining function 'ap_fixed_base<49, 25, true, (ap_q_mode)5, (ap_o_mode)3, 0>::ap_fixed_base(int)' into 'ap_fixed_base<48, 24, true, (ap_q_mode)5, (ap_o_mode)3, 0>::RType<48, 24, true>::plus ap_fixed_base<48, 24, true, (ap_q_mode)5, (ap_o_mode)3, 0>::operator+<48, 24, true, (ap_q_mode)5, (ap_o_mode)3, 0>(ap_fixed_base<48, 24, true, (ap_q_mode)5, (ap_o_mode)3, 0> const&) const' (C:/Xilinx/Vitis_HLS/2022.2/common/technology/autopilot\ap_fixed_base.h:1347:325)
INFO: [HLS 214-131] Inlining function 'ap_fixed_base<49, 25, true, (ap_q_mode)5, (ap_o_mode)3, 0>::ap_fixed_base<48, 24, true, (ap_q_mode)5, (ap_o_mode)3, 0>(ap_fixed_base<48, 24, true, (ap_q_mode)5, (ap_o_mode)3, 0> const&)' into 'ap_fixed_base<48, 24, true, (ap_q_mode)5, (ap_o_mode)3, 0>::RType<48, 24, true>::plus ap_fixed_base<48, 24, true, (ap_q_mode)5, (ap_o_mode)3, 0>::operator+<48, 24, true, (ap_q_mode)5, (ap_o_mode)3, 0>(ap_fixed_base<48, 24, true, (ap_q_mode)5, (ap_o_mode)3, 0> const&) const' (C:/Xilinx/Vitis_HLS/2022.2/common/technology/autopilot\ap_fixed_base.h:1347:345)
INFO: [HLS 214-131] Inlining function 'ap_fixed_base<49, 25, true, (ap_q_mode)5, (ap_o_mode)3, 0>::ap_fixed_base<48, 24, true, (ap_q_mode)5, (ap_o_mode)3, 0>(ap_fixed_base<48, 24, true, (ap_q_mode)5, (ap_o_mode)3, 0> const&)' into 'ap_fixed_base<48, 24, true, (ap_q_mode)5, (ap_o_mode)3, 0>::RType<48, 24, true>::plus ap_fixed_base<48, 24, true, (ap_q_mode)5, (ap_o_mode)3, 0>::operator+<48, 24, true, (ap_q_mode)5, (ap_o_mode)3, 0>(ap_fixed_base<48, 24, true, (ap_q_mode)5, (ap_o_mode)3, 0> const&) const' (C:/Xilinx/Vitis_HLS/2022.2/common/technology/autopilot\ap_fixed_base.h:1347:333)
INFO: [HLS 214-131] Inlining function 'ap_fixed_base<49, 25, true, (ap_q_mode)5, (ap_o_mode)3, 0>::operator!() const' into 'ap_fixed_base<48, 24, true, (ap_q_mode)5, (ap_o_mode)3, 0>& ap_fixed_base<48, 24, true, (ap_q_mode)5, (ap_o_mode)3, 0>::operator=<49, 25, true, (ap_q_mode)5, (ap_o_mode)3, 0>(ap_fixed_base<49, 25, true, (ap_q_mode)5, (ap_o_mode)3, 0> const&)' (C:/Xilinx/Vitis_HLS/2022.2/common/technology/autopilot\ap_fixed_base.h:808:9)
INFO: [HLS 214-131] Inlining function 'ap_fixed_base<48, 24, true, (ap_q_mode)5, (ap_o_mode)3, 0>::RType<48, 24, true>::plus ap_fixed_base<48, 24, true, (ap_q_mode)5, (ap_o_mode)3, 0>::operator+<48, 24, true, (ap_q_mode)5, (ap_o_mode)3, 0>(ap_fixed_base<48, 24, true, (ap_q_mode)5, (ap_o_mode)3, 0> const&) const' into 'ap_fixed_base<48, 24, true, (ap_q_mode)5, (ap_o_mode)3, 0>& ap_fixed_base<48, 24, true, (ap_q_mode)5, (ap_o_mode)3, 0>::operator+=<48, 24, true, (ap_q_mode)5, (ap_o_mode)3, 0>(ap_fixed_base<48, 24, true, (ap_q_mode)5, (ap_o_mode)3, 0> const&)' (C:/Xilinx/Vitis_HLS/2022.2/common/technology/autopilot\ap_fixed_base.h:1367:248)
INFO: [HLS 214-131] Inlining function 'ap_fixed_base<48, 24, true, (ap_q_mode)5, (ap_o_mode)3, 0>& ap_fixed_base<48, 24, true, (ap_q_mode)5, (ap_o_mode)3, 0>::operator=<49, 25, true, (ap_q_mode)5, (ap_o_mode)3, 0>(ap_fixed_base<49, 25, true, (ap_q_mode)5, (ap_o_mode)3, 0> const&)' into 'ap_fixed_base<48, 24, true, (ap_q_mode)5, (ap_o_mode)3, 0>& ap_fixed_base<48, 24, true, (ap_q_mode)5, (ap_o_mode)3, 0>::operator+=<48, 24, true, (ap_q_mode)5, (ap_o_mode)3, 0>(ap_fixed_base<48, 24, true, (ap_q_mode)5, (ap_o_mode)3, 0> const&)' (C:/Xilinx/Vitis_HLS/2022.2/common/technology/autopilot\ap_fixed_base.h:1367:246)
INFO: [HLS 214-131] Inlining function 'ap_fixed_base<32, 32, true, (ap_q_mode)5, (ap_o_mode)3, 0>::operator!() const' into 'ap_fixed_base<80, 40, true, (ap_q_mode)5, (ap_o_mode)3, 0>& ap_fixed_base<80, 40, true, (ap_q_mode)5, (ap_o_mode)3, 0>::operator=<32, 32, true, (ap_q_mode)5, (ap_o_mode)3, 0>(ap_fixed_base<32, 32, true, (ap_q_mode)5, (ap_o_mode)3, 0> const&)' (C:/Xilinx/Vitis_HLS/2022.2/common/technology/autopilot\ap_fixed_base.h:808:9)
INFO: [HLS 214-131] Inlining function 'ap_fixed_base<80, 40, true, (ap_q_mode)5, (ap_o_mode)3, 0>& ap_fixed_base<80, 40, true, (ap_q_mode)5, (ap_o_mode)3, 0>::operator=<32, 32, true, (ap_q_mode)5, (ap_o_mode)3, 0>(ap_fixed_base<32, 32, true, (ap_q_mode)5, (ap_o_mode)3, 0> const&)' into 'ap_fixed_base<80, 40, true, (ap_q_mode)5, (ap_o_mode)3, 0>::ap_fixed_base(int)' (C:/Xilinx/Vitis_HLS/2022.2/common/technology/autopilot\ap_fixed_base.h:530:146)
INFO: [HLS 214-131] Inlining function 'ap_fixed_base<80, 40, true, (ap_q_mode)5, (ap_o_mode)3, 0>::ap_fixed_base(int)' into 'ap_fixed_base<48, 24, true, (ap_q_mode)5, (ap_o_mode)3, 0>::RType<32, 16, true>::mult ap_fixed_base<48, 24, true, (ap_q_mode)5, (ap_o_mode)3, 0>::operator*<32, 16, true, (ap_q_mode)5, (ap_o_mode)3, 0>(ap_fixed_base<32, 16, true, (ap_q_mode)5, (ap_o_mode)3, 0> const&) const' (C:/Xilinx/Vitis_HLS/2022.2/common/technology/autopilot\ap_fixed_base.h:1270:55)
INFO: [HLS 214-131] Inlining function 'ap_fixed_base<80, 40, true, (ap_q_mode)5, (ap_o_mode)3, 0>::ap_fixed_base(int)' into 'ap_fixed_base<48, 24, true, (ap_q_mode)5, (ap_o_mode)3, 0>::RType<32, 16, true>::mult ap_fixed_base<48, 24, true, (ap_q_mode)5, (ap_o_mode)3, 0>::operator*<32, 16, true, (ap_q_mode)5, (ap_o_mode)3, 0>(ap_fixed_base<32, 16, true, (ap_q_mode)5, (ap_o_mode)3, 0> const&) const' (C:/Xilinx/Vitis_HLS/2022.2/common/technology/autopilot\ap_fixed_base.h:1270:61)
INFO: [HLS 214-131] Inlining function 'ap_fixed_base<80, 40, true, (ap_q_mode)5, (ap_o_mode)3, 0>::operator!() const' into 'ap_fixed_base<32, 16, true, (ap_q_mode)5, (ap_o_mode)3, 0>& ap_fixed_base<32, 16, true, (ap_q_mode)5, (ap_o_mode)3, 0>::operator=<80, 40, true, (ap_q_mode)5, (ap_o_mode)3, 0>(ap_fixed_base<80, 40, true, (ap_q_mode)5, (ap_o_mode)3, 0> const&)' (C:/Xilinx/Vitis_HLS/2022.2/common/technology/autopilot\ap_fixed_base.h:808:9)
INFO: [HLS 214-131] Inlining function 'ssdm_int<32, true>::ssdm_int(int)' into 'ap_fixed_base<32, 16, true, (ap_q_mode)5, (ap_o_mode)3, 0>::ap_fixed_base<80, 40, true, (ap_q_mode)5, (ap_o_mode)3, 0>(ap_fixed_base<80, 40, true, (ap_q_mode)5, (ap_o_mode)3, 0> const&)' (C:/Xilinx/Vitis_HLS/2022.2/common/technology/autopilot\ap_fixed_base.h:401:80)
INFO: [HLS 214-131] Inlining function 'ap_fixed_base<32, 16, true, (ap_q_mode)5, (ap_o_mode)3, 0>& ap_fixed_base<32, 16, true, (ap_q_mode)5, (ap_o_mode)3, 0>::operator=<80, 40, true, (ap_q_mode)5, (ap_o_mode)3, 0>(ap_fixed_base<80, 40, true, (ap_q_mode)5, (ap_o_mode)3, 0> const&)' into 'ap_fixed_base<32, 16, true, (ap_q_mode)5, (ap_o_mode)3, 0>::ap_fixed_base<80, 40, true, (ap_q_mode)5, (ap_o_mode)3, 0>(ap_fixed_base<80, 40, true, (ap_q_mode)5, (ap_o_mode)3, 0> const&)' (C:/Xilinx/Vitis_HLS/2022.2/common/technology/autopilot\ap_fixed_base.h:403:5)
INFO: [HLS 214-131] Inlining function 'ap_fixed_base<32, 16, true, (ap_q_mode)5, (ap_o_mode)3, 0>::ap_fixed_base<80, 40, true, (ap_q_mode)5, (ap_o_mode)3, 0>(ap_fixed_base<80, 40, true, (ap_q_mode)5, (ap_o_mode)3, 0> const&)' into 'ap_fixed<32, 16, (ap_q_mode)5, (ap_o_mode)3, 0>::ap_fixed<80, 40, true, (ap_q_mode)5, (ap_o_mode)3, 0>(ap_fixed_base<80, 40, true, (ap_q_mode)5, (ap_o_mode)3, 0> const&)'
INFO: [HLS 214-131] Inlining function 'ap_fixed_base<32, 32, true, (ap_q_mode)5, (ap_o_mode)3, 0>::operator!() const' into 'ap_fixed_base<33, 17, true, (ap_q_mode)5, (ap_o_mode)3, 0>& ap_fixed_base<33, 17, true, (ap_q_mode)5, (ap_o_mode)3, 0>::operator=<32, 32, true, (ap_q_mode)5, (ap_o_mode)3, 0>(ap_fixed_base<32, 32, true, (ap_q_mode)5, (ap_o_mode)3, 0> const&)' (C:/Xilinx/Vitis_HLS/2022.2/common/technology/autopilot\ap_fixed_base.h:808:9)
INFO: [HLS 214-131] Inlining function 'ap_fixed_base<33, 17, true, (ap_q_mode)5, (ap_o_mode)3, 0>& ap_fixed_base<33, 17, true, (ap_q_mode)5, (ap_o_mode)3, 0>::operator=<32, 32, true, (ap_q_mode)5, (ap_o_mode)3, 0>(ap_fixed_base<32, 32, true, (ap_q_mode)5, (ap_o_mode)3, 0> const&)' into 'ap_fixed_base<33, 17, true, (ap_q_mode)5, (ap_o_mode)3, 0>::ap_fixed_base(int)' (C:/Xilinx/Vitis_HLS/2022.2/common/technology/autopilot\ap_fixed_base.h:530:146)
INFO: [HLS 214-131] Inlining function 'ap_fixed_base<32, 16, true, (ap_q_mode)5, (ap_o_mode)3, 0>::operator!() const' into 'ap_fixed_base<33, 17, true, (ap_q_mode)5, (ap_o_mode)3, 0>& ap_fixed_base<33, 17, true, (ap_q_mode)5, (ap_o_mode)3, 0>::operator=<32, 16, true, (ap_q_mode)5, (ap_o_mode)3, 0>(ap_fixed_base<32, 16, true, (ap_q_mode)5, (ap_o_mode)3, 0> const&)' (C:/Xilinx/Vitis_HLS/2022.2/common/technology/autopilot\ap_fixed_base.h:808:9)
INFO: [HLS 214-131] Inlining function '_ZN8ssdm_intILi33ELb1EEC2EDq33_i' into 'ap_fixed_base<33, 17, true, (ap_q_mode)5, (ap_o_mode)3, 0>::ap_fixed_base<32, 16, true, (ap_q_mode)5, (ap_o_mode)3, 0>(ap_fixed_base<32, 16, true, (ap_q_mode)5, (ap_o_mode)3, 0> const&)' (C:/Xilinx/Vitis_HLS/2022.2/common/technology/autopilot\ap_fixed_base.h:401:80)
INFO: [HLS 214-131] Inlining function 'ap_fixed_base<33, 17, true, (ap_q_mode)5, (ap_o_mode)3, 0>& ap_fixed_base<33, 17, true, (ap_q_mode)5, (ap_o_mode)3, 0>::operator=<32, 16, true, (ap_q_mode)5, (ap_o_mode)3, 0>(ap_fixed_base<32, 16, true, (ap_q_mode)5, (ap_o_mode)3, 0> const&)' into 'ap_fixed_base<33, 17, true, (ap_q_mode)5, (ap_o_mode)3, 0>::ap_fixed_base<32, 16, true, (ap_q_mode)5, (ap_o_mode)3, 0>(ap_fixed_base<32, 16, true, (ap_q_mode)5, (ap_o_mode)3, 0> const&)' (C:/Xilinx/Vitis_HLS/2022.2/common/technology/autopilot\ap_fixed_base.h:403:5)
INFO: [HLS 214-131] Inlining function 'ap_fixed_base<33, 17, true, (ap_q_mode)5, (ap_o_mode)3, 0>::ap_fixed_base(int)' into 'ap_fixed_base<32, 16, true, (ap_q_mode)5, (ap_o_mode)3, 0>::RType<32, 16, true>::minus ap_fixed_base<32, 16, true, (ap_q_mode)5, (ap_o_mode)3, 0>::operator-<32, 16, true, (ap_q_mode)5, (ap_o_mode)3, 0>(ap_fixed_base<32, 16, true, (ap_q_mode)5, (ap_o_mode)3, 0> const&) const' (C:/Xilinx/Vitis_HLS/2022.2/common/technology/autopilot\ap_fixed_base.h:1348:327)
INFO: [HLS 214-131] Inlining function 'ap_fixed_base<33, 17, true, (ap_q_mode)5, (ap_o_mode)3, 0>::ap_fixed_base<32, 16, true, (ap_q_mode)5, (ap_o_mode)3, 0>(ap_fixed_base<32, 16, true, (ap_q_mode)5, (ap_o_mode)3, 0> const&)' into 'ap_fixed_base<32, 16, true, (ap_q_mode)5, (ap_o_mode)3, 0>::RType<32, 16, true>::minus ap_fixed_base<32, 16, true, (ap_q_mode)5, (ap_o_mode)3, 0>::operator-<32, 16, true, (ap_q_mode)5, (ap_o_mode)3, 0>(ap_fixed_base<32, 16, true, (ap_q_mode)5, (ap_o_mode)3, 0> const&) const' (C:/Xilinx/Vitis_HLS/2022.2/common/technology/autopilot\ap_fixed_base.h:1348:347)
INFO: [HLS 214-131] Inlining function 'ap_fixed_base<33, 17, true, (ap_q_mode)5, (ap_o_mode)3, 0>::ap_fixed_base<32, 16, true, (ap_q_mode)5, (ap_o_mode)3, 0>(ap_fixed_base<32, 16, true, (ap_q_mode)5, (ap_o_mode)3, 0> const&)' into 'ap_fixed_base<32, 16, true, (ap_q_mode)5, (ap_o_mode)3, 0>::RType<32, 16, true>::minus ap_fixed_base<32, 16, true, (ap_q_mode)5, (ap_o_mode)3, 0>::operator-<32, 16, true, (ap_q_mode)5, (ap_o_mode)3, 0>(ap_fixed_base<32, 16, true, (ap_q_mode)5, (ap_o_mode)3, 0> const&) const' (C:/Xilinx/Vitis_HLS/2022.2/common/technology/autopilot\ap_fixed_base.h:1348:335)
INFO: [HLS 214-131] Inlining function 'ap_fixed_base<33, 17, true, (ap_q_mode)5, (ap_o_mode)3, 0>::operator!() const' into 'ap_fixed_base<32, 16, true, (ap_q_mode)5, (ap_o_mode)3, 0>& ap_fixed_base<32, 16, true, (ap_q_mode)5, (ap_o_mode)3, 0>::operator=<33, 17, true, (ap_q_mode)5, (ap_o_mode)3, 0>(ap_fixed_base<33, 17, true, (ap_q_mode)5, (ap_o_mode)3, 0> const&)' (C:/Xilinx/Vitis_HLS/2022.2/common/technology/autopilot\ap_fixed_base.h:808:9)
INFO: [HLS 214-131] Inlining function 'ssdm_int<32, true>::ssdm_int(int)' into 'ap_fixed_base<32, 16, true, (ap_q_mode)5, (ap_o_mode)3, 0>::ap_fixed_base<33, 17, true, (ap_q_mode)5, (ap_o_mode)3, 0>(ap_fixed_base<33, 17, true, (ap_q_mode)5, (ap_o_mode)3, 0> const&)' (C:/Xilinx/Vitis_HLS/2022.2/common/technology/autopilot\ap_fixed_base.h:401:80)
INFO: [HLS 214-131] Inlining function 'ap_fixed_base<32, 16, true, (ap_q_mode)5, (ap_o_mode)3, 0>& ap_fixed_base<32, 16, true, (ap_q_mode)5, (ap_o_mode)3, 0>::operator=<33, 17, true, (ap_q_mode)5, (ap_o_mode)3, 0>(ap_fixed_base<33, 17, true, (ap_q_mode)5, (ap_o_mode)3, 0> const&)' into 'ap_fixed_base<32, 16, true, (ap_q_mode)5, (ap_o_mode)3, 0>::ap_fixed_base<33, 17, true, (ap_q_mode)5, (ap_o_mode)3, 0>(ap_fixed_base<33, 17, true, (ap_q_mode)5, (ap_o_mode)3, 0> const&)' (C:/Xilinx/Vitis_HLS/2022.2/common/technology/autopilot\ap_fixed_base.h:403:5)
INFO: [HLS 214-131] Inlining function 'ap_fixed_base<32, 16, true, (ap_q_mode)5, (ap_o_mode)3, 0>::ap_fixed_base<33, 17, true, (ap_q_mode)5, (ap_o_mode)3, 0>(ap_fixed_base<33, 17, true, (ap_q_mode)5, (ap_o_mode)3, 0> const&)' into 'ap_fixed<32, 16, (ap_q_mode)5, (ap_o_mode)3, 0>::ap_fixed<33, 17, true, (ap_q_mode)5, (ap_o_mode)3, 0>(ap_fixed_base<33, 17, true, (ap_q_mode)5, (ap_o_mode)3, 0> const&)'
INFO: [HLS 214-131] Inlining function 'ap_fixed_base<32, 32, true, (ap_q_mode)5, (ap_o_mode)3, 0>::operator!() const' into 'ap_fixed_base<96, 48, true, (ap_q_mode)5, (ap_o_mode)3, 0>& ap_fixed_base<96, 48, true, (ap_q_mode)5, (ap_o_mode)3, 0>::operator=<32, 32, true, (ap_q_mode)5, (ap_o_mode)3, 0>(ap_fixed_base<32, 32, true, (ap_q_mode)5, (ap_o_mode)3, 0> const&)' (C:/Xilinx/Vitis_HLS/2022.2/common/technology/autopilot\ap_fixed_base.h:808:9)
INFO: [HLS 214-131] Inlining function 'ap_fixed_base<96, 48, true, (ap_q_mode)5, (ap_o_mode)3, 0>& ap_fixed_base<96, 48, true, (ap_q_mode)5, (ap_o_mode)3, 0>::operator=<32, 32, true, (ap_q_mode)5, (ap_o_mode)3, 0>(ap_fixed_base<32, 32, true, (ap_q_mode)5, (ap_o_mode)3, 0> const&)' into 'ap_fixed_base<96, 48, true, (ap_q_mode)5, (ap_o_mode)3, 0>::ap_fixed_base(int)' (C:/Xilinx/Vitis_HLS/2022.2/common/technology/autopilot\ap_fixed_base.h:530:146)
INFO: [HLS 214-131] Inlining function 'ap_fixed_base<96, 48, true, (ap_q_mode)5, (ap_o_mode)3, 0>::ap_fixed_base(int)' into 'ap_fixed_base<48, 24, true, (ap_q_mode)5, (ap_o_mode)3, 0>::RType<48, 24, true>::mult ap_fixed_base<48, 24, true, (ap_q_mode)5, (ap_o_mode)3, 0>::operator*<48, 24, true, (ap_q_mode)5, (ap_o_mode)3, 0>(ap_fixed_base<48, 24, true, (ap_q_mode)5, (ap_o_mode)3, 0> const&) const' (C:/Xilinx/Vitis_HLS/2022.2/common/technology/autopilot\ap_fixed_base.h:1270:55)
INFO: [HLS 214-131] Inlining function 'ap_fixed_base<96, 48, true, (ap_q_mode)5, (ap_o_mode)3, 0>::ap_fixed_base(int)' into 'ap_fixed_base<48, 24, true, (ap_q_mode)5, (ap_o_mode)3, 0>::RType<48, 24, true>::mult ap_fixed_base<48, 24, true, (ap_q_mode)5, (ap_o_mode)3, 0>::operator*<48, 24, true, (ap_q_mode)5, (ap_o_mode)3, 0>(ap_fixed_base<48, 24, true, (ap_q_mode)5, (ap_o_mode)3, 0> const&) const' (C:/Xilinx/Vitis_HLS/2022.2/common/technology/autopilot\ap_fixed_base.h:1270:61)
INFO: [HLS 214-131] Inlining function 'ap_fixed_base<32, 32, true, (ap_q_mode)5, (ap_o_mode)3, 0>::operator!() const' into 'ap_fixed_base<97, 49, true, (ap_q_mode)5, (ap_o_mode)3, 0>& ap_fixed_base<97, 49, true, (ap_q_mode)5, (ap_o_mode)3, 0>::operator=<32, 32, true, (ap_q_mode)5, (ap_o_mode)3, 0>(ap_fixed_base<32, 32, true, (ap_q_mode)5, (ap_o_mode)3, 0> const&)' (C:/Xilinx/Vitis_HLS/2022.2/common/technology/autopilot\ap_fixed_base.h:808:9)
INFO: [HLS 214-131] Inlining function 'ap_fixed_base<97, 49, true, (ap_q_mode)5, (ap_o_mode)3, 0>& ap_fixed_base<97, 49, true, (ap_q_mode)5, (ap_o_mode)3, 0>::operator=<32, 32, true, (ap_q_mode)5, (ap_o_mode)3, 0>(ap_fixed_base<32, 32, true, (ap_q_mode)5, (ap_o_mode)3, 0> const&)' into 'ap_fixed_base<97, 49, true, (ap_q_mode)5, (ap_o_mode)3, 0>::ap_fixed_base(int)' (C:/Xilinx/Vitis_HLS/2022.2/common/technology/autopilot\ap_fixed_base.h:530:146)
INFO: [HLS 214-131] Inlining function 'ap_fixed_base<48, 24, true, (ap_q_mode)5, (ap_o_mode)3, 0>::operator!() const' into 'ap_fixed_base<97, 49, true, (ap_q_mode)5, (ap_o_mode)3, 0>& ap_fixed_base<97, 49, true, (ap_q_mode)5, (ap_o_mode)3, 0>::operator=<48, 24, true, (ap_q_mode)5, (ap_o_mode)3, 0>(ap_fixed_base<48, 24, true, (ap_q_mode)5, (ap_o_mode)3, 0> const&)' (C:/Xilinx/Vitis_HLS/2022.2/common/technology/autopilot\ap_fixed_base.h:808:9)
INFO: [HLS 214-131] Inlining function '_ZN8ssdm_intILi97ELb1EEC2EDq97_i' into 'ap_fixed_base<97, 49, true, (ap_q_mode)5, (ap_o_mode)3, 0>::ap_fixed_base<48, 24, true, (ap_q_mode)5, (ap_o_mode)3, 0>(ap_fixed_base<48, 24, true, (ap_q_mode)5, (ap_o_mode)3, 0> const&)' (C:/Xilinx/Vitis_HLS/2022.2/common/technology/autopilot\ap_fixed_base.h:401:80)
INFO: [HLS 214-131] Inlining function 'ap_fixed_base<97, 49, true, (ap_q_mode)5, (ap_o_mode)3, 0>& ap_fixed_base<97, 49, true, (ap_q_mode)5, (ap_o_mode)3, 0>::operator=<48, 24, true, (ap_q_mode)5, (ap_o_mode)3, 0>(ap_fixed_base<48, 24, true, (ap_q_mode)5, (ap_o_mode)3, 0> const&)' into 'ap_fixed_base<97, 49, true, (ap_q_mode)5, (ap_o_mode)3, 0>::ap_fixed_base<48, 24, true, (ap_q_mode)5, (ap_o_mode)3, 0>(ap_fixed_base<48, 24, true, (ap_q_mode)5, (ap_o_mode)3, 0> const&)' (C:/Xilinx/Vitis_HLS/2022.2/common/technology/autopilot\ap_fixed_base.h:403:5)
INFO: [HLS 214-131] Inlining function 'ap_fixed_base<96, 48, true, (ap_q_mode)5, (ap_o_mode)3, 0>::operator!() const' into 'ap_fixed_base<97, 49, true, (ap_q_mode)5, (ap_o_mode)3, 0>& ap_fixed_base<97, 49, true, (ap_q_mode)5, (ap_o_mode)3, 0>::operator=<96, 48, true, (ap_q_mode)5, (ap_o_mode)3, 0>(ap_fixed_base<96, 48, true, (ap_q_mode)5, (ap_o_mode)3, 0> const&)' (C:/Xilinx/Vitis_HLS/2022.2/common/technology/autopilot\ap_fixed_base.h:808:9)
INFO: [HLS 214-131] Inlining function '_ZN8ssdm_intILi97ELb1EEC2EDq97_i' into 'ap_fixed_base<97, 49, true, (ap_q_mode)5, (ap_o_mode)3, 0>::ap_fixed_base<96, 48, true, (ap_q_mode)5, (ap_o_mode)3, 0>(ap_fixed_base<96, 48, true, (ap_q_mode)5, (ap_o_mode)3, 0> const&)' (C:/Xilinx/Vitis_HLS/2022.2/common/technology/autopilot\ap_fixed_base.h:401:80)
INFO: [HLS 214-131] Inlining function 'ap_fixed_base<97, 49, true, (ap_q_mode)5, (ap_o_mode)3, 0>& ap_fixed_base<97, 49, true, (ap_q_mode)5, (ap_o_mode)3, 0>::operator=<96, 48, true, (ap_q_mode)5, (ap_o_mode)3, 0>(ap_fixed_base<96, 48, true, (ap_q_mode)5, (ap_o_mode)3, 0> const&)' into 'ap_fixed_base<97, 49, true, (ap_q_mode)5, (ap_o_mode)3, 0>::ap_fixed_base<96, 48, true, (ap_q_mode)5, (ap_o_mode)3, 0>(ap_fixed_base<96, 48, true, (ap_q_mode)5, (ap_o_mode)3, 0> const&)' (C:/Xilinx/Vitis_HLS/2022.2/common/technology/autopilot\ap_fixed_base.h:403:5)
INFO: [HLS 214-131] Inlining function 'ap_fixed_base<97, 49, true, (ap_q_mode)5, (ap_o_mode)3, 0>::ap_fixed_base(int)' into 'ap_fixed_base<48, 24, true, (ap_q_mode)5, (ap_o_mode)3, 0>::RType<96, 48, true>::plus ap_fixed_base<48, 24, true, (ap_q_mode)5, (ap_o_mode)3, 0>::operator+<96, 48, true, (ap_q_mode)5, (ap_o_mode)3, 0>(ap_fixed_base<96, 48, true, (ap_q_mode)5, (ap_o_mode)3, 0> const&) const' (C:/Xilinx/Vitis_HLS/2022.2/common/technology/autopilot\ap_fixed_base.h:1347:325)
INFO: [HLS 214-131] Inlining function 'ap_fixed_base<97, 49, true, (ap_q_mode)5, (ap_o_mode)3, 0>::ap_fixed_base<96, 48, true, (ap_q_mode)5, (ap_o_mode)3, 0>(ap_fixed_base<96, 48, true, (ap_q_mode)5, (ap_o_mode)3, 0> const&)' into 'ap_fixed_base<48, 24, true, (ap_q_mode)5, (ap_o_mode)3, 0>::RType<96, 48, true>::plus ap_fixed_base<48, 24, true, (ap_q_mode)5, (ap_o_mode)3, 0>::operator+<96, 48, true, (ap_q_mode)5, (ap_o_mode)3, 0>(ap_fixed_base<96, 48, true, (ap_q_mode)5, (ap_o_mode)3, 0> const&) const' (C:/Xilinx/Vitis_HLS/2022.2/common/technology/autopilot\ap_fixed_base.h:1347:345)
INFO: [HLS 214-131] Inlining function 'ap_fixed_base<97, 49, true, (ap_q_mode)5, (ap_o_mode)3, 0>::ap_fixed_base<48, 24, true, (ap_q_mode)5, (ap_o_mode)3, 0>(ap_fixed_base<48, 24, true, (ap_q_mode)5, (ap_o_mode)3, 0> const&)' into 'ap_fixed_base<48, 24, true, (ap_q_mode)5, (ap_o_mode)3, 0>::RType<96, 48, true>::plus ap_fixed_base<48, 24, true, (ap_q_mode)5, (ap_o_mode)3, 0>::operator+<96, 48, true, (ap_q_mode)5, (ap_o_mode)3, 0>(ap_fixed_base<96, 48, true, (ap_q_mode)5, (ap_o_mode)3, 0> const&) const' (C:/Xilinx/Vitis_HLS/2022.2/common/technology/autopilot\ap_fixed_base.h:1347:333)
INFO: [HLS 214-131] Inlining function 'ap_fixed_base<97, 49, true, (ap_q_mode)5, (ap_o_mode)3, 0>::operator!() const' into 'ap_fixed_base<48, 24, true, (ap_q_mode)5, (ap_o_mode)3, 0>& ap_fixed_base<48, 24, true, (ap_q_mode)5, (ap_o_mode)3, 0>::operator=<97, 49, true, (ap_q_mode)5, (ap_o_mode)3, 0>(ap_fixed_base<97, 49, true, (ap_q_mode)5, (ap_o_mode)3, 0> const&)' (C:/Xilinx/Vitis_HLS/2022.2/common/technology/autopilot\ap_fixed_base.h:808:9)
INFO: [HLS 214-131] Inlining function 'ap_fixed_base<48, 24, true, (ap_q_mode)5, (ap_o_mode)3, 0>::RType<96, 48, true>::plus ap_fixed_base<48, 24, true, (ap_q_mode)5, (ap_o_mode)3, 0>::operator+<96, 48, true, (ap_q_mode)5, (ap_o_mode)3, 0>(ap_fixed_base<96, 48, true, (ap_q_mode)5, (ap_o_mode)3, 0> const&) const' into 'ap_fixed_base<48, 24, true, (ap_q_mode)5, (ap_o_mode)3, 0>& ap_fixed_base<48, 24, true, (ap_q_mode)5, (ap_o_mode)3, 0>::operator+=<96, 48, true, (ap_q_mode)5, (ap_o_mode)3, 0>(ap_fixed_base<96, 48, true, (ap_q_mode)5, (ap_o_mode)3, 0> const&)' (C:/Xilinx/Vitis_HLS/2022.2/common/technology/autopilot\ap_fixed_base.h:1367:248)
INFO: [HLS 214-131] Inlining function 'ap_fixed_base<48, 24, true, (ap_q_mode)5, (ap_o_mode)3, 0>& ap_fixed_base<48, 24, true, (ap_q_mode)5, (ap_o_mode)3, 0>::operator=<97, 49, true, (ap_q_mode)5, (ap_o_mode)3, 0>(ap_fixed_base<97, 49, true, (ap_q_mode)5, (ap_o_mode)3, 0> const&)' into 'ap_fixed_base<48, 24, true, (ap_q_mode)5, (ap_o_mode)3, 0>& ap_fixed_base<48, 24, true, (ap_q_mode)5, (ap_o_mode)3, 0>::operator+=<96, 48, true, (ap_q_mode)5, (ap_o_mode)3, 0>(ap_fixed_base<96, 48, true, (ap_q_mode)5, (ap_o_mode)3, 0> const&)' (C:/Xilinx/Vitis_HLS/2022.2/common/technology/autopilot\ap_fixed_base.h:1367:246)
INFO: [HLS 214-131] Inlining function 'ssdm_int<32, false>::ssdm_int(unsigned int)' into 'ap_int_base<32, false>::ap_int_base(unsigned long)' (C:/Xilinx/Vitis_HLS/2022.2/common/technology/autopilot\ap_int_base.h:217:77)
INFO: [HLS 214-131] Inlining function 'ap_int_base<32, false>::ap_int_base(unsigned long)' into 'ap_int_base<32, false>::countLeadingZeros() const' (C:/Xilinx/Vitis_HLS/2022.2/common/technology/autopilot\ap_int_base.h:1196:30)
INFO: [HLS 214-131] Inlining function 'ap_int_base<32, false>::countLeadingZeros() const' into 'ap_fixed_base<32, 16, true, (ap_q_mode)5, (ap_o_mode)3, 0>::to_float() const' (C:/Xilinx/Vitis_HLS/2022.2/common/technology/autopilot\ap_fixed_base.h:1097:17)
INFO: [HLS 214-131] Inlining function 'rawBitsToFloat(unsigned long)' into 'ap_fixed_base<32, 16, true, (ap_q_mode)5, (ap_o_mode)3, 0>::to_float() const' (C:/Xilinx/Vitis_HLS/2022.2/common/technology/autopilot\ap_fixed_base.h:1126:12)
INFO: [HLS 214-131] Inlining function 'ap_fixed_base<32, 16, true, (ap_q_mode)5, (ap_o_mode)3, 0>::to_float() const' into 'ap_fixed_base<32, 16, true, (ap_q_mode)5, (ap_o_mode)3, 0>::operator float() const' (C:/Xilinx/Vitis_HLS/2022.2/common/technology/autopilot\ap_fixed_base.h:1181:73)
INFO: [HLS 214-131] Inlining function 'ap_fixed_base<33, 17, true, (ap_q_mode)5, (ap_o_mode)3, 0>::ap_fixed_base(int)' into 'ap_fixed_base<32, 16, true, (ap_q_mode)5, (ap_o_mode)3, 0>::RType<32, 16, true>::plus ap_fixed_base<32, 16, true, (ap_q_mode)5, (ap_o_mode)3, 0>::operator+<32, 16, true, (ap_q_mode)5, (ap_o_mode)3, 0>(ap_fixed_base<32, 16, true, (ap_q_mode)5, (ap_o_mode)3, 0> const&) const' (C:/Xilinx/Vitis_HLS/2022.2/common/technology/autopilot\ap_fixed_base.h:1347:325)
INFO: [HLS 214-131] Inlining function 'ap_fixed_base<33, 17, true, (ap_q_mode)5, (ap_o_mode)3, 0>::ap_fixed_base<32, 16, true, (ap_q_mode)5, (ap_o_mode)3, 0>(ap_fixed_base<32, 16, true, (ap_q_mode)5, (ap_o_mode)3, 0> const&)' into 'ap_fixed_base<32, 16, true, (ap_q_mode)5, (ap_o_mode)3, 0>::RType<32, 16, true>::plus ap_fixed_base<32, 16, true, (ap_q_mode)5, (ap_o_mode)3, 0>::operator+<32, 16, true, (ap_q_mode)5, (ap_o_mode)3, 0>(ap_fixed_base<32, 16, true, (ap_q_mode)5, (ap_o_mode)3, 0> const&) const' (C:/Xilinx/Vitis_HLS/2022.2/common/technology/autopilot\ap_fixed_base.h:1347:345)
INFO: [HLS 214-131] Inlining function 'ap_fixed_base<33, 17, true, (ap_q_mode)5, (ap_o_mode)3, 0>::ap_fixed_base<32, 16, true, (ap_q_mode)5, (ap_o_mode)3, 0>(ap_fixed_base<32, 16, true, (ap_q_mode)5, (ap_o_mode)3, 0> const&)' into 'ap_fixed_base<32, 16, true, (ap_q_mode)5, (ap_o_mode)3, 0>::RType<32, 16, true>::plus ap_fixed_base<32, 16, true, (ap_q_mode)5, (ap_o_mode)3, 0>::operator+<32, 16, true, (ap_q_mode)5, (ap_o_mode)3, 0>(ap_fixed_base<32, 16, true, (ap_q_mode)5, (ap_o_mode)3, 0> const&) const' (C:/Xilinx/Vitis_HLS/2022.2/common/technology/autopilot\ap_fixed_base.h:1347:333)
INFO: [HLS 214-131] Inlining function 'ap_fixed_base<32, 16, true, (ap_q_mode)5, (ap_o_mode)3, 0>::operator!() const' into 'ap_fixed_base<48, 16, true, (ap_q_mode)5, (ap_o_mode)3, 0>& ap_fixed_base<48, 16, true, (ap_q_mode)5, (ap_o_mode)3, 0>::operator=<32, 16, true, (ap_q_mode)5, (ap_o_mode)3, 0>(ap_fixed_base<32, 16, true, (ap_q_mode)5, (ap_o_mode)3, 0> const&)' (C:/Xilinx/Vitis_HLS/2022.2/common/technology/autopilot\ap_fixed_base.h:808:9)
INFO: [HLS 214-131] Inlining function '_ZN8ssdm_intILi48ELb1EEC2EDq48_i' into 'ap_fixed_base<48, 16, true, (ap_q_mode)5, (ap_o_mode)3, 0>::ap_fixed_base<32, 16, true, (ap_q_mode)5, (ap_o_mode)3, 0>(ap_fixed_base<32, 16, true, (ap_q_mode)5, (ap_o_mode)3, 0> const&)' (C:/Xilinx/Vitis_HLS/2022.2/common/technology/autopilot\ap_fixed_base.h:401:80)
INFO: [HLS 214-131] Inlining function 'ap_fixed_base<48, 16, true, (ap_q_mode)5, (ap_o_mode)3, 0>& ap_fixed_base<48, 16, true, (ap_q_mode)5, (ap_o_mode)3, 0>::operator=<32, 16, true, (ap_q_mode)5, (ap_o_mode)3, 0>(ap_fixed_base<32, 16, true, (ap_q_mode)5, (ap_o_mode)3, 0> const&)' into 'ap_fixed_base<48, 16, true, (ap_q_mode)5, (ap_o_mode)3, 0>::ap_fixed_base<32, 16, true, (ap_q_mode)5, (ap_o_mode)3, 0>(ap_fixed_base<32, 16, true, (ap_q_mode)5, (ap_o_mode)3, 0> const&)' (C:/Xilinx/Vitis_HLS/2022.2/common/technology/autopilot\ap_fixed_base.h:403:5)
INFO: [HLS 214-131] Inlining function 'ap_fixed_base<48, 16, true, (ap_q_mode)5, (ap_o_mode)3, 0>::ap_fixed_base<32, 16, true, (ap_q_mode)5, (ap_o_mode)3, 0>(ap_fixed_base<32, 16, true, (ap_q_mode)5, (ap_o_mode)3, 0> const&)' into 'ap_fixed_base<32, 16, true, (ap_q_mode)5, (ap_o_mode)3, 0>::RType<32, 16, true>::div ap_fixed_base<32, 16, true, (ap_q_mode)5, (ap_o_mode)3, 0>::operator/<32, 16, true, (ap_q_mode)5, (ap_o_mode)3, 0>(ap_fixed_base<32, 16, true, (ap_q_mode)5, (ap_o_mode)3, 0> const&) const' (C:/Xilinx/Vitis_HLS/2022.2/common/technology/autopilot\ap_fixed_base.h:1299:97)
INFO: [HLS 214-131] Inlining function 'ap_fixed_base<49, 33, true, (ap_q_mode)5, (ap_o_mode)3, 0>::operator!() const' into 'ap_fixed_base<32, 16, true, (ap_q_mode)5, (ap_o_mode)3, 0>& ap_fixed_base<32, 16, true, (ap_q_mode)5, (ap_o_mode)3, 0>::operator=<49, 33, true, (ap_q_mode)5, (ap_o_mode)3, 0>(ap_fixed_base<49, 33, true, (ap_q_mode)5, (ap_o_mode)3, 0> const&)' (C:/Xilinx/Vitis_HLS/2022.2/common/technology/autopilot\ap_fixed_base.h:808:9)
INFO: [HLS 214-131] Inlining function 'ssdm_int<32, true>::ssdm_int(int)' into 'ap_fixed_base<32, 16, true, (ap_q_mode)5, (ap_o_mode)3, 0>::ap_fixed_base<49, 33, true, (ap_q_mode)5, (ap_o_mode)3, 0>(ap_fixed_base<49, 33, true, (ap_q_mode)5, (ap_o_mode)3, 0> const&)' (C:/Xilinx/Vitis_HLS/2022.2/common/technology/autopilot\ap_fixed_base.h:401:80)
INFO: [HLS 214-131] Inlining function 'ap_fixed_base<32, 16, true, (ap_q_mode)5, (ap_o_mode)3, 0>& ap_fixed_base<32, 16, true, (ap_q_mode)5, (ap_o_mode)3, 0>::operator=<49, 33, true, (ap_q_mode)5, (ap_o_mode)3, 0>(ap_fixed_base<49, 33, true, (ap_q_mode)5, (ap_o_mode)3, 0> const&)' into 'ap_fixed_base<32, 16, true, (ap_q_mode)5, (ap_o_mode)3, 0>::ap_fixed_base<49, 33, true, (ap_q_mode)5, (ap_o_mode)3, 0>(ap_fixed_base<49, 33, true, (ap_q_mode)5, (ap_o_mode)3, 0> const&)' (C:/Xilinx/Vitis_HLS/2022.2/common/technology/autopilot\ap_fixed_base.h:403:5)
INFO: [HLS 214-131] Inlining function 'ap_fixed_base<32, 16, true, (ap_q_mode)5, (ap_o_mode)3, 0>::ap_fixed_base<49, 33, true, (ap_q_mode)5, (ap_o_mode)3, 0>(ap_fixed_base<49, 33, true, (ap_q_mode)5, (ap_o_mode)3, 0> const&)' into 'ap_fixed<32, 16, (ap_q_mode)5, (ap_o_mode)3, 0>::ap_fixed<49, 33, true, (ap_q_mode)5, (ap_o_mode)3, 0>(ap_fixed_base<49, 33, true, (ap_q_mode)5, (ap_o_mode)3, 0> const&)'
INFO: [HLS 214-131] Inlining function 'ap_fixed_base<32, 32, true, (ap_q_mode)5, (ap_o_mode)3, 0>::operator!() const' into 'ap_fixed_base<65, 33, true, (ap_q_mode)5, (ap_o_mode)3, 0>& ap_fixed_base<65, 33, true, (ap_q_mode)5, (ap_o_mode)3, 0>::operator=<32, 32, true, (ap_q_mode)5, (ap_o_mode)3, 0>(ap_fixed_base<32, 32, true, (ap_q_mode)5, (ap_o_mode)3, 0> const&)' (C:/Xilinx/Vitis_HLS/2022.2/common/technology/autopilot\ap_fixed_base.h:808:9)
INFO: [HLS 214-131] Inlining function 'ap_fixed_base<65, 33, true, (ap_q_mode)5, (ap_o_mode)3, 0>& ap_fixed_base<65, 33, true, (ap_q_mode)5, (ap_o_mode)3, 0>::operator=<32, 32, true, (ap_q_mode)5, (ap_o_mode)3, 0>(ap_fixed_base<32, 32, true, (ap_q_mode)5, (ap_o_mode)3, 0> const&)' into 'ap_fixed_base<65, 33, true, (ap_q_mode)5, (ap_o_mode)3, 0>::ap_fixed_base(int)' (C:/Xilinx/Vitis_HLS/2022.2/common/technology/autopilot\ap_fixed_base.h:530:146)
INFO: [HLS 214-131] Inlining function 'ap_fixed_base<65, 33, true, (ap_q_mode)5, (ap_o_mode)3, 0>::ap_fixed_base(int)' into 'ap_fixed_base<33, 17, true, (ap_q_mode)5, (ap_o_mode)3, 0>::RType<32, 16, true>::mult ap_fixed_base<33, 17, true, (ap_q_mode)5, (ap_o_mode)3, 0>::operator*<32, 16, true, (ap_q_mode)5, (ap_o_mode)3, 0>(ap_fixed_base<32, 16, true, (ap_q_mode)5, (ap_o_mode)3, 0> const&) const' (C:/Xilinx/Vitis_HLS/2022.2/common/technology/autopilot\ap_fixed_base.h:1270:55)
INFO: [HLS 214-131] Inlining function 'ap_fixed_base<65, 33, true, (ap_q_mode)5, (ap_o_mode)3, 0>::ap_fixed_base(int)' into 'ap_fixed_base<33, 17, true, (ap_q_mode)5, (ap_o_mode)3, 0>::RType<32, 16, true>::mult ap_fixed_base<33, 17, true, (ap_q_mode)5, (ap_o_mode)3, 0>::operator*<32, 16, true, (ap_q_mode)5, (ap_o_mode)3, 0>(ap_fixed_base<32, 16, true, (ap_q_mode)5, (ap_o_mode)3, 0> const&) const' (C:/Xilinx/Vitis_HLS/2022.2/common/technology/autopilot\ap_fixed_base.h:1270:61)
INFO: [HLS 214-131] Inlining function 'ap_fixed_base<65, 33, true, (ap_q_mode)5, (ap_o_mode)3, 0>::operator!() const' into 'ap_fixed_base<32, 16, true, (ap_q_mode)5, (ap_o_mode)3, 0>& ap_fixed_base<32, 16, true, (ap_q_mode)5, (ap_o_mode)3, 0>::operator=<65, 33, true, (ap_q_mode)5, (ap_o_mode)3, 0>(ap_fixed_base<65, 33, true, (ap_q_mode)5, (ap_o_mode)3, 0> const&)' (C:/Xilinx/Vitis_HLS/2022.2/common/technology/autopilot\ap_fixed_base.h:808:9)
INFO: [HLS 214-131] Inlining function 'ssdm_int<32, true>::ssdm_int(int)' into 'ap_fixed_base<32, 16, true, (ap_q_mode)5, (ap_o_mode)3, 0>::ap_fixed_base<65, 33, true, (ap_q_mode)5, (ap_o_mode)3, 0>(ap_fixed_base<65, 33, true, (ap_q_mode)5, (ap_o_mode)3, 0> const&)' (C:/Xilinx/Vitis_HLS/2022.2/common/technology/autopilot\ap_fixed_base.h:401:80)
INFO: [HLS 214-131] Inlining function 'ap_fixed_base<32, 16, true, (ap_q_mode)5, (ap_o_mode)3, 0>& ap_fixed_base<32, 16, true, (ap_q_mode)5, (ap_o_mode)3, 0>::operator=<65, 33, true, (ap_q_mode)5, (ap_o_mode)3, 0>(ap_fixed_base<65, 33, true, (ap_q_mode)5, (ap_o_mode)3, 0> const&)' into 'ap_fixed_base<32, 16, true, (ap_q_mode)5, (ap_o_mode)3, 0>::ap_fixed_base<65, 33, true, (ap_q_mode)5, (ap_o_mode)3, 0>(ap_fixed_base<65, 33, true, (ap_q_mode)5, (ap_o_mode)3, 0> const&)' (C:/Xilinx/Vitis_HLS/2022.2/common/technology/autopilot\ap_fixed_base.h:403:5)
INFO: [HLS 214-131] Inlining function 'ap_fixed_base<32, 16, true, (ap_q_mode)5, (ap_o_mode)3, 0>::ap_fixed_base<65, 33, true, (ap_q_mode)5, (ap_o_mode)3, 0>(ap_fixed_base<65, 33, true, (ap_q_mode)5, (ap_o_mode)3, 0> const&)' into 'ap_fixed<32, 16, (ap_q_mode)5, (ap_o_mode)3, 0>::ap_fixed<65, 33, true, (ap_q_mode)5, (ap_o_mode)3, 0>(ap_fixed_base<65, 33, true, (ap_q_mode)5, (ap_o_mode)3, 0> const&)'
INFO: [HLS 214-131] Inlining function 'ap_fixed_base<32, 32, true, (ap_q_mode)5, (ap_o_mode)3, 0>::operator!() const' into 'ap_fixed_base<32, 16, true, (ap_q_mode)5, (ap_o_mode)3, 0>& ap_fixed_base<32, 16, true, (ap_q_mode)5, (ap_o_mode)3, 0>::operator=<32, 32, true, (ap_q_mode)5, (ap_o_mode)3, 0>(ap_fixed_base<32, 32, true, (ap_q_mode)5, (ap_o_mode)3, 0> const&)' (C:/Xilinx/Vitis_HLS/2022.2/common/technology/autopilot\ap_fixed_base.h:808:9)
INFO: [HLS 214-131] Inlining function 'ap_fixed_base<32, 16, true, (ap_q_mode)5, (ap_o_mode)3, 0>& ap_fixed_base<32, 16, true, (ap_q_mode)5, (ap_o_mode)3, 0>::operator=<32, 32, true, (ap_q_mode)5, (ap_o_mode)3, 0>(ap_fixed_base<32, 32, true, (ap_q_mode)5, (ap_o_mode)3, 0> const&)' into 'ap_fixed_base<32, 16, true, (ap_q_mode)5, (ap_o_mode)3, 0>::ap_fixed_base(int)' (C:/Xilinx/Vitis_HLS/2022.2/common/technology/autopilot\ap_fixed_base.h:530:146)
INFO: [HLS 214-131] Inlining function 'ap_fixed_base<32, 16, true, (ap_q_mode)5, (ap_o_mode)3, 0>::ap_fixed_base(int)' into 'ap_fixed<32, 16, (ap_q_mode)5, (ap_o_mode)3, 0>::ap_fixed(int)'
INFO: [HLS 214-131] Inlining function 'ap_fixed_base<48, 24, true, (ap_q_mode)5, (ap_o_mode)3, 0>::operator!() const' into 'ap_fixed_base<32, 16, true, (ap_q_mode)5, (ap_o_mode)3, 0>& ap_fixed_base<32, 16, true, (ap_q_mode)5, (ap_o_mode)3, 0>::operator=<48, 24, true, (ap_q_mode)5, (ap_o_mode)3, 0>(ap_fixed_base<48, 24, true, (ap_q_mode)5, (ap_o_mode)3, 0> const&)' (C:/Xilinx/Vitis_HLS/2022.2/common/technology/autopilot\ap_fixed_base.h:808:9)
INFO: [HLS 214-131] Inlining function 'ssdm_int<32, true>::ssdm_int(int)' into 'ap_fixed_base<32, 16, true, (ap_q_mode)5, (ap_o_mode)3, 0>::ap_fixed_base<48, 24, true, (ap_q_mode)5, (ap_o_mode)3, 0>(ap_fixed_base<48, 24, true, (ap_q_mode)5, (ap_o_mode)3, 0> const&)' (C:/Xilinx/Vitis_HLS/2022.2/common/technology/autopilot\ap_fixed_base.h:401:80)
INFO: [HLS 214-131] Inlining function 'ap_fixed_base<32, 16, true, (ap_q_mode)5, (ap_o_mode)3, 0>& ap_fixed_base<32, 16, true, (ap_q_mode)5, (ap_o_mode)3, 0>::operator=<48, 24, true, (ap_q_mode)5, (ap_o_mode)3, 0>(ap_fixed_base<48, 24, true, (ap_q_mode)5, (ap_o_mode)3, 0> const&)' into 'ap_fixed_base<32, 16, true, (ap_q_mode)5, (ap_o_mode)3, 0>::ap_fixed_base<48, 24, true, (ap_q_mode)5, (ap_o_mode)3, 0>(ap_fixed_base<48, 24, true, (ap_q_mode)5, (ap_o_mode)3, 0> const&)' (C:/Xilinx/Vitis_HLS/2022.2/common/technology/autopilot\ap_fixed_base.h:403:5)
INFO: [HLS 214-131] Inlining function 'ap_fixed_base<32, 16, true, (ap_q_mode)5, (ap_o_mode)3, 0>::ap_fixed_base<48, 24, true, (ap_q_mode)5, (ap_o_mode)3, 0>(ap_fixed_base<48, 24, true, (ap_q_mode)5, (ap_o_mode)3, 0> const&)' into 'ap_fixed<32, 16, (ap_q_mode)5, (ap_o_mode)3, 0>::ap_fixed<48, 24, true, (ap_q_mode)5, (ap_o_mode)3, 0>(ap_fixed_base<48, 24, true, (ap_q_mode)5, (ap_o_mode)3, 0> const&)'
INFO: [HLS 214-131] Inlining function 'bool ap_fixed_base<32, 16, true, (ap_q_mode)5, (ap_o_mode)3, 0>::operator><32, 16, true, (ap_q_mode)5, (ap_o_mode)3, 0>(ap_fixed_base<32, 16, true, (ap_q_mode)5, (ap_o_mode)3, 0> const&) const' into 'relu(ap_fixed<32, 16, (ap_q_mode)5, (ap_o_mode)3, 0>)' (C:/ecg_hls/include/ecg_types.h:62:15)
INFO: [HLS 214-131] Inlining function 'ap_fixed_base<48, 24, true, (ap_q_mode)5, (ap_o_mode)3, 0>& ap_fixed_base<48, 24, true, (ap_q_mode)5, (ap_o_mode)3, 0>::operator+=<96, 48, true, (ap_q_mode)5, (ap_o_mode)3, 0>(ap_fixed_base<96, 48, true, (ap_q_mode)5, (ap_o_mode)3, 0> const&)' into 'conv_layer01234_fused(ap_fixed<32, 16, (ap_q_mode)5, (ap_o_mode)3, 0>*, ap_fixed<32, 16, (ap_q_mode)5, (ap_o_mode)3, 0> (*) [1])' (src/ecg_denoiser.cpp:217:25)
INFO: [HLS 214-131] Inlining function 'ap_fixed_base<48, 24, true, (ap_q_mode)5, (ap_o_mode)3, 0>::RType<48, 24, true>::mult ap_fixed_base<48, 24, true, (ap_q_mode)5, (ap_o_mode)3, 0>::operator*<48, 24, true, (ap_q_mode)5, (ap_o_mode)3, 0>(ap_fixed_base<48, 24, true, (ap_q_mode)5, (ap_o_mode)3, 0> const&) const' into 'conv_layer01234_fused(ap_fixed<32, 16, (ap_q_mode)5, (ap_o_mode)3, 0>*, ap_fixed<32, 16, (ap_q_mode)5, (ap_o_mode)3, 0> (*) [1])' (src/ecg_denoiser.cpp:217:37)
INFO: [HLS 214-131] Inlining function 'ap_fixed_base<48, 24, true, (ap_q_mode)5, (ap_o_mode)3, 0>& ap_fixed_base<48, 24, true, (ap_q_mode)5, (ap_o_mode)3, 0>::operator+=<96, 48, true, (ap_q_mode)5, (ap_o_mode)3, 0>(ap_fixed_base<96, 48, true, (ap_q_mode)5, (ap_o_mode)3, 0> const&)' into 'conv_layer01234_fused(ap_fixed<32, 16, (ap_q_mode)5, (ap_o_mode)3, 0>*, ap_fixed<32, 16, (ap_q_mode)5, (ap_o_mode)3, 0> (*) [1])' (src/ecg_denoiser.cpp:186:26)
INFO: [HLS 214-131] Inlining function 'ap_fixed_base<48, 24, true, (ap_q_mode)5, (ap_o_mode)3, 0>::RType<48, 24, true>::mult ap_fixed_base<48, 24, true, (ap_q_mode)5, (ap_o_mode)3, 0>::operator*<48, 24, true, (ap_q_mode)5, (ap_o_mode)3, 0>(ap_fixed_base<48, 24, true, (ap_q_mode)5, (ap_o_mode)3, 0> const&) const' into 'conv_layer01234_fused(ap_fixed<32, 16, (ap_q_mode)5, (ap_o_mode)3, 0>*, ap_fixed<32, 16, (ap_q_mode)5, (ap_o_mode)3, 0> (*) [1])' (src/ecg_denoiser.cpp:186:38)
INFO: [HLS 214-131] Inlining function 'ap_fixed_base<48, 24, true, (ap_q_mode)5, (ap_o_mode)3, 0>& ap_fixed_base<48, 24, true, (ap_q_mode)5, (ap_o_mode)3, 0>::operator+=<96, 48, true, (ap_q_mode)5, (ap_o_mode)3, 0>(ap_fixed_base<96, 48, true, (ap_q_mode)5, (ap_o_mode)3, 0> const&)' into 'conv_layer01234_fused(ap_fixed<32, 16, (ap_q_mode)5, (ap_o_mode)3, 0>*, ap_fixed<32, 16, (ap_q_mode)5, (ap_o_mode)3, 0> (*) [1])' (src/ecg_denoiser.cpp:185:26)
INFO: [HLS 214-131] Inlining function 'ap_fixed_base<48, 24, true, (ap_q_mode)5, (ap_o_mode)3, 0>::RType<48, 24, true>::mult ap_fixed_base<48, 24, true, (ap_q_mode)5, (ap_o_mode)3, 0>::operator*<48, 24, true, (ap_q_mode)5, (ap_o_mode)3, 0>(ap_fixed_base<48, 24, true, (ap_q_mode)5, (ap_o_mode)3, 0> const&) const' into 'conv_layer01234_fused(ap_fixed<32, 16, (ap_q_mode)5, (ap_o_mode)3, 0>*, ap_fixed<32, 16, (ap_q_mode)5, (ap_o_mode)3, 0> (*) [1])' (src/ecg_denoiser.cpp:185:38)
INFO: [HLS 214-131] Inlining function 'ap_fixed_base<48, 24, true, (ap_q_mode)5, (ap_o_mode)3, 0>& ap_fixed_base<48, 24, true, (ap_q_mode)5, (ap_o_mode)3, 0>::operator+=<96, 48, true, (ap_q_mode)5, (ap_o_mode)3, 0>(ap_fixed_base<96, 48, true, (ap_q_mode)5, (ap_o_mode)3, 0> const&)' into 'conv_layer01234_fused(ap_fixed<32, 16, (ap_q_mode)5, (ap_o_mode)3, 0>*, ap_fixed<32, 16, (ap_q_mode)5, (ap_o_mode)3, 0> (*) [1])' (src/ecg_denoiser.cpp:151:26)
INFO: [HLS 214-131] Inlining function 'ap_fixed_base<48, 24, true, (ap_q_mode)5, (ap_o_mode)3, 0>::RType<48, 24, true>::mult ap_fixed_base<48, 24, true, (ap_q_mode)5, (ap_o_mode)3, 0>::operator*<48, 24, true, (ap_q_mode)5, (ap_o_mode)3, 0>(ap_fixed_base<48, 24, true, (ap_q_mode)5, (ap_o_mode)3, 0> const&) const' into 'conv_layer01234_fused(ap_fixed<32, 16, (ap_q_mode)5, (ap_o_mode)3, 0>*, ap_fixed<32, 16, (ap_q_mode)5, (ap_o_mode)3, 0> (*) [1])' (src/ecg_denoiser.cpp:151:38)
INFO: [HLS 214-131] Inlining function 'ap_fixed_base<48, 24, true, (ap_q_mode)5, (ap_o_mode)3, 0>& ap_fixed_base<48, 24, true, (ap_q_mode)5, (ap_o_mode)3, 0>::operator+=<96, 48, true, (ap_q_mode)5, (ap_o_mode)3, 0>(ap_fixed_base<96, 48, true, (ap_q_mode)5, (ap_o_mode)3, 0> const&)' into 'conv_layer01234_fused(ap_fixed<32, 16, (ap_q_mode)5, (ap_o_mode)3, 0>*, ap_fixed<32, 16, (ap_q_mode)5, (ap_o_mode)3, 0> (*) [1])' (src/ecg_denoiser.cpp:150:26)
INFO: [HLS 214-131] Inlining function 'ap_fixed_base<48, 24, true, (ap_q_mode)5, (ap_o_mode)3, 0>::RType<48, 24, true>::mult ap_fixed_base<48, 24, true, (ap_q_mode)5, (ap_o_mode)3, 0>::operator*<48, 24, true, (ap_q_mode)5, (ap_o_mode)3, 0>(ap_fixed_base<48, 24, true, (ap_q_mode)5, (ap_o_mode)3, 0> const&) const' into 'conv_layer01234_fused(ap_fixed<32, 16, (ap_q_mode)5, (ap_o_mode)3, 0>*, ap_fixed<32, 16, (ap_q_mode)5, (ap_o_mode)3, 0> (*) [1])' (src/ecg_denoiser.cpp:150:38)
INFO: [HLS 214-131] Inlining function 'ap_fixed_base<48, 24, true, (ap_q_mode)5, (ap_o_mode)3, 0>& ap_fixed_base<48, 24, true, (ap_q_mode)5, (ap_o_mode)3, 0>::operator+=<96, 48, true, (ap_q_mode)5, (ap_o_mode)3, 0>(ap_fixed_base<96, 48, true, (ap_q_mode)5, (ap_o_mode)3, 0> const&)' into 'conv_layer01234_fused(ap_fixed<32, 16, (ap_q_mode)5, (ap_o_mode)3, 0>*, ap_fixed<32, 16, (ap_q_mode)5, (ap_o_mode)3, 0> (*) [1])' (src/ecg_denoiser.cpp:116:26)
INFO: [HLS 214-131] Inlining function 'ap_fixed_base<48, 24, true, (ap_q_mode)5, (ap_o_mode)3, 0>::RType<48, 24, true>::mult ap_fixed_base<48, 24, true, (ap_q_mode)5, (ap_o_mode)3, 0>::operator*<48, 24, true, (ap_q_mode)5, (ap_o_mode)3, 0>(ap_fixed_base<48, 24, true, (ap_q_mode)5, (ap_o_mode)3, 0> const&) const' into 'conv_layer01234_fused(ap_fixed<32, 16, (ap_q_mode)5, (ap_o_mode)3, 0>*, ap_fixed<32, 16, (ap_q_mode)5, (ap_o_mode)3, 0> (*) [1])' (src/ecg_denoiser.cpp:116:38)
INFO: [HLS 214-131] Inlining function 'ap_fixed_base<48, 24, true, (ap_q_mode)5, (ap_o_mode)3, 0>& ap_fixed_base<48, 24, true, (ap_q_mode)5, (ap_o_mode)3, 0>::operator+=<96, 48, true, (ap_q_mode)5, (ap_o_mode)3, 0>(ap_fixed_base<96, 48, true, (ap_q_mode)5, (ap_o_mode)3, 0> const&)' into 'conv_layer01234_fused(ap_fixed<32, 16, (ap_q_mode)5, (ap_o_mode)3, 0>*, ap_fixed<32, 16, (ap_q_mode)5, (ap_o_mode)3, 0> (*) [1])' (src/ecg_denoiser.cpp:115:26)
INFO: [HLS 214-131] Inlining function 'ap_fixed_base<48, 24, true, (ap_q_mode)5, (ap_o_mode)3, 0>::RType<48, 24, true>::mult ap_fixed_base<48, 24, true, (ap_q_mode)5, (ap_o_mode)3, 0>::operator*<48, 24, true, (ap_q_mode)5, (ap_o_mode)3, 0>(ap_fixed_base<48, 24, true, (ap_q_mode)5, (ap_o_mode)3, 0> const&) const' into 'conv_layer01234_fused(ap_fixed<32, 16, (ap_q_mode)5, (ap_o_mode)3, 0>*, ap_fixed<32, 16, (ap_q_mode)5, (ap_o_mode)3, 0> (*) [1])' (src/ecg_denoiser.cpp:115:38)
INFO: [HLS 214-131] Inlining function 'ap_fixed_base<48, 24, true, (ap_q_mode)5, (ap_o_mode)3, 0>& ap_fixed_base<48, 24, true, (ap_q_mode)5, (ap_o_mode)3, 0>::operator+=<96, 48, true, (ap_q_mode)5, (ap_o_mode)3, 0>(ap_fixed_base<96, 48, true, (ap_q_mode)5, (ap_o_mode)3, 0> const&)' into 'conv_layer01234_fused(ap_fixed<32, 16, (ap_q_mode)5, (ap_o_mode)3, 0>*, ap_fixed<32, 16, (ap_q_mode)5, (ap_o_mode)3, 0> (*) [1])' (src/ecg_denoiser.cpp:83:21)
INFO: [HLS 214-131] Inlining function 'ap_fixed_base<48, 24, true, (ap_q_mode)5, (ap_o_mode)3, 0>::RType<48, 24, true>::mult ap_fixed_base<48, 24, true, (ap_q_mode)5, (ap_o_mode)3, 0>::operator*<48, 24, true, (ap_q_mode)5, (ap_o_mode)3, 0>(ap_fixed_base<48, 24, true, (ap_q_mode)5, (ap_o_mode)3, 0> const&) const' into 'conv_layer01234_fused(ap_fixed<32, 16, (ap_q_mode)5, (ap_o_mode)3, 0>*, ap_fixed<32, 16, (ap_q_mode)5, (ap_o_mode)3, 0> (*) [1])' (src/ecg_denoiser.cpp:83:33)
INFO: [HLS 214-131] Inlining function 'af_range_ref<32, 16, true, (ap_q_mode)5, (ap_o_mode)3, 0>::get() const' into 'ap_int_base<32, false>::ap_int_base<32, 16, true, (ap_q_mode)5, (ap_o_mode)3, 0>(af_range_ref<32, 16, true, (ap_q_mode)5, (ap_o_mode)3, 0> const&)' (C:/Xilinx/Vitis_HLS/2022.2/common/technology/autopilot\ap_int_base.h:403:20)
INFO: [HLS 214-131] Inlining function 'ap_int_base<32, false>::ap_int_base<32, 16, true, (ap_q_mode)5, (ap_o_mode)3, 0>(af_range_ref<32, 16, true, (ap_q_mode)5, (ap_o_mode)3, 0> const&)' into 'ap_range_ref<32, false>& ap_range_ref<32, false>::operator=<32, 16, true, (ap_q_mode)5, (ap_o_mode)3, 0>(af_range_ref<32, 16, true, (ap_q_mode)5, (ap_o_mode)3, 0> const&)' (C:/Xilinx/Vitis_HLS/2022.2/common/technology/autopilot\ap_int_ref.h:405:22)
INFO: [HLS 214-131] Inlining function 'ap_range_ref<32, false>& ap_range_ref<32, false>::operator=<32, false>(ap_int_base<32, false> const&)' into 'ap_range_ref<32, false>& ap_range_ref<32, false>::operator=<32, 16, true, (ap_q_mode)5, (ap_o_mode)3, 0>(af_range_ref<32, 16, true, (ap_q_mode)5, (ap_o_mode)3, 0> const&)' (C:/Xilinx/Vitis_HLS/2022.2/common/technology/autopilot\ap_int_ref.h:405:12)
INFO: [HLS 214-131] Inlining function '_ZN8ssdm_intILi4ELb0EEC2EDq4_j' into 'ap_int_base<4, false>::ap_int_base(int)' (C:/Xilinx/Vitis_HLS/2022.2/common/technology/autopilot\ap_int_base.h:214:67)
INFO: [HLS 214-131] Inlining function 'ap_int_base<4, false>::ap_int_base(int)' into 'ap_uint<4>::ap_uint(int)'
INFO: [HLS 214-131] Inlining function 'ap_int_base<1, false>::ap_int_base(int)' into 'ap_uint<1>::ap_uint(int)'
INFO: [HLS 214-131] Inlining function 'hls::axis<ap_uint<32>, 1ul, 1ul, 1ul>::get_user_ptr()' into 'hls::stream<hls::axis<ap_uint<32>, 1ul, 1ul, 1ul>, 0>::write(hls::axis<ap_uint<32>, 1ul, 1ul, 1ul> const&)' (C:/Xilinx/Vitis_HLS/2022.2/common/technology/autopilot\ap_axi_sdata.h:258:51)
INFO: [HLS 214-131] Inlining function 'hls::axis<ap_uint<32>, 1ul, 1ul, 1ul>::get_dest_ptr()' into 'hls::stream<hls::axis<ap_uint<32>, 1ul, 1ul, 1ul>, 0>::write(hls::axis<ap_uint<32>, 1ul, 1ul, 1ul> const&)' (C:/Xilinx/Vitis_HLS/2022.2/common/technology/autopilot\ap_axi_sdata.h:261:26)
INFO: [HLS 214-131] Inlining function 'hls::axis<ap_uint<32>, 1ul, 1ul, 1ul>::get_id_ptr()' into 'hls::stream<hls::axis<ap_uint<32>, 1ul, 1ul, 1ul>, 0>::write(hls::axis<ap_uint<32>, 1ul, 1ul, 1ul> const&)' (C:/Xilinx/Vitis_HLS/2022.2/common/technology/autopilot\ap_axi_sdata.h:260:68)
INFO: [HLS 214-131] Inlining function 'hls::axis<ap_uint<32>, 1ul, 1ul, 1ul>::get_user_ptr()' into 'hls::stream<hls::axis<ap_uint<32>, 1ul, 1ul, 1ul>, 0>::write(hls::axis<ap_uint<32>, 1ul, 1ul, 1ul> const&)' (C:/Xilinx/Vitis_HLS/2022.2/common/technology/autopilot\ap_axi_sdata.h:260:37)
INFO: [HLS 214-131] Inlining function 'hls::axis<ap_uint<32>, 1ul, 1ul, 1ul>::get_dest_ptr()' into 'hls::stream<hls::axis<ap_uint<32>, 1ul, 1ul, 1ul>, 0>::write(hls::axis<ap_uint<32>, 1ul, 1ul, 1ul> const&)' (C:/Xilinx/Vitis_HLS/2022.2/common/technology/autopilot\ap_axi_sdata.h:259:40)
INFO: [HLS 214-131] Inlining function 'hls::axis<ap_uint<32>, 1ul, 1ul, 1ul>::get_id_ptr()' into 'hls::stream<hls::axis<ap_uint<32>, 1ul, 1ul, 1ul>, 0>::write(hls::axis<ap_uint<32>, 1ul, 1ul, 1ul> const&)' (C:/Xilinx/Vitis_HLS/2022.2/common/technology/autopilot\ap_axi_sdata.h:259:24)
INFO: [HLS 214-131] Inlining function 'hls::stream<hls::axis<ap_uint<32>, 1ul, 1ul, 1ul>, 0>::read()' into 'ecg_denoiser(hls::stream<hls::axis<ap_uint<32>, 1ul, 1ul, 1ul>, 0>&, hls::stream<hls::axis<ap_uint<32>, 1ul, 1ul, 1ul>, 0>&)' (src/ecg_denoiser.cpp:245:29)
INFO: [HLS 214-131] Inlining function 'hls::stream<hls::axis<ap_uint<32>, 1ul, 1ul, 1ul>, 0>::write(hls::axis<ap_uint<32>, 1ul, 1ul, 1ul> const&)' into 'ecg_denoiser(hls::stream<hls::axis<ap_uint<32>, 1ul, 1ul, 1ul>, 0>&, hls::stream<hls::axis<ap_uint<32>, 1ul, 1ul, 1ul>, 0>&)' (src/ecg_denoiser.cpp:292:20)
INFO: [HLS 214-131] Inlining function 'ap_range_ref<32, false>& ap_range_ref<32, false>::operator=<32, 16, true, (ap_q_mode)5, (ap_o_mode)3, 0>(af_range_ref<32, 16, true, (ap_q_mode)5, (ap_o_mode)3, 0> const&)' into 'ecg_denoiser(hls::stream<hls::axis<ap_uint<32>, 1ul, 1ul, 1ul>, 0>&, hls::stream<hls::axis<ap_uint<32>, 1ul, 1ul, 1ul>, 0>&)' (src/ecg_denoiser.cpp:284:25)
INFO: [HLS 214-131] Inlining function 'ap_int_base<32, false>::range(int, int)' into 'ecg_denoiser(hls::stream<hls::axis<ap_uint<32>, 1ul, 1ul, 1ul>, 0>&, hls::stream<hls::axis<ap_uint<32>, 1ul, 1ul, 1ul>, 0>&)' (src/ecg_denoiser.cpp:284:13)
INFO: [HLS 214-131] Inlining function 'ap_fixed_base<32, 16, true, (ap_q_mode)5, (ap_o_mode)3, 0>::range(int, int)' into 'ecg_denoiser(hls::stream<hls::axis<ap_uint<32>, 1ul, 1ul, 1ul>, 0>&, hls::stream<hls::axis<ap_uint<32>, 1ul, 1ul, 1ul>, 0>&)' (src/ecg_denoiser.cpp:284:38)
INFO: [HLS 214-131] Inlining function 'ap_int_base<32, false>::range(int, int)' into 'ecg_denoiser(hls::stream<hls::axis<ap_uint<32>, 1ul, 1ul, 1ul>, 0>&, hls::stream<hls::axis<ap_uint<32>, 1ul, 1ul, 1ul>, 0>&)' (src/ecg_denoiser.cpp:247:40)
INFO: [HLS 214-131] Inlining function 'ap_fixed_base<33, 17, true, (ap_q_mode)5, (ap_o_mode)3, 0>::RType<32, 16, true>::mult ap_fixed_base<33, 17, true, (ap_q_mode)5, (ap_o_mode)3, 0>::operator*<32, 16, true, (ap_q_mode)5, (ap_o_mode)3, 0>(ap_fixed_base<32, 16, true, (ap_q_mode)5, (ap_o_mode)3, 0> const&) const' into 'ecg_denoiser(hls::stream<hls::axis<ap_uint<32>, 1ul, 1ul, 1ul>, 0>&, hls::stream<hls::axis<ap_uint<32>, 1ul, 1ul, 1ul>, 0>&)' (src/ecg_denoiser.cpp:274:41)
INFO: [HLS 214-131] Inlining function 'ap_fixed_base<32, 16, true, (ap_q_mode)5, (ap_o_mode)3, 0>::RType<32, 16, true>::minus ap_fixed_base<32, 16, true, (ap_q_mode)5, (ap_o_mode)3, 0>::operator-<32, 16, true, (ap_q_mode)5, (ap_o_mode)3, 0>(ap_fixed_base<32, 16, true, (ap_q_mode)5, (ap_o_mode)3, 0> const&) const' into 'ecg_denoiser(hls::stream<hls::axis<ap_uint<32>, 1ul, 1ul, 1ul>, 0>&, hls::stream<hls::axis<ap_uint<32>, 1ul, 1ul, 1ul>, 0>&)' (src/ecg_denoiser.cpp:274:30)
INFO: [HLS 214-131] Inlining function 'ap_fixed_base<32, 16, true, (ap_q_mode)5, (ap_o_mode)3, 0>::RType<32, 16, true>::div ap_fixed_base<32, 16, true, (ap_q_mode)5, (ap_o_mode)3, 0>::operator/<32, 16, true, (ap_q_mode)5, (ap_o_mode)3, 0>(ap_fixed_base<32, 16, true, (ap_q_mode)5, (ap_o_mode)3, 0> const&) const' into 'ecg_denoiser(hls::stream<hls::axis<ap_uint<32>, 1ul, 1ul, 1ul>, 0>&, hls::stream<hls::axis<ap_uint<32>, 1ul, 1ul, 1ul>, 0>&)' (src/ecg_denoiser.cpp:269:38)
INFO: [HLS 214-131] Inlining function 'ap_fixed_base<32, 16, true, (ap_q_mode)5, (ap_o_mode)3, 0>::range(int, int)' into 'ecg_denoiser(hls::stream<hls::axis<ap_uint<32>, 1ul, 1ul, 1ul>, 0>&, hls::stream<hls::axis<ap_uint<32>, 1ul, 1ul, 1ul>, 0>&)' (src/ecg_denoiser.cpp:247:22)
INFO: [HLS 214-131] Inlining function 'ap_fixed_base<32, 16, true, (ap_q_mode)5, (ap_o_mode)3, 0>::RType<32, 16, true>::plus ap_fixed_base<32, 16, true, (ap_q_mode)5, (ap_o_mode)3, 0>::operator+<32, 16, true, (ap_q_mode)5, (ap_o_mode)3, 0>(ap_fixed_base<32, 16, true, (ap_q_mode)5, (ap_o_mode)3, 0> const&) const' into 'ecg_denoiser(hls::stream<hls::axis<ap_uint<32>, 1ul, 1ul, 1ul>, 0>&, hls::stream<hls::axis<ap_uint<32>, 1ul, 1ul, 1ul>, 0>&)' (src/ecg_denoiser.cpp:268:49)
INFO: [HLS 214-131] Inlining function 'af_range_ref<32, 16, true, (ap_q_mode)5, (ap_o_mode)3, 0>& af_range_ref<32, 16, true, (ap_q_mode)5, (ap_o_mode)3, 0>::operator=<32, false>(ap_range_ref<32, false> const&)' into 'ecg_denoiser(hls::stream<hls::axis<ap_uint<32>, 1ul, 1ul, 1ul>, 0>&, hls::stream<hls::axis<ap_uint<32>, 1ul, 1ul, 1ul>, 0>&)' (src/ecg_denoiser.cpp:247:34)
INFO: [HLS 214-131] Inlining function 'ap_fixed_base<32, 16, true, (ap_q_mode)5, (ap_o_mode)3, 0>::operator float() const' into 'ecg_denoiser(hls::stream<hls::axis<ap_uint<32>, 1ul, 1ul, 1ul>, 0>&, hls::stream<hls::axis<ap_uint<32>, 1ul, 1ul, 1ul>, 0>&)' (src/ecg_denoiser.cpp:266:29)
INFO: [HLS 214-131] Inlining function 'ap_fixed_base<48, 24, true, (ap_q_mode)5, (ap_o_mode)3, 0>::RType<32, 16, true>::mult ap_fixed_base<48, 24, true, (ap_q_mode)5, (ap_o_mode)3, 0>::operator*<32, 16, true, (ap_q_mode)5, (ap_o_mode)3, 0>(ap_fixed_base<32, 16, true, (ap_q_mode)5, (ap_o_mode)3, 0> const&) const' into 'ecg_denoiser(hls::stream<hls::axis<ap_uint<32>, 1ul, 1ul, 1ul>, 0>&, hls::stream<hls::axis<ap_uint<32>, 1ul, 1ul, 1ul>, 0>&)' (src/ecg_denoiser.cpp:265:38)
INFO: [HLS 214-131] Inlining function 'ap_fixed_base<48, 24, true, (ap_q_mode)5, (ap_o_mode)3, 0>& ap_fixed_base<48, 24, true, (ap_q_mode)5, (ap_o_mode)3, 0>::operator+=<48, 24, true, (ap_q_mode)5, (ap_o_mode)3, 0>(ap_fixed_base<48, 24, true, (ap_q_mode)5, (ap_o_mode)3, 0> const&)' into 'ecg_denoiser(hls::stream<hls::axis<ap_uint<32>, 1ul, 1ul, 1ul>, 0>&, hls::stream<hls::axis<ap_uint<32>, 1ul, 1ul, 1ul>, 0>&)' (src/ecg_denoiser.cpp:254:11)
INFO: [HLS 214-131] Inlining function 'ap_fixed_base<48, 24, true, (ap_q_mode)5, (ap_o_mode)3, 0>& ap_fixed_base<48, 24, true, (ap_q_mode)5, (ap_o_mode)3, 0>::operator+=<96, 48, true, (ap_q_mode)5, (ap_o_mode)3, 0>(ap_fixed_base<96, 48, true, (ap_q_mode)5, (ap_o_mode)3, 0> const&)' into 'ecg_denoiser(hls::stream<hls::axis<ap_uint<32>, 1ul, 1ul, 1ul>, 0>&, hls::stream<hls::axis<ap_uint<32>, 1ul, 1ul, 1ul>, 0>&)' (src/ecg_denoiser.cpp:263:17)
INFO: [HLS 214-131] Inlining function 'ap_fixed_base<48, 24, true, (ap_q_mode)5, (ap_o_mode)3, 0>::RType<48, 24, true>::mult ap_fixed_base<48, 24, true, (ap_q_mode)5, (ap_o_mode)3, 0>::operator*<48, 24, true, (ap_q_mode)5, (ap_o_mode)3, 0>(ap_fixed_base<48, 24, true, (ap_q_mode)5, (ap_o_mode)3, 0> const&) const' into 'ecg_denoiser(hls::stream<hls::axis<ap_uint<32>, 1ul, 1ul, 1ul>, 0>&, hls::stream<hls::axis<ap_uint<32>, 1ul, 1ul, 1ul>, 0>&)' (src/ecg_denoiser.cpp:263:29)
INFO: [HLS 214-131] Inlining function 'ap_fixed_base<32, 16, true, (ap_q_mode)5, (ap_o_mode)3, 0>::RType<32, 16, true>::minus ap_fixed_base<32, 16, true, (ap_q_mode)5, (ap_o_mode)3, 0>::operator-<32, 16, true, (ap_q_mode)5, (ap_o_mode)3, 0>(ap_fixed_base<32, 16, true, (ap_q_mode)5, (ap_o_mode)3, 0> const&) const' into 'ecg_denoiser(hls::stream<hls::axis<ap_uint<32>, 1ul, 1ul, 1ul>, 0>&, hls::stream<hls::axis<ap_uint<32>, 1ul, 1ul, 1ul>, 0>&)' (src/ecg_denoiser.cpp:262:26)
INFO: [HLS 214-131] Inlining function 'ap_fixed_base<48, 24, true, (ap_q_mode)5, (ap_o_mode)3, 0>::RType<32, 16, true>::mult ap_fixed_base<48, 24, true, (ap_q_mode)5, (ap_o_mode)3, 0>::operator*<32, 16, true, (ap_q_mode)5, (ap_o_mode)3, 0>(ap_fixed_base<32, 16, true, (ap_q_mode)5, (ap_o_mode)3, 0> const&) const' into 'ecg_denoiser(hls::stream<hls::axis<ap_uint<32>, 1ul, 1ul, 1ul>, 0>&, hls::stream<hls::axis<ap_uint<32>, 1ul, 1ul, 1ul>, 0>&)' (src/ecg_denoiser.cpp:256:40)
INFO: [HLS 214-186] Unrolling loop 'SHIFT_WIN01_K' (src/ecg_denoiser.cpp:88:9) in function 'conv_layer01234_fused' completely with a factor of 6 (src/ecg_denoiser.cpp:7:0)
INFO: [HLS 214-186] Unrolling loop 'SHIFT_WIN01_OC' (src/ecg_denoiser.cpp:91:13) in function 'conv_layer01234_fused' completely with a factor of 64 (src/ecg_denoiser.cpp:7:0)
INFO: [HLS 214-186] Unrolling loop 'INSERT_WIN01_OC' (src/ecg_denoiser.cpp:97:9) in function 'conv_layer01234_fused' completely with a factor of 64 (src/ecg_denoiser.cpp:7:0)
INFO: [HLS 214-186] Unrolling loop 'SHIFT_WIN12_K' (src/ecg_denoiser.cpp:123:9) in function 'conv_layer01234_fused' completely with a factor of 4 (src/ecg_denoiser.cpp:7:0)
INFO: [HLS 214-186] Unrolling loop 'SHIFT_WIN12_OC' (src/ecg_denoiser.cpp:126:13) in function 'conv_layer01234_fused' completely with a factor of 128 (src/ecg_denoiser.cpp:7:0)
INFO: [HLS 214-186] Unrolling loop 'INSERT_WIN12_OC' (src/ecg_denoiser.cpp:132:9) in function 'conv_layer01234_fused' completely with a factor of 128 (src/ecg_denoiser.cpp:7:0)
INFO: [HLS 214-186] Unrolling loop 'SHIFT_WIN23_K' (src/ecg_denoiser.cpp:158:9) in function 'conv_layer01234_fused' completely with a factor of 2 (src/ecg_denoiser.cpp:7:0)
INFO: [HLS 214-186] Unrolling loop 'SHIFT_WIN23_OC' (src/ecg_denoiser.cpp:161:13) in function 'conv_layer01234_fused' completely with a factor of 64 (src/ecg_denoiser.cpp:7:0)
INFO: [HLS 214-186] Unrolling loop 'INSERT_WIN23_OC' (src/ecg_denoiser.cpp:167:9) in function 'conv_layer01234_fused' completely with a factor of 64 (src/ecg_denoiser.cpp:7:0)
INFO: [HLS 214-186] Unrolling loop 'SHIFT_WIN34_K' (src/ecg_denoiser.cpp:193:9) in function 'conv_layer01234_fused' completely with a factor of 6 (src/ecg_denoiser.cpp:7:0)
INFO: [HLS 214-186] Unrolling loop 'SHIFT_WIN34_OC' (src/ecg_denoiser.cpp:196:13) in function 'conv_layer01234_fused' completely with a factor of 32 (src/ecg_denoiser.cpp:7:0)
INFO: [HLS 214-186] Unrolling loop 'INSERT_WIN34_OC' (src/ecg_denoiser.cpp:202:9) in function 'conv_layer01234_fused' completely with a factor of 32 (src/ecg_denoiser.cpp:7:0)
INFO: [HLS 214-186] Unrolling loop 'INIT_WIN34_K' (src/ecg_denoiser.cpp:60:5) in function 'conv_layer01234_fused' completely with a factor of 7 (src/ecg_denoiser.cpp:7:0)
INFO: [HLS 214-186] Unrolling loop 'INIT_WIN34_OC' (src/ecg_denoiser.cpp:63:9) in function 'conv_layer01234_fused' completely with a factor of 32 (src/ecg_denoiser.cpp:7:0)
INFO: [HLS 214-186] Unrolling loop 'INIT_WIN23_K' (src/ecg_denoiser.cpp:51:5) in function 'conv_layer01234_fused' completely with a factor of 3 (src/ecg_denoiser.cpp:7:0)
INFO: [HLS 214-186] Unrolling loop 'INIT_WIN23_OC' (src/ecg_denoiser.cpp:54:9) in function 'conv_layer01234_fused' completely with a factor of 64 (src/ecg_denoiser.cpp:7:0)
INFO: [HLS 214-186] Unrolling loop 'INIT_WIN12_K' (src/ecg_denoiser.cpp:42:5) in function 'conv_layer01234_fused' completely with a factor of 5 (src/ecg_denoiser.cpp:7:0)
INFO: [HLS 214-186] Unrolling loop 'INIT_WIN12_OC' (src/ecg_denoiser.cpp:45:9) in function 'conv_layer01234_fused' completely with a factor of 128 (src/ecg_denoiser.cpp:7:0)
INFO: [HLS 214-186] Unrolling loop 'INIT_WIN01_K' (src/ecg_denoiser.cpp:33:5) in function 'conv_layer01234_fused' completely with a factor of 7 (src/ecg_denoiser.cpp:7:0)
INFO: [HLS 214-186] Unrolling loop 'INIT_WIN01_OC' (src/ecg_denoiser.cpp:36:9) in function 'conv_layer01234_fused' completely with a factor of 64 (src/ecg_denoiser.cpp:7:0)
INFO: [HLS 214-178] Inlining function 'relu(ap_fixed<32, 16, (ap_q_mode)5, (ap_o_mode)3, 0>)' into 'conv_layer01234_fused(ap_fixed<32, 16, (ap_q_mode)5, (ap_o_mode)3, 0>*, ap_fixed<32, 16, (ap_q_mode)5, (ap_o_mode)3, 0> (*) [1])' (src/ecg_denoiser.cpp:7:0)
INFO: [HLS 214-178] Inlining function 'ap_fixed_base<32, 16, true, (ap_q_mode)5, (ap_o_mode)3, 0>::ap_fixed_base(double)' into 'ecg_denoiser(hls::stream<hls::axis<ap_uint<32>, 1ul, 1ul, 1ul>, 0>&, hls::stream<hls::axis<ap_uint<32>, 1ul, 1ul, 1ul>, 0>&)' (src/ecg_denoiser.cpp:227:0)
INFO: [HLS 214-178] Inlining function 'hls::sqrt(float)' into 'ecg_denoiser(hls::stream<hls::axis<ap_uint<32>, 1ul, 1ul, 1ul>, 0>&, hls::stream<hls::axis<ap_uint<32>, 1ul, 1ul, 1ul>, 0>&)' (src/ecg_denoiser.cpp:227:0)
INFO: [HLS 214-248] Applying array_partition to 'win01': Complete partitioning on dimension 1. Cyclic partitioning with factor 2 on dimension 2. (src/ecg_denoiser.cpp:16:9)
INFO: [HLS 214-248] Applying array_partition to 'win12': Complete partitioning on dimension 1. Cyclic partitioning with factor 2 on dimension 2. (src/ecg_denoiser.cpp:20:9)
INFO: [HLS 214-248] Applying array_partition to 'win23': Complete partitioning on dimension 1. Cyclic partitioning with factor 2 on dimension 2. (src/ecg_denoiser.cpp:24:9)
INFO: [HLS 214-248] Applying array_partition to 'win34': Complete partitioning on dimension 1. Cyclic partitioning with factor 2 on dimension 2. (src/ecg_denoiser.cpp:28:9)
INFO: [HLS 214-248] Applying array_partition to 'l0_out': Cyclic partitioning with factor 2 on dimension 1. (src/ecg_denoiser.cpp:73:16)
INFO: [HLS 214-248] Applying array_partition to 'l1_out': Cyclic partitioning with factor 2 on dimension 1. (src/ecg_denoiser.cpp:103:16)
INFO: [HLS 214-248] Applying array_partition to 'l2_out': Cyclic partitioning with factor 2 on dimension 1. (src/ecg_denoiser.cpp:138:16)
INFO: [HLS 214-248] Applying array_partition to 'l3_out': Cyclic partitioning with factor 2 on dimension 1. (src/ecg_denoiser.cpp:173:16)
INFO: [HLS 214-248] Applying array_partition to 'input_buf': Cyclic partitioning with factor 2 on dimension 1. (src/ecg_denoiser.cpp:232:9)
INFO: [HLS 214-248] Applying array_partition to 'norm_buf': Cyclic partitioning with factor 2 on dimension 1. (src/ecg_denoiser.cpp:233:12)
INFO: [HLS 214-248] Applying array_partition to 'buf4': Complete partitioning on dimension 2. (src/ecg_denoiser.cpp:234:12)
INFO: [HLS 200-111] Finished Compiling Optimization and Transform: CPU user time: 2 seconds. CPU system time: 1 seconds. Elapsed time: 85.772 seconds; current allocated memory: 114.805 MB.
INFO: [HLS 200-111] Finished Checking Pragmas: CPU user time: 0 seconds. CPU system time: 0 seconds. Elapsed time: 0.005 seconds; current allocated memory: 114.805 MB.
INFO: [HLS 200-10] Starting code transformations ...
INFO: [HLS 200-111] Finished Standard Transforms: CPU user time: 80 seconds. CPU system time: 0 seconds. Elapsed time: 80.587 seconds; current allocated memory: 196.582 MB.
INFO: [HLS 200-10] Checking synthesizability ...
WARNING: [SYNCHK 200-120] C:/Xilinx/Vitis_HLS/2022.2/common/technology/autopilot\ap_fixed_base.h:1273: multiplication is assumed not to overflow by default, otherwise, please add option '-fwrapv'.
WARNING: [SYNCHK 200-23] C:/Xilinx/Vitis_HLS/2022.2/common/technology/autopilot\ap_fixed_base.h:1102: variable-indexed range selection may cause suboptimal QoR.
INFO: [SYNCHK 200-10] 0 error(s), 2 warning(s).
INFO: [HLS 200-111] Finished Checking Synthesizability: CPU user time: 72 seconds. CPU system time: 0 seconds. Elapsed time: 72.08 seconds; current allocated memory: 208.234 MB.
INFO: [XFORM 203-401] Performing if-conversion on hyperblock to (src/ecg_denoiser.cpp:272:5) in function 'ecg_denoiser'... converting 16 basic blocks.
INFO: [XFORM 203-401] Performing if-conversion on hyperblock from (src/ecg_denoiser.cpp:80:9) to (src/ecg_denoiser.cpp:79:13) in function 'conv_layer01234_fused'... converting 3 basic blocks.
INFO: [HLS 200-111] Finished Loop, function and other optimizations: CPU user time: 81 seconds. CPU system time: 0 seconds. Elapsed time: 81.132 seconds; current allocated memory: 253.402 MB.
WARNING: [HLS 200-960] Cannot flatten loop 'L0_OC' (src/ecg_denoiser.cpp:76:18) in function 'conv_layer01234_fused' the outer loop is not a perfect loop because there is nontrivial logic before entering the inner loop.
INFO: [XFORM 203-541] Flattening a loop nest 'L1_IC' (src/ecg_denoiser.cpp:107:19) in function 'conv_layer01234_fused'.
WARNING: [HLS 200-960] Cannot flatten loop 'L1_OC_GROUP' (src/ecg_denoiser.cpp:106:18) in function 'conv_layer01234_fused' the outer loop is not a perfect loop because there is nontrivial logic in the loop latch.
INFO: [XFORM 203-541] Flattening a loop nest 'L2_IC' (src/ecg_denoiser.cpp:142:19) in function 'conv_layer01234_fused'.
WARNING: [HLS 200-960] Cannot flatten loop 'L2_OC_GROUP' (src/ecg_denoiser.cpp:141:18) in function 'conv_layer01234_fused' the outer loop is not a perfect loop because there is nontrivial logic in the loop latch.
INFO: [XFORM 203-541] Flattening a loop nest 'L3_IC' (src/ecg_denoiser.cpp:177:19) in function 'conv_layer01234_fused'.
WARNING: [HLS 200-960] Cannot flatten loop 'L3_OC_GROUP' (src/ecg_denoiser.cpp:176:18) in function 'conv_layer01234_fused' the outer loop is not a perfect loop because there is nontrivial logic in the loop latch.
INFO: [XFORM 203-541] Flattening a loop nest 'L4_IC' (src/ecg_denoiser.cpp:210:19) in function 'conv_layer01234_fused'.
WARNING: [HLS 200-960] Cannot flatten loop 'FUSED_T' (src/ecg_denoiser.cpp:73:16) in function 'conv_layer01234_fused' more than one sub loop.
INFO: [HLS 200-472] Inferring partial write operation for 'input_buf.V' 
INFO: [HLS 200-472] Inferring partial write operation for 'norm_buf.V' (src/ecg_denoiser.cpp:274:14)
INFO: [HLS 200-472] Inferring partial write operation for 'win01.V.2' (src/ecg_denoiser.cpp:38:15)
INFO: [HLS 200-472] Inferring partial write operation for 'win12.V.2' (src/ecg_denoiser.cpp:47:15)
INFO: [HLS 200-472] Inferring partial write operation for 'win23.V.2' (src/ecg_denoiser.cpp:56:15)
INFO: [HLS 200-472] Inferring partial write operation for 'win34.V.2' (src/ecg_denoiser.cpp:65:15)
INFO: [HLS 200-472] Inferring partial write operation for 'l0_out.V' (src/ecg_denoiser.cpp:85:24)
INFO: [HLS 200-472] Inferring partial write operation for 'win01.V.2' (src/ecg_denoiser.cpp:93:15)
INFO: [HLS 200-472] Inferring partial write operation for 'win01.V.10' (src/ecg_denoiser.cpp:99:24)
INFO: [HLS 200-472] Inferring partial write operation for 'l1_out.V' (src/ecg_denoiser.cpp:119:31)
INFO: [HLS 200-472] Inferring partial write operation for 'l1_out.V.1' (src/ecg_denoiser.cpp:120:31)
INFO: [HLS 200-472] Inferring partial write operation for 'win12.V.2' (src/ecg_denoiser.cpp:128:15)
INFO: [HLS 200-472] Inferring partial write operation for 'win12.V.6' (src/ecg_denoiser.cpp:134:24)
INFO: [HLS 200-472] Inferring partial write operation for 'l2_out.V' (src/ecg_denoiser.cpp:154:31)
INFO: [HLS 200-472] Inferring partial write operation for 'l2_out.V.1' (src/ecg_denoiser.cpp:155:31)
INFO: [HLS 200-472] Inferring partial write operation for 'win23.V.2' (src/ecg_denoiser.cpp:163:15)
INFO: [HLS 200-472] Inferring partial write operation for 'win23.V.4' (src/ecg_denoiser.cpp:169:24)
INFO: [HLS 200-472] Inferring partial write operation for 'l3_out.V' (src/ecg_denoiser.cpp:189:31)
INFO: [HLS 200-472] Inferring partial write operation for 'l3_out.V.1' (src/ecg_denoiser.cpp:190:31)
INFO: [HLS 200-472] Inferring partial write operation for 'win34.V.2' (src/ecg_denoiser.cpp:198:15)
INFO: [HLS 200-472] Inferring partial write operation for 'win34.V.10' (src/ecg_denoiser.cpp:204:24)
INFO: [HLS 200-472] Inferring partial write operation for 'out' (src/ecg_denoiser.cpp:220:24)
INFO: [HLS 200-111] Finished Architecture Synthesis: CPU user time: 13 seconds. CPU system time: 0 seconds. Elapsed time: 13.641 seconds; current allocated memory: 388.609 MB.
INFO: [HLS 200-10] Starting hardware synthesis ...
INFO: [HLS 200-10] Synthesizing 'ecg_denoiser' ...
INFO: [HLS 200-10] ----------------------------------------------------------------
INFO: [HLS 200-42] -- Implementing module 'ecg_denoiser_Pipeline_READ_INPUT' 
INFO: [HLS 200-10] ----------------------------------------------------------------
INFO: [SCHED 204-11] Starting scheduling ...
INFO: [SCHED 204-61] Pipelining loop 'READ_INPUT'.
INFO: [HLS 200-1470] Pipelining result : Target II = 1, Final II = 1, Depth = 1, loop 'READ_INPUT'
INFO: [SCHED 204-11] Finished scheduling.
INFO: [HLS 200-111] Finished Scheduling: CPU user time: 1 seconds. CPU system time: 0 seconds. Elapsed time: 2.173 seconds; current allocated memory: 394.188 MB.
INFO: [BIND 205-100] Starting micro-architecture generation ...
INFO: [BIND 205-101] Performing variable lifetime analysis.
INFO: [BIND 205-101] Exploring resource sharing.
INFO: [BIND 205-101] Binding ...
INFO: [BIND 205-100] Finished micro-architecture generation.
INFO: [HLS 200-111] Finished Binding: CPU user time: 0 seconds. CPU system time: 0 seconds. Elapsed time: 0.12 seconds; current allocated memory: 395.395 MB.
INFO: [HLS 200-10] ----------------------------------------------------------------
INFO: [HLS 200-42] -- Implementing module 'ecg_denoiser_Pipeline_ZNORM_MEAN' 
INFO: [HLS 200-10] ----------------------------------------------------------------
INFO: [SCHED 204-11] Starting scheduling ...
INFO: [SCHED 204-61] Pipelining loop 'ZNORM_MEAN'.
INFO: [HLS 200-1470] Pipelining result : Target II = 1, Final II = 1, Depth = 2, loop 'ZNORM_MEAN'
INFO: [SCHED 204-11] Finished scheduling.
INFO: [HLS 200-111] Finished Scheduling: CPU user time: 0 seconds. CPU system time: 0 seconds. Elapsed time: 0.142 seconds; current allocated memory: 395.625 MB.
INFO: [BIND 205-100] Starting micro-architecture generation ...
INFO: [BIND 205-101] Performing variable lifetime analysis.
INFO: [BIND 205-101] Exploring resource sharing.
INFO: [BIND 205-101] Binding ...
INFO: [BIND 205-100] Finished micro-architecture generation.
INFO: [HLS 200-111] Finished Binding: CPU user time: 1 seconds. CPU system time: 0 seconds. Elapsed time: 0.1 seconds; current allocated memory: 395.637 MB.
INFO: [HLS 200-10] ----------------------------------------------------------------
INFO: [HLS 200-42] -- Implementing module 'ecg_denoiser_Pipeline_ZNORM_VAR' 
INFO: [HLS 200-10] ----------------------------------------------------------------
INFO: [SCHED 204-11] Starting scheduling ...
INFO: [SCHED 204-61] Pipelining loop 'ZNORM_VAR'.
INFO: [HLS 200-1470] Pipelining result : Target II = 1, Final II = 1, Depth = 4, loop 'ZNORM_VAR'
INFO: [SCHED 204-11] Finished scheduling.
INFO: [HLS 200-111] Finished Scheduling: CPU user time: 0 seconds. CPU system time: 0 seconds. Elapsed time: 0.159 seconds; current allocated memory: 395.867 MB.
INFO: [BIND 205-100] Starting micro-architecture generation ...
INFO: [BIND 205-101] Performing variable lifetime analysis.
INFO: [BIND 205-101] Exploring resource sharing.
INFO: [BIND 205-101] Binding ...
INFO: [BIND 205-100] Finished micro-architecture generation.
INFO: [HLS 200-111] Finished Binding: CPU user time: 0 seconds. CPU system time: 0 seconds. Elapsed time: 0.125 seconds; current allocated memory: 395.957 MB.
INFO: [HLS 200-10] ----------------------------------------------------------------
INFO: [HLS 200-42] -- Implementing module 'ecg_denoiser_Pipeline_ZNORM_APPLY' 
INFO: [HLS 200-10] ----------------------------------------------------------------
INFO: [SCHED 204-11] Starting scheduling ...
INFO: [SCHED 204-61] Pipelining loop 'ZNORM_APPLY'.
INFO: [HLS 200-1470] Pipelining result : Target II = 1, Final II = 1, Depth = 3, loop 'ZNORM_APPLY'
INFO: [SCHED 204-11] Finished scheduling.
INFO: [HLS 200-111] Finished Scheduling: CPU user time: 0 seconds. CPU system time: 0 seconds. Elapsed time: 0.167 seconds; current allocated memory: 396.199 MB.
INFO: [BIND 205-100] Starting micro-architecture generation ...
INFO: [BIND 205-101] Performing variable lifetime analysis.
INFO: [BIND 205-101] Exploring resource sharing.
INFO: [BIND 205-101] Binding ...
INFO: [BIND 205-100] Finished micro-architecture generation.
INFO: [HLS 200-111] Finished Binding: CPU user time: 0 seconds. CPU system time: 0 seconds. Elapsed time: 0.109 seconds; current allocated memory: 396.230 MB.
INFO: [HLS 200-10] ----------------------------------------------------------------
INFO: [HLS 200-42] -- Implementing module 'conv_layer01234_fused_Pipeline_L0_K' 
INFO: [HLS 200-10] ----------------------------------------------------------------
INFO: [SCHED 204-11] Starting scheduling ...
INFO: [SCHED 204-61] Pipelining loop 'L0_K'.
INFO: [HLS 200-1470] Pipelining result : Target II = 1, Final II = 1, Depth = 4, loop 'L0_K'
INFO: [SCHED 204-11] Finished scheduling.
INFO: [HLS 200-111] Finished Scheduling: CPU user time: 0 seconds. CPU system time: 0 seconds. Elapsed time: 0.197 seconds; current allocated memory: 396.559 MB.
INFO: [BIND 205-100] Starting micro-architecture generation ...
INFO: [BIND 205-101] Performing variable lifetime analysis.
INFO: [BIND 205-101] Exploring resource sharing.
INFO: [BIND 205-101] Binding ...
INFO: [BIND 205-100] Finished micro-architecture generation.
INFO: [HLS 200-111] Finished Binding: CPU user time: 0 seconds. CPU system time: 0 seconds. Elapsed time: 0.129 seconds; current allocated memory: 396.566 MB.
INFO: [HLS 200-10] ----------------------------------------------------------------
INFO: [HLS 200-42] -- Implementing module 'conv_layer01234_fused_Pipeline_L1_IC_L1_K' 
INFO: [HLS 200-10] ----------------------------------------------------------------
INFO: [SCHED 204-11] Starting scheduling ...
INFO: [SCHED 204-61] Pipelining loop 'L1_IC_L1_K'.
INFO: [HLS 200-1470] Pipelining result : Target II = 1, Final II = 1, Depth = 5, loop 'L1_IC_L1_K'
INFO: [SCHED 204-11] Finished scheduling.
INFO: [HLS 200-111] Finished Scheduling: CPU user time: 0 seconds. CPU system time: 0 seconds. Elapsed time: 0.265 seconds; current allocated memory: 397.629 MB.
INFO: [BIND 205-100] Starting micro-architecture generation ...
INFO: [BIND 205-101] Performing variable lifetime analysis.
INFO: [BIND 205-101] Exploring resource sharing.
INFO: [BIND 205-101] Binding ...
INFO: [BIND 205-100] Finished micro-architecture generation.
INFO: [HLS 200-111] Finished Binding: CPU user time: 0 seconds. CPU system time: 0 seconds. Elapsed time: 0.191 seconds; current allocated memory: 397.773 MB.
INFO: [HLS 200-10] ----------------------------------------------------------------
INFO: [HLS 200-42] -- Implementing module 'conv_layer01234_fused_Pipeline_L2_IC_L2_K' 
INFO: [HLS 200-10] ----------------------------------------------------------------
INFO: [SCHED 204-11] Starting scheduling ...
INFO: [SCHED 204-61] Pipelining loop 'L2_IC_L2_K'.
INFO: [HLS 200-1470] Pipelining result : Target II = 1, Final II = 1, Depth = 4, loop 'L2_IC_L2_K'
INFO: [SCHED 204-11] Finished scheduling.
INFO: [HLS 200-111] Finished Scheduling: CPU user time: 1 seconds. CPU system time: 0 seconds. Elapsed time: 0.394 seconds; current allocated memory: 398.508 MB.
INFO: [BIND 205-100] Starting micro-architecture generation ...
INFO: [BIND 205-101] Performing variable lifetime analysis.
INFO: [BIND 205-101] Exploring resource sharing.
INFO: [BIND 205-101] Binding ...
INFO: [BIND 205-100] Finished micro-architecture generation.
INFO: [HLS 200-111] Finished Binding: CPU user time: 0 seconds. CPU system time: 0 seconds. Elapsed time: 0.207 seconds; current allocated memory: 398.719 MB.
INFO: [HLS 200-10] ----------------------------------------------------------------
INFO: [HLS 200-42] -- Implementing module 'conv_layer01234_fused_Pipeline_L3_IC_L3_K' 
INFO: [HLS 200-10] ----------------------------------------------------------------
INFO: [SCHED 204-11] Starting scheduling ...
INFO: [SCHED 204-61] Pipelining loop 'L3_IC_L3_K'.
INFO: [HLS 200-1470] Pipelining result : Target II = 1, Final II = 1, Depth = 4, loop 'L3_IC_L3_K'
INFO: [SCHED 204-11] Finished scheduling.
INFO: [HLS 200-111] Finished Scheduling: CPU user time: 0 seconds. CPU system time: 0 seconds. Elapsed time: 0.304 seconds; current allocated memory: 399.066 MB.
INFO: [BIND 205-100] Starting micro-architecture generation ...
INFO: [BIND 205-101] Performing variable lifetime analysis.
INFO: [BIND 205-101] Exploring resource sharing.
INFO: [BIND 205-101] Binding ...
INFO: [BIND 205-100] Finished micro-architecture generation.
INFO: [HLS 200-111] Finished Binding: CPU user time: 0 seconds. CPU system time: 0 seconds. Elapsed time: 0.162 seconds; current allocated memory: 399.195 MB.
INFO: [HLS 200-10] ----------------------------------------------------------------
INFO: [HLS 200-42] -- Implementing module 'conv_layer01234_fused_Pipeline_L4_IC_L4_K' 
INFO: [HLS 200-10] ----------------------------------------------------------------
INFO: [SCHED 204-11] Starting scheduling ...
INFO: [SCHED 204-61] Pipelining loop 'L4_IC_L4_K'.
INFO: [HLS 200-1470] Pipelining result : Target II = 1, Final II = 1, Depth = 4, loop 'L4_IC_L4_K'
INFO: [SCHED 204-11] Finished scheduling.
INFO: [HLS 200-111] Finished Scheduling: CPU user time: 1 seconds. CPU system time: 0 seconds. Elapsed time: 0.296 seconds; current allocated memory: 399.648 MB.
INFO: [BIND 205-100] Starting micro-architecture generation ...
INFO: [BIND 205-101] Performing variable lifetime analysis.
INFO: [BIND 205-101] Exploring resource sharing.
INFO: [BIND 205-101] Binding ...
INFO: [BIND 205-100] Finished micro-architecture generation.
INFO: [HLS 200-111] Finished Binding: CPU user time: 0 seconds. CPU system time: 0 seconds. Elapsed time: 0.184 seconds; current allocated memory: 399.766 MB.
INFO: [HLS 200-10] ----------------------------------------------------------------
INFO: [HLS 200-42] -- Implementing module 'conv_layer01234_fused' 
INFO: [HLS 200-10] ----------------------------------------------------------------
INFO: [SCHED 204-11] Starting scheduling ...
INFO: [SCHED 204-11] Finished scheduling.
INFO: [HLS 200-111] Finished Scheduling: CPU user time: 4 seconds. CPU system time: 0 seconds. Elapsed time: 4.9 seconds; current allocated memory: 434.398 MB.
INFO: [BIND 205-100] Starting micro-architecture generation ...
INFO: [BIND 205-101] Performing variable lifetime analysis.
INFO: [BIND 205-101] Exploring resource sharing.
INFO: [BIND 205-101] Binding ...
INFO: [BIND 205-100] Finished micro-architecture generation.
INFO: [HLS 200-111] Finished Binding: CPU user time: 4 seconds. CPU system time: 1 seconds. Elapsed time: 3.304 seconds; current allocated memory: 434.406 MB.
INFO: [HLS 200-10] ----------------------------------------------------------------
INFO: [HLS 200-42] -- Implementing module 'ecg_denoiser_Pipeline_WRITE_OUTPUT' 
INFO: [HLS 200-10] ----------------------------------------------------------------
INFO: [SCHED 204-11] Starting scheduling ...
INFO: [SCHED 204-61] Pipelining loop 'WRITE_OUTPUT'.
INFO: [HLS 200-1470] Pipelining result : Target II = 1, Final II = 1, Depth = 2, loop 'WRITE_OUTPUT'
INFO: [SCHED 204-11] Finished scheduling.
INFO: [HLS 200-111] Finished Scheduling: CPU user time: 2 seconds. CPU system time: 0 seconds. Elapsed time: 2.403 seconds; current allocated memory: 434.406 MB.
INFO: [BIND 205-100] Starting micro-architecture generation ...
INFO: [BIND 205-101] Performing variable lifetime analysis.
INFO: [BIND 205-101] Exploring resource sharing.
INFO: [BIND 205-101] Binding ...
INFO: [BIND 205-100] Finished micro-architecture generation.
INFO: [HLS 200-111] Finished Binding: CPU user time: 0 seconds. CPU system time: 0 seconds. Elapsed time: 0.135 seconds; current allocated memory: 434.406 MB.
INFO: [HLS 200-10] ----------------------------------------------------------------
INFO: [HLS 200-42] -- Implementing module 'ecg_denoiser' 
INFO: [HLS 200-10] ----------------------------------------------------------------
INFO: [SCHED 204-11] Starting scheduling ...
INFO: [SCHED 204-11] Finished scheduling.
INFO: [HLS 200-111] Finished Scheduling: CPU user time: 0 seconds. CPU system time: 0 seconds. Elapsed time: 0.302 seconds; current allocated memory: 434.434 MB.
INFO: [BIND 205-100] Starting micro-architecture generation ...
INFO: [BIND 205-101] Performing variable lifetime analysis.
INFO: [BIND 205-101] Exploring resource sharing.
INFO: [BIND 205-101] Binding ...
INFO: [BIND 205-100] Finished micro-architecture generation.
INFO: [HLS 200-111] Finished Binding: CPU user time: 1 seconds. CPU system time: 0 seconds. Elapsed time: 0.847 seconds; current allocated memory: 434.527 MB.
INFO: [HLS 200-10] ----------------------------------------------------------------
INFO: [HLS 200-10] -- Generating RTL for module 'ecg_denoiser_Pipeline_READ_INPUT' 
INFO: [HLS 200-10] ----------------------------------------------------------------
INFO: [RTGEN 206-100] Finished creating RTL model for 'ecg_denoiser_Pipeline_READ_INPUT'.
INFO: [HLS 200-111] Finished Creating RTL model: CPU user time: 1 seconds. CPU system time: 0 seconds. Elapsed time: 0.909 seconds; current allocated memory: 435.918 MB.
INFO: [HLS 200-10] ----------------------------------------------------------------
INFO: [HLS 200-10] -- Generating RTL for module 'ecg_denoiser_Pipeline_ZNORM_MEAN' 
INFO: [HLS 200-10] ----------------------------------------------------------------
INFO: [HLS 200-1030] Apply Unified Pipeline Control on module 'ecg_denoiser_Pipeline_ZNORM_MEAN' pipeline 'ZNORM_MEAN' pipeline type 'loop pipeline'
INFO: [RTGEN 206-100] Generating core module 'mux_21_32_1_1': 1 instance(s).
INFO: [RTGEN 206-100] Finished creating RTL model for 'ecg_denoiser_Pipeline_ZNORM_MEAN'.
INFO: [HLS 200-111] Finished Creating RTL model: CPU user time: 0 seconds. CPU system time: 0 seconds. Elapsed time: 0.222 seconds; current allocated memory: 436.977 MB.
INFO: [HLS 200-10] ----------------------------------------------------------------
INFO: [HLS 200-10] -- Generating RTL for module 'ecg_denoiser_Pipeline_ZNORM_VAR' 
INFO: [HLS 200-10] ----------------------------------------------------------------
INFO: [HLS 200-1030] Apply Unified Pipeline Control on module 'ecg_denoiser_Pipeline_ZNORM_VAR' pipeline 'ZNORM_VAR' pipeline type 'loop pipeline'
INFO: [RTGEN 206-100] Generating core module 'mul_40s_40s_72_1_1': 1 instance(s).
INFO: [RTGEN 206-100] Generating core module 'mux_21_32_1_1': 1 instance(s).
INFO: [RTGEN 206-100] Finished creating RTL model for 'ecg_denoiser_Pipeline_ZNORM_VAR'.
INFO: [HLS 200-111] Finished Creating RTL model: CPU user time: 0 seconds. CPU system time: 0 seconds. Elapsed time: 0.25 seconds; current allocated memory: 437.344 MB.
INFO: [HLS 200-10] ----------------------------------------------------------------
INFO: [HLS 200-10] -- Generating RTL for module 'ecg_denoiser_Pipeline_ZNORM_APPLY' 
INFO: [HLS 200-10] ----------------------------------------------------------------
INFO: [HLS 200-1030] Apply Unified Pipeline Control on module 'ecg_denoiser_Pipeline_ZNORM_APPLY' pipeline 'ZNORM_APPLY' pipeline type 'loop pipeline'
INFO: [RTGEN 206-100] Generating core module 'mul_33s_32s_48_1_1': 1 instance(s).
INFO: [RTGEN 206-100] Generating core module 'mux_21_32_1_1': 1 instance(s).
INFO: [RTGEN 206-100] Finished creating RTL model for 'ecg_denoiser_Pipeline_ZNORM_APPLY'.
INFO: [HLS 200-111] Finished Creating RTL model: CPU user time: 0 seconds. CPU system time: 0 seconds. Elapsed time: 0.252 seconds; current allocated memory: 437.441 MB.
INFO: [HLS 200-10] ----------------------------------------------------------------
INFO: [HLS 200-10] -- Generating RTL for module 'conv_layer01234_fused_Pipeline_L0_K' 
INFO: [HLS 200-10] ----------------------------------------------------------------
INFO: [HLS 200-1030] Apply Unified Pipeline Control on module 'conv_layer01234_fused_Pipeline_L0_K' pipeline 'L0_K' pipeline type 'loop pipeline'
INFO: [RTGEN 206-100] Generating core module 'mul_24s_40s_63_1_1': 1 instance(s).
INFO: [RTGEN 206-100] Generating core module 'mux_21_32_1_1': 1 instance(s).
INFO: [RTGEN 206-100] Finished creating RTL model for 'conv_layer01234_fused_Pipeline_L0_K'.
INFO: [RTMG 210-279] Implementing memory 'ecg_denoiser_conv_layer01234_fused_Pipeline_L0_K_denoiser_w_L0_W_V_ROM_NP_LUTRAM_1R' using distributed ROMs.
INFO: [HLS 200-111] Finished Creating RTL model: CPU user time: 0 seconds. CPU system time: 0 seconds. Elapsed time: 0.299 seconds; current allocated memory: 437.785 MB.
INFO: [HLS 200-10] ----------------------------------------------------------------
INFO: [HLS 200-10] -- Generating RTL for module 'conv_layer01234_fused_Pipeline_L1_IC_L1_K' 
INFO: [HLS 200-10] ----------------------------------------------------------------
INFO: [HLS 200-1030] Apply Unified Pipeline Control on module 'conv_layer01234_fused_Pipeline_L1_IC_L1_K' pipeline 'L1_IC_L1_K' pipeline type 'loop pipeline'
INFO: [RTGEN 206-100] Generating core module 'mul_23s_40s_62_1_1': 2 instance(s).
INFO: [RTGEN 206-100] Generating core module 'mux_21_31_1_1': 12 instance(s).
INFO: [RTGEN 206-100] Generating core module 'mux_21_32_1_1': 2 instance(s).
INFO: [RTGEN 206-100] Generating core module 'mux_73_32_1_1': 1 instance(s).
INFO: [RTGEN 206-100] Finished creating RTL model for 'conv_layer01234_fused_Pipeline_L1_IC_L1_K'.
INFO: [RTMG 210-279] Implementing memory 'ecg_denoiser_conv_layer01234_fused_Pipeline_L1_IC_L1_K_denoiser_w_L1_W_V_ROM_NP_BRAM_1R' using block ROMs.
INFO: [HLS 200-111] Finished Creating RTL model: CPU user time: 1 seconds. CPU system time: 0 seconds. Elapsed time: 0.588 seconds; current allocated memory: 449.176 MB.
INFO: [HLS 200-10] ----------------------------------------------------------------
INFO: [HLS 200-10] -- Generating RTL for module 'conv_layer01234_fused_Pipeline_L2_IC_L2_K' 
INFO: [HLS 200-10] ----------------------------------------------------------------
INFO: [HLS 200-1030] Apply Unified Pipeline Control on module 'conv_layer01234_fused_Pipeline_L2_IC_L2_K' pipeline 'L2_IC_L2_K' pipeline type 'loop pipeline'
INFO: [RTGEN 206-100] Generating core module 'mul_23s_40s_62_1_1': 2 instance(s).
INFO: [RTGEN 206-100] Generating core module 'mux_21_31_1_1': 8 instance(s).
INFO: [RTGEN 206-100] Generating core module 'mux_21_32_1_1': 2 instance(s).
INFO: [RTGEN 206-100] Generating core module 'mux_53_32_1_1': 1 instance(s).
INFO: [RTGEN 206-100] Finished creating RTL model for 'conv_layer01234_fused_Pipeline_L2_IC_L2_K'.
INFO: [RTMG 210-279] Implementing memory 'ecg_denoiser_conv_layer01234_fused_Pipeline_L2_IC_L2_K_denoiser_w_L2_W_V_ROM_NP_LUTRAM_1R' using distributed ROMs.
INFO: [HLS 200-111] Finished Creating RTL model: CPU user time: 0 seconds. CPU system time: 0 seconds. Elapsed time: 0.722 seconds; current allocated memory: 450.109 MB.
INFO: [HLS 200-10] ----------------------------------------------------------------
INFO: [HLS 200-10] -- Generating RTL for module 'conv_layer01234_fused_Pipeline_L3_IC_L3_K' 
INFO: [HLS 200-10] ----------------------------------------------------------------
INFO: [HLS 200-1030] Apply Unified Pipeline Control on module 'conv_layer01234_fused_Pipeline_L3_IC_L3_K' pipeline 'L3_IC_L3_K' pipeline type 'loop pipeline'
INFO: [RTGEN 206-100] Generating core module 'mul_23s_39ns_62_1_1': 2 instance(s).
INFO: [RTGEN 206-100] Generating core module 'mux_21_31_1_1': 6 instance(s).
INFO: [RTGEN 206-100] Generating core module 'mux_32_31_1_1': 1 instance(s).
INFO: [RTGEN 206-100] Finished creating RTL model for 'conv_layer01234_fused_Pipeline_L3_IC_L3_K'.
INFO: [RTMG 210-279] Implementing memory 'ecg_denoiser_conv_layer01234_fused_Pipeline_L3_IC_L3_K_denoiser_w_L3_W_V_ROM_NP_LUTRAM_1R' using distributed ROMs.
INFO: [HLS 200-111] Finished Creating RTL model: CPU user time: 1 seconds. CPU system time: 0 seconds. Elapsed time: 0.581 seconds; current allocated memory: 450.109 MB.
INFO: [HLS 200-10] ----------------------------------------------------------------
INFO: [HLS 200-10] -- Generating RTL for module 'conv_layer01234_fused_Pipeline_L4_IC_L4_K' 
INFO: [HLS 200-10] ----------------------------------------------------------------
INFO: [HLS 200-1030] Apply Unified Pipeline Control on module 'conv_layer01234_fused_Pipeline_L4_IC_L4_K' pipeline 'L4_IC_L4_K' pipeline type 'loop pipeline'
INFO: [RTGEN 206-100] Generating core module 'mul_23s_40s_62_1_1': 1 instance(s).
INFO: [RTGEN 206-100] Generating core module 'mux_21_31_1_1': 12 instance(s).
INFO: [RTGEN 206-100] Generating core module 'mux_21_32_1_1': 2 instance(s).
INFO: [RTGEN 206-100] Generating core module 'mux_73_32_1_1': 1 instance(s).
INFO: [RTGEN 206-100] Finished creating RTL model for 'conv_layer01234_fused_Pipeline_L4_IC_L4_K'.
INFO: [RTMG 210-279] Implementing memory 'ecg_denoiser_conv_layer01234_fused_Pipeline_L4_IC_L4_K_denoiser_w_L4_W_V_ROM_NP_LUTRAM_1R' using distributed ROMs.
INFO: [HLS 200-111] Finished Creating RTL model: CPU user time: 0 seconds. CPU system time: 0 seconds. Elapsed time: 0.572 seconds; current allocated memory: 450.109 MB.
INFO: [HLS 200-10] ----------------------------------------------------------------
INFO: [HLS 200-10] -- Generating RTL for module 'conv_layer01234_fused' 
INFO: [HLS 200-10] ----------------------------------------------------------------
INFO: [RTGEN 206-100] Finished creating RTL model for 'conv_layer01234_fused'.
INFO: [RTMG 210-279] Implementing memory 'ecg_denoiser_conv_layer01234_fused_denoiser_w_L0_b_V_ROM_AUTO_1R' using auto ROMs.
INFO: [RTMG 210-279] Implementing memory 'ecg_denoiser_conv_layer01234_fused_denoiser_w_L1_b_V_ROM_AUTO_1R' using auto ROMs.
INFO: [RTMG 210-279] Implementing memory 'ecg_denoiser_conv_layer01234_fused_denoiser_w_L2_b_V_ROM_AUTO_1R' using auto ROMs.
INFO: [RTMG 210-279] Implementing memory 'ecg_denoiser_conv_layer01234_fused_denoiser_w_L3_b_V_ROM_AUTO_1R' using auto ROMs.
INFO: [RTMG 210-278] Implementing memory 'ecg_denoiser_conv_layer01234_fused_win01_V_RAM_AUTO_1R1W' using auto RAMs.
INFO: [RTMG 210-278] Implementing memory 'ecg_denoiser_conv_layer01234_fused_win01_V_2_RAM_AUTO_1R1W' using auto RAMs.
INFO: [RTMG 210-278] Implementing memory 'ecg_denoiser_conv_layer01234_fused_win12_V_RAM_AUTO_1R1W' using auto RAMs.
INFO: [RTMG 210-278] Implementing memory 'ecg_denoiser_conv_layer01234_fused_win34_V_RAM_AUTO_1R1W' using auto RAMs.
INFO: [RTMG 210-278] Implementing memory 'ecg_denoiser_conv_layer01234_fused_l0_out_V_RAM_AUTO_1R1W' using auto RAMs.
INFO: [RTMG 210-278] Implementing memory 'ecg_denoiser_conv_layer01234_fused_l1_out_V_RAM_AUTO_1R1W' using auto RAMs.
INFO: [RTMG 210-278] Implementing memory 'ecg_denoiser_conv_layer01234_fused_l3_out_V_RAM_AUTO_1R1W' using auto RAMs.
INFO: [HLS 200-111] Finished Creating RTL model: CPU user time: 2 seconds. CPU system time: 0 seconds. Elapsed time: 1.786 seconds; current allocated memory: 463.906 MB.
INFO: [HLS 200-10] ----------------------------------------------------------------
INFO: [HLS 200-10] -- Generating RTL for module 'ecg_denoiser_Pipeline_WRITE_OUTPUT' 
INFO: [HLS 200-10] ----------------------------------------------------------------
INFO: [HLS 200-1030] Apply Unified Pipeline Control on module 'ecg_denoiser_Pipeline_WRITE_OUTPUT' pipeline 'WRITE_OUTPUT' pipeline type 'loop pipeline'
INFO: [RTGEN 206-100] Finished creating RTL model for 'ecg_denoiser_Pipeline_WRITE_OUTPUT'.
INFO: [HLS 200-111] Finished Creating RTL model: CPU user time: 3 seconds. CPU system time: 2 seconds. Elapsed time: 5.443 seconds; current allocated memory: 528.684 MB.
INFO: [HLS 200-10] ----------------------------------------------------------------
INFO: [HLS 200-10] -- Generating RTL for module 'ecg_denoiser' 
INFO: [HLS 200-10] ----------------------------------------------------------------
WARNING: [RTGEN 206-101] Design contains AXI ports. Reset is fixed to synchronous and active low.
INFO: [RTGEN 206-500] Setting interface mode on port 'ecg_denoiser/in_stream_V_data_V' to 'axis' (register, both mode).
INFO: [RTGEN 206-500] Setting interface mode on port 'ecg_denoiser/in_stream_V_keep_V' to 'axis' (register, both mode).
INFO: [RTGEN 206-500] Setting interface mode on port 'ecg_denoiser/in_stream_V_strb_V' to 'axis' (register, both mode).
INFO: [RTGEN 206-500] Setting interface mode on port 'ecg_denoiser/in_stream_V_user_V' to 'axis' (register, both mode).
INFO: [RTGEN 206-500] Setting interface mode on port 'ecg_denoiser/in_stream_V_last_V' to 'axis' (register, both mode).
INFO: [RTGEN 206-500] Setting interface mode on port 'ecg_denoiser/in_stream_V_id_V' to 'axis' (register, both mode).
INFO: [RTGEN 206-500] Setting interface mode on port 'ecg_denoiser/in_stream_V_dest_V' to 'axis' (register, both mode).
INFO: [RTGEN 206-500] Setting interface mode on port 'ecg_denoiser/out_stream_V_data_V' to 'axis' (register, both mode).
INFO: [RTGEN 206-500] Setting interface mode on port 'ecg_denoiser/out_stream_V_keep_V' to 'axis' (register, both mode).
INFO: [RTGEN 206-500] Setting interface mode on port 'ecg_denoiser/out_stream_V_strb_V' to 'axis' (register, both mode).
INFO: [RTGEN 206-500] Setting interface mode on port 'ecg_denoiser/out_stream_V_user_V' to 'axis' (register, both mode).
INFO: [RTGEN 206-500] Setting interface mode on port 'ecg_denoiser/out_stream_V_last_V' to 'axis' (register, both mode).
INFO: [RTGEN 206-500] Setting interface mode on port 'ecg_denoiser/out_stream_V_id_V' to 'axis' (register, both mode).
INFO: [RTGEN 206-500] Setting interface mode on port 'ecg_denoiser/out_stream_V_dest_V' to 'axis' (register, both mode).
INFO: [RTGEN 206-500] Setting interface mode on function 'ecg_denoiser' to 'ap_ctrl_hs'.
INFO: [RTGEN 206-100] Generating core module 'fcmp_32ns_32ns_1_2_no_dsp_1': 1 instance(s).
INFO: [RTGEN 206-100] Generating core module 'fpext_32ns_64_2_no_dsp_1': 1 instance(s).
INFO: [RTGEN 206-100] Generating core module 'fsqrt_32ns_32ns_32_10_no_dsp_1': 1 instance(s).
INFO: [RTGEN 206-100] Generating core module 'mul_48s_9ns_56_1_1': 2 instance(s).
INFO: [RTGEN 206-100] Generating core module 'sdiv_34ns_32s_32_38_seq_1': 1 instance(s).
INFO: [RTGEN 206-100] Finished creating RTL model for 'ecg_denoiser'.
INFO: [RTMG 210-278] Implementing memory 'ecg_denoiser_input_buf_V_RAM_1P_LUTRAM_1R1W' using distributed RAMs.
INFO: [RTMG 210-278] Implementing memory 'ecg_denoiser_buf41210_RAM_AUTO_1R1W' using auto RAMs.
INFO: [HLS 200-111] Finished Creating RTL model: CPU user time: 1 seconds. CPU system time: 0 seconds. Elapsed time: 0.906 seconds; current allocated memory: 528.684 MB.
INFO: [HLS 200-111] Finished Generating all RTL models: CPU user time: 2 seconds. CPU system time: 1 seconds. Elapsed time: 3.772 seconds; current allocated memory: 528.684 MB.
INFO: [HLS 200-111] Finished Updating report files: CPU user time: 1 seconds. CPU system time: 0 seconds. Elapsed time: 2.208 seconds; current allocated memory: 533.445 MB.
INFO: [VHDL 208-304] Generating VHDL RTL for ecg_denoiser.
INFO: [VLOG 209-307] Generating Verilog RTL for ecg_denoiser.
INFO: [HLS 200-790] **** Loop Constraint Status: All loop constraints were satisfied.
INFO: [HLS 200-789] **** Estimated Fmax: 109.24 MHz
INFO: [HLS 200-111] Finished Command csynth_design CPU user time: 276 seconds. CPU system time: 5 seconds. Elapsed time: 444.955 seconds; current allocated memory: 429.199 MB.
INFO: [HLS 200-112] Total CPU user time: 277 seconds. Total CPU system time: 6 seconds. Total elapsed time: 457.33 seconds; peak allocated memory: 534.773 MB.
==============================================================
Vitis HLS - High-Level Synthesis from C, C++ and OpenCL v2022.2 (64-bit)
Tool Version Limit: 2019.12
Copyright 1986-2022 Xilinx, Inc. All Rights Reserved.
==============================================================
INFO: [SYN 201-201] Setting up clock 'default' with a period of 13ns.
INFO: [HLS 200-1611] Setting target device to 'xc7z030-sbg485-2'
INFO: [HLS 200-1505] Using flow_target 'vivado'
INFO: [HLS 200-1464] Running solution command: config_export -description {ECG Denoiser 1D-CNN}
INFO: [HLS 200-1464] Running solution command: config_export -display_name=ecg_denoiser
INFO: [HLS 200-1464] Running solution command: config_export -library=ECG
INFO: [HLS 200-1464] Running solution command: config_export -output=C:/ecg_hls/ecg_denoiser_ip
INFO: [HLS 200-1464] Running solution command: config_export -vendor=MyOrg
INFO: [HLS 200-1464] Running solution command: config_export -version=1.0
INFO: [HLS 200-1510] Running: set_part xc7z030sbg485-2 
INFO: [HLS 200-1510] Running: create_clock -period 13 -name default 
INFO: [SYN 201-201] Setting up clock 'default' with a period of 13ns.
INFO: [HLS 200-1510] Running: config_export -description ECG Denoiser 1D-CNN -display_name ecg_denoiser -library ECG -output C:/ecg_hls/ecg_denoiser_ip -vendor MyOrg -version 1.0 
INFO: [HLS 200-1510] Running: export_design -rtl verilog -format ip_catalog -output C:/ecg_hls/ecg_denoiser_ip 
INFO: [IMPL 213-8] Exporting RTL as a Vivado IP.
INFO: [HLS 200-802] Generated output file ecg_denoiser_ip/export.zip
INFO: [HLS 200-111] Finished Command export_design CPU user time: 1 seconds. CPU system time: 1 seconds. Elapsed time: 42.453 seconds; current allocated memory: 10.109 MB.
INFO: [HLS 200-112] Total CPU user time: 3 seconds. Total CPU system time: 2 seconds. Total elapsed time: 54.971 seconds; peak allocated memory: 115.254 MB.
==============================================================
Vitis HLS - High-Level Synthesis from C, C++ and OpenCL v2022.2 (64-bit)
Tool Version Limit: 2019.12
Copyright 1986-2022 Xilinx, Inc. All Rights Reserved.
==============================================================
INFO: [SYN 201-201] Setting up clock 'default' with a period of 13ns.
INFO: [HLS 200-1611] Setting target device to 'xc7z030-sbg485-2'
INFO: [HLS 200-1505] Using flow_target 'vivado'
INFO: [HLS 200-1464] Running solution command: config_export -description {ECG Denoiser 1D-CNN}
INFO: [HLS 200-1464] Running solution command: config_export -display_name=ecg_denoiser
INFO: [HLS 200-1464] Running solution command: config_export -format=ip_catalog
INFO: [HLS 200-1464] Running solution command: config_export -library=ECG
INFO: [HLS 200-1464] Running solution command: config_export -output=C:/ecg_hls/ecg_denoiser_ip
INFO: [HLS 200-1464] Running solution command: config_export -rtl=verilog
INFO: [HLS 200-1464] Running solution command: config_export -vendor=MyOrg
INFO: [HLS 200-1464] Running solution command: config_export -version=1.0
INFO: [HLS 200-1510] Running: set_part xc7z030sbg485-2 
INFO: [HLS 200-1510] Running: create_clock -period 13 -name default 
INFO: [SYN 201-201] Setting up clock 'default' with a period of 13ns.
INFO: [HLS 200-1510] Running: config_export -description ECG Denoiser 1D-CNN -display_name ecg_denoiser -format ip_catalog -library ECG -output C:/ecg_hls/ecg_denoiser_ip -rtl verilog -vendor MyOrg -version 1.0 
INFO: [HLS 200-1510] Running: source ./ecg_denoiser_ip/solution1/directives.tcl
INFO: [HLS 200-1510] Running: set_directive_top -name ecg_denoiser ecg_denoiser 
INFO: [HLS 200-1510] Running: csim_design -clean -quiet 
INFO: [SIM 211-2] *************** CSIM start ***************
INFO: [SIM 211-4] CSIM will launch GCC as the compiler.
INFO: [SIM 211-1] CSim done with 0 errors.
INFO: [SIM 211-3] *************** CSIM finish ***************
INFO: [HLS 200-111] Finished Command csim_design CPU user time: 1 seconds. CPU system time: 1 seconds. Elapsed time: 788.25 seconds; current allocated memory: 0.371 MB.
INFO: [HLS 200-112] Total CPU user time: 3 seconds. Total CPU system time: 2 seconds. Total elapsed time: 806.291 seconds; peak allocated memory: 111.637 MB.
==============================================================
Vitis HLS - High-Level Synthesis from C, C++ and OpenCL v2022.2 (64-bit)
Tool Version Limit: 2019.12
Copyright 1986-2022 Xilinx, Inc. All Rights Reserved.
==============================================================
INFO: [SYN 201-201] Setting up clock 'default' with a period of 13ns.
INFO: [HLS 200-1611] Setting target device to 'xc7z030-sbg485-2'
INFO: [HLS 200-1505] Using flow_target 'vivado'
INFO: [HLS 200-1464] Running solution command: config_export -description {ECG Denoiser 1D-CNN}
INFO: [HLS 200-1464] Running solution command: config_export -display_name=ecg_denoiser
INFO: [HLS 200-1464] Running solution command: config_export -format=ip_catalog
INFO: [HLS 200-1464] Running solution command: config_export -library=ECG
INFO: [HLS 200-1464] Running solution command: config_export -output=C:/ecg_hls/ecg_denoiser_ip
INFO: [HLS 200-1464] Running solution command: config_export -rtl=verilog
INFO: [HLS 200-1464] Running solution command: config_export -vendor=MyOrg
INFO: [HLS 200-1464] Running solution command: config_export -version=1.0
INFO: [HLS 200-1510] Running: set_part xc7z030sbg485-2 
INFO: [HLS 200-1510] Running: create_clock -period 13 -name default 
INFO: [HLS 200-1510] Running: config_export -description ECG Denoiser 1D-CNN -display_name ecg_denoiser -format ip_catalog -library ECG -output C:/ecg_hls/ecg_denoiser_ip -rtl verilog -vendor MyOrg -version 1.0 
INFO: [HLS 200-1510] Running: source ./ecg_denoiser_ip/solution1/directives.tcl
INFO: [HLS 200-1510] Running: set_directive_top -name ecg_denoiser ecg_denoiser 
INFO: [HLS 200-1510] Running: csynth_design 
INFO: [HLS 200-111] Finished File checks and directory preparation: CPU user time: 0 seconds. CPU system time: 0 seconds. Elapsed time: 10.128 seconds; current allocated memory: 106.043 MB.
INFO: [HLS 200-10] Analyzing design file 'src/weights_denoiser.cpp' ... 
INFO: [HLS 200-10] Analyzing design file 'src/ecg_denoiser.cpp' ... 
INFO: [HLS 200-111] Finished Source Code Analysis and Preprocessing: CPU user time: 2 seconds. CPU system time: 0 seconds. Elapsed time: 128.213 seconds; current allocated memory: 112.598 MB.
INFO: [HLS 200-777] Using interface defaults for 'Vivado' flow target.
INFO: [HLS 214-131] Inlining function 'ssdm_int<64, true>::ssdm_int(long)' into 'ap_int_base<64, true>::ap_int_base(long)' (C:/Xilinx/Vitis_HLS/2022.2/common/technology/autopilot\ap_int_base.h:216:68)
INFO: [HLS 214-131] Inlining function '_ZN8ssdm_intILi65ELb1EEC2EDq65_i' into 'ap_int_base<65, true>::ap_int_base<11, false>(ap_int_base<11, false> const&)' (C:/Xilinx/Vitis_HLS/2022.2/common/technology/autopilot\ap_int_base.h:185:106)
INFO: [HLS 214-131] Inlining function '_ZN8ssdm_intILi65ELb1EEC2EDq65_i' into 'ap_int_base<65, true>::ap_int_base<64, true>(ap_int_base<64, true> const&)' (C:/Xilinx/Vitis_HLS/2022.2/common/technology/autopilot\ap_int_base.h:185:106)
INFO: [HLS 214-131] Inlining function '_ZN8ssdm_intILi65ELb1EEC2EDq65_i' into 'ap_int_base<65, true>::ap_int_base(int)' (C:/Xilinx/Vitis_HLS/2022.2/common/technology/autopilot\ap_int_base.h:214:67)
INFO: [HLS 214-131] Inlining function 'ap_int_base<65, true>::ap_int_base<11, false>(ap_int_base<11, false> const&)' into 'ap_int_base<11, false>::RType<64, true>::minus operator-<11, false, 64, true>(ap_int_base<11, false> const&, ap_int_base<64, true> const&)' (C:/Xilinx/Vitis_HLS/2022.2/common/technology/autopilot\ap_int_base.h:1496:341)
INFO: [HLS 214-131] Inlining function 'ap_int_base<65, true>::ap_int_base(int)' into 'ap_int_base<11, false>::RType<64, true>::minus operator-<11, false, 64, true>(ap_int_base<11, false> const&, ap_int_base<64, true> const&)' (C:/Xilinx/Vitis_HLS/2022.2/common/technology/autopilot\ap_int_base.h:1496:520)
INFO: [HLS 214-131] Inlining function 'ap_int_base<65, true>::ap_int_base<64, true>(ap_int_base<64, true> const&)' into 'ap_int_base<11, false>::RType<64, true>::minus operator-<11, false, 64, true>(ap_int_base<11, false> const&, ap_int_base<64, true> const&)' (C:/Xilinx/Vitis_HLS/2022.2/common/technology/autopilot\ap_int_base.h:1496:430)
INFO: [HLS 214-131] Inlining function 'ap_int_base<64, true>::ap_int_base(long)' into 'ap_int_base<11, false>::RType<($_0)64, true>::minus operator-<11, false>(ap_int_base<11, false> const&, long)' (C:/Xilinx/Vitis_HLS/2022.2/common/technology/autopilot\ap_int_base.h:1635:1548)
INFO: [HLS 214-131] Inlining function 'ap_int_base<11, false>::RType<64, true>::minus operator-<11, false, 64, true>(ap_int_base<11, false> const&, ap_int_base<64, true> const&)' into 'ap_int_base<11, false>::RType<($_0)64, true>::minus operator-<11, false>(ap_int_base<11, false> const&, long)' (C:/Xilinx/Vitis_HLS/2022.2/common/technology/autopilot\ap_int_base.h:1635:1546)
INFO: [HLS 214-131] Inlining function '_ZN8ssdm_intILi1ELb0EEC2EDq1_j' into 'ap_int_base<1, false>::ap_int_base(int)' (C:/Xilinx/Vitis_HLS/2022.2/common/technology/autopilot\ap_int_base.h:214:67)
INFO: [HLS 214-131] Inlining function '_ZN8ssdm_intILi55ELb1EEC2EDq55_i' into 'ap_int_base<55, true>::ap_int_base<1, false>(ap_int_base<1, false> const&)' (C:/Xilinx/Vitis_HLS/2022.2/common/technology/autopilot\ap_int_base.h:185:106)
INFO: [HLS 214-131] Inlining function '_ZN8ssdm_intILi55ELb1EEC2EDq55_i' into 'ap_int_base<55, true>::ap_int_base<54, true>(ap_int_base<54, true> const&)' (C:/Xilinx/Vitis_HLS/2022.2/common/technology/autopilot\ap_int_base.h:185:106)
INFO: [HLS 214-131] Inlining function '_ZN8ssdm_intILi55ELb1EEC2EDq55_i' into 'ap_int_base<55, true>::ap_int_base(int)' (C:/Xilinx/Vitis_HLS/2022.2/common/technology/autopilot\ap_int_base.h:214:67)
INFO: [HLS 214-131] Inlining function 'ap_int_base<55, true>::ap_int_base<1, false>(ap_int_base<1, false> const&)' into 'ap_int_base<1, false>::RType<54, true>::minus operator-<1, false, 54, true>(ap_int_base<1, false> const&, ap_int_base<54, true> const&)' (C:/Xilinx/Vitis_HLS/2022.2/common/technology/autopilot\ap_int_base.h:1496:341)
INFO: [HLS 214-131] Inlining function 'ap_int_base<55, true>::ap_int_base(int)' into 'ap_int_base<1, false>::RType<54, true>::minus operator-<1, false, 54, true>(ap_int_base<1, false> const&, ap_int_base<54, true> const&)' (C:/Xilinx/Vitis_HLS/2022.2/common/technology/autopilot\ap_int_base.h:1496:520)
INFO: [HLS 214-131] Inlining function 'ap_int_base<55, true>::ap_int_base<54, true>(ap_int_base<54, true> const&)' into 'ap_int_base<1, false>::RType<54, true>::minus operator-<1, false, 54, true>(ap_int_base<1, false> const&, ap_int_base<54, true> const&)' (C:/Xilinx/Vitis_HLS/2022.2/common/technology/autopilot\ap_int_base.h:1496:430)
INFO: [HLS 214-131] Inlining function 'ap_int_base<1, false>::ap_int_base(int)' into 'ap_int_base<54, true>::operator-() const' (C:/Xilinx/Vitis_HLS/2022.2/common/technology/autopilot\ap_int_base.h:895:12)
INFO: [HLS 214-131] Inlining function 'ap_int_base<1, false>::RType<54, true>::minus operator-<1, false, 54, true>(ap_int_base<1, false> const&, ap_int_base<54, true> const&)' into 'ap_int_base<54, true>::operator-() const' (C:/Xilinx/Vitis_HLS/2022.2/common/technology/autopilot\ap_int_base.h:895:37)
INFO: [HLS 214-131] Inlining function 'doubleToRawBits(double)' into 'ap_fixed_base<32, 16, true, (ap_q_mode)5, (ap_o_mode)3, 0>::ap_fixed_base(double)' (C:/Xilinx/Vitis_HLS/2022.2/common/technology/autopilot\ap_fixed_base.h:545:14)
INFO: [HLS 214-131] Inlining function 'ap_int_base<54, true>& ap_int_base<54, true>::operator=<55, true>(ap_int_base<55, true> const&)' into 'ap_fixed_base<32, 16, true, (ap_q_mode)5, (ap_o_mode)3, 0>::ap_fixed_base(double)' (C:/Xilinx/Vitis_HLS/2022.2/common/technology/autopilot\ap_fixed_base.h:559:20)
INFO: [HLS 214-131] Inlining function 'ap_int_base<54, true>::operator-() const' into 'ap_fixed_base<32, 16, true, (ap_q_mode)5, (ap_o_mode)3, 0>::ap_fixed_base(double)' (C:/Xilinx/Vitis_HLS/2022.2/common/technology/autopilot\ap_fixed_base.h:559:22)
INFO: [HLS 214-131] Inlining function 'ap_int_base<12, true>& ap_int_base<12, true>::operator=<65, true>(ap_int_base<65, true> const&)' into 'ap_fixed_base<32, 16, true, (ap_q_mode)5, (ap_o_mode)3, 0>::ap_fixed_base(double)' (C:/Xilinx/Vitis_HLS/2022.2/common/technology/autopilot\ap_fixed_base.h:552:9)
INFO: [HLS 214-131] Inlining function 'ap_int_base<11, false>::RType<($_0)64, true>::minus operator-<11, false>(ap_int_base<11, false> const&, long)' into 'ap_fixed_base<32, 16, true, (ap_q_mode)5, (ap_o_mode)3, 0>::ap_fixed_base(double)' (C:/Xilinx/Vitis_HLS/2022.2/common/technology/autopilot\ap_fixed_base.h:552:19)
INFO: [HLS 214-131] Inlining function 'ap_fixed_base<32, 16, true, (ap_q_mode)5, (ap_o_mode)3, 0>::ap_fixed_base(float)' into 'ap_fixed<32, 16, (ap_q_mode)5, (ap_o_mode)3, 0>::ap_fixed(float)'
INFO: [HLS 214-131] Inlining function 'hls::axis<ap_uint<32>, 1ul, 1ul, 1ul>::get_user_ptr()' into 'hls::stream<hls::axis<ap_uint<32>, 1ul, 1ul, 1ul>, 0>::read()' (C:/Xilinx/Vitis_HLS/2022.2/common/technology/autopilot\ap_axi_sdata.h:247:50)
INFO: [HLS 214-131] Inlining function 'hls::axis<ap_uint<32>, 1ul, 1ul, 1ul>::get_dest_ptr()' into 'hls::stream<hls::axis<ap_uint<32>, 1ul, 1ul, 1ul>, 0>::read()' (C:/Xilinx/Vitis_HLS/2022.2/common/technology/autopilot\ap_axi_sdata.h:250:25)
INFO: [HLS 214-131] Inlining function 'hls::axis<ap_uint<32>, 1ul, 1ul, 1ul>::get_id_ptr()' into 'hls::stream<hls::axis<ap_uint<32>, 1ul, 1ul, 1ul>, 0>::read()' (C:/Xilinx/Vitis_HLS/2022.2/common/technology/autopilot\ap_axi_sdata.h:249:67)
INFO: [HLS 214-131] Inlining function 'hls::axis<ap_uint<32>, 1ul, 1ul, 1ul>::get_user_ptr()' into 'hls::stream<hls::axis<ap_uint<32>, 1ul, 1ul, 1ul>, 0>::read()' (C:/Xilinx/Vitis_HLS/2022.2/common/technology/autopilot\ap_axi_sdata.h:249:36)
INFO: [HLS 214-131] Inlining function 'hls::axis<ap_uint<32>, 1ul, 1ul, 1ul>::get_dest_ptr()' into 'hls::stream<hls::axis<ap_uint<32>, 1ul, 1ul, 1ul>, 0>::read()' (C:/Xilinx/Vitis_HLS/2022.2/common/technology/autopilot\ap_axi_sdata.h:248:39)
INFO: [HLS 214-131] Inlining function 'hls::axis<ap_uint<32>, 1ul, 1ul, 1ul>::get_id_ptr()' into 'hls::stream<hls::axis<ap_uint<32>, 1ul, 1ul, 1ul>, 0>::read()' (C:/Xilinx/Vitis_HLS/2022.2/common/technology/autopilot\ap_axi_sdata.h:248:23)
INFO: [HLS 214-131] Inlining function 'ap_range_ref<32, false>::ap_range_ref(ap_int_base<32, false>*, int, int)' into 'ap_int_base<32, false>::range(int, int)' (C:/Xilinx/Vitis_HLS/2022.2/common/technology/autopilot\ap_int_base.h:1048:12)
INFO: [HLS 214-131] Inlining function 'af_range_ref<32, 16, true, (ap_q_mode)5, (ap_o_mode)3, 0>::af_range_ref(ap_fixed_base<32, 16, true, (ap_q_mode)5, (ap_o_mode)3, 0>*, int, int)' into 'ap_fixed_base<32, 16, true, (ap_q_mode)5, (ap_o_mode)3, 0>::range(int, int)' (C:/Xilinx/Vitis_HLS/2022.2/common/technology/autopilot\ap_fixed_base.h:1746:12)
INFO: [HLS 214-131] Inlining function 'ap_range_ref<32, false>::get() const' into 'ap_int_base<32, false>::ap_int_base<32, false>(ap_range_ref<32, false> const&)' (C:/Xilinx/Vitis_HLS/2022.2/common/technology/autopilot\ap_int_base.h:358:20)
INFO: [HLS 214-131] Inlining function 'ap_int_base<32, false>::ap_int_base<32, false>(ap_range_ref<32, false> const&)' into 'af_range_ref<32, 16, true, (ap_q_mode)5, (ap_o_mode)3, 0>& af_range_ref<32, 16, true, (ap_q_mode)5, (ap_o_mode)3, 0>::operator=<32, false>(ap_range_ref<32, false> const&)' (C:/Xilinx/Vitis_HLS/2022.2/common/technology/autopilot\ap_fixed_ref.h:301:38)
INFO: [HLS 214-131] Inlining function 'af_range_ref<32, 16, true, (ap_q_mode)5, (ap_o_mode)3, 0>& af_range_ref<32, 16, true, (ap_q_mode)5, (ap_o_mode)3, 0>::operator=<32, false>(ap_int_base<32, false> const&)' into 'af_range_ref<32, 16, true, (ap_q_mode)5, (ap_o_mode)3, 0>& af_range_ref<32, 16, true, (ap_q_mode)5, (ap_o_mode)3, 0>::operator=<32, false>(ap_range_ref<32, false> const&)' (C:/Xilinx/Vitis_HLS/2022.2/common/technology/autopilot\ap_fixed_ref.h:302:12)
INFO: [HLS 214-131] Inlining function 'ap_fixed_base<32, 32, true, (ap_q_mode)5, (ap_o_mode)3, 0>::operator!() const' into 'ap_fixed_base<48, 24, true, (ap_q_mode)5, (ap_o_mode)3, 0>& ap_fixed_base<48, 24, true, (ap_q_mode)5, (ap_o_mode)3, 0>::operator=<32, 32, true, (ap_q_mode)5, (ap_o_mode)3, 0>(ap_fixed_base<32, 32, true, (ap_q_mode)5, (ap_o_mode)3, 0> const&)' (C:/Xilinx/Vitis_HLS/2022.2/common/technology/autopilot\ap_fixed_base.h:808:9)
INFO: [HLS 214-131] Inlining function 'ap_fixed_base<48, 24, true, (ap_q_mode)5, (ap_o_mode)3, 0>& ap_fixed_base<48, 24, true, (ap_q_mode)5, (ap_o_mode)3, 0>::operator=<32, 32, true, (ap_q_mode)5, (ap_o_mode)3, 0>(ap_fixed_base<32, 32, true, (ap_q_mode)5, (ap_o_mode)3, 0> const&)' into 'ap_fixed_base<48, 24, true, (ap_q_mode)5, (ap_o_mode)3, 0>::ap_fixed_base(int)' (C:/Xilinx/Vitis_HLS/2022.2/common/technology/autopilot\ap_fixed_base.h:530:146)
INFO: [HLS 214-131] Inlining function 'ap_fixed_base<48, 24, true, (ap_q_mode)5, (ap_o_mode)3, 0>::ap_fixed_base(int)' into 'ap_fixed<48, 24, (ap_q_mode)5, (ap_o_mode)3, 0>::ap_fixed(int)'
INFO: [HLS 214-131] Inlining function 'ap_fixed_base<32, 16, true, (ap_q_mode)5, (ap_o_mode)3, 0>::operator!() const' into 'ap_fixed_base<48, 24, true, (ap_q_mode)5, (ap_o_mode)3, 0>& ap_fixed_base<48, 24, true, (ap_q_mode)5, (ap_o_mode)3, 0>::operator=<32, 16, true, (ap_q_mode)5, (ap_o_mode)3, 0>(ap_fixed_base<32, 16, true, (ap_q_mode)5, (ap_o_mode)3, 0> const&)' (C:/Xilinx/Vitis_HLS/2022.2/common/technology/autopilot\ap_fixed_base.h:808:9)
INFO: [HLS 214-131] Inlining function '_ZN8ssdm_intILi48ELb1EEC2EDq48_i' into 'ap_fixed_base<48, 24, true, (ap_q_mode)5, (ap_o_mode)3, 0>::ap_fixed_base<32, 16, true, (ap_q_mode)5, (ap_o_mode)3, 0>(ap_fixed_base<32, 16, true, (ap_q_mode)5, (ap_o_mode)3, 0> const&)' (C:/Xilinx/Vitis_HLS/2022.2/common/technology/autopilot\ap_fixed_base.h:401:80)
INFO: [HLS 214-131] Inlining function 'ap_fixed_base<48, 24, true, (ap_q_mode)5, (ap_o_mode)3, 0>& ap_fixed_base<48, 24, true, (ap_q_mode)5, (ap_o_mode)3, 0>::operator=<32, 16, true, (ap_q_mode)5, (ap_o_mode)3, 0>(ap_fixed_base<32, 16, true, (ap_q_mode)5, (ap_o_mode)3, 0> const&)' into 'ap_fixed_base<48, 24, true, (ap_q_mode)5, (ap_o_mode)3, 0>::ap_fixed_base<32, 16, true, (ap_q_mode)5, (ap_o_mode)3, 0>(ap_fixed_base<32, 16, true, (ap_q_mode)5, (ap_o_mode)3, 0> const&)' (C:/Xilinx/Vitis_HLS/2022.2/common/technology/autopilot\ap_fixed_base.h:403:5)
INFO: [HLS 214-131] Inlining function 'ap_fixed_base<48, 24, true, (ap_q_mode)5, (ap_o_mode)3, 0>::ap_fixed_base<32, 16, true, (ap_q_mode)5, (ap_o_mode)3, 0>(ap_fixed_base<32, 16, true, (ap_q_mode)5, (ap_o_mode)3, 0> const&)' into 'ap_fixed<48, 24, (ap_q_mode)5, (ap_o_mode)3, 0>::ap_fixed<32, 16, true, (ap_q_mode)5, (ap_o_mode)3, 0>(ap_fixed_base<32, 16, true, (ap_q_mode)5, (ap_o_mode)3, 0> const&)'
INFO: [HLS 214-131] Inlining function 'ap_fixed_base<32, 32, true, (ap_q_mode)5, (ap_o_mode)3, 0>::operator!() const' into 'ap_fixed_base<49, 25, true, (ap_q_mode)5, (ap_o_mode)3, 0>& ap_fixed_base<49, 25, true, (ap_q_mode)5, (ap_o_mode)3, 0>::operator=<32, 32, true, (ap_q_mode)5, (ap_o_mode)3, 0>(ap_fixed_base<32, 32, true, (ap_q_mode)5, (ap_o_mode)3, 0> const&)' (C:/Xilinx/Vitis_HLS/2022.2/common/technology/autopilot\ap_fixed_base.h:808:9)
INFO: [HLS 214-131] Inlining function 'ap_fixed_base<49, 25, true, (ap_q_mode)5, (ap_o_mode)3, 0>& ap_fixed_base<49, 25, true, (ap_q_mode)5, (ap_o_mode)3, 0>::operator=<32, 32, true, (ap_q_mode)5, (ap_o_mode)3, 0>(ap_fixed_base<32, 32, true, (ap_q_mode)5, (ap_o_mode)3, 0> const&)' into 'ap_fixed_base<49, 25, true, (ap_q_mode)5, (ap_o_mode)3, 0>::ap_fixed_base(int)' (C:/Xilinx/Vitis_HLS/2022.2/common/technology/autopilot\ap_fixed_base.h:530:146)
INFO: [HLS 214-131] Inlining function 'ap_fixed_base<48, 24, true, (ap_q_mode)5, (ap_o_mode)3, 0>::operator!() const' into 'ap_fixed_base<49, 25, true, (ap_q_mode)5, (ap_o_mode)3, 0>& ap_fixed_base<49, 25, true, (ap_q_mode)5, (ap_o_mode)3, 0>::operator=<48, 24, true, (ap_q_mode)5, (ap_o_mode)3, 0>(ap_fixed_base<48, 24, true, (ap_q_mode)5, (ap_o_mode)3, 0> const&)' (C:/Xilinx/Vitis_HLS/2022.2/common/technology/autopilot\ap_fixed_base.h:808:9)
INFO: [HLS 214-131] Inlining function '_ZN8ssdm_intILi49ELb1EEC2EDq49_i' into 'ap_fixed_base<49, 25, true, (ap_q_mode)5, (ap_o_mode)3, 0>::ap_fixed_base<48, 24, true, (ap_q_mode)5, (ap_o_mode)3, 0>(ap_fixed_base<48, 24, true, (ap_q_mode)5, (ap_o_mode)3, 0> const&)' (C:/Xilinx/Vitis_HLS/2022.2/common/technology/autopilot\ap_fixed_base.h:401:80)
INFO: [HLS 214-131] Inlining function 'ap_fixed_base<49, 25, true, (ap_q_mode)5, (ap_o_mode)3, 0>& ap_fixed_base<49, 25, true, (ap_q_mode)5, (ap_o_mode)3, 0>::operator=<48, 24, true, (ap_q_mode)5, (ap_o_mode)3, 0>(ap_fixed_base<48, 24, true, (ap_q_mode)5, (ap_o_mode)3, 0> const&)' into 'ap_fixed_base<49, 25, true, (ap_q_mode)5, (ap_o_mode)3, 0>::ap_fixed_base<48, 24, true, (ap_q_mode)5, (ap_o_mode)3, 0>(ap_fixed_base<48, 24, true, (ap_q_mode)5, (ap_o_mode)3, 0> const&)' (C:/Xilinx/Vitis_HLS/2022.2/common/technology/autopilot\ap_fixed_base.h:403:5)
INFO: [HLS 214-131] Inlining function 'ap_fixed_base<49, 25, true, (ap_q_mode)5, (ap_o_mode)3, 0>::ap_fixed_base(int)' into 'ap_fixed_base<48, 24, true, (ap_q_mode)5, (ap_o_mode)3, 0>::RType<48, 24, true>::plus ap_fixed_base<48, 24, true, (ap_q_mode)5, (ap_o_mode)3, 0>::operator+<48, 24, true, (ap_q_mode)5, (ap_o_mode)3, 0>(ap_fixed_base<48, 24, true, (ap_q_mode)5, (ap_o_mode)3, 0> const&) const' (C:/Xilinx/Vitis_HLS/2022.2/common/technology/autopilot\ap_fixed_base.h:1347:325)
INFO: [HLS 214-131] Inlining function 'ap_fixed_base<49, 25, true, (ap_q_mode)5, (ap_o_mode)3, 0>::ap_fixed_base<48, 24, true, (ap_q_mode)5, (ap_o_mode)3, 0>(ap_fixed_base<48, 24, true, (ap_q_mode)5, (ap_o_mode)3, 0> const&)' into 'ap_fixed_base<48, 24, true, (ap_q_mode)5, (ap_o_mode)3, 0>::RType<48, 24, true>::plus ap_fixed_base<48, 24, true, (ap_q_mode)5, (ap_o_mode)3, 0>::operator+<48, 24, true, (ap_q_mode)5, (ap_o_mode)3, 0>(ap_fixed_base<48, 24, true, (ap_q_mode)5, (ap_o_mode)3, 0> const&) const' (C:/Xilinx/Vitis_HLS/2022.2/common/technology/autopilot\ap_fixed_base.h:1347:345)
INFO: [HLS 214-131] Inlining function 'ap_fixed_base<49, 25, true, (ap_q_mode)5, (ap_o_mode)3, 0>::ap_fixed_base<48, 24, true, (ap_q_mode)5, (ap_o_mode)3, 0>(ap_fixed_base<48, 24, true, (ap_q_mode)5, (ap_o_mode)3, 0> const&)' into 'ap_fixed_base<48, 24, true, (ap_q_mode)5, (ap_o_mode)3, 0>::RType<48, 24, true>::plus ap_fixed_base<48, 24, true, (ap_q_mode)5, (ap_o_mode)3, 0>::operator+<48, 24, true, (ap_q_mode)5, (ap_o_mode)3, 0>(ap_fixed_base<48, 24, true, (ap_q_mode)5, (ap_o_mode)3, 0> const&) const' (C:/Xilinx/Vitis_HLS/2022.2/common/technology/autopilot\ap_fixed_base.h:1347:333)
INFO: [HLS 214-131] Inlining function 'ap_fixed_base<49, 25, true, (ap_q_mode)5, (ap_o_mode)3, 0>::operator!() const' into 'ap_fixed_base<48, 24, true, (ap_q_mode)5, (ap_o_mode)3, 0>& ap_fixed_base<48, 24, true, (ap_q_mode)5, (ap_o_mode)3, 0>::operator=<49, 25, true, (ap_q_mode)5, (ap_o_mode)3, 0>(ap_fixed_base<49, 25, true, (ap_q_mode)5, (ap_o_mode)3, 0> const&)' (C:/Xilinx/Vitis_HLS/2022.2/common/technology/autopilot\ap_fixed_base.h:808:9)
INFO: [HLS 214-131] Inlining function 'ap_fixed_base<48, 24, true, (ap_q_mode)5, (ap_o_mode)3, 0>::RType<48, 24, true>::plus ap_fixed_base<48, 24, true, (ap_q_mode)5, (ap_o_mode)3, 0>::operator+<48, 24, true, (ap_q_mode)5, (ap_o_mode)3, 0>(ap_fixed_base<48, 24, true, (ap_q_mode)5, (ap_o_mode)3, 0> const&) const' into 'ap_fixed_base<48, 24, true, (ap_q_mode)5, (ap_o_mode)3, 0>& ap_fixed_base<48, 24, true, (ap_q_mode)5, (ap_o_mode)3, 0>::operator+=<48, 24, true, (ap_q_mode)5, (ap_o_mode)3, 0>(ap_fixed_base<48, 24, true, (ap_q_mode)5, (ap_o_mode)3, 0> const&)' (C:/Xilinx/Vitis_HLS/2022.2/common/technology/autopilot\ap_fixed_base.h:1367:248)
INFO: [HLS 214-131] Inlining function 'ap_fixed_base<48, 24, true, (ap_q_mode)5, (ap_o_mode)3, 0>& ap_fixed_base<48, 24, true, (ap_q_mode)5, (ap_o_mode)3, 0>::operator=<49, 25, true, (ap_q_mode)5, (ap_o_mode)3, 0>(ap_fixed_base<49, 25, true, (ap_q_mode)5, (ap_o_mode)3, 0> const&)' into 'ap_fixed_base<48, 24, true, (ap_q_mode)5, (ap_o_mode)3, 0>& ap_fixed_base<48, 24, true, (ap_q_mode)5, (ap_o_mode)3, 0>::operator+=<48, 24, true, (ap_q_mode)5, (ap_o_mode)3, 0>(ap_fixed_base<48, 24, true, (ap_q_mode)5, (ap_o_mode)3, 0> const&)' (C:/Xilinx/Vitis_HLS/2022.2/common/technology/autopilot\ap_fixed_base.h:1367:246)
INFO: [HLS 214-131] Inlining function 'ap_fixed_base<32, 32, true, (ap_q_mode)5, (ap_o_mode)3, 0>::operator!() const' into 'ap_fixed_base<80, 40, true, (ap_q_mode)5, (ap_o_mode)3, 0>& ap_fixed_base<80, 40, true, (ap_q_mode)5, (ap_o_mode)3, 0>::operator=<32, 32, true, (ap_q_mode)5, (ap_o_mode)3, 0>(ap_fixed_base<32, 32, true, (ap_q_mode)5, (ap_o_mode)3, 0> const&)' (C:/Xilinx/Vitis_HLS/2022.2/common/technology/autopilot\ap_fixed_base.h:808:9)
INFO: [HLS 214-131] Inlining function 'ap_fixed_base<80, 40, true, (ap_q_mode)5, (ap_o_mode)3, 0>& ap_fixed_base<80, 40, true, (ap_q_mode)5, (ap_o_mode)3, 0>::operator=<32, 32, true, (ap_q_mode)5, (ap_o_mode)3, 0>(ap_fixed_base<32, 32, true, (ap_q_mode)5, (ap_o_mode)3, 0> const&)' into 'ap_fixed_base<80, 40, true, (ap_q_mode)5, (ap_o_mode)3, 0>::ap_fixed_base(int)' (C:/Xilinx/Vitis_HLS/2022.2/common/technology/autopilot\ap_fixed_base.h:530:146)
INFO: [HLS 214-131] Inlining function 'ap_fixed_base<80, 40, true, (ap_q_mode)5, (ap_o_mode)3, 0>::ap_fixed_base(int)' into 'ap_fixed_base<48, 24, true, (ap_q_mode)5, (ap_o_mode)3, 0>::RType<32, 16, true>::mult ap_fixed_base<48, 24, true, (ap_q_mode)5, (ap_o_mode)3, 0>::operator*<32, 16, true, (ap_q_mode)5, (ap_o_mode)3, 0>(ap_fixed_base<32, 16, true, (ap_q_mode)5, (ap_o_mode)3, 0> const&) const' (C:/Xilinx/Vitis_HLS/2022.2/common/technology/autopilot\ap_fixed_base.h:1270:55)
INFO: [HLS 214-131] Inlining function 'ap_fixed_base<80, 40, true, (ap_q_mode)5, (ap_o_mode)3, 0>::ap_fixed_base(int)' into 'ap_fixed_base<48, 24, true, (ap_q_mode)5, (ap_o_mode)3, 0>::RType<32, 16, true>::mult ap_fixed_base<48, 24, true, (ap_q_mode)5, (ap_o_mode)3, 0>::operator*<32, 16, true, (ap_q_mode)5, (ap_o_mode)3, 0>(ap_fixed_base<32, 16, true, (ap_q_mode)5, (ap_o_mode)3, 0> const&) const' (C:/Xilinx/Vitis_HLS/2022.2/common/technology/autopilot\ap_fixed_base.h:1270:61)
INFO: [HLS 214-131] Inlining function 'ap_fixed_base<80, 40, true, (ap_q_mode)5, (ap_o_mode)3, 0>::operator!() const' into 'ap_fixed_base<32, 16, true, (ap_q_mode)5, (ap_o_mode)3, 0>& ap_fixed_base<32, 16, true, (ap_q_mode)5, (ap_o_mode)3, 0>::operator=<80, 40, true, (ap_q_mode)5, (ap_o_mode)3, 0>(ap_fixed_base<80, 40, true, (ap_q_mode)5, (ap_o_mode)3, 0> const&)' (C:/Xilinx/Vitis_HLS/2022.2/common/technology/autopilot\ap_fixed_base.h:808:9)
INFO: [HLS 214-131] Inlining function 'ssdm_int<32, true>::ssdm_int(int)' into 'ap_fixed_base<32, 16, true, (ap_q_mode)5, (ap_o_mode)3, 0>::ap_fixed_base<80, 40, true, (ap_q_mode)5, (ap_o_mode)3, 0>(ap_fixed_base<80, 40, true, (ap_q_mode)5, (ap_o_mode)3, 0> const&)' (C:/Xilinx/Vitis_HLS/2022.2/common/technology/autopilot\ap_fixed_base.h:401:80)
INFO: [HLS 214-131] Inlining function 'ap_fixed_base<32, 16, true, (ap_q_mode)5, (ap_o_mode)3, 0>& ap_fixed_base<32, 16, true, (ap_q_mode)5, (ap_o_mode)3, 0>::operator=<80, 40, true, (ap_q_mode)5, (ap_o_mode)3, 0>(ap_fixed_base<80, 40, true, (ap_q_mode)5, (ap_o_mode)3, 0> const&)' into 'ap_fixed_base<32, 16, true, (ap_q_mode)5, (ap_o_mode)3, 0>::ap_fixed_base<80, 40, true, (ap_q_mode)5, (ap_o_mode)3, 0>(ap_fixed_base<80, 40, true, (ap_q_mode)5, (ap_o_mode)3, 0> const&)' (C:/Xilinx/Vitis_HLS/2022.2/common/technology/autopilot\ap_fixed_base.h:403:5)
INFO: [HLS 214-131] Inlining function 'ap_fixed_base<32, 16, true, (ap_q_mode)5, (ap_o_mode)3, 0>::ap_fixed_base<80, 40, true, (ap_q_mode)5, (ap_o_mode)3, 0>(ap_fixed_base<80, 40, true, (ap_q_mode)5, (ap_o_mode)3, 0> const&)' into 'ap_fixed<32, 16, (ap_q_mode)5, (ap_o_mode)3, 0>::ap_fixed<80, 40, true, (ap_q_mode)5, (ap_o_mode)3, 0>(ap_fixed_base<80, 40, true, (ap_q_mode)5, (ap_o_mode)3, 0> const&)'
INFO: [HLS 214-131] Inlining function 'ap_fixed_base<32, 32, true, (ap_q_mode)5, (ap_o_mode)3, 0>::operator!() const' into 'ap_fixed_base<33, 17, true, (ap_q_mode)5, (ap_o_mode)3, 0>& ap_fixed_base<33, 17, true, (ap_q_mode)5, (ap_o_mode)3, 0>::operator=<32, 32, true, (ap_q_mode)5, (ap_o_mode)3, 0>(ap_fixed_base<32, 32, true, (ap_q_mode)5, (ap_o_mode)3, 0> const&)' (C:/Xilinx/Vitis_HLS/2022.2/common/technology/autopilot\ap_fixed_base.h:808:9)
INFO: [HLS 214-131] Inlining function 'ap_fixed_base<33, 17, true, (ap_q_mode)5, (ap_o_mode)3, 0>& ap_fixed_base<33, 17, true, (ap_q_mode)5, (ap_o_mode)3, 0>::operator=<32, 32, true, (ap_q_mode)5, (ap_o_mode)3, 0>(ap_fixed_base<32, 32, true, (ap_q_mode)5, (ap_o_mode)3, 0> const&)' into 'ap_fixed_base<33, 17, true, (ap_q_mode)5, (ap_o_mode)3, 0>::ap_fixed_base(int)' (C:/Xilinx/Vitis_HLS/2022.2/common/technology/autopilot\ap_fixed_base.h:530:146)
INFO: [HLS 214-131] Inlining function 'ap_fixed_base<32, 16, true, (ap_q_mode)5, (ap_o_mode)3, 0>::operator!() const' into 'ap_fixed_base<33, 17, true, (ap_q_mode)5, (ap_o_mode)3, 0>& ap_fixed_base<33, 17, true, (ap_q_mode)5, (ap_o_mode)3, 0>::operator=<32, 16, true, (ap_q_mode)5, (ap_o_mode)3, 0>(ap_fixed_base<32, 16, true, (ap_q_mode)5, (ap_o_mode)3, 0> const&)' (C:/Xilinx/Vitis_HLS/2022.2/common/technology/autopilot\ap_fixed_base.h:808:9)
INFO: [HLS 214-131] Inlining function '_ZN8ssdm_intILi33ELb1EEC2EDq33_i' into 'ap_fixed_base<33, 17, true, (ap_q_mode)5, (ap_o_mode)3, 0>::ap_fixed_base<32, 16, true, (ap_q_mode)5, (ap_o_mode)3, 0>(ap_fixed_base<32, 16, true, (ap_q_mode)5, (ap_o_mode)3, 0> const&)' (C:/Xilinx/Vitis_HLS/2022.2/common/technology/autopilot\ap_fixed_base.h:401:80)
INFO: [HLS 214-131] Inlining function 'ap_fixed_base<33, 17, true, (ap_q_mode)5, (ap_o_mode)3, 0>& ap_fixed_base<33, 17, true, (ap_q_mode)5, (ap_o_mode)3, 0>::operator=<32, 16, true, (ap_q_mode)5, (ap_o_mode)3, 0>(ap_fixed_base<32, 16, true, (ap_q_mode)5, (ap_o_mode)3, 0> const&)' into 'ap_fixed_base<33, 17, true, (ap_q_mode)5, (ap_o_mode)3, 0>::ap_fixed_base<32, 16, true, (ap_q_mode)5, (ap_o_mode)3, 0>(ap_fixed_base<32, 16, true, (ap_q_mode)5, (ap_o_mode)3, 0> const&)' (C:/Xilinx/Vitis_HLS/2022.2/common/technology/autopilot\ap_fixed_base.h:403:5)
INFO: [HLS 214-131] Inlining function 'ap_fixed_base<33, 17, true, (ap_q_mode)5, (ap_o_mode)3, 0>::ap_fixed_base(int)' into 'ap_fixed_base<32, 16, true, (ap_q_mode)5, (ap_o_mode)3, 0>::RType<32, 16, true>::minus ap_fixed_base<32, 16, true, (ap_q_mode)5, (ap_o_mode)3, 0>::operator-<32, 16, true, (ap_q_mode)5, (ap_o_mode)3, 0>(ap_fixed_base<32, 16, true, (ap_q_mode)5, (ap_o_mode)3, 0> const&) const' (C:/Xilinx/Vitis_HLS/2022.2/common/technology/autopilot\ap_fixed_base.h:1348:327)
INFO: [HLS 214-131] Inlining function 'ap_fixed_base<33, 17, true, (ap_q_mode)5, (ap_o_mode)3, 0>::ap_fixed_base<32, 16, true, (ap_q_mode)5, (ap_o_mode)3, 0>(ap_fixed_base<32, 16, true, (ap_q_mode)5, (ap_o_mode)3, 0> const&)' into 'ap_fixed_base<32, 16, true, (ap_q_mode)5, (ap_o_mode)3, 0>::RType<32, 16, true>::minus ap_fixed_base<32, 16, true, (ap_q_mode)5, (ap_o_mode)3, 0>::operator-<32, 16, true, (ap_q_mode)5, (ap_o_mode)3, 0>(ap_fixed_base<32, 16, true, (ap_q_mode)5, (ap_o_mode)3, 0> const&) const' (C:/Xilinx/Vitis_HLS/2022.2/common/technology/autopilot\ap_fixed_base.h:1348:347)
INFO: [HLS 214-131] Inlining function 'ap_fixed_base<33, 17, true, (ap_q_mode)5, (ap_o_mode)3, 0>::ap_fixed_base<32, 16, true, (ap_q_mode)5, (ap_o_mode)3, 0>(ap_fixed_base<32, 16, true, (ap_q_mode)5, (ap_o_mode)3, 0> const&)' into 'ap_fixed_base<32, 16, true, (ap_q_mode)5, (ap_o_mode)3, 0>::RType<32, 16, true>::minus ap_fixed_base<32, 16, true, (ap_q_mode)5, (ap_o_mode)3, 0>::operator-<32, 16, true, (ap_q_mode)5, (ap_o_mode)3, 0>(ap_fixed_base<32, 16, true, (ap_q_mode)5, (ap_o_mode)3, 0> const&) const' (C:/Xilinx/Vitis_HLS/2022.2/common/technology/autopilot\ap_fixed_base.h:1348:335)
INFO: [HLS 214-131] Inlining function 'ap_fixed_base<33, 17, true, (ap_q_mode)5, (ap_o_mode)3, 0>::operator!() const' into 'ap_fixed_base<32, 16, true, (ap_q_mode)5, (ap_o_mode)3, 0>& ap_fixed_base<32, 16, true, (ap_q_mode)5, (ap_o_mode)3, 0>::operator=<33, 17, true, (ap_q_mode)5, (ap_o_mode)3, 0>(ap_fixed_base<33, 17, true, (ap_q_mode)5, (ap_o_mode)3, 0> const&)' (C:/Xilinx/Vitis_HLS/2022.2/common/technology/autopilot\ap_fixed_base.h:808:9)
INFO: [HLS 214-131] Inlining function 'ssdm_int<32, true>::ssdm_int(int)' into 'ap_fixed_base<32, 16, true, (ap_q_mode)5, (ap_o_mode)3, 0>::ap_fixed_base<33, 17, true, (ap_q_mode)5, (ap_o_mode)3, 0>(ap_fixed_base<33, 17, true, (ap_q_mode)5, (ap_o_mode)3, 0> const&)' (C:/Xilinx/Vitis_HLS/2022.2/common/technology/autopilot\ap_fixed_base.h:401:80)
INFO: [HLS 214-131] Inlining function 'ap_fixed_base<32, 16, true, (ap_q_mode)5, (ap_o_mode)3, 0>& ap_fixed_base<32, 16, true, (ap_q_mode)5, (ap_o_mode)3, 0>::operator=<33, 17, true, (ap_q_mode)5, (ap_o_mode)3, 0>(ap_fixed_base<33, 17, true, (ap_q_mode)5, (ap_o_mode)3, 0> const&)' into 'ap_fixed_base<32, 16, true, (ap_q_mode)5, (ap_o_mode)3, 0>::ap_fixed_base<33, 17, true, (ap_q_mode)5, (ap_o_mode)3, 0>(ap_fixed_base<33, 17, true, (ap_q_mode)5, (ap_o_mode)3, 0> const&)' (C:/Xilinx/Vitis_HLS/2022.2/common/technology/autopilot\ap_fixed_base.h:403:5)
INFO: [HLS 214-131] Inlining function 'ap_fixed_base<32, 16, true, (ap_q_mode)5, (ap_o_mode)3, 0>::ap_fixed_base<33, 17, true, (ap_q_mode)5, (ap_o_mode)3, 0>(ap_fixed_base<33, 17, true, (ap_q_mode)5, (ap_o_mode)3, 0> const&)' into 'ap_fixed<32, 16, (ap_q_mode)5, (ap_o_mode)3, 0>::ap_fixed<33, 17, true, (ap_q_mode)5, (ap_o_mode)3, 0>(ap_fixed_base<33, 17, true, (ap_q_mode)5, (ap_o_mode)3, 0> const&)'
INFO: [HLS 214-131] Inlining function 'ap_fixed_base<32, 32, true, (ap_q_mode)5, (ap_o_mode)3, 0>::operator!() const' into 'ap_fixed_base<96, 48, true, (ap_q_mode)5, (ap_o_mode)3, 0>& ap_fixed_base<96, 48, true, (ap_q_mode)5, (ap_o_mode)3, 0>::operator=<32, 32, true, (ap_q_mode)5, (ap_o_mode)3, 0>(ap_fixed_base<32, 32, true, (ap_q_mode)5, (ap_o_mode)3, 0> const&)' (C:/Xilinx/Vitis_HLS/2022.2/common/technology/autopilot\ap_fixed_base.h:808:9)
INFO: [HLS 214-131] Inlining function 'ap_fixed_base<96, 48, true, (ap_q_mode)5, (ap_o_mode)3, 0>& ap_fixed_base<96, 48, true, (ap_q_mode)5, (ap_o_mode)3, 0>::operator=<32, 32, true, (ap_q_mode)5, (ap_o_mode)3, 0>(ap_fixed_base<32, 32, true, (ap_q_mode)5, (ap_o_mode)3, 0> const&)' into 'ap_fixed_base<96, 48, true, (ap_q_mode)5, (ap_o_mode)3, 0>::ap_fixed_base(int)' (C:/Xilinx/Vitis_HLS/2022.2/common/technology/autopilot\ap_fixed_base.h:530:146)
INFO: [HLS 214-131] Inlining function 'ap_fixed_base<96, 48, true, (ap_q_mode)5, (ap_o_mode)3, 0>::ap_fixed_base(int)' into 'ap_fixed_base<48, 24, true, (ap_q_mode)5, (ap_o_mode)3, 0>::RType<48, 24, true>::mult ap_fixed_base<48, 24, true, (ap_q_mode)5, (ap_o_mode)3, 0>::operator*<48, 24, true, (ap_q_mode)5, (ap_o_mode)3, 0>(ap_fixed_base<48, 24, true, (ap_q_mode)5, (ap_o_mode)3, 0> const&) const' (C:/Xilinx/Vitis_HLS/2022.2/common/technology/autopilot\ap_fixed_base.h:1270:55)
INFO: [HLS 214-131] Inlining function 'ap_fixed_base<96, 48, true, (ap_q_mode)5, (ap_o_mode)3, 0>::ap_fixed_base(int)' into 'ap_fixed_base<48, 24, true, (ap_q_mode)5, (ap_o_mode)3, 0>::RType<48, 24, true>::mult ap_fixed_base<48, 24, true, (ap_q_mode)5, (ap_o_mode)3, 0>::operator*<48, 24, true, (ap_q_mode)5, (ap_o_mode)3, 0>(ap_fixed_base<48, 24, true, (ap_q_mode)5, (ap_o_mode)3, 0> const&) const' (C:/Xilinx/Vitis_HLS/2022.2/common/technology/autopilot\ap_fixed_base.h:1270:61)
INFO: [HLS 214-131] Inlining function 'ap_fixed_base<32, 32, true, (ap_q_mode)5, (ap_o_mode)3, 0>::operator!() const' into 'ap_fixed_base<97, 49, true, (ap_q_mode)5, (ap_o_mode)3, 0>& ap_fixed_base<97, 49, true, (ap_q_mode)5, (ap_o_mode)3, 0>::operator=<32, 32, true, (ap_q_mode)5, (ap_o_mode)3, 0>(ap_fixed_base<32, 32, true, (ap_q_mode)5, (ap_o_mode)3, 0> const&)' (C:/Xilinx/Vitis_HLS/2022.2/common/technology/autopilot\ap_fixed_base.h:808:9)
INFO: [HLS 214-131] Inlining function 'ap_fixed_base<97, 49, true, (ap_q_mode)5, (ap_o_mode)3, 0>& ap_fixed_base<97, 49, true, (ap_q_mode)5, (ap_o_mode)3, 0>::operator=<32, 32, true, (ap_q_mode)5, (ap_o_mode)3, 0>(ap_fixed_base<32, 32, true, (ap_q_mode)5, (ap_o_mode)3, 0> const&)' into 'ap_fixed_base<97, 49, true, (ap_q_mode)5, (ap_o_mode)3, 0>::ap_fixed_base(int)' (C:/Xilinx/Vitis_HLS/2022.2/common/technology/autopilot\ap_fixed_base.h:530:146)
INFO: [HLS 214-131] Inlining function 'ap_fixed_base<48, 24, true, (ap_q_mode)5, (ap_o_mode)3, 0>::operator!() const' into 'ap_fixed_base<97, 49, true, (ap_q_mode)5, (ap_o_mode)3, 0>& ap_fixed_base<97, 49, true, (ap_q_mode)5, (ap_o_mode)3, 0>::operator=<48, 24, true, (ap_q_mode)5, (ap_o_mode)3, 0>(ap_fixed_base<48, 24, true, (ap_q_mode)5, (ap_o_mode)3, 0> const&)' (C:/Xilinx/Vitis_HLS/2022.2/common/technology/autopilot\ap_fixed_base.h:808:9)
INFO: [HLS 214-131] Inlining function '_ZN8ssdm_intILi97ELb1EEC2EDq97_i' into 'ap_fixed_base<97, 49, true, (ap_q_mode)5, (ap_o_mode)3, 0>::ap_fixed_base<48, 24, true, (ap_q_mode)5, (ap_o_mode)3, 0>(ap_fixed_base<48, 24, true, (ap_q_mode)5, (ap_o_mode)3, 0> const&)' (C:/Xilinx/Vitis_HLS/2022.2/common/technology/autopilot\ap_fixed_base.h:401:80)
INFO: [HLS 214-131] Inlining function 'ap_fixed_base<97, 49, true, (ap_q_mode)5, (ap_o_mode)3, 0>& ap_fixed_base<97, 49, true, (ap_q_mode)5, (ap_o_mode)3, 0>::operator=<48, 24, true, (ap_q_mode)5, (ap_o_mode)3, 0>(ap_fixed_base<48, 24, true, (ap_q_mode)5, (ap_o_mode)3, 0> const&)' into 'ap_fixed_base<97, 49, true, (ap_q_mode)5, (ap_o_mode)3, 0>::ap_fixed_base<48, 24, true, (ap_q_mode)5, (ap_o_mode)3, 0>(ap_fixed_base<48, 24, true, (ap_q_mode)5, (ap_o_mode)3, 0> const&)' (C:/Xilinx/Vitis_HLS/2022.2/common/technology/autopilot\ap_fixed_base.h:403:5)
INFO: [HLS 214-131] Inlining function 'ap_fixed_base<96, 48, true, (ap_q_mode)5, (ap_o_mode)3, 0>::operator!() const' into 'ap_fixed_base<97, 49, true, (ap_q_mode)5, (ap_o_mode)3, 0>& ap_fixed_base<97, 49, true, (ap_q_mode)5, (ap_o_mode)3, 0>::operator=<96, 48, true, (ap_q_mode)5, (ap_o_mode)3, 0>(ap_fixed_base<96, 48, true, (ap_q_mode)5, (ap_o_mode)3, 0> const&)' (C:/Xilinx/Vitis_HLS/2022.2/common/technology/autopilot\ap_fixed_base.h:808:9)
INFO: [HLS 214-131] Inlining function '_ZN8ssdm_intILi97ELb1EEC2EDq97_i' into 'ap_fixed_base<97, 49, true, (ap_q_mode)5, (ap_o_mode)3, 0>::ap_fixed_base<96, 48, true, (ap_q_mode)5, (ap_o_mode)3, 0>(ap_fixed_base<96, 48, true, (ap_q_mode)5, (ap_o_mode)3, 0> const&)' (C:/Xilinx/Vitis_HLS/2022.2/common/technology/autopilot\ap_fixed_base.h:401:80)
INFO: [HLS 214-131] Inlining function 'ap_fixed_base<97, 49, true, (ap_q_mode)5, (ap_o_mode)3, 0>& ap_fixed_base<97, 49, true, (ap_q_mode)5, (ap_o_mode)3, 0>::operator=<96, 48, true, (ap_q_mode)5, (ap_o_mode)3, 0>(ap_fixed_base<96, 48, true, (ap_q_mode)5, (ap_o_mode)3, 0> const&)' into 'ap_fixed_base<97, 49, true, (ap_q_mode)5, (ap_o_mode)3, 0>::ap_fixed_base<96, 48, true, (ap_q_mode)5, (ap_o_mode)3, 0>(ap_fixed_base<96, 48, true, (ap_q_mode)5, (ap_o_mode)3, 0> const&)' (C:/Xilinx/Vitis_HLS/2022.2/common/technology/autopilot\ap_fixed_base.h:403:5)
INFO: [HLS 214-131] Inlining function 'ap_fixed_base<97, 49, true, (ap_q_mode)5, (ap_o_mode)3, 0>::ap_fixed_base(int)' into 'ap_fixed_base<48, 24, true, (ap_q_mode)5, (ap_o_mode)3, 0>::RType<96, 48, true>::plus ap_fixed_base<48, 24, true, (ap_q_mode)5, (ap_o_mode)3, 0>::operator+<96, 48, true, (ap_q_mode)5, (ap_o_mode)3, 0>(ap_fixed_base<96, 48, true, (ap_q_mode)5, (ap_o_mode)3, 0> const&) const' (C:/Xilinx/Vitis_HLS/2022.2/common/technology/autopilot\ap_fixed_base.h:1347:325)
INFO: [HLS 214-131] Inlining function 'ap_fixed_base<97, 49, true, (ap_q_mode)5, (ap_o_mode)3, 0>::ap_fixed_base<96, 48, true, (ap_q_mode)5, (ap_o_mode)3, 0>(ap_fixed_base<96, 48, true, (ap_q_mode)5, (ap_o_mode)3, 0> const&)' into 'ap_fixed_base<48, 24, true, (ap_q_mode)5, (ap_o_mode)3, 0>::RType<96, 48, true>::plus ap_fixed_base<48, 24, true, (ap_q_mode)5, (ap_o_mode)3, 0>::operator+<96, 48, true, (ap_q_mode)5, (ap_o_mode)3, 0>(ap_fixed_base<96, 48, true, (ap_q_mode)5, (ap_o_mode)3, 0> const&) const' (C:/Xilinx/Vitis_HLS/2022.2/common/technology/autopilot\ap_fixed_base.h:1347:345)
INFO: [HLS 214-131] Inlining function 'ap_fixed_base<97, 49, true, (ap_q_mode)5, (ap_o_mode)3, 0>::ap_fixed_base<48, 24, true, (ap_q_mode)5, (ap_o_mode)3, 0>(ap_fixed_base<48, 24, true, (ap_q_mode)5, (ap_o_mode)3, 0> const&)' into 'ap_fixed_base<48, 24, true, (ap_q_mode)5, (ap_o_mode)3, 0>::RType<96, 48, true>::plus ap_fixed_base<48, 24, true, (ap_q_mode)5, (ap_o_mode)3, 0>::operator+<96, 48, true, (ap_q_mode)5, (ap_o_mode)3, 0>(ap_fixed_base<96, 48, true, (ap_q_mode)5, (ap_o_mode)3, 0> const&) const' (C:/Xilinx/Vitis_HLS/2022.2/common/technology/autopilot\ap_fixed_base.h:1347:333)
INFO: [HLS 214-131] Inlining function 'ap_fixed_base<97, 49, true, (ap_q_mode)5, (ap_o_mode)3, 0>::operator!() const' into 'ap_fixed_base<48, 24, true, (ap_q_mode)5, (ap_o_mode)3, 0>& ap_fixed_base<48, 24, true, (ap_q_mode)5, (ap_o_mode)3, 0>::operator=<97, 49, true, (ap_q_mode)5, (ap_o_mode)3, 0>(ap_fixed_base<97, 49, true, (ap_q_mode)5, (ap_o_mode)3, 0> const&)' (C:/Xilinx/Vitis_HLS/2022.2/common/technology/autopilot\ap_fixed_base.h:808:9)
INFO: [HLS 214-131] Inlining function 'ap_fixed_base<48, 24, true, (ap_q_mode)5, (ap_o_mode)3, 0>::RType<96, 48, true>::plus ap_fixed_base<48, 24, true, (ap_q_mode)5, (ap_o_mode)3, 0>::operator+<96, 48, true, (ap_q_mode)5, (ap_o_mode)3, 0>(ap_fixed_base<96, 48, true, (ap_q_mode)5, (ap_o_mode)3, 0> const&) const' into 'ap_fixed_base<48, 24, true, (ap_q_mode)5, (ap_o_mode)3, 0>& ap_fixed_base<48, 24, true, (ap_q_mode)5, (ap_o_mode)3, 0>::operator+=<96, 48, true, (ap_q_mode)5, (ap_o_mode)3, 0>(ap_fixed_base<96, 48, true, (ap_q_mode)5, (ap_o_mode)3, 0> const&)' (C:/Xilinx/Vitis_HLS/2022.2/common/technology/autopilot\ap_fixed_base.h:1367:248)
INFO: [HLS 214-131] Inlining function 'ap_fixed_base<48, 24, true, (ap_q_mode)5, (ap_o_mode)3, 0>& ap_fixed_base<48, 24, true, (ap_q_mode)5, (ap_o_mode)3, 0>::operator=<97, 49, true, (ap_q_mode)5, (ap_o_mode)3, 0>(ap_fixed_base<97, 49, true, (ap_q_mode)5, (ap_o_mode)3, 0> const&)' into 'ap_fixed_base<48, 24, true, (ap_q_mode)5, (ap_o_mode)3, 0>& ap_fixed_base<48, 24, true, (ap_q_mode)5, (ap_o_mode)3, 0>::operator+=<96, 48, true, (ap_q_mode)5, (ap_o_mode)3, 0>(ap_fixed_base<96, 48, true, (ap_q_mode)5, (ap_o_mode)3, 0> const&)' (C:/Xilinx/Vitis_HLS/2022.2/common/technology/autopilot\ap_fixed_base.h:1367:246)
INFO: [HLS 214-131] Inlining function 'ssdm_int<32, false>::ssdm_int(unsigned int)' into 'ap_int_base<32, false>::ap_int_base(unsigned long)' (C:/Xilinx/Vitis_HLS/2022.2/common/technology/autopilot\ap_int_base.h:217:77)
INFO: [HLS 214-131] Inlining function 'ap_int_base<32, false>::ap_int_base(unsigned long)' into 'ap_int_base<32, false>::countLeadingZeros() const' (C:/Xilinx/Vitis_HLS/2022.2/common/technology/autopilot\ap_int_base.h:1196:30)
INFO: [HLS 214-131] Inlining function 'ap_int_base<32, false>::countLeadingZeros() const' into 'ap_fixed_base<32, 16, true, (ap_q_mode)5, (ap_o_mode)3, 0>::to_float() const' (C:/Xilinx/Vitis_HLS/2022.2/common/technology/autopilot\ap_fixed_base.h:1097:17)
INFO: [HLS 214-131] Inlining function 'rawBitsToFloat(unsigned long)' into 'ap_fixed_base<32, 16, true, (ap_q_mode)5, (ap_o_mode)3, 0>::to_float() const' (C:/Xilinx/Vitis_HLS/2022.2/common/technology/autopilot\ap_fixed_base.h:1126:12)
INFO: [HLS 214-131] Inlining function 'ap_fixed_base<32, 16, true, (ap_q_mode)5, (ap_o_mode)3, 0>::to_float() const' into 'ap_fixed_base<32, 16, true, (ap_q_mode)5, (ap_o_mode)3, 0>::operator float() const' (C:/Xilinx/Vitis_HLS/2022.2/common/technology/autopilot\ap_fixed_base.h:1181:73)
INFO: [HLS 214-131] Inlining function 'ap_fixed_base<33, 17, true, (ap_q_mode)5, (ap_o_mode)3, 0>::ap_fixed_base(int)' into 'ap_fixed_base<32, 16, true, (ap_q_mode)5, (ap_o_mode)3, 0>::RType<32, 16, true>::plus ap_fixed_base<32, 16, true, (ap_q_mode)5, (ap_o_mode)3, 0>::operator+<32, 16, true, (ap_q_mode)5, (ap_o_mode)3, 0>(ap_fixed_base<32, 16, true, (ap_q_mode)5, (ap_o_mode)3, 0> const&) const' (C:/Xilinx/Vitis_HLS/2022.2/common/technology/autopilot\ap_fixed_base.h:1347:325)
INFO: [HLS 214-131] Inlining function 'ap_fixed_base<33, 17, true, (ap_q_mode)5, (ap_o_mode)3, 0>::ap_fixed_base<32, 16, true, (ap_q_mode)5, (ap_o_mode)3, 0>(ap_fixed_base<32, 16, true, (ap_q_mode)5, (ap_o_mode)3, 0> const&)' into 'ap_fixed_base<32, 16, true, (ap_q_mode)5, (ap_o_mode)3, 0>::RType<32, 16, true>::plus ap_fixed_base<32, 16, true, (ap_q_mode)5, (ap_o_mode)3, 0>::operator+<32, 16, true, (ap_q_mode)5, (ap_o_mode)3, 0>(ap_fixed_base<32, 16, true, (ap_q_mode)5, (ap_o_mode)3, 0> const&) const' (C:/Xilinx/Vitis_HLS/2022.2/common/technology/autopilot\ap_fixed_base.h:1347:345)
INFO: [HLS 214-131] Inlining function 'ap_fixed_base<33, 17, true, (ap_q_mode)5, (ap_o_mode)3, 0>::ap_fixed_base<32, 16, true, (ap_q_mode)5, (ap_o_mode)3, 0>(ap_fixed_base<32, 16, true, (ap_q_mode)5, (ap_o_mode)3, 0> const&)' into 'ap_fixed_base<32, 16, true, (ap_q_mode)5, (ap_o_mode)3, 0>::RType<32, 16, true>::plus ap_fixed_base<32, 16, true, (ap_q_mode)5, (ap_o_mode)3, 0>::operator+<32, 16, true, (ap_q_mode)5, (ap_o_mode)3, 0>(ap_fixed_base<32, 16, true, (ap_q_mode)5, (ap_o_mode)3, 0> const&) const' (C:/Xilinx/Vitis_HLS/2022.2/common/technology/autopilot\ap_fixed_base.h:1347:333)
INFO: [HLS 214-131] Inlining function 'ap_fixed_base<32, 16, true, (ap_q_mode)5, (ap_o_mode)3, 0>::operator!() const' into 'ap_fixed_base<48, 16, true, (ap_q_mode)5, (ap_o_mode)3, 0>& ap_fixed_base<48, 16, true, (ap_q_mode)5, (ap_o_mode)3, 0>::operator=<32, 16, true, (ap_q_mode)5, (ap_o_mode)3, 0>(ap_fixed_base<32, 16, true, (ap_q_mode)5, (ap_o_mode)3, 0> const&)' (C:/Xilinx/Vitis_HLS/2022.2/common/technology/autopilot\ap_fixed_base.h:808:9)
INFO: [HLS 214-131] Inlining function '_ZN8ssdm_intILi48ELb1EEC2EDq48_i' into 'ap_fixed_base<48, 16, true, (ap_q_mode)5, (ap_o_mode)3, 0>::ap_fixed_base<32, 16, true, (ap_q_mode)5, (ap_o_mode)3, 0>(ap_fixed_base<32, 16, true, (ap_q_mode)5, (ap_o_mode)3, 0> const&)' (C:/Xilinx/Vitis_HLS/2022.2/common/technology/autopilot\ap_fixed_base.h:401:80)
INFO: [HLS 214-131] Inlining function 'ap_fixed_base<48, 16, true, (ap_q_mode)5, (ap_o_mode)3, 0>& ap_fixed_base<48, 16, true, (ap_q_mode)5, (ap_o_mode)3, 0>::operator=<32, 16, true, (ap_q_mode)5, (ap_o_mode)3, 0>(ap_fixed_base<32, 16, true, (ap_q_mode)5, (ap_o_mode)3, 0> const&)' into 'ap_fixed_base<48, 16, true, (ap_q_mode)5, (ap_o_mode)3, 0>::ap_fixed_base<32, 16, true, (ap_q_mode)5, (ap_o_mode)3, 0>(ap_fixed_base<32, 16, true, (ap_q_mode)5, (ap_o_mode)3, 0> const&)' (C:/Xilinx/Vitis_HLS/2022.2/common/technology/autopilot\ap_fixed_base.h:403:5)
INFO: [HLS 214-131] Inlining function 'ap_fixed_base<48, 16, true, (ap_q_mode)5, (ap_o_mode)3, 0>::ap_fixed_base<32, 16, true, (ap_q_mode)5, (ap_o_mode)3, 0>(ap_fixed_base<32, 16, true, (ap_q_mode)5, (ap_o_mode)3, 0> const&)' into 'ap_fixed_base<32, 16, true, (ap_q_mode)5, (ap_o_mode)3, 0>::RType<32, 16, true>::div ap_fixed_base<32, 16, true, (ap_q_mode)5, (ap_o_mode)3, 0>::operator/<32, 16, true, (ap_q_mode)5, (ap_o_mode)3, 0>(ap_fixed_base<32, 16, true, (ap_q_mode)5, (ap_o_mode)3, 0> const&) const' (C:/Xilinx/Vitis_HLS/2022.2/common/technology/autopilot\ap_fixed_base.h:1299:97)
INFO: [HLS 214-131] Inlining function 'ap_fixed_base<49, 33, true, (ap_q_mode)5, (ap_o_mode)3, 0>::operator!() const' into 'ap_fixed_base<32, 16, true, (ap_q_mode)5, (ap_o_mode)3, 0>& ap_fixed_base<32, 16, true, (ap_q_mode)5, (ap_o_mode)3, 0>::operator=<49, 33, true, (ap_q_mode)5, (ap_o_mode)3, 0>(ap_fixed_base<49, 33, true, (ap_q_mode)5, (ap_o_mode)3, 0> const&)' (C:/Xilinx/Vitis_HLS/2022.2/common/technology/autopilot\ap_fixed_base.h:808:9)
INFO: [HLS 214-131] Inlining function 'ssdm_int<32, true>::ssdm_int(int)' into 'ap_fixed_base<32, 16, true, (ap_q_mode)5, (ap_o_mode)3, 0>::ap_fixed_base<49, 33, true, (ap_q_mode)5, (ap_o_mode)3, 0>(ap_fixed_base<49, 33, true, (ap_q_mode)5, (ap_o_mode)3, 0> const&)' (C:/Xilinx/Vitis_HLS/2022.2/common/technology/autopilot\ap_fixed_base.h:401:80)
INFO: [HLS 214-131] Inlining function 'ap_fixed_base<32, 16, true, (ap_q_mode)5, (ap_o_mode)3, 0>& ap_fixed_base<32, 16, true, (ap_q_mode)5, (ap_o_mode)3, 0>::operator=<49, 33, true, (ap_q_mode)5, (ap_o_mode)3, 0>(ap_fixed_base<49, 33, true, (ap_q_mode)5, (ap_o_mode)3, 0> const&)' into 'ap_fixed_base<32, 16, true, (ap_q_mode)5, (ap_o_mode)3, 0>::ap_fixed_base<49, 33, true, (ap_q_mode)5, (ap_o_mode)3, 0>(ap_fixed_base<49, 33, true, (ap_q_mode)5, (ap_o_mode)3, 0> const&)' (C:/Xilinx/Vitis_HLS/2022.2/common/technology/autopilot\ap_fixed_base.h:403:5)
INFO: [HLS 214-131] Inlining function 'ap_fixed_base<32, 16, true, (ap_q_mode)5, (ap_o_mode)3, 0>::ap_fixed_base<49, 33, true, (ap_q_mode)5, (ap_o_mode)3, 0>(ap_fixed_base<49, 33, true, (ap_q_mode)5, (ap_o_mode)3, 0> const&)' into 'ap_fixed<32, 16, (ap_q_mode)5, (ap_o_mode)3, 0>::ap_fixed<49, 33, true, (ap_q_mode)5, (ap_o_mode)3, 0>(ap_fixed_base<49, 33, true, (ap_q_mode)5, (ap_o_mode)3, 0> const&)'
INFO: [HLS 214-131] Inlining function 'ap_fixed_base<32, 32, true, (ap_q_mode)5, (ap_o_mode)3, 0>::operator!() const' into 'ap_fixed_base<65, 33, true, (ap_q_mode)5, (ap_o_mode)3, 0>& ap_fixed_base<65, 33, true, (ap_q_mode)5, (ap_o_mode)3, 0>::operator=<32, 32, true, (ap_q_mode)5, (ap_o_mode)3, 0>(ap_fixed_base<32, 32, true, (ap_q_mode)5, (ap_o_mode)3, 0> const&)' (C:/Xilinx/Vitis_HLS/2022.2/common/technology/autopilot\ap_fixed_base.h:808:9)
INFO: [HLS 214-131] Inlining function 'ap_fixed_base<65, 33, true, (ap_q_mode)5, (ap_o_mode)3, 0>& ap_fixed_base<65, 33, true, (ap_q_mode)5, (ap_o_mode)3, 0>::operator=<32, 32, true, (ap_q_mode)5, (ap_o_mode)3, 0>(ap_fixed_base<32, 32, true, (ap_q_mode)5, (ap_o_mode)3, 0> const&)' into 'ap_fixed_base<65, 33, true, (ap_q_mode)5, (ap_o_mode)3, 0>::ap_fixed_base(int)' (C:/Xilinx/Vitis_HLS/2022.2/common/technology/autopilot\ap_fixed_base.h:530:146)
INFO: [HLS 214-131] Inlining function 'ap_fixed_base<65, 33, true, (ap_q_mode)5, (ap_o_mode)3, 0>::ap_fixed_base(int)' into 'ap_fixed_base<33, 17, true, (ap_q_mode)5, (ap_o_mode)3, 0>::RType<32, 16, true>::mult ap_fixed_base<33, 17, true, (ap_q_mode)5, (ap_o_mode)3, 0>::operator*<32, 16, true, (ap_q_mode)5, (ap_o_mode)3, 0>(ap_fixed_base<32, 16, true, (ap_q_mode)5, (ap_o_mode)3, 0> const&) const' (C:/Xilinx/Vitis_HLS/2022.2/common/technology/autopilot\ap_fixed_base.h:1270:55)
INFO: [HLS 214-131] Inlining function 'ap_fixed_base<65, 33, true, (ap_q_mode)5, (ap_o_mode)3, 0>::ap_fixed_base(int)' into 'ap_fixed_base<33, 17, true, (ap_q_mode)5, (ap_o_mode)3, 0>::RType<32, 16, true>::mult ap_fixed_base<33, 17, true, (ap_q_mode)5, (ap_o_mode)3, 0>::operator*<32, 16, true, (ap_q_mode)5, (ap_o_mode)3, 0>(ap_fixed_base<32, 16, true, (ap_q_mode)5, (ap_o_mode)3, 0> const&) const' (C:/Xilinx/Vitis_HLS/2022.2/common/technology/autopilot\ap_fixed_base.h:1270:61)
INFO: [HLS 214-131] Inlining function 'ap_fixed_base<65, 33, true, (ap_q_mode)5, (ap_o_mode)3, 0>::operator!() const' into 'ap_fixed_base<32, 16, true, (ap_q_mode)5, (ap_o_mode)3, 0>& ap_fixed_base<32, 16, true, (ap_q_mode)5, (ap_o_mode)3, 0>::operator=<65, 33, true, (ap_q_mode)5, (ap_o_mode)3, 0>(ap_fixed_base<65, 33, true, (ap_q_mode)5, (ap_o_mode)3, 0> const&)' (C:/Xilinx/Vitis_HLS/2022.2/common/technology/autopilot\ap_fixed_base.h:808:9)
INFO: [HLS 214-131] Inlining function 'ssdm_int<32, true>::ssdm_int(int)' into 'ap_fixed_base<32, 16, true, (ap_q_mode)5, (ap_o_mode)3, 0>::ap_fixed_base<65, 33, true, (ap_q_mode)5, (ap_o_mode)3, 0>(ap_fixed_base<65, 33, true, (ap_q_mode)5, (ap_o_mode)3, 0> const&)' (C:/Xilinx/Vitis_HLS/2022.2/common/technology/autopilot\ap_fixed_base.h:401:80)
INFO: [HLS 214-131] Inlining function 'ap_fixed_base<32, 16, true, (ap_q_mode)5, (ap_o_mode)3, 0>& ap_fixed_base<32, 16, true, (ap_q_mode)5, (ap_o_mode)3, 0>::operator=<65, 33, true, (ap_q_mode)5, (ap_o_mode)3, 0>(ap_fixed_base<65, 33, true, (ap_q_mode)5, (ap_o_mode)3, 0> const&)' into 'ap_fixed_base<32, 16, true, (ap_q_mode)5, (ap_o_mode)3, 0>::ap_fixed_base<65, 33, true, (ap_q_mode)5, (ap_o_mode)3, 0>(ap_fixed_base<65, 33, true, (ap_q_mode)5, (ap_o_mode)3, 0> const&)' (C:/Xilinx/Vitis_HLS/2022.2/common/technology/autopilot\ap_fixed_base.h:403:5)
INFO: [HLS 214-131] Inlining function 'ap_fixed_base<32, 16, true, (ap_q_mode)5, (ap_o_mode)3, 0>::ap_fixed_base<65, 33, true, (ap_q_mode)5, (ap_o_mode)3, 0>(ap_fixed_base<65, 33, true, (ap_q_mode)5, (ap_o_mode)3, 0> const&)' into 'ap_fixed<32, 16, (ap_q_mode)5, (ap_o_mode)3, 0>::ap_fixed<65, 33, true, (ap_q_mode)5, (ap_o_mode)3, 0>(ap_fixed_base<65, 33, true, (ap_q_mode)5, (ap_o_mode)3, 0> const&)'
INFO: [HLS 214-131] Inlining function 'ap_fixed_base<32, 32, true, (ap_q_mode)5, (ap_o_mode)3, 0>::operator!() const' into 'ap_fixed_base<32, 16, true, (ap_q_mode)5, (ap_o_mode)3, 0>& ap_fixed_base<32, 16, true, (ap_q_mode)5, (ap_o_mode)3, 0>::operator=<32, 32, true, (ap_q_mode)5, (ap_o_mode)3, 0>(ap_fixed_base<32, 32, true, (ap_q_mode)5, (ap_o_mode)3, 0> const&)' (C:/Xilinx/Vitis_HLS/2022.2/common/technology/autopilot\ap_fixed_base.h:808:9)
INFO: [HLS 214-131] Inlining function 'ap_fixed_base<32, 16, true, (ap_q_mode)5, (ap_o_mode)3, 0>& ap_fixed_base<32, 16, true, (ap_q_mode)5, (ap_o_mode)3, 0>::operator=<32, 32, true, (ap_q_mode)5, (ap_o_mode)3, 0>(ap_fixed_base<32, 32, true, (ap_q_mode)5, (ap_o_mode)3, 0> const&)' into 'ap_fixed_base<32, 16, true, (ap_q_mode)5, (ap_o_mode)3, 0>::ap_fixed_base(int)' (C:/Xilinx/Vitis_HLS/2022.2/common/technology/autopilot\ap_fixed_base.h:530:146)
INFO: [HLS 214-131] Inlining function 'ap_fixed_base<32, 16, true, (ap_q_mode)5, (ap_o_mode)3, 0>::ap_fixed_base(int)' into 'ap_fixed<32, 16, (ap_q_mode)5, (ap_o_mode)3, 0>::ap_fixed(int)'
INFO: [HLS 214-131] Inlining function 'ap_fixed_base<48, 24, true, (ap_q_mode)5, (ap_o_mode)3, 0>::operator!() const' into 'ap_fixed_base<32, 16, true, (ap_q_mode)5, (ap_o_mode)3, 0>& ap_fixed_base<32, 16, true, (ap_q_mode)5, (ap_o_mode)3, 0>::operator=<48, 24, true, (ap_q_mode)5, (ap_o_mode)3, 0>(ap_fixed_base<48, 24, true, (ap_q_mode)5, (ap_o_mode)3, 0> const&)' (C:/Xilinx/Vitis_HLS/2022.2/common/technology/autopilot\ap_fixed_base.h:808:9)
INFO: [HLS 214-131] Inlining function 'ssdm_int<32, true>::ssdm_int(int)' into 'ap_fixed_base<32, 16, true, (ap_q_mode)5, (ap_o_mode)3, 0>::ap_fixed_base<48, 24, true, (ap_q_mode)5, (ap_o_mode)3, 0>(ap_fixed_base<48, 24, true, (ap_q_mode)5, (ap_o_mode)3, 0> const&)' (C:/Xilinx/Vitis_HLS/2022.2/common/technology/autopilot\ap_fixed_base.h:401:80)
INFO: [HLS 214-131] Inlining function 'ap_fixed_base<32, 16, true, (ap_q_mode)5, (ap_o_mode)3, 0>& ap_fixed_base<32, 16, true, (ap_q_mode)5, (ap_o_mode)3, 0>::operator=<48, 24, true, (ap_q_mode)5, (ap_o_mode)3, 0>(ap_fixed_base<48, 24, true, (ap_q_mode)5, (ap_o_mode)3, 0> const&)' into 'ap_fixed_base<32, 16, true, (ap_q_mode)5, (ap_o_mode)3, 0>::ap_fixed_base<48, 24, true, (ap_q_mode)5, (ap_o_mode)3, 0>(ap_fixed_base<48, 24, true, (ap_q_mode)5, (ap_o_mode)3, 0> const&)' (C:/Xilinx/Vitis_HLS/2022.2/common/technology/autopilot\ap_fixed_base.h:403:5)
INFO: [HLS 214-131] Inlining function 'ap_fixed_base<32, 16, true, (ap_q_mode)5, (ap_o_mode)3, 0>::ap_fixed_base<48, 24, true, (ap_q_mode)5, (ap_o_mode)3, 0>(ap_fixed_base<48, 24, true, (ap_q_mode)5, (ap_o_mode)3, 0> const&)' into 'ap_fixed<32, 16, (ap_q_mode)5, (ap_o_mode)3, 0>::ap_fixed<48, 24, true, (ap_q_mode)5, (ap_o_mode)3, 0>(ap_fixed_base<48, 24, true, (ap_q_mode)5, (ap_o_mode)3, 0> const&)'
INFO: [HLS 214-131] Inlining function 'bool ap_fixed_base<32, 16, true, (ap_q_mode)5, (ap_o_mode)3, 0>::operator><32, 16, true, (ap_q_mode)5, (ap_o_mode)3, 0>(ap_fixed_base<32, 16, true, (ap_q_mode)5, (ap_o_mode)3, 0> const&) const' into 'relu(ap_fixed<32, 16, (ap_q_mode)5, (ap_o_mode)3, 0>)' (C:/ecg_hls/include/ecg_types.h:62:15)
INFO: [HLS 214-131] Inlining function 'ap_fixed_base<48, 24, true, (ap_q_mode)5, (ap_o_mode)3, 0>& ap_fixed_base<48, 24, true, (ap_q_mode)5, (ap_o_mode)3, 0>::operator+=<96, 48, true, (ap_q_mode)5, (ap_o_mode)3, 0>(ap_fixed_base<96, 48, true, (ap_q_mode)5, (ap_o_mode)3, 0> const&)' into 'conv_layer01234_fused(ap_fixed<32, 16, (ap_q_mode)5, (ap_o_mode)3, 0>*, ap_fixed<32, 16, (ap_q_mode)5, (ap_o_mode)3, 0> (*) [1])' (src/ecg_denoiser.cpp:217:25)
INFO: [HLS 214-131] Inlining function 'ap_fixed_base<48, 24, true, (ap_q_mode)5, (ap_o_mode)3, 0>::RType<48, 24, true>::mult ap_fixed_base<48, 24, true, (ap_q_mode)5, (ap_o_mode)3, 0>::operator*<48, 24, true, (ap_q_mode)5, (ap_o_mode)3, 0>(ap_fixed_base<48, 24, true, (ap_q_mode)5, (ap_o_mode)3, 0> const&) const' into 'conv_layer01234_fused(ap_fixed<32, 16, (ap_q_mode)5, (ap_o_mode)3, 0>*, ap_fixed<32, 16, (ap_q_mode)5, (ap_o_mode)3, 0> (*) [1])' (src/ecg_denoiser.cpp:217:37)
INFO: [HLS 214-131] Inlining function 'ap_fixed_base<48, 24, true, (ap_q_mode)5, (ap_o_mode)3, 0>& ap_fixed_base<48, 24, true, (ap_q_mode)5, (ap_o_mode)3, 0>::operator+=<96, 48, true, (ap_q_mode)5, (ap_o_mode)3, 0>(ap_fixed_base<96, 48, true, (ap_q_mode)5, (ap_o_mode)3, 0> const&)' into 'conv_layer01234_fused(ap_fixed<32, 16, (ap_q_mode)5, (ap_o_mode)3, 0>*, ap_fixed<32, 16, (ap_q_mode)5, (ap_o_mode)3, 0> (*) [1])' (src/ecg_denoiser.cpp:186:26)
INFO: [HLS 214-131] Inlining function 'ap_fixed_base<48, 24, true, (ap_q_mode)5, (ap_o_mode)3, 0>::RType<48, 24, true>::mult ap_fixed_base<48, 24, true, (ap_q_mode)5, (ap_o_mode)3, 0>::operator*<48, 24, true, (ap_q_mode)5, (ap_o_mode)3, 0>(ap_fixed_base<48, 24, true, (ap_q_mode)5, (ap_o_mode)3, 0> const&) const' into 'conv_layer01234_fused(ap_fixed<32, 16, (ap_q_mode)5, (ap_o_mode)3, 0>*, ap_fixed<32, 16, (ap_q_mode)5, (ap_o_mode)3, 0> (*) [1])' (src/ecg_denoiser.cpp:186:38)
INFO: [HLS 214-131] Inlining function 'ap_fixed_base<48, 24, true, (ap_q_mode)5, (ap_o_mode)3, 0>& ap_fixed_base<48, 24, true, (ap_q_mode)5, (ap_o_mode)3, 0>::operator+=<96, 48, true, (ap_q_mode)5, (ap_o_mode)3, 0>(ap_fixed_base<96, 48, true, (ap_q_mode)5, (ap_o_mode)3, 0> const&)' into 'conv_layer01234_fused(ap_fixed<32, 16, (ap_q_mode)5, (ap_o_mode)3, 0>*, ap_fixed<32, 16, (ap_q_mode)5, (ap_o_mode)3, 0> (*) [1])' (src/ecg_denoiser.cpp:185:26)
INFO: [HLS 214-131] Inlining function 'ap_fixed_base<48, 24, true, (ap_q_mode)5, (ap_o_mode)3, 0>::RType<48, 24, true>::mult ap_fixed_base<48, 24, true, (ap_q_mode)5, (ap_o_mode)3, 0>::operator*<48, 24, true, (ap_q_mode)5, (ap_o_mode)3, 0>(ap_fixed_base<48, 24, true, (ap_q_mode)5, (ap_o_mode)3, 0> const&) const' into 'conv_layer01234_fused(ap_fixed<32, 16, (ap_q_mode)5, (ap_o_mode)3, 0>*, ap_fixed<32, 16, (ap_q_mode)5, (ap_o_mode)3, 0> (*) [1])' (src/ecg_denoiser.cpp:185:38)
INFO: [HLS 214-131] Inlining function 'ap_fixed_base<48, 24, true, (ap_q_mode)5, (ap_o_mode)3, 0>& ap_fixed_base<48, 24, true, (ap_q_mode)5, (ap_o_mode)3, 0>::operator+=<96, 48, true, (ap_q_mode)5, (ap_o_mode)3, 0>(ap_fixed_base<96, 48, true, (ap_q_mode)5, (ap_o_mode)3, 0> const&)' into 'conv_layer01234_fused(ap_fixed<32, 16, (ap_q_mode)5, (ap_o_mode)3, 0>*, ap_fixed<32, 16, (ap_q_mode)5, (ap_o_mode)3, 0> (*) [1])' (src/ecg_denoiser.cpp:151:26)
INFO: [HLS 214-131] Inlining function 'ap_fixed_base<48, 24, true, (ap_q_mode)5, (ap_o_mode)3, 0>::RType<48, 24, true>::mult ap_fixed_base<48, 24, true, (ap_q_mode)5, (ap_o_mode)3, 0>::operator*<48, 24, true, (ap_q_mode)5, (ap_o_mode)3, 0>(ap_fixed_base<48, 24, true, (ap_q_mode)5, (ap_o_mode)3, 0> const&) const' into 'conv_layer01234_fused(ap_fixed<32, 16, (ap_q_mode)5, (ap_o_mode)3, 0>*, ap_fixed<32, 16, (ap_q_mode)5, (ap_o_mode)3, 0> (*) [1])' (src/ecg_denoiser.cpp:151:38)
INFO: [HLS 214-131] Inlining function 'ap_fixed_base<48, 24, true, (ap_q_mode)5, (ap_o_mode)3, 0>& ap_fixed_base<48, 24, true, (ap_q_mode)5, (ap_o_mode)3, 0>::operator+=<96, 48, true, (ap_q_mode)5, (ap_o_mode)3, 0>(ap_fixed_base<96, 48, true, (ap_q_mode)5, (ap_o_mode)3, 0> const&)' into 'conv_layer01234_fused(ap_fixed<32, 16, (ap_q_mode)5, (ap_o_mode)3, 0>*, ap_fixed<32, 16, (ap_q_mode)5, (ap_o_mode)3, 0> (*) [1])' (src/ecg_denoiser.cpp:150:26)
INFO: [HLS 214-131] Inlining function 'ap_fixed_base<48, 24, true, (ap_q_mode)5, (ap_o_mode)3, 0>::RType<48, 24, true>::mult ap_fixed_base<48, 24, true, (ap_q_mode)5, (ap_o_mode)3, 0>::operator*<48, 24, true, (ap_q_mode)5, (ap_o_mode)3, 0>(ap_fixed_base<48, 24, true, (ap_q_mode)5, (ap_o_mode)3, 0> const&) const' into 'conv_layer01234_fused(ap_fixed<32, 16, (ap_q_mode)5, (ap_o_mode)3, 0>*, ap_fixed<32, 16, (ap_q_mode)5, (ap_o_mode)3, 0> (*) [1])' (src/ecg_denoiser.cpp:150:38)
INFO: [HLS 214-131] Inlining function 'ap_fixed_base<48, 24, true, (ap_q_mode)5, (ap_o_mode)3, 0>& ap_fixed_base<48, 24, true, (ap_q_mode)5, (ap_o_mode)3, 0>::operator+=<96, 48, true, (ap_q_mode)5, (ap_o_mode)3, 0>(ap_fixed_base<96, 48, true, (ap_q_mode)5, (ap_o_mode)3, 0> const&)' into 'conv_layer01234_fused(ap_fixed<32, 16, (ap_q_mode)5, (ap_o_mode)3, 0>*, ap_fixed<32, 16, (ap_q_mode)5, (ap_o_mode)3, 0> (*) [1])' (src/ecg_denoiser.cpp:116:26)
INFO: [HLS 214-131] Inlining function 'ap_fixed_base<48, 24, true, (ap_q_mode)5, (ap_o_mode)3, 0>::RType<48, 24, true>::mult ap_fixed_base<48, 24, true, (ap_q_mode)5, (ap_o_mode)3, 0>::operator*<48, 24, true, (ap_q_mode)5, (ap_o_mode)3, 0>(ap_fixed_base<48, 24, true, (ap_q_mode)5, (ap_o_mode)3, 0> const&) const' into 'conv_layer01234_fused(ap_fixed<32, 16, (ap_q_mode)5, (ap_o_mode)3, 0>*, ap_fixed<32, 16, (ap_q_mode)5, (ap_o_mode)3, 0> (*) [1])' (src/ecg_denoiser.cpp:116:38)
INFO: [HLS 214-131] Inlining function 'ap_fixed_base<48, 24, true, (ap_q_mode)5, (ap_o_mode)3, 0>& ap_fixed_base<48, 24, true, (ap_q_mode)5, (ap_o_mode)3, 0>::operator+=<96, 48, true, (ap_q_mode)5, (ap_o_mode)3, 0>(ap_fixed_base<96, 48, true, (ap_q_mode)5, (ap_o_mode)3, 0> const&)' into 'conv_layer01234_fused(ap_fixed<32, 16, (ap_q_mode)5, (ap_o_mode)3, 0>*, ap_fixed<32, 16, (ap_q_mode)5, (ap_o_mode)3, 0> (*) [1])' (src/ecg_denoiser.cpp:115:26)
INFO: [HLS 214-131] Inlining function 'ap_fixed_base<48, 24, true, (ap_q_mode)5, (ap_o_mode)3, 0>::RType<48, 24, true>::mult ap_fixed_base<48, 24, true, (ap_q_mode)5, (ap_o_mode)3, 0>::operator*<48, 24, true, (ap_q_mode)5, (ap_o_mode)3, 0>(ap_fixed_base<48, 24, true, (ap_q_mode)5, (ap_o_mode)3, 0> const&) const' into 'conv_layer01234_fused(ap_fixed<32, 16, (ap_q_mode)5, (ap_o_mode)3, 0>*, ap_fixed<32, 16, (ap_q_mode)5, (ap_o_mode)3, 0> (*) [1])' (src/ecg_denoiser.cpp:115:38)
INFO: [HLS 214-131] Inlining function 'ap_fixed_base<48, 24, true, (ap_q_mode)5, (ap_o_mode)3, 0>& ap_fixed_base<48, 24, true, (ap_q_mode)5, (ap_o_mode)3, 0>::operator+=<96, 48, true, (ap_q_mode)5, (ap_o_mode)3, 0>(ap_fixed_base<96, 48, true, (ap_q_mode)5, (ap_o_mode)3, 0> const&)' into 'conv_layer01234_fused(ap_fixed<32, 16, (ap_q_mode)5, (ap_o_mode)3, 0>*, ap_fixed<32, 16, (ap_q_mode)5, (ap_o_mode)3, 0> (*) [1])' (src/ecg_denoiser.cpp:83:21)
INFO: [HLS 214-131] Inlining function 'ap_fixed_base<48, 24, true, (ap_q_mode)5, (ap_o_mode)3, 0>::RType<48, 24, true>::mult ap_fixed_base<48, 24, true, (ap_q_mode)5, (ap_o_mode)3, 0>::operator*<48, 24, true, (ap_q_mode)5, (ap_o_mode)3, 0>(ap_fixed_base<48, 24, true, (ap_q_mode)5, (ap_o_mode)3, 0> const&) const' into 'conv_layer01234_fused(ap_fixed<32, 16, (ap_q_mode)5, (ap_o_mode)3, 0>*, ap_fixed<32, 16, (ap_q_mode)5, (ap_o_mode)3, 0> (*) [1])' (src/ecg_denoiser.cpp:83:33)
INFO: [HLS 214-131] Inlining function 'af_range_ref<32, 16, true, (ap_q_mode)5, (ap_o_mode)3, 0>::get() const' into 'ap_int_base<32, false>::ap_int_base<32, 16, true, (ap_q_mode)5, (ap_o_mode)3, 0>(af_range_ref<32, 16, true, (ap_q_mode)5, (ap_o_mode)3, 0> const&)' (C:/Xilinx/Vitis_HLS/2022.2/common/technology/autopilot\ap_int_base.h:403:20)
INFO: [HLS 214-131] Inlining function 'ap_int_base<32, false>::ap_int_base<32, 16, true, (ap_q_mode)5, (ap_o_mode)3, 0>(af_range_ref<32, 16, true, (ap_q_mode)5, (ap_o_mode)3, 0> const&)' into 'ap_range_ref<32, false>& ap_range_ref<32, false>::operator=<32, 16, true, (ap_q_mode)5, (ap_o_mode)3, 0>(af_range_ref<32, 16, true, (ap_q_mode)5, (ap_o_mode)3, 0> const&)' (C:/Xilinx/Vitis_HLS/2022.2/common/technology/autopilot\ap_int_ref.h:405:22)
INFO: [HLS 214-131] Inlining function 'ap_range_ref<32, false>& ap_range_ref<32, false>::operator=<32, false>(ap_int_base<32, false> const&)' into 'ap_range_ref<32, false>& ap_range_ref<32, false>::operator=<32, 16, true, (ap_q_mode)5, (ap_o_mode)3, 0>(af_range_ref<32, 16, true, (ap_q_mode)5, (ap_o_mode)3, 0> const&)' (C:/Xilinx/Vitis_HLS/2022.2/common/technology/autopilot\ap_int_ref.h:405:12)
INFO: [HLS 214-131] Inlining function '_ZN8ssdm_intILi4ELb0EEC2EDq4_j' into 'ap_int_base<4, false>::ap_int_base(int)' (C:/Xilinx/Vitis_HLS/2022.2/common/technology/autopilot\ap_int_base.h:214:67)
INFO: [HLS 214-131] Inlining function 'ap_int_base<4, false>::ap_int_base(int)' into 'ap_uint<4>::ap_uint(int)'
INFO: [HLS 214-131] Inlining function 'ap_int_base<1, false>::ap_int_base(int)' into 'ap_uint<1>::ap_uint(int)'
INFO: [HLS 214-131] Inlining function 'hls::axis<ap_uint<32>, 1ul, 1ul, 1ul>::get_user_ptr()' into 'hls::stream<hls::axis<ap_uint<32>, 1ul, 1ul, 1ul>, 0>::write(hls::axis<ap_uint<32>, 1ul, 1ul, 1ul> const&)' (C:/Xilinx/Vitis_HLS/2022.2/common/technology/autopilot\ap_axi_sdata.h:258:51)
INFO: [HLS 214-131] Inlining function 'hls::axis<ap_uint<32>, 1ul, 1ul, 1ul>::get_dest_ptr()' into 'hls::stream<hls::axis<ap_uint<32>, 1ul, 1ul, 1ul>, 0>::write(hls::axis<ap_uint<32>, 1ul, 1ul, 1ul> const&)' (C:/Xilinx/Vitis_HLS/2022.2/common/technology/autopilot\ap_axi_sdata.h:261:26)
INFO: [HLS 214-131] Inlining function 'hls::axis<ap_uint<32>, 1ul, 1ul, 1ul>::get_id_ptr()' into 'hls::stream<hls::axis<ap_uint<32>, 1ul, 1ul, 1ul>, 0>::write(hls::axis<ap_uint<32>, 1ul, 1ul, 1ul> const&)' (C:/Xilinx/Vitis_HLS/2022.2/common/technology/autopilot\ap_axi_sdata.h:260:68)
INFO: [HLS 214-131] Inlining function 'hls::axis<ap_uint<32>, 1ul, 1ul, 1ul>::get_user_ptr()' into 'hls::stream<hls::axis<ap_uint<32>, 1ul, 1ul, 1ul>, 0>::write(hls::axis<ap_uint<32>, 1ul, 1ul, 1ul> const&)' (C:/Xilinx/Vitis_HLS/2022.2/common/technology/autopilot\ap_axi_sdata.h:260:37)
INFO: [HLS 214-131] Inlining function 'hls::axis<ap_uint<32>, 1ul, 1ul, 1ul>::get_dest_ptr()' into 'hls::stream<hls::axis<ap_uint<32>, 1ul, 1ul, 1ul>, 0>::write(hls::axis<ap_uint<32>, 1ul, 1ul, 1ul> const&)' (C:/Xilinx/Vitis_HLS/2022.2/common/technology/autopilot\ap_axi_sdata.h:259:40)
INFO: [HLS 214-131] Inlining function 'hls::axis<ap_uint<32>, 1ul, 1ul, 1ul>::get_id_ptr()' into 'hls::stream<hls::axis<ap_uint<32>, 1ul, 1ul, 1ul>, 0>::write(hls::axis<ap_uint<32>, 1ul, 1ul, 1ul> const&)' (C:/Xilinx/Vitis_HLS/2022.2/common/technology/autopilot\ap_axi_sdata.h:259:24)
INFO: [HLS 214-131] Inlining function 'hls::stream<hls::axis<ap_uint<32>, 1ul, 1ul, 1ul>, 0>::read()' into 'ecg_denoiser(hls::stream<hls::axis<ap_uint<32>, 1ul, 1ul, 1ul>, 0>&, hls::stream<hls::axis<ap_uint<32>, 1ul, 1ul, 1ul>, 0>&)' (src/ecg_denoiser.cpp:245:29)
INFO: [HLS 214-131] Inlining function 'hls::stream<hls::axis<ap_uint<32>, 1ul, 1ul, 1ul>, 0>::write(hls::axis<ap_uint<32>, 1ul, 1ul, 1ul> const&)' into 'ecg_denoiser(hls::stream<hls::axis<ap_uint<32>, 1ul, 1ul, 1ul>, 0>&, hls::stream<hls::axis<ap_uint<32>, 1ul, 1ul, 1ul>, 0>&)' (src/ecg_denoiser.cpp:292:20)
INFO: [HLS 214-131] Inlining function 'ap_range_ref<32, false>& ap_range_ref<32, false>::operator=<32, 16, true, (ap_q_mode)5, (ap_o_mode)3, 0>(af_range_ref<32, 16, true, (ap_q_mode)5, (ap_o_mode)3, 0> const&)' into 'ecg_denoiser(hls::stream<hls::axis<ap_uint<32>, 1ul, 1ul, 1ul>, 0>&, hls::stream<hls::axis<ap_uint<32>, 1ul, 1ul, 1ul>, 0>&)' (src/ecg_denoiser.cpp:284:25)
INFO: [HLS 214-131] Inlining function 'ap_int_base<32, false>::range(int, int)' into 'ecg_denoiser(hls::stream<hls::axis<ap_uint<32>, 1ul, 1ul, 1ul>, 0>&, hls::stream<hls::axis<ap_uint<32>, 1ul, 1ul, 1ul>, 0>&)' (src/ecg_denoiser.cpp:284:13)
INFO: [HLS 214-131] Inlining function 'ap_fixed_base<32, 16, true, (ap_q_mode)5, (ap_o_mode)3, 0>::range(int, int)' into 'ecg_denoiser(hls::stream<hls::axis<ap_uint<32>, 1ul, 1ul, 1ul>, 0>&, hls::stream<hls::axis<ap_uint<32>, 1ul, 1ul, 1ul>, 0>&)' (src/ecg_denoiser.cpp:284:38)
INFO: [HLS 214-131] Inlining function 'ap_int_base<32, false>::range(int, int)' into 'ecg_denoiser(hls::stream<hls::axis<ap_uint<32>, 1ul, 1ul, 1ul>, 0>&, hls::stream<hls::axis<ap_uint<32>, 1ul, 1ul, 1ul>, 0>&)' (src/ecg_denoiser.cpp:247:40)
INFO: [HLS 214-131] Inlining function 'ap_fixed_base<33, 17, true, (ap_q_mode)5, (ap_o_mode)3, 0>::RType<32, 16, true>::mult ap_fixed_base<33, 17, true, (ap_q_mode)5, (ap_o_mode)3, 0>::operator*<32, 16, true, (ap_q_mode)5, (ap_o_mode)3, 0>(ap_fixed_base<32, 16, true, (ap_q_mode)5, (ap_o_mode)3, 0> const&) const' into 'ecg_denoiser(hls::stream<hls::axis<ap_uint<32>, 1ul, 1ul, 1ul>, 0>&, hls::stream<hls::axis<ap_uint<32>, 1ul, 1ul, 1ul>, 0>&)' (src/ecg_denoiser.cpp:274:41)
INFO: [HLS 214-131] Inlining function 'ap_fixed_base<32, 16, true, (ap_q_mode)5, (ap_o_mode)3, 0>::RType<32, 16, true>::minus ap_fixed_base<32, 16, true, (ap_q_mode)5, (ap_o_mode)3, 0>::operator-<32, 16, true, (ap_q_mode)5, (ap_o_mode)3, 0>(ap_fixed_base<32, 16, true, (ap_q_mode)5, (ap_o_mode)3, 0> const&) const' into 'ecg_denoiser(hls::stream<hls::axis<ap_uint<32>, 1ul, 1ul, 1ul>, 0>&, hls::stream<hls::axis<ap_uint<32>, 1ul, 1ul, 1ul>, 0>&)' (src/ecg_denoiser.cpp:274:30)
INFO: [HLS 214-131] Inlining function 'ap_fixed_base<32, 16, true, (ap_q_mode)5, (ap_o_mode)3, 0>::RType<32, 16, true>::div ap_fixed_base<32, 16, true, (ap_q_mode)5, (ap_o_mode)3, 0>::operator/<32, 16, true, (ap_q_mode)5, (ap_o_mode)3, 0>(ap_fixed_base<32, 16, true, (ap_q_mode)5, (ap_o_mode)3, 0> const&) const' into 'ecg_denoiser(hls::stream<hls::axis<ap_uint<32>, 1ul, 1ul, 1ul>, 0>&, hls::stream<hls::axis<ap_uint<32>, 1ul, 1ul, 1ul>, 0>&)' (src/ecg_denoiser.cpp:269:38)
INFO: [HLS 214-131] Inlining function 'ap_fixed_base<32, 16, true, (ap_q_mode)5, (ap_o_mode)3, 0>::range(int, int)' into 'ecg_denoiser(hls::stream<hls::axis<ap_uint<32>, 1ul, 1ul, 1ul>, 0>&, hls::stream<hls::axis<ap_uint<32>, 1ul, 1ul, 1ul>, 0>&)' (src/ecg_denoiser.cpp:247:22)
INFO: [HLS 214-131] Inlining function 'ap_fixed_base<32, 16, true, (ap_q_mode)5, (ap_o_mode)3, 0>::RType<32, 16, true>::plus ap_fixed_base<32, 16, true, (ap_q_mode)5, (ap_o_mode)3, 0>::operator+<32, 16, true, (ap_q_mode)5, (ap_o_mode)3, 0>(ap_fixed_base<32, 16, true, (ap_q_mode)5, (ap_o_mode)3, 0> const&) const' into 'ecg_denoiser(hls::stream<hls::axis<ap_uint<32>, 1ul, 1ul, 1ul>, 0>&, hls::stream<hls::axis<ap_uint<32>, 1ul, 1ul, 1ul>, 0>&)' (src/ecg_denoiser.cpp:268:49)
INFO: [HLS 214-131] Inlining function 'af_range_ref<32, 16, true, (ap_q_mode)5, (ap_o_mode)3, 0>& af_range_ref<32, 16, true, (ap_q_mode)5, (ap_o_mode)3, 0>::operator=<32, false>(ap_range_ref<32, false> const&)' into 'ecg_denoiser(hls::stream<hls::axis<ap_uint<32>, 1ul, 1ul, 1ul>, 0>&, hls::stream<hls::axis<ap_uint<32>, 1ul, 1ul, 1ul>, 0>&)' (src/ecg_denoiser.cpp:247:34)
INFO: [HLS 214-131] Inlining function 'ap_fixed_base<32, 16, true, (ap_q_mode)5, (ap_o_mode)3, 0>::operator float() const' into 'ecg_denoiser(hls::stream<hls::axis<ap_uint<32>, 1ul, 1ul, 1ul>, 0>&, hls::stream<hls::axis<ap_uint<32>, 1ul, 1ul, 1ul>, 0>&)' (src/ecg_denoiser.cpp:266:29)
INFO: [HLS 214-131] Inlining function 'ap_fixed_base<48, 24, true, (ap_q_mode)5, (ap_o_mode)3, 0>::RType<32, 16, true>::mult ap_fixed_base<48, 24, true, (ap_q_mode)5, (ap_o_mode)3, 0>::operator*<32, 16, true, (ap_q_mode)5, (ap_o_mode)3, 0>(ap_fixed_base<32, 16, true, (ap_q_mode)5, (ap_o_mode)3, 0> const&) const' into 'ecg_denoiser(hls::stream<hls::axis<ap_uint<32>, 1ul, 1ul, 1ul>, 0>&, hls::stream<hls::axis<ap_uint<32>, 1ul, 1ul, 1ul>, 0>&)' (src/ecg_denoiser.cpp:265:38)
INFO: [HLS 214-131] Inlining function 'ap_fixed_base<48, 24, true, (ap_q_mode)5, (ap_o_mode)3, 0>& ap_fixed_base<48, 24, true, (ap_q_mode)5, (ap_o_mode)3, 0>::operator+=<48, 24, true, (ap_q_mode)5, (ap_o_mode)3, 0>(ap_fixed_base<48, 24, true, (ap_q_mode)5, (ap_o_mode)3, 0> const&)' into 'ecg_denoiser(hls::stream<hls::axis<ap_uint<32>, 1ul, 1ul, 1ul>, 0>&, hls::stream<hls::axis<ap_uint<32>, 1ul, 1ul, 1ul>, 0>&)' (src/ecg_denoiser.cpp:254:11)
INFO: [HLS 214-131] Inlining function 'ap_fixed_base<48, 24, true, (ap_q_mode)5, (ap_o_mode)3, 0>& ap_fixed_base<48, 24, true, (ap_q_mode)5, (ap_o_mode)3, 0>::operator+=<96, 48, true, (ap_q_mode)5, (ap_o_mode)3, 0>(ap_fixed_base<96, 48, true, (ap_q_mode)5, (ap_o_mode)3, 0> const&)' into 'ecg_denoiser(hls::stream<hls::axis<ap_uint<32>, 1ul, 1ul, 1ul>, 0>&, hls::stream<hls::axis<ap_uint<32>, 1ul, 1ul, 1ul>, 0>&)' (src/ecg_denoiser.cpp:263:17)
INFO: [HLS 214-131] Inlining function 'ap_fixed_base<48, 24, true, (ap_q_mode)5, (ap_o_mode)3, 0>::RType<48, 24, true>::mult ap_fixed_base<48, 24, true, (ap_q_mode)5, (ap_o_mode)3, 0>::operator*<48, 24, true, (ap_q_mode)5, (ap_o_mode)3, 0>(ap_fixed_base<48, 24, true, (ap_q_mode)5, (ap_o_mode)3, 0> const&) const' into 'ecg_denoiser(hls::stream<hls::axis<ap_uint<32>, 1ul, 1ul, 1ul>, 0>&, hls::stream<hls::axis<ap_uint<32>, 1ul, 1ul, 1ul>, 0>&)' (src/ecg_denoiser.cpp:263:29)
INFO: [HLS 214-131] Inlining function 'ap_fixed_base<32, 16, true, (ap_q_mode)5, (ap_o_mode)3, 0>::RType<32, 16, true>::minus ap_fixed_base<32, 16, true, (ap_q_mode)5, (ap_o_mode)3, 0>::operator-<32, 16, true, (ap_q_mode)5, (ap_o_mode)3, 0>(ap_fixed_base<32, 16, true, (ap_q_mode)5, (ap_o_mode)3, 0> const&) const' into 'ecg_denoiser(hls::stream<hls::axis<ap_uint<32>, 1ul, 1ul, 1ul>, 0>&, hls::stream<hls::axis<ap_uint<32>, 1ul, 1ul, 1ul>, 0>&)' (src/ecg_denoiser.cpp:262:26)
INFO: [HLS 214-131] Inlining function 'ap_fixed_base<48, 24, true, (ap_q_mode)5, (ap_o_mode)3, 0>::RType<32, 16, true>::mult ap_fixed_base<48, 24, true, (ap_q_mode)5, (ap_o_mode)3, 0>::operator*<32, 16, true, (ap_q_mode)5, (ap_o_mode)3, 0>(ap_fixed_base<32, 16, true, (ap_q_mode)5, (ap_o_mode)3, 0> const&) const' into 'ecg_denoiser(hls::stream<hls::axis<ap_uint<32>, 1ul, 1ul, 1ul>, 0>&, hls::stream<hls::axis<ap_uint<32>, 1ul, 1ul, 1ul>, 0>&)' (src/ecg_denoiser.cpp:256:40)
INFO: [HLS 214-186] Unrolling loop 'SHIFT_WIN01_K' (src/ecg_denoiser.cpp:88:9) in function 'conv_layer01234_fused' completely with a factor of 6 (src/ecg_denoiser.cpp:7:0)
INFO: [HLS 214-186] Unrolling loop 'SHIFT_WIN01_OC' (src/ecg_denoiser.cpp:91:13) in function 'conv_layer01234_fused' completely with a factor of 64 (src/ecg_denoiser.cpp:7:0)
INFO: [HLS 214-186] Unrolling loop 'INSERT_WIN01_OC' (src/ecg_denoiser.cpp:97:9) in function 'conv_layer01234_fused' completely with a factor of 64 (src/ecg_denoiser.cpp:7:0)
INFO: [HLS 214-186] Unrolling loop 'SHIFT_WIN12_K' (src/ecg_denoiser.cpp:123:9) in function 'conv_layer01234_fused' completely with a factor of 4 (src/ecg_denoiser.cpp:7:0)
INFO: [HLS 214-186] Unrolling loop 'SHIFT_WIN12_OC' (src/ecg_denoiser.cpp:126:13) in function 'conv_layer01234_fused' completely with a factor of 128 (src/ecg_denoiser.cpp:7:0)
INFO: [HLS 214-186] Unrolling loop 'INSERT_WIN12_OC' (src/ecg_denoiser.cpp:132:9) in function 'conv_layer01234_fused' completely with a factor of 128 (src/ecg_denoiser.cpp:7:0)
INFO: [HLS 214-186] Unrolling loop 'SHIFT_WIN23_K' (src/ecg_denoiser.cpp:158:9) in function 'conv_layer01234_fused' completely with a factor of 2 (src/ecg_denoiser.cpp:7:0)
INFO: [HLS 214-186] Unrolling loop 'SHIFT_WIN23_OC' (src/ecg_denoiser.cpp:161:13) in function 'conv_layer01234_fused' completely with a factor of 64 (src/ecg_denoiser.cpp:7:0)
INFO: [HLS 214-186] Unrolling loop 'INSERT_WIN23_OC' (src/ecg_denoiser.cpp:167:9) in function 'conv_layer01234_fused' completely with a factor of 64 (src/ecg_denoiser.cpp:7:0)
INFO: [HLS 214-186] Unrolling loop 'SHIFT_WIN34_K' (src/ecg_denoiser.cpp:193:9) in function 'conv_layer01234_fused' completely with a factor of 6 (src/ecg_denoiser.cpp:7:0)
INFO: [HLS 214-186] Unrolling loop 'SHIFT_WIN34_OC' (src/ecg_denoiser.cpp:196:13) in function 'conv_layer01234_fused' completely with a factor of 32 (src/ecg_denoiser.cpp:7:0)
INFO: [HLS 214-186] Unrolling loop 'INSERT_WIN34_OC' (src/ecg_denoiser.cpp:202:9) in function 'conv_layer01234_fused' completely with a factor of 32 (src/ecg_denoiser.cpp:7:0)
INFO: [HLS 214-186] Unrolling loop 'INIT_WIN34_K' (src/ecg_denoiser.cpp:60:5) in function 'conv_layer01234_fused' completely with a factor of 7 (src/ecg_denoiser.cpp:7:0)
INFO: [HLS 214-186] Unrolling loop 'INIT_WIN34_OC' (src/ecg_denoiser.cpp:63:9) in function 'conv_layer01234_fused' completely with a factor of 32 (src/ecg_denoiser.cpp:7:0)
INFO: [HLS 214-186] Unrolling loop 'INIT_WIN23_K' (src/ecg_denoiser.cpp:51:5) in function 'conv_layer01234_fused' completely with a factor of 3 (src/ecg_denoiser.cpp:7:0)
INFO: [HLS 214-186] Unrolling loop 'INIT_WIN23_OC' (src/ecg_denoiser.cpp:54:9) in function 'conv_layer01234_fused' completely with a factor of 64 (src/ecg_denoiser.cpp:7:0)
INFO: [HLS 214-186] Unrolling loop 'INIT_WIN12_K' (src/ecg_denoiser.cpp:42:5) in function 'conv_layer01234_fused' completely with a factor of 5 (src/ecg_denoiser.cpp:7:0)
INFO: [HLS 214-186] Unrolling loop 'INIT_WIN12_OC' (src/ecg_denoiser.cpp:45:9) in function 'conv_layer01234_fused' completely with a factor of 128 (src/ecg_denoiser.cpp:7:0)
INFO: [HLS 214-186] Unrolling loop 'INIT_WIN01_K' (src/ecg_denoiser.cpp:33:5) in function 'conv_layer01234_fused' completely with a factor of 7 (src/ecg_denoiser.cpp:7:0)
INFO: [HLS 214-186] Unrolling loop 'INIT_WIN01_OC' (src/ecg_denoiser.cpp:36:9) in function 'conv_layer01234_fused' completely with a factor of 64 (src/ecg_denoiser.cpp:7:0)
INFO: [HLS 214-178] Inlining function 'relu(ap_fixed<32, 16, (ap_q_mode)5, (ap_o_mode)3, 0>)' into 'conv_layer01234_fused(ap_fixed<32, 16, (ap_q_mode)5, (ap_o_mode)3, 0>*, ap_fixed<32, 16, (ap_q_mode)5, (ap_o_mode)3, 0> (*) [1])' (src/ecg_denoiser.cpp:7:0)
INFO: [HLS 214-178] Inlining function 'ap_fixed_base<32, 16, true, (ap_q_mode)5, (ap_o_mode)3, 0>::ap_fixed_base(double)' into 'ecg_denoiser(hls::stream<hls::axis<ap_uint<32>, 1ul, 1ul, 1ul>, 0>&, hls::stream<hls::axis<ap_uint<32>, 1ul, 1ul, 1ul>, 0>&)' (src/ecg_denoiser.cpp:227:0)
INFO: [HLS 214-178] Inlining function 'hls::sqrt(float)' into 'ecg_denoiser(hls::stream<hls::axis<ap_uint<32>, 1ul, 1ul, 1ul>, 0>&, hls::stream<hls::axis<ap_uint<32>, 1ul, 1ul, 1ul>, 0>&)' (src/ecg_denoiser.cpp:227:0)
INFO: [HLS 214-248] Applying array_partition to 'win01': Complete partitioning on dimension 1. Cyclic partitioning with factor 2 on dimension 2. (src/ecg_denoiser.cpp:16:9)
INFO: [HLS 214-248] Applying array_partition to 'win12': Complete partitioning on dimension 1. (src/ecg_denoiser.cpp:20:9)
INFO: [HLS 214-248] Applying array_partition to 'win23': Complete partitioning on dimension 1. Cyclic partitioning with factor 2 on dimension 2. (src/ecg_denoiser.cpp:24:9)
INFO: [HLS 214-248] Applying array_partition to 'win34': Complete partitioning on dimension 1. Cyclic partitioning with factor 2 on dimension 2. (src/ecg_denoiser.cpp:28:9)
INFO: [HLS 214-248] Applying array_partition to 'l0_out': Cyclic partitioning with factor 2 on dimension 1. (src/ecg_denoiser.cpp:73:16)
INFO: [HLS 214-248] Applying array_partition to 'l1_out': Cyclic partitioning with factor 2 on dimension 1. (src/ecg_denoiser.cpp:103:16)
INFO: [HLS 214-248] Applying array_partition to 'l2_out': Cyclic partitioning with factor 2 on dimension 1. (src/ecg_denoiser.cpp:138:16)
INFO: [HLS 214-248] Applying array_partition to 'l3_out': Cyclic partitioning with factor 2 on dimension 1. (src/ecg_denoiser.cpp:173:16)
INFO: [HLS 214-248] Applying array_partition to 'input_buf': Cyclic partitioning with factor 2 on dimension 1. (src/ecg_denoiser.cpp:232:9)
INFO: [HLS 214-248] Applying array_partition to 'norm_buf': Cyclic partitioning with factor 2 on dimension 1. (src/ecg_denoiser.cpp:233:12)
INFO: [HLS 214-248] Applying array_partition to 'buf4': Complete partitioning on dimension 2. (src/ecg_denoiser.cpp:234:12)
INFO: [HLS 200-111] Finished Compiling Optimization and Transform: CPU user time: 3 seconds. CPU system time: 1 seconds. Elapsed time: 155.638 seconds; current allocated memory: 116.801 MB.
INFO: [HLS 200-111] Finished Checking Pragmas: CPU user time: 0 seconds. CPU system time: 0 seconds. Elapsed time: 0.012 seconds; current allocated memory: 116.910 MB.
INFO: [HLS 200-10] Starting code transformations ...
INFO: [HLS 200-111] Finished Standard Transforms: CPU user time: 127 seconds. CPU system time: 11 seconds. Elapsed time: 142.428 seconds; current allocated memory: 200.441 MB.
INFO: [HLS 200-10] Checking synthesizability ...
WARNING: [SYNCHK 200-120] C:/Xilinx/Vitis_HLS/2022.2/common/technology/autopilot\ap_fixed_base.h:1273: multiplication is assumed not to overflow by default, otherwise, please add option '-fwrapv'.
WARNING: [SYNCHK 200-23] C:/Xilinx/Vitis_HLS/2022.2/common/technology/autopilot\ap_fixed_base.h:1102: variable-indexed range selection may cause suboptimal QoR.
INFO: [SYNCHK 200-10] 0 error(s), 2 warning(s).
INFO: [HLS 200-111] Finished Checking Synthesizability: CPU user time: 92 seconds. CPU system time: 8 seconds. Elapsed time: 101.756 seconds; current allocated memory: 213.000 MB.
INFO: [XFORM 203-401] Performing if-conversion on hyperblock to (src/ecg_denoiser.cpp:272:5) in function 'ecg_denoiser'... converting 16 basic blocks.
INFO: [XFORM 203-401] Performing if-conversion on hyperblock from (src/ecg_denoiser.cpp:80:9) to (src/ecg_denoiser.cpp:79:13) in function 'conv_layer01234_fused'... converting 3 basic blocks.
INFO: [HLS 200-111] Finished Loop, function and other optimizations: CPU user time: 122 seconds. CPU system time: 12 seconds. Elapsed time: 138.962 seconds; current allocated memory: 259.801 MB.
WARNING: [HLS 200-960] Cannot flatten loop 'L0_OC' (src/ecg_denoiser.cpp:76:18) in function 'conv_layer01234_fused' the outer loop is not a perfect loop because there is nontrivial logic before entering the inner loop.
INFO: [XFORM 203-541] Flattening a loop nest 'L1_IC' (src/ecg_denoiser.cpp:107:19) in function 'conv_layer01234_fused'.
WARNING: [HLS 200-960] Cannot flatten loop 'L1_OC_GROUP' (src/ecg_denoiser.cpp:106:18) in function 'conv_layer01234_fused' the outer loop is not a perfect loop because there is nontrivial logic in the loop latch.
INFO: [XFORM 203-541] Flattening a loop nest 'L2_IC' (src/ecg_denoiser.cpp:142:19) in function 'conv_layer01234_fused'.
WARNING: [HLS 200-960] Cannot flatten loop 'L2_OC_GROUP' (src/ecg_denoiser.cpp:141:18) in function 'conv_layer01234_fused' the outer loop is not a perfect loop because there is nontrivial logic in the loop latch.
INFO: [XFORM 203-541] Flattening a loop nest 'L3_IC' (src/ecg_denoiser.cpp:177:19) in function 'conv_layer01234_fused'.
WARNING: [HLS 200-960] Cannot flatten loop 'L3_OC_GROUP' (src/ecg_denoiser.cpp:176:18) in function 'conv_layer01234_fused' the outer loop is not a perfect loop because there is nontrivial logic in the loop latch.
INFO: [XFORM 203-541] Flattening a loop nest 'L4_IC' (src/ecg_denoiser.cpp:210:19) in function 'conv_layer01234_fused'.
WARNING: [HLS 200-960] Cannot flatten loop 'FUSED_T' (src/ecg_denoiser.cpp:73:16) in function 'conv_layer01234_fused' more than one sub loop.
INFO: [HLS 200-472] Inferring partial write operation for 'input_buf.V' 
INFO: [HLS 200-472] Inferring partial write operation for 'norm_buf.V' (src/ecg_denoiser.cpp:274:14)
INFO: [HLS 200-472] Inferring partial write operation for 'win01.V.2' (src/ecg_denoiser.cpp:38:15)
INFO: [HLS 200-472] Inferring partial write operation for 'win12.V.1' (src/ecg_denoiser.cpp:47:15)
INFO: [HLS 200-472] Inferring partial write operation for 'win23.V.2' (src/ecg_denoiser.cpp:56:15)
INFO: [HLS 200-472] Inferring partial write operation for 'win34.V.2' (src/ecg_denoiser.cpp:65:15)
INFO: [HLS 200-472] Inferring partial write operation for 'l0_out.V' (src/ecg_denoiser.cpp:85:24)
INFO: [HLS 200-472] Inferring partial write operation for 'win01.V.2' (src/ecg_denoiser.cpp:93:15)
INFO: [HLS 200-472] Inferring partial write operation for 'win01.V.10' (src/ecg_denoiser.cpp:99:24)
INFO: [HLS 200-472] Inferring partial write operation for 'l1_out.V' (src/ecg_denoiser.cpp:119:31)
INFO: [HLS 200-472] Inferring partial write operation for 'l1_out.V.1' (src/ecg_denoiser.cpp:120:31)
INFO: [HLS 200-472] Inferring partial write operation for 'win12.V.1' (src/ecg_denoiser.cpp:128:15)
INFO: [HLS 200-472] Inferring partial write operation for 'win12.V.3' (src/ecg_denoiser.cpp:134:24)
INFO: [HLS 200-472] Inferring partial write operation for 'l2_out.V' (src/ecg_denoiser.cpp:154:31)
INFO: [HLS 200-472] Inferring partial write operation for 'l2_out.V.1' (src/ecg_denoiser.cpp:155:31)
INFO: [HLS 200-472] Inferring partial write operation for 'win23.V.2' (src/ecg_denoiser.cpp:163:15)
INFO: [HLS 200-472] Inferring partial write operation for 'win23.V.4' (src/ecg_denoiser.cpp:169:24)
INFO: [HLS 200-472] Inferring partial write operation for 'l3_out.V' (src/ecg_denoiser.cpp:189:31)
INFO: [HLS 200-472] Inferring partial write operation for 'l3_out.V.1' (src/ecg_denoiser.cpp:190:31)
INFO: [HLS 200-472] Inferring partial write operation for 'win34.V.2' (src/ecg_denoiser.cpp:198:15)
INFO: [HLS 200-472] Inferring partial write operation for 'win34.V.10' (src/ecg_denoiser.cpp:204:24)
INFO: [HLS 200-472] Inferring partial write operation for 'out' (src/ecg_denoiser.cpp:220:24)
INFO: [HLS 200-111] Finished Architecture Synthesis: CPU user time: 22 seconds. CPU system time: 1 seconds. Elapsed time: 25.418 seconds; current allocated memory: 423.844 MB.
INFO: [HLS 200-10] Starting hardware synthesis ...
INFO: [HLS 200-10] Synthesizing 'ecg_denoiser' ...
INFO: [HLS 200-10] ----------------------------------------------------------------
INFO: [HLS 200-42] -- Implementing module 'ecg_denoiser_Pipeline_READ_INPUT' 
INFO: [HLS 200-10] ----------------------------------------------------------------
INFO: [SCHED 204-11] Starting scheduling ...
INFO: [SCHED 204-61] Pipelining loop 'READ_INPUT'.
INFO: [HLS 200-1470] Pipelining result : Target II = 1, Final II = 1, Depth = 1, loop 'READ_INPUT'
INFO: [SCHED 204-11] Finished scheduling.
INFO: [HLS 200-111] Finished Scheduling: CPU user time: 2 seconds. CPU system time: 0 seconds. Elapsed time: 3.243 seconds; current allocated memory: 423.844 MB.
INFO: [BIND 205-100] Starting micro-architecture generation ...
INFO: [BIND 205-101] Performing variable lifetime analysis.
INFO: [BIND 205-101] Exploring resource sharing.
INFO: [BIND 205-101] Binding ...
INFO: [BIND 205-100] Finished micro-architecture generation.
INFO: [HLS 200-111] Finished Binding: CPU user time: 0 seconds. CPU system time: 0 seconds. Elapsed time: 0.209 seconds; current allocated memory: 423.844 MB.
INFO: [HLS 200-10] ----------------------------------------------------------------
INFO: [HLS 200-42] -- Implementing module 'ecg_denoiser_Pipeline_ZNORM_MEAN' 
INFO: [HLS 200-10] ----------------------------------------------------------------
INFO: [SCHED 204-11] Starting scheduling ...
INFO: [SCHED 204-61] Pipelining loop 'ZNORM_MEAN'.
INFO: [HLS 200-1470] Pipelining result : Target II = 1, Final II = 1, Depth = 2, loop 'ZNORM_MEAN'
INFO: [SCHED 204-11] Finished scheduling.
INFO: [HLS 200-111] Finished Scheduling: CPU user time: 1 seconds. CPU system time: 0 seconds. Elapsed time: 0.244 seconds; current allocated memory: 423.844 MB.
INFO: [BIND 205-100] Starting micro-architecture generation ...
INFO: [BIND 205-101] Performing variable lifetime analysis.
INFO: [BIND 205-101] Exploring resource sharing.
INFO: [BIND 205-101] Binding ...
INFO: [BIND 205-100] Finished micro-architecture generation.
INFO: [HLS 200-111] Finished Binding: CPU user time: 0 seconds. CPU system time: 0 seconds. Elapsed time: 0.155 seconds; current allocated memory: 423.844 MB.
INFO: [HLS 200-10] ----------------------------------------------------------------
INFO: [HLS 200-42] -- Implementing module 'ecg_denoiser_Pipeline_ZNORM_VAR' 
INFO: [HLS 200-10] ----------------------------------------------------------------
INFO: [SCHED 204-11] Starting scheduling ...
INFO: [SCHED 204-61] Pipelining loop 'ZNORM_VAR'.
INFO: [HLS 200-1470] Pipelining result : Target II = 1, Final II = 1, Depth = 4, loop 'ZNORM_VAR'
INFO: [SCHED 204-11] Finished scheduling.
INFO: [HLS 200-111] Finished Scheduling: CPU user time: 0 seconds. CPU system time: 0 seconds. Elapsed time: 0.239 seconds; current allocated memory: 423.844 MB.
INFO: [BIND 205-100] Starting micro-architecture generation ...
INFO: [BIND 205-101] Performing variable lifetime analysis.
INFO: [BIND 205-101] Exploring resource sharing.
INFO: [BIND 205-101] Binding ...
INFO: [BIND 205-100] Finished micro-architecture generation.
INFO: [HLS 200-111] Finished Binding: CPU user time: 0 seconds. CPU system time: 0 seconds. Elapsed time: 0.16 seconds; current allocated memory: 423.844 MB.
INFO: [HLS 200-10] ----------------------------------------------------------------
INFO: [HLS 200-42] -- Implementing module 'ecg_denoiser_Pipeline_ZNORM_APPLY' 
INFO: [HLS 200-10] ----------------------------------------------------------------
INFO: [SCHED 204-11] Starting scheduling ...
INFO: [SCHED 204-61] Pipelining loop 'ZNORM_APPLY'.
INFO: [HLS 200-1470] Pipelining result : Target II = 1, Final II = 1, Depth = 3, loop 'ZNORM_APPLY'
INFO: [SCHED 204-11] Finished scheduling.
INFO: [HLS 200-111] Finished Scheduling: CPU user time: 0 seconds. CPU system time: 0 seconds. Elapsed time: 0.195 seconds; current allocated memory: 423.844 MB.
INFO: [BIND 205-100] Starting micro-architecture generation ...
INFO: [BIND 205-101] Performing variable lifetime analysis.
INFO: [BIND 205-101] Exploring resource sharing.
INFO: [BIND 205-101] Binding ...
INFO: [BIND 205-100] Finished micro-architecture generation.
INFO: [HLS 200-111] Finished Binding: CPU user time: 0 seconds. CPU system time: 0 seconds. Elapsed time: 0.152 seconds; current allocated memory: 423.844 MB.
INFO: [HLS 200-10] ----------------------------------------------------------------
INFO: [HLS 200-42] -- Implementing module 'conv_layer01234_fused_Pipeline_L0_K' 
INFO: [HLS 200-10] ----------------------------------------------------------------
INFO: [SCHED 204-11] Starting scheduling ...
INFO: [SCHED 204-61] Pipelining loop 'L0_K'.
INFO: [HLS 200-1470] Pipelining result : Target II = 1, Final II = 1, Depth = 4, loop 'L0_K'
INFO: [SCHED 204-11] Finished scheduling.
INFO: [HLS 200-111] Finished Scheduling: CPU user time: 0 seconds. CPU system time: 0 seconds. Elapsed time: 0.307 seconds; current allocated memory: 423.844 MB.
INFO: [BIND 205-100] Starting micro-architecture generation ...
INFO: [BIND 205-101] Performing variable lifetime analysis.
INFO: [BIND 205-101] Exploring resource sharing.
INFO: [BIND 205-101] Binding ...
INFO: [BIND 205-100] Finished micro-architecture generation.
INFO: [HLS 200-111] Finished Binding: CPU user time: 0 seconds. CPU system time: 0 seconds. Elapsed time: 0.266 seconds; current allocated memory: 423.844 MB.
INFO: [HLS 200-10] ----------------------------------------------------------------
INFO: [HLS 200-42] -- Implementing module 'conv_layer01234_fused_Pipeline_L1_IC_L1_K' 
INFO: [HLS 200-10] ----------------------------------------------------------------
INFO: [SCHED 204-11] Starting scheduling ...
INFO: [SCHED 204-61] Pipelining loop 'L1_IC_L1_K'.
INFO: [HLS 200-1470] Pipelining result : Target II = 1, Final II = 1, Depth = 5, loop 'L1_IC_L1_K'
INFO: [SCHED 204-11] Finished scheduling.
INFO: [HLS 200-111] Finished Scheduling: CPU user time: 1 seconds. CPU system time: 0 seconds. Elapsed time: 0.453 seconds; current allocated memory: 423.844 MB.
INFO: [BIND 205-100] Starting micro-architecture generation ...
INFO: [BIND 205-101] Performing variable lifetime analysis.
INFO: [BIND 205-101] Exploring resource sharing.
INFO: [BIND 205-101] Binding ...
INFO: [BIND 205-100] Finished micro-architecture generation.
INFO: [HLS 200-111] Finished Binding: CPU user time: 0 seconds. CPU system time: 0 seconds. Elapsed time: 0.357 seconds; current allocated memory: 423.844 MB.
INFO: [HLS 200-10] ----------------------------------------------------------------
INFO: [HLS 200-42] -- Implementing module 'conv_layer01234_fused_Pipeline_L2_IC_L2_K' 
INFO: [HLS 200-10] ----------------------------------------------------------------
INFO: [SCHED 204-11] Starting scheduling ...
INFO: [SCHED 204-61] Pipelining loop 'L2_IC_L2_K'.
INFO: [HLS 200-1470] Pipelining result : Target II = 1, Final II = 1, Depth = 4, loop 'L2_IC_L2_K'
INFO: [SCHED 204-11] Finished scheduling.
INFO: [HLS 200-111] Finished Scheduling: CPU user time: 0 seconds. CPU system time: 1 seconds. Elapsed time: 0.644 seconds; current allocated memory: 423.844 MB.
INFO: [BIND 205-100] Starting micro-architecture generation ...
INFO: [BIND 205-101] Performing variable lifetime analysis.
INFO: [BIND 205-101] Exploring resource sharing.
INFO: [BIND 205-101] Binding ...
INFO: [BIND 205-100] Finished micro-architecture generation.
INFO: [HLS 200-111] Finished Binding: CPU user time: 1 seconds. CPU system time: 0 seconds. Elapsed time: 0.231 seconds; current allocated memory: 423.844 MB.
INFO: [HLS 200-10] ----------------------------------------------------------------
INFO: [HLS 200-42] -- Implementing module 'conv_layer01234_fused_Pipeline_L3_IC_L3_K' 
INFO: [HLS 200-10] ----------------------------------------------------------------
INFO: [SCHED 204-11] Starting scheduling ...
INFO: [SCHED 204-61] Pipelining loop 'L3_IC_L3_K'.
INFO: [HLS 200-1470] Pipelining result : Target II = 1, Final II = 1, Depth = 4, loop 'L3_IC_L3_K'
INFO: [SCHED 204-11] Finished scheduling.
INFO: [HLS 200-111] Finished Scheduling: CPU user time: 0 seconds. CPU system time: 0 seconds. Elapsed time: 0.409 seconds; current allocated memory: 423.844 MB.
INFO: [BIND 205-100] Starting micro-architecture generation ...
INFO: [BIND 205-101] Performing variable lifetime analysis.
INFO: [BIND 205-101] Exploring resource sharing.
INFO: [BIND 205-101] Binding ...
INFO: [BIND 205-100] Finished micro-architecture generation.
INFO: [HLS 200-111] Finished Binding: CPU user time: 0 seconds. CPU system time: 0 seconds. Elapsed time: 0.245 seconds; current allocated memory: 423.844 MB.
INFO: [HLS 200-10] ----------------------------------------------------------------
INFO: [HLS 200-42] -- Implementing module 'conv_layer01234_fused_Pipeline_L4_IC_L4_K' 
INFO: [HLS 200-10] ----------------------------------------------------------------
INFO: [SCHED 204-11] Starting scheduling ...
INFO: [SCHED 204-61] Pipelining loop 'L4_IC_L4_K'.
INFO: [HLS 200-1470] Pipelining result : Target II = 1, Final II = 1, Depth = 4, loop 'L4_IC_L4_K'
INFO: [SCHED 204-11] Finished scheduling.
INFO: [HLS 200-111] Finished Scheduling: CPU user time: 0 seconds. CPU system time: 0 seconds. Elapsed time: 0.438 seconds; current allocated memory: 423.844 MB.
INFO: [BIND 205-100] Starting micro-architecture generation ...
INFO: [BIND 205-101] Performing variable lifetime analysis.
INFO: [BIND 205-101] Exploring resource sharing.
INFO: [BIND 205-101] Binding ...
INFO: [BIND 205-100] Finished micro-architecture generation.
INFO: [HLS 200-111] Finished Binding: CPU user time: 1 seconds. CPU system time: 0 seconds. Elapsed time: 0.232 seconds; current allocated memory: 423.844 MB.
INFO: [HLS 200-10] ----------------------------------------------------------------
INFO: [HLS 200-42] -- Implementing module 'conv_layer01234_fused' 
INFO: [HLS 200-10] ----------------------------------------------------------------
INFO: [SCHED 204-11] Starting scheduling ...
INFO: [SCHED 204-11] Finished scheduling.
INFO: [HLS 200-111] Finished Scheduling: CPU user time: 7 seconds. CPU system time: 0 seconds. Elapsed time: 7.905 seconds; current allocated memory: 441.367 MB.
INFO: [BIND 205-100] Starting micro-architecture generation ...
INFO: [BIND 205-101] Performing variable lifetime analysis.
INFO: [BIND 205-101] Exploring resource sharing.
INFO: [BIND 205-101] Binding ...
INFO: [BIND 205-100] Finished micro-architecture generation.
INFO: [HLS 200-111] Finished Binding: CPU user time: 5 seconds. CPU system time: 0 seconds. Elapsed time: 5.704 seconds; current allocated memory: 441.367 MB.
INFO: [HLS 200-10] ----------------------------------------------------------------
INFO: [HLS 200-42] -- Implementing module 'ecg_denoiser_Pipeline_WRITE_OUTPUT' 
INFO: [HLS 200-10] ----------------------------------------------------------------
INFO: [SCHED 204-11] Starting scheduling ...
INFO: [SCHED 204-61] Pipelining loop 'WRITE_OUTPUT'.
INFO: [HLS 200-1470] Pipelining result : Target II = 1, Final II = 1, Depth = 2, loop 'WRITE_OUTPUT'
INFO: [SCHED 204-11] Finished scheduling.
INFO: [HLS 200-111] Finished Scheduling: CPU user time: 3 seconds. CPU system time: 1 seconds. Elapsed time: 3.928 seconds; current allocated memory: 441.367 MB.
INFO: [BIND 205-100] Starting micro-architecture generation ...
INFO: [BIND 205-101] Performing variable lifetime analysis.
INFO: [BIND 205-101] Exploring resource sharing.
INFO: [BIND 205-101] Binding ...
INFO: [BIND 205-100] Finished micro-architecture generation.
INFO: [HLS 200-111] Finished Binding: CPU user time: 1 seconds. CPU system time: 0 seconds. Elapsed time: 0.128 seconds; current allocated memory: 441.367 MB.
INFO: [HLS 200-10] ----------------------------------------------------------------
INFO: [HLS 200-42] -- Implementing module 'ecg_denoiser' 
INFO: [HLS 200-10] ----------------------------------------------------------------
INFO: [SCHED 204-11] Starting scheduling ...
INFO: [SCHED 204-11] Finished scheduling.
INFO: [HLS 200-111] Finished Scheduling: CPU user time: 0 seconds. CPU system time: 0 seconds. Elapsed time: 0.429 seconds; current allocated memory: 441.367 MB.
INFO: [BIND 205-100] Starting micro-architecture generation ...
INFO: [BIND 205-101] Performing variable lifetime analysis.
INFO: [BIND 205-101] Exploring resource sharing.
INFO: [BIND 205-101] Binding ...
INFO: [BIND 205-100] Finished micro-architecture generation.
INFO: [HLS 200-111] Finished Binding: CPU user time: 1 seconds. CPU system time: 0 seconds. Elapsed time: 0.954 seconds; current allocated memory: 441.367 MB.
INFO: [HLS 200-10] ----------------------------------------------------------------
INFO: [HLS 200-10] -- Generating RTL for module 'ecg_denoiser_Pipeline_READ_INPUT' 
INFO: [HLS 200-10] ----------------------------------------------------------------
INFO: [RTGEN 206-100] Finished creating RTL model for 'ecg_denoiser_Pipeline_READ_INPUT'.
INFO: [HLS 200-111] Finished Creating RTL model: CPU user time: 1 seconds. CPU system time: 0 seconds. Elapsed time: 0.966 seconds; current allocated memory: 442.098 MB.
INFO: [HLS 200-10] ----------------------------------------------------------------
INFO: [HLS 200-10] -- Generating RTL for module 'ecg_denoiser_Pipeline_ZNORM_MEAN' 
INFO: [HLS 200-10] ----------------------------------------------------------------
INFO: [HLS 200-1030] Apply Unified Pipeline Control on module 'ecg_denoiser_Pipeline_ZNORM_MEAN' pipeline 'ZNORM_MEAN' pipeline type 'loop pipeline'
INFO: [RTGEN 206-100] Generating core module 'mux_21_32_1_1': 1 instance(s).
INFO: [RTGEN 206-100] Finished creating RTL model for 'ecg_denoiser_Pipeline_ZNORM_MEAN'.
INFO: [HLS 200-111] Finished Creating RTL model: CPU user time: 0 seconds. CPU system time: 0 seconds. Elapsed time: 0.263 seconds; current allocated memory: 443.406 MB.
INFO: [HLS 200-10] ----------------------------------------------------------------
INFO: [HLS 200-10] -- Generating RTL for module 'ecg_denoiser_Pipeline_ZNORM_VAR' 
INFO: [HLS 200-10] ----------------------------------------------------------------
INFO: [HLS 200-1030] Apply Unified Pipeline Control on module 'ecg_denoiser_Pipeline_ZNORM_VAR' pipeline 'ZNORM_VAR' pipeline type 'loop pipeline'
INFO: [RTGEN 206-100] Generating core module 'mul_40s_40s_72_1_1': 1 instance(s).
INFO: [RTGEN 206-100] Generating core module 'mux_21_32_1_1': 1 instance(s).
INFO: [RTGEN 206-100] Finished creating RTL model for 'ecg_denoiser_Pipeline_ZNORM_VAR'.
INFO: [HLS 200-111] Finished Creating RTL model: CPU user time: 0 seconds. CPU system time: 0 seconds. Elapsed time: 0.319 seconds; current allocated memory: 443.609 MB.
INFO: [HLS 200-10] ----------------------------------------------------------------
INFO: [HLS 200-10] -- Generating RTL for module 'ecg_denoiser_Pipeline_ZNORM_APPLY' 
INFO: [HLS 200-10] ----------------------------------------------------------------
INFO: [HLS 200-1030] Apply Unified Pipeline Control on module 'ecg_denoiser_Pipeline_ZNORM_APPLY' pipeline 'ZNORM_APPLY' pipeline type 'loop pipeline'
INFO: [RTGEN 206-100] Generating core module 'mul_33s_32s_48_1_1': 1 instance(s).
INFO: [RTGEN 206-100] Generating core module 'mux_21_32_1_1': 1 instance(s).
INFO: [RTGEN 206-100] Finished creating RTL model for 'ecg_denoiser_Pipeline_ZNORM_APPLY'.
INFO: [HLS 200-111] Finished Creating RTL model: CPU user time: 0 seconds. CPU system time: 0 seconds. Elapsed time: 0.301 seconds; current allocated memory: 443.891 MB.
INFO: [HLS 200-10] ----------------------------------------------------------------
INFO: [HLS 200-10] -- Generating RTL for module 'conv_layer01234_fused_Pipeline_L0_K' 
INFO: [HLS 200-10] ----------------------------------------------------------------
INFO: [HLS 200-1030] Apply Unified Pipeline Control on module 'conv_layer01234_fused_Pipeline_L0_K' pipeline 'L0_K' pipeline type 'loop pipeline'
INFO: [RTGEN 206-100] Generating core module 'mul_24s_40s_63_1_1': 1 instance(s).
INFO: [RTGEN 206-100] Generating core module 'mux_21_32_1_1': 1 instance(s).
INFO: [RTGEN 206-100] Finished creating RTL model for 'conv_layer01234_fused_Pipeline_L0_K'.
INFO: [RTMG 210-279] Implementing memory 'ecg_denoiser_conv_layer01234_fused_Pipeline_L0_K_denoiser_w_L0_W_V_ROM_NP_LUTRAM_1R' using distributed ROMs.
INFO: [HLS 200-111] Finished Creating RTL model: CPU user time: 0 seconds. CPU system time: 0 seconds. Elapsed time: 0.406 seconds; current allocated memory: 444.414 MB.
INFO: [HLS 200-10] ----------------------------------------------------------------
INFO: [HLS 200-10] -- Generating RTL for module 'conv_layer01234_fused_Pipeline_L1_IC_L1_K' 
INFO: [HLS 200-10] ----------------------------------------------------------------
INFO: [HLS 200-1030] Apply Unified Pipeline Control on module 'conv_layer01234_fused_Pipeline_L1_IC_L1_K' pipeline 'L1_IC_L1_K' pipeline type 'loop pipeline'
INFO: [RTGEN 206-100] Generating core module 'mul_23s_40s_62_1_1': 2 instance(s).
INFO: [RTGEN 206-100] Generating core module 'mux_21_31_1_1': 12 instance(s).
INFO: [RTGEN 206-100] Generating core module 'mux_21_32_1_1': 2 instance(s).
INFO: [RTGEN 206-100] Generating core module 'mux_73_32_1_1': 1 instance(s).
INFO: [RTGEN 206-100] Finished creating RTL model for 'conv_layer01234_fused_Pipeline_L1_IC_L1_K'.
INFO: [RTMG 210-279] Implementing memory 'ecg_denoiser_conv_layer01234_fused_Pipeline_L1_IC_L1_K_denoiser_w_L1_W_V_ROM_NP_BRAM_1R' using block ROMs.
INFO: [HLS 200-111] Finished Creating RTL model: CPU user time: 1 seconds. CPU system time: 0 seconds. Elapsed time: 0.61 seconds; current allocated memory: 455.602 MB.
INFO: [HLS 200-10] ----------------------------------------------------------------
INFO: [HLS 200-10] -- Generating RTL for module 'conv_layer01234_fused_Pipeline_L2_IC_L2_K' 
INFO: [HLS 200-10] ----------------------------------------------------------------
INFO: [HLS 200-1030] Apply Unified Pipeline Control on module 'conv_layer01234_fused_Pipeline_L2_IC_L2_K' pipeline 'L2_IC_L2_K' pipeline type 'loop pipeline'
INFO: [RTGEN 206-100] Generating core module 'mul_23s_40s_62_1_1': 2 instance(s).
INFO: [RTGEN 206-100] Generating core module 'mux_53_32_1_1': 1 instance(s).
INFO: [RTGEN 206-100] Finished creating RTL model for 'conv_layer01234_fused_Pipeline_L2_IC_L2_K'.
INFO: [RTMG 210-279] Implementing memory 'ecg_denoiser_conv_layer01234_fused_Pipeline_L2_IC_L2_K_denoiser_w_L2_W_V_ROM_NP_LUTRAM_1R' using distributed ROMs.
INFO: [HLS 200-111] Finished Creating RTL model: CPU user time: 0 seconds. CPU system time: 0 seconds. Elapsed time: 0.704 seconds; current allocated memory: 456.758 MB.
INFO: [HLS 200-10] ----------------------------------------------------------------
INFO: [HLS 200-10] -- Generating RTL for module 'conv_layer01234_fused_Pipeline_L3_IC_L3_K' 
INFO: [HLS 200-10] ----------------------------------------------------------------
INFO: [HLS 200-1030] Apply Unified Pipeline Control on module 'conv_layer01234_fused_Pipeline_L3_IC_L3_K' pipeline 'L3_IC_L3_K' pipeline type 'loop pipeline'
INFO: [RTGEN 206-100] Generating core module 'mul_23s_39ns_62_1_1': 2 instance(s).
INFO: [RTGEN 206-100] Generating core module 'mux_21_31_1_1': 6 instance(s).
INFO: [RTGEN 206-100] Generating core module 'mux_32_31_1_1': 1 instance(s).
INFO: [RTGEN 206-100] Finished creating RTL model for 'conv_layer01234_fused_Pipeline_L3_IC_L3_K'.
INFO: [RTMG 210-279] Implementing memory 'ecg_denoiser_conv_layer01234_fused_Pipeline_L3_IC_L3_K_denoiser_w_L3_W_V_ROM_NP_LUTRAM_1R' using distributed ROMs.
INFO: [HLS 200-111] Finished Creating RTL model: CPU user time: 1 seconds. CPU system time: 0 seconds. Elapsed time: 0.553 seconds; current allocated memory: 456.758 MB.
INFO: [HLS 200-10] ----------------------------------------------------------------
INFO: [HLS 200-10] -- Generating RTL for module 'conv_layer01234_fused_Pipeline_L4_IC_L4_K' 
INFO: [HLS 200-10] ----------------------------------------------------------------
INFO: [HLS 200-1030] Apply Unified Pipeline Control on module 'conv_layer01234_fused_Pipeline_L4_IC_L4_K' pipeline 'L4_IC_L4_K' pipeline type 'loop pipeline'
INFO: [RTGEN 206-100] Generating core module 'mul_23s_40s_62_1_1': 1 instance(s).
INFO: [RTGEN 206-100] Generating core module 'mux_21_31_1_1': 12 instance(s).
INFO: [RTGEN 206-100] Generating core module 'mux_21_32_1_1': 2 instance(s).
INFO: [RTGEN 206-100] Generating core module 'mux_73_32_1_1': 1 instance(s).
INFO: [RTGEN 206-100] Finished creating RTL model for 'conv_layer01234_fused_Pipeline_L4_IC_L4_K'.
INFO: [RTMG 210-279] Implementing memory 'ecg_denoiser_conv_layer01234_fused_Pipeline_L4_IC_L4_K_denoiser_w_L4_W_V_ROM_NP_LUTRAM_1R' using distributed ROMs.
INFO: [HLS 200-111] Finished Creating RTL model: CPU user time: 0 seconds. CPU system time: 1 seconds. Elapsed time: 0.795 seconds; current allocated memory: 456.758 MB.
INFO: [HLS 200-10] ----------------------------------------------------------------
INFO: [HLS 200-10] -- Generating RTL for module 'conv_layer01234_fused' 
INFO: [HLS 200-10] ----------------------------------------------------------------
INFO: [RTGEN 206-100] Finished creating RTL model for 'conv_layer01234_fused'.
INFO: [RTMG 210-279] Implementing memory 'ecg_denoiser_conv_layer01234_fused_denoiser_w_L0_b_V_ROM_AUTO_1R' using auto ROMs.
INFO: [RTMG 210-279] Implementing memory 'ecg_denoiser_conv_layer01234_fused_denoiser_w_L1_b_V_ROM_AUTO_1R' using auto ROMs.
INFO: [RTMG 210-279] Implementing memory 'ecg_denoiser_conv_layer01234_fused_denoiser_w_L2_b_V_ROM_AUTO_1R' using auto ROMs.
INFO: [RTMG 210-279] Implementing memory 'ecg_denoiser_conv_layer01234_fused_denoiser_w_L3_b_V_ROM_AUTO_1R' using auto ROMs.
INFO: [RTMG 210-278] Implementing memory 'ecg_denoiser_conv_layer01234_fused_win01_V_RAM_AUTO_1R1W' using auto RAMs.
INFO: [RTMG 210-278] Implementing memory 'ecg_denoiser_conv_layer01234_fused_win01_V_2_RAM_AUTO_1R1W' using auto RAMs.
INFO: [RTMG 210-278] Implementing memory 'ecg_denoiser_conv_layer01234_fused_win12_V_RAM_AUTO_1R1W' using auto RAMs.
INFO: [RTMG 210-278] Implementing memory 'ecg_denoiser_conv_layer01234_fused_win12_V_1_RAM_AUTO_1R1W' using auto RAMs.
INFO: [RTMG 210-278] Implementing memory 'ecg_denoiser_conv_layer01234_fused_win34_V_RAM_AUTO_1R1W' using auto RAMs.
INFO: [RTMG 210-278] Implementing memory 'ecg_denoiser_conv_layer01234_fused_l0_out_V_RAM_AUTO_1R1W' using auto RAMs.
INFO: [RTMG 210-278] Implementing memory 'ecg_denoiser_conv_layer01234_fused_l1_out_V_RAM_AUTO_1R1W' using auto RAMs.
INFO: [RTMG 210-278] Implementing memory 'ecg_denoiser_conv_layer01234_fused_l3_out_V_RAM_AUTO_1R1W' using auto RAMs.
INFO: [HLS 200-111] Finished Creating RTL model: CPU user time: 2 seconds. CPU system time: 0 seconds. Elapsed time: 2.408 seconds; current allocated memory: 472.988 MB.
INFO: [HLS 200-10] ----------------------------------------------------------------
INFO: [HLS 200-10] -- Generating RTL for module 'ecg_denoiser_Pipeline_WRITE_OUTPUT' 
INFO: [HLS 200-10] ----------------------------------------------------------------
INFO: [HLS 200-1030] Apply Unified Pipeline Control on module 'ecg_denoiser_Pipeline_WRITE_OUTPUT' pipeline 'WRITE_OUTPUT' pipeline type 'loop pipeline'
INFO: [RTGEN 206-100] Finished creating RTL model for 'ecg_denoiser_Pipeline_WRITE_OUTPUT'.
INFO: [HLS 200-111] Finished Creating RTL model: CPU user time: 4 seconds. CPU system time: 2 seconds. Elapsed time: 6.45 seconds; current allocated memory: 538.016 MB.
INFO: [HLS 200-10] ----------------------------------------------------------------
INFO: [HLS 200-10] -- Generating RTL for module 'ecg_denoiser' 
INFO: [HLS 200-10] ----------------------------------------------------------------
WARNING: [RTGEN 206-101] Design contains AXI ports. Reset is fixed to synchronous and active low.
INFO: [RTGEN 206-500] Setting interface mode on port 'ecg_denoiser/in_stream_V_data_V' to 'axis' (register, both mode).
INFO: [RTGEN 206-500] Setting interface mode on port 'ecg_denoiser/in_stream_V_keep_V' to 'axis' (register, both mode).
INFO: [RTGEN 206-500] Setting interface mode on port 'ecg_denoiser/in_stream_V_strb_V' to 'axis' (register, both mode).
INFO: [RTGEN 206-500] Setting interface mode on port 'ecg_denoiser/in_stream_V_user_V' to 'axis' (register, both mode).
INFO: [RTGEN 206-500] Setting interface mode on port 'ecg_denoiser/in_stream_V_last_V' to 'axis' (register, both mode).
INFO: [RTGEN 206-500] Setting interface mode on port 'ecg_denoiser/in_stream_V_id_V' to 'axis' (register, both mode).
INFO: [RTGEN 206-500] Setting interface mode on port 'ecg_denoiser/in_stream_V_dest_V' to 'axis' (register, both mode).
INFO: [RTGEN 206-500] Setting interface mode on port 'ecg_denoiser/out_stream_V_data_V' to 'axis' (register, both mode).
INFO: [RTGEN 206-500] Setting interface mode on port 'ecg_denoiser/out_stream_V_keep_V' to 'axis' (register, both mode).
INFO: [RTGEN 206-500] Setting interface mode on port 'ecg_denoiser/out_stream_V_strb_V' to 'axis' (register, both mode).
INFO: [RTGEN 206-500] Setting interface mode on port 'ecg_denoiser/out_stream_V_user_V' to 'axis' (register, both mode).
INFO: [RTGEN 206-500] Setting interface mode on port 'ecg_denoiser/out_stream_V_last_V' to 'axis' (register, both mode).
INFO: [RTGEN 206-500] Setting interface mode on port 'ecg_denoiser/out_stream_V_id_V' to 'axis' (register, both mode).
INFO: [RTGEN 206-500] Setting interface mode on port 'ecg_denoiser/out_stream_V_dest_V' to 'axis' (register, both mode).
INFO: [RTGEN 206-500] Setting interface mode on function 'ecg_denoiser' to 'ap_ctrl_hs'.
INFO: [RTGEN 206-100] Generating core module 'fcmp_32ns_32ns_1_2_no_dsp_1': 1 instance(s).
INFO: [RTGEN 206-100] Generating core module 'fpext_32ns_64_2_no_dsp_1': 1 instance(s).
INFO: [RTGEN 206-100] Generating core module 'fsqrt_32ns_32ns_32_10_no_dsp_1': 1 instance(s).
INFO: [RTGEN 206-100] Generating core module 'mul_48s_9ns_56_1_1': 2 instance(s).
INFO: [RTGEN 206-100] Generating core module 'sdiv_34ns_32s_32_38_seq_1': 1 instance(s).
INFO: [RTGEN 206-100] Finished creating RTL model for 'ecg_denoiser'.
INFO: [RTMG 210-278] Implementing memory 'ecg_denoiser_input_buf_V_RAM_1P_LUTRAM_1R1W' using distributed RAMs.
INFO: [RTMG 210-278] Implementing memory 'ecg_denoiser_buf41210_RAM_AUTO_1R1W' using auto RAMs.
INFO: [HLS 200-111] Finished Creating RTL model: CPU user time: 0 seconds. CPU system time: 0 seconds. Elapsed time: 1.053 seconds; current allocated memory: 538.016 MB.
INFO: [HLS 200-111] Finished Generating all RTL models: CPU user time: 3 seconds. CPU system time: 1 seconds. Elapsed time: 4.316 seconds; current allocated memory: 538.016 MB.
INFO: [HLS 200-111] Finished Updating report files: CPU user time: 1 seconds. CPU system time: 1 seconds. Elapsed time: 2.615 seconds; current allocated memory: 542.582 MB.
INFO: [VHDL 208-304] Generating VHDL RTL for ecg_denoiser.
INFO: [VLOG 209-307] Generating Verilog RTL for ecg_denoiser.
INFO: [HLS 200-790] **** Loop Constraint Status: All loop constraints were satisfied.
INFO: [HLS 200-789] **** Estimated Fmax: 109.24 MHz
INFO: [HLS 200-111] Finished Command csynth_design CPU user time: 404 seconds. CPU system time: 40 seconds. Elapsed time: 742.452 seconds; current allocated memory: 437.441 MB.
INFO: [HLS 200-112] Total CPU user time: 407 seconds. Total CPU system time: 42 seconds. Total elapsed time: 756.847 seconds; peak allocated memory: 543.531 MB.
==============================================================
Vitis HLS - High-Level Synthesis from C, C++ and OpenCL v2022.2 (64-bit)
Tool Version Limit: 2019.12
Copyright 1986-2022 Xilinx, Inc. All Rights Reserved.
==============================================================
==============================================================
Vitis HLS - High-Level Synthesis from C, C++ and OpenCL v2022.2 (64-bit)
Tool Version Limit: 2019.12
Copyright 1986-2022 Xilinx, Inc. All Rights Reserved.
==============================================================
INFO: [SYN 201-201] Setting up clock 'default' with a period of 13ns.
INFO: [HLS 200-1611] Setting target device to 'xc7z030-sbg485-2'
INFO: [HLS 200-1505] Using flow_target 'vivado'
INFO: [HLS 200-1464] Running solution command: config_export -description {ECG Denoiser 1D-CNN}
INFO: [HLS 200-1464] Running solution command: config_export -display_name=ecg_denoiser
INFO: [HLS 200-1464] Running solution command: config_export -format=ip_catalog
INFO: [HLS 200-1464] Running solution command: config_export -library=ECG
INFO: [HLS 200-1464] Running solution command: config_export -output=C:/ecg_hls/ecg_denoiser_ip
INFO: [HLS 200-1464] Running solution command: config_export -rtl=verilog
INFO: [HLS 200-1464] Running solution command: config_export -vendor=MyOrg
INFO: [HLS 200-1464] Running solution command: config_export -version=1.0
INFO: [HLS 200-1510] Running: set_part xc7z030-sbg485-2 
INFO: [HLS 200-1510] Running: create_clock -period 13 -name default 
INFO: [HLS 200-1510] Running: config_export -description ECG Denoiser 1D-CNN -display_name ecg_denoiser -format ip_catalog -library ECG -output C:/ecg_hls/ecg_denoiser_ip -rtl verilog -vendor MyOrg -version 1.0 
INFO: [HLS 200-1510] Running: source ./ecg_denoiser_ip/solution1/directives.tcl
INFO: [HLS 200-1510] Running: set_directive_top -name ecg_denoiser ecg_denoiser 
INFO: [HLS 200-1510] Running: csim_design -clean -quiet 
INFO: [SIM 211-2] *************** CSIM start ***************
INFO: [SIM 211-4] CSIM will launch GCC as the compiler.
INFO: [SIM 211-1] CSim done with 0 errors.
INFO: [SIM 211-3] *************** CSIM finish ***************
INFO: [HLS 200-111] Finished Command csim_design CPU user time: 0 seconds. CPU system time: 0 seconds. Elapsed time: 563.365 seconds; current allocated memory: 0.371 MB.
INFO: [HLS 200-112] Total CPU user time: 3 seconds. Total CPU system time: 2 seconds. Total elapsed time: 577.815 seconds; peak allocated memory: 106.820 MB.
==============================================================
Vitis HLS - High-Level Synthesis from C, C++ and OpenCL v2022.2 (64-bit)
Tool Version Limit: 2019.12
Copyright 1986-2022 Xilinx, Inc. All Rights Reserved.
==============================================================
INFO: [SYN 201-201] Setting up clock 'default' with a period of 13ns.
INFO: [HLS 200-1611] Setting target device to 'xc7z030-sbg485-2'
INFO: [HLS 200-1505] Using flow_target 'vivado'
INFO: [HLS 200-1464] Running solution command: config_export -description {ECG Denoiser 1D-CNN}
INFO: [HLS 200-1464] Running solution command: config_export -display_name=ecg_denoiser
INFO: [HLS 200-1464] Running solution command: config_export -format=ip_catalog
INFO: [HLS 200-1464] Running solution command: config_export -library=ECG
INFO: [HLS 200-1464] Running solution command: config_export -output=C:/ecg_hls/ecg_denoiser_ip
INFO: [HLS 200-1464] Running solution command: config_export -rtl=verilog
INFO: [HLS 200-1464] Running solution command: config_export -vendor=MyOrg
INFO: [HLS 200-1464] Running solution command: config_export -version=1.0
INFO: [HLS 200-1510] Running: set_part xc7z030-sbg485-2 
INFO: [HLS 200-1510] Running: create_clock -period 13 -name default 
INFO: [HLS 200-1510] Running: config_export -description ECG Denoiser 1D-CNN -display_name ecg_denoiser -format ip_catalog -library ECG -output C:/ecg_hls/ecg_denoiser_ip -rtl verilog -vendor MyOrg -version 1.0 
INFO: [HLS 200-1510] Running: source ./ecg_denoiser_ip/solution1/directives.tcl
INFO: [HLS 200-1510] Running: set_directive_top -name ecg_denoiser ecg_denoiser 
INFO: [HLS 200-1510] Running: csynth_design 
INFO: [HLS 200-111] Finished File checks and directory preparation: CPU user time: 0 seconds. CPU system time: 0 seconds. Elapsed time: 10.09 seconds; current allocated memory: 110.410 MB.
INFO: [HLS 200-10] Analyzing design file 'src/ecg_denoiser.cpp' ... 
INFO: [HLS 200-10] Analyzing design file 'src/weights_denoiser.cpp' ... 
INFO: [HLS 200-111] Finished Source Code Analysis and Preprocessing: CPU user time: 1 seconds. CPU system time: 0 seconds. Elapsed time: 104.789 seconds; current allocated memory: 117.238 MB.
INFO: [HLS 200-777] Using interface defaults for 'Vivado' flow target.
INFO: [HLS 214-131] Inlining function 'ssdm_int<64, true>::ssdm_int(long)' into 'ap_int_base<64, true>::ap_int_base(long)' (C:/Xilinx/Vitis_HLS/2022.2/common/technology/autopilot\ap_int_base.h:216:68)
INFO: [HLS 214-131] Inlining function '_ZN8ssdm_intILi65ELb1EEC2EDq65_i' into 'ap_int_base<65, true>::ap_int_base<11, false>(ap_int_base<11, false> const&)' (C:/Xilinx/Vitis_HLS/2022.2/common/technology/autopilot\ap_int_base.h:185:106)
INFO: [HLS 214-131] Inlining function '_ZN8ssdm_intILi65ELb1EEC2EDq65_i' into 'ap_int_base<65, true>::ap_int_base<64, true>(ap_int_base<64, true> const&)' (C:/Xilinx/Vitis_HLS/2022.2/common/technology/autopilot\ap_int_base.h:185:106)
INFO: [HLS 214-131] Inlining function '_ZN8ssdm_intILi65ELb1EEC2EDq65_i' into 'ap_int_base<65, true>::ap_int_base(int)' (C:/Xilinx/Vitis_HLS/2022.2/common/technology/autopilot\ap_int_base.h:214:67)
INFO: [HLS 214-131] Inlining function 'ap_int_base<65, true>::ap_int_base<11, false>(ap_int_base<11, false> const&)' into 'ap_int_base<11, false>::RType<64, true>::minus operator-<11, false, 64, true>(ap_int_base<11, false> const&, ap_int_base<64, true> const&)' (C:/Xilinx/Vitis_HLS/2022.2/common/technology/autopilot\ap_int_base.h:1496:341)
INFO: [HLS 214-131] Inlining function 'ap_int_base<65, true>::ap_int_base(int)' into 'ap_int_base<11, false>::RType<64, true>::minus operator-<11, false, 64, true>(ap_int_base<11, false> const&, ap_int_base<64, true> const&)' (C:/Xilinx/Vitis_HLS/2022.2/common/technology/autopilot\ap_int_base.h:1496:520)
INFO: [HLS 214-131] Inlining function 'ap_int_base<65, true>::ap_int_base<64, true>(ap_int_base<64, true> const&)' into 'ap_int_base<11, false>::RType<64, true>::minus operator-<11, false, 64, true>(ap_int_base<11, false> const&, ap_int_base<64, true> const&)' (C:/Xilinx/Vitis_HLS/2022.2/common/technology/autopilot\ap_int_base.h:1496:430)
INFO: [HLS 214-131] Inlining function 'ap_int_base<64, true>::ap_int_base(long)' into 'ap_int_base<11, false>::RType<($_0)64, true>::minus operator-<11, false>(ap_int_base<11, false> const&, long)' (C:/Xilinx/Vitis_HLS/2022.2/common/technology/autopilot\ap_int_base.h:1635:1548)
INFO: [HLS 214-131] Inlining function 'ap_int_base<11, false>::RType<64, true>::minus operator-<11, false, 64, true>(ap_int_base<11, false> const&, ap_int_base<64, true> const&)' into 'ap_int_base<11, false>::RType<($_0)64, true>::minus operator-<11, false>(ap_int_base<11, false> const&, long)' (C:/Xilinx/Vitis_HLS/2022.2/common/technology/autopilot\ap_int_base.h:1635:1546)
INFO: [HLS 214-131] Inlining function '_ZN8ssdm_intILi1ELb0EEC2EDq1_j' into 'ap_int_base<1, false>::ap_int_base(int)' (C:/Xilinx/Vitis_HLS/2022.2/common/technology/autopilot\ap_int_base.h:214:67)
INFO: [HLS 214-131] Inlining function '_ZN8ssdm_intILi55ELb1EEC2EDq55_i' into 'ap_int_base<55, true>::ap_int_base<1, false>(ap_int_base<1, false> const&)' (C:/Xilinx/Vitis_HLS/2022.2/common/technology/autopilot\ap_int_base.h:185:106)
INFO: [HLS 214-131] Inlining function '_ZN8ssdm_intILi55ELb1EEC2EDq55_i' into 'ap_int_base<55, true>::ap_int_base<54, true>(ap_int_base<54, true> const&)' (C:/Xilinx/Vitis_HLS/2022.2/common/technology/autopilot\ap_int_base.h:185:106)
INFO: [HLS 214-131] Inlining function '_ZN8ssdm_intILi55ELb1EEC2EDq55_i' into 'ap_int_base<55, true>::ap_int_base(int)' (C:/Xilinx/Vitis_HLS/2022.2/common/technology/autopilot\ap_int_base.h:214:67)
INFO: [HLS 214-131] Inlining function 'ap_int_base<55, true>::ap_int_base<1, false>(ap_int_base<1, false> const&)' into 'ap_int_base<1, false>::RType<54, true>::minus operator-<1, false, 54, true>(ap_int_base<1, false> const&, ap_int_base<54, true> const&)' (C:/Xilinx/Vitis_HLS/2022.2/common/technology/autopilot\ap_int_base.h:1496:341)
INFO: [HLS 214-131] Inlining function 'ap_int_base<55, true>::ap_int_base(int)' into 'ap_int_base<1, false>::RType<54, true>::minus operator-<1, false, 54, true>(ap_int_base<1, false> const&, ap_int_base<54, true> const&)' (C:/Xilinx/Vitis_HLS/2022.2/common/technology/autopilot\ap_int_base.h:1496:520)
INFO: [HLS 214-131] Inlining function 'ap_int_base<55, true>::ap_int_base<54, true>(ap_int_base<54, true> const&)' into 'ap_int_base<1, false>::RType<54, true>::minus operator-<1, false, 54, true>(ap_int_base<1, false> const&, ap_int_base<54, true> const&)' (C:/Xilinx/Vitis_HLS/2022.2/common/technology/autopilot\ap_int_base.h:1496:430)
INFO: [HLS 214-131] Inlining function 'ap_int_base<1, false>::ap_int_base(int)' into 'ap_int_base<54, true>::operator-() const' (C:/Xilinx/Vitis_HLS/2022.2/common/technology/autopilot\ap_int_base.h:895:12)
INFO: [HLS 214-131] Inlining function 'ap_int_base<1, false>::RType<54, true>::minus operator-<1, false, 54, true>(ap_int_base<1, false> const&, ap_int_base<54, true> const&)' into 'ap_int_base<54, true>::operator-() const' (C:/Xilinx/Vitis_HLS/2022.2/common/technology/autopilot\ap_int_base.h:895:37)
INFO: [HLS 214-131] Inlining function 'doubleToRawBits(double)' into 'ap_fixed_base<32, 16, true, (ap_q_mode)5, (ap_o_mode)3, 0>::ap_fixed_base(double)' (C:/Xilinx/Vitis_HLS/2022.2/common/technology/autopilot\ap_fixed_base.h:545:14)
INFO: [HLS 214-131] Inlining function 'ap_int_base<54, true>& ap_int_base<54, true>::operator=<55, true>(ap_int_base<55, true> const&)' into 'ap_fixed_base<32, 16, true, (ap_q_mode)5, (ap_o_mode)3, 0>::ap_fixed_base(double)' (C:/Xilinx/Vitis_HLS/2022.2/common/technology/autopilot\ap_fixed_base.h:559:20)
INFO: [HLS 214-131] Inlining function 'ap_int_base<54, true>::operator-() const' into 'ap_fixed_base<32, 16, true, (ap_q_mode)5, (ap_o_mode)3, 0>::ap_fixed_base(double)' (C:/Xilinx/Vitis_HLS/2022.2/common/technology/autopilot\ap_fixed_base.h:559:22)
INFO: [HLS 214-131] Inlining function 'ap_int_base<12, true>& ap_int_base<12, true>::operator=<65, true>(ap_int_base<65, true> const&)' into 'ap_fixed_base<32, 16, true, (ap_q_mode)5, (ap_o_mode)3, 0>::ap_fixed_base(double)' (C:/Xilinx/Vitis_HLS/2022.2/common/technology/autopilot\ap_fixed_base.h:552:9)
INFO: [HLS 214-131] Inlining function 'ap_int_base<11, false>::RType<($_0)64, true>::minus operator-<11, false>(ap_int_base<11, false> const&, long)' into 'ap_fixed_base<32, 16, true, (ap_q_mode)5, (ap_o_mode)3, 0>::ap_fixed_base(double)' (C:/Xilinx/Vitis_HLS/2022.2/common/technology/autopilot\ap_fixed_base.h:552:19)
INFO: [HLS 214-131] Inlining function 'ap_fixed_base<32, 16, true, (ap_q_mode)5, (ap_o_mode)3, 0>::ap_fixed_base(float)' into 'ap_fixed<32, 16, (ap_q_mode)5, (ap_o_mode)3, 0>::ap_fixed(float)'
INFO: [HLS 214-131] Inlining function 'hls::axis<ap_uint<32>, 1ul, 1ul, 1ul>::get_user_ptr()' into 'hls::stream<hls::axis<ap_uint<32>, 1ul, 1ul, 1ul>, 0>::read()' (C:/Xilinx/Vitis_HLS/2022.2/common/technology/autopilot\ap_axi_sdata.h:247:50)
INFO: [HLS 214-131] Inlining function 'hls::axis<ap_uint<32>, 1ul, 1ul, 1ul>::get_dest_ptr()' into 'hls::stream<hls::axis<ap_uint<32>, 1ul, 1ul, 1ul>, 0>::read()' (C:/Xilinx/Vitis_HLS/2022.2/common/technology/autopilot\ap_axi_sdata.h:250:25)
INFO: [HLS 214-131] Inlining function 'hls::axis<ap_uint<32>, 1ul, 1ul, 1ul>::get_id_ptr()' into 'hls::stream<hls::axis<ap_uint<32>, 1ul, 1ul, 1ul>, 0>::read()' (C:/Xilinx/Vitis_HLS/2022.2/common/technology/autopilot\ap_axi_sdata.h:249:67)
INFO: [HLS 214-131] Inlining function 'hls::axis<ap_uint<32>, 1ul, 1ul, 1ul>::get_user_ptr()' into 'hls::stream<hls::axis<ap_uint<32>, 1ul, 1ul, 1ul>, 0>::read()' (C:/Xilinx/Vitis_HLS/2022.2/common/technology/autopilot\ap_axi_sdata.h:249:36)
INFO: [HLS 214-131] Inlining function 'hls::axis<ap_uint<32>, 1ul, 1ul, 1ul>::get_dest_ptr()' into 'hls::stream<hls::axis<ap_uint<32>, 1ul, 1ul, 1ul>, 0>::read()' (C:/Xilinx/Vitis_HLS/2022.2/common/technology/autopilot\ap_axi_sdata.h:248:39)
INFO: [HLS 214-131] Inlining function 'hls::axis<ap_uint<32>, 1ul, 1ul, 1ul>::get_id_ptr()' into 'hls::stream<hls::axis<ap_uint<32>, 1ul, 1ul, 1ul>, 0>::read()' (C:/Xilinx/Vitis_HLS/2022.2/common/technology/autopilot\ap_axi_sdata.h:248:23)
INFO: [HLS 214-131] Inlining function 'ap_range_ref<32, false>::ap_range_ref(ap_int_base<32, false>*, int, int)' into 'ap_int_base<32, false>::range(int, int)' (C:/Xilinx/Vitis_HLS/2022.2/common/technology/autopilot\ap_int_base.h:1048:12)
INFO: [HLS 214-131] Inlining function 'af_range_ref<32, 16, true, (ap_q_mode)5, (ap_o_mode)3, 0>::af_range_ref(ap_fixed_base<32, 16, true, (ap_q_mode)5, (ap_o_mode)3, 0>*, int, int)' into 'ap_fixed_base<32, 16, true, (ap_q_mode)5, (ap_o_mode)3, 0>::range(int, int)' (C:/Xilinx/Vitis_HLS/2022.2/common/technology/autopilot\ap_fixed_base.h:1746:12)
INFO: [HLS 214-131] Inlining function 'ap_range_ref<32, false>::get() const' into 'ap_int_base<32, false>::ap_int_base<32, false>(ap_range_ref<32, false> const&)' (C:/Xilinx/Vitis_HLS/2022.2/common/technology/autopilot\ap_int_base.h:358:20)
INFO: [HLS 214-131] Inlining function 'ap_int_base<32, false>::ap_int_base<32, false>(ap_range_ref<32, false> const&)' into 'af_range_ref<32, 16, true, (ap_q_mode)5, (ap_o_mode)3, 0>& af_range_ref<32, 16, true, (ap_q_mode)5, (ap_o_mode)3, 0>::operator=<32, false>(ap_range_ref<32, false> const&)' (C:/Xilinx/Vitis_HLS/2022.2/common/technology/autopilot\ap_fixed_ref.h:301:38)
INFO: [HLS 214-131] Inlining function 'af_range_ref<32, 16, true, (ap_q_mode)5, (ap_o_mode)3, 0>& af_range_ref<32, 16, true, (ap_q_mode)5, (ap_o_mode)3, 0>::operator=<32, false>(ap_int_base<32, false> const&)' into 'af_range_ref<32, 16, true, (ap_q_mode)5, (ap_o_mode)3, 0>& af_range_ref<32, 16, true, (ap_q_mode)5, (ap_o_mode)3, 0>::operator=<32, false>(ap_range_ref<32, false> const&)' (C:/Xilinx/Vitis_HLS/2022.2/common/technology/autopilot\ap_fixed_ref.h:302:12)
INFO: [HLS 214-131] Inlining function 'ap_fixed_base<32, 32, true, (ap_q_mode)5, (ap_o_mode)3, 0>::operator!() const' into 'ap_fixed_base<48, 24, true, (ap_q_mode)5, (ap_o_mode)3, 0>& ap_fixed_base<48, 24, true, (ap_q_mode)5, (ap_o_mode)3, 0>::operator=<32, 32, true, (ap_q_mode)5, (ap_o_mode)3, 0>(ap_fixed_base<32, 32, true, (ap_q_mode)5, (ap_o_mode)3, 0> const&)' (C:/Xilinx/Vitis_HLS/2022.2/common/technology/autopilot\ap_fixed_base.h:808:9)
INFO: [HLS 214-131] Inlining function 'ap_fixed_base<48, 24, true, (ap_q_mode)5, (ap_o_mode)3, 0>& ap_fixed_base<48, 24, true, (ap_q_mode)5, (ap_o_mode)3, 0>::operator=<32, 32, true, (ap_q_mode)5, (ap_o_mode)3, 0>(ap_fixed_base<32, 32, true, (ap_q_mode)5, (ap_o_mode)3, 0> const&)' into 'ap_fixed_base<48, 24, true, (ap_q_mode)5, (ap_o_mode)3, 0>::ap_fixed_base(int)' (C:/Xilinx/Vitis_HLS/2022.2/common/technology/autopilot\ap_fixed_base.h:530:146)
INFO: [HLS 214-131] Inlining function 'ap_fixed_base<48, 24, true, (ap_q_mode)5, (ap_o_mode)3, 0>::ap_fixed_base(int)' into 'ap_fixed<48, 24, (ap_q_mode)5, (ap_o_mode)3, 0>::ap_fixed(int)'
INFO: [HLS 214-131] Inlining function 'ap_fixed_base<32, 16, true, (ap_q_mode)5, (ap_o_mode)3, 0>::operator!() const' into 'ap_fixed_base<48, 24, true, (ap_q_mode)5, (ap_o_mode)3, 0>& ap_fixed_base<48, 24, true, (ap_q_mode)5, (ap_o_mode)3, 0>::operator=<32, 16, true, (ap_q_mode)5, (ap_o_mode)3, 0>(ap_fixed_base<32, 16, true, (ap_q_mode)5, (ap_o_mode)3, 0> const&)' (C:/Xilinx/Vitis_HLS/2022.2/common/technology/autopilot\ap_fixed_base.h:808:9)
INFO: [HLS 214-131] Inlining function '_ZN8ssdm_intILi48ELb1EEC2EDq48_i' into 'ap_fixed_base<48, 24, true, (ap_q_mode)5, (ap_o_mode)3, 0>::ap_fixed_base<32, 16, true, (ap_q_mode)5, (ap_o_mode)3, 0>(ap_fixed_base<32, 16, true, (ap_q_mode)5, (ap_o_mode)3, 0> const&)' (C:/Xilinx/Vitis_HLS/2022.2/common/technology/autopilot\ap_fixed_base.h:401:80)
INFO: [HLS 214-131] Inlining function 'ap_fixed_base<48, 24, true, (ap_q_mode)5, (ap_o_mode)3, 0>& ap_fixed_base<48, 24, true, (ap_q_mode)5, (ap_o_mode)3, 0>::operator=<32, 16, true, (ap_q_mode)5, (ap_o_mode)3, 0>(ap_fixed_base<32, 16, true, (ap_q_mode)5, (ap_o_mode)3, 0> const&)' into 'ap_fixed_base<48, 24, true, (ap_q_mode)5, (ap_o_mode)3, 0>::ap_fixed_base<32, 16, true, (ap_q_mode)5, (ap_o_mode)3, 0>(ap_fixed_base<32, 16, true, (ap_q_mode)5, (ap_o_mode)3, 0> const&)' (C:/Xilinx/Vitis_HLS/2022.2/common/technology/autopilot\ap_fixed_base.h:403:5)
INFO: [HLS 214-131] Inlining function 'ap_fixed_base<48, 24, true, (ap_q_mode)5, (ap_o_mode)3, 0>::ap_fixed_base<32, 16, true, (ap_q_mode)5, (ap_o_mode)3, 0>(ap_fixed_base<32, 16, true, (ap_q_mode)5, (ap_o_mode)3, 0> const&)' into 'ap_fixed<48, 24, (ap_q_mode)5, (ap_o_mode)3, 0>::ap_fixed<32, 16, true, (ap_q_mode)5, (ap_o_mode)3, 0>(ap_fixed_base<32, 16, true, (ap_q_mode)5, (ap_o_mode)3, 0> const&)'
INFO: [HLS 214-131] Inlining function 'ap_fixed_base<32, 32, true, (ap_q_mode)5, (ap_o_mode)3, 0>::operator!() const' into 'ap_fixed_base<49, 25, true, (ap_q_mode)5, (ap_o_mode)3, 0>& ap_fixed_base<49, 25, true, (ap_q_mode)5, (ap_o_mode)3, 0>::operator=<32, 32, true, (ap_q_mode)5, (ap_o_mode)3, 0>(ap_fixed_base<32, 32, true, (ap_q_mode)5, (ap_o_mode)3, 0> const&)' (C:/Xilinx/Vitis_HLS/2022.2/common/technology/autopilot\ap_fixed_base.h:808:9)
INFO: [HLS 214-131] Inlining function 'ap_fixed_base<49, 25, true, (ap_q_mode)5, (ap_o_mode)3, 0>& ap_fixed_base<49, 25, true, (ap_q_mode)5, (ap_o_mode)3, 0>::operator=<32, 32, true, (ap_q_mode)5, (ap_o_mode)3, 0>(ap_fixed_base<32, 32, true, (ap_q_mode)5, (ap_o_mode)3, 0> const&)' into 'ap_fixed_base<49, 25, true, (ap_q_mode)5, (ap_o_mode)3, 0>::ap_fixed_base(int)' (C:/Xilinx/Vitis_HLS/2022.2/common/technology/autopilot\ap_fixed_base.h:530:146)
INFO: [HLS 214-131] Inlining function 'ap_fixed_base<48, 24, true, (ap_q_mode)5, (ap_o_mode)3, 0>::operator!() const' into 'ap_fixed_base<49, 25, true, (ap_q_mode)5, (ap_o_mode)3, 0>& ap_fixed_base<49, 25, true, (ap_q_mode)5, (ap_o_mode)3, 0>::operator=<48, 24, true, (ap_q_mode)5, (ap_o_mode)3, 0>(ap_fixed_base<48, 24, true, (ap_q_mode)5, (ap_o_mode)3, 0> const&)' (C:/Xilinx/Vitis_HLS/2022.2/common/technology/autopilot\ap_fixed_base.h:808:9)
INFO: [HLS 214-131] Inlining function '_ZN8ssdm_intILi49ELb1EEC2EDq49_i' into 'ap_fixed_base<49, 25, true, (ap_q_mode)5, (ap_o_mode)3, 0>::ap_fixed_base<48, 24, true, (ap_q_mode)5, (ap_o_mode)3, 0>(ap_fixed_base<48, 24, true, (ap_q_mode)5, (ap_o_mode)3, 0> const&)' (C:/Xilinx/Vitis_HLS/2022.2/common/technology/autopilot\ap_fixed_base.h:401:80)
INFO: [HLS 214-131] Inlining function 'ap_fixed_base<49, 25, true, (ap_q_mode)5, (ap_o_mode)3, 0>& ap_fixed_base<49, 25, true, (ap_q_mode)5, (ap_o_mode)3, 0>::operator=<48, 24, true, (ap_q_mode)5, (ap_o_mode)3, 0>(ap_fixed_base<48, 24, true, (ap_q_mode)5, (ap_o_mode)3, 0> const&)' into 'ap_fixed_base<49, 25, true, (ap_q_mode)5, (ap_o_mode)3, 0>::ap_fixed_base<48, 24, true, (ap_q_mode)5, (ap_o_mode)3, 0>(ap_fixed_base<48, 24, true, (ap_q_mode)5, (ap_o_mode)3, 0> const&)' (C:/Xilinx/Vitis_HLS/2022.2/common/technology/autopilot\ap_fixed_base.h:403:5)
INFO: [HLS 214-131] Inlining function 'ap_fixed_base<49, 25, true, (ap_q_mode)5, (ap_o_mode)3, 0>::ap_fixed_base(int)' into 'ap_fixed_base<48, 24, true, (ap_q_mode)5, (ap_o_mode)3, 0>::RType<48, 24, true>::plus ap_fixed_base<48, 24, true, (ap_q_mode)5, (ap_o_mode)3, 0>::operator+<48, 24, true, (ap_q_mode)5, (ap_o_mode)3, 0>(ap_fixed_base<48, 24, true, (ap_q_mode)5, (ap_o_mode)3, 0> const&) const' (C:/Xilinx/Vitis_HLS/2022.2/common/technology/autopilot\ap_fixed_base.h:1347:325)
INFO: [HLS 214-131] Inlining function 'ap_fixed_base<49, 25, true, (ap_q_mode)5, (ap_o_mode)3, 0>::ap_fixed_base<48, 24, true, (ap_q_mode)5, (ap_o_mode)3, 0>(ap_fixed_base<48, 24, true, (ap_q_mode)5, (ap_o_mode)3, 0> const&)' into 'ap_fixed_base<48, 24, true, (ap_q_mode)5, (ap_o_mode)3, 0>::RType<48, 24, true>::plus ap_fixed_base<48, 24, true, (ap_q_mode)5, (ap_o_mode)3, 0>::operator+<48, 24, true, (ap_q_mode)5, (ap_o_mode)3, 0>(ap_fixed_base<48, 24, true, (ap_q_mode)5, (ap_o_mode)3, 0> const&) const' (C:/Xilinx/Vitis_HLS/2022.2/common/technology/autopilot\ap_fixed_base.h:1347:345)
INFO: [HLS 214-131] Inlining function 'ap_fixed_base<49, 25, true, (ap_q_mode)5, (ap_o_mode)3, 0>::ap_fixed_base<48, 24, true, (ap_q_mode)5, (ap_o_mode)3, 0>(ap_fixed_base<48, 24, true, (ap_q_mode)5, (ap_o_mode)3, 0> const&)' into 'ap_fixed_base<48, 24, true, (ap_q_mode)5, (ap_o_mode)3, 0>::RType<48, 24, true>::plus ap_fixed_base<48, 24, true, (ap_q_mode)5, (ap_o_mode)3, 0>::operator+<48, 24, true, (ap_q_mode)5, (ap_o_mode)3, 0>(ap_fixed_base<48, 24, true, (ap_q_mode)5, (ap_o_mode)3, 0> const&) const' (C:/Xilinx/Vitis_HLS/2022.2/common/technology/autopilot\ap_fixed_base.h:1347:333)
INFO: [HLS 214-131] Inlining function 'ap_fixed_base<49, 25, true, (ap_q_mode)5, (ap_o_mode)3, 0>::operator!() const' into 'ap_fixed_base<48, 24, true, (ap_q_mode)5, (ap_o_mode)3, 0>& ap_fixed_base<48, 24, true, (ap_q_mode)5, (ap_o_mode)3, 0>::operator=<49, 25, true, (ap_q_mode)5, (ap_o_mode)3, 0>(ap_fixed_base<49, 25, true, (ap_q_mode)5, (ap_o_mode)3, 0> const&)' (C:/Xilinx/Vitis_HLS/2022.2/common/technology/autopilot\ap_fixed_base.h:808:9)
INFO: [HLS 214-131] Inlining function 'ap_fixed_base<48, 24, true, (ap_q_mode)5, (ap_o_mode)3, 0>::RType<48, 24, true>::plus ap_fixed_base<48, 24, true, (ap_q_mode)5, (ap_o_mode)3, 0>::operator+<48, 24, true, (ap_q_mode)5, (ap_o_mode)3, 0>(ap_fixed_base<48, 24, true, (ap_q_mode)5, (ap_o_mode)3, 0> const&) const' into 'ap_fixed_base<48, 24, true, (ap_q_mode)5, (ap_o_mode)3, 0>& ap_fixed_base<48, 24, true, (ap_q_mode)5, (ap_o_mode)3, 0>::operator+=<48, 24, true, (ap_q_mode)5, (ap_o_mode)3, 0>(ap_fixed_base<48, 24, true, (ap_q_mode)5, (ap_o_mode)3, 0> const&)' (C:/Xilinx/Vitis_HLS/2022.2/common/technology/autopilot\ap_fixed_base.h:1367:248)
INFO: [HLS 214-131] Inlining function 'ap_fixed_base<48, 24, true, (ap_q_mode)5, (ap_o_mode)3, 0>& ap_fixed_base<48, 24, true, (ap_q_mode)5, (ap_o_mode)3, 0>::operator=<49, 25, true, (ap_q_mode)5, (ap_o_mode)3, 0>(ap_fixed_base<49, 25, true, (ap_q_mode)5, (ap_o_mode)3, 0> const&)' into 'ap_fixed_base<48, 24, true, (ap_q_mode)5, (ap_o_mode)3, 0>& ap_fixed_base<48, 24, true, (ap_q_mode)5, (ap_o_mode)3, 0>::operator+=<48, 24, true, (ap_q_mode)5, (ap_o_mode)3, 0>(ap_fixed_base<48, 24, true, (ap_q_mode)5, (ap_o_mode)3, 0> const&)' (C:/Xilinx/Vitis_HLS/2022.2/common/technology/autopilot\ap_fixed_base.h:1367:246)
INFO: [HLS 214-131] Inlining function 'ap_fixed_base<32, 32, true, (ap_q_mode)5, (ap_o_mode)3, 0>::operator!() const' into 'ap_fixed_base<80, 40, true, (ap_q_mode)5, (ap_o_mode)3, 0>& ap_fixed_base<80, 40, true, (ap_q_mode)5, (ap_o_mode)3, 0>::operator=<32, 32, true, (ap_q_mode)5, (ap_o_mode)3, 0>(ap_fixed_base<32, 32, true, (ap_q_mode)5, (ap_o_mode)3, 0> const&)' (C:/Xilinx/Vitis_HLS/2022.2/common/technology/autopilot\ap_fixed_base.h:808:9)
INFO: [HLS 214-131] Inlining function 'ap_fixed_base<80, 40, true, (ap_q_mode)5, (ap_o_mode)3, 0>& ap_fixed_base<80, 40, true, (ap_q_mode)5, (ap_o_mode)3, 0>::operator=<32, 32, true, (ap_q_mode)5, (ap_o_mode)3, 0>(ap_fixed_base<32, 32, true, (ap_q_mode)5, (ap_o_mode)3, 0> const&)' into 'ap_fixed_base<80, 40, true, (ap_q_mode)5, (ap_o_mode)3, 0>::ap_fixed_base(int)' (C:/Xilinx/Vitis_HLS/2022.2/common/technology/autopilot\ap_fixed_base.h:530:146)
INFO: [HLS 214-131] Inlining function 'ap_fixed_base<80, 40, true, (ap_q_mode)5, (ap_o_mode)3, 0>::ap_fixed_base(int)' into 'ap_fixed_base<48, 24, true, (ap_q_mode)5, (ap_o_mode)3, 0>::RType<32, 16, true>::mult ap_fixed_base<48, 24, true, (ap_q_mode)5, (ap_o_mode)3, 0>::operator*<32, 16, true, (ap_q_mode)5, (ap_o_mode)3, 0>(ap_fixed_base<32, 16, true, (ap_q_mode)5, (ap_o_mode)3, 0> const&) const' (C:/Xilinx/Vitis_HLS/2022.2/common/technology/autopilot\ap_fixed_base.h:1270:55)
INFO: [HLS 214-131] Inlining function 'ap_fixed_base<80, 40, true, (ap_q_mode)5, (ap_o_mode)3, 0>::ap_fixed_base(int)' into 'ap_fixed_base<48, 24, true, (ap_q_mode)5, (ap_o_mode)3, 0>::RType<32, 16, true>::mult ap_fixed_base<48, 24, true, (ap_q_mode)5, (ap_o_mode)3, 0>::operator*<32, 16, true, (ap_q_mode)5, (ap_o_mode)3, 0>(ap_fixed_base<32, 16, true, (ap_q_mode)5, (ap_o_mode)3, 0> const&) const' (C:/Xilinx/Vitis_HLS/2022.2/common/technology/autopilot\ap_fixed_base.h:1270:61)
INFO: [HLS 214-131] Inlining function 'ap_fixed_base<80, 40, true, (ap_q_mode)5, (ap_o_mode)3, 0>::operator!() const' into 'ap_fixed_base<32, 16, true, (ap_q_mode)5, (ap_o_mode)3, 0>& ap_fixed_base<32, 16, true, (ap_q_mode)5, (ap_o_mode)3, 0>::operator=<80, 40, true, (ap_q_mode)5, (ap_o_mode)3, 0>(ap_fixed_base<80, 40, true, (ap_q_mode)5, (ap_o_mode)3, 0> const&)' (C:/Xilinx/Vitis_HLS/2022.2/common/technology/autopilot\ap_fixed_base.h:808:9)
INFO: [HLS 214-131] Inlining function 'ssdm_int<32, true>::ssdm_int(int)' into 'ap_fixed_base<32, 16, true, (ap_q_mode)5, (ap_o_mode)3, 0>::ap_fixed_base<80, 40, true, (ap_q_mode)5, (ap_o_mode)3, 0>(ap_fixed_base<80, 40, true, (ap_q_mode)5, (ap_o_mode)3, 0> const&)' (C:/Xilinx/Vitis_HLS/2022.2/common/technology/autopilot\ap_fixed_base.h:401:80)
INFO: [HLS 214-131] Inlining function 'ap_fixed_base<32, 16, true, (ap_q_mode)5, (ap_o_mode)3, 0>& ap_fixed_base<32, 16, true, (ap_q_mode)5, (ap_o_mode)3, 0>::operator=<80, 40, true, (ap_q_mode)5, (ap_o_mode)3, 0>(ap_fixed_base<80, 40, true, (ap_q_mode)5, (ap_o_mode)3, 0> const&)' into 'ap_fixed_base<32, 16, true, (ap_q_mode)5, (ap_o_mode)3, 0>::ap_fixed_base<80, 40, true, (ap_q_mode)5, (ap_o_mode)3, 0>(ap_fixed_base<80, 40, true, (ap_q_mode)5, (ap_o_mode)3, 0> const&)' (C:/Xilinx/Vitis_HLS/2022.2/common/technology/autopilot\ap_fixed_base.h:403:5)
INFO: [HLS 214-131] Inlining function 'ap_fixed_base<32, 16, true, (ap_q_mode)5, (ap_o_mode)3, 0>::ap_fixed_base<80, 40, true, (ap_q_mode)5, (ap_o_mode)3, 0>(ap_fixed_base<80, 40, true, (ap_q_mode)5, (ap_o_mode)3, 0> const&)' into 'ap_fixed<32, 16, (ap_q_mode)5, (ap_o_mode)3, 0>::ap_fixed<80, 40, true, (ap_q_mode)5, (ap_o_mode)3, 0>(ap_fixed_base<80, 40, true, (ap_q_mode)5, (ap_o_mode)3, 0> const&)'
INFO: [HLS 214-131] Inlining function 'ap_fixed_base<32, 32, true, (ap_q_mode)5, (ap_o_mode)3, 0>::operator!() const' into 'ap_fixed_base<33, 17, true, (ap_q_mode)5, (ap_o_mode)3, 0>& ap_fixed_base<33, 17, true, (ap_q_mode)5, (ap_o_mode)3, 0>::operator=<32, 32, true, (ap_q_mode)5, (ap_o_mode)3, 0>(ap_fixed_base<32, 32, true, (ap_q_mode)5, (ap_o_mode)3, 0> const&)' (C:/Xilinx/Vitis_HLS/2022.2/common/technology/autopilot\ap_fixed_base.h:808:9)
INFO: [HLS 214-131] Inlining function 'ap_fixed_base<33, 17, true, (ap_q_mode)5, (ap_o_mode)3, 0>& ap_fixed_base<33, 17, true, (ap_q_mode)5, (ap_o_mode)3, 0>::operator=<32, 32, true, (ap_q_mode)5, (ap_o_mode)3, 0>(ap_fixed_base<32, 32, true, (ap_q_mode)5, (ap_o_mode)3, 0> const&)' into 'ap_fixed_base<33, 17, true, (ap_q_mode)5, (ap_o_mode)3, 0>::ap_fixed_base(int)' (C:/Xilinx/Vitis_HLS/2022.2/common/technology/autopilot\ap_fixed_base.h:530:146)
INFO: [HLS 214-131] Inlining function 'ap_fixed_base<32, 16, true, (ap_q_mode)5, (ap_o_mode)3, 0>::operator!() const' into 'ap_fixed_base<33, 17, true, (ap_q_mode)5, (ap_o_mode)3, 0>& ap_fixed_base<33, 17, true, (ap_q_mode)5, (ap_o_mode)3, 0>::operator=<32, 16, true, (ap_q_mode)5, (ap_o_mode)3, 0>(ap_fixed_base<32, 16, true, (ap_q_mode)5, (ap_o_mode)3, 0> const&)' (C:/Xilinx/Vitis_HLS/2022.2/common/technology/autopilot\ap_fixed_base.h:808:9)
INFO: [HLS 214-131] Inlining function '_ZN8ssdm_intILi33ELb1EEC2EDq33_i' into 'ap_fixed_base<33, 17, true, (ap_q_mode)5, (ap_o_mode)3, 0>::ap_fixed_base<32, 16, true, (ap_q_mode)5, (ap_o_mode)3, 0>(ap_fixed_base<32, 16, true, (ap_q_mode)5, (ap_o_mode)3, 0> const&)' (C:/Xilinx/Vitis_HLS/2022.2/common/technology/autopilot\ap_fixed_base.h:401:80)
INFO: [HLS 214-131] Inlining function 'ap_fixed_base<33, 17, true, (ap_q_mode)5, (ap_o_mode)3, 0>& ap_fixed_base<33, 17, true, (ap_q_mode)5, (ap_o_mode)3, 0>::operator=<32, 16, true, (ap_q_mode)5, (ap_o_mode)3, 0>(ap_fixed_base<32, 16, true, (ap_q_mode)5, (ap_o_mode)3, 0> const&)' into 'ap_fixed_base<33, 17, true, (ap_q_mode)5, (ap_o_mode)3, 0>::ap_fixed_base<32, 16, true, (ap_q_mode)5, (ap_o_mode)3, 0>(ap_fixed_base<32, 16, true, (ap_q_mode)5, (ap_o_mode)3, 0> const&)' (C:/Xilinx/Vitis_HLS/2022.2/common/technology/autopilot\ap_fixed_base.h:403:5)
INFO: [HLS 214-131] Inlining function 'ap_fixed_base<33, 17, true, (ap_q_mode)5, (ap_o_mode)3, 0>::ap_fixed_base(int)' into 'ap_fixed_base<32, 16, true, (ap_q_mode)5, (ap_o_mode)3, 0>::RType<32, 16, true>::minus ap_fixed_base<32, 16, true, (ap_q_mode)5, (ap_o_mode)3, 0>::operator-<32, 16, true, (ap_q_mode)5, (ap_o_mode)3, 0>(ap_fixed_base<32, 16, true, (ap_q_mode)5, (ap_o_mode)3, 0> const&) const' (C:/Xilinx/Vitis_HLS/2022.2/common/technology/autopilot\ap_fixed_base.h:1348:327)
INFO: [HLS 214-131] Inlining function 'ap_fixed_base<33, 17, true, (ap_q_mode)5, (ap_o_mode)3, 0>::ap_fixed_base<32, 16, true, (ap_q_mode)5, (ap_o_mode)3, 0>(ap_fixed_base<32, 16, true, (ap_q_mode)5, (ap_o_mode)3, 0> const&)' into 'ap_fixed_base<32, 16, true, (ap_q_mode)5, (ap_o_mode)3, 0>::RType<32, 16, true>::minus ap_fixed_base<32, 16, true, (ap_q_mode)5, (ap_o_mode)3, 0>::operator-<32, 16, true, (ap_q_mode)5, (ap_o_mode)3, 0>(ap_fixed_base<32, 16, true, (ap_q_mode)5, (ap_o_mode)3, 0> const&) const' (C:/Xilinx/Vitis_HLS/2022.2/common/technology/autopilot\ap_fixed_base.h:1348:347)
INFO: [HLS 214-131] Inlining function 'ap_fixed_base<33, 17, true, (ap_q_mode)5, (ap_o_mode)3, 0>::ap_fixed_base<32, 16, true, (ap_q_mode)5, (ap_o_mode)3, 0>(ap_fixed_base<32, 16, true, (ap_q_mode)5, (ap_o_mode)3, 0> const&)' into 'ap_fixed_base<32, 16, true, (ap_q_mode)5, (ap_o_mode)3, 0>::RType<32, 16, true>::minus ap_fixed_base<32, 16, true, (ap_q_mode)5, (ap_o_mode)3, 0>::operator-<32, 16, true, (ap_q_mode)5, (ap_o_mode)3, 0>(ap_fixed_base<32, 16, true, (ap_q_mode)5, (ap_o_mode)3, 0> const&) const' (C:/Xilinx/Vitis_HLS/2022.2/common/technology/autopilot\ap_fixed_base.h:1348:335)
INFO: [HLS 214-131] Inlining function 'ap_fixed_base<33, 17, true, (ap_q_mode)5, (ap_o_mode)3, 0>::operator!() const' into 'ap_fixed_base<32, 16, true, (ap_q_mode)5, (ap_o_mode)3, 0>& ap_fixed_base<32, 16, true, (ap_q_mode)5, (ap_o_mode)3, 0>::operator=<33, 17, true, (ap_q_mode)5, (ap_o_mode)3, 0>(ap_fixed_base<33, 17, true, (ap_q_mode)5, (ap_o_mode)3, 0> const&)' (C:/Xilinx/Vitis_HLS/2022.2/common/technology/autopilot\ap_fixed_base.h:808:9)
INFO: [HLS 214-131] Inlining function 'ssdm_int<32, true>::ssdm_int(int)' into 'ap_fixed_base<32, 16, true, (ap_q_mode)5, (ap_o_mode)3, 0>::ap_fixed_base<33, 17, true, (ap_q_mode)5, (ap_o_mode)3, 0>(ap_fixed_base<33, 17, true, (ap_q_mode)5, (ap_o_mode)3, 0> const&)' (C:/Xilinx/Vitis_HLS/2022.2/common/technology/autopilot\ap_fixed_base.h:401:80)
INFO: [HLS 214-131] Inlining function 'ap_fixed_base<32, 16, true, (ap_q_mode)5, (ap_o_mode)3, 0>& ap_fixed_base<32, 16, true, (ap_q_mode)5, (ap_o_mode)3, 0>::operator=<33, 17, true, (ap_q_mode)5, (ap_o_mode)3, 0>(ap_fixed_base<33, 17, true, (ap_q_mode)5, (ap_o_mode)3, 0> const&)' into 'ap_fixed_base<32, 16, true, (ap_q_mode)5, (ap_o_mode)3, 0>::ap_fixed_base<33, 17, true, (ap_q_mode)5, (ap_o_mode)3, 0>(ap_fixed_base<33, 17, true, (ap_q_mode)5, (ap_o_mode)3, 0> const&)' (C:/Xilinx/Vitis_HLS/2022.2/common/technology/autopilot\ap_fixed_base.h:403:5)
INFO: [HLS 214-131] Inlining function 'ap_fixed_base<32, 16, true, (ap_q_mode)5, (ap_o_mode)3, 0>::ap_fixed_base<33, 17, true, (ap_q_mode)5, (ap_o_mode)3, 0>(ap_fixed_base<33, 17, true, (ap_q_mode)5, (ap_o_mode)3, 0> const&)' into 'ap_fixed<32, 16, (ap_q_mode)5, (ap_o_mode)3, 0>::ap_fixed<33, 17, true, (ap_q_mode)5, (ap_o_mode)3, 0>(ap_fixed_base<33, 17, true, (ap_q_mode)5, (ap_o_mode)3, 0> const&)'
INFO: [HLS 214-131] Inlining function 'ap_fixed_base<32, 32, true, (ap_q_mode)5, (ap_o_mode)3, 0>::operator!() const' into 'ap_fixed_base<96, 48, true, (ap_q_mode)5, (ap_o_mode)3, 0>& ap_fixed_base<96, 48, true, (ap_q_mode)5, (ap_o_mode)3, 0>::operator=<32, 32, true, (ap_q_mode)5, (ap_o_mode)3, 0>(ap_fixed_base<32, 32, true, (ap_q_mode)5, (ap_o_mode)3, 0> const&)' (C:/Xilinx/Vitis_HLS/2022.2/common/technology/autopilot\ap_fixed_base.h:808:9)
INFO: [HLS 214-131] Inlining function 'ap_fixed_base<96, 48, true, (ap_q_mode)5, (ap_o_mode)3, 0>& ap_fixed_base<96, 48, true, (ap_q_mode)5, (ap_o_mode)3, 0>::operator=<32, 32, true, (ap_q_mode)5, (ap_o_mode)3, 0>(ap_fixed_base<32, 32, true, (ap_q_mode)5, (ap_o_mode)3, 0> const&)' into 'ap_fixed_base<96, 48, true, (ap_q_mode)5, (ap_o_mode)3, 0>::ap_fixed_base(int)' (C:/Xilinx/Vitis_HLS/2022.2/common/technology/autopilot\ap_fixed_base.h:530:146)
INFO: [HLS 214-131] Inlining function 'ap_fixed_base<96, 48, true, (ap_q_mode)5, (ap_o_mode)3, 0>::ap_fixed_base(int)' into 'ap_fixed_base<48, 24, true, (ap_q_mode)5, (ap_o_mode)3, 0>::RType<48, 24, true>::mult ap_fixed_base<48, 24, true, (ap_q_mode)5, (ap_o_mode)3, 0>::operator*<48, 24, true, (ap_q_mode)5, (ap_o_mode)3, 0>(ap_fixed_base<48, 24, true, (ap_q_mode)5, (ap_o_mode)3, 0> const&) const' (C:/Xilinx/Vitis_HLS/2022.2/common/technology/autopilot\ap_fixed_base.h:1270:55)
INFO: [HLS 214-131] Inlining function 'ap_fixed_base<96, 48, true, (ap_q_mode)5, (ap_o_mode)3, 0>::ap_fixed_base(int)' into 'ap_fixed_base<48, 24, true, (ap_q_mode)5, (ap_o_mode)3, 0>::RType<48, 24, true>::mult ap_fixed_base<48, 24, true, (ap_q_mode)5, (ap_o_mode)3, 0>::operator*<48, 24, true, (ap_q_mode)5, (ap_o_mode)3, 0>(ap_fixed_base<48, 24, true, (ap_q_mode)5, (ap_o_mode)3, 0> const&) const' (C:/Xilinx/Vitis_HLS/2022.2/common/technology/autopilot\ap_fixed_base.h:1270:61)
INFO: [HLS 214-131] Inlining function 'ap_fixed_base<32, 32, true, (ap_q_mode)5, (ap_o_mode)3, 0>::operator!() const' into 'ap_fixed_base<97, 49, true, (ap_q_mode)5, (ap_o_mode)3, 0>& ap_fixed_base<97, 49, true, (ap_q_mode)5, (ap_o_mode)3, 0>::operator=<32, 32, true, (ap_q_mode)5, (ap_o_mode)3, 0>(ap_fixed_base<32, 32, true, (ap_q_mode)5, (ap_o_mode)3, 0> const&)' (C:/Xilinx/Vitis_HLS/2022.2/common/technology/autopilot\ap_fixed_base.h:808:9)
INFO: [HLS 214-131] Inlining function 'ap_fixed_base<97, 49, true, (ap_q_mode)5, (ap_o_mode)3, 0>& ap_fixed_base<97, 49, true, (ap_q_mode)5, (ap_o_mode)3, 0>::operator=<32, 32, true, (ap_q_mode)5, (ap_o_mode)3, 0>(ap_fixed_base<32, 32, true, (ap_q_mode)5, (ap_o_mode)3, 0> const&)' into 'ap_fixed_base<97, 49, true, (ap_q_mode)5, (ap_o_mode)3, 0>::ap_fixed_base(int)' (C:/Xilinx/Vitis_HLS/2022.2/common/technology/autopilot\ap_fixed_base.h:530:146)
INFO: [HLS 214-131] Inlining function 'ap_fixed_base<48, 24, true, (ap_q_mode)5, (ap_o_mode)3, 0>::operator!() const' into 'ap_fixed_base<97, 49, true, (ap_q_mode)5, (ap_o_mode)3, 0>& ap_fixed_base<97, 49, true, (ap_q_mode)5, (ap_o_mode)3, 0>::operator=<48, 24, true, (ap_q_mode)5, (ap_o_mode)3, 0>(ap_fixed_base<48, 24, true, (ap_q_mode)5, (ap_o_mode)3, 0> const&)' (C:/Xilinx/Vitis_HLS/2022.2/common/technology/autopilot\ap_fixed_base.h:808:9)
INFO: [HLS 214-131] Inlining function '_ZN8ssdm_intILi97ELb1EEC2EDq97_i' into 'ap_fixed_base<97, 49, true, (ap_q_mode)5, (ap_o_mode)3, 0>::ap_fixed_base<48, 24, true, (ap_q_mode)5, (ap_o_mode)3, 0>(ap_fixed_base<48, 24, true, (ap_q_mode)5, (ap_o_mode)3, 0> const&)' (C:/Xilinx/Vitis_HLS/2022.2/common/technology/autopilot\ap_fixed_base.h:401:80)
INFO: [HLS 214-131] Inlining function 'ap_fixed_base<97, 49, true, (ap_q_mode)5, (ap_o_mode)3, 0>& ap_fixed_base<97, 49, true, (ap_q_mode)5, (ap_o_mode)3, 0>::operator=<48, 24, true, (ap_q_mode)5, (ap_o_mode)3, 0>(ap_fixed_base<48, 24, true, (ap_q_mode)5, (ap_o_mode)3, 0> const&)' into 'ap_fixed_base<97, 49, true, (ap_q_mode)5, (ap_o_mode)3, 0>::ap_fixed_base<48, 24, true, (ap_q_mode)5, (ap_o_mode)3, 0>(ap_fixed_base<48, 24, true, (ap_q_mode)5, (ap_o_mode)3, 0> const&)' (C:/Xilinx/Vitis_HLS/2022.2/common/technology/autopilot\ap_fixed_base.h:403:5)
INFO: [HLS 214-131] Inlining function 'ap_fixed_base<96, 48, true, (ap_q_mode)5, (ap_o_mode)3, 0>::operator!() const' into 'ap_fixed_base<97, 49, true, (ap_q_mode)5, (ap_o_mode)3, 0>& ap_fixed_base<97, 49, true, (ap_q_mode)5, (ap_o_mode)3, 0>::operator=<96, 48, true, (ap_q_mode)5, (ap_o_mode)3, 0>(ap_fixed_base<96, 48, true, (ap_q_mode)5, (ap_o_mode)3, 0> const&)' (C:/Xilinx/Vitis_HLS/2022.2/common/technology/autopilot\ap_fixed_base.h:808:9)
INFO: [HLS 214-131] Inlining function '_ZN8ssdm_intILi97ELb1EEC2EDq97_i' into 'ap_fixed_base<97, 49, true, (ap_q_mode)5, (ap_o_mode)3, 0>::ap_fixed_base<96, 48, true, (ap_q_mode)5, (ap_o_mode)3, 0>(ap_fixed_base<96, 48, true, (ap_q_mode)5, (ap_o_mode)3, 0> const&)' (C:/Xilinx/Vitis_HLS/2022.2/common/technology/autopilot\ap_fixed_base.h:401:80)
INFO: [HLS 214-131] Inlining function 'ap_fixed_base<97, 49, true, (ap_q_mode)5, (ap_o_mode)3, 0>& ap_fixed_base<97, 49, true, (ap_q_mode)5, (ap_o_mode)3, 0>::operator=<96, 48, true, (ap_q_mode)5, (ap_o_mode)3, 0>(ap_fixed_base<96, 48, true, (ap_q_mode)5, (ap_o_mode)3, 0> const&)' into 'ap_fixed_base<97, 49, true, (ap_q_mode)5, (ap_o_mode)3, 0>::ap_fixed_base<96, 48, true, (ap_q_mode)5, (ap_o_mode)3, 0>(ap_fixed_base<96, 48, true, (ap_q_mode)5, (ap_o_mode)3, 0> const&)' (C:/Xilinx/Vitis_HLS/2022.2/common/technology/autopilot\ap_fixed_base.h:403:5)
INFO: [HLS 214-131] Inlining function 'ap_fixed_base<97, 49, true, (ap_q_mode)5, (ap_o_mode)3, 0>::ap_fixed_base(int)' into 'ap_fixed_base<48, 24, true, (ap_q_mode)5, (ap_o_mode)3, 0>::RType<96, 48, true>::plus ap_fixed_base<48, 24, true, (ap_q_mode)5, (ap_o_mode)3, 0>::operator+<96, 48, true, (ap_q_mode)5, (ap_o_mode)3, 0>(ap_fixed_base<96, 48, true, (ap_q_mode)5, (ap_o_mode)3, 0> const&) const' (C:/Xilinx/Vitis_HLS/2022.2/common/technology/autopilot\ap_fixed_base.h:1347:325)
INFO: [HLS 214-131] Inlining function 'ap_fixed_base<97, 49, true, (ap_q_mode)5, (ap_o_mode)3, 0>::ap_fixed_base<96, 48, true, (ap_q_mode)5, (ap_o_mode)3, 0>(ap_fixed_base<96, 48, true, (ap_q_mode)5, (ap_o_mode)3, 0> const&)' into 'ap_fixed_base<48, 24, true, (ap_q_mode)5, (ap_o_mode)3, 0>::RType<96, 48, true>::plus ap_fixed_base<48, 24, true, (ap_q_mode)5, (ap_o_mode)3, 0>::operator+<96, 48, true, (ap_q_mode)5, (ap_o_mode)3, 0>(ap_fixed_base<96, 48, true, (ap_q_mode)5, (ap_o_mode)3, 0> const&) const' (C:/Xilinx/Vitis_HLS/2022.2/common/technology/autopilot\ap_fixed_base.h:1347:345)
INFO: [HLS 214-131] Inlining function 'ap_fixed_base<97, 49, true, (ap_q_mode)5, (ap_o_mode)3, 0>::ap_fixed_base<48, 24, true, (ap_q_mode)5, (ap_o_mode)3, 0>(ap_fixed_base<48, 24, true, (ap_q_mode)5, (ap_o_mode)3, 0> const&)' into 'ap_fixed_base<48, 24, true, (ap_q_mode)5, (ap_o_mode)3, 0>::RType<96, 48, true>::plus ap_fixed_base<48, 24, true, (ap_q_mode)5, (ap_o_mode)3, 0>::operator+<96, 48, true, (ap_q_mode)5, (ap_o_mode)3, 0>(ap_fixed_base<96, 48, true, (ap_q_mode)5, (ap_o_mode)3, 0> const&) const' (C:/Xilinx/Vitis_HLS/2022.2/common/technology/autopilot\ap_fixed_base.h:1347:333)
INFO: [HLS 214-131] Inlining function 'ap_fixed_base<97, 49, true, (ap_q_mode)5, (ap_o_mode)3, 0>::operator!() const' into 'ap_fixed_base<48, 24, true, (ap_q_mode)5, (ap_o_mode)3, 0>& ap_fixed_base<48, 24, true, (ap_q_mode)5, (ap_o_mode)3, 0>::operator=<97, 49, true, (ap_q_mode)5, (ap_o_mode)3, 0>(ap_fixed_base<97, 49, true, (ap_q_mode)5, (ap_o_mode)3, 0> const&)' (C:/Xilinx/Vitis_HLS/2022.2/common/technology/autopilot\ap_fixed_base.h:808:9)
INFO: [HLS 214-131] Inlining function 'ap_fixed_base<48, 24, true, (ap_q_mode)5, (ap_o_mode)3, 0>::RType<96, 48, true>::plus ap_fixed_base<48, 24, true, (ap_q_mode)5, (ap_o_mode)3, 0>::operator+<96, 48, true, (ap_q_mode)5, (ap_o_mode)3, 0>(ap_fixed_base<96, 48, true, (ap_q_mode)5, (ap_o_mode)3, 0> const&) const' into 'ap_fixed_base<48, 24, true, (ap_q_mode)5, (ap_o_mode)3, 0>& ap_fixed_base<48, 24, true, (ap_q_mode)5, (ap_o_mode)3, 0>::operator+=<96, 48, true, (ap_q_mode)5, (ap_o_mode)3, 0>(ap_fixed_base<96, 48, true, (ap_q_mode)5, (ap_o_mode)3, 0> const&)' (C:/Xilinx/Vitis_HLS/2022.2/common/technology/autopilot\ap_fixed_base.h:1367:248)
INFO: [HLS 214-131] Inlining function 'ap_fixed_base<48, 24, true, (ap_q_mode)5, (ap_o_mode)3, 0>& ap_fixed_base<48, 24, true, (ap_q_mode)5, (ap_o_mode)3, 0>::operator=<97, 49, true, (ap_q_mode)5, (ap_o_mode)3, 0>(ap_fixed_base<97, 49, true, (ap_q_mode)5, (ap_o_mode)3, 0> const&)' into 'ap_fixed_base<48, 24, true, (ap_q_mode)5, (ap_o_mode)3, 0>& ap_fixed_base<48, 24, true, (ap_q_mode)5, (ap_o_mode)3, 0>::operator+=<96, 48, true, (ap_q_mode)5, (ap_o_mode)3, 0>(ap_fixed_base<96, 48, true, (ap_q_mode)5, (ap_o_mode)3, 0> const&)' (C:/Xilinx/Vitis_HLS/2022.2/common/technology/autopilot\ap_fixed_base.h:1367:246)
INFO: [HLS 214-131] Inlining function 'ssdm_int<32, false>::ssdm_int(unsigned int)' into 'ap_int_base<32, false>::ap_int_base(unsigned long)' (C:/Xilinx/Vitis_HLS/2022.2/common/technology/autopilot\ap_int_base.h:217:77)
INFO: [HLS 214-131] Inlining function 'ap_int_base<32, false>::ap_int_base(unsigned long)' into 'ap_int_base<32, false>::countLeadingZeros() const' (C:/Xilinx/Vitis_HLS/2022.2/common/technology/autopilot\ap_int_base.h:1196:30)
INFO: [HLS 214-131] Inlining function 'ap_int_base<32, false>::countLeadingZeros() const' into 'ap_fixed_base<32, 16, true, (ap_q_mode)5, (ap_o_mode)3, 0>::to_float() const' (C:/Xilinx/Vitis_HLS/2022.2/common/technology/autopilot\ap_fixed_base.h:1097:17)
INFO: [HLS 214-131] Inlining function 'rawBitsToFloat(unsigned long)' into 'ap_fixed_base<32, 16, true, (ap_q_mode)5, (ap_o_mode)3, 0>::to_float() const' (C:/Xilinx/Vitis_HLS/2022.2/common/technology/autopilot\ap_fixed_base.h:1126:12)
INFO: [HLS 214-131] Inlining function 'ap_fixed_base<32, 16, true, (ap_q_mode)5, (ap_o_mode)3, 0>::to_float() const' into 'ap_fixed_base<32, 16, true, (ap_q_mode)5, (ap_o_mode)3, 0>::operator float() const' (C:/Xilinx/Vitis_HLS/2022.2/common/technology/autopilot\ap_fixed_base.h:1181:73)
INFO: [HLS 214-131] Inlining function 'ap_fixed_base<33, 17, true, (ap_q_mode)5, (ap_o_mode)3, 0>::ap_fixed_base(int)' into 'ap_fixed_base<32, 16, true, (ap_q_mode)5, (ap_o_mode)3, 0>::RType<32, 16, true>::plus ap_fixed_base<32, 16, true, (ap_q_mode)5, (ap_o_mode)3, 0>::operator+<32, 16, true, (ap_q_mode)5, (ap_o_mode)3, 0>(ap_fixed_base<32, 16, true, (ap_q_mode)5, (ap_o_mode)3, 0> const&) const' (C:/Xilinx/Vitis_HLS/2022.2/common/technology/autopilot\ap_fixed_base.h:1347:325)
INFO: [HLS 214-131] Inlining function 'ap_fixed_base<33, 17, true, (ap_q_mode)5, (ap_o_mode)3, 0>::ap_fixed_base<32, 16, true, (ap_q_mode)5, (ap_o_mode)3, 0>(ap_fixed_base<32, 16, true, (ap_q_mode)5, (ap_o_mode)3, 0> const&)' into 'ap_fixed_base<32, 16, true, (ap_q_mode)5, (ap_o_mode)3, 0>::RType<32, 16, true>::plus ap_fixed_base<32, 16, true, (ap_q_mode)5, (ap_o_mode)3, 0>::operator+<32, 16, true, (ap_q_mode)5, (ap_o_mode)3, 0>(ap_fixed_base<32, 16, true, (ap_q_mode)5, (ap_o_mode)3, 0> const&) const' (C:/Xilinx/Vitis_HLS/2022.2/common/technology/autopilot\ap_fixed_base.h:1347:345)
INFO: [HLS 214-131] Inlining function 'ap_fixed_base<33, 17, true, (ap_q_mode)5, (ap_o_mode)3, 0>::ap_fixed_base<32, 16, true, (ap_q_mode)5, (ap_o_mode)3, 0>(ap_fixed_base<32, 16, true, (ap_q_mode)5, (ap_o_mode)3, 0> const&)' into 'ap_fixed_base<32, 16, true, (ap_q_mode)5, (ap_o_mode)3, 0>::RType<32, 16, true>::plus ap_fixed_base<32, 16, true, (ap_q_mode)5, (ap_o_mode)3, 0>::operator+<32, 16, true, (ap_q_mode)5, (ap_o_mode)3, 0>(ap_fixed_base<32, 16, true, (ap_q_mode)5, (ap_o_mode)3, 0> const&) const' (C:/Xilinx/Vitis_HLS/2022.2/common/technology/autopilot\ap_fixed_base.h:1347:333)
INFO: [HLS 214-131] Inlining function 'ap_fixed_base<32, 16, true, (ap_q_mode)5, (ap_o_mode)3, 0>::operator!() const' into 'ap_fixed_base<48, 16, true, (ap_q_mode)5, (ap_o_mode)3, 0>& ap_fixed_base<48, 16, true, (ap_q_mode)5, (ap_o_mode)3, 0>::operator=<32, 16, true, (ap_q_mode)5, (ap_o_mode)3, 0>(ap_fixed_base<32, 16, true, (ap_q_mode)5, (ap_o_mode)3, 0> const&)' (C:/Xilinx/Vitis_HLS/2022.2/common/technology/autopilot\ap_fixed_base.h:808:9)
INFO: [HLS 214-131] Inlining function '_ZN8ssdm_intILi48ELb1EEC2EDq48_i' into 'ap_fixed_base<48, 16, true, (ap_q_mode)5, (ap_o_mode)3, 0>::ap_fixed_base<32, 16, true, (ap_q_mode)5, (ap_o_mode)3, 0>(ap_fixed_base<32, 16, true, (ap_q_mode)5, (ap_o_mode)3, 0> const&)' (C:/Xilinx/Vitis_HLS/2022.2/common/technology/autopilot\ap_fixed_base.h:401:80)
INFO: [HLS 214-131] Inlining function 'ap_fixed_base<48, 16, true, (ap_q_mode)5, (ap_o_mode)3, 0>& ap_fixed_base<48, 16, true, (ap_q_mode)5, (ap_o_mode)3, 0>::operator=<32, 16, true, (ap_q_mode)5, (ap_o_mode)3, 0>(ap_fixed_base<32, 16, true, (ap_q_mode)5, (ap_o_mode)3, 0> const&)' into 'ap_fixed_base<48, 16, true, (ap_q_mode)5, (ap_o_mode)3, 0>::ap_fixed_base<32, 16, true, (ap_q_mode)5, (ap_o_mode)3, 0>(ap_fixed_base<32, 16, true, (ap_q_mode)5, (ap_o_mode)3, 0> const&)' (C:/Xilinx/Vitis_HLS/2022.2/common/technology/autopilot\ap_fixed_base.h:403:5)
INFO: [HLS 214-131] Inlining function 'ap_fixed_base<48, 16, true, (ap_q_mode)5, (ap_o_mode)3, 0>::ap_fixed_base<32, 16, true, (ap_q_mode)5, (ap_o_mode)3, 0>(ap_fixed_base<32, 16, true, (ap_q_mode)5, (ap_o_mode)3, 0> const&)' into 'ap_fixed_base<32, 16, true, (ap_q_mode)5, (ap_o_mode)3, 0>::RType<32, 16, true>::div ap_fixed_base<32, 16, true, (ap_q_mode)5, (ap_o_mode)3, 0>::operator/<32, 16, true, (ap_q_mode)5, (ap_o_mode)3, 0>(ap_fixed_base<32, 16, true, (ap_q_mode)5, (ap_o_mode)3, 0> const&) const' (C:/Xilinx/Vitis_HLS/2022.2/common/technology/autopilot\ap_fixed_base.h:1299:97)
INFO: [HLS 214-131] Inlining function 'ap_fixed_base<49, 33, true, (ap_q_mode)5, (ap_o_mode)3, 0>::operator!() const' into 'ap_fixed_base<32, 16, true, (ap_q_mode)5, (ap_o_mode)3, 0>& ap_fixed_base<32, 16, true, (ap_q_mode)5, (ap_o_mode)3, 0>::operator=<49, 33, true, (ap_q_mode)5, (ap_o_mode)3, 0>(ap_fixed_base<49, 33, true, (ap_q_mode)5, (ap_o_mode)3, 0> const&)' (C:/Xilinx/Vitis_HLS/2022.2/common/technology/autopilot\ap_fixed_base.h:808:9)
INFO: [HLS 214-131] Inlining function 'ssdm_int<32, true>::ssdm_int(int)' into 'ap_fixed_base<32, 16, true, (ap_q_mode)5, (ap_o_mode)3, 0>::ap_fixed_base<49, 33, true, (ap_q_mode)5, (ap_o_mode)3, 0>(ap_fixed_base<49, 33, true, (ap_q_mode)5, (ap_o_mode)3, 0> const&)' (C:/Xilinx/Vitis_HLS/2022.2/common/technology/autopilot\ap_fixed_base.h:401:80)
INFO: [HLS 214-131] Inlining function 'ap_fixed_base<32, 16, true, (ap_q_mode)5, (ap_o_mode)3, 0>& ap_fixed_base<32, 16, true, (ap_q_mode)5, (ap_o_mode)3, 0>::operator=<49, 33, true, (ap_q_mode)5, (ap_o_mode)3, 0>(ap_fixed_base<49, 33, true, (ap_q_mode)5, (ap_o_mode)3, 0> const&)' into 'ap_fixed_base<32, 16, true, (ap_q_mode)5, (ap_o_mode)3, 0>::ap_fixed_base<49, 33, true, (ap_q_mode)5, (ap_o_mode)3, 0>(ap_fixed_base<49, 33, true, (ap_q_mode)5, (ap_o_mode)3, 0> const&)' (C:/Xilinx/Vitis_HLS/2022.2/common/technology/autopilot\ap_fixed_base.h:403:5)
INFO: [HLS 214-131] Inlining function 'ap_fixed_base<32, 16, true, (ap_q_mode)5, (ap_o_mode)3, 0>::ap_fixed_base<49, 33, true, (ap_q_mode)5, (ap_o_mode)3, 0>(ap_fixed_base<49, 33, true, (ap_q_mode)5, (ap_o_mode)3, 0> const&)' into 'ap_fixed<32, 16, (ap_q_mode)5, (ap_o_mode)3, 0>::ap_fixed<49, 33, true, (ap_q_mode)5, (ap_o_mode)3, 0>(ap_fixed_base<49, 33, true, (ap_q_mode)5, (ap_o_mode)3, 0> const&)'
INFO: [HLS 214-131] Inlining function 'ap_fixed_base<32, 32, true, (ap_q_mode)5, (ap_o_mode)3, 0>::operator!() const' into 'ap_fixed_base<65, 33, true, (ap_q_mode)5, (ap_o_mode)3, 0>& ap_fixed_base<65, 33, true, (ap_q_mode)5, (ap_o_mode)3, 0>::operator=<32, 32, true, (ap_q_mode)5, (ap_o_mode)3, 0>(ap_fixed_base<32, 32, true, (ap_q_mode)5, (ap_o_mode)3, 0> const&)' (C:/Xilinx/Vitis_HLS/2022.2/common/technology/autopilot\ap_fixed_base.h:808:9)
INFO: [HLS 214-131] Inlining function 'ap_fixed_base<65, 33, true, (ap_q_mode)5, (ap_o_mode)3, 0>& ap_fixed_base<65, 33, true, (ap_q_mode)5, (ap_o_mode)3, 0>::operator=<32, 32, true, (ap_q_mode)5, (ap_o_mode)3, 0>(ap_fixed_base<32, 32, true, (ap_q_mode)5, (ap_o_mode)3, 0> const&)' into 'ap_fixed_base<65, 33, true, (ap_q_mode)5, (ap_o_mode)3, 0>::ap_fixed_base(int)' (C:/Xilinx/Vitis_HLS/2022.2/common/technology/autopilot\ap_fixed_base.h:530:146)
INFO: [HLS 214-131] Inlining function 'ap_fixed_base<65, 33, true, (ap_q_mode)5, (ap_o_mode)3, 0>::ap_fixed_base(int)' into 'ap_fixed_base<33, 17, true, (ap_q_mode)5, (ap_o_mode)3, 0>::RType<32, 16, true>::mult ap_fixed_base<33, 17, true, (ap_q_mode)5, (ap_o_mode)3, 0>::operator*<32, 16, true, (ap_q_mode)5, (ap_o_mode)3, 0>(ap_fixed_base<32, 16, true, (ap_q_mode)5, (ap_o_mode)3, 0> const&) const' (C:/Xilinx/Vitis_HLS/2022.2/common/technology/autopilot\ap_fixed_base.h:1270:55)
INFO: [HLS 214-131] Inlining function 'ap_fixed_base<65, 33, true, (ap_q_mode)5, (ap_o_mode)3, 0>::ap_fixed_base(int)' into 'ap_fixed_base<33, 17, true, (ap_q_mode)5, (ap_o_mode)3, 0>::RType<32, 16, true>::mult ap_fixed_base<33, 17, true, (ap_q_mode)5, (ap_o_mode)3, 0>::operator*<32, 16, true, (ap_q_mode)5, (ap_o_mode)3, 0>(ap_fixed_base<32, 16, true, (ap_q_mode)5, (ap_o_mode)3, 0> const&) const' (C:/Xilinx/Vitis_HLS/2022.2/common/technology/autopilot\ap_fixed_base.h:1270:61)
INFO: [HLS 214-131] Inlining function 'ap_fixed_base<65, 33, true, (ap_q_mode)5, (ap_o_mode)3, 0>::operator!() const' into 'ap_fixed_base<32, 16, true, (ap_q_mode)5, (ap_o_mode)3, 0>& ap_fixed_base<32, 16, true, (ap_q_mode)5, (ap_o_mode)3, 0>::operator=<65, 33, true, (ap_q_mode)5, (ap_o_mode)3, 0>(ap_fixed_base<65, 33, true, (ap_q_mode)5, (ap_o_mode)3, 0> const&)' (C:/Xilinx/Vitis_HLS/2022.2/common/technology/autopilot\ap_fixed_base.h:808:9)
INFO: [HLS 214-131] Inlining function 'ssdm_int<32, true>::ssdm_int(int)' into 'ap_fixed_base<32, 16, true, (ap_q_mode)5, (ap_o_mode)3, 0>::ap_fixed_base<65, 33, true, (ap_q_mode)5, (ap_o_mode)3, 0>(ap_fixed_base<65, 33, true, (ap_q_mode)5, (ap_o_mode)3, 0> const&)' (C:/Xilinx/Vitis_HLS/2022.2/common/technology/autopilot\ap_fixed_base.h:401:80)
INFO: [HLS 214-131] Inlining function 'ap_fixed_base<32, 16, true, (ap_q_mode)5, (ap_o_mode)3, 0>& ap_fixed_base<32, 16, true, (ap_q_mode)5, (ap_o_mode)3, 0>::operator=<65, 33, true, (ap_q_mode)5, (ap_o_mode)3, 0>(ap_fixed_base<65, 33, true, (ap_q_mode)5, (ap_o_mode)3, 0> const&)' into 'ap_fixed_base<32, 16, true, (ap_q_mode)5, (ap_o_mode)3, 0>::ap_fixed_base<65, 33, true, (ap_q_mode)5, (ap_o_mode)3, 0>(ap_fixed_base<65, 33, true, (ap_q_mode)5, (ap_o_mode)3, 0> const&)' (C:/Xilinx/Vitis_HLS/2022.2/common/technology/autopilot\ap_fixed_base.h:403:5)
INFO: [HLS 214-131] Inlining function 'ap_fixed_base<32, 16, true, (ap_q_mode)5, (ap_o_mode)3, 0>::ap_fixed_base<65, 33, true, (ap_q_mode)5, (ap_o_mode)3, 0>(ap_fixed_base<65, 33, true, (ap_q_mode)5, (ap_o_mode)3, 0> const&)' into 'ap_fixed<32, 16, (ap_q_mode)5, (ap_o_mode)3, 0>::ap_fixed<65, 33, true, (ap_q_mode)5, (ap_o_mode)3, 0>(ap_fixed_base<65, 33, true, (ap_q_mode)5, (ap_o_mode)3, 0> const&)'
INFO: [HLS 214-131] Inlining function 'ap_fixed_base<32, 32, true, (ap_q_mode)5, (ap_o_mode)3, 0>::operator!() const' into 'ap_fixed_base<32, 16, true, (ap_q_mode)5, (ap_o_mode)3, 0>& ap_fixed_base<32, 16, true, (ap_q_mode)5, (ap_o_mode)3, 0>::operator=<32, 32, true, (ap_q_mode)5, (ap_o_mode)3, 0>(ap_fixed_base<32, 32, true, (ap_q_mode)5, (ap_o_mode)3, 0> const&)' (C:/Xilinx/Vitis_HLS/2022.2/common/technology/autopilot\ap_fixed_base.h:808:9)
INFO: [HLS 214-131] Inlining function 'ap_fixed_base<32, 16, true, (ap_q_mode)5, (ap_o_mode)3, 0>& ap_fixed_base<32, 16, true, (ap_q_mode)5, (ap_o_mode)3, 0>::operator=<32, 32, true, (ap_q_mode)5, (ap_o_mode)3, 0>(ap_fixed_base<32, 32, true, (ap_q_mode)5, (ap_o_mode)3, 0> const&)' into 'ap_fixed_base<32, 16, true, (ap_q_mode)5, (ap_o_mode)3, 0>::ap_fixed_base(int)' (C:/Xilinx/Vitis_HLS/2022.2/common/technology/autopilot\ap_fixed_base.h:530:146)
INFO: [HLS 214-131] Inlining function 'ap_fixed_base<32, 16, true, (ap_q_mode)5, (ap_o_mode)3, 0>::ap_fixed_base(int)' into 'ap_fixed<32, 16, (ap_q_mode)5, (ap_o_mode)3, 0>::ap_fixed(int)'
INFO: [HLS 214-131] Inlining function 'ap_fixed_base<48, 24, true, (ap_q_mode)5, (ap_o_mode)3, 0>::operator!() const' into 'ap_fixed_base<32, 16, true, (ap_q_mode)5, (ap_o_mode)3, 0>& ap_fixed_base<32, 16, true, (ap_q_mode)5, (ap_o_mode)3, 0>::operator=<48, 24, true, (ap_q_mode)5, (ap_o_mode)3, 0>(ap_fixed_base<48, 24, true, (ap_q_mode)5, (ap_o_mode)3, 0> const&)' (C:/Xilinx/Vitis_HLS/2022.2/common/technology/autopilot\ap_fixed_base.h:808:9)
INFO: [HLS 214-131] Inlining function 'ssdm_int<32, true>::ssdm_int(int)' into 'ap_fixed_base<32, 16, true, (ap_q_mode)5, (ap_o_mode)3, 0>::ap_fixed_base<48, 24, true, (ap_q_mode)5, (ap_o_mode)3, 0>(ap_fixed_base<48, 24, true, (ap_q_mode)5, (ap_o_mode)3, 0> const&)' (C:/Xilinx/Vitis_HLS/2022.2/common/technology/autopilot\ap_fixed_base.h:401:80)
INFO: [HLS 214-131] Inlining function 'ap_fixed_base<32, 16, true, (ap_q_mode)5, (ap_o_mode)3, 0>& ap_fixed_base<32, 16, true, (ap_q_mode)5, (ap_o_mode)3, 0>::operator=<48, 24, true, (ap_q_mode)5, (ap_o_mode)3, 0>(ap_fixed_base<48, 24, true, (ap_q_mode)5, (ap_o_mode)3, 0> const&)' into 'ap_fixed_base<32, 16, true, (ap_q_mode)5, (ap_o_mode)3, 0>::ap_fixed_base<48, 24, true, (ap_q_mode)5, (ap_o_mode)3, 0>(ap_fixed_base<48, 24, true, (ap_q_mode)5, (ap_o_mode)3, 0> const&)' (C:/Xilinx/Vitis_HLS/2022.2/common/technology/autopilot\ap_fixed_base.h:403:5)
INFO: [HLS 214-131] Inlining function 'ap_fixed_base<32, 16, true, (ap_q_mode)5, (ap_o_mode)3, 0>::ap_fixed_base<48, 24, true, (ap_q_mode)5, (ap_o_mode)3, 0>(ap_fixed_base<48, 24, true, (ap_q_mode)5, (ap_o_mode)3, 0> const&)' into 'ap_fixed<32, 16, (ap_q_mode)5, (ap_o_mode)3, 0>::ap_fixed<48, 24, true, (ap_q_mode)5, (ap_o_mode)3, 0>(ap_fixed_base<48, 24, true, (ap_q_mode)5, (ap_o_mode)3, 0> const&)'
INFO: [HLS 214-131] Inlining function 'bool ap_fixed_base<32, 16, true, (ap_q_mode)5, (ap_o_mode)3, 0>::operator><32, 16, true, (ap_q_mode)5, (ap_o_mode)3, 0>(ap_fixed_base<32, 16, true, (ap_q_mode)5, (ap_o_mode)3, 0> const&) const' into 'relu(ap_fixed<32, 16, (ap_q_mode)5, (ap_o_mode)3, 0>)' (C:/ecg_hls/include/ecg_types.h:62:15)
INFO: [HLS 214-131] Inlining function 'ap_fixed_base<48, 24, true, (ap_q_mode)5, (ap_o_mode)3, 0>& ap_fixed_base<48, 24, true, (ap_q_mode)5, (ap_o_mode)3, 0>::operator+=<96, 48, true, (ap_q_mode)5, (ap_o_mode)3, 0>(ap_fixed_base<96, 48, true, (ap_q_mode)5, (ap_o_mode)3, 0> const&)' into 'conv_layer01234_fused(ap_fixed<32, 16, (ap_q_mode)5, (ap_o_mode)3, 0>*, ap_fixed<32, 16, (ap_q_mode)5, (ap_o_mode)3, 0> (*) [1])' (src/ecg_denoiser.cpp:217:25)
INFO: [HLS 214-131] Inlining function 'ap_fixed_base<48, 24, true, (ap_q_mode)5, (ap_o_mode)3, 0>::RType<48, 24, true>::mult ap_fixed_base<48, 24, true, (ap_q_mode)5, (ap_o_mode)3, 0>::operator*<48, 24, true, (ap_q_mode)5, (ap_o_mode)3, 0>(ap_fixed_base<48, 24, true, (ap_q_mode)5, (ap_o_mode)3, 0> const&) const' into 'conv_layer01234_fused(ap_fixed<32, 16, (ap_q_mode)5, (ap_o_mode)3, 0>*, ap_fixed<32, 16, (ap_q_mode)5, (ap_o_mode)3, 0> (*) [1])' (src/ecg_denoiser.cpp:217:37)
INFO: [HLS 214-131] Inlining function 'ap_fixed_base<48, 24, true, (ap_q_mode)5, (ap_o_mode)3, 0>& ap_fixed_base<48, 24, true, (ap_q_mode)5, (ap_o_mode)3, 0>::operator+=<96, 48, true, (ap_q_mode)5, (ap_o_mode)3, 0>(ap_fixed_base<96, 48, true, (ap_q_mode)5, (ap_o_mode)3, 0> const&)' into 'conv_layer01234_fused(ap_fixed<32, 16, (ap_q_mode)5, (ap_o_mode)3, 0>*, ap_fixed<32, 16, (ap_q_mode)5, (ap_o_mode)3, 0> (*) [1])' (src/ecg_denoiser.cpp:186:26)
INFO: [HLS 214-131] Inlining function 'ap_fixed_base<48, 24, true, (ap_q_mode)5, (ap_o_mode)3, 0>::RType<48, 24, true>::mult ap_fixed_base<48, 24, true, (ap_q_mode)5, (ap_o_mode)3, 0>::operator*<48, 24, true, (ap_q_mode)5, (ap_o_mode)3, 0>(ap_fixed_base<48, 24, true, (ap_q_mode)5, (ap_o_mode)3, 0> const&) const' into 'conv_layer01234_fused(ap_fixed<32, 16, (ap_q_mode)5, (ap_o_mode)3, 0>*, ap_fixed<32, 16, (ap_q_mode)5, (ap_o_mode)3, 0> (*) [1])' (src/ecg_denoiser.cpp:186:38)
INFO: [HLS 214-131] Inlining function 'ap_fixed_base<48, 24, true, (ap_q_mode)5, (ap_o_mode)3, 0>& ap_fixed_base<48, 24, true, (ap_q_mode)5, (ap_o_mode)3, 0>::operator+=<96, 48, true, (ap_q_mode)5, (ap_o_mode)3, 0>(ap_fixed_base<96, 48, true, (ap_q_mode)5, (ap_o_mode)3, 0> const&)' into 'conv_layer01234_fused(ap_fixed<32, 16, (ap_q_mode)5, (ap_o_mode)3, 0>*, ap_fixed<32, 16, (ap_q_mode)5, (ap_o_mode)3, 0> (*) [1])' (src/ecg_denoiser.cpp:185:26)
INFO: [HLS 214-131] Inlining function 'ap_fixed_base<48, 24, true, (ap_q_mode)5, (ap_o_mode)3, 0>::RType<48, 24, true>::mult ap_fixed_base<48, 24, true, (ap_q_mode)5, (ap_o_mode)3, 0>::operator*<48, 24, true, (ap_q_mode)5, (ap_o_mode)3, 0>(ap_fixed_base<48, 24, true, (ap_q_mode)5, (ap_o_mode)3, 0> const&) const' into 'conv_layer01234_fused(ap_fixed<32, 16, (ap_q_mode)5, (ap_o_mode)3, 0>*, ap_fixed<32, 16, (ap_q_mode)5, (ap_o_mode)3, 0> (*) [1])' (src/ecg_denoiser.cpp:185:38)
INFO: [HLS 214-131] Inlining function 'ap_fixed_base<48, 24, true, (ap_q_mode)5, (ap_o_mode)3, 0>& ap_fixed_base<48, 24, true, (ap_q_mode)5, (ap_o_mode)3, 0>::operator+=<96, 48, true, (ap_q_mode)5, (ap_o_mode)3, 0>(ap_fixed_base<96, 48, true, (ap_q_mode)5, (ap_o_mode)3, 0> const&)' into 'conv_layer01234_fused(ap_fixed<32, 16, (ap_q_mode)5, (ap_o_mode)3, 0>*, ap_fixed<32, 16, (ap_q_mode)5, (ap_o_mode)3, 0> (*) [1])' (src/ecg_denoiser.cpp:151:26)
INFO: [HLS 214-131] Inlining function 'ap_fixed_base<48, 24, true, (ap_q_mode)5, (ap_o_mode)3, 0>::RType<48, 24, true>::mult ap_fixed_base<48, 24, true, (ap_q_mode)5, (ap_o_mode)3, 0>::operator*<48, 24, true, (ap_q_mode)5, (ap_o_mode)3, 0>(ap_fixed_base<48, 24, true, (ap_q_mode)5, (ap_o_mode)3, 0> const&) const' into 'conv_layer01234_fused(ap_fixed<32, 16, (ap_q_mode)5, (ap_o_mode)3, 0>*, ap_fixed<32, 16, (ap_q_mode)5, (ap_o_mode)3, 0> (*) [1])' (src/ecg_denoiser.cpp:151:38)
INFO: [HLS 214-131] Inlining function 'ap_fixed_base<48, 24, true, (ap_q_mode)5, (ap_o_mode)3, 0>& ap_fixed_base<48, 24, true, (ap_q_mode)5, (ap_o_mode)3, 0>::operator+=<96, 48, true, (ap_q_mode)5, (ap_o_mode)3, 0>(ap_fixed_base<96, 48, true, (ap_q_mode)5, (ap_o_mode)3, 0> const&)' into 'conv_layer01234_fused(ap_fixed<32, 16, (ap_q_mode)5, (ap_o_mode)3, 0>*, ap_fixed<32, 16, (ap_q_mode)5, (ap_o_mode)3, 0> (*) [1])' (src/ecg_denoiser.cpp:150:26)
INFO: [HLS 214-131] Inlining function 'ap_fixed_base<48, 24, true, (ap_q_mode)5, (ap_o_mode)3, 0>::RType<48, 24, true>::mult ap_fixed_base<48, 24, true, (ap_q_mode)5, (ap_o_mode)3, 0>::operator*<48, 24, true, (ap_q_mode)5, (ap_o_mode)3, 0>(ap_fixed_base<48, 24, true, (ap_q_mode)5, (ap_o_mode)3, 0> const&) const' into 'conv_layer01234_fused(ap_fixed<32, 16, (ap_q_mode)5, (ap_o_mode)3, 0>*, ap_fixed<32, 16, (ap_q_mode)5, (ap_o_mode)3, 0> (*) [1])' (src/ecg_denoiser.cpp:150:38)
INFO: [HLS 214-131] Inlining function 'ap_fixed_base<48, 24, true, (ap_q_mode)5, (ap_o_mode)3, 0>& ap_fixed_base<48, 24, true, (ap_q_mode)5, (ap_o_mode)3, 0>::operator+=<96, 48, true, (ap_q_mode)5, (ap_o_mode)3, 0>(ap_fixed_base<96, 48, true, (ap_q_mode)5, (ap_o_mode)3, 0> const&)' into 'conv_layer01234_fused(ap_fixed<32, 16, (ap_q_mode)5, (ap_o_mode)3, 0>*, ap_fixed<32, 16, (ap_q_mode)5, (ap_o_mode)3, 0> (*) [1])' (src/ecg_denoiser.cpp:116:26)
INFO: [HLS 214-131] Inlining function 'ap_fixed_base<48, 24, true, (ap_q_mode)5, (ap_o_mode)3, 0>::RType<48, 24, true>::mult ap_fixed_base<48, 24, true, (ap_q_mode)5, (ap_o_mode)3, 0>::operator*<48, 24, true, (ap_q_mode)5, (ap_o_mode)3, 0>(ap_fixed_base<48, 24, true, (ap_q_mode)5, (ap_o_mode)3, 0> const&) const' into 'conv_layer01234_fused(ap_fixed<32, 16, (ap_q_mode)5, (ap_o_mode)3, 0>*, ap_fixed<32, 16, (ap_q_mode)5, (ap_o_mode)3, 0> (*) [1])' (src/ecg_denoiser.cpp:116:38)
INFO: [HLS 214-131] Inlining function 'ap_fixed_base<48, 24, true, (ap_q_mode)5, (ap_o_mode)3, 0>& ap_fixed_base<48, 24, true, (ap_q_mode)5, (ap_o_mode)3, 0>::operator+=<96, 48, true, (ap_q_mode)5, (ap_o_mode)3, 0>(ap_fixed_base<96, 48, true, (ap_q_mode)5, (ap_o_mode)3, 0> const&)' into 'conv_layer01234_fused(ap_fixed<32, 16, (ap_q_mode)5, (ap_o_mode)3, 0>*, ap_fixed<32, 16, (ap_q_mode)5, (ap_o_mode)3, 0> (*) [1])' (src/ecg_denoiser.cpp:115:26)
INFO: [HLS 214-131] Inlining function 'ap_fixed_base<48, 24, true, (ap_q_mode)5, (ap_o_mode)3, 0>::RType<48, 24, true>::mult ap_fixed_base<48, 24, true, (ap_q_mode)5, (ap_o_mode)3, 0>::operator*<48, 24, true, (ap_q_mode)5, (ap_o_mode)3, 0>(ap_fixed_base<48, 24, true, (ap_q_mode)5, (ap_o_mode)3, 0> const&) const' into 'conv_layer01234_fused(ap_fixed<32, 16, (ap_q_mode)5, (ap_o_mode)3, 0>*, ap_fixed<32, 16, (ap_q_mode)5, (ap_o_mode)3, 0> (*) [1])' (src/ecg_denoiser.cpp:115:38)
INFO: [HLS 214-131] Inlining function 'ap_fixed_base<48, 24, true, (ap_q_mode)5, (ap_o_mode)3, 0>& ap_fixed_base<48, 24, true, (ap_q_mode)5, (ap_o_mode)3, 0>::operator+=<96, 48, true, (ap_q_mode)5, (ap_o_mode)3, 0>(ap_fixed_base<96, 48, true, (ap_q_mode)5, (ap_o_mode)3, 0> const&)' into 'conv_layer01234_fused(ap_fixed<32, 16, (ap_q_mode)5, (ap_o_mode)3, 0>*, ap_fixed<32, 16, (ap_q_mode)5, (ap_o_mode)3, 0> (*) [1])' (src/ecg_denoiser.cpp:83:21)
INFO: [HLS 214-131] Inlining function 'ap_fixed_base<48, 24, true, (ap_q_mode)5, (ap_o_mode)3, 0>::RType<48, 24, true>::mult ap_fixed_base<48, 24, true, (ap_q_mode)5, (ap_o_mode)3, 0>::operator*<48, 24, true, (ap_q_mode)5, (ap_o_mode)3, 0>(ap_fixed_base<48, 24, true, (ap_q_mode)5, (ap_o_mode)3, 0> const&) const' into 'conv_layer01234_fused(ap_fixed<32, 16, (ap_q_mode)5, (ap_o_mode)3, 0>*, ap_fixed<32, 16, (ap_q_mode)5, (ap_o_mode)3, 0> (*) [1])' (src/ecg_denoiser.cpp:83:33)
INFO: [HLS 214-131] Inlining function 'af_range_ref<32, 16, true, (ap_q_mode)5, (ap_o_mode)3, 0>::get() const' into 'ap_int_base<32, false>::ap_int_base<32, 16, true, (ap_q_mode)5, (ap_o_mode)3, 0>(af_range_ref<32, 16, true, (ap_q_mode)5, (ap_o_mode)3, 0> const&)' (C:/Xilinx/Vitis_HLS/2022.2/common/technology/autopilot\ap_int_base.h:403:20)
INFO: [HLS 214-131] Inlining function 'ap_int_base<32, false>::ap_int_base<32, 16, true, (ap_q_mode)5, (ap_o_mode)3, 0>(af_range_ref<32, 16, true, (ap_q_mode)5, (ap_o_mode)3, 0> const&)' into 'ap_range_ref<32, false>& ap_range_ref<32, false>::operator=<32, 16, true, (ap_q_mode)5, (ap_o_mode)3, 0>(af_range_ref<32, 16, true, (ap_q_mode)5, (ap_o_mode)3, 0> const&)' (C:/Xilinx/Vitis_HLS/2022.2/common/technology/autopilot\ap_int_ref.h:405:22)
INFO: [HLS 214-131] Inlining function 'ap_range_ref<32, false>& ap_range_ref<32, false>::operator=<32, false>(ap_int_base<32, false> const&)' into 'ap_range_ref<32, false>& ap_range_ref<32, false>::operator=<32, 16, true, (ap_q_mode)5, (ap_o_mode)3, 0>(af_range_ref<32, 16, true, (ap_q_mode)5, (ap_o_mode)3, 0> const&)' (C:/Xilinx/Vitis_HLS/2022.2/common/technology/autopilot\ap_int_ref.h:405:12)
INFO: [HLS 214-131] Inlining function '_ZN8ssdm_intILi4ELb0EEC2EDq4_j' into 'ap_int_base<4, false>::ap_int_base(int)' (C:/Xilinx/Vitis_HLS/2022.2/common/technology/autopilot\ap_int_base.h:214:67)
INFO: [HLS 214-131] Inlining function 'ap_int_base<4, false>::ap_int_base(int)' into 'ap_uint<4>::ap_uint(int)'
INFO: [HLS 214-131] Inlining function 'ap_int_base<1, false>::ap_int_base(int)' into 'ap_uint<1>::ap_uint(int)'
INFO: [HLS 214-131] Inlining function 'hls::axis<ap_uint<32>, 1ul, 1ul, 1ul>::get_user_ptr()' into 'hls::stream<hls::axis<ap_uint<32>, 1ul, 1ul, 1ul>, 0>::write(hls::axis<ap_uint<32>, 1ul, 1ul, 1ul> const&)' (C:/Xilinx/Vitis_HLS/2022.2/common/technology/autopilot\ap_axi_sdata.h:258:51)
INFO: [HLS 214-131] Inlining function 'hls::axis<ap_uint<32>, 1ul, 1ul, 1ul>::get_dest_ptr()' into 'hls::stream<hls::axis<ap_uint<32>, 1ul, 1ul, 1ul>, 0>::write(hls::axis<ap_uint<32>, 1ul, 1ul, 1ul> const&)' (C:/Xilinx/Vitis_HLS/2022.2/common/technology/autopilot\ap_axi_sdata.h:261:26)
INFO: [HLS 214-131] Inlining function 'hls::axis<ap_uint<32>, 1ul, 1ul, 1ul>::get_id_ptr()' into 'hls::stream<hls::axis<ap_uint<32>, 1ul, 1ul, 1ul>, 0>::write(hls::axis<ap_uint<32>, 1ul, 1ul, 1ul> const&)' (C:/Xilinx/Vitis_HLS/2022.2/common/technology/autopilot\ap_axi_sdata.h:260:68)
INFO: [HLS 214-131] Inlining function 'hls::axis<ap_uint<32>, 1ul, 1ul, 1ul>::get_user_ptr()' into 'hls::stream<hls::axis<ap_uint<32>, 1ul, 1ul, 1ul>, 0>::write(hls::axis<ap_uint<32>, 1ul, 1ul, 1ul> const&)' (C:/Xilinx/Vitis_HLS/2022.2/common/technology/autopilot\ap_axi_sdata.h:260:37)
INFO: [HLS 214-131] Inlining function 'hls::axis<ap_uint<32>, 1ul, 1ul, 1ul>::get_dest_ptr()' into 'hls::stream<hls::axis<ap_uint<32>, 1ul, 1ul, 1ul>, 0>::write(hls::axis<ap_uint<32>, 1ul, 1ul, 1ul> const&)' (C:/Xilinx/Vitis_HLS/2022.2/common/technology/autopilot\ap_axi_sdata.h:259:40)
INFO: [HLS 214-131] Inlining function 'hls::axis<ap_uint<32>, 1ul, 1ul, 1ul>::get_id_ptr()' into 'hls::stream<hls::axis<ap_uint<32>, 1ul, 1ul, 1ul>, 0>::write(hls::axis<ap_uint<32>, 1ul, 1ul, 1ul> const&)' (C:/Xilinx/Vitis_HLS/2022.2/common/technology/autopilot\ap_axi_sdata.h:259:24)
INFO: [HLS 214-131] Inlining function 'hls::stream<hls::axis<ap_uint<32>, 1ul, 1ul, 1ul>, 0>::read()' into 'ecg_denoiser(hls::stream<hls::axis<ap_uint<32>, 1ul, 1ul, 1ul>, 0>&, hls::stream<hls::axis<ap_uint<32>, 1ul, 1ul, 1ul>, 0>&)' (src/ecg_denoiser.cpp:245:29)
INFO: [HLS 214-131] Inlining function 'hls::stream<hls::axis<ap_uint<32>, 1ul, 1ul, 1ul>, 0>::write(hls::axis<ap_uint<32>, 1ul, 1ul, 1ul> const&)' into 'ecg_denoiser(hls::stream<hls::axis<ap_uint<32>, 1ul, 1ul, 1ul>, 0>&, hls::stream<hls::axis<ap_uint<32>, 1ul, 1ul, 1ul>, 0>&)' (src/ecg_denoiser.cpp:292:20)
INFO: [HLS 214-131] Inlining function 'ap_range_ref<32, false>& ap_range_ref<32, false>::operator=<32, 16, true, (ap_q_mode)5, (ap_o_mode)3, 0>(af_range_ref<32, 16, true, (ap_q_mode)5, (ap_o_mode)3, 0> const&)' into 'ecg_denoiser(hls::stream<hls::axis<ap_uint<32>, 1ul, 1ul, 1ul>, 0>&, hls::stream<hls::axis<ap_uint<32>, 1ul, 1ul, 1ul>, 0>&)' (src/ecg_denoiser.cpp:284:25)
INFO: [HLS 214-131] Inlining function 'ap_int_base<32, false>::range(int, int)' into 'ecg_denoiser(hls::stream<hls::axis<ap_uint<32>, 1ul, 1ul, 1ul>, 0>&, hls::stream<hls::axis<ap_uint<32>, 1ul, 1ul, 1ul>, 0>&)' (src/ecg_denoiser.cpp:284:13)
INFO: [HLS 214-131] Inlining function 'ap_fixed_base<32, 16, true, (ap_q_mode)5, (ap_o_mode)3, 0>::range(int, int)' into 'ecg_denoiser(hls::stream<hls::axis<ap_uint<32>, 1ul, 1ul, 1ul>, 0>&, hls::stream<hls::axis<ap_uint<32>, 1ul, 1ul, 1ul>, 0>&)' (src/ecg_denoiser.cpp:284:38)
INFO: [HLS 214-131] Inlining function 'ap_int_base<32, false>::range(int, int)' into 'ecg_denoiser(hls::stream<hls::axis<ap_uint<32>, 1ul, 1ul, 1ul>, 0>&, hls::stream<hls::axis<ap_uint<32>, 1ul, 1ul, 1ul>, 0>&)' (src/ecg_denoiser.cpp:247:40)
INFO: [HLS 214-131] Inlining function 'ap_fixed_base<33, 17, true, (ap_q_mode)5, (ap_o_mode)3, 0>::RType<32, 16, true>::mult ap_fixed_base<33, 17, true, (ap_q_mode)5, (ap_o_mode)3, 0>::operator*<32, 16, true, (ap_q_mode)5, (ap_o_mode)3, 0>(ap_fixed_base<32, 16, true, (ap_q_mode)5, (ap_o_mode)3, 0> const&) const' into 'ecg_denoiser(hls::stream<hls::axis<ap_uint<32>, 1ul, 1ul, 1ul>, 0>&, hls::stream<hls::axis<ap_uint<32>, 1ul, 1ul, 1ul>, 0>&)' (src/ecg_denoiser.cpp:274:41)
INFO: [HLS 214-131] Inlining function 'ap_fixed_base<32, 16, true, (ap_q_mode)5, (ap_o_mode)3, 0>::RType<32, 16, true>::minus ap_fixed_base<32, 16, true, (ap_q_mode)5, (ap_o_mode)3, 0>::operator-<32, 16, true, (ap_q_mode)5, (ap_o_mode)3, 0>(ap_fixed_base<32, 16, true, (ap_q_mode)5, (ap_o_mode)3, 0> const&) const' into 'ecg_denoiser(hls::stream<hls::axis<ap_uint<32>, 1ul, 1ul, 1ul>, 0>&, hls::stream<hls::axis<ap_uint<32>, 1ul, 1ul, 1ul>, 0>&)' (src/ecg_denoiser.cpp:274:30)
INFO: [HLS 214-131] Inlining function 'ap_fixed_base<32, 16, true, (ap_q_mode)5, (ap_o_mode)3, 0>::RType<32, 16, true>::div ap_fixed_base<32, 16, true, (ap_q_mode)5, (ap_o_mode)3, 0>::operator/<32, 16, true, (ap_q_mode)5, (ap_o_mode)3, 0>(ap_fixed_base<32, 16, true, (ap_q_mode)5, (ap_o_mode)3, 0> const&) const' into 'ecg_denoiser(hls::stream<hls::axis<ap_uint<32>, 1ul, 1ul, 1ul>, 0>&, hls::stream<hls::axis<ap_uint<32>, 1ul, 1ul, 1ul>, 0>&)' (src/ecg_denoiser.cpp:269:38)
INFO: [HLS 214-131] Inlining function 'ap_fixed_base<32, 16, true, (ap_q_mode)5, (ap_o_mode)3, 0>::range(int, int)' into 'ecg_denoiser(hls::stream<hls::axis<ap_uint<32>, 1ul, 1ul, 1ul>, 0>&, hls::stream<hls::axis<ap_uint<32>, 1ul, 1ul, 1ul>, 0>&)' (src/ecg_denoiser.cpp:247:22)
INFO: [HLS 214-131] Inlining function 'ap_fixed_base<32, 16, true, (ap_q_mode)5, (ap_o_mode)3, 0>::RType<32, 16, true>::plus ap_fixed_base<32, 16, true, (ap_q_mode)5, (ap_o_mode)3, 0>::operator+<32, 16, true, (ap_q_mode)5, (ap_o_mode)3, 0>(ap_fixed_base<32, 16, true, (ap_q_mode)5, (ap_o_mode)3, 0> const&) const' into 'ecg_denoiser(hls::stream<hls::axis<ap_uint<32>, 1ul, 1ul, 1ul>, 0>&, hls::stream<hls::axis<ap_uint<32>, 1ul, 1ul, 1ul>, 0>&)' (src/ecg_denoiser.cpp:268:49)
INFO: [HLS 214-131] Inlining function 'af_range_ref<32, 16, true, (ap_q_mode)5, (ap_o_mode)3, 0>& af_range_ref<32, 16, true, (ap_q_mode)5, (ap_o_mode)3, 0>::operator=<32, false>(ap_range_ref<32, false> const&)' into 'ecg_denoiser(hls::stream<hls::axis<ap_uint<32>, 1ul, 1ul, 1ul>, 0>&, hls::stream<hls::axis<ap_uint<32>, 1ul, 1ul, 1ul>, 0>&)' (src/ecg_denoiser.cpp:247:34)
INFO: [HLS 214-131] Inlining function 'ap_fixed_base<32, 16, true, (ap_q_mode)5, (ap_o_mode)3, 0>::operator float() const' into 'ecg_denoiser(hls::stream<hls::axis<ap_uint<32>, 1ul, 1ul, 1ul>, 0>&, hls::stream<hls::axis<ap_uint<32>, 1ul, 1ul, 1ul>, 0>&)' (src/ecg_denoiser.cpp:266:29)
INFO: [HLS 214-131] Inlining function 'ap_fixed_base<48, 24, true, (ap_q_mode)5, (ap_o_mode)3, 0>::RType<32, 16, true>::mult ap_fixed_base<48, 24, true, (ap_q_mode)5, (ap_o_mode)3, 0>::operator*<32, 16, true, (ap_q_mode)5, (ap_o_mode)3, 0>(ap_fixed_base<32, 16, true, (ap_q_mode)5, (ap_o_mode)3, 0> const&) const' into 'ecg_denoiser(hls::stream<hls::axis<ap_uint<32>, 1ul, 1ul, 1ul>, 0>&, hls::stream<hls::axis<ap_uint<32>, 1ul, 1ul, 1ul>, 0>&)' (src/ecg_denoiser.cpp:265:38)
INFO: [HLS 214-131] Inlining function 'ap_fixed_base<48, 24, true, (ap_q_mode)5, (ap_o_mode)3, 0>& ap_fixed_base<48, 24, true, (ap_q_mode)5, (ap_o_mode)3, 0>::operator+=<48, 24, true, (ap_q_mode)5, (ap_o_mode)3, 0>(ap_fixed_base<48, 24, true, (ap_q_mode)5, (ap_o_mode)3, 0> const&)' into 'ecg_denoiser(hls::stream<hls::axis<ap_uint<32>, 1ul, 1ul, 1ul>, 0>&, hls::stream<hls::axis<ap_uint<32>, 1ul, 1ul, 1ul>, 0>&)' (src/ecg_denoiser.cpp:254:11)
INFO: [HLS 214-131] Inlining function 'ap_fixed_base<48, 24, true, (ap_q_mode)5, (ap_o_mode)3, 0>& ap_fixed_base<48, 24, true, (ap_q_mode)5, (ap_o_mode)3, 0>::operator+=<96, 48, true, (ap_q_mode)5, (ap_o_mode)3, 0>(ap_fixed_base<96, 48, true, (ap_q_mode)5, (ap_o_mode)3, 0> const&)' into 'ecg_denoiser(hls::stream<hls::axis<ap_uint<32>, 1ul, 1ul, 1ul>, 0>&, hls::stream<hls::axis<ap_uint<32>, 1ul, 1ul, 1ul>, 0>&)' (src/ecg_denoiser.cpp:263:17)
INFO: [HLS 214-131] Inlining function 'ap_fixed_base<48, 24, true, (ap_q_mode)5, (ap_o_mode)3, 0>::RType<48, 24, true>::mult ap_fixed_base<48, 24, true, (ap_q_mode)5, (ap_o_mode)3, 0>::operator*<48, 24, true, (ap_q_mode)5, (ap_o_mode)3, 0>(ap_fixed_base<48, 24, true, (ap_q_mode)5, (ap_o_mode)3, 0> const&) const' into 'ecg_denoiser(hls::stream<hls::axis<ap_uint<32>, 1ul, 1ul, 1ul>, 0>&, hls::stream<hls::axis<ap_uint<32>, 1ul, 1ul, 1ul>, 0>&)' (src/ecg_denoiser.cpp:263:29)
INFO: [HLS 214-131] Inlining function 'ap_fixed_base<32, 16, true, (ap_q_mode)5, (ap_o_mode)3, 0>::RType<32, 16, true>::minus ap_fixed_base<32, 16, true, (ap_q_mode)5, (ap_o_mode)3, 0>::operator-<32, 16, true, (ap_q_mode)5, (ap_o_mode)3, 0>(ap_fixed_base<32, 16, true, (ap_q_mode)5, (ap_o_mode)3, 0> const&) const' into 'ecg_denoiser(hls::stream<hls::axis<ap_uint<32>, 1ul, 1ul, 1ul>, 0>&, hls::stream<hls::axis<ap_uint<32>, 1ul, 1ul, 1ul>, 0>&)' (src/ecg_denoiser.cpp:262:26)
INFO: [HLS 214-131] Inlining function 'ap_fixed_base<48, 24, true, (ap_q_mode)5, (ap_o_mode)3, 0>::RType<32, 16, true>::mult ap_fixed_base<48, 24, true, (ap_q_mode)5, (ap_o_mode)3, 0>::operator*<32, 16, true, (ap_q_mode)5, (ap_o_mode)3, 0>(ap_fixed_base<32, 16, true, (ap_q_mode)5, (ap_o_mode)3, 0> const&) const' into 'ecg_denoiser(hls::stream<hls::axis<ap_uint<32>, 1ul, 1ul, 1ul>, 0>&, hls::stream<hls::axis<ap_uint<32>, 1ul, 1ul, 1ul>, 0>&)' (src/ecg_denoiser.cpp:256:40)
INFO: [HLS 214-186] Unrolling loop 'SHIFT_WIN01_K' (src/ecg_denoiser.cpp:88:9) in function 'conv_layer01234_fused' completely with a factor of 6 (src/ecg_denoiser.cpp:7:0)
INFO: [HLS 214-186] Unrolling loop 'SHIFT_WIN01_OC' (src/ecg_denoiser.cpp:91:13) in function 'conv_layer01234_fused' completely with a factor of 64 (src/ecg_denoiser.cpp:7:0)
INFO: [HLS 214-186] Unrolling loop 'INSERT_WIN01_OC' (src/ecg_denoiser.cpp:97:9) in function 'conv_layer01234_fused' completely with a factor of 64 (src/ecg_denoiser.cpp:7:0)
INFO: [HLS 214-186] Unrolling loop 'SHIFT_WIN12_K' (src/ecg_denoiser.cpp:123:9) in function 'conv_layer01234_fused' completely with a factor of 4 (src/ecg_denoiser.cpp:7:0)
INFO: [HLS 214-186] Unrolling loop 'SHIFT_WIN12_OC' (src/ecg_denoiser.cpp:126:13) in function 'conv_layer01234_fused' completely with a factor of 128 (src/ecg_denoiser.cpp:7:0)
INFO: [HLS 214-186] Unrolling loop 'INSERT_WIN12_OC' (src/ecg_denoiser.cpp:132:9) in function 'conv_layer01234_fused' completely with a factor of 128 (src/ecg_denoiser.cpp:7:0)
INFO: [HLS 214-186] Unrolling loop 'SHIFT_WIN23_K' (src/ecg_denoiser.cpp:158:9) in function 'conv_layer01234_fused' completely with a factor of 2 (src/ecg_denoiser.cpp:7:0)
INFO: [HLS 214-186] Unrolling loop 'SHIFT_WIN23_OC' (src/ecg_denoiser.cpp:161:13) in function 'conv_layer01234_fused' completely with a factor of 64 (src/ecg_denoiser.cpp:7:0)
INFO: [HLS 214-186] Unrolling loop 'INSERT_WIN23_OC' (src/ecg_denoiser.cpp:167:9) in function 'conv_layer01234_fused' completely with a factor of 64 (src/ecg_denoiser.cpp:7:0)
INFO: [HLS 214-186] Unrolling loop 'SHIFT_WIN34_K' (src/ecg_denoiser.cpp:193:9) in function 'conv_layer01234_fused' completely with a factor of 6 (src/ecg_denoiser.cpp:7:0)
INFO: [HLS 214-186] Unrolling loop 'SHIFT_WIN34_OC' (src/ecg_denoiser.cpp:196:13) in function 'conv_layer01234_fused' completely with a factor of 32 (src/ecg_denoiser.cpp:7:0)
INFO: [HLS 214-186] Unrolling loop 'INSERT_WIN34_OC' (src/ecg_denoiser.cpp:202:9) in function 'conv_layer01234_fused' completely with a factor of 32 (src/ecg_denoiser.cpp:7:0)
INFO: [HLS 214-186] Unrolling loop 'INIT_WIN34_K' (src/ecg_denoiser.cpp:60:5) in function 'conv_layer01234_fused' completely with a factor of 7 (src/ecg_denoiser.cpp:7:0)
INFO: [HLS 214-186] Unrolling loop 'INIT_WIN34_OC' (src/ecg_denoiser.cpp:63:9) in function 'conv_layer01234_fused' completely with a factor of 32 (src/ecg_denoiser.cpp:7:0)
INFO: [HLS 214-186] Unrolling loop 'INIT_WIN23_K' (src/ecg_denoiser.cpp:51:5) in function 'conv_layer01234_fused' completely with a factor of 3 (src/ecg_denoiser.cpp:7:0)
INFO: [HLS 214-186] Unrolling loop 'INIT_WIN23_OC' (src/ecg_denoiser.cpp:54:9) in function 'conv_layer01234_fused' completely with a factor of 64 (src/ecg_denoiser.cpp:7:0)
INFO: [HLS 214-186] Unrolling loop 'INIT_WIN12_K' (src/ecg_denoiser.cpp:42:5) in function 'conv_layer01234_fused' completely with a factor of 5 (src/ecg_denoiser.cpp:7:0)
INFO: [HLS 214-186] Unrolling loop 'INIT_WIN12_OC' (src/ecg_denoiser.cpp:45:9) in function 'conv_layer01234_fused' completely with a factor of 128 (src/ecg_denoiser.cpp:7:0)
INFO: [HLS 214-186] Unrolling loop 'INIT_WIN01_K' (src/ecg_denoiser.cpp:33:5) in function 'conv_layer01234_fused' completely with a factor of 7 (src/ecg_denoiser.cpp:7:0)
INFO: [HLS 214-186] Unrolling loop 'INIT_WIN01_OC' (src/ecg_denoiser.cpp:36:9) in function 'conv_layer01234_fused' completely with a factor of 64 (src/ecg_denoiser.cpp:7:0)
INFO: [HLS 214-178] Inlining function 'relu(ap_fixed<32, 16, (ap_q_mode)5, (ap_o_mode)3, 0>)' into 'conv_layer01234_fused(ap_fixed<32, 16, (ap_q_mode)5, (ap_o_mode)3, 0>*, ap_fixed<32, 16, (ap_q_mode)5, (ap_o_mode)3, 0> (*) [1])' (src/ecg_denoiser.cpp:7:0)
INFO: [HLS 214-178] Inlining function 'ap_fixed_base<32, 16, true, (ap_q_mode)5, (ap_o_mode)3, 0>::ap_fixed_base(double)' into 'ecg_denoiser(hls::stream<hls::axis<ap_uint<32>, 1ul, 1ul, 1ul>, 0>&, hls::stream<hls::axis<ap_uint<32>, 1ul, 1ul, 1ul>, 0>&)' (src/ecg_denoiser.cpp:227:0)
INFO: [HLS 214-178] Inlining function 'hls::sqrt(float)' into 'ecg_denoiser(hls::stream<hls::axis<ap_uint<32>, 1ul, 1ul, 1ul>, 0>&, hls::stream<hls::axis<ap_uint<32>, 1ul, 1ul, 1ul>, 0>&)' (src/ecg_denoiser.cpp:227:0)
INFO: [HLS 214-248] Applying array_partition to 'win01': Complete partitioning on dimension 1. (src/ecg_denoiser.cpp:16:9)
INFO: [HLS 214-248] Applying array_partition to 'win12': Complete partitioning on dimension 1. (src/ecg_denoiser.cpp:20:9)
INFO: [HLS 214-248] Applying array_partition to 'win23': Complete partitioning on dimension 1. Cyclic partitioning with factor 2 on dimension 2. (src/ecg_denoiser.cpp:24:9)
INFO: [HLS 214-248] Applying array_partition to 'win34': Complete partitioning on dimension 1. Cyclic partitioning with factor 2 on dimension 2. (src/ecg_denoiser.cpp:28:9)
INFO: [HLS 214-248] Applying array_partition to 'l0_out': Cyclic partitioning with factor 2 on dimension 1. (src/ecg_denoiser.cpp:73:16)
INFO: [HLS 214-248] Applying array_partition to 'l1_out': Cyclic partitioning with factor 2 on dimension 1. (src/ecg_denoiser.cpp:103:16)
INFO: [HLS 214-248] Applying array_partition to 'l2_out': Cyclic partitioning with factor 2 on dimension 1. (src/ecg_denoiser.cpp:138:16)
INFO: [HLS 214-248] Applying array_partition to 'l3_out': Cyclic partitioning with factor 2 on dimension 1. (src/ecg_denoiser.cpp:173:16)
INFO: [HLS 214-248] Applying array_partition to 'input_buf': Cyclic partitioning with factor 2 on dimension 1. (src/ecg_denoiser.cpp:232:9)
INFO: [HLS 214-248] Applying array_partition to 'norm_buf': Cyclic partitioning with factor 2 on dimension 1. (src/ecg_denoiser.cpp:233:12)
INFO: [HLS 214-248] Applying array_partition to 'buf4': Complete partitioning on dimension 2. (src/ecg_denoiser.cpp:234:12)
INFO: [HLS 200-111] Finished Compiling Optimization and Transform: CPU user time: 2 seconds. CPU system time: 1 seconds. Elapsed time: 94.855 seconds; current allocated memory: 121.422 MB.
INFO: [HLS 200-111] Finished Checking Pragmas: CPU user time: 0 seconds. CPU system time: 0 seconds. Elapsed time: 0.005 seconds; current allocated memory: 121.520 MB.
INFO: [HLS 200-10] Starting code transformations ...
INFO: [HLS 200-111] Finished Standard Transforms: CPU user time: 83 seconds. CPU system time: 2 seconds. Elapsed time: 85.886 seconds; current allocated memory: 204.809 MB.
INFO: [HLS 200-10] Checking synthesizability ...
WARNING: [SYNCHK 200-120] C:/Xilinx/Vitis_HLS/2022.2/common/technology/autopilot\ap_fixed_base.h:1273: multiplication is assumed not to overflow by default, otherwise, please add option '-fwrapv'.
WARNING: [SYNCHK 200-23] C:/Xilinx/Vitis_HLS/2022.2/common/technology/autopilot\ap_fixed_base.h:1102: variable-indexed range selection may cause suboptimal QoR.
INFO: [SYNCHK 200-10] 0 error(s), 2 warning(s).
INFO: [HLS 200-111] Finished Checking Synthesizability: CPU user time: 74 seconds. CPU system time: 2 seconds. Elapsed time: 77.879 seconds; current allocated memory: 217.582 MB.
INFO: [XFORM 203-401] Performing if-conversion on hyperblock to (src/ecg_denoiser.cpp:272:5) in function 'ecg_denoiser'... converting 16 basic blocks.
INFO: [XFORM 203-401] Performing if-conversion on hyperblock from (src/ecg_denoiser.cpp:80:9) to (src/ecg_denoiser.cpp:79:13) in function 'conv_layer01234_fused'... converting 3 basic blocks.
INFO: [HLS 200-111] Finished Loop, function and other optimizations: CPU user time: 84 seconds. CPU system time: 3 seconds. Elapsed time: 87.939 seconds; current allocated memory: 262.047 MB.
WARNING: [HLS 200-960] Cannot flatten loop 'L0_OC' (src/ecg_denoiser.cpp:76:18) in function 'conv_layer01234_fused' the outer loop is not a perfect loop because there is nontrivial logic before entering the inner loop.
INFO: [XFORM 203-541] Flattening a loop nest 'L1_IC' (src/ecg_denoiser.cpp:107:19) in function 'conv_layer01234_fused'.
WARNING: [HLS 200-960] Cannot flatten loop 'L1_OC_GROUP' (src/ecg_denoiser.cpp:106:18) in function 'conv_layer01234_fused' the outer loop is not a perfect loop because there is nontrivial logic in the loop latch.
INFO: [XFORM 203-541] Flattening a loop nest 'L2_IC' (src/ecg_denoiser.cpp:142:19) in function 'conv_layer01234_fused'.
WARNING: [HLS 200-960] Cannot flatten loop 'L2_OC_GROUP' (src/ecg_denoiser.cpp:141:18) in function 'conv_layer01234_fused' the outer loop is not a perfect loop because there is nontrivial logic in the loop latch.
INFO: [XFORM 203-541] Flattening a loop nest 'L3_IC' (src/ecg_denoiser.cpp:177:19) in function 'conv_layer01234_fused'.
WARNING: [HLS 200-960] Cannot flatten loop 'L3_OC_GROUP' (src/ecg_denoiser.cpp:176:18) in function 'conv_layer01234_fused' the outer loop is not a perfect loop because there is nontrivial logic in the loop latch.
INFO: [XFORM 203-541] Flattening a loop nest 'L4_IC' (src/ecg_denoiser.cpp:210:19) in function 'conv_layer01234_fused'.
WARNING: [HLS 200-960] Cannot flatten loop 'FUSED_T' (src/ecg_denoiser.cpp:73:16) in function 'conv_layer01234_fused' more than one sub loop.
INFO: [HLS 200-472] Inferring partial write operation for 'input_buf.V' 
INFO: [HLS 200-472] Inferring partial write operation for 'norm_buf.V' (src/ecg_denoiser.cpp:274:14)
INFO: [HLS 200-472] Inferring partial write operation for 'win01.V.1' (src/ecg_denoiser.cpp:38:15)
INFO: [HLS 200-472] Inferring partial write operation for 'win12.V.1' (src/ecg_denoiser.cpp:47:15)
INFO: [HLS 200-472] Inferring partial write operation for 'win23.V.2' (src/ecg_denoiser.cpp:56:15)
INFO: [HLS 200-472] Inferring partial write operation for 'win34.V.2' (src/ecg_denoiser.cpp:65:15)
INFO: [HLS 200-472] Inferring partial write operation for 'l0_out.V' (src/ecg_denoiser.cpp:85:24)
INFO: [HLS 200-472] Inferring partial write operation for 'win01.V.1' (src/ecg_denoiser.cpp:93:15)
INFO: [HLS 200-472] Inferring partial write operation for 'win01.V.5' (src/ecg_denoiser.cpp:99:24)
INFO: [HLS 200-472] Inferring partial write operation for 'l1_out.V' (src/ecg_denoiser.cpp:119:31)
INFO: [HLS 200-472] Inferring partial write operation for 'l1_out.V.1' (src/ecg_denoiser.cpp:120:31)
INFO: [HLS 200-472] Inferring partial write operation for 'win12.V.1' (src/ecg_denoiser.cpp:128:15)
INFO: [HLS 200-472] Inferring partial write operation for 'win12.V.3' (src/ecg_denoiser.cpp:134:24)
INFO: [HLS 200-472] Inferring partial write operation for 'l2_out.V' (src/ecg_denoiser.cpp:154:31)
INFO: [HLS 200-472] Inferring partial write operation for 'l2_out.V.1' (src/ecg_denoiser.cpp:155:31)
INFO: [HLS 200-472] Inferring partial write operation for 'win23.V.2' (src/ecg_denoiser.cpp:163:15)
INFO: [HLS 200-472] Inferring partial write operation for 'win23.V.4' (src/ecg_denoiser.cpp:169:24)
INFO: [HLS 200-472] Inferring partial write operation for 'l3_out.V' (src/ecg_denoiser.cpp:189:31)
INFO: [HLS 200-472] Inferring partial write operation for 'l3_out.V.1' (src/ecg_denoiser.cpp:190:31)
INFO: [HLS 200-472] Inferring partial write operation for 'win34.V.2' (src/ecg_denoiser.cpp:198:15)
INFO: [HLS 200-472] Inferring partial write operation for 'win34.V.10' (src/ecg_denoiser.cpp:204:24)
INFO: [HLS 200-472] Inferring partial write operation for 'out' (src/ecg_denoiser.cpp:220:24)
INFO: [HLS 200-111] Finished Architecture Synthesis: CPU user time: 17 seconds. CPU system time: 0 seconds. Elapsed time: 17.826 seconds; current allocated memory: 452.465 MB.
INFO: [HLS 200-10] Starting hardware synthesis ...
INFO: [HLS 200-10] Synthesizing 'ecg_denoiser' ...
INFO: [HLS 200-10] ----------------------------------------------------------------
INFO: [HLS 200-42] -- Implementing module 'ecg_denoiser_Pipeline_READ_INPUT' 
INFO: [HLS 200-10] ----------------------------------------------------------------
INFO: [SCHED 204-11] Starting scheduling ...
INFO: [SCHED 204-61] Pipelining loop 'READ_INPUT'.
INFO: [HLS 200-1470] Pipelining result : Target II = 1, Final II = 1, Depth = 1, loop 'READ_INPUT'
INFO: [SCHED 204-11] Finished scheduling.
INFO: [HLS 200-111] Finished Scheduling: CPU user time: 2 seconds. CPU system time: 1 seconds. Elapsed time: 2.666 seconds; current allocated memory: 452.465 MB.
INFO: [BIND 205-100] Starting micro-architecture generation ...
INFO: [BIND 205-101] Performing variable lifetime analysis.
INFO: [BIND 205-101] Exploring resource sharing.
INFO: [BIND 205-101] Binding ...
INFO: [BIND 205-100] Finished micro-architecture generation.
INFO: [HLS 200-111] Finished Binding: CPU user time: 0 seconds. CPU system time: 0 seconds. Elapsed time: 0.161 seconds; current allocated memory: 452.465 MB.
INFO: [HLS 200-10] ----------------------------------------------------------------
INFO: [HLS 200-42] -- Implementing module 'ecg_denoiser_Pipeline_ZNORM_MEAN' 
INFO: [HLS 200-10] ----------------------------------------------------------------
INFO: [SCHED 204-11] Starting scheduling ...
INFO: [SCHED 204-61] Pipelining loop 'ZNORM_MEAN'.
INFO: [HLS 200-1470] Pipelining result : Target II = 1, Final II = 1, Depth = 2, loop 'ZNORM_MEAN'
INFO: [SCHED 204-11] Finished scheduling.
INFO: [HLS 200-111] Finished Scheduling: CPU user time: 0 seconds. CPU system time: 0 seconds. Elapsed time: 0.181 seconds; current allocated memory: 452.465 MB.
INFO: [BIND 205-100] Starting micro-architecture generation ...
INFO: [BIND 205-101] Performing variable lifetime analysis.
INFO: [BIND 205-101] Exploring resource sharing.
INFO: [BIND 205-101] Binding ...
INFO: [BIND 205-100] Finished micro-architecture generation.
INFO: [HLS 200-111] Finished Binding: CPU user time: 0 seconds. CPU system time: 0 seconds. Elapsed time: 0.116 seconds; current allocated memory: 452.465 MB.
INFO: [HLS 200-10] ----------------------------------------------------------------
INFO: [HLS 200-42] -- Implementing module 'ecg_denoiser_Pipeline_ZNORM_VAR' 
INFO: [HLS 200-10] ----------------------------------------------------------------
INFO: [SCHED 204-11] Starting scheduling ...
INFO: [SCHED 204-61] Pipelining loop 'ZNORM_VAR'.
INFO: [HLS 200-1470] Pipelining result : Target II = 1, Final II = 1, Depth = 4, loop 'ZNORM_VAR'
INFO: [SCHED 204-11] Finished scheduling.
INFO: [HLS 200-111] Finished Scheduling: CPU user time: 0 seconds. CPU system time: 0 seconds. Elapsed time: 0.177 seconds; current allocated memory: 452.465 MB.
INFO: [BIND 205-100] Starting micro-architecture generation ...
INFO: [BIND 205-101] Performing variable lifetime analysis.
INFO: [BIND 205-101] Exploring resource sharing.
INFO: [BIND 205-101] Binding ...
INFO: [BIND 205-100] Finished micro-architecture generation.
INFO: [HLS 200-111] Finished Binding: CPU user time: 0 seconds. CPU system time: 0 seconds. Elapsed time: 0.137 seconds; current allocated memory: 452.465 MB.
INFO: [HLS 200-10] ----------------------------------------------------------------
INFO: [HLS 200-42] -- Implementing module 'ecg_denoiser_Pipeline_ZNORM_APPLY' 
INFO: [HLS 200-10] ----------------------------------------------------------------
INFO: [SCHED 204-11] Starting scheduling ...
INFO: [SCHED 204-61] Pipelining loop 'ZNORM_APPLY'.
INFO: [HLS 200-1470] Pipelining result : Target II = 1, Final II = 1, Depth = 3, loop 'ZNORM_APPLY'
INFO: [SCHED 204-11] Finished scheduling.
INFO: [HLS 200-111] Finished Scheduling: CPU user time: 1 seconds. CPU system time: 0 seconds. Elapsed time: 0.239 seconds; current allocated memory: 452.465 MB.
INFO: [BIND 205-100] Starting micro-architecture generation ...
INFO: [BIND 205-101] Performing variable lifetime analysis.
INFO: [BIND 205-101] Exploring resource sharing.
INFO: [BIND 205-101] Binding ...
INFO: [BIND 205-100] Finished micro-architecture generation.
INFO: [HLS 200-111] Finished Binding: CPU user time: 0 seconds. CPU system time: 0 seconds. Elapsed time: 0.144 seconds; current allocated memory: 452.465 MB.
INFO: [HLS 200-10] ----------------------------------------------------------------
INFO: [HLS 200-42] -- Implementing module 'conv_layer01234_fused_Pipeline_L0_K' 
INFO: [HLS 200-10] ----------------------------------------------------------------
INFO: [SCHED 204-11] Starting scheduling ...
INFO: [SCHED 204-61] Pipelining loop 'L0_K'.
INFO: [HLS 200-1470] Pipelining result : Target II = 1, Final II = 1, Depth = 4, loop 'L0_K'
INFO: [SCHED 204-11] Finished scheduling.
INFO: [HLS 200-111] Finished Scheduling: CPU user time: 0 seconds. CPU system time: 0 seconds. Elapsed time: 0.243 seconds; current allocated memory: 452.465 MB.
INFO: [BIND 205-100] Starting micro-architecture generation ...
INFO: [BIND 205-101] Performing variable lifetime analysis.
INFO: [BIND 205-101] Exploring resource sharing.
INFO: [BIND 205-101] Binding ...
INFO: [BIND 205-100] Finished micro-architecture generation.
INFO: [HLS 200-111] Finished Binding: CPU user time: 0 seconds. CPU system time: 0 seconds. Elapsed time: 0.153 seconds; current allocated memory: 452.465 MB.
INFO: [HLS 200-10] ----------------------------------------------------------------
INFO: [HLS 200-42] -- Implementing module 'conv_layer01234_fused_Pipeline_L1_IC_L1_K' 
INFO: [HLS 200-10] ----------------------------------------------------------------
INFO: [SCHED 204-11] Starting scheduling ...
INFO: [SCHED 204-61] Pipelining loop 'L1_IC_L1_K'.
INFO: [HLS 200-1470] Pipelining result : Target II = 1, Final II = 1, Depth = 5, loop 'L1_IC_L1_K'
INFO: [SCHED 204-11] Finished scheduling.
INFO: [HLS 200-111] Finished Scheduling: CPU user time: 0 seconds. CPU system time: 0 seconds. Elapsed time: 0.27 seconds; current allocated memory: 452.465 MB.
INFO: [BIND 205-100] Starting micro-architecture generation ...
INFO: [BIND 205-101] Performing variable lifetime analysis.
INFO: [BIND 205-101] Exploring resource sharing.
INFO: [BIND 205-101] Binding ...
INFO: [BIND 205-100] Finished micro-architecture generation.
INFO: [HLS 200-111] Finished Binding: CPU user time: 0 seconds. CPU system time: 0 seconds. Elapsed time: 0.181 seconds; current allocated memory: 452.465 MB.
INFO: [HLS 200-10] ----------------------------------------------------------------
INFO: [HLS 200-42] -- Implementing module 'conv_layer01234_fused_Pipeline_L2_IC_L2_K' 
INFO: [HLS 200-10] ----------------------------------------------------------------
INFO: [SCHED 204-11] Starting scheduling ...
INFO: [SCHED 204-61] Pipelining loop 'L2_IC_L2_K'.
INFO: [HLS 200-1470] Pipelining result : Target II = 1, Final II = 1, Depth = 4, loop 'L2_IC_L2_K'
INFO: [SCHED 204-11] Finished scheduling.
INFO: [HLS 200-111] Finished Scheduling: CPU user time: 0 seconds. CPU system time: 0 seconds. Elapsed time: 0.331 seconds; current allocated memory: 452.465 MB.
INFO: [BIND 205-100] Starting micro-architecture generation ...
INFO: [BIND 205-101] Performing variable lifetime analysis.
INFO: [BIND 205-101] Exploring resource sharing.
INFO: [BIND 205-101] Binding ...
INFO: [BIND 205-100] Finished micro-architecture generation.
INFO: [HLS 200-111] Finished Binding: CPU user time: 1 seconds. CPU system time: 0 seconds. Elapsed time: 0.199 seconds; current allocated memory: 452.465 MB.
INFO: [HLS 200-10] ----------------------------------------------------------------
INFO: [HLS 200-42] -- Implementing module 'conv_layer01234_fused_Pipeline_L3_IC_L3_K' 
INFO: [HLS 200-10] ----------------------------------------------------------------
INFO: [SCHED 204-11] Starting scheduling ...
INFO: [SCHED 204-61] Pipelining loop 'L3_IC_L3_K'.
INFO: [HLS 200-1470] Pipelining result : Target II = 1, Final II = 1, Depth = 4, loop 'L3_IC_L3_K'
INFO: [SCHED 204-11] Finished scheduling.
INFO: [HLS 200-111] Finished Scheduling: CPU user time: 0 seconds. CPU system time: 0 seconds. Elapsed time: 0.393 seconds; current allocated memory: 452.465 MB.
INFO: [BIND 205-100] Starting micro-architecture generation ...
INFO: [BIND 205-101] Performing variable lifetime analysis.
INFO: [BIND 205-101] Exploring resource sharing.
INFO: [BIND 205-101] Binding ...
INFO: [BIND 205-100] Finished micro-architecture generation.
INFO: [HLS 200-111] Finished Binding: CPU user time: 0 seconds. CPU system time: 0 seconds. Elapsed time: 0.182 seconds; current allocated memory: 452.465 MB.
INFO: [HLS 200-10] ----------------------------------------------------------------
INFO: [HLS 200-42] -- Implementing module 'conv_layer01234_fused_Pipeline_L4_IC_L4_K' 
INFO: [HLS 200-10] ----------------------------------------------------------------
INFO: [SCHED 204-11] Starting scheduling ...
INFO: [SCHED 204-61] Pipelining loop 'L4_IC_L4_K'.
INFO: [HLS 200-1470] Pipelining result : Target II = 1, Final II = 1, Depth = 4, loop 'L4_IC_L4_K'
INFO: [SCHED 204-11] Finished scheduling.
INFO: [HLS 200-111] Finished Scheduling: CPU user time: 0 seconds. CPU system time: 0 seconds. Elapsed time: 0.34 seconds; current allocated memory: 452.465 MB.
INFO: [BIND 205-100] Starting micro-architecture generation ...
INFO: [BIND 205-101] Performing variable lifetime analysis.
INFO: [BIND 205-101] Exploring resource sharing.
INFO: [BIND 205-101] Binding ...
INFO: [BIND 205-100] Finished micro-architecture generation.
INFO: [HLS 200-111] Finished Binding: CPU user time: 0 seconds. CPU system time: 0 seconds. Elapsed time: 0.186 seconds; current allocated memory: 452.465 MB.
INFO: [HLS 200-10] ----------------------------------------------------------------
INFO: [HLS 200-42] -- Implementing module 'conv_layer01234_fused' 
INFO: [HLS 200-10] ----------------------------------------------------------------
INFO: [SCHED 204-11] Starting scheduling ...
INFO: [SCHED 204-11] Finished scheduling.
INFO: [HLS 200-111] Finished Scheduling: CPU user time: 6 seconds. CPU system time: 0 seconds. Elapsed time: 6.213 seconds; current allocated memory: 452.465 MB.
INFO: [BIND 205-100] Starting micro-architecture generation ...
INFO: [BIND 205-101] Performing variable lifetime analysis.
INFO: [BIND 205-101] Exploring resource sharing.
INFO: [BIND 205-101] Binding ...
INFO: [BIND 205-100] Finished micro-architecture generation.
INFO: [HLS 200-111] Finished Binding: CPU user time: 4 seconds. CPU system time: 0 seconds. Elapsed time: 4.455 seconds; current allocated memory: 452.465 MB.
INFO: [HLS 200-10] ----------------------------------------------------------------
INFO: [HLS 200-42] -- Implementing module 'ecg_denoiser_Pipeline_WRITE_OUTPUT' 
INFO: [HLS 200-10] ----------------------------------------------------------------
INFO: [SCHED 204-11] Starting scheduling ...
INFO: [SCHED 204-61] Pipelining loop 'WRITE_OUTPUT'.
INFO: [HLS 200-1470] Pipelining result : Target II = 1, Final II = 1, Depth = 2, loop 'WRITE_OUTPUT'
INFO: [SCHED 204-11] Finished scheduling.
INFO: [HLS 200-111] Finished Scheduling: CPU user time: 2 seconds. CPU system time: 1 seconds. Elapsed time: 2.669 seconds; current allocated memory: 452.465 MB.
INFO: [BIND 205-100] Starting micro-architecture generation ...
INFO: [BIND 205-101] Performing variable lifetime analysis.
INFO: [BIND 205-101] Exploring resource sharing.
INFO: [BIND 205-101] Binding ...
INFO: [BIND 205-100] Finished micro-architecture generation.
INFO: [HLS 200-111] Finished Binding: CPU user time: 1 seconds. CPU system time: 0 seconds. Elapsed time: 0.133 seconds; current allocated memory: 452.465 MB.
INFO: [HLS 200-10] ----------------------------------------------------------------
INFO: [HLS 200-42] -- Implementing module 'ecg_denoiser' 
INFO: [HLS 200-10] ----------------------------------------------------------------
INFO: [SCHED 204-11] Starting scheduling ...
INFO: [SCHED 204-11] Finished scheduling.
INFO: [HLS 200-111] Finished Scheduling: CPU user time: 0 seconds. CPU system time: 0 seconds. Elapsed time: 0.334 seconds; current allocated memory: 452.465 MB.
INFO: [BIND 205-100] Starting micro-architecture generation ...
INFO: [BIND 205-101] Performing variable lifetime analysis.
INFO: [BIND 205-101] Exploring resource sharing.
INFO: [BIND 205-101] Binding ...
INFO: [BIND 205-100] Finished micro-architecture generation.
INFO: [HLS 200-111] Finished Binding: CPU user time: 0 seconds. CPU system time: 0 seconds. Elapsed time: 0.772 seconds; current allocated memory: 452.465 MB.
INFO: [HLS 200-10] ----------------------------------------------------------------
INFO: [HLS 200-10] -- Generating RTL for module 'ecg_denoiser_Pipeline_READ_INPUT' 
INFO: [HLS 200-10] ----------------------------------------------------------------
INFO: [RTGEN 206-100] Finished creating RTL model for 'ecg_denoiser_Pipeline_READ_INPUT'.
INFO: [HLS 200-111] Finished Creating RTL model: CPU user time: 1 seconds. CPU system time: 0 seconds. Elapsed time: 1.033 seconds; current allocated memory: 452.465 MB.
INFO: [HLS 200-10] ----------------------------------------------------------------
INFO: [HLS 200-10] -- Generating RTL for module 'ecg_denoiser_Pipeline_ZNORM_MEAN' 
INFO: [HLS 200-10] ----------------------------------------------------------------
INFO: [HLS 200-1030] Apply Unified Pipeline Control on module 'ecg_denoiser_Pipeline_ZNORM_MEAN' pipeline 'ZNORM_MEAN' pipeline type 'loop pipeline'
INFO: [RTGEN 206-100] Generating core module 'mux_21_32_1_1': 1 instance(s).
INFO: [RTGEN 206-100] Finished creating RTL model for 'ecg_denoiser_Pipeline_ZNORM_MEAN'.
INFO: [HLS 200-111] Finished Creating RTL model: CPU user time: 0 seconds. CPU system time: 0 seconds. Elapsed time: 0.249 seconds; current allocated memory: 452.465 MB.
INFO: [HLS 200-10] ----------------------------------------------------------------
INFO: [HLS 200-10] -- Generating RTL for module 'ecg_denoiser_Pipeline_ZNORM_VAR' 
INFO: [HLS 200-10] ----------------------------------------------------------------
INFO: [HLS 200-1030] Apply Unified Pipeline Control on module 'ecg_denoiser_Pipeline_ZNORM_VAR' pipeline 'ZNORM_VAR' pipeline type 'loop pipeline'
INFO: [RTGEN 206-100] Generating core module 'mul_40s_40s_72_1_1': 1 instance(s).
INFO: [RTGEN 206-100] Generating core module 'mux_21_32_1_1': 1 instance(s).
INFO: [RTGEN 206-100] Finished creating RTL model for 'ecg_denoiser_Pipeline_ZNORM_VAR'.
INFO: [HLS 200-111] Finished Creating RTL model: CPU user time: 1 seconds. CPU system time: 0 seconds. Elapsed time: 0.277 seconds; current allocated memory: 452.465 MB.
INFO: [HLS 200-10] ----------------------------------------------------------------
INFO: [HLS 200-10] -- Generating RTL for module 'ecg_denoiser_Pipeline_ZNORM_APPLY' 
INFO: [HLS 200-10] ----------------------------------------------------------------
INFO: [HLS 200-1030] Apply Unified Pipeline Control on module 'ecg_denoiser_Pipeline_ZNORM_APPLY' pipeline 'ZNORM_APPLY' pipeline type 'loop pipeline'
INFO: [RTGEN 206-100] Generating core module 'mul_33s_32s_48_1_1': 1 instance(s).
INFO: [RTGEN 206-100] Generating core module 'mux_21_32_1_1': 1 instance(s).
INFO: [RTGEN 206-100] Finished creating RTL model for 'ecg_denoiser_Pipeline_ZNORM_APPLY'.
INFO: [HLS 200-111] Finished Creating RTL model: CPU user time: 0 seconds. CPU system time: 0 seconds. Elapsed time: 0.288 seconds; current allocated memory: 452.465 MB.
INFO: [HLS 200-10] ----------------------------------------------------------------
INFO: [HLS 200-10] -- Generating RTL for module 'conv_layer01234_fused_Pipeline_L0_K' 
INFO: [HLS 200-10] ----------------------------------------------------------------
INFO: [HLS 200-1030] Apply Unified Pipeline Control on module 'conv_layer01234_fused_Pipeline_L0_K' pipeline 'L0_K' pipeline type 'loop pipeline'
INFO: [RTGEN 206-100] Generating core module 'mul_24s_40s_63_1_1': 1 instance(s).
INFO: [RTGEN 206-100] Generating core module 'mux_21_32_1_1': 1 instance(s).
INFO: [RTGEN 206-100] Finished creating RTL model for 'conv_layer01234_fused_Pipeline_L0_K'.
INFO: [RTMG 210-279] Implementing memory 'ecg_denoiser_conv_layer01234_fused_Pipeline_L0_K_denoiser_w_L0_W_V_ROM_NP_LUTRAM_1R' using distributed ROMs.
INFO: [HLS 200-111] Finished Creating RTL model: CPU user time: 0 seconds. CPU system time: 0 seconds. Elapsed time: 0.346 seconds; current allocated memory: 452.465 MB.
INFO: [HLS 200-10] ----------------------------------------------------------------
INFO: [HLS 200-10] -- Generating RTL for module 'conv_layer01234_fused_Pipeline_L1_IC_L1_K' 
INFO: [HLS 200-10] ----------------------------------------------------------------
INFO: [HLS 200-1030] Apply Unified Pipeline Control on module 'conv_layer01234_fused_Pipeline_L1_IC_L1_K' pipeline 'L1_IC_L1_K' pipeline type 'loop pipeline'
INFO: [RTGEN 206-100] Generating core module 'mul_23s_40s_62_1_1': 2 instance(s).
INFO: [RTGEN 206-100] Generating core module 'mux_73_32_1_1': 1 instance(s).
INFO: [RTGEN 206-100] Finished creating RTL model for 'conv_layer01234_fused_Pipeline_L1_IC_L1_K'.
INFO: [RTMG 210-279] Implementing memory 'ecg_denoiser_conv_layer01234_fused_Pipeline_L1_IC_L1_K_denoiser_w_L1_W_V_ROM_NP_BRAM_1R' using block ROMs.
INFO: [HLS 200-111] Finished Creating RTL model: CPU user time: 0 seconds. CPU system time: 0 seconds. Elapsed time: 0.509 seconds; current allocated memory: 459.000 MB.
INFO: [HLS 200-10] ----------------------------------------------------------------
INFO: [HLS 200-10] -- Generating RTL for module 'conv_layer01234_fused_Pipeline_L2_IC_L2_K' 
INFO: [HLS 200-10] ----------------------------------------------------------------
INFO: [HLS 200-1030] Apply Unified Pipeline Control on module 'conv_layer01234_fused_Pipeline_L2_IC_L2_K' pipeline 'L2_IC_L2_K' pipeline type 'loop pipeline'
INFO: [RTGEN 206-100] Generating core module 'mul_23s_40s_62_1_1': 2 instance(s).
INFO: [RTGEN 206-100] Generating core module 'mux_53_32_1_1': 1 instance(s).
INFO: [RTGEN 206-100] Finished creating RTL model for 'conv_layer01234_fused_Pipeline_L2_IC_L2_K'.
INFO: [RTMG 210-279] Implementing memory 'ecg_denoiser_conv_layer01234_fused_Pipeline_L2_IC_L2_K_denoiser_w_L2_W_V_ROM_NP_LUTRAM_1R' using distributed ROMs.
INFO: [HLS 200-111] Finished Creating RTL model: CPU user time: 1 seconds. CPU system time: 0 seconds. Elapsed time: 0.648 seconds; current allocated memory: 459.000 MB.
INFO: [HLS 200-10] ----------------------------------------------------------------
INFO: [HLS 200-10] -- Generating RTL for module 'conv_layer01234_fused_Pipeline_L3_IC_L3_K' 
INFO: [HLS 200-10] ----------------------------------------------------------------
INFO: [HLS 200-1030] Apply Unified Pipeline Control on module 'conv_layer01234_fused_Pipeline_L3_IC_L3_K' pipeline 'L3_IC_L3_K' pipeline type 'loop pipeline'
INFO: [RTGEN 206-100] Generating core module 'mul_23s_39ns_62_1_1': 2 instance(s).
INFO: [RTGEN 206-100] Generating core module 'mux_21_31_1_1': 6 instance(s).
INFO: [RTGEN 206-100] Generating core module 'mux_32_31_1_1': 1 instance(s).
INFO: [RTGEN 206-100] Finished creating RTL model for 'conv_layer01234_fused_Pipeline_L3_IC_L3_K'.
INFO: [RTMG 210-279] Implementing memory 'ecg_denoiser_conv_layer01234_fused_Pipeline_L3_IC_L3_K_denoiser_w_L3_W_V_ROM_NP_LUTRAM_1R' using distributed ROMs.
INFO: [HLS 200-111] Finished Creating RTL model: CPU user time: 0 seconds. CPU system time: 0 seconds. Elapsed time: 0.636 seconds; current allocated memory: 459.000 MB.
INFO: [HLS 200-10] ----------------------------------------------------------------
INFO: [HLS 200-10] -- Generating RTL for module 'conv_layer01234_fused_Pipeline_L4_IC_L4_K' 
INFO: [HLS 200-10] ----------------------------------------------------------------
INFO: [HLS 200-1030] Apply Unified Pipeline Control on module 'conv_layer01234_fused_Pipeline_L4_IC_L4_K' pipeline 'L4_IC_L4_K' pipeline type 'loop pipeline'
INFO: [RTGEN 206-100] Generating core module 'mul_23s_40s_62_1_1': 1 instance(s).
INFO: [RTGEN 206-100] Generating core module 'mux_21_31_1_1': 12 instance(s).
INFO: [RTGEN 206-100] Generating core module 'mux_21_32_1_1': 2 instance(s).
INFO: [RTGEN 206-100] Generating core module 'mux_73_32_1_1': 1 instance(s).
INFO: [RTGEN 206-100] Finished creating RTL model for 'conv_layer01234_fused_Pipeline_L4_IC_L4_K'.
INFO: [RTMG 210-279] Implementing memory 'ecg_denoiser_conv_layer01234_fused_Pipeline_L4_IC_L4_K_denoiser_w_L4_W_V_ROM_NP_LUTRAM_1R' using distributed ROMs.
INFO: [HLS 200-111] Finished Creating RTL model: CPU user time: 0 seconds. CPU system time: 0 seconds. Elapsed time: 0.629 seconds; current allocated memory: 459.000 MB.
INFO: [HLS 200-10] ----------------------------------------------------------------
INFO: [HLS 200-10] -- Generating RTL for module 'conv_layer01234_fused' 
INFO: [HLS 200-10] ----------------------------------------------------------------
INFO: [RTGEN 206-100] Finished creating RTL model for 'conv_layer01234_fused'.
INFO: [RTMG 210-279] Implementing memory 'ecg_denoiser_conv_layer01234_fused_denoiser_w_L0_b_V_ROM_AUTO_1R' using auto ROMs.
INFO: [RTMG 210-279] Implementing memory 'ecg_denoiser_conv_layer01234_fused_denoiser_w_L1_b_V_ROM_AUTO_1R' using auto ROMs.
INFO: [RTMG 210-279] Implementing memory 'ecg_denoiser_conv_layer01234_fused_denoiser_w_L2_b_V_ROM_AUTO_1R' using auto ROMs.
INFO: [RTMG 210-279] Implementing memory 'ecg_denoiser_conv_layer01234_fused_denoiser_w_L3_b_V_ROM_AUTO_1R' using auto ROMs.
INFO: [RTMG 210-278] Implementing memory 'ecg_denoiser_conv_layer01234_fused_win01_V_RAM_AUTO_1R1W' using auto RAMs.
INFO: [RTMG 210-278] Implementing memory 'ecg_denoiser_conv_layer01234_fused_win01_V_1_RAM_AUTO_1R1W' using auto RAMs.
INFO: [RTMG 210-278] Implementing memory 'ecg_denoiser_conv_layer01234_fused_win12_V_RAM_AUTO_1R1W' using auto RAMs.
INFO: [RTMG 210-278] Implementing memory 'ecg_denoiser_conv_layer01234_fused_win12_V_1_RAM_AUTO_1R1W' using auto RAMs.
INFO: [RTMG 210-278] Implementing memory 'ecg_denoiser_conv_layer01234_fused_win23_V_RAM_AUTO_1R1W' using auto RAMs.
INFO: [RTMG 210-278] Implementing memory 'ecg_denoiser_conv_layer01234_fused_win34_V_RAM_AUTO_1R1W' using auto RAMs.
INFO: [RTMG 210-278] Implementing memory 'ecg_denoiser_conv_layer01234_fused_l0_out_V_RAM_AUTO_1R1W' using auto RAMs.
INFO: [RTMG 210-278] Implementing memory 'ecg_denoiser_conv_layer01234_fused_l1_out_V_RAM_AUTO_1R1W' using auto RAMs.
INFO: [RTMG 210-278] Implementing memory 'ecg_denoiser_conv_layer01234_fused_l3_out_V_RAM_AUTO_1R1W' using auto RAMs.
INFO: [HLS 200-111] Finished Creating RTL model: CPU user time: 2 seconds. CPU system time: 1 seconds. Elapsed time: 2.376 seconds; current allocated memory: 474.922 MB.
INFO: [HLS 200-10] ----------------------------------------------------------------
INFO: [HLS 200-10] -- Generating RTL for module 'ecg_denoiser_Pipeline_WRITE_OUTPUT' 
INFO: [HLS 200-10] ----------------------------------------------------------------
INFO: [HLS 200-1030] Apply Unified Pipeline Control on module 'ecg_denoiser_Pipeline_WRITE_OUTPUT' pipeline 'WRITE_OUTPUT' pipeline type 'loop pipeline'
INFO: [RTGEN 206-100] Finished creating RTL model for 'ecg_denoiser_Pipeline_WRITE_OUTPUT'.
INFO: [HLS 200-111] Finished Creating RTL model: CPU user time: 4 seconds. CPU system time: 2 seconds. Elapsed time: 5.97 seconds; current allocated memory: 539.324 MB.
INFO: [HLS 200-10] ----------------------------------------------------------------
INFO: [HLS 200-10] -- Generating RTL for module 'ecg_denoiser' 
INFO: [HLS 200-10] ----------------------------------------------------------------
WARNING: [RTGEN 206-101] Design contains AXI ports. Reset is fixed to synchronous and active low.
INFO: [RTGEN 206-500] Setting interface mode on port 'ecg_denoiser/in_stream_V_data_V' to 'axis' (register, both mode).
INFO: [RTGEN 206-500] Setting interface mode on port 'ecg_denoiser/in_stream_V_keep_V' to 'axis' (register, both mode).
INFO: [RTGEN 206-500] Setting interface mode on port 'ecg_denoiser/in_stream_V_strb_V' to 'axis' (register, both mode).
INFO: [RTGEN 206-500] Setting interface mode on port 'ecg_denoiser/in_stream_V_user_V' to 'axis' (register, both mode).
INFO: [RTGEN 206-500] Setting interface mode on port 'ecg_denoiser/in_stream_V_last_V' to 'axis' (register, both mode).
INFO: [RTGEN 206-500] Setting interface mode on port 'ecg_denoiser/in_stream_V_id_V' to 'axis' (register, both mode).
INFO: [RTGEN 206-500] Setting interface mode on port 'ecg_denoiser/in_stream_V_dest_V' to 'axis' (register, both mode).
INFO: [RTGEN 206-500] Setting interface mode on port 'ecg_denoiser/out_stream_V_data_V' to 'axis' (register, both mode).
INFO: [RTGEN 206-500] Setting interface mode on port 'ecg_denoiser/out_stream_V_keep_V' to 'axis' (register, both mode).
INFO: [RTGEN 206-500] Setting interface mode on port 'ecg_denoiser/out_stream_V_strb_V' to 'axis' (register, both mode).
INFO: [RTGEN 206-500] Setting interface mode on port 'ecg_denoiser/out_stream_V_user_V' to 'axis' (register, both mode).
INFO: [RTGEN 206-500] Setting interface mode on port 'ecg_denoiser/out_stream_V_last_V' to 'axis' (register, both mode).
INFO: [RTGEN 206-500] Setting interface mode on port 'ecg_denoiser/out_stream_V_id_V' to 'axis' (register, both mode).
INFO: [RTGEN 206-500] Setting interface mode on port 'ecg_denoiser/out_stream_V_dest_V' to 'axis' (register, both mode).
INFO: [RTGEN 206-500] Setting interface mode on function 'ecg_denoiser' to 'ap_ctrl_hs'.
INFO: [RTGEN 206-100] Generating core module 'fcmp_32ns_32ns_1_2_no_dsp_1': 1 instance(s).
INFO: [RTGEN 206-100] Generating core module 'fpext_32ns_64_2_no_dsp_1': 1 instance(s).
INFO: [RTGEN 206-100] Generating core module 'fsqrt_32ns_32ns_32_10_no_dsp_1': 1 instance(s).
INFO: [RTGEN 206-100] Generating core module 'mul_48s_9ns_56_1_1': 2 instance(s).
INFO: [RTGEN 206-100] Generating core module 'sdiv_34ns_32s_32_38_seq_1': 1 instance(s).
INFO: [RTGEN 206-100] Finished creating RTL model for 'ecg_denoiser'.
INFO: [RTMG 210-278] Implementing memory 'ecg_denoiser_input_buf_V_RAM_1P_LUTRAM_1R1W' using distributed RAMs.
INFO: [RTMG 210-278] Implementing memory 'ecg_denoiser_buf41210_RAM_AUTO_1R1W' using auto RAMs.
INFO: [HLS 200-111] Finished Creating RTL model: CPU user time: 0 seconds. CPU system time: 0 seconds. Elapsed time: 1.081 seconds; current allocated memory: 539.324 MB.
INFO: [HLS 200-111] Finished Generating all RTL models: CPU user time: 2 seconds. CPU system time: 1 seconds. Elapsed time: 4.261 seconds; current allocated memory: 539.324 MB.
INFO: [HLS 200-111] Finished Updating report files: CPU user time: 2 seconds. CPU system time: 0 seconds. Elapsed time: 2.491 seconds; current allocated memory: 544.129 MB.
INFO: [VHDL 208-304] Generating VHDL RTL for ecg_denoiser.
INFO: [VLOG 209-307] Generating Verilog RTL for ecg_denoiser.
INFO: [HLS 200-790] **** Loop Constraint Status: All loop constraints were satisfied.
INFO: [HLS 200-789] **** Estimated Fmax: 109.24 MHz
INFO: [HLS 200-111] Finished Command csynth_design CPU user time: 291 seconds. CPU system time: 14 seconds. Elapsed time: 511.694 seconds; current allocated memory: 434.688 MB.
INFO: [HLS 200-112] Total CPU user time: 293 seconds. Total CPU system time: 15 seconds. Total elapsed time: 529.414 seconds; peak allocated memory: 545.145 MB.
==============================================================
Vitis HLS - High-Level Synthesis from C, C++ and OpenCL v2022.2 (64-bit)
Tool Version Limit: 2019.12
Copyright 1986-2022 Xilinx, Inc. All Rights Reserved.
==============================================================
INFO: [SYN 201-201] Setting up clock 'default' with a period of 13ns.
INFO: [HLS 200-1611] Setting target device to 'xc7z030-sbg485-2'
INFO: [HLS 200-1505] Using flow_target 'vivado'
INFO: [HLS 200-1464] Running solution command: config_export -description {ECG Denoiser 1D-CNN}
INFO: [HLS 200-1464] Running solution command: config_export -display_name=ecg_denoiser
INFO: [HLS 200-1464] Running solution command: config_export -format=ip_catalog
INFO: [HLS 200-1464] Running solution command: config_export -library=ECG
INFO: [HLS 200-1464] Running solution command: config_export -output=C:/ecg_hls/ecg_denoiser_ip
INFO: [HLS 200-1464] Running solution command: config_export -rtl=verilog
INFO: [HLS 200-1464] Running solution command: config_export -vendor=MyOrg
INFO: [HLS 200-1464] Running solution command: config_export -version=1.0
INFO: [HLS 200-1510] Running: set_part xc7z030-sbg485-2 
INFO: [HLS 200-1510] Running: create_clock -period 13 -name default 
INFO: [HLS 200-1510] Running: config_export -description ECG Denoiser 1D-CNN -display_name ecg_denoiser -format ip_catalog -library ECG -output C:/ecg_hls/ecg_denoiser_ip -rtl verilog -vendor MyOrg -version 1.0 
INFO: [HLS 200-1510] Running: source ./ecg_denoiser_ip/solution1/directives.tcl
INFO: [HLS 200-1510] Running: set_directive_top -name ecg_denoiser ecg_denoiser 
INFO: [HLS 200-1510] Running: export_design -rtl verilog -format ip_catalog -output C:/ecg_hls/ecg_denoiser_ip 
INFO: [IMPL 213-8] Exporting RTL as a Vivado IP.
INFO: [HLS 200-802] Generated output file ecg_denoiser_ip/export.zip
INFO: [HLS 200-111] Finished Command export_design CPU user time: 1 seconds. CPU system time: 1 seconds. Elapsed time: 35.93 seconds; current allocated memory: 9.645 MB.
INFO: [HLS 200-112] Total CPU user time: 3 seconds. Total CPU system time: 2 seconds. Total elapsed time: 49.149 seconds; peak allocated memory: 114.867 MB.
==============================================================
Vitis HLS - High-Level Synthesis from C, C++ and OpenCL v2022.2 (64-bit)
Tool Version Limit: 2019.12
Copyright 1986-2022 Xilinx, Inc. All Rights Reserved.
==============================================================
INFO: [SYN 201-201] Setting up clock 'default' with a period of 13ns.
INFO: [HLS 200-1611] Setting target device to 'xc7z030-sbg485-2'
INFO: [HLS 200-1505] Using flow_target 'vivado'
INFO: [HLS 200-1464] Running solution command: config_export -description {ECG Denoiser 1D-CNN}
INFO: [HLS 200-1464] Running solution command: config_export -display_name=ecg_denoiser
INFO: [HLS 200-1464] Running solution command: config_export -format=ip_catalog
INFO: [HLS 200-1464] Running solution command: config_export -library=ECG
INFO: [HLS 200-1464] Running solution command: config_export -output=C:/ecg_hls/ecg_denoiser_ip
INFO: [HLS 200-1464] Running solution command: config_export -rtl=verilog
INFO: [HLS 200-1464] Running solution command: config_export -vendor=MyOrg
INFO: [HLS 200-1464] Running solution command: config_export -version=1.0
INFO: [HLS 200-1510] Running: set_part xc7z030-sbg485-2 
INFO: [HLS 200-1510] Running: create_clock -period 13 -name default 
INFO: [HLS 200-1510] Running: config_export -description ECG Denoiser 1D-CNN -display_name ecg_denoiser -format ip_catalog -library ECG -output C:/ecg_hls/ecg_denoiser_ip -rtl verilog -vendor MyOrg -version 1.0 
INFO: [HLS 200-1510] Running: source ./ecg_denoiser_ip/solution1/directives.tcl
INFO: [HLS 200-1510] Running: set_directive_top -name ecg_denoiser ecg_denoiser 
INFO: [HLS 200-1510] Running: csim_design -clean -quiet 
INFO: [SIM 211-2] *************** CSIM start ***************
INFO: [SIM 211-4] CSIM will launch GCC as the compiler.
INFO: [SIM 211-1] CSim done with 0 errors.
INFO: [SIM 211-3] *************** CSIM finish ***************
INFO: [HLS 200-111] Finished Command csim_design CPU user time: 0 seconds. CPU system time: 0 seconds. Elapsed time: 626.556 seconds; current allocated memory: 0.348 MB.
INFO: [HLS 200-112] Total CPU user time: 3 seconds. Total CPU system time: 1 seconds. Total elapsed time: 644.97 seconds; peak allocated memory: 110.934 MB.
==============================================================
Vitis HLS - High-Level Synthesis from C, C++ and OpenCL v2022.2 (64-bit)
Tool Version Limit: 2019.12
Copyright 1986-2022 Xilinx, Inc. All Rights Reserved.
==============================================================
INFO: [SYN 201-201] Setting up clock 'default' with a period of 13ns.
INFO: [HLS 200-1611] Setting target device to 'xc7z030-sbg485-2'
INFO: [HLS 200-1505] Using flow_target 'vivado'
INFO: [HLS 200-1464] Running solution command: config_export -description {ECG Denoiser 1D-CNN}
INFO: [HLS 200-1464] Running solution command: config_export -display_name=ecg_denoiser
INFO: [HLS 200-1464] Running solution command: config_export -format=ip_catalog
INFO: [HLS 200-1464] Running solution command: config_export -library=ECG
INFO: [HLS 200-1464] Running solution command: config_export -output=C:/ecg_hls/ecg_denoiser_ip
INFO: [HLS 200-1464] Running solution command: config_export -rtl=verilog
INFO: [HLS 200-1464] Running solution command: config_export -vendor=MyOrg
INFO: [HLS 200-1464] Running solution command: config_export -version=1.0
INFO: [HLS 200-1510] Running: set_part xc7z030-sbg485-2 
INFO: [HLS 200-1510] Running: create_clock -period 13 -name default 
INFO: [HLS 200-1510] Running: config_export -description ECG Denoiser 1D-CNN -display_name ecg_denoiser -format ip_catalog -library ECG -output C:/ecg_hls/ecg_denoiser_ip -rtl verilog -vendor MyOrg -version 1.0 
INFO: [HLS 200-1510] Running: source ./ecg_denoiser_ip/solution1/directives.tcl
INFO: [HLS 200-1510] Running: set_directive_top -name ecg_denoiser ecg_denoiser 
INFO: [HLS 200-1510] Running: csim_design -clean -quiet 
INFO: [SIM 211-2] *************** CSIM start ***************
INFO: [SIM 211-4] CSIM will launch GCC as the compiler.
INFO: [SIM 211-1] CSim done with 0 errors.
INFO: [SIM 211-3] *************** CSIM finish ***************
INFO: [HLS 200-111] Finished Command csim_design CPU user time: 0 seconds. CPU system time: 1 seconds. Elapsed time: 780.08 seconds; current allocated memory: 0.691 MB.
INFO: [HLS 200-112] Total CPU user time: 3 seconds. Total CPU system time: 3 seconds. Total elapsed time: 800.363 seconds; peak allocated memory: 115.047 MB.
